hq_index,real_image,celeba_image,identity,normalized
23820,23820.jpg,028858.jpg,Aamir_Khan,aamir_khan
20275,20275.jpg,002486.jpg,Aamir_Khan,aamir_khan
27587,27587.jpg,153000.jpg,Aamir_Khan,aamir_khan
23951,23951.jpg,074701.jpg,Aamir_Khan,aamir_khan
20126,20126.jpg,158625.jpg,Aaron_Rodgers,aaron_rodgers
1536,1536.jpg,011022.jpg,Aaron_Staton,aaron_staton
24210,24210.jpg,036240.jpg,Aaron_Staton,aaron_staton
16047,16047.jpg,154178.jpg,Aaron_Staton,aaron_staton
15160,15160.jpg,069675.jpg,Aaron_Staton,aaron_staton
5778,5778.jpg,018539.jpg,Aaron_Staton,aaron_staton
26471,26471.jpg,122037.jpg,Aaron_Staton,aaron_staton
27391,27391.jpg,005330.jpg,Aaron_Staton,aaron_staton
13854,13854.jpg,087818.jpg,Aaron_Staton,aaron_staton
27116,27116.jpg,075517.jpg,Aaron_Staton,aaron_staton
13038,13038.jpg,154793.jpg,Aaron_Taylor-Johnson,aaron_taylor_johnson
14026,14026.jpg,147449.jpg,Aaron_Taylor-Johnson,aaron_taylor_johnson
18884,18884.jpg,020549.jpg,Aaron_Taylor-Johnson,aaron_taylor_johnson
29297,29297.jpg,076966.jpg,Aaron_Taylor-Johnson,aaron_taylor_johnson
14991,14991.jpg,025925.jpg,Aaron_Taylor-Johnson,aaron_taylor_johnson
12325,12325.jpg,001677.jpg,Aaron_Taylor-Johnson,aaron_taylor_johnson
22028,22028.jpg,148959.jpg,Aaron_Taylor-Johnson,aaron_taylor_johnson
3929,3929.jpg,122837.jpg,Aaron_Taylor-Johnson,aaron_taylor_johnson
9090,9090.jpg,115672.jpg,Aaron_Taylor-Johnson,aaron_taylor_johnson
21994,21994.jpg,006085.jpg,Aaron_Taylor-Johnson,aaron_taylor_johnson
8725,8725.jpg,147229.jpg,Aaron_Taylor-Johnson,aaron_taylor_johnson
27511,27511.jpg,147379.jpg,Aaron_Taylor-Johnson,aaron_taylor_johnson
21507,21507.jpg,030669.jpg,Aaron_Taylor-Johnson,aaron_taylor_johnson
28545,28545.jpg,065422.jpg,Aaron_Taylor-Johnson,aaron_taylor_johnson
7401,7401.jpg,023894.jpg,Aaron_Taylor-Johnson,aaron_taylor_johnson
5714,5714.jpg,000481.jpg,Aaron_Taylor-Johnson,aaron_taylor_johnson
26343,26343.jpg,119032.jpg,Aaron_Taylor-Johnson,aaron_taylor_johnson
29640,29640.jpg,121866.jpg,Abhishek_Bachchan,abhishek_bachchan
4455,4455.jpg,042807.jpg,Abhishek_Bachchan,abhishek_bachchan
9766,9766.jpg,013210.jpg,Abhishek_Bachchan,abhishek_bachchan
28731,28731.jpg,048280.jpg,Abhishek_Bachchan,abhishek_bachchan
11054,11054.jpg,009309.jpg,Abhishek_Bachchan,abhishek_bachchan
4089,4089.jpg,128161.jpg,Abhishek_Bachchan,abhishek_bachchan
13013,13013.jpg,012584.jpg,Abhishek_Bachchan,abhishek_bachchan
358,358.jpg,128822.jpg,Abigail_Spencer,abigail_spencer
1396,1396.jpg,079209.jpg,Abigail_Spencer,abigail_spencer
8574,8574.jpg,029417.jpg,Abigail_Spencer,abigail_spencer
7656,7656.jpg,113108.jpg,Abigail_Spencer,abigail_spencer
27335,27335.jpg,058196.jpg,Abigail_Spencer,abigail_spencer
7706,7706.jpg,041240.jpg,Abigail_Spencer,abigail_spencer
2757,2757.jpg,129018.jpg,Abigail_Spencer,abigail_spencer
1454,1454.jpg,061052.jpg,Abigail_Spencer,abigail_spencer
3933,3933.jpg,052277.jpg,Abigail_Spencer,abigail_spencer
26994,26994.jpg,131569.jpg,Abigail_Spencer,abigail_spencer
9999,9999.jpg,082354.jpg,Abigail_Spencer,abigail_spencer
1697,1697.jpg,159973.jpg,Abigail_Spencer,abigail_spencer
21146,21146.jpg,048247.jpg,Abigail_Spencer,abigail_spencer
29275,29275.jpg,066165.jpg,Abigail_Spencer,abigail_spencer
11850,11850.jpg,108708.jpg,Adam_Brody,adam_brody
22941,22941.jpg,102100.jpg,Adam_Lambert,adam_lambert
10152,10152.jpg,069677.jpg,Adam_Rodriguez,adam_rodriguez
15996,15996.jpg,124256.jpg,Adam_Rodriguez,adam_rodriguez
9301,9301.jpg,019298.jpg,Adam_Rodriguez,adam_rodriguez
29446,29446.jpg,011141.jpg,Adam_Rodriguez,adam_rodriguez
14131,14131.jpg,039967.jpg,Adam_Rodriguez,adam_rodriguez
5192,5192.jpg,030250.jpg,Adam_Rodriguez,adam_rodriguez
10807,10807.jpg,013091.jpg,Adam_Rodriguez,adam_rodriguez
25605,25605.jpg,103701.jpg,Adam_Rodriguez,adam_rodriguez
23620,23620.jpg,074709.jpg,Adam_Rodriguez,adam_rodriguez
6546,6546.jpg,095961.jpg,Adam_Rodriguez,adam_rodriguez
981,981.jpg,096104.jpg,Adam_Rodriguez,adam_rodriguez
11811,11811.jpg,109283.jpg,Adam_Rodriguez,adam_rodriguez
15405,15405.jpg,136171.jpg,Adam_Rodriguez,adam_rodriguez
19973,19973.jpg,120628.jpg,Adam_Rodriguez,adam_rodriguez
11985,11985.jpg,020728.jpg,Adam_Rodriguez,adam_rodriguez
14385,14385.jpg,041523.jpg,Adam_Rodriguez,adam_rodriguez
29644,29644.jpg,152309.jpg,Adewale_Akinnuoye_Agbaje,adewale_akinnuoye_agbaje
18658,18658.jpg,030300.jpg,Adewale_Akinnuoye_Agbaje,adewale_akinnuoye_agbaje
21892,21892.jpg,152661.jpg,Adewale_Akinnuoye_Agbaje,adewale_akinnuoye_agbaje
27633,27633.jpg,023463.jpg,Adewale_Akinnuoye_Agbaje,adewale_akinnuoye_agbaje
19064,19064.jpg,107551.jpg,Adewale_Akinnuoye_Agbaje,adewale_akinnuoye_agbaje
18664,18664.jpg,130995.jpg,Adewale_Akinnuoye_Agbaje,adewale_akinnuoye_agbaje
25484,25484.jpg,078642.jpg,Adewale_Akinnuoye_Agbaje,adewale_akinnuoye_agbaje
13932,13932.jpg,089529.jpg,Adewale_Akinnuoye_Agbaje,adewale_akinnuoye_agbaje
16629,16629.jpg,080194.jpg,Adewale_Akinnuoye_Agbaje,adewale_akinnuoye_agbaje
22011,22011.jpg,145783.jpg,Adrian_Pasdar,adrian_pasdar
18274,18274.jpg,017635.jpg,Adrian_Pasdar,adrian_pasdar
22522,22522.jpg,047053.jpg,Adrian_Pasdar,adrian_pasdar
17797,17797.jpg,118741.jpg,Adrian_Pasdar,adrian_pasdar
25030,25030.jpg,066619.jpg,Adrian_Pasdar,adrian_pasdar
1222,1222.jpg,124670.jpg,Adrian_Pasdar,adrian_pasdar
29077,29077.jpg,124505.jpg,Adrian_Pasdar,adrian_pasdar
19913,19913.jpg,030021.jpg,Adrian_Pasdar,adrian_pasdar
27376,27376.jpg,106750.jpg,Adrian_Pasdar,adrian_pasdar
28060,28060.jpg,156498.jpg,Adrian_Pasdar,adrian_pasdar
19288,19288.jpg,154563.jpg,Adrian_Pasdar,adrian_pasdar
12070,12070.jpg,031013.jpg,Adrian_Pasdar,adrian_pasdar
1946,1946.jpg,041648.jpg,Adrian_Pasdar,adrian_pasdar
16755,16755.jpg,101612.jpg,Adrian_Pasdar,adrian_pasdar
24525,24525.jpg,092232.jpg,Adrian_Pasdar,adrian_pasdar
1847,1847.jpg,120680.jpg,Adrienne_Barbeau,adrienne_barbeau
15693,15693.jpg,093724.jpg,Adrienne_Barbeau,adrienne_barbeau
10464,10464.jpg,130678.jpg,Adrienne_Barbeau,adrienne_barbeau
12743,12743.jpg,041180.jpg,Adrienne_Barbeau,adrienne_barbeau
11738,11738.jpg,160045.jpg,Adrienne_Barbeau,adrienne_barbeau
25867,25867.jpg,030162.jpg,Adrienne_Barbeau,adrienne_barbeau
29231,29231.jpg,142409.jpg,Adrienne_Barbeau,adrienne_barbeau
20153,20153.jpg,069001.jpg,Adrienne_Barbeau,adrienne_barbeau
112,112.jpg,166409.jpg,Agnetha_Faltskog,agnetha_faltskog
3113,3113.jpg,180808.jpg,Agnetha_Faltskog,agnetha_faltskog
3812,3812.jpg,174525.jpg,Agnetha_Faltskog,agnetha_faltskog
8526,8526.jpg,163094.jpg,Agnetha_Faltskog,agnetha_faltskog
3728,3728.jpg,178811.jpg,Agnetha_Faltskog,agnetha_faltskog
9988,9988.jpg,181053.jpg,Agnetha_Faltskog,agnetha_faltskog
16223,16223.jpg,170169.jpg,Agnetha_Faltskog,agnetha_faltskog
24041,24041.jpg,169010.jpg,Agnetha_Faltskog,agnetha_faltskog
4577,4577.jpg,178625.jpg,Agnetha_Faltskog,agnetha_faltskog
145,145.jpg,173532.jpg,Agnetha_Faltskog,agnetha_faltskog
28969,28969.jpg,174753.jpg,Agnetha_Faltskog,agnetha_faltskog
6297,6297.jpg,172375.jpg,Agnetha_Faltskog,agnetha_faltskog
12669,12669.jpg,180563.jpg,Agnetha_Faltskog,agnetha_faltskog
7755,7755.jpg,168453.jpg,Agnetha_Faltskog,agnetha_faltskog
12392,12392.jpg,174186.jpg,Agnetha_Faltskog,agnetha_faltskog
7960,7960.jpg,095020.jpg,Aisleyne_Horgan-Wallace,aisleyne_horgan_wallace
1768,1768.jpg,008320.jpg,Aisleyne_Horgan-Wallace,aisleyne_horgan_wallace
23828,23828.jpg,075262.jpg,Aisleyne_Horgan-Wallace,aisleyne_horgan_wallace
17676,17676.jpg,135766.jpg,Aisleyne_Horgan-Wallace,aisleyne_horgan_wallace
8216,8216.jpg,001176.jpg,Aisleyne_Horgan-Wallace,aisleyne_horgan_wallace
8916,8916.jpg,075155.jpg,Aisleyne_Horgan-Wallace,aisleyne_horgan_wallace
17479,17479.jpg,092934.jpg,Aisleyne_Horgan-Wallace,aisleyne_horgan_wallace
2069,2069.jpg,129168.jpg,Aisleyne_Horgan-Wallace,aisleyne_horgan_wallace
1994,1994.jpg,156751.jpg,Aisleyne_Horgan-Wallace,aisleyne_horgan_wallace
20697,20697.jpg,031015.jpg,Aisleyne_Horgan-Wallace,aisleyne_horgan_wallace
16964,16964.jpg,163226.jpg,Akio_Toyoda,akio_toyoda
16052,16052.jpg,173364.jpg,Akio_Toyoda,akio_toyoda
12078,12078.jpg,179200.jpg,Akio_Toyoda,akio_toyoda
23657,23657.jpg,167891.jpg,Akio_Toyoda,akio_toyoda
7867,7867.jpg,027281.jpg,Aksel_Lund_Svindal,aksel_lund_svindal
12243,12243.jpg,100607.jpg,Aksel_Lund_Svindal,aksel_lund_svindal
14911,14911.jpg,045261.jpg,Aksel_Lund_Svindal,aksel_lund_svindal
22422,22422.jpg,124980.jpg,Aksel_Lund_Svindal,aksel_lund_svindal
22390,22390.jpg,137376.jpg,Aksel_Lund_Svindal,aksel_lund_svindal
2833,2833.jpg,138536.jpg,Aksel_Lund_Svindal,aksel_lund_svindal
5389,5389.jpg,105634.jpg,Al_Green,al_green
667,667.jpg,038547.jpg,Al_Green,al_green
4159,4159.jpg,053945.jpg,Al_Green,al_green
24255,24255.jpg,127940.jpg,Al_Green,al_green
13551,13551.jpg,132472.jpg,Al_Green,al_green
26718,26718.jpg,057300.jpg,Al_Green,al_green
11617,11617.jpg,015989.jpg,Al_Green,al_green
19790,19790.jpg,178580.jpg,Al_Roker,al_roker
19908,19908.jpg,168725.jpg,Al_Roker,al_roker
25843,25843.jpg,169782.jpg,Al_Roker,al_roker
19002,19002.jpg,036464.jpg,Alan_Alda,alan_alda
23906,23906.jpg,095141.jpg,Alan_Alda,alan_alda
20116,20116.jpg,106396.jpg,Alan_Alda,alan_alda
28194,28194.jpg,097127.jpg,Alan_Alda,alan_alda
4355,4355.jpg,132571.jpg,Alan_Thicke,alan_thicke
25187,25187.jpg,071086.jpg,Alan_Thicke,alan_thicke
24651,24651.jpg,051898.jpg,Alan_Thicke,alan_thicke
24426,24426.jpg,028118.jpg,Alan_Thicke,alan_thicke
10923,10923.jpg,143048.jpg,Alan_Thicke,alan_thicke
23060,23060.jpg,148701.jpg,Alan_Thicke,alan_thicke
26174,26174.jpg,119139.jpg,Alan_Thicke,alan_thicke
15950,15950.jpg,042447.jpg,Alan_Thicke,alan_thicke
6541,6541.jpg,038722.jpg,Alana_De_La_Garza,alana_de_la_garza
1685,1685.jpg,111773.jpg,Alana_De_La_Garza,alana_de_la_garza
825,825.jpg,080870.jpg,Alana_De_La_Garza,alana_de_la_garza
305,305.jpg,090935.jpg,Alana_De_La_Garza,alana_de_la_garza
8483,8483.jpg,130048.jpg,Alana_De_La_Garza,alana_de_la_garza
4487,4487.jpg,127698.jpg,Alana_De_La_Garza,alana_de_la_garza
1905,1905.jpg,078147.jpg,Alana_De_La_Garza,alana_de_la_garza
14703,14703.jpg,093782.jpg,Alana_De_La_Garza,alana_de_la_garza
29827,29827.jpg,080292.jpg,Alana_De_La_Garza,alana_de_la_garza
10022,10022.jpg,065070.jpg,Alana_De_La_Garza,alana_de_la_garza
3698,3698.jpg,152184.jpg,Alana_De_La_Garza,alana_de_la_garza
24919,24919.jpg,009140.jpg,Alana_De_La_Garza,alana_de_la_garza
22051,22051.jpg,043717.jpg,Alana_De_La_Garza,alana_de_la_garza
17233,17233.jpg,160256.jpg,Alana_De_La_Garza,alana_de_la_garza
1035,1035.jpg,144861.jpg,Alana_De_La_Garza,alana_de_la_garza
1762,1762.jpg,097125.jpg,Alana_De_La_Garza,alana_de_la_garza
1754,1754.jpg,050299.jpg,Alana_De_La_Garza,alana_de_la_garza
14986,14986.jpg,094445.jpg,Alana_De_La_Garza,alana_de_la_garza
3375,3375.jpg,134914.jpg,Alana_De_La_Garza,alana_de_la_garza
6197,6197.jpg,027607.jpg,Alena_Shishkova,alena_shishkova
29593,29593.jpg,137821.jpg,Alena_Shishkova,alena_shishkova
27567,27567.jpg,024466.jpg,Alena_Shishkova,alena_shishkova
7325,7325.jpg,015067.jpg,Alena_Shishkova,alena_shishkova
25256,25256.jpg,011240.jpg,Alena_Shishkova,alena_shishkova
27032,27032.jpg,045178.jpg,Alena_Shishkova,alena_shishkova
28869,28869.jpg,148340.jpg,Alena_Shishkova,alena_shishkova
14573,14573.jpg,147157.jpg,Alena_Shishkova,alena_shishkova
22352,22352.jpg,122731.jpg,Alena_Shishkova,alena_shishkova
20742,20742.jpg,176053.jpg,Alessandra_Ambrosio,alessandra_ambrosio
24342,24342.jpg,168952.jpg,Alessandra_Ambrosio,alessandra_ambrosio
26438,26438.jpg,165357.jpg,Alessandra_Ambrosio,alessandra_ambrosio
25532,25532.jpg,171860.jpg,Alessandra_Ambrosio,alessandra_ambrosio
28769,28769.jpg,182347.jpg,Alessandra_Ambrosio,alessandra_ambrosio
20272,20272.jpg,141862.jpg,Alessandro_Del_Piero,alessandro_del_piero
21517,21517.jpg,017029.jpg,Alessandro_Del_Piero,alessandro_del_piero
2469,2469.jpg,129682.jpg,Alex_Meraz,alex_meraz
25635,25635.jpg,048177.jpg,Alex_Meraz,alex_meraz
24463,24463.jpg,108120.jpg,Alex_Meraz,alex_meraz
10515,10515.jpg,160611.jpg,Alex_Meraz,alex_meraz
3942,3942.jpg,135473.jpg,Alex_Meraz,alex_meraz
17899,17899.jpg,074688.jpg,Alex_Meraz,alex_meraz
28343,28343.jpg,152846.jpg,Alex_Meraz,alex_meraz
1740,1740.jpg,029354.jpg,Alex_Meraz,alex_meraz
27337,27337.jpg,045729.jpg,Alex_Meraz,alex_meraz
19238,19238.jpg,117616.jpg,Alex_Trebek,alex_trebek
21387,21387.jpg,116544.jpg,Alex_Trebek,alex_trebek
10599,10599.jpg,088510.jpg,Alex_Trebek,alex_trebek
23039,23039.jpg,077881.jpg,Alex_Trebek,alex_trebek
24839,24839.jpg,141249.jpg,Alex_Trebek,alex_trebek
15983,15983.jpg,011721.jpg,Alex_Trebek,alex_trebek
18130,18130.jpg,177977.jpg,Alex_Turner,alex_turner
114,114.jpg,033205.jpg,Alexandra_Burke,alexandra_burke
23315,23315.jpg,091641.jpg,Alexandra_Burke,alexandra_burke
222,222.jpg,143003.jpg,Alexandra_Burke,alexandra_burke
14752,14752.jpg,120714.jpg,Alexandra_Burke,alexandra_burke
9718,9718.jpg,025408.jpg,Alexandra_Burke,alexandra_burke
28001,28001.jpg,045950.jpg,Alexandra_Burke,alexandra_burke
887,887.jpg,058626.jpg,Alexandra_Burke,alexandra_burke
17425,17425.jpg,138929.jpg,Alexandra_Burke,alexandra_burke
3304,3304.jpg,105040.jpg,Alexandra_Burke,alexandra_burke
25959,25959.jpg,095960.jpg,Alexandra_Burke,alexandra_burke
26259,26259.jpg,054862.jpg,Alexandra_Burke,alexandra_burke
736,736.jpg,056947.jpg,Alexandra_Burke,alexandra_burke
6878,6878.jpg,160372.jpg,Alexandra_Burke,alexandra_burke
6035,6035.jpg,045638.jpg,Alexandra_Burke,alexandra_burke
7044,7044.jpg,098285.jpg,Alexandra_Burke,alexandra_burke
16395,16395.jpg,010866.jpg,Alexandra_Burke,alexandra_burke
1486,1486.jpg,169288.jpg,Alexandra_Paul,alexandra_paul
14325,14325.jpg,176587.jpg,Alexandra_Paul,alexandra_paul
21519,21519.jpg,178234.jpg,Alexandra_Paul,alexandra_paul
17786,17786.jpg,178838.jpg,Alexandra_Paul,alexandra_paul
20993,20993.jpg,174352.jpg,Alexandra_Paul,alexandra_paul
26345,26345.jpg,180672.jpg,Alexandra_Paul,alexandra_paul
4683,4683.jpg,171243.jpg,Alexandra_Paul,alexandra_paul
15432,15432.jpg,176273.jpg,Alexandra_Paul,alexandra_paul
11110,11110.jpg,168310.jpg,Alexandra_Paul,alexandra_paul
15850,15850.jpg,179768.jpg,Alexandra_Paul,alexandra_paul
25934,25934.jpg,166419.jpg,Alexandra_Paul,alexandra_paul
3080,3080.jpg,168111.jpg,Alexandra_Paul,alexandra_paul
2482,2482.jpg,169811.jpg,Alexandra_Paul,alexandra_paul
15532,15532.jpg,013579.jpg,Alfred_Molina,alfred_molina
28585,28585.jpg,067304.jpg,Alfred_Molina,alfred_molina
16799,16799.jpg,111468.jpg,Alia_Bhatt,alia_bhatt
22606,22606.jpg,069867.jpg,Alia_Bhatt,alia_bhatt
10180,10180.jpg,118623.jpg,Alia_Bhatt,alia_bhatt
27362,27362.jpg,094370.jpg,Alia_Bhatt,alia_bhatt
4331,4331.jpg,075743.jpg,Alice_Eve,alice_eve
19128,19128.jpg,013108.jpg,Alice_Eve,alice_eve
11324,11324.jpg,037670.jpg,Alice_Eve,alice_eve
14990,14990.jpg,082892.jpg,Alice_Eve,alice_eve
8790,8790.jpg,013688.jpg,Alice_Eve,alice_eve
1637,1637.jpg,071229.jpg,Alice_Eve,alice_eve
7123,7123.jpg,024316.jpg,Alice_Eve,alice_eve
3053,3053.jpg,090941.jpg,Alice_Eve,alice_eve
7082,7082.jpg,031966.jpg,Alice_Eve,alice_eve
3137,3137.jpg,008498.jpg,Alice_Eve,alice_eve
956,956.jpg,090462.jpg,Alice_Eve,alice_eve
1633,1633.jpg,102631.jpg,Alice_Eve,alice_eve
5635,5635.jpg,038652.jpg,Alice_Eve,alice_eve
3951,3951.jpg,153002.jpg,Alice_Eve,alice_eve
3913,3913.jpg,071922.jpg,Alice_Eve,alice_eve
29583,29583.jpg,115804.jpg,Alice_Eve,alice_eve
14444,14444.jpg,002653.jpg,Alice_Taglioni,alice_taglioni
26037,26037.jpg,141198.jpg,Alice_Taglioni,alice_taglioni
21800,21800.jpg,007610.jpg,Alice_Taglioni,alice_taglioni
12417,12417.jpg,010109.jpg,Alice_Taglioni,alice_taglioni
29979,29979.jpg,155983.jpg,Alice_Taglioni,alice_taglioni
16462,16462.jpg,015192.jpg,Alice_Taglioni,alice_taglioni
6021,6021.jpg,129399.jpg,Alice_Taglioni,alice_taglioni
21649,21649.jpg,041220.jpg,Alice_Taglioni,alice_taglioni
9727,9727.jpg,077472.jpg,Alice_Taglioni,alice_taglioni
20521,20521.jpg,131324.jpg,Alice_Taglioni,alice_taglioni
29923,29923.jpg,111246.jpg,Allen_Leech,allen_leech
23946,23946.jpg,093721.jpg,Allie_DiMeco,allie_dimeco
10169,10169.jpg,116996.jpg,Allie_DiMeco,allie_dimeco
21553,21553.jpg,022320.jpg,Allie_DiMeco,allie_dimeco
20172,20172.jpg,113745.jpg,Allie_DiMeco,allie_dimeco
11020,11020.jpg,051247.jpg,Allie_DiMeco,allie_dimeco
6024,6024.jpg,029361.jpg,Allie_DiMeco,allie_dimeco
26962,26962.jpg,098756.jpg,Allie_DiMeco,allie_dimeco
3499,3499.jpg,174576.jpg,Allison_Iraheta,allison_iraheta
1230,1230.jpg,174628.jpg,Allison_Iraheta,allison_iraheta
15596,15596.jpg,179554.jpg,Allison_Iraheta,allison_iraheta
12396,12396.jpg,177692.jpg,Allison_Iraheta,allison_iraheta
19050,19050.jpg,180378.jpg,Allison_Iraheta,allison_iraheta
27568,27568.jpg,153765.jpg,Amanda_Peet,amanda_peet
11310,11310.jpg,165492.jpg,Amanda_Redman,amanda_redman
11795,11795.jpg,176644.jpg,Amanda_Redman,amanda_redman
9084,9084.jpg,170716.jpg,Amanda_Redman,amanda_redman
2219,2219.jpg,181198.jpg,Amanda_Redman,amanda_redman
13578,13578.jpg,054421.jpg,Amanda_Righetti,amanda_righetti
12431,12431.jpg,040109.jpg,Amanda_Righetti,amanda_righetti
1769,1769.jpg,127334.jpg,Amanda_Righetti,amanda_righetti
1559,1559.jpg,053965.jpg,Amanda_Righetti,amanda_righetti
1877,1877.jpg,076192.jpg,Amanda_Righetti,amanda_righetti
3626,3626.jpg,085838.jpg,Amanda_Righetti,amanda_righetti
7871,7871.jpg,020292.jpg,Amanda_Righetti,amanda_righetti
7152,7152.jpg,020771.jpg,Amanda_Righetti,amanda_righetti
6738,6738.jpg,154261.jpg,Amanda_Righetti,amanda_righetti
3796,3796.jpg,043720.jpg,Amanda_Righetti,amanda_righetti
26712,26712.jpg,063546.jpg,Amanda_Righetti,amanda_righetti
5425,5425.jpg,134804.jpg,Amanda_Righetti,amanda_righetti
4685,4685.jpg,091029.jpg,Amanda_Righetti,amanda_righetti
6560,6560.jpg,026618.jpg,Amanda_Righetti,amanda_righetti
5054,5054.jpg,087423.jpg,Amanda_Righetti,amanda_righetti
1457,1457.jpg,042137.jpg,Amanda_Righetti,amanda_righetti
2721,2721.jpg,139068.jpg,Amanda_Righetti,amanda_righetti
5030,5030.jpg,015248.jpg,Amanda_Righetti,amanda_righetti
15125,15125.jpg,021796.jpg,Amanda_Righetti,amanda_righetti
5904,5904.jpg,082939.jpg,Amanda_Righetti,amanda_righetti
9481,9481.jpg,090186.jpg,Amanda_Righetti,amanda_righetti
739,739.jpg,136519.jpg,Amanda_Righetti,amanda_righetti
6472,6472.jpg,135340.jpg,Amanda_Righetti,amanda_righetti
22683,22683.jpg,134244.jpg,Amanda_Seyfried,amanda_seyfried
24758,24758.jpg,000699.jpg,Amanda_Seyfried,amanda_seyfried
23255,23255.jpg,084862.jpg,Amanda_Seyfried,amanda_seyfried
22040,22040.jpg,094510.jpg,Amanda_Seyfried,amanda_seyfried
26841,26841.jpg,050375.jpg,Amanda_Seyfried,amanda_seyfried
19642,19642.jpg,157949.jpg,Amanda_Seyfried,amanda_seyfried
18107,18107.jpg,162133.jpg,Amanda_Tapping,amanda_tapping
9611,9611.jpg,000721.jpg,Amanda_Tapping,amanda_tapping
20755,20755.jpg,075809.jpg,Amanda_Tapping,amanda_tapping
26521,26521.jpg,124307.jpg,Amanda_Tapping,amanda_tapping
6195,6195.jpg,095063.jpg,Amanda_Tapping,amanda_tapping
9455,9455.jpg,110647.jpg,Amanda_Tapping,amanda_tapping
727,727.jpg,076241.jpg,Amanda_Tapping,amanda_tapping
13540,13540.jpg,114380.jpg,Amanda_Tapping,amanda_tapping
6245,6245.jpg,141372.jpg,Amanda_Tapping,amanda_tapping
7818,7818.jpg,129534.jpg,Amanda_Tapping,amanda_tapping
7795,7795.jpg,111687.jpg,Amanda_Tapping,amanda_tapping
10677,10677.jpg,035330.jpg,Amanda_Tapping,amanda_tapping
25155,25155.jpg,066880.jpg,Amanda_Tapping,amanda_tapping
19113,19113.jpg,067877.jpg,Amanda_Tapping,amanda_tapping
4512,4512.jpg,026350.jpg,Amanda_Tapping,amanda_tapping
26861,26861.jpg,126760.jpg,Amanda_Tapping,amanda_tapping
6432,6432.jpg,049813.jpg,Amanda_Tapping,amanda_tapping
4046,4046.jpg,087206.jpg,Amy_Acker,amy_acker
18512,18512.jpg,109408.jpg,Amy_Acker,amy_acker
24968,24968.jpg,077826.jpg,Amy_Acker,amy_acker
7304,7304.jpg,091852.jpg,Amy_Acker,amy_acker
26276,26276.jpg,109359.jpg,Amy_Acker,amy_acker
26001,26001.jpg,123987.jpg,Amy_Acker,amy_acker
5685,5685.jpg,031131.jpg,Amy_Acker,amy_acker
357,357.jpg,043962.jpg,Amy_Acker,amy_acker
5581,5581.jpg,088233.jpg,Amy_Acker,amy_acker
14867,14867.jpg,111270.jpg,Amy_Acker,amy_acker
5658,5658.jpg,038232.jpg,Amy_Acker,amy_acker
5208,5208.jpg,056487.jpg,Amy_Acker,amy_acker
8433,8433.jpg,059364.jpg,Amy_Acker,amy_acker
4403,4403.jpg,133326.jpg,Amy_Acker,amy_acker
4769,4769.jpg,137901.jpg,Amy_Acker,amy_acker
11801,11801.jpg,089794.jpg,Amy_Acker,amy_acker
10673,10673.jpg,064956.jpg,Amy_Acker,amy_acker
1701,1701.jpg,037592.jpg,Amy_Jo_Johnson,amy_jo_johnson
10030,10030.jpg,122447.jpg,Amy_Jo_Johnson,amy_jo_johnson
405,405.jpg,082945.jpg,Amy_Jo_Johnson,amy_jo_johnson
15271,15271.jpg,049421.jpg,Amy_Jo_Johnson,amy_jo_johnson
13496,13496.jpg,043373.jpg,Amy_Jo_Johnson,amy_jo_johnson
1372,1372.jpg,101580.jpg,Amy_Lee,amy_lee
13188,13188.jpg,049686.jpg,Amy_Lee,amy_lee
8260,8260.jpg,094414.jpg,Amy_Lee,amy_lee
3353,3353.jpg,062688.jpg,Amy_Lee,amy_lee
26851,26851.jpg,097370.jpg,Amy_Lee,amy_lee
15338,15338.jpg,011663.jpg,Amy_Lee,amy_lee
10771,10771.jpg,067590.jpg,Amy_Lee,amy_lee
18680,18680.jpg,081214.jpg,Amy_Lee,amy_lee
8612,8612.jpg,147155.jpg,Amy_Lee,amy_lee
14064,14064.jpg,079912.jpg,Amy_Lee,amy_lee
12053,12053.jpg,132671.jpg,Amy_Lee,amy_lee
7722,7722.jpg,043025.jpg,Amy_Lee,amy_lee
7086,7086.jpg,118382.jpg,Amy_Lee,amy_lee
17172,17172.jpg,080591.jpg,Amy_Lee,amy_lee
5290,5290.jpg,014420.jpg,Amy_Lee,amy_lee
11184,11184.jpg,091665.jpg,Amy_Lee,amy_lee
7490,7490.jpg,090991.jpg,Amy_Lee,amy_lee
8950,8950.jpg,072614.jpg,Amy_Lee,amy_lee
552,552.jpg,047469.jpg,Amy_Lee,amy_lee
26461,26461.jpg,131461.jpg,Amy_Lee,amy_lee
13172,13172.jpg,049635.jpg,Amy_Macdonald,amy_macdonald
578,578.jpg,026562.jpg,Amy_Macdonald,amy_macdonald
3126,3126.jpg,071896.jpg,Amy_Macdonald,amy_macdonald
7757,7757.jpg,012740.jpg,Amy_Macdonald,amy_macdonald
1344,1344.jpg,122879.jpg,Amy_Macdonald,amy_macdonald
5079,5079.jpg,162641.jpg,Amy_Macdonald,amy_macdonald
15888,15888.jpg,080955.jpg,Amy_Macdonald,amy_macdonald
27416,27416.jpg,114923.jpg,Amy_Macdonald,amy_macdonald
4869,4869.jpg,091799.jpg,Amy_Macdonald,amy_macdonald
15690,15690.jpg,017331.jpg,Amy_Macdonald,amy_macdonald
21724,21724.jpg,089229.jpg,Amy_Macdonald,amy_macdonald
12740,12740.jpg,139223.jpg,Amy_Macdonald,amy_macdonald
17843,17843.jpg,015119.jpg,Ana_Johnsson,ana_johnsson
806,806.jpg,019464.jpg,Ana_Johnsson,ana_johnsson
3258,3258.jpg,009692.jpg,Ana_Johnsson,ana_johnsson
13186,13186.jpg,003949.jpg,Ana_Johnsson,ana_johnsson
12644,12644.jpg,181800.jpg,Andre_Balazs,andre_balazs
28257,28257.jpg,179939.jpg,Andre_Balazs,andre_balazs
24464,24464.jpg,173694.jpg,Andre_Balazs,andre_balazs
26370,26370.jpg,101518.jpg,Andre_Braugher,andre_braugher
17599,17599.jpg,123662.jpg,Andre_Braugher,andre_braugher
26910,26910.jpg,013689.jpg,Andre_Braugher,andre_braugher
10239,10239.jpg,133057.jpg,Andre_Braugher,andre_braugher
15132,15132.jpg,005734.jpg,Andre_Braugher,andre_braugher
15663,15663.jpg,118277.jpg,Andre_Braugher,andre_braugher
26221,26221.jpg,022163.jpg,Andre_Braugher,andre_braugher
27086,27086.jpg,078984.jpg,Andres_Iniesta,andres_iniesta
28193,28193.jpg,139155.jpg,Andrew_McCarthy,andrew_mccarthy
4968,4968.jpg,029315.jpg,Andy_Taylor,andy_taylor
18558,18558.jpg,008587.jpg,Andy_Taylor,andy_taylor
22134,22134.jpg,153616.jpg,Andy_Tennant,andy_tennant
18997,18997.jpg,165272.jpg,Angela_Kinsey,angela_kinsey
11573,11573.jpg,167228.jpg,Angela_Kinsey,angela_kinsey
9380,9380.jpg,167817.jpg,Angela_Kinsey,angela_kinsey
9655,9655.jpg,165405.jpg,Angela_Kinsey,angela_kinsey
7390,7390.jpg,168997.jpg,Angela_Kinsey,angela_kinsey
10914,10914.jpg,166459.jpg,Angela_Kinsey,angela_kinsey
20426,20426.jpg,173114.jpg,Angela_Kinsey,angela_kinsey
12577,12577.jpg,169463.jpg,Angela_Kinsey,angela_kinsey
9747,9747.jpg,176722.jpg,Angela_Kinsey,angela_kinsey
7042,7042.jpg,171005.jpg,Angela_Kinsey,angela_kinsey
9872,9872.jpg,179559.jpg,Angela_Kinsey,angela_kinsey
24495,24495.jpg,172593.jpg,Angela_Kinsey,angela_kinsey
14624,14624.jpg,175306.jpg,Angela_Kinsey,angela_kinsey
23089,23089.jpg,179800.jpg,Angela_Kinsey,angela_kinsey
4511,4511.jpg,175910.jpg,Angela_Kinsey,angela_kinsey
8877,8877.jpg,182294.jpg,Angela_Kinsey,angela_kinsey
9106,9106.jpg,181197.jpg,Angela_Kinsey,angela_kinsey
7875,7875.jpg,180320.jpg,Angela_Kinsey,angela_kinsey
23961,23961.jpg,010132.jpg,Anggun,anggun
17190,17190.jpg,103431.jpg,Anggun,anggun
10200,10200.jpg,091409.jpg,Anggun,anggun
16757,16757.jpg,137484.jpg,Anggun,anggun
13743,13743.jpg,062529.jpg,Anggun,anggun
9377,9377.jpg,109010.jpg,Anggun,anggun
24592,24592.jpg,021263.jpg,Anggun,anggun
21748,21748.jpg,034100.jpg,Anggun,anggun
5556,5556.jpg,126616.jpg,Ani_Difranco,ani_difranco
17783,17783.jpg,081624.jpg,Ani_Difranco,ani_difranco
4525,4525.jpg,050915.jpg,Ani_Difranco,ani_difranco
28044,28044.jpg,131216.jpg,Ani_Difranco,ani_difranco
26615,26615.jpg,121221.jpg,Ani_Difranco,ani_difranco
8388,8388.jpg,162901.jpg,Ani_Lorak,ani_lorak
6535,6535.jpg,170197.jpg,Ani_Lorak,ani_lorak
17468,17468.jpg,171079.jpg,Ani_Lorak,ani_lorak
12357,12357.jpg,169124.jpg,Ani_Lorak,ani_lorak
11712,11712.jpg,166543.jpg,Ani_Lorak,ani_lorak
8370,8370.jpg,172509.jpg,Ani_Lorak,ani_lorak
4904,4904.jpg,176595.jpg,Ani_Lorak,ani_lorak
14736,14736.jpg,165705.jpg,Ani_Lorak,ani_lorak
2367,2367.jpg,175660.jpg,Ani_Lorak,ani_lorak
261,261.jpg,022690.jpg,Anna_Popplewell,anna_popplewell
660,660.jpg,124466.jpg,Anna_Popplewell,anna_popplewell
4124,4124.jpg,045687.jpg,Anna_Popplewell,anna_popplewell
21802,21802.jpg,004690.jpg,Anna_Popplewell,anna_popplewell
2271,2271.jpg,132899.jpg,Anna_Popplewell,anna_popplewell
5152,5152.jpg,087592.jpg,Anna_Popplewell,anna_popplewell
12019,12019.jpg,071642.jpg,Anna_Popplewell,anna_popplewell
6429,6429.jpg,031667.jpg,Anna_Popplewell,anna_popplewell
454,454.jpg,157069.jpg,Anna_Popplewell,anna_popplewell
29399,29399.jpg,150237.jpg,Anna_Popplewell,anna_popplewell
20428,20428.jpg,133801.jpg,Anna_Popplewell,anna_popplewell
5787,5787.jpg,088871.jpg,Anna_Popplewell,anna_popplewell
17220,17220.jpg,021036.jpg,Anna_Popplewell,anna_popplewell
19533,19533.jpg,046325.jpg,Anna_Popplewell,anna_popplewell
15166,15166.jpg,074595.jpg,Anna_Popplewell,anna_popplewell
5958,5958.jpg,094364.jpg,Anna_Popplewell,anna_popplewell
2983,2983.jpg,154900.jpg,Anna_Popplewell,anna_popplewell
2523,2523.jpg,049681.jpg,Anna_Popplewell,anna_popplewell
6827,6827.jpg,103799.jpg,Anna_Popplewell,anna_popplewell
1182,1182.jpg,005843.jpg,Anna_Popplewell,anna_popplewell
29557,29557.jpg,156440.jpg,Anna_Popplewell,anna_popplewell
4498,4498.jpg,174762.jpg,Anna_Tsuchiya,anna_tsuchiya
8834,8834.jpg,172386.jpg,Anna_Tsuchiya,anna_tsuchiya
22274,22274.jpg,169683.jpg,Anna_Tsuchiya,anna_tsuchiya
25097,25097.jpg,169358.jpg,Anna_Tsuchiya,anna_tsuchiya
3307,3307.jpg,006701.jpg,Anna_Vissi,anna_vissi
9136,9136.jpg,094895.jpg,Anna_Vissi,anna_vissi
19012,19012.jpg,077735.jpg,Anna_Vissi,anna_vissi
12004,12004.jpg,106378.jpg,Anne_Murray,anne_murray
27652,27652.jpg,080718.jpg,Anne_Murray,anne_murray
22373,22373.jpg,086767.jpg,Anne_Murray,anne_murray
18699,18699.jpg,004665.jpg,Anne_Murray,anne_murray
13527,13527.jpg,181184.jpg,Anouk,anouk
3640,3640.jpg,170974.jpg,Anouk,anouk
24199,24199.jpg,179224.jpg,Anouk,anouk
24216,24216.jpg,145167.jpg,Anthony_Anderson,anthony_anderson
17873,17873.jpg,028472.jpg,Anthony_Anderson,anthony_anderson
15320,15320.jpg,058460.jpg,Anthony_Anderson,anthony_anderson
717,717.jpg,086774.jpg,Anthony_Callea,anthony_callea
9621,9621.jpg,108543.jpg,Anthony_Callea,anthony_callea
19733,19733.jpg,068070.jpg,Anthony_Delon,anthony_delon
7817,7817.jpg,027815.jpg,Anthony_Delon,anthony_delon
4444,4444.jpg,088367.jpg,Anthony_Delon,anthony_delon
7505,7505.jpg,145411.jpg,Anthony_Delon,anthony_delon
9186,9186.jpg,145863.jpg,Anthony_Delon,anthony_delon
17257,17257.jpg,114021.jpg,Anthony_Delon,anthony_delon
9137,9137.jpg,051680.jpg,Anthony_Delon,anthony_delon
12302,12302.jpg,011849.jpg,Anthony_Hamilton,anthony_hamilton
10118,10118.jpg,113072.jpg,Anthony_Hamilton,anthony_hamilton
29096,29096.jpg,007091.jpg,Anthony_Hamilton,anthony_hamilton
28708,28708.jpg,102423.jpg,Anthony_Hamilton,anthony_hamilton
2409,2409.jpg,100921.jpg,Anthony_Hamilton,anthony_hamilton
23542,23542.jpg,039047.jpg,Anthony_Mackie,anthony_mackie
23216,23216.jpg,130457.jpg,Antje_Traue,antje_traue
25104,25104.jpg,095611.jpg,Antje_Traue,antje_traue
15604,15604.jpg,047084.jpg,Antje_Traue,antje_traue
21639,21639.jpg,086517.jpg,Antje_Traue,antje_traue
2505,2505.jpg,019417.jpg,Antje_Traue,antje_traue
29164,29164.jpg,020993.jpg,Antje_Traue,antje_traue
25215,25215.jpg,111525.jpg,Antje_Traue,antje_traue
24415,24415.jpg,114777.jpg,Antje_Traue,antje_traue
9341,9341.jpg,089150.jpg,Antje_Traue,antje_traue
12082,12082.jpg,111022.jpg,April_Bowlby,april_bowlby
18823,18823.jpg,038110.jpg,April_Bowlby,april_bowlby
1079,1079.jpg,095124.jpg,April_Bowlby,april_bowlby
707,707.jpg,160085.jpg,April_Bowlby,april_bowlby
5005,5005.jpg,156389.jpg,April_Bowlby,april_bowlby
29263,29263.jpg,049880.jpg,April_Bowlby,april_bowlby
14117,14117.jpg,118130.jpg,April_Bowlby,april_bowlby
6098,6098.jpg,153806.jpg,April_Bowlby,april_bowlby
22859,22859.jpg,162580.jpg,April_Bowlby,april_bowlby
13545,13545.jpg,064324.jpg,Armie_Hammer,armie_hammer
21650,21650.jpg,059326.jpg,Armie_Hammer,armie_hammer
26838,26838.jpg,013072.jpg,Armie_Hammer,armie_hammer
15825,15825.jpg,125081.jpg,Armie_Hammer,armie_hammer
11907,11907.jpg,080297.jpg,Armie_Hammer,armie_hammer
5862,5862.jpg,022510.jpg,Armie_Hammer,armie_hammer
11180,11180.jpg,030178.jpg,Armie_Hammer,armie_hammer
24304,24304.jpg,127630.jpg,Armie_Hammer,armie_hammer
13079,13079.jpg,122589.jpg,Armie_Hammer,armie_hammer
10243,10243.jpg,150931.jpg,Armie_Hammer,armie_hammer
3182,3182.jpg,077877.jpg,Armie_Hammer,armie_hammer
10424,10424.jpg,022309.jpg,Armie_Hammer,armie_hammer
21743,21743.jpg,088275.jpg,Armie_Hammer,armie_hammer
3536,3536.jpg,098054.jpg,Armie_Hammer,armie_hammer
5932,5932.jpg,144410.jpg,Armie_Hammer,armie_hammer
11328,11328.jpg,102132.jpg,Armie_Hammer,armie_hammer
16206,16206.jpg,124223.jpg,Armie_Hammer,armie_hammer
10078,10078.jpg,074258.jpg,Armie_Hammer,armie_hammer
4103,4103.jpg,068627.jpg,Armie_Hammer,armie_hammer
4895,4895.jpg,071018.jpg,Armie_Hammer,armie_hammer
18531,18531.jpg,094807.jpg,Arsenio_Hall,arsenio_hall
13199,13199.jpg,136895.jpg,Arsenio_Hall,arsenio_hall
12300,12300.jpg,062368.jpg,Arsenio_Hall,arsenio_hall
17523,17523.jpg,148119.jpg,Arsenio_Hall,arsenio_hall
18294,18294.jpg,020851.jpg,Arsenio_Hall,arsenio_hall
14441,14441.jpg,118775.jpg,Arsenio_Hall,arsenio_hall
23393,23393.jpg,024765.jpg,Arsenio_Hall,arsenio_hall
19991,19991.jpg,044399.jpg,Arsenio_Hall,arsenio_hall
25027,25027.jpg,074399.jpg,Arsenio_Hall,arsenio_hall
23933,23933.jpg,104036.jpg,Arsenio_Hall,arsenio_hall
11427,11427.jpg,021278.jpg,Arsenio_Hall,arsenio_hall
16022,16022.jpg,054528.jpg,Arsenio_Hall,arsenio_hall
11515,11515.jpg,120020.jpg,Arsenio_Hall,arsenio_hall
22553,22553.jpg,091410.jpg,Asafa_Powell,asafa_powell
7435,7435.jpg,041679.jpg,Ashley_Benson,ashley_benson
13939,13939.jpg,041477.jpg,Ashley_Benson,ashley_benson
2552,2552.jpg,038309.jpg,Ashley_Benson,ashley_benson
2797,2797.jpg,112252.jpg,Ashley_Benson,ashley_benson
2092,2092.jpg,082459.jpg,Ashley_Benson,ashley_benson
28497,28497.jpg,003074.jpg,Ashley_Benson,ashley_benson
4406,4406.jpg,077965.jpg,Ashley_Benson,ashley_benson
1539,1539.jpg,020085.jpg,Ashley_Benson,ashley_benson
7301,7301.jpg,162417.jpg,Ashley_Benson,ashley_benson
22487,22487.jpg,056982.jpg,Ashley_Benson,ashley_benson
27263,27263.jpg,097145.jpg,Ashley_Benson,ashley_benson
22305,22305.jpg,028046.jpg,Ashley_Benson,ashley_benson
3768,3768.jpg,110008.jpg,Ashley_Benson,ashley_benson
3364,3364.jpg,038617.jpg,Ashley_Benson,ashley_benson
14317,14317.jpg,012380.jpg,Ashley_Benson,ashley_benson
17460,17460.jpg,010895.jpg,Ashley_Benson,ashley_benson
22844,22844.jpg,077739.jpg,Ashley_Benson,ashley_benson
183,183.jpg,059958.jpg,Ashley_Benson,ashley_benson
4914,4914.jpg,009641.jpg,Ashley_Benson,ashley_benson
3143,3143.jpg,052566.jpg,Ashley_Benson,ashley_benson
5154,5154.jpg,090385.jpg,Ashley_Benson,ashley_benson
1183,1183.jpg,003268.jpg,Ashley_Benson,ashley_benson
12235,12235.jpg,073481.jpg,Ashley_Benson,ashley_benson
24667,24667.jpg,065542.jpg,Ashley_Benson,ashley_benson
11273,11273.jpg,011088.jpg,Ashley_Benson,ashley_benson
10325,10325.jpg,011709.jpg,Ashley_Benson,ashley_benson
3980,3980.jpg,005580.jpg,Ashley_Benson,ashley_benson
10088,10088.jpg,161758.jpg,Ashley_Benson,ashley_benson
8603,8603.jpg,082394.jpg,Ashley_Jensen,ashley_jensen
24246,24246.jpg,035879.jpg,Ashley_Jensen,ashley_jensen
7924,7924.jpg,063321.jpg,Ashley_Jensen,ashley_jensen
1916,1916.jpg,112494.jpg,Ashley_Jensen,ashley_jensen
1532,1532.jpg,110464.jpg,Ashley_Jensen,ashley_jensen
26414,26414.jpg,065833.jpg,Ashley_Jensen,ashley_jensen
2400,2400.jpg,146526.jpg,Ashley_Jensen,ashley_jensen
2700,2700.jpg,090435.jpg,Ashley_Jensen,ashley_jensen
14067,14067.jpg,022508.jpg,Ashley_Jensen,ashley_jensen
6180,6180.jpg,029578.jpg,Ashley_Jensen,ashley_jensen
8236,8236.jpg,092373.jpg,Ashley_Madekwe,ashley_madekwe
29828,29828.jpg,080634.jpg,Ashley_Madekwe,ashley_madekwe
7759,7759.jpg,016141.jpg,Ashley_Madekwe,ashley_madekwe
13266,13266.jpg,151862.jpg,Ashley_Madekwe,ashley_madekwe
9010,9010.jpg,148927.jpg,Ashley_Madekwe,ashley_madekwe
25737,25737.jpg,084913.jpg,Ashley_Madekwe,ashley_madekwe
653,653.jpg,127462.jpg,Ashley_Madekwe,ashley_madekwe
5942,5942.jpg,089746.jpg,Ashley_Madekwe,ashley_madekwe
7521,7521.jpg,086543.jpg,Ashley_Madekwe,ashley_madekwe
18560,18560.jpg,090772.jpg,Ashley_Madekwe,ashley_madekwe
11612,11612.jpg,055139.jpg,Ashley_Madekwe,ashley_madekwe
18923,18923.jpg,048861.jpg,Ashley_Madekwe,ashley_madekwe
10689,10689.jpg,095222.jpg,Ashley_Madekwe,ashley_madekwe
8647,8647.jpg,130031.jpg,Ashley_Madekwe,ashley_madekwe
22515,22515.jpg,012753.jpg,Aubrey_Plaza,aubrey_plaza
6694,6694.jpg,095037.jpg,Aubrey_Plaza,aubrey_plaza
3654,3654.jpg,058093.jpg,Aubrey_Plaza,aubrey_plaza
8263,8263.jpg,069868.jpg,Aubrey_Plaza,aubrey_plaza
6174,6174.jpg,154851.jpg,Aubrey_Plaza,aubrey_plaza
1146,1146.jpg,004333.jpg,Aubrey_Plaza,aubrey_plaza
67,67.jpg,044088.jpg,Aubrey_Plaza,aubrey_plaza
10576,10576.jpg,022737.jpg,Aubrey_Plaza,aubrey_plaza
2703,2703.jpg,049703.jpg,Aubrey_Plaza,aubrey_plaza
255,255.jpg,052053.jpg,Aubrey_Plaza,aubrey_plaza
11025,11025.jpg,141974.jpg,Aubrey_Plaza,aubrey_plaza
14383,14383.jpg,139470.jpg,Aubrey_Plaza,aubrey_plaza
610,610.jpg,044201.jpg,Aubrey_Plaza,aubrey_plaza
13292,13292.jpg,103265.jpg,Aubrey_Plaza,aubrey_plaza
8293,8293.jpg,133635.jpg,Aubrey_Plaza,aubrey_plaza
735,735.jpg,108022.jpg,Aubrey_Plaza,aubrey_plaza
29793,29793.jpg,168488.jpg,Audrina_Patridge,audrina_patridge
28573,28573.jpg,165414.jpg,Aurela_Gace,aurela_gace
3052,3052.jpg,078296.jpg,Avy_Scott,avy_scott
29688,29688.jpg,156070.jpg,Avy_Scott,avy_scott
4132,4132.jpg,120160.jpg,Avy_Scott,avy_scott
3049,3049.jpg,074934.jpg,Avy_Scott,avy_scott
4073,4073.jpg,051384.jpg,Avy_Scott,avy_scott
10804,10804.jpg,105276.jpg,Avy_Scott,avy_scott
14100,14100.jpg,086750.jpg,Avy_Scott,avy_scott
11456,11456.jpg,153333.jpg,Avy_Scott,avy_scott
2332,2332.jpg,122780.jpg,Avy_Scott,avy_scott
4371,4371.jpg,098232.jpg,Avy_Scott,avy_scott
10955,10955.jpg,116945.jpg,Avy_Scott,avy_scott
15665,15665.jpg,008586.jpg,Avy_Scott,avy_scott
26336,26336.jpg,051854.jpg,Avy_Scott,avy_scott
26960,26960.jpg,005621.jpg,Avy_Scott,avy_scott
5406,5406.jpg,024809.jpg,Avy_Scott,avy_scott
2986,2986.jpg,115806.jpg,Avy_Scott,avy_scott
19199,19199.jpg,040080.jpg,Avy_Scott,avy_scott
8050,8050.jpg,118049.jpg,Avy_Scott,avy_scott
5566,5566.jpg,152680.jpg,Avy_Scott,avy_scott
16075,16075.jpg,179240.jpg,Ayumi_Hamasaki,ayumi_hamasaki
4952,4952.jpg,172158.jpg,Ayumi_Hamasaki,ayumi_hamasaki
14652,14652.jpg,178410.jpg,Ayumi_Hamasaki,ayumi_hamasaki
23914,23914.jpg,163640.jpg,Ayumi_Hamasaki,ayumi_hamasaki
22281,22281.jpg,167849.jpg,Ayumi_Hamasaki,ayumi_hamasaki
4485,4485.jpg,163720.jpg,Ayumi_Hamasaki,ayumi_hamasaki
20938,20938.jpg,177248.jpg,Ayumi_Hamasaki,ayumi_hamasaki
23078,23078.jpg,164544.jpg,Ayumi_Hamasaki,ayumi_hamasaki
24461,24461.jpg,163591.jpg,Ayumi_Hamasaki,ayumi_hamasaki
15790,15790.jpg,037860.jpg,Barbara_Britton,barbara_britton
21022,21022.jpg,173116.jpg,Barbara_Crampton,barbara_crampton
7060,7060.jpg,173449.jpg,Barbara_Crampton,barbara_crampton
10759,10759.jpg,176866.jpg,Barbara_Crampton,barbara_crampton
16269,16269.jpg,166997.jpg,Barbara_Crampton,barbara_crampton
2135,2135.jpg,181940.jpg,Barbara_Crampton,barbara_crampton
14776,14776.jpg,156261.jpg,Barbara_Hale,barbara_hale
28959,28959.jpg,054277.jpg,Baron_Davis,baron_davis
13987,13987.jpg,028457.jpg,Baron_Davis,baron_davis
29239,29239.jpg,164535.jpg,Barry_Pepper,barry_pepper
4957,4957.jpg,170087.jpg,Bea_Binene,bea_binene
9654,9654.jpg,171705.jpg,Bea_Binene,bea_binene
10400,10400.jpg,166748.jpg,Bea_Binene,bea_binene
6115,6115.jpg,180722.jpg,Bea_Binene,bea_binene
24630,24630.jpg,176845.jpg,Bea_Binene,bea_binene
26071,26071.jpg,176169.jpg,Bea_Binene,bea_binene
11313,11313.jpg,165195.jpg,Bea_Binene,bea_binene
15592,15592.jpg,023154.jpg,Beata_Tyszkiewicz,beata_tyszkiewicz
28234,28234.jpg,098815.jpg,Beata_Tyszkiewicz,beata_tyszkiewicz
16013,16013.jpg,081656.jpg,Beata_Tyszkiewicz,beata_tyszkiewicz
14198,14198.jpg,158616.jpg,Beata_Tyszkiewicz,beata_tyszkiewicz
27774,27774.jpg,030594.jpg,Beata_Tyszkiewicz,beata_tyszkiewicz
21926,21926.jpg,157801.jpg,Beata_Tyszkiewicz,beata_tyszkiewicz
16239,16239.jpg,163766.jpg,Beau_Bridges,beau_bridges
23074,23074.jpg,170610.jpg,Beau_Garrett,beau_garrett
10059,10059.jpg,175445.jpg,Beau_Garrett,beau_garrett
9899,9899.jpg,170869.jpg,Beau_Garrett,beau_garrett
1389,1389.jpg,168795.jpg,Beau_Garrett,beau_garrett
5017,5017.jpg,173763.jpg,Beau_Garrett,beau_garrett
1593,1593.jpg,169299.jpg,Beau_Garrett,beau_garrett
1263,1263.jpg,169897.jpg,Beau_Garrett,beau_garrett
9942,9942.jpg,180146.jpg,Beau_Garrett,beau_garrett
14270,14270.jpg,177668.jpg,Beau_Garrett,beau_garrett
7800,7800.jpg,182566.jpg,Beau_Garrett,beau_garrett
29041,29041.jpg,175012.jpg,Beau_Garrett,beau_garrett
23775,23775.jpg,165782.jpg,Beau_Garrett,beau_garrett
16685,16685.jpg,174642.jpg,Beau_Garrett,beau_garrett
140,140.jpg,163738.jpg,Beau_Garrett,beau_garrett
23368,23368.jpg,174170.jpg,Beau_Garrett,beau_garrett
27628,27628.jpg,180498.jpg,Beau_Garrett,beau_garrett
8735,8735.jpg,182093.jpg,Beau_Garrett,beau_garrett
29586,29586.jpg,156173.jpg,Bebe_Neuwirth,bebe_neuwirth
23636,23636.jpg,150238.jpg,Bebe_Neuwirth,bebe_neuwirth
17527,17527.jpg,156372.jpg,Bebe_Neuwirth,bebe_neuwirth
28334,28334.jpg,170731.jpg,Becky_Hammon,becky_hammon
22888,22888.jpg,162804.jpg,Belinda_Carlisle,belinda_carlisle
24086,24086.jpg,128611.jpg,Berenice_Bejo,berenice_bejo
8613,8613.jpg,089194.jpg,Berenice_Bejo,berenice_bejo
3785,3785.jpg,083989.jpg,Berenice_Bejo,berenice_bejo
26692,26692.jpg,053314.jpg,Berenice_Bejo,berenice_bejo
5209,5209.jpg,065709.jpg,Berenice_Bejo,berenice_bejo
15602,15602.jpg,100649.jpg,Berenice_Bejo,berenice_bejo
18259,18259.jpg,044079.jpg,Berenice_Bejo,berenice_bejo
4165,4165.jpg,131489.jpg,Berenice_Bejo,berenice_bejo
21320,21320.jpg,013408.jpg,Berenice_Bejo,berenice_bejo
17749,17749.jpg,032421.jpg,Berenice_Bejo,berenice_bejo
7075,7075.jpg,060399.jpg,Berenice_Bejo,berenice_bejo
10065,10065.jpg,007325.jpg,Berenice_Bejo,berenice_bejo
1792,1792.jpg,151577.jpg,Berenice_Bejo,berenice_bejo
29241,29241.jpg,139499.jpg,Berenice_Bejo,berenice_bejo
13606,13606.jpg,125057.jpg,Berenice_Bejo,berenice_bejo
29643,29643.jpg,103782.jpg,Berenice_Bejo,berenice_bejo
6946,6946.jpg,150013.jpg,Berenice_Bejo,berenice_bejo
16194,16194.jpg,163127.jpg,Berenice_Marlohe,berenice_marlohe
4443,4443.jpg,173514.jpg,Berenice_Marlohe,berenice_marlohe
2939,2939.jpg,171449.jpg,Berenice_Marlohe,berenice_marlohe
2196,2196.jpg,181784.jpg,Berenice_Marlohe,berenice_marlohe
15585,15585.jpg,167026.jpg,Berenice_Marlohe,berenice_marlohe
13582,13582.jpg,167251.jpg,Berenice_Marlohe,berenice_marlohe
23526,23526.jpg,173319.jpg,Berenice_Marlohe,berenice_marlohe
25588,25588.jpg,168169.jpg,Berenice_Marlohe,berenice_marlohe
3314,3314.jpg,169201.jpg,Berenice_Marlohe,berenice_marlohe
12393,12393.jpg,169438.jpg,Berenice_Marlohe,berenice_marlohe
20821,20821.jpg,170027.jpg,Berenice_Marlohe,berenice_marlohe
3421,3421.jpg,171996.jpg,Berenice_Marlohe,berenice_marlohe
14751,14751.jpg,080369.jpg,Bernard_Hill,bernard_hill
17969,17969.jpg,005846.jpg,Bernie_Mac,bernie_mac
29316,29316.jpg,114910.jpg,Beth_Behrs,beth_behrs
25767,25767.jpg,044943.jpg,Beth_Behrs,beth_behrs
17401,17401.jpg,064410.jpg,Beth_Ditto,beth_ditto
21511,21511.jpg,069881.jpg,Beth_Ditto,beth_ditto
5034,5034.jpg,084567.jpg,Beth_Ditto,beth_ditto
14002,14002.jpg,007855.jpg,Beth_Ditto,beth_ditto
5780,5780.jpg,018348.jpg,Beth_Ditto,beth_ditto
731,731.jpg,148741.jpg,Beth_Ditto,beth_ditto
252,252.jpg,136719.jpg,Beth_Ditto,beth_ditto
5251,5251.jpg,052847.jpg,Beth_Ditto,beth_ditto
17327,17327.jpg,152238.jpg,Beth_Ditto,beth_ditto
27257,27257.jpg,089795.jpg,Beth_Ditto,beth_ditto
24619,24619.jpg,153801.jpg,Beth_Ditto,beth_ditto
7203,7203.jpg,127929.jpg,Betty_White,betty_white
25877,25877.jpg,030712.jpg,Betty_White,betty_white
7012,7012.jpg,071475.jpg,Betty_White,betty_white
2853,2853.jpg,029023.jpg,Betty_White,betty_white
4576,4576.jpg,105292.jpg,Betty_White,betty_white
5289,5289.jpg,085772.jpg,Betty_White,betty_white
24231,24231.jpg,079941.jpg,Betty_White,betty_white
1947,1947.jpg,139756.jpg,Betty_White,betty_white
4094,4094.jpg,039953.jpg,Betty_White,betty_white
1552,1552.jpg,097906.jpg,Betty_White,betty_white
631,631.jpg,020172.jpg,Betty_White,betty_white
1484,1484.jpg,026327.jpg,Betty_White,betty_white
18478,18478.jpg,060892.jpg,Betty_White,betty_white
1731,1731.jpg,141524.jpg,Betty_White,betty_white
7431,7431.jpg,104503.jpg,Betty_White,betty_white
4071,4071.jpg,043098.jpg,Betty_White,betty_white
4174,4174.jpg,013921.jpg,Betty_White,betty_white
7486,7486.jpg,102731.jpg,Betty_White,betty_white
6714,6714.jpg,005662.jpg,Betty_White,betty_white
1145,1145.jpg,101191.jpg,Betty_White,betty_white
10667,10667.jpg,096272.jpg,Betty_White,betty_white
2419,2419.jpg,095927.jpg,Betty_White,betty_white
20328,20328.jpg,180596.jpg,Beverly_Johnson,beverly_johnson
12339,12339.jpg,171376.jpg,Beverly_Johnson,beverly_johnson
16671,16671.jpg,079645.jpg,Bill_Cosby,bill_cosby
26260,26260.jpg,091687.jpg,Bill_Murray,bill_murray
28223,28223.jpg,049793.jpg,Bill_Murray,bill_murray
23055,23055.jpg,093588.jpg,Bill_Murray,bill_murray
25057,25057.jpg,146512.jpg,Bill_Nighy,bill_nighy
26097,26097.jpg,120545.jpg,Bill_Nighy,bill_nighy
18670,18670.jpg,151405.jpg,Bill_Nighy,bill_nighy
23857,23857.jpg,000624.jpg,Bill_Nighy,bill_nighy
15635,15635.jpg,092398.jpg,Bill_Nighy,bill_nighy
26813,26813.jpg,136806.jpg,Bill_Nighy,bill_nighy
16249,16249.jpg,116121.jpg,Bill_Wyman,bill_wyman
12623,12623.jpg,023187.jpg,Bill_Wyman,bill_wyman
14534,14534.jpg,030942.jpg,Bill_Wyman,bill_wyman
24386,24386.jpg,017797.jpg,Billy_Connolly,billy_connolly
7584,7584.jpg,178847.jpg,Bjork,bjork
3666,3666.jpg,180424.jpg,Bjork,bjork
6564,6564.jpg,178330.jpg,Bjork,bjork
7108,7108.jpg,178158.jpg,Bjork,bjork
13235,13235.jpg,169155.jpg,Bjork,bjork
13029,13029.jpg,171577.jpg,Bjork,bjork
22463,22463.jpg,165662.jpg,Bjork,bjork
6413,6413.jpg,168363.jpg,Bjork,bjork
24810,24810.jpg,173476.jpg,Bjork,bjork
28136,28136.jpg,181022.jpg,Bjork,bjork
636,636.jpg,162775.jpg,Bjork,bjork
11046,11046.jpg,017045.jpg,Blair_Underwood,blair_underwood
28847,28847.jpg,135940.jpg,Blair_Underwood,blair_underwood
27390,27390.jpg,115450.jpg,Blair_Underwood,blair_underwood
29961,29961.jpg,126029.jpg,Blair_Underwood,blair_underwood
12196,12196.jpg,129011.jpg,Bob_Balaban,bob_balaban
12798,12798.jpg,000902.jpg,Bob_Balaban,bob_balaban
22789,22789.jpg,089799.jpg,Bob_Balaban,bob_balaban
29197,29197.jpg,070143.jpg,Bob_Balaban,bob_balaban
27040,27040.jpg,047201.jpg,Bob_Balaban,bob_balaban
892,892.jpg,042683.jpg,Bob_Costas,bob_costas
12242,12242.jpg,029088.jpg,Bob_Costas,bob_costas
12347,12347.jpg,065429.jpg,Bob_Costas,bob_costas
11161,11161.jpg,088011.jpg,Bob_Costas,bob_costas
2985,2985.jpg,054279.jpg,Bob_Costas,bob_costas
20926,20926.jpg,150180.jpg,Bob_Costas,bob_costas
9073,9073.jpg,002708.jpg,Bob_Costas,bob_costas
22935,22935.jpg,109122.jpg,Bob_Costas,bob_costas
24608,24608.jpg,157231.jpg,Bob_Costas,bob_costas
19755,19755.jpg,163184.jpg,Bob_Saget,bob_saget
27355,27355.jpg,179474.jpg,Bobby_Rydell,bobby_rydell
5319,5319.jpg,171426.jpg,Bobby_Rydell,bobby_rydell
14482,14482.jpg,177993.jpg,Bobby_Rydell,bobby_rydell
19450,19450.jpg,166874.jpg,Bobby_Rydell,bobby_rydell
11070,11070.jpg,164424.jpg,Bobby_Rydell,bobby_rydell
18393,18393.jpg,177380.jpg,Bobby_Rydell,bobby_rydell
7450,7450.jpg,170588.jpg,Bobby_Rydell,bobby_rydell
10289,10289.jpg,171870.jpg,Bobby_Rydell,bobby_rydell
27963,27963.jpg,072342.jpg,Bonnie_Wright,bonnie_wright
8778,8778.jpg,097181.jpg,Boy_George,boy_george
19793,19793.jpg,103941.jpg,Boy_George,boy_george
23649,23649.jpg,078770.jpg,Boy_George,boy_george
754,754.jpg,089026.jpg,Boy_George,boy_george
22988,22988.jpg,125813.jpg,Boy_George,boy_george
29215,29215.jpg,015645.jpg,Brad_Paisley,brad_paisley
20263,20263.jpg,101777.jpg,Brande_Roderick,brande_roderick
17728,17728.jpg,113391.jpg,Brandon_Routh,brandon_routh
24169,24169.jpg,097208.jpg,Brandon_Routh,brandon_routh
23467,23467.jpg,103894.jpg,Brenda_Song,brenda_song
29668,29668.jpg,077936.jpg,Brenda_Song,brenda_song
25496,25496.jpg,179409.jpg,Bret_McKenzie,bret_mckenzie
17069,17069.jpg,164930.jpg,Bret_McKenzie,bret_mckenzie
4633,4633.jpg,173819.jpg,Bret_McKenzie,bret_mckenzie
20104,20104.jpg,178398.jpg,Bret_McKenzie,bret_mckenzie
29642,29642.jpg,167316.jpg,Bret_McKenzie,bret_mckenzie
7066,7066.jpg,167046.jpg,Bret_McKenzie,bret_mckenzie
4590,4590.jpg,172795.jpg,Bret_McKenzie,bret_mckenzie
25319,25319.jpg,164495.jpg,Bret_McKenzie,bret_mckenzie
22264,22264.jpg,171919.jpg,Bret_McKenzie,bret_mckenzie
4440,4440.jpg,163812.jpg,Bret_McKenzie,bret_mckenzie
22370,22370.jpg,163352.jpg,Bret_McKenzie,bret_mckenzie
7288,7288.jpg,012615.jpg,Brett_Anderson,brett_anderson
10857,10857.jpg,018147.jpg,Brett_Anderson,brett_anderson
29335,29335.jpg,073315.jpg,Brett_Anderson,brett_anderson
7841,7841.jpg,061352.jpg,Brett_Anderson,brett_anderson
14223,14223.jpg,142484.jpg,Brian_Austin_Green,brian_austin_green
17166,17166.jpg,135017.jpg,Brian_Austin_Green,brian_austin_green
13025,13025.jpg,149117.jpg,Brian_Austin_Green,brian_austin_green
17878,17878.jpg,032683.jpg,Brian_Austin_Green,brian_austin_green
10389,10389.jpg,035934.jpg,Brian_Austin_Green,brian_austin_green
11672,11672.jpg,106840.jpg,Brian_Austin_Green,brian_austin_green
373,373.jpg,109438.jpg,Brian_Austin_Green,brian_austin_green
3195,3195.jpg,041682.jpg,Brian_Austin_Green,brian_austin_green
4836,4836.jpg,111267.jpg,Brian_Austin_Green,brian_austin_green
23009,23009.jpg,100417.jpg,Brian_Jones,brian_jones
20005,20005.jpg,047245.jpg,Brian_Jones,brian_jones
17308,17308.jpg,113739.jpg,Brianna_Brown,brianna_brown
1074,1074.jpg,126300.jpg,Brianna_Brown,brianna_brown
17890,17890.jpg,144608.jpg,Brianna_Brown,brianna_brown
19624,19624.jpg,034103.jpg,Brianna_Brown,brianna_brown
16726,16726.jpg,064900.jpg,Brianna_Brown,brianna_brown
19362,19362.jpg,149061.jpg,Brianna_Brown,brianna_brown
28909,28909.jpg,025977.jpg,Brianna_Brown,brianna_brown
17948,17948.jpg,044235.jpg,Brianna_Brown,brianna_brown
13046,13046.jpg,030766.jpg,Brianna_Brown,brianna_brown
15673,15673.jpg,156883.jpg,Brianna_Brown,brianna_brown
28444,28444.jpg,138546.jpg,Brianna_Brown,brianna_brown
9044,9044.jpg,024515.jpg,Brianna_Brown,brianna_brown
10130,10130.jpg,137139.jpg,Brianna_Brown,brianna_brown
26008,26008.jpg,119685.jpg,Brianna_Brown,brianna_brown
775,775.jpg,090735.jpg,Bridget_Marquardt,bridget_marquardt
3337,3337.jpg,110472.jpg,Bridget_Marquardt,bridget_marquardt
7095,7095.jpg,117780.jpg,Bridget_Marquardt,bridget_marquardt
20050,20050.jpg,075365.jpg,Bridget_Marquardt,bridget_marquardt
2904,2904.jpg,039468.jpg,Bridget_Marquardt,bridget_marquardt
7507,7507.jpg,085751.jpg,Bridget_Marquardt,bridget_marquardt
5286,5286.jpg,133341.jpg,Bridget_Marquardt,bridget_marquardt
845,845.jpg,048195.jpg,Bridget_Marquardt,bridget_marquardt
13907,13907.jpg,158105.jpg,Bridget_Marquardt,bridget_marquardt
16691,16691.jpg,054323.jpg,Bridget_Marquardt,bridget_marquardt
6475,6475.jpg,009265.jpg,Bridget_Marquardt,bridget_marquardt
2034,2034.jpg,096814.jpg,Bridget_Marquardt,bridget_marquardt
2996,2996.jpg,136656.jpg,Bridget_Marquardt,bridget_marquardt
703,703.jpg,085421.jpg,Bridget_Marquardt,bridget_marquardt
21782,21782.jpg,021426.jpg,Brigitte_Nielsen,brigitte_nielsen
22965,22965.jpg,155337.jpg,Brigitte_Nielsen,brigitte_nielsen
17646,17646.jpg,084009.jpg,Brigitte_Nielsen,brigitte_nielsen
25371,25371.jpg,026468.jpg,Brigitte_Nielsen,brigitte_nielsen
18521,18521.jpg,091251.jpg,Brigitte_Nielsen,brigitte_nielsen
27605,27605.jpg,062241.jpg,Brigitte_Nielsen,brigitte_nielsen
29313,29313.jpg,161316.jpg,Brigitte_Nielsen,brigitte_nielsen
13301,13301.jpg,042839.jpg,Britt_Robertson,britt_robertson
15743,15743.jpg,131666.jpg,Britt_Robertson,britt_robertson
12436,12436.jpg,073425.jpg,Britt_Robertson,britt_robertson
9857,9857.jpg,146569.jpg,Britt_Robertson,britt_robertson
17765,17765.jpg,000940.jpg,Britt_Robertson,britt_robertson
13701,13701.jpg,082828.jpg,Britt_Robertson,britt_robertson
6641,6641.jpg,114538.jpg,Britt_Robertson,britt_robertson
16129,16129.jpg,070775.jpg,Britt_Robertson,britt_robertson
22100,22100.jpg,110873.jpg,Britt_Robertson,britt_robertson
27459,27459.jpg,123680.jpg,Britt_Robertson,britt_robertson
23121,23121.jpg,045712.jpg,Britt_Robertson,britt_robertson
13930,13930.jpg,158749.jpg,Britt_Robertson,britt_robertson
1008,1008.jpg,056233.jpg,Britt_Robertson,britt_robertson
18399,18399.jpg,039994.jpg,Brody_Jenner,brody_jenner
14457,14457.jpg,152788.jpg,Brody_Jenner,brody_jenner
6479,6479.jpg,007992.jpg,Brody_Jenner,brody_jenner
14214,14214.jpg,046661.jpg,Brody_Jenner,brody_jenner
15194,15194.jpg,107925.jpg,Brody_Jenner,brody_jenner
7482,7482.jpg,068952.jpg,Brody_Jenner,brody_jenner
17253,17253.jpg,086761.jpg,Brody_Jenner,brody_jenner
18565,18565.jpg,023153.jpg,Brody_Jenner,brody_jenner
14104,14104.jpg,125061.jpg,Brody_Jenner,brody_jenner
26132,26132.jpg,012135.jpg,Brody_Jenner,brody_jenner
21432,21432.jpg,047950.jpg,Brody_Jenner,brody_jenner
17502,17502.jpg,009250.jpg,Brody_Jenner,brody_jenner
9525,9525.jpg,003569.jpg,Brody_Jenner,brody_jenner
6884,6884.jpg,084724.jpg,Bronson_Pinchot,bronson_pinchot
26865,26865.jpg,001804.jpg,Bronson_Pinchot,bronson_pinchot
29727,29727.jpg,132934.jpg,Bronson_Pinchot,bronson_pinchot
17731,17731.jpg,044945.jpg,Bronson_Pinchot,bronson_pinchot
25028,25028.jpg,037090.jpg,Bronson_Pinchot,bronson_pinchot
18840,18840.jpg,009026.jpg,Bronson_Pinchot,bronson_pinchot
19693,19693.jpg,143955.jpg,Brooke_Valentine,brooke_valentine
20493,20493.jpg,047580.jpg,Brooke_Valentine,brooke_valentine
7039,7039.jpg,131032.jpg,Brooke_Valentine,brooke_valentine
14690,14690.jpg,007973.jpg,Bruce_Dern,bruce_dern
10622,10622.jpg,056726.jpg,Bruce_Dern,bruce_dern
23719,23719.jpg,084731.jpg,Bruna_Linzmeyer,bruna_linzmeyer
28654,28654.jpg,063128.jpg,Bruna_Linzmeyer,bruna_linzmeyer
14284,14284.jpg,036531.jpg,Bruna_Linzmeyer,bruna_linzmeyer
26505,26505.jpg,016713.jpg,Bruna_Linzmeyer,bruna_linzmeyer
29865,29865.jpg,173533.jpg,Bruna_Marquezine,bruna_marquezine
8846,8846.jpg,181438.jpg,Bruno_Mars,bruno_mars
1799,1799.jpg,166167.jpg,Bruno_Mars,bruno_mars
2042,2042.jpg,173469.jpg,Bruno_Mars,bruno_mars
596,596.jpg,171954.jpg,Bruno_Mars,bruno_mars
5069,5069.jpg,178009.jpg,Bruno_Mars,bruno_mars
4258,4258.jpg,168260.jpg,Bruno_Mars,bruno_mars
3496,3496.jpg,177491.jpg,Bruno_Mars,bruno_mars
21236,21236.jpg,171213.jpg,Bruno_Mars,bruno_mars
20250,20250.jpg,168084.jpg,Bruno_Mars,bruno_mars
20587,20587.jpg,171196.jpg,Bruno_Mars,bruno_mars
21752,21752.jpg,175181.jpg,Bruno_Mars,bruno_mars
18102,18102.jpg,180936.jpg,Bruno_Mars,bruno_mars
17359,17359.jpg,171342.jpg,Bruno_Mars,bruno_mars
5452,5452.jpg,161867.jpg,Bryan_Cranston,bryan_cranston
12618,12618.jpg,055091.jpg,Bryan_Cranston,bryan_cranston
8330,8330.jpg,099534.jpg,Bryan_Cranston,bryan_cranston
1264,1264.jpg,017855.jpg,Bryan_Cranston,bryan_cranston
6571,6571.jpg,162753.jpg,Bryan_Cranston,bryan_cranston
16222,16222.jpg,159290.jpg,Bryan_Cranston,bryan_cranston
13783,13783.jpg,056056.jpg,Bryan_Cranston,bryan_cranston
15011,15011.jpg,160167.jpg,Bryan_Cranston,bryan_cranston
13646,13646.jpg,011669.jpg,Bryan_Cranston,bryan_cranston
21911,21911.jpg,001655.jpg,Bryan_Cranston,bryan_cranston
17844,17844.jpg,023334.jpg,Bryan_Cranston,bryan_cranston
13194,13194.jpg,133513.jpg,Bryan_Cranston,bryan_cranston
336,336.jpg,028851.jpg,Bryan_Cranston,bryan_cranston
4363,4363.jpg,145252.jpg,Bryan_Cranston,bryan_cranston
8163,8163.jpg,076055.jpg,Bryan_Cranston,bryan_cranston
22863,22863.jpg,071982.jpg,Bryan_Cranston,bryan_cranston
514,514.jpg,043300.jpg,Bryan_Cranston,bryan_cranston
16678,16678.jpg,030914.jpg,Bryan_Cranston,bryan_cranston
17435,17435.jpg,005614.jpg,Bryan_Cranston,bryan_cranston
7863,7863.jpg,016213.jpg,Bryan_Cranston,bryan_cranston
4374,4374.jpg,019383.jpg,Bryan_Cranston,bryan_cranston
13508,13508.jpg,124001.jpg,Bryan_Ferry,bryan_ferry
13378,13378.jpg,022867.jpg,Bryan_Ferry,bryan_ferry
80,80.jpg,079378.jpg,Bryan_Ferry,bryan_ferry
3860,3860.jpg,072813.jpg,Bryan_Ferry,bryan_ferry
281,281.jpg,000885.jpg,Bryan_Ferry,bryan_ferry
29567,29567.jpg,011658.jpg,Bryan_Ferry,bryan_ferry
16582,16582.jpg,103758.jpg,Bryan_Ferry,bryan_ferry
15558,15558.jpg,072307.jpg,Bryan_Ferry,bryan_ferry
13225,13225.jpg,128964.jpg,Bryan_Ferry,bryan_ferry
23821,23821.jpg,027447.jpg,Burt_Reynolds,burt_reynolds
16386,16386.jpg,098031.jpg,Burt_Reynolds,burt_reynolds
12052,12052.jpg,082642.jpg,Burt_Reynolds,burt_reynolds
26480,26480.jpg,119523.jpg,Buzz_Aldrin,buzz_aldrin
25518,25518.jpg,035819.jpg,Buzz_Aldrin,buzz_aldrin
20045,20045.jpg,002963.jpg,CC_Sabathia,cc_sabathia
15864,15864.jpg,136900.jpg,Calu_Rivero,calu_rivero
27374,27374.jpg,031475.jpg,Calu_Rivero,calu_rivero
14208,14208.jpg,034843.jpg,Calu_Rivero,calu_rivero
20972,20972.jpg,094458.jpg,Cameron_Boyce,cameron_boyce
16479,16479.jpg,130417.jpg,Cameron_Boyce,cameron_boyce
21938,21938.jpg,141759.jpg,Cameron_Boyce,cameron_boyce
19409,19409.jpg,179682.jpg,Camila_Alves,camila_alves
27634,27634.jpg,164053.jpg,Camila_Alves,camila_alves
13963,13963.jpg,177590.jpg,Camila_Alves,camila_alves
27203,27203.jpg,174890.jpg,Camila_Alves,camila_alves
25708,25708.jpg,176687.jpg,Camila_Alves,camila_alves
23140,23140.jpg,175052.jpg,Camila_Alves,camila_alves
27211,27211.jpg,172048.jpg,Camila_Alves,camila_alves
12442,12442.jpg,172997.jpg,Camila_Alves,camila_alves
7078,7078.jpg,174861.jpg,Camila_Alves,camila_alves
16973,16973.jpg,162859.jpg,Camila_Alves,camila_alves
25446,25446.jpg,164740.jpg,Camila_Alves,camila_alves
18051,18051.jpg,078369.jpg,Candy_Clark,candy_clark
7247,7247.jpg,177030.jpg,Carla_Bruni,carla_bruni
20127,20127.jpg,180995.jpg,Carla_Bruni,carla_bruni
245,245.jpg,176070.jpg,Carla_Bruni,carla_bruni
11903,11903.jpg,164681.jpg,Carla_Bruni,carla_bruni
5923,5923.jpg,182353.jpg,Carla_Bruni,carla_bruni
3572,3572.jpg,173844.jpg,Carla_Bruni,carla_bruni
9250,9250.jpg,168979.jpg,Carla_Bruni,carla_bruni
11813,11813.jpg,177166.jpg,Carla_Bruni,carla_bruni
25401,25401.jpg,167347.jpg,Carla_Bruni,carla_bruni
548,548.jpg,177602.jpg,Carla_Bruni,carla_bruni
1736,1736.jpg,177156.jpg,Carla_Bruni,carla_bruni
6734,6734.jpg,174558.jpg,Carla_Bruni,carla_bruni
27679,27679.jpg,164074.jpg,Carla_Bruni,carla_bruni
10574,10574.jpg,174298.jpg,Carla_Bruni,carla_bruni
7967,7967.jpg,023156.jpg,Carol_Channing,carol_channing
15081,15081.jpg,057817.jpg,Carol_Channing,carol_channing
21605,21605.jpg,056967.jpg,Carol_Channing,carol_channing
1228,1228.jpg,086647.jpg,Carol_Channing,carol_channing
28323,28323.jpg,160336.jpg,Carol_Channing,carol_channing
4431,4431.jpg,005162.jpg,Carol_Channing,carol_channing
13867,13867.jpg,037915.jpg,Carol_Channing,carol_channing
24346,24346.jpg,033459.jpg,Carol_Channing,carol_channing
12496,12496.jpg,163265.jpg,Carol_Vorderman,carol_vorderman
19654,19654.jpg,178809.jpg,Carol_Vorderman,carol_vorderman
4739,4739.jpg,173080.jpg,Carol_Vorderman,carol_vorderman
5525,5525.jpg,165966.jpg,Carol_Vorderman,carol_vorderman
2556,2556.jpg,169780.jpg,Carol_Vorderman,carol_vorderman
18768,18768.jpg,182580.jpg,Carol_Vorderman,carol_vorderman
19614,19614.jpg,172368.jpg,Carol_Vorderman,carol_vorderman
24998,24998.jpg,171238.jpg,Carol_Vorderman,carol_vorderman
6777,6777.jpg,171027.jpg,Carol_Vorderman,carol_vorderman
12540,12540.jpg,162973.jpg,Carol_Vorderman,carol_vorderman
23356,23356.jpg,138276.jpg,Caroline_Brasch_Nielsen,caroline_brasch_nielsen
29142,29142.jpg,077216.jpg,Caroline_Flack,caroline_flack
27321,27321.jpg,085624.jpg,Caroline_Flack,caroline_flack
20677,20677.jpg,057156.jpg,Caroline_Flack,caroline_flack
21256,21256.jpg,086087.jpg,Caroline_Flack,caroline_flack
25409,25409.jpg,073272.jpg,Caroline_Flack,caroline_flack
17312,17312.jpg,147698.jpg,Caroline_Flack,caroline_flack
14934,14934.jpg,088905.jpg,Carter_Jenkins,carter_jenkins
22777,22777.jpg,109433.jpg,Carter_Jenkins,carter_jenkins
22480,22480.jpg,146026.jpg,Carter_Jenkins,carter_jenkins
20946,20946.jpg,000255.jpg,Carter_Jenkins,carter_jenkins
28845,28845.jpg,062426.jpg,Carter_Jenkins,carter_jenkins
11528,11528.jpg,118752.jpg,Carter_Jenkins,carter_jenkins
10926,10926.jpg,129301.jpg,Carter_Jenkins,carter_jenkins
26376,26376.jpg,052950.jpg,Carter_Jenkins,carter_jenkins
23881,23881.jpg,050401.jpg,Carter_Jenkins,carter_jenkins
26155,26155.jpg,081817.jpg,Carter_Jenkins,carter_jenkins
3297,3297.jpg,032435.jpg,Cesar_Romero,cesar_romero
12631,12631.jpg,001057.jpg,Chad_Smith,chad_smith
12630,12630.jpg,056925.jpg,Chad_Smith,chad_smith
16316,16316.jpg,096642.jpg,Chad_Smith,chad_smith
25873,25873.jpg,177388.jpg,Chandra_Wilson,chandra_wilson
270,270.jpg,181641.jpg,Chandra_Wilson,chandra_wilson
9420,9420.jpg,170154.jpg,Chandra_Wilson,chandra_wilson
20815,20815.jpg,181673.jpg,Chandra_Wilson,chandra_wilson
18291,18291.jpg,180116.jpg,Chandra_Wilson,chandra_wilson
26858,26858.jpg,165944.jpg,Chandra_Wilson,chandra_wilson
10553,10553.jpg,171980.jpg,Chandra_Wilson,chandra_wilson
18446,18446.jpg,182283.jpg,Chandra_Wilson,chandra_wilson
26638,26638.jpg,179370.jpg,Chandra_Wilson,chandra_wilson
567,567.jpg,172524.jpg,Chandra_Wilson,chandra_wilson
2973,2973.jpg,168921.jpg,Chandra_Wilson,chandra_wilson
11822,11822.jpg,176042.jpg,Chandra_Wilson,chandra_wilson
26377,26377.jpg,112721.jpg,Charlene_Tilton,charlene_tilton
7130,7130.jpg,038609.jpg,Charlene_Tilton,charlene_tilton
27665,27665.jpg,151917.jpg,Charlene_Tilton,charlene_tilton
28706,28706.jpg,026885.jpg,Charlene_Tilton,charlene_tilton
4397,4397.jpg,095884.jpg,Charlene_Tilton,charlene_tilton
16262,16262.jpg,037066.jpg,Charlene_Tilton,charlene_tilton
15231,15231.jpg,028570.jpg,Charlie_Bewley,charlie_bewley
5825,5825.jpg,139088.jpg,Charlie_Bewley,charlie_bewley
4507,4507.jpg,143047.jpg,Charlie_Bewley,charlie_bewley
6340,6340.jpg,149915.jpg,Charlie_Bewley,charlie_bewley
12309,12309.jpg,086956.jpg,Charlie_Bewley,charlie_bewley
22587,22587.jpg,021898.jpg,Charlotte_Riley,charlotte_riley
23488,23488.jpg,019845.jpg,Charlotte_Riley,charlotte_riley
29105,29105.jpg,046636.jpg,Charlotte_Riley,charlotte_riley
14086,14086.jpg,053625.jpg,Charlotte_Ross,charlotte_ross
28153,28153.jpg,035318.jpg,Charlotte_Ross,charlotte_ross
7319,7319.jpg,002292.jpg,Charlotte_Ross,charlotte_ross
2101,2101.jpg,032617.jpg,Charlotte_Ross,charlotte_ross
6457,6457.jpg,119579.jpg,Charlotte_Ross,charlotte_ross
2049,2049.jpg,155270.jpg,Charlotte_Ross,charlotte_ross
6742,6742.jpg,150940.jpg,Charlotte_Ross,charlotte_ross
4143,4143.jpg,052069.jpg,Charlotte_Ross,charlotte_ross
3697,3697.jpg,028657.jpg,Charlotte_Ross,charlotte_ross
1218,1218.jpg,100625.jpg,Charlotte_Ross,charlotte_ross
4208,4208.jpg,138770.jpg,Charlotte_Ross,charlotte_ross
4206,4206.jpg,051433.jpg,Charlotte_Ross,charlotte_ross
8362,8362.jpg,055748.jpg,Charlotte_Ross,charlotte_ross
28812,28812.jpg,056588.jpg,Charlotte_Ross,charlotte_ross
17063,17063.jpg,001756.jpg,Charlyne_Yi,charlyne_yi
14773,14773.jpg,106828.jpg,Charlyne_Yi,charlyne_yi
23258,23258.jpg,080851.jpg,Chazz_Palminteri,chazz_palminteri
8880,8880.jpg,172320.jpg,Cherie_Currie,cherie_currie
21232,21232.jpg,094575.jpg,Cheryl_Ladd,cheryl_ladd
24482,24482.jpg,100451.jpg,Chevy_Chase,chevy_chase
29956,29956.jpg,067298.jpg,Chevy_Chase,chevy_chase
28557,28557.jpg,003110.jpg,Chevy_Chase,chevy_chase
21470,21470.jpg,036977.jpg,Chevy_Chase,chevy_chase
28776,28776.jpg,039984.jpg,Chevy_Chase,chevy_chase
22853,22853.jpg,152579.jpg,Cheyenne_Jackson,cheyenne_jackson
29375,29375.jpg,030411.jpg,Cheyenne_Jackson,cheyenne_jackson
27184,27184.jpg,102117.jpg,Cheyenne_Jackson,cheyenne_jackson
17936,17936.jpg,163750.jpg,Chiara_Mastroianni,chiara_mastroianni
3263,3263.jpg,167589.jpg,Chiara_Mastroianni,chiara_mastroianni
14964,14964.jpg,178759.jpg,Chiara_Mastroianni,chiara_mastroianni
11670,11670.jpg,172234.jpg,Chiara_Mastroianni,chiara_mastroianni
26658,26658.jpg,176901.jpg,Chiara_Mastroianni,chiara_mastroianni
2335,2335.jpg,181420.jpg,Chiara_Mastroianni,chiara_mastroianni
9092,9092.jpg,180329.jpg,Chiara_Mastroianni,chiara_mastroianni
27053,27053.jpg,180064.jpg,Chiara_Mastroianni,chiara_mastroianni
9125,9125.jpg,166698.jpg,Chiara_Mastroianni,chiara_mastroianni
6459,6459.jpg,179405.jpg,Chiara_Mastroianni,chiara_mastroianni
985,985.jpg,165718.jpg,Chiara_Mastroianni,chiara_mastroianni
12604,12604.jpg,171967.jpg,Chiara_Mastroianni,chiara_mastroianni
17572,17572.jpg,177067.jpg,Chiara_Mastroianni,chiara_mastroianni
24299,24299.jpg,172281.jpg,Chiara_Mastroianni,chiara_mastroianni
27877,27877.jpg,167418.jpg,Chiara_Mastroianni,chiara_mastroianni
25294,25294.jpg,179755.jpg,China_Anne_McClain,china_anne_mcclain
20789,20789.jpg,101232.jpg,Chloe_Bridges,chloe_bridges
16991,16991.jpg,067203.jpg,Chloe_Bridges,chloe_bridges
15792,15792.jpg,124982.jpg,Chris_Bosh,chris_bosh
17443,17443.jpg,036258.jpg,Chris_Bosh,chris_bosh
22774,22774.jpg,145524.jpg,Chris_Bosh,chris_bosh
3339,3339.jpg,125268.jpg,Chris_Hemsworth,chris_hemsworth
3094,3094.jpg,081440.jpg,Chris_Hemsworth,chris_hemsworth
15547,15547.jpg,011766.jpg,Chris_Hemsworth,chris_hemsworth
8105,8105.jpg,126094.jpg,Chris_Hemsworth,chris_hemsworth
14825,14825.jpg,070654.jpg,Chris_Hemsworth,chris_hemsworth
10426,10426.jpg,050840.jpg,Chris_Hemsworth,chris_hemsworth
23617,23617.jpg,044029.jpg,Chris_Hemsworth,chris_hemsworth
15450,15450.jpg,109265.jpg,Chris_Hemsworth,chris_hemsworth
2856,2856.jpg,111492.jpg,Chris_Hemsworth,chris_hemsworth
21795,21795.jpg,113539.jpg,Chris_Hemsworth,chris_hemsworth
9875,9875.jpg,002736.jpg,Chris_Hemsworth,chris_hemsworth
12573,12573.jpg,086858.jpg,Chris_Hemsworth,chris_hemsworth
8231,8231.jpg,110964.jpg,Chris_Hemsworth,chris_hemsworth
3515,3515.jpg,107038.jpg,Chris_Hemsworth,chris_hemsworth
3470,3470.jpg,097211.jpg,Chris_Hemsworth,chris_hemsworth
6042,6042.jpg,108807.jpg,Chris_Hemsworth,chris_hemsworth
14720,14720.jpg,043800.jpg,Chris_Hemsworth,chris_hemsworth
18485,18485.jpg,013098.jpg,Chris_Hemsworth,chris_hemsworth
13234,13234.jpg,111744.jpg,Chris_Hemsworth,chris_hemsworth
25289,25289.jpg,001927.jpg,Chris_Hemsworth,chris_hemsworth
8736,8736.jpg,126275.jpg,Chris_Hemsworth,chris_hemsworth
823,823.jpg,101770.jpg,Chris_Hemsworth,chris_hemsworth
10108,10108.jpg,118017.jpg,Chris_Hemsworth,chris_hemsworth
16865,16865.jpg,143614.jpg,Chris_Pine,chris_pine
28652,28652.jpg,066548.jpg,Chris_Pine,chris_pine
29761,29761.jpg,029102.jpg,Chris_Robinson,chris_robinson
6130,6130.jpg,022491.jpg,Chris_Robinson,chris_robinson
19246,19246.jpg,154343.jpg,Chris_Young,chris_young
19463,19463.jpg,082179.jpg,Chris_Young,chris_young
19521,19521.jpg,043821.jpg,Chris_Young,chris_young
25949,25949.jpg,097180.jpg,Chris_Young,chris_young
15479,15479.jpg,107469.jpg,Chris_Young,chris_young
23530,23530.jpg,035486.jpg,Chris_Young,chris_young
25098,25098.jpg,114993.jpg,Chris_Young,chris_young
875,875.jpg,173022.jpg,Christina_Milian,christina_milian
2489,2489.jpg,173674.jpg,Christina_Milian,christina_milian
2057,2057.jpg,176314.jpg,Christina_Milian,christina_milian
672,672.jpg,169957.jpg,Christina_Milian,christina_milian
1774,1774.jpg,168911.jpg,Christina_Milian,christina_milian
471,471.jpg,172152.jpg,Christina_Milian,christina_milian
10377,10377.jpg,171078.jpg,Christina_Milian,christina_milian
6892,6892.jpg,174891.jpg,Christina_Milian,christina_milian
5639,5639.jpg,167394.jpg,Christina_Milian,christina_milian
1677,1677.jpg,168119.jpg,Christina_Milian,christina_milian
6190,6190.jpg,166549.jpg,Christina_Milian,christina_milian
19959,19959.jpg,172170.jpg,Christina_Milian,christina_milian
27129,27129.jpg,168227.jpg,Christina_Milian,christina_milian
4417,4417.jpg,178120.jpg,Christina_Milian,christina_milian
18651,18651.jpg,176060.jpg,Christina_Milian,christina_milian
28469,28469.jpg,042178.jpg,Christine_Baranski,christine_baranski
11252,11252.jpg,105473.jpg,Christopher_Lambert,christopher_lambert
14677,14677.jpg,047555.jpg,Christopher_Lambert,christopher_lambert
18077,18077.jpg,121093.jpg,Christopher_Lambert,christopher_lambert
24923,24923.jpg,043168.jpg,Christopher_Lambert,christopher_lambert
15145,15145.jpg,052033.jpg,Christopher_Lee,christopher_lee
2476,2476.jpg,140634.jpg,Christopher_Lee,christopher_lee
12389,12389.jpg,086804.jpg,Christopher_Lee,christopher_lee
1519,1519.jpg,019084.jpg,Christopher_Lee,christopher_lee
12406,12406.jpg,104918.jpg,Christopher_Lee,christopher_lee
25835,25835.jpg,110798.jpg,Christopher_Lee,christopher_lee
2897,2897.jpg,107901.jpg,Christopher_Lee,christopher_lee
20767,20767.jpg,005920.jpg,Christopher_Lee,christopher_lee
2182,2182.jpg,125277.jpg,Christopher_Lee,christopher_lee
10873,10873.jpg,147437.jpg,Christopher_Lee,christopher_lee
10284,10284.jpg,139605.jpg,Christopher_Lee,christopher_lee
24499,24499.jpg,096604.jpg,Christopher_Lee,christopher_lee
5430,5430.jpg,139371.jpg,Christopher_Lee,christopher_lee
27725,27725.jpg,117692.jpg,Christopher_Lee,christopher_lee
21540,21540.jpg,147039.jpg,Christopher_Lee,christopher_lee
26128,26128.jpg,075337.jpg,Christopher_Lee,christopher_lee
19545,19545.jpg,146742.jpg,Christopher_Lee,christopher_lee
14749,14749.jpg,123723.jpg,Christopher_Lee,christopher_lee
14588,14588.jpg,142571.jpg,Christopher_Nolan,christopher_nolan
4283,4283.jpg,084915.jpg,Christopher_Nolan,christopher_nolan
10040,10040.jpg,123278.jpg,Christopher_Nolan,christopher_nolan
26889,26889.jpg,019024.jpg,Christopher_Nolan,christopher_nolan
4250,4250.jpg,135636.jpg,Christopher_Nolan,christopher_nolan
28761,28761.jpg,138335.jpg,Christopher_Nolan,christopher_nolan
14785,14785.jpg,073876.jpg,Christopher_Nolan,christopher_nolan
8351,8351.jpg,133048.jpg,Christopher_Nolan,christopher_nolan
22083,22083.jpg,131586.jpg,Christopher_Nolan,christopher_nolan
25361,25361.jpg,004092.jpg,Christopher_Nolan,christopher_nolan
15082,15082.jpg,114705.jpg,Christopher_Nolan,christopher_nolan
22167,22167.jpg,071558.jpg,Christopher_Nolan,christopher_nolan
12751,12751.jpg,102380.jpg,Christopher_Nolan,christopher_nolan
20910,20910.jpg,053402.jpg,Christopher_Nolan,christopher_nolan
5503,5503.jpg,059183.jpg,Christopher_Nolan,christopher_nolan
12375,12375.jpg,014266.jpg,Christopher_Nolan,christopher_nolan
18845,18845.jpg,074301.jpg,Christopher_Nolan,christopher_nolan
694,694.jpg,142506.jpg,Christopher_Nolan,christopher_nolan
15058,15058.jpg,057166.jpg,Christopher_Nolan,christopher_nolan
16861,16861.jpg,054658.jpg,Christopher_Nolan,christopher_nolan
28714,28714.jpg,103757.jpg,Christopher_Plummer,christopher_plummer
22669,22669.jpg,119095.jpg,Chyna,chyna
25116,25116.jpg,024982.jpg,Claire_Foy,claire_foy
19028,19028.jpg,135715.jpg,Claire_Foy,claire_foy
16538,16538.jpg,137744.jpg,Claire_Foy,claire_foy
25611,25611.jpg,081992.jpg,Claire_Foy,claire_foy
15183,15183.jpg,037714.jpg,Claire_Foy,claire_foy
24836,24836.jpg,036968.jpg,Claire_Foy,claire_foy
20824,20824.jpg,167619.jpg,Clancy_Brown,clancy_brown
13440,13440.jpg,165334.jpg,Clancy_Brown,clancy_brown
22903,22903.jpg,182471.jpg,Clancy_Brown,clancy_brown
15378,15378.jpg,087177.jpg,Clara_Lago,clara_lago
7778,7778.jpg,121953.jpg,Clara_Lago,clara_lago
7171,7171.jpg,159189.jpg,Clara_Lago,clara_lago
7496,7496.jpg,055371.jpg,Clara_Lago,clara_lago
17237,17237.jpg,060635.jpg,Clara_Lago,clara_lago
2428,2428.jpg,048107.jpg,Claudia_Jordan,claudia_jordan
4548,4548.jpg,070500.jpg,Claudia_Jordan,claudia_jordan
1656,1656.jpg,031965.jpg,Claudia_Jordan,claudia_jordan
13804,13804.jpg,093429.jpg,Claudia_Jordan,claudia_jordan
9610,9610.jpg,025247.jpg,Claudia_Jordan,claudia_jordan
6389,6389.jpg,004671.jpg,Claudia_Jordan,claudia_jordan
15269,15269.jpg,050946.jpg,Claudia_Karvan,claudia_karvan
16583,16583.jpg,081921.jpg,Claudia_Karvan,claudia_karvan
12197,12197.jpg,160210.jpg,Claudia_Karvan,claudia_karvan
28050,28050.jpg,010190.jpg,Claudia_Karvan,claudia_karvan
11560,11560.jpg,005798.jpg,Claudia_Karvan,claudia_karvan
19332,19332.jpg,045133.jpg,Claudia_Karvan,claudia_karvan
7216,7216.jpg,169499.jpg,Clemence_Poesy,clemence_poesy
1490,1490.jpg,179537.jpg,Clemence_Poesy,clemence_poesy
16848,16848.jpg,176122.jpg,Clemence_Poesy,clemence_poesy
4285,4285.jpg,181182.jpg,Clemence_Poesy,clemence_poesy
4901,4901.jpg,176734.jpg,Clemence_Poesy,clemence_poesy
1250,1250.jpg,181062.jpg,Clemence_Poesy,clemence_poesy
6363,6363.jpg,173782.jpg,Clemence_Poesy,clemence_poesy
15845,15845.jpg,180238.jpg,Clemence_Poesy,clemence_poesy
4615,4615.jpg,166897.jpg,Clemence_Poesy,clemence_poesy
19140,19140.jpg,166667.jpg,Clemence_Poesy,clemence_poesy
4115,4115.jpg,166812.jpg,Clemence_Poesy,clemence_poesy
2924,2924.jpg,172731.jpg,Clemence_Poesy,clemence_poesy
29046,29046.jpg,177651.jpg,Clemence_Poesy,clemence_poesy
1540,1540.jpg,175527.jpg,Clemence_Poesy,clemence_poesy
10733,10733.jpg,174993.jpg,Clemence_Poesy,clemence_poesy
3325,3325.jpg,168213.jpg,Clemence_Poesy,clemence_poesy
6711,6711.jpg,167497.jpg,Clemence_Poesy,clemence_poesy
4944,4944.jpg,173239.jpg,Clemence_Poesy,clemence_poesy
2181,2181.jpg,165208.jpg,Clemence_Poesy,clemence_poesy
15870,15870.jpg,036359.jpg,Cliff_Curtis,cliff_curtis
29298,29298.jpg,127027.jpg,Cole_Hauser,cole_hauser
27747,27747.jpg,182197.jpg,Colleen_Shannon,colleen_shannon
14103,14103.jpg,163842.jpg,Colleen_Shannon,colleen_shannon
29595,29595.jpg,173508.jpg,Colleen_Shannon,colleen_shannon
23425,23425.jpg,170350.jpg,Colleen_Shannon,colleen_shannon
26588,26588.jpg,168896.jpg,Colleen_Shannon,colleen_shannon
15779,15779.jpg,173189.jpg,Colleen_Shannon,colleen_shannon
12574,12574.jpg,094795.jpg,Colm_Meaney,colm_meaney
28968,28968.jpg,168581.jpg,Columbus_Short,columbus_short
25536,25536.jpg,179136.jpg,Columbus_Short,columbus_short
16534,16534.jpg,159942.jpg,Conan_O_Brien,conan_o_brien
17974,17974.jpg,008125.jpg,Connie_Sellecca,connie_sellecca
28627,28627.jpg,078397.jpg,Connie_Sellecca,connie_sellecca
12805,12805.jpg,002142.jpg,Connie_Sellecca,connie_sellecca
12933,12933.jpg,146567.jpg,Connie_Sellecca,connie_sellecca
28891,28891.jpg,095213.jpg,Connie_Sellecca,connie_sellecca
12806,12806.jpg,115018.jpg,Connie_Sellecca,connie_sellecca
14213,14213.jpg,150576.jpg,Constance_Zimmer,constance_zimmer
22110,22110.jpg,073144.jpg,Constance_Zimmer,constance_zimmer
3606,3606.jpg,128711.jpg,Courtney_Stodden,courtney_stodden
23416,23416.jpg,050712.jpg,Courtney_Stodden,courtney_stodden
17137,17137.jpg,146355.jpg,Courtney_Stodden,courtney_stodden
7971,7971.jpg,022516.jpg,Courtney_Stodden,courtney_stodden
19701,19701.jpg,005409.jpg,Courtney_Stodden,courtney_stodden
19699,19699.jpg,153919.jpg,Courtney_Stodden,courtney_stodden
27617,27617.jpg,101767.jpg,Courtney_Stodden,courtney_stodden
5377,5377.jpg,180562.jpg,Crystal_Gayle,crystal_gayle
17074,17074.jpg,045566.jpg,Crystal_Harris,crystal_harris
2997,2997.jpg,161997.jpg,Crystal_Harris,crystal_harris
15587,15587.jpg,137142.jpg,Crystal_Harris,crystal_harris
17248,17248.jpg,137777.jpg,Crystal_Harris,crystal_harris
20808,20808.jpg,043616.jpg,Crystal_Harris,crystal_harris
11394,11394.jpg,086619.jpg,Crystal_Harris,crystal_harris
24124,24124.jpg,042422.jpg,Crystal_Harris,crystal_harris
12272,12272.jpg,080126.jpg,Crystal_Harris,crystal_harris
18083,18083.jpg,157774.jpg,Crystal_Harris,crystal_harris
13000,13000.jpg,150738.jpg,Crystal_Harris,crystal_harris
17177,17177.jpg,019288.jpg,Crystal_Harris,crystal_harris
20002,20002.jpg,149603.jpg,DJ_Ashba,dj_ashba
12966,12966.jpg,090739.jpg,DJ_Ashba,dj_ashba
17458,17458.jpg,076668.jpg,DJ_Ashba,dj_ashba
26294,26294.jpg,174000.jpg,Daddy_Yankee,daddy_yankee
19517,19517.jpg,177812.jpg,Dakota_Fanning,dakota_fanning
23449,23449.jpg,086906.jpg,Damian_Lewis,damian_lewis
22157,22157.jpg,154283.jpg,Damian_Lewis,damian_lewis
29356,29356.jpg,005635.jpg,Damian_Lewis,damian_lewis
11234,11234.jpg,153034.jpg,Damian_Lewis,damian_lewis
13047,13047.jpg,014349.jpg,Damon_Albarn,damon_albarn
18911,18911.jpg,144997.jpg,Damon_Albarn,damon_albarn
19745,19745.jpg,089696.jpg,Damon_Albarn,damon_albarn
19051,19051.jpg,101892.jpg,Damon_Albarn,damon_albarn
16595,16595.jpg,071921.jpg,Damon_Albarn,damon_albarn
9983,9983.jpg,060637.jpg,Damon_Albarn,damon_albarn
5052,5052.jpg,027798.jpg,Damon_Albarn,damon_albarn
21786,21786.jpg,148852.jpg,Damon_Albarn,damon_albarn
5137,5137.jpg,138844.jpg,Damon_Albarn,damon_albarn
13127,13127.jpg,098968.jpg,Damon_Albarn,damon_albarn
16882,16882.jpg,035574.jpg,Damon_Albarn,damon_albarn
25161,25161.jpg,105753.jpg,Dan_Lauria,dan_lauria
12575,12575.jpg,019561.jpg,Dan_Lauria,dan_lauria
15351,15351.jpg,159343.jpg,Dan_Lauria,dan_lauria
13148,13148.jpg,159603.jpg,Dan_Lauria,dan_lauria
29729,29729.jpg,081527.jpg,Dan_Lauria,dan_lauria
7077,7077.jpg,004914.jpg,Dana_Plato,dana_plato
14202,14202.jpg,159152.jpg,Dana_Plato,dana_plato
6616,6616.jpg,101670.jpg,Dana_Plato,dana_plato
18353,18353.jpg,175629.jpg,Daniel_Dae_Kim,daniel_dae_kim
21194,21194.jpg,177991.jpg,Daniel_Dae_Kim,daniel_dae_kim
11260,11260.jpg,118463.jpg,Daniel_Gillies,daniel_gillies
5710,5710.jpg,084073.jpg,Daniel_Gillies,daniel_gillies
1439,1439.jpg,044448.jpg,Daniel_Gillies,daniel_gillies
5183,5183.jpg,116624.jpg,Daniel_Gillies,daniel_gillies
28494,28494.jpg,115878.jpg,Daniel_Gillies,daniel_gillies
11830,11830.jpg,058063.jpg,Daniel_Gillies,daniel_gillies
16734,16734.jpg,089187.jpg,Daniel_Gillies,daniel_gillies
1312,1312.jpg,104700.jpg,Daniel_Gillies,daniel_gillies
4069,4069.jpg,003747.jpg,Daniel_Gillies,daniel_gillies
18027,18027.jpg,130976.jpg,Danna_Paola,danna_paola
16561,16561.jpg,013668.jpg,Danna_Paola,danna_paola
10087,10087.jpg,052456.jpg,Danna_Paola,danna_paola
7072,7072.jpg,127542.jpg,Danna_Paola,danna_paola
5734,5734.jpg,049494.jpg,Dannii_Minogue,dannii_minogue
1839,1839.jpg,151939.jpg,Dannii_Minogue,dannii_minogue
16131,16131.jpg,001734.jpg,Dannii_Minogue,dannii_minogue
18939,18939.jpg,074637.jpg,Dannii_Minogue,dannii_minogue
20650,20650.jpg,125870.jpg,Dannii_Minogue,dannii_minogue
3315,3315.jpg,091789.jpg,Dannii_Minogue,dannii_minogue
7745,7745.jpg,002110.jpg,Dannii_Minogue,dannii_minogue
10140,10140.jpg,029272.jpg,Dannii_Minogue,dannii_minogue
10328,10328.jpg,052114.jpg,Dannii_Minogue,dannii_minogue
5157,5157.jpg,022324.jpg,Dannii_Minogue,dannii_minogue
3498,3498.jpg,099051.jpg,Dannii_Minogue,dannii_minogue
4610,4610.jpg,140007.jpg,Dannii_Minogue,dannii_minogue
24708,24708.jpg,079086.jpg,Dannii_Minogue,dannii_minogue
17227,17227.jpg,103273.jpg,Dannii_Minogue,dannii_minogue
29368,29368.jpg,033667.jpg,Dannii_Minogue,dannii_minogue
17272,17272.jpg,035322.jpg,Danny_Bonaduce,danny_bonaduce
27754,27754.jpg,126427.jpg,Danny_Bonaduce,danny_bonaduce
18606,18606.jpg,060369.jpg,Danny_Huston,danny_huston
11503,11503.jpg,042484.jpg,Danny_Huston,danny_huston
29196,29196.jpg,098619.jpg,Danny_Huston,danny_huston
21035,21035.jpg,044379.jpg,Danny_Huston,danny_huston
20748,20748.jpg,130082.jpg,Danny_Huston,danny_huston
28496,28496.jpg,070029.jpg,Danny_Huston,danny_huston
21970,21970.jpg,175437.jpg,Danny_Jones,danny_jones
29909,29909.jpg,166254.jpg,Danny_Jones,danny_jones
21909,21909.jpg,176129.jpg,Danny_Jones,danny_jones
3378,3378.jpg,168066.jpg,Danny_Jones,danny_jones
23183,23183.jpg,165597.jpg,Danny_Jones,danny_jones
24548,24548.jpg,164516.jpg,Danny_Jones,danny_jones
20329,20329.jpg,181067.jpg,Danny_Jones,danny_jones
4637,4637.jpg,162499.jpg,Darren_Aronofsky,darren_aronofsky
11090,11090.jpg,092444.jpg,Darren_Aronofsky,darren_aronofsky
28150,28150.jpg,134790.jpg,Darren_Aronofsky,darren_aronofsky
25715,25715.jpg,135001.jpg,Darren_Aronofsky,darren_aronofsky
247,247.jpg,135081.jpg,Darren_Aronofsky,darren_aronofsky
22654,22654.jpg,059249.jpg,Darren_Aronofsky,darren_aronofsky
2579,2579.jpg,104217.jpg,Darren_Aronofsky,darren_aronofsky
13577,13577.jpg,028903.jpg,Darren_Aronofsky,darren_aronofsky
1302,1302.jpg,150026.jpg,Darren_Aronofsky,darren_aronofsky
10774,10774.jpg,108893.jpg,Darren_Criss,darren_criss
17162,17162.jpg,048795.jpg,Darren_Criss,darren_criss
25569,25569.jpg,091070.jpg,Darren_Criss,darren_criss
9026,9026.jpg,133147.jpg,Darren_Criss,darren_criss
4300,4300.jpg,134500.jpg,Darren_Criss,darren_criss
1123,1123.jpg,030503.jpg,Darren_Criss,darren_criss
16485,16485.jpg,085921.jpg,Darren_Criss,darren_criss
15175,15175.jpg,011640.jpg,Darren_Criss,darren_criss
8139,8139.jpg,149740.jpg,Darren_Criss,darren_criss
681,681.jpg,050604.jpg,Darren_Criss,darren_criss
16617,16617.jpg,031260.jpg,Darren_Criss,darren_criss
10249,10249.jpg,060453.jpg,Darren_Criss,darren_criss
5642,5642.jpg,109613.jpg,Darren_Criss,darren_criss
6646,6646.jpg,039522.jpg,Darren_Criss,darren_criss
2707,2707.jpg,091112.jpg,Darren_Criss,darren_criss
8671,8671.jpg,134315.jpg,Darren_Criss,darren_criss
1419,1419.jpg,119642.jpg,Dave_Bautista,dave_bautista
6745,6745.jpg,131596.jpg,Dave_Bautista,dave_bautista
15178,15178.jpg,004852.jpg,Dave_Bautista,dave_bautista
23952,23952.jpg,151385.jpg,Dave_Bautista,dave_bautista
9867,9867.jpg,089629.jpg,Dave_Bautista,dave_bautista
17704,17704.jpg,012290.jpg,Dave_Navarro,dave_navarro
5954,5954.jpg,148166.jpg,Dave_Navarro,dave_navarro
5293,5293.jpg,101038.jpg,Dave_Navarro,dave_navarro
27577,27577.jpg,037049.jpg,Dave_Navarro,dave_navarro
387,387.jpg,040667.jpg,Dave_Navarro,dave_navarro
23798,23798.jpg,153102.jpg,Dave_Navarro,dave_navarro
23014,23014.jpg,010852.jpg,Dave_Navarro,dave_navarro
13945,13945.jpg,155878.jpg,David_Alan_Grier,david_alan_grier
20866,20866.jpg,042955.jpg,David_Alan_Grier,david_alan_grier
10820,10820.jpg,143395.jpg,David_Banner,david_banner
21657,21657.jpg,002768.jpg,David_Banner,david_banner
11425,11425.jpg,043432.jpg,David_Banner,david_banner
9287,9287.jpg,044826.jpg,David_Banner,david_banner
24448,24448.jpg,016010.jpg,David_Banner,david_banner
18993,18993.jpg,063305.jpg,David_Banner,david_banner
14158,14158.jpg,053586.jpg,David_Banner,david_banner
18267,18267.jpg,093713.jpg,David_Burtka,david_burtka
21637,21637.jpg,097606.jpg,David_Burtka,david_burtka
19710,19710.jpg,162778.jpg,David_Byrne,david_byrne
23195,23195.jpg,178944.jpg,David_Byrne,david_byrne
13169,13169.jpg,168848.jpg,David_Byrne,david_byrne
21065,21065.jpg,180578.jpg,David_Byrne,david_byrne
12563,12563.jpg,171564.jpg,David_Byrne,david_byrne
14369,14369.jpg,177041.jpg,David_Byrne,david_byrne
21491,21491.jpg,101871.jpg,David_Faustino,david_faustino
8901,8901.jpg,107080.jpg,David_Gandy,david_gandy
7022,7022.jpg,025721.jpg,David_Gandy,david_gandy
1009,1009.jpg,047314.jpg,David_Gandy,david_gandy
25806,25806.jpg,093370.jpg,David_Gandy,david_gandy
7995,7995.jpg,039844.jpg,David_Gandy,david_gandy
13909,13909.jpg,128423.jpg,David_Gandy,david_gandy
11099,11099.jpg,082506.jpg,David_Gandy,david_gandy
27201,27201.jpg,117241.jpg,David_Gandy,david_gandy
6016,6016.jpg,116081.jpg,David_Gandy,david_gandy
8912,8912.jpg,013796.jpg,David_Gandy,david_gandy
14661,14661.jpg,017552.jpg,David_Gandy,david_gandy
4831,4831.jpg,089247.jpg,David_Gandy,david_gandy
17895,17895.jpg,127902.jpg,David_Gandy,david_gandy
9343,9343.jpg,007123.jpg,David_Gandy,david_gandy
12953,12953.jpg,155765.jpg,David_Gandy,david_gandy
12336,12336.jpg,095772.jpg,David_Giuntoli,david_giuntoli
15931,15931.jpg,103486.jpg,David_Giuntoli,david_giuntoli
3379,3379.jpg,156597.jpg,David_Giuntoli,david_giuntoli
8530,8530.jpg,156814.jpg,David_Giuntoli,david_giuntoli
15118,15118.jpg,120038.jpg,David_Giuntoli,david_giuntoli
12056,12056.jpg,073943.jpg,David_Giuntoli,david_giuntoli
21612,21612.jpg,049162.jpg,David_Giuntoli,david_giuntoli
12057,12057.jpg,086755.jpg,David_Giuntoli,david_giuntoli
10305,10305.jpg,033258.jpg,David_Giuntoli,david_giuntoli
2487,2487.jpg,107911.jpg,David_Giuntoli,david_giuntoli
26944,26944.jpg,127574.jpg,David_Koch,david_koch
14458,14458.jpg,153390.jpg,David_Koch,david_koch
25556,25556.jpg,148373.jpg,David_Kross,david_kross
26365,26365.jpg,044090.jpg,David_Kross,david_kross
16471,16471.jpg,120121.jpg,David_Kross,david_kross
3528,3528.jpg,120291.jpg,David_Kross,david_kross
21395,21395.jpg,034485.jpg,David_Kross,david_kross
18736,18736.jpg,005397.jpg,David_Kross,david_kross
27958,27958.jpg,167466.jpg,David_Krumholtz,david_krumholtz
24233,24233.jpg,166400.jpg,David_Krumholtz,david_krumholtz
16650,16650.jpg,014993.jpg,David_Reutimann,david_reutimann
15900,15900.jpg,013602.jpg,David_Suchet,david_suchet
13762,13762.jpg,018022.jpg,David_Suchet,david_suchet
26161,26161.jpg,104071.jpg,David_Suchet,david_suchet
16620,16620.jpg,029476.jpg,David_Suchet,david_suchet
26388,26388.jpg,112856.jpg,David_Suchet,david_suchet
3828,3828.jpg,178508.jpg,David_Tennant,david_tennant
11009,11009.jpg,169472.jpg,David_Tennant,david_tennant
24234,24234.jpg,169034.jpg,David_Tennant,david_tennant
6359,6359.jpg,163786.jpg,David_Tennant,david_tennant
10441,10441.jpg,165093.jpg,David_Tennant,david_tennant
25717,25717.jpg,163799.jpg,David_Tennant,david_tennant
12363,12363.jpg,182260.jpg,David_Tennant,david_tennant
477,477.jpg,168039.jpg,David_Tennant,david_tennant
7822,7822.jpg,167009.jpg,David_Tennant,david_tennant
12238,12238.jpg,163284.jpg,David_Tennant,david_tennant
1669,1669.jpg,178329.jpg,David_Tennant,david_tennant
12015,12015.jpg,163898.jpg,David_Tennant,david_tennant
2045,2045.jpg,170108.jpg,David_Tennant,david_tennant
7814,7814.jpg,175732.jpg,David_Tennant,david_tennant
4804,4804.jpg,007550.jpg,Dawn_Richard,dawn_richard
3338,3338.jpg,050133.jpg,Dawn_Richard,dawn_richard
29723,29723.jpg,006664.jpg,Dax_Shepard,dax_shepard
29758,29758.jpg,033827.jpg,Dax_Shepard,dax_shepard
19552,19552.jpg,130671.jpg,Dean_Butler,dean_butler
19586,19586.jpg,012325.jpg,Dean_Butler,dean_butler
9276,9276.jpg,045174.jpg,Dean_Geyer,dean_geyer
11939,11939.jpg,016389.jpg,Dean_Geyer,dean_geyer
13618,13618.jpg,131858.jpg,Dean_Geyer,dean_geyer
10971,10971.jpg,115745.jpg,Dean_Geyer,dean_geyer
16543,16543.jpg,001693.jpg,Dean_Geyer,dean_geyer
12350,12350.jpg,055180.jpg,Deborah_Kerr,deborah_kerr
27088,27088.jpg,023504.jpg,Deborah_Kerr,deborah_kerr
23790,23790.jpg,101042.jpg,Deborah_Kerr,deborah_kerr
11030,11030.jpg,153128.jpg,Deborah_Kerr,deborah_kerr
702,702.jpg,088228.jpg,Deborah_Kerr,deborah_kerr
3152,3152.jpg,140315.jpg,Deborah_Kerr,deborah_kerr
19577,19577.jpg,041476.jpg,Deborah_Kerr,deborah_kerr
2594,2594.jpg,026271.jpg,Deborah_Kerr,deborah_kerr
6188,6188.jpg,086899.jpg,Dee_Wallace,dee_wallace
23203,23203.jpg,032997.jpg,Dee_Wallace,dee_wallace
832,832.jpg,125536.jpg,Dee_Wallace,dee_wallace
6864,6864.jpg,145775.jpg,Dee_Wallace,dee_wallace
9789,9789.jpg,035438.jpg,Dee_Wallace,dee_wallace
9001,9001.jpg,035876.jpg,Dee_Wallace,dee_wallace
6614,6614.jpg,020597.jpg,Dee_Wallace,dee_wallace
22567,22567.jpg,018921.jpg,Dee_Wallace,dee_wallace
16654,16654.jpg,145749.jpg,Deidre_Hall,deidre_hall
8630,8630.jpg,142880.jpg,Deidre_Hall,deidre_hall
3162,3162.jpg,111466.jpg,Deidre_Hall,deidre_hall
925,925.jpg,139698.jpg,Deidre_Hall,deidre_hall
20089,20089.jpg,084860.jpg,Deidre_Hall,deidre_hall
21092,21092.jpg,107967.jpg,Deidre_Hall,deidre_hall
17861,17861.jpg,052600.jpg,Deidre_Hall,deidre_hall
1110,1110.jpg,100132.jpg,Deidre_Hall,deidre_hall
846,846.jpg,018911.jpg,Deidre_Hall,deidre_hall
23715,23715.jpg,023471.jpg,Delroy_Lindo,delroy_lindo
29530,29530.jpg,140455.jpg,Delroy_Lindo,delroy_lindo
19058,19058.jpg,129945.jpg,Delroy_Lindo,delroy_lindo
18117,18117.jpg,076139.jpg,Delroy_Lindo,delroy_lindo
17548,17548.jpg,146609.jpg,Delroy_Lindo,delroy_lindo
27961,27961.jpg,071016.jpg,Delroy_Lindo,delroy_lindo
29364,29364.jpg,040962.jpg,Delroy_Lindo,delroy_lindo
19421,19421.jpg,166893.jpg,Dennis_Quaid,dennis_quaid
16070,16070.jpg,181289.jpg,Dennis_Quaid,dennis_quaid
16938,16938.jpg,173479.jpg,Dennis_Quaid,dennis_quaid
25269,25269.jpg,175625.jpg,Dennis_Quaid,dennis_quaid
26485,26485.jpg,177481.jpg,Dennis_Quaid,dennis_quaid
25148,25148.jpg,180681.jpg,Dennis_Quaid,dennis_quaid
27077,27077.jpg,009502.jpg,Denny_Hamlin,denny_hamlin
27142,27142.jpg,102715.jpg,Derek_Fisher,derek_fisher
18390,18390.jpg,137066.jpg,Derek_Fisher,derek_fisher
21601,21601.jpg,051679.jpg,Dermot_Mulroney,dermot_mulroney
18212,18212.jpg,025122.jpg,Dermot_Mulroney,dermot_mulroney
23765,23765.jpg,139665.jpg,Deron_Williams,deron_williams
5771,5771.jpg,061882.jpg,Devon_Sawa,devon_sawa
21626,21626.jpg,114393.jpg,Devon_Sawa,devon_sawa
14922,14922.jpg,161430.jpg,Devon_Sawa,devon_sawa
6934,6934.jpg,162043.jpg,Devon_Sawa,devon_sawa
25089,25089.jpg,105220.jpg,Devon_Sawa,devon_sawa
15546,15546.jpg,072841.jpg,Devon_Sawa,devon_sawa
15582,15582.jpg,058506.jpg,Devon_Sawa,devon_sawa
7676,7676.jpg,076289.jpg,Devon_Sawa,devon_sawa
20367,20367.jpg,042969.jpg,Diablo_Cody,diablo_cody
25314,25314.jpg,099684.jpg,Diablo_Cody,diablo_cody
119,119.jpg,097317.jpg,Diablo_Cody,diablo_cody
29016,29016.jpg,079663.jpg,Diablo_Cody,diablo_cody
2634,2634.jpg,157186.jpg,Diablo_Cody,diablo_cody
3402,3402.jpg,083539.jpg,Diablo_Cody,diablo_cody
12241,12241.jpg,023808.jpg,Diablo_Cody,diablo_cody
24186,24186.jpg,093909.jpg,Diablo_Cody,diablo_cody
24173,24173.jpg,102576.jpg,Diablo_Cody,diablo_cody
2864,2864.jpg,051191.jpg,Diablo_Cody,diablo_cody
29251,29251.jpg,137986.jpg,Diablo_Cody,diablo_cody
18364,18364.jpg,179941.jpg,Diana_Penty,diana_penty
18811,18811.jpg,180162.jpg,Diana_Penty,diana_penty
21987,21987.jpg,177410.jpg,Diana_Penty,diana_penty
12820,12820.jpg,177275.jpg,Diana_Penty,diana_penty
9168,9168.jpg,168194.jpg,Diana_Penty,diana_penty
17901,17901.jpg,173125.jpg,Diana_Penty,diana_penty
28965,28965.jpg,174305.jpg,Diana_Penty,diana_penty
15990,15990.jpg,174799.jpg,Diana_Penty,diana_penty
23983,23983.jpg,173130.jpg,Diana_Penty,diana_penty
13805,13805.jpg,172761.jpg,Diana_Penty,diana_penty
7606,7606.jpg,173811.jpg,Diana_Penty,diana_penty
29771,29771.jpg,169410.jpg,Diane_Neal,diane_neal
1640,1640.jpg,163255.jpg,Diane_Neal,diane_neal
7869,7869.jpg,176093.jpg,Diane_Neal,diane_neal
23005,23005.jpg,049448.jpg,Diane_Von_Furstenberg,diane_von_furstenberg
28428,28428.jpg,062918.jpg,Diane_Von_Furstenberg,diane_von_furstenberg
24144,24144.jpg,010920.jpg,Diane_Von_Furstenberg,diane_von_furstenberg
28754,28754.jpg,138739.jpg,Dianna_Agron,dianna_agron
16057,16057.jpg,039772.jpg,Dianne_Wiest,dianne_wiest
2154,2154.jpg,089105.jpg,Didier_Cohen,didier_cohen
17592,17592.jpg,031330.jpg,Didier_Cohen,didier_cohen
22855,22855.jpg,077354.jpg,Didier_Cohen,didier_cohen
28493,28493.jpg,059465.jpg,Didier_Cohen,didier_cohen
18648,18648.jpg,078474.jpg,Didier_Cohen,didier_cohen
6840,6840.jpg,085934.jpg,Didier_Drogba,didier_drogba
5488,5488.jpg,044909.jpg,Didier_Drogba,didier_drogba
12550,12550.jpg,078986.jpg,Didier_Drogba,didier_drogba
24416,24416.jpg,049298.jpg,Didier_Drogba,didier_drogba
2456,2456.jpg,097586.jpg,Didier_Drogba,didier_drogba
16295,16295.jpg,041314.jpg,Didier_Drogba,didier_drogba
7715,7715.jpg,146268.jpg,Diego_Boneta,diego_boneta
29951,29951.jpg,133390.jpg,Diego_Boneta,diego_boneta
9569,9569.jpg,064088.jpg,Diego_Boneta,diego_boneta
4807,4807.jpg,087377.jpg,Diego_Boneta,diego_boneta
22101,22101.jpg,101628.jpg,Diego_Boneta,diego_boneta
15697,15697.jpg,020869.jpg,Diego_Boneta,diego_boneta
26108,26108.jpg,132859.jpg,Diego_Boneta,diego_boneta
19962,19962.jpg,025919.jpg,Diego_Boneta,diego_boneta
19135,19135.jpg,088101.jpg,Diego_Boneta,diego_boneta
8946,8946.jpg,009858.jpg,Diego_Boneta,diego_boneta
25594,25594.jpg,147478.jpg,Diego_Boneta,diego_boneta
8497,8497.jpg,043971.jpg,Diego_Boneta,diego_boneta
9858,9858.jpg,172673.jpg,Dina_Eastwood,dina_eastwood
12058,12058.jpg,171304.jpg,Dina_Eastwood,dina_eastwood
27649,27649.jpg,058762.jpg,Dina_Lohan,dina_lohan
5755,5755.jpg,110336.jpg,Diora_Baird,diora_baird
8291,8291.jpg,157293.jpg,Diora_Baird,diora_baird
13097,13097.jpg,056968.jpg,Diora_Baird,diora_baird
9058,9058.jpg,026574.jpg,Diora_Baird,diora_baird
5964,5964.jpg,084908.jpg,Diora_Baird,diora_baird
28918,28918.jpg,073019.jpg,Diora_Baird,diora_baird
6348,6348.jpg,078263.jpg,Diora_Baird,diora_baird
4710,4710.jpg,087776.jpg,Diora_Baird,diora_baird
11865,11865.jpg,029411.jpg,Diora_Baird,diora_baird
11934,11934.jpg,097225.jpg,Diora_Baird,diora_baird
7270,7270.jpg,097812.jpg,Diora_Baird,diora_baird
3328,3328.jpg,151702.jpg,Diora_Baird,diora_baird
2385,2385.jpg,054706.jpg,Diora_Baird,diora_baird
5295,5295.jpg,063264.jpg,Diora_Baird,diora_baird
17540,17540.jpg,066558.jpg,Diora_Baird,diora_baird
2592,2592.jpg,011036.jpg,Diora_Baird,diora_baird
3629,3629.jpg,118882.jpg,Diora_Baird,diora_baird
2995,2995.jpg,160736.jpg,Diora_Baird,diora_baird
8504,8504.jpg,150206.jpg,Diora_Baird,diora_baird
27396,27396.jpg,147345.jpg,Diora_Baird,diora_baird
28741,28741.jpg,156937.jpg,Diora_Baird,diora_baird
24048,24048.jpg,002987.jpg,Djimon_Hounsou,djimon_hounsou
26499,26499.jpg,070863.jpg,Dmitry_Rybolovlev,dmitry_rybolovlev
14929,14929.jpg,182630.jpg,Donal_Logue,donal_logue
9105,9105.jpg,022379.jpg,Donald_Glover,donald_glover
22244,22244.jpg,070074.jpg,Donald_Glover,donald_glover
4761,4761.jpg,129431.jpg,Donald_Glover,donald_glover
27693,27693.jpg,157084.jpg,Donald_Glover,donald_glover
8183,8183.jpg,036083.jpg,Donald_Glover,donald_glover
16398,16398.jpg,089197.jpg,Donald_Glover,donald_glover
168,168.jpg,113767.jpg,Donald_Glover,donald_glover
15019,15019.jpg,175236.jpg,Donald_Pleasence,donald_pleasence
2460,2460.jpg,171694.jpg,Donald_Pleasence,donald_pleasence
10524,10524.jpg,173269.jpg,Donald_Pleasence,donald_pleasence
21184,21184.jpg,174309.jpg,Donald_Pleasence,donald_pleasence
6957,6957.jpg,164164.jpg,Donald_Pleasence,donald_pleasence
4949,4949.jpg,165650.jpg,Donald_Pleasence,donald_pleasence
16475,16475.jpg,134401.jpg,Donald_Sutherland,donald_sutherland
23662,23662.jpg,157784.jpg,Donald_Sutherland,donald_sutherland
20562,20562.jpg,025443.jpg,Donald_Sutherland,donald_sutherland
19880,19880.jpg,087852.jpg,Donald_Sutherland,donald_sutherland
18281,18281.jpg,109762.jpg,Doug_Jones,doug_jones
22824,22824.jpg,136485.jpg,Doug_Jones,doug_jones
20524,20524.jpg,130496.jpg,Doug_Jones,doug_jones
10809,10809.jpg,035396.jpg,Doug_Jones,doug_jones
24501,24501.jpg,011488.jpg,Doug_Jones,doug_jones
762,762.jpg,004403.jpg,Doug_Jones,doug_jones
28005,28005.jpg,150620.jpg,Dougray_Scott,dougray_scott
24995,24995.jpg,070023.jpg,Doyle_Bramhall_II,doyle_bramhall_ii
28604,28604.jpg,159410.jpg,Dulce_Maria,dulce_maria
10706,10706.jpg,165255.jpg,Dwight_Howard,dwight_howard
13141,13141.jpg,177703.jpg,Dwight_Howard,dwight_howard
26753,26753.jpg,168485.jpg,Dwight_Howard,dwight_howard
10457,10457.jpg,164607.jpg,Dwight_Howard,dwight_howard
7549,7549.jpg,165546.jpg,Dwight_Howard,dwight_howard
10037,10037.jpg,171138.jpg,Dwight_Howard,dwight_howard
8055,8055.jpg,179044.jpg,Dwight_Howard,dwight_howard
12716,12716.jpg,130611.jpg,Dwyane_Wade,dwyane_wade
16942,16942.jpg,119023.jpg,Dwyane_Wade,dwyane_wade
22985,22985.jpg,016561.jpg,Dwyane_Wade,dwyane_wade
27658,27658.jpg,105674.jpg,Dwyane_Wade,dwyane_wade
13009,13009.jpg,143925.jpg,Dwyane_Wade,dwyane_wade
17438,17438.jpg,126864.jpg,Dylan_McDermott,dylan_mcdermott
20014,20014.jpg,130259.jpg,Dylan_McDermott,dylan_mcdermott
25712,25712.jpg,000229.jpg,Ed_Helms,ed_helms
27367,27367.jpg,106794.jpg,Ed_Helms,ed_helms
27620,27620.jpg,030602.jpg,Ed_Helms,ed_helms
26595,26595.jpg,027210.jpg,Eddie_Griffin,eddie_griffin
21840,21840.jpg,069495.jpg,Eddie_Griffin,eddie_griffin
15754,15754.jpg,167507.jpg,Eddie_Izzard,eddie_izzard
23674,23674.jpg,181840.jpg,Eddie_Izzard,eddie_izzard
23898,23898.jpg,164906.jpg,Eddie_Izzard,eddie_izzard
22104,22104.jpg,107929.jpg,Eddie_Murphy,eddie_murphy
24617,24617.jpg,109551.jpg,Eddie_Murphy,eddie_murphy
27293,27293.jpg,135525.jpg,Eddie_Murphy,eddie_murphy
23279,23279.jpg,139984.jpg,Eddie_Murphy,eddie_murphy
25447,25447.jpg,052401.jpg,Eddie_Murphy,eddie_murphy
18832,18832.jpg,083869.jpg,Eddie_Murphy,eddie_murphy
17892,17892.jpg,156105.jpg,Eddie_Murphy,eddie_murphy
18611,18611.jpg,160061.jpg,Eddie_Murphy,eddie_murphy
18548,18548.jpg,136530.jpg,Eddie_Murphy,eddie_murphy
28360,28360.jpg,038005.jpg,Eddie_Murphy,eddie_murphy
16258,16258.jpg,143369.jpg,Eddie_Murphy,eddie_murphy
27199,27199.jpg,125371.jpg,Edgar_Ramirez,edgar_ramirez
29278,29278.jpg,145262.jpg,Edgar_Ramirez,edgar_ramirez
14936,14936.jpg,064223.jpg,Edgar_Ramirez,edgar_ramirez
19537,19537.jpg,115348.jpg,Edgar_Ramirez,edgar_ramirez
18088,18088.jpg,019925.jpg,Edgar_Ramirez,edgar_ramirez
16460,16460.jpg,108284.jpg,Edi_Gathegi,edi_gathegi
14610,14610.jpg,042369.jpg,Edi_Gathegi,edi_gathegi
27528,27528.jpg,177421.jpg,Edyta_Sliwinska,edyta_sliwinska
21735,21735.jpg,179082.jpg,Edyta_Sliwinska,edyta_sliwinska
28492,28492.jpg,164710.jpg,Edyta_Sliwinska,edyta_sliwinska
28090,28090.jpg,163576.jpg,Edyta_Sliwinska,edyta_sliwinska
20687,20687.jpg,182390.jpg,Edyta_Sliwinska,edyta_sliwinska
27556,27556.jpg,173495.jpg,Edyta_Sliwinska,edyta_sliwinska
19671,19671.jpg,024660.jpg,Eike_Batista,eike_batista
16439,16439.jpg,113134.jpg,Eike_Batista,eike_batista
15874,15874.jpg,118682.jpg,Eleftheria_Eleftheriou,eleftheria_eleftheriou
26773,26773.jpg,163567.jpg,Eli_Manning,eli_manning
2170,2170.jpg,044775.jpg,Elisabeth_Moss,elisabeth_moss
10431,10431.jpg,067773.jpg,Elisabeth_Moss,elisabeth_moss
4384,4384.jpg,159275.jpg,Elisabeth_Moss,elisabeth_moss
24055,24055.jpg,068726.jpg,Elisabeth_Moss,elisabeth_moss
25576,25576.jpg,151937.jpg,Elisabeth_Moss,elisabeth_moss
225,225.jpg,126482.jpg,Elisabeth_Moss,elisabeth_moss
4127,4127.jpg,117479.jpg,Elisabeth_Moss,elisabeth_moss
5910,5910.jpg,021759.jpg,Elisabeth_Moss,elisabeth_moss
26282,26282.jpg,107236.jpg,Elisabeth_Moss,elisabeth_moss
29672,29672.jpg,113954.jpg,Elisabeth_Moss,elisabeth_moss
5365,5365.jpg,032573.jpg,Elisabeth_Moss,elisabeth_moss
23648,23648.jpg,008301.jpg,Elisabeth_Moss,elisabeth_moss
2094,2094.jpg,041349.jpg,Eliza_Taylor,eliza_taylor
24768,24768.jpg,036686.jpg,Eliza_Taylor,eliza_taylor
17665,17665.jpg,034143.jpg,Eliza_Taylor,eliza_taylor
24439,24439.jpg,106307.jpg,Eliza_Taylor,eliza_taylor
7756,7756.jpg,093520.jpg,Eliza_Taylor,eliza_taylor
15012,15012.jpg,042529.jpg,Eliza_Taylor,eliza_taylor
18120,18120.jpg,056315.jpg,Elizabeth_Gillies,elizabeth_gillies
26676,26676.jpg,035728.jpg,Elizabeth_Gillies,elizabeth_gillies
6237,6237.jpg,125005.jpg,Elizabeth_Gillies,elizabeth_gillies
12745,12745.jpg,082858.jpg,Elizabeth_Gillies,elizabeth_gillies
20850,20850.jpg,072826.jpg,Elizabeth_Gillies,elizabeth_gillies
26731,26731.jpg,119140.jpg,Elizabeth_Gillies,elizabeth_gillies
9296,9296.jpg,038642.jpg,Elizabeth_Gillies,elizabeth_gillies
9541,9541.jpg,011386.jpg,Elizabeth_Gillies,elizabeth_gillies
19900,19900.jpg,100684.jpg,Elizabeth_Gillies,elizabeth_gillies
28070,28070.jpg,078394.jpg,Elizabeth_Gillies,elizabeth_gillies
27408,27408.jpg,031508.jpg,Elizabeth_Gillies,elizabeth_gillies
6241,6241.jpg,100485.jpg,Elizabeth_Gillies,elizabeth_gillies
159,159.jpg,120584.jpg,Elizabeth_Gillies,elizabeth_gillies
28528,28528.jpg,101491.jpg,Elizabeth_Gillies,elizabeth_gillies
10330,10330.jpg,151753.jpg,Elizabeth_Gillies,elizabeth_gillies
6530,6530.jpg,137834.jpg,Elizabeth_Gillies,elizabeth_gillies
6996,6996.jpg,030397.jpg,Elizabeth_Gillies,elizabeth_gillies
5559,5559.jpg,092513.jpg,Elizabeth_Gillies,elizabeth_gillies
143,143.jpg,005326.jpg,Elizabeth_Gillies,elizabeth_gillies
18867,18867.jpg,124221.jpg,Elizabeth_Olsen,elizabeth_olsen
23587,23587.jpg,154977.jpg,Elizabeth_Olsen,elizabeth_olsen
26798,26798.jpg,128623.jpg,Elizabeth_Olsen,elizabeth_olsen
10937,10937.jpg,018142.jpg,Elizabeth_Olsen,elizabeth_olsen
3732,3732.jpg,091978.jpg,Elizabeth_Olsen,elizabeth_olsen
11423,11423.jpg,153516.jpg,Elizabeth_Olsen,elizabeth_olsen
7932,7932.jpg,025680.jpg,Elizabeth_Olsen,elizabeth_olsen
10678,10678.jpg,160400.jpg,Elizabeth_Olsen,elizabeth_olsen
3832,3832.jpg,062122.jpg,Elizabeth_Olsen,elizabeth_olsen
28999,28999.jpg,129457.jpg,Elizabeth_Olsen,elizabeth_olsen
26683,26683.jpg,115661.jpg,Elizabeth_Olsen,elizabeth_olsen
7725,7725.jpg,051340.jpg,Elizabeth_Olsen,elizabeth_olsen
10587,10587.jpg,110013.jpg,Elizabeth_Olsen,elizabeth_olsen
26527,26527.jpg,098439.jpg,Elizabeth_Olsen,elizabeth_olsen
2461,2461.jpg,123257.jpg,Elizabeth_Olsen,elizabeth_olsen
4001,4001.jpg,121734.jpg,Elizabeth_Olsen,elizabeth_olsen
11696,11696.jpg,012579.jpg,Elizabeth_Olsen,elizabeth_olsen
27936,27936.jpg,046160.jpg,Ellen_Page,ellen_page
14434,14434.jpg,145651.jpg,Elliott_Yamin,elliott_yamin
12118,12118.jpg,048930.jpg,Elliott_Yamin,elliott_yamin
6813,6813.jpg,003003.jpg,Elliott_Yamin,elliott_yamin
9963,9963.jpg,143008.jpg,Elliott_Yamin,elliott_yamin
27239,27239.jpg,091568.jpg,Elliott_Yamin,elliott_yamin
5496,5496.jpg,049068.jpg,Elliott_Yamin,elliott_yamin
5318,5318.jpg,000536.jpg,Emanuela_de_Paula,emanuela_de_paula
5720,5720.jpg,093394.jpg,Emanuela_de_Paula,emanuela_de_paula
11198,11198.jpg,108446.jpg,Emanuela_de_Paula,emanuela_de_paula
909,909.jpg,146125.jpg,Emanuela_de_Paula,emanuela_de_paula
2650,2650.jpg,028427.jpg,Emanuela_de_Paula,emanuela_de_paula
24717,24717.jpg,101164.jpg,Emanuela_de_Paula,emanuela_de_paula
6665,6665.jpg,121417.jpg,Emanuela_de_Paula,emanuela_de_paula
4863,4863.jpg,015348.jpg,Emanuela_de_Paula,emanuela_de_paula
22237,22237.jpg,025865.jpg,Emanuela_de_Paula,emanuela_de_paula
14230,14230.jpg,037443.jpg,Emanuela_de_Paula,emanuela_de_paula
14150,14150.jpg,092458.jpg,Emanuela_de_Paula,emanuela_de_paula
2981,2981.jpg,138869.jpg,Emanuela_de_Paula,emanuela_de_paula
3406,3406.jpg,086496.jpg,Emanuela_de_Paula,emanuela_de_paula
9075,9075.jpg,127913.jpg,Emanuela_de_Paula,emanuela_de_paula
3549,3549.jpg,057475.jpg,Emanuela_de_Paula,emanuela_de_paula
18124,18124.jpg,017260.jpg,Emanuela_de_Paula,emanuela_de_paula
26700,26700.jpg,060446.jpg,Emilie_Autumn,emilie_autumn
12332,12332.jpg,092050.jpg,Emilie_Autumn,emilie_autumn
13840,13840.jpg,057740.jpg,Emilie_Autumn,emilie_autumn
12303,12303.jpg,122105.jpg,Emilie_Autumn,emilie_autumn
26919,26919.jpg,138466.jpg,Emily_Osment,emily_osment
28232,28232.jpg,178982.jpg,Emily_Scott,emily_scott
6320,6320.jpg,166862.jpg,Emily_Scott,emily_scott
20962,20962.jpg,164678.jpg,Emily_Scott,emily_scott
5310,5310.jpg,163204.jpg,Emily_Scott,emily_scott
23457,23457.jpg,182612.jpg,Emily_Scott,emily_scott
5146,5146.jpg,174207.jpg,Emily_Scott,emily_scott
9194,9194.jpg,166784.jpg,Emily_Scott,emily_scott
6847,6847.jpg,168527.jpg,Emily_Scott,emily_scott
8132,8132.jpg,176943.jpg,Emily_Scott,emily_scott
9781,9781.jpg,182330.jpg,Emily_Scott,emily_scott
15570,15570.jpg,163135.jpg,Emily_Scott,emily_scott
7500,7500.jpg,164429.jpg,Emily_Scott,emily_scott
7038,7038.jpg,054194.jpg,Emma_Bunton,emma_bunton
11061,11061.jpg,103817.jpg,Emma_Bunton,emma_bunton
12322,12322.jpg,095211.jpg,Emma_Bunton,emma_bunton
4678,4678.jpg,061250.jpg,Emma_Bunton,emma_bunton
5624,5624.jpg,113199.jpg,Emma_Bunton,emma_bunton
7176,7176.jpg,050569.jpg,Emma_Bunton,emma_bunton
5186,5186.jpg,114739.jpg,Emma_Bunton,emma_bunton
14727,14727.jpg,154649.jpg,Emma_Bunton,emma_bunton
4697,4697.jpg,031939.jpg,Emma_Bunton,emma_bunton
29752,29752.jpg,076609.jpg,Emma_Stone,emma_stone
19259,19259.jpg,157405.jpg,Emmitt_Smith,emmitt_smith
28546,28546.jpg,040616.jpg,Emmitt_Smith,emmitt_smith
22288,22288.jpg,074676.jpg,Emmitt_Smith,emmitt_smith
23774,23774.jpg,152030.jpg,Emmitt_Smith,emmitt_smith
22792,22792.jpg,037308.jpg,Emmitt_Smith,emmitt_smith
25379,25379.jpg,101263.jpg,Emmitt_Smith,emmitt_smith
28124,28124.jpg,013033.jpg,Emmitt_Smith,emmitt_smith
16634,16634.jpg,130539.jpg,Emmitt_Smith,emmitt_smith
25468,25468.jpg,031626.jpg,Emmitt_Smith,emmitt_smith
8982,8982.jpg,026965.jpg,Emraan_Hashmi,emraan_hashmi
20494,20494.jpg,057823.jpg,Emraan_Hashmi,emraan_hashmi
20158,20158.jpg,126070.jpg,Emraan_Hashmi,emraan_hashmi
8988,8988.jpg,124584.jpg,Emraan_Hashmi,emraan_hashmi
27782,27782.jpg,107933.jpg,Emraan_Hashmi,emraan_hashmi
15157,15157.jpg,019956.jpg,Emraan_Hashmi,emraan_hashmi
2571,2571.jpg,115735.jpg,Emraan_Hashmi,emraan_hashmi
6933,6933.jpg,043914.jpg,Emraan_Hashmi,emraan_hashmi
15731,15731.jpg,055555.jpg,Emraan_Hashmi,emraan_hashmi
7937,7937.jpg,033587.jpg,Emraan_Hashmi,emraan_hashmi
4081,4081.jpg,042735.jpg,Emraan_Hashmi,emraan_hashmi
11757,11757.jpg,177553.jpg,Enchong_Dee,enchong_dee
1407,1407.jpg,181168.jpg,Enchong_Dee,enchong_dee
29555,29555.jpg,168939.jpg,Enchong_Dee,enchong_dee
21798,21798.jpg,172574.jpg,Enchong_Dee,enchong_dee
26209,26209.jpg,168047.jpg,Enchong_Dee,enchong_dee
3982,3982.jpg,165710.jpg,Ennio_Morricone,ennio_morricone
11228,11228.jpg,163310.jpg,Ennio_Morricone,ennio_morricone
4663,4663.jpg,181624.jpg,Ennio_Morricone,ennio_morricone
20947,20947.jpg,182378.jpg,Ennio_Morricone,ennio_morricone
13393,13393.jpg,173924.jpg,Ennio_Morricone,ennio_morricone
16195,16195.jpg,166431.jpg,Ennio_Morricone,ennio_morricone
27287,27287.jpg,170591.jpg,Ennio_Morricone,ennio_morricone
132,132.jpg,171941.jpg,Ennio_Morricone,ennio_morricone
4805,4805.jpg,169903.jpg,Ennio_Morricone,ennio_morricone
27553,27553.jpg,017755.jpg,Enya,enya
14203,14203.jpg,112491.jpg,Enya,enya
23281,23281.jpg,101265.jpg,Enya,enya
5479,5479.jpg,054781.jpg,Enya,enya
9615,9615.jpg,141839.jpg,Enya,enya
22057,22057.jpg,077917.jpg,Enya,enya
8387,8387.jpg,056079.jpg,Enya,enya
4307,4307.jpg,025007.jpg,Enya,enya
26337,26337.jpg,180525.jpg,Eric_Balfour,eric_balfour
27164,27164.jpg,143759.jpg,Eric_Close,eric_close
26263,26263.jpg,024989.jpg,Eric_Close,eric_close
25120,25120.jpg,062116.jpg,Eric_Close,eric_close
12319,12319.jpg,162693.jpg,Eric_Close,eric_close
7720,7720.jpg,174278.jpg,Eric_Mabius,eric_mabius
6898,6898.jpg,168049.jpg,Eric_Mabius,eric_mabius
9591,9591.jpg,166151.jpg,Eric_Mabius,eric_mabius
29405,29405.jpg,163631.jpg,Eric_Mabius,eric_mabius
27393,27393.jpg,180100.jpg,Eric_Mabius,eric_mabius
27836,27836.jpg,173860.jpg,Eric_Mabius,eric_mabius
16433,16433.jpg,177208.jpg,Eric_Mabius,eric_mabius
13340,13340.jpg,129834.jpg,Eric_Schmidt,eric_schmidt
21906,21906.jpg,160209.jpg,Eric_Schmidt,eric_schmidt
13435,13435.jpg,153903.jpg,Eric_Schmidt,eric_schmidt
24840,24840.jpg,100442.jpg,Eric_Schmidt,eric_schmidt
17507,17507.jpg,019019.jpg,Eric_Schmidt,eric_schmidt
29861,29861.jpg,129799.jpg,Erica_Hubbard,erica_hubbard
29398,29398.jpg,054403.jpg,Erica_Hubbard,erica_hubbard
20274,20274.jpg,009835.jpg,Erica_Hubbard,erica_hubbard
20725,20725.jpg,067206.jpg,Erica_Hubbard,erica_hubbard
28325,28325.jpg,109406.jpg,Erica_Hubbard,erica_hubbard
1576,1576.jpg,142035.jpg,Erica_Hubbard,erica_hubbard
23522,23522.jpg,152963.jpg,Erik_von_Detten,erik_von_detten
5082,5082.jpg,080460.jpg,Erik_von_Detten,erik_von_detten
19872,19872.jpg,002869.jpg,Erik_von_Detten,erik_von_detten
18674,18674.jpg,077374.jpg,Erik_von_Detten,erik_von_detten
21634,21634.jpg,019061.jpg,Erik_von_Detten,erik_von_detten
21493,21493.jpg,100138.jpg,Erik_von_Detten,erik_von_detten
3874,3874.jpg,055265.jpg,Eros_Ramazzotti,eros_ramazzotti
12320,12320.jpg,127550.jpg,Eros_Ramazzotti,eros_ramazzotti
3865,3865.jpg,019806.jpg,Eros_Ramazzotti,eros_ramazzotti
22132,22132.jpg,061635.jpg,Eros_Ramazzotti,eros_ramazzotti
23931,23931.jpg,043881.jpg,Eros_Ramazzotti,eros_ramazzotti
5006,5006.jpg,101683.jpg,Eros_Ramazzotti,eros_ramazzotti
8269,8269.jpg,006824.jpg,Eros_Ramazzotti,eros_ramazzotti
10011,10011.jpg,087517.jpg,Eros_Ramazzotti,eros_ramazzotti
10091,10091.jpg,074917.jpg,Eros_Ramazzotti,eros_ramazzotti
18582,18582.jpg,054704.jpg,Eros_Ramazzotti,eros_ramazzotti
28321,28321.jpg,095365.jpg,Esai_Morales,esai_morales
27815,27815.jpg,028255.jpg,Esai_Morales,esai_morales
9519,9519.jpg,175451.jpg,Esti_Ginzburg,esti_ginzburg
21333,21333.jpg,179997.jpg,Esti_Ginzburg,esti_ginzburg
3009,3009.jpg,179239.jpg,Esti_Ginzburg,esti_ginzburg
10058,10058.jpg,172607.jpg,Esti_Ginzburg,esti_ginzburg
6615,6615.jpg,174279.jpg,Esti_Ginzburg,esti_ginzburg
29145,29145.jpg,169431.jpg,Esti_Ginzburg,esti_ginzburg
18271,18271.jpg,181180.jpg,Esti_Ginzburg,esti_ginzburg
9619,9619.jpg,176061.jpg,Esti_Ginzburg,esti_ginzburg
13870,13870.jpg,172823.jpg,Esti_Ginzburg,esti_ginzburg
1707,1707.jpg,164452.jpg,Esti_Ginzburg,esti_ginzburg
24863,24863.jpg,048710.jpg,Ethan_Peck,ethan_peck
29162,29162.jpg,083967.jpg,Ethan_Peck,ethan_peck
17446,17446.jpg,010938.jpg,Ethan_Peck,ethan_peck
25049,25049.jpg,147875.jpg,Ethan_Peck,ethan_peck
19248,19248.jpg,031188.jpg,Ethan_Peck,ethan_peck
10440,10440.jpg,149647.jpg,Ethan_Peck,ethan_peck
16478,16478.jpg,091159.jpg,Ethan_Peck,ethan_peck
317,317.jpg,033863.jpg,Ethan_Peck,ethan_peck
10310,10310.jpg,108887.jpg,Ethan_Peck,ethan_peck
20820,20820.jpg,080948.jpg,Ethan_Peck,ethan_peck
27767,27767.jpg,155663.jpg,Eugene_Levy,eugene_levy
13959,13959.jpg,029773.jpg,Eva_LaRue,eva_larue
18503,18503.jpg,120270.jpg,Eva_LaRue,eva_larue
16813,16813.jpg,032881.jpg,Eve_Best,eve_best
29791,29791.jpg,107784.jpg,Eve_Best,eve_best
783,783.jpg,088089.jpg,Eve_Best,eve_best
8012,8012.jpg,090980.jpg,Eve_Best,eve_best
2359,2359.jpg,139044.jpg,Eve_Best,eve_best
16814,16814.jpg,155114.jpg,Eve_Best,eve_best
17153,17153.jpg,107635.jpg,Ezra_Miller,ezra_miller
246,246.jpg,029875.jpg,Ezra_Miller,ezra_miller
29983,29983.jpg,039789.jpg,Ezra_Miller,ezra_miller
12422,12422.jpg,147978.jpg,Ezra_Miller,ezra_miller
18983,18983.jpg,122464.jpg,Ezra_Miller,ezra_miller
18081,18081.jpg,069895.jpg,Ezra_Miller,ezra_miller
19594,19594.jpg,087998.jpg,Ezra_Miller,ezra_miller
8026,8026.jpg,113981.jpg,Ezra_Miller,ezra_miller
328,328.jpg,063418.jpg,Ezra_Miller,ezra_miller
17686,17686.jpg,152962.jpg,Ezra_Miller,ezra_miller
17208,17208.jpg,096969.jpg,Ezra_Miller,ezra_miller
445,445.jpg,101997.jpg,Ezra_Miller,ezra_miller
10870,10870.jpg,136317.jpg,Ezra_Miller,ezra_miller
20634,20634.jpg,134548.jpg,Fabio_Cannavaro,fabio_cannavaro
29608,29608.jpg,099891.jpg,Fabio_Cannavaro,fabio_cannavaro
4241,4241.jpg,124791.jpg,Fabio_Cannavaro,fabio_cannavaro
29334,29334.jpg,029960.jpg,Fabio_Cannavaro,fabio_cannavaro
3352,3352.jpg,119850.jpg,Fabio_Cannavaro,fabio_cannavaro
17396,17396.jpg,021319.jpg,Fabio_Cannavaro,fabio_cannavaro
14361,14361.jpg,094395.jpg,Fefe_Dobson,fefe_dobson
8125,8125.jpg,112976.jpg,Fefe_Dobson,fefe_dobson
22716,22716.jpg,139458.jpg,Fefe_Dobson,fefe_dobson
29755,29755.jpg,121462.jpg,Fefe_Dobson,fefe_dobson
12009,12009.jpg,052898.jpg,Felix_Silla,felix_silla
12621,12621.jpg,007656.jpg,Felix_Silla,felix_silla
23845,23845.jpg,180707.jpg,Fernanda_Lima,fernanda_lima
15702,15702.jpg,166999.jpg,Fernanda_Lima,fernanda_lima
19046,19046.jpg,169479.jpg,Fernanda_Lima,fernanda_lima
515,515.jpg,166492.jpg,Fernanda_Lima,fernanda_lima
7210,7210.jpg,180270.jpg,Fernanda_Lima,fernanda_lima
13439,13439.jpg,164978.jpg,Fernanda_Lima,fernanda_lima
27710,27710.jpg,172675.jpg,Fernanda_Lima,fernanda_lima
13404,13404.jpg,163570.jpg,Fernanda_Lima,fernanda_lima
1403,1403.jpg,170501.jpg,Fernanda_Lima,fernanda_lima
8568,8568.jpg,181368.jpg,Fernanda_Lima,fernanda_lima
13071,13071.jpg,173575.jpg,Fernanda_Lima,fernanda_lima
29516,29516.jpg,181154.jpg,Fernanda_Lima,fernanda_lima
8416,8416.jpg,168680.jpg,Flo_Rida,flo_rida
3838,3838.jpg,181824.jpg,Flo_Rida,flo_rida
2491,2491.jpg,182249.jpg,Flo_Rida,flo_rida
12139,12139.jpg,176983.jpg,Flo_Rida,flo_rida
14594,14594.jpg,165579.jpg,Flo_Rida,flo_rida
1841,1841.jpg,168665.jpg,Flo_Rida,flo_rida
4239,4239.jpg,167073.jpg,Flo_Rida,flo_rida
6852,6852.jpg,179337.jpg,Flo_Rida,flo_rida
3824,3824.jpg,169934.jpg,Flo_Rida,flo_rida
13482,13482.jpg,165529.jpg,Flo_Rida,flo_rida
7351,7351.jpg,173670.jpg,Flo_Rida,flo_rida
14873,14873.jpg,039935.jpg,Forest_Whitaker,forest_whitaker
6178,6178.jpg,135730.jpg,Franco_Nero,franco_nero
7644,7644.jpg,039616.jpg,Franco_Nero,franco_nero
13277,13277.jpg,019563.jpg,Franco_Nero,franco_nero
24726,24726.jpg,115106.jpg,Franco_Nero,franco_nero
27485,27485.jpg,099518.jpg,Franco_Nero,franco_nero
23520,23520.jpg,050307.jpg,Franco_Nero,franco_nero
1080,1080.jpg,071343.jpg,Franco_Nero,franco_nero
11128,11128.jpg,047605.jpg,Franco_Nero,franco_nero
17835,17835.jpg,033777.jpg,Franco_Nero,franco_nero
27387,27387.jpg,044700.jpg,Franco_Nero,franco_nero
23995,23995.jpg,062769.jpg,Franco_Nero,franco_nero
8477,8477.jpg,050414.jpg,Frank_Gore,frank_gore
25703,25703.jpg,113722.jpg,Franka_Potente,franka_potente
18206,18206.jpg,170523.jpg,Fred_Armisen,fred_armisen
8887,8887.jpg,102621.jpg,Freema_Agyeman,freema_agyeman
1703,1703.jpg,099677.jpg,Freema_Agyeman,freema_agyeman
8865,8865.jpg,047483.jpg,Freema_Agyeman,freema_agyeman
2498,2498.jpg,091761.jpg,Freema_Agyeman,freema_agyeman
964,964.jpg,025225.jpg,Freema_Agyeman,freema_agyeman
1216,1216.jpg,061475.jpg,Freema_Agyeman,freema_agyeman
12399,12399.jpg,013612.jpg,Freema_Agyeman,freema_agyeman
2024,2024.jpg,162501.jpg,Freema_Agyeman,freema_agyeman
22815,22815.jpg,005762.jpg,Freema_Agyeman,freema_agyeman
766,766.jpg,006426.jpg,Freema_Agyeman,freema_agyeman
685,685.jpg,028795.jpg,Freema_Agyeman,freema_agyeman
12456,12456.jpg,100759.jpg,Gabby_Douglas,gabby_douglas
18681,18681.jpg,174992.jpg,Gabby_Logan,gabby_logan
22360,22360.jpg,162790.jpg,Gabby_Logan,gabby_logan
23777,23777.jpg,176294.jpg,Gabby_Logan,gabby_logan
13786,13786.jpg,174467.jpg,Gabby_Logan,gabby_logan
24270,24270.jpg,086526.jpg,Gabriel_Heinze,gabriel_heinze
25243,25243.jpg,138440.jpg,Gabriella_Cilmi,gabriella_cilmi
26806,26806.jpg,002283.jpg,Gackt,gackt
27917,27917.jpg,097342.jpg,Gackt,gackt
29245,29245.jpg,166480.jpg,Gael_Garcia_Bernal,gael_garcia_bernal
24733,24733.jpg,178137.jpg,Gael_Garcia_Bernal,gael_garcia_bernal
18105,18105.jpg,172053.jpg,Gale_Harold,gale_harold
28956,28956.jpg,175786.jpg,Gale_Harold,gale_harold
21095,21095.jpg,173237.jpg,Gale_Harold,gale_harold
10772,10772.jpg,067798.jpg,Garth_Brooks,garth_brooks
2369,2369.jpg,152224.jpg,Garth_Brooks,garth_brooks
6705,6705.jpg,087952.jpg,Garth_Brooks,garth_brooks
6437,6437.jpg,061642.jpg,Garth_Brooks,garth_brooks
14840,14840.jpg,092099.jpg,Garth_Brooks,garth_brooks
1629,1629.jpg,005457.jpg,Garth_Brooks,garth_brooks
27888,27888.jpg,005138.jpg,Gavin_Rossdale,gavin_rossdale
272,272.jpg,000860.jpg,Gavin_Rossdale,gavin_rossdale
26369,26369.jpg,033171.jpg,Gavin_Rossdale,gavin_rossdale
15912,15912.jpg,025237.jpg,Gavin_Rossdale,gavin_rossdale
22131,22131.jpg,065736.jpg,Gavin_Rossdale,gavin_rossdale
12926,12926.jpg,105435.jpg,Gavin_Rossdale,gavin_rossdale
5828,5828.jpg,122280.jpg,Gavin_Rossdale,gavin_rossdale
23212,23212.jpg,099723.jpg,Gavin_Rossdale,gavin_rossdale
16746,16746.jpg,027937.jpg,Gavin_Rossdale,gavin_rossdale
28041,28041.jpg,094659.jpg,Gavin_Rossdale,gavin_rossdale
3558,3558.jpg,085483.jpg,Gavin_Rossdale,gavin_rossdale
24910,24910.jpg,019431.jpg,Gavin_Rossdale,gavin_rossdale
13160,13160.jpg,028292.jpg,Gavin_Rossdale,gavin_rossdale
26112,26112.jpg,116227.jpg,Gayle_King,gayle_king
2059,2059.jpg,122441.jpg,Gayle_King,gayle_king
15810,15810.jpg,076675.jpg,Gayle_King,gayle_king
28922,28922.jpg,004412.jpg,Gayle_King,gayle_king
3847,3847.jpg,121917.jpg,Gayle_King,gayle_king
29167,29167.jpg,149690.jpg,Gayle_King,gayle_king
22677,22677.jpg,003901.jpg,Gayle_King,gayle_king
5448,5448.jpg,013912.jpg,Gayle_King,gayle_king
13772,13772.jpg,042337.jpg,Gayle_King,gayle_king
16736,16736.jpg,089278.jpg,Gayle_King,gayle_king
8317,8317.jpg,091496.jpg,Gayle_King,gayle_king
29207,29207.jpg,021512.jpg,Gayle_King,gayle_king
14436,14436.jpg,151584.jpg,Gayle_King,gayle_king
24417,24417.jpg,084517.jpg,Gemma_Arterton,gemma_arterton
24358,24358.jpg,126919.jpg,Genesis_Rodriguez,genesis_rodriguez
19961,19961.jpg,012202.jpg,Genesis_Rodriguez,genesis_rodriguez
10256,10256.jpg,036973.jpg,Genesis_Rodriguez,genesis_rodriguez
7375,7375.jpg,038778.jpg,Genesis_Rodriguez,genesis_rodriguez
22653,22653.jpg,104448.jpg,Genesis_Rodriguez,genesis_rodriguez
28436,28436.jpg,140096.jpg,Genesis_Rodriguez,genesis_rodriguez
24865,24865.jpg,006188.jpg,Genesis_Rodriguez,genesis_rodriguez
24002,24002.jpg,122877.jpg,Genesis_Rodriguez,genesis_rodriguez
11772,11772.jpg,115282.jpg,Genesis_Rodriguez,genesis_rodriguez
6587,6587.jpg,083708.jpg,Genesis_Rodriguez,genesis_rodriguez
18242,18242.jpg,115180.jpg,Genesis_Rodriguez,genesis_rodriguez
15239,15239.jpg,166671.jpg,Geoff_Stults,geoff_stults
23736,23736.jpg,178764.jpg,Geoff_Stults,geoff_stults
14269,14269.jpg,163843.jpg,Geoff_Stults,geoff_stults
23562,23562.jpg,047813.jpg,Georgia_Moffett,georgia_moffett
12576,12576.jpg,161651.jpg,Georgia_Moffett,georgia_moffett
22144,22144.jpg,066590.jpg,Georgia_Moffett,georgia_moffett
14354,14354.jpg,071654.jpg,Georgia_Moffett,georgia_moffett
10898,10898.jpg,139190.jpg,Georgia_Moffett,georgia_moffett
29920,29920.jpg,047717.jpg,Georgia_Moffett,georgia_moffett
6985,6985.jpg,023723.jpg,Georgina_Chapman,georgina_chapman
2455,2455.jpg,021934.jpg,Georgina_Chapman,georgina_chapman
22525,22525.jpg,012622.jpg,Georgina_Chapman,georgina_chapman
12011,12011.jpg,117236.jpg,Georgina_Chapman,georgina_chapman
6434,6434.jpg,137307.jpg,Georgina_Chapman,georgina_chapman
3232,3232.jpg,097271.jpg,Georgina_Chapman,georgina_chapman
10225,10225.jpg,140909.jpg,Georgina_Chapman,georgina_chapman
23803,23803.jpg,138586.jpg,Georgina_Chapman,georgina_chapman
4600,4600.jpg,015737.jpg,Georgina_Chapman,georgina_chapman
15339,15339.jpg,143285.jpg,Georgina_Chapman,georgina_chapman
3709,3709.jpg,044458.jpg,Georgina_Chapman,georgina_chapman
8913,8913.jpg,130568.jpg,Georgina_Chapman,georgina_chapman
3569,3569.jpg,021348.jpg,Georgina_Chapman,georgina_chapman
25942,25942.jpg,080585.jpg,Georgina_Chapman,georgina_chapman
936,936.jpg,125108.jpg,Georgina_Chapman,georgina_chapman
23261,23261.jpg,049272.jpg,Georgina_Chapman,georgina_chapman
26716,26716.jpg,011157.jpg,Geri_Halliwell,geri_halliwell
15676,15676.jpg,066105.jpg,Geri_Halliwell,geri_halliwell
7243,7243.jpg,027494.jpg,Geri_Halliwell,geri_halliwell
7260,7260.jpg,069583.jpg,Geri_Halliwell,geri_halliwell
8134,8134.jpg,008188.jpg,Geri_Halliwell,geri_halliwell
734,734.jpg,117138.jpg,Geri_Halliwell,geri_halliwell
2129,2129.jpg,033995.jpg,Geri_Halliwell,geri_halliwell
9460,9460.jpg,091758.jpg,Geri_Halliwell,geri_halliwell
2159,2159.jpg,138895.jpg,Geri_Halliwell,geri_halliwell
3975,3975.jpg,000147.jpg,Geri_Halliwell,geri_halliwell
5115,5115.jpg,120843.jpg,Geri_Halliwell,geri_halliwell
6266,6266.jpg,019759.jpg,Geri_Halliwell,geri_halliwell
9554,9554.jpg,103099.jpg,Geri_Halliwell,geri_halliwell
15509,15509.jpg,058019.jpg,Geri_Halliwell,geri_halliwell
11453,11453.jpg,134738.jpg,Geri_Halliwell,geri_halliwell
6859,6859.jpg,181372.jpg,Gianluigi_Buffon,gianluigi_buffon
13219,13219.jpg,172993.jpg,Gianluigi_Buffon,gianluigi_buffon
10311,10311.jpg,177726.jpg,Gianluigi_Buffon,gianluigi_buffon
10969,10969.jpg,169574.jpg,Gianluigi_Buffon,gianluigi_buffon
19602,19602.jpg,181148.jpg,Gianluigi_Buffon,gianluigi_buffon
15223,15223.jpg,170562.jpg,Gianluigi_Buffon,gianluigi_buffon
15719,15719.jpg,163797.jpg,Gianluigi_Buffon,gianluigi_buffon
14174,14174.jpg,174145.jpg,Gianluigi_Buffon,gianluigi_buffon
699,699.jpg,176334.jpg,Gianluigi_Buffon,gianluigi_buffon
8337,8337.jpg,172214.jpg,Gianluigi_Buffon,gianluigi_buffon
28680,28680.jpg,180286.jpg,Gil_Bellows,gil_bellows
26885,26885.jpg,165393.jpg,Gil_Bellows,gil_bellows
20486,20486.jpg,143573.jpg,Giorgio_Chiellini,giorgio_chiellini
5603,5603.jpg,098830.jpg,Giuliana_Rancic,giuliana_rancic
20723,20723.jpg,006897.jpg,Giuliana_Rancic,giuliana_rancic
4383,4383.jpg,155954.jpg,Giuliana_Rancic,giuliana_rancic
28359,28359.jpg,112402.jpg,Giuliana_Rancic,giuliana_rancic
11619,11619.jpg,021647.jpg,Giuliana_Rancic,giuliana_rancic
786,786.jpg,149009.jpg,Giuliana_Rancic,giuliana_rancic
4066,4066.jpg,002909.jpg,Giuliana_Rancic,giuliana_rancic
6509,6509.jpg,106767.jpg,Giuliana_Rancic,giuliana_rancic
26886,26886.jpg,179639.jpg,Giuliano_Gemma,giuliano_gemma
24576,24576.jpg,179482.jpg,Giuliano_Gemma,giuliano_gemma
11245,11245.jpg,065192.jpg,Giulio_Berruti,giulio_berruti
23794,23794.jpg,093352.jpg,Giulio_Berruti,giulio_berruti
3852,3852.jpg,045822.jpg,Giulio_Berruti,giulio_berruti
28852,28852.jpg,115503.jpg,Giulio_Berruti,giulio_berruti
14235,14235.jpg,130938.jpg,Giulio_Berruti,giulio_berruti
21133,21133.jpg,140216.jpg,Giulio_Berruti,giulio_berruti
15444,15444.jpg,064273.jpg,Giuseppe_Rossi,giuseppe_rossi
16676,16676.jpg,175836.jpg,Gonzalo_Higuain,gonzalo_higuain
28046,28046.jpg,179897.jpg,Gordon_Moore,gordon_moore
8682,8682.jpg,055291.jpg,Gosha_Kutsenko,gosha_kutsenko
9151,9151.jpg,065290.jpg,Gosha_Kutsenko,gosha_kutsenko
13416,13416.jpg,069237.jpg,Gosha_Kutsenko,gosha_kutsenko
26630,26630.jpg,056129.jpg,Gosha_Kutsenko,gosha_kutsenko
23598,23598.jpg,057602.jpg,Gosha_Kutsenko,gosha_kutsenko
18804,18804.jpg,153150.jpg,Greg_Oden,greg_oden
9450,9450.jpg,147974.jpg,Greg_Oden,greg_oden
10580,10580.jpg,049555.jpg,Greg_Oden,greg_oden
25795,25795.jpg,092607.jpg,Greg_Vaughan,greg_vaughan
8031,8031.jpg,088031.jpg,Greg_Vaughan,greg_vaughan
10825,10825.jpg,017544.jpg,Greg_Vaughan,greg_vaughan
10785,10785.jpg,103444.jpg,Greg_Vaughan,greg_vaughan
27126,27126.jpg,069023.jpg,Greg_Vaughan,greg_vaughan
25013,25013.jpg,083718.jpg,Greg_Vaughan,greg_vaughan
19429,19429.jpg,073615.jpg,Greg_Vaughan,greg_vaughan
17433,17433.jpg,085522.jpg,Greg_Vaughan,greg_vaughan
29742,29742.jpg,153637.jpg,Hailee_Steinfeld,hailee_steinfeld
24706,24706.jpg,024829.jpg,Hailee_Steinfeld,hailee_steinfeld
24559,24559.jpg,030070.jpg,Hailee_Steinfeld,hailee_steinfeld
26728,26728.jpg,151720.jpg,Hailee_Steinfeld,hailee_steinfeld
9769,9769.jpg,091447.jpg,Hannah_Simone,hannah_simone
6166,6166.jpg,027395.jpg,Hannah_Simone,hannah_simone
5763,5763.jpg,034052.jpg,Hannah_Simone,hannah_simone
17278,17278.jpg,067127.jpg,Hannah_Simone,hannah_simone
7313,7313.jpg,113393.jpg,Hannah_Simone,hannah_simone
4847,4847.jpg,045243.jpg,Hannah_Simone,hannah_simone
11475,11475.jpg,056799.jpg,Hannah_Simone,hannah_simone
952,952.jpg,103657.jpg,Hannah_Simone,hannah_simone
22160,22160.jpg,000121.jpg,Hannah_Simone,hannah_simone
11442,11442.jpg,027246.jpg,Hannah_Simone,hannah_simone
898,898.jpg,063109.jpg,Hannah_Simone,hannah_simone
1807,1807.jpg,055902.jpg,Hannah_Simone,hannah_simone
1990,1990.jpg,034361.jpg,Hannah_Simone,hannah_simone
35,35.jpg,130537.jpg,Hannah_Simone,hannah_simone
3023,3023.jpg,055306.jpg,Hannah_Simone,hannah_simone
482,482.jpg,079652.jpg,Hannah_Simone,hannah_simone
2005,2005.jpg,089973.jpg,Hannah_Simone,hannah_simone
2127,2127.jpg,157579.jpg,Hannah_Simone,hannah_simone
25522,25522.jpg,112073.jpg,Hannah_Simone,hannah_simone
2785,2785.jpg,050245.jpg,Hannah_Simone,hannah_simone
7055,7055.jpg,108457.jpg,Hannah_Simone,hannah_simone
23622,23622.jpg,085560.jpg,Harold_Perrineau,harold_perrineau
17259,17259.jpg,076428.jpg,Harrison_Barnes,harrison_barnes
28031,28031.jpg,123983.jpg,Harrison_Barnes,harrison_barnes
14567,14567.jpg,053029.jpg,Harry_Dean_Stanton,harry_dean_stanton
24965,24965.jpg,030024.jpg,Harry_Hamlin,harry_hamlin
5168,5168.jpg,000836.jpg,Harry_Hamlin,harry_hamlin
11777,11777.jpg,060297.jpg,Harry_Hamlin,harry_hamlin
19582,19582.jpg,010818.jpg,Harry_Hamlin,harry_hamlin
24503,24503.jpg,067033.jpg,Harry_Hamlin,harry_hamlin
7188,7188.jpg,100303.jpg,Harry_Hamlin,harry_hamlin
7896,7896.jpg,037716.jpg,Harvey_Levin,harvey_levin
8700,8700.jpg,102991.jpg,Harvey_Levin,harvey_levin
1084,1084.jpg,084190.jpg,Havana_Brown,havana_brown
6092,6092.jpg,104196.jpg,Havana_Brown,havana_brown
12107,12107.jpg,003647.jpg,Havana_Brown,havana_brown
12327,12327.jpg,139067.jpg,Havana_Brown,havana_brown
26971,26971.jpg,050708.jpg,Havana_Brown,havana_brown
27305,27305.jpg,175342.jpg,Heather_Peace,heather_peace
21241,21241.jpg,177212.jpg,Heather_Peace,heather_peace
18089,18089.jpg,165539.jpg,Heather_Peace,heather_peace
20929,20929.jpg,147430.jpg,Heikki_Kovalainen,heikki_kovalainen
28951,28951.jpg,068400.jpg,Heikki_Kovalainen,heikki_kovalainen
28057,28057.jpg,046113.jpg,Helen_McCrory,helen_mccrory
27541,27541.jpg,069914.jpg,Helen_McCrory,helen_mccrory
8695,8695.jpg,040308.jpg,Helen_Reddy,helen_reddy
9133,9133.jpg,097685.jpg,Helen_Reddy,helen_reddy
28801,28801.jpg,103377.jpg,Helen_Reddy,helen_reddy
12857,12857.jpg,120404.jpg,Helen_Reddy,helen_reddy
14931,14931.jpg,080426.jpg,Helen_Reddy,helen_reddy
19791,19791.jpg,047629.jpg,Helen_Slater,helen_slater
25132,25132.jpg,121228.jpg,Helena_Christensen,helena_christensen
4252,4252.jpg,042348.jpg,Helena_Christensen,helena_christensen
1861,1861.jpg,030992.jpg,Helena_Christensen,helena_christensen
28717,28717.jpg,028911.jpg,Helena_Christensen,helena_christensen
12354,12354.jpg,067175.jpg,Helena_Christensen,helena_christensen
8528,8528.jpg,002011.jpg,Helena_Christensen,helena_christensen
6212,6212.jpg,094311.jpg,Helena_Christensen,helena_christensen
14669,14669.jpg,021965.jpg,Helena_Christensen,helena_christensen
11785,11785.jpg,024940.jpg,Helena_Christensen,helena_christensen
6594,6594.jpg,029139.jpg,Helena_Christensen,helena_christensen
4341,4341.jpg,024187.jpg,Helena_Christensen,helena_christensen
495,495.jpg,060852.jpg,Helena_Christensen,helena_christensen
3441,3441.jpg,024929.jpg,Helena_Christensen,helena_christensen
208,208.jpg,063733.jpg,Helena_Christensen,helena_christensen
23228,23228.jpg,078204.jpg,Helena_Christensen,helena_christensen
6845,6845.jpg,062501.jpg,Helena_Christensen,helena_christensen
2737,2737.jpg,013293.jpg,Helena_Christensen,helena_christensen
19857,19857.jpg,047346.jpg,Helena_Christensen,helena_christensen
3016,3016.jpg,003339.jpg,Helene_Fischer,helene_fischer
1029,1029.jpg,025799.jpg,Helene_Fischer,helene_fischer
4557,4557.jpg,017053.jpg,Helene_Fischer,helene_fischer
26101,26101.jpg,076617.jpg,Helene_Fischer,helene_fischer
390,390.jpg,002264.jpg,Helene_Fischer,helene_fischer
25237,25237.jpg,008036.jpg,Helene_Fischer,helene_fischer
1934,1934.jpg,055416.jpg,Helene_Fischer,helene_fischer
426,426.jpg,000239.jpg,Helene_Fischer,helene_fischer
372,372.jpg,114476.jpg,Helene_Fischer,helene_fischer
17174,17174.jpg,051542.jpg,Helene_Fischer,helene_fischer
16248,16248.jpg,144444.jpg,Helene_Fischer,helene_fischer
8484,8484.jpg,114691.jpg,Helene_Fischer,helene_fischer
4433,4433.jpg,144809.jpg,Helene_Fischer,helene_fischer
259,259.jpg,090377.jpg,Helene_Fischer,helene_fischer
9842,9842.jpg,082004.jpg,Helene_Fischer,helene_fischer
19417,19417.jpg,134488.jpg,Helene_Fischer,helene_fischer
26669,26669.jpg,157195.jpg,Helene_Fischer,helene_fischer
22469,22469.jpg,086376.jpg,Henry_Kravis,henry_kravis
14145,14145.jpg,038179.jpg,Henry_Kravis,henry_kravis
16418,16418.jpg,030385.jpg,Henry_Rollins,henry_rollins
9644,9644.jpg,098856.jpg,Henry_Rollins,henry_rollins
1456,1456.jpg,016598.jpg,Henry_Rollins,henry_rollins
27003,27003.jpg,053139.jpg,Henry_Winkler,henry_winkler
9752,9752.jpg,037302.jpg,Hikaru_Utada,hikaru_utada
6823,6823.jpg,046699.jpg,Hikaru_Utada,hikaru_utada
28593,28593.jpg,007153.jpg,Hikaru_Utada,hikaru_utada
7283,7283.jpg,001017.jpg,Hikaru_Utada,hikaru_utada
8345,8345.jpg,146191.jpg,Hikaru_Utada,hikaru_utada
6858,6858.jpg,052728.jpg,Hikaru_Utada,hikaru_utada
3064,3064.jpg,064649.jpg,Hikaru_Utada,hikaru_utada
26458,26458.jpg,019798.jpg,Hikaru_Utada,hikaru_utada
13082,13082.jpg,059551.jpg,Hikaru_Utada,hikaru_utada
27749,27749.jpg,105471.jpg,Hikaru_Utada,hikaru_utada
6648,6648.jpg,125783.jpg,Hikaru_Utada,hikaru_utada
6065,6065.jpg,131814.jpg,Hikaru_Utada,hikaru_utada
27992,27992.jpg,019098.jpg,Hikaru_Utada,hikaru_utada
27518,27518.jpg,134167.jpg,Hikaru_Utada,hikaru_utada
15216,15216.jpg,064927.jpg,Hikaru_Utada,hikaru_utada
12017,12017.jpg,075756.jpg,Hikaru_Utada,hikaru_utada
6033,6033.jpg,037466.jpg,Hikaru_Utada,hikaru_utada
3540,3540.jpg,016116.jpg,Hikaru_Utada,hikaru_utada
27965,27965.jpg,029472.jpg,Holland_Roden,holland_roden
15749,15749.jpg,007810.jpg,Holland_Roden,holland_roden
10556,10556.jpg,118562.jpg,Holland_Roden,holland_roden
8968,8968.jpg,077405.jpg,Holland_Roden,holland_roden
24583,24583.jpg,006639.jpg,Holland_Roden,holland_roden
25333,25333.jpg,141695.jpg,Holland_Roden,holland_roden
9169,9169.jpg,129462.jpg,Holland_Roden,holland_roden
668,668.jpg,056370.jpg,Holland_Roden,holland_roden
11844,11844.jpg,136546.jpg,Holland_Roden,holland_roden
8146,8146.jpg,148437.jpg,Holland_Roden,holland_roden
579,579.jpg,065229.jpg,Holland_Roden,holland_roden
15459,15459.jpg,131766.jpg,Holland_Roden,holland_roden
11304,11304.jpg,027803.jpg,Holland_Roden,holland_roden
3376,3376.jpg,032453.jpg,Holland_Roden,holland_roden
13358,13358.jpg,175151.jpg,Holland_Taylor,holland_taylor
28948,28948.jpg,180855.jpg,Holland_Taylor,holland_taylor
607,607.jpg,177434.jpg,Holland_Taylor,holland_taylor
965,965.jpg,163596.jpg,Holland_Taylor,holland_taylor
26169,26169.jpg,175538.jpg,Holland_Taylor,holland_taylor
4643,4643.jpg,164685.jpg,Holland_Taylor,holland_taylor
12708,12708.jpg,173171.jpg,Holland_Taylor,holland_taylor
1495,1495.jpg,166081.jpg,Holland_Taylor,holland_taylor
5721,5721.jpg,179422.jpg,Holland_Taylor,holland_taylor
16555,16555.jpg,175889.jpg,Holland_Taylor,holland_taylor
14584,14584.jpg,177645.jpg,Holland_Taylor,holland_taylor
29374,29374.jpg,048550.jpg,Holly_Marie_Combs,holly_marie_combs
29367,29367.jpg,051391.jpg,Holly_Marie_Combs,holly_marie_combs
5226,5226.jpg,090179.jpg,Holly_Marie_Combs,holly_marie_combs
8285,8285.jpg,068928.jpg,Holly_Marie_Combs,holly_marie_combs
5403,5403.jpg,160391.jpg,Holly_Marie_Combs,holly_marie_combs
6943,6943.jpg,038249.jpg,Holly_Marie_Combs,holly_marie_combs
16987,16987.jpg,057743.jpg,Holly_Marie_Combs,holly_marie_combs
19310,19310.jpg,008472.jpg,Holly_Marie_Combs,holly_marie_combs
5189,5189.jpg,072467.jpg,Holly_Marie_Combs,holly_marie_combs
4116,4116.jpg,006587.jpg,Holly_Marie_Combs,holly_marie_combs
9307,9307.jpg,045759.jpg,Holly_Marie_Combs,holly_marie_combs
4353,4353.jpg,136426.jpg,Holly_Marie_Combs,holly_marie_combs
15101,15101.jpg,071495.jpg,Holly_Marie_Combs,holly_marie_combs
23144,23144.jpg,124368.jpg,Howie_Dorough,howie_dorough
12990,12990.jpg,063309.jpg,Howie_Dorough,howie_dorough
25345,25345.jpg,130585.jpg,Howie_Dorough,howie_dorough
9446,9446.jpg,141452.jpg,Howie_Dorough,howie_dorough
9533,9533.jpg,150493.jpg,Howie_Dorough,howie_dorough
21624,21624.jpg,066145.jpg,Howie_Dorough,howie_dorough
20166,20166.jpg,077362.jpg,Howie_Dorough,howie_dorough
20625,20625.jpg,145842.jpg,Howie_Dorough,howie_dorough
22156,22156.jpg,005088.jpg,Howie_Dorough,howie_dorough
19284,19284.jpg,005503.jpg,Howie_Dorough,howie_dorough
25459,25459.jpg,014255.jpg,Howie_Dorough,howie_dorough
29283,29283.jpg,007427.jpg,Howie_Mandel,howie_mandel
23347,23347.jpg,135057.jpg,Howie_Mandel,howie_mandel
22318,22318.jpg,099328.jpg,Hugh_Jackman,hugh_jackman
26586,26586.jpg,001467.jpg,Hugh_Jackman,hugh_jackman
17252,17252.jpg,062770.jpg,Hugh_Jackman,hugh_jackman
25626,25626.jpg,154221.jpg,Hugh_Jackman,hugh_jackman
27260,27260.jpg,121217.jpg,Hugh_Laurie,hugh_laurie
19854,19854.jpg,139522.jpg,Hugh_Laurie,hugh_laurie
25118,25118.jpg,088675.jpg,Hugh_Laurie,hugh_laurie
8467,8467.jpg,029624.jpg,Hunter_Parrish,hunter_parrish
4024,4024.jpg,099385.jpg,Hunter_Parrish,hunter_parrish
2375,2375.jpg,059474.jpg,Hunter_Parrish,hunter_parrish
782,782.jpg,071909.jpg,Hunter_Parrish,hunter_parrish
29677,29677.jpg,089099.jpg,Hunter_Parrish,hunter_parrish
14668,14668.jpg,144011.jpg,Hunter_Parrish,hunter_parrish
27311,27311.jpg,006930.jpg,Hunter_Parrish,hunter_parrish
5682,5682.jpg,154427.jpg,Hunter_Parrish,hunter_parrish
21366,21366.jpg,006226.jpg,Hunter_Parrish,hunter_parrish
8485,8485.jpg,062954.jpg,Hunter_Parrish,hunter_parrish
7463,7463.jpg,071721.jpg,Hunter_Parrish,hunter_parrish
13699,13699.jpg,145928.jpg,Hunter_Parrish,hunter_parrish
7537,7537.jpg,022078.jpg,Hunter_Tylo,hunter_tylo
18398,18398.jpg,013816.jpg,Hunter_Tylo,hunter_tylo
63,63.jpg,155234.jpg,Hunter_Tylo,hunter_tylo
3464,3464.jpg,118383.jpg,Hunter_Tylo,hunter_tylo
3582,3582.jpg,113904.jpg,Hunter_Tylo,hunter_tylo
22164,22164.jpg,027887.jpg,Hunter_Tylo,hunter_tylo
20799,20799.jpg,146261.jpg,Hunter_Tylo,hunter_tylo
2040,2040.jpg,123968.jpg,Hunter_Tylo,hunter_tylo
9221,9221.jpg,159107.jpg,Hunter_Tylo,hunter_tylo
12010,12010.jpg,026300.jpg,Hunter_Tylo,hunter_tylo
8417,8417.jpg,096713.jpg,Hunter_Tylo,hunter_tylo
12239,12239.jpg,155571.jpg,Hunter_Tylo,hunter_tylo
12155,12155.jpg,069064.jpg,Hunter_Tylo,hunter_tylo
7810,7810.jpg,084518.jpg,Hunter_Tylo,hunter_tylo
17898,17898.jpg,062885.jpg,Ian_Holm,ian_holm
17050,17050.jpg,072353.jpg,Ian_Ogilvy,ian_ogilvy
25540,25540.jpg,174765.jpg,Ian_Somerhalder,ian_somerhalder
29565,29565.jpg,175589.jpg,Ian_Somerhalder,ian_somerhalder
24239,24239.jpg,173724.jpg,Ice_Cube,ice_cube
29059,29059.jpg,168434.jpg,Ice_Cube,ice_cube
28659,28659.jpg,166176.jpg,Ice_Cube,ice_cube
12211,12211.jpg,053954.jpg,Ilene_Kristen,ilene_kristen
16009,16009.jpg,078601.jpg,Ilene_Kristen,ilene_kristen
19031,19031.jpg,002022.jpg,Ilene_Kristen,ilene_kristen
5627,5627.jpg,109659.jpg,Ilene_Kristen,ilene_kristen
21348,21348.jpg,043728.jpg,India_de_Beaufort,india_de_beaufort
22072,22072.jpg,030289.jpg,India_de_Beaufort,india_de_beaufort
689,689.jpg,112989.jpg,India_de_Beaufort,india_de_beaufort
27840,27840.jpg,007398.jpg,India_de_Beaufort,india_de_beaufort
27486,27486.jpg,162719.jpg,India_de_Beaufort,india_de_beaufort
28759,28759.jpg,107332.jpg,India_de_Beaufort,india_de_beaufort
15995,15995.jpg,037455.jpg,India_de_Beaufort,india_de_beaufort
22688,22688.jpg,118720.jpg,India_de_Beaufort,india_de_beaufort
24789,24789.jpg,039948.jpg,Indiana_Evans,indiana_evans
18422,18422.jpg,112081.jpg,Ingrid_Chauvin,ingrid_chauvin
881,881.jpg,159817.jpg,Ingrid_Chauvin,ingrid_chauvin
15148,15148.jpg,093374.jpg,Ingrid_Chauvin,ingrid_chauvin
6620,6620.jpg,133703.jpg,Ingrid_Chauvin,ingrid_chauvin
18066,18066.jpg,062581.jpg,Ingrid_Chauvin,ingrid_chauvin
24800,24800.jpg,128536.jpg,Ingrid_Chauvin,ingrid_chauvin
18214,18214.jpg,088068.jpg,Ingrid_Chauvin,ingrid_chauvin
29792,29792.jpg,121278.jpg,Ingrid_Chauvin,ingrid_chauvin
16745,16745.jpg,112357.jpg,Ingrid_Chauvin,ingrid_chauvin
15311,15311.jpg,041660.jpg,Ingrid_Chauvin,ingrid_chauvin
1527,1527.jpg,151847.jpg,Ingrid_Chauvin,ingrid_chauvin
8046,8046.jpg,103238.jpg,Ingrid_Chauvin,ingrid_chauvin
26943,26943.jpg,072294.jpg,Ingrid_Chauvin,ingrid_chauvin
25074,25074.jpg,146937.jpg,Ingrid_Chauvin,ingrid_chauvin
6302,6302.jpg,066604.jpg,Ingrid_Chauvin,ingrid_chauvin
19412,19412.jpg,065448.jpg,Ingrid_Chauvin,ingrid_chauvin
18796,18796.jpg,062185.jpg,Ingrid_Chauvin,ingrid_chauvin
12245,12245.jpg,066830.jpg,Ingrid_Chauvin,ingrid_chauvin
18870,18870.jpg,041551.jpg,Ingrid_Chauvin,ingrid_chauvin
9799,9799.jpg,089279.jpg,Irina_Pantaeva,irina_pantaeva
20561,20561.jpg,058242.jpg,Irina_Pantaeva,irina_pantaeva
27534,27534.jpg,165610.jpg,Izabella_Scorupco,izabella_scorupco
6573,6573.jpg,171111.jpg,Izabella_Scorupco,izabella_scorupco
3747,3747.jpg,174020.jpg,Izabella_Scorupco,izabella_scorupco
22492,22492.jpg,169762.jpg,Izabella_Scorupco,izabella_scorupco
1369,1369.jpg,180899.jpg,Izabella_Scorupco,izabella_scorupco
9648,9648.jpg,167365.jpg,Izabella_Scorupco,izabella_scorupco
6902,6902.jpg,177824.jpg,Izabella_Scorupco,izabella_scorupco
23853,23853.jpg,181206.jpg,Izabella_Scorupco,izabella_scorupco
2473,2473.jpg,176260.jpg,Izabella_Scorupco,izabella_scorupco
10697,10697.jpg,182143.jpg,Izabella_Scorupco,izabella_scorupco
23451,23451.jpg,163566.jpg,Jacinda_Barrett,jacinda_barrett
5302,5302.jpg,016232.jpg,Jack_Davenport,jack_davenport
10175,10175.jpg,109332.jpg,Jack_Davenport,jack_davenport
7327,7327.jpg,008814.jpg,Jack_Davenport,jack_davenport
14112,14112.jpg,055896.jpg,Jack_Davenport,jack_davenport
10741,10741.jpg,135376.jpg,Jack_Davenport,jack_davenport
28479,28479.jpg,034256.jpg,Jack_Davenport,jack_davenport
12437,12437.jpg,147732.jpg,Jack_Davenport,jack_davenport
29604,29604.jpg,102127.jpg,Jackie_Earle_Haley,jackie_earle_haley
18196,18196.jpg,116730.jpg,Jackie_Earle_Haley,jackie_earle_haley
26930,26930.jpg,078080.jpg,Jackie_Earle_Haley,jackie_earle_haley
21897,21897.jpg,108453.jpg,Jackie_Earle_Haley,jackie_earle_haley
22670,22670.jpg,085777.jpg,Jackie_Earle_Haley,jackie_earle_haley
26569,26569.jpg,126511.jpg,Jackie_Earle_Haley,jackie_earle_haley
29410,29410.jpg,034327.jpg,Jackie_Earle_Haley,jackie_earle_haley
4541,4541.jpg,180545.jpg,Jackie_Gayda,jackie_gayda
21855,21855.jpg,172242.jpg,Jackie_Gayda,jackie_gayda
29309,29309.jpg,028830.jpg,Jackie_Guerrido,jackie_guerrido
1671,1671.jpg,077077.jpg,Jackie_Guerrido,jackie_guerrido
14470,14470.jpg,022258.jpg,Jackie_Guerrido,jackie_guerrido
6755,6755.jpg,035610.jpg,Jackie_Guerrido,jackie_guerrido
9578,9578.jpg,067244.jpg,Jackie_Guerrido,jackie_guerrido
8382,8382.jpg,081057.jpg,Jackie_Guerrido,jackie_guerrido
1373,1373.jpg,017446.jpg,Jackie_Guerrido,jackie_guerrido
23022,23022.jpg,109713.jpg,Jackie_Guerrido,jackie_guerrido
8385,8385.jpg,034984.jpg,Jackie_Guerrido,jackie_guerrido
3085,3085.jpg,122372.jpg,Jackie_Guerrido,jackie_guerrido
16411,16411.jpg,109797.jpg,Jackie_Guerrido,jackie_guerrido
7267,7267.jpg,141365.jpg,Jackie_Guerrido,jackie_guerrido
3736,3736.jpg,149906.jpg,Jackie_Guerrido,jackie_guerrido
4877,4877.jpg,132500.jpg,Jacques_Dutronc,jacques_dutronc
10757,10757.jpg,117849.jpg,Jacques_Dutronc,jacques_dutronc
28661,28661.jpg,071441.jpg,Jacques_Dutronc,jacques_dutronc
13017,13017.jpg,070496.jpg,Jacques_Dutronc,jacques_dutronc
6328,6328.jpg,153446.jpg,Jacques_Dutronc,jacques_dutronc
6224,6224.jpg,093303.jpg,Jacques_Dutronc,jacques_dutronc
10376,10376.jpg,052159.jpg,Jade_Ewen,jade_ewen
5975,5975.jpg,105456.jpg,Jade_Ewen,jade_ewen
5969,5969.jpg,095977.jpg,Jade_Ewen,jade_ewen
22915,22915.jpg,031259.jpg,Jade_Ewen,jade_ewen
10922,10922.jpg,074774.jpg,Jade_Ewen,jade_ewen
3814,3814.jpg,024406.jpg,Jade_Ewen,jade_ewen
9410,9410.jpg,073808.jpg,Jaime_Bergman,jaime_bergman
28264,28264.jpg,002140.jpg,Jaime_Bergman,jaime_bergman
4625,4625.jpg,068606.jpg,Jaime_Bergman,jaime_bergman
21104,21104.jpg,018301.jpg,Jaime_Bergman,jaime_bergman
22730,22730.jpg,162150.jpg,Jaime_Bergman,jaime_bergman
19503,19503.jpg,098579.jpg,Jaime_Bergman,jaime_bergman
15619,15619.jpg,074568.jpg,Jaime_Bergman,jaime_bergman
20680,20680.jpg,101915.jpg,Jaime_Bergman,jaime_bergman
11262,11262.jpg,102406.jpg,Jaime_Bergman,jaime_bergman
25563,25563.jpg,005855.jpg,Jaime_King,jaime_king
22087,22087.jpg,094578.jpg,Jaime_King,jaime_king
3906,3906.jpg,019756.jpg,Jaimie_Alexander,jaimie_alexander
8112,8112.jpg,154487.jpg,Jaimie_Alexander,jaimie_alexander
6877,6877.jpg,071271.jpg,Jaimie_Alexander,jaimie_alexander
11169,11169.jpg,117806.jpg,Jaimie_Alexander,jaimie_alexander
18569,18569.jpg,027030.jpg,Jaimie_Alexander,jaimie_alexander
4695,4695.jpg,132838.jpg,Jaimie_Alexander,jaimie_alexander
2970,2970.jpg,040088.jpg,Jaimie_Alexander,jaimie_alexander
28786,28786.jpg,018986.jpg,Jaimie_Alexander,jaimie_alexander
15198,15198.jpg,020245.jpg,Jaimie_Alexander,jaimie_alexander
20180,20180.jpg,112576.jpg,Jaimie_Alexander,jaimie_alexander
5628,5628.jpg,055781.jpg,Jaimie_Alexander,jaimie_alexander
6110,6110.jpg,037381.jpg,Jaimie_Alexander,jaimie_alexander
5950,5950.jpg,077215.jpg,Jaimie_Alexander,jaimie_alexander
8936,8936.jpg,028614.jpg,Jaimie_Alexander,jaimie_alexander
29940,29940.jpg,043573.jpg,Jaimie_Alexander,jaimie_alexander
25888,25888.jpg,073056.jpg,Jaimie_Alexander,jaimie_alexander
24074,24074.jpg,120096.jpg,Jaimie_Alexander,jaimie_alexander
12283,12283.jpg,040405.jpg,Jaimie_Alexander,jaimie_alexander
7142,7142.jpg,007602.jpg,Jaimie_Alexander,jaimie_alexander
7554,7554.jpg,069817.jpg,Jaimie_Alexander,jaimie_alexander
16889,16889.jpg,051537.jpg,Jaimie_Alexander,jaimie_alexander
2321,2321.jpg,014256.jpg,Jaimie_Alexander,jaimie_alexander
4997,4997.jpg,021422.jpg,Jaimie_Alexander,jaimie_alexander
24909,24909.jpg,166860.jpg,Jake_Johnson,jake_johnson
27232,27232.jpg,107348.jpg,Jake_T_Austin,jake_t_austin
23804,23804.jpg,160487.jpg,Jake_T_Austin,jake_t_austin
29030,29030.jpg,058071.jpg,Jake_T_Austin,jake_t_austin
27303,27303.jpg,103760.jpg,Jake_T_Austin,jake_t_austin
18557,18557.jpg,037019.jpg,Jake_T_Austin,jake_t_austin
14467,14467.jpg,028449.jpg,Jake_T_Austin,jake_t_austin
6682,6682.jpg,137913.jpg,Jake_T_Austin,jake_t_austin
3989,3989.jpg,083076.jpg,Jake_T_Austin,jake_t_austin
2106,2106.jpg,124965.jpg,Jake_T_Austin,jake_t_austin
9686,9686.jpg,112211.jpg,Jake_T_Austin,jake_t_austin
22712,22712.jpg,022082.jpg,Jake_T_Austin,jake_t_austin
19703,19703.jpg,008198.jpg,Jakki_Degg,jakki_degg
6477,6477.jpg,151588.jpg,Jakki_Degg,jakki_degg
6801,6801.jpg,076421.jpg,Jakki_Degg,jakki_degg
2021,2021.jpg,136111.jpg,Jakki_Degg,jakki_degg
28903,28903.jpg,131801.jpg,Jakki_Degg,jakki_degg
24412,24412.jpg,096723.jpg,Jakki_Degg,jakki_degg
12003,12003.jpg,010442.jpg,Jakki_Degg,jakki_degg
14243,14243.jpg,011675.jpg,Jakki_Degg,jakki_degg
5927,5927.jpg,057205.jpg,Jakki_Degg,jakki_degg
29912,29912.jpg,157724.jpg,James_Cromwell,james_cromwell
23363,23363.jpg,067093.jpg,James_Cromwell,james_cromwell
21362,21362.jpg,107667.jpg,James_Reyne,james_reyne
21396,21396.jpg,152189.jpg,James_Reyne,james_reyne
25920,25920.jpg,042531.jpg,James_Reyne,james_reyne
587,587.jpg,003335.jpg,James_Reyne,james_reyne
25285,25285.jpg,131302.jpg,James_Roday,james_roday
29645,29645.jpg,101339.jpg,James_Roday,james_roday
2166,2166.jpg,029152.jpg,James_Roday,james_roday
21621,21621.jpg,155738.jpg,James_Roday,james_roday
17977,17977.jpg,118923.jpg,James_Roday,james_roday
24814,24814.jpg,120612.jpg,James_Spader,james_spader
27604,27604.jpg,130969.jpg,James_Spader,james_spader
23533,23533.jpg,122632.jpg,James_Spader,james_spader
22084,22084.jpg,000152.jpg,James_Spader,james_spader
24020,24020.jpg,000710.jpg,James_Spader,james_spader
17300,17300.jpg,112463.jpg,Jamie_Kennedy,jamie_kennedy
27709,27709.jpg,098935.jpg,Jamie_Kennedy,jamie_kennedy
7181,7181.jpg,044924.jpg,Jamie_Lynn_Spears,jamie_lynn_spears
23867,23867.jpg,084872.jpg,Jamie_Lynn_Spears,jamie_lynn_spears
16515,16515.jpg,002021.jpg,Jamie_Lynn_Spears,jamie_lynn_spears
20583,20583.jpg,002238.jpg,Jamie_Lynn_Spears,jamie_lynn_spears
8694,8694.jpg,043126.jpg,Jamie_Lynn_Spears,jamie_lynn_spears
23383,23383.jpg,142253.jpg,Jamie_Lynn_Spears,jamie_lynn_spears
22958,22958.jpg,080471.jpg,Jamie_Lynn_Spears,jamie_lynn_spears
24180,24180.jpg,018268.jpg,Jamie_Lynn_Spears,jamie_lynn_spears
3072,3072.jpg,015296.jpg,Jamie_Lynn_Spears,jamie_lynn_spears
25387,25387.jpg,101907.jpg,Jamie_Lynn_Spears,jamie_lynn_spears
27105,27105.jpg,005751.jpg,Jamie_Lynn_Spears,jamie_lynn_spears
25198,25198.jpg,153057.jpg,Jamie_Lynn_Spears,jamie_lynn_spears
24707,24707.jpg,096717.jpg,Jamie_Lynn_Spears,jamie_lynn_spears
20734,20734.jpg,016946.jpg,Jamie_Lynn_Spears,jamie_lynn_spears
7944,7944.jpg,170368.jpg,Jane_Asher,jane_asher
9826,9826.jpg,175724.jpg,Jane_Asher,jane_asher
22233,22233.jpg,178091.jpg,Jane_Asher,jane_asher
14606,14606.jpg,166864.jpg,Jane_Asher,jane_asher
21653,21653.jpg,166259.jpg,Jane_Asher,jane_asher
14769,14769.jpg,182508.jpg,Jane_Asher,jane_asher
22811,22811.jpg,173613.jpg,Jane_Asher,jane_asher
29759,29759.jpg,179276.jpg,Jane_Asher,jane_asher
755,755.jpg,166329.jpg,Jane_Asher,jane_asher
21431,21431.jpg,131915.jpg,Jane_Seymour,jane_seymour
29885,29885.jpg,152250.jpg,Jane_Seymour,jane_seymour
6424,6424.jpg,166260.jpg,Janel_Parrish,janel_parrish
9043,9043.jpg,167898.jpg,Janel_Parrish,janel_parrish
29539,29539.jpg,165911.jpg,Janel_Parrish,janel_parrish
1028,1028.jpg,177708.jpg,Janel_Parrish,janel_parrish
2447,2447.jpg,084749.jpg,Jang_Wooyoung,jang_wooyoung
13710,13710.jpg,003634.jpg,Jang_Wooyoung,jang_wooyoung
25579,25579.jpg,146169.jpg,Jang_Wooyoung,jang_wooyoung
19534,19534.jpg,093984.jpg,Janice_Dickinson,janice_dickinson
24931,24931.jpg,042473.jpg,Janice_Dickinson,janice_dickinson
6373,6373.jpg,021489.jpg,Janice_Dickinson,janice_dickinson
16144,16144.jpg,092159.jpg,Janice_Dickinson,janice_dickinson
14692,14692.jpg,029785.jpg,Janice_Dickinson,janice_dickinson
1687,1687.jpg,010694.jpg,Janice_Dickinson,janice_dickinson
13664,13664.jpg,086752.jpg,Janice_Dickinson,janice_dickinson
26024,26024.jpg,027956.jpg,Janice_Dickinson,janice_dickinson
28630,28630.jpg,137590.jpg,Jared_Leto,jared_leto
18572,18572.jpg,091126.jpg,Jared_Leto,jared_leto
15977,15977.jpg,043465.jpg,Jared_Leto,jared_leto
24111,24111.jpg,004614.jpg,Jared_Leto,jared_leto
25038,25038.jpg,032287.jpg,Jared_Leto,jared_leto
29344,29344.jpg,142483.jpg,Jared_Leto,jared_leto
7104,7104.jpg,003249.jpg,Jarno_Trulli,jarno_trulli
17694,17694.jpg,045554.jpg,Jarno_Trulli,jarno_trulli
9256,9256.jpg,055361.jpg,Jarno_Trulli,jarno_trulli
29732,29732.jpg,087607.jpg,Jarno_Trulli,jarno_trulli
10001,10001.jpg,111253.jpg,Jarno_Trulli,jarno_trulli
10924,10924.jpg,131748.jpg,Jarno_Trulli,jarno_trulli
16360,16360.jpg,053698.jpg,Jason_Bateman,jason_bateman
19418,19418.jpg,007015.jpg,Jason_Bateman,jason_bateman
28058,28058.jpg,160512.jpg,Jason_Bateman,jason_bateman
13751,13751.jpg,115879.jpg,Jason_Castro,jason_castro
19287,19287.jpg,065723.jpg,Jason_Dolley,jason_dolley
27687,27687.jpg,120034.jpg,Jason_Dolley,jason_dolley
3473,3473.jpg,047780.jpg,Jason_Dolley,jason_dolley
22996,22996.jpg,112815.jpg,Jason_Dolley,jason_dolley
2084,2084.jpg,049005.jpg,Jason_Dolley,jason_dolley
18337,18337.jpg,054248.jpg,Jason_Dolley,jason_dolley
28543,28543.jpg,050265.jpg,Jason_Dolley,jason_dolley
24043,24043.jpg,156960.jpg,Jason_Earles,jason_earles
18011,18011.jpg,014501.jpg,Jason_Earles,jason_earles
9104,9104.jpg,054501.jpg,Jason_Earles,jason_earles
27233,27233.jpg,009069.jpg,Jason_Flemyng,jason_flemyng
15152,15152.jpg,174398.jpg,Jason_Lee,jason_lee
16419,16419.jpg,167580.jpg,Jason_Lee,jason_lee
13445,13445.jpg,168256.jpg,Jason_Lee,jason_lee
16488,16488.jpg,046904.jpg,Jason_Lewis,jason_lewis
23283,23283.jpg,076970.jpg,Jason_Lewis,jason_lewis
16780,16780.jpg,179282.jpg,Jason_Mraz,jason_mraz
19845,19845.jpg,063941.jpg,Jason_Segel,jason_segel
19928,19928.jpg,113122.jpg,Jason_Segel,jason_segel
14880,14880.jpg,007956.jpg,Jason_Segel,jason_segel
24769,24769.jpg,082137.jpg,Jason_Sudeikis,jason_sudeikis
27968,27968.jpg,146847.jpg,Jason_Sudeikis,jason_sudeikis
19987,19987.jpg,117037.jpg,Jason_Terry,jason_terry
8906,8906.jpg,058003.jpg,Jay_Cutler,jay_cutler
22962,22962.jpg,070553.jpg,Jay_Hernandez,jay_hernandez
18327,18327.jpg,100972.jpg,Jay_Hernandez,jay_hernandez
25087,25087.jpg,095981.jpg,Jay_Hernandez,jay_hernandez
28558,28558.jpg,072401.jpg,Jay_Hernandez,jay_hernandez
11111,11111.jpg,031799.jpg,Jay_Z,jay_z
11546,11546.jpg,090574.jpg,Jay_Z,jay_z
27469,27469.jpg,012724.jpg,Jayma_Mays,jayma_mays
26507,26507.jpg,132036.jpg,Jayma_Mays,jayma_mays
24030,24030.jpg,038942.jpg,Jayma_Mays,jayma_mays
5219,5219.jpg,174517.jpg,Jeanette_Biedermann,jeanette_biedermann
3294,3294.jpg,176153.jpg,Jeanette_Biedermann,jeanette_biedermann
16728,16728.jpg,180416.jpg,Jeanette_Biedermann,jeanette_biedermann
5919,5919.jpg,166947.jpg,Jeanette_Biedermann,jeanette_biedermann
389,389.jpg,177755.jpg,Jeanette_Biedermann,jeanette_biedermann
10076,10076.jpg,171081.jpg,Jeanette_Biedermann,jeanette_biedermann
3931,3931.jpg,172404.jpg,Jeanette_Biedermann,jeanette_biedermann
6296,6296.jpg,176553.jpg,Jeanette_Biedermann,jeanette_biedermann
814,814.jpg,172963.jpg,Jeanette_Biedermann,jeanette_biedermann
15952,15952.jpg,174058.jpg,Jeanette_Biedermann,jeanette_biedermann
5410,5410.jpg,168379.jpg,Jeanette_Biedermann,jeanette_biedermann
1031,1031.jpg,180439.jpg,Jeanette_Biedermann,jeanette_biedermann
6930,6930.jpg,165483.jpg,Jeanette_Biedermann,jeanette_biedermann
28259,28259.jpg,167799.jpg,Jeanette_Biedermann,jeanette_biedermann
11189,11189.jpg,171110.jpg,Jeanette_Biedermann,jeanette_biedermann
2283,2283.jpg,177707.jpg,Jeanette_Biedermann,jeanette_biedermann
1018,1018.jpg,175156.jpg,Jeanette_Biedermann,jeanette_biedermann
7835,7835.jpg,180078.jpg,Jeanette_Biedermann,jeanette_biedermann
8383,8383.jpg,170586.jpg,Jeanette_Biedermann,jeanette_biedermann
14686,14686.jpg,179052.jpg,Jeanette_Biedermann,jeanette_biedermann
21852,21852.jpg,177699.jpg,Jeanette_Biedermann,jeanette_biedermann
22706,22706.jpg,098062.jpg,Jeff_Beck,jeff_beck
15568,15568.jpg,058175.jpg,Jeff_Beck,jeff_beck
15358,15358.jpg,142207.jpg,Jeff_Beck,jeff_beck
5925,5925.jpg,138429.jpg,Jeff_Beck,jeff_beck
20018,20018.jpg,090328.jpg,Jeff_Probst,jeff_probst
12925,12925.jpg,054621.jpg,Jeff_Probst,jeff_probst
9919,9919.jpg,076227.jpg,Jeff_Probst,jeff_probst
22602,22602.jpg,067630.jpg,Jeffrey_Donovan,jeffrey_donovan
410,410.jpg,063151.jpg,Jeffrey_Donovan,jeffrey_donovan
3221,3221.jpg,104305.jpg,Jeffrey_Donovan,jeffrey_donovan
801,801.jpg,060412.jpg,Jeffrey_Donovan,jeffrey_donovan
27161,27161.jpg,074455.jpg,Jeffrey_Donovan,jeffrey_donovan
10797,10797.jpg,092040.jpg,Jeffrey_Donovan,jeffrey_donovan
27251,27251.jpg,115781.jpg,Jeffrey_Donovan,jeffrey_donovan
21904,21904.jpg,181833.jpg,Jelena_Jankovic,jelena_jankovic
9793,9793.jpg,021590.jpg,Jemaine_Clement,jemaine_clement
28693,28693.jpg,080348.jpg,Jemaine_Clement,jemaine_clement
17136,17136.jpg,099906.jpg,Jemaine_Clement,jemaine_clement
21176,21176.jpg,073849.jpg,Jena_Malone,jena_malone
22762,22762.jpg,034517.jpg,Jena_Malone,jena_malone
15349,15349.jpg,014356.jpg,Jena_Malone,jena_malone
22361,22361.jpg,000175.jpg,Jena_Malone,jena_malone
16037,16037.jpg,073704.jpg,Jena_Malone,jena_malone
18762,18762.jpg,035594.jpg,Jena_Malone,jena_malone
15415,15415.jpg,084180.jpg,Jena_Malone,jena_malone
28196,28196.jpg,137002.jpg,Jena_Malone,jena_malone
17304,17304.jpg,079954.jpg,Jena_Malone,jena_malone
29099,29099.jpg,015723.jpg,Jenna_Ushkowitz,jenna_ushkowitz
6349,6349.jpg,006611.jpg,Jenna_Ushkowitz,jenna_ushkowitz
17283,17283.jpg,011235.jpg,Jenna_Ushkowitz,jenna_ushkowitz
6962,6962.jpg,070571.jpg,Jenna_Ushkowitz,jenna_ushkowitz
9499,9499.jpg,115247.jpg,Jenna_Ushkowitz,jenna_ushkowitz
22676,22676.jpg,138727.jpg,Jenna_Ushkowitz,jenna_ushkowitz
8751,8751.jpg,158125.jpg,Jenna_Ushkowitz,jenna_ushkowitz
8978,8978.jpg,019754.jpg,Jenna_Ushkowitz,jenna_ushkowitz
15741,15741.jpg,111378.jpg,Jenna_Ushkowitz,jenna_ushkowitz
22588,22588.jpg,123815.jpg,Jenna_Ushkowitz,jenna_ushkowitz
11717,11717.jpg,129045.jpg,Jenna_Ushkowitz,jenna_ushkowitz
7611,7611.jpg,041133.jpg,Jennette_McCurdy,jennette_mccurdy
5450,5450.jpg,036556.jpg,Jennette_McCurdy,jennette_mccurdy
9083,9083.jpg,006661.jpg,Jennette_McCurdy,jennette_mccurdy
4540,4540.jpg,089258.jpg,Jennette_McCurdy,jennette_mccurdy
6915,6915.jpg,081508.jpg,Jennette_McCurdy,jennette_mccurdy
18488,18488.jpg,081562.jpg,Jennette_McCurdy,jennette_mccurdy
8616,8616.jpg,137598.jpg,Jennette_McCurdy,jennette_mccurdy
8017,8017.jpg,103269.jpg,Jennette_McCurdy,jennette_mccurdy
17196,17196.jpg,044300.jpg,Jennette_McCurdy,jennette_mccurdy
771,771.jpg,085577.jpg,Jennette_McCurdy,jennette_mccurdy
435,435.jpg,084172.jpg,Jennette_McCurdy,jennette_mccurdy
3600,3600.jpg,073185.jpg,Jennette_McCurdy,jennette_mccurdy
1208,1208.jpg,099745.jpg,Jennette_McCurdy,jennette_mccurdy
2991,2991.jpg,121495.jpg,Jennette_McCurdy,jennette_mccurdy
254,254.jpg,003105.jpg,Jennette_McCurdy,jennette_mccurdy
1048,1048.jpg,147874.jpg,Jennette_McCurdy,jennette_mccurdy
4090,4090.jpg,009375.jpg,Jennette_McCurdy,jennette_mccurdy
17625,17625.jpg,130043.jpg,Jennette_McCurdy,jennette_mccurdy
11809,11809.jpg,080475.jpg,Jennette_McCurdy,jennette_mccurdy
4229,4229.jpg,158706.jpg,Jennette_McCurdy,jennette_mccurdy
1560,1560.jpg,002705.jpg,Jennette_McCurdy,jennette_mccurdy
4155,4155.jpg,038821.jpg,Jennette_McCurdy,jennette_mccurdy
1516,1516.jpg,084375.jpg,Jennette_McCurdy,jennette_mccurdy
1500,1500.jpg,043144.jpg,Jennette_McCurdy,jennette_mccurdy
27123,27123.jpg,016015.jpg,Jenni_Falconer,jenni_falconer
4939,4939.jpg,074707.jpg,Jenni_Falconer,jenni_falconer
12257,12257.jpg,126747.jpg,Jenni_Falconer,jenni_falconer
12138,12138.jpg,047442.jpg,Jenni_Falconer,jenni_falconer
3667,3667.jpg,121523.jpg,Jenni_Falconer,jenni_falconer
19626,19626.jpg,069562.jpg,Jenni_Falconer,jenni_falconer
1001,1001.jpg,152748.jpg,Jenni_Falconer,jenni_falconer
21165,21165.jpg,140363.jpg,Jenni_Falconer,jenni_falconer
7010,7010.jpg,052684.jpg,Jenni_Falconer,jenni_falconer
14355,14355.jpg,082115.jpg,Jennifer_Jason_Leigh,jennifer_jason_leigh
11446,11446.jpg,013027.jpg,Jenny_Frost,jenny_frost
3878,3878.jpg,129150.jpg,Jenny_Frost,jenny_frost
3948,3948.jpg,139594.jpg,Jenny_Frost,jenny_frost
24674,24674.jpg,082098.jpg,Jenny_Frost,jenny_frost
10819,10819.jpg,117381.jpg,Jenny_Frost,jenny_frost
10864,10864.jpg,011485.jpg,Jenny_Frost,jenny_frost
2252,2252.jpg,057993.jpg,Jenny_Frost,jenny_frost
19368,19368.jpg,021579.jpg,Jenny_Frost,jenny_frost
23202,23202.jpg,004075.jpg,Jenny_Frost,jenny_frost
4730,4730.jpg,004154.jpg,Jenny_Frost,jenny_frost
2728,2728.jpg,021684.jpg,Jenny_Frost,jenny_frost
29735,29735.jpg,176264.jpg,Jensen_Ackles,jensen_ackles
17508,17508.jpg,036407.jpg,Jeremy_Renner,jeremy_renner
22023,22023.jpg,157121.jpg,Jeremy_Renner,jeremy_renner
26049,26049.jpg,012272.jpg,Jeremy_Sisto,jeremy_sisto
20233,20233.jpg,091019.jpg,Jeremy_Sisto,jeremy_sisto
19620,19620.jpg,134459.jpg,Jeremy_Sisto,jeremy_sisto
22195,22195.jpg,152614.jpg,Jeremy_Sisto,jeremy_sisto
14650,14650.jpg,135522.jpg,Jermaine_Jackson,jermaine_jackson
8204,8204.jpg,035412.jpg,Jermaine_Jackson,jermaine_jackson
25064,25064.jpg,102250.jpg,Jermaine_Jackson,jermaine_jackson
8802,8802.jpg,027328.jpg,Jermaine_Jackson,jermaine_jackson
20201,20201.jpg,023066.jpg,Jermaine_Jackson,jermaine_jackson
12498,12498.jpg,081814.jpg,Jermaine_Jackson,jermaine_jackson
11052,11052.jpg,077177.jpg,Jermaine_Jackson,jermaine_jackson
4022,4022.jpg,089926.jpg,Jermaine_Jackson,jermaine_jackson
23173,23173.jpg,116251.jpg,Jermaine_Jackson,jermaine_jackson
15117,15117.jpg,058598.jpg,Jermaine_Jackson,jermaine_jackson
20944,20944.jpg,013990.jpg,Jermaine_Jackson,jermaine_jackson
6315,6315.jpg,015399.jpg,Jermaine_Jackson,jermaine_jackson
22012,22012.jpg,012105.jpg,Jermaine_Jackson,jermaine_jackson
24940,24940.jpg,017232.jpg,Jerry_Brown,jerry_brown
17924,17924.jpg,034333.jpg,Jerry_Brown,jerry_brown
9316,9316.jpg,182528.jpg,Jerry_Mathers,jerry_mathers
14918,14918.jpg,163007.jpg,Jerry_Mathers,jerry_mathers
7158,7158.jpg,167064.jpg,Jerry_Mathers,jerry_mathers
20007,20007.jpg,169877.jpg,Jerry_Mathers,jerry_mathers
25071,25071.jpg,168948.jpg,Jerry_Mathers,jerry_mathers
26238,26238.jpg,164051.jpg,Jerry_Mathers,jerry_mathers
27182,27182.jpg,173457.jpg,Jerry_Mathers,jerry_mathers
22600,22600.jpg,173267.jpg,Jerry_Mathers,jerry_mathers
16431,16431.jpg,180194.jpg,Jerry_Mathers,jerry_mathers
29397,29397.jpg,172347.jpg,Jerry_Mathers,jerry_mathers
14915,14915.jpg,181075.jpg,Jerry_Mathers,jerry_mathers
6295,6295.jpg,164129.jpg,Jerry_Mathers,jerry_mathers
19763,19763.jpg,167408.jpg,Jerry_Mathers,jerry_mathers
21281,21281.jpg,178814.jpg,Jesse_Tyler_Ferguson,jesse_tyler_ferguson
5693,5693.jpg,132030.jpg,Jessica_Hart,jessica_hart
29200,29200.jpg,065621.jpg,Jessica_Hart,jessica_hart
21686,21686.jpg,155745.jpg,Jessica_Hart,jessica_hart
25392,25392.jpg,154071.jpg,Jessica_Hart,jessica_hart
21101,21101.jpg,151437.jpg,Jessica_Hart,jessica_hart
26486,26486.jpg,104879.jpg,Jessica_Hart,jessica_hart
15477,15477.jpg,149330.jpg,Jessica_Hart,jessica_hart
4770,4770.jpg,096218.jpg,Jessica_Schwarz,jessica_schwarz
4356,4356.jpg,098945.jpg,Jessica_Schwarz,jessica_schwarz
6806,6806.jpg,149257.jpg,Jessica_Schwarz,jessica_schwarz
12191,12191.jpg,031627.jpg,Jessica_Schwarz,jessica_schwarz
23020,23020.jpg,018736.jpg,Jessica_Schwarz,jessica_schwarz
13049,13049.jpg,133376.jpg,Jessica_Schwarz,jessica_schwarz
27702,27702.jpg,156978.jpg,Jessica_Schwarz,jessica_schwarz
26883,26883.jpg,118993.jpg,Jim_Broadbent,jim_broadbent
28520,28520.jpg,069898.jpg,Jim_Broadbent,jim_broadbent
23528,23528.jpg,152067.jpg,Jim_Broadbent,jim_broadbent
14518,14518.jpg,086568.jpg,Jim_Nabors,jim_nabors
9859,9859.jpg,115017.jpg,Jim_Nabors,jim_nabors
14851,14851.jpg,092996.jpg,Jim_Nabors,jim_nabors
532,532.jpg,014858.jpg,Jim_Nabors,jim_nabors
16283,16283.jpg,037651.jpg,Jim_Nabors,jim_nabors
3993,3993.jpg,043583.jpg,Jim_Nabors,jim_nabors
12893,12893.jpg,061725.jpg,Jim_Nabors,jim_nabors
7767,7767.jpg,156446.jpg,Jim_Parsons,jim_parsons
24564,24564.jpg,001558.jpg,Jim_Parsons,jim_parsons
763,763.jpg,058566.jpg,Jim_Parsons,jim_parsons
15036,15036.jpg,003879.jpg,Jim_Parsons,jim_parsons
7424,7424.jpg,011696.jpg,Jim_Parsons,jim_parsons
606,606.jpg,016930.jpg,Jim_Parsons,jim_parsons
12797,12797.jpg,071844.jpg,Jimmie_Johnson,jimmie_johnson
10814,10814.jpg,058218.jpg,Jimmie_Johnson,jimmie_johnson
17266,17266.jpg,088165.jpg,Jimmie_Johnson,jimmie_johnson
17643,17643.jpg,117618.jpg,Jimmie_Johnson,jimmie_johnson
17740,17740.jpg,116747.jpg,Jimmy_Buffett,jimmy_buffett
27477,27477.jpg,122066.jpg,Jimmy_Buffett,jimmy_buffett
10456,10456.jpg,106786.jpg,Jinder_Mahal,jinder_mahal
4100,4100.jpg,023457.jpg,Joan_Fontaine,joan_fontaine
1245,1245.jpg,063078.jpg,Joan_Fontaine,joan_fontaine
1381,1381.jpg,005099.jpg,Joan_Fontaine,joan_fontaine
24545,24545.jpg,018389.jpg,Joan_Fontaine,joan_fontaine
17226,17226.jpg,037117.jpg,Joan_Fontaine,joan_fontaine
18116,18116.jpg,063751.jpg,Joan_Leslie,joan_leslie
9745,9745.jpg,108070.jpg,Joan_Leslie,joan_leslie
20168,20168.jpg,087415.jpg,Joan_Leslie,joan_leslie
14358,14358.jpg,133563.jpg,Joan_Leslie,joan_leslie
4080,4080.jpg,091800.jpg,Joan_Leslie,joan_leslie
8702,8702.jpg,007250.jpg,Joan_Leslie,joan_leslie
15074,15074.jpg,094977.jpg,Jodelle_Ferland,jodelle_ferland
14968,14968.jpg,043818.jpg,Jodelle_Ferland,jodelle_ferland
23616,23616.jpg,060180.jpg,Jodelle_Ferland,jodelle_ferland
2976,2976.jpg,145273.jpg,Jodelle_Ferland,jodelle_ferland
5474,5474.jpg,148444.jpg,Jodelle_Ferland,jodelle_ferland
25951,25951.jpg,009306.jpg,Jodelle_Ferland,jodelle_ferland
5870,5870.jpg,130300.jpg,Jodelle_Ferland,jodelle_ferland
29994,29994.jpg,020873.jpg,Jodelle_Ferland,jodelle_ferland
25987,25987.jpg,049116.jpg,Jodelle_Ferland,jodelle_ferland
20485,20485.jpg,055258.jpg,Jodelle_Ferland,jodelle_ferland
10357,10357.jpg,085490.jpg,Jodie_Sweetin,jodie_sweetin
953,953.jpg,149578.jpg,Jodie_Sweetin,jodie_sweetin
2913,2913.jpg,103754.jpg,Jodie_Sweetin,jodie_sweetin
8233,8233.jpg,053981.jpg,Jodie_Sweetin,jodie_sweetin
3803,3803.jpg,050446.jpg,Jodie_Sweetin,jodie_sweetin
16904,16904.jpg,030267.jpg,Jodie_Sweetin,jodie_sweetin
14832,14832.jpg,051511.jpg,Jodie_Sweetin,jodie_sweetin
16952,16952.jpg,075444.jpg,Jodie_Sweetin,jodie_sweetin
2674,2674.jpg,102896.jpg,Jodie_Sweetin,jodie_sweetin
1390,1390.jpg,070451.jpg,Jodie_Sweetin,jodie_sweetin
15934,15934.jpg,016128.jpg,Joe_Budden,joe_budden
17738,17738.jpg,103139.jpg,Joe_Budden,joe_budden
17342,17342.jpg,134381.jpg,Joe_Budden,joe_budden
3252,3252.jpg,088221.jpg,Joe_Budden,joe_budden
3151,3151.jpg,020221.jpg,Joe_Budden,joe_budden
22793,22793.jpg,043496.jpg,Joe_Nemechek,joe_nemechek
10812,10812.jpg,034835.jpg,Joe_Pesci,joe_pesci
26690,26690.jpg,117818.jpg,Joe_Pesci,joe_pesci
18698,18698.jpg,143052.jpg,Joe_Walsh,joe_walsh
8219,8219.jpg,113548.jpg,Joel_Madden,joel_madden
13002,13002.jpg,008582.jpg,Joel_Madden,joel_madden
11246,11246.jpg,134442.jpg,Joel_Madden,joel_madden
7337,7337.jpg,046445.jpg,Joel_Madden,joel_madden
25061,25061.jpg,118697.jpg,Joel_Madden,joel_madden
18757,18757.jpg,107779.jpg,Joel_Madden,joel_madden
28868,28868.jpg,011125.jpg,Joel_Osteen,joel_osteen
22467,22467.jpg,002665.jpg,Joey_Fatone,joey_fatone
27714,27714.jpg,103699.jpg,Joey_Fatone,joey_fatone
17020,17020.jpg,019150.jpg,Joey_Fatone,joey_fatone
28195,28195.jpg,152536.jpg,Joey_Fatone,joey_fatone
23272,23272.jpg,112546.jpg,John_Carradine,john_carradine
28675,28675.jpg,015424.jpg,John_Carradine,john_carradine
6566,6566.jpg,088625.jpg,John_Carradine,john_carradine
15623,15623.jpg,076069.jpg,John_Cleese,john_cleese
28381,28381.jpg,059445.jpg,John_Cleese,john_cleese
29612,29612.jpg,169467.jpg,John_Corbett,john_corbett
11058,11058.jpg,145788.jpg,John_Entwistle,john_entwistle
8329,8329.jpg,116750.jpg,John_Hennigan,john_hennigan
18517,18517.jpg,078327.jpg,John_Hennigan,john_hennigan
308,308.jpg,058127.jpg,John_Hennigan,john_hennigan
21964,21964.jpg,147468.jpg,John_Mahoney,john_mahoney
469,469.jpg,016852.jpg,John_Nettles,john_nettles
13137,13137.jpg,127638.jpg,John_Nettles,john_nettles
11168,11168.jpg,114663.jpg,John_Nettles,john_nettles
24005,24005.jpg,090285.jpg,John_Nettles,john_nettles
21369,21369.jpg,146700.jpg,John_Nettles,john_nettles
9191,9191.jpg,123362.jpg,John_Nettles,john_nettles
21091,21091.jpg,158066.jpg,John_Nettles,john_nettles
29362,29362.jpg,102653.jpg,John_Noble,john_noble
18073,18073.jpg,056570.jpg,John_Noble,john_noble
17254,17254.jpg,157423.jpg,John_Noble,john_noble
13562,13562.jpg,019722.jpg,John_Noble,john_noble
27998,27998.jpg,127976.jpg,John_Noble,john_noble
14641,14641.jpg,112573.jpg,John_Noble,john_noble
2663,2663.jpg,038800.jpg,John_Noble,john_noble
11274,11274.jpg,061021.jpg,John_Noble,john_noble
6691,6691.jpg,065554.jpg,John_Noble,john_noble
13370,13370.jpg,088431.jpg,John_Noble,john_noble
14660,14660.jpg,027809.jpg,John_Noble,john_noble
24201,24201.jpg,073623.jpg,John_Noble,john_noble
6513,6513.jpg,079299.jpg,John_Prats,john_prats
11269,11269.jpg,161708.jpg,John_Schneider,john_schneider
22272,22272.jpg,131803.jpg,John_Schneider,john_schneider
20714,20714.jpg,019818.jpg,John_Schneider,john_schneider
28190,28190.jpg,037023.jpg,John_Schneider,john_schneider
20973,20973.jpg,076158.jpg,John_Schneider,john_schneider
17410,17410.jpg,101081.jpg,John_Schneider,john_schneider
17046,17046.jpg,064370.jpg,John_Schneider,john_schneider
880,880.jpg,089606.jpg,John_Schneider,john_schneider
27539,27539.jpg,158209.jpg,John_Schneider,john_schneider
15822,15822.jpg,178015.jpg,John_Simm,john_simm
27183,27183.jpg,164648.jpg,John_Simm,john_simm
19540,19540.jpg,059164.jpg,Johnny_Weir,johnny_weir
28203,28203.jpg,010702.jpg,Johnny_Weir,johnny_weir
12147,12147.jpg,016996.jpg,Jon_Bernthal,jon_bernthal
10818,10818.jpg,089204.jpg,Jon_Bernthal,jon_bernthal
19193,19193.jpg,062887.jpg,Jon_Bernthal,jon_bernthal
10342,10342.jpg,144604.jpg,Jon_Bernthal,jon_bernthal
12675,12675.jpg,061237.jpg,Jon_Bernthal,jon_bernthal
24491,24491.jpg,006668.jpg,Jordana_Brewster,jordana_brewster
1288,1288.jpg,012371.jpg,Joseph_Morgan,joseph_morgan
25342,25342.jpg,060498.jpg,Joseph_Morgan,joseph_morgan
27444,27444.jpg,027157.jpg,Joseph_Morgan,joseph_morgan
28482,28482.jpg,129943.jpg,Joseph_Morgan,joseph_morgan
7118,7118.jpg,075793.jpg,Joseph_Morgan,joseph_morgan
23850,23850.jpg,085843.jpg,Joseph_Morgan,joseph_morgan
5419,5419.jpg,104841.jpg,Joseph_Morgan,joseph_morgan
11635,11635.jpg,072314.jpg,Joseph_Morgan,joseph_morgan
13357,13357.jpg,039681.jpg,Joseph_Morgan,joseph_morgan
13512,13512.jpg,122613.jpg,Joseph_Morgan,joseph_morgan
848,848.jpg,034232.jpg,Joseph_Morgan,joseph_morgan
19843,19843.jpg,039604.jpg,Joseph_Morgan,joseph_morgan
29922,29922.jpg,181013.jpg,Josh_Duhamel,josh_duhamel
12400,12400.jpg,123440.jpg,Juan_Mata,juan_mata
2477,2477.jpg,082028.jpg,Judit_Masco,judit_masco
14218,14218.jpg,096913.jpg,Judit_Masco,judit_masco
4996,4996.jpg,026181.jpg,Judith_Light,judith_light
21784,21784.jpg,037191.jpg,Judith_Light,judith_light
3306,3306.jpg,011996.jpg,Judith_Light,judith_light
21478,21478.jpg,126395.jpg,Judith_Light,judith_light
4469,4469.jpg,089323.jpg,Judith_Light,judith_light
26502,26502.jpg,037571.jpg,Judith_Light,judith_light
602,602.jpg,000291.jpg,Judith_Light,judith_light
28916,28916.jpg,085121.jpg,Judith_Light,judith_light
13410,13410.jpg,062793.jpg,Judith_Light,judith_light
27549,27549.jpg,094952.jpg,Julia_Gorges,julia_gorges
6629,6629.jpg,151914.jpg,Julia_Gorges,julia_gorges
22925,22925.jpg,051299.jpg,Julia_Gorges,julia_gorges
23708,23708.jpg,088466.jpg,Julia_Louis_Dreyfus,julia_louis_dreyfus
26854,26854.jpg,044481.jpg,Julia_Roberts,julia_roberts
19573,19573.jpg,148237.jpg,Julia_Volkova,julia_volkova
7692,7692.jpg,033575.jpg,Julia_Volkova,julia_volkova
6834,6834.jpg,013440.jpg,Julia_Volkova,julia_volkova
21211,21211.jpg,059513.jpg,Julian_McMahon,julian_mcmahon
21214,21214.jpg,044438.jpg,Julian_Schnabel,julian_schnabel
22671,22671.jpg,156419.jpg,Julian_Schnabel,julian_schnabel
1733,1733.jpg,160814.jpg,Julian_Schnabel,julian_schnabel
6347,6347.jpg,047557.jpg,Julian_Schnabel,julian_schnabel
9779,9779.jpg,004252.jpg,Julian_Schnabel,julian_schnabel
22173,22173.jpg,144452.jpg,Julian_Schnabel,julian_schnabel
16438,16438.jpg,129990.jpg,Julian_Schnabel,julian_schnabel
29819,29819.jpg,130263.jpg,Julian_Schnabel,julian_schnabel
20460,20460.jpg,106964.jpg,Julian_Schnabel,julian_schnabel
26661,26661.jpg,195957.jpg,Julianne_Nicholson,julianne_nicholson
12401,12401.jpg,190745.jpg,Julianne_Nicholson,julianne_nicholson
22964,22964.jpg,194041.jpg,Julianne_Nicholson,julianne_nicholson
1233,1233.jpg,113746.jpg,Julissa_Bermudez,julissa_bermudez
6693,6693.jpg,081920.jpg,June_Haver,june_haver
8573,8573.jpg,065438.jpg,June_Haver,june_haver
12730,12730.jpg,045511.jpg,June_Haver,june_haver
23154,23154.jpg,186695.jpg,Juri_Ueno,juri_ueno
3329,3329.jpg,193342.jpg,Juri_Ueno,juri_ueno
3330,3330.jpg,197573.jpg,Juri_Ueno,juri_ueno
16272,16272.jpg,202409.jpg,Juri_Ueno,juri_ueno
11218,11218.jpg,197582.jpg,Juri_Ueno,juri_ueno
7180,7180.jpg,184282.jpg,Juri_Ueno,juri_ueno
19818,19818.jpg,191641.jpg,Juri_Ueno,juri_ueno
28239,28239.jpg,010520.jpg,Justin_Bieber,justin_bieber
29284,29284.jpg,074630.jpg,Justin_Bieber,justin_bieber
16769,16769.jpg,025713.jpg,Justin_Bieber,justin_bieber
18003,18003.jpg,017494.jpg,Justin_Chambers,justin_chambers
25332,25332.jpg,072000.jpg,Justin_Chambers,justin_chambers
24904,24904.jpg,086353.jpg,Justin_Chambers,justin_chambers
24942,24942.jpg,091856.jpg,Justin_Chambers,justin_chambers
11758,11758.jpg,030905.jpg,Justin_Chambers,justin_chambers
15929,15929.jpg,196507.jpg,Justin_Hartley,justin_hartley
18642,18642.jpg,192055.jpg,Justin_Hartley,justin_hartley
7218,7218.jpg,185507.jpg,Justin_Hartley,justin_hartley
11624,11624.jpg,194931.jpg,Justin_Hartley,justin_hartley
742,742.jpg,195093.jpg,Justin_Hartley,justin_hartley
21453,21453.jpg,191088.jpg,Justin_Hartley,justin_hartley
2555,2555.jpg,200749.jpg,Justin_Hartley,justin_hartley
16231,16231.jpg,183397.jpg,Justin_Hartley,justin_hartley
6460,6460.jpg,184925.jpg,Justin_Hartley,justin_hartley
20239,20239.jpg,107432.jpg,Kajol,kajol
3319,3319.jpg,109500.jpg,Kajol,kajol
5970,5970.jpg,141834.jpg,Kajol,kajol
11397,11397.jpg,087372.jpg,Kajol,kajol
28167,28167.jpg,127628.jpg,Kajol,kajol
27353,27353.jpg,067883.jpg,Kajol,kajol
8142,8142.jpg,055323.jpg,Kajol,kajol
4326,4326.jpg,091391.jpg,Kajol,kajol
4966,4966.jpg,074067.jpg,Kajol,kajol
7229,7229.jpg,062687.jpg,Kajol,kajol
8734,8734.jpg,008101.jpg,Kamui_Kobayashi,kamui_kobayashi
13390,13390.jpg,038052.jpg,Kamui_Kobayashi,kamui_kobayashi
14029,14029.jpg,122607.jpg,Karen_Gillan,karen_gillan
20855,20855.jpg,113703.jpg,Karen_Gillan,karen_gillan
10072,10072.jpg,107368.jpg,Karen_Gillan,karen_gillan
22589,22589.jpg,022861.jpg,Karen_Gillan,karen_gillan
4238,4238.jpg,088722.jpg,Karen_Gillan,karen_gillan
2479,2479.jpg,018627.jpg,Karen_Gillan,karen_gillan
17742,17742.jpg,048242.jpg,Karen_Gillan,karen_gillan
23993,23993.jpg,056636.jpg,Karen_Gillan,karen_gillan
3174,3174.jpg,145630.jpg,Karen_Gillan,karen_gillan
11385,11385.jpg,046024.jpg,Karen_Gillan,karen_gillan
3786,3786.jpg,012588.jpg,Karen_Gillan,karen_gillan
1387,1387.jpg,004329.jpg,Karen_Gillan,karen_gillan
9078,9078.jpg,145253.jpg,Karen_Gillan,karen_gillan
3815,3815.jpg,000085.jpg,Karen_Gillan,karen_gillan
15068,15068.jpg,150671.jpg,Karen_Gillan,karen_gillan
9311,9311.jpg,068806.jpg,Karen_Gillan,karen_gillan
1914,1914.jpg,186736.jpg,Karen_McDougal,karen_mcdougal
26553,26553.jpg,192374.jpg,Karen_McDougal,karen_mcdougal
17596,17596.jpg,200746.jpg,Karen_McDougal,karen_mcdougal
14982,14982.jpg,184176.jpg,Karen_McDougal,karen_mcdougal
27967,27967.jpg,192646.jpg,Karen_McDougal,karen_mcdougal
26761,26761.jpg,189952.jpg,Karen_McDougal,karen_mcdougal
4058,4058.jpg,193127.jpg,Karen_McDougal,karen_mcdougal
21073,21073.jpg,154655.jpg,Karina_Lombard,karina_lombard
23406,23406.jpg,130391.jpg,Karina_Lombard,karina_lombard
5664,5664.jpg,118303.jpg,Karina_Lombard,karina_lombard
29843,29843.jpg,082067.jpg,Karina_Lombard,karina_lombard
5906,5906.jpg,035043.jpg,Karlie_Kloss,karlie_kloss
11186,11186.jpg,022081.jpg,Karlie_Kloss,karlie_kloss
14684,14684.jpg,031501.jpg,Karlie_Kloss,karlie_kloss
11022,11022.jpg,077767.jpg,Karlie_Kloss,karlie_kloss
12067,12067.jpg,081324.jpg,Karlie_Kloss,karlie_kloss
20513,20513.jpg,118649.jpg,Karlie_Kloss,karlie_kloss
9864,9864.jpg,032314.jpg,Karlie_Kloss,karlie_kloss
16415,16415.jpg,084568.jpg,Karlie_Kloss,karlie_kloss
12122,12122.jpg,136406.jpg,Karlie_Kloss,karlie_kloss
5355,5355.jpg,106605.jpg,Karlie_Kloss,karlie_kloss
10540,10540.jpg,009839.jpg,Karlie_Kloss,karlie_kloss
8907,8907.jpg,103912.jpg,Karlie_Kloss,karlie_kloss
25647,25647.jpg,015327.jpg,Karlie_Kloss,karlie_kloss
17408,17408.jpg,147033.jpg,Karlie_Kloss,karlie_kloss
16149,16149.jpg,017411.jpg,Karlie_Kloss,karlie_kloss
14057,14057.jpg,036349.jpg,Karlie_Kloss,karlie_kloss
12786,12786.jpg,021549.jpg,Karlie_Kloss,karlie_kloss
3089,3089.jpg,156771.jpg,Karlie_Kloss,karlie_kloss
23394,23394.jpg,083517.jpg,Katarina_Ivanovska,katarina_ivanovska
12778,12778.jpg,064300.jpg,Katarina_Ivanovska,katarina_ivanovska
28077,28077.jpg,061504.jpg,Katarina_Ivanovska,katarina_ivanovska
21110,21110.jpg,156776.jpg,Katarina_Ivanovska,katarina_ivanovska
7961,7961.jpg,059532.jpg,Katarina_Ivanovska,katarina_ivanovska
11776,11776.jpg,000445.jpg,Katarina_Ivanovska,katarina_ivanovska
17857,17857.jpg,100910.jpg,Kate_Gosselin,kate_gosselin
28946,28946.jpg,042311.jpg,Kate_Gosselin,kate_gosselin
27614,27614.jpg,057467.jpg,Kate_Gosselin,kate_gosselin
3610,3610.jpg,043063.jpg,Kate_Gosselin,kate_gosselin
21469,21469.jpg,023849.jpg,Kate_Gosselin,kate_gosselin
9419,9419.jpg,031528.jpg,Kate_Gosselin,kate_gosselin
8794,8794.jpg,017407.jpg,Kate_Gosselin,kate_gosselin
26873,26873.jpg,150900.jpg,Kate_Gosselin,kate_gosselin
5131,5131.jpg,061448.jpg,Kate_Gosselin,kate_gosselin
16934,16934.jpg,134041.jpg,Kate_Jackson,kate_jackson
20024,20024.jpg,140295.jpg,Kate_Jackson,kate_jackson
11435,11435.jpg,042859.jpg,Kate_Jackson,kate_jackson
20418,20418.jpg,139303.jpg,Kate_Linder,kate_linder
18797,18797.jpg,035100.jpg,Kate_Linder,kate_linder
18977,18977.jpg,150132.jpg,Kate_Linder,kate_linder
19270,19270.jpg,138829.jpg,Kate_Linder,kate_linder
29999,29999.jpg,116055.jpg,Kate_Linder,kate_linder
926,926.jpg,150152.jpg,Kate_Linder,kate_linder
22867,22867.jpg,105168.jpg,Kate_Linder,kate_linder
24407,24407.jpg,023936.jpg,Kate_Linder,kate_linder
25266,25266.jpg,159317.jpg,Kate_Linder,kate_linder
10297,10297.jpg,058335.jpg,Kate_Linder,kate_linder
14420,14420.jpg,030626.jpg,Katelyn_Tarver,katelyn_tarver
5147,5147.jpg,079338.jpg,Katelyn_Tarver,katelyn_tarver
28750,28750.jpg,046412.jpg,Katelyn_Tarver,katelyn_tarver
16804,16804.jpg,135948.jpg,Katelyn_Tarver,katelyn_tarver
26048,26048.jpg,151097.jpg,Katelyn_Tarver,katelyn_tarver
23663,23663.jpg,044165.jpg,Katelyn_Tarver,katelyn_tarver
8589,8589.jpg,123925.jpg,Katelyn_Tarver,katelyn_tarver
14636,14636.jpg,193064.jpg,Katherine_LaNasa,katherine_lanasa
14997,14997.jpg,197586.jpg,Katherine_LaNasa,katherine_lanasa
13549,13549.jpg,189496.jpg,Katherine_LaNasa,katherine_lanasa
6114,6114.jpg,194619.jpg,Katherine_LaNasa,katherine_lanasa
11783,11783.jpg,194491.jpg,Katherine_LaNasa,katherine_lanasa
12229,12229.jpg,200287.jpg,Katherine_LaNasa,katherine_lanasa
14177,14177.jpg,119763.jpg,Kathryn_Joosten,kathryn_joosten
17537,17537.jpg,123138.jpg,Kathryn_Joosten,kathryn_joosten
13328,13328.jpg,148073.jpg,Kathryn_Joosten,kathryn_joosten
8047,8047.jpg,011517.jpg,Kathryn_Joosten,kathryn_joosten
15106,15106.jpg,132722.jpg,Kathryn_Joosten,kathryn_joosten
24489,24489.jpg,054674.jpg,Kathryn_Joosten,kathryn_joosten
20396,20396.jpg,010648.jpg,Kathryn_Joosten,kathryn_joosten
24680,24680.jpg,019558.jpg,Kathryn_Joosten,kathryn_joosten
9557,9557.jpg,068076.jpg,Kathryn_Joosten,kathryn_joosten
5521,5521.jpg,137687.jpg,Kathryn_Joosten,kathryn_joosten
18251,18251.jpg,129187.jpg,Kathryn_Joosten,kathryn_joosten
2739,2739.jpg,057479.jpg,Kathryn_Joosten,kathryn_joosten
24006,24006.jpg,102020.jpg,Kathryn_Joosten,kathryn_joosten
3290,3290.jpg,063463.jpg,Kathryn_Joosten,kathryn_joosten
17169,17169.jpg,028937.jpg,Kathryn_Joosten,kathryn_joosten
955,955.jpg,045698.jpg,Katie_Cassidy,katie_cassidy
4369,4369.jpg,025092.jpg,Katie_Cassidy,katie_cassidy
4324,4324.jpg,018212.jpg,Katie_Cassidy,katie_cassidy
635,635.jpg,036212.jpg,Katie_Cassidy,katie_cassidy
438,438.jpg,044914.jpg,Katie_Cassidy,katie_cassidy
4309,4309.jpg,050381.jpg,Katie_Cassidy,katie_cassidy
11085,11085.jpg,092085.jpg,Katie_Cassidy,katie_cassidy
700,700.jpg,055145.jpg,Katie_Cassidy,katie_cassidy
4061,4061.jpg,072343.jpg,Katie_Cassidy,katie_cassidy
4026,4026.jpg,002236.jpg,Katie_Cassidy,katie_cassidy
3456,3456.jpg,142338.jpg,Katie_Cassidy,katie_cassidy
518,518.jpg,108784.jpg,Katie_Cassidy,katie_cassidy
3403,3403.jpg,012605.jpg,Katie_Cassidy,katie_cassidy
3073,3073.jpg,010803.jpg,Katie_Cassidy,katie_cassidy
2770,2770.jpg,138900.jpg,Katie_Cassidy,katie_cassidy
2694,2694.jpg,090002.jpg,Katie_Cassidy,katie_cassidy
1898,1898.jpg,047962.jpg,Katie_Cassidy,katie_cassidy
9019,9019.jpg,004911.jpg,Katie_Cassidy,katie_cassidy
2633,2633.jpg,118530.jpg,Katie_Cassidy,katie_cassidy
6868,6868.jpg,151969.jpg,Katie_Cassidy,katie_cassidy
1066,1066.jpg,022682.jpg,Katie_Cassidy,katie_cassidy
6950,6950.jpg,083008.jpg,Katie_Cassidy,katie_cassidy
27044,27044.jpg,027463.jpg,Katie_Cassidy,katie_cassidy
5552,5552.jpg,055746.jpg,Katie_Cassidy,katie_cassidy
6319,6319.jpg,092801.jpg,Katie_Cassidy,katie_cassidy
8035,8035.jpg,007381.jpg,Katie_Cassidy,katie_cassidy
1355,1355.jpg,011613.jpg,Katie_Cassidy,katie_cassidy
9815,9815.jpg,198960.jpg,Katie_Leung,katie_leung
2940,2940.jpg,198337.jpg,Katie_Leung,katie_leung
21583,21583.jpg,186966.jpg,Katie_Leung,katie_leung
19955,19955.jpg,202268.jpg,Katie_Leung,katie_leung
20753,20753.jpg,185370.jpg,Katie_Leung,katie_leung
622,622.jpg,193458.jpg,Katie_Leung,katie_leung
15334,15334.jpg,189518.jpg,Katie_Leung,katie_leung
768,768.jpg,198183.jpg,Katie_Leung,katie_leung
9968,9968.jpg,199486.jpg,Katie_Leung,katie_leung
13278,13278.jpg,200909.jpg,Katie_Leung,katie_leung
18186,18186.jpg,189257.jpg,Katie_Leung,katie_leung
4711,4711.jpg,200794.jpg,Kayla_Ewell,kayla_ewell
24870,24870.jpg,187517.jpg,Kayla_Ewell,kayla_ewell
20134,20134.jpg,183348.jpg,Kayla_Ewell,kayla_ewell
4918,4918.jpg,188320.jpg,Kayla_Ewell,kayla_ewell
23554,23554.jpg,200096.jpg,Kayla_Ewell,kayla_ewell
10712,10712.jpg,182851.jpg,Kayla_Ewell,kayla_ewell
4692,4692.jpg,191388.jpg,Kayla_Ewell,kayla_ewell
648,648.jpg,185826.jpg,Kayla_Ewell,kayla_ewell
27195,27195.jpg,185755.jpg,Kayla_Ewell,kayla_ewell
12016,12016.jpg,080152.jpg,Keenen_Ivory_Wayans,keenen_ivory_wayans
3782,3782.jpg,118123.jpg,Keenen_Ivory_Wayans,keenen_ivory_wayans
12386,12386.jpg,139027.jpg,Keenen_Ivory_Wayans,keenen_ivory_wayans
24098,24098.jpg,016346.jpg,Keenen_Ivory_Wayans,keenen_ivory_wayans
5941,5941.jpg,006603.jpg,Keenen_Ivory_Wayans,keenen_ivory_wayans
20034,20034.jpg,120864.jpg,Keenen_Ivory_Wayans,keenen_ivory_wayans
18325,18325.jpg,003644.jpg,Keenen_Ivory_Wayans,keenen_ivory_wayans
24247,24247.jpg,008571.jpg,Keenen_Ivory_Wayans,keenen_ivory_wayans
18803,18803.jpg,024606.jpg,Keenen_Ivory_Wayans,keenen_ivory_wayans
14807,14807.jpg,129814.jpg,Keenen_Ivory_Wayans,keenen_ivory_wayans
22052,22052.jpg,057839.jpg,Keenen_Ivory_Wayans,keenen_ivory_wayans
1142,1142.jpg,128318.jpg,Keisha_Buchanan,keisha_buchanan
1672,1672.jpg,006397.jpg,Keisha_Buchanan,keisha_buchanan
318,318.jpg,008537.jpg,Keisha_Buchanan,keisha_buchanan
751,751.jpg,119597.jpg,Keisha_Buchanan,keisha_buchanan
23351,23351.jpg,058493.jpg,Keisha_Buchanan,keisha_buchanan
274,274.jpg,033440.jpg,Keisha_Buchanan,keisha_buchanan
1134,1134.jpg,114367.jpg,Keisha_Buchanan,keisha_buchanan
13726,13726.jpg,009269.jpg,Keisha_Buchanan,keisha_buchanan
87,87.jpg,076040.jpg,Keisha_Buchanan,keisha_buchanan
5306,5306.jpg,120882.jpg,Keisha_Buchanan,keisha_buchanan
617,617.jpg,112253.jpg,Keisha_Buchanan,keisha_buchanan
14664,14664.jpg,030496.jpg,Keisha_Buchanan,keisha_buchanan
14682,14682.jpg,156496.jpg,Keisha_Buchanan,keisha_buchanan
19460,19460.jpg,112193.jpg,Keisha_Buchanan,keisha_buchanan
24686,24686.jpg,155539.jpg,Keisha_Buchanan,keisha_buchanan
26401,26401.jpg,196678.jpg,Kelis,kelis
2016,2016.jpg,012674.jpg,Kellie_Martin,kellie_martin
6022,6022.jpg,054204.jpg,Kellie_Martin,kellie_martin
1299,1299.jpg,011219.jpg,Kellie_Martin,kellie_martin
1996,1996.jpg,032054.jpg,Kellie_Martin,kellie_martin
10281,10281.jpg,062806.jpg,Kellie_Martin,kellie_martin
136,136.jpg,073267.jpg,Kellie_Martin,kellie_martin
5277,5277.jpg,147760.jpg,Kellie_Martin,kellie_martin
5486,5486.jpg,119803.jpg,Kellie_Martin,kellie_martin
1572,1572.jpg,037331.jpg,Kellie_Martin,kellie_martin
22753,22753.jpg,107032.jpg,Kellie_Martin,kellie_martin
3101,3101.jpg,014331.jpg,Kellie_Martin,kellie_martin
2354,2354.jpg,162103.jpg,Kellie_Martin,kellie_martin
6666,6666.jpg,027240.jpg,Kellie_Martin,kellie_martin
535,535.jpg,105588.jpg,Kellie_Martin,kellie_martin
13561,13561.jpg,157476.jpg,Kellie_Martin,kellie_martin
20444,20444.jpg,082997.jpg,Kelly_Hu,kelly_hu
8446,8446.jpg,146846.jpg,Kelly_Jones,kelly_jones
17094,17094.jpg,123766.jpg,Kelly_Jones,kelly_jones
17940,17940.jpg,004829.jpg,Kelly_Jones,kelly_jones
28928,28928.jpg,149767.jpg,Kelly_Jones,kelly_jones
27502,27502.jpg,162025.jpg,Kelly_Macdonald,kelly_macdonald
16469,16469.jpg,041046.jpg,Kelly_Macdonald,kelly_macdonald
20602,20602.jpg,075724.jpg,Kelly_Macdonald,kelly_macdonald
28895,28895.jpg,097169.jpg,Kelly_Rutherford,kelly_rutherford
26301,26301.jpg,007553.jpg,Kelly_Rutherford,kelly_rutherford
28063,28063.jpg,131408.jpg,Kelly_Rutherford,kelly_rutherford
23594,23594.jpg,199891.jpg,Kelsey_Chow,kelsey_chow
25119,25119.jpg,191371.jpg,Kelsey_Chow,kelsey_chow
24859,24859.jpg,196943.jpg,Kelsey_Chow,kelsey_chow
16782,16782.jpg,097067.jpg,Ken_Foree,ken_foree
28682,28682.jpg,087036.jpg,Ken_Foree,ken_foree
28148,28148.jpg,090362.jpg,Ken_Foree,ken_foree
23127,23127.jpg,049223.jpg,Ken_Foree,ken_foree
9368,9368.jpg,123699.jpg,Ken_Foree,ken_foree
16403,16403.jpg,040416.jpg,Ken_Foree,ken_foree
13479,13479.jpg,109949.jpg,Ken_Foree,ken_foree
20624,20624.jpg,126840.jpg,Ken_Foree,ken_foree
20765,20765.jpg,044359.jpg,Ken_Foree,ken_foree
22974,22974.jpg,095717.jpg,Ken_Jeong,ken_jeong
14653,14653.jpg,155392.jpg,Ken_Jeong,ken_jeong
3446,3446.jpg,097425.jpg,Ken_Jeong,ken_jeong
14296,14296.jpg,104269.jpg,Ken_Jeong,ken_jeong
10504,10504.jpg,138564.jpg,Ken_Jeong,ken_jeong
26966,26966.jpg,062841.jpg,Ken_Jeong,ken_jeong
22417,22417.jpg,151204.jpg,Ken_Jeong,ken_jeong
26747,26747.jpg,028646.jpg,Ken_Jeong,ken_jeong
20914,20914.jpg,140980.jpg,Ken_Jeong,ken_jeong
28541,28541.jpg,155673.jpg,Ken_Jeong,ken_jeong
16739,16739.jpg,158132.jpg,Ken_Jeong,ken_jeong
20900,20900.jpg,143325.jpg,Kendall_Schmidt,kendall_schmidt
26634,26634.jpg,035890.jpg,Kendall_Schmidt,kendall_schmidt
28727,28727.jpg,022724.jpg,Kendall_Schmidt,kendall_schmidt
25555,25555.jpg,109923.jpg,Kendall_Schmidt,kendall_schmidt
27193,27193.jpg,050723.jpg,Kendall_Schmidt,kendall_schmidt
19107,19107.jpg,027176.jpg,Keri_Hilson,keri_hilson
22143,22143.jpg,109472.jpg,Keri_Hilson,keri_hilson
26177,26177.jpg,148256.jpg,Keri_Russell,keri_russell
17439,17439.jpg,068843.jpg,Kerri-Anne_Kennerley,kerri_anne_kennerley
27493,27493.jpg,033954.jpg,Kevin_Dunn,kevin_dunn
5898,5898.jpg,117197.jpg,Kevin_Jonas,kevin_jonas
17232,17232.jpg,033028.jpg,Kevin_Jonas,kevin_jonas
23004,23004.jpg,109877.jpg,Kevin_Jonas,kevin_jonas
18474,18474.jpg,060146.jpg,Kevin_Jonas,kevin_jonas
3902,3902.jpg,114512.jpg,Kevin_Jonas,kevin_jonas
11725,11725.jpg,143940.jpg,Kevin_Jonas,kevin_jonas
21464,21464.jpg,155372.jpg,Kevin_Jonas,kevin_jonas
16646,16646.jpg,032292.jpg,Kevin_Jonas,kevin_jonas
2972,2972.jpg,132098.jpg,Kevin_Jonas,kevin_jonas
12698,12698.jpg,004056.jpg,Kevin_Jonas,kevin_jonas
10936,10936.jpg,145032.jpg,Kevin_Jonas,kevin_jonas
22733,22733.jpg,056254.jpg,Kevin_Love,kevin_love
15625,15625.jpg,112767.jpg,Kevin_Love,kevin_love
17884,17884.jpg,123358.jpg,Kevin_Pollak,kevin_pollak
7825,7825.jpg,055046.jpg,Kiele_Sanchez,kiele_sanchez
15494,15494.jpg,113628.jpg,Kiele_Sanchez,kiele_sanchez
8373,8373.jpg,061331.jpg,Kiele_Sanchez,kiele_sanchez
20012,20012.jpg,134157.jpg,Kiele_Sanchez,kiele_sanchez
21462,21462.jpg,120304.jpg,Kiele_Sanchez,kiele_sanchez
18142,18142.jpg,045424.jpg,Kiele_Sanchez,kiele_sanchez
20027,20027.jpg,074353.jpg,Kiele_Sanchez,kiele_sanchez
18044,18044.jpg,044373.jpg,Kiele_Sanchez,kiele_sanchez
22326,22326.jpg,037100.jpg,Kiele_Sanchez,kiele_sanchez
18862,18862.jpg,065079.jpg,Kiele_Sanchez,kiele_sanchez
10497,10497.jpg,111194.jpg,Kiele_Sanchez,kiele_sanchez
11147,11147.jpg,125535.jpg,Kiele_Sanchez,kiele_sanchez
13955,13955.jpg,086352.jpg,Kiely_Williams,kiely_williams
13462,13462.jpg,018188.jpg,Kiely_Williams,kiely_williams
12020,12020.jpg,104859.jpg,Kiely_Williams,kiely_williams
18406,18406.jpg,055029.jpg,Kiernan_Shipka,kiernan_shipka
984,984.jpg,066434.jpg,Kiernan_Shipka,kiernan_shipka
3665,3665.jpg,013202.jpg,Kiernan_Shipka,kiernan_shipka
19917,19917.jpg,045878.jpg,Kiernan_Shipka,kiernan_shipka
22026,22026.jpg,125479.jpg,Kiernan_Shipka,kiernan_shipka
22572,22572.jpg,022448.jpg,Kiernan_Shipka,kiernan_shipka
1653,1653.jpg,017648.jpg,Kiernan_Shipka,kiernan_shipka
15273,15273.jpg,058542.jpg,Kiernan_Shipka,kiernan_shipka
25252,25252.jpg,021857.jpg,Kiernan_Shipka,kiernan_shipka
25669,25669.jpg,077115.jpg,Kiernan_Shipka,kiernan_shipka
29258,29258.jpg,059839.jpg,Kiernan_Shipka,kiernan_shipka
7383,7383.jpg,194615.jpg,Kim_Delaney,kim_delaney
20928,20928.jpg,186054.jpg,Kim_Delaney,kim_delaney
18730,18730.jpg,193155.jpg,Kim_Delaney,kim_delaney
27426,27426.jpg,200020.jpg,Kim_Delaney,kim_delaney
6506,6506.jpg,186985.jpg,Kim_Delaney,kim_delaney
17213,17213.jpg,027580.jpg,Kim_Wilde,kim_wilde
13210,13210.jpg,126801.jpg,Kim_Wilde,kim_wilde
14085,14085.jpg,127169.jpg,Kim_Wilde,kim_wilde
10085,10085.jpg,079527.jpg,Kim_Wilde,kim_wilde
21556,21556.jpg,084345.jpg,Kim_Wilde,kim_wilde
11706,11706.jpg,019140.jpg,Kim_Wilde,kim_wilde
15917,15917.jpg,084928.jpg,Kim_Wilde,kim_wilde
20656,20656.jpg,071961.jpg,Kim_Wilde,kim_wilde
22797,22797.jpg,159852.jpg,Kim_Wilde,kim_wilde
13085,13085.jpg,132563.jpg,Kim_Wilde,kim_wilde
13217,13217.jpg,068830.jpg,Kim_Wilde,kim_wilde
4603,4603.jpg,199751.jpg,Kimberly_Wyatt,kimberly_wyatt
1865,1865.jpg,195842.jpg,Kimberly_Wyatt,kimberly_wyatt
20768,20768.jpg,188712.jpg,Kimberly_Wyatt,kimberly_wyatt
3882,3882.jpg,185283.jpg,Kimberly_Wyatt,kimberly_wyatt
1551,1551.jpg,186340.jpg,Kimberly_Wyatt,kimberly_wyatt
16105,16105.jpg,196958.jpg,Kimberly_Wyatt,kimberly_wyatt
29390,29390.jpg,188190.jpg,Kimberly_Wyatt,kimberly_wyatt
1779,1779.jpg,202254.jpg,Kimberly_Wyatt,kimberly_wyatt
10176,10176.jpg,198611.jpg,Kimberly_Wyatt,kimberly_wyatt
17923,17923.jpg,197250.jpg,Kimberly_Wyatt,kimberly_wyatt
13617,13617.jpg,194630.jpg,Kimberly_Wyatt,kimberly_wyatt
12600,12600.jpg,191948.jpg,Kimberly_Wyatt,kimberly_wyatt
3111,3111.jpg,200273.jpg,Kimberly_Wyatt,kimberly_wyatt
3142,3142.jpg,188899.jpg,Kimberly_Wyatt,kimberly_wyatt
20077,20077.jpg,188206.jpg,Kimberly_Wyatt,kimberly_wyatt
3173,3173.jpg,198669.jpg,Kimberly_Wyatt,kimberly_wyatt
18799,18799.jpg,110313.jpg,Kiowa_Gordon,kiowa_gordon
18201,18201.jpg,049700.jpg,Kirk_Hammett,kirk_hammett
24224,24224.jpg,122237.jpg,Kirk_Hammett,kirk_hammett
29525,29525.jpg,139507.jpg,Kirk_Hammett,kirk_hammett
6379,6379.jpg,158802.jpg,Kirk_Hammett,kirk_hammett
24287,24287.jpg,114829.jpg,Kirk_Hammett,kirk_hammett
29060,29060.jpg,103816.jpg,Kirk_Hammett,kirk_hammett
27889,27889.jpg,154197.jpg,Kirk_Hammett,kirk_hammett
19430,19430.jpg,007331.jpg,Kirk_Hammett,kirk_hammett
8492,8492.jpg,121969.jpg,Kirk_Hammett,kirk_hammett
5911,5911.jpg,007143.jpg,Kirk_Hammett,kirk_hammett
5524,5524.jpg,130144.jpg,Kirk_Hammett,kirk_hammett
16379,16379.jpg,079595.jpg,Kirk_Hammett,kirk_hammett
3924,3924.jpg,066832.jpg,Kirk_Hammett,kirk_hammett
20189,20189.jpg,128627.jpg,Kirk_Hammett,kirk_hammett
859,859.jpg,024787.jpg,Klaus_Meine,klaus_meine
27808,27808.jpg,084353.jpg,Kourtney_Kardashian,kourtney_kardashian
25177,25177.jpg,098487.jpg,Kristen_Bell,kristen_bell
23860,23860.jpg,030414.jpg,Kristy_Hinze,kristy_hinze
18020,18020.jpg,104135.jpg,Kristy_Hinze,kristy_hinze
13858,13858.jpg,052765.jpg,Kristy_Hinze,kristy_hinze
22118,22118.jpg,087741.jpg,Krysten_Ritter,krysten_ritter
8686,8686.jpg,113694.jpg,Kumi_Koda,kumi_koda
11713,11713.jpg,097337.jpg,Kumi_Koda,kumi_koda
18036,18036.jpg,036452.jpg,Kumi_Koda,kumi_koda
21074,21074.jpg,043571.jpg,Kumi_Koda,kumi_koda
18055,18055.jpg,087253.jpg,Kyle_Busch,kyle_busch
27222,27222.jpg,000196.jpg,Kyle_Busch,kyle_busch
23539,23539.jpg,193799.jpg,Kyle_Richards,kyle_richards
2370,2370.jpg,190885.jpg,Kyle_Richards,kyle_richards
11202,11202.jpg,199907.jpg,Kyle_Richards,kyle_richards
9402,9402.jpg,182882.jpg,Kyle_Richards,kyle_richards
8693,8693.jpg,188679.jpg,Kyle_Richards,kyle_richards
7448,7448.jpg,201573.jpg,Kyle_Richards,kyle_richards
27087,27087.jpg,191894.jpg,Kyle_Richards,kyle_richards
10482,10482.jpg,148578.jpg,LL_Cool_J,ll_cool_j
11734,11734.jpg,001242.jpg,LL_Cool_J,ll_cool_j
9008,9008.jpg,157588.jpg,LL_Cool_J,ll_cool_j
16176,16176.jpg,080218.jpg,LL_Cool_J,ll_cool_j
5223,5223.jpg,042451.jpg,LL_Cool_J,ll_cool_j
10303,10303.jpg,057865.jpg,LL_Cool_J,ll_cool_j
6217,6217.jpg,126050.jpg,LL_Cool_J,ll_cool_j
10650,10650.jpg,130125.jpg,LL_Cool_J,ll_cool_j
12817,12817.jpg,040555.jpg,LL_Cool_J,ll_cool_j
11102,11102.jpg,055905.jpg,LL_Cool_J,ll_cool_j
1856,1856.jpg,095711.jpg,LL_Cool_J,ll_cool_j
29444,29444.jpg,155019.jpg,Ladji_Doucoure,ladji_doucoure
18863,18863.jpg,037203.jpg,Ladji_Doucoure,ladji_doucoure
21075,21075.jpg,132837.jpg,Lainie_Kazan,lainie_kazan
17077,17077.jpg,122004.jpg,Lainie_Kazan,lainie_kazan
21997,21997.jpg,062049.jpg,Lainie_Kazan,lainie_kazan
19161,19161.jpg,028867.jpg,Lainie_Kazan,lainie_kazan
16328,16328.jpg,120387.jpg,Lainie_Kazan,lainie_kazan
17876,17876.jpg,083514.jpg,Lainie_Kazan,lainie_kazan
415,415.jpg,002991.jpg,Lana_Parrilla,lana_parrilla
2426,2426.jpg,075531.jpg,Lana_Parrilla,lana_parrilla
1140,1140.jpg,073349.jpg,Lana_Parrilla,lana_parrilla
27,27.jpg,005990.jpg,Lana_Parrilla,lana_parrilla
1020,1020.jpg,008700.jpg,Lana_Parrilla,lana_parrilla
1017,1017.jpg,057952.jpg,Lana_Parrilla,lana_parrilla
2077,2077.jpg,072943.jpg,Lana_Parrilla,lana_parrilla
1577,1577.jpg,075644.jpg,Lana_Parrilla,lana_parrilla
36,36.jpg,005000.jpg,Lana_Parrilla,lana_parrilla
76,76.jpg,154707.jpg,Lana_Parrilla,lana_parrilla
130,130.jpg,066054.jpg,Lana_Parrilla,lana_parrilla
312,312.jpg,013246.jpg,Lana_Parrilla,lana_parrilla
1725,1725.jpg,098342.jpg,Lana_Parrilla,lana_parrilla
627,627.jpg,123008.jpg,Lana_Parrilla,lana_parrilla
2068,2068.jpg,135170.jpg,Lana_Parrilla,lana_parrilla
1862,1862.jpg,096059.jpg,Lana_Parrilla,lana_parrilla
6788,6788.jpg,028774.jpg,Lana_Parrilla,lana_parrilla
4173,4173.jpg,087373.jpg,Lana_Parrilla,lana_parrilla
11469,11469.jpg,075325.jpg,Lana_Parrilla,lana_parrilla
3797,3797.jpg,071619.jpg,Lana_Parrilla,lana_parrilla
17721,17721.jpg,038869.jpg,Lance_Reddick,lance_reddick
17032,17032.jpg,062679.jpg,Lance_Reddick,lance_reddick
138,138.jpg,050053.jpg,Lance_Reddick,lance_reddick
347,347.jpg,065362.jpg,Lance_Reddick,lance_reddick
5321,5321.jpg,049156.jpg,Lance_Reddick,lance_reddick
761,761.jpg,062749.jpg,Lance_Reddick,lance_reddick
19158,19158.jpg,005497.jpg,Lance_Reddick,lance_reddick
4065,4065.jpg,095484.jpg,Lance_Reddick,lance_reddick
11541,11541.jpg,054718.jpg,Lance_Reddick,lance_reddick
3531,3531.jpg,158734.jpg,Lance_Reddick,lance_reddick
3459,3459.jpg,064672.jpg,Lance_Reddick,lance_reddick
28529,28529.jpg,122024.jpg,Lance_Reddick,lance_reddick
15855,15855.jpg,084603.jpg,Lance_Reddick,lance_reddick
12129,12129.jpg,044766.jpg,Lance_Reddick,lance_reddick
19905,19905.jpg,039386.jpg,Lance_Reddick,lance_reddick
3071,3071.jpg,037469.jpg,Lance_Reddick,lance_reddick
24918,24918.jpg,053175.jpg,Lara_Bingle,lara_bingle
18411,18411.jpg,039640.jpg,Lara_Bingle,lara_bingle
16820,16820.jpg,064479.jpg,Lara_Bingle,lara_bingle
23523,23523.jpg,050397.jpg,Lara_Bingle,lara_bingle
5254,5254.jpg,125763.jpg,Lara_Bingle,lara_bingle
2406,2406.jpg,088791.jpg,Lara_Bingle,lara_bingle
20609,20609.jpg,031316.jpg,Lara_Bingle,lara_bingle
9146,9146.jpg,005464.jpg,Lark_Voorhies,lark_voorhies
20643,20643.jpg,090879.jpg,Lark_Voorhies,lark_voorhies
16675,16675.jpg,086409.jpg,Lark_Voorhies,lark_voorhies
3264,3264.jpg,074592.jpg,Lark_Voorhies,lark_voorhies
9052,9052.jpg,153701.jpg,Lark_Voorhies,lark_voorhies
13143,13143.jpg,148925.jpg,Larry_King,larry_king
16608,16608.jpg,003780.jpg,Larry_King,larry_king
23234,23234.jpg,114460.jpg,Larry_Page,larry_page
14127,14127.jpg,082515.jpg,Lashawn_Merritt,lashawn_merritt
27664,27664.jpg,160678.jpg,Lashawn_Merritt,lashawn_merritt
29496,29496.jpg,032185.jpg,Lashawn_Merritt,lashawn_merritt
23334,23334.jpg,185765.jpg,Laura_Dundovic,laura_dundovic
4599,4599.jpg,198109.jpg,Laura_Dundovic,laura_dundovic
8832,8832.jpg,192318.jpg,Laura_Dundovic,laura_dundovic
19444,19444.jpg,183374.jpg,Laura_Dundovic,laura_dundovic
3893,3893.jpg,195459.jpg,Laura_Dundovic,laura_dundovic
17957,17957.jpg,013743.jpg,Laura_Ramsey,laura_ramsey
29144,29144.jpg,097152.jpg,Laura_Robson,laura_robson
23107,23107.jpg,128927.jpg,Laure_Manaudou,laure_manaudou
20864,20864.jpg,139201.jpg,Lauren_Bush,lauren_bush
29846,29846.jpg,145862.jpg,Lauren_Bush,lauren_bush
16552,16552.jpg,127504.jpg,Lauren_Harris,lauren_harris
5794,5794.jpg,094814.jpg,Lauren_Jackson,lauren_jackson
8779,8779.jpg,062746.jpg,Lauren_Jackson,lauren_jackson
10086,10086.jpg,043660.jpg,Lauren_Jackson,lauren_jackson
7579,7579.jpg,117788.jpg,Lauren_London,lauren_london
17016,17016.jpg,055506.jpg,Lauren_London,lauren_london
3743,3743.jpg,127914.jpg,Lauren_London,lauren_london
21920,21920.jpg,064655.jpg,Lauren_London,lauren_london
20538,20538.jpg,004079.jpg,Lauren_London,lauren_london
15930,15930.jpg,099512.jpg,Lauren_London,lauren_london
23280,23280.jpg,115293.jpg,Lauren_London,lauren_london
22521,22521.jpg,048875.jpg,Laurie_Holden,laurie_holden
7256,7256.jpg,006888.jpg,Laurie_Holden,laurie_holden
27024,27024.jpg,071709.jpg,Laurie_Holden,laurie_holden
21983,21983.jpg,160217.jpg,Laurie_Holden,laurie_holden
6171,6171.jpg,016520.jpg,Laurie_Holden,laurie_holden
23405,23405.jpg,126044.jpg,Laurie_Holden,laurie_holden
4253,4253.jpg,024398.jpg,Laurie_Holden,laurie_holden
15375,15375.jpg,134603.jpg,Laurie_Holden,laurie_holden
5165,5165.jpg,137034.jpg,Laurie_Holden,laurie_holden
5213,5213.jpg,143191.jpg,Laurie_Holden,laurie_holden
429,429.jpg,154663.jpg,Laurie_Holden,laurie_holden
6111,6111.jpg,052656.jpg,Lea_Salonga,lea_salonga
4105,4105.jpg,160606.jpg,Lea_Salonga,lea_salonga
24625,24625.jpg,119761.jpg,Lea_Salonga,lea_salonga
21474,21474.jpg,018221.jpg,Lea_Salonga,lea_salonga
25247,25247.jpg,026367.jpg,Lee_Hyori,lee_hyori
14876,14876.jpg,118124.jpg,Lee_Hyori,lee_hyori
18984,18984.jpg,010564.jpg,Lee_Hyori,lee_hyori
18166,18166.jpg,099056.jpg,Lee_Hyori,lee_hyori
16881,16881.jpg,008715.jpg,Lee_Hyori,lee_hyori
7492,7492.jpg,153094.jpg,Lee_Hyori,lee_hyori
10279,10279.jpg,019586.jpg,Lee_Majors,lee_majors
16640,16640.jpg,006329.jpg,Lee_Majors,lee_majors
25978,25978.jpg,069682.jpg,Lee_Majors,lee_majors
11251,11251.jpg,155603.jpg,Lee_Majors,lee_majors
23677,23677.jpg,135974.jpg,Lee_Majors,lee_majors
26230,26230.jpg,026256.jpg,Lee_Majors,lee_majors
28151,28151.jpg,014379.jpg,Lee_Majors,lee_majors
20988,20988.jpg,095314.jpg,Lee_Majors,lee_majors
1115,1115.jpg,161248.jpg,Lee_Majors,lee_majors
8106,8106.jpg,136602.jpg,Lee_Majors,lee_majors
19993,19993.jpg,119348.jpg,Lee_Majors,lee_majors
4673,4673.jpg,152640.jpg,Lee_Majors,lee_majors
25821,25821.jpg,028902.jpg,Lee_Majors,lee_majors
27560,27560.jpg,013776.jpg,Lee_Majors,lee_majors
2006,2006.jpg,101508.jpg,Lee_Majors,lee_majors
922,922.jpg,074517.jpg,Lee_Remick,lee_remick
28792,28792.jpg,055212.jpg,Lee_Remick,lee_remick
22356,22356.jpg,127230.jpg,Lee_Remick,lee_remick
1574,1574.jpg,054108.jpg,Lee_Remick,lee_remick
3087,3087.jpg,007635.jpg,Lee_Remick,lee_remick
29955,29955.jpg,106588.jpg,Lee_Young_Ae,lee_young_ae
15933,15933.jpg,192971.jpg,Leila_Bekhti,leila_bekhti
24820,24820.jpg,199288.jpg,Leila_Bekhti,leila_bekhti
11578,11578.jpg,193971.jpg,Leila_Bekhti,leila_bekhti
11445,11445.jpg,196013.jpg,Leila_Bekhti,leila_bekhti
20553,20553.jpg,195012.jpg,Leila_Bekhti,leila_bekhti
542,542.jpg,193836.jpg,Leila_Bekhti,leila_bekhti
23218,23218.jpg,199491.jpg,Leila_Bekhti,leila_bekhti
2337,2337.jpg,201945.jpg,Leila_Bekhti,leila_bekhti
18713,18713.jpg,189771.jpg,Leila_Bekhti,leila_bekhti
11609,11609.jpg,197600.jpg,Leila_Bekhti,leila_bekhti
18955,18955.jpg,194866.jpg,Leila_Bekhti,leila_bekhti
19901,19901.jpg,196404.jpg,Leila_Bekhti,leila_bekhti
20857,20857.jpg,079876.jpg,Lena_Headey,lena_headey
374,374.jpg,099876.jpg,Lena_Meyer-Landrut,lena_meyer_landrut
8308,8308.jpg,022925.jpg,Lena_Meyer-Landrut,lena_meyer_landrut
27824,27824.jpg,031744.jpg,Lena_Meyer-Landrut,lena_meyer_landrut
18773,18773.jpg,143657.jpg,Lena_Meyer-Landrut,lena_meyer_landrut
9582,9582.jpg,048113.jpg,Lena_Meyer-Landrut,lena_meyer_landrut
716,716.jpg,033473.jpg,Lena_Meyer-Landrut,lena_meyer_landrut
1718,1718.jpg,076496.jpg,Lena_Meyer-Landrut,lena_meyer_landrut
17520,17520.jpg,124127.jpg,Lena_Meyer-Landrut,lena_meyer_landrut
22713,22713.jpg,076084.jpg,Lena_Meyer-Landrut,lena_meyer_landrut
6410,6410.jpg,129544.jpg,Lena_Meyer-Landrut,lena_meyer_landrut
12739,12739.jpg,034782.jpg,Lena_Meyer-Landrut,lena_meyer_landrut
5933,5933.jpg,073154.jpg,Lena_Meyer-Landrut,lena_meyer_landrut
9053,9053.jpg,160295.jpg,Lena_Meyer-Landrut,lena_meyer_landrut
5187,5187.jpg,046058.jpg,Lena_Meyer-Landrut,lena_meyer_landrut
13026,13026.jpg,065974.jpg,Leona_Lewis,leona_lewis
6155,6155.jpg,097009.jpg,Leona_Lewis,leona_lewis
17449,17449.jpg,096963.jpg,Leona_Lewis,leona_lewis
18742,18742.jpg,121700.jpg,Leona_Lewis,leona_lewis
6012,6012.jpg,012608.jpg,Leona_Lewis,leona_lewis
16391,16391.jpg,113706.jpg,Leona_Lewis,leona_lewis
6270,6270.jpg,138077.jpg,Leona_Lewis,leona_lewis
4186,4186.jpg,083639.jpg,Leona_Lewis,leona_lewis
3123,3123.jpg,060628.jpg,Leona_Lewis,leona_lewis
25194,25194.jpg,018076.jpg,Leona_Lewis,leona_lewis
5590,5590.jpg,157717.jpg,Leona_Lewis,leona_lewis
16751,16751.jpg,056855.jpg,Leona_Lewis,leona_lewis
6871,6871.jpg,087533.jpg,Leona_Lewis,leona_lewis
4380,4380.jpg,154536.jpg,Leona_Lewis,leona_lewis
7548,7548.jpg,026045.jpg,Leona_Lewis,leona_lewis
25999,25999.jpg,000494.jpg,Leona_Lewis,leona_lewis
7632,7632.jpg,099931.jpg,Leona_Lewis,leona_lewis
11924,11924.jpg,034588.jpg,Leona_Lewis,leona_lewis
6684,6684.jpg,040819.jpg,Leona_Lewis,leona_lewis
29190,29190.jpg,013902.jpg,Leticia_Birkheuer,leticia_birkheuer
26812,26812.jpg,030419.jpg,Leticia_Birkheuer,leticia_birkheuer
24355,24355.jpg,010577.jpg,Leticia_Birkheuer,leticia_birkheuer
21298,21298.jpg,155659.jpg,Leticia_Birkheuer,leticia_birkheuer
29902,29902.jpg,103028.jpg,Leticia_Birkheuer,leticia_birkheuer
26949,26949.jpg,109367.jpg,Lily_Donaldson,lily_donaldson
25534,25534.jpg,129046.jpg,Lily_Donaldson,lily_donaldson
5699,5699.jpg,081657.jpg,Lily_Donaldson,lily_donaldson
8611,8611.jpg,115952.jpg,Lily_Donaldson,lily_donaldson
19839,19839.jpg,157502.jpg,Lily_Donaldson,lily_donaldson
10906,10906.jpg,001410.jpg,Lily_Donaldson,lily_donaldson
1305,1305.jpg,067851.jpg,Lily_Donaldson,lily_donaldson
8,8.jpg,143862.jpg,Lily_Donaldson,lily_donaldson
24161,24161.jpg,023913.jpg,Lily_Donaldson,lily_donaldson
27862,27862.jpg,111256.jpg,Lily_Donaldson,lily_donaldson
18954,18954.jpg,079489.jpg,Lily_Donaldson,lily_donaldson
23382,23382.jpg,026137.jpg,Linda_Cardellini,linda_cardellini
20884,20884.jpg,189074.jpg,Linda_Hamilton,linda_hamilton
4527,4527.jpg,201903.jpg,Linda_Hamilton,linda_hamilton
8303,8303.jpg,193269.jpg,Linda_Hamilton,linda_hamilton
19378,19378.jpg,185188.jpg,Linda_Hamilton,linda_hamilton
10153,10153.jpg,201204.jpg,Linda_Hamilton,linda_hamilton
15080,15080.jpg,197806.jpg,Linda_Hamilton,linda_hamilton
7370,7370.jpg,201207.jpg,Linda_Hamilton,linda_hamilton
12833,12833.jpg,189117.jpg,Linda_Hamilton,linda_hamilton
4812,4812.jpg,115609.jpg,Lindsey_Buckingham,lindsey_buckingham
3432,3432.jpg,064418.jpg,Lindsey_Buckingham,lindsey_buckingham
2857,2857.jpg,100886.jpg,Lindsey_Buckingham,lindsey_buckingham
14411,14411.jpg,098802.jpg,Lindsey_Buckingham,lindsey_buckingham
7842,7842.jpg,106179.jpg,Lindsey_Buckingham,lindsey_buckingham
4002,4002.jpg,097261.jpg,Lindsey_Buckingham,lindsey_buckingham
10338,10338.jpg,070781.jpg,Lindsey_Wixson,lindsey_wixson
2600,2600.jpg,074777.jpg,Lindsey_Wixson,lindsey_wixson
4276,4276.jpg,089417.jpg,Lindsey_Wixson,lindsey_wixson
4885,4885.jpg,152760.jpg,Lindsey_Wixson,lindsey_wixson
28429,28429.jpg,079190.jpg,Lindsey_Wixson,lindsey_wixson
20940,20940.jpg,060307.jpg,Lindsey_Wixson,lindsey_wixson
13063,13063.jpg,096500.jpg,Lindsey_Wixson,lindsey_wixson
26559,26559.jpg,129616.jpg,Lindsey_Wixson,lindsey_wixson
18440,18440.jpg,017337.jpg,Lindsey_Wixson,lindsey_wixson
3091,3091.jpg,040157.jpg,Lindsey_Wixson,lindsey_wixson
13006,13006.jpg,155198.jpg,Lisa_Edelstein,lisa_edelstein
22576,22576.jpg,009910.jpg,Lisa_Edelstein,lisa_edelstein
16674,16674.jpg,050937.jpg,Lisa_Edelstein,lisa_edelstein
10740,10740.jpg,105157.jpg,Lisa_Edelstein,lisa_edelstein
4029,4029.jpg,080898.jpg,Lisa_Edelstein,lisa_edelstein
585,585.jpg,015202.jpg,Lisa_Edelstein,lisa_edelstein
2951,2951.jpg,013459.jpg,Lisa_Edelstein,lisa_edelstein
2344,2344.jpg,081792.jpg,Lisa_Edelstein,lisa_edelstein
5029,5029.jpg,152920.jpg,Lisa_Edelstein,lisa_edelstein
1618,1618.jpg,144478.jpg,Lisa_Edelstein,lisa_edelstein
1232,1232.jpg,030595.jpg,Lisa_Edelstein,lisa_edelstein
377,377.jpg,145645.jpg,Lisa_Edelstein,lisa_edelstein
6555,6555.jpg,135930.jpg,Lisa_Edelstein,lisa_edelstein
9504,9504.jpg,041143.jpg,Lisa_Edelstein,lisa_edelstein
2892,2892.jpg,082595.jpg,Lisa_Edelstein,lisa_edelstein
1969,1969.jpg,138960.jpg,Lisa_Edelstein,lisa_edelstein
1458,1458.jpg,072635.jpg,Lisa_Edelstein,lisa_edelstein
15368,15368.jpg,085013.jpg,Lisa_Ray,lisa_ray
7923,7923.jpg,158170.jpg,Lisa_Ray,lisa_ray
23773,23773.jpg,020911.jpg,Lisa_Ray,lisa_ray
2158,2158.jpg,095427.jpg,Lisa_Ray,lisa_ray
16078,16078.jpg,070813.jpg,Lisa_Ray,lisa_ray
26367,26367.jpg,005875.jpg,Lisa_Ray,lisa_ray
5246,5246.jpg,150277.jpg,Lisa_Ray,lisa_ray
10538,10538.jpg,129897.jpg,Lisa_Ray,lisa_ray
28504,28504.jpg,033081.jpg,Lisa_Ray,lisa_ray
17938,17938.jpg,059864.jpg,Lisa_Ray,lisa_ray
26392,26392.jpg,138917.jpg,Lisa_Ray,lisa_ray
11081,11081.jpg,013624.jpg,Lisa_Ray,lisa_ray
19903,19903.jpg,197596.jpg,Lisa_Rinna,lisa_rinna
26100,26100.jpg,196371.jpg,Lisa_Rinna,lisa_rinna
20472,20472.jpg,187545.jpg,Little_Richard,little_richard
9786,9786.jpg,196747.jpg,Little_Richard,little_richard
21930,21930.jpg,198602.jpg,Little_Richard,little_richard
12371,12371.jpg,184406.jpg,Little_Richard,little_richard
28568,28568.jpg,185236.jpg,Little_Richard,little_richard
17382,17382.jpg,123363.jpg,Liya_Kebede,liya_kebede
14963,14963.jpg,134056.jpg,Liya_Kebede,liya_kebede
9862,9862.jpg,102103.jpg,Liya_Kebede,liya_kebede
8595,8595.jpg,026997.jpg,Liya_Kebede,liya_kebede
10003,10003.jpg,100820.jpg,Liya_Kebede,liya_kebede
29563,29563.jpg,111664.jpg,Liya_Kebede,liya_kebede
15675,15675.jpg,122820.jpg,Liya_Kebede,liya_kebede
13450,13450.jpg,115384.jpg,Liya_Kebede,liya_kebede
6536,6536.jpg,023128.jpg,Liz_Phair,liz_phair
13058,13058.jpg,049362.jpg,Liz_Phair,liz_phair
5724,5724.jpg,124821.jpg,Liz_Phair,liz_phair
20617,20617.jpg,013838.jpg,Liz_Phair,liz_phair
27903,27903.jpg,094035.jpg,Liz_Phair,liz_phair
29476,29476.jpg,022562.jpg,Liz_Phair,liz_phair
21972,21972.jpg,028762.jpg,Liz_Phair,liz_phair
23864,23864.jpg,188927.jpg,Lizzy_Caplan,lizzy_caplan
18510,18510.jpg,190845.jpg,Lizzy_Caplan,lizzy_caplan
21809,21809.jpg,151208.jpg,Logan_Henderson,logan_henderson
15123,15123.jpg,088043.jpg,Logan_Henderson,logan_henderson
15285,15285.jpg,039501.jpg,Logan_Henderson,logan_henderson
14603,14603.jpg,047337.jpg,Logan_Henderson,logan_henderson
25982,25982.jpg,146391.jpg,Logan_Henderson,logan_henderson
13369,13369.jpg,008647.jpg,Logan_Henderson,logan_henderson
20301,20301.jpg,040723.jpg,Logan_Henderson,logan_henderson
28582,28582.jpg,105480.jpg,Logan_Henderson,logan_henderson
27801,27801.jpg,088972.jpg,Logan_Lerman,logan_lerman
26487,26487.jpg,087394.jpg,Louise_Bourgoin,louise_bourgoin
7873,7873.jpg,040142.jpg,Louise_Redknapp,louise_redknapp
12161,12161.jpg,004549.jpg,Louise_Redknapp,louise_redknapp
1281,1281.jpg,147543.jpg,Louise_Redknapp,louise_redknapp
23177,23177.jpg,086637.jpg,Louise_Redknapp,louise_redknapp
11524,11524.jpg,156093.jpg,Louise_Redknapp,louise_redknapp
4841,4841.jpg,047272.jpg,Louise_Redknapp,louise_redknapp
12021,12021.jpg,111404.jpg,Louise_Redknapp,louise_redknapp
8923,8923.jpg,000381.jpg,Louise_Redknapp,louise_redknapp
8102,8102.jpg,158285.jpg,Louise_Redknapp,louise_redknapp
996,996.jpg,119466.jpg,Luiz_Razia,luiz_razia
21489,21489.jpg,125892.jpg,Luiz_Razia,luiz_razia
7909,7909.jpg,087316.jpg,Luiz_Razia,luiz_razia
5595,5595.jpg,147769.jpg,Luiz_Razia,luiz_razia
21783,21783.jpg,110367.jpg,Luiz_Razia,luiz_razia
12368,12368.jpg,060560.jpg,Luiz_Razia,luiz_razia
25068,25068.jpg,186145.jpg,Luke_Evans,luke_evans
9418,9418.jpg,201788.jpg,Luke_Evans,luke_evans
25051,25051.jpg,186409.jpg,Luke_Evans,luke_evans
12170,12170.jpg,188453.jpg,Luke_Evans,luke_evans
16504,16504.jpg,200185.jpg,Luke_Evans,luke_evans
14048,14048.jpg,198900.jpg,Luke_Evans,luke_evans
14105,14105.jpg,201062.jpg,Luke_Evans,luke_evans
14576,14576.jpg,198915.jpg,Luke_Evans,luke_evans
5100,5100.jpg,200484.jpg,Luke_Evans,luke_evans
6931,6931.jpg,186817.jpg,Luke_Evans,luke_evans
7515,7515.jpg,191300.jpg,Luke_Evans,luke_evans
16971,16971.jpg,200482.jpg,Luke_Evans,luke_evans
11039,11039.jpg,183253.jpg,Luke_Evans,luke_evans
28406,28406.jpg,201618.jpg,Luke_Evans,luke_evans
10547,10547.jpg,197913.jpg,Luke_Evans,luke_evans
18617,18617.jpg,046466.jpg,Luke_Macfarlane,luke_macfarlane
18613,18613.jpg,005926.jpg,Luke_Perry,luke_perry
5998,5998.jpg,023629.jpg,Luke_Perry,luke_perry
10613,10613.jpg,053457.jpg,Luke_Perry,luke_perry
7153,7153.jpg,152111.jpg,Luke_Perry,luke_perry
13538,13538.jpg,043353.jpg,Luke_Perry,luke_perry
8640,8640.jpg,002580.jpg,Luke_Perry,luke_perry
18002,18002.jpg,092235.jpg,Luke_Perry,luke_perry
5901,5901.jpg,062480.jpg,Luke_Perry,luke_perry
8957,8957.jpg,130330.jpg,Luke_Perry,luke_perry
27795,27795.jpg,032217.jpg,Luke_Wilson,luke_wilson
28465,28465.jpg,060432.jpg,Luke_Wilson,luke_wilson
13414,13414.jpg,125295.jpg,Lulu,lulu
13574,13574.jpg,159860.jpg,Lulu,lulu
6062,6062.jpg,120490.jpg,Lulu,lulu
9666,9666.jpg,026124.jpg,Lulu,lulu
17564,17564.jpg,042867.jpg,Lulu,lulu
17421,17421.jpg,109599.jpg,Madhuri_Dixit,madhuri_dixit
10985,10985.jpg,007931.jpg,Madhuri_Dixit,madhuri_dixit
9568,9568.jpg,093854.jpg,Madhuri_Dixit,madhuri_dixit
21827,21827.jpg,091030.jpg,Madhuri_Dixit,madhuri_dixit
24585,24585.jpg,161293.jpg,Madhuri_Dixit,madhuri_dixit
11263,11263.jpg,100411.jpg,Madhuri_Dixit,madhuri_dixit
6963,6963.jpg,091708.jpg,Madhuri_Dixit,madhuri_dixit
19683,19683.jpg,141301.jpg,Madhuri_Dixit,madhuri_dixit
11232,11232.jpg,078841.jpg,Madhuri_Dixit,madhuri_dixit
770,770.jpg,007077.jpg,Madhuri_Dixit,madhuri_dixit
24154,24154.jpg,031640.jpg,Madhuri_Dixit,madhuri_dixit
11701,11701.jpg,080570.jpg,Madhuri_Dixit,madhuri_dixit
11068,11068.jpg,150396.jpg,Madhuri_Dixit,madhuri_dixit
24229,24229.jpg,146070.jpg,Madhuri_Dixit,madhuri_dixit
4922,4922.jpg,102681.jpg,Mads_Mikkelsen,mads_mikkelsen
14465,14465.jpg,076365.jpg,Mads_Mikkelsen,mads_mikkelsen
17054,17054.jpg,063453.jpg,Mads_Mikkelsen,mads_mikkelsen
16567,16567.jpg,034511.jpg,Mads_Mikkelsen,mads_mikkelsen
20368,20368.jpg,144738.jpg,Mads_Mikkelsen,mads_mikkelsen
2415,2415.jpg,061994.jpg,Mads_Mikkelsen,mads_mikkelsen
14469,14469.jpg,008849.jpg,Mads_Mikkelsen,mads_mikkelsen
12106,12106.jpg,049516.jpg,Mads_Mikkelsen,mads_mikkelsen
4706,4706.jpg,073542.jpg,Mads_Mikkelsen,mads_mikkelsen
2025,2025.jpg,024594.jpg,Mads_Mikkelsen,mads_mikkelsen
4424,4424.jpg,106194.jpg,Mads_Mikkelsen,mads_mikkelsen
19354,19354.jpg,160398.jpg,Mads_Mikkelsen,mads_mikkelsen
49,49.jpg,153965.jpg,Mads_Mikkelsen,mads_mikkelsen
10570,10570.jpg,135155.jpg,Mads_Mikkelsen,mads_mikkelsen
677,677.jpg,153192.jpg,Mads_Mikkelsen,mads_mikkelsen
28067,28067.jpg,162206.jpg,Mae_Whitman,mae_whitman
25761,25761.jpg,117043.jpg,Maggie_Gyllenhaal,maggie_gyllenhaal
27606,27606.jpg,146376.jpg,Maggie_Gyllenhaal,maggie_gyllenhaal
15065,15065.jpg,194159.jpg,Maja_Salvador,maja_salvador
9613,9613.jpg,197236.jpg,Maja_Salvador,maja_salvador
11794,11794.jpg,198206.jpg,Malcolm-Jamal_Warner,malcolm_jamal_warner
22408,22408.jpg,194610.jpg,Malcolm-Jamal_Warner,malcolm_jamal_warner
6087,6087.jpg,188249.jpg,Malcolm-Jamal_Warner,malcolm_jamal_warner
22911,22911.jpg,197605.jpg,Malcolm-Jamal_Warner,malcolm_jamal_warner
15042,15042.jpg,184474.jpg,Malcolm-Jamal_Warner,malcolm_jamal_warner
28640,28640.jpg,202260.jpg,Malcolm-Jamal_Warner,malcolm_jamal_warner
10190,10190.jpg,187727.jpg,Malcolm-Jamal_Warner,malcolm_jamal_warner
836,836.jpg,028860.jpg,Malese_Jow,malese_jow
213,213.jpg,075182.jpg,Malese_Jow,malese_jow
8816,8816.jpg,147560.jpg,Malese_Jow,malese_jow
5747,5747.jpg,066522.jpg,Malese_Jow,malese_jow
5274,5274.jpg,104929.jpg,Malese_Jow,malese_jow
26459,26459.jpg,058673.jpg,Malinda_Williams,malinda_williams
27509,27509.jpg,061621.jpg,Malinda_Williams,malinda_williams
24570,24570.jpg,198235.jpg,Mandy_Moore,mandy_moore
3643,3643.jpg,024978.jpg,Manu_Chao,manu_chao
20393,20393.jpg,007541.jpg,Manu_Chao,manu_chao
3677,3677.jpg,027865.jpg,Manu_Chao,manu_chao
1502,1502.jpg,094246.jpg,Manu_Chao,manu_chao
9531,9531.jpg,013506.jpg,Manu_Chao,manu_chao
14452,14452.jpg,133177.jpg,Marc_Almond,marc_almond
8321,8321.jpg,040131.jpg,Marc_Almond,marc_almond
15830,15830.jpg,089004.jpg,Marc_Almond,marc_almond
15747,15747.jpg,154062.jpg,Marc_Almond,marc_almond
23369,23369.jpg,090014.jpg,Marc_Almond,marc_almond
12475,12475.jpg,126695.jpg,Marc_Almond,marc_almond
27190,27190.jpg,035563.jpg,Marc_Almond,marc_almond
4750,4750.jpg,074284.jpg,Marc_Almond,marc_almond
28877,28877.jpg,092134.jpg,Marc_Blucas,marc_blucas
22284,22284.jpg,053566.jpg,Marc_Blucas,marc_blucas
25925,25925.jpg,051759.jpg,Marc_Blucas,marc_blucas
17545,17545.jpg,044083.jpg,Marc_Blucas,marc_blucas
7073,7073.jpg,196941.jpg,Marc_Bolan,marc_bolan
23980,23980.jpg,191797.jpg,Marc_Bolan,marc_bolan
21986,21986.jpg,186252.jpg,Margot_Robbie,margot_robbie
6545,6545.jpg,196531.jpg,Margot_Robbie,margot_robbie
8063,8063.jpg,186236.jpg,Margot_Robbie,margot_robbie
9866,9866.jpg,193745.jpg,Margot_Robbie,margot_robbie
16740,16740.jpg,192040.jpg,Margot_Robbie,margot_robbie
5369,5369.jpg,183058.jpg,Margot_Robbie,margot_robbie
24791,24791.jpg,192797.jpg,Margot_Robbie,margot_robbie
11590,11590.jpg,183692.jpg,Margot_Robbie,margot_robbie
26015,26015.jpg,189156.jpg,Margot_Robbie,margot_robbie
2508,2508.jpg,183682.jpg,Maria_Kanellis,maria_kanellis
2336,2336.jpg,193647.jpg,Maria_Kanellis,maria_kanellis
11029,11029.jpg,198872.jpg,Maria_Kanellis,maria_kanellis
3259,3259.jpg,201472.jpg,Maria_Kanellis,maria_kanellis
1241,1241.jpg,201645.jpg,Maria_Kanellis,maria_kanellis
3245,3245.jpg,191362.jpg,Maria_Kanellis,maria_kanellis
19150,19150.jpg,184313.jpg,Maria_Kanellis,maria_kanellis
2735,2735.jpg,184245.jpg,Maria_Kanellis,maria_kanellis
8709,8709.jpg,185599.jpg,Maria_Kanellis,maria_kanellis
9976,9976.jpg,196814.jpg,Maria_Kanellis,maria_kanellis
25550,25550.jpg,186823.jpg,Maria_Kanellis,maria_kanellis
5103,5103.jpg,186527.jpg,Maria_Kanellis,maria_kanellis
12696,12696.jpg,198342.jpg,Maria_Kanellis,maria_kanellis
2693,2693.jpg,185215.jpg,Maria_Kanellis,maria_kanellis
5665,5665.jpg,192714.jpg,Maria_Kanellis,maria_kanellis
738,738.jpg,187342.jpg,Maria_Kanellis,maria_kanellis
10214,10214.jpg,193743.jpg,Maria_Kanellis,maria_kanellis
25179,25179.jpg,038469.jpg,Maria_Sharapova,maria_sharapova
23200,23200.jpg,018161.jpg,Maria_Sharapova,maria_sharapova
16821,16821.jpg,119061.jpg,Marianne_Faithfull,marianne_faithfull
21047,21047.jpg,000271.jpg,Marianne_Faithfull,marianne_faithfull
4040,4040.jpg,020565.jpg,Marianne_Faithfull,marianne_faithfull
12044,12044.jpg,112375.jpg,Marianne_Faithfull,marianne_faithfull
14775,14775.jpg,023043.jpg,Marianne_Faithfull,marianne_faithfull
7466,7466.jpg,020114.jpg,Marianne_Faithfull,marianne_faithfull
23869,23869.jpg,136697.jpg,Marianne_Faithfull,marianne_faithfull
23178,23178.jpg,189198.jpg,Marie-France_Pisier,marie_france_pisier
10269,10269.jpg,044043.jpg,Marie_Osmond,marie_osmond
29483,29483.jpg,147491.jpg,Marie_Osmond,marie_osmond
17038,17038.jpg,106123.jpg,Marie_Osmond,marie_osmond
3327,3327.jpg,154615.jpg,Mario_Cantone,mario_cantone
20827,20827.jpg,120293.jpg,Mario_Cantone,mario_cantone
8164,8164.jpg,135144.jpg,Mario_Cantone,mario_cantone
7151,7151.jpg,112474.jpg,Mario_Cantone,mario_cantone
27772,27772.jpg,134062.jpg,Mario_Cantone,mario_cantone
17840,17840.jpg,152417.jpg,Mario_Cantone,mario_cantone
15955,15955.jpg,069154.jpg,Marisa_Miller,marisa_miller
29158,29158.jpg,019895.jpg,Marisa_Miller,marisa_miller
16177,16177.jpg,132887.jpg,Marisa_Miller,marisa_miller
11616,11616.jpg,115361.jpg,Marit_Larsen,marit_larsen
2819,2819.jpg,050952.jpg,Marit_Larsen,marit_larsen
4325,4325.jpg,033328.jpg,Marit_Larsen,marit_larsen
9878,9878.jpg,083490.jpg,Marit_Larsen,marit_larsen
26823,26823.jpg,158039.jpg,Mark_Cavendish,mark_cavendish
2086,2086.jpg,200245.jpg,Mark_Knopfler,mark_knopfler
25610,25610.jpg,191155.jpg,Mark_Knopfler,mark_knopfler
21613,21613.jpg,057538.jpg,Mark_Ronson,mark_ronson
14538,14538.jpg,029726.jpg,Mark_Ronson,mark_ronson
21252,21252.jpg,071995.jpg,Mark_Ronson,mark_ronson
17832,17832.jpg,054406.jpg,Mark_Ronson,mark_ronson
9796,9796.jpg,046803.jpg,Mark_Ronson,mark_ronson
13976,13976.jpg,107465.jpg,Mark_Ronson,mark_ronson
5648,5648.jpg,017104.jpg,Mark_Strong,mark_strong
643,643.jpg,005726.jpg,Mark_Strong,mark_strong
4734,4734.jpg,031414.jpg,Mark_Strong,mark_strong
17389,17389.jpg,054282.jpg,Mark_Strong,mark_strong
8318,8318.jpg,139428.jpg,Mark_Strong,mark_strong
24636,24636.jpg,153486.jpg,Mark_Strong,mark_strong
7697,7697.jpg,044643.jpg,Mark_Strong,mark_strong
25967,25967.jpg,008666.jpg,Mark_Strong,mark_strong
6307,6307.jpg,042647.jpg,Mark_Strong,mark_strong
22294,22294.jpg,156116.jpg,Mark_Valley,mark_valley
17415,17415.jpg,053662.jpg,Markie_Post,markie_post
29038,29038.jpg,144431.jpg,Marlen_Esparza,marlen_esparza
17035,17035.jpg,073496.jpg,Marlon_Wayans,marlon_wayans
27869,27869.jpg,025982.jpg,Marlon_Wayans,marlon_wayans
27070,27070.jpg,138822.jpg,Marlon_Wayans,marlon_wayans
21130,21130.jpg,140469.jpg,Marlon_Wayans,marlon_wayans
11268,11268.jpg,031382.jpg,Marlon_Wayans,marlon_wayans
8267,8267.jpg,107912.jpg,Marques_Houston,marques_houston
25709,25709.jpg,065092.jpg,Marques_Houston,marques_houston
14447,14447.jpg,156102.jpg,Marques_Houston,marques_houston
28615,28615.jpg,031685.jpg,Marques_Houston,marques_houston
4679,4679.jpg,111648.jpg,Martin_Gore,martin_gore
27601,27601.jpg,061521.jpg,Martin_Gore,martin_gore
9207,9207.jpg,107887.jpg,Martin_Gore,martin_gore
28798,28798.jpg,072259.jpg,Martin_Gore,martin_gore
14632,14632.jpg,007106.jpg,Martin_Gore,martin_gore
11509,11509.jpg,124131.jpg,Martin_Gore,martin_gore
25863,25863.jpg,120961.jpg,Martin_Henderson,martin_henderson
14081,14081.jpg,129356.jpg,Martin_Henderson,martin_henderson
26645,26645.jpg,150542.jpg,Martin_Henderson,martin_henderson
13291,13291.jpg,046453.jpg,Martin_Kemp,martin_kemp
28032,28032.jpg,062709.jpg,Martin_Kemp,martin_kemp
15337,15337.jpg,158169.jpg,Martin_Kemp,martin_kemp
3213,3213.jpg,195565.jpg,Marvin_Gaye,marvin_gaye
28007,28007.jpg,013498.jpg,Matt_Hardy,matt_hardy
21248,21248.jpg,146474.jpg,Matt_Hardy,matt_hardy
19159,19159.jpg,031407.jpg,Matt_Kemp,matt_kemp
18200,18200.jpg,126507.jpg,Matt_Kemp,matt_kemp
10473,10473.jpg,088680.jpg,Matt_Kemp,matt_kemp
16588,16588.jpg,012433.jpg,Matt_Kemp,matt_kemp
14696,14696.jpg,076358.jpg,Matt_Kemp,matt_kemp
23305,23305.jpg,143839.jpg,Matt_Kemp,matt_kemp
1112,1112.jpg,020997.jpg,Matt_Kemp,matt_kemp
5316,5316.jpg,091323.jpg,Matt_Kemp,matt_kemp
23656,23656.jpg,187297.jpg,Matt_Lauer,matt_lauer
21638,21638.jpg,196047.jpg,Matt_Lauer,matt_lauer
28084,28084.jpg,202004.jpg,Matt_Lauer,matt_lauer
21504,21504.jpg,089851.jpg,Matt_Smith,matt_smith
1830,1830.jpg,135164.jpg,Matt_Sorum,matt_sorum
25393,25393.jpg,076222.jpg,Matt_Sorum,matt_sorum
25226,25226.jpg,024436.jpg,Matt_Sorum,matt_sorum
4289,4289.jpg,101138.jpg,Matt_Sorum,matt_sorum
15538,15538.jpg,018333.jpg,Matthew_Macfadyen,matthew_macfadyen
28422,28422.jpg,031171.jpg,Matthias_De_Zordo,matthias_de_zordo
21832,21832.jpg,190183.jpg,Maureen_McCormick,maureen_mccormick
19321,19321.jpg,094652.jpg,Max_Green,max_green
20964,20964.jpg,025400.jpg,Max_Green,max_green
7687,7687.jpg,001658.jpg,May_Andersen,may_andersen
647,647.jpg,046763.jpg,May_Andersen,may_andersen
16430,16430.jpg,077645.jpg,May_Andersen,may_andersen
1301,1301.jpg,049557.jpg,May_Britt,may_britt
20896,20896.jpg,057048.jpg,Meaghan_Martin,meaghan_martin
9485,9485.jpg,011356.jpg,Meaghan_Martin,meaghan_martin
673,673.jpg,139280.jpg,Meaghan_Martin,meaghan_martin
4736,4736.jpg,001818.jpg,Meaghan_Martin,meaghan_martin
20094,20094.jpg,121789.jpg,Meaghan_Martin,meaghan_martin
18045,18045.jpg,100031.jpg,Meaghan_Martin,meaghan_martin
13970,13970.jpg,057312.jpg,Meaghan_Martin,meaghan_martin
19501,19501.jpg,024632.jpg,Meaghan_Martin,meaghan_martin
13576,13576.jpg,099541.jpg,Meaghan_Martin,meaghan_martin
12890,12890.jpg,133484.jpg,Meaghan_Martin,meaghan_martin
20858,20858.jpg,038687.jpg,Meaghan_Martin,meaghan_martin
13151,13151.jpg,022443.jpg,Meaghan_Martin,meaghan_martin
19689,19689.jpg,124883.jpg,Meg_Ryan,meg_ryan
11461,11461.jpg,184691.jpg,Mel_Lisboa,mel_lisboa
2641,2641.jpg,184348.jpg,Melanie_Lynskey,melanie_lynskey
265,265.jpg,185989.jpg,Melanie_Lynskey,melanie_lynskey
13318,13318.jpg,200012.jpg,Melanie_Lynskey,melanie_lynskey
2805,2805.jpg,195619.jpg,Melanie_Lynskey,melanie_lynskey
21811,21811.jpg,189639.jpg,Melanie_Lynskey,melanie_lynskey
21441,21441.jpg,189100.jpg,Melanie_Lynskey,melanie_lynskey
5320,5320.jpg,187529.jpg,Melanie_Lynskey,melanie_lynskey
8160,8160.jpg,185767.jpg,Melanie_Lynskey,melanie_lynskey
10252,10252.jpg,196439.jpg,Melanie_Lynskey,melanie_lynskey
10177,10177.jpg,189959.jpg,Melanie_Lynskey,melanie_lynskey
3344,3344.jpg,190060.jpg,Melanie_Lynskey,melanie_lynskey
2960,2960.jpg,186420.jpg,Melanie_Lynskey,melanie_lynskey
13530,13530.jpg,189170.jpg,Melanie_Lynskey,melanie_lynskey
9962,9962.jpg,194674.jpg,Melanie_Lynskey,melanie_lynskey
3392,3392.jpg,195800.jpg,Melanie_Lynskey,melanie_lynskey
29075,29075.jpg,196224.jpg,Melanie_Lynskey,melanie_lynskey
1586,1586.jpg,199283.jpg,Melanie_Lynskey,melanie_lynskey
20388,20388.jpg,139140.jpg,Melanie_Thierry,melanie_thierry
4536,4536.jpg,033752.jpg,Melanie_Thierry,melanie_thierry
16456,16456.jpg,059882.jpg,Melanie_Thierry,melanie_thierry
27474,27474.jpg,124051.jpg,Melanie_Thierry,melanie_thierry
8772,8772.jpg,110746.jpg,Melanie_Thierry,melanie_thierry
9271,9271.jpg,050226.jpg,Melanie_Thierry,melanie_thierry
12468,12468.jpg,105925.jpg,Melanie_Thierry,melanie_thierry
6802,6802.jpg,090445.jpg,Melanie_Thierry,melanie_thierry
11491,11491.jpg,049726.jpg,Melanie_Thierry,melanie_thierry
4481,4481.jpg,149725.jpg,Melanie_Thierry,melanie_thierry
21894,21894.jpg,153879.jpg,Melanie_Thierry,melanie_thierry
27308,27308.jpg,114220.jpg,Melanie_Thierry,melanie_thierry
2999,2999.jpg,098455.jpg,Melanie_Thierry,melanie_thierry
19122,19122.jpg,010809.jpg,Melanie_Thierry,melanie_thierry
15317,15317.jpg,095450.jpg,Melanie_Thierry,melanie_thierry
1268,1268.jpg,128321.jpg,Melanie_Thierry,melanie_thierry
7004,7004.jpg,103926.jpg,Melanie_Thierry,melanie_thierry
19435,19435.jpg,095178.jpg,Melina_Perez,melina_perez
21302,21302.jpg,128874.jpg,Melina_Perez,melina_perez
19009,19009.jpg,029568.jpg,Melina_Perez,melina_perez
25437,25437.jpg,030461.jpg,Melina_Perez,melina_perez
18758,18758.jpg,062381.jpg,Melinda_Dillon,melinda_dillon
9118,9118.jpg,008011.jpg,Melinda_Dillon,melinda_dillon
9208,9208.jpg,122646.jpg,Melinda_Dillon,melinda_dillon
16940,16940.jpg,042234.jpg,Melinda_Messenger,melinda_messenger
27674,27674.jpg,016473.jpg,Melinda_Messenger,melinda_messenger
21069,21069.jpg,104361.jpg,Melinda_Messenger,melinda_messenger
15621,15621.jpg,014836.jpg,Melinda_Messenger,melinda_messenger
13227,13227.jpg,000599.jpg,Melinda_Messenger,melinda_messenger
19902,19902.jpg,060193.jpg,Melinda_Messenger,melinda_messenger
28065,28065.jpg,045330.jpg,Melinda_Messenger,melinda_messenger
28660,28660.jpg,157785.jpg,Melinda_Messenger,melinda_messenger
27415,27415.jpg,151718.jpg,Melinda_Messenger,melinda_messenger
16405,16405.jpg,122475.jpg,Melinda_Messenger,melinda_messenger
19023,19023.jpg,136774.jpg,Melinda_Messenger,melinda_messenger
11892,11892.jpg,062394.jpg,Melinda_Messenger,melinda_messenger
7603,7603.jpg,103980.jpg,Melinda_Messenger,melinda_messenger
10682,10682.jpg,066765.jpg,Melissa_Auf_der_Maur,melissa_auf_der_maur
4883,4883.jpg,046292.jpg,Melissa_Auf_der_Maur,melissa_auf_der_maur
28132,28132.jpg,023662.jpg,Melissa_George,melissa_george
24311,24311.jpg,190043.jpg,Mercedes_Ruehl,mercedes_ruehl
96,96.jpg,062702.jpg,Merle_Haggard,merle_haggard
13329,13329.jpg,018328.jpg,Merle_Haggard,merle_haggard
792,792.jpg,065746.jpg,Merle_Haggard,merle_haggard
7617,7617.jpg,050084.jpg,Merle_Haggard,merle_haggard
6399,6399.jpg,022998.jpg,Merle_Haggard,merle_haggard
13533,13533.jpg,072262.jpg,Merle_Haggard,merle_haggard
14427,14427.jpg,014781.jpg,Merle_Haggard,merle_haggard
3099,3099.jpg,062380.jpg,Merle_Haggard,merle_haggard
29850,29850.jpg,051185.jpg,Merle_Haggard,merle_haggard
10433,10433.jpg,032338.jpg,Merle_Haggard,merle_haggard
9117,9117.jpg,090411.jpg,Merle_Haggard,merle_haggard
6655,6655.jpg,054918.jpg,Merle_Haggard,merle_haggard
3619,3619.jpg,113658.jpg,Meshach_Taylor,meshach_taylor
6769,6769.jpg,091546.jpg,Meshach_Taylor,meshach_taylor
11637,11637.jpg,111184.jpg,Meshach_Taylor,meshach_taylor
8733,8733.jpg,146772.jpg,Meshach_Taylor,meshach_taylor
484,484.jpg,079211.jpg,Meshach_Taylor,meshach_taylor
14841,14841.jpg,143875.jpg,Meshach_Taylor,meshach_taylor
29232,29232.jpg,191242.jpg,Michael_Biehn,michael_biehn
10744,10744.jpg,183416.jpg,Michael_Biehn,michael_biehn
26818,26818.jpg,075716.jpg,Michael_Ealy,michael_ealy
28437,28437.jpg,103163.jpg,Michael_Ealy,michael_ealy
28459,28459.jpg,149225.jpg,Michael_Ealy,michael_ealy
25436,25436.jpg,140590.jpg,Michael_Ealy,michael_ealy
17274,17274.jpg,011349.jpg,Michael_Ealy,michael_ealy
17603,17603.jpg,100583.jpg,Michael_Ealy,michael_ealy
24191,24191.jpg,131581.jpg,Michael_Ealy,michael_ealy
21452,21452.jpg,087357.jpg,Michael_Ealy,michael_ealy
28265,28265.jpg,182828.jpg,Michael_Emerson,michael_emerson
4025,4025.jpg,155589.jpg,Michael_Hutchence,michael_hutchence
2931,2931.jpg,108291.jpg,Michael_Hutchence,michael_hutchence
28904,28904.jpg,093090.jpg,Michael_Hutchence,michael_hutchence
7259,7259.jpg,013961.jpg,Michael_Hutchence,michael_hutchence
10223,10223.jpg,043669.jpg,Michael_Hutchence,michael_hutchence
29290,29290.jpg,138136.jpg,Michael_Hutchence,michael_hutchence
24174,24174.jpg,186879.jpg,Michael_Palin,michael_palin
4674,4674.jpg,161310.jpg,Michael_Shannon,michael_shannon
27569,27569.jpg,061550.jpg,Michael_Shannon,michael_shannon
13260,13260.jpg,161733.jpg,Michael_Shannon,michael_shannon
10126,10126.jpg,096066.jpg,Michael_Shannon,michael_shannon
9000,9000.jpg,046995.jpg,Michael_Shannon,michael_shannon
196,196.jpg,055165.jpg,Michael_Shannon,michael_shannon
15380,15380.jpg,070235.jpg,Michael_Shannon,michael_shannon
97,97.jpg,097516.jpg,Michael_Shannon,michael_shannon
22914,22914.jpg,046765.jpg,Michael_Shannon,michael_shannon
23001,23001.jpg,089925.jpg,Michael_Shannon,michael_shannon
4419,4419.jpg,189487.jpg,Michael_Trevino,michael_trevino
10475,10475.jpg,197643.jpg,Michael_Trevino,michael_trevino
9057,9057.jpg,195846.jpg,Michael_Trevino,michael_trevino
8028,8028.jpg,188893.jpg,Michael_Trevino,michael_trevino
7531,7531.jpg,196513.jpg,Michael_Trevino,michael_trevino
6431,6431.jpg,187954.jpg,Michael_Trevino,michael_trevino
4027,4027.jpg,201286.jpg,Michael_Trevino,michael_trevino
13529,13529.jpg,184027.jpg,Michael_Trevino,michael_trevino
5674,5674.jpg,184400.jpg,Michael_Trevino,michael_trevino
15610,15610.jpg,092307.jpg,Micheline_Presle,micheline_presle
18019,18019.jpg,117505.jpg,Micheline_Presle,micheline_presle
4297,4297.jpg,079647.jpg,Mickie_James,mickie_james
22517,22517.jpg,109978.jpg,Mika_Boorem,mika_boorem
23652,23652.jpg,087409.jpg,Mika_Boorem,mika_boorem
22546,22546.jpg,040787.jpg,Mike_Piazza,mike_piazza
27920,27920.jpg,083184.jpg,Mike_Piazza,mike_piazza
21693,21693.jpg,109170.jpg,Mike_Piazza,mike_piazza
29675,29675.jpg,187148.jpg,Mike_White,mike_white
24034,24034.jpg,182977.jpg,Mike_White,mike_white
27461,27461.jpg,099678.jpg,Milla_Jovovich,milla_jovovich
24200,24200.jpg,045212.jpg,Milo_Ventimiglia,milo_ventimiglia
20934,20934.jpg,046362.jpg,Mindy_Kaling,mindy_kaling
7560,7560.jpg,048809.jpg,Mindy_Kaling,mindy_kaling
17127,17127.jpg,123653.jpg,Mindy_Kaling,mindy_kaling
26451,26451.jpg,006192.jpg,Mindy_Kaling,mindy_kaling
6514,6514.jpg,125898.jpg,Mindy_Kaling,mindy_kaling
21142,21142.jpg,159056.jpg,Mindy_Kaling,mindy_kaling
1323,1323.jpg,019059.jpg,Mindy_Kaling,mindy_kaling
16128,16128.jpg,108144.jpg,Mindy_Kaling,mindy_kaling
25564,25564.jpg,098383.jpg,Mindy_Kaling,mindy_kaling
8208,8208.jpg,129899.jpg,Mindy_Kaling,mindy_kaling
5717,5717.jpg,004034.jpg,Mindy_Kaling,mindy_kaling
4622,4622.jpg,104730.jpg,Mindy_Kaling,mindy_kaling
3416,3416.jpg,060879.jpg,Mindy_Kaling,mindy_kaling
9077,9077.jpg,111587.jpg,Mindy_Kaling,mindy_kaling
5922,5922.jpg,104596.jpg,Mindy_Kaling,mindy_kaling
6904,6904.jpg,032178.jpg,Mindy_Kaling,mindy_kaling
12219,12219.jpg,005204.jpg,Minissha_Lamba,minissha_lamba
28350,28350.jpg,017394.jpg,Minissha_Lamba,minissha_lamba
10323,10323.jpg,111321.jpg,Minissha_Lamba,minissha_lamba
7890,7890.jpg,134849.jpg,Minissha_Lamba,minissha_lamba
26786,26786.jpg,053090.jpg,Minissha_Lamba,minissha_lamba
10640,10640.jpg,103255.jpg,Minissha_Lamba,minissha_lamba
18550,18550.jpg,106087.jpg,Minissha_Lamba,minissha_lamba
26543,26543.jpg,038754.jpg,Minissha_Lamba,minissha_lamba
14710,14710.jpg,042414.jpg,Minissha_Lamba,minissha_lamba
25222,25222.jpg,051779.jpg,Minissha_Lamba,minissha_lamba
17422,17422.jpg,089617.jpg,Minka_Kelly,minka_kelly
29495,29495.jpg,038434.jpg,Minka_Kelly,minka_kelly
19893,19893.jpg,028296.jpg,Minka_Kelly,minka_kelly
9302,9302.jpg,197410.jpg,Misha_Collins,misha_collins
21328,21328.jpg,201353.jpg,Misha_Collins,misha_collins
24885,24885.jpg,195929.jpg,Misha_Collins,misha_collins
9812,9812.jpg,198224.jpg,Misha_Collins,misha_collins
16410,16410.jpg,183491.jpg,Misha_Collins,misha_collins
14392,14392.jpg,193899.jpg,Misha_Collins,misha_collins
12050,12050.jpg,186904.jpg,Misha_Collins,misha_collins
8933,8933.jpg,198796.jpg,Misha_Collins,misha_collins
2290,2290.jpg,200383.jpg,Misha_Collins,misha_collins
9713,9713.jpg,186118.jpg,Misha_Collins,misha_collins
6554,6554.jpg,194996.jpg,Misha_Collins,misha_collins
14009,14009.jpg,187822.jpg,Misha_Collins,misha_collins
13937,13937.jpg,183754.jpg,Misha_Collins,misha_collins
9548,9548.jpg,198673.jpg,Misha_Collins,misha_collins
16120,16120.jpg,193277.jpg,Misha_Collins,misha_collins
5347,5347.jpg,192660.jpg,Misha_Collins,misha_collins
15816,15816.jpg,186254.jpg,Misha_Collins,misha_collins
27988,27988.jpg,190970.jpg,Misha_Collins,misha_collins
11135,11135.jpg,184207.jpg,Misha_Collins,misha_collins
6467,6467.jpg,186329.jpg,Misha_Collins,misha_collins
12266,12266.jpg,008581.jpg,Misty_May_Treanor,misty_may_treanor
19838,19838.jpg,004313.jpg,Mo_Farah,mo_farah
29705,29705.jpg,140391.jpg,Mo_Farah,mo_farah
26390,26390.jpg,025898.jpg,Mo_Farah,mo_farah
27209,27209.jpg,091076.jpg,Mo_Farah,mo_farah
19365,19365.jpg,108999.jpg,Mo_Farah,mo_farah
2715,2715.jpg,109465.jpg,Moises_Arias,moises_arias
16948,16948.jpg,139990.jpg,Moises_Arias,moises_arias
7775,7775.jpg,024635.jpg,Moises_Arias,moises_arias
16852,16852.jpg,065628.jpg,Moises_Arias,moises_arias
25718,25718.jpg,063347.jpg,Moises_Arias,moises_arias
27318,27318.jpg,133791.jpg,Monique_Coleman,monique_coleman
21400,21400.jpg,098512.jpg,Monique_Coleman,monique_coleman
18684,18684.jpg,077714.jpg,Monique_Coleman,monique_coleman
289,289.jpg,015475.jpg,Monique_Coleman,monique_coleman
6117,6117.jpg,153044.jpg,Monique_Coleman,monique_coleman
3770,3770.jpg,010833.jpg,Monique_Coleman,monique_coleman
747,747.jpg,038858.jpg,Monique_Coleman,monique_coleman
10162,10162.jpg,022362.jpg,Monique_Coleman,monique_coleman
27576,27576.jpg,030720.jpg,Monique_Coleman,monique_coleman
24594,24594.jpg,115973.jpg,Monique_Coleman,monique_coleman
5018,5018.jpg,101487.jpg,Monique_Coleman,monique_coleman
25711,25711.jpg,089253.jpg,Monique_Coleman,monique_coleman
11151,11151.jpg,187022.jpg,Morten_Harket,morten_harket
17810,17810.jpg,193107.jpg,Morten_Harket,morten_harket
4314,4314.jpg,188450.jpg,Morten_Harket,morten_harket
17883,17883.jpg,187445.jpg,Morten_Harket,morten_harket
18153,18153.jpg,200729.jpg,Morten_Harket,morten_harket
17303,17303.jpg,188696.jpg,Morten_Harket,morten_harket
25935,25935.jpg,190825.jpg,Morten_Harket,morten_harket
9816,9816.jpg,193749.jpg,Morten_Harket,morten_harket
9413,9413.jpg,192722.jpg,Morten_Harket,morten_harket
7150,7150.jpg,184055.jpg,Morten_Harket,morten_harket
7305,7305.jpg,191601.jpg,Morten_Harket,morten_harket
22619,22619.jpg,184408.jpg,Morten_Harket,morten_harket
21291,21291.jpg,194556.jpg,Morten_Harket,morten_harket
29519,29519.jpg,197979.jpg,Morten_Harket,morten_harket
4458,4458.jpg,144887.jpg,Nadia_Bjorlin,nadia_bjorlin
21153,21153.jpg,107691.jpg,Nadia_Bjorlin,nadia_bjorlin
28753,28753.jpg,060421.jpg,Nadia_Bjorlin,nadia_bjorlin
7758,7758.jpg,004483.jpg,Nadia_Bjorlin,nadia_bjorlin
12819,12819.jpg,060509.jpg,Nadia_Bjorlin,nadia_bjorlin
7655,7655.jpg,061437.jpg,Nadia_Bjorlin,nadia_bjorlin
22947,22947.jpg,011452.jpg,Nadia_Bjorlin,nadia_bjorlin
1474,1474.jpg,106829.jpg,Nadia_Bjorlin,nadia_bjorlin
3487,3487.jpg,117826.jpg,Nadia_Bjorlin,nadia_bjorlin
5567,5567.jpg,132313.jpg,Nadia_Bjorlin,nadia_bjorlin
4987,4987.jpg,055022.jpg,Nadia_Bjorlin,nadia_bjorlin
20506,20506.jpg,060106.jpg,Nadia_Bjorlin,nadia_bjorlin
15203,15203.jpg,131643.jpg,Nadia_Bjorlin,nadia_bjorlin
17839,17839.jpg,074125.jpg,Nadia_Bjorlin,nadia_bjorlin
3455,3455.jpg,082332.jpg,Nadia_Bjorlin,nadia_bjorlin
2236,2236.jpg,022906.jpg,Nadia_Bjorlin,nadia_bjorlin
29391,29391.jpg,137448.jpg,Nadia_Bjorlin,nadia_bjorlin
22822,22822.jpg,156928.jpg,Nargis_Fakhri,nargis_fakhri
24374,24374.jpg,098995.jpg,Nargis_Fakhri,nargis_fakhri
23398,23398.jpg,157715.jpg,Nargis_Fakhri,nargis_fakhri
27962,27962.jpg,120846.jpg,Nargis_Fakhri,nargis_fakhri
21150,21150.jpg,086113.jpg,Nargis_Fakhri,nargis_fakhri
5809,5809.jpg,116202.jpg,Nargis_Fakhri,nargis_fakhri
22311,22311.jpg,159520.jpg,Nargis_Fakhri,nargis_fakhri
4641,4641.jpg,096467.jpg,Nastassja_Kinski,nastassja_kinski
9129,9129.jpg,150204.jpg,Nastassja_Kinski,nastassja_kinski
11786,11786.jpg,110670.jpg,Nastassja_Kinski,nastassja_kinski
4434,4434.jpg,008768.jpg,Nastassja_Kinski,nastassja_kinski
15030,15030.jpg,134296.jpg,Nastassja_Kinski,nastassja_kinski
11191,11191.jpg,157779.jpg,Nastassja_Kinski,nastassja_kinski
11431,11431.jpg,137266.jpg,Nastassja_Kinski,nastassja_kinski
10109,10109.jpg,100507.jpg,Nastassja_Kinski,nastassja_kinski
17218,17218.jpg,111109.jpg,Nastassja_Kinski,nastassja_kinski
21343,21343.jpg,072669.jpg,Nastassja_Kinski,nastassja_kinski
6890,6890.jpg,118267.jpg,Nastassja_Kinski,nastassja_kinski
20780,20780.jpg,157968.jpg,Nastassja_Kinski,nastassja_kinski
16401,16401.jpg,138853.jpg,Nastassja_Kinski,nastassja_kinski
26810,26810.jpg,093902.jpg,Natalia_Tena,natalia_tena
14784,14784.jpg,079675.jpg,Natalia_Tena,natalia_tena
11788,11788.jpg,112441.jpg,Natalie_Bassingthwaighte,natalie_bassingthwaighte
27784,27784.jpg,058697.jpg,Natalie_Bassingthwaighte,natalie_bassingthwaighte
27448,27448.jpg,159607.jpg,Natalie_Bassingthwaighte,natalie_bassingthwaighte
27610,27610.jpg,157092.jpg,Natalie_Bassingthwaighte,natalie_bassingthwaighte
23487,23487.jpg,153038.jpg,Natalie_Bassingthwaighte,natalie_bassingthwaighte
11816,11816.jpg,032546.jpg,Natalie_Bassingthwaighte,natalie_bassingthwaighte
24093,24093.jpg,038419.jpg,Natalie_Bassingthwaighte,natalie_bassingthwaighte
29966,29966.jpg,038549.jpg,Natalie_Bassingthwaighte,natalie_bassingthwaighte
14741,14741.jpg,041290.jpg,Natalie_Bassingthwaighte,natalie_bassingthwaighte
28453,28453.jpg,190467.jpg,Natalie_Portman,natalie_portman
18464,18464.jpg,193998.jpg,Natascha_McElhone,natascha_mcelhone
29109,29109.jpg,050929.jpg,Natasha_Alam,natasha_alam
26135,26135.jpg,149680.jpg,Natasha_Alam,natasha_alam
1423,1423.jpg,084215.jpg,Natasha_Alam,natasha_alam
2014,2014.jpg,093178.jpg,Natasha_Richardson,natasha_richardson
15377,15377.jpg,081758.jpg,Natasha_Richardson,natasha_richardson
3042,3042.jpg,077658.jpg,Natasha_Richardson,natasha_richardson
25012,25012.jpg,082453.jpg,Natasha_Richardson,natasha_richardson
1277,1277.jpg,119888.jpg,Natasha_Richardson,natasha_richardson
12822,12822.jpg,006255.jpg,Natasha_Richardson,natasha_richardson
20918,20918.jpg,097672.jpg,Natasha_Richardson,natasha_richardson
25287,25287.jpg,038455.jpg,Natasha_Richardson,natasha_richardson
22075,22075.jpg,162340.jpg,Natasha_Richardson,natasha_richardson
7434,7434.jpg,061027.jpg,Natasha_Richardson,natasha_richardson
20121,20121.jpg,044468.jpg,Natasha_Richardson,natasha_richardson
26687,26687.jpg,148839.jpg,Natasha_Richardson,natasha_richardson
3513,3513.jpg,142239.jpg,Natasha_Richardson,natasha_richardson
21577,21577.jpg,044490.jpg,Natasha_Richardson,natasha_richardson
3206,3206.jpg,000674.jpg,Nate_Berkus,nate_berkus
25587,25587.jpg,040401.jpg,Nate_Berkus,nate_berkus
27911,27911.jpg,006622.jpg,Nate_Berkus,nate_berkus
1598,1598.jpg,013947.jpg,Nate_Dogg,nate_dogg
9174,9174.jpg,096885.jpg,Nate_Dogg,nate_dogg
1941,1941.jpg,037943.jpg,Nate_Dogg,nate_dogg
20813,20813.jpg,136462.jpg,Nate_Dogg,nate_dogg
27149,27149.jpg,045739.jpg,Nate_Dogg,nate_dogg
22306,22306.jpg,044208.jpg,Nate_Dogg,nate_dogg
11979,11979.jpg,013868.jpg,Nate_Dogg,nate_dogg
28964,28964.jpg,080801.jpg,Nathalia_Rodrigues,nathalia_rodrigues
22364,22364.jpg,187392.jpg,Nathan_Gamble,nathan_gamble
23236,23236.jpg,185150.jpg,Nathan_Gamble,nathan_gamble
17451,17451.jpg,183490.jpg,Nathan_Gamble,nathan_gamble
28240,28240.jpg,048279.jpg,Naya_Rivera,naya_rivera
10465,10465.jpg,046267.jpg,Nellie_McKay,nellie_mckay
11953,11953.jpg,045657.jpg,Nellie_McKay,nellie_mckay
9352,9352.jpg,160436.jpg,Nellie_McKay,nellie_mckay
21084,21084.jpg,098611.jpg,Nellie_McKay,nellie_mckay
20397,20397.jpg,100016.jpg,Nellie_McKay,nellie_mckay
7684,7684.jpg,020704.jpg,Nellie_McKay,nellie_mckay
13739,13739.jpg,123464.jpg,Nellie_McKay,nellie_mckay
11331,11331.jpg,200951.jpg,Nelly,nelly
15192,15192.jpg,195061.jpg,Nelly,nelly
23033,23033.jpg,197221.jpg,Nelly,nelly
21416,21416.jpg,195965.jpg,Nelly,nelly
15255,15255.jpg,197427.jpg,Nelly,nelly
11549,11549.jpg,097481.jpg,Nemanja_Vidic,nemanja_vidic
5816,5816.jpg,092309.jpg,Nemanja_Vidic,nemanja_vidic
15397,15397.jpg,093077.jpg,Nemanja_Vidic,nemanja_vidic
23890,23890.jpg,191422.jpg,Nia_Long,nia_long
18486,18486.jpg,011791.jpg,Nicholas_Hoult,nicholas_hoult
27326,27326.jpg,139236.jpg,Nicholas_Hoult,nicholas_hoult
27703,27703.jpg,029068.jpg,Nick_Carter,nick_carter
17811,17811.jpg,063060.jpg,Nick_Carter,nick_carter
18891,18891.jpg,137453.jpg,Nick_Carter,nick_carter
8304,8304.jpg,098746.jpg,Nick_Carter,nick_carter
12852,12852.jpg,201142.jpg,Nick_Frost,nick_frost
23548,23548.jpg,184633.jpg,Nick_Frost,nick_frost
4652,4652.jpg,018502.jpg,Nick_Lachey,nick_lachey
10675,10675.jpg,003410.jpg,Nick_Lachey,nick_lachey
4772,4772.jpg,079223.jpg,Nick_Lachey,nick_lachey
26434,26434.jpg,119904.jpg,Nick_Lachey,nick_lachey
25872,25872.jpg,094037.jpg,Nick_Lachey,nick_lachey
3597,3597.jpg,151091.jpg,Nick_Lachey,nick_lachey
5349,5349.jpg,127718.jpg,Nick_Lachey,nick_lachey
7204,7204.jpg,192466.jpg,Nick_Mason,nick_mason
20047,20047.jpg,189012.jpg,Nick_Mason,nick_mason
7880,7880.jpg,194679.jpg,Nick_Mason,nick_mason
11849,11849.jpg,135634.jpg,Nick_Simmons,nick_simmons
20043,20043.jpg,135275.jpg,Nick_Simmons,nick_simmons
17387,17387.jpg,140721.jpg,Nick_Simmons,nick_simmons
16016,16016.jpg,151123.jpg,Nick_Simmons,nick_simmons
21064,21064.jpg,072778.jpg,Nick_Simmons,nick_simmons
523,523.jpg,028117.jpg,Nicollette_Sheridan,nicollette_sheridan
18792,18792.jpg,061357.jpg,Nicollette_Sheridan,nicollette_sheridan
29697,29697.jpg,004710.jpg,Nicollette_Sheridan,nicollette_sheridan
27757,27757.jpg,158740.jpg,Nicollette_Sheridan,nicollette_sheridan
20346,20346.jpg,102944.jpg,Nicollette_Sheridan,nicollette_sheridan
2421,2421.jpg,011013.jpg,Nicollette_Sheridan,nicollette_sheridan
7493,7493.jpg,105323.jpg,Nicollette_Sheridan,nicollette_sheridan
1696,1696.jpg,155111.jpg,Nicollette_Sheridan,nicollette_sheridan
29853,29853.jpg,124895.jpg,Nicollette_Sheridan,nicollette_sheridan
17376,17376.jpg,073458.jpg,Nicollette_Sheridan,nicollette_sheridan
1292,1292.jpg,050211.jpg,Nicollette_Sheridan,nicollette_sheridan
9157,9157.jpg,038292.jpg,Nicollette_Sheridan,nicollette_sheridan
28390,28390.jpg,147204.jpg,Nicollette_Sheridan,nicollette_sheridan
7663,7663.jpg,193710.jpg,Nigella_Lawson,nigella_lawson
4379,4379.jpg,198803.jpg,Nigella_Lawson,nigella_lawson
2150,2150.jpg,189757.jpg,Nigella_Lawson,nigella_lawson
8008,8008.jpg,187957.jpg,Nigella_Lawson,nigella_lawson
8637,8637.jpg,194909.jpg,Nigella_Lawson,nigella_lawson
25138,25138.jpg,182734.jpg,Nigella_Lawson,nigella_lawson
8061,8061.jpg,191544.jpg,Nigella_Lawson,nigella_lawson
10049,10049.jpg,182974.jpg,Nigella_Lawson,nigella_lawson
22202,22202.jpg,195665.jpg,Nigella_Lawson,nigella_lawson
3936,3936.jpg,195060.jpg,Nigella_Lawson,nigella_lawson
29352,29352.jpg,186508.jpg,Nigella_Lawson,nigella_lawson
1678,1678.jpg,200300.jpg,Nigella_Lawson,nigella_lawson
16566,16566.jpg,183602.jpg,Nigella_Lawson,nigella_lawson
20795,20795.jpg,198506.jpg,Nigella_Lawson,nigella_lawson
18828,18828.jpg,193105.jpg,Nigella_Lawson,nigella_lawson
22076,22076.jpg,189355.jpg,Nigella_Lawson,nigella_lawson
15531,15531.jpg,202347.jpg,Nigella_Lawson,nigella_lawson
12555,12555.jpg,188758.jpg,Nigella_Lawson,nigella_lawson
5796,5796.jpg,060266.jpg,Nikki_Cox,nikki_cox
27817,27817.jpg,070320.jpg,Nikki_Cox,nikki_cox
8703,8703.jpg,121678.jpg,Nikki_Cox,nikki_cox
8297,8297.jpg,033836.jpg,Nikki_Cox,nikki_cox
17692,17692.jpg,021461.jpg,Nikki_Cox,nikki_cox
5575,5575.jpg,130830.jpg,Nikki_Cox,nikki_cox
5565,5565.jpg,046604.jpg,Nikki_Cox,nikki_cox
28242,28242.jpg,150287.jpg,Nikki_Cox,nikki_cox
21136,21136.jpg,138575.jpg,Nikki_Cox,nikki_cox
29815,29815.jpg,043413.jpg,Nikki_Cox,nikki_cox
8942,8942.jpg,111894.jpg,Nikki_Cox,nikki_cox
9265,9265.jpg,080106.jpg,Nikki_Cox,nikki_cox
2705,2705.jpg,095323.jpg,Nina_Persson,nina_persson
16318,16318.jpg,150171.jpg,Nina_Persson,nina_persson
15801,15801.jpg,062352.jpg,Nina_Persson,nina_persson
24468,24468.jpg,085275.jpg,Nina_Persson,nina_persson
10852,10852.jpg,115959.jpg,Nina_Persson,nina_persson
22050,22050.jpg,062464.jpg,Nina_Persson,nina_persson
3557,3557.jpg,043740.jpg,Nina_Persson,nina_persson
19260,19260.jpg,089449.jpg,Nina_Persson,nina_persson
16435,16435.jpg,138587.jpg,Nina_Persson,nina_persson
5625,5625.jpg,074121.jpg,Noriko_Sakai,noriko_sakai
24823,24823.jpg,072639.jpg,Noriko_Sakai,noriko_sakai
27884,27884.jpg,013786.jpg,Noriko_Sakai,noriko_sakai
26780,26780.jpg,127591.jpg,Noriko_Sakai,noriko_sakai
9229,9229.jpg,019835.jpg,Noriko_Sakai,noriko_sakai
10327,10327.jpg,089981.jpg,Odette_Annable,odette_annable
18800,18800.jpg,097143.jpg,Odette_Annable,odette_annable
2639,2639.jpg,051976.jpg,Odette_Annable,odette_annable
22141,22141.jpg,037210.jpg,Odette_Annable,odette_annable
15891,15891.jpg,154134.jpg,Odette_Annable,odette_annable
9720,9720.jpg,159048.jpg,Odette_Annable,odette_annable
4771,4771.jpg,130971.jpg,Odette_Annable,odette_annable
1119,1119.jpg,067029.jpg,Odette_Annable,odette_annable
9913,9913.jpg,042262.jpg,Odette_Annable,odette_annable
526,526.jpg,030862.jpg,Odette_Annable,odette_annable
9007,9007.jpg,036515.jpg,Odette_Annable,odette_annable
9031,9031.jpg,095256.jpg,Odette_Annable,odette_annable
4747,4747.jpg,119455.jpg,Odette_Annable,odette_annable
11960,11960.jpg,145702.jpg,Odette_Annable,odette_annable
6036,6036.jpg,107788.jpg,Odette_Annable,odette_annable
5824,5824.jpg,103608.jpg,Odette_Annable,odette_annable
22002,22002.jpg,016608.jpg,Olga_Kurylenko,olga_kurylenko
23499,23499.jpg,052966.jpg,Oliver_Hudson,oliver_hudson
1171,1171.jpg,200183.jpg,Olivia_Palermo,olivia_palermo
5024,5024.jpg,202296.jpg,Olivia_Palermo,olivia_palermo
22813,22813.jpg,200367.jpg,Olivia_Palermo,olivia_palermo
10642,10642.jpg,199610.jpg,Olivia_Palermo,olivia_palermo
12166,12166.jpg,183705.jpg,Olivia_Palermo,olivia_palermo
1979,1979.jpg,201915.jpg,Olivia_Palermo,olivia_palermo
15180,15180.jpg,193314.jpg,Olivia_Palermo,olivia_palermo
3354,3354.jpg,197442.jpg,Olivia_Palermo,olivia_palermo
22340,22340.jpg,199457.jpg,Olivia_Palermo,olivia_palermo
14419,14419.jpg,189620.jpg,Olivia_Palermo,olivia_palermo
14429,14429.jpg,199936.jpg,Olivia_Palermo,olivia_palermo
6965,6965.jpg,187636.jpg,Olivia_Palermo,olivia_palermo
2073,2073.jpg,184942.jpg,Olivia_Palermo,olivia_palermo
4392,4392.jpg,191465.jpg,Olivia_Palermo,olivia_palermo
28164,28164.jpg,185159.jpg,Olivia_Palermo,olivia_palermo
12518,12518.jpg,192741.jpg,Olivia_Palermo,olivia_palermo
26164,26164.jpg,128167.jpg,Olivia_Wilde,olivia_wilde
29780,29780.jpg,066597.jpg,Omar_Rodriguez-Lopez,omar_rodriguez_lopez
14278,14278.jpg,002135.jpg,Omar_Rodriguez-Lopez,omar_rodriguez_lopez
22350,22350.jpg,061344.jpg,Omid_Djalili,omid_djalili
21942,21942.jpg,152182.jpg,Omid_Djalili,omid_djalili
18219,18219.jpg,149910.jpg,Orsi_Kocsis,orsi_kocsis
23081,23081.jpg,154866.jpg,Orsi_Kocsis,orsi_kocsis
20188,20188.jpg,191963.jpg,Park_Eun_Bin,park_eun_bin
29187,29187.jpg,183292.jpg,Park_Eun_Bin,park_eun_bin
18324,18324.jpg,161732.jpg,Patricia_Tallman,patricia_tallman
21275,21275.jpg,031087.jpg,Patricia_Tallman,patricia_tallman
22339,22339.jpg,105696.jpg,Patricia_Tallman,patricia_tallman
23189,23189.jpg,045601.jpg,Patrick_Fugit,patrick_fugit
20132,20132.jpg,035577.jpg,Patrick_Fugit,patrick_fugit
24338,24338.jpg,001339.jpg,Patrick_Fugit,patrick_fugit
21548,21548.jpg,081909.jpg,Patrick_Swayze,patrick_swayze
4529,4529.jpg,061430.jpg,Patty_Loveless,patty_loveless
3891,3891.jpg,160979.jpg,Patty_Loveless,patty_loveless
6339,6339.jpg,077165.jpg,Patty_Loveless,patty_loveless
3877,3877.jpg,078716.jpg,Patty_Loveless,patty_loveless
27104,27104.jpg,196372.jpg,Paul_Allen,paul_allen
12617,12617.jpg,183208.jpg,Paul_Allen,paul_allen
17515,17515.jpg,195673.jpg,Paul_Allen,paul_allen
22585,22585.jpg,188379.jpg,Paul_Allen,paul_allen
24702,24702.jpg,048877.jpg,Paul_Banks,paul_banks
25206,25206.jpg,079435.jpg,Paul_Banks,paul_banks
10529,10529.jpg,117333.jpg,Paul_Banks,paul_banks
23045,23045.jpg,085906.jpg,Paul_Banks,paul_banks
14144,14144.jpg,092804.jpg,Paul_Banks,paul_banks
8600,8600.jpg,065614.jpg,Paul_Singer,paul_singer
29401,29401.jpg,118394.jpg,Paul_Stanley,paul_stanley
18060,18060.jpg,162303.jpg,Paul_Stanley,paul_stanley
17560,17560.jpg,130850.jpg,Paul_Stanley,paul_stanley
24289,24289.jpg,161200.jpg,Paul_Stanley,paul_stanley
24516,24516.jpg,048633.jpg,Paulo_Coelho,paulo_coelho
16778,16778.jpg,135972.jpg,Paulo_Coelho,paulo_coelho
24546,24546.jpg,052521.jpg,Paulo_Coelho,paulo_coelho
10163,10163.jpg,042384.jpg,Pete_Townshend,pete_townshend
21498,21498.jpg,037641.jpg,Pete_Townshend,pete_townshend
17568,17568.jpg,136098.jpg,Pete_Wentz,pete_wentz
11571,11571.jpg,074687.jpg,Pete_Wentz,pete_wentz
20591,20591.jpg,135431.jpg,Pete_Wentz,pete_wentz
14293,14293.jpg,138836.jpg,Peter_Coyote,peter_coyote
25497,25497.jpg,092527.jpg,Peter_Coyote,peter_coyote
27976,27976.jpg,049271.jpg,Peter_Crouch,peter_crouch
8325,8325.jpg,115402.jpg,Peter_Crouch,peter_crouch
19394,19394.jpg,159293.jpg,Peter_Dinklage,peter_dinklage
17084,17084.jpg,022505.jpg,Peter_Dinklage,peter_dinklage
13769,13769.jpg,063329.jpg,Peter_Facinelli,peter_facinelli
21144,21144.jpg,047312.jpg,Peter_Weller,peter_weller
28241,28241.jpg,024000.jpg,Peter_Weller,peter_weller
18314,18314.jpg,136202.jpg,Peter_Weller,peter_weller
24207,24207.jpg,045692.jpg,Peter_Weller,peter_weller
13993,13993.jpg,154609.jpg,Peyton_Manning,peyton_manning
12367,12367.jpg,109190.jpg,Philip_Seymour_Hoffman,philip_seymour_hoffman
23779,23779.jpg,079589.jpg,Philip_Seymour_Hoffman,philip_seymour_hoffman
27641,27641.jpg,196509.jpg,Philipp_Boy,philipp_boy
18950,18950.jpg,084960.jpg,Philippe_Gilbert,philippe_gilbert
19488,19488.jpg,059529.jpg,Phylicia_Rashad,phylicia_rashad
13031,13031.jpg,090175.jpg,Phylicia_Rashad,phylicia_rashad
6529,6529.jpg,002555.jpg,Phylicia_Rashad,phylicia_rashad
27492,27492.jpg,157648.jpg,Phylicia_Rashad,phylicia_rashad
423,423.jpg,009310.jpg,Phylicia_Rashad,phylicia_rashad
26295,26295.jpg,004472.jpg,Phylicia_Rashad,phylicia_rashad
28424,28424.jpg,048102.jpg,Pier_Angeli,pier_angeli
12975,12975.jpg,022323.jpg,Pier_Angeli,pier_angeli
21028,21028.jpg,064578.jpg,Pier_Angeli,pier_angeli
16705,16705.jpg,161505.jpg,Pier_Angeli,pier_angeli
23612,23612.jpg,078806.jpg,Pier_Angeli,pier_angeli
18243,18243.jpg,000687.jpg,Pierre_Brice,pierre_brice
11956,11956.jpg,031733.jpg,Pierre_Brice,pierre_brice
23295,23295.jpg,122116.jpg,Pierre_Brice,pierre_brice
22189,22189.jpg,028186.jpg,Pierre_Brice,pierre_brice
1480,1480.jpg,090246.jpg,Pierre_Brice,pierre_brice
12495,12495.jpg,126078.jpg,Pierre_Brice,pierre_brice
19426,19426.jpg,032710.jpg,Pierre_Brice,pierre_brice
12940,12940.jpg,065828.jpg,Piers_Morgan,piers_morgan
5214,5214.jpg,091177.jpg,Piers_Morgan,piers_morgan
1835,1835.jpg,045224.jpg,Piers_Morgan,piers_morgan
13749,13749.jpg,123441.jpg,Piers_Morgan,piers_morgan
17566,17566.jpg,042960.jpg,Piers_Morgan,piers_morgan
12382,12382.jpg,087008.jpg,Piers_Morgan,piers_morgan
26830,26830.jpg,160633.jpg,Piers_Morgan,piers_morgan
24413,24413.jpg,085712.jpg,Piper_Laurie,piper_laurie
15762,15762.jpg,082791.jpg,Piper_Laurie,piper_laurie
28433,28433.jpg,072682.jpg,Piper_Laurie,piper_laurie
9476,9476.jpg,144711.jpg,Pixie_Lott,pixie_lott
17045,17045.jpg,003665.jpg,Pixie_Lott,pixie_lott
3691,3691.jpg,124397.jpg,Pixie_Lott,pixie_lott
6172,6172.jpg,003545.jpg,Pixie_Lott,pixie_lott
6014,6014.jpg,139757.jpg,Pixie_Lott,pixie_lott
11320,11320.jpg,129333.jpg,Pixie_Lott,pixie_lott
18039,18039.jpg,095966.jpg,Pixie_Lott,pixie_lott
6494,6494.jpg,110244.jpg,Pixie_Lott,pixie_lott
11036,11036.jpg,017733.jpg,Pixie_Lott,pixie_lott
4427,4427.jpg,071826.jpg,Pixie_Lott,pixie_lott
6999,6999.jpg,072797.jpg,Pixie_Lott,pixie_lott
21188,21188.jpg,142473.jpg,Pixie_Lott,pixie_lott
974,974.jpg,054345.jpg,Pixie_Lott,pixie_lott
26749,26749.jpg,199885.jpg,Priscilla_Meirelles,priscilla_meirelles
12335,12335.jpg,138088.jpg,Q_Tip,q_tip
14805,14805.jpg,010491.jpg,Q_Tip,q_tip
29918,29918.jpg,061688.jpg,Rachael_Taylor,rachael_taylor
20411,20411.jpg,112881.jpg,Rachael_Taylor,rachael_taylor
27931,27931.jpg,161370.jpg,Rachael_Taylor,rachael_taylor
25981,25981.jpg,073314.jpg,Rachael_Taylor,rachael_taylor
22971,22971.jpg,069436.jpg,Rachel_Dratch,rachel_dratch
8240,8240.jpg,139129.jpg,Rachel_Dratch,rachel_dratch
23317,23317.jpg,098820.jpg,Rachel_McAdams,rachel_mcadams
29213,29213.jpg,046018.jpg,Rachel_Nichols,rachel_nichols
22918,22918.jpg,133503.jpg,Rachel_Nichols,rachel_nichols
23878,23878.jpg,053208.jpg,Rachel_Nichols,rachel_nichols
18893,18893.jpg,196313.jpg,Rachelle_Lefevre,rachelle_lefevre
2074,2074.jpg,186618.jpg,Rachelle_Lefevre,rachelle_lefevre
8414,8414.jpg,197287.jpg,Rachelle_Lefevre,rachelle_lefevre
5003,5003.jpg,183357.jpg,Rachelle_Lefevre,rachelle_lefevre
8324,8324.jpg,201045.jpg,Rachelle_Lefevre,rachelle_lefevre
1538,1538.jpg,189134.jpg,Rachelle_Lefevre,rachelle_lefevre
2964,2964.jpg,192286.jpg,Rachelle_Lefevre,rachelle_lefevre
11073,11073.jpg,197795.jpg,Rachelle_Lefevre,rachelle_lefevre
2457,2457.jpg,202098.jpg,Rachelle_Lefevre,rachelle_lefevre
9056,9056.jpg,197637.jpg,Rachelle_Lefevre,rachelle_lefevre
7801,7801.jpg,199973.jpg,Rachelle_Lefevre,rachelle_lefevre
6651,6651.jpg,190644.jpg,Rachelle_Lefevre,rachelle_lefevre
84,84.jpg,183527.jpg,Rachelle_Lefevre,rachelle_lefevre
11925,11925.jpg,189226.jpg,Rachelle_Lefevre,rachelle_lefevre
21929,21929.jpg,070086.jpg,Ranbir_Kapoor,ranbir_kapoor
28866,28866.jpg,058287.jpg,Randy_Quaid,randy_quaid
29896,29896.jpg,046009.jpg,Randy_Quaid,randy_quaid
23050,23050.jpg,146580.jpg,Randy_Quaid,randy_quaid
7346,7346.jpg,151749.jpg,Rani_Mukerji,rani_mukerji
3559,3559.jpg,043532.jpg,Rani_Mukerji,rani_mukerji
3580,3580.jpg,113081.jpg,Rani_Mukerji,rani_mukerji
24419,24419.jpg,053871.jpg,Rani_Mukerji,rani_mukerji
2558,2558.jpg,022809.jpg,Rani_Mukerji,rani_mukerji
24578,24578.jpg,078205.jpg,Rani_Mukerji,rani_mukerji
24862,24862.jpg,113010.jpg,Rani_Mukerji,rani_mukerji
23433,23433.jpg,016269.jpg,Ranveer_Singh,ranveer_singh
26474,26474.jpg,003464.jpg,Ranveer_Singh,ranveer_singh
26715,26715.jpg,067231.jpg,Ranveer_Singh,ranveer_singh
23615,23615.jpg,089855.jpg,Rashida_Jones,rashida_jones
25172,25172.jpg,132535.jpg,Rashida_Jones,rashida_jones
17122,17122.jpg,093576.jpg,Ray_Park,ray_park
12328,12328.jpg,089575.jpg,Ray_Park,ray_park
23122,23122.jpg,090013.jpg,Ray_Park,ray_park
19871,19871.jpg,050740.jpg,Rebecca_De_Mornay,rebecca_de_mornay
1192,1192.jpg,155005.jpg,Rebecca_De_Mornay,rebecca_de_mornay
2067,2067.jpg,160328.jpg,Rebecca_De_Mornay,rebecca_de_mornay
187,187.jpg,108400.jpg,Rebecca_De_Mornay,rebecca_de_mornay
28608,28608.jpg,021687.jpg,Rebecca_De_Mornay,rebecca_de_mornay
7005,7005.jpg,096773.jpg,Rebecca_De_Mornay,rebecca_de_mornay
16408,16408.jpg,147867.jpg,Rebecca_De_Mornay,rebecca_de_mornay
23501,23501.jpg,141988.jpg,Rebecca_Hall,rebecca_hall
20901,20901.jpg,008353.jpg,Rebecca_Hall,rebecca_hall
28862,28862.jpg,003340.jpg,Regina_King,regina_king
15774,15774.jpg,044476.jpg,Regina_King,regina_king
25790,25790.jpg,062681.jpg,Regina_King,regina_king
20736,20736.jpg,183266.jpg,Regina_Spektor,regina_spektor
11679,11679.jpg,187678.jpg,Regina_Spektor,regina_spektor
1824,1824.jpg,197172.jpg,Regina_Spektor,regina_spektor
27489,27489.jpg,196215.jpg,Regina_Spektor,regina_spektor
18857,18857.jpg,202515.jpg,Regina_Spektor,regina_spektor
8296,8296.jpg,183688.jpg,Regina_Spektor,regina_spektor
22983,22983.jpg,196962.jpg,Regina_Spektor,regina_spektor
29348,29348.jpg,194315.jpg,Reichen_Lehmkuhl,reichen_lehmkuhl
10605,10605.jpg,197497.jpg,Reichen_Lehmkuhl,reichen_lehmkuhl
14953,14953.jpg,200603.jpg,Reichen_Lehmkuhl,reichen_lehmkuhl
11293,11293.jpg,198854.jpg,Reichen_Lehmkuhl,reichen_lehmkuhl
15967,15967.jpg,184503.jpg,Reichen_Lehmkuhl,reichen_lehmkuhl
29660,29660.jpg,183191.jpg,Reichen_Lehmkuhl,reichen_lehmkuhl
2877,2877.jpg,192064.jpg,Reichen_Lehmkuhl,reichen_lehmkuhl
27216,27216.jpg,194190.jpg,Reichen_Lehmkuhl,reichen_lehmkuhl
20775,20775.jpg,048209.jpg,Rhona_Mitra,rhona_mitra
11126,11126.jpg,102691.jpg,Rhona_Mitra,rhona_mitra
21058,21058.jpg,046233.jpg,Rhona_Mitra,rhona_mitra
25654,25654.jpg,049689.jpg,Rhona_Mitra,rhona_mitra
27270,27270.jpg,148699.jpg,Rhona_Mitra,rhona_mitra
28296,28296.jpg,069380.jpg,Rhona_Mitra,rhona_mitra
23397,23397.jpg,097776.jpg,Rhona_Mitra,rhona_mitra
10766,10766.jpg,004146.jpg,Richard_Attenborough,richard_attenborough
11633,11633.jpg,022009.jpg,Richard_Attenborough,richard_attenborough
8994,8994.jpg,002782.jpg,Richard_Attenborough,richard_attenborough
29763,29763.jpg,094874.jpg,Richard_Attenborough,richard_attenborough
18992,18992.jpg,099016.jpg,Richard_Attenborough,richard_attenborough
14083,14083.jpg,162350.jpg,Richard_Kline,richard_kline
3970,3970.jpg,116383.jpg,Rick_Astley,rick_astley
14596,14596.jpg,036213.jpg,Rick_Astley,rick_astley
11626,11626.jpg,150748.jpg,Rick_Astley,rick_astley
4312,4312.jpg,126391.jpg,Rick_Astley,rick_astley
13400,13400.jpg,085689.jpg,Rick_Astley,rick_astley
5736,5736.jpg,125199.jpg,Rick_Astley,rick_astley
5637,5637.jpg,019009.jpg,Rick_Astley,rick_astley
14175,14175.jpg,041534.jpg,Rick_Yune,rick_yune
22907,22907.jpg,050389.jpg,Rick_Yune,rick_yune
27276,27276.jpg,085684.jpg,Rick_Yune,rick_yune
26592,26592.jpg,092183.jpg,Rick_Yune,rick_yune
18170,18170.jpg,144428.jpg,Rick_Yune,rick_yune
24575,24575.jpg,057133.jpg,Rick_Yune,rick_yune
16930,16930.jpg,062762.jpg,Rick_Yune,rick_yune
14415,14415.jpg,127486.jpg,Rick_Yune,rick_yune
17904,17904.jpg,128241.jpg,Rickey_Henderson,rickey_henderson
8393,8393.jpg,056623.jpg,Rickey_Henderson,rickey_henderson
3659,3659.jpg,159477.jpg,Rickey_Henderson,rickey_henderson
11305,11305.jpg,021229.jpg,Rickey_Henderson,rickey_henderson
13212,13212.jpg,068073.jpg,Rickey_Henderson,rickey_henderson
8925,8925.jpg,030885.jpg,Ricki_Lake,ricki_lake
16344,16344.jpg,078714.jpg,Ricki_Lake,ricki_lake
891,891.jpg,157529.jpg,Ricki_Lake,ricki_lake
521,521.jpg,045902.jpg,Ricki_Lake,ricki_lake
22214,22214.jpg,130134.jpg,Ricki_Lake,ricki_lake
4859,4859.jpg,137526.jpg,Ricki_Lake,ricki_lake
15155,15155.jpg,151375.jpg,Ricki_Lake,ricki_lake
27999,27999.jpg,059909.jpg,Ricki_Lake,ricki_lake
19504,19504.jpg,081619.jpg,Ricky_Gervais,ricky_gervais
23227,23227.jpg,097283.jpg,Rico_Rodriguez,rico_rodriguez
21771,21771.jpg,145525.jpg,Rikki_Rockett,rikki_rockett
13607,13607.jpg,032335.jpg,Rikki_Rockett,rikki_rockett
14050,14050.jpg,105141.jpg,Rikki_Rockett,rikki_rockett
18710,18710.jpg,056100.jpg,Rita_Ora,rita_ora
133,133.jpg,194431.jpg,River_Phoenix,river_phoenix
4767,4767.jpg,195267.jpg,River_Phoenix,river_phoenix
9649,9649.jpg,200751.jpg,River_Phoenix,river_phoenix
29549,29549.jpg,188642.jpg,River_Phoenix,river_phoenix
23870,23870.jpg,195160.jpg,River_Phoenix,river_phoenix
24429,24429.jpg,186990.jpg,River_Phoenix,river_phoenix
6244,6244.jpg,195084.jpg,River_Phoenix,river_phoenix
17470,17470.jpg,193872.jpg,River_Phoenix,river_phoenix
12154,12154.jpg,011340.jpg,Rob_Reiner,rob_reiner
5695,5695.jpg,104108.jpg,Rob_Reiner,rob_reiner
24683,24683.jpg,080949.jpg,Rob_Reiner,rob_reiner
20492,20492.jpg,086323.jpg,Rob_Reiner,rob_reiner
5526,5526.jpg,033506.jpg,Rob_Reiner,rob_reiner
26383,26383.jpg,084461.jpg,Rob_Reiner,rob_reiner
24166,24166.jpg,098885.jpg,Rob_Reiner,rob_reiner
11437,11437.jpg,091281.jpg,Rob_Reiner,rob_reiner
13995,13995.jpg,139968.jpg,Rob_Reiner,rob_reiner
17260,17260.jpg,006219.jpg,Rob_Reiner,rob_reiner
10036,10036.jpg,182927.jpg,Rob_Riggle,rob_riggle
19527,19527.jpg,136545.jpg,Robert_Carlyle,robert_carlyle
24627,24627.jpg,077921.jpg,Robert_Carlyle,robert_carlyle
29461,29461.jpg,035429.jpg,Robert_Carlyle,robert_carlyle
14707,14707.jpg,073074.jpg,Robert_Carlyle,robert_carlyle
10057,10057.jpg,093375.jpg,Robert_Carlyle,robert_carlyle
26963,26963.jpg,001463.jpg,Robert_Carradine,robert_carradine
17066,17066.jpg,160651.jpg,Robert_Carradine,robert_carradine
23204,23204.jpg,081695.jpg,Robert_Carradine,robert_carradine
11220,11220.jpg,082348.jpg,Robert_Carradine,robert_carradine
24264,24264.jpg,068641.jpg,Robert_Forster,robert_forster
12114,12114.jpg,038071.jpg,Robert_Forster,robert_forster
13499,13499.jpg,018893.jpg,Robert_Forster,robert_forster
24928,24928.jpg,129056.jpg,Robert_Forster,robert_forster
28986,28986.jpg,031147.jpg,Robert_Forster,robert_forster
25938,25938.jpg,079819.jpg,Robert_Knepper,robert_knepper
6353,6353.jpg,033652.jpg,Robert_Lewandowski,robert_lewandowski
14828,14828.jpg,104873.jpg,Robert_Lewandowski,robert_lewandowski
1603,1603.jpg,159460.jpg,Robert_Lewandowski,robert_lewandowski
10754,10754.jpg,104310.jpg,Robert_Lewandowski,robert_lewandowski
29169,29169.jpg,110605.jpg,Robert_Lewandowski,robert_lewandowski
18366,18366.jpg,003885.jpg,Robert_Pattinson,robert_pattinson
23027,23027.jpg,064906.jpg,Robert_Plant,robert_plant
25784,25784.jpg,071958.jpg,Robert_Plant,robert_plant
22860,22860.jpg,024337.jpg,Robert_Vaughn,robert_vaughn
29962,29962.jpg,079915.jpg,Robert_Vaughn,robert_vaughn
16506,16506.jpg,196665.jpg,Robin_van_Persie,robin_van_persie
12962,12962.jpg,024980.jpg,Rock_Hudson,rock_hudson
6838,6838.jpg,088917.jpg,Rock_Hudson,rock_hudson
3696,3696.jpg,068835.jpg,Roger_Corman,roger_corman
7585,7585.jpg,112604.jpg,Roger_Corman,roger_corman
10467,10467.jpg,129389.jpg,Roger_Waters,roger_waters
27453,27453.jpg,086599.jpg,Roger_Waters,roger_waters
21544,21544.jpg,133454.jpg,Roger_Waters,roger_waters
22277,22277.jpg,062882.jpg,Rosamund_Pike,rosamund_pike
22046,22046.jpg,002408.jpg,Roselyn_Sanchez,roselyn_sanchez
27923,27923.jpg,126671.jpg,Roselyn_Sanchez,roselyn_sanchez
27632,27632.jpg,116041.jpg,Roselyn_Sanchez,roselyn_sanchez
13397,13397.jpg,076295.jpg,Rowan_Atkinson,rowan_atkinson
27124,27124.jpg,053786.jpg,Rowan_Atkinson,rowan_atkinson
21311,21311.jpg,023362.jpg,Rowan_Atkinson,rowan_atkinson
29941,29941.jpg,200410.jpg,Rupert_Sanders,rupert_sanders
21692,21692.jpg,201868.jpg,Rupert_Sanders,rupert_sanders
25628,25628.jpg,197119.jpg,Rupert_Sanders,rupert_sanders
29665,29665.jpg,088642.jpg,Russell_Brand,russell_brand
27803,27803.jpg,067258.jpg,Russell_Brand,russell_brand
17185,17185.jpg,033668.jpg,Russell_Brand,russell_brand
29230,29230.jpg,099216.jpg,Ruta_Lee,ruta_lee
23584,23584.jpg,143312.jpg,Ruta_Lee,ruta_lee
24422,24422.jpg,064725.jpg,Ruta_Lee,ruta_lee
17555,17555.jpg,151741.jpg,Rutger_Hauer,rutger_hauer
16573,16573.jpg,038730.jpg,Rutger_Hauer,rutger_hauer
27460,27460.jpg,069367.jpg,Ryan_Eggold,ryan_eggold
21572,21572.jpg,092354.jpg,Ryan_Eggold,ryan_eggold
19974,19974.jpg,023481.jpg,Ryan_Eggold,ryan_eggold
24188,24188.jpg,156777.jpg,Ryan_Eggold,ryan_eggold
10019,10019.jpg,059982.jpg,Ryan_Eggold,ryan_eggold
21456,21456.jpg,085291.jpg,Ryan_Eggold,ryan_eggold
14504,14504.jpg,117667.jpg,Ryan_Eggold,ryan_eggold
19049,19049.jpg,071094.jpg,Ryan_Eggold,ryan_eggold
17567,17567.jpg,061349.jpg,Ryan_Eggold,ryan_eggold
14726,14726.jpg,081386.jpg,Ryan_Eggold,ryan_eggold
17448,17448.jpg,139076.jpg,Ryan_Eggold,ryan_eggold
28322,28322.jpg,022436.jpg,Ryan_Giggs,ryan_giggs
13273,13273.jpg,009994.jpg,Ryan_Giggs,ryan_giggs
21630,21630.jpg,082626.jpg,Ryan_Giggs,ryan_giggs
22431,22431.jpg,038195.jpg,Ryan_Giggs,ryan_giggs
20537,20537.jpg,012721.jpg,Ryan_Gosling,ryan_gosling
18667,18667.jpg,155102.jpg,Ryan_Gosling,ryan_gosling
7917,7917.jpg,088984.jpg,Saadet_Aksoy,saadet_aksoy
19211,19211.jpg,000922.jpg,Saadet_Aksoy,saadet_aksoy
26867,26867.jpg,021542.jpg,Saadet_Aksoy,saadet_aksoy
19476,19476.jpg,121660.jpg,Saadet_Aksoy,saadet_aksoy
22694,22694.jpg,058837.jpg,Saadet_Aksoy,saadet_aksoy
6811,6811.jpg,140825.jpg,Saadet_Aksoy,saadet_aksoy
18608,18608.jpg,076856.jpg,Saadet_Aksoy,saadet_aksoy
16216,16216.jpg,119177.jpg,Sabrina_Salerno,sabrina_salerno
8292,8292.jpg,101456.jpg,Sabrina_Salerno,sabrina_salerno
3985,3985.jpg,125396.jpg,Sabrina_Salerno,sabrina_salerno
28871,28871.jpg,066182.jpg,Sacha_Baron_Cohen,sacha_baron_cohen
12472,12472.jpg,044119.jpg,Sacha_Baron_Cohen,sacha_baron_cohen
27454,27454.jpg,022920.jpg,Sacha_Baron_Cohen,sacha_baron_cohen
28204,28204.jpg,122827.jpg,Sacha_Baron_Cohen,sacha_baron_cohen
19252,19252.jpg,023699.jpg,Saif_Ali_Khan,saif_ali_khan
17294,17294.jpg,085193.jpg,Saif_Ali_Khan,saif_ali_khan
10770,10770.jpg,093236.jpg,Saif_Ali_Khan,saif_ali_khan
7621,7621.jpg,001848.jpg,Sakis_Rouvas,sakis_rouvas
1147,1147.jpg,034301.jpg,Sakis_Rouvas,sakis_rouvas
3811,3811.jpg,139650.jpg,Sakis_Rouvas,sakis_rouvas
15998,15998.jpg,092841.jpg,Sakis_Rouvas,sakis_rouvas
20093,20093.jpg,128173.jpg,Sakis_Rouvas,sakis_rouvas
11084,11084.jpg,110256.jpg,Sakis_Rouvas,sakis_rouvas
7175,7175.jpg,118161.jpg,Sakis_Rouvas,sakis_rouvas
8366,8366.jpg,015773.jpg,Sakis_Rouvas,sakis_rouvas
4609,4609.jpg,048455.jpg,Sakis_Rouvas,sakis_rouvas
4501,4501.jpg,022596.jpg,Sakis_Rouvas,sakis_rouvas
13869,13869.jpg,142596.jpg,Sakis_Rouvas,sakis_rouvas
27491,27491.jpg,048460.jpg,Sakis_Rouvas,sakis_rouvas
14250,14250.jpg,018573.jpg,Sakis_Rouvas,sakis_rouvas
19119,19119.jpg,038545.jpg,Sam_Claflin,sam_claflin
16133,16133.jpg,001337.jpg,Sam_Claflin,sam_claflin
28757,28757.jpg,047330.jpg,Sam_Claflin,sam_claflin
17207,17207.jpg,114544.jpg,Sam_Claflin,sam_claflin
9853,9853.jpg,074634.jpg,Sam_Milby,sam_milby
12296,12296.jpg,064871.jpg,Sam_Milby,sam_milby
20021,20021.jpg,102058.jpg,Sam_Milby,sam_milby
4194,4194.jpg,141629.jpg,Sam_Milby,sam_milby
16385,16385.jpg,090473.jpg,Samaire_Armstrong,samaire_armstrong
19953,19953.jpg,041961.jpg,Samaire_Armstrong,samaire_armstrong
29478,29478.jpg,157938.jpg,Samaire_Armstrong,samaire_armstrong
23668,23668.jpg,087563.jpg,Samaire_Armstrong,samaire_armstrong
21789,21789.jpg,083801.jpg,Samaire_Armstrong,samaire_armstrong
24727,24727.jpg,096151.jpg,Samaire_Armstrong,samaire_armstrong
17775,17775.jpg,027081.jpg,Samaire_Armstrong,samaire_armstrong
25346,25346.jpg,084221.jpg,Samaire_Armstrong,samaire_armstrong
25225,25225.jpg,025902.jpg,Samantha_Barks,samantha_barks
25230,25230.jpg,059073.jpg,Samantha_Barks,samantha_barks
9171,9171.jpg,156224.jpg,Samantha_Barks,samantha_barks
23093,23093.jpg,117896.jpg,Samantha_Barks,samantha_barks
5000,5000.jpg,065882.jpg,Samantha_Barks,samantha_barks
9997,9997.jpg,079045.jpg,Samantha_Barks,samantha_barks
5915,5915.jpg,114746.jpg,Samantha_Barks,samantha_barks
4205,4205.jpg,004563.jpg,Samantha_Barks,samantha_barks
18774,18774.jpg,060212.jpg,Samantha_Fox,samantha_fox
12048,12048.jpg,120771.jpg,Samantha_Fox,samantha_fox
29878,29878.jpg,057405.jpg,Samantha_Fox,samantha_fox
23880,23880.jpg,123750.jpg,Samantha_Fox,samantha_fox
24365,24365.jpg,019635.jpg,Samantha_Fox,samantha_fox
22930,22930.jpg,090733.jpg,Samantha_Harris,samantha_harris
25822,25822.jpg,037093.jpg,Samantha_Harris,samantha_harris
20531,20531.jpg,124636.jpg,Samantha_Harris,samantha_harris
25513,25513.jpg,021627.jpg,Samantha_Harris,samantha_harris
18900,18900.jpg,201533.jpg,Samantha_Mumba,samantha_mumba
29034,29034.jpg,083217.jpg,Sammy_Hagar,sammy_hagar
26946,26946.jpg,120119.jpg,Sammy_Hagar,sammy_hagar
24359,24359.jpg,191567.jpg,Samuel_L_Jackson,samuel_l_jackson
16936,16936.jpg,197504.jpg,Samuel_L_Jackson,samuel_l_jackson
19523,19523.jpg,187638.jpg,Samuel_L_Jackson,samuel_l_jackson
11661,11661.jpg,189503.jpg,Samuel_L_Jackson,samuel_l_jackson
20055,20055.jpg,188677.jpg,Samuel_L_Jackson,samuel_l_jackson
19017,19017.jpg,182704.jpg,Samuel_L_Jackson,samuel_l_jackson
27529,27529.jpg,192800.jpg,Samuel_L_Jackson,samuel_l_jackson
28418,28418.jpg,184435.jpg,Samuel_L_Jackson,samuel_l_jackson
17905,17905.jpg,065885.jpg,Sanya_Richards_Ross,sanya_richards_ross
29830,29830.jpg,152150.jpg,Sanya_Richards_Ross,sanya_richards_ross
29762,29762.jpg,035671.jpg,Sara_Jean_Underwood,sara_jean_underwood
25200,25200.jpg,063258.jpg,Sara_Jean_Underwood,sara_jean_underwood
26298,26298.jpg,011275.jpg,Sara_Jean_Underwood,sara_jean_underwood
25554,25554.jpg,009862.jpg,Sara_Jean_Underwood,sara_jean_underwood
1501,1501.jpg,185145.jpg,Sara_Ramirez,sara_ramirez
3177,3177.jpg,196408.jpg,Sara_Ramirez,sara_ramirez
2719,2719.jpg,200036.jpg,Sara_Ramirez,sara_ramirez
6717,6717.jpg,183464.jpg,Sara_Ramirez,sara_ramirez
3037,3037.jpg,191780.jpg,Sara_Ramirez,sara_ramirez
20227,20227.jpg,183106.jpg,Sara_Ramirez,sara_ramirez
4306,4306.jpg,189578.jpg,Sara_Ramirez,sara_ramirez
19842,19842.jpg,200056.jpg,Sara_Ramirez,sara_ramirez
22021,22021.jpg,194271.jpg,Sara_Ramirez,sara_ramirez
8486,8486.jpg,197086.jpg,Sara_Ramirez,sara_ramirez
8099,8099.jpg,183451.jpg,Sara_Ramirez,sara_ramirez
11613,11613.jpg,198727.jpg,Sara_Ramirez,sara_ramirez
8487,8487.jpg,191000.jpg,Sara_Ramirez,sara_ramirez
13878,13878.jpg,182838.jpg,Sara_Ramirez,sara_ramirez
26216,26216.jpg,194864.jpg,Sara_Ramirez,sara_ramirez
24310,24310.jpg,192035.jpg,Sara_Ramirez,sara_ramirez
25395,25395.jpg,195279.jpg,Sara_Ramirez,sara_ramirez
19095,19095.jpg,192982.jpg,Sara_Ramirez,sara_ramirez
17249,17249.jpg,087219.jpg,Sarah_Chalke,sarah_chalke
21659,21659.jpg,039122.jpg,Sarah_McLachlan,sarah_mclachlan
20139,20139.jpg,000489.jpg,Sarah_McLachlan,sarah_mclachlan
28042,28042.jpg,031426.jpg,Sarah_Slean,sarah_slean
12407,12407.jpg,097727.jpg,Sarah_Slean,sarah_slean
19889,19889.jpg,151624.jpg,Sarah_Slean,sarah_slean
28800,28800.jpg,106322.jpg,Scarlett_Johansson,scarlett_johansson
26720,26720.jpg,022812.jpg,Scarlett_Johansson,scarlett_johansson
19947,19947.jpg,057389.jpg,Scott_Brown,scott_brown
16313,16313.jpg,129690.jpg,Scott_Brown,scott_brown
25145,25145.jpg,092889.jpg,Scott_Caan,scott_caan
29307,29307.jpg,007497.jpg,Scott_Speedman,scott_speedman
26488,26488.jpg,024161.jpg,Scott_Speedman,scott_speedman
17313,17313.jpg,090072.jpg,Sean_Bean,sean_bean
29506,29506.jpg,070082.jpg,Sean_Bean,sean_bean
22094,22094.jpg,128316.jpg,Sean_Connery,sean_connery
12226,12226.jpg,023493.jpg,Sean_Connery,sean_connery
19883,19883.jpg,016922.jpg,Sean_Connery,sean_connery
20091,20091.jpg,137903.jpg,Sean_Connery,sean_connery
19330,19330.jpg,137089.jpg,Sean_Connery,sean_connery
17981,17981.jpg,070574.jpg,Sean_Connery,sean_connery
8402,8402.jpg,109952.jpg,Sean_Young,sean_young
23340,23340.jpg,074011.jpg,Sean_Young,sean_young
1494,1494.jpg,088105.jpg,Sean_Young,sean_young
18895,18895.jpg,108521.jpg,Sean_Young,sean_young
8537,8537.jpg,012902.jpg,Sean_Young,sean_young
26157,26157.jpg,072537.jpg,Sean_Young,sean_young
3805,3805.jpg,004839.jpg,Sean_Young,sean_young
4714,4714.jpg,122172.jpg,Sean_Young,sean_young
5912,5912.jpg,116056.jpg,Sean_Young,sean_young
7174,7174.jpg,145233.jpg,Sean_Young,sean_young
28670,28670.jpg,054404.jpg,Sean_Young,sean_young
5955,5955.jpg,198716.jpg,Sebastian_Rulli,sebastian_rulli
7991,7991.jpg,194104.jpg,Sebastian_Rulli,sebastian_rulli
13862,13862.jpg,200554.jpg,Sebastian_Rulli,sebastian_rulli
12112,12112.jpg,200692.jpg,Sebastian_Rulli,sebastian_rulli
28832,28832.jpg,038397.jpg,Selita_Ebanks,selita_ebanks
28599,28599.jpg,105384.jpg,Selita_Ebanks,selita_ebanks
20334,20334.jpg,026188.jpg,Selita_Ebanks,selita_ebanks
24514,24514.jpg,089890.jpg,Selita_Ebanks,selita_ebanks
19271,19271.jpg,085509.jpg,Selita_Ebanks,selita_ebanks
26541,26541.jpg,017249.jpg,Selita_Ebanks,selita_ebanks
24530,24530.jpg,081010.jpg,Selma_Ergec,selma_ergec
20252,20252.jpg,109680.jpg,Selma_Ergec,selma_ergec
26533,26533.jpg,088236.jpg,Selma_Ergec,selma_ergec
26167,26167.jpg,009206.jpg,Sergey_Brin,sergey_brin
21697,21697.jpg,126212.jpg,Sergey_Brin,sergey_brin
27358,27358.jpg,138778.jpg,Sergio_Perez,sergio_perez
20803,20803.jpg,072176.jpg,Seth_Rogen,seth_rogen
11413,11413.jpg,147319.jpg,Shahid_Afridi,shahid_afridi
25797,25797.jpg,019712.jpg,Shahid_Afridi,shahid_afridi
28748,28748.jpg,032620.jpg,Shahid_Afridi,shahid_afridi
27484,27484.jpg,143749.jpg,Shahid_Afridi,shahid_afridi
27818,27818.jpg,033912.jpg,Shahid_Afridi,shahid_afridi
7393,7393.jpg,130054.jpg,Shahid_Afridi,shahid_afridi
27792,27792.jpg,147568.jpg,Shahid_Kapoor,shahid_kapoor
4759,4759.jpg,118889.jpg,Shahid_Kapoor,shahid_kapoor
23896,23896.jpg,019605.jpg,Shahid_Kapoor,shahid_kapoor
27127,27127.jpg,081594.jpg,Shahid_Kapoor,shahid_kapoor
12881,12881.jpg,062143.jpg,Shahid_Kapoor,shahid_kapoor
12588,12588.jpg,003546.jpg,Shahid_Kapoor,shahid_kapoor
12519,12519.jpg,082770.jpg,Shahid_Kapoor,shahid_kapoor
7804,7804.jpg,049570.jpg,Shahid_Kapoor,shahid_kapoor
26571,26571.jpg,110208.jpg,Shahid_Kapoor,shahid_kapoor
8696,8696.jpg,062413.jpg,Shahid_Kapoor,shahid_kapoor
7864,7864.jpg,030147.jpg,Shahid_Kapoor,shahid_kapoor
25825,25825.jpg,131417.jpg,Shahid_Kapoor,shahid_kapoor
20207,20207.jpg,099854.jpg,Shailene_Woodley,shailene_woodley
21243,21243.jpg,035420.jpg,Shailene_Woodley,shailene_woodley
25415,25415.jpg,094943.jpg,Shailene_Woodley,shailene_woodley
8041,8041.jpg,034602.jpg,Shannon_Leto,shannon_leto
3523,3523.jpg,003551.jpg,Shannon_Leto,shannon_leto
11173,11173.jpg,023672.jpg,Shannon_Leto,shannon_leto
9249,9249.jpg,006972.jpg,Shannon_Leto,shannon_leto
24095,24095.jpg,017106.jpg,Shannon_Leto,shannon_leto
24385,24385.jpg,197788.jpg,Shannon_Tweed,shannon_tweed
15401,15401.jpg,193445.jpg,Shannon_Tweed,shannon_tweed
12216,12216.jpg,201954.jpg,Shannon_Tweed,shannon_tweed
563,563.jpg,190322.jpg,Shannon_Tweed,shannon_tweed
15862,15862.jpg,201348.jpg,Shannon_Tweed,shannon_tweed
8831,8831.jpg,183120.jpg,Shannon_Tweed,shannon_tweed
26052,26052.jpg,053731.jpg,Sharon_Leal,sharon_leal
29847,29847.jpg,116806.jpg,Sharon_Leal,sharon_leal
15374,15374.jpg,124525.jpg,Shawn_Johnson,shawn_johnson
27314,27314.jpg,044740.jpg,Shawn_Johnson,shawn_johnson
14246,14246.jpg,133030.jpg,Shawn_Johnson,shawn_johnson
16087,16087.jpg,043776.jpg,Shawn_Johnson,shawn_johnson
28624,28624.jpg,040833.jpg,Shawn_Johnson,shawn_johnson
6818,6818.jpg,058971.jpg,Shawn_Johnson,shawn_johnson
20370,20370.jpg,005785.jpg,Shawn_Johnson,shawn_johnson
8210,8210.jpg,087724.jpg,Shawn_Johnson,shawn_johnson
6383,6383.jpg,124655.jpg,Shawn_Johnson,shawn_johnson
15721,15721.jpg,035912.jpg,Shawn_Michaels,shawn_michaels
22070,22070.jpg,049636.jpg,Sheamus,sheamus
11155,11155.jpg,074998.jpg,Sheamus,sheamus
27584,27584.jpg,116707.jpg,Sheila_Sim,sheila_sim
22923,22923.jpg,106937.jpg,Shelley_Fabares,shelley_fabares
13594,13594.jpg,194926.jpg,Shelly_Martinez,shelly_martinez
7329,7329.jpg,183839.jpg,Shelly_Martinez,shelly_martinez
9143,9143.jpg,196179.jpg,Sheryl_Lee,sheryl_lee
2808,2808.jpg,201239.jpg,Sheryl_Lee,sheryl_lee
29630,29630.jpg,196561.jpg,Sheryl_Lee,sheryl_lee
28276,28276.jpg,192808.jpg,Sheryl_Lee,sheryl_lee
29717,29717.jpg,189735.jpg,Sheryl_Lee,sheryl_lee
12494,12494.jpg,195258.jpg,Sheryl_Lee,sheryl_lee
16200,16200.jpg,143282.jpg,Shilpa_Shetty,shilpa_shetty
5445,5445.jpg,086844.jpg,Shilpa_Shetty,shilpa_shetty
18380,18380.jpg,033274.jpg,Shilpa_Shetty,shilpa_shetty
1491,1491.jpg,161502.jpg,Shilpa_Shetty,shilpa_shetty
5207,5207.jpg,109696.jpg,Shilpa_Shetty,shilpa_shetty
23222,23222.jpg,020061.jpg,Shilpa_Shetty,shilpa_shetty
9822,9822.jpg,097617.jpg,Shilpa_Shetty,shilpa_shetty
22179,22179.jpg,045475.jpg,Shiri_Appleby,shiri_appleby
13894,13894.jpg,043263.jpg,Shirley_Manson,shirley_manson
17103,17103.jpg,111486.jpg,Shirley_Manson,shirley_manson
29551,29551.jpg,066289.jpg,Shirley_Manson,shirley_manson
27266,27266.jpg,043333.jpg,Shirley_Manson,shirley_manson
8391,8391.jpg,101822.jpg,Shirley_Manson,shirley_manson
25003,25003.jpg,036619.jpg,Shirley_Manson,shirley_manson
1515,1515.jpg,150805.jpg,Shirley_Manson,shirley_manson
13452,13452.jpg,021960.jpg,Shirley_Manson,shirley_manson
24328,24328.jpg,048294.jpg,Shontelle,shontelle
15668,15668.jpg,147313.jpg,Shontelle,shontelle
20496,20496.jpg,099180.jpg,Shontelle,shontelle
15094,15094.jpg,024320.jpg,Sia_Furler,sia_furler
10948,10948.jpg,115156.jpg,Sia_Furler,sia_furler
11605,11605.jpg,125080.jpg,Sia_Furler,sia_furler
1788,1788.jpg,123067.jpg,Sia_Furler,sia_furler
24523,24523.jpg,088491.jpg,Sia_Furler,sia_furler
19227,19227.jpg,007465.jpg,Sienna_Miller,sienna_miller
27180,27180.jpg,077232.jpg,Sienna_Miller,sienna_miller
13472,13472.jpg,060902.jpg,Sienna_Miller,sienna_miller
26353,26353.jpg,060725.jpg,Sienna_Miller,sienna_miller
14569,14569.jpg,059024.jpg,Sienna_Miller,sienna_miller
13218,13218.jpg,054533.jpg,Sienna_Miller,sienna_miller
12830,12830.jpg,063513.jpg,Simon_Helberg,simon_helberg
24766,24766.jpg,047276.jpg,Simon_Helberg,simon_helberg
24988,24988.jpg,089167.jpg,Simon_Helberg,simon_helberg
29130,29130.jpg,080637.jpg,Simon_Helberg,simon_helberg
9624,9624.jpg,064213.jpg,Simon_Helberg,simon_helberg
27543,27543.jpg,128744.jpg,Simon_Helberg,simon_helberg
11264,11264.jpg,098156.jpg,Simon_Helberg,simon_helberg
19739,19739.jpg,074141.jpg,Simon_Helberg,simon_helberg
19975,19975.jpg,146086.jpg,Simon_Helberg,simon_helberg
7897,7897.jpg,144001.jpg,Simon_Helberg,simon_helberg
7943,7943.jpg,161493.jpg,Simon_Helberg,simon_helberg
17188,17188.jpg,107864.jpg,Simon_Helberg,simon_helberg
8023,8023.jpg,076389.jpg,Simon_Helberg,simon_helberg
22304,22304.jpg,186170.jpg,Simon_Pegg,simon_pegg
14025,14025.jpg,191407.jpg,Simon_Webbe,simon_webbe
20530,20530.jpg,185782.jpg,Simon_Webbe,simon_webbe
21143,21143.jpg,199878.jpg,Simon_Webbe,simon_webbe
15060,15060.jpg,200208.jpg,Simon_Webbe,simon_webbe
26748,26748.jpg,201860.jpg,Simon_Webbe,simon_webbe
15637,15637.jpg,184839.jpg,Simon_Webbe,simon_webbe
6103,6103.jpg,150126.jpg,Simona_De_Silvestro,simona_de_silvestro
528,528.jpg,110782.jpg,Simona_De_Silvestro,simona_de_silvestro
9662,9662.jpg,014748.jpg,Simona_De_Silvestro,simona_de_silvestro
24092,24092.jpg,040487.jpg,Simona_De_Silvestro,simona_de_silvestro
11556,11556.jpg,108646.jpg,Simona_De_Silvestro,simona_de_silvestro
5141,5141.jpg,136454.jpg,Simona_De_Silvestro,simona_de_silvestro
19859,19859.jpg,065425.jpg,Skeet_Ulrich,skeet_ulrich
18668,18668.jpg,146399.jpg,Snooki,snooki
23337,23337.jpg,095237.jpg,Snooki,snooki
27954,27954.jpg,066189.jpg,Snooki,snooki
27805,27805.jpg,067413.jpg,Snooki,snooki
12658,12658.jpg,151708.jpg,Snooki,snooki
17947,17947.jpg,160506.jpg,Soleil_Moon_Frye,soleil_moon_frye
26443,26443.jpg,076042.jpg,Star_Jones,star_jones
22058,22058.jpg,139962.jpg,Star_Jones,star_jones
13906,13906.jpg,112314.jpg,Star_Jones,star_jones
21761,21761.jpg,137544.jpg,Star_Jones,star_jones
15838,15838.jpg,149140.jpg,Steffen_Deibler,steffen_deibler
28972,28972.jpg,194209.jpg,Stephanie_McMahon,stephanie_mcmahon
16605,16605.jpg,036853.jpg,Stephanie_Pratt,stephanie_pratt
3711,3711.jpg,101445.jpg,Stephanie_Pratt,stephanie_pratt
29151,29151.jpg,026949.jpg,Stephanie_Pratt,stephanie_pratt
13396,13396.jpg,061818.jpg,Stephanie_Pratt,stephanie_pratt
24987,24987.jpg,090439.jpg,Stephanie_Pratt,stephanie_pratt
601,601.jpg,024870.jpg,Stephanie_Pratt,stephanie_pratt
18676,18676.jpg,076414.jpg,Stephanie_Pratt,stephanie_pratt
12983,12983.jpg,145335.jpg,Stephanie_Pratt,stephanie_pratt
13668,13668.jpg,139771.jpg,Stephanie_Pratt,stephanie_pratt
21019,21019.jpg,070395.jpg,Stephanie_Pratt,stephanie_pratt
1973,1973.jpg,089074.jpg,Stephanie_Pratt,stephanie_pratt
3279,3279.jpg,044605.jpg,Stephanie_Pratt,stephanie_pratt
25471,25471.jpg,123602.jpg,Stephanie_Pratt,stephanie_pratt
3566,3566.jpg,000809.jpg,Stephanie_Pratt,stephanie_pratt
21670,21670.jpg,120777.jpg,Stephen_Baldwin,stephen_baldwin
28201,28201.jpg,150691.jpg,Stephen_Baldwin,stephen_baldwin
5962,5962.jpg,088252.jpg,Stephen_Boyd,stephen_boyd
8034,8034.jpg,063273.jpg,Stephen_Boyd,stephen_boyd
740,740.jpg,052070.jpg,Stephen_Colbert,stephen_colbert
2801,2801.jpg,162662.jpg,Stephen_Colbert,stephen_colbert
1220,1220.jpg,045444.jpg,Stephen_Colbert,stephen_colbert
13339,13339.jpg,015915.jpg,Stephen_Colbert,stephen_colbert
2000,2000.jpg,006592.jpg,Stephen_Colbert,stephen_colbert
2301,2301.jpg,012810.jpg,Stephen_Colbert,stephen_colbert
22808,22808.jpg,095720.jpg,Stephen_Colbert,stephen_colbert
9505,9505.jpg,087912.jpg,Stephen_Colletti,stephen_colletti
10592,10592.jpg,025883.jpg,Stephen_Colletti,stephen_colletti
5861,5861.jpg,077311.jpg,Stephen_Colletti,stephen_colletti
28664,28664.jpg,015336.jpg,Stephen_Colletti,stephen_colletti
8422,8422.jpg,132558.jpg,Stephen_Collins,stephen_collins
5900,5900.jpg,037336.jpg,Stephen_Collins,stephen_collins
5514,5514.jpg,010752.jpg,Stephen_Collins,stephen_collins
6784,6784.jpg,118845.jpg,Stephen_Collins,stephen_collins
10343,10343.jpg,019004.jpg,Stephen_Collins,stephen_collins
6602,6602.jpg,063646.jpg,Stephen_Collins,stephen_collins
14500,14500.jpg,141501.jpg,Stephen_Collins,stephen_collins
6134,6134.jpg,122371.jpg,Stephen_Collins,stephen_collins
9364,9364.jpg,058416.jpg,Stephen_Collins,stephen_collins
21502,21502.jpg,071527.jpg,Stephen_Collins,stephen_collins
7309,7309.jpg,086300.jpg,Stephen_Collins,stephen_collins
20888,20888.jpg,006815.jpg,Stephen_Collins,stephen_collins
17076,17076.jpg,189260.jpg,Steve_Guttenberg,steve_guttenberg
17727,17727.jpg,201119.jpg,Steve_Guttenberg,steve_guttenberg
18902,18902.jpg,184632.jpg,Steve_Guttenberg,steve_guttenberg
16458,16458.jpg,196162.jpg,Steve_Guttenberg,steve_guttenberg
12898,12898.jpg,194664.jpg,Steve_Guttenberg,steve_guttenberg
20528,20528.jpg,184141.jpg,Steve_Guttenberg,steve_guttenberg
9743,9743.jpg,197397.jpg,Steve_Harvey,steve_harvey
10472,10472.jpg,135052.jpg,Steve_McQueen,steve_mcqueen
6051,6051.jpg,034154.jpg,Steve_McQueen,steve_mcqueen
4671,4671.jpg,054904.jpg,Steve_McQueen,steve_mcqueen
13154,13154.jpg,032669.jpg,Steve_McQueen,steve_mcqueen
12473,12473.jpg,087375.jpg,Steve_McQueen,steve_mcqueen
24383,24383.jpg,033197.jpg,Steve_McQueen,steve_mcqueen
16331,16331.jpg,004188.jpg,Steven_R_McQueen,steven_r_mcqueen
26212,26212.jpg,025875.jpg,Steven_R_McQueen,steven_r_mcqueen
2320,2320.jpg,027777.jpg,Steven_R_McQueen,steven_r_mcqueen
24219,24219.jpg,128147.jpg,Steven_R_McQueen,steven_r_mcqueen
663,663.jpg,085808.jpg,Steven_R_McQueen,steven_r_mcqueen
5655,5655.jpg,153949.jpg,Steven_R_McQueen,steven_r_mcqueen
6185,6185.jpg,060348.jpg,Steven_R_McQueen,steven_r_mcqueen
20475,20475.jpg,037208.jpg,Steven_R_McQueen,steven_r_mcqueen
12101,12101.jpg,000990.jpg,Steven_R_McQueen,steven_r_mcqueen
11972,11972.jpg,046447.jpg,Steven_Yeun,steven_yeun
28605,28605.jpg,158805.jpg,Steven_Yeun,steven_yeun
9178,9178.jpg,086198.jpg,Steven_Yeun,steven_yeun
2341,2341.jpg,156470.jpg,Steven_Yeun,steven_yeun
18931,18931.jpg,064033.jpg,Steven_Yeun,steven_yeun
26393,26393.jpg,019670.jpg,Steven_Yeun,steven_yeun
4432,4432.jpg,014563.jpg,Steven_Yeun,steven_yeun
13457,13457.jpg,064978.jpg,Steven_Yeun,steven_yeun
283,283.jpg,094092.jpg,Steven_Yeun,steven_yeun
10964,10964.jpg,029632.jpg,Steven_Yeun,steven_yeun
16894,16894.jpg,021261.jpg,Stevie_Nicks,stevie_nicks
18946,18946.jpg,191171.jpg,Sting,sting
22571,22571.jpg,185652.jpg,Sting,sting
13274,13274.jpg,198479.jpg,Sting,sting
25544,25544.jpg,200607.jpg,Sting,sting
16434,16434.jpg,196652.jpg,Sting,sting
8777,8777.jpg,145094.jpg,Sue_Bird,sue_bird
18268,18268.jpg,012167.jpg,Sue_Gardner,sue_gardner
21628,21628.jpg,034506.jpg,Sue_Gardner,sue_gardner
26618,26618.jpg,200502.jpg,Summer_Glau,summer_glau
17964,17964.jpg,201480.jpg,Susan_Boyle,susan_boyle
17223,17223.jpg,184456.jpg,Susan_Boyle,susan_boyle
25423,25423.jpg,191910.jpg,Susan_Boyle,susan_boyle
21435,21435.jpg,189145.jpg,Susan_Boyle,susan_boyle
28047,28047.jpg,055650.jpg,Susan_Lucci,susan_lucci
354,354.jpg,130059.jpg,Susan_Lucci,susan_lucci
3627,3627.jpg,111566.jpg,Susan_Lucci,susan_lucci
1019,1019.jpg,055883.jpg,Susan_Lucci,susan_lucci
9415,9415.jpg,059617.jpg,Susan_Lucci,susan_lucci
1758,1758.jpg,073989.jpg,Susan_Lucci,susan_lucci
3396,3396.jpg,105949.jpg,Susan_Lucci,susan_lucci
10270,10270.jpg,009650.jpg,Susan_Lucci,susan_lucci
9704,9704.jpg,156432.jpg,Susan_Lucci,susan_lucci
12330,12330.jpg,145055.jpg,Susan_Lucci,susan_lucci
938,938.jpg,055462.jpg,Susan_Lucci,susan_lucci
2581,2581.jpg,115870.jpg,Susan_Sullivan,susan_sullivan
1215,1215.jpg,098332.jpg,Susan_Sullivan,susan_sullivan
14268,14268.jpg,007957.jpg,Susan_Sullivan,susan_sullivan
15363,15363.jpg,040698.jpg,Susan_Sullivan,susan_sullivan
3664,3664.jpg,026301.jpg,Susan_Sullivan,susan_sullivan
18834,18834.jpg,054427.jpg,Susan_Sullivan,susan_sullivan
2549,2549.jpg,039011.jpg,Susan_Sullivan,susan_sullivan
4546,4546.jpg,152175.jpg,Susan_Sullivan,susan_sullivan
28697,28697.jpg,144469.jpg,Sushmita_Sen,sushmita_sen
3387,3387.jpg,200380.jpg,Suvi_Koponen,suvi_koponen
1937,1937.jpg,194608.jpg,Suvi_Koponen,suvi_koponen
558,558.jpg,193131.jpg,Suvi_Koponen,suvi_koponen
1760,1760.jpg,188556.jpg,Suvi_Koponen,suvi_koponen
4,4.jpg,202041.jpg,Suvi_Koponen,suvi_koponen
11852,11852.jpg,200350.jpg,Suvi_Koponen,suvi_koponen
8824,8824.jpg,191710.jpg,Suvi_Koponen,suvi_koponen
28013,28013.jpg,191002.jpg,Suvi_Koponen,suvi_koponen
10519,10519.jpg,193625.jpg,Suvi_Koponen,suvi_koponen
10488,10488.jpg,187048.jpg,Suvi_Koponen,suvi_koponen
6725,6725.jpg,199159.jpg,Suvi_Koponen,suvi_koponen
7901,7901.jpg,196584.jpg,Suvi_Koponen,suvi_koponen
24830,24830.jpg,195549.jpg,Suvi_Koponen,suvi_koponen
7415,7415.jpg,184427.jpg,Suvi_Koponen,suvi_koponen
20615,20615.jpg,028827.jpg,Suzi_Quatro,suzi_quatro
23569,23569.jpg,056914.jpg,Suzi_Quatro,suzi_quatro
29587,29587.jpg,054372.jpg,Suzi_Quatro,suzi_quatro
18143,18143.jpg,120430.jpg,Suzi_Quatro,suzi_quatro
28576,28576.jpg,150329.jpg,Sydney_Leroux,sydney_leroux
21990,21990.jpg,062431.jpg,Sydney_Pollack,sydney_pollack
28416,28416.jpg,125699.jpg,Sydney_Pollack,sydney_pollack
1889,1889.jpg,092553.jpg,Sydney_Pollack,sydney_pollack
12756,12756.jpg,134426.jpg,Sydney_Pollack,sydney_pollack
9759,9759.jpg,086466.jpg,Sydney_Pollack,sydney_pollack
16364,16364.jpg,136676.jpg,Sydney_Pollack,sydney_pollack
15003,15003.jpg,052408.jpg,Sydney_Pollack,sydney_pollack
29089,29089.jpg,090446.jpg,Sydney_Pollack,sydney_pollack
2076,2076.jpg,021714.jpg,Sydney_Pollack,sydney_pollack
28097,28097.jpg,196824.jpg,Taboo,taboo
20595,20595.jpg,199341.jpg,Taio_Cruz,taio_cruz
6184,6184.jpg,184650.jpg,Tamara_Taylor,tamara_taylor
14479,14479.jpg,186937.jpg,Tamara_Taylor,tamara_taylor
7070,7070.jpg,196353.jpg,Tamara_Taylor,tamara_taylor
446,446.jpg,200499.jpg,Tamara_Taylor,tamara_taylor
15561,15561.jpg,194564.jpg,Tamara_Taylor,tamara_taylor
8719,8719.jpg,202065.jpg,Tamara_Taylor,tamara_taylor
726,726.jpg,188438.jpg,Tamara_Taylor,tamara_taylor
1248,1248.jpg,128244.jpg,Tara_Conner,tara_conner
1892,1892.jpg,136381.jpg,Tara_Conner,tara_conner
8274,8274.jpg,031465.jpg,Tara_Conner,tara_conner
19067,19067.jpg,092633.jpg,Tara_Conner,tara_conner
18564,18564.jpg,059945.jpg,Tara_Conner,tara_conner
29276,29276.jpg,093635.jpg,Tatyana_Ali,tatyana_ali
22393,22393.jpg,150276.jpg,Tatyana_Ali,tatyana_ali
17160,17160.jpg,078449.jpg,Taylor_Kitsch,taylor_kitsch
28147,28147.jpg,023842.jpg,Taylor_Kitsch,taylor_kitsch
21956,21956.jpg,074946.jpg,Taylor_Kitsch,taylor_kitsch
21161,21161.jpg,067755.jpg,Taylor_Kitsch,taylor_kitsch
26729,26729.jpg,141257.jpg,Taylor_Momsen,taylor_momsen
4083,4083.jpg,034158.jpg,Taylor_Momsen,taylor_momsen
7356,7356.jpg,134983.jpg,Taylor_Momsen,taylor_momsen
2418,2418.jpg,021922.jpg,Taylor_Momsen,taylor_momsen
20179,20179.jpg,024344.jpg,Taylor_Momsen,taylor_momsen
21794,21794.jpg,069952.jpg,Taylor_Momsen,taylor_momsen
10832,10832.jpg,073520.jpg,Taylor_Momsen,taylor_momsen
3231,3231.jpg,059011.jpg,Taylor_Momsen,taylor_momsen
1765,1765.jpg,109925.jpg,Taylor_Momsen,taylor_momsen
6618,6618.jpg,056734.jpg,Taylor_Momsen,taylor_momsen
14373,14373.jpg,021644.jpg,Taylor_Momsen,taylor_momsen
4157,4157.jpg,021784.jpg,Taylor_Momsen,taylor_momsen
10845,10845.jpg,040607.jpg,Taylor_Momsen,taylor_momsen
4272,4272.jpg,070126.jpg,Taylor_Momsen,taylor_momsen
11004,11004.jpg,122984.jpg,Taylor_Momsen,taylor_momsen
24879,24879.jpg,132288.jpg,Taylor_Momsen,taylor_momsen
9751,9751.jpg,074185.jpg,Taylor_Momsen,taylor_momsen
4888,4888.jpg,032460.jpg,Taylor_Momsen,taylor_momsen
4075,4075.jpg,011802.jpg,Taylor_Momsen,taylor_momsen
23345,23345.jpg,119852.jpg,Taylor_Momsen,taylor_momsen
16709,16709.jpg,038991.jpg,Taylor_Momsen,taylor_momsen
7122,7122.jpg,135558.jpg,Taylor_Momsen,taylor_momsen
26768,26768.jpg,004233.jpg,Ted_Danson,ted_danson
25035,25035.jpg,198946.jpg,Ted_DiBiase_Jr,ted_dibiase_jr
25731,25731.jpg,120936.jpg,Ted_Nugent,ted_nugent
25501,25501.jpg,185436.jpg,Teri_Hatcher,teri_hatcher
18373,18373.jpg,020223.jpg,Terrell_Owens,terrell_owens
19980,19980.jpg,071645.jpg,Terrell_Owens,terrell_owens
13413,13413.jpg,139231.jpg,Terrell_Owens,terrell_owens
17476,17476.jpg,061410.jpg,Terrell_Owens,terrell_owens
12426,12426.jpg,019393.jpg,Terrell_Owens,terrell_owens
21643,21643.jpg,090096.jpg,Terrell_Owens,terrell_owens
10867,10867.jpg,040922.jpg,Terrell_Owens,terrell_owens
20042,20042.jpg,154232.jpg,Terrell_Owens,terrell_owens
12654,12654.jpg,123211.jpg,Terrell_Owens,terrell_owens
25583,25583.jpg,111650.jpg,Terrell_Owens,terrell_owens
29472,29472.jpg,080084.jpg,Terry_Crews,terry_crews
21793,21793.jpg,112077.jpg,Terry_Crews,terry_crews
18876,18876.jpg,036205.jpg,Terry_Crews,terry_crews
20686,20686.jpg,008695.jpg,Terry_Crews,terry_crews
28293,28293.jpg,158719.jpg,Terry_Crews,terry_crews
14830,14830.jpg,115865.jpg,Terry_Crews,terry_crews
10308,10308.jpg,049107.jpg,Terry_Crews,terry_crews
9892,9892.jpg,105326.jpg,Terry_Richardson,terry_richardson
15242,15242.jpg,003117.jpg,Terry_Richardson,terry_richardson
11938,11938.jpg,124040.jpg,Terry_Richardson,terry_richardson
21191,21191.jpg,056939.jpg,Terry_Richardson,terry_richardson
7106,7106.jpg,079111.jpg,Terry_Richardson,terry_richardson
3417,3417.jpg,055916.jpg,Terry_Richardson,terry_richardson
11044,11044.jpg,020195.jpg,Terry_Richardson,terry_richardson
5104,5104.jpg,083098.jpg,Terry_Richardson,terry_richardson
24017,24017.jpg,017018.jpg,Terry_Richardson,terry_richardson
4320,4320.jpg,112395.jpg,Terry_Richardson,terry_richardson
16437,16437.jpg,038456.jpg,Terry_Richardson,terry_richardson
27357,27357.jpg,036215.jpg,Thomas_Dekker,thomas_dekker
29020,29020.jpg,110498.jpg,Thomas_Dekker,thomas_dekker
20323,20323.jpg,106422.jpg,Thomas_Dekker,thomas_dekker
20923,20923.jpg,149665.jpg,Thomas_Dekker,thomas_dekker
19846,19846.jpg,011636.jpg,Thomas_Ian_Nicholas,thomas_ian_nicholas
22248,22248.jpg,101899.jpg,Tila_Tequila,tila_tequila
22791,22791.jpg,109038.jpg,Tila_Tequila,tila_tequila
28672,28672.jpg,098725.jpg,Tila_Tequila,tila_tequila
27291,27291.jpg,009307.jpg,Tila_Tequila,tila_tequila
25547,25547.jpg,115694.jpg,Tila_Tequila,tila_tequila
27385,27385.jpg,004547.jpg,Tila_Tequila,tila_tequila
21090,21090.jpg,088787.jpg,Tila_Tequila,tila_tequila
27533,27533.jpg,060082.jpg,Tila_Tequila,tila_tequila
21401,21401.jpg,034161.jpg,Tila_Tequila,tila_tequila
26678,26678.jpg,105410.jpg,Tila_Tequila,tila_tequila
25930,25930.jpg,090704.jpg,Tila_Tequila,tila_tequila
1210,1210.jpg,150811.jpg,Tim_Burton,tim_burton
12572,12572.jpg,142688.jpg,Tim_Burton,tim_burton
17998,17998.jpg,007864.jpg,Tim_Daly,tim_daly
28177,28177.jpg,084144.jpg,Timo_Glock,timo_glock
20457,20457.jpg,145965.jpg,Timothy_Spall,timothy_spall
3727,3727.jpg,000111.jpg,Tina_Turner,tina_turner
14106,14106.jpg,023375.jpg,Tina_Turner,tina_turner
15742,15742.jpg,142011.jpg,Tina_Turner,tina_turner
11199,11199.jpg,027372.jpg,Tina_Turner,tina_turner
9088,9088.jpg,020952.jpg,Tina_Turner,tina_turner
14742,14742.jpg,068388.jpg,Tobin_Bell,tobin_bell
23152,23152.jpg,159473.jpg,Tobin_Bell,tobin_bell
21812,21812.jpg,101229.jpg,Tobin_Bell,tobin_bell
22128,22128.jpg,088634.jpg,Tobin_Bell,tobin_bell
25102,25102.jpg,002852.jpg,Tobin_Bell,tobin_bell
26895,26895.jpg,158163.jpg,Tobin_Heath,tobin_heath
11558,11558.jpg,073339.jpg,Tobin_Heath,tobin_heath
20874,20874.jpg,182781.jpg,Tom_Arnold,tom_arnold
20491,20491.jpg,185277.jpg,Tom_Arnold,tom_arnold
14875,14875.jpg,123611.jpg,Tom_Berenger,tom_berenger
22737,22737.jpg,045617.jpg,Tom_Berenger,tom_berenger
28778,28778.jpg,090173.jpg,Tom_Green,tom_green
20469,20469.jpg,062606.jpg,Tom_Wilkinson,tom_wilkinson
27223,27223.jpg,066703.jpg,Tom_Wilkinson,tom_wilkinson
21262,21262.jpg,122126.jpg,Tony_Hale,tony_hale
22031,22031.jpg,013533.jpg,Tony_Hale,tony_hale
28010,28010.jpg,085437.jpg,Tony_Hale,tony_hale
27699,27699.jpg,115667.jpg,Tony_Hale,tony_hale
15628,15628.jpg,066873.jpg,Tony_Martin,tony_martin
3981,3981.jpg,049965.jpg,Tony_Romo,tony_romo
26722,26722.jpg,023982.jpg,Traci_Lords,traci_lords
17914,17914.jpg,092404.jpg,Travis_Kvapil,travis_kvapil
25022,25022.jpg,010482.jpg,Travis_Pastrana,travis_pastrana
26764,26764.jpg,107444.jpg,Travis_Tritt,travis_tritt
21120,21120.jpg,131594.jpg,Travis_Tritt,travis_tritt
29995,29995.jpg,052546.jpg,Travis_Tritt,travis_tritt
17087,17087.jpg,124519.jpg,Trey_Parker,trey_parker
27464,27464.jpg,116874.jpg,Triple_H,triple_h
24324,24324.jpg,145080.jpg,Triple_H,triple_h
21096,21096.jpg,051198.jpg,Troy_Gentile,troy_gentile
8622,8622.jpg,118063.jpg,Trudie_Styler,trudie_styler
7105,7105.jpg,100712.jpg,Trudie_Styler,trudie_styler
7668,7668.jpg,134110.jpg,Trudie_Styler,trudie_styler
17640,17640.jpg,131491.jpg,Twiggy,twiggy
20668,20668.jpg,002484.jpg,Twiggy,twiggy
29221,29221.jpg,070616.jpg,Twiggy,twiggy
14378,14378.jpg,096864.jpg,Twiggy,twiggy
19495,19495.jpg,004730.jpg,Twiggy,twiggy
10405,10405.jpg,122660.jpg,Twiggy,twiggy
3830,3830.jpg,006865.jpg,Twiggy,twiggy
4109,4109.jpg,117077.jpg,Twiggy,twiggy
28796,28796.jpg,055349.jpg,Twiggy,twiggy
8461,8461.jpg,052877.jpg,Twiggy,twiggy
26309,26309.jpg,158520.jpg,Twiggy,twiggy
26954,26954.jpg,080569.jpg,Twiggy,twiggy
6675,6675.jpg,152801.jpg,Twiggy,twiggy
23031,23031.jpg,051197.jpg,Tyson_Chandler,tyson_chandler
23475,23475.jpg,087573.jpg,Val_Kilmer,val_kilmer
15282,15282.jpg,095601.jpg,Valerie_Kaprisky,valerie_kaprisky
22943,22943.jpg,120348.jpg,Valerie_Kaprisky,valerie_kaprisky
15835,15835.jpg,080725.jpg,Valerie_Kaprisky,valerie_kaprisky
26407,26407.jpg,054034.jpg,Valerie_Kaprisky,valerie_kaprisky
16610,16610.jpg,068266.jpg,Valerie_Kaprisky,valerie_kaprisky
5597,5597.jpg,130663.jpg,Valerie_Kaprisky,valerie_kaprisky
29852,29852.jpg,111937.jpg,Vanessa_Hudgens,vanessa_hudgens
24541,24541.jpg,070697.jpg,Vanessa_Hudgens,vanessa_hudgens
25531,25531.jpg,064721.jpg,Vanessa_Hudgens,vanessa_hudgens
13471,13471.jpg,068295.jpg,Victoria_Silvstedt,victoria_silvstedt
14509,14509.jpg,050206.jpg,Victoria_Silvstedt,victoria_silvstedt
21315,21315.jpg,025224.jpg,Victoria_Silvstedt,victoria_silvstedt
25869,25869.jpg,007347.jpg,Victoria_Silvstedt,victoria_silvstedt
480,480.jpg,080108.jpg,Victoria_Silvstedt,victoria_silvstedt
16048,16048.jpg,131056.jpg,Victoria_Silvstedt,victoria_silvstedt
4731,4731.jpg,065451.jpg,Victoria_Silvstedt,victoria_silvstedt
28363,28363.jpg,000692.jpg,Victoria_Silvstedt,victoria_silvstedt
2576,2576.jpg,135371.jpg,Victoria_Silvstedt,victoria_silvstedt
10484,10484.jpg,146944.jpg,Victoria_Silvstedt,victoria_silvstedt
2065,2065.jpg,041093.jpg,Victoria_Silvstedt,victoria_silvstedt
18223,18223.jpg,110511.jpg,Victoria_Silvstedt,victoria_silvstedt
15195,15195.jpg,002801.jpg,Victoria_Silvstedt,victoria_silvstedt
3932,3932.jpg,159199.jpg,Victoria_Silvstedt,victoria_silvstedt
10363,10363.jpg,102247.jpg,Vidya_Balan,vidya_balan
29988,29988.jpg,118263.jpg,Vidya_Balan,vidya_balan
5083,5083.jpg,085482.jpg,Vidya_Balan,vidya_balan
3385,3385.jpg,119883.jpg,Vidya_Balan,vidya_balan
28713,28713.jpg,119333.jpg,Vidya_Balan,vidya_balan
6696,6696.jpg,115730.jpg,Vidya_Balan,vidya_balan
16986,16986.jpg,136062.jpg,Vidya_Balan,vidya_balan
17155,17155.jpg,118318.jpg,Vidya_Balan,vidya_balan
11610,11610.jpg,111896.jpg,Vidya_Balan,vidya_balan
28154,28154.jpg,119688.jpg,Vidya_Balan,vidya_balan
23477,23477.jpg,069690.jpg,Vidya_Balan,vidya_balan
22538,22538.jpg,083994.jpg,Vidya_Balan,vidya_balan
29360,29360.jpg,116164.jpg,Vince_Vaughn,vince_vaughn
15598,15598.jpg,055867.jpg,Vince_Vaughn,vince_vaughn
9809,9809.jpg,103134.jpg,Vince_Vaughn,vince_vaughn
12224,12224.jpg,088518.jpg,Vincent_Cassel,vincent_cassel
14402,14402.jpg,029429.jpg,Vincent_Cassel,vincent_cassel
12514,12514.jpg,088989.jpg,Vincent_Cassel,vincent_cassel
14656,14656.jpg,083860.jpg,Vincent_Cassel,vincent_cassel
19257,19257.jpg,100778.jpg,Vincent_Cassel,vincent_cassel
28362,28362.jpg,152911.jpg,Vincent_Martella,vincent_martella
21471,21471.jpg,029635.jpg,Vincent_Martella,vincent_martella
18262,18262.jpg,115671.jpg,Virna_Lisi,virna_lisi
1608,1608.jpg,114474.jpg,Virna_Lisi,virna_lisi
13092,13092.jpg,161568.jpg,Virna_Lisi,virna_lisi
27940,27940.jpg,038697.jpg,Virna_Lisi,virna_lisi
19666,19666.jpg,071032.jpg,Virna_Lisi,virna_lisi
24441,24441.jpg,019664.jpg,Virna_Lisi,virna_lisi
19498,19498.jpg,147873.jpg,Virna_Lisi,virna_lisi
13498,13498.jpg,027294.jpg,Vladimir_Guerrero,vladimir_guerrero
3462,3462.jpg,132268.jpg,Vladimir_Guerrero,vladimir_guerrero
4857,4857.jpg,082235.jpg,Vladimir_Guerrero,vladimir_guerrero
19420,19420.jpg,099575.jpg,Vladimir_Guerrero,vladimir_guerrero
9066,9066.jpg,147789.jpg,Vladimir_Guerrero,vladimir_guerrero
28857,28857.jpg,017614.jpg,Vladimir_Guerrero,vladimir_guerrero
24731,24731.jpg,191411.jpg,Vladimir_Lisin,vladimir_lisin
14498,14498.jpg,196571.jpg,Vladimir_Lisin,vladimir_lisin
21412,21412.jpg,162739.jpg,Wade_Barrett,wade_barrett
24567,24567.jpg,139274.jpg,Wendie_Malick,wendie_malick
25183,25183.jpg,093411.jpg,Wendie_Malick,wendie_malick
6048,6048.jpg,066371.jpg,Wendie_Malick,wendie_malick
23176,23176.jpg,111463.jpg,Wendie_Malick,wendie_malick
21503,21503.jpg,158047.jpg,Wendie_Malick,wendie_malick
8731,8731.jpg,106220.jpg,Wendie_Malick,wendie_malick
23341,23341.jpg,073057.jpg,Wendie_Malick,wendie_malick
1380,1380.jpg,156278.jpg,Wendie_Malick,wendie_malick
10555,10555.jpg,042142.jpg,Wentworth_Miller,wentworth_miller
8018,8018.jpg,139164.jpg,Wentworth_Miller,wentworth_miller
8347,8347.jpg,113061.jpg,Wentworth_Miller,wentworth_miller
10738,10738.jpg,161165.jpg,Wentworth_Miller,wentworth_miller
22957,22957.jpg,026428.jpg,Wentworth_Miller,wentworth_miller
26685,26685.jpg,057376.jpg,Wentworth_Miller,wentworth_miller
7377,7377.jpg,027237.jpg,Wentworth_Miller,wentworth_miller
7471,7471.jpg,107111.jpg,Wentworth_Miller,wentworth_miller
15740,15740.jpg,040976.jpg,Wentworth_Miller,wentworth_miller
11200,11200.jpg,101862.jpg,Wentworth_Miller,wentworth_miller
17889,17889.jpg,002628.jpg,Wentworth_Miller,wentworth_miller
10114,10114.jpg,052416.jpg,Wentworth_Miller,wentworth_miller
6667,6667.jpg,031431.jpg,Wentworth_Miller,wentworth_miller
6129,6129.jpg,058138.jpg,Wentworth_Miller,wentworth_miller
4102,4102.jpg,115589.jpg,Wentworth_Miller,wentworth_miller
9452,9452.jpg,053744.jpg,Wentworth_Miller,wentworth_miller
11569,11569.jpg,119545.jpg,Wentworth_Miller,wentworth_miller
5415,5415.jpg,006710.jpg,Weronika_Rosati,weronika_rosati
14386,14386.jpg,028384.jpg,Weronika_Rosati,weronika_rosati
10181,10181.jpg,062278.jpg,Weronika_Rosati,weronika_rosati
27594,27594.jpg,046125.jpg,Weronika_Rosati,weronika_rosati
20203,20203.jpg,092107.jpg,Weronika_Rosati,weronika_rosati
21966,21966.jpg,069855.jpg,Weronika_Rosati,weronika_rosati
22726,22726.jpg,146658.jpg,Wes_Bentley,wes_bentley
19942,19942.jpg,103492.jpg,Wes_Bentley,wes_bentley
18925,18925.jpg,017629.jpg,Wes_Bentley,wes_bentley
28987,28987.jpg,025630.jpg,Wesley_Snipes,wesley_snipes
27320,27320.jpg,090331.jpg,Wesley_Snipes,wesley_snipes
8374,8374.jpg,118552.jpg,Wesley_Snipes,wesley_snipes
11447,11447.jpg,018156.jpg,Wesley_Snipes,wesley_snipes
25080,25080.jpg,041691.jpg,Wesley_Snipes,wesley_snipes
10429,10429.jpg,014905.jpg,Wesley_Snipes,wesley_snipes
16899,16899.jpg,083855.jpg,Wesley_Snipes,wesley_snipes
24087,24087.jpg,092665.jpg,Willa_Holland,willa_holland
20439,20439.jpg,091756.jpg,Willie_Garson,willie_garson
18677,18677.jpg,144079.jpg,Willie_Garson,willie_garson
14451,14451.jpg,158643.jpg,Willie_Garson,willie_garson
18335,18335.jpg,108718.jpg,Willie_Garson,willie_garson
22510,22510.jpg,199574.jpg,Willow_Smith,willow_smith
24550,24550.jpg,193929.jpg,Willow_Smith,willow_smith
18447,18447.jpg,194528.jpg,Willow_Smith,willow_smith
21534,21534.jpg,189647.jpg,Willow_Smith,willow_smith
25814,25814.jpg,199773.jpg,Willow_Smith,willow_smith
24337,24337.jpg,132093.jpg,Xavier_Niel,xavier_niel
15113,15113.jpg,037874.jpg,Yann_Tiersen,yann_tiersen
9072,9072.jpg,045904.jpg,Yann_Tiersen,yann_tiersen
29969,29969.jpg,098330.jpg,Yann_Tiersen,yann_tiersen
954,954.jpg,099133.jpg,Yann_Tiersen,yann_tiersen
11536,11536.jpg,129683.jpg,Yann_Tiersen,yann_tiersen
16446,16446.jpg,046564.jpg,Yanni,yanni
13035,13035.jpg,007409.jpg,Yanni,yanni
12601,12601.jpg,131024.jpg,Yanni,yanni
14324,14324.jpg,023317.jpg,Yanni,yanni
17025,17025.jpg,155694.jpg,Yanni,yanni
18588,18588.jpg,015395.jpg,Yanni,yanni
21714,21714.jpg,034124.jpg,Yanni,yanni
22106,22106.jpg,148255.jpg,Yannick_Agnel,yannick_agnel
20503,20503.jpg,110026.jpg,Yannick_Agnel,yannick_agnel
20416,20416.jpg,092574.jpg,Yannick_Agnel,yannick_agnel
19222,19222.jpg,107479.jpg,Yngwie_Malmsteen,yngwie_malmsteen
21034,21034.jpg,009640.jpg,Yohan_Blake,yohan_blake
20200,20200.jpg,122526.jpg,Yohan_Blake,yohan_blake
12349,12349.jpg,098419.jpg,Yohan_Blake,yohan_blake
27779,27779.jpg,066511.jpg,Yohann_Diniz,yohann_diniz
23458,23458.jpg,200090.jpg,Zac_Efron,zac_efron
28993,28993.jpg,192302.jpg,Zac_Efron,zac_efron
24612,24612.jpg,193248.jpg,Zac_Efron,zac_efron
19217,19217.jpg,194018.jpg,Zac_Efron,zac_efron
28278,28278.jpg,107191.jpg,Zachary_Knighton,zachary_knighton
16958,16958.jpg,123991.jpg,Zachary_Knighton,zachary_knighton
28487,28487.jpg,150109.jpg,Zachary_Knighton,zachary_knighton
6913,6913.jpg,062405.jpg,Zachary_Knighton,zachary_knighton
10489,10489.jpg,007388.jpg,Zachary_Knighton,zachary_knighton
28720,28720.jpg,073374.jpg,Zachary_Knighton,zachary_knighton
25511,25511.jpg,017335.jpg,Zachary_Knighton,zachary_knighton
24536,24536.jpg,005947.jpg,Zachary_Knighton,zachary_knighton
11520,11520.jpg,162269.jpg,Zachary_Knighton,zachary_knighton
29523,29523.jpg,121364.jpg,Zachary_Levi,zachary_levi
28836,28836.jpg,127394.jpg,Zachary_Levi,zachary_levi
23538,23538.jpg,036279.jpg,Zakk_Wylde,zakk_wylde
26834,26834.jpg,029610.jpg,Zayn_Malik,zayn_malik
29469,29469.jpg,031510.jpg,Zayn_Malik,zayn_malik
29822,29822.jpg,013049.jpg,Zayn_Malik,zayn_malik
29560,29560.jpg,132178.jpg,Zayn_Malik,zayn_malik
26163,26163.jpg,115189.jpg,Zoe_Saldana,zoe_saldana
21788,21788.jpg,056001.jpg,Zoe_Saldana,zoe_saldana
21865,21865.jpg,106161.jpg,Zoe_Saldana,zoe_saldana
24866,24866.jpg,159116.jpg,Zoe_Saldana,zoe_saldana
22415,22415.jpg,096229.jpg,Zoe_Saldana,zoe_saldana
