2026-07-31 12:43:44,954 | INFO | ============================================================
2026-07-31 12:43:44,954 | INFO | STEP 3 START (Serper.dev Image Search)
2026-07-31 12:43:44,954 | INFO | Total queries        : 3184
2026-07-31 12:43:44,954 | INFO | Already completed    : 0
2026-07-31 12:43:44,954 | INFO | Remaining pending    : 3184
2026-07-31 12:43:44,954 | INFO | Queries this run     : 3184
2026-07-31 12:43:44,954 | INFO | Real target/identity : 10
2026-07-31 12:43:44,954 | INFO | Fake target/identity : 10
2026-07-31 12:43:44,954 | INFO | Fake score threshold : 3.0
2026-07-31 12:43:44,954 | INFO | ============================================================
2026-07-31 12:43:48,902 | INFO | Q000001 | Success | 3 accepted (ID000001/Real: 3/10)
2026-07-31 12:43:52,010 | INFO | Q000002 | Success | 1 accepted (ID000001/Fake: 1/10)
2026-07-31 12:43:55,274 | INFO | Q000003 | Success | 3 accepted (ID000001/Fake: 4/10)
2026-07-31 12:43:58,327 | INFO | Q000004 | Success | 3 accepted (ID000001/Fake: 7/10)
2026-07-31 12:44:01,453 | INFO | Q000005 | Success | 2 accepted (ID000001/Fake: 9/10)
2026-07-31 12:44:04,433 | INFO | Q000006 | No results passed trust/score/extension filters
2026-07-31 12:44:08,123 | INFO | Q000007 | No results passed trust/score/extension filters
2026-07-31 12:44:11,067 | INFO | Q000008 | Success | 3 accepted (ID000001/Fake: 12/10)
2026-07-31 12:44:14,334 | INFO | Q000009 | Success | 3 accepted (ID000002/Real: 3/10)
2026-07-31 12:44:17,310 | INFO | Q000010 | Success | 1 accepted (ID000002/Fake: 1/10)
2026-07-31 12:44:20,512 | INFO | Q000011 | No results passed trust/score/extension filters
2026-07-31 12:44:25,375 | INFO | Q000012 | Success | 3 accepted (ID000002/Fake: 4/10)
2026-07-31 12:44:28,484 | INFO | Q000013 | No results passed trust/score/extension filters
2026-07-31 12:44:31,488 | INFO | Q000014 | No results passed trust/score/extension filters
2026-07-31 12:44:34,268 | INFO | Q000015 | No results passed trust/score/extension filters
2026-07-31 12:44:37,074 | INFO | Q000016 | Success | 2 accepted (ID000002/Fake: 6/10)
2026-07-31 12:44:40,148 | INFO | Q000017 | Success | 3 accepted (ID000003/Real: 3/10)
2026-07-31 12:44:43,098 | INFO | Q000018 | Success | 3 accepted (ID000003/Fake: 3/10)
2026-07-31 12:44:46,224 | INFO | Q000019 | No results passed trust/score/extension filters
2026-07-31 12:44:49,073 | INFO | Q000020 | Success | 3 accepted (ID000003/Fake: 6/10)
2026-07-31 12:44:52,044 | INFO | Q000021 | No results passed trust/score/extension filters
2026-07-31 12:44:54,861 | INFO | Q000022 | Success | 2 accepted (ID000003/Fake: 8/10)
2026-07-31 12:45:00,007 | INFO | Q000023 | No results passed trust/score/extension filters
2026-07-31 12:45:03,042 | INFO | Q000024 | Success | 3 accepted (ID000003/Fake: 11/10)
2026-07-31 12:45:06,063 | INFO | Q000025 | Success | 3 accepted (ID000004/Real: 3/10)
2026-07-31 12:45:09,126 | INFO | Q000026 | No results passed trust/score/extension filters
2026-07-31 12:45:12,221 | INFO | Q000027 | Success | 3 accepted (ID000004/Fake: 3/10)
2026-07-31 12:45:15,052 | INFO | Q000028 | No results passed trust/score/extension filters
2026-07-31 12:45:18,487 | INFO | Q000029 | Success | 3 accepted (ID000004/Fake: 6/10)
2026-07-31 12:45:21,655 | INFO | Q000030 | No results passed trust/score/extension filters
2026-07-31 12:45:25,144 | INFO | Q000031 | Success | 2 accepted (ID000004/Fake: 8/10)
2026-07-31 12:45:27,859 | INFO | Q000032 | Success | 3 accepted (ID000004/Fake: 11/10)
2026-07-31 12:45:32,987 | INFO | Q000033 | Success | 3 accepted (ID000005/Real: 3/10)
2026-07-31 12:45:35,822 | INFO | Q000034 | Success | 3 accepted (ID000005/Fake: 3/10)
2026-07-31 12:45:38,834 | INFO | Q000035 | Success | 3 accepted (ID000005/Fake: 6/10)
2026-07-31 12:45:42,114 | INFO | Q000036 | Success | 3 accepted (ID000005/Fake: 9/10)
2026-07-31 12:45:45,269 | INFO | Q000037 | Success | 3 accepted (ID000005/Fake: 12/10)
2026-07-31 12:45:46,771 | INFO | Q000038 | Skipped - ID000005/Fake target already met (12/10)
2026-07-31 12:45:46,772 | INFO | Q000039 | Skipped - ID000005/Fake target already met (12/10)
2026-07-31 12:45:46,772 | INFO | Q000040 | Skipped - ID000005/Fake target already met (12/10)
2026-07-31 12:45:48,315 | INFO | Q000041 | Success | 3 accepted (ID000006/Real: 3/10)
2026-07-31 12:45:51,234 | INFO | Q000042 | No results passed trust/score/extension filters
2026-07-31 12:45:54,920 | INFO | Q000043 | Success | 3 accepted (ID000006/Fake: 3/10)
2026-07-31 12:45:57,900 | INFO | Q000044 | No results passed trust/score/extension filters
2026-07-31 12:46:01,472 | INFO | Q000045 | Success | 2 accepted (ID000006/Fake: 5/10)
2026-07-31 12:46:06,887 | INFO | Q000046 | No results passed trust/score/extension filters
2026-07-31 12:46:10,326 | INFO | Q000047 | No results passed trust/score/extension filters
2026-07-31 12:46:13,606 | INFO | Q000048 | No results passed trust/score/extension filters
2026-07-31 12:46:16,621 | INFO | Q000049 | Success | 3 accepted (ID000007/Real: 3/10)
2026-07-31 12:46:19,982 | INFO | Q000050 | Success | 1 accepted (ID000007/Fake: 1/10)
2026-07-31 12:46:23,001 | INFO | Q000051 | No results passed trust/score/extension filters
2026-07-31 12:46:26,270 | INFO | Q000052 | Success | 1 accepted (ID000007/Fake: 2/10)
2026-07-31 12:46:29,527 | INFO | Q000053 | No results passed trust/score/extension filters
2026-07-31 12:46:32,498 | INFO | Q000054 | No results passed trust/score/extension filters
2026-07-31 12:46:35,669 | INFO | Q000055 | No results passed trust/score/extension filters
2026-07-31 12:46:41,086 | INFO | Q000056 | Success | 3 accepted (ID000007/Fake: 5/10)
2026-07-31 12:46:44,376 | INFO | Q000057 | Success | 3 accepted (ID000008/Real: 3/10)
2026-07-31 12:46:47,365 | INFO | Q000058 | Success | 3 accepted (ID000008/Fake: 3/10)
2026-07-31 12:46:50,366 | INFO | Q000059 | Success | 3 accepted (ID000008/Fake: 6/10)
2026-07-31 12:46:53,723 | INFO | Q000060 | Success | 3 accepted (ID000008/Fake: 9/10)
2026-07-31 12:46:56,567 | INFO | Q000061 | Success | 3 accepted (ID000008/Fake: 12/10)
2026-07-31 12:46:58,071 | INFO | Q000062 | Skipped - ID000008/Fake target already met (12/10)
2026-07-31 12:46:58,072 | INFO | Q000063 | Skipped - ID000008/Fake target already met (12/10)
2026-07-31 12:46:58,073 | INFO | Q000064 | Skipped - ID000008/Fake target already met (12/10)
2026-07-31 12:47:00,433 | INFO | Q000065 | Success | 3 accepted (ID000009/Real: 3/10)
2026-07-31 12:47:04,076 | INFO | Q000066 | Success | 3 accepted (ID000009/Fake: 3/10)
2026-07-31 12:47:07,014 | INFO | Q000067 | Success | 3 accepted (ID000009/Fake: 6/10)
2026-07-31 12:47:10,215 | INFO | Q000068 | Success | 3 accepted (ID000009/Fake: 9/10)
2026-07-31 12:47:17,208 | INFO | Q000069 | Success | 3 accepted (ID000009/Fake: 12/10)
2026-07-31 12:47:18,711 | INFO | Q000070 | Skipped - ID000009/Fake target already met (12/10)
2026-07-31 12:47:18,712 | INFO | Q000071 | Skipped - ID000009/Fake target already met (12/10)
2026-07-31 12:47:18,713 | INFO | Q000072 | Skipped - ID000009/Fake target already met (12/10)
2026-07-31 12:47:21,152 | INFO | Q000073 | Success | 3 accepted (ID000010/Real: 3/10)
2026-07-31 12:47:24,693 | INFO | Q000074 | Success | 3 accepted (ID000010/Fake: 3/10)
2026-07-31 12:47:27,761 | INFO | Q000075 | Success | 3 accepted (ID000010/Fake: 6/10)
2026-07-31 12:47:31,053 | INFO | Q000076 | Success | 3 accepted (ID000010/Fake: 9/10)
2026-07-31 12:47:34,298 | INFO | Q000077 | Success | 3 accepted (ID000010/Fake: 12/10)
2026-07-31 12:47:35,799 | INFO | Q000078 | Skipped - ID000010/Fake target already met (12/10)
2026-07-31 12:47:35,799 | INFO | Q000079 | Skipped - ID000010/Fake target already met (12/10)
2026-07-31 12:47:35,799 | INFO | Q000080 | Skipped - ID000010/Fake target already met (12/10)
2026-07-31 12:47:37,553 | INFO | Q000081 | Success | 3 accepted (ID000011/Real: 3/10)
2026-07-31 12:47:40,961 | INFO | Q000082 | Success | 2 accepted (ID000011/Fake: 2/10)
2026-07-31 12:47:44,209 | INFO | Q000083 | Success | 3 accepted (ID000011/Fake: 5/10)
2026-07-31 12:47:54,341 | INFO | Q000084 | No results passed trust/score/extension filters
2026-07-31 12:47:59,470 | INFO | Q000085 | Success | 3 accepted (ID000011/Fake: 8/10)
2026-07-31 12:48:03,117 | INFO | Q000086 | Success | 3 accepted (ID000011/Fake: 11/10)
2026-07-31 12:48:04,620 | INFO | Q000087 | Skipped - ID000011/Fake target already met (11/10)
2026-07-31 12:48:04,623 | INFO | Q000088 | Skipped - ID000011/Fake target already met (11/10)
2026-07-31 12:48:06,064 | INFO | Q000089 | Success | 3 accepted (ID000012/Real: 3/10)
2026-07-31 12:48:09,070 | INFO | Q000090 | No results passed trust/score/extension filters
2026-07-31 12:48:13,033 | INFO | Q000091 | Success | 1 accepted (ID000012/Fake: 1/10)
2026-07-31 12:48:16,631 | INFO | Q000092 | Success | 1 accepted (ID000012/Fake: 2/10)
2026-07-31 12:48:19,455 | INFO | Q000093 | Success | 2 accepted (ID000012/Fake: 4/10)
2026-07-31 12:48:24,159 | INFO | Q000094 | No results passed trust/score/extension filters
2026-07-31 12:48:27,116 | INFO | Q000095 | No results passed trust/score/extension filters
2026-07-31 12:48:30,198 | INFO | Q000096 | Success | 3 accepted (ID000012/Fake: 7/10)
2026-07-31 12:48:33,662 | INFO | Q000097 | Success | 3 accepted (ID000013/Real: 3/10)
2026-07-31 12:48:36,631 | INFO | Q000098 | Success | 3 accepted (ID000013/Fake: 3/10)
2026-07-31 12:48:39,895 | INFO | Q000099 | Success | 3 accepted (ID000013/Fake: 6/10)
2026-07-31 12:48:42,976 | INFO | Q000100 | Success | 3 accepted (ID000013/Fake: 9/10)
2026-07-31 12:48:45,892 | INFO | Q000101 | Success | 3 accepted (ID000013/Fake: 12/10)
2026-07-31 12:48:47,395 | INFO | Q000102 | Skipped - ID000013/Fake target already met (12/10)
2026-07-31 12:48:47,396 | INFO | Q000103 | Skipped - ID000013/Fake target already met (12/10)
2026-07-31 12:48:47,396 | INFO | Q000104 | Skipped - ID000013/Fake target already met (12/10)
2026-07-31 12:48:49,574 | INFO | Q000105 | Success | 3 accepted (ID000014/Real: 3/10)
2026-07-31 12:48:53,410 | INFO | Q000106 | Success | 3 accepted (ID000014/Fake: 3/10)
2026-07-31 12:48:57,742 | INFO | Q000107 | Success | 3 accepted (ID000014/Fake: 6/10)
2026-07-31 12:49:00,853 | INFO | Q000108 | Success | 3 accepted (ID000014/Fake: 9/10)
2026-07-31 12:49:04,258 | INFO | Q000109 | Success | 3 accepted (ID000014/Fake: 12/10)
2026-07-31 12:49:05,760 | INFO | Q000110 | Skipped - ID000014/Fake target already met (12/10)
2026-07-31 12:49:05,761 | INFO | Q000111 | Skipped - ID000014/Fake target already met (12/10)
2026-07-31 12:49:05,761 | INFO | Q000112 | Skipped - ID000014/Fake target already met (12/10)
2026-07-31 12:49:07,209 | INFO | Q000113 | Success | 3 accepted (ID000015/Real: 3/10)
2026-07-31 12:49:10,075 | INFO | Q000114 | Success | 3 accepted (ID000015/Fake: 3/10)
2026-07-31 12:49:13,036 | INFO | Q000115 | Success | 3 accepted (ID000015/Fake: 6/10)
2026-07-31 12:49:16,301 | INFO | Q000116 | Success | 3 accepted (ID000015/Fake: 9/10)
2026-07-31 12:49:19,547 | INFO | Q000117 | Success | 3 accepted (ID000015/Fake: 12/10)
2026-07-31 12:49:21,050 | INFO | Q000118 | Skipped - ID000015/Fake target already met (12/10)
2026-07-31 12:49:21,050 | INFO | Q000119 | Skipped - ID000015/Fake target already met (12/10)
2026-07-31 12:49:21,051 | INFO | Q000120 | Skipped - ID000015/Fake target already met (12/10)
2026-07-31 12:49:22,465 | INFO | Q000121 | Success | 3 accepted (ID000016/Real: 3/10)
2026-07-31 12:49:26,059 | INFO | Q000122 | No results passed trust/score/extension filters
2026-07-31 12:49:29,131 | INFO | Q000123 | Success | 2 accepted (ID000016/Fake: 2/10)
2026-07-31 12:49:33,600 | INFO | Q000124 | Success | 2 accepted (ID000016/Fake: 4/10)
2026-07-31 12:49:36,647 | INFO | Q000125 | No results passed trust/score/extension filters
2026-07-31 12:49:39,773 | INFO | Q000126 | No results passed trust/score/extension filters
2026-07-31 12:49:42,731 | INFO | Q000127 | No results passed trust/score/extension filters
2026-07-31 12:49:45,983 | INFO | Q000128 | No results passed trust/score/extension filters
2026-07-31 12:49:49,154 | INFO | Q000129 | Success | 3 accepted (ID000017/Real: 3/10)
2026-07-31 12:49:52,520 | INFO | Q000130 | Success | 3 accepted (ID000017/Fake: 3/10)
2026-07-31 12:49:55,570 | INFO | Q000131 | Success | 3 accepted (ID000017/Fake: 6/10)
2026-07-31 12:49:58,383 | INFO | Q000132 | Success | 3 accepted (ID000017/Fake: 9/10)
2026-07-31 12:50:01,109 | INFO | Q000133 | Success | 3 accepted (ID000017/Fake: 12/10)
2026-07-31 12:50:02,612 | INFO | Q000134 | Skipped - ID000017/Fake target already met (12/10)
2026-07-31 12:50:02,613 | INFO | Q000135 | Skipped - ID000017/Fake target already met (12/10)
2026-07-31 12:50:02,613 | INFO | Q000136 | Skipped - ID000017/Fake target already met (12/10)
2026-07-31 12:50:05,964 | INFO | Q000137 | Success | 3 accepted (ID000018/Real: 3/10)
2026-07-31 12:50:09,041 | INFO | Q000138 | Success | 3 accepted (ID000018/Fake: 3/10)
2026-07-31 12:50:12,440 | INFO | Q000139 | Success | 3 accepted (ID000018/Fake: 6/10)
2026-07-31 12:50:15,659 | INFO | Q000140 | Success | 3 accepted (ID000018/Fake: 9/10)
2026-07-31 12:50:18,732 | INFO | Q000141 | Success | 3 accepted (ID000018/Fake: 12/10)
2026-07-31 12:50:20,233 | INFO | Q000142 | Skipped - ID000018/Fake target already met (12/10)
2026-07-31 12:50:20,233 | INFO | Q000143 | Skipped - ID000018/Fake target already met (12/10)
2026-07-31 12:50:20,233 | INFO | Q000144 | Skipped - ID000018/Fake target already met (12/10)
2026-07-31 12:50:22,216 | INFO | Q000145 | Success | 3 accepted (ID000019/Real: 3/10)
2026-07-31 12:50:25,381 | INFO | Q000146 | No results passed trust/score/extension filters
2026-07-31 12:50:28,298 | INFO | Q000147 | Success | 1 accepted (ID000019/Fake: 1/10)
2026-07-31 12:50:31,847 | INFO | Q000148 | Success | 1 accepted (ID000019/Fake: 2/10)
2026-07-31 12:50:35,217 | INFO | Q000149 | Success | 1 accepted (ID000019/Fake: 3/10)
2026-07-31 12:50:39,857 | INFO | Q000150 | No results passed trust/score/extension filters
2026-07-31 12:50:43,678 | INFO | Q000151 | Success | 3 accepted (ID000019/Fake: 6/10)
2026-07-31 12:50:50,261 | INFO | Q000152 | No results passed trust/score/extension filters
2026-07-31 12:50:53,339 | INFO | Q000153 | Success | 3 accepted (ID000020/Real: 3/10)
2026-07-31 12:50:56,446 | INFO | Q000154 | Success | 3 accepted (ID000020/Fake: 3/10)
2026-07-31 12:50:59,617 | INFO | Q000155 | Success | 3 accepted (ID000020/Fake: 6/10)
2026-07-31 12:51:02,603 | INFO | Q000156 | Success | 3 accepted (ID000020/Fake: 9/10)
2026-07-31 12:51:05,465 | INFO | Q000157 | Success | 3 accepted (ID000020/Fake: 12/10)
2026-07-31 12:51:06,968 | INFO | Q000158 | Skipped - ID000020/Fake target already met (12/10)
2026-07-31 12:51:06,969 | INFO | Q000159 | Skipped - ID000020/Fake target already met (12/10)
2026-07-31 12:51:06,970 | INFO | Q000160 | Skipped - ID000020/Fake target already met (12/10)
2026-07-31 12:51:08,663 | INFO | Q000161 | Success | 3 accepted (ID000021/Real: 3/10)
2026-07-31 12:51:14,838 | INFO | Q000162 | No results passed trust/score/extension filters
2026-07-31 12:51:18,058 | INFO | Q000163 | No results passed trust/score/extension filters
2026-07-31 12:51:20,999 | INFO | Q000164 | No results passed trust/score/extension filters
2026-07-31 12:51:24,394 | INFO | Q000165 | No results passed trust/score/extension filters
2026-07-31 12:51:27,436 | INFO | Q000166 | No results passed trust/score/extension filters
2026-07-31 12:51:30,168 | INFO | Q000167 | No results passed trust/score/extension filters
2026-07-31 12:51:33,157 | INFO | Q000168 | Success | 1 accepted (ID000021/Fake: 1/10)
2026-07-31 12:51:36,549 | INFO | Q000169 | Success | 3 accepted (ID000022/Real: 3/10)
2026-07-31 12:51:39,968 | INFO | Q000170 | Success | 3 accepted (ID000022/Fake: 3/10)
2026-07-31 12:51:42,810 | INFO | Q000171 | Success | 3 accepted (ID000022/Fake: 6/10)
2026-07-31 12:51:47,519 | INFO | Q000172 | Success | 3 accepted (ID000022/Fake: 9/10)
2026-07-31 12:51:51,002 | INFO | Q000173 | Success | 3 accepted (ID000022/Fake: 12/10)
2026-07-31 12:51:52,506 | INFO | Q000174 | Skipped - ID000022/Fake target already met (12/10)
2026-07-31 12:51:52,511 | INFO | Q000175 | Skipped - ID000022/Fake target already met (12/10)
2026-07-31 12:51:52,511 | INFO | Q000176 | Skipped - ID000022/Fake target already met (12/10)
2026-07-31 12:51:54,231 | INFO | Q000177 | Success | 3 accepted (ID000023/Real: 3/10)
2026-07-31 12:51:57,220 | INFO | Q000178 | Success | 3 accepted (ID000023/Fake: 3/10)
2026-07-31 12:52:00,046 | INFO | Q000179 | No results passed trust/score/extension filters
2026-07-31 12:52:03,529 | INFO | Q000180 | Success | 3 accepted (ID000023/Fake: 6/10)
2026-07-31 12:52:06,985 | INFO | Q000181 | No results passed trust/score/extension filters
2026-07-31 12:52:10,234 | INFO | Q000182 | No results passed trust/score/extension filters
2026-07-31 12:52:13,276 | INFO | Q000183 | Success | 3 accepted (ID000023/Fake: 9/10)
2026-07-31 12:52:16,227 | INFO | Q000184 | No results passed trust/score/extension filters
2026-07-31 12:52:20,885 | INFO | Q000185 | Success | 3 accepted (ID000024/Real: 3/10)
2026-07-31 12:52:23,818 | INFO | Q000186 | Success | 3 accepted (ID000024/Fake: 3/10)
2026-07-31 12:52:26,622 | INFO | Q000187 | Success | 3 accepted (ID000024/Fake: 6/10)
2026-07-31 12:52:30,015 | INFO | Q000188 | Success | 1 accepted (ID000024/Fake: 7/10)
2026-07-31 12:52:33,050 | INFO | Q000189 | Success | 2 accepted (ID000024/Fake: 9/10)
2026-07-31 12:52:36,145 | INFO | Q000190 | Success | 3 accepted (ID000024/Fake: 12/10)
2026-07-31 12:52:37,649 | INFO | Q000191 | Skipped - ID000024/Fake target already met (12/10)
2026-07-31 12:52:37,650 | INFO | Q000192 | Skipped - ID000024/Fake target already met (12/10)
2026-07-31 12:52:43,168 | INFO | Q000193 | Success | 3 accepted (ID000025/Real: 3/10)
2026-07-31 12:52:46,235 | INFO | Q000194 | Success | 3 accepted (ID000025/Fake: 3/10)
2026-07-31 12:52:49,225 | INFO | Q000195 | Success | 3 accepted (ID000025/Fake: 6/10)
2026-07-31 12:52:52,630 | INFO | Q000196 | Success | 3 accepted (ID000025/Fake: 9/10)
2026-07-31 12:52:57,370 | INFO | Q000197 | Success | 2 accepted (ID000025/Fake: 11/10)
2026-07-31 12:52:58,873 | INFO | Q000198 | Skipped - ID000025/Fake target already met (11/10)
2026-07-31 12:52:58,874 | INFO | Q000199 | Skipped - ID000025/Fake target already met (11/10)
2026-07-31 12:52:58,874 | INFO | Q000200 | Skipped - ID000025/Fake target already met (11/10)
2026-07-31 12:53:00,576 | INFO | Q000201 | Success | 3 accepted (ID000026/Real: 3/10)
2026-07-31 12:53:13,178 | INFO | Q000202 | Success | 2 accepted (ID000026/Fake: 2/10)
2026-07-31 12:53:16,546 | INFO | Q000203 | No results passed trust/score/extension filters
2026-07-31 12:53:19,650 | INFO | Q000204 | Success | 1 accepted (ID000026/Fake: 3/10)
2026-07-31 12:53:22,839 | INFO | Q000205 | No results passed trust/score/extension filters
2026-07-31 12:53:25,974 | INFO | Q000206 | No results passed trust/score/extension filters
2026-07-31 12:53:30,677 | INFO | Q000207 | Success | 3 accepted (ID000026/Fake: 6/10)
2026-07-31 12:53:34,156 | INFO | Q000208 | Success | 3 accepted (ID000026/Fake: 9/10)
2026-07-31 12:53:37,082 | INFO | Q000209 | Success | 3 accepted (ID000027/Real: 3/10)
2026-07-31 12:53:40,461 | INFO | Q000210 | Success | 1 accepted (ID000027/Fake: 1/10)
2026-07-31 12:53:43,370 | INFO | Q000211 | Success | 2 accepted (ID000027/Fake: 3/10)
2026-07-31 12:53:46,441 | INFO | Q000212 | Success | 1 accepted (ID000027/Fake: 4/10)
2026-07-31 12:53:49,664 | INFO | Q000213 | Success | 2 accepted (ID000027/Fake: 6/10)
2026-07-31 12:53:52,448 | INFO | Q000214 | No results passed trust/score/extension filters
2026-07-31 12:53:55,438 | INFO | Q000215 | Success | 3 accepted (ID000027/Fake: 9/10)
2026-07-31 12:53:58,653 | INFO | Q000216 | Success | 1 accepted (ID000027/Fake: 10/10)
2026-07-31 12:54:03,258 | INFO | Q000217 | Success | 3 accepted (ID000028/Real: 3/10)
2026-07-31 12:54:06,327 | INFO | Q000218 | Success | 3 accepted (ID000028/Fake: 3/10)
2026-07-31 12:54:09,594 | INFO | Q000219 | Success | 1 accepted (ID000028/Fake: 4/10)
2026-07-31 12:54:12,720 | INFO | Q000220 | Success | 3 accepted (ID000028/Fake: 7/10)
2026-07-31 12:54:15,754 | INFO | Q000221 | No results passed trust/score/extension filters
2026-07-31 12:54:19,962 | INFO | Q000222 | Success | 1 accepted (ID000028/Fake: 8/10)
2026-07-31 12:54:23,349 | INFO | Q000223 | No results passed trust/score/extension filters
2026-07-31 12:54:26,228 | INFO | Q000224 | Success | 3 accepted (ID000028/Fake: 11/10)
2026-07-31 12:54:29,320 | INFO | Q000225 | Success | 3 accepted (ID000029/Real: 3/10)
2026-07-31 12:54:32,355 | INFO | Q000226 | Success | 3 accepted (ID000029/Fake: 3/10)
2026-07-31 12:54:37,276 | INFO | Q000227 | Success | 1 accepted (ID000029/Fake: 4/10)
2026-07-31 12:54:40,201 | INFO | Q000228 | No results passed trust/score/extension filters
2026-07-31 12:54:43,172 | INFO | Q000229 | Success | 2 accepted (ID000029/Fake: 6/10)
2026-07-31 12:54:46,169 | INFO | Q000230 | No results passed trust/score/extension filters
2026-07-31 12:54:49,434 | INFO | Q000231 | Success | 1 accepted (ID000029/Fake: 7/10)
2026-07-31 12:54:52,357 | INFO | Q000232 | Success | 3 accepted (ID000029/Fake: 10/10)
2026-07-31 12:54:55,762 | INFO | Q000233 | Success | 3 accepted (ID000030/Real: 3/10)
2026-07-31 12:54:58,873 | INFO | Q000234 | Success | 3 accepted (ID000030/Fake: 3/10)
2026-07-31 12:55:01,826 | INFO | Q000235 | Success | 3 accepted (ID000030/Fake: 6/10)
2026-07-31 12:55:05,020 | INFO | Q000236 | Success | 3 accepted (ID000030/Fake: 9/10)
2026-07-31 12:55:07,942 | INFO | Q000237 | Success | 1 accepted (ID000030/Fake: 10/10)
2026-07-31 12:55:10,996 | INFO | Q000238 | Skipped - ID000030/Fake target already met (10/10)
2026-07-31 12:55:11,001 | INFO | Q000239 | Skipped - ID000030/Fake target already met (10/10)
2026-07-31 12:55:11,001 | INFO | Q000240 | Skipped - ID000030/Fake target already met (10/10)
2026-07-31 12:55:12,697 | INFO | Q000241 | Success | 3 accepted (ID000031/Real: 3/10)
2026-07-31 12:55:15,730 | INFO | Q000242 | Success | 3 accepted (ID000031/Fake: 3/10)
2026-07-31 12:55:18,742 | INFO | Q000243 | Success | 3 accepted (ID000031/Fake: 6/10)
2026-07-31 12:55:21,725 | INFO | Q000244 | Success | 3 accepted (ID000031/Fake: 9/10)
2026-07-31 12:55:24,745 | INFO | Q000245 | Success | 3 accepted (ID000031/Fake: 12/10)
2026-07-31 12:55:26,247 | INFO | Q000246 | Skipped - ID000031/Fake target already met (12/10)
2026-07-31 12:55:26,247 | INFO | Q000247 | Skipped - ID000031/Fake target already met (12/10)
2026-07-31 12:55:26,247 | INFO | Q000248 | Skipped - ID000031/Fake target already met (12/10)
2026-07-31 12:55:27,768 | INFO | Q000249 | Success | 3 accepted (ID000032/Real: 3/10)
2026-07-31 12:55:30,931 | INFO | Q000250 | No results passed trust/score/extension filters
2026-07-31 12:55:33,825 | INFO | Q000251 | Success | 3 accepted (ID000032/Fake: 3/10)
2026-07-31 12:55:37,781 | INFO | Q000252 | Success | 1 accepted (ID000032/Fake: 4/10)
2026-07-31 12:55:41,063 | INFO | Q000253 | Success | 1 accepted (ID000032/Fake: 5/10)
2026-07-31 12:55:46,380 | INFO | Q000254 | No results passed trust/score/extension filters
2026-07-31 12:55:49,420 | INFO | Q000255 | Success | 3 accepted (ID000032/Fake: 8/10)
2026-07-31 12:55:52,209 | INFO | Q000256 | Success | 3 accepted (ID000032/Fake: 11/10)
2026-07-31 12:55:55,211 | INFO | Q000257 | Success | 3 accepted (ID000033/Real: 3/10)
2026-07-31 12:55:58,515 | INFO | Q000258 | No results passed trust/score/extension filters
2026-07-31 12:56:03,364 | INFO | Q000259 | Success | 1 accepted (ID000033/Fake: 1/10)
2026-07-31 12:56:06,430 | INFO | Q000260 | No results passed trust/score/extension filters
2026-07-31 12:56:09,141 | INFO | Q000261 | No results passed trust/score/extension filters
2026-07-31 12:56:12,655 | INFO | Q000262 | No results passed trust/score/extension filters
2026-07-31 12:56:15,511 | INFO | Q000263 | Success | 1 accepted (ID000033/Fake: 2/10)
2026-07-31 12:56:20,144 | INFO | Q000264 | Success | 2 accepted (ID000033/Fake: 4/10)
2026-07-31 12:56:23,316 | INFO | Q000265 | Success | 3 accepted (ID000034/Real: 3/10)
2026-07-31 12:56:26,432 | INFO | Q000266 | Success | 3 accepted (ID000034/Fake: 3/10)
2026-07-31 12:56:29,179 | INFO | Q000267 | Success | 3 accepted (ID000034/Fake: 6/10)
2026-07-31 12:56:32,213 | INFO | Q000268 | Success | 3 accepted (ID000034/Fake: 9/10)
2026-07-31 12:56:35,437 | INFO | Q000269 | Success | 3 accepted (ID000034/Fake: 12/10)
2026-07-31 12:56:36,939 | INFO | Q000270 | Skipped - ID000034/Fake target already met (12/10)
2026-07-31 12:56:36,939 | INFO | Q000271 | Skipped - ID000034/Fake target already met (12/10)
2026-07-31 12:56:36,939 | INFO | Q000272 | Skipped - ID000034/Fake target already met (12/10)
2026-07-31 12:56:38,692 | INFO | Q000273 | Success | 3 accepted (ID000035/Real: 3/10)
2026-07-31 12:56:42,298 | INFO | Q000274 | Success | 3 accepted (ID000035/Fake: 3/10)
2026-07-31 12:56:45,158 | INFO | Q000275 | No results passed trust/score/extension filters
2026-07-31 12:56:48,250 | INFO | Q000276 | Success | 3 accepted (ID000035/Fake: 6/10)
2026-07-31 12:56:53,022 | INFO | Q000277 | No results passed trust/score/extension filters
2026-07-31 12:56:56,214 | INFO | Q000278 | No results passed trust/score/extension filters
2026-07-31 12:56:59,175 | INFO | Q000279 | Success | 3 accepted (ID000035/Fake: 9/10)
2026-07-31 12:57:02,646 | INFO | Q000280 | Success | 2 accepted (ID000035/Fake: 11/10)
2026-07-31 12:57:05,828 | INFO | Q000281 | Success | 3 accepted (ID000036/Real: 3/10)
2026-07-31 12:57:09,271 | INFO | Q000282 | Success | 3 accepted (ID000036/Fake: 3/10)
2026-07-31 12:57:13,168 | INFO | Q000283 | Success | 1 accepted (ID000036/Fake: 4/10)
2026-07-31 12:57:16,392 | INFO | Q000284 | Success | 3 accepted (ID000036/Fake: 7/10)
2026-07-31 12:57:19,262 | INFO | Q000285 | No results passed trust/score/extension filters
2026-07-31 12:57:22,469 | INFO | Q000286 | No results passed trust/score/extension filters
2026-07-31 12:57:26,819 | INFO | Q000287 | Success | 2 accepted (ID000036/Fake: 9/10)
2026-07-31 12:57:30,119 | INFO | Q000288 | Success | 2 accepted (ID000036/Fake: 11/10)
2026-07-31 12:57:33,310 | INFO | Q000289 | Success | 3 accepted (ID000037/Real: 3/10)
2026-07-31 12:57:36,184 | INFO | Q000290 | Success | 3 accepted (ID000037/Fake: 3/10)
2026-07-31 12:57:39,374 | INFO | Q000291 | Success | 1 accepted (ID000037/Fake: 4/10)
2026-07-31 12:57:47,449 | INFO | Q000292 | Success | 3 accepted (ID000037/Fake: 7/10)
2026-07-31 12:57:50,498 | INFO | Q000293 | Success | 2 accepted (ID000037/Fake: 9/10)
2026-07-31 12:57:53,585 | INFO | Q000294 | No results passed trust/score/extension filters
2026-07-31 12:57:56,594 | INFO | Q000295 | Success | 1 accepted (ID000037/Fake: 10/10)
2026-07-31 12:57:59,609 | INFO | Q000296 | Skipped - ID000037/Fake target already met (10/10)
2026-07-31 12:58:01,343 | INFO | Q000297 | Success | 3 accepted (ID000038/Real: 3/10)
2026-07-31 12:58:04,575 | INFO | Q000298 | Success | 3 accepted (ID000038/Fake: 3/10)
2026-07-31 12:58:08,151 | INFO | Q000299 | Success | 3 accepted (ID000038/Fake: 6/10)
2026-07-31 12:58:11,463 | INFO | Q000300 | Success | 3 accepted (ID000038/Fake: 9/10)
2026-07-31 12:58:15,474 | INFO | Q000301 | Success | 3 accepted (ID000038/Fake: 12/10)
2026-07-31 12:58:16,976 | INFO | Q000302 | Skipped - ID000038/Fake target already met (12/10)
2026-07-31 12:58:16,976 | INFO | Q000303 | Skipped - ID000038/Fake target already met (12/10)
2026-07-31 12:58:16,976 | INFO | Q000304 | Skipped - ID000038/Fake target already met (12/10)
2026-07-31 12:58:18,726 | INFO | Q000305 | Success | 3 accepted (ID000039/Real: 3/10)
2026-07-31 12:58:21,994 | INFO | Q000306 | Success | 3 accepted (ID000039/Fake: 3/10)
2026-07-31 12:58:24,872 | INFO | Q000307 | Success | 3 accepted (ID000039/Fake: 6/10)
2026-07-31 12:58:28,284 | INFO | Q000308 | Success | 3 accepted (ID000039/Fake: 9/10)
2026-07-31 12:58:32,927 | INFO | Q000309 | Success | 3 accepted (ID000039/Fake: 12/10)
2026-07-31 12:58:34,430 | INFO | Q000310 | Skipped - ID000039/Fake target already met (12/10)
2026-07-31 12:58:34,432 | INFO | Q000311 | Skipped - ID000039/Fake target already met (12/10)
2026-07-31 12:58:34,433 | INFO | Q000312 | Skipped - ID000039/Fake target already met (12/10)
2026-07-31 12:58:35,923 | INFO | Q000313 | Success | 3 accepted (ID000040/Real: 3/10)
2026-07-31 12:58:38,950 | INFO | Q000314 | Success | 3 accepted (ID000040/Fake: 3/10)
2026-07-31 12:58:42,074 | INFO | Q000315 | Success | 3 accepted (ID000040/Fake: 6/10)
2026-07-31 12:58:45,287 | INFO | Q000316 | Success | 3 accepted (ID000040/Fake: 9/10)
2026-07-31 12:58:48,210 | INFO | Q000317 | Success | 3 accepted (ID000040/Fake: 12/10)
2026-07-31 12:58:49,713 | INFO | Q000318 | Skipped - ID000040/Fake target already met (12/10)
2026-07-31 12:58:49,714 | INFO | Q000319 | Skipped - ID000040/Fake target already met (12/10)
2026-07-31 12:58:49,715 | INFO | Q000320 | Skipped - ID000040/Fake target already met (12/10)
2026-07-31 12:58:51,093 | INFO | Q000321 | Success | 3 accepted (ID000041/Real: 3/10)
2026-07-31 12:58:54,334 | INFO | Q000322 | No results passed trust/score/extension filters
2026-07-31 12:58:57,387 | INFO | Q000323 | No results passed trust/score/extension filters
2026-07-31 12:59:00,944 | INFO | Q000324 | No results passed trust/score/extension filters
2026-07-31 12:59:04,579 | INFO | Q000325 | Success | 2 accepted (ID000041/Fake: 2/10)
2026-07-31 12:59:09,307 | INFO | Q000326 | No results passed trust/score/extension filters
2026-07-31 12:59:12,580 | INFO | Q000327 | Success | 1 accepted (ID000041/Fake: 3/10)
2026-07-31 12:59:15,621 | INFO | Q000328 | Success | 3 accepted (ID000041/Fake: 6/10)
2026-07-31 12:59:18,762 | INFO | Q000329 | Success | 3 accepted (ID000042/Real: 3/10)
2026-07-31 12:59:21,900 | INFO | Q000330 | No results passed trust/score/extension filters
2026-07-31 12:59:24,929 | INFO | Q000331 | Success | 1 accepted (ID000042/Fake: 1/10)
2026-07-31 12:59:27,987 | INFO | Q000332 | Success | 2 accepted (ID000042/Fake: 3/10)
2026-07-31 12:59:30,983 | INFO | Q000333 | No results passed trust/score/extension filters
2026-07-31 12:59:34,152 | INFO | Q000334 | No results passed trust/score/extension filters
2026-07-31 12:59:37,403 | INFO | Q000335 | Success | 2 accepted (ID000042/Fake: 5/10)
2026-07-31 12:59:41,915 | INFO | Q000336 | Success | 1 accepted (ID000042/Fake: 6/10)
2026-07-31 12:59:45,012 | INFO | Q000337 | Success | 3 accepted (ID000043/Real: 3/10)
2026-07-31 12:59:48,179 | INFO | Q000338 | Success | 3 accepted (ID000043/Fake: 3/10)
2026-07-31 12:59:50,969 | INFO | Q000339 | Success | 3 accepted (ID000043/Fake: 6/10)
2026-07-31 12:59:53,923 | INFO | Q000340 | Success | 3 accepted (ID000043/Fake: 9/10)
2026-07-31 12:59:56,900 | INFO | Q000341 | Success | 2 accepted (ID000043/Fake: 11/10)
2026-07-31 12:59:58,404 | INFO | Q000342 | Skipped - ID000043/Fake target already met (11/10)
2026-07-31 12:59:58,404 | INFO | Q000343 | Skipped - ID000043/Fake target already met (11/10)
2026-07-31 12:59:58,405 | INFO | Q000344 | Skipped - ID000043/Fake target already met (11/10)
2026-07-31 12:59:59,902 | INFO | Q000345 | Success | 3 accepted (ID000044/Real: 3/10)
2026-07-31 13:00:02,888 | INFO | Q000346 | Success | 3 accepted (ID000044/Fake: 3/10)
2026-07-31 13:00:05,954 | INFO | Q000347 | Success | 1 accepted (ID000044/Fake: 4/10)
2026-07-31 13:00:09,226 | INFO | Q000348 | Success | 3 accepted (ID000044/Fake: 7/10)
2026-07-31 13:00:12,136 | INFO | Q000349 | No results passed trust/score/extension filters
2026-07-31 13:00:17,047 | INFO | Q000350 | No results passed trust/score/extension filters
2026-07-31 13:00:19,995 | INFO | Q000351 | No results passed trust/score/extension filters
2026-07-31 13:00:23,125 | INFO | Q000352 | Success | 3 accepted (ID000044/Fake: 10/10)
2026-07-31 13:00:26,186 | INFO | Q000353 | Success | 3 accepted (ID000045/Real: 3/10)
2026-07-31 13:00:29,189 | INFO | Q000354 | Success | 3 accepted (ID000045/Fake: 3/10)
2026-07-31 13:00:31,876 | INFO | Q000355 | Success | 3 accepted (ID000045/Fake: 6/10)
2026-07-31 13:00:39,368 | INFO | Q000356 | Success | 3 accepted (ID000045/Fake: 9/10)
2026-07-31 13:00:42,371 | INFO | Q000357 | Success | 3 accepted (ID000045/Fake: 12/10)
2026-07-31 13:00:43,875 | INFO | Q000358 | Skipped - ID000045/Fake target already met (12/10)
2026-07-31 13:00:43,876 | INFO | Q000359 | Skipped - ID000045/Fake target already met (12/10)
2026-07-31 13:00:43,876 | INFO | Q000360 | Skipped - ID000045/Fake target already met (12/10)
2026-07-31 13:00:45,710 | INFO | Q000361 | Success | 3 accepted (ID000046/Real: 3/10)
2026-07-31 13:00:51,298 | INFO | Q000362 | No results passed trust/score/extension filters
2026-07-31 13:00:54,597 | INFO | Q000363 | No results passed trust/score/extension filters
2026-07-31 13:00:57,635 | INFO | Q000364 | Success | 1 accepted (ID000046/Fake: 1/10)
2026-07-31 13:01:00,740 | INFO | Q000365 | No results passed trust/score/extension filters
2026-07-31 13:01:04,346 | INFO | Q000366 | No results passed trust/score/extension filters
2026-07-31 13:01:07,184 | INFO | Q000367 | Success | 3 accepted (ID000046/Fake: 4/10)
2026-07-31 13:01:10,042 | INFO | Q000368 | No results passed trust/score/extension filters
2026-07-31 13:01:17,575 | INFO | Q000369 | Success | 3 accepted (ID000047/Real: 3/10)
2026-07-31 13:01:22,429 | INFO | Q000370 | Success | 3 accepted (ID000047/Fake: 3/10)
2026-07-31 13:01:25,602 | INFO | Q000371 | Success | 3 accepted (ID000047/Fake: 6/10)
2026-07-31 13:01:28,707 | INFO | Q000372 | Success | 3 accepted (ID000047/Fake: 9/10)
2026-07-31 13:01:32,027 | INFO | Q000373 | Success | 3 accepted (ID000047/Fake: 12/10)
2026-07-31 13:01:33,529 | INFO | Q000374 | Skipped - ID000047/Fake target already met (12/10)
2026-07-31 13:01:33,529 | INFO | Q000375 | Skipped - ID000047/Fake target already met (12/10)
2026-07-31 13:01:33,530 | INFO | Q000376 | Skipped - ID000047/Fake target already met (12/10)
2026-07-31 13:01:35,123 | INFO | Q000377 | Success | 3 accepted (ID000048/Real: 3/10)
2026-07-31 13:01:38,388 | INFO | Q000378 | Success | 1 accepted (ID000048/Fake: 1/10)
2026-07-31 13:01:42,965 | INFO | Q000379 | Success | 3 accepted (ID000048/Fake: 4/10)
2026-07-31 13:01:46,115 | INFO | Q000380 | No results passed trust/score/extension filters
2026-07-31 13:01:49,511 | INFO | Q000381 | Success | 1 accepted (ID000048/Fake: 5/10)
2026-07-31 13:02:03,507 | INFO | Q000382 | No results passed trust/score/extension filters
2026-07-31 13:02:06,654 | INFO | Q000383 | No results passed trust/score/extension filters
2026-07-31 13:02:09,730 | INFO | Q000384 | Success | 1 accepted (ID000048/Fake: 6/10)
2026-07-31 13:02:12,752 | INFO | Q000385 | Success | 3 accepted (ID000049/Real: 3/10)
2026-07-31 13:02:16,059 | INFO | Q000386 | Success | 3 accepted (ID000049/Fake: 3/10)
2026-07-31 13:02:19,401 | INFO | Q000387 | No results passed trust/score/extension filters
2026-07-31 13:02:22,864 | INFO | Q000388 | Success | 3 accepted (ID000049/Fake: 6/10)
2026-07-31 13:02:33,391 | INFO | Q000389 | Success | 3 accepted (ID000049/Fake: 9/10)
2026-07-31 13:02:36,695 | INFO | Q000390 | No results passed trust/score/extension filters
2026-07-31 13:02:39,461 | INFO | Q000391 | Success | 1 accepted (ID000049/Fake: 10/10)
2026-07-31 13:02:40,965 | INFO | Q000392 | Skipped - ID000049/Fake target already met (10/10)
2026-07-31 13:02:42,165 | INFO | Q000393 | Success | 3 accepted (ID000050/Real: 3/10)
2026-07-31 13:02:45,301 | INFO | Q000394 | No results passed trust/score/extension filters
2026-07-31 13:02:48,795 | INFO | Q000395 | Success | 3 accepted (ID000050/Fake: 3/10)
2026-07-31 13:02:51,741 | INFO | Q000396 | No results passed trust/score/extension filters
2026-07-31 13:02:55,268 | INFO | Q000397 | Success | 3 accepted (ID000050/Fake: 6/10)
2026-07-31 13:03:01,334 | INFO | Q000398 | Success | 3 accepted (ID000050/Fake: 9/10)
2026-07-31 13:03:06,930 | INFO | Q000399 | No results passed trust/score/extension filters
2026-07-31 13:03:09,813 | INFO | Q000400 | Success | 3 accepted (ID000050/Fake: 12/10)
2026-07-31 13:03:12,774 | INFO | Q000401 | Success | 3 accepted (ID000051/Real: 3/10)
2026-07-31 13:03:15,862 | INFO | Q000402 | Success | 3 accepted (ID000051/Fake: 3/10)
2026-07-31 13:03:18,623 | INFO | Q000403 | Success | 3 accepted (ID000051/Fake: 6/10)
2026-07-31 13:03:21,390 | INFO | Q000404 | Success | 3 accepted (ID000051/Fake: 9/10)
2026-07-31 13:03:24,570 | INFO | Q000405 | Success | 3 accepted (ID000051/Fake: 12/10)
2026-07-31 13:03:26,072 | INFO | Q000406 | Skipped - ID000051/Fake target already met (12/10)
2026-07-31 13:03:26,073 | INFO | Q000407 | Skipped - ID000051/Fake target already met (12/10)
2026-07-31 13:03:26,073 | INFO | Q000408 | Skipped - ID000051/Fake target already met (12/10)
2026-07-31 13:03:27,989 | INFO | Q000409 | Success | 3 accepted (ID000052/Real: 3/10)
2026-07-31 13:03:31,080 | INFO | Q000410 | Success | 3 accepted (ID000052/Fake: 3/10)
2026-07-31 13:03:34,005 | INFO | Q000411 | Success | 3 accepted (ID000052/Fake: 6/10)
2026-07-31 13:03:38,701 | INFO | Q000412 | Success | 3 accepted (ID000052/Fake: 9/10)
2026-07-31 13:03:41,781 | INFO | Q000413 | Success | 3 accepted (ID000052/Fake: 12/10)
2026-07-31 13:03:43,283 | INFO | Q000414 | Skipped - ID000052/Fake target already met (12/10)
2026-07-31 13:03:43,284 | INFO | Q000415 | Skipped - ID000052/Fake target already met (12/10)
2026-07-31 13:03:43,284 | INFO | Q000416 | Skipped - ID000052/Fake target already met (12/10)
2026-07-31 13:03:44,617 | INFO | Q000417 | Success | 3 accepted (ID000053/Real: 3/10)
2026-07-31 13:03:47,628 | INFO | Q000418 | Success | 1 accepted (ID000053/Fake: 1/10)
2026-07-31 13:03:50,509 | INFO | Q000419 | Success | 3 accepted (ID000053/Fake: 4/10)
2026-07-31 13:03:53,623 | INFO | Q000420 | Success | 1 accepted (ID000053/Fake: 5/10)
2026-07-31 13:03:57,241 | INFO | Q000421 | Success | 3 accepted (ID000053/Fake: 8/10)
2026-07-31 13:04:00,949 | INFO | Q000422 | Success | 3 accepted (ID000053/Fake: 11/10)
2026-07-31 13:04:02,453 | INFO | Q000423 | Skipped - ID000053/Fake target already met (11/10)
2026-07-31 13:04:02,453 | INFO | Q000424 | Skipped - ID000053/Fake target already met (11/10)
2026-07-31 13:04:04,090 | INFO | Q000425 | Success | 3 accepted (ID000054/Real: 3/10)
2026-07-31 13:04:07,184 | INFO | Q000426 | Success | 3 accepted (ID000054/Fake: 3/10)
2026-07-31 13:04:12,826 | INFO | Q000427 | Success | 3 accepted (ID000054/Fake: 6/10)
2026-07-31 13:04:15,511 | INFO | Q000428 | Success | 3 accepted (ID000054/Fake: 9/10)
2026-07-31 13:04:18,490 | INFO | Q000429 | Success | 3 accepted (ID000054/Fake: 12/10)
2026-07-31 13:04:19,993 | INFO | Q000430 | Skipped - ID000054/Fake target already met (12/10)
2026-07-31 13:04:19,994 | INFO | Q000431 | Skipped - ID000054/Fake target already met (12/10)
2026-07-31 13:04:19,995 | INFO | Q000432 | Skipped - ID000054/Fake target already met (12/10)
2026-07-31 13:04:21,756 | INFO | Q000433 | Success | 3 accepted (ID000055/Real: 3/10)
2026-07-31 13:04:24,832 | INFO | Q000434 | Success | 3 accepted (ID000055/Fake: 3/10)
2026-07-31 13:04:28,348 | INFO | Q000435 | Success | 2 accepted (ID000055/Fake: 5/10)
2026-07-31 13:04:31,377 | INFO | Q000436 | Success | 3 accepted (ID000055/Fake: 8/10)
2026-07-31 13:04:36,183 | INFO | Q000437 | No results passed trust/score/extension filters
2026-07-31 13:04:39,289 | INFO | Q000438 | No results passed trust/score/extension filters
2026-07-31 13:04:42,696 | INFO | Q000439 | No results passed trust/score/extension filters
2026-07-31 13:04:48,127 | INFO | Q000440 | Success | 3 accepted (ID000055/Fake: 11/10)
2026-07-31 13:04:51,335 | INFO | Q000441 | Success | 3 accepted (ID000056/Real: 3/10)
2026-07-31 13:04:54,720 | INFO | Q000442 | Success | 2 accepted (ID000056/Fake: 2/10)
2026-07-31 13:05:01,559 | INFO | Q000443 | Success | 1 accepted (ID000056/Fake: 3/10)
2026-07-31 13:05:04,535 | INFO | Q000444 | Success | 3 accepted (ID000056/Fake: 6/10)
2026-07-31 13:05:07,625 | INFO | Q000445 | No results passed trust/score/extension filters
2026-07-31 13:05:10,793 | INFO | Q000446 | Success | 3 accepted (ID000056/Fake: 9/10)
2026-07-31 13:05:13,723 | INFO | Q000447 | No results passed trust/score/extension filters
2026-07-31 13:05:16,502 | INFO | Q000448 | No results passed trust/score/extension filters
2026-07-31 13:05:20,152 | INFO | Q000449 | Success | 3 accepted (ID000057/Real: 3/10)
2026-07-31 13:05:23,054 | INFO | Q000450 | Success | 3 accepted (ID000057/Fake: 3/10)
2026-07-31 13:05:26,463 | INFO | Q000451 | Success | 3 accepted (ID000057/Fake: 6/10)
2026-07-31 13:05:29,761 | INFO | Q000452 | Success | 1 accepted (ID000057/Fake: 7/10)
2026-07-31 13:05:32,915 | INFO | Q000453 | Success | 1 accepted (ID000057/Fake: 8/10)
2026-07-31 13:05:36,197 | INFO | Q000454 | No results passed trust/score/extension filters
2026-07-31 13:05:39,134 | INFO | Q000455 | Success | 1 accepted (ID000057/Fake: 9/10)
2026-07-31 13:05:42,055 | INFO | Q000456 | Success | 3 accepted (ID000057/Fake: 12/10)
2026-07-31 13:05:45,431 | INFO | Q000457 | Success | 3 accepted (ID000058/Real: 3/10)
2026-07-31 13:05:48,524 | INFO | Q000458 | Success | 1 accepted (ID000058/Fake: 1/10)
2026-07-31 13:05:54,233 | INFO | Q000459 | No results passed trust/score/extension filters
2026-07-31 13:05:57,038 | INFO | Q000460 | Success | 1 accepted (ID000058/Fake: 2/10)
2026-07-31 13:06:01,617 | INFO | Q000461 | No results passed trust/score/extension filters
2026-07-31 13:06:04,784 | INFO | Q000462 | No results passed trust/score/extension filters
2026-07-31 13:06:07,885 | INFO | Q000463 | Success | 3 accepted (ID000058/Fake: 5/10)
2026-07-31 13:06:11,053 | INFO | Q000464 | Success | 3 accepted (ID000058/Fake: 8/10)
2026-07-31 13:06:14,181 | INFO | Q000465 | Success | 3 accepted (ID000059/Real: 3/10)
2026-07-31 13:06:17,172 | INFO | Q000466 | Success | 3 accepted (ID000059/Fake: 3/10)
2026-07-31 13:06:20,794 | INFO | Q000467 | Success | 3 accepted (ID000059/Fake: 6/10)
2026-07-31 13:06:23,987 | INFO | Q000468 | Success | 3 accepted (ID000059/Fake: 9/10)
2026-07-31 13:06:28,482 | INFO | Q000469 | Success | 3 accepted (ID000059/Fake: 12/10)
2026-07-31 13:06:29,984 | INFO | Q000470 | Skipped - ID000059/Fake target already met (12/10)
2026-07-31 13:06:29,984 | INFO | Q000471 | Skipped - ID000059/Fake target already met (12/10)
2026-07-31 13:06:29,984 | INFO | Q000472 | Skipped - ID000059/Fake target already met (12/10)
2026-07-31 13:06:31,737 | INFO | Q000473 | Success | 3 accepted (ID000060/Real: 3/10)
2026-07-31 13:06:34,955 | INFO | Q000474 | Success | 3 accepted (ID000060/Fake: 3/10)
2026-07-31 13:06:37,984 | INFO | Q000475 | Success | 3 accepted (ID000060/Fake: 6/10)
2026-07-31 13:06:41,110 | INFO | Q000476 | No results passed trust/score/extension filters
2026-07-31 13:06:44,035 | INFO | Q000477 | Success | 3 accepted (ID000060/Fake: 9/10)
2026-07-31 13:06:47,350 | INFO | Q000478 | Success | 3 accepted (ID000060/Fake: 12/10)
2026-07-31 13:06:48,853 | INFO | Q000479 | Skipped - ID000060/Fake target already met (12/10)
2026-07-31 13:06:48,854 | INFO | Q000480 | Skipped - ID000060/Fake target already met (12/10)
2026-07-31 13:06:50,598 | INFO | Q000481 | Success | 3 accepted (ID000061/Real: 3/10)
2026-07-31 13:06:53,568 | INFO | Q000482 | Success | 1 accepted (ID000061/Fake: 1/10)
2026-07-31 13:06:56,612 | INFO | Q000483 | No results passed trust/score/extension filters
2026-07-31 13:07:01,344 | INFO | Q000484 | Success | 1 accepted (ID000061/Fake: 2/10)
2026-07-31 13:07:04,932 | INFO | Q000485 | No results passed trust/score/extension filters
2026-07-31 13:07:08,344 | INFO | Q000486 | No results passed trust/score/extension filters
2026-07-31 13:07:11,701 | INFO | Q000487 | No results passed trust/score/extension filters
2026-07-31 13:07:14,752 | INFO | Q000488 | Success | 3 accepted (ID000061/Fake: 5/10)
2026-07-31 13:07:18,072 | INFO | Q000489 | Success | 3 accepted (ID000062/Real: 3/10)
2026-07-31 13:07:21,272 | INFO | Q000490 | Success | 2 accepted (ID000062/Fake: 2/10)
2026-07-31 13:07:25,276 | INFO | Q000491 | Success | 1 accepted (ID000062/Fake: 3/10)
2026-07-31 13:07:28,552 | INFO | Q000492 | Success | 2 accepted (ID000062/Fake: 5/10)
2026-07-31 13:07:34,775 | INFO | Q000493 | Success | 1 accepted (ID000062/Fake: 6/10)
2026-07-31 13:07:37,717 | INFO | Q000494 | Success | 3 accepted (ID000062/Fake: 9/10)
2026-07-31 13:07:40,738 | INFO | Q000495 | Success | 3 accepted (ID000062/Fake: 12/10)
2026-07-31 13:07:42,242 | INFO | Q000496 | Skipped - ID000062/Fake target already met (12/10)
2026-07-31 13:07:43,759 | INFO | Q000497 | Success | 3 accepted (ID000063/Real: 3/10)
2026-07-31 13:07:47,013 | INFO | Q000498 | Success | 2 accepted (ID000063/Fake: 2/10)
2026-07-31 13:07:50,106 | INFO | Q000499 | Success | 1 accepted (ID000063/Fake: 3/10)
2026-07-31 13:07:53,356 | INFO | Q000500 | Success | 1 accepted (ID000063/Fake: 4/10)
2026-07-31 13:07:56,264 | INFO | Q000501 | No results passed trust/score/extension filters
2026-07-31 13:07:59,547 | INFO | Q000502 | No results passed trust/score/extension filters
2026-07-31 13:08:02,620 | INFO | Q000503 | Success | 1 accepted (ID000063/Fake: 5/10)
2026-07-31 13:08:05,909 | INFO | Q000504 | Success | 2 accepted (ID000063/Fake: 7/10)
2026-07-31 13:08:10,584 | INFO | Q000505 | Success | 3 accepted (ID000064/Real: 3/10)
2026-07-31 13:08:13,938 | INFO | Q000506 | Success | 3 accepted (ID000064/Fake: 3/10)
2026-07-31 13:08:17,166 | INFO | Q000507 | Success | 3 accepted (ID000064/Fake: 6/10)
2026-07-31 13:08:20,672 | INFO | Q000508 | Success | 3 accepted (ID000064/Fake: 9/10)
2026-07-31 13:08:23,762 | INFO | Q000509 | Success | 3 accepted (ID000064/Fake: 12/10)
2026-07-31 13:08:25,264 | INFO | Q000510 | Skipped - ID000064/Fake target already met (12/10)
2026-07-31 13:08:25,264 | INFO | Q000511 | Skipped - ID000064/Fake target already met (12/10)
2026-07-31 13:08:25,265 | INFO | Q000512 | Skipped - ID000064/Fake target already met (12/10)
2026-07-31 13:08:27,379 | INFO | Q000513 | Success | 3 accepted (ID000065/Real: 3/10)
2026-07-31 13:08:30,517 | INFO | Q000514 | Success | 3 accepted (ID000065/Fake: 3/10)
2026-07-31 13:08:33,499 | INFO | Q000515 | Success | 3 accepted (ID000065/Fake: 6/10)
2026-07-31 13:08:36,413 | INFO | Q000516 | Success | 3 accepted (ID000065/Fake: 9/10)
2026-07-31 13:08:42,096 | INFO | Q000517 | No results passed trust/score/extension filters
2026-07-31 13:08:44,971 | INFO | Q000518 | Success | 3 accepted (ID000065/Fake: 12/10)
2026-07-31 13:08:46,474 | INFO | Q000519 | Skipped - ID000065/Fake target already met (12/10)
2026-07-31 13:08:46,475 | INFO | Q000520 | Skipped - ID000065/Fake target already met (12/10)
2026-07-31 13:08:48,188 | INFO | Q000521 | Success | 3 accepted (ID000066/Real: 3/10)
2026-07-31 13:08:51,080 | INFO | Q000522 | Success | 3 accepted (ID000066/Fake: 3/10)
2026-07-31 13:08:53,854 | INFO | Q000523 | Success | 3 accepted (ID000066/Fake: 6/10)
2026-07-31 13:08:57,172 | INFO | Q000524 | Success | 3 accepted (ID000066/Fake: 9/10)
2026-07-31 13:09:00,233 | INFO | Q000525 | Success | 3 accepted (ID000066/Fake: 12/10)
2026-07-31 13:09:01,737 | INFO | Q000526 | Skipped - ID000066/Fake target already met (12/10)
2026-07-31 13:09:01,737 | INFO | Q000527 | Skipped - ID000066/Fake target already met (12/10)
2026-07-31 13:09:01,738 | INFO | Q000528 | Skipped - ID000066/Fake target already met (12/10)
2026-07-31 13:09:04,329 | INFO | Q000529 | Success | 3 accepted (ID000067/Real: 3/10)
2026-07-31 13:09:08,023 | INFO | Q000530 | Success | 3 accepted (ID000067/Fake: 3/10)
2026-07-31 13:09:11,125 | INFO | Q000531 | No results passed trust/score/extension filters
2026-07-31 13:09:18,269 | INFO | Q000532 | Success | 3 accepted (ID000067/Fake: 6/10)
2026-07-31 13:09:21,263 | INFO | Q000533 | No results passed trust/score/extension filters
2026-07-31 13:09:27,632 | INFO | Q000534 | No results passed trust/score/extension filters
2026-07-31 13:09:30,518 | INFO | Q000535 | Success | 3 accepted (ID000067/Fake: 9/10)
2026-07-31 13:09:33,678 | INFO | Q000536 | Success | 3 accepted (ID000067/Fake: 12/10)
2026-07-31 13:09:36,786 | INFO | Q000537 | Success | 3 accepted (ID000068/Real: 3/10)
2026-07-31 13:09:44,025 | INFO | Q000538 | No results passed trust/score/extension filters
2026-07-31 13:09:47,312 | INFO | Q000539 | Success | 1 accepted (ID000068/Fake: 1/10)
2026-07-31 13:09:51,879 | INFO | Q000540 | No results passed trust/score/extension filters
2026-07-31 13:09:54,868 | INFO | Q000541 | No results passed trust/score/extension filters
2026-07-31 13:09:57,791 | INFO | Q000542 | No results passed trust/score/extension filters
2026-07-31 13:10:00,904 | INFO | Q000543 | No results passed trust/score/extension filters
2026-07-31 13:10:03,900 | INFO | Q000544 | No results passed trust/score/extension filters
2026-07-31 13:10:08,887 | INFO | Q000545 | Success | 3 accepted (ID000069/Real: 3/10)
2026-07-31 13:10:12,201 | INFO | Q000546 | Success | 3 accepted (ID000069/Fake: 3/10)
2026-07-31 13:10:15,634 | INFO | Q000547 | Success | 3 accepted (ID000069/Fake: 6/10)
2026-07-31 13:10:18,725 | INFO | Q000548 | Success | 3 accepted (ID000069/Fake: 9/10)
2026-07-31 13:10:24,326 | INFO | Q000549 | Success | 1 accepted (ID000069/Fake: 10/10)
2026-07-31 13:10:25,828 | INFO | Q000550 | Skipped - ID000069/Fake target already met (10/10)
2026-07-31 13:10:25,828 | INFO | Q000551 | Skipped - ID000069/Fake target already met (10/10)
2026-07-31 13:10:25,828 | INFO | Q000552 | Skipped - ID000069/Fake target already met (10/10)
2026-07-31 13:10:27,701 | INFO | Q000553 | Success | 3 accepted (ID000070/Real: 3/10)
2026-07-31 13:10:35,503 | INFO | Q000554 | No results passed trust/score/extension filters
2026-07-31 13:10:38,504 | INFO | Q000555 | Success | 3 accepted (ID000070/Fake: 3/10)
2026-07-31 13:10:41,568 | INFO | Q000556 | No results passed trust/score/extension filters
2026-07-31 13:10:44,939 | INFO | Q000557 | Success | 3 accepted (ID000070/Fake: 6/10)
2026-07-31 13:10:48,388 | INFO | Q000558 | No results passed trust/score/extension filters
2026-07-31 13:10:51,220 | INFO | Q000559 | No results passed trust/score/extension filters
2026-07-31 13:10:54,137 | INFO | Q000560 | Success | 3 accepted (ID000070/Fake: 9/10)
2026-07-31 13:10:58,767 | INFO | Q000561 | Success | 3 accepted (ID000071/Real: 3/10)
2026-07-31 13:11:02,060 | INFO | Q000562 | No results passed trust/score/extension filters
2026-07-31 13:11:05,488 | INFO | Q000563 | Success | 2 accepted (ID000071/Fake: 2/10)
2026-07-31 13:11:08,708 | INFO | Q000564 | Success | 3 accepted (ID000071/Fake: 5/10)
2026-07-31 13:11:11,950 | INFO | Q000565 | Success | 2 accepted (ID000071/Fake: 7/10)
2026-07-31 13:11:14,935 | INFO | Q000566 | No results passed trust/score/extension filters
2026-07-31 13:11:17,940 | INFO | Q000567 | Success | 3 accepted (ID000071/Fake: 10/10)
2026-07-31 13:11:19,443 | INFO | Q000568 | Skipped - ID000071/Fake target already met (10/10)
2026-07-31 13:11:20,927 | INFO | Q000569 | Success | 3 accepted (ID000072/Real: 3/10)
2026-07-31 13:11:23,860 | INFO | Q000570 | Success | 3 accepted (ID000072/Fake: 3/10)
2026-07-31 13:11:27,800 | INFO | Q000571 | Success | 3 accepted (ID000072/Fake: 6/10)
2026-07-31 13:11:32,545 | INFO | Q000572 | Success | 3 accepted (ID000072/Fake: 9/10)
2026-07-31 13:11:35,837 | INFO | Q000573 | Success | 3 accepted (ID000072/Fake: 12/10)
2026-07-31 13:11:37,340 | INFO | Q000574 | Skipped - ID000072/Fake target already met (12/10)
2026-07-31 13:11:37,341 | INFO | Q000575 | Skipped - ID000072/Fake target already met (12/10)
2026-07-31 13:11:37,341 | INFO | Q000576 | Skipped - ID000072/Fake target already met (12/10)
2026-07-31 13:11:38,814 | INFO | Q000577 | Success | 3 accepted (ID000073/Real: 3/10)
2026-07-31 13:11:41,658 | INFO | Q000578 | No results passed trust/score/extension filters
2026-07-31 13:11:44,684 | INFO | Q000579 | Success | 2 accepted (ID000073/Fake: 2/10)
2026-07-31 13:11:47,585 | INFO | Q000580 | Success | 2 accepted (ID000073/Fake: 4/10)
2026-07-31 13:11:50,625 | INFO | Q000581 | No results passed trust/score/extension filters
2026-07-31 13:11:53,529 | INFO | Q000582 | No results passed trust/score/extension filters
2026-07-31 13:11:56,480 | INFO | Q000583 | Success | 2 accepted (ID000073/Fake: 6/10)
2026-07-31 13:11:59,361 | INFO | Q000584 | No results passed trust/score/extension filters
2026-07-31 13:12:02,783 | INFO | Q000585 | Success | 3 accepted (ID000074/Real: 3/10)
2026-07-31 13:12:07,855 | INFO | Q000586 | Success | 2 accepted (ID000074/Fake: 2/10)
2026-07-31 13:12:11,347 | INFO | Q000587 | Success | 3 accepted (ID000074/Fake: 5/10)
2026-07-31 13:12:14,584 | INFO | Q000588 | Success | 3 accepted (ID000074/Fake: 8/10)
2026-07-31 13:12:17,624 | INFO | Q000589 | Success | 2 accepted (ID000074/Fake: 10/10)
2026-07-31 13:12:19,127 | INFO | Q000590 | Skipped - ID000074/Fake target already met (10/10)
2026-07-31 13:12:19,129 | INFO | Q000591 | Skipped - ID000074/Fake target already met (10/10)
2026-07-31 13:12:19,130 | INFO | Q000592 | Skipped - ID000074/Fake target already met (10/10)
2026-07-31 13:12:20,983 | INFO | Q000593 | Success | 3 accepted (ID000075/Real: 3/10)
2026-07-31 13:12:24,150 | INFO | Q000594 | Success | 3 accepted (ID000075/Fake: 3/10)
2026-07-31 13:12:27,308 | INFO | Q000595 | Success | 3 accepted (ID000075/Fake: 6/10)
2026-07-31 13:12:30,417 | INFO | Q000596 | Success | 1 accepted (ID000075/Fake: 7/10)
2026-07-31 13:12:33,741 | INFO | Q000597 | Success | 3 accepted (ID000075/Fake: 10/10)
2026-07-31 13:12:35,244 | INFO | Q000598 | Skipped - ID000075/Fake target already met (10/10)
2026-07-31 13:12:35,245 | INFO | Q000599 | Skipped - ID000075/Fake target already met (10/10)
2026-07-31 13:12:35,246 | INFO | Q000600 | Skipped - ID000075/Fake target already met (10/10)
2026-07-31 13:12:41,513 | INFO | Q000601 | Success | 3 accepted (ID000076/Real: 3/10)
2026-07-31 13:12:44,940 | INFO | Q000602 | Success | 3 accepted (ID000076/Fake: 3/10)
2026-07-31 13:12:47,784 | INFO | Q000603 | Success | 3 accepted (ID000076/Fake: 6/10)
2026-07-31 13:12:51,012 | INFO | Q000604 | Success | 3 accepted (ID000076/Fake: 9/10)
2026-07-31 13:12:54,133 | INFO | Q000605 | Success | 2 accepted (ID000076/Fake: 11/10)
2026-07-31 13:12:55,635 | INFO | Q000606 | Skipped - ID000076/Fake target already met (11/10)
2026-07-31 13:12:55,635 | INFO | Q000607 | Skipped - ID000076/Fake target already met (11/10)
2026-07-31 13:12:55,636 | INFO | Q000608 | Skipped - ID000076/Fake target already met (11/10)
2026-07-31 13:12:57,501 | INFO | Q000609 | Success | 3 accepted (ID000077/Real: 3/10)
2026-07-31 13:13:00,516 | INFO | Q000610 | Success | 1 accepted (ID000077/Fake: 1/10)
2026-07-31 13:13:03,660 | INFO | Q000611 | Success | 1 accepted (ID000077/Fake: 2/10)
2026-07-31 13:13:06,711 | INFO | Q000612 | Success | 3 accepted (ID000077/Fake: 5/10)
2026-07-31 13:13:09,633 | INFO | Q000613 | Success | 1 accepted (ID000077/Fake: 6/10)
2026-07-31 13:13:12,753 | INFO | Q000614 | No results passed trust/score/extension filters
2026-07-31 13:13:15,742 | INFO | Q000615 | Success | 1 accepted (ID000077/Fake: 7/10)
2026-07-31 13:13:19,079 | INFO | Q000616 | Success | 3 accepted (ID000077/Fake: 10/10)
2026-07-31 13:13:22,403 | INFO | Q000617 | Success | 3 accepted (ID000078/Real: 3/10)
2026-07-31 13:13:25,942 | INFO | Q000618 | Success | 3 accepted (ID000078/Fake: 3/10)
2026-07-31 13:13:31,289 | INFO | Q000619 | Success | 3 accepted (ID000078/Fake: 6/10)
2026-07-31 13:13:34,930 | INFO | Q000620 | Success | 3 accepted (ID000078/Fake: 9/10)
2026-07-31 13:13:38,135 | INFO | Q000621 | Success | 3 accepted (ID000078/Fake: 12/10)
2026-07-31 13:13:39,636 | INFO | Q000622 | Skipped - ID000078/Fake target already met (12/10)
2026-07-31 13:13:39,637 | INFO | Q000623 | Skipped - ID000078/Fake target already met (12/10)
2026-07-31 13:13:39,637 | INFO | Q000624 | Skipped - ID000078/Fake target already met (12/10)
2026-07-31 13:13:41,333 | INFO | Q000625 | Success | 3 accepted (ID000079/Real: 3/10)
2026-07-31 13:13:44,246 | INFO | Q000626 | Success | 1 accepted (ID000079/Fake: 1/10)
2026-07-31 13:13:47,560 | INFO | Q000627 | Success | 3 accepted (ID000079/Fake: 4/10)
2026-07-31 13:13:51,023 | INFO | Q000628 | Success | 2 accepted (ID000079/Fake: 6/10)
2026-07-31 13:13:55,448 | INFO | Q000629 | Success | 2 accepted (ID000079/Fake: 8/10)
2026-07-31 13:14:03,476 | INFO | Q000630 | No results passed trust/score/extension filters
2026-07-31 13:14:06,213 | INFO | Q000631 | Success | 1 accepted (ID000079/Fake: 9/10)
2026-07-31 13:14:09,089 | INFO | Q000632 | Success | 3 accepted (ID000079/Fake: 12/10)
2026-07-31 13:14:12,372 | INFO | Q000633 | Success | 3 accepted (ID000080/Real: 3/10)
2026-07-31 13:14:15,919 | INFO | Q000634 | Success | 3 accepted (ID000080/Fake: 3/10)
2026-07-31 13:14:20,894 | INFO | Q000635 | Success | 1 accepted (ID000080/Fake: 4/10)
2026-07-31 13:14:24,484 | INFO | Q000636 | Success | 3 accepted (ID000080/Fake: 7/10)
2026-07-31 13:14:27,600 | INFO | Q000637 | No results passed trust/score/extension filters
2026-07-31 13:14:30,747 | INFO | Q000638 | No results passed trust/score/extension filters
2026-07-31 13:14:35,374 | INFO | Q000639 | No results passed trust/score/extension filters
2026-07-31 13:14:43,081 | INFO | Q000640 | Success | 2 accepted (ID000080/Fake: 9/10)
2026-07-31 13:14:46,351 | INFO | Q000641 | Success | 3 accepted (ID000081/Real: 3/10)
2026-07-31 13:14:49,231 | INFO | Q000642 | Success | 3 accepted (ID000081/Fake: 3/10)
2026-07-31 13:14:51,941 | INFO | Q000643 | Success | 3 accepted (ID000081/Fake: 6/10)
2026-07-31 13:14:54,987 | INFO | Q000644 | Success | 3 accepted (ID000081/Fake: 9/10)
2026-07-31 13:14:59,228 | INFO | Q000645 | Success | 3 accepted (ID000081/Fake: 12/10)
2026-07-31 13:15:00,731 | INFO | Q000646 | Skipped - ID000081/Fake target already met (12/10)
2026-07-31 13:15:00,732 | INFO | Q000647 | Skipped - ID000081/Fake target already met (12/10)
2026-07-31 13:15:00,732 | INFO | Q000648 | Skipped - ID000081/Fake target already met (12/10)
2026-07-31 13:15:02,865 | INFO | Q000649 | Success | 3 accepted (ID000082/Real: 3/10)
2026-07-31 13:15:06,023 | INFO | Q000650 | No results passed trust/score/extension filters
2026-07-31 13:15:10,666 | INFO | Q000651 | Success | 3 accepted (ID000082/Fake: 3/10)
2026-07-31 13:15:14,121 | INFO | Q000652 | No results passed trust/score/extension filters
2026-07-31 13:15:17,154 | INFO | Q000653 | Success | 3 accepted (ID000082/Fake: 6/10)
2026-07-31 13:15:20,152 | INFO | Q000654 | No results passed trust/score/extension filters
2026-07-31 13:15:23,291 | INFO | Q000655 | No results passed trust/score/extension filters
2026-07-31 13:15:26,438 | INFO | Q000656 | Success | 3 accepted (ID000082/Fake: 9/10)
2026-07-31 13:15:29,768 | INFO | Q000657 | Success | 3 accepted (ID000083/Real: 3/10)
2026-07-31 13:15:32,664 | INFO | Q000658 | No results passed trust/score/extension filters
2026-07-31 13:15:36,191 | INFO | Q000659 | No results passed trust/score/extension filters
2026-07-31 13:15:39,696 | INFO | Q000660 | No results passed trust/score/extension filters
2026-07-31 13:15:44,915 | INFO | Q000661 | No results passed trust/score/extension filters
2026-07-31 13:15:48,706 | INFO | Q000662 | No results passed trust/score/extension filters
2026-07-31 13:15:51,962 | INFO | Q000663 | No results passed trust/score/extension filters
2026-07-31 13:15:55,872 | INFO | Q000664 | Success | 3 accepted (ID000083/Fake: 3/10)
2026-07-31 13:15:59,080 | INFO | Q000665 | Success | 3 accepted (ID000084/Real: 3/10)
2026-07-31 13:16:02,123 | INFO | Q000666 | Success | 3 accepted (ID000084/Fake: 3/10)
2026-07-31 13:16:04,966 | INFO | Q000667 | Success | 3 accepted (ID000084/Fake: 6/10)
2026-07-31 13:16:08,150 | INFO | Q000668 | Success | 3 accepted (ID000084/Fake: 9/10)
2026-07-31 13:16:12,548 | INFO | Q000669 | Success | 3 accepted (ID000084/Fake: 12/10)
2026-07-31 13:16:14,050 | INFO | Q000670 | Skipped - ID000084/Fake target already met (12/10)
2026-07-31 13:16:14,050 | INFO | Q000671 | Skipped - ID000084/Fake target already met (12/10)
2026-07-31 13:16:14,050 | INFO | Q000672 | Skipped - ID000084/Fake target already met (12/10)
2026-07-31 13:16:17,508 | INFO | Q000673 | Success | 3 accepted (ID000085/Real: 3/10)
2026-07-31 13:16:21,883 | INFO | Q000674 | Success | 1 accepted (ID000085/Fake: 1/10)
2026-07-31 13:16:25,057 | INFO | Q000675 | Success | 3 accepted (ID000085/Fake: 4/10)
2026-07-31 13:16:28,044 | INFO | Q000676 | Success | 1 accepted (ID000085/Fake: 5/10)
2026-07-31 13:16:31,142 | INFO | Q000677 | Success | 3 accepted (ID000085/Fake: 8/10)
2026-07-31 13:16:33,922 | INFO | Q000678 | Success | 1 accepted (ID000085/Fake: 9/10)
2026-07-31 13:16:37,187 | INFO | Q000679 | Success | 2 accepted (ID000085/Fake: 11/10)
2026-07-31 13:16:38,689 | INFO | Q000680 | Skipped - ID000085/Fake target already met (11/10)
2026-07-31 13:16:40,439 | INFO | Q000681 | Success | 3 accepted (ID000086/Real: 3/10)
2026-07-31 13:16:43,637 | INFO | Q000682 | Success | 3 accepted (ID000086/Fake: 3/10)
2026-07-31 13:16:46,656 | INFO | Q000683 | No results passed trust/score/extension filters
2026-07-31 13:16:51,505 | INFO | Q000684 | Success | 3 accepted (ID000086/Fake: 6/10)
2026-07-31 13:16:54,617 | INFO | Q000685 | No results passed trust/score/extension filters
2026-07-31 13:16:57,601 | INFO | Q000686 | No results passed trust/score/extension filters
2026-07-31 13:17:00,420 | INFO | Q000687 | Success | 1 accepted (ID000086/Fake: 7/10)
2026-07-31 13:17:03,302 | INFO | Q000688 | Success | 3 accepted (ID000086/Fake: 10/10)
2026-07-31 13:17:10,711 | INFO | Q000689 | Success | 3 accepted (ID000087/Real: 3/10)
2026-07-31 13:17:13,776 | INFO | Q000690 | No results passed trust/score/extension filters
2026-07-31 13:17:17,023 | INFO | Q000691 | Success | 1 accepted (ID000087/Fake: 1/10)
2026-07-31 13:17:20,411 | INFO | Q000692 | No results passed trust/score/extension filters
2026-07-31 13:17:25,148 | INFO | Q000693 | No results passed trust/score/extension filters
2026-07-31 13:17:28,299 | INFO | Q000694 | No results passed trust/score/extension filters
2026-07-31 13:17:31,437 | INFO | Q000695 | No results passed trust/score/extension filters
2026-07-31 13:17:34,879 | INFO | Q000696 | No results passed trust/score/extension filters
2026-07-31 13:17:38,364 | INFO | Q000697 | Success | 3 accepted (ID000088/Real: 3/10)
2026-07-31 13:17:41,242 | INFO | Q000698 | Success | 3 accepted (ID000088/Fake: 3/10)
2026-07-31 13:17:44,736 | INFO | Q000699 | Success | 2 accepted (ID000088/Fake: 5/10)
2026-07-31 13:17:47,847 | INFO | Q000700 | Success | 3 accepted (ID000088/Fake: 8/10)
2026-07-31 13:18:03,765 | ERROR | Q000701 | Exception: HTTPSConnectionPool(host='google.serper.dev', port=443): Max retries exceeded with url: /images (Caused by NewConnectionError('<urllib3.connection.HTTPSConnection object at 0x73527060fe20>: Failed to establish a new connection: [Errno -3] Temporary failure in name resolution'))
Traceback (most recent call last):
  File "/home/amna/miniconda3/envs/deepfake/lib/python3.9/site-packages/urllib3/connection.py", line 174, in _new_conn
    conn = connection.create_connection(
  File "/home/amna/miniconda3/envs/deepfake/lib/python3.9/site-packages/urllib3/util/connection.py", line 72, in create_connection
    for res in socket.getaddrinfo(host, port, family, socket.SOCK_STREAM):
  File "/home/amna/miniconda3/envs/deepfake/lib/python3.9/socket.py", line 966, in getaddrinfo
    for res in _socket.getaddrinfo(host, port, family, type, proto, flags):
socket.gaierror: [Errno -3] Temporary failure in name resolution

During handling of the above exception, another exception occurred:

Traceback (most recent call last):
  File "/home/amna/miniconda3/envs/deepfake/lib/python3.9/site-packages/urllib3/connectionpool.py", line 703, in urlopen
    httplib_response = self._make_request(
  File "/home/amna/miniconda3/envs/deepfake/lib/python3.9/site-packages/urllib3/connectionpool.py", line 386, in _make_request
    self._validate_conn(conn)
  File "/home/amna/miniconda3/envs/deepfake/lib/python3.9/site-packages/urllib3/connectionpool.py", line 1042, in _validate_conn
    conn.connect()
  File "/home/amna/miniconda3/envs/deepfake/lib/python3.9/site-packages/urllib3/connection.py", line 358, in connect
    self.sock = conn = self._new_conn()
  File "/home/amna/miniconda3/envs/deepfake/lib/python3.9/site-packages/urllib3/connection.py", line 186, in _new_conn
    raise NewConnectionError(
urllib3.exceptions.NewConnectionError: <urllib3.connection.HTTPSConnection object at 0x73527060fe20>: Failed to establish a new connection: [Errno -3] Temporary failure in name resolution

During handling of the above exception, another exception occurred:

Traceback (most recent call last):
  File "/home/amna/miniconda3/envs/deepfake/lib/python3.9/site-packages/requests/adapters.py", line 489, in send
    resp = conn.urlopen(
  File "/home/amna/miniconda3/envs/deepfake/lib/python3.9/site-packages/urllib3/connectionpool.py", line 787, in urlopen
    retries = retries.increment(
  File "/home/amna/miniconda3/envs/deepfake/lib/python3.9/site-packages/urllib3/util/retry.py", line 592, in increment
    raise MaxRetryError(_pool, url, error or ResponseError(cause))
urllib3.exceptions.MaxRetryError: HTTPSConnectionPool(host='google.serper.dev', port=443): Max retries exceeded with url: /images (Caused by NewConnectionError('<urllib3.connection.HTTPSConnection object at 0x73527060fe20>: Failed to establish a new connection: [Errno -3] Temporary failure in name resolution'))

During handling of the above exception, another exception occurred:

Traceback (most recent call last):
  File "/home/amna/Real-vs-Fake/Scripts/03_candidates_collection.py", line 526, in main
    r = requests.post(URL, headers=HEADERS, json=payload, timeout=30)
  File "/home/amna/miniconda3/envs/deepfake/lib/python3.9/site-packages/requests/api.py", line 115, in post
    return request("post", url, data=data, json=json, **kwargs)
  File "/home/amna/miniconda3/envs/deepfake/lib/python3.9/site-packages/requests/api.py", line 59, in request
    return session.request(method=method, url=url, **kwargs)
  File "/home/amna/miniconda3/envs/deepfake/lib/python3.9/site-packages/requests/sessions.py", line 587, in request
    resp = self.send(prep, **send_kwargs)
  File "/home/amna/miniconda3/envs/deepfake/lib/python3.9/site-packages/requests/sessions.py", line 701, in send
    r = adapter.send(request, **kwargs)
  File "/home/amna/miniconda3/envs/deepfake/lib/python3.9/site-packages/requests/adapters.py", line 565, in send
    raise ConnectionError(e, request=request)
requests.exceptions.ConnectionError: HTTPSConnectionPool(host='google.serper.dev', port=443): Max retries exceeded with url: /images (Caused by NewConnectionError('<urllib3.connection.HTTPSConnection object at 0x73527060fe20>: Failed to establish a new connection: [Errno -3] Temporary failure in name resolution'))
2026-07-31 13:18:06,913 | INFO | Q000702 | No results passed trust/score/extension filters
2026-07-31 13:18:12,366 | INFO | Q000703 | Success | 1 accepted (ID000088/Fake: 9/10)
2026-07-31 13:18:15,414 | INFO | Q000704 | Success | 3 accepted (ID000088/Fake: 12/10)
2026-07-31 13:18:18,632 | INFO | Q000705 | Success | 3 accepted (ID000089/Real: 3/10)
2026-07-31 13:18:26,196 | INFO | Q000706 | Success | 3 accepted (ID000089/Fake: 3/10)
2026-07-31 13:18:30,056 | INFO | Q000707 | Success | 2 accepted (ID000089/Fake: 5/10)
2026-07-31 13:18:33,575 | INFO | Q000708 | Success | 3 accepted (ID000089/Fake: 8/10)
2026-07-31 13:18:38,167 | INFO | Q000709 | Success | 2 accepted (ID000089/Fake: 10/10)
2026-07-31 13:18:39,671 | INFO | Q000710 | Skipped - ID000089/Fake target already met (10/10)
2026-07-31 13:18:39,672 | INFO | Q000711 | Skipped - ID000089/Fake target already met (10/10)
2026-07-31 13:18:39,672 | INFO | Q000712 | Skipped - ID000089/Fake target already met (10/10)
2026-07-31 13:18:41,550 | INFO | Q000713 | Success | 3 accepted (ID000090/Real: 3/10)
2026-07-31 13:18:44,499 | INFO | Q000714 | No results passed trust/score/extension filters
2026-07-31 13:18:47,990 | INFO | Q000715 | Success | 3 accepted (ID000090/Fake: 3/10)
2026-07-31 13:18:50,839 | INFO | Q000716 | No results passed trust/score/extension filters
2026-07-31 13:18:53,940 | INFO | Q000717 | No results passed trust/score/extension filters
2026-07-31 13:18:56,978 | INFO | Q000718 | No results passed trust/score/extension filters
2026-07-31 13:19:00,469 | INFO | Q000719 | Success | 3 accepted (ID000090/Fake: 6/10)
2026-07-31 13:19:03,732 | INFO | Q000720 | Success | 2 accepted (ID000090/Fake: 8/10)
2026-07-31 13:19:07,280 | INFO | Q000721 | Success | 3 accepted (ID000091/Real: 3/10)
2026-07-31 13:19:12,073 | INFO | Q000722 | Success | 3 accepted (ID000091/Fake: 3/10)
2026-07-31 13:19:15,086 | INFO | Q000723 | Success | 3 accepted (ID000091/Fake: 6/10)
2026-07-31 13:19:18,046 | INFO | Q000724 | Success | 3 accepted (ID000091/Fake: 9/10)
2026-07-31 13:19:21,368 | INFO | Q000725 | No results passed trust/score/extension filters
2026-07-31 13:19:24,602 | INFO | Q000726 | No results passed trust/score/extension filters
2026-07-31 13:19:27,599 | INFO | Q000727 | Success | 2 accepted (ID000091/Fake: 11/10)
2026-07-31 13:19:29,102 | INFO | Q000728 | Skipped - ID000091/Fake target already met (11/10)
2026-07-31 13:19:34,131 | INFO | Q000729 | Success | 3 accepted (ID000092/Real: 3/10)
2026-07-31 13:19:37,041 | INFO | Q000730 | Success | 3 accepted (ID000092/Fake: 3/10)
2026-07-31 13:19:40,015 | INFO | Q000731 | Success | 3 accepted (ID000092/Fake: 6/10)
2026-07-31 13:19:42,962 | INFO | Q000732 | Success | 3 accepted (ID000092/Fake: 9/10)
2026-07-31 13:19:47,494 | INFO | Q000733 | Success | 3 accepted (ID000092/Fake: 12/10)
2026-07-31 13:19:48,997 | INFO | Q000734 | Skipped - ID000092/Fake target already met (12/10)
2026-07-31 13:19:48,998 | INFO | Q000735 | Skipped - ID000092/Fake target already met (12/10)
2026-07-31 13:19:48,999 | INFO | Q000736 | Skipped - ID000092/Fake target already met (12/10)
2026-07-31 13:19:50,818 | INFO | Q000737 | Success | 3 accepted (ID000093/Real: 3/10)
2026-07-31 13:19:55,260 | INFO | Q000738 | Success | 3 accepted (ID000093/Fake: 3/10)
2026-07-31 13:19:58,377 | INFO | Q000739 | Success | 3 accepted (ID000093/Fake: 6/10)
2026-07-31 13:20:01,449 | INFO | Q000740 | Success | 3 accepted (ID000093/Fake: 9/10)
2026-07-31 13:20:04,884 | INFO | Q000741 | Success | 3 accepted (ID000093/Fake: 12/10)
2026-07-31 13:20:06,388 | INFO | Q000742 | Skipped - ID000093/Fake target already met (12/10)
2026-07-31 13:20:06,388 | INFO | Q000743 | Skipped - ID000093/Fake target already met (12/10)
2026-07-31 13:20:06,389 | INFO | Q000744 | Skipped - ID000093/Fake target already met (12/10)
2026-07-31 13:20:08,071 | INFO | Q000745 | Success | 3 accepted (ID000094/Real: 3/10)
2026-07-31 13:20:11,274 | INFO | Q000746 | Success | 1 accepted (ID000094/Fake: 1/10)
2026-07-31 13:20:14,347 | INFO | Q000747 | Success | 3 accepted (ID000094/Fake: 4/10)
2026-07-31 13:20:18,031 | INFO | Q000748 | Success | 1 accepted (ID000094/Fake: 5/10)
2026-07-31 13:20:20,988 | INFO | Q000749 | No results passed trust/score/extension filters
2026-07-31 13:20:25,801 | INFO | Q000750 | No results passed trust/score/extension filters
2026-07-31 13:20:28,892 | INFO | Q000751 | No results passed trust/score/extension filters
2026-07-31 13:20:31,730 | INFO | Q000752 | No results passed trust/score/extension filters
2026-07-31 13:20:34,727 | INFO | Q000753 | Success | 3 accepted (ID000095/Real: 3/10)
2026-07-31 13:20:37,855 | INFO | Q000754 | No results passed trust/score/extension filters
2026-07-31 13:20:40,835 | INFO | Q000755 | No results passed trust/score/extension filters
2026-07-31 13:20:47,437 | INFO | Q000756 | No results passed trust/score/extension filters
2026-07-31 13:20:52,709 | INFO | Q000757 | No results passed trust/score/extension filters
2026-07-31 13:20:55,810 | INFO | Q000758 | No results passed trust/score/extension filters
2026-07-31 13:20:59,207 | INFO | Q000759 | No results passed trust/score/extension filters
2026-07-31 13:21:02,523 | INFO | Q000760 | No results passed trust/score/extension filters
2026-07-31 13:21:05,602 | INFO | Q000761 | Success | 3 accepted (ID000096/Real: 3/10)
2026-07-31 13:21:10,795 | INFO | Q000762 | Success | 3 accepted (ID000096/Fake: 3/10)
2026-07-31 13:21:14,164 | INFO | Q000763 | Success | 3 accepted (ID000096/Fake: 6/10)
2026-07-31 13:21:17,413 | INFO | Q000764 | Success | 3 accepted (ID000096/Fake: 9/10)
2026-07-31 13:21:20,875 | INFO | Q000765 | Success | 3 accepted (ID000096/Fake: 12/10)
2026-07-31 13:21:22,376 | INFO | Q000766 | Skipped - ID000096/Fake target already met (12/10)
2026-07-31 13:21:22,379 | INFO | Q000767 | Skipped - ID000096/Fake target already met (12/10)
2026-07-31 13:21:22,379 | INFO | Q000768 | Skipped - ID000096/Fake target already met (12/10)
2026-07-31 13:21:23,581 | INFO | Q000769 | Success | 3 accepted (ID000097/Real: 3/10)
2026-07-31 13:21:27,694 | INFO | Q000770 | Success | 3 accepted (ID000097/Fake: 3/10)
2026-07-31 13:21:30,785 | INFO | Q000771 | Success | 3 accepted (ID000097/Fake: 6/10)
2026-07-31 13:21:33,842 | INFO | Q000772 | Success | 3 accepted (ID000097/Fake: 9/10)
2026-07-31 13:21:36,910 | INFO | Q000773 | Success | 3 accepted (ID000097/Fake: 12/10)
2026-07-31 13:21:38,412 | INFO | Q000774 | Skipped - ID000097/Fake target already met (12/10)
2026-07-31 13:21:38,412 | INFO | Q000775 | Skipped - ID000097/Fake target already met (12/10)
2026-07-31 13:21:38,413 | INFO | Q000776 | Skipped - ID000097/Fake target already met (12/10)
2026-07-31 13:21:41,395 | INFO | Q000777 | Success | 3 accepted (ID000098/Real: 3/10)
2026-07-31 13:21:44,608 | INFO | Q000778 | Success | 3 accepted (ID000098/Fake: 3/10)
2026-07-31 13:21:47,606 | INFO | Q000779 | Success | 1 accepted (ID000098/Fake: 4/10)
2026-07-31 13:21:50,620 | INFO | Q000780 | Success | 2 accepted (ID000098/Fake: 6/10)
2026-07-31 13:21:53,784 | INFO | Q000781 | Success | 1 accepted (ID000098/Fake: 7/10)
2026-07-31 13:21:56,739 | INFO | Q000782 | No results passed trust/score/extension filters
2026-07-31 13:22:01,616 | INFO | Q000783 | Success | 3 accepted (ID000098/Fake: 10/10)
2026-07-31 13:22:03,120 | INFO | Q000784 | Skipped - ID000098/Fake target already met (10/10)
2026-07-31 13:22:06,111 | INFO | Q000785 | Success | 3 accepted (ID000099/Real: 3/10)
2026-07-31 13:22:10,252 | INFO | Q000786 | Success | 3 accepted (ID000099/Fake: 3/10)
2026-07-31 13:22:13,871 | INFO | Q000787 | Success | 3 accepted (ID000099/Fake: 6/10)
2026-07-31 13:22:18,023 | INFO | Q000788 | Success | 2 accepted (ID000099/Fake: 8/10)
2026-07-31 13:22:21,288 | INFO | Q000789 | Success | 3 accepted (ID000099/Fake: 11/10)
2026-07-31 13:22:22,790 | INFO | Q000790 | Skipped - ID000099/Fake target already met (11/10)
2026-07-31 13:22:22,803 | INFO | Q000791 | Skipped - ID000099/Fake target already met (11/10)
2026-07-31 13:22:22,803 | INFO | Q000792 | Skipped - ID000099/Fake target already met (11/10)
2026-07-31 13:22:24,615 | INFO | Q000793 | Success | 3 accepted (ID000100/Real: 3/10)
2026-07-31 13:22:28,374 | INFO | Q000794 | Success | 3 accepted (ID000100/Fake: 3/10)
2026-07-31 13:22:31,605 | INFO | Q000795 | Success | 3 accepted (ID000100/Fake: 6/10)
2026-07-31 13:22:36,807 | INFO | Q000796 | Success | 3 accepted (ID000100/Fake: 9/10)
2026-07-31 13:22:40,624 | INFO | Q000797 | Success | 3 accepted (ID000100/Fake: 12/10)
2026-07-31 13:22:42,129 | INFO | Q000798 | Skipped - ID000100/Fake target already met (12/10)
2026-07-31 13:22:42,131 | INFO | Q000799 | Skipped - ID000100/Fake target already met (12/10)
2026-07-31 13:22:42,132 | INFO | Q000800 | Skipped - ID000100/Fake target already met (12/10)
2026-07-31 13:22:44,522 | INFO | Q000801 | Success | 3 accepted (ID000101/Real: 3/10)
2026-07-31 13:22:51,076 | INFO | Q000802 | Success | 3 accepted (ID000101/Fake: 3/10)
2026-07-31 13:22:54,559 | INFO | Q000803 | Success | 3 accepted (ID000101/Fake: 6/10)
2026-07-31 13:22:57,505 | INFO | Q000804 | Success | 3 accepted (ID000101/Fake: 9/10)
2026-07-31 13:23:00,641 | INFO | Q000805 | Success | 3 accepted (ID000101/Fake: 12/10)
2026-07-31 13:23:02,143 | INFO | Q000806 | Skipped - ID000101/Fake target already met (12/10)
2026-07-31 13:23:02,144 | INFO | Q000807 | Skipped - ID000101/Fake target already met (12/10)
2026-07-31 13:23:02,144 | INFO | Q000808 | Skipped - ID000101/Fake target already met (12/10)
2026-07-31 13:23:04,002 | INFO | Q000809 | Success | 3 accepted (ID000102/Real: 3/10)
2026-07-31 13:23:08,646 | INFO | Q000810 | No results passed trust/score/extension filters
2026-07-31 13:23:11,934 | INFO | Q000811 | Success | 3 accepted (ID000102/Fake: 3/10)
2026-07-31 13:23:14,874 | INFO | Q000812 | Success | 1 accepted (ID000102/Fake: 4/10)
2026-07-31 13:23:18,018 | INFO | Q000813 | Success | 2 accepted (ID000102/Fake: 6/10)
2026-07-31 13:23:21,042 | INFO | Q000814 | No results passed trust/score/extension filters
2026-07-31 13:23:24,530 | INFO | Q000815 | No results passed trust/score/extension filters
2026-07-31 13:23:27,470 | INFO | Q000816 | No results passed trust/score/extension filters
2026-07-31 13:23:33,111 | INFO | Q000817 | Success | 3 accepted (ID000103/Real: 3/10)
2026-07-31 13:23:36,421 | INFO | Q000818 | Success | 3 accepted (ID000103/Fake: 3/10)
2026-07-31 13:23:41,211 | INFO | Q000819 | Success | 3 accepted (ID000103/Fake: 6/10)
2026-07-31 13:23:45,262 | INFO | Q000820 | Success | 3 accepted (ID000103/Fake: 9/10)
2026-07-31 13:23:48,260 | INFO | Q000821 | Success | 3 accepted (ID000103/Fake: 12/10)
2026-07-31 13:23:49,762 | INFO | Q000822 | Skipped - ID000103/Fake target already met (12/10)
2026-07-31 13:23:49,762 | INFO | Q000823 | Skipped - ID000103/Fake target already met (12/10)
2026-07-31 13:23:49,762 | INFO | Q000824 | Skipped - ID000103/Fake target already met (12/10)
2026-07-31 13:23:51,240 | INFO | Q000825 | Success | 3 accepted (ID000104/Real: 3/10)
2026-07-31 13:23:54,275 | INFO | Q000826 | Success | 2 accepted (ID000104/Fake: 2/10)
2026-07-31 13:23:59,756 | INFO | Q000827 | Success | 1 accepted (ID000104/Fake: 3/10)
2026-07-31 13:24:09,708 | INFO | Q000828 | Success | 3 accepted (ID000104/Fake: 6/10)
2026-07-31 13:24:17,184 | INFO | Q000829 | Success | 3 accepted (ID000104/Fake: 9/10)
2026-07-31 13:24:19,910 | INFO | Q000830 | No results passed trust/score/extension filters
2026-07-31 13:24:23,539 | INFO | Q000831 | Success | 3 accepted (ID000104/Fake: 12/10)
2026-07-31 13:24:25,044 | INFO | Q000832 | Skipped - ID000104/Fake target already met (12/10)
2026-07-31 13:24:26,453 | INFO | Q000833 | Success | 3 accepted (ID000105/Real: 3/10)
2026-07-31 13:24:29,568 | INFO | Q000834 | No results passed trust/score/extension filters
2026-07-31 13:24:34,168 | INFO | Q000835 | Success | 3 accepted (ID000105/Fake: 3/10)
2026-07-31 13:24:37,702 | INFO | Q000836 | No results passed trust/score/extension filters
2026-07-31 13:24:41,104 | INFO | Q000837 | Success | 3 accepted (ID000105/Fake: 6/10)
2026-07-31 13:24:44,874 | INFO | Q000838 | Success | 3 accepted (ID000105/Fake: 9/10)
2026-07-31 13:24:49,565 | INFO | Q000839 | No results passed trust/score/extension filters
2026-07-31 13:24:52,452 | INFO | Q000840 | No results passed trust/score/extension filters
2026-07-31 13:24:55,266 | INFO | Q000841 | Success | 3 accepted (ID000106/Real: 3/10)
2026-07-31 13:24:58,277 | INFO | Q000842 | No results passed trust/score/extension filters
2026-07-31 13:25:01,400 | INFO | Q000843 | Success | 2 accepted (ID000106/Fake: 2/10)
2026-07-31 13:25:04,613 | INFO | Q000844 | Success | 1 accepted (ID000106/Fake: 3/10)
2026-07-31 13:25:07,811 | INFO | Q000845 | Success | 1 accepted (ID000106/Fake: 4/10)
2026-07-31 13:25:11,274 | INFO | Q000846 | No results passed trust/score/extension filters
2026-07-31 13:25:14,512 | INFO | Q000847 | Success | 2 accepted (ID000106/Fake: 6/10)
2026-07-31 13:25:17,719 | INFO | Q000848 | Success | 3 accepted (ID000106/Fake: 9/10)
2026-07-31 13:25:22,941 | INFO | Q000849 | Success | 3 accepted (ID000107/Real: 3/10)
2026-07-31 13:25:25,929 | INFO | Q000850 | Success | 2 accepted (ID000107/Fake: 2/10)
2026-07-31 13:25:28,734 | INFO | Q000851 | Success | 2 accepted (ID000107/Fake: 4/10)
2026-07-31 13:25:31,377 | INFO | Q000852 | Success | 3 accepted (ID000107/Fake: 7/10)
2026-07-31 13:25:34,921 | INFO | Q000853 | No results passed trust/score/extension filters
2026-07-31 13:25:38,474 | INFO | Q000854 | Success | 2 accepted (ID000107/Fake: 9/10)
2026-07-31 13:25:41,723 | INFO | Q000855 | Success | 3 accepted (ID000107/Fake: 12/10)
2026-07-31 13:25:43,225 | INFO | Q000856 | Skipped - ID000107/Fake target already met (12/10)
2026-07-31 13:25:44,924 | INFO | Q000857 | Success | 3 accepted (ID000108/Real: 3/10)
2026-07-31 13:25:48,036 | INFO | Q000858 | No results passed trust/score/extension filters
2026-07-31 13:25:51,018 | INFO | Q000859 | Success | 1 accepted (ID000108/Fake: 1/10)
2026-07-31 13:25:53,984 | INFO | Q000860 | Success | 1 accepted (ID000108/Fake: 2/10)
2026-07-31 13:25:58,660 | INFO | Q000861 | Success | 1 accepted (ID000108/Fake: 3/10)
2026-07-31 13:26:01,494 | INFO | Q000862 | No results passed trust/score/extension filters
2026-07-31 13:26:04,653 | INFO | Q000863 | Success | 3 accepted (ID000108/Fake: 6/10)
2026-07-31 13:26:07,687 | INFO | Q000864 | No results passed trust/score/extension filters
2026-07-31 13:26:10,994 | INFO | Q000865 | Success | 3 accepted (ID000109/Real: 3/10)
2026-07-31 13:26:14,058 | INFO | Q000866 | Success | 3 accepted (ID000109/Fake: 3/10)
2026-07-31 13:26:16,850 | INFO | Q000867 | Success | 3 accepted (ID000109/Fake: 6/10)
2026-07-31 13:26:19,776 | INFO | Q000868 | Success | 3 accepted (ID000109/Fake: 9/10)
2026-07-31 13:26:27,310 | INFO | Q000869 | Success | 3 accepted (ID000109/Fake: 12/10)
2026-07-31 13:26:28,812 | INFO | Q000870 | Skipped - ID000109/Fake target already met (12/10)
2026-07-31 13:26:28,813 | INFO | Q000871 | Skipped - ID000109/Fake target already met (12/10)
2026-07-31 13:26:28,813 | INFO | Q000872 | Skipped - ID000109/Fake target already met (12/10)
2026-07-31 13:26:32,541 | INFO | Q000873 | Success | 3 accepted (ID000110/Real: 3/10)
2026-07-31 13:26:35,744 | INFO | Q000874 | Success | 3 accepted (ID000110/Fake: 3/10)
2026-07-31 13:26:39,969 | INFO | Q000875 | Success | 3 accepted (ID000110/Fake: 6/10)
2026-07-31 13:26:43,002 | INFO | Q000876 | Success | 3 accepted (ID000110/Fake: 9/10)
2026-07-31 13:26:48,386 | INFO | Q000877 | Success | 3 accepted (ID000110/Fake: 12/10)
2026-07-31 13:26:49,887 | INFO | Q000878 | Skipped - ID000110/Fake target already met (12/10)
2026-07-31 13:26:49,887 | INFO | Q000879 | Skipped - ID000110/Fake target already met (12/10)
2026-07-31 13:26:49,888 | INFO | Q000880 | Skipped - ID000110/Fake target already met (12/10)
2026-07-31 13:26:51,478 | INFO | Q000881 | Success | 3 accepted (ID000111/Real: 3/10)
2026-07-31 13:26:54,819 | INFO | Q000882 | Success | 3 accepted (ID000111/Fake: 3/10)
2026-07-31 13:27:01,344 | INFO | Q000883 | Success | 3 accepted (ID000111/Fake: 6/10)
2026-07-31 13:27:05,923 | INFO | Q000884 | Success | 3 accepted (ID000111/Fake: 9/10)
2026-07-31 13:27:08,899 | INFO | Q000885 | Success | 3 accepted (ID000111/Fake: 12/10)
2026-07-31 13:27:10,402 | INFO | Q000886 | Skipped - ID000111/Fake target already met (12/10)
2026-07-31 13:27:10,403 | INFO | Q000887 | Skipped - ID000111/Fake target already met (12/10)
2026-07-31 13:27:10,404 | INFO | Q000888 | Skipped - ID000111/Fake target already met (12/10)
2026-07-31 13:27:11,999 | INFO | Q000889 | Success | 3 accepted (ID000112/Real: 3/10)
2026-07-31 13:27:15,155 | INFO | Q000890 | Success | 3 accepted (ID000112/Fake: 3/10)
2026-07-31 13:27:18,013 | INFO | Q000891 | Success | 3 accepted (ID000112/Fake: 6/10)
2026-07-31 13:27:21,500 | INFO | Q000892 | Success | 3 accepted (ID000112/Fake: 9/10)
2026-07-31 13:27:24,535 | INFO | Q000893 | Success | 3 accepted (ID000112/Fake: 12/10)
2026-07-31 13:27:26,038 | INFO | Q000894 | Skipped - ID000112/Fake target already met (12/10)
2026-07-31 13:27:26,039 | INFO | Q000895 | Skipped - ID000112/Fake target already met (12/10)
2026-07-31 13:27:26,039 | INFO | Q000896 | Skipped - ID000112/Fake target already met (12/10)
2026-07-31 13:27:28,112 | INFO | Q000897 | Success | 3 accepted (ID000113/Real: 3/10)
2026-07-31 13:27:31,034 | INFO | Q000898 | No results passed trust/score/extension filters
2026-07-31 13:27:33,792 | INFO | Q000899 | Success | 3 accepted (ID000113/Fake: 3/10)
2026-07-31 13:27:39,102 | INFO | Q000900 | Success | 3 accepted (ID000113/Fake: 6/10)
2026-07-31 13:27:42,257 | INFO | Q000901 | No results passed trust/score/extension filters
2026-07-31 13:27:45,285 | INFO | Q000902 | No results passed trust/score/extension filters
2026-07-31 13:27:51,316 | INFO | Q000903 | Success | 1 accepted (ID000113/Fake: 7/10)
2026-07-31 13:27:54,497 | INFO | Q000904 | No results passed trust/score/extension filters
2026-07-31 13:27:57,607 | INFO | Q000905 | Success | 3 accepted (ID000114/Real: 3/10)
2026-07-31 13:28:00,519 | INFO | Q000906 | No results passed trust/score/extension filters
2026-07-31 13:28:04,136 | INFO | Q000907 | No results passed trust/score/extension filters
2026-07-31 13:28:07,001 | INFO | Q000908 | No results passed trust/score/extension filters
2026-07-31 13:28:10,415 | INFO | Q000909 | No results passed trust/score/extension filters
2026-07-31 13:28:15,089 | INFO | Q000910 | No results passed trust/score/extension filters
2026-07-31 13:28:18,196 | INFO | Q000911 | Success | 3 accepted (ID000114/Fake: 3/10)
2026-07-31 13:28:21,866 | INFO | Q000912 | No results passed trust/score/extension filters
2026-07-31 13:28:24,798 | INFO | Q000913 | Success | 3 accepted (ID000115/Real: 3/10)
2026-07-31 13:28:27,833 | INFO | Q000914 | No results passed trust/score/extension filters
2026-07-31 13:28:30,712 | INFO | Q000915 | No results passed trust/score/extension filters
2026-07-31 13:28:33,636 | INFO | Q000916 | No results passed trust/score/extension filters
2026-07-31 13:28:37,037 | INFO | Q000917 | No results passed trust/score/extension filters
2026-07-31 13:28:40,571 | INFO | Q000918 | No results passed trust/score/extension filters
2026-07-31 13:28:43,874 | INFO | Q000919 | Success | 2 accepted (ID000115/Fake: 2/10)
2026-07-31 13:28:52,993 | INFO | Q000920 | No results passed trust/score/extension filters
2026-07-31 13:28:59,265 | INFO | Q000921 | Success | 3 accepted (ID000116/Real: 3/10)
2026-07-31 13:29:02,416 | INFO | Q000922 | Success | 3 accepted (ID000116/Fake: 3/10)
2026-07-31 13:29:05,288 | INFO | Q000923 | Success | 1 accepted (ID000116/Fake: 4/10)
2026-07-31 13:29:08,375 | INFO | Q000924 | Success | 3 accepted (ID000116/Fake: 7/10)
2026-07-31 13:29:11,318 | INFO | Q000925 | Success | 2 accepted (ID000116/Fake: 9/10)
2026-07-31 13:29:16,561 | INFO | Q000926 | No results passed trust/score/extension filters
2026-07-31 13:29:19,561 | INFO | Q000927 | Success | 1 accepted (ID000116/Fake: 10/10)
2026-07-31 13:29:21,064 | INFO | Q000928 | Skipped - ID000116/Fake target already met (10/10)
2026-07-31 13:29:22,752 | INFO | Q000929 | Success | 3 accepted (ID000117/Real: 3/10)
2026-07-31 13:29:25,758 | INFO | Q000930 | Success | 1 accepted (ID000117/Fake: 1/10)
2026-07-31 13:29:28,587 | INFO | Q000931 | Success | 3 accepted (ID000117/Fake: 4/10)
2026-07-31 13:29:31,790 | INFO | Q000932 | Success | 1 accepted (ID000117/Fake: 5/10)
2026-07-31 13:29:37,272 | INFO | Q000933 | Success | 2 accepted (ID000117/Fake: 7/10)
2026-07-31 13:29:40,281 | INFO | Q000934 | Success | 1 accepted (ID000117/Fake: 8/10)
2026-07-31 13:29:43,226 | INFO | Q000935 | No results passed trust/score/extension filters
2026-07-31 13:29:46,417 | INFO | Q000936 | No results passed trust/score/extension filters
2026-07-31 13:29:49,397 | INFO | Q000937 | Success | 3 accepted (ID000118/Real: 3/10)
2026-07-31 13:30:01,451 | INFO | Q000938 | Success | 2 accepted (ID000118/Fake: 2/10)
2026-07-31 13:30:05,264 | INFO | Q000939 | No results passed trust/score/extension filters
2026-07-31 13:30:10,525 | INFO | Q000940 | Success | 3 accepted (ID000118/Fake: 5/10)
2026-07-31 13:30:13,719 | INFO | Q000941 | No results passed trust/score/extension filters
2026-07-31 13:30:16,628 | INFO | Q000942 | No results passed trust/score/extension filters
2026-07-31 13:30:19,693 | INFO | Q000943 | Success | 3 accepted (ID000118/Fake: 8/10)
2026-07-31 13:30:22,918 | INFO | Q000944 | Success | 3 accepted (ID000118/Fake: 11/10)
2026-07-31 13:30:26,227 | INFO | Q000945 | Success | 3 accepted (ID000119/Real: 3/10)
2026-07-31 13:30:29,143 | INFO | Q000946 | Success | 3 accepted (ID000119/Fake: 3/10)
2026-07-31 13:30:33,324 | INFO | Q000947 | Success | 3 accepted (ID000119/Fake: 6/10)
2026-07-31 13:30:36,305 | INFO | Q000948 | Success | 3 accepted (ID000119/Fake: 9/10)
2026-07-31 13:30:39,292 | INFO | Q000949 | No results passed trust/score/extension filters
2026-07-31 13:30:43,864 | INFO | Q000950 | Success | 1 accepted (ID000119/Fake: 10/10)
2026-07-31 13:30:45,367 | INFO | Q000951 | Skipped - ID000119/Fake target already met (10/10)
2026-07-31 13:30:45,368 | INFO | Q000952 | Skipped - ID000119/Fake target already met (10/10)
2026-07-31 13:30:46,983 | INFO | Q000953 | Success | 3 accepted (ID000120/Real: 3/10)
2026-07-31 13:30:50,080 | INFO | Q000954 | No results passed trust/score/extension filters
2026-07-31 13:30:53,126 | INFO | Q000955 | No results passed trust/score/extension filters
2026-07-31 13:30:55,978 | INFO | Q000956 | No results passed trust/score/extension filters
2026-07-31 13:30:59,065 | INFO | Q000957 | Success | 3 accepted (ID000120/Fake: 3/10)
2026-07-31 13:31:02,025 | INFO | Q000958 | No results passed trust/score/extension filters
2026-07-31 13:31:05,375 | INFO | Q000959 | No results passed trust/score/extension filters
2026-07-31 13:31:09,453 | INFO | Q000960 | Success | 3 accepted (ID000120/Fake: 6/10)
2026-07-31 13:31:13,417 | INFO | Q000961 | Success | 3 accepted (ID000121/Real: 3/10)
2026-07-31 13:31:16,522 | INFO | Q000962 | Success | 3 accepted (ID000121/Fake: 3/10)
2026-07-31 13:31:19,958 | INFO | Q000963 | Success | 3 accepted (ID000121/Fake: 6/10)
2026-07-31 13:31:23,173 | INFO | Q000964 | Success | 3 accepted (ID000121/Fake: 9/10)
2026-07-31 13:31:26,451 | INFO | Q000965 | Success | 3 accepted (ID000121/Fake: 12/10)
2026-07-31 13:31:27,955 | INFO | Q000966 | Skipped - ID000121/Fake target already met (12/10)
2026-07-31 13:31:27,956 | INFO | Q000967 | Skipped - ID000121/Fake target already met (12/10)
2026-07-31 13:31:27,956 | INFO | Q000968 | Skipped - ID000121/Fake target already met (12/10)
2026-07-31 13:31:29,726 | INFO | Q000969 | Success | 3 accepted (ID000122/Real: 3/10)
2026-07-31 13:31:32,798 | INFO | Q000970 | Success | 3 accepted (ID000122/Fake: 3/10)
2026-07-31 13:31:35,644 | INFO | Q000971 | Success | 3 accepted (ID000122/Fake: 6/10)
2026-07-31 13:31:38,662 | INFO | Q000972 | Success | 3 accepted (ID000122/Fake: 9/10)
2026-07-31 13:31:42,503 | INFO | Q000973 | No results passed trust/score/extension filters
2026-07-31 13:31:46,251 | INFO | Q000974 | No results passed trust/score/extension filters
2026-07-31 13:31:49,923 | INFO | Q000975 | Success | 2 accepted (ID000122/Fake: 11/10)
2026-07-31 13:31:53,350 | INFO | Q000976 | Skipped - ID000122/Fake target already met (11/10)
2026-07-31 13:31:55,063 | INFO | Q000977 | Success | 3 accepted (ID000123/Real: 3/10)
2026-07-31 13:31:58,406 | INFO | Q000978 | Success | 3 accepted (ID000123/Fake: 3/10)
2026-07-31 13:32:01,927 | INFO | Q000979 | Success | 3 accepted (ID000123/Fake: 6/10)
2026-07-31 13:32:05,029 | INFO | Q000980 | Success | 3 accepted (ID000123/Fake: 9/10)
2026-07-31 13:32:08,001 | INFO | Q000981 | Success | 3 accepted (ID000123/Fake: 12/10)
2026-07-31 13:32:09,503 | INFO | Q000982 | Skipped - ID000123/Fake target already met (12/10)
2026-07-31 13:32:09,503 | INFO | Q000983 | Skipped - ID000123/Fake target already met (12/10)
2026-07-31 13:32:09,504 | INFO | Q000984 | Skipped - ID000123/Fake target already met (12/10)
2026-07-31 13:32:10,731 | INFO | Q000985 | Success | 3 accepted (ID000124/Real: 3/10)
2026-07-31 13:32:13,638 | INFO | Q000986 | Success | 3 accepted (ID000124/Fake: 3/10)
2026-07-31 13:32:16,412 | INFO | Q000987 | Success | 1 accepted (ID000124/Fake: 4/10)
2026-07-31 13:32:19,525 | INFO | Q000988 | Success | 3 accepted (ID000124/Fake: 7/10)
2026-07-31 13:32:22,489 | INFO | Q000989 | No results passed trust/score/extension filters
2026-07-31 13:32:27,704 | INFO | Q000990 | No results passed trust/score/extension filters
2026-07-31 13:32:30,758 | INFO | Q000991 | Success | 2 accepted (ID000124/Fake: 9/10)
2026-07-31 13:32:33,844 | INFO | Q000992 | Success | 3 accepted (ID000124/Fake: 12/10)
2026-07-31 13:32:36,961 | INFO | Q000993 | Success | 3 accepted (ID000125/Real: 3/10)
2026-07-31 13:32:40,185 | INFO | Q000994 | Success | 3 accepted (ID000125/Fake: 3/10)
2026-07-31 13:32:43,277 | INFO | Q000995 | Success | 3 accepted (ID000125/Fake: 6/10)
2026-07-31 13:32:46,241 | INFO | Q000996 | Success | 3 accepted (ID000125/Fake: 9/10)
2026-07-31 13:32:49,376 | INFO | Q000997 | Success | 3 accepted (ID000125/Fake: 12/10)
2026-07-31 13:32:50,878 | INFO | Q000998 | Skipped - ID000125/Fake target already met (12/10)
2026-07-31 13:32:50,878 | INFO | Q000999 | Skipped - ID000125/Fake target already met (12/10)
2026-07-31 13:32:50,878 | INFO | Q001000 | Skipped - ID000125/Fake target already met (12/10)
2026-07-31 13:32:52,631 | INFO | Q001001 | Success | 3 accepted (ID000126/Real: 3/10)
2026-07-31 13:32:55,764 | INFO | Q001002 | No results passed trust/score/extension filters
2026-07-31 13:33:01,176 | INFO | Q001003 | No results passed trust/score/extension filters
2026-07-31 13:33:04,312 | INFO | Q001004 | No results passed trust/score/extension filters
2026-07-31 13:33:07,225 | INFO | Q001005 | No results passed trust/score/extension filters
2026-07-31 13:33:10,496 | INFO | Q001006 | No results passed trust/score/extension filters
2026-07-31 13:33:13,944 | INFO | Q001007 | No results passed trust/score/extension filters
2026-07-31 13:33:17,298 | INFO | Q001008 | No results passed trust/score/extension filters
2026-07-31 13:33:20,525 | INFO | Q001009 | Success | 3 accepted (ID000127/Real: 3/10)
2026-07-31 13:33:23,538 | INFO | Q001010 | Success | 2 accepted (ID000127/Fake: 2/10)
2026-07-31 13:33:26,477 | INFO | Q001011 | Success | 1 accepted (ID000127/Fake: 3/10)
2026-07-31 13:33:29,806 | INFO | Q001012 | Success | 3 accepted (ID000127/Fake: 6/10)
2026-07-31 13:33:37,269 | INFO | Q001013 | No results passed trust/score/extension filters
2026-07-31 13:33:40,667 | INFO | Q001014 | No results passed trust/score/extension filters
2026-07-31 13:33:43,681 | INFO | Q001015 | No results passed trust/score/extension filters
2026-07-31 13:33:46,904 | INFO | Q001016 | Success | 3 accepted (ID000127/Fake: 9/10)
2026-07-31 13:33:50,250 | INFO | Q001017 | Success | 3 accepted (ID000128/Real: 3/10)
2026-07-31 13:33:53,326 | INFO | Q001018 | Success | 1 accepted (ID000128/Fake: 1/10)
2026-07-31 13:33:56,433 | INFO | Q001019 | Success | 2 accepted (ID000128/Fake: 3/10)
2026-07-31 13:33:59,560 | INFO | Q001020 | Success | 1 accepted (ID000128/Fake: 4/10)
2026-07-31 13:34:03,031 | INFO | Q001021 | Success | 1 accepted (ID000128/Fake: 5/10)
2026-07-31 13:34:05,864 | INFO | Q001022 | No results passed trust/score/extension filters
2026-07-31 13:34:11,112 | INFO | Q001023 | Success | 1 accepted (ID000128/Fake: 6/10)
2026-07-31 13:34:14,337 | INFO | Q001024 | Success | 3 accepted (ID000128/Fake: 9/10)
2026-07-31 13:34:17,863 | INFO | Q001025 | Success | 3 accepted (ID000129/Real: 3/10)
2026-07-31 13:34:21,279 | INFO | Q001026 | Success | 1 accepted (ID000129/Fake: 1/10)
2026-07-31 13:34:24,669 | INFO | Q001027 | No results passed trust/score/extension filters
2026-07-31 13:34:28,031 | INFO | Q001028 | Success | 3 accepted (ID000129/Fake: 4/10)
2026-07-31 13:34:31,331 | INFO | Q001029 | No results passed trust/score/extension filters
2026-07-31 13:34:34,393 | INFO | Q001030 | No results passed trust/score/extension filters
2026-07-31 13:34:37,571 | INFO | Q001031 | Success | 2 accepted (ID000129/Fake: 6/10)
2026-07-31 13:34:40,594 | INFO | Q001032 | Success | 3 accepted (ID000129/Fake: 9/10)
2026-07-31 13:34:44,010 | INFO | Q001033 | Success | 3 accepted (ID000130/Real: 3/10)
2026-07-31 13:34:46,959 | INFO | Q001034 | No results passed trust/score/extension filters
2026-07-31 13:34:49,873 | INFO | Q001035 | No results passed trust/score/extension filters
2026-07-31 13:34:52,770 | INFO | Q001036 | No results passed trust/score/extension filters
2026-07-31 13:34:56,133 | INFO | Q001037 | No results passed trust/score/extension filters
2026-07-31 13:34:59,686 | INFO | Q001038 | No results passed trust/score/extension filters
2026-07-31 13:35:03,041 | INFO | Q001039 | No results passed trust/score/extension filters
2026-07-31 13:35:06,253 | INFO | Q001040 | Success | 1 accepted (ID000130/Fake: 1/10)
2026-07-31 13:35:09,674 | INFO | Q001041 | Success | 3 accepted (ID000131/Real: 3/10)
2026-07-31 13:35:12,542 | INFO | Q001042 | Success | 3 accepted (ID000131/Fake: 3/10)
2026-07-31 13:35:15,433 | INFO | Q001043 | Success | 3 accepted (ID000131/Fake: 6/10)
2026-07-31 13:35:18,710 | INFO | Q001044 | Success | 3 accepted (ID000131/Fake: 9/10)
2026-07-31 13:35:22,049 | INFO | Q001045 | Success | 3 accepted (ID000131/Fake: 12/10)
2026-07-31 13:35:23,553 | INFO | Q001046 | Skipped - ID000131/Fake target already met (12/10)
2026-07-31 13:35:23,554 | INFO | Q001047 | Skipped - ID000131/Fake target already met (12/10)
2026-07-31 13:35:23,555 | INFO | Q001048 | Skipped - ID000131/Fake target already met (12/10)
2026-07-31 13:35:24,944 | INFO | Q001049 | Success | 3 accepted (ID000132/Real: 3/10)
2026-07-31 13:35:28,438 | INFO | Q001050 | Success | 3 accepted (ID000132/Fake: 3/10)
2026-07-31 13:35:31,406 | INFO | Q001051 | Success | 3 accepted (ID000132/Fake: 6/10)
2026-07-31 13:35:34,439 | INFO | Q001052 | Success | 3 accepted (ID000132/Fake: 9/10)
2026-07-31 13:35:37,885 | INFO | Q001053 | Success | 3 accepted (ID000132/Fake: 12/10)
2026-07-31 13:35:39,388 | INFO | Q001054 | Skipped - ID000132/Fake target already met (12/10)
2026-07-31 13:35:39,388 | INFO | Q001055 | Skipped - ID000132/Fake target already met (12/10)
2026-07-31 13:35:39,388 | INFO | Q001056 | Skipped - ID000132/Fake target already met (12/10)
2026-07-31 13:35:41,143 | INFO | Q001057 | Success | 3 accepted (ID000133/Real: 3/10)
2026-07-31 13:35:44,372 | INFO | Q001058 | Success | 3 accepted (ID000133/Fake: 3/10)
2026-07-31 13:35:48,157 | INFO | Q001059 | Success | 3 accepted (ID000133/Fake: 6/10)
2026-07-31 13:35:51,902 | INFO | Q001060 | Success | 3 accepted (ID000133/Fake: 9/10)
2026-07-31 13:35:55,101 | INFO | Q001061 | Success | 3 accepted (ID000133/Fake: 12/10)
2026-07-31 13:35:56,604 | INFO | Q001062 | Skipped - ID000133/Fake target already met (12/10)
2026-07-31 13:35:56,605 | INFO | Q001063 | Skipped - ID000133/Fake target already met (12/10)
2026-07-31 13:35:56,605 | INFO | Q001064 | Skipped - ID000133/Fake target already met (12/10)
2026-07-31 13:35:58,222 | INFO | Q001065 | Success | 3 accepted (ID000134/Real: 3/10)
2026-07-31 13:36:01,501 | INFO | Q001066 | Success | 1 accepted (ID000134/Fake: 1/10)
2026-07-31 13:36:04,818 | INFO | Q001067 | Success | 3 accepted (ID000134/Fake: 4/10)
2026-07-31 13:36:07,917 | INFO | Q001068 | Success | 1 accepted (ID000134/Fake: 5/10)
2026-07-31 13:36:11,227 | INFO | Q001069 | Success | 2 accepted (ID000134/Fake: 7/10)
2026-07-31 13:36:14,306 | INFO | Q001070 | No results passed trust/score/extension filters
2026-07-31 13:36:24,834 | INFO | Q001071 | Success | 3 accepted (ID000134/Fake: 10/10)
2026-07-31 13:36:26,336 | INFO | Q001072 | Skipped - ID000134/Fake target already met (10/10)
2026-07-31 13:36:28,074 | INFO | Q001073 | Success | 3 accepted (ID000135/Real: 3/10)
2026-07-31 13:36:31,073 | INFO | Q001074 | Success | 3 accepted (ID000135/Fake: 3/10)
2026-07-31 13:36:33,988 | INFO | Q001075 | Success | 3 accepted (ID000135/Fake: 6/10)
2026-07-31 13:36:40,000 | INFO | Q001076 | Success | 3 accepted (ID000135/Fake: 9/10)
2026-07-31 13:36:52,251 | INFO | Q001077 | Success | 3 accepted (ID000135/Fake: 12/10)
2026-07-31 13:36:53,755 | INFO | Q001078 | Skipped - ID000135/Fake target already met (12/10)
2026-07-31 13:36:53,755 | INFO | Q001079 | Skipped - ID000135/Fake target already met (12/10)
2026-07-31 13:36:53,755 | INFO | Q001080 | Skipped - ID000135/Fake target already met (12/10)
2026-07-31 13:36:55,549 | INFO | Q001081 | Success | 3 accepted (ID000136/Real: 3/10)
2026-07-31 13:36:58,611 | INFO | Q001082 | Success | 3 accepted (ID000136/Fake: 3/10)
2026-07-31 13:37:01,896 | INFO | Q001083 | Success | 3 accepted (ID000136/Fake: 6/10)
2026-07-31 13:37:04,829 | INFO | Q001084 | Success | 3 accepted (ID000136/Fake: 9/10)
2026-07-31 13:37:07,852 | INFO | Q001085 | Success | 3 accepted (ID000136/Fake: 12/10)
2026-07-31 13:37:09,355 | INFO | Q001086 | Skipped - ID000136/Fake target already met (12/10)
2026-07-31 13:37:09,355 | INFO | Q001087 | Skipped - ID000136/Fake target already met (12/10)
2026-07-31 13:37:09,355 | INFO | Q001088 | Skipped - ID000136/Fake target already met (12/10)
2026-07-31 13:37:11,315 | INFO | Q001089 | Success | 3 accepted (ID000137/Real: 3/10)
2026-07-31 13:37:14,574 | INFO | Q001090 | Success | 3 accepted (ID000137/Fake: 3/10)
2026-07-31 13:37:17,532 | INFO | Q001091 | Success | 3 accepted (ID000137/Fake: 6/10)
2026-07-31 13:37:20,554 | INFO | Q001092 | Success | 3 accepted (ID000137/Fake: 9/10)
2026-07-31 13:37:23,529 | INFO | Q001093 | Success | 3 accepted (ID000137/Fake: 12/10)
2026-07-31 13:37:25,032 | INFO | Q001094 | Skipped - ID000137/Fake target already met (12/10)
2026-07-31 13:37:25,033 | INFO | Q001095 | Skipped - ID000137/Fake target already met (12/10)
2026-07-31 13:37:25,033 | INFO | Q001096 | Skipped - ID000137/Fake target already met (12/10)
2026-07-31 13:37:27,199 | INFO | Q001097 | Success | 3 accepted (ID000138/Real: 3/10)
2026-07-31 13:37:30,765 | INFO | Q001098 | Success | 3 accepted (ID000138/Fake: 3/10)
2026-07-31 13:37:33,696 | INFO | Q001099 | Success | 1 accepted (ID000138/Fake: 4/10)
2026-07-31 13:37:37,176 | INFO | Q001100 | Success | 3 accepted (ID000138/Fake: 7/10)
2026-07-31 13:37:40,409 | INFO | Q001101 | Success | 2 accepted (ID000138/Fake: 9/10)
2026-07-31 13:37:43,654 | INFO | Q001102 | No results passed trust/score/extension filters
2026-07-31 13:37:46,433 | INFO | Q001103 | Success | 3 accepted (ID000138/Fake: 12/10)
2026-07-31 13:37:47,937 | INFO | Q001104 | Skipped - ID000138/Fake target already met (12/10)
2026-07-31 13:37:49,549 | INFO | Q001105 | Success | 3 accepted (ID000139/Real: 3/10)
2026-07-31 13:37:52,728 | INFO | Q001106 | Success | 3 accepted (ID000139/Fake: 3/10)
2026-07-31 13:37:55,816 | INFO | Q001107 | Success | 1 accepted (ID000139/Fake: 4/10)
2026-07-31 13:37:58,770 | INFO | Q001108 | Success | 3 accepted (ID000139/Fake: 7/10)
2026-07-31 13:38:01,906 | INFO | Q001109 | No results passed trust/score/extension filters
2026-07-31 13:38:04,992 | INFO | Q001110 | No results passed trust/score/extension filters
2026-07-31 13:38:08,229 | INFO | Q001111 | Success | 1 accepted (ID000139/Fake: 8/10)
2026-07-31 13:38:11,897 | INFO | Q001112 | Success | 3 accepted (ID000139/Fake: 11/10)
2026-07-31 13:38:15,264 | INFO | Q001113 | Success | 3 accepted (ID000140/Real: 3/10)
2026-07-31 13:38:18,810 | INFO | Q001114 | Success | 3 accepted (ID000140/Fake: 3/10)
2026-07-31 13:38:22,147 | INFO | Q001115 | Success | 3 accepted (ID000140/Fake: 6/10)
2026-07-31 13:38:24,992 | INFO | Q001116 | Success | 3 accepted (ID000140/Fake: 9/10)
2026-07-31 13:38:28,398 | INFO | Q001117 | Success | 3 accepted (ID000140/Fake: 12/10)
2026-07-31 13:38:29,901 | INFO | Q001118 | Skipped - ID000140/Fake target already met (12/10)
2026-07-31 13:38:29,901 | INFO | Q001119 | Skipped - ID000140/Fake target already met (12/10)
2026-07-31 13:38:29,901 | INFO | Q001120 | Skipped - ID000140/Fake target already met (12/10)
2026-07-31 13:38:31,944 | INFO | Q001121 | Success | 3 accepted (ID000141/Real: 3/10)
2026-07-31 13:38:34,992 | INFO | Q001122 | Success | 1 accepted (ID000141/Fake: 1/10)
2026-07-31 13:38:38,143 | INFO | Q001123 | No results passed trust/score/extension filters
2026-07-31 13:38:41,270 | INFO | Q001124 | No results passed trust/score/extension filters
2026-07-31 13:38:44,853 | INFO | Q001125 | No results passed trust/score/extension filters
2026-07-31 13:38:48,046 | INFO | Q001126 | No results passed trust/score/extension filters
2026-07-31 13:38:51,553 | INFO | Q001127 | No results passed trust/score/extension filters
2026-07-31 13:38:54,731 | INFO | Q001128 | Success | 1 accepted (ID000141/Fake: 2/10)
2026-07-31 13:38:57,985 | INFO | Q001129 | Success | 3 accepted (ID000142/Real: 3/10)
2026-07-31 13:39:04,074 | INFO | Q001130 | No results passed trust/score/extension filters
2026-07-31 13:39:07,396 | INFO | Q001131 | Success | 3 accepted (ID000142/Fake: 3/10)
2026-07-31 13:39:10,682 | INFO | Q001132 | No results passed trust/score/extension filters
2026-07-31 13:39:17,805 | INFO | Q001133 | No results passed trust/score/extension filters
2026-07-31 13:39:20,986 | INFO | Q001134 | No results passed trust/score/extension filters
2026-07-31 13:39:24,160 | INFO | Q001135 | No results passed trust/score/extension filters
2026-07-31 13:39:27,529 | INFO | Q001136 | Success | 3 accepted (ID000142/Fake: 6/10)
2026-07-31 13:39:31,033 | INFO | Q001137 | Success | 3 accepted (ID000143/Real: 3/10)
2026-07-31 13:39:34,797 | INFO | Q001138 | Success | 3 accepted (ID000143/Fake: 3/10)
2026-07-31 13:39:38,344 | INFO | Q001139 | Success | 3 accepted (ID000143/Fake: 6/10)
2026-07-31 13:39:41,775 | INFO | Q001140 | Success | 3 accepted (ID000143/Fake: 9/10)
2026-07-31 13:39:45,163 | INFO | Q001141 | Success | 1 accepted (ID000143/Fake: 10/10)
2026-07-31 13:39:46,667 | INFO | Q001142 | Skipped - ID000143/Fake target already met (10/10)
2026-07-31 13:39:46,668 | INFO | Q001143 | Skipped - ID000143/Fake target already met (10/10)
2026-07-31 13:39:46,669 | INFO | Q001144 | Skipped - ID000143/Fake target already met (10/10)
2026-07-31 13:39:48,077 | INFO | Q001145 | Success | 3 accepted (ID000144/Real: 3/10)
2026-07-31 13:39:50,979 | INFO | Q001146 | Success | 3 accepted (ID000144/Fake: 3/10)
2026-07-31 13:39:53,675 | INFO | Q001147 | Success | 2 accepted (ID000144/Fake: 5/10)
2026-07-31 13:39:57,259 | INFO | Q001148 | Success | 3 accepted (ID000144/Fake: 8/10)
2026-07-31 13:40:00,203 | INFO | Q001149 | Success | 3 accepted (ID000144/Fake: 11/10)
2026-07-31 13:40:01,705 | INFO | Q001150 | Skipped - ID000144/Fake target already met (11/10)
2026-07-31 13:40:01,706 | INFO | Q001151 | Skipped - ID000144/Fake target already met (11/10)
2026-07-31 13:40:01,706 | INFO | Q001152 | Skipped - ID000144/Fake target already met (11/10)
2026-07-31 13:40:03,452 | INFO | Q001153 | Success | 3 accepted (ID000145/Real: 3/10)
2026-07-31 13:40:09,259 | INFO | Q001154 | Success | 3 accepted (ID000145/Fake: 3/10)
2026-07-31 13:40:12,257 | INFO | Q001155 | Success | 3 accepted (ID000145/Fake: 6/10)
2026-07-31 13:40:15,375 | INFO | Q001156 | Success | 3 accepted (ID000145/Fake: 9/10)
2026-07-31 13:40:18,234 | INFO | Q001157 | Success | 3 accepted (ID000145/Fake: 12/10)
2026-07-31 13:40:19,737 | INFO | Q001158 | Skipped - ID000145/Fake target already met (12/10)
2026-07-31 13:40:19,741 | INFO | Q001159 | Skipped - ID000145/Fake target already met (12/10)
2026-07-31 13:40:19,741 | INFO | Q001160 | Skipped - ID000145/Fake target already met (12/10)
2026-07-31 13:40:25,679 | INFO | Q001161 | Success | 3 accepted (ID000146/Real: 3/10)
2026-07-31 13:40:28,699 | INFO | Q001162 | Success | 3 accepted (ID000146/Fake: 3/10)
2026-07-31 13:40:31,553 | INFO | Q001163 | Success | 3 accepted (ID000146/Fake: 6/10)
2026-07-31 13:40:34,513 | INFO | Q001164 | Success | 3 accepted (ID000146/Fake: 9/10)
2026-07-31 13:40:37,736 | INFO | Q001165 | Success | 3 accepted (ID000146/Fake: 12/10)
2026-07-31 13:40:39,239 | INFO | Q001166 | Skipped - ID000146/Fake target already met (12/10)
2026-07-31 13:40:39,239 | INFO | Q001167 | Skipped - ID000146/Fake target already met (12/10)
2026-07-31 13:40:39,239 | INFO | Q001168 | Skipped - ID000146/Fake target already met (12/10)
2026-07-31 13:40:40,760 | INFO | Q001169 | Success | 3 accepted (ID000147/Real: 3/10)
2026-07-31 13:40:43,819 | INFO | Q001170 | Success | 2 accepted (ID000147/Fake: 2/10)
2026-07-31 13:40:46,930 | INFO | Q001171 | Success | 3 accepted (ID000147/Fake: 5/10)
2026-07-31 13:40:49,983 | INFO | Q001172 | Success | 2 accepted (ID000147/Fake: 7/10)
2026-07-31 13:40:53,479 | INFO | Q001173 | Success | 1 accepted (ID000147/Fake: 8/10)
2026-07-31 13:40:56,662 | INFO | Q001174 | No results passed trust/score/extension filters
2026-07-31 13:41:00,456 | INFO | Q001175 | Success | 3 accepted (ID000147/Fake: 11/10)
2026-07-31 13:41:01,959 | INFO | Q001176 | Skipped - ID000147/Fake target already met (11/10)
2026-07-31 13:41:03,883 | INFO | Q001177 | Success | 3 accepted (ID000148/Real: 3/10)
2026-07-31 13:41:10,336 | INFO | Q001178 | Success | 3 accepted (ID000148/Fake: 3/10)
2026-07-31 13:41:13,381 | INFO | Q001179 | Success | 3 accepted (ID000148/Fake: 6/10)
2026-07-31 13:41:16,354 | INFO | Q001180 | Success | 2 accepted (ID000148/Fake: 8/10)
2026-07-31 13:41:19,534 | INFO | Q001181 | Success | 2 accepted (ID000148/Fake: 10/10)
2026-07-31 13:41:21,038 | INFO | Q001182 | Skipped - ID000148/Fake target already met (10/10)
2026-07-31 13:41:21,039 | INFO | Q001183 | Skipped - ID000148/Fake target already met (10/10)
2026-07-31 13:41:21,039 | INFO | Q001184 | Skipped - ID000148/Fake target already met (10/10)
2026-07-31 13:41:22,948 | INFO | Q001185 | Success | 3 accepted (ID000149/Real: 3/10)
2026-07-31 13:41:32,695 | INFO | Q001186 | Success | 3 accepted (ID000149/Fake: 3/10)
2026-07-31 13:41:36,071 | INFO | Q001187 | Success | 3 accepted (ID000149/Fake: 6/10)
2026-07-31 13:41:39,363 | INFO | Q001188 | Success | 3 accepted (ID000149/Fake: 9/10)
2026-07-31 13:41:43,050 | INFO | Q001189 | Success | 3 accepted (ID000149/Fake: 12/10)
2026-07-31 13:41:44,554 | INFO | Q001190 | Skipped - ID000149/Fake target already met (12/10)
2026-07-31 13:41:44,555 | INFO | Q001191 | Skipped - ID000149/Fake target already met (12/10)
2026-07-31 13:41:44,556 | INFO | Q001192 | Skipped - ID000149/Fake target already met (12/10)
2026-07-31 13:41:46,357 | INFO | Q001193 | Success | 3 accepted (ID000150/Real: 3/10)
2026-07-31 13:41:49,284 | INFO | Q001194 | Success | 1 accepted (ID000150/Fake: 1/10)
2026-07-31 13:41:52,401 | INFO | Q001195 | Success | 3 accepted (ID000150/Fake: 4/10)
2026-07-31 13:41:55,318 | INFO | Q001196 | Success | 1 accepted (ID000150/Fake: 5/10)
2026-07-31 13:41:58,343 | INFO | Q001197 | Success | 3 accepted (ID000150/Fake: 8/10)
2026-07-31 13:42:01,418 | INFO | Q001198 | No results passed trust/score/extension filters
2026-07-31 13:42:04,286 | INFO | Q001199 | Success | 3 accepted (ID000150/Fake: 11/10)
2026-07-31 13:42:05,788 | INFO | Q001200 | Skipped - ID000150/Fake target already met (11/10)
2026-07-31 13:42:07,611 | INFO | Q001201 | Success | 3 accepted (ID000151/Real: 3/10)
2026-07-31 13:42:10,681 | INFO | Q001202 | Success | 1 accepted (ID000151/Fake: 1/10)
2026-07-31 13:42:14,808 | INFO | Q001203 | No results passed trust/score/extension filters
2026-07-31 13:42:18,112 | INFO | Q001204 | Success | 2 accepted (ID000151/Fake: 3/10)
2026-07-31 13:42:21,114 | INFO | Q001205 | No results passed trust/score/extension filters
2026-07-31 13:42:31,152 | INFO | Q001206 | No results passed trust/score/extension filters
2026-07-31 13:42:34,906 | INFO | Q001207 | Success | 3 accepted (ID000151/Fake: 6/10)
2026-07-31 13:42:37,703 | INFO | Q001208 | No results passed trust/score/extension filters
2026-07-31 13:42:41,127 | INFO | Q001209 | Success | 3 accepted (ID000152/Real: 3/10)
2026-07-31 13:42:44,300 | INFO | Q001210 | No results passed trust/score/extension filters
2026-07-31 13:42:47,566 | INFO | Q001211 | Success | 3 accepted (ID000152/Fake: 3/10)
2026-07-31 13:42:50,840 | INFO | Q001212 | No results passed trust/score/extension filters
2026-07-31 13:42:54,219 | INFO | Q001213 | Success | 3 accepted (ID000152/Fake: 6/10)
2026-07-31 13:42:57,906 | INFO | Q001214 | No results passed trust/score/extension filters
2026-07-31 13:43:01,468 | INFO | Q001215 | No results passed trust/score/extension filters
2026-07-31 13:43:04,920 | INFO | Q001216 | No results passed trust/score/extension filters
2026-07-31 13:43:11,735 | INFO | Q001217 | Success | 3 accepted (ID000153/Real: 3/10)
2026-07-31 13:43:14,657 | INFO | Q001218 | Success | 3 accepted (ID000153/Fake: 3/10)
2026-07-31 13:43:17,791 | INFO | Q001219 | Success | 3 accepted (ID000153/Fake: 6/10)
2026-07-31 13:43:20,995 | INFO | Q001220 | Success | 2 accepted (ID000153/Fake: 8/10)
2026-07-31 13:43:24,339 | INFO | Q001221 | Success | 3 accepted (ID000153/Fake: 11/10)
2026-07-31 13:43:25,844 | INFO | Q001222 | Skipped - ID000153/Fake target already met (11/10)
2026-07-31 13:43:25,846 | INFO | Q001223 | Skipped - ID000153/Fake target already met (11/10)
2026-07-31 13:43:25,847 | INFO | Q001224 | Skipped - ID000153/Fake target already met (11/10)
2026-07-31 13:43:27,684 | INFO | Q001225 | Success | 3 accepted (ID000154/Real: 3/10)
2026-07-31 13:43:30,751 | INFO | Q001226 | Success | 3 accepted (ID000154/Fake: 3/10)
2026-07-31 13:43:33,902 | INFO | Q001227 | Success | 3 accepted (ID000154/Fake: 6/10)
2026-07-31 13:43:37,132 | INFO | Q001228 | Success | 3 accepted (ID000154/Fake: 9/10)
2026-07-31 13:43:40,989 | INFO | Q001229 | Success | 3 accepted (ID000154/Fake: 12/10)
2026-07-31 13:43:42,494 | INFO | Q001230 | Skipped - ID000154/Fake target already met (12/10)
2026-07-31 13:43:42,495 | INFO | Q001231 | Skipped - ID000154/Fake target already met (12/10)
2026-07-31 13:43:42,496 | INFO | Q001232 | Skipped - ID000154/Fake target already met (12/10)
2026-07-31 13:43:44,259 | INFO | Q001233 | Success | 3 accepted (ID000155/Real: 3/10)
2026-07-31 13:43:47,333 | INFO | Q001234 | No results passed trust/score/extension filters
2026-07-31 13:43:50,271 | INFO | Q001235 | No results passed trust/score/extension filters
2026-07-31 13:43:53,291 | INFO | Q001236 | Success | 1 accepted (ID000155/Fake: 1/10)
2026-07-31 13:43:56,403 | INFO | Q001237 | No results passed trust/score/extension filters
2026-07-31 13:43:59,450 | INFO | Q001238 | No results passed trust/score/extension filters
2026-07-31 13:44:02,642 | INFO | Q001239 | No results passed trust/score/extension filters
2026-07-31 13:44:05,615 | INFO | Q001240 | Success | 3 accepted (ID000155/Fake: 4/10)
2026-07-31 13:44:08,870 | INFO | Q001241 | Success | 3 accepted (ID000156/Real: 3/10)
2026-07-31 13:44:11,870 | INFO | Q001242 | Success | 3 accepted (ID000156/Fake: 3/10)
2026-07-31 13:44:16,272 | INFO | Q001243 | Success | 3 accepted (ID000156/Fake: 6/10)
2026-07-31 13:44:20,039 | INFO | Q001244 | Success | 3 accepted (ID000156/Fake: 9/10)
2026-07-31 13:44:23,147 | INFO | Q001245 | Success | 3 accepted (ID000156/Fake: 12/10)
2026-07-31 13:44:24,650 | INFO | Q001246 | Skipped - ID000156/Fake target already met (12/10)
2026-07-31 13:44:24,651 | INFO | Q001247 | Skipped - ID000156/Fake target already met (12/10)
2026-07-31 13:44:24,652 | INFO | Q001248 | Skipped - ID000156/Fake target already met (12/10)
2026-07-31 13:44:27,594 | INFO | Q001249 | Success | 3 accepted (ID000157/Real: 3/10)
2026-07-31 13:44:30,882 | INFO | Q001250 | Success | 3 accepted (ID000157/Fake: 3/10)
2026-07-31 13:44:35,365 | INFO | Q001251 | Success | 3 accepted (ID000157/Fake: 6/10)
2026-07-31 13:44:38,804 | INFO | Q001252 | Success | 2 accepted (ID000157/Fake: 8/10)
2026-07-31 13:44:42,469 | INFO | Q001253 | Success | 3 accepted (ID000157/Fake: 11/10)
2026-07-31 13:44:43,973 | INFO | Q001254 | Skipped - ID000157/Fake target already met (11/10)
2026-07-31 13:44:43,977 | INFO | Q001255 | Skipped - ID000157/Fake target already met (11/10)
2026-07-31 13:44:43,978 | INFO | Q001256 | Skipped - ID000157/Fake target already met (11/10)
2026-07-31 13:44:45,362 | INFO | Q001257 | Success | 3 accepted (ID000158/Real: 3/10)
2026-07-31 13:44:48,311 | INFO | Q001258 | Success | 3 accepted (ID000158/Fake: 3/10)
2026-07-31 13:44:52,494 | INFO | Q001259 | Success | 3 accepted (ID000158/Fake: 6/10)
2026-07-31 13:44:55,719 | INFO | Q001260 | Success | 3 accepted (ID000158/Fake: 9/10)
2026-07-31 13:44:58,659 | INFO | Q001261 | Success | 3 accepted (ID000158/Fake: 12/10)
2026-07-31 13:45:00,162 | INFO | Q001262 | Skipped - ID000158/Fake target already met (12/10)
2026-07-31 13:45:00,162 | INFO | Q001263 | Skipped - ID000158/Fake target already met (12/10)
2026-07-31 13:45:00,163 | INFO | Q001264 | Skipped - ID000158/Fake target already met (12/10)
2026-07-31 13:45:01,873 | INFO | Q001265 | Success | 3 accepted (ID000159/Real: 3/10)
2026-07-31 13:45:05,212 | INFO | Q001266 | Success | 1 accepted (ID000159/Fake: 1/10)
2026-07-31 13:45:08,552 | INFO | Q001267 | Success | 3 accepted (ID000159/Fake: 4/10)
2026-07-31 13:45:12,371 | INFO | Q001268 | Success | 3 accepted (ID000159/Fake: 7/10)
2026-07-31 13:45:15,571 | INFO | Q001269 | Success | 3 accepted (ID000159/Fake: 10/10)
2026-07-31 13:45:17,075 | INFO | Q001270 | Skipped - ID000159/Fake target already met (10/10)
2026-07-31 13:45:17,076 | INFO | Q001271 | Skipped - ID000159/Fake target already met (10/10)
2026-07-31 13:45:17,078 | INFO | Q001272 | Skipped - ID000159/Fake target already met (10/10)
2026-07-31 13:45:18,608 | INFO | Q001273 | Success | 3 accepted (ID000160/Real: 3/10)
2026-07-31 13:45:21,908 | INFO | Q001274 | No results passed trust/score/extension filters
2026-07-31 13:45:25,308 | INFO | Q001275 | Success | 1 accepted (ID000160/Fake: 1/10)
2026-07-31 13:45:28,564 | INFO | Q001276 | Success | 1 accepted (ID000160/Fake: 2/10)
2026-07-31 13:45:32,450 | INFO | Q001277 | No results passed trust/score/extension filters
2026-07-31 13:45:35,757 | INFO | Q001278 | No results passed trust/score/extension filters
2026-07-31 13:45:38,852 | INFO | Q001279 | Success | 1 accepted (ID000160/Fake: 3/10)
2026-07-31 13:45:42,022 | INFO | Q001280 | Success | 3 accepted (ID000160/Fake: 6/10)
2026-07-31 13:45:45,757 | INFO | Q001281 | Success | 3 accepted (ID000161/Real: 3/10)
2026-07-31 13:45:49,047 | INFO | Q001282 | Success | 3 accepted (ID000161/Fake: 3/10)
2026-07-31 13:45:51,919 | INFO | Q001283 | Success | 3 accepted (ID000161/Fake: 6/10)
2026-07-31 13:45:55,130 | INFO | Q001284 | Success | 3 accepted (ID000161/Fake: 9/10)
2026-07-31 13:45:58,758 | INFO | Q001285 | Success | 3 accepted (ID000161/Fake: 12/10)
2026-07-31 13:46:00,262 | INFO | Q001286 | Skipped - ID000161/Fake target already met (12/10)
2026-07-31 13:46:00,263 | INFO | Q001287 | Skipped - ID000161/Fake target already met (12/10)
2026-07-31 13:46:00,263 | INFO | Q001288 | Skipped - ID000161/Fake target already met (12/10)
2026-07-31 13:46:02,161 | INFO | Q001289 | Success | 3 accepted (ID000162/Real: 3/10)
2026-07-31 13:46:06,276 | INFO | Q001290 | No results passed trust/score/extension filters
2026-07-31 13:46:09,244 | INFO | Q001291 | Success | 2 accepted (ID000162/Fake: 2/10)
2026-07-31 13:46:12,638 | INFO | Q001292 | No results passed trust/score/extension filters
2026-07-31 13:46:15,753 | INFO | Q001293 | No results passed trust/score/extension filters
2026-07-31 13:46:18,683 | INFO | Q001294 | No results passed trust/score/extension filters
2026-07-31 13:46:22,166 | INFO | Q001295 | No results passed trust/score/extension filters
2026-07-31 13:46:25,198 | INFO | Q001296 | Success | 3 accepted (ID000162/Fake: 5/10)
2026-07-31 13:46:28,708 | INFO | Q001297 | Success | 3 accepted (ID000163/Real: 3/10)
2026-07-31 13:46:32,014 | INFO | Q001298 | No results passed trust/score/extension filters
2026-07-31 13:46:35,175 | INFO | Q001299 | Success | 3 accepted (ID000163/Fake: 3/10)
2026-07-31 13:46:42,945 | INFO | Q001300 | No results passed trust/score/extension filters
2026-07-31 13:46:46,272 | INFO | Q001301 | No results passed trust/score/extension filters
2026-07-31 13:46:49,262 | INFO | Q001302 | No results passed trust/score/extension filters
2026-07-31 13:46:52,251 | INFO | Q001303 | No results passed trust/score/extension filters
2026-07-31 13:46:55,784 | INFO | Q001304 | Success | 3 accepted (ID000163/Fake: 6/10)
2026-07-31 13:46:58,965 | INFO | Q001305 | Success | 3 accepted (ID000164/Real: 3/10)
2026-07-31 13:47:03,006 | INFO | Q001306 | Success | 3 accepted (ID000164/Fake: 3/10)
2026-07-31 13:47:06,015 | INFO | Q001307 | Success | 3 accepted (ID000164/Fake: 6/10)
2026-07-31 13:47:09,225 | INFO | Q001308 | Success | 3 accepted (ID000164/Fake: 9/10)
2026-07-31 13:47:12,621 | INFO | Q001309 | Success | 3 accepted (ID000164/Fake: 12/10)
2026-07-31 13:47:14,125 | INFO | Q001310 | Skipped - ID000164/Fake target already met (12/10)
2026-07-31 13:47:14,126 | INFO | Q001311 | Skipped - ID000164/Fake target already met (12/10)
2026-07-31 13:47:14,127 | INFO | Q001312 | Skipped - ID000164/Fake target already met (12/10)
2026-07-31 13:47:15,813 | INFO | Q001313 | Success | 3 accepted (ID000165/Real: 3/10)
2026-07-31 13:47:18,991 | INFO | Q001314 | Success | 3 accepted (ID000165/Fake: 3/10)
2026-07-31 13:47:22,421 | INFO | Q001315 | Success | 3 accepted (ID000165/Fake: 6/10)
2026-07-31 13:47:25,406 | INFO | Q001316 | Success | 2 accepted (ID000165/Fake: 8/10)
2026-07-31 13:47:28,710 | INFO | Q001317 | Success | 3 accepted (ID000165/Fake: 11/10)
2026-07-31 13:47:30,213 | INFO | Q001318 | Skipped - ID000165/Fake target already met (11/10)
2026-07-31 13:47:30,214 | INFO | Q001319 | Skipped - ID000165/Fake target already met (11/10)
2026-07-31 13:47:30,214 | INFO | Q001320 | Skipped - ID000165/Fake target already met (11/10)
2026-07-31 13:47:32,008 | INFO | Q001321 | Success | 3 accepted (ID000166/Real: 3/10)
2026-07-31 13:47:35,230 | INFO | Q001322 | Success | 3 accepted (ID000166/Fake: 3/10)
2026-07-31 13:47:38,640 | INFO | Q001323 | Success | 3 accepted (ID000166/Fake: 6/10)
2026-07-31 13:47:42,062 | INFO | Q001324 | Success | 3 accepted (ID000166/Fake: 9/10)
2026-07-31 13:47:45,644 | INFO | Q001325 | No results passed trust/score/extension filters
2026-07-31 13:47:49,043 | INFO | Q001326 | No results passed trust/score/extension filters
2026-07-31 13:47:52,011 | INFO | Q001327 | Success | 3 accepted (ID000166/Fake: 12/10)
2026-07-31 13:47:53,517 | INFO | Q001328 | Skipped - ID000166/Fake target already met (12/10)
2026-07-31 13:47:56,203 | INFO | Q001329 | Success | 3 accepted (ID000167/Real: 3/10)
2026-07-31 13:47:59,222 | INFO | Q001330 | Success | 1 accepted (ID000167/Fake: 1/10)
2026-07-31 13:48:02,161 | INFO | Q001331 | Success | 3 accepted (ID000167/Fake: 4/10)
2026-07-31 13:48:05,699 | INFO | Q001332 | Success | 3 accepted (ID000167/Fake: 7/10)
2026-07-31 13:48:09,795 | INFO | Q001333 | Success | 3 accepted (ID000167/Fake: 10/10)
2026-07-31 13:48:11,300 | INFO | Q001334 | Skipped - ID000167/Fake target already met (10/10)
2026-07-31 13:48:11,301 | INFO | Q001335 | Skipped - ID000167/Fake target already met (10/10)
2026-07-31 13:48:11,302 | INFO | Q001336 | Skipped - ID000167/Fake target already met (10/10)
2026-07-31 13:48:13,519 | INFO | Q001337 | Success | 3 accepted (ID000168/Real: 3/10)
2026-07-31 13:48:19,687 | INFO | Q001338 | Success | 3 accepted (ID000168/Fake: 3/10)
2026-07-31 13:48:22,757 | INFO | Q001339 | Success | 3 accepted (ID000168/Fake: 6/10)
2026-07-31 13:48:25,775 | INFO | Q001340 | Success | 3 accepted (ID000168/Fake: 9/10)
2026-07-31 13:48:29,050 | INFO | Q001341 | Success | 3 accepted (ID000168/Fake: 12/10)
2026-07-31 13:48:30,554 | INFO | Q001342 | Skipped - ID000168/Fake target already met (12/10)
2026-07-31 13:48:30,555 | INFO | Q001343 | Skipped - ID000168/Fake target already met (12/10)
2026-07-31 13:48:30,556 | INFO | Q001344 | Skipped - ID000168/Fake target already met (12/10)
2026-07-31 13:48:31,996 | INFO | Q001345 | Success | 3 accepted (ID000169/Real: 3/10)
2026-07-31 13:48:35,386 | INFO | Q001346 | Success | 3 accepted (ID000169/Fake: 3/10)
2026-07-31 13:48:38,543 | INFO | Q001347 | Success | 3 accepted (ID000169/Fake: 6/10)
2026-07-31 13:48:41,640 | INFO | Q001348 | Success | 3 accepted (ID000169/Fake: 9/10)
2026-07-31 13:48:44,740 | INFO | Q001349 | Success | 3 accepted (ID000169/Fake: 12/10)
2026-07-31 13:48:46,243 | INFO | Q001350 | Skipped - ID000169/Fake target already met (12/10)
2026-07-31 13:48:46,244 | INFO | Q001351 | Skipped - ID000169/Fake target already met (12/10)
2026-07-31 13:48:46,244 | INFO | Q001352 | Skipped - ID000169/Fake target already met (12/10)
2026-07-31 13:48:47,912 | INFO | Q001353 | Success | 3 accepted (ID000170/Real: 3/10)
2026-07-31 13:48:52,521 | INFO | Q001354 | Success | 3 accepted (ID000170/Fake: 3/10)
2026-07-31 13:48:55,530 | INFO | Q001355 | Success | 3 accepted (ID000170/Fake: 6/10)
2026-07-31 13:48:58,440 | INFO | Q001356 | Success | 3 accepted (ID000170/Fake: 9/10)
2026-07-31 13:49:01,529 | INFO | Q001357 | Success | 3 accepted (ID000170/Fake: 12/10)
2026-07-31 13:49:03,033 | INFO | Q001358 | Skipped - ID000170/Fake target already met (12/10)
2026-07-31 13:49:03,033 | INFO | Q001359 | Skipped - ID000170/Fake target already met (12/10)
2026-07-31 13:49:03,034 | INFO | Q001360 | Skipped - ID000170/Fake target already met (12/10)
2026-07-31 13:49:04,602 | INFO | Q001361 | Success | 3 accepted (ID000171/Real: 3/10)
2026-07-31 13:49:07,600 | INFO | Q001362 | Success | 3 accepted (ID000171/Fake: 3/10)
2026-07-31 13:49:10,844 | INFO | Q001363 | Success | 3 accepted (ID000171/Fake: 6/10)
2026-07-31 13:49:14,012 | INFO | Q001364 | Success | 3 accepted (ID000171/Fake: 9/10)
2026-07-31 13:49:17,578 | INFO | Q001365 | Success | 1 accepted (ID000171/Fake: 10/10)
2026-07-31 13:49:19,082 | INFO | Q001366 | Skipped - ID000171/Fake target already met (10/10)
2026-07-31 13:49:19,082 | INFO | Q001367 | Skipped - ID000171/Fake target already met (10/10)
2026-07-31 13:49:19,083 | INFO | Q001368 | Skipped - ID000171/Fake target already met (10/10)
2026-07-31 13:49:20,686 | INFO | Q001369 | Success | 3 accepted (ID000172/Real: 3/10)
2026-07-31 13:49:24,219 | INFO | Q001370 | Success | 3 accepted (ID000172/Fake: 3/10)
2026-07-31 13:49:26,926 | INFO | Q001371 | Success | 3 accepted (ID000172/Fake: 6/10)
2026-07-31 13:49:29,985 | INFO | Q001372 | Success | 3 accepted (ID000172/Fake: 9/10)
2026-07-31 13:49:33,348 | INFO | Q001373 | Success | 3 accepted (ID000172/Fake: 12/10)
2026-07-31 13:49:34,853 | INFO | Q001374 | Skipped - ID000172/Fake target already met (12/10)
2026-07-31 13:49:34,854 | INFO | Q001375 | Skipped - ID000172/Fake target already met (12/10)
2026-07-31 13:49:34,855 | INFO | Q001376 | Skipped - ID000172/Fake target already met (12/10)
2026-07-31 13:49:36,682 | INFO | Q001377 | Success | 3 accepted (ID000173/Real: 3/10)
2026-07-31 13:49:39,854 | INFO | Q001378 | Success | 3 accepted (ID000173/Fake: 3/10)
2026-07-31 13:49:43,683 | INFO | Q001379 | Success | 3 accepted (ID000173/Fake: 6/10)
2026-07-31 13:49:46,881 | INFO | Q001380 | Success | 3 accepted (ID000173/Fake: 9/10)
2026-07-31 13:49:52,496 | INFO | Q001381 | Success | 3 accepted (ID000173/Fake: 12/10)
2026-07-31 13:49:53,999 | INFO | Q001382 | Skipped - ID000173/Fake target already met (12/10)
2026-07-31 13:49:54,000 | INFO | Q001383 | Skipped - ID000173/Fake target already met (12/10)
2026-07-31 13:49:54,001 | INFO | Q001384 | Skipped - ID000173/Fake target already met (12/10)
2026-07-31 13:49:55,778 | INFO | Q001385 | Success | 3 accepted (ID000174/Real: 3/10)
2026-07-31 13:49:58,725 | INFO | Q001386 | Success | 3 accepted (ID000174/Fake: 3/10)
2026-07-31 13:50:05,935 | INFO | Q001387 | Success | 3 accepted (ID000174/Fake: 6/10)
2026-07-31 13:50:09,083 | INFO | Q001388 | Success | 3 accepted (ID000174/Fake: 9/10)
2026-07-31 13:50:12,120 | INFO | Q001389 | Success | 3 accepted (ID000174/Fake: 12/10)
2026-07-31 13:50:13,624 | INFO | Q001390 | Skipped - ID000174/Fake target already met (12/10)
2026-07-31 13:50:13,625 | INFO | Q001391 | Skipped - ID000174/Fake target already met (12/10)
2026-07-31 13:50:13,625 | INFO | Q001392 | Skipped - ID000174/Fake target already met (12/10)
2026-07-31 13:50:15,760 | INFO | Q001393 | Success | 3 accepted (ID000175/Real: 3/10)
2026-07-31 13:50:18,610 | INFO | Q001394 | Success | 3 accepted (ID000175/Fake: 3/10)
2026-07-31 13:50:21,748 | INFO | Q001395 | Success | 3 accepted (ID000175/Fake: 6/10)
2026-07-31 13:50:24,742 | INFO | Q001396 | Success | 3 accepted (ID000175/Fake: 9/10)
2026-07-31 13:50:28,812 | INFO | Q001397 | Success | 3 accepted (ID000175/Fake: 12/10)
2026-07-31 13:50:30,315 | INFO | Q001398 | Skipped - ID000175/Fake target already met (12/10)
2026-07-31 13:50:30,315 | INFO | Q001399 | Skipped - ID000175/Fake target already met (12/10)
2026-07-31 13:50:30,316 | INFO | Q001400 | Skipped - ID000175/Fake target already met (12/10)
2026-07-31 13:50:32,156 | INFO | Q001401 | Success | 3 accepted (ID000176/Real: 3/10)
2026-07-31 13:50:36,335 | INFO | Q001402 | Success | 3 accepted (ID000176/Fake: 3/10)
2026-07-31 13:50:39,423 | INFO | Q001403 | No results passed trust/score/extension filters
2026-07-31 13:50:42,539 | INFO | Q001404 | Success | 3 accepted (ID000176/Fake: 6/10)
2026-07-31 13:50:45,488 | INFO | Q001405 | No results passed trust/score/extension filters
2026-07-31 13:50:48,556 | INFO | Q001406 | No results passed trust/score/extension filters
2026-07-31 13:50:51,774 | INFO | Q001407 | Success | 3 accepted (ID000176/Fake: 9/10)
2026-07-31 13:50:54,958 | INFO | Q001408 | Success | 3 accepted (ID000176/Fake: 12/10)
2026-07-31 13:50:58,209 | INFO | Q001409 | Success | 3 accepted (ID000177/Real: 3/10)
2026-07-31 13:51:01,270 | INFO | Q001410 | Success | 3 accepted (ID000177/Fake: 3/10)
2026-07-31 13:51:04,748 | INFO | Q001411 | Success | 3 accepted (ID000177/Fake: 6/10)
2026-07-31 13:51:07,725 | INFO | Q001412 | Success | 3 accepted (ID000177/Fake: 9/10)
2026-07-31 13:51:12,720 | INFO | Q001413 | Success | 3 accepted (ID000177/Fake: 12/10)
2026-07-31 13:51:14,224 | INFO | Q001414 | Skipped - ID000177/Fake target already met (12/10)
2026-07-31 13:51:14,226 | INFO | Q001415 | Skipped - ID000177/Fake target already met (12/10)
2026-07-31 13:51:14,226 | INFO | Q001416 | Skipped - ID000177/Fake target already met (12/10)
2026-07-31 13:51:15,809 | INFO | Q001417 | Success | 3 accepted (ID000178/Real: 3/10)
2026-07-31 13:51:19,145 | INFO | Q001418 | Success | 3 accepted (ID000178/Fake: 3/10)
2026-07-31 13:51:22,371 | INFO | Q001419 | Success | 3 accepted (ID000178/Fake: 6/10)
2026-07-31 13:51:25,572 | INFO | Q001420 | Success | 3 accepted (ID000178/Fake: 9/10)
2026-07-31 13:51:29,065 | INFO | Q001421 | Success | 1 accepted (ID000178/Fake: 10/10)
2026-07-31 13:51:30,568 | INFO | Q001422 | Skipped - ID000178/Fake target already met (10/10)
2026-07-31 13:51:30,569 | INFO | Q001423 | Skipped - ID000178/Fake target already met (10/10)
2026-07-31 13:51:30,570 | INFO | Q001424 | Skipped - ID000178/Fake target already met (10/10)
2026-07-31 13:51:32,715 | INFO | Q001425 | Success | 3 accepted (ID000179/Real: 3/10)
2026-07-31 13:51:35,867 | INFO | Q001426 | No results passed trust/score/extension filters
2026-07-31 13:51:39,041 | INFO | Q001427 | No results passed trust/score/extension filters
2026-07-31 13:51:41,852 | INFO | Q001428 | Success | 1 accepted (ID000179/Fake: 1/10)
2026-07-31 13:51:45,016 | INFO | Q001429 | No results passed trust/score/extension filters
2026-07-31 13:51:48,208 | INFO | Q001430 | No results passed trust/score/extension filters
2026-07-31 13:51:51,218 | INFO | Q001431 | No results passed trust/score/extension filters
2026-07-31 13:51:54,178 | INFO | Q001432 | No results passed trust/score/extension filters
2026-07-31 13:51:57,704 | INFO | Q001433 | Success | 3 accepted (ID000180/Real: 3/10)
2026-07-31 13:52:00,857 | INFO | Q001434 | Success | 3 accepted (ID000180/Fake: 3/10)
2026-07-31 13:52:03,798 | INFO | Q001435 | Success | 3 accepted (ID000180/Fake: 6/10)
2026-07-31 13:52:06,875 | INFO | Q001436 | Success | 3 accepted (ID000180/Fake: 9/10)
2026-07-31 13:52:10,196 | INFO | Q001437 | Success | 3 accepted (ID000180/Fake: 12/10)
2026-07-31 13:52:11,699 | INFO | Q001438 | Skipped - ID000180/Fake target already met (12/10)
2026-07-31 13:52:11,700 | INFO | Q001439 | Skipped - ID000180/Fake target already met (12/10)
2026-07-31 13:52:11,701 | INFO | Q001440 | Skipped - ID000180/Fake target already met (12/10)
2026-07-31 13:52:13,130 | INFO | Q001441 | Success | 3 accepted (ID000181/Real: 3/10)
2026-07-31 13:52:16,072 | INFO | Q001442 | Success | 3 accepted (ID000181/Fake: 3/10)
2026-07-31 13:52:18,982 | INFO | Q001443 | Success | 3 accepted (ID000181/Fake: 6/10)
2026-07-31 13:52:22,524 | INFO | Q001444 | Success | 3 accepted (ID000181/Fake: 9/10)
2026-07-31 13:52:25,553 | INFO | Q001445 | Success | 2 accepted (ID000181/Fake: 11/10)
2026-07-31 13:52:27,055 | INFO | Q001446 | Skipped - ID000181/Fake target already met (11/10)
2026-07-31 13:52:27,056 | INFO | Q001447 | Skipped - ID000181/Fake target already met (11/10)
2026-07-31 13:52:27,056 | INFO | Q001448 | Skipped - ID000181/Fake target already met (11/10)
2026-07-31 13:52:28,612 | INFO | Q001449 | Success | 3 accepted (ID000182/Real: 3/10)
2026-07-31 13:52:31,598 | INFO | Q001450 | No results passed trust/score/extension filters
2026-07-31 13:52:35,122 | INFO | Q001451 | Success | 3 accepted (ID000182/Fake: 3/10)
2026-07-31 13:52:38,040 | INFO | Q001452 | Success | 1 accepted (ID000182/Fake: 4/10)
2026-07-31 13:52:41,179 | INFO | Q001453 | No results passed trust/score/extension filters
2026-07-31 13:52:44,566 | INFO | Q001454 | No results passed trust/score/extension filters
2026-07-31 13:52:47,955 | INFO | Q001455 | No results passed trust/score/extension filters
2026-07-31 13:52:51,288 | INFO | Q001456 | Success | 3 accepted (ID000182/Fake: 7/10)
2026-07-31 13:52:54,282 | INFO | Q001457 | Success | 3 accepted (ID000183/Real: 3/10)
2026-07-31 13:52:59,748 | INFO | Q001458 | No results passed trust/score/extension filters
2026-07-31 13:53:02,862 | INFO | Q001459 | Success | 1 accepted (ID000183/Fake: 1/10)
2026-07-31 13:53:05,971 | INFO | Q001460 | No results passed trust/score/extension filters
2026-07-31 13:53:09,097 | INFO | Q001461 | No results passed trust/score/extension filters
2026-07-31 13:53:12,265 | INFO | Q001462 | No results passed trust/score/extension filters
2026-07-31 13:53:15,602 | INFO | Q001463 | No results passed trust/score/extension filters
2026-07-31 13:53:18,749 | INFO | Q001464 | Success | 2 accepted (ID000183/Fake: 3/10)
2026-07-31 13:53:22,092 | INFO | Q001465 | Success | 3 accepted (ID000184/Real: 3/10)
2026-07-31 13:53:25,664 | INFO | Q001466 | No results passed trust/score/extension filters
2026-07-31 13:53:28,956 | INFO | Q001467 | Success | 3 accepted (ID000184/Fake: 3/10)
2026-07-31 13:53:32,294 | INFO | Q001468 | Success | 3 accepted (ID000184/Fake: 6/10)
2026-07-31 13:53:35,324 | INFO | Q001469 | No results passed trust/score/extension filters
2026-07-31 13:53:38,535 | INFO | Q001470 | No results passed trust/score/extension filters
2026-07-31 13:53:41,706 | INFO | Q001471 | Success | 3 accepted (ID000184/Fake: 9/10)
2026-07-31 13:53:45,098 | INFO | Q001472 | Success | 3 accepted (ID000184/Fake: 12/10)
2026-07-31 13:53:48,200 | INFO | Q001473 | Success | 3 accepted (ID000185/Real: 3/10)
2026-07-31 13:53:51,610 | INFO | Q001474 | Success | 1 accepted (ID000185/Fake: 1/10)
2026-07-31 13:53:54,626 | INFO | Q001475 | No results passed trust/score/extension filters
2026-07-31 13:53:57,919 | INFO | Q001476 | No results passed trust/score/extension filters
2026-07-31 13:54:01,062 | INFO | Q001477 | No results passed trust/score/extension filters
2026-07-31 13:54:04,054 | INFO | Q001478 | No results passed trust/score/extension filters
2026-07-31 13:54:07,065 | INFO | Q001479 | No results passed trust/score/extension filters
2026-07-31 13:54:09,909 | INFO | Q001480 | Success | 3 accepted (ID000185/Fake: 4/10)
2026-07-31 13:54:13,494 | INFO | Q001481 | Success | 3 accepted (ID000186/Real: 3/10)
2026-07-31 13:54:16,732 | INFO | Q001482 | Success | 3 accepted (ID000186/Fake: 3/10)
2026-07-31 13:54:20,104 | INFO | Q001483 | Success | 3 accepted (ID000186/Fake: 6/10)
2026-07-31 13:54:23,122 | INFO | Q001484 | Success | 3 accepted (ID000186/Fake: 9/10)
2026-07-31 13:54:26,197 | INFO | Q001485 | Success | 3 accepted (ID000186/Fake: 12/10)
2026-07-31 13:54:27,701 | INFO | Q001486 | Skipped - ID000186/Fake target already met (12/10)
2026-07-31 13:54:27,702 | INFO | Q001487 | Skipped - ID000186/Fake target already met (12/10)
2026-07-31 13:54:27,702 | INFO | Q001488 | Skipped - ID000186/Fake target already met (12/10)
2026-07-31 13:54:29,672 | INFO | Q001489 | Success | 3 accepted (ID000187/Real: 3/10)
2026-07-31 13:54:32,431 | INFO | Q001490 | Success | 3 accepted (ID000187/Fake: 3/10)
2026-07-31 13:54:35,360 | INFO | Q001491 | Success | 3 accepted (ID000187/Fake: 6/10)
2026-07-31 13:54:38,545 | INFO | Q001492 | Success | 3 accepted (ID000187/Fake: 9/10)
2026-07-31 13:54:41,876 | INFO | Q001493 | Success | 3 accepted (ID000187/Fake: 12/10)
2026-07-31 13:54:43,379 | INFO | Q001494 | Skipped - ID000187/Fake target already met (12/10)
2026-07-31 13:54:43,380 | INFO | Q001495 | Skipped - ID000187/Fake target already met (12/10)
2026-07-31 13:54:43,381 | INFO | Q001496 | Skipped - ID000187/Fake target already met (12/10)
2026-07-31 13:54:45,077 | INFO | Q001497 | Success | 3 accepted (ID000188/Real: 3/10)
2026-07-31 13:54:48,453 | INFO | Q001498 | Success | 3 accepted (ID000188/Fake: 3/10)
2026-07-31 13:54:51,660 | INFO | Q001499 | Success | 3 accepted (ID000188/Fake: 6/10)
2026-07-31 13:54:54,635 | INFO | Q001500 | Success | 3 accepted (ID000188/Fake: 9/10)
2026-07-31 13:54:57,735 | INFO | Q001501 | Success | 3 accepted (ID000188/Fake: 12/10)
2026-07-31 13:54:59,239 | INFO | Q001502 | Skipped - ID000188/Fake target already met (12/10)
2026-07-31 13:54:59,240 | INFO | Q001503 | Skipped - ID000188/Fake target already met (12/10)
2026-07-31 13:54:59,241 | INFO | Q001504 | Skipped - ID000188/Fake target already met (12/10)
2026-07-31 13:55:00,820 | INFO | Q001505 | Success | 3 accepted (ID000189/Real: 3/10)
2026-07-31 13:55:04,392 | INFO | Q001506 | Success | 3 accepted (ID000189/Fake: 3/10)
2026-07-31 13:55:07,401 | INFO | Q001507 | Success | 1 accepted (ID000189/Fake: 4/10)
2026-07-31 13:55:10,566 | INFO | Q001508 | Success | 3 accepted (ID000189/Fake: 7/10)
2026-07-31 13:55:13,953 | INFO | Q001509 | No results passed trust/score/extension filters
2026-07-31 13:55:17,030 | INFO | Q001510 | No results passed trust/score/extension filters
2026-07-31 13:55:20,289 | INFO | Q001511 | Success | 1 accepted (ID000189/Fake: 8/10)
2026-07-31 13:55:23,320 | INFO | Q001512 | Success | 2 accepted (ID000189/Fake: 10/10)
2026-07-31 13:55:26,378 | INFO | Q001513 | Success | 3 accepted (ID000190/Real: 3/10)
2026-07-31 13:55:29,255 | INFO | Q001514 | Success | 1 accepted (ID000190/Fake: 1/10)
2026-07-31 13:55:32,380 | INFO | Q001515 | Success | 3 accepted (ID000190/Fake: 4/10)
2026-07-31 13:55:36,028 | INFO | Q001516 | Success | 2 accepted (ID000190/Fake: 6/10)
2026-07-31 13:55:39,529 | INFO | Q001517 | Success | 3 accepted (ID000190/Fake: 9/10)
2026-07-31 13:55:43,002 | INFO | Q001518 | No results passed trust/score/extension filters
2026-07-31 13:55:45,981 | INFO | Q001519 | Success | 3 accepted (ID000190/Fake: 12/10)
2026-07-31 13:55:47,483 | INFO | Q001520 | Skipped - ID000190/Fake target already met (12/10)
2026-07-31 13:55:49,568 | INFO | Q001521 | Success | 3 accepted (ID000191/Real: 3/10)
2026-07-31 13:55:54,594 | INFO | Q001522 | Success | 3 accepted (ID000191/Fake: 3/10)
2026-07-31 13:55:57,931 | INFO | Q001523 | Success | 1 accepted (ID000191/Fake: 4/10)
2026-07-31 13:56:00,810 | INFO | Q001524 | Success | 3 accepted (ID000191/Fake: 7/10)
2026-07-31 13:56:04,184 | INFO | Q001525 | Success | 2 accepted (ID000191/Fake: 9/10)
2026-07-31 13:56:07,518 | INFO | Q001526 | No results passed trust/score/extension filters
2026-07-31 13:56:10,419 | INFO | Q001527 | Success | 3 accepted (ID000191/Fake: 12/10)
2026-07-31 13:56:11,922 | INFO | Q001528 | Skipped - ID000191/Fake target already met (12/10)
2026-07-31 13:56:13,797 | INFO | Q001529 | Success | 3 accepted (ID000192/Real: 3/10)
2026-07-31 13:56:21,479 | INFO | Q001530 | Success | 3 accepted (ID000192/Fake: 3/10)
2026-07-31 13:56:25,477 | INFO | Q001531 | Success | 3 accepted (ID000192/Fake: 6/10)
2026-07-31 13:56:28,691 | INFO | Q001532 | Success | 3 accepted (ID000192/Fake: 9/10)
2026-07-31 13:56:31,893 | INFO | Q001533 | No results passed trust/score/extension filters
2026-07-31 13:56:34,839 | INFO | Q001534 | No results passed trust/score/extension filters
2026-07-31 13:56:37,721 | INFO | Q001535 | Success | 2 accepted (ID000192/Fake: 11/10)
2026-07-31 13:56:39,223 | INFO | Q001536 | Skipped - ID000192/Fake target already met (11/10)
2026-07-31 13:56:40,912 | INFO | Q001537 | Success | 3 accepted (ID000193/Real: 3/10)
2026-07-31 13:56:43,872 | INFO | Q001538 | Success | 3 accepted (ID000193/Fake: 3/10)
2026-07-31 13:56:46,944 | INFO | Q001539 | Success | 3 accepted (ID000193/Fake: 6/10)
2026-07-31 13:56:49,962 | INFO | Q001540 | Success | 3 accepted (ID000193/Fake: 9/10)
2026-07-31 13:56:53,307 | INFO | Q001541 | No results passed trust/score/extension filters
2026-07-31 13:56:56,778 | INFO | Q001542 | No results passed trust/score/extension filters
2026-07-31 13:56:59,959 | INFO | Q001543 | Success | 2 accepted (ID000193/Fake: 11/10)
2026-07-31 13:57:02,832 | INFO | Q001544 | Skipped - ID000193/Fake target already met (11/10)
2026-07-31 13:57:04,588 | INFO | Q001545 | Success | 3 accepted (ID000194/Real: 3/10)
2026-07-31 13:57:07,767 | INFO | Q001546 | Success | 3 accepted (ID000194/Fake: 3/10)
2026-07-31 13:57:10,871 | INFO | Q001547 | Success | 3 accepted (ID000194/Fake: 6/10)
2026-07-31 13:57:13,807 | INFO | Q001548 | Success | 3 accepted (ID000194/Fake: 9/10)
2026-07-31 13:57:17,062 | INFO | Q001549 | No results passed trust/score/extension filters
2026-07-31 13:57:19,963 | INFO | Q001550 | No results passed trust/score/extension filters
2026-07-31 13:57:23,292 | INFO | Q001551 | Success | 3 accepted (ID000194/Fake: 12/10)
2026-07-31 13:57:24,795 | INFO | Q001552 | Skipped - ID000194/Fake target already met (12/10)
2026-07-31 13:57:26,654 | INFO | Q001553 | Success | 3 accepted (ID000195/Real: 3/10)
2026-07-31 13:57:28,720 | WARNING | Q001554 | HTTP 400 | {"message":"Not enough credits","statusCode":400}
2026-07-31 13:57:30,803 | WARNING | Q001555 | HTTP 400 | {"message":"Not enough credits","statusCode":400}
2026-07-31 13:57:32,868 | WARNING | Q001556 | HTTP 400 | {"message":"Not enough credits","statusCode":400}
2026-07-31 13:57:34,950 | WARNING | Q001557 | HTTP 400 | {"message":"Not enough credits","statusCode":400}
2026-07-31 13:57:37,017 | WARNING | Q001558 | HTTP 400 | {"message":"Not enough credits","statusCode":400}
2026-07-31 13:57:40,021 | INFO | Q001559 | Success | 2 accepted (ID000195/Fake: 2/10)
2026-07-31 13:57:42,448 | WARNING | Q001560 | HTTP 400 | {"message":"Not enough credits","statusCode":400}
2026-07-31 13:57:47,648 | WARNING | Q001561 | HTTP 400 | {"message":"Not enough credits","statusCode":400}
2026-07-31 13:57:52,556 | INFO | Q001562 | Success | 3 accepted (ID000196/Fake: 3/10)
2026-07-31 13:57:54,635 | WARNING | Q001563 | HTTP 400 | {"message":"Not enough credits","statusCode":400}
2026-07-31 13:57:56,690 | WARNING | Q001564 | HTTP 400 | {"message":"Not enough credits","statusCode":400}
2026-07-31 13:57:58,747 | WARNING | Q001565 | HTTP 400 | {"message":"Not enough credits","statusCode":400}
2026-07-31 13:58:00,803 | WARNING | Q001566 | HTTP 400 | {"message":"Not enough credits","statusCode":400}
2026-07-31 13:58:04,457 | INFO | Q001567 | Success | 3 accepted (ID000196/Fake: 6/10)
2026-07-31 13:58:06,532 | WARNING | Q001568 | HTTP 400 | {"message":"Not enough credits","statusCode":400}
2026-07-31 13:58:08,617 | WARNING | Q001569 | HTTP 400 | {"message":"Not enough credits","statusCode":400}
2026-07-31 13:58:10,684 | WARNING | Q001570 | HTTP 400 | {"message":"Not enough credits","statusCode":400}
2026-07-31 13:58:12,742 | WARNING | Q001571 | HTTP 400 | {"message":"Not enough credits","statusCode":400}
2026-07-31 13:58:14,813 | WARNING | Q001572 | HTTP 400 | {"message":"Not enough credits","statusCode":400}
2026-07-31 13:58:16,879 | WARNING | Q001573 | HTTP 400 | {"message":"Not enough credits","statusCode":400}
2026-07-31 13:58:18,938 | WARNING | Q001574 | HTTP 400 | {"message":"Not enough credits","statusCode":400}
2026-07-31 13:58:21,006 | WARNING | Q001575 | HTTP 400 | {"message":"Not enough credits","statusCode":400}
2026-07-31 13:58:23,080 | WARNING | Q001576 | HTTP 400 | {"message":"Not enough credits","statusCode":400}
2026-07-31 13:58:25,150 | WARNING | Q001577 | HTTP 400 | {"message":"Not enough credits","statusCode":400}
2026-07-31 13:58:27,218 | WARNING | Q001578 | HTTP 400 | {"message":"Not enough credits","statusCode":400}
2026-07-31 13:58:29,282 | WARNING | Q001579 | HTTP 400 | {"message":"Not enough credits","statusCode":400}
2026-07-31 13:58:31,335 | WARNING | Q001580 | HTTP 400 | {"message":"Not enough credits","statusCode":400}
2026-07-31 13:58:33,415 | WARNING | Q001581 | HTTP 400 | {"message":"Not enough credits","statusCode":400}
2026-07-31 13:58:35,489 | WARNING | Q001582 | HTTP 400 | {"message":"Not enough credits","statusCode":400}
2026-07-31 13:58:37,558 | WARNING | Q001583 | HTTP 400 | {"message":"Not enough credits","statusCode":400}
2026-07-31 13:58:39,607 | WARNING | Q001584 | HTTP 400 | {"message":"Not enough credits","statusCode":400}
2026-07-31 13:58:41,657 | WARNING | Q001585 | HTTP 400 | {"message":"Not enough credits","statusCode":400}
2026-07-31 13:58:49,947 | WARNING | Q001586 | HTTP 400 | {"message":"Not enough credits","statusCode":400}
2026-07-31 13:58:52,004 | WARNING | Q001587 | HTTP 400 | {"message":"Not enough credits","statusCode":400}
2026-07-31 13:58:54,062 | WARNING | Q001588 | HTTP 400 | {"message":"Not enough credits","statusCode":400}
2026-07-31 13:58:55,799 | WARNING | Run interrupted by user (KeyboardInterrupt). Progress up to the last completed query has been saved. Re-run the script to resume.
2026-07-31 14:02:26,069 | INFO | ============================================================
2026-07-31 14:02:26,069 | INFO | STEP 3 START (Serper.dev Image Search)
2026-07-31 14:02:26,069 | INFO | Total queries        : 3184
2026-07-31 14:02:26,069 | INFO | Already completed    : 1555
2026-07-31 14:02:26,069 | INFO | Remaining pending    : 1629
2026-07-31 14:02:26,069 | INFO | Queries this run     : 1629
2026-07-31 14:02:26,069 | INFO | Real target/identity : 10
2026-07-31 14:02:26,069 | INFO | Fake target/identity : 10
2026-07-31 14:02:26,069 | INFO | Fake score threshold : 3.0
2026-07-31 14:02:26,070 | INFO | ============================================================
2026-07-31 14:02:26,087 | INFO | Q000701 | Skipped - ID000088/Fake target already met (12/10)
2026-07-31 14:02:26,662 | WARNING | Q001554 | HTTP 403 | {"message":"Unauthorized.","statusCode":403}
2026-07-31 14:02:28,725 | WARNING | Q001555 | HTTP 403 | {"message":"Unauthorized.","statusCode":403}
2026-07-31 14:02:30,787 | WARNING | Q001556 | HTTP 403 | {"message":"Unauthorized.","statusCode":403}
2026-07-31 14:02:32,847 | WARNING | Q001557 | HTTP 403 | {"message":"Unauthorized.","statusCode":403}
2026-07-31 14:02:34,926 | WARNING | Q001558 | HTTP 403 | {"message":"Unauthorized.","statusCode":403}
2026-07-31 14:02:36,994 | WARNING | Q001560 | HTTP 403 | {"message":"Unauthorized.","statusCode":403}
2026-07-31 14:02:39,073 | WARNING | Q001561 | HTTP 403 | {"message":"Unauthorized.","statusCode":403}
2026-07-31 14:02:39,537 | WARNING | Run interrupted by user (KeyboardInterrupt). Progress up to the last completed query has been saved. Re-run the script to resume.
2026-07-31 14:04:51,616 | INFO | ============================================================
2026-07-31 14:04:51,616 | INFO | STEP 3 START (Serper.dev Image Search)
2026-07-31 14:04:51,616 | INFO | Total queries        : 3184
2026-07-31 14:04:51,616 | INFO | Already completed    : 1556
2026-07-31 14:04:51,616 | INFO | Remaining pending    : 1628
2026-07-31 14:04:51,616 | INFO | Queries this run     : 1628
2026-07-31 14:04:51,616 | INFO | Real target/identity : 10
2026-07-31 14:04:51,616 | INFO | Fake target/identity : 10
2026-07-31 14:04:51,616 | INFO | Fake score threshold : 3.0
2026-07-31 14:04:51,616 | INFO | ============================================================
2026-07-31 14:04:53,056 | INFO | Q001554 | Success | 1 accepted (ID000195/Fake: 3/10)
2026-07-31 14:04:56,151 | INFO | Q001555 | No results passed trust/score/extension filters
2026-07-31 14:04:59,181 | INFO | Q001556 | Success | 1 accepted (ID000195/Fake: 4/10)
2026-07-31 14:05:04,155 | INFO | Q001557 | No results passed trust/score/extension filters
2026-07-31 14:05:07,587 | INFO | Q001558 | No results passed trust/score/extension filters
2026-07-31 14:05:11,710 | INFO | Q001560 | Success | 1 accepted (ID000195/Fake: 5/10)
2026-07-31 14:05:15,013 | INFO | Q001561 | Success | 3 accepted (ID000196/Real: 3/10)
2026-07-31 14:05:17,903 | INFO | Q001563 | Success | 2 accepted (ID000196/Fake: 8/10)
2026-07-31 14:05:20,804 | INFO | Q001564 | Success | 3 accepted (ID000196/Fake: 11/10)
2026-07-31 14:05:22,306 | INFO | Q001565 | Skipped - ID000196/Fake target already met (11/10)
2026-07-31 14:05:22,306 | INFO | Q001566 | Skipped - ID000196/Fake target already met (11/10)
2026-07-31 14:05:22,307 | INFO | Q001568 | Skipped - ID000196/Fake target already met (11/10)
2026-07-31 14:05:24,265 | INFO | Q001569 | Success | 3 accepted (ID000197/Real: 3/10)
2026-07-31 14:05:28,157 | INFO | Q001570 | Success | 3 accepted (ID000197/Fake: 3/10)
2026-07-31 14:05:31,593 | INFO | Q001571 | Success | 1 accepted (ID000197/Fake: 4/10)
2026-07-31 14:05:34,770 | INFO | Q001572 | Success | 3 accepted (ID000197/Fake: 7/10)
2026-07-31 14:05:38,131 | INFO | Q001573 | No results passed trust/score/extension filters
2026-07-31 14:05:41,421 | INFO | Q001574 | No results passed trust/score/extension filters
2026-07-31 14:05:44,413 | INFO | Q001575 | Success | 1 accepted (ID000197/Fake: 8/10)
2026-07-31 14:05:47,544 | INFO | Q001576 | Success | 2 accepted (ID000197/Fake: 10/10)
2026-07-31 14:05:50,732 | INFO | Q001577 | Success | 3 accepted (ID000198/Real: 3/10)
2026-07-31 14:05:53,960 | INFO | Q001578 | Success | 3 accepted (ID000198/Fake: 3/10)
2026-07-31 14:05:57,005 | INFO | Q001579 | Success | 3 accepted (ID000198/Fake: 6/10)
2026-07-31 14:06:00,357 | INFO | Q001580 | Success | 3 accepted (ID000198/Fake: 9/10)
2026-07-31 14:06:03,338 | INFO | Q001581 | Success | 3 accepted (ID000198/Fake: 12/10)
2026-07-31 14:06:04,841 | INFO | Q001582 | Skipped - ID000198/Fake target already met (12/10)
2026-07-31 14:06:04,841 | INFO | Q001583 | Skipped - ID000198/Fake target already met (12/10)
2026-07-31 14:06:04,841 | INFO | Q001584 | Skipped - ID000198/Fake target already met (12/10)
2026-07-31 14:06:06,683 | INFO | Q001585 | Success | 3 accepted (ID000199/Real: 3/10)
2026-07-31 14:06:09,944 | INFO | Q001586 | Success | 3 accepted (ID000199/Fake: 3/10)
2026-07-31 14:06:12,989 | INFO | Q001587 | Success | 3 accepted (ID000199/Fake: 6/10)
2026-07-31 14:06:16,141 | INFO | Q001588 | Success | 3 accepted (ID000199/Fake: 9/10)
2026-07-31 14:06:19,209 | INFO | Q001589 | Success | 3 accepted (ID000199/Fake: 12/10)
2026-07-31 14:06:20,712 | INFO | Q001590 | Skipped - ID000199/Fake target already met (12/10)
2026-07-31 14:06:20,713 | INFO | Q001591 | Skipped - ID000199/Fake target already met (12/10)
2026-07-31 14:06:20,714 | INFO | Q001592 | Skipped - ID000199/Fake target already met (12/10)
2026-07-31 14:06:22,307 | INFO | Q001593 | Success | 3 accepted (ID000200/Real: 3/10)
2026-07-31 14:06:25,703 | INFO | Q001594 | Success | 3 accepted (ID000200/Fake: 3/10)
2026-07-31 14:06:29,187 | INFO | Q001595 | Success | 3 accepted (ID000200/Fake: 6/10)
2026-07-31 14:06:32,706 | INFO | Q001596 | Success | 3 accepted (ID000200/Fake: 9/10)
2026-07-31 14:06:35,830 | INFO | Q001597 | Success | 3 accepted (ID000200/Fake: 12/10)
2026-07-31 14:06:37,334 | INFO | Q001598 | Skipped - ID000200/Fake target already met (12/10)
2026-07-31 14:06:37,335 | INFO | Q001599 | Skipped - ID000200/Fake target already met (12/10)
2026-07-31 14:06:37,336 | INFO | Q001600 | Skipped - ID000200/Fake target already met (12/10)
2026-07-31 14:06:39,586 | INFO | Q001601 | Success | 3 accepted (ID000201/Real: 3/10)
2026-07-31 14:06:42,372 | INFO | Q001602 | Success | 3 accepted (ID000201/Fake: 3/10)
2026-07-31 14:06:45,538 | INFO | Q001603 | Success | 3 accepted (ID000201/Fake: 6/10)
2026-07-31 14:06:48,914 | INFO | Q001604 | Success | 3 accepted (ID000201/Fake: 9/10)
2026-07-31 14:06:52,907 | INFO | Q001605 | Success | 3 accepted (ID000201/Fake: 12/10)
2026-07-31 14:06:54,410 | INFO | Q001606 | Skipped - ID000201/Fake target already met (12/10)
2026-07-31 14:06:54,411 | INFO | Q001607 | Skipped - ID000201/Fake target already met (12/10)
2026-07-31 14:06:54,411 | INFO | Q001608 | Skipped - ID000201/Fake target already met (12/10)
2026-07-31 14:06:56,315 | INFO | Q001609 | Success | 3 accepted (ID000202/Real: 3/10)
2026-07-31 14:06:59,875 | INFO | Q001610 | Success | 3 accepted (ID000202/Fake: 3/10)
2026-07-31 14:07:03,271 | INFO | Q001611 | Success | 3 accepted (ID000202/Fake: 6/10)
2026-07-31 14:07:06,331 | INFO | Q001612 | Success | 3 accepted (ID000202/Fake: 9/10)
2026-07-31 14:07:09,355 | INFO | Q001613 | Success | 3 accepted (ID000202/Fake: 12/10)
2026-07-31 14:07:10,858 | INFO | Q001614 | Skipped - ID000202/Fake target already met (12/10)
2026-07-31 14:07:10,859 | INFO | Q001615 | Skipped - ID000202/Fake target already met (12/10)
2026-07-31 14:07:10,860 | INFO | Q001616 | Skipped - ID000202/Fake target already met (12/10)
2026-07-31 14:07:12,919 | INFO | Q001617 | Success | 3 accepted (ID000203/Real: 3/10)
2026-07-31 14:07:15,858 | INFO | Q001618 | Success | 3 accepted (ID000203/Fake: 3/10)
2026-07-31 14:07:19,069 | INFO | Q001619 | Success | 1 accepted (ID000203/Fake: 4/10)
2026-07-31 14:07:22,280 | INFO | Q001620 | Success | 3 accepted (ID000203/Fake: 7/10)
2026-07-31 14:07:25,401 | INFO | Q001621 | No results passed trust/score/extension filters
2026-07-31 14:07:28,459 | INFO | Q001622 | No results passed trust/score/extension filters
2026-07-31 14:07:31,505 | INFO | Q001623 | Success | 1 accepted (ID000203/Fake: 8/10)
2026-07-31 14:07:34,864 | INFO | Q001624 | Success | 3 accepted (ID000203/Fake: 11/10)
2026-07-31 14:07:38,034 | INFO | Q001625 | Success | 3 accepted (ID000204/Real: 3/10)
2026-07-31 14:07:41,357 | INFO | Q001626 | Success | 1 accepted (ID000204/Fake: 1/10)
2026-07-31 14:07:44,618 | INFO | Q001627 | Success | 1 accepted (ID000204/Fake: 2/10)
2026-07-31 14:07:48,882 | INFO | Q001628 | Success | 1 accepted (ID000204/Fake: 3/10)
2026-07-31 14:07:51,889 | INFO | Q001629 | Success | 1 accepted (ID000204/Fake: 4/10)
2026-07-31 14:07:55,165 | INFO | Q001630 | No results passed trust/score/extension filters
2026-07-31 14:07:58,457 | INFO | Q001631 | Success | 3 accepted (ID000204/Fake: 7/10)
2026-07-31 14:08:01,832 | INFO | Q001632 | Success | 3 accepted (ID000204/Fake: 10/10)
2026-07-31 14:08:05,345 | INFO | Q001633 | Success | 3 accepted (ID000205/Real: 3/10)
2026-07-31 14:08:08,423 | INFO | Q001634 | No results passed trust/score/extension filters
2026-07-31 14:08:11,761 | INFO | Q001635 | No results passed trust/score/extension filters
2026-07-31 14:08:14,726 | INFO | Q001636 | No results passed trust/score/extension filters
2026-07-31 14:08:17,955 | INFO | Q001637 | No results passed trust/score/extension filters
2026-07-31 14:08:21,337 | INFO | Q001638 | No results passed trust/score/extension filters
2026-07-31 14:08:24,380 | INFO | Q001639 | No results passed trust/score/extension filters
2026-07-31 14:08:27,312 | INFO | Q001640 | No results passed trust/score/extension filters
2026-07-31 14:08:30,408 | INFO | Q001641 | Success | 3 accepted (ID000206/Real: 3/10)
2026-07-31 14:08:33,771 | INFO | Q001642 | Success | 3 accepted (ID000206/Fake: 3/10)
2026-07-31 14:08:36,687 | INFO | Q001643 | Success | 3 accepted (ID000206/Fake: 6/10)
2026-07-31 14:08:39,751 | INFO | Q001644 | Success | 3 accepted (ID000206/Fake: 9/10)
2026-07-31 14:08:42,890 | INFO | Q001645 | Success | 3 accepted (ID000206/Fake: 12/10)
2026-07-31 14:08:44,392 | INFO | Q001646 | Skipped - ID000206/Fake target already met (12/10)
2026-07-31 14:08:44,393 | INFO | Q001647 | Skipped - ID000206/Fake target already met (12/10)
2026-07-31 14:08:44,393 | INFO | Q001648 | Skipped - ID000206/Fake target already met (12/10)
2026-07-31 14:08:46,348 | INFO | Q001649 | Success | 3 accepted (ID000207/Real: 3/10)
2026-07-31 14:08:49,279 | INFO | Q001650 | Success | 3 accepted (ID000207/Fake: 3/10)
2026-07-31 14:08:52,634 | INFO | Q001651 | Success | 3 accepted (ID000207/Fake: 6/10)
2026-07-31 14:08:57,250 | INFO | Q001652 | Success | 3 accepted (ID000207/Fake: 9/10)
2026-07-31 14:09:00,200 | INFO | Q001653 | No results passed trust/score/extension filters
2026-07-31 14:09:03,353 | INFO | Q001654 | Success | 2 accepted (ID000207/Fake: 11/10)
2026-07-31 14:09:04,857 | INFO | Q001655 | Skipped - ID000207/Fake target already met (11/10)
2026-07-31 14:09:04,858 | INFO | Q001656 | Skipped - ID000207/Fake target already met (11/10)
2026-07-31 14:09:06,339 | INFO | Q001657 | Success | 3 accepted (ID000208/Real: 3/10)
2026-07-31 14:09:09,301 | INFO | Q001658 | No results passed trust/score/extension filters
2026-07-31 14:09:12,982 | INFO | Q001659 | No results passed trust/score/extension filters
2026-07-31 14:09:16,197 | INFO | Q001660 | Success | 2 accepted (ID000208/Fake: 2/10)
2026-07-31 14:09:19,441 | INFO | Q001661 | No results passed trust/score/extension filters
2026-07-31 14:09:22,457 | INFO | Q001662 | No results passed trust/score/extension filters
2026-07-31 14:09:25,536 | INFO | Q001663 | Success | 3 accepted (ID000208/Fake: 5/10)
2026-07-31 14:09:28,609 | INFO | Q001664 | No results passed trust/score/extension filters
2026-07-31 14:09:32,549 | INFO | Q001665 | Success | 3 accepted (ID000209/Real: 3/10)
2026-07-31 14:09:35,663 | INFO | Q001666 | Success | 3 accepted (ID000209/Fake: 3/10)
2026-07-31 14:09:38,492 | INFO | Q001667 | No results passed trust/score/extension filters
2026-07-31 14:09:41,623 | INFO | Q001668 | Success | 3 accepted (ID000209/Fake: 6/10)
2026-07-31 14:09:44,606 | INFO | Q001669 | No results passed trust/score/extension filters
2026-07-31 14:09:47,830 | INFO | Q001670 | No results passed trust/score/extension filters
2026-07-31 14:09:50,921 | INFO | Q001671 | Success | 1 accepted (ID000209/Fake: 7/10)
2026-07-31 14:09:54,170 | INFO | Q001672 | Success | 3 accepted (ID000209/Fake: 10/10)
2026-07-31 14:09:57,520 | INFO | Q001673 | Success | 3 accepted (ID000210/Real: 3/10)
2026-07-31 14:10:00,579 | INFO | Q001674 | Success | 3 accepted (ID000210/Fake: 3/10)
2026-07-31 14:10:03,472 | INFO | Q001675 | Success | 3 accepted (ID000210/Fake: 6/10)
2026-07-31 14:10:06,889 | INFO | Q001676 | Success | 3 accepted (ID000210/Fake: 9/10)
2026-07-31 14:10:10,716 | INFO | Q001677 | Success | 3 accepted (ID000210/Fake: 12/10)
2026-07-31 14:10:12,220 | INFO | Q001678 | Skipped - ID000210/Fake target already met (12/10)
2026-07-31 14:10:12,233 | INFO | Q001679 | Skipped - ID000210/Fake target already met (12/10)
2026-07-31 14:10:12,234 | INFO | Q001680 | Skipped - ID000210/Fake target already met (12/10)
2026-07-31 14:10:14,170 | INFO | Q001681 | Success | 3 accepted (ID000211/Real: 3/10)
2026-07-31 14:10:17,600 | INFO | Q001682 | No results passed trust/score/extension filters
2026-07-31 14:10:20,616 | INFO | Q001683 | Success | 3 accepted (ID000211/Fake: 3/10)
2026-07-31 14:10:23,692 | INFO | Q001684 | No results passed trust/score/extension filters
2026-07-31 14:10:26,880 | INFO | Q001685 | No results passed trust/score/extension filters
2026-07-31 14:10:30,025 | INFO | Q001686 | No results passed trust/score/extension filters
2026-07-31 14:10:33,516 | INFO | Q001687 | No results passed trust/score/extension filters
2026-07-31 14:10:36,881 | INFO | Q001688 | Success | 2 accepted (ID000211/Fake: 5/10)
2026-07-31 14:10:40,364 | INFO | Q001689 | Success | 3 accepted (ID000212/Real: 3/10)
2026-07-31 14:10:43,683 | INFO | Q001690 | Success | 3 accepted (ID000212/Fake: 3/10)
2026-07-31 14:10:46,879 | INFO | Q001691 | Success | 3 accepted (ID000212/Fake: 6/10)
2026-07-31 14:10:50,161 | INFO | Q001692 | Success | 3 accepted (ID000212/Fake: 9/10)
2026-07-31 14:10:53,648 | INFO | Q001693 | No results passed trust/score/extension filters
2026-07-31 14:10:56,809 | INFO | Q001694 | No results passed trust/score/extension filters
2026-07-31 14:10:59,752 | INFO | Q001695 | Success | 1 accepted (ID000212/Fake: 10/10)
2026-07-31 14:11:01,256 | INFO | Q001696 | Skipped - ID000212/Fake target already met (10/10)
2026-07-31 14:11:03,322 | INFO | Q001697 | Success | 3 accepted (ID000213/Real: 3/10)
2026-07-31 14:11:06,609 | INFO | Q001698 | Success | 1 accepted (ID000213/Fake: 1/10)
2026-07-31 14:11:09,363 | INFO | Q001699 | Success | 3 accepted (ID000213/Fake: 4/10)
2026-07-31 14:11:12,455 | INFO | Q001700 | No results passed trust/score/extension filters
2026-07-31 14:11:15,601 | INFO | Q001701 | Success | 3 accepted (ID000213/Fake: 7/10)
2026-07-31 14:11:18,657 | INFO | Q001702 | No results passed trust/score/extension filters
2026-07-31 14:11:22,253 | INFO | Q001703 | No results passed trust/score/extension filters
2026-07-31 14:11:25,257 | INFO | Q001704 | No results passed trust/score/extension filters
2026-07-31 14:11:28,384 | INFO | Q001705 | Success | 3 accepted (ID000214/Real: 3/10)
2026-07-31 14:11:31,497 | INFO | Q001706 | Success | 3 accepted (ID000214/Fake: 3/10)
2026-07-31 14:11:34,565 | INFO | Q001707 | Success | 3 accepted (ID000214/Fake: 6/10)
2026-07-31 14:11:37,406 | INFO | Q001708 | Success | 3 accepted (ID000214/Fake: 9/10)
2026-07-31 14:11:40,368 | INFO | Q001709 | No results passed trust/score/extension filters
2026-07-31 14:11:43,735 | INFO | Q001710 | No results passed trust/score/extension filters
2026-07-31 14:11:46,613 | INFO | Q001711 | Success | 3 accepted (ID000214/Fake: 12/10)
2026-07-31 14:11:48,117 | INFO | Q001712 | Skipped - ID000214/Fake target already met (12/10)
2026-07-31 14:11:49,491 | INFO | Q001713 | Success | 3 accepted (ID000215/Real: 3/10)
2026-07-31 14:11:52,710 | INFO | Q001714 | Success | 3 accepted (ID000215/Fake: 3/10)
2026-07-31 14:11:55,940 | INFO | Q001715 | Success | 3 accepted (ID000215/Fake: 6/10)
2026-07-31 14:11:59,044 | INFO | Q001716 | Success | 3 accepted (ID000215/Fake: 9/10)
2026-07-31 14:12:07,575 | INFO | Q001717 | Success | 3 accepted (ID000215/Fake: 12/10)
2026-07-31 14:12:09,079 | INFO | Q001718 | Skipped - ID000215/Fake target already met (12/10)
2026-07-31 14:12:09,080 | INFO | Q001719 | Skipped - ID000215/Fake target already met (12/10)
2026-07-31 14:12:09,081 | INFO | Q001720 | Skipped - ID000215/Fake target already met (12/10)
2026-07-31 14:12:12,697 | INFO | Q001721 | Success | 3 accepted (ID000216/Real: 3/10)
2026-07-31 14:12:21,608 | INFO | Q001722 | No results passed trust/score/extension filters
2026-07-31 14:12:24,978 | INFO | Q001723 | Success | 3 accepted (ID000216/Fake: 3/10)
2026-07-31 14:12:27,989 | INFO | Q001724 | Success | 3 accepted (ID000216/Fake: 6/10)
2026-07-31 14:12:31,299 | INFO | Q001725 | Success | 3 accepted (ID000216/Fake: 9/10)
2026-07-31 14:12:34,744 | INFO | Q001726 | No results passed trust/score/extension filters
2026-07-31 14:12:39,386 | INFO | Q001727 | Success | 1 accepted (ID000216/Fake: 10/10)
2026-07-31 14:12:40,889 | INFO | Q001728 | Skipped - ID000216/Fake target already met (10/10)
2026-07-31 14:12:42,405 | INFO | Q001729 | Success | 3 accepted (ID000217/Real: 3/10)
2026-07-31 14:12:45,570 | INFO | Q001730 | Success | 3 accepted (ID000217/Fake: 3/10)
2026-07-31 14:12:48,720 | INFO | Q001731 | Success | 3 accepted (ID000217/Fake: 6/10)
2026-07-31 14:12:51,659 | INFO | Q001732 | Success | 3 accepted (ID000217/Fake: 9/10)
2026-07-31 14:12:54,838 | INFO | Q001733 | Success | 3 accepted (ID000217/Fake: 12/10)
2026-07-31 14:12:56,342 | INFO | Q001734 | Skipped - ID000217/Fake target already met (12/10)
2026-07-31 14:12:56,343 | INFO | Q001735 | Skipped - ID000217/Fake target already met (12/10)
2026-07-31 14:12:56,344 | INFO | Q001736 | Skipped - ID000217/Fake target already met (12/10)
2026-07-31 14:12:57,971 | INFO | Q001737 | Success | 3 accepted (ID000218/Real: 3/10)
2026-07-31 14:13:02,987 | INFO | Q001738 | No results passed trust/score/extension filters
2026-07-31 14:13:05,882 | INFO | Q001739 | No results passed trust/score/extension filters
2026-07-31 14:13:09,035 | INFO | Q001740 | Success | 1 accepted (ID000218/Fake: 1/10)
2026-07-31 14:13:12,169 | INFO | Q001741 | No results passed trust/score/extension filters
2026-07-31 14:13:14,901 | WARNING | Run interrupted by user (KeyboardInterrupt). Progress up to the last completed query has been saved. Re-run the script to resume.
2026-07-31 19:09:57,917 | INFO | ============================================================
2026-07-31 19:09:57,955 | INFO | STEP 3 START (Serper.dev Image Search)
2026-07-31 19:09:57,955 | INFO | Total queries        : 3184
2026-07-31 19:09:57,955 | INFO | Already completed    : 1741
2026-07-31 19:09:57,955 | INFO | Remaining pending    : 1443
2026-07-31 19:09:57,955 | INFO | Queries this run     : 1443
2026-07-31 19:09:57,955 | INFO | Real target/identity : 10
2026-07-31 19:09:57,955 | INFO | Fake target/identity : 10
2026-07-31 19:09:57,955 | INFO | Fake score threshold : 3.0
2026-07-31 19:09:57,955 | INFO | ============================================================
2026-07-31 19:09:59,748 | INFO | Q001742 | No results passed trust/score/extension filters
2026-07-31 19:10:03,051 | INFO | Q001743 | Success | 3 accepted (ID000218/Fake: 4/10)
2026-07-31 19:10:06,097 | INFO | Q001744 | No results passed trust/score/extension filters
2026-07-31 19:10:09,542 | INFO | Q001745 | Success | 3 accepted (ID000219/Real: 3/10)
2026-07-31 19:10:13,031 | INFO | Q001746 | Success | 3 accepted (ID000219/Fake: 3/10)
2026-07-31 19:10:16,035 | INFO | Q001747 | Success | 2 accepted (ID000219/Fake: 5/10)
2026-07-31 19:10:19,108 | INFO | Q001748 | Success | 3 accepted (ID000219/Fake: 8/10)
2026-07-31 19:10:22,638 | INFO | Q001749 | Success | 1 accepted (ID000219/Fake: 9/10)
2026-07-31 19:10:26,272 | INFO | Q001750 | No results passed trust/score/extension filters
2026-07-31 19:10:30,225 | INFO | Q001751 | Success | 2 accepted (ID000219/Fake: 11/10)
2026-07-31 19:10:31,727 | INFO | Q001752 | Skipped - ID000219/Fake target already met (11/10)
2026-07-31 19:10:33,290 | INFO | Q001753 | Success | 3 accepted (ID000220/Real: 3/10)
2026-07-31 19:10:36,661 | INFO | Q001754 | Success | 3 accepted (ID000220/Fake: 3/10)
2026-07-31 19:10:40,297 | INFO | Q001755 | Success | 3 accepted (ID000220/Fake: 6/10)
2026-07-31 19:10:51,567 | INFO | Q001756 | Success | 3 accepted (ID000220/Fake: 9/10)
2026-07-31 19:10:54,610 | INFO | Q001757 | Success | 3 accepted (ID000220/Fake: 12/10)
2026-07-31 19:10:56,113 | INFO | Q001758 | Skipped - ID000220/Fake target already met (12/10)
2026-07-31 19:10:56,114 | INFO | Q001759 | Skipped - ID000220/Fake target already met (12/10)
2026-07-31 19:10:56,115 | INFO | Q001760 | Skipped - ID000220/Fake target already met (12/10)
2026-07-31 19:10:58,048 | INFO | Q001761 | Success | 3 accepted (ID000221/Real: 3/10)
2026-07-31 19:11:02,928 | INFO | Q001762 | Success | 3 accepted (ID000221/Fake: 3/10)
2026-07-31 19:11:06,161 | INFO | Q001763 | Success | 1 accepted (ID000221/Fake: 4/10)
2026-07-31 19:11:09,149 | INFO | Q001764 | Success | 3 accepted (ID000221/Fake: 7/10)
2026-07-31 19:11:12,644 | INFO | Q001765 | No results passed trust/score/extension filters
2026-07-31 19:11:15,804 | INFO | Q001766 | No results passed trust/score/extension filters
2026-07-31 19:11:18,860 | INFO | Q001767 | Success | 3 accepted (ID000221/Fake: 10/10)
2026-07-31 19:11:20,364 | INFO | Q001768 | Skipped - ID000221/Fake target already met (10/10)
2026-07-31 19:11:21,798 | INFO | Q001769 | Success | 3 accepted (ID000222/Real: 3/10)
2026-07-31 19:11:25,813 | INFO | Q001770 | Success | 3 accepted (ID000222/Fake: 3/10)
2026-07-31 19:11:29,329 | INFO | Q001771 | No results passed trust/score/extension filters
2026-07-31 19:11:32,939 | INFO | Q001772 | Success | 2 accepted (ID000222/Fake: 5/10)
2026-07-31 19:11:37,347 | INFO | Q001773 | No results passed trust/score/extension filters
2026-07-31 19:11:41,191 | INFO | Q001774 | No results passed trust/score/extension filters
2026-07-31 19:11:44,851 | INFO | Q001775 | Success | 3 accepted (ID000222/Fake: 8/10)
2026-07-31 19:11:49,726 | INFO | Q001776 | No results passed trust/score/extension filters
2026-07-31 19:11:52,724 | INFO | Q001777 | Success | 3 accepted (ID000223/Real: 3/10)
2026-07-31 19:11:55,766 | INFO | Q001778 | No results passed trust/score/extension filters
2026-07-31 19:11:59,071 | INFO | Q001779 | Success | 3 accepted (ID000223/Fake: 3/10)
2026-07-31 19:12:01,937 | INFO | Q001780 | No results passed trust/score/extension filters
2026-07-31 19:12:05,017 | INFO | Q001781 | Success | 3 accepted (ID000223/Fake: 6/10)
2026-07-31 19:12:09,486 | INFO | Q001782 | No results passed trust/score/extension filters
2026-07-31 19:12:12,522 | INFO | Q001783 | No results passed trust/score/extension filters
2026-07-31 19:12:15,444 | INFO | Q001784 | Success | 1 accepted (ID000223/Fake: 7/10)
2026-07-31 19:12:18,393 | INFO | Q001785 | Success | 3 accepted (ID000224/Real: 3/10)
2026-07-31 19:12:21,697 | INFO | Q001786 | No results passed trust/score/extension filters
2026-07-31 19:12:25,463 | INFO | Q001787 | No results passed trust/score/extension filters
2026-07-31 19:12:28,987 | INFO | Q001788 | No results passed trust/score/extension filters
2026-07-31 19:12:32,280 | INFO | Q001789 | No results passed trust/score/extension filters
2026-07-31 19:12:35,199 | INFO | Q001790 | No results passed trust/score/extension filters
2026-07-31 19:12:38,485 | INFO | Q001791 | No results passed trust/score/extension filters
2026-07-31 19:12:43,001 | INFO | Q001792 | No results passed trust/score/extension filters
2026-07-31 19:12:46,421 | INFO | Q001793 | Success | 3 accepted (ID000225/Real: 3/10)
2026-07-31 19:12:49,523 | INFO | Q001794 | Success | 3 accepted (ID000225/Fake: 3/10)
2026-07-31 19:12:52,604 | INFO | Q001795 | Success | 3 accepted (ID000225/Fake: 6/10)
2026-07-31 19:12:55,654 | INFO | Q001796 | Success | 3 accepted (ID000225/Fake: 9/10)
2026-07-31 19:12:58,765 | INFO | Q001797 | Success | 3 accepted (ID000225/Fake: 12/10)
2026-07-31 19:13:00,269 | INFO | Q001798 | Skipped - ID000225/Fake target already met (12/10)
2026-07-31 19:13:00,270 | INFO | Q001799 | Skipped - ID000225/Fake target already met (12/10)
2026-07-31 19:13:00,270 | INFO | Q001800 | Skipped - ID000225/Fake target already met (12/10)
2026-07-31 19:13:02,417 | INFO | Q001801 | Success | 3 accepted (ID000226/Real: 3/10)
2026-07-31 19:13:05,452 | INFO | Q001802 | Success | 3 accepted (ID000226/Fake: 3/10)
2026-07-31 19:13:08,813 | INFO | Q001803 | Success | 3 accepted (ID000226/Fake: 6/10)
2026-07-31 19:13:11,886 | INFO | Q001804 | Success | 3 accepted (ID000226/Fake: 9/10)
2026-07-31 19:13:16,625 | INFO | Q001805 | No results passed trust/score/extension filters
2026-07-31 19:13:20,338 | INFO | Q001806 | No results passed trust/score/extension filters
2026-07-31 19:13:23,399 | INFO | Q001807 | Success | 2 accepted (ID000226/Fake: 11/10)
2026-07-31 19:13:24,904 | INFO | Q001808 | Skipped - ID000226/Fake target already met (11/10)
2026-07-31 19:13:26,694 | INFO | Q001809 | Success | 3 accepted (ID000227/Real: 3/10)
2026-07-31 19:13:29,972 | INFO | Q001810 | Success | 3 accepted (ID000227/Fake: 3/10)
2026-07-31 19:13:32,911 | INFO | Q001811 | Success | 3 accepted (ID000227/Fake: 6/10)
2026-07-31 19:13:36,124 | INFO | Q001812 | Success | 3 accepted (ID000227/Fake: 9/10)
2026-07-31 19:13:39,118 | INFO | Q001813 | Success | 3 accepted (ID000227/Fake: 12/10)
2026-07-31 19:13:40,621 | INFO | Q001814 | Skipped - ID000227/Fake target already met (12/10)
2026-07-31 19:13:40,621 | INFO | Q001815 | Skipped - ID000227/Fake target already met (12/10)
2026-07-31 19:13:40,622 | INFO | Q001816 | Skipped - ID000227/Fake target already met (12/10)
2026-07-31 19:13:42,246 | INFO | Q001817 | Success | 3 accepted (ID000228/Real: 3/10)
2026-07-31 19:13:45,357 | INFO | Q001818 | Success | 3 accepted (ID000228/Fake: 3/10)
2026-07-31 19:13:49,437 | INFO | Q001819 | Success | 3 accepted (ID000228/Fake: 6/10)
2026-07-31 19:13:52,649 | INFO | Q001820 | Success | 3 accepted (ID000228/Fake: 9/10)
2026-07-31 19:13:56,138 | INFO | Q001821 | Success | 1 accepted (ID000228/Fake: 10/10)
2026-07-31 19:13:57,640 | INFO | Q001822 | Skipped - ID000228/Fake target already met (10/10)
2026-07-31 19:13:57,641 | INFO | Q001823 | Skipped - ID000228/Fake target already met (10/10)
2026-07-31 19:13:57,642 | INFO | Q001824 | Skipped - ID000228/Fake target already met (10/10)
2026-07-31 19:13:59,343 | INFO | Q001825 | Success | 3 accepted (ID000229/Real: 3/10)
2026-07-31 19:14:02,276 | INFO | Q001826 | Success | 3 accepted (ID000229/Fake: 3/10)
2026-07-31 19:14:05,549 | INFO | Q001827 | Success | 3 accepted (ID000229/Fake: 6/10)
2026-07-31 19:14:08,757 | INFO | Q001828 | Success | 1 accepted (ID000229/Fake: 7/10)
2026-07-31 19:14:12,032 | INFO | Q001829 | Success | 3 accepted (ID000229/Fake: 10/10)
2026-07-31 19:14:13,534 | INFO | Q001830 | Skipped - ID000229/Fake target already met (10/10)
2026-07-31 19:14:13,534 | INFO | Q001831 | Skipped - ID000229/Fake target already met (10/10)
2026-07-31 19:14:13,535 | INFO | Q001832 | Skipped - ID000229/Fake target already met (10/10)
2026-07-31 19:14:14,974 | INFO | Q001833 | Success | 3 accepted (ID000230/Real: 3/10)
2026-07-31 19:14:18,564 | INFO | Q001834 | Success | 3 accepted (ID000230/Fake: 3/10)
2026-07-31 19:14:23,053 | INFO | Q001835 | Success | 3 accepted (ID000230/Fake: 6/10)
2026-07-31 19:14:26,323 | INFO | Q001836 | Success | 3 accepted (ID000230/Fake: 9/10)
2026-07-31 19:14:29,481 | INFO | Q001837 | Success | 3 accepted (ID000230/Fake: 12/10)
2026-07-31 19:14:30,984 | INFO | Q001838 | Skipped - ID000230/Fake target already met (12/10)
2026-07-31 19:14:30,985 | INFO | Q001839 | Skipped - ID000230/Fake target already met (12/10)
2026-07-31 19:14:30,986 | INFO | Q001840 | Skipped - ID000230/Fake target already met (12/10)
2026-07-31 19:14:32,999 | INFO | Q001841 | Success | 3 accepted (ID000231/Real: 3/10)
2026-07-31 19:14:36,569 | INFO | Q001842 | Success | 3 accepted (ID000231/Fake: 3/10)
2026-07-31 19:14:41,024 | INFO | Q001843 | Success | 3 accepted (ID000231/Fake: 6/10)
2026-07-31 19:14:44,300 | INFO | Q001844 | Success | 3 accepted (ID000231/Fake: 9/10)
2026-07-31 19:14:48,045 | INFO | Q001845 | Success | 3 accepted (ID000231/Fake: 12/10)
2026-07-31 19:14:49,548 | INFO | Q001846 | Skipped - ID000231/Fake target already met (12/10)
2026-07-31 19:14:49,549 | INFO | Q001847 | Skipped - ID000231/Fake target already met (12/10)
2026-07-31 19:14:49,550 | INFO | Q001848 | Skipped - ID000231/Fake target already met (12/10)
2026-07-31 19:14:51,354 | INFO | Q001849 | Success | 3 accepted (ID000232/Real: 3/10)
2026-07-31 19:14:54,397 | INFO | Q001850 | Success | 3 accepted (ID000232/Fake: 3/10)
2026-07-31 19:14:59,184 | INFO | Q001851 | Success | 3 accepted (ID000232/Fake: 6/10)
2026-07-31 19:15:02,180 | INFO | Q001852 | No results passed trust/score/extension filters
2026-07-31 19:15:05,058 | INFO | Q001853 | Success | 2 accepted (ID000232/Fake: 8/10)
2026-07-31 19:15:08,089 | INFO | Q001854 | No results passed trust/score/extension filters
2026-07-31 19:15:11,268 | INFO | Q001855 | Success | 3 accepted (ID000232/Fake: 11/10)
2026-07-31 19:15:12,770 | INFO | Q001856 | Skipped - ID000232/Fake target already met (11/10)
2026-07-31 19:15:14,673 | INFO | Q001857 | Success | 3 accepted (ID000233/Real: 3/10)
2026-07-31 19:15:18,290 | INFO | Q001858 | Success | 1 accepted (ID000233/Fake: 1/10)
2026-07-31 19:15:21,318 | INFO | Q001859 | Success | 2 accepted (ID000233/Fake: 3/10)
2026-07-31 19:15:24,406 | INFO | Q001860 | Success | 2 accepted (ID000233/Fake: 5/10)
2026-07-31 19:15:27,898 | INFO | Q001861 | No results passed trust/score/extension filters
2026-07-31 19:15:32,458 | INFO | Q001862 | No results passed trust/score/extension filters
2026-07-31 19:15:35,766 | INFO | Q001863 | Success | 1 accepted (ID000233/Fake: 6/10)
2026-07-31 19:15:39,036 | INFO | Q001864 | Success | 2 accepted (ID000233/Fake: 8/10)
2026-07-31 19:15:42,191 | INFO | Q001865 | Success | 3 accepted (ID000234/Real: 3/10)
2026-07-31 19:15:45,351 | INFO | Q001866 | Success | 3 accepted (ID000234/Fake: 3/10)
2026-07-31 19:15:48,265 | INFO | Q001867 | No results passed trust/score/extension filters
2026-07-31 19:15:51,345 | INFO | Q001868 | Success | 3 accepted (ID000234/Fake: 6/10)
2026-07-31 19:15:54,478 | INFO | Q001869 | No results passed trust/score/extension filters
2026-07-31 19:15:57,704 | INFO | Q001870 | No results passed trust/score/extension filters
2026-07-31 19:16:00,529 | INFO | Q001871 | Success | 1 accepted (ID000234/Fake: 7/10)
2026-07-31 19:16:05,352 | INFO | Q001872 | Success | 3 accepted (ID000234/Fake: 10/10)
2026-07-31 19:16:09,358 | INFO | Q001873 | Success | 3 accepted (ID000235/Real: 3/10)
2026-07-31 19:16:12,326 | INFO | Q001874 | Success | 3 accepted (ID000235/Fake: 3/10)
2026-07-31 19:16:16,872 | INFO | Q001875 | Success | 3 accepted (ID000235/Fake: 6/10)
2026-07-31 19:16:20,179 | INFO | Q001876 | Success | 3 accepted (ID000235/Fake: 9/10)
2026-07-31 19:16:23,260 | INFO | Q001877 | Success | 3 accepted (ID000235/Fake: 12/10)
2026-07-31 19:16:24,760 | INFO | Q001878 | Skipped - ID000235/Fake target already met (12/10)
2026-07-31 19:16:24,761 | INFO | Q001879 | Skipped - ID000235/Fake target already met (12/10)
2026-07-31 19:16:24,761 | INFO | Q001880 | Skipped - ID000235/Fake target already met (12/10)
2026-07-31 19:16:26,532 | INFO | Q001881 | Success | 3 accepted (ID000236/Real: 3/10)
2026-07-31 19:16:29,551 | INFO | Q001882 | No results passed trust/score/extension filters
2026-07-31 19:16:32,484 | INFO | Q001883 | No results passed trust/score/extension filters
2026-07-31 19:16:37,208 | INFO | Q001884 | No results passed trust/score/extension filters
2026-07-31 19:16:40,416 | INFO | Q001885 | No results passed trust/score/extension filters
2026-07-31 19:16:43,453 | INFO | Q001886 | No results passed trust/score/extension filters
2026-07-31 19:16:46,507 | INFO | Q001887 | No results passed trust/score/extension filters
2026-07-31 19:16:49,950 | INFO | Q001888 | No results passed trust/score/extension filters
2026-07-31 19:16:52,953 | INFO | Q001889 | Success | 3 accepted (ID000237/Real: 3/10)
2026-07-31 19:16:56,073 | INFO | Q001890 | No results passed trust/score/extension filters
2026-07-31 19:16:59,557 | INFO | Q001891 | Success | 3 accepted (ID000237/Fake: 3/10)
2026-07-31 19:17:02,757 | INFO | Q001892 | No results passed trust/score/extension filters
2026-07-31 19:17:06,142 | INFO | Q001893 | No results passed trust/score/extension filters
2026-07-31 19:17:09,332 | INFO | Q001894 | No results passed trust/score/extension filters
2026-07-31 19:17:13,449 | INFO | Q001895 | Success | 1 accepted (ID000237/Fake: 4/10)
2026-07-31 19:17:16,503 | INFO | Q001896 | No results passed trust/score/extension filters
2026-07-31 19:17:19,399 | INFO | Q001897 | Success | 3 accepted (ID000238/Real: 3/10)
2026-07-31 19:17:22,655 | INFO | Q001898 | No results passed trust/score/extension filters
2026-07-31 19:17:26,292 | INFO | Q001899 | No results passed trust/score/extension filters
2026-07-31 19:17:29,415 | INFO | Q001900 | No results passed trust/score/extension filters
2026-07-31 19:17:32,522 | INFO | Q001901 | No results passed trust/score/extension filters
2026-07-31 19:17:35,610 | INFO | Q001902 | No results passed trust/score/extension filters
2026-07-31 19:17:38,817 | INFO | Q001903 | No results passed trust/score/extension filters
2026-07-31 19:17:41,796 | INFO | Q001904 | No results passed trust/score/extension filters
2026-07-31 19:17:46,517 | INFO | Q001905 | Success | 3 accepted (ID000239/Real: 3/10)
2026-07-31 19:17:49,511 | INFO | Q001906 | Success | 3 accepted (ID000239/Fake: 3/10)
2026-07-31 19:17:52,558 | INFO | Q001907 | Success | 3 accepted (ID000239/Fake: 6/10)
2026-07-31 19:17:56,132 | INFO | Q001908 | Success | 3 accepted (ID000239/Fake: 9/10)
2026-07-31 19:17:59,941 | INFO | Q001909 | Success | 3 accepted (ID000239/Fake: 12/10)
2026-07-31 19:18:01,445 | INFO | Q001910 | Skipped - ID000239/Fake target already met (12/10)
2026-07-31 19:18:01,449 | INFO | Q001911 | Skipped - ID000239/Fake target already met (12/10)
2026-07-31 19:18:01,449 | INFO | Q001912 | Skipped - ID000239/Fake target already met (12/10)
2026-07-31 19:18:03,086 | INFO | Q001913 | Success | 3 accepted (ID000240/Real: 3/10)
2026-07-31 19:18:06,364 | INFO | Q001914 | No results passed trust/score/extension filters
2026-07-31 19:18:09,488 | INFO | Q001915 | No results passed trust/score/extension filters
2026-07-31 19:18:12,747 | INFO | Q001916 | Success | 2 accepted (ID000240/Fake: 2/10)
2026-07-31 19:18:16,216 | INFO | Q001917 | No results passed trust/score/extension filters
2026-07-31 19:18:20,592 | INFO | Q001918 | No results passed trust/score/extension filters
2026-07-31 19:18:23,906 | INFO | Q001919 | Success | 1 accepted (ID000240/Fake: 3/10)
2026-07-31 19:18:27,014 | INFO | Q001920 | No results passed trust/score/extension filters
2026-07-31 19:18:30,167 | INFO | Q001921 | Success | 3 accepted (ID000241/Real: 3/10)
2026-07-31 19:18:33,472 | INFO | Q001922 | Success | 3 accepted (ID000241/Fake: 3/10)
2026-07-31 19:18:36,391 | INFO | Q001923 | Success | 3 accepted (ID000241/Fake: 6/10)
2026-07-31 19:18:39,651 | INFO | Q001924 | Success | 3 accepted (ID000241/Fake: 9/10)
2026-07-31 19:18:42,980 | INFO | Q001925 | Success | 3 accepted (ID000241/Fake: 12/10)
2026-07-31 19:18:44,482 | INFO | Q001926 | Skipped - ID000241/Fake target already met (12/10)
2026-07-31 19:18:44,487 | INFO | Q001927 | Skipped - ID000241/Fake target already met (12/10)
2026-07-31 19:18:44,488 | INFO | Q001928 | Skipped - ID000241/Fake target already met (12/10)
2026-07-31 19:18:46,229 | INFO | Q001929 | Success | 3 accepted (ID000242/Real: 3/10)
2026-07-31 19:18:49,500 | INFO | Q001930 | Success | 3 accepted (ID000242/Fake: 3/10)
2026-07-31 19:18:53,829 | INFO | Q001931 | No results passed trust/score/extension filters
2026-07-31 19:18:57,070 | INFO | Q001932 | No results passed trust/score/extension filters
2026-07-31 19:19:00,486 | INFO | Q001933 | No results passed trust/score/extension filters
2026-07-31 19:19:04,469 | INFO | Q001934 | No results passed trust/score/extension filters
2026-07-31 19:19:07,583 | INFO | Q001935 | Success | 1 accepted (ID000242/Fake: 4/10)
2026-07-31 19:19:10,914 | INFO | Q001936 | Success | 3 accepted (ID000242/Fake: 7/10)
2026-07-31 19:19:14,181 | INFO | Q001937 | Success | 3 accepted (ID000243/Real: 3/10)
2026-07-31 19:19:17,431 | INFO | Q001938 | Success | 2 accepted (ID000243/Fake: 2/10)
2026-07-31 19:19:20,321 | INFO | Q001939 | Success | 3 accepted (ID000243/Fake: 5/10)
2026-07-31 19:19:24,927 | INFO | Q001940 | Success | 3 accepted (ID000243/Fake: 8/10)
2026-07-31 19:19:27,819 | INFO | Q001941 | Success | 3 accepted (ID000243/Fake: 11/10)
2026-07-31 19:19:29,321 | INFO | Q001942 | Skipped - ID000243/Fake target already met (11/10)
2026-07-31 19:19:29,321 | INFO | Q001943 | Skipped - ID000243/Fake target already met (11/10)
2026-07-31 19:19:29,322 | INFO | Q001944 | Skipped - ID000243/Fake target already met (11/10)
2026-07-31 19:19:31,348 | INFO | Q001945 | Success | 3 accepted (ID000244/Real: 3/10)
2026-07-31 19:19:34,465 | INFO | Q001946 | Success | 3 accepted (ID000244/Fake: 3/10)
2026-07-31 19:19:37,485 | INFO | Q001947 | Success | 3 accepted (ID000244/Fake: 6/10)
2026-07-31 19:19:40,612 | INFO | Q001948 | Success | 3 accepted (ID000244/Fake: 9/10)
2026-07-31 19:19:47,851 | INFO | Q001949 | Success | 1 accepted (ID000244/Fake: 10/10)
2026-07-31 19:19:49,354 | INFO | Q001950 | Skipped - ID000244/Fake target already met (10/10)
2026-07-31 19:19:49,355 | INFO | Q001951 | Skipped - ID000244/Fake target already met (10/10)
2026-07-31 19:19:49,356 | INFO | Q001952 | Skipped - ID000244/Fake target already met (10/10)
2026-07-31 19:19:50,962 | INFO | Q001953 | Success | 3 accepted (ID000245/Real: 3/10)
2026-07-31 19:19:54,254 | INFO | Q001954 | Success | 3 accepted (ID000245/Fake: 3/10)
2026-07-31 19:19:58,460 | INFO | Q001955 | Success | 3 accepted (ID000245/Fake: 6/10)
2026-07-31 19:20:02,933 | INFO | Q001956 | Success | 3 accepted (ID000245/Fake: 9/10)
2026-07-31 19:20:06,933 | INFO | Q001957 | Success | 3 accepted (ID000245/Fake: 12/10)
2026-07-31 19:20:08,436 | INFO | Q001958 | Skipped - ID000245/Fake target already met (12/10)
2026-07-31 19:20:08,437 | INFO | Q001959 | Skipped - ID000245/Fake target already met (12/10)
2026-07-31 19:20:08,438 | INFO | Q001960 | Skipped - ID000245/Fake target already met (12/10)
2026-07-31 19:20:10,870 | INFO | Q001961 | Success | 3 accepted (ID000246/Real: 3/10)
2026-07-31 19:20:14,545 | INFO | Q001962 | Success | 3 accepted (ID000246/Fake: 3/10)
2026-07-31 19:20:18,611 | INFO | Q001963 | Success | 3 accepted (ID000246/Fake: 6/10)
2026-07-31 19:20:21,853 | INFO | Q001964 | Success | 3 accepted (ID000246/Fake: 9/10)
2026-07-31 19:20:25,929 | INFO | Q001965 | Success | 1 accepted (ID000246/Fake: 10/10)
2026-07-31 19:20:27,431 | INFO | Q001966 | Skipped - ID000246/Fake target already met (10/10)
2026-07-31 19:20:27,434 | INFO | Q001967 | Skipped - ID000246/Fake target already met (10/10)
2026-07-31 19:20:27,434 | INFO | Q001968 | Skipped - ID000246/Fake target already met (10/10)
2026-07-31 19:20:29,143 | INFO | Q001969 | Success | 3 accepted (ID000247/Real: 3/10)
2026-07-31 19:20:33,481 | INFO | Q001970 | Success | 2 accepted (ID000247/Fake: 2/10)
2026-07-31 19:20:36,629 | INFO | Q001971 | No results passed trust/score/extension filters
2026-07-31 19:20:39,622 | INFO | Q001972 | Success | 1 accepted (ID000247/Fake: 3/10)
2026-07-31 19:20:42,602 | INFO | Q001973 | No results passed trust/score/extension filters
2026-07-31 19:20:45,616 | INFO | Q001974 | No results passed trust/score/extension filters
2026-07-31 19:20:48,752 | INFO | Q001975 | No results passed trust/score/extension filters
2026-07-31 19:20:52,026 | INFO | Q001976 | No results passed trust/score/extension filters
2026-07-31 19:20:55,099 | INFO | Q001977 | Success | 3 accepted (ID000248/Real: 3/10)
2026-07-31 19:20:58,405 | INFO | Q001978 | Success | 3 accepted (ID000248/Fake: 3/10)
2026-07-31 19:21:02,811 | INFO | Q001979 | Success | 3 accepted (ID000248/Fake: 6/10)
2026-07-31 19:21:07,785 | INFO | Q001980 | Success | 3 accepted (ID000248/Fake: 9/10)
2026-07-31 19:21:11,038 | INFO | Q001981 | Success | 3 accepted (ID000248/Fake: 12/10)
2026-07-31 19:21:12,541 | INFO | Q001982 | Skipped - ID000248/Fake target already met (12/10)
2026-07-31 19:21:12,542 | INFO | Q001983 | Skipped - ID000248/Fake target already met (12/10)
2026-07-31 19:21:12,542 | INFO | Q001984 | Skipped - ID000248/Fake target already met (12/10)
2026-07-31 19:21:13,977 | INFO | Q001985 | Success | 3 accepted (ID000249/Real: 3/10)
2026-07-31 19:21:17,111 | INFO | Q001986 | No results passed trust/score/extension filters
2026-07-31 19:21:20,231 | INFO | Q001987 | Success | 1 accepted (ID000249/Fake: 1/10)
2026-07-31 19:21:23,666 | INFO | Q001988 | Success | 1 accepted (ID000249/Fake: 2/10)
2026-07-31 19:21:27,057 | INFO | Q001989 | No results passed trust/score/extension filters
2026-07-31 19:21:30,188 | INFO | Q001990 | No results passed trust/score/extension filters
2026-07-31 19:21:33,453 | INFO | Q001991 | Success | 3 accepted (ID000249/Fake: 5/10)
2026-07-31 19:21:36,470 | INFO | Q001992 | No results passed trust/score/extension filters
2026-07-31 19:21:41,783 | INFO | Q001993 | Success | 3 accepted (ID000250/Real: 3/10)
2026-07-31 19:21:45,008 | INFO | Q001994 | Success | 3 accepted (ID000250/Fake: 3/10)
2026-07-31 19:21:48,088 | INFO | Q001995 | Success | 3 accepted (ID000250/Fake: 6/10)
2026-07-31 19:21:51,088 | INFO | Q001996 | Success | 3 accepted (ID000250/Fake: 9/10)
2026-07-31 19:21:54,237 | INFO | Q001997 | Success | 3 accepted (ID000250/Fake: 12/10)
2026-07-31 19:21:55,742 | INFO | Q001998 | Skipped - ID000250/Fake target already met (12/10)
2026-07-31 19:21:55,743 | INFO | Q001999 | Skipped - ID000250/Fake target already met (12/10)
2026-07-31 19:21:55,744 | INFO | Q002000 | Skipped - ID000250/Fake target already met (12/10)
2026-07-31 19:21:57,642 | INFO | Q002001 | Success | 3 accepted (ID000251/Real: 3/10)
2026-07-31 19:22:00,829 | INFO | Q002002 | Success | 2 accepted (ID000251/Fake: 2/10)
2026-07-31 19:22:03,681 | INFO | Q002003 | Success | 3 accepted (ID000251/Fake: 5/10)
2026-07-31 19:22:06,724 | INFO | Q002004 | Success | 2 accepted (ID000251/Fake: 7/10)
2026-07-31 19:22:12,627 | INFO | Q002005 | No results passed trust/score/extension filters
2026-07-31 19:22:15,695 | INFO | Q002006 | No results passed trust/score/extension filters
2026-07-31 19:22:18,675 | INFO | Q002007 | No results passed trust/score/extension filters
2026-07-31 19:22:21,909 | INFO | Q002008 | Success | 3 accepted (ID000251/Fake: 10/10)
2026-07-31 19:22:25,275 | INFO | Q002009 | Success | 3 accepted (ID000252/Real: 3/10)
2026-07-31 19:22:28,354 | INFO | Q002010 | No results passed trust/score/extension filters
2026-07-31 19:22:31,362 | INFO | Q002011 | No results passed trust/score/extension filters
2026-07-31 19:22:34,368 | INFO | Q002012 | No results passed trust/score/extension filters
2026-07-31 19:22:37,529 | INFO | Q002013 | No results passed trust/score/extension filters
2026-07-31 19:22:40,613 | INFO | Q002014 | No results passed trust/score/extension filters
2026-07-31 19:22:43,712 | INFO | Q002015 | No results passed trust/score/extension filters
2026-07-31 19:22:48,748 | INFO | Q002016 | Success | 2 accepted (ID000252/Fake: 2/10)
2026-07-31 19:22:51,873 | INFO | Q002017 | Success | 3 accepted (ID000253/Real: 3/10)
2026-07-31 19:22:55,690 | INFO | Q002018 | No results passed trust/score/extension filters
2026-07-31 19:22:58,664 | INFO | Q002019 | Success | 3 accepted (ID000253/Fake: 3/10)
2026-07-31 19:23:01,818 | INFO | Q002020 | Success | 3 accepted (ID000253/Fake: 6/10)
2026-07-31 19:23:05,407 | INFO | Q002021 | No results passed trust/score/extension filters
2026-07-31 19:23:08,402 | INFO | Q002022 | No results passed trust/score/extension filters
2026-07-31 19:23:11,359 | INFO | Q002023 | Success | 1 accepted (ID000253/Fake: 7/10)
2026-07-31 19:23:14,570 | INFO | Q002024 | Success | 3 accepted (ID000253/Fake: 10/10)
2026-07-31 19:23:19,469 | INFO | Q002025 | Success | 3 accepted (ID000254/Real: 3/10)
2026-07-31 19:23:22,747 | INFO | Q002026 | Success | 1 accepted (ID000254/Fake: 1/10)
2026-07-31 19:23:25,953 | INFO | Q002027 | Success | 2 accepted (ID000254/Fake: 3/10)
2026-07-31 19:23:28,825 | INFO | Q002028 | Success | 2 accepted (ID000254/Fake: 5/10)
2026-07-31 19:23:31,807 | INFO | Q002029 | No results passed trust/score/extension filters
2026-07-31 19:23:34,703 | INFO | Q002030 | No results passed trust/score/extension filters
2026-07-31 19:23:38,280 | INFO | Q002031 | Success | 2 accepted (ID000254/Fake: 7/10)
2026-07-31 19:23:41,693 | INFO | Q002032 | No results passed trust/score/extension filters
2026-07-31 19:23:44,815 | INFO | Q002033 | Success | 3 accepted (ID000255/Real: 3/10)
2026-07-31 19:23:47,622 | INFO | Q002034 | Success | 3 accepted (ID000255/Fake: 3/10)
2026-07-31 19:23:50,781 | INFO | Q002035 | Success | 3 accepted (ID000255/Fake: 6/10)
2026-07-31 19:23:55,598 | INFO | Q002036 | Success | 3 accepted (ID000255/Fake: 9/10)
2026-07-31 19:23:58,719 | INFO | Q002037 | Success | 3 accepted (ID000255/Fake: 12/10)
2026-07-31 19:24:00,222 | INFO | Q002038 | Skipped - ID000255/Fake target already met (12/10)
2026-07-31 19:24:00,223 | INFO | Q002039 | Skipped - ID000255/Fake target already met (12/10)
2026-07-31 19:24:00,224 | INFO | Q002040 | Skipped - ID000255/Fake target already met (12/10)
2026-07-31 19:24:02,104 | INFO | Q002041 | Success | 3 accepted (ID000256/Real: 3/10)
2026-07-31 19:24:05,857 | INFO | Q002042 | Success | 3 accepted (ID000256/Fake: 3/10)
2026-07-31 19:24:08,904 | INFO | Q002043 | Success | 3 accepted (ID000256/Fake: 6/10)
2026-07-31 19:24:12,924 | INFO | Q002044 | Success | 3 accepted (ID000256/Fake: 9/10)
2026-07-31 19:24:17,565 | INFO | Q002045 | No results passed trust/score/extension filters
2026-07-31 19:24:20,554 | INFO | Q002046 | No results passed trust/score/extension filters
2026-07-31 19:24:24,310 | INFO | Q002047 | No results passed trust/score/extension filters
2026-07-31 19:24:28,981 | INFO | Q002048 | Success | 3 accepted (ID000256/Fake: 12/10)
2026-07-31 19:24:32,337 | INFO | Q002049 | Success | 3 accepted (ID000257/Real: 3/10)
2026-07-31 19:24:35,917 | INFO | Q002050 | Success | 3 accepted (ID000257/Fake: 3/10)
2026-07-31 19:24:39,622 | INFO | Q002051 | Success | 2 accepted (ID000257/Fake: 5/10)
2026-07-31 19:24:42,620 | INFO | Q002052 | Success | 3 accepted (ID000257/Fake: 8/10)
2026-07-31 19:24:45,605 | INFO | Q002053 | Success | 2 accepted (ID000257/Fake: 10/10)
2026-07-31 19:24:47,107 | INFO | Q002054 | Skipped - ID000257/Fake target already met (10/10)
2026-07-31 19:24:47,108 | INFO | Q002055 | Skipped - ID000257/Fake target already met (10/10)
2026-07-31 19:24:47,108 | INFO | Q002056 | Skipped - ID000257/Fake target already met (10/10)
2026-07-31 19:24:49,320 | INFO | Q002057 | Success | 3 accepted (ID000258/Real: 3/10)
2026-07-31 19:24:52,229 | INFO | Q002058 | Success | 3 accepted (ID000258/Fake: 3/10)
2026-07-31 19:24:55,234 | INFO | Q002059 | Success | 3 accepted (ID000258/Fake: 6/10)
2026-07-31 19:24:58,381 | INFO | Q002060 | Success | 3 accepted (ID000258/Fake: 9/10)
2026-07-31 19:25:03,002 | INFO | Q002061 | Success | 1 accepted (ID000258/Fake: 10/10)
2026-07-31 19:25:04,503 | INFO | Q002062 | Skipped - ID000258/Fake target already met (10/10)
2026-07-31 19:25:04,504 | INFO | Q002063 | Skipped - ID000258/Fake target already met (10/10)
2026-07-31 19:25:04,505 | INFO | Q002064 | Skipped - ID000258/Fake target already met (10/10)
2026-07-31 19:25:06,199 | INFO | Q002065 | Success | 3 accepted (ID000259/Real: 3/10)
2026-07-31 19:25:09,456 | INFO | Q002066 | No results passed trust/score/extension filters
2026-07-31 19:25:12,924 | INFO | Q002067 | Success | 2 accepted (ID000259/Fake: 2/10)
2026-07-31 19:25:16,432 | INFO | Q002068 | No results passed trust/score/extension filters
2026-07-31 19:25:19,572 | INFO | Q002069 | No results passed trust/score/extension filters
2026-07-31 19:25:23,684 | INFO | Q002070 | No results passed trust/score/extension filters
2026-07-31 19:25:26,950 | INFO | Q002071 | No results passed trust/score/extension filters
2026-07-31 19:25:30,210 | INFO | Q002072 | Success | 1 accepted (ID000259/Fake: 3/10)
2026-07-31 19:25:34,556 | INFO | Q002073 | Success | 3 accepted (ID000260/Real: 3/10)
2026-07-31 19:25:37,797 | INFO | Q002074 | Success | 3 accepted (ID000260/Fake: 3/10)
2026-07-31 19:25:41,155 | INFO | Q002075 | Success | 3 accepted (ID000260/Fake: 6/10)
2026-07-31 19:25:44,310 | INFO | Q002076 | Success | 3 accepted (ID000260/Fake: 9/10)
2026-07-31 19:25:47,532 | INFO | Q002077 | Success | 3 accepted (ID000260/Fake: 12/10)
2026-07-31 19:25:49,035 | INFO | Q002078 | Skipped - ID000260/Fake target already met (12/10)
2026-07-31 19:25:49,036 | INFO | Q002079 | Skipped - ID000260/Fake target already met (12/10)
2026-07-31 19:25:49,036 | INFO | Q002080 | Skipped - ID000260/Fake target already met (12/10)
2026-07-31 19:25:51,507 | INFO | Q002081 | Success | 3 accepted (ID000261/Real: 3/10)
2026-07-31 19:25:54,730 | INFO | Q002082 | Success | 3 accepted (ID000261/Fake: 3/10)
2026-07-31 19:25:58,164 | INFO | Q002083 | Success | 3 accepted (ID000261/Fake: 6/10)
2026-07-31 19:26:01,248 | INFO | Q002084 | Success | 3 accepted (ID000261/Fake: 9/10)
2026-07-31 19:26:04,349 | INFO | Q002085 | No results passed trust/score/extension filters
2026-07-31 19:26:09,137 | INFO | Q002086 | No results passed trust/score/extension filters
2026-07-31 19:26:12,139 | INFO | Q002087 | Success | 3 accepted (ID000261/Fake: 12/10)
2026-07-31 19:26:13,643 | INFO | Q002088 | Skipped - ID000261/Fake target already met (12/10)
2026-07-31 19:26:15,155 | INFO | Q002089 | Success | 3 accepted (ID000262/Real: 3/10)
2026-07-31 19:26:18,139 | INFO | Q002090 | Success | 3 accepted (ID000262/Fake: 3/10)
2026-07-31 19:26:21,362 | INFO | Q002091 | Success | 3 accepted (ID000262/Fake: 6/10)
2026-07-31 19:26:24,318 | INFO | Q002092 | Success | 3 accepted (ID000262/Fake: 9/10)
2026-07-31 19:26:27,475 | INFO | Q002093 | Success | 3 accepted (ID000262/Fake: 12/10)
2026-07-31 19:26:28,979 | INFO | Q002094 | Skipped - ID000262/Fake target already met (12/10)
2026-07-31 19:26:28,980 | INFO | Q002095 | Skipped - ID000262/Fake target already met (12/10)
2026-07-31 19:26:28,980 | INFO | Q002096 | Skipped - ID000262/Fake target already met (12/10)
2026-07-31 19:26:30,403 | INFO | Q002097 | Success | 3 accepted (ID000263/Real: 3/10)
2026-07-31 19:26:33,548 | INFO | Q002098 | Success | 3 accepted (ID000263/Fake: 3/10)
2026-07-31 19:26:36,493 | INFO | Q002099 | Success | 3 accepted (ID000263/Fake: 6/10)
2026-07-31 19:26:40,854 | INFO | Q002100 | Success | 3 accepted (ID000263/Fake: 9/10)
2026-07-31 19:26:43,813 | INFO | Q002101 | Success | 1 accepted (ID000263/Fake: 10/10)
2026-07-31 19:26:45,316 | INFO | Q002102 | Skipped - ID000263/Fake target already met (10/10)
2026-07-31 19:26:45,316 | INFO | Q002103 | Skipped - ID000263/Fake target already met (10/10)
2026-07-31 19:26:45,316 | INFO | Q002104 | Skipped - ID000263/Fake target already met (10/10)
2026-07-31 19:26:46,852 | INFO | Q002105 | Success | 3 accepted (ID000264/Real: 3/10)
2026-07-31 19:26:49,872 | INFO | Q002106 | Success | 1 accepted (ID000264/Fake: 1/10)
2026-07-31 19:26:53,026 | INFO | Q002107 | Success | 3 accepted (ID000264/Fake: 4/10)
2026-07-31 19:26:56,167 | INFO | Q002108 | Success | 3 accepted (ID000264/Fake: 7/10)
2026-07-31 19:26:59,383 | INFO | Q002109 | No results passed trust/score/extension filters
2026-07-31 19:27:02,774 | INFO | Q002110 | No results passed trust/score/extension filters
2026-07-31 19:27:05,883 | INFO | Q002111 | Success | 3 accepted (ID000264/Fake: 10/10)
2026-07-31 19:27:07,387 | INFO | Q002112 | Skipped - ID000264/Fake target already met (10/10)
2026-07-31 19:27:09,276 | INFO | Q002113 | Success | 3 accepted (ID000265/Real: 3/10)
2026-07-31 19:27:12,271 | INFO | Q002114 | Success | 3 accepted (ID000265/Fake: 3/10)
2026-07-31 19:27:16,504 | INFO | Q002115 | Success | 2 accepted (ID000265/Fake: 5/10)
2026-07-31 19:27:19,814 | INFO | Q002116 | Success | 3 accepted (ID000265/Fake: 8/10)
2026-07-31 19:27:23,290 | INFO | Q002117 | Success | 1 accepted (ID000265/Fake: 9/10)
2026-07-31 19:27:26,582 | INFO | Q002118 | No results passed trust/score/extension filters
2026-07-31 19:27:29,540 | INFO | Q002119 | Success | 1 accepted (ID000265/Fake: 10/10)
2026-07-31 19:27:31,043 | INFO | Q002120 | Skipped - ID000265/Fake target already met (10/10)
2026-07-31 19:27:32,343 | INFO | Q002121 | Success | 3 accepted (ID000266/Real: 3/10)
2026-07-31 19:27:35,654 | INFO | Q002122 | Success | 3 accepted (ID000266/Fake: 3/10)
2026-07-31 19:27:39,246 | INFO | Q002123 | Success | 3 accepted (ID000266/Fake: 6/10)
2026-07-31 19:27:42,108 | INFO | Q002124 | Success | 3 accepted (ID000266/Fake: 9/10)
2026-07-31 19:27:45,440 | INFO | Q002125 | Success | 3 accepted (ID000266/Fake: 12/10)
2026-07-31 19:27:46,942 | INFO | Q002126 | Skipped - ID000266/Fake target already met (12/10)
2026-07-31 19:27:46,943 | INFO | Q002127 | Skipped - ID000266/Fake target already met (12/10)
2026-07-31 19:27:46,944 | INFO | Q002128 | Skipped - ID000266/Fake target already met (12/10)
2026-07-31 19:27:49,147 | INFO | Q002129 | Success | 3 accepted (ID000267/Real: 3/10)
2026-07-31 19:27:52,090 | INFO | Q002130 | Success | 3 accepted (ID000267/Fake: 3/10)
2026-07-31 19:27:54,943 | INFO | Q002131 | Success | 3 accepted (ID000267/Fake: 6/10)
2026-07-31 19:27:57,984 | INFO | Q002132 | Success | 3 accepted (ID000267/Fake: 9/10)
2026-07-31 19:28:01,272 | INFO | Q002133 | Success | 3 accepted (ID000267/Fake: 12/10)
2026-07-31 19:28:04,576 | INFO | Q002134 | Skipped - ID000267/Fake target already met (12/10)
2026-07-31 19:28:04,576 | INFO | Q002135 | Skipped - ID000267/Fake target already met (12/10)
2026-07-31 19:28:04,576 | INFO | Q002136 | Skipped - ID000267/Fake target already met (12/10)
2026-07-31 19:28:06,368 | INFO | Q002137 | Success | 3 accepted (ID000268/Real: 3/10)
2026-07-31 19:28:09,822 | INFO | Q002138 | No results passed trust/score/extension filters
2026-07-31 19:28:12,719 | INFO | Q002139 | Success | 3 accepted (ID000268/Fake: 3/10)
2026-07-31 19:28:15,966 | INFO | Q002140 | No results passed trust/score/extension filters
2026-07-31 19:28:19,033 | INFO | Q002141 | Success | 3 accepted (ID000268/Fake: 6/10)
2026-07-31 19:28:21,998 | INFO | Q002142 | Success | 2 accepted (ID000268/Fake: 8/10)
2026-07-31 19:28:25,283 | INFO | Q002143 | Success | 3 accepted (ID000268/Fake: 11/10)
2026-07-31 19:28:26,786 | INFO | Q002144 | Skipped - ID000268/Fake target already met (11/10)
2026-07-31 19:28:28,390 | INFO | Q002145 | Success | 3 accepted (ID000269/Real: 3/10)
2026-07-31 19:28:31,938 | INFO | Q002146 | Success | 3 accepted (ID000269/Fake: 3/10)
2026-07-31 19:28:35,608 | INFO | Q002147 | Success | 3 accepted (ID000269/Fake: 6/10)
2026-07-31 19:28:40,125 | INFO | Q002148 | Success | 1 accepted (ID000269/Fake: 7/10)
2026-07-31 19:28:43,395 | INFO | Q002149 | Success | 3 accepted (ID000269/Fake: 10/10)
2026-07-31 19:28:44,898 | INFO | Q002150 | Skipped - ID000269/Fake target already met (10/10)
2026-07-31 19:28:44,899 | INFO | Q002151 | Skipped - ID000269/Fake target already met (10/10)
2026-07-31 19:28:44,899 | INFO | Q002152 | Skipped - ID000269/Fake target already met (10/10)
2026-07-31 19:28:46,775 | INFO | Q002153 | Success | 3 accepted (ID000270/Real: 3/10)
2026-07-31 19:28:49,967 | INFO | Q002154 | Success | 3 accepted (ID000270/Fake: 3/10)
2026-07-31 19:28:53,056 | INFO | Q002155 | Success | 3 accepted (ID000270/Fake: 6/10)
2026-07-31 19:28:56,259 | INFO | Q002156 | Success | 3 accepted (ID000270/Fake: 9/10)
2026-07-31 19:28:59,535 | INFO | Q002157 | Success | 3 accepted (ID000270/Fake: 12/10)
2026-07-31 19:29:01,038 | INFO | Q002158 | Skipped - ID000270/Fake target already met (12/10)
2026-07-31 19:29:01,039 | INFO | Q002159 | Skipped - ID000270/Fake target already met (12/10)
2026-07-31 19:29:01,040 | INFO | Q002160 | Skipped - ID000270/Fake target already met (12/10)
2026-07-31 19:29:02,570 | INFO | Q002161 | Success | 3 accepted (ID000271/Real: 3/10)
2026-07-31 19:29:05,786 | INFO | Q002162 | Success | 1 accepted (ID000271/Fake: 1/10)
2026-07-31 19:29:09,183 | INFO | Q002163 | No results passed trust/score/extension filters
2026-07-31 19:29:13,590 | INFO | Q002164 | No results passed trust/score/extension filters
2026-07-31 19:29:17,016 | INFO | Q002165 | Success | 3 accepted (ID000271/Fake: 4/10)
2026-07-31 19:29:20,396 | INFO | Q002166 | No results passed trust/score/extension filters
2026-07-31 19:29:23,241 | INFO | Q002167 | Success | 3 accepted (ID000271/Fake: 7/10)
2026-07-31 19:29:26,729 | INFO | Q002168 | No results passed trust/score/extension filters
2026-07-31 19:29:29,783 | INFO | Q002169 | Success | 3 accepted (ID000272/Real: 3/10)
2026-07-31 19:29:32,946 | INFO | Q002170 | Success | 3 accepted (ID000272/Fake: 3/10)
2026-07-31 19:29:36,219 | INFO | Q002171 | Success | 3 accepted (ID000272/Fake: 6/10)
2026-07-31 19:29:39,183 | INFO | Q002172 | No results passed trust/score/extension filters
2026-07-31 19:29:44,226 | INFO | Q002173 | Success | 3 accepted (ID000272/Fake: 9/10)
2026-07-31 19:29:47,372 | INFO | Q002174 | Success | 3 accepted (ID000272/Fake: 12/10)
2026-07-31 19:29:48,874 | INFO | Q002175 | Skipped - ID000272/Fake target already met (12/10)
2026-07-31 19:29:48,875 | INFO | Q002176 | Skipped - ID000272/Fake target already met (12/10)
2026-07-31 19:29:50,537 | INFO | Q002177 | Success | 3 accepted (ID000273/Real: 3/10)
2026-07-31 19:29:53,778 | INFO | Q002178 | Success | 3 accepted (ID000273/Fake: 3/10)
2026-07-31 19:29:57,071 | INFO | Q002179 | Success | 3 accepted (ID000273/Fake: 6/10)
2026-07-31 19:30:00,064 | INFO | Q002180 | Success | 3 accepted (ID000273/Fake: 9/10)
2026-07-31 19:30:03,334 | INFO | Q002181 | Success | 3 accepted (ID000273/Fake: 12/10)
2026-07-31 19:30:04,835 | INFO | Q002182 | Skipped - ID000273/Fake target already met (12/10)
2026-07-31 19:30:04,836 | INFO | Q002183 | Skipped - ID000273/Fake target already met (12/10)
2026-07-31 19:30:04,836 | INFO | Q002184 | Skipped - ID000273/Fake target already met (12/10)
2026-07-31 19:30:06,495 | INFO | Q002185 | Success | 3 accepted (ID000274/Real: 3/10)
2026-07-31 19:30:09,674 | INFO | Q002186 | Success | 3 accepted (ID000274/Fake: 3/10)
2026-07-31 19:30:13,174 | INFO | Q002187 | Success | 3 accepted (ID000274/Fake: 6/10)
2026-07-31 19:30:16,355 | INFO | Q002188 | Success | 3 accepted (ID000274/Fake: 9/10)
2026-07-31 19:30:21,139 | INFO | Q002189 | Success | 3 accepted (ID000274/Fake: 12/10)
2026-07-31 19:30:22,642 | INFO | Q002190 | Skipped - ID000274/Fake target already met (12/10)
2026-07-31 19:30:22,643 | INFO | Q002191 | Skipped - ID000274/Fake target already met (12/10)
2026-07-31 19:30:22,644 | INFO | Q002192 | Skipped - ID000274/Fake target already met (12/10)
2026-07-31 19:30:24,167 | INFO | Q002193 | Success | 3 accepted (ID000275/Real: 3/10)
2026-07-31 19:30:27,276 | INFO | Q002194 | Success | 3 accepted (ID000275/Fake: 3/10)
2026-07-31 19:30:30,562 | INFO | Q002195 | Success | 3 accepted (ID000275/Fake: 6/10)
2026-07-31 19:30:33,856 | INFO | Q002196 | No results passed trust/score/extension filters
2026-07-31 19:30:37,196 | INFO | Q002197 | Success | 3 accepted (ID000275/Fake: 9/10)
2026-07-31 19:30:40,910 | INFO | Q002198 | Success | 3 accepted (ID000275/Fake: 12/10)
2026-07-31 19:30:42,412 | INFO | Q002199 | Skipped - ID000275/Fake target already met (12/10)
2026-07-31 19:30:42,412 | INFO | Q002200 | Skipped - ID000275/Fake target already met (12/10)
2026-07-31 19:30:44,201 | INFO | Q002201 | Success | 3 accepted (ID000276/Real: 3/10)
2026-07-31 19:30:47,196 | INFO | Q002202 | Success | 2 accepted (ID000276/Fake: 2/10)
2026-07-31 19:30:51,610 | INFO | Q002203 | Success | 3 accepted (ID000276/Fake: 5/10)
2026-07-31 19:30:55,588 | INFO | Q002204 | No results passed trust/score/extension filters
2026-07-31 19:30:58,653 | INFO | Q002205 | Success | 2 accepted (ID000276/Fake: 7/10)
2026-07-31 19:31:01,640 | INFO | Q002206 | No results passed trust/score/extension filters
2026-07-31 19:31:04,689 | INFO | Q002207 | No results passed trust/score/extension filters
2026-07-31 19:31:07,896 | INFO | Q002208 | Success | 1 accepted (ID000276/Fake: 8/10)
2026-07-31 19:31:11,308 | INFO | Q002209 | Success | 3 accepted (ID000277/Real: 3/10)
2026-07-31 19:31:14,391 | INFO | Q002210 | Success | 3 accepted (ID000277/Fake: 3/10)
2026-07-31 19:31:19,754 | INFO | Q002211 | Success | 3 accepted (ID000277/Fake: 6/10)
2026-07-31 19:31:22,858 | INFO | Q002212 | Success | 3 accepted (ID000277/Fake: 9/10)
2026-07-31 19:31:27,495 | INFO | Q002213 | Success | 2 accepted (ID000277/Fake: 11/10)
2026-07-31 19:31:28,997 | INFO | Q002214 | Skipped - ID000277/Fake target already met (11/10)
2026-07-31 19:31:28,997 | INFO | Q002215 | Skipped - ID000277/Fake target already met (11/10)
2026-07-31 19:31:28,997 | INFO | Q002216 | Skipped - ID000277/Fake target already met (11/10)
2026-07-31 19:31:30,578 | INFO | Q002217 | Success | 3 accepted (ID000278/Real: 3/10)
2026-07-31 19:31:33,563 | INFO | Q002218 | Success | 3 accepted (ID000278/Fake: 3/10)
2026-07-31 19:31:46,299 | ERROR | Q002219 | Exception: HTTPSConnectionPool(host='google.serper.dev', port=443): Max retries exceeded with url: /images (Caused by NewConnectionError('<urllib3.connection.HTTPSConnection object at 0x71559463fac0>: Failed to establish a new connection: [Errno -3] Temporary failure in name resolution'))
Traceback (most recent call last):
  File "/home/amna/miniconda3/envs/deepfake/lib/python3.9/site-packages/urllib3/connection.py", line 174, in _new_conn
    conn = connection.create_connection(
  File "/home/amna/miniconda3/envs/deepfake/lib/python3.9/site-packages/urllib3/util/connection.py", line 72, in create_connection
    for res in socket.getaddrinfo(host, port, family, socket.SOCK_STREAM):
  File "/home/amna/miniconda3/envs/deepfake/lib/python3.9/socket.py", line 966, in getaddrinfo
    for res in _socket.getaddrinfo(host, port, family, type, proto, flags):
socket.gaierror: [Errno -3] Temporary failure in name resolution

During handling of the above exception, another exception occurred:

Traceback (most recent call last):
  File "/home/amna/miniconda3/envs/deepfake/lib/python3.9/site-packages/urllib3/connectionpool.py", line 703, in urlopen
    httplib_response = self._make_request(
  File "/home/amna/miniconda3/envs/deepfake/lib/python3.9/site-packages/urllib3/connectionpool.py", line 386, in _make_request
    self._validate_conn(conn)
  File "/home/amna/miniconda3/envs/deepfake/lib/python3.9/site-packages/urllib3/connectionpool.py", line 1042, in _validate_conn
    conn.connect()
  File "/home/amna/miniconda3/envs/deepfake/lib/python3.9/site-packages/urllib3/connection.py", line 358, in connect
    self.sock = conn = self._new_conn()
  File "/home/amna/miniconda3/envs/deepfake/lib/python3.9/site-packages/urllib3/connection.py", line 186, in _new_conn
    raise NewConnectionError(
urllib3.exceptions.NewConnectionError: <urllib3.connection.HTTPSConnection object at 0x71559463fac0>: Failed to establish a new connection: [Errno -3] Temporary failure in name resolution

During handling of the above exception, another exception occurred:

Traceback (most recent call last):
  File "/home/amna/miniconda3/envs/deepfake/lib/python3.9/site-packages/requests/adapters.py", line 489, in send
    resp = conn.urlopen(
  File "/home/amna/miniconda3/envs/deepfake/lib/python3.9/site-packages/urllib3/connectionpool.py", line 787, in urlopen
    retries = retries.increment(
  File "/home/amna/miniconda3/envs/deepfake/lib/python3.9/site-packages/urllib3/util/retry.py", line 592, in increment
    raise MaxRetryError(_pool, url, error or ResponseError(cause))
urllib3.exceptions.MaxRetryError: HTTPSConnectionPool(host='google.serper.dev', port=443): Max retries exceeded with url: /images (Caused by NewConnectionError('<urllib3.connection.HTTPSConnection object at 0x71559463fac0>: Failed to establish a new connection: [Errno -3] Temporary failure in name resolution'))

During handling of the above exception, another exception occurred:

Traceback (most recent call last):
  File "/home/amna/Real-vs-Fake/Scripts/03_candidates_collection.py", line 526, in main
    r = requests.post(URL, headers=HEADERS, json=payload, timeout=30)
  File "/home/amna/miniconda3/envs/deepfake/lib/python3.9/site-packages/requests/api.py", line 115, in post
    return request("post", url, data=data, json=json, **kwargs)
  File "/home/amna/miniconda3/envs/deepfake/lib/python3.9/site-packages/requests/api.py", line 59, in request
    return session.request(method=method, url=url, **kwargs)
  File "/home/amna/miniconda3/envs/deepfake/lib/python3.9/site-packages/requests/sessions.py", line 587, in request
    resp = self.send(prep, **send_kwargs)
  File "/home/amna/miniconda3/envs/deepfake/lib/python3.9/site-packages/requests/sessions.py", line 701, in send
    r = adapter.send(request, **kwargs)
  File "/home/amna/miniconda3/envs/deepfake/lib/python3.9/site-packages/requests/adapters.py", line 565, in send
    raise ConnectionError(e, request=request)
requests.exceptions.ConnectionError: HTTPSConnectionPool(host='google.serper.dev', port=443): Max retries exceeded with url: /images (Caused by NewConnectionError('<urllib3.connection.HTTPSConnection object at 0x71559463fac0>: Failed to establish a new connection: [Errno -3] Temporary failure in name resolution'))
2026-07-31 19:31:49,443 | INFO | Q002220 | Success | 3 accepted (ID000278/Fake: 6/10)
2026-07-31 19:31:52,206 | INFO | Q002221 | Success | 2 accepted (ID000278/Fake: 8/10)
2026-07-31 19:31:55,287 | INFO | Q002222 | No results passed trust/score/extension filters
2026-07-31 19:31:59,868 | INFO | Q002223 | Success | 3 accepted (ID000278/Fake: 11/10)
2026-07-31 19:32:01,371 | INFO | Q002224 | Skipped - ID000278/Fake target already met (11/10)
2026-07-31 19:32:02,960 | INFO | Q002225 | Success | 3 accepted (ID000279/Real: 3/10)
2026-07-31 19:32:06,137 | INFO | Q002226 | Success | 1 accepted (ID000279/Fake: 1/10)
2026-07-31 19:32:09,705 | INFO | Q002227 | No results passed trust/score/extension filters
2026-07-31 19:32:13,413 | INFO | Q002228 | Success | 2 accepted (ID000279/Fake: 3/10)
2026-07-31 19:32:17,099 | INFO | Q002229 | No results passed trust/score/extension filters
2026-07-31 19:32:20,216 | INFO | Q002230 | No results passed trust/score/extension filters
2026-07-31 19:32:24,183 | INFO | Q002231 | Success | 2 accepted (ID000279/Fake: 5/10)
2026-07-31 19:32:27,631 | INFO | Q002232 | No results passed trust/score/extension filters
2026-07-31 19:32:30,509 | INFO | Q002233 | Success | 3 accepted (ID000280/Real: 3/10)
2026-07-31 19:32:35,165 | INFO | Q002234 | No results passed trust/score/extension filters
2026-07-31 19:32:38,648 | INFO | Q002235 | Success | 3 accepted (ID000280/Fake: 3/10)
2026-07-31 19:32:41,765 | INFO | Q002236 | No results passed trust/score/extension filters
2026-07-31 19:32:45,108 | INFO | Q002237 | No results passed trust/score/extension filters
2026-07-31 19:32:48,318 | INFO | Q002238 | No results passed trust/score/extension filters
2026-07-31 19:32:51,473 | INFO | Q002239 | No results passed trust/score/extension filters
2026-07-31 19:32:55,086 | INFO | Q002240 | No results passed trust/score/extension filters
2026-07-31 19:32:58,259 | INFO | Q002241 | Success | 3 accepted (ID000281/Real: 3/10)
2026-07-31 19:33:01,203 | INFO | Q002242 | Success | 1 accepted (ID000281/Fake: 1/10)
2026-07-31 19:33:04,074 | INFO | Q002243 | Success | 1 accepted (ID000281/Fake: 2/10)
2026-07-31 19:33:09,128 | INFO | Q002244 | Success | 1 accepted (ID000281/Fake: 3/10)
2026-07-31 19:33:12,953 | INFO | Q002245 | No results passed trust/score/extension filters
2026-07-31 19:33:16,527 | INFO | Q002246 | No results passed trust/score/extension filters
2026-07-31 19:33:19,530 | INFO | Q002247 | Success | 1 accepted (ID000281/Fake: 4/10)
2026-07-31 19:33:22,926 | INFO | Q002248 | Success | 3 accepted (ID000281/Fake: 7/10)
2026-07-31 19:33:26,168 | INFO | Q002249 | Success | 3 accepted (ID000282/Real: 3/10)
2026-07-31 19:33:29,197 | INFO | Q002250 | No results passed trust/score/extension filters
2026-07-31 19:33:32,614 | INFO | Q002251 | Success | 3 accepted (ID000282/Fake: 3/10)
2026-07-31 19:33:35,822 | INFO | Q002252 | No results passed trust/score/extension filters
2026-07-31 19:33:40,784 | INFO | Q002253 | Success | 2 accepted (ID000282/Fake: 5/10)
2026-07-31 19:33:43,889 | INFO | Q002254 | No results passed trust/score/extension filters
2026-07-31 19:33:47,459 | INFO | Q002255 | No results passed trust/score/extension filters
2026-07-31 19:33:50,270 | INFO | Q002256 | Success | 3 accepted (ID000282/Fake: 8/10)
2026-07-31 19:33:53,146 | INFO | Q002257 | Success | 3 accepted (ID000283/Real: 3/10)
2026-07-31 19:33:56,009 | INFO | Q002258 | No results passed trust/score/extension filters
2026-07-31 19:33:58,966 | INFO | Q002259 | No results passed trust/score/extension filters
2026-07-31 19:34:01,893 | INFO | Q002260 | Success | 1 accepted (ID000283/Fake: 1/10)
2026-07-31 19:34:05,029 | INFO | Q002261 | No results passed trust/score/extension filters
2026-07-31 19:34:08,118 | INFO | Q002262 | No results passed trust/score/extension filters
2026-07-31 19:34:11,075 | INFO | Q002263 | Success | 1 accepted (ID000283/Fake: 2/10)
2026-07-31 19:34:15,877 | INFO | Q002264 | No results passed trust/score/extension filters
2026-07-31 19:34:18,884 | INFO | Q002265 | Success | 3 accepted (ID000284/Real: 3/10)
2026-07-31 19:34:22,123 | INFO | Q002266 | Success | 1 accepted (ID000284/Fake: 1/10)
2026-07-31 19:34:25,072 | INFO | Q002267 | Success | 1 accepted (ID000284/Fake: 2/10)
2026-07-31 19:34:28,081 | INFO | Q002268 | No results passed trust/score/extension filters
2026-07-31 19:34:30,984 | INFO | Q002269 | Success | 1 accepted (ID000284/Fake: 3/10)
2026-07-31 19:34:37,886 | INFO | Q002270 | No results passed trust/score/extension filters
2026-07-31 19:34:41,062 | INFO | Q002271 | No results passed trust/score/extension filters
2026-07-31 19:34:44,166 | INFO | Q002272 | Success | 2 accepted (ID000284/Fake: 5/10)
2026-07-31 19:34:49,089 | INFO | Q002273 | Success | 3 accepted (ID000285/Real: 3/10)
2026-07-31 19:34:52,162 | INFO | Q002274 | Success | 3 accepted (ID000285/Fake: 3/10)
2026-07-31 19:34:55,290 | INFO | Q002275 | Success | 3 accepted (ID000285/Fake: 6/10)
2026-07-31 19:34:58,293 | INFO | Q002276 | Success | 1 accepted (ID000285/Fake: 7/10)
2026-07-31 19:35:01,104 | INFO | Q002277 | Success | 3 accepted (ID000285/Fake: 10/10)
2026-07-31 19:35:02,606 | INFO | Q002278 | Skipped - ID000285/Fake target already met (10/10)
2026-07-31 19:35:02,607 | INFO | Q002279 | Skipped - ID000285/Fake target already met (10/10)
2026-07-31 19:35:02,607 | INFO | Q002280 | Skipped - ID000285/Fake target already met (10/10)
2026-07-31 19:35:04,053 | INFO | Q002281 | Success | 3 accepted (ID000286/Real: 3/10)
2026-07-31 19:35:07,173 | INFO | Q002282 | Success | 3 accepted (ID000286/Fake: 3/10)
2026-07-31 19:35:10,295 | INFO | Q002283 | Success | 3 accepted (ID000286/Fake: 6/10)
2026-07-31 19:35:13,172 | INFO | Q002284 | Success | 3 accepted (ID000286/Fake: 9/10)
2026-07-31 19:35:16,501 | INFO | Q002285 | Success | 3 accepted (ID000286/Fake: 12/10)
2026-07-31 19:35:18,003 | INFO | Q002286 | Skipped - ID000286/Fake target already met (12/10)
2026-07-31 19:35:18,004 | INFO | Q002287 | Skipped - ID000286/Fake target already met (12/10)
2026-07-31 19:35:18,005 | INFO | Q002288 | Skipped - ID000286/Fake target already met (12/10)
2026-07-31 19:35:19,695 | INFO | Q002289 | Success | 3 accepted (ID000287/Real: 3/10)
2026-07-31 19:35:24,427 | INFO | Q002290 | Success | 3 accepted (ID000287/Fake: 3/10)
2026-07-31 19:35:27,623 | INFO | Q002291 | Success | 1 accepted (ID000287/Fake: 4/10)
2026-07-31 19:35:30,501 | INFO | Q002292 | Success | 3 accepted (ID000287/Fake: 7/10)
2026-07-31 19:35:33,369 | INFO | Q002293 | Success | 1 accepted (ID000287/Fake: 8/10)
2026-07-31 19:35:36,269 | INFO | Q002294 | No results passed trust/score/extension filters
2026-07-31 19:35:39,855 | INFO | Q002295 | No results passed trust/score/extension filters
2026-07-31 19:35:43,065 | INFO | Q002296 | Success | 3 accepted (ID000287/Fake: 11/10)
2026-07-31 19:35:46,040 | INFO | Q002297 | Success | 3 accepted (ID000288/Real: 3/10)
2026-07-31 19:35:49,501 | INFO | Q002298 | No results passed trust/score/extension filters
2026-07-31 19:35:52,465 | INFO | Q002299 | Success | 1 accepted (ID000288/Fake: 1/10)
2026-07-31 19:35:57,358 | INFO | Q002300 | Success | 3 accepted (ID000288/Fake: 4/10)
2026-07-31 19:36:01,041 | INFO | Q002301 | No results passed trust/score/extension filters
2026-07-31 19:36:04,796 | INFO | Q002302 | No results passed trust/score/extension filters
2026-07-31 19:36:07,824 | INFO | Q002303 | Success | 3 accepted (ID000288/Fake: 7/10)
2026-07-31 19:36:11,016 | INFO | Q002304 | No results passed trust/score/extension filters
2026-07-31 19:36:14,347 | INFO | Q002305 | Success | 3 accepted (ID000289/Real: 3/10)
2026-07-31 19:36:17,443 | INFO | Q002306 | Success | 3 accepted (ID000289/Fake: 3/10)
2026-07-31 19:36:20,695 | INFO | Q002307 | Success | 3 accepted (ID000289/Fake: 6/10)
2026-07-31 19:36:23,664 | INFO | Q002308 | Success | 3 accepted (ID000289/Fake: 9/10)
2026-07-31 19:36:32,160 | INFO | Q002309 | Success | 3 accepted (ID000289/Fake: 12/10)
2026-07-31 19:36:33,662 | INFO | Q002310 | Skipped - ID000289/Fake target already met (12/10)
2026-07-31 19:36:33,663 | INFO | Q002311 | Skipped - ID000289/Fake target already met (12/10)
2026-07-31 19:36:33,663 | INFO | Q002312 | Skipped - ID000289/Fake target already met (12/10)
2026-07-31 19:36:35,752 | INFO | Q002313 | Success | 3 accepted (ID000290/Real: 3/10)
2026-07-31 19:36:38,819 | INFO | Q002314 | No results passed trust/score/extension filters
2026-07-31 19:36:42,491 | INFO | Q002315 | No results passed trust/score/extension filters
2026-07-31 19:36:45,888 | INFO | Q002316 | Success | 3 accepted (ID000290/Fake: 3/10)
2026-07-31 19:36:48,776 | INFO | Q002317 | No results passed trust/score/extension filters
2026-07-31 19:36:51,976 | INFO | Q002318 | No results passed trust/score/extension filters
2026-07-31 19:36:55,060 | INFO | Q002319 | Success | 1 accepted (ID000290/Fake: 4/10)
2026-07-31 19:36:58,251 | INFO | Q002320 | Success | 3 accepted (ID000290/Fake: 7/10)
2026-07-31 19:37:04,099 | INFO | Q002321 | Success | 3 accepted (ID000291/Real: 3/10)
2026-07-31 19:37:07,185 | INFO | Q002322 | Success | 3 accepted (ID000291/Fake: 3/10)
2026-07-31 19:37:10,516 | INFO | Q002323 | Success | 3 accepted (ID000291/Fake: 6/10)
2026-07-31 19:37:13,880 | INFO | Q002324 | Success | 3 accepted (ID000291/Fake: 9/10)
2026-07-31 19:37:16,857 | INFO | Q002325 | No results passed trust/score/extension filters
2026-07-31 19:37:19,748 | INFO | Q002326 | No results passed trust/score/extension filters
2026-07-31 19:37:22,778 | INFO | Q002327 | Success | 1 accepted (ID000291/Fake: 10/10)
2026-07-31 19:37:24,283 | INFO | Q002328 | Skipped - ID000291/Fake target already met (10/10)
2026-07-31 19:37:26,089 | INFO | Q002329 | Success | 3 accepted (ID000292/Real: 3/10)
2026-07-31 19:37:29,267 | INFO | Q002330 | Success | 3 accepted (ID000292/Fake: 3/10)
2026-07-31 19:37:32,231 | INFO | Q002331 | Success | 3 accepted (ID000292/Fake: 6/10)
2026-07-31 19:37:35,480 | INFO | Q002332 | Success | 3 accepted (ID000292/Fake: 9/10)
2026-07-31 19:37:40,412 | INFO | Q002333 | Success | 3 accepted (ID000292/Fake: 12/10)
2026-07-31 19:37:41,914 | INFO | Q002334 | Skipped - ID000292/Fake target already met (12/10)
2026-07-31 19:37:41,914 | INFO | Q002335 | Skipped - ID000292/Fake target already met (12/10)
2026-07-31 19:37:41,915 | INFO | Q002336 | Skipped - ID000292/Fake target already met (12/10)
2026-07-31 19:37:43,444 | INFO | Q002337 | Success | 3 accepted (ID000293/Real: 3/10)
2026-07-31 19:37:46,454 | INFO | Q002338 | Success | 3 accepted (ID000293/Fake: 3/10)
2026-07-31 19:37:49,670 | INFO | Q002339 | Success | 3 accepted (ID000293/Fake: 6/10)
2026-07-31 19:37:52,725 | INFO | Q002340 | Success | 3 accepted (ID000293/Fake: 9/10)
2026-07-31 19:37:55,699 | INFO | Q002341 | Success | 3 accepted (ID000293/Fake: 12/10)
2026-07-31 19:37:57,203 | INFO | Q002342 | Skipped - ID000293/Fake target already met (12/10)
2026-07-31 19:37:57,204 | INFO | Q002343 | Skipped - ID000293/Fake target already met (12/10)
2026-07-31 19:37:57,205 | INFO | Q002344 | Skipped - ID000293/Fake target already met (12/10)
2026-07-31 19:37:58,670 | INFO | Q002345 | Success | 3 accepted (ID000294/Real: 3/10)
2026-07-31 19:38:02,051 | INFO | Q002346 | Success | 3 accepted (ID000294/Fake: 3/10)
2026-07-31 19:38:05,659 | INFO | Q002347 | Success | 3 accepted (ID000294/Fake: 6/10)
2026-07-31 19:38:08,785 | INFO | Q002348 | Success | 3 accepted (ID000294/Fake: 9/10)
2026-07-31 19:38:13,731 | INFO | Q002349 | Success | 3 accepted (ID000294/Fake: 12/10)
2026-07-31 19:38:15,233 | INFO | Q002350 | Skipped - ID000294/Fake target already met (12/10)
2026-07-31 19:38:15,236 | INFO | Q002351 | Skipped - ID000294/Fake target already met (12/10)
2026-07-31 19:38:15,236 | INFO | Q002352 | Skipped - ID000294/Fake target already met (12/10)
2026-07-31 19:38:16,683 | INFO | Q002353 | Success | 3 accepted (ID000295/Real: 3/10)
2026-07-31 19:38:19,527 | INFO | Q002354 | No results passed trust/score/extension filters
2026-07-31 19:38:22,509 | INFO | Q002355 | Success | 3 accepted (ID000295/Fake: 3/10)
2026-07-31 19:38:25,540 | INFO | Q002356 | No results passed trust/score/extension filters
2026-07-31 19:38:28,652 | INFO | Q002357 | Success | 3 accepted (ID000295/Fake: 6/10)
2026-07-31 19:38:31,928 | INFO | Q002358 | No results passed trust/score/extension filters
2026-07-31 19:38:35,422 | INFO | Q002359 | No results passed trust/score/extension filters
2026-07-31 19:38:38,823 | INFO | Q002360 | Success | 3 accepted (ID000295/Fake: 9/10)
2026-07-31 19:38:41,935 | INFO | Q002361 | Success | 3 accepted (ID000296/Real: 3/10)
2026-07-31 19:38:46,460 | INFO | Q002362 | Success | 3 accepted (ID000296/Fake: 3/10)
2026-07-31 19:38:49,794 | INFO | Q002363 | Success | 3 accepted (ID000296/Fake: 6/10)
2026-07-31 19:38:52,867 | INFO | Q002364 | Success | 3 accepted (ID000296/Fake: 9/10)
2026-07-31 19:38:56,521 | INFO | Q002365 | Success | 3 accepted (ID000296/Fake: 12/10)
2026-07-31 19:38:58,024 | INFO | Q002366 | Skipped - ID000296/Fake target already met (12/10)
2026-07-31 19:38:58,024 | INFO | Q002367 | Skipped - ID000296/Fake target already met (12/10)
2026-07-31 19:38:58,024 | INFO | Q002368 | Skipped - ID000296/Fake target already met (12/10)
2026-07-31 19:38:59,370 | INFO | Q002369 | Success | 3 accepted (ID000297/Real: 3/10)
2026-07-31 19:39:02,626 | INFO | Q002370 | Success | 3 accepted (ID000297/Fake: 3/10)
2026-07-31 19:39:05,707 | INFO | Q002371 | Success | 3 accepted (ID000297/Fake: 6/10)
2026-07-31 19:39:08,926 | INFO | Q002372 | Success | 3 accepted (ID000297/Fake: 9/10)
2026-07-31 19:39:11,728 | INFO | Q002373 | Success | 3 accepted (ID000297/Fake: 12/10)
2026-07-31 19:39:13,231 | INFO | Q002374 | Skipped - ID000297/Fake target already met (12/10)
2026-07-31 19:39:13,233 | INFO | Q002375 | Skipped - ID000297/Fake target already met (12/10)
2026-07-31 19:39:13,234 | INFO | Q002376 | Skipped - ID000297/Fake target already met (12/10)
2026-07-31 19:39:15,275 | INFO | Q002377 | Success | 3 accepted (ID000298/Real: 3/10)
2026-07-31 19:39:20,714 | INFO | Q002378 | Success | 3 accepted (ID000298/Fake: 3/10)
2026-07-31 19:39:23,665 | INFO | Q002379 | Success | 3 accepted (ID000298/Fake: 6/10)
2026-07-31 19:39:26,833 | INFO | Q002380 | Success | 3 accepted (ID000298/Fake: 9/10)
2026-07-31 19:39:29,779 | INFO | Q002381 | No results passed trust/score/extension filters
2026-07-31 19:39:33,366 | INFO | Q002382 | No results passed trust/score/extension filters
2026-07-31 19:39:36,796 | INFO | Q002383 | Success | 1 accepted (ID000298/Fake: 10/10)
2026-07-31 19:39:38,298 | INFO | Q002384 | Skipped - ID000298/Fake target already met (10/10)
2026-07-31 19:39:39,957 | INFO | Q002385 | Success | 3 accepted (ID000299/Real: 3/10)
2026-07-31 19:39:42,919 | INFO | Q002386 | Success | 2 accepted (ID000299/Fake: 2/10)
2026-07-31 19:39:45,935 | INFO | Q002387 | Success | 3 accepted (ID000299/Fake: 5/10)
2026-07-31 19:39:48,912 | INFO | Q002388 | Success | 3 accepted (ID000299/Fake: 8/10)
2026-07-31 19:39:53,918 | INFO | Q002389 | Success | 1 accepted (ID000299/Fake: 9/10)
2026-07-31 19:39:56,901 | INFO | Q002390 | No results passed trust/score/extension filters
2026-07-31 19:39:59,809 | INFO | Q002391 | No results passed trust/score/extension filters
2026-07-31 19:40:03,436 | INFO | Q002392 | Success | 1 accepted (ID000299/Fake: 10/10)
2026-07-31 19:40:06,420 | INFO | Q002393 | Success | 3 accepted (ID000300/Real: 3/10)
2026-07-31 19:40:09,412 | INFO | Q002394 | Success | 3 accepted (ID000300/Fake: 3/10)
2026-07-31 19:40:12,561 | INFO | Q002395 | No results passed trust/score/extension filters
2026-07-31 19:40:15,561 | INFO | Q002396 | Success | 3 accepted (ID000300/Fake: 6/10)
2026-07-31 19:40:18,934 | INFO | Q002397 | No results passed trust/score/extension filters
2026-07-31 19:40:22,231 | INFO | Q002398 | Success | 1 accepted (ID000300/Fake: 7/10)
2026-07-31 19:40:26,983 | INFO | Q002399 | Success | 2 accepted (ID000300/Fake: 9/10)
2026-07-31 19:40:29,944 | INFO | Q002400 | Success | 3 accepted (ID000300/Fake: 12/10)
2026-07-31 19:40:33,778 | INFO | Q002401 | Success | 3 accepted (ID000301/Real: 3/10)
2026-07-31 19:40:36,929 | INFO | Q002402 | Success | 3 accepted (ID000301/Fake: 3/10)
2026-07-31 19:40:40,012 | INFO | Q002403 | Success | 1 accepted (ID000301/Fake: 4/10)
2026-07-31 19:40:43,167 | INFO | Q002404 | Success | 3 accepted (ID000301/Fake: 7/10)
2026-07-31 19:40:46,873 | INFO | Q002405 | No results passed trust/score/extension filters
2026-07-31 19:40:50,074 | INFO | Q002406 | No results passed trust/score/extension filters
2026-07-31 19:40:53,210 | INFO | Q002407 | Success | 2 accepted (ID000301/Fake: 9/10)
2026-07-31 19:40:56,206 | INFO | Q002408 | Success | 3 accepted (ID000301/Fake: 12/10)
2026-07-31 19:41:00,967 | INFO | Q002409 | Success | 3 accepted (ID000302/Real: 3/10)
2026-07-31 19:41:04,294 | INFO | Q002410 | Success | 3 accepted (ID000302/Fake: 3/10)
2026-07-31 19:41:10,896 | INFO | Q002411 | Success | 3 accepted (ID000302/Fake: 6/10)
2026-07-31 19:41:14,220 | INFO | Q002412 | Success | 3 accepted (ID000302/Fake: 9/10)
2026-07-31 19:41:17,297 | INFO | Q002413 | Success | 3 accepted (ID000302/Fake: 12/10)
2026-07-31 19:41:18,801 | INFO | Q002414 | Skipped - ID000302/Fake target already met (12/10)
2026-07-31 19:41:18,802 | INFO | Q002415 | Skipped - ID000302/Fake target already met (12/10)
2026-07-31 19:41:18,802 | INFO | Q002416 | Skipped - ID000302/Fake target already met (12/10)
2026-07-31 19:41:20,388 | INFO | Q002417 | Success | 3 accepted (ID000303/Real: 3/10)
2026-07-31 19:41:23,641 | INFO | Q002418 | Success | 2 accepted (ID000303/Fake: 2/10)
2026-07-31 19:41:26,479 | INFO | Q002419 | Success | 1 accepted (ID000303/Fake: 3/10)
2026-07-31 19:41:30,220 | INFO | Q002420 | Success | 1 accepted (ID000303/Fake: 4/10)
2026-07-31 19:41:35,190 | INFO | Q002421 | Success | 1 accepted (ID000303/Fake: 5/10)
2026-07-31 19:41:38,105 | INFO | Q002422 | No results passed trust/score/extension filters
2026-07-31 19:41:41,140 | INFO | Q002423 | No results passed trust/score/extension filters
2026-07-31 19:41:44,102 | INFO | Q002424 | Success | 3 accepted (ID000303/Fake: 8/10)
2026-07-31 19:41:47,062 | INFO | Q002425 | Success | 3 accepted (ID000304/Real: 3/10)
2026-07-31 19:41:50,115 | INFO | Q002426 | Success | 3 accepted (ID000304/Fake: 3/10)
2026-07-31 19:41:53,318 | INFO | Q002427 | Success | 3 accepted (ID000304/Fake: 6/10)
2026-07-31 19:41:56,380 | INFO | Q002428 | Success | 3 accepted (ID000304/Fake: 9/10)
2026-07-31 19:41:59,367 | INFO | Q002429 | Success | 3 accepted (ID000304/Fake: 12/10)
2026-07-31 19:42:00,871 | INFO | Q002430 | Skipped - ID000304/Fake target already met (12/10)
2026-07-31 19:42:00,872 | INFO | Q002431 | Skipped - ID000304/Fake target already met (12/10)
2026-07-31 19:42:00,872 | INFO | Q002432 | Skipped - ID000304/Fake target already met (12/10)
2026-07-31 19:42:02,875 | INFO | Q002433 | Success | 3 accepted (ID000305/Real: 3/10)
2026-07-31 19:42:05,975 | INFO | Q002434 | Success | 3 accepted (ID000305/Fake: 3/10)
2026-07-31 19:42:10,479 | INFO | Q002435 | Success | 3 accepted (ID000305/Fake: 6/10)
2026-07-31 19:42:13,799 | INFO | Q002436 | Success | 3 accepted (ID000305/Fake: 9/10)
2026-07-31 19:42:16,632 | INFO | Q002437 | Success | 3 accepted (ID000305/Fake: 12/10)
2026-07-31 19:42:18,134 | INFO | Q002438 | Skipped - ID000305/Fake target already met (12/10)
2026-07-31 19:42:18,135 | INFO | Q002439 | Skipped - ID000305/Fake target already met (12/10)
2026-07-31 19:42:18,137 | INFO | Q002440 | Skipped - ID000305/Fake target already met (12/10)
2026-07-31 19:42:20,063 | INFO | Q002441 | Success | 3 accepted (ID000306/Real: 3/10)
2026-07-31 19:42:23,148 | INFO | Q002442 | Success | 1 accepted (ID000306/Fake: 1/10)
2026-07-31 19:42:26,707 | INFO | Q002443 | Success | 3 accepted (ID000306/Fake: 4/10)
2026-07-31 19:42:30,068 | INFO | Q002444 | Success | 1 accepted (ID000306/Fake: 5/10)
2026-07-31 19:42:33,263 | INFO | Q002445 | No results passed trust/score/extension filters
2026-07-31 19:42:36,205 | INFO | Q002446 | No results passed trust/score/extension filters
2026-07-31 19:42:39,432 | INFO | Q002447 | Success | 1 accepted (ID000306/Fake: 6/10)
2026-07-31 19:42:44,243 | INFO | Q002448 | Success | 3 accepted (ID000306/Fake: 9/10)
2026-07-31 19:42:47,504 | INFO | Q002449 | Success | 3 accepted (ID000307/Real: 3/10)
2026-07-31 19:42:50,752 | INFO | Q002450 | No results passed trust/score/extension filters
2026-07-31 19:42:53,646 | INFO | Q002451 | Success | 1 accepted (ID000307/Fake: 1/10)
2026-07-31 19:42:56,598 | INFO | Q002452 | Success | 1 accepted (ID000307/Fake: 2/10)
2026-07-31 19:42:59,726 | INFO | Q002453 | No results passed trust/score/extension filters
2026-07-31 19:43:02,955 | INFO | Q002454 | No results passed trust/score/extension filters
2026-07-31 19:43:06,026 | INFO | Q002455 | No results passed trust/score/extension filters
2026-07-31 19:43:08,924 | INFO | Q002456 | Success | 3 accepted (ID000307/Fake: 5/10)
2026-07-31 19:43:11,976 | INFO | Q002457 | Success | 3 accepted (ID000308/Real: 3/10)
2026-07-31 19:43:16,681 | INFO | Q002458 | Success | 1 accepted (ID000308/Fake: 1/10)
2026-07-31 19:43:19,748 | INFO | Q002459 | Success | 3 accepted (ID000308/Fake: 4/10)
2026-07-31 19:43:23,014 | INFO | Q002460 | Success | 3 accepted (ID000308/Fake: 7/10)
2026-07-31 19:43:26,155 | INFO | Q002461 | Success | 1 accepted (ID000308/Fake: 8/10)
2026-07-31 19:43:29,507 | INFO | Q002462 | No results passed trust/score/extension filters
2026-07-31 19:43:33,206 | INFO | Q002463 | No results passed trust/score/extension filters
2026-07-31 19:43:36,295 | INFO | Q002464 | Success | 3 accepted (ID000308/Fake: 11/10)
2026-07-31 19:43:39,331 | INFO | Q002465 | Success | 3 accepted (ID000309/Real: 3/10)
2026-07-31 19:43:42,232 | INFO | Q002466 | No results passed trust/score/extension filters
2026-07-31 19:43:45,368 | INFO | Q002467 | No results passed trust/score/extension filters
2026-07-31 19:43:50,219 | INFO | Q002468 | Success | 2 accepted (ID000309/Fake: 2/10)
2026-07-31 19:43:53,255 | INFO | Q002469 | Success | 1 accepted (ID000309/Fake: 3/10)
2026-07-31 19:43:56,268 | INFO | Q002470 | No results passed trust/score/extension filters
2026-07-31 19:43:59,430 | INFO | Q002471 | Success | 3 accepted (ID000309/Fake: 6/10)
2026-07-31 19:44:02,476 | INFO | Q002472 | No results passed trust/score/extension filters
2026-07-31 19:44:05,641 | INFO | Q002473 | Success | 3 accepted (ID000310/Real: 3/10)
2026-07-31 19:44:09,529 | INFO | Q002474 | Success | 1 accepted (ID000310/Fake: 1/10)
2026-07-31 19:44:12,509 | INFO | Q002475 | Success | 3 accepted (ID000310/Fake: 4/10)
2026-07-31 19:44:15,512 | INFO | Q002476 | Success | 3 accepted (ID000310/Fake: 7/10)
2026-07-31 19:44:19,300 | INFO | Q002477 | Success | 2 accepted (ID000310/Fake: 9/10)
2026-07-31 19:44:23,944 | INFO | Q002478 | No results passed trust/score/extension filters
2026-07-31 19:44:27,127 | INFO | Q002479 | Success | 1 accepted (ID000310/Fake: 10/10)
2026-07-31 19:44:28,629 | INFO | Q002480 | Skipped - ID000310/Fake target already met (10/10)
2026-07-31 19:44:30,205 | INFO | Q002481 | Success | 3 accepted (ID000311/Real: 3/10)
2026-07-31 19:44:33,457 | INFO | Q002482 | Success | 1 accepted (ID000311/Fake: 1/10)
2026-07-31 19:44:36,465 | INFO | Q002483 | Success | 1 accepted (ID000311/Fake: 2/10)
2026-07-31 19:44:39,456 | INFO | Q002484 | Success | 1 accepted (ID000311/Fake: 3/10)
2026-07-31 19:44:42,337 | INFO | Q002485 | Success | 3 accepted (ID000311/Fake: 6/10)
2026-07-31 19:44:45,390 | INFO | Q002486 | No results passed trust/score/extension filters
2026-07-31 19:44:48,952 | INFO | Q002487 | No results passed trust/score/extension filters
2026-07-31 19:44:51,969 | INFO | Q002488 | No results passed trust/score/extension filters
2026-07-31 19:44:55,313 | INFO | Q002489 | Success | 3 accepted (ID000312/Real: 3/10)
2026-07-31 19:45:00,102 | INFO | Q002490 | No results passed trust/score/extension filters
2026-07-31 19:45:03,527 | INFO | Q002491 | Success | 2 accepted (ID000312/Fake: 2/10)
2026-07-31 19:45:06,581 | INFO | Q002492 | No results passed trust/score/extension filters
2026-07-31 19:45:09,896 | INFO | Q002493 | No results passed trust/score/extension filters
2026-07-31 19:45:12,901 | INFO | Q002494 | No results passed trust/score/extension filters
2026-07-31 19:45:16,236 | INFO | Q002495 | No results passed trust/score/extension filters
2026-07-31 19:45:19,294 | INFO | Q002496 | No results passed trust/score/extension filters
2026-07-31 19:45:22,857 | INFO | Q002497 | Success | 3 accepted (ID000313/Real: 3/10)
2026-07-31 19:45:27,040 | INFO | Q002498 | Success | 3 accepted (ID000313/Fake: 3/10)
2026-07-31 19:45:31,693 | INFO | Q002499 | Success | 3 accepted (ID000313/Fake: 6/10)
2026-07-31 19:45:34,826 | INFO | Q002500 | Success | 3 accepted (ID000313/Fake: 9/10)
2026-07-31 19:45:37,826 | INFO | Q002501 | Success | 3 accepted (ID000313/Fake: 12/10)
2026-07-31 19:45:39,330 | INFO | Q002502 | Skipped - ID000313/Fake target already met (12/10)
2026-07-31 19:45:39,331 | INFO | Q002503 | Skipped - ID000313/Fake target already met (12/10)
2026-07-31 19:45:39,331 | INFO | Q002504 | Skipped - ID000313/Fake target already met (12/10)
2026-07-31 19:45:40,679 | INFO | Q002505 | Success | 3 accepted (ID000314/Real: 3/10)
2026-07-31 19:45:44,722 | INFO | Q002506 | No results passed trust/score/extension filters
2026-07-31 19:45:48,897 | INFO | Q002507 | Success | 1 accepted (ID000314/Fake: 1/10)
2026-07-31 19:45:53,022 | INFO | Q002508 | Success | 3 accepted (ID000314/Fake: 4/10)
2026-07-31 19:45:56,291 | INFO | Q002509 | No results passed trust/score/extension filters
2026-07-31 19:45:59,623 | INFO | Q002510 | No results passed trust/score/extension filters
2026-07-31 19:46:02,662 | INFO | Q002511 | Success | 1 accepted (ID000314/Fake: 5/10)
2026-07-31 19:46:07,178 | INFO | Q002512 | Success | 3 accepted (ID000314/Fake: 8/10)
2026-07-31 19:46:10,347 | INFO | Q002513 | Success | 3 accepted (ID000315/Real: 3/10)
2026-07-31 19:46:13,738 | INFO | Q002514 | Success | 3 accepted (ID000315/Fake: 3/10)
2026-07-31 19:46:17,872 | INFO | Q002515 | Success | 3 accepted (ID000315/Fake: 6/10)
2026-07-31 19:46:21,518 | INFO | Q002516 | Success | 3 accepted (ID000315/Fake: 9/10)
2026-07-31 19:46:24,752 | INFO | Q002517 | Success | 3 accepted (ID000315/Fake: 12/10)
2026-07-31 19:46:26,255 | INFO | Q002518 | Skipped - ID000315/Fake target already met (12/10)
2026-07-31 19:46:26,256 | INFO | Q002519 | Skipped - ID000315/Fake target already met (12/10)
2026-07-31 19:46:26,257 | INFO | Q002520 | Skipped - ID000315/Fake target already met (12/10)
2026-07-31 19:46:27,954 | INFO | Q002521 | Success | 3 accepted (ID000316/Real: 3/10)
2026-07-31 19:46:31,539 | INFO | Q002522 | Success | 2 accepted (ID000316/Fake: 2/10)
2026-07-31 19:46:34,612 | INFO | Q002523 | No results passed trust/score/extension filters
2026-07-31 19:46:39,595 | INFO | Q002524 | Success | 3 accepted (ID000316/Fake: 5/10)
2026-07-31 19:46:42,505 | INFO | Q002525 | No results passed trust/score/extension filters
2026-07-31 19:46:45,488 | INFO | Q002526 | No results passed trust/score/extension filters
2026-07-31 19:46:49,302 | INFO | Q002527 | No results passed trust/score/extension filters
2026-07-31 19:46:52,385 | INFO | Q002528 | Success | 3 accepted (ID000316/Fake: 8/10)
2026-07-31 19:46:55,411 | INFO | Q002529 | Success | 3 accepted (ID000317/Real: 3/10)
2026-07-31 19:46:58,422 | INFO | Q002530 | Success | 3 accepted (ID000317/Fake: 3/10)
2026-07-31 19:47:01,423 | INFO | Q002531 | Success | 3 accepted (ID000317/Fake: 6/10)
2026-07-31 19:47:04,478 | INFO | Q002532 | Success | 3 accepted (ID000317/Fake: 9/10)
2026-07-31 19:47:07,541 | INFO | Q002533 | No results passed trust/score/extension filters
2026-07-31 19:47:10,638 | INFO | Q002534 | No results passed trust/score/extension filters
2026-07-31 19:47:15,360 | INFO | Q002535 | Success | 3 accepted (ID000317/Fake: 12/10)
2026-07-31 19:47:16,863 | INFO | Q002536 | Skipped - ID000317/Fake target already met (12/10)
2026-07-31 19:47:18,601 | INFO | Q002537 | Success | 3 accepted (ID000318/Real: 3/10)
2026-07-31 19:47:22,041 | INFO | Q002538 | Success | 3 accepted (ID000318/Fake: 3/10)
2026-07-31 19:47:24,984 | INFO | Q002539 | Success | 3 accepted (ID000318/Fake: 6/10)
2026-07-31 19:47:28,211 | INFO | Q002540 | Success | 3 accepted (ID000318/Fake: 9/10)
2026-07-31 19:47:31,727 | INFO | Q002541 | Success | 3 accepted (ID000318/Fake: 12/10)
2026-07-31 19:47:33,230 | INFO | Q002542 | Skipped - ID000318/Fake target already met (12/10)
2026-07-31 19:47:33,231 | INFO | Q002543 | Skipped - ID000318/Fake target already met (12/10)
2026-07-31 19:47:33,232 | INFO | Q002544 | Skipped - ID000318/Fake target already met (12/10)
2026-07-31 19:47:35,258 | INFO | Q002545 | Success | 3 accepted (ID000319/Real: 3/10)
2026-07-31 19:47:38,466 | INFO | Q002546 | Success | 3 accepted (ID000319/Fake: 3/10)
2026-07-31 19:47:41,264 | INFO | Q002547 | Success | 3 accepted (ID000319/Fake: 6/10)
2026-07-31 19:47:44,254 | INFO | Q002548 | Success | 3 accepted (ID000319/Fake: 9/10)
2026-07-31 19:47:49,307 | INFO | Q002549 | Success | 1 accepted (ID000319/Fake: 10/10)
2026-07-31 19:47:50,811 | INFO | Q002550 | Skipped - ID000319/Fake target already met (10/10)
2026-07-31 19:47:50,811 | INFO | Q002551 | Skipped - ID000319/Fake target already met (10/10)
2026-07-31 19:47:50,812 | INFO | Q002552 | Skipped - ID000319/Fake target already met (10/10)
2026-07-31 19:47:52,961 | INFO | Q002553 | Success | 3 accepted (ID000320/Real: 3/10)
2026-07-31 19:47:56,141 | INFO | Q002554 | Success | 3 accepted (ID000320/Fake: 3/10)
2026-07-31 19:47:59,120 | INFO | Q002555 | Success | 3 accepted (ID000320/Fake: 6/10)
2026-07-31 19:48:02,663 | INFO | Q002556 | Success | 3 accepted (ID000320/Fake: 9/10)
2026-07-31 19:48:05,766 | INFO | Q002557 | Success | 3 accepted (ID000320/Fake: 12/10)
2026-07-31 19:48:07,268 | INFO | Q002558 | Skipped - ID000320/Fake target already met (12/10)
2026-07-31 19:48:07,268 | INFO | Q002559 | Skipped - ID000320/Fake target already met (12/10)
2026-07-31 19:48:07,269 | INFO | Q002560 | Skipped - ID000320/Fake target already met (12/10)
2026-07-31 19:48:09,097 | INFO | Q002561 | Success | 3 accepted (ID000321/Real: 3/10)
2026-07-31 19:48:12,131 | INFO | Q002562 | No results passed trust/score/extension filters
2026-07-31 19:48:15,468 | INFO | Q002563 | Success | 1 accepted (ID000321/Fake: 1/10)
2026-07-31 19:48:18,493 | INFO | Q002564 | Success | 1 accepted (ID000321/Fake: 2/10)
2026-07-31 19:48:21,915 | INFO | Q002565 | No results passed trust/score/extension filters
2026-07-31 19:48:24,980 | INFO | Q002566 | No results passed trust/score/extension filters
2026-07-31 19:48:28,061 | INFO | Q002567 | Success | 1 accepted (ID000321/Fake: 3/10)
2026-07-31 19:48:31,698 | INFO | Q002568 | Success | 3 accepted (ID000321/Fake: 6/10)
2026-07-31 19:48:36,950 | INFO | Q002569 | Success | 3 accepted (ID000322/Real: 3/10)
2026-07-31 19:48:40,281 | INFO | Q002570 | Success | 3 accepted (ID000322/Fake: 3/10)
2026-07-31 19:48:43,175 | INFO | Q002571 | No results passed trust/score/extension filters
2026-07-31 19:48:46,146 | INFO | Q002572 | Success | 3 accepted (ID000322/Fake: 6/10)
2026-07-31 19:48:49,109 | INFO | Q002573 | Success | 1 accepted (ID000322/Fake: 7/10)
2026-07-31 19:48:52,681 | INFO | Q002574 | No results passed trust/score/extension filters
2026-07-31 19:48:55,709 | INFO | Q002575 | No results passed trust/score/extension filters
2026-07-31 19:48:58,663 | INFO | Q002576 | Success | 1 accepted (ID000322/Fake: 8/10)
2026-07-31 19:49:01,464 | INFO | Q002577 | Success | 3 accepted (ID000323/Real: 3/10)
2026-07-31 19:49:04,740 | INFO | Q002578 | Success | 3 accepted (ID000323/Fake: 3/10)
2026-07-31 19:49:10,034 | INFO | Q002579 | Success | 3 accepted (ID000323/Fake: 6/10)
2026-07-31 19:49:13,837 | INFO | Q002580 | Success | 3 accepted (ID000323/Fake: 9/10)
2026-07-31 19:49:17,086 | INFO | Q002581 | No results passed trust/score/extension filters
2026-07-31 19:49:20,128 | INFO | Q002582 | No results passed trust/score/extension filters
2026-07-31 19:49:23,123 | INFO | Q002583 | Success | 3 accepted (ID000323/Fake: 12/10)
2026-07-31 19:49:24,626 | INFO | Q002584 | Skipped - ID000323/Fake target already met (12/10)
2026-07-31 19:49:26,228 | INFO | Q002585 | Success | 3 accepted (ID000324/Real: 3/10)
2026-07-31 19:49:29,439 | INFO | Q002586 | No results passed trust/score/extension filters
2026-07-31 19:49:32,739 | INFO | Q002587 | Success | 3 accepted (ID000324/Fake: 3/10)
2026-07-31 19:49:35,702 | INFO | Q002588 | No results passed trust/score/extension filters
2026-07-31 19:49:38,803 | INFO | Q002589 | No results passed trust/score/extension filters
2026-07-31 19:49:41,829 | INFO | Q002590 | No results passed trust/score/extension filters
2026-07-31 19:49:50,847 | INFO | Q002591 | Success | 2 accepted (ID000324/Fake: 5/10)
2026-07-31 19:49:53,854 | INFO | Q002592 | Success | 3 accepted (ID000324/Fake: 8/10)
2026-07-31 19:49:57,086 | INFO | Q002593 | Success | 3 accepted (ID000325/Real: 3/10)
2026-07-31 19:50:00,209 | INFO | Q002594 | No results passed trust/score/extension filters
2026-07-31 19:50:03,132 | INFO | Q002595 | No results passed trust/score/extension filters
2026-07-31 19:50:06,519 | INFO | Q002596 | No results passed trust/score/extension filters
2026-07-31 19:50:09,710 | INFO | Q002597 | No results passed trust/score/extension filters
2026-07-31 19:50:12,860 | INFO | Q002598 | No results passed trust/score/extension filters
2026-07-31 19:50:17,448 | INFO | Q002599 | No results passed trust/score/extension filters
2026-07-31 19:50:20,566 | INFO | Q002600 | Success | 3 accepted (ID000325/Fake: 3/10)
2026-07-31 19:50:23,599 | INFO | Q002601 | Success | 3 accepted (ID000326/Real: 3/10)
2026-07-31 19:50:26,602 | INFO | Q002602 | Success | 3 accepted (ID000326/Fake: 3/10)
2026-07-31 19:50:29,661 | INFO | Q002603 | Success | 3 accepted (ID000326/Fake: 6/10)
2026-07-31 19:50:32,479 | INFO | Q002604 | Success | 3 accepted (ID000326/Fake: 9/10)
2026-07-31 19:50:36,006 | INFO | Q002605 | Success | 3 accepted (ID000326/Fake: 12/10)
2026-07-31 19:50:37,508 | INFO | Q002606 | Skipped - ID000326/Fake target already met (12/10)
2026-07-31 19:50:37,508 | INFO | Q002607 | Skipped - ID000326/Fake target already met (12/10)
2026-07-31 19:50:37,509 | INFO | Q002608 | Skipped - ID000326/Fake target already met (12/10)
2026-07-31 19:50:39,248 | INFO | Q002609 | Success | 3 accepted (ID000327/Real: 3/10)
2026-07-31 19:50:42,901 | INFO | Q002610 | Success | 3 accepted (ID000327/Fake: 3/10)
2026-07-31 19:50:46,357 | INFO | Q002611 | Success | 3 accepted (ID000327/Fake: 6/10)
2026-07-31 19:50:50,941 | INFO | Q002612 | Success | 3 accepted (ID000327/Fake: 9/10)
2026-07-31 19:50:54,722 | INFO | Q002613 | Success | 3 accepted (ID000327/Fake: 12/10)
2026-07-31 19:50:56,224 | INFO | Q002614 | Skipped - ID000327/Fake target already met (12/10)
2026-07-31 19:50:56,228 | INFO | Q002615 | Skipped - ID000327/Fake target already met (12/10)
2026-07-31 19:50:56,229 | INFO | Q002616 | Skipped - ID000327/Fake target already met (12/10)
2026-07-31 19:50:57,824 | INFO | Q002617 | Success | 3 accepted (ID000328/Real: 3/10)
2026-07-31 19:51:00,874 | INFO | Q002618 | Success | 1 accepted (ID000328/Fake: 1/10)
2026-07-31 19:51:04,271 | INFO | Q002619 | Success | 1 accepted (ID000328/Fake: 2/10)
2026-07-31 19:51:07,583 | INFO | Q002620 | Success | 1 accepted (ID000328/Fake: 3/10)
2026-07-31 19:51:11,042 | INFO | Q002621 | Success | 1 accepted (ID000328/Fake: 4/10)
2026-07-31 19:51:14,755 | INFO | Q002622 | No results passed trust/score/extension filters
2026-07-31 19:51:18,657 | INFO | Q002623 | No results passed trust/score/extension filters
2026-07-31 19:51:21,843 | INFO | Q002624 | Success | 1 accepted (ID000328/Fake: 5/10)
2026-07-31 19:51:26,333 | INFO | Q002625 | Success | 3 accepted (ID000329/Real: 3/10)
2026-07-31 19:51:29,518 | INFO | Q002626 | Success | 1 accepted (ID000329/Fake: 1/10)
2026-07-31 19:51:32,719 | INFO | Q002627 | Success | 3 accepted (ID000329/Fake: 4/10)
2026-07-31 19:51:35,846 | INFO | Q002628 | No results passed trust/score/extension filters
2026-07-31 19:51:39,263 | INFO | Q002629 | Success | 3 accepted (ID000329/Fake: 7/10)
2026-07-31 19:51:42,706 | INFO | Q002630 | No results passed trust/score/extension filters
2026-07-31 19:51:46,341 | INFO | Q002631 | No results passed trust/score/extension filters
2026-07-31 19:51:49,315 | INFO | Q002632 | Success | 3 accepted (ID000329/Fake: 10/10)
2026-07-31 19:51:52,400 | INFO | Q002633 | Success | 3 accepted (ID000330/Real: 3/10)
2026-07-31 19:51:55,447 | INFO | Q002634 | Success | 3 accepted (ID000330/Fake: 3/10)
2026-07-31 19:52:00,144 | INFO | Q002635 | Success | 3 accepted (ID000330/Fake: 6/10)
2026-07-31 19:52:03,109 | INFO | Q002636 | Success | 3 accepted (ID000330/Fake: 9/10)
2026-07-31 19:52:06,374 | INFO | Q002637 | Success | 1 accepted (ID000330/Fake: 10/10)
2026-07-31 19:52:07,875 | INFO | Q002638 | Skipped - ID000330/Fake target already met (10/10)
2026-07-31 19:52:07,875 | INFO | Q002639 | Skipped - ID000330/Fake target already met (10/10)
2026-07-31 19:52:07,875 | INFO | Q002640 | Skipped - ID000330/Fake target already met (10/10)
2026-07-31 19:52:09,751 | INFO | Q002641 | Success | 3 accepted (ID000331/Real: 3/10)
2026-07-31 19:52:12,887 | INFO | Q002642 | No results passed trust/score/extension filters
2026-07-31 19:52:16,012 | INFO | Q002643 | No results passed trust/score/extension filters
2026-07-31 19:52:19,279 | INFO | Q002644 | No results passed trust/score/extension filters
2026-07-31 19:52:22,325 | INFO | Q002645 | No results passed trust/score/extension filters
2026-07-31 19:52:25,922 | INFO | Q002646 | No results passed trust/score/extension filters
2026-07-31 19:52:28,803 | INFO | Q002647 | No results passed trust/score/extension filters
2026-07-31 19:52:33,703 | INFO | Q002648 | Success | 3 accepted (ID000331/Fake: 3/10)
2026-07-31 19:52:37,460 | INFO | Q002649 | Success | 3 accepted (ID000332/Real: 3/10)
2026-07-31 19:52:40,690 | INFO | Q002650 | No results passed trust/score/extension filters
2026-07-31 19:52:43,736 | INFO | Q002651 | Success | 1 accepted (ID000332/Fake: 1/10)
2026-07-31 19:52:46,535 | INFO | Q002652 | Success | 1 accepted (ID000332/Fake: 2/10)
2026-07-31 19:52:50,487 | INFO | Q002653 | No results passed trust/score/extension filters
2026-07-31 19:52:53,686 | INFO | Q002654 | No results passed trust/score/extension filters
2026-07-31 19:52:57,137 | INFO | Q002655 | Success | 1 accepted (ID000332/Fake: 3/10)
2026-07-31 19:53:00,358 | INFO | Q002656 | Success | 3 accepted (ID000332/Fake: 6/10)
2026-07-31 19:53:03,445 | INFO | Q002657 | Success | 3 accepted (ID000333/Real: 3/10)
2026-07-31 19:53:07,846 | INFO | Q002658 | Success | 3 accepted (ID000333/Fake: 3/10)
2026-07-31 19:53:10,984 | INFO | Q002659 | No results passed trust/score/extension filters
2026-07-31 19:53:14,068 | INFO | Q002660 | Success | 3 accepted (ID000333/Fake: 6/10)
2026-07-31 19:53:17,018 | INFO | Q002661 | No results passed trust/score/extension filters
2026-07-31 19:53:19,906 | INFO | Q002662 | No results passed trust/score/extension filters
2026-07-31 19:53:23,144 | INFO | Q002663 | No results passed trust/score/extension filters
2026-07-31 19:53:26,225 | INFO | Q002664 | Success | 3 accepted (ID000333/Fake: 9/10)
2026-07-31 19:53:29,360 | INFO | Q002665 | Success | 3 accepted (ID000334/Real: 3/10)
2026-07-31 19:53:32,515 | INFO | Q002666 | Success | 3 accepted (ID000334/Fake: 3/10)
2026-07-31 19:53:36,078 | INFO | Q002667 | Success | 3 accepted (ID000334/Fake: 6/10)
2026-07-31 19:53:40,559 | INFO | Q002668 | Success | 3 accepted (ID000334/Fake: 9/10)
2026-07-31 19:53:43,925 | INFO | Q002669 | Success | 3 accepted (ID000334/Fake: 12/10)
2026-07-31 19:53:45,427 | INFO | Q002670 | Skipped - ID000334/Fake target already met (12/10)
2026-07-31 19:53:45,430 | INFO | Q002671 | Skipped - ID000334/Fake target already met (12/10)
2026-07-31 19:53:45,430 | INFO | Q002672 | Skipped - ID000334/Fake target already met (12/10)
2026-07-31 19:53:47,134 | INFO | Q002673 | Success | 3 accepted (ID000335/Real: 3/10)
2026-07-31 19:53:50,578 | INFO | Q002674 | Success | 3 accepted (ID000335/Fake: 3/10)
2026-07-31 19:53:54,062 | INFO | Q002675 | Success | 3 accepted (ID000335/Fake: 6/10)
2026-07-31 19:53:57,461 | INFO | Q002676 | Success | 3 accepted (ID000335/Fake: 9/10)
2026-07-31 19:54:01,524 | INFO | Q002677 | Success | 3 accepted (ID000335/Fake: 12/10)
2026-07-31 19:54:03,027 | INFO | Q002678 | Skipped - ID000335/Fake target already met (12/10)
2026-07-31 19:54:03,028 | INFO | Q002679 | Skipped - ID000335/Fake target already met (12/10)
2026-07-31 19:54:03,028 | INFO | Q002680 | Skipped - ID000335/Fake target already met (12/10)
2026-07-31 19:54:04,544 | INFO | Q002681 | Success | 3 accepted (ID000336/Real: 3/10)
2026-07-31 19:54:07,431 | INFO | Q002682 | Success | 3 accepted (ID000336/Fake: 3/10)
2026-07-31 19:54:10,350 | INFO | Q002683 | Success | 3 accepted (ID000336/Fake: 6/10)
2026-07-31 19:54:15,245 | INFO | Q002684 | Success | 3 accepted (ID000336/Fake: 9/10)
2026-07-31 19:54:18,154 | INFO | Q002685 | Success | 2 accepted (ID000336/Fake: 11/10)
2026-07-31 19:54:19,657 | INFO | Q002686 | Skipped - ID000336/Fake target already met (11/10)
2026-07-31 19:54:19,657 | INFO | Q002687 | Skipped - ID000336/Fake target already met (11/10)
2026-07-31 19:54:19,658 | INFO | Q002688 | Skipped - ID000336/Fake target already met (11/10)
2026-07-31 19:54:21,372 | INFO | Q002689 | Success | 3 accepted (ID000337/Real: 3/10)
2026-07-31 19:54:24,285 | INFO | Q002690 | No results passed trust/score/extension filters
2026-07-31 19:54:27,256 | INFO | Q002691 | No results passed trust/score/extension filters
2026-07-31 19:54:30,411 | INFO | Q002692 | No results passed trust/score/extension filters
2026-07-31 19:54:33,520 | INFO | Q002693 | Success | 1 accepted (ID000337/Fake: 1/10)
2026-07-31 19:54:36,523 | INFO | Q002694 | No results passed trust/score/extension filters
2026-07-31 19:54:39,601 | INFO | Q002695 | Success | 1 accepted (ID000337/Fake: 2/10)
2026-07-31 19:54:42,746 | INFO | Q002696 | No results passed trust/score/extension filters
2026-07-31 19:54:45,749 | INFO | Q002697 | Success | 3 accepted (ID000338/Real: 3/10)
2026-07-31 19:54:50,504 | INFO | Q002698 | No results passed trust/score/extension filters
2026-07-31 19:54:53,720 | INFO | Q002699 | Success | 3 accepted (ID000338/Fake: 3/10)
2026-07-31 19:54:57,246 | INFO | Q002700 | No results passed trust/score/extension filters
2026-07-31 19:55:00,396 | INFO | Q002701 | Success | 3 accepted (ID000338/Fake: 6/10)
2026-07-31 19:55:03,487 | INFO | Q002702 | No results passed trust/score/extension filters
2026-07-31 19:55:06,817 | INFO | Q002703 | No results passed trust/score/extension filters
2026-07-31 19:55:09,933 | INFO | Q002704 | Success | 3 accepted (ID000338/Fake: 9/10)
2026-07-31 19:55:12,891 | INFO | Q002705 | Success | 3 accepted (ID000339/Real: 3/10)
2026-07-31 19:55:16,080 | INFO | Q002706 | Success | 2 accepted (ID000339/Fake: 2/10)
2026-07-31 19:55:18,855 | INFO | Q002707 | Success | 3 accepted (ID000339/Fake: 5/10)
2026-07-31 19:55:23,225 | INFO | Q002708 | No results passed trust/score/extension filters
2026-07-31 19:55:26,556 | INFO | Q002709 | Success | 3 accepted (ID000339/Fake: 8/10)
2026-07-31 19:55:29,698 | INFO | Q002710 | Success | 1 accepted (ID000339/Fake: 9/10)
2026-07-31 19:55:32,790 | INFO | Q002711 | No results passed trust/score/extension filters
2026-07-31 19:55:35,763 | INFO | Q002712 | Success | 3 accepted (ID000339/Fake: 12/10)
2026-07-31 19:55:38,886 | INFO | Q002713 | Success | 3 accepted (ID000340/Real: 3/10)
2026-07-31 19:55:41,955 | INFO | Q002714 | No results passed trust/score/extension filters
2026-07-31 19:55:46,218 | INFO | Q002715 | No results passed trust/score/extension filters
2026-07-31 19:55:49,466 | INFO | Q002716 | No results passed trust/score/extension filters
2026-07-31 19:55:52,805 | INFO | Q002717 | No results passed trust/score/extension filters
2026-07-31 19:55:57,493 | INFO | Q002718 | No results passed trust/score/extension filters
2026-07-31 19:56:00,702 | INFO | Q002719 | No results passed trust/score/extension filters
2026-07-31 19:56:03,914 | INFO | Q002720 | Success | 3 accepted (ID000340/Fake: 3/10)
2026-07-31 19:56:07,962 | INFO | Q002721 | Success | 3 accepted (ID000341/Real: 3/10)
2026-07-31 19:56:11,016 | INFO | Q002722 | Success | 3 accepted (ID000341/Fake: 3/10)
2026-07-31 19:56:14,697 | INFO | Q002723 | Success | 3 accepted (ID000341/Fake: 6/10)
2026-07-31 19:56:17,940 | INFO | Q002724 | Success | 3 accepted (ID000341/Fake: 9/10)
2026-07-31 19:56:20,843 | INFO | Q002725 | No results passed trust/score/extension filters
2026-07-31 19:56:24,422 | INFO | Q002726 | Success | 2 accepted (ID000341/Fake: 11/10)
2026-07-31 19:56:25,924 | INFO | Q002727 | Skipped - ID000341/Fake target already met (11/10)
2026-07-31 19:56:25,925 | INFO | Q002728 | Skipped - ID000341/Fake target already met (11/10)
2026-07-31 19:56:29,175 | INFO | Q002729 | Success | 3 accepted (ID000342/Real: 3/10)
2026-07-31 19:56:32,513 | INFO | Q002730 | Success | 3 accepted (ID000342/Fake: 3/10)
2026-07-31 19:56:35,603 | INFO | Q002731 | Success | 2 accepted (ID000342/Fake: 5/10)
2026-07-31 19:56:38,598 | INFO | Q002732 | Success | 3 accepted (ID000342/Fake: 8/10)
2026-07-31 19:56:41,792 | INFO | Q002733 | No results passed trust/score/extension filters
2026-07-31 19:56:44,994 | INFO | Q002734 | No results passed trust/score/extension filters
2026-07-31 19:56:48,323 | INFO | Q002735 | Success | 3 accepted (ID000342/Fake: 11/10)
2026-07-31 19:56:49,826 | INFO | Q002736 | Skipped - ID000342/Fake target already met (11/10)
2026-07-31 19:56:51,429 | INFO | Q002737 | Success | 3 accepted (ID000343/Real: 3/10)
2026-07-31 19:56:54,917 | INFO | Q002738 | Success | 3 accepted (ID000343/Fake: 3/10)
2026-07-31 19:56:58,127 | INFO | Q002739 | Success | 1 accepted (ID000343/Fake: 4/10)
2026-07-31 19:57:01,412 | INFO | Q002740 | Success | 3 accepted (ID000343/Fake: 7/10)
2026-07-31 19:57:04,455 | INFO | Q002741 | Success | 3 accepted (ID000343/Fake: 10/10)
2026-07-31 19:57:05,958 | INFO | Q002742 | Skipped - ID000343/Fake target already met (10/10)
2026-07-31 19:57:05,959 | INFO | Q002743 | Skipped - ID000343/Fake target already met (10/10)
2026-07-31 19:57:05,959 | INFO | Q002744 | Skipped - ID000343/Fake target already met (10/10)
2026-07-31 19:57:07,375 | INFO | Q002745 | Success | 3 accepted (ID000344/Real: 3/10)
2026-07-31 19:57:10,345 | INFO | Q002746 | Success | 3 accepted (ID000344/Fake: 3/10)
2026-07-31 19:57:13,465 | INFO | Q002747 | Success | 3 accepted (ID000344/Fake: 6/10)
2026-07-31 19:57:18,813 | INFO | Q002748 | Success | 3 accepted (ID000344/Fake: 9/10)
2026-07-31 19:57:21,797 | INFO | Q002749 | Success | 3 accepted (ID000344/Fake: 12/10)
2026-07-31 19:57:23,300 | INFO | Q002750 | Skipped - ID000344/Fake target already met (12/10)
2026-07-31 19:57:23,300 | INFO | Q002751 | Skipped - ID000344/Fake target already met (12/10)
2026-07-31 19:57:23,301 | INFO | Q002752 | Skipped - ID000344/Fake target already met (12/10)
2026-07-31 19:57:24,525 | INFO | Q002753 | Success | 3 accepted (ID000345/Real: 3/10)
2026-07-31 19:57:27,538 | INFO | Q002754 | Success | 3 accepted (ID000345/Fake: 3/10)
2026-07-31 19:57:31,101 | INFO | Q002755 | Success | 3 accepted (ID000345/Fake: 6/10)
2026-07-31 19:57:34,167 | INFO | Q002756 | Success | 3 accepted (ID000345/Fake: 9/10)
2026-07-31 19:57:37,319 | INFO | Q002757 | Success | 3 accepted (ID000345/Fake: 12/10)
2026-07-31 19:57:38,822 | INFO | Q002758 | Skipped - ID000345/Fake target already met (12/10)
2026-07-31 19:57:38,822 | INFO | Q002759 | Skipped - ID000345/Fake target already met (12/10)
2026-07-31 19:57:38,823 | INFO | Q002760 | Skipped - ID000345/Fake target already met (12/10)
2026-07-31 19:57:40,521 | INFO | Q002761 | Success | 3 accepted (ID000346/Real: 3/10)
2026-07-31 19:57:43,715 | INFO | Q002762 | Success | 3 accepted (ID000346/Fake: 3/10)
2026-07-31 19:57:47,433 | INFO | Q002763 | Success | 3 accepted (ID000346/Fake: 6/10)
2026-07-31 19:57:50,378 | INFO | Q002764 | Success | 3 accepted (ID000346/Fake: 9/10)
2026-07-31 19:57:54,952 | INFO | Q002765 | Success | 3 accepted (ID000346/Fake: 12/10)
2026-07-31 19:57:56,455 | INFO | Q002766 | Skipped - ID000346/Fake target already met (12/10)
2026-07-31 19:57:56,456 | INFO | Q002767 | Skipped - ID000346/Fake target already met (12/10)
2026-07-31 19:57:56,457 | INFO | Q002768 | Skipped - ID000346/Fake target already met (12/10)
2026-07-31 19:57:58,623 | INFO | Q002769 | Success | 3 accepted (ID000347/Real: 3/10)
2026-07-31 19:58:01,752 | INFO | Q002770 | No results passed trust/score/extension filters
2026-07-31 19:58:07,481 | INFO | Q002771 | Success | 3 accepted (ID000347/Fake: 3/10)
2026-07-31 19:58:11,090 | INFO | Q002772 | Success | 3 accepted (ID000347/Fake: 6/10)
2026-07-31 19:58:14,954 | INFO | Q002773 | Success | 3 accepted (ID000347/Fake: 9/10)
2026-07-31 19:58:18,621 | INFO | Q002774 | No results passed trust/score/extension filters
2026-07-31 19:58:21,803 | INFO | Q002775 | No results passed trust/score/extension filters
2026-07-31 19:58:26,779 | INFO | Q002776 | No results passed trust/score/extension filters
2026-07-31 19:58:30,037 | INFO | Q002777 | Success | 3 accepted (ID000348/Real: 3/10)
2026-07-31 19:58:32,967 | INFO | Q002778 | Success | 3 accepted (ID000348/Fake: 3/10)
2026-07-31 19:58:35,875 | INFO | Q002779 | Success | 3 accepted (ID000348/Fake: 6/10)
2026-07-31 19:58:39,102 | INFO | Q002780 | Success | 3 accepted (ID000348/Fake: 9/10)
2026-07-31 19:58:42,302 | INFO | Q002781 | Success | 3 accepted (ID000348/Fake: 12/10)
2026-07-31 19:58:43,805 | INFO | Q002782 | Skipped - ID000348/Fake target already met (12/10)
2026-07-31 19:58:43,805 | INFO | Q002783 | Skipped - ID000348/Fake target already met (12/10)
2026-07-31 19:58:43,806 | INFO | Q002784 | Skipped - ID000348/Fake target already met (12/10)
2026-07-31 19:58:47,360 | INFO | Q002785 | Success | 3 accepted (ID000349/Real: 3/10)
2026-07-31 19:58:52,224 | INFO | Q002786 | Success | 3 accepted (ID000349/Fake: 3/10)
2026-07-31 19:58:55,701 | INFO | Q002787 | Success | 3 accepted (ID000349/Fake: 6/10)
2026-07-31 19:59:00,248 | INFO | Q002788 | Success | 3 accepted (ID000349/Fake: 9/10)
2026-07-31 19:59:03,447 | INFO | Q002789 | Success | 3 accepted (ID000349/Fake: 12/10)
2026-07-31 19:59:04,951 | INFO | Q002790 | Skipped - ID000349/Fake target already met (12/10)
2026-07-31 19:59:04,952 | INFO | Q002791 | Skipped - ID000349/Fake target already met (12/10)
2026-07-31 19:59:04,952 | INFO | Q002792 | Skipped - ID000349/Fake target already met (12/10)
2026-07-31 19:59:06,471 | INFO | Q002793 | Success | 3 accepted (ID000350/Real: 3/10)
2026-07-31 19:59:09,426 | INFO | Q002794 | No results passed trust/score/extension filters
2026-07-31 19:59:12,438 | INFO | Q002795 | Success | 3 accepted (ID000350/Fake: 3/10)
2026-07-31 19:59:16,258 | INFO | Q002796 | No results passed trust/score/extension filters
2026-07-31 19:59:19,389 | INFO | Q002797 | Success | 3 accepted (ID000350/Fake: 6/10)
2026-07-31 19:59:22,291 | INFO | Q002798 | No results passed trust/score/extension filters
2026-07-31 19:59:25,515 | INFO | Q002799 | No results passed trust/score/extension filters
2026-07-31 19:59:28,441 | INFO | Q002800 | No results passed trust/score/extension filters
2026-07-31 19:59:31,633 | INFO | Q002801 | Success | 3 accepted (ID000351/Real: 3/10)
2026-07-31 19:59:36,540 | INFO | Q002802 | No results passed trust/score/extension filters
2026-07-31 19:59:39,594 | INFO | Q002803 | Success | 3 accepted (ID000351/Fake: 3/10)
2026-07-31 19:59:42,681 | INFO | Q002804 | No results passed trust/score/extension filters
2026-07-31 19:59:45,504 | INFO | Q002805 | Success | 3 accepted (ID000351/Fake: 6/10)
2026-07-31 19:59:50,307 | INFO | Q002806 | No results passed trust/score/extension filters
2026-07-31 19:59:53,369 | INFO | Q002807 | No results passed trust/score/extension filters
2026-07-31 19:59:56,517 | INFO | Q002808 | Success | 3 accepted (ID000351/Fake: 9/10)
2026-07-31 19:59:59,826 | INFO | Q002809 | Success | 3 accepted (ID000352/Real: 3/10)
2026-07-31 20:00:03,009 | INFO | Q002810 | Success | 3 accepted (ID000352/Fake: 3/10)
2026-07-31 20:00:07,906 | INFO | Q002811 | Success | 3 accepted (ID000352/Fake: 6/10)
2026-07-31 20:00:11,188 | INFO | Q002812 | Success | 3 accepted (ID000352/Fake: 9/10)
2026-07-31 20:00:14,537 | INFO | Q002813 | No results passed trust/score/extension filters
2026-07-31 20:00:17,883 | INFO | Q002814 | No results passed trust/score/extension filters
2026-07-31 20:00:21,001 | INFO | Q002815 | Success | 3 accepted (ID000352/Fake: 12/10)
2026-07-31 20:00:22,503 | INFO | Q002816 | Skipped - ID000352/Fake target already met (12/10)
2026-07-31 20:00:24,044 | INFO | Q002817 | Success | 3 accepted (ID000353/Real: 3/10)
2026-07-31 20:00:27,120 | INFO | Q002818 | Success | 1 accepted (ID000353/Fake: 1/10)
2026-07-31 20:00:30,746 | INFO | Q002819 | Success | 3 accepted (ID000353/Fake: 4/10)
2026-07-31 20:00:33,850 | INFO | Q002820 | Success | 1 accepted (ID000353/Fake: 5/10)
2026-07-31 20:00:36,921 | INFO | Q002821 | Success | 1 accepted (ID000353/Fake: 6/10)
2026-07-31 20:00:39,955 | INFO | Q002822 | Success | 1 accepted (ID000353/Fake: 7/10)
2026-07-31 20:00:45,007 | INFO | Q002823 | Success | 1 accepted (ID000353/Fake: 8/10)
2026-07-31 20:00:48,093 | INFO | Q002824 | Success | 1 accepted (ID000353/Fake: 9/10)
2026-07-31 20:00:50,968 | INFO | Q002825 | Success | 3 accepted (ID000354/Real: 3/10)
2026-07-31 20:00:54,343 | INFO | Q002826 | Success | 3 accepted (ID000354/Fake: 3/10)
2026-07-31 20:00:57,232 | INFO | Q002827 | Success | 3 accepted (ID000354/Fake: 6/10)
2026-07-31 20:01:00,309 | INFO | Q002828 | Success | 3 accepted (ID000354/Fake: 9/10)
2026-07-31 20:01:03,324 | INFO | Q002829 | Success | 1 accepted (ID000354/Fake: 10/10)
2026-07-31 20:01:04,827 | INFO | Q002830 | Skipped - ID000354/Fake target already met (10/10)
2026-07-31 20:01:04,828 | INFO | Q002831 | Skipped - ID000354/Fake target already met (10/10)
2026-07-31 20:01:04,828 | INFO | Q002832 | Skipped - ID000354/Fake target already met (10/10)
2026-07-31 20:01:06,633 | INFO | Q002833 | Success | 3 accepted (ID000355/Real: 3/10)
2026-07-31 20:01:13,926 | INFO | Q002834 | Success | 3 accepted (ID000355/Fake: 3/10)
2026-07-31 20:01:20,420 | INFO | Q002835 | Success | 3 accepted (ID000355/Fake: 6/10)
2026-07-31 20:01:24,663 | INFO | Q002836 | Success | 3 accepted (ID000355/Fake: 9/10)
2026-07-31 20:01:27,433 | INFO | Q002837 | Success | 2 accepted (ID000355/Fake: 11/10)
2026-07-31 20:01:28,935 | INFO | Q002838 | Skipped - ID000355/Fake target already met (11/10)
2026-07-31 20:01:28,936 | INFO | Q002839 | Skipped - ID000355/Fake target already met (11/10)
2026-07-31 20:01:28,936 | INFO | Q002840 | Skipped - ID000355/Fake target already met (11/10)
2026-07-31 20:01:30,655 | INFO | Q002841 | Success | 3 accepted (ID000356/Real: 3/10)
2026-07-31 20:01:33,797 | INFO | Q002842 | Success | 3 accepted (ID000356/Fake: 3/10)
2026-07-31 20:01:36,684 | INFO | Q002843 | Success | 3 accepted (ID000356/Fake: 6/10)
2026-07-31 20:01:39,824 | INFO | Q002844 | Success | 3 accepted (ID000356/Fake: 9/10)
2026-07-31 20:01:42,988 | INFO | Q002845 | Success | 3 accepted (ID000356/Fake: 12/10)
2026-07-31 20:01:44,490 | INFO | Q002846 | Skipped - ID000356/Fake target already met (12/10)
2026-07-31 20:01:44,491 | INFO | Q002847 | Skipped - ID000356/Fake target already met (12/10)
2026-07-31 20:01:44,491 | INFO | Q002848 | Skipped - ID000356/Fake target already met (12/10)
2026-07-31 20:01:46,257 | INFO | Q002849 | Success | 3 accepted (ID000357/Real: 3/10)
2026-07-31 20:01:51,482 | INFO | Q002850 | Success | 3 accepted (ID000357/Fake: 3/10)
2026-07-31 20:01:54,876 | INFO | Q002851 | Success | 3 accepted (ID000357/Fake: 6/10)
2026-07-31 20:01:57,844 | INFO | Q002852 | Success | 3 accepted (ID000357/Fake: 9/10)
2026-07-31 20:02:01,023 | INFO | Q002853 | Success | 3 accepted (ID000357/Fake: 12/10)
2026-07-31 20:02:02,527 | INFO | Q002854 | Skipped - ID000357/Fake target already met (12/10)
2026-07-31 20:02:02,528 | INFO | Q002855 | Skipped - ID000357/Fake target already met (12/10)
2026-07-31 20:02:02,529 | INFO | Q002856 | Skipped - ID000357/Fake target already met (12/10)
2026-07-31 20:02:04,656 | INFO | Q002857 | Success | 3 accepted (ID000358/Real: 3/10)
2026-07-31 20:02:07,884 | INFO | Q002858 | No results passed trust/score/extension filters
2026-07-31 20:02:11,070 | INFO | Q002859 | No results passed trust/score/extension filters
2026-07-31 20:02:14,148 | INFO | Q002860 | Success | 2 accepted (ID000358/Fake: 2/10)
2026-07-31 20:02:18,428 | INFO | Q002861 | No results passed trust/score/extension filters
2026-07-31 20:02:21,793 | INFO | Q002862 | No results passed trust/score/extension filters
2026-07-31 20:02:26,915 | INFO | Q002863 | Success | 2 accepted (ID000358/Fake: 4/10)
2026-07-31 20:02:30,354 | INFO | Q002864 | No results passed trust/score/extension filters
2026-07-31 20:02:33,628 | INFO | Q002865 | Success | 3 accepted (ID000359/Real: 3/10)
2026-07-31 20:02:36,916 | INFO | Q002866 | Success | 3 accepted (ID000359/Fake: 3/10)
2026-07-31 20:02:40,145 | INFO | Q002867 | Success | 3 accepted (ID000359/Fake: 6/10)
2026-07-31 20:02:43,243 | INFO | Q002868 | Success | 3 accepted (ID000359/Fake: 9/10)
2026-07-31 20:02:46,679 | INFO | Q002869 | Success | 3 accepted (ID000359/Fake: 12/10)
2026-07-31 20:02:48,181 | INFO | Q002870 | Skipped - ID000359/Fake target already met (12/10)
2026-07-31 20:02:48,181 | INFO | Q002871 | Skipped - ID000359/Fake target already met (12/10)
2026-07-31 20:02:48,181 | INFO | Q002872 | Skipped - ID000359/Fake target already met (12/10)
2026-07-31 20:02:54,283 | INFO | Q002873 | Success | 3 accepted (ID000360/Real: 3/10)
2026-07-31 20:02:59,302 | INFO | Q002874 | Success | 3 accepted (ID000360/Fake: 3/10)
2026-07-31 20:03:02,538 | INFO | Q002875 | Success | 1 accepted (ID000360/Fake: 4/10)
2026-07-31 20:03:05,836 | INFO | Q002876 | Success | 3 accepted (ID000360/Fake: 7/10)
2026-07-31 20:03:08,933 | INFO | Q002877 | No results passed trust/score/extension filters
2026-07-31 20:03:12,359 | INFO | Q002878 | No results passed trust/score/extension filters
2026-07-31 20:03:15,665 | INFO | Q002879 | Success | 3 accepted (ID000360/Fake: 10/10)
2026-07-31 20:03:17,169 | INFO | Q002880 | Skipped - ID000360/Fake target already met (10/10)
2026-07-31 20:03:19,190 | INFO | Q002881 | Success | 3 accepted (ID000361/Real: 3/10)
2026-07-31 20:03:22,257 | INFO | Q002882 | Success | 1 accepted (ID000361/Fake: 1/10)
2026-07-31 20:03:25,391 | INFO | Q002883 | Success | 3 accepted (ID000361/Fake: 4/10)
2026-07-31 20:03:28,373 | INFO | Q002884 | Success | 1 accepted (ID000361/Fake: 5/10)
2026-07-31 20:03:33,664 | INFO | Q002885 | Success | 1 accepted (ID000361/Fake: 6/10)
2026-07-31 20:03:36,784 | INFO | Q002886 | No results passed trust/score/extension filters
2026-07-31 20:03:39,791 | INFO | Q002887 | Success | 3 accepted (ID000361/Fake: 9/10)
2026-07-31 20:03:42,959 | INFO | Q002888 | No results passed trust/score/extension filters
2026-07-31 20:03:45,875 | INFO | Q002889 | Success | 3 accepted (ID000362/Real: 3/10)
2026-07-31 20:03:49,009 | INFO | Q002890 | Success | 3 accepted (ID000362/Fake: 3/10)
2026-07-31 20:03:52,164 | INFO | Q002891 | Success | 3 accepted (ID000362/Fake: 6/10)
2026-07-31 20:03:55,207 | INFO | Q002892 | Success | 3 accepted (ID000362/Fake: 9/10)
2026-07-31 20:03:58,323 | INFO | Q002893 | Success | 3 accepted (ID000362/Fake: 12/10)
2026-07-31 20:03:59,825 | INFO | Q002894 | Skipped - ID000362/Fake target already met (12/10)
2026-07-31 20:03:59,825 | INFO | Q002895 | Skipped - ID000362/Fake target already met (12/10)
2026-07-31 20:03:59,826 | INFO | Q002896 | Skipped - ID000362/Fake target already met (12/10)
2026-07-31 20:04:01,296 | INFO | Q002897 | Success | 3 accepted (ID000363/Real: 3/10)
2026-07-31 20:04:04,349 | INFO | Q002898 | Success | 3 accepted (ID000363/Fake: 3/10)
2026-07-31 20:04:09,509 | INFO | Q002899 | Success | 3 accepted (ID000363/Fake: 6/10)
2026-07-31 20:04:12,513 | INFO | Q002900 | Success | 3 accepted (ID000363/Fake: 9/10)
2026-07-31 20:04:15,418 | INFO | Q002901 | Success | 3 accepted (ID000363/Fake: 12/10)
2026-07-31 20:04:16,922 | INFO | Q002902 | Skipped - ID000363/Fake target already met (12/10)
2026-07-31 20:04:16,922 | INFO | Q002903 | Skipped - ID000363/Fake target already met (12/10)
2026-07-31 20:04:16,923 | INFO | Q002904 | Skipped - ID000363/Fake target already met (12/10)
2026-07-31 20:04:18,512 | INFO | Q002905 | Success | 3 accepted (ID000364/Real: 3/10)
2026-07-31 20:04:21,682 | INFO | Q002906 | Success | 3 accepted (ID000364/Fake: 3/10)
2026-07-31 20:04:24,989 | INFO | Q002907 | Success | 3 accepted (ID000364/Fake: 6/10)
2026-07-31 20:04:28,359 | INFO | Q002908 | Success | 3 accepted (ID000364/Fake: 9/10)
2026-07-31 20:04:31,355 | INFO | Q002909 | Success | 3 accepted (ID000364/Fake: 12/10)
2026-07-31 20:04:32,858 | INFO | Q002910 | Skipped - ID000364/Fake target already met (12/10)
2026-07-31 20:04:32,858 | INFO | Q002911 | Skipped - ID000364/Fake target already met (12/10)
2026-07-31 20:04:32,858 | INFO | Q002912 | Skipped - ID000364/Fake target already met (12/10)
2026-07-31 20:04:34,561 | INFO | Q002913 | Success | 3 accepted (ID000365/Real: 3/10)
2026-07-31 20:04:37,712 | INFO | Q002914 | Success | 1 accepted (ID000365/Fake: 1/10)
2026-07-31 20:04:42,452 | INFO | Q002915 | Success | 3 accepted (ID000365/Fake: 4/10)
2026-07-31 20:04:45,812 | INFO | Q002916 | No results passed trust/score/extension filters
2026-07-31 20:04:48,774 | INFO | Q002917 | No results passed trust/score/extension filters
2026-07-31 20:04:51,680 | INFO | Q002918 | No results passed trust/score/extension filters
2026-07-31 20:04:54,575 | INFO | Q002919 | No results passed trust/score/extension filters
2026-07-31 20:04:57,545 | INFO | Q002920 | Success | 1 accepted (ID000365/Fake: 5/10)
2026-07-31 20:05:00,572 | INFO | Q002921 | Success | 3 accepted (ID000366/Real: 3/10)
2026-07-31 20:05:06,357 | INFO | Q002922 | Success | 3 accepted (ID000366/Fake: 3/10)
2026-07-31 20:05:09,530 | INFO | Q002923 | Success | 3 accepted (ID000366/Fake: 6/10)
2026-07-31 20:05:14,371 | INFO | Q002924 | Success | 3 accepted (ID000366/Fake: 9/10)
2026-07-31 20:05:17,662 | INFO | Q002925 | Success | 3 accepted (ID000366/Fake: 12/10)
2026-07-31 20:05:19,165 | INFO | Q002926 | Skipped - ID000366/Fake target already met (12/10)
2026-07-31 20:05:19,167 | INFO | Q002927 | Skipped - ID000366/Fake target already met (12/10)
2026-07-31 20:05:19,168 | INFO | Q002928 | Skipped - ID000366/Fake target already met (12/10)
2026-07-31 20:05:20,682 | INFO | Q002929 | Success | 3 accepted (ID000367/Real: 3/10)
2026-07-31 20:05:23,498 | INFO | Q002930 | Success | 3 accepted (ID000367/Fake: 3/10)
2026-07-31 20:05:27,035 | INFO | Q002931 | Success | 3 accepted (ID000367/Fake: 6/10)
2026-07-31 20:05:30,796 | INFO | Q002932 | Success | 3 accepted (ID000367/Fake: 9/10)
2026-07-31 20:05:33,750 | INFO | Q002933 | Success | 3 accepted (ID000367/Fake: 12/10)
2026-07-31 20:05:35,253 | INFO | Q002934 | Skipped - ID000367/Fake target already met (12/10)
2026-07-31 20:05:35,254 | INFO | Q002935 | Skipped - ID000367/Fake target already met (12/10)
2026-07-31 20:05:35,255 | INFO | Q002936 | Skipped - ID000367/Fake target already met (12/10)
2026-07-31 20:05:36,926 | INFO | Q002937 | Success | 3 accepted (ID000368/Real: 3/10)
2026-07-31 20:05:39,886 | INFO | Q002938 | Success | 3 accepted (ID000368/Fake: 3/10)
2026-07-31 20:05:42,869 | INFO | Q002939 | Success | 3 accepted (ID000368/Fake: 6/10)
2026-07-31 20:05:46,009 | INFO | Q002940 | Success | 3 accepted (ID000368/Fake: 9/10)
2026-07-31 20:05:50,871 | INFO | Q002941 | Success | 3 accepted (ID000368/Fake: 12/10)
2026-07-31 20:05:52,374 | INFO | Q002942 | Skipped - ID000368/Fake target already met (12/10)
2026-07-31 20:05:52,375 | INFO | Q002943 | Skipped - ID000368/Fake target already met (12/10)
2026-07-31 20:05:52,375 | INFO | Q002944 | Skipped - ID000368/Fake target already met (12/10)
2026-07-31 20:05:53,978 | INFO | Q002945 | Success | 3 accepted (ID000369/Real: 3/10)
2026-07-31 20:05:56,995 | INFO | Q002946 | Success | 3 accepted (ID000369/Fake: 3/10)
2026-07-31 20:06:00,251 | INFO | Q002947 | Success | 3 accepted (ID000369/Fake: 6/10)
2026-07-31 20:06:03,432 | INFO | Q002948 | Success | 3 accepted (ID000369/Fake: 9/10)
2026-07-31 20:06:07,860 | INFO | Q002949 | Success | 2 accepted (ID000369/Fake: 11/10)
2026-07-31 20:06:09,363 | INFO | Q002950 | Skipped - ID000369/Fake target already met (11/10)
2026-07-31 20:06:09,364 | INFO | Q002951 | Skipped - ID000369/Fake target already met (11/10)
2026-07-31 20:06:09,364 | INFO | Q002952 | Skipped - ID000369/Fake target already met (11/10)
2026-07-31 20:06:11,489 | INFO | Q002953 | Success | 3 accepted (ID000370/Real: 3/10)
2026-07-31 20:06:15,567 | INFO | Q002954 | Success | 3 accepted (ID000370/Fake: 3/10)
2026-07-31 20:06:18,800 | INFO | Q002955 | Success | 3 accepted (ID000370/Fake: 6/10)
2026-07-31 20:06:23,716 | INFO | Q002956 | Success | 3 accepted (ID000370/Fake: 9/10)
2026-07-31 20:06:26,975 | INFO | Q002957 | Success | 3 accepted (ID000370/Fake: 12/10)
2026-07-31 20:06:28,478 | INFO | Q002958 | Skipped - ID000370/Fake target already met (12/10)
2026-07-31 20:06:28,480 | INFO | Q002959 | Skipped - ID000370/Fake target already met (12/10)
2026-07-31 20:06:28,480 | INFO | Q002960 | Skipped - ID000370/Fake target already met (12/10)
2026-07-31 20:06:30,074 | INFO | Q002961 | Success | 3 accepted (ID000371/Real: 3/10)
2026-07-31 20:06:33,376 | INFO | Q002962 | Success | 3 accepted (ID000371/Fake: 3/10)
2026-07-31 20:06:36,466 | INFO | Q002963 | No results passed trust/score/extension filters
2026-07-31 20:06:40,302 | INFO | Q002964 | Success | 3 accepted (ID000371/Fake: 6/10)
2026-07-31 20:06:43,461 | INFO | Q002965 | No results passed trust/score/extension filters
2026-07-31 20:06:46,762 | INFO | Q002966 | No results passed trust/score/extension filters
2026-07-31 20:06:50,000 | INFO | Q002967 | Success | 2 accepted (ID000371/Fake: 8/10)
2026-07-31 20:06:53,350 | INFO | Q002968 | Success | 3 accepted (ID000371/Fake: 11/10)
2026-07-31 20:06:58,142 | INFO | Q002969 | Success | 3 accepted (ID000372/Real: 3/10)
2026-07-31 20:07:01,421 | INFO | Q002970 | Success | 3 accepted (ID000372/Fake: 3/10)
2026-07-31 20:07:04,558 | INFO | Q002971 | Success | 3 accepted (ID000372/Fake: 6/10)
2026-07-31 20:07:07,727 | INFO | Q002972 | Success | 3 accepted (ID000372/Fake: 9/10)
2026-07-31 20:07:10,615 | INFO | Q002973 | Success | 3 accepted (ID000372/Fake: 12/10)
2026-07-31 20:07:12,119 | INFO | Q002974 | Skipped - ID000372/Fake target already met (12/10)
2026-07-31 20:07:12,120 | INFO | Q002975 | Skipped - ID000372/Fake target already met (12/10)
2026-07-31 20:07:12,120 | INFO | Q002976 | Skipped - ID000372/Fake target already met (12/10)
2026-07-31 20:07:14,045 | INFO | Q002977 | Success | 3 accepted (ID000373/Real: 3/10)
2026-07-31 20:07:17,379 | INFO | Q002978 | Success | 3 accepted (ID000373/Fake: 3/10)
2026-07-31 20:07:20,833 | INFO | Q002979 | Success | 3 accepted (ID000373/Fake: 6/10)
2026-07-31 20:07:24,099 | INFO | Q002980 | Success | 1 accepted (ID000373/Fake: 7/10)
2026-07-31 20:07:27,223 | INFO | Q002981 | Success | 3 accepted (ID000373/Fake: 10/10)
2026-07-31 20:07:30,424 | INFO | Q002982 | Skipped - ID000373/Fake target already met (10/10)
2026-07-31 20:07:30,425 | INFO | Q002983 | Skipped - ID000373/Fake target already met (10/10)
2026-07-31 20:07:30,427 | INFO | Q002984 | Skipped - ID000373/Fake target already met (10/10)
2026-07-31 20:07:32,114 | INFO | Q002985 | Success | 3 accepted (ID000374/Real: 3/10)
2026-07-31 20:07:35,457 | INFO | Q002986 | No results passed trust/score/extension filters
2026-07-31 20:07:38,668 | INFO | Q002987 | Success | 3 accepted (ID000374/Fake: 3/10)
2026-07-31 20:07:45,495 | INFO | Q002988 | No results passed trust/score/extension filters
2026-07-31 20:07:48,504 | INFO | Q002989 | Success | 3 accepted (ID000374/Fake: 6/10)
2026-07-31 20:07:51,929 | INFO | Q002990 | No results passed trust/score/extension filters
2026-07-31 20:07:54,903 | INFO | Q002991 | No results passed trust/score/extension filters
2026-07-31 20:07:58,606 | INFO | Q002992 | Success | 2 accepted (ID000374/Fake: 8/10)
2026-07-31 20:08:03,939 | INFO | Q002993 | Success | 3 accepted (ID000375/Real: 3/10)
2026-07-31 20:08:07,160 | INFO | Q002994 | Success | 3 accepted (ID000375/Fake: 3/10)
2026-07-31 20:08:10,338 | INFO | Q002995 | Success | 3 accepted (ID000375/Fake: 6/10)
2026-07-31 20:08:14,204 | INFO | Q002996 | Success | 3 accepted (ID000375/Fake: 9/10)
2026-07-31 20:08:17,310 | INFO | Q002997 | Success | 2 accepted (ID000375/Fake: 11/10)
2026-07-31 20:08:18,814 | INFO | Q002998 | Skipped - ID000375/Fake target already met (11/10)
2026-07-31 20:08:18,815 | INFO | Q002999 | Skipped - ID000375/Fake target already met (11/10)
2026-07-31 20:08:18,815 | INFO | Q003000 | Skipped - ID000375/Fake target already met (11/10)
2026-07-31 20:08:20,279 | INFO | Q003001 | Success | 3 accepted (ID000376/Real: 3/10)
2026-07-31 20:08:23,122 | INFO | Q003002 | Success | 3 accepted (ID000376/Fake: 3/10)
2026-07-31 20:08:26,204 | INFO | Q003003 | Success | 3 accepted (ID000376/Fake: 6/10)
2026-07-31 20:08:29,711 | INFO | Q003004 | Success | 3 accepted (ID000376/Fake: 9/10)
2026-07-31 20:08:32,644 | INFO | Q003005 | Success | 3 accepted (ID000376/Fake: 12/10)
2026-07-31 20:08:34,148 | INFO | Q003006 | Skipped - ID000376/Fake target already met (12/10)
2026-07-31 20:08:34,149 | INFO | Q003007 | Skipped - ID000376/Fake target already met (12/10)
2026-07-31 20:08:34,149 | INFO | Q003008 | Skipped - ID000376/Fake target already met (12/10)
2026-07-31 20:08:35,846 | INFO | Q003009 | Success | 3 accepted (ID000377/Real: 3/10)
2026-07-31 20:08:40,632 | INFO | Q003010 | Success | 3 accepted (ID000377/Fake: 3/10)
2026-07-31 20:08:43,842 | INFO | Q003011 | Success | 3 accepted (ID000377/Fake: 6/10)
2026-07-31 20:08:47,015 | INFO | Q003012 | Success | 3 accepted (ID000377/Fake: 9/10)
2026-07-31 20:08:50,309 | INFO | Q003013 | Success | 2 accepted (ID000377/Fake: 11/10)
2026-07-31 20:08:51,813 | INFO | Q003014 | Skipped - ID000377/Fake target already met (11/10)
2026-07-31 20:08:51,813 | INFO | Q003015 | Skipped - ID000377/Fake target already met (11/10)
2026-07-31 20:08:51,814 | INFO | Q003016 | Skipped - ID000377/Fake target already met (11/10)
2026-07-31 20:08:53,274 | INFO | Q003017 | Success | 3 accepted (ID000378/Real: 3/10)
2026-07-31 20:08:56,093 | INFO | Q003018 | No results passed trust/score/extension filters
2026-07-31 20:08:59,433 | INFO | Q003019 | Success | 1 accepted (ID000378/Fake: 1/10)
2026-07-31 20:09:02,461 | INFO | Q003020 | No results passed trust/score/extension filters
2026-07-31 20:09:05,788 | INFO | Q003021 | No results passed trust/score/extension filters
2026-07-31 20:09:08,578 | INFO | Q003022 | No results passed trust/score/extension filters
2026-07-31 20:09:13,419 | INFO | Q003023 | Success | 1 accepted (ID000378/Fake: 2/10)
2026-07-31 20:09:16,797 | INFO | Q003024 | No results passed trust/score/extension filters
2026-07-31 20:09:19,848 | INFO | Q003025 | Success | 3 accepted (ID000379/Real: 3/10)
2026-07-31 20:09:22,813 | INFO | Q003026 | Success | 3 accepted (ID000379/Fake: 3/10)
2026-07-31 20:09:26,071 | INFO | Q003027 | Success | 3 accepted (ID000379/Fake: 6/10)
2026-07-31 20:09:29,203 | INFO | Q003028 | Success | 3 accepted (ID000379/Fake: 9/10)
2026-07-31 20:09:32,253 | INFO | Q003029 | Success | 3 accepted (ID000379/Fake: 12/10)
2026-07-31 20:09:33,755 | INFO | Q003030 | Skipped - ID000379/Fake target already met (12/10)
2026-07-31 20:09:33,756 | INFO | Q003031 | Skipped - ID000379/Fake target already met (12/10)
2026-07-31 20:09:33,756 | INFO | Q003032 | Skipped - ID000379/Fake target already met (12/10)
2026-07-31 20:09:35,551 | INFO | Q003033 | Success | 3 accepted (ID000380/Real: 3/10)
2026-07-31 20:09:38,697 | INFO | Q003034 | Success | 3 accepted (ID000380/Fake: 3/10)
2026-07-31 20:09:41,807 | INFO | Q003035 | Success | 3 accepted (ID000380/Fake: 6/10)
2026-07-31 20:09:46,821 | INFO | Q003036 | Success | 3 accepted (ID000380/Fake: 9/10)
2026-07-31 20:09:49,700 | INFO | Q003037 | Success | 3 accepted (ID000380/Fake: 12/10)
2026-07-31 20:09:51,203 | INFO | Q003038 | Skipped - ID000380/Fake target already met (12/10)
2026-07-31 20:09:51,204 | INFO | Q003039 | Skipped - ID000380/Fake target already met (12/10)
2026-07-31 20:09:51,205 | INFO | Q003040 | Skipped - ID000380/Fake target already met (12/10)
2026-07-31 20:09:53,307 | INFO | Q003041 | Success | 3 accepted (ID000381/Real: 3/10)
2026-07-31 20:09:56,727 | INFO | Q003042 | Success | 3 accepted (ID000381/Fake: 3/10)
2026-07-31 20:09:59,939 | INFO | Q003043 | Success | 3 accepted (ID000381/Fake: 6/10)
2026-07-31 20:10:02,971 | INFO | Q003044 | Success | 3 accepted (ID000381/Fake: 9/10)
2026-07-31 20:10:05,943 | INFO | Q003045 | Success | 3 accepted (ID000381/Fake: 12/10)
2026-07-31 20:10:07,447 | INFO | Q003046 | Skipped - ID000381/Fake target already met (12/10)
2026-07-31 20:10:07,448 | INFO | Q003047 | Skipped - ID000381/Fake target already met (12/10)
2026-07-31 20:10:07,449 | INFO | Q003048 | Skipped - ID000381/Fake target already met (12/10)
2026-07-31 20:10:09,286 | INFO | Q003049 | Success | 3 accepted (ID000382/Real: 3/10)
2026-07-31 20:10:12,483 | INFO | Q003050 | Success | 3 accepted (ID000382/Fake: 3/10)
2026-07-31 20:10:16,125 | INFO | Q003051 | Success | 3 accepted (ID000382/Fake: 6/10)
2026-07-31 20:10:20,942 | INFO | Q003052 | Success | 3 accepted (ID000382/Fake: 9/10)
2026-07-31 20:10:23,900 | INFO | Q003053 | Success | 3 accepted (ID000382/Fake: 12/10)
2026-07-31 20:10:25,402 | INFO | Q003054 | Skipped - ID000382/Fake target already met (12/10)
2026-07-31 20:10:25,403 | INFO | Q003055 | Skipped - ID000382/Fake target already met (12/10)
2026-07-31 20:10:25,404 | INFO | Q003056 | Skipped - ID000382/Fake target already met (12/10)
2026-07-31 20:10:27,188 | INFO | Q003057 | Success | 3 accepted (ID000383/Real: 3/10)
2026-07-31 20:10:30,130 | INFO | Q003058 | Success | 2 accepted (ID000383/Fake: 2/10)
2026-07-31 20:10:33,237 | INFO | Q003059 | Success | 2 accepted (ID000383/Fake: 4/10)
2026-07-31 20:10:36,448 | INFO | Q003060 | Success | 1 accepted (ID000383/Fake: 5/10)
2026-07-31 20:10:40,181 | INFO | Q003061 | Success | 2 accepted (ID000383/Fake: 7/10)
2026-07-31 20:10:43,247 | INFO | Q003062 | No results passed trust/score/extension filters
2026-07-31 20:10:46,364 | INFO | Q003063 | Success | 3 accepted (ID000383/Fake: 10/10)
2026-07-31 20:10:47,867 | INFO | Q003064 | Skipped - ID000383/Fake target already met (10/10)
2026-07-31 20:10:49,661 | INFO | Q003065 | Success | 3 accepted (ID000384/Real: 3/10)
2026-07-31 20:10:54,441 | INFO | Q003066 | Success | 3 accepted (ID000384/Fake: 3/10)
2026-07-31 20:11:00,159 | INFO | Q003067 | Success | 3 accepted (ID000384/Fake: 6/10)
2026-07-31 20:11:03,379 | INFO | Q003068 | Success | 3 accepted (ID000384/Fake: 9/10)
2026-07-31 20:11:06,871 | INFO | Q003069 | Success | 3 accepted (ID000384/Fake: 12/10)
2026-07-31 20:11:08,374 | INFO | Q003070 | Skipped - ID000384/Fake target already met (12/10)
2026-07-31 20:11:08,375 | INFO | Q003071 | Skipped - ID000384/Fake target already met (12/10)
2026-07-31 20:11:08,375 | INFO | Q003072 | Skipped - ID000384/Fake target already met (12/10)
2026-07-31 20:11:10,182 | INFO | Q003073 | Success | 3 accepted (ID000385/Real: 3/10)
2026-07-31 20:11:13,832 | INFO | Q003074 | Success | 3 accepted (ID000385/Fake: 3/10)
2026-07-31 20:11:16,756 | INFO | Q003075 | Success | 3 accepted (ID000385/Fake: 6/10)
2026-07-31 20:11:19,929 | INFO | Q003076 | Success | 3 accepted (ID000385/Fake: 9/10)
2026-07-31 20:11:23,029 | INFO | Q003077 | Success | 2 accepted (ID000385/Fake: 11/10)
2026-07-31 20:11:24,532 | INFO | Q003078 | Skipped - ID000385/Fake target already met (11/10)
2026-07-31 20:11:24,533 | INFO | Q003079 | Skipped - ID000385/Fake target already met (11/10)
2026-07-31 20:11:24,533 | INFO | Q003080 | Skipped - ID000385/Fake target already met (11/10)
2026-07-31 20:11:27,789 | INFO | Q003081 | Success | 3 accepted (ID000386/Real: 3/10)
2026-07-31 20:11:31,110 | INFO | Q003082 | Success | 3 accepted (ID000386/Fake: 3/10)
2026-07-31 20:11:33,947 | INFO | Q003083 | Success | 3 accepted (ID000386/Fake: 6/10)
2026-07-31 20:11:36,681 | INFO | Q003084 | Success | 3 accepted (ID000386/Fake: 9/10)
2026-07-31 20:11:39,400 | INFO | Q003085 | Success | 3 accepted (ID000386/Fake: 12/10)
2026-07-31 20:11:40,902 | INFO | Q003086 | Skipped - ID000386/Fake target already met (12/10)
2026-07-31 20:11:40,902 | INFO | Q003087 | Skipped - ID000386/Fake target already met (12/10)
2026-07-31 20:11:40,903 | INFO | Q003088 | Skipped - ID000386/Fake target already met (12/10)
2026-07-31 20:11:42,590 | INFO | Q003089 | Success | 3 accepted (ID000387/Real: 3/10)
2026-07-31 20:11:45,635 | INFO | Q003090 | Success | 3 accepted (ID000387/Fake: 3/10)
2026-07-31 20:11:48,714 | INFO | Q003091 | Success | 3 accepted (ID000387/Fake: 6/10)
2026-07-31 20:11:51,899 | INFO | Q003092 | Success | 3 accepted (ID000387/Fake: 9/10)
2026-07-31 20:11:55,015 | INFO | Q003093 | Success | 3 accepted (ID000387/Fake: 12/10)
2026-07-31 20:11:56,519 | INFO | Q003094 | Skipped - ID000387/Fake target already met (12/10)
2026-07-31 20:11:56,520 | INFO | Q003095 | Skipped - ID000387/Fake target already met (12/10)
2026-07-31 20:11:56,521 | INFO | Q003096 | Skipped - ID000387/Fake target already met (12/10)
2026-07-31 20:11:58,591 | INFO | Q003097 | Success | 3 accepted (ID000388/Real: 3/10)
2026-07-31 20:12:03,495 | INFO | Q003098 | Success | 3 accepted (ID000388/Fake: 3/10)
2026-07-31 20:12:06,407 | INFO | Q003099 | Success | 3 accepted (ID000388/Fake: 6/10)
2026-07-31 20:12:10,174 | INFO | Q003100 | Success | 3 accepted (ID000388/Fake: 9/10)
2026-07-31 20:12:13,563 | INFO | Q003101 | Success | 3 accepted (ID000388/Fake: 12/10)
2026-07-31 20:12:15,067 | INFO | Q003102 | Skipped - ID000388/Fake target already met (12/10)
2026-07-31 20:12:15,068 | INFO | Q003103 | Skipped - ID000388/Fake target already met (12/10)
2026-07-31 20:12:15,068 | INFO | Q003104 | Skipped - ID000388/Fake target already met (12/10)
2026-07-31 20:12:16,381 | INFO | Q003105 | Success | 3 accepted (ID000389/Real: 3/10)
2026-07-31 20:12:19,425 | INFO | Q003106 | Success | 3 accepted (ID000389/Fake: 3/10)
2026-07-31 20:12:23,053 | INFO | Q003107 | Success | 3 accepted (ID000389/Fake: 6/10)
2026-07-31 20:12:26,116 | INFO | Q003108 | Success | 3 accepted (ID000389/Fake: 9/10)
2026-07-31 20:12:29,073 | INFO | Q003109 | Success | 3 accepted (ID000389/Fake: 12/10)
2026-07-31 20:12:30,576 | INFO | Q003110 | Skipped - ID000389/Fake target already met (12/10)
2026-07-31 20:12:30,577 | INFO | Q003111 | Skipped - ID000389/Fake target already met (12/10)
2026-07-31 20:12:30,578 | INFO | Q003112 | Skipped - ID000389/Fake target already met (12/10)
2026-07-31 20:12:32,424 | INFO | Q003113 | Success | 3 accepted (ID000390/Real: 3/10)
2026-07-31 20:12:37,754 | INFO | Q003114 | No results passed trust/score/extension filters
2026-07-31 20:12:40,986 | INFO | Q003115 | Success | 3 accepted (ID000390/Fake: 3/10)
2026-07-31 20:12:43,976 | INFO | Q003116 | No results passed trust/score/extension filters
2026-07-31 20:12:46,911 | INFO | Q003117 | Success | 3 accepted (ID000390/Fake: 6/10)
2026-07-31 20:12:50,085 | INFO | Q003118 | No results passed trust/score/extension filters
2026-07-31 20:12:53,481 | INFO | Q003119 | No results passed trust/score/extension filters
2026-07-31 20:12:57,651 | INFO | Q003120 | Success | 3 accepted (ID000390/Fake: 9/10)
2026-07-31 20:13:00,702 | INFO | Q003121 | Success | 3 accepted (ID000391/Real: 3/10)
2026-07-31 20:13:02,775 | WARNING | Q003122 | HTTP 400 | {"message":"Not enough credits","statusCode":400}
2026-07-31 20:13:05,520 | INFO | Q003123 | Success | 3 accepted (ID000391/Fake: 3/10)
2026-07-31 20:13:07,577 | WARNING | Q003124 | HTTP 400 | {"message":"Not enough credits","statusCode":400}
2026-07-31 20:13:11,284 | WARNING | Q003125 | HTTP 400 | {"message":"Not enough credits","statusCode":400}
2026-07-31 20:13:13,326 | WARNING | Q003126 | HTTP 400 | {"message":"Not enough credits","statusCode":400}
2026-07-31 20:13:15,351 | WARNING | Q003127 | HTTP 400 | {"message":"Not enough credits","statusCode":400}
2026-07-31 20:13:17,390 | WARNING | Q003128 | HTTP 400 | {"message":"Not enough credits","statusCode":400}
2026-07-31 20:13:19,443 | WARNING | Q003129 | HTTP 400 | {"message":"Not enough credits","statusCode":400}
2026-07-31 20:13:21,891 | WARNING | Q003130 | HTTP 400 | {"message":"Not enough credits","statusCode":400}
2026-07-31 20:13:24,354 | WARNING | Q003131 | HTTP 400 | {"message":"Not enough credits","statusCode":400}
2026-07-31 20:13:26,394 | WARNING | Q003132 | HTTP 400 | {"message":"Not enough credits","statusCode":400}
2026-07-31 20:13:28,437 | WARNING | Q003133 | HTTP 400 | {"message":"Not enough credits","statusCode":400}
2026-07-31 20:13:30,888 | WARNING | Q003134 | HTTP 400 | {"message":"Not enough credits","statusCode":400}
2026-07-31 20:13:32,931 | WARNING | Q003135 | HTTP 400 | {"message":"Not enough credits","statusCode":400}
2026-07-31 20:13:35,015 | WARNING | Q003136 | HTTP 400 | {"message":"Not enough credits","statusCode":400}
2026-07-31 20:13:37,048 | WARNING | Q003137 | HTTP 400 | {"message":"Not enough credits","statusCode":400}
2026-07-31 20:13:39,090 | WARNING | Q003138 | HTTP 400 | {"message":"Not enough credits","statusCode":400}
2026-07-31 20:13:43,440 | WARNING | Q003139 | HTTP 400 | {"message":"Not enough credits","statusCode":400}
2026-07-31 20:13:45,489 | WARNING | Q003140 | HTTP 400 | {"message":"Not enough credits","statusCode":400}
2026-07-31 20:13:47,529 | WARNING | Q003141 | HTTP 400 | {"message":"Not enough credits","statusCode":400}
2026-07-31 20:13:49,580 | WARNING | Q003142 | HTTP 400 | {"message":"Not enough credits","statusCode":400}
2026-07-31 20:13:51,634 | WARNING | Q003143 | HTTP 400 | {"message":"Not enough credits","statusCode":400}
2026-07-31 20:13:53,678 | WARNING | Q003144 | HTTP 400 | {"message":"Not enough credits","statusCode":400}
2026-07-31 20:13:55,706 | WARNING | Q003145 | HTTP 400 | {"message":"Not enough credits","statusCode":400}
2026-07-31 20:13:57,739 | WARNING | Q003146 | HTTP 400 | {"message":"Not enough credits","statusCode":400}
2026-07-31 20:13:59,801 | WARNING | Q003147 | HTTP 400 | {"message":"Not enough credits","statusCode":400}
2026-07-31 20:14:01,833 | WARNING | Q003148 | HTTP 400 | {"message":"Not enough credits","statusCode":400}
2026-07-31 20:14:03,877 | WARNING | Q003149 | HTTP 400 | {"message":"Not enough credits","statusCode":400}
2026-07-31 20:14:05,925 | WARNING | Q003150 | HTTP 400 | {"message":"Not enough credits","statusCode":400}
2026-07-31 20:14:07,971 | WARNING | Q003151 | HTTP 400 | {"message":"Not enough credits","statusCode":400}
2026-07-31 20:14:10,036 | WARNING | Q003152 | HTTP 400 | {"message":"Not enough credits","statusCode":400}
2026-07-31 20:14:12,069 | WARNING | Q003153 | HTTP 400 | {"message":"Not enough credits","statusCode":400}
2026-07-31 20:14:14,126 | WARNING | Q003154 | HTTP 400 | {"message":"Not enough credits","statusCode":400}
2026-07-31 20:14:18,262 | WARNING | Q003155 | HTTP 400 | {"message":"Not enough credits","statusCode":400}
2026-07-31 20:14:20,301 | WARNING | Q003156 | HTTP 400 | {"message":"Not enough credits","statusCode":400}
2026-07-31 20:14:22,353 | WARNING | Q003157 | HTTP 400 | {"message":"Not enough credits","statusCode":400}
2026-07-31 20:14:24,832 | WARNING | Q003158 | HTTP 400 | {"message":"Not enough credits","statusCode":400}
2026-07-31 20:14:26,891 | WARNING | Q003159 | HTTP 400 | {"message":"Not enough credits","statusCode":400}
2026-07-31 20:14:28,944 | WARNING | Q003160 | HTTP 400 | {"message":"Not enough credits","statusCode":400}
2026-07-31 20:14:30,990 | WARNING | Q003161 | HTTP 400 | {"message":"Not enough credits","statusCode":400}
2026-07-31 20:14:33,038 | WARNING | Q003162 | HTTP 400 | {"message":"Not enough credits","statusCode":400}
2026-07-31 20:14:35,079 | WARNING | Q003163 | HTTP 400 | {"message":"Not enough credits","statusCode":400}
2026-07-31 20:14:37,110 | WARNING | Q003164 | HTTP 400 | {"message":"Not enough credits","statusCode":400}
2026-07-31 20:14:39,167 | WARNING | Q003165 | HTTP 400 | {"message":"Not enough credits","statusCode":400}
2026-07-31 20:14:41,213 | WARNING | Q003166 | HTTP 400 | {"message":"Not enough credits","statusCode":400}
2026-07-31 20:14:43,262 | WARNING | Q003167 | HTTP 400 | {"message":"Not enough credits","statusCode":400}
2026-07-31 20:14:45,319 | WARNING | Q003168 | HTTP 400 | {"message":"Not enough credits","statusCode":400}
2026-07-31 20:14:47,371 | WARNING | Q003169 | HTTP 400 | {"message":"Not enough credits","statusCode":400}
2026-07-31 20:14:49,437 | WARNING | Q003170 | HTTP 400 | {"message":"Not enough credits","statusCode":400}
2026-07-31 20:14:53,108 | WARNING | Q003171 | HTTP 400 | {"message":"Not enough credits","statusCode":400}
2026-07-31 20:14:55,146 | WARNING | Q003172 | HTTP 400 | {"message":"Not enough credits","statusCode":400}
2026-07-31 20:14:57,184 | WARNING | Q003173 | HTTP 400 | {"message":"Not enough credits","statusCode":400}
2026-07-31 20:14:59,220 | WARNING | Q003174 | HTTP 400 | {"message":"Not enough credits","statusCode":400}
2026-07-31 20:15:01,268 | WARNING | Q003175 | HTTP 400 | {"message":"Not enough credits","statusCode":400}
2026-07-31 20:15:03,324 | WARNING | Q003176 | HTTP 400 | {"message":"Not enough credits","statusCode":400}
2026-07-31 20:15:05,388 | WARNING | Q003177 | HTTP 400 | {"message":"Not enough credits","statusCode":400}
2026-07-31 20:15:07,437 | WARNING | Q003178 | HTTP 400 | {"message":"Not enough credits","statusCode":400}
2026-07-31 20:15:09,482 | WARNING | Q003179 | HTTP 400 | {"message":"Not enough credits","statusCode":400}
2026-07-31 20:15:11,510 | WARNING | Q003180 | HTTP 400 | {"message":"Not enough credits","statusCode":400}
2026-07-31 20:15:13,543 | WARNING | Q003181 | HTTP 400 | {"message":"Not enough credits","statusCode":400}
2026-07-31 20:15:15,601 | WARNING | Q003182 | HTTP 400 | {"message":"Not enough credits","statusCode":400}
2026-07-31 20:15:17,663 | WARNING | Q003183 | HTTP 400 | {"message":"Not enough credits","statusCode":400}
2026-07-31 20:15:19,721 | WARNING | Q003184 | HTTP 400 | {"message":"Not enough credits","statusCode":400}
2026-07-31 20:15:21,225 | INFO | ============================================================
2026-07-31 20:15:21,225 | INFO | STEP 3 RUN COMPLETE
2026-07-31 20:15:21,225 | INFO | Success         : 813
2026-07-31 20:15:21,226 | INFO | No results      : 288
2026-07-31 20:15:21,226 | INFO | Skipped (target): 279
2026-07-31 20:15:21,226 | INFO | Blocked (syntax): 0 (terminal, will NOT retry)
2026-07-31 20:15:21,247 | INFO | Errors          : 63 (will retry next run)
2026-07-31 20:15:21,247 | INFO | Remaining       : 63
2026-07-31 20:15:21,247 | INFO | ============================================================
2026-07-31 20:15:21,326 | INFO | Identity report: 385/391 identities PAIRED -> /home/amna/Real-vs-Fake/Data/Candidates/identity_pairing_report.csv
2026-07-31 20:51:30,734 | INFO | ============================================================
2026-07-31 20:51:30,756 | INFO | STEP 3 START (Serper.dev Image Search)
2026-07-31 20:51:30,756 | INFO | Total queries        : 3184
2026-07-31 20:51:30,756 | INFO | Already completed    : 3121
2026-07-31 20:51:30,756 | INFO | Remaining pending    : 63
2026-07-31 20:51:30,756 | INFO | Queries this run     : 63
2026-07-31 20:51:30,756 | INFO | Real target/identity : 10
2026-07-31 20:51:30,756 | INFO | Fake target/identity : 10
2026-07-31 20:51:30,756 | INFO | Fake score threshold : 3.0
2026-07-31 20:51:30,756 | INFO | ============================================================
2026-07-31 20:51:30,993 | INFO | Q002219 | Skipped - ID000278/Fake target already met (11/10)
2026-07-31 20:51:32,832 | INFO | Q003122 | Success | 2 accepted (ID000391/Fake: 5/10)
2026-07-31 20:51:36,075 | INFO | Q003124 | Success | 1 accepted (ID000391/Fake: 6/10)
2026-07-31 20:51:39,030 | INFO | Q003125 | Success | 3 accepted (ID000391/Fake: 9/10)
2026-07-31 20:51:42,092 | INFO | Q003126 | No results passed trust/score/extension filters
2026-07-31 20:51:45,264 | INFO | Q003127 | No results passed trust/score/extension filters
2026-07-31 20:51:48,297 | INFO | Q003128 | Success | 2 accepted (ID000391/Fake: 11/10)
2026-07-31 20:51:51,327 | INFO | Q003129 | Success | 3 accepted (ID000392/Real: 3/10)
2026-07-31 20:51:54,656 | INFO | Q003130 | Success | 3 accepted (ID000392/Fake: 3/10)
2026-07-31 20:51:57,667 | INFO | Q003131 | Success | 3 accepted (ID000392/Fake: 6/10)
2026-07-31 20:52:02,982 | INFO | Q003132 | Success | 3 accepted (ID000392/Fake: 9/10)
2026-07-31 20:52:05,979 | INFO | Q003133 | Success | 3 accepted (ID000392/Fake: 12/10)
2026-07-31 20:52:07,482 | INFO | Q003134 | Skipped - ID000392/Fake target already met (12/10)
2026-07-31 20:52:07,483 | INFO | Q003135 | Skipped - ID000392/Fake target already met (12/10)
2026-07-31 20:52:07,484 | INFO | Q003136 | Skipped - ID000392/Fake target already met (12/10)
2026-07-31 20:52:09,018 | INFO | Q003137 | Success | 3 accepted (ID000393/Real: 3/10)
2026-07-31 20:52:12,317 | INFO | Q003138 | No results passed trust/score/extension filters
2026-07-31 20:52:15,649 | INFO | Q003139 | No results passed trust/score/extension filters
2026-07-31 20:52:18,805 | INFO | Q003140 | No results passed trust/score/extension filters
2026-07-31 20:52:21,843 | INFO | Q003141 | No results passed trust/score/extension filters
2026-07-31 20:52:24,925 | INFO | Q003142 | No results passed trust/score/extension filters
2026-07-31 20:52:28,225 | INFO | Q003143 | No results passed trust/score/extension filters
2026-07-31 20:52:31,417 | INFO | Q003144 | No results passed trust/score/extension filters
2026-07-31 20:52:36,550 | INFO | Q003145 | Success | 3 accepted (ID000394/Real: 3/10)
2026-07-31 20:52:39,636 | INFO | Q003146 | Success | 3 accepted (ID000394/Fake: 3/10)
2026-07-31 20:52:42,911 | INFO | Q003147 | Success | 3 accepted (ID000394/Fake: 6/10)
2026-07-31 20:52:46,173 | INFO | Q003148 | Success | 3 accepted (ID000394/Fake: 9/10)
2026-07-31 20:52:49,078 | INFO | Q003149 | Success | 3 accepted (ID000394/Fake: 12/10)
2026-07-31 20:52:50,580 | INFO | Q003150 | Skipped - ID000394/Fake target already met (12/10)
2026-07-31 20:52:50,580 | INFO | Q003151 | Skipped - ID000394/Fake target already met (12/10)
2026-07-31 20:52:50,581 | INFO | Q003152 | Skipped - ID000394/Fake target already met (12/10)
2026-07-31 20:52:52,113 | INFO | Q003153 | Success | 3 accepted (ID000395/Real: 3/10)
2026-07-31 20:52:55,077 | INFO | Q003154 | Success | 3 accepted (ID000395/Fake: 3/10)
2026-07-31 20:52:58,093 | INFO | Q003155 | Success | 3 accepted (ID000395/Fake: 6/10)
2026-07-31 20:53:01,126 | INFO | Q003156 | Success | 3 accepted (ID000395/Fake: 9/10)
2026-07-31 20:53:04,416 | INFO | Q003157 | Success | 3 accepted (ID000395/Fake: 12/10)
2026-07-31 20:53:05,918 | INFO | Q003158 | Skipped - ID000395/Fake target already met (12/10)
2026-07-31 20:53:05,919 | INFO | Q003159 | Skipped - ID000395/Fake target already met (12/10)
2026-07-31 20:53:05,919 | INFO | Q003160 | Skipped - ID000395/Fake target already met (12/10)
2026-07-31 20:53:07,678 | INFO | Q003161 | Success | 3 accepted (ID000396/Real: 3/10)
2026-07-31 20:53:12,874 | INFO | Q003162 | Success | 3 accepted (ID000396/Fake: 3/10)
2026-07-31 20:53:15,924 | INFO | Q003163 | Success | 3 accepted (ID000396/Fake: 6/10)
2026-07-31 20:53:19,081 | INFO | Q003164 | Success | 3 accepted (ID000396/Fake: 9/10)
2026-07-31 20:53:22,209 | INFO | Q003165 | Success | 3 accepted (ID000396/Fake: 12/10)
2026-07-31 20:53:23,713 | INFO | Q003166 | Skipped - ID000396/Fake target already met (12/10)
2026-07-31 20:53:23,714 | INFO | Q003167 | Skipped - ID000396/Fake target already met (12/10)
2026-07-31 20:53:23,714 | INFO | Q003168 | Skipped - ID000396/Fake target already met (12/10)
2026-07-31 20:53:25,882 | INFO | Q003169 | Success | 3 accepted (ID000397/Real: 3/10)
2026-07-31 20:53:29,050 | INFO | Q003170 | No results passed trust/score/extension filters
2026-07-31 20:53:36,034 | INFO | Q003171 | Success | 2 accepted (ID000397/Fake: 2/10)
2026-07-31 20:53:39,215 | INFO | Q003172 | No results passed trust/score/extension filters
2026-07-31 20:53:42,268 | INFO | Q003173 | Success | 1 accepted (ID000397/Fake: 3/10)
2026-07-31 20:53:45,331 | INFO | Q003174 | No results passed trust/score/extension filters
2026-07-31 20:53:48,547 | INFO | Q003175 | Success | 1 accepted (ID000397/Fake: 4/10)
2026-07-31 20:53:51,704 | INFO | Q003176 | No results passed trust/score/extension filters
2026-07-31 20:53:54,735 | INFO | Q003177 | Success | 3 accepted (ID000398/Real: 3/10)
2026-07-31 20:53:57,983 | INFO | Q003178 | No results passed trust/score/extension filters
2026-07-31 20:54:04,372 | INFO | Q003179 | Success | 2 accepted (ID000398/Fake: 2/10)
2026-07-31 20:54:07,333 | INFO | Q003180 | No results passed trust/score/extension filters
2026-07-31 20:54:10,361 | INFO | Q003181 | Success | 3 accepted (ID000398/Fake: 5/10)
2026-07-31 20:54:13,641 | INFO | Q003182 | No results passed trust/score/extension filters
2026-07-31 20:54:16,514 | INFO | Q003183 | Success | 1 accepted (ID000398/Fake: 6/10)
2026-07-31 20:54:19,385 | INFO | Q003184 | No results passed trust/score/extension filters
2026-07-31 20:54:20,889 | INFO | ============================================================
2026-07-31 20:54:20,889 | INFO | STEP 3 RUN COMPLETE
2026-07-31 20:54:20,890 | INFO | Success         : 33
2026-07-31 20:54:20,890 | INFO | No results      : 17
2026-07-31 20:54:20,890 | INFO | Skipped (target): 13
2026-07-31 20:54:20,890 | INFO | Blocked (syntax): 0 (terminal, will NOT retry)
2026-07-31 20:54:20,890 | INFO | Errors          : 0 (will retry next run)
2026-07-31 20:54:20,891 | INFO | Remaining       : 0
2026-07-31 20:54:20,891 | INFO | ============================================================
2026-07-31 20:54:21,315 | INFO | Identity report: 391/398 identities PAIRED -> /home/amna/Real-vs-Fake/Data/Candidates/identity_pairing_report.csv
