2026-07-31 15:26:57,714 | INFO | Computed 39 PAIRED identities directly from candidate_urls.csv
2026-07-31 15:26:57,741 | INFO | ID000012 | Skipped -- no Real/Fake pair (Real-only or Fake-only)
2026-07-31 15:26:57,742 | INFO | ID000031 | Skipped -- no Real/Fake pair (Real-only or Fake-only)
2026-07-31 15:26:57,743 | INFO | ID000033 | Skipped -- no Real/Fake pair (Real-only or Fake-only)
2026-07-31 15:26:57,744 | INFO | ID000036 | Skipped -- no Real/Fake pair (Real-only or Fake-only)
2026-07-31 15:26:57,744 | INFO | ID000041 | Skipped -- no Real/Fake pair (Real-only or Fake-only)
2026-07-31 15:26:57,745 | INFO | ID000046 | Skipped -- no Real/Fake pair (Real-only or Fake-only)
2026-07-31 15:26:57,745 | INFO | ID000047 | Skipped -- no Real/Fake pair (Real-only or Fake-only)
2026-07-31 15:26:57,766 | INFO | ============================================================
2026-07-31 15:26:57,766 | INFO | STEP 4 START (Image Download, paired identities only)
2026-07-31 15:26:57,767 | INFO | Paired identities          : 39
2026-07-31 15:26:57,767 | INFO | Unpaired identities skipped: 7
2026-07-31 15:26:57,767 | INFO | Total identity/type groups : 119
2026-07-31 15:26:57,767 | INFO | Already completed          : 7
2026-07-31 15:26:57,767 | INFO | Remaining pending          : 119
2026-07-31 15:26:57,767 | INFO | Groups this run            : 119
2026-07-31 15:26:57,767 | INFO | ============================================================
2026-07-31 15:27:01,245 | INFO | Q000001 | ID000001 | Real | Saved rank 1 -> /home/amna/Real-vs-Fake/Data/Images/ID000001_Aaron-Judge/Real/01.jpg (1/10)
2026-07-31 15:27:01,245 | INFO | Q000001 | ID000001 | Real | Partial -- only 1/10 found among 1 candidates
2026-07-31 15:27:03,055 | INFO | Q000002 | ID000001 | Fake | Saved rank 2 -> /home/amna/Real-vs-Fake/Data/Images/ID000001_Aaron-Judge/Fake/01.jpg (1/10)
2026-07-31 15:27:03,055 | INFO | Q000002 | ID000001 | Fake | Partial -- only 1/10 found among 1 candidates
2026-07-31 15:27:04,828 | INFO | Q000003 | ID000001 | Fake | Saved rank 26 -> /home/amna/Real-vs-Fake/Data/Images/ID000001_Aaron-Judge/Fake/02.png (2/10)
2026-07-31 15:27:08,016 | INFO | Q000003 | ID000001 | Fake | Saved rank 48 -> /home/amna/Real-vs-Fake/Data/Images/ID000001_Aaron-Judge/Fake/03.jpg (3/10)
2026-07-31 15:27:08,016 | INFO | Q000003 | ID000001 | Fake | Partial -- only 3/10 found among 2 candidates
2026-07-31 15:27:09,478 | INFO | Q000009 | ID000002 | Real | Saved rank 4 -> /home/amna/Real-vs-Fake/Data/Images/ID000002_Abbie-Cornish/Real/01.jpg (1/10)
2026-07-31 15:27:09,478 | INFO | Q000009 | ID000002 | Real | Partial -- only 1/10 found among 1 candidates
2026-07-31 15:27:11,344 | INFO | Q000010 | ID000002 | Fake | Saved rank 1 -> /home/amna/Real-vs-Fake/Data/Images/ID000002_Abbie-Cornish/Fake/01.jpg (1/10)
2026-07-31 15:27:11,344 | INFO | Q000010 | ID000002 | Fake | Partial -- only 1/10 found among 1 candidates
2026-07-31 15:27:13,271 | INFO | Q000012 | ID000002 | Fake | Saved rank 3 -> /home/amna/Real-vs-Fake/Data/Images/ID000002_Abbie-Cornish/Fake/02.jpg (2/10)
2026-07-31 15:27:13,273 | INFO | Q000012 | ID000002 | Fake | Partial -- only 2/10 found among 1 candidates
2026-07-31 15:27:14,764 | INFO | Q000017 | ID000003 | Real | Saved rank 1 -> /home/amna/Real-vs-Fake/Data/Images/ID000003_Abdel-Fattah-el-Sisi/Real/01.jpg (1/10)
2026-07-31 15:27:14,764 | INFO | Q000017 | ID000003 | Real | Partial -- only 1/10 found among 1 candidates
2026-07-31 15:27:16,449 | INFO | Q000018 | ID000003 | Fake | Saved rank 1 -> /home/amna/Real-vs-Fake/Data/Images/ID000003_Abdel-Fattah-el-Sisi/Fake/01.jpg (1/10)
2026-07-31 15:27:16,449 | INFO | Q000018 | ID000003 | Fake | Partial -- only 1/10 found among 1 candidates
2026-07-31 15:27:18,055 | INFO | Q000022 | ID000003 | Fake | Saved rank 49 -> /home/amna/Real-vs-Fake/Data/Images/ID000003_Abdel-Fattah-el-Sisi/Fake/02.jpg (2/10)
2026-07-31 15:27:18,055 | INFO | Q000022 | ID000003 | Fake | Partial -- only 2/10 found among 1 candidates
2026-07-31 15:27:19,694 | INFO | Q000024 | ID000003 | Fake | Saved rank 39 -> /home/amna/Real-vs-Fake/Data/Images/ID000003_Abdel-Fattah-el-Sisi/Fake/03.jpg (3/10)
2026-07-31 15:27:19,694 | INFO | Q000024 | ID000003 | Fake | Partial -- only 3/10 found among 1 candidates
2026-07-31 15:27:25,593 | INFO | Q000025 | ID000004 | Real | Saved rank 1 -> /home/amna/Real-vs-Fake/Data/Images/ID000004_Abdulnasser-Bin-Kalban/Real/01.jpg (1/10)
2026-07-31 15:27:32,279 | INFO | Q000025 | ID000004 | Real | Saved rank 2 -> /home/amna/Real-vs-Fake/Data/Images/ID000004_Abdulnasser-Bin-Kalban/Real/02.jpg (2/10)
2026-07-31 15:27:34,418 | INFO | Q000025 | ID000004 | Real | Saved rank 3 -> /home/amna/Real-vs-Fake/Data/Images/ID000004_Abdulnasser-Bin-Kalban/Real/03.png (3/10)
2026-07-31 15:27:34,418 | INFO | Q000025 | ID000004 | Real | Partial -- only 3/10 found among 3 candidates
2026-07-31 15:27:35,772 | INFO | Q000031 | ID000004 | Fake | Saved rank 19 -> /home/amna/Real-vs-Fake/Data/Images/ID000004_Abdulnasser-Bin-Kalban/Fake/01.jpg (1/10)
2026-07-31 15:27:37,100 | INFO | Q000031 | ID000004 | Fake | Saved rank 27 -> /home/amna/Real-vs-Fake/Data/Images/ID000004_Abdulnasser-Bin-Kalban/Fake/02.jpg (2/10)
2026-07-31 15:27:37,144 | INFO | Q000031 | ID000004 | Fake | Partial -- only 2/10 found among 2 candidates
2026-07-31 15:27:38,924 | INFO | Q000033 | ID000005 | Real | Saved rank 1 -> /home/amna/Real-vs-Fake/Data/Images/ID000005_Adam-Sandler/Real/01.jpg (1/10)
2026-07-31 15:27:40,566 | INFO | Q000033 | ID000005 | Real | Saved rank 2 -> /home/amna/Real-vs-Fake/Data/Images/ID000005_Adam-Sandler/Real/02.jpg (2/10)
2026-07-31 15:27:40,566 | INFO | Q000033 | ID000005 | Real | Partial -- only 2/10 found among 2 candidates
2026-07-31 15:27:42,541 | INFO | Q000034 | ID000005 | Fake | Saved rank 1 -> /home/amna/Real-vs-Fake/Data/Images/ID000005_Adam-Sandler/Fake/01.jpg (1/10)
2026-07-31 15:27:44,211 | INFO | Q000034 | ID000005 | Fake | Saved rank 2 -> /home/amna/Real-vs-Fake/Data/Images/ID000005_Adam-Sandler/Fake/02.jpg (2/10)
2026-07-31 15:27:44,211 | INFO | Q000034 | ID000005 | Fake | Partial -- only 2/10 found among 2 candidates
2026-07-31 15:27:45,818 | INFO | Q000035 | ID000005 | Fake | Saved rank 1 -> /home/amna/Real-vs-Fake/Data/Images/ID000005_Adam-Sandler/Fake/03.jpg (3/10)
2026-07-31 15:27:45,818 | INFO | Q000035 | ID000005 | Fake | Partial -- only 3/10 found among 1 candidates
2026-07-31 15:27:47,109 | INFO | Q000037 | ID000005 | Fake | Saved rank 14 -> /home/amna/Real-vs-Fake/Data/Images/ID000005_Adam-Sandler/Fake/04.jpg (4/10)
2026-07-31 15:27:48,726 | INFO | Q000037 | ID000005 | Fake | Saved rank 46 -> /home/amna/Real-vs-Fake/Data/Images/ID000005_Adam-Sandler/Fake/05.jpg (5/10)
2026-07-31 15:27:48,726 | INFO | Q000037 | ID000005 | Fake | Partial -- only 5/10 found among 2 candidates
2026-07-31 15:27:50,482 | INFO | Q000041 | ID000006 | Real | Saved rank 1 -> /home/amna/Real-vs-Fake/Data/Images/ID000006_Agatha-moreira/Real/01.jpg (1/10)
2026-07-31 15:27:52,334 | INFO | Q000041 | ID000006 | Real | Saved rank 2 -> /home/amna/Real-vs-Fake/Data/Images/ID000006_Agatha-moreira/Real/02.jpg (2/10)
2026-07-31 15:27:54,279 | INFO | Q000041 | ID000006 | Real | Saved rank 6 -> /home/amna/Real-vs-Fake/Data/Images/ID000006_Agatha-moreira/Real/03.jpg (3/10)
2026-07-31 15:27:54,297 | INFO | Q000041 | ID000006 | Real | Partial -- only 3/10 found among 3 candidates
2026-07-31 15:27:55,463 | INFO | Q000043 | ID000006 | Fake | Saved rank 19 -> /home/amna/Real-vs-Fake/Data/Images/ID000006_Agatha-moreira/Fake/01.jpg (1/10)
2026-07-31 15:27:56,616 | INFO | Q000043 | ID000006 | Fake | Saved rank 42 -> /home/amna/Real-vs-Fake/Data/Images/ID000006_Agatha-moreira/Fake/02.jpg (2/10)
2026-07-31 15:27:56,616 | INFO | Q000043 | ID000006 | Fake | Partial -- only 2/10 found among 2 candidates
2026-07-31 15:27:58,174 | INFO | Q000057 | ID000008 | Real | Saved rank 1 -> /home/amna/Real-vs-Fake/Data/Images/ID000008_Aishwarya-Rai/Real/01.jpg (1/10)
2026-07-31 15:27:59,646 | INFO | Q000057 | ID000008 | Real | Saved rank 2 -> /home/amna/Real-vs-Fake/Data/Images/ID000008_Aishwarya-Rai/Real/02.jpg (2/10)
2026-07-31 15:27:59,646 | INFO | Q000057 | ID000008 | Real | Partial -- only 2/10 found among 2 candidates
2026-07-31 15:28:01,481 | INFO | Q000058 | ID000008 | Fake | Saved rank 2 -> /home/amna/Real-vs-Fake/Data/Images/ID000008_Aishwarya-Rai/Fake/01.jpg (1/10)
2026-07-31 15:28:03,386 | INFO | Q000058 | ID000008 | Fake | Saved rank 7 -> /home/amna/Real-vs-Fake/Data/Images/ID000008_Aishwarya-Rai/Fake/02.jpg (2/10)
2026-07-31 15:28:05,233 | INFO | Q000058 | ID000008 | Fake | Saved rank 44 -> /home/amna/Real-vs-Fake/Data/Images/ID000008_Aishwarya-Rai/Fake/03.jpg (3/10)
2026-07-31 15:28:05,233 | INFO | Q000058 | ID000008 | Fake | Partial -- only 3/10 found among 3 candidates
2026-07-31 15:28:06,669 | INFO | Q000065 | ID000009 | Real | Saved rank 2 -> /home/amna/Real-vs-Fake/Data/Images/ID000009_Albert-Eienstain/Real/01.jpg (1/10)
2026-07-31 15:28:08,480 | INFO | Q000065 | ID000009 | Real | Saved rank 3 -> /home/amna/Real-vs-Fake/Data/Images/ID000009_Albert-Eienstain/Real/02.jpg (2/10)
2026-07-31 15:28:08,480 | INFO | Q000065 | ID000009 | Real | Partial -- only 2/10 found among 2 candidates
2026-07-31 15:28:09,675 | INFO | Q000066 | ID000009 | Fake | Saved rank 2 -> /home/amna/Real-vs-Fake/Data/Images/ID000009_Albert-Eienstain/Fake/01.jpg (1/10)
2026-07-31 15:28:10,851 | INFO | Q000066 | ID000009 | Fake | Saved rank 3 -> /home/amna/Real-vs-Fake/Data/Images/ID000009_Albert-Eienstain/Fake/02.jpg (2/10)
2026-07-31 15:28:12,458 | INFO | Q000066 | ID000009 | Fake | Saved rank 43 -> /home/amna/Real-vs-Fake/Data/Images/ID000009_Albert-Eienstain/Fake/03.jpg (3/10)
2026-07-31 15:28:12,458 | INFO | Q000066 | ID000009 | Fake | Partial -- only 3/10 found among 3 candidates
2026-07-31 15:28:13,807 | INFO | Q000069 | ID000009 | Fake | Saved rank 2 -> /home/amna/Real-vs-Fake/Data/Images/ID000009_Albert-Eienstain/Fake/04.jpg (4/10)
2026-07-31 15:28:13,807 | INFO | Q000069 | ID000009 | Fake | Partial -- only 4/10 found among 1 candidates
2026-07-31 15:28:15,525 | INFO | Q000073 | ID000010 | Real | Saved rank 1 -> /home/amna/Real-vs-Fake/Data/Images/ID000010_Alec-Baldwin/Real/01.jpg (1/10)
2026-07-31 15:28:17,132 | INFO | Q000073 | ID000010 | Real | Saved rank 3 -> /home/amna/Real-vs-Fake/Data/Images/ID000010_Alec-Baldwin/Real/02.jpg (2/10)
2026-07-31 15:28:19,015 | INFO | Q000073 | ID000010 | Real | Saved rank 5 -> /home/amna/Real-vs-Fake/Data/Images/ID000010_Alec-Baldwin/Real/03.jpg (3/10)
2026-07-31 15:28:19,015 | INFO | Q000073 | ID000010 | Real | Partial -- only 3/10 found among 3 candidates
2026-07-31 15:28:21,030 | INFO | Q000075 | ID000010 | Fake | Saved rank 23 -> /home/amna/Real-vs-Fake/Data/Images/ID000010_Alec-Baldwin/Fake/01.jpg (1/10)
2026-07-31 15:28:21,030 | INFO | Q000075 | ID000010 | Fake | Partial -- only 1/10 found among 1 candidates
2026-07-31 15:28:22,522 | INFO | Q000076 | ID000010 | Fake | Saved rank 5 -> /home/amna/Real-vs-Fake/Data/Images/ID000010_Alec-Baldwin/Fake/02.jpg (2/10)
2026-07-31 15:28:22,538 | INFO | Q000076 | ID000010 | Fake | Partial -- only 2/10 found among 1 candidates
2026-07-31 15:28:24,002 | INFO | Q000081 | ID000011 | Real | Saved rank 4 -> /home/amna/Real-vs-Fake/Data/Images/ID000011_Alessandro/Real/01.jpg (1/10)
2026-07-31 15:28:24,003 | INFO | Q000081 | ID000011 | Real | Partial -- only 1/10 found among 1 candidates
2026-07-31 15:28:25,349 | INFO | Q000086 | ID000011 | Fake | Saved rank 12 -> /home/amna/Real-vs-Fake/Data/Images/ID000011_Alessandro/Fake/01.jpg (1/10)
2026-07-31 15:28:25,350 | INFO | Q000086 | ID000011 | Fake | Partial -- only 1/10 found among 1 candidates
2026-07-31 15:28:27,234 | INFO | Q000097 | ID000013 | Real | Saved rank 2 -> /home/amna/Real-vs-Fake/Data/Images/ID000013_Alexandria-Ocasio-Cortez/Real/01.jpg (1/10)
2026-07-31 15:28:28,904 | INFO | Q000097 | ID000013 | Real | Saved rank 4 -> /home/amna/Real-vs-Fake/Data/Images/ID000013_Alexandria-Ocasio-Cortez/Real/02.jpg (2/10)
2026-07-31 15:28:28,904 | INFO | Q000097 | ID000013 | Real | Partial -- only 2/10 found among 2 candidates
2026-07-31 15:28:30,787 | INFO | Q000098 | ID000013 | Fake | Saved rank 2 -> /home/amna/Real-vs-Fake/Data/Images/ID000013_Alexandria-Ocasio-Cortez/Fake/01.jpg (1/10)
2026-07-31 15:28:30,788 | INFO | Q000098 | ID000013 | Fake | Partial -- only 1/10 found among 1 candidates
2026-07-31 15:28:32,115 | INFO | Q000099 | ID000013 | Fake | Saved rank 2 -> /home/amna/Real-vs-Fake/Data/Images/ID000013_Alexandria-Ocasio-Cortez/Fake/02.jpg (2/10)
2026-07-31 15:28:38,438 | INFO | Q000099 | ID000013 | Fake | Saved rank 3 -> /home/amna/Real-vs-Fake/Data/Images/ID000013_Alexandria-Ocasio-Cortez/Fake/03.jpg (3/10)
2026-07-31 15:28:38,438 | INFO | Q000099 | ID000013 | Fake | Partial -- only 3/10 found among 2 candidates
2026-07-31 15:28:39,863 | INFO | Q000105 | ID000014 | Real | Saved rank 1 -> /home/amna/Real-vs-Fake/Data/Images/ID000014_Alia-Butt/Real/01.jpg (1/10)
2026-07-31 15:28:41,306 | INFO | Q000105 | ID000014 | Real | Saved rank 2 -> /home/amna/Real-vs-Fake/Data/Images/ID000014_Alia-Butt/Real/02.jpg (2/10)
2026-07-31 15:28:43,154 | INFO | Q000105 | ID000014 | Real | Saved rank 3 -> /home/amna/Real-vs-Fake/Data/Images/ID000014_Alia-Butt/Real/03.jpg (3/10)
2026-07-31 15:28:43,154 | INFO | Q000105 | ID000014 | Real | Partial -- only 3/10 found among 3 candidates
2026-07-31 15:28:44,682 | INFO | Q000107 | ID000014 | Fake | Saved rank 21 -> /home/amna/Real-vs-Fake/Data/Images/ID000014_Alia-Butt/Fake/01.jpg (1/10)
2026-07-31 15:28:44,682 | INFO | Q000107 | ID000014 | Fake | Partial -- only 1/10 found among 1 candidates
2026-07-31 15:28:46,374 | INFO | Q000108 | ID000014 | Fake | Saved rank 50 -> /home/amna/Real-vs-Fake/Data/Images/ID000014_Alia-Butt/Fake/02.jpg (2/10)
2026-07-31 15:28:46,374 | INFO | Q000108 | ID000014 | Fake | Partial -- only 2/10 found among 1 candidates
2026-07-31 15:28:47,957 | INFO | Q000109 | ID000014 | Fake | Saved rank 30 -> /home/amna/Real-vs-Fake/Data/Images/ID000014_Alia-Butt/Fake/03.jpg (3/10)
2026-07-31 15:28:47,958 | INFO | Q000109 | ID000014 | Fake | Partial -- only 3/10 found among 1 candidates
2026-07-31 15:28:49,644 | INFO | Q000113 | ID000015 | Real | Saved rank 10 -> /home/amna/Real-vs-Fake/Data/Images/ID000015_Alina-Amir/Real/01.jpg (1/10)
2026-07-31 15:28:51,438 | INFO | Q000113 | ID000015 | Real | Saved rank 13 -> /home/amna/Real-vs-Fake/Data/Images/ID000015_Alina-Amir/Real/02.jpg (2/10)
2026-07-31 15:28:51,442 | INFO | Q000113 | ID000015 | Real | Partial -- only 2/10 found among 2 candidates
2026-07-31 15:28:52,889 | INFO | Q000114 | ID000015 | Fake | Saved rank 20 -> /home/amna/Real-vs-Fake/Data/Images/ID000015_Alina-Amir/Fake/01.jpg (1/10)
2026-07-31 15:28:59,623 | INFO | Q000114 | ID000015 | Fake | Saved rank 50 -> /home/amna/Real-vs-Fake/Data/Images/ID000015_Alina-Amir/Fake/02.jpg (2/10)
2026-07-31 15:28:59,623 | INFO | Q000114 | ID000015 | Fake | Partial -- only 2/10 found among 2 candidates
2026-07-31 15:29:01,635 | INFO | Q000115 | ID000015 | Fake | Saved rank 47 -> /home/amna/Real-vs-Fake/Data/Images/ID000015_Alina-Amir/Fake/03.jpg (3/10)
2026-07-31 15:29:01,636 | INFO | Q000115 | ID000015 | Fake | Partial -- only 3/10 found among 1 candidates
2026-07-31 15:29:03,701 | INFO | Q000121 | ID000016 | Real | Saved rank 2 -> /home/amna/Real-vs-Fake/Data/Images/ID000016_Alix-Earle/Real/01.png (1/10)
2026-07-31 15:29:05,537 | INFO | Q000121 | ID000016 | Real | Saved rank 3 -> /home/amna/Real-vs-Fake/Data/Images/ID000016_Alix-Earle/Real/02.jpg (2/10)
2026-07-31 15:29:05,537 | INFO | Q000121 | ID000016 | Real | Partial -- only 2/10 found among 2 candidates
2026-07-31 15:29:07,178 | INFO | Q000123 | ID000016 | Fake | Saved rank 44 -> /home/amna/Real-vs-Fake/Data/Images/ID000016_Alix-Earle/Fake/01.png (1/10)
2026-07-31 15:29:07,178 | INFO | Q000123 | ID000016 | Fake | Partial -- only 1/10 found among 1 candidates
2026-07-31 15:29:08,957 | INFO | Q000129 | ID000017 | Real | Saved rank 1 -> /home/amna/Real-vs-Fake/Data/Images/ID000017_Amber-Heard/Real/01.jpg (1/10)
2026-07-31 15:29:08,961 | INFO | Q000129 | ID000017 | Real | Partial -- only 1/10 found among 1 candidates
2026-07-31 15:29:10,867 | INFO | Q000130 | ID000017 | Fake | Saved rank 4 -> /home/amna/Real-vs-Fake/Data/Images/ID000017_Amber-Heard/Fake/01.jpg (1/10)
2026-07-31 15:29:12,459 | INFO | Q000130 | ID000017 | Fake | Saved rank 28 -> /home/amna/Real-vs-Fake/Data/Images/ID000017_Amber-Heard/Fake/02.jpg (2/10)
2026-07-31 15:29:14,279 | INFO | Q000130 | ID000017 | Fake | Saved rank 35 -> /home/amna/Real-vs-Fake/Data/Images/ID000017_Amber-Heard/Fake/03.jpg (3/10)
2026-07-31 15:29:14,279 | INFO | Q000130 | ID000017 | Fake | Partial -- only 3/10 found among 3 candidates
2026-07-31 15:29:18,807 | INFO | Q000131 | ID000017 | Fake | Saved rank 37 -> /home/amna/Real-vs-Fake/Data/Images/ID000017_Amber-Heard/Fake/04.jpg (4/10)
2026-07-31 15:29:18,807 | INFO | Q000131 | ID000017 | Fake | Partial -- only 4/10 found among 1 candidates
2026-07-31 15:29:23,162 | INFO | Q000137 | ID000018 | Real | Saved rank 1 -> /home/amna/Real-vs-Fake/Data/Images/ID000018_Ana-de-Armas/Real/01.jpg (1/10)
2026-07-31 15:29:24,599 | INFO | Q000137 | ID000018 | Real | Saved rank 2 -> /home/amna/Real-vs-Fake/Data/Images/ID000018_Ana-de-Armas/Real/02.jpg (2/10)
2026-07-31 15:29:24,599 | INFO | Q000137 | ID000018 | Real | Partial -- only 2/10 found among 2 candidates
2026-07-31 15:29:26,210 | INFO | Q000138 | ID000018 | Fake | Saved rank 5 -> /home/amna/Real-vs-Fake/Data/Images/ID000018_Ana-de-Armas/Fake/01.jpg (1/10)
2026-07-31 15:29:27,747 | INFO | Q000138 | ID000018 | Fake | Saved rank 16 -> /home/amna/Real-vs-Fake/Data/Images/ID000018_Ana-de-Armas/Fake/02.jpg (2/10)
2026-07-31 15:29:29,396 | INFO | Q000138 | ID000018 | Fake | Saved rank 18 -> /home/amna/Real-vs-Fake/Data/Images/ID000018_Ana-de-Armas/Fake/03.jpg (3/10)
2026-07-31 15:29:29,396 | INFO | Q000138 | ID000018 | Fake | Partial -- only 3/10 found among 3 candidates
2026-07-31 15:29:31,795 | INFO | Q000139 | ID000018 | Fake | Saved rank 18 -> /home/amna/Real-vs-Fake/Data/Images/ID000018_Ana-de-Armas/Fake/04.jpg (4/10)
2026-07-31 15:29:33,532 | INFO | Q000139 | ID000018 | Fake | Saved rank 36 -> /home/amna/Real-vs-Fake/Data/Images/ID000018_Ana-de-Armas/Fake/05.jpg (5/10)
2026-07-31 15:29:33,532 | INFO | Q000139 | ID000018 | Fake | Partial -- only 5/10 found among 2 candidates
2026-07-31 15:29:35,071 | INFO | Q000140 | ID000018 | Fake | Saved rank 7 -> /home/amna/Real-vs-Fake/Data/Images/ID000018_Ana-de-Armas/Fake/06.jpg (6/10)
2026-07-31 15:29:35,072 | INFO | Q000140 | ID000018 | Fake | Partial -- only 6/10 found among 1 candidates
2026-07-31 15:29:36,896 | INFO | Q000141 | ID000018 | Fake | Saved rank 25 -> /home/amna/Real-vs-Fake/Data/Images/ID000018_Ana-de-Armas/Fake/07.jpg (7/10)
2026-07-31 15:29:36,898 | INFO | Q000141 | ID000018 | Fake | Partial -- only 7/10 found among 1 candidates
2026-07-31 15:29:46,701 | INFO | Q000145 | ID000019 | Real | Saved rank 1 -> /home/amna/Real-vs-Fake/Data/Images/ID000019_Andrea-Pirlo/Real/01.jpg (1/10)
2026-07-31 15:29:46,701 | INFO | Q000145 | ID000019 | Real | Partial -- only 1/10 found among 1 candidates
2026-07-31 15:29:48,665 | INFO | Q000147 | ID000019 | Fake | Saved rank 45 -> /home/amna/Real-vs-Fake/Data/Images/ID000019_Andrea-Pirlo/Fake/01.jpg (1/10)
2026-07-31 15:29:48,665 | INFO | Q000147 | ID000019 | Fake | Partial -- only 1/10 found among 1 candidates
2026-07-31 15:29:50,161 | INFO | Q000151 | ID000019 | Fake | Saved rank 2 -> /home/amna/Real-vs-Fake/Data/Images/ID000019_Andrea-Pirlo/Fake/02.jpg (2/10)
2026-07-31 15:29:50,162 | INFO | Q000151 | ID000019 | Fake | Partial -- only 2/10 found among 1 candidates
2026-07-31 15:29:51,689 | INFO | Q000153 | ID000020 | Real | Saved rank 1 -> /home/amna/Real-vs-Fake/Data/Images/ID000020_Andrew-Garfield/Real/01.jpg (1/10)
2026-07-31 15:29:53,207 | INFO | Q000153 | ID000020 | Real | Saved rank 2 -> /home/amna/Real-vs-Fake/Data/Images/ID000020_Andrew-Garfield/Real/02.jpg (2/10)
2026-07-31 15:29:53,207 | INFO | Q000153 | ID000020 | Real | Partial -- only 2/10 found among 2 candidates
2026-07-31 15:29:55,026 | INFO | Q000154 | ID000020 | Fake | Saved rank 16 -> /home/amna/Real-vs-Fake/Data/Images/ID000020_Andrew-Garfield/Fake/01.jpg (1/10)
2026-07-31 15:29:56,598 | INFO | Q000154 | ID000020 | Fake | Saved rank 27 -> /home/amna/Real-vs-Fake/Data/Images/ID000020_Andrew-Garfield/Fake/02.jpg (2/10)
2026-07-31 15:29:56,599 | INFO | Q000154 | ID000020 | Fake | Partial -- only 2/10 found among 2 candidates
2026-07-31 15:29:58,433 | INFO | Q000157 | ID000020 | Fake | Saved rank 27 -> /home/amna/Real-vs-Fake/Data/Images/ID000020_Andrew-Garfield/Fake/03.jpg (3/10)
2026-07-31 15:29:58,433 | INFO | Q000157 | ID000020 | Fake | Partial -- only 3/10 found among 1 candidates
2026-07-31 15:30:00,153 | INFO | Q000161 | ID000021 | Real | Saved rank 1 -> /home/amna/Real-vs-Fake/Data/Images/ID000021_Andy-Jassy/Real/01.jpg (1/10)
2026-07-31 15:30:05,749 | INFO | Q000161 | ID000021 | Real | Saved rank 3 -> /home/amna/Real-vs-Fake/Data/Images/ID000021_Andy-Jassy/Real/02.jpg (2/10)
2026-07-31 15:30:05,749 | INFO | Q000161 | ID000021 | Real | Partial -- only 2/10 found among 2 candidates
2026-07-31 15:30:07,303 | INFO | Q000168 | ID000021 | Fake | Saved rank 29 -> /home/amna/Real-vs-Fake/Data/Images/ID000021_Andy-Jassy/Fake/01.jpg (1/10)
2026-07-31 15:30:07,303 | INFO | Q000168 | ID000021 | Fake | Partial -- only 1/10 found among 1 candidates
2026-07-31 15:30:09,188 | INFO | Q000169 | ID000022 | Real | Saved rank 1 -> /home/amna/Real-vs-Fake/Data/Images/ID000022_Angelina-Jolie/Real/01.jpg (1/10)
2026-07-31 15:30:10,853 | INFO | Q000169 | ID000022 | Real | Saved rank 2 -> /home/amna/Real-vs-Fake/Data/Images/ID000022_Angelina-Jolie/Real/02.jpg (2/10)
2026-07-31 15:30:10,853 | INFO | Q000169 | ID000022 | Real | Partial -- only 2/10 found among 2 candidates
2026-07-31 15:30:12,884 | INFO | Q000170 | ID000022 | Fake | Saved rank 9 -> /home/amna/Real-vs-Fake/Data/Images/ID000022_Angelina-Jolie/Fake/01.jpg (1/10)
2026-07-31 15:30:14,713 | INFO | Q000170 | ID000022 | Fake | Saved rank 14 -> /home/amna/Real-vs-Fake/Data/Images/ID000022_Angelina-Jolie/Fake/02.jpg (2/10)
2026-07-31 15:30:16,071 | INFO | Q000170 | ID000022 | Fake | Saved rank 17 -> /home/amna/Real-vs-Fake/Data/Images/ID000022_Angelina-Jolie/Fake/03.jpg (3/10)
2026-07-31 15:30:16,072 | INFO | Q000170 | ID000022 | Fake | Partial -- only 3/10 found among 3 candidates
2026-07-31 15:30:18,074 | INFO | Q000172 | ID000022 | Fake | Saved rank 21 -> /home/amna/Real-vs-Fake/Data/Images/ID000022_Angelina-Jolie/Fake/04.jpg (4/10)
2026-07-31 15:30:19,641 | INFO | Q000172 | ID000022 | Fake | Saved rank 24 -> /home/amna/Real-vs-Fake/Data/Images/ID000022_Angelina-Jolie/Fake/05.jpg (5/10)
2026-07-31 15:30:19,642 | INFO | Q000172 | ID000022 | Fake | Partial -- only 5/10 found among 2 candidates
2026-07-31 15:30:21,195 | INFO | Q000177 | ID000023 | Real | Saved rank 2 -> /home/amna/Real-vs-Fake/Data/Images/ID000023_Anna-Faris/Real/01.jpg (1/10)
2026-07-31 15:30:21,196 | INFO | Q000177 | ID000023 | Real | Partial -- only 1/10 found among 1 candidates
2026-07-31 15:30:22,793 | INFO | Q000183 | ID000023 | Fake | Saved rank 1 -> /home/amna/Real-vs-Fake/Data/Images/ID000023_Anna-Faris/Fake/01.jpg (1/10)
2026-07-31 15:30:24,524 | INFO | Q000183 | ID000023 | Fake | Saved rank 15 -> /home/amna/Real-vs-Fake/Data/Images/ID000023_Anna-Faris/Fake/02.jpg (2/10)
2026-07-31 15:30:24,524 | INFO | Q000183 | ID000023 | Fake | Partial -- only 2/10 found among 2 candidates
2026-07-31 15:30:26,239 | INFO | Q000185 | ID000024 | Real | Saved rank 2 -> /home/amna/Real-vs-Fake/Data/Images/ID000024_Anna-Wintour/Real/01.jpg (1/10)
2026-07-31 15:30:28,711 | INFO | Q000185 | ID000024 | Real | Saved rank 3 -> /home/amna/Real-vs-Fake/Data/Images/ID000024_Anna-Wintour/Real/02.jpg (2/10)
2026-07-31 15:30:28,712 | INFO | Q000185 | ID000024 | Real | Partial -- only 2/10 found among 2 candidates
2026-07-31 15:30:29,874 | INFO | Q000190 | ID000024 | Fake | Saved rank 10 -> /home/amna/Real-vs-Fake/Data/Images/ID000024_Anna-Wintour/Fake/01.jpg (1/10)
2026-07-31 15:30:29,874 | INFO | Q000190 | ID000024 | Fake | Partial -- only 1/10 found among 1 candidates
2026-07-31 15:30:31,661 | INFO | Q000193 | ID000025 | Real | Saved rank 1 -> /home/amna/Real-vs-Fake/Data/Images/ID000025_Anthony-Hopkins/Real/01.jpg (1/10)
2026-07-31 15:30:33,158 | INFO | Q000193 | ID000025 | Real | Saved rank 2 -> /home/amna/Real-vs-Fake/Data/Images/ID000025_Anthony-Hopkins/Real/02.jpg (2/10)
2026-07-31 15:30:34,800 | INFO | Q000193 | ID000025 | Real | Saved rank 3 -> /home/amna/Real-vs-Fake/Data/Images/ID000025_Anthony-Hopkins/Real/03.jpg (3/10)
2026-07-31 15:30:34,800 | INFO | Q000193 | ID000025 | Real | Partial -- only 3/10 found among 3 candidates
2026-07-31 15:30:35,972 | INFO | Q000194 | ID000025 | Fake | Saved rank 2 -> /home/amna/Real-vs-Fake/Data/Images/ID000025_Anthony-Hopkins/Fake/01.jpg (1/10)
2026-07-31 15:30:37,692 | INFO | Q000194 | ID000025 | Fake | Saved rank 3 -> /home/amna/Real-vs-Fake/Data/Images/ID000025_Anthony-Hopkins/Fake/02.jpg (2/10)
2026-07-31 15:30:39,273 | INFO | Q000194 | ID000025 | Fake | Saved rank 12 -> /home/amna/Real-vs-Fake/Data/Images/ID000025_Anthony-Hopkins/Fake/03.jpg (3/10)
2026-07-31 15:30:39,273 | INFO | Q000194 | ID000025 | Fake | Partial -- only 3/10 found among 3 candidates
2026-07-31 15:30:40,641 | INFO | Q000195 | ID000025 | Fake | Saved rank 27 -> /home/amna/Real-vs-Fake/Data/Images/ID000025_Anthony-Hopkins/Fake/04.jpg (4/10)
2026-07-31 15:30:40,642 | INFO | Q000195 | ID000025 | Fake | Partial -- only 4/10 found among 1 candidates
2026-07-31 15:30:42,319 | INFO | Q000196 | ID000025 | Fake | Saved rank 6 -> /home/amna/Real-vs-Fake/Data/Images/ID000025_Anthony-Hopkins/Fake/05.jpg (5/10)
2026-07-31 15:30:43,998 | INFO | Q000196 | ID000025 | Fake | Saved rank 11 -> /home/amna/Real-vs-Fake/Data/Images/ID000025_Anthony-Hopkins/Fake/06.jpg (6/10)
2026-07-31 15:30:43,998 | INFO | Q000196 | ID000025 | Fake | Partial -- only 6/10 found among 2 candidates
2026-07-31 15:30:45,390 | INFO | Q000197 | ID000025 | Fake | Saved rank 29 -> /home/amna/Real-vs-Fake/Data/Images/ID000025_Anthony-Hopkins/Fake/07.jpg (7/10)
2026-07-31 15:30:46,744 | INFO | Q000197 | ID000025 | Fake | Saved rank 31 -> /home/amna/Real-vs-Fake/Data/Images/ID000025_Anthony-Hopkins/Fake/08.jpg (8/10)
2026-07-31 15:30:46,744 | INFO | Q000197 | ID000025 | Fake | Partial -- only 8/10 found among 2 candidates
2026-07-31 15:30:48,970 | INFO | Q000201 | ID000026 | Real | Saved rank 1 -> /home/amna/Real-vs-Fake/Data/Images/ID000026_Anthony-Edwards/Real/01.png (1/10)
2026-07-31 15:30:50,425 | INFO | Q000201 | ID000026 | Real | Saved rank 2 -> /home/amna/Real-vs-Fake/Data/Images/ID000026_Anthony-Edwards/Real/02.jpg (2/10)
2026-07-31 15:30:51,745 | INFO | Q000201 | ID000026 | Real | rank 3 failed (http_429), trying next candidate
2026-07-31 15:30:51,745 | INFO | Q000201 | ID000026 | Real | Partial -- only 2/10 found among 3 candidates
2026-07-31 15:30:53,333 | INFO | Q000207 | ID000026 | Fake | Saved rank 2 -> /home/amna/Real-vs-Fake/Data/Images/ID000026_Anthony-Edwards/Fake/01.jpg (1/10)
2026-07-31 15:30:55,864 | INFO | Q000207 | ID000026 | Fake | Saved rank 5 -> /home/amna/Real-vs-Fake/Data/Images/ID000026_Anthony-Edwards/Fake/02.jpg (2/10)
2026-07-31 15:30:55,864 | INFO | Q000207 | ID000026 | Fake | Partial -- only 2/10 found among 2 candidates
2026-07-31 15:30:57,265 | INFO | Q000209 | ID000027 | Real | Saved rank 1 -> /home/amna/Real-vs-Fake/Data/Images/ID000027_Antoine-Griezmann/Real/01.jpg (1/10)
2026-07-31 15:30:58,971 | INFO | Q000209 | ID000027 | Real | Saved rank 2 -> /home/amna/Real-vs-Fake/Data/Images/ID000027_Antoine-Griezmann/Real/02.png (2/10)
2026-07-31 15:31:00,723 | INFO | Q000209 | ID000027 | Real | Saved rank 3 -> /home/amna/Real-vs-Fake/Data/Images/ID000027_Antoine-Griezmann/Real/03.jpg (3/10)
2026-07-31 15:31:00,723 | INFO | Q000209 | ID000027 | Real | Partial -- only 3/10 found among 3 candidates
2026-07-31 15:31:02,508 | INFO | Q000212 | ID000027 | Fake | Saved rank 4 -> /home/amna/Real-vs-Fake/Data/Images/ID000027_Antoine-Griezmann/Fake/01.jpg (1/10)
2026-07-31 15:31:02,509 | INFO | Q000212 | ID000027 | Fake | Partial -- only 1/10 found among 1 candidates
2026-07-31 15:31:04,201 | INFO | Q000215 | ID000027 | Fake | Saved rank 50 -> /home/amna/Real-vs-Fake/Data/Images/ID000027_Antoine-Griezmann/Fake/02.jpg (2/10)
2026-07-31 15:31:04,201 | INFO | Q000215 | ID000027 | Fake | Partial -- only 2/10 found among 1 candidates
2026-07-31 15:31:05,873 | INFO | Q000216 | ID000027 | Fake | Saved rank 50 -> /home/amna/Real-vs-Fake/Data/Images/ID000027_Antoine-Griezmann/Fake/03.jpg (3/10)
2026-07-31 15:31:05,874 | INFO | Q000216 | ID000027 | Fake | Partial -- only 3/10 found among 1 candidates
2026-07-31 15:31:08,045 | INFO | Q000217 | ID000028 | Real | Saved rank 1 -> /home/amna/Real-vs-Fake/Data/Images/ID000028_Antonio-Banderas/Real/01.jpg (1/10)
2026-07-31 15:31:09,412 | INFO | Q000217 | ID000028 | Real | Saved rank 4 -> /home/amna/Real-vs-Fake/Data/Images/ID000028_Antonio-Banderas/Real/02.jpg (2/10)
2026-07-31 15:31:09,412 | INFO | Q000217 | ID000028 | Real | Partial -- only 2/10 found among 2 candidates
2026-07-31 15:31:11,339 | INFO | Q000218 | ID000028 | Fake | Saved rank 1 -> /home/amna/Real-vs-Fake/Data/Images/ID000028_Antonio-Banderas/Fake/01.jpg (1/10)
2026-07-31 15:31:13,435 | INFO | Q000218 | ID000028 | Fake | Saved rank 2 -> /home/amna/Real-vs-Fake/Data/Images/ID000028_Antonio-Banderas/Fake/02.jpg (2/10)
2026-07-31 15:31:13,436 | INFO | Q000218 | ID000028 | Fake | Partial -- only 2/10 found among 2 candidates
2026-07-31 15:31:15,040 | INFO | Q000220 | ID000028 | Fake | Saved rank 3 -> /home/amna/Real-vs-Fake/Data/Images/ID000028_Antonio-Banderas/Fake/03.jpg (3/10)
2026-07-31 15:31:16,546 | INFO | Q000220 | ID000028 | Fake | Saved rank 10 -> /home/amna/Real-vs-Fake/Data/Images/ID000028_Antonio-Banderas/Fake/04.jpg (4/10)
2026-07-31 15:31:16,547 | INFO | Q000220 | ID000028 | Fake | Partial -- only 4/10 found among 2 candidates
2026-07-31 15:31:18,097 | INFO | Q000224 | ID000028 | Fake | Saved rank 2 -> /home/amna/Real-vs-Fake/Data/Images/ID000028_Antonio-Banderas/Fake/05.png (5/10)
2026-07-31 15:31:18,098 | INFO | Q000224 | ID000028 | Fake | Partial -- only 5/10 found among 1 candidates
2026-07-31 15:31:20,787 | INFO | Q000225 | ID000029 | Real | Saved rank 3 -> /home/amna/Real-vs-Fake/Data/Images/ID000029_Antonio-Guterres/Real/01.jpg (1/10)
2026-07-31 15:31:20,787 | INFO | Q000225 | ID000029 | Real | Partial -- only 1/10 found among 1 candidates
2026-07-31 15:31:22,363 | INFO | Q000226 | ID000029 | Fake | Saved rank 1 -> /home/amna/Real-vs-Fake/Data/Images/ID000029_Antonio-Guterres/Fake/01.jpg (1/10)
2026-07-31 15:31:22,363 | INFO | Q000226 | ID000029 | Fake | Partial -- only 1/10 found among 1 candidates
2026-07-31 15:31:24,172 | INFO | Q000227 | ID000029 | Fake | Saved rank 50 -> /home/amna/Real-vs-Fake/Data/Images/ID000029_Antonio-Guterres/Fake/02.jpg (2/10)
2026-07-31 15:31:24,172 | INFO | Q000227 | ID000029 | Fake | Partial -- only 2/10 found among 1 candidates
2026-07-31 15:31:30,127 | INFO | Q000229 | ID000029 | Fake | Saved rank 42 -> /home/amna/Real-vs-Fake/Data/Images/ID000029_Antonio-Guterres/Fake/03.jpg (3/10)
2026-07-31 15:31:30,128 | INFO | Q000229 | ID000029 | Fake | Partial -- only 3/10 found among 1 candidates
2026-07-31 15:31:37,288 | INFO | Q000232 | ID000029 | Fake | Saved rank 19 -> /home/amna/Real-vs-Fake/Data/Images/ID000029_Antonio-Guterres/Fake/04.png (4/10)
2026-07-31 15:31:37,289 | INFO | Q000232 | ID000029 | Fake | Partial -- only 4/10 found among 1 candidates
2026-07-31 15:31:38,915 | INFO | Q000233 | ID000030 | Real | Saved rank 1 -> /home/amna/Real-vs-Fake/Data/Images/ID000030_Antony/Real/01.jpg (1/10)
2026-07-31 15:31:40,020 | INFO | Q000233 | ID000030 | Real | Saved rank 2 -> /home/amna/Real-vs-Fake/Data/Images/ID000030_Antony/Real/02.jpg (2/10)
2026-07-31 15:31:40,023 | INFO | Q000233 | ID000030 | Real | Partial -- only 2/10 found among 2 candidates
2026-07-31 15:31:45,864 | INFO | Q000235 | ID000030 | Fake | Saved rank 5 -> /home/amna/Real-vs-Fake/Data/Images/ID000030_Antony/Fake/01.jpg (1/10)
2026-07-31 15:31:45,864 | INFO | Q000235 | ID000030 | Fake | Partial -- only 1/10 found among 1 candidates
2026-07-31 15:31:47,808 | INFO | Q000249 | ID000032 | Real | Saved rank 1 -> /home/amna/Real-vs-Fake/Data/Images/ID000032_Ashley-Judd/Real/01.jpg (1/10)
2026-07-31 15:31:49,339 | INFO | Q000249 | ID000032 | Real | Saved rank 3 -> /home/amna/Real-vs-Fake/Data/Images/ID000032_Ashley-Judd/Real/02.jpg (2/10)
2026-07-31 15:31:49,339 | INFO | Q000249 | ID000032 | Real | Partial -- only 2/10 found among 2 candidates
2026-07-31 15:31:51,170 | INFO | Q000252 | ID000032 | Fake | Saved rank 1 -> /home/amna/Real-vs-Fake/Data/Images/ID000032_Ashley-Judd/Fake/01.jpg (1/10)
2026-07-31 15:31:51,184 | INFO | Q000252 | ID000032 | Fake | Partial -- only 1/10 found among 1 candidates
2026-07-31 15:31:52,754 | INFO | Q000255 | ID000032 | Fake | Saved rank 22 -> /home/amna/Real-vs-Fake/Data/Images/ID000032_Ashley-Judd/Fake/02.jpg (2/10)
2026-07-31 15:31:54,781 | INFO | Q000255 | ID000032 | Fake | Saved rank 40 -> /home/amna/Real-vs-Fake/Data/Images/ID000032_Ashley-Judd/Fake/03.jpg (3/10)
2026-07-31 15:31:54,781 | INFO | Q000255 | ID000032 | Fake | Partial -- only 3/10 found among 2 candidates
2026-07-31 15:31:56,215 | INFO | Q000265 | ID000034 | Real | Saved rank 1 -> /home/amna/Real-vs-Fake/Data/Images/ID000034_Audrey-Hepburn/Real/01.jpg (1/10)
2026-07-31 15:31:57,715 | INFO | Q000265 | ID000034 | Real | Saved rank 2 -> /home/amna/Real-vs-Fake/Data/Images/ID000034_Audrey-Hepburn/Real/02.jpg (2/10)
2026-07-31 15:31:59,444 | INFO | Q000265 | ID000034 | Real | Saved rank 3 -> /home/amna/Real-vs-Fake/Data/Images/ID000034_Audrey-Hepburn/Real/03.jpg (3/10)
2026-07-31 15:31:59,444 | INFO | Q000265 | ID000034 | Real | Partial -- only 3/10 found among 3 candidates
2026-07-31 15:32:00,941 | INFO | Q000266 | ID000034 | Fake | Saved rank 2 -> /home/amna/Real-vs-Fake/Data/Images/ID000034_Audrey-Hepburn/Fake/01.jpg (1/10)
2026-07-31 15:32:02,079 | INFO | Q000266 | ID000034 | Fake | Saved rank 19 -> /home/amna/Real-vs-Fake/Data/Images/ID000034_Audrey-Hepburn/Fake/02.jpg (2/10)
2026-07-31 15:32:03,627 | INFO | Q000266 | ID000034 | Fake | Saved rank 25 -> /home/amna/Real-vs-Fake/Data/Images/ID000034_Audrey-Hepburn/Fake/03.jpg (3/10)
2026-07-31 15:32:03,628 | INFO | Q000266 | ID000034 | Fake | Partial -- only 3/10 found among 3 candidates
2026-07-31 15:32:05,167 | INFO | Q000267 | ID000034 | Fake | rank 6 failed (http_403), trying next candidate
2026-07-31 15:32:06,920 | INFO | Q000267 | ID000034 | Fake | Saved rank 43 -> /home/amna/Real-vs-Fake/Data/Images/ID000034_Audrey-Hepburn/Fake/04.jpg (4/10)
2026-07-31 15:32:06,924 | INFO | Q000267 | ID000034 | Fake | Partial -- only 4/10 found among 2 candidates
2026-07-31 15:32:08,779 | INFO | Q000273 | ID000035 | Real | Saved rank 1 -> /home/amna/Real-vs-Fake/Data/Images/ID000035_Audrey-Tautou/Real/01.jpg (1/10)
2026-07-31 15:32:10,221 | INFO | Q000273 | ID000035 | Real | Saved rank 3 -> /home/amna/Real-vs-Fake/Data/Images/ID000035_Audrey-Tautou/Real/02.jpg (2/10)
2026-07-31 15:32:10,221 | INFO | Q000273 | ID000035 | Real | Partial -- only 2/10 found among 2 candidates
2026-07-31 15:32:11,880 | INFO | Q000274 | ID000035 | Fake | Saved rank 1 -> /home/amna/Real-vs-Fake/Data/Images/ID000035_Audrey-Tautou/Fake/01.jpg (1/10)
2026-07-31 15:32:13,557 | INFO | Q000274 | ID000035 | Fake | Saved rank 10 -> /home/amna/Real-vs-Fake/Data/Images/ID000035_Audrey-Tautou/Fake/02.jpg (2/10)
2026-07-31 15:32:15,582 | INFO | Q000274 | ID000035 | Fake | Saved rank 37 -> /home/amna/Real-vs-Fake/Data/Images/ID000035_Audrey-Tautou/Fake/03.jpg (3/10)
2026-07-31 15:32:15,583 | INFO | Q000274 | ID000035 | Fake | Partial -- only 3/10 found among 3 candidates
2026-07-31 15:32:17,135 | INFO | Q000289 | ID000037 | Real | Saved rank 1 -> /home/amna/Real-vs-Fake/Data/Images/ID000037_Babar-Azam/Real/01.jpg (1/10)
2026-07-31 15:32:19,085 | INFO | Q000289 | ID000037 | Real | Saved rank 3 -> /home/amna/Real-vs-Fake/Data/Images/ID000037_Babar-Azam/Real/02.png (2/10)
2026-07-31 15:32:19,086 | INFO | Q000289 | ID000037 | Real | Partial -- only 2/10 found among 2 candidates
2026-07-31 15:32:20,761 | INFO | Q000290 | ID000037 | Fake | Saved rank 27 -> /home/amna/Real-vs-Fake/Data/Images/ID000037_Babar-Azam/Fake/01.jpg (1/10)
2026-07-31 15:32:22,831 | INFO | Q000290 | ID000037 | Fake | Saved rank 31 -> /home/amna/Real-vs-Fake/Data/Images/ID000037_Babar-Azam/Fake/02.jpg (2/10)
2026-07-31 15:32:22,831 | INFO | Q000290 | ID000037 | Fake | Partial -- only 2/10 found among 2 candidates
2026-07-31 15:32:24,576 | INFO | Q000291 | ID000037 | Fake | Saved rank 32 -> /home/amna/Real-vs-Fake/Data/Images/ID000037_Babar-Azam/Fake/03.jpg (3/10)
2026-07-31 15:32:24,576 | INFO | Q000291 | ID000037 | Fake | Partial -- only 3/10 found among 1 candidates
2026-07-31 15:32:26,350 | INFO | Q000297 | ID000038 | Real | Saved rank 1 -> /home/amna/Real-vs-Fake/Data/Images/ID000038_Barack-obamam/Real/01.jpg (1/10)
2026-07-31 15:32:28,240 | INFO | Q000297 | ID000038 | Real | Saved rank 3 -> /home/amna/Real-vs-Fake/Data/Images/ID000038_Barack-obamam/Real/02.jpg (2/10)
2026-07-31 15:32:30,033 | INFO | Q000297 | ID000038 | Real | Saved rank 4 -> /home/amna/Real-vs-Fake/Data/Images/ID000038_Barack-obamam/Real/03.jpg (3/10)
2026-07-31 15:32:30,033 | INFO | Q000297 | ID000038 | Real | Partial -- only 3/10 found among 3 candidates
2026-07-31 15:32:31,711 | INFO | Q000298 | ID000038 | Fake | Saved rank 47 -> /home/amna/Real-vs-Fake/Data/Images/ID000038_Barack-obamam/Fake/01.jpg (1/10)
2026-07-31 15:32:31,711 | INFO | Q000298 | ID000038 | Fake | Partial -- only 1/10 found among 1 candidates
2026-07-31 15:32:32,859 | INFO | Q000299 | ID000038 | Fake | Saved rank 23 -> /home/amna/Real-vs-Fake/Data/Images/ID000038_Barack-obamam/Fake/02.jpg (2/10)
2026-07-31 15:32:38,487 | INFO | Q000299 | ID000038 | Fake | Saved rank 24 -> /home/amna/Real-vs-Fake/Data/Images/ID000038_Barack-obamam/Fake/03.jpg (3/10)
2026-07-31 15:32:38,487 | INFO | Q000299 | ID000038 | Fake | Partial -- only 3/10 found among 2 candidates
2026-07-31 15:32:40,391 | INFO | Q000300 | ID000038 | Fake | Saved rank 4 -> /home/amna/Real-vs-Fake/Data/Images/ID000038_Barack-obamam/Fake/04.jpg (4/10)
2026-07-31 15:32:40,391 | INFO | Q000300 | ID000038 | Fake | Partial -- only 4/10 found among 1 candidates
2026-07-31 15:32:42,065 | INFO | Q000305 | ID000039 | Real | Saved rank 1 -> /home/amna/Real-vs-Fake/Data/Images/ID000039_Bashar-al-Assad/Real/01.jpg (1/10)
2026-07-31 15:32:44,051 | INFO | Q000305 | ID000039 | Real | Saved rank 3 -> /home/amna/Real-vs-Fake/Data/Images/ID000039_Bashar-al-Assad/Real/02.jpg (2/10)
2026-07-31 15:32:44,051 | INFO | Q000305 | ID000039 | Real | Partial -- only 2/10 found among 2 candidates
2026-07-31 15:32:45,913 | INFO | Q000306 | ID000039 | Fake | Saved rank 4 -> /home/amna/Real-vs-Fake/Data/Images/ID000039_Bashar-al-Assad/Fake/01.jpg (1/10)
2026-07-31 15:32:47,751 | INFO | Q000306 | ID000039 | Fake | Saved rank 5 -> /home/amna/Real-vs-Fake/Data/Images/ID000039_Bashar-al-Assad/Fake/02.jpg (2/10)
2026-07-31 15:32:49,292 | INFO | Q000306 | ID000039 | Fake | Saved rank 7 -> /home/amna/Real-vs-Fake/Data/Images/ID000039_Bashar-al-Assad/Fake/03.jpg (3/10)
2026-07-31 15:32:49,292 | INFO | Q000306 | ID000039 | Fake | Partial -- only 3/10 found among 3 candidates
2026-07-31 15:32:50,852 | INFO | Q000313 | ID000040 | Real | Saved rank 2 -> /home/amna/Real-vs-Fake/Data/Images/ID000040_Ben-Affleck/Real/01.jpg (1/10)
2026-07-31 15:32:50,872 | INFO | Q000313 | ID000040 | Real | Partial -- only 1/10 found among 1 candidates
2026-07-31 15:32:52,715 | INFO | Q000314 | ID000040 | Fake | Saved rank 1 -> /home/amna/Real-vs-Fake/Data/Images/ID000040_Ben-Affleck/Fake/01.jpg (1/10)
2026-07-31 15:32:54,338 | INFO | Q000314 | ID000040 | Fake | Saved rank 5 -> /home/amna/Real-vs-Fake/Data/Images/ID000040_Ben-Affleck/Fake/02.jpg (2/10)
2026-07-31 15:32:55,764 | INFO | Q000314 | ID000040 | Fake | Saved rank 8 -> /home/amna/Real-vs-Fake/Data/Images/ID000040_Ben-Affleck/Fake/03.jpg (3/10)
2026-07-31 15:32:55,764 | INFO | Q000314 | ID000040 | Fake | Partial -- only 3/10 found among 3 candidates
2026-07-31 15:32:57,193 | INFO | Q000315 | ID000040 | Fake | Saved rank 1 -> /home/amna/Real-vs-Fake/Data/Images/ID000040_Ben-Affleck/Fake/04.jpg (4/10)
2026-07-31 15:32:57,194 | INFO | Q000315 | ID000040 | Fake | Partial -- only 4/10 found among 1 candidates
2026-07-31 15:32:59,052 | INFO | Q000316 | ID000040 | Fake | Saved rank 34 -> /home/amna/Real-vs-Fake/Data/Images/ID000040_Ben-Affleck/Fake/05.jpg (5/10)
2026-07-31 15:32:59,052 | INFO | Q000316 | ID000040 | Fake | Partial -- only 5/10 found among 1 candidates
2026-07-31 15:33:00,907 | INFO | Q000317 | ID000040 | Fake | Saved rank 10 -> /home/amna/Real-vs-Fake/Data/Images/ID000040_Ben-Affleck/Fake/06.jpg (6/10)
2026-07-31 15:33:00,907 | INFO | Q000317 | ID000040 | Fake | Partial -- only 6/10 found among 1 candidates
2026-07-31 15:33:02,377 | INFO | Q000329 | ID000042 | Real | Saved rank 1 -> /home/amna/Real-vs-Fake/Data/Images/ID000042_Ben-Kingsley/Real/01.jpg (1/10)
2026-07-31 15:33:05,260 | INFO | Q000329 | ID000042 | Real | Saved rank 2 -> /home/amna/Real-vs-Fake/Data/Images/ID000042_Ben-Kingsley/Real/02.jpg (2/10)
2026-07-31 15:33:05,261 | INFO | Q000329 | ID000042 | Real | Partial -- only 2/10 found among 2 candidates
2026-07-31 15:33:08,841 | INFO | Q000332 | ID000042 | Fake | Saved rank 5 -> /home/amna/Real-vs-Fake/Data/Images/ID000042_Ben-Kingsley/Fake/01.jpg (1/10)
2026-07-31 15:33:08,841 | INFO | Q000332 | ID000042 | Fake | Partial -- only 1/10 found among 1 candidates
2026-07-31 15:33:10,420 | INFO | Q000335 | ID000042 | Fake | Saved rank 2 -> /home/amna/Real-vs-Fake/Data/Images/ID000042_Ben-Kingsley/Fake/02.jpg (2/10)
2026-07-31 15:33:10,420 | INFO | Q000335 | ID000042 | Fake | Partial -- only 2/10 found among 1 candidates
2026-07-31 15:33:12,538 | INFO | Q000337 | ID000043 | Real | Saved rank 1 -> /home/amna/Real-vs-Fake/Data/Images/ID000043_Benedict-Cumberbatch/Real/01.jpg (1/10)
2026-07-31 15:33:14,066 | INFO | Q000337 | ID000043 | Real | Saved rank 3 -> /home/amna/Real-vs-Fake/Data/Images/ID000043_Benedict-Cumberbatch/Real/02.jpg (2/10)
2026-07-31 15:33:14,067 | INFO | Q000337 | ID000043 | Real | Partial -- only 2/10 found among 2 candidates
2026-07-31 15:33:15,812 | INFO | Q000338 | ID000043 | Fake | Saved rank 13 -> /home/amna/Real-vs-Fake/Data/Images/ID000043_Benedict-Cumberbatch/Fake/01.jpg (1/10)
2026-07-31 15:33:15,813 | INFO | Q000338 | ID000043 | Fake | Partial -- only 1/10 found among 1 candidates
2026-07-31 15:33:17,173 | INFO | Q000339 | ID000043 | Fake | Saved rank 1 -> /home/amna/Real-vs-Fake/Data/Images/ID000043_Benedict-Cumberbatch/Fake/02.jpg (2/10)
2026-07-31 15:33:18,568 | INFO | Q000339 | ID000043 | Fake | Saved rank 4 -> /home/amna/Real-vs-Fake/Data/Images/ID000043_Benedict-Cumberbatch/Fake/03.jpg (3/10)
2026-07-31 15:33:20,378 | INFO | Q000339 | ID000043 | Fake | Saved rank 29 -> /home/amna/Real-vs-Fake/Data/Images/ID000043_Benedict-Cumberbatch/Fake/04.webp (4/10)
2026-07-31 15:33:20,378 | INFO | Q000339 | ID000043 | Fake | Partial -- only 4/10 found among 3 candidates
2026-07-31 15:33:21,864 | INFO | Q000345 | ID000044 | Real | Saved rank 1 -> /home/amna/Real-vs-Fake/Data/Images/ID000044_Benicio-del-Toro/Real/01.jpg (1/10)
2026-07-31 15:33:27,834 | INFO | Q000345 | ID000044 | Real | Saved rank 2 -> /home/amna/Real-vs-Fake/Data/Images/ID000044_Benicio-del-Toro/Real/02.jpg (2/10)
2026-07-31 15:33:33,998 | INFO | Q000345 | ID000044 | Real | Saved rank 4 -> /home/amna/Real-vs-Fake/Data/Images/ID000044_Benicio-del-Toro/Real/03.jpg (3/10)
2026-07-31 15:33:33,998 | INFO | Q000345 | ID000044 | Real | Partial -- only 3/10 found among 3 candidates
2026-07-31 15:33:40,378 | INFO | Q000346 | ID000044 | Fake | Saved rank 3 -> /home/amna/Real-vs-Fake/Data/Images/ID000044_Benicio-del-Toro/Fake/01.png (1/10)
2026-07-31 15:33:42,470 | INFO | Q000346 | ID000044 | Fake | Saved rank 8 -> /home/amna/Real-vs-Fake/Data/Images/ID000044_Benicio-del-Toro/Fake/02.jpg (2/10)
2026-07-31 15:33:42,470 | INFO | Q000346 | ID000044 | Fake | Partial -- only 2/10 found among 2 candidates
2026-07-31 15:33:44,167 | INFO | Q000348 | ID000044 | Fake | Saved rank 5 -> /home/amna/Real-vs-Fake/Data/Images/ID000044_Benicio-del-Toro/Fake/03.jpg (3/10)
2026-07-31 15:33:44,171 | INFO | Q000348 | ID000044 | Fake | Partial -- only 3/10 found among 1 candidates
2026-07-31 15:33:45,635 | INFO | Q000352 | ID000044 | Fake | Saved rank 37 -> /home/amna/Real-vs-Fake/Data/Images/ID000044_Benicio-del-Toro/Fake/04.jpg (4/10)
2026-07-31 15:33:45,635 | INFO | Q000352 | ID000044 | Fake | Partial -- only 4/10 found among 1 candidates
2026-07-31 15:33:47,335 | INFO | Q000353 | ID000045 | Real | Saved rank 1 -> /home/amna/Real-vs-Fake/Data/Images/ID000045_Benjamin-Netanyahu/Real/01.jpg (1/10)
2026-07-31 15:33:49,434 | INFO | Q000353 | ID000045 | Real | Saved rank 2 -> /home/amna/Real-vs-Fake/Data/Images/ID000045_Benjamin-Netanyahu/Real/02.jpg (2/10)
2026-07-31 15:33:55,309 | INFO | Q000353 | ID000045 | Real | Saved rank 3 -> /home/amna/Real-vs-Fake/Data/Images/ID000045_Benjamin-Netanyahu/Real/03.jpg (3/10)
2026-07-31 15:33:55,309 | INFO | Q000353 | ID000045 | Real | Partial -- only 3/10 found among 3 candidates
2026-07-31 15:33:57,303 | INFO | Q000354 | ID000045 | Fake | Saved rank 16 -> /home/amna/Real-vs-Fake/Data/Images/ID000045_Benjamin-Netanyahu/Fake/01.webp (1/10)
2026-07-31 15:33:57,303 | INFO | Q000354 | ID000045 | Fake | Partial -- only 1/10 found among 1 candidates
2026-07-31 15:33:57,305 | INFO | ============================================================
2026-07-31 15:33:57,305 | INFO | STEP 4 RUN COMPLETE
2026-07-31 15:33:57,305 | INFO | Success (target reached) : 0
2026-07-31 15:33:57,305 | INFO | Partial (some, not all)  : 119
2026-07-31 15:33:57,305 | INFO | Discarded (no image)     : 0
2026-07-31 15:33:57,306 | INFO | Errors (will retry)      : 0
2026-07-31 15:33:57,306 | INFO | Remaining                : 0
2026-07-31 15:33:57,306 | INFO | ============================================================
2026-07-31 16:03:43,929 | INFO | Computed 78 PAIRED identities directly from candidate_urls.csv
2026-07-31 16:03:43,960 | INFO | ID000055 | Skipped -- no Real/Fake pair (Real-only or Fake-only)
2026-07-31 16:03:43,961 | INFO | ID000082 | Skipped -- no Real/Fake pair (Real-only or Fake-only)
2026-07-31 16:03:43,961 | INFO | ID000087 | Skipped -- no Real/Fake pair (Real-only or Fake-only)
2026-07-31 16:03:43,993 | INFO | ============================================================
2026-07-31 16:03:43,993 | INFO | STEP 4 START (Image Download, paired identities only)
2026-07-31 16:03:43,993 | INFO | Paired identities          : 78
2026-07-31 16:03:43,993 | INFO | Unpaired identities skipped: 10
2026-07-31 16:03:43,993 | INFO | Total identity/type groups : 242
2026-07-31 16:03:43,993 | INFO | Already completed          : 88
2026-07-31 16:03:43,993 | INFO | Remaining pending          : 123
2026-07-31 16:03:43,994 | INFO | Groups this run            : 123
2026-07-31 16:03:43,994 | INFO | ============================================================
2026-07-31 16:03:45,748 | INFO | Q000377 | ID000048 | Real | Saved rank 1 -> /home/amna/Real-vs-Fake/Data/Images/ID000048_Bill-Paxton/Real/01.jpg (1/10)
2026-07-31 16:03:48,198 | INFO | Q000377 | ID000048 | Real | Saved rank 2 -> /home/amna/Real-vs-Fake/Data/Images/ID000048_Bill-Paxton/Real/02.jpg (2/10)
2026-07-31 16:03:49,637 | INFO | Q000377 | ID000048 | Real | Saved rank 3 -> /home/amna/Real-vs-Fake/Data/Images/ID000048_Bill-Paxton/Real/03.jpg (3/10)
2026-07-31 16:03:49,637 | INFO | Q000377 | ID000048 | Real | Partial -- only 3/10 found among 3 candidates
2026-07-31 16:03:51,157 | INFO | Q000379 | ID000048 | Fake | Saved rank 1 -> /home/amna/Real-vs-Fake/Data/Images/ID000048_Bill-Paxton/Fake/01.jpg (1/10)
2026-07-31 16:03:56,853 | INFO | Q000379 | ID000048 | Fake | Saved rank 6 -> /home/amna/Real-vs-Fake/Data/Images/ID000048_Bill-Paxton/Fake/02.jpg (2/10)
2026-07-31 16:03:56,854 | INFO | Q000379 | ID000048 | Fake | Partial -- only 2/10 found among 2 candidates
2026-07-31 16:03:58,759 | INFO | Q000381 | ID000048 | Fake | Saved rank 29 -> /home/amna/Real-vs-Fake/Data/Images/ID000048_Bill-Paxton/Fake/03.jpg (3/10)
2026-07-31 16:03:58,759 | INFO | Q000381 | ID000048 | Fake | Partial -- only 3/10 found among 1 candidates
2026-07-31 16:04:00,330 | INFO | Q000385 | ID000049 | Real | Saved rank 1 -> /home/amna/Real-vs-Fake/Data/Images/ID000049_Billy-Bob-Thornton/Real/01.jpg (1/10)
2026-07-31 16:04:02,066 | INFO | Q000385 | ID000049 | Real | Saved rank 2 -> /home/amna/Real-vs-Fake/Data/Images/ID000049_Billy-Bob-Thornton/Real/02.jpg (2/10)
2026-07-31 16:04:04,073 | INFO | Q000385 | ID000049 | Real | Saved rank 4 -> /home/amna/Real-vs-Fake/Data/Images/ID000049_Billy-Bob-Thornton/Real/03.jpg (3/10)
2026-07-31 16:04:04,074 | INFO | Q000385 | ID000049 | Real | Partial -- only 3/10 found among 3 candidates
2026-07-31 16:04:06,137 | INFO | Q000388 | ID000049 | Fake | Saved rank 1 -> /home/amna/Real-vs-Fake/Data/Images/ID000049_Billy-Bob-Thornton/Fake/01.jpg (1/10)
2026-07-31 16:04:08,478 | INFO | Q000388 | ID000049 | Fake | Saved rank 11 -> /home/amna/Real-vs-Fake/Data/Images/ID000049_Billy-Bob-Thornton/Fake/02.png (2/10)
2026-07-31 16:04:08,479 | INFO | Q000388 | ID000049 | Fake | Partial -- only 2/10 found among 2 candidates
2026-07-31 16:04:09,812 | INFO | Q000389 | ID000049 | Fake | Saved rank 12 -> /home/amna/Real-vs-Fake/Data/Images/ID000049_Billy-Bob-Thornton/Fake/03.jpg (3/10)
2026-07-31 16:04:11,141 | INFO | Q000389 | ID000049 | Fake | Saved rank 17 -> /home/amna/Real-vs-Fake/Data/Images/ID000049_Billy-Bob-Thornton/Fake/04.jpg (4/10)
2026-07-31 16:04:11,142 | INFO | Q000389 | ID000049 | Fake | Partial -- only 4/10 found among 2 candidates
2026-07-31 16:04:12,695 | INFO | Q000391 | ID000049 | Fake | Saved rank 7 -> /home/amna/Real-vs-Fake/Data/Images/ID000049_Billy-Bob-Thornton/Fake/05.jpg (5/10)
2026-07-31 16:04:12,696 | INFO | Q000391 | ID000049 | Fake | Partial -- only 5/10 found among 1 candidates
2026-07-31 16:04:14,229 | INFO | Q000393 | ID000050 | Real | Saved rank 1 -> /home/amna/Real-vs-Fake/Data/Images/ID000050_Blair-Parry-Okeden/Real/01.jpg (1/10)
2026-07-31 16:04:15,561 | INFO | Q000393 | ID000050 | Real | Saved rank 2 -> /home/amna/Real-vs-Fake/Data/Images/ID000050_Blair-Parry-Okeden/Real/02.jpg (2/10)
2026-07-31 16:04:15,561 | INFO | Q000393 | ID000050 | Real | Partial -- only 2/10 found among 2 candidates
2026-07-31 16:04:16,733 | INFO | Q000398 | ID000050 | Fake | Saved rank 26 -> /home/amna/Real-vs-Fake/Data/Images/ID000050_Blair-Parry-Okeden/Fake/01.jpg (1/10)
2026-07-31 16:04:17,887 | INFO | Q000398 | ID000050 | Fake | Saved rank 33 -> /home/amna/Real-vs-Fake/Data/Images/ID000050_Blair-Parry-Okeden/Fake/02.jpg (2/10)
2026-07-31 16:04:19,050 | INFO | Q000398 | ID000050 | Fake | Saved rank 37 -> /home/amna/Real-vs-Fake/Data/Images/ID000050_Blair-Parry-Okeden/Fake/03.jpg (3/10)
2026-07-31 16:04:19,050 | INFO | Q000398 | ID000050 | Fake | Partial -- only 3/10 found among 3 candidates
2026-07-31 16:04:21,450 | INFO | Q000401 | ID000051 | Real | Saved rank 3 -> /home/amna/Real-vs-Fake/Data/Images/ID000051_Bob-Dylan/Real/01.jpg (1/10)
2026-07-31 16:04:23,645 | INFO | Q000401 | ID000051 | Real | Saved rank 4 -> /home/amna/Real-vs-Fake/Data/Images/ID000051_Bob-Dylan/Real/02.png (2/10)
2026-07-31 16:04:23,645 | INFO | Q000401 | ID000051 | Real | Partial -- only 2/10 found among 2 candidates
2026-07-31 16:04:25,194 | INFO | Q000402 | ID000051 | Fake | Saved rank 44 -> /home/amna/Real-vs-Fake/Data/Images/ID000051_Bob-Dylan/Fake/01.jpg (1/10)
2026-07-31 16:04:25,198 | INFO | Q000402 | ID000051 | Fake | Partial -- only 1/10 found among 1 candidates
2026-07-31 16:04:27,285 | INFO | Q000404 | ID000051 | Fake | Saved rank 37 -> /home/amna/Real-vs-Fake/Data/Images/ID000051_Bob-Dylan/Fake/02.jpg (2/10)
2026-07-31 16:04:29,394 | INFO | Q000404 | ID000051 | Fake | Saved rank 49 -> /home/amna/Real-vs-Fake/Data/Images/ID000051_Bob-Dylan/Fake/03.jpg (3/10)
2026-07-31 16:04:29,394 | INFO | Q000404 | ID000051 | Fake | Partial -- only 3/10 found among 2 candidates
2026-07-31 16:04:31,194 | INFO | Q000405 | ID000051 | Fake | Saved rank 6 -> /home/amna/Real-vs-Fake/Data/Images/ID000051_Bob-Dylan/Fake/04.png (4/10)
2026-07-31 16:04:31,194 | INFO | Q000405 | ID000051 | Fake | Partial -- only 4/10 found among 1 candidates
2026-07-31 16:04:33,180 | INFO | Q000409 | ID000052 | Real | Saved rank 1 -> /home/amna/Real-vs-Fake/Data/Images/ID000052_Brad-Pitt/Real/01.jpg (1/10)
2026-07-31 16:04:34,682 | INFO | Q000409 | ID000052 | Real | Saved rank 2 -> /home/amna/Real-vs-Fake/Data/Images/ID000052_Brad-Pitt/Real/02.jpg (2/10)
2026-07-31 16:04:36,380 | INFO | Q000409 | ID000052 | Real | Saved rank 3 -> /home/amna/Real-vs-Fake/Data/Images/ID000052_Brad-Pitt/Real/03.jpg (3/10)
2026-07-31 16:04:36,380 | INFO | Q000409 | ID000052 | Real | Partial -- only 3/10 found among 3 candidates
2026-07-31 16:04:38,379 | INFO | Q000410 | ID000052 | Fake | Saved rank 7 -> /home/amna/Real-vs-Fake/Data/Images/ID000052_Brad-Pitt/Fake/01.jpg (1/10)
2026-07-31 16:04:40,284 | INFO | Q000410 | ID000052 | Fake | Saved rank 16 -> /home/amna/Real-vs-Fake/Data/Images/ID000052_Brad-Pitt/Fake/02.jpg (2/10)
2026-07-31 16:04:40,285 | INFO | Q000410 | ID000052 | Fake | Partial -- only 2/10 found among 2 candidates
2026-07-31 16:04:42,277 | INFO | Q000411 | ID000052 | Fake | Saved rank 26 -> /home/amna/Real-vs-Fake/Data/Images/ID000052_Brad-Pitt/Fake/03.jpg (3/10)
2026-07-31 16:04:42,280 | INFO | Q000411 | ID000052 | Fake | Partial -- only 3/10 found among 1 candidates
2026-07-31 16:04:43,870 | INFO | Q000412 | ID000052 | Fake | Saved rank 40 -> /home/amna/Real-vs-Fake/Data/Images/ID000052_Brad-Pitt/Fake/04.jpg (4/10)
2026-07-31 16:04:43,871 | INFO | Q000412 | ID000052 | Fake | Partial -- only 4/10 found among 1 candidates
2026-07-31 16:04:45,505 | INFO | Q000417 | ID000053 | Real | Saved rank 2 -> /home/amna/Real-vs-Fake/Data/Images/ID000053_Brenda-Tau/Real/01.jpg (1/10)
2026-07-31 16:04:51,336 | INFO | Q000417 | ID000053 | Real | Saved rank 8 -> /home/amna/Real-vs-Fake/Data/Images/ID000053_Brenda-Tau/Real/02.jpg (2/10)
2026-07-31 16:04:51,336 | INFO | Q000417 | ID000053 | Real | Partial -- only 2/10 found among 2 candidates
2026-07-31 16:04:57,861 | INFO | Q000418 | ID000053 | Fake | Saved rank 5 -> /home/amna/Real-vs-Fake/Data/Images/ID000053_Brenda-Tau/Fake/01.jpg (1/10)
2026-07-31 16:04:57,862 | INFO | Q000418 | ID000053 | Fake | Partial -- only 1/10 found among 1 candidates
2026-07-31 16:04:59,301 | INFO | Q000425 | ID000054 | Real | Saved rank 1 -> /home/amna/Real-vs-Fake/Data/Images/ID000054_Bruce-Willis/Real/01.jpg (1/10)
2026-07-31 16:05:00,716 | INFO | Q000425 | ID000054 | Real | Saved rank 2 -> /home/amna/Real-vs-Fake/Data/Images/ID000054_Bruce-Willis/Real/02.jpg (2/10)
2026-07-31 16:05:00,716 | INFO | Q000425 | ID000054 | Real | Partial -- only 2/10 found among 2 candidates
2026-07-31 16:05:02,112 | INFO | Q000428 | ID000054 | Fake | Saved rank 47 -> /home/amna/Real-vs-Fake/Data/Images/ID000054_Bruce-Willis/Fake/01.jpg (1/10)
2026-07-31 16:05:02,114 | INFO | Q000428 | ID000054 | Fake | Partial -- only 1/10 found among 1 candidates
2026-07-31 16:05:04,198 | INFO | Q000441 | ID000056 | Real | Saved rank 4 -> /home/amna/Real-vs-Fake/Data/Images/ID000056_Burak-Özçivit/Real/01.jpg (1/10)
2026-07-31 16:05:04,198 | INFO | Q000441 | ID000056 | Real | Partial -- only 1/10 found among 1 candidates
2026-07-31 16:05:05,874 | INFO | Q000442 | ID000056 | Fake | Saved rank 16 -> /home/amna/Real-vs-Fake/Data/Images/ID000056_Burak-Özçivit/Fake/01.jpg (1/10)
2026-07-31 16:05:05,874 | INFO | Q000442 | ID000056 | Fake | Partial -- only 1/10 found among 1 candidates
2026-07-31 16:05:07,691 | INFO | Q000444 | ID000056 | Fake | Saved rank 11 -> /home/amna/Real-vs-Fake/Data/Images/ID000056_Burak-Özçivit/Fake/02.jpg (2/10)
2026-07-31 16:05:07,703 | INFO | Q000444 | ID000056 | Fake | Partial -- only 2/10 found among 1 candidates
2026-07-31 16:05:13,032 | INFO | Q000449 | ID000057 | Real | Saved rank 4 -> /home/amna/Real-vs-Fake/Data/Images/ID000057_Caitlin-Clark/Real/01.png (1/10)
2026-07-31 16:05:13,032 | INFO | Q000449 | ID000057 | Real | Partial -- only 1/10 found among 1 candidates
2026-07-31 16:05:14,478 | INFO | Q000450 | ID000057 | Fake | Saved rank 48 -> /home/amna/Real-vs-Fake/Data/Images/ID000057_Caitlin-Clark/Fake/01.jpg (1/10)
2026-07-31 16:05:14,479 | INFO | Q000450 | ID000057 | Fake | Partial -- only 1/10 found among 1 candidates
2026-07-31 16:05:15,877 | INFO | Q000451 | ID000057 | Fake | Saved rank 23 -> /home/amna/Real-vs-Fake/Data/Images/ID000057_Caitlin-Clark/Fake/02.jpg (2/10)
2026-07-31 16:05:15,878 | INFO | Q000451 | ID000057 | Fake | Partial -- only 2/10 found among 1 candidates
2026-07-31 16:05:18,394 | INFO | Q000457 | ID000058 | Real | Saved rank 1 -> /home/amna/Real-vs-Fake/Data/Images/ID000058_Caleb-Williams/Real/01.png (1/10)
2026-07-31 16:05:22,159 | INFO | Q000457 | ID000058 | Real | Saved rank 2 -> /home/amna/Real-vs-Fake/Data/Images/ID000058_Caleb-Williams/Real/02.jpg (2/10)
2026-07-31 16:05:22,160 | INFO | Q000457 | ID000058 | Real | Partial -- only 2/10 found among 2 candidates
2026-07-31 16:05:23,502 | INFO | Q000458 | ID000058 | Fake | Saved rank 40 -> /home/amna/Real-vs-Fake/Data/Images/ID000058_Caleb-Williams/Fake/01.jpg (1/10)
2026-07-31 16:05:23,503 | INFO | Q000458 | ID000058 | Fake | Partial -- only 1/10 found among 1 candidates
2026-07-31 16:05:27,375 | INFO | Q000460 | ID000058 | Fake | Saved rank 40 -> /home/amna/Real-vs-Fake/Data/Images/ID000058_Caleb-Williams/Fake/02.jpg (2/10)
2026-07-31 16:05:27,375 | INFO | Q000460 | ID000058 | Fake | Partial -- only 2/10 found among 1 candidates
2026-07-31 16:05:29,244 | INFO | Q000465 | ID000059 | Real | Saved rank 2 -> /home/amna/Real-vs-Fake/Data/Images/ID000059_Cameron-Diaz/Real/01.jpg (1/10)
2026-07-31 16:05:29,261 | INFO | Q000465 | ID000059 | Real | Partial -- only 1/10 found among 1 candidates
2026-07-31 16:05:30,778 | INFO | Q000466 | ID000059 | Fake | Saved rank 4 -> /home/amna/Real-vs-Fake/Data/Images/ID000059_Cameron-Diaz/Fake/01.jpg (1/10)
2026-07-31 16:05:32,424 | INFO | Q000466 | ID000059 | Fake | Saved rank 7 -> /home/amna/Real-vs-Fake/Data/Images/ID000059_Cameron-Diaz/Fake/02.jpg (2/10)
2026-07-31 16:05:33,945 | INFO | Q000466 | ID000059 | Fake | Saved rank 11 -> /home/amna/Real-vs-Fake/Data/Images/ID000059_Cameron-Diaz/Fake/03.jpg (3/10)
2026-07-31 16:05:33,946 | INFO | Q000466 | ID000059 | Fake | Partial -- only 3/10 found among 3 candidates
2026-07-31 16:05:36,032 | INFO | Q000468 | ID000059 | Fake | Saved rank 32 -> /home/amna/Real-vs-Fake/Data/Images/ID000059_Cameron-Diaz/Fake/04.jpg (4/10)
2026-07-31 16:05:36,033 | INFO | Q000468 | ID000059 | Fake | Partial -- only 4/10 found among 1 candidates
2026-07-31 16:05:37,585 | INFO | Q000473 | ID000060 | Real | Saved rank 4 -> /home/amna/Real-vs-Fake/Data/Images/ID000060_Cameron-Green/Real/01.jpg (1/10)
2026-07-31 16:05:37,585 | INFO | Q000473 | ID000060 | Real | Partial -- only 1/10 found among 1 candidates
2026-07-31 16:05:42,954 | INFO | Q000477 | ID000060 | Fake | Saved rank 13 -> /home/amna/Real-vs-Fake/Data/Images/ID000060_Cameron-Green/Fake/01.jpg (1/10)
2026-07-31 16:05:42,954 | INFO | Q000477 | ID000060 | Fake | Partial -- only 1/10 found among 1 candidates
2026-07-31 16:05:44,094 | INFO | Q000478 | ID000060 | Fake | Saved rank 21 -> /home/amna/Real-vs-Fake/Data/Images/ID000060_Cameron-Green/Fake/02.jpg (2/10)
2026-07-31 16:05:45,282 | INFO | Q000478 | ID000060 | Fake | Saved rank 24 -> /home/amna/Real-vs-Fake/Data/Images/ID000060_Cameron-Green/Fake/03.jpg (3/10)
2026-07-31 16:05:45,282 | INFO | Q000478 | ID000060 | Fake | Partial -- only 3/10 found among 2 candidates
2026-07-31 16:05:46,684 | INFO | Q000481 | ID000061 | Real | Saved rank 1 -> /home/amna/Real-vs-Fake/Data/Images/ID000061_Carey-Mulligan/Real/01.jpg (1/10)
2026-07-31 16:05:52,447 | INFO | Q000481 | ID000061 | Real | Saved rank 2 -> /home/amna/Real-vs-Fake/Data/Images/ID000061_Carey-Mulligan/Real/02.jpg (2/10)
2026-07-31 16:05:52,447 | INFO | Q000481 | ID000061 | Real | Partial -- only 2/10 found among 2 candidates
2026-07-31 16:05:54,089 | INFO | Q000488 | ID000061 | Fake | Saved rank 48 -> /home/amna/Real-vs-Fake/Data/Images/ID000061_Carey-Mulligan/Fake/01.png (1/10)
2026-07-31 16:05:55,946 | INFO | Q000488 | ID000061 | Fake | Saved rank 49 -> /home/amna/Real-vs-Fake/Data/Images/ID000061_Carey-Mulligan/Fake/02.png (2/10)
2026-07-31 16:05:55,947 | INFO | Q000488 | ID000061 | Fake | Partial -- only 2/10 found among 2 candidates
2026-07-31 16:05:57,682 | INFO | Q000489 | ID000062 | Real | Saved rank 2 -> /home/amna/Real-vs-Fake/Data/Images/ID000062_Carla-Gugino/Real/01.jpg (1/10)
2026-07-31 16:05:59,916 | INFO | Q000489 | ID000062 | Real | Saved rank 3 -> /home/amna/Real-vs-Fake/Data/Images/ID000062_Carla-Gugino/Real/02.jpg (2/10)
2026-07-31 16:05:59,917 | INFO | Q000489 | ID000062 | Real | Partial -- only 2/10 found among 2 candidates
2026-07-31 16:06:01,764 | INFO | Q000490 | ID000062 | Fake | Saved rank 41 -> /home/amna/Real-vs-Fake/Data/Images/ID000062_Carla-Gugino/Fake/01.jpg (1/10)
2026-07-31 16:06:01,765 | INFO | Q000490 | ID000062 | Fake | Partial -- only 1/10 found among 1 candidates
2026-07-31 16:06:08,049 | INFO | Q000494 | ID000062 | Fake | Saved rank 25 -> /home/amna/Real-vs-Fake/Data/Images/ID000062_Carla-Gugino/Fake/02.jpg (2/10)
2026-07-31 16:06:08,049 | INFO | Q000494 | ID000062 | Fake | Partial -- only 2/10 found among 1 candidates
2026-07-31 16:06:09,719 | INFO | Q000495 | ID000062 | Fake | Saved rank 44 -> /home/amna/Real-vs-Fake/Data/Images/ID000062_Carla-Gugino/Fake/03.jpg (3/10)
2026-07-31 16:06:09,719 | INFO | Q000495 | ID000062 | Fake | Partial -- only 3/10 found among 1 candidates
2026-07-31 16:06:11,386 | INFO | Q000497 | ID000063 | Real | Saved rank 2 -> /home/amna/Real-vs-Fake/Data/Images/ID000063_Carlos-Alcaraz/Real/01.jpg (1/10)
2026-07-31 16:06:13,115 | INFO | Q000497 | ID000063 | Real | Saved rank 6 -> /home/amna/Real-vs-Fake/Data/Images/ID000063_Carlos-Alcaraz/Real/02.jpg (2/10)
2026-07-31 16:06:14,743 | INFO | Q000497 | ID000063 | Real | Saved rank 7 -> /home/amna/Real-vs-Fake/Data/Images/ID000063_Carlos-Alcaraz/Real/03.webp (3/10)
2026-07-31 16:06:14,744 | INFO | Q000497 | ID000063 | Real | Partial -- only 3/10 found among 3 candidates
2026-07-31 16:06:16,414 | INFO | Q000503 | ID000063 | Fake | Saved rank 4 -> /home/amna/Real-vs-Fake/Data/Images/ID000063_Carlos-Alcaraz/Fake/01.jpg (1/10)
2026-07-31 16:06:16,414 | INFO | Q000503 | ID000063 | Fake | Partial -- only 1/10 found among 1 candidates
2026-07-31 16:06:18,114 | INFO | Q000505 | ID000064 | Real | Saved rank 1 -> /home/amna/Real-vs-Fake/Data/Images/ID000064_Carrie-Anne-Moss/Real/01.jpg (1/10)
2026-07-31 16:06:25,699 | INFO | Q000505 | ID000064 | Real | Saved rank 2 -> /home/amna/Real-vs-Fake/Data/Images/ID000064_Carrie-Anne-Moss/Real/02.jpg (2/10)
2026-07-31 16:06:27,485 | INFO | Q000505 | ID000064 | Real | Saved rank 3 -> /home/amna/Real-vs-Fake/Data/Images/ID000064_Carrie-Anne-Moss/Real/03.jpg (3/10)
2026-07-31 16:06:27,485 | INFO | Q000505 | ID000064 | Real | Partial -- only 3/10 found among 3 candidates
2026-07-31 16:06:29,152 | INFO | Q000506 | ID000064 | Fake | Saved rank 2 -> /home/amna/Real-vs-Fake/Data/Images/ID000064_Carrie-Anne-Moss/Fake/01.jpg (1/10)
2026-07-31 16:06:30,704 | INFO | Q000506 | ID000064 | Fake | Saved rank 4 -> /home/amna/Real-vs-Fake/Data/Images/ID000064_Carrie-Anne-Moss/Fake/02.jpg (2/10)
2026-07-31 16:06:30,705 | INFO | Q000506 | ID000064 | Fake | Partial -- only 2/10 found among 2 candidates
2026-07-31 16:06:32,449 | INFO | Q000507 | ID000064 | Fake | Saved rank 14 -> /home/amna/Real-vs-Fake/Data/Images/ID000064_Carrie-Anne-Moss/Fake/03.jpg (3/10)
2026-07-31 16:06:32,450 | INFO | Q000507 | ID000064 | Fake | Partial -- only 3/10 found among 1 candidates
2026-07-31 16:06:34,103 | INFO | Q000508 | ID000064 | Fake | Saved rank 5 -> /home/amna/Real-vs-Fake/Data/Images/ID000064_Carrie-Anne-Moss/Fake/04.jpg (4/10)
2026-07-31 16:06:34,106 | INFO | Q000508 | ID000064 | Fake | Partial -- only 4/10 found among 1 candidates
2026-07-31 16:06:35,843 | INFO | Q000513 | ID000065 | Real | Saved rank 1 -> /home/amna/Real-vs-Fake/Data/Images/ID000065_Charles-Chaplin/Real/01.jpg (1/10)
2026-07-31 16:06:37,392 | INFO | Q000513 | ID000065 | Real | Saved rank 2 -> /home/amna/Real-vs-Fake/Data/Images/ID000065_Charles-Chaplin/Real/02.jpg (2/10)
2026-07-31 16:06:37,392 | INFO | Q000513 | ID000065 | Real | Partial -- only 2/10 found among 2 candidates
2026-07-31 16:06:39,542 | INFO | Q000514 | ID000065 | Fake | Saved rank 6 -> /home/amna/Real-vs-Fake/Data/Images/ID000065_Charles-Chaplin/Fake/01.jpg (1/10)
2026-07-31 16:06:41,125 | INFO | Q000514 | ID000065 | Fake | Saved rank 25 -> /home/amna/Real-vs-Fake/Data/Images/ID000065_Charles-Chaplin/Fake/02.jpg (2/10)
2026-07-31 16:06:41,125 | INFO | Q000514 | ID000065 | Fake | Partial -- only 2/10 found among 2 candidates
2026-07-31 16:06:42,701 | INFO | Q000518 | ID000065 | Fake | Saved rank 15 -> /home/amna/Real-vs-Fake/Data/Images/ID000065_Charles-Chaplin/Fake/03.jpg (3/10)
2026-07-31 16:06:42,701 | INFO | Q000518 | ID000065 | Fake | Partial -- only 3/10 found among 1 candidates
2026-07-31 16:06:44,061 | INFO | Q000521 | ID000066 | Real | Saved rank 1 -> /home/amna/Real-vs-Fake/Data/Images/ID000066_Charlize-Theron/Real/01.jpg (1/10)
2026-07-31 16:06:45,542 | INFO | Q000521 | ID000066 | Real | Saved rank 2 -> /home/amna/Real-vs-Fake/Data/Images/ID000066_Charlize-Theron/Real/02.jpg (2/10)
2026-07-31 16:06:46,815 | INFO | Q000521 | ID000066 | Real | Saved rank 3 -> /home/amna/Real-vs-Fake/Data/Images/ID000066_Charlize-Theron/Real/03.jpg (3/10)
2026-07-31 16:06:46,815 | INFO | Q000521 | ID000066 | Real | Partial -- only 3/10 found among 3 candidates
2026-07-31 16:06:48,631 | INFO | Q000522 | ID000066 | Fake | Saved rank 1 -> /home/amna/Real-vs-Fake/Data/Images/ID000066_Charlize-Theron/Fake/01.jpg (1/10)
2026-07-31 16:06:49,834 | INFO | Q000522 | ID000066 | Fake | Saved rank 2 -> /home/amna/Real-vs-Fake/Data/Images/ID000066_Charlize-Theron/Fake/02.jpg (2/10)
2026-07-31 16:06:51,634 | INFO | Q000522 | ID000066 | Fake | Saved rank 15 -> /home/amna/Real-vs-Fake/Data/Images/ID000066_Charlize-Theron/Fake/03.jpg (3/10)
2026-07-31 16:06:51,634 | INFO | Q000522 | ID000066 | Fake | Partial -- only 3/10 found among 3 candidates
2026-07-31 16:06:53,165 | INFO | Q000524 | ID000066 | Fake | Saved rank 9 -> /home/amna/Real-vs-Fake/Data/Images/ID000066_Charlize-Theron/Fake/04.jpg (4/10)
2026-07-31 16:06:54,787 | INFO | Q000524 | ID000066 | Fake | Saved rank 19 -> /home/amna/Real-vs-Fake/Data/Images/ID000066_Charlize-Theron/Fake/05.jpg (5/10)
2026-07-31 16:06:54,788 | INFO | Q000524 | ID000066 | Fake | Partial -- only 5/10 found among 2 candidates
2026-07-31 16:06:56,411 | INFO | Q000529 | ID000067 | Real | Saved rank 1 -> /home/amna/Real-vs-Fake/Data/Images/ID000067_Charlton-Heston/Real/01.jpg (1/10)
2026-07-31 16:06:58,189 | INFO | Q000529 | ID000067 | Real | Saved rank 2 -> /home/amna/Real-vs-Fake/Data/Images/ID000067_Charlton-Heston/Real/02.jpg (2/10)
2026-07-31 16:06:58,190 | INFO | Q000529 | ID000067 | Real | Partial -- only 2/10 found among 2 candidates
2026-07-31 16:06:59,804 | INFO | Q000530 | ID000067 | Fake | Saved rank 3 -> /home/amna/Real-vs-Fake/Data/Images/ID000067_Charlton-Heston/Fake/01.jpg (1/10)
2026-07-31 16:06:59,804 | INFO | Q000530 | ID000067 | Fake | Partial -- only 1/10 found among 1 candidates
2026-07-31 16:07:01,437 | INFO | Q000532 | ID000067 | Fake | Saved rank 7 -> /home/amna/Real-vs-Fake/Data/Images/ID000067_Charlton-Heston/Fake/02.jpg (2/10)
2026-07-31 16:07:01,437 | INFO | Q000532 | ID000067 | Fake | Partial -- only 2/10 found among 1 candidates
2026-07-31 16:07:03,235 | INFO | Q000535 | ID000067 | Fake | Saved rank 37 -> /home/amna/Real-vs-Fake/Data/Images/ID000067_Charlton-Heston/Fake/03.jpg (3/10)
2026-07-31 16:07:05,633 | INFO | Q000535 | ID000067 | Fake | Saved rank 40 -> /home/amna/Real-vs-Fake/Data/Images/ID000067_Charlton-Heston/Fake/04.jpg (4/10)
2026-07-31 16:07:07,309 | INFO | Q000535 | ID000067 | Fake | Saved rank 45 -> /home/amna/Real-vs-Fake/Data/Images/ID000067_Charlton-Heston/Fake/05.jpg (5/10)
2026-07-31 16:07:07,309 | INFO | Q000535 | ID000067 | Fake | Partial -- only 5/10 found among 3 candidates
2026-07-31 16:07:08,868 | INFO | Q000536 | ID000067 | Fake | Saved rank 10 -> /home/amna/Real-vs-Fake/Data/Images/ID000067_Charlton-Heston/Fake/06.png (6/10)
2026-07-31 16:07:10,422 | INFO | Q000536 | ID000067 | Fake | Saved rank 26 -> /home/amna/Real-vs-Fake/Data/Images/ID000067_Charlton-Heston/Fake/07.png (7/10)
2026-07-31 16:07:11,995 | INFO | Q000536 | ID000067 | Fake | Saved rank 34 -> /home/amna/Real-vs-Fake/Data/Images/ID000067_Charlton-Heston/Fake/08.png (8/10)
2026-07-31 16:07:11,995 | INFO | Q000536 | ID000067 | Fake | Partial -- only 8/10 found among 3 candidates
2026-07-31 16:07:13,704 | INFO | Q000537 | ID000068 | Real | Saved rank 2 -> /home/amna/Real-vs-Fake/Data/Images/ID000068_Chloe-Kim/Real/01.jpg (1/10)
2026-07-31 16:07:16,940 | INFO | Q000537 | ID000068 | Real | Saved rank 4 -> /home/amna/Real-vs-Fake/Data/Images/ID000068_Chloe-Kim/Real/02.png (2/10)
2026-07-31 16:07:16,940 | INFO | Q000537 | ID000068 | Real | Partial -- only 2/10 found among 2 candidates
2026-07-31 16:07:18,442 | INFO | Q000539 | ID000068 | Fake | Saved rank 50 -> /home/amna/Real-vs-Fake/Data/Images/ID000068_Chloe-Kim/Fake/01.jpg (1/10)
2026-07-31 16:07:18,443 | INFO | Q000539 | ID000068 | Fake | Partial -- only 1/10 found among 1 candidates
2026-07-31 16:07:20,252 | INFO | Q000545 | ID000069 | Real | Saved rank 1 -> /home/amna/Real-vs-Fake/Data/Images/ID000069_Chlo-Grace-Moretz/Real/01.jpg (1/10)
2026-07-31 16:07:21,707 | INFO | Q000545 | ID000069 | Real | Saved rank 2 -> /home/amna/Real-vs-Fake/Data/Images/ID000069_Chlo-Grace-Moretz/Real/02.jpg (2/10)
2026-07-31 16:07:23,239 | INFO | Q000545 | ID000069 | Real | Saved rank 3 -> /home/amna/Real-vs-Fake/Data/Images/ID000069_Chlo-Grace-Moretz/Real/03.jpg (3/10)
2026-07-31 16:07:23,239 | INFO | Q000545 | ID000069 | Real | Partial -- only 3/10 found among 3 candidates
2026-07-31 16:07:25,260 | INFO | Q000546 | ID000069 | Fake | Saved rank 7 -> /home/amna/Real-vs-Fake/Data/Images/ID000069_Chlo-Grace-Moretz/Fake/01.jpg (1/10)
2026-07-31 16:07:26,815 | INFO | Q000546 | ID000069 | Fake | Saved rank 16 -> /home/amna/Real-vs-Fake/Data/Images/ID000069_Chlo-Grace-Moretz/Fake/02.jpg (2/10)
2026-07-31 16:07:26,816 | INFO | Q000546 | ID000069 | Fake | Partial -- only 2/10 found among 2 candidates
2026-07-31 16:07:29,414 | INFO | Q000547 | ID000069 | Fake | Saved rank 1 -> /home/amna/Real-vs-Fake/Data/Images/ID000069_Chlo-Grace-Moretz/Fake/03.jpg (3/10)
2026-07-31 16:07:31,703 | INFO | Q000547 | ID000069 | Fake | Saved rank 2 -> /home/amna/Real-vs-Fake/Data/Images/ID000069_Chlo-Grace-Moretz/Fake/04.jpg (4/10)
2026-07-31 16:07:31,704 | INFO | Q000547 | ID000069 | Fake | Partial -- only 4/10 found among 2 candidates
2026-07-31 16:07:33,738 | INFO | Q000548 | ID000069 | Fake | Saved rank 26 -> /home/amna/Real-vs-Fake/Data/Images/ID000069_Chlo-Grace-Moretz/Fake/05.jpg (5/10)
2026-07-31 16:07:35,505 | INFO | Q000548 | ID000069 | Fake | Saved rank 41 -> /home/amna/Real-vs-Fake/Data/Images/ID000069_Chlo-Grace-Moretz/Fake/06.jpg (6/10)
2026-07-31 16:07:35,505 | INFO | Q000548 | ID000069 | Fake | Partial -- only 6/10 found among 2 candidates
2026-07-31 16:07:37,768 | INFO | Q000553 | ID000070 | Real | Saved rank 1 -> /home/amna/Real-vs-Fake/Data/Images/ID000070_Chris-Cooper/Real/01.jpg (1/10)
2026-07-31 16:07:39,835 | INFO | Q000553 | ID000070 | Real | Saved rank 3 -> /home/amna/Real-vs-Fake/Data/Images/ID000070_Chris-Cooper/Real/02.webp (2/10)
2026-07-31 16:07:39,835 | INFO | Q000553 | ID000070 | Real | Partial -- only 2/10 found among 2 candidates
2026-07-31 16:07:41,794 | INFO | Q000557 | ID000070 | Fake | Saved rank 8 -> /home/amna/Real-vs-Fake/Data/Images/ID000070_Chris-Cooper/Fake/01.jpg (1/10)
2026-07-31 16:07:41,794 | INFO | Q000557 | ID000070 | Fake | Partial -- only 1/10 found among 1 candidates
2026-07-31 16:07:43,335 | INFO | Q000560 | ID000070 | Fake | Saved rank 36 -> /home/amna/Real-vs-Fake/Data/Images/ID000070_Chris-Cooper/Fake/02.png (2/10)
2026-07-31 16:07:43,335 | INFO | Q000560 | ID000070 | Fake | Partial -- only 2/10 found among 1 candidates
2026-07-31 16:07:45,155 | INFO | Q000561 | ID000071 | Real | Saved rank 4 -> /home/amna/Real-vs-Fake/Data/Images/ID000071_Chris-Tucker/Real/01.jpg (1/10)
2026-07-31 16:07:45,155 | INFO | Q000561 | ID000071 | Real | Partial -- only 1/10 found among 1 candidates
2026-07-31 16:07:46,921 | INFO | Q000563 | ID000071 | Fake | Saved rank 37 -> /home/amna/Real-vs-Fake/Data/Images/ID000071_Chris-Tucker/Fake/01.jpg (1/10)
2026-07-31 16:07:46,924 | INFO | Q000563 | ID000071 | Fake | Partial -- only 1/10 found among 1 candidates
2026-07-31 16:07:48,891 | INFO | Q000564 | ID000071 | Fake | Saved rank 30 -> /home/amna/Real-vs-Fake/Data/Images/ID000071_Chris-Tucker/Fake/02.jpg (2/10)
2026-07-31 16:07:48,891 | INFO | Q000564 | ID000071 | Fake | Partial -- only 2/10 found among 1 candidates
2026-07-31 16:07:50,822 | INFO | Q000569 | ID000072 | Real | Saved rank 2 -> /home/amna/Real-vs-Fake/Data/Images/ID000072_Christian-Bale/Real/01.jpg (1/10)
2026-07-31 16:07:50,822 | INFO | Q000569 | ID000072 | Real | Partial -- only 1/10 found among 1 candidates
2026-07-31 16:07:51,905 | INFO | Q000570 | ID000072 | Fake | Saved rank 2 -> /home/amna/Real-vs-Fake/Data/Images/ID000072_Christian-Bale/Fake/01.jpg (1/10)
2026-07-31 16:07:53,803 | INFO | Q000570 | ID000072 | Fake | Saved rank 3 -> /home/amna/Real-vs-Fake/Data/Images/ID000072_Christian-Bale/Fake/02.jpg (2/10)
2026-07-31 16:07:53,803 | INFO | Q000570 | ID000072 | Fake | Partial -- only 2/10 found among 2 candidates
2026-07-31 16:07:55,438 | INFO | Q000571 | ID000072 | Fake | Saved rank 14 -> /home/amna/Real-vs-Fake/Data/Images/ID000072_Christian-Bale/Fake/03.jpg (3/10)
2026-07-31 16:07:56,887 | INFO | Q000571 | ID000072 | Fake | Saved rank 15 -> /home/amna/Real-vs-Fake/Data/Images/ID000072_Christian-Bale/Fake/04.jpg (4/10)
2026-07-31 16:07:56,887 | INFO | Q000571 | ID000072 | Fake | Partial -- only 4/10 found among 2 candidates
2026-07-31 16:07:58,796 | INFO | Q000572 | ID000072 | Fake | Saved rank 9 -> /home/amna/Real-vs-Fake/Data/Images/ID000072_Christian-Bale/Fake/05.jpg (5/10)
2026-07-31 16:07:58,796 | INFO | Q000572 | ID000072 | Fake | Partial -- only 5/10 found among 1 candidates
2026-07-31 16:08:00,206 | INFO | Q000577 | ID000073 | Real | Saved rank 2 -> /home/amna/Real-vs-Fake/Data/Images/ID000073_Christian-Clavier/Real/01.jpg (1/10)
2026-07-31 16:08:03,060 | INFO | Q000577 | ID000073 | Real | Saved rank 3 -> /home/amna/Real-vs-Fake/Data/Images/ID000073_Christian-Clavier/Real/02.jpg (2/10)
2026-07-31 16:08:03,061 | INFO | Q000577 | ID000073 | Real | Partial -- only 2/10 found among 2 candidates
2026-07-31 16:08:06,506 | INFO | Q000580 | ID000073 | Fake | Saved rank 1 -> /home/amna/Real-vs-Fake/Data/Images/ID000073_Christian-Clavier/Fake/01.jpg (1/10)
2026-07-31 16:08:06,507 | INFO | Q000580 | ID000073 | Fake | Partial -- only 1/10 found among 1 candidates
2026-07-31 16:08:07,912 | INFO | Q000585 | ID000074 | Real | Saved rank 1 -> /home/amna/Real-vs-Fake/Data/Images/ID000074_Christopher-Walken/Real/01.jpg (1/10)
2026-07-31 16:08:10,420 | INFO | Q000585 | ID000074 | Real | Saved rank 2 -> /home/amna/Real-vs-Fake/Data/Images/ID000074_Christopher-Walken/Real/02.jpg (2/10)
2026-07-31 16:08:11,873 | INFO | Q000585 | ID000074 | Real | Saved rank 5 -> /home/amna/Real-vs-Fake/Data/Images/ID000074_Christopher-Walken/Real/03.jpg (3/10)
2026-07-31 16:08:11,874 | INFO | Q000585 | ID000074 | Real | Partial -- only 3/10 found among 3 candidates
2026-07-31 16:08:13,716 | INFO | Q000586 | ID000074 | Fake | Saved rank 7 -> /home/amna/Real-vs-Fake/Data/Images/ID000074_Christopher-Walken/Fake/01.jpg (1/10)
2026-07-31 16:08:15,657 | INFO | Q000586 | ID000074 | Fake | Saved rank 32 -> /home/amna/Real-vs-Fake/Data/Images/ID000074_Christopher-Walken/Fake/02.jpg (2/10)
2026-07-31 16:08:15,658 | INFO | Q000586 | ID000074 | Fake | Partial -- only 2/10 found among 2 candidates
2026-07-31 16:08:17,497 | INFO | Q000587 | ID000074 | Fake | Saved rank 1 -> /home/amna/Real-vs-Fake/Data/Images/ID000074_Christopher-Walken/Fake/03.png (3/10)
2026-07-31 16:08:17,498 | INFO | Q000587 | ID000074 | Fake | Partial -- only 3/10 found among 1 candidates
2026-07-31 16:08:19,894 | INFO | Q000588 | ID000074 | Fake | Saved rank 15 -> /home/amna/Real-vs-Fake/Data/Images/ID000074_Christopher-Walken/Fake/04.jpg (4/10)
2026-07-31 16:08:21,885 | INFO | Q000588 | ID000074 | Fake | Saved rank 30 -> /home/amna/Real-vs-Fake/Data/Images/ID000074_Christopher-Walken/Fake/05.jpg (5/10)
2026-07-31 16:08:21,885 | INFO | Q000588 | ID000074 | Fake | Partial -- only 5/10 found among 2 candidates
2026-07-31 16:08:23,206 | INFO | Q000589 | ID000074 | Fake | Saved rank 46 -> /home/amna/Real-vs-Fake/Data/Images/ID000074_Christopher-Walken/Fake/06.jpg (6/10)
2026-07-31 16:08:23,211 | INFO | Q000589 | ID000074 | Fake | Partial -- only 6/10 found among 1 candidates
2026-07-31 16:08:24,871 | INFO | Q000593 | ID000075 | Real | Saved rank 1 -> /home/amna/Real-vs-Fake/Data/Images/ID000075_Christopher-Nolan/Real/01.jpg (1/10)
2026-07-31 16:08:26,541 | INFO | Q000593 | ID000075 | Real | Saved rank 2 -> /home/amna/Real-vs-Fake/Data/Images/ID000075_Christopher-Nolan/Real/02.jpg (2/10)
2026-07-31 16:08:27,955 | INFO | Q000593 | ID000075 | Real | Saved rank 5 -> /home/amna/Real-vs-Fake/Data/Images/ID000075_Christopher-Nolan/Real/03.jpg (3/10)
2026-07-31 16:08:27,956 | INFO | Q000593 | ID000075 | Real | Partial -- only 3/10 found among 3 candidates
2026-07-31 16:08:29,948 | INFO | Q000594 | ID000075 | Fake | Saved rank 1 -> /home/amna/Real-vs-Fake/Data/Images/ID000075_Christopher-Nolan/Fake/01.jpg (1/10)
2026-07-31 16:08:32,681 | INFO | Q000594 | ID000075 | Fake | Saved rank 6 -> /home/amna/Real-vs-Fake/Data/Images/ID000075_Christopher-Nolan/Fake/02.jpg (2/10)
2026-07-31 16:08:32,682 | INFO | Q000594 | ID000075 | Fake | Partial -- only 2/10 found among 2 candidates
2026-07-31 16:08:33,775 | INFO | Q000595 | ID000075 | Fake | Saved rank 24 -> /home/amna/Real-vs-Fake/Data/Images/ID000075_Christopher-Nolan/Fake/03.jpg (3/10)
2026-07-31 16:08:33,775 | INFO | Q000595 | ID000075 | Fake | Partial -- only 3/10 found among 1 candidates
2026-07-31 16:08:35,546 | INFO | Q000601 | ID000076 | Real | Saved rank 1 -> /home/amna/Real-vs-Fake/Data/Images/ID000076_Clint-Eastwood/Real/01.jpg (1/10)
2026-07-31 16:08:37,272 | INFO | Q000601 | ID000076 | Real | Saved rank 2 -> /home/amna/Real-vs-Fake/Data/Images/ID000076_Clint-Eastwood/Real/02.jpg (2/10)
2026-07-31 16:08:37,272 | INFO | Q000601 | ID000076 | Real | Partial -- only 2/10 found among 2 candidates
2026-07-31 16:08:39,113 | INFO | Q000603 | ID000076 | Fake | Saved rank 10 -> /home/amna/Real-vs-Fake/Data/Images/ID000076_Clint-Eastwood/Fake/01.png (1/10)
2026-07-31 16:08:44,950 | INFO | Q000603 | ID000076 | Fake | Saved rank 13 -> /home/amna/Real-vs-Fake/Data/Images/ID000076_Clint-Eastwood/Fake/02.jpg (2/10)
2026-07-31 16:08:44,950 | INFO | Q000603 | ID000076 | Fake | Partial -- only 2/10 found among 2 candidates
2026-07-31 16:08:46,548 | INFO | Q000604 | ID000076 | Fake | Saved rank 23 -> /home/amna/Real-vs-Fake/Data/Images/ID000076_Clint-Eastwood/Fake/03.jpg (3/10)
2026-07-31 16:08:46,548 | INFO | Q000604 | ID000076 | Fake | Partial -- only 3/10 found among 1 candidates
2026-07-31 16:08:48,290 | INFO | Q000609 | ID000077 | Real | Saved rank 2 -> /home/amna/Real-vs-Fake/Data/Images/ID000077_Colin-Farrell/Real/01.jpg (1/10)
2026-07-31 16:08:48,290 | INFO | Q000609 | ID000077 | Real | Partial -- only 1/10 found among 1 candidates
2026-07-31 16:08:50,006 | INFO | Q000610 | ID000077 | Fake | Saved rank 3 -> /home/amna/Real-vs-Fake/Data/Images/ID000077_Colin-Farrell/Fake/01.jpg (1/10)
2026-07-31 16:08:50,021 | INFO | Q000610 | ID000077 | Fake | Partial -- only 1/10 found among 1 candidates
2026-07-31 16:08:51,681 | INFO | Q000612 | ID000077 | Fake | Saved rank 7 -> /home/amna/Real-vs-Fake/Data/Images/ID000077_Colin-Farrell/Fake/02.jpg (2/10)
2026-07-31 16:08:51,682 | INFO | Q000612 | ID000077 | Fake | Partial -- only 2/10 found among 1 candidates
2026-07-31 16:08:55,436 | INFO | Q000616 | ID000077 | Fake | Saved rank 19 -> /home/amna/Real-vs-Fake/Data/Images/ID000077_Colin-Farrell/Fake/03.png (3/10)
2026-07-31 16:08:55,436 | INFO | Q000616 | ID000077 | Fake | Partial -- only 3/10 found among 1 candidates
2026-07-31 16:08:58,062 | INFO | Q000617 | ID000078 | Real | Saved rank 1 -> /home/amna/Real-vs-Fake/Data/Images/ID000078_Cristanio-Ronaldo/Real/01.jpg (1/10)
2026-07-31 16:08:59,223 | INFO | Q000617 | ID000078 | Real | Saved rank 4 -> /home/amna/Real-vs-Fake/Data/Images/ID000078_Cristanio-Ronaldo/Real/02.jpg (2/10)
2026-07-31 16:08:59,223 | INFO | Q000617 | ID000078 | Real | Partial -- only 2/10 found among 2 candidates
2026-07-31 16:09:01,057 | INFO | Q000618 | ID000078 | Fake | Saved rank 18 -> /home/amna/Real-vs-Fake/Data/Images/ID000078_Cristanio-Ronaldo/Fake/01.jpg (1/10)
2026-07-31 16:09:02,713 | INFO | Q000618 | ID000078 | Fake | Saved rank 37 -> /home/amna/Real-vs-Fake/Data/Images/ID000078_Cristanio-Ronaldo/Fake/02.jpg (2/10)
2026-07-31 16:09:02,713 | INFO | Q000618 | ID000078 | Fake | Partial -- only 2/10 found among 2 candidates
2026-07-31 16:09:04,688 | INFO | Q000620 | ID000078 | Fake | Saved rank 4 -> /home/amna/Real-vs-Fake/Data/Images/ID000078_Cristanio-Ronaldo/Fake/03.jpg (3/10)
2026-07-31 16:09:04,688 | INFO | Q000620 | ID000078 | Fake | Partial -- only 3/10 found among 1 candidates
2026-07-31 16:09:06,496 | INFO | Q000625 | ID000079 | Real | Saved rank 2 -> /home/amna/Real-vs-Fake/Data/Images/ID000079_Dan-Aykroyd/Real/01.jpg (1/10)
2026-07-31 16:09:08,195 | INFO | Q000625 | ID000079 | Real | Saved rank 4 -> /home/amna/Real-vs-Fake/Data/Images/ID000079_Dan-Aykroyd/Real/02.jpg (2/10)
2026-07-31 16:09:08,196 | INFO | Q000625 | ID000079 | Real | Partial -- only 2/10 found among 2 candidates
2026-07-31 16:09:10,369 | INFO | Q000628 | ID000079 | Fake | Saved rank 26 -> /home/amna/Real-vs-Fake/Data/Images/ID000079_Dan-Aykroyd/Fake/01.jpg (1/10)
2026-07-31 16:09:10,369 | INFO | Q000628 | ID000079 | Fake | Partial -- only 1/10 found among 1 candidates
2026-07-31 16:09:11,997 | INFO | Q000633 | ID000080 | Real | Saved rank 1 -> /home/amna/Real-vs-Fake/Data/Images/ID000080_Daniel-Day-Lewis/Real/01.jpg (1/10)
2026-07-31 16:09:13,671 | INFO | Q000633 | ID000080 | Real | Saved rank 3 -> /home/amna/Real-vs-Fake/Data/Images/ID000080_Daniel-Day-Lewis/Real/02.jpg (2/10)
2026-07-31 16:09:13,693 | INFO | Q000633 | ID000080 | Real | Partial -- only 2/10 found among 2 candidates
2026-07-31 16:09:15,319 | INFO | Q000634 | ID000080 | Fake | Saved rank 1 -> /home/amna/Real-vs-Fake/Data/Images/ID000080_Daniel-Day-Lewis/Fake/01.jpg (1/10)
2026-07-31 16:09:17,020 | INFO | Q000634 | ID000080 | Fake | Saved rank 4 -> /home/amna/Real-vs-Fake/Data/Images/ID000080_Daniel-Day-Lewis/Fake/02.jpg (2/10)
2026-07-31 16:09:17,020 | INFO | Q000634 | ID000080 | Fake | Partial -- only 2/10 found among 2 candidates
2026-07-31 16:09:18,473 | INFO | Q000640 | ID000080 | Fake | Saved rank 7 -> /home/amna/Real-vs-Fake/Data/Images/ID000080_Daniel-Day-Lewis/Fake/03.jpg (3/10)
2026-07-31 16:09:18,474 | INFO | Q000640 | ID000080 | Fake | Partial -- only 3/10 found among 1 candidates
2026-07-31 16:09:20,034 | INFO | Q000641 | ID000081 | Real | Saved rank 2 -> /home/amna/Real-vs-Fake/Data/Images/ID000081_Daniel-Radcliffe/Real/01.jpg (1/10)
2026-07-31 16:09:21,658 | INFO | Q000641 | ID000081 | Real | Saved rank 3 -> /home/amna/Real-vs-Fake/Data/Images/ID000081_Daniel-Radcliffe/Real/02.jpg (2/10)
2026-07-31 16:09:21,658 | INFO | Q000641 | ID000081 | Real | Partial -- only 2/10 found among 2 candidates
2026-07-31 16:09:23,625 | INFO | Q000642 | ID000081 | Fake | Saved rank 10 -> /home/amna/Real-vs-Fake/Data/Images/ID000081_Daniel-Radcliffe/Fake/01.jpg (1/10)
2026-07-31 16:09:25,139 | INFO | Q000642 | ID000081 | Fake | Saved rank 50 -> /home/amna/Real-vs-Fake/Data/Images/ID000081_Daniel-Radcliffe/Fake/02.jpg (2/10)
2026-07-31 16:09:25,161 | INFO | Q000642 | ID000081 | Fake | Partial -- only 2/10 found among 2 candidates
2026-07-31 16:09:27,059 | INFO | Q000644 | ID000081 | Fake | Saved rank 16 -> /home/amna/Real-vs-Fake/Data/Images/ID000081_Daniel-Radcliffe/Fake/03.jpg (3/10)
2026-07-31 16:09:28,881 | INFO | Q000644 | ID000081 | Fake | Saved rank 21 -> /home/amna/Real-vs-Fake/Data/Images/ID000081_Daniel-Radcliffe/Fake/04.jpg (4/10)
2026-07-31 16:09:28,882 | INFO | Q000644 | ID000081 | Fake | Partial -- only 4/10 found among 2 candidates
2026-07-31 16:09:30,787 | INFO | Q000645 | ID000081 | Fake | Saved rank 1 -> /home/amna/Real-vs-Fake/Data/Images/ID000081_Daniel-Radcliffe/Fake/05.jpg (5/10)
2026-07-31 16:09:32,141 | INFO | Q000645 | ID000081 | Fake | Saved rank 4 -> /home/amna/Real-vs-Fake/Data/Images/ID000081_Daniel-Radcliffe/Fake/06.jpg (6/10)
2026-07-31 16:09:32,142 | INFO | Q000645 | ID000081 | Fake | Partial -- only 6/10 found among 2 candidates
2026-07-31 16:09:34,571 | INFO | Q000657 | ID000083 | Real | Saved rank 2 -> /home/amna/Real-vs-Fake/Data/Images/ID000083_David-Arquette/Real/01.jpg (1/10)
2026-07-31 16:09:34,571 | INFO | Q000657 | ID000083 | Real | Partial -- only 1/10 found among 1 candidates
2026-07-31 16:09:36,199 | INFO | Q000664 | ID000083 | Fake | Saved rank 39 -> /home/amna/Real-vs-Fake/Data/Images/ID000083_David-Arquette/Fake/01.jpg (1/10)
2026-07-31 16:09:37,753 | INFO | Q000664 | ID000083 | Fake | Saved rank 40 -> /home/amna/Real-vs-Fake/Data/Images/ID000083_David-Arquette/Fake/02.jpg (2/10)
2026-07-31 16:09:39,214 | INFO | Q000664 | ID000083 | Fake | Saved rank 43 -> /home/amna/Real-vs-Fake/Data/Images/ID000083_David-Arquette/Fake/03.jpg (3/10)
2026-07-31 16:09:39,214 | INFO | Q000664 | ID000083 | Fake | Partial -- only 3/10 found among 3 candidates
2026-07-31 16:09:41,523 | INFO | Q000665 | ID000084 | Real | Saved rank 1 -> /home/amna/Real-vs-Fake/Data/Images/ID000084_David-Miller/Real/01.png (1/10)
2026-07-31 16:09:41,523 | INFO | Q000665 | ID000084 | Real | Partial -- only 1/10 found among 1 candidates
2026-07-31 16:09:43,074 | INFO | Q000666 | ID000084 | Fake | Saved rank 4 -> /home/amna/Real-vs-Fake/Data/Images/ID000084_David-Miller/Fake/01.jpg (1/10)
2026-07-31 16:09:43,075 | INFO | Q000666 | ID000084 | Fake | Partial -- only 1/10 found among 1 candidates
2026-07-31 16:09:44,709 | INFO | Q000669 | ID000084 | Fake | rank 45 failed (http_403), trying next candidate
2026-07-31 16:09:44,710 | INFO | Q000669 | ID000084 | Fake | Partial -- only 1/10 found among 1 candidates
2026-07-31 16:09:46,249 | INFO | Q000673 | ID000085 | Real | Saved rank 5 -> /home/amna/Real-vs-Fake/Data/Images/ID000085_Demet-Özdemir/Real/01.jpg (1/10)
2026-07-31 16:09:48,104 | INFO | Q000673 | ID000085 | Real | Saved rank 6 -> /home/amna/Real-vs-Fake/Data/Images/ID000085_Demet-Özdemir/Real/02.jpg (2/10)
2026-07-31 16:09:48,105 | INFO | Q000673 | ID000085 | Real | Partial -- only 2/10 found among 2 candidates
2026-07-31 16:09:50,680 | INFO | Q000678 | ID000085 | Fake | Saved rank 11 -> /home/amna/Real-vs-Fake/Data/Images/ID000085_Demet-Özdemir/Fake/01.jpg (1/10)
2026-07-31 16:09:50,681 | INFO | Q000678 | ID000085 | Fake | Partial -- only 1/10 found among 1 candidates
2026-07-31 16:09:52,861 | INFO | Q000681 | ID000086 | Real | Saved rank 2 -> /home/amna/Real-vs-Fake/Data/Images/ID000086_Derrick-Henry/Real/01.png (1/10)
2026-07-31 16:09:52,861 | INFO | Q000681 | ID000086 | Real | Partial -- only 1/10 found among 1 candidates
2026-07-31 16:09:54,950 | INFO | Q000682 | ID000086 | Fake | Saved rank 1 -> /home/amna/Real-vs-Fake/Data/Images/ID000086_Derrick-Henry/Fake/01.jpg (1/10)
2026-07-31 16:09:54,950 | INFO | Q000682 | ID000086 | Fake | Partial -- only 1/10 found among 1 candidates
2026-07-31 16:09:56,576 | INFO | Q000687 | ID000086 | Fake | Saved rank 46 -> /home/amna/Real-vs-Fake/Data/Images/ID000086_Derrick-Henry/Fake/02.jpg (2/10)
2026-07-31 16:09:56,576 | INFO | Q000687 | ID000086 | Fake | Partial -- only 2/10 found among 1 candidates
2026-07-31 16:09:58,017 | INFO | Q000697 | ID000088 | Real | Saved rank 1 -> /home/amna/Real-vs-Fake/Data/Images/ID000088_Diane-Kruger/Real/01.jpg (1/10)
2026-07-31 16:09:59,165 | INFO | Q000697 | ID000088 | Real | Saved rank 3 -> /home/amna/Real-vs-Fake/Data/Images/ID000088_Diane-Kruger/Real/02.jpg (2/10)
2026-07-31 16:09:59,165 | INFO | Q000697 | ID000088 | Real | Partial -- only 2/10 found among 2 candidates
2026-07-31 16:10:01,036 | INFO | Q000698 | ID000088 | Fake | Saved rank 1 -> /home/amna/Real-vs-Fake/Data/Images/ID000088_Diane-Kruger/Fake/01.jpg (1/10)
2026-07-31 16:10:02,328 | INFO | Q000698 | ID000088 | Fake | Saved rank 5 -> /home/amna/Real-vs-Fake/Data/Images/ID000088_Diane-Kruger/Fake/02.jpg (2/10)
2026-07-31 16:10:02,329 | INFO | Q000698 | ID000088 | Fake | Partial -- only 2/10 found among 2 candidates
2026-07-31 16:10:04,420 | INFO | Q000699 | ID000088 | Fake | Saved rank 4 -> /home/amna/Real-vs-Fake/Data/Images/ID000088_Diane-Kruger/Fake/03.jpg (3/10)
2026-07-31 16:10:05,742 | INFO | Q000699 | ID000088 | Fake | Saved rank 41 -> /home/amna/Real-vs-Fake/Data/Images/ID000088_Diane-Kruger/Fake/04.jpg (4/10)
2026-07-31 16:10:05,742 | INFO | Q000699 | ID000088 | Fake | Partial -- only 4/10 found among 2 candidates
2026-07-31 16:10:07,281 | INFO | Q000700 | ID000088 | Fake | Saved rank 10 -> /home/amna/Real-vs-Fake/Data/Images/ID000088_Diane-Kruger/Fake/05.jpg (5/10)
2026-07-31 16:10:07,281 | INFO | Q000700 | ID000088 | Fake | Partial -- only 5/10 found among 1 candidates
2026-07-31 16:10:08,980 | INFO | Q000703 | ID000088 | Fake | Saved rank 25 -> /home/amna/Real-vs-Fake/Data/Images/ID000088_Diane-Kruger/Fake/06.jpg (6/10)
2026-07-31 16:10:08,981 | INFO | Q000703 | ID000088 | Fake | Partial -- only 6/10 found among 1 candidates
2026-07-31 16:10:11,090 | INFO | Q000704 | ID000088 | Fake | Saved rank 1 -> /home/amna/Real-vs-Fake/Data/Images/ID000088_Diane-Kruger/Fake/07.png (7/10)
2026-07-31 16:10:11,090 | INFO | Q000704 | ID000088 | Fake | Partial -- only 7/10 found among 1 candidates
2026-07-31 16:10:12,725 | INFO | Q000705 | ID000089 | Real | Saved rank 3 -> /home/amna/Real-vs-Fake/Data/Images/ID000089_Diane-Lane/Real/01.jpg (1/10)
2026-07-31 16:10:12,726 | INFO | Q000705 | ID000089 | Real | Partial -- only 1/10 found among 1 candidates
2026-07-31 16:10:14,742 | INFO | Q000706 | ID000089 | Fake | Saved rank 1 -> /home/amna/Real-vs-Fake/Data/Images/ID000089_Diane-Lane/Fake/01.jpg (1/10)
2026-07-31 16:10:16,559 | INFO | Q000706 | ID000089 | Fake | Saved rank 2 -> /home/amna/Real-vs-Fake/Data/Images/ID000089_Diane-Lane/Fake/02.jpg (2/10)
2026-07-31 16:10:18,328 | INFO | Q000706 | ID000089 | Fake | Saved rank 3 -> /home/amna/Real-vs-Fake/Data/Images/ID000089_Diane-Lane/Fake/03.jpg (3/10)
2026-07-31 16:10:18,328 | INFO | Q000706 | ID000089 | Fake | Partial -- only 3/10 found among 3 candidates
2026-07-31 16:10:19,994 | INFO | Q000708 | ID000089 | Fake | Saved rank 7 -> /home/amna/Real-vs-Fake/Data/Images/ID000089_Diane-Lane/Fake/04.jpg (4/10)
2026-07-31 16:10:19,994 | INFO | Q000708 | ID000089 | Fake | Partial -- only 4/10 found among 1 candidates
2026-07-31 16:10:19,995 | INFO | ============================================================
2026-07-31 16:10:19,995 | INFO | STEP 4 RUN COMPLETE
2026-07-31 16:10:19,995 | INFO | Success (target reached) : 0
2026-07-31 16:10:19,995 | INFO | Partial (some, not all)  : 123
2026-07-31 16:10:19,995 | INFO | Discarded (no image)     : 0
2026-07-31 16:10:19,995 | INFO | Errors (will retry)      : 0
2026-07-31 16:10:19,995 | INFO | Remaining                : 0
2026-07-31 16:10:19,995 | INFO | ============================================================
2026-07-31 16:34:08,094 | INFO | Computed 111 PAIRED identities directly from candidate_urls.csv
2026-07-31 16:34:08,196 | INFO | ID000095 | Skipped -- no Real/Fake pair (Real-only or Fake-only)
2026-07-31 16:34:08,197 | INFO | ID000102 | Skipped -- no Real/Fake pair (Real-only or Fake-only)
2026-07-31 16:34:08,197 | INFO | ID000115 | Skipped -- no Real/Fake pair (Real-only or Fake-only)
2026-07-31 16:34:08,198 | INFO | ID000120 | Skipped -- no Real/Fake pair (Real-only or Fake-only)
2026-07-31 16:34:08,198 | INFO | ID000125 | Skipped -- no Real/Fake pair (Real-only or Fake-only)
2026-07-31 16:34:08,198 | INFO | ID000126 | Skipped -- no Real/Fake pair (Real-only or Fake-only)
2026-07-31 16:34:08,199 | INFO | ID000128 | Skipped -- no Real/Fake pair (Real-only or Fake-only)
2026-07-31 16:34:08,199 | INFO | ID000130 | Skipped -- no Real/Fake pair (Real-only or Fake-only)
2026-07-31 16:34:08,199 | INFO | ID000132 | Skipped -- no Real/Fake pair (Real-only or Fake-only)
2026-07-31 16:34:08,218 | INFO | ============================================================
2026-07-31 16:34:08,218 | INFO | STEP 4 START (Image Download, paired identities only)
2026-07-31 16:34:08,218 | INFO | Paired identities          : 111
2026-07-31 16:34:08,218 | INFO | Unpaired identities skipped: 19
2026-07-31 16:34:08,218 | INFO | Total identity/type groups : 360
2026-07-31 16:34:08,218 | INFO | Already completed          : 175
2026-07-31 16:34:08,218 | INFO | Remaining pending          : 118
2026-07-31 16:34:08,218 | INFO | Groups this run            : 118
2026-07-31 16:34:08,218 | INFO | ============================================================
2026-07-31 16:34:10,248 | INFO | Q000713 | ID000090 | Real | Saved rank 1 -> /home/amna/Real-vs-Fake/Data/Images/ID000090_Domhnall-Gleeson/Real/01.jpg (1/10)
2026-07-31 16:34:12,440 | INFO | Q000713 | ID000090 | Real | Saved rank 3 -> /home/amna/Real-vs-Fake/Data/Images/ID000090_Domhnall-Gleeson/Real/02.jpg (2/10)
2026-07-31 16:34:12,441 | INFO | Q000713 | ID000090 | Real | Partial -- only 2/10 found among 2 candidates
2026-07-31 16:34:14,475 | INFO | Q000715 | ID000090 | Fake | Saved rank 27 -> /home/amna/Real-vs-Fake/Data/Images/ID000090_Domhnall-Gleeson/Fake/01.jpg (1/10)
2026-07-31 16:34:14,475 | INFO | Q000715 | ID000090 | Fake | Partial -- only 1/10 found among 1 candidates
2026-07-31 16:34:16,295 | INFO | Q000719 | ID000090 | Fake | Saved rank 1 -> /home/amna/Real-vs-Fake/Data/Images/ID000090_Domhnall-Gleeson/Fake/02.jpg (2/10)
2026-07-31 16:34:18,135 | INFO | Q000719 | ID000090 | Fake | Saved rank 2 -> /home/amna/Real-vs-Fake/Data/Images/ID000090_Domhnall-Gleeson/Fake/03.jpg (3/10)
2026-07-31 16:34:19,960 | INFO | Q000719 | ID000090 | Fake | Saved rank 3 -> /home/amna/Real-vs-Fake/Data/Images/ID000090_Domhnall-Gleeson/Fake/04.jpg (4/10)
2026-07-31 16:34:19,960 | INFO | Q000719 | ID000090 | Fake | Partial -- only 4/10 found among 3 candidates
2026-07-31 16:34:21,410 | INFO | Q000720 | ID000090 | Fake | Saved rank 20 -> /home/amna/Real-vs-Fake/Data/Images/ID000090_Domhnall-Gleeson/Fake/05.jpg (5/10)
2026-07-31 16:34:22,596 | INFO | Q000720 | ID000090 | Fake | Saved rank 31 -> /home/amna/Real-vs-Fake/Data/Images/ID000090_Domhnall-Gleeson/Fake/06.jpg (6/10)
2026-07-31 16:34:22,597 | INFO | Q000720 | ID000090 | Fake | Partial -- only 6/10 found among 2 candidates
2026-07-31 16:34:24,312 | INFO | Q000721 | ID000091 | Real | Saved rank 2 -> /home/amna/Real-vs-Fake/Data/Images/ID000091_Dustin-Hoffman/Real/01.jpg (1/10)
2026-07-31 16:34:24,313 | INFO | Q000721 | ID000091 | Real | Partial -- only 1/10 found among 1 candidates
2026-07-31 16:34:26,648 | INFO | Q000722 | ID000091 | Fake | Saved rank 24 -> /home/amna/Real-vs-Fake/Data/Images/ID000091_Dustin-Hoffman/Fake/01.jpg (1/10)
2026-07-31 16:34:26,652 | INFO | Q000722 | ID000091 | Fake | Partial -- only 1/10 found among 1 candidates
2026-07-31 16:34:28,300 | INFO | Q000727 | ID000091 | Fake | Saved rank 31 -> /home/amna/Real-vs-Fake/Data/Images/ID000091_Dustin-Hoffman/Fake/02.jpg (2/10)
2026-07-31 16:34:28,301 | INFO | Q000727 | ID000091 | Fake | Partial -- only 2/10 found among 1 candidates
2026-07-31 16:34:30,214 | INFO | Q000729 | ID000092 | Real | Saved rank 2 -> /home/amna/Real-vs-Fake/Data/Images/ID000092_Dwayne-Johnson/Real/01.png (1/10)
2026-07-31 16:34:35,598 | INFO | Q000729 | ID000092 | Real | Saved rank 3 -> /home/amna/Real-vs-Fake/Data/Images/ID000092_Dwayne-Johnson/Real/02.jpg (2/10)
2026-07-31 16:34:35,598 | INFO | Q000729 | ID000092 | Real | Partial -- only 2/10 found among 2 candidates
2026-07-31 16:34:37,298 | INFO | Q000730 | ID000092 | Fake | Saved rank 12 -> /home/amna/Real-vs-Fake/Data/Images/ID000092_Dwayne-Johnson/Fake/01.jpg (1/10)
2026-07-31 16:34:37,298 | INFO | Q000730 | ID000092 | Fake | Partial -- only 1/10 found among 1 candidates
2026-07-31 16:34:38,698 | INFO | Q000731 | ID000092 | Fake | Saved rank 2 -> /home/amna/Real-vs-Fake/Data/Images/ID000092_Dwayne-Johnson/Fake/02.png (2/10)
2026-07-31 16:34:46,721 | INFO | Q000731 | ID000092 | Fake | Saved rank 19 -> /home/amna/Real-vs-Fake/Data/Images/ID000092_Dwayne-Johnson/Fake/03.jpg (3/10)
2026-07-31 16:34:46,721 | INFO | Q000731 | ID000092 | Fake | Partial -- only 3/10 found among 2 candidates
2026-07-31 16:34:48,536 | INFO | Q000732 | ID000092 | Fake | Saved rank 32 -> /home/amna/Real-vs-Fake/Data/Images/ID000092_Dwayne-Johnson/Fake/04.jpg (4/10)
2026-07-31 16:34:50,166 | INFO | Q000732 | ID000092 | Fake | Saved rank 37 -> /home/amna/Real-vs-Fake/Data/Images/ID000092_Dwayne-Johnson/Fake/05.jpg (5/10)
2026-07-31 16:34:50,166 | INFO | Q000732 | ID000092 | Fake | Partial -- only 5/10 found among 2 candidates
2026-07-31 16:34:51,530 | INFO | Q000737 | ID000093 | Real | Saved rank 2 -> /home/amna/Real-vs-Fake/Data/Images/ID000093_Dylan-O/Real/01.jpg (1/10)
2026-07-31 16:34:51,530 | INFO | Q000737 | ID000093 | Real | Partial -- only 1/10 found among 1 candidates
2026-07-31 16:34:53,255 | INFO | Q000738 | ID000093 | Fake | Saved rank 7 -> /home/amna/Real-vs-Fake/Data/Images/ID000093_Dylan-O/Fake/01.jpg (1/10)
2026-07-31 16:34:55,103 | INFO | Q000738 | ID000093 | Fake | Saved rank 8 -> /home/amna/Real-vs-Fake/Data/Images/ID000093_Dylan-O/Fake/02.jpg (2/10)
2026-07-31 16:34:55,103 | INFO | Q000738 | ID000093 | Fake | Partial -- only 2/10 found among 2 candidates
2026-07-31 16:34:57,050 | INFO | Q000741 | ID000093 | Fake | Saved rank 25 -> /home/amna/Real-vs-Fake/Data/Images/ID000093_Dylan-O/Fake/03.jpg (3/10)
2026-07-31 16:34:57,051 | INFO | Q000741 | ID000093 | Fake | Partial -- only 3/10 found among 1 candidates
2026-07-31 16:34:58,601 | INFO | Q000761 | ID000096 | Real | Saved rank 1 -> /home/amna/Real-vs-Fake/Data/Images/ID000096_Elizabeth-Banks/Real/01.jpg (1/10)
2026-07-31 16:34:59,955 | INFO | Q000761 | ID000096 | Real | Saved rank 3 -> /home/amna/Real-vs-Fake/Data/Images/ID000096_Elizabeth-Banks/Real/02.jpg (2/10)
2026-07-31 16:34:59,956 | INFO | Q000761 | ID000096 | Real | Partial -- only 2/10 found among 2 candidates
2026-07-31 16:35:01,690 | INFO | Q000762 | ID000096 | Fake | Saved rank 4 -> /home/amna/Real-vs-Fake/Data/Images/ID000096_Elizabeth-Banks/Fake/01.jpg (1/10)
2026-07-31 16:35:01,690 | INFO | Q000762 | ID000096 | Fake | Partial -- only 1/10 found among 1 candidates
2026-07-31 16:35:03,257 | INFO | Q000764 | ID000096 | Fake | Saved rank 5 -> /home/amna/Real-vs-Fake/Data/Images/ID000096_Elizabeth-Banks/Fake/02.jpg (2/10)
2026-07-31 16:35:03,257 | INFO | Q000764 | ID000096 | Fake | Partial -- only 2/10 found among 1 candidates
2026-07-31 16:35:05,089 | INFO | Q000765 | ID000096 | Fake | Saved rank 10 -> /home/amna/Real-vs-Fake/Data/Images/ID000096_Elizabeth-Banks/Fake/03.jpg (3/10)
2026-07-31 16:35:06,409 | INFO | Q000765 | ID000096 | Fake | Saved rank 44 -> /home/amna/Real-vs-Fake/Data/Images/ID000096_Elizabeth-Banks/Fake/04.jpg (4/10)
2026-07-31 16:35:06,410 | INFO | Q000765 | ID000096 | Fake | Partial -- only 4/10 found among 2 candidates
2026-07-31 16:35:07,976 | INFO | Q000769 | ID000097 | Real | Saved rank 2 -> /home/amna/Real-vs-Fake/Data/Images/ID000097_Elizabeth-Taylor/Real/01.jpg (1/10)
2026-07-31 16:35:09,544 | INFO | Q000769 | ID000097 | Real | Saved rank 3 -> /home/amna/Real-vs-Fake/Data/Images/ID000097_Elizabeth-Taylor/Real/02.jpg (2/10)
2026-07-31 16:35:09,545 | INFO | Q000769 | ID000097 | Real | Partial -- only 2/10 found among 2 candidates
2026-07-31 16:35:14,541 | INFO | Q000771 | ID000097 | Fake | Saved rank 4 -> /home/amna/Real-vs-Fake/Data/Images/ID000097_Elizabeth-Taylor/Fake/01.jpg (1/10)
2026-07-31 16:35:14,542 | INFO | Q000771 | ID000097 | Fake | Partial -- only 1/10 found among 1 candidates
2026-07-31 16:35:16,055 | INFO | Q000772 | ID000097 | Fake | Saved rank 15 -> /home/amna/Real-vs-Fake/Data/Images/ID000097_Elizabeth-Taylor/Fake/02.jpg (2/10)
2026-07-31 16:35:16,055 | INFO | Q000772 | ID000097 | Fake | Partial -- only 2/10 found among 1 candidates
2026-07-31 16:35:18,279 | INFO | Q000773 | ID000097 | Fake | Saved rank 29 -> /home/amna/Real-vs-Fake/Data/Images/ID000097_Elizabeth-Taylor/Fake/03.jpg (3/10)
2026-07-31 16:35:18,280 | INFO | Q000773 | ID000097 | Fake | Partial -- only 3/10 found among 1 candidates
2026-07-31 16:35:19,458 | INFO | Q000777 | ID000098 | Real | Saved rank 3 -> /home/amna/Real-vs-Fake/Data/Images/ID000098_Ellyse-Perry/Real/01.jpg (1/10)
2026-07-31 16:35:21,629 | INFO | Q000777 | ID000098 | Real | Saved rank 4 -> /home/amna/Real-vs-Fake/Data/Images/ID000098_Ellyse-Perry/Real/02.jpg (2/10)
2026-07-31 16:35:21,629 | INFO | Q000777 | ID000098 | Real | Partial -- only 2/10 found among 2 candidates
2026-07-31 16:35:23,252 | INFO | Q000783 | ID000098 | Fake | Saved rank 6 -> /home/amna/Real-vs-Fake/Data/Images/ID000098_Ellyse-Perry/Fake/01.jpg (1/10)
2026-07-31 16:35:24,910 | INFO | Q000783 | ID000098 | Fake | Saved rank 35 -> /home/amna/Real-vs-Fake/Data/Images/ID000098_Ellyse-Perry/Fake/02.jpg (2/10)
2026-07-31 16:35:24,911 | INFO | Q000783 | ID000098 | Fake | Partial -- only 2/10 found among 2 candidates
2026-07-31 16:35:26,171 | INFO | Q000785 | ID000099 | Real | Saved rank 2 -> /home/amna/Real-vs-Fake/Data/Images/ID000099_Elon-Musk/Real/01.png (1/10)
2026-07-31 16:35:26,171 | INFO | Q000785 | ID000099 | Real | Partial -- only 1/10 found among 1 candidates
2026-07-31 16:35:27,391 | INFO | Q000786 | ID000099 | Fake | Saved rank 31 -> /home/amna/Real-vs-Fake/Data/Images/ID000099_Elon-Musk/Fake/01.jpg (1/10)
2026-07-31 16:35:29,030 | INFO | Q000786 | ID000099 | Fake | Saved rank 40 -> /home/amna/Real-vs-Fake/Data/Images/ID000099_Elon-Musk/Fake/02.png (2/10)
2026-07-31 16:35:29,030 | INFO | Q000786 | ID000099 | Fake | Partial -- only 2/10 found among 2 candidates
2026-07-31 16:35:36,128 | INFO | Q000787 | ID000099 | Fake | Saved rank 17 -> /home/amna/Real-vs-Fake/Data/Images/ID000099_Elon-Musk/Fake/03.jpg (3/10)
2026-07-31 16:35:36,137 | INFO | Q000787 | ID000099 | Fake | Partial -- only 3/10 found among 1 candidates
2026-07-31 16:35:38,175 | INFO | Q000789 | ID000099 | Fake | Saved rank 5 -> /home/amna/Real-vs-Fake/Data/Images/ID000099_Elon-Musk/Fake/04.jpg (4/10)
2026-07-31 16:35:38,175 | INFO | Q000789 | ID000099 | Fake | Partial -- only 4/10 found among 1 candidates
2026-07-31 16:35:40,615 | INFO | Q000793 | ID000100 | Real | Saved rank 2 -> /home/amna/Real-vs-Fake/Data/Images/ID000100_Emily-Blunt/Real/01.jpg (1/10)
2026-07-31 16:35:40,616 | INFO | Q000793 | ID000100 | Real | Partial -- only 1/10 found among 1 candidates
2026-07-31 16:35:42,849 | INFO | Q000794 | ID000100 | Fake | Saved rank 1 -> /home/amna/Real-vs-Fake/Data/Images/ID000100_Emily-Blunt/Fake/01.jpg (1/10)
2026-07-31 16:35:44,693 | INFO | Q000794 | ID000100 | Fake | Saved rank 8 -> /home/amna/Real-vs-Fake/Data/Images/ID000100_Emily-Blunt/Fake/02.jpg (2/10)
2026-07-31 16:35:44,693 | INFO | Q000794 | ID000100 | Fake | Partial -- only 2/10 found among 2 candidates
2026-07-31 16:35:52,225 | INFO | Q000795 | ID000100 | Fake | Saved rank 6 -> /home/amna/Real-vs-Fake/Data/Images/ID000100_Emily-Blunt/Fake/03.jpg (3/10)
2026-07-31 16:35:52,225 | INFO | Q000795 | ID000100 | Fake | Partial -- only 3/10 found among 1 candidates
2026-07-31 16:35:54,108 | INFO | Q000796 | ID000100 | Fake | Saved rank 18 -> /home/amna/Real-vs-Fake/Data/Images/ID000100_Emily-Blunt/Fake/04.jpg (4/10)
2026-07-31 16:35:54,108 | INFO | Q000796 | ID000100 | Fake | Partial -- only 4/10 found among 1 candidates
2026-07-31 16:35:55,515 | INFO | Q000801 | ID000101 | Real | Saved rank 1 -> /home/amna/Real-vs-Fake/Data/Images/ID000101_Emma-Roberts/Real/01.jpg (1/10)
2026-07-31 16:35:57,248 | INFO | Q000801 | ID000101 | Real | Saved rank 2 -> /home/amna/Real-vs-Fake/Data/Images/ID000101_Emma-Roberts/Real/02.jpg (2/10)
2026-07-31 16:35:57,249 | INFO | Q000801 | ID000101 | Real | Partial -- only 2/10 found among 2 candidates
2026-07-31 16:35:59,310 | INFO | Q000802 | ID000101 | Fake | Saved rank 2 -> /home/amna/Real-vs-Fake/Data/Images/ID000101_Emma-Roberts/Fake/01.jpg (1/10)
2026-07-31 16:36:01,348 | INFO | Q000802 | ID000101 | Fake | Saved rank 3 -> /home/amna/Real-vs-Fake/Data/Images/ID000101_Emma-Roberts/Fake/02.jpg (2/10)
2026-07-31 16:36:01,348 | INFO | Q000802 | ID000101 | Fake | Partial -- only 2/10 found among 2 candidates
2026-07-31 16:36:03,395 | INFO | Q000803 | ID000101 | Fake | Saved rank 26 -> /home/amna/Real-vs-Fake/Data/Images/ID000101_Emma-Roberts/Fake/03.webp (3/10)
2026-07-31 16:36:05,168 | INFO | Q000803 | ID000101 | Fake | Saved rank 30 -> /home/amna/Real-vs-Fake/Data/Images/ID000101_Emma-Roberts/Fake/04.jpg (4/10)
2026-07-31 16:36:05,168 | INFO | Q000803 | ID000101 | Fake | Partial -- only 4/10 found among 2 candidates
2026-07-31 16:36:07,973 | INFO | Q000805 | ID000101 | Fake | Saved rank 6 -> /home/amna/Real-vs-Fake/Data/Images/ID000101_Emma-Roberts/Fake/05.jpg (5/10)
2026-07-31 16:36:09,312 | INFO | Q000805 | ID000101 | Fake | Saved rank 11 -> /home/amna/Real-vs-Fake/Data/Images/ID000101_Emma-Roberts/Fake/06.jpg (6/10)
2026-07-31 16:36:09,312 | INFO | Q000805 | ID000101 | Fake | Partial -- only 6/10 found among 2 candidates
2026-07-31 16:36:10,859 | INFO | Q000817 | ID000103 | Real | Saved rank 1 -> /home/amna/Real-vs-Fake/Data/Images/ID000103_Emma-Watson/Real/01.jpg (1/10)
2026-07-31 16:36:12,080 | INFO | Q000817 | ID000103 | Real | Saved rank 2 -> /home/amna/Real-vs-Fake/Data/Images/ID000103_Emma-Watson/Real/02.jpg (2/10)
2026-07-31 16:36:13,518 | INFO | Q000817 | ID000103 | Real | Saved rank 3 -> /home/amna/Real-vs-Fake/Data/Images/ID000103_Emma-Watson/Real/03.jpg (3/10)
2026-07-31 16:36:13,519 | INFO | Q000817 | ID000103 | Real | Partial -- only 3/10 found among 3 candidates
2026-07-31 16:36:16,540 | INFO | Q000819 | ID000103 | Fake | Saved rank 2 -> /home/amna/Real-vs-Fake/Data/Images/ID000103_Emma-Watson/Fake/01.jpg (1/10)
2026-07-31 16:36:17,946 | INFO | Q000819 | ID000103 | Fake | Saved rank 16 -> /home/amna/Real-vs-Fake/Data/Images/ID000103_Emma-Watson/Fake/02.jpg (2/10)
2026-07-31 16:36:17,947 | INFO | Q000819 | ID000103 | Fake | Partial -- only 2/10 found among 2 candidates
2026-07-31 16:36:19,393 | INFO | Q000825 | ID000104 | Real | Saved rank 2 -> /home/amna/Real-vs-Fake/Data/Images/ID000104_Emma-Mackey/Real/01.jpg (1/10)
2026-07-31 16:36:20,826 | INFO | Q000825 | ID000104 | Real | Saved rank 3 -> /home/amna/Real-vs-Fake/Data/Images/ID000104_Emma-Mackey/Real/02.jpg (2/10)
2026-07-31 16:36:20,826 | INFO | Q000825 | ID000104 | Real | Partial -- only 2/10 found among 2 candidates
2026-07-31 16:36:23,142 | INFO | Q000826 | ID000104 | Fake | Saved rank 2 -> /home/amna/Real-vs-Fake/Data/Images/ID000104_Emma-Mackey/Fake/01.jpg (1/10)
2026-07-31 16:36:23,143 | INFO | Q000826 | ID000104 | Fake | Partial -- only 1/10 found among 1 candidates
2026-07-31 16:36:24,369 | INFO | Q000828 | ID000104 | Fake | Saved rank 2 -> /home/amna/Real-vs-Fake/Data/Images/ID000104_Emma-Mackey/Fake/02.jpg (2/10)
2026-07-31 16:36:26,057 | INFO | Q000828 | ID000104 | Fake | Saved rank 3 -> /home/amna/Real-vs-Fake/Data/Images/ID000104_Emma-Mackey/Fake/03.jpg (3/10)
2026-07-31 16:36:27,299 | INFO | Q000828 | ID000104 | Fake | Saved rank 5 -> /home/amna/Real-vs-Fake/Data/Images/ID000104_Emma-Mackey/Fake/04.jpg (4/10)
2026-07-31 16:36:27,299 | INFO | Q000828 | ID000104 | Fake | Partial -- only 4/10 found among 3 candidates
2026-07-31 16:36:29,078 | INFO | Q000831 | ID000104 | Fake | Saved rank 10 -> /home/amna/Real-vs-Fake/Data/Images/ID000104_Emma-Mackey/Fake/05.jpg (5/10)
2026-07-31 16:36:30,974 | INFO | Q000831 | ID000104 | Fake | Saved rank 49 -> /home/amna/Real-vs-Fake/Data/Images/ID000104_Emma-Mackey/Fake/06.jpg (6/10)
2026-07-31 16:36:30,974 | INFO | Q000831 | ID000104 | Fake | Partial -- only 6/10 found among 2 candidates
2026-07-31 16:36:32,970 | INFO | Q000833 | ID000105 | Real | Saved rank 1 -> /home/amna/Real-vs-Fake/Data/Images/ID000105_Engin_Altan/Real/01.jpg (1/10)
2026-07-31 16:36:34,624 | INFO | Q000833 | ID000105 | Real | Saved rank 3 -> /home/amna/Real-vs-Fake/Data/Images/ID000105_Engin_Altan/Real/02.jpg (2/10)
2026-07-31 16:36:40,798 | INFO | Q000833 | ID000105 | Real | Saved rank 6 -> /home/amna/Real-vs-Fake/Data/Images/ID000105_Engin_Altan/Real/03.jpg (3/10)
2026-07-31 16:36:40,798 | INFO | Q000833 | ID000105 | Real | Partial -- only 3/10 found among 3 candidates
2026-07-31 16:36:41,981 | INFO | Q000835 | ID000105 | Fake | Saved rank 8 -> /home/amna/Real-vs-Fake/Data/Images/ID000105_Engin_Altan/Fake/01.jpg (1/10)
2026-07-31 16:36:43,120 | INFO | Q000835 | ID000105 | Fake | Saved rank 12 -> /home/amna/Real-vs-Fake/Data/Images/ID000105_Engin_Altan/Fake/02.jpg (2/10)
2026-07-31 16:36:43,120 | INFO | Q000835 | ID000105 | Fake | Partial -- only 2/10 found among 2 candidates
2026-07-31 16:36:44,967 | INFO | Q000841 | ID000106 | Real | Saved rank 1 -> /home/amna/Real-vs-Fake/Data/Images/ID000106_Eric-Bana/Real/01.jpg (1/10)
2026-07-31 16:36:46,358 | INFO | Q000841 | ID000106 | Real | Saved rank 2 -> /home/amna/Real-vs-Fake/Data/Images/ID000106_Eric-Bana/Real/02.jpg (2/10)
2026-07-31 16:36:46,358 | INFO | Q000841 | ID000106 | Real | Partial -- only 2/10 found among 2 candidates
2026-07-31 16:36:48,204 | INFO | Q000847 | ID000106 | Fake | Saved rank 49 -> /home/amna/Real-vs-Fake/Data/Images/ID000106_Eric-Bana/Fake/01.jpg (1/10)
2026-07-31 16:36:48,204 | INFO | Q000847 | ID000106 | Fake | Partial -- only 1/10 found among 1 candidates
2026-07-31 16:36:49,539 | INFO | Q000848 | ID000106 | Fake | Saved rank 27 -> /home/amna/Real-vs-Fake/Data/Images/ID000106_Eric-Bana/Fake/02.png (2/10)
2026-07-31 16:36:50,770 | INFO | Q000848 | ID000106 | Fake | Saved rank 28 -> /home/amna/Real-vs-Fake/Data/Images/ID000106_Eric-Bana/Fake/03.png (3/10)
2026-07-31 16:36:52,081 | INFO | Q000848 | ID000106 | Fake | Saved rank 30 -> /home/amna/Real-vs-Fake/Data/Images/ID000106_Eric-Bana/Fake/04.png (4/10)
2026-07-31 16:36:52,081 | INFO | Q000848 | ID000106 | Fake | Partial -- only 4/10 found among 3 candidates
2026-07-31 16:36:53,497 | INFO | Q000849 | ID000107 | Real | Saved rank 1 -> /home/amna/Real-vs-Fake/Data/Images/ID000107_Ethan-Hawke/Real/01.jpg (1/10)
2026-07-31 16:36:54,922 | INFO | Q000849 | ID000107 | Real | Saved rank 3 -> /home/amna/Real-vs-Fake/Data/Images/ID000107_Ethan-Hawke/Real/02.jpg (2/10)
2026-07-31 16:36:54,923 | INFO | Q000849 | ID000107 | Real | Partial -- only 2/10 found among 2 candidates
2026-07-31 16:36:57,550 | INFO | Q000850 | ID000107 | Fake | Saved rank 1 -> /home/amna/Real-vs-Fake/Data/Images/ID000107_Ethan-Hawke/Fake/01.jpg (1/10)
2026-07-31 16:36:57,550 | INFO | Q000850 | ID000107 | Fake | Partial -- only 1/10 found among 1 candidates
2026-07-31 16:36:59,225 | INFO | Q000852 | ID000107 | Fake | Saved rank 25 -> /home/amna/Real-vs-Fake/Data/Images/ID000107_Ethan-Hawke/Fake/02.jpg (2/10)
2026-07-31 16:37:00,802 | INFO | Q000852 | ID000107 | Fake | Saved rank 37 -> /home/amna/Real-vs-Fake/Data/Images/ID000107_Ethan-Hawke/Fake/03.jpg (3/10)
2026-07-31 16:37:00,802 | INFO | Q000852 | ID000107 | Fake | Partial -- only 3/10 found among 2 candidates
2026-07-31 16:37:02,097 | INFO | Q000854 | ID000107 | Fake | Saved rank 1 -> /home/amna/Real-vs-Fake/Data/Images/ID000107_Ethan-Hawke/Fake/04.jpg (4/10)
2026-07-31 16:37:02,098 | INFO | Q000854 | ID000107 | Fake | Partial -- only 4/10 found among 1 candidates
2026-07-31 16:37:03,793 | INFO | Q000855 | ID000107 | Fake | Saved rank 2 -> /home/amna/Real-vs-Fake/Data/Images/ID000107_Ethan-Hawke/Fake/05.jpg (5/10)
2026-07-31 16:37:03,793 | INFO | Q000855 | ID000107 | Fake | Partial -- only 5/10 found among 1 candidates
2026-07-31 16:37:05,422 | INFO | Q000857 | ID000108 | Real | Saved rank 1 -> /home/amna/Real-vs-Fake/Data/Images/ID000108_Eugenio-Derbez/Real/01.png (1/10)
2026-07-31 16:37:06,879 | INFO | Q000857 | ID000108 | Real | Saved rank 2 -> /home/amna/Real-vs-Fake/Data/Images/ID000108_Eugenio-Derbez/Real/02.jpg (2/10)
2026-07-31 16:37:09,140 | INFO | Q000857 | ID000108 | Real | Saved rank 4 -> /home/amna/Real-vs-Fake/Data/Images/ID000108_Eugenio-Derbez/Real/03.jpg (3/10)
2026-07-31 16:37:09,140 | INFO | Q000857 | ID000108 | Real | Partial -- only 3/10 found among 3 candidates
2026-07-31 16:37:11,109 | INFO | Q000859 | ID000108 | Fake | Saved rank 1 -> /home/amna/Real-vs-Fake/Data/Images/ID000108_Eugenio-Derbez/Fake/01.jpg (1/10)
2026-07-31 16:37:11,109 | INFO | Q000859 | ID000108 | Fake | Partial -- only 1/10 found among 1 candidates
2026-07-31 16:37:12,672 | INFO | Q000860 | ID000108 | Fake | Saved rank 1 -> /home/amna/Real-vs-Fake/Data/Images/ID000108_Eugenio-Derbez/Fake/02.jpg (2/10)
2026-07-31 16:37:12,672 | INFO | Q000860 | ID000108 | Fake | Partial -- only 2/10 found among 1 candidates
2026-07-31 16:37:14,219 | INFO | Q000863 | ID000108 | Fake | Saved rank 2 -> /home/amna/Real-vs-Fake/Data/Images/ID000108_Eugenio-Derbez/Fake/03.jpg (3/10)
2026-07-31 16:37:14,219 | INFO | Q000863 | ID000108 | Fake | Partial -- only 3/10 found among 1 candidates
2026-07-31 16:37:15,964 | INFO | Q000865 | ID000109 | Real | Saved rank 2 -> /home/amna/Real-vs-Fake/Data/Images/ID000109_Eva-Green/Real/01.jpg (1/10)
2026-07-31 16:37:15,964 | INFO | Q000865 | ID000109 | Real | Partial -- only 1/10 found among 1 candidates
2026-07-31 16:37:17,641 | INFO | Q000866 | ID000109 | Fake | Saved rank 8 -> /home/amna/Real-vs-Fake/Data/Images/ID000109_Eva-Green/Fake/01.jpg (1/10)
2026-07-31 16:37:19,855 | INFO | Q000866 | ID000109 | Fake | Saved rank 10 -> /home/amna/Real-vs-Fake/Data/Images/ID000109_Eva-Green/Fake/02.jpg (2/10)
2026-07-31 16:37:19,855 | INFO | Q000866 | ID000109 | Fake | Partial -- only 2/10 found among 2 candidates
2026-07-31 16:37:21,646 | INFO | Q000873 | ID000110 | Real | Saved rank 1 -> /home/amna/Real-vs-Fake/Data/Images/ID000110_Eva-Mendes/Real/01.jpg (1/10)
2026-07-31 16:37:23,173 | INFO | Q000873 | ID000110 | Real | Saved rank 2 -> /home/amna/Real-vs-Fake/Data/Images/ID000110_Eva-Mendes/Real/02.jpg (2/10)
2026-07-31 16:37:23,173 | INFO | Q000873 | ID000110 | Real | Partial -- only 2/10 found among 2 candidates
2026-07-31 16:37:24,699 | INFO | Q000874 | ID000110 | Fake | Saved rank 12 -> /home/amna/Real-vs-Fake/Data/Images/ID000110_Eva-Mendes/Fake/01.jpg (1/10)
2026-07-31 16:37:24,699 | INFO | Q000874 | ID000110 | Fake | Partial -- only 1/10 found among 1 candidates
2026-07-31 16:37:26,773 | INFO | Q000875 | ID000110 | Fake | Saved rank 32 -> /home/amna/Real-vs-Fake/Data/Images/ID000110_Eva-Mendes/Fake/02.jpg (2/10)
2026-07-31 16:37:29,004 | INFO | Q000875 | ID000110 | Fake | Saved rank 34 -> /home/amna/Real-vs-Fake/Data/Images/ID000110_Eva-Mendes/Fake/03.jpg (3/10)
2026-07-31 16:37:29,004 | INFO | Q000875 | ID000110 | Fake | Partial -- only 3/10 found among 2 candidates
2026-07-31 16:37:30,571 | INFO | Q000877 | ID000110 | Fake | Saved rank 19 -> /home/amna/Real-vs-Fake/Data/Images/ID000110_Eva-Mendes/Fake/04.jpg (4/10)
2026-07-31 16:37:30,571 | INFO | Q000877 | ID000110 | Fake | Partial -- only 4/10 found among 1 candidates
2026-07-31 16:37:32,303 | INFO | Q000881 | ID000111 | Real | Saved rank 1 -> /home/amna/Real-vs-Fake/Data/Images/ID000111_Ewan-McGregor/Real/01.jpg (1/10)
2026-07-31 16:37:33,778 | INFO | Q000881 | ID000111 | Real | Saved rank 2 -> /home/amna/Real-vs-Fake/Data/Images/ID000111_Ewan-McGregor/Real/02.jpg (2/10)
2026-07-31 16:37:35,184 | INFO | Q000881 | ID000111 | Real | Saved rank 3 -> /home/amna/Real-vs-Fake/Data/Images/ID000111_Ewan-McGregor/Real/03.jpg (3/10)
2026-07-31 16:37:35,184 | INFO | Q000881 | ID000111 | Real | Partial -- only 3/10 found among 3 candidates
2026-07-31 16:37:37,186 | INFO | Q000884 | ID000111 | Fake | Saved rank 1 -> /home/amna/Real-vs-Fake/Data/Images/ID000111_Ewan-McGregor/Fake/01.jpg (1/10)
2026-07-31 16:37:37,186 | INFO | Q000884 | ID000111 | Fake | Partial -- only 1/10 found among 1 candidates
2026-07-31 16:37:38,859 | INFO | Q000889 | ID000112 | Real | Saved rank 1 -> /home/amna/Real-vs-Fake/Data/Images/ID000112_Fawad-Khan/Real/01.jpg (1/10)
2026-07-31 16:37:44,482 | INFO | Q000889 | ID000112 | Real | Saved rank 4 -> /home/amna/Real-vs-Fake/Data/Images/ID000112_Fawad-Khan/Real/02.jpg (2/10)
2026-07-31 16:37:44,485 | INFO | Q000889 | ID000112 | Real | Partial -- only 2/10 found among 2 candidates
2026-07-31 16:37:45,810 | INFO | Q000890 | ID000112 | Fake | Saved rank 10 -> /home/amna/Real-vs-Fake/Data/Images/ID000112_Fawad-Khan/Fake/01.jpg (1/10)
2026-07-31 16:37:45,811 | INFO | Q000890 | ID000112 | Fake | Partial -- only 1/10 found among 1 candidates
2026-07-31 16:37:47,168 | INFO | Q000891 | ID000112 | Fake | Saved rank 45 -> /home/amna/Real-vs-Fake/Data/Images/ID000112_Fawad-Khan/Fake/02.jpg (2/10)
2026-07-31 16:37:47,168 | INFO | Q000891 | ID000112 | Fake | Partial -- only 2/10 found among 1 candidates
2026-07-31 16:37:49,110 | INFO | Q000893 | ID000112 | Fake | Saved rank 28 -> /home/amna/Real-vs-Fake/Data/Images/ID000112_Fawad-Khan/Fake/03.jpg (3/10)
2026-07-31 16:37:51,026 | INFO | Q000893 | ID000112 | Fake | Saved rank 35 -> /home/amna/Real-vs-Fake/Data/Images/ID000112_Fawad-Khan/Fake/04.jpg (4/10)
2026-07-31 16:37:51,026 | INFO | Q000893 | ID000112 | Fake | Partial -- only 4/10 found among 2 candidates
2026-07-31 16:37:52,668 | INFO | Q000897 | ID000113 | Real | Saved rank 3 -> /home/amna/Real-vs-Fake/Data/Images/ID000113_Faye-Dunaway/Real/01.jpg (1/10)
2026-07-31 16:37:52,668 | INFO | Q000897 | ID000113 | Real | Partial -- only 1/10 found among 1 candidates
2026-07-31 16:37:54,717 | INFO | Q000899 | ID000113 | Fake | Saved rank 16 -> /home/amna/Real-vs-Fake/Data/Images/ID000113_Faye-Dunaway/Fake/01.jpg (1/10)
2026-07-31 16:37:56,839 | INFO | Q000899 | ID000113 | Fake | Saved rank 25 -> /home/amna/Real-vs-Fake/Data/Images/ID000113_Faye-Dunaway/Fake/02.jpg (2/10)
2026-07-31 16:37:56,839 | INFO | Q000899 | ID000113 | Fake | Partial -- only 2/10 found among 2 candidates
2026-07-31 16:37:58,547 | INFO | Q000900 | ID000113 | Fake | Saved rank 2 -> /home/amna/Real-vs-Fake/Data/Images/ID000113_Faye-Dunaway/Fake/03.jpg (3/10)
2026-07-31 16:38:00,162 | INFO | Q000900 | ID000113 | Fake | Saved rank 6 -> /home/amna/Real-vs-Fake/Data/Images/ID000113_Faye-Dunaway/Fake/04.jpg (4/10)
2026-07-31 16:38:00,189 | INFO | Q000900 | ID000113 | Fake | Partial -- only 4/10 found among 2 candidates
2026-07-31 16:38:02,396 | INFO | Q000905 | ID000114 | Real | Saved rank 2 -> /home/amna/Real-vs-Fake/Data/Images/ID000114_Florian-Wirtz/Real/01.jpg (1/10)
2026-07-31 16:38:02,396 | INFO | Q000905 | ID000114 | Real | Partial -- only 1/10 found among 1 candidates
2026-07-31 16:38:04,042 | INFO | Q000911 | ID000114 | Fake | Saved rank 17 -> /home/amna/Real-vs-Fake/Data/Images/ID000114_Florian-Wirtz/Fake/01.jpg (1/10)
2026-07-31 16:38:05,632 | INFO | Q000911 | ID000114 | Fake | Saved rank 18 -> /home/amna/Real-vs-Fake/Data/Images/ID000114_Florian-Wirtz/Fake/02.jpg (2/10)
2026-07-31 16:38:07,477 | INFO | Q000911 | ID000114 | Fake | Saved rank 34 -> /home/amna/Real-vs-Fake/Data/Images/ID000114_Florian-Wirtz/Fake/03.jpg (3/10)
2026-07-31 16:38:07,477 | INFO | Q000911 | ID000114 | Fake | Partial -- only 3/10 found among 3 candidates
2026-07-31 16:38:09,142 | INFO | Q000921 | ID000116 | Real | Saved rank 4 -> /home/amna/Real-vs-Fake/Data/Images/ID000116_G-Dragon/Real/01.jpg (1/10)
2026-07-31 16:38:10,847 | INFO | Q000921 | ID000116 | Real | Saved rank 6 -> /home/amna/Real-vs-Fake/Data/Images/ID000116_G-Dragon/Real/02.jpg (2/10)
2026-07-31 16:38:10,847 | INFO | Q000921 | ID000116 | Real | Partial -- only 2/10 found among 2 candidates
2026-07-31 16:38:12,668 | INFO | Q000924 | ID000116 | Fake | Saved rank 4 -> /home/amna/Real-vs-Fake/Data/Images/ID000116_G-Dragon/Fake/01.jpg (1/10)
2026-07-31 16:38:12,671 | INFO | Q000924 | ID000116 | Fake | Partial -- only 1/10 found among 1 candidates
2026-07-31 16:38:14,113 | INFO | Q000929 | ID000117 | Real | Saved rank 3 -> /home/amna/Real-vs-Fake/Data/Images/ID000117_Gabriel-Boric/Real/01.jpg (1/10)
2026-07-31 16:38:14,113 | INFO | Q000929 | ID000117 | Real | Partial -- only 1/10 found among 1 candidates
2026-07-31 16:38:16,181 | INFO | Q000931 | ID000117 | Fake | Saved rank 12 -> /home/amna/Real-vs-Fake/Data/Images/ID000117_Gabriel-Boric/Fake/01.jpg (1/10)
2026-07-31 16:38:16,181 | INFO | Q000931 | ID000117 | Fake | Partial -- only 1/10 found among 1 candidates
2026-07-31 16:38:18,000 | INFO | Q000937 | ID000118 | Real | Saved rank 1 -> /home/amna/Real-vs-Fake/Data/Images/ID000118_Gene-Hackman/Real/01.jpg (1/10)
2026-07-31 16:38:19,857 | INFO | Q000937 | ID000118 | Real | Saved rank 2 -> /home/amna/Real-vs-Fake/Data/Images/ID000118_Gene-Hackman/Real/02.jpg (2/10)
2026-07-31 16:38:21,280 | INFO | Q000937 | ID000118 | Real | Saved rank 3 -> /home/amna/Real-vs-Fake/Data/Images/ID000118_Gene-Hackman/Real/03.jpg (3/10)
2026-07-31 16:38:21,281 | INFO | Q000937 | ID000118 | Real | Partial -- only 3/10 found among 3 candidates
2026-07-31 16:38:23,443 | INFO | Q000938 | ID000118 | Fake | Saved rank 1 -> /home/amna/Real-vs-Fake/Data/Images/ID000118_Gene-Hackman/Fake/01.jpg (1/10)
2026-07-31 16:38:25,362 | INFO | Q000938 | ID000118 | Fake | Saved rank 17 -> /home/amna/Real-vs-Fake/Data/Images/ID000118_Gene-Hackman/Fake/02.jpg (2/10)
2026-07-31 16:38:25,363 | INFO | Q000938 | ID000118 | Fake | Partial -- only 2/10 found among 2 candidates
2026-07-31 16:38:27,246 | INFO | Q000940 | ID000118 | Fake | Saved rank 1 -> /home/amna/Real-vs-Fake/Data/Images/ID000118_Gene-Hackman/Fake/03.jpg (3/10)
2026-07-31 16:38:27,247 | INFO | Q000940 | ID000118 | Fake | Partial -- only 3/10 found among 1 candidates
2026-07-31 16:38:29,175 | INFO | Q000944 | ID000118 | Fake | Saved rank 1 -> /home/amna/Real-vs-Fake/Data/Images/ID000118_Gene-Hackman/Fake/04.png (4/10)
2026-07-31 16:38:30,938 | INFO | Q000944 | ID000118 | Fake | Saved rank 10 -> /home/amna/Real-vs-Fake/Data/Images/ID000118_Gene-Hackman/Fake/05.png (5/10)
2026-07-31 16:38:32,736 | INFO | Q000944 | ID000118 | Fake | Saved rank 13 -> /home/amna/Real-vs-Fake/Data/Images/ID000118_Gene-Hackman/Fake/06.png (6/10)
2026-07-31 16:38:32,736 | INFO | Q000944 | ID000118 | Fake | Partial -- only 6/10 found among 3 candidates
2026-07-31 16:38:35,237 | INFO | Q000945 | ID000119 | Real | Saved rank 1 -> /home/amna/Real-vs-Fake/Data/Images/ID000119_Gene-Wilder/Real/01.jpg (1/10)
2026-07-31 16:38:36,788 | INFO | Q000945 | ID000119 | Real | Saved rank 2 -> /home/amna/Real-vs-Fake/Data/Images/ID000119_Gene-Wilder/Real/02.jpg (2/10)
2026-07-31 16:38:38,604 | INFO | Q000945 | ID000119 | Real | Saved rank 3 -> /home/amna/Real-vs-Fake/Data/Images/ID000119_Gene-Wilder/Real/03.jpg (3/10)
2026-07-31 16:38:38,604 | INFO | Q000945 | ID000119 | Real | Partial -- only 3/10 found among 3 candidates
2026-07-31 16:38:40,712 | INFO | Q000947 | ID000119 | Fake | Saved rank 17 -> /home/amna/Real-vs-Fake/Data/Images/ID000119_Gene-Wilder/Fake/01.jpg (1/10)
2026-07-31 16:38:40,716 | INFO | Q000947 | ID000119 | Fake | Partial -- only 1/10 found among 1 candidates
2026-07-31 16:38:42,467 | INFO | Q000948 | ID000119 | Fake | Saved rank 38 -> /home/amna/Real-vs-Fake/Data/Images/ID000119_Gene-Wilder/Fake/02.jpg (2/10)
2026-07-31 16:38:42,468 | INFO | Q000948 | ID000119 | Fake | Partial -- only 2/10 found among 1 candidates
2026-07-31 16:38:44,040 | INFO | Q000950 | ID000119 | Fake | Saved rank 22 -> /home/amna/Real-vs-Fake/Data/Images/ID000119_Gene-Wilder/Fake/03.jpg (3/10)
2026-07-31 16:38:44,041 | INFO | Q000950 | ID000119 | Fake | Partial -- only 3/10 found among 1 candidates
2026-07-31 16:38:45,761 | INFO | Q000961 | ID000121 | Real | Saved rank 1 -> /home/amna/Real-vs-Fake/Data/Images/ID000121_George-Clooney/Real/01.jpg (1/10)
2026-07-31 16:38:47,577 | INFO | Q000961 | ID000121 | Real | Saved rank 2 -> /home/amna/Real-vs-Fake/Data/Images/ID000121_George-Clooney/Real/02.jpg (2/10)
2026-07-31 16:38:49,138 | INFO | Q000961 | ID000121 | Real | Saved rank 3 -> /home/amna/Real-vs-Fake/Data/Images/ID000121_George-Clooney/Real/03.png (3/10)
2026-07-31 16:38:49,138 | INFO | Q000961 | ID000121 | Real | Partial -- only 3/10 found among 3 candidates
2026-07-31 16:38:50,956 | INFO | Q000962 | ID000121 | Fake | Saved rank 1 -> /home/amna/Real-vs-Fake/Data/Images/ID000121_George-Clooney/Fake/01.jpg (1/10)
2026-07-31 16:38:52,673 | INFO | Q000962 | ID000121 | Fake | Saved rank 14 -> /home/amna/Real-vs-Fake/Data/Images/ID000121_George-Clooney/Fake/02.jpg (2/10)
2026-07-31 16:38:54,245 | INFO | Q000962 | ID000121 | Fake | Saved rank 17 -> /home/amna/Real-vs-Fake/Data/Images/ID000121_George-Clooney/Fake/03.jpg (3/10)
2026-07-31 16:38:54,245 | INFO | Q000962 | ID000121 | Fake | Partial -- only 3/10 found among 3 candidates
2026-07-31 16:38:57,405 | INFO | Q000963 | ID000121 | Fake | Saved rank 9 -> /home/amna/Real-vs-Fake/Data/Images/ID000121_George-Clooney/Fake/04.jpg (4/10)
2026-07-31 16:38:57,406 | INFO | Q000963 | ID000121 | Fake | Partial -- only 4/10 found among 1 candidates
2026-07-31 16:38:59,058 | INFO | Q000964 | ID000121 | Fake | Saved rank 12 -> /home/amna/Real-vs-Fake/Data/Images/ID000121_George-Clooney/Fake/05.jpg (5/10)
2026-07-31 16:38:59,059 | INFO | Q000964 | ID000121 | Fake | Partial -- only 5/10 found among 1 candidates
2026-07-31 16:39:00,838 | INFO | Q000965 | ID000121 | Fake | Saved rank 1 -> /home/amna/Real-vs-Fake/Data/Images/ID000121_George-Clooney/Fake/06.jpg (6/10)
2026-07-31 16:39:00,839 | INFO | Q000965 | ID000121 | Fake | Partial -- only 6/10 found among 1 candidates
2026-07-31 16:39:02,524 | INFO | Q000969 | ID000122 | Real | Saved rank 1 -> /home/amna/Real-vs-Fake/Data/Images/ID000122_Gerard-Butler/Real/01.jpg (1/10)
2026-07-31 16:39:04,010 | INFO | Q000969 | ID000122 | Real | Saved rank 2 -> /home/amna/Real-vs-Fake/Data/Images/ID000122_Gerard-Butler/Real/02.jpg (2/10)
2026-07-31 16:39:04,010 | INFO | Q000969 | ID000122 | Real | Partial -- only 2/10 found among 2 candidates
2026-07-31 16:39:05,597 | INFO | Q000970 | ID000122 | Fake | Saved rank 1 -> /home/amna/Real-vs-Fake/Data/Images/ID000122_Gerard-Butler/Fake/01.jpg (1/10)
2026-07-31 16:39:09,064 | INFO | Q000970 | ID000122 | Fake | Saved rank 2 -> /home/amna/Real-vs-Fake/Data/Images/ID000122_Gerard-Butler/Fake/02.jpg (2/10)
2026-07-31 16:39:12,632 | INFO | Q000970 | ID000122 | Fake | Saved rank 14 -> /home/amna/Real-vs-Fake/Data/Images/ID000122_Gerard-Butler/Fake/03.jpg (3/10)
2026-07-31 16:39:12,633 | INFO | Q000970 | ID000122 | Fake | Partial -- only 3/10 found among 3 candidates
2026-07-31 16:39:15,720 | INFO | Q000971 | ID000122 | Fake | Saved rank 1 -> /home/amna/Real-vs-Fake/Data/Images/ID000122_Gerard-Butler/Fake/04.jpg (4/10)
2026-07-31 16:39:18,120 | INFO | Q000971 | ID000122 | Fake | Saved rank 49 -> /home/amna/Real-vs-Fake/Data/Images/ID000122_Gerard-Butler/Fake/05.jpg (5/10)
2026-07-31 16:39:18,120 | INFO | Q000971 | ID000122 | Fake | Partial -- only 5/10 found among 2 candidates
2026-07-31 16:39:21,082 | INFO | Q000972 | ID000122 | Fake | Saved rank 3 -> /home/amna/Real-vs-Fake/Data/Images/ID000122_Gerard-Butler/Fake/06.jpg (6/10)
2026-07-31 16:39:22,776 | INFO | Q000972 | ID000122 | Fake | Saved rank 6 -> /home/amna/Real-vs-Fake/Data/Images/ID000122_Gerard-Butler/Fake/07.jpg (7/10)
2026-07-31 16:39:22,777 | INFO | Q000972 | ID000122 | Fake | Partial -- only 7/10 found among 2 candidates
2026-07-31 16:39:25,706 | INFO | Q000975 | ID000122 | Fake | Saved rank 3 -> /home/amna/Real-vs-Fake/Data/Images/ID000122_Gerard-Butler/Fake/08.jpg (8/10)
2026-07-31 16:39:25,706 | INFO | Q000975 | ID000122 | Fake | Partial -- only 8/10 found among 1 candidates
2026-07-31 16:39:28,396 | INFO | Q000977 | ID000123 | Real | Saved rank 1 -> /home/amna/Real-vs-Fake/Data/Images/ID000123_Giorgia-Meloni/Real/01.jpg (1/10)
2026-07-31 16:39:30,310 | INFO | Q000977 | ID000123 | Real | Saved rank 3 -> /home/amna/Real-vs-Fake/Data/Images/ID000123_Giorgia-Meloni/Real/02.jpg (2/10)
2026-07-31 16:39:30,310 | INFO | Q000977 | ID000123 | Real | Partial -- only 2/10 found among 2 candidates
2026-07-31 16:39:32,101 | INFO | Q000978 | ID000123 | Fake | Saved rank 7 -> /home/amna/Real-vs-Fake/Data/Images/ID000123_Giorgia-Meloni/Fake/01.jpg (1/10)
2026-07-31 16:39:32,101 | INFO | Q000978 | ID000123 | Fake | Partial -- only 1/10 found among 1 candidates
2026-07-31 16:39:37,366 | INFO | Q000979 | ID000123 | Fake | Saved rank 4 -> /home/amna/Real-vs-Fake/Data/Images/ID000123_Giorgia-Meloni/Fake/02.jpg (2/10)
2026-07-31 16:39:39,706 | INFO | Q000979 | ID000123 | Fake | Saved rank 7 -> /home/amna/Real-vs-Fake/Data/Images/ID000123_Giorgia-Meloni/Fake/03.jpg (3/10)
2026-07-31 16:39:42,296 | INFO | Q000979 | ID000123 | Fake | Saved rank 15 -> /home/amna/Real-vs-Fake/Data/Images/ID000123_Giorgia-Meloni/Fake/04.jpg (4/10)
2026-07-31 16:39:42,297 | INFO | Q000979 | ID000123 | Fake | Partial -- only 4/10 found among 3 candidates
2026-07-31 16:39:43,967 | INFO | Q000980 | ID000123 | Fake | Saved rank 20 -> /home/amna/Real-vs-Fake/Data/Images/ID000123_Giorgia-Meloni/Fake/05.jpg (5/10)
2026-07-31 16:39:43,968 | INFO | Q000980 | ID000123 | Fake | Partial -- only 5/10 found among 1 candidates
2026-07-31 16:39:51,048 | INFO | Q000981 | ID000123 | Fake | Saved rank 6 -> /home/amna/Real-vs-Fake/Data/Images/ID000123_Giorgia-Meloni/Fake/06.jpg (6/10)
2026-07-31 16:39:51,049 | INFO | Q000981 | ID000123 | Fake | Partial -- only 6/10 found among 1 candidates
2026-07-31 16:39:52,757 | INFO | Q000985 | ID000124 | Real | Saved rank 1 -> /home/amna/Real-vs-Fake/Data/Images/ID000124_Glenn-Close/Real/01.jpg (1/10)
2026-07-31 16:39:54,942 | INFO | Q000985 | ID000124 | Real | Saved rank 2 -> /home/amna/Real-vs-Fake/Data/Images/ID000124_Glenn-Close/Real/02.jpg (2/10)
2026-07-31 16:39:56,579 | INFO | Q000985 | ID000124 | Real | Saved rank 3 -> /home/amna/Real-vs-Fake/Data/Images/ID000124_Glenn-Close/Real/03.jpg (3/10)
2026-07-31 16:39:56,580 | INFO | Q000985 | ID000124 | Real | Partial -- only 3/10 found among 3 candidates
2026-07-31 16:39:58,927 | INFO | Q000986 | ID000124 | Fake | Saved rank 1 -> /home/amna/Real-vs-Fake/Data/Images/ID000124_Glenn-Close/Fake/01.jpg (1/10)
2026-07-31 16:40:01,869 | INFO | Q000986 | ID000124 | Fake | Saved rank 14 -> /home/amna/Real-vs-Fake/Data/Images/ID000124_Glenn-Close/Fake/02.jpg (2/10)
2026-07-31 16:40:01,872 | INFO | Q000986 | ID000124 | Fake | Partial -- only 2/10 found among 2 candidates
2026-07-31 16:40:03,460 | INFO | Q000988 | ID000124 | Fake | Saved rank 4 -> /home/amna/Real-vs-Fake/Data/Images/ID000124_Glenn-Close/Fake/03.jpg (3/10)
2026-07-31 16:40:03,461 | INFO | Q000988 | ID000124 | Fake | Partial -- only 3/10 found among 1 candidates
2026-07-31 16:40:05,078 | INFO | Q000991 | ID000124 | Fake | Saved rank 1 -> /home/amna/Real-vs-Fake/Data/Images/ID000124_Glenn-Close/Fake/04.jpg (4/10)
2026-07-31 16:40:05,078 | INFO | Q000991 | ID000124 | Fake | Partial -- only 4/10 found among 1 candidates
2026-07-31 16:40:06,834 | INFO | Q000992 | ID000124 | Fake | Saved rank 24 -> /home/amna/Real-vs-Fake/Data/Images/ID000124_Glenn-Close/Fake/05.png (5/10)
2026-07-31 16:40:06,834 | INFO | Q000992 | ID000124 | Fake | Partial -- only 5/10 found among 1 candidates
2026-07-31 16:40:08,361 | INFO | Q001009 | ID000127 | Real | Saved rank 1 -> /home/amna/Real-vs-Fake/Data/Images/ID000127_Gregory-Peck/Real/01.jpg (1/10)
2026-07-31 16:40:08,361 | INFO | Q001009 | ID000127 | Real | Partial -- only 1/10 found among 1 candidates
2026-07-31 16:40:10,139 | INFO | Q001010 | ID000127 | Fake | Saved rank 10 -> /home/amna/Real-vs-Fake/Data/Images/ID000127_Gregory-Peck/Fake/01.jpg (1/10)
2026-07-31 16:40:10,139 | INFO | Q001010 | ID000127 | Fake | Partial -- only 1/10 found among 1 candidates
2026-07-31 16:40:11,842 | INFO | Q001011 | ID000127 | Fake | Saved rank 24 -> /home/amna/Real-vs-Fake/Data/Images/ID000127_Gregory-Peck/Fake/02.png (2/10)
2026-07-31 16:40:11,842 | INFO | Q001011 | ID000127 | Fake | Partial -- only 2/10 found among 1 candidates
2026-07-31 16:40:14,382 | INFO | Q001016 | ID000127 | Fake | Saved rank 22 -> /home/amna/Real-vs-Fake/Data/Images/ID000127_Gregory-Peck/Fake/03.png (3/10)
2026-07-31 16:40:14,382 | INFO | Q001016 | ID000127 | Fake | Partial -- only 3/10 found among 1 candidates
2026-07-31 16:40:15,882 | INFO | Q001025 | ID000129 | Real | Saved rank 3 -> /home/amna/Real-vs-Fake/Data/Images/ID000129_Grard-Depardieu/Real/01.jpg (1/10)
2026-07-31 16:40:15,882 | INFO | Q001025 | ID000129 | Real | Partial -- only 1/10 found among 1 candidates
2026-07-31 16:40:17,473 | INFO | Q001026 | ID000129 | Fake | Saved rank 1 -> /home/amna/Real-vs-Fake/Data/Images/ID000129_Grard-Depardieu/Fake/01.jpg (1/10)
2026-07-31 16:40:17,473 | INFO | Q001026 | ID000129 | Fake | Partial -- only 1/10 found among 1 candidates
2026-07-31 16:40:18,831 | INFO | Q001028 | ID000129 | Fake | Saved rank 42 -> /home/amna/Real-vs-Fake/Data/Images/ID000129_Grard-Depardieu/Fake/02.jpg (2/10)
2026-07-31 16:40:18,832 | INFO | Q001028 | ID000129 | Fake | Partial -- only 2/10 found among 1 candidates
2026-07-31 16:40:20,459 | INFO | Q001031 | ID000129 | Fake | Saved rank 43 -> /home/amna/Real-vs-Fake/Data/Images/ID000129_Grard-Depardieu/Fake/03.jpg (3/10)
2026-07-31 16:40:20,459 | INFO | Q001031 | ID000129 | Fake | Partial -- only 3/10 found among 1 candidates
2026-07-31 16:40:22,247 | INFO | Q001032 | ID000129 | Fake | Saved rank 40 -> /home/amna/Real-vs-Fake/Data/Images/ID000129_Grard-Depardieu/Fake/04.png (4/10)
2026-07-31 16:40:22,248 | INFO | Q001032 | ID000129 | Fake | Partial -- only 4/10 found among 1 candidates
2026-07-31 16:40:23,713 | INFO | Q001041 | ID000131 | Real | Saved rank 2 -> /home/amna/Real-vs-Fake/Data/Images/ID000131_Halle-Berry/Real/01.jpg (1/10)
2026-07-31 16:40:25,293 | INFO | Q001041 | ID000131 | Real | Saved rank 3 -> /home/amna/Real-vs-Fake/Data/Images/ID000131_Halle-Berry/Real/02.jpg (2/10)
2026-07-31 16:40:25,293 | INFO | Q001041 | ID000131 | Real | Partial -- only 2/10 found among 2 candidates
2026-07-31 16:40:26,808 | INFO | Q001043 | ID000131 | Fake | Saved rank 10 -> /home/amna/Real-vs-Fake/Data/Images/ID000131_Halle-Berry/Fake/01.jpg (1/10)
2026-07-31 16:40:26,808 | INFO | Q001043 | ID000131 | Fake | Partial -- only 1/10 found among 1 candidates
2026-07-31 16:40:28,575 | INFO | Q001044 | ID000131 | Fake | Saved rank 14 -> /home/amna/Real-vs-Fake/Data/Images/ID000131_Halle-Berry/Fake/02.jpg (2/10)
2026-07-31 16:40:30,112 | INFO | Q001044 | ID000131 | Fake | Saved rank 27 -> /home/amna/Real-vs-Fake/Data/Images/ID000131_Halle-Berry/Fake/03.jpg (3/10)
2026-07-31 16:40:30,112 | INFO | Q001044 | ID000131 | Fake | Partial -- only 3/10 found among 2 candidates
2026-07-31 16:40:36,215 | INFO | Q001045 | ID000131 | Fake | Saved rank 49 -> /home/amna/Real-vs-Fake/Data/Images/ID000131_Halle-Berry/Fake/04.jpg (4/10)
2026-07-31 16:40:36,216 | INFO | Q001045 | ID000131 | Fake | Partial -- only 4/10 found among 1 candidates
2026-07-31 16:40:36,217 | INFO | ============================================================
2026-07-31 16:40:36,217 | INFO | STEP 4 RUN COMPLETE
2026-07-31 16:40:36,217 | INFO | Success (target reached) : 0
2026-07-31 16:40:36,217 | INFO | Partial (some, not all)  : 118
2026-07-31 16:40:36,217 | INFO | Discarded (no image)     : 0
2026-07-31 16:40:36,218 | INFO | Errors (will retry)      : 0
2026-07-31 16:40:36,218 | INFO | Remaining                : 0
2026-07-31 16:40:36,218 | INFO | ============================================================
2026-07-31 17:23:43,384 | INFO | Computed 143 PAIRED identities directly from candidate_urls.csv
2026-07-31 17:23:43,502 | INFO | ID000141 | Skipped -- no Real/Fake pair (Real-only or Fake-only)
2026-07-31 17:23:43,503 | INFO | ID000147 | Skipped -- no Real/Fake pair (Real-only or Fake-only)
2026-07-31 17:23:43,503 | INFO | ID000152 | Skipped -- no Real/Fake pair (Real-only or Fake-only)
2026-07-31 17:23:43,504 | INFO | ID000154 | Skipped -- no Real/Fake pair (Real-only or Fake-only)
2026-07-31 17:23:43,504 | INFO | ID000157 | Skipped -- no Real/Fake pair (Real-only or Fake-only)
2026-07-31 17:23:43,505 | INFO | ID000165 | Skipped -- no Real/Fake pair (Real-only or Fake-only)
2026-07-31 17:23:43,520 | INFO | ============================================================
2026-07-31 17:23:43,520 | INFO | STEP 4 START (Image Download, paired identities only)
2026-07-31 17:23:43,520 | INFO | Paired identities          : 143
2026-07-31 17:23:43,521 | INFO | Unpaired identities skipped: 23
2026-07-31 17:23:43,521 | INFO | Total identity/type groups : 467
2026-07-31 17:23:43,521 | INFO | Already completed          : 247
2026-07-31 17:23:43,521 | INFO | Remaining pending          : 107
2026-07-31 17:23:43,521 | INFO | Groups this run            : 107
2026-07-31 17:23:43,521 | INFO | ============================================================
2026-07-31 17:23:45,245 | INFO | Q001017 | ID000128 | Real | Saved rank 2 -> /home/amna/Real-vs-Fake/Data/Images/ID000128_Guy-Pearce/Real/01.jpg (1/10)
2026-07-31 17:23:45,245 | INFO | Q001017 | ID000128 | Real | Partial -- only 1/10 found among 1 candidates
2026-07-31 17:23:50,821 | INFO | Q001018 | ID000128 | Fake | Saved rank 49 -> /home/amna/Real-vs-Fake/Data/Images/ID000128_Guy-Pearce/Fake/01.jpg (1/10)
2026-07-31 17:23:50,822 | INFO | Q001018 | ID000128 | Fake | Partial -- only 1/10 found among 1 candidates
2026-07-31 17:23:52,111 | INFO | Q001019 | ID000128 | Fake | Saved rank 42 -> /home/amna/Real-vs-Fake/Data/Images/ID000128_Guy-Pearce/Fake/02.jpg (2/10)
2026-07-31 17:23:52,111 | INFO | Q001019 | ID000128 | Fake | Partial -- only 2/10 found among 1 candidates
2026-07-31 17:24:02,545 | INFO | Q001020 | ID000128 | Fake | Saved rank 1 -> /home/amna/Real-vs-Fake/Data/Images/ID000128_Guy-Pearce/Fake/03.jpg (3/10)
2026-07-31 17:24:02,546 | INFO | Q001020 | ID000128 | Fake | Partial -- only 3/10 found among 1 candidates
2026-07-31 17:24:04,042 | INFO | Q001021 | ID000128 | Fake | Saved rank 31 -> /home/amna/Real-vs-Fake/Data/Images/ID000128_Guy-Pearce/Fake/04.jpg (4/10)
2026-07-31 17:24:04,043 | INFO | Q001021 | ID000128 | Fake | Partial -- only 4/10 found among 1 candidates
2026-07-31 17:24:05,919 | INFO | Q001023 | ID000128 | Fake | Saved rank 1 -> /home/amna/Real-vs-Fake/Data/Images/ID000128_Guy-Pearce/Fake/05.jpg (5/10)
2026-07-31 17:24:05,922 | INFO | Q001023 | ID000128 | Fake | Partial -- only 5/10 found among 1 candidates
2026-07-31 17:24:08,039 | INFO | Q001024 | ID000128 | Fake | Saved rank 1 -> /home/amna/Real-vs-Fake/Data/Images/ID000128_Guy-Pearce/Fake/06.png (6/10)
2026-07-31 17:24:09,858 | INFO | Q001024 | ID000128 | Fake | Saved rank 9 -> /home/amna/Real-vs-Fake/Data/Images/ID000128_Guy-Pearce/Fake/07.png (7/10)
2026-07-31 17:24:11,584 | INFO | Q001024 | ID000128 | Fake | Saved rank 18 -> /home/amna/Real-vs-Fake/Data/Images/ID000128_Guy-Pearce/Fake/08.png (8/10)
2026-07-31 17:24:11,585 | INFO | Q001024 | ID000128 | Fake | Partial -- only 8/10 found among 3 candidates
2026-07-31 17:24:13,007 | INFO | Q001049 | ID000132 | Real | Saved rank 1 -> /home/amna/Real-vs-Fake/Data/Images/ID000132_Hande-Ercel/Real/01.jpg (1/10)
2026-07-31 17:24:20,869 | INFO | Q001049 | ID000132 | Real | Saved rank 2 -> /home/amna/Real-vs-Fake/Data/Images/ID000132_Hande-Ercel/Real/02.jpg (2/10)
2026-07-31 17:24:20,869 | INFO | Q001049 | ID000132 | Real | Partial -- only 2/10 found among 2 candidates
2026-07-31 17:24:22,371 | INFO | Q001050 | ID000132 | Fake | Saved rank 21 -> /home/amna/Real-vs-Fake/Data/Images/ID000132_Hande-Ercel/Fake/01.jpg (1/10)
2026-07-31 17:24:22,372 | INFO | Q001050 | ID000132 | Fake | Partial -- only 1/10 found among 1 candidates
2026-07-31 17:24:23,941 | INFO | Q001052 | ID000132 | Fake | Saved rank 24 -> /home/amna/Real-vs-Fake/Data/Images/ID000132_Hande-Ercel/Fake/02.jpg (2/10)
2026-07-31 17:24:23,941 | INFO | Q001052 | ID000132 | Fake | Partial -- only 2/10 found among 1 candidates
2026-07-31 17:24:25,609 | INFO | Q001057 | ID000133 | Real | Saved rank 1 -> /home/amna/Real-vs-Fake/Data/Images/ID000133_Hania-Amir/Real/01.png (1/10)
2026-07-31 17:24:25,610 | INFO | Q001057 | ID000133 | Real | Partial -- only 1/10 found among 1 candidates
2026-07-31 17:24:27,230 | INFO | Q001058 | ID000133 | Fake | Saved rank 32 -> /home/amna/Real-vs-Fake/Data/Images/ID000133_Hania-Amir/Fake/01.jpg (1/10)
2026-07-31 17:24:32,169 | INFO | Q001058 | ID000133 | Fake | Saved rank 33 -> /home/amna/Real-vs-Fake/Data/Images/ID000133_Hania-Amir/Fake/02.jpg (2/10)
2026-07-31 17:24:34,723 | INFO | Q001058 | ID000133 | Fake | Saved rank 45 -> /home/amna/Real-vs-Fake/Data/Images/ID000133_Hania-Amir/Fake/03.jpg (3/10)
2026-07-31 17:24:34,724 | INFO | Q001058 | ID000133 | Fake | Partial -- only 3/10 found among 3 candidates
2026-07-31 17:24:36,427 | INFO | Q001060 | ID000133 | Fake | Saved rank 20 -> /home/amna/Real-vs-Fake/Data/Images/ID000133_Hania-Amir/Fake/04.jpg (4/10)
2026-07-31 17:24:36,428 | INFO | Q001060 | ID000133 | Fake | Partial -- only 4/10 found among 1 candidates
2026-07-31 17:24:38,365 | INFO | Q001065 | ID000134 | Real | Saved rank 1 -> /home/amna/Real-vs-Fake/Data/Images/ID000134_Hannah-Stocking/Real/01.png (1/10)
2026-07-31 17:24:44,892 | INFO | Q001065 | ID000134 | Real | Saved rank 2 -> /home/amna/Real-vs-Fake/Data/Images/ID000134_Hannah-Stocking/Real/02.jpg (2/10)
2026-07-31 17:24:44,892 | INFO | Q001065 | ID000134 | Real | Partial -- only 2/10 found among 2 candidates
2026-07-31 17:24:47,446 | INFO | Q001067 | ID000134 | Fake | Saved rank 10 -> /home/amna/Real-vs-Fake/Data/Images/ID000134_Hannah-Stocking/Fake/01.jpg (1/10)
2026-07-31 17:24:49,002 | INFO | Q001067 | ID000134 | Fake | Saved rank 27 -> /home/amna/Real-vs-Fake/Data/Images/ID000134_Hannah-Stocking/Fake/02.jpg (2/10)
2026-07-31 17:24:49,003 | INFO | Q001067 | ID000134 | Fake | Partial -- only 2/10 found among 2 candidates
2026-07-31 17:24:50,764 | INFO | Q001068 | ID000134 | Fake | Saved rank 24 -> /home/amna/Real-vs-Fake/Data/Images/ID000134_Hannah-Stocking/Fake/03.jpg (3/10)
2026-07-31 17:24:50,764 | INFO | Q001068 | ID000134 | Fake | Partial -- only 3/10 found among 1 candidates
2026-07-31 17:24:52,393 | INFO | Q001071 | ID000134 | Fake | Saved rank 20 -> /home/amna/Real-vs-Fake/Data/Images/ID000134_Hannah-Stocking/Fake/04.jpg (4/10)
2026-07-31 17:24:52,394 | INFO | Q001071 | ID000134 | Fake | Partial -- only 4/10 found among 1 candidates
2026-07-31 17:24:54,030 | INFO | Q001073 | ID000135 | Real | Saved rank 1 -> /home/amna/Real-vs-Fake/Data/Images/ID000135_Hardik-Panday/Real/01.jpg (1/10)
2026-07-31 17:24:54,031 | INFO | Q001073 | ID000135 | Real | Partial -- only 1/10 found among 1 candidates
2026-07-31 17:24:55,761 | INFO | Q001076 | ID000135 | Fake | Saved rank 3 -> /home/amna/Real-vs-Fake/Data/Images/ID000135_Hardik-Panday/Fake/01.jpg (1/10)
2026-07-31 17:24:57,446 | INFO | Q001076 | ID000135 | Fake | Saved rank 19 -> /home/amna/Real-vs-Fake/Data/Images/ID000135_Hardik-Panday/Fake/02.jpg (2/10)
2026-07-31 17:24:59,006 | INFO | Q001076 | ID000135 | Fake | Saved rank 49 -> /home/amna/Real-vs-Fake/Data/Images/ID000135_Hardik-Panday/Fake/03.jpg (3/10)
2026-07-31 17:24:59,006 | INFO | Q001076 | ID000135 | Fake | Partial -- only 3/10 found among 3 candidates
2026-07-31 17:25:00,536 | INFO | Q001081 | ID000136 | Real | Saved rank 3 -> /home/amna/Real-vs-Fake/Data/Images/ID000136_Harry-Kane/Real/01.jpg (1/10)
2026-07-31 17:25:00,537 | INFO | Q001081 | ID000136 | Real | Partial -- only 1/10 found among 1 candidates
2026-07-31 17:25:02,474 | INFO | Q001082 | ID000136 | Fake | Saved rank 8 -> /home/amna/Real-vs-Fake/Data/Images/ID000136_Harry-Kane/Fake/01.jpg (1/10)
2026-07-31 17:25:04,135 | INFO | Q001082 | ID000136 | Fake | Saved rank 12 -> /home/amna/Real-vs-Fake/Data/Images/ID000136_Harry-Kane/Fake/02.jpg (2/10)
2026-07-31 17:25:04,135 | INFO | Q001082 | ID000136 | Fake | Partial -- only 2/10 found among 2 candidates
2026-07-31 17:25:05,753 | INFO | Q001089 | ID000137 | Real | Saved rank 1 -> /home/amna/Real-vs-Fake/Data/Images/ID000137_Heath-Ledger/Real/01.jpg (1/10)
2026-07-31 17:25:08,573 | INFO | Q001089 | ID000137 | Real | Saved rank 2 -> /home/amna/Real-vs-Fake/Data/Images/ID000137_Heath-Ledger/Real/02.jpg (2/10)
2026-07-31 17:25:10,466 | INFO | Q001089 | ID000137 | Real | Saved rank 3 -> /home/amna/Real-vs-Fake/Data/Images/ID000137_Heath-Ledger/Real/03.jpg (3/10)
2026-07-31 17:25:10,466 | INFO | Q001089 | ID000137 | Real | Partial -- only 3/10 found among 3 candidates
2026-07-31 17:25:11,985 | INFO | Q001090 | ID000137 | Fake | Saved rank 13 -> /home/amna/Real-vs-Fake/Data/Images/ID000137_Heath-Ledger/Fake/01.jpg (1/10)
2026-07-31 17:25:13,798 | INFO | Q001090 | ID000137 | Fake | Saved rank 18 -> /home/amna/Real-vs-Fake/Data/Images/ID000137_Heath-Ledger/Fake/02.jpg (2/10)
2026-07-31 17:25:15,491 | INFO | Q001090 | ID000137 | Fake | Saved rank 29 -> /home/amna/Real-vs-Fake/Data/Images/ID000137_Heath-Ledger/Fake/03.jpg (3/10)
2026-07-31 17:25:15,491 | INFO | Q001090 | ID000137 | Fake | Partial -- only 3/10 found among 3 candidates
2026-07-31 17:25:17,829 | INFO | Q001091 | ID000137 | Fake | Saved rank 24 -> /home/amna/Real-vs-Fake/Data/Images/ID000137_Heath-Ledger/Fake/04.jpg (4/10)
2026-07-31 17:25:17,830 | INFO | Q001091 | ID000137 | Fake | Partial -- only 4/10 found among 1 candidates
2026-07-31 17:25:19,652 | INFO | Q001092 | ID000137 | Fake | Saved rank 47 -> /home/amna/Real-vs-Fake/Data/Images/ID000137_Heath-Ledger/Fake/05.jpg (5/10)
2026-07-31 17:25:19,653 | INFO | Q001092 | ID000137 | Fake | Partial -- only 5/10 found among 1 candidates
2026-07-31 17:25:21,428 | INFO | Q001097 | ID000138 | Real | Saved rank 1 -> /home/amna/Real-vs-Fake/Data/Images/ID000138_Helen-Mirren/Real/01.jpg (1/10)
2026-07-31 17:25:23,292 | INFO | Q001097 | ID000138 | Real | Saved rank 2 -> /home/amna/Real-vs-Fake/Data/Images/ID000138_Helen-Mirren/Real/02.jpg (2/10)
2026-07-31 17:25:23,292 | INFO | Q001097 | ID000138 | Real | Partial -- only 2/10 found among 2 candidates
2026-07-31 17:25:25,101 | INFO | Q001098 | ID000138 | Fake | Saved rank 10 -> /home/amna/Real-vs-Fake/Data/Images/ID000138_Helen-Mirren/Fake/01.jpg (1/10)
2026-07-31 17:25:26,864 | INFO | Q001098 | ID000138 | Fake | Saved rank 12 -> /home/amna/Real-vs-Fake/Data/Images/ID000138_Helen-Mirren/Fake/02.jpg (2/10)
2026-07-31 17:25:26,864 | INFO | Q001098 | ID000138 | Fake | Partial -- only 2/10 found among 2 candidates
2026-07-31 17:25:28,175 | INFO | Q001099 | ID000138 | Fake | Saved rank 42 -> /home/amna/Real-vs-Fake/Data/Images/ID000138_Helen-Mirren/Fake/03.jpg (3/10)
2026-07-31 17:25:28,176 | INFO | Q001099 | ID000138 | Fake | Partial -- only 3/10 found among 1 candidates
2026-07-31 17:25:29,764 | INFO | Q001103 | ID000138 | Fake | Saved rank 39 -> /home/amna/Real-vs-Fake/Data/Images/ID000138_Helen-Mirren/Fake/04.jpg (4/10)
2026-07-31 17:25:31,462 | INFO | Q001103 | ID000138 | Fake | Saved rank 40 -> /home/amna/Real-vs-Fake/Data/Images/ID000138_Helen-Mirren/Fake/05.jpg (5/10)
2026-07-31 17:25:31,463 | INFO | Q001103 | ID000138 | Fake | Partial -- only 5/10 found among 2 candidates
2026-07-31 17:25:33,016 | INFO | Q001105 | ID000139 | Real | Saved rank 2 -> /home/amna/Real-vs-Fake/Data/Images/ID000139_Helena-Bonham-Carter/Real/01.jpg (1/10)
2026-07-31 17:25:34,790 | INFO | Q001105 | ID000139 | Real | Saved rank 3 -> /home/amna/Real-vs-Fake/Data/Images/ID000139_Helena-Bonham-Carter/Real/02.jpg (2/10)
2026-07-31 17:25:34,790 | INFO | Q001105 | ID000139 | Real | Partial -- only 2/10 found among 2 candidates
2026-07-31 17:25:36,338 | INFO | Q001106 | ID000139 | Fake | Saved rank 6 -> /home/amna/Real-vs-Fake/Data/Images/ID000139_Helena-Bonham-Carter/Fake/01.jpg (1/10)
2026-07-31 17:25:38,331 | INFO | Q001106 | ID000139 | Fake | Saved rank 8 -> /home/amna/Real-vs-Fake/Data/Images/ID000139_Helena-Bonham-Carter/Fake/02.jpg (2/10)
2026-07-31 17:25:41,195 | INFO | Q001106 | ID000139 | Fake | Saved rank 13 -> /home/amna/Real-vs-Fake/Data/Images/ID000139_Helena-Bonham-Carter/Fake/03.jpg (3/10)
2026-07-31 17:25:41,195 | INFO | Q001106 | ID000139 | Fake | Partial -- only 3/10 found among 3 candidates
2026-07-31 17:25:42,958 | INFO | Q001107 | ID000139 | Fake | Saved rank 17 -> /home/amna/Real-vs-Fake/Data/Images/ID000139_Helena-Bonham-Carter/Fake/04.jpg (4/10)
2026-07-31 17:25:42,958 | INFO | Q001107 | ID000139 | Fake | Partial -- only 4/10 found among 1 candidates
2026-07-31 17:25:44,743 | INFO | Q001108 | ID000139 | Fake | Saved rank 1 -> /home/amna/Real-vs-Fake/Data/Images/ID000139_Helena-Bonham-Carter/Fake/05.jpg (5/10)
2026-07-31 17:25:46,523 | INFO | Q001108 | ID000139 | Fake | Saved rank 2 -> /home/amna/Real-vs-Fake/Data/Images/ID000139_Helena-Bonham-Carter/Fake/06.jpg (6/10)
2026-07-31 17:25:46,523 | INFO | Q001108 | ID000139 | Fake | Partial -- only 6/10 found among 2 candidates
2026-07-31 17:25:48,203 | INFO | Q001111 | ID000139 | Fake | Saved rank 47 -> /home/amna/Real-vs-Fake/Data/Images/ID000139_Helena-Bonham-Carter/Fake/07.jpg (7/10)
2026-07-31 17:25:48,204 | INFO | Q001111 | ID000139 | Fake | Partial -- only 7/10 found among 1 candidates
2026-07-31 17:25:49,410 | INFO | Q001112 | ID000139 | Fake | Saved rank 6 -> /home/amna/Real-vs-Fake/Data/Images/ID000139_Helena-Bonham-Carter/Fake/08.jpg (8/10)
2026-07-31 17:25:49,411 | INFO | Q001112 | ID000139 | Fake | Partial -- only 8/10 found among 1 candidates
2026-07-31 17:25:52,710 | INFO | Q001113 | ID000140 | Real | Saved rank 4 -> /home/amna/Real-vs-Fake/Data/Images/ID000140_Hilary-Duff/Real/01.jpg (1/10)
2026-07-31 17:25:52,710 | INFO | Q001113 | ID000140 | Real | Partial -- only 1/10 found among 1 candidates
2026-07-31 17:25:54,595 | INFO | Q001114 | ID000140 | Fake | Saved rank 1 -> /home/amna/Real-vs-Fake/Data/Images/ID000140_Hilary-Duff/Fake/01.jpg (1/10)
2026-07-31 17:25:56,130 | INFO | Q001114 | ID000140 | Fake | Saved rank 5 -> /home/amna/Real-vs-Fake/Data/Images/ID000140_Hilary-Duff/Fake/02.jpg (2/10)
2026-07-31 17:25:56,130 | INFO | Q001114 | ID000140 | Fake | Partial -- only 2/10 found among 2 candidates
2026-07-31 17:25:57,879 | INFO | Q001115 | ID000140 | Fake | Saved rank 30 -> /home/amna/Real-vs-Fake/Data/Images/ID000140_Hilary-Duff/Fake/03.jpg (3/10)
2026-07-31 17:25:57,882 | INFO | Q001115 | ID000140 | Fake | Partial -- only 3/10 found among 1 candidates
2026-07-31 17:25:59,453 | INFO | Q001129 | ID000142 | Real | Saved rank 2 -> /home/amna/Real-vs-Fake/Data/Images/ID000142_Holly-Hunter/Real/01.jpg (1/10)
2026-07-31 17:26:02,546 | INFO | Q001129 | ID000142 | Real | Saved rank 3 -> /home/amna/Real-vs-Fake/Data/Images/ID000142_Holly-Hunter/Real/02.jpg (2/10)
2026-07-31 17:26:02,547 | INFO | Q001129 | ID000142 | Real | Partial -- only 2/10 found among 2 candidates
2026-07-31 17:26:04,466 | INFO | Q001131 | ID000142 | Fake | Saved rank 33 -> /home/amna/Real-vs-Fake/Data/Images/ID000142_Holly-Hunter/Fake/01.png (1/10)
2026-07-31 17:26:04,466 | INFO | Q001131 | ID000142 | Fake | Partial -- only 1/10 found among 1 candidates
2026-07-31 17:26:05,893 | INFO | Q001137 | ID000143 | Real | Saved rank 1 -> /home/amna/Real-vs-Fake/Data/Images/ID000143_Humphrey-Bogart/Real/01.jpg (1/10)
2026-07-31 17:26:07,230 | INFO | Q001137 | ID000143 | Real | Saved rank 2 -> /home/amna/Real-vs-Fake/Data/Images/ID000143_Humphrey-Bogart/Real/02.jpg (2/10)
2026-07-31 17:26:14,350 | INFO | Q001137 | ID000143 | Real | Saved rank 3 -> /home/amna/Real-vs-Fake/Data/Images/ID000143_Humphrey-Bogart/Real/03.jpg (3/10)
2026-07-31 17:26:14,350 | INFO | Q001137 | ID000143 | Real | Partial -- only 3/10 found among 3 candidates
2026-07-31 17:26:16,483 | INFO | Q001138 | ID000143 | Fake | Saved rank 1 -> /home/amna/Real-vs-Fake/Data/Images/ID000143_Humphrey-Bogart/Fake/01.jpg (1/10)
2026-07-31 17:26:16,484 | INFO | Q001138 | ID000143 | Fake | Partial -- only 1/10 found among 1 candidates
2026-07-31 17:26:18,494 | INFO | Q001140 | ID000143 | Fake | Saved rank 3 -> /home/amna/Real-vs-Fake/Data/Images/ID000143_Humphrey-Bogart/Fake/02.jpg (2/10)
2026-07-31 17:26:18,494 | INFO | Q001140 | ID000143 | Fake | Partial -- only 2/10 found among 1 candidates
2026-07-31 17:26:27,864 | INFO | Q001145 | ID000144 | Real | Saved rank 3 -> /home/amna/Real-vs-Fake/Data/Images/ID000144_ID000582-Nicole-Kidman/Real/01.jpg (1/10)
2026-07-31 17:26:27,865 | INFO | Q001145 | ID000144 | Real | Partial -- only 1/10 found among 1 candidates
2026-07-31 17:26:29,811 | INFO | Q001146 | ID000144 | Fake | Saved rank 10 -> /home/amna/Real-vs-Fake/Data/Images/ID000144_ID000582-Nicole-Kidman/Fake/01.jpg (1/10)
2026-07-31 17:26:31,629 | INFO | Q001146 | ID000144 | Fake | Saved rank 17 -> /home/amna/Real-vs-Fake/Data/Images/ID000144_ID000582-Nicole-Kidman/Fake/02.jpg (2/10)
2026-07-31 17:26:31,629 | INFO | Q001146 | ID000144 | Fake | Partial -- only 2/10 found among 2 candidates
2026-07-31 17:26:33,190 | INFO | Q001147 | ID000144 | Fake | Saved rank 2 -> /home/amna/Real-vs-Fake/Data/Images/ID000144_ID000582-Nicole-Kidman/Fake/03.jpg (3/10)
2026-07-31 17:26:33,190 | INFO | Q001147 | ID000144 | Fake | Partial -- only 3/10 found among 1 candidates
2026-07-31 17:26:35,580 | INFO | Q001149 | ID000144 | Fake | Saved rank 47 -> /home/amna/Real-vs-Fake/Data/Images/ID000144_ID000582-Nicole-Kidman/Fake/04.jpg (4/10)
2026-07-31 17:26:35,580 | INFO | Q001149 | ID000144 | Fake | Partial -- only 4/10 found among 1 candidates
2026-07-31 17:26:39,354 | INFO | Q001153 | ID000145 | Real | Saved rank 3 -> /home/amna/Real-vs-Fake/Data/Images/ID000145_IU/Real/01.jpg (1/10)
2026-07-31 17:26:39,354 | INFO | Q001153 | ID000145 | Real | Partial -- only 1/10 found among 1 candidates
2026-07-31 17:26:41,701 | INFO | Q001154 | ID000145 | Fake | Saved rank 19 -> /home/amna/Real-vs-Fake/Data/Images/ID000145_IU/Fake/01.jpg (1/10)
2026-07-31 17:26:43,647 | INFO | Q001154 | ID000145 | Fake | Saved rank 26 -> /home/amna/Real-vs-Fake/Data/Images/ID000145_IU/Fake/02.jpg (2/10)
2026-07-31 17:26:43,647 | INFO | Q001154 | ID000145 | Fake | Partial -- only 2/10 found among 2 candidates
2026-07-31 17:26:45,281 | INFO | Q001156 | ID000145 | Fake | Saved rank 11 -> /home/amna/Real-vs-Fake/Data/Images/ID000145_IU/Fake/03.jpg (3/10)
2026-07-31 17:26:48,366 | INFO | Q001156 | ID000145 | Fake | Saved rank 20 -> /home/amna/Real-vs-Fake/Data/Images/ID000145_IU/Fake/04.jpg (4/10)
2026-07-31 17:26:48,366 | INFO | Q001156 | ID000145 | Fake | Partial -- only 4/10 found among 2 candidates
2026-07-31 17:26:50,005 | INFO | Q001161 | ID000146 | Real | Saved rank 3 -> /home/amna/Real-vs-Fake/Data/Images/ID000146_Ibrahim-Traoré/Real/01.jpg (1/10)
2026-07-31 17:26:50,006 | INFO | Q001161 | ID000146 | Real | Partial -- only 1/10 found among 1 candidates
2026-07-31 17:26:55,729 | INFO | Q001162 | ID000146 | Fake | Saved rank 16 -> /home/amna/Real-vs-Fake/Data/Images/ID000146_Ibrahim-Traoré/Fake/01.jpg (1/10)
2026-07-31 17:26:55,730 | INFO | Q001162 | ID000146 | Fake | Partial -- only 1/10 found among 1 candidates
2026-07-31 17:26:57,462 | INFO | Q001164 | ID000146 | Fake | Saved rank 42 -> /home/amna/Real-vs-Fake/Data/Images/ID000146_Ibrahim-Traoré/Fake/02.png (2/10)
2026-07-31 17:26:57,462 | INFO | Q001164 | ID000146 | Fake | Partial -- only 2/10 found among 1 candidates
2026-07-31 17:26:58,906 | INFO | Q001177 | ID000148 | Real | Saved rank 1 -> /home/amna/Real-vs-Fake/Data/Images/ID000148_Imane-Anys-Pokimane/Real/01.jpg (1/10)
2026-07-31 17:26:58,906 | INFO | Q001177 | ID000148 | Real | Partial -- only 1/10 found among 1 candidates
2026-07-31 17:27:04,954 | INFO | Q001178 | ID000148 | Fake | Saved rank 22 -> /home/amna/Real-vs-Fake/Data/Images/ID000148_Imane-Anys-Pokimane/Fake/01.jpg (1/10)
2026-07-31 17:27:04,954 | INFO | Q001178 | ID000148 | Fake | Partial -- only 1/10 found among 1 candidates
2026-07-31 17:27:07,046 | INFO | Q001179 | ID000148 | Fake | Saved rank 11 -> /home/amna/Real-vs-Fake/Data/Images/ID000148_Imane-Anys-Pokimane/Fake/02.jpg (2/10)
2026-07-31 17:27:07,047 | INFO | Q001179 | ID000148 | Fake | Partial -- only 2/10 found among 1 candidates
2026-07-31 17:27:08,889 | INFO | Q001185 | ID000149 | Real | Saved rank 1 -> /home/amna/Real-vs-Fake/Data/Images/ID000149_Imran-Kahn/Real/01.jpg (1/10)
2026-07-31 17:27:10,807 | INFO | Q001185 | ID000149 | Real | Saved rank 3 -> /home/amna/Real-vs-Fake/Data/Images/ID000149_Imran-Kahn/Real/02.jpg (2/10)
2026-07-31 17:27:10,807 | INFO | Q001185 | ID000149 | Real | Partial -- only 2/10 found among 2 candidates
2026-07-31 17:27:12,737 | INFO | Q001186 | ID000149 | Fake | Saved rank 13 -> /home/amna/Real-vs-Fake/Data/Images/ID000149_Imran-Kahn/Fake/01.jpg (1/10)
2026-07-31 17:27:12,738 | INFO | Q001186 | ID000149 | Fake | Partial -- only 1/10 found among 1 candidates
2026-07-31 17:27:13,852 | INFO | Q001187 | ID000149 | Fake | Saved rank 18 -> /home/amna/Real-vs-Fake/Data/Images/ID000149_Imran-Kahn/Fake/02.jpg (2/10)
2026-07-31 17:27:13,852 | INFO | Q001187 | ID000149 | Fake | Partial -- only 2/10 found among 1 candidates
2026-07-31 17:27:15,823 | INFO | Q001193 | ID000150 | Real | Saved rank 1 -> /home/amna/Real-vs-Fake/Data/Images/ID000150_Inde-Navarrette/Real/01.jpg (1/10)
2026-07-31 17:27:17,332 | INFO | Q001193 | ID000150 | Real | Saved rank 2 -> /home/amna/Real-vs-Fake/Data/Images/ID000150_Inde-Navarrette/Real/02.jpg (2/10)
2026-07-31 17:27:23,236 | INFO | Q001193 | ID000150 | Real | Saved rank 4 -> /home/amna/Real-vs-Fake/Data/Images/ID000150_Inde-Navarrette/Real/03.jpg (3/10)
2026-07-31 17:27:23,236 | INFO | Q001193 | ID000150 | Real | Partial -- only 3/10 found among 3 candidates
2026-07-31 17:27:24,911 | INFO | Q001194 | ID000150 | Fake | Saved rank 7 -> /home/amna/Real-vs-Fake/Data/Images/ID000150_Inde-Navarrette/Fake/01.jpg (1/10)
2026-07-31 17:27:24,911 | INFO | Q001194 | ID000150 | Fake | Partial -- only 1/10 found among 1 candidates
2026-07-31 17:27:32,138 | INFO | Q001195 | ID000150 | Fake | Saved rank 41 -> /home/amna/Real-vs-Fake/Data/Images/ID000150_Inde-Navarrette/Fake/02.png (2/10)
2026-07-31 17:27:32,139 | INFO | Q001195 | ID000150 | Fake | Partial -- only 2/10 found among 1 candidates
2026-07-31 17:27:33,969 | INFO | Q001201 | ID000151 | Real | Saved rank 1 -> /home/amna/Real-vs-Fake/Data/Images/ID000151_Ioan-Gruffudd/Real/01.jpg (1/10)
2026-07-31 17:27:35,866 | INFO | Q001201 | ID000151 | Real | Saved rank 2 -> /home/amna/Real-vs-Fake/Data/Images/ID000151_Ioan-Gruffudd/Real/02.jpg (2/10)
2026-07-31 17:27:35,866 | INFO | Q001201 | ID000151 | Real | Partial -- only 2/10 found among 2 candidates
2026-07-31 17:27:38,434 | INFO | Q001204 | ID000151 | Fake | Saved rank 4 -> /home/amna/Real-vs-Fake/Data/Images/ID000151_Ioan-Gruffudd/Fake/01.jpg (1/10)
2026-07-31 17:27:38,434 | INFO | Q001204 | ID000151 | Fake | Partial -- only 1/10 found among 1 candidates
2026-07-31 17:27:40,427 | INFO | Q001207 | ID000151 | Fake | Saved rank 37 -> /home/amna/Real-vs-Fake/Data/Images/ID000151_Ioan-Gruffudd/Fake/02.jpg (2/10)
2026-07-31 17:27:40,427 | INFO | Q001207 | ID000151 | Fake | Partial -- only 2/10 found among 1 candidates
2026-07-31 17:27:41,774 | INFO | Q001217 | ID000153 | Real | Saved rank 1 -> /home/amna/Real-vs-Fake/Data/Images/ID000153_Isabella-Gaze/Real/01.webp (1/10)
2026-07-31 17:27:43,779 | INFO | Q001217 | ID000153 | Real | Saved rank 2 -> /home/amna/Real-vs-Fake/Data/Images/ID000153_Isabella-Gaze/Real/02.png (2/10)
2026-07-31 17:27:45,569 | INFO | Q001217 | ID000153 | Real | Saved rank 3 -> /home/amna/Real-vs-Fake/Data/Images/ID000153_Isabella-Gaze/Real/03.jpg (3/10)
2026-07-31 17:27:45,569 | INFO | Q001217 | ID000153 | Real | Partial -- only 3/10 found among 3 candidates
2026-07-31 17:27:48,233 | INFO | Q001218 | ID000153 | Fake | Saved rank 6 -> /home/amna/Real-vs-Fake/Data/Images/ID000153_Isabella-Gaze/Fake/01.jpg (1/10)
2026-07-31 17:27:49,848 | INFO | Q001218 | ID000153 | Fake | Saved rank 7 -> /home/amna/Real-vs-Fake/Data/Images/ID000153_Isabella-Gaze/Fake/02.jpg (2/10)
2026-07-31 17:27:49,848 | INFO | Q001218 | ID000153 | Fake | Partial -- only 2/10 found among 2 candidates
2026-07-31 17:27:51,995 | INFO | Q001219 | ID000153 | Fake | Saved rank 5 -> /home/amna/Real-vs-Fake/Data/Images/ID000153_Isabella-Gaze/Fake/03.jpg (3/10)
2026-07-31 17:27:54,274 | INFO | Q001219 | ID000153 | Fake | Saved rank 8 -> /home/amna/Real-vs-Fake/Data/Images/ID000153_Isabella-Gaze/Fake/04.jpg (4/10)
2026-07-31 17:27:54,274 | INFO | Q001219 | ID000153 | Fake | Partial -- only 4/10 found among 2 candidates
2026-07-31 17:27:56,018 | INFO | Q001233 | ID000155 | Real | Saved rank 1 -> /home/amna/Real-vs-Fake/Data/Images/ID000155_Jack-Lemmon/Real/01.jpg (1/10)
2026-07-31 17:27:57,870 | INFO | Q001233 | ID000155 | Real | Saved rank 2 -> /home/amna/Real-vs-Fake/Data/Images/ID000155_Jack-Lemmon/Real/02.jpg (2/10)
2026-07-31 17:27:59,560 | INFO | Q001233 | ID000155 | Real | Saved rank 3 -> /home/amna/Real-vs-Fake/Data/Images/ID000155_Jack-Lemmon/Real/03.jpg (3/10)
2026-07-31 17:27:59,561 | INFO | Q001233 | ID000155 | Real | Partial -- only 3/10 found among 3 candidates
2026-07-31 17:28:01,323 | INFO | Q001236 | ID000155 | Fake | Saved rank 4 -> /home/amna/Real-vs-Fake/Data/Images/ID000155_Jack-Lemmon/Fake/01.jpg (1/10)
2026-07-31 17:28:01,324 | INFO | Q001236 | ID000155 | Fake | Partial -- only 1/10 found among 1 candidates
2026-07-31 17:29:06,482 | INFO | Q001240 | ID000155 | Fake | Saved rank 8 -> /home/amna/Real-vs-Fake/Data/Images/ID000155_Jack-Lemmon/Fake/02.png (2/10)
2026-07-31 17:29:11,501 | INFO | Q001240 | ID000155 | Fake | Saved rank 15 -> /home/amna/Real-vs-Fake/Data/Images/ID000155_Jack-Lemmon/Fake/03.png (3/10)
2026-07-31 17:29:11,515 | INFO | Q001240 | ID000155 | Fake | Partial -- only 3/10 found among 2 candidates
2026-07-31 17:29:13,224 | INFO | Q001241 | ID000156 | Real | Saved rank 1 -> /home/amna/Real-vs-Fake/Data/Images/ID000156_Jack-Nicholson/Real/01.jpg (1/10)
2026-07-31 17:29:13,224 | INFO | Q001241 | ID000156 | Real | Partial -- only 1/10 found among 1 candidates
2026-07-31 17:29:15,569 | INFO | Q001242 | ID000156 | Fake | Saved rank 9 -> /home/amna/Real-vs-Fake/Data/Images/ID000156_Jack-Nicholson/Fake/01.jpg (1/10)
2026-07-31 17:29:17,440 | INFO | Q001242 | ID000156 | Fake | Saved rank 10 -> /home/amna/Real-vs-Fake/Data/Images/ID000156_Jack-Nicholson/Fake/02.jpg (2/10)
2026-07-31 17:29:18,926 | INFO | Q001242 | ID000156 | Fake | Saved rank 18 -> /home/amna/Real-vs-Fake/Data/Images/ID000156_Jack-Nicholson/Fake/03.jpg (3/10)
2026-07-31 17:29:18,926 | INFO | Q001242 | ID000156 | Fake | Partial -- only 3/10 found among 3 candidates
2026-07-31 17:29:20,793 | INFO | Q001243 | ID000156 | Fake | Saved rank 4 -> /home/amna/Real-vs-Fake/Data/Images/ID000156_Jack-Nicholson/Fake/04.jpg (4/10)
2026-07-31 17:29:20,794 | INFO | Q001243 | ID000156 | Fake | Partial -- only 4/10 found among 1 candidates
2026-07-31 17:29:22,596 | INFO | Q001245 | ID000156 | Fake | Saved rank 29 -> /home/amna/Real-vs-Fake/Data/Images/ID000156_Jack-Nicholson/Fake/05.jpg (5/10)
2026-07-31 17:29:22,597 | INFO | Q001245 | ID000156 | Fake | Partial -- only 5/10 found among 1 candidates
2026-07-31 17:29:24,464 | INFO | Q001257 | ID000158 | Real | Saved rank 1 -> /home/amna/Real-vs-Fake/Data/Images/ID000158_Jackie-Chan/Real/01.jpg (1/10)
2026-07-31 17:29:26,030 | INFO | Q001257 | ID000158 | Real | Saved rank 2 -> /home/amna/Real-vs-Fake/Data/Images/ID000158_Jackie-Chan/Real/02.jpg (2/10)
2026-07-31 17:29:28,061 | INFO | Q001257 | ID000158 | Real | Saved rank 3 -> /home/amna/Real-vs-Fake/Data/Images/ID000158_Jackie-Chan/Real/03.jpg (3/10)
2026-07-31 17:29:28,061 | INFO | Q001257 | ID000158 | Real | Partial -- only 3/10 found among 3 candidates
2026-07-31 17:29:30,070 | INFO | Q001258 | ID000158 | Fake | Saved rank 3 -> /home/amna/Real-vs-Fake/Data/Images/ID000158_Jackie-Chan/Fake/01.jpg (1/10)
2026-07-31 17:29:30,070 | INFO | Q001258 | ID000158 | Fake | Partial -- only 1/10 found among 1 candidates
2026-07-31 17:29:32,622 | INFO | Q001259 | ID000158 | Fake | Saved rank 9 -> /home/amna/Real-vs-Fake/Data/Images/ID000158_Jackie-Chan/Fake/02.jpg (2/10)
2026-07-31 17:29:32,623 | INFO | Q001259 | ID000158 | Fake | Partial -- only 2/10 found among 1 candidates
2026-07-31 17:29:34,385 | INFO | Q001260 | ID000158 | Fake | Saved rank 37 -> /home/amna/Real-vs-Fake/Data/Images/ID000158_Jackie-Chan/Fake/03.jpg (3/10)
2026-07-31 17:29:34,385 | INFO | Q001260 | ID000158 | Fake | Partial -- only 3/10 found among 1 candidates
2026-07-31 17:29:40,294 | INFO | Q001261 | ID000158 | Fake | Saved rank 19 -> /home/amna/Real-vs-Fake/Data/Images/ID000158_Jackie-Chan/Fake/04.jpg (4/10)
2026-07-31 17:29:40,295 | INFO | Q001261 | ID000158 | Fake | Partial -- only 4/10 found among 1 candidates
2026-07-31 17:29:42,199 | INFO | Q001265 | ID000159 | Real | Saved rank 2 -> /home/amna/Real-vs-Fake/Data/Images/ID000159_Jake-Gyllenhaal/Real/01.jpg (1/10)
2026-07-31 17:29:43,932 | INFO | Q001265 | ID000159 | Real | Saved rank 4 -> /home/amna/Real-vs-Fake/Data/Images/ID000159_Jake-Gyllenhaal/Real/02.jpg (2/10)
2026-07-31 17:29:43,932 | INFO | Q001265 | ID000159 | Real | Partial -- only 2/10 found among 2 candidates
2026-07-31 17:29:45,808 | INFO | Q001266 | ID000159 | Fake | Saved rank 2 -> /home/amna/Real-vs-Fake/Data/Images/ID000159_Jake-Gyllenhaal/Fake/01.jpg (1/10)
2026-07-31 17:29:45,809 | INFO | Q001266 | ID000159 | Fake | Partial -- only 1/10 found among 1 candidates
2026-07-31 17:29:47,307 | INFO | Q001267 | ID000159 | Fake | Saved rank 20 -> /home/amna/Real-vs-Fake/Data/Images/ID000159_Jake-Gyllenhaal/Fake/02.jpg (2/10)
2026-07-31 17:29:47,308 | INFO | Q001267 | ID000159 | Fake | Partial -- only 2/10 found among 1 candidates
2026-07-31 17:29:49,304 | INFO | Q001268 | ID000159 | Fake | Saved rank 7 -> /home/amna/Real-vs-Fake/Data/Images/ID000159_Jake-Gyllenhaal/Fake/03.jpg (3/10)
2026-07-31 17:29:49,305 | INFO | Q001268 | ID000159 | Fake | Partial -- only 3/10 found among 1 candidates
2026-07-31 17:29:50,821 | INFO | Q001269 | ID000159 | Fake | Saved rank 1 -> /home/amna/Real-vs-Fake/Data/Images/ID000159_Jake-Gyllenhaal/Fake/04.jpg (4/10)
2026-07-31 17:29:50,824 | INFO | Q001269 | ID000159 | Fake | Partial -- only 4/10 found among 1 candidates
2026-07-31 17:29:56,556 | INFO | Q001273 | ID000160 | Real | Saved rank 2 -> /home/amna/Real-vs-Fake/Data/Images/ID000160_James-Caan/Real/01.jpg (1/10)
2026-07-31 17:29:56,556 | INFO | Q001273 | ID000160 | Real | Partial -- only 1/10 found among 1 candidates
2026-07-31 17:29:58,426 | INFO | Q001280 | ID000160 | Fake | Saved rank 28 -> /home/amna/Real-vs-Fake/Data/Images/ID000160_James-Caan/Fake/01.png (1/10)
2026-07-31 17:30:00,069 | INFO | Q001280 | ID000160 | Fake | Saved rank 29 -> /home/amna/Real-vs-Fake/Data/Images/ID000160_James-Caan/Fake/02.png (2/10)
2026-07-31 17:30:00,069 | INFO | Q001280 | ID000160 | Fake | Partial -- only 2/10 found among 2 candidates
2026-07-31 17:30:01,866 | INFO | Q001281 | ID000161 | Real | Saved rank 1 -> /home/amna/Real-vs-Fake/Data/Images/ID000161_Jamie-Lee-Curtis/Real/01.jpg (1/10)
2026-07-31 17:30:03,945 | INFO | Q001281 | ID000161 | Real | Saved rank 2 -> /home/amna/Real-vs-Fake/Data/Images/ID000161_Jamie-Lee-Curtis/Real/02.jpg (2/10)
2026-07-31 17:30:03,945 | INFO | Q001281 | ID000161 | Real | Partial -- only 2/10 found among 2 candidates
2026-07-31 17:30:05,805 | INFO | Q001282 | ID000161 | Fake | Saved rank 8 -> /home/amna/Real-vs-Fake/Data/Images/ID000161_Jamie-Lee-Curtis/Fake/01.jpg (1/10)
2026-07-31 17:30:05,806 | INFO | Q001282 | ID000161 | Fake | Partial -- only 1/10 found among 1 candidates
2026-07-31 17:30:07,527 | INFO | Q001283 | ID000161 | Fake | Saved rank 21 -> /home/amna/Real-vs-Fake/Data/Images/ID000161_Jamie-Lee-Curtis/Fake/02.jpg (2/10)
2026-07-31 17:30:07,527 | INFO | Q001283 | ID000161 | Fake | Partial -- only 2/10 found among 1 candidates
2026-07-31 17:30:09,318 | INFO | Q001284 | ID000161 | Fake | Saved rank 15 -> /home/amna/Real-vs-Fake/Data/Images/ID000161_Jamie-Lee-Curtis/Fake/03.jpg (3/10)
2026-07-31 17:30:09,318 | INFO | Q001284 | ID000161 | Fake | Partial -- only 3/10 found among 1 candidates
2026-07-31 17:30:10,937 | INFO | Q001285 | ID000161 | Fake | Saved rank 34 -> /home/amna/Real-vs-Fake/Data/Images/ID000161_Jamie-Lee-Curtis/Fake/04.jpg (4/10)
2026-07-31 17:30:10,937 | INFO | Q001285 | ID000161 | Fake | Partial -- only 4/10 found among 1 candidates
2026-07-31 17:30:12,854 | INFO | Q001289 | ID000162 | Real | Saved rank 2 -> /home/amna/Real-vs-Fake/Data/Images/ID000162_Jason-Biggs/Real/01.jpg (1/10)
2026-07-31 17:30:12,854 | INFO | Q001289 | ID000162 | Real | Partial -- only 1/10 found among 1 candidates
2026-07-31 17:30:15,172 | INFO | Q001291 | ID000162 | Fake | Saved rank 26 -> /home/amna/Real-vs-Fake/Data/Images/ID000162_Jason-Biggs/Fake/01.jpg (1/10)
2026-07-31 17:30:15,173 | INFO | Q001291 | ID000162 | Fake | Partial -- only 1/10 found among 1 candidates
2026-07-31 17:30:16,857 | INFO | Q001296 | ID000162 | Fake | Saved rank 26 -> /home/amna/Real-vs-Fake/Data/Images/ID000162_Jason-Biggs/Fake/02.jpg (2/10)
2026-07-31 17:30:18,295 | INFO | Q001296 | ID000162 | Fake | Saved rank 27 -> /home/amna/Real-vs-Fake/Data/Images/ID000162_Jason-Biggs/Fake/03.jpg (3/10)
2026-07-31 17:30:18,296 | INFO | Q001296 | ID000162 | Fake | Partial -- only 3/10 found among 2 candidates
2026-07-31 17:30:19,968 | INFO | Q001297 | ID000163 | Real | Saved rank 1 -> /home/amna/Real-vs-Fake/Data/Images/ID000163_Jason-Clarke/Real/01.jpg (1/10)
2026-07-31 17:30:21,778 | INFO | Q001297 | ID000163 | Real | Saved rank 2 -> /home/amna/Real-vs-Fake/Data/Images/ID000163_Jason-Clarke/Real/02.jpg (2/10)
2026-07-31 17:30:23,436 | INFO | Q001297 | ID000163 | Real | Saved rank 3 -> /home/amna/Real-vs-Fake/Data/Images/ID000163_Jason-Clarke/Real/03.jpg (3/10)
2026-07-31 17:30:23,436 | INFO | Q001297 | ID000163 | Real | Partial -- only 3/10 found among 3 candidates
2026-07-31 17:30:25,025 | INFO | Q001304 | ID000163 | Fake | Saved rank 45 -> /home/amna/Real-vs-Fake/Data/Images/ID000163_Jason-Clarke/Fake/01.png (1/10)
2026-07-31 17:30:26,612 | INFO | Q001304 | ID000163 | Fake | Saved rank 46 -> /home/amna/Real-vs-Fake/Data/Images/ID000163_Jason-Clarke/Fake/02.png (2/10)
2026-07-31 17:30:26,613 | INFO | Q001304 | ID000163 | Fake | Partial -- only 2/10 found among 2 candidates
2026-07-31 17:30:28,428 | INFO | Q001305 | ID000164 | Real | Saved rank 1 -> /home/amna/Real-vs-Fake/Data/Images/ID000164_Jason-Statham/Real/01.jpg (1/10)
2026-07-31 17:30:28,430 | INFO | Q001305 | ID000164 | Real | Partial -- only 1/10 found among 1 candidates
2026-07-31 17:30:39,860 | INFO | Q001308 | ID000164 | Fake | rank 19 failed (request_error: HTTPSConnectionPool(host='images.nightcafe.studio', port=443): Max retries exceeded with url: /ik-seo/jobs/ZClq8EL7cOW91TIZ3fwo/ZClq8EL7cOW91TIZ3fwo--1--o779o_6x/jason-statham-type-character-with-special-agent-gear.jpg?tr=w-1600,c-at_max (Caused by NewConnectionError('<urllib3.connection.HTTPSConnection object at 0x778712774dc0>: Failed to establish a new connection: [Errno -3] Temporary failure in name resolution'))), trying next candidate
2026-07-31 17:30:39,860 | WARNING | Q001308 | ID000164 | Fake | All 1 candidates hit transient errors -- will retry next run
2026-07-31 17:30:41,784 | INFO | Q001321 | ID000166 | Real | Saved rank 1 -> /home/amna/Real-vs-Fake/Data/Images/ID000166_Jean-Claude-Van-Damme/Real/01.jpg (1/10)
2026-07-31 17:30:43,652 | INFO | Q001321 | ID000166 | Real | Saved rank 2 -> /home/amna/Real-vs-Fake/Data/Images/ID000166_Jean-Claude-Van-Damme/Real/02.jpg (2/10)
2026-07-31 17:30:45,472 | INFO | Q001321 | ID000166 | Real | Saved rank 3 -> /home/amna/Real-vs-Fake/Data/Images/ID000166_Jean-Claude-Van-Damme/Real/03.jpg (3/10)
2026-07-31 17:30:45,472 | INFO | Q001321 | ID000166 | Real | Partial -- only 3/10 found among 3 candidates
2026-07-31 17:30:47,179 | INFO | Q001322 | ID000166 | Fake | Saved rank 14 -> /home/amna/Real-vs-Fake/Data/Images/ID000166_Jean-Claude-Van-Damme/Fake/01.jpg (1/10)
2026-07-31 17:30:47,183 | INFO | Q001322 | ID000166 | Fake | Partial -- only 1/10 found among 1 candidates
2026-07-31 17:30:48,709 | INFO | Q001329 | ID000167 | Real | Saved rank 2 -> /home/amna/Real-vs-Fake/Data/Images/ID000167_Jeff-Bridges/Real/01.jpg (1/10)
2026-07-31 17:30:51,293 | INFO | Q001329 | ID000167 | Real | Saved rank 4 -> /home/amna/Real-vs-Fake/Data/Images/ID000167_Jeff-Bridges/Real/02.jpg (2/10)
2026-07-31 17:30:51,293 | INFO | Q001329 | ID000167 | Real | Partial -- only 2/10 found among 2 candidates
2026-07-31 17:30:53,084 | INFO | Q001331 | ID000167 | Fake | Saved rank 10 -> /home/amna/Real-vs-Fake/Data/Images/ID000167_Jeff-Bridges/Fake/01.webp (1/10)
2026-07-31 17:30:53,084 | INFO | Q001331 | ID000167 | Fake | Partial -- only 1/10 found among 1 candidates
2026-07-31 17:30:54,794 | INFO | Q001332 | ID000167 | Fake | Saved rank 9 -> /home/amna/Real-vs-Fake/Data/Images/ID000167_Jeff-Bridges/Fake/02.jpg (2/10)
2026-07-31 17:30:54,794 | INFO | Q001332 | ID000167 | Fake | Partial -- only 2/10 found among 1 candidates
2026-07-31 17:30:59,879 | INFO | Q001333 | ID000167 | Fake | Saved rank 39 -> /home/amna/Real-vs-Fake/Data/Images/ID000167_Jeff-Bridges/Fake/03.jpg (3/10)
2026-07-31 17:30:59,880 | INFO | Q001333 | ID000167 | Fake | Partial -- only 3/10 found among 1 candidates
2026-07-31 17:31:01,633 | INFO | Q001337 | ID000168 | Real | Saved rank 1 -> /home/amna/Real-vs-Fake/Data/Images/ID000168_Jenna-Ortega/Real/01.jpg (1/10)
2026-07-31 17:31:03,957 | INFO | Q001337 | ID000168 | Real | Saved rank 2 -> /home/amna/Real-vs-Fake/Data/Images/ID000168_Jenna-Ortega/Real/02.jpg (2/10)
2026-07-31 17:31:05,843 | INFO | Q001337 | ID000168 | Real | Saved rank 3 -> /home/amna/Real-vs-Fake/Data/Images/ID000168_Jenna-Ortega/Real/03.jpg (3/10)
2026-07-31 17:31:05,843 | INFO | Q001337 | ID000168 | Real | Partial -- only 3/10 found among 3 candidates
2026-07-31 17:31:07,864 | INFO | Q001338 | ID000168 | Fake | Saved rank 43 -> /home/amna/Real-vs-Fake/Data/Images/ID000168_Jenna-Ortega/Fake/01.jpg (1/10)
2026-07-31 17:31:07,864 | INFO | Q001338 | ID000168 | Fake | Partial -- only 1/10 found among 1 candidates
2026-07-31 17:31:07,864 | INFO | ============================================================
2026-07-31 17:31:07,864 | INFO | STEP 4 RUN COMPLETE
2026-07-31 17:31:07,864 | INFO | Success (target reached) : 0
2026-07-31 17:31:07,864 | INFO | Partial (some, not all)  : 106
2026-07-31 17:31:07,864 | INFO | Discarded (no image)     : 0
2026-07-31 17:31:07,864 | INFO | Errors (will retry)      : 1
2026-07-31 17:31:07,865 | INFO | Remaining                : 1
2026-07-31 17:31:07,865 | INFO | ============================================================
2026-07-31 18:33:11,857 | INFO | Computed 174 PAIRED identities directly from candidate_urls.csv
2026-07-31 18:33:11,967 | INFO | ============================================================
2026-07-31 18:33:11,967 | INFO | STEP 4 START (Image Download, paired identities only)
2026-07-31 18:33:11,967 | INFO | Paired identities          : 174
2026-07-31 18:33:11,967 | INFO | Unpaired identities skipped: 23
2026-07-31 18:33:11,967 | INFO | Total identity/type groups : 570
2026-07-31 18:33:11,967 | INFO | Already completed          : 310
2026-07-31 18:33:11,967 | INFO | Remaining pending          : 102
2026-07-31 18:33:11,967 | INFO | Groups this run            : 102
2026-07-31 18:33:11,967 | INFO | ============================================================
2026-07-31 18:33:21,705 | INFO | Q001308 | ID000164 | Fake | Saved rank 19 -> /home/amna/Real-vs-Fake/Data/Images/ID000164_Jason-Statham/Fake/01.jpg (1/10)
2026-07-31 18:33:21,706 | INFO | Q001308 | ID000164 | Fake | Partial -- only 1/10 found among 1 candidates
2026-07-31 18:33:23,284 | INFO | Q001345 | ID000169 | Real | Saved rank 1 -> /home/amna/Real-vs-Fake/Data/Images/ID000169_Jennie/Real/01.jpg (1/10)
2026-07-31 18:33:24,700 | INFO | Q001345 | ID000169 | Real | Saved rank 2 -> /home/amna/Real-vs-Fake/Data/Images/ID000169_Jennie/Real/02.jpg (2/10)
2026-07-31 18:33:26,438 | INFO | Q001345 | ID000169 | Real | Saved rank 3 -> /home/amna/Real-vs-Fake/Data/Images/ID000169_Jennie/Real/03.jpg (3/10)
2026-07-31 18:33:26,439 | INFO | Q001345 | ID000169 | Real | Partial -- only 3/10 found among 3 candidates
2026-07-31 18:33:28,383 | INFO | Q001347 | ID000169 | Fake | Saved rank 26 -> /home/amna/Real-vs-Fake/Data/Images/ID000169_Jennie/Fake/01.jpg (1/10)
2026-07-31 18:33:28,383 | INFO | Q001347 | ID000169 | Fake | Partial -- only 1/10 found among 1 candidates
2026-07-31 18:33:30,322 | INFO | Q001348 | ID000169 | Fake | Saved rank 22 -> /home/amna/Real-vs-Fake/Data/Images/ID000169_Jennie/Fake/02.jpg (2/10)
2026-07-31 18:33:30,323 | INFO | Q001348 | ID000169 | Fake | Partial -- only 2/10 found among 1 candidates
2026-07-31 18:33:32,020 | INFO | Q001353 | ID000170 | Real | Saved rank 1 -> /home/amna/Real-vs-Fake/Data/Images/ID000170_Jennifer-Aniston/Real/01.jpg (1/10)
2026-07-31 18:33:33,966 | INFO | Q001353 | ID000170 | Real | Saved rank 2 -> /home/amna/Real-vs-Fake/Data/Images/ID000170_Jennifer-Aniston/Real/02.jpg (2/10)
2026-07-31 18:33:38,452 | INFO | Q001353 | ID000170 | Real | Saved rank 3 -> /home/amna/Real-vs-Fake/Data/Images/ID000170_Jennifer-Aniston/Real/03.jpg (3/10)
2026-07-31 18:33:38,452 | INFO | Q001353 | ID000170 | Real | Partial -- only 3/10 found among 3 candidates
2026-07-31 18:33:43,994 | INFO | Q001355 | ID000170 | Fake | Saved rank 4 -> /home/amna/Real-vs-Fake/Data/Images/ID000170_Jennifer-Aniston/Fake/01.jpg (1/10)
2026-07-31 18:33:43,994 | INFO | Q001355 | ID000170 | Fake | Partial -- only 1/10 found among 1 candidates
2026-07-31 18:33:45,556 | INFO | Q001361 | ID000171 | Real | Saved rank 1 -> /home/amna/Real-vs-Fake/Data/Images/ID000171_Jennifer-Connelly/Real/01.png (1/10)
2026-07-31 18:33:50,533 | INFO | Q001361 | ID000171 | Real | Saved rank 2 -> /home/amna/Real-vs-Fake/Data/Images/ID000171_Jennifer-Connelly/Real/02.jpg (2/10)
2026-07-31 18:33:50,533 | INFO | Q001361 | ID000171 | Real | Partial -- only 2/10 found among 2 candidates
2026-07-31 18:33:52,512 | INFO | Q001362 | ID000171 | Fake | Saved rank 5 -> /home/amna/Real-vs-Fake/Data/Images/ID000171_Jennifer-Connelly/Fake/01.jpg (1/10)
2026-07-31 18:33:54,381 | INFO | Q001362 | ID000171 | Fake | Saved rank 17 -> /home/amna/Real-vs-Fake/Data/Images/ID000171_Jennifer-Connelly/Fake/02.jpg (2/10)
2026-07-31 18:33:55,879 | INFO | Q001362 | ID000171 | Fake | Saved rank 23 -> /home/amna/Real-vs-Fake/Data/Images/ID000171_Jennifer-Connelly/Fake/03.jpg (3/10)
2026-07-31 18:33:55,879 | INFO | Q001362 | ID000171 | Fake | Partial -- only 3/10 found among 3 candidates
2026-07-31 18:33:57,573 | INFO | Q001364 | ID000171 | Fake | Saved rank 17 -> /home/amna/Real-vs-Fake/Data/Images/ID000171_Jennifer-Connelly/Fake/04.jpg (4/10)
2026-07-31 18:33:57,576 | INFO | Q001364 | ID000171 | Fake | Partial -- only 4/10 found among 1 candidates
2026-07-31 18:33:59,279 | INFO | Q001369 | ID000172 | Real | Saved rank 2 -> /home/amna/Real-vs-Fake/Data/Images/ID000172_Jennifer-Garner/Real/01.jpg (1/10)
2026-07-31 18:34:04,924 | INFO | Q001369 | ID000172 | Real | Saved rank 3 -> /home/amna/Real-vs-Fake/Data/Images/ID000172_Jennifer-Garner/Real/02.jpg (2/10)
2026-07-31 18:34:04,924 | INFO | Q001369 | ID000172 | Real | Partial -- only 2/10 found among 2 candidates
2026-07-31 18:34:06,439 | INFO | Q001370 | ID000172 | Fake | Saved rank 6 -> /home/amna/Real-vs-Fake/Data/Images/ID000172_Jennifer-Garner/Fake/01.jpg (1/10)
2026-07-31 18:34:06,440 | INFO | Q001370 | ID000172 | Fake | Partial -- only 1/10 found among 1 candidates
2026-07-31 18:34:07,635 | INFO | Q001373 | ID000172 | Fake | Saved rank 49 -> /home/amna/Real-vs-Fake/Data/Images/ID000172_Jennifer-Garner/Fake/02.jpg (2/10)
2026-07-31 18:34:07,635 | INFO | Q001373 | ID000172 | Fake | Partial -- only 2/10 found among 1 candidates
2026-07-31 18:34:09,098 | INFO | Q001377 | ID000173 | Real | Saved rank 2 -> /home/amna/Real-vs-Fake/Data/Images/ID000173_Jennifer-Lopez/Real/01.jpg (1/10)
2026-07-31 18:34:09,099 | INFO | Q001377 | ID000173 | Real | Partial -- only 1/10 found among 1 candidates
2026-07-31 18:34:10,612 | INFO | Q001378 | ID000173 | Fake | Saved rank 31 -> /home/amna/Real-vs-Fake/Data/Images/ID000173_Jennifer-Lopez/Fake/01.jpg (1/10)
2026-07-31 18:34:10,612 | INFO | Q001378 | ID000173 | Fake | Partial -- only 1/10 found among 1 candidates
2026-07-31 18:34:15,836 | INFO | Q001379 | ID000173 | Fake | Saved rank 24 -> /home/amna/Real-vs-Fake/Data/Images/ID000173_Jennifer-Lopez/Fake/02.png (2/10)
2026-07-31 18:34:15,836 | INFO | Q001379 | ID000173 | Fake | Partial -- only 2/10 found among 1 candidates
2026-07-31 18:34:18,412 | INFO | Q001380 | ID000173 | Fake | Saved rank 44 -> /home/amna/Real-vs-Fake/Data/Images/ID000173_Jennifer-Lopez/Fake/03.jpg (3/10)
2026-07-31 18:34:18,413 | INFO | Q001380 | ID000173 | Fake | Partial -- only 3/10 found among 1 candidates
2026-07-31 18:34:20,363 | INFO | Q001385 | ID000174 | Real | Saved rank 1 -> /home/amna/Real-vs-Fake/Data/Images/ID000174_Jessica-Alba/Real/01.jpg (1/10)
2026-07-31 18:34:21,986 | INFO | Q001385 | ID000174 | Real | Saved rank 2 -> /home/amna/Real-vs-Fake/Data/Images/ID000174_Jessica-Alba/Real/02.jpg (2/10)
2026-07-31 18:34:30,766 | INFO | Q001385 | ID000174 | Real | Saved rank 3 -> /home/amna/Real-vs-Fake/Data/Images/ID000174_Jessica-Alba/Real/03.jpg (3/10)
2026-07-31 18:34:30,767 | INFO | Q001385 | ID000174 | Real | Partial -- only 3/10 found among 3 candidates
2026-07-31 18:34:33,161 | INFO | Q001386 | ID000174 | Fake | Saved rank 2 -> /home/amna/Real-vs-Fake/Data/Images/ID000174_Jessica-Alba/Fake/01.jpg (1/10)
2026-07-31 18:34:34,983 | INFO | Q001386 | ID000174 | Fake | Saved rank 6 -> /home/amna/Real-vs-Fake/Data/Images/ID000174_Jessica-Alba/Fake/02.jpg (2/10)
2026-07-31 18:34:34,984 | INFO | Q001386 | ID000174 | Fake | Partial -- only 2/10 found among 2 candidates
2026-07-31 18:34:36,641 | INFO | Q001387 | ID000174 | Fake | Saved rank 5 -> /home/amna/Real-vs-Fake/Data/Images/ID000174_Jessica-Alba/Fake/03.jpg (3/10)
2026-07-31 18:34:36,643 | INFO | Q001387 | ID000174 | Fake | Partial -- only 3/10 found among 1 candidates
2026-07-31 18:34:38,242 | INFO | Q001389 | ID000174 | Fake | Saved rank 7 -> /home/amna/Real-vs-Fake/Data/Images/ID000174_Jessica-Alba/Fake/04.jpg (4/10)
2026-07-31 18:34:38,243 | INFO | Q001389 | ID000174 | Fake | Partial -- only 4/10 found among 1 candidates
2026-07-31 18:34:40,097 | INFO | Q001393 | ID000175 | Real | Saved rank 1 -> /home/amna/Real-vs-Fake/Data/Images/ID000175_Jessica-Biel/Real/01.jpg (1/10)
2026-07-31 18:34:45,703 | INFO | Q001393 | ID000175 | Real | Saved rank 3 -> /home/amna/Real-vs-Fake/Data/Images/ID000175_Jessica-Biel/Real/02.jpg (2/10)
2026-07-31 18:34:45,703 | INFO | Q001393 | ID000175 | Real | Partial -- only 2/10 found among 2 candidates
2026-07-31 18:34:47,323 | INFO | Q001394 | ID000175 | Fake | Saved rank 17 -> /home/amna/Real-vs-Fake/Data/Images/ID000175_Jessica-Biel/Fake/01.jpg (1/10)
2026-07-31 18:34:49,095 | INFO | Q001394 | ID000175 | Fake | Saved rank 19 -> /home/amna/Real-vs-Fake/Data/Images/ID000175_Jessica-Biel/Fake/02.jpg (2/10)
2026-07-31 18:34:50,792 | INFO | Q001394 | ID000175 | Fake | Saved rank 21 -> /home/amna/Real-vs-Fake/Data/Images/ID000175_Jessica-Biel/Fake/03.jpg (3/10)
2026-07-31 18:34:50,792 | INFO | Q001394 | ID000175 | Fake | Partial -- only 3/10 found among 3 candidates
2026-07-31 18:34:53,365 | INFO | Q001395 | ID000175 | Fake | Saved rank 4 -> /home/amna/Real-vs-Fake/Data/Images/ID000175_Jessica-Biel/Fake/04.jpg (4/10)
2026-07-31 18:34:54,675 | INFO | Q001395 | ID000175 | Fake | Saved rank 6 -> /home/amna/Real-vs-Fake/Data/Images/ID000175_Jessica-Biel/Fake/05.jpg (5/10)
2026-07-31 18:34:56,557 | INFO | Q001395 | ID000175 | Fake | Saved rank 48 -> /home/amna/Real-vs-Fake/Data/Images/ID000175_Jessica-Biel/Fake/06.jpg (6/10)
2026-07-31 18:34:56,558 | INFO | Q001395 | ID000175 | Fake | Partial -- only 6/10 found among 3 candidates
2026-07-31 18:34:58,336 | INFO | Q001396 | ID000175 | Fake | Saved rank 11 -> /home/amna/Real-vs-Fake/Data/Images/ID000175_Jessica-Biel/Fake/07.jpg (7/10)
2026-07-31 18:34:59,940 | INFO | Q001396 | ID000175 | Fake | Saved rank 12 -> /home/amna/Real-vs-Fake/Data/Images/ID000175_Jessica-Biel/Fake/08.jpg (8/10)
2026-07-31 18:34:59,940 | INFO | Q001396 | ID000175 | Fake | Partial -- only 8/10 found among 2 candidates
2026-07-31 18:35:01,400 | INFO | Q001397 | ID000175 | Fake | Saved rank 21 -> /home/amna/Real-vs-Fake/Data/Images/ID000175_Jessica-Biel/Fake/09.jpg (9/10)
2026-07-31 18:35:03,096 | INFO | Q001397 | ID000175 | Fake | Saved rank 44 -> /home/amna/Real-vs-Fake/Data/Images/ID000175_Jessica-Biel/Fake/10.jpg (10/10)
2026-07-31 18:35:04,853 | INFO | Q001401 | ID000176 | Real | Saved rank 1 -> /home/amna/Real-vs-Fake/Data/Images/ID000176_Jet-Li/Real/01.jpg (1/10)
2026-07-31 18:35:06,697 | INFO | Q001401 | ID000176 | Real | Saved rank 2 -> /home/amna/Real-vs-Fake/Data/Images/ID000176_Jet-Li/Real/02.jpg (2/10)
2026-07-31 18:35:06,698 | INFO | Q001401 | ID000176 | Real | Partial -- only 2/10 found among 2 candidates
2026-07-31 18:35:08,572 | INFO | Q001402 | ID000176 | Fake | Saved rank 10 -> /home/amna/Real-vs-Fake/Data/Images/ID000176_Jet-Li/Fake/01.jpg (1/10)
2026-07-31 18:35:08,572 | INFO | Q001402 | ID000176 | Fake | Partial -- only 1/10 found among 1 candidates
2026-07-31 18:35:10,160 | INFO | Q001408 | ID000176 | Fake | Saved rank 2 -> /home/amna/Real-vs-Fake/Data/Images/ID000176_Jet-Li/Fake/02.png (2/10)
2026-07-31 18:35:10,160 | INFO | Q001408 | ID000176 | Fake | Partial -- only 2/10 found among 1 candidates
2026-07-31 18:35:12,652 | INFO | Q001409 | ID000177 | Real | Saved rank 1 -> /home/amna/Real-vs-Fake/Data/Images/ID000177_Jim-Carrey/Real/01.jpg (1/10)
2026-07-31 18:35:14,486 | INFO | Q001409 | ID000177 | Real | Saved rank 2 -> /home/amna/Real-vs-Fake/Data/Images/ID000177_Jim-Carrey/Real/02.jpg (2/10)
2026-07-31 18:35:14,486 | INFO | Q001409 | ID000177 | Real | Partial -- only 2/10 found among 2 candidates
2026-07-31 18:35:16,740 | INFO | Q001410 | ID000177 | Fake | Saved rank 40 -> /home/amna/Real-vs-Fake/Data/Images/ID000177_Jim-Carrey/Fake/01.jpg (1/10)
2026-07-31 18:35:16,740 | INFO | Q001410 | ID000177 | Fake | Partial -- only 1/10 found among 1 candidates
2026-07-31 18:35:18,496 | INFO | Q001411 | ID000177 | Fake | Saved rank 8 -> /home/amna/Real-vs-Fake/Data/Images/ID000177_Jim-Carrey/Fake/02.jpg (2/10)
2026-07-31 18:35:18,496 | INFO | Q001411 | ID000177 | Fake | Partial -- only 2/10 found among 1 candidates
2026-07-31 18:35:20,690 | INFO | Q001412 | ID000177 | Fake | Saved rank 8 -> /home/amna/Real-vs-Fake/Data/Images/ID000177_Jim-Carrey/Fake/03.jpg (3/10)
2026-07-31 18:35:20,690 | INFO | Q001412 | ID000177 | Fake | Partial -- only 3/10 found among 1 candidates
2026-07-31 18:35:22,399 | INFO | Q001417 | ID000178 | Real | Saved rank 1 -> /home/amna/Real-vs-Fake/Data/Images/ID000178_Jim-Parsons/Real/01.jpg (1/10)
2026-07-31 18:35:24,057 | INFO | Q001417 | ID000178 | Real | Saved rank 2 -> /home/amna/Real-vs-Fake/Data/Images/ID000178_Jim-Parsons/Real/02.jpg (2/10)
2026-07-31 18:35:25,468 | INFO | Q001417 | ID000178 | Real | Saved rank 4 -> /home/amna/Real-vs-Fake/Data/Images/ID000178_Jim-Parsons/Real/03.jpg (3/10)
2026-07-31 18:35:25,468 | INFO | Q001417 | ID000178 | Real | Partial -- only 3/10 found among 3 candidates
2026-07-31 18:35:27,554 | INFO | Q001418 | ID000178 | Fake | Saved rank 1 -> /home/amna/Real-vs-Fake/Data/Images/ID000178_Jim-Parsons/Fake/01.jpg (1/10)
2026-07-31 18:35:29,128 | INFO | Q001418 | ID000178 | Fake | Saved rank 2 -> /home/amna/Real-vs-Fake/Data/Images/ID000178_Jim-Parsons/Fake/02.jpg (2/10)
2026-07-31 18:35:29,128 | INFO | Q001418 | ID000178 | Fake | Partial -- only 2/10 found among 2 candidates
2026-07-31 18:35:30,832 | INFO | Q001420 | ID000178 | Fake | Saved rank 4 -> /home/amna/Real-vs-Fake/Data/Images/ID000178_Jim-Parsons/Fake/03.jpg (3/10)
2026-07-31 18:35:30,833 | INFO | Q001420 | ID000178 | Fake | Partial -- only 3/10 found among 1 candidates
2026-07-31 18:35:32,259 | INFO | Q001425 | ID000179 | Real | Saved rank 1 -> /home/amna/Real-vs-Fake/Data/Images/ID000179_Jim-Sturgess/Real/01.jpg (1/10)
2026-07-31 18:35:34,109 | INFO | Q001425 | ID000179 | Real | Saved rank 3 -> /home/amna/Real-vs-Fake/Data/Images/ID000179_Jim-Sturgess/Real/02.jpg (2/10)
2026-07-31 18:35:34,109 | INFO | Q001425 | ID000179 | Real | Partial -- only 2/10 found among 2 candidates
2026-07-31 18:35:36,094 | INFO | Q001428 | ID000179 | Fake | Saved rank 32 -> /home/amna/Real-vs-Fake/Data/Images/ID000179_Jim-Sturgess/Fake/01.jpg (1/10)
2026-07-31 18:35:36,106 | INFO | Q001428 | ID000179 | Fake | Partial -- only 1/10 found among 1 candidates
2026-07-31 18:35:37,573 | INFO | Q001433 | ID000180 | Real | Saved rank 2 -> /home/amna/Real-vs-Fake/Data/Images/ID000180_Joaquin-Phoenix/Real/01.jpg (1/10)
2026-07-31 18:35:37,574 | INFO | Q001433 | ID000180 | Real | Partial -- only 1/10 found among 1 candidates
2026-07-31 18:35:39,452 | INFO | Q001434 | ID000180 | Fake | Saved rank 18 -> /home/amna/Real-vs-Fake/Data/Images/ID000180_Joaquin-Phoenix/Fake/01.jpg (1/10)
2026-07-31 18:35:39,452 | INFO | Q001434 | ID000180 | Fake | Partial -- only 1/10 found among 1 candidates
2026-07-31 18:35:40,940 | INFO | Q001435 | ID000180 | Fake | Saved rank 1 -> /home/amna/Real-vs-Fake/Data/Images/ID000180_Joaquin-Phoenix/Fake/02.jpg (2/10)
2026-07-31 18:35:40,940 | INFO | Q001435 | ID000180 | Fake | Partial -- only 2/10 found among 1 candidates
2026-07-31 18:35:42,782 | INFO | Q001436 | ID000180 | Fake | Saved rank 10 -> /home/amna/Real-vs-Fake/Data/Images/ID000180_Joaquin-Phoenix/Fake/03.jpg (3/10)
2026-07-31 18:35:42,783 | INFO | Q001436 | ID000180 | Fake | Partial -- only 3/10 found among 1 candidates
2026-07-31 18:35:49,119 | INFO | Q001437 | ID000180 | Fake | Saved rank 2 -> /home/amna/Real-vs-Fake/Data/Images/ID000180_Joaquin-Phoenix/Fake/04.png (4/10)
2026-07-31 18:35:56,016 | INFO | Q001437 | ID000180 | Fake | Saved rank 4 -> /home/amna/Real-vs-Fake/Data/Images/ID000180_Joaquin-Phoenix/Fake/05.jpg (5/10)
2026-07-31 18:35:56,016 | INFO | Q001437 | ID000180 | Fake | Partial -- only 5/10 found among 2 candidates
2026-07-31 18:35:57,819 | INFO | Q001441 | ID000181 | Real | Saved rank 2 -> /home/amna/Real-vs-Fake/Data/Images/ID000181_Jodie-Foster/Real/01.jpg (1/10)
2026-07-31 18:35:57,819 | INFO | Q001441 | ID000181 | Real | Partial -- only 1/10 found among 1 candidates
2026-07-31 18:35:59,233 | INFO | Q001442 | ID000181 | Fake | Saved rank 17 -> /home/amna/Real-vs-Fake/Data/Images/ID000181_Jodie-Foster/Fake/01.jpg (1/10)
2026-07-31 18:35:59,233 | INFO | Q001442 | ID000181 | Fake | Partial -- only 1/10 found among 1 candidates
2026-07-31 18:36:00,664 | INFO | Q001443 | ID000181 | Fake | Saved rank 46 -> /home/amna/Real-vs-Fake/Data/Images/ID000181_Jodie-Foster/Fake/02.jpg (2/10)
2026-07-31 18:36:00,664 | INFO | Q001443 | ID000181 | Fake | Partial -- only 2/10 found among 1 candidates
2026-07-31 18:36:02,213 | INFO | Q001444 | ID000181 | Fake | Saved rank 2 -> /home/amna/Real-vs-Fake/Data/Images/ID000181_Jodie-Foster/Fake/03.jpg (3/10)
2026-07-31 18:36:04,193 | INFO | Q001444 | ID000181 | Fake | Saved rank 31 -> /home/amna/Real-vs-Fake/Data/Images/ID000181_Jodie-Foster/Fake/04.jpg (4/10)
2026-07-31 18:36:05,495 | INFO | Q001444 | ID000181 | Fake | Saved rank 49 -> /home/amna/Real-vs-Fake/Data/Images/ID000181_Jodie-Foster/Fake/05.jpg (5/10)
2026-07-31 18:36:05,495 | INFO | Q001444 | ID000181 | Fake | Partial -- only 5/10 found among 3 candidates
2026-07-31 18:36:07,429 | INFO | Q001445 | ID000181 | Fake | Saved rank 31 -> /home/amna/Real-vs-Fake/Data/Images/ID000181_Jodie-Foster/Fake/06.jpg (6/10)
2026-07-31 18:36:07,431 | INFO | Q001445 | ID000181 | Fake | Partial -- only 6/10 found among 1 candidates
2026-07-31 18:36:09,028 | INFO | Q001449 | ID000182 | Real | Saved rank 2 -> /home/amna/Real-vs-Fake/Data/Images/ID000182_John-Cusack/Real/01.jpg (1/10)
2026-07-31 18:36:10,237 | INFO | Q001449 | ID000182 | Real | Saved rank 3 -> /home/amna/Real-vs-Fake/Data/Images/ID000182_John-Cusack/Real/02.jpg (2/10)
2026-07-31 18:36:10,238 | INFO | Q001449 | ID000182 | Real | Partial -- only 2/10 found among 2 candidates
2026-07-31 18:36:11,922 | INFO | Q001452 | ID000182 | Fake | Saved rank 30 -> /home/amna/Real-vs-Fake/Data/Images/ID000182_John-Cusack/Fake/01.jpg (1/10)
2026-07-31 18:36:11,922 | INFO | Q001452 | ID000182 | Fake | Partial -- only 1/10 found among 1 candidates
2026-07-31 18:36:13,508 | INFO | Q001456 | ID000182 | Fake | Saved rank 8 -> /home/amna/Real-vs-Fake/Data/Images/ID000182_John-Cusack/Fake/02.jpg (2/10)
2026-07-31 18:36:14,880 | INFO | Q001456 | ID000182 | Fake | Saved rank 9 -> /home/amna/Real-vs-Fake/Data/Images/ID000182_John-Cusack/Fake/03.jpg (3/10)
2026-07-31 18:36:16,240 | INFO | Q001456 | ID000182 | Fake | Saved rank 12 -> /home/amna/Real-vs-Fake/Data/Images/ID000182_John-Cusack/Fake/04.jpg (4/10)
2026-07-31 18:36:16,240 | INFO | Q001456 | ID000182 | Fake | Partial -- only 4/10 found among 3 candidates
2026-07-31 18:36:17,696 | INFO | Q001457 | ID000183 | Real | Saved rank 1 -> /home/amna/Real-vs-Fake/Data/Images/ID000183_John-Leguizamo/Real/01.jpg (1/10)
2026-07-31 18:36:20,065 | INFO | Q001457 | ID000183 | Real | Saved rank 3 -> /home/amna/Real-vs-Fake/Data/Images/ID000183_John-Leguizamo/Real/02.jpg (2/10)
2026-07-31 18:36:20,065 | INFO | Q001457 | ID000183 | Real | Partial -- only 2/10 found among 2 candidates
2026-07-31 18:36:21,461 | INFO | Q001464 | ID000183 | Fake | Saved rank 15 -> /home/amna/Real-vs-Fake/Data/Images/ID000183_John-Leguizamo/Fake/01.jpg (1/10)
2026-07-31 18:36:23,121 | INFO | Q001464 | ID000183 | Fake | Saved rank 49 -> /home/amna/Real-vs-Fake/Data/Images/ID000183_John-Leguizamo/Fake/02.jpg (2/10)
2026-07-31 18:36:23,121 | INFO | Q001464 | ID000183 | Fake | Partial -- only 2/10 found among 2 candidates
2026-07-31 18:36:24,591 | INFO | Q001465 | ID000184 | Real | Saved rank 1 -> /home/amna/Real-vs-Fake/Data/Images/ID000184_John-Malkovich/Real/01.jpg (1/10)
2026-07-31 18:36:26,136 | INFO | Q001465 | ID000184 | Real | Saved rank 2 -> /home/amna/Real-vs-Fake/Data/Images/ID000184_John-Malkovich/Real/02.jpg (2/10)
2026-07-31 18:36:26,136 | INFO | Q001465 | ID000184 | Real | Partial -- only 2/10 found among 2 candidates
2026-07-31 18:36:27,933 | INFO | Q001467 | ID000184 | Fake | Saved rank 3 -> /home/amna/Real-vs-Fake/Data/Images/ID000184_John-Malkovich/Fake/01.png (1/10)
2026-07-31 18:36:27,933 | INFO | Q001467 | ID000184 | Fake | Partial -- only 1/10 found among 1 candidates
2026-07-31 18:36:29,476 | INFO | Q001468 | ID000184 | Fake | Saved rank 2 -> /home/amna/Real-vs-Fake/Data/Images/ID000184_John-Malkovich/Fake/02.jpg (2/10)
2026-07-31 18:36:29,477 | INFO | Q001468 | ID000184 | Fake | Partial -- only 2/10 found among 1 candidates
2026-07-31 18:36:30,975 | INFO | Q001471 | ID000184 | Fake | Saved rank 1 -> /home/amna/Real-vs-Fake/Data/Images/ID000184_John-Malkovich/Fake/03.jpg (3/10)
2026-07-31 18:36:30,975 | INFO | Q001471 | ID000184 | Fake | Partial -- only 3/10 found among 1 candidates
2026-07-31 18:36:32,856 | INFO | Q001473 | ID000185 | Real | Saved rank 1 -> /home/amna/Real-vs-Fake/Data/Images/ID000185_John-Terry/Real/01.jpg (1/10)
2026-07-31 18:36:34,607 | INFO | Q001473 | ID000185 | Real | Saved rank 4 -> /home/amna/Real-vs-Fake/Data/Images/ID000185_John-Terry/Real/02.jpg (2/10)
2026-07-31 18:36:34,608 | INFO | Q001473 | ID000185 | Real | Partial -- only 2/10 found among 2 candidates
2026-07-31 18:36:36,297 | INFO | Q001474 | ID000185 | Fake | Saved rank 47 -> /home/amna/Real-vs-Fake/Data/Images/ID000185_John-Terry/Fake/01.jpg (1/10)
2026-07-31 18:36:36,321 | INFO | Q001474 | ID000185 | Fake | Partial -- only 1/10 found among 1 candidates
2026-07-31 18:36:37,958 | INFO | Q001481 | ID000186 | Real | Saved rank 1 -> /home/amna/Real-vs-Fake/Data/Images/ID000186_John-Travolta/Real/01.jpg (1/10)
2026-07-31 18:36:39,373 | INFO | Q001481 | ID000186 | Real | Saved rank 2 -> /home/amna/Real-vs-Fake/Data/Images/ID000186_John-Travolta/Real/02.jpg (2/10)
2026-07-31 18:36:40,990 | INFO | Q001481 | ID000186 | Real | Saved rank 3 -> /home/amna/Real-vs-Fake/Data/Images/ID000186_John-Travolta/Real/03.jpg (3/10)
2026-07-31 18:36:40,990 | INFO | Q001481 | ID000186 | Real | Partial -- only 3/10 found among 3 candidates
2026-07-31 18:36:43,009 | INFO | Q001482 | ID000186 | Fake | Saved rank 3 -> /home/amna/Real-vs-Fake/Data/Images/ID000186_John-Travolta/Fake/01.jpg (1/10)
2026-07-31 18:36:44,676 | INFO | Q001482 | ID000186 | Fake | Saved rank 9 -> /home/amna/Real-vs-Fake/Data/Images/ID000186_John-Travolta/Fake/02.jpg (2/10)
2026-07-31 18:36:44,676 | INFO | Q001482 | ID000186 | Fake | Partial -- only 2/10 found among 2 candidates
2026-07-31 18:36:46,525 | INFO | Q001483 | ID000186 | Fake | Saved rank 2 -> /home/amna/Real-vs-Fake/Data/Images/ID000186_John-Travolta/Fake/03.jpg (3/10)
2026-07-31 18:36:48,191 | INFO | Q001483 | ID000186 | Fake | Saved rank 14 -> /home/amna/Real-vs-Fake/Data/Images/ID000186_John-Travolta/Fake/04.jpg (4/10)
2026-07-31 18:36:48,194 | INFO | Q001483 | ID000186 | Fake | Partial -- only 4/10 found among 2 candidates
2026-07-31 18:36:49,594 | INFO | Q001484 | ID000186 | Fake | Saved rank 5 -> /home/amna/Real-vs-Fake/Data/Images/ID000186_John-Travolta/Fake/05.jpg (5/10)
2026-07-31 18:36:51,442 | INFO | Q001484 | ID000186 | Fake | Saved rank 7 -> /home/amna/Real-vs-Fake/Data/Images/ID000186_John-Travolta/Fake/06.jpg (6/10)
2026-07-31 18:36:51,442 | INFO | Q001484 | ID000186 | Fake | Partial -- only 6/10 found among 2 candidates
2026-07-31 18:36:53,271 | INFO | Q001489 | ID000187 | Real | Saved rank 1 -> /home/amna/Real-vs-Fake/Data/Images/ID000187_John-Wayne/Real/01.jpg (1/10)
2026-07-31 18:36:55,021 | INFO | Q001489 | ID000187 | Real | Saved rank 2 -> /home/amna/Real-vs-Fake/Data/Images/ID000187_John-Wayne/Real/02.jpg (2/10)
2026-07-31 18:36:56,583 | INFO | Q001489 | ID000187 | Real | Saved rank 3 -> /home/amna/Real-vs-Fake/Data/Images/ID000187_John-Wayne/Real/03.jpg (3/10)
2026-07-31 18:36:56,583 | INFO | Q001489 | ID000187 | Real | Partial -- only 3/10 found among 3 candidates
2026-07-31 18:36:58,673 | INFO | Q001490 | ID000187 | Fake | Saved rank 8 -> /home/amna/Real-vs-Fake/Data/Images/ID000187_John-Wayne/Fake/01.jpg (1/10)
2026-07-31 18:36:58,673 | INFO | Q001490 | ID000187 | Fake | Partial -- only 1/10 found among 1 candidates
2026-07-31 18:37:00,048 | INFO | Q001491 | ID000187 | Fake | Saved rank 19 -> /home/amna/Real-vs-Fake/Data/Images/ID000187_John-Wayne/Fake/02.jpg (2/10)
2026-07-31 18:37:01,431 | INFO | Q001491 | ID000187 | Fake | Saved rank 32 -> /home/amna/Real-vs-Fake/Data/Images/ID000187_John-Wayne/Fake/03.jpg (3/10)
2026-07-31 18:37:01,432 | INFO | Q001491 | ID000187 | Fake | Partial -- only 3/10 found among 2 candidates
2026-07-31 18:37:03,319 | INFO | Q001492 | ID000187 | Fake | Saved rank 5 -> /home/amna/Real-vs-Fake/Data/Images/ID000187_John-Wayne/Fake/04.jpg (4/10)
2026-07-31 18:37:03,320 | INFO | Q001492 | ID000187 | Fake | Partial -- only 4/10 found among 1 candidates
2026-07-31 18:37:04,889 | INFO | Q001497 | ID000188 | Real | Saved rank 1 -> /home/amna/Real-vs-Fake/Data/Images/ID000188_Johnny-Depp/Real/01.jpg (1/10)
2026-07-31 18:37:06,701 | INFO | Q001497 | ID000188 | Real | Saved rank 2 -> /home/amna/Real-vs-Fake/Data/Images/ID000188_Johnny-Depp/Real/02.jpg (2/10)
2026-07-31 18:37:14,556 | INFO | Q001497 | ID000188 | Real | Saved rank 4 -> /home/amna/Real-vs-Fake/Data/Images/ID000188_Johnny-Depp/Real/03.jpg (3/10)
2026-07-31 18:37:14,556 | INFO | Q001497 | ID000188 | Real | Partial -- only 3/10 found among 3 candidates
2026-07-31 18:37:17,056 | INFO | Q001500 | ID000188 | Fake | Saved rank 35 -> /home/amna/Real-vs-Fake/Data/Images/ID000188_Johnny-Depp/Fake/01.jpg (1/10)
2026-07-31 18:37:17,056 | INFO | Q001500 | ID000188 | Fake | Partial -- only 1/10 found among 1 candidates
2026-07-31 18:37:18,774 | INFO | Q001505 | ID000189 | Real | Saved rank 1 -> /home/amna/Real-vs-Fake/Data/Images/ID000189_Johnny-Knoxville/Real/01.jpg (1/10)
2026-07-31 18:37:20,634 | INFO | Q001505 | ID000189 | Real | Saved rank 2 -> /home/amna/Real-vs-Fake/Data/Images/ID000189_Johnny-Knoxville/Real/02.jpg (2/10)
2026-07-31 18:37:20,634 | INFO | Q001505 | ID000189 | Real | Partial -- only 2/10 found among 2 candidates
2026-07-31 18:37:22,753 | INFO | Q001506 | ID000189 | Fake | Saved rank 1 -> /home/amna/Real-vs-Fake/Data/Images/ID000189_Johnny-Knoxville/Fake/01.jpg (1/10)
2026-07-31 18:37:22,753 | INFO | Q001506 | ID000189 | Fake | Partial -- only 1/10 found among 1 candidates
2026-07-31 18:37:24,694 | INFO | Q001521 | ID000191 | Real | Saved rank 1 -> /home/amna/Real-vs-Fake/Data/Images/ID000191_Jonah-Hill/Real/01.jpg (1/10)
2026-07-31 18:37:26,164 | INFO | Q001521 | ID000191 | Real | Saved rank 2 -> /home/amna/Real-vs-Fake/Data/Images/ID000191_Jonah-Hill/Real/02.jpg (2/10)
2026-07-31 18:37:35,867 | INFO | Q001521 | ID000191 | Real | Saved rank 4 -> /home/amna/Real-vs-Fake/Data/Images/ID000191_Jonah-Hill/Real/03.jpg (3/10)
2026-07-31 18:37:35,868 | INFO | Q001521 | ID000191 | Real | Partial -- only 3/10 found among 3 candidates
2026-07-31 18:37:37,691 | INFO | Q001523 | ID000191 | Fake | Saved rank 14 -> /home/amna/Real-vs-Fake/Data/Images/ID000191_Jonah-Hill/Fake/01.png (1/10)
2026-07-31 18:37:37,691 | INFO | Q001523 | ID000191 | Fake | Partial -- only 1/10 found among 1 candidates
2026-07-31 18:37:39,234 | INFO | Q001529 | ID000192 | Real | Saved rank 2 -> /home/amna/Real-vs-Fake/Data/Images/ID000192_Josh-Brolin/Real/01.jpg (1/10)
2026-07-31 18:37:39,234 | INFO | Q001529 | ID000192 | Real | Partial -- only 1/10 found among 1 candidates
2026-07-31 18:37:41,115 | INFO | Q001531 | ID000192 | Fake | Saved rank 28 -> /home/amna/Real-vs-Fake/Data/Images/ID000192_Josh-Brolin/Fake/01.png (1/10)
2026-07-31 18:37:43,125 | INFO | Q001531 | ID000192 | Fake | Saved rank 33 -> /home/amna/Real-vs-Fake/Data/Images/ID000192_Josh-Brolin/Fake/02.jpg (2/10)
2026-07-31 18:37:43,126 | INFO | Q001531 | ID000192 | Fake | Partial -- only 2/10 found among 2 candidates
2026-07-31 18:37:44,834 | INFO | Q001532 | ID000192 | Fake | Saved rank 6 -> /home/amna/Real-vs-Fake/Data/Images/ID000192_Josh-Brolin/Fake/03.jpg (3/10)
2026-07-31 18:37:44,834 | INFO | Q001532 | ID000192 | Fake | Partial -- only 3/10 found among 1 candidates
2026-07-31 18:37:46,301 | INFO | Q001535 | ID000192 | Fake | Saved rank 1 -> /home/amna/Real-vs-Fake/Data/Images/ID000192_Josh-Brolin/Fake/04.jpg (4/10)
2026-07-31 18:37:46,305 | INFO | Q001535 | ID000192 | Fake | Partial -- only 4/10 found among 1 candidates
2026-07-31 18:37:50,952 | INFO | Q001537 | ID000193 | Real | Saved rank 1 -> /home/amna/Real-vs-Fake/Data/Images/ID000193_Josh-Hartnett/Real/01.jpg (1/10)
2026-07-31 18:37:50,952 | INFO | Q001537 | ID000193 | Real | Partial -- only 1/10 found among 1 candidates
2026-07-31 18:37:53,330 | INFO | Q001538 | ID000193 | Fake | Saved rank 28 -> /home/amna/Real-vs-Fake/Data/Images/ID000193_Josh-Hartnett/Fake/01.jpg (1/10)
2026-07-31 18:37:56,373 | INFO | Q001538 | ID000193 | Fake | Saved rank 38 -> /home/amna/Real-vs-Fake/Data/Images/ID000193_Josh-Hartnett/Fake/02.jpg (2/10)
2026-07-31 18:37:56,373 | INFO | Q001538 | ID000193 | Fake | Partial -- only 2/10 found among 2 candidates
2026-07-31 18:38:05,484 | INFO | Q001539 | ID000193 | Fake | Saved rank 21 -> /home/amna/Real-vs-Fake/Data/Images/ID000193_Josh-Hartnett/Fake/03.jpg (3/10)
2026-07-31 18:38:05,485 | INFO | Q001539 | ID000193 | Fake | Partial -- only 3/10 found among 1 candidates
2026-07-31 18:38:07,562 | INFO | Q001543 | ID000193 | Fake | Saved rank 42 -> /home/amna/Real-vs-Fake/Data/Images/ID000193_Josh-Hartnett/Fake/04.jpg (4/10)
2026-07-31 18:38:07,562 | INFO | Q001543 | ID000193 | Fake | Partial -- only 4/10 found among 1 candidates
2026-07-31 18:38:09,276 | INFO | Q001545 | ID000194 | Real | Saved rank 2 -> /home/amna/Real-vs-Fake/Data/Images/ID000194_Josh-Hutcherson/Real/01.jpg (1/10)
2026-07-31 18:38:11,438 | INFO | Q001545 | ID000194 | Real | Saved rank 3 -> /home/amna/Real-vs-Fake/Data/Images/ID000194_Josh-Hutcherson/Real/02.jpg (2/10)
2026-07-31 18:38:11,439 | INFO | Q001545 | ID000194 | Real | Partial -- only 2/10 found among 2 candidates
2026-07-31 18:38:12,902 | INFO | Q001546 | ID000194 | Fake | Saved rank 2 -> /home/amna/Real-vs-Fake/Data/Images/ID000194_Josh-Hutcherson/Fake/01.jpg (1/10)
2026-07-31 18:38:14,628 | INFO | Q001546 | ID000194 | Fake | Saved rank 3 -> /home/amna/Real-vs-Fake/Data/Images/ID000194_Josh-Hutcherson/Fake/02.jpg (2/10)
2026-07-31 18:38:14,628 | INFO | Q001546 | ID000194 | Fake | Partial -- only 2/10 found among 2 candidates
2026-07-31 18:38:16,101 | INFO | Q001547 | ID000194 | Fake | Saved rank 9 -> /home/amna/Real-vs-Fake/Data/Images/ID000194_Josh-Hutcherson/Fake/03.jpg (3/10)
2026-07-31 18:38:16,101 | INFO | Q001547 | ID000194 | Fake | Partial -- only 3/10 found among 1 candidates
2026-07-31 18:38:17,865 | INFO | Q001553 | ID000195 | Real | Saved rank 1 -> /home/amna/Real-vs-Fake/Data/Images/ID000195_Josh-Inglis/Real/01.png (1/10)
2026-07-31 18:38:21,104 | INFO | Q001553 | ID000195 | Real | Saved rank 2 -> /home/amna/Real-vs-Fake/Data/Images/ID000195_Josh-Inglis/Real/02.png (2/10)
2026-07-31 18:38:21,104 | INFO | Q001553 | ID000195 | Real | Partial -- only 2/10 found among 2 candidates
2026-07-31 18:38:22,669 | INFO | Q001554 | ID000195 | Fake | Saved rank 36 -> /home/amna/Real-vs-Fake/Data/Images/ID000195_Josh-Inglis/Fake/01.jpg (1/10)
2026-07-31 18:38:22,670 | INFO | Q001554 | ID000195 | Fake | Partial -- only 1/10 found among 1 candidates
2026-07-31 18:38:24,288 | INFO | Q001561 | ID000196 | Real | Saved rank 1 -> /home/amna/Real-vs-Fake/Data/Images/ID000196_Julianne-Moore/Real/01.jpg (1/10)
2026-07-31 18:38:25,725 | INFO | Q001561 | ID000196 | Real | Saved rank 2 -> /home/amna/Real-vs-Fake/Data/Images/ID000196_Julianne-Moore/Real/02.jpg (2/10)
2026-07-31 18:38:27,392 | INFO | Q001561 | ID000196 | Real | Saved rank 3 -> /home/amna/Real-vs-Fake/Data/Images/ID000196_Julianne-Moore/Real/03.jpg (3/10)
2026-07-31 18:38:27,393 | INFO | Q001561 | ID000196 | Real | Partial -- only 3/10 found among 3 candidates
2026-07-31 18:38:29,237 | INFO | Q001562 | ID000196 | Fake | Saved rank 48 -> /home/amna/Real-vs-Fake/Data/Images/ID000196_Julianne-Moore/Fake/01.jpg (1/10)
2026-07-31 18:38:29,238 | INFO | Q001562 | ID000196 | Fake | Partial -- only 1/10 found among 1 candidates
2026-07-31 18:38:30,754 | INFO | Q001564 | ID000196 | Fake | Saved rank 5 -> /home/amna/Real-vs-Fake/Data/Images/ID000196_Julianne-Moore/Fake/02.jpg (2/10)
2026-07-31 18:38:30,754 | INFO | Q001564 | ID000196 | Fake | Partial -- only 2/10 found among 1 candidates
2026-07-31 18:38:32,542 | INFO | Q001567 | ID000196 | Fake | Saved rank 1 -> /home/amna/Real-vs-Fake/Data/Images/ID000196_Julianne-Moore/Fake/03.jpg (3/10)
2026-07-31 18:38:34,013 | INFO | Q001567 | ID000196 | Fake | Saved rank 2 -> /home/amna/Real-vs-Fake/Data/Images/ID000196_Julianne-Moore/Fake/04.jpg (4/10)
2026-07-31 18:38:35,777 | INFO | Q001567 | ID000196 | Fake | Saved rank 3 -> /home/amna/Real-vs-Fake/Data/Images/ID000196_Julianne-Moore/Fake/05.jpg (5/10)
2026-07-31 18:38:35,778 | INFO | Q001567 | ID000196 | Fake | Partial -- only 5/10 found among 3 candidates
2026-07-31 18:38:37,486 | INFO | Q001569 | ID000197 | Real | Saved rank 1 -> /home/amna/Real-vs-Fake/Data/Images/ID000197_Juliette-Binoche/Real/01.jpg (1/10)
2026-07-31 18:38:37,486 | INFO | Q001569 | ID000197 | Real | Partial -- only 1/10 found among 1 candidates
2026-07-31 18:38:40,300 | INFO | Q001570 | ID000197 | Fake | Saved rank 24 -> /home/amna/Real-vs-Fake/Data/Images/ID000197_Juliette-Binoche/Fake/01.jpg (1/10)
2026-07-31 18:38:40,300 | INFO | Q001570 | ID000197 | Fake | Partial -- only 1/10 found among 1 candidates
2026-07-31 18:38:41,905 | INFO | Q001572 | ID000197 | Fake | Saved rank 1 -> /home/amna/Real-vs-Fake/Data/Images/ID000197_Juliette-Binoche/Fake/02.jpg (2/10)
2026-07-31 18:38:43,537 | INFO | Q001572 | ID000197 | Fake | Saved rank 4 -> /home/amna/Real-vs-Fake/Data/Images/ID000197_Juliette-Binoche/Fake/03.jpg (3/10)
2026-07-31 18:38:43,537 | INFO | Q001572 | ID000197 | Fake | Partial -- only 3/10 found among 2 candidates
2026-07-31 18:38:45,460 | INFO | Q001577 | ID000198 | Real | Saved rank 1 -> /home/amna/Real-vs-Fake/Data/Images/ID000198_Jungkook/Real/01.png (1/10)
2026-07-31 18:38:46,715 | INFO | Q001577 | ID000198 | Real | Saved rank 2 -> /home/amna/Real-vs-Fake/Data/Images/ID000198_Jungkook/Real/02.jpg (2/10)
2026-07-31 18:38:46,715 | INFO | Q001577 | ID000198 | Real | Partial -- only 2/10 found among 2 candidates
2026-07-31 18:38:48,747 | INFO | Q001578 | ID000198 | Fake | Saved rank 1 -> /home/amna/Real-vs-Fake/Data/Images/ID000198_Jungkook/Fake/01.jpg (1/10)
2026-07-31 18:38:48,747 | INFO | Q001578 | ID000198 | Fake | Partial -- only 1/10 found among 1 candidates
2026-07-31 18:38:50,697 | INFO | Q001579 | ID000198 | Fake | Saved rank 33 -> /home/amna/Real-vs-Fake/Data/Images/ID000198_Jungkook/Fake/02.jpg (2/10)
2026-07-31 18:38:50,700 | INFO | Q001579 | ID000198 | Fake | Partial -- only 2/10 found among 1 candidates
2026-07-31 18:38:52,088 | INFO | Q001585 | ID000199 | Real | Saved rank 1 -> /home/amna/Real-vs-Fake/Data/Images/ID000199_Justin-Timberlake/Real/01.jpg (1/10)
2026-07-31 18:38:55,037 | INFO | Q001585 | ID000199 | Real | Saved rank 3 -> /home/amna/Real-vs-Fake/Data/Images/ID000199_Justin-Timberlake/Real/02.png (2/10)
2026-07-31 18:38:56,721 | INFO | Q001585 | ID000199 | Real | Saved rank 4 -> /home/amna/Real-vs-Fake/Data/Images/ID000199_Justin-Timberlake/Real/03.jpg (3/10)
2026-07-31 18:38:56,724 | INFO | Q001585 | ID000199 | Real | Partial -- only 3/10 found among 3 candidates
2026-07-31 18:38:58,616 | INFO | Q001586 | ID000199 | Fake | Saved rank 41 -> /home/amna/Real-vs-Fake/Data/Images/ID000199_Justin-Timberlake/Fake/01.jpg (1/10)
2026-07-31 18:38:58,616 | INFO | Q001586 | ID000199 | Fake | Partial -- only 1/10 found among 1 candidates
2026-07-31 18:39:00,412 | INFO | Q001587 | ID000199 | Fake | Saved rank 38 -> /home/amna/Real-vs-Fake/Data/Images/ID000199_Justin-Timberlake/Fake/02.jpg (2/10)
2026-07-31 18:39:00,412 | INFO | Q001587 | ID000199 | Fake | Partial -- only 2/10 found among 1 candidates
2026-07-31 18:39:02,128 | INFO | Q001588 | ID000199 | Fake | Saved rank 2 -> /home/amna/Real-vs-Fake/Data/Images/ID000199_Justin-Timberlake/Fake/03.jpg (3/10)
2026-07-31 18:39:02,128 | INFO | Q001588 | ID000199 | Fake | Partial -- only 3/10 found among 1 candidates
2026-07-31 18:39:03,737 | INFO | Q001593 | ID000200 | Real | Saved rank 1 -> /home/amna/Real-vs-Fake/Data/Images/ID000200_Justin-Trudeau/Real/01.jpg (1/10)
2026-07-31 18:39:03,738 | INFO | Q001593 | ID000200 | Real | Partial -- only 1/10 found among 1 candidates
2026-07-31 18:39:09,427 | INFO | Q001594 | ID000200 | Fake | Saved rank 2 -> /home/amna/Real-vs-Fake/Data/Images/ID000200_Justin-Trudeau/Fake/01.jpg (1/10)
2026-07-31 18:39:09,427 | INFO | Q001594 | ID000200 | Fake | Partial -- only 1/10 found among 1 candidates
2026-07-31 18:39:11,238 | INFO | Q001596 | ID000200 | Fake | Saved rank 41 -> /home/amna/Real-vs-Fake/Data/Images/ID000200_Justin-Trudeau/Fake/02.jpg (2/10)
2026-07-31 18:39:13,046 | INFO | Q001596 | ID000200 | Fake | Saved rank 47 -> /home/amna/Real-vs-Fake/Data/Images/ID000200_Justin-Trudeau/Fake/03.jpg (3/10)
2026-07-31 18:39:13,046 | INFO | Q001596 | ID000200 | Fake | Partial -- only 3/10 found among 2 candidates
2026-07-31 18:39:13,047 | INFO | ============================================================
2026-07-31 18:39:13,048 | INFO | STEP 4 RUN COMPLETE
2026-07-31 18:39:13,048 | INFO | Success (target reached) : 1
2026-07-31 18:39:13,048 | INFO | Partial (some, not all)  : 101
2026-07-31 18:39:13,048 | INFO | Discarded (no image)     : 0
2026-07-31 18:39:13,048 | INFO | Errors (will retry)      : 0
2026-07-31 18:39:13,048 | INFO | Remaining                : 0
2026-07-31 18:39:13,048 | INFO | ============================================================
2026-07-31 18:55:54,915 | INFO | Computed 189 PAIRED identities directly from candidate_urls.csv
2026-07-31 18:55:55,037 | INFO | ID000190 | Skipped -- no Real/Fake pair (Real-only or Fake-only)
2026-07-31 18:55:55,038 | INFO | ID000205 | Skipped -- no Real/Fake pair (Real-only or Fake-only)
2026-07-31 18:55:55,038 | INFO | ID000211 | Skipped -- no Real/Fake pair (Real-only or Fake-only)
2026-07-31 18:55:55,038 | INFO | ID000218 | Skipped -- no Real/Fake pair (Real-only or Fake-only)
2026-07-31 18:55:55,050 | INFO | ============================================================
2026-07-31 18:55:55,050 | INFO | STEP 4 START (Image Download, paired identities only)
2026-07-31 18:55:55,050 | INFO | Paired identities          : 189
2026-07-31 18:55:55,050 | INFO | Unpaired identities skipped: 27
2026-07-31 18:55:55,050 | INFO | Total identity/type groups : 626
2026-07-31 18:55:55,050 | INFO | Already completed          : 377
2026-07-31 18:55:55,050 | INFO | Remaining pending          : 56
2026-07-31 18:55:55,050 | INFO | Groups this run            : 56
2026-07-31 18:55:55,050 | INFO | ============================================================
2026-07-31 18:55:56,768 | INFO | Q001601 | ID000201 | Real | Saved rank 3 -> /home/amna/Real-vs-Fake/Data/Images/ID000201_Kate-Beckinsale/Real/01.jpg (1/10)
2026-07-31 18:55:58,403 | INFO | Q001601 | ID000201 | Real | Saved rank 5 -> /home/amna/Real-vs-Fake/Data/Images/ID000201_Kate-Beckinsale/Real/02.jpg (2/10)
2026-07-31 18:55:58,403 | INFO | Q001601 | ID000201 | Real | Partial -- only 2/10 found among 2 candidates
2026-07-31 18:56:00,530 | INFO | Q001602 | ID000201 | Fake | Saved rank 5 -> /home/amna/Real-vs-Fake/Data/Images/ID000201_Kate-Beckinsale/Fake/01.jpg (1/10)
2026-07-31 18:56:00,531 | INFO | Q001602 | ID000201 | Fake | Partial -- only 1/10 found among 1 candidates
2026-07-31 18:56:02,081 | INFO | Q001603 | ID000201 | Fake | Saved rank 45 -> /home/amna/Real-vs-Fake/Data/Images/ID000201_Kate-Beckinsale/Fake/02.jpg (2/10)
2026-07-31 18:56:02,081 | INFO | Q001603 | ID000201 | Fake | Partial -- only 2/10 found among 1 candidates
2026-07-31 18:56:03,717 | INFO | Q001604 | ID000201 | Fake | Saved rank 11 -> /home/amna/Real-vs-Fake/Data/Images/ID000201_Kate-Beckinsale/Fake/03.jpg (3/10)
2026-07-31 18:56:03,717 | INFO | Q001604 | ID000201 | Fake | Partial -- only 3/10 found among 1 candidates
2026-07-31 18:56:07,056 | INFO | Q001605 | ID000201 | Fake | Saved rank 11 -> /home/amna/Real-vs-Fake/Data/Images/ID000201_Kate-Beckinsale/Fake/04.jpg (4/10)
2026-07-31 18:56:07,056 | INFO | Q001605 | ID000201 | Fake | Partial -- only 4/10 found among 1 candidates
2026-07-31 18:56:09,165 | INFO | Q001609 | ID000202 | Real | Saved rank 1 -> /home/amna/Real-vs-Fake/Data/Images/ID000202_Kate-Winslet/Real/01.jpg (1/10)
2026-07-31 18:56:11,033 | INFO | Q001609 | ID000202 | Real | Saved rank 3 -> /home/amna/Real-vs-Fake/Data/Images/ID000202_Kate-Winslet/Real/02.jpg (2/10)
2026-07-31 18:56:11,033 | INFO | Q001609 | ID000202 | Real | Partial -- only 2/10 found among 2 candidates
2026-07-31 18:56:12,670 | INFO | Q001610 | ID000202 | Fake | Saved rank 10 -> /home/amna/Real-vs-Fake/Data/Images/ID000202_Kate-Winslet/Fake/01.jpg (1/10)
2026-07-31 18:56:14,161 | INFO | Q001610 | ID000202 | Fake | Saved rank 13 -> /home/amna/Real-vs-Fake/Data/Images/ID000202_Kate-Winslet/Fake/02.jpg (2/10)
2026-07-31 18:56:14,161 | INFO | Q001610 | ID000202 | Fake | Partial -- only 2/10 found among 2 candidates
2026-07-31 18:56:15,693 | INFO | Q001611 | ID000202 | Fake | Saved rank 1 -> /home/amna/Real-vs-Fake/Data/Images/ID000202_Kate-Winslet/Fake/03.jpg (3/10)
2026-07-31 18:56:17,187 | INFO | Q001611 | ID000202 | Fake | Saved rank 2 -> /home/amna/Real-vs-Fake/Data/Images/ID000202_Kate-Winslet/Fake/04.jpg (4/10)
2026-07-31 18:56:17,188 | INFO | Q001611 | ID000202 | Fake | Partial -- only 4/10 found among 2 candidates
2026-07-31 18:56:18,936 | INFO | Q001612 | ID000202 | Fake | Saved rank 11 -> /home/amna/Real-vs-Fake/Data/Images/ID000202_Kate-Winslet/Fake/05.jpg (5/10)
2026-07-31 18:56:18,936 | INFO | Q001612 | ID000202 | Fake | Partial -- only 5/10 found among 1 candidates
2026-07-31 18:56:20,296 | INFO | Q001613 | ID000202 | Fake | Saved rank 1 -> /home/amna/Real-vs-Fake/Data/Images/ID000202_Kate-Winslet/Fake/06.jpg (6/10)
2026-07-31 18:56:20,296 | INFO | Q001613 | ID000202 | Fake | Partial -- only 6/10 found among 1 candidates
2026-07-31 18:56:22,059 | INFO | Q001617 | ID000203 | Real | Saved rank 1 -> /home/amna/Real-vs-Fake/Data/Images/ID000203_Katharine-Hepburn/Real/01.jpg (1/10)
2026-07-31 18:56:24,679 | INFO | Q001617 | ID000203 | Real | rank 3 failed (http_404), trying next candidate
2026-07-31 18:56:24,679 | INFO | Q001617 | ID000203 | Real | Partial -- only 1/10 found among 2 candidates
2026-07-31 18:56:26,654 | INFO | Q001618 | ID000203 | Fake | Saved rank 1 -> /home/amna/Real-vs-Fake/Data/Images/ID000203_Katharine-Hepburn/Fake/01.jpg (1/10)
2026-07-31 18:56:29,181 | INFO | Q001618 | ID000203 | Fake | Saved rank 21 -> /home/amna/Real-vs-Fake/Data/Images/ID000203_Katharine-Hepburn/Fake/02.jpg (2/10)
2026-07-31 18:56:29,181 | INFO | Q001618 | ID000203 | Fake | Partial -- only 2/10 found among 2 candidates
2026-07-31 18:56:30,943 | INFO | Q001620 | ID000203 | Fake | Saved rank 3 -> /home/amna/Real-vs-Fake/Data/Images/ID000203_Katharine-Hepburn/Fake/03.jpg (3/10)
2026-07-31 18:56:30,944 | INFO | Q001620 | ID000203 | Fake | Partial -- only 3/10 found among 1 candidates
2026-07-31 18:56:32,497 | INFO | Q001623 | ID000203 | Fake | Saved rank 47 -> /home/amna/Real-vs-Fake/Data/Images/ID000203_Katharine-Hepburn/Fake/04.jpg (4/10)
2026-07-31 18:56:32,498 | INFO | Q001623 | ID000203 | Fake | Partial -- only 4/10 found among 1 candidates
2026-07-31 18:56:33,960 | INFO | Q001624 | ID000203 | Fake | Saved rank 3 -> /home/amna/Real-vs-Fake/Data/Images/ID000203_Katharine-Hepburn/Fake/05.jpg (5/10)
2026-07-31 18:56:35,315 | INFO | Q001624 | ID000203 | Fake | Saved rank 6 -> /home/amna/Real-vs-Fake/Data/Images/ID000203_Katharine-Hepburn/Fake/06.jpg (6/10)
2026-07-31 18:56:35,315 | INFO | Q001624 | ID000203 | Fake | Partial -- only 6/10 found among 2 candidates
2026-07-31 18:56:36,949 | INFO | Q001625 | ID000204 | Real | Saved rank 2 -> /home/amna/Real-vs-Fake/Data/Images/ID000204_Kathy-Bates/Real/01.jpg (1/10)
2026-07-31 18:56:38,791 | INFO | Q001625 | ID000204 | Real | Saved rank 3 -> /home/amna/Real-vs-Fake/Data/Images/ID000204_Kathy-Bates/Real/02.jpg (2/10)
2026-07-31 18:56:38,791 | INFO | Q001625 | ID000204 | Real | Partial -- only 2/10 found among 2 candidates
2026-07-31 18:56:40,254 | INFO | Q001626 | ID000204 | Fake | Saved rank 4 -> /home/amna/Real-vs-Fake/Data/Images/ID000204_Kathy-Bates/Fake/01.jpg (1/10)
2026-07-31 18:56:40,254 | INFO | Q001626 | ID000204 | Fake | Partial -- only 1/10 found among 1 candidates
2026-07-31 18:56:43,049 | INFO | Q001627 | ID000204 | Fake | Saved rank 7 -> /home/amna/Real-vs-Fake/Data/Images/ID000204_Kathy-Bates/Fake/02.png (2/10)
2026-07-31 18:56:43,049 | INFO | Q001627 | ID000204 | Fake | Partial -- only 2/10 found among 1 candidates
2026-07-31 18:56:44,623 | INFO | Q001641 | ID000206 | Real | Saved rank 2 -> /home/amna/Real-vs-Fake/Data/Images/ID000206_Keanu-Reeves/Real/01.jpg (1/10)
2026-07-31 18:56:46,322 | INFO | Q001641 | ID000206 | Real | Saved rank 3 -> /home/amna/Real-vs-Fake/Data/Images/ID000206_Keanu-Reeves/Real/02.jpg (2/10)
2026-07-31 18:56:46,322 | INFO | Q001641 | ID000206 | Real | Partial -- only 2/10 found among 2 candidates
2026-07-31 18:56:48,858 | INFO | Q001642 | ID000206 | Fake | Saved rank 29 -> /home/amna/Real-vs-Fake/Data/Images/ID000206_Keanu-Reeves/Fake/01.jpg (1/10)
2026-07-31 18:56:48,858 | INFO | Q001642 | ID000206 | Fake | Partial -- only 1/10 found among 1 candidates
2026-07-31 18:56:50,415 | INFO | Q001645 | ID000206 | Fake | Saved rank 4 -> /home/amna/Real-vs-Fake/Data/Images/ID000206_Keanu-Reeves/Fake/02.png (2/10)
2026-07-31 18:56:50,415 | INFO | Q001645 | ID000206 | Fake | Partial -- only 2/10 found among 1 candidates
2026-07-31 18:56:52,258 | INFO | Q001649 | ID000207 | Real | Saved rank 1 -> /home/amna/Real-vs-Fake/Data/Images/ID000207_Keira-Knightley/Real/01.jpg (1/10)
2026-07-31 18:56:54,889 | INFO | Q001649 | ID000207 | Real | Saved rank 2 -> /home/amna/Real-vs-Fake/Data/Images/ID000207_Keira-Knightley/Real/02.jpg (2/10)
2026-07-31 18:56:56,991 | INFO | Q001649 | ID000207 | Real | Saved rank 3 -> /home/amna/Real-vs-Fake/Data/Images/ID000207_Keira-Knightley/Real/03.png (3/10)
2026-07-31 18:56:56,991 | INFO | Q001649 | ID000207 | Real | Partial -- only 3/10 found among 3 candidates
2026-07-31 18:56:59,048 | INFO | Q001650 | ID000207 | Fake | Saved rank 23 -> /home/amna/Real-vs-Fake/Data/Images/ID000207_Keira-Knightley/Fake/01.jpg (1/10)
2026-07-31 18:57:01,042 | INFO | Q001650 | ID000207 | Fake | Saved rank 30 -> /home/amna/Real-vs-Fake/Data/Images/ID000207_Keira-Knightley/Fake/02.jpg (2/10)
2026-07-31 18:57:01,042 | INFO | Q001650 | ID000207 | Fake | Partial -- only 2/10 found among 2 candidates
2026-07-31 18:57:02,619 | INFO | Q001651 | ID000207 | Fake | Saved rank 7 -> /home/amna/Real-vs-Fake/Data/Images/ID000207_Keira-Knightley/Fake/03.jpg (3/10)
2026-07-31 18:57:02,620 | INFO | Q001651 | ID000207 | Fake | Partial -- only 3/10 found among 1 candidates
2026-07-31 18:57:04,083 | INFO | Q001652 | ID000207 | Fake | Saved rank 18 -> /home/amna/Real-vs-Fake/Data/Images/ID000207_Keira-Knightley/Fake/04.jpg (4/10)
2026-07-31 18:57:04,087 | INFO | Q001652 | ID000207 | Fake | Partial -- only 4/10 found among 1 candidates
2026-07-31 18:57:06,124 | INFO | Q001654 | ID000207 | Fake | Saved rank 32 -> /home/amna/Real-vs-Fake/Data/Images/ID000207_Keira-Knightley/Fake/05.jpg (5/10)
2026-07-31 18:57:07,599 | INFO | Q001654 | ID000207 | Fake | Saved rank 45 -> /home/amna/Real-vs-Fake/Data/Images/ID000207_Keira-Knightley/Fake/06.jpg (6/10)
2026-07-31 18:57:07,600 | INFO | Q001654 | ID000207 | Fake | Partial -- only 6/10 found among 2 candidates
2026-07-31 18:57:09,117 | INFO | Q001657 | ID000208 | Real | Saved rank 2 -> /home/amna/Real-vs-Fake/Data/Images/ID000208_Kenan-Yildiz/Real/01.jpg (1/10)
2026-07-31 18:57:09,121 | INFO | Q001657 | ID000208 | Real | Partial -- only 1/10 found among 1 candidates
2026-07-31 18:57:10,877 | INFO | Q001663 | ID000208 | Fake | Saved rank 3 -> /home/amna/Real-vs-Fake/Data/Images/ID000208_Kenan-Yildiz/Fake/01.jpg (1/10)
2026-07-31 18:57:10,877 | INFO | Q001663 | ID000208 | Fake | Partial -- only 1/10 found among 1 candidates
2026-07-31 18:57:12,567 | INFO | Q001665 | ID000209 | Real | Saved rank 1 -> /home/amna/Real-vs-Fake/Data/Images/ID000209_Kevin-Bacon/Real/01.jpg (1/10)
2026-07-31 18:57:14,248 | INFO | Q001665 | ID000209 | Real | Saved rank 2 -> /home/amna/Real-vs-Fake/Data/Images/ID000209_Kevin-Bacon/Real/02.jpg (2/10)
2026-07-31 18:57:16,063 | INFO | Q001665 | ID000209 | Real | Saved rank 3 -> /home/amna/Real-vs-Fake/Data/Images/ID000209_Kevin-Bacon/Real/03.jpg (3/10)
2026-07-31 18:57:16,063 | INFO | Q001665 | ID000209 | Real | Partial -- only 3/10 found among 3 candidates
2026-07-31 18:57:17,725 | INFO | Q001666 | ID000209 | Fake | Saved rank 38 -> /home/amna/Real-vs-Fake/Data/Images/ID000209_Kevin-Bacon/Fake/01.jpg (1/10)
2026-07-31 18:57:17,726 | INFO | Q001666 | ID000209 | Fake | Partial -- only 1/10 found among 1 candidates
2026-07-31 18:57:19,390 | INFO | Q001671 | ID000209 | Fake | Saved rank 44 -> /home/amna/Real-vs-Fake/Data/Images/ID000209_Kevin-Bacon/Fake/02.jpg (2/10)
2026-07-31 18:57:19,394 | INFO | Q001671 | ID000209 | Fake | Partial -- only 2/10 found among 1 candidates
2026-07-31 18:57:21,376 | INFO | Q001672 | ID000209 | Fake | Saved rank 4 -> /home/amna/Real-vs-Fake/Data/Images/ID000209_Kevin-Bacon/Fake/03.png (3/10)
2026-07-31 18:57:23,285 | INFO | Q001672 | ID000209 | Fake | Saved rank 6 -> /home/amna/Real-vs-Fake/Data/Images/ID000209_Kevin-Bacon/Fake/04.png (4/10)
2026-07-31 18:57:25,150 | INFO | Q001672 | ID000209 | Fake | Saved rank 10 -> /home/amna/Real-vs-Fake/Data/Images/ID000209_Kevin-Bacon/Fake/05.png (5/10)
2026-07-31 18:57:25,150 | INFO | Q001672 | ID000209 | Fake | Partial -- only 5/10 found among 3 candidates
2026-07-31 18:57:28,091 | INFO | Q001673 | ID000210 | Real | Saved rank 2 -> /home/amna/Real-vs-Fake/Data/Images/ID000210_Kevin-Costner/Real/01.jpg (1/10)
2026-07-31 18:57:29,763 | INFO | Q001673 | ID000210 | Real | Saved rank 3 -> /home/amna/Real-vs-Fake/Data/Images/ID000210_Kevin-Costner/Real/02.jpg (2/10)
2026-07-31 18:57:29,764 | INFO | Q001673 | ID000210 | Real | Partial -- only 2/10 found among 2 candidates
2026-07-31 18:57:31,352 | INFO | Q001674 | ID000210 | Fake | Saved rank 4 -> /home/amna/Real-vs-Fake/Data/Images/ID000210_Kevin-Costner/Fake/01.jpg (1/10)
2026-07-31 18:57:33,204 | INFO | Q001674 | ID000210 | Fake | Saved rank 8 -> /home/amna/Real-vs-Fake/Data/Images/ID000210_Kevin-Costner/Fake/02.jpg (2/10)
2026-07-31 18:57:35,145 | INFO | Q001674 | ID000210 | Fake | Saved rank 50 -> /home/amna/Real-vs-Fake/Data/Images/ID000210_Kevin-Costner/Fake/03.jpg (3/10)
2026-07-31 18:57:35,146 | INFO | Q001674 | ID000210 | Fake | Partial -- only 3/10 found among 3 candidates
2026-07-31 18:57:37,037 | INFO | Q001675 | ID000210 | Fake | Saved rank 6 -> /home/amna/Real-vs-Fake/Data/Images/ID000210_Kevin-Costner/Fake/04.jpg (4/10)
2026-07-31 18:57:37,037 | INFO | Q001675 | ID000210 | Fake | Partial -- only 4/10 found among 1 candidates
2026-07-31 18:57:38,728 | INFO | Q001689 | ID000212 | Real | Saved rank 1 -> /home/amna/Real-vs-Fake/Data/Images/ID000212_Kevin-Spacey/Real/01.jpg (1/10)
2026-07-31 18:57:40,113 | INFO | Q001689 | ID000212 | Real | Saved rank 2 -> /home/amna/Real-vs-Fake/Data/Images/ID000212_Kevin-Spacey/Real/02.jpg (2/10)
2026-07-31 18:57:41,618 | INFO | Q001689 | ID000212 | Real | Saved rank 3 -> /home/amna/Real-vs-Fake/Data/Images/ID000212_Kevin-Spacey/Real/03.jpg (3/10)
2026-07-31 18:57:41,618 | INFO | Q001689 | ID000212 | Real | Partial -- only 3/10 found among 3 candidates
2026-07-31 18:57:43,634 | INFO | Q001690 | ID000212 | Fake | Saved rank 32 -> /home/amna/Real-vs-Fake/Data/Images/ID000212_Kevin-Spacey/Fake/01.jpg (1/10)
2026-07-31 18:57:43,635 | INFO | Q001690 | ID000212 | Fake | Partial -- only 1/10 found among 1 candidates
2026-07-31 18:57:45,423 | INFO | Q001691 | ID000212 | Fake | Saved rank 50 -> /home/amna/Real-vs-Fake/Data/Images/ID000212_Kevin-Spacey/Fake/02.png (2/10)
2026-07-31 18:57:45,423 | INFO | Q001691 | ID000212 | Fake | Partial -- only 2/10 found among 1 candidates
2026-07-31 18:57:47,878 | INFO | Q001692 | ID000212 | Fake | Saved rank 2 -> /home/amna/Real-vs-Fake/Data/Images/ID000212_Kevin-Spacey/Fake/03.png (3/10)
2026-07-31 18:57:47,949 | INFO | Q001692 | ID000212 | Fake | Partial -- only 3/10 found among 1 candidates
2026-07-31 18:57:54,240 | INFO | Q001697 | ID000213 | Real | Saved rank 4 -> /home/amna/Real-vs-Fake/Data/Images/ID000213_Kevin-Xu/Real/01.webp (1/10)
2026-07-31 18:57:56,433 | INFO | Q001697 | ID000213 | Real | Saved rank 5 -> /home/amna/Real-vs-Fake/Data/Images/ID000213_Kevin-Xu/Real/02.jpg (2/10)
2026-07-31 18:57:56,434 | INFO | Q001697 | ID000213 | Real | Partial -- only 2/10 found among 2 candidates
2026-07-31 18:57:58,050 | INFO | Q001701 | ID000213 | Fake | Saved rank 45 -> /home/amna/Real-vs-Fake/Data/Images/ID000213_Kevin-Xu/Fake/01.jpg (1/10)
2026-07-31 18:57:58,050 | INFO | Q001701 | ID000213 | Fake | Partial -- only 1/10 found among 1 candidates
2026-07-31 18:58:00,905 | INFO | Q001705 | ID000214 | Real | Saved rank 2 -> /home/amna/Real-vs-Fake/Data/Images/ID000214_Kiefer-Sutherland/Real/01.jpg (1/10)
2026-07-31 18:58:02,340 | INFO | Q001705 | ID000214 | Real | Saved rank 3 -> /home/amna/Real-vs-Fake/Data/Images/ID000214_Kiefer-Sutherland/Real/02.jpg (2/10)
2026-07-31 18:58:02,340 | INFO | Q001705 | ID000214 | Real | Partial -- only 2/10 found among 2 candidates
2026-07-31 18:58:04,369 | INFO | Q001706 | ID000214 | Fake | Saved rank 2 -> /home/amna/Real-vs-Fake/Data/Images/ID000214_Kiefer-Sutherland/Fake/01.jpg (1/10)
2026-07-31 18:58:06,240 | INFO | Q001706 | ID000214 | Fake | Saved rank 3 -> /home/amna/Real-vs-Fake/Data/Images/ID000214_Kiefer-Sutherland/Fake/02.jpg (2/10)
2026-07-31 18:58:06,241 | INFO | Q001706 | ID000214 | Fake | Partial -- only 2/10 found among 2 candidates
2026-07-31 18:58:07,759 | INFO | Q001711 | ID000214 | Fake | Saved rank 1 -> /home/amna/Real-vs-Fake/Data/Images/ID000214_Kiefer-Sutherland/Fake/03.jpg (3/10)
2026-07-31 18:58:09,435 | INFO | Q001711 | ID000214 | Fake | Saved rank 2 -> /home/amna/Real-vs-Fake/Data/Images/ID000214_Kiefer-Sutherland/Fake/04.jpg (4/10)
2026-07-31 18:58:11,079 | INFO | Q001711 | ID000214 | Fake | Saved rank 44 -> /home/amna/Real-vs-Fake/Data/Images/ID000214_Kiefer-Sutherland/Fake/05.jpg (5/10)
2026-07-31 18:58:11,079 | INFO | Q001711 | ID000214 | Fake | Partial -- only 5/10 found among 3 candidates
2026-07-31 18:58:12,605 | INFO | Q001713 | ID000215 | Real | Saved rank 1 -> /home/amna/Real-vs-Fake/Data/Images/ID000215_Kim-Jong-Un/Real/01.jpg (1/10)
2026-07-31 18:58:14,429 | INFO | Q001713 | ID000215 | Real | Saved rank 2 -> /home/amna/Real-vs-Fake/Data/Images/ID000215_Kim-Jong-Un/Real/02.jpg (2/10)
2026-07-31 18:58:16,203 | INFO | Q001713 | ID000215 | Real | Saved rank 3 -> /home/amna/Real-vs-Fake/Data/Images/ID000215_Kim-Jong-Un/Real/03.jpg (3/10)
2026-07-31 18:58:16,203 | INFO | Q001713 | ID000215 | Real | Partial -- only 3/10 found among 3 candidates
2026-07-31 18:58:17,713 | INFO | Q001714 | ID000215 | Fake | Saved rank 17 -> /home/amna/Real-vs-Fake/Data/Images/ID000215_Kim-Jong-Un/Fake/01.jpg (1/10)
2026-07-31 18:58:19,257 | INFO | Q001714 | ID000215 | Fake | Saved rank 42 -> /home/amna/Real-vs-Fake/Data/Images/ID000215_Kim-Jong-Un/Fake/02.png (2/10)
2026-07-31 18:58:19,258 | INFO | Q001714 | ID000215 | Fake | Partial -- only 2/10 found among 2 candidates
2026-07-31 18:58:21,170 | INFO | Q001715 | ID000215 | Fake | Saved rank 1 -> /home/amna/Real-vs-Fake/Data/Images/ID000215_Kim-Jong-Un/Fake/03.jpg (3/10)
2026-07-31 18:58:21,170 | INFO | Q001715 | ID000215 | Fake | Partial -- only 3/10 found among 1 candidates
2026-07-31 18:58:23,082 | INFO | Q001716 | ID000215 | Fake | Saved rank 40 -> /home/amna/Real-vs-Fake/Data/Images/ID000215_Kim-Jong-Un/Fake/04.jpg (4/10)
2026-07-31 18:58:23,086 | INFO | Q001716 | ID000215 | Fake | Partial -- only 4/10 found among 1 candidates
2026-07-31 18:58:29,081 | INFO | Q001717 | ID000215 | Fake | rank 4 failed (request_error: ('Connection aborted.', ConnectionResetError(104, 'Connection reset by peer'))), trying next candidate
2026-07-31 18:58:29,081 | INFO | Q001717 | ID000215 | Fake | Partial -- only 4/10 found among 1 candidates
2026-07-31 18:58:30,538 | INFO | Q001721 | ID000216 | Real | Saved rank 1 -> /home/amna/Real-vs-Fake/Data/Images/ID000216_Kirsten-Dunst/Real/01.jpg (1/10)
2026-07-31 18:58:30,539 | INFO | Q001721 | ID000216 | Real | Partial -- only 1/10 found among 1 candidates
2026-07-31 18:58:32,105 | INFO | Q001723 | ID000216 | Fake | Saved rank 5 -> /home/amna/Real-vs-Fake/Data/Images/ID000216_Kirsten-Dunst/Fake/01.jpg (1/10)
2026-07-31 18:58:35,792 | INFO | Q001723 | ID000216 | Fake | Saved rank 50 -> /home/amna/Real-vs-Fake/Data/Images/ID000216_Kirsten-Dunst/Fake/02.jpg (2/10)
2026-07-31 18:58:35,792 | INFO | Q001723 | ID000216 | Fake | Partial -- only 2/10 found among 2 candidates
2026-07-31 18:58:37,520 | INFO | Q001727 | ID000216 | Fake | Saved rank 50 -> /home/amna/Real-vs-Fake/Data/Images/ID000216_Kirsten-Dunst/Fake/03.jpg (3/10)
2026-07-31 18:58:37,521 | INFO | Q001727 | ID000216 | Fake | Partial -- only 3/10 found among 1 candidates
2026-07-31 18:58:38,602 | INFO | Q001729 | ID000217 | Real | Saved rank 2 -> /home/amna/Real-vs-Fake/Data/Images/ID000217_Kristen-Stewart/Real/01.jpg (1/10)
2026-07-31 18:58:40,046 | INFO | Q001729 | ID000217 | Real | Saved rank 3 -> /home/amna/Real-vs-Fake/Data/Images/ID000217_Kristen-Stewart/Real/02.jpg (2/10)
2026-07-31 18:58:40,047 | INFO | Q001729 | ID000217 | Real | Partial -- only 2/10 found among 2 candidates
2026-07-31 18:58:41,852 | INFO | Q001730 | ID000217 | Fake | Saved rank 9 -> /home/amna/Real-vs-Fake/Data/Images/ID000217_Kristen-Stewart/Fake/01.jpg (1/10)
2026-07-31 18:58:41,852 | INFO | Q001730 | ID000217 | Fake | Partial -- only 1/10 found among 1 candidates
2026-07-31 18:58:43,436 | INFO | Q001731 | ID000217 | Fake | Saved rank 21 -> /home/amna/Real-vs-Fake/Data/Images/ID000217_Kristen-Stewart/Fake/02.jpg (2/10)
2026-07-31 18:58:43,436 | INFO | Q001731 | ID000217 | Fake | Partial -- only 2/10 found among 1 candidates
2026-07-31 18:58:45,530 | INFO | Q001732 | ID000217 | Fake | Saved rank 40 -> /home/amna/Real-vs-Fake/Data/Images/ID000217_Kristen-Stewart/Fake/03.jpg (3/10)
2026-07-31 18:58:45,531 | INFO | Q001732 | ID000217 | Fake | Partial -- only 3/10 found among 1 candidates
2026-07-31 18:58:45,532 | INFO | ============================================================
2026-07-31 18:58:45,532 | INFO | STEP 4 RUN COMPLETE
2026-07-31 18:58:45,532 | INFO | Success (target reached) : 0
2026-07-31 18:58:45,532 | INFO | Partial (some, not all)  : 56
2026-07-31 18:58:45,532 | INFO | Discarded (no image)     : 0
2026-07-31 18:58:45,532 | INFO | Errors (will retry)      : 0
2026-07-31 18:58:45,533 | INFO | Remaining                : 0
2026-07-31 18:58:45,533 | INFO | ============================================================
2026-07-31 19:09:42,346 | INFO | Computed 189 PAIRED identities directly from candidate_urls.csv
2026-07-31 19:09:42,356 | INFO | ============================================================
2026-07-31 19:09:42,357 | INFO | STEP 4 START (Image Download, paired identities only)
2026-07-31 19:09:42,357 | INFO | Paired identities          : 189
2026-07-31 19:09:42,357 | INFO | Unpaired identities skipped: 27
2026-07-31 19:09:42,357 | INFO | Total identity/type groups : 626
2026-07-31 19:09:42,357 | INFO | Already completed          : 407
2026-07-31 19:09:42,357 | INFO | Remaining pending          : 0
2026-07-31 19:09:42,357 | INFO | Groups this run            : 0
2026-07-31 19:09:42,357 | INFO | ============================================================
2026-07-31 21:10:26,002 | INFO | Loaded 391 PAIRED identities from identity_pairing_report.csv
2026-07-31 21:10:26,120 | INFO | ID000224 | Skipped -- no Real/Fake pair (Real-only or Fake-only)
2026-07-31 21:10:26,121 | INFO | ID000236 | Skipped -- no Real/Fake pair (Real-only or Fake-only)
2026-07-31 21:10:26,121 | INFO | ID000238 | Skipped -- no Real/Fake pair (Real-only or Fake-only)
2026-07-31 21:10:26,184 | INFO | ============================================================
2026-07-31 21:10:26,184 | INFO | STEP 4 START (Image Download, paired identities only)
2026-07-31 21:10:26,184 | INFO | Paired identities          : 391
2026-07-31 21:10:26,184 | INFO | Unpaired identities skipped: 6
2026-07-31 21:10:26,184 | INFO | Total identity/type groups : 742
2026-07-31 21:10:26,184 | INFO | Already completed          : 410
2026-07-31 21:10:26,184 | INFO | Remaining pending          : 116
2026-07-31 21:10:26,184 | INFO | Groups this run            : 116
2026-07-31 21:10:26,184 | INFO | ============================================================
2026-07-31 21:10:27,968 | INFO | Q000093 | ID000012 | Fake | Saved rank 43 -> /home/amna/Real-vs-Fake/Data/Images/ID000012_Alex-Cooper/Fake/01.jpg (1/10)
2026-07-31 21:10:27,968 | INFO | Q000093 | ID000012 | Fake | Partial -- only 1/10 found among 1 candidates
2026-07-31 21:10:36,875 | INFO | Q000241 | ID000031 | Real | Saved rank 4 -> /home/amna/Real-vs-Fake/Data/Images/ID000031_Arnold-Schwarzenegger/Real/01.jpg (1/10)
2026-07-31 21:10:36,875 | INFO | Q000241 | ID000031 | Real | Partial -- only 1/10 found among 1 candidates
2026-07-31 21:10:42,206 | INFO | Q000242 | ID000031 | Fake | Saved rank 13 -> /home/amna/Real-vs-Fake/Data/Images/ID000031_Arnold-Schwarzenegger/Fake/01.jpg (1/10)
2026-07-31 21:10:44,189 | INFO | Q000242 | ID000031 | Fake | Saved rank 20 -> /home/amna/Real-vs-Fake/Data/Images/ID000031_Arnold-Schwarzenegger/Fake/02.jpg (2/10)
2026-07-31 21:10:44,190 | INFO | Q000242 | ID000031 | Fake | Partial -- only 2/10 found among 2 candidates
2026-07-31 21:10:46,052 | INFO | Q000243 | ID000031 | Fake | Saved rank 1 -> /home/amna/Real-vs-Fake/Data/Images/ID000031_Arnold-Schwarzenegger/Fake/03.jpg (3/10)
2026-07-31 21:10:47,611 | INFO | Q000243 | ID000031 | Fake | Saved rank 6 -> /home/amna/Real-vs-Fake/Data/Images/ID000031_Arnold-Schwarzenegger/Fake/04.jpg (4/10)
2026-07-31 21:10:49,792 | INFO | Q000243 | ID000031 | Fake | Saved rank 7 -> /home/amna/Real-vs-Fake/Data/Images/ID000031_Arnold-Schwarzenegger/Fake/05.png (5/10)
2026-07-31 21:10:49,793 | INFO | Q000243 | ID000031 | Fake | Partial -- only 5/10 found among 3 candidates
2026-07-31 21:10:51,358 | INFO | Q000245 | ID000031 | Fake | Saved rank 1 -> /home/amna/Real-vs-Fake/Data/Images/ID000031_Arnold-Schwarzenegger/Fake/06.jpg (6/10)
2026-07-31 21:10:51,358 | INFO | Q000245 | ID000031 | Fake | Partial -- only 6/10 found among 1 candidates
2026-07-31 21:10:52,982 | INFO | Q000257 | ID000033 | Real | Saved rank 1 -> /home/amna/Real-vs-Fake/Data/Images/ID000033_Ashton-Kutcher/Real/01.jpg (1/10)
2026-07-31 21:10:54,378 | INFO | Q000257 | ID000033 | Real | Saved rank 2 -> /home/amna/Real-vs-Fake/Data/Images/ID000033_Ashton-Kutcher/Real/02.jpg (2/10)
2026-07-31 21:10:54,379 | INFO | Q000257 | ID000033 | Real | Partial -- only 2/10 found among 2 candidates
2026-07-31 21:10:56,351 | INFO | Q000282 | ID000036 | Fake | Saved rank 4 -> /home/amna/Real-vs-Fake/Data/Images/ID000036_Auston-Matthews/Fake/01.jpg (1/10)
2026-07-31 21:10:56,351 | INFO | Q000282 | ID000036 | Fake | Partial -- only 1/10 found among 1 candidates
2026-07-31 21:10:57,959 | INFO | Q000321 | ID000041 | Real | Saved rank 2 -> /home/amna/Real-vs-Fake/Data/Images/ID000041_Ben-Foster/Real/01.jpg (1/10)
2026-07-31 21:11:02,993 | INFO | Q000321 | ID000041 | Real | Saved rank 3 -> /home/amna/Real-vs-Fake/Data/Images/ID000041_Ben-Foster/Real/02.jpg (2/10)
2026-07-31 21:11:02,993 | INFO | Q000321 | ID000041 | Real | Partial -- only 2/10 found among 2 candidates
2026-07-31 21:11:04,754 | INFO | Q000361 | ID000046 | Real | Saved rank 1 -> /home/amna/Real-vs-Fake/Data/Images/ID000046_Benson-Boone/Real/01.png (1/10)
2026-07-31 21:11:08,919 | INFO | Q000361 | ID000046 | Real | Saved rank 4 -> /home/amna/Real-vs-Fake/Data/Images/ID000046_Benson-Boone/Real/02.jpg (2/10)
2026-07-31 21:11:08,919 | INFO | Q000361 | ID000046 | Real | Partial -- only 2/10 found among 2 candidates
2026-07-31 21:11:10,575 | INFO | Q000370 | ID000047 | Fake | Saved rank 24 -> /home/amna/Real-vs-Fake/Data/Images/ID000047_Beyonacca/Fake/01.jpg (1/10)
2026-07-31 21:11:15,864 | INFO | Q000370 | ID000047 | Fake | Saved rank 26 -> /home/amna/Real-vs-Fake/Data/Images/ID000047_Beyonacca/Fake/02.jpg (2/10)
2026-07-31 21:11:15,869 | INFO | Q000370 | ID000047 | Fake | Partial -- only 2/10 found among 2 candidates
2026-07-31 21:11:21,371 | INFO | Q000371 | ID000047 | Fake | Saved rank 3 -> /home/amna/Real-vs-Fake/Data/Images/ID000047_Beyonacca/Fake/03.jpg (3/10)
2026-07-31 21:11:21,371 | INFO | Q000371 | ID000047 | Fake | Partial -- only 3/10 found among 1 candidates
2026-07-31 21:11:23,428 | INFO | Q000372 | ID000047 | Fake | Saved rank 47 -> /home/amna/Real-vs-Fake/Data/Images/ID000047_Beyonacca/Fake/04.jpg (4/10)
2026-07-31 21:11:23,428 | INFO | Q000372 | ID000047 | Fake | Partial -- only 4/10 found among 1 candidates
2026-07-31 21:11:25,361 | INFO | Q000433 | ID000055 | Real | Saved rank 1 -> /home/amna/Real-vs-Fake/Data/Images/ID000055_Bukayo-Saka/Real/01.jpg (1/10)
2026-07-31 21:11:27,743 | INFO | Q000433 | ID000055 | Real | Saved rank 3 -> /home/amna/Real-vs-Fake/Data/Images/ID000055_Bukayo-Saka/Real/02.png (2/10)
2026-07-31 21:11:29,417 | INFO | Q000433 | ID000055 | Real | Saved rank 4 -> /home/amna/Real-vs-Fake/Data/Images/ID000055_Bukayo-Saka/Real/03.jpg (3/10)
2026-07-31 21:11:29,417 | INFO | Q000433 | ID000055 | Real | Partial -- only 3/10 found among 3 candidates
2026-07-31 21:11:30,618 | INFO | Q000649 | ID000082 | Real | Saved rank 1 -> /home/amna/Real-vs-Fake/Data/Images/ID000082_Dasun-Shanaka/Real/01.webp (1/10)
2026-07-31 21:11:33,534 | INFO | Q000649 | ID000082 | Real | Saved rank 5 -> /home/amna/Real-vs-Fake/Data/Images/ID000082_Dasun-Shanaka/Real/02.png (2/10)
2026-07-31 21:11:33,534 | INFO | Q000649 | ID000082 | Real | Partial -- only 2/10 found among 2 candidates
2026-07-31 21:11:35,543 | INFO | Q000689 | ID000087 | Real | Saved rank 1 -> /home/amna/Real-vs-Fake/Data/Images/ID000087_Devon-Conway/Real/01.png (1/10)
2026-07-31 21:11:36,629 | INFO | Q000689 | ID000087 | Real | Saved rank 3 -> /home/amna/Real-vs-Fake/Data/Images/ID000087_Devon-Conway/Real/02.webp (2/10)
2026-07-31 21:11:36,629 | INFO | Q000689 | ID000087 | Real | Partial -- only 2/10 found among 2 candidates
2026-07-31 21:11:38,045 | INFO | Q000809 | ID000102 | Real | Saved rank 1 -> /home/amna/Real-vs-Fake/Data/Images/ID000102_Emma-Thompson/Real/01.jpg (1/10)
2026-07-31 21:11:45,289 | INFO | Q000809 | ID000102 | Real | Saved rank 2 -> /home/amna/Real-vs-Fake/Data/Images/ID000102_Emma-Thompson/Real/02.jpg (2/10)
2026-07-31 21:11:47,000 | INFO | Q000809 | ID000102 | Real | Saved rank 3 -> /home/amna/Real-vs-Fake/Data/Images/ID000102_Emma-Thompson/Real/03.jpg (3/10)
2026-07-31 21:11:47,001 | INFO | Q000809 | ID000102 | Real | Partial -- only 3/10 found among 3 candidates
2026-07-31 21:11:48,737 | INFO | Q000913 | ID000115 | Real | Saved rank 1 -> /home/amna/Real-vs-Fake/Data/Images/ID000115_Franois-Cluzet/Real/01.jpg (1/10)
2026-07-31 21:11:53,675 | INFO | Q000913 | ID000115 | Real | Saved rank 2 -> /home/amna/Real-vs-Fake/Data/Images/ID000115_Franois-Cluzet/Real/02.jpg (2/10)
2026-07-31 21:11:53,676 | INFO | Q000913 | ID000115 | Real | Partial -- only 2/10 found among 2 candidates
2026-07-31 21:11:55,075 | INFO | Q000953 | ID000120 | Real | Saved rank 2 -> /home/amna/Real-vs-Fake/Data/Images/ID000120_George-C-Scott/Real/01.jpg (1/10)
2026-07-31 21:12:04,015 | INFO | Q000953 | ID000120 | Real | Saved rank 3 -> /home/amna/Real-vs-Fake/Data/Images/ID000120_George-C-Scott/Real/02.jpg (2/10)
2026-07-31 21:12:04,015 | INFO | Q000953 | ID000120 | Real | Partial -- only 2/10 found among 2 candidates
2026-07-31 21:12:05,874 | INFO | Q000993 | ID000125 | Real | Saved rank 1 -> /home/amna/Real-vs-Fake/Data/Images/ID000125_Glenn-Maxwell/Real/01.jpg (1/10)
2026-07-31 21:12:07,651 | INFO | Q000993 | ID000125 | Real | Saved rank 2 -> /home/amna/Real-vs-Fake/Data/Images/ID000125_Glenn-Maxwell/Real/02.png (2/10)
2026-07-31 21:12:07,651 | INFO | Q000993 | ID000125 | Real | Partial -- only 2/10 found among 2 candidates
2026-07-31 21:12:09,146 | INFO | Q001033 | ID000130 | Real | Saved rank 3 -> /home/amna/Real-vs-Fake/Data/Images/ID000130_Hadika-Kyani/Real/01.jpg (1/10)
2026-07-31 21:12:09,167 | INFO | Q001033 | ID000130 | Real | Partial -- only 1/10 found among 1 candidates
2026-07-31 21:12:10,682 | INFO | Q001121 | ID000141 | Real | Saved rank 1 -> /home/amna/Real-vs-Fake/Data/Images/ID000141_Hiroyuki-Sanada/Real/01.jpg (1/10)
2026-07-31 21:12:12,108 | INFO | Q001121 | ID000141 | Real | Saved rank 7 -> /home/amna/Real-vs-Fake/Data/Images/ID000141_Hiroyuki-Sanada/Real/02.jpg (2/10)
2026-07-31 21:12:12,108 | INFO | Q001121 | ID000141 | Real | Partial -- only 2/10 found among 2 candidates
2026-07-31 21:12:13,411 | INFO | Q001169 | ID000147 | Real | rank 1 failed (http_429), trying next candidate
2026-07-31 21:12:17,222 | INFO | Q001169 | ID000147 | Real | Saved rank 2 -> /home/amna/Real-vs-Fake/Data/Images/ID000147_Iga-Świątek/Real/01.jpg (1/10)
2026-07-31 21:12:17,222 | INFO | Q001169 | ID000147 | Real | Partial -- only 1/10 found among 2 candidates
2026-07-31 21:12:18,850 | INFO | Q001209 | ID000152 | Real | Saved rank 4 -> /home/amna/Real-vs-Fake/Data/Images/ID000152_Iqra-Kanwal/Real/01.jpg (1/10)
2026-07-31 21:12:24,828 | INFO | Q001209 | ID000152 | Real | Saved rank 6 -> /home/amna/Real-vs-Fake/Data/Images/ID000152_Iqra-Kanwal/Real/02.jpg (2/10)
2026-07-31 21:12:24,828 | INFO | Q001209 | ID000152 | Real | Partial -- only 2/10 found among 2 candidates
2026-07-31 21:12:26,612 | INFO | Q001225 | ID000154 | Real | Saved rank 1 -> /home/amna/Real-vs-Fake/Data/Images/ID000154_Ishan-Kishan/Real/01.jpg (1/10)
2026-07-31 21:12:26,614 | INFO | Q001225 | ID000154 | Real | Partial -- only 1/10 found among 1 candidates
2026-07-31 21:12:28,469 | INFO | Q001250 | ID000157 | Fake | Saved rank 4 -> /home/amna/Real-vs-Fake/Data/Images/ID000157_Jack-MA/Fake/01.jpg (1/10)
2026-07-31 21:12:28,469 | INFO | Q001250 | ID000157 | Fake | Partial -- only 1/10 found among 1 candidates
2026-07-31 21:12:30,294 | INFO | Q001251 | ID000157 | Fake | Saved rank 29 -> /home/amna/Real-vs-Fake/Data/Images/ID000157_Jack-MA/Fake/02.jpg (2/10)
2026-07-31 21:12:30,295 | INFO | Q001251 | ID000157 | Fake | Partial -- only 2/10 found among 1 candidates
2026-07-31 21:12:31,827 | INFO | Q001313 | ID000165 | Real | Saved rank 1 -> /home/amna/Real-vs-Fake/Data/Images/ID000165_Jean-Dujardin/Real/01.jpg (1/10)
2026-07-31 21:12:33,252 | INFO | Q001313 | ID000165 | Real | Saved rank 3 -> /home/amna/Real-vs-Fake/Data/Images/ID000165_Jean-Dujardin/Real/02.jpg (2/10)
2026-07-31 21:12:33,252 | INFO | Q001313 | ID000165 | Real | Partial -- only 2/10 found among 2 candidates
2026-07-31 21:12:34,687 | INFO | Q001513 | ID000190 | Real | Saved rank 1 -> /home/amna/Real-vs-Fake/Data/Images/ID000190_Jon-Stewart/Real/01.jpg (1/10)
2026-07-31 21:12:34,688 | INFO | Q001513 | ID000190 | Real | Partial -- only 1/10 found among 1 candidates
2026-07-31 21:12:39,705 | INFO | Q001681 | ID000211 | Real | Saved rank 2 -> /home/amna/Real-vs-Fake/Data/Images/ID000211_Kevin-Kline/Real/01.jpg (1/10)
2026-07-31 21:12:41,314 | INFO | Q001681 | ID000211 | Real | Saved rank 3 -> /home/amna/Real-vs-Fake/Data/Images/ID000211_Kevin-Kline/Real/02.jpg (2/10)
2026-07-31 21:12:41,314 | INFO | Q001681 | ID000211 | Real | Partial -- only 2/10 found among 2 candidates
2026-07-31 21:12:43,167 | INFO | Q001737 | ID000218 | Real | Saved rank 1 -> /home/amna/Real-vs-Fake/Data/Images/ID000218_Kristin-Scott-Thomas/Real/01.jpg (1/10)
2026-07-31 21:12:43,167 | INFO | Q001737 | ID000218 | Real | Partial -- only 1/10 found among 1 candidates
2026-07-31 21:12:44,780 | INFO | Q001743 | ID000218 | Fake | Saved rank 2 -> /home/amna/Real-vs-Fake/Data/Images/ID000218_Kristin-Scott-Thomas/Fake/01.jpg (1/10)
2026-07-31 21:12:44,781 | INFO | Q001743 | ID000218 | Fake | Partial -- only 1/10 found among 1 candidates
2026-07-31 21:12:46,276 | INFO | Q001745 | ID000219 | Real | Saved rank 2 -> /home/amna/Real-vs-Fake/Data/Images/ID000219_Kurt-Russell/Real/01.jpg (1/10)
2026-07-31 21:12:46,277 | INFO | Q001745 | ID000219 | Real | Partial -- only 1/10 found among 1 candidates
2026-07-31 21:12:48,234 | INFO | Q001746 | ID000219 | Fake | Saved rank 5 -> /home/amna/Real-vs-Fake/Data/Images/ID000219_Kurt-Russell/Fake/01.jpg (1/10)
2026-07-31 21:12:48,235 | INFO | Q001746 | ID000219 | Fake | Partial -- only 1/10 found among 1 candidates
2026-07-31 21:12:51,605 | INFO | Q001747 | ID000219 | Fake | Saved rank 32 -> /home/amna/Real-vs-Fake/Data/Images/ID000219_Kurt-Russell/Fake/02.jpg (2/10)
2026-07-31 21:12:51,606 | INFO | Q001747 | ID000219 | Fake | Partial -- only 2/10 found among 1 candidates
2026-07-31 21:12:53,229 | INFO | Q001753 | ID000220 | Real | Saved rank 1 -> /home/amna/Real-vs-Fake/Data/Images/ID000220_Lady-gagga/Real/01.jpg (1/10)
2026-07-31 21:12:54,812 | INFO | Q001753 | ID000220 | Real | Saved rank 2 -> /home/amna/Real-vs-Fake/Data/Images/ID000220_Lady-gagga/Real/02.jpg (2/10)
2026-07-31 21:12:54,812 | INFO | Q001753 | ID000220 | Real | Partial -- only 2/10 found among 2 candidates
2026-07-31 21:12:56,631 | INFO | Q001754 | ID000220 | Fake | Saved rank 1 -> /home/amna/Real-vs-Fake/Data/Images/ID000220_Lady-gagga/Fake/01.png (1/10)
2026-07-31 21:12:58,045 | INFO | Q001754 | ID000220 | Fake | Saved rank 25 -> /home/amna/Real-vs-Fake/Data/Images/ID000220_Lady-gagga/Fake/02.jpg (2/10)
2026-07-31 21:12:59,426 | INFO | Q001754 | ID000220 | Fake | Saved rank 42 -> /home/amna/Real-vs-Fake/Data/Images/ID000220_Lady-gagga/Fake/03.jpg (3/10)
2026-07-31 21:12:59,430 | INFO | Q001754 | ID000220 | Fake | Partial -- only 3/10 found among 3 candidates
2026-07-31 21:13:01,764 | INFO | Q001761 | ID000221 | Real | Saved rank 1 -> /home/amna/Real-vs-Fake/Data/Images/ID000221_Lamar-Jackson/Real/01.png (1/10)
2026-07-31 21:13:01,765 | INFO | Q001761 | ID000221 | Real | Partial -- only 1/10 found among 1 candidates
2026-07-31 21:13:03,547 | INFO | Q001762 | ID000221 | Fake | Saved rank 37 -> /home/amna/Real-vs-Fake/Data/Images/ID000221_Lamar-Jackson/Fake/01.jpg (1/10)
2026-07-31 21:13:03,548 | INFO | Q001762 | ID000221 | Fake | Partial -- only 1/10 found among 1 candidates
2026-07-31 21:13:05,214 | INFO | Q001763 | ID000221 | Fake | Saved rank 25 -> /home/amna/Real-vs-Fake/Data/Images/ID000221_Lamar-Jackson/Fake/02.jpg (2/10)
2026-07-31 21:13:05,214 | INFO | Q001763 | ID000221 | Fake | Partial -- only 2/10 found among 1 candidates
2026-07-31 21:13:06,996 | INFO | Q001769 | ID000222 | Real | Saved rank 2 -> /home/amna/Real-vs-Fake/Data/Images/ID000222_Lamine-yaml/Real/01.jpg (1/10)
2026-07-31 21:13:06,997 | INFO | Q001769 | ID000222 | Real | Partial -- only 1/10 found among 1 candidates
2026-07-31 21:13:09,439 | INFO | Q001777 | ID000223 | Real | Saved rank 3 -> /home/amna/Real-vs-Fake/Data/Images/ID000223_Laura-Wolvaardt/Real/01.png (1/10)
2026-07-31 21:13:09,439 | INFO | Q001777 | ID000223 | Real | Partial -- only 1/10 found among 1 candidates
2026-07-31 21:13:11,453 | INFO | Q001781 | ID000223 | Fake | Saved rank 32 -> /home/amna/Real-vs-Fake/Data/Images/ID000223_Laura-Wolvaardt/Fake/01.jpg (1/10)
2026-07-31 21:13:11,453 | INFO | Q001781 | ID000223 | Fake | Partial -- only 1/10 found among 1 candidates
2026-07-31 21:13:13,435 | INFO | Q001795 | ID000225 | Fake | Saved rank 4 -> /home/amna/Real-vs-Fake/Data/Images/ID000225_LeBron-James/Fake/01.jpg (1/10)
2026-07-31 21:13:13,436 | INFO | Q001795 | ID000225 | Fake | Partial -- only 1/10 found among 1 candidates
2026-07-31 21:13:15,107 | INFO | Q001801 | ID000226 | Real | Saved rank 4 -> /home/amna/Real-vs-Fake/Data/Images/ID000226_Lee-Min-ho/Real/01.jpg (1/10)
2026-07-31 21:13:15,111 | INFO | Q001801 | ID000226 | Real | Partial -- only 1/10 found among 1 candidates
2026-07-31 21:13:17,129 | INFO | Q001802 | ID000226 | Fake | Saved rank 10 -> /home/amna/Real-vs-Fake/Data/Images/ID000226_Lee-Min-ho/Fake/01.jpg (1/10)
2026-07-31 21:13:18,899 | INFO | Q001802 | ID000226 | Fake | Saved rank 35 -> /home/amna/Real-vs-Fake/Data/Images/ID000226_Lee-Min-ho/Fake/02.jpg (2/10)
2026-07-31 21:13:18,900 | INFO | Q001802 | ID000226 | Fake | Partial -- only 2/10 found among 2 candidates
2026-07-31 21:13:26,878 | INFO | Q001803 | ID000226 | Fake | Saved rank 46 -> /home/amna/Real-vs-Fake/Data/Images/ID000226_Lee-Min-ho/Fake/03.jpg (3/10)
2026-07-31 21:13:26,879 | INFO | Q001803 | ID000226 | Fake | Partial -- only 3/10 found among 1 candidates
2026-07-31 21:13:28,400 | INFO | Q001809 | ID000227 | Real | Saved rank 1 -> /home/amna/Real-vs-Fake/Data/Images/ID000227_Liam-Hemsworth/Real/01.jpg (1/10)
2026-07-31 21:13:29,811 | INFO | Q001809 | ID000227 | Real | Saved rank 2 -> /home/amna/Real-vs-Fake/Data/Images/ID000227_Liam-Hemsworth/Real/02.jpg (2/10)
2026-07-31 21:13:29,811 | INFO | Q001809 | ID000227 | Real | Partial -- only 2/10 found among 2 candidates
2026-07-31 21:13:31,518 | INFO | Q001812 | ID000227 | Fake | Saved rank 8 -> /home/amna/Real-vs-Fake/Data/Images/ID000227_Liam-Hemsworth/Fake/01.jpg (1/10)
2026-07-31 21:13:33,118 | INFO | Q001812 | ID000227 | Fake | Saved rank 10 -> /home/amna/Real-vs-Fake/Data/Images/ID000227_Liam-Hemsworth/Fake/02.jpg (2/10)
2026-07-31 21:13:33,118 | INFO | Q001812 | ID000227 | Fake | Partial -- only 2/10 found among 2 candidates
2026-07-31 21:13:34,757 | INFO | Q001813 | ID000227 | Fake | Saved rank 2 -> /home/amna/Real-vs-Fake/Data/Images/ID000227_Liam-Hemsworth/Fake/03.png (3/10)
2026-07-31 21:13:34,757 | INFO | Q001813 | ID000227 | Fake | Partial -- only 3/10 found among 1 candidates
2026-07-31 21:13:36,290 | INFO | Q001817 | ID000228 | Real | Saved rank 2 -> /home/amna/Real-vs-Fake/Data/Images/ID000228_Lindsay-Lohan/Real/01.jpg (1/10)
2026-07-31 21:13:45,760 | INFO | Q001817 | ID000228 | Real | Saved rank 3 -> /home/amna/Real-vs-Fake/Data/Images/ID000228_Lindsay-Lohan/Real/02.jpg (2/10)
2026-07-31 21:13:45,760 | INFO | Q001817 | ID000228 | Real | Partial -- only 2/10 found among 2 candidates
2026-07-31 21:13:47,262 | INFO | Q001818 | ID000228 | Fake | Saved rank 3 -> /home/amna/Real-vs-Fake/Data/Images/ID000228_Lindsay-Lohan/Fake/01.jpg (1/10)
2026-07-31 21:13:47,262 | INFO | Q001818 | ID000228 | Fake | Partial -- only 1/10 found among 1 candidates
2026-07-31 21:13:48,934 | INFO | Q001819 | ID000228 | Fake | Saved rank 40 -> /home/amna/Real-vs-Fake/Data/Images/ID000228_Lindsay-Lohan/Fake/02.jpg (2/10)
2026-07-31 21:13:50,892 | INFO | Q001819 | ID000228 | Fake | Saved rank 46 -> /home/amna/Real-vs-Fake/Data/Images/ID000228_Lindsay-Lohan/Fake/03.jpg (3/10)
2026-07-31 21:13:50,892 | INFO | Q001819 | ID000228 | Fake | Partial -- only 3/10 found among 2 candidates
2026-07-31 21:13:52,337 | INFO | Q001820 | ID000228 | Fake | Saved rank 48 -> /home/amna/Real-vs-Fake/Data/Images/ID000228_Lindsay-Lohan/Fake/04.jpg (4/10)
2026-07-31 21:13:52,338 | INFO | Q001820 | ID000228 | Fake | Partial -- only 4/10 found among 1 candidates
2026-07-31 21:13:53,658 | INFO | Q001821 | ID000228 | Fake | Saved rank 6 -> /home/amna/Real-vs-Fake/Data/Images/ID000228_Lindsay-Lohan/Fake/05.jpg (5/10)
2026-07-31 21:13:53,659 | INFO | Q001821 | ID000228 | Fake | Partial -- only 5/10 found among 1 candidates
2026-07-31 21:13:55,939 | INFO | Q001825 | ID000229 | Real | Saved rank 1 -> /home/amna/Real-vs-Fake/Data/Images/ID000229_Link-Neal/Real/01.jpg (1/10)
2026-07-31 21:13:57,427 | INFO | Q001825 | ID000229 | Real | Saved rank 4 -> /home/amna/Real-vs-Fake/Data/Images/ID000229_Link-Neal/Real/02.jpg (2/10)
2026-07-31 21:13:57,427 | INFO | Q001825 | ID000229 | Real | Partial -- only 2/10 found among 2 candidates
2026-07-31 21:14:01,323 | INFO | Q001829 | ID000229 | Fake | Saved rank 20 -> /home/amna/Real-vs-Fake/Data/Images/ID000229_Link-Neal/Fake/01.jpg (1/10)
2026-07-31 21:14:01,324 | INFO | Q001829 | ID000229 | Fake | Partial -- only 1/10 found among 1 candidates
2026-07-31 21:14:02,858 | INFO | Q001833 | ID000230 | Real | Saved rank 1 -> /home/amna/Real-vs-Fake/Data/Images/ID000230_Lionel-Messi/Real/01.jpg (1/10)
2026-07-31 21:14:04,293 | INFO | Q001833 | ID000230 | Real | Saved rank 2 -> /home/amna/Real-vs-Fake/Data/Images/ID000230_Lionel-Messi/Real/02.jpg (2/10)
2026-07-31 21:14:04,294 | INFO | Q001833 | ID000230 | Real | Partial -- only 2/10 found among 2 candidates
2026-07-31 21:14:05,555 | INFO | Q001834 | ID000230 | Fake | Saved rank 12 -> /home/amna/Real-vs-Fake/Data/Images/ID000230_Lionel-Messi/Fake/01.jpg (1/10)
2026-07-31 21:14:05,559 | INFO | Q001834 | ID000230 | Fake | Partial -- only 1/10 found among 1 candidates
2026-07-31 21:14:07,467 | INFO | Q001836 | ID000230 | Fake | Saved rank 10 -> /home/amna/Real-vs-Fake/Data/Images/ID000230_Lionel-Messi/Fake/02.jpg (2/10)
2026-07-31 21:14:07,467 | INFO | Q001836 | ID000230 | Fake | Partial -- only 2/10 found among 1 candidates
2026-07-31 21:14:13,099 | INFO | Q001837 | ID000230 | Fake | Saved rank 19 -> /home/amna/Real-vs-Fake/Data/Images/ID000230_Lionel-Messi/Fake/03.png (3/10)
2026-07-31 21:14:13,100 | INFO | Q001837 | ID000230 | Fake | Partial -- only 3/10 found among 1 candidates
2026-07-31 21:14:14,514 | INFO | Q001841 | ID000231 | Real | Saved rank 3 -> /home/amna/Real-vs-Fake/Data/Images/ID000231_Lisa/Real/01.jpg (1/10)
2026-07-31 21:14:14,514 | INFO | Q001841 | ID000231 | Real | Partial -- only 1/10 found among 1 candidates
2026-07-31 21:14:15,711 | INFO | Q001842 | ID000231 | Fake | Saved rank 9 -> /home/amna/Real-vs-Fake/Data/Images/ID000231_Lisa/Fake/01.png (1/10)
2026-07-31 21:14:16,858 | INFO | Q001842 | ID000231 | Fake | Saved rank 31 -> /home/amna/Real-vs-Fake/Data/Images/ID000231_Lisa/Fake/02.jpg (2/10)
2026-07-31 21:14:16,858 | INFO | Q001842 | ID000231 | Fake | Partial -- only 2/10 found among 2 candidates
2026-07-31 21:14:18,720 | INFO | Q001844 | ID000231 | Fake | Saved rank 15 -> /home/amna/Real-vs-Fake/Data/Images/ID000231_Lisa/Fake/03.jpg (3/10)
2026-07-31 21:14:18,734 | INFO | Q001844 | ID000231 | Fake | Partial -- only 3/10 found among 1 candidates
2026-07-31 21:14:20,267 | INFO | Q001849 | ID000232 | Real | rank 1 failed (http_429), trying next candidate
2026-07-31 21:14:20,268 | INFO | Q001849 | ID000232 | Real | Discarded -- no valid image found among 1 candidates
2026-07-31 21:14:26,357 | INFO | Q001850 | ID000232 | Fake | Saved rank 34 -> /home/amna/Real-vs-Fake/Data/Images/ID000232_Livvy-Dunne/Fake/01.jpg (1/10)
2026-07-31 21:14:28,849 | INFO | Q001850 | ID000232 | Fake | Saved rank 41 -> /home/amna/Real-vs-Fake/Data/Images/ID000232_Livvy-Dunne/Fake/02.jpg (2/10)
2026-07-31 21:14:28,849 | INFO | Q001850 | ID000232 | Fake | Partial -- only 2/10 found among 2 candidates
2026-07-31 21:14:31,072 | INFO | Q001851 | ID000232 | Fake | Saved rank 33 -> /home/amna/Real-vs-Fake/Data/Images/ID000232_Livvy-Dunne/Fake/03.jpg (3/10)
2026-07-31 21:14:31,072 | INFO | Q001851 | ID000232 | Fake | Partial -- only 3/10 found among 1 candidates
2026-07-31 21:14:34,757 | INFO | Q001855 | ID000232 | Fake | Saved rank 2 -> /home/amna/Real-vs-Fake/Data/Images/ID000232_Livvy-Dunne/Fake/04.jpg (4/10)
2026-07-31 21:14:36,539 | INFO | Q001855 | ID000232 | Fake | Saved rank 45 -> /home/amna/Real-vs-Fake/Data/Images/ID000232_Livvy-Dunne/Fake/05.jpg (5/10)
2026-07-31 21:14:36,539 | INFO | Q001855 | ID000232 | Fake | Partial -- only 5/10 found among 2 candidates
2026-07-31 21:14:38,310 | INFO | Q001857 | ID000233 | Real | Saved rank 1 -> /home/amna/Real-vs-Fake/Data/Images/ID000233_Luis-Díaz/Real/01.jpg (1/10)
2026-07-31 21:14:39,874 | INFO | Q001857 | ID000233 | Real | Saved rank 3 -> /home/amna/Real-vs-Fake/Data/Images/ID000233_Luis-Díaz/Real/02.jpg (2/10)
2026-07-31 21:14:39,874 | INFO | Q001857 | ID000233 | Real | Partial -- only 2/10 found among 2 candidates
2026-07-31 21:14:45,313 | INFO | Q001858 | ID000233 | Fake | Saved rank 44 -> /home/amna/Real-vs-Fake/Data/Images/ID000233_Luis-Díaz/Fake/01.jpg (1/10)
2026-07-31 21:14:45,313 | INFO | Q001858 | ID000233 | Fake | Partial -- only 1/10 found among 1 candidates
2026-07-31 21:14:46,909 | INFO | Q001865 | ID000234 | Real | Saved rank 1 -> /home/amna/Real-vs-Fake/Data/Images/ID000234_Maggie-Smith/Real/01.jpg (1/10)
2026-07-31 21:14:46,909 | INFO | Q001865 | ID000234 | Real | Partial -- only 1/10 found among 1 candidates
2026-07-31 21:14:48,998 | INFO | Q001866 | ID000234 | Fake | Saved rank 1 -> /home/amna/Real-vs-Fake/Data/Images/ID000234_Maggie-Smith/Fake/01.jpg (1/10)
2026-07-31 21:14:51,720 | INFO | Q001866 | ID000234 | Fake | Saved rank 14 -> /home/amna/Real-vs-Fake/Data/Images/ID000234_Maggie-Smith/Fake/02.jpg (2/10)
2026-07-31 21:14:51,720 | INFO | Q001866 | ID000234 | Fake | Partial -- only 2/10 found among 2 candidates
2026-07-31 21:14:53,883 | INFO | Q001868 | ID000234 | Fake | Saved rank 8 -> /home/amna/Real-vs-Fake/Data/Images/ID000234_Maggie-Smith/Fake/03.jpg (3/10)
2026-07-31 21:14:53,883 | INFO | Q001868 | ID000234 | Fake | Partial -- only 3/10 found among 1 candidates
2026-07-31 21:14:56,492 | INFO | Q001873 | ID000235 | Real | Saved rank 1 -> /home/amna/Real-vs-Fake/Data/Images/ID000235_Mahatma-Gandhi/Real/01.jpg (1/10)
2026-07-31 21:14:57,897 | INFO | Q001873 | ID000235 | Real | Saved rank 2 -> /home/amna/Real-vs-Fake/Data/Images/ID000235_Mahatma-Gandhi/Real/02.jpg (2/10)
2026-07-31 21:14:59,297 | INFO | Q001873 | ID000235 | Real | Saved rank 3 -> /home/amna/Real-vs-Fake/Data/Images/ID000235_Mahatma-Gandhi/Real/03.jpg (3/10)
2026-07-31 21:14:59,297 | INFO | Q001873 | ID000235 | Real | Partial -- only 3/10 found among 3 candidates
2026-07-31 21:15:00,466 | INFO | Q001874 | ID000235 | Fake | Saved rank 5 -> /home/amna/Real-vs-Fake/Data/Images/ID000235_Mahatma-Gandhi/Fake/01.jpg (1/10)
2026-07-31 21:15:02,633 | INFO | Q001874 | ID000235 | Fake | Saved rank 17 -> /home/amna/Real-vs-Fake/Data/Images/ID000235_Mahatma-Gandhi/Fake/02.png (2/10)
2026-07-31 21:15:02,633 | INFO | Q001874 | ID000235 | Fake | Partial -- only 2/10 found among 2 candidates
2026-07-31 21:15:04,028 | INFO | Q001889 | ID000237 | Real | Saved rank 1 -> /home/amna/Real-vs-Fake/Data/Images/ID000237_Marc-Benioff/Real/01.jpg (1/10)
2026-07-31 21:15:04,028 | INFO | Q001889 | ID000237 | Real | Partial -- only 1/10 found among 1 candidates
2026-07-31 21:15:05,477 | INFO | Q001891 | ID000237 | Fake | Saved rank 1 -> /home/amna/Real-vs-Fake/Data/Images/ID000237_Marc-Benioff/Fake/01.jpg (1/10)
2026-07-31 21:15:05,477 | INFO | Q001891 | ID000237 | Fake | Partial -- only 1/10 found among 1 candidates
2026-07-31 21:15:09,285 | INFO | Q001895 | ID000237 | Fake | Saved rank 1 -> /home/amna/Real-vs-Fake/Data/Images/ID000237_Marc-Benioff/Fake/02.jpg (2/10)
2026-07-31 21:15:09,285 | INFO | Q001895 | ID000237 | Fake | Partial -- only 2/10 found among 1 candidates
2026-07-31 21:15:11,222 | INFO | Q001905 | ID000239 | Real | Saved rank 1 -> /home/amna/Real-vs-Fake/Data/Images/ID000239_Margot-Robie/Real/01.jpg (1/10)
2026-07-31 21:15:13,271 | INFO | Q001905 | ID000239 | Real | Saved rank 3 -> /home/amna/Real-vs-Fake/Data/Images/ID000239_Margot-Robie/Real/02.jpg (2/10)
2026-07-31 21:15:13,271 | INFO | Q001905 | ID000239 | Real | Partial -- only 2/10 found among 2 candidates
2026-07-31 21:15:15,160 | INFO | Q001906 | ID000239 | Fake | Saved rank 16 -> /home/amna/Real-vs-Fake/Data/Images/ID000239_Margot-Robie/Fake/01.jpg (1/10)
2026-07-31 21:15:16,801 | INFO | Q001906 | ID000239 | Fake | Saved rank 17 -> /home/amna/Real-vs-Fake/Data/Images/ID000239_Margot-Robie/Fake/02.jpg (2/10)
2026-07-31 21:15:18,720 | INFO | Q001906 | ID000239 | Fake | Saved rank 30 -> /home/amna/Real-vs-Fake/Data/Images/ID000239_Margot-Robie/Fake/03.jpg (3/10)
2026-07-31 21:15:18,721 | INFO | Q001906 | ID000239 | Fake | Partial -- only 3/10 found among 3 candidates
2026-07-31 21:15:20,517 | INFO | Q001907 | ID000239 | Fake | Saved rank 30 -> /home/amna/Real-vs-Fake/Data/Images/ID000239_Margot-Robie/Fake/04.png (4/10)
2026-07-31 21:15:20,518 | INFO | Q001907 | ID000239 | Fake | Partial -- only 4/10 found among 1 candidates
2026-07-31 21:15:22,002 | INFO | Q001908 | ID000239 | Fake | Saved rank 13 -> /home/amna/Real-vs-Fake/Data/Images/ID000239_Margot-Robie/Fake/05.jpg (5/10)
2026-07-31 21:15:22,003 | INFO | Q001908 | ID000239 | Fake | Partial -- only 5/10 found among 1 candidates
2026-07-31 21:15:23,483 | INFO | Q001913 | ID000240 | Real | Saved rank 2 -> /home/amna/Real-vs-Fake/Data/Images/ID000240_Maria-Corina-Machado/Real/01.jpg (1/10)
2026-07-31 21:15:23,483 | INFO | Q001913 | ID000240 | Real | Partial -- only 1/10 found among 1 candidates
2026-07-31 21:15:25,281 | INFO | Q001921 | ID000241 | Real | Saved rank 1 -> /home/amna/Real-vs-Fake/Data/Images/ID000241_Marilyn-Monroe/Real/01.jpg (1/10)
2026-07-31 21:15:26,910 | INFO | Q001921 | ID000241 | Real | Saved rank 3 -> /home/amna/Real-vs-Fake/Data/Images/ID000241_Marilyn-Monroe/Real/02.jpg (2/10)
2026-07-31 21:15:26,911 | INFO | Q001921 | ID000241 | Real | Partial -- only 2/10 found among 2 candidates
2026-07-31 21:15:28,059 | INFO | Q001922 | ID000241 | Fake | Saved rank 12 -> /home/amna/Real-vs-Fake/Data/Images/ID000241_Marilyn-Monroe/Fake/01.jpg (1/10)
2026-07-31 21:15:28,059 | INFO | Q001922 | ID000241 | Fake | Partial -- only 1/10 found among 1 candidates
2026-07-31 21:15:29,712 | INFO | Q001923 | ID000241 | Fake | Saved rank 3 -> /home/amna/Real-vs-Fake/Data/Images/ID000241_Marilyn-Monroe/Fake/02.jpg (2/10)
2026-07-31 21:15:29,713 | INFO | Q001923 | ID000241 | Fake | Partial -- only 2/10 found among 1 candidates
2026-07-31 21:15:31,398 | INFO | Q001929 | ID000242 | Real | Saved rank 1 -> /home/amna/Real-vs-Fake/Data/Images/ID000242_Mario-Götze/Real/01.jpg (1/10)
2026-07-31 21:15:33,040 | INFO | Q001929 | ID000242 | Real | Saved rank 2 -> /home/amna/Real-vs-Fake/Data/Images/ID000242_Mario-Götze/Real/02.jpg (2/10)
2026-07-31 21:15:34,637 | INFO | Q001929 | ID000242 | Real | Saved rank 3 -> /home/amna/Real-vs-Fake/Data/Images/ID000242_Mario-Götze/Real/03.jpg (3/10)
2026-07-31 21:15:34,638 | INFO | Q001929 | ID000242 | Real | Partial -- only 3/10 found among 3 candidates
2026-07-31 21:15:36,059 | INFO | Q001930 | ID000242 | Fake | Saved rank 15 -> /home/amna/Real-vs-Fake/Data/Images/ID000242_Mario-Götze/Fake/01.jpg (1/10)
2026-07-31 21:15:36,060 | INFO | Q001930 | ID000242 | Fake | Partial -- only 1/10 found among 1 candidates
2026-07-31 21:15:37,836 | INFO | Q001935 | ID000242 | Fake | Saved rank 1 -> /home/amna/Real-vs-Fake/Data/Images/ID000242_Mario-Götze/Fake/02.jpg (2/10)
2026-07-31 21:15:37,836 | INFO | Q001935 | ID000242 | Fake | Partial -- only 2/10 found among 1 candidates
2026-07-31 21:15:43,738 | INFO | Q001937 | ID000243 | Real | Saved rank 1 -> /home/amna/Real-vs-Fake/Data/Images/ID000243_Mark-Ruffalo/Real/01.jpg (1/10)
2026-07-31 21:15:45,161 | INFO | Q001937 | ID000243 | Real | Saved rank 2 -> /home/amna/Real-vs-Fake/Data/Images/ID000243_Mark-Ruffalo/Real/02.jpg (2/10)
2026-07-31 21:15:46,700 | INFO | Q001937 | ID000243 | Real | Saved rank 4 -> /home/amna/Real-vs-Fake/Data/Images/ID000243_Mark-Ruffalo/Real/03.jpg (3/10)
2026-07-31 21:15:46,700 | INFO | Q001937 | ID000243 | Real | Partial -- only 3/10 found among 3 candidates
2026-07-31 21:15:48,095 | INFO | Q001938 | ID000243 | Fake | Saved rank 2 -> /home/amna/Real-vs-Fake/Data/Images/ID000243_Mark-Ruffalo/Fake/01.jpg (1/10)
2026-07-31 21:15:49,777 | INFO | Q001938 | ID000243 | Fake | Saved rank 47 -> /home/amna/Real-vs-Fake/Data/Images/ID000243_Mark-Ruffalo/Fake/02.jpg (2/10)
2026-07-31 21:15:49,777 | INFO | Q001938 | ID000243 | Fake | Partial -- only 2/10 found among 2 candidates
2026-07-31 21:15:51,167 | INFO | Q001939 | ID000243 | Fake | Saved rank 8 -> /home/amna/Real-vs-Fake/Data/Images/ID000243_Mark-Ruffalo/Fake/03.jpg (3/10)
2026-07-31 21:15:51,168 | INFO | Q001939 | ID000243 | Fake | Partial -- only 3/10 found among 1 candidates
2026-07-31 21:15:52,759 | INFO | Q001940 | ID000243 | Fake | Saved rank 41 -> /home/amna/Real-vs-Fake/Data/Images/ID000243_Mark-Ruffalo/Fake/04.jpg (4/10)
2026-07-31 21:15:54,425 | INFO | Q001940 | ID000243 | Fake | Saved rank 46 -> /home/amna/Real-vs-Fake/Data/Images/ID000243_Mark-Ruffalo/Fake/05.jpg (5/10)
2026-07-31 21:15:54,426 | INFO | Q001940 | ID000243 | Fake | Partial -- only 5/10 found among 2 candidates
2026-07-31 21:15:55,899 | INFO | Q001941 | ID000243 | Fake | Saved rank 1 -> /home/amna/Real-vs-Fake/Data/Images/ID000243_Mark-Ruffalo/Fake/06.jpg (6/10)
2026-07-31 21:15:55,899 | INFO | Q001941 | ID000243 | Fake | Partial -- only 6/10 found among 1 candidates
2026-07-31 21:15:57,470 | INFO | Q001945 | ID000244 | Real | Saved rank 2 -> /home/amna/Real-vs-Fake/Data/Images/ID000244_Mark-Wahlberg/Real/01.jpg (1/10)
2026-07-31 21:15:57,470 | INFO | Q001945 | ID000244 | Real | Partial -- only 1/10 found among 1 candidates
2026-07-31 21:15:58,876 | INFO | Q001953 | ID000245 | Real | Saved rank 1 -> /home/amna/Real-vs-Fake/Data/Images/ID000245_Mark-Zukerberg/Real/01.jpg (1/10)
2026-07-31 21:16:00,368 | INFO | Q001953 | ID000245 | Real | Saved rank 2 -> /home/amna/Real-vs-Fake/Data/Images/ID000245_Mark-Zukerberg/Real/02.jpg (2/10)
2026-07-31 21:16:01,924 | INFO | Q001953 | ID000245 | Real | Saved rank 3 -> /home/amna/Real-vs-Fake/Data/Images/ID000245_Mark-Zukerberg/Real/03.jpg (3/10)
2026-07-31 21:16:01,924 | INFO | Q001953 | ID000245 | Real | Partial -- only 3/10 found among 3 candidates
2026-07-31 21:16:03,070 | INFO | Q001954 | ID000245 | Fake | Saved rank 9 -> /home/amna/Real-vs-Fake/Data/Images/ID000245_Mark-Zukerberg/Fake/01.jpg (1/10)
2026-07-31 21:16:04,217 | INFO | Q001954 | ID000245 | Fake | Saved rank 14 -> /home/amna/Real-vs-Fake/Data/Images/ID000245_Mark-Zukerberg/Fake/02.jpg (2/10)
2026-07-31 21:16:04,218 | INFO | Q001954 | ID000245 | Fake | Partial -- only 2/10 found among 2 candidates
2026-07-31 21:16:05,782 | INFO | Q001961 | ID000246 | Real | Saved rank 2 -> /home/amna/Real-vs-Fake/Data/Images/ID000246_Marlon-Brando/Real/01.jpg (1/10)
2026-07-31 21:16:06,948 | INFO | Q001961 | ID000246 | Real | Saved rank 3 -> /home/amna/Real-vs-Fake/Data/Images/ID000246_Marlon-Brando/Real/02.jpg (2/10)
2026-07-31 21:16:06,948 | INFO | Q001961 | ID000246 | Real | Partial -- only 2/10 found among 2 candidates
2026-07-31 21:16:08,628 | INFO | Q001962 | ID000246 | Fake | Saved rank 1 -> /home/amna/Real-vs-Fake/Data/Images/ID000246_Marlon-Brando/Fake/01.jpg (1/10)
2026-07-31 21:16:10,755 | INFO | Q001962 | ID000246 | Fake | Saved rank 2 -> /home/amna/Real-vs-Fake/Data/Images/ID000246_Marlon-Brando/Fake/02.jpg (2/10)
2026-07-31 21:16:10,756 | INFO | Q001962 | ID000246 | Fake | Partial -- only 2/10 found among 2 candidates
2026-07-31 21:16:12,061 | INFO | Q001963 | ID000246 | Fake | Saved rank 2 -> /home/amna/Real-vs-Fake/Data/Images/ID000246_Marlon-Brando/Fake/03.jpg (3/10)
2026-07-31 21:16:13,750 | INFO | Q001963 | ID000246 | Fake | Saved rank 13 -> /home/amna/Real-vs-Fake/Data/Images/ID000246_Marlon-Brando/Fake/04.jpg (4/10)
2026-07-31 21:16:13,750 | INFO | Q001963 | ID000246 | Fake | Partial -- only 4/10 found among 2 candidates
2026-07-31 21:16:17,493 | INFO | Q001964 | ID000246 | Fake | Saved rank 12 -> /home/amna/Real-vs-Fake/Data/Images/ID000246_Marlon-Brando/Fake/05.jpg (5/10)
2026-07-31 21:16:19,094 | INFO | Q001964 | ID000246 | Fake | Saved rank 37 -> /home/amna/Real-vs-Fake/Data/Images/ID000246_Marlon-Brando/Fake/06.jpg (6/10)
2026-07-31 21:16:19,095 | INFO | Q001964 | ID000246 | Fake | Partial -- only 6/10 found among 2 candidates
2026-07-31 21:16:20,361 | INFO | Q001965 | ID000246 | Fake | Saved rank 29 -> /home/amna/Real-vs-Fake/Data/Images/ID000246_Marlon-Brando/Fake/07.png (7/10)
2026-07-31 21:16:20,361 | INFO | Q001965 | ID000246 | Fake | Partial -- only 7/10 found among 1 candidates
2026-07-31 21:16:22,239 | INFO | Q001969 | ID000247 | Real | Saved rank 4 -> /home/amna/Real-vs-Fake/Data/Images/ID000247_Marques-Brownlee-MKBHD/Real/01.jpg (1/10)
2026-07-31 21:16:25,272 | INFO | Q001969 | ID000247 | Real | Saved rank 5 -> /home/amna/Real-vs-Fake/Data/Images/ID000247_Marques-Brownlee-MKBHD/Real/02.png (2/10)
2026-07-31 21:16:25,272 | INFO | Q001969 | ID000247 | Real | Partial -- only 2/10 found among 2 candidates
2026-07-31 21:16:26,593 | INFO | Q001970 | ID000247 | Fake | Saved rank 5 -> /home/amna/Real-vs-Fake/Data/Images/ID000247_Marques-Brownlee-MKBHD/Fake/01.jpg (1/10)
2026-07-31 21:16:26,594 | INFO | Q001970 | ID000247 | Fake | Partial -- only 1/10 found among 1 candidates
2026-07-31 21:16:28,066 | INFO | Q001977 | ID000248 | Real | Saved rank 1 -> /home/amna/Real-vs-Fake/Data/Images/ID000248_Martin-Lewis/Real/01.jpg (1/10)
2026-07-31 21:16:30,182 | INFO | Q001977 | ID000248 | Real | Saved rank 2 -> /home/amna/Real-vs-Fake/Data/Images/ID000248_Martin-Lewis/Real/02.jpg (2/10)
2026-07-31 21:16:30,182 | INFO | Q001977 | ID000248 | Real | Partial -- only 2/10 found among 2 candidates
2026-07-31 21:16:31,860 | INFO | Q001979 | ID000248 | Fake | Saved rank 25 -> /home/amna/Real-vs-Fake/Data/Images/ID000248_Martin-Lewis/Fake/01.png (1/10)
2026-07-31 21:16:31,860 | INFO | Q001979 | ID000248 | Fake | Partial -- only 1/10 found among 1 candidates
2026-07-31 21:16:33,381 | INFO | Q001991 | ID000249 | Fake | Saved rank 47 -> /home/amna/Real-vs-Fake/Data/Images/ID000249_Martin-Ødegaard/Fake/01.jpg (1/10)
2026-07-31 21:16:33,381 | INFO | Q001991 | ID000249 | Fake | Partial -- only 1/10 found among 1 candidates
2026-07-31 21:16:35,217 | INFO | Q001993 | ID000250 | Real | Saved rank 1 -> /home/amna/Real-vs-Fake/Data/Images/ID000250_Matt-Damon/Real/01.jpg (1/10)
2026-07-31 21:16:36,795 | INFO | Q001993 | ID000250 | Real | Saved rank 2 -> /home/amna/Real-vs-Fake/Data/Images/ID000250_Matt-Damon/Real/02.jpg (2/10)
2026-07-31 21:16:38,160 | INFO | Q001993 | ID000250 | Real | Saved rank 3 -> /home/amna/Real-vs-Fake/Data/Images/ID000250_Matt-Damon/Real/03.jpg (3/10)
2026-07-31 21:16:38,160 | INFO | Q001993 | ID000250 | Real | Partial -- only 3/10 found among 3 candidates
2026-07-31 21:16:39,853 | INFO | Q001994 | ID000250 | Fake | Saved rank 1 -> /home/amna/Real-vs-Fake/Data/Images/ID000250_Matt-Damon/Fake/01.jpg (1/10)
2026-07-31 21:16:39,853 | INFO | Q001994 | ID000250 | Fake | Partial -- only 1/10 found among 1 candidates
2026-07-31 21:16:41,601 | INFO | Q001996 | ID000250 | Fake | Saved rank 6 -> /home/amna/Real-vs-Fake/Data/Images/ID000250_Matt-Damon/Fake/02.jpg (2/10)
2026-07-31 21:16:41,601 | INFO | Q001996 | ID000250 | Fake | Partial -- only 2/10 found among 1 candidates
2026-07-31 21:16:43,013 | INFO | Q002001 | ID000251 | Real | Saved rank 1 -> /home/amna/Real-vs-Fake/Data/Images/ID000251_Matt-Dillon/Real/01.jpg (1/10)
2026-07-31 21:16:44,444 | INFO | Q002001 | ID000251 | Real | Saved rank 3 -> /home/amna/Real-vs-Fake/Data/Images/ID000251_Matt-Dillon/Real/02.jpg (2/10)
2026-07-31 21:16:44,444 | INFO | Q002001 | ID000251 | Real | Partial -- only 2/10 found among 2 candidates
2026-07-31 21:16:46,351 | INFO | Q002004 | ID000251 | Fake | Saved rank 3 -> /home/amna/Real-vs-Fake/Data/Images/ID000251_Matt-Dillon/Fake/01.jpg (1/10)
2026-07-31 21:16:46,351 | INFO | Q002004 | ID000251 | Fake | Partial -- only 1/10 found among 1 candidates
2026-07-31 21:16:47,907 | INFO | Q002009 | ID000252 | Real | Saved rank 1 -> /home/amna/Real-vs-Fake/Data/Images/ID000252_Matt-Rife/Real/01.jpg (1/10)
2026-07-31 21:16:51,679 | INFO | Q002009 | ID000252 | Real | Saved rank 2 -> /home/amna/Real-vs-Fake/Data/Images/ID000252_Matt-Rife/Real/02.jpg (2/10)
2026-07-31 21:16:53,147 | INFO | Q002009 | ID000252 | Real | Saved rank 3 -> /home/amna/Real-vs-Fake/Data/Images/ID000252_Matt-Rife/Real/03.jpg (3/10)
2026-07-31 21:16:53,148 | INFO | Q002009 | ID000252 | Real | Partial -- only 3/10 found among 3 candidates
2026-07-31 21:16:54,669 | INFO | Q002017 | ID000253 | Real | Saved rank 1 -> /home/amna/Real-vs-Fake/Data/Images/ID000253_Matthew-Broderick/Real/01.jpg (1/10)
2026-07-31 21:16:56,755 | INFO | Q002017 | ID000253 | Real | Saved rank 2 -> /home/amna/Real-vs-Fake/Data/Images/ID000253_Matthew-Broderick/Real/02.jpg (2/10)
2026-07-31 21:16:56,755 | INFO | Q002017 | ID000253 | Real | Partial -- only 2/10 found among 2 candidates
2026-07-31 21:16:58,408 | INFO | Q002020 | ID000253 | Fake | Saved rank 5 -> /home/amna/Real-vs-Fake/Data/Images/ID000253_Matthew-Broderick/Fake/01.jpg (1/10)
2026-07-31 21:16:59,893 | INFO | Q002020 | ID000253 | Fake | Saved rank 7 -> /home/amna/Real-vs-Fake/Data/Images/ID000253_Matthew-Broderick/Fake/02.jpg (2/10)
2026-07-31 21:16:59,894 | INFO | Q002020 | ID000253 | Fake | Partial -- only 2/10 found among 2 candidates
2026-07-31 21:17:01,492 | INFO | Q002025 | ID000254 | Real | Saved rank 1 -> /home/amna/Real-vs-Fake/Data/Images/ID000254_Mesut-Ozil/Real/01.jpg (1/10)
2026-07-31 21:17:02,993 | INFO | Q002025 | ID000254 | Real | Saved rank 2 -> /home/amna/Real-vs-Fake/Data/Images/ID000254_Mesut-Ozil/Real/02.jpg (2/10)
2026-07-31 21:17:02,993 | INFO | Q002025 | ID000254 | Real | Partial -- only 2/10 found among 2 candidates
2026-07-31 21:17:04,745 | INFO | Q002026 | ID000254 | Fake | Saved rank 6 -> /home/amna/Real-vs-Fake/Data/Images/ID000254_Mesut-Ozil/Fake/01.jpg (1/10)
2026-07-31 21:17:04,745 | INFO | Q002026 | ID000254 | Fake | Partial -- only 1/10 found among 1 candidates
2026-07-31 21:17:04,746 | INFO | ============================================================
2026-07-31 21:17:04,746 | INFO | STEP 4 RUN COMPLETE
2026-07-31 21:17:04,746 | INFO | Success (target reached) : 0
2026-07-31 21:17:04,747 | INFO | Partial (some, not all)  : 115
2026-07-31 21:17:04,747 | INFO | Discarded (no image)     : 1
2026-07-31 21:17:04,747 | INFO | Errors (will retry)      : 0
2026-07-31 21:17:04,747 | INFO | Remaining                : 0
2026-07-31 21:17:04,747 | INFO | ============================================================
2026-07-31 22:02:58,547 | INFO | Loaded 391 PAIRED identities from identity_pairing_report.csv
2026-07-31 22:02:58,708 | INFO | ============================================================
2026-07-31 22:02:58,708 | INFO | STEP 4 START (Image Download, paired identities only)
2026-07-31 22:02:58,708 | INFO | Paired identities          : 391
2026-07-31 22:02:58,708 | INFO | Unpaired identities skipped: 6
2026-07-31 22:02:58,708 | INFO | Total identity/type groups : 832
2026-07-31 22:02:58,708 | INFO | Already completed          : 496
2026-07-31 22:02:58,708 | INFO | Remaining pending          : 86
2026-07-31 22:02:58,708 | INFO | Groups this run            : 86
2026-07-31 22:02:58,708 | INFO | ============================================================
2026-07-31 22:03:00,654 | INFO | Q002033 | ID000255 | Real | Saved rank 2 -> /home/amna/Real-vs-Fake/Data/Images/ID000255_Michael-Caine/Real/01.jpg (1/10)
2026-07-31 22:03:04,122 | INFO | Q002033 | ID000255 | Real | Saved rank 3 -> /home/amna/Real-vs-Fake/Data/Images/ID000255_Michael-Caine/Real/02.jpg (2/10)
2026-07-31 22:03:04,122 | INFO | Q002033 | ID000255 | Real | Partial -- only 2/10 found among 2 candidates
2026-07-31 22:03:05,827 | INFO | Q002034 | ID000255 | Fake | Saved rank 4 -> /home/amna/Real-vs-Fake/Data/Images/ID000255_Michael-Caine/Fake/01.png (1/10)
2026-07-31 22:03:05,845 | INFO | Q002034 | ID000255 | Fake | Partial -- only 1/10 found among 1 candidates
2026-07-31 22:03:07,164 | INFO | Q002036 | ID000255 | Fake | Saved rank 28 -> /home/amna/Real-vs-Fake/Data/Images/ID000255_Michael-Caine/Fake/02.jpg (2/10)
2026-07-31 22:03:07,164 | INFO | Q002036 | ID000255 | Fake | Partial -- only 2/10 found among 1 candidates
2026-07-31 22:03:09,037 | INFO | Q002037 | ID000255 | Fake | Saved rank 13 -> /home/amna/Real-vs-Fake/Data/Images/ID000255_Michael-Caine/Fake/03.jpg (3/10)
2026-07-31 22:03:09,038 | INFO | Q002037 | ID000255 | Fake | Partial -- only 3/10 found among 1 candidates
2026-07-31 22:03:10,765 | INFO | Q002041 | ID000256 | Real | Saved rank 1 -> /home/amna/Real-vs-Fake/Data/Images/ID000256_Michael-Cera/Real/01.jpg (1/10)
2026-07-31 22:03:10,766 | INFO | Q002041 | ID000256 | Real | Partial -- only 1/10 found among 1 candidates
2026-07-31 22:03:12,446 | INFO | Q002043 | ID000256 | Fake | Saved rank 4 -> /home/amna/Real-vs-Fake/Data/Images/ID000256_Michael-Cera/Fake/01.jpg (1/10)
2026-07-31 22:03:12,446 | INFO | Q002043 | ID000256 | Fake | Partial -- only 1/10 found among 1 candidates
2026-07-31 22:03:13,963 | INFO | Q002048 | ID000256 | Fake | Saved rank 1 -> /home/amna/Real-vs-Fake/Data/Images/ID000256_Michael-Cera/Fake/02.png (2/10)
2026-07-31 22:03:13,964 | INFO | Q002048 | ID000256 | Fake | Partial -- only 2/10 found among 1 candidates
2026-07-31 22:03:15,618 | INFO | Q002049 | ID000257 | Real | Saved rank 1 -> /home/amna/Real-vs-Fake/Data/Images/ID000257_Michael-J-Fox/Real/01.jpg (1/10)
2026-07-31 22:03:20,880 | INFO | Q002049 | ID000257 | Real | Saved rank 2 -> /home/amna/Real-vs-Fake/Data/Images/ID000257_Michael-J-Fox/Real/02.jpg (2/10)
2026-07-31 22:03:22,896 | INFO | Q002049 | ID000257 | Real | Saved rank 5 -> /home/amna/Real-vs-Fake/Data/Images/ID000257_Michael-J-Fox/Real/03.jpg (3/10)
2026-07-31 22:03:22,896 | INFO | Q002049 | ID000257 | Real | Partial -- only 3/10 found among 3 candidates
2026-07-31 22:03:24,942 | INFO | Q002050 | ID000257 | Fake | Saved rank 1 -> /home/amna/Real-vs-Fake/Data/Images/ID000257_Michael-J-Fox/Fake/01.jpg (1/10)
2026-07-31 22:03:24,942 | INFO | Q002050 | ID000257 | Fake | Partial -- only 1/10 found among 1 candidates
2026-07-31 22:03:26,397 | INFO | Q002051 | ID000257 | Fake | Saved rank 1 -> /home/amna/Real-vs-Fake/Data/Images/ID000257_Michael-J-Fox/Fake/02.jpg (2/10)
2026-07-31 22:03:26,397 | INFO | Q002051 | ID000257 | Fake | Partial -- only 2/10 found among 1 candidates
2026-07-31 22:03:28,373 | INFO | Q002052 | ID000257 | Fake | Saved rank 14 -> /home/amna/Real-vs-Fake/Data/Images/ID000257_Michael-J-Fox/Fake/03.jpg (3/10)
2026-07-31 22:03:30,143 | INFO | Q002052 | ID000257 | Fake | Saved rank 24 -> /home/amna/Real-vs-Fake/Data/Images/ID000257_Michael-J-Fox/Fake/04.jpg (4/10)
2026-07-31 22:03:30,144 | INFO | Q002052 | ID000257 | Fake | Partial -- only 4/10 found among 2 candidates
2026-07-31 22:03:31,988 | INFO | Q002057 | ID000258 | Real | Saved rank 1 -> /home/amna/Real-vs-Fake/Data/Images/ID000258_Michael-Keaton/Real/01.jpg (1/10)
2026-07-31 22:03:33,300 | INFO | Q002057 | ID000258 | Real | Saved rank 2 -> /home/amna/Real-vs-Fake/Data/Images/ID000258_Michael-Keaton/Real/02.jpg (2/10)
2026-07-31 22:03:33,301 | INFO | Q002057 | ID000258 | Real | Partial -- only 2/10 found among 2 candidates
2026-07-31 22:03:35,068 | INFO | Q002060 | ID000258 | Fake | Saved rank 28 -> /home/amna/Real-vs-Fake/Data/Images/ID000258_Michael-Keaton/Fake/01.jpg (1/10)
2026-07-31 22:03:35,069 | INFO | Q002060 | ID000258 | Fake | Partial -- only 1/10 found among 1 candidates
2026-07-31 22:03:38,563 | INFO | Q002061 | ID000258 | Fake | Saved rank 1 -> /home/amna/Real-vs-Fake/Data/Images/ID000258_Michael-Keaton/Fake/02.jpg (2/10)
2026-07-31 22:03:38,563 | INFO | Q002061 | ID000258 | Fake | Partial -- only 2/10 found among 1 candidates
2026-07-31 22:03:40,489 | INFO | Q002065 | ID000259 | Real | Saved rank 2 -> /home/amna/Real-vs-Fake/Data/Images/ID000259_Michael-Nyqvist/Real/01.jpg (1/10)
2026-07-31 22:03:42,128 | INFO | Q002065 | ID000259 | Real | Saved rank 3 -> /home/amna/Real-vs-Fake/Data/Images/ID000259_Michael-Nyqvist/Real/02.jpg (2/10)
2026-07-31 22:03:42,144 | INFO | Q002065 | ID000259 | Real | Partial -- only 2/10 found among 2 candidates
2026-07-31 22:03:43,601 | INFO | Q002073 | ID000260 | Real | Saved rank 1 -> /home/amna/Real-vs-Fake/Data/Images/ID000260_Michael-Jackson/Real/01.jpg (1/10)
2026-07-31 22:03:45,129 | INFO | Q002073 | ID000260 | Real | Saved rank 4 -> /home/amna/Real-vs-Fake/Data/Images/ID000260_Michael-Jackson/Real/02.png (2/10)
2026-07-31 22:03:45,130 | INFO | Q002073 | ID000260 | Real | Partial -- only 2/10 found among 2 candidates
2026-07-31 22:03:46,560 | INFO | Q002074 | ID000260 | Fake | Saved rank 1 -> /home/amna/Real-vs-Fake/Data/Images/ID000260_Michael-Jackson/Fake/01.jpg (1/10)
2026-07-31 22:03:48,480 | INFO | Q002074 | ID000260 | Fake | Saved rank 30 -> /home/amna/Real-vs-Fake/Data/Images/ID000260_Michael-Jackson/Fake/02.jpg (2/10)
2026-07-31 22:03:49,907 | INFO | Q002074 | ID000260 | Fake | Saved rank 40 -> /home/amna/Real-vs-Fake/Data/Images/ID000260_Michael-Jackson/Fake/03.jpg (3/10)
2026-07-31 22:03:49,907 | INFO | Q002074 | ID000260 | Fake | Partial -- only 3/10 found among 3 candidates
2026-07-31 22:03:51,465 | INFO | Q002075 | ID000260 | Fake | Saved rank 12 -> /home/amna/Real-vs-Fake/Data/Images/ID000260_Michael-Jackson/Fake/04.png (4/10)
2026-07-31 22:03:51,466 | INFO | Q002075 | ID000260 | Fake | Partial -- only 4/10 found among 1 candidates
2026-07-31 22:03:53,401 | INFO | Q002076 | ID000260 | Fake | Saved rank 1 -> /home/amna/Real-vs-Fake/Data/Images/ID000260_Michael-Jackson/Fake/05.jpg (5/10)
2026-07-31 22:03:53,402 | INFO | Q002076 | ID000260 | Fake | Partial -- only 5/10 found among 1 candidates
2026-07-31 22:03:54,857 | INFO | Q002081 | ID000261 | Real | Saved rank 1 -> /home/amna/Real-vs-Fake/Data/Images/ID000261_Michele-Morrone/Real/01.jpg (1/10)
2026-07-31 22:03:56,348 | INFO | Q002081 | ID000261 | Real | Saved rank 2 -> /home/amna/Real-vs-Fake/Data/Images/ID000261_Michele-Morrone/Real/02.jpg (2/10)
2026-07-31 22:03:58,319 | INFO | Q002081 | ID000261 | Real | Saved rank 4 -> /home/amna/Real-vs-Fake/Data/Images/ID000261_Michele-Morrone/Real/03.jpg (3/10)
2026-07-31 22:03:58,319 | INFO | Q002081 | ID000261 | Real | Partial -- only 3/10 found among 3 candidates
2026-07-31 22:03:59,858 | INFO | Q002082 | ID000261 | Fake | Saved rank 31 -> /home/amna/Real-vs-Fake/Data/Images/ID000261_Michele-Morrone/Fake/01.jpg (1/10)
2026-07-31 22:04:01,688 | INFO | Q002082 | ID000261 | Fake | Saved rank 44 -> /home/amna/Real-vs-Fake/Data/Images/ID000261_Michele-Morrone/Fake/02.jpg (2/10)
2026-07-31 22:04:01,688 | INFO | Q002082 | ID000261 | Fake | Partial -- only 2/10 found among 2 candidates
2026-07-31 22:04:03,463 | INFO | Q002084 | ID000261 | Fake | Saved rank 42 -> /home/amna/Real-vs-Fake/Data/Images/ID000261_Michele-Morrone/Fake/03.jpg (3/10)
2026-07-31 22:04:03,463 | INFO | Q002084 | ID000261 | Fake | Partial -- only 3/10 found among 1 candidates
2026-07-31 22:04:05,316 | INFO | Q002087 | ID000261 | Fake | Saved rank 2 -> /home/amna/Real-vs-Fake/Data/Images/ID000261_Michele-Morrone/Fake/04.jpg (4/10)
2026-07-31 22:04:05,316 | INFO | Q002087 | ID000261 | Fake | Partial -- only 4/10 found among 1 candidates
2026-07-31 22:04:06,732 | INFO | Q002089 | ID000262 | Real | Saved rank 2 -> /home/amna/Real-vs-Fake/Data/Images/ID000262_Michelle-Pfeiffer/Real/01.jpg (1/10)
2026-07-31 22:04:08,900 | INFO | Q002089 | ID000262 | Real | Saved rank 4 -> /home/amna/Real-vs-Fake/Data/Images/ID000262_Michelle-Pfeiffer/Real/02.jpg (2/10)
2026-07-31 22:04:08,900 | INFO | Q002089 | ID000262 | Real | Partial -- only 2/10 found among 2 candidates
2026-07-31 22:04:10,390 | INFO | Q002090 | ID000262 | Fake | Saved rank 8 -> /home/amna/Real-vs-Fake/Data/Images/ID000262_Michelle-Pfeiffer/Fake/01.jpg (1/10)
2026-07-31 22:04:14,487 | INFO | Q002090 | ID000262 | Fake | Saved rank 11 -> /home/amna/Real-vs-Fake/Data/Images/ID000262_Michelle-Pfeiffer/Fake/02.jpg (2/10)
2026-07-31 22:04:16,593 | INFO | Q002090 | ID000262 | Fake | Saved rank 15 -> /home/amna/Real-vs-Fake/Data/Images/ID000262_Michelle-Pfeiffer/Fake/03.jpg (3/10)
2026-07-31 22:04:16,593 | INFO | Q002090 | ID000262 | Fake | Partial -- only 3/10 found among 3 candidates
2026-07-31 22:04:18,242 | INFO | Q002091 | ID000262 | Fake | Saved rank 28 -> /home/amna/Real-vs-Fake/Data/Images/ID000262_Michelle-Pfeiffer/Fake/04.jpg (4/10)
2026-07-31 22:04:18,243 | INFO | Q002091 | ID000262 | Fake | Partial -- only 4/10 found among 1 candidates
2026-07-31 22:04:20,048 | INFO | Q002097 | ID000263 | Real | Saved rank 4 -> /home/amna/Real-vs-Fake/Data/Images/ID000263_Michelle-Yeoh/Real/01.jpg (1/10)
2026-07-31 22:04:20,049 | INFO | Q002097 | ID000263 | Real | Partial -- only 1/10 found among 1 candidates
2026-07-31 22:04:22,083 | INFO | Q002098 | ID000263 | Fake | Saved rank 2 -> /home/amna/Real-vs-Fake/Data/Images/ID000263_Michelle-Yeoh/Fake/01.jpg (1/10)
2026-07-31 22:04:23,857 | INFO | Q002098 | ID000263 | Fake | Saved rank 9 -> /home/amna/Real-vs-Fake/Data/Images/ID000263_Michelle-Yeoh/Fake/02.jpg (2/10)
2026-07-31 22:04:23,858 | INFO | Q002098 | ID000263 | Fake | Partial -- only 2/10 found among 2 candidates
2026-07-31 22:04:25,301 | INFO | Q002105 | ID000264 | Real | Saved rank 1 -> /home/amna/Real-vs-Fake/Data/Images/ID000264_Mickey-Rourke/Real/01.jpg (1/10)
2026-07-31 22:04:30,537 | INFO | Q002105 | ID000264 | Real | Saved rank 2 -> /home/amna/Real-vs-Fake/Data/Images/ID000264_Mickey-Rourke/Real/02.jpg (2/10)
2026-07-31 22:04:30,537 | INFO | Q002105 | ID000264 | Real | Partial -- only 2/10 found among 2 candidates
2026-07-31 22:04:32,077 | INFO | Q002106 | ID000264 | Fake | Saved rank 22 -> /home/amna/Real-vs-Fake/Data/Images/ID000264_Mickey-Rourke/Fake/01.jpg (1/10)
2026-07-31 22:04:32,078 | INFO | Q002106 | ID000264 | Fake | Partial -- only 1/10 found among 1 candidates
2026-07-31 22:04:34,159 | INFO | Q002107 | ID000264 | Fake | Saved rank 40 -> /home/amna/Real-vs-Fake/Data/Images/ID000264_Mickey-Rourke/Fake/02.jpg (2/10)
2026-07-31 22:04:34,160 | INFO | Q002107 | ID000264 | Fake | Partial -- only 2/10 found among 1 candidates
2026-07-31 22:04:35,906 | INFO | Q002108 | ID000264 | Fake | Saved rank 8 -> /home/amna/Real-vs-Fake/Data/Images/ID000264_Mickey-Rourke/Fake/03.jpg (3/10)
2026-07-31 22:04:35,906 | INFO | Q002108 | ID000264 | Fake | Partial -- only 3/10 found among 1 candidates
2026-07-31 22:04:37,313 | INFO | Q002113 | ID000265 | Real | Saved rank 3 -> /home/amna/Real-vs-Fake/Data/Images/ID000265_Miles-Teller/Real/01.jpg (1/10)
2026-07-31 22:04:37,313 | INFO | Q002113 | ID000265 | Real | Partial -- only 1/10 found among 1 candidates
2026-07-31 22:04:39,243 | INFO | Q002114 | ID000265 | Fake | Saved rank 1 -> /home/amna/Real-vs-Fake/Data/Images/ID000265_Miles-Teller/Fake/01.jpg (1/10)
2026-07-31 22:04:40,865 | INFO | Q002114 | ID000265 | Fake | Saved rank 2 -> /home/amna/Real-vs-Fake/Data/Images/ID000265_Miles-Teller/Fake/02.jpg (2/10)
2026-07-31 22:04:42,487 | INFO | Q002114 | ID000265 | Fake | Saved rank 7 -> /home/amna/Real-vs-Fake/Data/Images/ID000265_Miles-Teller/Fake/03.jpg (3/10)
2026-07-31 22:04:42,487 | INFO | Q002114 | ID000265 | Fake | Partial -- only 3/10 found among 3 candidates
2026-07-31 22:04:58,039 | INFO | Q002115 | ID000265 | Fake | Saved rank 1 -> /home/amna/Real-vs-Fake/Data/Images/ID000265_Miles-Teller/Fake/04.png (4/10)
2026-07-31 22:04:58,039 | INFO | Q002115 | ID000265 | Fake | Partial -- only 4/10 found among 1 candidates
2026-07-31 22:04:59,817 | INFO | Q002116 | ID000265 | Fake | Saved rank 3 -> /home/amna/Real-vs-Fake/Data/Images/ID000265_Miles-Teller/Fake/05.jpg (5/10)
2026-07-31 22:04:59,817 | INFO | Q002116 | ID000265 | Fake | Partial -- only 5/10 found among 1 candidates
2026-07-31 22:05:01,500 | INFO | Q002117 | ID000265 | Fake | Saved rank 1 -> /home/amna/Real-vs-Fake/Data/Images/ID000265_Miles-Teller/Fake/06.png (6/10)
2026-07-31 22:05:01,500 | INFO | Q002117 | ID000265 | Fake | Partial -- only 6/10 found among 1 candidates
2026-07-31 22:05:02,981 | INFO | Q002121 | ID000266 | Real | Saved rank 1 -> /home/amna/Real-vs-Fake/Data/Images/ID000266_Mina/Real/01.jpg (1/10)
2026-07-31 22:05:04,678 | INFO | Q002121 | ID000266 | Real | Saved rank 3 -> /home/amna/Real-vs-Fake/Data/Images/ID000266_Mina/Real/02.jpg (2/10)
2026-07-31 22:05:04,679 | INFO | Q002121 | ID000266 | Real | Partial -- only 2/10 found among 2 candidates
2026-07-31 22:05:06,732 | INFO | Q002122 | ID000266 | Fake | Saved rank 29 -> /home/amna/Real-vs-Fake/Data/Images/ID000266_Mina/Fake/01.jpg (1/10)
2026-07-31 22:05:06,732 | INFO | Q002122 | ID000266 | Fake | Partial -- only 1/10 found among 1 candidates
2026-07-31 22:05:08,238 | INFO | Q002124 | ID000266 | Fake | Saved rank 8 -> /home/amna/Real-vs-Fake/Data/Images/ID000266_Mina/Fake/02.jpg (2/10)
2026-07-31 22:05:09,654 | INFO | Q002124 | ID000266 | Fake | Saved rank 10 -> /home/amna/Real-vs-Fake/Data/Images/ID000266_Mina/Fake/03.jpg (3/10)
2026-07-31 22:05:09,655 | INFO | Q002124 | ID000266 | Fake | Partial -- only 3/10 found among 2 candidates
2026-07-31 22:05:11,425 | INFO | Q002129 | ID000267 | Real | Saved rank 1 -> /home/amna/Real-vs-Fake/Data/Images/ID000267_Mohamed-Salah/Real/01.jpg (1/10)
2026-07-31 22:05:12,512 | INFO | Q002129 | ID000267 | Real | Saved rank 3 -> /home/amna/Real-vs-Fake/Data/Images/ID000267_Mohamed-Salah/Real/02.jpg (2/10)
2026-07-31 22:05:12,512 | INFO | Q002129 | ID000267 | Real | Partial -- only 2/10 found among 2 candidates
2026-07-31 22:05:14,365 | INFO | Q002130 | ID000267 | Fake | Saved rank 2 -> /home/amna/Real-vs-Fake/Data/Images/ID000267_Mohamed-Salah/Fake/01.png (1/10)
2026-07-31 22:05:14,365 | INFO | Q002130 | ID000267 | Fake | Partial -- only 1/10 found among 1 candidates
2026-07-31 22:05:15,979 | INFO | Q002137 | ID000268 | Real | Saved rank 1 -> /home/amna/Real-vs-Fake/Data/Images/ID000268_Mohammad-Ahmed/Real/01.jpg (1/10)
2026-07-31 22:05:18,424 | INFO | Q002137 | ID000268 | Real | Saved rank 3 -> /home/amna/Real-vs-Fake/Data/Images/ID000268_Mohammad-Ahmed/Real/02.png (2/10)
2026-07-31 22:05:22,410 | INFO | Q002137 | ID000268 | Real | Saved rank 5 -> /home/amna/Real-vs-Fake/Data/Images/ID000268_Mohammad-Ahmed/Real/03.jpg (3/10)
2026-07-31 22:05:22,410 | INFO | Q002137 | ID000268 | Real | Partial -- only 3/10 found among 3 candidates
2026-07-31 22:05:23,668 | INFO | Q002143 | ID000268 | Fake | Saved rank 16 -> /home/amna/Real-vs-Fake/Data/Images/ID000268_Mohammad-Ahmed/Fake/01.jpg (1/10)
2026-07-31 22:05:25,005 | INFO | Q002143 | ID000268 | Fake | Saved rank 37 -> /home/amna/Real-vs-Fake/Data/Images/ID000268_Mohammad-Ahmed/Fake/02.jpg (2/10)
2026-07-31 22:05:25,006 | INFO | Q002143 | ID000268 | Fake | Partial -- only 2/10 found among 2 candidates
2026-07-31 22:05:28,454 | INFO | Q002145 | ID000269 | Real | Saved rank 1 -> /home/amna/Real-vs-Fake/Data/Images/ID000269_Mohammad-Albuty/Real/01.jpg (1/10)
2026-07-31 22:05:31,935 | INFO | Q002145 | ID000269 | Real | Saved rank 2 -> /home/amna/Real-vs-Fake/Data/Images/ID000269_Mohammad-Albuty/Real/02.jpg (2/10)
2026-07-31 22:05:31,936 | INFO | Q002145 | ID000269 | Real | Partial -- only 2/10 found among 2 candidates
2026-07-31 22:05:33,585 | INFO | Q002146 | ID000269 | Fake | Saved rank 12 -> /home/amna/Real-vs-Fake/Data/Images/ID000269_Mohammad-Albuty/Fake/01.jpg (1/10)
2026-07-31 22:05:33,586 | INFO | Q002146 | ID000269 | Fake | Partial -- only 1/10 found among 1 candidates
2026-07-31 22:05:35,368 | INFO | Q002153 | ID000270 | Real | Saved rank 1 -> /home/amna/Real-vs-Fake/Data/Images/ID000270_Monica-Bellucci/Real/01.jpg (1/10)
2026-07-31 22:05:35,368 | INFO | Q002153 | ID000270 | Real | Partial -- only 1/10 found among 1 candidates
2026-07-31 22:05:37,033 | INFO | Q002154 | ID000270 | Fake | Saved rank 12 -> /home/amna/Real-vs-Fake/Data/Images/ID000270_Monica-Bellucci/Fake/01.jpg (1/10)
2026-07-31 22:05:38,563 | INFO | Q002154 | ID000270 | Fake | Saved rank 14 -> /home/amna/Real-vs-Fake/Data/Images/ID000270_Monica-Bellucci/Fake/02.jpg (2/10)
2026-07-31 22:05:38,563 | INFO | Q002154 | ID000270 | Fake | Partial -- only 2/10 found among 2 candidates
2026-07-31 22:05:40,357 | INFO | Q002156 | ID000270 | Fake | Saved rank 15 -> /home/amna/Real-vs-Fake/Data/Images/ID000270_Monica-Bellucci/Fake/03.jpg (3/10)
2026-07-31 22:05:42,388 | INFO | Q002156 | ID000270 | Fake | Saved rank 24 -> /home/amna/Real-vs-Fake/Data/Images/ID000270_Monica-Bellucci/Fake/04.jpg (4/10)
2026-07-31 22:05:42,388 | INFO | Q002156 | ID000270 | Fake | Partial -- only 4/10 found among 2 candidates
2026-07-31 22:05:44,073 | INFO | Q002157 | ID000270 | Fake | Saved rank 47 -> /home/amna/Real-vs-Fake/Data/Images/ID000270_Monica-Bellucci/Fake/05.jpg (5/10)
2026-07-31 22:05:44,074 | INFO | Q002157 | ID000270 | Fake | Partial -- only 5/10 found among 1 candidates
2026-07-31 22:05:45,856 | INFO | Q002162 | ID000271 | Fake | Saved rank 2 -> /home/amna/Real-vs-Fake/Data/Images/ID000271_Mlanie-Laurent/Fake/01.jpg (1/10)
2026-07-31 22:05:45,856 | INFO | Q002162 | ID000271 | Fake | Partial -- only 1/10 found among 1 candidates
2026-07-31 22:05:47,596 | INFO | Q002167 | ID000271 | Fake | Saved rank 3 -> /home/amna/Real-vs-Fake/Data/Images/ID000271_Mlanie-Laurent/Fake/02.jpg (2/10)
2026-07-31 22:05:49,277 | INFO | Q002167 | ID000271 | Fake | Saved rank 4 -> /home/amna/Real-vs-Fake/Data/Images/ID000271_Mlanie-Laurent/Fake/03.jpg (3/10)
2026-07-31 22:05:49,277 | INFO | Q002167 | ID000271 | Fake | Partial -- only 3/10 found among 2 candidates
2026-07-31 22:05:52,709 | INFO | Q002169 | ID000272 | Real | Saved rank 1 -> /home/amna/Real-vs-Fake/Data/Images/ID000272_Nadir-Sami-Al-Koraya/Real/01.jpg (1/10)
2026-07-31 22:05:56,533 | INFO | Q002169 | ID000272 | Real | Saved rank 3 -> /home/amna/Real-vs-Fake/Data/Images/ID000272_Nadir-Sami-Al-Koraya/Real/02.png (2/10)
2026-07-31 22:05:59,826 | INFO | Q002169 | ID000272 | Real | Saved rank 4 -> /home/amna/Real-vs-Fake/Data/Images/ID000272_Nadir-Sami-Al-Koraya/Real/03.jpg (3/10)
2026-07-31 22:05:59,826 | INFO | Q002169 | ID000272 | Real | Partial -- only 3/10 found among 3 candidates
2026-07-31 22:06:02,275 | INFO | Q002177 | ID000273 | Real | Saved rank 1 -> /home/amna/Real-vs-Fake/Data/Images/ID000273_Nancy-Pelosi/Real/01.jpg (1/10)
2026-07-31 22:06:04,136 | INFO | Q002177 | ID000273 | Real | Saved rank 2 -> /home/amna/Real-vs-Fake/Data/Images/ID000273_Nancy-Pelosi/Real/02.jpg (2/10)
2026-07-31 22:06:11,317 | INFO | Q002177 | ID000273 | Real | Saved rank 4 -> /home/amna/Real-vs-Fake/Data/Images/ID000273_Nancy-Pelosi/Real/03.jpg (3/10)
2026-07-31 22:06:11,322 | INFO | Q002177 | ID000273 | Real | Partial -- only 3/10 found among 3 candidates
2026-07-31 22:06:13,120 | INFO | Q002178 | ID000273 | Fake | Saved rank 1 -> /home/amna/Real-vs-Fake/Data/Images/ID000273_Nancy-Pelosi/Fake/01.jpg (1/10)
2026-07-31 22:06:15,015 | INFO | Q002178 | ID000273 | Fake | Saved rank 27 -> /home/amna/Real-vs-Fake/Data/Images/ID000273_Nancy-Pelosi/Fake/02.jpg (2/10)
2026-07-31 22:06:15,016 | INFO | Q002178 | ID000273 | Fake | Partial -- only 2/10 found among 2 candidates
2026-07-31 22:06:17,509 | INFO | Q002181 | ID000273 | Fake | Saved rank 7 -> /home/amna/Real-vs-Fake/Data/Images/ID000273_Nancy-Pelosi/Fake/03.jpg (3/10)
2026-07-31 22:06:17,510 | INFO | Q002181 | ID000273 | Fake | Partial -- only 3/10 found among 1 candidates
2026-07-31 22:06:19,391 | INFO | Q002185 | ID000274 | Real | Saved rank 3 -> /home/amna/Real-vs-Fake/Data/Images/ID000274_Naomi-Watts/Real/01.jpg (1/10)
2026-07-31 22:06:19,392 | INFO | Q002185 | ID000274 | Real | Partial -- only 1/10 found among 1 candidates
2026-07-31 22:06:21,142 | INFO | Q002186 | ID000274 | Fake | Saved rank 4 -> /home/amna/Real-vs-Fake/Data/Images/ID000274_Naomi-Watts/Fake/01.jpg (1/10)
2026-07-31 22:06:21,143 | INFO | Q002186 | ID000274 | Fake | Partial -- only 1/10 found among 1 candidates
2026-07-31 22:06:23,748 | INFO | Q002193 | ID000275 | Real | Saved rank 1 -> /home/amna/Real-vs-Fake/Data/Images/ID000275_Nasser-Al-Huqbani/Real/01.jpg (1/10)
2026-07-31 22:06:26,033 | INFO | Q002193 | ID000275 | Real | Saved rank 4 -> /home/amna/Real-vs-Fake/Data/Images/ID000275_Nasser-Al-Huqbani/Real/02.jpg (2/10)
2026-07-31 22:06:27,318 | INFO | Q002193 | ID000275 | Real | Saved rank 12 -> /home/amna/Real-vs-Fake/Data/Images/ID000275_Nasser-Al-Huqbani/Real/03.jpg (3/10)
2026-07-31 22:06:27,318 | INFO | Q002193 | ID000275 | Real | Partial -- only 3/10 found among 3 candidates
2026-07-31 22:06:30,871 | INFO | Q002194 | ID000275 | Fake | Saved rank 13 -> /home/amna/Real-vs-Fake/Data/Images/ID000275_Nasser-Al-Huqbani/Fake/01.jpg (1/10)
2026-07-31 22:06:30,872 | INFO | Q002194 | ID000275 | Fake | Partial -- only 1/10 found among 1 candidates
2026-07-31 22:06:32,893 | INFO | Q002195 | ID000275 | Fake | Saved rank 7 -> /home/amna/Real-vs-Fake/Data/Images/ID000275_Nasser-Al-Huqbani/Fake/02.jpg (2/10)
2026-07-31 22:06:32,893 | INFO | Q002195 | ID000275 | Fake | Partial -- only 2/10 found among 1 candidates
2026-07-31 22:06:34,293 | INFO | Q002201 | ID000276 | Real | Saved rank 1 -> /home/amna/Real-vs-Fake/Data/Images/ID000276_Neha-Kakka/Real/01.jpg (1/10)
2026-07-31 22:06:36,103 | INFO | Q002201 | ID000276 | Real | Saved rank 3 -> /home/amna/Real-vs-Fake/Data/Images/ID000276_Neha-Kakka/Real/02.jpg (2/10)
2026-07-31 22:06:37,515 | INFO | Q002201 | ID000276 | Real | Saved rank 4 -> /home/amna/Real-vs-Fake/Data/Images/ID000276_Neha-Kakka/Real/03.jpg (3/10)
2026-07-31 22:06:37,516 | INFO | Q002201 | ID000276 | Real | Partial -- only 3/10 found among 3 candidates
2026-07-31 22:06:38,951 | INFO | Q002202 | ID000276 | Fake | Saved rank 8 -> /home/amna/Real-vs-Fake/Data/Images/ID000276_Neha-Kakka/Fake/01.jpg (1/10)
2026-07-31 22:06:38,951 | INFO | Q002202 | ID000276 | Fake | Partial -- only 1/10 found among 1 candidates
2026-07-31 22:06:41,418 | INFO | Q002203 | ID000276 | Fake | Saved rank 18 -> /home/amna/Real-vs-Fake/Data/Images/ID000276_Neha-Kakka/Fake/02.jpg (2/10)
2026-07-31 22:06:41,418 | INFO | Q002203 | ID000276 | Fake | Partial -- only 2/10 found among 1 candidates
2026-07-31 22:06:42,738 | INFO | Q002208 | ID000276 | Fake | Saved rank 49 -> /home/amna/Real-vs-Fake/Data/Images/ID000276_Neha-Kakka/Fake/03.jpg (3/10)
2026-07-31 22:06:42,739 | INFO | Q002208 | ID000276 | Fake | Partial -- only 3/10 found among 1 candidates
2026-07-31 22:06:44,484 | INFO | Q002209 | ID000277 | Real | Saved rank 1 -> /home/amna/Real-vs-Fake/Data/Images/ID000277_Nelson-Mendala/Real/01.jpg (1/10)
2026-07-31 22:06:45,860 | INFO | Q002209 | ID000277 | Real | Saved rank 2 -> /home/amna/Real-vs-Fake/Data/Images/ID000277_Nelson-Mendala/Real/02.jpg (2/10)
2026-07-31 22:06:47,692 | INFO | Q002209 | ID000277 | Real | Saved rank 3 -> /home/amna/Real-vs-Fake/Data/Images/ID000277_Nelson-Mendala/Real/03.jpg (3/10)
2026-07-31 22:06:47,692 | INFO | Q002209 | ID000277 | Real | Partial -- only 3/10 found among 3 candidates
2026-07-31 22:06:49,725 | INFO | Q002210 | ID000277 | Fake | Saved rank 9 -> /home/amna/Real-vs-Fake/Data/Images/ID000277_Nelson-Mendala/Fake/01.jpg (1/10)
2026-07-31 22:06:49,725 | INFO | Q002210 | ID000277 | Fake | Partial -- only 1/10 found among 1 candidates
2026-07-31 22:06:51,223 | INFO | Q002213 | ID000277 | Fake | Saved rank 20 -> /home/amna/Real-vs-Fake/Data/Images/ID000277_Nelson-Mendala/Fake/02.jpg (2/10)
2026-07-31 22:06:51,224 | INFO | Q002213 | ID000277 | Fake | Partial -- only 2/10 found among 1 candidates
2026-07-31 22:06:52,964 | INFO | Q002217 | ID000278 | Real | Saved rank 1 -> /home/amna/Real-vs-Fake/Data/Images/ID000278_Neymar/Real/01.jpg (1/10)
2026-07-31 22:06:55,022 | INFO | Q002217 | ID000278 | Real | Saved rank 3 -> /home/amna/Real-vs-Fake/Data/Images/ID000278_Neymar/Real/02.jpg (2/10)
2026-07-31 22:06:55,022 | INFO | Q002217 | ID000278 | Real | Partial -- only 2/10 found among 2 candidates
2026-07-31 22:06:56,574 | INFO | Q002218 | ID000278 | Fake | Saved rank 13 -> /home/amna/Real-vs-Fake/Data/Images/ID000278_Neymar/Fake/01.jpg (1/10)
2026-07-31 22:06:56,575 | INFO | Q002218 | ID000278 | Fake | Partial -- only 1/10 found among 1 candidates
2026-07-31 22:06:58,141 | INFO | Q002225 | ID000279 | Real | Saved rank 1 -> /home/amna/Real-vs-Fake/Data/Images/ID000279_Nicholas-Galitzine/Real/01.jpg (1/10)
2026-07-31 22:06:59,512 | INFO | Q002225 | ID000279 | Real | Saved rank 2 -> /home/amna/Real-vs-Fake/Data/Images/ID000279_Nicholas-Galitzine/Real/02.jpg (2/10)
2026-07-31 22:07:01,228 | INFO | Q002225 | ID000279 | Real | Saved rank 3 -> /home/amna/Real-vs-Fake/Data/Images/ID000279_Nicholas-Galitzine/Real/03.jpg (3/10)
2026-07-31 22:07:01,228 | INFO | Q002225 | ID000279 | Real | Partial -- only 3/10 found among 3 candidates
2026-07-31 22:07:02,766 | INFO | Q002231 | ID000279 | Fake | Saved rank 48 -> /home/amna/Real-vs-Fake/Data/Images/ID000279_Nicholas-Galitzine/Fake/01.jpg (1/10)
2026-07-31 22:07:06,532 | INFO | Q002231 | ID000279 | Fake | Saved rank 49 -> /home/amna/Real-vs-Fake/Data/Images/ID000279_Nicholas-Galitzine/Fake/02.jpg (2/10)
2026-07-31 22:07:06,532 | INFO | Q002231 | ID000279 | Fake | Partial -- only 2/10 found among 2 candidates
2026-07-31 22:07:08,621 | INFO | Q002233 | ID000280 | Real | Saved rank 1 -> /home/amna/Real-vs-Fake/Data/Images/ID000280_Nick-DiGiovanni/Real/01.jpg (1/10)
2026-07-31 22:07:10,494 | INFO | Q002233 | ID000280 | Real | Saved rank 2 -> /home/amna/Real-vs-Fake/Data/Images/ID000280_Nick-DiGiovanni/Real/02.png (2/10)
2026-07-31 22:07:11,886 | INFO | Q002233 | ID000280 | Real | Saved rank 3 -> /home/amna/Real-vs-Fake/Data/Images/ID000280_Nick-DiGiovanni/Real/03.jpg (3/10)
2026-07-31 22:07:11,890 | INFO | Q002233 | ID000280 | Real | Partial -- only 3/10 found among 3 candidates
2026-07-31 22:07:18,686 | INFO | Q002235 | ID000280 | Fake | Saved rank 43 -> /home/amna/Real-vs-Fake/Data/Images/ID000280_Nick-DiGiovanni/Fake/01.webp (1/10)
2026-07-31 22:07:18,686 | INFO | Q002235 | ID000280 | Fake | Partial -- only 1/10 found among 1 candidates
2026-07-31 22:07:19,752 | INFO | Q002241 | ID000281 | Real | Saved rank 1 -> /home/amna/Real-vs-Fake/Data/Images/ID000281_Nick-Nolte/Real/01.jpg (1/10)
2026-07-31 22:07:20,896 | INFO | Q002241 | ID000281 | Real | Saved rank 2 -> /home/amna/Real-vs-Fake/Data/Images/ID000281_Nick-Nolte/Real/02.jpg (2/10)
2026-07-31 22:07:22,334 | INFO | Q002241 | ID000281 | Real | Saved rank 4 -> /home/amna/Real-vs-Fake/Data/Images/ID000281_Nick-Nolte/Real/03.jpg (3/10)
2026-07-31 22:07:22,338 | INFO | Q002241 | ID000281 | Real | Partial -- only 3/10 found among 3 candidates
2026-07-31 22:07:24,004 | INFO | Q002242 | ID000281 | Fake | Saved rank 1 -> /home/amna/Real-vs-Fake/Data/Images/ID000281_Nick-Nolte/Fake/01.jpg (1/10)
2026-07-31 22:07:24,004 | INFO | Q002242 | ID000281 | Fake | Partial -- only 1/10 found among 1 candidates
2026-07-31 22:07:25,437 | INFO | Q002248 | ID000281 | Fake | Saved rank 15 -> /home/amna/Real-vs-Fake/Data/Images/ID000281_Nick-Nolte/Fake/02.jpg (2/10)
2026-07-31 22:07:25,437 | INFO | Q002248 | ID000281 | Fake | Partial -- only 2/10 found among 1 candidates
2026-07-31 22:07:27,462 | INFO | Q002249 | ID000282 | Real | Saved rank 2 -> /home/amna/Real-vs-Fake/Data/Images/ID000282_Nicky-Campbell/Real/01.jpg (1/10)
2026-07-31 22:07:29,606 | INFO | Q002249 | ID000282 | Real | Saved rank 3 -> /home/amna/Real-vs-Fake/Data/Images/ID000282_Nicky-Campbell/Real/02.jpg (2/10)
2026-07-31 22:07:31,612 | INFO | Q002249 | ID000282 | Real | Saved rank 4 -> /home/amna/Real-vs-Fake/Data/Images/ID000282_Nicky-Campbell/Real/03.jpg (3/10)
2026-07-31 22:07:31,612 | INFO | Q002249 | ID000282 | Real | Partial -- only 3/10 found among 3 candidates
2026-07-31 22:07:33,128 | INFO | Q002251 | ID000282 | Fake | Saved rank 3 -> /home/amna/Real-vs-Fake/Data/Images/ID000282_Nicky-Campbell/Fake/01.jpg (1/10)
2026-07-31 22:07:34,690 | INFO | Q002251 | ID000282 | Fake | Saved rank 10 -> /home/amna/Real-vs-Fake/Data/Images/ID000282_Nicky-Campbell/Fake/02.jpg (2/10)
2026-07-31 22:07:36,558 | INFO | Q002251 | ID000282 | Fake | Saved rank 13 -> /home/amna/Real-vs-Fake/Data/Images/ID000282_Nicky-Campbell/Fake/03.jpg (3/10)
2026-07-31 22:07:36,558 | INFO | Q002251 | ID000282 | Fake | Partial -- only 3/10 found among 3 candidates
2026-07-31 22:07:40,311 | INFO | Q002260 | ID000283 | Fake | Saved rank 1 -> /home/amna/Real-vs-Fake/Data/Images/ID000283_Nico-Paz/Fake/01.jpg (1/10)
2026-07-31 22:07:40,311 | INFO | Q002260 | ID000283 | Fake | Partial -- only 1/10 found among 1 candidates
2026-07-31 22:07:42,120 | INFO | Q002265 | ID000284 | Real | Saved rank 1 -> /home/amna/Real-vs-Fake/Data/Images/ID000284_Ning-Yizhuo/Real/01.png (1/10)
2026-07-31 22:07:43,924 | INFO | Q002265 | ID000284 | Real | Saved rank 2 -> /home/amna/Real-vs-Fake/Data/Images/ID000284_Ning-Yizhuo/Real/02.jpg (2/10)
2026-07-31 22:07:45,630 | INFO | Q002265 | ID000284 | Real | Saved rank 7 -> /home/amna/Real-vs-Fake/Data/Images/ID000284_Ning-Yizhuo/Real/03.jpg (3/10)
2026-07-31 22:07:45,631 | INFO | Q002265 | ID000284 | Real | Partial -- only 3/10 found among 3 candidates
2026-07-31 22:07:47,591 | INFO | Q002272 | ID000284 | Fake | Saved rank 33 -> /home/amna/Real-vs-Fake/Data/Images/ID000284_Ning-Yizhuo/Fake/01.jpg (1/10)
2026-07-31 22:07:47,591 | INFO | Q002272 | ID000284 | Fake | Partial -- only 1/10 found among 1 candidates
2026-07-31 22:07:49,344 | INFO | Q002273 | ID000285 | Real | Saved rank 1 -> /home/amna/Real-vs-Fake/Data/Images/ID000285_Norman-Swan/Real/01.jpg (1/10)
2026-07-31 22:07:50,858 | INFO | Q002273 | ID000285 | Real | Saved rank 2 -> /home/amna/Real-vs-Fake/Data/Images/ID000285_Norman-Swan/Real/02.jpg (2/10)
2026-07-31 22:07:52,210 | INFO | Q002273 | ID000285 | Real | Saved rank 4 -> /home/amna/Real-vs-Fake/Data/Images/ID000285_Norman-Swan/Real/03.jpg (3/10)
2026-07-31 22:07:52,211 | INFO | Q002273 | ID000285 | Real | Partial -- only 3/10 found among 3 candidates
2026-07-31 22:07:54,149 | INFO | Q002281 | ID000286 | Real | Saved rank 2 -> /home/amna/Real-vs-Fake/Data/Images/ID000286_Olga-Loiek/Real/01.jpg (1/10)
2026-07-31 22:07:54,149 | INFO | Q002281 | ID000286 | Real | Partial -- only 1/10 found among 1 candidates
2026-07-31 22:07:57,078 | INFO | Q002289 | ID000287 | Real | Saved rank 3 -> /home/amna/Real-vs-Fake/Data/Images/ID000287_Olivia-Rodrigo/Real/01.jpg (1/10)
2026-07-31 22:07:58,790 | INFO | Q002289 | ID000287 | Real | Saved rank 5 -> /home/amna/Real-vs-Fake/Data/Images/ID000287_Olivia-Rodrigo/Real/02.jpg (2/10)
2026-07-31 22:07:58,790 | INFO | Q002289 | ID000287 | Real | Partial -- only 2/10 found among 2 candidates
2026-07-31 22:08:00,306 | INFO | Q002290 | ID000287 | Fake | Saved rank 9 -> /home/amna/Real-vs-Fake/Data/Images/ID000287_Olivia-Rodrigo/Fake/01.jpg (1/10)
2026-07-31 22:08:00,306 | INFO | Q002290 | ID000287 | Fake | Partial -- only 1/10 found among 1 candidates
2026-07-31 22:08:00,307 | INFO | ============================================================
2026-07-31 22:08:00,307 | INFO | STEP 4 RUN COMPLETE
2026-07-31 22:08:00,307 | INFO | Success (target reached) : 0
2026-07-31 22:08:00,308 | INFO | Partial (some, not all)  : 86
2026-07-31 22:08:00,308 | INFO | Discarded (no image)     : 0
2026-07-31 22:08:00,308 | INFO | Errors (will retry)      : 0
2026-07-31 22:08:00,308 | INFO | Remaining                : 0
2026-07-31 22:08:00,308 | INFO | ============================================================
2026-07-31 23:06:11,115 | INFO | Loaded 391 PAIRED identities from identity_pairing_report.csv
2026-07-31 23:06:11,760 | INFO | ============================================================
2026-07-31 23:06:11,760 | INFO | STEP 4 START (Image Download, paired identities only)
2026-07-31 23:06:11,760 | INFO | Paired identities          : 391
2026-07-31 23:06:11,760 | INFO | Unpaired identities skipped: 6
2026-07-31 23:06:11,760 | INFO | Total identity/type groups : 928
2026-07-31 23:06:11,760 | INFO | Already completed          : 556
2026-07-31 23:06:11,760 | INFO | Remaining pending          : 92
2026-07-31 23:06:11,760 | INFO | Groups this run            : 92
2026-07-31 23:06:11,760 | INFO | ============================================================
2026-07-31 23:06:13,674 | INFO | Q002297 | ID000288 | Real | Saved rank 1 -> /home/amna/Real-vs-Fake/Data/Images/ID000288_Patricia-Arquette/Real/01.jpg (1/10)
2026-07-31 23:06:15,154 | INFO | Q002297 | ID000288 | Real | Saved rank 2 -> /home/amna/Real-vs-Fake/Data/Images/ID000288_Patricia-Arquette/Real/02.jpg (2/10)
2026-07-31 23:06:16,244 | INFO | Q002297 | ID000288 | Real | Saved rank 3 -> /home/amna/Real-vs-Fake/Data/Images/ID000288_Patricia-Arquette/Real/03.jpg (3/10)
2026-07-31 23:06:16,255 | INFO | Q002297 | ID000288 | Real | Partial -- only 3/10 found among 3 candidates
2026-07-31 23:06:29,876 | INFO | Q002299 | ID000288 | Fake | Saved rank 6 -> /home/amna/Real-vs-Fake/Data/Images/ID000288_Patricia-Arquette/Fake/01.jpg (1/10)
2026-07-31 23:06:29,876 | INFO | Q002299 | ID000288 | Fake | Partial -- only 1/10 found among 1 candidates
2026-07-31 23:06:31,534 | INFO | Q002300 | ID000288 | Fake | Saved rank 32 -> /home/amna/Real-vs-Fake/Data/Images/ID000288_Patricia-Arquette/Fake/02.jpg (2/10)
2026-07-31 23:06:31,534 | INFO | Q002300 | ID000288 | Fake | Partial -- only 2/10 found among 1 candidates
2026-07-31 23:06:33,211 | INFO | Q002303 | ID000288 | Fake | Saved rank 2 -> /home/amna/Real-vs-Fake/Data/Images/ID000288_Patricia-Arquette/Fake/03.jpg (3/10)
2026-07-31 23:06:34,867 | INFO | Q002303 | ID000288 | Fake | Saved rank 28 -> /home/amna/Real-vs-Fake/Data/Images/ID000288_Patricia-Arquette/Fake/04.jpg (4/10)
2026-07-31 23:06:34,868 | INFO | Q002303 | ID000288 | Fake | Partial -- only 4/10 found among 2 candidates
2026-07-31 23:06:35,973 | INFO | Q002305 | ID000289 | Real | Saved rank 1 -> /home/amna/Real-vs-Fake/Data/Images/ID000289_Patrick-Stewart/Real/01.jpg (1/10)
2026-07-31 23:06:42,011 | INFO | Q002305 | ID000289 | Real | Saved rank 2 -> /home/amna/Real-vs-Fake/Data/Images/ID000289_Patrick-Stewart/Real/02.jpg (2/10)
2026-07-31 23:06:42,011 | INFO | Q002305 | ID000289 | Real | Partial -- only 2/10 found among 2 candidates
2026-07-31 23:06:43,839 | INFO | Q002306 | ID000289 | Fake | Saved rank 1 -> /home/amna/Real-vs-Fake/Data/Images/ID000289_Patrick-Stewart/Fake/01.jpg (1/10)
2026-07-31 23:06:45,685 | INFO | Q002306 | ID000289 | Fake | Saved rank 3 -> /home/amna/Real-vs-Fake/Data/Images/ID000289_Patrick-Stewart/Fake/02.jpg (2/10)
2026-07-31 23:06:45,685 | INFO | Q002306 | ID000289 | Fake | Partial -- only 2/10 found among 2 candidates
2026-07-31 23:06:47,697 | INFO | Q002307 | ID000289 | Fake | Saved rank 3 -> /home/amna/Real-vs-Fake/Data/Images/ID000289_Patrick-Stewart/Fake/03.jpg (3/10)
2026-07-31 23:06:47,700 | INFO | Q002307 | ID000289 | Fake | Partial -- only 3/10 found among 1 candidates
2026-07-31 23:06:49,411 | INFO | Q002308 | ID000289 | Fake | Saved rank 33 -> /home/amna/Real-vs-Fake/Data/Images/ID000289_Patrick-Stewart/Fake/04.jpg (4/10)
2026-07-31 23:06:49,412 | INFO | Q002308 | ID000289 | Fake | Partial -- only 4/10 found among 1 candidates
2026-07-31 23:06:51,190 | INFO | Q002313 | ID000290 | Real | Saved rank 1 -> /home/amna/Real-vs-Fake/Data/Images/ID000290_Patrick-Wilson/Real/01.jpg (1/10)
2026-07-31 23:06:52,325 | INFO | Q002313 | ID000290 | Real | Saved rank 2 -> /home/amna/Real-vs-Fake/Data/Images/ID000290_Patrick-Wilson/Real/02.jpg (2/10)
2026-07-31 23:06:52,325 | INFO | Q002313 | ID000290 | Real | Partial -- only 2/10 found among 2 candidates
2026-07-31 23:06:53,996 | INFO | Q002316 | ID000290 | Fake | Saved rank 5 -> /home/amna/Real-vs-Fake/Data/Images/ID000290_Patrick-Wilson/Fake/01.jpg (1/10)
2026-07-31 23:06:53,996 | INFO | Q002316 | ID000290 | Fake | Partial -- only 1/10 found among 1 candidates
2026-07-31 23:06:55,809 | INFO | Q002321 | ID000291 | Real | Saved rank 1 -> /home/amna/Real-vs-Fake/Data/Images/ID000291_Paul-Newman/Real/01.jpg (1/10)
2026-07-31 23:06:57,279 | INFO | Q002321 | ID000291 | Real | Saved rank 2 -> /home/amna/Real-vs-Fake/Data/Images/ID000291_Paul-Newman/Real/02.jpg (2/10)
2026-07-31 23:06:57,279 | INFO | Q002321 | ID000291 | Real | Partial -- only 2/10 found among 2 candidates
2026-07-31 23:06:59,187 | INFO | Q002322 | ID000291 | Fake | Saved rank 1 -> /home/amna/Real-vs-Fake/Data/Images/ID000291_Paul-Newman/Fake/01.jpg (1/10)
2026-07-31 23:06:59,190 | INFO | Q002322 | ID000291 | Fake | Partial -- only 1/10 found among 1 candidates
2026-07-31 23:07:00,731 | INFO | Q002323 | ID000291 | Fake | Saved rank 48 -> /home/amna/Real-vs-Fake/Data/Images/ID000291_Paul-Newman/Fake/02.jpg (2/10)
2026-07-31 23:07:00,731 | INFO | Q002323 | ID000291 | Fake | Partial -- only 2/10 found among 1 candidates
2026-07-31 23:07:02,753 | INFO | Q002324 | ID000291 | Fake | Saved rank 15 -> /home/amna/Real-vs-Fake/Data/Images/ID000291_Paul-Newman/Fake/03.jpg (3/10)
2026-07-31 23:07:02,753 | INFO | Q002324 | ID000291 | Fake | Partial -- only 3/10 found among 1 candidates
2026-07-31 23:07:04,744 | INFO | Q002329 | ID000292 | Real | Saved rank 2 -> /home/amna/Real-vs-Fake/Data/Images/ID000292_Paul-Rudd/Real/01.jpg (1/10)
2026-07-31 23:07:04,747 | INFO | Q002329 | ID000292 | Real | Partial -- only 1/10 found among 1 candidates
2026-07-31 23:07:06,292 | INFO | Q002330 | ID000292 | Fake | Saved rank 2 -> /home/amna/Real-vs-Fake/Data/Images/ID000292_Paul-Rudd/Fake/01.jpg (1/10)
2026-07-31 23:07:06,292 | INFO | Q002330 | ID000292 | Fake | Partial -- only 1/10 found among 1 candidates
2026-07-31 23:07:07,661 | INFO | Q002332 | ID000292 | Fake | Saved rank 5 -> /home/amna/Real-vs-Fake/Data/Images/ID000292_Paul-Rudd/Fake/02.jpg (2/10)
2026-07-31 23:07:09,224 | INFO | Q002332 | ID000292 | Fake | Saved rank 11 -> /home/amna/Real-vs-Fake/Data/Images/ID000292_Paul-Rudd/Fake/03.jpg (3/10)
2026-07-31 23:07:11,081 | INFO | Q002332 | ID000292 | Fake | Saved rank 13 -> /home/amna/Real-vs-Fake/Data/Images/ID000292_Paul-Rudd/Fake/04.jpg (4/10)
2026-07-31 23:07:11,081 | INFO | Q002332 | ID000292 | Fake | Partial -- only 4/10 found among 3 candidates
2026-07-31 23:07:12,593 | INFO | Q002333 | ID000292 | Fake | Saved rank 6 -> /home/amna/Real-vs-Fake/Data/Images/ID000292_Paul-Rudd/Fake/05.jpg (5/10)
2026-07-31 23:07:12,594 | INFO | Q002333 | ID000292 | Fake | Partial -- only 5/10 found among 1 candidates
2026-07-31 23:07:13,825 | INFO | Q002337 | ID000293 | Real | Saved rank 1 -> /home/amna/Real-vs-Fake/Data/Images/ID000293_Paul-Walker/Real/01.jpg (1/10)
2026-07-31 23:07:15,623 | INFO | Q002337 | ID000293 | Real | Saved rank 2 -> /home/amna/Real-vs-Fake/Data/Images/ID000293_Paul-Walker/Real/02.jpg (2/10)
2026-07-31 23:07:17,431 | INFO | Q002337 | ID000293 | Real | Saved rank 3 -> /home/amna/Real-vs-Fake/Data/Images/ID000293_Paul-Walker/Real/03.jpg (3/10)
2026-07-31 23:07:17,431 | INFO | Q002337 | ID000293 | Real | Partial -- only 3/10 found among 3 candidates
2026-07-31 23:07:19,278 | INFO | Q002338 | ID000293 | Fake | Saved rank 2 -> /home/amna/Real-vs-Fake/Data/Images/ID000293_Paul-Walker/Fake/01.jpg (1/10)
2026-07-31 23:07:19,279 | INFO | Q002338 | ID000293 | Fake | Partial -- only 1/10 found among 1 candidates
2026-07-31 23:07:25,345 | INFO | Q002339 | ID000293 | Fake | Saved rank 22 -> /home/amna/Real-vs-Fake/Data/Images/ID000293_Paul-Walker/Fake/02.png (2/10)
2026-07-31 23:07:25,345 | INFO | Q002339 | ID000293 | Fake | Partial -- only 2/10 found among 1 candidates
2026-07-31 23:07:26,962 | INFO | Q002340 | ID000293 | Fake | Saved rank 32 -> /home/amna/Real-vs-Fake/Data/Images/ID000293_Paul-Walker/Fake/03.jpg (3/10)
2026-07-31 23:07:28,632 | INFO | Q002340 | ID000293 | Fake | Saved rank 38 -> /home/amna/Real-vs-Fake/Data/Images/ID000293_Paul-Walker/Fake/04.jpg (4/10)
2026-07-31 23:07:28,633 | INFO | Q002340 | ID000293 | Fake | Partial -- only 4/10 found among 2 candidates
2026-07-31 23:07:30,324 | INFO | Q002345 | ID000294 | Real | Saved rank 2 -> /home/amna/Real-vs-Fake/Data/Images/ID000294_Pedro-Pascal/Real/01.jpg (1/10)
2026-07-31 23:07:36,535 | INFO | Q002345 | ID000294 | Real | Saved rank 3 -> /home/amna/Real-vs-Fake/Data/Images/ID000294_Pedro-Pascal/Real/02.jpg (2/10)
2026-07-31 23:07:36,536 | INFO | Q002345 | ID000294 | Real | Partial -- only 2/10 found among 2 candidates
2026-07-31 23:07:38,100 | INFO | Q002346 | ID000294 | Fake | Saved rank 16 -> /home/amna/Real-vs-Fake/Data/Images/ID000294_Pedro-Pascal/Fake/01.jpg (1/10)
2026-07-31 23:07:45,630 | INFO | Q002346 | ID000294 | Fake | Saved rank 24 -> /home/amna/Real-vs-Fake/Data/Images/ID000294_Pedro-Pascal/Fake/02.jpg (2/10)
2026-07-31 23:07:45,631 | INFO | Q002346 | ID000294 | Fake | Partial -- only 2/10 found among 2 candidates
2026-07-31 23:07:48,128 | INFO | Q002348 | ID000294 | Fake | Saved rank 38 -> /home/amna/Real-vs-Fake/Data/Images/ID000294_Pedro-Pascal/Fake/03.jpg (3/10)
2026-07-31 23:07:48,128 | INFO | Q002348 | ID000294 | Fake | Partial -- only 3/10 found among 1 candidates
2026-07-31 23:07:53,411 | INFO | Q002353 | ID000295 | Real | Saved rank 7 -> /home/amna/Real-vs-Fake/Data/Images/ID000295_Phil-Salt/Real/01.webp (1/10)
2026-07-31 23:07:53,411 | INFO | Q002353 | ID000295 | Real | Partial -- only 1/10 found among 1 candidates
2026-07-31 23:07:56,372 | INFO | Q002355 | ID000295 | Fake | Saved rank 19 -> /home/amna/Real-vs-Fake/Data/Images/ID000295_Phil-Salt/Fake/01.png (1/10)
2026-07-31 23:07:58,326 | INFO | Q002355 | ID000295 | Fake | Saved rank 25 -> /home/amna/Real-vs-Fake/Data/Images/ID000295_Phil-Salt/Fake/02.jpg (2/10)
2026-07-31 23:07:58,326 | INFO | Q002355 | ID000295 | Fake | Partial -- only 2/10 found among 2 candidates
2026-07-31 23:08:00,513 | INFO | Q002357 | ID000295 | Fake | Saved rank 15 -> /home/amna/Real-vs-Fake/Data/Images/ID000295_Phil-Salt/Fake/03.jpg (3/10)
2026-07-31 23:08:03,338 | INFO | Q002357 | ID000295 | Fake | Saved rank 21 -> /home/amna/Real-vs-Fake/Data/Images/ID000295_Phil-Salt/Fake/04.png (4/10)
2026-07-31 23:08:03,338 | INFO | Q002357 | ID000295 | Fake | Partial -- only 4/10 found among 2 candidates
2026-07-31 23:08:04,469 | INFO | Q002361 | ID000296 | Real | Saved rank 1 -> /home/amna/Real-vs-Fake/Data/Images/ID000296_Pierce-Brosnan/Real/01.jpg (1/10)
2026-07-31 23:08:09,549 | INFO | Q002361 | ID000296 | Real | Saved rank 3 -> /home/amna/Real-vs-Fake/Data/Images/ID000296_Pierce-Brosnan/Real/02.jpg (2/10)
2026-07-31 23:08:09,550 | INFO | Q002361 | ID000296 | Real | Partial -- only 2/10 found among 2 candidates
2026-07-31 23:08:11,058 | INFO | Q002362 | ID000296 | Fake | Saved rank 26 -> /home/amna/Real-vs-Fake/Data/Images/ID000296_Pierce-Brosnan/Fake/01.jpg (1/10)
2026-07-31 23:08:13,196 | INFO | Q002362 | ID000296 | Fake | Saved rank 42 -> /home/amna/Real-vs-Fake/Data/Images/ID000296_Pierce-Brosnan/Fake/02.jpg (2/10)
2026-07-31 23:08:13,197 | INFO | Q002362 | ID000296 | Fake | Partial -- only 2/10 found among 2 candidates
2026-07-31 23:08:14,878 | INFO | Q002363 | ID000296 | Fake | Saved rank 4 -> /home/amna/Real-vs-Fake/Data/Images/ID000296_Pierce-Brosnan/Fake/03.jpg (3/10)
2026-07-31 23:08:14,879 | INFO | Q002363 | ID000296 | Fake | Partial -- only 3/10 found among 1 candidates
2026-07-31 23:08:16,607 | INFO | Q002364 | ID000296 | Fake | Saved rank 4 -> /home/amna/Real-vs-Fake/Data/Images/ID000296_Pierce-Brosnan/Fake/04.jpg (4/10)
2026-07-31 23:08:18,320 | INFO | Q002364 | ID000296 | Fake | Saved rank 9 -> /home/amna/Real-vs-Fake/Data/Images/ID000296_Pierce-Brosnan/Fake/05.jpg (5/10)
2026-07-31 23:08:18,320 | INFO | Q002364 | ID000296 | Fake | Partial -- only 5/10 found among 2 candidates
2026-07-31 23:08:26,698 | INFO | Q002365 | ID000296 | Fake | Saved rank 18 -> /home/amna/Real-vs-Fake/Data/Images/ID000296_Pierce-Brosnan/Fake/06.jpg (6/10)
2026-07-31 23:08:26,698 | INFO | Q002365 | ID000296 | Fake | Partial -- only 6/10 found among 1 candidates
2026-07-31 23:08:28,358 | INFO | Q002369 | ID000297 | Real | Saved rank 1 -> /home/amna/Real-vs-Fake/Data/Images/ID000297_Pope-Francis/Real/01.jpg (1/10)
2026-07-31 23:08:28,359 | INFO | Q002369 | ID000297 | Real | Partial -- only 1/10 found among 1 candidates
2026-07-31 23:08:30,306 | INFO | Q002378 | ID000298 | Fake | Saved rank 5 -> /home/amna/Real-vs-Fake/Data/Images/ID000298_Ralph-Fiennes/Fake/01.jpg (1/10)
2026-07-31 23:08:30,306 | INFO | Q002378 | ID000298 | Fake | Partial -- only 1/10 found among 1 candidates
2026-07-31 23:08:31,972 | INFO | Q002379 | ID000298 | Fake | Saved rank 28 -> /home/amna/Real-vs-Fake/Data/Images/ID000298_Ralph-Fiennes/Fake/02.png (2/10)
2026-07-31 23:08:31,975 | INFO | Q002379 | ID000298 | Fake | Partial -- only 2/10 found among 1 candidates
2026-07-31 23:08:33,578 | INFO | Q002380 | ID000298 | Fake | Saved rank 2 -> /home/amna/Real-vs-Fake/Data/Images/ID000298_Ralph-Fiennes/Fake/03.jpg (3/10)
2026-07-31 23:08:33,579 | INFO | Q002380 | ID000298 | Fake | Partial -- only 3/10 found among 1 candidates
2026-07-31 23:08:35,227 | INFO | Q002383 | ID000298 | Fake | Saved rank 48 -> /home/amna/Real-vs-Fake/Data/Images/ID000298_Ralph-Fiennes/Fake/04.jpg (4/10)
2026-07-31 23:08:35,227 | INFO | Q002383 | ID000298 | Fake | Partial -- only 4/10 found among 1 candidates
2026-07-31 23:08:36,959 | INFO | Q002385 | ID000299 | Real | Saved rank 1 -> /home/amna/Real-vs-Fake/Data/Images/ID000299_Reese-Witherspoon/Real/01.jpg (1/10)
2026-07-31 23:08:36,959 | INFO | Q002385 | ID000299 | Real | Partial -- only 1/10 found among 1 candidates
2026-07-31 23:08:39,155 | INFO | Q002386 | ID000299 | Fake | Saved rank 2 -> /home/amna/Real-vs-Fake/Data/Images/ID000299_Reese-Witherspoon/Fake/01.jpg (1/10)
2026-07-31 23:08:39,155 | INFO | Q002386 | ID000299 | Fake | Partial -- only 1/10 found among 1 candidates
2026-07-31 23:08:44,122 | INFO | Q002387 | ID000299 | Fake | Saved rank 3 -> /home/amna/Real-vs-Fake/Data/Images/ID000299_Reese-Witherspoon/Fake/02.jpg (2/10)
2026-07-31 23:08:44,122 | INFO | Q002387 | ID000299 | Fake | Partial -- only 2/10 found among 1 candidates
2026-07-31 23:08:45,675 | INFO | Q002388 | ID000299 | Fake | Saved rank 7 -> /home/amna/Real-vs-Fake/Data/Images/ID000299_Reese-Witherspoon/Fake/03.jpg (3/10)
2026-07-31 23:08:45,675 | INFO | Q002388 | ID000299 | Fake | Partial -- only 3/10 found among 1 candidates
2026-07-31 23:08:47,493 | INFO | Q002392 | ID000299 | Fake | Saved rank 41 -> /home/amna/Real-vs-Fake/Data/Images/ID000299_Reese-Witherspoon/Fake/04.png (4/10)
2026-07-31 23:08:47,494 | INFO | Q002392 | ID000299 | Fake | Partial -- only 4/10 found among 1 candidates
2026-07-31 23:08:49,628 | INFO | Q002393 | ID000300 | Real | Saved rank 1 -> /home/amna/Real-vs-Fake/Data/Images/ID000300_Rhett-McLaughlin/Real/01.jpg (1/10)
2026-07-31 23:08:57,734 | INFO | Q002393 | ID000300 | Real | Saved rank 3 -> /home/amna/Real-vs-Fake/Data/Images/ID000300_Rhett-McLaughlin/Real/02.jpg (2/10)
2026-07-31 23:08:57,735 | INFO | Q002393 | ID000300 | Real | Partial -- only 2/10 found among 2 candidates
2026-07-31 23:08:59,405 | INFO | Q002401 | ID000301 | Real | Saved rank 1 -> /home/amna/Real-vs-Fake/Data/Images/ID000301_Richard-Gere/Real/01.jpg (1/10)
2026-07-31 23:08:59,406 | INFO | Q002401 | ID000301 | Real | Partial -- only 1/10 found among 1 candidates
2026-07-31 23:09:00,997 | INFO | Q002402 | ID000301 | Fake | Saved rank 31 -> /home/amna/Real-vs-Fake/Data/Images/ID000301_Richard-Gere/Fake/01.jpg (1/10)
2026-07-31 23:09:00,998 | INFO | Q002402 | ID000301 | Fake | Partial -- only 1/10 found among 1 candidates
2026-07-31 23:09:02,489 | INFO | Q002403 | ID000301 | Fake | Saved rank 5 -> /home/amna/Real-vs-Fake/Data/Images/ID000301_Richard-Gere/Fake/02.jpg (2/10)
2026-07-31 23:09:02,490 | INFO | Q002403 | ID000301 | Fake | Partial -- only 2/10 found among 1 candidates
2026-07-31 23:09:05,065 | INFO | Q002404 | ID000301 | Fake | Saved rank 4 -> /home/amna/Real-vs-Fake/Data/Images/ID000301_Richard-Gere/Fake/03.jpg (3/10)
2026-07-31 23:09:05,065 | INFO | Q002404 | ID000301 | Fake | Partial -- only 3/10 found among 1 candidates
2026-07-31 23:09:06,848 | INFO | Q002407 | ID000301 | Fake | Saved rank 49 -> /home/amna/Real-vs-Fake/Data/Images/ID000301_Richard-Gere/Fake/04.jpg (4/10)
2026-07-31 23:09:06,848 | INFO | Q002407 | ID000301 | Fake | Partial -- only 4/10 found among 1 candidates
2026-07-31 23:09:08,279 | INFO | Q002408 | ID000301 | Fake | Saved rank 10 -> /home/amna/Real-vs-Fake/Data/Images/ID000301_Richard-Gere/Fake/05.jpg (5/10)
2026-07-31 23:09:08,279 | INFO | Q002408 | ID000301 | Fake | Partial -- only 5/10 found among 1 candidates
2026-07-31 23:09:10,138 | INFO | Q002409 | ID000302 | Real | Saved rank 1 -> /home/amna/Real-vs-Fake/Data/Images/ID000302_Rihanna/Real/01.png (1/10)
2026-07-31 23:09:11,647 | INFO | Q002409 | ID000302 | Real | Saved rank 3 -> /home/amna/Real-vs-Fake/Data/Images/ID000302_Rihanna/Real/02.jpg (2/10)
2026-07-31 23:09:11,647 | INFO | Q002409 | ID000302 | Real | Partial -- only 2/10 found among 2 candidates
2026-07-31 23:09:13,212 | INFO | Q002410 | ID000302 | Fake | Saved rank 16 -> /home/amna/Real-vs-Fake/Data/Images/ID000302_Rihanna/Fake/01.jpg (1/10)
2026-07-31 23:09:14,848 | INFO | Q002410 | ID000302 | Fake | Saved rank 29 -> /home/amna/Real-vs-Fake/Data/Images/ID000302_Rihanna/Fake/02.jpg (2/10)
2026-07-31 23:09:14,848 | INFO | Q002410 | ID000302 | Fake | Partial -- only 2/10 found among 2 candidates
2026-07-31 23:09:16,995 | INFO | Q002412 | ID000302 | Fake | Saved rank 36 -> /home/amna/Real-vs-Fake/Data/Images/ID000302_Rihanna/Fake/03.jpg (3/10)
2026-07-31 23:09:16,996 | INFO | Q002412 | ID000302 | Fake | Partial -- only 3/10 found among 1 candidates
2026-07-31 23:09:18,375 | INFO | Q002417 | ID000303 | Real | Saved rank 1 -> /home/amna/Real-vs-Fake/Data/Images/ID000303_Rinko-Kikuchi/Real/01.jpg (1/10)
2026-07-31 23:09:20,195 | INFO | Q002417 | ID000303 | Real | Saved rank 4 -> /home/amna/Real-vs-Fake/Data/Images/ID000303_Rinko-Kikuchi/Real/02.jpg (2/10)
2026-07-31 23:09:20,195 | INFO | Q002417 | ID000303 | Real | Partial -- only 2/10 found among 2 candidates
2026-07-31 23:09:21,649 | INFO | Q002418 | ID000303 | Fake | Saved rank 27 -> /home/amna/Real-vs-Fake/Data/Images/ID000303_Rinko-Kikuchi/Fake/01.jpg (1/10)
2026-07-31 23:09:21,650 | INFO | Q002418 | ID000303 | Fake | Partial -- only 1/10 found among 1 candidates
2026-07-31 23:09:22,929 | INFO | Q002419 | ID000303 | Fake | Saved rank 6 -> /home/amna/Real-vs-Fake/Data/Images/ID000303_Rinko-Kikuchi/Fake/02.jpg (2/10)
2026-07-31 23:09:22,929 | INFO | Q002419 | ID000303 | Fake | Partial -- only 2/10 found among 1 candidates
2026-07-31 23:09:26,106 | INFO | Q002425 | ID000304 | Real | Saved rank 1 -> /home/amna/Real-vs-Fake/Data/Images/ID000304_Robert-De-Niro/Real/01.jpg (1/10)
2026-07-31 23:09:27,560 | INFO | Q002425 | ID000304 | Real | Saved rank 2 -> /home/amna/Real-vs-Fake/Data/Images/ID000304_Robert-De-Niro/Real/02.jpg (2/10)
2026-07-31 23:09:29,703 | INFO | Q002425 | ID000304 | Real | Saved rank 3 -> /home/amna/Real-vs-Fake/Data/Images/ID000304_Robert-De-Niro/Real/03.jpg (3/10)
2026-07-31 23:09:29,703 | INFO | Q002425 | ID000304 | Real | Partial -- only 3/10 found among 3 candidates
2026-07-31 23:09:31,832 | INFO | Q002426 | ID000304 | Fake | Saved rank 1 -> /home/amna/Real-vs-Fake/Data/Images/ID000304_Robert-De-Niro/Fake/01.jpg (1/10)
2026-07-31 23:09:34,076 | INFO | Q002426 | ID000304 | Fake | Saved rank 3 -> /home/amna/Real-vs-Fake/Data/Images/ID000304_Robert-De-Niro/Fake/02.jpg (2/10)
2026-07-31 23:09:34,076 | INFO | Q002426 | ID000304 | Fake | Partial -- only 2/10 found among 2 candidates
2026-07-31 23:09:35,821 | INFO | Q002427 | ID000304 | Fake | Saved rank 4 -> /home/amna/Real-vs-Fake/Data/Images/ID000304_Robert-De-Niro/Fake/03.jpg (3/10)
2026-07-31 23:09:35,821 | INFO | Q002427 | ID000304 | Fake | Partial -- only 3/10 found among 1 candidates
2026-07-31 23:09:37,503 | INFO | Q002428 | ID000304 | Fake | Saved rank 11 -> /home/amna/Real-vs-Fake/Data/Images/ID000304_Robert-De-Niro/Fake/04.jpg (4/10)
2026-07-31 23:09:39,148 | INFO | Q002428 | ID000304 | Fake | Saved rank 49 -> /home/amna/Real-vs-Fake/Data/Images/ID000304_Robert-De-Niro/Fake/05.jpg (5/10)
2026-07-31 23:09:39,148 | INFO | Q002428 | ID000304 | Fake | Partial -- only 5/10 found among 2 candidates
2026-07-31 23:09:40,963 | INFO | Q002433 | ID000305 | Real | Saved rank 1 -> /home/amna/Real-vs-Fake/Data/Images/ID000305_Robert-Downey-Jr/Real/01.jpg (1/10)
2026-07-31 23:09:45,822 | INFO | Q002433 | ID000305 | Real | Saved rank 2 -> /home/amna/Real-vs-Fake/Data/Images/ID000305_Robert-Downey-Jr/Real/02.png (2/10)
2026-07-31 23:09:47,770 | INFO | Q002433 | ID000305 | Real | Saved rank 3 -> /home/amna/Real-vs-Fake/Data/Images/ID000305_Robert-Downey-Jr/Real/03.jpg (3/10)
2026-07-31 23:09:47,770 | INFO | Q002433 | ID000305 | Real | Partial -- only 3/10 found among 3 candidates
2026-07-31 23:09:49,050 | INFO | Q002434 | ID000305 | Fake | Saved rank 3 -> /home/amna/Real-vs-Fake/Data/Images/ID000305_Robert-Downey-Jr/Fake/01.jpg (1/10)
2026-07-31 23:09:50,190 | INFO | Q002434 | ID000305 | Fake | Saved rank 4 -> /home/amna/Real-vs-Fake/Data/Images/ID000305_Robert-Downey-Jr/Fake/02.jpg (2/10)
2026-07-31 23:09:51,828 | INFO | Q002434 | ID000305 | Fake | Saved rank 10 -> /home/amna/Real-vs-Fake/Data/Images/ID000305_Robert-Downey-Jr/Fake/03.jpg (3/10)
2026-07-31 23:09:51,829 | INFO | Q002434 | ID000305 | Fake | Partial -- only 3/10 found among 3 candidates
2026-07-31 23:10:03,234 | INFO | Q002435 | ID000305 | Fake | Saved rank 1 -> /home/amna/Real-vs-Fake/Data/Images/ID000305_Robert-Downey-Jr/Fake/04.png (4/10)
2026-07-31 23:10:03,234 | INFO | Q002435 | ID000305 | Fake | Partial -- only 4/10 found among 1 candidates
2026-07-31 23:10:06,245 | INFO | Q002441 | ID000306 | Real | Saved rank 2 -> /home/amna/Real-vs-Fake/Data/Images/ID000306_Robert-Duvall/Real/01.jpg (1/10)
2026-07-31 23:10:06,245 | INFO | Q002441 | ID000306 | Real | Partial -- only 1/10 found among 1 candidates
2026-07-31 23:10:07,925 | INFO | Q002443 | ID000306 | Fake | Saved rank 37 -> /home/amna/Real-vs-Fake/Data/Images/ID000306_Robert-Duvall/Fake/01.jpg (1/10)
2026-07-31 23:10:07,925 | INFO | Q002443 | ID000306 | Fake | Partial -- only 1/10 found among 1 candidates
2026-07-31 23:10:15,619 | INFO | Q002449 | ID000307 | Real | Saved rank 3 -> /home/amna/Real-vs-Fake/Data/Images/ID000307_Robert-Englund/Real/01.jpg (1/10)
2026-07-31 23:10:15,620 | INFO | Q002449 | ID000307 | Real | Partial -- only 1/10 found among 1 candidates
2026-07-31 23:10:16,975 | INFO | Q002452 | ID000307 | Fake | Saved rank 8 -> /home/amna/Real-vs-Fake/Data/Images/ID000307_Robert-Englund/Fake/01.jpg (1/10)
2026-07-31 23:10:16,975 | INFO | Q002452 | ID000307 | Fake | Partial -- only 1/10 found among 1 candidates
2026-07-31 23:10:18,538 | INFO | Q002456 | ID000307 | Fake | Saved rank 29 -> /home/amna/Real-vs-Fake/Data/Images/ID000307_Robert-Englund/Fake/02.png (2/10)
2026-07-31 23:10:18,539 | INFO | Q002456 | ID000307 | Fake | Partial -- only 2/10 found among 1 candidates
2026-07-31 23:10:19,915 | INFO | Q002457 | ID000308 | Real | Saved rank 1 -> /home/amna/Real-vs-Fake/Data/Images/ID000308_Robert-Redford/Real/01.jpg (1/10)
2026-07-31 23:10:21,473 | INFO | Q002457 | ID000308 | Real | Saved rank 2 -> /home/amna/Real-vs-Fake/Data/Images/ID000308_Robert-Redford/Real/02.jpg (2/10)
2026-07-31 23:10:28,100 | INFO | Q002457 | ID000308 | Real | Saved rank 3 -> /home/amna/Real-vs-Fake/Data/Images/ID000308_Robert-Redford/Real/03.jpg (3/10)
2026-07-31 23:10:28,101 | INFO | Q002457 | ID000308 | Real | Partial -- only 3/10 found among 3 candidates
2026-07-31 23:10:30,147 | INFO | Q002459 | ID000308 | Fake | Saved rank 9 -> /home/amna/Real-vs-Fake/Data/Images/ID000308_Robert-Redford/Fake/01.jpg (1/10)
2026-07-31 23:10:30,148 | INFO | Q002459 | ID000308 | Fake | Partial -- only 1/10 found among 1 candidates
2026-07-31 23:10:31,908 | INFO | Q002460 | ID000308 | Fake | Saved rank 4 -> /home/amna/Real-vs-Fake/Data/Images/ID000308_Robert-Redford/Fake/02.jpg (2/10)
2026-07-31 23:10:33,578 | INFO | Q002460 | ID000308 | Fake | Saved rank 6 -> /home/amna/Real-vs-Fake/Data/Images/ID000308_Robert-Redford/Fake/03.jpg (3/10)
2026-07-31 23:10:33,579 | INFO | Q002460 | ID000308 | Fake | Partial -- only 3/10 found among 2 candidates
2026-07-31 23:10:39,185 | INFO | Q002465 | ID000309 | Real | Saved rank 2 -> /home/amna/Real-vs-Fake/Data/Images/ID000309_Roberto-Benigni/Real/01.jpg (1/10)
2026-07-31 23:10:39,185 | INFO | Q002465 | ID000309 | Real | Partial -- only 1/10 found among 1 candidates
2026-07-31 23:10:40,765 | INFO | Q002468 | ID000309 | Fake | Saved rank 19 -> /home/amna/Real-vs-Fake/Data/Images/ID000309_Roberto-Benigni/Fake/01.jpg (1/10)
2026-07-31 23:10:40,766 | INFO | Q002468 | ID000309 | Fake | Partial -- only 1/10 found among 1 candidates
2026-07-31 23:10:42,802 | INFO | Q002473 | ID000310 | Real | Saved rank 4 -> /home/amna/Real-vs-Fake/Data/Images/ID000310_Roger-Moore/Real/01.jpg (1/10)
2026-07-31 23:10:42,802 | INFO | Q002473 | ID000310 | Real | Partial -- only 1/10 found among 1 candidates
2026-07-31 23:10:45,615 | INFO | Q002474 | ID000310 | Fake | Saved rank 28 -> /home/amna/Real-vs-Fake/Data/Images/ID000310_Roger-Moore/Fake/01.jpg (1/10)
2026-07-31 23:10:45,616 | INFO | Q002474 | ID000310 | Fake | Partial -- only 1/10 found among 1 candidates
2026-07-31 23:10:47,477 | INFO | Q002475 | ID000310 | Fake | Saved rank 14 -> /home/amna/Real-vs-Fake/Data/Images/ID000310_Roger-Moore/Fake/02.jpg (2/10)
2026-07-31 23:10:47,477 | INFO | Q002475 | ID000310 | Fake | Partial -- only 2/10 found among 1 candidates
2026-07-31 23:10:49,340 | INFO | Q002476 | ID000310 | Fake | Saved rank 3 -> /home/amna/Real-vs-Fake/Data/Images/ID000310_Roger-Moore/Fake/03.jpg (3/10)
2026-07-31 23:10:49,340 | INFO | Q002476 | ID000310 | Fake | Partial -- only 3/10 found among 1 candidates
2026-07-31 23:10:50,701 | INFO | Q002477 | ID000310 | Fake | Saved rank 36 -> /home/amna/Real-vs-Fake/Data/Images/ID000310_Roger-Moore/Fake/04.jpg (4/10)
2026-07-31 23:10:50,704 | INFO | Q002477 | ID000310 | Fake | Partial -- only 4/10 found among 1 candidates
2026-07-31 23:10:56,673 | INFO | Q002481 | ID000311 | Real | Saved rank 1 -> /home/amna/Real-vs-Fake/Data/Images/ID000311_Rohit-Paudel/Real/01.jpg (1/10)
2026-07-31 23:10:57,782 | INFO | Q002481 | ID000311 | Real | Saved rank 2 -> /home/amna/Real-vs-Fake/Data/Images/ID000311_Rohit-Paudel/Real/02.webp (2/10)
2026-07-31 23:11:00,027 | INFO | Q002481 | ID000311 | Real | Saved rank 3 -> /home/amna/Real-vs-Fake/Data/Images/ID000311_Rohit-Paudel/Real/03.png (3/10)
2026-07-31 23:11:00,027 | INFO | Q002481 | ID000311 | Real | Partial -- only 3/10 found among 3 candidates
2026-07-31 23:11:01,475 | INFO | Q002489 | ID000312 | Real | Saved rank 1 -> /home/amna/Real-vs-Fake/Data/Images/ID000312_Romain-Duris/Real/01.jpg (1/10)
2026-07-31 23:11:03,755 | INFO | Q002489 | ID000312 | Real | Saved rank 2 -> /home/amna/Real-vs-Fake/Data/Images/ID000312_Romain-Duris/Real/02.jpg (2/10)
2026-07-31 23:11:03,755 | INFO | Q002489 | ID000312 | Real | Partial -- only 2/10 found among 2 candidates
2026-07-31 23:11:04,977 | INFO | Q002491 | ID000312 | Fake | Saved rank 21 -> /home/amna/Real-vs-Fake/Data/Images/ID000312_Romain-Duris/Fake/01.jpg (1/10)
2026-07-31 23:11:06,262 | INFO | Q002491 | ID000312 | Fake | Saved rank 23 -> /home/amna/Real-vs-Fake/Data/Images/ID000312_Romain-Duris/Fake/02.jpg (2/10)
2026-07-31 23:11:06,263 | INFO | Q002491 | ID000312 | Fake | Partial -- only 2/10 found among 2 candidates
2026-07-31 23:11:07,687 | INFO | Q002497 | ID000313 | Real | Saved rank 1 -> /home/amna/Real-vs-Fake/Data/Images/ID000313_Ronaldo-Nazario/Real/01.jpg (1/10)
2026-07-31 23:11:09,310 | INFO | Q002497 | ID000313 | Real | Saved rank 2 -> /home/amna/Real-vs-Fake/Data/Images/ID000313_Ronaldo-Nazario/Real/02.jpg (2/10)
2026-07-31 23:11:15,523 | INFO | Q002497 | ID000313 | Real | Saved rank 4 -> /home/amna/Real-vs-Fake/Data/Images/ID000313_Ronaldo-Nazario/Real/03.jpg (3/10)
2026-07-31 23:11:15,523 | INFO | Q002497 | ID000313 | Real | Partial -- only 3/10 found among 3 candidates
2026-07-31 23:11:17,294 | INFO | Q002498 | ID000313 | Fake | Saved rank 3 -> /home/amna/Real-vs-Fake/Data/Images/ID000313_Ronaldo-Nazario/Fake/01.jpg (1/10)
2026-07-31 23:11:19,127 | INFO | Q002498 | ID000313 | Fake | Saved rank 5 -> /home/amna/Real-vs-Fake/Data/Images/ID000313_Ronaldo-Nazario/Fake/02.jpg (2/10)
2026-07-31 23:11:20,862 | INFO | Q002498 | ID000313 | Fake | Saved rank 7 -> /home/amna/Real-vs-Fake/Data/Images/ID000313_Ronaldo-Nazario/Fake/03.jpg (3/10)
2026-07-31 23:11:20,865 | INFO | Q002498 | ID000313 | Fake | Partial -- only 3/10 found among 3 candidates
2026-07-31 23:11:22,567 | INFO | Q002505 | ID000314 | Real | Saved rank 1 -> /home/amna/Real-vs-Fake/Data/Images/ID000314_Rooney-Mara/Real/01.jpg (1/10)
2026-07-31 23:11:24,230 | INFO | Q002505 | ID000314 | Real | Saved rank 3 -> /home/amna/Real-vs-Fake/Data/Images/ID000314_Rooney-Mara/Real/02.jpg (2/10)
2026-07-31 23:11:24,230 | INFO | Q002505 | ID000314 | Real | Partial -- only 2/10 found among 2 candidates
2026-07-31 23:11:25,868 | INFO | Q002508 | ID000314 | Fake | Saved rank 2 -> /home/amna/Real-vs-Fake/Data/Images/ID000314_Rooney-Mara/Fake/01.jpg (1/10)
2026-07-31 23:11:27,574 | INFO | Q002508 | ID000314 | Fake | Saved rank 19 -> /home/amna/Real-vs-Fake/Data/Images/ID000314_Rooney-Mara/Fake/02.jpg (2/10)
2026-07-31 23:11:27,574 | INFO | Q002508 | ID000314 | Fake | Partial -- only 2/10 found among 2 candidates
2026-07-31 23:11:29,318 | INFO | Q002512 | ID000314 | Fake | Saved rank 30 -> /home/amna/Real-vs-Fake/Data/Images/ID000314_Rooney-Mara/Fake/03.png (3/10)
2026-07-31 23:11:31,322 | INFO | Q002512 | ID000314 | Fake | Saved rank 35 -> /home/amna/Real-vs-Fake/Data/Images/ID000314_Rooney-Mara/Fake/04.png (4/10)
2026-07-31 23:11:31,323 | INFO | Q002512 | ID000314 | Fake | Partial -- only 4/10 found among 2 candidates
2026-07-31 23:11:32,656 | INFO | Q002513 | ID000315 | Real | rank 1 failed (http_429), trying next candidate
2026-07-31 23:11:34,092 | INFO | Q002513 | ID000315 | Real | Saved rank 2 -> /home/amna/Real-vs-Fake/Data/Images/ID000315_Rosario-Dawson/Real/01.jpg (1/10)
2026-07-31 23:11:37,624 | INFO | Q002513 | ID000315 | Real | Saved rank 3 -> /home/amna/Real-vs-Fake/Data/Images/ID000315_Rosario-Dawson/Real/02.jpg (2/10)
2026-07-31 23:11:37,625 | INFO | Q002513 | ID000315 | Real | Partial -- only 2/10 found among 3 candidates
2026-07-31 23:11:39,733 | INFO | Q002514 | ID000315 | Fake | Saved rank 49 -> /home/amna/Real-vs-Fake/Data/Images/ID000315_Rosario-Dawson/Fake/01.jpg (1/10)
2026-07-31 23:11:39,734 | INFO | Q002514 | ID000315 | Fake | Partial -- only 1/10 found among 1 candidates
2026-07-31 23:11:41,961 | INFO | Q002515 | ID000315 | Fake | Saved rank 2 -> /home/amna/Real-vs-Fake/Data/Images/ID000315_Rosario-Dawson/Fake/02.jpg (2/10)
2026-07-31 23:11:41,962 | INFO | Q002515 | ID000315 | Fake | Partial -- only 2/10 found among 1 candidates
2026-07-31 23:11:45,794 | INFO | Q002516 | ID000315 | Fake | Saved rank 5 -> /home/amna/Real-vs-Fake/Data/Images/ID000315_Rosario-Dawson/Fake/03.jpg (3/10)
2026-07-31 23:11:45,794 | INFO | Q002516 | ID000315 | Fake | Partial -- only 3/10 found among 1 candidates
2026-07-31 23:11:47,280 | INFO | Q002521 | ID000316 | Real | Saved rank 1 -> /home/amna/Real-vs-Fake/Data/Images/ID000316_Rose-Byrne/Real/01.jpg (1/10)
2026-07-31 23:11:48,725 | INFO | Q002521 | ID000316 | Real | Saved rank 2 -> /home/amna/Real-vs-Fake/Data/Images/ID000316_Rose-Byrne/Real/02.jpg (2/10)
2026-07-31 23:11:48,725 | INFO | Q002521 | ID000316 | Real | Partial -- only 2/10 found among 2 candidates
2026-07-31 23:11:50,550 | INFO | Q002524 | ID000316 | Fake | Saved rank 2 -> /home/amna/Real-vs-Fake/Data/Images/ID000316_Rose-Byrne/Fake/01.jpg (1/10)
2026-07-31 23:11:50,551 | INFO | Q002524 | ID000316 | Fake | Partial -- only 1/10 found among 1 candidates
2026-07-31 23:11:50,552 | INFO | ============================================================
2026-07-31 23:11:50,552 | INFO | STEP 4 RUN COMPLETE
2026-07-31 23:11:50,553 | INFO | Success (target reached) : 0
2026-07-31 23:11:50,553 | INFO | Partial (some, not all)  : 92
2026-07-31 23:11:50,553 | INFO | Discarded (no image)     : 0
2026-07-31 23:11:50,553 | INFO | Errors (will retry)      : 0
2026-07-31 23:11:50,553 | INFO | Remaining                : 0
2026-07-31 23:11:50,554 | INFO | ============================================================
2026-07-31 23:33:05,376 | INFO | Loaded 391 PAIRED identities from identity_pairing_report.csv
2026-07-31 23:33:05,549 | INFO | ============================================================
2026-07-31 23:33:05,549 | INFO | STEP 4 START (Image Download, paired identities only)
2026-07-31 23:33:05,549 | INFO | Paired identities          : 391
2026-07-31 23:33:05,549 | INFO | Unpaired identities skipped: 6
2026-07-31 23:33:05,549 | INFO | Total identity/type groups : 1018
2026-07-31 23:33:05,549 | INFO | Already completed          : 610
2026-07-31 23:33:05,549 | INFO | Remaining pending          : 90
2026-07-31 23:33:05,549 | INFO | Groups this run            : 90
2026-07-31 23:33:05,549 | INFO | ============================================================
2026-07-31 23:33:07,734 | INFO | Q002529 | ID000317 | Real | Saved rank 1 -> /home/amna/Real-vs-Fake/Data/Images/ID000317_Rupert-Grint/Real/01.jpg (1/10)
2026-07-31 23:33:09,955 | INFO | Q002529 | ID000317 | Real | Saved rank 2 -> /home/amna/Real-vs-Fake/Data/Images/ID000317_Rupert-Grint/Real/02.jpg (2/10)
2026-07-31 23:33:09,955 | INFO | Q002529 | ID000317 | Real | Partial -- only 2/10 found among 2 candidates
2026-07-31 23:33:19,376 | INFO | Q002530 | ID000317 | Fake | Saved rank 48 -> /home/amna/Real-vs-Fake/Data/Images/ID000317_Rupert-Grint/Fake/01.jpg (1/10)
2026-07-31 23:33:19,377 | INFO | Q002530 | ID000317 | Fake | Partial -- only 1/10 found among 1 candidates
2026-07-31 23:33:20,618 | INFO | Q002531 | ID000317 | Fake | Saved rank 49 -> /home/amna/Real-vs-Fake/Data/Images/ID000317_Rupert-Grint/Fake/02.png (2/10)
2026-07-31 23:33:20,618 | INFO | Q002531 | ID000317 | Fake | Partial -- only 2/10 found among 1 candidates
2026-07-31 23:33:22,126 | INFO | Q002532 | ID000317 | Fake | Saved rank 13 -> /home/amna/Real-vs-Fake/Data/Images/ID000317_Rupert-Grint/Fake/03.jpg (3/10)
2026-07-31 23:33:22,126 | INFO | Q002532 | ID000317 | Fake | Partial -- only 3/10 found among 1 candidates
2026-07-31 23:33:23,836 | INFO | Q002535 | ID000317 | Fake | Saved rank 44 -> /home/amna/Real-vs-Fake/Data/Images/ID000317_Rupert-Grint/Fake/04.jpg (4/10)
2026-07-31 23:33:23,837 | INFO | Q002535 | ID000317 | Fake | Partial -- only 4/10 found among 1 candidates
2026-07-31 23:33:26,194 | INFO | Q002537 | ID000318 | Real | Saved rank 2 -> /home/amna/Real-vs-Fake/Data/Images/ID000318_Russell-Crowe/Real/01.jpg (1/10)
2026-07-31 23:33:26,195 | INFO | Q002537 | ID000318 | Real | Partial -- only 1/10 found among 1 candidates
2026-07-31 23:33:27,916 | INFO | Q002538 | ID000318 | Fake | Saved rank 7 -> /home/amna/Real-vs-Fake/Data/Images/ID000318_Russell-Crowe/Fake/01.jpg (1/10)
2026-07-31 23:33:29,613 | INFO | Q002538 | ID000318 | Fake | Saved rank 11 -> /home/amna/Real-vs-Fake/Data/Images/ID000318_Russell-Crowe/Fake/02.jpg (2/10)
2026-07-31 23:33:29,613 | INFO | Q002538 | ID000318 | Fake | Partial -- only 2/10 found among 2 candidates
2026-07-31 23:33:31,202 | INFO | Q002539 | ID000318 | Fake | Saved rank 2 -> /home/amna/Real-vs-Fake/Data/Images/ID000318_Russell-Crowe/Fake/03.jpg (3/10)
2026-07-31 23:33:37,105 | INFO | Q002539 | ID000318 | Fake | Saved rank 43 -> /home/amna/Real-vs-Fake/Data/Images/ID000318_Russell-Crowe/Fake/04.jpg (4/10)
2026-07-31 23:33:37,106 | INFO | Q002539 | ID000318 | Fake | Partial -- only 4/10 found among 2 candidates
2026-07-31 23:33:38,720 | INFO | Q002540 | ID000318 | Fake | Saved rank 6 -> /home/amna/Real-vs-Fake/Data/Images/ID000318_Russell-Crowe/Fake/05.jpg (5/10)
2026-07-31 23:33:38,720 | INFO | Q002540 | ID000318 | Fake | Partial -- only 5/10 found among 1 candidates
2026-07-31 23:33:40,268 | INFO | Q002541 | ID000318 | Fake | Saved rank 2 -> /home/amna/Real-vs-Fake/Data/Images/ID000318_Russell-Crowe/Fake/06.png (6/10)
2026-07-31 23:33:40,269 | INFO | Q002541 | ID000318 | Fake | Partial -- only 6/10 found among 1 candidates
2026-07-31 23:33:41,883 | INFO | Q002545 | ID000319 | Real | Saved rank 1 -> /home/amna/Real-vs-Fake/Data/Images/ID000319_Sally-Field/Real/01.jpg (1/10)
2026-07-31 23:33:43,640 | INFO | Q002545 | ID000319 | Real | Saved rank 2 -> /home/amna/Real-vs-Fake/Data/Images/ID000319_Sally-Field/Real/02.jpg (2/10)
2026-07-31 23:33:45,331 | INFO | Q002545 | ID000319 | Real | Saved rank 3 -> /home/amna/Real-vs-Fake/Data/Images/ID000319_Sally-Field/Real/03.jpg (3/10)
2026-07-31 23:33:45,331 | INFO | Q002545 | ID000319 | Real | Partial -- only 3/10 found among 3 candidates
2026-07-31 23:33:47,272 | INFO | Q002546 | ID000319 | Fake | Saved rank 1 -> /home/amna/Real-vs-Fake/Data/Images/ID000319_Sally-Field/Fake/01.jpg (1/10)
2026-07-31 23:33:49,367 | INFO | Q002546 | ID000319 | Fake | Saved rank 2 -> /home/amna/Real-vs-Fake/Data/Images/ID000319_Sally-Field/Fake/02.jpg (2/10)
2026-07-31 23:33:50,856 | INFO | Q002546 | ID000319 | Fake | Saved rank 4 -> /home/amna/Real-vs-Fake/Data/Images/ID000319_Sally-Field/Fake/03.jpg (3/10)
2026-07-31 23:33:50,856 | INFO | Q002546 | ID000319 | Fake | Partial -- only 3/10 found among 3 candidates
2026-07-31 23:33:52,476 | INFO | Q002548 | ID000319 | Fake | Saved rank 5 -> /home/amna/Real-vs-Fake/Data/Images/ID000319_Sally-Field/Fake/04.jpg (4/10)
2026-07-31 23:33:52,477 | INFO | Q002548 | ID000319 | Fake | Partial -- only 4/10 found among 1 candidates
2026-07-31 23:33:53,959 | INFO | Q002553 | ID000320 | Real | Saved rank 1 -> /home/amna/Real-vs-Fake/Data/Images/ID000320_Salma-Hayek/Real/01.jpg (1/10)
2026-07-31 23:33:55,454 | INFO | Q002553 | ID000320 | Real | Saved rank 3 -> /home/amna/Real-vs-Fake/Data/Images/ID000320_Salma-Hayek/Real/02.jpg (2/10)
2026-07-31 23:33:55,454 | INFO | Q002553 | ID000320 | Real | Partial -- only 2/10 found among 2 candidates
2026-07-31 23:33:57,322 | INFO | Q002554 | ID000320 | Fake | Saved rank 12 -> /home/amna/Real-vs-Fake/Data/Images/ID000320_Salma-Hayek/Fake/01.jpg (1/10)
2026-07-31 23:33:57,327 | INFO | Q002554 | ID000320 | Fake | Partial -- only 1/10 found among 1 candidates
2026-07-31 23:33:59,203 | INFO | Q002555 | ID000320 | Fake | Saved rank 1 -> /home/amna/Real-vs-Fake/Data/Images/ID000320_Salma-Hayek/Fake/02.jpg (2/10)
2026-07-31 23:34:01,101 | INFO | Q002555 | ID000320 | Fake | Saved rank 22 -> /home/amna/Real-vs-Fake/Data/Images/ID000320_Salma-Hayek/Fake/03.jpg (3/10)
2026-07-31 23:34:03,654 | INFO | Q002555 | ID000320 | Fake | Saved rank 32 -> /home/amna/Real-vs-Fake/Data/Images/ID000320_Salma-Hayek/Fake/04.jpg (4/10)
2026-07-31 23:34:03,654 | INFO | Q002555 | ID000320 | Fake | Partial -- only 4/10 found among 3 candidates
2026-07-31 23:34:05,528 | INFO | Q002556 | ID000320 | Fake | Saved rank 7 -> /home/amna/Real-vs-Fake/Data/Images/ID000320_Salma-Hayek/Fake/05.jpg (5/10)
2026-07-31 23:34:05,528 | INFO | Q002556 | ID000320 | Fake | Partial -- only 5/10 found among 1 candidates
2026-07-31 23:34:07,215 | INFO | Q002557 | ID000320 | Fake | Saved rank 48 -> /home/amna/Real-vs-Fake/Data/Images/ID000320_Salma-Hayek/Fake/06.jpg (6/10)
2026-07-31 23:34:07,215 | INFO | Q002557 | ID000320 | Fake | Partial -- only 6/10 found among 1 candidates
2026-07-31 23:34:08,771 | INFO | Q002561 | ID000321 | Real | Saved rank 2 -> /home/amna/Real-vs-Fake/Data/Images/ID000321_Sam-Rockwell/Real/01.jpg (1/10)
2026-07-31 23:34:08,772 | INFO | Q002561 | ID000321 | Real | Partial -- only 1/10 found among 1 candidates
2026-07-31 23:34:10,411 | INFO | Q002568 | ID000321 | Fake | Saved rank 21 -> /home/amna/Real-vs-Fake/Data/Images/ID000321_Sam-Rockwell/Fake/01.jpg (1/10)
2026-07-31 23:34:11,860 | INFO | Q002568 | ID000321 | Fake | Saved rank 25 -> /home/amna/Real-vs-Fake/Data/Images/ID000321_Sam-Rockwell/Fake/02.jpg (2/10)
2026-07-31 23:34:11,860 | INFO | Q002568 | ID000321 | Fake | Partial -- only 2/10 found among 2 candidates
2026-07-31 23:34:13,308 | INFO | Q002569 | ID000322 | Real | Saved rank 1 -> /home/amna/Real-vs-Fake/Data/Images/ID000322_Sanna-Marin/Real/01.jpg (1/10)
2026-07-31 23:34:23,677 | INFO | Q002569 | ID000322 | Real | rank 2 failed (request_error: HTTPSConnectionPool(host='static01.nyt.com', port=443): Max retries exceeded with url: /images/2025/11/18/multimedia/00Int-Finland-PM-profile-01-hgmz/00Int-Finland-PM-profile-01-hgmz-articleLarge.jpg?quality=75&auto=webp&disable=upscale (Caused by NewConnectionError('<urllib3.connection.HTTPSConnection object at 0x7d6e70dffe80>: Failed to establish a new connection: [Errno -2] Name or service not known'))), trying next candidate
2026-07-31 23:34:25,215 | INFO | Q002569 | ID000322 | Real | Saved rank 3 -> /home/amna/Real-vs-Fake/Data/Images/ID000322_Sanna-Marin/Real/02.jpg (2/10)
2026-07-31 23:34:25,215 | INFO | Q002569 | ID000322 | Real | Partial -- only 2/10 found among 3 candidates
2026-07-31 23:34:27,151 | INFO | Q002570 | ID000322 | Fake | Saved rank 1 -> /home/amna/Real-vs-Fake/Data/Images/ID000322_Sanna-Marin/Fake/01.jpg (1/10)
2026-07-31 23:34:28,825 | INFO | Q002570 | ID000322 | Fake | Saved rank 4 -> /home/amna/Real-vs-Fake/Data/Images/ID000322_Sanna-Marin/Fake/02.jpg (2/10)
2026-07-31 23:34:28,825 | INFO | Q002570 | ID000322 | Fake | Partial -- only 2/10 found among 2 candidates
2026-07-31 23:34:34,621 | INFO | Q002573 | ID000322 | Fake | Saved rank 47 -> /home/amna/Real-vs-Fake/Data/Images/ID000322_Sanna-Marin/Fake/03.jpg (3/10)
2026-07-31 23:34:34,622 | INFO | Q002573 | ID000322 | Fake | Partial -- only 3/10 found among 1 candidates
2026-07-31 23:34:36,986 | INFO | Q002577 | ID000323 | Real | Saved rank 1 -> /home/amna/Real-vs-Fake/Data/Images/ID000323_Sarah-Michelle-Gellar/Real/01.jpg (1/10)
2026-07-31 23:34:38,771 | INFO | Q002577 | ID000323 | Real | Saved rank 3 -> /home/amna/Real-vs-Fake/Data/Images/ID000323_Sarah-Michelle-Gellar/Real/02.jpg (2/10)
2026-07-31 23:34:38,773 | INFO | Q002577 | ID000323 | Real | Partial -- only 2/10 found among 2 candidates
2026-07-31 23:34:41,385 | INFO | Q002578 | ID000323 | Fake | Saved rank 1 -> /home/amna/Real-vs-Fake/Data/Images/ID000323_Sarah-Michelle-Gellar/Fake/01.jpg (1/10)
2026-07-31 23:34:41,385 | INFO | Q002578 | ID000323 | Fake | Partial -- only 1/10 found among 1 candidates
2026-07-31 23:34:42,992 | INFO | Q002580 | ID000323 | Fake | Saved rank 1 -> /home/amna/Real-vs-Fake/Data/Images/ID000323_Sarah-Michelle-Gellar/Fake/02.jpg (2/10)
2026-07-31 23:34:42,993 | INFO | Q002580 | ID000323 | Fake | Partial -- only 2/10 found among 1 candidates
2026-07-31 23:34:44,698 | INFO | Q002583 | ID000323 | Fake | Saved rank 3 -> /home/amna/Real-vs-Fake/Data/Images/ID000323_Sarah-Michelle-Gellar/Fake/03.jpg (3/10)
2026-07-31 23:34:46,203 | INFO | Q002583 | ID000323 | Fake | Saved rank 5 -> /home/amna/Real-vs-Fake/Data/Images/ID000323_Sarah-Michelle-Gellar/Fake/04.jpg (4/10)
2026-07-31 23:34:46,203 | INFO | Q002583 | ID000323 | Fake | Partial -- only 4/10 found among 2 candidates
2026-07-31 23:34:47,933 | INFO | Q002585 | ID000324 | Real | Saved rank 1 -> /home/amna/Real-vs-Fake/Data/Images/ID000324_Sean-Penn/Real/01.jpg (1/10)
2026-07-31 23:34:49,764 | INFO | Q002585 | ID000324 | Real | Saved rank 3 -> /home/amna/Real-vs-Fake/Data/Images/ID000324_Sean-Penn/Real/02.jpg (2/10)
2026-07-31 23:34:49,765 | INFO | Q002585 | ID000324 | Real | Partial -- only 2/10 found among 2 candidates
2026-07-31 23:34:51,382 | INFO | Q002591 | ID000324 | Fake | Saved rank 33 -> /home/amna/Real-vs-Fake/Data/Images/ID000324_Sean-Penn/Fake/01.jpg (1/10)
2026-07-31 23:34:51,382 | INFO | Q002591 | ID000324 | Fake | Partial -- only 1/10 found among 1 candidates
2026-07-31 23:34:52,940 | INFO | Q002592 | ID000324 | Fake | Saved rank 37 -> /home/amna/Real-vs-Fake/Data/Images/ID000324_Sean-Penn/Fake/02.png (2/10)
2026-07-31 23:34:54,395 | INFO | Q002592 | ID000324 | Fake | Saved rank 39 -> /home/amna/Real-vs-Fake/Data/Images/ID000324_Sean-Penn/Fake/03.jpg (3/10)
2026-07-31 23:34:54,706 | INFO | Q002592 | ID000324 | Fake | Partial -- only 3/10 found among 2 candidates
2026-07-31 23:34:56,379 | INFO | Q002593 | ID000325 | Real | Saved rank 8 -> /home/amna/Real-vs-Fake/Data/Images/ID000325_Sediqullah-Atal/Real/01.webp (1/10)
2026-07-31 23:34:56,379 | INFO | Q002593 | ID000325 | Real | Partial -- only 1/10 found among 1 candidates
2026-07-31 23:34:57,978 | INFO | Q002601 | ID000326 | Real | Saved rank 3 -> /home/amna/Real-vs-Fake/Data/Images/ID000326_Seerna-William/Real/01.jpg (1/10)
2026-07-31 23:34:57,978 | INFO | Q002601 | ID000326 | Real | Partial -- only 1/10 found among 1 candidates
2026-07-31 23:34:59,806 | INFO | Q002603 | ID000326 | Fake | Saved rank 37 -> /home/amna/Real-vs-Fake/Data/Images/ID000326_Seerna-William/Fake/01.png (1/10)
2026-07-31 23:35:01,373 | INFO | Q002603 | ID000326 | Fake | Saved rank 41 -> /home/amna/Real-vs-Fake/Data/Images/ID000326_Seerna-William/Fake/02.jpg (2/10)
2026-07-31 23:35:03,040 | INFO | Q002603 | ID000326 | Fake | Saved rank 47 -> /home/amna/Real-vs-Fake/Data/Images/ID000326_Seerna-William/Fake/03.jpg (3/10)
2026-07-31 23:35:03,041 | INFO | Q002603 | ID000326 | Fake | Partial -- only 3/10 found among 3 candidates
2026-07-31 23:35:04,746 | INFO | Q002605 | ID000326 | Fake | Saved rank 27 -> /home/amna/Real-vs-Fake/Data/Images/ID000326_Seerna-William/Fake/04.jpg (4/10)
2026-07-31 23:35:04,746 | INFO | Q002605 | ID000326 | Fake | Partial -- only 4/10 found among 1 candidates
2026-07-31 23:35:06,585 | INFO | Q002609 | ID000327 | Real | Saved rank 1 -> /home/amna/Real-vs-Fake/Data/Images/ID000327_Selena-Gomez/Real/01.jpg (1/10)
2026-07-31 23:35:08,039 | INFO | Q002609 | ID000327 | Real | Saved rank 5 -> /home/amna/Real-vs-Fake/Data/Images/ID000327_Selena-Gomez/Real/02.jpg (2/10)
2026-07-31 23:35:09,822 | INFO | Q002609 | ID000327 | Real | Saved rank 6 -> /home/amna/Real-vs-Fake/Data/Images/ID000327_Selena-Gomez/Real/03.jpg (3/10)
2026-07-31 23:35:09,823 | INFO | Q002609 | ID000327 | Real | Partial -- only 3/10 found among 3 candidates
2026-07-31 23:35:11,825 | INFO | Q002610 | ID000327 | Fake | Saved rank 3 -> /home/amna/Real-vs-Fake/Data/Images/ID000327_Selena-Gomez/Fake/01.png (1/10)
2026-07-31 23:35:11,847 | INFO | Q002610 | ID000327 | Fake | Partial -- only 1/10 found among 1 candidates
2026-07-31 23:35:13,624 | INFO | Q002611 | ID000327 | Fake | Saved rank 2 -> /home/amna/Real-vs-Fake/Data/Images/ID000327_Selena-Gomez/Fake/02.jpg (2/10)
2026-07-31 23:35:14,780 | INFO | Q002611 | ID000327 | Fake | Saved rank 19 -> /home/amna/Real-vs-Fake/Data/Images/ID000327_Selena-Gomez/Fake/03.jpg (3/10)
2026-07-31 23:35:14,780 | INFO | Q002611 | ID000327 | Fake | Partial -- only 3/10 found among 2 candidates
2026-07-31 23:35:16,820 | INFO | Q002612 | ID000327 | Fake | Saved rank 10 -> /home/amna/Real-vs-Fake/Data/Images/ID000327_Selena-Gomez/Fake/04.jpg (4/10)
2026-07-31 23:35:18,867 | INFO | Q002612 | ID000327 | Fake | Saved rank 35 -> /home/amna/Real-vs-Fake/Data/Images/ID000327_Selena-Gomez/Fake/05.jpg (5/10)
2026-07-31 23:35:18,868 | INFO | Q002612 | ID000327 | Fake | Partial -- only 5/10 found among 2 candidates
2026-07-31 23:35:20,439 | INFO | Q002625 | ID000329 | Real | Saved rank 1 -> /home/amna/Real-vs-Fake/Data/Images/ID000329_Shai-Hope/Real/01.jpg (1/10)
2026-07-31 23:35:22,292 | INFO | Q002625 | ID000329 | Real | Saved rank 2 -> /home/amna/Real-vs-Fake/Data/Images/ID000329_Shai-Hope/Real/02.png (2/10)
2026-07-31 23:35:24,776 | INFO | Q002625 | ID000329 | Real | Saved rank 4 -> /home/amna/Real-vs-Fake/Data/Images/ID000329_Shai-Hope/Real/03.jpg (3/10)
2026-07-31 23:35:24,776 | INFO | Q002625 | ID000329 | Real | Partial -- only 3/10 found among 3 candidates
2026-07-31 23:35:26,790 | INFO | Q002626 | ID000329 | Fake | Saved rank 40 -> /home/amna/Real-vs-Fake/Data/Images/ID000329_Shai-Hope/Fake/01.jpg (1/10)
2026-07-31 23:35:26,790 | INFO | Q002626 | ID000329 | Fake | Partial -- only 1/10 found among 1 candidates
2026-07-31 23:35:28,734 | INFO | Q002633 | ID000330 | Real | Saved rank 1 -> /home/amna/Real-vs-Fake/Data/Images/ID000330_Shakira-Isabel-Mebarak-Ripoll/Real/01.jpg (1/10)
2026-07-31 23:35:30,455 | INFO | Q002633 | ID000330 | Real | Saved rank 2 -> /home/amna/Real-vs-Fake/Data/Images/ID000330_Shakira-Isabel-Mebarak-Ripoll/Real/02.jpg (2/10)
2026-07-31 23:35:31,767 | INFO | Q002633 | ID000330 | Real | Saved rank 3 -> /home/amna/Real-vs-Fake/Data/Images/ID000330_Shakira-Isabel-Mebarak-Ripoll/Real/03.jpg (3/10)
2026-07-31 23:35:31,768 | INFO | Q002633 | ID000330 | Real | Partial -- only 3/10 found among 3 candidates
2026-07-31 23:35:33,621 | INFO | Q002634 | ID000330 | Fake | Saved rank 1 -> /home/amna/Real-vs-Fake/Data/Images/ID000330_Shakira-Isabel-Mebarak-Ripoll/Fake/01.jpg (1/10)
2026-07-31 23:35:35,347 | INFO | Q002634 | ID000330 | Fake | Saved rank 2 -> /home/amna/Real-vs-Fake/Data/Images/ID000330_Shakira-Isabel-Mebarak-Ripoll/Fake/02.jpg (2/10)
2026-07-31 23:35:38,192 | INFO | Q002634 | ID000330 | Fake | Saved rank 9 -> /home/amna/Real-vs-Fake/Data/Images/ID000330_Shakira-Isabel-Mebarak-Ripoll/Fake/03.jpg (3/10)
2026-07-31 23:35:38,193 | INFO | Q002634 | ID000330 | Fake | Partial -- only 3/10 found among 3 candidates
2026-07-31 23:35:39,423 | INFO | Q002637 | ID000330 | Fake | Saved rank 49 -> /home/amna/Real-vs-Fake/Data/Images/ID000330_Shakira-Isabel-Mebarak-Ripoll/Fake/04.jpg (4/10)
2026-07-31 23:35:39,423 | INFO | Q002637 | ID000330 | Fake | Partial -- only 4/10 found among 1 candidates
2026-07-31 23:35:40,852 | INFO | Q002641 | ID000331 | Real | Saved rank 1 -> /home/amna/Real-vs-Fake/Data/Images/ID000331_Sharlto-Copley/Real/01.jpg (1/10)
2026-07-31 23:35:42,600 | INFO | Q002641 | ID000331 | Real | Saved rank 2 -> /home/amna/Real-vs-Fake/Data/Images/ID000331_Sharlto-Copley/Real/02.jpg (2/10)
2026-07-31 23:35:44,056 | INFO | Q002641 | ID000331 | Real | Saved rank 3 -> /home/amna/Real-vs-Fake/Data/Images/ID000331_Sharlto-Copley/Real/03.jpg (3/10)
2026-07-31 23:35:44,056 | INFO | Q002641 | ID000331 | Real | Partial -- only 3/10 found among 3 candidates
2026-07-31 23:35:45,380 | INFO | Q002648 | ID000331 | Fake | Saved rank 5 -> /home/amna/Real-vs-Fake/Data/Images/ID000331_Sharlto-Copley/Fake/01.jpg (1/10)
2026-07-31 23:35:46,614 | INFO | Q002648 | ID000331 | Fake | Saved rank 6 -> /home/amna/Real-vs-Fake/Data/Images/ID000331_Sharlto-Copley/Fake/02.png (2/10)
2026-07-31 23:35:47,836 | INFO | Q002648 | ID000331 | Fake | Saved rank 16 -> /home/amna/Real-vs-Fake/Data/Images/ID000331_Sharlto-Copley/Fake/03.png (3/10)
2026-07-31 23:35:47,836 | INFO | Q002648 | ID000331 | Fake | Partial -- only 3/10 found among 3 candidates
2026-07-31 23:35:49,747 | INFO | Q002649 | ID000332 | Real | Saved rank 1 -> /home/amna/Real-vs-Fake/Data/Images/ID000332_Shia-LaBeouf/Real/01.jpg (1/10)
2026-07-31 23:35:50,930 | INFO | Q002649 | ID000332 | Real | Saved rank 2 -> /home/amna/Real-vs-Fake/Data/Images/ID000332_Shia-LaBeouf/Real/02.jpg (2/10)
2026-07-31 23:35:52,520 | INFO | Q002649 | ID000332 | Real | Saved rank 3 -> /home/amna/Real-vs-Fake/Data/Images/ID000332_Shia-LaBeouf/Real/03.jpg (3/10)
2026-07-31 23:35:52,521 | INFO | Q002649 | ID000332 | Real | Partial -- only 3/10 found among 3 candidates
2026-07-31 23:35:54,139 | INFO | Q002652 | ID000332 | Fake | Saved rank 20 -> /home/amna/Real-vs-Fake/Data/Images/ID000332_Shia-LaBeouf/Fake/01.jpg (1/10)
2026-07-31 23:35:54,139 | INFO | Q002652 | ID000332 | Fake | Partial -- only 1/10 found among 1 candidates
2026-07-31 23:35:55,256 | INFO | Q002656 | ID000332 | Fake | Saved rank 33 -> /home/amna/Real-vs-Fake/Data/Images/ID000332_Shia-LaBeouf/Fake/02.jpg (2/10)
2026-07-31 23:35:55,256 | INFO | Q002656 | ID000332 | Fake | Partial -- only 2/10 found among 1 candidates
2026-07-31 23:35:56,835 | INFO | Q002657 | ID000333 | Real | Saved rank 2 -> /home/amna/Real-vs-Fake/Data/Images/ID000333_Shohei-Ohtani/Real/01.jpg (1/10)
2026-07-31 23:35:56,836 | INFO | Q002657 | ID000333 | Real | Partial -- only 1/10 found among 1 candidates
2026-07-31 23:35:59,672 | INFO | Q002658 | ID000333 | Fake | Saved rank 40 -> /home/amna/Real-vs-Fake/Data/Images/ID000333_Shohei-Ohtani/Fake/01.jpg (1/10)
2026-07-31 23:35:59,672 | INFO | Q002658 | ID000333 | Fake | Partial -- only 1/10 found among 1 candidates
2026-07-31 23:36:01,230 | INFO | Q002660 | ID000333 | Fake | Saved rank 3 -> /home/amna/Real-vs-Fake/Data/Images/ID000333_Shohei-Ohtani/Fake/02.jpg (2/10)
2026-07-31 23:36:01,230 | INFO | Q002660 | ID000333 | Fake | Partial -- only 2/10 found among 1 candidates
2026-07-31 23:36:03,172 | INFO | Q002666 | ID000334 | Fake | Saved rank 9 -> /home/amna/Real-vs-Fake/Data/Images/ID000334_Shreya-GhoshalI/Fake/01.jpg (1/10)
2026-07-31 23:36:04,651 | INFO | Q002666 | ID000334 | Fake | Saved rank 14 -> /home/amna/Real-vs-Fake/Data/Images/ID000334_Shreya-GhoshalI/Fake/02.jpg (2/10)
2026-07-31 23:36:10,214 | INFO | Q002666 | ID000334 | Fake | Saved rank 24 -> /home/amna/Real-vs-Fake/Data/Images/ID000334_Shreya-GhoshalI/Fake/03.jpg (3/10)
2026-07-31 23:36:10,215 | INFO | Q002666 | ID000334 | Fake | Partial -- only 3/10 found among 3 candidates
2026-07-31 23:36:11,736 | INFO | Q002667 | ID000334 | Fake | Saved rank 42 -> /home/amna/Real-vs-Fake/Data/Images/ID000334_Shreya-GhoshalI/Fake/04.jpg (4/10)
2026-07-31 23:36:11,736 | INFO | Q002667 | ID000334 | Fake | Partial -- only 4/10 found among 1 candidates
2026-07-31 23:36:13,387 | INFO | Q002668 | ID000334 | Fake | Saved rank 35 -> /home/amna/Real-vs-Fake/Data/Images/ID000334_Shreya-GhoshalI/Fake/05.jpg (5/10)
2026-07-31 23:36:13,387 | INFO | Q002668 | ID000334 | Fake | Partial -- only 5/10 found among 1 candidates
2026-07-31 23:36:14,824 | INFO | Q002673 | ID000335 | Real | Saved rank 1 -> /home/amna/Real-vs-Fake/Data/Images/ID000335_Shubman-Gill/Real/01.jpg (1/10)
2026-07-31 23:36:16,922 | INFO | Q002673 | ID000335 | Real | Saved rank 3 -> /home/amna/Real-vs-Fake/Data/Images/ID000335_Shubman-Gill/Real/02.png (2/10)
2026-07-31 23:36:18,068 | INFO | Q002673 | ID000335 | Real | Saved rank 5 -> /home/amna/Real-vs-Fake/Data/Images/ID000335_Shubman-Gill/Real/03.webp (3/10)
2026-07-31 23:36:18,068 | INFO | Q002673 | ID000335 | Real | Partial -- only 3/10 found among 3 candidates
2026-07-31 23:36:19,885 | INFO | Q002676 | ID000335 | Fake | Saved rank 16 -> /home/amna/Real-vs-Fake/Data/Images/ID000335_Shubman-Gill/Fake/01.jpg (1/10)
2026-07-31 23:36:19,885 | INFO | Q002676 | ID000335 | Fake | Partial -- only 1/10 found among 1 candidates
2026-07-31 23:36:23,319 | INFO | Q002681 | ID000336 | Real | Saved rank 1 -> /home/amna/Real-vs-Fake/Data/Images/ID000336_Sigourney-Weaver/Real/01.jpg (1/10)
2026-07-31 23:36:24,923 | INFO | Q002681 | ID000336 | Real | Saved rank 3 -> /home/amna/Real-vs-Fake/Data/Images/ID000336_Sigourney-Weaver/Real/02.jpg (2/10)
2026-07-31 23:36:24,924 | INFO | Q002681 | ID000336 | Real | Partial -- only 2/10 found among 2 candidates
2026-07-31 23:36:27,428 | INFO | Q002682 | ID000336 | Fake | Saved rank 8 -> /home/amna/Real-vs-Fake/Data/Images/ID000336_Sigourney-Weaver/Fake/01.jpg (1/10)
2026-07-31 23:36:29,325 | INFO | Q002682 | ID000336 | Fake | Saved rank 13 -> /home/amna/Real-vs-Fake/Data/Images/ID000336_Sigourney-Weaver/Fake/02.jpg (2/10)
2026-07-31 23:36:29,326 | INFO | Q002682 | ID000336 | Fake | Partial -- only 2/10 found among 2 candidates
2026-07-31 23:36:30,950 | INFO | Q002683 | ID000336 | Fake | Saved rank 2 -> /home/amna/Real-vs-Fake/Data/Images/ID000336_Sigourney-Weaver/Fake/03.jpg (3/10)
2026-07-31 23:36:32,285 | INFO | Q002683 | ID000336 | Fake | Saved rank 40 -> /home/amna/Real-vs-Fake/Data/Images/ID000336_Sigourney-Weaver/Fake/04.jpg (4/10)
2026-07-31 23:36:32,285 | INFO | Q002683 | ID000336 | Fake | Partial -- only 4/10 found among 2 candidates
2026-07-31 23:36:33,578 | INFO | Q002685 | ID000336 | Fake | Saved rank 15 -> /home/amna/Real-vs-Fake/Data/Images/ID000336_Sigourney-Weaver/Fake/05.jpg (5/10)
2026-07-31 23:36:33,578 | INFO | Q002685 | ID000336 | Fake | Partial -- only 5/10 found among 1 candidates
2026-07-31 23:36:35,053 | INFO | Q002689 | ID000337 | Real | Saved rank 1 -> /home/amna/Real-vs-Fake/Data/Images/ID000337_Song-Kang-ho/Real/01.jpg (1/10)
2026-07-31 23:36:39,509 | INFO | Q002689 | ID000337 | Real | Saved rank 2 -> /home/amna/Real-vs-Fake/Data/Images/ID000337_Song-Kang-ho/Real/02.jpg (2/10)
2026-07-31 23:36:39,509 | INFO | Q002689 | ID000337 | Real | Partial -- only 2/10 found among 2 candidates
2026-07-31 23:36:41,561 | INFO | Q002695 | ID000337 | Fake | Saved rank 40 -> /home/amna/Real-vs-Fake/Data/Images/ID000337_Song-Kang-ho/Fake/01.jpg (1/10)
2026-07-31 23:36:41,561 | INFO | Q002695 | ID000337 | Fake | Partial -- only 1/10 found among 1 candidates
2026-07-31 23:36:43,329 | INFO | Q002697 | ID000338 | Real | Saved rank 1 -> /home/amna/Real-vs-Fake/Data/Images/ID000338_Song-Hye-Kyo/Real/01.jpg (1/10)
2026-07-31 23:36:44,674 | INFO | Q002697 | ID000338 | Real | Saved rank 3 -> /home/amna/Real-vs-Fake/Data/Images/ID000338_Song-Hye-Kyo/Real/02.jpg (2/10)
2026-07-31 23:36:44,674 | INFO | Q002697 | ID000338 | Real | Partial -- only 2/10 found among 2 candidates
2026-07-31 23:36:46,673 | INFO | Q002699 | ID000338 | Fake | Saved rank 9 -> /home/amna/Real-vs-Fake/Data/Images/ID000338_Song-Hye-Kyo/Fake/01.jpg (1/10)
2026-07-31 23:36:48,812 | INFO | Q002699 | ID000338 | Fake | Saved rank 10 -> /home/amna/Real-vs-Fake/Data/Images/ID000338_Song-Hye-Kyo/Fake/02.jpg (2/10)
2026-07-31 23:36:48,812 | INFO | Q002699 | ID000338 | Fake | Partial -- only 2/10 found among 2 candidates
2026-07-31 23:36:50,594 | INFO | Q002705 | ID000339 | Real | Saved rank 1 -> /home/amna/Real-vs-Fake/Data/Images/ID000339_Sophie-Devine/Real/01.jpg (1/10)
2026-07-31 23:36:52,444 | INFO | Q002705 | ID000339 | Real | Saved rank 3 -> /home/amna/Real-vs-Fake/Data/Images/ID000339_Sophie-Devine/Real/02.png (2/10)
2026-07-31 23:36:52,444 | INFO | Q002705 | ID000339 | Real | Partial -- only 2/10 found among 2 candidates
2026-07-31 23:36:53,988 | INFO | Q002706 | ID000339 | Fake | Saved rank 4 -> /home/amna/Real-vs-Fake/Data/Images/ID000339_Sophie-Devine/Fake/01.jpg (1/10)
2026-07-31 23:36:55,479 | INFO | Q002706 | ID000339 | Fake | Saved rank 32 -> /home/amna/Real-vs-Fake/Data/Images/ID000339_Sophie-Devine/Fake/02.jpg (2/10)
2026-07-31 23:36:55,480 | INFO | Q002706 | ID000339 | Fake | Partial -- only 2/10 found among 2 candidates
2026-07-31 23:36:58,762 | INFO | Q002707 | ID000339 | Fake | Saved rank 5 -> /home/amna/Real-vs-Fake/Data/Images/ID000339_Sophie-Devine/Fake/03.jpg (3/10)
2026-07-31 23:36:58,762 | INFO | Q002707 | ID000339 | Fake | Partial -- only 3/10 found among 1 candidates
2026-07-31 23:37:00,548 | INFO | Q002709 | ID000339 | Fake | Saved rank 48 -> /home/amna/Real-vs-Fake/Data/Images/ID000339_Sophie-Devine/Fake/04.jpg (4/10)
2026-07-31 23:37:00,548 | INFO | Q002709 | ID000339 | Fake | Partial -- only 4/10 found among 1 candidates
2026-07-31 23:37:01,959 | INFO | Q002713 | ID000340 | Real | Saved rank 1 -> /home/amna/Real-vs-Fake/Data/Images/ID000340_Steve-Zahn/Real/01.jpg (1/10)
2026-07-31 23:37:03,959 | INFO | Q002713 | ID000340 | Real | Saved rank 2 -> /home/amna/Real-vs-Fake/Data/Images/ID000340_Steve-Zahn/Real/02.jpg (2/10)
2026-07-31 23:37:03,961 | INFO | Q002713 | ID000340 | Real | Partial -- only 2/10 found among 2 candidates
2026-07-31 23:37:05,484 | INFO | Q002720 | ID000340 | Fake | Saved rank 26 -> /home/amna/Real-vs-Fake/Data/Images/ID000340_Steve-Zahn/Fake/01.jpg (1/10)
2026-07-31 23:37:05,484 | INFO | Q002720 | ID000340 | Fake | Partial -- only 1/10 found among 1 candidates
2026-07-31 23:37:06,823 | INFO | Q002721 | ID000341 | Real | Saved rank 2 -> /home/amna/Real-vs-Fake/Data/Images/ID000341_Steven-Seagal/Real/01.jpg (1/10)
2026-07-31 23:37:09,036 | INFO | Q002721 | ID000341 | Real | Saved rank 3 -> /home/amna/Real-vs-Fake/Data/Images/ID000341_Steven-Seagal/Real/02.jpg (2/10)
2026-07-31 23:37:09,047 | INFO | Q002721 | ID000341 | Real | Partial -- only 2/10 found among 2 candidates
2026-07-31 23:37:12,174 | INFO | Q002723 | ID000341 | Fake | Saved rank 3 -> /home/amna/Real-vs-Fake/Data/Images/ID000341_Steven-Seagal/Fake/01.jpg (1/10)
2026-07-31 23:37:16,141 | INFO | Q002723 | ID000341 | Fake | Saved rank 26 -> /home/amna/Real-vs-Fake/Data/Images/ID000341_Steven-Seagal/Fake/02.jpg (2/10)
2026-07-31 23:37:16,142 | INFO | Q002723 | ID000341 | Fake | Partial -- only 2/10 found among 2 candidates
2026-07-31 23:37:23,102 | INFO | Q002726 | ID000341 | Fake | Saved rank 34 -> /home/amna/Real-vs-Fake/Data/Images/ID000341_Steven-Seagal/Fake/03.jpg (3/10)
2026-07-31 23:37:23,102 | INFO | Q002726 | ID000341 | Fake | Partial -- only 3/10 found among 1 candidates
2026-07-31 23:37:24,698 | INFO | Q002729 | ID000342 | Real | Saved rank 1 -> /home/amna/Real-vs-Fake/Data/Images/ID000342_Suryakumar-Yadav/Real/01.jpg (1/10)
2026-07-31 23:37:24,699 | INFO | Q002729 | ID000342 | Real | Partial -- only 1/10 found among 1 candidates
2026-07-31 23:37:26,281 | INFO | Q002732 | ID000342 | Fake | Saved rank 16 -> /home/amna/Real-vs-Fake/Data/Images/ID000342_Suryakumar-Yadav/Fake/01.jpg (1/10)
2026-07-31 23:37:26,281 | INFO | Q002732 | ID000342 | Fake | Partial -- only 1/10 found among 1 candidates
2026-07-31 23:37:28,083 | INFO | Q002737 | ID000343 | Real | Saved rank 1 -> /home/amna/Real-vs-Fake/Data/Images/ID000343_Susan-Sarandon/Real/01.jpg (1/10)
2026-07-31 23:37:29,394 | INFO | Q002737 | ID000343 | Real | rank 2 failed (http_429), trying next candidate
2026-07-31 23:37:29,395 | INFO | Q002737 | ID000343 | Real | Partial -- only 1/10 found among 2 candidates
2026-07-31 23:37:38,970 | INFO | Q002738 | ID000343 | Fake | Saved rank 2 -> /home/amna/Real-vs-Fake/Data/Images/ID000343_Susan-Sarandon/Fake/01.jpg (1/10)
2026-07-31 23:37:38,970 | INFO | Q002738 | ID000343 | Fake | Partial -- only 1/10 found among 1 candidates
2026-07-31 23:37:40,438 | INFO | Q002739 | ID000343 | Fake | Saved rank 15 -> /home/amna/Real-vs-Fake/Data/Images/ID000343_Susan-Sarandon/Fake/02.jpg (2/10)
2026-07-31 23:37:40,438 | INFO | Q002739 | ID000343 | Fake | Partial -- only 2/10 found among 1 candidates
2026-07-31 23:37:42,127 | INFO | Q002740 | ID000343 | Fake | Saved rank 4 -> /home/amna/Real-vs-Fake/Data/Images/ID000343_Susan-Sarandon/Fake/03.jpg (3/10)
2026-07-31 23:37:42,127 | INFO | Q002740 | ID000343 | Fake | Partial -- only 3/10 found among 1 candidates
2026-07-31 23:37:44,094 | INFO | Q002745 | ID000344 | Real | Saved rank 1 -> /home/amna/Real-vs-Fake/Data/Images/ID000344_Sydney-Sweeney/Real/01.jpg (1/10)
2026-07-31 23:37:46,035 | INFO | Q002745 | ID000344 | Real | Saved rank 4 -> /home/amna/Real-vs-Fake/Data/Images/ID000344_Sydney-Sweeney/Real/02.jpg (2/10)
2026-07-31 23:37:46,035 | INFO | Q002745 | ID000344 | Real | Partial -- only 2/10 found among 2 candidates
2026-07-31 23:37:47,644 | INFO | Q002746 | ID000344 | Fake | Saved rank 45 -> /home/amna/Real-vs-Fake/Data/Images/ID000344_Sydney-Sweeney/Fake/01.jpg (1/10)
2026-07-31 23:37:47,645 | INFO | Q002746 | ID000344 | Fake | Partial -- only 1/10 found among 1 candidates
2026-07-31 23:37:49,997 | INFO | Q002747 | ID000344 | Fake | Saved rank 2 -> /home/amna/Real-vs-Fake/Data/Images/ID000344_Sydney-Sweeney/Fake/02.jpg (2/10)
2026-07-31 23:37:52,332 | INFO | Q002747 | ID000344 | Fake | Saved rank 16 -> /home/amna/Real-vs-Fake/Data/Images/ID000344_Sydney-Sweeney/Fake/03.jpg (3/10)
2026-07-31 23:37:54,183 | INFO | Q002747 | ID000344 | Fake | Saved rank 18 -> /home/amna/Real-vs-Fake/Data/Images/ID000344_Sydney-Sweeney/Fake/04.jpg (4/10)
2026-07-31 23:37:54,183 | INFO | Q002747 | ID000344 | Fake | Partial -- only 4/10 found among 3 candidates
2026-07-31 23:37:56,273 | INFO | Q002753 | ID000345 | Real | Saved rank 1 -> /home/amna/Real-vs-Fake/Data/Images/ID000345_Sylvester-Stallone/Real/01.jpg (1/10)
2026-07-31 23:37:58,371 | INFO | Q002753 | ID000345 | Real | Saved rank 2 -> /home/amna/Real-vs-Fake/Data/Images/ID000345_Sylvester-Stallone/Real/02.jpg (2/10)
2026-07-31 23:37:58,371 | INFO | Q002753 | ID000345 | Real | Partial -- only 2/10 found among 2 candidates
2026-07-31 23:38:00,552 | INFO | Q002754 | ID000345 | Fake | Saved rank 2 -> /home/amna/Real-vs-Fake/Data/Images/ID000345_Sylvester-Stallone/Fake/01.jpg (1/10)
2026-07-31 23:38:00,553 | INFO | Q002754 | ID000345 | Fake | Partial -- only 1/10 found among 1 candidates
2026-07-31 23:38:02,231 | INFO | Q002755 | ID000345 | Fake | Saved rank 3 -> /home/amna/Real-vs-Fake/Data/Images/ID000345_Sylvester-Stallone/Fake/02.jpg (2/10)
2026-07-31 23:38:03,840 | INFO | Q002755 | ID000345 | Fake | Saved rank 4 -> /home/amna/Real-vs-Fake/Data/Images/ID000345_Sylvester-Stallone/Fake/03.jpg (3/10)
2026-07-31 23:38:06,944 | INFO | Q002755 | ID000345 | Fake | Saved rank 6 -> /home/amna/Real-vs-Fake/Data/Images/ID000345_Sylvester-Stallone/Fake/04.jpg (4/10)
2026-07-31 23:38:06,947 | INFO | Q002755 | ID000345 | Fake | Partial -- only 4/10 found among 3 candidates
2026-07-31 23:38:08,526 | INFO | Q002756 | ID000345 | Fake | Saved rank 15 -> /home/amna/Real-vs-Fake/Data/Images/ID000345_Sylvester-Stallone/Fake/05.jpg (5/10)
2026-07-31 23:38:08,526 | INFO | Q002756 | ID000345 | Fake | Partial -- only 5/10 found among 1 candidates
2026-07-31 23:38:09,934 | INFO | Q002761 | ID000346 | Real | rank 1 failed (http_429), trying next candidate
2026-07-31 23:38:11,377 | INFO | Q002761 | ID000346 | Real | Saved rank 9 -> /home/amna/Real-vs-Fake/Data/Images/ID000346_Taeyeon/Real/01.jpg (1/10)
2026-07-31 23:38:11,377 | INFO | Q002761 | ID000346 | Real | Partial -- only 1/10 found among 2 candidates
2026-07-31 23:38:12,551 | INFO | Q002762 | ID000346 | Fake | Saved rank 12 -> /home/amna/Real-vs-Fake/Data/Images/ID000346_Taeyeon/Fake/01.jpg (1/10)
2026-07-31 23:38:14,246 | INFO | Q002762 | ID000346 | Fake | Saved rank 14 -> /home/amna/Real-vs-Fake/Data/Images/ID000346_Taeyeon/Fake/02.jpg (2/10)
2026-07-31 23:38:15,767 | INFO | Q002762 | ID000346 | Fake | Saved rank 20 -> /home/amna/Real-vs-Fake/Data/Images/ID000346_Taeyeon/Fake/03.jpg (3/10)
2026-07-31 23:38:15,767 | INFO | Q002762 | ID000346 | Fake | Partial -- only 3/10 found among 3 candidates
2026-07-31 23:38:17,237 | INFO | Q002763 | ID000346 | Fake | Saved rank 48 -> /home/amna/Real-vs-Fake/Data/Images/ID000346_Taeyeon/Fake/04.jpg (4/10)
2026-07-31 23:38:18,533 | INFO | Q002763 | ID000346 | Fake | Saved rank 50 -> /home/amna/Real-vs-Fake/Data/Images/ID000346_Taeyeon/Fake/05.jpg (5/10)
2026-07-31 23:38:18,533 | INFO | Q002763 | ID000346 | Fake | Partial -- only 5/10 found among 2 candidates
2026-07-31 23:38:19,702 | INFO | Q002769 | ID000347 | Real | Saved rank 1 -> /home/amna/Real-vs-Fake/Data/Images/ID000347_Tate-McRae/Real/01.jpg (1/10)
2026-07-31 23:38:19,702 | INFO | Q002769 | ID000347 | Real | Partial -- only 1/10 found among 1 candidates
2026-07-31 23:38:19,702 | INFO | ============================================================
2026-07-31 23:38:19,703 | INFO | STEP 4 RUN COMPLETE
2026-07-31 23:38:19,703 | INFO | Success (target reached) : 0
2026-07-31 23:38:19,703 | INFO | Partial (some, not all)  : 90
2026-07-31 23:38:19,703 | INFO | Discarded (no image)     : 0
2026-07-31 23:38:19,703 | INFO | Errors (will retry)      : 0
2026-07-31 23:38:19,703 | INFO | Remaining                : 0
2026-07-31 23:38:19,703 | INFO | ============================================================
2026-07-31 23:46:22,334 | INFO | Loaded 391 PAIRED identities from identity_pairing_report.csv
2026-07-31 23:46:22,349 | INFO | ============================================================
2026-07-31 23:46:22,349 | INFO | STEP 4 START (Image Download, paired identities only)
2026-07-31 23:46:22,350 | INFO | Paired identities          : 391
2026-07-31 23:46:22,350 | INFO | Unpaired identities skipped: 6
2026-07-31 23:46:22,350 | INFO | Total identity/type groups : 1018
2026-07-31 23:46:22,350 | INFO | Already completed          : 667
2026-07-31 23:46:22,350 | INFO | Remaining pending          : 0
2026-07-31 23:46:22,350 | INFO | Groups this run            : 0
2026-07-31 23:46:22,350 | INFO | ============================================================
2026-08-01 07:25:20,554 | INFO | Loaded 391 PAIRED identities from identity_pairing_report.csv
2026-08-01 07:25:20,816 | INFO | ============================================================
2026-08-01 07:25:20,817 | INFO | STEP 4 START (Image Download, paired identities only)
2026-08-01 07:25:20,817 | INFO | Paired identities          : 391
2026-08-01 07:25:20,817 | INFO | Unpaired identities skipped: 6
2026-08-01 07:25:20,817 | INFO | Total identity/type groups : 1162
2026-08-01 07:25:20,817 | INFO | Already completed          : 667
2026-08-01 07:25:20,817 | INFO | Remaining pending          : 144
2026-08-01 07:25:20,817 | INFO | Groups this run            : 144
2026-08-01 07:25:20,817 | INFO | ============================================================
2026-08-01 07:25:29,153 | INFO | Q002771 | ID000347 | Fake | Saved rank 19 -> /home/amna/Real-vs-Fake/Data/Images/ID000347_Tate-McRae/Fake/01.png (1/10)
2026-08-01 07:25:34,283 | INFO | Q002771 | ID000347 | Fake | Saved rank 33 -> /home/amna/Real-vs-Fake/Data/Images/ID000347_Tate-McRae/Fake/02.jpg (2/10)
2026-08-01 07:25:34,286 | INFO | Q002771 | ID000347 | Fake | Partial -- only 2/10 found among 2 candidates
2026-08-01 07:25:47,088 | INFO | Q002772 | ID000347 | Fake | rank 36 failed (request_error: HTTPSConnectionPool(host='images.nightcafe.studio', port=443): Max retries exceeded with url: /ik-seo/jobs/k5jg5DZS90t8aW4jqgFe/k5jg5DZS90t8aW4jqgFe--1--uafhi/grace-the-human-as-real-life-popular-singersong-writer-tate-mcrae.jpg?tr=w-1600,c-at_max (Caused by NewConnectionError('<urllib3.connection.HTTPSConnection object at 0x7006b6d38790>: Failed to establish a new connection: [Errno -3] Temporary failure in name resolution'))), trying next candidate
2026-08-01 07:25:48,750 | INFO | Q002772 | ID000347 | Fake | Saved rank 48 -> /home/amna/Real-vs-Fake/Data/Images/ID000347_Tate-McRae/Fake/03.jpg (3/10)
2026-08-01 07:25:48,751 | INFO | Q002772 | ID000347 | Fake | Partial -- only 3/10 found among 2 candidates
2026-08-01 07:25:50,265 | INFO | Q002773 | ID000347 | Fake | Saved rank 16 -> /home/amna/Real-vs-Fake/Data/Images/ID000347_Tate-McRae/Fake/04.jpg (4/10)
2026-08-01 07:25:50,266 | INFO | Q002773 | ID000347 | Fake | Partial -- only 4/10 found among 1 candidates
2026-08-01 07:25:52,205 | INFO | Q002777 | ID000348 | Real | Saved rank 1 -> /home/amna/Real-vs-Fake/Data/Images/ID000348_Thomas-Jane/Real/01.jpg (1/10)
2026-08-01 07:25:57,627 | INFO | Q002777 | ID000348 | Real | Saved rank 2 -> /home/amna/Real-vs-Fake/Data/Images/ID000348_Thomas-Jane/Real/02.jpg (2/10)
2026-08-01 07:26:02,342 | INFO | Q002777 | ID000348 | Real | Saved rank 3 -> /home/amna/Real-vs-Fake/Data/Images/ID000348_Thomas-Jane/Real/03.jpg (3/10)
2026-08-01 07:26:02,342 | INFO | Q002777 | ID000348 | Real | Partial -- only 3/10 found among 3 candidates
2026-08-01 07:26:03,781 | INFO | Q002778 | ID000348 | Fake | Saved rank 3 -> /home/amna/Real-vs-Fake/Data/Images/ID000348_Thomas-Jane/Fake/01.jpg (1/10)
2026-08-01 07:26:03,782 | INFO | Q002778 | ID000348 | Fake | Partial -- only 1/10 found among 1 candidates
2026-08-01 07:26:06,232 | INFO | Q002779 | ID000348 | Fake | Saved rank 11 -> /home/amna/Real-vs-Fake/Data/Images/ID000348_Thomas-Jane/Fake/02.png (2/10)
2026-08-01 07:26:06,232 | INFO | Q002779 | ID000348 | Fake | Partial -- only 2/10 found among 1 candidates
2026-08-01 07:26:07,687 | INFO | Q002780 | ID000348 | Fake | Saved rank 1 -> /home/amna/Real-vs-Fake/Data/Images/ID000348_Thomas-Jane/Fake/03.jpg (3/10)
2026-08-01 07:26:07,687 | INFO | Q002780 | ID000348 | Fake | Partial -- only 3/10 found among 1 candidates
2026-08-01 07:26:17,928 | INFO | Q002781 | ID000348 | Fake | Saved rank 3 -> /home/amna/Real-vs-Fake/Data/Images/ID000348_Thomas-Jane/Fake/04.jpg (4/10)
2026-08-01 07:26:23,046 | INFO | Q002781 | ID000348 | Fake | Saved rank 4 -> /home/amna/Real-vs-Fake/Data/Images/ID000348_Thomas-Jane/Fake/05.png (5/10)
2026-08-01 07:26:23,046 | INFO | Q002781 | ID000348 | Fake | Partial -- only 5/10 found among 2 candidates
2026-08-01 07:26:25,303 | INFO | Q002785 | ID000349 | Real | Saved rank 1 -> /home/amna/Real-vs-Fake/Data/Images/ID000349_Thomas-Jeffrey-Hanks/Real/01.jpg (1/10)
2026-08-01 07:26:26,577 | INFO | Q002785 | ID000349 | Real | Saved rank 2 -> /home/amna/Real-vs-Fake/Data/Images/ID000349_Thomas-Jeffrey-Hanks/Real/02.jpg (2/10)
2026-08-01 07:26:37,592 | INFO | Q002785 | ID000349 | Real | rank 3 failed (request_error: HTTPSConnectionPool(host='cdn2.kennedy-center.org', port=443): Max retries exceeded with url: /images/slideshow/TomHanks2014_slideshow.jpg (Caused by NewConnectionError('<urllib3.connection.HTTPSConnection object at 0x7006b6ec2100>: Failed to establish a new connection: [Errno -3] Temporary failure in name resolution'))), trying next candidate
2026-08-01 07:26:37,592 | INFO | Q002785 | ID000349 | Real | Partial -- only 2/10 found among 3 candidates
2026-08-01 07:26:44,494 | INFO | Q002786 | ID000349 | Fake | Saved rank 18 -> /home/amna/Real-vs-Fake/Data/Images/ID000349_Thomas-Jeffrey-Hanks/Fake/01.jpg (1/10)
2026-08-01 07:26:50,047 | INFO | Q002786 | ID000349 | Fake | Saved rank 24 -> /home/amna/Real-vs-Fake/Data/Images/ID000349_Thomas-Jeffrey-Hanks/Fake/02.jpg (2/10)
2026-08-01 07:26:50,051 | INFO | Q002786 | ID000349 | Fake | Partial -- only 2/10 found among 2 candidates
2026-08-01 07:26:59,785 | INFO | Q002787 | ID000349 | Fake | Saved rank 14 -> /home/amna/Real-vs-Fake/Data/Images/ID000349_Thomas-Jeffrey-Hanks/Fake/03.webp (3/10)
2026-08-01 07:27:08,853 | INFO | Q002787 | ID000349 | Fake | Saved rank 22 -> /home/amna/Real-vs-Fake/Data/Images/ID000349_Thomas-Jeffrey-Hanks/Fake/04.jpg (4/10)
2026-08-01 07:27:08,853 | INFO | Q002787 | ID000349 | Fake | Partial -- only 4/10 found among 2 candidates
2026-08-01 07:27:10,560 | INFO | Q002788 | ID000349 | Fake | Saved rank 41 -> /home/amna/Real-vs-Fake/Data/Images/ID000349_Thomas-Jeffrey-Hanks/Fake/05.jpg (5/10)
2026-08-01 07:27:16,563 | INFO | Q002788 | ID000349 | Fake | Saved rank 42 -> /home/amna/Real-vs-Fake/Data/Images/ID000349_Thomas-Jeffrey-Hanks/Fake/06.jpg (6/10)
2026-08-01 07:27:16,563 | INFO | Q002788 | ID000349 | Fake | Partial -- only 6/10 found among 2 candidates
2026-08-01 07:27:27,008 | INFO | Q002789 | ID000349 | Fake | Saved rank 1 -> /home/amna/Real-vs-Fake/Data/Images/ID000349_Thomas-Jeffrey-Hanks/Fake/07.png (7/10)
2026-08-01 07:27:27,009 | INFO | Q002789 | ID000349 | Fake | Partial -- only 7/10 found among 1 candidates
2026-08-01 07:27:39,743 | INFO | Q002793 | ID000350 | Real | rank 2 failed (request_error: HTTPSConnectionPool(host='1.vikiplatform.com', port=443): Max retries exceeded with url: /pr/22601pr/929eb56be6.jpg?x=b (Caused by NewConnectionError('<urllib3.connection.HTTPSConnection object at 0x7006b6e56cd0>: Failed to establish a new connection: [Errno -2] Name or service not known'))), trying next candidate
2026-08-01 07:27:41,895 | INFO | Q002793 | ID000350 | Real | Saved rank 4 -> /home/amna/Real-vs-Fake/Data/Images/ID000350_Tian-Xi-Wei/Real/01.jpg (1/10)
2026-08-01 07:27:41,896 | INFO | Q002793 | ID000350 | Real | Partial -- only 1/10 found among 2 candidates
2026-08-01 07:27:47,988 | INFO | Q002801 | ID000351 | Real | Saved rank 1 -> /home/amna/Real-vs-Fake/Data/Images/ID000351_Tim-Allen/Real/01.jpg (1/10)
2026-08-01 07:27:57,247 | INFO | Q002801 | ID000351 | Real | Saved rank 3 -> /home/amna/Real-vs-Fake/Data/Images/ID000351_Tim-Allen/Real/02.jpg (2/10)
2026-08-01 07:27:57,247 | INFO | Q002801 | ID000351 | Real | Partial -- only 2/10 found among 2 candidates
2026-08-01 07:28:04,932 | INFO | Q002805 | ID000351 | Fake | Saved rank 10 -> /home/amna/Real-vs-Fake/Data/Images/ID000351_Tim-Allen/Fake/01.jpg (1/10)
2026-08-01 07:28:06,374 | INFO | Q002805 | ID000351 | Fake | Saved rank 28 -> /home/amna/Real-vs-Fake/Data/Images/ID000351_Tim-Allen/Fake/02.jpg (2/10)
2026-08-01 07:28:06,374 | INFO | Q002805 | ID000351 | Fake | Partial -- only 2/10 found among 2 candidates
2026-08-01 07:28:07,937 | INFO | Q002809 | ID000352 | Real | Saved rank 1 -> /home/amna/Real-vs-Fake/Data/Images/ID000352_Tim-Curry/Real/01.jpg (1/10)
2026-08-01 07:28:09,558 | INFO | Q002809 | ID000352 | Real | Saved rank 2 -> /home/amna/Real-vs-Fake/Data/Images/ID000352_Tim-Curry/Real/02.jpg (2/10)
2026-08-01 07:28:11,362 | INFO | Q002809 | ID000352 | Real | Saved rank 3 -> /home/amna/Real-vs-Fake/Data/Images/ID000352_Tim-Curry/Real/03.jpg (3/10)
2026-08-01 07:28:11,362 | INFO | Q002809 | ID000352 | Real | Partial -- only 3/10 found among 3 candidates
2026-08-01 07:28:17,355 | INFO | Q002811 | ID000352 | Fake | Saved rank 19 -> /home/amna/Real-vs-Fake/Data/Images/ID000352_Tim-Curry/Fake/01.jpg (1/10)
2026-08-01 07:28:19,211 | INFO | Q002811 | ID000352 | Fake | Saved rank 31 -> /home/amna/Real-vs-Fake/Data/Images/ID000352_Tim-Curry/Fake/02.png (2/10)
2026-08-01 07:28:25,748 | INFO | Q002811 | ID000352 | Fake | Saved rank 33 -> /home/amna/Real-vs-Fake/Data/Images/ID000352_Tim-Curry/Fake/03.jpg (3/10)
2026-08-01 07:28:25,748 | INFO | Q002811 | ID000352 | Fake | Partial -- only 3/10 found among 3 candidates
2026-08-01 07:28:27,499 | INFO | Q002815 | ID000352 | Fake | Saved rank 42 -> /home/amna/Real-vs-Fake/Data/Images/ID000352_Tim-Curry/Fake/04.jpg (4/10)
2026-08-01 07:28:29,151 | INFO | Q002815 | ID000352 | Fake | Saved rank 44 -> /home/amna/Real-vs-Fake/Data/Images/ID000352_Tim-Curry/Fake/05.jpg (5/10)
2026-08-01 07:28:29,151 | INFO | Q002815 | ID000352 | Fake | Partial -- only 5/10 found among 2 candidates
2026-08-01 07:28:30,503 | INFO | Q002817 | ID000353 | Real | Saved rank 3 -> /home/amna/Real-vs-Fake/Data/Images/ID000353_Tim-Robbins/Real/01.jpg (1/10)
2026-08-01 07:28:31,921 | INFO | Q002817 | ID000353 | Real | Saved rank 5 -> /home/amna/Real-vs-Fake/Data/Images/ID000353_Tim-Robbins/Real/02.jpg (2/10)
2026-08-01 07:28:31,921 | INFO | Q002817 | ID000353 | Real | Partial -- only 2/10 found among 2 candidates
2026-08-01 07:28:33,317 | INFO | Q002825 | ID000354 | Real | Saved rank 1 -> /home/amna/Real-vs-Fake/Data/Images/ID000354_Timothée-Chalamet/Real/01.jpg (1/10)
2026-08-01 07:28:38,897 | INFO | Q002825 | ID000354 | Real | Saved rank 2 -> /home/amna/Real-vs-Fake/Data/Images/ID000354_Timothée-Chalamet/Real/02.jpg (2/10)
2026-08-01 07:28:41,153 | INFO | Q002825 | ID000354 | Real | Saved rank 3 -> /home/amna/Real-vs-Fake/Data/Images/ID000354_Timothée-Chalamet/Real/03.jpg (3/10)
2026-08-01 07:28:41,153 | INFO | Q002825 | ID000354 | Real | Partial -- only 3/10 found among 3 candidates
2026-08-01 07:28:43,667 | INFO | Q002826 | ID000354 | Fake | Saved rank 1 -> /home/amna/Real-vs-Fake/Data/Images/ID000354_Timothée-Chalamet/Fake/01.jpg (1/10)
2026-08-01 07:28:45,320 | INFO | Q002826 | ID000354 | Fake | Saved rank 5 -> /home/amna/Real-vs-Fake/Data/Images/ID000354_Timothée-Chalamet/Fake/02.jpg (2/10)
2026-08-01 07:28:45,320 | INFO | Q002826 | ID000354 | Fake | Partial -- only 2/10 found among 2 candidates
2026-08-01 07:28:47,060 | INFO | Q002828 | ID000354 | Fake | Saved rank 21 -> /home/amna/Real-vs-Fake/Data/Images/ID000354_Timothée-Chalamet/Fake/03.jpg (3/10)
2026-08-01 07:28:48,929 | INFO | Q002828 | ID000354 | Fake | Saved rank 38 -> /home/amna/Real-vs-Fake/Data/Images/ID000354_Timothée-Chalamet/Fake/04.jpg (4/10)
2026-08-01 07:28:48,929 | INFO | Q002828 | ID000354 | Fake | Partial -- only 4/10 found among 2 candidates
2026-08-01 07:28:50,537 | INFO | Q002833 | ID000355 | Real | Saved rank 1 -> /home/amna/Real-vs-Fake/Data/Images/ID000355_Tina-Fey/Real/01.jpg (1/10)
2026-08-01 07:28:51,787 | INFO | Q002833 | ID000355 | Real | Saved rank 2 -> /home/amna/Real-vs-Fake/Data/Images/ID000355_Tina-Fey/Real/02.jpg (2/10)
2026-08-01 07:28:51,788 | INFO | Q002833 | ID000355 | Real | Partial -- only 2/10 found among 2 candidates
2026-08-01 07:28:58,409 | INFO | Q002835 | ID000355 | Fake | Saved rank 5 -> /home/amna/Real-vs-Fake/Data/Images/ID000355_Tina-Fey/Fake/01.png (1/10)
2026-08-01 07:29:00,235 | INFO | Q002835 | ID000355 | Fake | Saved rank 11 -> /home/amna/Real-vs-Fake/Data/Images/ID000355_Tina-Fey/Fake/02.jpg (2/10)
2026-08-01 07:29:00,236 | INFO | Q002835 | ID000355 | Fake | Partial -- only 2/10 found among 2 candidates
2026-08-01 07:29:01,589 | INFO | Q002837 | ID000355 | Fake | Saved rank 5 -> /home/amna/Real-vs-Fake/Data/Images/ID000355_Tina-Fey/Fake/03.jpg (3/10)
2026-08-01 07:29:03,101 | INFO | Q002837 | ID000355 | Fake | Saved rank 48 -> /home/amna/Real-vs-Fake/Data/Images/ID000355_Tina-Fey/Fake/04.jpg (4/10)
2026-08-01 07:29:03,101 | INFO | Q002837 | ID000355 | Fake | Partial -- only 4/10 found among 2 candidates
2026-08-01 07:29:04,315 | INFO | Q002841 | ID000356 | Real | Saved rank 1 -> /home/amna/Real-vs-Fake/Data/Images/ID000356_Tom-Cruise/Real/01.jpg (1/10)
2026-08-01 07:29:08,308 | INFO | Q002841 | ID000356 | Real | Saved rank 2 -> /home/amna/Real-vs-Fake/Data/Images/ID000356_Tom-Cruise/Real/02.jpg (2/10)
2026-08-01 07:29:10,235 | INFO | Q002841 | ID000356 | Real | Saved rank 4 -> /home/amna/Real-vs-Fake/Data/Images/ID000356_Tom-Cruise/Real/03.jpg (3/10)
2026-08-01 07:29:10,236 | INFO | Q002841 | ID000356 | Real | Partial -- only 3/10 found among 3 candidates
2026-08-01 07:29:14,173 | INFO | Q002844 | ID000356 | Fake | Saved rank 50 -> /home/amna/Real-vs-Fake/Data/Images/ID000356_Tom-Cruise/Fake/01.jpg (1/10)
2026-08-01 07:29:14,174 | INFO | Q002844 | ID000356 | Fake | Partial -- only 1/10 found among 1 candidates
2026-08-01 07:29:15,672 | INFO | Q002849 | ID000357 | Real | Saved rank 2 -> /home/amna/Real-vs-Fake/Data/Images/ID000357_Tom-Hardy/Real/01.jpg (1/10)
2026-08-01 07:29:15,675 | INFO | Q002849 | ID000357 | Real | Partial -- only 1/10 found among 1 candidates
2026-08-01 07:29:17,182 | INFO | Q002850 | ID000357 | Fake | Saved rank 19 -> /home/amna/Real-vs-Fake/Data/Images/ID000357_Tom-Hardy/Fake/01.jpg (1/10)
2026-08-01 07:29:17,183 | INFO | Q002850 | ID000357 | Fake | Partial -- only 1/10 found among 1 candidates
2026-08-01 07:29:18,837 | INFO | Q002852 | ID000357 | Fake | Saved rank 8 -> /home/amna/Real-vs-Fake/Data/Images/ID000357_Tom-Hardy/Fake/02.jpg (2/10)
2026-08-01 07:29:18,838 | INFO | Q002852 | ID000357 | Fake | Partial -- only 2/10 found among 1 candidates
2026-08-01 07:29:20,504 | INFO | Q002853 | ID000357 | Fake | Saved rank 1 -> /home/amna/Real-vs-Fake/Data/Images/ID000357_Tom-Hardy/Fake/03.jpg (3/10)
2026-08-01 07:29:22,019 | INFO | Q002853 | ID000357 | Fake | Saved rank 4 -> /home/amna/Real-vs-Fake/Data/Images/ID000357_Tom-Hardy/Fake/04.jpg (4/10)
2026-08-01 07:29:23,954 | INFO | Q002853 | ID000357 | Fake | Saved rank 27 -> /home/amna/Real-vs-Fake/Data/Images/ID000357_Tom-Hardy/Fake/05.jpg (5/10)
2026-08-01 07:29:23,954 | INFO | Q002853 | ID000357 | Fake | Partial -- only 5/10 found among 3 candidates
2026-08-01 07:29:44,156 | INFO | Q002857 | ID000358 | Real | Saved rank 1 -> /home/amna/Real-vs-Fake/Data/Images/ID000358_Tony-Leung-Chiu-Wai/Real/01.jpg (1/10)
2026-08-01 07:29:47,776 | INFO | Q002857 | ID000358 | Real | Saved rank 2 -> /home/amna/Real-vs-Fake/Data/Images/ID000358_Tony-Leung-Chiu-Wai/Real/02.jpg (2/10)
2026-08-01 07:29:50,101 | INFO | Q002857 | ID000358 | Real | Saved rank 3 -> /home/amna/Real-vs-Fake/Data/Images/ID000358_Tony-Leung-Chiu-Wai/Real/03.jpg (3/10)
2026-08-01 07:29:50,101 | INFO | Q002857 | ID000358 | Real | Partial -- only 3/10 found among 3 candidates
2026-08-01 07:29:51,995 | INFO | Q002860 | ID000358 | Fake | Saved rank 30 -> /home/amna/Real-vs-Fake/Data/Images/ID000358_Tony-Leung-Chiu-Wai/Fake/01.jpg (1/10)
2026-08-01 07:29:53,257 | INFO | Q002860 | ID000358 | Fake | Saved rank 36 -> /home/amna/Real-vs-Fake/Data/Images/ID000358_Tony-Leung-Chiu-Wai/Fake/02.jpg (2/10)
2026-08-01 07:29:53,257 | INFO | Q002860 | ID000358 | Fake | Partial -- only 2/10 found among 2 candidates
2026-08-01 07:29:54,498 | INFO | Q002863 | ID000358 | Fake | Saved rank 48 -> /home/amna/Real-vs-Fake/Data/Images/ID000358_Tony-Leung-Chiu-Wai/Fake/03.jpg (3/10)
2026-08-01 07:29:54,498 | INFO | Q002863 | ID000358 | Fake | Partial -- only 3/10 found among 1 candidates
2026-08-01 07:29:56,236 | INFO | Q002865 | ID000359 | Real | Saved rank 1 -> /home/amna/Real-vs-Fake/Data/Images/ID000359_V-BTS/Real/01.jpg (1/10)
2026-08-01 07:29:57,662 | INFO | Q002865 | ID000359 | Real | Saved rank 2 -> /home/amna/Real-vs-Fake/Data/Images/ID000359_V-BTS/Real/02.jpg (2/10)
2026-08-01 07:30:02,463 | INFO | Q002865 | ID000359 | Real | rank 3 failed (http_403), trying next candidate
2026-08-01 07:30:02,464 | INFO | Q002865 | ID000359 | Real | Partial -- only 2/10 found among 3 candidates
2026-08-01 07:30:03,920 | INFO | Q002868 | ID000359 | Fake | Saved rank 1 -> /home/amna/Real-vs-Fake/Data/Images/ID000359_V-BTS/Fake/01.jpg (1/10)
2026-08-01 07:30:04,988 | INFO | Q002868 | ID000359 | Fake | Saved rank 5 -> /home/amna/Real-vs-Fake/Data/Images/ID000359_V-BTS/Fake/02.jpg (2/10)
2026-08-01 07:30:04,989 | INFO | Q002868 | ID000359 | Fake | Partial -- only 2/10 found among 2 candidates
2026-08-01 07:30:07,209 | INFO | Q002873 | ID000360 | Real | Saved rank 2 -> /home/amna/Real-vs-Fake/Data/Images/ID000360_Vera-Farmiga/Real/01.jpg (1/10)
2026-08-01 07:30:08,662 | INFO | Q002873 | ID000360 | Real | Saved rank 3 -> /home/amna/Real-vs-Fake/Data/Images/ID000360_Vera-Farmiga/Real/02.jpg (2/10)
2026-08-01 07:30:08,662 | INFO | Q002873 | ID000360 | Real | Partial -- only 2/10 found among 2 candidates
2026-08-01 07:30:10,593 | INFO | Q002874 | ID000360 | Fake | Saved rank 1 -> /home/amna/Real-vs-Fake/Data/Images/ID000360_Vera-Farmiga/Fake/01.jpg (1/10)
2026-08-01 07:30:10,593 | INFO | Q002874 | ID000360 | Fake | Partial -- only 1/10 found among 1 candidates
2026-08-01 07:30:12,294 | INFO | Q002879 | ID000360 | Fake | Saved rank 46 -> /home/amna/Real-vs-Fake/Data/Images/ID000360_Vera-Farmiga/Fake/02.jpg (2/10)
2026-08-01 07:30:12,302 | INFO | Q002879 | ID000360 | Fake | Partial -- only 2/10 found among 1 candidates
2026-08-01 07:30:13,894 | INFO | Q002881 | ID000361 | Real | Saved rank 1 -> /home/amna/Real-vs-Fake/Data/Images/ID000361_Victor-Osimhen/Real/01.jpg (1/10)
2026-08-01 07:30:16,134 | INFO | Q002881 | ID000361 | Real | Saved rank 2 -> /home/amna/Real-vs-Fake/Data/Images/ID000361_Victor-Osimhen/Real/02.jpg (2/10)
2026-08-01 07:30:16,134 | INFO | Q002881 | ID000361 | Real | Partial -- only 2/10 found among 2 candidates
2026-08-01 07:30:17,218 | INFO | Q002889 | ID000362 | Real | Saved rank 1 -> /home/amna/Real-vs-Fake/Data/Images/ID000362_Vin-Diesel/Real/01.jpg (1/10)
2026-08-01 07:30:18,785 | INFO | Q002889 | ID000362 | Real | Saved rank 4 -> /home/amna/Real-vs-Fake/Data/Images/ID000362_Vin-Diesel/Real/02.jpg (2/10)
2026-08-01 07:30:18,786 | INFO | Q002889 | ID000362 | Real | Partial -- only 2/10 found among 2 candidates
2026-08-01 07:30:22,223 | INFO | Q002890 | ID000362 | Fake | Saved rank 41 -> /home/amna/Real-vs-Fake/Data/Images/ID000362_Vin-Diesel/Fake/01.png (1/10)
2026-08-01 07:30:22,223 | INFO | Q002890 | ID000362 | Fake | Partial -- only 1/10 found among 1 candidates
2026-08-01 07:30:23,987 | INFO | Q002892 | ID000362 | Fake | Saved rank 17 -> /home/amna/Real-vs-Fake/Data/Images/ID000362_Vin-Diesel/Fake/02.jpg (2/10)
2026-08-01 07:30:23,987 | INFO | Q002892 | ID000362 | Fake | Partial -- only 2/10 found among 1 candidates
2026-08-01 07:30:25,357 | INFO | Q002893 | ID000362 | Fake | Saved rank 7 -> /home/amna/Real-vs-Fake/Data/Images/ID000362_Vin-Diesel/Fake/03.jpg (3/10)
2026-08-01 07:30:25,357 | INFO | Q002893 | ID000362 | Fake | Partial -- only 3/10 found among 1 candidates
2026-08-01 07:30:26,955 | INFO | Q002897 | ID000363 | Real | Saved rank 1 -> /home/amna/Real-vs-Fake/Data/Images/ID000363_Vladimir-Vladimirovich-Putin-i/Real/01.jpg (1/10)
2026-08-01 07:30:29,496 | INFO | Q002897 | ID000363 | Real | Saved rank 3 -> /home/amna/Real-vs-Fake/Data/Images/ID000363_Vladimir-Vladimirovich-Putin-i/Real/02.jpg (2/10)
2026-08-01 07:30:29,496 | INFO | Q002897 | ID000363 | Real | Partial -- only 2/10 found among 2 candidates
2026-08-01 07:30:31,122 | INFO | Q002898 | ID000363 | Fake | Saved rank 9 -> /home/amna/Real-vs-Fake/Data/Images/ID000363_Vladimir-Vladimirovich-Putin-i/Fake/01.jpg (1/10)
2026-08-01 07:30:31,123 | INFO | Q002898 | ID000363 | Fake | Partial -- only 1/10 found among 1 candidates
2026-08-01 07:30:32,879 | INFO | Q002899 | ID000363 | Fake | Saved rank 17 -> /home/amna/Real-vs-Fake/Data/Images/ID000363_Vladimir-Vladimirovich-Putin-i/Fake/02.jpg (2/10)
2026-08-01 07:30:32,879 | INFO | Q002899 | ID000363 | Fake | Partial -- only 2/10 found among 1 candidates
2026-08-01 07:30:34,629 | INFO | Q002900 | ID000363 | Fake | Saved rank 11 -> /home/amna/Real-vs-Fake/Data/Images/ID000363_Vladimir-Vladimirovich-Putin-i/Fake/03.jpg (3/10)
2026-08-01 07:30:39,714 | INFO | Q002900 | ID000363 | Fake | Saved rank 18 -> /home/amna/Real-vs-Fake/Data/Images/ID000363_Vladimir-Vladimirovich-Putin-i/Fake/04.jpg (4/10)
2026-08-01 07:30:39,714 | INFO | Q002900 | ID000363 | Fake | Partial -- only 4/10 found among 2 candidates
2026-08-01 07:30:41,309 | INFO | Q002905 | ID000364 | Real | Saved rank 1 -> /home/amna/Real-vs-Fake/Data/Images/ID000364_Walt-Disney/Real/01.jpg (1/10)
2026-08-01 07:30:41,309 | INFO | Q002905 | ID000364 | Real | Partial -- only 1/10 found among 1 candidates
2026-08-01 07:30:45,473 | INFO | Q002906 | ID000364 | Fake | Saved rank 1 -> /home/amna/Real-vs-Fake/Data/Images/ID000364_Walt-Disney/Fake/01.png (1/10)
2026-08-01 07:30:45,473 | INFO | Q002906 | ID000364 | Fake | Partial -- only 1/10 found among 1 candidates
2026-08-01 07:30:51,016 | INFO | Q002907 | ID000364 | Fake | Saved rank 11 -> /home/amna/Real-vs-Fake/Data/Images/ID000364_Walt-Disney/Fake/02.jpg (2/10)
2026-08-01 07:30:59,514 | INFO | Q002907 | ID000364 | Fake | Saved rank 15 -> /home/amna/Real-vs-Fake/Data/Images/ID000364_Walt-Disney/Fake/03.jpg (3/10)
2026-08-01 07:30:59,515 | INFO | Q002907 | ID000364 | Fake | Partial -- only 3/10 found among 2 candidates
2026-08-01 07:31:00,767 | INFO | Q002913 | ID000365 | Real | Saved rank 1 -> /home/amna/Real-vs-Fake/Data/Images/ID000365_Walter-Matthau/Real/01.jpg (1/10)
2026-08-01 07:31:02,187 | INFO | Q002913 | ID000365 | Real | Saved rank 3 -> /home/amna/Real-vs-Fake/Data/Images/ID000365_Walter-Matthau/Real/02.jpg (2/10)
2026-08-01 07:31:02,187 | INFO | Q002913 | ID000365 | Real | Partial -- only 2/10 found among 2 candidates
2026-08-01 07:31:04,027 | INFO | Q002914 | ID000365 | Fake | Saved rank 31 -> /home/amna/Real-vs-Fake/Data/Images/ID000365_Walter-Matthau/Fake/01.png (1/10)
2026-08-01 07:31:04,028 | INFO | Q002914 | ID000365 | Fake | Partial -- only 1/10 found among 1 candidates
2026-08-01 07:31:05,803 | INFO | Q002915 | ID000365 | Fake | Saved rank 7 -> /home/amna/Real-vs-Fake/Data/Images/ID000365_Walter-Matthau/Fake/02.png (2/10)
2026-08-01 07:31:08,185 | INFO | Q002915 | ID000365 | Fake | Saved rank 12 -> /home/amna/Real-vs-Fake/Data/Images/ID000365_Walter-Matthau/Fake/03.jpg (3/10)
2026-08-01 07:31:08,185 | INFO | Q002915 | ID000365 | Fake | Partial -- only 3/10 found among 2 candidates
2026-08-01 07:31:09,791 | INFO | Q002920 | ID000365 | Fake | Saved rank 25 -> /home/amna/Real-vs-Fake/Data/Images/ID000365_Walter-Matthau/Fake/04.png (4/10)
2026-08-01 07:31:09,791 | INFO | Q002920 | ID000365 | Fake | Partial -- only 4/10 found among 1 candidates
2026-08-01 07:31:11,461 | INFO | Q002921 | ID000366 | Real | Saved rank 1 -> /home/amna/Real-vs-Fake/Data/Images/ID000366_Will-Ferrell/Real/01.jpg (1/10)
2026-08-01 07:31:12,973 | INFO | Q002921 | ID000366 | Real | Saved rank 3 -> /home/amna/Real-vs-Fake/Data/Images/ID000366_Will-Ferrell/Real/02.jpg (2/10)
2026-08-01 07:31:12,973 | INFO | Q002921 | ID000366 | Real | Partial -- only 2/10 found among 2 candidates
2026-08-01 07:31:14,788 | INFO | Q002922 | ID000366 | Fake | Saved rank 9 -> /home/amna/Real-vs-Fake/Data/Images/ID000366_Will-Ferrell/Fake/01.jpg (1/10)
2026-08-01 07:31:14,788 | INFO | Q002922 | ID000366 | Fake | Partial -- only 1/10 found among 1 candidates
2026-08-01 07:31:22,215 | INFO | Q002923 | ID000366 | Fake | Saved rank 10 -> /home/amna/Real-vs-Fake/Data/Images/ID000366_Will-Ferrell/Fake/02.jpg (2/10)
2026-08-01 07:31:26,083 | INFO | Q002923 | ID000366 | Fake | Saved rank 30 -> /home/amna/Real-vs-Fake/Data/Images/ID000366_Will-Ferrell/Fake/03.jpg (3/10)
2026-08-01 07:31:26,083 | INFO | Q002923 | ID000366 | Fake | Partial -- only 3/10 found among 2 candidates
2026-08-01 07:31:27,963 | INFO | Q002924 | ID000366 | Fake | Saved rank 1 -> /home/amna/Real-vs-Fake/Data/Images/ID000366_Will-Ferrell/Fake/04.jpg (4/10)
2026-08-01 07:31:27,964 | INFO | Q002924 | ID000366 | Fake | Partial -- only 4/10 found among 1 candidates
2026-08-01 07:31:31,545 | INFO | Q002929 | ID000367 | Real | Saved rank 1 -> /home/amna/Real-vs-Fake/Data/Images/ID000367_Will-Smith/Real/01.jpg (1/10)
2026-08-01 07:31:33,103 | INFO | Q002929 | ID000367 | Real | Saved rank 2 -> /home/amna/Real-vs-Fake/Data/Images/ID000367_Will-Smith/Real/02.jpg (2/10)
2026-08-01 07:31:34,484 | INFO | Q002929 | ID000367 | Real | Saved rank 4 -> /home/amna/Real-vs-Fake/Data/Images/ID000367_Will-Smith/Real/03.jpg (3/10)
2026-08-01 07:31:34,484 | INFO | Q002929 | ID000367 | Real | Partial -- only 3/10 found among 3 candidates
2026-08-01 07:31:40,072 | INFO | Q002930 | ID000367 | Fake | Saved rank 13 -> /home/amna/Real-vs-Fake/Data/Images/ID000367_Will-Smith/Fake/01.jpg (1/10)
2026-08-01 07:31:40,072 | INFO | Q002930 | ID000367 | Fake | Partial -- only 1/10 found among 1 candidates
2026-08-01 07:31:41,766 | INFO | Q002931 | ID000367 | Fake | Saved rank 3 -> /home/amna/Real-vs-Fake/Data/Images/ID000367_Will-Smith/Fake/02.jpg (2/10)
2026-08-01 07:31:41,766 | INFO | Q002931 | ID000367 | Fake | Partial -- only 2/10 found among 1 candidates
2026-08-01 07:31:44,174 | INFO | Q002932 | ID000367 | Fake | Saved rank 47 -> /home/amna/Real-vs-Fake/Data/Images/ID000367_Will-Smith/Fake/03.jpg (3/10)
2026-08-01 07:31:44,174 | INFO | Q002932 | ID000367 | Fake | Partial -- only 3/10 found among 1 candidates
2026-08-01 07:31:46,174 | INFO | Q002933 | ID000367 | Fake | Saved rank 2 -> /home/amna/Real-vs-Fake/Data/Images/ID000367_Will-Smith/Fake/04.jpg (4/10)
2026-08-01 07:31:46,174 | INFO | Q002933 | ID000367 | Fake | Partial -- only 4/10 found among 1 candidates
2026-08-01 07:31:47,683 | INFO | Q002937 | ID000368 | Real | Saved rank 2 -> /home/amna/Real-vs-Fake/Data/Images/ID000368_William/Real/01.jpg (1/10)
2026-08-01 07:31:48,873 | INFO | Q002937 | ID000368 | Real | Saved rank 3 -> /home/amna/Real-vs-Fake/Data/Images/ID000368_William/Real/02.jpg (2/10)
2026-08-01 07:31:49,101 | INFO | Q002937 | ID000368 | Real | Partial -- only 2/10 found among 2 candidates
2026-08-01 07:31:50,696 | INFO | Q002938 | ID000368 | Fake | Saved rank 12 -> /home/amna/Real-vs-Fake/Data/Images/ID000368_William/Fake/01.jpg (1/10)
2026-08-01 07:31:50,696 | INFO | Q002938 | ID000368 | Fake | Partial -- only 1/10 found among 1 candidates
2026-08-01 07:31:52,260 | INFO | Q002940 | ID000368 | Fake | Saved rank 10 -> /home/amna/Real-vs-Fake/Data/Images/ID000368_William/Fake/02.jpg (2/10)
2026-08-01 07:31:52,260 | INFO | Q002940 | ID000368 | Fake | Partial -- only 2/10 found among 1 candidates
2026-08-01 07:31:58,960 | INFO | Q002941 | ID000368 | Fake | Saved rank 15 -> /home/amna/Real-vs-Fake/Data/Images/ID000368_William/Fake/03.jpg (3/10)
2026-08-01 07:31:58,960 | INFO | Q002941 | ID000368 | Fake | Partial -- only 3/10 found among 1 candidates
2026-08-01 07:32:00,632 | INFO | Q002945 | ID000369 | Real | Saved rank 1 -> /home/amna/Real-vs-Fake/Data/Images/ID000369_William-Shatner/Real/01.jpg (1/10)
2026-08-01 07:32:02,070 | INFO | Q002945 | ID000369 | Real | Saved rank 5 -> /home/amna/Real-vs-Fake/Data/Images/ID000369_William-Shatner/Real/02.jpg (2/10)
2026-08-01 07:32:02,071 | INFO | Q002945 | ID000369 | Real | Partial -- only 2/10 found among 2 candidates
2026-08-01 07:32:05,944 | INFO | Q002946 | ID000369 | Fake | Saved rank 12 -> /home/amna/Real-vs-Fake/Data/Images/ID000369_William-Shatner/Fake/01.jpg (1/10)
2026-08-01 07:32:07,229 | INFO | Q002946 | ID000369 | Fake | Saved rank 13 -> /home/amna/Real-vs-Fake/Data/Images/ID000369_William-Shatner/Fake/02.jpg (2/10)
2026-08-01 07:32:07,230 | INFO | Q002946 | ID000369 | Fake | Partial -- only 2/10 found among 2 candidates
2026-08-01 07:32:09,010 | INFO | Q002947 | ID000369 | Fake | Saved rank 14 -> /home/amna/Real-vs-Fake/Data/Images/ID000369_William-Shatner/Fake/03.jpg (3/10)
2026-08-01 07:32:09,010 | INFO | Q002947 | ID000369 | Fake | Partial -- only 3/10 found among 1 candidates
2026-08-01 07:32:10,460 | INFO | Q002948 | ID000369 | Fake | Saved rank 27 -> /home/amna/Real-vs-Fake/Data/Images/ID000369_William-Shatner/Fake/04.jpg (4/10)
2026-08-01 07:32:10,460 | INFO | Q002948 | ID000369 | Fake | Partial -- only 4/10 found among 1 candidates
2026-08-01 07:32:19,879 | INFO | Q002953 | ID000370 | Real | Saved rank 3 -> /home/amna/Real-vs-Fake/Data/Images/ID000370_Winona-Ryder/Real/01.jpg (1/10)
2026-08-01 07:32:19,880 | INFO | Q002953 | ID000370 | Real | Partial -- only 1/10 found among 1 candidates
2026-08-01 07:32:21,901 | INFO | Q002954 | ID000370 | Fake | Saved rank 2 -> /home/amna/Real-vs-Fake/Data/Images/ID000370_Winona-Ryder/Fake/01.jpg (1/10)
2026-08-01 07:32:21,901 | INFO | Q002954 | ID000370 | Fake | Partial -- only 1/10 found among 1 candidates
2026-08-01 07:32:27,600 | INFO | Q002955 | ID000370 | Fake | Saved rank 28 -> /home/amna/Real-vs-Fake/Data/Images/ID000370_Winona-Ryder/Fake/02.jpg (2/10)
2026-08-01 07:32:31,635 | INFO | Q002955 | ID000370 | Fake | Saved rank 48 -> /home/amna/Real-vs-Fake/Data/Images/ID000370_Winona-Ryder/Fake/03.jpg (3/10)
2026-08-01 07:32:31,635 | INFO | Q002955 | ID000370 | Fake | Partial -- only 3/10 found among 2 candidates
2026-08-01 07:32:37,352 | INFO | Q002957 | ID000370 | Fake | Saved rank 25 -> /home/amna/Real-vs-Fake/Data/Images/ID000370_Winona-Ryder/Fake/04.jpg (4/10)
2026-08-01 07:32:37,353 | INFO | Q002957 | ID000370 | Fake | Partial -- only 4/10 found among 1 candidates
2026-08-01 07:32:41,276 | INFO | Q002961 | ID000371 | Real | Saved rank 1 -> /home/amna/Real-vs-Fake/Data/Images/ID000371_Woody-Allen/Real/01.jpg (1/10)
2026-08-01 07:32:41,287 | INFO | Q002961 | ID000371 | Real | Partial -- only 1/10 found among 1 candidates
2026-08-01 07:32:43,509 | INFO | Q002962 | ID000371 | Fake | Saved rank 1 -> /home/amna/Real-vs-Fake/Data/Images/ID000371_Woody-Allen/Fake/01.jpg (1/10)
2026-08-01 07:32:45,699 | INFO | Q002962 | ID000371 | Fake | Saved rank 3 -> /home/amna/Real-vs-Fake/Data/Images/ID000371_Woody-Allen/Fake/02.jpg (2/10)
2026-08-01 07:32:55,008 | INFO | Q002962 | ID000371 | Fake | Saved rank 17 -> /home/amna/Real-vs-Fake/Data/Images/ID000371_Woody-Allen/Fake/03.jpg (3/10)
2026-08-01 07:32:55,009 | INFO | Q002962 | ID000371 | Fake | Partial -- only 3/10 found among 3 candidates
2026-08-01 07:32:57,131 | INFO | Q002964 | ID000371 | Fake | Saved rank 3 -> /home/amna/Real-vs-Fake/Data/Images/ID000371_Woody-Allen/Fake/04.jpg (4/10)
2026-08-01 07:32:57,134 | INFO | Q002964 | ID000371 | Fake | Partial -- only 4/10 found among 1 candidates
2026-08-01 07:32:58,709 | INFO | Q002967 | ID000371 | Fake | Saved rank 41 -> /home/amna/Real-vs-Fake/Data/Images/ID000371_Woody-Allen/Fake/05.jpg (5/10)
2026-08-01 07:33:00,348 | INFO | Q002967 | ID000371 | Fake | Saved rank 42 -> /home/amna/Real-vs-Fake/Data/Images/ID000371_Woody-Allen/Fake/06.jpg (6/10)
2026-08-01 07:33:00,349 | INFO | Q002967 | ID000371 | Fake | Partial -- only 6/10 found among 2 candidates
2026-08-01 07:33:01,728 | INFO | Q002969 | ID000372 | Real | Saved rank 1 -> /home/amna/Real-vs-Fake/Data/Images/ID000372_XI-Jinping/Real/01.jpg (1/10)
2026-08-01 07:33:03,029 | INFO | Q002969 | ID000372 | Real | Saved rank 2 -> /home/amna/Real-vs-Fake/Data/Images/ID000372_XI-Jinping/Real/02.jpg (2/10)
2026-08-01 07:33:03,029 | INFO | Q002969 | ID000372 | Real | Partial -- only 2/10 found among 2 candidates
2026-08-01 07:33:04,844 | INFO | Q002970 | ID000372 | Fake | Saved rank 5 -> /home/amna/Real-vs-Fake/Data/Images/ID000372_XI-Jinping/Fake/01.jpg (1/10)
2026-08-01 07:33:06,554 | INFO | Q002970 | ID000372 | Fake | Saved rank 9 -> /home/amna/Real-vs-Fake/Data/Images/ID000372_XI-Jinping/Fake/02.jpg (2/10)
2026-08-01 07:33:06,554 | INFO | Q002970 | ID000372 | Fake | Partial -- only 2/10 found among 2 candidates
2026-08-01 07:33:09,142 | INFO | Q002977 | ID000373 | Real | Saved rank 1 -> /home/amna/Real-vs-Fake/Data/Images/ID000373_Xiao-Zhan/Real/01.jpg (1/10)
2026-08-01 07:33:10,802 | INFO | Q002977 | ID000373 | Real | Saved rank 2 -> /home/amna/Real-vs-Fake/Data/Images/ID000373_Xiao-Zhan/Real/02.jpg (2/10)
2026-08-01 07:33:14,826 | INFO | Q002977 | ID000373 | Real | Saved rank 3 -> /home/amna/Real-vs-Fake/Data/Images/ID000373_Xiao-Zhan/Real/03.jpg (3/10)
2026-08-01 07:33:14,826 | INFO | Q002977 | ID000373 | Real | Partial -- only 3/10 found among 3 candidates
2026-08-01 07:33:16,331 | INFO | Q002978 | ID000373 | Fake | Saved rank 17 -> /home/amna/Real-vs-Fake/Data/Images/ID000373_Xiao-Zhan/Fake/01.jpg (1/10)
2026-08-01 07:33:17,793 | INFO | Q002978 | ID000373 | Fake | Saved rank 27 -> /home/amna/Real-vs-Fake/Data/Images/ID000373_Xiao-Zhan/Fake/02.jpg (2/10)
2026-08-01 07:33:17,794 | INFO | Q002978 | ID000373 | Fake | Partial -- only 2/10 found among 2 candidates
2026-08-01 07:33:19,588 | INFO | Q002980 | ID000373 | Fake | Saved rank 15 -> /home/amna/Real-vs-Fake/Data/Images/ID000373_Xiao-Zhan/Fake/03.jpg (3/10)
2026-08-01 07:33:19,589 | INFO | Q002980 | ID000373 | Fake | Partial -- only 3/10 found among 1 candidates
2026-08-01 07:33:21,222 | INFO | Q002985 | ID000374 | Real | Saved rank 1 -> /home/amna/Real-vs-Fake/Data/Images/ID000374_Zhong-Huijuan/Real/01.jpg (1/10)
2026-08-01 07:33:22,395 | INFO | Q002985 | ID000374 | Real | Saved rank 2 -> /home/amna/Real-vs-Fake/Data/Images/ID000374_Zhong-Huijuan/Real/02.jpg (2/10)
2026-08-01 07:33:23,899 | INFO | Q002985 | ID000374 | Real | Saved rank 3 -> /home/amna/Real-vs-Fake/Data/Images/ID000374_Zhong-Huijuan/Real/03.jpg (3/10)
2026-08-01 07:33:23,899 | INFO | Q002985 | ID000374 | Real | Partial -- only 3/10 found among 3 candidates
2026-08-01 07:33:25,305 | INFO | Q003001 | ID000376 | Real | Saved rank 2 -> /home/amna/Real-vs-Fake/Data/Images/ID000376_aane-Hathaway/Real/01.jpg (1/10)
2026-08-01 07:33:26,695 | INFO | Q003001 | ID000376 | Real | Saved rank 4 -> /home/amna/Real-vs-Fake/Data/Images/ID000376_aane-Hathaway/Real/02.jpg (2/10)
2026-08-01 07:33:26,696 | INFO | Q003001 | ID000376 | Real | Partial -- only 2/10 found among 2 candidates
2026-08-01 07:33:28,706 | INFO | Q003002 | ID000376 | Fake | Saved rank 5 -> /home/amna/Real-vs-Fake/Data/Images/ID000376_aane-Hathaway/Fake/01.jpg (1/10)
2026-08-01 07:33:30,622 | INFO | Q003002 | ID000376 | Fake | Saved rank 25 -> /home/amna/Real-vs-Fake/Data/Images/ID000376_aane-Hathaway/Fake/02.jpg (2/10)
2026-08-01 07:33:30,622 | INFO | Q003002 | ID000376 | Fake | Partial -- only 2/10 found among 2 candidates
2026-08-01 07:33:31,991 | INFO | Q003009 | ID000377 | Real | Saved rank 1 -> /home/amna/Real-vs-Fake/Data/Images/ID000377_angela-merkel/Real/01.jpg (1/10)
2026-08-01 07:33:33,387 | INFO | Q003009 | ID000377 | Real | Saved rank 2 -> /home/amna/Real-vs-Fake/Data/Images/ID000377_angela-merkel/Real/02.jpg (2/10)
2026-08-01 07:33:33,388 | INFO | Q003009 | ID000377 | Real | Partial -- only 2/10 found among 2 candidates
2026-08-01 07:33:44,402 | INFO | Q003011 | ID000377 | Fake | rank 2 failed (request_error: HTTPSConnectionPool(host='www.rnd.de', port=443): Max retries exceeded with url: /resizer/v2/OZATFP5IK5FLVFMVQY6YKVAFDQ.jpg?auth=1a57058732bbe4bdabb5004fb33d16cf21ee0a31eeaf1045fc53016533ebc80e&quality=70&width=1441&height=1441&smart=true (Caused by NewConnectionError('<urllib3.connection.HTTPSConnection object at 0x7006b6e6e1c0>: Failed to establish a new connection: [Errno -3] Temporary failure in name resolution'))), trying next candidate
2026-08-01 07:33:44,402 | WARNING | Q003011 | ID000377 | Fake | All 1 candidates hit transient errors -- will retry next run
2026-08-01 07:33:49,000 | INFO | Q003017 | ID000378 | Real | Saved rank 1 -> /home/amna/Real-vs-Fake/Data/Images/ID000378_captin-pat-cumins/Real/01.jpg (1/10)
2026-08-01 07:33:51,347 | INFO | Q003017 | ID000378 | Real | Saved rank 2 -> /home/amna/Real-vs-Fake/Data/Images/ID000378_captin-pat-cumins/Real/02.jpg (2/10)
2026-08-01 07:33:53,338 | INFO | Q003017 | ID000378 | Real | Saved rank 3 -> /home/amna/Real-vs-Fake/Data/Images/ID000378_captin-pat-cumins/Real/03.jpg (3/10)
2026-08-01 07:33:53,339 | INFO | Q003017 | ID000378 | Real | Partial -- only 3/10 found among 3 candidates
2026-08-01 07:33:54,964 | INFO | Q003023 | ID000378 | Fake | Saved rank 1 -> /home/amna/Real-vs-Fake/Data/Images/ID000378_captin-pat-cumins/Fake/01.jpg (1/10)
2026-08-01 07:33:54,964 | INFO | Q003023 | ID000378 | Fake | Partial -- only 1/10 found among 1 candidates
2026-08-01 07:34:00,414 | INFO | Q003025 | ID000379 | Real | Saved rank 3 -> /home/amna/Real-vs-Fake/Data/Images/ID000379_denzel-washington/Real/01.jpg (1/10)
2026-08-01 07:34:00,414 | INFO | Q003025 | ID000379 | Real | Partial -- only 1/10 found among 1 candidates
2026-08-01 07:34:02,381 | INFO | Q003026 | ID000379 | Fake | Saved rank 1 -> /home/amna/Real-vs-Fake/Data/Images/ID000379_denzel-washington/Fake/01.jpg (1/10)
2026-08-01 07:34:04,205 | INFO | Q003026 | ID000379 | Fake | Saved rank 2 -> /home/amna/Real-vs-Fake/Data/Images/ID000379_denzel-washington/Fake/02.jpg (2/10)
2026-08-01 07:34:05,828 | INFO | Q003026 | ID000379 | Fake | Saved rank 9 -> /home/amna/Real-vs-Fake/Data/Images/ID000379_denzel-washington/Fake/03.jpg (3/10)
2026-08-01 07:34:05,828 | INFO | Q003026 | ID000379 | Fake | Partial -- only 3/10 found among 3 candidates
2026-08-01 07:34:11,086 | INFO | Q003027 | ID000379 | Fake | Saved rank 31 -> /home/amna/Real-vs-Fake/Data/Images/ID000379_denzel-washington/Fake/04.jpg (4/10)
2026-08-01 07:34:11,087 | INFO | Q003027 | ID000379 | Fake | Partial -- only 4/10 found among 1 candidates
2026-08-01 07:34:13,071 | INFO | Q003028 | ID000379 | Fake | Saved rank 48 -> /home/amna/Real-vs-Fake/Data/Images/ID000379_denzel-washington/Fake/05.jpg (5/10)
2026-08-01 07:34:13,071 | INFO | Q003028 | ID000379 | Fake | Partial -- only 5/10 found among 1 candidates
2026-08-01 07:34:18,857 | INFO | Q003033 | ID000380 | Real | Saved rank 3 -> /home/amna/Real-vs-Fake/Data/Images/ID000380_dua-lipa/Real/01.jpg (1/10)
2026-08-01 07:34:18,857 | INFO | Q003033 | ID000380 | Real | Partial -- only 1/10 found among 1 candidates
2026-08-01 07:34:20,342 | INFO | Q003034 | ID000380 | Fake | Saved rank 8 -> /home/amna/Real-vs-Fake/Data/Images/ID000380_dua-lipa/Fake/01.jpg (1/10)
2026-08-01 07:34:20,342 | INFO | Q003034 | ID000380 | Fake | Partial -- only 1/10 found among 1 candidates
2026-08-01 07:34:29,678 | INFO | Q003035 | ID000380 | Fake | Saved rank 2 -> /home/amna/Real-vs-Fake/Data/Images/ID000380_dua-lipa/Fake/02.jpg (2/10)
2026-08-01 07:34:29,679 | INFO | Q003035 | ID000380 | Fake | Partial -- only 2/10 found among 1 candidates
2026-08-01 07:34:31,344 | INFO | Q003036 | ID000380 | Fake | Saved rank 44 -> /home/amna/Real-vs-Fake/Data/Images/ID000380_dua-lipa/Fake/03.jpg (3/10)
2026-08-01 07:34:31,344 | INFO | Q003036 | ID000380 | Fake | Partial -- only 3/10 found among 1 candidates
2026-08-01 07:34:33,039 | INFO | Q003041 | ID000381 | Real | Saved rank 2 -> /home/amna/Real-vs-Fake/Data/Images/ID000381_ema-watson/Real/01.jpg (1/10)
2026-08-01 07:34:33,039 | INFO | Q003041 | ID000381 | Real | Partial -- only 1/10 found among 1 candidates
2026-08-01 07:34:34,981 | INFO | Q003043 | ID000381 | Fake | Saved rank 37 -> /home/amna/Real-vs-Fake/Data/Images/ID000381_ema-watson/Fake/01.png (1/10)
2026-08-01 07:34:34,981 | INFO | Q003043 | ID000381 | Fake | Partial -- only 1/10 found among 1 candidates
2026-08-01 07:34:36,379 | INFO | Q003049 | ID000382 | Real | Saved rank 1 -> /home/amna/Real-vs-Fake/Data/Images/ID000382_florence-pugh/Real/01.jpg (1/10)
2026-08-01 07:34:37,546 | INFO | Q003049 | ID000382 | Real | Saved rank 2 -> /home/amna/Real-vs-Fake/Data/Images/ID000382_florence-pugh/Real/02.jpg (2/10)
2026-08-01 07:34:39,421 | INFO | Q003049 | ID000382 | Real | Saved rank 3 -> /home/amna/Real-vs-Fake/Data/Images/ID000382_florence-pugh/Real/03.jpg (3/10)
2026-08-01 07:34:39,421 | INFO | Q003049 | ID000382 | Real | Partial -- only 3/10 found among 3 candidates
2026-08-01 07:34:40,939 | INFO | Q003050 | ID000382 | Fake | Saved rank 10 -> /home/amna/Real-vs-Fake/Data/Images/ID000382_florence-pugh/Fake/01.jpg (1/10)
2026-08-01 07:34:40,940 | INFO | Q003050 | ID000382 | Fake | Partial -- only 1/10 found among 1 candidates
2026-08-01 07:34:42,408 | INFO | Q003051 | ID000382 | Fake | Saved rank 2 -> /home/amna/Real-vs-Fake/Data/Images/ID000382_florence-pugh/Fake/02.jpg (2/10)
2026-08-01 07:34:42,409 | INFO | Q003051 | ID000382 | Fake | Partial -- only 2/10 found among 1 candidates
2026-08-01 07:34:44,581 | INFO | Q003052 | ID000382 | Fake | Saved rank 4 -> /home/amna/Real-vs-Fake/Data/Images/ID000382_florence-pugh/Fake/03.jpg (3/10)
2026-08-01 07:34:44,581 | INFO | Q003052 | ID000382 | Fake | Partial -- only 3/10 found among 1 candidates
2026-08-01 07:34:46,073 | INFO | Q003057 | ID000383 | Real | Saved rank 1 -> /home/amna/Real-vs-Fake/Data/Images/ID000383_keiko-kitagawa/Real/01.jpg (1/10)
2026-08-01 07:34:47,708 | INFO | Q003057 | ID000383 | Real | Saved rank 2 -> /home/amna/Real-vs-Fake/Data/Images/ID000383_keiko-kitagawa/Real/02.jpg (2/10)
2026-08-01 07:34:48,908 | INFO | Q003057 | ID000383 | Real | Saved rank 3 -> /home/amna/Real-vs-Fake/Data/Images/ID000383_keiko-kitagawa/Real/03.jpg (3/10)
2026-08-01 07:34:48,908 | INFO | Q003057 | ID000383 | Real | Partial -- only 3/10 found among 3 candidates
2026-08-01 07:34:50,548 | INFO | Q003058 | ID000383 | Fake | Saved rank 2 -> /home/amna/Real-vs-Fake/Data/Images/ID000383_keiko-kitagawa/Fake/01.jpg (1/10)
2026-08-01 07:34:52,460 | INFO | Q003058 | ID000383 | Fake | Saved rank 40 -> /home/amna/Real-vs-Fake/Data/Images/ID000383_keiko-kitagawa/Fake/02.jpg (2/10)
2026-08-01 07:34:52,460 | INFO | Q003058 | ID000383 | Fake | Partial -- only 2/10 found among 2 candidates
2026-08-01 07:34:53,888 | INFO | Q003065 | ID000384 | Real | Saved rank 3 -> /home/amna/Real-vs-Fake/Data/Images/ID000384_kriti-sanon/Real/01.jpg (1/10)
2026-08-01 07:34:53,888 | INFO | Q003065 | ID000384 | Real | Partial -- only 1/10 found among 1 candidates
2026-08-01 07:34:58,342 | INFO | Q003066 | ID000384 | Fake | Saved rank 4 -> /home/amna/Real-vs-Fake/Data/Images/ID000384_kriti-sanon/Fake/01.jpg (1/10)
2026-08-01 07:35:00,363 | INFO | Q003066 | ID000384 | Fake | Saved rank 9 -> /home/amna/Real-vs-Fake/Data/Images/ID000384_kriti-sanon/Fake/02.jpg (2/10)
2026-08-01 07:35:00,364 | INFO | Q003066 | ID000384 | Fake | Partial -- only 2/10 found among 2 candidates
2026-08-01 07:35:02,436 | INFO | Q003074 | ID000385 | Fake | Saved rank 29 -> /home/amna/Real-vs-Fake/Data/Images/ID000385_lamine-yamal/Fake/01.jpg (1/10)
2026-08-01 07:35:02,437 | INFO | Q003074 | ID000385 | Fake | Partial -- only 1/10 found among 1 candidates
2026-08-01 07:35:03,735 | INFO | Q003081 | ID000386 | Real | Saved rank 1 -> /home/amna/Real-vs-Fake/Data/Images/ID000386_meryl-streep/Real/01.jpg (1/10)
2026-08-01 07:35:03,739 | INFO | Q003081 | ID000386 | Real | Partial -- only 1/10 found among 1 candidates
2026-08-01 07:35:05,678 | INFO | Q003082 | ID000386 | Fake | Saved rank 2 -> /home/amna/Real-vs-Fake/Data/Images/ID000386_meryl-streep/Fake/01.jpg (1/10)
2026-08-01 07:35:05,678 | INFO | Q003082 | ID000386 | Fake | Partial -- only 1/10 found among 1 candidates
2026-08-01 07:35:16,689 | INFO | Q003083 | ID000386 | Fake | rank 36 failed (request_error: HTTPSConnectionPool(host='cdn.aarp.net', port=443): Max retries exceeded with url: /content/dam/aarpe/en/home/podcasts/the-perfect-scam/ai-deepfake-doctors-scam/_jcr_content/root/container_main/container_body_main/container_body1/container_body_cf/container_additional_1/container_2123475527/featuredlist/tabItem/bonus-episode-avoiding-tax-scams2.coreimg.50.932.jpeg/content/dam/aarp/money/podcasts/the-perfect-scam/s23-bonus-episode/tps-s23xbonus-org.jpg (Caused by NewConnectionError('<urllib3.connection.HTTPSConnection object at 0x7006b6e6ea90>: Failed to establish a new connection: [Errno -2] Name or service not known'))), trying next candidate
2026-08-01 07:35:16,689 | INFO | Q003083 | ID000386 | Fake | Partial -- only 1/10 found among 1 candidates
2026-08-01 07:35:18,003 | INFO | Q003089 | ID000387 | Real | Saved rank 1 -> /home/amna/Real-vs-Fake/Data/Images/ID000387_mr-beast/Real/01.jpg (1/10)
2026-08-01 07:35:19,575 | INFO | Q003089 | ID000387 | Real | Saved rank 2 -> /home/amna/Real-vs-Fake/Data/Images/ID000387_mr-beast/Real/02.jpg (2/10)
2026-08-01 07:35:19,575 | INFO | Q003089 | ID000387 | Real | Partial -- only 2/10 found among 2 candidates
2026-08-01 07:35:21,505 | INFO | Q003090 | ID000387 | Fake | Saved rank 26 -> /home/amna/Real-vs-Fake/Data/Images/ID000387_mr-beast/Fake/01.jpg (1/10)
2026-08-01 07:35:23,465 | INFO | Q003090 | ID000387 | Fake | Saved rank 38 -> /home/amna/Real-vs-Fake/Data/Images/ID000387_mr-beast/Fake/02.jpg (2/10)
2026-08-01 07:35:23,465 | INFO | Q003090 | ID000387 | Fake | Partial -- only 2/10 found among 2 candidates
2026-08-01 07:35:24,988 | INFO | Q003091 | ID000387 | Fake | Saved rank 14 -> /home/amna/Real-vs-Fake/Data/Images/ID000387_mr-beast/Fake/03.jpg (3/10)
2026-08-01 07:35:24,989 | INFO | Q003091 | ID000387 | Fake | Partial -- only 3/10 found among 1 candidates
2026-08-01 07:35:26,647 | INFO | Q003093 | ID000387 | Fake | Saved rank 12 -> /home/amna/Real-vs-Fake/Data/Images/ID000387_mr-beast/Fake/04.png (4/10)
2026-08-01 07:35:26,648 | INFO | Q003093 | ID000387 | Fake | Partial -- only 4/10 found among 1 candidates
2026-08-01 07:35:28,151 | INFO | Q003097 | ID000388 | Real | Saved rank 1 -> /home/amna/Real-vs-Fake/Data/Images/ID000388_mukesh-ambani/Real/01.jpg (1/10)
2026-08-01 07:35:28,151 | INFO | Q003097 | ID000388 | Real | Partial -- only 1/10 found among 1 candidates
2026-08-01 07:35:29,713 | INFO | Q003105 | ID000389 | Real | Saved rank 1 -> /home/amna/Real-vs-Fake/Data/Images/ID000389_narendra-modi/Real/01.jpg (1/10)
2026-08-01 07:35:33,896 | INFO | Q003105 | ID000389 | Real | Saved rank 2 -> /home/amna/Real-vs-Fake/Data/Images/ID000389_narendra-modi/Real/02.jpg (2/10)
2026-08-01 07:35:35,750 | INFO | Q003105 | ID000389 | Real | Saved rank 5 -> /home/amna/Real-vs-Fake/Data/Images/ID000389_narendra-modi/Real/03.jpg (3/10)
2026-08-01 07:35:35,750 | INFO | Q003105 | ID000389 | Real | Partial -- only 3/10 found among 3 candidates
2026-08-01 07:35:37,553 | INFO | Q003107 | ID000389 | Fake | Saved rank 15 -> /home/amna/Real-vs-Fake/Data/Images/ID000389_narendra-modi/Fake/01.jpg (1/10)
2026-08-01 07:35:37,553 | INFO | Q003107 | ID000389 | Fake | Partial -- only 1/10 found among 1 candidates
2026-08-01 07:35:39,817 | INFO | Q003113 | ID000390 | Real | Saved rank 4 -> /home/amna/Real-vs-Fake/Data/Images/ID000390_riya-ulan/Real/01.png (1/10)
2026-08-01 07:35:39,817 | INFO | Q003113 | ID000390 | Real | Partial -- only 1/10 found among 1 candidates
2026-08-01 07:35:41,036 | INFO | Q003120 | ID000390 | Fake | Saved rank 19 -> /home/amna/Real-vs-Fake/Data/Images/ID000390_riya-ulan/Fake/01.jpg (1/10)
2026-08-01 07:35:42,596 | INFO | Q003120 | ID000390 | Fake | Saved rank 20 -> /home/amna/Real-vs-Fake/Data/Images/ID000390_riya-ulan/Fake/02.png (2/10)
2026-08-01 07:35:47,655 | INFO | Q003120 | ID000390 | Fake | Saved rank 25 -> /home/amna/Real-vs-Fake/Data/Images/ID000390_riya-ulan/Fake/03.jpg (3/10)
2026-08-01 07:35:47,655 | INFO | Q003120 | ID000390 | Fake | Partial -- only 3/10 found among 3 candidates
2026-08-01 07:35:49,253 | INFO | Q003121 | ID000391 | Real | Saved rank 2 -> /home/amna/Real-vs-Fake/Data/Images/ID000391_sally-bundock/Real/01.jpg (1/10)
2026-08-01 07:35:50,573 | INFO | Q003121 | ID000391 | Real | Saved rank 3 -> /home/amna/Real-vs-Fake/Data/Images/ID000391_sally-bundock/Real/02.jpg (2/10)
2026-08-01 07:35:50,573 | INFO | Q003121 | ID000391 | Real | Partial -- only 2/10 found among 2 candidates
2026-08-01 07:35:52,343 | INFO | Q003122 | ID000391 | Fake | Saved rank 24 -> /home/amna/Real-vs-Fake/Data/Images/ID000391_sally-bundock/Fake/01.png (1/10)
2026-08-01 07:35:52,343 | INFO | Q003122 | ID000391 | Fake | Partial -- only 1/10 found among 1 candidates
2026-08-01 07:35:54,251 | INFO | Q003123 | ID000391 | Fake | Saved rank 49 -> /home/amna/Real-vs-Fake/Data/Images/ID000391_sally-bundock/Fake/02.jpg (2/10)
2026-08-01 07:35:54,252 | INFO | Q003123 | ID000391 | Fake | Partial -- only 2/10 found among 1 candidates
2026-08-01 07:35:55,889 | INFO | Q003129 | ID000392 | Real | Saved rank 1 -> /home/amna/Real-vs-Fake/Data/Images/ID000392_salman-khan/Real/01.jpg (1/10)
2026-08-01 07:35:57,165 | INFO | Q003129 | ID000392 | Real | Saved rank 2 -> /home/amna/Real-vs-Fake/Data/Images/ID000392_salman-khan/Real/02.jpg (2/10)
2026-08-01 07:35:57,165 | INFO | Q003129 | ID000392 | Real | Partial -- only 2/10 found among 2 candidates
2026-08-01 07:35:59,465 | INFO | Q003130 | ID000392 | Fake | Saved rank 11 -> /home/amna/Real-vs-Fake/Data/Images/ID000392_salman-khan/Fake/01.jpg (1/10)
2026-08-01 07:35:59,466 | INFO | Q003130 | ID000392 | Fake | Partial -- only 1/10 found among 1 candidates
2026-08-01 07:36:02,272 | INFO | Q003131 | ID000392 | Fake | Saved rank 1 -> /home/amna/Real-vs-Fake/Data/Images/ID000392_salman-khan/Fake/02.jpg (2/10)
2026-08-01 07:36:02,272 | INFO | Q003131 | ID000392 | Fake | Partial -- only 2/10 found among 1 candidates
2026-08-01 07:36:04,122 | INFO | Q003145 | ID000394 | Real | Saved rank 1 -> /home/amna/Real-vs-Fake/Data/Images/ID000394_taylor-swift/Real/01.png (1/10)
2026-08-01 07:36:07,719 | INFO | Q003145 | ID000394 | Real | Saved rank 3 -> /home/amna/Real-vs-Fake/Data/Images/ID000394_taylor-swift/Real/02.jpg (2/10)
2026-08-01 07:36:07,720 | INFO | Q003145 | ID000394 | Real | Partial -- only 2/10 found among 2 candidates
2026-08-01 07:36:09,610 | INFO | Q003146 | ID000394 | Fake | Saved rank 44 -> /home/amna/Real-vs-Fake/Data/Images/ID000394_taylor-swift/Fake/01.jpg (1/10)
2026-08-01 07:36:09,610 | INFO | Q003146 | ID000394 | Fake | Partial -- only 1/10 found among 1 candidates
2026-08-01 07:36:16,091 | INFO | Q003147 | ID000394 | Fake | Saved rank 9 -> /home/amna/Real-vs-Fake/Data/Images/ID000394_taylor-swift/Fake/02.jpg (2/10)
2026-08-01 07:36:17,652 | INFO | Q003147 | ID000394 | Fake | Saved rank 19 -> /home/amna/Real-vs-Fake/Data/Images/ID000394_taylor-swift/Fake/03.jpg (3/10)
2026-08-01 07:36:17,654 | INFO | Q003147 | ID000394 | Fake | Partial -- only 3/10 found among 2 candidates
2026-08-01 07:36:22,510 | INFO | Q003148 | ID000394 | Fake | Saved rank 2 -> /home/amna/Real-vs-Fake/Data/Images/ID000394_taylor-swift/Fake/04.webp (4/10)
2026-08-01 07:36:22,510 | INFO | Q003148 | ID000394 | Fake | Partial -- only 4/10 found among 1 candidates
2026-08-01 07:36:32,195 | INFO | Q003149 | ID000394 | Fake | Saved rank 24 -> /home/amna/Real-vs-Fake/Data/Images/ID000394_taylor-swift/Fake/05.jpg (5/10)
2026-08-01 07:36:32,196 | INFO | Q003149 | ID000394 | Fake | Partial -- only 5/10 found among 1 candidates
2026-08-01 07:36:33,611 | INFO | Q003153 | ID000395 | Real | Saved rank 1 -> /home/amna/Real-vs-Fake/Data/Images/ID000395_tom-holland/Real/01.jpg (1/10)
2026-08-01 07:36:35,286 | INFO | Q003153 | ID000395 | Real | Saved rank 3 -> /home/amna/Real-vs-Fake/Data/Images/ID000395_tom-holland/Real/02.jpg (2/10)
2026-08-01 07:36:42,306 | INFO | Q003153 | ID000395 | Real | Saved rank 4 -> /home/amna/Real-vs-Fake/Data/Images/ID000395_tom-holland/Real/03.jpg (3/10)
2026-08-01 07:36:42,306 | INFO | Q003153 | ID000395 | Real | Partial -- only 3/10 found among 3 candidates
2026-08-01 07:36:44,483 | INFO | Q003155 | ID000395 | Fake | Saved rank 16 -> /home/amna/Real-vs-Fake/Data/Images/ID000395_tom-holland/Fake/01.jpg (1/10)
2026-08-01 07:36:44,483 | INFO | Q003155 | ID000395 | Fake | Partial -- only 1/10 found among 1 candidates
2026-08-01 07:36:46,290 | INFO | Q003156 | ID000395 | Fake | Saved rank 8 -> /home/amna/Real-vs-Fake/Data/Images/ID000395_tom-holland/Fake/02.jpg (2/10)
2026-08-01 07:36:46,291 | INFO | Q003156 | ID000395 | Fake | Partial -- only 2/10 found among 1 candidates
2026-08-01 07:36:47,936 | INFO | Q003161 | ID000396 | Real | Saved rank 1 -> /home/amna/Real-vs-Fake/Data/Images/ID000396_virat-kohli/Real/01.jpg (1/10)
2026-08-01 07:36:49,359 | INFO | Q003161 | ID000396 | Real | Saved rank 2 -> /home/amna/Real-vs-Fake/Data/Images/ID000396_virat-kohli/Real/02.webp (2/10)
2026-08-01 07:36:49,359 | INFO | Q003161 | ID000396 | Real | Partial -- only 2/10 found among 2 candidates
2026-08-01 07:36:51,192 | INFO | Q003169 | ID000397 | Real | Saved rank 1 -> /home/amna/Real-vs-Fake/Data/Images/ID000397_Álvaro-Morte/Real/01.jpg (1/10)
2026-08-01 07:36:52,829 | INFO | Q003169 | ID000397 | Real | Saved rank 2 -> /home/amna/Real-vs-Fake/Data/Images/ID000397_Álvaro-Morte/Real/02.jpg (2/10)
2026-08-01 07:36:54,644 | INFO | Q003169 | ID000397 | Real | Saved rank 3 -> /home/amna/Real-vs-Fake/Data/Images/ID000397_Álvaro-Morte/Real/03.jpg (3/10)
2026-08-01 07:36:54,644 | INFO | Q003169 | ID000397 | Real | Partial -- only 3/10 found among 3 candidates
2026-08-01 07:36:56,118 | INFO | Q003171 | ID000397 | Fake | Saved rank 3 -> /home/amna/Real-vs-Fake/Data/Images/ID000397_Álvaro-Morte/Fake/01.jpg (1/10)
2026-08-01 07:36:57,564 | INFO | Q003171 | ID000397 | Fake | Saved rank 39 -> /home/amna/Real-vs-Fake/Data/Images/ID000397_Álvaro-Morte/Fake/02.jpg (2/10)
2026-08-01 07:36:57,565 | INFO | Q003171 | ID000397 | Fake | Partial -- only 2/10 found among 2 candidates
2026-08-01 07:36:58,826 | INFO | Q003179 | ID000398 | Fake | Saved rank 5 -> /home/amna/Real-vs-Fake/Data/Images/ID000398_úrsula-corberó/Fake/01.jpg (1/10)
2026-08-01 07:36:58,826 | INFO | Q003179 | ID000398 | Fake | Partial -- only 1/10 found among 1 candidates
2026-08-01 07:37:00,305 | INFO | Q003181 | ID000398 | Fake | Saved rank 45 -> /home/amna/Real-vs-Fake/Data/Images/ID000398_úrsula-corberó/Fake/02.jpg (2/10)
2026-08-01 07:37:00,306 | INFO | Q003181 | ID000398 | Fake | Partial -- only 2/10 found among 1 candidates
2026-08-01 07:37:01,961 | INFO | Q003183 | ID000398 | Fake | Saved rank 30 -> /home/amna/Real-vs-Fake/Data/Images/ID000398_úrsula-corberó/Fake/03.jpg (3/10)
2026-08-01 07:37:01,961 | INFO | Q003183 | ID000398 | Fake | Partial -- only 3/10 found among 1 candidates
2026-08-01 07:37:01,962 | INFO | ============================================================
2026-08-01 07:37:01,962 | INFO | STEP 4 RUN COMPLETE
2026-08-01 07:37:01,962 | INFO | Success (target reached) : 0
2026-08-01 07:37:01,962 | INFO | Partial (some, not all)  : 143
2026-08-01 07:37:01,963 | INFO | Discarded (no image)     : 0
2026-08-01 07:37:01,963 | INFO | Errors (will retry)      : 1
2026-08-01 07:37:01,963 | INFO | Remaining                : 1
2026-08-01 07:37:01,963 | INFO | ============================================================
2026-08-01 08:01:49,064 | INFO | Loaded 391 PAIRED identities from identity_pairing_report.csv
2026-08-01 08:01:49,080 | INFO | ============================================================
2026-08-01 08:01:49,080 | INFO | STEP 4 START (Image Download, paired identities only)
2026-08-01 08:01:49,080 | INFO | Paired identities          : 391
2026-08-01 08:01:49,081 | INFO | Unpaired identities skipped: 6
2026-08-01 08:01:49,081 | INFO | Total identity/type groups : 1165
2026-08-01 08:01:49,081 | INFO | Already completed          : 757
2026-08-01 08:01:49,081 | INFO | Remaining pending          : 4
2026-08-01 08:01:49,081 | INFO | Groups this run            : 4
2026-08-01 08:01:49,081 | INFO | ============================================================
2026-08-01 08:01:50,751 | INFO | Q000745 | ID000094 | Real | Saved rank 2 -> /home/amna/Real-vs-Fake/Data/Images/ID000094_Dylan-Dreyer/Real/01.jpg (1/10)
2026-08-01 08:01:50,752 | INFO | Q000745 | ID000094 | Real | Partial -- only 1/10 found among 1 candidates
2026-08-01 08:01:52,267 | INFO | Q003011 | ID000377 | Fake | Saved rank 2 -> /home/amna/Real-vs-Fake/Data/Images/ID000377_angela-merkel/Fake/01.jpg (1/10)
2026-08-01 08:01:52,267 | INFO | Q003011 | ID000377 | Fake | Partial -- only 1/10 found among 1 candidates
2026-08-01 08:01:54,360 | INFO | Q003101 | ID000388 | Fake | Saved rank 46 -> /home/amna/Real-vs-Fake/Data/Images/ID000388_mukesh-ambani/Fake/01.jpg (1/10)
2026-08-01 08:01:54,360 | INFO | Q003101 | ID000388 | Fake | Partial -- only 1/10 found among 1 candidates
2026-08-01 08:01:55,550 | INFO | Q003177 | ID000398 | Real | Saved rank 5 -> /home/amna/Real-vs-Fake/Data/Images/ID000398_úrsula-corberó/Real/01.jpg (1/10)
2026-08-01 08:01:55,567 | INFO | Q003177 | ID000398 | Real | Partial -- only 1/10 found among 1 candidates
2026-08-01 08:01:55,568 | INFO | ============================================================
2026-08-01 08:01:55,568 | INFO | STEP 4 RUN COMPLETE
2026-08-01 08:01:55,568 | INFO | Success (target reached) : 0
2026-08-01 08:01:55,568 | INFO | Partial (some, not all)  : 4
2026-08-01 08:01:55,568 | INFO | Discarded (no image)     : 0
2026-08-01 08:01:55,568 | INFO | Errors (will retry)      : 0
2026-08-01 08:01:55,569 | INFO | Remaining                : 0
2026-08-01 08:01:55,569 | INFO | ============================================================
