2026-07-31 15:13:34,266 | INFO | MTCNN initialized on device: cuda
2026-07-31 15:13:34,520 | INFO | ============================================================
2026-07-31 15:13:34,520 | INFO | STEP 4 START (Face Verification)
2026-07-31 15:13:34,520 | INFO | Total candidates     : 2342
2026-07-31 15:13:34,521 | INFO | Already checked      : 0
2026-07-31 15:13:34,521 | INFO | Remaining pending    : 2342
2026-07-31 15:13:34,521 | INFO | This run             : 500
2026-07-31 15:13:34,521 | INFO | Device               : cuda
2026-07-31 15:13:34,521 | INFO | ============================================================
2026-07-31 15:15:16,910 | WARNING | Download failed: https://lookaside.fbsbx.com/lookaside/crawler/threads/DZDE9TGlp6M/0/image.jpg | cannot identify image file <_io.BytesIO object at 0x7ae1ebd8e040>
2026-07-31 15:15:33,335 | WARNING | Download failed: https://timesofindia.indiatimes.com/photo/msid-123786769/123786769.jpg?resizemode=4 | ('Connection aborted.', ConnectionResetError(104, 'Connection reset by peer'))
2026-07-31 15:15:37,094 | WARNING | Download failed: https://upload.wikimedia.org/wikipedia/commons/2/28/Albert_Einstein_Head_cleaned.jpg | 429 Client Error: Too Many Requests (015d12c) for url: https://upload.wikimedia.org/wikipedia/commons/2/28/Albert_Einstein_Head_cleaned.jpg
2026-07-31 15:16:08,213 | WARNING | Download failed: https://upload.wikimedia.org/wikipedia/commons/6/67/Alessandro_Nivola_Jay_Kelly-03.jpg | 429 Client Error: Too Many Requests (015d12c) for url: https://upload.wikimedia.org/wikipedia/commons/6/67/Alessandro_Nivola_Jay_Kelly-03.jpg
2026-07-31 15:16:08,850 | WARNING | Download failed: https://upload.wikimedia.org/wikipedia/commons/6/6e/Alessandro_Vittoria_-_Paolo_Veronese.jpg | 429 Client Error: Too Many Requests (015d12c) for url: https://upload.wikimedia.org/wikipedia/commons/6/6e/Alessandro_Vittoria_-_Paolo_Veronese.jpg
2026-07-31 15:16:23,242 | WARNING | Download failed: https://www.researchgate.net/profile/Jutta-Jahnel/publication/354446163/figure/fig2/AS:1065747639988228@1631105446605/Demonstration-of-real-time-deepfake-technology-combining-3D-animation-and-AI-techniques.png | 403 Client Error: Forbidden for url: https://www.researchgate.net/profile/Jutta-Jahnel/publication/354446163/figure/fig2/AS:1065747639988228@1631105446605/Demonstration-of-real-time-deepfake-technology-combining-3D-animation-and-AI-techniques.png
2026-07-31 15:16:23,663 | WARNING | Download failed: https://www.researchgate.net/publication/363928464/figure/fig5/AS:11431281429912687@1746723401670/Name-structure-of-source-images-reference-images-and-Deepfake-images_Q320.jpg | 403 Client Error: Forbidden for url: https://www.researchgate.net/publication/363928464/figure/fig5/AS:11431281429912687@1746723401670/Name-structure-of-source-images-reference-images-and-Deepfake-images_Q320.jpg
2026-07-31 15:16:24,436 | WARNING | Download failed: https://www.researchgate.net/publication/363928464/figure/fig2/AS:11431281429951919@1746723399092/Task-I-Deepfake-detection-task-Given-a-set-of-Real-and-Deepfake-images-created-by_Q320.jpg | 403 Client Error: Forbidden for url: https://www.researchgate.net/publication/363928464/figure/fig2/AS:11431281429951919@1746723399092/Task-I-Deepfake-detection-task-Given-a-set-of-Real-and-Deepfake-images-created-by_Q320.jpg
2026-07-31 15:16:27,592 | WARNING | Download failed: https://www.mdpi.com/jimaging/jimaging-08-00263/article_deploy/html/images/jimaging-08-00263-g008-550.jpg | 403 Client Error: Forbidden for url: https://www.mdpi.com/jimaging/jimaging-08-00263/article_deploy/html/images/jimaging-08-00263-g008-550.jpg
2026-07-31 15:16:45,984 | WARNING | Download failed: https://upload.wikimedia.org/wikipedia/commons/4/4a/Alexandria_Ocasio-Cortez_Official_Portrait.jpg | 429 Client Error: Too Many Requests (015d12c) for url: https://upload.wikimedia.org/wikipedia/commons/4/4a/Alexandria_Ocasio-Cortez_Official_Portrait.jpg
2026-07-31 15:17:04,929 | WARNING | Download failed: https://www.livemint.com/lm-img/img/2024/05/07/optimize/Alia_Bhatt_Deepfake_1715069582605_1715069596521.png | ('Connection aborted.', ConnectionResetError(104, 'Connection reset by peer'))
2026-07-31 15:17:06,843 | WARNING | Download failed: https://lookaside.fbsbx.com/lookaside/crawler/instagram/DQbAbycEwWc/0/image.jpg | cannot identify image file <_io.BytesIO object at 0x7ae1ec9e9ae0>
2026-07-31 15:17:07,358 | WARNING | Download failed: https://www.opindia.com/wp-content/uploads/2023/11/alia-deepfake-1.jpeg | ('Connection aborted.', ConnectionResetError(104, 'Connection reset by peer'))
2026-07-31 15:17:49,853 | WARNING | Download failed: https://lookaside.fbsbx.com/lookaside/crawler/instagram/amberheard/profile_pic.jpg | cannot identify image file <_io.BytesIO object at 0x7ae1ec1d8c70>
2026-07-31 15:17:58,026 | WARNING | Download failed: https://lookaside.fbsbx.com/lookaside/crawler/instagram/DZU5Mo-y9I1/0/image.jpg | cannot identify image file <_io.BytesIO object at 0x7ae1ec1d8c70>
2026-07-31 15:18:13,173 | WARNING | Download failed: https://m.media-amazon.com/images/M/MV5BZmMxZjYxODItYTI2Zi00NjQ2LWE4MDgtZWIxZjU2ODNhMWM0XkEyXkFqcGdeQWFsZWxvZw@@._V1_.jpg | HTTPSConnectionPool(host='m.media-amazon.com', port=443): Max retries exceeded with url: /images/M/MV5BZmMxZjYxODItYTI2Zi00NjQ2LWE4MDgtZWIxZjU2ODNhMWM0XkEyXkFqcGdeQWFsZWxvZw@@._V1_.jpg (Caused by NewConnectionError('<urllib3.connection.HTTPSConnection object at 0x7ae1fc35f4f0>: Failed to establish a new connection: [Errno -3] Temporary failure in name resolution'))
2026-07-31 15:19:54,384 | WARNING | Download failed: https://lookaside.fbsbx.com/lookaside/crawler/threads/DEk0T1NTS2D/1/image.jpg | cannot identify image file <_io.BytesIO object at 0x7ae1fc356f40>
2026-07-31 15:21:24,721 | WARNING | Download failed: https://upload.wikimedia.org/wikipedia/commons/1/15/U.N._Secretary_General_Antonio_Guterres_%283x4_cropped_b%29.jpg | 429 Client Error: Too Many Requests (015d12c) for url: https://upload.wikimedia.org/wikipedia/commons/1/15/U.N._Secretary_General_Antonio_Guterres_%283x4_cropped_b%29.jpg
2026-07-31 15:21:25,326 | WARNING | Download failed: https://upload.wikimedia.org/wikipedia/commons/b/b7/Beate_Meinl-Reisinger_New-York_visit_-_March_2025_-_MGR8622_%28cropped_1%29.jpg | 429 Client Error: Too Many Requests (015d12c) for url: https://upload.wikimedia.org/wikipedia/commons/b/b7/Beate_Meinl-Reisinger_New-York_visit_-_March_2025_-_MGR8622_%28cropped_1%29.jpg
2026-07-31 15:22:12,215 | WARNING | Download failed: https://upload.wikimedia.org/wikipedia/commons/a/a5/Arnold_Schwarzenegger_by_Gage_Skidmore_3.jpg | 429 Client Error: Too Many Requests (015d12c) for url: https://upload.wikimedia.org/wikipedia/commons/a/a5/Arnold_Schwarzenegger_by_Gage_Skidmore_3.jpg
2026-07-31 15:22:34,036 | WARNING | Download failed: https://www.celebritykind.com/wp-content/uploads/2024/06/shutterstock_717129223-scaled-e1717488964123-839x1024.jpg | 403 Client Error: Forbidden for url: https://www.celebritykind.com/wp-content/uploads/2024/06/shutterstock_717129223-scaled-e1717488964123-839x1024.jpg
2026-07-31 15:23:02,502 | WARNING | Download failed: https://lookaside.fbsbx.com/lookaside/crawler/instagram/DQhDvvcjF6P/0/image.jpg | cannot identify image file <_io.BytesIO object at 0x7ae1fc34fef0>
2026-07-31 15:23:03,176 | WARNING | Download failed: https://lookaside.fbsbx.com/lookaside/crawler/instagram/DY1UvvDKflO/0/image.jpg | cannot identify image file <_io.BytesIO object at 0x7ae1ec1d8c70>
2026-07-31 15:23:04,994 | WARNING | Download failed: https://upload.wikimedia.org/wikipedia/commons/7/7a/Audrey_Tautou_Berlin_2015.jpg | 429 Client Error: Too Many Requests (015d12c) for url: https://upload.wikimedia.org/wikipedia/commons/7/7a/Audrey_Tautou_Berlin_2015.jpg
2026-07-31 15:23:27,343 | WARNING | Download failed: https://www.hockeydb.com/ihdb/photos/auston-matthews-2024-38.jpg | 403 Client Error: Forbidden for url: https://www.hockeydb.com/ihdb/photos/auston-matthews-2024-38.jpg
2026-07-31 15:24:02,960 | WARNING | Download failed: https://www.researchgate.net/publication/358079442/figure/fig1/AS:1116631224848384@1643237038013/AI-generated-facial-landmark-identifications-A-Facial-landmarks-identifications-ID.png | 403 Client Error: Forbidden for url: https://www.researchgate.net/publication/358079442/figure/fig1/AS:1116631224848384@1643237038013/AI-generated-facial-landmark-identifications-A-Facial-landmarks-identifications-ID.png
2026-07-31 15:24:30,754 | WARNING | Download failed: https://upload.wikimedia.org/wikipedia/commons/b/b6/Ben_Affleck_on_the_Red_Carpet%2C_SXSW_2023_%28cropped%29.jpg | 429 Client Error: Too Many Requests (015d12c) for url: https://upload.wikimedia.org/wikipedia/commons/b/b6/Ben_Affleck_on_the_Red_Carpet%2C_SXSW_2023_%28cropped%29.jpg
2026-07-31 15:25:11,144 | WARNING | Download failed: https://upload.wikimedia.org/wikipedia/commons/a/ab/Benedict_Cumberbatch-67555.jpg | 429 Client Error: Too Many Requests (015d12c) for url: https://upload.wikimedia.org/wikipedia/commons/a/ab/Benedict_Cumberbatch-67555.jpg
2026-07-31 15:26:14,489 | INFO | ============================================================
2026-07-31 15:26:14,489 | INFO | STEP 4 RUN COMPLETE
2026-07-31 15:26:14,489 | INFO | OK (accepted)     : 219
2026-07-31 15:26:14,489 | INFO | No face           : 33
2026-07-31 15:26:14,490 | INFO | Multiple faces    : 179
2026-07-31 15:26:14,490 | INFO | Face too small    : 41
2026-07-31 15:26:14,490 | INFO | Download errors   : 28 (will retry)
2026-07-31 15:26:14,490 | INFO | Detector errors   : 0 (will retry)
2026-07-31 15:26:14,490 | INFO | ============================================================
2026-07-31 15:35:54,171 | INFO | MTCNN initialized on device: cuda
2026-07-31 15:35:54,432 | INFO | ============================================================
2026-07-31 15:35:54,432 | INFO | STEP 4 START (Face Verification)
2026-07-31 15:35:54,432 | INFO | Total candidates     : 2342
2026-07-31 15:35:54,432 | INFO | Already checked      : 472
2026-07-31 15:35:54,432 | INFO | Remaining pending    : 1870
2026-07-31 15:35:54,432 | INFO | This run             : 500
2026-07-31 15:35:54,432 | INFO | Device               : cuda
2026-07-31 15:35:54,432 | INFO | ============================================================
2026-07-31 15:35:54,925 | WARNING | Download failed: https://lookaside.fbsbx.com/lookaside/crawler/threads/DZDE9TGlp6M/0/image.jpg | cannot identify image file <_io.BytesIO object at 0x7843afde9680>
2026-07-31 15:36:00,286 | WARNING | Download failed: https://timesofindia.indiatimes.com/photo/msid-123786769/123786769.jpg?resizemode=4 | ('Connection aborted.', ConnectionResetError(104, 'Connection reset by peer'))
2026-07-31 15:36:00,905 | WARNING | Download failed: https://upload.wikimedia.org/wikipedia/commons/2/28/Albert_Einstein_Head_cleaned.jpg | 429 Client Error: Too Many Requests (015d12c) for url: https://upload.wikimedia.org/wikipedia/commons/2/28/Albert_Einstein_Head_cleaned.jpg
2026-07-31 15:36:01,525 | WARNING | Download failed: https://upload.wikimedia.org/wikipedia/commons/6/67/Alessandro_Nivola_Jay_Kelly-03.jpg | 429 Client Error: Too Many Requests (015d12c) for url: https://upload.wikimedia.org/wikipedia/commons/6/67/Alessandro_Nivola_Jay_Kelly-03.jpg
2026-07-31 15:36:02,145 | WARNING | Download failed: https://upload.wikimedia.org/wikipedia/commons/6/6e/Alessandro_Vittoria_-_Paolo_Veronese.jpg | 429 Client Error: Too Many Requests (015d12c) for url: https://upload.wikimedia.org/wikipedia/commons/6/6e/Alessandro_Vittoria_-_Paolo_Veronese.jpg
2026-07-31 15:36:10,297 | WARNING | Download failed: https://www.mdpi.com/jimaging/jimaging-08-00263/article_deploy/html/images/jimaging-08-00263-g008-550.jpg | 403 Client Error: Forbidden for url: https://www.mdpi.com/jimaging/jimaging-08-00263/article_deploy/html/images/jimaging-08-00263-g008-550.jpg
2026-07-31 15:36:10,911 | WARNING | Download failed: https://upload.wikimedia.org/wikipedia/commons/4/4a/Alexandria_Ocasio-Cortez_Official_Portrait.jpg | 429 Client Error: Too Many Requests (015d12c) for url: https://upload.wikimedia.org/wikipedia/commons/4/4a/Alexandria_Ocasio-Cortez_Official_Portrait.jpg
2026-07-31 15:36:11,453 | WARNING | Download failed: https://www.livemint.com/lm-img/img/2024/05/07/optimize/Alia_Bhatt_Deepfake_1715069582605_1715069596521.png | ('Connection aborted.', ConnectionResetError(104, 'Connection reset by peer'))
2026-07-31 15:36:12,105 | WARNING | Download failed: https://lookaside.fbsbx.com/lookaside/crawler/instagram/DQbAbycEwWc/0/image.jpg | cannot identify image file <_io.BytesIO object at 0x7843beb87a40>
2026-07-31 15:36:12,617 | WARNING | Download failed: https://www.opindia.com/wp-content/uploads/2023/11/alia-deepfake-1.jpeg | ('Connection aborted.', ConnectionResetError(104, 'Connection reset by peer'))
2026-07-31 15:36:13,265 | WARNING | Download failed: https://lookaside.fbsbx.com/lookaside/crawler/instagram/amberheard/profile_pic.jpg | cannot identify image file <_io.BytesIO object at 0x7843bf763db0>
2026-07-31 15:36:13,914 | WARNING | Download failed: https://lookaside.fbsbx.com/lookaside/crawler/instagram/DZU5Mo-y9I1/0/image.jpg | cannot identify image file <_io.BytesIO object at 0x7843bb8cf950>
2026-07-31 15:36:16,588 | WARNING | Download failed: https://lookaside.fbsbx.com/lookaside/crawler/threads/DEk0T1NTS2D/1/image.jpg | cannot identify image file <_io.BytesIO object at 0x7843beb87a40>
2026-07-31 15:36:17,366 | WARNING | Download failed: https://upload.wikimedia.org/wikipedia/commons/1/15/U.N._Secretary_General_Antonio_Guterres_%283x4_cropped_b%29.jpg | 429 Client Error: Too Many Requests (015d12c) for url: https://upload.wikimedia.org/wikipedia/commons/1/15/U.N._Secretary_General_Antonio_Guterres_%283x4_cropped_b%29.jpg
2026-07-31 15:36:17,983 | WARNING | Download failed: https://upload.wikimedia.org/wikipedia/commons/b/b7/Beate_Meinl-Reisinger_New-York_visit_-_March_2025_-_MGR8622_%28cropped_1%29.jpg | 429 Client Error: Too Many Requests (015d12c) for url: https://upload.wikimedia.org/wikipedia/commons/b/b7/Beate_Meinl-Reisinger_New-York_visit_-_March_2025_-_MGR8622_%28cropped_1%29.jpg
2026-07-31 15:36:18,613 | WARNING | Download failed: https://upload.wikimedia.org/wikipedia/commons/a/a5/Arnold_Schwarzenegger_by_Gage_Skidmore_3.jpg | 429 Client Error: Too Many Requests (015d12c) for url: https://upload.wikimedia.org/wikipedia/commons/a/a5/Arnold_Schwarzenegger_by_Gage_Skidmore_3.jpg
2026-07-31 15:36:19,430 | WARNING | Download failed: https://www.celebritykind.com/wp-content/uploads/2024/06/shutterstock_717129223-scaled-e1717488964123-839x1024.jpg | 403 Client Error: Forbidden for url: https://www.celebritykind.com/wp-content/uploads/2024/06/shutterstock_717129223-scaled-e1717488964123-839x1024.jpg
2026-07-31 15:36:20,081 | WARNING | Download failed: https://lookaside.fbsbx.com/lookaside/crawler/instagram/DQhDvvcjF6P/0/image.jpg | cannot identify image file <_io.BytesIO object at 0x7843be6fb770>
2026-07-31 15:36:20,728 | WARNING | Download failed: https://lookaside.fbsbx.com/lookaside/crawler/instagram/DY1UvvDKflO/0/image.jpg | cannot identify image file <_io.BytesIO object at 0x7843be6fb770>
2026-07-31 15:36:21,358 | WARNING | Download failed: https://upload.wikimedia.org/wikipedia/commons/7/7a/Audrey_Tautou_Berlin_2015.jpg | 429 Client Error: Too Many Requests (015d12c) for url: https://upload.wikimedia.org/wikipedia/commons/7/7a/Audrey_Tautou_Berlin_2015.jpg
2026-07-31 15:36:22,070 | WARNING | Download failed: https://www.hockeydb.com/ihdb/photos/auston-matthews-2024-38.jpg | 403 Client Error: Forbidden for url: https://www.hockeydb.com/ihdb/photos/auston-matthews-2024-38.jpg
2026-07-31 15:36:23,848 | WARNING | Download failed: https://upload.wikimedia.org/wikipedia/commons/b/b6/Ben_Affleck_on_the_Red_Carpet%2C_SXSW_2023_%28cropped%29.jpg | 429 Client Error: Too Many Requests (015d12c) for url: https://upload.wikimedia.org/wikipedia/commons/b/b6/Ben_Affleck_on_the_Red_Carpet%2C_SXSW_2023_%28cropped%29.jpg
2026-07-31 15:36:24,477 | WARNING | Download failed: https://upload.wikimedia.org/wikipedia/commons/a/ab/Benedict_Cumberbatch-67555.jpg | 429 Client Error: Too Many Requests (015d12c) for url: https://upload.wikimedia.org/wikipedia/commons/a/ab/Benedict_Cumberbatch-67555.jpg
2026-07-31 15:37:19,336 | WARNING | Download failed: https://www.usatoday.com/gcdn/authoring/authoring-images/2026/01/19/USAT/88255393007-landman-210-em-0718-01245-rt-f.jpg?crop=2999,1687,x0,y156&width=660&height=371&format=pjpg&auto=webp | 406 Client Error: Not Acceptable for url: https://www.usatoday.com/gcdn/authoring/authoring-images/2026/01/19/USAT/88255393007-landman-210-em-0718-01245-rt-f.jpg?crop=2999,1687,x0,y156&width=660&height=371&format=pjpg&auto=webp
2026-07-31 15:37:33,683 | ERROR | Detector failed: http://www.smh.com.au/content/dam/images/4/9/o/r/9/image.imgtype.videoThumbnail.729x410.png/1453967434294.jpg | torch.cat(): expected a non-empty list of Tensors
Traceback (most recent call last):
  File "/home/amna/Real-vs-Fake/Scripts/04_face_check.py", line 275, in main
    status, face_count, box, area_ratio, detail = evaluate_faces(img)
  File "/home/amna/Real-vs-Fake/Scripts/04_face_check.py", line 199, in evaluate_faces
    boxes, probs = DETECTOR.detect(img)
  File "/home/amna/miniconda3/envs/deepfake/lib/python3.9/site-packages/facenet_pytorch/models/mtcnn.py", line 313, in detect
    batch_boxes, batch_points = detect_face(
  File "/home/amna/miniconda3/envs/deepfake/lib/python3.9/site-packages/facenet_pytorch/models/utils/detect_face.py", line 83, in detect_face
    boxes = torch.cat(boxes, dim=0)
RuntimeError: torch.cat(): expected a non-empty list of Tensors
2026-07-31 15:39:09,192 | WARNING | Download failed: https://upload.wikimedia.org/wikipedia/commons/thumb/0/03/Bruce_Willis_by_Gage_Skidmore.jpg/960px-Bruce_Willis_by_Gage_Skidmore.jpg | 429 Client Error: Too Many Requests (015d12c) for url: https://upload.wikimedia.org/wikipedia/commons/thumb/0/03/Bruce_Willis_by_Gage_Skidmore.jpg/960px-Bruce_Willis_by_Gage_Skidmore.jpg
2026-07-31 15:39:12,795 | WARNING | Download failed: https://www.koimoi.com/wp-content/new-galleries/2023/03/the-avengers-90s-edition-ai-generated-is-impressed-from-tom-cruise-as-iron-man-to-bruce-willis-will-smith-more-heresheres-who-all-made-the-cast-001.jpg | 403 Client Error: Forbidden for url: https://www.koimoi.com/wp-content/new-galleries/2023/03/the-avengers-90s-edition-ai-generated-is-impressed-from-tom-cruise-as-iron-man-to-bruce-willis-will-smith-more-heresheres-who-all-made-the-cast-001.jpg
2026-07-31 15:39:26,484 | WARNING | Download failed: https://upload.wikimedia.org/wikipedia/commons/1/1e/Bukayo_Saka_England_v_Panama_27_June_26-108_%28cropped%29.jpg | 429 Client Error: Too Many Requests (015d12c) for url: https://upload.wikimedia.org/wikipedia/commons/1/1e/Bukayo_Saka_England_v_Panama_27_June_26-108_%28cropped%29.jpg
2026-07-31 15:39:52,390 | WARNING | Download failed: https://upload.wikimedia.org/wikipedia/commons/e/e5/Caitlin_Clark_2025_2_%28cropped%29.jpg | 429 Client Error: Too Many Requests (015d12c) for url: https://upload.wikimedia.org/wikipedia/commons/e/e5/Caitlin_Clark_2025_2_%28cropped%29.jpg
2026-07-31 15:40:00,948 | WARNING | Download failed: https://lookaside.fbsbx.com/lookaside/crawler/threads/DY0PjBWEiLD/0/image.jpg | cannot identify image file <_io.BytesIO object at 0x78445aaa09f0>
2026-07-31 15:40:30,781 | WARNING | Download failed: https://upload.wikimedia.org/wikipedia/commons/9/99/Cameron_Diaz_at_WWD_Style_Awards_2026-1998.jpg | 429 Client Error: Too many requests - please contact noc@wikimedia.org to discuss a less disruptive approach or instead use thumbnail images in sizes listed on https://w.wiki/GHai. (0c640b1) for url: https://upload.wikimedia.org/wikipedia/commons/9/99/Cameron_Diaz_at_WWD_Style_Awards_2026-1998.jpg
2026-07-31 15:40:39,119 | WARNING | Download failed: https://adultdeepfakes.com/contents/videos_screenshots/2000/2263/preview.mp4.jpg | ('Connection aborted.', ConnectionResetError(104, 'Connection reset by peer'))
2026-07-31 15:40:39,705 | WARNING | Download failed: https://adultdeepfakes.com/contents/videos_screenshots/40000/40786/preview.mp4.jpg | ('Connection aborted.', ConnectionResetError(104, 'Connection reset by peer'))
2026-07-31 15:40:40,288 | WARNING | Download failed: https://www.alrincon.com/imagenesblog2/varios/camerondiazdeepfake.jpg | ('Connection aborted.', ConnectionResetError(104, 'Connection reset by peer'))
2026-07-31 15:40:51,183 | WARNING | Download failed: https://lookaside.fbsbx.com/lookaside/crawler/instagram/DYI6gmARFpE/0/image.jpg | cannot identify image file <_io.BytesIO object at 0x7843beb87a40>
2026-07-31 15:40:51,791 | WARNING | Download failed: https://upload.wikimedia.org/wikipedia/commons/b/b4/Cameron_Green_fielding_Boxing_Day_2022_%28cropped%29.jpg | 429 Client Error: Too many requests - please contact noc@wikimedia.org to discuss a less disruptive approach or instead use thumbnail images in sizes listed on https://w.wiki/GHai. (0c640b1) for url: https://upload.wikimedia.org/wikipedia/commons/b/b4/Cameron_Green_fielding_Boxing_Day_2022_%28cropped%29.jpg
2026-07-31 15:40:52,572 | WARNING | Download failed: https://documents.iplt20.com/ipl/IPLHeadshot2026/550.png | 403 Client Error: Forbidden for url: https://documents.iplt20.com/ipl/IPLHeadshot2026/550.png
2026-07-31 15:40:58,175 | WARNING | Download failed: https://www.researchgate.net/publication/395388212/figure/fig1/AS:11431281629027193@1757475771027/Grad-CAM-visualization-of-detector-attention-Ground-truth-Deepfake-Green-Correct_Q320.jpg | 403 Client Error: Forbidden for url: https://www.researchgate.net/publication/395388212/figure/fig1/AS:11431281629027193@1757475771027/Grad-CAM-visualization-of-detector-attention-Ground-truth-Deepfake-Green-Correct_Q320.jpg
2026-07-31 15:41:21,296 | WARNING | Download failed: https://upload.wikimedia.org/wikipedia/commons/5/57/2025-05-10_15-19-29_ILCE-7C_DSC13060_Kiri.jpg | 429 Client Error: Too many requests - please contact noc@wikimedia.org to discuss a less disruptive approach or instead use thumbnail images in sizes listed on https://w.wiki/GHai. (0c640b1) for url: https://upload.wikimedia.org/wikipedia/commons/5/57/2025-05-10_15-19-29_ILCE-7C_DSC13060_Kiri.jpg
2026-07-31 15:42:35,600 | WARNING | Download failed: https://www.researchgate.net/profile/Colin-Campbell-16/publication/350409592/figure/fig1/AS:1005640910651394@1616774885849/Side-by-Side-Comparison-of-Dior-Jadore-Ad-and-Deepfake_Q320.jpg | 403 Client Error: Forbidden for url: https://www.researchgate.net/profile/Colin-Campbell-16/publication/350409592/figure/fig1/AS:1005640910651394@1616774885849/Side-by-Side-Comparison-of-Dior-Jadore-Ad-and-Deepfake_Q320.jpg
2026-07-31 15:43:14,436 | WARNING | Download failed: https://upload.wikimedia.org/wikipedia/commons/7/77/Chloe_Kim_PCSFN_Headshot_2023.jpg | 429 Client Error: Too many requests - please contact noc@wikimedia.org to discuss a less disruptive approach or instead use thumbnail images in sizes listed on https://w.wiki/GHai. (0c640b1) for url: https://upload.wikimedia.org/wikipedia/commons/7/77/Chloe_Kim_PCSFN_Headshot_2023.jpg
2026-07-31 15:44:15,811 | WARNING | Download failed: https://upload.wikimedia.org/wikipedia/commons/7/73/Chris_Tucker_by_Gage_Skidmore.jpg | 429 Client Error: Too many requests - please contact noc@wikimedia.org to discuss a less disruptive approach or instead use thumbnail images in sizes listed on https://w.wiki/GHai. (0c640b1) for url: https://upload.wikimedia.org/wikipedia/commons/7/73/Chris_Tucker_by_Gage_Skidmore.jpg
2026-07-31 15:44:16,421 | WARNING | Download failed: https://upload.wikimedia.org/wikipedia/commons/thumb/b/be/Chris_Tucker_1996.jpg/250px-Chris_Tucker_1996.jpg | 429 Client Error: Too Many Requests (015d12c) for url: https://upload.wikimedia.org/wikipedia/commons/thumb/b/be/Chris_Tucker_1996.jpg/250px-Chris_Tucker_1996.jpg
2026-07-31 15:44:29,167 | WARNING | Download failed: https://dl.acm.org/cms/10.1145/3772318.3790501/asset/74987844-55ca-4b8d-a4ea-38f1154061c6/assets/images/medium/chi26-234-fig1.jpg | 403 Client Error: Forbidden for url: https://dl.acm.org/cms/10.1145/3772318.3790501/asset/74987844-55ca-4b8d-a4ea-38f1154061c6/assets/images/medium/chi26-234-fig1.jpg
2026-07-31 15:44:35,383 | WARNING | Download failed: https://upload.wikimedia.org/wikipedia/commons/0/0a/Christian_Bale-7837.jpg | 429 Client Error: Too many requests - please contact noc@wikimedia.org to discuss a less disruptive approach or instead use thumbnail images in sizes listed on https://w.wiki/GHai. (0c640b1) for url: https://upload.wikimedia.org/wikipedia/commons/0/0a/Christian_Bale-7837.jpg
2026-07-31 15:45:02,680 | WARNING | Download failed: https://www.ecranlarge.com/content/uploads/2019/08/tom-cruise-photo-deepfake-american-psycho-1094097.png | HTTPSConnectionPool(host='www.ecranlarge.com', port=443): Max retries exceeded with url: /content/uploads/2019/08/tom-cruise-photo-deepfake-american-psycho-1094097.png (Caused by ConnectTimeoutError(<urllib3.connection.HTTPSConnection object at 0x7843bf63f970>, 'Connection to www.ecranlarge.com timed out. (connect timeout=15)'))
2026-07-31 15:45:23,049 | WARNING | Download failed: https://upload.wikimedia.org/wikipedia/commons/f/fd/Christian_Clavier_Cannes_2013.jpg | 429 Client Error: Too many requests - please contact noc@wikimedia.org to discuss a less disruptive approach or instead use thumbnail images in sizes listed on https://w.wiki/GHai. (0c640b1) for url: https://upload.wikimedia.org/wikipedia/commons/f/fd/Christian_Clavier_Cannes_2013.jpg
2026-07-31 15:46:13,524 | WARNING | Download failed: https://lookaside.fbsbx.com/lookaside/crawler/threads/DHuogAmsBRm/0/image.jpg | cannot identify image file <_io.BytesIO object at 0x78445b643630>
2026-07-31 15:46:14,831 | WARNING | Download failed: https://c.ndtvimg.com/2021-03/fba3qug_tom-cruise-deepfake-video_625x300_04_March_21.jpg | 403 Client Error: Forbidden for url: https://c.ndtvimg.com/2021-03/fba3qug_tom-cruise-deepfake-video_625x300_04_March_21.jpg
2026-07-31 15:46:49,431 | WARNING | Download failed: https://upload.wikimedia.org/wikipedia/commons/7/72/2025_Colin_Farrell_-_2_%28cropped%29.jpg | 429 Client Error: Too many requests - please contact noc@wikimedia.org to discuss a less disruptive approach or instead use thumbnail images in sizes listed on https://w.wiki/GHai. (0c640b1) for url: https://upload.wikimedia.org/wikipedia/commons/7/72/2025_Colin_Farrell_-_2_%28cropped%29.jpg
2026-07-31 15:47:43,857 | WARNING | Download failed: http://ghostbustersnews.com/wp-content/uploads/2023/04/arnold_ghostbusters_deepfake.jpg | 403 Client Error: Forbidden for url: http://ghostbustersnews.com/wp-content/uploads/2023/04/arnold_ghostbusters_deepfake.jpg
2026-07-31 15:47:59,152 | WARNING | Download failed: https://upload.wikimedia.org/wikipedia/commons/f/fe/Daniel_Day-Lewis_Anemone-15_%28cropped%29.jpg | 429 Client Error: Too many requests - please contact noc@wikimedia.org to discuss a less disruptive approach or instead use thumbnail images in sizes listed on https://w.wiki/GHai. (0c640b1) for url: https://upload.wikimedia.org/wikipedia/commons/f/fe/Daniel_Day-Lewis_Anemone-15_%28cropped%29.jpg
2026-07-31 15:48:46,030 | WARNING | Download failed: https://www.rajasthanroyals.com/static-assets/images/players/59067.png?v=7.93 | HTTPSConnectionPool(host='www.rajasthanroyals.com', port=443): Max retries exceeded with url: /static-assets/images/players/59067.png?v=7.93 (Caused by NewConnectionError('<urllib3.connection.HTTPSConnection object at 0x7843bf63f280>: Failed to establish a new connection: [Errno -3] Temporary failure in name resolution'))
2026-07-31 15:48:57,037 | WARNING | Download failed: https://upload.wikimedia.org/wikipedia/commons/4/43/David_Arquette_Alpha1_2019_%28cropped%29.jpg | 429 Client Error: Too many requests - please contact noc@wikimedia.org to discuss a less disruptive approach or instead use thumbnail images in sizes listed on https://w.wiki/GHai. (0c640b1) for url: https://upload.wikimedia.org/wikipedia/commons/4/43/David_Arquette_Alpha1_2019_%28cropped%29.jpg
2026-07-31 15:49:07,114 | WARNING | Download failed: https://documents.iplt20.com/ipl/IPLHeadshot2026/128.png | 403 Client Error: Forbidden for url: https://documents.iplt20.com/ipl/IPLHeadshot2026/128.png
2026-07-31 15:49:14,296 | WARNING | Download failed: https://davidmiller.ai/wp-content/uploads/2024/08/teentempo_imagine_in_the_style_of_brooke_shaden_oil_painting__a0838d8c-ee64-428e-a4ac-a3e3a78f6bf3_3.png | 403 Client Error: Forbidden for url: https://davidmiller.ai/wp-content/uploads/2024/08/teentempo_imagine_in_the_style_of_brooke_shaden_oil_painting__a0838d8c-ee64-428e-a4ac-a3e3a78f6bf3_3.png
2026-07-31 15:49:15,279 | WARNING | Download failed: https://missouriindependent.com/wp-content/uploads/2026/02/IMG_3609-1536x922.jpeg | 403 Client Error: Forbidden for url: https://missouriindependent.com/wp-content/uploads/2026/02/IMG_3609-1536x922.jpeg
2026-07-31 15:49:16,317 | WARNING | Download failed: https://davidmiller.ai/wp-content/uploads/2024/08/room2-1.jpg | 403 Client Error: Forbidden for url: https://davidmiller.ai/wp-content/uploads/2024/08/room2-1.jpg
2026-07-31 15:49:38,309 | WARNING | Download failed: https://lookaside.fbsbx.com/lookaside/crawler/threads/DDxVOmRvCz6/0/image.jpg | cannot identify image file <_io.BytesIO object at 0x7843afde96d0>
2026-07-31 15:49:38,966 | WARNING | Download failed: https://lookaside.fbsbx.com/lookaside/crawler/instagram/CHv0LyvHM3B/0/image.jpg | cannot identify image file <_io.BytesIO object at 0x7843af5fedb0>
2026-07-31 15:49:39,596 | WARNING | Download failed: https://lookaside.fbsbx.com/lookaside/crawler/instagram/DXhnF1xjcQW/0/image.jpg | cannot identify image file <_io.BytesIO object at 0x7843bf66d900>
2026-07-31 15:49:40,237 | WARNING | Download failed: https://lookaside.fbsbx.com/lookaside/crawler/instagram/CeGwyCeLI8l/0/image.jpg | cannot identify image file <_io.BytesIO object at 0x7843af5deb80>
2026-07-31 15:49:40,879 | WARNING | Download failed: https://lookaside.fbsbx.com/lookaside/crawler/instagram/DXmsI2gked4/0/image.jpg | cannot identify image file <_io.BytesIO object at 0x7843be6fb770>
2026-07-31 15:49:41,515 | WARNING | Download failed: https://lookaside.fbsbx.com/lookaside/crawler/instagram/C11m2cIIzTa/0/image.jpg | cannot identify image file <_io.BytesIO object at 0x7843bf66da40>
2026-07-31 15:49:46,745 | WARNING | Download failed: https://upload.wikimedia.org/wikipedia/commons/thumb/0/0a/Derrick_Henry_OCT2022_%28cropped%29.jpg/960px-Derrick_Henry_OCT2022_%28cropped%29.jpg | 429 Client Error: Too Many Requests (015d12c) for url: https://upload.wikimedia.org/wikipedia/commons/thumb/0/0a/Derrick_Henry_OCT2022_%28cropped%29.jpg/960px-Derrick_Henry_OCT2022_%28cropped%29.jpg
2026-07-31 15:50:03,650 | WARNING | Download failed: https://documents.iplt20.com/ipl/IPLHeadshot2025/601.png | 403 Client Error: Forbidden for url: https://documents.iplt20.com/ipl/IPLHeadshot2025/601.png
2026-07-31 15:50:45,535 | INFO | ============================================================
2026-07-31 15:50:45,535 | INFO | STEP 4 RUN COMPLETE
2026-07-31 15:50:45,535 | INFO | OK (accepted)     : 209
2026-07-31 15:50:45,535 | INFO | No face           : 36
2026-07-31 15:50:45,536 | INFO | Multiple faces    : 153
2026-07-31 15:50:45,536 | INFO | Face too small    : 36
2026-07-31 15:50:45,536 | INFO | Download errors   : 65 (will retry)
2026-07-31 15:50:45,536 | INFO | Detector errors   : 1 (will retry)
2026-07-31 15:50:45,536 | INFO | ============================================================
2026-07-31 16:14:09,046 | INFO | MTCNN initialized on device: cuda
2026-07-31 16:14:09,287 | INFO | ============================================================
2026-07-31 16:14:09,288 | INFO | STEP 4 START (Face Verification)
2026-07-31 16:14:09,288 | INFO | Total candidates     : 2342
2026-07-31 16:14:09,288 | INFO | Already checked      : 906
2026-07-31 16:14:09,288 | INFO | Remaining pending    : 1436
2026-07-31 16:14:09,288 | INFO | This run             : 500
2026-07-31 16:14:09,288 | INFO | Device               : cuda
2026-07-31 16:14:09,288 | INFO | ============================================================
2026-07-31 16:14:09,637 | WARNING | Download failed: https://lookaside.fbsbx.com/lookaside/crawler/threads/DZDE9TGlp6M/0/image.jpg | cannot identify image file <_io.BytesIO object at 0x7c0f5d9eb860>
2026-07-31 16:14:10,369 | WARNING | Download failed: https://timesofindia.indiatimes.com/photo/msid-123786769/123786769.jpg?resizemode=4 | ('Connection aborted.', ConnectionResetError(104, 'Connection reset by peer'))
2026-07-31 16:14:11,076 | WARNING | Download failed: https://upload.wikimedia.org/wikipedia/commons/2/28/Albert_Einstein_Head_cleaned.jpg | 429 Client Error: Too Many Requests (015d12c) for url: https://upload.wikimedia.org/wikipedia/commons/2/28/Albert_Einstein_Head_cleaned.jpg
2026-07-31 16:14:11,699 | WARNING | Download failed: https://upload.wikimedia.org/wikipedia/commons/6/67/Alessandro_Nivola_Jay_Kelly-03.jpg | 429 Client Error: Too Many Requests (015d12c) for url: https://upload.wikimedia.org/wikipedia/commons/6/67/Alessandro_Nivola_Jay_Kelly-03.jpg
2026-07-31 16:14:12,326 | WARNING | Download failed: https://upload.wikimedia.org/wikipedia/commons/6/6e/Alessandro_Vittoria_-_Paolo_Veronese.jpg | 429 Client Error: Too Many Requests (015d12c) for url: https://upload.wikimedia.org/wikipedia/commons/6/6e/Alessandro_Vittoria_-_Paolo_Veronese.jpg
2026-07-31 16:14:13,176 | WARNING | Download failed: https://www.mdpi.com/jimaging/jimaging-08-00263/article_deploy/html/images/jimaging-08-00263-g008-550.jpg | 403 Client Error: Forbidden for url: https://www.mdpi.com/jimaging/jimaging-08-00263/article_deploy/html/images/jimaging-08-00263-g008-550.jpg
2026-07-31 16:14:13,802 | WARNING | Download failed: https://upload.wikimedia.org/wikipedia/commons/4/4a/Alexandria_Ocasio-Cortez_Official_Portrait.jpg | 429 Client Error: Too Many Requests (015d12c) for url: https://upload.wikimedia.org/wikipedia/commons/4/4a/Alexandria_Ocasio-Cortez_Official_Portrait.jpg
2026-07-31 16:14:14,338 | WARNING | Download failed: https://www.livemint.com/lm-img/img/2024/05/07/optimize/Alia_Bhatt_Deepfake_1715069582605_1715069596521.png | ('Connection aborted.', ConnectionResetError(104, 'Connection reset by peer'))
2026-07-31 16:14:14,968 | WARNING | Download failed: https://lookaside.fbsbx.com/lookaside/crawler/instagram/DQbAbycEwWc/0/image.jpg | cannot identify image file <_io.BytesIO object at 0x7c0f6dbb7c20>
2026-07-31 16:14:15,448 | WARNING | Download failed: https://www.opindia.com/wp-content/uploads/2023/11/alia-deepfake-1.jpeg | ('Connection aborted.', ConnectionResetError(104, 'Connection reset by peer'))
2026-07-31 16:14:16,105 | WARNING | Download failed: https://lookaside.fbsbx.com/lookaside/crawler/instagram/amberheard/profile_pic.jpg | cannot identify image file <_io.BytesIO object at 0x7c0f60660f90>
2026-07-31 16:14:16,726 | WARNING | Download failed: https://lookaside.fbsbx.com/lookaside/crawler/instagram/DZU5Mo-y9I1/0/image.jpg | cannot identify image file <_io.BytesIO object at 0x7c0f5d9eba90>
2026-07-31 16:14:17,371 | WARNING | Download failed: https://lookaside.fbsbx.com/lookaside/crawler/threads/DEk0T1NTS2D/1/image.jpg | cannot identify image file <_io.BytesIO object at 0x7c0f60660f90>
2026-07-31 16:14:17,985 | WARNING | Download failed: https://upload.wikimedia.org/wikipedia/commons/1/15/U.N._Secretary_General_Antonio_Guterres_%283x4_cropped_b%29.jpg | 429 Client Error: Too Many Requests (015d12c) for url: https://upload.wikimedia.org/wikipedia/commons/1/15/U.N._Secretary_General_Antonio_Guterres_%283x4_cropped_b%29.jpg
2026-07-31 16:14:20,102 | WARNING | Download failed: https://upload.wikimedia.org/wikipedia/commons/a/a5/Arnold_Schwarzenegger_by_Gage_Skidmore_3.jpg | 429 Client Error: Too Many Requests (015d12c) for url: https://upload.wikimedia.org/wikipedia/commons/a/a5/Arnold_Schwarzenegger_by_Gage_Skidmore_3.jpg
2026-07-31 16:14:21,069 | WARNING | Download failed: https://www.celebritykind.com/wp-content/uploads/2024/06/shutterstock_717129223-scaled-e1717488964123-839x1024.jpg | 403 Client Error: Forbidden for url: https://www.celebritykind.com/wp-content/uploads/2024/06/shutterstock_717129223-scaled-e1717488964123-839x1024.jpg
2026-07-31 16:14:21,733 | WARNING | Download failed: https://lookaside.fbsbx.com/lookaside/crawler/instagram/DQhDvvcjF6P/0/image.jpg | cannot identify image file <_io.BytesIO object at 0x7c0f5d5d0f40>
2026-07-31 16:14:22,382 | WARNING | Download failed: https://lookaside.fbsbx.com/lookaside/crawler/instagram/DY1UvvDKflO/0/image.jpg | cannot identify image file <_io.BytesIO object at 0x7c0f5d9eb630>
2026-07-31 16:14:22,996 | WARNING | Download failed: https://upload.wikimedia.org/wikipedia/commons/7/7a/Audrey_Tautou_Berlin_2015.jpg | 429 Client Error: Too Many Requests (015d12c) for url: https://upload.wikimedia.org/wikipedia/commons/7/7a/Audrey_Tautou_Berlin_2015.jpg
2026-07-31 16:14:23,805 | WARNING | Download failed: https://www.hockeydb.com/ihdb/photos/auston-matthews-2024-38.jpg | 403 Client Error: Forbidden for url: https://www.hockeydb.com/ihdb/photos/auston-matthews-2024-38.jpg
2026-07-31 16:14:26,657 | WARNING | Download failed: https://upload.wikimedia.org/wikipedia/commons/a/ab/Benedict_Cumberbatch-67555.jpg | 429 Client Error: Too Many Requests (015d12c) for url: https://upload.wikimedia.org/wikipedia/commons/a/ab/Benedict_Cumberbatch-67555.jpg
2026-07-31 16:14:27,406 | WARNING | Download failed: https://www.usatoday.com/gcdn/authoring/authoring-images/2026/01/19/USAT/88255393007-landman-210-em-0718-01245-rt-f.jpg?crop=2999,1687,x0,y156&width=660&height=371&format=pjpg&auto=webp | 406 Client Error: Not Acceptable for url: https://www.usatoday.com/gcdn/authoring/authoring-images/2026/01/19/USAT/88255393007-landman-210-em-0718-01245-rt-f.jpg?crop=2999,1687,x0,y156&width=660&height=371&format=pjpg&auto=webp
2026-07-31 16:14:28,935 | ERROR | Detector failed: http://www.smh.com.au/content/dam/images/4/9/o/r/9/image.imgtype.videoThumbnail.729x410.png/1453967434294.jpg | torch.cat(): expected a non-empty list of Tensors
Traceback (most recent call last):
  File "/home/amna/Real-vs-Fake/Scripts/04_face_check.py", line 275, in main
    status, face_count, box, area_ratio, detail = evaluate_faces(img)
  File "/home/amna/Real-vs-Fake/Scripts/04_face_check.py", line 199, in evaluate_faces
    boxes, probs = DETECTOR.detect(img)
  File "/home/amna/miniconda3/envs/deepfake/lib/python3.9/site-packages/facenet_pytorch/models/mtcnn.py", line 313, in detect
    batch_boxes, batch_points = detect_face(
  File "/home/amna/miniconda3/envs/deepfake/lib/python3.9/site-packages/facenet_pytorch/models/utils/detect_face.py", line 83, in detect_face
    boxes = torch.cat(boxes, dim=0)
RuntimeError: torch.cat(): expected a non-empty list of Tensors
2026-07-31 16:14:29,564 | WARNING | Download failed: https://upload.wikimedia.org/wikipedia/commons/thumb/0/03/Bruce_Willis_by_Gage_Skidmore.jpg/960px-Bruce_Willis_by_Gage_Skidmore.jpg | 429 Client Error: Too Many Requests (015d12c) for url: https://upload.wikimedia.org/wikipedia/commons/thumb/0/03/Bruce_Willis_by_Gage_Skidmore.jpg/960px-Bruce_Willis_by_Gage_Skidmore.jpg
2026-07-31 16:14:30,474 | WARNING | Download failed: https://www.koimoi.com/wp-content/new-galleries/2023/03/the-avengers-90s-edition-ai-generated-is-impressed-from-tom-cruise-as-iron-man-to-bruce-willis-will-smith-more-heresheres-who-all-made-the-cast-001.jpg | 403 Client Error: Forbidden for url: https://www.koimoi.com/wp-content/new-galleries/2023/03/the-avengers-90s-edition-ai-generated-is-impressed-from-tom-cruise-as-iron-man-to-bruce-willis-will-smith-more-heresheres-who-all-made-the-cast-001.jpg
2026-07-31 16:14:32,941 | WARNING | Download failed: https://upload.wikimedia.org/wikipedia/commons/e/e5/Caitlin_Clark_2025_2_%28cropped%29.jpg | 429 Client Error: Too Many Requests (015d12c) for url: https://upload.wikimedia.org/wikipedia/commons/e/e5/Caitlin_Clark_2025_2_%28cropped%29.jpg
2026-07-31 16:14:33,590 | WARNING | Download failed: https://lookaside.fbsbx.com/lookaside/crawler/threads/DY0PjBWEiLD/0/image.jpg | cannot identify image file <_io.BytesIO object at 0x7c10092def90>
2026-07-31 16:14:34,226 | WARNING | Download failed: https://upload.wikimedia.org/wikipedia/commons/9/99/Cameron_Diaz_at_WWD_Style_Awards_2026-1998.jpg | 429 Client Error: Your request does not comply with our robot policy, https://w.wiki/4wJS. Please contact noc@wikimedia.org for further information (0fa5166) for url: https://upload.wikimedia.org/wikipedia/commons/9/99/Cameron_Diaz_at_WWD_Style_Awards_2026-1998.jpg
2026-07-31 16:14:34,858 | WARNING | Download failed: https://adultdeepfakes.com/contents/videos_screenshots/2000/2263/preview.mp4.jpg | ('Connection aborted.', ConnectionResetError(104, 'Connection reset by peer'))
2026-07-31 16:14:35,426 | WARNING | Download failed: https://adultdeepfakes.com/contents/videos_screenshots/40000/40786/preview.mp4.jpg | ('Connection aborted.', ConnectionResetError(104, 'Connection reset by peer'))
2026-07-31 16:14:36,006 | WARNING | Download failed: https://www.alrincon.com/imagenesblog2/varios/camerondiazdeepfake.jpg | ('Connection aborted.', ConnectionResetError(104, 'Connection reset by peer'))
2026-07-31 16:14:36,657 | WARNING | Download failed: https://lookaside.fbsbx.com/lookaside/crawler/instagram/DYI6gmARFpE/0/image.jpg | cannot identify image file <_io.BytesIO object at 0x7c0f6da9d810>
2026-07-31 16:14:37,280 | WARNING | Download failed: https://upload.wikimedia.org/wikipedia/commons/b/b4/Cameron_Green_fielding_Boxing_Day_2022_%28cropped%29.jpg | 429 Client Error: Too many requests - please contact noc@wikimedia.org to discuss a less disruptive approach or instead use thumbnail images in sizes listed on https://w.wiki/GHai. (0c640b1) for url: https://upload.wikimedia.org/wikipedia/commons/b/b4/Cameron_Green_fielding_Boxing_Day_2022_%28cropped%29.jpg
2026-07-31 16:14:37,914 | WARNING | Download failed: https://documents.iplt20.com/ipl/IPLHeadshot2026/550.png | 403 Client Error: Forbidden for url: https://documents.iplt20.com/ipl/IPLHeadshot2026/550.png
2026-07-31 16:14:38,708 | WARNING | Download failed: https://www.researchgate.net/publication/395388212/figure/fig1/AS:11431281629027193@1757475771027/Grad-CAM-visualization-of-detector-attention-Ground-truth-Deepfake-Green-Correct_Q320.jpg | 403 Client Error: Forbidden for url: https://www.researchgate.net/publication/395388212/figure/fig1/AS:11431281629027193@1757475771027/Grad-CAM-visualization-of-detector-attention-Ground-truth-Deepfake-Green-Correct_Q320.jpg
2026-07-31 16:14:39,331 | WARNING | Download failed: https://upload.wikimedia.org/wikipedia/commons/5/57/2025-05-10_15-19-29_ILCE-7C_DSC13060_Kiri.jpg | 429 Client Error: Too many requests - please contact noc@wikimedia.org to discuss a less disruptive approach or instead use thumbnail images in sizes listed on https://w.wiki/GHai. (0c640b1) for url: https://upload.wikimedia.org/wikipedia/commons/5/57/2025-05-10_15-19-29_ILCE-7C_DSC13060_Kiri.jpg
2026-07-31 16:14:39,739 | WARNING | Download failed: https://www.researchgate.net/profile/Colin-Campbell-16/publication/350409592/figure/fig1/AS:1005640910651394@1616774885849/Side-by-Side-Comparison-of-Dior-Jadore-Ad-and-Deepfake_Q320.jpg | 403 Client Error: Forbidden for url: https://www.researchgate.net/profile/Colin-Campbell-16/publication/350409592/figure/fig1/AS:1005640910651394@1616774885849/Side-by-Side-Comparison-of-Dior-Jadore-Ad-and-Deepfake_Q320.jpg
2026-07-31 16:14:40,355 | WARNING | Download failed: https://upload.wikimedia.org/wikipedia/commons/7/77/Chloe_Kim_PCSFN_Headshot_2023.jpg | 429 Client Error: Too many requests - please contact noc@wikimedia.org to discuss a less disruptive approach or instead use thumbnail images in sizes listed on https://w.wiki/GHai. (0c640b1) for url: https://upload.wikimedia.org/wikipedia/commons/7/77/Chloe_Kim_PCSFN_Headshot_2023.jpg
2026-07-31 16:14:40,967 | WARNING | Download failed: https://upload.wikimedia.org/wikipedia/commons/7/73/Chris_Tucker_by_Gage_Skidmore.jpg | 429 Client Error: Too many requests - please contact noc@wikimedia.org to discuss a less disruptive approach or instead use thumbnail images in sizes listed on https://w.wiki/GHai. (0c640b1) for url: https://upload.wikimedia.org/wikipedia/commons/7/73/Chris_Tucker_by_Gage_Skidmore.jpg
2026-07-31 16:14:41,610 | WARNING | Download failed: https://upload.wikimedia.org/wikipedia/commons/thumb/b/be/Chris_Tucker_1996.jpg/250px-Chris_Tucker_1996.jpg | 429 Client Error: Your request does not comply with our robot policy, https://w.wiki/4wJS. Please contact noc@wikimedia.org for further information (0fa5166) for url: https://upload.wikimedia.org/wikipedia/commons/thumb/b/be/Chris_Tucker_1996.jpg/250px-Chris_Tucker_1996.jpg
2026-07-31 16:14:42,390 | WARNING | Download failed: https://dl.acm.org/cms/10.1145/3772318.3790501/asset/74987844-55ca-4b8d-a4ea-38f1154061c6/assets/images/medium/chi26-234-fig1.jpg | 403 Client Error: Forbidden for url: https://dl.acm.org/cms/10.1145/3772318.3790501/asset/74987844-55ca-4b8d-a4ea-38f1154061c6/assets/images/medium/chi26-234-fig1.jpg
2026-07-31 16:14:43,004 | WARNING | Download failed: https://upload.wikimedia.org/wikipedia/commons/0/0a/Christian_Bale-7837.jpg | 429 Client Error: Too many requests - please contact noc@wikimedia.org to discuss a less disruptive approach or instead use thumbnail images in sizes listed on https://w.wiki/GHai. (0c640b1) for url: https://upload.wikimedia.org/wikipedia/commons/0/0a/Christian_Bale-7837.jpg
2026-07-31 16:14:59,071 | WARNING | Download failed: https://www.ecranlarge.com/content/uploads/2019/08/tom-cruise-photo-deepfake-american-psycho-1094097.png | HTTPSConnectionPool(host='www.ecranlarge.com', port=443): Max retries exceeded with url: /content/uploads/2019/08/tom-cruise-photo-deepfake-american-psycho-1094097.png (Caused by ConnectTimeoutError(<urllib3.connection.HTTPSConnection object at 0x7c0f6da98970>, 'Connection to www.ecranlarge.com timed out. (connect timeout=15)'))
2026-07-31 16:14:59,682 | WARNING | Download failed: https://upload.wikimedia.org/wikipedia/commons/f/fd/Christian_Clavier_Cannes_2013.jpg | 429 Client Error: Too many requests - please contact noc@wikimedia.org to discuss a less disruptive approach or instead use thumbnail images in sizes listed on https://w.wiki/GHai. (0c640b1) for url: https://upload.wikimedia.org/wikipedia/commons/f/fd/Christian_Clavier_Cannes_2013.jpg
2026-07-31 16:15:00,425 | WARNING | Download failed: https://lookaside.fbsbx.com/lookaside/crawler/threads/DHuogAmsBRm/0/image.jpg | cannot identify image file <_io.BytesIO object at 0x7c0f5d5dc590>
2026-07-31 16:15:01,436 | WARNING | Download failed: https://c.ndtvimg.com/2021-03/fba3qug_tom-cruise-deepfake-video_625x300_04_March_21.jpg | 403 Client Error: Forbidden for url: https://c.ndtvimg.com/2021-03/fba3qug_tom-cruise-deepfake-video_625x300_04_March_21.jpg
2026-07-31 16:15:02,053 | WARNING | Download failed: https://upload.wikimedia.org/wikipedia/commons/7/72/2025_Colin_Farrell_-_2_%28cropped%29.jpg | 429 Client Error: Too many requests - please contact noc@wikimedia.org to discuss a less disruptive approach or instead use thumbnail images in sizes listed on https://w.wiki/GHai. (0c640b1) for url: https://upload.wikimedia.org/wikipedia/commons/7/72/2025_Colin_Farrell_-_2_%28cropped%29.jpg
2026-07-31 16:15:03,057 | WARNING | Download failed: http://ghostbustersnews.com/wp-content/uploads/2023/04/arnold_ghostbusters_deepfake.jpg | 403 Client Error: Forbidden for url: http://ghostbustersnews.com/wp-content/uploads/2023/04/arnold_ghostbusters_deepfake.jpg
2026-07-31 16:15:08,315 | WARNING | Download failed: https://upload.wikimedia.org/wikipedia/commons/4/43/David_Arquette_Alpha1_2019_%28cropped%29.jpg | 429 Client Error: Too many requests - please contact noc@wikimedia.org to discuss a less disruptive approach or instead use thumbnail images in sizes listed on https://w.wiki/GHai. (0c640b1) for url: https://upload.wikimedia.org/wikipedia/commons/4/43/David_Arquette_Alpha1_2019_%28cropped%29.jpg
2026-07-31 16:15:08,690 | WARNING | Download failed: https://documents.iplt20.com/ipl/IPLHeadshot2026/128.png | 403 Client Error: Forbidden for url: https://documents.iplt20.com/ipl/IPLHeadshot2026/128.png
2026-07-31 16:15:09,762 | WARNING | Download failed: https://davidmiller.ai/wp-content/uploads/2024/08/teentempo_imagine_in_the_style_of_brooke_shaden_oil_painting__a0838d8c-ee64-428e-a4ac-a3e3a78f6bf3_3.png | 403 Client Error: Forbidden for url: https://davidmiller.ai/wp-content/uploads/2024/08/teentempo_imagine_in_the_style_of_brooke_shaden_oil_painting__a0838d8c-ee64-428e-a4ac-a3e3a78f6bf3_3.png
2026-07-31 16:15:10,576 | WARNING | Download failed: https://missouriindependent.com/wp-content/uploads/2026/02/IMG_3609-1536x922.jpeg | 403 Client Error: Forbidden for url: https://missouriindependent.com/wp-content/uploads/2026/02/IMG_3609-1536x922.jpeg
2026-07-31 16:15:11,615 | WARNING | Download failed: https://davidmiller.ai/wp-content/uploads/2024/08/room2-1.jpg | 403 Client Error: Forbidden for url: https://davidmiller.ai/wp-content/uploads/2024/08/room2-1.jpg
2026-07-31 16:15:12,236 | WARNING | Download failed: https://lookaside.fbsbx.com/lookaside/crawler/threads/DDxVOmRvCz6/0/image.jpg | cannot identify image file <_io.BytesIO object at 0x7c10092def90>
2026-07-31 16:15:12,873 | WARNING | Download failed: https://lookaside.fbsbx.com/lookaside/crawler/instagram/CHv0LyvHM3B/0/image.jpg | cannot identify image file <_io.BytesIO object at 0x7c0f6da9d810>
2026-07-31 16:15:13,518 | WARNING | Download failed: https://lookaside.fbsbx.com/lookaside/crawler/instagram/DXhnF1xjcQW/0/image.jpg | cannot identify image file <_io.BytesIO object at 0x7c0f6dbbd720>
2026-07-31 16:15:14,555 | WARNING | Download failed: https://lookaside.fbsbx.com/lookaside/crawler/instagram/CeGwyCeLI8l/0/image.jpg | cannot identify image file <_io.BytesIO object at 0x7c0f5d5d0ea0>
2026-07-31 16:15:15,188 | WARNING | Download failed: https://lookaside.fbsbx.com/lookaside/crawler/instagram/DXmsI2gked4/0/image.jpg | cannot identify image file <_io.BytesIO object at 0x7c10092def90>
2026-07-31 16:15:15,834 | WARNING | Download failed: https://lookaside.fbsbx.com/lookaside/crawler/instagram/C11m2cIIzTa/0/image.jpg | cannot identify image file <_io.BytesIO object at 0x7c0f6dbbd900>
2026-07-31 16:15:16,448 | WARNING | Download failed: https://upload.wikimedia.org/wikipedia/commons/thumb/0/0a/Derrick_Henry_OCT2022_%28cropped%29.jpg/960px-Derrick_Henry_OCT2022_%28cropped%29.jpg | 429 Client Error: Too Many Requests (015d12c) for url: https://upload.wikimedia.org/wikipedia/commons/thumb/0/0a/Derrick_Henry_OCT2022_%28cropped%29.jpg/960px-Derrick_Henry_OCT2022_%28cropped%29.jpg
2026-07-31 16:15:16,828 | WARNING | Download failed: https://documents.iplt20.com/ipl/IPLHeadshot2025/601.png | 403 Client Error: Forbidden for url: https://documents.iplt20.com/ipl/IPLHeadshot2025/601.png
2026-07-31 16:15:42,018 | WARNING | Download failed: https://upload.wikimedia.org/wikipedia/commons/c/cd/Dustin_Hoffman_02.jpg | 429 Client Error: Too many requests - please contact noc@wikimedia.org to discuss a less disruptive approach or instead use thumbnail images in sizes listed on https://w.wiki/GHai. (0c640b1) for url: https://upload.wikimedia.org/wikipedia/commons/c/cd/Dustin_Hoffman_02.jpg
2026-07-31 16:15:53,781 | WARNING | Download failed: https://upload.wikimedia.org/wikipedia/commons/7/7e/Dwayne_Johnson-1764_%284x5_cropped_with_moderate_headroom%29.jpg | 429 Client Error: Too many requests - please contact noc@wikimedia.org to discuss a less disruptive approach or instead use thumbnail images in sizes listed on https://w.wiki/GHai. (0c640b1) for url: https://upload.wikimedia.org/wikipedia/commons/7/7e/Dwayne_Johnson-1764_%284x5_cropped_with_moderate_headroom%29.jpg
2026-07-31 16:16:15,915 | WARNING | Download failed: https://upload.wikimedia.org/wikipedia/commons/4/48/2025_Dylan_O%27Brien_%28cropped%29.jpg | 429 Client Error: Too many requests - please contact noc@wikimedia.org to discuss a less disruptive approach or instead use thumbnail images in sizes listed on https://w.wiki/GHai. (0c640b1) for url: https://upload.wikimedia.org/wikipedia/commons/4/48/2025_Dylan_O%27Brien_%28cropped%29.jpg
2026-07-31 16:16:17,802 | WARNING | Download failed: https://upload.wikimedia.org/wikipedia/commons/thumb/a/a1/Dylan_O%27Brien.jpg/250px-Dylan_O%27Brien.jpg | 429 Client Error: Too Many Requests (015d12c) for url: https://upload.wikimedia.org/wikipedia/commons/thumb/a/a1/Dylan_O%27Brien.jpg/250px-Dylan_O%27Brien.jpg
2026-07-31 16:16:35,320 | WARNING | Download failed: https://upload.wikimedia.org/wikipedia/commons/a/a1/Actress_Malin_Akerman_Visits_TODAY_Show_%2850026255087%29_%28cropped2%29.jpg | 429 Client Error: Too many requests - please contact noc@wikimedia.org to discuss a less disruptive approach or instead use thumbnail images in sizes listed on https://w.wiki/GHai. (0c640b1) for url: https://upload.wikimedia.org/wikipedia/commons/a/a1/Actress_Malin_Akerman_Visits_TODAY_Show_%2850026255087%29_%28cropped2%29.jpg
2026-07-31 16:16:36,064 | WARNING | Download failed: https://lookaside.fbsbx.com/lookaside/crawler/instagram/dylandreyernbc/profile_pic.jpg | cannot identify image file <_io.BytesIO object at 0x7c0f6da9d810>
2026-07-31 16:16:58,830 | WARNING | Download failed: https://tandem.app/files/can-you-spot-a-deepfake-social-image.png | 404 Client Error: Not Found for url: https://tandem.app/files/can-you-spot-a-deepfake-social-image.png
2026-07-31 16:17:04,142 | WARNING | Download failed: https://internationalbanker.com/wp-content/uploads/2021/02/Deepfake-Technology.png | 403 Client Error: Forbidden for url: https://internationalbanker.com/wp-content/uploads/2021/02/Deepfake-Technology.png
2026-07-31 16:17:48,922 | WARNING | Download failed: https://upload.wikimedia.org/wikipedia/commons/5/5f/2017%E2%80%9318_W_Ashes_A_v_E_Test_17-11-09_Perry_portrait_%2802%29.jpg | 429 Client Error: Too many requests - please contact noc@wikimedia.org to discuss a less disruptive approach or instead use thumbnail images in sizes listed on https://w.wiki/GHai. (0c640b1) for url: https://upload.wikimedia.org/wikipedia/commons/5/5f/2017%E2%80%9318_W_Ashes_A_v_E_Test_17-11-09_Perry_portrait_%2802%29.jpg
2026-07-31 16:17:57,254 | WARNING | Download failed: https://lookaside.fbsbx.com/lookaside/crawler/threads/DbGPhw6iWnn/0/image.jpg | cannot identify image file <_io.BytesIO object at 0x7c0f5d5d0ea0>
2026-07-31 16:18:01,696 | WARNING | Download failed: https://lookaside.fbsbx.com/lookaside/crawler/threads/DTVdvkxElHA/0/image.jpg | cannot identify image file <_io.BytesIO object at 0x7c0f6dbbdae0>
2026-07-31 16:18:05,534 | WARNING | Download failed: https://upload.wikimedia.org/wikipedia/commons/5/5e/Elon_Musk_-_54820081119_%28cropped%29.jpg | 429 Client Error: Too many requests - please contact noc@wikimedia.org to discuss a less disruptive approach or instead use thumbnail images in sizes listed on https://w.wiki/GHai. (0c640b1) for url: https://upload.wikimedia.org/wikipedia/commons/5/5e/Elon_Musk_-_54820081119_%28cropped%29.jpg
2026-07-31 16:18:26,382 | WARNING | Download failed: https://web-cdnprod.aa.com.tr/uploads/Contents/2024/10/22/thumbs_b_c_95fae517eb48db7745a60a3b929d78e0.jpg?v=170617 | HTTPSConnectionPool(host='web-cdnprod.aa.com.tr', port=443): Max retries exceeded with url: /uploads/Contents/2024/10/22/thumbs_b_c_95fae517eb48db7745a60a3b929d78e0.jpg?v=170617 (Caused by NewConnectionError('<urllib3.connection.HTTPSConnection object at 0x7c0f6da90e20>: Failed to establish a new connection: [Errno -2] Name or service not known'))
2026-07-31 16:18:27,455 | WARNING | Download failed: https://imagerenderer.com/images/rendered/default/print/7.5/10/break/images/artworkimages/medium/3/elon-musks-fight-for-the-future-of-ai-nigel-buchanan.jpg | broken data stream when reading image file
2026-07-31 16:18:56,716 | WARNING | Download failed: https://upload.wikimedia.org/wikipedia/commons/a/a1/Emma_Roberts_After_The_Hunt-06_%28cropped%29.jpg | 429 Client Error: Too many requests - please contact noc@wikimedia.org to discuss a less disruptive approach or instead use thumbnail images in sizes listed on https://w.wiki/GHai. (0c640b1) for url: https://upload.wikimedia.org/wikipedia/commons/a/a1/Emma_Roberts_After_The_Hunt-06_%28cropped%29.jpg
2026-07-31 16:19:03,540 | WARNING | Download failed: https://www.innovationaus.com/wp-content/uploads/2025/03/Deepfake_AI_shutterstock_800x600.jpg | 403 Client Error: Forbidden for url: https://www.innovationaus.com/wp-content/uploads/2025/03/Deepfake_AI_shutterstock_800x600.jpg
2026-07-31 16:19:49,626 | WARNING | Download failed: https://upload.wikimedia.org/wikipedia/commons/7/78/MKr385780_Emma_Mackey_%28Alpha%2C_Cannes_2025%29.jpg | 429 Client Error: Too many requests - please contact noc@wikimedia.org to discuss a less disruptive approach or instead use thumbnail images in sizes listed on https://w.wiki/GHai. (0c640b1) for url: https://upload.wikimedia.org/wikipedia/commons/7/78/MKr385780_Emma_Mackey_%28Alpha%2C_Cannes_2025%29.jpg
2026-07-31 16:20:18,445 | WARNING | Download failed: https://www.mcafee.com/blogs/wp-content/uploads/2025/11/Celeb-Hacker-Hotlist.png | HTTPSConnectionPool(host='www.mcafee.com', port=443): Read timed out. (read timeout=15)
2026-07-31 16:20:34,757 | WARNING | Download failed: https://www.mcafee.com/blogs/wp-content/uploads/2025/11/1.-USA-CELEBS.png | HTTPSConnectionPool(host='www.mcafee.com', port=443): Read timed out. (read timeout=15)
2026-07-31 16:22:04,564 | WARNING | Download failed: https://img1.joyreactor.cc/pics/post/full/Ayanami-Rei-Evangelion-Anime-OldSchool-9012591.jpeg | HTTPSConnectionPool(host='img1.joyreactor.cc', port=443): Max retries exceeded with url: /pics/post/full/Ayanami-Rei-Evangelion-Anime-OldSchool-9012591.jpeg (Caused by NewConnectionError('<urllib3.connection.HTTPSConnection object at 0x7c0f6da90df0>: Failed to establish a new connection: [Errno -3] Temporary failure in name resolution'))
2026-07-31 16:22:22,288 | WARNING | Download failed: https://timesofindia.indiatimes.com/photo/msid-105009444/105009444.jpg?resizemode=4 | ('Connection aborted.', ConnectionResetError(104, 'Connection reset by peer'))
2026-07-31 16:23:08,717 | WARNING | Download failed: https://www.koimoi.com/wp-content/new-galleries/2023/07/fawad-khan-reimagined-as-hunky-batman-by-an-ai-artist-but-gets-trolled-massively-online-netizens-react-check-out-001.jpg | 403 Client Error: Forbidden for url: https://www.koimoi.com/wp-content/new-galleries/2023/07/fawad-khan-reimagined-as-hunky-batman-by-an-ai-artist-but-gets-trolled-massively-online-netizens-react-check-out-001.jpg
2026-07-31 16:23:11,342 | WARNING | Download failed: https://c.ndtvimg.com/2024-04/072utg7g_aamir-khan-deepfake-fake-label_625x300_17_April_24.jpg | 403 Client Error: Forbidden for url: https://c.ndtvimg.com/2024-04/072utg7g_aamir-khan-deepfake-fake-label_625x300_17_April_24.jpg
2026-07-31 16:23:16,367 | WARNING | Download failed: https://upload.wikimedia.org/wikipedia/commons/thumb/d/de/Faye_Dunaway_2024.jpg/960px-Faye_Dunaway_2024.jpg | 429 Client Error: Too Many Requests (015d12c) for url: https://upload.wikimedia.org/wikipedia/commons/thumb/d/de/Faye_Dunaway_2024.jpg/960px-Faye_Dunaway_2024.jpg
2026-07-31 16:23:31,892 | WARNING | Download failed: https://upload.wikimedia.org/wikipedia/commons/7/70/Florian_Wirtz_Ecuador_v_Germany_25_June_2026-181_%28cropped%29.jpg | 429 Client Error: Too many requests - please contact noc@wikimedia.org to discuss a less disruptive approach or instead use thumbnail images in sizes listed on https://w.wiki/GHai. (0c640b1) for url: https://upload.wikimedia.org/wikipedia/commons/7/70/Florian_Wirtz_Ecuador_v_Germany_25_June_2026-181_%28cropped%29.jpg
2026-07-31 16:23:33,287 | WARNING | Download failed: https://upload.wikimedia.org/wikipedia/commons/thumb/5/5d/Florian_Wirtz%2C_2022-07-31%2C_Saisoner%C3%B6ffnung_Bayer_04%2C_Leverkusen_%281%29_%28cropped%29.jpg/250px-Florian_Wirtz%2C_2022-07-31%2C_Saisoner%C3%B6ffnung_Bayer_04%2C_Leverkusen_%281%29_%28cropped%29.jpg | 429 Client Error: Too Many Requests (015d12c) for url: https://upload.wikimedia.org/wikipedia/commons/thumb/5/5d/Florian_Wirtz%2C_2022-07-31%2C_Saisoner%C3%B6ffnung_Bayer_04%2C_Leverkusen_%281%29_%28cropped%29.jpg/250px-Florian_Wirtz%2C_2022-07-31%2C_Saisoner%C3%B6ffnung_Bayer_04%2C_Leverkusen_%281%29_%28cropped%29.jpg
2026-07-31 16:23:40,564 | WARNING | Download failed: https://upload.wikimedia.org/wikipedia/commons/1/14/FrancoisCluzet-StudioHarcourt-1987.png?utm_source=www.wikidata.org&utm_campaign=index&utm_content=thumbnail_unscaled | 429 Client Error: Too many requests - please contact noc@wikimedia.org to discuss a less disruptive approach or instead use thumbnail images in sizes listed on https://w.wiki/GHai. (0c640b1) for url: https://upload.wikimedia.org/wikipedia/commons/1/14/FrancoisCluzet-StudioHarcourt-1987.png?utm_source=www.wikidata.org&utm_campaign=index&utm_content=thumbnail_unscaled
2026-07-31 16:23:47,680 | WARNING | Download failed: https://upload.wikimedia.org/wikipedia/commons/d/d1/G-Dragon_in_February_2025.png?utm_source=www.wikidata.org&utm_campaign=index&utm_content=thumbnail_unscaled | 429 Client Error: Too many requests - please contact noc@wikimedia.org to discuss a less disruptive approach or instead use thumbnail images in sizes listed on https://w.wiki/GHai. (0c640b1) for url: https://upload.wikimedia.org/wikipedia/commons/d/d1/G-Dragon_in_February_2025.png?utm_source=www.wikidata.org&utm_campaign=index&utm_content=thumbnail_unscaled
2026-07-31 16:24:10,459 | WARNING | Download failed: https://upload.wikimedia.org/wikipedia/commons/b/b4/Retrato_Oficial_Presidente_Boric_Font.jpg | 429 Client Error: Too many requests - please contact noc@wikimedia.org to discuss a less disruptive approach or instead use thumbnail images in sizes listed on https://w.wiki/GHai. (0c640b1) for url: https://upload.wikimedia.org/wikipedia/commons/b/b4/Retrato_Oficial_Presidente_Boric_Font.jpg
2026-07-31 16:24:26,783 | WARNING | Download failed: https://media.biobiochile.cl/wp-content/uploads/2023/10/social-estafa-famosos-deepfake.jpg | HTTPSConnectionPool(host='media.biobiochile.cl', port=443): Max retries exceeded with url: /wp-content/uploads/2023/10/social-estafa-famosos-deepfake.jpg (Caused by NewConnectionError('<urllib3.connection.HTTPSConnection object at 0x7c0f6dbba6d0>: Failed to establish a new connection: [Errno -3] Temporary failure in name resolution'))
2026-07-31 16:24:52,538 | WARNING | Download failed: https://cdn.newser.com/square-image/392026-20260701052759/ai-generated-voice-of-gene-wilder-featured-in-wonka-series.jpeg | 403 Client Error: Forbidden for url: https://cdn.newser.com/square-image/392026-20260701052759/ai-generated-voice-of-gene-wilder-featured-in-wonka-series.jpeg
2026-07-31 16:25:14,439 | WARNING | Download failed: https://upload.wikimedia.org/wikipedia/commons/0/07/George_C._Scott_-_publicity.JPG | 429 Client Error: Too Many Requests (015d12c) for url: https://upload.wikimedia.org/wikipedia/commons/0/07/George_C._Scott_-_publicity.JPG
2026-07-31 16:25:17,735 | WARNING | Download failed: https://dl.acm.org/cms/10.1145/3706598.3713711/asset/736e07c4-14c8-450b-9fa2-52cdfd2fa182/assets/images/medium/chi25-625-fig11.jpg | 403 Client Error: Forbidden for url: https://dl.acm.org/cms/10.1145/3706598.3713711/asset/736e07c4-14c8-450b-9fa2-52cdfd2fa182/assets/images/medium/chi25-625-fig11.jpg
2026-07-31 16:25:18,141 | WARNING | Download failed: https://dl.acm.org/cms/10.1145/3706598.3713711/asset/9ecda328-c59a-42f7-9fe6-bc06dd289daf/assets/images/medium/chi25-625-fig16.jpg | 403 Client Error: Forbidden for url: https://dl.acm.org/cms/10.1145/3706598.3713711/asset/9ecda328-c59a-42f7-9fe6-bc06dd289daf/assets/images/medium/chi25-625-fig16.jpg
2026-07-31 16:25:18,934 | WARNING | Download failed: https://dl.acm.org/cms/10.1145/3706598.3713711/asset/e465101f-614d-470d-9f23-844029ff9c6c/assets/images/medium/chi25-625-fig15.jpg | 403 Client Error: Forbidden for url: https://dl.acm.org/cms/10.1145/3706598.3713711/asset/e465101f-614d-470d-9f23-844029ff9c6c/assets/images/medium/chi25-625-fig15.jpg
2026-07-31 16:25:24,647 | WARNING | Download failed: https://www.creativindie.com/wp-content/uploads/2023/02/tesocraderek_Abstract_Art_Vibrant_colors_Geometric_shapes_Abstr_75ce4982-61b5-4625-81d7-05b2c71445ec.jpg | 403 Client Error: Forbidden for url: https://www.creativindie.com/wp-content/uploads/2023/02/tesocraderek_Abstract_Art_Vibrant_colors_Geometric_shapes_Abstr_75ce4982-61b5-4625-81d7-05b2c71445ec.jpg
2026-07-31 16:27:25,981 | WARNING | Download failed: https://www.newsmobile.in/wp-content/uploads/2025/02/Screenshot-2025-02-20-182138.png | cannot identify image file <_io.BytesIO object at 0x7c1009a04590>
2026-07-31 16:27:26,951 | WARNING | Download failed: https://www.newsmobile.in/wp-content/uploads/2025/02/476788826_122160398048302902_5422970338347386911_n.jpg | cannot identify image file <_io.BytesIO object at 0x7c0f6da9d810>
2026-07-31 16:27:35,985 | WARNING | Download failed: https://www.innovationaus.com/wp-content/uploads/2021/03/Joseph_Brookes_authorhead2023.jpg | 403 Client Error: Forbidden for url: https://www.innovationaus.com/wp-content/uploads/2021/03/Joseph_Brookes_authorhead2023.jpg
2026-07-31 16:27:36,920 | WARNING | Download failed: https://www.newsmobile.in/wp-content/uploads/2025/02/Zinta_Mazwell_FC.jpg | cannot identify image file <_io.BytesIO object at 0x7c10092def90>
2026-07-31 16:27:45,889 | WARNING | Download failed: https://lookaside.fbsbx.com/lookaside/crawler/threads/DKOdX3XsCeV/0/image.jpg | cannot identify image file <_io.BytesIO object at 0x7c1009a04590>
2026-07-31 16:28:42,415 | WARNING | Download failed: https://upload.wikimedia.org/wikipedia/commons/8/88/Crew_members_of_the_movie_%22Genius%22_at_the_Berlinale_party_%2825036107966%29_%28cropped%29.jpg | 429 Client Error: Too many requests - please contact noc@wikimedia.org to discuss a less disruptive approach or instead use thumbnail images in sizes listed on https://w.wiki/GHai. (0c640b1) for url: https://upload.wikimedia.org/wikipedia/commons/8/88/Crew_members_of_the_movie_%22Genius%22_at_the_Berlinale_party_%2825036107966%29_%28cropped%29.jpg
2026-07-31 16:28:43,042 | WARNING | Download failed: https://upload.wikimedia.org/wikipedia/commons/thumb/7/77/GuyPearce07TIFF.jpg/250px-GuyPearce07TIFF.jpg | 429 Client Error: Too Many Requests (015d12c) for url: https://upload.wikimedia.org/wikipedia/commons/thumb/7/77/GuyPearce07TIFF.jpg/250px-GuyPearce07TIFF.jpg
2026-07-31 16:28:56,097 | WARNING | Download failed: https://upload.wikimedia.org/wikipedia/commons/thumb/6/6d/G%C3%A9rard_Depardieu_%28Berlin_Film_Festival_2010%29.jpg/960px-G%C3%A9rard_Depardieu_%28Berlin_Film_Festival_2010%29.jpg | 429 Client Error: Too Many Requests (015d12c) for url: https://upload.wikimedia.org/wikipedia/commons/thumb/6/6d/G%C3%A9rard_Depardieu_%28Berlin_Film_Festival_2010%29.jpg/960px-G%C3%A9rard_Depardieu_%28Berlin_Film_Festival_2010%29.jpg
2026-07-31 16:28:56,713 | WARNING | Download failed: https://upload.wikimedia.org/wikipedia/commons/thumb/2/2c/G%C3%A9rard_Depardieu_1976_Novecento.jpg/250px-G%C3%A9rard_Depardieu_1976_Novecento.jpg | 429 Client Error: Too Many Requests (015d12c) for url: https://upload.wikimedia.org/wikipedia/commons/thumb/2/2c/G%C3%A9rard_Depardieu_1976_Novecento.jpg/250px-G%C3%A9rard_Depardieu_1976_Novecento.jpg
2026-07-31 16:29:10,977 | WARNING | Download failed: https://upload.wikimedia.org/wikipedia/commons/0/0c/Hadiqa_Kiani_Pakistani_Singer.jpg | 429 Client Error: Too many requests - please contact noc@wikimedia.org to discuss a less disruptive approach or instead use thumbnail images in sizes listed on https://w.wiki/GHai. (0c640b1) for url: https://upload.wikimedia.org/wikipedia/commons/0/0c/Hadiqa_Kiani_Pakistani_Singer.jpg
2026-07-31 16:29:12,712 | WARNING | Download failed: https://lookaside.fbsbx.com/lookaside/crawler/instagram/hadiqakianiofficial/profile_pic.jpg | cannot identify image file <_io.BytesIO object at 0x7c10092def90>
2026-07-31 16:29:16,212 | WARNING | Download failed: https://upload.wikimedia.org/wikipedia/commons/a/aa/Halle_Berry-1910.jpg | 429 Client Error: Too many requests - please contact noc@wikimedia.org to discuss a less disruptive approach or instead use thumbnail images in sizes listed on https://w.wiki/GHai. (0c640b1) for url: https://upload.wikimedia.org/wikipedia/commons/a/aa/Halle_Berry-1910.jpg
2026-07-31 16:29:28,830 | WARNING | Download failed: https://media.eventhubs.com/images/2020/02/24-more-deepfakes-mortal-kombat-11-see-christopher-lambert-gal-gadot.jpg | HTTPSConnectionPool(host='media.eventhubs.com', port=443): Max retries exceeded with url: /images/2020/02/24-more-deepfakes-mortal-kombat-11-see-christopher-lambert-gal-gadot.jpg (Caused by SSLError(SSLCertVerificationError(1, '[SSL: CERTIFICATE_VERIFY_FAILED] certificate verify failed: unable to get local issuer certificate (_ssl.c:1147)')))
2026-07-31 16:29:32,503 | WARNING | Download failed: https://celebdeepfakes.net/wp-content/uploads/2022/11/Halle-Berry-Nude-Hardcore-Porn-Video-Deepfake-640x360.jpg | ('Connection aborted.', ConnectionResetError(104, 'Connection reset by peer'))
2026-07-31 16:29:42,145 | INFO | ============================================================
2026-07-31 16:29:42,146 | INFO | STEP 4 RUN COMPLETE
2026-07-31 16:29:42,146 | INFO | OK (accepted)     : 218
2026-07-31 16:29:42,146 | INFO | No face           : 15
2026-07-31 16:29:42,146 | INFO | Multiple faces    : 121
2026-07-31 16:29:42,146 | INFO | Face too small    : 35
2026-07-31 16:29:42,146 | INFO | Download errors   : 110 (will retry)
2026-07-31 16:29:42,146 | INFO | Detector errors   : 1 (will retry)
2026-07-31 16:29:42,146 | INFO | ============================================================
2026-07-31 16:42:44,935 | INFO | MTCNN initialized on device: cuda
2026-07-31 16:42:45,197 | INFO | ============================================================
2026-07-31 16:42:45,197 | INFO | STEP 4 START (Face Verification)
2026-07-31 16:42:45,197 | INFO | Total candidates     : 2342
2026-07-31 16:42:45,197 | INFO | Already checked      : 1295
2026-07-31 16:42:45,197 | INFO | Remaining pending    : 1047
2026-07-31 16:42:45,197 | INFO | This run             : 500
2026-07-31 16:42:45,197 | INFO | Device               : cuda
2026-07-31 16:42:45,197 | INFO | ============================================================
2026-07-31 16:42:45,566 | WARNING | Download failed: https://lookaside.fbsbx.com/lookaside/crawler/threads/DZDE9TGlp6M/0/image.jpg | cannot identify image file <_io.BytesIO object at 0x7b21273d7180>
2026-07-31 16:42:50,279 | WARNING | Download failed: https://timesofindia.indiatimes.com/photo/msid-123786769/123786769.jpg?resizemode=4 | ('Connection aborted.', ConnectionResetError(104, 'Connection reset by peer'))
2026-07-31 16:42:51,004 | WARNING | Download failed: https://upload.wikimedia.org/wikipedia/commons/2/28/Albert_Einstein_Head_cleaned.jpg | 429 Client Error: Too Many Requests (015d12c) for url: https://upload.wikimedia.org/wikipedia/commons/2/28/Albert_Einstein_Head_cleaned.jpg
2026-07-31 16:42:51,627 | WARNING | Download failed: https://upload.wikimedia.org/wikipedia/commons/6/67/Alessandro_Nivola_Jay_Kelly-03.jpg | 429 Client Error: Too Many Requests (015d12c) for url: https://upload.wikimedia.org/wikipedia/commons/6/67/Alessandro_Nivola_Jay_Kelly-03.jpg
2026-07-31 16:42:52,243 | WARNING | Download failed: https://upload.wikimedia.org/wikipedia/commons/6/6e/Alessandro_Vittoria_-_Paolo_Veronese.jpg | 429 Client Error: Too Many Requests (015d12c) for url: https://upload.wikimedia.org/wikipedia/commons/6/6e/Alessandro_Vittoria_-_Paolo_Veronese.jpg
2026-07-31 16:42:53,144 | WARNING | Download failed: https://www.mdpi.com/jimaging/jimaging-08-00263/article_deploy/html/images/jimaging-08-00263-g008-550.jpg | 403 Client Error: Forbidden for url: https://www.mdpi.com/jimaging/jimaging-08-00263/article_deploy/html/images/jimaging-08-00263-g008-550.jpg
2026-07-31 16:42:53,798 | WARNING | Download failed: https://upload.wikimedia.org/wikipedia/commons/4/4a/Alexandria_Ocasio-Cortez_Official_Portrait.jpg | 429 Client Error: Too Many Requests (015d12c) for url: https://upload.wikimedia.org/wikipedia/commons/4/4a/Alexandria_Ocasio-Cortez_Official_Portrait.jpg
2026-07-31 16:42:54,342 | WARNING | Download failed: https://www.livemint.com/lm-img/img/2024/05/07/optimize/Alia_Bhatt_Deepfake_1715069582605_1715069596521.png | ('Connection aborted.', ConnectionResetError(104, 'Connection reset by peer'))
2026-07-31 16:42:55,001 | WARNING | Download failed: https://lookaside.fbsbx.com/lookaside/crawler/instagram/DQbAbycEwWc/0/image.jpg | cannot identify image file <_io.BytesIO object at 0x7b2137545ae0>
2026-07-31 16:43:02,770 | WARNING | Download failed: https://lookaside.fbsbx.com/lookaside/crawler/instagram/amberheard/profile_pic.jpg | cannot identify image file <_io.BytesIO object at 0x7b2137451680>
2026-07-31 16:43:03,469 | WARNING | Download failed: https://lookaside.fbsbx.com/lookaside/crawler/instagram/DZU5Mo-y9I1/0/image.jpg | cannot identify image file <_io.BytesIO object at 0x7b2137545f90>
2026-07-31 16:43:04,108 | WARNING | Download failed: https://lookaside.fbsbx.com/lookaside/crawler/threads/DEk0T1NTS2D/1/image.jpg | cannot identify image file <_io.BytesIO object at 0x7b21332cb040>
2026-07-31 16:43:04,734 | WARNING | Download failed: https://upload.wikimedia.org/wikipedia/commons/1/15/U.N._Secretary_General_Antonio_Guterres_%283x4_cropped_b%29.jpg | 429 Client Error: Too Many Requests (015d12c) for url: https://upload.wikimedia.org/wikipedia/commons/1/15/U.N._Secretary_General_Antonio_Guterres_%283x4_cropped_b%29.jpg
2026-07-31 16:43:05,363 | WARNING | Download failed: https://upload.wikimedia.org/wikipedia/commons/a/a5/Arnold_Schwarzenegger_by_Gage_Skidmore_3.jpg | 429 Client Error: Too Many Requests (015d12c) for url: https://upload.wikimedia.org/wikipedia/commons/a/a5/Arnold_Schwarzenegger_by_Gage_Skidmore_3.jpg
2026-07-31 16:43:13,293 | WARNING | Download failed: https://www.celebritykind.com/wp-content/uploads/2024/06/shutterstock_717129223-scaled-e1717488964123-839x1024.jpg | 403 Client Error: Forbidden for url: https://www.celebritykind.com/wp-content/uploads/2024/06/shutterstock_717129223-scaled-e1717488964123-839x1024.jpg
2026-07-31 16:43:13,951 | WARNING | Download failed: https://lookaside.fbsbx.com/lookaside/crawler/instagram/DQhDvvcjF6P/0/image.jpg | cannot identify image file <_io.BytesIO object at 0x7b21367204f0>
2026-07-31 16:43:14,590 | WARNING | Download failed: https://lookaside.fbsbx.com/lookaside/crawler/instagram/DY1UvvDKflO/0/image.jpg | cannot identify image file <_io.BytesIO object at 0x7b21273e3d10>
2026-07-31 16:43:15,195 | WARNING | Download failed: https://upload.wikimedia.org/wikipedia/commons/7/7a/Audrey_Tautou_Berlin_2015.jpg | 429 Client Error: Too Many Requests (015d12c) for url: https://upload.wikimedia.org/wikipedia/commons/7/7a/Audrey_Tautou_Berlin_2015.jpg
2026-07-31 16:43:19,647 | WARNING | Download failed: https://www.hockeydb.com/ihdb/photos/auston-matthews-2024-38.jpg | 403 Client Error: Forbidden for url: https://www.hockeydb.com/ihdb/photos/auston-matthews-2024-38.jpg
2026-07-31 16:43:20,279 | WARNING | Download failed: https://upload.wikimedia.org/wikipedia/commons/a/ab/Benedict_Cumberbatch-67555.jpg | 429 Client Error: Too Many Requests (015d12c) for url: https://upload.wikimedia.org/wikipedia/commons/a/ab/Benedict_Cumberbatch-67555.jpg
2026-07-31 16:43:21,133 | WARNING | Download failed: https://www.usatoday.com/gcdn/authoring/authoring-images/2026/01/19/USAT/88255393007-landman-210-em-0718-01245-rt-f.jpg?crop=2999,1687,x0,y156&width=660&height=371&format=pjpg&auto=webp | 406 Client Error: Not Acceptable for url: https://www.usatoday.com/gcdn/authoring/authoring-images/2026/01/19/USAT/88255393007-landman-210-em-0718-01245-rt-f.jpg?crop=2999,1687,x0,y156&width=660&height=371&format=pjpg&auto=webp
2026-07-31 16:43:22,830 | ERROR | Detector failed: http://www.smh.com.au/content/dam/images/4/9/o/r/9/image.imgtype.videoThumbnail.729x410.png/1453967434294.jpg | torch.cat(): expected a non-empty list of Tensors
Traceback (most recent call last):
  File "/home/amna/Real-vs-Fake/Scripts/04_face_check.py", line 275, in main
    status, face_count, box, area_ratio, detail = evaluate_faces(img)
  File "/home/amna/Real-vs-Fake/Scripts/04_face_check.py", line 199, in evaluate_faces
    boxes, probs = DETECTOR.detect(img)
  File "/home/amna/miniconda3/envs/deepfake/lib/python3.9/site-packages/facenet_pytorch/models/mtcnn.py", line 313, in detect
    batch_boxes, batch_points = detect_face(
  File "/home/amna/miniconda3/envs/deepfake/lib/python3.9/site-packages/facenet_pytorch/models/utils/detect_face.py", line 83, in detect_face
    boxes = torch.cat(boxes, dim=0)
RuntimeError: torch.cat(): expected a non-empty list of Tensors
2026-07-31 16:43:23,452 | WARNING | Download failed: https://upload.wikimedia.org/wikipedia/commons/thumb/0/03/Bruce_Willis_by_Gage_Skidmore.jpg/960px-Bruce_Willis_by_Gage_Skidmore.jpg | 429 Client Error: Too Many Requests (015d12c) for url: https://upload.wikimedia.org/wikipedia/commons/thumb/0/03/Bruce_Willis_by_Gage_Skidmore.jpg/960px-Bruce_Willis_by_Gage_Skidmore.jpg
2026-07-31 16:43:24,084 | WARNING | Download failed: https://www.koimoi.com/wp-content/new-galleries/2023/03/the-avengers-90s-edition-ai-generated-is-impressed-from-tom-cruise-as-iron-man-to-bruce-willis-will-smith-more-heresheres-who-all-made-the-cast-001.jpg | 403 Client Error: Forbidden for url: https://www.koimoi.com/wp-content/new-galleries/2023/03/the-avengers-90s-edition-ai-generated-is-impressed-from-tom-cruise-as-iron-man-to-bruce-willis-will-smith-more-heresheres-who-all-made-the-cast-001.jpg
2026-07-31 16:43:24,681 | WARNING | Download failed: https://upload.wikimedia.org/wikipedia/commons/e/e5/Caitlin_Clark_2025_2_%28cropped%29.jpg | 429 Client Error: Too Many Requests (015d12c) for url: https://upload.wikimedia.org/wikipedia/commons/e/e5/Caitlin_Clark_2025_2_%28cropped%29.jpg
2026-07-31 16:43:25,402 | WARNING | Download failed: https://lookaside.fbsbx.com/lookaside/crawler/threads/DY0PjBWEiLD/0/image.jpg | cannot identify image file <_io.BytesIO object at 0x7b21d33564f0>
2026-07-31 16:43:26,051 | WARNING | Download failed: https://upload.wikimedia.org/wikipedia/commons/9/99/Cameron_Diaz_at_WWD_Style_Awards_2026-1998.jpg | 429 Client Error: Too Many Requests (015d12c) for url: https://upload.wikimedia.org/wikipedia/commons/9/99/Cameron_Diaz_at_WWD_Style_Awards_2026-1998.jpg
2026-07-31 16:43:26,718 | WARNING | Download failed: https://adultdeepfakes.com/contents/videos_screenshots/2000/2263/preview.mp4.jpg | ('Connection aborted.', ConnectionResetError(104, 'Connection reset by peer'))
2026-07-31 16:43:27,290 | WARNING | Download failed: https://adultdeepfakes.com/contents/videos_screenshots/40000/40786/preview.mp4.jpg | ('Connection aborted.', ConnectionResetError(104, 'Connection reset by peer'))
2026-07-31 16:43:27,843 | WARNING | Download failed: https://www.alrincon.com/imagenesblog2/varios/camerondiazdeepfake.jpg | ('Connection aborted.', ConnectionResetError(104, 'Connection reset by peer'))
2026-07-31 16:43:28,515 | WARNING | Download failed: https://lookaside.fbsbx.com/lookaside/crawler/instagram/DYI6gmARFpE/0/image.jpg | cannot identify image file <_io.BytesIO object at 0x7b21280f7810>
2026-07-31 16:43:29,129 | WARNING | Download failed: https://upload.wikimedia.org/wikipedia/commons/b/b4/Cameron_Green_fielding_Boxing_Day_2022_%28cropped%29.jpg | 429 Client Error: Too many requests - please contact noc@wikimedia.org to discuss a less disruptive approach or instead use thumbnail images in sizes listed on https://w.wiki/GHai. (0c640b1) for url: https://upload.wikimedia.org/wikipedia/commons/b/b4/Cameron_Green_fielding_Boxing_Day_2022_%28cropped%29.jpg
2026-07-31 16:43:29,886 | WARNING | Download failed: https://documents.iplt20.com/ipl/IPLHeadshot2026/550.png | 403 Client Error: Forbidden for url: https://documents.iplt20.com/ipl/IPLHeadshot2026/550.png
2026-07-31 16:43:32,423 | WARNING | Download failed: https://upload.wikimedia.org/wikipedia/commons/5/57/2025-05-10_15-19-29_ILCE-7C_DSC13060_Kiri.jpg | 429 Client Error: Too many requests - please contact noc@wikimedia.org to discuss a less disruptive approach or instead use thumbnail images in sizes listed on https://w.wiki/GHai. (0c640b1) for url: https://upload.wikimedia.org/wikipedia/commons/5/57/2025-05-10_15-19-29_ILCE-7C_DSC13060_Kiri.jpg
2026-07-31 16:43:32,839 | WARNING | Download failed: https://www.researchgate.net/profile/Colin-Campbell-16/publication/350409592/figure/fig1/AS:1005640910651394@1616774885849/Side-by-Side-Comparison-of-Dior-Jadore-Ad-and-Deepfake_Q320.jpg | 403 Client Error: Forbidden for url: https://www.researchgate.net/profile/Colin-Campbell-16/publication/350409592/figure/fig1/AS:1005640910651394@1616774885849/Side-by-Side-Comparison-of-Dior-Jadore-Ad-and-Deepfake_Q320.jpg
2026-07-31 16:43:33,449 | WARNING | Download failed: https://upload.wikimedia.org/wikipedia/commons/7/77/Chloe_Kim_PCSFN_Headshot_2023.jpg | 429 Client Error: Too many requests - please contact noc@wikimedia.org to discuss a less disruptive approach or instead use thumbnail images in sizes listed on https://w.wiki/GHai. (0c640b1) for url: https://upload.wikimedia.org/wikipedia/commons/7/77/Chloe_Kim_PCSFN_Headshot_2023.jpg
2026-07-31 16:43:34,049 | WARNING | Download failed: https://upload.wikimedia.org/wikipedia/commons/7/73/Chris_Tucker_by_Gage_Skidmore.jpg | 429 Client Error: Too many requests - please contact noc@wikimedia.org to discuss a less disruptive approach or instead use thumbnail images in sizes listed on https://w.wiki/GHai. (0c640b1) for url: https://upload.wikimedia.org/wikipedia/commons/7/73/Chris_Tucker_by_Gage_Skidmore.jpg
2026-07-31 16:43:34,648 | WARNING | Download failed: https://upload.wikimedia.org/wikipedia/commons/thumb/b/be/Chris_Tucker_1996.jpg/250px-Chris_Tucker_1996.jpg | 429 Client Error: Too Many Requests (015d12c) for url: https://upload.wikimedia.org/wikipedia/commons/thumb/b/be/Chris_Tucker_1996.jpg/250px-Chris_Tucker_1996.jpg
2026-07-31 16:43:36,732 | WARNING | Download failed: https://upload.wikimedia.org/wikipedia/commons/0/0a/Christian_Bale-7837.jpg | 429 Client Error: Too many requests - please contact noc@wikimedia.org to discuss a less disruptive approach or instead use thumbnail images in sizes listed on https://w.wiki/GHai. (0c640b1) for url: https://upload.wikimedia.org/wikipedia/commons/0/0a/Christian_Bale-7837.jpg
2026-07-31 16:43:47,052 | WARNING | Download failed: https://www.ecranlarge.com/content/uploads/2019/08/tom-cruise-photo-deepfake-american-psycho-1094097.png | HTTPSConnectionPool(host='www.ecranlarge.com', port=443): Max retries exceeded with url: /content/uploads/2019/08/tom-cruise-photo-deepfake-american-psycho-1094097.png (Caused by NewConnectionError('<urllib3.connection.HTTPSConnection object at 0x7b2137558550>: Failed to establish a new connection: [Errno -3] Temporary failure in name resolution'))
2026-07-31 16:43:47,670 | WARNING | Download failed: https://upload.wikimedia.org/wikipedia/commons/f/fd/Christian_Clavier_Cannes_2013.jpg | 429 Client Error: Too many requests - please contact noc@wikimedia.org to discuss a less disruptive approach or instead use thumbnail images in sizes listed on https://w.wiki/GHai. (0c640b1) for url: https://upload.wikimedia.org/wikipedia/commons/f/fd/Christian_Clavier_Cannes_2013.jpg
2026-07-31 16:43:48,374 | WARNING | Download failed: https://lookaside.fbsbx.com/lookaside/crawler/threads/DHuogAmsBRm/0/image.jpg | cannot identify image file <_io.BytesIO object at 0x7b21280f7810>
2026-07-31 16:43:49,511 | WARNING | Download failed: https://c.ndtvimg.com/2021-03/fba3qug_tom-cruise-deepfake-video_625x300_04_March_21.jpg | 403 Client Error: Forbidden for url: https://c.ndtvimg.com/2021-03/fba3qug_tom-cruise-deepfake-video_625x300_04_March_21.jpg
2026-07-31 16:43:50,151 | WARNING | Download failed: https://upload.wikimedia.org/wikipedia/commons/7/72/2025_Colin_Farrell_-_2_%28cropped%29.jpg | 429 Client Error: Too many requests - please contact noc@wikimedia.org to discuss a less disruptive approach or instead use thumbnail images in sizes listed on https://w.wiki/GHai. (0c640b1) for url: https://upload.wikimedia.org/wikipedia/commons/7/72/2025_Colin_Farrell_-_2_%28cropped%29.jpg
2026-07-31 16:43:51,423 | WARNING | Download failed: http://ghostbustersnews.com/wp-content/uploads/2023/04/arnold_ghostbusters_deepfake.jpg | 403 Client Error: Forbidden for url: http://ghostbustersnews.com/wp-content/uploads/2023/04/arnold_ghostbusters_deepfake.jpg
2026-07-31 16:43:52,060 | WARNING | Download failed: https://upload.wikimedia.org/wikipedia/commons/4/43/David_Arquette_Alpha1_2019_%28cropped%29.jpg | 429 Client Error: Too many requests - please contact noc@wikimedia.org to discuss a less disruptive approach or instead use thumbnail images in sizes listed on https://w.wiki/GHai. (0c640b1) for url: https://upload.wikimedia.org/wikipedia/commons/4/43/David_Arquette_Alpha1_2019_%28cropped%29.jpg
2026-07-31 16:43:52,488 | WARNING | Download failed: https://documents.iplt20.com/ipl/IPLHeadshot2026/128.png | 403 Client Error: Forbidden for url: https://documents.iplt20.com/ipl/IPLHeadshot2026/128.png
2026-07-31 16:43:53,685 | WARNING | Download failed: https://davidmiller.ai/wp-content/uploads/2024/08/teentempo_imagine_in_the_style_of_brooke_shaden_oil_painting__a0838d8c-ee64-428e-a4ac-a3e3a78f6bf3_3.png | 403 Client Error: Forbidden for url: https://davidmiller.ai/wp-content/uploads/2024/08/teentempo_imagine_in_the_style_of_brooke_shaden_oil_painting__a0838d8c-ee64-428e-a4ac-a3e3a78f6bf3_3.png
2026-07-31 16:43:54,444 | WARNING | Download failed: https://missouriindependent.com/wp-content/uploads/2026/02/IMG_3609-1536x922.jpeg | 403 Client Error: Forbidden for url: https://missouriindependent.com/wp-content/uploads/2026/02/IMG_3609-1536x922.jpeg
2026-07-31 16:43:55,462 | WARNING | Download failed: https://davidmiller.ai/wp-content/uploads/2024/08/room2-1.jpg | 403 Client Error: Forbidden for url: https://davidmiller.ai/wp-content/uploads/2024/08/room2-1.jpg
2026-07-31 16:43:56,119 | WARNING | Download failed: https://lookaside.fbsbx.com/lookaside/crawler/threads/DDxVOmRvCz6/0/image.jpg | cannot identify image file <_io.BytesIO object at 0x7b2137451db0>
2026-07-31 16:43:56,793 | WARNING | Download failed: https://lookaside.fbsbx.com/lookaside/crawler/instagram/CHv0LyvHM3B/0/image.jpg | cannot identify image file <_io.BytesIO object at 0x7b21d33564f0>
2026-07-31 16:43:57,459 | WARNING | Download failed: https://lookaside.fbsbx.com/lookaside/crawler/instagram/DXhnF1xjcQW/0/image.jpg | cannot identify image file <_io.BytesIO object at 0x7b21273c1810>
2026-07-31 16:43:58,211 | WARNING | Download failed: https://lookaside.fbsbx.com/lookaside/crawler/instagram/CeGwyCeLI8l/0/image.jpg | cannot identify image file <_io.BytesIO object at 0x7b21280f7810>
2026-07-31 16:43:58,888 | WARNING | Download failed: https://lookaside.fbsbx.com/lookaside/crawler/instagram/DXmsI2gked4/0/image.jpg | cannot identify image file <_io.BytesIO object at 0x7b21280f7810>
2026-07-31 16:43:59,605 | WARNING | Download failed: https://lookaside.fbsbx.com/lookaside/crawler/instagram/C11m2cIIzTa/0/image.jpg | cannot identify image file <_io.BytesIO object at 0x7b21280f7810>
2026-07-31 16:44:00,246 | WARNING | Download failed: https://upload.wikimedia.org/wikipedia/commons/thumb/0/0a/Derrick_Henry_OCT2022_%28cropped%29.jpg/960px-Derrick_Henry_OCT2022_%28cropped%29.jpg | 429 Client Error: Too Many Requests (015d12c) for url: https://upload.wikimedia.org/wikipedia/commons/thumb/0/0a/Derrick_Henry_OCT2022_%28cropped%29.jpg/960px-Derrick_Henry_OCT2022_%28cropped%29.jpg
2026-07-31 16:44:00,633 | WARNING | Download failed: https://documents.iplt20.com/ipl/IPLHeadshot2025/601.png | 403 Client Error: Forbidden for url: https://documents.iplt20.com/ipl/IPLHeadshot2025/601.png
2026-07-31 16:44:01,250 | WARNING | Download failed: https://upload.wikimedia.org/wikipedia/commons/c/cd/Dustin_Hoffman_02.jpg | 429 Client Error: Too many requests - please contact noc@wikimedia.org to discuss a less disruptive approach or instead use thumbnail images in sizes listed on https://w.wiki/GHai. (0c640b1) for url: https://upload.wikimedia.org/wikipedia/commons/c/cd/Dustin_Hoffman_02.jpg
2026-07-31 16:44:01,868 | WARNING | Download failed: https://upload.wikimedia.org/wikipedia/commons/7/7e/Dwayne_Johnson-1764_%284x5_cropped_with_moderate_headroom%29.jpg | 429 Client Error: Too many requests - please contact noc@wikimedia.org to discuss a less disruptive approach or instead use thumbnail images in sizes listed on https://w.wiki/GHai. (0c640b1) for url: https://upload.wikimedia.org/wikipedia/commons/7/7e/Dwayne_Johnson-1764_%284x5_cropped_with_moderate_headroom%29.jpg
2026-07-31 16:44:02,497 | WARNING | Download failed: https://upload.wikimedia.org/wikipedia/commons/4/48/2025_Dylan_O%27Brien_%28cropped%29.jpg | 429 Client Error: Too many requests - please contact noc@wikimedia.org to discuss a less disruptive approach or instead use thumbnail images in sizes listed on https://w.wiki/GHai. (0c640b1) for url: https://upload.wikimedia.org/wikipedia/commons/4/48/2025_Dylan_O%27Brien_%28cropped%29.jpg
2026-07-31 16:44:03,123 | WARNING | Download failed: https://upload.wikimedia.org/wikipedia/commons/thumb/a/a1/Dylan_O%27Brien.jpg/250px-Dylan_O%27Brien.jpg | 429 Client Error: Too Many Requests (015d12c) for url: https://upload.wikimedia.org/wikipedia/commons/thumb/a/a1/Dylan_O%27Brien.jpg/250px-Dylan_O%27Brien.jpg
2026-07-31 16:44:03,741 | WARNING | Download failed: https://upload.wikimedia.org/wikipedia/commons/a/a1/Actress_Malin_Akerman_Visits_TODAY_Show_%2850026255087%29_%28cropped2%29.jpg | 429 Client Error: Too many requests - please contact noc@wikimedia.org to discuss a less disruptive approach or instead use thumbnail images in sizes listed on https://w.wiki/GHai. (0c640b1) for url: https://upload.wikimedia.org/wikipedia/commons/a/a1/Actress_Malin_Akerman_Visits_TODAY_Show_%2850026255087%29_%28cropped2%29.jpg
2026-07-31 16:44:05,253 | WARNING | Download failed: https://lookaside.fbsbx.com/lookaside/crawler/instagram/dylandreyernbc/profile_pic.jpg | cannot identify image file <_io.BytesIO object at 0x7b2137545f90>
2026-07-31 16:44:06,159 | WARNING | Download failed: https://tandem.app/files/can-you-spot-a-deepfake-social-image.png | 404 Client Error: Not Found for url: https://tandem.app/files/can-you-spot-a-deepfake-social-image.png
2026-07-31 16:44:07,603 | WARNING | Download failed: https://internationalbanker.com/wp-content/uploads/2021/02/Deepfake-Technology.png | 403 Client Error: Forbidden for url: https://internationalbanker.com/wp-content/uploads/2021/02/Deepfake-Technology.png
2026-07-31 16:44:08,210 | WARNING | Download failed: https://upload.wikimedia.org/wikipedia/commons/5/5f/2017%E2%80%9318_W_Ashes_A_v_E_Test_17-11-09_Perry_portrait_%2802%29.jpg | 429 Client Error: Too many requests - please contact noc@wikimedia.org to discuss a less disruptive approach or instead use thumbnail images in sizes listed on https://w.wiki/GHai. (0c640b1) for url: https://upload.wikimedia.org/wikipedia/commons/5/5f/2017%E2%80%9318_W_Ashes_A_v_E_Test_17-11-09_Perry_portrait_%2802%29.jpg
2026-07-31 16:44:08,864 | WARNING | Download failed: https://lookaside.fbsbx.com/lookaside/crawler/threads/DbGPhw6iWnn/0/image.jpg | cannot identify image file <_io.BytesIO object at 0x7b21273d7270>
2026-07-31 16:44:09,505 | WARNING | Download failed: https://lookaside.fbsbx.com/lookaside/crawler/threads/DTVdvkxElHA/0/image.jpg | cannot identify image file <_io.BytesIO object at 0x7b21273c1810>
2026-07-31 16:44:10,130 | WARNING | Download failed: https://upload.wikimedia.org/wikipedia/commons/5/5e/Elon_Musk_-_54820081119_%28cropped%29.jpg | 429 Client Error: Too many requests - please contact noc@wikimedia.org to discuss a less disruptive approach or instead use thumbnail images in sizes listed on https://w.wiki/GHai. (0c640b1) for url: https://upload.wikimedia.org/wikipedia/commons/5/5e/Elon_Musk_-_54820081119_%28cropped%29.jpg
2026-07-31 16:44:10,955 | WARNING | Download failed: https://web-cdnprod.aa.com.tr/uploads/Contents/2024/10/22/thumbs_b_c_95fae517eb48db7745a60a3b929d78e0.jpg?v=170617 | 403 Client Error: Forbidden for url: https://web-cdnprod.aa.com.tr/uploads/Contents/2024/10/22/thumbs_b_c_95fae517eb48db7745a60a3b929d78e0.jpg?v=170617
2026-07-31 16:44:12,125 | WARNING | Download failed: https://imagerenderer.com/images/rendered/default/print/7.5/10/break/images/artworkimages/medium/3/elon-musks-fight-for-the-future-of-ai-nigel-buchanan.jpg | broken data stream when reading image file
2026-07-31 16:44:12,748 | WARNING | Download failed: https://upload.wikimedia.org/wikipedia/commons/a/a1/Emma_Roberts_After_The_Hunt-06_%28cropped%29.jpg | 429 Client Error: Too many requests - please contact noc@wikimedia.org to discuss a less disruptive approach or instead use thumbnail images in sizes listed on https://w.wiki/GHai. (0c640b1) for url: https://upload.wikimedia.org/wikipedia/commons/a/a1/Emma_Roberts_After_The_Hunt-06_%28cropped%29.jpg
2026-07-31 16:44:13,580 | WARNING | Download failed: https://www.innovationaus.com/wp-content/uploads/2025/03/Deepfake_AI_shutterstock_800x600.jpg | 403 Client Error: Forbidden for url: https://www.innovationaus.com/wp-content/uploads/2025/03/Deepfake_AI_shutterstock_800x600.jpg
2026-07-31 16:44:14,198 | WARNING | Download failed: https://upload.wikimedia.org/wikipedia/commons/7/78/MKr385780_Emma_Mackey_%28Alpha%2C_Cannes_2025%29.jpg | 429 Client Error: Too many requests - please contact noc@wikimedia.org to discuss a less disruptive approach or instead use thumbnail images in sizes listed on https://w.wiki/GHai. (0c640b1) for url: https://upload.wikimedia.org/wikipedia/commons/7/78/MKr385780_Emma_Mackey_%28Alpha%2C_Cannes_2025%29.jpg
2026-07-31 16:44:29,938 | WARNING | Download failed: https://www.mcafee.com/blogs/wp-content/uploads/2025/11/Celeb-Hacker-Hotlist.png | HTTPSConnectionPool(host='www.mcafee.com', port=443): Read timed out. (read timeout=15)
2026-07-31 16:44:46,349 | WARNING | Download failed: https://www.mcafee.com/blogs/wp-content/uploads/2025/11/1.-USA-CELEBS.png | HTTPSConnectionPool(host='www.mcafee.com', port=443): Read timed out. (read timeout=15)
2026-07-31 16:44:50,680 | WARNING | Download failed: https://timesofindia.indiatimes.com/photo/msid-105009444/105009444.jpg?resizemode=4 | ('Connection aborted.', ConnectionResetError(104, 'Connection reset by peer'))
2026-07-31 16:44:51,543 | WARNING | Download failed: https://www.koimoi.com/wp-content/new-galleries/2023/07/fawad-khan-reimagined-as-hunky-batman-by-an-ai-artist-but-gets-trolled-massively-online-netizens-react-check-out-001.jpg | 403 Client Error: Forbidden for url: https://www.koimoi.com/wp-content/new-galleries/2023/07/fawad-khan-reimagined-as-hunky-batman-by-an-ai-artist-but-gets-trolled-massively-online-netizens-react-check-out-001.jpg
2026-07-31 16:44:52,653 | WARNING | Download failed: https://c.ndtvimg.com/2024-04/072utg7g_aamir-khan-deepfake-fake-label_625x300_17_April_24.jpg | 403 Client Error: Forbidden for url: https://c.ndtvimg.com/2024-04/072utg7g_aamir-khan-deepfake-fake-label_625x300_17_April_24.jpg
2026-07-31 16:44:54,615 | WARNING | Download failed: https://upload.wikimedia.org/wikipedia/commons/7/70/Florian_Wirtz_Ecuador_v_Germany_25_June_2026-181_%28cropped%29.jpg | 429 Client Error: Too many requests - please contact noc@wikimedia.org to discuss a less disruptive approach or instead use thumbnail images in sizes listed on https://w.wiki/GHai. (0c640b1) for url: https://upload.wikimedia.org/wikipedia/commons/7/70/Florian_Wirtz_Ecuador_v_Germany_25_June_2026-181_%28cropped%29.jpg
2026-07-31 16:44:56,205 | WARNING | Download failed: https://upload.wikimedia.org/wikipedia/commons/1/14/FrancoisCluzet-StudioHarcourt-1987.png?utm_source=www.wikidata.org&utm_campaign=index&utm_content=thumbnail_unscaled | 429 Client Error: Too many requests - please contact noc@wikimedia.org to discuss a less disruptive approach or instead use thumbnail images in sizes listed on https://w.wiki/GHai. (0c640b1) for url: https://upload.wikimedia.org/wikipedia/commons/1/14/FrancoisCluzet-StudioHarcourt-1987.png?utm_source=www.wikidata.org&utm_campaign=index&utm_content=thumbnail_unscaled
2026-07-31 16:44:56,820 | WARNING | Download failed: https://upload.wikimedia.org/wikipedia/commons/d/d1/G-Dragon_in_February_2025.png?utm_source=www.wikidata.org&utm_campaign=index&utm_content=thumbnail_unscaled | 429 Client Error: Too many requests - please contact noc@wikimedia.org to discuss a less disruptive approach or instead use thumbnail images in sizes listed on https://w.wiki/GHai. (0c640b1) for url: https://upload.wikimedia.org/wikipedia/commons/d/d1/G-Dragon_in_February_2025.png?utm_source=www.wikidata.org&utm_campaign=index&utm_content=thumbnail_unscaled
2026-07-31 16:44:57,421 | WARNING | Download failed: https://upload.wikimedia.org/wikipedia/commons/b/b4/Retrato_Oficial_Presidente_Boric_Font.jpg | 429 Client Error: Too many requests - please contact noc@wikimedia.org to discuss a less disruptive approach or instead use thumbnail images in sizes listed on https://w.wiki/GHai. (0c640b1) for url: https://upload.wikimedia.org/wikipedia/commons/b/b4/Retrato_Oficial_Presidente_Boric_Font.jpg
2026-07-31 16:45:02,912 | WARNING | Download failed: https://cdn.newser.com/square-image/392026-20260701052759/ai-generated-voice-of-gene-wilder-featured-in-wonka-series.jpeg | 403 Client Error: Forbidden for url: https://cdn.newser.com/square-image/392026-20260701052759/ai-generated-voice-of-gene-wilder-featured-in-wonka-series.jpeg
2026-07-31 16:45:03,541 | WARNING | Download failed: https://upload.wikimedia.org/wikipedia/commons/0/07/George_C._Scott_-_publicity.JPG | 429 Client Error: Too many requests - please contact noc@wikimedia.org to discuss a less disruptive approach or instead use thumbnail images in sizes listed on https://w.wiki/GHai. (0c640b1) for url: https://upload.wikimedia.org/wikipedia/commons/0/07/George_C._Scott_-_publicity.JPG
2026-07-31 16:45:08,633 | WARNING | Download failed: https://dl.acm.org/cms/10.1145/3706598.3713711/asset/e465101f-614d-470d-9f23-844029ff9c6c/assets/images/medium/chi25-625-fig15.jpg | 403 Client Error: Forbidden for url: https://dl.acm.org/cms/10.1145/3706598.3713711/asset/e465101f-614d-470d-9f23-844029ff9c6c/assets/images/medium/chi25-625-fig15.jpg
2026-07-31 16:45:12,044 | WARNING | Download failed: https://www.creativindie.com/wp-content/uploads/2023/02/tesocraderek_Abstract_Art_Vibrant_colors_Geometric_shapes_Abstr_75ce4982-61b5-4625-81d7-05b2c71445ec.jpg | 403 Client Error: Forbidden for url: https://www.creativindie.com/wp-content/uploads/2023/02/tesocraderek_Abstract_Art_Vibrant_colors_Geometric_shapes_Abstr_75ce4982-61b5-4625-81d7-05b2c71445ec.jpg
2026-07-31 16:45:13,353 | WARNING | Download failed: https://www.newsmobile.in/wp-content/uploads/2025/02/Screenshot-2025-02-20-182138.png | cannot identify image file <_io.BytesIO object at 0x7b21d33564f0>
2026-07-31 16:45:14,272 | WARNING | Download failed: https://www.newsmobile.in/wp-content/uploads/2025/02/476788826_122160398048302902_5422970338347386911_n.jpg | cannot identify image file <_io.BytesIO object at 0x7b21332cb040>
2026-07-31 16:45:14,928 | WARNING | Download failed: https://www.innovationaus.com/wp-content/uploads/2021/03/Joseph_Brookes_authorhead2023.jpg | 403 Client Error: Forbidden for url: https://www.innovationaus.com/wp-content/uploads/2021/03/Joseph_Brookes_authorhead2023.jpg
2026-07-31 16:45:15,862 | WARNING | Download failed: https://www.newsmobile.in/wp-content/uploads/2025/02/Zinta_Mazwell_FC.jpg | cannot identify image file <_io.BytesIO object at 0x7b21280f7810>
2026-07-31 16:45:16,512 | WARNING | Download failed: https://lookaside.fbsbx.com/lookaside/crawler/threads/DKOdX3XsCeV/0/image.jpg | cannot identify image file <_io.BytesIO object at 0x7b21a8476ea0>
2026-07-31 16:45:17,127 | WARNING | Download failed: https://upload.wikimedia.org/wikipedia/commons/8/88/Crew_members_of_the_movie_%22Genius%22_at_the_Berlinale_party_%2825036107966%29_%28cropped%29.jpg | 429 Client Error: Too many requests - please contact noc@wikimedia.org to discuss a less disruptive approach or instead use thumbnail images in sizes listed on https://w.wiki/GHai. (0c640b1) for url: https://upload.wikimedia.org/wikipedia/commons/8/88/Crew_members_of_the_movie_%22Genius%22_at_the_Berlinale_party_%2825036107966%29_%28cropped%29.jpg
2026-07-31 16:45:20,243 | WARNING | Download failed: https://upload.wikimedia.org/wikipedia/commons/thumb/2/2c/G%C3%A9rard_Depardieu_1976_Novecento.jpg/250px-G%C3%A9rard_Depardieu_1976_Novecento.jpg | 429 Client Error: Too many requests (f061ab2) for url: https://upload.wikimedia.org/wikipedia/commons/thumb/2/2c/G%C3%A9rard_Depardieu_1976_Novecento.jpg/250px-G%C3%A9rard_Depardieu_1976_Novecento.jpg
2026-07-31 16:45:20,837 | WARNING | Download failed: https://upload.wikimedia.org/wikipedia/commons/0/0c/Hadiqa_Kiani_Pakistani_Singer.jpg | 429 Client Error: Too many requests - please contact noc@wikimedia.org to discuss a less disruptive approach or instead use thumbnail images in sizes listed on https://w.wiki/GHai. (0c640b1) for url: https://upload.wikimedia.org/wikipedia/commons/0/0c/Hadiqa_Kiani_Pakistani_Singer.jpg
2026-07-31 16:45:21,495 | WARNING | Download failed: https://lookaside.fbsbx.com/lookaside/crawler/instagram/hadiqakianiofficial/profile_pic.jpg | cannot identify image file <_io.BytesIO object at 0x7b21d33564f0>
2026-07-31 16:45:22,110 | WARNING | Download failed: https://upload.wikimedia.org/wikipedia/commons/a/aa/Halle_Berry-1910.jpg | 429 Client Error: Too many requests - please contact noc@wikimedia.org to discuss a less disruptive approach or instead use thumbnail images in sizes listed on https://w.wiki/GHai. (0c640b1) for url: https://upload.wikimedia.org/wikipedia/commons/a/aa/Halle_Berry-1910.jpg
2026-07-31 16:45:22,891 | WARNING | Download failed: https://media.eventhubs.com/images/2020/02/24-more-deepfakes-mortal-kombat-11-see-christopher-lambert-gal-gadot.jpg | HTTPSConnectionPool(host='media.eventhubs.com', port=443): Max retries exceeded with url: /images/2020/02/24-more-deepfakes-mortal-kombat-11-see-christopher-lambert-gal-gadot.jpg (Caused by SSLError(SSLCertVerificationError(1, '[SSL: CERTIFICATE_VERIFY_FAILED] certificate verify failed: unable to get local issuer certificate (_ssl.c:1147)')))
2026-07-31 16:45:23,399 | WARNING | Download failed: https://celebdeepfakes.net/wp-content/uploads/2022/11/Halle-Berry-Nude-Hardcore-Porn-Video-Deepfake-640x360.jpg | ('Connection aborted.', ConnectionResetError(104, 'Connection reset by peer'))
2026-07-31 16:45:24,349 | WARNING | Download failed: https://cdn.lumenor.ai/lumenor/lumenor.jpg | 403 Client Error: Forbidden for url: https://cdn.lumenor.ai/lumenor/lumenor.jpg
2026-07-31 16:45:35,804 | WARNING | Download failed: https://lookaside.fbsbx.com/lookaside/crawler/instagram/DU2-x0Vl7rx/0/image.jpg | cannot identify image file <_io.BytesIO object at 0x7b21374564a0>
2026-07-31 16:45:38,082 | WARNING | Download failed: https://www.globalvillagespace.com/wp-content/uploads/2025/05/1472-hania-aamirs-indian-fans-send-her-this-unique-gift-amid-india-pakistan-tensions-post-pahalgam-attack.jpg | ('Connection aborted.', ConnectionResetError(104, 'Connection reset by peer'))
2026-07-31 16:46:25,110 | WARNING | Download failed: https://documents.bcci.tv/resizedimageskirti/2740_compress.png | 403 Client Error: Forbidden for url: https://documents.bcci.tv/resizedimageskirti/2740_compress.png
2026-07-31 16:46:26,136 | WARNING | Download failed: https://www.newsmobile.in/wp-content/uploads/2025/03/Screenshot-2025-03-18-180246.png | cannot identify image file <_io.BytesIO object at 0x7b2137545f40>
2026-07-31 16:46:27,224 | WARNING | Download failed: https://www.newsmobile.in/wp-content/uploads/2025/03/Screenshot-2025-03-31-212759.png | cannot identify image file <_io.BytesIO object at 0x7b2137545ae0>
2026-07-31 16:46:28,088 | WARNING | Download failed: https://www.newsmobile.in/wp-content/uploads/2024/12/Screenshot-2024-12-31-182414.png | cannot identify image file <_io.BytesIO object at 0x7b21273f20e0>
2026-07-31 16:46:39,230 | WARNING | Download failed: https://www.vishvasnews.com/wp-content/uploads/2024/12/vishvasnews-1-2024-12-30T165530.093-1.jpg | ('Connection aborted.', ConnectionResetError(104, 'Connection reset by peer'))
2026-07-31 16:46:40,248 | WARNING | Download failed: https://www.newsmobile.in/wp-content/uploads/2025/04/Screenshot-2025-04-09-135737.png | cannot identify image file <_io.BytesIO object at 0x7b2137545f40>
2026-07-31 16:47:09,487 | WARNING | Download failed: https://img.fcbayern.com/image/upload/f_auto/q_auto/ar_1:1,c_fill,g_custom,w_768/v1785247532/cms/public/images/fcbayern-com/players/spielerportraits/ganzkoerper/harry-kane.png | HTTPSConnectionPool(host='img.fcbayern.com', port=443): Read timed out. (read timeout=15)
2026-07-31 16:48:13,892 | WARNING | Download failed: https://upload.wikimedia.org/wikipedia/commons/2/23/MerchantIvoryCurzMayfair201124_%2816_of_28%29_%2854154554145%29_%28cropped%29.jpg | 429 Client Error: Too many requests - please contact noc@wikimedia.org to discuss a less disruptive approach or instead use thumbnail images in sizes listed on https://w.wiki/GHai. (0c640b1) for url: https://upload.wikimedia.org/wikipedia/commons/2/23/MerchantIvoryCurzMayfair201124_%2816_of_28%29_%2854154554145%29_%28cropped%29.jpg
2026-07-31 16:48:50,536 | WARNING | Download failed: https://lookaside.fbsbx.com/lookaside/crawler/instagram/DU7NSlRjZPI/0/image.jpg | cannot identify image file <_io.BytesIO object at 0x7b2137559180>
2026-07-31 16:48:51,217 | WARNING | Download failed: https://lookaside.fbsbx.com/lookaside/crawler/instagram/DUH9EwHEdw_/0/image.jpg | cannot identify image file <_io.BytesIO object at 0x7b2137559130>
2026-07-31 16:49:09,153 | WARNING | Download failed: https://upload.wikimedia.org/wikipedia/commons/a/ab/Holly_Hunter_by_Gage_Skidmore_2.jpg | 429 Client Error: Too many requests - please contact noc@wikimedia.org to discuss a less disruptive approach or instead use thumbnail images in sizes listed on https://w.wiki/GHai. (0c640b1) for url: https://upload.wikimedia.org/wikipedia/commons/a/ab/Holly_Hunter_by_Gage_Skidmore_2.jpg
2026-07-31 16:50:49,877 | WARNING | Download failed: https://lookaside.fbsbx.com/lookaside/crawler/instagram/DUBVEzoE-lu/0/image.jpg | cannot identify image file <_io.BytesIO object at 0x7b213746da90>
2026-07-31 16:51:13,011 | WARNING | Download failed: https://www.esafety.gov.au/sites/default/files/2020-04/esafety-deep-fakes.jpg | HTTPSConnectionPool(host='www.esafety.gov.au', port=443): Read timed out. (read timeout=15)
2026-07-31 16:51:13,646 | WARNING | Download failed: https://upload.wikimedia.org/wikipedia/commons/8/88/Ibrahim_Traor%C3%A9_portrait.jpg | 429 Client Error: Too many requests - please contact noc@wikimedia.org to discuss a less disruptive approach or instead use thumbnail images in sizes listed on https://w.wiki/GHai. (0c640b1) for url: https://upload.wikimedia.org/wikipedia/commons/8/88/Ibrahim_Traor%C3%A9_portrait.jpg
2026-07-31 16:52:27,146 | WARNING | Download failed: https://lookaside.fbsbx.com/lookaside/crawler/instagram/DWjXBe7jGZC/0/image.jpg | cannot identify image file <_io.BytesIO object at 0x7b213746df40>
2026-07-31 16:52:27,814 | WARNING | Download failed: https://lookaside.fbsbx.com/lookaside/crawler/instagram/DWO79cmEdBo/0/image.jpg | cannot identify image file <_io.BytesIO object at 0x7b2137545d10>
2026-07-31 16:52:43,612 | WARNING | Download failed: http://media.wired.com/photos/63eae1b71b87b32b35988c5e/master/pass/Culture_Deepfake-Porn-Harm.jpg | ('Connection aborted.', ConnectionResetError(104, 'Connection reset by peer'))
2026-07-31 16:54:22,703 | WARNING | Download failed: https://documents.bcci.tv/resizedimageskirti/31_compress.png | 403 Client Error: Forbidden for url: https://documents.bcci.tv/resizedimageskirti/31_compress.png
2026-07-31 16:54:23,904 | WARNING | Download failed: https://c.ndtvimg.com/2026-02/4cedpp14_ishan-kishan-aditi-hundia-insta_625x300_18_February_26.jpeg | 403 Client Error: Forbidden for url: https://c.ndtvimg.com/2026-02/4cedpp14_ishan-kishan-aditi-hundia-insta_625x300_18_February_26.jpeg
2026-07-31 16:54:24,647 | WARNING | Download failed: https://lookaside.fbsbx.com/lookaside/crawler/threads/DV-uOUlDQ_Y/0/image.jpg | cannot identify image file <_io.BytesIO object at 0x7b2137545d10>
2026-07-31 16:54:25,300 | WARNING | Download failed: https://lookaside.fbsbx.com/lookaside/crawler/threads/DVpzrVyCOqh/0/image.jpg | cannot identify image file <_io.BytesIO object at 0x7b2137456360>
2026-07-31 16:55:47,106 | WARNING | Download failed: https://californiamuseum.org/wp-content/uploads/NicholsonOscar-cropped-black-and-white-cropped-again.jpg | HTTPSConnectionPool(host='californiamuseum.org', port=443): Max retries exceeded with url: /wp-content/uploads/NicholsonOscar-cropped-black-and-white-cropped-again.jpg (Caused by NewConnectionError('<urllib3.connection.HTTPSConnection object at 0x7b213754ac40>: Failed to establish a new connection: [Errno -3] Temporary failure in name resolution'))
2026-07-31 16:56:13,583 | WARNING | Download failed: https://upload.wikimedia.org/wikipedia/commons/6/6d/20th_Anniversary_Schwab_Foundation_Gala_Dinner_%2844887783681%29_%28cropped%29.jpg | 429 Client Error: Too Many Requests (015d12c) for url: https://upload.wikimedia.org/wikipedia/commons/6/6d/20th_Anniversary_Schwab_Foundation_Gala_Dinner_%2844887783681%29_%28cropped%29.jpg
2026-07-31 16:56:46,155 | WARNING | Download failed: https://lookaside.fbsbx.com/lookaside/crawler/threads/DbBuD62EZQK/0/image.jpg | cannot identify image file <_io.BytesIO object at 0x7b2137451720>
2026-07-31 16:57:01,881 | WARNING | Download failed: https://media.eventhubs.com/images/2020/02/21-someone-used-deepfake-add-celebrities-mortal-kombat-11-and-its-p.jpg | HTTPSConnectionPool(host='media.eventhubs.com', port=443): Max retries exceeded with url: /images/2020/02/21-someone-used-deepfake-add-celebrities-mortal-kombat-11-and-its-p.jpg (Caused by SSLError(SSLCertVerificationError(1, '[SSL: CERTIFICATE_VERIFY_FAILED] certificate verify failed: unable to get local issuer certificate (_ssl.c:1147)')))
2026-07-31 16:58:10,622 | WARNING | Download failed: https://www.jewishvoicesnj.org/wp-content/uploads/images/2022-07-13/31p1.jpg | HTTPSConnectionPool(host='www.jewishvoicesnj.org', port=443): Max retries exceeded with url: /wp-content/uploads/images/2022-07-13/31p1.jpg (Caused by ConnectTimeoutError(<urllib3.connection.HTTPSConnection object at 0x7b2137481820>, 'Connection to www.jewishvoicesnj.org timed out. (connect timeout=15)'))
2026-07-31 16:58:11,335 | WARNING | Download failed: https://upload.wikimedia.org/wikipedia/commons/3/3f/James_Caan_Guillaume_Canet_Cannes_2013_cropped.jpg | 429 Client Error: Too Many Requests (015d12c) for url: https://upload.wikimedia.org/wikipedia/commons/3/3f/James_Caan_Guillaume_Canet_Cannes_2013_cropped.jpg
2026-07-31 16:58:33,618 | WARNING | Download failed: https://www.miataturbo.net/attachments/insert-bs-here-4/116971-ai-generated-cat-pictures-thread-jamie-lee-curtis-autograph.jpg?dateline=1404309012 | 403 Client Error: Forbidden for url: https://www.miataturbo.net/attachments/insert-bs-here-4/116971-ai-generated-cat-pictures-thread-jamie-lee-curtis-autograph.jpg?dateline=1404309012
2026-07-31 16:58:51,355 | WARNING | Download failed: https://upload.wikimedia.org/wikipedia/commons/5/5b/Jason_Biggs_-_Untitled_Home_Invasion_Romance.jpg | 429 Client Error: Too Many Requests (015d12c) for url: https://upload.wikimedia.org/wikipedia/commons/5/5b/Jason_Biggs_-_Untitled_Home_Invasion_Romance.jpg
2026-07-31 16:59:54,522 | WARNING | Download failed: https://upload.wikimedia.org/wikipedia/commons/thumb/a/a2/Jean_Dujardin_2016.jpg/250px-Jean_Dujardin_2016.jpg | 429 Client Error: Too Many Requests (015d12c) for url: https://upload.wikimedia.org/wikipedia/commons/thumb/a/a2/Jean_Dujardin_2016.jpg/250px-Jean_Dujardin_2016.jpg
2026-07-31 17:00:41,448 | WARNING | Download failed: https://yi-ai.s3.eu-central-1.amazonaws.com/prod/371000/371991/2023/07/26-0019236-64c108fae9825.png | ('Connection aborted.', ConnectionResetError(104, 'Connection reset by peer'))
2026-07-31 17:01:05,866 | INFO | ============================================================
2026-07-31 17:01:05,866 | INFO | STEP 4 RUN COMPLETE
2026-07-31 17:01:05,866 | INFO | OK (accepted)     : 165
2026-07-31 17:01:05,866 | INFO | No face           : 23
2026-07-31 17:01:05,866 | INFO | Multiple faces    : 139
2026-07-31 17:01:05,866 | INFO | Face too small    : 39
2026-07-31 17:01:05,866 | INFO | Download errors   : 133 (will retry)
2026-07-31 17:01:05,866 | INFO | Detector errors   : 1 (will retry)
2026-07-31 17:01:05,867 | INFO | ============================================================
2026-07-31 18:05:40,043 | INFO | MTCNN initialized on device: cuda
2026-07-31 18:05:40,251 | INFO | ============================================================
2026-07-31 18:05:40,251 | INFO | STEP 4 START (Face Verification)
2026-07-31 18:05:40,251 | INFO | Total candidates     : 2342
2026-07-31 18:05:40,251 | INFO | Already checked      : 1661
2026-07-31 18:05:40,251 | INFO | Remaining pending    : 681
2026-07-31 18:05:40,251 | INFO | This run             : 500
2026-07-31 18:05:40,251 | INFO | Device               : cuda
2026-07-31 18:05:40,251 | INFO | ============================================================
2026-07-31 18:05:40,733 | WARNING | Download failed: https://lookaside.fbsbx.com/lookaside/crawler/threads/DZDE9TGlp6M/0/image.jpg | cannot identify image file <_io.BytesIO object at 0x730b4a15f4a0>
2026-07-31 18:05:41,632 | WARNING | Download failed: https://timesofindia.indiatimes.com/photo/msid-123786769/123786769.jpg?resizemode=4 | ('Connection aborted.', ConnectionResetError(104, 'Connection reset by peer'))
2026-07-31 18:05:59,679 | WARNING | Download failed: https://upload.wikimedia.org/wikipedia/commons/6/67/Alessandro_Nivola_Jay_Kelly-03.jpg | 429 Client Error: Too Many Requests (015d12c) for url: https://upload.wikimedia.org/wikipedia/commons/6/67/Alessandro_Nivola_Jay_Kelly-03.jpg
2026-07-31 18:06:00,310 | WARNING | Download failed: https://upload.wikimedia.org/wikipedia/commons/6/6e/Alessandro_Vittoria_-_Paolo_Veronese.jpg | 429 Client Error: Too Many Requests (015d12c) for url: https://upload.wikimedia.org/wikipedia/commons/6/6e/Alessandro_Vittoria_-_Paolo_Veronese.jpg
2026-07-31 18:06:01,349 | WARNING | Download failed: https://www.mdpi.com/jimaging/jimaging-08-00263/article_deploy/html/images/jimaging-08-00263-g008-550.jpg | 403 Client Error: Forbidden for url: https://www.mdpi.com/jimaging/jimaging-08-00263/article_deploy/html/images/jimaging-08-00263-g008-550.jpg
2026-07-31 18:06:01,977 | WARNING | Download failed: https://upload.wikimedia.org/wikipedia/commons/4/4a/Alexandria_Ocasio-Cortez_Official_Portrait.jpg | 429 Client Error: Too Many Requests (015d12c) for url: https://upload.wikimedia.org/wikipedia/commons/4/4a/Alexandria_Ocasio-Cortez_Official_Portrait.jpg
2026-07-31 18:06:02,524 | WARNING | Download failed: https://www.livemint.com/lm-img/img/2024/05/07/optimize/Alia_Bhatt_Deepfake_1715069582605_1715069596521.png | ('Connection aborted.', ConnectionResetError(104, 'Connection reset by peer'))
2026-07-31 18:06:03,188 | WARNING | Download failed: https://lookaside.fbsbx.com/lookaside/crawler/instagram/DQbAbycEwWc/0/image.jpg | cannot identify image file <_io.BytesIO object at 0x730b4b05bd60>
2026-07-31 18:06:03,883 | WARNING | Download failed: https://lookaside.fbsbx.com/lookaside/crawler/instagram/amberheard/profile_pic.jpg | cannot identify image file <_io.BytesIO object at 0x730b3afc4090>
2026-07-31 18:06:04,555 | WARNING | Download failed: https://lookaside.fbsbx.com/lookaside/crawler/instagram/DZU5Mo-y9I1/0/image.jpg | cannot identify image file <_io.BytesIO object at 0x730b3afc4040>
2026-07-31 18:06:05,237 | WARNING | Download failed: https://lookaside.fbsbx.com/lookaside/crawler/threads/DEk0T1NTS2D/1/image.jpg | cannot identify image file <_io.BytesIO object at 0x730bbc1c5a90>
2026-07-31 18:06:07,426 | WARNING | Download failed: https://upload.wikimedia.org/wikipedia/commons/a/a5/Arnold_Schwarzenegger_by_Gage_Skidmore_3.jpg | 429 Client Error: Too Many Requests (015d12c) for url: https://upload.wikimedia.org/wikipedia/commons/a/a5/Arnold_Schwarzenegger_by_Gage_Skidmore_3.jpg
2026-07-31 18:06:12,775 | WARNING | Download failed: https://www.celebritykind.com/wp-content/uploads/2024/06/shutterstock_717129223-scaled-e1717488964123-839x1024.jpg | 403 Client Error: Forbidden for url: https://www.celebritykind.com/wp-content/uploads/2024/06/shutterstock_717129223-scaled-e1717488964123-839x1024.jpg
2026-07-31 18:06:13,437 | WARNING | Download failed: https://lookaside.fbsbx.com/lookaside/crawler/instagram/DQhDvvcjF6P/0/image.jpg | cannot identify image file <_io.BytesIO object at 0x730b3b7ebc20>
2026-07-31 18:06:14,099 | WARNING | Download failed: https://lookaside.fbsbx.com/lookaside/crawler/instagram/DY1UvvDKflO/0/image.jpg | cannot identify image file <_io.BytesIO object at 0x730b3b7e9090>
2026-07-31 18:06:14,767 | WARNING | Download failed: https://upload.wikimedia.org/wikipedia/commons/7/7a/Audrey_Tautou_Berlin_2015.jpg | 429 Client Error: Too Many Requests (015d12c) for url: https://upload.wikimedia.org/wikipedia/commons/7/7a/Audrey_Tautou_Berlin_2015.jpg
2026-07-31 18:06:15,664 | WARNING | Download failed: https://www.hockeydb.com/ihdb/photos/auston-matthews-2024-38.jpg | 403 Client Error: Forbidden for url: https://www.hockeydb.com/ihdb/photos/auston-matthews-2024-38.jpg
2026-07-31 18:06:17,930 | WARNING | Download failed: https://upload.wikimedia.org/wikipedia/commons/a/ab/Benedict_Cumberbatch-67555.jpg | 429 Client Error: Too Many Requests (015d12c) for url: https://upload.wikimedia.org/wikipedia/commons/a/ab/Benedict_Cumberbatch-67555.jpg
2026-07-31 18:06:18,925 | WARNING | Download failed: https://www.usatoday.com/gcdn/authoring/authoring-images/2026/01/19/USAT/88255393007-landman-210-em-0718-01245-rt-f.jpg?crop=2999,1687,x0,y156&width=660&height=371&format=pjpg&auto=webp | 406 Client Error: Not Acceptable for url: https://www.usatoday.com/gcdn/authoring/authoring-images/2026/01/19/USAT/88255393007-landman-210-em-0718-01245-rt-f.jpg?crop=2999,1687,x0,y156&width=660&height=371&format=pjpg&auto=webp
2026-07-31 18:06:21,056 | ERROR | Detector failed: http://www.smh.com.au/content/dam/images/4/9/o/r/9/image.imgtype.videoThumbnail.729x410.png/1453967434294.jpg | torch.cat(): expected a non-empty list of Tensors
Traceback (most recent call last):
  File "/home/amna/Real-vs-Fake/Scripts/04_face_check.py", line 275, in main
    status, face_count, box, area_ratio, detail = evaluate_faces(img)
  File "/home/amna/Real-vs-Fake/Scripts/04_face_check.py", line 199, in evaluate_faces
    boxes, probs = DETECTOR.detect(img)
  File "/home/amna/miniconda3/envs/deepfake/lib/python3.9/site-packages/facenet_pytorch/models/mtcnn.py", line 313, in detect
    batch_boxes, batch_points = detect_face(
  File "/home/amna/miniconda3/envs/deepfake/lib/python3.9/site-packages/facenet_pytorch/models/utils/detect_face.py", line 83, in detect_face
    boxes = torch.cat(boxes, dim=0)
RuntimeError: torch.cat(): expected a non-empty list of Tensors
2026-07-31 18:06:21,742 | WARNING | Download failed: https://upload.wikimedia.org/wikipedia/commons/thumb/0/03/Bruce_Willis_by_Gage_Skidmore.jpg/960px-Bruce_Willis_by_Gage_Skidmore.jpg | 429 Client Error: Too Many Requests (015d12c) for url: https://upload.wikimedia.org/wikipedia/commons/thumb/0/03/Bruce_Willis_by_Gage_Skidmore.jpg/960px-Bruce_Willis_by_Gage_Skidmore.jpg
2026-07-31 18:06:26,342 | WARNING | Download failed: https://www.koimoi.com/wp-content/new-galleries/2023/03/the-avengers-90s-edition-ai-generated-is-impressed-from-tom-cruise-as-iron-man-to-bruce-willis-will-smith-more-heresheres-who-all-made-the-cast-001.jpg | 403 Client Error: Forbidden for url: https://www.koimoi.com/wp-content/new-galleries/2023/03/the-avengers-90s-edition-ai-generated-is-impressed-from-tom-cruise-as-iron-man-to-bruce-willis-will-smith-more-heresheres-who-all-made-the-cast-001.jpg
2026-07-31 18:06:27,037 | WARNING | Download failed: https://upload.wikimedia.org/wikipedia/commons/e/e5/Caitlin_Clark_2025_2_%28cropped%29.jpg | 429 Client Error: Too Many Requests (015d12c) for url: https://upload.wikimedia.org/wikipedia/commons/e/e5/Caitlin_Clark_2025_2_%28cropped%29.jpg
2026-07-31 18:06:27,671 | WARNING | Download failed: https://lookaside.fbsbx.com/lookaside/crawler/threads/DY0PjBWEiLD/0/image.jpg | cannot identify image file <_io.BytesIO object at 0x730be70d7360>
2026-07-31 18:06:28,264 | WARNING | Download failed: https://upload.wikimedia.org/wikipedia/commons/9/99/Cameron_Diaz_at_WWD_Style_Awards_2026-1998.jpg | 429 Client Error: Too Many Requests (015d12c) for url: https://upload.wikimedia.org/wikipedia/commons/9/99/Cameron_Diaz_at_WWD_Style_Awards_2026-1998.jpg
2026-07-31 18:06:28,857 | WARNING | Download failed: https://adultdeepfakes.com/contents/videos_screenshots/2000/2263/preview.mp4.jpg | ('Connection aborted.', ConnectionResetError(104, 'Connection reset by peer'))
2026-07-31 18:06:29,449 | WARNING | Download failed: https://adultdeepfakes.com/contents/videos_screenshots/40000/40786/preview.mp4.jpg | ('Connection aborted.', ConnectionResetError(104, 'Connection reset by peer'))
2026-07-31 18:06:29,995 | WARNING | Download failed: https://www.alrincon.com/imagenesblog2/varios/camerondiazdeepfake.jpg | ('Connection aborted.', ConnectionResetError(104, 'Connection reset by peer'))
2026-07-31 18:06:30,642 | WARNING | Download failed: https://lookaside.fbsbx.com/lookaside/crawler/instagram/DYI6gmARFpE/0/image.jpg | cannot identify image file <_io.BytesIO object at 0x730b4afcaf90>
2026-07-31 18:06:31,245 | WARNING | Download failed: https://upload.wikimedia.org/wikipedia/commons/b/b4/Cameron_Green_fielding_Boxing_Day_2022_%28cropped%29.jpg | 429 Client Error: Too Many Requests (015d12c) for url: https://upload.wikimedia.org/wikipedia/commons/b/b4/Cameron_Green_fielding_Boxing_Day_2022_%28cropped%29.jpg
2026-07-31 18:06:31,794 | WARNING | Download failed: https://documents.iplt20.com/ipl/IPLHeadshot2026/550.png | 403 Client Error: Forbidden for url: https://documents.iplt20.com/ipl/IPLHeadshot2026/550.png
2026-07-31 18:06:32,390 | WARNING | Download failed: https://upload.wikimedia.org/wikipedia/commons/5/57/2025-05-10_15-19-29_ILCE-7C_DSC13060_Kiri.jpg | 429 Client Error: Too many requests - please contact noc@wikimedia.org to discuss a less disruptive approach or instead use thumbnail images in sizes listed on https://w.wiki/GHai. (0c640b1) for url: https://upload.wikimedia.org/wikipedia/commons/5/57/2025-05-10_15-19-29_ILCE-7C_DSC13060_Kiri.jpg
2026-07-31 18:06:33,975 | WARNING | Download failed: https://upload.wikimedia.org/wikipedia/commons/7/77/Chloe_Kim_PCSFN_Headshot_2023.jpg | 429 Client Error: Too many requests - please contact noc@wikimedia.org to discuss a less disruptive approach or instead use thumbnail images in sizes listed on https://w.wiki/GHai. (0c640b1) for url: https://upload.wikimedia.org/wikipedia/commons/7/77/Chloe_Kim_PCSFN_Headshot_2023.jpg
2026-07-31 18:06:34,570 | WARNING | Download failed: https://upload.wikimedia.org/wikipedia/commons/7/73/Chris_Tucker_by_Gage_Skidmore.jpg | 429 Client Error: Too many requests - please contact noc@wikimedia.org to discuss a less disruptive approach or instead use thumbnail images in sizes listed on https://w.wiki/GHai. (0c640b1) for url: https://upload.wikimedia.org/wikipedia/commons/7/73/Chris_Tucker_by_Gage_Skidmore.jpg
2026-07-31 18:06:35,163 | WARNING | Download failed: https://upload.wikimedia.org/wikipedia/commons/thumb/b/be/Chris_Tucker_1996.jpg/250px-Chris_Tucker_1996.jpg | 429 Client Error: Your request does not comply with our robot policy, https://w.wiki/4wJS. Please contact noc@wikimedia.org for further information (0fa5166) for url: https://upload.wikimedia.org/wikipedia/commons/thumb/b/be/Chris_Tucker_1996.jpg/250px-Chris_Tucker_1996.jpg
2026-07-31 18:06:35,740 | WARNING | Download failed: https://upload.wikimedia.org/wikipedia/commons/0/0a/Christian_Bale-7837.jpg | 429 Client Error: Too many requests - please contact noc@wikimedia.org to discuss a less disruptive approach or instead use thumbnail images in sizes listed on https://w.wiki/GHai. (0c640b1) for url: https://upload.wikimedia.org/wikipedia/commons/0/0a/Christian_Bale-7837.jpg
2026-07-31 18:06:58,995 | WARNING | Download failed: https://www.ecranlarge.com/content/uploads/2019/08/tom-cruise-photo-deepfake-american-psycho-1094097.png | HTTPSConnectionPool(host='www.ecranlarge.com', port=443): Max retries exceeded with url: /content/uploads/2019/08/tom-cruise-photo-deepfake-american-psycho-1094097.png (Caused by ConnectTimeoutError(<urllib3.connection.HTTPSConnection object at 0x730b4b16abb0>, 'Connection to www.ecranlarge.com timed out. (connect timeout=15)'))
2026-07-31 18:06:59,602 | WARNING | Download failed: https://upload.wikimedia.org/wikipedia/commons/f/fd/Christian_Clavier_Cannes_2013.jpg | 429 Client Error: Too many requests - please contact noc@wikimedia.org to discuss a less disruptive approach or instead use thumbnail images in sizes listed on https://w.wiki/GHai. (0c640b1) for url: https://upload.wikimedia.org/wikipedia/commons/f/fd/Christian_Clavier_Cannes_2013.jpg
2026-07-31 18:07:00,239 | WARNING | Download failed: https://lookaside.fbsbx.com/lookaside/crawler/threads/DHuogAmsBRm/0/image.jpg | cannot identify image file <_io.BytesIO object at 0x730b4b05be50>
2026-07-31 18:07:01,399 | WARNING | Download failed: https://c.ndtvimg.com/2021-03/fba3qug_tom-cruise-deepfake-video_625x300_04_March_21.jpg | 403 Client Error: Forbidden for url: https://c.ndtvimg.com/2021-03/fba3qug_tom-cruise-deepfake-video_625x300_04_March_21.jpg
2026-07-31 18:07:02,001 | WARNING | Download failed: https://upload.wikimedia.org/wikipedia/commons/7/72/2025_Colin_Farrell_-_2_%28cropped%29.jpg | 429 Client Error: Too many requests - please contact noc@wikimedia.org to discuss a less disruptive approach or instead use thumbnail images in sizes listed on https://w.wiki/GHai. (0c640b1) for url: https://upload.wikimedia.org/wikipedia/commons/7/72/2025_Colin_Farrell_-_2_%28cropped%29.jpg
2026-07-31 18:07:03,762 | WARNING | Download failed: http://ghostbustersnews.com/wp-content/uploads/2023/04/arnold_ghostbusters_deepfake.jpg | 403 Client Error: Forbidden for url: http://ghostbustersnews.com/wp-content/uploads/2023/04/arnold_ghostbusters_deepfake.jpg
2026-07-31 18:07:04,339 | WARNING | Download failed: https://upload.wikimedia.org/wikipedia/commons/4/43/David_Arquette_Alpha1_2019_%28cropped%29.jpg | 429 Client Error: Too many requests - please contact noc@wikimedia.org to discuss a less disruptive approach or instead use thumbnail images in sizes listed on https://w.wiki/GHai. (0c640b1) for url: https://upload.wikimedia.org/wikipedia/commons/4/43/David_Arquette_Alpha1_2019_%28cropped%29.jpg
2026-07-31 18:07:04,841 | WARNING | Download failed: https://documents.iplt20.com/ipl/IPLHeadshot2026/128.png | 403 Client Error: Forbidden for url: https://documents.iplt20.com/ipl/IPLHeadshot2026/128.png
2026-07-31 18:07:09,669 | WARNING | Download failed: https://davidmiller.ai/wp-content/uploads/2024/08/teentempo_imagine_in_the_style_of_brooke_shaden_oil_painting__a0838d8c-ee64-428e-a4ac-a3e3a78f6bf3_3.png | 403 Client Error: Forbidden for url: https://davidmiller.ai/wp-content/uploads/2024/08/teentempo_imagine_in_the_style_of_brooke_shaden_oil_painting__a0838d8c-ee64-428e-a4ac-a3e3a78f6bf3_3.png
2026-07-31 18:07:10,543 | WARNING | Download failed: https://missouriindependent.com/wp-content/uploads/2026/02/IMG_3609-1536x922.jpeg | 403 Client Error: Forbidden for url: https://missouriindependent.com/wp-content/uploads/2026/02/IMG_3609-1536x922.jpeg
2026-07-31 18:07:11,676 | WARNING | Download failed: https://davidmiller.ai/wp-content/uploads/2024/08/room2-1.jpg | 403 Client Error: Forbidden for url: https://davidmiller.ai/wp-content/uploads/2024/08/room2-1.jpg
2026-07-31 18:07:12,342 | WARNING | Download failed: https://lookaside.fbsbx.com/lookaside/crawler/threads/DDxVOmRvCz6/0/image.jpg | cannot identify image file <_io.BytesIO object at 0x730b3afc4630>
2026-07-31 18:07:13,084 | WARNING | Download failed: https://lookaside.fbsbx.com/lookaside/crawler/instagram/CHv0LyvHM3B/0/image.jpg | cannot identify image file <_io.BytesIO object at 0x730b3afc4680>
2026-07-31 18:07:13,752 | WARNING | Download failed: https://lookaside.fbsbx.com/lookaside/crawler/instagram/DXhnF1xjcQW/0/image.jpg | cannot identify image file <_io.BytesIO object at 0x730b4b05bb30>
2026-07-31 18:07:14,423 | WARNING | Download failed: https://lookaside.fbsbx.com/lookaside/crawler/instagram/CeGwyCeLI8l/0/image.jpg | cannot identify image file <_io.BytesIO object at 0x730b3b7e9810>
2026-07-31 18:07:15,091 | WARNING | Download failed: https://lookaside.fbsbx.com/lookaside/crawler/instagram/DXmsI2gked4/0/image.jpg | cannot identify image file <_io.BytesIO object at 0x730b3afc4680>
2026-07-31 18:07:15,760 | WARNING | Download failed: https://lookaside.fbsbx.com/lookaside/crawler/instagram/C11m2cIIzTa/0/image.jpg | cannot identify image file <_io.BytesIO object at 0x730b3b7e9090>
2026-07-31 18:07:16,387 | WARNING | Download failed: https://upload.wikimedia.org/wikipedia/commons/thumb/0/0a/Derrick_Henry_OCT2022_%28cropped%29.jpg/960px-Derrick_Henry_OCT2022_%28cropped%29.jpg | 429 Client Error: Too Many Requests (015d12c) for url: https://upload.wikimedia.org/wikipedia/commons/thumb/0/0a/Derrick_Henry_OCT2022_%28cropped%29.jpg/960px-Derrick_Henry_OCT2022_%28cropped%29.jpg
2026-07-31 18:07:16,836 | WARNING | Download failed: https://documents.iplt20.com/ipl/IPLHeadshot2025/601.png | 403 Client Error: Forbidden for url: https://documents.iplt20.com/ipl/IPLHeadshot2025/601.png
2026-07-31 18:07:17,457 | WARNING | Download failed: https://upload.wikimedia.org/wikipedia/commons/c/cd/Dustin_Hoffman_02.jpg | 429 Client Error: Too many requests - please contact noc@wikimedia.org to discuss a less disruptive approach or instead use thumbnail images in sizes listed on https://w.wiki/GHai. (0c640b1) for url: https://upload.wikimedia.org/wikipedia/commons/c/cd/Dustin_Hoffman_02.jpg
2026-07-31 18:07:18,069 | WARNING | Download failed: https://upload.wikimedia.org/wikipedia/commons/7/7e/Dwayne_Johnson-1764_%284x5_cropped_with_moderate_headroom%29.jpg | 429 Client Error: Too many requests - please contact noc@wikimedia.org to discuss a less disruptive approach or instead use thumbnail images in sizes listed on https://w.wiki/GHai. (0c640b1) for url: https://upload.wikimedia.org/wikipedia/commons/7/7e/Dwayne_Johnson-1764_%284x5_cropped_with_moderate_headroom%29.jpg
2026-07-31 18:07:18,709 | WARNING | Download failed: https://upload.wikimedia.org/wikipedia/commons/4/48/2025_Dylan_O%27Brien_%28cropped%29.jpg | 429 Client Error: Too many requests - please contact noc@wikimedia.org to discuss a less disruptive approach or instead use thumbnail images in sizes listed on https://w.wiki/GHai. (0c640b1) for url: https://upload.wikimedia.org/wikipedia/commons/4/48/2025_Dylan_O%27Brien_%28cropped%29.jpg
2026-07-31 18:07:19,334 | WARNING | Download failed: https://upload.wikimedia.org/wikipedia/commons/thumb/a/a1/Dylan_O%27Brien.jpg/250px-Dylan_O%27Brien.jpg | 429 Client Error: Too Many Requests (015d12c) for url: https://upload.wikimedia.org/wikipedia/commons/thumb/a/a1/Dylan_O%27Brien.jpg/250px-Dylan_O%27Brien.jpg
2026-07-31 18:07:19,953 | WARNING | Download failed: https://upload.wikimedia.org/wikipedia/commons/a/a1/Actress_Malin_Akerman_Visits_TODAY_Show_%2850026255087%29_%28cropped2%29.jpg | 429 Client Error: Too many requests - please contact noc@wikimedia.org to discuss a less disruptive approach or instead use thumbnail images in sizes listed on https://w.wiki/GHai. (0c640b1) for url: https://upload.wikimedia.org/wikipedia/commons/a/a1/Actress_Malin_Akerman_Visits_TODAY_Show_%2850026255087%29_%28cropped2%29.jpg
2026-07-31 18:07:20,620 | WARNING | Download failed: https://lookaside.fbsbx.com/lookaside/crawler/instagram/dylandreyernbc/profile_pic.jpg | cannot identify image file <_io.BytesIO object at 0x730b4afcae50>
2026-07-31 18:07:21,724 | WARNING | Download failed: https://tandem.app/files/can-you-spot-a-deepfake-social-image.png | 404 Client Error: Not Found for url: https://tandem.app/files/can-you-spot-a-deepfake-social-image.png
2026-07-31 18:07:24,968 | WARNING | Download failed: https://internationalbanker.com/wp-content/uploads/2021/02/Deepfake-Technology.png | 403 Client Error: Forbidden for url: https://internationalbanker.com/wp-content/uploads/2021/02/Deepfake-Technology.png
2026-07-31 18:07:25,602 | WARNING | Download failed: https://upload.wikimedia.org/wikipedia/commons/5/5f/2017%E2%80%9318_W_Ashes_A_v_E_Test_17-11-09_Perry_portrait_%2802%29.jpg | 429 Client Error: Too many requests - please contact noc@wikimedia.org to discuss a less disruptive approach or instead use thumbnail images in sizes listed on https://w.wiki/GHai. (0c640b1) for url: https://upload.wikimedia.org/wikipedia/commons/5/5f/2017%E2%80%9318_W_Ashes_A_v_E_Test_17-11-09_Perry_portrait_%2802%29.jpg
2026-07-31 18:07:26,281 | WARNING | Download failed: https://lookaside.fbsbx.com/lookaside/crawler/threads/DbGPhw6iWnn/0/image.jpg | cannot identify image file <_io.BytesIO object at 0x730b4b060900>
2026-07-31 18:07:26,955 | WARNING | Download failed: https://lookaside.fbsbx.com/lookaside/crawler/threads/DTVdvkxElHA/0/image.jpg | cannot identify image file <_io.BytesIO object at 0x730b3b7e9090>
2026-07-31 18:07:27,591 | WARNING | Download failed: https://upload.wikimedia.org/wikipedia/commons/5/5e/Elon_Musk_-_54820081119_%28cropped%29.jpg | 429 Client Error: Too many requests - please contact noc@wikimedia.org to discuss a less disruptive approach or instead use thumbnail images in sizes listed on https://w.wiki/GHai. (0c640b1) for url: https://upload.wikimedia.org/wikipedia/commons/5/5e/Elon_Musk_-_54820081119_%28cropped%29.jpg
2026-07-31 18:07:35,667 | WARNING | Download failed: https://web-cdnprod.aa.com.tr/uploads/Contents/2024/10/22/thumbs_b_c_95fae517eb48db7745a60a3b929d78e0.jpg?v=170617 | 403 Client Error: Forbidden for url: https://web-cdnprod.aa.com.tr/uploads/Contents/2024/10/22/thumbs_b_c_95fae517eb48db7745a60a3b929d78e0.jpg?v=170617
2026-07-31 18:07:36,842 | WARNING | Download failed: https://imagerenderer.com/images/rendered/default/print/7.5/10/break/images/artworkimages/medium/3/elon-musks-fight-for-the-future-of-ai-nigel-buchanan.jpg | broken data stream when reading image file
2026-07-31 18:07:37,449 | WARNING | Download failed: https://upload.wikimedia.org/wikipedia/commons/a/a1/Emma_Roberts_After_The_Hunt-06_%28cropped%29.jpg | 429 Client Error: Too many requests - please contact noc@wikimedia.org to discuss a less disruptive approach or instead use thumbnail images in sizes listed on https://w.wiki/GHai. (0c640b1) for url: https://upload.wikimedia.org/wikipedia/commons/a/a1/Emma_Roberts_After_The_Hunt-06_%28cropped%29.jpg
2026-07-31 18:07:42,831 | WARNING | Download failed: https://www.innovationaus.com/wp-content/uploads/2025/03/Deepfake_AI_shutterstock_800x600.jpg | 403 Client Error: Forbidden for url: https://www.innovationaus.com/wp-content/uploads/2025/03/Deepfake_AI_shutterstock_800x600.jpg
2026-07-31 18:07:43,449 | WARNING | Download failed: https://upload.wikimedia.org/wikipedia/commons/7/78/MKr385780_Emma_Mackey_%28Alpha%2C_Cannes_2025%29.jpg | 429 Client Error: Too many requests - please contact noc@wikimedia.org to discuss a less disruptive approach or instead use thumbnail images in sizes listed on https://w.wiki/GHai. (0c640b1) for url: https://upload.wikimedia.org/wikipedia/commons/7/78/MKr385780_Emma_Mackey_%28Alpha%2C_Cannes_2025%29.jpg
2026-07-31 18:08:00,493 | WARNING | Download failed: https://www.mcafee.com/blogs/wp-content/uploads/2025/11/Celeb-Hacker-Hotlist.png | HTTPSConnectionPool(host='www.mcafee.com', port=443): Read timed out. (read timeout=15)
2026-07-31 18:08:16,124 | WARNING | Download failed: https://www.mcafee.com/blogs/wp-content/uploads/2025/11/1.-USA-CELEBS.png | HTTPSConnectionPool(host='www.mcafee.com', port=443): Read timed out. (read timeout=15)
2026-07-31 18:08:17,282 | WARNING | Download failed: https://timesofindia.indiatimes.com/photo/msid-105009444/105009444.jpg?resizemode=4 | ('Connection aborted.', ConnectionResetError(104, 'Connection reset by peer'))
2026-07-31 18:08:17,760 | WARNING | Download failed: https://www.koimoi.com/wp-content/new-galleries/2023/07/fawad-khan-reimagined-as-hunky-batman-by-an-ai-artist-but-gets-trolled-massively-online-netizens-react-check-out-001.jpg | 403 Client Error: Forbidden for url: https://www.koimoi.com/wp-content/new-galleries/2023/07/fawad-khan-reimagined-as-hunky-batman-by-an-ai-artist-but-gets-trolled-massively-online-netizens-react-check-out-001.jpg
2026-07-31 18:08:18,975 | WARNING | Download failed: https://c.ndtvimg.com/2024-04/072utg7g_aamir-khan-deepfake-fake-label_625x300_17_April_24.jpg | 403 Client Error: Forbidden for url: https://c.ndtvimg.com/2024-04/072utg7g_aamir-khan-deepfake-fake-label_625x300_17_April_24.jpg
2026-07-31 18:08:21,176 | WARNING | Download failed: https://upload.wikimedia.org/wikipedia/commons/1/14/FrancoisCluzet-StudioHarcourt-1987.png?utm_source=www.wikidata.org&utm_campaign=index&utm_content=thumbnail_unscaled | 429 Client Error: Too many requests - please contact noc@wikimedia.org to discuss a less disruptive approach or instead use thumbnail images in sizes listed on https://w.wiki/GHai. (0c640b1) for url: https://upload.wikimedia.org/wikipedia/commons/1/14/FrancoisCluzet-StudioHarcourt-1987.png?utm_source=www.wikidata.org&utm_campaign=index&utm_content=thumbnail_unscaled
2026-07-31 18:08:21,807 | WARNING | Download failed: https://upload.wikimedia.org/wikipedia/commons/d/d1/G-Dragon_in_February_2025.png?utm_source=www.wikidata.org&utm_campaign=index&utm_content=thumbnail_unscaled | 429 Client Error: Too many requests - please contact noc@wikimedia.org to discuss a less disruptive approach or instead use thumbnail images in sizes listed on https://w.wiki/GHai. (0c640b1) for url: https://upload.wikimedia.org/wikipedia/commons/d/d1/G-Dragon_in_February_2025.png?utm_source=www.wikidata.org&utm_campaign=index&utm_content=thumbnail_unscaled
2026-07-31 18:08:22,430 | WARNING | Download failed: https://upload.wikimedia.org/wikipedia/commons/b/b4/Retrato_Oficial_Presidente_Boric_Font.jpg | 429 Client Error: Too many requests - please contact noc@wikimedia.org to discuss a less disruptive approach or instead use thumbnail images in sizes listed on https://w.wiki/GHai. (0c640b1) for url: https://upload.wikimedia.org/wikipedia/commons/b/b4/Retrato_Oficial_Presidente_Boric_Font.jpg
2026-07-31 18:08:23,555 | WARNING | Download failed: https://cdn.newser.com/square-image/392026-20260701052759/ai-generated-voice-of-gene-wilder-featured-in-wonka-series.jpeg | 403 Client Error: Forbidden for url: https://cdn.newser.com/square-image/392026-20260701052759/ai-generated-voice-of-gene-wilder-featured-in-wonka-series.jpeg
2026-07-31 18:08:24,181 | WARNING | Download failed: https://upload.wikimedia.org/wikipedia/commons/0/07/George_C._Scott_-_publicity.JPG | 429 Client Error: Too many requests - please contact noc@wikimedia.org to discuss a less disruptive approach or instead use thumbnail images in sizes listed on https://w.wiki/GHai. (0c640b1) for url: https://upload.wikimedia.org/wikipedia/commons/0/07/George_C._Scott_-_publicity.JPG
2026-07-31 18:08:24,663 | WARNING | Download failed: https://dl.acm.org/cms/10.1145/3706598.3713711/asset/e465101f-614d-470d-9f23-844029ff9c6c/assets/images/medium/chi25-625-fig15.jpg | 403 Client Error: Forbidden for url: https://dl.acm.org/cms/10.1145/3706598.3713711/asset/e465101f-614d-470d-9f23-844029ff9c6c/assets/images/medium/chi25-625-fig15.jpg
2026-07-31 18:08:29,437 | WARNING | Download failed: https://www.creativindie.com/wp-content/uploads/2023/02/tesocraderek_Abstract_Art_Vibrant_colors_Geometric_shapes_Abstr_75ce4982-61b5-4625-81d7-05b2c71445ec.jpg | 403 Client Error: Forbidden for url: https://www.creativindie.com/wp-content/uploads/2023/02/tesocraderek_Abstract_Art_Vibrant_colors_Geometric_shapes_Abstr_75ce4982-61b5-4625-81d7-05b2c71445ec.jpg
2026-07-31 18:08:36,833 | WARNING | Download failed: https://www.newsmobile.in/wp-content/uploads/2025/02/Screenshot-2025-02-20-182138.png | cannot identify image file <_io.BytesIO object at 0x730b4b071720>
2026-07-31 18:08:38,031 | WARNING | Download failed: https://www.newsmobile.in/wp-content/uploads/2025/02/476788826_122160398048302902_5422970338347386911_n.jpg | cannot identify image file <_io.BytesIO object at 0x730b4b0714a0>
2026-07-31 18:08:38,825 | WARNING | Download failed: https://www.innovationaus.com/wp-content/uploads/2021/03/Joseph_Brookes_authorhead2023.jpg | 403 Client Error: Forbidden for url: https://www.innovationaus.com/wp-content/uploads/2021/03/Joseph_Brookes_authorhead2023.jpg
2026-07-31 18:08:39,897 | WARNING | Download failed: https://www.newsmobile.in/wp-content/uploads/2025/02/Zinta_Mazwell_FC.jpg | cannot identify image file <_io.BytesIO object at 0x730b4b071450>
2026-07-31 18:08:40,661 | WARNING | Download failed: https://lookaside.fbsbx.com/lookaside/crawler/threads/DKOdX3XsCeV/0/image.jpg | cannot identify image file <_io.BytesIO object at 0x730b3b7e9810>
2026-07-31 18:08:41,281 | WARNING | Download failed: https://upload.wikimedia.org/wikipedia/commons/8/88/Crew_members_of_the_movie_%22Genius%22_at_the_Berlinale_party_%2825036107966%29_%28cropped%29.jpg | 429 Client Error: Too many requests - please contact noc@wikimedia.org to discuss a less disruptive approach or instead use thumbnail images in sizes listed on https://w.wiki/GHai. (0c640b1) for url: https://upload.wikimedia.org/wikipedia/commons/8/88/Crew_members_of_the_movie_%22Genius%22_at_the_Berlinale_party_%2825036107966%29_%28cropped%29.jpg
2026-07-31 18:08:43,240 | WARNING | Download failed: https://upload.wikimedia.org/wikipedia/commons/0/0c/Hadiqa_Kiani_Pakistani_Singer.jpg | 429 Client Error: Too many requests - please contact noc@wikimedia.org to discuss a less disruptive approach or instead use thumbnail images in sizes listed on https://w.wiki/GHai. (0c640b1) for url: https://upload.wikimedia.org/wikipedia/commons/0/0c/Hadiqa_Kiani_Pakistani_Singer.jpg
2026-07-31 18:08:43,980 | WARNING | Download failed: https://lookaside.fbsbx.com/lookaside/crawler/instagram/hadiqakianiofficial/profile_pic.jpg | cannot identify image file <_io.BytesIO object at 0x730be70d7360>
2026-07-31 18:08:44,626 | WARNING | Download failed: https://upload.wikimedia.org/wikipedia/commons/a/aa/Halle_Berry-1910.jpg | 429 Client Error: Too many requests - please contact noc@wikimedia.org to discuss a less disruptive approach or instead use thumbnail images in sizes listed on https://w.wiki/GHai. (0c640b1) for url: https://upload.wikimedia.org/wikipedia/commons/a/aa/Halle_Berry-1910.jpg
2026-07-31 18:08:45,452 | WARNING | Download failed: https://media.eventhubs.com/images/2020/02/24-more-deepfakes-mortal-kombat-11-see-christopher-lambert-gal-gadot.jpg | HTTPSConnectionPool(host='media.eventhubs.com', port=443): Max retries exceeded with url: /images/2020/02/24-more-deepfakes-mortal-kombat-11-see-christopher-lambert-gal-gadot.jpg (Caused by SSLError(SSLCertVerificationError(1, '[SSL: CERTIFICATE_VERIFY_FAILED] certificate verify failed: unable to get local issuer certificate (_ssl.c:1147)')))
2026-07-31 18:08:49,137 | WARNING | Download failed: https://cdn.lumenor.ai/lumenor/lumenor.jpg | 403 Client Error: Forbidden for url: https://cdn.lumenor.ai/lumenor/lumenor.jpg
2026-07-31 18:08:49,806 | WARNING | Download failed: https://lookaside.fbsbx.com/lookaside/crawler/instagram/DU2-x0Vl7rx/0/image.jpg | cannot identify image file <_io.BytesIO object at 0x730b4b05bd10>
2026-07-31 18:08:50,848 | WARNING | Download failed: https://www.globalvillagespace.com/wp-content/uploads/2025/05/1472-hania-aamirs-indian-fans-send-her-this-unique-gift-amid-india-pakistan-tensions-post-pahalgam-attack.jpg | ('Connection aborted.', ConnectionResetError(104, 'Connection reset by peer'))
2026-07-31 18:08:55,875 | WARNING | Download failed: https://documents.bcci.tv/resizedimageskirti/2740_compress.png | 403 Client Error: Forbidden for url: https://documents.bcci.tv/resizedimageskirti/2740_compress.png
2026-07-31 18:08:56,788 | WARNING | Download failed: https://www.newsmobile.in/wp-content/uploads/2025/03/Screenshot-2025-03-18-180246.png | cannot identify image file <_io.BytesIO object at 0x730b4b05bd10>
2026-07-31 18:08:57,708 | WARNING | Download failed: https://www.newsmobile.in/wp-content/uploads/2025/03/Screenshot-2025-03-31-212759.png | cannot identify image file <_io.BytesIO object at 0x730b4b05be50>
2026-07-31 18:08:58,662 | WARNING | Download failed: https://www.newsmobile.in/wp-content/uploads/2024/12/Screenshot-2024-12-31-182414.png | cannot identify image file <_io.BytesIO object at 0x730b4b05bbd0>
2026-07-31 18:08:59,742 | WARNING | Download failed: https://www.vishvasnews.com/wp-content/uploads/2024/12/vishvasnews-1-2024-12-30T165530.093-1.jpg | ('Connection aborted.', ConnectionResetError(104, 'Connection reset by peer'))
2026-07-31 18:09:00,597 | WARNING | Download failed: https://www.newsmobile.in/wp-content/uploads/2025/04/Screenshot-2025-04-09-135737.png | cannot identify image file <_io.BytesIO object at 0x730b4b05bf90>
2026-07-31 18:09:16,729 | WARNING | Download failed: https://img.fcbayern.com/image/upload/f_auto/q_auto/ar_1:1,c_fill,g_custom,w_768/v1785247532/cms/public/images/fcbayern-com/players/spielerportraits/ganzkoerper/harry-kane.png | HTTPSConnectionPool(host='img.fcbayern.com', port=443): Read timed out. (read timeout=15)
2026-07-31 18:09:17,353 | WARNING | Download failed: https://upload.wikimedia.org/wikipedia/commons/2/23/MerchantIvoryCurzMayfair201124_%2816_of_28%29_%2854154554145%29_%28cropped%29.jpg | 429 Client Error: Too many requests - please contact noc@wikimedia.org to discuss a less disruptive approach or instead use thumbnail images in sizes listed on https://w.wiki/GHai. (0c640b1) for url: https://upload.wikimedia.org/wikipedia/commons/2/23/MerchantIvoryCurzMayfair201124_%2816_of_28%29_%2854154554145%29_%28cropped%29.jpg
2026-07-31 18:09:18,019 | WARNING | Download failed: https://lookaside.fbsbx.com/lookaside/crawler/instagram/DU7NSlRjZPI/0/image.jpg | cannot identify image file <_io.BytesIO object at 0x730b4b05bbd0>
2026-07-31 18:09:18,702 | WARNING | Download failed: https://lookaside.fbsbx.com/lookaside/crawler/instagram/DUH9EwHEdw_/0/image.jpg | cannot identify image file <_io.BytesIO object at 0x730b4b155ea0>
2026-07-31 18:09:19,314 | WARNING | Download failed: https://upload.wikimedia.org/wikipedia/commons/a/ab/Holly_Hunter_by_Gage_Skidmore_2.jpg | 429 Client Error: Too many requests - please contact noc@wikimedia.org to discuss a less disruptive approach or instead use thumbnail images in sizes listed on https://w.wiki/GHai. (0c640b1) for url: https://upload.wikimedia.org/wikipedia/commons/a/ab/Holly_Hunter_by_Gage_Skidmore_2.jpg
2026-07-31 18:09:20,885 | WARNING | Download failed: https://lookaside.fbsbx.com/lookaside/crawler/instagram/DUBVEzoE-lu/0/image.jpg | cannot identify image file <_io.BytesIO object at 0x730b3b7ebc20>
2026-07-31 18:09:38,056 | WARNING | Download failed: https://www.esafety.gov.au/sites/default/files/2020-04/esafety-deep-fakes.jpg | HTTPSConnectionPool(host='www.esafety.gov.au', port=443): Read timed out. (read timeout=15)
2026-07-31 18:09:38,667 | WARNING | Download failed: https://upload.wikimedia.org/wikipedia/commons/8/88/Ibrahim_Traor%C3%A9_portrait.jpg | 429 Client Error: Too many requests - please contact noc@wikimedia.org to discuss a less disruptive approach or instead use thumbnail images in sizes listed on https://w.wiki/GHai. (0c640b1) for url: https://upload.wikimedia.org/wikipedia/commons/8/88/Ibrahim_Traor%C3%A9_portrait.jpg
2026-07-31 18:09:39,327 | WARNING | Download failed: https://lookaside.fbsbx.com/lookaside/crawler/instagram/DWjXBe7jGZC/0/image.jpg | cannot identify image file <_io.BytesIO object at 0x730b3b7e9810>
2026-07-31 18:09:39,977 | WARNING | Download failed: https://lookaside.fbsbx.com/lookaside/crawler/instagram/DWO79cmEdBo/0/image.jpg | cannot identify image file <_io.BytesIO object at 0x730b4afcae50>
2026-07-31 18:09:40,755 | WARNING | Download failed: http://media.wired.com/photos/63eae1b71b87b32b35988c5e/master/pass/Culture_Deepfake-Porn-Harm.jpg | ('Connection aborted.', ConnectionResetError(104, 'Connection reset by peer'))
2026-07-31 18:09:41,242 | WARNING | Download failed: https://documents.bcci.tv/resizedimageskirti/31_compress.png | 403 Client Error: Forbidden for url: https://documents.bcci.tv/resizedimageskirti/31_compress.png
2026-07-31 18:09:42,312 | WARNING | Download failed: https://c.ndtvimg.com/2026-02/4cedpp14_ishan-kishan-aditi-hundia-insta_625x300_18_February_26.jpeg | 403 Client Error: Forbidden for url: https://c.ndtvimg.com/2026-02/4cedpp14_ishan-kishan-aditi-hundia-insta_625x300_18_February_26.jpeg
2026-07-31 18:09:42,983 | WARNING | Download failed: https://lookaside.fbsbx.com/lookaside/crawler/threads/DV-uOUlDQ_Y/0/image.jpg | cannot identify image file <_io.BytesIO object at 0x730b3afc4310>
2026-07-31 18:09:43,645 | WARNING | Download failed: https://lookaside.fbsbx.com/lookaside/crawler/threads/DVpzrVyCOqh/0/image.jpg | cannot identify image file <_io.BytesIO object at 0x730b4b155ea0>
2026-07-31 18:09:54,636 | WARNING | Download failed: https://californiamuseum.org/wp-content/uploads/NicholsonOscar-cropped-black-and-white-cropped-again.jpg | HTTPSConnectionPool(host='californiamuseum.org', port=443): Max retries exceeded with url: /wp-content/uploads/NicholsonOscar-cropped-black-and-white-cropped-again.jpg (Caused by NewConnectionError('<urllib3.connection.HTTPSConnection object at 0x730b4b079190>: Failed to establish a new connection: [Errno -3] Temporary failure in name resolution'))
2026-07-31 18:09:55,269 | WARNING | Download failed: https://upload.wikimedia.org/wikipedia/commons/6/6d/20th_Anniversary_Schwab_Foundation_Gala_Dinner_%2844887783681%29_%28cropped%29.jpg | 429 Client Error: Too many requests - please contact noc@wikimedia.org to discuss a less disruptive approach or instead use thumbnail images in sizes listed on https://w.wiki/GHai. (0c640b1) for url: https://upload.wikimedia.org/wikipedia/commons/6/6d/20th_Anniversary_Schwab_Foundation_Gala_Dinner_%2844887783681%29_%28cropped%29.jpg
2026-07-31 18:09:55,932 | WARNING | Download failed: https://lookaside.fbsbx.com/lookaside/crawler/threads/DbBuD62EZQK/0/image.jpg | cannot identify image file <_io.BytesIO object at 0x730bbc1c5a90>
2026-07-31 18:09:56,747 | WARNING | Download failed: https://media.eventhubs.com/images/2020/02/21-someone-used-deepfake-add-celebrities-mortal-kombat-11-and-its-p.jpg | HTTPSConnectionPool(host='media.eventhubs.com', port=443): Max retries exceeded with url: /images/2020/02/21-someone-used-deepfake-add-celebrities-mortal-kombat-11-and-its-p.jpg (Caused by SSLError(SSLCertVerificationError(1, '[SSL: CERTIFICATE_VERIFY_FAILED] certificate verify failed: unable to get local issuer certificate (_ssl.c:1147)')))
2026-07-31 18:10:16,581 | WARNING | Download failed: https://www.jewishvoicesnj.org/wp-content/uploads/images/2022-07-13/31p1.jpg | HTTPSConnectionPool(host='www.jewishvoicesnj.org', port=443): Max retries exceeded with url: /wp-content/uploads/images/2022-07-13/31p1.jpg (Caused by ConnectTimeoutError(<urllib3.connection.HTTPSConnection object at 0x730b4b0799a0>, 'Connection to www.jewishvoicesnj.org timed out. (connect timeout=15)'))
2026-07-31 18:10:17,206 | WARNING | Download failed: https://upload.wikimedia.org/wikipedia/commons/3/3f/James_Caan_Guillaume_Canet_Cannes_2013_cropped.jpg | 429 Client Error: Too many requests - please contact noc@wikimedia.org to discuss a less disruptive approach or instead use thumbnail images in sizes listed on https://w.wiki/GHai. (0c640b1) for url: https://upload.wikimedia.org/wikipedia/commons/3/3f/James_Caan_Guillaume_Canet_Cannes_2013_cropped.jpg
2026-07-31 18:10:18,061 | WARNING | Download failed: https://www.miataturbo.net/attachments/insert-bs-here-4/116971-ai-generated-cat-pictures-thread-jamie-lee-curtis-autograph.jpg?dateline=1404309012 | 403 Client Error: Forbidden for url: https://www.miataturbo.net/attachments/insert-bs-here-4/116971-ai-generated-cat-pictures-thread-jamie-lee-curtis-autograph.jpg?dateline=1404309012
2026-07-31 18:10:18,689 | WARNING | Download failed: https://upload.wikimedia.org/wikipedia/commons/5/5b/Jason_Biggs_-_Untitled_Home_Invasion_Romance.jpg | 429 Client Error: Too many requests - please contact noc@wikimedia.org to discuss a less disruptive approach or instead use thumbnail images in sizes listed on https://w.wiki/GHai. (0c640b1) for url: https://upload.wikimedia.org/wikipedia/commons/5/5b/Jason_Biggs_-_Untitled_Home_Invasion_Romance.jpg
2026-07-31 18:10:19,316 | WARNING | Download failed: https://upload.wikimedia.org/wikipedia/commons/thumb/a/a2/Jean_Dujardin_2016.jpg/250px-Jean_Dujardin_2016.jpg | 429 Client Error: Too Many Requests (015d12c) for url: https://upload.wikimedia.org/wikipedia/commons/thumb/a/a2/Jean_Dujardin_2016.jpg/250px-Jean_Dujardin_2016.jpg
2026-07-31 18:10:24,046 | WARNING | Download failed: https://yi-ai.s3.eu-central-1.amazonaws.com/prod/371000/371991/2023/07/26-0019236-64c108fae9825.png | ('Connection aborted.', ConnectionResetError(104, 'Connection reset by peer'))
2026-07-31 18:11:46,169 | WARNING | Download failed: https://media.cybernews.com/images/featured/2025/07/aniston-scam-deepfake.jpg | 403 Client Error: Forbidden for url: https://media.cybernews.com/images/featured/2025/07/aniston-scam-deepfake.jpg
2026-07-31 18:12:10,162 | WARNING | Download failed: https://upload.wikimedia.org/wikipedia/commons/3/3d/Jennifer_Garner_-_2024_%2854106107278%29_%28cropped%29.jpg | 429 Client Error: Too many requests - please contact noc@wikimedia.org to discuss a less disruptive approach or instead use thumbnail images in sizes listed on https://w.wiki/GHai. (0c640b1) for url: https://upload.wikimedia.org/wikipedia/commons/3/3d/Jennifer_Garner_-_2024_%2854106107278%29_%28cropped%29.jpg
2026-07-31 18:12:56,747 | WARNING | Download failed: https://i.cbc.ca/ais/cac88dcd-24d7-4eb2-9329-b0d7753983a2,1771537424460/full/max/0/default.jpg?im=Crop%2Crect%3D%280%2C0%2C3200%2C1800%29%3B | HTTPSConnectionPool(host='i.cbc.ca', port=443): Read timed out. (read timeout=15)
2026-07-31 18:13:54,864 | WARNING | Download failed: https://raindance.org/wp-content/uploads/2018/02/deepfake-3-300x216.jpg | 403 Client Error: Forbidden for url: https://raindance.org/wp-content/uploads/2018/02/deepfake-3-300x216.jpg
2026-07-31 18:14:05,002 | WARNING | Download failed: https://lookaside.fbsbx.com/lookaside/crawler/instagram/DVU9gSeDAvm/0/image.jpg | cannot identify image file <_io.BytesIO object at 0x730b4b155ea0>
2026-07-31 18:15:44,006 | WARNING | Download failed: https://upload.wikimedia.org/wikipedia/commons/d/dc/Joaquin_Phoenix-64908_%28cropped%29.jpg | 429 Client Error: Too many requests - please contact noc@wikimedia.org to discuss a less disruptive approach or instead use thumbnail images in sizes listed on https://w.wiki/GHai. (0c640b1) for url: https://upload.wikimedia.org/wikipedia/commons/d/dc/Joaquin_Phoenix-64908_%28cropped%29.jpg
2026-07-31 18:16:07,097 | WARNING | Download failed: https://upload.wikimedia.org/wikipedia/commons/5/5b/Jodie_Foster_and_Rebecca_Zlotowski_at_NYFF_2025_02_%28cropped_headshot%29.jpg | 429 Client Error: Too many requests - please contact noc@wikimedia.org to discuss a less disruptive approach or instead use thumbnail images in sizes listed on https://w.wiki/GHai. (0c640b1) for url: https://upload.wikimedia.org/wikipedia/commons/5/5b/Jodie_Foster_and_Rebecca_Zlotowski_at_NYFF_2025_02_%28cropped_headshot%29.jpg
2026-07-31 18:16:41,531 | WARNING | Download failed: https://upload.wikimedia.org/wikipedia/commons/5/53/John_Cusack_Photo_Op_GalaxyCon_Raleigh_2019.jpg | 429 Client Error: Too Many Requests (015d12c) for url: https://upload.wikimedia.org/wikipedia/commons/5/53/John_Cusack_Photo_Op_GalaxyCon_Raleigh_2019.jpg
2026-07-31 18:17:03,748 | WARNING | Download failed: https://www.latinousa.org/wp-content/uploads/2026/04/lusa_johnleguizamo_cover_horizontal.jpg | 403 Client Error: Forbidden for url: https://www.latinousa.org/wp-content/uploads/2026/04/lusa_johnleguizamo_cover_horizontal.jpg
2026-07-31 18:17:15,540 | WARNING | Download failed: https://upload.wikimedia.org/wikipedia/commons/9/9d/John_Malkovich_KVIFF_2.jpg | 429 Client Error: Too many requests - please contact noc@wikimedia.org to discuss a less disruptive approach or instead use thumbnail images in sizes listed on https://w.wiki/GHai. (0c640b1) for url: https://upload.wikimedia.org/wikipedia/commons/9/9d/John_Malkovich_KVIFF_2.jpg
2026-07-31 18:17:56,761 | WARNING | Download failed: https://www.tandfonline.com/cms/asset/44233841-bdee-4d96-b0da-8c540a643a6a/rjvp_a_2571834_f0006_ob.jpg | 403 Client Error: Forbidden for url: https://www.tandfonline.com/cms/asset/44233841-bdee-4d96-b0da-8c540a643a6a/rjvp_a_2571834_f0006_ob.jpg
2026-07-31 18:17:57,178 | WARNING | Download failed: https://www.tandfonline.com/cms/asset/dc98be56-3e66-415e-aaf8-d0c5d8698c9a/rjvp_a_2571834_f0002_ob.jpg | 403 Client Error: Forbidden for url: https://www.tandfonline.com/cms/asset/dc98be56-3e66-415e-aaf8-d0c5d8698c9a/rjvp_a_2571834_f0002_ob.jpg
2026-07-31 18:18:16,000 | WARNING | Download failed: https://963kklz.com/uploads/2020/06/GettyImages-1182695105.jpg?format=auto&optimize=high&width=1440 | 403 Client Error: Forbidden for url: https://963kklz.com/uploads/2020/06/GettyImages-1182695105.jpg?format=auto&optimize=high&width=1440
2026-07-31 18:19:33,275 | WARNING | Download failed: https://upload.wikimedia.org/wikipedia/commons/thumb/1/13/Jon-stewart-cropped-portrait-2025.jpg/250px-Jon-stewart-cropped-portrait-2025.jpg | 429 Client Error: Too Many Requests (015d12c) for url: https://upload.wikimedia.org/wikipedia/commons/thumb/1/13/Jon-stewart-cropped-portrait-2025.jpg/250px-Jon-stewart-cropped-portrait-2025.jpg
2026-07-31 18:20:03,464 | WARNING | Download failed: https://lookaside.fbsbx.com/lookaside/crawler/threads/DSgiiYnDsVq/0/image.jpg | cannot identify image file <_io.BytesIO object at 0x730b4b0716d0>
2026-07-31 18:20:21,502 | WARNING | Download failed: https://upload.wikimedia.org/wikipedia/commons/1/10/Josh_Brolin_TIFF_2025_%28cropped%29.jpg | 429 Client Error: Too many requests - please contact noc@wikimedia.org to discuss a less disruptive approach or instead use thumbnail images in sizes listed on https://w.wiki/GHai. (0c640b1) for url: https://upload.wikimedia.org/wikipedia/commons/1/10/Josh_Brolin_TIFF_2025_%28cropped%29.jpg
2026-07-31 18:20:23,428 | WARNING | Download failed: https://upload.wikimedia.org/wikipedia/commons/e/ec/Josh_Brolin_SDCC_2014.jpg | 429 Client Error: Too many requests - please contact noc@wikimedia.org to discuss a less disruptive approach or instead use thumbnail images in sizes listed on https://w.wiki/GHai. (0c640b1) for url: https://upload.wikimedia.org/wikipedia/commons/e/ec/Josh_Brolin_SDCC_2014.jpg
2026-07-31 18:21:07,412 | WARNING | Download failed: https://upload.wikimedia.org/wikipedia/commons/3/3e/Josh_Hutcherson_by_Gage_Skidmore_2.jpg | 429 Client Error: Too many requests - please contact noc@wikimedia.org to discuss a less disruptive approach or instead use thumbnail images in sizes listed on https://w.wiki/GHai. (0c640b1) for url: https://upload.wikimedia.org/wikipedia/commons/3/3e/Josh_Hutcherson_by_Gage_Skidmore_2.jpg
2026-07-31 18:21:14,582 | WARNING | Download failed: https://lookaside.fbsbx.com/lookaside/crawler/instagram/DVWxPbBERwQ/0/image.jpg | cannot identify image file <_io.BytesIO object at 0x730b4afcaea0>
2026-07-31 18:21:27,179 | WARNING | Download failed: https://documents.iplt20.com/ipl/IPLHeadshot2026/647.png | 403 Client Error: Forbidden for url: https://documents.iplt20.com/ipl/IPLHeadshot2026/647.png
2026-07-31 18:21:53,364 | WARNING | Download failed: https://blog.propllr.com/hs-fs/hubfs/.jpg.jpeg?width=534&height=176&name=.jpg.jpeg | HTTPSConnectionPool(host='blog.propllr.com', port=443): Max retries exceeded with url: /hs-fs/hubfs/.jpg.jpeg?width=534&height=176&name=.jpg.jpeg (Caused by NewConnectionError('<urllib3.connection.HTTPSConnection object at 0x730b4b16a6d0>: Failed to establish a new connection: [Errno -3] Temporary failure in name resolution'))
2026-07-31 18:21:57,460 | WARNING | Download failed: https://lookaside.fbsbx.com/lookaside/crawler/instagram/DRILQskEqlo/0/image.jpg | cannot identify image file <_io.BytesIO object at 0x730b4b155ea0>
2026-07-31 18:21:58,159 | WARNING | Download failed: https://lookaside.fbsbx.com/lookaside/crawler/instagram/DVmcUxcCldb/0/image.jpg | cannot identify image file <_io.BytesIO object at 0x730b4b169590>
2026-07-31 18:22:39,365 | WARNING | Download failed: https://lookaside.fbsbx.com/lookaside/crawler/instagram/DW4EhibEqGP/0/image.jpg | cannot identify image file <_io.BytesIO object at 0x730b3b7e9810>
2026-07-31 18:23:37,395 | INFO | ============================================================
2026-07-31 18:23:37,396 | INFO | STEP 4 RUN COMPLETE
2026-07-31 18:23:37,396 | INFO | OK (accepted)     : 166
2026-07-31 18:23:37,396 | INFO | No face           : 23
2026-07-31 18:23:37,396 | INFO | Multiple faces    : 114
2026-07-31 18:23:37,396 | INFO | Face too small    : 45
2026-07-31 18:23:37,396 | INFO | Download errors   : 151 (will retry)
2026-07-31 18:23:37,397 | INFO | Detector errors   : 1 (will retry)
2026-07-31 18:23:37,397 | INFO | ============================================================
2026-07-31 18:39:36,798 | INFO | MTCNN initialized on device: cuda
2026-07-31 18:39:37,017 | INFO | ============================================================
2026-07-31 18:39:37,017 | INFO | STEP 4 START (Face Verification)
2026-07-31 18:39:37,017 | INFO | Total candidates     : 2342
2026-07-31 18:39:37,017 | INFO | Already checked      : 2009
2026-07-31 18:39:37,017 | INFO | Remaining pending    : 333
2026-07-31 18:39:37,018 | INFO | This run             : 333
2026-07-31 18:39:37,018 | INFO | Device               : cuda
2026-07-31 18:39:37,018 | INFO | ============================================================
2026-07-31 18:39:37,526 | WARNING | Download failed: https://lookaside.fbsbx.com/lookaside/crawler/threads/DZDE9TGlp6M/0/image.jpg | cannot identify image file <_io.BytesIO object at 0x7dedb0fea7c0>
2026-07-31 18:39:41,622 | WARNING | Download failed: https://timesofindia.indiatimes.com/photo/msid-123786769/123786769.jpg?resizemode=4 | ('Connection aborted.', ConnectionResetError(104, 'Connection reset by peer'))
2026-07-31 18:39:42,346 | WARNING | Download failed: https://upload.wikimedia.org/wikipedia/commons/6/67/Alessandro_Nivola_Jay_Kelly-03.jpg | 429 Client Error: Too Many Requests (015d12c) for url: https://upload.wikimedia.org/wikipedia/commons/6/67/Alessandro_Nivola_Jay_Kelly-03.jpg
2026-07-31 18:39:42,968 | WARNING | Download failed: https://upload.wikimedia.org/wikipedia/commons/6/6e/Alessandro_Vittoria_-_Paolo_Veronese.jpg | 429 Client Error: Too Many Requests (015d12c) for url: https://upload.wikimedia.org/wikipedia/commons/6/6e/Alessandro_Vittoria_-_Paolo_Veronese.jpg
2026-07-31 18:39:44,052 | WARNING | Download failed: https://www.mdpi.com/jimaging/jimaging-08-00263/article_deploy/html/images/jimaging-08-00263-g008-550.jpg | 403 Client Error: Forbidden for url: https://www.mdpi.com/jimaging/jimaging-08-00263/article_deploy/html/images/jimaging-08-00263-g008-550.jpg
2026-07-31 18:39:44,674 | WARNING | Download failed: https://upload.wikimedia.org/wikipedia/commons/4/4a/Alexandria_Ocasio-Cortez_Official_Portrait.jpg | 429 Client Error: Too Many Requests (015d12c) for url: https://upload.wikimedia.org/wikipedia/commons/4/4a/Alexandria_Ocasio-Cortez_Official_Portrait.jpg
2026-07-31 18:39:45,223 | WARNING | Download failed: https://www.livemint.com/lm-img/img/2024/05/07/optimize/Alia_Bhatt_Deepfake_1715069582605_1715069596521.png | ('Connection aborted.', ConnectionResetError(104, 'Connection reset by peer'))
2026-07-31 18:39:45,894 | WARNING | Download failed: https://lookaside.fbsbx.com/lookaside/crawler/instagram/DQbAbycEwWc/0/image.jpg | cannot identify image file <_io.BytesIO object at 0x7dedb0fe1130>
2026-07-31 18:39:46,568 | WARNING | Download failed: https://lookaside.fbsbx.com/lookaside/crawler/instagram/amberheard/profile_pic.jpg | cannot identify image file <_io.BytesIO object at 0x7dedb0fea7c0>
2026-07-31 18:39:47,217 | WARNING | Download failed: https://lookaside.fbsbx.com/lookaside/crawler/instagram/DZU5Mo-y9I1/0/image.jpg | cannot identify image file <_io.BytesIO object at 0x7dedb0fe1130>
2026-07-31 18:39:47,888 | WARNING | Download failed: https://lookaside.fbsbx.com/lookaside/crawler/threads/DEk0T1NTS2D/1/image.jpg | cannot identify image file <_io.BytesIO object at 0x7dee55fc2770>
2026-07-31 18:39:48,513 | WARNING | Download failed: https://upload.wikimedia.org/wikipedia/commons/a/a5/Arnold_Schwarzenegger_by_Gage_Skidmore_3.jpg | 429 Client Error: Too Many Requests (015d12c) for url: https://upload.wikimedia.org/wikipedia/commons/a/a5/Arnold_Schwarzenegger_by_Gage_Skidmore_3.jpg
2026-07-31 18:39:54,203 | WARNING | Download failed: https://www.celebritykind.com/wp-content/uploads/2024/06/shutterstock_717129223-scaled-e1717488964123-839x1024.jpg | 403 Client Error: Forbidden for url: https://www.celebritykind.com/wp-content/uploads/2024/06/shutterstock_717129223-scaled-e1717488964123-839x1024.jpg
2026-07-31 18:39:54,915 | WARNING | Download failed: https://lookaside.fbsbx.com/lookaside/crawler/instagram/DQhDvvcjF6P/0/image.jpg | cannot identify image file <_io.BytesIO object at 0x7dedb0fea7c0>
2026-07-31 18:39:55,573 | WARNING | Download failed: https://lookaside.fbsbx.com/lookaside/crawler/instagram/DY1UvvDKflO/0/image.jpg | cannot identify image file <_io.BytesIO object at 0x7dedb0fe1130>
2026-07-31 18:39:56,188 | WARNING | Download failed: https://upload.wikimedia.org/wikipedia/commons/7/7a/Audrey_Tautou_Berlin_2015.jpg | 429 Client Error: Too Many Requests (015d12c) for url: https://upload.wikimedia.org/wikipedia/commons/7/7a/Audrey_Tautou_Berlin_2015.jpg
2026-07-31 18:39:56,909 | WARNING | Download failed: https://www.hockeydb.com/ihdb/photos/auston-matthews-2024-38.jpg | 403 Client Error: Forbidden for url: https://www.hockeydb.com/ihdb/photos/auston-matthews-2024-38.jpg
2026-07-31 18:39:57,553 | WARNING | Download failed: https://upload.wikimedia.org/wikipedia/commons/a/ab/Benedict_Cumberbatch-67555.jpg | 429 Client Error: Too Many Requests (015d12c) for url: https://upload.wikimedia.org/wikipedia/commons/a/ab/Benedict_Cumberbatch-67555.jpg
2026-07-31 18:39:58,324 | WARNING | Download failed: https://www.usatoday.com/gcdn/authoring/authoring-images/2026/01/19/USAT/88255393007-landman-210-em-0718-01245-rt-f.jpg?crop=2999,1687,x0,y156&width=660&height=371&format=pjpg&auto=webp | 406 Client Error: Not Acceptable for url: https://www.usatoday.com/gcdn/authoring/authoring-images/2026/01/19/USAT/88255393007-landman-210-em-0718-01245-rt-f.jpg?crop=2999,1687,x0,y156&width=660&height=371&format=pjpg&auto=webp
2026-07-31 18:40:04,449 | ERROR | Detector failed: http://www.smh.com.au/content/dam/images/4/9/o/r/9/image.imgtype.videoThumbnail.729x410.png/1453967434294.jpg | torch.cat(): expected a non-empty list of Tensors
Traceback (most recent call last):
  File "/home/amna/Real-vs-Fake/Scripts/04_face_check.py", line 275, in main
    status, face_count, box, area_ratio, detail = evaluate_faces(img)
  File "/home/amna/Real-vs-Fake/Scripts/04_face_check.py", line 199, in evaluate_faces
    boxes, probs = DETECTOR.detect(img)
  File "/home/amna/miniconda3/envs/deepfake/lib/python3.9/site-packages/facenet_pytorch/models/mtcnn.py", line 313, in detect
    batch_boxes, batch_points = detect_face(
  File "/home/amna/miniconda3/envs/deepfake/lib/python3.9/site-packages/facenet_pytorch/models/utils/detect_face.py", line 83, in detect_face
    boxes = torch.cat(boxes, dim=0)
RuntimeError: torch.cat(): expected a non-empty list of Tensors
2026-07-31 18:40:05,090 | WARNING | Download failed: https://upload.wikimedia.org/wikipedia/commons/thumb/0/03/Bruce_Willis_by_Gage_Skidmore.jpg/960px-Bruce_Willis_by_Gage_Skidmore.jpg | 429 Client Error: Too Many Requests (015d12c) for url: https://upload.wikimedia.org/wikipedia/commons/thumb/0/03/Bruce_Willis_by_Gage_Skidmore.jpg/960px-Bruce_Willis_by_Gage_Skidmore.jpg
2026-07-31 18:40:09,620 | WARNING | Download failed: https://www.koimoi.com/wp-content/new-galleries/2023/03/the-avengers-90s-edition-ai-generated-is-impressed-from-tom-cruise-as-iron-man-to-bruce-willis-will-smith-more-heresheres-who-all-made-the-cast-001.jpg | 403 Client Error: Forbidden for url: https://www.koimoi.com/wp-content/new-galleries/2023/03/the-avengers-90s-edition-ai-generated-is-impressed-from-tom-cruise-as-iron-man-to-bruce-willis-will-smith-more-heresheres-who-all-made-the-cast-001.jpg
2026-07-31 18:40:10,235 | WARNING | Download failed: https://upload.wikimedia.org/wikipedia/commons/e/e5/Caitlin_Clark_2025_2_%28cropped%29.jpg | 429 Client Error: Too Many Requests (015d12c) for url: https://upload.wikimedia.org/wikipedia/commons/e/e5/Caitlin_Clark_2025_2_%28cropped%29.jpg
2026-07-31 18:40:10,903 | WARNING | Download failed: https://lookaside.fbsbx.com/lookaside/crawler/threads/DY0PjBWEiLD/0/image.jpg | cannot identify image file <_io.BytesIO object at 0x7dedb03d2540>
2026-07-31 18:40:11,520 | WARNING | Download failed: https://upload.wikimedia.org/wikipedia/commons/9/99/Cameron_Diaz_at_WWD_Style_Awards_2026-1998.jpg | 429 Client Error: Too Many Requests (015d12c) for url: https://upload.wikimedia.org/wikipedia/commons/9/99/Cameron_Diaz_at_WWD_Style_Awards_2026-1998.jpg
2026-07-31 18:40:12,171 | WARNING | Download failed: https://adultdeepfakes.com/contents/videos_screenshots/2000/2263/preview.mp4.jpg | ('Connection aborted.', ConnectionResetError(104, 'Connection reset by peer'))
2026-07-31 18:40:12,779 | WARNING | Download failed: https://adultdeepfakes.com/contents/videos_screenshots/40000/40786/preview.mp4.jpg | ('Connection aborted.', ConnectionResetError(104, 'Connection reset by peer'))
2026-07-31 18:40:13,297 | WARNING | Download failed: https://www.alrincon.com/imagenesblog2/varios/camerondiazdeepfake.jpg | ('Connection aborted.', ConnectionResetError(104, 'Connection reset by peer'))
2026-07-31 18:40:13,952 | WARNING | Download failed: https://lookaside.fbsbx.com/lookaside/crawler/instagram/DYI6gmARFpE/0/image.jpg | cannot identify image file <_io.BytesIO object at 0x7dedc09b7e00>
2026-07-31 18:40:14,576 | WARNING | Download failed: https://upload.wikimedia.org/wikipedia/commons/b/b4/Cameron_Green_fielding_Boxing_Day_2022_%28cropped%29.jpg | 429 Client Error: Too Many Requests (015d12c) for url: https://upload.wikimedia.org/wikipedia/commons/b/b4/Cameron_Green_fielding_Boxing_Day_2022_%28cropped%29.jpg
2026-07-31 18:40:15,113 | WARNING | Download failed: https://documents.iplt20.com/ipl/IPLHeadshot2026/550.png | 403 Client Error: Forbidden for url: https://documents.iplt20.com/ipl/IPLHeadshot2026/550.png
2026-07-31 18:40:15,728 | WARNING | Download failed: https://upload.wikimedia.org/wikipedia/commons/5/57/2025-05-10_15-19-29_ILCE-7C_DSC13060_Kiri.jpg | 429 Client Error: Your request does not comply with our robot policy, https://w.wiki/4wJS. Please contact noc@wikimedia.org for further information (0fa5166) for url: https://upload.wikimedia.org/wikipedia/commons/5/57/2025-05-10_15-19-29_ILCE-7C_DSC13060_Kiri.jpg
2026-07-31 18:40:16,343 | WARNING | Download failed: https://upload.wikimedia.org/wikipedia/commons/7/77/Chloe_Kim_PCSFN_Headshot_2023.jpg | 429 Client Error: Too many requests - please contact noc@wikimedia.org to discuss a less disruptive approach or instead use thumbnail images in sizes listed on https://w.wiki/GHai. (0c640b1) for url: https://upload.wikimedia.org/wikipedia/commons/7/77/Chloe_Kim_PCSFN_Headshot_2023.jpg
2026-07-31 18:40:16,955 | WARNING | Download failed: https://upload.wikimedia.org/wikipedia/commons/7/73/Chris_Tucker_by_Gage_Skidmore.jpg | 429 Client Error: Too many requests - please contact noc@wikimedia.org to discuss a less disruptive approach or instead use thumbnail images in sizes listed on https://w.wiki/GHai. (0c640b1) for url: https://upload.wikimedia.org/wikipedia/commons/7/73/Chris_Tucker_by_Gage_Skidmore.jpg
2026-07-31 18:40:17,558 | WARNING | Download failed: https://upload.wikimedia.org/wikipedia/commons/thumb/b/be/Chris_Tucker_1996.jpg/250px-Chris_Tucker_1996.jpg | 429 Client Error: Your request does not comply with our robot policy, https://w.wiki/4wJS. Please contact noc@wikimedia.org for further information (0fa5166) for url: https://upload.wikimedia.org/wikipedia/commons/thumb/b/be/Chris_Tucker_1996.jpg/250px-Chris_Tucker_1996.jpg
2026-07-31 18:40:18,176 | WARNING | Download failed: https://upload.wikimedia.org/wikipedia/commons/0/0a/Christian_Bale-7837.jpg | 429 Client Error: Too many requests - please contact noc@wikimedia.org to discuss a less disruptive approach or instead use thumbnail images in sizes listed on https://w.wiki/GHai. (0c640b1) for url: https://upload.wikimedia.org/wikipedia/commons/0/0a/Christian_Bale-7837.jpg
2026-07-31 18:40:41,116 | WARNING | Download failed: https://www.ecranlarge.com/content/uploads/2019/08/tom-cruise-photo-deepfake-american-psycho-1094097.png | HTTPSConnectionPool(host='www.ecranlarge.com', port=443): Max retries exceeded with url: /content/uploads/2019/08/tom-cruise-photo-deepfake-american-psycho-1094097.png (Caused by ConnectTimeoutError(<urllib3.connection.HTTPSConnection object at 0x7dedc088b490>, 'Connection to www.ecranlarge.com timed out. (connect timeout=15)'))
2026-07-31 18:40:41,726 | WARNING | Download failed: https://upload.wikimedia.org/wikipedia/commons/f/fd/Christian_Clavier_Cannes_2013.jpg | 429 Client Error: Too many requests - please contact noc@wikimedia.org to discuss a less disruptive approach or instead use thumbnail images in sizes listed on https://w.wiki/GHai. (0c640b1) for url: https://upload.wikimedia.org/wikipedia/commons/f/fd/Christian_Clavier_Cannes_2013.jpg
2026-07-31 18:40:42,428 | WARNING | Download failed: https://lookaside.fbsbx.com/lookaside/crawler/threads/DHuogAmsBRm/0/image.jpg | cannot identify image file <_io.BytesIO object at 0x7dedc09b7360>
2026-07-31 18:40:43,731 | WARNING | Download failed: https://c.ndtvimg.com/2021-03/fba3qug_tom-cruise-deepfake-video_625x300_04_March_21.jpg | 403 Client Error: Forbidden for url: https://c.ndtvimg.com/2021-03/fba3qug_tom-cruise-deepfake-video_625x300_04_March_21.jpg
2026-07-31 18:40:51,982 | WARNING | Download failed: http://ghostbustersnews.com/wp-content/uploads/2023/04/arnold_ghostbusters_deepfake.jpg | 403 Client Error: Forbidden for url: http://ghostbustersnews.com/wp-content/uploads/2023/04/arnold_ghostbusters_deepfake.jpg
2026-07-31 18:40:52,598 | WARNING | Download failed: https://upload.wikimedia.org/wikipedia/commons/4/43/David_Arquette_Alpha1_2019_%28cropped%29.jpg | 429 Client Error: Too many requests - please contact noc@wikimedia.org to discuss a less disruptive approach or instead use thumbnail images in sizes listed on https://w.wiki/GHai. (0c640b1) for url: https://upload.wikimedia.org/wikipedia/commons/4/43/David_Arquette_Alpha1_2019_%28cropped%29.jpg
2026-07-31 18:40:53,081 | WARNING | Download failed: https://documents.iplt20.com/ipl/IPLHeadshot2026/128.png | 403 Client Error: Forbidden for url: https://documents.iplt20.com/ipl/IPLHeadshot2026/128.png
2026-07-31 18:40:54,254 | WARNING | Download failed: https://davidmiller.ai/wp-content/uploads/2024/08/teentempo_imagine_in_the_style_of_brooke_shaden_oil_painting__a0838d8c-ee64-428e-a4ac-a3e3a78f6bf3_3.png | 403 Client Error: Forbidden for url: https://davidmiller.ai/wp-content/uploads/2024/08/teentempo_imagine_in_the_style_of_brooke_shaden_oil_painting__a0838d8c-ee64-428e-a4ac-a3e3a78f6bf3_3.png
2026-07-31 18:40:55,073 | WARNING | Download failed: https://missouriindependent.com/wp-content/uploads/2026/02/IMG_3609-1536x922.jpeg | 403 Client Error: Forbidden for url: https://missouriindependent.com/wp-content/uploads/2026/02/IMG_3609-1536x922.jpeg
2026-07-31 18:40:56,088 | WARNING | Download failed: https://davidmiller.ai/wp-content/uploads/2024/08/room2-1.jpg | 403 Client Error: Forbidden for url: https://davidmiller.ai/wp-content/uploads/2024/08/room2-1.jpg
2026-07-31 18:40:56,831 | WARNING | Download failed: https://lookaside.fbsbx.com/lookaside/crawler/threads/DDxVOmRvCz6/0/image.jpg | cannot identify image file <_io.BytesIO object at 0x7dedc09b7a90>
2026-07-31 18:40:57,510 | WARNING | Download failed: https://lookaside.fbsbx.com/lookaside/crawler/instagram/CHv0LyvHM3B/0/image.jpg | cannot identify image file <_io.BytesIO object at 0x7dedc09b7e00>
2026-07-31 18:40:58,176 | WARNING | Download failed: https://lookaside.fbsbx.com/lookaside/crawler/instagram/DXhnF1xjcQW/0/image.jpg | cannot identify image file <_io.BytesIO object at 0x7dedc08bd5e0>
2026-07-31 18:40:58,826 | WARNING | Download failed: https://lookaside.fbsbx.com/lookaside/crawler/instagram/CeGwyCeLI8l/0/image.jpg | cannot identify image file <_io.BytesIO object at 0x7dedc09b7a90>
2026-07-31 18:40:59,499 | WARNING | Download failed: https://lookaside.fbsbx.com/lookaside/crawler/instagram/DXmsI2gked4/0/image.jpg | cannot identify image file <_io.BytesIO object at 0x7dedb0795090>
2026-07-31 18:41:00,139 | WARNING | Download failed: https://lookaside.fbsbx.com/lookaside/crawler/instagram/C11m2cIIzTa/0/image.jpg | cannot identify image file <_io.BytesIO object at 0x7dedc09b78b0>
2026-07-31 18:41:00,739 | WARNING | Download failed: https://upload.wikimedia.org/wikipedia/commons/thumb/0/0a/Derrick_Henry_OCT2022_%28cropped%29.jpg/960px-Derrick_Henry_OCT2022_%28cropped%29.jpg | 429 Client Error: Too Many Requests (015d12c) for url: https://upload.wikimedia.org/wikipedia/commons/thumb/0/0a/Derrick_Henry_OCT2022_%28cropped%29.jpg/960px-Derrick_Henry_OCT2022_%28cropped%29.jpg
2026-07-31 18:41:01,158 | WARNING | Download failed: https://documents.iplt20.com/ipl/IPLHeadshot2025/601.png | 403 Client Error: Forbidden for url: https://documents.iplt20.com/ipl/IPLHeadshot2025/601.png
2026-07-31 18:41:01,772 | WARNING | Download failed: https://upload.wikimedia.org/wikipedia/commons/c/cd/Dustin_Hoffman_02.jpg | 429 Client Error: Too many requests - please contact noc@wikimedia.org to discuss a less disruptive approach or instead use thumbnail images in sizes listed on https://w.wiki/GHai. (0c640b1) for url: https://upload.wikimedia.org/wikipedia/commons/c/cd/Dustin_Hoffman_02.jpg
2026-07-31 18:41:02,384 | WARNING | Download failed: https://upload.wikimedia.org/wikipedia/commons/7/7e/Dwayne_Johnson-1764_%284x5_cropped_with_moderate_headroom%29.jpg | 429 Client Error: Too many requests - please contact noc@wikimedia.org to discuss a less disruptive approach or instead use thumbnail images in sizes listed on https://w.wiki/GHai. (0c640b1) for url: https://upload.wikimedia.org/wikipedia/commons/7/7e/Dwayne_Johnson-1764_%284x5_cropped_with_moderate_headroom%29.jpg
2026-07-31 18:41:02,995 | WARNING | Download failed: https://upload.wikimedia.org/wikipedia/commons/4/48/2025_Dylan_O%27Brien_%28cropped%29.jpg | 429 Client Error: Too many requests - please contact noc@wikimedia.org to discuss a less disruptive approach or instead use thumbnail images in sizes listed on https://w.wiki/GHai. (0c640b1) for url: https://upload.wikimedia.org/wikipedia/commons/4/48/2025_Dylan_O%27Brien_%28cropped%29.jpg
2026-07-31 18:41:04,565 | WARNING | Download failed: https://upload.wikimedia.org/wikipedia/commons/a/a1/Actress_Malin_Akerman_Visits_TODAY_Show_%2850026255087%29_%28cropped2%29.jpg | 429 Client Error: Too many requests - please contact noc@wikimedia.org to discuss a less disruptive approach or instead use thumbnail images in sizes listed on https://w.wiki/GHai. (0c640b1) for url: https://upload.wikimedia.org/wikipedia/commons/a/a1/Actress_Malin_Akerman_Visits_TODAY_Show_%2850026255087%29_%28cropped2%29.jpg
2026-07-31 18:41:05,222 | WARNING | Download failed: https://lookaside.fbsbx.com/lookaside/crawler/instagram/dylandreyernbc/profile_pic.jpg | cannot identify image file <_io.BytesIO object at 0x7dedc08bd5e0>
2026-07-31 18:41:06,983 | WARNING | Download failed: https://tandem.app/files/can-you-spot-a-deepfake-social-image.png | 404 Client Error: Not Found for url: https://tandem.app/files/can-you-spot-a-deepfake-social-image.png
2026-07-31 18:41:08,468 | WARNING | Download failed: https://internationalbanker.com/wp-content/uploads/2021/02/Deepfake-Technology.png | 403 Client Error: Forbidden for url: https://internationalbanker.com/wp-content/uploads/2021/02/Deepfake-Technology.png
2026-07-31 18:41:09,064 | WARNING | Download failed: https://upload.wikimedia.org/wikipedia/commons/5/5f/2017%E2%80%9318_W_Ashes_A_v_E_Test_17-11-09_Perry_portrait_%2802%29.jpg | 429 Client Error: Too many requests - please contact noc@wikimedia.org to discuss a less disruptive approach or instead use thumbnail images in sizes listed on https://w.wiki/GHai. (0c640b1) for url: https://upload.wikimedia.org/wikipedia/commons/5/5f/2017%E2%80%9318_W_Ashes_A_v_E_Test_17-11-09_Perry_portrait_%2802%29.jpg
2026-07-31 18:41:09,705 | WARNING | Download failed: https://lookaside.fbsbx.com/lookaside/crawler/threads/DbGPhw6iWnn/0/image.jpg | cannot identify image file <_io.BytesIO object at 0x7dedc09b78b0>
2026-07-31 18:41:10,376 | WARNING | Download failed: https://lookaside.fbsbx.com/lookaside/crawler/threads/DTVdvkxElHA/0/image.jpg | cannot identify image file <_io.BytesIO object at 0x7dedc09b7e00>
2026-07-31 18:41:10,985 | WARNING | Download failed: https://upload.wikimedia.org/wikipedia/commons/5/5e/Elon_Musk_-_54820081119_%28cropped%29.jpg | 429 Client Error: Too many requests - please contact noc@wikimedia.org to discuss a less disruptive approach or instead use thumbnail images in sizes listed on https://w.wiki/GHai. (0c640b1) for url: https://upload.wikimedia.org/wikipedia/commons/5/5e/Elon_Musk_-_54820081119_%28cropped%29.jpg
2026-07-31 18:41:21,298 | WARNING | Download failed: https://web-cdnprod.aa.com.tr/uploads/Contents/2024/10/22/thumbs_b_c_95fae517eb48db7745a60a3b929d78e0.jpg?v=170617 | HTTPSConnectionPool(host='web-cdnprod.aa.com.tr', port=443): Max retries exceeded with url: /uploads/Contents/2024/10/22/thumbs_b_c_95fae517eb48db7745a60a3b929d78e0.jpg?v=170617 (Caused by NewConnectionError('<urllib3.connection.HTTPSConnection object at 0x7dedb0798490>: Failed to establish a new connection: [Errno -3] Temporary failure in name resolution'))
2026-07-31 18:41:22,438 | WARNING | Download failed: https://imagerenderer.com/images/rendered/default/print/7.5/10/break/images/artworkimages/medium/3/elon-musks-fight-for-the-future-of-ai-nigel-buchanan.jpg | broken data stream when reading image file
2026-07-31 18:41:23,040 | WARNING | Download failed: https://upload.wikimedia.org/wikipedia/commons/a/a1/Emma_Roberts_After_The_Hunt-06_%28cropped%29.jpg | 429 Client Error: Too many requests - please contact noc@wikimedia.org to discuss a less disruptive approach or instead use thumbnail images in sizes listed on https://w.wiki/GHai. (0c640b1) for url: https://upload.wikimedia.org/wikipedia/commons/a/a1/Emma_Roberts_After_The_Hunt-06_%28cropped%29.jpg
2026-07-31 18:41:26,310 | WARNING | Download failed: https://www.innovationaus.com/wp-content/uploads/2025/03/Deepfake_AI_shutterstock_800x600.jpg | 403 Client Error: Forbidden for url: https://www.innovationaus.com/wp-content/uploads/2025/03/Deepfake_AI_shutterstock_800x600.jpg
2026-07-31 18:41:27,117 | WARNING | Download failed: https://upload.wikimedia.org/wikipedia/commons/7/78/MKr385780_Emma_Mackey_%28Alpha%2C_Cannes_2025%29.jpg | 429 Client Error: Too many requests - please contact noc@wikimedia.org to discuss a less disruptive approach or instead use thumbnail images in sizes listed on https://w.wiki/GHai. (0c640b1) for url: https://upload.wikimedia.org/wikipedia/commons/7/78/MKr385780_Emma_Mackey_%28Alpha%2C_Cannes_2025%29.jpg
2026-07-31 18:41:43,723 | WARNING | Download failed: https://www.mcafee.com/blogs/wp-content/uploads/2025/11/Celeb-Hacker-Hotlist.png | HTTPSConnectionPool(host='www.mcafee.com', port=443): Read timed out. (read timeout=15)
2026-07-31 18:41:59,361 | WARNING | Download failed: https://www.mcafee.com/blogs/wp-content/uploads/2025/11/1.-USA-CELEBS.png | HTTPSConnectionPool(host='www.mcafee.com', port=443): Read timed out. (read timeout=15)
2026-07-31 18:42:00,405 | WARNING | Download failed: https://timesofindia.indiatimes.com/photo/msid-105009444/105009444.jpg?resizemode=4 | ('Connection aborted.', ConnectionResetError(104, 'Connection reset by peer'))
2026-07-31 18:42:00,831 | WARNING | Download failed: https://www.koimoi.com/wp-content/new-galleries/2023/07/fawad-khan-reimagined-as-hunky-batman-by-an-ai-artist-but-gets-trolled-massively-online-netizens-react-check-out-001.jpg | 403 Client Error: Forbidden for url: https://www.koimoi.com/wp-content/new-galleries/2023/07/fawad-khan-reimagined-as-hunky-batman-by-an-ai-artist-but-gets-trolled-massively-online-netizens-react-check-out-001.jpg
2026-07-31 18:42:01,969 | WARNING | Download failed: https://c.ndtvimg.com/2024-04/072utg7g_aamir-khan-deepfake-fake-label_625x300_17_April_24.jpg | 403 Client Error: Forbidden for url: https://c.ndtvimg.com/2024-04/072utg7g_aamir-khan-deepfake-fake-label_625x300_17_April_24.jpg
2026-07-31 18:42:02,590 | WARNING | Download failed: https://upload.wikimedia.org/wikipedia/commons/1/14/FrancoisCluzet-StudioHarcourt-1987.png?utm_source=www.wikidata.org&utm_campaign=index&utm_content=thumbnail_unscaled | 429 Client Error: Too many requests - please contact noc@wikimedia.org to discuss a less disruptive approach or instead use thumbnail images in sizes listed on https://w.wiki/GHai. (0c640b1) for url: https://upload.wikimedia.org/wikipedia/commons/1/14/FrancoisCluzet-StudioHarcourt-1987.png?utm_source=www.wikidata.org&utm_campaign=index&utm_content=thumbnail_unscaled
2026-07-31 18:42:04,606 | WARNING | Download failed: https://upload.wikimedia.org/wikipedia/commons/b/b4/Retrato_Oficial_Presidente_Boric_Font.jpg | 429 Client Error: Too many requests - please contact noc@wikimedia.org to discuss a less disruptive approach or instead use thumbnail images in sizes listed on https://w.wiki/GHai. (0c640b1) for url: https://upload.wikimedia.org/wikipedia/commons/b/b4/Retrato_Oficial_Presidente_Boric_Font.jpg
2026-07-31 18:42:05,677 | WARNING | Download failed: https://cdn.newser.com/square-image/392026-20260701052759/ai-generated-voice-of-gene-wilder-featured-in-wonka-series.jpeg | 403 Client Error: Forbidden for url: https://cdn.newser.com/square-image/392026-20260701052759/ai-generated-voice-of-gene-wilder-featured-in-wonka-series.jpeg
2026-07-31 18:42:06,301 | WARNING | Download failed: https://upload.wikimedia.org/wikipedia/commons/0/07/George_C._Scott_-_publicity.JPG | 429 Client Error: Too many requests - please contact noc@wikimedia.org to discuss a less disruptive approach or instead use thumbnail images in sizes listed on https://w.wiki/GHai. (0c640b1) for url: https://upload.wikimedia.org/wikipedia/commons/0/07/George_C._Scott_-_publicity.JPG
2026-07-31 18:42:17,445 | WARNING | Download failed: https://www.creativindie.com/wp-content/uploads/2023/02/tesocraderek_Abstract_Art_Vibrant_colors_Geometric_shapes_Abstr_75ce4982-61b5-4625-81d7-05b2c71445ec.jpg | 403 Client Error: Forbidden for url: https://www.creativindie.com/wp-content/uploads/2023/02/tesocraderek_Abstract_Art_Vibrant_colors_Geometric_shapes_Abstr_75ce4982-61b5-4625-81d7-05b2c71445ec.jpg
2026-07-31 18:42:18,663 | WARNING | Download failed: https://www.newsmobile.in/wp-content/uploads/2025/02/Screenshot-2025-02-20-182138.png | cannot identify image file <_io.BytesIO object at 0x7dedc08a4e00>
2026-07-31 18:42:19,770 | WARNING | Download failed: https://www.newsmobile.in/wp-content/uploads/2025/02/476788826_122160398048302902_5422970338347386911_n.jpg | cannot identify image file <_io.BytesIO object at 0x7dedc08a4f40>
2026-07-31 18:42:20,590 | WARNING | Download failed: https://www.innovationaus.com/wp-content/uploads/2021/03/Joseph_Brookes_authorhead2023.jpg | 403 Client Error: Forbidden for url: https://www.innovationaus.com/wp-content/uploads/2021/03/Joseph_Brookes_authorhead2023.jpg
2026-07-31 18:42:21,883 | WARNING | Download failed: https://www.newsmobile.in/wp-content/uploads/2025/02/Zinta_Mazwell_FC.jpg | cannot identify image file <_io.BytesIO object at 0x7dedc08a4e00>
2026-07-31 18:42:22,580 | WARNING | Download failed: https://lookaside.fbsbx.com/lookaside/crawler/threads/DKOdX3XsCeV/0/image.jpg | cannot identify image file <_io.BytesIO object at 0x7dedc085cb80>
2026-07-31 18:42:23,185 | WARNING | Download failed: https://upload.wikimedia.org/wikipedia/commons/8/88/Crew_members_of_the_movie_%22Genius%22_at_the_Berlinale_party_%2825036107966%29_%28cropped%29.jpg | 429 Client Error: Too many requests - please contact noc@wikimedia.org to discuss a less disruptive approach or instead use thumbnail images in sizes listed on https://w.wiki/GHai. (0c640b1) for url: https://upload.wikimedia.org/wikipedia/commons/8/88/Crew_members_of_the_movie_%22Genius%22_at_the_Berlinale_party_%2825036107966%29_%28cropped%29.jpg
2026-07-31 18:42:23,818 | WARNING | Download failed: https://upload.wikimedia.org/wikipedia/commons/0/0c/Hadiqa_Kiani_Pakistani_Singer.jpg | 429 Client Error: Too many requests - please contact noc@wikimedia.org to discuss a less disruptive approach or instead use thumbnail images in sizes listed on https://w.wiki/GHai. (0c640b1) for url: https://upload.wikimedia.org/wikipedia/commons/0/0c/Hadiqa_Kiani_Pakistani_Singer.jpg
2026-07-31 18:42:24,487 | WARNING | Download failed: https://lookaside.fbsbx.com/lookaside/crawler/instagram/hadiqakianiofficial/profile_pic.jpg | cannot identify image file <_io.BytesIO object at 0x7dedc08a4f40>
2026-07-31 18:42:25,094 | WARNING | Download failed: https://upload.wikimedia.org/wikipedia/commons/a/aa/Halle_Berry-1910.jpg | 429 Client Error: Too many requests - please contact noc@wikimedia.org to discuss a less disruptive approach or instead use thumbnail images in sizes listed on https://w.wiki/GHai. (0c640b1) for url: https://upload.wikimedia.org/wikipedia/commons/a/aa/Halle_Berry-1910.jpg
2026-07-31 18:42:26,027 | WARNING | Download failed: https://media.eventhubs.com/images/2020/02/24-more-deepfakes-mortal-kombat-11-see-christopher-lambert-gal-gadot.jpg | HTTPSConnectionPool(host='media.eventhubs.com', port=443): Max retries exceeded with url: /images/2020/02/24-more-deepfakes-mortal-kombat-11-see-christopher-lambert-gal-gadot.jpg (Caused by SSLError(SSLCertVerificationError(1, '[SSL: CERTIFICATE_VERIFY_FAILED] certificate verify failed: unable to get local issuer certificate (_ssl.c:1147)')))
2026-07-31 18:42:26,738 | WARNING | Download failed: https://cdn.lumenor.ai/lumenor/lumenor.jpg | 403 Client Error: Forbidden for url: https://cdn.lumenor.ai/lumenor/lumenor.jpg
2026-07-31 18:42:27,401 | WARNING | Download failed: https://lookaside.fbsbx.com/lookaside/crawler/instagram/DU2-x0Vl7rx/0/image.jpg | cannot identify image file <_io.BytesIO object at 0x7dedc08a4e00>
2026-07-31 18:42:28,502 | WARNING | Download failed: https://www.globalvillagespace.com/wp-content/uploads/2025/05/1472-hania-aamirs-indian-fans-send-her-this-unique-gift-amid-india-pakistan-tensions-post-pahalgam-attack.jpg | ('Connection aborted.', ConnectionResetError(104, 'Connection reset by peer'))
2026-07-31 18:42:33,130 | WARNING | Download failed: https://documents.bcci.tv/resizedimageskirti/2740_compress.png | 403 Client Error: Forbidden for url: https://documents.bcci.tv/resizedimageskirti/2740_compress.png
2026-07-31 18:42:33,966 | WARNING | Download failed: https://www.newsmobile.in/wp-content/uploads/2025/03/Screenshot-2025-03-18-180246.png | cannot identify image file <_io.BytesIO object at 0x7dedc08a4e00>
2026-07-31 18:42:34,810 | WARNING | Download failed: https://www.newsmobile.in/wp-content/uploads/2025/03/Screenshot-2025-03-31-212759.png | cannot identify image file <_io.BytesIO object at 0x7dedc08a4f40>
2026-07-31 18:42:35,763 | WARNING | Download failed: https://www.newsmobile.in/wp-content/uploads/2024/12/Screenshot-2024-12-31-182414.png | cannot identify image file <_io.BytesIO object at 0x7dedc09a4d60>
2026-07-31 18:42:36,797 | WARNING | Download failed: https://www.vishvasnews.com/wp-content/uploads/2024/12/vishvasnews-1-2024-12-30T165530.093-1.jpg | ('Connection aborted.', ConnectionResetError(104, 'Connection reset by peer'))
2026-07-31 18:42:37,678 | WARNING | Download failed: https://www.newsmobile.in/wp-content/uploads/2025/04/Screenshot-2025-04-09-135737.png | cannot identify image file <_io.BytesIO object at 0x7dedc09a4d60>
2026-07-31 18:42:54,943 | WARNING | Download failed: https://img.fcbayern.com/image/upload/f_auto/q_auto/ar_1:1,c_fill,g_custom,w_768/v1785247532/cms/public/images/fcbayern-com/players/spielerportraits/ganzkoerper/harry-kane.png | HTTPSConnectionPool(host='img.fcbayern.com', port=443): Read timed out. (read timeout=15)
2026-07-31 18:42:55,772 | WARNING | Download failed: https://upload.wikimedia.org/wikipedia/commons/2/23/MerchantIvoryCurzMayfair201124_%2816_of_28%29_%2854154554145%29_%28cropped%29.jpg | 429 Client Error: Too many requests - please contact noc@wikimedia.org to discuss a less disruptive approach or instead use thumbnail images in sizes listed on https://w.wiki/GHai. (0c640b1) for url: https://upload.wikimedia.org/wikipedia/commons/2/23/MerchantIvoryCurzMayfair201124_%2816_of_28%29_%2854154554145%29_%28cropped%29.jpg
2026-07-31 18:42:56,451 | WARNING | Download failed: https://lookaside.fbsbx.com/lookaside/crawler/instagram/DU7NSlRjZPI/0/image.jpg | cannot identify image file <_io.BytesIO object at 0x7dedc08a4f40>
2026-07-31 18:42:57,109 | WARNING | Download failed: https://lookaside.fbsbx.com/lookaside/crawler/instagram/DUH9EwHEdw_/0/image.jpg | cannot identify image file <_io.BytesIO object at 0x7dedb0795db0>
2026-07-31 18:42:57,731 | WARNING | Download failed: https://upload.wikimedia.org/wikipedia/commons/a/ab/Holly_Hunter_by_Gage_Skidmore_2.jpg | 429 Client Error: Too many requests - please contact noc@wikimedia.org to discuss a less disruptive approach or instead use thumbnail images in sizes listed on https://w.wiki/GHai. (0c640b1) for url: https://upload.wikimedia.org/wikipedia/commons/a/ab/Holly_Hunter_by_Gage_Skidmore_2.jpg
2026-07-31 18:42:58,406 | WARNING | Download failed: https://lookaside.fbsbx.com/lookaside/crawler/instagram/DUBVEzoE-lu/0/image.jpg | cannot identify image file <_io.BytesIO object at 0x7dedc08a4e00>
2026-07-31 18:43:14,589 | WARNING | Download failed: https://www.esafety.gov.au/sites/default/files/2020-04/esafety-deep-fakes.jpg | HTTPSConnectionPool(host='www.esafety.gov.au', port=443): Read timed out. (read timeout=15)
2026-07-31 18:43:15,414 | WARNING | Download failed: https://upload.wikimedia.org/wikipedia/commons/8/88/Ibrahim_Traor%C3%A9_portrait.jpg | 429 Client Error: Too many requests - please contact noc@wikimedia.org to discuss a less disruptive approach or instead use thumbnail images in sizes listed on https://w.wiki/GHai. (0c640b1) for url: https://upload.wikimedia.org/wikipedia/commons/8/88/Ibrahim_Traor%C3%A9_portrait.jpg
2026-07-31 18:43:16,842 | WARNING | Download failed: https://lookaside.fbsbx.com/lookaside/crawler/instagram/DWjXBe7jGZC/0/image.jpg | cannot identify image file <_io.BytesIO object at 0x7dedc08a8220>
2026-07-31 18:43:17,500 | WARNING | Download failed: https://lookaside.fbsbx.com/lookaside/crawler/instagram/DWO79cmEdBo/0/image.jpg | cannot identify image file <_io.BytesIO object at 0x7dedc08a8360>
2026-07-31 18:43:19,111 | WARNING | Download failed: http://media.wired.com/photos/63eae1b71b87b32b35988c5e/master/pass/Culture_Deepfake-Porn-Harm.jpg | ('Connection aborted.', ConnectionResetError(104, 'Connection reset by peer'))
2026-07-31 18:43:19,621 | WARNING | Download failed: https://documents.bcci.tv/resizedimageskirti/31_compress.png | 403 Client Error: Forbidden for url: https://documents.bcci.tv/resizedimageskirti/31_compress.png
2026-07-31 18:43:20,925 | WARNING | Download failed: https://c.ndtvimg.com/2026-02/4cedpp14_ishan-kishan-aditi-hundia-insta_625x300_18_February_26.jpeg | 403 Client Error: Forbidden for url: https://c.ndtvimg.com/2026-02/4cedpp14_ishan-kishan-aditi-hundia-insta_625x300_18_February_26.jpeg
2026-07-31 18:43:21,572 | WARNING | Download failed: https://lookaside.fbsbx.com/lookaside/crawler/threads/DV-uOUlDQ_Y/0/image.jpg | cannot identify image file <_io.BytesIO object at 0x7dedb03d2810>
2026-07-31 18:43:22,221 | WARNING | Download failed: https://lookaside.fbsbx.com/lookaside/crawler/threads/DVpzrVyCOqh/0/image.jpg | cannot identify image file <_io.BytesIO object at 0x7dedc08a8450>
2026-07-31 18:43:27,847 | WARNING | Download failed: https://upload.wikimedia.org/wikipedia/commons/6/6d/20th_Anniversary_Schwab_Foundation_Gala_Dinner_%2844887783681%29_%28cropped%29.jpg | 429 Client Error: Too many requests - please contact noc@wikimedia.org to discuss a less disruptive approach or instead use thumbnail images in sizes listed on https://w.wiki/GHai. (0c640b1) for url: https://upload.wikimedia.org/wikipedia/commons/6/6d/20th_Anniversary_Schwab_Foundation_Gala_Dinner_%2844887783681%29_%28cropped%29.jpg
2026-07-31 18:43:28,561 | WARNING | Download failed: https://lookaside.fbsbx.com/lookaside/crawler/threads/DbBuD62EZQK/0/image.jpg | cannot identify image file <_io.BytesIO object at 0x7dedc08a8220>
2026-07-31 18:43:29,299 | WARNING | Download failed: https://media.eventhubs.com/images/2020/02/21-someone-used-deepfake-add-celebrities-mortal-kombat-11-and-its-p.jpg | HTTPSConnectionPool(host='media.eventhubs.com', port=443): Max retries exceeded with url: /images/2020/02/21-someone-used-deepfake-add-celebrities-mortal-kombat-11-and-its-p.jpg (Caused by SSLError(SSLCertVerificationError(1, '[SSL: CERTIFICATE_VERIFY_FAILED] certificate verify failed: unable to get local issuer certificate (_ssl.c:1147)')))
2026-07-31 18:43:48,627 | WARNING | Download failed: https://www.jewishvoicesnj.org/wp-content/uploads/images/2022-07-13/31p1.jpg | HTTPSConnectionPool(host='www.jewishvoicesnj.org', port=443): Max retries exceeded with url: /wp-content/uploads/images/2022-07-13/31p1.jpg (Caused by ConnectTimeoutError(<urllib3.connection.HTTPSConnection object at 0x7dedc09b84f0>, 'Connection to www.jewishvoicesnj.org timed out. (connect timeout=15)'))
2026-07-31 18:43:49,247 | WARNING | Download failed: https://upload.wikimedia.org/wikipedia/commons/3/3f/James_Caan_Guillaume_Canet_Cannes_2013_cropped.jpg | 429 Client Error: Too many requests - please contact noc@wikimedia.org to discuss a less disruptive approach or instead use thumbnail images in sizes listed on https://w.wiki/GHai. (0c640b1) for url: https://upload.wikimedia.org/wikipedia/commons/3/3f/James_Caan_Guillaume_Canet_Cannes_2013_cropped.jpg
2026-07-31 18:43:55,118 | WARNING | Download failed: https://www.miataturbo.net/attachments/insert-bs-here-4/116971-ai-generated-cat-pictures-thread-jamie-lee-curtis-autograph.jpg?dateline=1404309012 | 403 Client Error: Forbidden for url: https://www.miataturbo.net/attachments/insert-bs-here-4/116971-ai-generated-cat-pictures-thread-jamie-lee-curtis-autograph.jpg?dateline=1404309012
2026-07-31 18:43:55,731 | WARNING | Download failed: https://upload.wikimedia.org/wikipedia/commons/5/5b/Jason_Biggs_-_Untitled_Home_Invasion_Romance.jpg | 429 Client Error: Too many requests - please contact noc@wikimedia.org to discuss a less disruptive approach or instead use thumbnail images in sizes listed on https://w.wiki/GHai. (0c640b1) for url: https://upload.wikimedia.org/wikipedia/commons/5/5b/Jason_Biggs_-_Untitled_Home_Invasion_Romance.jpg
2026-07-31 18:43:56,352 | WARNING | Download failed: https://upload.wikimedia.org/wikipedia/commons/thumb/a/a2/Jean_Dujardin_2016.jpg/250px-Jean_Dujardin_2016.jpg | 429 Client Error: Too Many Requests (015d12c) for url: https://upload.wikimedia.org/wikipedia/commons/thumb/a/a2/Jean_Dujardin_2016.jpg/250px-Jean_Dujardin_2016.jpg
2026-07-31 18:44:07,657 | WARNING | Download failed: https://media.cybernews.com/images/featured/2025/07/aniston-scam-deepfake.jpg | 403 Client Error: Forbidden for url: https://media.cybernews.com/images/featured/2025/07/aniston-scam-deepfake.jpg
2026-07-31 18:44:08,290 | WARNING | Download failed: https://upload.wikimedia.org/wikipedia/commons/3/3d/Jennifer_Garner_-_2024_%2854106107278%29_%28cropped%29.jpg | 429 Client Error: Too many requests - please contact noc@wikimedia.org to discuss a less disruptive approach or instead use thumbnail images in sizes listed on https://w.wiki/GHai. (0c640b1) for url: https://upload.wikimedia.org/wikipedia/commons/3/3d/Jennifer_Garner_-_2024_%2854106107278%29_%28cropped%29.jpg
2026-07-31 18:44:25,287 | WARNING | Download failed: https://i.cbc.ca/ais/cac88dcd-24d7-4eb2-9329-b0d7753983a2,1771537424460/full/max/0/default.jpg?im=Crop%2Crect%3D%280%2C0%2C3200%2C1800%29%3B | HTTPSConnectionPool(host='i.cbc.ca', port=443): Read timed out. (read timeout=15)
2026-07-31 18:44:26,699 | WARNING | Download failed: https://raindance.org/wp-content/uploads/2018/02/deepfake-3-300x216.jpg | 403 Client Error: Forbidden for url: https://raindance.org/wp-content/uploads/2018/02/deepfake-3-300x216.jpg
2026-07-31 18:44:27,345 | WARNING | Download failed: https://lookaside.fbsbx.com/lookaside/crawler/instagram/DVU9gSeDAvm/0/image.jpg | cannot identify image file <_io.BytesIO object at 0x7dedc0889950>
2026-07-31 18:44:27,971 | WARNING | Download failed: https://upload.wikimedia.org/wikipedia/commons/d/dc/Joaquin_Phoenix-64908_%28cropped%29.jpg | 429 Client Error: Too many requests - please contact noc@wikimedia.org to discuss a less disruptive approach or instead use thumbnail images in sizes listed on https://w.wiki/GHai. (0c640b1) for url: https://upload.wikimedia.org/wikipedia/commons/d/dc/Joaquin_Phoenix-64908_%28cropped%29.jpg
2026-07-31 18:44:28,583 | WARNING | Download failed: https://upload.wikimedia.org/wikipedia/commons/5/5b/Jodie_Foster_and_Rebecca_Zlotowski_at_NYFF_2025_02_%28cropped_headshot%29.jpg | 429 Client Error: Too many requests - please contact noc@wikimedia.org to discuss a less disruptive approach or instead use thumbnail images in sizes listed on https://w.wiki/GHai. (0c640b1) for url: https://upload.wikimedia.org/wikipedia/commons/5/5b/Jodie_Foster_and_Rebecca_Zlotowski_at_NYFF_2025_02_%28cropped_headshot%29.jpg
2026-07-31 18:44:29,187 | WARNING | Download failed: https://upload.wikimedia.org/wikipedia/commons/5/53/John_Cusack_Photo_Op_GalaxyCon_Raleigh_2019.jpg | 429 Client Error: Too many requests - please contact noc@wikimedia.org to discuss a less disruptive approach or instead use thumbnail images in sizes listed on https://w.wiki/GHai. (0c640b1) for url: https://upload.wikimedia.org/wikipedia/commons/5/53/John_Cusack_Photo_Op_GalaxyCon_Raleigh_2019.jpg
2026-07-31 18:44:31,524 | WARNING | Download failed: https://www.latinousa.org/wp-content/uploads/2026/04/lusa_johnleguizamo_cover_horizontal.jpg | 403 Client Error: Forbidden for url: https://www.latinousa.org/wp-content/uploads/2026/04/lusa_johnleguizamo_cover_horizontal.jpg
2026-07-31 18:44:32,140 | WARNING | Download failed: https://upload.wikimedia.org/wikipedia/commons/9/9d/John_Malkovich_KVIFF_2.jpg | 429 Client Error: Too many requests - please contact noc@wikimedia.org to discuss a less disruptive approach or instead use thumbnail images in sizes listed on https://w.wiki/GHai. (0c640b1) for url: https://upload.wikimedia.org/wikipedia/commons/9/9d/John_Malkovich_KVIFF_2.jpg
2026-07-31 18:44:34,704 | WARNING | Download failed: https://www.tandfonline.com/cms/asset/dc98be56-3e66-415e-aaf8-d0c5d8698c9a/rjvp_a_2571834_f0002_ob.jpg | 403 Client Error: Forbidden for url: https://www.tandfonline.com/cms/asset/dc98be56-3e66-415e-aaf8-d0c5d8698c9a/rjvp_a_2571834_f0002_ob.jpg
2026-07-31 18:44:35,479 | WARNING | Download failed: https://963kklz.com/uploads/2020/06/GettyImages-1182695105.jpg?format=auto&optimize=high&width=1440 | 403 Client Error: Forbidden for url: https://963kklz.com/uploads/2020/06/GettyImages-1182695105.jpg?format=auto&optimize=high&width=1440
2026-07-31 18:44:37,347 | WARNING | Download failed: https://lookaside.fbsbx.com/lookaside/crawler/threads/DSgiiYnDsVq/0/image.jpg | cannot identify image file <_io.BytesIO object at 0x7dedc09a4d60>
2026-07-31 18:44:37,965 | WARNING | Download failed: https://upload.wikimedia.org/wikipedia/commons/1/10/Josh_Brolin_TIFF_2025_%28cropped%29.jpg | 429 Client Error: Too many requests - please contact noc@wikimedia.org to discuss a less disruptive approach or instead use thumbnail images in sizes listed on https://w.wiki/GHai. (0c640b1) for url: https://upload.wikimedia.org/wikipedia/commons/1/10/Josh_Brolin_TIFF_2025_%28cropped%29.jpg
2026-07-31 18:44:38,571 | WARNING | Download failed: https://upload.wikimedia.org/wikipedia/commons/e/ec/Josh_Brolin_SDCC_2014.jpg | 429 Client Error: Too many requests - please contact noc@wikimedia.org to discuss a less disruptive approach or instead use thumbnail images in sizes listed on https://w.wiki/GHai. (0c640b1) for url: https://upload.wikimedia.org/wikipedia/commons/e/ec/Josh_Brolin_SDCC_2014.jpg
2026-07-31 18:44:39,187 | WARNING | Download failed: https://upload.wikimedia.org/wikipedia/commons/3/3e/Josh_Hutcherson_by_Gage_Skidmore_2.jpg | 429 Client Error: Too many requests - please contact noc@wikimedia.org to discuss a less disruptive approach or instead use thumbnail images in sizes listed on https://w.wiki/GHai. (0c640b1) for url: https://upload.wikimedia.org/wikipedia/commons/3/3e/Josh_Hutcherson_by_Gage_Skidmore_2.jpg
2026-07-31 18:44:39,874 | WARNING | Download failed: https://lookaside.fbsbx.com/lookaside/crawler/instagram/DVWxPbBERwQ/0/image.jpg | cannot identify image file <_io.BytesIO object at 0x7dedc09a4d60>
2026-07-31 18:44:40,361 | WARNING | Download failed: https://documents.iplt20.com/ipl/IPLHeadshot2026/647.png | 403 Client Error: Forbidden for url: https://documents.iplt20.com/ipl/IPLHeadshot2026/647.png
2026-07-31 18:44:42,903 | WARNING | Download failed: https://lookaside.fbsbx.com/lookaside/crawler/instagram/DRILQskEqlo/0/image.jpg | cannot identify image file <_io.BytesIO object at 0x7dedb03d2810>
2026-07-31 18:44:43,596 | WARNING | Download failed: https://lookaside.fbsbx.com/lookaside/crawler/instagram/DVmcUxcCldb/0/image.jpg | cannot identify image file <_io.BytesIO object at 0x7dedc09a4d60>
2026-07-31 18:44:44,291 | WARNING | Download failed: https://lookaside.fbsbx.com/lookaside/crawler/instagram/DW4EhibEqGP/0/image.jpg | cannot identify image file <_io.BytesIO object at 0x7dedc08a8220>
2026-07-31 18:45:13,014 | WARNING | Download failed: https://lookaside.fbsbx.com/lookaside/crawler/instagram/DWE0UJnjxL4/0/image.jpg | cannot identify image file <_io.BytesIO object at 0x7dedc09b7950>
2026-07-31 18:46:15,685 | WARNING | Download failed: https://upload.wikimedia.org/wikipedia/commons/1/1a/Kathy_Bates_by_Gage_Skidmore.jpg | 429 Client Error: Too many requests - please contact noc@wikimedia.org to discuss a less disruptive approach or instead use thumbnail images in sizes listed on https://w.wiki/GHai. (0c640b1) for url: https://upload.wikimedia.org/wikipedia/commons/1/1a/Kathy_Bates_by_Gage_Skidmore.jpg
2026-07-31 18:46:57,253 | WARNING | Download failed: https://upload.wikimedia.org/wikipedia/commons/b/b4/Keanu_Reeves_at_TIFF_2025_02_%28Cropped%29.jpg | 429 Client Error: Too many requests - please contact noc@wikimedia.org to discuss a less disruptive approach or instead use thumbnail images in sizes listed on https://w.wiki/GHai. (0c640b1) for url: https://upload.wikimedia.org/wikipedia/commons/b/b4/Keanu_Reeves_at_TIFF_2025_02_%28Cropped%29.jpg
2026-07-31 18:47:34,914 | WARNING | Download failed: https://www.datamagazine.it/wp-content/uploads/2023/09/Keira_Knightley_TIFF_2011.jpeg | HTTPSConnectionPool(host='www.datamagazine.it', port=443): Max retries exceeded with url: /wp-content/uploads/2023/09/Keira_Knightley_TIFF_2011.jpeg (Caused by NewConnectionError('<urllib3.connection.HTTPSConnection object at 0x7dedc09a89a0>: Failed to establish a new connection: [Errno -3] Temporary failure in name resolution'))
2026-07-31 18:48:26,857 | WARNING | Download failed: https://upload.wikimedia.org/wikipedia/commons/b/bc/Kevin_Costner_at_81st_Venice_Film_Festival_%28cropped%29.jpg | 429 Client Error: Too many requests - please contact noc@wikimedia.org to discuss a less disruptive approach or instead use thumbnail images in sizes listed on https://w.wiki/GHai. (0c640b1) for url: https://upload.wikimedia.org/wikipedia/commons/b/bc/Kevin_Costner_at_81st_Venice_Film_Festival_%28cropped%29.jpg
2026-07-31 18:49:00,392 | WARNING | Download failed: https://yi-ai.s3.eu-central-1.amazonaws.com/prod/0/2/2023/07/14-0013783-64b10c8d35b71.png | ('Connection aborted.', ConnectionResetError(104, 'Connection reset by peer'))
2026-07-31 18:49:03,336 | WARNING | Download failed: https://yi-ai.s3.eu-central-1.amazonaws.com/prod/0/2/2023/07/14-0013779-64b10c552c39f.png | ('Connection aborted.', ConnectionResetError(104, 'Connection reset by peer'))
2026-07-31 18:49:43,779 | WARNING | Download failed: https://image.ytn.co.kr/general/jpg/2025/0909/202509091624180521_t.jpg | HTTPSConnectionPool(host='image.ytn.co.kr', port=443): Max retries exceeded with url: /general/jpg/2025/0909/202509091624180521_t.jpg (Caused by NewConnectionError('<urllib3.connection.HTTPSConnection object at 0x7dedc088bac0>: Failed to establish a new connection: [Errno -3] Temporary failure in name resolution'))
2026-07-31 18:49:47,207 | WARNING | Download failed: https://upload.wikimedia.org/wikipedia/commons/5/54/Kiefer_Sutherland_%2854236404161%29.jpg | 429 Client Error: Too many requests - please contact noc@wikimedia.org to discuss a less disruptive approach or instead use thumbnail images in sizes listed on https://w.wiki/GHai. (0c640b1) for url: https://upload.wikimedia.org/wikipedia/commons/5/54/Kiefer_Sutherland_%2854236404161%29.jpg
2026-07-31 18:50:31,191 | WARNING | Download failed: https://www.researchgate.net/publication/348555031/figure/fig32/AS:1085710236950537@1635864900645/magine-Deepfake-video-with-w-Kim-Jong-Un-lipsyncing-Lennons-iconic-song-Image-Courtesy.png | 403 Client Error: Forbidden for url: https://www.researchgate.net/publication/348555031/figure/fig32/AS:1085710236950537@1635864900645/magine-Deepfake-video-with-w-Kim-Jong-Un-lipsyncing-Lennons-iconic-song-Image-Courtesy.png
2026-07-31 18:51:15,054 | WARNING | Download failed: https://upload.wikimedia.org/wikipedia/commons/3/3b/Kristen_Stewart_at_WWD_Style_Awards_2026.jpg | 429 Client Error: Too Many Requests (015d12c) for url: https://upload.wikimedia.org/wikipedia/commons/3/3b/Kristen_Stewart_at_WWD_Style_Awards_2026.jpg
2026-07-31 18:51:24,473 | WARNING | Download failed: https://lookaside.fbsbx.com/lookaside/crawler/instagram/DRaIVawjZde/0/image.jpg | cannot identify image file <_io.BytesIO object at 0x7dedc08894f0>
2026-07-31 18:51:34,790 | WARNING | Download failed: https://axs.tv/wp-content/uploads/2026/05/inthestars-1024x649.jpg | HTTPSConnectionPool(host='axs.tv', port=443): Max retries exceeded with url: /wp-content/uploads/2026/05/inthestars-1024x649.jpg (Caused by NewConnectionError('<urllib3.connection.HTTPSConnection object at 0x7dedc09a88b0>: Failed to establish a new connection: [Errno -3] Temporary failure in name resolution'))
2026-07-31 18:51:45,687 | WARNING | Download failed: https://www.alainelkanninterviews.com/wp-content/uploads/2018/01/1794-KST-600x640.jpg | 403 Client Error: Forbidden for url: https://www.alainelkanninterviews.com/wp-content/uploads/2018/01/1794-KST-600x640.jpg
2026-07-31 18:51:49,303 | INFO | ============================================================
2026-07-31 18:51:49,304 | INFO | STEP 4 RUN COMPLETE
2026-07-31 18:51:49,304 | INFO | OK (accepted)     : 97
2026-07-31 18:51:49,304 | INFO | No face           : 9
2026-07-31 18:51:49,304 | INFO | Multiple faces    : 55
2026-07-31 18:51:49,304 | INFO | Face too small    : 15
2026-07-31 18:51:49,305 | INFO | Download errors   : 156 (will retry)
2026-07-31 18:51:49,305 | INFO | Detector errors   : 1 (will retry)
2026-07-31 18:51:49,305 | INFO | ============================================================
2026-07-31 19:04:48,230 | INFO | MTCNN initialized on device: cuda
2026-07-31 19:04:48,447 | INFO | ============================================================
2026-07-31 19:04:48,447 | INFO | STEP 4 START (Face Verification)
2026-07-31 19:04:48,447 | INFO | Total candidates     : 2342
2026-07-31 19:04:48,447 | INFO | Already checked      : 2185
2026-07-31 19:04:48,447 | INFO | Remaining pending    : 157
2026-07-31 19:04:48,447 | INFO | This run             : 157
2026-07-31 19:04:48,447 | INFO | Device               : cuda
2026-07-31 19:04:48,447 | INFO | ============================================================
2026-07-31 19:04:48,883 | WARNING | Download failed: https://lookaside.fbsbx.com/lookaside/crawler/threads/DZDE9TGlp6M/0/image.jpg | cannot identify image file <_io.BytesIO object at 0x7242f4991180>
2026-07-31 19:04:49,787 | WARNING | Download failed: https://timesofindia.indiatimes.com/photo/msid-123786769/123786769.jpg?resizemode=4 | ('Connection aborted.', ConnectionResetError(104, 'Connection reset by peer'))
2026-07-31 19:04:50,619 | WARNING | Download failed: https://upload.wikimedia.org/wikipedia/commons/6/67/Alessandro_Nivola_Jay_Kelly-03.jpg | 429 Client Error: Too Many Requests (015d12c) for url: https://upload.wikimedia.org/wikipedia/commons/6/67/Alessandro_Nivola_Jay_Kelly-03.jpg
2026-07-31 19:04:51,239 | WARNING | Download failed: https://upload.wikimedia.org/wikipedia/commons/6/6e/Alessandro_Vittoria_-_Paolo_Veronese.jpg | 429 Client Error: Too Many Requests (015d12c) for url: https://upload.wikimedia.org/wikipedia/commons/6/6e/Alessandro_Vittoria_-_Paolo_Veronese.jpg
2026-07-31 19:04:52,183 | WARNING | Download failed: https://www.mdpi.com/jimaging/jimaging-08-00263/article_deploy/html/images/jimaging-08-00263-g008-550.jpg | 403 Client Error: Forbidden for url: https://www.mdpi.com/jimaging/jimaging-08-00263/article_deploy/html/images/jimaging-08-00263-g008-550.jpg
2026-07-31 19:04:52,814 | WARNING | Download failed: https://upload.wikimedia.org/wikipedia/commons/4/4a/Alexandria_Ocasio-Cortez_Official_Portrait.jpg | 429 Client Error: Too Many Requests (015d12c) for url: https://upload.wikimedia.org/wikipedia/commons/4/4a/Alexandria_Ocasio-Cortez_Official_Portrait.jpg
2026-07-31 19:04:53,362 | WARNING | Download failed: https://www.livemint.com/lm-img/img/2024/05/07/optimize/Alia_Bhatt_Deepfake_1715069582605_1715069596521.png | ('Connection aborted.', ConnectionResetError(104, 'Connection reset by peer'))
2026-07-31 19:04:54,012 | WARNING | Download failed: https://lookaside.fbsbx.com/lookaside/crawler/instagram/DQbAbycEwWc/0/image.jpg | cannot identify image file <_io.BytesIO object at 0x7242f49919a0>
2026-07-31 19:04:54,680 | WARNING | Download failed: https://lookaside.fbsbx.com/lookaside/crawler/instagram/amberheard/profile_pic.jpg | cannot identify image file <_io.BytesIO object at 0x724304faeef0>
2026-07-31 19:04:55,361 | WARNING | Download failed: https://lookaside.fbsbx.com/lookaside/crawler/instagram/DZU5Mo-y9I1/0/image.jpg | cannot identify image file <_io.BytesIO object at 0x724304fcc130>
2026-07-31 19:04:56,038 | WARNING | Download failed: https://lookaside.fbsbx.com/lookaside/crawler/threads/DEk0T1NTS2D/1/image.jpg | cannot identify image file <_io.BytesIO object at 0x7242f4991130>
2026-07-31 19:04:56,668 | WARNING | Download failed: https://upload.wikimedia.org/wikipedia/commons/a/a5/Arnold_Schwarzenegger_by_Gage_Skidmore_3.jpg | 429 Client Error: Too Many Requests (015d12c) for url: https://upload.wikimedia.org/wikipedia/commons/a/a5/Arnold_Schwarzenegger_by_Gage_Skidmore_3.jpg
2026-07-31 19:04:57,617 | WARNING | Download failed: https://www.celebritykind.com/wp-content/uploads/2024/06/shutterstock_717129223-scaled-e1717488964123-839x1024.jpg | 403 Client Error: Forbidden for url: https://www.celebritykind.com/wp-content/uploads/2024/06/shutterstock_717129223-scaled-e1717488964123-839x1024.jpg
2026-07-31 19:04:58,268 | WARNING | Download failed: https://lookaside.fbsbx.com/lookaside/crawler/instagram/DQhDvvcjF6P/0/image.jpg | cannot identify image file <_io.BytesIO object at 0x7242f49919a0>
2026-07-31 19:04:58,919 | WARNING | Download failed: https://lookaside.fbsbx.com/lookaside/crawler/instagram/DY1UvvDKflO/0/image.jpg | cannot identify image file <_io.BytesIO object at 0x724304fcc130>
2026-07-31 19:04:59,524 | WARNING | Download failed: https://upload.wikimedia.org/wikipedia/commons/7/7a/Audrey_Tautou_Berlin_2015.jpg | 429 Client Error: Too Many Requests (015d12c) for url: https://upload.wikimedia.org/wikipedia/commons/7/7a/Audrey_Tautou_Berlin_2015.jpg
2026-07-31 19:05:03,982 | WARNING | Download failed: https://www.hockeydb.com/ihdb/photos/auston-matthews-2024-38.jpg | 403 Client Error: Forbidden for url: https://www.hockeydb.com/ihdb/photos/auston-matthews-2024-38.jpg
2026-07-31 19:05:04,601 | WARNING | Download failed: https://upload.wikimedia.org/wikipedia/commons/a/ab/Benedict_Cumberbatch-67555.jpg | 429 Client Error: Too Many Requests (015d12c) for url: https://upload.wikimedia.org/wikipedia/commons/a/ab/Benedict_Cumberbatch-67555.jpg
2026-07-31 19:05:05,383 | WARNING | Download failed: https://www.usatoday.com/gcdn/authoring/authoring-images/2026/01/19/USAT/88255393007-landman-210-em-0718-01245-rt-f.jpg?crop=2999,1687,x0,y156&width=660&height=371&format=pjpg&auto=webp | 406 Client Error: Not Acceptable for url: https://www.usatoday.com/gcdn/authoring/authoring-images/2026/01/19/USAT/88255393007-landman-210-em-0718-01245-rt-f.jpg?crop=2999,1687,x0,y156&width=660&height=371&format=pjpg&auto=webp
2026-07-31 19:05:10,869 | ERROR | Detector failed: http://www.smh.com.au/content/dam/images/4/9/o/r/9/image.imgtype.videoThumbnail.729x410.png/1453967434294.jpg | torch.cat(): expected a non-empty list of Tensors
Traceback (most recent call last):
  File "/home/amna/Real-vs-Fake/Scripts/04_face_check.py", line 275, in main
    status, face_count, box, area_ratio, detail = evaluate_faces(img)
  File "/home/amna/Real-vs-Fake/Scripts/04_face_check.py", line 199, in evaluate_faces
    boxes, probs = DETECTOR.detect(img)
  File "/home/amna/miniconda3/envs/deepfake/lib/python3.9/site-packages/facenet_pytorch/models/mtcnn.py", line 313, in detect
    batch_boxes, batch_points = detect_face(
  File "/home/amna/miniconda3/envs/deepfake/lib/python3.9/site-packages/facenet_pytorch/models/utils/detect_face.py", line 83, in detect_face
    boxes = torch.cat(boxes, dim=0)
RuntimeError: torch.cat(): expected a non-empty list of Tensors
2026-07-31 19:05:11,504 | WARNING | Download failed: https://upload.wikimedia.org/wikipedia/commons/thumb/0/03/Bruce_Willis_by_Gage_Skidmore.jpg/960px-Bruce_Willis_by_Gage_Skidmore.jpg | 429 Client Error: Too Many Requests (015d12c) for url: https://upload.wikimedia.org/wikipedia/commons/thumb/0/03/Bruce_Willis_by_Gage_Skidmore.jpg/960px-Bruce_Willis_by_Gage_Skidmore.jpg
2026-07-31 19:05:13,039 | WARNING | Download failed: https://www.koimoi.com/wp-content/new-galleries/2023/03/the-avengers-90s-edition-ai-generated-is-impressed-from-tom-cruise-as-iron-man-to-bruce-willis-will-smith-more-heresheres-who-all-made-the-cast-001.jpg | 403 Client Error: Forbidden for url: https://www.koimoi.com/wp-content/new-galleries/2023/03/the-avengers-90s-edition-ai-generated-is-impressed-from-tom-cruise-as-iron-man-to-bruce-willis-will-smith-more-heresheres-who-all-made-the-cast-001.jpg
2026-07-31 19:05:13,670 | WARNING | Download failed: https://upload.wikimedia.org/wikipedia/commons/e/e5/Caitlin_Clark_2025_2_%28cropped%29.jpg | 429 Client Error: Too Many Requests (015d12c) for url: https://upload.wikimedia.org/wikipedia/commons/e/e5/Caitlin_Clark_2025_2_%28cropped%29.jpg
2026-07-31 19:05:14,372 | WARNING | Download failed: https://lookaside.fbsbx.com/lookaside/crawler/threads/DY0PjBWEiLD/0/image.jpg | cannot identify image file <_io.BytesIO object at 0x7242f49e5220>
2026-07-31 19:05:14,978 | WARNING | Download failed: https://upload.wikimedia.org/wikipedia/commons/9/99/Cameron_Diaz_at_WWD_Style_Awards_2026-1998.jpg | 429 Client Error: Too Many Requests (015d12c) for url: https://upload.wikimedia.org/wikipedia/commons/9/99/Cameron_Diaz_at_WWD_Style_Awards_2026-1998.jpg
2026-07-31 19:05:15,598 | WARNING | Download failed: https://adultdeepfakes.com/contents/videos_screenshots/2000/2263/preview.mp4.jpg | ('Connection aborted.', ConnectionResetError(104, 'Connection reset by peer'))
2026-07-31 19:05:16,208 | WARNING | Download failed: https://adultdeepfakes.com/contents/videos_screenshots/40000/40786/preview.mp4.jpg | ('Connection aborted.', ConnectionResetError(104, 'Connection reset by peer'))
2026-07-31 19:05:16,752 | WARNING | Download failed: https://www.alrincon.com/imagenesblog2/varios/camerondiazdeepfake.jpg | ('Connection aborted.', ConnectionResetError(104, 'Connection reset by peer'))
2026-07-31 19:05:17,398 | WARNING | Download failed: https://lookaside.fbsbx.com/lookaside/crawler/instagram/DYI6gmARFpE/0/image.jpg | cannot identify image file <_io.BytesIO object at 0x724304eb1ef0>
2026-07-31 19:05:17,997 | WARNING | Download failed: https://upload.wikimedia.org/wikipedia/commons/b/b4/Cameron_Green_fielding_Boxing_Day_2022_%28cropped%29.jpg | 429 Client Error: Too Many Requests (015d12c) for url: https://upload.wikimedia.org/wikipedia/commons/b/b4/Cameron_Green_fielding_Boxing_Day_2022_%28cropped%29.jpg
2026-07-31 19:05:18,542 | WARNING | Download failed: https://documents.iplt20.com/ipl/IPLHeadshot2026/550.png | 403 Client Error: Forbidden for url: https://documents.iplt20.com/ipl/IPLHeadshot2026/550.png
2026-07-31 19:05:19,175 | WARNING | Download failed: https://upload.wikimedia.org/wikipedia/commons/5/57/2025-05-10_15-19-29_ILCE-7C_DSC13060_Kiri.jpg | 429 Client Error: Your request does not comply with our robot policy, https://w.wiki/4wJS. Please contact noc@wikimedia.org for further information (0fa5166) for url: https://upload.wikimedia.org/wikipedia/commons/5/57/2025-05-10_15-19-29_ILCE-7C_DSC13060_Kiri.jpg
2026-07-31 19:05:19,808 | WARNING | Download failed: https://upload.wikimedia.org/wikipedia/commons/7/77/Chloe_Kim_PCSFN_Headshot_2023.jpg | 429 Client Error: Too many requests - please contact noc@wikimedia.org to discuss a less disruptive approach or instead use thumbnail images in sizes listed on https://w.wiki/GHai. (0c640b1) for url: https://upload.wikimedia.org/wikipedia/commons/7/77/Chloe_Kim_PCSFN_Headshot_2023.jpg
2026-07-31 19:05:20,449 | WARNING | Download failed: https://upload.wikimedia.org/wikipedia/commons/7/73/Chris_Tucker_by_Gage_Skidmore.jpg | 429 Client Error: Too many requests - please contact noc@wikimedia.org to discuss a less disruptive approach or instead use thumbnail images in sizes listed on https://w.wiki/GHai. (0c640b1) for url: https://upload.wikimedia.org/wikipedia/commons/7/73/Chris_Tucker_by_Gage_Skidmore.jpg
2026-07-31 19:05:21,090 | WARNING | Download failed: https://upload.wikimedia.org/wikipedia/commons/thumb/b/be/Chris_Tucker_1996.jpg/250px-Chris_Tucker_1996.jpg | 429 Client Error: Your request does not comply with our robot policy, https://w.wiki/4wJS. Please contact noc@wikimedia.org for further information (0fa5166) for url: https://upload.wikimedia.org/wikipedia/commons/thumb/b/be/Chris_Tucker_1996.jpg/250px-Chris_Tucker_1996.jpg
2026-07-31 19:05:21,727 | WARNING | Download failed: https://upload.wikimedia.org/wikipedia/commons/0/0a/Christian_Bale-7837.jpg | 429 Client Error: Too many requests - please contact noc@wikimedia.org to discuss a less disruptive approach or instead use thumbnail images in sizes listed on https://w.wiki/GHai. (0c640b1) for url: https://upload.wikimedia.org/wikipedia/commons/0/0a/Christian_Bale-7837.jpg
2026-07-31 19:05:37,263 | WARNING | Download failed: https://www.ecranlarge.com/content/uploads/2019/08/tom-cruise-photo-deepfake-american-psycho-1094097.png | HTTPSConnectionPool(host='www.ecranlarge.com', port=443): Max retries exceeded with url: /content/uploads/2019/08/tom-cruise-photo-deepfake-american-psycho-1094097.png (Caused by ConnectTimeoutError(<urllib3.connection.HTTPSConnection object at 0x724304e96460>, 'Connection to www.ecranlarge.com timed out. (connect timeout=15)'))
2026-07-31 19:05:37,889 | WARNING | Download failed: https://upload.wikimedia.org/wikipedia/commons/f/fd/Christian_Clavier_Cannes_2013.jpg | 429 Client Error: Too many requests - please contact noc@wikimedia.org to discuss a less disruptive approach or instead use thumbnail images in sizes listed on https://w.wiki/GHai. (0c640b1) for url: https://upload.wikimedia.org/wikipedia/commons/f/fd/Christian_Clavier_Cannes_2013.jpg
2026-07-31 19:05:38,574 | WARNING | Download failed: https://lookaside.fbsbx.com/lookaside/crawler/threads/DHuogAmsBRm/0/image.jpg | cannot identify image file <_io.BytesIO object at 0x724304fb53b0>
2026-07-31 19:05:39,631 | WARNING | Download failed: https://c.ndtvimg.com/2021-03/fba3qug_tom-cruise-deepfake-video_625x300_04_March_21.jpg | 403 Client Error: Forbidden for url: https://c.ndtvimg.com/2021-03/fba3qug_tom-cruise-deepfake-video_625x300_04_March_21.jpg
2026-07-31 19:05:40,978 | WARNING | Download failed: http://ghostbustersnews.com/wp-content/uploads/2023/04/arnold_ghostbusters_deepfake.jpg | 403 Client Error: Forbidden for url: http://ghostbustersnews.com/wp-content/uploads/2023/04/arnold_ghostbusters_deepfake.jpg
2026-07-31 19:05:41,610 | WARNING | Download failed: https://upload.wikimedia.org/wikipedia/commons/4/43/David_Arquette_Alpha1_2019_%28cropped%29.jpg | 429 Client Error: Too many requests - please contact noc@wikimedia.org to discuss a less disruptive approach or instead use thumbnail images in sizes listed on https://w.wiki/GHai. (0c640b1) for url: https://upload.wikimedia.org/wikipedia/commons/4/43/David_Arquette_Alpha1_2019_%28cropped%29.jpg
2026-07-31 19:05:42,091 | WARNING | Download failed: https://documents.iplt20.com/ipl/IPLHeadshot2026/128.png | 403 Client Error: Forbidden for url: https://documents.iplt20.com/ipl/IPLHeadshot2026/128.png
2026-07-31 19:05:43,859 | WARNING | Download failed: https://davidmiller.ai/wp-content/uploads/2024/08/teentempo_imagine_in_the_style_of_brooke_shaden_oil_painting__a0838d8c-ee64-428e-a4ac-a3e3a78f6bf3_3.png | 403 Client Error: Forbidden for url: https://davidmiller.ai/wp-content/uploads/2024/08/teentempo_imagine_in_the_style_of_brooke_shaden_oil_painting__a0838d8c-ee64-428e-a4ac-a3e3a78f6bf3_3.png
2026-07-31 19:05:44,649 | WARNING | Download failed: https://missouriindependent.com/wp-content/uploads/2026/02/IMG_3609-1536x922.jpeg | 403 Client Error: Forbidden for url: https://missouriindependent.com/wp-content/uploads/2026/02/IMG_3609-1536x922.jpeg
2026-07-31 19:05:45,701 | WARNING | Download failed: https://davidmiller.ai/wp-content/uploads/2024/08/room2-1.jpg | 403 Client Error: Forbidden for url: https://davidmiller.ai/wp-content/uploads/2024/08/room2-1.jpg
2026-07-31 19:05:46,414 | WARNING | Download failed: https://lookaside.fbsbx.com/lookaside/crawler/threads/DDxVOmRvCz6/0/image.jpg | cannot identify image file <_io.BytesIO object at 0x724304faeef0>
2026-07-31 19:05:47,079 | WARNING | Download failed: https://lookaside.fbsbx.com/lookaside/crawler/instagram/CHv0LyvHM3B/0/image.jpg | cannot identify image file <_io.BytesIO object at 0x72439a5ef220>
2026-07-31 19:05:47,757 | WARNING | Download failed: https://lookaside.fbsbx.com/lookaside/crawler/instagram/DXhnF1xjcQW/0/image.jpg | cannot identify image file <_io.BytesIO object at 0x7242f49e5220>
2026-07-31 19:05:48,513 | WARNING | Download failed: https://lookaside.fbsbx.com/lookaside/crawler/instagram/CeGwyCeLI8l/0/image.jpg | cannot identify image file <_io.BytesIO object at 0x72439a5ef220>
2026-07-31 19:05:49,231 | WARNING | Download failed: https://lookaside.fbsbx.com/lookaside/crawler/instagram/DXmsI2gked4/0/image.jpg | cannot identify image file <_io.BytesIO object at 0x7242f49e5220>
2026-07-31 19:05:49,918 | WARNING | Download failed: https://lookaside.fbsbx.com/lookaside/crawler/instagram/C11m2cIIzTa/0/image.jpg | cannot identify image file <_io.BytesIO object at 0x72439a5ef220>
2026-07-31 19:05:50,551 | WARNING | Download failed: https://upload.wikimedia.org/wikipedia/commons/thumb/0/0a/Derrick_Henry_OCT2022_%28cropped%29.jpg/960px-Derrick_Henry_OCT2022_%28cropped%29.jpg | 429 Client Error: Too Many Requests (015d12c) for url: https://upload.wikimedia.org/wikipedia/commons/thumb/0/0a/Derrick_Henry_OCT2022_%28cropped%29.jpg/960px-Derrick_Henry_OCT2022_%28cropped%29.jpg
2026-07-31 19:05:50,980 | WARNING | Download failed: https://documents.iplt20.com/ipl/IPLHeadshot2025/601.png | 403 Client Error: Forbidden for url: https://documents.iplt20.com/ipl/IPLHeadshot2025/601.png
2026-07-31 19:05:51,597 | WARNING | Download failed: https://upload.wikimedia.org/wikipedia/commons/c/cd/Dustin_Hoffman_02.jpg | 429 Client Error: Too many requests - please contact noc@wikimedia.org to discuss a less disruptive approach or instead use thumbnail images in sizes listed on https://w.wiki/GHai. (0c640b1) for url: https://upload.wikimedia.org/wikipedia/commons/c/cd/Dustin_Hoffman_02.jpg
2026-07-31 19:05:52,227 | WARNING | Download failed: https://upload.wikimedia.org/wikipedia/commons/7/7e/Dwayne_Johnson-1764_%284x5_cropped_with_moderate_headroom%29.jpg | 429 Client Error: Too many requests - please contact noc@wikimedia.org to discuss a less disruptive approach or instead use thumbnail images in sizes listed on https://w.wiki/GHai. (0c640b1) for url: https://upload.wikimedia.org/wikipedia/commons/7/7e/Dwayne_Johnson-1764_%284x5_cropped_with_moderate_headroom%29.jpg
2026-07-31 19:05:52,862 | WARNING | Download failed: https://upload.wikimedia.org/wikipedia/commons/4/48/2025_Dylan_O%27Brien_%28cropped%29.jpg | 429 Client Error: Too many requests - please contact noc@wikimedia.org to discuss a less disruptive approach or instead use thumbnail images in sizes listed on https://w.wiki/GHai. (0c640b1) for url: https://upload.wikimedia.org/wikipedia/commons/4/48/2025_Dylan_O%27Brien_%28cropped%29.jpg
2026-07-31 19:05:53,479 | WARNING | Download failed: https://upload.wikimedia.org/wikipedia/commons/a/a1/Actress_Malin_Akerman_Visits_TODAY_Show_%2850026255087%29_%28cropped2%29.jpg | 429 Client Error: Too many requests - please contact noc@wikimedia.org to discuss a less disruptive approach or instead use thumbnail images in sizes listed on https://w.wiki/GHai. (0c640b1) for url: https://upload.wikimedia.org/wikipedia/commons/a/a1/Actress_Malin_Akerman_Visits_TODAY_Show_%2850026255087%29_%28cropped2%29.jpg
2026-07-31 19:05:54,148 | WARNING | Download failed: https://lookaside.fbsbx.com/lookaside/crawler/instagram/dylandreyernbc/profile_pic.jpg | cannot identify image file <_io.BytesIO object at 0x7242f49e5220>
2026-07-31 19:05:55,035 | WARNING | Download failed: https://tandem.app/files/can-you-spot-a-deepfake-social-image.png | 404 Client Error: Not Found for url: https://tandem.app/files/can-you-spot-a-deepfake-social-image.png
2026-07-31 19:06:01,613 | WARNING | Download failed: https://internationalbanker.com/wp-content/uploads/2021/02/Deepfake-Technology.png | 403 Client Error: Forbidden for url: https://internationalbanker.com/wp-content/uploads/2021/02/Deepfake-Technology.png
2026-07-31 19:06:02,241 | WARNING | Download failed: https://upload.wikimedia.org/wikipedia/commons/5/5f/2017%E2%80%9318_W_Ashes_A_v_E_Test_17-11-09_Perry_portrait_%2802%29.jpg | 429 Client Error: Too many requests - please contact noc@wikimedia.org to discuss a less disruptive approach or instead use thumbnail images in sizes listed on https://w.wiki/GHai. (0c640b1) for url: https://upload.wikimedia.org/wikipedia/commons/5/5f/2017%E2%80%9318_W_Ashes_A_v_E_Test_17-11-09_Perry_portrait_%2802%29.jpg
2026-07-31 19:06:02,903 | WARNING | Download failed: https://lookaside.fbsbx.com/lookaside/crawler/threads/DbGPhw6iWnn/0/image.jpg | cannot identify image file <_io.BytesIO object at 0x72439a5ef220>
2026-07-31 19:06:03,579 | WARNING | Download failed: https://lookaside.fbsbx.com/lookaside/crawler/threads/DTVdvkxElHA/0/image.jpg | cannot identify image file <_io.BytesIO object at 0x7242f49e5220>
2026-07-31 19:06:04,212 | WARNING | Download failed: https://upload.wikimedia.org/wikipedia/commons/5/5e/Elon_Musk_-_54820081119_%28cropped%29.jpg | 429 Client Error: Too many requests - please contact noc@wikimedia.org to discuss a less disruptive approach or instead use thumbnail images in sizes listed on https://w.wiki/GHai. (0c640b1) for url: https://upload.wikimedia.org/wikipedia/commons/5/5e/Elon_Musk_-_54820081119_%28cropped%29.jpg
2026-07-31 19:06:08,819 | WARNING | Download failed: https://web-cdnprod.aa.com.tr/uploads/Contents/2024/10/22/thumbs_b_c_95fae517eb48db7745a60a3b929d78e0.jpg?v=170617 | 403 Client Error: Forbidden for url: https://web-cdnprod.aa.com.tr/uploads/Contents/2024/10/22/thumbs_b_c_95fae517eb48db7745a60a3b929d78e0.jpg?v=170617
2026-07-31 19:06:13,738 | WARNING | Download failed: https://imagerenderer.com/images/rendered/default/print/7.5/10/break/images/artworkimages/medium/3/elon-musks-fight-for-the-future-of-ai-nigel-buchanan.jpg | broken data stream when reading image file
2026-07-31 19:06:14,352 | WARNING | Download failed: https://upload.wikimedia.org/wikipedia/commons/a/a1/Emma_Roberts_After_The_Hunt-06_%28cropped%29.jpg | 429 Client Error: Too many requests - please contact noc@wikimedia.org to discuss a less disruptive approach or instead use thumbnail images in sizes listed on https://w.wiki/GHai. (0c640b1) for url: https://upload.wikimedia.org/wikipedia/commons/a/a1/Emma_Roberts_After_The_Hunt-06_%28cropped%29.jpg
2026-07-31 19:06:19,739 | WARNING | Download failed: https://www.innovationaus.com/wp-content/uploads/2025/03/Deepfake_AI_shutterstock_800x600.jpg | 403 Client Error: Forbidden for url: https://www.innovationaus.com/wp-content/uploads/2025/03/Deepfake_AI_shutterstock_800x600.jpg
2026-07-31 19:06:20,344 | WARNING | Download failed: https://upload.wikimedia.org/wikipedia/commons/7/78/MKr385780_Emma_Mackey_%28Alpha%2C_Cannes_2025%29.jpg | 429 Client Error: Too many requests - please contact noc@wikimedia.org to discuss a less disruptive approach or instead use thumbnail images in sizes listed on https://w.wiki/GHai. (0c640b1) for url: https://upload.wikimedia.org/wikipedia/commons/7/78/MKr385780_Emma_Mackey_%28Alpha%2C_Cannes_2025%29.jpg
2026-07-31 19:06:37,179 | WARNING | Download failed: https://www.mcafee.com/blogs/wp-content/uploads/2025/11/Celeb-Hacker-Hotlist.png | HTTPSConnectionPool(host='www.mcafee.com', port=443): Read timed out. (read timeout=15)
2026-07-31 19:06:52,784 | WARNING | Download failed: https://www.mcafee.com/blogs/wp-content/uploads/2025/11/1.-USA-CELEBS.png | HTTPSConnectionPool(host='www.mcafee.com', port=443): Read timed out. (read timeout=15)
2026-07-31 19:06:53,629 | WARNING | Download failed: https://timesofindia.indiatimes.com/photo/msid-105009444/105009444.jpg?resizemode=4 | ('Connection aborted.', ConnectionResetError(104, 'Connection reset by peer'))
2026-07-31 19:06:54,157 | WARNING | Download failed: https://www.koimoi.com/wp-content/new-galleries/2023/07/fawad-khan-reimagined-as-hunky-batman-by-an-ai-artist-but-gets-trolled-massively-online-netizens-react-check-out-001.jpg | 403 Client Error: Forbidden for url: https://www.koimoi.com/wp-content/new-galleries/2023/07/fawad-khan-reimagined-as-hunky-batman-by-an-ai-artist-but-gets-trolled-massively-online-netizens-react-check-out-001.jpg
2026-07-31 19:06:55,938 | WARNING | Download failed: https://c.ndtvimg.com/2024-04/072utg7g_aamir-khan-deepfake-fake-label_625x300_17_April_24.jpg | 403 Client Error: Forbidden for url: https://c.ndtvimg.com/2024-04/072utg7g_aamir-khan-deepfake-fake-label_625x300_17_April_24.jpg
2026-07-31 19:06:56,543 | WARNING | Download failed: https://upload.wikimedia.org/wikipedia/commons/1/14/FrancoisCluzet-StudioHarcourt-1987.png?utm_source=www.wikidata.org&utm_campaign=index&utm_content=thumbnail_unscaled | 429 Client Error: Too many requests - please contact noc@wikimedia.org to discuss a less disruptive approach or instead use thumbnail images in sizes listed on https://w.wiki/GHai. (0c640b1) for url: https://upload.wikimedia.org/wikipedia/commons/1/14/FrancoisCluzet-StudioHarcourt-1987.png?utm_source=www.wikidata.org&utm_campaign=index&utm_content=thumbnail_unscaled
2026-07-31 19:06:57,171 | WARNING | Download failed: https://upload.wikimedia.org/wikipedia/commons/b/b4/Retrato_Oficial_Presidente_Boric_Font.jpg | 429 Client Error: Too many requests - please contact noc@wikimedia.org to discuss a less disruptive approach or instead use thumbnail images in sizes listed on https://w.wiki/GHai. (0c640b1) for url: https://upload.wikimedia.org/wikipedia/commons/b/b4/Retrato_Oficial_Presidente_Boric_Font.jpg
2026-07-31 19:06:58,176 | WARNING | Download failed: https://cdn.newser.com/square-image/392026-20260701052759/ai-generated-voice-of-gene-wilder-featured-in-wonka-series.jpeg | 403 Client Error: Forbidden for url: https://cdn.newser.com/square-image/392026-20260701052759/ai-generated-voice-of-gene-wilder-featured-in-wonka-series.jpeg
2026-07-31 19:06:58,804 | WARNING | Download failed: https://upload.wikimedia.org/wikipedia/commons/0/07/George_C._Scott_-_publicity.JPG | 429 Client Error: Too many requests - please contact noc@wikimedia.org to discuss a less disruptive approach or instead use thumbnail images in sizes listed on https://w.wiki/GHai. (0c640b1) for url: https://upload.wikimedia.org/wikipedia/commons/0/07/George_C._Scott_-_publicity.JPG
2026-07-31 19:07:03,498 | WARNING | Download failed: https://www.creativindie.com/wp-content/uploads/2023/02/tesocraderek_Abstract_Art_Vibrant_colors_Geometric_shapes_Abstr_75ce4982-61b5-4625-81d7-05b2c71445ec.jpg | 403 Client Error: Forbidden for url: https://www.creativindie.com/wp-content/uploads/2023/02/tesocraderek_Abstract_Art_Vibrant_colors_Geometric_shapes_Abstr_75ce4982-61b5-4625-81d7-05b2c71445ec.jpg
2026-07-31 19:07:04,571 | WARNING | Download failed: https://www.newsmobile.in/wp-content/uploads/2025/02/Screenshot-2025-02-20-182138.png | cannot identify image file <_io.BytesIO object at 0x724304fb57c0>
2026-07-31 19:07:05,566 | WARNING | Download failed: https://www.newsmobile.in/wp-content/uploads/2025/02/476788826_122160398048302902_5422970338347386911_n.jpg | cannot identify image file <_io.BytesIO object at 0x724304eb1720>
2026-07-31 19:07:06,269 | WARNING | Download failed: https://www.innovationaus.com/wp-content/uploads/2021/03/Joseph_Brookes_authorhead2023.jpg | 403 Client Error: Forbidden for url: https://www.innovationaus.com/wp-content/uploads/2021/03/Joseph_Brookes_authorhead2023.jpg
2026-07-31 19:07:07,197 | WARNING | Download failed: https://www.newsmobile.in/wp-content/uploads/2025/02/Zinta_Mazwell_FC.jpg | cannot identify image file <_io.BytesIO object at 0x724304fb57c0>
2026-07-31 19:07:09,014 | WARNING | Download failed: https://lookaside.fbsbx.com/lookaside/crawler/threads/DKOdX3XsCeV/0/image.jpg | cannot identify image file <_io.BytesIO object at 0x724304fb5810>
2026-07-31 19:07:09,648 | WARNING | Download failed: https://upload.wikimedia.org/wikipedia/commons/8/88/Crew_members_of_the_movie_%22Genius%22_at_the_Berlinale_party_%2825036107966%29_%28cropped%29.jpg | 429 Client Error: Too many requests - please contact noc@wikimedia.org to discuss a less disruptive approach or instead use thumbnail images in sizes listed on https://w.wiki/GHai. (0c640b1) for url: https://upload.wikimedia.org/wikipedia/commons/8/88/Crew_members_of_the_movie_%22Genius%22_at_the_Berlinale_party_%2825036107966%29_%28cropped%29.jpg
2026-07-31 19:07:10,281 | WARNING | Download failed: https://upload.wikimedia.org/wikipedia/commons/0/0c/Hadiqa_Kiani_Pakistani_Singer.jpg | 429 Client Error: Too many requests - please contact noc@wikimedia.org to discuss a less disruptive approach or instead use thumbnail images in sizes listed on https://w.wiki/GHai. (0c640b1) for url: https://upload.wikimedia.org/wikipedia/commons/0/0c/Hadiqa_Kiani_Pakistani_Singer.jpg
2026-07-31 19:07:10,927 | WARNING | Download failed: https://lookaside.fbsbx.com/lookaside/crawler/instagram/hadiqakianiofficial/profile_pic.jpg | cannot identify image file <_io.BytesIO object at 0x724304eb1720>
2026-07-31 19:07:11,524 | WARNING | Download failed: https://upload.wikimedia.org/wikipedia/commons/a/aa/Halle_Berry-1910.jpg | 429 Client Error: Too many requests - please contact noc@wikimedia.org to discuss a less disruptive approach or instead use thumbnail images in sizes listed on https://w.wiki/GHai. (0c640b1) for url: https://upload.wikimedia.org/wikipedia/commons/a/aa/Halle_Berry-1910.jpg
2026-07-31 19:07:12,336 | WARNING | Download failed: https://media.eventhubs.com/images/2020/02/24-more-deepfakes-mortal-kombat-11-see-christopher-lambert-gal-gadot.jpg | HTTPSConnectionPool(host='media.eventhubs.com', port=443): Max retries exceeded with url: /images/2020/02/24-more-deepfakes-mortal-kombat-11-see-christopher-lambert-gal-gadot.jpg (Caused by SSLError(SSLCertVerificationError(1, '[SSL: CERTIFICATE_VERIFY_FAILED] certificate verify failed: unable to get local issuer certificate (_ssl.c:1147)')))
2026-07-31 19:07:13,105 | WARNING | Download failed: https://cdn.lumenor.ai/lumenor/lumenor.jpg | 403 Client Error: Forbidden for url: https://cdn.lumenor.ai/lumenor/lumenor.jpg
2026-07-31 19:07:13,785 | WARNING | Download failed: https://lookaside.fbsbx.com/lookaside/crawler/instagram/DU2-x0Vl7rx/0/image.jpg | cannot identify image file <_io.BytesIO object at 0x724304fb5810>
2026-07-31 19:07:14,762 | WARNING | Download failed: https://www.globalvillagespace.com/wp-content/uploads/2025/05/1472-hania-aamirs-indian-fans-send-her-this-unique-gift-amid-india-pakistan-tensions-post-pahalgam-attack.jpg | ('Connection aborted.', ConnectionResetError(104, 'Connection reset by peer'))
2026-07-31 19:07:15,394 | WARNING | Download failed: https://documents.bcci.tv/resizedimageskirti/2740_compress.png | 403 Client Error: Forbidden for url: https://documents.bcci.tv/resizedimageskirti/2740_compress.png
2026-07-31 19:07:16,277 | WARNING | Download failed: https://www.newsmobile.in/wp-content/uploads/2025/03/Screenshot-2025-03-18-180246.png | cannot identify image file <_io.BytesIO object at 0x724304eb1270>
2026-07-31 19:07:17,461 | WARNING | Download failed: https://www.newsmobile.in/wp-content/uploads/2025/03/Screenshot-2025-03-31-212759.png | cannot identify image file <_io.BytesIO object at 0x724304eb1270>
2026-07-31 19:07:18,390 | WARNING | Download failed: https://www.newsmobile.in/wp-content/uploads/2024/12/Screenshot-2024-12-31-182414.png | cannot identify image file <_io.BytesIO object at 0x724304fb5810>
2026-07-31 19:07:19,182 | WARNING | Download failed: https://www.vishvasnews.com/wp-content/uploads/2024/12/vishvasnews-1-2024-12-30T165530.093-1.jpg | ('Connection aborted.', ConnectionResetError(104, 'Connection reset by peer'))
2026-07-31 19:07:20,188 | WARNING | Download failed: https://www.newsmobile.in/wp-content/uploads/2025/04/Screenshot-2025-04-09-135737.png | cannot identify image file <_io.BytesIO object at 0x7242f49e5220>
2026-07-31 19:07:36,277 | WARNING | Download failed: https://img.fcbayern.com/image/upload/f_auto/q_auto/ar_1:1,c_fill,g_custom,w_768/v1785247532/cms/public/images/fcbayern-com/players/spielerportraits/ganzkoerper/harry-kane.png | HTTPSConnectionPool(host='img.fcbayern.com', port=443): Read timed out. (read timeout=15)
2026-07-31 19:07:36,895 | WARNING | Download failed: https://upload.wikimedia.org/wikipedia/commons/2/23/MerchantIvoryCurzMayfair201124_%2816_of_28%29_%2854154554145%29_%28cropped%29.jpg | 429 Client Error: Too many requests - please contact noc@wikimedia.org to discuss a less disruptive approach or instead use thumbnail images in sizes listed on https://w.wiki/GHai. (0c640b1) for url: https://upload.wikimedia.org/wikipedia/commons/2/23/MerchantIvoryCurzMayfair201124_%2816_of_28%29_%2854154554145%29_%28cropped%29.jpg
2026-07-31 19:07:37,581 | WARNING | Download failed: https://lookaside.fbsbx.com/lookaside/crawler/instagram/DU7NSlRjZPI/0/image.jpg | cannot identify image file <_io.BytesIO object at 0x724304fb5e50>
2026-07-31 19:07:38,275 | WARNING | Download failed: https://lookaside.fbsbx.com/lookaside/crawler/instagram/DUH9EwHEdw_/0/image.jpg | cannot identify image file <_io.BytesIO object at 0x724304fb5180>
2026-07-31 19:07:38,910 | WARNING | Download failed: https://upload.wikimedia.org/wikipedia/commons/a/ab/Holly_Hunter_by_Gage_Skidmore_2.jpg | 429 Client Error: Too many requests - please contact noc@wikimedia.org to discuss a less disruptive approach or instead use thumbnail images in sizes listed on https://w.wiki/GHai. (0c640b1) for url: https://upload.wikimedia.org/wikipedia/commons/a/ab/Holly_Hunter_by_Gage_Skidmore_2.jpg
2026-07-31 19:07:39,606 | WARNING | Download failed: https://lookaside.fbsbx.com/lookaside/crawler/instagram/DUBVEzoE-lu/0/image.jpg | cannot identify image file <_io.BytesIO object at 0x724304fb54a0>
2026-07-31 19:07:56,610 | WARNING | Download failed: https://www.esafety.gov.au/sites/default/files/2020-04/esafety-deep-fakes.jpg | HTTPSConnectionPool(host='www.esafety.gov.au', port=443): Read timed out. (read timeout=15)
2026-07-31 19:07:57,357 | WARNING | Download failed: https://upload.wikimedia.org/wikipedia/commons/8/88/Ibrahim_Traor%C3%A9_portrait.jpg | 429 Client Error: Too many requests - please contact noc@wikimedia.org to discuss a less disruptive approach or instead use thumbnail images in sizes listed on https://w.wiki/GHai. (0c640b1) for url: https://upload.wikimedia.org/wikipedia/commons/8/88/Ibrahim_Traor%C3%A9_portrait.jpg
2026-07-31 19:07:58,031 | WARNING | Download failed: https://lookaside.fbsbx.com/lookaside/crawler/instagram/DWjXBe7jGZC/0/image.jpg | cannot identify image file <_io.BytesIO object at 0x724304fb59a0>
2026-07-31 19:07:58,704 | WARNING | Download failed: https://lookaside.fbsbx.com/lookaside/crawler/instagram/DWO79cmEdBo/0/image.jpg | cannot identify image file <_io.BytesIO object at 0x72439a5ef220>
2026-07-31 19:07:59,354 | WARNING | Download failed: http://media.wired.com/photos/63eae1b71b87b32b35988c5e/master/pass/Culture_Deepfake-Porn-Harm.jpg | ('Connection aborted.', ConnectionResetError(104, 'Connection reset by peer'))
2026-07-31 19:07:59,797 | WARNING | Download failed: https://documents.bcci.tv/resizedimageskirti/31_compress.png | 403 Client Error: Forbidden for url: https://documents.bcci.tv/resizedimageskirti/31_compress.png
2026-07-31 19:08:00,612 | WARNING | Download failed: https://c.ndtvimg.com/2026-02/4cedpp14_ishan-kishan-aditi-hundia-insta_625x300_18_February_26.jpeg | 403 Client Error: Forbidden for url: https://c.ndtvimg.com/2026-02/4cedpp14_ishan-kishan-aditi-hundia-insta_625x300_18_February_26.jpeg
2026-07-31 19:08:01,271 | WARNING | Download failed: https://lookaside.fbsbx.com/lookaside/crawler/threads/DV-uOUlDQ_Y/0/image.jpg | cannot identify image file <_io.BytesIO object at 0x72439a5ef220>
2026-07-31 19:08:02,254 | WARNING | Download failed: https://lookaside.fbsbx.com/lookaside/crawler/threads/DVpzrVyCOqh/0/image.jpg | cannot identify image file <_io.BytesIO object at 0x724304fb5180>
2026-07-31 19:08:02,853 | WARNING | Download failed: https://upload.wikimedia.org/wikipedia/commons/6/6d/20th_Anniversary_Schwab_Foundation_Gala_Dinner_%2844887783681%29_%28cropped%29.jpg | 429 Client Error: Too many requests - please contact noc@wikimedia.org to discuss a less disruptive approach or instead use thumbnail images in sizes listed on https://w.wiki/GHai. (0c640b1) for url: https://upload.wikimedia.org/wikipedia/commons/6/6d/20th_Anniversary_Schwab_Foundation_Gala_Dinner_%2844887783681%29_%28cropped%29.jpg
2026-07-31 19:08:03,531 | WARNING | Download failed: https://lookaside.fbsbx.com/lookaside/crawler/threads/DbBuD62EZQK/0/image.jpg | cannot identify image file <_io.BytesIO object at 0x72439a5ef220>
2026-07-31 19:08:04,100 | WARNING | Download failed: https://media.eventhubs.com/images/2020/02/21-someone-used-deepfake-add-celebrities-mortal-kombat-11-and-its-p.jpg | HTTPSConnectionPool(host='media.eventhubs.com', port=443): Max retries exceeded with url: /images/2020/02/21-someone-used-deepfake-add-celebrities-mortal-kombat-11-and-its-p.jpg (Caused by SSLError(SSLCertVerificationError(1, '[SSL: CERTIFICATE_VERIFY_FAILED] certificate verify failed: unable to get local issuer certificate (_ssl.c:1147)')))
2026-07-31 19:08:20,946 | WARNING | Download failed: https://www.jewishvoicesnj.org/wp-content/uploads/images/2022-07-13/31p1.jpg | HTTPSConnectionPool(host='www.jewishvoicesnj.org', port=443): Max retries exceeded with url: /wp-content/uploads/images/2022-07-13/31p1.jpg (Caused by ConnectTimeoutError(<urllib3.connection.HTTPSConnection object at 0x724304e96df0>, 'Connection to www.jewishvoicesnj.org timed out. (connect timeout=15)'))
2026-07-31 19:08:22,022 | WARNING | Download failed: https://upload.wikimedia.org/wikipedia/commons/3/3f/James_Caan_Guillaume_Canet_Cannes_2013_cropped.jpg | 429 Client Error: Too many requests - please contact noc@wikimedia.org to discuss a less disruptive approach or instead use thumbnail images in sizes listed on https://w.wiki/GHai. (0c640b1) for url: https://upload.wikimedia.org/wikipedia/commons/3/3f/James_Caan_Guillaume_Canet_Cannes_2013_cropped.jpg
2026-07-31 19:08:23,301 | WARNING | Download failed: https://www.miataturbo.net/attachments/insert-bs-here-4/116971-ai-generated-cat-pictures-thread-jamie-lee-curtis-autograph.jpg?dateline=1404309012 | 403 Client Error: Forbidden for url: https://www.miataturbo.net/attachments/insert-bs-here-4/116971-ai-generated-cat-pictures-thread-jamie-lee-curtis-autograph.jpg?dateline=1404309012
2026-07-31 19:08:23,950 | WARNING | Download failed: https://upload.wikimedia.org/wikipedia/commons/5/5b/Jason_Biggs_-_Untitled_Home_Invasion_Romance.jpg | 429 Client Error: Too many requests - please contact noc@wikimedia.org to discuss a less disruptive approach or instead use thumbnail images in sizes listed on https://w.wiki/GHai. (0c640b1) for url: https://upload.wikimedia.org/wikipedia/commons/5/5b/Jason_Biggs_-_Untitled_Home_Invasion_Romance.jpg
2026-07-31 19:08:24,564 | WARNING | Download failed: https://upload.wikimedia.org/wikipedia/commons/thumb/a/a2/Jean_Dujardin_2016.jpg/250px-Jean_Dujardin_2016.jpg | 429 Client Error: Too Many Requests (015d12c) for url: https://upload.wikimedia.org/wikipedia/commons/thumb/a/a2/Jean_Dujardin_2016.jpg/250px-Jean_Dujardin_2016.jpg
2026-07-31 19:08:25,326 | WARNING | Download failed: https://media.cybernews.com/images/featured/2025/07/aniston-scam-deepfake.jpg | 403 Client Error: Forbidden for url: https://media.cybernews.com/images/featured/2025/07/aniston-scam-deepfake.jpg
2026-07-31 19:08:25,929 | WARNING | Download failed: https://upload.wikimedia.org/wikipedia/commons/3/3d/Jennifer_Garner_-_2024_%2854106107278%29_%28cropped%29.jpg | 429 Client Error: Too many requests - please contact noc@wikimedia.org to discuss a less disruptive approach or instead use thumbnail images in sizes listed on https://w.wiki/GHai. (0c640b1) for url: https://upload.wikimedia.org/wikipedia/commons/3/3d/Jennifer_Garner_-_2024_%2854106107278%29_%28cropped%29.jpg
2026-07-31 19:08:42,325 | WARNING | Download failed: https://i.cbc.ca/ais/cac88dcd-24d7-4eb2-9329-b0d7753983a2,1771537424460/full/max/0/default.jpg?im=Crop%2Crect%3D%280%2C0%2C3200%2C1800%29%3B | HTTPSConnectionPool(host='i.cbc.ca', port=443): Read timed out. (read timeout=15)
2026-07-31 19:08:43,486 | WARNING | Download failed: https://raindance.org/wp-content/uploads/2018/02/deepfake-3-300x216.jpg | 403 Client Error: Forbidden for url: https://raindance.org/wp-content/uploads/2018/02/deepfake-3-300x216.jpg
2026-07-31 19:08:44,173 | WARNING | Download failed: https://lookaside.fbsbx.com/lookaside/crawler/instagram/DVU9gSeDAvm/0/image.jpg | cannot identify image file <_io.BytesIO object at 0x724304fb5180>
2026-07-31 19:08:44,807 | WARNING | Download failed: https://upload.wikimedia.org/wikipedia/commons/d/dc/Joaquin_Phoenix-64908_%28cropped%29.jpg | 429 Client Error: Too many requests - please contact noc@wikimedia.org to discuss a less disruptive approach or instead use thumbnail images in sizes listed on https://w.wiki/GHai. (0c640b1) for url: https://upload.wikimedia.org/wikipedia/commons/d/dc/Joaquin_Phoenix-64908_%28cropped%29.jpg
2026-07-31 19:08:45,430 | WARNING | Download failed: https://upload.wikimedia.org/wikipedia/commons/5/5b/Jodie_Foster_and_Rebecca_Zlotowski_at_NYFF_2025_02_%28cropped_headshot%29.jpg | 429 Client Error: Too many requests - please contact noc@wikimedia.org to discuss a less disruptive approach or instead use thumbnail images in sizes listed on https://w.wiki/GHai. (0c640b1) for url: https://upload.wikimedia.org/wikipedia/commons/5/5b/Jodie_Foster_and_Rebecca_Zlotowski_at_NYFF_2025_02_%28cropped_headshot%29.jpg
2026-07-31 19:08:46,059 | WARNING | Download failed: https://upload.wikimedia.org/wikipedia/commons/5/53/John_Cusack_Photo_Op_GalaxyCon_Raleigh_2019.jpg | 429 Client Error: Too many requests - please contact noc@wikimedia.org to discuss a less disruptive approach or instead use thumbnail images in sizes listed on https://w.wiki/GHai. (0c640b1) for url: https://upload.wikimedia.org/wikipedia/commons/5/53/John_Cusack_Photo_Op_GalaxyCon_Raleigh_2019.jpg
2026-07-31 19:08:52,505 | WARNING | Download failed: https://www.latinousa.org/wp-content/uploads/2026/04/lusa_johnleguizamo_cover_horizontal.jpg | 403 Client Error: Forbidden for url: https://www.latinousa.org/wp-content/uploads/2026/04/lusa_johnleguizamo_cover_horizontal.jpg
2026-07-31 19:08:53,110 | WARNING | Download failed: https://upload.wikimedia.org/wikipedia/commons/9/9d/John_Malkovich_KVIFF_2.jpg | 429 Client Error: Too many requests - please contact noc@wikimedia.org to discuss a less disruptive approach or instead use thumbnail images in sizes listed on https://w.wiki/GHai. (0c640b1) for url: https://upload.wikimedia.org/wikipedia/commons/9/9d/John_Malkovich_KVIFF_2.jpg
2026-07-31 19:08:53,609 | WARNING | Download failed: https://www.tandfonline.com/cms/asset/dc98be56-3e66-415e-aaf8-d0c5d8698c9a/rjvp_a_2571834_f0002_ob.jpg | 403 Client Error: Forbidden for url: https://www.tandfonline.com/cms/asset/dc98be56-3e66-415e-aaf8-d0c5d8698c9a/rjvp_a_2571834_f0002_ob.jpg
2026-07-31 19:08:54,424 | WARNING | Download failed: https://963kklz.com/uploads/2020/06/GettyImages-1182695105.jpg?format=auto&optimize=high&width=1440 | 403 Client Error: Forbidden for url: https://963kklz.com/uploads/2020/06/GettyImages-1182695105.jpg?format=auto&optimize=high&width=1440
2026-07-31 19:08:55,078 | WARNING | Download failed: https://lookaside.fbsbx.com/lookaside/crawler/threads/DSgiiYnDsVq/0/image.jpg | cannot identify image file <_io.BytesIO object at 0x724304faeef0>
2026-07-31 19:08:57,541 | WARNING | Download failed: https://upload.wikimedia.org/wikipedia/commons/e/ec/Josh_Brolin_SDCC_2014.jpg | 429 Client Error: Too many requests - please contact noc@wikimedia.org to discuss a less disruptive approach or instead use thumbnail images in sizes listed on https://w.wiki/GHai. (0c640b1) for url: https://upload.wikimedia.org/wikipedia/commons/e/ec/Josh_Brolin_SDCC_2014.jpg
2026-07-31 19:08:58,172 | WARNING | Download failed: https://upload.wikimedia.org/wikipedia/commons/3/3e/Josh_Hutcherson_by_Gage_Skidmore_2.jpg | 429 Client Error: Too many requests - please contact noc@wikimedia.org to discuss a less disruptive approach or instead use thumbnail images in sizes listed on https://w.wiki/GHai. (0c640b1) for url: https://upload.wikimedia.org/wikipedia/commons/3/3e/Josh_Hutcherson_by_Gage_Skidmore_2.jpg
2026-07-31 19:08:58,868 | WARNING | Download failed: https://lookaside.fbsbx.com/lookaside/crawler/instagram/DVWxPbBERwQ/0/image.jpg | cannot identify image file <_io.BytesIO object at 0x7242f4991180>
2026-07-31 19:08:59,397 | WARNING | Download failed: https://documents.iplt20.com/ipl/IPLHeadshot2026/647.png | 403 Client Error: Forbidden for url: https://documents.iplt20.com/ipl/IPLHeadshot2026/647.png
2026-07-31 19:09:00,083 | WARNING | Download failed: https://lookaside.fbsbx.com/lookaside/crawler/instagram/DRILQskEqlo/0/image.jpg | cannot identify image file <_io.BytesIO object at 0x724303afff90>
2026-07-31 19:09:00,754 | WARNING | Download failed: https://lookaside.fbsbx.com/lookaside/crawler/instagram/DVmcUxcCldb/0/image.jpg | cannot identify image file <_io.BytesIO object at 0x7242f49e5220>
2026-07-31 19:09:01,402 | WARNING | Download failed: https://lookaside.fbsbx.com/lookaside/crawler/instagram/DW4EhibEqGP/0/image.jpg | cannot identify image file <_io.BytesIO object at 0x724303afff90>
2026-07-31 19:09:02,110 | WARNING | Download failed: https://lookaside.fbsbx.com/lookaside/crawler/instagram/DWE0UJnjxL4/0/image.jpg | cannot identify image file <_io.BytesIO object at 0x724304faeef0>
2026-07-31 19:09:02,739 | WARNING | Download failed: https://upload.wikimedia.org/wikipedia/commons/1/1a/Kathy_Bates_by_Gage_Skidmore.jpg | 429 Client Error: Too many requests - please contact noc@wikimedia.org to discuss a less disruptive approach or instead use thumbnail images in sizes listed on https://w.wiki/GHai. (0c640b1) for url: https://upload.wikimedia.org/wikipedia/commons/1/1a/Kathy_Bates_by_Gage_Skidmore.jpg
2026-07-31 19:09:03,369 | WARNING | Download failed: https://upload.wikimedia.org/wikipedia/commons/b/b4/Keanu_Reeves_at_TIFF_2025_02_%28Cropped%29.jpg | 429 Client Error: Too many requests - please contact noc@wikimedia.org to discuss a less disruptive approach or instead use thumbnail images in sizes listed on https://w.wiki/GHai. (0c640b1) for url: https://upload.wikimedia.org/wikipedia/commons/b/b4/Keanu_Reeves_at_TIFF_2025_02_%28Cropped%29.jpg
2026-07-31 19:09:10,667 | WARNING | Download failed: https://upload.wikimedia.org/wikipedia/commons/b/bc/Kevin_Costner_at_81st_Venice_Film_Festival_%28cropped%29.jpg | 429 Client Error: Too many requests - please contact noc@wikimedia.org to discuss a less disruptive approach or instead use thumbnail images in sizes listed on https://w.wiki/GHai. (0c640b1) for url: https://upload.wikimedia.org/wikipedia/commons/b/bc/Kevin_Costner_at_81st_Venice_Film_Festival_%28cropped%29.jpg
2026-07-31 19:09:13,393 | WARNING | Download failed: https://yi-ai.s3.eu-central-1.amazonaws.com/prod/0/2/2023/07/14-0013779-64b10c552c39f.png | ('Connection aborted.', ConnectionResetError(104, 'Connection reset by peer'))
2026-07-31 19:09:23,384 | WARNING | Download failed: https://image.ytn.co.kr/general/jpg/2025/0909/202509091624180521_t.jpg | HTTPSConnectionPool(host='image.ytn.co.kr', port=443): Max retries exceeded with url: /general/jpg/2025/0909/202509091624180521_t.jpg (Caused by NewConnectionError('<urllib3.connection.HTTPSConnection object at 0x724304fb1e80>: Failed to establish a new connection: [Errno -2] Name or service not known'))
2026-07-31 19:09:23,984 | WARNING | Download failed: https://upload.wikimedia.org/wikipedia/commons/5/54/Kiefer_Sutherland_%2854236404161%29.jpg | 429 Client Error: Too many requests - please contact noc@wikimedia.org to discuss a less disruptive approach or instead use thumbnail images in sizes listed on https://w.wiki/GHai. (0c640b1) for url: https://upload.wikimedia.org/wikipedia/commons/5/54/Kiefer_Sutherland_%2854236404161%29.jpg
2026-07-31 19:09:26,205 | WARNING | Download failed: https://upload.wikimedia.org/wikipedia/commons/3/3b/Kristen_Stewart_at_WWD_Style_Awards_2026.jpg | 429 Client Error: Too many requests - please contact noc@wikimedia.org to discuss a less disruptive approach or instead use thumbnail images in sizes listed on https://w.wiki/GHai. (0c640b1) for url: https://upload.wikimedia.org/wikipedia/commons/3/3b/Kristen_Stewart_at_WWD_Style_Awards_2026.jpg
2026-07-31 19:09:26,859 | WARNING | Download failed: https://lookaside.fbsbx.com/lookaside/crawler/instagram/DRaIVawjZde/0/image.jpg | cannot identify image file <_io.BytesIO object at 0x72439a5ef220>
2026-07-31 19:09:38,711 | WARNING | Download failed: https://www.alainelkanninterviews.com/wp-content/uploads/2018/01/1794-KST-600x640.jpg | 403 Client Error: Forbidden for url: https://www.alainelkanninterviews.com/wp-content/uploads/2018/01/1794-KST-600x640.jpg
2026-07-31 19:09:39,013 | INFO | ============================================================
2026-07-31 19:09:39,013 | INFO | STEP 4 RUN COMPLETE
2026-07-31 19:09:39,014 | INFO | OK (accepted)     : 2
2026-07-31 19:09:39,014 | INFO | No face           : 0
2026-07-31 19:09:39,014 | INFO | Multiple faces    : 2
2026-07-31 19:09:39,014 | INFO | Face too small    : 1
2026-07-31 19:09:39,014 | INFO | Download errors   : 151 (will retry)
2026-07-31 19:09:39,014 | INFO | Detector errors   : 1 (will retry)
2026-07-31 19:09:39,015 | INFO | ============================================================
2026-07-31 20:39:50,813 | INFO | MTCNN initialized on device: cuda
2026-07-31 20:39:50,842 | INFO | ============================================================
2026-07-31 20:39:50,842 | INFO | STEP 4 START (Face Verification)
2026-07-31 20:39:50,842 | INFO | Total candidates     : 4103
2026-07-31 20:39:50,842 | INFO | Already checked      : 2190
2026-07-31 20:39:50,842 | INFO | Remaining pending    : 1913
2026-07-31 20:39:50,842 | INFO | This run             : 500
2026-07-31 20:39:50,842 | INFO | Device               : cuda
2026-07-31 20:39:50,842 | INFO | ============================================================
2026-07-31 20:39:51,268 | WARNING | Download failed: https://lookaside.fbsbx.com/lookaside/crawler/threads/DZDE9TGlp6M/0/image.jpg | cannot identify image file <_io.BytesIO object at 0x725fd26b0e00>
2026-07-31 20:39:56,135 | WARNING | Download failed: https://timesofindia.indiatimes.com/photo/msid-123786769/123786769.jpg?resizemode=4 | ('Connection aborted.', ConnectionResetError(104, 'Connection reset by peer'))
2026-07-31 20:40:08,853 | WARNING | Download failed: https://www.mdpi.com/jimaging/jimaging-08-00263/article_deploy/html/images/jimaging-08-00263-g008-550.jpg | 403 Client Error: Forbidden for url: https://www.mdpi.com/jimaging/jimaging-08-00263/article_deploy/html/images/jimaging-08-00263-g008-550.jpg
2026-07-31 20:40:11,770 | WARNING | Download failed: https://www.livemint.com/lm-img/img/2024/05/07/optimize/Alia_Bhatt_Deepfake_1715069582605_1715069596521.png | ('Connection aborted.', ConnectionResetError(104, 'Connection reset by peer'))
2026-07-31 20:40:12,407 | WARNING | Download failed: https://lookaside.fbsbx.com/lookaside/crawler/instagram/DQbAbycEwWc/0/image.jpg | cannot identify image file <_io.BytesIO object at 0x725fdefa9770>
2026-07-31 20:40:13,034 | WARNING | Download failed: https://lookaside.fbsbx.com/lookaside/crawler/instagram/amberheard/profile_pic.jpg | cannot identify image file <_io.BytesIO object at 0x725fcf4cc040>
2026-07-31 20:40:13,678 | WARNING | Download failed: https://lookaside.fbsbx.com/lookaside/crawler/instagram/DZU5Mo-y9I1/0/image.jpg | cannot identify image file <_io.BytesIO object at 0x725fdfb46c20>
2026-07-31 20:40:14,296 | WARNING | Download failed: https://lookaside.fbsbx.com/lookaside/crawler/threads/DEk0T1NTS2D/1/image.jpg | cannot identify image file <_io.BytesIO object at 0x725fcf4cc950>
2026-07-31 20:40:25,077 | WARNING | Download failed: https://www.celebritykind.com/wp-content/uploads/2024/06/shutterstock_717129223-scaled-e1717488964123-839x1024.jpg | 403 Client Error: Forbidden for url: https://www.celebritykind.com/wp-content/uploads/2024/06/shutterstock_717129223-scaled-e1717488964123-839x1024.jpg
2026-07-31 20:40:25,710 | WARNING | Download failed: https://lookaside.fbsbx.com/lookaside/crawler/instagram/DQhDvvcjF6P/0/image.jpg | cannot identify image file <_io.BytesIO object at 0x725fcf5459a0>
2026-07-31 20:40:26,345 | WARNING | Download failed: https://lookaside.fbsbx.com/lookaside/crawler/instagram/DY1UvvDKflO/0/image.jpg | cannot identify image file <_io.BytesIO object at 0x725fcf4cc090>
2026-07-31 20:40:28,264 | WARNING | Download failed: https://www.hockeydb.com/ihdb/photos/auston-matthews-2024-38.jpg | 403 Client Error: Forbidden for url: https://www.hockeydb.com/ihdb/photos/auston-matthews-2024-38.jpg
2026-07-31 20:40:39,655 | WARNING | Download failed: https://www.usatoday.com/gcdn/authoring/authoring-images/2026/01/19/USAT/88255393007-landman-210-em-0718-01245-rt-f.jpg?crop=2999,1687,x0,y156&width=660&height=371&format=pjpg&auto=webp | 406 Client Error: Not Acceptable for url: https://www.usatoday.com/gcdn/authoring/authoring-images/2026/01/19/USAT/88255393007-landman-210-em-0718-01245-rt-f.jpg?crop=2999,1687,x0,y156&width=660&height=371&format=pjpg&auto=webp
2026-07-31 20:40:41,133 | ERROR | Detector failed: http://www.smh.com.au/content/dam/images/4/9/o/r/9/image.imgtype.videoThumbnail.729x410.png/1453967434294.jpg | torch.cat(): expected a non-empty list of Tensors
Traceback (most recent call last):
  File "/home/amna/Real-vs-Fake/Scripts/04_face_check.py", line 275, in main
    status, face_count, box, area_ratio, detail = evaluate_faces(img)
  File "/home/amna/Real-vs-Fake/Scripts/04_face_check.py", line 199, in evaluate_faces
    boxes, probs = DETECTOR.detect(img)
  File "/home/amna/miniconda3/envs/deepfake/lib/python3.9/site-packages/facenet_pytorch/models/mtcnn.py", line 313, in detect
    batch_boxes, batch_points = detect_face(
  File "/home/amna/miniconda3/envs/deepfake/lib/python3.9/site-packages/facenet_pytorch/models/utils/detect_face.py", line 83, in detect_face
    boxes = torch.cat(boxes, dim=0)
RuntimeError: torch.cat(): expected a non-empty list of Tensors
2026-07-31 20:40:48,576 | WARNING | Download failed: https://www.koimoi.com/wp-content/new-galleries/2023/03/the-avengers-90s-edition-ai-generated-is-impressed-from-tom-cruise-as-iron-man-to-bruce-willis-will-smith-more-heresheres-who-all-made-the-cast-001.jpg | 403 Client Error: Forbidden for url: https://www.koimoi.com/wp-content/new-galleries/2023/03/the-avengers-90s-edition-ai-generated-is-impressed-from-tom-cruise-as-iron-man-to-bruce-willis-will-smith-more-heresheres-who-all-made-the-cast-001.jpg
2026-07-31 20:40:50,814 | WARNING | Download failed: https://lookaside.fbsbx.com/lookaside/crawler/threads/DY0PjBWEiLD/0/image.jpg | cannot identify image file <_io.BytesIO object at 0x725fcf4f2270>
2026-07-31 20:40:59,586 | WARNING | Download failed: https://adultdeepfakes.com/contents/videos_screenshots/40000/40786/preview.mp4.jpg | ('Connection aborted.', ConnectionResetError(104, 'Connection reset by peer'))
2026-07-31 20:41:00,081 | WARNING | Download failed: https://www.alrincon.com/imagenesblog2/varios/camerondiazdeepfake.jpg | ('Connection aborted.', ConnectionResetError(104, 'Connection reset by peer'))
2026-07-31 20:41:00,789 | WARNING | Download failed: https://lookaside.fbsbx.com/lookaside/crawler/instagram/DYI6gmARFpE/0/image.jpg | cannot identify image file <_io.BytesIO object at 0x725fcf4f21d0>
2026-07-31 20:41:02,741 | WARNING | Download failed: https://documents.iplt20.com/ipl/IPLHeadshot2026/550.png | 403 Client Error: Forbidden for url: https://documents.iplt20.com/ipl/IPLHeadshot2026/550.png
2026-07-31 20:41:03,339 | WARNING | Download failed: https://upload.wikimedia.org/wikipedia/commons/5/57/2025-05-10_15-19-29_ILCE-7C_DSC13060_Kiri.jpg | 429 Client Error: Too Many Requests (015d12c) for url: https://upload.wikimedia.org/wikipedia/commons/5/57/2025-05-10_15-19-29_ILCE-7C_DSC13060_Kiri.jpg
2026-07-31 20:41:03,926 | WARNING | Download failed: https://upload.wikimedia.org/wikipedia/commons/7/77/Chloe_Kim_PCSFN_Headshot_2023.jpg | 429 Client Error: Too many requests - please contact noc@wikimedia.org to discuss a less disruptive approach or instead use thumbnail images in sizes listed on https://w.wiki/GHai. (0c640b1) for url: https://upload.wikimedia.org/wikipedia/commons/7/77/Chloe_Kim_PCSFN_Headshot_2023.jpg
2026-07-31 20:41:04,524 | WARNING | Download failed: https://upload.wikimedia.org/wikipedia/commons/7/73/Chris_Tucker_by_Gage_Skidmore.jpg | 429 Client Error: Too many requests - please contact noc@wikimedia.org to discuss a less disruptive approach or instead use thumbnail images in sizes listed on https://w.wiki/GHai. (0c640b1) for url: https://upload.wikimedia.org/wikipedia/commons/7/73/Chris_Tucker_by_Gage_Skidmore.jpg
2026-07-31 20:41:05,152 | WARNING | Download failed: https://upload.wikimedia.org/wikipedia/commons/thumb/b/be/Chris_Tucker_1996.jpg/250px-Chris_Tucker_1996.jpg | 429 Client Error: Too Many Requests (015d12c) for url: https://upload.wikimedia.org/wikipedia/commons/thumb/b/be/Chris_Tucker_1996.jpg/250px-Chris_Tucker_1996.jpg
2026-07-31 20:41:05,750 | WARNING | Download failed: https://upload.wikimedia.org/wikipedia/commons/0/0a/Christian_Bale-7837.jpg | 429 Client Error: Too many requests - please contact noc@wikimedia.org to discuss a less disruptive approach or instead use thumbnail images in sizes listed on https://w.wiki/GHai. (0c640b1) for url: https://upload.wikimedia.org/wikipedia/commons/0/0a/Christian_Bale-7837.jpg
2026-07-31 20:41:29,527 | WARNING | Download failed: https://www.ecranlarge.com/content/uploads/2019/08/tom-cruise-photo-deepfake-american-psycho-1094097.png | HTTPSConnectionPool(host='www.ecranlarge.com', port=443): Max retries exceeded with url: /content/uploads/2019/08/tom-cruise-photo-deepfake-american-psycho-1094097.png (Caused by ConnectTimeoutError(<urllib3.connection.HTTPSConnection object at 0x725fdfa78160>, 'Connection to www.ecranlarge.com timed out. (connect timeout=15)'))
2026-07-31 20:41:30,133 | WARNING | Download failed: https://upload.wikimedia.org/wikipedia/commons/f/fd/Christian_Clavier_Cannes_2013.jpg | 429 Client Error: Too many requests - please contact noc@wikimedia.org to discuss a less disruptive approach or instead use thumbnail images in sizes listed on https://w.wiki/GHai. (0c640b1) for url: https://upload.wikimedia.org/wikipedia/commons/f/fd/Christian_Clavier_Cannes_2013.jpg
2026-07-31 20:41:30,764 | WARNING | Download failed: https://lookaside.fbsbx.com/lookaside/crawler/threads/DHuogAmsBRm/0/image.jpg | cannot identify image file <_io.BytesIO object at 0x725fdfb46ef0>
2026-07-31 20:41:31,762 | WARNING | Download failed: https://c.ndtvimg.com/2021-03/fba3qug_tom-cruise-deepfake-video_625x300_04_March_21.jpg | 403 Client Error: Forbidden for url: https://c.ndtvimg.com/2021-03/fba3qug_tom-cruise-deepfake-video_625x300_04_March_21.jpg
2026-07-31 20:41:33,602 | WARNING | Download failed: http://ghostbustersnews.com/wp-content/uploads/2023/04/arnold_ghostbusters_deepfake.jpg | 403 Client Error: Forbidden for url: http://ghostbustersnews.com/wp-content/uploads/2023/04/arnold_ghostbusters_deepfake.jpg
2026-07-31 20:41:34,195 | WARNING | Download failed: https://upload.wikimedia.org/wikipedia/commons/4/43/David_Arquette_Alpha1_2019_%28cropped%29.jpg | 429 Client Error: Too many requests - please contact noc@wikimedia.org to discuss a less disruptive approach or instead use thumbnail images in sizes listed on https://w.wiki/GHai. (0c640b1) for url: https://upload.wikimedia.org/wikipedia/commons/4/43/David_Arquette_Alpha1_2019_%28cropped%29.jpg
2026-07-31 20:41:34,626 | WARNING | Download failed: https://documents.iplt20.com/ipl/IPLHeadshot2026/128.png | 403 Client Error: Forbidden for url: https://documents.iplt20.com/ipl/IPLHeadshot2026/128.png
2026-07-31 20:41:35,882 | WARNING | Download failed: https://davidmiller.ai/wp-content/uploads/2024/08/teentempo_imagine_in_the_style_of_brooke_shaden_oil_painting__a0838d8c-ee64-428e-a4ac-a3e3a78f6bf3_3.png | 403 Client Error: Forbidden for url: https://davidmiller.ai/wp-content/uploads/2024/08/teentempo_imagine_in_the_style_of_brooke_shaden_oil_painting__a0838d8c-ee64-428e-a4ac-a3e3a78f6bf3_3.png
2026-07-31 20:41:36,708 | WARNING | Download failed: https://missouriindependent.com/wp-content/uploads/2026/02/IMG_3609-1536x922.jpeg | 403 Client Error: Forbidden for url: https://missouriindependent.com/wp-content/uploads/2026/02/IMG_3609-1536x922.jpeg
2026-07-31 20:41:37,668 | WARNING | Download failed: https://davidmiller.ai/wp-content/uploads/2024/08/room2-1.jpg | 403 Client Error: Forbidden for url: https://davidmiller.ai/wp-content/uploads/2024/08/room2-1.jpg
2026-07-31 20:41:38,293 | WARNING | Download failed: https://lookaside.fbsbx.com/lookaside/crawler/threads/DDxVOmRvCz6/0/image.jpg | cannot identify image file <_io.BytesIO object at 0x725fdfb46ef0>
2026-07-31 20:41:38,922 | WARNING | Download failed: https://lookaside.fbsbx.com/lookaside/crawler/instagram/CHv0LyvHM3B/0/image.jpg | cannot identify image file <_io.BytesIO object at 0x725fcf4f21d0>
2026-07-31 20:41:39,548 | WARNING | Download failed: https://lookaside.fbsbx.com/lookaside/crawler/instagram/DXhnF1xjcQW/0/image.jpg | cannot identify image file <_io.BytesIO object at 0x725fdfbde8b0>
2026-07-31 20:41:40,172 | WARNING | Download failed: https://lookaside.fbsbx.com/lookaside/crawler/instagram/CeGwyCeLI8l/0/image.jpg | cannot identify image file <_io.BytesIO object at 0x725fdfb46ef0>
2026-07-31 20:41:40,806 | WARNING | Download failed: https://lookaside.fbsbx.com/lookaside/crawler/instagram/DXmsI2gked4/0/image.jpg | cannot identify image file <_io.BytesIO object at 0x725fcf4f2040>
2026-07-31 20:41:41,449 | WARNING | Download failed: https://lookaside.fbsbx.com/lookaside/crawler/instagram/C11m2cIIzTa/0/image.jpg | cannot identify image file <_io.BytesIO object at 0x725fdfb46ef0>
2026-07-31 20:41:43,676 | WARNING | Download failed: https://upload.wikimedia.org/wikipedia/commons/thumb/0/0a/Derrick_Henry_OCT2022_%28cropped%29.jpg/960px-Derrick_Henry_OCT2022_%28cropped%29.jpg | 429 Client Error: Too Many Requests (015d12c) for url: https://upload.wikimedia.org/wikipedia/commons/thumb/0/0a/Derrick_Henry_OCT2022_%28cropped%29.jpg/960px-Derrick_Henry_OCT2022_%28cropped%29.jpg
2026-07-31 20:41:44,104 | WARNING | Download failed: https://documents.iplt20.com/ipl/IPLHeadshot2025/601.png | 403 Client Error: Forbidden for url: https://documents.iplt20.com/ipl/IPLHeadshot2025/601.png
2026-07-31 20:41:44,709 | WARNING | Download failed: https://upload.wikimedia.org/wikipedia/commons/c/cd/Dustin_Hoffman_02.jpg | 429 Client Error: Too many requests - please contact noc@wikimedia.org to discuss a less disruptive approach or instead use thumbnail images in sizes listed on https://w.wiki/GHai. (0c640b1) for url: https://upload.wikimedia.org/wikipedia/commons/c/cd/Dustin_Hoffman_02.jpg
2026-07-31 20:41:45,315 | WARNING | Download failed: https://upload.wikimedia.org/wikipedia/commons/7/7e/Dwayne_Johnson-1764_%284x5_cropped_with_moderate_headroom%29.jpg | 429 Client Error: Too many requests - please contact noc@wikimedia.org to discuss a less disruptive approach or instead use thumbnail images in sizes listed on https://w.wiki/GHai. (0c640b1) for url: https://upload.wikimedia.org/wikipedia/commons/7/7e/Dwayne_Johnson-1764_%284x5_cropped_with_moderate_headroom%29.jpg
2026-07-31 20:41:45,920 | WARNING | Download failed: https://upload.wikimedia.org/wikipedia/commons/4/48/2025_Dylan_O%27Brien_%28cropped%29.jpg | 429 Client Error: Too many requests - please contact noc@wikimedia.org to discuss a less disruptive approach or instead use thumbnail images in sizes listed on https://w.wiki/GHai. (0c640b1) for url: https://upload.wikimedia.org/wikipedia/commons/4/48/2025_Dylan_O%27Brien_%28cropped%29.jpg
2026-07-31 20:41:46,515 | WARNING | Download failed: https://upload.wikimedia.org/wikipedia/commons/a/a1/Actress_Malin_Akerman_Visits_TODAY_Show_%2850026255087%29_%28cropped2%29.jpg | 429 Client Error: Too many requests - please contact noc@wikimedia.org to discuss a less disruptive approach or instead use thumbnail images in sizes listed on https://w.wiki/GHai. (0c640b1) for url: https://upload.wikimedia.org/wikipedia/commons/a/a1/Actress_Malin_Akerman_Visits_TODAY_Show_%2850026255087%29_%28cropped2%29.jpg
2026-07-31 20:41:47,123 | WARNING | Download failed: https://lookaside.fbsbx.com/lookaside/crawler/instagram/dylandreyernbc/profile_pic.jpg | cannot identify image file <_io.BytesIO object at 0x725fcf4f21d0>
2026-07-31 20:41:52,301 | WARNING | Download failed: https://tandem.app/files/can-you-spot-a-deepfake-social-image.png | 404 Client Error: Not Found for url: https://tandem.app/files/can-you-spot-a-deepfake-social-image.png
2026-07-31 20:41:57,251 | WARNING | Download failed: https://internationalbanker.com/wp-content/uploads/2021/02/Deepfake-Technology.png | 403 Client Error: Forbidden for url: https://internationalbanker.com/wp-content/uploads/2021/02/Deepfake-Technology.png
2026-07-31 20:41:57,861 | WARNING | Download failed: https://upload.wikimedia.org/wikipedia/commons/5/5f/2017%E2%80%9318_W_Ashes_A_v_E_Test_17-11-09_Perry_portrait_%2802%29.jpg | 429 Client Error: Too many requests - please contact noc@wikimedia.org to discuss a less disruptive approach or instead use thumbnail images in sizes listed on https://w.wiki/GHai. (0c640b1) for url: https://upload.wikimedia.org/wikipedia/commons/5/5f/2017%E2%80%9318_W_Ashes_A_v_E_Test_17-11-09_Perry_portrait_%2802%29.jpg
2026-07-31 20:41:58,497 | WARNING | Download failed: https://lookaside.fbsbx.com/lookaside/crawler/threads/DbGPhw6iWnn/0/image.jpg | cannot identify image file <_io.BytesIO object at 0x725fcf4ea400>
2026-07-31 20:41:59,137 | WARNING | Download failed: https://lookaside.fbsbx.com/lookaside/crawler/threads/DTVdvkxElHA/0/image.jpg | cannot identify image file <_io.BytesIO object at 0x725fdfbde8b0>
2026-07-31 20:41:59,744 | WARNING | Download failed: https://upload.wikimedia.org/wikipedia/commons/5/5e/Elon_Musk_-_54820081119_%28cropped%29.jpg | 429 Client Error: Too many requests - please contact noc@wikimedia.org to discuss a less disruptive approach or instead use thumbnail images in sizes listed on https://w.wiki/GHai. (0c640b1) for url: https://upload.wikimedia.org/wikipedia/commons/5/5e/Elon_Musk_-_54820081119_%28cropped%29.jpg
2026-07-31 20:42:08,468 | WARNING | Download failed: https://web-cdnprod.aa.com.tr/uploads/Contents/2024/10/22/thumbs_b_c_95fae517eb48db7745a60a3b929d78e0.jpg?v=170617 | HTTPSConnectionPool(host='web-cdnprod.aa.com.tr', port=443): Max retries exceeded with url: /uploads/Contents/2024/10/22/thumbs_b_c_95fae517eb48db7745a60a3b929d78e0.jpg?v=170617 (Caused by NewConnectionError('<urllib3.connection.HTTPSConnection object at 0x725fdf9cf400>: Failed to establish a new connection: [Errno -2] Name or service not known'))
2026-07-31 20:42:09,391 | WARNING | Download failed: https://imagerenderer.com/images/rendered/default/print/7.5/10/break/images/artworkimages/medium/3/elon-musks-fight-for-the-future-of-ai-nigel-buchanan.jpg | broken data stream when reading image file
2026-07-31 20:42:09,997 | WARNING | Download failed: https://upload.wikimedia.org/wikipedia/commons/a/a1/Emma_Roberts_After_The_Hunt-06_%28cropped%29.jpg | 429 Client Error: Too many requests - please contact noc@wikimedia.org to discuss a less disruptive approach or instead use thumbnail images in sizes listed on https://w.wiki/GHai. (0c640b1) for url: https://upload.wikimedia.org/wikipedia/commons/a/a1/Emma_Roberts_After_The_Hunt-06_%28cropped%29.jpg
2026-07-31 20:42:18,942 | WARNING | Download failed: https://www.innovationaus.com/wp-content/uploads/2025/03/Deepfake_AI_shutterstock_800x600.jpg | 403 Client Error: Forbidden for url: https://www.innovationaus.com/wp-content/uploads/2025/03/Deepfake_AI_shutterstock_800x600.jpg
2026-07-31 20:42:19,559 | WARNING | Download failed: https://upload.wikimedia.org/wikipedia/commons/7/78/MKr385780_Emma_Mackey_%28Alpha%2C_Cannes_2025%29.jpg | 429 Client Error: Too many requests - please contact noc@wikimedia.org to discuss a less disruptive approach or instead use thumbnail images in sizes listed on https://w.wiki/GHai. (0c640b1) for url: https://upload.wikimedia.org/wikipedia/commons/7/78/MKr385780_Emma_Mackey_%28Alpha%2C_Cannes_2025%29.jpg
2026-07-31 20:42:35,368 | WARNING | Download failed: https://www.mcafee.com/blogs/wp-content/uploads/2025/11/Celeb-Hacker-Hotlist.png | HTTPSConnectionPool(host='www.mcafee.com', port=443): Read timed out. (read timeout=15)
2026-07-31 20:42:52,609 | WARNING | Download failed: https://www.mcafee.com/blogs/wp-content/uploads/2025/11/1.-USA-CELEBS.png | HTTPSConnectionPool(host='www.mcafee.com', port=443): Read timed out. (read timeout=15)
2026-07-31 20:42:53,306 | WARNING | Download failed: https://timesofindia.indiatimes.com/photo/msid-105009444/105009444.jpg?resizemode=4 | ('Connection aborted.', ConnectionResetError(104, 'Connection reset by peer'))
2026-07-31 20:42:54,044 | WARNING | Download failed: https://www.koimoi.com/wp-content/new-galleries/2023/07/fawad-khan-reimagined-as-hunky-batman-by-an-ai-artist-but-gets-trolled-massively-online-netizens-react-check-out-001.jpg | 403 Client Error: Forbidden for url: https://www.koimoi.com/wp-content/new-galleries/2023/07/fawad-khan-reimagined-as-hunky-batman-by-an-ai-artist-but-gets-trolled-massively-online-netizens-react-check-out-001.jpg
2026-07-31 20:42:54,990 | WARNING | Download failed: https://c.ndtvimg.com/2024-04/072utg7g_aamir-khan-deepfake-fake-label_625x300_17_April_24.jpg | 403 Client Error: Forbidden for url: https://c.ndtvimg.com/2024-04/072utg7g_aamir-khan-deepfake-fake-label_625x300_17_April_24.jpg
2026-07-31 20:42:55,583 | WARNING | Download failed: https://upload.wikimedia.org/wikipedia/commons/1/14/FrancoisCluzet-StudioHarcourt-1987.png?utm_source=www.wikidata.org&utm_campaign=index&utm_content=thumbnail_unscaled | 429 Client Error: Too many requests - please contact noc@wikimedia.org to discuss a less disruptive approach or instead use thumbnail images in sizes listed on https://w.wiki/GHai. (0c640b1) for url: https://upload.wikimedia.org/wikipedia/commons/1/14/FrancoisCluzet-StudioHarcourt-1987.png?utm_source=www.wikidata.org&utm_campaign=index&utm_content=thumbnail_unscaled
2026-07-31 20:42:56,184 | WARNING | Download failed: https://upload.wikimedia.org/wikipedia/commons/b/b4/Retrato_Oficial_Presidente_Boric_Font.jpg | 429 Client Error: Too many requests - please contact noc@wikimedia.org to discuss a less disruptive approach or instead use thumbnail images in sizes listed on https://w.wiki/GHai. (0c640b1) for url: https://upload.wikimedia.org/wikipedia/commons/b/b4/Retrato_Oficial_Presidente_Boric_Font.jpg
2026-07-31 20:42:57,095 | WARNING | Download failed: https://cdn.newser.com/square-image/392026-20260701052759/ai-generated-voice-of-gene-wilder-featured-in-wonka-series.jpeg | 403 Client Error: Forbidden for url: https://cdn.newser.com/square-image/392026-20260701052759/ai-generated-voice-of-gene-wilder-featured-in-wonka-series.jpeg
2026-07-31 20:42:57,707 | WARNING | Download failed: https://upload.wikimedia.org/wikipedia/commons/0/07/George_C._Scott_-_publicity.JPG | 429 Client Error: Too many requests - please contact noc@wikimedia.org to discuss a less disruptive approach or instead use thumbnail images in sizes listed on https://w.wiki/GHai. (0c640b1) for url: https://upload.wikimedia.org/wikipedia/commons/0/07/George_C._Scott_-_publicity.JPG
2026-07-31 20:43:00,480 | WARNING | Download failed: https://www.creativindie.com/wp-content/uploads/2023/02/tesocraderek_Abstract_Art_Vibrant_colors_Geometric_shapes_Abstr_75ce4982-61b5-4625-81d7-05b2c71445ec.jpg | 403 Client Error: Forbidden for url: https://www.creativindie.com/wp-content/uploads/2023/02/tesocraderek_Abstract_Art_Vibrant_colors_Geometric_shapes_Abstr_75ce4982-61b5-4625-81d7-05b2c71445ec.jpg
2026-07-31 20:43:01,622 | WARNING | Download failed: https://www.newsmobile.in/wp-content/uploads/2025/02/Screenshot-2025-02-20-182138.png | cannot identify image file <_io.BytesIO object at 0x725fcf4cca40>
2026-07-31 20:43:02,623 | WARNING | Download failed: https://www.newsmobile.in/wp-content/uploads/2025/02/476788826_122160398048302902_5422970338347386911_n.jpg | cannot identify image file <_io.BytesIO object at 0x725fd2302770>
2026-07-31 20:43:09,031 | WARNING | Download failed: https://www.innovationaus.com/wp-content/uploads/2021/03/Joseph_Brookes_authorhead2023.jpg | 403 Client Error: Forbidden for url: https://www.innovationaus.com/wp-content/uploads/2021/03/Joseph_Brookes_authorhead2023.jpg
2026-07-31 20:43:09,934 | WARNING | Download failed: https://www.newsmobile.in/wp-content/uploads/2025/02/Zinta_Mazwell_FC.jpg | cannot identify image file <_io.BytesIO object at 0x725fcf4cca40>
2026-07-31 20:43:10,598 | WARNING | Download failed: https://lookaside.fbsbx.com/lookaside/crawler/threads/DKOdX3XsCeV/0/image.jpg | cannot identify image file <_io.BytesIO object at 0x725fd2303270>
2026-07-31 20:43:11,299 | WARNING | Download failed: https://upload.wikimedia.org/wikipedia/commons/8/88/Crew_members_of_the_movie_%22Genius%22_at_the_Berlinale_party_%2825036107966%29_%28cropped%29.jpg | 429 Client Error: Too many requests - please contact noc@wikimedia.org to discuss a less disruptive approach or instead use thumbnail images in sizes listed on https://w.wiki/GHai. (0c640b1) for url: https://upload.wikimedia.org/wikipedia/commons/8/88/Crew_members_of_the_movie_%22Genius%22_at_the_Berlinale_party_%2825036107966%29_%28cropped%29.jpg
2026-07-31 20:43:11,900 | WARNING | Download failed: https://upload.wikimedia.org/wikipedia/commons/0/0c/Hadiqa_Kiani_Pakistani_Singer.jpg | 429 Client Error: Too many requests - please contact noc@wikimedia.org to discuss a less disruptive approach or instead use thumbnail images in sizes listed on https://w.wiki/GHai. (0c640b1) for url: https://upload.wikimedia.org/wikipedia/commons/0/0c/Hadiqa_Kiani_Pakistani_Singer.jpg
2026-07-31 20:43:12,526 | WARNING | Download failed: https://lookaside.fbsbx.com/lookaside/crawler/instagram/hadiqakianiofficial/profile_pic.jpg | cannot identify image file <_io.BytesIO object at 0x725fd2302770>
2026-07-31 20:43:13,132 | WARNING | Download failed: https://upload.wikimedia.org/wikipedia/commons/a/aa/Halle_Berry-1910.jpg | 429 Client Error: Too many requests - please contact noc@wikimedia.org to discuss a less disruptive approach or instead use thumbnail images in sizes listed on https://w.wiki/GHai. (0c640b1) for url: https://upload.wikimedia.org/wikipedia/commons/a/aa/Halle_Berry-1910.jpg
2026-07-31 20:43:14,035 | WARNING | Download failed: https://media.eventhubs.com/images/2020/02/24-more-deepfakes-mortal-kombat-11-see-christopher-lambert-gal-gadot.jpg | HTTPSConnectionPool(host='media.eventhubs.com', port=443): Max retries exceeded with url: /images/2020/02/24-more-deepfakes-mortal-kombat-11-see-christopher-lambert-gal-gadot.jpg (Caused by SSLError(SSLCertVerificationError(1, '[SSL: CERTIFICATE_VERIFY_FAILED] certificate verify failed: unable to get local issuer certificate (_ssl.c:1147)')))
2026-07-31 20:43:22,734 | WARNING | Download failed: https://cdn.lumenor.ai/lumenor/lumenor.jpg | 403 Client Error: Forbidden for url: https://cdn.lumenor.ai/lumenor/lumenor.jpg
2026-07-31 20:43:23,371 | WARNING | Download failed: https://lookaside.fbsbx.com/lookaside/crawler/instagram/DU2-x0Vl7rx/0/image.jpg | cannot identify image file <_io.BytesIO object at 0x725fd2303270>
2026-07-31 20:43:26,144 | WARNING | Download failed: https://www.globalvillagespace.com/wp-content/uploads/2025/05/1472-hania-aamirs-indian-fans-send-her-this-unique-gift-amid-india-pakistan-tensions-post-pahalgam-attack.jpg | ('Connection aborted.', ConnectionResetError(104, 'Connection reset by peer'))
2026-07-31 20:43:36,460 | WARNING | Download failed: https://documents.bcci.tv/resizedimageskirti/2740_compress.png | HTTPSConnectionPool(host='documents.bcci.tv', port=443): Max retries exceeded with url: /resizedimageskirti/2740_compress.png (Caused by NewConnectionError('<urllib3.connection.HTTPSConnection object at 0x725fdf9cf250>: Failed to establish a new connection: [Errno -3] Temporary failure in name resolution'))
2026-07-31 20:43:37,266 | WARNING | Download failed: https://www.newsmobile.in/wp-content/uploads/2025/03/Screenshot-2025-03-18-180246.png | cannot identify image file <_io.BytesIO object at 0x725fdfa75a90>
2026-07-31 20:43:38,113 | WARNING | Download failed: https://www.newsmobile.in/wp-content/uploads/2025/03/Screenshot-2025-03-31-212759.png | cannot identify image file <_io.BytesIO object at 0x725fd2303270>
2026-07-31 20:43:39,002 | WARNING | Download failed: https://www.newsmobile.in/wp-content/uploads/2024/12/Screenshot-2024-12-31-182414.png | cannot identify image file <_io.BytesIO object at 0x725fcf4cca40>
2026-07-31 20:43:39,684 | WARNING | Download failed: https://www.vishvasnews.com/wp-content/uploads/2024/12/vishvasnews-1-2024-12-30T165530.093-1.jpg | ('Connection aborted.', ConnectionResetError(104, 'Connection reset by peer'))
2026-07-31 20:43:40,724 | WARNING | Download failed: https://www.newsmobile.in/wp-content/uploads/2025/04/Screenshot-2025-04-09-135737.png | cannot identify image file <_io.BytesIO object at 0x725fcf4cca40>
2026-07-31 20:43:56,436 | WARNING | Download failed: https://img.fcbayern.com/image/upload/f_auto/q_auto/ar_1:1,c_fill,g_custom,w_768/v1785247532/cms/public/images/fcbayern-com/players/spielerportraits/ganzkoerper/harry-kane.png | HTTPSConnectionPool(host='img.fcbayern.com', port=443): Read timed out. (read timeout=15)
2026-07-31 20:43:57,039 | WARNING | Download failed: https://upload.wikimedia.org/wikipedia/commons/2/23/MerchantIvoryCurzMayfair201124_%2816_of_28%29_%2854154554145%29_%28cropped%29.jpg | 429 Client Error: Too many requests - please contact noc@wikimedia.org to discuss a less disruptive approach or instead use thumbnail images in sizes listed on https://w.wiki/GHai. (0c640b1) for url: https://upload.wikimedia.org/wikipedia/commons/2/23/MerchantIvoryCurzMayfair201124_%2816_of_28%29_%2854154554145%29_%28cropped%29.jpg
2026-07-31 20:43:59,643 | WARNING | Download failed: https://lookaside.fbsbx.com/lookaside/crawler/instagram/DU7NSlRjZPI/0/image.jpg | cannot identify image file <_io.BytesIO object at 0x725fdfa7b090>
2026-07-31 20:44:00,263 | WARNING | Download failed: https://lookaside.fbsbx.com/lookaside/crawler/instagram/DUH9EwHEdw_/0/image.jpg | cannot identify image file <_io.BytesIO object at 0x72607ba27360>
2026-07-31 20:44:00,872 | WARNING | Download failed: https://upload.wikimedia.org/wikipedia/commons/a/ab/Holly_Hunter_by_Gage_Skidmore_2.jpg | 429 Client Error: Too many requests - please contact noc@wikimedia.org to discuss a less disruptive approach or instead use thumbnail images in sizes listed on https://w.wiki/GHai. (0c640b1) for url: https://upload.wikimedia.org/wikipedia/commons/a/ab/Holly_Hunter_by_Gage_Skidmore_2.jpg
2026-07-31 20:44:01,529 | WARNING | Download failed: https://lookaside.fbsbx.com/lookaside/crawler/instagram/DUBVEzoE-lu/0/image.jpg | cannot identify image file <_io.BytesIO object at 0x7260751c1ae0>
2026-07-31 20:44:17,690 | WARNING | Download failed: https://www.esafety.gov.au/sites/default/files/2020-04/esafety-deep-fakes.jpg | HTTPSConnectionPool(host='www.esafety.gov.au', port=443): Read timed out. (read timeout=15)
2026-07-31 20:44:18,296 | WARNING | Download failed: https://upload.wikimedia.org/wikipedia/commons/8/88/Ibrahim_Traor%C3%A9_portrait.jpg | 429 Client Error: Too many requests - please contact noc@wikimedia.org to discuss a less disruptive approach or instead use thumbnail images in sizes listed on https://w.wiki/GHai. (0c640b1) for url: https://upload.wikimedia.org/wikipedia/commons/8/88/Ibrahim_Traor%C3%A9_portrait.jpg
2026-07-31 20:44:18,932 | WARNING | Download failed: https://lookaside.fbsbx.com/lookaside/crawler/instagram/DWjXBe7jGZC/0/image.jpg | cannot identify image file <_io.BytesIO object at 0x725fd2303270>
2026-07-31 20:44:19,563 | WARNING | Download failed: https://lookaside.fbsbx.com/lookaside/crawler/instagram/DWO79cmEdBo/0/image.jpg | cannot identify image file <_io.BytesIO object at 0x725fdfa7b2c0>
2026-07-31 20:44:24,054 | WARNING | Download failed: http://media.wired.com/photos/63eae1b71b87b32b35988c5e/master/pass/Culture_Deepfake-Porn-Harm.jpg | ('Connection aborted.', ConnectionResetError(104, 'Connection reset by peer'))
2026-07-31 20:44:24,715 | WARNING | Download failed: https://documents.bcci.tv/resizedimageskirti/31_compress.png | 403 Client Error: Forbidden for url: https://documents.bcci.tv/resizedimageskirti/31_compress.png
2026-07-31 20:44:25,617 | WARNING | Download failed: https://c.ndtvimg.com/2026-02/4cedpp14_ishan-kishan-aditi-hundia-insta_625x300_18_February_26.jpeg | 403 Client Error: Forbidden for url: https://c.ndtvimg.com/2026-02/4cedpp14_ishan-kishan-aditi-hundia-insta_625x300_18_February_26.jpeg
2026-07-31 20:44:26,266 | WARNING | Download failed: https://lookaside.fbsbx.com/lookaside/crawler/threads/DV-uOUlDQ_Y/0/image.jpg | cannot identify image file <_io.BytesIO object at 0x725fd2302770>
2026-07-31 20:44:26,910 | WARNING | Download failed: https://lookaside.fbsbx.com/lookaside/crawler/threads/DVpzrVyCOqh/0/image.jpg | cannot identify image file <_io.BytesIO object at 0x725fdfa7b2c0>
2026-07-31 20:44:27,519 | WARNING | Download failed: https://upload.wikimedia.org/wikipedia/commons/6/6d/20th_Anniversary_Schwab_Foundation_Gala_Dinner_%2844887783681%29_%28cropped%29.jpg | 429 Client Error: Too many requests - please contact noc@wikimedia.org to discuss a less disruptive approach or instead use thumbnail images in sizes listed on https://w.wiki/GHai. (0c640b1) for url: https://upload.wikimedia.org/wikipedia/commons/6/6d/20th_Anniversary_Schwab_Foundation_Gala_Dinner_%2844887783681%29_%28cropped%29.jpg
2026-07-31 20:44:28,150 | WARNING | Download failed: https://lookaside.fbsbx.com/lookaside/crawler/threads/DbBuD62EZQK/0/image.jpg | cannot identify image file <_io.BytesIO object at 0x725fdfa51090>
2026-07-31 20:44:28,949 | WARNING | Download failed: https://media.eventhubs.com/images/2020/02/21-someone-used-deepfake-add-celebrities-mortal-kombat-11-and-its-p.jpg | HTTPSConnectionPool(host='media.eventhubs.com', port=443): Max retries exceeded with url: /images/2020/02/21-someone-used-deepfake-add-celebrities-mortal-kombat-11-and-its-p.jpg (Caused by SSLError(SSLCertVerificationError(1, '[SSL: CERTIFICATE_VERIFY_FAILED] certificate verify failed: unable to get local issuer certificate (_ssl.c:1147)')))
2026-07-31 20:44:50,182 | WARNING | Download failed: https://www.jewishvoicesnj.org/wp-content/uploads/images/2022-07-13/31p1.jpg | HTTPSConnectionPool(host='www.jewishvoicesnj.org', port=443): Max retries exceeded with url: /wp-content/uploads/images/2022-07-13/31p1.jpg (Caused by ConnectTimeoutError(<urllib3.connection.HTTPSConnection object at 0x725fdfb562b0>, 'Connection to www.jewishvoicesnj.org timed out. (connect timeout=15)'))
2026-07-31 20:44:50,798 | WARNING | Download failed: https://upload.wikimedia.org/wikipedia/commons/3/3f/James_Caan_Guillaume_Canet_Cannes_2013_cropped.jpg | 429 Client Error: Too many requests - please contact noc@wikimedia.org to discuss a less disruptive approach or instead use thumbnail images in sizes listed on https://w.wiki/GHai. (0c640b1) for url: https://upload.wikimedia.org/wikipedia/commons/3/3f/James_Caan_Guillaume_Canet_Cannes_2013_cropped.jpg
2026-07-31 20:44:51,631 | WARNING | Download failed: https://www.miataturbo.net/attachments/insert-bs-here-4/116971-ai-generated-cat-pictures-thread-jamie-lee-curtis-autograph.jpg?dateline=1404309012 | 403 Client Error: Forbidden for url: https://www.miataturbo.net/attachments/insert-bs-here-4/116971-ai-generated-cat-pictures-thread-jamie-lee-curtis-autograph.jpg?dateline=1404309012
2026-07-31 20:44:52,243 | WARNING | Download failed: https://upload.wikimedia.org/wikipedia/commons/5/5b/Jason_Biggs_-_Untitled_Home_Invasion_Romance.jpg | 429 Client Error: Too many requests - please contact noc@wikimedia.org to discuss a less disruptive approach or instead use thumbnail images in sizes listed on https://w.wiki/GHai. (0c640b1) for url: https://upload.wikimedia.org/wikipedia/commons/5/5b/Jason_Biggs_-_Untitled_Home_Invasion_Romance.jpg
2026-07-31 20:44:54,043 | WARNING | Download failed: https://media.cybernews.com/images/featured/2025/07/aniston-scam-deepfake.jpg | 403 Client Error: Forbidden for url: https://media.cybernews.com/images/featured/2025/07/aniston-scam-deepfake.jpg
2026-07-31 20:44:54,643 | WARNING | Download failed: https://upload.wikimedia.org/wikipedia/commons/3/3d/Jennifer_Garner_-_2024_%2854106107278%29_%28cropped%29.jpg | 429 Client Error: Too many requests - please contact noc@wikimedia.org to discuss a less disruptive approach or instead use thumbnail images in sizes listed on https://w.wiki/GHai. (0c640b1) for url: https://upload.wikimedia.org/wikipedia/commons/3/3d/Jennifer_Garner_-_2024_%2854106107278%29_%28cropped%29.jpg
2026-07-31 20:45:15,691 | WARNING | Download failed: https://i.cbc.ca/ais/cac88dcd-24d7-4eb2-9329-b0d7753983a2,1771537424460/full/max/0/default.jpg?im=Crop%2Crect%3D%280%2C0%2C3200%2C1800%29%3B | HTTPSConnectionPool(host='i.cbc.ca', port=443): Read timed out. (read timeout=15)
2026-07-31 20:45:18,420 | WARNING | Download failed: https://raindance.org/wp-content/uploads/2018/02/deepfake-3-300x216.jpg | 403 Client Error: Forbidden for url: https://raindance.org/wp-content/uploads/2018/02/deepfake-3-300x216.jpg
2026-07-31 20:45:19,143 | WARNING | Download failed: https://lookaside.fbsbx.com/lookaside/crawler/instagram/DVU9gSeDAvm/0/image.jpg | cannot identify image file <_io.BytesIO object at 0x725fdfa50e00>
2026-07-31 20:45:19,752 | WARNING | Download failed: https://upload.wikimedia.org/wikipedia/commons/d/dc/Joaquin_Phoenix-64908_%28cropped%29.jpg | 429 Client Error: Too many requests - please contact noc@wikimedia.org to discuss a less disruptive approach or instead use thumbnail images in sizes listed on https://w.wiki/GHai. (0c640b1) for url: https://upload.wikimedia.org/wikipedia/commons/d/dc/Joaquin_Phoenix-64908_%28cropped%29.jpg
2026-07-31 20:45:20,352 | WARNING | Download failed: https://upload.wikimedia.org/wikipedia/commons/5/5b/Jodie_Foster_and_Rebecca_Zlotowski_at_NYFF_2025_02_%28cropped_headshot%29.jpg | 429 Client Error: Too many requests - please contact noc@wikimedia.org to discuss a less disruptive approach or instead use thumbnail images in sizes listed on https://w.wiki/GHai. (0c640b1) for url: https://upload.wikimedia.org/wikipedia/commons/5/5b/Jodie_Foster_and_Rebecca_Zlotowski_at_NYFF_2025_02_%28cropped_headshot%29.jpg
2026-07-31 20:45:20,950 | WARNING | Download failed: https://upload.wikimedia.org/wikipedia/commons/5/53/John_Cusack_Photo_Op_GalaxyCon_Raleigh_2019.jpg | 429 Client Error: Too many requests - please contact noc@wikimedia.org to discuss a less disruptive approach or instead use thumbnail images in sizes listed on https://w.wiki/GHai. (0c640b1) for url: https://upload.wikimedia.org/wikipedia/commons/5/53/John_Cusack_Photo_Op_GalaxyCon_Raleigh_2019.jpg
2026-07-31 20:45:26,646 | WARNING | Download failed: https://www.latinousa.org/wp-content/uploads/2026/04/lusa_johnleguizamo_cover_horizontal.jpg | 403 Client Error: Forbidden for url: https://www.latinousa.org/wp-content/uploads/2026/04/lusa_johnleguizamo_cover_horizontal.jpg
2026-07-31 20:45:27,256 | WARNING | Download failed: https://upload.wikimedia.org/wikipedia/commons/9/9d/John_Malkovich_KVIFF_2.jpg | 429 Client Error: Too many requests - please contact noc@wikimedia.org to discuss a less disruptive approach or instead use thumbnail images in sizes listed on https://w.wiki/GHai. (0c640b1) for url: https://upload.wikimedia.org/wikipedia/commons/9/9d/John_Malkovich_KVIFF_2.jpg
2026-07-31 20:45:29,917 | WARNING | Download failed: https://963kklz.com/uploads/2020/06/GettyImages-1182695105.jpg?format=auto&optimize=high&width=1440 | 403 Client Error: Forbidden for url: https://963kklz.com/uploads/2020/06/GettyImages-1182695105.jpg?format=auto&optimize=high&width=1440
2026-07-31 20:45:30,543 | WARNING | Download failed: https://lookaside.fbsbx.com/lookaside/crawler/threads/DSgiiYnDsVq/0/image.jpg | cannot identify image file <_io.BytesIO object at 0x725fdfa51360>
2026-07-31 20:45:31,157 | WARNING | Download failed: https://upload.wikimedia.org/wikipedia/commons/e/ec/Josh_Brolin_SDCC_2014.jpg | 429 Client Error: Too many requests - please contact noc@wikimedia.org to discuss a less disruptive approach or instead use thumbnail images in sizes listed on https://w.wiki/GHai. (0c640b1) for url: https://upload.wikimedia.org/wikipedia/commons/e/ec/Josh_Brolin_SDCC_2014.jpg
2026-07-31 20:45:31,768 | WARNING | Download failed: https://upload.wikimedia.org/wikipedia/commons/3/3e/Josh_Hutcherson_by_Gage_Skidmore_2.jpg | 429 Client Error: Too many requests - please contact noc@wikimedia.org to discuss a less disruptive approach or instead use thumbnail images in sizes listed on https://w.wiki/GHai. (0c640b1) for url: https://upload.wikimedia.org/wikipedia/commons/3/3e/Josh_Hutcherson_by_Gage_Skidmore_2.jpg
2026-07-31 20:45:32,425 | WARNING | Download failed: https://lookaside.fbsbx.com/lookaside/crawler/instagram/DVWxPbBERwQ/0/image.jpg | cannot identify image file <_io.BytesIO object at 0x7260751c1ae0>
2026-07-31 20:45:33,046 | WARNING | Download failed: https://documents.iplt20.com/ipl/IPLHeadshot2026/647.png | 403 Client Error: Forbidden for url: https://documents.iplt20.com/ipl/IPLHeadshot2026/647.png
2026-07-31 20:45:33,686 | WARNING | Download failed: https://lookaside.fbsbx.com/lookaside/crawler/instagram/DRILQskEqlo/0/image.jpg | cannot identify image file <_io.BytesIO object at 0x7260751c1ae0>
2026-07-31 20:45:34,366 | WARNING | Download failed: https://lookaside.fbsbx.com/lookaside/crawler/instagram/DVmcUxcCldb/0/image.jpg | cannot identify image file <_io.BytesIO object at 0x7260751c1ae0>
2026-07-31 20:45:34,998 | WARNING | Download failed: https://lookaside.fbsbx.com/lookaside/crawler/instagram/DW4EhibEqGP/0/image.jpg | cannot identify image file <_io.BytesIO object at 0x725fcf4f2040>
2026-07-31 20:45:35,643 | WARNING | Download failed: https://lookaside.fbsbx.com/lookaside/crawler/instagram/DWE0UJnjxL4/0/image.jpg | cannot identify image file <_io.BytesIO object at 0x725fdfb5a590>
2026-07-31 20:45:36,257 | WARNING | Download failed: https://upload.wikimedia.org/wikipedia/commons/1/1a/Kathy_Bates_by_Gage_Skidmore.jpg | 429 Client Error: Too many requests - please contact noc@wikimedia.org to discuss a less disruptive approach or instead use thumbnail images in sizes listed on https://w.wiki/GHai. (0c640b1) for url: https://upload.wikimedia.org/wikipedia/commons/1/1a/Kathy_Bates_by_Gage_Skidmore.jpg
2026-07-31 20:45:36,877 | WARNING | Download failed: https://upload.wikimedia.org/wikipedia/commons/b/b4/Keanu_Reeves_at_TIFF_2025_02_%28Cropped%29.jpg | 429 Client Error: Too many requests - please contact noc@wikimedia.org to discuss a less disruptive approach or instead use thumbnail images in sizes listed on https://w.wiki/GHai. (0c640b1) for url: https://upload.wikimedia.org/wikipedia/commons/b/b4/Keanu_Reeves_at_TIFF_2025_02_%28Cropped%29.jpg
2026-07-31 20:45:37,506 | WARNING | Download failed: https://upload.wikimedia.org/wikipedia/commons/b/bc/Kevin_Costner_at_81st_Venice_Film_Festival_%28cropped%29.jpg | 429 Client Error: Too many requests - please contact noc@wikimedia.org to discuss a less disruptive approach or instead use thumbnail images in sizes listed on https://w.wiki/GHai. (0c640b1) for url: https://upload.wikimedia.org/wikipedia/commons/b/bc/Kevin_Costner_at_81st_Venice_Film_Festival_%28cropped%29.jpg
2026-07-31 20:45:43,920 | WARNING | Download failed: https://yi-ai.s3.eu-central-1.amazonaws.com/prod/0/2/2023/07/14-0013779-64b10c552c39f.png | ('Connection aborted.', ConnectionResetError(104, 'Connection reset by peer'))
2026-07-31 20:45:54,246 | WARNING | Download failed: https://image.ytn.co.kr/general/jpg/2025/0909/202509091624180521_t.jpg | HTTPSConnectionPool(host='image.ytn.co.kr', port=443): Max retries exceeded with url: /general/jpg/2025/0909/202509091624180521_t.jpg (Caused by NewConnectionError('<urllib3.connection.HTTPSConnection object at 0x725fcf4e2130>: Failed to establish a new connection: [Errno -3] Temporary failure in name resolution'))
2026-07-31 20:45:54,842 | WARNING | Download failed: https://upload.wikimedia.org/wikipedia/commons/5/54/Kiefer_Sutherland_%2854236404161%29.jpg | 429 Client Error: Too many requests - please contact noc@wikimedia.org to discuss a less disruptive approach or instead use thumbnail images in sizes listed on https://w.wiki/GHai. (0c640b1) for url: https://upload.wikimedia.org/wikipedia/commons/5/54/Kiefer_Sutherland_%2854236404161%29.jpg
2026-07-31 20:45:56,837 | WARNING | Download failed: https://lookaside.fbsbx.com/lookaside/crawler/instagram/DRaIVawjZde/0/image.jpg | cannot identify image file <_io.BytesIO object at 0x725fcf4cca40>
2026-07-31 20:45:57,974 | WARNING | Download failed: https://www.alainelkanninterviews.com/wp-content/uploads/2018/01/1794-KST-600x640.jpg | 403 Client Error: Forbidden for url: https://www.alainelkanninterviews.com/wp-content/uploads/2018/01/1794-KST-600x640.jpg
2026-07-31 20:46:02,203 | WARNING | Download failed: https://upload.wikimedia.org/wikipedia/commons/d/db/Kurt_Russell_by_Gage_Skidmore_2.jpg | 429 Client Error: Too many requests - please contact noc@wikimedia.org to discuss a less disruptive approach or instead use thumbnail images in sizes listed on https://w.wiki/GHai. (0c640b1) for url: https://upload.wikimedia.org/wikipedia/commons/d/db/Kurt_Russell_by_Gage_Skidmore_2.jpg
2026-07-31 20:47:06,488 | WARNING | Download failed: https://yi-ai.s3.eu-central-1.amazonaws.com/prod/0/2/2023/07/15-0013919-64b2009376aa8.png | ('Connection aborted.', ConnectionResetError(104, 'Connection reset by peer'))
2026-07-31 20:47:20,593 | WARNING | Download failed: https://upload.wikimedia.org/wikipedia/commons/0/08/149th_Preakness_%2853731145142%29_%28cropped%29.jpg | 429 Client Error: Too many requests - please contact noc@wikimedia.org to discuss a less disruptive approach or instead use thumbnail images in sizes listed on https://w.wiki/GHai. (0c640b1) for url: https://upload.wikimedia.org/wikipedia/commons/0/08/149th_Preakness_%2853731145142%29_%28cropped%29.jpg
2026-07-31 20:48:06,747 | WARNING | Download failed: https://lookaside.fbsbx.com/lookaside/crawler/threads/DErzr4YxENP/0/image.jpg | cannot identify image file <_io.BytesIO object at 0x7260751c1ae0>
2026-07-31 20:48:07,408 | WARNING | Download failed: https://lookaside.fbsbx.com/lookaside/crawler/threads/DadSEzEjHfn/1/image.jpg | cannot identify image file <_io.BytesIO object at 0x725fcf4cca40>
2026-07-31 20:48:25,647 | WARNING | Download failed: https://www.titans.co.za/wp-content/uploads/2024/08/Untitled-28.png | HTTPSConnectionPool(host='www.titans.co.za', port=443): Max retries exceeded with url: /wp-content/uploads/2024/08/Untitled-28.png (Caused by NewConnectionError('<urllib3.connection.HTTPSConnection object at 0x725fdfb56970>: Failed to establish a new connection: [Errno -3] Temporary failure in name resolution'))
2026-07-31 20:48:26,254 | WARNING | Download failed: https://upload.wikimedia.org/wikipedia/commons/e/ee/2021%E2%80%9322_WBBL_PS_v_AS_21-10-30_Wolvaardt_%2801%29.jpg | 429 Client Error: Too many requests - please contact noc@wikimedia.org to discuss a less disruptive approach or instead use thumbnail images in sizes listed on https://w.wiki/GHai. (0c640b1) for url: https://upload.wikimedia.org/wikipedia/commons/e/ee/2021%E2%80%9322_WBBL_PS_v_AS_21-10-30_Wolvaardt_%2801%29.jpg
2026-07-31 20:48:48,082 | WARNING | Download failed: https://e3.365dm.com/25/06/768x432/skynews-wec-laura-bates_6945527.png?20250618213108 | HTTPSConnectionPool(host='e3.365dm.com', port=443): Read timed out. (read timeout=15)
2026-07-31 20:49:32,420 | WARNING | Download failed: https://cdn.nba.com/manage/2026/07/lebron5.jpg | HTTPSConnectionPool(host='cdn.nba.com', port=443): Read timed out. (read timeout=15)
2026-07-31 20:49:53,602 | WARNING | Download failed: https://lookaside.fbsbx.com/lookaside/crawler/instagram/actorleeminho/profile_pic.jpg | cannot identify image file <_io.BytesIO object at 0x725fcf4ea400>
2026-07-31 20:49:58,566 | WARNING | Download failed: https://lookaside.fbsbx.com/lookaside/crawler/instagram/DMOkrE-NEt_/0/image.jpg | cannot identify image file <_io.BytesIO object at 0x725fd2303270>
2026-07-31 20:50:53,492 | WARNING | Download failed: https://upload.wikimedia.org/wikipedia/commons/b/bc/Lindsay_Lohan_by_Gage_Skidmore.jpg | 429 Client Error: Too many requests - please contact noc@wikimedia.org to discuss a less disruptive approach or instead use thumbnail images in sizes listed on https://w.wiki/GHai. (0c640b1) for url: https://upload.wikimedia.org/wikipedia/commons/b/bc/Lindsay_Lohan_by_Gage_Skidmore.jpg
2026-07-31 20:51:35,392 | WARNING | Download failed: https://lookaside.fbsbx.com/lookaside/crawler/instagram/linkneal/profile_pic.jpg | cannot identify image file <_io.BytesIO object at 0x7260751c1ae0>
2026-07-31 20:52:47,221 | WARNING | Download failed: https://nmp.about.nike.com/about/prod/2be5c200-0978-458c-ab3c-46b1fe749ad7/lisa-manopal-blackpink-nike-2.jpg?m=eyJlZGl0cyI6eyJqcGVnIjp7InF1YWxpdHkiOjEwMH0sIndlYnAiOnsicXVhbGl0eSI6MTAwfSwiZXh0cmFjdCI6eyJsZWZ0IjoxMDUyLCJ0b3AiOjAsIndpZHRoIjoxMjc1LCJoZWlnaHQiOjIxMjN9LCJyZXNpemUiOnsid2lkdGgiOjM4NDB9fX0%3D&s=2bc4357a46ee16760d670e89405680964202e126c01346c46c1e0268e272d70a | HTTPSConnectionPool(host='nmp.about.nike.com', port=443): Max retries exceeded with url: /about/prod/2be5c200-0978-458c-ab3c-46b1fe749ad7/lisa-manopal-blackpink-nike-2.jpg?m=eyJlZGl0cyI6eyJqcGVnIjp7InF1YWxpdHkiOjEwMH0sIndlYnAiOnsicXVhbGl0eSI6MTAwfSwiZXh0cmFjdCI6eyJsZWZ0IjoxMDUyLCJ0b3AiOjAsIndpZHRoIjoxMjc1LCJoZWlnaHQiOjIxMjN9LCJyZXNpemUiOnsid2lkdGgiOjM4NDB9fX0%3D&s=2bc4357a46ee16760d670e89405680964202e126c01346c46c1e0268e272d70a (Caused by NewConnectionError('<urllib3.connection.HTTPSConnection object at 0x725fdf9cf7c0>: Failed to establish a new connection: [Errno -3] Temporary failure in name resolution'))
2026-07-31 20:52:59,587 | WARNING | Download failed: https://www.researchgate.net/publication/346158563/figure/fig1/AS:989839109406720@1613007442881/Deepfakes-generated-based-on-portrait-paintingsexample-of-Mona-Lisa-with-detected-face.jpg | 403 Client Error: Forbidden for url: https://www.researchgate.net/publication/346158563/figure/fig1/AS:989839109406720@1613007442881/Deepfakes-generated-based-on-portrait-paintingsexample-of-Mona-Lisa-with-detected-face.jpg
2026-07-31 20:53:12,002 | WARNING | Download failed: https://www.pasenategop.com/wp-content/uploads/2024/05/Deepfake-Minors_E-News-600x338.jpg | HTTPSConnectionPool(host='www.pasenategop.com', port=443): Max retries exceeded with url: /wp-content/uploads/2024/05/Deepfake-Minors_E-News-600x338.jpg (Caused by NewConnectionError('<urllib3.connection.HTTPSConnection object at 0x725fdf9cfcd0>: Failed to establish a new connection: [Errno -3] Temporary failure in name resolution'))
2026-07-31 20:53:22,468 | WARNING | Download failed: https://www.researchgate.net/profile/Miljan-Dordevic-2/publication/346158563/figure/fig1/AS:989839109406720@1613007442881/Deepfakes-generated-based-on-portrait-paintingsexample-of-Mona-Lisa-with-detected-face_Q320.jpg | 403 Client Error: Forbidden for url: https://www.researchgate.net/profile/Miljan-Dordevic-2/publication/346158563/figure/fig1/AS:989839109406720@1613007442881/Deepfakes-generated-based-on-portrait-paintingsexample-of-Mona-Lisa-with-detected-face_Q320.jpg
2026-07-31 20:53:27,053 | WARNING | Download failed: https://lookaside.fbsbx.com/lookaside/crawler/instagram/livvydunne/profile_pic.jpg | cannot identify image file <_io.BytesIO object at 0x725fd2303270>
2026-07-31 20:53:49,559 | WARNING | Download failed: https://d2xyxq01uvku0q.cloudfront.net/3f2ae82b-55a1-4385-9b0d-7cd39e54577b.jpg | HTTPSConnectionPool(host='d2xyxq01uvku0q.cloudfront.net', port=443): Max retries exceeded with url: /3f2ae82b-55a1-4385-9b0d-7cd39e54577b.jpg (Caused by NewConnectionError('<urllib3.connection.HTTPSConnection object at 0x725fdf9cfeb0>: Failed to establish a new connection: [Errno -3] Temporary failure in name resolution'))
2026-07-31 20:53:57,547 | WARNING | Download failed: https://lookaside.fbsbx.com/lookaside/crawler/instagram/C9Tb4jVP-kC/0/image.jpg | cannot identify image file <_io.BytesIO object at 0x725fcf4ea400>
2026-07-31 20:54:26,062 | WARNING | Download failed: https://img.fcbayern.com/image/upload/f_auto/q_auto/ar_1:1,c_fill,g_custom,w_768/v1785247487/cms/public/images/fcbayern-com/players/spielerportraits/teaser/luis-diaz.png | HTTPSConnectionPool(host='img.fcbayern.com', port=443): Read timed out. (read timeout=15)
2026-07-31 20:54:46,820 | WARNING | Download failed: https://i.blogs.es/47e212/captura-de-pantalla-2024-02-06-a-la-s-16.10.58/500_333.png | HTTPSConnectionPool(host='i.blogs.es', port=443): Max retries exceeded with url: /47e212/captura-de-pantalla-2024-02-06-a-la-s-16.10.58/500_333.png (Caused by NewConnectionError('<urllib3.connection.HTTPSConnection object at 0x725fdf9cf220>: Failed to establish a new connection: [Errno -2] Name or service not known'))
2026-07-31 20:55:05,644 | WARNING | Download failed: https://www.pbs.org/wgbh/masterpiece/media/original_images/maggie_smith_1920x1080-2_hLNAlby.jpg | HTTPSConnectionPool(host='www.pbs.org', port=443): Max retries exceeded with url: /wgbh/masterpiece/media/original_images/maggie_smith_1920x1080-2_hLNAlby.jpg (Caused by NewConnectionError('<urllib3.connection.HTTPSConnection object at 0x725fdf9cf880>: Failed to establish a new connection: [Errno 101] Network is unreachable'))
2026-07-31 20:55:46,188 | WARNING | Download failed: https://c.ndtvimg.com/2024-04/jkfgj558_rahul-gandhi-fake-audio-clip_625x300_29_April_24.jpg | 403 Client Error: Forbidden for url: https://c.ndtvimg.com/2024-04/jkfgj558_rahul-gandhi-fake-audio-clip_625x300_29_April_24.jpg
2026-07-31 20:55:46,800 | WARNING | Download failed: https://c.ndtvimg.com/2025-01/1gmglqgo_indira_625x300_25_January_25.jpeg?im=FitAndFill,algorithm=dnn,width=1200,height=738 | 403 Client Error: Forbidden for url: https://c.ndtvimg.com/2025-01/1gmglqgo_indira_625x300_25_January_25.jpeg?im=FitAndFill,algorithm=dnn,width=1200,height=738
2026-07-31 20:55:51,707 | WARNING | Download failed: https://c.ndtvimg.com/2024-04/jkfgj558_rahul-gandhi-fake-audio-clip_625x300_29_April_24.jpg?im=FeatureCrop,algorithm=dnn,width=1600,height=900 | 403 Client Error: Forbidden for url: https://c.ndtvimg.com/2024-04/jkfgj558_rahul-gandhi-fake-audio-clip_625x300_29_April_24.jpg?im=FeatureCrop,algorithm=dnn,width=1600,height=900
2026-07-31 20:56:15,294 | WARNING | Download failed: https://c107833-mcdn.mp.lura.live/expiretime=2082787200/1f15f35dd754ae9a20e098584cd5cce9fd2f88e9f3a989805932c09685bb3467/iupl/351/3AA/3513AAE8104D0B155A85E7F51F0F3893.jpg | 502 Server Error: Bad Gateway for url: https://c107833-mcdn.mp.lura.live/expiretime=2082787200/1f15f35dd754ae9a20e098584cd5cce9fd2f88e9f3a989805932c09685bb3467/iupl/351/3AA/3513AAE8104D0B155A85E7F51F0F3893.jpg
2026-07-31 20:57:01,689 | WARNING | Download failed: https://upload.wikimedia.org/wikipedia/commons/8/85/Nobel_Peace_Prize_2025_-_Mar%C3%ADa_Corina_Machado_press_conference_%283x4_cropped%29.jpg | 429 Client Error: Too Many Requests (015d12c) for url: https://upload.wikimedia.org/wikipedia/commons/8/85/Nobel_Peace_Prize_2025_-_Mar%C3%ADa_Corina_Machado_press_conference_%283x4_cropped%29.jpg
2026-07-31 20:57:22,449 | WARNING | Download failed: https://lookaside.fbsbx.com/lookaside/crawler/instagram/DV_G3H3jI2u/0/image.jpg | cannot identify image file <_io.BytesIO object at 0x725fdfa50e00>
2026-07-31 20:57:24,924 | WARNING | Download failed: https://lookaside.fbsbx.com/lookaside/crawler/instagram/DV_HYJ-jDnC/0/image.jpg | cannot identify image file <_io.BytesIO object at 0x725fcf4f2270>
2026-07-31 20:58:42,101 | WARNING | Download failed: https://www.streamline.us/wp-content/uploads/Midjourney-5-Prompt-Person-Halloween-Costume-Dressed-Mario-Donkey-Kong.jpg | HTTPSConnectionPool(host='www.streamline.us', port=443): Read timed out.
2026-07-31 20:59:40,149 | WARNING | Download failed: https://cdn.wccftech.com/wp-content/uploads/2020/04/uncharted-4-deepfake-nathan-fillion.png | HTTPSConnectionPool(host='cdn.wccftech.com', port=443): Max retries exceeded with url: /wp-content/uploads/2020/04/uncharted-4-deepfake-nathan-fillion.png (Caused by NewConnectionError('<urllib3.connection.HTTPSConnection object at 0x725fdf9cf7f0>: Failed to establish a new connection: [Errno -3] Temporary failure in name resolution'))
2026-07-31 21:00:26,784 | WARNING | Download failed: https://cdn.adamlevin.com/wp-content/uploads/2020/11/deepfake-zuck.png | 403 Client Error: Forbidden for url: https://cdn.adamlevin.com/wp-content/uploads/2020/11/deepfake-zuck.png
2026-07-31 21:00:27,823 | WARNING | Download failed: https://www.prnewsonline.com/wp-content/uploads/2020/07/zuckerberg-deepfake.png | 504 Server Error: Gateway Timeout for url: https://www.prnewsonline.com/wp-content/uploads/2020/07/zuckerberg-deepfake.png
2026-07-31 21:00:55,831 | WARNING | Download failed: https://upload.wikimedia.org/wikipedia/commons/c/c2/Marques_Brownlee_cropped.jpg | 429 Client Error: Too Many Requests (015d12c) for url: https://upload.wikimedia.org/wikipedia/commons/c/c2/Marques_Brownlee_cropped.jpg
2026-07-31 21:01:05,646 | WARNING | Download failed: https://upload.wikimedia.org/wikipedia/commons/a/a5/Martin_Lewis_in_2017_%28cropped%29.jpg | 429 Client Error: Too Many Requests (015d12c) for url: https://upload.wikimedia.org/wikipedia/commons/a/a5/Martin_Lewis_in_2017_%28cropped%29.jpg
2026-07-31 21:01:46,764 | WARNING | Download failed: https://www.paragonbank.co.uk/resources/blogimages/2751/deepfake.jpg | HTTPSConnectionPool(host='www.paragonbank.co.uk', port=443): Max retries exceeded with url: /resources/blogimages/2751/deepfake.jpg (Caused by NewConnectionError('<urllib3.connection.HTTPSConnection object at 0x725fdf9cfdc0>: Failed to establish a new connection: [Errno -3] Temporary failure in name resolution'))
2026-07-31 21:01:47,374 | WARNING | Download failed: https://www.entrust.com/sites/default/files/2025-03/what-are-deepfakes-blog-header-1502x800.png | 403 Client Error: Forbidden for url: https://www.entrust.com/sites/default/files/2025-03/what-are-deepfakes-blog-header-1502x800.png
2026-07-31 21:03:22,162 | WARNING | Download failed: https://journals.sagepub.com/cms/10.1177/27523543251371153/asset/875ffe02-fa4e-4dbe-af90-dafb062de16b/assets/images/large/10.1177_27523543251371153-fig3.jpg | 403 Client Error: Forbidden for url: https://journals.sagepub.com/cms/10.1177/27523543251371153/asset/875ffe02-fa4e-4dbe-af90-dafb062de16b/assets/images/large/10.1177_27523543251371153-fig3.jpg
2026-07-31 21:03:34,326 | INFO | ============================================================
2026-07-31 21:03:34,327 | INFO | STEP 4 RUN COMPLETE
2026-07-31 21:03:34,327 | INFO | OK (accepted)     : 146
2026-07-31 21:03:34,327 | INFO | No face           : 19
2026-07-31 21:03:34,327 | INFO | Multiple faces    : 121
2026-07-31 21:03:34,328 | INFO | Face too small    : 37
2026-07-31 21:03:34,328 | INFO | Download errors   : 176 (will retry)
2026-07-31 21:03:34,328 | INFO | Detector errors   : 1 (will retry)
2026-07-31 21:03:34,328 | INFO | ============================================================
2026-07-31 21:41:40,516 | INFO | MTCNN initialized on device: cuda
2026-07-31 21:41:40,787 | INFO | ============================================================
2026-07-31 21:41:40,788 | INFO | STEP 4 START (Face Verification)
2026-07-31 21:41:40,788 | INFO | Total candidates     : 4171
2026-07-31 21:41:40,788 | INFO | Already checked      : 2513
2026-07-31 21:41:40,788 | INFO | Remaining pending    : 1658
2026-07-31 21:41:40,788 | INFO | This run             : 500
2026-07-31 21:41:40,788 | INFO | Device               : cuda
2026-07-31 21:41:40,788 | INFO | ============================================================
2026-07-31 21:41:41,116 | WARNING | Download failed: https://lookaside.fbsbx.com/lookaside/crawler/threads/DZDE9TGlp6M/0/image.jpg | cannot identify image file <_io.BytesIO object at 0x734bcb018b80>
2026-07-31 21:41:41,909 | WARNING | Download failed: https://timesofindia.indiatimes.com/photo/msid-123786769/123786769.jpg?resizemode=4 | ('Connection aborted.', ConnectionResetError(104, 'Connection reset by peer'))
2026-07-31 21:41:42,724 | WARNING | Download failed: https://www.mdpi.com/jimaging/jimaging-08-00263/article_deploy/html/images/jimaging-08-00263-g008-550.jpg | 403 Client Error: Forbidden for url: https://www.mdpi.com/jimaging/jimaging-08-00263/article_deploy/html/images/jimaging-08-00263-g008-550.jpg
2026-07-31 21:41:46,514 | WARNING | Download failed: https://www.livemint.com/lm-img/img/2024/05/07/optimize/Alia_Bhatt_Deepfake_1715069582605_1715069596521.png | ('Connection aborted.', ConnectionResetError(104, 'Connection reset by peer'))
2026-07-31 21:41:49,039 | WARNING | Download failed: https://lookaside.fbsbx.com/lookaside/crawler/instagram/DQbAbycEwWc/0/image.jpg | cannot identify image file <_io.BytesIO object at 0x734bbbb560e0>
2026-07-31 21:41:49,674 | WARNING | Download failed: https://lookaside.fbsbx.com/lookaside/crawler/instagram/amberheard/profile_pic.jpg | cannot identify image file <_io.BytesIO object at 0x734bcc15cf90>
2026-07-31 21:41:50,299 | WARNING | Download failed: https://lookaside.fbsbx.com/lookaside/crawler/instagram/DZU5Mo-y9I1/0/image.jpg | cannot identify image file <_io.BytesIO object at 0x734bbbb560e0>
2026-07-31 21:41:51,527 | WARNING | Download failed: https://lookaside.fbsbx.com/lookaside/crawler/threads/DEk0T1NTS2D/1/image.jpg | cannot identify image file <_io.BytesIO object at 0x734bbecb7180>
2026-07-31 21:41:52,534 | WARNING | Download failed: https://www.celebritykind.com/wp-content/uploads/2024/06/shutterstock_717129223-scaled-e1717488964123-839x1024.jpg | 403 Client Error: Forbidden for url: https://www.celebritykind.com/wp-content/uploads/2024/06/shutterstock_717129223-scaled-e1717488964123-839x1024.jpg
2026-07-31 21:41:53,214 | WARNING | Download failed: https://lookaside.fbsbx.com/lookaside/crawler/instagram/DQhDvvcjF6P/0/image.jpg | cannot identify image file <_io.BytesIO object at 0x734bbecb7180>
2026-07-31 21:41:53,844 | WARNING | Download failed: https://lookaside.fbsbx.com/lookaside/crawler/instagram/DY1UvvDKflO/0/image.jpg | cannot identify image file <_io.BytesIO object at 0x734bbbb12310>
2026-07-31 21:41:54,594 | WARNING | Download failed: https://www.hockeydb.com/ihdb/photos/auston-matthews-2024-38.jpg | 403 Client Error: Forbidden for url: https://www.hockeydb.com/ihdb/photos/auston-matthews-2024-38.jpg
2026-07-31 21:41:55,320 | WARNING | Download failed: https://www.usatoday.com/gcdn/authoring/authoring-images/2026/01/19/USAT/88255393007-landman-210-em-0718-01245-rt-f.jpg?crop=2999,1687,x0,y156&width=660&height=371&format=pjpg&auto=webp | 406 Client Error: Not Acceptable for url: https://www.usatoday.com/gcdn/authoring/authoring-images/2026/01/19/USAT/88255393007-landman-210-em-0718-01245-rt-f.jpg?crop=2999,1687,x0,y156&width=660&height=371&format=pjpg&auto=webp
2026-07-31 21:42:02,145 | ERROR | Detector failed: http://www.smh.com.au/content/dam/images/4/9/o/r/9/image.imgtype.videoThumbnail.729x410.png/1453967434294.jpg | torch.cat(): expected a non-empty list of Tensors
Traceback (most recent call last):
  File "/home/amna/Real-vs-Fake/Scripts/04_face_check.py", line 275, in main
    status, face_count, box, area_ratio, detail = evaluate_faces(img)
  File "/home/amna/Real-vs-Fake/Scripts/04_face_check.py", line 199, in evaluate_faces
    boxes, probs = DETECTOR.detect(img)
  File "/home/amna/miniconda3/envs/deepfake/lib/python3.9/site-packages/facenet_pytorch/models/mtcnn.py", line 313, in detect
    batch_boxes, batch_points = detect_face(
  File "/home/amna/miniconda3/envs/deepfake/lib/python3.9/site-packages/facenet_pytorch/models/utils/detect_face.py", line 83, in detect_face
    boxes = torch.cat(boxes, dim=0)
RuntimeError: torch.cat(): expected a non-empty list of Tensors
2026-07-31 21:42:03,140 | WARNING | Download failed: https://www.koimoi.com/wp-content/new-galleries/2023/03/the-avengers-90s-edition-ai-generated-is-impressed-from-tom-cruise-as-iron-man-to-bruce-willis-will-smith-more-heresheres-who-all-made-the-cast-001.jpg | 403 Client Error: Forbidden for url: https://www.koimoi.com/wp-content/new-galleries/2023/03/the-avengers-90s-edition-ai-generated-is-impressed-from-tom-cruise-as-iron-man-to-bruce-willis-will-smith-more-heresheres-who-all-made-the-cast-001.jpg
2026-07-31 21:42:03,759 | WARNING | Download failed: https://lookaside.fbsbx.com/lookaside/crawler/threads/DY0PjBWEiLD/0/image.jpg | cannot identify image file <_io.BytesIO object at 0x734bcc15cf90>
2026-07-31 21:42:04,346 | WARNING | Download failed: https://adultdeepfakes.com/contents/videos_screenshots/40000/40786/preview.mp4.jpg | ('Connection aborted.', ConnectionResetError(104, 'Connection reset by peer'))
2026-07-31 21:42:04,911 | WARNING | Download failed: https://www.alrincon.com/imagenesblog2/varios/camerondiazdeepfake.jpg | ('Connection aborted.', ConnectionResetError(104, 'Connection reset by peer'))
2026-07-31 21:42:05,576 | WARNING | Download failed: https://lookaside.fbsbx.com/lookaside/crawler/instagram/DYI6gmARFpE/0/image.jpg | cannot identify image file <_io.BytesIO object at 0x734bcc15cf90>
2026-07-31 21:42:06,306 | WARNING | Download failed: https://documents.iplt20.com/ipl/IPLHeadshot2026/550.png | 403 Client Error: Forbidden for url: https://documents.iplt20.com/ipl/IPLHeadshot2026/550.png
2026-07-31 21:42:07,149 | WARNING | Download failed: https://upload.wikimedia.org/wikipedia/commons/5/57/2025-05-10_15-19-29_ILCE-7C_DSC13060_Kiri.jpg | 429 Client Error: Too Many Requests (015d12c) for url: https://upload.wikimedia.org/wikipedia/commons/5/57/2025-05-10_15-19-29_ILCE-7C_DSC13060_Kiri.jpg
2026-07-31 21:42:07,750 | WARNING | Download failed: https://upload.wikimedia.org/wikipedia/commons/7/77/Chloe_Kim_PCSFN_Headshot_2023.jpg | 429 Client Error: Too Many Requests (015d12c) for url: https://upload.wikimedia.org/wikipedia/commons/7/77/Chloe_Kim_PCSFN_Headshot_2023.jpg
2026-07-31 21:42:08,333 | WARNING | Download failed: https://upload.wikimedia.org/wikipedia/commons/7/73/Chris_Tucker_by_Gage_Skidmore.jpg | 429 Client Error: Too Many Requests (015d12c) for url: https://upload.wikimedia.org/wikipedia/commons/7/73/Chris_Tucker_by_Gage_Skidmore.jpg
2026-07-31 21:42:08,930 | WARNING | Download failed: https://upload.wikimedia.org/wikipedia/commons/thumb/b/be/Chris_Tucker_1996.jpg/250px-Chris_Tucker_1996.jpg | 429 Client Error: Too Many Requests (015d12c) for url: https://upload.wikimedia.org/wikipedia/commons/thumb/b/be/Chris_Tucker_1996.jpg/250px-Chris_Tucker_1996.jpg
2026-07-31 21:42:09,525 | WARNING | Download failed: https://upload.wikimedia.org/wikipedia/commons/0/0a/Christian_Bale-7837.jpg | 429 Client Error: Too Many Requests (015d12c) for url: https://upload.wikimedia.org/wikipedia/commons/0/0a/Christian_Bale-7837.jpg
2026-07-31 21:42:33,408 | WARNING | Download failed: https://www.ecranlarge.com/content/uploads/2019/08/tom-cruise-photo-deepfake-american-psycho-1094097.png | HTTPSConnectionPool(host='www.ecranlarge.com', port=443): Max retries exceeded with url: /content/uploads/2019/08/tom-cruise-photo-deepfake-american-psycho-1094097.png (Caused by ConnectTimeoutError(<urllib3.connection.HTTPSConnection object at 0x734bbbb585e0>, 'Connection to www.ecranlarge.com timed out. (connect timeout=15)'))
2026-07-31 21:42:34,039 | WARNING | Download failed: https://upload.wikimedia.org/wikipedia/commons/f/fd/Christian_Clavier_Cannes_2013.jpg | 429 Client Error: Too Many Requests (015d12c) for url: https://upload.wikimedia.org/wikipedia/commons/f/fd/Christian_Clavier_Cannes_2013.jpg
2026-07-31 21:42:34,903 | WARNING | Download failed: https://lookaside.fbsbx.com/lookaside/crawler/threads/DHuogAmsBRm/0/image.jpg | cannot identify image file <_io.BytesIO object at 0x734bcc1656d0>
2026-07-31 21:42:35,916 | WARNING | Download failed: https://c.ndtvimg.com/2021-03/fba3qug_tom-cruise-deepfake-video_625x300_04_March_21.jpg | 403 Client Error: Forbidden for url: https://c.ndtvimg.com/2021-03/fba3qug_tom-cruise-deepfake-video_625x300_04_March_21.jpg
2026-07-31 21:42:37,078 | WARNING | Download failed: http://ghostbustersnews.com/wp-content/uploads/2023/04/arnold_ghostbusters_deepfake.jpg | 403 Client Error: Forbidden for url: http://ghostbustersnews.com/wp-content/uploads/2023/04/arnold_ghostbusters_deepfake.jpg
2026-07-31 21:42:37,666 | WARNING | Download failed: https://upload.wikimedia.org/wikipedia/commons/4/43/David_Arquette_Alpha1_2019_%28cropped%29.jpg | 429 Client Error: Too Many Requests (015d12c) for url: https://upload.wikimedia.org/wikipedia/commons/4/43/David_Arquette_Alpha1_2019_%28cropped%29.jpg
2026-07-31 21:42:38,105 | WARNING | Download failed: https://documents.iplt20.com/ipl/IPLHeadshot2026/128.png | 403 Client Error: Forbidden for url: https://documents.iplt20.com/ipl/IPLHeadshot2026/128.png
2026-07-31 21:42:39,283 | WARNING | Download failed: https://davidmiller.ai/wp-content/uploads/2024/08/teentempo_imagine_in_the_style_of_brooke_shaden_oil_painting__a0838d8c-ee64-428e-a4ac-a3e3a78f6bf3_3.png | 403 Client Error: Forbidden for url: https://davidmiller.ai/wp-content/uploads/2024/08/teentempo_imagine_in_the_style_of_brooke_shaden_oil_painting__a0838d8c-ee64-428e-a4ac-a3e3a78f6bf3_3.png
2026-07-31 21:42:40,216 | WARNING | Download failed: https://missouriindependent.com/wp-content/uploads/2026/02/IMG_3609-1536x922.jpeg | 403 Client Error: Forbidden for url: https://missouriindependent.com/wp-content/uploads/2026/02/IMG_3609-1536x922.jpeg
2026-07-31 21:42:41,151 | WARNING | Download failed: https://davidmiller.ai/wp-content/uploads/2024/08/room2-1.jpg | 403 Client Error: Forbidden for url: https://davidmiller.ai/wp-content/uploads/2024/08/room2-1.jpg
2026-07-31 21:42:41,772 | WARNING | Download failed: https://lookaside.fbsbx.com/lookaside/crawler/threads/DDxVOmRvCz6/0/image.jpg | cannot identify image file <_io.BytesIO object at 0x734bcc1656d0>
2026-07-31 21:42:42,395 | WARNING | Download failed: https://lookaside.fbsbx.com/lookaside/crawler/instagram/CHv0LyvHM3B/0/image.jpg | cannot identify image file <_io.BytesIO object at 0x734bcc15cf90>
2026-07-31 21:42:43,024 | WARNING | Download failed: https://lookaside.fbsbx.com/lookaside/crawler/instagram/DXhnF1xjcQW/0/image.jpg | cannot identify image file <_io.BytesIO object at 0x734bcc06f450>
2026-07-31 21:42:43,640 | WARNING | Download failed: https://lookaside.fbsbx.com/lookaside/crawler/instagram/CeGwyCeLI8l/0/image.jpg | cannot identify image file <_io.BytesIO object at 0x734bcc165450>
2026-07-31 21:42:44,266 | WARNING | Download failed: https://lookaside.fbsbx.com/lookaside/crawler/instagram/DXmsI2gked4/0/image.jpg | cannot identify image file <_io.BytesIO object at 0x734bcc06f0e0>
2026-07-31 21:42:44,911 | WARNING | Download failed: https://lookaside.fbsbx.com/lookaside/crawler/instagram/C11m2cIIzTa/0/image.jpg | cannot identify image file <_io.BytesIO object at 0x734bcc15cf90>
2026-07-31 21:42:47,055 | WARNING | Download failed: https://documents.iplt20.com/ipl/IPLHeadshot2025/601.png | 403 Client Error: Forbidden for url: https://documents.iplt20.com/ipl/IPLHeadshot2025/601.png
2026-07-31 21:42:47,653 | WARNING | Download failed: https://upload.wikimedia.org/wikipedia/commons/c/cd/Dustin_Hoffman_02.jpg | 429 Client Error: Too Many Requests (015d12c) for url: https://upload.wikimedia.org/wikipedia/commons/c/cd/Dustin_Hoffman_02.jpg
2026-07-31 21:42:48,235 | WARNING | Download failed: https://upload.wikimedia.org/wikipedia/commons/7/7e/Dwayne_Johnson-1764_%284x5_cropped_with_moderate_headroom%29.jpg | 429 Client Error: Too Many Requests (015d12c) for url: https://upload.wikimedia.org/wikipedia/commons/7/7e/Dwayne_Johnson-1764_%284x5_cropped_with_moderate_headroom%29.jpg
2026-07-31 21:42:48,820 | WARNING | Download failed: https://upload.wikimedia.org/wikipedia/commons/4/48/2025_Dylan_O%27Brien_%28cropped%29.jpg | 429 Client Error: Too Many Requests (015d12c) for url: https://upload.wikimedia.org/wikipedia/commons/4/48/2025_Dylan_O%27Brien_%28cropped%29.jpg
2026-07-31 21:42:49,402 | WARNING | Download failed: https://upload.wikimedia.org/wikipedia/commons/a/a1/Actress_Malin_Akerman_Visits_TODAY_Show_%2850026255087%29_%28cropped2%29.jpg | 429 Client Error: Too Many Requests (015d12c) for url: https://upload.wikimedia.org/wikipedia/commons/a/a1/Actress_Malin_Akerman_Visits_TODAY_Show_%2850026255087%29_%28cropped2%29.jpg
2026-07-31 21:42:50,020 | WARNING | Download failed: https://lookaside.fbsbx.com/lookaside/crawler/instagram/dylandreyernbc/profile_pic.jpg | cannot identify image file <_io.BytesIO object at 0x734bcc06fae0>
2026-07-31 21:42:50,890 | WARNING | Download failed: https://tandem.app/files/can-you-spot-a-deepfake-social-image.png | 404 Client Error: Not Found for url: https://tandem.app/files/can-you-spot-a-deepfake-social-image.png
2026-07-31 21:42:56,375 | WARNING | Download failed: https://internationalbanker.com/wp-content/uploads/2021/02/Deepfake-Technology.png | 403 Client Error: Forbidden for url: https://internationalbanker.com/wp-content/uploads/2021/02/Deepfake-Technology.png
2026-07-31 21:42:56,968 | WARNING | Download failed: https://upload.wikimedia.org/wikipedia/commons/5/5f/2017%E2%80%9318_W_Ashes_A_v_E_Test_17-11-09_Perry_portrait_%2802%29.jpg | 429 Client Error: Too many requests - please contact noc@wikimedia.org to discuss a less disruptive approach or instead use thumbnail images in sizes listed on https://w.wiki/GHai. (0c640b1) for url: https://upload.wikimedia.org/wikipedia/commons/5/5f/2017%E2%80%9318_W_Ashes_A_v_E_Test_17-11-09_Perry_portrait_%2802%29.jpg
2026-07-31 21:42:57,595 | WARNING | Download failed: https://lookaside.fbsbx.com/lookaside/crawler/threads/DbGPhw6iWnn/0/image.jpg | cannot identify image file <_io.BytesIO object at 0x734bcc15cf90>
2026-07-31 21:42:58,219 | WARNING | Download failed: https://lookaside.fbsbx.com/lookaside/crawler/threads/DTVdvkxElHA/0/image.jpg | cannot identify image file <_io.BytesIO object at 0x734bbbb56310>
2026-07-31 21:42:58,818 | WARNING | Download failed: https://upload.wikimedia.org/wikipedia/commons/5/5e/Elon_Musk_-_54820081119_%28cropped%29.jpg | 429 Client Error: Too many requests - please contact noc@wikimedia.org to discuss a less disruptive approach or instead use thumbnail images in sizes listed on https://w.wiki/GHai. (0c640b1) for url: https://upload.wikimedia.org/wikipedia/commons/5/5e/Elon_Musk_-_54820081119_%28cropped%29.jpg
2026-07-31 21:43:11,144 | WARNING | Download failed: https://web-cdnprod.aa.com.tr/uploads/Contents/2024/10/22/thumbs_b_c_95fae517eb48db7745a60a3b929d78e0.jpg?v=170617 | HTTPSConnectionPool(host='web-cdnprod.aa.com.tr', port=443): Max retries exceeded with url: /uploads/Contents/2024/10/22/thumbs_b_c_95fae517eb48db7745a60a3b929d78e0.jpg?v=170617 (Caused by NewConnectionError('<urllib3.connection.HTTPSConnection object at 0x734bcc160d30>: Failed to establish a new connection: [Errno -3] Temporary failure in name resolution'))
2026-07-31 21:43:12,087 | WARNING | Download failed: https://imagerenderer.com/images/rendered/default/print/7.5/10/break/images/artworkimages/medium/3/elon-musks-fight-for-the-future-of-ai-nigel-buchanan.jpg | broken data stream when reading image file
2026-07-31 21:43:12,688 | WARNING | Download failed: https://upload.wikimedia.org/wikipedia/commons/a/a1/Emma_Roberts_After_The_Hunt-06_%28cropped%29.jpg | 429 Client Error: Too many requests - please contact noc@wikimedia.org to discuss a less disruptive approach or instead use thumbnail images in sizes listed on https://w.wiki/GHai. (0c640b1) for url: https://upload.wikimedia.org/wikipedia/commons/a/a1/Emma_Roberts_After_The_Hunt-06_%28cropped%29.jpg
2026-07-31 21:43:13,600 | WARNING | Download failed: https://www.innovationaus.com/wp-content/uploads/2025/03/Deepfake_AI_shutterstock_800x600.jpg | 403 Client Error: Forbidden for url: https://www.innovationaus.com/wp-content/uploads/2025/03/Deepfake_AI_shutterstock_800x600.jpg
2026-07-31 21:43:14,208 | WARNING | Download failed: https://upload.wikimedia.org/wikipedia/commons/7/78/MKr385780_Emma_Mackey_%28Alpha%2C_Cannes_2025%29.jpg | 429 Client Error: Too many requests - please contact noc@wikimedia.org to discuss a less disruptive approach or instead use thumbnail images in sizes listed on https://w.wiki/GHai. (0c640b1) for url: https://upload.wikimedia.org/wikipedia/commons/7/78/MKr385780_Emma_Mackey_%28Alpha%2C_Cannes_2025%29.jpg
2026-07-31 21:43:30,046 | WARNING | Download failed: https://www.mcafee.com/blogs/wp-content/uploads/2025/11/Celeb-Hacker-Hotlist.png | HTTPSConnectionPool(host='www.mcafee.com', port=443): Read timed out. (read timeout=15)
2026-07-31 21:43:47,691 | WARNING | Download failed: https://www.mcafee.com/blogs/wp-content/uploads/2025/11/1.-USA-CELEBS.png | HTTPSConnectionPool(host='www.mcafee.com', port=443): Read timed out. (read timeout=15)
2026-07-31 21:43:48,447 | WARNING | Download failed: https://timesofindia.indiatimes.com/photo/msid-105009444/105009444.jpg?resizemode=4 | ('Connection aborted.', ConnectionResetError(104, 'Connection reset by peer'))
2026-07-31 21:43:48,860 | WARNING | Download failed: https://www.koimoi.com/wp-content/new-galleries/2023/07/fawad-khan-reimagined-as-hunky-batman-by-an-ai-artist-but-gets-trolled-massively-online-netizens-react-check-out-001.jpg | 403 Client Error: Forbidden for url: https://www.koimoi.com/wp-content/new-galleries/2023/07/fawad-khan-reimagined-as-hunky-batman-by-an-ai-artist-but-gets-trolled-massively-online-netizens-react-check-out-001.jpg
2026-07-31 21:43:49,787 | WARNING | Download failed: https://c.ndtvimg.com/2024-04/072utg7g_aamir-khan-deepfake-fake-label_625x300_17_April_24.jpg | 403 Client Error: Forbidden for url: https://c.ndtvimg.com/2024-04/072utg7g_aamir-khan-deepfake-fake-label_625x300_17_April_24.jpg
2026-07-31 21:43:50,385 | WARNING | Download failed: https://upload.wikimedia.org/wikipedia/commons/1/14/FrancoisCluzet-StudioHarcourt-1987.png?utm_source=www.wikidata.org&utm_campaign=index&utm_content=thumbnail_unscaled | 429 Client Error: Too many requests - please contact noc@wikimedia.org to discuss a less disruptive approach or instead use thumbnail images in sizes listed on https://w.wiki/GHai. (0c640b1) for url: https://upload.wikimedia.org/wikipedia/commons/1/14/FrancoisCluzet-StudioHarcourt-1987.png?utm_source=www.wikidata.org&utm_campaign=index&utm_content=thumbnail_unscaled
2026-07-31 21:43:50,984 | WARNING | Download failed: https://upload.wikimedia.org/wikipedia/commons/b/b4/Retrato_Oficial_Presidente_Boric_Font.jpg | 429 Client Error: Too many requests - please contact noc@wikimedia.org to discuss a less disruptive approach or instead use thumbnail images in sizes listed on https://w.wiki/GHai. (0c640b1) for url: https://upload.wikimedia.org/wikipedia/commons/b/b4/Retrato_Oficial_Presidente_Boric_Font.jpg
2026-07-31 21:43:52,044 | WARNING | Download failed: https://cdn.newser.com/square-image/392026-20260701052759/ai-generated-voice-of-gene-wilder-featured-in-wonka-series.jpeg | 403 Client Error: Forbidden for url: https://cdn.newser.com/square-image/392026-20260701052759/ai-generated-voice-of-gene-wilder-featured-in-wonka-series.jpeg
2026-07-31 21:43:52,654 | WARNING | Download failed: https://upload.wikimedia.org/wikipedia/commons/0/07/George_C._Scott_-_publicity.JPG | 429 Client Error: Too many requests - please contact noc@wikimedia.org to discuss a less disruptive approach or instead use thumbnail images in sizes listed on https://w.wiki/GHai. (0c640b1) for url: https://upload.wikimedia.org/wikipedia/commons/0/07/George_C._Scott_-_publicity.JPG
2026-07-31 21:43:57,310 | WARNING | Download failed: https://www.creativindie.com/wp-content/uploads/2023/02/tesocraderek_Abstract_Art_Vibrant_colors_Geometric_shapes_Abstr_75ce4982-61b5-4625-81d7-05b2c71445ec.jpg | 403 Client Error: Forbidden for url: https://www.creativindie.com/wp-content/uploads/2023/02/tesocraderek_Abstract_Art_Vibrant_colors_Geometric_shapes_Abstr_75ce4982-61b5-4625-81d7-05b2c71445ec.jpg
2026-07-31 21:43:58,449 | WARNING | Download failed: https://www.newsmobile.in/wp-content/uploads/2025/02/Screenshot-2025-02-20-182138.png | cannot identify image file <_io.BytesIO object at 0x734bcc063e50>
2026-07-31 21:43:59,294 | WARNING | Download failed: https://www.newsmobile.in/wp-content/uploads/2025/02/476788826_122160398048302902_5422970338347386911_n.jpg | cannot identify image file <_io.BytesIO object at 0x734bcc0633b0>
2026-07-31 21:43:59,896 | WARNING | Download failed: https://www.innovationaus.com/wp-content/uploads/2021/03/Joseph_Brookes_authorhead2023.jpg | 403 Client Error: Forbidden for url: https://www.innovationaus.com/wp-content/uploads/2021/03/Joseph_Brookes_authorhead2023.jpg
2026-07-31 21:44:00,712 | WARNING | Download failed: https://www.newsmobile.in/wp-content/uploads/2025/02/Zinta_Mazwell_FC.jpg | cannot identify image file <_io.BytesIO object at 0x734bcc063860>
2026-07-31 21:44:01,496 | WARNING | Download failed: https://lookaside.fbsbx.com/lookaside/crawler/threads/DKOdX3XsCeV/0/image.jpg | cannot identify image file <_io.BytesIO object at 0x734bcc0633b0>
2026-07-31 21:44:02,165 | WARNING | Download failed: https://upload.wikimedia.org/wikipedia/commons/8/88/Crew_members_of_the_movie_%22Genius%22_at_the_Berlinale_party_%2825036107966%29_%28cropped%29.jpg | 429 Client Error: Too many requests - please contact noc@wikimedia.org to discuss a less disruptive approach or instead use thumbnail images in sizes listed on https://w.wiki/GHai. (0c640b1) for url: https://upload.wikimedia.org/wikipedia/commons/8/88/Crew_members_of_the_movie_%22Genius%22_at_the_Berlinale_party_%2825036107966%29_%28cropped%29.jpg
2026-07-31 21:44:02,746 | WARNING | Download failed: https://upload.wikimedia.org/wikipedia/commons/0/0c/Hadiqa_Kiani_Pakistani_Singer.jpg | 429 Client Error: Too many requests - please contact noc@wikimedia.org to discuss a less disruptive approach or instead use thumbnail images in sizes listed on https://w.wiki/GHai. (0c640b1) for url: https://upload.wikimedia.org/wikipedia/commons/0/0c/Hadiqa_Kiani_Pakistani_Singer.jpg
2026-07-31 21:44:03,381 | WARNING | Download failed: https://lookaside.fbsbx.com/lookaside/crawler/instagram/hadiqakianiofficial/profile_pic.jpg | cannot identify image file <_io.BytesIO object at 0x734bbbb24a90>
2026-07-31 21:44:03,968 | WARNING | Download failed: https://upload.wikimedia.org/wikipedia/commons/a/aa/Halle_Berry-1910.jpg | 429 Client Error: Too many requests - please contact noc@wikimedia.org to discuss a less disruptive approach or instead use thumbnail images in sizes listed on https://w.wiki/GHai. (0c640b1) for url: https://upload.wikimedia.org/wikipedia/commons/a/aa/Halle_Berry-1910.jpg
2026-07-31 21:44:08,750 | WARNING | Download failed: https://media.eventhubs.com/images/2020/02/24-more-deepfakes-mortal-kombat-11-see-christopher-lambert-gal-gadot.jpg | HTTPSConnectionPool(host='media.eventhubs.com', port=443): Max retries exceeded with url: /images/2020/02/24-more-deepfakes-mortal-kombat-11-see-christopher-lambert-gal-gadot.jpg (Caused by SSLError(SSLCertVerificationError(1, '[SSL: CERTIFICATE_VERIFY_FAILED] certificate verify failed: unable to get local issuer certificate (_ssl.c:1147)')))
2026-07-31 21:44:09,661 | WARNING | Download failed: https://cdn.lumenor.ai/lumenor/lumenor.jpg | 403 Client Error: Forbidden for url: https://cdn.lumenor.ai/lumenor/lumenor.jpg
2026-07-31 21:44:10,295 | WARNING | Download failed: https://lookaside.fbsbx.com/lookaside/crawler/instagram/DU2-x0Vl7rx/0/image.jpg | cannot identify image file <_io.BytesIO object at 0x734bcc06f9a0>
2026-07-31 21:44:19,477 | WARNING | Download failed: https://documents.bcci.tv/resizedimageskirti/2740_compress.png | 403 Client Error: Forbidden for url: https://documents.bcci.tv/resizedimageskirti/2740_compress.png
2026-07-31 21:44:20,428 | WARNING | Download failed: https://www.newsmobile.in/wp-content/uploads/2025/03/Screenshot-2025-03-18-180246.png | cannot identify image file <_io.BytesIO object at 0x734bbbb124a0>
2026-07-31 21:44:21,397 | WARNING | Download failed: https://www.newsmobile.in/wp-content/uploads/2025/03/Screenshot-2025-03-31-212759.png | cannot identify image file <_io.BytesIO object at 0x734bbbb12630>
2026-07-31 21:44:22,392 | WARNING | Download failed: https://www.newsmobile.in/wp-content/uploads/2024/12/Screenshot-2024-12-31-182414.png | cannot identify image file <_io.BytesIO object at 0x734bbbb124a0>
2026-07-31 21:44:23,068 | WARNING | Download failed: https://www.vishvasnews.com/wp-content/uploads/2024/12/vishvasnews-1-2024-12-30T165530.093-1.jpg | ('Connection aborted.', ConnectionResetError(104, 'Connection reset by peer'))
2026-07-31 21:44:23,977 | WARNING | Download failed: https://www.newsmobile.in/wp-content/uploads/2025/04/Screenshot-2025-04-09-135737.png | cannot identify image file <_io.BytesIO object at 0x734bcc1659a0>
2026-07-31 21:44:39,966 | WARNING | Download failed: https://img.fcbayern.com/image/upload/f_auto/q_auto/ar_1:1,c_fill,g_custom,w_768/v1785247532/cms/public/images/fcbayern-com/players/spielerportraits/ganzkoerper/harry-kane.png | HTTPSConnectionPool(host='img.fcbayern.com', port=443): Read timed out. (read timeout=15)
2026-07-31 21:44:40,586 | WARNING | Download failed: https://upload.wikimedia.org/wikipedia/commons/2/23/MerchantIvoryCurzMayfair201124_%2816_of_28%29_%2854154554145%29_%28cropped%29.jpg | 429 Client Error: Too many requests - please contact noc@wikimedia.org to discuss a less disruptive approach or instead use thumbnail images in sizes listed on https://w.wiki/GHai. (0c640b1) for url: https://upload.wikimedia.org/wikipedia/commons/2/23/MerchantIvoryCurzMayfair201124_%2816_of_28%29_%2854154554145%29_%28cropped%29.jpg
2026-07-31 21:44:41,221 | WARNING | Download failed: https://lookaside.fbsbx.com/lookaside/crawler/instagram/DU7NSlRjZPI/0/image.jpg | cannot identify image file <_io.BytesIO object at 0x734bcc1659a0>
2026-07-31 21:44:41,863 | WARNING | Download failed: https://lookaside.fbsbx.com/lookaside/crawler/instagram/DUH9EwHEdw_/0/image.jpg | cannot identify image file <_io.BytesIO object at 0x734bcc06f860>
2026-07-31 21:44:42,456 | WARNING | Download failed: https://upload.wikimedia.org/wikipedia/commons/a/ab/Holly_Hunter_by_Gage_Skidmore_2.jpg | 429 Client Error: Too many requests - please contact noc@wikimedia.org to discuss a less disruptive approach or instead use thumbnail images in sizes listed on https://w.wiki/GHai. (0c640b1) for url: https://upload.wikimedia.org/wikipedia/commons/a/ab/Holly_Hunter_by_Gage_Skidmore_2.jpg
2026-07-31 21:44:43,113 | WARNING | Download failed: https://lookaside.fbsbx.com/lookaside/crawler/instagram/DUBVEzoE-lu/0/image.jpg | cannot identify image file <_io.BytesIO object at 0x734bcc1659a0>
2026-07-31 21:45:06,356 | WARNING | Download failed: https://www.esafety.gov.au/sites/default/files/2020-04/esafety-deep-fakes.jpg | HTTPSConnectionPool(host='www.esafety.gov.au', port=443): Read timed out. (read timeout=15)
2026-07-31 21:45:07,119 | WARNING | Download failed: https://upload.wikimedia.org/wikipedia/commons/8/88/Ibrahim_Traor%C3%A9_portrait.jpg | 429 Client Error: Too many requests - please contact noc@wikimedia.org to discuss a less disruptive approach or instead use thumbnail images in sizes listed on https://w.wiki/GHai. (0c640b1) for url: https://upload.wikimedia.org/wikipedia/commons/8/88/Ibrahim_Traor%C3%A9_portrait.jpg
2026-07-31 21:45:07,735 | WARNING | Download failed: https://lookaside.fbsbx.com/lookaside/crawler/instagram/DWjXBe7jGZC/0/image.jpg | cannot identify image file <_io.BytesIO object at 0x734bbbb12400>
2026-07-31 21:45:08,341 | WARNING | Download failed: https://lookaside.fbsbx.com/lookaside/crawler/instagram/DWO79cmEdBo/0/image.jpg | cannot identify image file <_io.BytesIO object at 0x734bbbb12810>
2026-07-31 21:45:13,034 | WARNING | Download failed: http://media.wired.com/photos/63eae1b71b87b32b35988c5e/master/pass/Culture_Deepfake-Porn-Harm.jpg | ('Connection aborted.', ConnectionResetError(104, 'Connection reset by peer'))
2026-07-31 21:45:13,462 | WARNING | Download failed: https://documents.bcci.tv/resizedimageskirti/31_compress.png | 403 Client Error: Forbidden for url: https://documents.bcci.tv/resizedimageskirti/31_compress.png
2026-07-31 21:45:14,421 | WARNING | Download failed: https://c.ndtvimg.com/2026-02/4cedpp14_ishan-kishan-aditi-hundia-insta_625x300_18_February_26.jpeg | 403 Client Error: Forbidden for url: https://c.ndtvimg.com/2026-02/4cedpp14_ishan-kishan-aditi-hundia-insta_625x300_18_February_26.jpeg
2026-07-31 21:45:15,047 | WARNING | Download failed: https://lookaside.fbsbx.com/lookaside/crawler/threads/DV-uOUlDQ_Y/0/image.jpg | cannot identify image file <_io.BytesIO object at 0x734bbbb12810>
2026-07-31 21:45:15,702 | WARNING | Download failed: https://lookaside.fbsbx.com/lookaside/crawler/threads/DVpzrVyCOqh/0/image.jpg | cannot identify image file <_io.BytesIO object at 0x734bcc165450>
2026-07-31 21:45:16,300 | WARNING | Download failed: https://upload.wikimedia.org/wikipedia/commons/6/6d/20th_Anniversary_Schwab_Foundation_Gala_Dinner_%2844887783681%29_%28cropped%29.jpg | 429 Client Error: Too many requests - please contact noc@wikimedia.org to discuss a less disruptive approach or instead use thumbnail images in sizes listed on https://w.wiki/GHai. (0c640b1) for url: https://upload.wikimedia.org/wikipedia/commons/6/6d/20th_Anniversary_Schwab_Foundation_Gala_Dinner_%2844887783681%29_%28cropped%29.jpg
2026-07-31 21:45:16,915 | WARNING | Download failed: https://lookaside.fbsbx.com/lookaside/crawler/threads/DbBuD62EZQK/0/image.jpg | cannot identify image file <_io.BytesIO object at 0x734bbbb124a0>
2026-07-31 21:45:17,740 | WARNING | Download failed: https://media.eventhubs.com/images/2020/02/21-someone-used-deepfake-add-celebrities-mortal-kombat-11-and-its-p.jpg | HTTPSConnectionPool(host='media.eventhubs.com', port=443): Max retries exceeded with url: /images/2020/02/21-someone-used-deepfake-add-celebrities-mortal-kombat-11-and-its-p.jpg (Caused by SSLError(SSLCertVerificationError(1, '[SSL: CERTIFICATE_VERIFY_FAILED] certificate verify failed: unable to get local issuer certificate (_ssl.c:1147)')))
2026-07-31 21:45:35,670 | WARNING | Download failed: https://www.jewishvoicesnj.org/wp-content/uploads/images/2022-07-13/31p1.jpg | HTTPSConnectionPool(host='www.jewishvoicesnj.org', port=443): Max retries exceeded with url: /wp-content/uploads/images/2022-07-13/31p1.jpg (Caused by ConnectTimeoutError(<urllib3.connection.HTTPSConnection object at 0x734bcc01f580>, 'Connection to www.jewishvoicesnj.org timed out. (connect timeout=15)'))
2026-07-31 21:45:36,276 | WARNING | Download failed: https://upload.wikimedia.org/wikipedia/commons/3/3f/James_Caan_Guillaume_Canet_Cannes_2013_cropped.jpg | 429 Client Error: Too many requests - please contact noc@wikimedia.org to discuss a less disruptive approach or instead use thumbnail images in sizes listed on https://w.wiki/GHai. (0c640b1) for url: https://upload.wikimedia.org/wikipedia/commons/3/3f/James_Caan_Guillaume_Canet_Cannes_2013_cropped.jpg
2026-07-31 21:45:37,060 | WARNING | Download failed: https://www.miataturbo.net/attachments/insert-bs-here-4/116971-ai-generated-cat-pictures-thread-jamie-lee-curtis-autograph.jpg?dateline=1404309012 | 403 Client Error: Forbidden for url: https://www.miataturbo.net/attachments/insert-bs-here-4/116971-ai-generated-cat-pictures-thread-jamie-lee-curtis-autograph.jpg?dateline=1404309012
2026-07-31 21:45:39,534 | WARNING | Download failed: https://media.cybernews.com/images/featured/2025/07/aniston-scam-deepfake.jpg | 403 Client Error: Forbidden for url: https://media.cybernews.com/images/featured/2025/07/aniston-scam-deepfake.jpg
2026-07-31 21:45:40,133 | WARNING | Download failed: https://upload.wikimedia.org/wikipedia/commons/3/3d/Jennifer_Garner_-_2024_%2854106107278%29_%28cropped%29.jpg | 429 Client Error: Too many requests - please contact noc@wikimedia.org to discuss a less disruptive approach or instead use thumbnail images in sizes listed on https://w.wiki/GHai. (0c640b1) for url: https://upload.wikimedia.org/wikipedia/commons/3/3d/Jennifer_Garner_-_2024_%2854106107278%29_%28cropped%29.jpg
2026-07-31 21:45:56,263 | WARNING | Download failed: https://i.cbc.ca/ais/cac88dcd-24d7-4eb2-9329-b0d7753983a2,1771537424460/full/max/0/default.jpg?im=Crop%2Crect%3D%280%2C0%2C3200%2C1800%29%3B | HTTPSConnectionPool(host='i.cbc.ca', port=443): Read timed out. (read timeout=15)
2026-07-31 21:45:59,131 | WARNING | Download failed: https://raindance.org/wp-content/uploads/2018/02/deepfake-3-300x216.jpg | 403 Client Error: Forbidden for url: https://raindance.org/wp-content/uploads/2018/02/deepfake-3-300x216.jpg
2026-07-31 21:45:59,761 | WARNING | Download failed: https://lookaside.fbsbx.com/lookaside/crawler/instagram/DVU9gSeDAvm/0/image.jpg | cannot identify image file <_io.BytesIO object at 0x734bbbb124a0>
2026-07-31 21:46:00,359 | WARNING | Download failed: https://upload.wikimedia.org/wikipedia/commons/d/dc/Joaquin_Phoenix-64908_%28cropped%29.jpg | 429 Client Error: Too many requests - please contact noc@wikimedia.org to discuss a less disruptive approach or instead use thumbnail images in sizes listed on https://w.wiki/GHai. (0c640b1) for url: https://upload.wikimedia.org/wikipedia/commons/d/dc/Joaquin_Phoenix-64908_%28cropped%29.jpg
2026-07-31 21:46:00,947 | WARNING | Download failed: https://upload.wikimedia.org/wikipedia/commons/5/5b/Jodie_Foster_and_Rebecca_Zlotowski_at_NYFF_2025_02_%28cropped_headshot%29.jpg | 429 Client Error: Too many requests - please contact noc@wikimedia.org to discuss a less disruptive approach or instead use thumbnail images in sizes listed on https://w.wiki/GHai. (0c640b1) for url: https://upload.wikimedia.org/wikipedia/commons/5/5b/Jodie_Foster_and_Rebecca_Zlotowski_at_NYFF_2025_02_%28cropped_headshot%29.jpg
2026-07-31 21:46:01,560 | WARNING | Download failed: https://upload.wikimedia.org/wikipedia/commons/5/53/John_Cusack_Photo_Op_GalaxyCon_Raleigh_2019.jpg | 429 Client Error: Too many requests - please contact noc@wikimedia.org to discuss a less disruptive approach or instead use thumbnail images in sizes listed on https://w.wiki/GHai. (0c640b1) for url: https://upload.wikimedia.org/wikipedia/commons/5/53/John_Cusack_Photo_Op_GalaxyCon_Raleigh_2019.jpg
2026-07-31 21:46:06,976 | WARNING | Download failed: https://www.latinousa.org/wp-content/uploads/2026/04/lusa_johnleguizamo_cover_horizontal.jpg | 403 Client Error: Forbidden for url: https://www.latinousa.org/wp-content/uploads/2026/04/lusa_johnleguizamo_cover_horizontal.jpg
2026-07-31 21:46:07,588 | WARNING | Download failed: https://upload.wikimedia.org/wikipedia/commons/9/9d/John_Malkovich_KVIFF_2.jpg | 429 Client Error: Too many requests - please contact noc@wikimedia.org to discuss a less disruptive approach or instead use thumbnail images in sizes listed on https://w.wiki/GHai. (0c640b1) for url: https://upload.wikimedia.org/wikipedia/commons/9/9d/John_Malkovich_KVIFF_2.jpg
2026-07-31 21:46:08,516 | WARNING | Download failed: https://963kklz.com/uploads/2020/06/GettyImages-1182695105.jpg?format=auto&optimize=high&width=1440 | 403 Client Error: Forbidden for url: https://963kklz.com/uploads/2020/06/GettyImages-1182695105.jpg?format=auto&optimize=high&width=1440
2026-07-31 21:46:09,343 | WARNING | Download failed: https://lookaside.fbsbx.com/lookaside/crawler/threads/DSgiiYnDsVq/0/image.jpg | cannot identify image file <_io.BytesIO object at 0x734bcc063e50>
2026-07-31 21:46:09,928 | WARNING | Download failed: https://upload.wikimedia.org/wikipedia/commons/e/ec/Josh_Brolin_SDCC_2014.jpg | 429 Client Error: Too many requests - please contact noc@wikimedia.org to discuss a less disruptive approach or instead use thumbnail images in sizes listed on https://w.wiki/GHai. (0c640b1) for url: https://upload.wikimedia.org/wikipedia/commons/e/ec/Josh_Brolin_SDCC_2014.jpg
2026-07-31 21:46:10,527 | WARNING | Download failed: https://upload.wikimedia.org/wikipedia/commons/3/3e/Josh_Hutcherson_by_Gage_Skidmore_2.jpg | 429 Client Error: Too many requests - please contact noc@wikimedia.org to discuss a less disruptive approach or instead use thumbnail images in sizes listed on https://w.wiki/GHai. (0c640b1) for url: https://upload.wikimedia.org/wikipedia/commons/3/3e/Josh_Hutcherson_by_Gage_Skidmore_2.jpg
2026-07-31 21:46:11,180 | WARNING | Download failed: https://lookaside.fbsbx.com/lookaside/crawler/instagram/DVWxPbBERwQ/0/image.jpg | cannot identify image file <_io.BytesIO object at 0x734bbbb12630>
2026-07-31 21:46:11,705 | WARNING | Download failed: https://documents.iplt20.com/ipl/IPLHeadshot2026/647.png | 403 Client Error: Forbidden for url: https://documents.iplt20.com/ipl/IPLHeadshot2026/647.png
2026-07-31 21:46:12,321 | WARNING | Download failed: https://lookaside.fbsbx.com/lookaside/crawler/instagram/DRILQskEqlo/0/image.jpg | cannot identify image file <_io.BytesIO object at 0x734bcc063540>
2026-07-31 21:46:13,057 | WARNING | Download failed: https://lookaside.fbsbx.com/lookaside/crawler/instagram/DVmcUxcCldb/0/image.jpg | cannot identify image file <_io.BytesIO object at 0x734bcc063e50>
2026-07-31 21:46:13,701 | WARNING | Download failed: https://lookaside.fbsbx.com/lookaside/crawler/instagram/DW4EhibEqGP/0/image.jpg | cannot identify image file <_io.BytesIO object at 0x734bbbb124a0>
2026-07-31 21:46:14,348 | WARNING | Download failed: https://lookaside.fbsbx.com/lookaside/crawler/instagram/DWE0UJnjxL4/0/image.jpg | cannot identify image file <_io.BytesIO object at 0x734bcc15cf90>
2026-07-31 21:46:14,941 | WARNING | Download failed: https://upload.wikimedia.org/wikipedia/commons/1/1a/Kathy_Bates_by_Gage_Skidmore.jpg | 429 Client Error: Too many requests - please contact noc@wikimedia.org to discuss a less disruptive approach or instead use thumbnail images in sizes listed on https://w.wiki/GHai. (0c640b1) for url: https://upload.wikimedia.org/wikipedia/commons/1/1a/Kathy_Bates_by_Gage_Skidmore.jpg
2026-07-31 21:46:15,551 | WARNING | Download failed: https://upload.wikimedia.org/wikipedia/commons/b/b4/Keanu_Reeves_at_TIFF_2025_02_%28Cropped%29.jpg | 429 Client Error: Too many requests - please contact noc@wikimedia.org to discuss a less disruptive approach or instead use thumbnail images in sizes listed on https://w.wiki/GHai. (0c640b1) for url: https://upload.wikimedia.org/wikipedia/commons/b/b4/Keanu_Reeves_at_TIFF_2025_02_%28Cropped%29.jpg
2026-07-31 21:46:16,136 | WARNING | Download failed: https://upload.wikimedia.org/wikipedia/commons/b/bc/Kevin_Costner_at_81st_Venice_Film_Festival_%28cropped%29.jpg | 429 Client Error: Too many requests - please contact noc@wikimedia.org to discuss a less disruptive approach or instead use thumbnail images in sizes listed on https://w.wiki/GHai. (0c640b1) for url: https://upload.wikimedia.org/wikipedia/commons/b/bc/Kevin_Costner_at_81st_Venice_Film_Festival_%28cropped%29.jpg
2026-07-31 21:46:16,879 | WARNING | Download failed: https://yi-ai.s3.eu-central-1.amazonaws.com/prod/0/2/2023/07/14-0013779-64b10c552c39f.png | ('Connection aborted.', ConnectionResetError(104, 'Connection reset by peer'))
2026-07-31 21:46:34,035 | WARNING | Download failed: https://image.ytn.co.kr/general/jpg/2025/0909/202509091624180521_t.jpg | HTTPSConnectionPool(host='image.ytn.co.kr', port=443): Max retries exceeded with url: /general/jpg/2025/0909/202509091624180521_t.jpg (Caused by NewConnectionError('<urllib3.connection.HTTPSConnection object at 0x734bcc1608e0>: Failed to establish a new connection: [Errno -3] Temporary failure in name resolution'))
2026-07-31 21:46:34,631 | WARNING | Download failed: https://upload.wikimedia.org/wikipedia/commons/5/54/Kiefer_Sutherland_%2854236404161%29.jpg | 429 Client Error: Too many requests - please contact noc@wikimedia.org to discuss a less disruptive approach or instead use thumbnail images in sizes listed on https://w.wiki/GHai. (0c640b1) for url: https://upload.wikimedia.org/wikipedia/commons/5/54/Kiefer_Sutherland_%2854236404161%29.jpg
2026-07-31 21:46:35,273 | WARNING | Download failed: https://lookaside.fbsbx.com/lookaside/crawler/instagram/DRaIVawjZde/0/image.jpg | cannot identify image file <_io.BytesIO object at 0x734bcc06f090>
2026-07-31 21:46:36,546 | WARNING | Download failed: https://www.alainelkanninterviews.com/wp-content/uploads/2018/01/1794-KST-600x640.jpg | 403 Client Error: Forbidden for url: https://www.alainelkanninterviews.com/wp-content/uploads/2018/01/1794-KST-600x640.jpg
2026-07-31 21:46:37,148 | WARNING | Download failed: https://upload.wikimedia.org/wikipedia/commons/d/db/Kurt_Russell_by_Gage_Skidmore_2.jpg | 429 Client Error: Too many requests - please contact noc@wikimedia.org to discuss a less disruptive approach or instead use thumbnail images in sizes listed on https://w.wiki/GHai. (0c640b1) for url: https://upload.wikimedia.org/wikipedia/commons/d/db/Kurt_Russell_by_Gage_Skidmore_2.jpg
2026-07-31 21:46:39,586 | WARNING | Download failed: https://upload.wikimedia.org/wikipedia/commons/0/08/149th_Preakness_%2853731145142%29_%28cropped%29.jpg | 429 Client Error: Too many requests - please contact noc@wikimedia.org to discuss a less disruptive approach or instead use thumbnail images in sizes listed on https://w.wiki/GHai. (0c640b1) for url: https://upload.wikimedia.org/wikipedia/commons/0/08/149th_Preakness_%2853731145142%29_%28cropped%29.jpg
2026-07-31 21:46:40,217 | WARNING | Download failed: https://lookaside.fbsbx.com/lookaside/crawler/threads/DErzr4YxENP/0/image.jpg | cannot identify image file <_io.BytesIO object at 0x734bcc0638b0>
2026-07-31 21:46:40,852 | WARNING | Download failed: https://lookaside.fbsbx.com/lookaside/crawler/threads/DadSEzEjHfn/1/image.jpg | cannot identify image file <_io.BytesIO object at 0x734bbbb12810>
2026-07-31 21:46:48,577 | WARNING | Download failed: https://upload.wikimedia.org/wikipedia/commons/e/ee/2021%E2%80%9322_WBBL_PS_v_AS_21-10-30_Wolvaardt_%2801%29.jpg | 429 Client Error: Too many requests - please contact noc@wikimedia.org to discuss a less disruptive approach or instead use thumbnail images in sizes listed on https://w.wiki/GHai. (0c640b1) for url: https://upload.wikimedia.org/wikipedia/commons/e/ee/2021%E2%80%9322_WBBL_PS_v_AS_21-10-30_Wolvaardt_%2801%29.jpg
2026-07-31 21:47:07,140 | WARNING | Download failed: https://cdn.nba.com/manage/2026/07/lebron5.jpg | HTTPSConnectionPool(host='cdn.nba.com', port=443): Read timed out. (read timeout=15)
2026-07-31 21:47:07,791 | WARNING | Download failed: https://lookaside.fbsbx.com/lookaside/crawler/instagram/actorleeminho/profile_pic.jpg | cannot identify image file <_io.BytesIO object at 0x734bcc0638b0>
2026-07-31 21:47:08,419 | WARNING | Download failed: https://lookaside.fbsbx.com/lookaside/crawler/instagram/DMOkrE-NEt_/0/image.jpg | cannot identify image file <_io.BytesIO object at 0x734bcbb52360>
2026-07-31 21:47:09,031 | WARNING | Download failed: https://upload.wikimedia.org/wikipedia/commons/b/bc/Lindsay_Lohan_by_Gage_Skidmore.jpg | 429 Client Error: Too many requests - please contact noc@wikimedia.org to discuss a less disruptive approach or instead use thumbnail images in sizes listed on https://w.wiki/GHai. (0c640b1) for url: https://upload.wikimedia.org/wikipedia/commons/b/bc/Lindsay_Lohan_by_Gage_Skidmore.jpg
2026-07-31 21:47:09,666 | WARNING | Download failed: https://lookaside.fbsbx.com/lookaside/crawler/instagram/linkneal/profile_pic.jpg | cannot identify image file <_io.BytesIO object at 0x734bcc165310>
2026-07-31 21:47:28,491 | WARNING | Download failed: https://lookaside.fbsbx.com/lookaside/crawler/instagram/livvydunne/profile_pic.jpg | cannot identify image file <_io.BytesIO object at 0x734bcc15cd60>
2026-07-31 21:47:30,474 | WARNING | Download failed: https://lookaside.fbsbx.com/lookaside/crawler/instagram/C9Tb4jVP-kC/0/image.jpg | cannot identify image file <_io.BytesIO object at 0x734bcc15cd60>
2026-07-31 21:47:48,335 | WARNING | Download failed: https://img.fcbayern.com/image/upload/f_auto/q_auto/ar_1:1,c_fill,g_custom,w_768/v1785247487/cms/public/images/fcbayern-com/players/spielerportraits/teaser/luis-diaz.png | HTTPSConnectionPool(host='img.fcbayern.com', port=443): Read timed out. (read timeout=15)
2026-07-31 21:48:02,617 | WARNING | Download failed: https://c.ndtvimg.com/2024-04/jkfgj558_rahul-gandhi-fake-audio-clip_625x300_29_April_24.jpg | 403 Client Error: Forbidden for url: https://c.ndtvimg.com/2024-04/jkfgj558_rahul-gandhi-fake-audio-clip_625x300_29_April_24.jpg
2026-07-31 21:48:03,244 | WARNING | Download failed: https://c.ndtvimg.com/2025-01/1gmglqgo_indira_625x300_25_January_25.jpeg?im=FitAndFill,algorithm=dnn,width=1200,height=738 | 403 Client Error: Forbidden for url: https://c.ndtvimg.com/2025-01/1gmglqgo_indira_625x300_25_January_25.jpeg?im=FitAndFill,algorithm=dnn,width=1200,height=738
2026-07-31 21:48:03,870 | WARNING | Download failed: https://c.ndtvimg.com/2024-04/jkfgj558_rahul-gandhi-fake-audio-clip_625x300_29_April_24.jpg?im=FeatureCrop,algorithm=dnn,width=1600,height=900 | 403 Client Error: Forbidden for url: https://c.ndtvimg.com/2024-04/jkfgj558_rahul-gandhi-fake-audio-clip_625x300_29_April_24.jpg?im=FeatureCrop,algorithm=dnn,width=1600,height=900
2026-07-31 21:48:06,411 | WARNING | Download failed: https://c107833-mcdn.mp.lura.live/expiretime=2082787200/1f15f35dd754ae9a20e098584cd5cce9fd2f88e9f3a989805932c09685bb3467/iupl/351/3AA/3513AAE8104D0B155A85E7F51F0F3893.jpg | 502 Server Error: Bad Gateway for url: https://c107833-mcdn.mp.lura.live/expiretime=2082787200/1f15f35dd754ae9a20e098584cd5cce9fd2f88e9f3a989805932c09685bb3467/iupl/351/3AA/3513AAE8104D0B155A85E7F51F0F3893.jpg
2026-07-31 21:48:07,016 | WARNING | Download failed: https://upload.wikimedia.org/wikipedia/commons/8/85/Nobel_Peace_Prize_2025_-_Mar%C3%ADa_Corina_Machado_press_conference_%283x4_cropped%29.jpg | 429 Client Error: Too many requests - please contact noc@wikimedia.org to discuss a less disruptive approach or instead use thumbnail images in sizes listed on https://w.wiki/GHai. (0c640b1) for url: https://upload.wikimedia.org/wikipedia/commons/8/85/Nobel_Peace_Prize_2025_-_Mar%C3%ADa_Corina_Machado_press_conference_%283x4_cropped%29.jpg
2026-07-31 21:48:07,648 | WARNING | Download failed: https://lookaside.fbsbx.com/lookaside/crawler/instagram/DV_G3H3jI2u/0/image.jpg | cannot identify image file <_io.BytesIO object at 0x734bcc165310>
2026-07-31 21:48:08,298 | WARNING | Download failed: https://lookaside.fbsbx.com/lookaside/crawler/instagram/DV_HYJ-jDnC/0/image.jpg | cannot identify image file <_io.BytesIO object at 0x734bcc063540>
2026-07-31 21:48:20,416 | WARNING | Download failed: https://cdn.adamlevin.com/wp-content/uploads/2020/11/deepfake-zuck.png | 403 Client Error: Forbidden for url: https://cdn.adamlevin.com/wp-content/uploads/2020/11/deepfake-zuck.png
2026-07-31 21:48:28,531 | WARNING | Download failed: https://upload.wikimedia.org/wikipedia/commons/c/c2/Marques_Brownlee_cropped.jpg | 429 Client Error: Too many requests - please contact noc@wikimedia.org to discuss a less disruptive approach or instead use thumbnail images in sizes listed on https://w.wiki/GHai. (0c640b1) for url: https://upload.wikimedia.org/wikipedia/commons/c/c2/Marques_Brownlee_cropped.jpg
2026-07-31 21:48:29,119 | WARNING | Download failed: https://upload.wikimedia.org/wikipedia/commons/a/a5/Martin_Lewis_in_2017_%28cropped%29.jpg | 429 Client Error: Too many requests - please contact noc@wikimedia.org to discuss a less disruptive approach or instead use thumbnail images in sizes listed on https://w.wiki/GHai. (0c640b1) for url: https://upload.wikimedia.org/wikipedia/commons/a/a5/Martin_Lewis_in_2017_%28cropped%29.jpg
2026-07-31 21:48:35,445 | WARNING | Download failed: https://www.paragonbank.co.uk/resources/blogimages/2751/deepfake.jpg | 403 Client Error: Forbidden for url: https://www.paragonbank.co.uk/resources/blogimages/2751/deepfake.jpg
2026-07-31 21:48:39,468 | WARNING | Download failed: https://www.entrust.com/sites/default/files/2025-03/what-are-deepfakes-blog-header-1502x800.png | 403 Client Error: Forbidden for url: https://www.entrust.com/sites/default/files/2025-03/what-are-deepfakes-blog-header-1502x800.png
2026-07-31 21:48:40,001 | WARNING | Download failed: https://journals.sagepub.com/cms/10.1177/27523543251371153/asset/875ffe02-fa4e-4dbe-af90-dafb062de16b/assets/images/large/10.1177_27523543251371153-fig3.jpg | 403 Client Error: Forbidden for url: https://journals.sagepub.com/cms/10.1177/27523543251371153/asset/875ffe02-fa4e-4dbe-af90-dafb062de16b/assets/images/large/10.1177_27523543251371153-fig3.jpg
2026-07-31 21:49:01,070 | WARNING | Download failed: https://lookaside.fbsbx.com/lookaside/crawler/threads/DZ8IDBtEkK4/0/image.jpg | cannot identify image file <_io.BytesIO object at 0x734bcc15cf90>
2026-07-31 21:49:39,327 | WARNING | Download failed: https://images.mubicdn.net/images/cast_member/2801/cache-590021-1600900173/image-w856.jpg | HTTPSConnectionPool(host='images.mubicdn.net', port=443): Max retries exceeded with url: /images/cast_member/2801/cache-590021-1600900173/image-w856.jpg (Caused by NewConnectionError('<urllib3.connection.HTTPSConnection object at 0x734bcc01feb0>: Failed to establish a new connection: [Errno -3] Temporary failure in name resolution'))
2026-07-31 21:50:24,914 | WARNING | Download failed: https://i.ytimg.com/vi/ZsiMWpjSdnw/maxresdefault.jpg | 404 Client Error: Not Found for url: https://i.ytimg.com/vi/ZsiMWpjSdnw/maxresdefault.jpg
2026-07-31 21:50:28,501 | WARNING | Download failed: https://upload.wikimedia.org/wikipedia/commons/c/c6/Michael_Nyqvist_2016.jpg | 429 Client Error: Too many requests - please contact noc@wikimedia.org to discuss a less disruptive approach or instead use thumbnail images in sizes listed on https://w.wiki/GHai. (0c640b1) for url: https://upload.wikimedia.org/wikipedia/commons/c/c6/Michael_Nyqvist_2016.jpg
2026-07-31 21:51:44,331 | WARNING | Download failed: https://upload.wikimedia.org/wikipedia/commons/6/68/Michelle_Yeoh-2268.jpg | 429 Client Error: Too many requests - please contact noc@wikimedia.org to discuss a less disruptive approach or instead use thumbnail images in sizes listed on https://w.wiki/GHai. (0c640b1) for url: https://upload.wikimedia.org/wikipedia/commons/6/68/Michelle_Yeoh-2268.jpg
2026-07-31 21:52:22,634 | WARNING | Download failed: https://upload.wikimedia.org/wikipedia/commons/c/c8/Miles_Teller_TIFF_2025_%283x4_cropped%29.png | 429 Client Error: Too many requests - please contact noc@wikimedia.org to discuss a less disruptive approach or instead use thumbnail images in sizes listed on https://w.wiki/GHai. (0c640b1) for url: https://upload.wikimedia.org/wikipedia/commons/c/c8/Miles_Teller_TIFF_2025_%283x4_cropped%29.png
2026-07-31 21:53:50,592 | WARNING | Download failed: https://www.newarab.com/sites/default/files/2023-09/Screenshot%202023-09-22%20150852.jpg | 403 Client Error: Forbidden for url: https://www.newarab.com/sites/default/files/2023-09/Screenshot%202023-09-22%20150852.jpg
2026-07-31 21:53:59,408 | WARNING | Download failed: https://www.researchgate.net/publication/373684933/figure/fig2/AS:11431281226577379@1709263688701/Examples-of-real-and-DeepFake-manipulation-from-Celeb-df-dataset-26_Q320.jpg | 403 Client Error: Forbidden for url: https://www.researchgate.net/publication/373684933/figure/fig2/AS:11431281226577379@1709263688701/Examples-of-real-and-DeepFake-manipulation-from-Celeb-df-dataset-26_Q320.jpg
2026-07-31 21:54:14,025 | WARNING | Download failed: https://www.mdpi.com/mathematics/mathematics-10-00004/article_deploy/html/images/mathematics-10-00004-g010.png | 403 Client Error: Forbidden for url: https://www.mdpi.com/mathematics/mathematics-10-00004/article_deploy/html/images/mathematics-10-00004-g010.png
2026-07-31 21:55:01,283 | WARNING | Download failed: https://www.mcafee.com/blogs/wp-content/uploads/2025/02/1000x563_Blog_Protect-Yourself-Deepfake-Scams.png | HTTPSConnectionPool(host='www.mcafee.com', port=443): Read timed out. (read timeout=15)
2026-07-31 21:55:10,597 | WARNING | Download failed: https://vogueadria.com/wp-content/uploads/2026/01/MonICA-Bellucci-film-malena-mobile.jpg | 403 Client Error: Forbidden for url: https://vogueadria.com/wp-content/uploads/2026/01/MonICA-Bellucci-film-malena-mobile.jpg
2026-07-31 21:55:17,419 | WARNING | Download failed: https://adultdeepfakes.com/contents/videos_screenshots/24000/24739/preview_720p.mp4.jpg | ('Connection aborted.', ConnectionResetError(104, 'Connection reset by peer'))
2026-07-31 21:55:25,662 | WARNING | Download failed: https://lookaside.fbsbx.com/lookaside/crawler/instagram/DZ5MGXCPbGS/0/image.jpg | cannot identify image file <_io.BytesIO object at 0x734bcc15cd60>
2026-07-31 21:55:26,308 | WARNING | Download failed: https://lookaside.fbsbx.com/lookaside/crawler/instagram/DYt-jRrhNW7/0/image.jpg | cannot identify image file <_io.BytesIO object at 0x734bbed20720>
2026-07-31 21:55:41,410 | WARNING | Download failed: https://dl.acm.org/cms/10.1145/3772318.3793208/asset/653c585e-4acf-4396-ad3f-9fcff0ef3bec/assets/images/medium/chi26-1700-fig3.jpg | 403 Client Error: Forbidden for url: https://dl.acm.org/cms/10.1145/3772318.3793208/asset/653c585e-4acf-4396-ad3f-9fcff0ef3bec/assets/images/medium/chi26-1700-fig3.jpg
2026-07-31 21:55:41,800 | WARNING | Download failed: https://dl.acm.org/cms/10.1145/3772318.3793208/asset/96c90a56-eb69-48cf-bb9e-cc465bc7aaa4/assets/images/medium/chi26-1700-fig1.jpg | 403 Client Error: Forbidden for url: https://dl.acm.org/cms/10.1145/3772318.3793208/asset/96c90a56-eb69-48cf-bb9e-cc465bc7aaa4/assets/images/medium/chi26-1700-fig1.jpg
2026-07-31 21:55:42,192 | WARNING | Download failed: https://dl.acm.org/cms/10.1145/3772318.3793208/asset/4fbeeb8f-f451-4e9a-8e25-c713af4b2ff7/assets/images/medium/chi26-1700-fig2.jpg | 403 Client Error: Forbidden for url: https://dl.acm.org/cms/10.1145/3772318.3793208/asset/4fbeeb8f-f451-4e9a-8e25-c713af4b2ff7/assets/images/medium/chi26-1700-fig2.jpg
2026-07-31 21:57:55,848 | WARNING | Download failed: https://www.researchgate.net/publication/353071322/figure/fig1/AS:1043187820929024@1625726766583/Examples-of-synthetic-faces-from-our-Normalized-Face-Dataset.png | 403 Client Error: Forbidden for url: https://www.researchgate.net/publication/353071322/figure/fig1/AS:1043187820929024@1625726766583/Examples-of-synthetic-faces-from-our-Normalized-Face-Dataset.png
2026-07-31 21:57:56,244 | WARNING | Download failed: https://www.researchgate.net/publication/336317420/figure/fig4/AS:811574356885517@1570505813832/Examples-of-synthetic-face-images-generated-from-the-reference-still-ROI-of-individuals.png | 403 Client Error: Forbidden for url: https://www.researchgate.net/publication/336317420/figure/fig4/AS:811574356885517@1570505813832/Examples-of-synthetic-face-images-generated-from-the-reference-still-ROI-of-individuals.png
2026-07-31 21:57:56,653 | WARNING | Download failed: https://www.researchgate.net/publication/323509990/figure/fig2/AS:667649235247112@1536191390602/Reconstruction-results-obtained-on-synthetic-dense-face-dataset-face-sequence-4-Top.png | 403 Client Error: Forbidden for url: https://www.researchgate.net/publication/323509990/figure/fig2/AS:667649235247112@1536191390602/Reconstruction-results-obtained-on-synthetic-dense-face-dataset-face-sequence-4-Top.png
2026-07-31 21:58:06,293 | WARNING | Download failed: https://www.livemint.com/lm-img/img/2025/09/13/960x540/sonam_bajwa_1757727155579_1757727178788.jpg | ('Connection aborted.', ConnectionResetError(104, 'Connection reset by peer'))
2026-07-31 21:58:42,691 | WARNING | Download failed: https://cdn.dailymaverick.co.za/dailymaverick/wp-content/uploads/2025/07/Anso-Bhekisisa-podcast-2.jpg | HTTPSConnectionPool(host='cdn.dailymaverick.co.za', port=443): Max retries exceeded with url: /dailymaverick/wp-content/uploads/2025/07/Anso-Bhekisisa-podcast-2.jpg (Caused by NewConnectionError('<urllib3.connection.HTTPSConnection object at 0x734bbbbcee80>: Failed to establish a new connection: [Errno -3] Temporary failure in name resolution'))
2026-07-31 21:59:08,217 | WARNING | Download failed: https://factcheck.afp.com/sites/default/files/medias/factchecking/g2/2026-07/261f1fb2d870ab7263cbe0a2fd452a50-en.jpeg | 403 Client Error: Forbidden for url: https://factcheck.afp.com/sites/default/files/medias/factchecking/g2/2026-07/261f1fb2d870ab7263cbe0a2fd452a50-en.jpeg
2026-07-31 21:59:08,871 | WARNING | Download failed: https://factcheck.afp.com/sites/default/files/styles/image_in_article/public/medias/factchecking/g2/2026-07/296044466045686546e6be9a8bb14150-en.jpeg?itok=YhUbSQTy | 403 Client Error: Forbidden for url: https://factcheck.afp.com/sites/default/files/styles/image_in_article/public/medias/factchecking/g2/2026-07/296044466045686546e6be9a8bb14150-en.jpeg?itok=YhUbSQTy
2026-07-31 22:01:35,277 | WARNING | Download failed: https://lookaside.fbsbx.com/lookaside/crawler/instagram/olgaloiek/profile_pic.jpg | cannot identify image file <_io.BytesIO object at 0x734bbecb7180>
2026-07-31 22:01:35,892 | WARNING | Download failed: https://lookaside.fbsbx.com/lookaside/crawler/threads/olgaloiek/profile_pic.jpg | cannot identify image file <_io.BytesIO object at 0x734bcc1fe1d0>
2026-07-31 22:01:38,297 | WARNING | Download failed: https://c.ndtvimg.com/2024-03/7h1cou4g_ukrainian-youtuber-olga-loiek_625x300_06_March_24.jpeg?im=FeatureCrop,algorithm=dnn,width=400,height=225&q=70 | 403 Client Error: Forbidden for url: https://c.ndtvimg.com/2024-03/7h1cou4g_ukrainian-youtuber-olga-loiek_625x300_06_March_24.jpeg?im=FeatureCrop,algorithm=dnn,width=400,height=225&q=70
2026-07-31 22:01:55,886 | WARNING | Download failed: https://tw.cyberlink.com/prog/faceme/html/1178/p/cht/img/Olga-Loiek-deepfake.jpg | HTTPSConnectionPool(host='tw.cyberlink.com', port=443): Max retries exceeded with url: /prog/faceme/html/1178/p/cht/img/Olga-Loiek-deepfake.jpg (Caused by NewConnectionError('<urllib3.connection.HTTPSConnection object at 0x734bcc01f520>: Failed to establish a new connection: [Errno -2] Name or service not known'))
2026-07-31 22:01:56,564 | WARNING | Download failed: https://c.ndtvimg.com/2024-03/7h1cou4g_ukrainian-youtuber-olga-loiek_625x300_06_March_24.jpeg | 403 Client Error: Forbidden for url: https://c.ndtvimg.com/2024-03/7h1cou4g_ukrainian-youtuber-olga-loiek_625x300_06_March_24.jpeg
2026-07-31 22:02:04,178 | INFO | ============================================================
2026-07-31 22:02:04,178 | INFO | STEP 4 RUN COMPLETE
2026-07-31 22:02:04,178 | INFO | OK (accepted)     : 153
2026-07-31 22:02:04,178 | INFO | No face           : 21
2026-07-31 22:02:04,179 | INFO | Multiple faces    : 109
2026-07-31 22:02:04,179 | INFO | Face too small    : 27
2026-07-31 22:02:04,179 | INFO | Download errors   : 189 (will retry)
2026-07-31 22:02:04,179 | INFO | Detector errors   : 1 (will retry)
2026-07-31 22:02:04,179 | INFO | ============================================================
2026-07-31 22:15:42,795 | INFO | MTCNN initialized on device: cuda
2026-07-31 22:15:43,089 | INFO | ============================================================
2026-07-31 22:15:43,089 | INFO | STEP 4 START (Face Verification)
2026-07-31 22:15:43,089 | INFO | Total candidates     : 4171
2026-07-31 22:15:43,089 | INFO | Already checked      : 2823
2026-07-31 22:15:43,089 | INFO | Remaining pending    : 1348
2026-07-31 22:15:43,089 | INFO | This run             : 500
2026-07-31 22:15:43,089 | INFO | Device               : cuda
2026-07-31 22:15:43,089 | INFO | ============================================================
2026-07-31 22:15:43,463 | WARNING | Download failed: https://lookaside.fbsbx.com/lookaside/crawler/threads/DZDE9TGlp6M/0/image.jpg | cannot identify image file <_io.BytesIO object at 0x70a6ceb91cc0>
2026-07-31 22:15:52,418 | WARNING | Download failed: https://www.mdpi.com/jimaging/jimaging-08-00263/article_deploy/html/images/jimaging-08-00263-g008-550.jpg | 403 Client Error: Forbidden for url: https://www.mdpi.com/jimaging/jimaging-08-00263/article_deploy/html/images/jimaging-08-00263-g008-550.jpg
2026-07-31 22:15:52,937 | WARNING | Download failed: https://www.livemint.com/lm-img/img/2024/05/07/optimize/Alia_Bhatt_Deepfake_1715069582605_1715069596521.png | ('Connection aborted.', ConnectionResetError(104, 'Connection reset by peer'))
2026-07-31 22:15:53,577 | WARNING | Download failed: https://lookaside.fbsbx.com/lookaside/crawler/instagram/DQbAbycEwWc/0/image.jpg | cannot identify image file <_io.BytesIO object at 0x70a77a4958b0>
2026-07-31 22:15:54,207 | WARNING | Download failed: https://lookaside.fbsbx.com/lookaside/crawler/instagram/amberheard/profile_pic.jpg | cannot identify image file <_io.BytesIO object at 0x70a6df1b1900>
2026-07-31 22:15:54,826 | WARNING | Download failed: https://lookaside.fbsbx.com/lookaside/crawler/instagram/DZU5Mo-y9I1/0/image.jpg | cannot identify image file <_io.BytesIO object at 0x70a77a4958b0>
2026-07-31 22:15:55,441 | WARNING | Download failed: https://lookaside.fbsbx.com/lookaside/crawler/threads/DEk0T1NTS2D/1/image.jpg | cannot identify image file <_io.BytesIO object at 0x70a6de5b3860>
2026-07-31 22:16:00,190 | WARNING | Download failed: https://www.celebritykind.com/wp-content/uploads/2024/06/shutterstock_717129223-scaled-e1717488964123-839x1024.jpg | 403 Client Error: Forbidden for url: https://www.celebritykind.com/wp-content/uploads/2024/06/shutterstock_717129223-scaled-e1717488964123-839x1024.jpg
2026-07-31 22:16:00,848 | WARNING | Download failed: https://lookaside.fbsbx.com/lookaside/crawler/instagram/DQhDvvcjF6P/0/image.jpg | cannot identify image file <_io.BytesIO object at 0x70a6d1c65f90>
2026-07-31 22:16:01,474 | WARNING | Download failed: https://lookaside.fbsbx.com/lookaside/crawler/instagram/DY1UvvDKflO/0/image.jpg | cannot identify image file <_io.BytesIO object at 0x70a6df1b1900>
2026-07-31 22:16:02,304 | WARNING | Download failed: https://www.hockeydb.com/ihdb/photos/auston-matthews-2024-38.jpg | 403 Client Error: Forbidden for url: https://www.hockeydb.com/ihdb/photos/auston-matthews-2024-38.jpg
2026-07-31 22:16:03,023 | WARNING | Download failed: https://www.usatoday.com/gcdn/authoring/authoring-images/2026/01/19/USAT/88255393007-landman-210-em-0718-01245-rt-f.jpg?crop=2999,1687,x0,y156&width=660&height=371&format=pjpg&auto=webp | 406 Client Error: Not Acceptable for url: https://www.usatoday.com/gcdn/authoring/authoring-images/2026/01/19/USAT/88255393007-landman-210-em-0718-01245-rt-f.jpg?crop=2999,1687,x0,y156&width=660&height=371&format=pjpg&auto=webp
2026-07-31 22:16:11,883 | ERROR | Detector failed: http://www.smh.com.au/content/dam/images/4/9/o/r/9/image.imgtype.videoThumbnail.729x410.png/1453967434294.jpg | torch.cat(): expected a non-empty list of Tensors
Traceback (most recent call last):
  File "/home/amna/Real-vs-Fake/Scripts/04_face_check.py", line 275, in main
    status, face_count, box, area_ratio, detail = evaluate_faces(img)
  File "/home/amna/Real-vs-Fake/Scripts/04_face_check.py", line 199, in evaluate_faces
    boxes, probs = DETECTOR.detect(img)
  File "/home/amna/miniconda3/envs/deepfake/lib/python3.9/site-packages/facenet_pytorch/models/mtcnn.py", line 313, in detect
    batch_boxes, batch_points = detect_face(
  File "/home/amna/miniconda3/envs/deepfake/lib/python3.9/site-packages/facenet_pytorch/models/utils/detect_face.py", line 83, in detect_face
    boxes = torch.cat(boxes, dim=0)
RuntimeError: torch.cat(): expected a non-empty list of Tensors
2026-07-31 22:16:17,707 | WARNING | Download failed: https://www.koimoi.com/wp-content/new-galleries/2023/03/the-avengers-90s-edition-ai-generated-is-impressed-from-tom-cruise-as-iron-man-to-bruce-willis-will-smith-more-heresheres-who-all-made-the-cast-001.jpg | 403 Client Error: Forbidden for url: https://www.koimoi.com/wp-content/new-galleries/2023/03/the-avengers-90s-edition-ai-generated-is-impressed-from-tom-cruise-as-iron-man-to-bruce-willis-will-smith-more-heresheres-who-all-made-the-cast-001.jpg
2026-07-31 22:16:18,411 | WARNING | Download failed: https://lookaside.fbsbx.com/lookaside/crawler/threads/DY0PjBWEiLD/0/image.jpg | cannot identify image file <_io.BytesIO object at 0x70a6ceafadb0>
2026-07-31 22:16:19,036 | WARNING | Download failed: https://adultdeepfakes.com/contents/videos_screenshots/40000/40786/preview.mp4.jpg | ('Connection aborted.', ConnectionResetError(104, 'Connection reset by peer'))
2026-07-31 22:16:19,610 | WARNING | Download failed: https://www.alrincon.com/imagenesblog2/varios/camerondiazdeepfake.jpg | ('Connection aborted.', ConnectionResetError(104, 'Connection reset by peer'))
2026-07-31 22:16:20,238 | WARNING | Download failed: https://lookaside.fbsbx.com/lookaside/crawler/instagram/DYI6gmARFpE/0/image.jpg | cannot identify image file <_io.BytesIO object at 0x70a6d1c65f90>
2026-07-31 22:16:20,808 | WARNING | Download failed: https://documents.iplt20.com/ipl/IPLHeadshot2026/550.png | 403 Client Error: Forbidden for url: https://documents.iplt20.com/ipl/IPLHeadshot2026/550.png
2026-07-31 22:16:30,555 | WARNING | Download failed: https://upload.wikimedia.org/wikipedia/commons/7/77/Chloe_Kim_PCSFN_Headshot_2023.jpg | 429 Client Error: Too Many Requests (015d12c) for url: https://upload.wikimedia.org/wikipedia/commons/7/77/Chloe_Kim_PCSFN_Headshot_2023.jpg
2026-07-31 22:16:31,146 | WARNING | Download failed: https://upload.wikimedia.org/wikipedia/commons/7/73/Chris_Tucker_by_Gage_Skidmore.jpg | 429 Client Error: Too Many Requests (015d12c) for url: https://upload.wikimedia.org/wikipedia/commons/7/73/Chris_Tucker_by_Gage_Skidmore.jpg
2026-07-31 22:16:31,730 | WARNING | Download failed: https://upload.wikimedia.org/wikipedia/commons/thumb/b/be/Chris_Tucker_1996.jpg/250px-Chris_Tucker_1996.jpg | 429 Client Error: Too Many Requests (015d12c) for url: https://upload.wikimedia.org/wikipedia/commons/thumb/b/be/Chris_Tucker_1996.jpg/250px-Chris_Tucker_1996.jpg
2026-07-31 22:16:32,328 | WARNING | Download failed: https://upload.wikimedia.org/wikipedia/commons/0/0a/Christian_Bale-7837.jpg | 429 Client Error: Too Many Requests (015d12c) for url: https://upload.wikimedia.org/wikipedia/commons/0/0a/Christian_Bale-7837.jpg
2026-07-31 22:16:53,684 | WARNING | Download failed: https://www.ecranlarge.com/content/uploads/2019/08/tom-cruise-photo-deepfake-american-psycho-1094097.png | HTTPSConnectionPool(host='www.ecranlarge.com', port=443): Max retries exceeded with url: /content/uploads/2019/08/tom-cruise-photo-deepfake-american-psycho-1094097.png (Caused by ConnectTimeoutError(<urllib3.connection.HTTPSConnection object at 0x70a6df0afd90>, 'Connection to www.ecranlarge.com timed out. (connect timeout=15)'))
2026-07-31 22:16:54,285 | WARNING | Download failed: https://upload.wikimedia.org/wikipedia/commons/f/fd/Christian_Clavier_Cannes_2013.jpg | 429 Client Error: Too Many Requests (015d12c) for url: https://upload.wikimedia.org/wikipedia/commons/f/fd/Christian_Clavier_Cannes_2013.jpg
2026-07-31 22:16:54,922 | WARNING | Download failed: https://lookaside.fbsbx.com/lookaside/crawler/threads/DHuogAmsBRm/0/image.jpg | cannot identify image file <_io.BytesIO object at 0x70a6de5b3860>
2026-07-31 22:16:55,963 | WARNING | Download failed: https://c.ndtvimg.com/2021-03/fba3qug_tom-cruise-deepfake-video_625x300_04_March_21.jpg | 403 Client Error: Forbidden for url: https://c.ndtvimg.com/2021-03/fba3qug_tom-cruise-deepfake-video_625x300_04_March_21.jpg
2026-07-31 22:16:57,600 | WARNING | Download failed: http://ghostbustersnews.com/wp-content/uploads/2023/04/arnold_ghostbusters_deepfake.jpg | 403 Client Error: Forbidden for url: http://ghostbustersnews.com/wp-content/uploads/2023/04/arnold_ghostbusters_deepfake.jpg
2026-07-31 22:16:58,193 | WARNING | Download failed: https://upload.wikimedia.org/wikipedia/commons/4/43/David_Arquette_Alpha1_2019_%28cropped%29.jpg | 429 Client Error: Too Many Requests (015d12c) for url: https://upload.wikimedia.org/wikipedia/commons/4/43/David_Arquette_Alpha1_2019_%28cropped%29.jpg
2026-07-31 22:16:58,624 | WARNING | Download failed: https://documents.iplt20.com/ipl/IPLHeadshot2026/128.png | 403 Client Error: Forbidden for url: https://documents.iplt20.com/ipl/IPLHeadshot2026/128.png
2026-07-31 22:17:00,134 | WARNING | Download failed: https://davidmiller.ai/wp-content/uploads/2024/08/teentempo_imagine_in_the_style_of_brooke_shaden_oil_painting__a0838d8c-ee64-428e-a4ac-a3e3a78f6bf3_3.png | 403 Client Error: Forbidden for url: https://davidmiller.ai/wp-content/uploads/2024/08/teentempo_imagine_in_the_style_of_brooke_shaden_oil_painting__a0838d8c-ee64-428e-a4ac-a3e3a78f6bf3_3.png
2026-07-31 22:17:00,817 | WARNING | Download failed: https://missouriindependent.com/wp-content/uploads/2026/02/IMG_3609-1536x922.jpeg | 403 Client Error: Forbidden for url: https://missouriindependent.com/wp-content/uploads/2026/02/IMG_3609-1536x922.jpeg
2026-07-31 22:17:01,776 | WARNING | Download failed: https://davidmiller.ai/wp-content/uploads/2024/08/room2-1.jpg | 403 Client Error: Forbidden for url: https://davidmiller.ai/wp-content/uploads/2024/08/room2-1.jpg
2026-07-31 22:17:02,412 | WARNING | Download failed: https://lookaside.fbsbx.com/lookaside/crawler/threads/DDxVOmRvCz6/0/image.jpg | cannot identify image file <_io.BytesIO object at 0x70a6de5b3860>
2026-07-31 22:17:03,061 | WARNING | Download failed: https://lookaside.fbsbx.com/lookaside/crawler/instagram/CHv0LyvHM3B/0/image.jpg | cannot identify image file <_io.BytesIO object at 0x70a77a4958b0>
2026-07-31 22:17:03,688 | WARNING | Download failed: https://lookaside.fbsbx.com/lookaside/crawler/instagram/DXhnF1xjcQW/0/image.jpg | cannot identify image file <_io.BytesIO object at 0x70a6de5b3860>
2026-07-31 22:17:04,332 | WARNING | Download failed: https://lookaside.fbsbx.com/lookaside/crawler/instagram/CeGwyCeLI8l/0/image.jpg | cannot identify image file <_io.BytesIO object at 0x70a6df1aac70>
2026-07-31 22:17:04,965 | WARNING | Download failed: https://lookaside.fbsbx.com/lookaside/crawler/instagram/DXmsI2gked4/0/image.jpg | cannot identify image file <_io.BytesIO object at 0x70a6df1b1900>
2026-07-31 22:17:05,604 | WARNING | Download failed: https://lookaside.fbsbx.com/lookaside/crawler/instagram/C11m2cIIzTa/0/image.jpg | cannot identify image file <_io.BytesIO object at 0x70a6de5b3860>
2026-07-31 22:17:05,990 | WARNING | Download failed: https://documents.iplt20.com/ipl/IPLHeadshot2025/601.png | 403 Client Error: Forbidden for url: https://documents.iplt20.com/ipl/IPLHeadshot2025/601.png
2026-07-31 22:17:08,375 | WARNING | Download failed: https://upload.wikimedia.org/wikipedia/commons/7/7e/Dwayne_Johnson-1764_%284x5_cropped_with_moderate_headroom%29.jpg | 429 Client Error: Too Many Requests (015d12c) for url: https://upload.wikimedia.org/wikipedia/commons/7/7e/Dwayne_Johnson-1764_%284x5_cropped_with_moderate_headroom%29.jpg
2026-07-31 22:17:08,979 | WARNING | Download failed: https://upload.wikimedia.org/wikipedia/commons/4/48/2025_Dylan_O%27Brien_%28cropped%29.jpg | 429 Client Error: Too Many Requests (015d12c) for url: https://upload.wikimedia.org/wikipedia/commons/4/48/2025_Dylan_O%27Brien_%28cropped%29.jpg
2026-07-31 22:17:09,579 | WARNING | Download failed: https://upload.wikimedia.org/wikipedia/commons/a/a1/Actress_Malin_Akerman_Visits_TODAY_Show_%2850026255087%29_%28cropped2%29.jpg | 429 Client Error: Too Many Requests (015d12c) for url: https://upload.wikimedia.org/wikipedia/commons/a/a1/Actress_Malin_Akerman_Visits_TODAY_Show_%2850026255087%29_%28cropped2%29.jpg
2026-07-31 22:17:10,228 | WARNING | Download failed: https://lookaside.fbsbx.com/lookaside/crawler/instagram/dylandreyernbc/profile_pic.jpg | cannot identify image file <_io.BytesIO object at 0x70a6df1aac70>
2026-07-31 22:17:11,103 | WARNING | Download failed: https://tandem.app/files/can-you-spot-a-deepfake-social-image.png | 404 Client Error: Not Found for url: https://tandem.app/files/can-you-spot-a-deepfake-social-image.png
2026-07-31 22:17:16,026 | WARNING | Download failed: https://internationalbanker.com/wp-content/uploads/2021/02/Deepfake-Technology.png | 403 Client Error: Forbidden for url: https://internationalbanker.com/wp-content/uploads/2021/02/Deepfake-Technology.png
2026-07-31 22:17:16,623 | WARNING | Download failed: https://upload.wikimedia.org/wikipedia/commons/5/5f/2017%E2%80%9318_W_Ashes_A_v_E_Test_17-11-09_Perry_portrait_%2802%29.jpg | 429 Client Error: Too many requests - please contact noc@wikimedia.org to discuss a less disruptive approach or instead use thumbnail images in sizes listed on https://w.wiki/GHai. (0c640b1) for url: https://upload.wikimedia.org/wikipedia/commons/5/5f/2017%E2%80%9318_W_Ashes_A_v_E_Test_17-11-09_Perry_portrait_%2802%29.jpg
2026-07-31 22:17:17,327 | WARNING | Download failed: https://lookaside.fbsbx.com/lookaside/crawler/threads/DbGPhw6iWnn/0/image.jpg | cannot identify image file <_io.BytesIO object at 0x70a6ceafadb0>
2026-07-31 22:17:17,970 | WARNING | Download failed: https://lookaside.fbsbx.com/lookaside/crawler/threads/DTVdvkxElHA/0/image.jpg | cannot identify image file <_io.BytesIO object at 0x70a7747fd130>
2026-07-31 22:17:18,582 | WARNING | Download failed: https://upload.wikimedia.org/wikipedia/commons/5/5e/Elon_Musk_-_54820081119_%28cropped%29.jpg | 429 Client Error: Too many requests - please contact noc@wikimedia.org to discuss a less disruptive approach or instead use thumbnail images in sizes listed on https://w.wiki/GHai. (0c640b1) for url: https://upload.wikimedia.org/wikipedia/commons/5/5e/Elon_Musk_-_54820081119_%28cropped%29.jpg
2026-07-31 22:17:30,997 | WARNING | Download failed: https://web-cdnprod.aa.com.tr/uploads/Contents/2024/10/22/thumbs_b_c_95fae517eb48db7745a60a3b929d78e0.jpg?v=170617 | HTTPSConnectionPool(host='web-cdnprod.aa.com.tr', port=443): Max retries exceeded with url: /uploads/Contents/2024/10/22/thumbs_b_c_95fae517eb48db7745a60a3b929d78e0.jpg?v=170617 (Caused by NewConnectionError('<urllib3.connection.HTTPSConnection object at 0x70a6df0af610>: Failed to establish a new connection: [Errno -3] Temporary failure in name resolution'))
2026-07-31 22:17:35,917 | WARNING | Download failed: https://imagerenderer.com/images/rendered/default/print/7.5/10/break/images/artworkimages/medium/3/elon-musks-fight-for-the-future-of-ai-nigel-buchanan.jpg | broken data stream when reading image file
2026-07-31 22:17:36,509 | WARNING | Download failed: https://upload.wikimedia.org/wikipedia/commons/a/a1/Emma_Roberts_After_The_Hunt-06_%28cropped%29.jpg | 429 Client Error: Too many requests - please contact noc@wikimedia.org to discuss a less disruptive approach or instead use thumbnail images in sizes listed on https://w.wiki/GHai. (0c640b1) for url: https://upload.wikimedia.org/wikipedia/commons/a/a1/Emma_Roberts_After_The_Hunt-06_%28cropped%29.jpg
2026-07-31 22:17:37,250 | WARNING | Download failed: https://www.innovationaus.com/wp-content/uploads/2025/03/Deepfake_AI_shutterstock_800x600.jpg | 403 Client Error: Forbidden for url: https://www.innovationaus.com/wp-content/uploads/2025/03/Deepfake_AI_shutterstock_800x600.jpg
2026-07-31 22:17:37,838 | WARNING | Download failed: https://upload.wikimedia.org/wikipedia/commons/7/78/MKr385780_Emma_Mackey_%28Alpha%2C_Cannes_2025%29.jpg | 429 Client Error: Too many requests - please contact noc@wikimedia.org to discuss a less disruptive approach or instead use thumbnail images in sizes listed on https://w.wiki/GHai. (0c640b1) for url: https://upload.wikimedia.org/wikipedia/commons/7/78/MKr385780_Emma_Mackey_%28Alpha%2C_Cannes_2025%29.jpg
2026-07-31 22:17:53,591 | WARNING | Download failed: https://www.mcafee.com/blogs/wp-content/uploads/2025/11/Celeb-Hacker-Hotlist.png | HTTPSConnectionPool(host='www.mcafee.com', port=443): Read timed out. (read timeout=15)
2026-07-31 22:18:11,335 | WARNING | Download failed: https://www.mcafee.com/blogs/wp-content/uploads/2025/11/1.-USA-CELEBS.png | HTTPSConnectionPool(host='www.mcafee.com', port=443): Read timed out. (read timeout=15)
2026-07-31 22:18:13,741 | WARNING | Download failed: https://www.koimoi.com/wp-content/new-galleries/2023/07/fawad-khan-reimagined-as-hunky-batman-by-an-ai-artist-but-gets-trolled-massively-online-netizens-react-check-out-001.jpg | 403 Client Error: Forbidden for url: https://www.koimoi.com/wp-content/new-galleries/2023/07/fawad-khan-reimagined-as-hunky-batman-by-an-ai-artist-but-gets-trolled-massively-online-netizens-react-check-out-001.jpg
2026-07-31 22:18:14,696 | WARNING | Download failed: https://c.ndtvimg.com/2024-04/072utg7g_aamir-khan-deepfake-fake-label_625x300_17_April_24.jpg | 403 Client Error: Forbidden for url: https://c.ndtvimg.com/2024-04/072utg7g_aamir-khan-deepfake-fake-label_625x300_17_April_24.jpg
2026-07-31 22:18:16,164 | WARNING | Download failed: https://upload.wikimedia.org/wikipedia/commons/b/b4/Retrato_Oficial_Presidente_Boric_Font.jpg | 429 Client Error: Too many requests - please contact noc@wikimedia.org to discuss a less disruptive approach or instead use thumbnail images in sizes listed on https://w.wiki/GHai. (0c640b1) for url: https://upload.wikimedia.org/wikipedia/commons/b/b4/Retrato_Oficial_Presidente_Boric_Font.jpg
2026-07-31 22:18:17,178 | WARNING | Download failed: https://cdn.newser.com/square-image/392026-20260701052759/ai-generated-voice-of-gene-wilder-featured-in-wonka-series.jpeg | 403 Client Error: Forbidden for url: https://cdn.newser.com/square-image/392026-20260701052759/ai-generated-voice-of-gene-wilder-featured-in-wonka-series.jpeg
2026-07-31 22:18:17,776 | WARNING | Download failed: https://upload.wikimedia.org/wikipedia/commons/0/07/George_C._Scott_-_publicity.JPG | 429 Client Error: Too many requests - please contact noc@wikimedia.org to discuss a less disruptive approach or instead use thumbnail images in sizes listed on https://w.wiki/GHai. (0c640b1) for url: https://upload.wikimedia.org/wikipedia/commons/0/07/George_C._Scott_-_publicity.JPG
2026-07-31 22:18:24,033 | WARNING | Download failed: https://www.creativindie.com/wp-content/uploads/2023/02/tesocraderek_Abstract_Art_Vibrant_colors_Geometric_shapes_Abstr_75ce4982-61b5-4625-81d7-05b2c71445ec.jpg | 403 Client Error: Forbidden for url: https://www.creativindie.com/wp-content/uploads/2023/02/tesocraderek_Abstract_Art_Vibrant_colors_Geometric_shapes_Abstr_75ce4982-61b5-4625-81d7-05b2c71445ec.jpg
2026-07-31 22:18:25,210 | WARNING | Download failed: https://www.newsmobile.in/wp-content/uploads/2025/02/Screenshot-2025-02-20-182138.png | cannot identify image file <_io.BytesIO object at 0x70a6df1aac70>
2026-07-31 22:18:26,192 | WARNING | Download failed: https://www.newsmobile.in/wp-content/uploads/2025/02/476788826_122160398048302902_5422970338347386911_n.jpg | cannot identify image file <_io.BytesIO object at 0x70a6ceb8c5e0>
2026-07-31 22:18:26,968 | WARNING | Download failed: https://www.innovationaus.com/wp-content/uploads/2021/03/Joseph_Brookes_authorhead2023.jpg | 403 Client Error: Forbidden for url: https://www.innovationaus.com/wp-content/uploads/2021/03/Joseph_Brookes_authorhead2023.jpg
2026-07-31 22:18:29,073 | WARNING | Download failed: https://www.newsmobile.in/wp-content/uploads/2025/02/Zinta_Mazwell_FC.jpg | cannot identify image file <_io.BytesIO object at 0x70a77b0a7400>
2026-07-31 22:18:29,756 | WARNING | Download failed: https://lookaside.fbsbx.com/lookaside/crawler/threads/DKOdX3XsCeV/0/image.jpg | cannot identify image file <_io.BytesIO object at 0x70a6df1aac70>
2026-07-31 22:18:30,361 | WARNING | Download failed: https://upload.wikimedia.org/wikipedia/commons/8/88/Crew_members_of_the_movie_%22Genius%22_at_the_Berlinale_party_%2825036107966%29_%28cropped%29.jpg | 429 Client Error: Too many requests - please contact noc@wikimedia.org to discuss a less disruptive approach or instead use thumbnail images in sizes listed on https://w.wiki/GHai. (0c640b1) for url: https://upload.wikimedia.org/wikipedia/commons/8/88/Crew_members_of_the_movie_%22Genius%22_at_the_Berlinale_party_%2825036107966%29_%28cropped%29.jpg
2026-07-31 22:18:33,071 | WARNING | Download failed: https://upload.wikimedia.org/wikipedia/commons/0/0c/Hadiqa_Kiani_Pakistani_Singer.jpg | 429 Client Error: Too many requests - please contact noc@wikimedia.org to discuss a less disruptive approach or instead use thumbnail images in sizes listed on https://w.wiki/GHai. (0c640b1) for url: https://upload.wikimedia.org/wikipedia/commons/0/0c/Hadiqa_Kiani_Pakistani_Singer.jpg
2026-07-31 22:18:33,752 | WARNING | Download failed: https://lookaside.fbsbx.com/lookaside/crawler/instagram/hadiqakianiofficial/profile_pic.jpg | cannot identify image file <_io.BytesIO object at 0x70a77b0a7400>
2026-07-31 22:18:34,362 | WARNING | Download failed: https://upload.wikimedia.org/wikipedia/commons/a/aa/Halle_Berry-1910.jpg | 429 Client Error: Too many requests - please contact noc@wikimedia.org to discuss a less disruptive approach or instead use thumbnail images in sizes listed on https://w.wiki/GHai. (0c640b1) for url: https://upload.wikimedia.org/wikipedia/commons/a/aa/Halle_Berry-1910.jpg
2026-07-31 22:18:39,122 | WARNING | Download failed: https://media.eventhubs.com/images/2020/02/24-more-deepfakes-mortal-kombat-11-see-christopher-lambert-gal-gadot.jpg | HTTPSConnectionPool(host='media.eventhubs.com', port=443): Max retries exceeded with url: /images/2020/02/24-more-deepfakes-mortal-kombat-11-see-christopher-lambert-gal-gadot.jpg (Caused by SSLError(SSLCertVerificationError(1, '[SSL: CERTIFICATE_VERIFY_FAILED] certificate verify failed: unable to get local issuer certificate (_ssl.c:1147)')))
2026-07-31 22:18:39,979 | WARNING | Download failed: https://cdn.lumenor.ai/lumenor/lumenor.jpg | 403 Client Error: Forbidden for url: https://cdn.lumenor.ai/lumenor/lumenor.jpg
2026-07-31 22:18:40,611 | WARNING | Download failed: https://lookaside.fbsbx.com/lookaside/crawler/instagram/DU2-x0Vl7rx/0/image.jpg | cannot identify image file <_io.BytesIO object at 0x70a77a4958b0>
2026-07-31 22:18:44,997 | WARNING | Download failed: https://documents.bcci.tv/resizedimageskirti/2740_compress.png | 403 Client Error: Forbidden for url: https://documents.bcci.tv/resizedimageskirti/2740_compress.png
2026-07-31 22:18:46,076 | WARNING | Download failed: https://www.newsmobile.in/wp-content/uploads/2025/03/Screenshot-2025-03-18-180246.png | cannot identify image file <_io.BytesIO object at 0x70a6de5b3860>
2026-07-31 22:18:47,064 | WARNING | Download failed: https://www.newsmobile.in/wp-content/uploads/2025/03/Screenshot-2025-03-31-212759.png | cannot identify image file <_io.BytesIO object at 0x70a6ceb8c5e0>
2026-07-31 22:18:47,933 | WARNING | Download failed: https://www.newsmobile.in/wp-content/uploads/2024/12/Screenshot-2024-12-31-182414.png | cannot identify image file <_io.BytesIO object at 0x70a77a4958b0>
2026-07-31 22:18:48,702 | WARNING | Download failed: https://www.vishvasnews.com/wp-content/uploads/2024/12/vishvasnews-1-2024-12-30T165530.093-1.jpg | ('Connection aborted.', ConnectionResetError(104, 'Connection reset by peer'))
2026-07-31 22:18:49,644 | WARNING | Download failed: https://www.newsmobile.in/wp-content/uploads/2025/04/Screenshot-2025-04-09-135737.png | cannot identify image file <_io.BytesIO object at 0x70a6de5b3860>
2026-07-31 22:19:07,743 | WARNING | Download failed: https://img.fcbayern.com/image/upload/f_auto/q_auto/ar_1:1,c_fill,g_custom,w_768/v1785247532/cms/public/images/fcbayern-com/players/spielerportraits/ganzkoerper/harry-kane.png | HTTPSConnectionPool(host='img.fcbayern.com', port=443): Read timed out. (read timeout=15)
2026-07-31 22:19:08,350 | WARNING | Download failed: https://upload.wikimedia.org/wikipedia/commons/2/23/MerchantIvoryCurzMayfair201124_%2816_of_28%29_%2854154554145%29_%28cropped%29.jpg | 429 Client Error: Too many requests - please contact noc@wikimedia.org to discuss a less disruptive approach or instead use thumbnail images in sizes listed on https://w.wiki/GHai. (0c640b1) for url: https://upload.wikimedia.org/wikipedia/commons/2/23/MerchantIvoryCurzMayfair201124_%2816_of_28%29_%2854154554145%29_%28cropped%29.jpg
2026-07-31 22:19:09,006 | WARNING | Download failed: https://lookaside.fbsbx.com/lookaside/crawler/instagram/DU7NSlRjZPI/0/image.jpg | cannot identify image file <_io.BytesIO object at 0x70a6ceafad10>
2026-07-31 22:19:09,654 | WARNING | Download failed: https://lookaside.fbsbx.com/lookaside/crawler/instagram/DUH9EwHEdw_/0/image.jpg | cannot identify image file <_io.BytesIO object at 0x70a6df0aaf90>
2026-07-31 22:19:10,262 | WARNING | Download failed: https://upload.wikimedia.org/wikipedia/commons/a/ab/Holly_Hunter_by_Gage_Skidmore_2.jpg | 429 Client Error: Too many requests - please contact noc@wikimedia.org to discuss a less disruptive approach or instead use thumbnail images in sizes listed on https://w.wiki/GHai. (0c640b1) for url: https://upload.wikimedia.org/wikipedia/commons/a/ab/Holly_Hunter_by_Gage_Skidmore_2.jpg
2026-07-31 22:19:10,892 | WARNING | Download failed: https://lookaside.fbsbx.com/lookaside/crawler/instagram/DUBVEzoE-lu/0/image.jpg | cannot identify image file <_io.BytesIO object at 0x70a77a4958b0>
2026-07-31 22:19:26,879 | WARNING | Download failed: https://www.esafety.gov.au/sites/default/files/2020-04/esafety-deep-fakes.jpg | HTTPSConnectionPool(host='www.esafety.gov.au', port=443): Read timed out. (read timeout=15)
2026-07-31 22:19:27,674 | WARNING | Download failed: https://upload.wikimedia.org/wikipedia/commons/8/88/Ibrahim_Traor%C3%A9_portrait.jpg | 429 Client Error: Too many requests - please contact noc@wikimedia.org to discuss a less disruptive approach or instead use thumbnail images in sizes listed on https://w.wiki/GHai. (0c640b1) for url: https://upload.wikimedia.org/wikipedia/commons/8/88/Ibrahim_Traor%C3%A9_portrait.jpg
2026-07-31 22:19:28,357 | WARNING | Download failed: https://lookaside.fbsbx.com/lookaside/crawler/instagram/DWjXBe7jGZC/0/image.jpg | cannot identify image file <_io.BytesIO object at 0x70a6df0a5ef0>
2026-07-31 22:19:28,997 | WARNING | Download failed: https://lookaside.fbsbx.com/lookaside/crawler/instagram/DWO79cmEdBo/0/image.jpg | cannot identify image file <_io.BytesIO object at 0x70a77a4958b0>
2026-07-31 22:19:36,684 | WARNING | Download failed: http://media.wired.com/photos/63eae1b71b87b32b35988c5e/master/pass/Culture_Deepfake-Porn-Harm.jpg | ('Connection aborted.', ConnectionResetError(104, 'Connection reset by peer'))
2026-07-31 22:19:37,529 | WARNING | Download failed: https://documents.bcci.tv/resizedimageskirti/31_compress.png | 403 Client Error: Forbidden for url: https://documents.bcci.tv/resizedimageskirti/31_compress.png
2026-07-31 22:19:38,533 | WARNING | Download failed: https://c.ndtvimg.com/2026-02/4cedpp14_ishan-kishan-aditi-hundia-insta_625x300_18_February_26.jpeg | 403 Client Error: Forbidden for url: https://c.ndtvimg.com/2026-02/4cedpp14_ishan-kishan-aditi-hundia-insta_625x300_18_February_26.jpeg
2026-07-31 22:19:41,341 | WARNING | Download failed: https://lookaside.fbsbx.com/lookaside/crawler/threads/DV-uOUlDQ_Y/0/image.jpg | cannot identify image file <_io.BytesIO object at 0x70a77a4958b0>
2026-07-31 22:19:41,996 | WARNING | Download failed: https://lookaside.fbsbx.com/lookaside/crawler/threads/DVpzrVyCOqh/0/image.jpg | cannot identify image file <_io.BytesIO object at 0x70a6df0a5f40>
2026-07-31 22:19:42,603 | WARNING | Download failed: https://upload.wikimedia.org/wikipedia/commons/6/6d/20th_Anniversary_Schwab_Foundation_Gala_Dinner_%2844887783681%29_%28cropped%29.jpg | 429 Client Error: Too many requests - please contact noc@wikimedia.org to discuss a less disruptive approach or instead use thumbnail images in sizes listed on https://w.wiki/GHai. (0c640b1) for url: https://upload.wikimedia.org/wikipedia/commons/6/6d/20th_Anniversary_Schwab_Foundation_Gala_Dinner_%2844887783681%29_%28cropped%29.jpg
2026-07-31 22:19:43,579 | WARNING | Download failed: https://lookaside.fbsbx.com/lookaside/crawler/threads/DbBuD62EZQK/0/image.jpg | cannot identify image file <_io.BytesIO object at 0x70a6df1aac70>
2026-07-31 22:19:44,384 | WARNING | Download failed: https://media.eventhubs.com/images/2020/02/21-someone-used-deepfake-add-celebrities-mortal-kombat-11-and-its-p.jpg | HTTPSConnectionPool(host='media.eventhubs.com', port=443): Max retries exceeded with url: /images/2020/02/21-someone-used-deepfake-add-celebrities-mortal-kombat-11-and-its-p.jpg (Caused by SSLError(SSLCertVerificationError(1, '[SSL: CERTIFICATE_VERIFY_FAILED] certificate verify failed: unable to get local issuer certificate (_ssl.c:1147)')))
2026-07-31 22:20:04,695 | WARNING | Download failed: https://www.jewishvoicesnj.org/wp-content/uploads/images/2022-07-13/31p1.jpg | HTTPSConnectionPool(host='www.jewishvoicesnj.org', port=443): Max retries exceeded with url: /wp-content/uploads/images/2022-07-13/31p1.jpg (Caused by ConnectTimeoutError(<urllib3.connection.HTTPSConnection object at 0x70a6df06c1c0>, 'Connection to www.jewishvoicesnj.org timed out. (connect timeout=15)'))
2026-07-31 22:20:05,302 | WARNING | Download failed: https://upload.wikimedia.org/wikipedia/commons/3/3f/James_Caan_Guillaume_Canet_Cannes_2013_cropped.jpg | 429 Client Error: Too many requests - please contact noc@wikimedia.org to discuss a less disruptive approach or instead use thumbnail images in sizes listed on https://w.wiki/GHai. (0c640b1) for url: https://upload.wikimedia.org/wikipedia/commons/3/3f/James_Caan_Guillaume_Canet_Cannes_2013_cropped.jpg
2026-07-31 22:20:11,249 | WARNING | Download failed: https://www.miataturbo.net/attachments/insert-bs-here-4/116971-ai-generated-cat-pictures-thread-jamie-lee-curtis-autograph.jpg?dateline=1404309012 | 403 Client Error: Forbidden for url: https://www.miataturbo.net/attachments/insert-bs-here-4/116971-ai-generated-cat-pictures-thread-jamie-lee-curtis-autograph.jpg?dateline=1404309012
2026-07-31 22:20:12,037 | WARNING | Download failed: https://media.cybernews.com/images/featured/2025/07/aniston-scam-deepfake.jpg | 403 Client Error: Forbidden for url: https://media.cybernews.com/images/featured/2025/07/aniston-scam-deepfake.jpg
2026-07-31 22:20:12,654 | WARNING | Download failed: https://upload.wikimedia.org/wikipedia/commons/3/3d/Jennifer_Garner_-_2024_%2854106107278%29_%28cropped%29.jpg | 429 Client Error: Too many requests - please contact noc@wikimedia.org to discuss a less disruptive approach or instead use thumbnail images in sizes listed on https://w.wiki/GHai. (0c640b1) for url: https://upload.wikimedia.org/wikipedia/commons/3/3d/Jennifer_Garner_-_2024_%2854106107278%29_%28cropped%29.jpg
2026-07-31 22:20:30,756 | WARNING | Download failed: https://i.cbc.ca/ais/cac88dcd-24d7-4eb2-9329-b0d7753983a2,1771537424460/full/max/0/default.jpg?im=Crop%2Crect%3D%280%2C0%2C3200%2C1800%29%3B | HTTPSConnectionPool(host='i.cbc.ca', port=443): Read timed out. (read timeout=15)
2026-07-31 22:20:31,887 | WARNING | Download failed: https://raindance.org/wp-content/uploads/2018/02/deepfake-3-300x216.jpg | 403 Client Error: Forbidden for url: https://raindance.org/wp-content/uploads/2018/02/deepfake-3-300x216.jpg
2026-07-31 22:20:32,562 | WARNING | Download failed: https://lookaside.fbsbx.com/lookaside/crawler/instagram/DVU9gSeDAvm/0/image.jpg | cannot identify image file <_io.BytesIO object at 0x70a6d1c65f90>
2026-07-31 22:20:33,160 | WARNING | Download failed: https://upload.wikimedia.org/wikipedia/commons/d/dc/Joaquin_Phoenix-64908_%28cropped%29.jpg | 429 Client Error: Too many requests - please contact noc@wikimedia.org to discuss a less disruptive approach or instead use thumbnail images in sizes listed on https://w.wiki/GHai. (0c640b1) for url: https://upload.wikimedia.org/wikipedia/commons/d/dc/Joaquin_Phoenix-64908_%28cropped%29.jpg
2026-07-31 22:20:33,762 | WARNING | Download failed: https://upload.wikimedia.org/wikipedia/commons/5/5b/Jodie_Foster_and_Rebecca_Zlotowski_at_NYFF_2025_02_%28cropped_headshot%29.jpg | 429 Client Error: Too many requests - please contact noc@wikimedia.org to discuss a less disruptive approach or instead use thumbnail images in sizes listed on https://w.wiki/GHai. (0c640b1) for url: https://upload.wikimedia.org/wikipedia/commons/5/5b/Jodie_Foster_and_Rebecca_Zlotowski_at_NYFF_2025_02_%28cropped_headshot%29.jpg
2026-07-31 22:20:34,357 | WARNING | Download failed: https://upload.wikimedia.org/wikipedia/commons/5/53/John_Cusack_Photo_Op_GalaxyCon_Raleigh_2019.jpg | 429 Client Error: Too many requests - please contact noc@wikimedia.org to discuss a less disruptive approach or instead use thumbnail images in sizes listed on https://w.wiki/GHai. (0c640b1) for url: https://upload.wikimedia.org/wikipedia/commons/5/53/John_Cusack_Photo_Op_GalaxyCon_Raleigh_2019.jpg
2026-07-31 22:20:39,390 | WARNING | Download failed: https://www.latinousa.org/wp-content/uploads/2026/04/lusa_johnleguizamo_cover_horizontal.jpg | 403 Client Error: Forbidden for url: https://www.latinousa.org/wp-content/uploads/2026/04/lusa_johnleguizamo_cover_horizontal.jpg
2026-07-31 22:20:39,974 | WARNING | Download failed: https://upload.wikimedia.org/wikipedia/commons/9/9d/John_Malkovich_KVIFF_2.jpg | 429 Client Error: Too many requests - please contact noc@wikimedia.org to discuss a less disruptive approach or instead use thumbnail images in sizes listed on https://w.wiki/GHai. (0c640b1) for url: https://upload.wikimedia.org/wikipedia/commons/9/9d/John_Malkovich_KVIFF_2.jpg
2026-07-31 22:20:40,768 | WARNING | Download failed: https://963kklz.com/uploads/2020/06/GettyImages-1182695105.jpg?format=auto&optimize=high&width=1440 | 403 Client Error: Forbidden for url: https://963kklz.com/uploads/2020/06/GettyImages-1182695105.jpg?format=auto&optimize=high&width=1440
2026-07-31 22:20:41,779 | WARNING | Download failed: https://lookaside.fbsbx.com/lookaside/crawler/threads/DSgiiYnDsVq/0/image.jpg | cannot identify image file <_io.BytesIO object at 0x70a7747fd130>
2026-07-31 22:20:42,385 | WARNING | Download failed: https://upload.wikimedia.org/wikipedia/commons/e/ec/Josh_Brolin_SDCC_2014.jpg | 429 Client Error: Too many requests - please contact noc@wikimedia.org to discuss a less disruptive approach or instead use thumbnail images in sizes listed on https://w.wiki/GHai. (0c640b1) for url: https://upload.wikimedia.org/wikipedia/commons/e/ec/Josh_Brolin_SDCC_2014.jpg
2026-07-31 22:20:42,986 | WARNING | Download failed: https://upload.wikimedia.org/wikipedia/commons/3/3e/Josh_Hutcherson_by_Gage_Skidmore_2.jpg | 429 Client Error: Too many requests - please contact noc@wikimedia.org to discuss a less disruptive approach or instead use thumbnail images in sizes listed on https://w.wiki/GHai. (0c640b1) for url: https://upload.wikimedia.org/wikipedia/commons/3/3e/Josh_Hutcherson_by_Gage_Skidmore_2.jpg
2026-07-31 22:20:43,622 | WARNING | Download failed: https://lookaside.fbsbx.com/lookaside/crawler/instagram/DVWxPbBERwQ/0/image.jpg | cannot identify image file <_io.BytesIO object at 0x70a6d1c65f90>
2026-07-31 22:20:44,209 | WARNING | Download failed: https://documents.iplt20.com/ipl/IPLHeadshot2026/647.png | 403 Client Error: Forbidden for url: https://documents.iplt20.com/ipl/IPLHeadshot2026/647.png
2026-07-31 22:20:44,849 | WARNING | Download failed: https://lookaside.fbsbx.com/lookaside/crawler/instagram/DRILQskEqlo/0/image.jpg | cannot identify image file <_io.BytesIO object at 0x70a6df1b18b0>
2026-07-31 22:20:45,507 | WARNING | Download failed: https://lookaside.fbsbx.com/lookaside/crawler/instagram/DVmcUxcCldb/0/image.jpg | cannot identify image file <_io.BytesIO object at 0x70a77b0a7400>
2026-07-31 22:20:46,138 | WARNING | Download failed: https://lookaside.fbsbx.com/lookaside/crawler/instagram/DW4EhibEqGP/0/image.jpg | cannot identify image file <_io.BytesIO object at 0x70a6df1b1860>
2026-07-31 22:20:46,778 | WARNING | Download failed: https://lookaside.fbsbx.com/lookaside/crawler/instagram/DWE0UJnjxL4/0/image.jpg | cannot identify image file <_io.BytesIO object at 0x70a6ceafad10>
2026-07-31 22:20:47,380 | WARNING | Download failed: https://upload.wikimedia.org/wikipedia/commons/1/1a/Kathy_Bates_by_Gage_Skidmore.jpg | 429 Client Error: Too many requests - please contact noc@wikimedia.org to discuss a less disruptive approach or instead use thumbnail images in sizes listed on https://w.wiki/GHai. (0c640b1) for url: https://upload.wikimedia.org/wikipedia/commons/1/1a/Kathy_Bates_by_Gage_Skidmore.jpg
2026-07-31 22:20:50,173 | WARNING | Download failed: https://upload.wikimedia.org/wikipedia/commons/b/b4/Keanu_Reeves_at_TIFF_2025_02_%28Cropped%29.jpg | 429 Client Error: Too many requests - please contact noc@wikimedia.org to discuss a less disruptive approach or instead use thumbnail images in sizes listed on https://w.wiki/GHai. (0c640b1) for url: https://upload.wikimedia.org/wikipedia/commons/b/b4/Keanu_Reeves_at_TIFF_2025_02_%28Cropped%29.jpg
2026-07-31 22:20:50,770 | WARNING | Download failed: https://upload.wikimedia.org/wikipedia/commons/b/bc/Kevin_Costner_at_81st_Venice_Film_Festival_%28cropped%29.jpg | 429 Client Error: Too many requests - please contact noc@wikimedia.org to discuss a less disruptive approach or instead use thumbnail images in sizes listed on https://w.wiki/GHai. (0c640b1) for url: https://upload.wikimedia.org/wikipedia/commons/b/bc/Kevin_Costner_at_81st_Venice_Film_Festival_%28cropped%29.jpg
2026-07-31 22:20:55,340 | WARNING | Download failed: https://yi-ai.s3.eu-central-1.amazonaws.com/prod/0/2/2023/07/14-0013779-64b10c552c39f.png | ('Connection aborted.', ConnectionResetError(104, 'Connection reset by peer'))
2026-07-31 22:21:05,658 | WARNING | Download failed: https://image.ytn.co.kr/general/jpg/2025/0909/202509091624180521_t.jpg | HTTPSConnectionPool(host='image.ytn.co.kr', port=443): Max retries exceeded with url: /general/jpg/2025/0909/202509091624180521_t.jpg (Caused by NewConnectionError('<urllib3.connection.HTTPSConnection object at 0x70a6df0af4f0>: Failed to establish a new connection: [Errno -3] Temporary failure in name resolution'))
2026-07-31 22:21:06,245 | WARNING | Download failed: https://upload.wikimedia.org/wikipedia/commons/5/54/Kiefer_Sutherland_%2854236404161%29.jpg | 429 Client Error: Too many requests - please contact noc@wikimedia.org to discuss a less disruptive approach or instead use thumbnail images in sizes listed on https://w.wiki/GHai. (0c640b1) for url: https://upload.wikimedia.org/wikipedia/commons/5/54/Kiefer_Sutherland_%2854236404161%29.jpg
2026-07-31 22:21:06,866 | WARNING | Download failed: https://lookaside.fbsbx.com/lookaside/crawler/instagram/DRaIVawjZde/0/image.jpg | cannot identify image file <_io.BytesIO object at 0x70a6df0b8b30>
2026-07-31 22:21:08,566 | WARNING | Download failed: https://www.alainelkanninterviews.com/wp-content/uploads/2018/01/1794-KST-600x640.jpg | 403 Client Error: Forbidden for url: https://www.alainelkanninterviews.com/wp-content/uploads/2018/01/1794-KST-600x640.jpg
2026-07-31 22:21:09,171 | WARNING | Download failed: https://upload.wikimedia.org/wikipedia/commons/d/db/Kurt_Russell_by_Gage_Skidmore_2.jpg | 429 Client Error: Too many requests - please contact noc@wikimedia.org to discuss a less disruptive approach or instead use thumbnail images in sizes listed on https://w.wiki/GHai. (0c640b1) for url: https://upload.wikimedia.org/wikipedia/commons/d/db/Kurt_Russell_by_Gage_Skidmore_2.jpg
2026-07-31 22:21:09,782 | WARNING | Download failed: https://upload.wikimedia.org/wikipedia/commons/0/08/149th_Preakness_%2853731145142%29_%28cropped%29.jpg | 429 Client Error: Too many requests - please contact noc@wikimedia.org to discuss a less disruptive approach or instead use thumbnail images in sizes listed on https://w.wiki/GHai. (0c640b1) for url: https://upload.wikimedia.org/wikipedia/commons/0/08/149th_Preakness_%2853731145142%29_%28cropped%29.jpg
2026-07-31 22:21:10,418 | WARNING | Download failed: https://lookaside.fbsbx.com/lookaside/crawler/threads/DErzr4YxENP/0/image.jpg | cannot identify image file <_io.BytesIO object at 0x70a6df1aac70>
2026-07-31 22:21:11,046 | WARNING | Download failed: https://lookaside.fbsbx.com/lookaside/crawler/threads/DadSEzEjHfn/1/image.jpg | cannot identify image file <_io.BytesIO object at 0x70a6ceafadb0>
2026-07-31 22:21:11,651 | WARNING | Download failed: https://upload.wikimedia.org/wikipedia/commons/e/ee/2021%E2%80%9322_WBBL_PS_v_AS_21-10-30_Wolvaardt_%2801%29.jpg | 429 Client Error: Too many requests - please contact noc@wikimedia.org to discuss a less disruptive approach or instead use thumbnail images in sizes listed on https://w.wiki/GHai. (0c640b1) for url: https://upload.wikimedia.org/wikipedia/commons/e/ee/2021%E2%80%9322_WBBL_PS_v_AS_21-10-30_Wolvaardt_%2801%29.jpg
2026-07-31 22:21:29,879 | WARNING | Download failed: https://cdn.nba.com/manage/2026/07/lebron5.jpg | HTTPSConnectionPool(host='cdn.nba.com', port=443): Read timed out. (read timeout=15)
2026-07-31 22:21:30,531 | WARNING | Download failed: https://lookaside.fbsbx.com/lookaside/crawler/instagram/actorleeminho/profile_pic.jpg | cannot identify image file <_io.BytesIO object at 0x70a6d1c65f90>
2026-07-31 22:21:31,158 | WARNING | Download failed: https://lookaside.fbsbx.com/lookaside/crawler/instagram/DMOkrE-NEt_/0/image.jpg | cannot identify image file <_io.BytesIO object at 0x70a6df0aac20>
2026-07-31 22:21:31,762 | WARNING | Download failed: https://upload.wikimedia.org/wikipedia/commons/b/bc/Lindsay_Lohan_by_Gage_Skidmore.jpg | 429 Client Error: Too many requests - please contact noc@wikimedia.org to discuss a less disruptive approach or instead use thumbnail images in sizes listed on https://w.wiki/GHai. (0c640b1) for url: https://upload.wikimedia.org/wikipedia/commons/b/bc/Lindsay_Lohan_by_Gage_Skidmore.jpg
2026-07-31 22:21:32,398 | WARNING | Download failed: https://lookaside.fbsbx.com/lookaside/crawler/instagram/linkneal/profile_pic.jpg | cannot identify image file <_io.BytesIO object at 0x70a7747fd130>
2026-07-31 22:21:33,022 | WARNING | Download failed: https://lookaside.fbsbx.com/lookaside/crawler/instagram/livvydunne/profile_pic.jpg | cannot identify image file <_io.BytesIO object at 0x70a6df1b1950>
2026-07-31 22:21:33,650 | WARNING | Download failed: https://lookaside.fbsbx.com/lookaside/crawler/instagram/C9Tb4jVP-kC/0/image.jpg | cannot identify image file <_io.BytesIO object at 0x70a7747fd130>
2026-07-31 22:21:49,593 | WARNING | Download failed: https://img.fcbayern.com/image/upload/f_auto/q_auto/ar_1:1,c_fill,g_custom,w_768/v1785247487/cms/public/images/fcbayern-com/players/spielerportraits/teaser/luis-diaz.png | HTTPSConnectionPool(host='img.fcbayern.com', port=443): Read timed out. (read timeout=15)
2026-07-31 22:21:50,636 | WARNING | Download failed: https://c.ndtvimg.com/2024-04/jkfgj558_rahul-gandhi-fake-audio-clip_625x300_29_April_24.jpg | 403 Client Error: Forbidden for url: https://c.ndtvimg.com/2024-04/jkfgj558_rahul-gandhi-fake-audio-clip_625x300_29_April_24.jpg
2026-07-31 22:21:51,340 | WARNING | Download failed: https://c.ndtvimg.com/2025-01/1gmglqgo_indira_625x300_25_January_25.jpeg?im=FitAndFill,algorithm=dnn,width=1200,height=738 | 403 Client Error: Forbidden for url: https://c.ndtvimg.com/2025-01/1gmglqgo_indira_625x300_25_January_25.jpeg?im=FitAndFill,algorithm=dnn,width=1200,height=738
2026-07-31 22:21:52,031 | WARNING | Download failed: https://c.ndtvimg.com/2024-04/jkfgj558_rahul-gandhi-fake-audio-clip_625x300_29_April_24.jpg?im=FeatureCrop,algorithm=dnn,width=1600,height=900 | 403 Client Error: Forbidden for url: https://c.ndtvimg.com/2024-04/jkfgj558_rahul-gandhi-fake-audio-clip_625x300_29_April_24.jpg?im=FeatureCrop,algorithm=dnn,width=1600,height=900
2026-07-31 22:22:02,207 | WARNING | Download failed: https://c107833-mcdn.mp.lura.live/expiretime=2082787200/1f15f35dd754ae9a20e098584cd5cce9fd2f88e9f3a989805932c09685bb3467/iupl/351/3AA/3513AAE8104D0B155A85E7F51F0F3893.jpg | 502 Server Error: Bad Gateway for url: https://c107833-mcdn.mp.lura.live/expiretime=2082787200/1f15f35dd754ae9a20e098584cd5cce9fd2f88e9f3a989805932c09685bb3467/iupl/351/3AA/3513AAE8104D0B155A85E7F51F0F3893.jpg
2026-07-31 22:22:02,801 | WARNING | Download failed: https://upload.wikimedia.org/wikipedia/commons/8/85/Nobel_Peace_Prize_2025_-_Mar%C3%ADa_Corina_Machado_press_conference_%283x4_cropped%29.jpg | 429 Client Error: Too many requests - please contact noc@wikimedia.org to discuss a less disruptive approach or instead use thumbnail images in sizes listed on https://w.wiki/GHai. (0c640b1) for url: https://upload.wikimedia.org/wikipedia/commons/8/85/Nobel_Peace_Prize_2025_-_Mar%C3%ADa_Corina_Machado_press_conference_%283x4_cropped%29.jpg
2026-07-31 22:22:03,447 | WARNING | Download failed: https://lookaside.fbsbx.com/lookaside/crawler/instagram/DV_G3H3jI2u/0/image.jpg | cannot identify image file <_io.BytesIO object at 0x70a6df1b1950>
2026-07-31 22:22:04,092 | WARNING | Download failed: https://lookaside.fbsbx.com/lookaside/crawler/instagram/DV_HYJ-jDnC/0/image.jpg | cannot identify image file <_io.BytesIO object at 0x70a6df0b8400>
2026-07-31 22:22:10,352 | WARNING | Download failed: https://cdn.adamlevin.com/wp-content/uploads/2020/11/deepfake-zuck.png | 403 Client Error: Forbidden for url: https://cdn.adamlevin.com/wp-content/uploads/2020/11/deepfake-zuck.png
2026-07-31 22:22:10,944 | WARNING | Download failed: https://upload.wikimedia.org/wikipedia/commons/c/c2/Marques_Brownlee_cropped.jpg | 429 Client Error: Too many requests - please contact noc@wikimedia.org to discuss a less disruptive approach or instead use thumbnail images in sizes listed on https://w.wiki/GHai. (0c640b1) for url: https://upload.wikimedia.org/wikipedia/commons/c/c2/Marques_Brownlee_cropped.jpg
2026-07-31 22:22:11,529 | WARNING | Download failed: https://upload.wikimedia.org/wikipedia/commons/a/a5/Martin_Lewis_in_2017_%28cropped%29.jpg | 429 Client Error: Too many requests - please contact noc@wikimedia.org to discuss a less disruptive approach or instead use thumbnail images in sizes listed on https://w.wiki/GHai. (0c640b1) for url: https://upload.wikimedia.org/wikipedia/commons/a/a5/Martin_Lewis_in_2017_%28cropped%29.jpg
2026-07-31 22:22:12,449 | WARNING | Download failed: https://www.paragonbank.co.uk/resources/blogimages/2751/deepfake.jpg | 403 Client Error: Forbidden for url: https://www.paragonbank.co.uk/resources/blogimages/2751/deepfake.jpg
2026-07-31 22:22:13,103 | WARNING | Download failed: https://www.entrust.com/sites/default/files/2025-03/what-are-deepfakes-blog-header-1502x800.png | 403 Client Error: Forbidden for url: https://www.entrust.com/sites/default/files/2025-03/what-are-deepfakes-blog-header-1502x800.png
2026-07-31 22:22:20,221 | WARNING | Download failed: https://journals.sagepub.com/cms/10.1177/27523543251371153/asset/875ffe02-fa4e-4dbe-af90-dafb062de16b/assets/images/large/10.1177_27523543251371153-fig3.jpg | 403 Client Error: Forbidden for url: https://journals.sagepub.com/cms/10.1177/27523543251371153/asset/875ffe02-fa4e-4dbe-af90-dafb062de16b/assets/images/large/10.1177_27523543251371153-fig3.jpg
2026-07-31 22:22:20,863 | WARNING | Download failed: https://lookaside.fbsbx.com/lookaside/crawler/threads/DZ8IDBtEkK4/0/image.jpg | cannot identify image file <_io.BytesIO object at 0x70a6df1b1950>
2026-07-31 22:22:23,459 | WARNING | Download failed: https://i.ytimg.com/vi/ZsiMWpjSdnw/maxresdefault.jpg | 404 Client Error: Not Found for url: https://i.ytimg.com/vi/ZsiMWpjSdnw/maxresdefault.jpg
2026-07-31 22:22:24,065 | WARNING | Download failed: https://upload.wikimedia.org/wikipedia/commons/c/c6/Michael_Nyqvist_2016.jpg | 429 Client Error: Too many requests - please contact noc@wikimedia.org to discuss a less disruptive approach or instead use thumbnail images in sizes listed on https://w.wiki/GHai. (0c640b1) for url: https://upload.wikimedia.org/wikipedia/commons/c/c6/Michael_Nyqvist_2016.jpg
2026-07-31 22:22:24,666 | WARNING | Download failed: https://upload.wikimedia.org/wikipedia/commons/6/68/Michelle_Yeoh-2268.jpg | 429 Client Error: Too many requests - please contact noc@wikimedia.org to discuss a less disruptive approach or instead use thumbnail images in sizes listed on https://w.wiki/GHai. (0c640b1) for url: https://upload.wikimedia.org/wikipedia/commons/6/68/Michelle_Yeoh-2268.jpg
2026-07-31 22:22:25,719 | WARNING | Download failed: https://upload.wikimedia.org/wikipedia/commons/c/c8/Miles_Teller_TIFF_2025_%283x4_cropped%29.png | 429 Client Error: Too many requests - please contact noc@wikimedia.org to discuss a less disruptive approach or instead use thumbnail images in sizes listed on https://w.wiki/GHai. (0c640b1) for url: https://upload.wikimedia.org/wikipedia/commons/c/c8/Miles_Teller_TIFF_2025_%283x4_cropped%29.png
2026-07-31 22:22:26,371 | WARNING | Download failed: https://www.newarab.com/sites/default/files/2023-09/Screenshot%202023-09-22%20150852.jpg | 403 Client Error: Forbidden for url: https://www.newarab.com/sites/default/files/2023-09/Screenshot%202023-09-22%20150852.jpg
2026-07-31 22:22:26,822 | WARNING | Download failed: https://www.researchgate.net/publication/373684933/figure/fig2/AS:11431281226577379@1709263688701/Examples-of-real-and-DeepFake-manipulation-from-Celeb-df-dataset-26_Q320.jpg | 403 Client Error: Forbidden for url: https://www.researchgate.net/publication/373684933/figure/fig2/AS:11431281226577379@1709263688701/Examples-of-real-and-DeepFake-manipulation-from-Celeb-df-dataset-26_Q320.jpg
2026-07-31 22:22:27,799 | WARNING | Download failed: https://www.mdpi.com/mathematics/mathematics-10-00004/article_deploy/html/images/mathematics-10-00004-g010.png | 403 Client Error: Forbidden for url: https://www.mdpi.com/mathematics/mathematics-10-00004/article_deploy/html/images/mathematics-10-00004-g010.png
2026-07-31 22:22:45,687 | WARNING | Download failed: https://www.mcafee.com/blogs/wp-content/uploads/2025/02/1000x563_Blog_Protect-Yourself-Deepfake-Scams.png | HTTPSConnectionPool(host='www.mcafee.com', port=443): Read timed out. (read timeout=15)
2026-07-31 22:22:46,481 | WARNING | Download failed: https://vogueadria.com/wp-content/uploads/2026/01/MonICA-Bellucci-film-malena-mobile.jpg | 403 Client Error: Forbidden for url: https://vogueadria.com/wp-content/uploads/2026/01/MonICA-Bellucci-film-malena-mobile.jpg
2026-07-31 22:22:47,033 | WARNING | Download failed: https://adultdeepfakes.com/contents/videos_screenshots/24000/24739/preview_720p.mp4.jpg | ('Connection aborted.', ConnectionResetError(104, 'Connection reset by peer'))
2026-07-31 22:22:47,752 | WARNING | Download failed: https://lookaside.fbsbx.com/lookaside/crawler/instagram/DZ5MGXCPbGS/0/image.jpg | cannot identify image file <_io.BytesIO object at 0x70a6df074d10>
2026-07-31 22:22:48,403 | WARNING | Download failed: https://lookaside.fbsbx.com/lookaside/crawler/instagram/DYt-jRrhNW7/0/image.jpg | cannot identify image file <_io.BytesIO object at 0x70a6df074a90>
2026-07-31 22:22:48,853 | WARNING | Download failed: https://dl.acm.org/cms/10.1145/3772318.3793208/asset/653c585e-4acf-4396-ad3f-9fcff0ef3bec/assets/images/medium/chi26-1700-fig3.jpg | 403 Client Error: Forbidden for url: https://dl.acm.org/cms/10.1145/3772318.3793208/asset/653c585e-4acf-4396-ad3f-9fcff0ef3bec/assets/images/medium/chi26-1700-fig3.jpg
2026-07-31 22:22:49,250 | WARNING | Download failed: https://dl.acm.org/cms/10.1145/3772318.3793208/asset/96c90a56-eb69-48cf-bb9e-cc465bc7aaa4/assets/images/medium/chi26-1700-fig1.jpg | 403 Client Error: Forbidden for url: https://dl.acm.org/cms/10.1145/3772318.3793208/asset/96c90a56-eb69-48cf-bb9e-cc465bc7aaa4/assets/images/medium/chi26-1700-fig1.jpg
2026-07-31 22:22:49,649 | WARNING | Download failed: https://dl.acm.org/cms/10.1145/3772318.3793208/asset/4fbeeb8f-f451-4e9a-8e25-c713af4b2ff7/assets/images/medium/chi26-1700-fig2.jpg | 403 Client Error: Forbidden for url: https://dl.acm.org/cms/10.1145/3772318.3793208/asset/4fbeeb8f-f451-4e9a-8e25-c713af4b2ff7/assets/images/medium/chi26-1700-fig2.jpg
2026-07-31 22:22:50,055 | WARNING | Download failed: https://www.researchgate.net/publication/353071322/figure/fig1/AS:1043187820929024@1625726766583/Examples-of-synthetic-faces-from-our-Normalized-Face-Dataset.png | 403 Client Error: Forbidden for url: https://www.researchgate.net/publication/353071322/figure/fig1/AS:1043187820929024@1625726766583/Examples-of-synthetic-faces-from-our-Normalized-Face-Dataset.png
2026-07-31 22:22:50,474 | WARNING | Download failed: https://www.researchgate.net/publication/336317420/figure/fig4/AS:811574356885517@1570505813832/Examples-of-synthetic-face-images-generated-from-the-reference-still-ROI-of-individuals.png | 403 Client Error: Forbidden for url: https://www.researchgate.net/publication/336317420/figure/fig4/AS:811574356885517@1570505813832/Examples-of-synthetic-face-images-generated-from-the-reference-still-ROI-of-individuals.png
2026-07-31 22:22:50,875 | WARNING | Download failed: https://www.researchgate.net/publication/323509990/figure/fig2/AS:667649235247112@1536191390602/Reconstruction-results-obtained-on-synthetic-dense-face-dataset-face-sequence-4-Top.png | 403 Client Error: Forbidden for url: https://www.researchgate.net/publication/323509990/figure/fig2/AS:667649235247112@1536191390602/Reconstruction-results-obtained-on-synthetic-dense-face-dataset-face-sequence-4-Top.png
2026-07-31 22:22:51,491 | WARNING | Download failed: https://www.livemint.com/lm-img/img/2025/09/13/960x540/sonam_bajwa_1757727155579_1757727178788.jpg | ('Connection aborted.', ConnectionResetError(104, 'Connection reset by peer'))
2026-07-31 22:23:00,302 | WARNING | Download failed: https://factcheck.afp.com/sites/default/files/medias/factchecking/g2/2026-07/261f1fb2d870ab7263cbe0a2fd452a50-en.jpeg | 403 Client Error: Forbidden for url: https://factcheck.afp.com/sites/default/files/medias/factchecking/g2/2026-07/261f1fb2d870ab7263cbe0a2fd452a50-en.jpeg
2026-07-31 22:23:01,119 | WARNING | Download failed: https://factcheck.afp.com/sites/default/files/styles/image_in_article/public/medias/factchecking/g2/2026-07/296044466045686546e6be9a8bb14150-en.jpeg?itok=YhUbSQTy | 403 Client Error: Forbidden for url: https://factcheck.afp.com/sites/default/files/styles/image_in_article/public/medias/factchecking/g2/2026-07/296044466045686546e6be9a8bb14150-en.jpeg?itok=YhUbSQTy
2026-07-31 22:23:01,758 | WARNING | Download failed: https://lookaside.fbsbx.com/lookaside/crawler/instagram/olgaloiek/profile_pic.jpg | cannot identify image file <_io.BytesIO object at 0x70a7747fd130>
2026-07-31 22:23:02,390 | WARNING | Download failed: https://lookaside.fbsbx.com/lookaside/crawler/threads/olgaloiek/profile_pic.jpg | cannot identify image file <_io.BytesIO object at 0x70a6ceafad10>
2026-07-31 22:23:03,377 | WARNING | Download failed: https://c.ndtvimg.com/2024-03/7h1cou4g_ukrainian-youtuber-olga-loiek_625x300_06_March_24.jpeg?im=FeatureCrop,algorithm=dnn,width=400,height=225&q=70 | 403 Client Error: Forbidden for url: https://c.ndtvimg.com/2024-03/7h1cou4g_ukrainian-youtuber-olga-loiek_625x300_06_March_24.jpeg?im=FeatureCrop,algorithm=dnn,width=400,height=225&q=70
2026-07-31 22:23:08,913 | WARNING | Download failed: https://c.ndtvimg.com/2024-03/7h1cou4g_ukrainian-youtuber-olga-loiek_625x300_06_March_24.jpeg | 403 Client Error: Forbidden for url: https://c.ndtvimg.com/2024-03/7h1cou4g_ukrainian-youtuber-olga-loiek_625x300_06_March_24.jpeg
2026-07-31 22:25:02,505 | WARNING | Download failed: https://lookaside.fbsbx.com/lookaside/crawler/threads/DTVv0fWj-Mm/0/image.jpg | cannot identify image file <_io.BytesIO object at 0x70a6df1aac70>
2026-07-31 22:25:37,797 | WARNING | Download failed: https://lookaside.fbsbx.com/lookaside/crawler/instagram/DWZMZJxAg77/0/image.jpg | cannot identify image file <_io.BytesIO object at 0x70a6df0aaa90>
2026-07-31 22:25:38,406 | WARNING | Download failed: https://lookaside.fbsbx.com/lookaside/crawler/instagram/DWCV25MjBsa/0/image.jpg | cannot identify image file <_io.BytesIO object at 0x70a6ceafadb0>
2026-07-31 22:25:48,532 | WARNING | Download failed: https://upload.wikimedia.org/wikipedia/commons/6/6d/Pedro_Pascal_at_the_2025_Cannes_Film_Festival_04.jpg | 429 Client Error: Too many requests - please contact noc@wikimedia.org to discuss a less disruptive approach or instead use thumbnail images in sizes listed on https://w.wiki/GHai. (0c640b1) for url: https://upload.wikimedia.org/wikipedia/commons/6/6d/Pedro_Pascal_at_the_2025_Cannes_Film_Festival_04.jpg
2026-07-31 22:26:11,744 | WARNING | Download failed: https://upload.wikimedia.org/wikipedia/commons/4/4b/2_02_Phil_Salt.jpg | 429 Client Error: Too many requests - please contact noc@wikimedia.org to discuss a less disruptive approach or instead use thumbnail images in sizes listed on https://w.wiki/GHai. (0c640b1) for url: https://upload.wikimedia.org/wikipedia/commons/4/4b/2_02_Phil_Salt.jpg
2026-07-31 22:27:17,877 | WARNING | Download failed: https://www.researchgate.net/profile/Arnold-Abukari/publication/375695350/figure/fig1/AS:11431281205241176@1700189222615/AI-generated-image-of-Pope-Francis-Schoenherr-33_Q320.jpg | 403 Client Error: Forbidden for url: https://www.researchgate.net/profile/Arnold-Abukari/publication/375695350/figure/fig1/AS:11431281205241176@1700189222615/AI-generated-image-of-Pope-Francis-Schoenherr-33_Q320.jpg
2026-07-31 22:28:11,774 | WARNING | Download failed: https://lookaside.fbsbx.com/lookaside/crawler/instagram/rhettmc/profile_pic.jpg | cannot identify image file <_io.BytesIO object at 0x70a77b0a7400>
2026-07-31 22:30:37,334 | WARNING | Download failed: https://upload.wikimedia.org/wikipedia/commons/thumb/f/f9/Robert_Duvall_%28actor%2C_at_home%2C_New_York_City_apartment%2C_1984%29_%28cropped%29.jpg/960px-Robert_Duvall_%28actor%2C_at_home%2C_New_York_City_apartment%2C_1984%29_%28cropped%29.jpg | 429 Client Error: Too Many Requests (015d12c) for url: https://upload.wikimedia.org/wikipedia/commons/thumb/f/f9/Robert_Duvall_%28actor%2C_at_home%2C_New_York_City_apartment%2C_1984%29_%28cropped%29.jpg/960px-Robert_Duvall_%28actor%2C_at_home%2C_New_York_City_apartment%2C_1984%29_%28cropped%29.jpg
2026-07-31 22:30:45,902 | WARNING | Download failed: https://upload.wikimedia.org/wikipedia/commons/6/6d/Robert_Englund_at_Comiccon_Brussels_2023_%2853039678100%29_%28cropped%29.jpg | 429 Client Error: Too Many Requests (015d12c) for url: https://upload.wikimedia.org/wikipedia/commons/6/6d/Robert_Englund_at_Comiccon_Brussels_2023_%2853039678100%29_%28cropped%29.jpg
2026-07-31 22:30:46,490 | WARNING | Download failed: https://upload.wikimedia.org/wikipedia/commons/thumb/4/47/Robert_englund.jpg/250px-Robert_englund.jpg | 429 Client Error: Too Many Requests (015d12c) for url: https://upload.wikimedia.org/wikipedia/commons/thumb/4/47/Robert_englund.jpg/250px-Robert_englund.jpg
2026-07-31 22:31:24,086 | WARNING | Download failed: https://bilder.deutschlandfunk.de/aa/5f/b7/5a/aa5fb75a-7321-48ba-bbc6-527ae6784b7a/robert-redford-schauspieler-100-1920x1080.jpg | HTTPSConnectionPool(host='bilder.deutschlandfunk.de', port=443): Max retries exceeded with url: /aa/5f/b7/5a/aa5fb75a-7321-48ba-bbc6-527ae6784b7a/robert-redford-schauspieler-100-1920x1080.jpg (Caused by NewConnectionError('<urllib3.connection.HTTPSConnection object at 0x70a6df0af2b0>: Failed to establish a new connection: [Errno -3] Temporary failure in name resolution'))
2026-07-31 22:32:13,223 | WARNING | Download failed: https://www.researchgate.net/profile/Petteri-Alahuhta/publication/236590142/figure/fig2/AS:654733031256067@1533111927322/Rogers-diffusion-model-Adopted-from-Rogers-2003-and-Moore-1995.png | 403 Client Error: Forbidden for url: https://www.researchgate.net/profile/Petteri-Alahuhta/publication/236590142/figure/fig2/AS:654733031256067@1533111927322/Rogers-diffusion-model-Adopted-from-Rogers-2003-and-Moore-1995.png
2026-07-31 22:32:19,951 | WARNING | Download failed: https://lookaside.fbsbx.com/lookaside/crawler/threads/DU5wda6DFNk/0/image.jpg | cannot identify image file <_io.BytesIO object at 0x70a77a4958b0>
2026-07-31 22:32:30,276 | WARNING | Download failed: https://www.europol.europa.eu/cms/sites/default/files/styles/700x/public/images/Facing%20Reality%20Reprt%20Cover.PNG?itok=cAnpAAvu | HTTPSConnectionPool(host='www.europol.europa.eu', port=443): Max retries exceeded with url: /cms/sites/default/files/styles/700x/public/images/Facing%20Reality%20Reprt%20Cover.PNG?itok=cAnpAAvu (Caused by NewConnectionError('<urllib3.connection.HTTPSConnection object at 0x70a6df0aff40>: Failed to establish a new connection: [Errno -3] Temporary failure in name resolution'))
2026-07-31 22:34:25,623 | WARNING | Download failed: https://www.thestable.com.au/wp-content/uploads/2024/03/Marcus-Byrne-main.jpg | HTTPSConnectionPool(host='www.thestable.com.au', port=443): Max retries exceeded with url: /wp-content/uploads/2024/03/Marcus-Byrne-main.jpg (Caused by NewConnectionError('<urllib3.connection.HTTPSConnection object at 0x70a6df0af9a0>: Failed to establish a new connection: [Errno -3] Temporary failure in name resolution'))
2026-07-31 22:34:35,766 | INFO | ============================================================
2026-07-31 22:34:35,767 | INFO | STEP 4 RUN COMPLETE
2026-07-31 22:34:35,767 | INFO | OK (accepted)     : 151
2026-07-31 22:34:35,767 | INFO | No face           : 16
2026-07-31 22:34:35,767 | INFO | Multiple faces    : 115
2026-07-31 22:34:35,767 | INFO | Face too small    : 21
2026-07-31 22:34:35,767 | INFO | Download errors   : 196 (will retry)
2026-07-31 22:34:35,767 | INFO | Detector errors   : 1 (will retry)
2026-07-31 22:34:35,767 | INFO | ============================================================
2026-07-31 23:14:46,749 | INFO | MTCNN initialized on device: cuda
2026-07-31 23:14:47,012 | INFO | ============================================================
2026-07-31 23:14:47,012 | INFO | STEP 4 START (Face Verification)
2026-07-31 23:14:47,012 | INFO | Total candidates     : 4171
2026-07-31 23:14:47,012 | INFO | Already checked      : 3126
2026-07-31 23:14:47,012 | INFO | Remaining pending    : 1045
2026-07-31 23:14:47,012 | INFO | This run             : 500
2026-07-31 23:14:47,012 | INFO | Device               : cuda
2026-07-31 23:14:47,012 | INFO | ============================================================
2026-07-31 23:14:47,420 | WARNING | Download failed: https://lookaside.fbsbx.com/lookaside/crawler/threads/DZDE9TGlp6M/0/image.jpg | cannot identify image file <_io.BytesIO object at 0x7bf18bacc590>
2026-07-31 23:14:48,270 | WARNING | Download failed: https://www.mdpi.com/jimaging/jimaging-08-00263/article_deploy/html/images/jimaging-08-00263-g008-550.jpg | 403 Client Error: Forbidden for url: https://www.mdpi.com/jimaging/jimaging-08-00263/article_deploy/html/images/jimaging-08-00263-g008-550.jpg
2026-07-31 23:14:48,798 | WARNING | Download failed: https://www.livemint.com/lm-img/img/2024/05/07/optimize/Alia_Bhatt_Deepfake_1715069582605_1715069596521.png | ('Connection aborted.', ConnectionResetError(104, 'Connection reset by peer'))
2026-07-31 23:14:49,431 | WARNING | Download failed: https://lookaside.fbsbx.com/lookaside/crawler/instagram/DQbAbycEwWc/0/image.jpg | cannot identify image file <_io.BytesIO object at 0x7bf18d5ec400>
2026-07-31 23:14:50,080 | WARNING | Download failed: https://lookaside.fbsbx.com/lookaside/crawler/instagram/amberheard/profile_pic.jpg | cannot identify image file <_io.BytesIO object at 0x7bf19c1b7e00>
2026-07-31 23:14:50,741 | WARNING | Download failed: https://lookaside.fbsbx.com/lookaside/crawler/instagram/DZU5Mo-y9I1/0/image.jpg | cannot identify image file <_io.BytesIO object at 0x7bf18bacc590>
2026-07-31 23:14:51,388 | WARNING | Download failed: https://lookaside.fbsbx.com/lookaside/crawler/threads/DEk0T1NTS2D/1/image.jpg | cannot identify image file <_io.BytesIO object at 0x7bf18d5ec400>
2026-07-31 23:14:59,286 | WARNING | Download failed: https://www.celebritykind.com/wp-content/uploads/2024/06/shutterstock_717129223-scaled-e1717488964123-839x1024.jpg | 403 Client Error: Forbidden for url: https://www.celebritykind.com/wp-content/uploads/2024/06/shutterstock_717129223-scaled-e1717488964123-839x1024.jpg
2026-07-31 23:14:59,941 | WARNING | Download failed: https://lookaside.fbsbx.com/lookaside/crawler/instagram/DQhDvvcjF6P/0/image.jpg | cannot identify image file <_io.BytesIO object at 0x7bf20d0f9d60>
2026-07-31 23:15:00,612 | WARNING | Download failed: https://lookaside.fbsbx.com/lookaside/crawler/instagram/DY1UvvDKflO/0/image.jpg | cannot identify image file <_io.BytesIO object at 0x7bf19c1b7e00>
2026-07-31 23:15:01,423 | WARNING | Download failed: https://www.hockeydb.com/ihdb/photos/auston-matthews-2024-38.jpg | 403 Client Error: Forbidden for url: https://www.hockeydb.com/ihdb/photos/auston-matthews-2024-38.jpg
2026-07-31 23:15:02,500 | WARNING | Download failed: https://www.usatoday.com/gcdn/authoring/authoring-images/2026/01/19/USAT/88255393007-landman-210-em-0718-01245-rt-f.jpg?crop=2999,1687,x0,y156&width=660&height=371&format=pjpg&auto=webp | 406 Client Error: Not Acceptable for url: https://www.usatoday.com/gcdn/authoring/authoring-images/2026/01/19/USAT/88255393007-landman-210-em-0718-01245-rt-f.jpg?crop=2999,1687,x0,y156&width=660&height=371&format=pjpg&auto=webp
2026-07-31 23:15:10,889 | ERROR | Detector failed: http://www.smh.com.au/content/dam/images/4/9/o/r/9/image.imgtype.videoThumbnail.729x410.png/1453967434294.jpg | torch.cat(): expected a non-empty list of Tensors
Traceback (most recent call last):
  File "/home/amna/Real-vs-Fake/Scripts/04_face_check.py", line 275, in main
    status, face_count, box, area_ratio, detail = evaluate_faces(img)
  File "/home/amna/Real-vs-Fake/Scripts/04_face_check.py", line 199, in evaluate_faces
    boxes, probs = DETECTOR.detect(img)
  File "/home/amna/miniconda3/envs/deepfake/lib/python3.9/site-packages/facenet_pytorch/models/mtcnn.py", line 313, in detect
    batch_boxes, batch_points = detect_face(
  File "/home/amna/miniconda3/envs/deepfake/lib/python3.9/site-packages/facenet_pytorch/models/utils/detect_face.py", line 83, in detect_face
    boxes = torch.cat(boxes, dim=0)
RuntimeError: torch.cat(): expected a non-empty list of Tensors
2026-07-31 23:15:15,655 | WARNING | Download failed: https://www.koimoi.com/wp-content/new-galleries/2023/03/the-avengers-90s-edition-ai-generated-is-impressed-from-tom-cruise-as-iron-man-to-bruce-willis-will-smith-more-heresheres-who-all-made-the-cast-001.jpg | 403 Client Error: Forbidden for url: https://www.koimoi.com/wp-content/new-galleries/2023/03/the-avengers-90s-edition-ai-generated-is-impressed-from-tom-cruise-as-iron-man-to-bruce-willis-will-smith-more-heresheres-who-all-made-the-cast-001.jpg
2026-07-31 23:15:16,301 | WARNING | Download failed: https://lookaside.fbsbx.com/lookaside/crawler/threads/DY0PjBWEiLD/0/image.jpg | cannot identify image file <_io.BytesIO object at 0x7bf18d5ec400>
2026-07-31 23:15:16,919 | WARNING | Download failed: https://adultdeepfakes.com/contents/videos_screenshots/40000/40786/preview.mp4.jpg | ('Connection aborted.', ConnectionResetError(104, 'Connection reset by peer'))
2026-07-31 23:15:17,533 | WARNING | Download failed: https://www.alrincon.com/imagenesblog2/varios/camerondiazdeepfake.jpg | ('Connection aborted.', ConnectionResetError(104, 'Connection reset by peer'))
2026-07-31 23:15:18,177 | WARNING | Download failed: https://lookaside.fbsbx.com/lookaside/crawler/instagram/DYI6gmARFpE/0/image.jpg | cannot identify image file <_io.BytesIO object at 0x7bf18d5ec400>
2026-07-31 23:15:22,672 | WARNING | Download failed: https://documents.iplt20.com/ipl/IPLHeadshot2026/550.png | 403 Client Error: Forbidden for url: https://documents.iplt20.com/ipl/IPLHeadshot2026/550.png
2026-07-31 23:15:28,714 | WARNING | Download failed: https://upload.wikimedia.org/wikipedia/commons/thumb/b/be/Chris_Tucker_1996.jpg/250px-Chris_Tucker_1996.jpg | 429 Client Error: Too many requests (f061ab2) for url: https://upload.wikimedia.org/wikipedia/commons/thumb/b/be/Chris_Tucker_1996.jpg/250px-Chris_Tucker_1996.jpg
2026-07-31 23:15:29,329 | WARNING | Download failed: https://upload.wikimedia.org/wikipedia/commons/0/0a/Christian_Bale-7837.jpg | 429 Client Error: Too many requests (f061ab2) for url: https://upload.wikimedia.org/wikipedia/commons/0/0a/Christian_Bale-7837.jpg
2026-07-31 23:15:46,018 | WARNING | Download failed: https://www.ecranlarge.com/content/uploads/2019/08/tom-cruise-photo-deepfake-american-psycho-1094097.png | HTTPSConnectionPool(host='www.ecranlarge.com', port=443): Max retries exceeded with url: /content/uploads/2019/08/tom-cruise-photo-deepfake-american-psycho-1094097.png (Caused by ConnectTimeoutError(<urllib3.connection.HTTPSConnection object at 0x7bf19c095b80>, 'Connection to www.ecranlarge.com timed out. (connect timeout=15)'))
2026-07-31 23:15:46,638 | WARNING | Download failed: https://upload.wikimedia.org/wikipedia/commons/f/fd/Christian_Clavier_Cannes_2013.jpg | 429 Client Error: Too Many Requests (015d12c) for url: https://upload.wikimedia.org/wikipedia/commons/f/fd/Christian_Clavier_Cannes_2013.jpg
2026-07-31 23:15:47,282 | WARNING | Download failed: https://lookaside.fbsbx.com/lookaside/crawler/threads/DHuogAmsBRm/0/image.jpg | cannot identify image file <_io.BytesIO object at 0x7bf19c063e00>
2026-07-31 23:15:48,351 | WARNING | Download failed: https://c.ndtvimg.com/2021-03/fba3qug_tom-cruise-deepfake-video_625x300_04_March_21.jpg | 403 Client Error: Forbidden for url: https://c.ndtvimg.com/2021-03/fba3qug_tom-cruise-deepfake-video_625x300_04_March_21.jpg
2026-07-31 23:15:51,199 | WARNING | Download failed: http://ghostbustersnews.com/wp-content/uploads/2023/04/arnold_ghostbusters_deepfake.jpg | 403 Client Error: Forbidden for url: http://ghostbustersnews.com/wp-content/uploads/2023/04/arnold_ghostbusters_deepfake.jpg
2026-07-31 23:15:51,825 | WARNING | Download failed: https://upload.wikimedia.org/wikipedia/commons/4/43/David_Arquette_Alpha1_2019_%28cropped%29.jpg | 429 Client Error: Too Many Requests (015d12c) for url: https://upload.wikimedia.org/wikipedia/commons/4/43/David_Arquette_Alpha1_2019_%28cropped%29.jpg
2026-07-31 23:15:52,213 | WARNING | Download failed: https://documents.iplt20.com/ipl/IPLHeadshot2026/128.png | 403 Client Error: Forbidden for url: https://documents.iplt20.com/ipl/IPLHeadshot2026/128.png
2026-07-31 23:15:53,449 | WARNING | Download failed: https://davidmiller.ai/wp-content/uploads/2024/08/teentempo_imagine_in_the_style_of_brooke_shaden_oil_painting__a0838d8c-ee64-428e-a4ac-a3e3a78f6bf3_3.png | 403 Client Error: Forbidden for url: https://davidmiller.ai/wp-content/uploads/2024/08/teentempo_imagine_in_the_style_of_brooke_shaden_oil_painting__a0838d8c-ee64-428e-a4ac-a3e3a78f6bf3_3.png
2026-07-31 23:15:54,384 | WARNING | Download failed: https://missouriindependent.com/wp-content/uploads/2026/02/IMG_3609-1536x922.jpeg | 403 Client Error: Forbidden for url: https://missouriindependent.com/wp-content/uploads/2026/02/IMG_3609-1536x922.jpeg
2026-07-31 23:15:55,379 | WARNING | Download failed: https://davidmiller.ai/wp-content/uploads/2024/08/room2-1.jpg | 403 Client Error: Forbidden for url: https://davidmiller.ai/wp-content/uploads/2024/08/room2-1.jpg
2026-07-31 23:15:56,085 | WARNING | Download failed: https://lookaside.fbsbx.com/lookaside/crawler/threads/DDxVOmRvCz6/0/image.jpg | cannot identify image file <_io.BytesIO object at 0x7bf18d5d5220>
2026-07-31 23:15:56,747 | WARNING | Download failed: https://lookaside.fbsbx.com/lookaside/crawler/instagram/CHv0LyvHM3B/0/image.jpg | cannot identify image file <_io.BytesIO object at 0x7bf18b050310>
2026-07-31 23:15:57,409 | WARNING | Download failed: https://lookaside.fbsbx.com/lookaside/crawler/instagram/DXhnF1xjcQW/0/image.jpg | cannot identify image file <_io.BytesIO object at 0x7bf20d0f9ea0>
2026-07-31 23:15:58,078 | WARNING | Download failed: https://lookaside.fbsbx.com/lookaside/crawler/instagram/CeGwyCeLI8l/0/image.jpg | cannot identify image file <_io.BytesIO object at 0x7bf18d5d5220>
2026-07-31 23:15:58,711 | WARNING | Download failed: https://lookaside.fbsbx.com/lookaside/crawler/instagram/DXmsI2gked4/0/image.jpg | cannot identify image file <_io.BytesIO object at 0x7bf18b043d60>
2026-07-31 23:15:59,358 | WARNING | Download failed: https://lookaside.fbsbx.com/lookaside/crawler/instagram/C11m2cIIzTa/0/image.jpg | cannot identify image file <_io.BytesIO object at 0x7bf19c1b7e00>
2026-07-31 23:15:59,734 | WARNING | Download failed: https://documents.iplt20.com/ipl/IPLHeadshot2025/601.png | 403 Client Error: Forbidden for url: https://documents.iplt20.com/ipl/IPLHeadshot2025/601.png
2026-07-31 23:16:00,346 | WARNING | Download failed: https://upload.wikimedia.org/wikipedia/commons/7/7e/Dwayne_Johnson-1764_%284x5_cropped_with_moderate_headroom%29.jpg | 429 Client Error: Too Many Requests (015d12c) for url: https://upload.wikimedia.org/wikipedia/commons/7/7e/Dwayne_Johnson-1764_%284x5_cropped_with_moderate_headroom%29.jpg
2026-07-31 23:16:00,960 | WARNING | Download failed: https://upload.wikimedia.org/wikipedia/commons/4/48/2025_Dylan_O%27Brien_%28cropped%29.jpg | 429 Client Error: Too Many Requests (015d12c) for url: https://upload.wikimedia.org/wikipedia/commons/4/48/2025_Dylan_O%27Brien_%28cropped%29.jpg
2026-07-31 23:16:01,614 | WARNING | Download failed: https://upload.wikimedia.org/wikipedia/commons/a/a1/Actress_Malin_Akerman_Visits_TODAY_Show_%2850026255087%29_%28cropped2%29.jpg | 429 Client Error: Too Many Requests (015d12c) for url: https://upload.wikimedia.org/wikipedia/commons/a/a1/Actress_Malin_Akerman_Visits_TODAY_Show_%2850026255087%29_%28cropped2%29.jpg
2026-07-31 23:16:02,261 | WARNING | Download failed: https://lookaside.fbsbx.com/lookaside/crawler/instagram/dylandreyernbc/profile_pic.jpg | cannot identify image file <_io.BytesIO object at 0x7bf18b0503b0>
2026-07-31 23:16:03,187 | WARNING | Download failed: https://tandem.app/files/can-you-spot-a-deepfake-social-image.png | 404 Client Error: Not Found for url: https://tandem.app/files/can-you-spot-a-deepfake-social-image.png
2026-07-31 23:16:08,971 | WARNING | Download failed: https://internationalbanker.com/wp-content/uploads/2021/02/Deepfake-Technology.png | 403 Client Error: Forbidden for url: https://internationalbanker.com/wp-content/uploads/2021/02/Deepfake-Technology.png
2026-07-31 23:16:09,600 | WARNING | Download failed: https://upload.wikimedia.org/wikipedia/commons/5/5f/2017%E2%80%9318_W_Ashes_A_v_E_Test_17-11-09_Perry_portrait_%2802%29.jpg | 429 Client Error: Too Many Requests (015d12c) for url: https://upload.wikimedia.org/wikipedia/commons/5/5f/2017%E2%80%9318_W_Ashes_A_v_E_Test_17-11-09_Perry_portrait_%2802%29.jpg
2026-07-31 23:16:10,255 | WARNING | Download failed: https://lookaside.fbsbx.com/lookaside/crawler/threads/DbGPhw6iWnn/0/image.jpg | cannot identify image file <_io.BytesIO object at 0x7bf19c1b7e00>
2026-07-31 23:16:10,934 | WARNING | Download failed: https://lookaside.fbsbx.com/lookaside/crawler/threads/DTVdvkxElHA/0/image.jpg | cannot identify image file <_io.BytesIO object at 0x7bf19c0983b0>
2026-07-31 23:16:11,582 | WARNING | Download failed: https://upload.wikimedia.org/wikipedia/commons/5/5e/Elon_Musk_-_54820081119_%28cropped%29.jpg | 429 Client Error: Too Many Requests (015d12c) for url: https://upload.wikimedia.org/wikipedia/commons/5/5e/Elon_Musk_-_54820081119_%28cropped%29.jpg
2026-07-31 23:16:21,908 | WARNING | Download failed: https://web-cdnprod.aa.com.tr/uploads/Contents/2024/10/22/thumbs_b_c_95fae517eb48db7745a60a3b929d78e0.jpg?v=170617 | HTTPSConnectionPool(host='web-cdnprod.aa.com.tr', port=443): Max retries exceeded with url: /uploads/Contents/2024/10/22/thumbs_b_c_95fae517eb48db7745a60a3b929d78e0.jpg?v=170617 (Caused by NewConnectionError('<urllib3.connection.HTTPSConnection object at 0x7bf19c095970>: Failed to establish a new connection: [Errno -3] Temporary failure in name resolution'))
2026-07-31 23:16:28,018 | WARNING | Download failed: https://imagerenderer.com/images/rendered/default/print/7.5/10/break/images/artworkimages/medium/3/elon-musks-fight-for-the-future-of-ai-nigel-buchanan.jpg | broken data stream when reading image file
2026-07-31 23:16:28,642 | WARNING | Download failed: https://upload.wikimedia.org/wikipedia/commons/a/a1/Emma_Roberts_After_The_Hunt-06_%28cropped%29.jpg | 429 Client Error: Too many requests - please contact noc@wikimedia.org to discuss a less disruptive approach or instead use thumbnail images in sizes listed on https://w.wiki/GHai. (0c640b1) for url: https://upload.wikimedia.org/wikipedia/commons/a/a1/Emma_Roberts_After_The_Hunt-06_%28cropped%29.jpg
2026-07-31 23:16:33,410 | WARNING | Download failed: https://www.innovationaus.com/wp-content/uploads/2025/03/Deepfake_AI_shutterstock_800x600.jpg | 403 Client Error: Forbidden for url: https://www.innovationaus.com/wp-content/uploads/2025/03/Deepfake_AI_shutterstock_800x600.jpg
2026-07-31 23:16:34,031 | WARNING | Download failed: https://upload.wikimedia.org/wikipedia/commons/7/78/MKr385780_Emma_Mackey_%28Alpha%2C_Cannes_2025%29.jpg | 429 Client Error: Too many requests - please contact noc@wikimedia.org to discuss a less disruptive approach or instead use thumbnail images in sizes listed on https://w.wiki/GHai. (0c640b1) for url: https://upload.wikimedia.org/wikipedia/commons/7/78/MKr385780_Emma_Mackey_%28Alpha%2C_Cannes_2025%29.jpg
2026-07-31 23:16:49,835 | WARNING | Download failed: https://www.mcafee.com/blogs/wp-content/uploads/2025/11/Celeb-Hacker-Hotlist.png | HTTPSConnectionPool(host='www.mcafee.com', port=443): Read timed out. (read timeout=15)
2026-07-31 23:17:05,458 | WARNING | Download failed: https://www.mcafee.com/blogs/wp-content/uploads/2025/11/1.-USA-CELEBS.png | HTTPSConnectionPool(host='www.mcafee.com', port=443): Read timed out. (read timeout=15)
2026-07-31 23:17:06,150 | WARNING | Download failed: https://www.koimoi.com/wp-content/new-galleries/2023/07/fawad-khan-reimagined-as-hunky-batman-by-an-ai-artist-but-gets-trolled-massively-online-netizens-react-check-out-001.jpg | 403 Client Error: Forbidden for url: https://www.koimoi.com/wp-content/new-galleries/2023/07/fawad-khan-reimagined-as-hunky-batman-by-an-ai-artist-but-gets-trolled-massively-online-netizens-react-check-out-001.jpg
2026-07-31 23:17:07,187 | WARNING | Download failed: https://c.ndtvimg.com/2024-04/072utg7g_aamir-khan-deepfake-fake-label_625x300_17_April_24.jpg | 403 Client Error: Forbidden for url: https://c.ndtvimg.com/2024-04/072utg7g_aamir-khan-deepfake-fake-label_625x300_17_April_24.jpg
2026-07-31 23:17:07,812 | WARNING | Download failed: https://upload.wikimedia.org/wikipedia/commons/b/b4/Retrato_Oficial_Presidente_Boric_Font.jpg | 429 Client Error: Too many requests - please contact noc@wikimedia.org to discuss a less disruptive approach or instead use thumbnail images in sizes listed on https://w.wiki/GHai. (0c640b1) for url: https://upload.wikimedia.org/wikipedia/commons/b/b4/Retrato_Oficial_Presidente_Boric_Font.jpg
2026-07-31 23:17:08,877 | WARNING | Download failed: https://cdn.newser.com/square-image/392026-20260701052759/ai-generated-voice-of-gene-wilder-featured-in-wonka-series.jpeg | 403 Client Error: Forbidden for url: https://cdn.newser.com/square-image/392026-20260701052759/ai-generated-voice-of-gene-wilder-featured-in-wonka-series.jpeg
2026-07-31 23:17:09,497 | WARNING | Download failed: https://upload.wikimedia.org/wikipedia/commons/0/07/George_C._Scott_-_publicity.JPG | 429 Client Error: Too many requests - please contact noc@wikimedia.org to discuss a less disruptive approach or instead use thumbnail images in sizes listed on https://w.wiki/GHai. (0c640b1) for url: https://upload.wikimedia.org/wikipedia/commons/0/07/George_C._Scott_-_publicity.JPG
2026-07-31 23:17:11,627 | WARNING | Download failed: https://www.creativindie.com/wp-content/uploads/2023/02/tesocraderek_Abstract_Art_Vibrant_colors_Geometric_shapes_Abstr_75ce4982-61b5-4625-81d7-05b2c71445ec.jpg | 403 Client Error: Forbidden for url: https://www.creativindie.com/wp-content/uploads/2023/02/tesocraderek_Abstract_Art_Vibrant_colors_Geometric_shapes_Abstr_75ce4982-61b5-4625-81d7-05b2c71445ec.jpg
2026-07-31 23:17:12,710 | WARNING | Download failed: https://www.newsmobile.in/wp-content/uploads/2025/02/Screenshot-2025-02-20-182138.png | cannot identify image file <_io.BytesIO object at 0x7bf18d5d5220>
2026-07-31 23:17:13,717 | WARNING | Download failed: https://www.newsmobile.in/wp-content/uploads/2025/02/476788826_122160398048302902_5422970338347386911_n.jpg | cannot identify image file <_io.BytesIO object at 0x7bf18b043f90>
2026-07-31 23:17:14,570 | WARNING | Download failed: https://www.innovationaus.com/wp-content/uploads/2021/03/Joseph_Brookes_authorhead2023.jpg | 403 Client Error: Forbidden for url: https://www.innovationaus.com/wp-content/uploads/2021/03/Joseph_Brookes_authorhead2023.jpg
2026-07-31 23:17:15,532 | WARNING | Download failed: https://www.newsmobile.in/wp-content/uploads/2025/02/Zinta_Mazwell_FC.jpg | cannot identify image file <_io.BytesIO object at 0x7bf19c098040>
2026-07-31 23:17:16,262 | WARNING | Download failed: https://lookaside.fbsbx.com/lookaside/crawler/threads/DKOdX3XsCeV/0/image.jpg | cannot identify image file <_io.BytesIO object at 0x7bf18d5d5220>
2026-07-31 23:17:16,875 | WARNING | Download failed: https://upload.wikimedia.org/wikipedia/commons/8/88/Crew_members_of_the_movie_%22Genius%22_at_the_Berlinale_party_%2825036107966%29_%28cropped%29.jpg | 429 Client Error: Too many requests - please contact noc@wikimedia.org to discuss a less disruptive approach or instead use thumbnail images in sizes listed on https://w.wiki/GHai. (0c640b1) for url: https://upload.wikimedia.org/wikipedia/commons/8/88/Crew_members_of_the_movie_%22Genius%22_at_the_Berlinale_party_%2825036107966%29_%28cropped%29.jpg
2026-07-31 23:17:17,514 | WARNING | Download failed: https://upload.wikimedia.org/wikipedia/commons/0/0c/Hadiqa_Kiani_Pakistani_Singer.jpg | 429 Client Error: Too many requests - please contact noc@wikimedia.org to discuss a less disruptive approach or instead use thumbnail images in sizes listed on https://w.wiki/GHai. (0c640b1) for url: https://upload.wikimedia.org/wikipedia/commons/0/0c/Hadiqa_Kiani_Pakistani_Singer.jpg
2026-07-31 23:17:18,194 | WARNING | Download failed: https://lookaside.fbsbx.com/lookaside/crawler/instagram/hadiqakianiofficial/profile_pic.jpg | cannot identify image file <_io.BytesIO object at 0x7bf18b043f90>
2026-07-31 23:17:18,823 | WARNING | Download failed: https://upload.wikimedia.org/wikipedia/commons/a/aa/Halle_Berry-1910.jpg | 429 Client Error: Too many requests - please contact noc@wikimedia.org to discuss a less disruptive approach or instead use thumbnail images in sizes listed on https://w.wiki/GHai. (0c640b1) for url: https://upload.wikimedia.org/wikipedia/commons/a/aa/Halle_Berry-1910.jpg
2026-07-31 23:17:19,707 | WARNING | Download failed: https://media.eventhubs.com/images/2020/02/24-more-deepfakes-mortal-kombat-11-see-christopher-lambert-gal-gadot.jpg | HTTPSConnectionPool(host='media.eventhubs.com', port=443): Max retries exceeded with url: /images/2020/02/24-more-deepfakes-mortal-kombat-11-see-christopher-lambert-gal-gadot.jpg (Caused by SSLError(SSLCertVerificationError(1, '[SSL: CERTIFICATE_VERIFY_FAILED] certificate verify failed: unable to get local issuer certificate (_ssl.c:1147)')))
2026-07-31 23:17:20,529 | WARNING | Download failed: https://cdn.lumenor.ai/lumenor/lumenor.jpg | 403 Client Error: Forbidden for url: https://cdn.lumenor.ai/lumenor/lumenor.jpg
2026-07-31 23:17:21,184 | WARNING | Download failed: https://lookaside.fbsbx.com/lookaside/crawler/instagram/DU2-x0Vl7rx/0/image.jpg | cannot identify image file <_io.BytesIO object at 0x7bf18d5d5220>
2026-07-31 23:17:25,988 | WARNING | Download failed: https://documents.bcci.tv/resizedimageskirti/2740_compress.png | 403 Client Error: Forbidden for url: https://documents.bcci.tv/resizedimageskirti/2740_compress.png
2026-07-31 23:17:26,910 | WARNING | Download failed: https://www.newsmobile.in/wp-content/uploads/2025/03/Screenshot-2025-03-18-180246.png | cannot identify image file <_io.BytesIO object at 0x7bf18d5d5220>
2026-07-31 23:17:27,900 | WARNING | Download failed: https://www.newsmobile.in/wp-content/uploads/2025/03/Screenshot-2025-03-31-212759.png | cannot identify image file <_io.BytesIO object at 0x7bf19c098040>
2026-07-31 23:17:28,952 | WARNING | Download failed: https://www.newsmobile.in/wp-content/uploads/2024/12/Screenshot-2024-12-31-182414.png | cannot identify image file <_io.BytesIO object at 0x7bf18d5d5220>
2026-07-31 23:17:29,831 | WARNING | Download failed: https://www.vishvasnews.com/wp-content/uploads/2024/12/vishvasnews-1-2024-12-30T165530.093-1.jpg | ('Connection aborted.', ConnectionResetError(104, 'Connection reset by peer'))
2026-07-31 23:17:30,815 | WARNING | Download failed: https://www.newsmobile.in/wp-content/uploads/2025/04/Screenshot-2025-04-09-135737.png | cannot identify image file <_io.BytesIO object at 0x7bf18d5d5220>
2026-07-31 23:17:46,905 | WARNING | Download failed: https://img.fcbayern.com/image/upload/f_auto/q_auto/ar_1:1,c_fill,g_custom,w_768/v1785247532/cms/public/images/fcbayern-com/players/spielerportraits/ganzkoerper/harry-kane.png | HTTPSConnectionPool(host='img.fcbayern.com', port=443): Read timed out. (read timeout=15)
2026-07-31 23:17:47,530 | WARNING | Download failed: https://upload.wikimedia.org/wikipedia/commons/2/23/MerchantIvoryCurzMayfair201124_%2816_of_28%29_%2854154554145%29_%28cropped%29.jpg | 429 Client Error: Too many requests - please contact noc@wikimedia.org to discuss a less disruptive approach or instead use thumbnail images in sizes listed on https://w.wiki/GHai. (0c640b1) for url: https://upload.wikimedia.org/wikipedia/commons/2/23/MerchantIvoryCurzMayfair201124_%2816_of_28%29_%2854154554145%29_%28cropped%29.jpg
2026-07-31 23:17:48,179 | WARNING | Download failed: https://lookaside.fbsbx.com/lookaside/crawler/instagram/DU7NSlRjZPI/0/image.jpg | cannot identify image file <_io.BytesIO object at 0x7bf18d5d5220>
2026-07-31 23:17:48,850 | WARNING | Download failed: https://lookaside.fbsbx.com/lookaside/crawler/instagram/DUH9EwHEdw_/0/image.jpg | cannot identify image file <_io.BytesIO object at 0x7bf18bacc220>
2026-07-31 23:17:49,463 | WARNING | Download failed: https://upload.wikimedia.org/wikipedia/commons/a/ab/Holly_Hunter_by_Gage_Skidmore_2.jpg | 429 Client Error: Too many requests - please contact noc@wikimedia.org to discuss a less disruptive approach or instead use thumbnail images in sizes listed on https://w.wiki/GHai. (0c640b1) for url: https://upload.wikimedia.org/wikipedia/commons/a/ab/Holly_Hunter_by_Gage_Skidmore_2.jpg
2026-07-31 23:17:50,118 | WARNING | Download failed: https://lookaside.fbsbx.com/lookaside/crawler/instagram/DUBVEzoE-lu/0/image.jpg | cannot identify image file <_io.BytesIO object at 0x7bf18d5ef1d0>
2026-07-31 23:18:10,934 | WARNING | Download failed: https://www.esafety.gov.au/sites/default/files/2020-04/esafety-deep-fakes.jpg | HTTPSConnectionPool(host='www.esafety.gov.au', port=443): Read timed out. (read timeout=15)
2026-07-31 23:18:11,543 | WARNING | Download failed: https://upload.wikimedia.org/wikipedia/commons/8/88/Ibrahim_Traor%C3%A9_portrait.jpg | 429 Client Error: Too many requests - please contact noc@wikimedia.org to discuss a less disruptive approach or instead use thumbnail images in sizes listed on https://w.wiki/GHai. (0c640b1) for url: https://upload.wikimedia.org/wikipedia/commons/8/88/Ibrahim_Traor%C3%A9_portrait.jpg
2026-07-31 23:18:12,207 | WARNING | Download failed: https://lookaside.fbsbx.com/lookaside/crawler/instagram/DWjXBe7jGZC/0/image.jpg | cannot identify image file <_io.BytesIO object at 0x7bf19c098b30>
2026-07-31 23:18:12,861 | WARNING | Download failed: https://lookaside.fbsbx.com/lookaside/crawler/instagram/DWO79cmEdBo/0/image.jpg | cannot identify image file <_io.BytesIO object at 0x7bf18d5ef1d0>
2026-07-31 23:18:13,605 | WARNING | Download failed: http://media.wired.com/photos/63eae1b71b87b32b35988c5e/master/pass/Culture_Deepfake-Porn-Harm.jpg | ('Connection aborted.', ConnectionResetError(104, 'Connection reset by peer'))
2026-07-31 23:18:14,005 | WARNING | Download failed: https://documents.bcci.tv/resizedimageskirti/31_compress.png | 403 Client Error: Forbidden for url: https://documents.bcci.tv/resizedimageskirti/31_compress.png
2026-07-31 23:18:15,020 | WARNING | Download failed: https://c.ndtvimg.com/2026-02/4cedpp14_ishan-kishan-aditi-hundia-insta_625x300_18_February_26.jpeg | 403 Client Error: Forbidden for url: https://c.ndtvimg.com/2026-02/4cedpp14_ishan-kishan-aditi-hundia-insta_625x300_18_February_26.jpeg
2026-07-31 23:18:15,690 | WARNING | Download failed: https://lookaside.fbsbx.com/lookaside/crawler/threads/DV-uOUlDQ_Y/0/image.jpg | cannot identify image file <_io.BytesIO object at 0x7bf18d5ef1d0>
2026-07-31 23:18:16,357 | WARNING | Download failed: https://lookaside.fbsbx.com/lookaside/crawler/threads/DVpzrVyCOqh/0/image.jpg | cannot identify image file <_io.BytesIO object at 0x7bf19c1b7db0>
2026-07-31 23:18:16,969 | WARNING | Download failed: https://upload.wikimedia.org/wikipedia/commons/6/6d/20th_Anniversary_Schwab_Foundation_Gala_Dinner_%2844887783681%29_%28cropped%29.jpg | 429 Client Error: Too many requests - please contact noc@wikimedia.org to discuss a less disruptive approach or instead use thumbnail images in sizes listed on https://w.wiki/GHai. (0c640b1) for url: https://upload.wikimedia.org/wikipedia/commons/6/6d/20th_Anniversary_Schwab_Foundation_Gala_Dinner_%2844887783681%29_%28cropped%29.jpg
2026-07-31 23:18:17,827 | WARNING | Download failed: https://lookaside.fbsbx.com/lookaside/crawler/threads/DbBuD62EZQK/0/image.jpg | cannot identify image file <_io.BytesIO object at 0x7bf19c098b30>
2026-07-31 23:18:18,409 | WARNING | Download failed: https://media.eventhubs.com/images/2020/02/21-someone-used-deepfake-add-celebrities-mortal-kombat-11-and-its-p.jpg | HTTPSConnectionPool(host='media.eventhubs.com', port=443): Max retries exceeded with url: /images/2020/02/21-someone-used-deepfake-add-celebrities-mortal-kombat-11-and-its-p.jpg (Caused by SSLError(SSLCertVerificationError(1, '[SSL: CERTIFICATE_VERIFY_FAILED] certificate verify failed: unable to get local issuer certificate (_ssl.c:1147)')))
2026-07-31 23:18:34,974 | WARNING | Download failed: https://www.jewishvoicesnj.org/wp-content/uploads/images/2022-07-13/31p1.jpg | HTTPSConnectionPool(host='www.jewishvoicesnj.org', port=443): Max retries exceeded with url: /wp-content/uploads/images/2022-07-13/31p1.jpg (Caused by ConnectTimeoutError(<urllib3.connection.HTTPSConnection object at 0x7bf19c095d00>, 'Connection to www.jewishvoicesnj.org timed out. (connect timeout=15)'))
2026-07-31 23:18:35,820 | WARNING | Download failed: https://upload.wikimedia.org/wikipedia/commons/3/3f/James_Caan_Guillaume_Canet_Cannes_2013_cropped.jpg | 429 Client Error: Too many requests - please contact noc@wikimedia.org to discuss a less disruptive approach or instead use thumbnail images in sizes listed on https://w.wiki/GHai. (0c640b1) for url: https://upload.wikimedia.org/wikipedia/commons/3/3f/James_Caan_Guillaume_Canet_Cannes_2013_cropped.jpg
2026-07-31 23:18:36,815 | WARNING | Download failed: https://www.miataturbo.net/attachments/insert-bs-here-4/116971-ai-generated-cat-pictures-thread-jamie-lee-curtis-autograph.jpg?dateline=1404309012 | 403 Client Error: Forbidden for url: https://www.miataturbo.net/attachments/insert-bs-here-4/116971-ai-generated-cat-pictures-thread-jamie-lee-curtis-autograph.jpg?dateline=1404309012
2026-07-31 23:18:37,736 | WARNING | Download failed: https://media.cybernews.com/images/featured/2025/07/aniston-scam-deepfake.jpg | 403 Client Error: Forbidden for url: https://media.cybernews.com/images/featured/2025/07/aniston-scam-deepfake.jpg
2026-07-31 23:18:38,382 | WARNING | Download failed: https://upload.wikimedia.org/wikipedia/commons/3/3d/Jennifer_Garner_-_2024_%2854106107278%29_%28cropped%29.jpg | 429 Client Error: Too many requests - please contact noc@wikimedia.org to discuss a less disruptive approach or instead use thumbnail images in sizes listed on https://w.wiki/GHai. (0c640b1) for url: https://upload.wikimedia.org/wikipedia/commons/3/3d/Jennifer_Garner_-_2024_%2854106107278%29_%28cropped%29.jpg
2026-07-31 23:18:54,766 | WARNING | Download failed: https://i.cbc.ca/ais/cac88dcd-24d7-4eb2-9329-b0d7753983a2,1771537424460/full/max/0/default.jpg?im=Crop%2Crect%3D%280%2C0%2C3200%2C1800%29%3B | HTTPSConnectionPool(host='i.cbc.ca', port=443): Read timed out. (read timeout=15)
2026-07-31 23:18:56,159 | WARNING | Download failed: https://raindance.org/wp-content/uploads/2018/02/deepfake-3-300x216.jpg | 403 Client Error: Forbidden for url: https://raindance.org/wp-content/uploads/2018/02/deepfake-3-300x216.jpg
2026-07-31 23:18:56,808 | WARNING | Download failed: https://lookaside.fbsbx.com/lookaside/crawler/instagram/DVU9gSeDAvm/0/image.jpg | cannot identify image file <_io.BytesIO object at 0x7bf19c098450>
2026-07-31 23:18:57,426 | WARNING | Download failed: https://upload.wikimedia.org/wikipedia/commons/d/dc/Joaquin_Phoenix-64908_%28cropped%29.jpg | 429 Client Error: Too many requests - please contact noc@wikimedia.org to discuss a less disruptive approach or instead use thumbnail images in sizes listed on https://w.wiki/GHai. (0c640b1) for url: https://upload.wikimedia.org/wikipedia/commons/d/dc/Joaquin_Phoenix-64908_%28cropped%29.jpg
2026-07-31 23:18:58,050 | WARNING | Download failed: https://upload.wikimedia.org/wikipedia/commons/5/5b/Jodie_Foster_and_Rebecca_Zlotowski_at_NYFF_2025_02_%28cropped_headshot%29.jpg | 429 Client Error: Too many requests - please contact noc@wikimedia.org to discuss a less disruptive approach or instead use thumbnail images in sizes listed on https://w.wiki/GHai. (0c640b1) for url: https://upload.wikimedia.org/wikipedia/commons/5/5b/Jodie_Foster_and_Rebecca_Zlotowski_at_NYFF_2025_02_%28cropped_headshot%29.jpg
2026-07-31 23:18:58,670 | WARNING | Download failed: https://upload.wikimedia.org/wikipedia/commons/5/53/John_Cusack_Photo_Op_GalaxyCon_Raleigh_2019.jpg | 429 Client Error: Too many requests - please contact noc@wikimedia.org to discuss a less disruptive approach or instead use thumbnail images in sizes listed on https://w.wiki/GHai. (0c640b1) for url: https://upload.wikimedia.org/wikipedia/commons/5/53/John_Cusack_Photo_Op_GalaxyCon_Raleigh_2019.jpg
2026-07-31 23:19:03,860 | WARNING | Download failed: https://www.latinousa.org/wp-content/uploads/2026/04/lusa_johnleguizamo_cover_horizontal.jpg | 403 Client Error: Forbidden for url: https://www.latinousa.org/wp-content/uploads/2026/04/lusa_johnleguizamo_cover_horizontal.jpg
2026-07-31 23:19:04,498 | WARNING | Download failed: https://upload.wikimedia.org/wikipedia/commons/9/9d/John_Malkovich_KVIFF_2.jpg | 429 Client Error: Too many requests - please contact noc@wikimedia.org to discuss a less disruptive approach or instead use thumbnail images in sizes listed on https://w.wiki/GHai. (0c640b1) for url: https://upload.wikimedia.org/wikipedia/commons/9/9d/John_Malkovich_KVIFF_2.jpg
2026-07-31 23:19:05,273 | WARNING | Download failed: https://963kklz.com/uploads/2020/06/GettyImages-1182695105.jpg?format=auto&optimize=high&width=1440 | 403 Client Error: Forbidden for url: https://963kklz.com/uploads/2020/06/GettyImages-1182695105.jpg?format=auto&optimize=high&width=1440
2026-07-31 23:19:05,932 | WARNING | Download failed: https://lookaside.fbsbx.com/lookaside/crawler/threads/DSgiiYnDsVq/0/image.jpg | cannot identify image file <_io.BytesIO object at 0x7bf18b77b2c0>
2026-07-31 23:19:06,564 | WARNING | Download failed: https://upload.wikimedia.org/wikipedia/commons/e/ec/Josh_Brolin_SDCC_2014.jpg | 429 Client Error: Too many requests - please contact noc@wikimedia.org to discuss a less disruptive approach or instead use thumbnail images in sizes listed on https://w.wiki/GHai. (0c640b1) for url: https://upload.wikimedia.org/wikipedia/commons/e/ec/Josh_Brolin_SDCC_2014.jpg
2026-07-31 23:19:07,177 | WARNING | Download failed: https://upload.wikimedia.org/wikipedia/commons/3/3e/Josh_Hutcherson_by_Gage_Skidmore_2.jpg | 429 Client Error: Too many requests - please contact noc@wikimedia.org to discuss a less disruptive approach or instead use thumbnail images in sizes listed on https://w.wiki/GHai. (0c640b1) for url: https://upload.wikimedia.org/wikipedia/commons/3/3e/Josh_Hutcherson_by_Gage_Skidmore_2.jpg
2026-07-31 23:19:07,833 | WARNING | Download failed: https://lookaside.fbsbx.com/lookaside/crawler/instagram/DVWxPbBERwQ/0/image.jpg | cannot identify image file <_io.BytesIO object at 0x7bf18d5ec400>
2026-07-31 23:19:08,343 | WARNING | Download failed: https://documents.iplt20.com/ipl/IPLHeadshot2026/647.png | 403 Client Error: Forbidden for url: https://documents.iplt20.com/ipl/IPLHeadshot2026/647.png
2026-07-31 23:19:08,993 | WARNING | Download failed: https://lookaside.fbsbx.com/lookaside/crawler/instagram/DRILQskEqlo/0/image.jpg | cannot identify image file <_io.BytesIO object at 0x7bf18d5ec400>
2026-07-31 23:19:09,650 | WARNING | Download failed: https://lookaside.fbsbx.com/lookaside/crawler/instagram/DVmcUxcCldb/0/image.jpg | cannot identify image file <_io.BytesIO object at 0x7bf18d5d5220>
2026-07-31 23:19:10,323 | WARNING | Download failed: https://lookaside.fbsbx.com/lookaside/crawler/instagram/DW4EhibEqGP/0/image.jpg | cannot identify image file <_io.BytesIO object at 0x7bf19c1b7e00>
2026-07-31 23:19:10,981 | WARNING | Download failed: https://lookaside.fbsbx.com/lookaside/crawler/instagram/DWE0UJnjxL4/0/image.jpg | cannot identify image file <_io.BytesIO object at 0x7bf18bacc220>
2026-07-31 23:19:11,613 | WARNING | Download failed: https://upload.wikimedia.org/wikipedia/commons/1/1a/Kathy_Bates_by_Gage_Skidmore.jpg | 429 Client Error: Too many requests - please contact noc@wikimedia.org to discuss a less disruptive approach or instead use thumbnail images in sizes listed on https://w.wiki/GHai. (0c640b1) for url: https://upload.wikimedia.org/wikipedia/commons/1/1a/Kathy_Bates_by_Gage_Skidmore.jpg
2026-07-31 23:19:12,223 | WARNING | Download failed: https://upload.wikimedia.org/wikipedia/commons/b/b4/Keanu_Reeves_at_TIFF_2025_02_%28Cropped%29.jpg | 429 Client Error: Too many requests - please contact noc@wikimedia.org to discuss a less disruptive approach or instead use thumbnail images in sizes listed on https://w.wiki/GHai. (0c640b1) for url: https://upload.wikimedia.org/wikipedia/commons/b/b4/Keanu_Reeves_at_TIFF_2025_02_%28Cropped%29.jpg
2026-07-31 23:19:12,834 | WARNING | Download failed: https://upload.wikimedia.org/wikipedia/commons/b/bc/Kevin_Costner_at_81st_Venice_Film_Festival_%28cropped%29.jpg | 429 Client Error: Too many requests - please contact noc@wikimedia.org to discuss a less disruptive approach or instead use thumbnail images in sizes listed on https://w.wiki/GHai. (0c640b1) for url: https://upload.wikimedia.org/wikipedia/commons/b/bc/Kevin_Costner_at_81st_Venice_Film_Festival_%28cropped%29.jpg
2026-07-31 23:19:25,496 | WARNING | Download failed: https://image.ytn.co.kr/general/jpg/2025/0909/202509091624180521_t.jpg | HTTPSConnectionPool(host='image.ytn.co.kr', port=443): Max retries exceeded with url: /general/jpg/2025/0909/202509091624180521_t.jpg (Caused by NewConnectionError('<urllib3.connection.HTTPSConnection object at 0x7bf19c095e80>: Failed to establish a new connection: [Errno -3] Temporary failure in name resolution'))
2026-07-31 23:19:26,107 | WARNING | Download failed: https://upload.wikimedia.org/wikipedia/commons/5/54/Kiefer_Sutherland_%2854236404161%29.jpg | 429 Client Error: Too many requests - please contact noc@wikimedia.org to discuss a less disruptive approach or instead use thumbnail images in sizes listed on https://w.wiki/GHai. (0c640b1) for url: https://upload.wikimedia.org/wikipedia/commons/5/54/Kiefer_Sutherland_%2854236404161%29.jpg
2026-07-31 23:19:26,835 | WARNING | Download failed: https://lookaside.fbsbx.com/lookaside/crawler/instagram/DRaIVawjZde/0/image.jpg | cannot identify image file <_io.BytesIO object at 0x7bf19c1b7e00>
2026-07-31 23:19:29,508 | WARNING | Download failed: https://www.alainelkanninterviews.com/wp-content/uploads/2018/01/1794-KST-600x640.jpg | 403 Client Error: Forbidden for url: https://www.alainelkanninterviews.com/wp-content/uploads/2018/01/1794-KST-600x640.jpg
2026-07-31 23:19:30,127 | WARNING | Download failed: https://upload.wikimedia.org/wikipedia/commons/d/db/Kurt_Russell_by_Gage_Skidmore_2.jpg | 429 Client Error: Too many requests - please contact noc@wikimedia.org to discuss a less disruptive approach or instead use thumbnail images in sizes listed on https://w.wiki/GHai. (0c640b1) for url: https://upload.wikimedia.org/wikipedia/commons/d/db/Kurt_Russell_by_Gage_Skidmore_2.jpg
2026-07-31 23:19:30,755 | WARNING | Download failed: https://upload.wikimedia.org/wikipedia/commons/0/08/149th_Preakness_%2853731145142%29_%28cropped%29.jpg | 429 Client Error: Too many requests - please contact noc@wikimedia.org to discuss a less disruptive approach or instead use thumbnail images in sizes listed on https://w.wiki/GHai. (0c640b1) for url: https://upload.wikimedia.org/wikipedia/commons/0/08/149th_Preakness_%2853731145142%29_%28cropped%29.jpg
2026-07-31 23:19:31,391 | WARNING | Download failed: https://lookaside.fbsbx.com/lookaside/crawler/threads/DErzr4YxENP/0/image.jpg | cannot identify image file <_io.BytesIO object at 0x7bf18d5ec400>
2026-07-31 23:19:32,042 | WARNING | Download failed: https://lookaside.fbsbx.com/lookaside/crawler/threads/DadSEzEjHfn/1/image.jpg | cannot identify image file <_io.BytesIO object at 0x7bf18d5edef0>
2026-07-31 23:19:32,684 | WARNING | Download failed: https://upload.wikimedia.org/wikipedia/commons/e/ee/2021%E2%80%9322_WBBL_PS_v_AS_21-10-30_Wolvaardt_%2801%29.jpg | 429 Client Error: Too many requests - please contact noc@wikimedia.org to discuss a less disruptive approach or instead use thumbnail images in sizes listed on https://w.wiki/GHai. (0c640b1) for url: https://upload.wikimedia.org/wikipedia/commons/e/ee/2021%E2%80%9322_WBBL_PS_v_AS_21-10-30_Wolvaardt_%2801%29.jpg
2026-07-31 23:19:48,673 | WARNING | Download failed: https://cdn.nba.com/manage/2026/07/lebron5.jpg | HTTPSConnectionPool(host='cdn.nba.com', port=443): Read timed out. (read timeout=15)
2026-07-31 23:19:49,346 | WARNING | Download failed: https://lookaside.fbsbx.com/lookaside/crawler/instagram/actorleeminho/profile_pic.jpg | cannot identify image file <_io.BytesIO object at 0x7bf18d5ef1d0>
2026-07-31 23:19:49,990 | WARNING | Download failed: https://lookaside.fbsbx.com/lookaside/crawler/instagram/DMOkrE-NEt_/0/image.jpg | cannot identify image file <_io.BytesIO object at 0x7bf19c1b7e00>
2026-07-31 23:19:50,627 | WARNING | Download failed: https://upload.wikimedia.org/wikipedia/commons/b/bc/Lindsay_Lohan_by_Gage_Skidmore.jpg | 429 Client Error: Too many requests - please contact noc@wikimedia.org to discuss a less disruptive approach or instead use thumbnail images in sizes listed on https://w.wiki/GHai. (0c640b1) for url: https://upload.wikimedia.org/wikipedia/commons/b/bc/Lindsay_Lohan_by_Gage_Skidmore.jpg
2026-07-31 23:19:51,287 | WARNING | Download failed: https://lookaside.fbsbx.com/lookaside/crawler/instagram/linkneal/profile_pic.jpg | cannot identify image file <_io.BytesIO object at 0x7bf18b050360>
2026-07-31 23:19:51,904 | WARNING | Download failed: https://lookaside.fbsbx.com/lookaside/crawler/instagram/livvydunne/profile_pic.jpg | cannot identify image file <_io.BytesIO object at 0x7bf18b77b2c0>
2026-07-31 23:19:52,914 | WARNING | Download failed: https://lookaside.fbsbx.com/lookaside/crawler/instagram/C9Tb4jVP-kC/0/image.jpg | cannot identify image file <_io.BytesIO object at 0x7bf18d5edef0>
2026-07-31 23:20:08,904 | WARNING | Download failed: https://img.fcbayern.com/image/upload/f_auto/q_auto/ar_1:1,c_fill,g_custom,w_768/v1785247487/cms/public/images/fcbayern-com/players/spielerportraits/teaser/luis-diaz.png | HTTPSConnectionPool(host='img.fcbayern.com', port=443): Read timed out. (read timeout=15)
2026-07-31 23:20:10,124 | WARNING | Download failed: https://c.ndtvimg.com/2024-04/jkfgj558_rahul-gandhi-fake-audio-clip_625x300_29_April_24.jpg | 403 Client Error: Forbidden for url: https://c.ndtvimg.com/2024-04/jkfgj558_rahul-gandhi-fake-audio-clip_625x300_29_April_24.jpg
2026-07-31 23:20:10,752 | WARNING | Download failed: https://c.ndtvimg.com/2025-01/1gmglqgo_indira_625x300_25_January_25.jpeg?im=FitAndFill,algorithm=dnn,width=1200,height=738 | 403 Client Error: Forbidden for url: https://c.ndtvimg.com/2025-01/1gmglqgo_indira_625x300_25_January_25.jpeg?im=FitAndFill,algorithm=dnn,width=1200,height=738
2026-07-31 23:20:11,377 | WARNING | Download failed: https://c.ndtvimg.com/2024-04/jkfgj558_rahul-gandhi-fake-audio-clip_625x300_29_April_24.jpg?im=FeatureCrop,algorithm=dnn,width=1600,height=900 | 403 Client Error: Forbidden for url: https://c.ndtvimg.com/2024-04/jkfgj558_rahul-gandhi-fake-audio-clip_625x300_29_April_24.jpg?im=FeatureCrop,algorithm=dnn,width=1600,height=900
2026-07-31 23:20:13,527 | WARNING | Download failed: https://c107833-mcdn.mp.lura.live/expiretime=2082787200/1f15f35dd754ae9a20e098584cd5cce9fd2f88e9f3a989805932c09685bb3467/iupl/351/3AA/3513AAE8104D0B155A85E7F51F0F3893.jpg | 502 Server Error: Bad Gateway for url: https://c107833-mcdn.mp.lura.live/expiretime=2082787200/1f15f35dd754ae9a20e098584cd5cce9fd2f88e9f3a989805932c09685bb3467/iupl/351/3AA/3513AAE8104D0B155A85E7F51F0F3893.jpg
2026-07-31 23:20:14,152 | WARNING | Download failed: https://upload.wikimedia.org/wikipedia/commons/8/85/Nobel_Peace_Prize_2025_-_Mar%C3%ADa_Corina_Machado_press_conference_%283x4_cropped%29.jpg | 429 Client Error: Too many requests - please contact noc@wikimedia.org to discuss a less disruptive approach or instead use thumbnail images in sizes listed on https://w.wiki/GHai. (0c640b1) for url: https://upload.wikimedia.org/wikipedia/commons/8/85/Nobel_Peace_Prize_2025_-_Mar%C3%ADa_Corina_Machado_press_conference_%283x4_cropped%29.jpg
2026-07-31 23:20:15,401 | WARNING | Download failed: https://lookaside.fbsbx.com/lookaside/crawler/instagram/DV_G3H3jI2u/0/image.jpg | cannot identify image file <_io.BytesIO object at 0x7bf20d0f9ea0>
2026-07-31 23:20:16,329 | WARNING | Download failed: https://lookaside.fbsbx.com/lookaside/crawler/instagram/DV_HYJ-jDnC/0/image.jpg | cannot identify image file <_io.BytesIO object at 0x7bf18b043f90>
2026-07-31 23:20:19,442 | WARNING | Download failed: https://cdn.adamlevin.com/wp-content/uploads/2020/11/deepfake-zuck.png | 403 Client Error: Forbidden for url: https://cdn.adamlevin.com/wp-content/uploads/2020/11/deepfake-zuck.png
2026-07-31 23:20:20,321 | WARNING | Download failed: https://upload.wikimedia.org/wikipedia/commons/c/c2/Marques_Brownlee_cropped.jpg | 429 Client Error: Too many requests - please contact noc@wikimedia.org to discuss a less disruptive approach or instead use thumbnail images in sizes listed on https://w.wiki/GHai. (0c640b1) for url: https://upload.wikimedia.org/wikipedia/commons/c/c2/Marques_Brownlee_cropped.jpg
2026-07-31 23:20:20,934 | WARNING | Download failed: https://upload.wikimedia.org/wikipedia/commons/a/a5/Martin_Lewis_in_2017_%28cropped%29.jpg | 429 Client Error: Too many requests - please contact noc@wikimedia.org to discuss a less disruptive approach or instead use thumbnail images in sizes listed on https://w.wiki/GHai. (0c640b1) for url: https://upload.wikimedia.org/wikipedia/commons/a/a5/Martin_Lewis_in_2017_%28cropped%29.jpg
2026-07-31 23:20:21,843 | WARNING | Download failed: https://www.paragonbank.co.uk/resources/blogimages/2751/deepfake.jpg | 403 Client Error: Forbidden for url: https://www.paragonbank.co.uk/resources/blogimages/2751/deepfake.jpg
2026-07-31 23:20:22,667 | WARNING | Download failed: https://www.entrust.com/sites/default/files/2025-03/what-are-deepfakes-blog-header-1502x800.png | 403 Client Error: Forbidden for url: https://www.entrust.com/sites/default/files/2025-03/what-are-deepfakes-blog-header-1502x800.png
2026-07-31 23:20:31,222 | WARNING | Download failed: https://journals.sagepub.com/cms/10.1177/27523543251371153/asset/875ffe02-fa4e-4dbe-af90-dafb062de16b/assets/images/large/10.1177_27523543251371153-fig3.jpg | 403 Client Error: Forbidden for url: https://journals.sagepub.com/cms/10.1177/27523543251371153/asset/875ffe02-fa4e-4dbe-af90-dafb062de16b/assets/images/large/10.1177_27523543251371153-fig3.jpg
2026-07-31 23:20:32,396 | WARNING | Download failed: https://lookaside.fbsbx.com/lookaside/crawler/threads/DZ8IDBtEkK4/0/image.jpg | cannot identify image file <_io.BytesIO object at 0x7bf18b0503b0>
2026-07-31 23:20:33,227 | WARNING | Download failed: https://i.ytimg.com/vi/ZsiMWpjSdnw/maxresdefault.jpg | 404 Client Error: Not Found for url: https://i.ytimg.com/vi/ZsiMWpjSdnw/maxresdefault.jpg
2026-07-31 23:20:33,922 | WARNING | Download failed: https://upload.wikimedia.org/wikipedia/commons/c/c6/Michael_Nyqvist_2016.jpg | 429 Client Error: Too many requests - please contact noc@wikimedia.org to discuss a less disruptive approach or instead use thumbnail images in sizes listed on https://w.wiki/GHai. (0c640b1) for url: https://upload.wikimedia.org/wikipedia/commons/c/c6/Michael_Nyqvist_2016.jpg
2026-07-31 23:20:34,534 | WARNING | Download failed: https://upload.wikimedia.org/wikipedia/commons/6/68/Michelle_Yeoh-2268.jpg | 429 Client Error: Too many requests - please contact noc@wikimedia.org to discuss a less disruptive approach or instead use thumbnail images in sizes listed on https://w.wiki/GHai. (0c640b1) for url: https://upload.wikimedia.org/wikipedia/commons/6/68/Michelle_Yeoh-2268.jpg
2026-07-31 23:20:35,207 | WARNING | Download failed: https://upload.wikimedia.org/wikipedia/commons/c/c8/Miles_Teller_TIFF_2025_%283x4_cropped%29.png | 429 Client Error: Too many requests - please contact noc@wikimedia.org to discuss a less disruptive approach or instead use thumbnail images in sizes listed on https://w.wiki/GHai. (0c640b1) for url: https://upload.wikimedia.org/wikipedia/commons/c/c8/Miles_Teller_TIFF_2025_%283x4_cropped%29.png
2026-07-31 23:20:39,646 | WARNING | Download failed: https://www.newarab.com/sites/default/files/2023-09/Screenshot%202023-09-22%20150852.jpg | 403 Client Error: Forbidden for url: https://www.newarab.com/sites/default/files/2023-09/Screenshot%202023-09-22%20150852.jpg
2026-07-31 23:20:40,102 | WARNING | Download failed: https://www.researchgate.net/publication/373684933/figure/fig2/AS:11431281226577379@1709263688701/Examples-of-real-and-DeepFake-manipulation-from-Celeb-df-dataset-26_Q320.jpg | 403 Client Error: Forbidden for url: https://www.researchgate.net/publication/373684933/figure/fig2/AS:11431281226577379@1709263688701/Examples-of-real-and-DeepFake-manipulation-from-Celeb-df-dataset-26_Q320.jpg
2026-07-31 23:20:41,107 | WARNING | Download failed: https://www.mdpi.com/mathematics/mathematics-10-00004/article_deploy/html/images/mathematics-10-00004-g010.png | 403 Client Error: Forbidden for url: https://www.mdpi.com/mathematics/mathematics-10-00004/article_deploy/html/images/mathematics-10-00004-g010.png
2026-07-31 23:20:56,773 | WARNING | Download failed: https://www.mcafee.com/blogs/wp-content/uploads/2025/02/1000x563_Blog_Protect-Yourself-Deepfake-Scams.png | HTTPSConnectionPool(host='www.mcafee.com', port=443): Read timed out. (read timeout=15)
2026-07-31 23:21:03,535 | WARNING | Download failed: https://vogueadria.com/wp-content/uploads/2026/01/MonICA-Bellucci-film-malena-mobile.jpg | 403 Client Error: Forbidden for url: https://vogueadria.com/wp-content/uploads/2026/01/MonICA-Bellucci-film-malena-mobile.jpg
2026-07-31 23:21:04,134 | WARNING | Download failed: https://adultdeepfakes.com/contents/videos_screenshots/24000/24739/preview_720p.mp4.jpg | ('Connection aborted.', ConnectionResetError(104, 'Connection reset by peer'))
2026-07-31 23:21:04,783 | WARNING | Download failed: https://lookaside.fbsbx.com/lookaside/crawler/instagram/DZ5MGXCPbGS/0/image.jpg | cannot identify image file <_io.BytesIO object at 0x7bf19c0bd7c0>
2026-07-31 23:21:05,439 | WARNING | Download failed: https://lookaside.fbsbx.com/lookaside/crawler/instagram/DYt-jRrhNW7/0/image.jpg | cannot identify image file <_io.BytesIO object at 0x7bf18b043d60>
2026-07-31 23:21:06,000 | WARNING | Download failed: https://dl.acm.org/cms/10.1145/3772318.3793208/asset/653c585e-4acf-4396-ad3f-9fcff0ef3bec/assets/images/medium/chi26-1700-fig3.jpg | 403 Client Error: Forbidden for url: https://dl.acm.org/cms/10.1145/3772318.3793208/asset/653c585e-4acf-4396-ad3f-9fcff0ef3bec/assets/images/medium/chi26-1700-fig3.jpg
2026-07-31 23:21:06,409 | WARNING | Download failed: https://dl.acm.org/cms/10.1145/3772318.3793208/asset/96c90a56-eb69-48cf-bb9e-cc465bc7aaa4/assets/images/medium/chi26-1700-fig1.jpg | 403 Client Error: Forbidden for url: https://dl.acm.org/cms/10.1145/3772318.3793208/asset/96c90a56-eb69-48cf-bb9e-cc465bc7aaa4/assets/images/medium/chi26-1700-fig1.jpg
2026-07-31 23:21:06,814 | WARNING | Download failed: https://dl.acm.org/cms/10.1145/3772318.3793208/asset/4fbeeb8f-f451-4e9a-8e25-c713af4b2ff7/assets/images/medium/chi26-1700-fig2.jpg | 403 Client Error: Forbidden for url: https://dl.acm.org/cms/10.1145/3772318.3793208/asset/4fbeeb8f-f451-4e9a-8e25-c713af4b2ff7/assets/images/medium/chi26-1700-fig2.jpg
2026-07-31 23:21:07,230 | WARNING | Download failed: https://www.researchgate.net/publication/353071322/figure/fig1/AS:1043187820929024@1625726766583/Examples-of-synthetic-faces-from-our-Normalized-Face-Dataset.png | 403 Client Error: Forbidden for url: https://www.researchgate.net/publication/353071322/figure/fig1/AS:1043187820929024@1625726766583/Examples-of-synthetic-faces-from-our-Normalized-Face-Dataset.png
2026-07-31 23:21:07,644 | WARNING | Download failed: https://www.researchgate.net/publication/336317420/figure/fig4/AS:811574356885517@1570505813832/Examples-of-synthetic-face-images-generated-from-the-reference-still-ROI-of-individuals.png | 403 Client Error: Forbidden for url: https://www.researchgate.net/publication/336317420/figure/fig4/AS:811574356885517@1570505813832/Examples-of-synthetic-face-images-generated-from-the-reference-still-ROI-of-individuals.png
2026-07-31 23:21:08,050 | WARNING | Download failed: https://www.researchgate.net/publication/323509990/figure/fig2/AS:667649235247112@1536191390602/Reconstruction-results-obtained-on-synthetic-dense-face-dataset-face-sequence-4-Top.png | 403 Client Error: Forbidden for url: https://www.researchgate.net/publication/323509990/figure/fig2/AS:667649235247112@1536191390602/Reconstruction-results-obtained-on-synthetic-dense-face-dataset-face-sequence-4-Top.png
2026-07-31 23:21:08,695 | WARNING | Download failed: https://www.livemint.com/lm-img/img/2025/09/13/960x540/sonam_bajwa_1757727155579_1757727178788.jpg | ('Connection aborted.', ConnectionResetError(104, 'Connection reset by peer'))
2026-07-31 23:21:09,857 | WARNING | Download failed: https://factcheck.afp.com/sites/default/files/medias/factchecking/g2/2026-07/261f1fb2d870ab7263cbe0a2fd452a50-en.jpeg | 403 Client Error: Forbidden for url: https://factcheck.afp.com/sites/default/files/medias/factchecking/g2/2026-07/261f1fb2d870ab7263cbe0a2fd452a50-en.jpeg
2026-07-31 23:21:10,496 | WARNING | Download failed: https://factcheck.afp.com/sites/default/files/styles/image_in_article/public/medias/factchecking/g2/2026-07/296044466045686546e6be9a8bb14150-en.jpeg?itok=YhUbSQTy | 403 Client Error: Forbidden for url: https://factcheck.afp.com/sites/default/files/styles/image_in_article/public/medias/factchecking/g2/2026-07/296044466045686546e6be9a8bb14150-en.jpeg?itok=YhUbSQTy
2026-07-31 23:21:11,178 | WARNING | Download failed: https://lookaside.fbsbx.com/lookaside/crawler/instagram/olgaloiek/profile_pic.jpg | cannot identify image file <_io.BytesIO object at 0x7bf18b043ea0>
2026-07-31 23:21:11,852 | WARNING | Download failed: https://lookaside.fbsbx.com/lookaside/crawler/threads/olgaloiek/profile_pic.jpg | cannot identify image file <_io.BytesIO object at 0x7bf19c1bebd0>
2026-07-31 23:21:12,893 | WARNING | Download failed: https://c.ndtvimg.com/2024-03/7h1cou4g_ukrainian-youtuber-olga-loiek_625x300_06_March_24.jpeg?im=FeatureCrop,algorithm=dnn,width=400,height=225&q=70 | 403 Client Error: Forbidden for url: https://c.ndtvimg.com/2024-03/7h1cou4g_ukrainian-youtuber-olga-loiek_625x300_06_March_24.jpeg?im=FeatureCrop,algorithm=dnn,width=400,height=225&q=70
2026-07-31 23:21:13,529 | WARNING | Download failed: https://c.ndtvimg.com/2024-03/7h1cou4g_ukrainian-youtuber-olga-loiek_625x300_06_March_24.jpeg | 403 Client Error: Forbidden for url: https://c.ndtvimg.com/2024-03/7h1cou4g_ukrainian-youtuber-olga-loiek_625x300_06_March_24.jpeg
2026-07-31 23:21:14,205 | WARNING | Download failed: https://lookaside.fbsbx.com/lookaside/crawler/threads/DTVv0fWj-Mm/0/image.jpg | cannot identify image file <_io.BytesIO object at 0x7bf19c1b7e00>
2026-07-31 23:21:14,862 | WARNING | Download failed: https://lookaside.fbsbx.com/lookaside/crawler/instagram/DWZMZJxAg77/0/image.jpg | cannot identify image file <_io.BytesIO object at 0x7bf19c1be270>
2026-07-31 23:21:15,525 | WARNING | Download failed: https://lookaside.fbsbx.com/lookaside/crawler/instagram/DWCV25MjBsa/0/image.jpg | cannot identify image file <_io.BytesIO object at 0x7bf18d5edef0>
2026-07-31 23:21:16,159 | WARNING | Download failed: https://upload.wikimedia.org/wikipedia/commons/6/6d/Pedro_Pascal_at_the_2025_Cannes_Film_Festival_04.jpg | 429 Client Error: Too many requests - please contact noc@wikimedia.org to discuss a less disruptive approach or instead use thumbnail images in sizes listed on https://w.wiki/GHai. (0c640b1) for url: https://upload.wikimedia.org/wikipedia/commons/6/6d/Pedro_Pascal_at_the_2025_Cannes_Film_Festival_04.jpg
2026-07-31 23:21:16,787 | WARNING | Download failed: https://upload.wikimedia.org/wikipedia/commons/4/4b/2_02_Phil_Salt.jpg | 429 Client Error: Too many requests - please contact noc@wikimedia.org to discuss a less disruptive approach or instead use thumbnail images in sizes listed on https://w.wiki/GHai. (0c640b1) for url: https://upload.wikimedia.org/wikipedia/commons/4/4b/2_02_Phil_Salt.jpg
2026-07-31 23:21:17,196 | WARNING | Download failed: https://www.researchgate.net/profile/Arnold-Abukari/publication/375695350/figure/fig1/AS:11431281205241176@1700189222615/AI-generated-image-of-Pope-Francis-Schoenherr-33_Q320.jpg | 403 Client Error: Forbidden for url: https://www.researchgate.net/profile/Arnold-Abukari/publication/375695350/figure/fig1/AS:11431281205241176@1700189222615/AI-generated-image-of-Pope-Francis-Schoenherr-33_Q320.jpg
2026-07-31 23:21:17,866 | WARNING | Download failed: https://lookaside.fbsbx.com/lookaside/crawler/instagram/rhettmc/profile_pic.jpg | cannot identify image file <_io.BytesIO object at 0x7bf18d5d5220>
2026-07-31 23:21:19,857 | WARNING | Download failed: https://upload.wikimedia.org/wikipedia/commons/6/6d/Robert_Englund_at_Comiccon_Brussels_2023_%2853039678100%29_%28cropped%29.jpg | 429 Client Error: Too many requests - please contact noc@wikimedia.org to discuss a less disruptive approach or instead use thumbnail images in sizes listed on https://w.wiki/GHai. (0c640b1) for url: https://upload.wikimedia.org/wikipedia/commons/6/6d/Robert_Englund_at_Comiccon_Brussels_2023_%2853039678100%29_%28cropped%29.jpg
2026-07-31 23:21:23,284 | WARNING | Download failed: https://www.researchgate.net/profile/Petteri-Alahuhta/publication/236590142/figure/fig2/AS:654733031256067@1533111927322/Rogers-diffusion-model-Adopted-from-Rogers-2003-and-Moore-1995.png | 403 Client Error: Forbidden for url: https://www.researchgate.net/profile/Petteri-Alahuhta/publication/236590142/figure/fig2/AS:654733031256067@1533111927322/Rogers-diffusion-model-Adopted-from-Rogers-2003-and-Moore-1995.png
2026-07-31 23:21:23,925 | WARNING | Download failed: https://lookaside.fbsbx.com/lookaside/crawler/threads/DU5wda6DFNk/0/image.jpg | cannot identify image file <_io.BytesIO object at 0x7bf18d5ef1d0>
2026-07-31 23:21:34,246 | WARNING | Download failed: https://www.europol.europa.eu/cms/sites/default/files/styles/700x/public/images/Facing%20Reality%20Reprt%20Cover.PNG?itok=cAnpAAvu | HTTPSConnectionPool(host='www.europol.europa.eu', port=443): Max retries exceeded with url: /cms/sites/default/files/styles/700x/public/images/Facing%20Reality%20Reprt%20Cover.PNG?itok=cAnpAAvu (Caused by NewConnectionError('<urllib3.connection.HTTPSConnection object at 0x7bf19c0736a0>: Failed to establish a new connection: [Errno -3] Temporary failure in name resolution'))
2026-07-31 23:22:10,149 | WARNING | Download failed: https://images.firstpost.com/wp-content/uploads/large_file_plugin/2021/03/1616660185_millie640.jpg?im=FitAndFill=(1200,675) | HTTPSConnectionPool(host='images.firstpost.com', port=443): Max retries exceeded with url: /wp-content/uploads/large_file_plugin/2021/03/1616660185_millie640.jpg?im=FitAndFill=(1200,675) (Caused by NewConnectionError('<urllib3.connection.HTTPSConnection object at 0x7bf19c073c70>: Failed to establish a new connection: [Errno -3] Temporary failure in name resolution'))
2026-07-31 23:22:18,747 | WARNING | Download failed: https://upload.wikimedia.org/wikipedia/commons/a/a7/Russell_Crowe_on_the_Green_Carpet_at_the_2025_Zurich_Film_Festival_06_%28cropped%29.jpg | 429 Client Error: Too many requests - please contact noc@wikimedia.org to discuss a less disruptive approach or instead use thumbnail images in sizes listed on https://w.wiki/GHai. (0c640b1) for url: https://upload.wikimedia.org/wikipedia/commons/a/a7/Russell_Crowe_on_the_Green_Carpet_at_the_2025_Zurich_Film_Festival_06_%28cropped%29.jpg
2026-07-31 23:23:05,009 | WARNING | Download failed: https://cf-images.ap-southeast-2.prod.boltdns.net/v1/static/3910869709001/ec3f7eaa-6953-4806-9c3c-5d6076791bb5/dcc9edf2-2f6b-4a68-87bd-1317ec605d7f/1280x720/match/image.jpg | HTTPSConnectionPool(host='cf-images.ap-southeast-2.prod.boltdns.net', port=443): Max retries exceeded with url: /v1/static/3910869709001/ec3f7eaa-6953-4806-9c3c-5d6076791bb5/dcc9edf2-2f6b-4a68-87bd-1317ec605d7f/1280x720/match/image.jpg (Caused by NewConnectionError('<urllib3.connection.HTTPSConnection object at 0x7bf19c073670>: Failed to establish a new connection: [Errno -3] Temporary failure in name resolution'))
2026-07-31 23:23:36,466 | WARNING | Download failed: https://upload.wikimedia.org/wikipedia/commons/8/8a/Sam_Rockwell-3953.jpg | 429 Client Error: Too many requests - please contact noc@wikimedia.org to discuss a less disruptive approach or instead use thumbnail images in sizes listed on https://w.wiki/GHai. (0c640b1) for url: https://upload.wikimedia.org/wikipedia/commons/8/8a/Sam_Rockwell-3953.jpg
2026-07-31 23:24:28,967 | WARNING | Download failed: https://lookaside.fbsbx.com/lookaside/crawler/instagram/DWMXz1qgHer/0/image.jpg | cannot identify image file <_io.BytesIO object at 0x7bf19c064950>
2026-07-31 23:24:29,623 | WARNING | Download failed: https://lookaside.fbsbx.com/lookaside/crawler/instagram/DWWzCvoE8XV/0/image.jpg | cannot identify image file <_io.BytesIO object at 0x7bf19c0bd7c0>
2026-07-31 23:26:31,409 | WARNING | Download failed: https://lookaside.fbsbx.com/lookaside/crawler/instagram/DVe7yt6kQgh/0/image.jpg | cannot identify image file <_io.BytesIO object at 0x7bf19c1bebd0>
2026-07-31 23:26:32,079 | WARNING | Download failed: https://lookaside.fbsbx.com/lookaside/crawler/instagram/DXdCgHmk6H9/0/image.jpg | cannot identify image file <_io.BytesIO object at 0x7bf19c0bd7c0>
2026-07-31 23:26:32,747 | WARNING | Download failed: https://lookaside.fbsbx.com/lookaside/crawler/instagram/Da27etLuPhR/0/image.jpg | cannot identify image file <_io.BytesIO object at 0x7bf18b050360>
2026-07-31 23:27:08,695 | WARNING | Download failed: https://lookaside.fbsbx.com/lookaside/crawler/instagram/shreyaghoshal/profile_pic.jpg | cannot identify image file <_io.BytesIO object at 0x7bf18d5edef0>
2026-07-31 23:27:19,132 | WARNING | Download failed: https://c.ndtvimg.com/2026-03/mf8tcrak_radiologists_625x300_27_March_26.png?im=FeatureCrop,algorithm=dnn,width=1200,height=738 | 403 Client Error: Forbidden for url: https://c.ndtvimg.com/2026-03/mf8tcrak_radiologists_625x300_27_March_26.png?im=FeatureCrop,algorithm=dnn,width=1200,height=738
2026-07-31 23:27:38,956 | WARNING | Download failed: https://www.newsmobile.in/wp-content/uploads/2025/07/Screenshot-2025-07-16-130254.png | cannot identify image file <_io.BytesIO object at 0x7bf19c1b7db0>
2026-07-31 23:27:39,620 | WARNING | Download failed: https://www.thestatesman.com/wp-content/uploads/2023/11/Deepfake-image-of-Sara-Tendulkar.jpg | ('Connection aborted.', ConnectionResetError(104, 'Connection reset by peer'))
2026-07-31 23:27:54,205 | WARNING | Download failed: https://www.newsmobile.in/wp-content/uploads/2025/04/Screenshot-2025-04-09-at-4.31.57-PM.png | cannot identify image file <_io.BytesIO object at 0x7bf19c064e50>
2026-07-31 23:28:31,024 | WARNING | Download failed: https://lookaside.fbsbx.com/lookaside/crawler/instagram/DS-DZoFjVM4/0/image.jpg | cannot identify image file <_io.BytesIO object at 0x7bf19c064950>
2026-07-31 23:28:52,333 | WARNING | Download failed: https://www.midjourney.com/public/assets/images/homepage/face.png | 403 Client Error: Forbidden for url: https://www.midjourney.com/public/assets/images/homepage/face.png
2026-07-31 23:29:37,618 | WARNING | Download failed: https://i1.rgstatic.net/publication/354868633_Synthetic_faces_how_perceptually_convincing_are_they/links/615c2cc850be5507287fd5ab/largepreview.png | 403 Client Error: Forbidden for url: https://i1.rgstatic.net/publication/354868633_Synthetic_faces_how_perceptually_convincing_are_they/links/615c2cc850be5507287fd5ab/largepreview.png
2026-07-31 23:30:35,732 | WARNING | Download failed: https://lookaside.fbsbx.com/lookaside/crawler/threads/DWtOMIqjbq9/1/image.jpg | cannot identify image file <_io.BytesIO object at 0x7bf18d5ec400>
2026-07-31 23:30:36,578 | WARNING | Download failed: https://www.newsmobile.in/wp-content/uploads/2025/09/Screenshot-2025-09-17-at-11.06.26-AM.png | cannot identify image file <_io.BytesIO object at 0x7bf19c1bebd0>
2026-07-31 23:30:37,211 | WARNING | Download failed: https://lookaside.fbsbx.com/lookaside/crawler/threads/DYRc4D2kxDt/0/image.jpg | cannot identify image file <_io.BytesIO object at 0x7bf18b050360>
2026-07-31 23:30:38,072 | WARNING | Download failed: https://www.newsmobile.in/wp-content/uploads/2025/08/Screenshot-2025-08-26-at-10.03.17-AM.png | cannot identify image file <_io.BytesIO object at 0x7bf20d0f9ea0>
2026-07-31 23:31:08,339 | WARNING | Download failed: https://assets.misbar.com/inline-images/5f615fac61_screenshot-2025-09-02-152051.png | 403 Client Error: Forbidden for url: https://assets.misbar.com/inline-images/5f615fac61_screenshot-2025-09-02-152051.png
2026-07-31 23:31:13,576 | WARNING | Download failed: https://assets.misbar.com/inline-images/24c94278fc_screenshot-2025-09-02-150305.png | 403 Client Error: Forbidden for url: https://assets.misbar.com/inline-images/24c94278fc_screenshot-2025-09-02-150305.png
2026-07-31 23:31:14,018 | WARNING | Download failed: https://assets.misbar.com/inline-images/9c012d6b5c_image.png | 403 Client Error: Forbidden for url: https://assets.misbar.com/inline-images/9c012d6b5c_image.png
2026-07-31 23:32:37,985 | INFO | ============================================================
2026-07-31 23:32:37,994 | INFO | STEP 4 RUN COMPLETE
2026-07-31 23:32:37,994 | INFO | OK (accepted)     : 158
2026-07-31 23:32:37,994 | INFO | No face           : 18
2026-07-31 23:32:37,994 | INFO | Multiple faces    : 72
2026-07-31 23:32:37,995 | INFO | Face too small    : 38
2026-07-31 23:32:37,995 | INFO | Download errors   : 213 (will retry)
2026-07-31 23:32:37,995 | INFO | Detector errors   : 1 (will retry)
2026-07-31 23:32:37,995 | INFO | ============================================================
2026-07-31 23:46:29,599 | INFO | MTCNN initialized on device: cuda
2026-07-31 23:46:29,901 | INFO | ============================================================
2026-07-31 23:46:29,901 | INFO | STEP 4 START (Face Verification)
2026-07-31 23:46:29,901 | INFO | Total candidates     : 4171
2026-07-31 23:46:29,901 | INFO | Already checked      : 3412
2026-07-31 23:46:29,901 | INFO | Remaining pending    : 759
2026-07-31 23:46:29,902 | INFO | This run             : 500
2026-07-31 23:46:29,902 | INFO | Device               : cuda
2026-07-31 23:46:29,902 | INFO | ============================================================
2026-07-31 23:46:30,319 | WARNING | Download failed: https://lookaside.fbsbx.com/lookaside/crawler/threads/DZDE9TGlp6M/0/image.jpg | cannot identify image file <_io.BytesIO object at 0x71d202751cc0>
2026-07-31 23:46:31,223 | WARNING | Download failed: https://www.mdpi.com/jimaging/jimaging-08-00263/article_deploy/html/images/jimaging-08-00263-g008-550.jpg | 403 Client Error: Forbidden for url: https://www.mdpi.com/jimaging/jimaging-08-00263/article_deploy/html/images/jimaging-08-00263-g008-550.jpg
2026-07-31 23:46:31,842 | WARNING | Download failed: https://www.livemint.com/lm-img/img/2024/05/07/optimize/Alia_Bhatt_Deepfake_1715069582605_1715069596521.png | ('Connection aborted.', ConnectionResetError(104, 'Connection reset by peer'))
2026-07-31 23:46:32,502 | WARNING | Download failed: https://lookaside.fbsbx.com/lookaside/crawler/instagram/DQbAbycEwWc/0/image.jpg | cannot identify image file <_io.BytesIO object at 0x71d2054ff770>
2026-07-31 23:46:33,154 | WARNING | Download failed: https://lookaside.fbsbx.com/lookaside/crawler/instagram/amberheard/profile_pic.jpg | cannot identify image file <_io.BytesIO object at 0x71d202751d60>
2026-07-31 23:46:33,815 | WARNING | Download failed: https://lookaside.fbsbx.com/lookaside/crawler/instagram/DZU5Mo-y9I1/0/image.jpg | cannot identify image file <_io.BytesIO object at 0x71d2054ff770>
2026-07-31 23:46:34,441 | WARNING | Download failed: https://lookaside.fbsbx.com/lookaside/crawler/threads/DEk0T1NTS2D/1/image.jpg | cannot identify image file <_io.BytesIO object at 0x71d205505220>
2026-07-31 23:46:39,638 | WARNING | Download failed: https://www.celebritykind.com/wp-content/uploads/2024/06/shutterstock_717129223-scaled-e1717488964123-839x1024.jpg | 403 Client Error: Forbidden for url: https://www.celebritykind.com/wp-content/uploads/2024/06/shutterstock_717129223-scaled-e1717488964123-839x1024.jpg
2026-07-31 23:46:40,288 | WARNING | Download failed: https://lookaside.fbsbx.com/lookaside/crawler/instagram/DQhDvvcjF6P/0/image.jpg | cannot identify image file <_io.BytesIO object at 0x71d202751d10>
2026-07-31 23:46:40,944 | WARNING | Download failed: https://lookaside.fbsbx.com/lookaside/crawler/instagram/DY1UvvDKflO/0/image.jpg | cannot identify image file <_io.BytesIO object at 0x71d202751d60>
2026-07-31 23:46:41,825 | WARNING | Download failed: https://www.hockeydb.com/ihdb/photos/auston-matthews-2024-38.jpg | 403 Client Error: Forbidden for url: https://www.hockeydb.com/ihdb/photos/auston-matthews-2024-38.jpg
2026-07-31 23:46:42,584 | WARNING | Download failed: https://www.usatoday.com/gcdn/authoring/authoring-images/2026/01/19/USAT/88255393007-landman-210-em-0718-01245-rt-f.jpg?crop=2999,1687,x0,y156&width=660&height=371&format=pjpg&auto=webp | 406 Client Error: Not Acceptable for url: https://www.usatoday.com/gcdn/authoring/authoring-images/2026/01/19/USAT/88255393007-landman-210-em-0718-01245-rt-f.jpg?crop=2999,1687,x0,y156&width=660&height=371&format=pjpg&auto=webp
2026-07-31 23:46:47,559 | ERROR | Detector failed: http://www.smh.com.au/content/dam/images/4/9/o/r/9/image.imgtype.videoThumbnail.729x410.png/1453967434294.jpg | torch.cat(): expected a non-empty list of Tensors
Traceback (most recent call last):
  File "/home/amna/Real-vs-Fake/Scripts/04_face_check.py", line 275, in main
    status, face_count, box, area_ratio, detail = evaluate_faces(img)
  File "/home/amna/Real-vs-Fake/Scripts/04_face_check.py", line 199, in evaluate_faces
    boxes, probs = DETECTOR.detect(img)
  File "/home/amna/miniconda3/envs/deepfake/lib/python3.9/site-packages/facenet_pytorch/models/mtcnn.py", line 313, in detect
    batch_boxes, batch_points = detect_face(
  File "/home/amna/miniconda3/envs/deepfake/lib/python3.9/site-packages/facenet_pytorch/models/utils/detect_face.py", line 83, in detect_face
    boxes = torch.cat(boxes, dim=0)
RuntimeError: torch.cat(): expected a non-empty list of Tensors
2026-07-31 23:46:52,303 | WARNING | Download failed: https://www.koimoi.com/wp-content/new-galleries/2023/03/the-avengers-90s-edition-ai-generated-is-impressed-from-tom-cruise-as-iron-man-to-bruce-willis-will-smith-more-heresheres-who-all-made-the-cast-001.jpg | 403 Client Error: Forbidden for url: https://www.koimoi.com/wp-content/new-galleries/2023/03/the-avengers-90s-edition-ai-generated-is-impressed-from-tom-cruise-as-iron-man-to-bruce-willis-will-smith-more-heresheres-who-all-made-the-cast-001.jpg
2026-07-31 23:46:52,968 | WARNING | Download failed: https://lookaside.fbsbx.com/lookaside/crawler/threads/DY0PjBWEiLD/0/image.jpg | cannot identify image file <_io.BytesIO object at 0x71d212d43c70>
2026-07-31 23:46:57,573 | WARNING | Download failed: https://adultdeepfakes.com/contents/videos_screenshots/40000/40786/preview.mp4.jpg | ('Connection aborted.', ConnectionResetError(104, 'Connection reset by peer'))
2026-07-31 23:46:58,107 | WARNING | Download failed: https://www.alrincon.com/imagenesblog2/varios/camerondiazdeepfake.jpg | ('Connection aborted.', ConnectionResetError(104, 'Connection reset by peer'))
2026-07-31 23:46:59,229 | WARNING | Download failed: https://lookaside.fbsbx.com/lookaside/crawler/instagram/DYI6gmARFpE/0/image.jpg | cannot identify image file <_io.BytesIO object at 0x71d2027460e0>
2026-07-31 23:46:59,824 | WARNING | Download failed: https://documents.iplt20.com/ipl/IPLHeadshot2026/550.png | 403 Client Error: Forbidden for url: https://documents.iplt20.com/ipl/IPLHeadshot2026/550.png
2026-07-31 23:47:00,546 | WARNING | Download failed: https://upload.wikimedia.org/wikipedia/commons/thumb/b/be/Chris_Tucker_1996.jpg/250px-Chris_Tucker_1996.jpg | 429 Client Error: Too Many Requests (015d12c) for url: https://upload.wikimedia.org/wikipedia/commons/thumb/b/be/Chris_Tucker_1996.jpg/250px-Chris_Tucker_1996.jpg
2026-07-31 23:47:01,156 | WARNING | Download failed: https://upload.wikimedia.org/wikipedia/commons/0/0a/Christian_Bale-7837.jpg | 429 Client Error: Too Many Requests (015d12c) for url: https://upload.wikimedia.org/wikipedia/commons/0/0a/Christian_Bale-7837.jpg
2026-07-31 23:47:27,698 | WARNING | Download failed: https://www.ecranlarge.com/content/uploads/2019/08/tom-cruise-photo-deepfake-american-psycho-1094097.png | HTTPSConnectionPool(host='www.ecranlarge.com', port=443): Max retries exceeded with url: /content/uploads/2019/08/tom-cruise-photo-deepfake-american-psycho-1094097.png (Caused by ConnectTimeoutError(<urllib3.connection.HTTPSConnection object at 0x71d20238b430>, 'Connection to www.ecranlarge.com timed out. (connect timeout=15)'))
2026-07-31 23:47:36,570 | WARNING | Download failed: https://lookaside.fbsbx.com/lookaside/crawler/threads/DHuogAmsBRm/0/image.jpg | cannot identify image file <_io.BytesIO object at 0x71d2a83c5860>
2026-07-31 23:47:41,125 | WARNING | Download failed: https://c.ndtvimg.com/2021-03/fba3qug_tom-cruise-deepfake-video_625x300_04_March_21.jpg | 403 Client Error: Forbidden for url: https://c.ndtvimg.com/2021-03/fba3qug_tom-cruise-deepfake-video_625x300_04_March_21.jpg
2026-07-31 23:47:42,376 | WARNING | Download failed: http://ghostbustersnews.com/wp-content/uploads/2023/04/arnold_ghostbusters_deepfake.jpg | 403 Client Error: Forbidden for url: http://ghostbustersnews.com/wp-content/uploads/2023/04/arnold_ghostbusters_deepfake.jpg
2026-07-31 23:47:42,998 | WARNING | Download failed: https://upload.wikimedia.org/wikipedia/commons/4/43/David_Arquette_Alpha1_2019_%28cropped%29.jpg | 429 Client Error: Too Many Requests (015d12c) for url: https://upload.wikimedia.org/wikipedia/commons/4/43/David_Arquette_Alpha1_2019_%28cropped%29.jpg
2026-07-31 23:47:43,393 | WARNING | Download failed: https://documents.iplt20.com/ipl/IPLHeadshot2026/128.png | 403 Client Error: Forbidden for url: https://documents.iplt20.com/ipl/IPLHeadshot2026/128.png
2026-07-31 23:47:44,552 | WARNING | Download failed: https://davidmiller.ai/wp-content/uploads/2024/08/teentempo_imagine_in_the_style_of_brooke_shaden_oil_painting__a0838d8c-ee64-428e-a4ac-a3e3a78f6bf3_3.png | 403 Client Error: Forbidden for url: https://davidmiller.ai/wp-content/uploads/2024/08/teentempo_imagine_in_the_style_of_brooke_shaden_oil_painting__a0838d8c-ee64-428e-a4ac-a3e3a78f6bf3_3.png
2026-07-31 23:47:45,362 | WARNING | Download failed: https://missouriindependent.com/wp-content/uploads/2026/02/IMG_3609-1536x922.jpeg | 403 Client Error: Forbidden for url: https://missouriindependent.com/wp-content/uploads/2026/02/IMG_3609-1536x922.jpeg
2026-07-31 23:47:46,375 | WARNING | Download failed: https://davidmiller.ai/wp-content/uploads/2024/08/room2-1.jpg | 403 Client Error: Forbidden for url: https://davidmiller.ai/wp-content/uploads/2024/08/room2-1.jpg
2026-07-31 23:47:47,038 | WARNING | Download failed: https://lookaside.fbsbx.com/lookaside/crawler/threads/DDxVOmRvCz6/0/image.jpg | cannot identify image file <_io.BytesIO object at 0x71d2a83c5860>
2026-07-31 23:47:47,687 | WARNING | Download failed: https://lookaside.fbsbx.com/lookaside/crawler/instagram/CHv0LyvHM3B/0/image.jpg | cannot identify image file <_io.BytesIO object at 0x71d212d4c400>
2026-07-31 23:47:48,345 | WARNING | Download failed: https://lookaside.fbsbx.com/lookaside/crawler/instagram/DXhnF1xjcQW/0/image.jpg | cannot identify image file <_io.BytesIO object at 0x71d2023927c0>
2026-07-31 23:47:48,985 | WARNING | Download failed: https://lookaside.fbsbx.com/lookaside/crawler/instagram/CeGwyCeLI8l/0/image.jpg | cannot identify image file <_io.BytesIO object at 0x71d2a83c5860>
2026-07-31 23:47:49,644 | WARNING | Download failed: https://lookaside.fbsbx.com/lookaside/crawler/instagram/DXmsI2gked4/0/image.jpg | cannot identify image file <_io.BytesIO object at 0x71d2023927c0>
2026-07-31 23:47:50,320 | WARNING | Download failed: https://lookaside.fbsbx.com/lookaside/crawler/instagram/C11m2cIIzTa/0/image.jpg | cannot identify image file <_io.BytesIO object at 0x71d2a83c5860>
2026-07-31 23:47:50,708 | WARNING | Download failed: https://documents.iplt20.com/ipl/IPLHeadshot2025/601.png | 403 Client Error: Forbidden for url: https://documents.iplt20.com/ipl/IPLHeadshot2025/601.png
2026-07-31 23:47:51,328 | WARNING | Download failed: https://upload.wikimedia.org/wikipedia/commons/7/7e/Dwayne_Johnson-1764_%284x5_cropped_with_moderate_headroom%29.jpg | 429 Client Error: Too Many Requests (015d12c) for url: https://upload.wikimedia.org/wikipedia/commons/7/7e/Dwayne_Johnson-1764_%284x5_cropped_with_moderate_headroom%29.jpg
2026-07-31 23:47:51,978 | WARNING | Download failed: https://upload.wikimedia.org/wikipedia/commons/4/48/2025_Dylan_O%27Brien_%28cropped%29.jpg | 429 Client Error: Too Many Requests (015d12c) for url: https://upload.wikimedia.org/wikipedia/commons/4/48/2025_Dylan_O%27Brien_%28cropped%29.jpg
2026-07-31 23:47:52,594 | WARNING | Download failed: https://upload.wikimedia.org/wikipedia/commons/a/a1/Actress_Malin_Akerman_Visits_TODAY_Show_%2850026255087%29_%28cropped2%29.jpg | 429 Client Error: Too Many Requests (015d12c) for url: https://upload.wikimedia.org/wikipedia/commons/a/a1/Actress_Malin_Akerman_Visits_TODAY_Show_%2850026255087%29_%28cropped2%29.jpg
2026-07-31 23:47:53,255 | WARNING | Download failed: https://lookaside.fbsbx.com/lookaside/crawler/instagram/dylandreyernbc/profile_pic.jpg | cannot identify image file <_io.BytesIO object at 0x71d2a83c5860>
2026-07-31 23:47:58,168 | WARNING | Download failed: https://tandem.app/files/can-you-spot-a-deepfake-social-image.png | 404 Client Error: Not Found for url: https://tandem.app/files/can-you-spot-a-deepfake-social-image.png
2026-07-31 23:48:03,190 | WARNING | Download failed: https://internationalbanker.com/wp-content/uploads/2021/02/Deepfake-Technology.png | 403 Client Error: Forbidden for url: https://internationalbanker.com/wp-content/uploads/2021/02/Deepfake-Technology.png
2026-07-31 23:48:03,829 | WARNING | Download failed: https://upload.wikimedia.org/wikipedia/commons/5/5f/2017%E2%80%9318_W_Ashes_A_v_E_Test_17-11-09_Perry_portrait_%2802%29.jpg | 429 Client Error: Too Many Requests (015d12c) for url: https://upload.wikimedia.org/wikipedia/commons/5/5f/2017%E2%80%9318_W_Ashes_A_v_E_Test_17-11-09_Perry_portrait_%2802%29.jpg
2026-07-31 23:48:04,498 | WARNING | Download failed: https://lookaside.fbsbx.com/lookaside/crawler/threads/DbGPhw6iWnn/0/image.jpg | cannot identify image file <_io.BytesIO object at 0x71d212d4c9a0>
2026-07-31 23:48:05,158 | WARNING | Download failed: https://lookaside.fbsbx.com/lookaside/crawler/threads/DTVdvkxElHA/0/image.jpg | cannot identify image file <_io.BytesIO object at 0x71d2023927c0>
2026-07-31 23:48:05,778 | WARNING | Download failed: https://upload.wikimedia.org/wikipedia/commons/5/5e/Elon_Musk_-_54820081119_%28cropped%29.jpg | 429 Client Error: Too Many Requests (015d12c) for url: https://upload.wikimedia.org/wikipedia/commons/5/5e/Elon_Musk_-_54820081119_%28cropped%29.jpg
2026-07-31 23:48:16,147 | WARNING | Download failed: https://web-cdnprod.aa.com.tr/uploads/Contents/2024/10/22/thumbs_b_c_95fae517eb48db7745a60a3b929d78e0.jpg?v=170617 | HTTPSConnectionPool(host='web-cdnprod.aa.com.tr', port=443): Max retries exceeded with url: /uploads/Contents/2024/10/22/thumbs_b_c_95fae517eb48db7745a60a3b929d78e0.jpg?v=170617 (Caused by NewConnectionError('<urllib3.connection.HTTPSConnection object at 0x71d212d59880>: Failed to establish a new connection: [Errno -3] Temporary failure in name resolution'))
2026-07-31 23:48:22,965 | WARNING | Download failed: https://imagerenderer.com/images/rendered/default/print/7.5/10/break/images/artworkimages/medium/3/elon-musks-fight-for-the-future-of-ai-nigel-buchanan.jpg | broken data stream when reading image file
2026-07-31 23:48:25,610 | WARNING | Download failed: https://www.innovationaus.com/wp-content/uploads/2025/03/Deepfake_AI_shutterstock_800x600.jpg | 403 Client Error: Forbidden for url: https://www.innovationaus.com/wp-content/uploads/2025/03/Deepfake_AI_shutterstock_800x600.jpg
2026-07-31 23:48:26,245 | WARNING | Download failed: https://upload.wikimedia.org/wikipedia/commons/7/78/MKr385780_Emma_Mackey_%28Alpha%2C_Cannes_2025%29.jpg | 429 Client Error: Too Many Requests (015d12c) for url: https://upload.wikimedia.org/wikipedia/commons/7/78/MKr385780_Emma_Mackey_%28Alpha%2C_Cannes_2025%29.jpg
2026-07-31 23:48:42,324 | WARNING | Download failed: https://www.mcafee.com/blogs/wp-content/uploads/2025/11/Celeb-Hacker-Hotlist.png | HTTPSConnectionPool(host='www.mcafee.com', port=443): Read timed out. (read timeout=15)
2026-07-31 23:48:57,965 | WARNING | Download failed: https://www.mcafee.com/blogs/wp-content/uploads/2025/11/1.-USA-CELEBS.png | HTTPSConnectionPool(host='www.mcafee.com', port=443): Read timed out. (read timeout=15)
2026-07-31 23:48:58,683 | WARNING | Download failed: https://www.koimoi.com/wp-content/new-galleries/2023/07/fawad-khan-reimagined-as-hunky-batman-by-an-ai-artist-but-gets-trolled-massively-online-netizens-react-check-out-001.jpg | 403 Client Error: Forbidden for url: https://www.koimoi.com/wp-content/new-galleries/2023/07/fawad-khan-reimagined-as-hunky-batman-by-an-ai-artist-but-gets-trolled-massively-online-netizens-react-check-out-001.jpg
2026-07-31 23:48:59,758 | WARNING | Download failed: https://c.ndtvimg.com/2024-04/072utg7g_aamir-khan-deepfake-fake-label_625x300_17_April_24.jpg | 403 Client Error: Forbidden for url: https://c.ndtvimg.com/2024-04/072utg7g_aamir-khan-deepfake-fake-label_625x300_17_April_24.jpg
2026-07-31 23:49:00,387 | WARNING | Download failed: https://upload.wikimedia.org/wikipedia/commons/b/b4/Retrato_Oficial_Presidente_Boric_Font.jpg | 429 Client Error: Too many requests - please contact noc@wikimedia.org to discuss a less disruptive approach or instead use thumbnail images in sizes listed on https://w.wiki/GHai. (0c640b1) for url: https://upload.wikimedia.org/wikipedia/commons/b/b4/Retrato_Oficial_Presidente_Boric_Font.jpg
2026-07-31 23:49:01,440 | WARNING | Download failed: https://cdn.newser.com/square-image/392026-20260701052759/ai-generated-voice-of-gene-wilder-featured-in-wonka-series.jpeg | 403 Client Error: Forbidden for url: https://cdn.newser.com/square-image/392026-20260701052759/ai-generated-voice-of-gene-wilder-featured-in-wonka-series.jpeg
2026-07-31 23:49:02,053 | WARNING | Download failed: https://upload.wikimedia.org/wikipedia/commons/0/07/George_C._Scott_-_publicity.JPG | 429 Client Error: Too many requests - please contact noc@wikimedia.org to discuss a less disruptive approach or instead use thumbnail images in sizes listed on https://w.wiki/GHai. (0c640b1) for url: https://upload.wikimedia.org/wikipedia/commons/0/07/George_C._Scott_-_publicity.JPG
2026-07-31 23:49:03,719 | WARNING | Download failed: https://www.creativindie.com/wp-content/uploads/2023/02/tesocraderek_Abstract_Art_Vibrant_colors_Geometric_shapes_Abstr_75ce4982-61b5-4625-81d7-05b2c71445ec.jpg | 403 Client Error: Forbidden for url: https://www.creativindie.com/wp-content/uploads/2023/02/tesocraderek_Abstract_Art_Vibrant_colors_Geometric_shapes_Abstr_75ce4982-61b5-4625-81d7-05b2c71445ec.jpg
2026-07-31 23:49:09,744 | WARNING | Download failed: https://www.newsmobile.in/wp-content/uploads/2025/02/Screenshot-2025-02-20-182138.png | cannot identify image file <_io.BytesIO object at 0x71d212d4ccc0>
2026-07-31 23:49:10,655 | WARNING | Download failed: https://www.newsmobile.in/wp-content/uploads/2025/02/476788826_122160398048302902_5422970338347386911_n.jpg | cannot identify image file <_io.BytesIO object at 0x71d202751d10>
2026-07-31 23:49:11,443 | WARNING | Download failed: https://www.innovationaus.com/wp-content/uploads/2021/03/Joseph_Brookes_authorhead2023.jpg | 403 Client Error: Forbidden for url: https://www.innovationaus.com/wp-content/uploads/2021/03/Joseph_Brookes_authorhead2023.jpg
2026-07-31 23:49:12,299 | WARNING | Download failed: https://www.newsmobile.in/wp-content/uploads/2025/02/Zinta_Mazwell_FC.jpg | cannot identify image file <_io.BytesIO object at 0x71d212d4ca90>
2026-07-31 23:49:13,193 | WARNING | Download failed: https://lookaside.fbsbx.com/lookaside/crawler/threads/DKOdX3XsCeV/0/image.jpg | cannot identify image file <_io.BytesIO object at 0x71d2a83c5860>
2026-07-31 23:49:13,836 | WARNING | Download failed: https://upload.wikimedia.org/wikipedia/commons/8/88/Crew_members_of_the_movie_%22Genius%22_at_the_Berlinale_party_%2825036107966%29_%28cropped%29.jpg | 429 Client Error: Too many requests - please contact noc@wikimedia.org to discuss a less disruptive approach or instead use thumbnail images in sizes listed on https://w.wiki/GHai. (0c640b1) for url: https://upload.wikimedia.org/wikipedia/commons/8/88/Crew_members_of_the_movie_%22Genius%22_at_the_Berlinale_party_%2825036107966%29_%28cropped%29.jpg
2026-07-31 23:49:14,480 | WARNING | Download failed: https://upload.wikimedia.org/wikipedia/commons/0/0c/Hadiqa_Kiani_Pakistani_Singer.jpg | 429 Client Error: Too many requests - please contact noc@wikimedia.org to discuss a less disruptive approach or instead use thumbnail images in sizes listed on https://w.wiki/GHai. (0c640b1) for url: https://upload.wikimedia.org/wikipedia/commons/0/0c/Hadiqa_Kiani_Pakistani_Singer.jpg
2026-07-31 23:49:15,144 | WARNING | Download failed: https://lookaside.fbsbx.com/lookaside/crawler/instagram/hadiqakianiofficial/profile_pic.jpg | cannot identify image file <_io.BytesIO object at 0x71d212d4c720>
2026-07-31 23:49:15,790 | WARNING | Download failed: https://upload.wikimedia.org/wikipedia/commons/a/aa/Halle_Berry-1910.jpg | 429 Client Error: Too many requests - please contact noc@wikimedia.org to discuss a less disruptive approach or instead use thumbnail images in sizes listed on https://w.wiki/GHai. (0c640b1) for url: https://upload.wikimedia.org/wikipedia/commons/a/aa/Halle_Berry-1910.jpg
2026-07-31 23:49:20,522 | WARNING | Download failed: https://media.eventhubs.com/images/2020/02/24-more-deepfakes-mortal-kombat-11-see-christopher-lambert-gal-gadot.jpg | HTTPSConnectionPool(host='media.eventhubs.com', port=443): Max retries exceeded with url: /images/2020/02/24-more-deepfakes-mortal-kombat-11-see-christopher-lambert-gal-gadot.jpg (Caused by SSLError(SSLCertVerificationError(1, '[SSL: CERTIFICATE_VERIFY_FAILED] certificate verify failed: unable to get local issuer certificate (_ssl.c:1147)')))
2026-07-31 23:49:21,403 | WARNING | Download failed: https://cdn.lumenor.ai/lumenor/lumenor.jpg | 403 Client Error: Forbidden for url: https://cdn.lumenor.ai/lumenor/lumenor.jpg
2026-07-31 23:49:22,056 | WARNING | Download failed: https://lookaside.fbsbx.com/lookaside/crawler/instagram/DU2-x0Vl7rx/0/image.jpg | cannot identify image file <_io.BytesIO object at 0x71d212d602c0>
2026-07-31 23:49:32,388 | WARNING | Download failed: https://documents.bcci.tv/resizedimageskirti/2740_compress.png | HTTPSConnectionPool(host='documents.bcci.tv', port=443): Max retries exceeded with url: /resizedimageskirti/2740_compress.png (Caused by NewConnectionError('<urllib3.connection.HTTPSConnection object at 0x71d212c79a60>: Failed to establish a new connection: [Errno -3] Temporary failure in name resolution'))
2026-07-31 23:49:33,223 | WARNING | Download failed: https://www.newsmobile.in/wp-content/uploads/2025/03/Screenshot-2025-03-18-180246.png | cannot identify image file <_io.BytesIO object at 0x71d212d602c0>
2026-07-31 23:49:34,140 | WARNING | Download failed: https://www.newsmobile.in/wp-content/uploads/2025/03/Screenshot-2025-03-31-212759.png | cannot identify image file <_io.BytesIO object at 0x71d2a83c5860>
2026-07-31 23:49:35,137 | WARNING | Download failed: https://www.newsmobile.in/wp-content/uploads/2024/12/Screenshot-2024-12-31-182414.png | cannot identify image file <_io.BytesIO object at 0x71d212d602c0>
2026-07-31 23:49:35,890 | WARNING | Download failed: https://www.vishvasnews.com/wp-content/uploads/2024/12/vishvasnews-1-2024-12-30T165530.093-1.jpg | ('Connection aborted.', ConnectionResetError(104, 'Connection reset by peer'))
2026-07-31 23:49:36,854 | WARNING | Download failed: https://www.newsmobile.in/wp-content/uploads/2025/04/Screenshot-2025-04-09-135737.png | cannot identify image file <_io.BytesIO object at 0x71d202392810>
2026-07-31 23:49:53,042 | WARNING | Download failed: https://img.fcbayern.com/image/upload/f_auto/q_auto/ar_1:1,c_fill,g_custom,w_768/v1785247532/cms/public/images/fcbayern-com/players/spielerportraits/ganzkoerper/harry-kane.png | HTTPSConnectionPool(host='img.fcbayern.com', port=443): Read timed out. (read timeout=15)
2026-07-31 23:49:53,682 | WARNING | Download failed: https://upload.wikimedia.org/wikipedia/commons/2/23/MerchantIvoryCurzMayfair201124_%2816_of_28%29_%2854154554145%29_%28cropped%29.jpg | 429 Client Error: Too many requests - please contact noc@wikimedia.org to discuss a less disruptive approach or instead use thumbnail images in sizes listed on https://w.wiki/GHai. (0c640b1) for url: https://upload.wikimedia.org/wikipedia/commons/2/23/MerchantIvoryCurzMayfair201124_%2816_of_28%29_%2854154554145%29_%28cropped%29.jpg
2026-07-31 23:49:54,354 | WARNING | Download failed: https://lookaside.fbsbx.com/lookaside/crawler/instagram/DU7NSlRjZPI/0/image.jpg | cannot identify image file <_io.BytesIO object at 0x71d212d43c70>
2026-07-31 23:49:55,020 | WARNING | Download failed: https://lookaside.fbsbx.com/lookaside/crawler/instagram/DUH9EwHEdw_/0/image.jpg | cannot identify image file <_io.BytesIO object at 0x71d205505220>
2026-07-31 23:49:55,638 | WARNING | Download failed: https://upload.wikimedia.org/wikipedia/commons/a/ab/Holly_Hunter_by_Gage_Skidmore_2.jpg | 429 Client Error: Too many requests - please contact noc@wikimedia.org to discuss a less disruptive approach or instead use thumbnail images in sizes listed on https://w.wiki/GHai. (0c640b1) for url: https://upload.wikimedia.org/wikipedia/commons/a/ab/Holly_Hunter_by_Gage_Skidmore_2.jpg
2026-07-31 23:49:56,282 | WARNING | Download failed: https://lookaside.fbsbx.com/lookaside/crawler/instagram/DUBVEzoE-lu/0/image.jpg | cannot identify image file <_io.BytesIO object at 0x71d2a83c59a0>
2026-07-31 23:50:12,479 | WARNING | Download failed: https://www.esafety.gov.au/sites/default/files/2020-04/esafety-deep-fakes.jpg | HTTPSConnectionPool(host='www.esafety.gov.au', port=443): Read timed out. (read timeout=15)
2026-07-31 23:50:17,222 | WARNING | Download failed: https://upload.wikimedia.org/wikipedia/commons/8/88/Ibrahim_Traor%C3%A9_portrait.jpg | 429 Client Error: Too many requests - please contact noc@wikimedia.org to discuss a less disruptive approach or instead use thumbnail images in sizes listed on https://w.wiki/GHai. (0c640b1) for url: https://upload.wikimedia.org/wikipedia/commons/8/88/Ibrahim_Traor%C3%A9_portrait.jpg
2026-07-31 23:50:17,998 | WARNING | Download failed: https://lookaside.fbsbx.com/lookaside/crawler/instagram/DWjXBe7jGZC/0/image.jpg | cannot identify image file <_io.BytesIO object at 0x71d2a83c59a0>
2026-07-31 23:50:18,957 | WARNING | Download failed: https://lookaside.fbsbx.com/lookaside/crawler/instagram/DWO79cmEdBo/0/image.jpg | cannot identify image file <_io.BytesIO object at 0x71d212c6fd60>
2026-07-31 23:50:24,405 | WARNING | Download failed: http://media.wired.com/photos/63eae1b71b87b32b35988c5e/master/pass/Culture_Deepfake-Porn-Harm.jpg | ('Connection aborted.', ConnectionResetError(104, 'Connection reset by peer'))
2026-07-31 23:50:25,054 | WARNING | Download failed: https://documents.bcci.tv/resizedimageskirti/31_compress.png | 403 Client Error: Forbidden for url: https://documents.bcci.tv/resizedimageskirti/31_compress.png
2026-07-31 23:50:26,129 | WARNING | Download failed: https://c.ndtvimg.com/2026-02/4cedpp14_ishan-kishan-aditi-hundia-insta_625x300_18_February_26.jpeg | 403 Client Error: Forbidden for url: https://c.ndtvimg.com/2026-02/4cedpp14_ishan-kishan-aditi-hundia-insta_625x300_18_February_26.jpeg
2026-07-31 23:50:26,797 | WARNING | Download failed: https://lookaside.fbsbx.com/lookaside/crawler/threads/DV-uOUlDQ_Y/0/image.jpg | cannot identify image file <_io.BytesIO object at 0x71d2023afc20>
2026-07-31 23:50:27,439 | WARNING | Download failed: https://lookaside.fbsbx.com/lookaside/crawler/threads/DVpzrVyCOqh/0/image.jpg | cannot identify image file <_io.BytesIO object at 0x71d2023af7c0>
2026-07-31 23:50:28,072 | WARNING | Download failed: https://upload.wikimedia.org/wikipedia/commons/6/6d/20th_Anniversary_Schwab_Foundation_Gala_Dinner_%2844887783681%29_%28cropped%29.jpg | 429 Client Error: Too many requests - please contact noc@wikimedia.org to discuss a less disruptive approach or instead use thumbnail images in sizes listed on https://w.wiki/GHai. (0c640b1) for url: https://upload.wikimedia.org/wikipedia/commons/6/6d/20th_Anniversary_Schwab_Foundation_Gala_Dinner_%2844887783681%29_%28cropped%29.jpg
2026-07-31 23:50:28,728 | WARNING | Download failed: https://lookaside.fbsbx.com/lookaside/crawler/threads/DbBuD62EZQK/0/image.jpg | cannot identify image file <_io.BytesIO object at 0x71d212d4c400>
2026-07-31 23:50:29,468 | WARNING | Download failed: https://media.eventhubs.com/images/2020/02/21-someone-used-deepfake-add-celebrities-mortal-kombat-11-and-its-p.jpg | HTTPSConnectionPool(host='media.eventhubs.com', port=443): Max retries exceeded with url: /images/2020/02/21-someone-used-deepfake-add-celebrities-mortal-kombat-11-and-its-p.jpg (Caused by SSLError(SSLCertVerificationError(1, '[SSL: CERTIFICATE_VERIFY_FAILED] certificate verify failed: unable to get local issuer certificate (_ssl.c:1147)')))
2026-07-31 23:50:48,547 | WARNING | Download failed: https://www.jewishvoicesnj.org/wp-content/uploads/images/2022-07-13/31p1.jpg | HTTPSConnectionPool(host='www.jewishvoicesnj.org', port=443): Max retries exceeded with url: /wp-content/uploads/images/2022-07-13/31p1.jpg (Caused by ConnectTimeoutError(<urllib3.connection.HTTPSConnection object at 0x71d212d46f10>, 'Connection to www.jewishvoicesnj.org timed out. (connect timeout=15)'))
2026-07-31 23:50:49,174 | WARNING | Download failed: https://upload.wikimedia.org/wikipedia/commons/3/3f/James_Caan_Guillaume_Canet_Cannes_2013_cropped.jpg | 429 Client Error: Too many requests - please contact noc@wikimedia.org to discuss a less disruptive approach or instead use thumbnail images in sizes listed on https://w.wiki/GHai. (0c640b1) for url: https://upload.wikimedia.org/wikipedia/commons/3/3f/James_Caan_Guillaume_Canet_Cannes_2013_cropped.jpg
2026-07-31 23:50:56,550 | WARNING | Download failed: https://www.miataturbo.net/attachments/insert-bs-here-4/116971-ai-generated-cat-pictures-thread-jamie-lee-curtis-autograph.jpg?dateline=1404309012 | 403 Client Error: Forbidden for url: https://www.miataturbo.net/attachments/insert-bs-here-4/116971-ai-generated-cat-pictures-thread-jamie-lee-curtis-autograph.jpg?dateline=1404309012
2026-07-31 23:50:57,487 | WARNING | Download failed: https://media.cybernews.com/images/featured/2025/07/aniston-scam-deepfake.jpg | 403 Client Error: Forbidden for url: https://media.cybernews.com/images/featured/2025/07/aniston-scam-deepfake.jpg
2026-07-31 23:50:58,157 | WARNING | Download failed: https://upload.wikimedia.org/wikipedia/commons/3/3d/Jennifer_Garner_-_2024_%2854106107278%29_%28cropped%29.jpg | 429 Client Error: Too many requests - please contact noc@wikimedia.org to discuss a less disruptive approach or instead use thumbnail images in sizes listed on https://w.wiki/GHai. (0c640b1) for url: https://upload.wikimedia.org/wikipedia/commons/3/3d/Jennifer_Garner_-_2024_%2854106107278%29_%28cropped%29.jpg
2026-07-31 23:51:14,466 | WARNING | Download failed: https://i.cbc.ca/ais/cac88dcd-24d7-4eb2-9329-b0d7753983a2,1771537424460/full/max/0/default.jpg?im=Crop%2Crect%3D%280%2C0%2C3200%2C1800%29%3B | HTTPSConnectionPool(host='i.cbc.ca', port=443): Read timed out. (read timeout=15)
2026-07-31 23:51:15,961 | WARNING | Download failed: https://raindance.org/wp-content/uploads/2018/02/deepfake-3-300x216.jpg | 403 Client Error: Forbidden for url: https://raindance.org/wp-content/uploads/2018/02/deepfake-3-300x216.jpg
2026-07-31 23:51:16,710 | WARNING | Download failed: https://lookaside.fbsbx.com/lookaside/crawler/instagram/DVU9gSeDAvm/0/image.jpg | cannot identify image file <_io.BytesIO object at 0x71d212d60540>
2026-07-31 23:51:17,334 | WARNING | Download failed: https://upload.wikimedia.org/wikipedia/commons/d/dc/Joaquin_Phoenix-64908_%28cropped%29.jpg | 429 Client Error: Too many requests - please contact noc@wikimedia.org to discuss a less disruptive approach or instead use thumbnail images in sizes listed on https://w.wiki/GHai. (0c640b1) for url: https://upload.wikimedia.org/wikipedia/commons/d/dc/Joaquin_Phoenix-64908_%28cropped%29.jpg
2026-07-31 23:51:17,962 | WARNING | Download failed: https://upload.wikimedia.org/wikipedia/commons/5/5b/Jodie_Foster_and_Rebecca_Zlotowski_at_NYFF_2025_02_%28cropped_headshot%29.jpg | 429 Client Error: Too many requests - please contact noc@wikimedia.org to discuss a less disruptive approach or instead use thumbnail images in sizes listed on https://w.wiki/GHai. (0c640b1) for url: https://upload.wikimedia.org/wikipedia/commons/5/5b/Jodie_Foster_and_Rebecca_Zlotowski_at_NYFF_2025_02_%28cropped_headshot%29.jpg
2026-07-31 23:51:18,566 | WARNING | Download failed: https://upload.wikimedia.org/wikipedia/commons/5/53/John_Cusack_Photo_Op_GalaxyCon_Raleigh_2019.jpg | 429 Client Error: Too many requests - please contact noc@wikimedia.org to discuss a less disruptive approach or instead use thumbnail images in sizes listed on https://w.wiki/GHai. (0c640b1) for url: https://upload.wikimedia.org/wikipedia/commons/5/53/John_Cusack_Photo_Op_GalaxyCon_Raleigh_2019.jpg
2026-07-31 23:51:23,911 | WARNING | Download failed: https://www.latinousa.org/wp-content/uploads/2026/04/lusa_johnleguizamo_cover_horizontal.jpg | 403 Client Error: Forbidden for url: https://www.latinousa.org/wp-content/uploads/2026/04/lusa_johnleguizamo_cover_horizontal.jpg
2026-07-31 23:51:24,534 | WARNING | Download failed: https://upload.wikimedia.org/wikipedia/commons/9/9d/John_Malkovich_KVIFF_2.jpg | 429 Client Error: Too many requests - please contact noc@wikimedia.org to discuss a less disruptive approach or instead use thumbnail images in sizes listed on https://w.wiki/GHai. (0c640b1) for url: https://upload.wikimedia.org/wikipedia/commons/9/9d/John_Malkovich_KVIFF_2.jpg
2026-07-31 23:51:25,350 | WARNING | Download failed: https://963kklz.com/uploads/2020/06/GettyImages-1182695105.jpg?format=auto&optimize=high&width=1440 | 403 Client Error: Forbidden for url: https://963kklz.com/uploads/2020/06/GettyImages-1182695105.jpg?format=auto&optimize=high&width=1440
2026-07-31 23:51:26,096 | WARNING | Download failed: https://lookaside.fbsbx.com/lookaside/crawler/threads/DSgiiYnDsVq/0/image.jpg | cannot identify image file <_io.BytesIO object at 0x71d202751cc0>
2026-07-31 23:51:26,704 | WARNING | Download failed: https://upload.wikimedia.org/wikipedia/commons/e/ec/Josh_Brolin_SDCC_2014.jpg | 429 Client Error: Too many requests - please contact noc@wikimedia.org to discuss a less disruptive approach or instead use thumbnail images in sizes listed on https://w.wiki/GHai. (0c640b1) for url: https://upload.wikimedia.org/wikipedia/commons/e/ec/Josh_Brolin_SDCC_2014.jpg
2026-07-31 23:51:27,320 | WARNING | Download failed: https://upload.wikimedia.org/wikipedia/commons/3/3e/Josh_Hutcherson_by_Gage_Skidmore_2.jpg | 429 Client Error: Too many requests - please contact noc@wikimedia.org to discuss a less disruptive approach or instead use thumbnail images in sizes listed on https://w.wiki/GHai. (0c640b1) for url: https://upload.wikimedia.org/wikipedia/commons/3/3e/Josh_Hutcherson_by_Gage_Skidmore_2.jpg
2026-07-31 23:51:27,965 | WARNING | Download failed: https://lookaside.fbsbx.com/lookaside/crawler/instagram/DVWxPbBERwQ/0/image.jpg | cannot identify image file <_io.BytesIO object at 0x71d202751d60>
2026-07-31 23:51:28,627 | WARNING | Download failed: https://documents.iplt20.com/ipl/IPLHeadshot2026/647.png | 403 Client Error: Forbidden for url: https://documents.iplt20.com/ipl/IPLHeadshot2026/647.png
2026-07-31 23:51:29,283 | WARNING | Download failed: https://lookaside.fbsbx.com/lookaside/crawler/instagram/DRILQskEqlo/0/image.jpg | cannot identify image file <_io.BytesIO object at 0x71d212d602c0>
2026-07-31 23:51:29,928 | WARNING | Download failed: https://lookaside.fbsbx.com/lookaside/crawler/instagram/DVmcUxcCldb/0/image.jpg | cannot identify image file <_io.BytesIO object at 0x71d2054ff770>
2026-07-31 23:51:30,576 | WARNING | Download failed: https://lookaside.fbsbx.com/lookaside/crawler/instagram/DW4EhibEqGP/0/image.jpg | cannot identify image file <_io.BytesIO object at 0x71d202751d10>
2026-07-31 23:51:31,242 | WARNING | Download failed: https://lookaside.fbsbx.com/lookaside/crawler/instagram/DWE0UJnjxL4/0/image.jpg | cannot identify image file <_io.BytesIO object at 0x71d2054ff770>
2026-07-31 23:51:31,871 | WARNING | Download failed: https://upload.wikimedia.org/wikipedia/commons/1/1a/Kathy_Bates_by_Gage_Skidmore.jpg | 429 Client Error: Too many requests - please contact noc@wikimedia.org to discuss a less disruptive approach or instead use thumbnail images in sizes listed on https://w.wiki/GHai. (0c640b1) for url: https://upload.wikimedia.org/wikipedia/commons/1/1a/Kathy_Bates_by_Gage_Skidmore.jpg
2026-07-31 23:51:32,494 | WARNING | Download failed: https://upload.wikimedia.org/wikipedia/commons/b/b4/Keanu_Reeves_at_TIFF_2025_02_%28Cropped%29.jpg | 429 Client Error: Too many requests - please contact noc@wikimedia.org to discuss a less disruptive approach or instead use thumbnail images in sizes listed on https://w.wiki/GHai. (0c640b1) for url: https://upload.wikimedia.org/wikipedia/commons/b/b4/Keanu_Reeves_at_TIFF_2025_02_%28Cropped%29.jpg
2026-07-31 23:51:33,114 | WARNING | Download failed: https://upload.wikimedia.org/wikipedia/commons/b/bc/Kevin_Costner_at_81st_Venice_Film_Festival_%28cropped%29.jpg | 429 Client Error: Too many requests - please contact noc@wikimedia.org to discuss a less disruptive approach or instead use thumbnail images in sizes listed on https://w.wiki/GHai. (0c640b1) for url: https://upload.wikimedia.org/wikipedia/commons/b/bc/Kevin_Costner_at_81st_Venice_Film_Festival_%28cropped%29.jpg
2026-07-31 23:51:43,417 | WARNING | Download failed: https://image.ytn.co.kr/general/jpg/2025/0909/202509091624180521_t.jpg | HTTPSConnectionPool(host='image.ytn.co.kr', port=443): Max retries exceeded with url: /general/jpg/2025/0909/202509091624180521_t.jpg (Caused by NewConnectionError('<urllib3.connection.HTTPSConnection object at 0x71d212d591f0>: Failed to establish a new connection: [Errno -2] Name or service not known'))
2026-07-31 23:51:44,018 | WARNING | Download failed: https://upload.wikimedia.org/wikipedia/commons/5/54/Kiefer_Sutherland_%2854236404161%29.jpg | 429 Client Error: Too many requests - please contact noc@wikimedia.org to discuss a less disruptive approach or instead use thumbnail images in sizes listed on https://w.wiki/GHai. (0c640b1) for url: https://upload.wikimedia.org/wikipedia/commons/5/54/Kiefer_Sutherland_%2854236404161%29.jpg
2026-07-31 23:51:44,652 | WARNING | Download failed: https://lookaside.fbsbx.com/lookaside/crawler/instagram/DRaIVawjZde/0/image.jpg | cannot identify image file <_io.BytesIO object at 0x71d2054ff770>
2026-07-31 23:51:46,213 | WARNING | Download failed: https://www.alainelkanninterviews.com/wp-content/uploads/2018/01/1794-KST-600x640.jpg | 403 Client Error: Forbidden for url: https://www.alainelkanninterviews.com/wp-content/uploads/2018/01/1794-KST-600x640.jpg
2026-07-31 23:51:46,838 | WARNING | Download failed: https://upload.wikimedia.org/wikipedia/commons/d/db/Kurt_Russell_by_Gage_Skidmore_2.jpg | 429 Client Error: Too many requests - please contact noc@wikimedia.org to discuss a less disruptive approach or instead use thumbnail images in sizes listed on https://w.wiki/GHai. (0c640b1) for url: https://upload.wikimedia.org/wikipedia/commons/d/db/Kurt_Russell_by_Gage_Skidmore_2.jpg
2026-07-31 23:51:47,453 | WARNING | Download failed: https://upload.wikimedia.org/wikipedia/commons/0/08/149th_Preakness_%2853731145142%29_%28cropped%29.jpg | 429 Client Error: Too many requests - please contact noc@wikimedia.org to discuss a less disruptive approach or instead use thumbnail images in sizes listed on https://w.wiki/GHai. (0c640b1) for url: https://upload.wikimedia.org/wikipedia/commons/0/08/149th_Preakness_%2853731145142%29_%28cropped%29.jpg
2026-07-31 23:51:48,102 | WARNING | Download failed: https://lookaside.fbsbx.com/lookaside/crawler/threads/DErzr4YxENP/0/image.jpg | cannot identify image file <_io.BytesIO object at 0x71d202751cc0>
2026-07-31 23:51:48,740 | WARNING | Download failed: https://lookaside.fbsbx.com/lookaside/crawler/threads/DadSEzEjHfn/1/image.jpg | cannot identify image file <_io.BytesIO object at 0x71d2a83c59a0>
2026-07-31 23:51:49,374 | WARNING | Download failed: https://upload.wikimedia.org/wikipedia/commons/e/ee/2021%E2%80%9322_WBBL_PS_v_AS_21-10-30_Wolvaardt_%2801%29.jpg | 429 Client Error: Too many requests - please contact noc@wikimedia.org to discuss a less disruptive approach or instead use thumbnail images in sizes listed on https://w.wiki/GHai. (0c640b1) for url: https://upload.wikimedia.org/wikipedia/commons/e/ee/2021%E2%80%9322_WBBL_PS_v_AS_21-10-30_Wolvaardt_%2801%29.jpg
2026-07-31 23:52:05,371 | WARNING | Download failed: https://cdn.nba.com/manage/2026/07/lebron5.jpg | HTTPSConnectionPool(host='cdn.nba.com', port=443): Read timed out. (read timeout=15)
2026-07-31 23:52:06,023 | WARNING | Download failed: https://lookaside.fbsbx.com/lookaside/crawler/instagram/actorleeminho/profile_pic.jpg | cannot identify image file <_io.BytesIO object at 0x71d2023af950>
2026-07-31 23:52:06,669 | WARNING | Download failed: https://lookaside.fbsbx.com/lookaside/crawler/instagram/DMOkrE-NEt_/0/image.jpg | cannot identify image file <_io.BytesIO object at 0x71d2054ff770>
2026-07-31 23:52:07,284 | WARNING | Download failed: https://upload.wikimedia.org/wikipedia/commons/b/bc/Lindsay_Lohan_by_Gage_Skidmore.jpg | 429 Client Error: Too many requests - please contact noc@wikimedia.org to discuss a less disruptive approach or instead use thumbnail images in sizes listed on https://w.wiki/GHai. (0c640b1) for url: https://upload.wikimedia.org/wikipedia/commons/b/bc/Lindsay_Lohan_by_Gage_Skidmore.jpg
2026-07-31 23:52:07,940 | WARNING | Download failed: https://lookaside.fbsbx.com/lookaside/crawler/instagram/linkneal/profile_pic.jpg | cannot identify image file <_io.BytesIO object at 0x71d212d43ea0>
2026-07-31 23:52:08,597 | WARNING | Download failed: https://lookaside.fbsbx.com/lookaside/crawler/instagram/livvydunne/profile_pic.jpg | cannot identify image file <_io.BytesIO object at 0x71d2023928b0>
2026-07-31 23:52:09,287 | WARNING | Download failed: https://lookaside.fbsbx.com/lookaside/crawler/instagram/C9Tb4jVP-kC/0/image.jpg | cannot identify image file <_io.BytesIO object at 0x71d2027460e0>
2026-07-31 23:52:25,263 | WARNING | Download failed: https://img.fcbayern.com/image/upload/f_auto/q_auto/ar_1:1,c_fill,g_custom,w_768/v1785247487/cms/public/images/fcbayern-com/players/spielerportraits/teaser/luis-diaz.png | HTTPSConnectionPool(host='img.fcbayern.com', port=443): Read timed out. (read timeout=15)
2026-07-31 23:52:26,350 | WARNING | Download failed: https://c.ndtvimg.com/2024-04/jkfgj558_rahul-gandhi-fake-audio-clip_625x300_29_April_24.jpg | 403 Client Error: Forbidden for url: https://c.ndtvimg.com/2024-04/jkfgj558_rahul-gandhi-fake-audio-clip_625x300_29_April_24.jpg
2026-07-31 23:52:27,102 | WARNING | Download failed: https://c.ndtvimg.com/2025-01/1gmglqgo_indira_625x300_25_January_25.jpeg?im=FitAndFill,algorithm=dnn,width=1200,height=738 | 403 Client Error: Forbidden for url: https://c.ndtvimg.com/2025-01/1gmglqgo_indira_625x300_25_January_25.jpeg?im=FitAndFill,algorithm=dnn,width=1200,height=738
2026-07-31 23:52:27,835 | WARNING | Download failed: https://c.ndtvimg.com/2024-04/jkfgj558_rahul-gandhi-fake-audio-clip_625x300_29_April_24.jpg?im=FeatureCrop,algorithm=dnn,width=1600,height=900 | 403 Client Error: Forbidden for url: https://c.ndtvimg.com/2024-04/jkfgj558_rahul-gandhi-fake-audio-clip_625x300_29_April_24.jpg?im=FeatureCrop,algorithm=dnn,width=1600,height=900
2026-07-31 23:52:38,189 | WARNING | Download failed: https://c107833-mcdn.mp.lura.live/expiretime=2082787200/1f15f35dd754ae9a20e098584cd5cce9fd2f88e9f3a989805932c09685bb3467/iupl/351/3AA/3513AAE8104D0B155A85E7F51F0F3893.jpg | HTTPSConnectionPool(host='c107833-mcdn.mp.lura.live', port=443): Max retries exceeded with url: /expiretime=2082787200/1f15f35dd754ae9a20e098584cd5cce9fd2f88e9f3a989805932c09685bb3467/iupl/351/3AA/3513AAE8104D0B155A85E7F51F0F3893.jpg (Caused by NewConnectionError('<urllib3.connection.HTTPSConnection object at 0x71d20238b100>: Failed to establish a new connection: [Errno -3] Temporary failure in name resolution'))
2026-07-31 23:52:38,816 | WARNING | Download failed: https://upload.wikimedia.org/wikipedia/commons/8/85/Nobel_Peace_Prize_2025_-_Mar%C3%ADa_Corina_Machado_press_conference_%283x4_cropped%29.jpg | 429 Client Error: Too many requests - please contact noc@wikimedia.org to discuss a less disruptive approach or instead use thumbnail images in sizes listed on https://w.wiki/GHai. (0c640b1) for url: https://upload.wikimedia.org/wikipedia/commons/8/85/Nobel_Peace_Prize_2025_-_Mar%C3%ADa_Corina_Machado_press_conference_%283x4_cropped%29.jpg
2026-07-31 23:52:39,540 | WARNING | Download failed: https://lookaside.fbsbx.com/lookaside/crawler/instagram/DV_G3H3jI2u/0/image.jpg | cannot identify image file <_io.BytesIO object at 0x71d2a83c5860>
2026-07-31 23:52:40,190 | WARNING | Download failed: https://lookaside.fbsbx.com/lookaside/crawler/instagram/DV_HYJ-jDnC/0/image.jpg | cannot identify image file <_io.BytesIO object at 0x71d202751d60>
2026-07-31 23:52:47,273 | WARNING | Download failed: https://cdn.adamlevin.com/wp-content/uploads/2020/11/deepfake-zuck.png | 403 Client Error: Forbidden for url: https://cdn.adamlevin.com/wp-content/uploads/2020/11/deepfake-zuck.png
2026-07-31 23:52:47,896 | WARNING | Download failed: https://upload.wikimedia.org/wikipedia/commons/c/c2/Marques_Brownlee_cropped.jpg | 429 Client Error: Too many requests - please contact noc@wikimedia.org to discuss a less disruptive approach or instead use thumbnail images in sizes listed on https://w.wiki/GHai. (0c640b1) for url: https://upload.wikimedia.org/wikipedia/commons/c/c2/Marques_Brownlee_cropped.jpg
2026-07-31 23:52:48,504 | WARNING | Download failed: https://upload.wikimedia.org/wikipedia/commons/a/a5/Martin_Lewis_in_2017_%28cropped%29.jpg | 429 Client Error: Too many requests - please contact noc@wikimedia.org to discuss a less disruptive approach or instead use thumbnail images in sizes listed on https://w.wiki/GHai. (0c640b1) for url: https://upload.wikimedia.org/wikipedia/commons/a/a5/Martin_Lewis_in_2017_%28cropped%29.jpg
2026-07-31 23:52:49,052 | WARNING | Download failed: https://www.paragonbank.co.uk/resources/blogimages/2751/deepfake.jpg | 403 Client Error: Forbidden for url: https://www.paragonbank.co.uk/resources/blogimages/2751/deepfake.jpg
2026-07-31 23:52:49,649 | WARNING | Download failed: https://www.entrust.com/sites/default/files/2025-03/what-are-deepfakes-blog-header-1502x800.png | 403 Client Error: Forbidden for url: https://www.entrust.com/sites/default/files/2025-03/what-are-deepfakes-blog-header-1502x800.png
2026-07-31 23:53:00,082 | WARNING | Download failed: https://journals.sagepub.com/cms/10.1177/27523543251371153/asset/875ffe02-fa4e-4dbe-af90-dafb062de16b/assets/images/large/10.1177_27523543251371153-fig3.jpg | 403 Client Error: Forbidden for url: https://journals.sagepub.com/cms/10.1177/27523543251371153/asset/875ffe02-fa4e-4dbe-af90-dafb062de16b/assets/images/large/10.1177_27523543251371153-fig3.jpg
2026-07-31 23:53:00,724 | WARNING | Download failed: https://lookaside.fbsbx.com/lookaside/crawler/threads/DZ8IDBtEkK4/0/image.jpg | cannot identify image file <_io.BytesIO object at 0x71d212d602c0>
2026-07-31 23:53:01,561 | WARNING | Download failed: https://i.ytimg.com/vi/ZsiMWpjSdnw/maxresdefault.jpg | 404 Client Error: Not Found for url: https://i.ytimg.com/vi/ZsiMWpjSdnw/maxresdefault.jpg
2026-07-31 23:53:02,180 | WARNING | Download failed: https://upload.wikimedia.org/wikipedia/commons/c/c6/Michael_Nyqvist_2016.jpg | 429 Client Error: Too many requests - please contact noc@wikimedia.org to discuss a less disruptive approach or instead use thumbnail images in sizes listed on https://w.wiki/GHai. (0c640b1) for url: https://upload.wikimedia.org/wikipedia/commons/c/c6/Michael_Nyqvist_2016.jpg
2026-07-31 23:53:02,800 | WARNING | Download failed: https://upload.wikimedia.org/wikipedia/commons/6/68/Michelle_Yeoh-2268.jpg | 429 Client Error: Too many requests - please contact noc@wikimedia.org to discuss a less disruptive approach or instead use thumbnail images in sizes listed on https://w.wiki/GHai. (0c640b1) for url: https://upload.wikimedia.org/wikipedia/commons/6/68/Michelle_Yeoh-2268.jpg
2026-07-31 23:53:03,448 | WARNING | Download failed: https://upload.wikimedia.org/wikipedia/commons/c/c8/Miles_Teller_TIFF_2025_%283x4_cropped%29.png | 429 Client Error: Too many requests - please contact noc@wikimedia.org to discuss a less disruptive approach or instead use thumbnail images in sizes listed on https://w.wiki/GHai. (0c640b1) for url: https://upload.wikimedia.org/wikipedia/commons/c/c8/Miles_Teller_TIFF_2025_%283x4_cropped%29.png
2026-07-31 23:53:07,889 | WARNING | Download failed: https://www.newarab.com/sites/default/files/2023-09/Screenshot%202023-09-22%20150852.jpg | 403 Client Error: Forbidden for url: https://www.newarab.com/sites/default/files/2023-09/Screenshot%202023-09-22%20150852.jpg
2026-07-31 23:53:08,452 | WARNING | Download failed: https://www.researchgate.net/publication/373684933/figure/fig2/AS:11431281226577379@1709263688701/Examples-of-real-and-DeepFake-manipulation-from-Celeb-df-dataset-26_Q320.jpg | 403 Client Error: Forbidden for url: https://www.researchgate.net/publication/373684933/figure/fig2/AS:11431281226577379@1709263688701/Examples-of-real-and-DeepFake-manipulation-from-Celeb-df-dataset-26_Q320.jpg
2026-07-31 23:53:09,476 | WARNING | Download failed: https://www.mdpi.com/mathematics/mathematics-10-00004/article_deploy/html/images/mathematics-10-00004-g010.png | 403 Client Error: Forbidden for url: https://www.mdpi.com/mathematics/mathematics-10-00004/article_deploy/html/images/mathematics-10-00004-g010.png
2026-07-31 23:53:25,233 | WARNING | Download failed: https://www.mcafee.com/blogs/wp-content/uploads/2025/02/1000x563_Blog_Protect-Yourself-Deepfake-Scams.png | HTTPSConnectionPool(host='www.mcafee.com', port=443): Read timed out. (read timeout=15)
2026-07-31 23:53:26,024 | WARNING | Download failed: https://vogueadria.com/wp-content/uploads/2026/01/MonICA-Bellucci-film-malena-mobile.jpg | 403 Client Error: Forbidden for url: https://vogueadria.com/wp-content/uploads/2026/01/MonICA-Bellucci-film-malena-mobile.jpg
2026-07-31 23:53:26,612 | WARNING | Download failed: https://adultdeepfakes.com/contents/videos_screenshots/24000/24739/preview_720p.mp4.jpg | ('Connection aborted.', ConnectionResetError(104, 'Connection reset by peer'))
2026-07-31 23:53:27,280 | WARNING | Download failed: https://lookaside.fbsbx.com/lookaside/crawler/instagram/DZ5MGXCPbGS/0/image.jpg | cannot identify image file <_io.BytesIO object at 0x71d2a83c5860>
2026-07-31 23:53:27,946 | WARNING | Download failed: https://lookaside.fbsbx.com/lookaside/crawler/instagram/DYt-jRrhNW7/0/image.jpg | cannot identify image file <_io.BytesIO object at 0x71d202751d10>
2026-07-31 23:53:28,384 | WARNING | Download failed: https://dl.acm.org/cms/10.1145/3772318.3793208/asset/653c585e-4acf-4396-ad3f-9fcff0ef3bec/assets/images/medium/chi26-1700-fig3.jpg | 403 Client Error: Forbidden for url: https://dl.acm.org/cms/10.1145/3772318.3793208/asset/653c585e-4acf-4396-ad3f-9fcff0ef3bec/assets/images/medium/chi26-1700-fig3.jpg
2026-07-31 23:53:28,779 | WARNING | Download failed: https://dl.acm.org/cms/10.1145/3772318.3793208/asset/96c90a56-eb69-48cf-bb9e-cc465bc7aaa4/assets/images/medium/chi26-1700-fig1.jpg | 403 Client Error: Forbidden for url: https://dl.acm.org/cms/10.1145/3772318.3793208/asset/96c90a56-eb69-48cf-bb9e-cc465bc7aaa4/assets/images/medium/chi26-1700-fig1.jpg
2026-07-31 23:53:30,714 | WARNING | Download failed: https://www.researchgate.net/publication/353071322/figure/fig1/AS:1043187820929024@1625726766583/Examples-of-synthetic-faces-from-our-Normalized-Face-Dataset.png | 403 Client Error: Forbidden for url: https://www.researchgate.net/publication/353071322/figure/fig1/AS:1043187820929024@1625726766583/Examples-of-synthetic-faces-from-our-Normalized-Face-Dataset.png
2026-07-31 23:53:31,120 | WARNING | Download failed: https://www.researchgate.net/publication/336317420/figure/fig4/AS:811574356885517@1570505813832/Examples-of-synthetic-face-images-generated-from-the-reference-still-ROI-of-individuals.png | 403 Client Error: Forbidden for url: https://www.researchgate.net/publication/336317420/figure/fig4/AS:811574356885517@1570505813832/Examples-of-synthetic-face-images-generated-from-the-reference-still-ROI-of-individuals.png
2026-07-31 23:53:31,545 | WARNING | Download failed: https://www.researchgate.net/publication/323509990/figure/fig2/AS:667649235247112@1536191390602/Reconstruction-results-obtained-on-synthetic-dense-face-dataset-face-sequence-4-Top.png | 403 Client Error: Forbidden for url: https://www.researchgate.net/publication/323509990/figure/fig2/AS:667649235247112@1536191390602/Reconstruction-results-obtained-on-synthetic-dense-face-dataset-face-sequence-4-Top.png
2026-07-31 23:53:32,188 | WARNING | Download failed: https://www.livemint.com/lm-img/img/2025/09/13/960x540/sonam_bajwa_1757727155579_1757727178788.jpg | ('Connection aborted.', ConnectionResetError(104, 'Connection reset by peer'))
2026-07-31 23:53:33,410 | WARNING | Download failed: https://factcheck.afp.com/sites/default/files/medias/factchecking/g2/2026-07/261f1fb2d870ab7263cbe0a2fd452a50-en.jpeg | 403 Client Error: Forbidden for url: https://factcheck.afp.com/sites/default/files/medias/factchecking/g2/2026-07/261f1fb2d870ab7263cbe0a2fd452a50-en.jpeg
2026-07-31 23:53:34,151 | WARNING | Download failed: https://factcheck.afp.com/sites/default/files/styles/image_in_article/public/medias/factchecking/g2/2026-07/296044466045686546e6be9a8bb14150-en.jpeg?itok=YhUbSQTy | 403 Client Error: Forbidden for url: https://factcheck.afp.com/sites/default/files/styles/image_in_article/public/medias/factchecking/g2/2026-07/296044466045686546e6be9a8bb14150-en.jpeg?itok=YhUbSQTy
2026-07-31 23:53:34,941 | WARNING | Download failed: https://lookaside.fbsbx.com/lookaside/crawler/instagram/olgaloiek/profile_pic.jpg | cannot identify image file <_io.BytesIO object at 0x71d2a83c5860>
2026-07-31 23:53:35,595 | WARNING | Download failed: https://lookaside.fbsbx.com/lookaside/crawler/threads/olgaloiek/profile_pic.jpg | cannot identify image file <_io.BytesIO object at 0x71d2027460e0>
2026-07-31 23:53:36,689 | WARNING | Download failed: https://c.ndtvimg.com/2024-03/7h1cou4g_ukrainian-youtuber-olga-loiek_625x300_06_March_24.jpeg?im=FeatureCrop,algorithm=dnn,width=400,height=225&q=70 | 403 Client Error: Forbidden for url: https://c.ndtvimg.com/2024-03/7h1cou4g_ukrainian-youtuber-olga-loiek_625x300_06_March_24.jpeg?im=FeatureCrop,algorithm=dnn,width=400,height=225&q=70
2026-07-31 23:53:37,412 | WARNING | Download failed: https://c.ndtvimg.com/2024-03/7h1cou4g_ukrainian-youtuber-olga-loiek_625x300_06_March_24.jpeg | 403 Client Error: Forbidden for url: https://c.ndtvimg.com/2024-03/7h1cou4g_ukrainian-youtuber-olga-loiek_625x300_06_March_24.jpeg
2026-07-31 23:53:38,163 | WARNING | Download failed: https://lookaside.fbsbx.com/lookaside/crawler/threads/DTVv0fWj-Mm/0/image.jpg | cannot identify image file <_io.BytesIO object at 0x71d202751d10>
2026-07-31 23:53:38,816 | WARNING | Download failed: https://lookaside.fbsbx.com/lookaside/crawler/instagram/DWZMZJxAg77/0/image.jpg | cannot identify image file <_io.BytesIO object at 0x71d2027460e0>
2026-07-31 23:53:39,457 | WARNING | Download failed: https://lookaside.fbsbx.com/lookaside/crawler/instagram/DWCV25MjBsa/0/image.jpg | cannot identify image file <_io.BytesIO object at 0x71d205505220>
2026-07-31 23:53:40,291 | WARNING | Download failed: https://upload.wikimedia.org/wikipedia/commons/6/6d/Pedro_Pascal_at_the_2025_Cannes_Film_Festival_04.jpg | 429 Client Error: Too many requests - please contact noc@wikimedia.org to discuss a less disruptive approach or instead use thumbnail images in sizes listed on https://w.wiki/GHai. (0c640b1) for url: https://upload.wikimedia.org/wikipedia/commons/6/6d/Pedro_Pascal_at_the_2025_Cannes_Film_Festival_04.jpg
2026-07-31 23:53:40,914 | WARNING | Download failed: https://upload.wikimedia.org/wikipedia/commons/4/4b/2_02_Phil_Salt.jpg | 429 Client Error: Too many requests - please contact noc@wikimedia.org to discuss a less disruptive approach or instead use thumbnail images in sizes listed on https://w.wiki/GHai. (0c640b1) for url: https://upload.wikimedia.org/wikipedia/commons/4/4b/2_02_Phil_Salt.jpg
2026-07-31 23:53:41,323 | WARNING | Download failed: https://www.researchgate.net/profile/Arnold-Abukari/publication/375695350/figure/fig1/AS:11431281205241176@1700189222615/AI-generated-image-of-Pope-Francis-Schoenherr-33_Q320.jpg | 403 Client Error: Forbidden for url: https://www.researchgate.net/profile/Arnold-Abukari/publication/375695350/figure/fig1/AS:11431281205241176@1700189222615/AI-generated-image-of-Pope-Francis-Schoenherr-33_Q320.jpg
2026-07-31 23:53:42,091 | WARNING | Download failed: https://lookaside.fbsbx.com/lookaside/crawler/instagram/rhettmc/profile_pic.jpg | cannot identify image file <_io.BytesIO object at 0x71d2027460e0>
2026-07-31 23:53:42,710 | WARNING | Download failed: https://upload.wikimedia.org/wikipedia/commons/6/6d/Robert_Englund_at_Comiccon_Brussels_2023_%2853039678100%29_%28cropped%29.jpg | 429 Client Error: Too many requests - please contact noc@wikimedia.org to discuss a less disruptive approach or instead use thumbnail images in sizes listed on https://w.wiki/GHai. (0c640b1) for url: https://upload.wikimedia.org/wikipedia/commons/6/6d/Robert_Englund_at_Comiccon_Brussels_2023_%2853039678100%29_%28cropped%29.jpg
2026-07-31 23:53:43,120 | WARNING | Download failed: https://www.researchgate.net/profile/Petteri-Alahuhta/publication/236590142/figure/fig2/AS:654733031256067@1533111927322/Rogers-diffusion-model-Adopted-from-Rogers-2003-and-Moore-1995.png | 403 Client Error: Forbidden for url: https://www.researchgate.net/profile/Petteri-Alahuhta/publication/236590142/figure/fig2/AS:654733031256067@1533111927322/Rogers-diffusion-model-Adopted-from-Rogers-2003-and-Moore-1995.png
2026-07-31 23:53:44,149 | WARNING | Download failed: https://lookaside.fbsbx.com/lookaside/crawler/threads/DU5wda6DFNk/0/image.jpg | cannot identify image file <_io.BytesIO object at 0x71d2027460e0>
2026-07-31 23:53:54,471 | WARNING | Download failed: https://www.europol.europa.eu/cms/sites/default/files/styles/700x/public/images/Facing%20Reality%20Reprt%20Cover.PNG?itok=cAnpAAvu | HTTPSConnectionPool(host='www.europol.europa.eu', port=443): Max retries exceeded with url: /cms/sites/default/files/styles/700x/public/images/Facing%20Reality%20Reprt%20Cover.PNG?itok=cAnpAAvu (Caused by NewConnectionError('<urllib3.connection.HTTPSConnection object at 0x71d212c792b0>: Failed to establish a new connection: [Errno -3] Temporary failure in name resolution'))
2026-07-31 23:54:02,767 | WARNING | Download failed: https://upload.wikimedia.org/wikipedia/commons/a/a7/Russell_Crowe_on_the_Green_Carpet_at_the_2025_Zurich_Film_Festival_06_%28cropped%29.jpg | 429 Client Error: Too many requests - please contact noc@wikimedia.org to discuss a less disruptive approach or instead use thumbnail images in sizes listed on https://w.wiki/GHai. (0c640b1) for url: https://upload.wikimedia.org/wikipedia/commons/a/a7/Russell_Crowe_on_the_Green_Carpet_at_the_2025_Zurich_Film_Festival_06_%28cropped%29.jpg
2026-07-31 23:54:13,107 | WARNING | Download failed: https://cf-images.ap-southeast-2.prod.boltdns.net/v1/static/3910869709001/ec3f7eaa-6953-4806-9c3c-5d6076791bb5/dcc9edf2-2f6b-4a68-87bd-1317ec605d7f/1280x720/match/image.jpg | HTTPSConnectionPool(host='cf-images.ap-southeast-2.prod.boltdns.net', port=443): Max retries exceeded with url: /v1/static/3910869709001/ec3f7eaa-6953-4806-9c3c-5d6076791bb5/dcc9edf2-2f6b-4a68-87bd-1317ec605d7f/1280x720/match/image.jpg (Caused by NewConnectionError('<urllib3.connection.HTTPSConnection object at 0x71d212c79b80>: Failed to establish a new connection: [Errno -3] Temporary failure in name resolution'))
2026-07-31 23:54:13,736 | WARNING | Download failed: https://upload.wikimedia.org/wikipedia/commons/8/8a/Sam_Rockwell-3953.jpg | 429 Client Error: Too many requests - please contact noc@wikimedia.org to discuss a less disruptive approach or instead use thumbnail images in sizes listed on https://w.wiki/GHai. (0c640b1) for url: https://upload.wikimedia.org/wikipedia/commons/8/8a/Sam_Rockwell-3953.jpg
2026-07-31 23:54:14,391 | WARNING | Download failed: https://lookaside.fbsbx.com/lookaside/crawler/instagram/DWMXz1qgHer/0/image.jpg | cannot identify image file <_io.BytesIO object at 0x71d212d43c70>
2026-07-31 23:54:15,063 | WARNING | Download failed: https://lookaside.fbsbx.com/lookaside/crawler/instagram/DWWzCvoE8XV/0/image.jpg | cannot identify image file <_io.BytesIO object at 0x71d202751c20>
2026-07-31 23:54:15,724 | WARNING | Download failed: https://lookaside.fbsbx.com/lookaside/crawler/instagram/DVe7yt6kQgh/0/image.jpg | cannot identify image file <_io.BytesIO object at 0x71d2027460e0>
2026-07-31 23:54:16,379 | WARNING | Download failed: https://lookaside.fbsbx.com/lookaside/crawler/instagram/DXdCgHmk6H9/0/image.jpg | cannot identify image file <_io.BytesIO object at 0x71d202751cc0>
2026-07-31 23:54:17,036 | WARNING | Download failed: https://lookaside.fbsbx.com/lookaside/crawler/instagram/Da27etLuPhR/0/image.jpg | cannot identify image file <_io.BytesIO object at 0x71d2027460e0>
2026-07-31 23:54:17,703 | WARNING | Download failed: https://lookaside.fbsbx.com/lookaside/crawler/instagram/shreyaghoshal/profile_pic.jpg | cannot identify image file <_io.BytesIO object at 0x71d212d43c70>
2026-07-31 23:54:18,779 | WARNING | Download failed: https://c.ndtvimg.com/2026-03/mf8tcrak_radiologists_625x300_27_March_26.png?im=FeatureCrop,algorithm=dnn,width=1200,height=738 | 403 Client Error: Forbidden for url: https://c.ndtvimg.com/2026-03/mf8tcrak_radiologists_625x300_27_March_26.png?im=FeatureCrop,algorithm=dnn,width=1200,height=738
2026-07-31 23:54:19,980 | WARNING | Download failed: https://www.newsmobile.in/wp-content/uploads/2025/07/Screenshot-2025-07-16-130254.png | cannot identify image file <_io.BytesIO object at 0x71d205505220>
2026-07-31 23:54:20,588 | WARNING | Download failed: https://www.thestatesman.com/wp-content/uploads/2023/11/Deepfake-image-of-Sara-Tendulkar.jpg | ('Connection aborted.', ConnectionResetError(104, 'Connection reset by peer'))
2026-07-31 23:54:21,686 | WARNING | Download failed: https://www.newsmobile.in/wp-content/uploads/2025/04/Screenshot-2025-04-09-at-4.31.57-PM.png | cannot identify image file <_io.BytesIO object at 0x71d205505220>
2026-07-31 23:54:22,372 | WARNING | Download failed: https://lookaside.fbsbx.com/lookaside/crawler/instagram/DS-DZoFjVM4/0/image.jpg | cannot identify image file <_io.BytesIO object at 0x71d202392810>
2026-07-31 23:54:23,316 | WARNING | Download failed: https://www.midjourney.com/public/assets/images/homepage/face.png | 403 Client Error: Forbidden for url: https://www.midjourney.com/public/assets/images/homepage/face.png
2026-07-31 23:54:25,140 | WARNING | Download failed: https://lookaside.fbsbx.com/lookaside/crawler/threads/DWtOMIqjbq9/1/image.jpg | cannot identify image file <_io.BytesIO object at 0x71d2023928b0>
2026-07-31 23:54:26,118 | WARNING | Download failed: https://www.newsmobile.in/wp-content/uploads/2025/09/Screenshot-2025-09-17-at-11.06.26-AM.png | cannot identify image file <_io.BytesIO object at 0x71d205505220>
2026-07-31 23:54:26,895 | WARNING | Download failed: https://lookaside.fbsbx.com/lookaside/crawler/threads/DYRc4D2kxDt/0/image.jpg | cannot identify image file <_io.BytesIO object at 0x71d2023928b0>
2026-07-31 23:54:27,734 | WARNING | Download failed: https://www.newsmobile.in/wp-content/uploads/2025/08/Screenshot-2025-08-26-at-10.03.17-AM.png | cannot identify image file <_io.BytesIO object at 0x71d205505220>
2026-07-31 23:54:28,393 | WARNING | Download failed: https://assets.misbar.com/inline-images/5f615fac61_screenshot-2025-09-02-152051.png | 403 Client Error: Forbidden for url: https://assets.misbar.com/inline-images/5f615fac61_screenshot-2025-09-02-152051.png
2026-07-31 23:54:28,772 | WARNING | Download failed: https://assets.misbar.com/inline-images/24c94278fc_screenshot-2025-09-02-150305.png | 403 Client Error: Forbidden for url: https://assets.misbar.com/inline-images/24c94278fc_screenshot-2025-09-02-150305.png
2026-07-31 23:54:29,242 | WARNING | Download failed: https://assets.misbar.com/inline-images/9c012d6b5c_image.png | 403 Client Error: Forbidden for url: https://assets.misbar.com/inline-images/9c012d6b5c_image.png
2026-07-31 23:54:53,115 | WARNING | Download failed: https://i.cbc.ca/ais/1.7113865,1717104168281/full/max/0/default.jpg?im=Crop%2Crect%3D%280%2C0%2C3000%2C1687%29%3B | HTTPSConnectionPool(host='i.cbc.ca', port=443): Read timed out. (read timeout=15)
2026-07-31 23:55:30,777 | WARNING | Download failed: https://i.cbc.ca/ais/1.7036070,1700668264000/full/max/0/default.jpg?im=Crop%2Crect%3D%280%2C0%2C3839%2C2159%29%3B | HTTPSConnectionPool(host='i.cbc.ca', port=443): Read timed out. (read timeout=15)
2026-07-31 23:56:56,967 | WARNING | Download failed: https://journals.sagepub.com/cms/10.1177/13548565211030185/asset/d9900c9a-b2a1-4a36-bc26-d727d34bdb14/assets/images/large/10.1177_13548565211030185-fig4.jpg | 403 Client Error: Forbidden for url: https://journals.sagepub.com/cms/10.1177/13548565211030185/asset/d9900c9a-b2a1-4a36-bc26-d727d34bdb14/assets/images/large/10.1177_13548565211030185-fig4.jpg
2026-07-31 23:57:16,792 | WARNING | Download failed: https://ntvb.tmsimg.com/assets/assets/27_v9_bb.jpg?w=360&h=480 | HTTPSConnectionPool(host='ntvb.tmsimg.com', port=443): Max retries exceeded with url: /assets/assets/27_v9_bb.jpg?w=360&h=480 (Caused by NewConnectionError('<urllib3.connection.HTTPSConnection object at 0x71d212c79eb0>: Failed to establish a new connection: [Errno 101] Network is unreachable'))
2026-07-31 23:59:01,301 | WARNING | Download failed: https://www.mcafee.com/learn/wp-content/uploads/2026/07/deepfake-600x573.png | HTTPSConnectionPool(host='www.mcafee.com', port=443): Read timed out. (read timeout=15)
2026-07-31 23:59:16,913 | WARNING | Download failed: https://www.mcafee.com/learn/wp-content/uploads/2026/07/generative-ai-600x528.png | HTTPSConnectionPool(host='www.mcafee.com', port=443): Read timed out. (read timeout=15)
2026-07-31 23:59:39,948 | WARNING | Download failed: https://www.cbc.ca/kidsnews/images/AI_Literacy_sitecard.png | HTTPSConnectionPool(host='www.cbc.ca', port=443): Read timed out. (read timeout=15)
2026-08-01 00:01:31,995 | WARNING | Download failed: https://lookaside.fbsbx.com/lookaside/crawler/instagram/DNuUpvl3iPD/0/image.jpg | cannot identify image file <_io.BytesIO object at 0x71d2a83c5860>
2026-08-01 00:01:36,322 | WARNING | Download failed: https://lookaside.fbsbx.com/lookaside/crawler/instagram/DRPjYTMjIfU/0/image.jpg | cannot identify image file <_io.BytesIO object at 0x71d2a83c5860>
2026-08-01 00:02:57,662 | WARNING | Download failed: https://www.researchgate.net/publication/371832991/figure/fig1/AS:11431281216903460@1704942762522/Deepfake-image-of-Russian-President-Vladimir-Putin-The-left-image-is-fake-whereas-the.png | 403 Client Error: Forbidden for url: https://www.researchgate.net/publication/371832991/figure/fig1/AS:11431281216903460@1704942762522/Deepfake-image-of-Russian-President-Vladimir-Putin-The-left-image-is-fake-whereas-the.png
2026-08-01 00:03:47,239 | WARNING | Download failed: https://upload.wikimedia.org/wikipedia/commons/5/5a/Walter_Matthau_-_1952.jpg | 429 Client Error: Too Many Requests (015d12c) for url: https://upload.wikimedia.org/wikipedia/commons/5/5a/Walter_Matthau_-_1952.jpg
2026-08-01 00:04:50,118 | WARNING | Download failed: https://www.researchgate.net/publication/387949189/figure/fig5/AS:11431281303010520@1736697339096/Deepfake-of-Will-Smith-in-the-Gemini-Man-film-Source-FT-2019.png | 403 Client Error: Forbidden for url: https://www.researchgate.net/publication/387949189/figure/fig5/AS:11431281303010520@1736697339096/Deepfake-of-Will-Smith-in-the-Gemini-Man-film-Source-FT-2019.png
2026-08-01 00:05:01,352 | WARNING | Download failed: https://www.researchgate.net/profile/Joan-Miquel-Verges-2/publication/387949189/figure/fig5/AS:11431281303010520@1736697339096/Deepfake-of-Will-Smith-in-the-Gemini-Man-film-Source-FT-2019.png | 403 Client Error: Forbidden for url: https://www.researchgate.net/profile/Joan-Miquel-Verges-2/publication/387949189/figure/fig5/AS:11431281303010520@1736697339096/Deepfake-of-Will-Smith-in-the-Gemini-Man-film-Source-FT-2019.png
2026-08-01 00:05:11,669 | WARNING | Download failed: https://image.stern.de/34483484/t/Hs/v4/w1440/r1.3333/-/will-smith-spaghetti-insta.jpg | HTTPSConnectionPool(host='image.stern.de', port=443): Max retries exceeded with url: /34483484/t/Hs/v4/w1440/r1.3333/-/will-smith-spaghetti-insta.jpg (Caused by NewConnectionError('<urllib3.connection.HTTPSConnection object at 0x71d212d597f0>: Failed to establish a new connection: [Errno -3] Temporary failure in name resolution'))
2026-08-01 00:07:21,108 | INFO | ============================================================
2026-08-01 00:07:21,117 | INFO | STEP 4 RUN COMPLETE
2026-08-01 00:07:21,117 | INFO | OK (accepted)     : 141
2026-08-01 00:07:21,118 | INFO | No face           : 10
2026-08-01 00:07:21,118 | INFO | Multiple faces    : 95
2026-08-01 00:07:21,118 | INFO | Face too small    : 31
2026-08-01 00:07:21,118 | INFO | Download errors   : 222 (will retry)
2026-08-01 00:07:21,118 | INFO | Detector errors   : 1 (will retry)
2026-08-01 00:07:21,118 | INFO | ============================================================
2026-08-01 00:17:22,809 | INFO | MTCNN initialized on device: cuda
2026-08-01 00:17:23,210 | INFO | ============================================================
2026-08-01 00:17:23,211 | INFO | STEP 4 START (Face Verification)
2026-08-01 00:17:23,211 | INFO | Total candidates     : 4171
2026-08-01 00:17:23,211 | INFO | Already checked      : 3689
2026-08-01 00:17:23,211 | INFO | Remaining pending    : 482
2026-08-01 00:17:23,211 | INFO | This run             : 482
2026-08-01 00:17:23,211 | INFO | Device               : cuda
2026-08-01 00:17:23,211 | INFO | ============================================================
2026-08-01 00:17:24,138 | WARNING | Download failed: https://lookaside.fbsbx.com/lookaside/crawler/threads/DZDE9TGlp6M/0/image.jpg | cannot identify image file <_io.BytesIO object at 0x701bab6f0db0>
2026-08-01 00:17:25,040 | WARNING | Download failed: https://www.mdpi.com/jimaging/jimaging-08-00263/article_deploy/html/images/jimaging-08-00263-g008-550.jpg | 403 Client Error: Forbidden for url: https://www.mdpi.com/jimaging/jimaging-08-00263/article_deploy/html/images/jimaging-08-00263-g008-550.jpg
2026-08-01 00:17:25,567 | WARNING | Download failed: https://www.livemint.com/lm-img/img/2024/05/07/optimize/Alia_Bhatt_Deepfake_1715069582605_1715069596521.png | ('Connection aborted.', ConnectionResetError(104, 'Connection reset by peer'))
2026-08-01 00:17:26,219 | WARNING | Download failed: https://lookaside.fbsbx.com/lookaside/crawler/instagram/DQbAbycEwWc/0/image.jpg | cannot identify image file <_io.BytesIO object at 0x701bab677950>
2026-08-01 00:17:26,861 | WARNING | Download failed: https://lookaside.fbsbx.com/lookaside/crawler/instagram/amberheard/profile_pic.jpg | cannot identify image file <_io.BytesIO object at 0x701bab6f0db0>
2026-08-01 00:17:27,508 | WARNING | Download failed: https://lookaside.fbsbx.com/lookaside/crawler/instagram/DZU5Mo-y9I1/0/image.jpg | cannot identify image file <_io.BytesIO object at 0x701bb8b4ff90>
2026-08-01 00:17:28,146 | WARNING | Download failed: https://lookaside.fbsbx.com/lookaside/crawler/threads/DEk0T1NTS2D/1/image.jpg | cannot identify image file <_io.BytesIO object at 0x701bab677950>
2026-08-01 00:17:29,147 | WARNING | Download failed: https://www.celebritykind.com/wp-content/uploads/2024/06/shutterstock_717129223-scaled-e1717488964123-839x1024.jpg | 403 Client Error: Forbidden for url: https://www.celebritykind.com/wp-content/uploads/2024/06/shutterstock_717129223-scaled-e1717488964123-839x1024.jpg
2026-08-01 00:17:29,823 | WARNING | Download failed: https://lookaside.fbsbx.com/lookaside/crawler/instagram/DQhDvvcjF6P/0/image.jpg | cannot identify image file <_io.BytesIO object at 0x701bb8b4ff90>
2026-08-01 00:17:30,457 | WARNING | Download failed: https://lookaside.fbsbx.com/lookaside/crawler/instagram/DY1UvvDKflO/0/image.jpg | cannot identify image file <_io.BytesIO object at 0x701bab677950>
2026-08-01 00:17:34,687 | WARNING | Download failed: https://www.hockeydb.com/ihdb/photos/auston-matthews-2024-38.jpg | 403 Client Error: Forbidden for url: https://www.hockeydb.com/ihdb/photos/auston-matthews-2024-38.jpg
2026-08-01 00:17:35,439 | WARNING | Download failed: https://www.usatoday.com/gcdn/authoring/authoring-images/2026/01/19/USAT/88255393007-landman-210-em-0718-01245-rt-f.jpg?crop=2999,1687,x0,y156&width=660&height=371&format=pjpg&auto=webp | 406 Client Error: Not Acceptable for url: https://www.usatoday.com/gcdn/authoring/authoring-images/2026/01/19/USAT/88255393007-landman-210-em-0718-01245-rt-f.jpg?crop=2999,1687,x0,y156&width=660&height=371&format=pjpg&auto=webp
2026-08-01 00:17:45,778 | WARNING | Download failed: http://www.smh.com.au/content/dam/images/4/9/o/r/9/image.imgtype.videoThumbnail.729x410.png/1453967434294.jpg | HTTPConnectionPool(host='www.smh.com.au', port=80): Max retries exceeded with url: /content/dam/images/4/9/o/r/9/image.imgtype.videoThumbnail.729x410.png/1453967434294.jpg (Caused by NewConnectionError('<urllib3.connection.HTTPConnection object at 0x701bb8b64100>: Failed to establish a new connection: [Errno -3] Temporary failure in name resolution'))
2026-08-01 00:17:50,323 | WARNING | Download failed: https://www.koimoi.com/wp-content/new-galleries/2023/03/the-avengers-90s-edition-ai-generated-is-impressed-from-tom-cruise-as-iron-man-to-bruce-willis-will-smith-more-heresheres-who-all-made-the-cast-001.jpg | 403 Client Error: Forbidden for url: https://www.koimoi.com/wp-content/new-galleries/2023/03/the-avengers-90s-edition-ai-generated-is-impressed-from-tom-cruise-as-iron-man-to-bruce-willis-will-smith-more-heresheres-who-all-made-the-cast-001.jpg
2026-08-01 00:17:50,956 | WARNING | Download failed: https://lookaside.fbsbx.com/lookaside/crawler/threads/DY0PjBWEiLD/0/image.jpg | cannot identify image file <_io.BytesIO object at 0x701ba8591860>
2026-08-01 00:17:51,645 | WARNING | Download failed: https://adultdeepfakes.com/contents/videos_screenshots/40000/40786/preview.mp4.jpg | ('Connection aborted.', ConnectionResetError(104, 'Connection reset by peer'))
2026-08-01 00:17:52,233 | WARNING | Download failed: https://www.alrincon.com/imagenesblog2/varios/camerondiazdeepfake.jpg | ('Connection aborted.', ConnectionResetError(104, 'Connection reset by peer'))
2026-08-01 00:17:52,955 | WARNING | Download failed: https://lookaside.fbsbx.com/lookaside/crawler/instagram/DYI6gmARFpE/0/image.jpg | cannot identify image file <_io.BytesIO object at 0x701ba8591860>
2026-08-01 00:17:53,843 | WARNING | Download failed: https://documents.iplt20.com/ipl/IPLHeadshot2026/550.png | 403 Client Error: Forbidden for url: https://documents.iplt20.com/ipl/IPLHeadshot2026/550.png
2026-08-01 00:17:54,556 | WARNING | Download failed: https://upload.wikimedia.org/wikipedia/commons/thumb/b/be/Chris_Tucker_1996.jpg/250px-Chris_Tucker_1996.jpg | 429 Client Error: Too Many Requests (015d12c) for url: https://upload.wikimedia.org/wikipedia/commons/thumb/b/be/Chris_Tucker_1996.jpg/250px-Chris_Tucker_1996.jpg
2026-08-01 00:17:55,160 | WARNING | Download failed: https://upload.wikimedia.org/wikipedia/commons/0/0a/Christian_Bale-7837.jpg | 429 Client Error: Too Many Requests (015d12c) for url: https://upload.wikimedia.org/wikipedia/commons/0/0a/Christian_Bale-7837.jpg
2026-08-01 00:18:17,747 | WARNING | Download failed: https://www.ecranlarge.com/content/uploads/2019/08/tom-cruise-photo-deepfake-american-psycho-1094097.png | HTTPSConnectionPool(host='www.ecranlarge.com', port=443): Max retries exceeded with url: /content/uploads/2019/08/tom-cruise-photo-deepfake-american-psycho-1094097.png (Caused by ConnectTimeoutError(<urllib3.connection.HTTPSConnection object at 0x701bb8b64550>, 'Connection to www.ecranlarge.com timed out. (connect timeout=15)'))
2026-08-01 00:18:18,401 | WARNING | Download failed: https://lookaside.fbsbx.com/lookaside/crawler/threads/DHuogAmsBRm/0/image.jpg | cannot identify image file <_io.BytesIO object at 0x701bb7d273b0>
2026-08-01 00:18:19,334 | WARNING | Download failed: https://c.ndtvimg.com/2021-03/fba3qug_tom-cruise-deepfake-video_625x300_04_March_21.jpg | 403 Client Error: Forbidden for url: https://c.ndtvimg.com/2021-03/fba3qug_tom-cruise-deepfake-video_625x300_04_March_21.jpg
2026-08-01 00:18:20,447 | WARNING | Download failed: http://ghostbustersnews.com/wp-content/uploads/2023/04/arnold_ghostbusters_deepfake.jpg | 403 Client Error: Forbidden for url: http://ghostbustersnews.com/wp-content/uploads/2023/04/arnold_ghostbusters_deepfake.jpg
2026-08-01 00:18:38,358 | WARNING | Download failed: https://documents.iplt20.com/ipl/IPLHeadshot2026/128.png | 403 Client Error: Forbidden for url: https://documents.iplt20.com/ipl/IPLHeadshot2026/128.png
2026-08-01 00:18:39,536 | WARNING | Download failed: https://davidmiller.ai/wp-content/uploads/2024/08/teentempo_imagine_in_the_style_of_brooke_shaden_oil_painting__a0838d8c-ee64-428e-a4ac-a3e3a78f6bf3_3.png | 403 Client Error: Forbidden for url: https://davidmiller.ai/wp-content/uploads/2024/08/teentempo_imagine_in_the_style_of_brooke_shaden_oil_painting__a0838d8c-ee64-428e-a4ac-a3e3a78f6bf3_3.png
2026-08-01 00:18:40,446 | WARNING | Download failed: https://missouriindependent.com/wp-content/uploads/2026/02/IMG_3609-1536x922.jpeg | 403 Client Error: Forbidden for url: https://missouriindependent.com/wp-content/uploads/2026/02/IMG_3609-1536x922.jpeg
2026-08-01 00:18:41,521 | WARNING | Download failed: https://davidmiller.ai/wp-content/uploads/2024/08/room2-1.jpg | 403 Client Error: Forbidden for url: https://davidmiller.ai/wp-content/uploads/2024/08/room2-1.jpg
2026-08-01 00:18:42,217 | WARNING | Download failed: https://lookaside.fbsbx.com/lookaside/crawler/threads/DDxVOmRvCz6/0/image.jpg | cannot identify image file <_io.BytesIO object at 0x701c29a7d6d0>
2026-08-01 00:18:42,875 | WARNING | Download failed: https://lookaside.fbsbx.com/lookaside/crawler/instagram/CHv0LyvHM3B/0/image.jpg | cannot identify image file <_io.BytesIO object at 0x701bb8b4ff90>
2026-08-01 00:18:43,540 | WARNING | Download failed: https://lookaside.fbsbx.com/lookaside/crawler/instagram/DXhnF1xjcQW/0/image.jpg | cannot identify image file <_io.BytesIO object at 0x701ba84ca040>
2026-08-01 00:18:44,189 | WARNING | Download failed: https://lookaside.fbsbx.com/lookaside/crawler/instagram/CeGwyCeLI8l/0/image.jpg | cannot identify image file <_io.BytesIO object at 0x701bb7d273b0>
2026-08-01 00:18:44,820 | WARNING | Download failed: https://lookaside.fbsbx.com/lookaside/crawler/instagram/DXmsI2gked4/0/image.jpg | cannot identify image file <_io.BytesIO object at 0x701bab678bd0>
2026-08-01 00:18:45,471 | WARNING | Download failed: https://lookaside.fbsbx.com/lookaside/crawler/instagram/C11m2cIIzTa/0/image.jpg | cannot identify image file <_io.BytesIO object at 0x701bb8b4ff90>
2026-08-01 00:18:45,986 | WARNING | Download failed: https://documents.iplt20.com/ipl/IPLHeadshot2025/601.png | 403 Client Error: Forbidden for url: https://documents.iplt20.com/ipl/IPLHeadshot2025/601.png
2026-08-01 00:18:46,605 | WARNING | Download failed: https://upload.wikimedia.org/wikipedia/commons/7/7e/Dwayne_Johnson-1764_%284x5_cropped_with_moderate_headroom%29.jpg | 429 Client Error: Too Many Requests (015d12c) for url: https://upload.wikimedia.org/wikipedia/commons/7/7e/Dwayne_Johnson-1764_%284x5_cropped_with_moderate_headroom%29.jpg
2026-08-01 00:18:47,214 | WARNING | Download failed: https://upload.wikimedia.org/wikipedia/commons/4/48/2025_Dylan_O%27Brien_%28cropped%29.jpg | 429 Client Error: Too Many Requests (015d12c) for url: https://upload.wikimedia.org/wikipedia/commons/4/48/2025_Dylan_O%27Brien_%28cropped%29.jpg
2026-08-01 00:18:47,824 | WARNING | Download failed: https://upload.wikimedia.org/wikipedia/commons/a/a1/Actress_Malin_Akerman_Visits_TODAY_Show_%2850026255087%29_%28cropped2%29.jpg | 429 Client Error: Too Many Requests (015d12c) for url: https://upload.wikimedia.org/wikipedia/commons/a/a1/Actress_Malin_Akerman_Visits_TODAY_Show_%2850026255087%29_%28cropped2%29.jpg
2026-08-01 00:18:48,491 | WARNING | Download failed: https://lookaside.fbsbx.com/lookaside/crawler/instagram/dylandreyernbc/profile_pic.jpg | cannot identify image file <_io.BytesIO object at 0x701bb4c0c9a0>
2026-08-01 00:18:49,424 | WARNING | Download failed: https://tandem.app/files/can-you-spot-a-deepfake-social-image.png | 404 Client Error: Not Found for url: https://tandem.app/files/can-you-spot-a-deepfake-social-image.png
2026-08-01 00:18:50,724 | WARNING | Download failed: https://internationalbanker.com/wp-content/uploads/2021/02/Deepfake-Technology.png | 403 Client Error: Forbidden for url: https://internationalbanker.com/wp-content/uploads/2021/02/Deepfake-Technology.png
2026-08-01 00:18:51,357 | WARNING | Download failed: https://upload.wikimedia.org/wikipedia/commons/5/5f/2017%E2%80%9318_W_Ashes_A_v_E_Test_17-11-09_Perry_portrait_%2802%29.jpg | 429 Client Error: Too Many Requests (015d12c) for url: https://upload.wikimedia.org/wikipedia/commons/5/5f/2017%E2%80%9318_W_Ashes_A_v_E_Test_17-11-09_Perry_portrait_%2802%29.jpg
2026-08-01 00:18:52,001 | WARNING | Download failed: https://lookaside.fbsbx.com/lookaside/crawler/threads/DbGPhw6iWnn/0/image.jpg | cannot identify image file <_io.BytesIO object at 0x701bb4c0c9a0>
2026-08-01 00:18:52,638 | WARNING | Download failed: https://lookaside.fbsbx.com/lookaside/crawler/threads/DTVdvkxElHA/0/image.jpg | cannot identify image file <_io.BytesIO object at 0x701ba8591950>
2026-08-01 00:18:53,274 | WARNING | Download failed: https://upload.wikimedia.org/wikipedia/commons/5/5e/Elon_Musk_-_54820081119_%28cropped%29.jpg | 429 Client Error: Too Many Requests (015d12c) for url: https://upload.wikimedia.org/wikipedia/commons/5/5e/Elon_Musk_-_54820081119_%28cropped%29.jpg
2026-08-01 00:19:00,836 | WARNING | Download failed: https://web-cdnprod.aa.com.tr/uploads/Contents/2024/10/22/thumbs_b_c_95fae517eb48db7745a60a3b929d78e0.jpg?v=170617 | 403 Client Error: Forbidden for url: https://web-cdnprod.aa.com.tr/uploads/Contents/2024/10/22/thumbs_b_c_95fae517eb48db7745a60a3b929d78e0.jpg?v=170617
2026-08-01 00:19:02,030 | WARNING | Download failed: https://imagerenderer.com/images/rendered/default/print/7.5/10/break/images/artworkimages/medium/3/elon-musks-fight-for-the-future-of-ai-nigel-buchanan.jpg | broken data stream when reading image file
2026-08-01 00:19:07,095 | WARNING | Download failed: https://www.innovationaus.com/wp-content/uploads/2025/03/Deepfake_AI_shutterstock_800x600.jpg | 403 Client Error: Forbidden for url: https://www.innovationaus.com/wp-content/uploads/2025/03/Deepfake_AI_shutterstock_800x600.jpg
2026-08-01 00:19:07,706 | WARNING | Download failed: https://upload.wikimedia.org/wikipedia/commons/7/78/MKr385780_Emma_Mackey_%28Alpha%2C_Cannes_2025%29.jpg | 429 Client Error: Too Many Requests (015d12c) for url: https://upload.wikimedia.org/wikipedia/commons/7/78/MKr385780_Emma_Mackey_%28Alpha%2C_Cannes_2025%29.jpg
2026-08-01 00:19:29,617 | WARNING | Download failed: https://www.mcafee.com/blogs/wp-content/uploads/2025/11/Celeb-Hacker-Hotlist.png | HTTPSConnectionPool(host='www.mcafee.com', port=443): Read timed out. (read timeout=15)
2026-08-01 00:19:45,355 | WARNING | Download failed: https://www.mcafee.com/blogs/wp-content/uploads/2025/11/1.-USA-CELEBS.png | HTTPSConnectionPool(host='www.mcafee.com', port=443): Read timed out. (read timeout=15)
2026-08-01 00:19:46,621 | WARNING | Download failed: https://www.koimoi.com/wp-content/new-galleries/2023/07/fawad-khan-reimagined-as-hunky-batman-by-an-ai-artist-but-gets-trolled-massively-online-netizens-react-check-out-001.jpg | 403 Client Error: Forbidden for url: https://www.koimoi.com/wp-content/new-galleries/2023/07/fawad-khan-reimagined-as-hunky-batman-by-an-ai-artist-but-gets-trolled-massively-online-netizens-react-check-out-001.jpg
2026-08-01 00:19:47,650 | WARNING | Download failed: https://c.ndtvimg.com/2024-04/072utg7g_aamir-khan-deepfake-fake-label_625x300_17_April_24.jpg | 403 Client Error: Forbidden for url: https://c.ndtvimg.com/2024-04/072utg7g_aamir-khan-deepfake-fake-label_625x300_17_April_24.jpg
2026-08-01 00:19:48,275 | WARNING | Download failed: https://upload.wikimedia.org/wikipedia/commons/b/b4/Retrato_Oficial_Presidente_Boric_Font.jpg | 429 Client Error: Too Many Requests (015d12c) for url: https://upload.wikimedia.org/wikipedia/commons/b/b4/Retrato_Oficial_Presidente_Boric_Font.jpg
2026-08-01 00:19:49,343 | WARNING | Download failed: https://cdn.newser.com/square-image/392026-20260701052759/ai-generated-voice-of-gene-wilder-featured-in-wonka-series.jpeg | 403 Client Error: Forbidden for url: https://cdn.newser.com/square-image/392026-20260701052759/ai-generated-voice-of-gene-wilder-featured-in-wonka-series.jpeg
2026-08-01 00:19:49,956 | WARNING | Download failed: https://upload.wikimedia.org/wikipedia/commons/0/07/George_C._Scott_-_publicity.JPG | 429 Client Error: Too Many Requests (015d12c) for url: https://upload.wikimedia.org/wikipedia/commons/0/07/George_C._Scott_-_publicity.JPG
2026-08-01 00:19:58,380 | WARNING | Download failed: https://www.creativindie.com/wp-content/uploads/2023/02/tesocraderek_Abstract_Art_Vibrant_colors_Geometric_shapes_Abstr_75ce4982-61b5-4625-81d7-05b2c71445ec.jpg | 403 Client Error: Forbidden for url: https://www.creativindie.com/wp-content/uploads/2023/02/tesocraderek_Abstract_Art_Vibrant_colors_Geometric_shapes_Abstr_75ce4982-61b5-4625-81d7-05b2c71445ec.jpg
2026-08-01 00:20:03,419 | WARNING | Download failed: https://www.newsmobile.in/wp-content/uploads/2025/02/Screenshot-2025-02-20-182138.png | cannot identify image file <_io.BytesIO object at 0x701bb8a5bf40>
2026-08-01 00:20:04,346 | WARNING | Download failed: https://www.newsmobile.in/wp-content/uploads/2025/02/476788826_122160398048302902_5422970338347386911_n.jpg | cannot identify image file <_io.BytesIO object at 0x701ba84ca630>
2026-08-01 00:20:05,131 | WARNING | Download failed: https://www.innovationaus.com/wp-content/uploads/2021/03/Joseph_Brookes_authorhead2023.jpg | 403 Client Error: Forbidden for url: https://www.innovationaus.com/wp-content/uploads/2021/03/Joseph_Brookes_authorhead2023.jpg
2026-08-01 00:20:05,947 | WARNING | Download failed: https://www.newsmobile.in/wp-content/uploads/2025/02/Zinta_Mazwell_FC.jpg | cannot identify image file <_io.BytesIO object at 0x701bab6f0f90>
2026-08-01 00:20:06,649 | WARNING | Download failed: https://lookaside.fbsbx.com/lookaside/crawler/threads/DKOdX3XsCeV/0/image.jpg | cannot identify image file <_io.BytesIO object at 0x701bb8b52ae0>
2026-08-01 00:20:07,275 | WARNING | Download failed: https://upload.wikimedia.org/wikipedia/commons/8/88/Crew_members_of_the_movie_%22Genius%22_at_the_Berlinale_party_%2825036107966%29_%28cropped%29.jpg | 429 Client Error: Too many requests - please contact noc@wikimedia.org to discuss a less disruptive approach or instead use thumbnail images in sizes listed on https://w.wiki/GHai. (0c640b1) for url: https://upload.wikimedia.org/wikipedia/commons/8/88/Crew_members_of_the_movie_%22Genius%22_at_the_Berlinale_party_%2825036107966%29_%28cropped%29.jpg
2026-08-01 00:20:07,893 | WARNING | Download failed: https://upload.wikimedia.org/wikipedia/commons/0/0c/Hadiqa_Kiani_Pakistani_Singer.jpg | 429 Client Error: Too many requests - please contact noc@wikimedia.org to discuss a less disruptive approach or instead use thumbnail images in sizes listed on https://w.wiki/GHai. (0c640b1) for url: https://upload.wikimedia.org/wikipedia/commons/0/0c/Hadiqa_Kiani_Pakistani_Singer.jpg
2026-08-01 00:20:08,547 | WARNING | Download failed: https://lookaside.fbsbx.com/lookaside/crawler/instagram/hadiqakianiofficial/profile_pic.jpg | cannot identify image file <_io.BytesIO object at 0x701bab6f0f90>
2026-08-01 00:20:09,177 | WARNING | Download failed: https://upload.wikimedia.org/wikipedia/commons/a/aa/Halle_Berry-1910.jpg | 429 Client Error: Too many requests - please contact noc@wikimedia.org to discuss a less disruptive approach or instead use thumbnail images in sizes listed on https://w.wiki/GHai. (0c640b1) for url: https://upload.wikimedia.org/wikipedia/commons/a/aa/Halle_Berry-1910.jpg
2026-08-01 00:20:10,147 | WARNING | Download failed: https://media.eventhubs.com/images/2020/02/24-more-deepfakes-mortal-kombat-11-see-christopher-lambert-gal-gadot.jpg | HTTPSConnectionPool(host='media.eventhubs.com', port=443): Max retries exceeded with url: /images/2020/02/24-more-deepfakes-mortal-kombat-11-see-christopher-lambert-gal-gadot.jpg (Caused by SSLError(SSLCertVerificationError(1, '[SSL: CERTIFICATE_VERIFY_FAILED] certificate verify failed: unable to get local issuer certificate (_ssl.c:1147)')))
2026-08-01 00:20:10,979 | WARNING | Download failed: https://cdn.lumenor.ai/lumenor/lumenor.jpg | 403 Client Error: Forbidden for url: https://cdn.lumenor.ai/lumenor/lumenor.jpg
2026-08-01 00:20:11,621 | WARNING | Download failed: https://lookaside.fbsbx.com/lookaside/crawler/instagram/DU2-x0Vl7rx/0/image.jpg | cannot identify image file <_io.BytesIO object at 0x701ba8591860>
2026-08-01 00:20:18,197 | WARNING | Download failed: https://documents.bcci.tv/resizedimageskirti/2740_compress.png | 403 Client Error: Forbidden for url: https://documents.bcci.tv/resizedimageskirti/2740_compress.png
2026-08-01 00:20:19,235 | WARNING | Download failed: https://www.newsmobile.in/wp-content/uploads/2025/03/Screenshot-2025-03-18-180246.png | cannot identify image file <_io.BytesIO object at 0x701bab6f0f90>
2026-08-01 00:20:20,115 | WARNING | Download failed: https://www.newsmobile.in/wp-content/uploads/2025/03/Screenshot-2025-03-31-212759.png | cannot identify image file <_io.BytesIO object at 0x701bb8a5bf40>
2026-08-01 00:20:21,244 | WARNING | Download failed: https://www.newsmobile.in/wp-content/uploads/2024/12/Screenshot-2024-12-31-182414.png | cannot identify image file <_io.BytesIO object at 0x701ba8591860>
2026-08-01 00:20:22,018 | WARNING | Download failed: https://www.vishvasnews.com/wp-content/uploads/2024/12/vishvasnews-1-2024-12-30T165530.093-1.jpg | ('Connection aborted.', ConnectionResetError(104, 'Connection reset by peer'))
2026-08-01 00:20:23,097 | WARNING | Download failed: https://www.newsmobile.in/wp-content/uploads/2025/04/Screenshot-2025-04-09-135737.png | cannot identify image file <_io.BytesIO object at 0x701bab6f0f90>
2026-08-01 00:20:39,087 | WARNING | Download failed: https://img.fcbayern.com/image/upload/f_auto/q_auto/ar_1:1,c_fill,g_custom,w_768/v1785247532/cms/public/images/fcbayern-com/players/spielerportraits/ganzkoerper/harry-kane.png | HTTPSConnectionPool(host='img.fcbayern.com', port=443): Read timed out. (read timeout=15)
2026-08-01 00:20:39,702 | WARNING | Download failed: https://upload.wikimedia.org/wikipedia/commons/2/23/MerchantIvoryCurzMayfair201124_%2816_of_28%29_%2854154554145%29_%28cropped%29.jpg | 429 Client Error: Too many requests - please contact noc@wikimedia.org to discuss a less disruptive approach or instead use thumbnail images in sizes listed on https://w.wiki/GHai. (0c640b1) for url: https://upload.wikimedia.org/wikipedia/commons/2/23/MerchantIvoryCurzMayfair201124_%2816_of_28%29_%2854154554145%29_%28cropped%29.jpg
2026-08-01 00:20:40,373 | WARNING | Download failed: https://lookaside.fbsbx.com/lookaside/crawler/instagram/DU7NSlRjZPI/0/image.jpg | cannot identify image file <_io.BytesIO object at 0x701ba8591860>
2026-08-01 00:20:41,420 | WARNING | Download failed: https://lookaside.fbsbx.com/lookaside/crawler/instagram/DUH9EwHEdw_/0/image.jpg | cannot identify image file <_io.BytesIO object at 0x701bb7d273b0>
2026-08-01 00:20:44,910 | WARNING | Download failed: https://upload.wikimedia.org/wikipedia/commons/a/ab/Holly_Hunter_by_Gage_Skidmore_2.jpg | 429 Client Error: Too many requests - please contact noc@wikimedia.org to discuss a less disruptive approach or instead use thumbnail images in sizes listed on https://w.wiki/GHai. (0c640b1) for url: https://upload.wikimedia.org/wikipedia/commons/a/ab/Holly_Hunter_by_Gage_Skidmore_2.jpg
2026-08-01 00:20:45,580 | WARNING | Download failed: https://lookaside.fbsbx.com/lookaside/crawler/instagram/DUBVEzoE-lu/0/image.jpg | cannot identify image file <_io.BytesIO object at 0x701bab6f0f90>
2026-08-01 00:21:02,149 | WARNING | Download failed: https://www.esafety.gov.au/sites/default/files/2020-04/esafety-deep-fakes.jpg | HTTPSConnectionPool(host='www.esafety.gov.au', port=443): Read timed out. (read timeout=15)
2026-08-01 00:21:03,086 | WARNING | Download failed: https://upload.wikimedia.org/wikipedia/commons/8/88/Ibrahim_Traor%C3%A9_portrait.jpg | 429 Client Error: Too many requests - please contact noc@wikimedia.org to discuss a less disruptive approach or instead use thumbnail images in sizes listed on https://w.wiki/GHai. (0c640b1) for url: https://upload.wikimedia.org/wikipedia/commons/8/88/Ibrahim_Traor%C3%A9_portrait.jpg
2026-08-01 00:21:03,901 | WARNING | Download failed: https://lookaside.fbsbx.com/lookaside/crawler/instagram/DWjXBe7jGZC/0/image.jpg | cannot identify image file <_io.BytesIO object at 0x701bb8b52860>
2026-08-01 00:21:04,556 | WARNING | Download failed: https://lookaside.fbsbx.com/lookaside/crawler/instagram/DWO79cmEdBo/0/image.jpg | cannot identify image file <_io.BytesIO object at 0x701bb7d273b0>
2026-08-01 00:21:08,743 | WARNING | Download failed: http://media.wired.com/photos/63eae1b71b87b32b35988c5e/master/pass/Culture_Deepfake-Porn-Harm.jpg | ('Connection aborted.', ConnectionResetError(104, 'Connection reset by peer'))
2026-08-01 00:21:09,139 | WARNING | Download failed: https://documents.bcci.tv/resizedimageskirti/31_compress.png | 403 Client Error: Forbidden for url: https://documents.bcci.tv/resizedimageskirti/31_compress.png
2026-08-01 00:21:10,128 | WARNING | Download failed: https://c.ndtvimg.com/2026-02/4cedpp14_ishan-kishan-aditi-hundia-insta_625x300_18_February_26.jpeg | 403 Client Error: Forbidden for url: https://c.ndtvimg.com/2026-02/4cedpp14_ishan-kishan-aditi-hundia-insta_625x300_18_February_26.jpeg
2026-08-01 00:21:10,815 | WARNING | Download failed: https://lookaside.fbsbx.com/lookaside/crawler/threads/DV-uOUlDQ_Y/0/image.jpg | cannot identify image file <_io.BytesIO object at 0x701ba858f270>
2026-08-01 00:21:11,445 | WARNING | Download failed: https://lookaside.fbsbx.com/lookaside/crawler/threads/DVpzrVyCOqh/0/image.jpg | cannot identify image file <_io.BytesIO object at 0x701bb8b52860>
2026-08-01 00:21:12,061 | WARNING | Download failed: https://upload.wikimedia.org/wikipedia/commons/6/6d/20th_Anniversary_Schwab_Foundation_Gala_Dinner_%2844887783681%29_%28cropped%29.jpg | 429 Client Error: Too many requests - please contact noc@wikimedia.org to discuss a less disruptive approach or instead use thumbnail images in sizes listed on https://w.wiki/GHai. (0c640b1) for url: https://upload.wikimedia.org/wikipedia/commons/6/6d/20th_Anniversary_Schwab_Foundation_Gala_Dinner_%2844887783681%29_%28cropped%29.jpg
2026-08-01 00:21:13,089 | WARNING | Download failed: https://lookaside.fbsbx.com/lookaside/crawler/threads/DbBuD62EZQK/0/image.jpg | cannot identify image file <_io.BytesIO object at 0x701bb8b4ff90>
2026-08-01 00:21:13,865 | WARNING | Download failed: https://media.eventhubs.com/images/2020/02/21-someone-used-deepfake-add-celebrities-mortal-kombat-11-and-its-p.jpg | HTTPSConnectionPool(host='media.eventhubs.com', port=443): Max retries exceeded with url: /images/2020/02/21-someone-used-deepfake-add-celebrities-mortal-kombat-11-and-its-p.jpg (Caused by SSLError(SSLCertVerificationError(1, '[SSL: CERTIFICATE_VERIFY_FAILED] certificate verify failed: unable to get local issuer certificate (_ssl.c:1147)')))
2026-08-01 00:21:33,715 | WARNING | Download failed: https://www.jewishvoicesnj.org/wp-content/uploads/images/2022-07-13/31p1.jpg | HTTPSConnectionPool(host='www.jewishvoicesnj.org', port=443): Max retries exceeded with url: /wp-content/uploads/images/2022-07-13/31p1.jpg (Caused by ConnectTimeoutError(<urllib3.connection.HTTPSConnection object at 0x701bb8b54a60>, 'Connection to www.jewishvoicesnj.org timed out. (connect timeout=15)'))
2026-08-01 00:21:34,344 | WARNING | Download failed: https://upload.wikimedia.org/wikipedia/commons/3/3f/James_Caan_Guillaume_Canet_Cannes_2013_cropped.jpg | 429 Client Error: Too many requests - please contact noc@wikimedia.org to discuss a less disruptive approach or instead use thumbnail images in sizes listed on https://w.wiki/GHai. (0c640b1) for url: https://upload.wikimedia.org/wikipedia/commons/3/3f/James_Caan_Guillaume_Canet_Cannes_2013_cropped.jpg
2026-08-01 00:21:35,087 | WARNING | Download failed: https://www.miataturbo.net/attachments/insert-bs-here-4/116971-ai-generated-cat-pictures-thread-jamie-lee-curtis-autograph.jpg?dateline=1404309012 | 403 Client Error: Forbidden for url: https://www.miataturbo.net/attachments/insert-bs-here-4/116971-ai-generated-cat-pictures-thread-jamie-lee-curtis-autograph.jpg?dateline=1404309012
2026-08-01 00:21:35,954 | WARNING | Download failed: https://media.cybernews.com/images/featured/2025/07/aniston-scam-deepfake.jpg | 403 Client Error: Forbidden for url: https://media.cybernews.com/images/featured/2025/07/aniston-scam-deepfake.jpg
2026-08-01 00:21:36,617 | WARNING | Download failed: https://upload.wikimedia.org/wikipedia/commons/3/3d/Jennifer_Garner_-_2024_%2854106107278%29_%28cropped%29.jpg | 429 Client Error: Too many requests - please contact noc@wikimedia.org to discuss a less disruptive approach or instead use thumbnail images in sizes listed on https://w.wiki/GHai. (0c640b1) for url: https://upload.wikimedia.org/wikipedia/commons/3/3d/Jennifer_Garner_-_2024_%2854106107278%29_%28cropped%29.jpg
2026-08-01 00:21:52,639 | WARNING | Download failed: https://i.cbc.ca/ais/cac88dcd-24d7-4eb2-9329-b0d7753983a2,1771537424460/full/max/0/default.jpg?im=Crop%2Crect%3D%280%2C0%2C3200%2C1800%29%3B | HTTPSConnectionPool(host='i.cbc.ca', port=443): Read timed out. (read timeout=15)
2026-08-01 00:21:57,700 | WARNING | Download failed: https://raindance.org/wp-content/uploads/2018/02/deepfake-3-300x216.jpg | 403 Client Error: Forbidden for url: https://raindance.org/wp-content/uploads/2018/02/deepfake-3-300x216.jpg
2026-08-01 00:21:58,351 | WARNING | Download failed: https://lookaside.fbsbx.com/lookaside/crawler/instagram/DVU9gSeDAvm/0/image.jpg | cannot identify image file <_io.BytesIO object at 0x701bb8a5bf90>
2026-08-01 00:21:58,985 | WARNING | Download failed: https://upload.wikimedia.org/wikipedia/commons/d/dc/Joaquin_Phoenix-64908_%28cropped%29.jpg | 429 Client Error: Too many requests - please contact noc@wikimedia.org to discuss a less disruptive approach or instead use thumbnail images in sizes listed on https://w.wiki/GHai. (0c640b1) for url: https://upload.wikimedia.org/wikipedia/commons/d/dc/Joaquin_Phoenix-64908_%28cropped%29.jpg
2026-08-01 00:21:59,623 | WARNING | Download failed: https://upload.wikimedia.org/wikipedia/commons/5/5b/Jodie_Foster_and_Rebecca_Zlotowski_at_NYFF_2025_02_%28cropped_headshot%29.jpg | 429 Client Error: Too many requests - please contact noc@wikimedia.org to discuss a less disruptive approach or instead use thumbnail images in sizes listed on https://w.wiki/GHai. (0c640b1) for url: https://upload.wikimedia.org/wikipedia/commons/5/5b/Jodie_Foster_and_Rebecca_Zlotowski_at_NYFF_2025_02_%28cropped_headshot%29.jpg
2026-08-01 00:22:00,229 | WARNING | Download failed: https://upload.wikimedia.org/wikipedia/commons/5/53/John_Cusack_Photo_Op_GalaxyCon_Raleigh_2019.jpg | 429 Client Error: Too many requests - please contact noc@wikimedia.org to discuss a less disruptive approach or instead use thumbnail images in sizes listed on https://w.wiki/GHai. (0c640b1) for url: https://upload.wikimedia.org/wikipedia/commons/5/53/John_Cusack_Photo_Op_GalaxyCon_Raleigh_2019.jpg
2026-08-01 00:22:06,398 | WARNING | Download failed: https://www.latinousa.org/wp-content/uploads/2026/04/lusa_johnleguizamo_cover_horizontal.jpg | 403 Client Error: Forbidden for url: https://www.latinousa.org/wp-content/uploads/2026/04/lusa_johnleguizamo_cover_horizontal.jpg
2026-08-01 00:22:07,054 | WARNING | Download failed: https://upload.wikimedia.org/wikipedia/commons/9/9d/John_Malkovich_KVIFF_2.jpg | 429 Client Error: Too many requests - please contact noc@wikimedia.org to discuss a less disruptive approach or instead use thumbnail images in sizes listed on https://w.wiki/GHai. (0c640b1) for url: https://upload.wikimedia.org/wikipedia/commons/9/9d/John_Malkovich_KVIFF_2.jpg
2026-08-01 00:22:07,891 | WARNING | Download failed: https://963kklz.com/uploads/2020/06/GettyImages-1182695105.jpg?format=auto&optimize=high&width=1440 | 403 Client Error: Forbidden for url: https://963kklz.com/uploads/2020/06/GettyImages-1182695105.jpg?format=auto&optimize=high&width=1440
2026-08-01 00:22:08,572 | WARNING | Download failed: https://lookaside.fbsbx.com/lookaside/crawler/threads/DSgiiYnDsVq/0/image.jpg | cannot identify image file <_io.BytesIO object at 0x701bb8a5bf90>
2026-08-01 00:22:09,195 | WARNING | Download failed: https://upload.wikimedia.org/wikipedia/commons/e/ec/Josh_Brolin_SDCC_2014.jpg | 429 Client Error: Too many requests - please contact noc@wikimedia.org to discuss a less disruptive approach or instead use thumbnail images in sizes listed on https://w.wiki/GHai. (0c640b1) for url: https://upload.wikimedia.org/wikipedia/commons/e/ec/Josh_Brolin_SDCC_2014.jpg
2026-08-01 00:22:09,818 | WARNING | Download failed: https://upload.wikimedia.org/wikipedia/commons/3/3e/Josh_Hutcherson_by_Gage_Skidmore_2.jpg | 429 Client Error: Too many requests - please contact noc@wikimedia.org to discuss a less disruptive approach or instead use thumbnail images in sizes listed on https://w.wiki/GHai. (0c640b1) for url: https://upload.wikimedia.org/wikipedia/commons/3/3e/Josh_Hutcherson_by_Gage_Skidmore_2.jpg
2026-08-01 00:22:10,467 | WARNING | Download failed: https://lookaside.fbsbx.com/lookaside/crawler/instagram/DVWxPbBERwQ/0/image.jpg | cannot identify image file <_io.BytesIO object at 0x701ba8591950>
2026-08-01 00:22:15,208 | WARNING | Download failed: https://documents.iplt20.com/ipl/IPLHeadshot2026/647.png | 403 Client Error: Forbidden for url: https://documents.iplt20.com/ipl/IPLHeadshot2026/647.png
2026-08-01 00:22:15,907 | WARNING | Download failed: https://lookaside.fbsbx.com/lookaside/crawler/instagram/DRILQskEqlo/0/image.jpg | cannot identify image file <_io.BytesIO object at 0x701ba84ca8b0>
2026-08-01 00:22:16,577 | WARNING | Download failed: https://lookaside.fbsbx.com/lookaside/crawler/instagram/DVmcUxcCldb/0/image.jpg | cannot identify image file <_io.BytesIO object at 0x701c29af4c20>
2026-08-01 00:22:17,231 | WARNING | Download failed: https://lookaside.fbsbx.com/lookaside/crawler/instagram/DW4EhibEqGP/0/image.jpg | cannot identify image file <_io.BytesIO object at 0x701ba84ca8b0>
2026-08-01 00:22:17,889 | WARNING | Download failed: https://lookaside.fbsbx.com/lookaside/crawler/instagram/DWE0UJnjxL4/0/image.jpg | cannot identify image file <_io.BytesIO object at 0x701bab678bd0>
2026-08-01 00:22:18,500 | WARNING | Download failed: https://upload.wikimedia.org/wikipedia/commons/1/1a/Kathy_Bates_by_Gage_Skidmore.jpg | 429 Client Error: Too many requests - please contact noc@wikimedia.org to discuss a less disruptive approach or instead use thumbnail images in sizes listed on https://w.wiki/GHai. (0c640b1) for url: https://upload.wikimedia.org/wikipedia/commons/1/1a/Kathy_Bates_by_Gage_Skidmore.jpg
2026-08-01 00:22:19,118 | WARNING | Download failed: https://upload.wikimedia.org/wikipedia/commons/b/b4/Keanu_Reeves_at_TIFF_2025_02_%28Cropped%29.jpg | 429 Client Error: Too many requests - please contact noc@wikimedia.org to discuss a less disruptive approach or instead use thumbnail images in sizes listed on https://w.wiki/GHai. (0c640b1) for url: https://upload.wikimedia.org/wikipedia/commons/b/b4/Keanu_Reeves_at_TIFF_2025_02_%28Cropped%29.jpg
2026-08-01 00:22:19,743 | WARNING | Download failed: https://upload.wikimedia.org/wikipedia/commons/b/bc/Kevin_Costner_at_81st_Venice_Film_Festival_%28cropped%29.jpg | 429 Client Error: Too many requests - please contact noc@wikimedia.org to discuss a less disruptive approach or instead use thumbnail images in sizes listed on https://w.wiki/GHai. (0c640b1) for url: https://upload.wikimedia.org/wikipedia/commons/b/bc/Kevin_Costner_at_81st_Venice_Film_Festival_%28cropped%29.jpg
2026-08-01 00:22:30,236 | WARNING | Download failed: https://image.ytn.co.kr/general/jpg/2025/0909/202509091624180521_t.jpg | HTTPSConnectionPool(host='image.ytn.co.kr', port=443): Max retries exceeded with url: /general/jpg/2025/0909/202509091624180521_t.jpg (Caused by NewConnectionError('<urllib3.connection.HTTPSConnection object at 0x701bb8b64b80>: Failed to establish a new connection: [Errno -3] Temporary failure in name resolution'))
2026-08-01 00:22:30,868 | WARNING | Download failed: https://upload.wikimedia.org/wikipedia/commons/5/54/Kiefer_Sutherland_%2854236404161%29.jpg | 429 Client Error: Too many requests - please contact noc@wikimedia.org to discuss a less disruptive approach or instead use thumbnail images in sizes listed on https://w.wiki/GHai. (0c640b1) for url: https://upload.wikimedia.org/wikipedia/commons/5/54/Kiefer_Sutherland_%2854236404161%29.jpg
2026-08-01 00:22:31,569 | WARNING | Download failed: https://lookaside.fbsbx.com/lookaside/crawler/instagram/DRaIVawjZde/0/image.jpg | cannot identify image file <_io.BytesIO object at 0x701bb8b69c70>
2026-08-01 00:22:32,913 | WARNING | Download failed: https://www.alainelkanninterviews.com/wp-content/uploads/2018/01/1794-KST-600x640.jpg | 403 Client Error: Forbidden for url: https://www.alainelkanninterviews.com/wp-content/uploads/2018/01/1794-KST-600x640.jpg
2026-08-01 00:22:33,526 | WARNING | Download failed: https://upload.wikimedia.org/wikipedia/commons/d/db/Kurt_Russell_by_Gage_Skidmore_2.jpg | 429 Client Error: Too many requests - please contact noc@wikimedia.org to discuss a less disruptive approach or instead use thumbnail images in sizes listed on https://w.wiki/GHai. (0c640b1) for url: https://upload.wikimedia.org/wikipedia/commons/d/db/Kurt_Russell_by_Gage_Skidmore_2.jpg
2026-08-01 00:22:34,145 | WARNING | Download failed: https://upload.wikimedia.org/wikipedia/commons/0/08/149th_Preakness_%2853731145142%29_%28cropped%29.jpg | 429 Client Error: Too many requests - please contact noc@wikimedia.org to discuss a less disruptive approach or instead use thumbnail images in sizes listed on https://w.wiki/GHai. (0c640b1) for url: https://upload.wikimedia.org/wikipedia/commons/0/08/149th_Preakness_%2853731145142%29_%28cropped%29.jpg
2026-08-01 00:22:34,801 | WARNING | Download failed: https://lookaside.fbsbx.com/lookaside/crawler/threads/DErzr4YxENP/0/image.jpg | cannot identify image file <_io.BytesIO object at 0x701bb8b69c70>
2026-08-01 00:22:35,452 | WARNING | Download failed: https://lookaside.fbsbx.com/lookaside/crawler/threads/DadSEzEjHfn/1/image.jpg | cannot identify image file <_io.BytesIO object at 0x701ba8591950>
2026-08-01 00:22:36,087 | WARNING | Download failed: https://upload.wikimedia.org/wikipedia/commons/e/ee/2021%E2%80%9322_WBBL_PS_v_AS_21-10-30_Wolvaardt_%2801%29.jpg | 429 Client Error: Too many requests - please contact noc@wikimedia.org to discuss a less disruptive approach or instead use thumbnail images in sizes listed on https://w.wiki/GHai. (0c640b1) for url: https://upload.wikimedia.org/wikipedia/commons/e/ee/2021%E2%80%9322_WBBL_PS_v_AS_21-10-30_Wolvaardt_%2801%29.jpg
2026-08-01 00:22:52,108 | WARNING | Download failed: https://cdn.nba.com/manage/2026/07/lebron5.jpg | HTTPSConnectionPool(host='cdn.nba.com', port=443): Read timed out. (read timeout=15)
2026-08-01 00:22:52,765 | WARNING | Download failed: https://lookaside.fbsbx.com/lookaside/crawler/instagram/actorleeminho/profile_pic.jpg | cannot identify image file <_io.BytesIO object at 0x701bab678bd0>
2026-08-01 00:22:53,426 | WARNING | Download failed: https://lookaside.fbsbx.com/lookaside/crawler/instagram/DMOkrE-NEt_/0/image.jpg | cannot identify image file <_io.BytesIO object at 0x701bb8b69c70>
2026-08-01 00:22:54,049 | WARNING | Download failed: https://upload.wikimedia.org/wikipedia/commons/b/bc/Lindsay_Lohan_by_Gage_Skidmore.jpg | 429 Client Error: Too many requests - please contact noc@wikimedia.org to discuss a less disruptive approach or instead use thumbnail images in sizes listed on https://w.wiki/GHai. (0c640b1) for url: https://upload.wikimedia.org/wikipedia/commons/b/bc/Lindsay_Lohan_by_Gage_Skidmore.jpg
2026-08-01 00:22:54,738 | WARNING | Download failed: https://lookaside.fbsbx.com/lookaside/crawler/instagram/linkneal/profile_pic.jpg | cannot identify image file <_io.BytesIO object at 0x701c29af4c20>
2026-08-01 00:22:55,386 | WARNING | Download failed: https://lookaside.fbsbx.com/lookaside/crawler/instagram/livvydunne/profile_pic.jpg | cannot identify image file <_io.BytesIO object at 0x701ba84ca8b0>
2026-08-01 00:22:56,032 | WARNING | Download failed: https://lookaside.fbsbx.com/lookaside/crawler/instagram/C9Tb4jVP-kC/0/image.jpg | cannot identify image file <_io.BytesIO object at 0x701c29af4c20>
2026-08-01 00:23:12,029 | WARNING | Download failed: https://img.fcbayern.com/image/upload/f_auto/q_auto/ar_1:1,c_fill,g_custom,w_768/v1785247487/cms/public/images/fcbayern-com/players/spielerportraits/teaser/luis-diaz.png | HTTPSConnectionPool(host='img.fcbayern.com', port=443): Read timed out. (read timeout=15)
2026-08-01 00:23:13,203 | WARNING | Download failed: https://c.ndtvimg.com/2024-04/jkfgj558_rahul-gandhi-fake-audio-clip_625x300_29_April_24.jpg | 403 Client Error: Forbidden for url: https://c.ndtvimg.com/2024-04/jkfgj558_rahul-gandhi-fake-audio-clip_625x300_29_April_24.jpg
2026-08-01 00:23:13,959 | WARNING | Download failed: https://c.ndtvimg.com/2025-01/1gmglqgo_indira_625x300_25_January_25.jpeg?im=FitAndFill,algorithm=dnn,width=1200,height=738 | 403 Client Error: Forbidden for url: https://c.ndtvimg.com/2025-01/1gmglqgo_indira_625x300_25_January_25.jpeg?im=FitAndFill,algorithm=dnn,width=1200,height=738
2026-08-01 00:23:14,682 | WARNING | Download failed: https://c.ndtvimg.com/2024-04/jkfgj558_rahul-gandhi-fake-audio-clip_625x300_29_April_24.jpg?im=FeatureCrop,algorithm=dnn,width=1600,height=900 | 403 Client Error: Forbidden for url: https://c.ndtvimg.com/2024-04/jkfgj558_rahul-gandhi-fake-audio-clip_625x300_29_April_24.jpg?im=FeatureCrop,algorithm=dnn,width=1600,height=900
2026-08-01 00:23:16,493 | WARNING | Download failed: https://c107833-mcdn.mp.lura.live/expiretime=2082787200/1f15f35dd754ae9a20e098584cd5cce9fd2f88e9f3a989805932c09685bb3467/iupl/351/3AA/3513AAE8104D0B155A85E7F51F0F3893.jpg | 502 Server Error: Bad Gateway for url: https://c107833-mcdn.mp.lura.live/expiretime=2082787200/1f15f35dd754ae9a20e098584cd5cce9fd2f88e9f3a989805932c09685bb3467/iupl/351/3AA/3513AAE8104D0B155A85E7F51F0F3893.jpg
2026-08-01 00:23:17,119 | WARNING | Download failed: https://upload.wikimedia.org/wikipedia/commons/8/85/Nobel_Peace_Prize_2025_-_Mar%C3%ADa_Corina_Machado_press_conference_%283x4_cropped%29.jpg | 429 Client Error: Too many requests - please contact noc@wikimedia.org to discuss a less disruptive approach or instead use thumbnail images in sizes listed on https://w.wiki/GHai. (0c640b1) for url: https://upload.wikimedia.org/wikipedia/commons/8/85/Nobel_Peace_Prize_2025_-_Mar%C3%ADa_Corina_Machado_press_conference_%283x4_cropped%29.jpg
2026-08-01 00:23:18,306 | WARNING | Download failed: https://lookaside.fbsbx.com/lookaside/crawler/instagram/DV_G3H3jI2u/0/image.jpg | cannot identify image file <_io.BytesIO object at 0x701c29af4c20>
2026-08-01 00:23:18,988 | WARNING | Download failed: https://lookaside.fbsbx.com/lookaside/crawler/instagram/DV_HYJ-jDnC/0/image.jpg | cannot identify image file <_io.BytesIO object at 0x701bb7d273b0>
2026-08-01 00:23:28,786 | WARNING | Download failed: https://cdn.adamlevin.com/wp-content/uploads/2020/11/deepfake-zuck.png | 403 Client Error: Forbidden for url: https://cdn.adamlevin.com/wp-content/uploads/2020/11/deepfake-zuck.png
2026-08-01 00:23:29,457 | WARNING | Download failed: https://upload.wikimedia.org/wikipedia/commons/c/c2/Marques_Brownlee_cropped.jpg | 429 Client Error: Too many requests - please contact noc@wikimedia.org to discuss a less disruptive approach or instead use thumbnail images in sizes listed on https://w.wiki/GHai. (0c640b1) for url: https://upload.wikimedia.org/wikipedia/commons/c/c2/Marques_Brownlee_cropped.jpg
2026-08-01 00:23:30,085 | WARNING | Download failed: https://upload.wikimedia.org/wikipedia/commons/a/a5/Martin_Lewis_in_2017_%28cropped%29.jpg | 429 Client Error: Too many requests - please contact noc@wikimedia.org to discuss a less disruptive approach or instead use thumbnail images in sizes listed on https://w.wiki/GHai. (0c640b1) for url: https://upload.wikimedia.org/wikipedia/commons/a/a5/Martin_Lewis_in_2017_%28cropped%29.jpg
2026-08-01 00:23:35,064 | WARNING | Download failed: https://www.paragonbank.co.uk/resources/blogimages/2751/deepfake.jpg | 403 Client Error: Forbidden for url: https://www.paragonbank.co.uk/resources/blogimages/2751/deepfake.jpg
2026-08-01 00:23:40,123 | WARNING | Download failed: https://www.entrust.com/sites/default/files/2025-03/what-are-deepfakes-blog-header-1502x800.png | 403 Client Error: Forbidden for url: https://www.entrust.com/sites/default/files/2025-03/what-are-deepfakes-blog-header-1502x800.png
2026-08-01 00:23:45,658 | WARNING | Download failed: https://journals.sagepub.com/cms/10.1177/27523543251371153/asset/875ffe02-fa4e-4dbe-af90-dafb062de16b/assets/images/large/10.1177_27523543251371153-fig3.jpg | 403 Client Error: Forbidden for url: https://journals.sagepub.com/cms/10.1177/27523543251371153/asset/875ffe02-fa4e-4dbe-af90-dafb062de16b/assets/images/large/10.1177_27523543251371153-fig3.jpg
2026-08-01 00:23:46,328 | WARNING | Download failed: https://lookaside.fbsbx.com/lookaside/crawler/threads/DZ8IDBtEkK4/0/image.jpg | cannot identify image file <_io.BytesIO object at 0x701bab664e00>
2026-08-01 00:23:47,013 | WARNING | Download failed: https://i.ytimg.com/vi/ZsiMWpjSdnw/maxresdefault.jpg | 404 Client Error: Not Found for url: https://i.ytimg.com/vi/ZsiMWpjSdnw/maxresdefault.jpg
2026-08-01 00:23:47,631 | WARNING | Download failed: https://upload.wikimedia.org/wikipedia/commons/c/c6/Michael_Nyqvist_2016.jpg | 429 Client Error: Too many requests - please contact noc@wikimedia.org to discuss a less disruptive approach or instead use thumbnail images in sizes listed on https://w.wiki/GHai. (0c640b1) for url: https://upload.wikimedia.org/wikipedia/commons/c/c6/Michael_Nyqvist_2016.jpg
2026-08-01 00:23:48,242 | WARNING | Download failed: https://upload.wikimedia.org/wikipedia/commons/6/68/Michelle_Yeoh-2268.jpg | 429 Client Error: Too many requests - please contact noc@wikimedia.org to discuss a less disruptive approach or instead use thumbnail images in sizes listed on https://w.wiki/GHai. (0c640b1) for url: https://upload.wikimedia.org/wikipedia/commons/6/68/Michelle_Yeoh-2268.jpg
2026-08-01 00:23:48,870 | WARNING | Download failed: https://upload.wikimedia.org/wikipedia/commons/c/c8/Miles_Teller_TIFF_2025_%283x4_cropped%29.png | 429 Client Error: Too many requests - please contact noc@wikimedia.org to discuss a less disruptive approach or instead use thumbnail images in sizes listed on https://w.wiki/GHai. (0c640b1) for url: https://upload.wikimedia.org/wikipedia/commons/c/c8/Miles_Teller_TIFF_2025_%283x4_cropped%29.png
2026-08-01 00:23:56,464 | WARNING | Download failed: https://www.newarab.com/sites/default/files/2023-09/Screenshot%202023-09-22%20150852.jpg | 403 Client Error: Forbidden for url: https://www.newarab.com/sites/default/files/2023-09/Screenshot%202023-09-22%20150852.jpg
2026-08-01 00:24:01,153 | WARNING | Download failed: https://www.researchgate.net/publication/373684933/figure/fig2/AS:11431281226577379@1709263688701/Examples-of-real-and-DeepFake-manipulation-from-Celeb-df-dataset-26_Q320.jpg | 403 Client Error: Forbidden for url: https://www.researchgate.net/publication/373684933/figure/fig2/AS:11431281226577379@1709263688701/Examples-of-real-and-DeepFake-manipulation-from-Celeb-df-dataset-26_Q320.jpg
2026-08-01 00:24:02,266 | WARNING | Download failed: https://www.mdpi.com/mathematics/mathematics-10-00004/article_deploy/html/images/mathematics-10-00004-g010.png | 403 Client Error: Forbidden for url: https://www.mdpi.com/mathematics/mathematics-10-00004/article_deploy/html/images/mathematics-10-00004-g010.png
2026-08-01 00:24:18,051 | WARNING | Download failed: https://www.mcafee.com/blogs/wp-content/uploads/2025/02/1000x563_Blog_Protect-Yourself-Deepfake-Scams.png | HTTPSConnectionPool(host='www.mcafee.com', port=443): Read timed out. (read timeout=15)
2026-08-01 00:24:18,972 | WARNING | Download failed: https://vogueadria.com/wp-content/uploads/2026/01/MonICA-Bellucci-film-malena-mobile.jpg | 403 Client Error: Forbidden for url: https://vogueadria.com/wp-content/uploads/2026/01/MonICA-Bellucci-film-malena-mobile.jpg
2026-08-01 00:24:19,575 | WARNING | Download failed: https://adultdeepfakes.com/contents/videos_screenshots/24000/24739/preview_720p.mp4.jpg | ('Connection aborted.', ConnectionResetError(104, 'Connection reset by peer'))
2026-08-01 00:24:20,299 | WARNING | Download failed: https://lookaside.fbsbx.com/lookaside/crawler/instagram/DZ5MGXCPbGS/0/image.jpg | cannot identify image file <_io.BytesIO object at 0x701bab678bd0>
2026-08-01 00:24:20,961 | WARNING | Download failed: https://lookaside.fbsbx.com/lookaside/crawler/instagram/DYt-jRrhNW7/0/image.jpg | cannot identify image file <_io.BytesIO object at 0x701c29af4c20>
2026-08-01 00:24:25,837 | WARNING | Download failed: https://dl.acm.org/cms/10.1145/3772318.3793208/asset/653c585e-4acf-4396-ad3f-9fcff0ef3bec/assets/images/medium/chi26-1700-fig3.jpg | 403 Client Error: Forbidden for url: https://dl.acm.org/cms/10.1145/3772318.3793208/asset/653c585e-4acf-4396-ad3f-9fcff0ef3bec/assets/images/medium/chi26-1700-fig3.jpg
2026-08-01 00:24:26,234 | WARNING | Download failed: https://dl.acm.org/cms/10.1145/3772318.3793208/asset/96c90a56-eb69-48cf-bb9e-cc465bc7aaa4/assets/images/medium/chi26-1700-fig1.jpg | 403 Client Error: Forbidden for url: https://dl.acm.org/cms/10.1145/3772318.3793208/asset/96c90a56-eb69-48cf-bb9e-cc465bc7aaa4/assets/images/medium/chi26-1700-fig1.jpg
2026-08-01 00:24:26,645 | WARNING | Download failed: https://www.researchgate.net/publication/353071322/figure/fig1/AS:1043187820929024@1625726766583/Examples-of-synthetic-faces-from-our-Normalized-Face-Dataset.png | 403 Client Error: Forbidden for url: https://www.researchgate.net/publication/353071322/figure/fig1/AS:1043187820929024@1625726766583/Examples-of-synthetic-faces-from-our-Normalized-Face-Dataset.png
2026-08-01 00:24:27,055 | WARNING | Download failed: https://www.researchgate.net/publication/336317420/figure/fig4/AS:811574356885517@1570505813832/Examples-of-synthetic-face-images-generated-from-the-reference-still-ROI-of-individuals.png | 403 Client Error: Forbidden for url: https://www.researchgate.net/publication/336317420/figure/fig4/AS:811574356885517@1570505813832/Examples-of-synthetic-face-images-generated-from-the-reference-still-ROI-of-individuals.png
2026-08-01 00:24:27,457 | WARNING | Download failed: https://www.researchgate.net/publication/323509990/figure/fig2/AS:667649235247112@1536191390602/Reconstruction-results-obtained-on-synthetic-dense-face-dataset-face-sequence-4-Top.png | 403 Client Error: Forbidden for url: https://www.researchgate.net/publication/323509990/figure/fig2/AS:667649235247112@1536191390602/Reconstruction-results-obtained-on-synthetic-dense-face-dataset-face-sequence-4-Top.png
2026-08-01 00:24:28,095 | WARNING | Download failed: https://www.livemint.com/lm-img/img/2025/09/13/960x540/sonam_bajwa_1757727155579_1757727178788.jpg | ('Connection aborted.', ConnectionResetError(104, 'Connection reset by peer'))
2026-08-01 00:24:29,268 | WARNING | Download failed: https://factcheck.afp.com/sites/default/files/medias/factchecking/g2/2026-07/261f1fb2d870ab7263cbe0a2fd452a50-en.jpeg | 403 Client Error: Forbidden for url: https://factcheck.afp.com/sites/default/files/medias/factchecking/g2/2026-07/261f1fb2d870ab7263cbe0a2fd452a50-en.jpeg
2026-08-01 00:24:29,930 | WARNING | Download failed: https://factcheck.afp.com/sites/default/files/styles/image_in_article/public/medias/factchecking/g2/2026-07/296044466045686546e6be9a8bb14150-en.jpeg?itok=YhUbSQTy | 403 Client Error: Forbidden for url: https://factcheck.afp.com/sites/default/files/styles/image_in_article/public/medias/factchecking/g2/2026-07/296044466045686546e6be9a8bb14150-en.jpeg?itok=YhUbSQTy
2026-08-01 00:24:30,612 | WARNING | Download failed: https://lookaside.fbsbx.com/lookaside/crawler/instagram/olgaloiek/profile_pic.jpg | cannot identify image file <_io.BytesIO object at 0x701c29af4c20>
2026-08-01 00:24:31,262 | WARNING | Download failed: https://lookaside.fbsbx.com/lookaside/crawler/threads/olgaloiek/profile_pic.jpg | cannot identify image file <_io.BytesIO object at 0x701bab678bd0>
2026-08-01 00:24:32,287 | WARNING | Download failed: https://c.ndtvimg.com/2024-03/7h1cou4g_ukrainian-youtuber-olga-loiek_625x300_06_March_24.jpeg?im=FeatureCrop,algorithm=dnn,width=400,height=225&q=70 | 403 Client Error: Forbidden for url: https://c.ndtvimg.com/2024-03/7h1cou4g_ukrainian-youtuber-olga-loiek_625x300_06_March_24.jpeg?im=FeatureCrop,algorithm=dnn,width=400,height=225&q=70
2026-08-01 00:24:32,927 | WARNING | Download failed: https://c.ndtvimg.com/2024-03/7h1cou4g_ukrainian-youtuber-olga-loiek_625x300_06_March_24.jpeg | 403 Client Error: Forbidden for url: https://c.ndtvimg.com/2024-03/7h1cou4g_ukrainian-youtuber-olga-loiek_625x300_06_March_24.jpeg
2026-08-01 00:24:33,567 | WARNING | Download failed: https://lookaside.fbsbx.com/lookaside/crawler/threads/DTVv0fWj-Mm/0/image.jpg | cannot identify image file <_io.BytesIO object at 0x701bab6f0f90>
2026-08-01 00:24:34,229 | WARNING | Download failed: https://lookaside.fbsbx.com/lookaside/crawler/instagram/DWZMZJxAg77/0/image.jpg | cannot identify image file <_io.BytesIO object at 0x701ba84ca6d0>
2026-08-01 00:24:34,888 | WARNING | Download failed: https://lookaside.fbsbx.com/lookaside/crawler/instagram/DWCV25MjBsa/0/image.jpg | cannot identify image file <_io.BytesIO object at 0x701bab678bd0>
2026-08-01 00:24:35,919 | WARNING | Download failed: https://upload.wikimedia.org/wikipedia/commons/6/6d/Pedro_Pascal_at_the_2025_Cannes_Film_Festival_04.jpg | 429 Client Error: Too many requests - please contact noc@wikimedia.org to discuss a less disruptive approach or instead use thumbnail images in sizes listed on https://w.wiki/GHai. (0c640b1) for url: https://upload.wikimedia.org/wikipedia/commons/6/6d/Pedro_Pascal_at_the_2025_Cannes_Film_Festival_04.jpg
2026-08-01 00:24:36,531 | WARNING | Download failed: https://upload.wikimedia.org/wikipedia/commons/4/4b/2_02_Phil_Salt.jpg | 429 Client Error: Too many requests - please contact noc@wikimedia.org to discuss a less disruptive approach or instead use thumbnail images in sizes listed on https://w.wiki/GHai. (0c640b1) for url: https://upload.wikimedia.org/wikipedia/commons/4/4b/2_02_Phil_Salt.jpg
2026-08-01 00:24:37,982 | WARNING | Download failed: https://www.researchgate.net/profile/Arnold-Abukari/publication/375695350/figure/fig1/AS:11431281205241176@1700189222615/AI-generated-image-of-Pope-Francis-Schoenherr-33_Q320.jpg | 403 Client Error: Forbidden for url: https://www.researchgate.net/profile/Arnold-Abukari/publication/375695350/figure/fig1/AS:11431281205241176@1700189222615/AI-generated-image-of-Pope-Francis-Schoenherr-33_Q320.jpg
2026-08-01 00:24:38,636 | WARNING | Download failed: https://lookaside.fbsbx.com/lookaside/crawler/instagram/rhettmc/profile_pic.jpg | cannot identify image file <_io.BytesIO object at 0x701ba84ca6d0>
2026-08-01 00:24:39,252 | WARNING | Download failed: https://upload.wikimedia.org/wikipedia/commons/6/6d/Robert_Englund_at_Comiccon_Brussels_2023_%2853039678100%29_%28cropped%29.jpg | 429 Client Error: Too many requests - please contact noc@wikimedia.org to discuss a less disruptive approach or instead use thumbnail images in sizes listed on https://w.wiki/GHai. (0c640b1) for url: https://upload.wikimedia.org/wikipedia/commons/6/6d/Robert_Englund_at_Comiccon_Brussels_2023_%2853039678100%29_%28cropped%29.jpg
2026-08-01 00:24:39,657 | WARNING | Download failed: https://www.researchgate.net/profile/Petteri-Alahuhta/publication/236590142/figure/fig2/AS:654733031256067@1533111927322/Rogers-diffusion-model-Adopted-from-Rogers-2003-and-Moore-1995.png | 403 Client Error: Forbidden for url: https://www.researchgate.net/profile/Petteri-Alahuhta/publication/236590142/figure/fig2/AS:654733031256067@1533111927322/Rogers-diffusion-model-Adopted-from-Rogers-2003-and-Moore-1995.png
2026-08-01 00:24:40,306 | WARNING | Download failed: https://lookaside.fbsbx.com/lookaside/crawler/threads/DU5wda6DFNk/0/image.jpg | cannot identify image file <_io.BytesIO object at 0x701bb8a5e950>
2026-08-01 00:24:50,654 | WARNING | Download failed: https://www.europol.europa.eu/cms/sites/default/files/styles/700x/public/images/Facing%20Reality%20Reprt%20Cover.PNG?itok=cAnpAAvu | HTTPSConnectionPool(host='www.europol.europa.eu', port=443): Max retries exceeded with url: /cms/sites/default/files/styles/700x/public/images/Facing%20Reality%20Reprt%20Cover.PNG?itok=cAnpAAvu (Caused by NewConnectionError('<urllib3.connection.HTTPSConnection object at 0x701bb8b549d0>: Failed to establish a new connection: [Errno -3] Temporary failure in name resolution'))
2026-08-01 00:24:51,277 | WARNING | Download failed: https://upload.wikimedia.org/wikipedia/commons/a/a7/Russell_Crowe_on_the_Green_Carpet_at_the_2025_Zurich_Film_Festival_06_%28cropped%29.jpg | 429 Client Error: Too many requests - please contact noc@wikimedia.org to discuss a less disruptive approach or instead use thumbnail images in sizes listed on https://w.wiki/GHai. (0c640b1) for url: https://upload.wikimedia.org/wikipedia/commons/a/a7/Russell_Crowe_on_the_Green_Carpet_at_the_2025_Zurich_Film_Festival_06_%28cropped%29.jpg
2026-08-01 00:25:02,749 | WARNING | Download failed: https://upload.wikimedia.org/wikipedia/commons/8/8a/Sam_Rockwell-3953.jpg | 429 Client Error: Too many requests - please contact noc@wikimedia.org to discuss a less disruptive approach or instead use thumbnail images in sizes listed on https://w.wiki/GHai. (0c640b1) for url: https://upload.wikimedia.org/wikipedia/commons/8/8a/Sam_Rockwell-3953.jpg
2026-08-01 00:25:03,407 | WARNING | Download failed: https://lookaside.fbsbx.com/lookaside/crawler/instagram/DWMXz1qgHer/0/image.jpg | cannot identify image file <_io.BytesIO object at 0x701bab678bd0>
2026-08-01 00:25:04,086 | WARNING | Download failed: https://lookaside.fbsbx.com/lookaside/crawler/instagram/DWWzCvoE8XV/0/image.jpg | cannot identify image file <_io.BytesIO object at 0x701c29af4c20>
2026-08-01 00:25:04,755 | WARNING | Download failed: https://lookaside.fbsbx.com/lookaside/crawler/instagram/DVe7yt6kQgh/0/image.jpg | cannot identify image file <_io.BytesIO object at 0x701bab6f0f90>
2026-08-01 00:25:05,396 | WARNING | Download failed: https://lookaside.fbsbx.com/lookaside/crawler/instagram/DXdCgHmk6H9/0/image.jpg | cannot identify image file <_io.BytesIO object at 0x701bab678bd0>
2026-08-01 00:25:06,058 | WARNING | Download failed: https://lookaside.fbsbx.com/lookaside/crawler/instagram/Da27etLuPhR/0/image.jpg | cannot identify image file <_io.BytesIO object at 0x701bab6f0f90>
2026-08-01 00:25:06,705 | WARNING | Download failed: https://lookaside.fbsbx.com/lookaside/crawler/instagram/shreyaghoshal/profile_pic.jpg | cannot identify image file <_io.BytesIO object at 0x701bab678bd0>
2026-08-01 00:25:07,712 | WARNING | Download failed: https://c.ndtvimg.com/2026-03/mf8tcrak_radiologists_625x300_27_March_26.png?im=FeatureCrop,algorithm=dnn,width=1200,height=738 | 403 Client Error: Forbidden for url: https://c.ndtvimg.com/2026-03/mf8tcrak_radiologists_625x300_27_March_26.png?im=FeatureCrop,algorithm=dnn,width=1200,height=738
2026-08-01 00:25:08,631 | WARNING | Download failed: https://www.newsmobile.in/wp-content/uploads/2025/07/Screenshot-2025-07-16-130254.png | cannot identify image file <_io.BytesIO object at 0x701bab678bd0>
2026-08-01 00:25:09,257 | WARNING | Download failed: https://www.thestatesman.com/wp-content/uploads/2023/11/Deepfake-image-of-Sara-Tendulkar.jpg | ('Connection aborted.', ConnectionResetError(104, 'Connection reset by peer'))
2026-08-01 00:25:10,153 | WARNING | Download failed: https://www.newsmobile.in/wp-content/uploads/2025/04/Screenshot-2025-04-09-at-4.31.57-PM.png | cannot identify image file <_io.BytesIO object at 0x701c29af4c20>
2026-08-01 00:25:10,815 | WARNING | Download failed: https://lookaside.fbsbx.com/lookaside/crawler/instagram/DS-DZoFjVM4/0/image.jpg | cannot identify image file <_io.BytesIO object at 0x701bab678bd0>
2026-08-01 00:25:11,260 | WARNING | Download failed: https://www.midjourney.com/public/assets/images/homepage/face.png | 403 Client Error: Forbidden for url: https://www.midjourney.com/public/assets/images/homepage/face.png
2026-08-01 00:25:11,906 | WARNING | Download failed: https://lookaside.fbsbx.com/lookaside/crawler/threads/DWtOMIqjbq9/1/image.jpg | cannot identify image file <_io.BytesIO object at 0x701bab678bd0>
2026-08-01 00:25:12,850 | WARNING | Download failed: https://www.newsmobile.in/wp-content/uploads/2025/09/Screenshot-2025-09-17-at-11.06.26-AM.png | cannot identify image file <_io.BytesIO object at 0x701bb8a80ae0>
2026-08-01 00:25:13,505 | WARNING | Download failed: https://lookaside.fbsbx.com/lookaside/crawler/threads/DYRc4D2kxDt/0/image.jpg | cannot identify image file <_io.BytesIO object at 0x701c29af4c20>
2026-08-01 00:25:14,426 | WARNING | Download failed: https://www.newsmobile.in/wp-content/uploads/2025/08/Screenshot-2025-08-26-at-10.03.17-AM.png | cannot identify image file <_io.BytesIO object at 0x701bab678bd0>
2026-08-01 00:25:15,152 | WARNING | Download failed: https://assets.misbar.com/inline-images/5f615fac61_screenshot-2025-09-02-152051.png | 403 Client Error: Forbidden for url: https://assets.misbar.com/inline-images/5f615fac61_screenshot-2025-09-02-152051.png
2026-08-01 00:25:15,607 | WARNING | Download failed: https://assets.misbar.com/inline-images/24c94278fc_screenshot-2025-09-02-150305.png | 403 Client Error: Forbidden for url: https://assets.misbar.com/inline-images/24c94278fc_screenshot-2025-09-02-150305.png
2026-08-01 00:25:16,153 | WARNING | Download failed: https://assets.misbar.com/inline-images/9c012d6b5c_image.png | 403 Client Error: Forbidden for url: https://assets.misbar.com/inline-images/9c012d6b5c_image.png
2026-08-01 00:25:31,988 | WARNING | Download failed: https://i.cbc.ca/ais/1.7113865,1717104168281/full/max/0/default.jpg?im=Crop%2Crect%3D%280%2C0%2C3000%2C1687%29%3B | HTTPSConnectionPool(host='i.cbc.ca', port=443): Read timed out. (read timeout=15)
2026-08-01 00:25:47,650 | WARNING | Download failed: https://i.cbc.ca/ais/1.7036070,1700668264000/full/max/0/default.jpg?im=Crop%2Crect%3D%280%2C0%2C3839%2C2159%29%3B | HTTPSConnectionPool(host='i.cbc.ca', port=443): Read timed out. (read timeout=15)
2026-08-01 00:25:48,090 | WARNING | Download failed: https://journals.sagepub.com/cms/10.1177/13548565211030185/asset/d9900c9a-b2a1-4a36-bc26-d727d34bdb14/assets/images/large/10.1177_13548565211030185-fig4.jpg | 403 Client Error: Forbidden for url: https://journals.sagepub.com/cms/10.1177/13548565211030185/asset/d9900c9a-b2a1-4a36-bc26-d727d34bdb14/assets/images/large/10.1177_13548565211030185-fig4.jpg
2026-08-01 00:26:05,881 | WARNING | Download failed: https://www.mcafee.com/learn/wp-content/uploads/2026/07/deepfake-600x573.png | HTTPSConnectionPool(host='www.mcafee.com', port=443): Read timed out. (read timeout=15)
2026-08-01 00:26:21,511 | WARNING | Download failed: https://www.mcafee.com/learn/wp-content/uploads/2026/07/generative-ai-600x528.png | HTTPSConnectionPool(host='www.mcafee.com', port=443): Read timed out. (read timeout=15)
2026-08-01 00:26:41,198 | WARNING | Download failed: https://www.cbc.ca/kidsnews/images/AI_Literacy_sitecard.png | HTTPSConnectionPool(host='www.cbc.ca', port=443): Read timed out. (read timeout=15)
2026-08-01 00:26:41,890 | WARNING | Download failed: https://lookaside.fbsbx.com/lookaside/crawler/instagram/DNuUpvl3iPD/0/image.jpg | cannot identify image file <_io.BytesIO object at 0x701bb8a5bf40>
2026-08-01 00:26:42,537 | WARNING | Download failed: https://lookaside.fbsbx.com/lookaside/crawler/instagram/DRPjYTMjIfU/0/image.jpg | cannot identify image file <_io.BytesIO object at 0x701bab664e00>
2026-08-01 00:26:42,948 | WARNING | Download failed: https://www.researchgate.net/publication/371832991/figure/fig1/AS:11431281216903460@1704942762522/Deepfake-image-of-Russian-President-Vladimir-Putin-The-left-image-is-fake-whereas-the.png | 403 Client Error: Forbidden for url: https://www.researchgate.net/publication/371832991/figure/fig1/AS:11431281216903460@1704942762522/Deepfake-image-of-Russian-President-Vladimir-Putin-The-left-image-is-fake-whereas-the.png
2026-08-01 00:26:43,569 | WARNING | Download failed: https://upload.wikimedia.org/wikipedia/commons/5/5a/Walter_Matthau_-_1952.jpg | 429 Client Error: Too many requests - please contact noc@wikimedia.org to discuss a less disruptive approach or instead use thumbnail images in sizes listed on https://w.wiki/GHai. (0c640b1) for url: https://upload.wikimedia.org/wikipedia/commons/5/5a/Walter_Matthau_-_1952.jpg
2026-08-01 00:26:43,968 | WARNING | Download failed: https://www.researchgate.net/publication/387949189/figure/fig5/AS:11431281303010520@1736697339096/Deepfake-of-Will-Smith-in-the-Gemini-Man-film-Source-FT-2019.png | 403 Client Error: Forbidden for url: https://www.researchgate.net/publication/387949189/figure/fig5/AS:11431281303010520@1736697339096/Deepfake-of-Will-Smith-in-the-Gemini-Man-film-Source-FT-2019.png
2026-08-01 00:26:44,374 | WARNING | Download failed: https://www.researchgate.net/profile/Joan-Miquel-Verges-2/publication/387949189/figure/fig5/AS:11431281303010520@1736697339096/Deepfake-of-Will-Smith-in-the-Gemini-Man-film-Source-FT-2019.png | 403 Client Error: Forbidden for url: https://www.researchgate.net/profile/Joan-Miquel-Verges-2/publication/387949189/figure/fig5/AS:11431281303010520@1736697339096/Deepfake-of-Will-Smith-in-the-Gemini-Man-film-Source-FT-2019.png
2026-08-01 00:28:05,180 | WARNING | Download failed: https://www.koimoi.com/wp-content/new-galleries/2023/08/anne-hathaway-cracking-a-sxual-joke-in-this-deepfake-video-clip-leaves-netizens-convinced-its-real-making-them-say-it-is-scary-as-hell-watch.jpg | 403 Client Error: Forbidden for url: https://www.koimoi.com/wp-content/new-galleries/2023/08/anne-hathaway-cracking-a-sxual-joke-in-this-deepfake-video-clip-leaves-netizens-convinced-its-real-making-them-say-it-is-scary-as-hell-watch.jpg
2026-08-01 00:28:11,449 | WARNING | Download failed: https://lookaside.fbsbx.com/lookaside/crawler/instagram/DN6KjTKj6qh/0/image.jpg | cannot identify image file <_io.BytesIO object at 0x701ba84ca6d0>
2026-08-01 00:28:12,201 | WARNING | Download failed: https://lookaside.fbsbx.com/lookaside/crawler/instagram/DMXhumuIf1l/0/image.jpg | cannot identify image file <_io.BytesIO object at 0x701bb7d273b0>
2026-08-01 00:28:15,088 | WARNING | Download failed: https://upload.wikimedia.org/wikipedia/commons/2/2d/Angela_Merkel_Juli_2010_-_3zu4.jpg | 429 Client Error: Too many requests - please contact noc@wikimedia.org to discuss a less disruptive approach or instead use thumbnail images in sizes listed on https://w.wiki/GHai. (0c640b1) for url: https://upload.wikimedia.org/wikipedia/commons/2/2d/Angela_Merkel_Juli_2010_-_3zu4.jpg
2026-08-01 00:28:25,374 | WARNING | Download failed: https://c.ndtvimg.com/2023-03/098r38v8_artist-julian-al-art-posted-aigenerated-images-of-the-former-politicians-_625x300_20_March_23.jpg | 403 Client Error: Forbidden for url: https://c.ndtvimg.com/2023-03/098r38v8_artist-julian-al-art-posted-aigenerated-images-of-the-former-politicians-_625x300_20_March_23.jpg
2026-08-01 00:29:09,128 | WARNING | Download failed: https://upload.wikimedia.org/wikipedia/commons/thumb/c/cc/Denzel_Washington_at_the_2025_Cannes_Film_Festival.jpg/960px-Denzel_Washington_at_the_2025_Cannes_Film_Festival.jpg | 429 Client Error: Too Many Requests (015d12c) for url: https://upload.wikimedia.org/wikipedia/commons/thumb/c/cc/Denzel_Washington_at_the_2025_Cannes_Film_Festival.jpg/960px-Denzel_Washington_at_the_2025_Cannes_Film_Festival.jpg
2026-08-01 00:29:42,059 | WARNING | Download failed: https://upload.wikimedia.org/wikipedia/commons/6/66/Dua_Lipa-69798_%28cropped%29.jpg | 429 Client Error: Too many requests - please contact noc@wikimedia.org to discuss a less disruptive approach or instead use thumbnail images in sizes listed on https://w.wiki/GHai. (0c640b1) for url: https://upload.wikimedia.org/wikipedia/commons/6/66/Dua_Lipa-69798_%28cropped%29.jpg
2026-08-01 00:30:00,140 | WARNING | Download failed: https://cdn.iks.edu.mk/wp-content/uploads/2022/10/deep-fake-featured-1024x555.jpg | HTTPSConnectionPool(host='cdn.iks.edu.mk', port=443): Max retries exceeded with url: /wp-content/uploads/2022/10/deep-fake-featured-1024x555.jpg (Caused by NewConnectionError('<urllib3.connection.HTTPSConnection object at 0x701bb8a76d00>: Failed to establish a new connection: [Errno -3] Temporary failure in name resolution'))
2026-08-01 00:30:29,844 | WARNING | Download failed: https://lookaside.fbsbx.com/lookaside/crawler/instagram/C21AlBXrh1G/0/image.jpg | cannot identify image file <_io.BytesIO object at 0x701bb8b4ff90>
2026-08-01 00:30:30,494 | WARNING | Download failed: https://lookaside.fbsbx.com/lookaside/crawler/instagram/DU5i-tZDECv/0/image.jpg | cannot identify image file <_io.BytesIO object at 0x701c29af4c20>
2026-08-01 00:30:39,410 | WARNING | Download failed: https://lookaside.fbsbx.com/lookaside/crawler/instagram/DVqn-7qk3Gl/0/image.jpg | cannot identify image file <_io.BytesIO object at 0x701c54943630>
2026-08-01 00:30:40,098 | WARNING | Download failed: https://lookaside.fbsbx.com/lookaside/crawler/instagram/DWlVBDTjrB_/0/image.jpg | cannot identify image file <_io.BytesIO object at 0x701bb8b4ff90>
2026-08-01 00:30:45,557 | WARNING | Download failed: https://upload.wikimedia.org/wikipedia/commons/4/43/Kriti_Sanon_at_Adipurush_pre_release_event_%282%29_%28cropped%29.jpg | 429 Client Error: Too Many Requests (015d12c) for url: https://upload.wikimedia.org/wikipedia/commons/4/43/Kriti_Sanon_at_Adipurush_pre_release_event_%282%29_%28cropped%29.jpg
2026-08-01 00:30:54,516 | WARNING | Download failed: https://lookaside.fbsbx.com/lookaside/crawler/instagram/DJRO04cNpcG/0/image.jpg | cannot identify image file <_io.BytesIO object at 0x701ba84ca8b0>
2026-08-01 00:31:00,308 | WARNING | Download failed: https://timesofindia.indiatimes.com/photo/msid-107467852/107467852.jpg?resizemode=4 | ('Connection aborted.', ConnectionResetError(104, 'Connection reset by peer'))
2026-08-01 00:31:25,489 | WARNING | Download failed: https://lookaside.fbsbx.com/lookaside/crawler/threads/DErzr4YxENP/2/image.jpg | cannot identify image file <_io.BytesIO object at 0x701bb4c0c9a0>
2026-08-01 00:31:44,510 | WARNING | Download failed: https://cdn-media.butfootballclub.fr/sites/iconsport_278757_0111-scaled.jpg | HTTPSConnectionPool(host='cdn-media.butfootballclub.fr', port=443): Max retries exceeded with url: /sites/iconsport_278757_0111-scaled.jpg (Caused by NewConnectionError('<urllib3.connection.HTTPSConnection object at 0x701bb8a76f10>: Failed to establish a new connection: [Errno -3] Temporary failure in name resolution'))
2026-08-01 00:32:53,383 | WARNING | Download failed: https://cdn.prod.website-files.com/68ca65f64a04c90f13846d71/68ca65f64a04c90f1384710b_Deepfake%20MrBeast%20YouTube%20Ad%20Tricks%20Viewers%20with%20%242%20iPhone%20Scam.jpg | HTTPSConnectionPool(host='cdn.prod.website-files.com', port=443): Max retries exceeded with url: /68ca65f64a04c90f13846d71/68ca65f64a04c90f1384710b_Deepfake%20MrBeast%20YouTube%20Ad%20Tricks%20Viewers%20with%20%242%20iPhone%20Scam.jpg (Caused by NewConnectionError('<urllib3.connection.HTTPSConnection object at 0x701bb8a76610>: Failed to establish a new connection: [Errno -3] Temporary failure in name resolution'))
2026-08-01 00:33:01,329 | WARNING | Download failed: https://c.ndtvimg.com/2023-05/ga01jbng_-the-post-features-mukesh-ambani-mark-zuckerberg-jeff-bezos-and-other-billionaires_625x300_07_May_23.jpg | 403 Client Error: Forbidden for url: https://c.ndtvimg.com/2023-05/ga01jbng_-the-post-features-mukesh-ambani-mark-zuckerberg-jeff-bezos-and-other-billionaires_625x300_07_May_23.jpg
2026-08-01 00:33:30,738 | WARNING | Download failed: https://d3pc1xvrcw35tl.cloudfront.net/ln/images/1200x900/mukesh-ambani-deepfake-_202406759037.jpg | HTTPSConnectionPool(host='d3pc1xvrcw35tl.cloudfront.net', port=443): Max retries exceeded with url: /ln/images/1200x900/mukesh-ambani-deepfake-_202406759037.jpg (Caused by NewConnectionError('<urllib3.connection.HTTPSConnection object at 0x701bb8a76670>: Failed to establish a new connection: [Errno -3] Temporary failure in name resolution'))
2026-08-01 00:33:44,540 | WARNING | Download failed: https://factly.in/wp-content/uploads//2023/04/modi-attire-AI-claim.png | HTTPSConnectionPool(host='factly.in', port=443): Max retries exceeded with url: /wp-content/uploads//2023/04/modi-attire-AI-claim.png (Caused by NewConnectionError('<urllib3.connection.HTTPSConnection object at 0x701bb8a76610>: Failed to establish a new connection: [Errno -3] Temporary failure in name resolution'))
2026-08-01 00:33:58,897 | WARNING | Download failed: https://www.gzeromedia.com/media-library/polymath-synthetic-media-solutions-shows-a-demo-video-to-potential-customers-that-shows-indian-prime-minister-narendra-modi-spea.jpg?id=53780324&width=400&height=261 | HTTPSConnectionPool(host='www.gzeromedia.com', port=443): Max retries exceeded with url: /media-library/polymath-synthetic-media-solutions-shows-a-demo-video-to-potential-customers-that-shows-indian-prime-minister-narendra-modi-spea.jpg?id=53780324&width=400&height=261 (Caused by NewConnectionError('<urllib3.connection.HTTPSConnection object at 0x701bb8a76370>: Failed to establish a new connection: [Errno -3] Temporary failure in name resolution'))
2026-08-01 00:34:01,183 | WARNING | Download failed: https://c.ndtvimg.com/2025-07/lrocpqbg_modi-deepfake_625x300_30_July_25.jpg?im=FeatureCrop,algorithm=dnn,width=1200,height=738 | 403 Client Error: Forbidden for url: https://c.ndtvimg.com/2025-07/lrocpqbg_modi-deepfake_625x300_30_July_25.jpg?im=FeatureCrop,algorithm=dnn,width=1200,height=738
2026-08-01 00:34:04,724 | WARNING | Download failed: https://c.ndtvimg.com/2025-07/lrocpqbg_modi-deepfake_625x300_30_July_25.jpg?im=FaceCrop,algorithm=dnn,width=270,height=300 | 403 Client Error: Forbidden for url: https://c.ndtvimg.com/2025-07/lrocpqbg_modi-deepfake_625x300_30_July_25.jpg?im=FaceCrop,algorithm=dnn,width=270,height=300
2026-08-01 00:34:05,426 | WARNING | Download failed: https://lookaside.fbsbx.com/lookaside/crawler/threads/riyaulann/profile_pic.jpg | cannot identify image file <_io.BytesIO object at 0x701bab6f0db0>
2026-08-01 00:34:06,050 | WARNING | Download failed: https://lookaside.fbsbx.com/lookaside/crawler/threads/DVuc60vE_W1/3/image.jpg | cannot identify image file <_io.BytesIO object at 0x701bab664e00>
2026-08-01 00:34:34,313 | WARNING | Download failed: https://upload.wikimedia.org/wikipedia/commons/7/7c/Sally_Bundock_at_Sustainable_Development_Impact_Summit_2021.png | 429 Client Error: Too Many Requests (015d12c) for url: https://upload.wikimedia.org/wikipedia/commons/7/7c/Sally_Bundock_at_Sustainable_Development_Impact_Summit_2021.png
2026-08-01 00:35:05,712 | WARNING | Download failed: https://www.newsmobile.in/wp-content/uploads/2025/05/Screenshot-2025-05-13-at-10.54.50-AM.png | cannot identify image file <_io.BytesIO object at 0x701ba8591860>
2026-08-01 00:35:23,815 | WARNING | Download failed: https://www.newsmobile.in/wp-content/uploads/2025/05/Screenshot-2025-05-13-at-10.55.04-AM.png | cannot identify image file <_io.BytesIO object at 0x701ba8591950>
2026-08-01 00:35:25,034 | WARNING | Download failed: https://timesofindia.indiatimes.com/photo/msid-107845588/107845588.jpg?resizemode=4 | ('Connection aborted.', ConnectionResetError(104, 'Connection reset by peer'))
2026-08-01 00:35:35,253 | WARNING | Download failed: https://hgtvhome.sndimg.com/content/dam/images/hgtv/unsized/2023/5/folder/RX_YDSF203_FEM_EP-203_Image-52.jpg | 403 Client Error: Forbidden for url: https://hgtvhome.sndimg.com/content/dam/images/hgtv/unsized/2023/5/folder/RX_YDSF203_FEM_EP-203_Image-52.jpg
2026-08-01 00:36:45,283 | WARNING | Download failed: https://townsquare.media/site/812/files/2023/07/attachment-Nicki-Minaj-Tom-Holland-Deep-Fake-Video.jpg?w=1200&format=natural | HTTPSConnectionPool(host='townsquare.media', port=443): Max retries exceeded with url: /site/812/files/2023/07/attachment-Nicki-Minaj-Tom-Holland-Deep-Fake-Video.jpg?w=1200&format=natural (Caused by NewConnectionError('<urllib3.connection.HTTPSConnection object at 0x701bb8a76940>: Failed to establish a new connection: [Errno -3] Temporary failure in name resolution'))
2026-08-01 00:36:57,366 | WARNING | Download failed: https://lookaside.fbsbx.com/lookaside/crawler/threads/DKZqgVQs_Xg/0/image.jpg | cannot identify image file <_io.BytesIO object at 0x701bb8a6e900>
2026-08-01 00:36:58,460 | WARNING | Download failed: https://c.ndtvimg.com/2023-06/vbscv67o_virat-kohli_625x300_11_June_23.jpg | 403 Client Error: Forbidden for url: https://c.ndtvimg.com/2023-06/vbscv67o_virat-kohli_625x300_11_June_23.jpg
2026-08-01 00:37:08,797 | WARNING | Download failed: https://www.boomlive.in/h-upload/2024/09/20/1033529-kohlideepfakecomparison.jpg | HTTPSConnectionPool(host='www.boomlive.in', port=443): Max retries exceeded with url: /h-upload/2024/09/20/1033529-kohlideepfakecomparison.jpg (Caused by NewConnectionError('<urllib3.connection.HTTPSConnection object at 0x701bb8a76e20>: Failed to establish a new connection: [Errno -3] Temporary failure in name resolution'))
2026-08-01 00:37:11,295 | WARNING | Download failed: https://www.boomlive.in/h-upload/2024/09/20/1033528-viratkohlideepfake.jpg | HTTPSConnectionPool(host='www.boomlive.in', port=443): Max retries exceeded with url: /h-upload/2024/09/20/1033528-viratkohlideepfake.jpg (Caused by NewConnectionError('<urllib3.connection.HTTPSConnection object at 0x701bb8a76c70>: Failed to establish a new connection: [Errno 101] Network is unreachable'))
2026-08-01 00:37:31,159 | WARNING | Download failed: https://substackcdn.com/image/fetch/$s_!-qoJ!,f_auto,q_auto:good,fl_progressive:steep/https%3A%2F%2Fsubstack-post-media.s3.amazonaws.com%2Fpublic%2Fimages%2Ff8831f07-984e-468d-90ce-5f8fed7a0232_1206x774.png | HTTPSConnectionPool(host='substackcdn.com', port=443): Max retries exceeded with url: /image/fetch/$s_!-qoJ!,f_auto,q_auto:good,fl_progressive:steep/https%3A%2F%2Fsubstack-post-media.s3.amazonaws.com%2Fpublic%2Fimages%2Ff8831f07-984e-468d-90ce-5f8fed7a0232_1206x774.png (Caused by NewConnectionError('<urllib3.connection.HTTPSConnection object at 0x701bb8b64130>: Failed to establish a new connection: [Errno -3] Temporary failure in name resolution'))
2026-08-01 00:37:46,483 | WARNING | Download failed: https://upload.wikimedia.org/wikipedia/commons/e/e5/%C3%9Arsula_Corber%C3%B3-65339.jpg | HTTPSConnectionPool(host='upload.wikimedia.org', port=443): Max retries exceeded with url: /wikipedia/commons/e/e5/%C3%9Arsula_Corber%C3%B3-65339.jpg (Caused by NewConnectionError('<urllib3.connection.HTTPSConnection object at 0x701bb8b64190>: Failed to establish a new connection: [Errno 101] Network is unreachable'))
2026-08-01 00:37:56,802 | WARNING | Download failed: https://upload.wikimedia.org/wikipedia/commons/thumb/5/58/Premios_Goya_2018_-_%C3%9Arsula_Corber%C3%B3.jpg/250px-Premios_Goya_2018_-_%C3%9Arsula_Corber%C3%B3.jpg | HTTPSConnectionPool(host='upload.wikimedia.org', port=443): Max retries exceeded with url: /wikipedia/commons/thumb/5/58/Premios_Goya_2018_-_%C3%9Arsula_Corber%C3%B3.jpg/250px-Premios_Goya_2018_-_%C3%9Arsula_Corber%C3%B3.jpg (Caused by NewConnectionError('<urllib3.connection.HTTPSConnection object at 0x701bb8b64640>: Failed to establish a new connection: [Errno -3] Temporary failure in name resolution'))
2026-08-01 00:38:07,149 | WARNING | Download failed: https://mediaproxy.tvtropes.org/width/1200/https://static.tvtropes.org/pmwiki/pub/images/jc_48.jpg | HTTPSConnectionPool(host='mediaproxy.tvtropes.org', port=443): Max retries exceeded with url: /width/1200/https://static.tvtropes.org/pmwiki/pub/images/jc_48.jpg (Caused by NewConnectionError('<urllib3.connection.HTTPSConnection object at 0x701bb8b64580>: Failed to establish a new connection: [Errno -3] Temporary failure in name resolution'))
2026-08-01 00:38:17,473 | WARNING | Download failed: http://aws-br-pic.kwai.net/bs2/overseaHead/20230807033539_BMTUwMDAxMjA2MzI4ODQ1_s.jpg | HTTPConnectionPool(host='aws-br-pic.kwai.net', port=80): Max retries exceeded with url: /bs2/overseaHead/20230807033539_BMTUwMDAxMjA2MzI4ODQ1_s.jpg (Caused by NewConnectionError('<urllib3.connection.HTTPConnection object at 0x701bb8b64670>: Failed to establish a new connection: [Errno -3] Temporary failure in name resolution'))
2026-08-01 00:38:40,493 | INFO | ============================================================
2026-08-01 00:38:40,493 | INFO | STEP 4 RUN COMPLETE
2026-08-01 00:38:40,493 | INFO | OK (accepted)     : 98
2026-08-01 00:38:40,493 | INFO | No face           : 12
2026-08-01 00:38:40,493 | INFO | Multiple faces    : 88
2026-08-01 00:38:40,493 | INFO | Face too small    : 24
2026-08-01 00:38:40,493 | INFO | Download errors   : 260 (will retry)
2026-08-01 00:38:40,494 | INFO | Detector errors   : 0 (will retry)
2026-08-01 00:38:40,494 | INFO | ============================================================
2026-08-01 07:48:36,558 | INFO | MTCNN initialized on device: cuda
2026-08-01 07:48:36,590 | INFO | ============================================================
2026-08-01 07:48:36,590 | INFO | STEP 4 START (Face Verification)
2026-08-01 07:48:36,590 | INFO | Total candidates     : 4171
2026-08-01 07:48:36,590 | INFO | Already checked      : 3911
2026-08-01 07:48:36,590 | INFO | Remaining pending    : 260
2026-08-01 07:48:36,590 | INFO | This run             : 260
2026-08-01 07:48:36,590 | INFO | Device               : cuda
2026-08-01 07:48:36,590 | INFO | ============================================================
2026-08-01 07:48:37,143 | WARNING | Download failed: https://lookaside.fbsbx.com/lookaside/crawler/threads/DZDE9TGlp6M/0/image.jpg | cannot identify image file <_io.BytesIO object at 0x7139b8fef810>
2026-08-01 07:48:37,966 | WARNING | Download failed: https://www.mdpi.com/jimaging/jimaging-08-00263/article_deploy/html/images/jimaging-08-00263-g008-550.jpg | 403 Client Error: Forbidden for url: https://www.mdpi.com/jimaging/jimaging-08-00263/article_deploy/html/images/jimaging-08-00263-g008-550.jpg
2026-08-01 07:48:42,194 | WARNING | Download failed: https://www.livemint.com/lm-img/img/2024/05/07/optimize/Alia_Bhatt_Deepfake_1715069582605_1715069596521.png | ('Connection aborted.', ConnectionResetError(104, 'Connection reset by peer'))
2026-08-01 07:48:42,903 | WARNING | Download failed: https://lookaside.fbsbx.com/lookaside/crawler/instagram/DQbAbycEwWc/0/image.jpg | cannot identify image file <_io.BytesIO object at 0x7139c2f96310>
2026-08-01 07:48:43,482 | WARNING | Download failed: https://lookaside.fbsbx.com/lookaside/crawler/instagram/amberheard/profile_pic.jpg | cannot identify image file <_io.BytesIO object at 0x7139b8fef9f0>
2026-08-01 07:48:44,303 | WARNING | Download failed: https://lookaside.fbsbx.com/lookaside/crawler/instagram/DZU5Mo-y9I1/0/image.jpg | cannot identify image file <_io.BytesIO object at 0x7139c2f96310>
2026-08-01 07:48:45,817 | WARNING | Download failed: https://lookaside.fbsbx.com/lookaside/crawler/threads/DEk0T1NTS2D/1/image.jpg | cannot identify image file <_io.BytesIO object at 0x7139b6b11cc0>
2026-08-01 07:48:50,714 | WARNING | Download failed: https://www.celebritykind.com/wp-content/uploads/2024/06/shutterstock_717129223-scaled-e1717488964123-839x1024.jpg | 403 Client Error: Forbidden for url: https://www.celebritykind.com/wp-content/uploads/2024/06/shutterstock_717129223-scaled-e1717488964123-839x1024.jpg
2026-08-01 07:48:51,354 | WARNING | Download failed: https://lookaside.fbsbx.com/lookaside/crawler/instagram/DQhDvvcjF6P/0/image.jpg | cannot identify image file <_io.BytesIO object at 0x7139b8fef220>
2026-08-01 07:48:51,950 | WARNING | Download failed: https://lookaside.fbsbx.com/lookaside/crawler/instagram/DY1UvvDKflO/0/image.jpg | cannot identify image file <_io.BytesIO object at 0x7139b8fef9f0>
2026-08-01 07:48:56,520 | WARNING | Download failed: https://www.hockeydb.com/ihdb/photos/auston-matthews-2024-38.jpg | 403 Client Error: Forbidden for url: https://www.hockeydb.com/ihdb/photos/auston-matthews-2024-38.jpg
2026-08-01 07:49:00,778 | WARNING | Download failed: https://www.usatoday.com/gcdn/authoring/authoring-images/2026/01/19/USAT/88255393007-landman-210-em-0718-01245-rt-f.jpg?crop=2999,1687,x0,y156&width=660&height=371&format=pjpg&auto=webp | 406 Client Error: Not Acceptable for url: https://www.usatoday.com/gcdn/authoring/authoring-images/2026/01/19/USAT/88255393007-landman-210-em-0718-01245-rt-f.jpg?crop=2999,1687,x0,y156&width=660&height=371&format=pjpg&auto=webp
2026-08-01 07:49:05,537 | ERROR | Detector failed: http://www.smh.com.au/content/dam/images/4/9/o/r/9/image.imgtype.videoThumbnail.729x410.png/1453967434294.jpg | torch.cat(): expected a non-empty list of Tensors
Traceback (most recent call last):
  File "/home/amna/Real-vs-Fake/Scripts/04_face_check.py", line 275, in main
    status, face_count, box, area_ratio, detail = evaluate_faces(img)
  File "/home/amna/Real-vs-Fake/Scripts/04_face_check.py", line 199, in evaluate_faces
    boxes, probs = DETECTOR.detect(img)
  File "/home/amna/miniconda3/envs/deepfake/lib/python3.9/site-packages/facenet_pytorch/models/mtcnn.py", line 313, in detect
    batch_boxes, batch_points = detect_face(
  File "/home/amna/miniconda3/envs/deepfake/lib/python3.9/site-packages/facenet_pytorch/models/utils/detect_face.py", line 83, in detect_face
    boxes = torch.cat(boxes, dim=0)
RuntimeError: torch.cat(): expected a non-empty list of Tensors
2026-08-01 07:49:10,711 | WARNING | Download failed: https://www.koimoi.com/wp-content/new-galleries/2023/03/the-avengers-90s-edition-ai-generated-is-impressed-from-tom-cruise-as-iron-man-to-bruce-willis-will-smith-more-heresheres-who-all-made-the-cast-001.jpg | 403 Client Error: Forbidden for url: https://www.koimoi.com/wp-content/new-galleries/2023/03/the-avengers-90s-edition-ai-generated-is-impressed-from-tom-cruise-as-iron-man-to-bruce-willis-will-smith-more-heresheres-who-all-made-the-cast-001.jpg
2026-08-01 07:49:11,285 | WARNING | Download failed: https://lookaside.fbsbx.com/lookaside/crawler/threads/DY0PjBWEiLD/0/image.jpg | cannot identify image file <_io.BytesIO object at 0x7139c7159e00>
2026-08-01 07:49:11,944 | WARNING | Download failed: https://adultdeepfakes.com/contents/videos_screenshots/40000/40786/preview.mp4.jpg | ('Connection aborted.', ConnectionResetError(104, 'Connection reset by peer'))
2026-08-01 07:49:12,440 | WARNING | Download failed: https://www.alrincon.com/imagenesblog2/varios/camerondiazdeepfake.jpg | ('Connection aborted.', ConnectionResetError(104, 'Connection reset by peer'))
2026-08-01 07:49:13,011 | WARNING | Download failed: https://lookaside.fbsbx.com/lookaside/crawler/instagram/DYI6gmARFpE/0/image.jpg | cannot identify image file <_io.BytesIO object at 0x7139b6b07130>
2026-08-01 07:49:16,989 | WARNING | Download failed: https://documents.iplt20.com/ipl/IPLHeadshot2026/550.png | 403 Client Error: Forbidden for url: https://documents.iplt20.com/ipl/IPLHeadshot2026/550.png
2026-08-01 07:49:41,827 | WARNING | Download failed: https://www.ecranlarge.com/content/uploads/2019/08/tom-cruise-photo-deepfake-american-psycho-1094097.png | HTTPSConnectionPool(host='www.ecranlarge.com', port=443): Max retries exceeded with url: /content/uploads/2019/08/tom-cruise-photo-deepfake-american-psycho-1094097.png (Caused by ConnectTimeoutError(<urllib3.connection.HTTPSConnection object at 0x7139b679a520>, 'Connection to www.ecranlarge.com timed out. (connect timeout=15)'))
2026-08-01 07:49:42,515 | WARNING | Download failed: https://lookaside.fbsbx.com/lookaside/crawler/threads/DHuogAmsBRm/0/image.jpg | cannot identify image file <_io.BytesIO object at 0x7139c6094810>
2026-08-01 07:49:43,670 | WARNING | Download failed: https://c.ndtvimg.com/2021-03/fba3qug_tom-cruise-deepfake-video_625x300_04_March_21.jpg | 403 Client Error: Forbidden for url: https://c.ndtvimg.com/2021-03/fba3qug_tom-cruise-deepfake-video_625x300_04_March_21.jpg
2026-08-01 07:49:44,646 | WARNING | Download failed: http://ghostbustersnews.com/wp-content/uploads/2023/04/arnold_ghostbusters_deepfake.jpg | 403 Client Error: Forbidden for url: http://ghostbustersnews.com/wp-content/uploads/2023/04/arnold_ghostbusters_deepfake.jpg
2026-08-01 07:49:45,050 | WARNING | Download failed: https://documents.iplt20.com/ipl/IPLHeadshot2026/128.png | 403 Client Error: Forbidden for url: https://documents.iplt20.com/ipl/IPLHeadshot2026/128.png
2026-08-01 07:49:50,429 | WARNING | Download failed: https://davidmiller.ai/wp-content/uploads/2024/08/teentempo_imagine_in_the_style_of_brooke_shaden_oil_painting__a0838d8c-ee64-428e-a4ac-a3e3a78f6bf3_3.png | 403 Client Error: Forbidden for url: https://davidmiller.ai/wp-content/uploads/2024/08/teentempo_imagine_in_the_style_of_brooke_shaden_oil_painting__a0838d8c-ee64-428e-a4ac-a3e3a78f6bf3_3.png
2026-08-01 07:49:52,085 | WARNING | Download failed: https://missouriindependent.com/wp-content/uploads/2026/02/IMG_3609-1536x922.jpeg | 403 Client Error: Forbidden for url: https://missouriindependent.com/wp-content/uploads/2026/02/IMG_3609-1536x922.jpeg
2026-08-01 07:49:53,054 | WARNING | Download failed: https://davidmiller.ai/wp-content/uploads/2024/08/room2-1.jpg | 403 Client Error: Forbidden for url: https://davidmiller.ai/wp-content/uploads/2024/08/room2-1.jpg
2026-08-01 07:49:53,713 | WARNING | Download failed: https://lookaside.fbsbx.com/lookaside/crawler/threads/DDxVOmRvCz6/0/image.jpg | cannot identify image file <_io.BytesIO object at 0x7139c2f96310>
2026-08-01 07:49:54,289 | WARNING | Download failed: https://lookaside.fbsbx.com/lookaside/crawler/instagram/CHv0LyvHM3B/0/image.jpg | cannot identify image file <_io.BytesIO object at 0x7139c6094810>
2026-08-01 07:49:54,941 | WARNING | Download failed: https://lookaside.fbsbx.com/lookaside/crawler/instagram/DXhnF1xjcQW/0/image.jpg | cannot identify image file <_io.BytesIO object at 0x7139c2f96310>
2026-08-01 07:49:55,546 | WARNING | Download failed: https://lookaside.fbsbx.com/lookaside/crawler/instagram/CeGwyCeLI8l/0/image.jpg | cannot identify image file <_io.BytesIO object at 0x7139c6094810>
2026-08-01 07:49:56,124 | WARNING | Download failed: https://lookaside.fbsbx.com/lookaside/crawler/instagram/DXmsI2gked4/0/image.jpg | cannot identify image file <_io.BytesIO object at 0x7139c2f96310>
2026-08-01 07:49:56,919 | WARNING | Download failed: https://lookaside.fbsbx.com/lookaside/crawler/instagram/C11m2cIIzTa/0/image.jpg | cannot identify image file <_io.BytesIO object at 0x7139b8fef9f0>
2026-08-01 07:49:57,282 | WARNING | Download failed: https://documents.iplt20.com/ipl/IPLHeadshot2025/601.png | 403 Client Error: Forbidden for url: https://documents.iplt20.com/ipl/IPLHeadshot2025/601.png
2026-08-01 07:50:08,352 | WARNING | Download failed: https://lookaside.fbsbx.com/lookaside/crawler/instagram/dylandreyernbc/profile_pic.jpg | cannot identify image file <_io.BytesIO object at 0x7139c71754f0>
2026-08-01 07:50:13,895 | WARNING | Download failed: https://tandem.app/files/can-you-spot-a-deepfake-social-image.png | 404 Client Error: Not Found for url: https://tandem.app/files/can-you-spot-a-deepfake-social-image.png
2026-08-01 07:50:19,874 | WARNING | Download failed: https://internationalbanker.com/wp-content/uploads/2021/02/Deepfake-Technology.png | 403 Client Error: Forbidden for url: https://internationalbanker.com/wp-content/uploads/2021/02/Deepfake-Technology.png
2026-08-01 07:50:22,427 | WARNING | Download failed: https://lookaside.fbsbx.com/lookaside/crawler/threads/DbGPhw6iWnn/0/image.jpg | cannot identify image file <_io.BytesIO object at 0x7139b8fef9f0>
2026-08-01 07:50:23,019 | WARNING | Download failed: https://lookaside.fbsbx.com/lookaside/crawler/threads/DTVdvkxElHA/0/image.jpg | cannot identify image file <_io.BytesIO object at 0x7139b6b11cc0>
2026-08-01 07:50:38,913 | WARNING | Download failed: https://web-cdnprod.aa.com.tr/uploads/Contents/2024/10/22/thumbs_b_c_95fae517eb48db7745a60a3b929d78e0.jpg?v=170617 | HTTPSConnectionPool(host='web-cdnprod.aa.com.tr', port=443): Max retries exceeded with url: /uploads/Contents/2024/10/22/thumbs_b_c_95fae517eb48db7745a60a3b929d78e0.jpg?v=170617 (Caused by NewConnectionError('<urllib3.connection.HTTPSConnection object at 0x7139c716f370>: Failed to establish a new connection: [Errno -2] Name or service not known'))
2026-08-01 07:50:43,687 | WARNING | Download failed: https://imagerenderer.com/images/rendered/default/print/7.5/10/break/images/artworkimages/medium/3/elon-musks-fight-for-the-future-of-ai-nigel-buchanan.jpg | broken data stream when reading image file
2026-08-01 07:50:44,701 | WARNING | Download failed: https://www.innovationaus.com/wp-content/uploads/2025/03/Deepfake_AI_shutterstock_800x600.jpg | 403 Client Error: Forbidden for url: https://www.innovationaus.com/wp-content/uploads/2025/03/Deepfake_AI_shutterstock_800x600.jpg
2026-08-01 07:51:05,064 | WARNING | Download failed: https://www.mcafee.com/blogs/wp-content/uploads/2025/11/Celeb-Hacker-Hotlist.png | HTTPSConnectionPool(host='www.mcafee.com', port=443): Read timed out. (read timeout=15)
2026-08-01 07:51:20,794 | WARNING | Download failed: https://www.mcafee.com/blogs/wp-content/uploads/2025/11/1.-USA-CELEBS.png | HTTPSConnectionPool(host='www.mcafee.com', port=443): Read timed out. (read timeout=15)
2026-08-01 07:51:21,230 | WARNING | Download failed: https://www.koimoi.com/wp-content/new-galleries/2023/07/fawad-khan-reimagined-as-hunky-batman-by-an-ai-artist-but-gets-trolled-massively-online-netizens-react-check-out-001.jpg | 403 Client Error: Forbidden for url: https://www.koimoi.com/wp-content/new-galleries/2023/07/fawad-khan-reimagined-as-hunky-batman-by-an-ai-artist-but-gets-trolled-massively-online-netizens-react-check-out-001.jpg
2026-08-01 07:51:22,197 | WARNING | Download failed: https://c.ndtvimg.com/2024-04/072utg7g_aamir-khan-deepfake-fake-label_625x300_17_April_24.jpg | 403 Client Error: Forbidden for url: https://c.ndtvimg.com/2024-04/072utg7g_aamir-khan-deepfake-fake-label_625x300_17_April_24.jpg
2026-08-01 07:51:25,027 | WARNING | Download failed: https://cdn.newser.com/square-image/392026-20260701052759/ai-generated-voice-of-gene-wilder-featured-in-wonka-series.jpeg | 403 Client Error: Forbidden for url: https://cdn.newser.com/square-image/392026-20260701052759/ai-generated-voice-of-gene-wilder-featured-in-wonka-series.jpeg
2026-08-01 07:51:35,666 | WARNING | Download failed: https://www.newsmobile.in/wp-content/uploads/2025/02/Screenshot-2025-02-20-182138.png | cannot identify image file <_io.BytesIO object at 0x7139c6094810>
2026-08-01 07:51:36,570 | WARNING | Download failed: https://www.newsmobile.in/wp-content/uploads/2025/02/476788826_122160398048302902_5422970338347386911_n.jpg | cannot identify image file <_io.BytesIO object at 0x713a5c7c35e0>
2026-08-01 07:51:37,209 | WARNING | Download failed: https://www.innovationaus.com/wp-content/uploads/2021/03/Joseph_Brookes_authorhead2023.jpg | 403 Client Error: Forbidden for url: https://www.innovationaus.com/wp-content/uploads/2021/03/Joseph_Brookes_authorhead2023.jpg
2026-08-01 07:51:38,202 | WARNING | Download failed: https://www.newsmobile.in/wp-content/uploads/2025/02/Zinta_Mazwell_FC.jpg | cannot identify image file <_io.BytesIO object at 0x7139c7159e00>
2026-08-01 07:51:38,933 | WARNING | Download failed: https://lookaside.fbsbx.com/lookaside/crawler/threads/DKOdX3XsCeV/0/image.jpg | cannot identify image file <_io.BytesIO object at 0x7139c6094810>
2026-08-01 07:51:43,253 | WARNING | Download failed: https://lookaside.fbsbx.com/lookaside/crawler/instagram/hadiqakianiofficial/profile_pic.jpg | cannot identify image file <_io.BytesIO object at 0x7139c6094810>
2026-08-01 07:51:43,889 | WARNING | Download failed: https://upload.wikimedia.org/wikipedia/commons/a/aa/Halle_Berry-1910.jpg | 429 Client Error: Too many requests (f061ab2) for url: https://upload.wikimedia.org/wikipedia/commons/a/aa/Halle_Berry-1910.jpg
2026-08-01 07:51:51,492 | WARNING | Download failed: https://media.eventhubs.com/images/2020/02/24-more-deepfakes-mortal-kombat-11-see-christopher-lambert-gal-gadot.jpg | HTTPSConnectionPool(host='media.eventhubs.com', port=443): Max retries exceeded with url: /images/2020/02/24-more-deepfakes-mortal-kombat-11-see-christopher-lambert-gal-gadot.jpg (Caused by SSLError(SSLCertVerificationError(1, '[SSL: CERTIFICATE_VERIFY_FAILED] certificate verify failed: unable to get local issuer certificate (_ssl.c:1147)')))
2026-08-01 07:51:56,054 | WARNING | Download failed: https://cdn.lumenor.ai/lumenor/lumenor.jpg | 403 Client Error: Forbidden for url: https://cdn.lumenor.ai/lumenor/lumenor.jpg
2026-08-01 07:51:56,681 | WARNING | Download failed: https://lookaside.fbsbx.com/lookaside/crawler/instagram/DU2-x0Vl7rx/0/image.jpg | cannot identify image file <_io.BytesIO object at 0x7139c6094810>
2026-08-01 07:52:04,659 | WARNING | Download failed: https://documents.bcci.tv/resizedimageskirti/2740_compress.png | 403 Client Error: Forbidden for url: https://documents.bcci.tv/resizedimageskirti/2740_compress.png
2026-08-01 07:52:05,530 | WARNING | Download failed: https://www.newsmobile.in/wp-content/uploads/2025/03/Screenshot-2025-03-18-180246.png | cannot identify image file <_io.BytesIO object at 0x7139c6094810>
2026-08-01 07:52:06,461 | WARNING | Download failed: https://www.newsmobile.in/wp-content/uploads/2025/03/Screenshot-2025-03-31-212759.png | cannot identify image file <_io.BytesIO object at 0x713a5c7c35e0>
2026-08-01 07:52:07,424 | WARNING | Download failed: https://www.newsmobile.in/wp-content/uploads/2024/12/Screenshot-2024-12-31-182414.png | cannot identify image file <_io.BytesIO object at 0x7139c6094810>
2026-08-01 07:52:08,326 | WARNING | Download failed: https://www.vishvasnews.com/wp-content/uploads/2024/12/vishvasnews-1-2024-12-30T165530.093-1.jpg | ('Connection aborted.', ConnectionResetError(104, 'Connection reset by peer'))
2026-08-01 07:52:09,356 | WARNING | Download failed: https://www.newsmobile.in/wp-content/uploads/2025/04/Screenshot-2025-04-09-135737.png | cannot identify image file <_io.BytesIO object at 0x7139c6094810>
2026-08-01 07:52:25,600 | WARNING | Download failed: https://img.fcbayern.com/image/upload/f_auto/q_auto/ar_1:1,c_fill,g_custom,w_768/v1785247532/cms/public/images/fcbayern-com/players/spielerportraits/ganzkoerper/harry-kane.png | HTTPSConnectionPool(host='img.fcbayern.com', port=443): Read timed out. (read timeout=15)
2026-08-01 07:52:26,454 | WARNING | Download failed: https://upload.wikimedia.org/wikipedia/commons/2/23/MerchantIvoryCurzMayfair201124_%2816_of_28%29_%2854154554145%29_%28cropped%29.jpg | 429 Client Error: Too many requests - please contact noc@wikimedia.org to discuss a less disruptive approach or instead use thumbnail images in sizes listed on https://w.wiki/GHai. (0c640b1) for url: https://upload.wikimedia.org/wikipedia/commons/2/23/MerchantIvoryCurzMayfair201124_%2816_of_28%29_%2854154554145%29_%28cropped%29.jpg
2026-08-01 07:52:27,063 | WARNING | Download failed: https://lookaside.fbsbx.com/lookaside/crawler/instagram/DU7NSlRjZPI/0/image.jpg | cannot identify image file <_io.BytesIO object at 0x7139b603e630>
2026-08-01 07:52:27,668 | WARNING | Download failed: https://lookaside.fbsbx.com/lookaside/crawler/instagram/DUH9EwHEdw_/0/image.jpg | cannot identify image file <_io.BytesIO object at 0x7139b6b11bd0>
2026-08-01 07:52:28,278 | WARNING | Download failed: https://upload.wikimedia.org/wikipedia/commons/a/ab/Holly_Hunter_by_Gage_Skidmore_2.jpg | 429 Client Error: Too many requests - please contact noc@wikimedia.org to discuss a less disruptive approach or instead use thumbnail images in sizes listed on https://w.wiki/GHai. (0c640b1) for url: https://upload.wikimedia.org/wikipedia/commons/a/ab/Holly_Hunter_by_Gage_Skidmore_2.jpg
2026-08-01 07:52:28,933 | WARNING | Download failed: https://lookaside.fbsbx.com/lookaside/crawler/instagram/DUBVEzoE-lu/0/image.jpg | cannot identify image file <_io.BytesIO object at 0x7139b8fef220>
2026-08-01 07:52:45,958 | WARNING | Download failed: https://www.esafety.gov.au/sites/default/files/2020-04/esafety-deep-fakes.jpg | HTTPSConnectionPool(host='www.esafety.gov.au', port=443): Read timed out. (read timeout=15)
2026-08-01 07:52:46,576 | WARNING | Download failed: https://upload.wikimedia.org/wikipedia/commons/8/88/Ibrahim_Traor%C3%A9_portrait.jpg | 429 Client Error: Too many requests - please contact noc@wikimedia.org to discuss a less disruptive approach or instead use thumbnail images in sizes listed on https://w.wiki/GHai. (0c640b1) for url: https://upload.wikimedia.org/wikipedia/commons/8/88/Ibrahim_Traor%C3%A9_portrait.jpg
2026-08-01 07:52:47,466 | WARNING | Download failed: https://lookaside.fbsbx.com/lookaside/crawler/instagram/DWjXBe7jGZC/0/image.jpg | cannot identify image file <_io.BytesIO object at 0x7139b6b07130>
2026-08-01 07:52:48,133 | WARNING | Download failed: https://lookaside.fbsbx.com/lookaside/crawler/instagram/DWO79cmEdBo/0/image.jpg | cannot identify image file <_io.BytesIO object at 0x7139b6b11bd0>
2026-08-01 07:52:48,862 | WARNING | Download failed: http://media.wired.com/photos/63eae1b71b87b32b35988c5e/master/pass/Culture_Deepfake-Porn-Harm.jpg | ('Connection aborted.', ConnectionResetError(104, 'Connection reset by peer'))
2026-08-01 07:52:49,271 | WARNING | Download failed: https://documents.bcci.tv/resizedimageskirti/31_compress.png | 403 Client Error: Forbidden for url: https://documents.bcci.tv/resizedimageskirti/31_compress.png
2026-08-01 07:52:50,336 | WARNING | Download failed: https://c.ndtvimg.com/2026-02/4cedpp14_ishan-kishan-aditi-hundia-insta_625x300_18_February_26.jpeg | 403 Client Error: Forbidden for url: https://c.ndtvimg.com/2026-02/4cedpp14_ishan-kishan-aditi-hundia-insta_625x300_18_February_26.jpeg
2026-08-01 07:52:50,940 | WARNING | Download failed: https://lookaside.fbsbx.com/lookaside/crawler/threads/DV-uOUlDQ_Y/0/image.jpg | cannot identify image file <_io.BytesIO object at 0x7139b8fef220>
2026-08-01 07:52:51,656 | WARNING | Download failed: https://lookaside.fbsbx.com/lookaside/crawler/threads/DVpzrVyCOqh/0/image.jpg | cannot identify image file <_io.BytesIO object at 0x7139b6b11bd0>
2026-08-01 07:52:52,273 | WARNING | Download failed: https://upload.wikimedia.org/wikipedia/commons/6/6d/20th_Anniversary_Schwab_Foundation_Gala_Dinner_%2844887783681%29_%28cropped%29.jpg | 429 Client Error: Too many requests - please contact noc@wikimedia.org to discuss a less disruptive approach or instead use thumbnail images in sizes listed on https://w.wiki/GHai. (0c640b1) for url: https://upload.wikimedia.org/wikipedia/commons/6/6d/20th_Anniversary_Schwab_Foundation_Gala_Dinner_%2844887783681%29_%28cropped%29.jpg
2026-08-01 07:52:52,846 | WARNING | Download failed: https://lookaside.fbsbx.com/lookaside/crawler/threads/DbBuD62EZQK/0/image.jpg | cannot identify image file <_io.BytesIO object at 0x7139b8fef220>
2026-08-01 07:52:53,620 | WARNING | Download failed: https://media.eventhubs.com/images/2020/02/21-someone-used-deepfake-add-celebrities-mortal-kombat-11-and-its-p.jpg | HTTPSConnectionPool(host='media.eventhubs.com', port=443): Max retries exceeded with url: /images/2020/02/21-someone-used-deepfake-add-celebrities-mortal-kombat-11-and-its-p.jpg (Caused by SSLError(SSLCertVerificationError(1, '[SSL: CERTIFICATE_VERIFY_FAILED] certificate verify failed: unable to get local issuer certificate (_ssl.c:1147)')))
2026-08-01 07:53:10,094 | WARNING | Download failed: https://www.jewishvoicesnj.org/wp-content/uploads/images/2022-07-13/31p1.jpg | HTTPSConnectionPool(host='www.jewishvoicesnj.org', port=443): Max retries exceeded with url: /wp-content/uploads/images/2022-07-13/31p1.jpg (Caused by ConnectTimeoutError(<urllib3.connection.HTTPSConnection object at 0x7139c7013280>, 'Connection to www.jewishvoicesnj.org timed out. (connect timeout=15)'))
2026-08-01 07:53:10,691 | WARNING | Download failed: https://upload.wikimedia.org/wikipedia/commons/3/3f/James_Caan_Guillaume_Canet_Cannes_2013_cropped.jpg | 429 Client Error: Too many requests - please contact noc@wikimedia.org to discuss a less disruptive approach or instead use thumbnail images in sizes listed on https://w.wiki/GHai. (0c640b1) for url: https://upload.wikimedia.org/wikipedia/commons/3/3f/James_Caan_Guillaume_Canet_Cannes_2013_cropped.jpg
2026-08-01 07:53:11,470 | WARNING | Download failed: https://www.miataturbo.net/attachments/insert-bs-here-4/116971-ai-generated-cat-pictures-thread-jamie-lee-curtis-autograph.jpg?dateline=1404309012 | 403 Client Error: Forbidden for url: https://www.miataturbo.net/attachments/insert-bs-here-4/116971-ai-generated-cat-pictures-thread-jamie-lee-curtis-autograph.jpg?dateline=1404309012
2026-08-01 07:53:16,610 | WARNING | Download failed: https://media.cybernews.com/images/featured/2025/07/aniston-scam-deepfake.jpg | 403 Client Error: Forbidden for url: https://media.cybernews.com/images/featured/2025/07/aniston-scam-deepfake.jpg
2026-08-01 07:53:17,209 | WARNING | Download failed: https://upload.wikimedia.org/wikipedia/commons/3/3d/Jennifer_Garner_-_2024_%2854106107278%29_%28cropped%29.jpg | 429 Client Error: Too many requests - please contact noc@wikimedia.org to discuss a less disruptive approach or instead use thumbnail images in sizes listed on https://w.wiki/GHai. (0c640b1) for url: https://upload.wikimedia.org/wikipedia/commons/3/3d/Jennifer_Garner_-_2024_%2854106107278%29_%28cropped%29.jpg
2026-08-01 07:53:33,609 | WARNING | Download failed: https://i.cbc.ca/ais/cac88dcd-24d7-4eb2-9329-b0d7753983a2,1771537424460/full/max/0/default.jpg?im=Crop%2Crect%3D%280%2C0%2C3200%2C1800%29%3B | HTTPSConnectionPool(host='i.cbc.ca', port=443): Read timed out. (read timeout=15)
2026-08-01 07:53:34,879 | WARNING | Download failed: https://raindance.org/wp-content/uploads/2018/02/deepfake-3-300x216.jpg | 403 Client Error: Forbidden for url: https://raindance.org/wp-content/uploads/2018/02/deepfake-3-300x216.jpg
2026-08-01 07:53:35,530 | WARNING | Download failed: https://lookaside.fbsbx.com/lookaside/crawler/instagram/DVU9gSeDAvm/0/image.jpg | cannot identify image file <_io.BytesIO object at 0x7139c705bea0>
2026-08-01 07:53:36,135 | WARNING | Download failed: https://upload.wikimedia.org/wikipedia/commons/d/dc/Joaquin_Phoenix-64908_%28cropped%29.jpg | 429 Client Error: Too many requests - please contact noc@wikimedia.org to discuss a less disruptive approach or instead use thumbnail images in sizes listed on https://w.wiki/GHai. (0c640b1) for url: https://upload.wikimedia.org/wikipedia/commons/d/dc/Joaquin_Phoenix-64908_%28cropped%29.jpg
2026-08-01 07:53:36,750 | WARNING | Download failed: https://upload.wikimedia.org/wikipedia/commons/5/5b/Jodie_Foster_and_Rebecca_Zlotowski_at_NYFF_2025_02_%28cropped_headshot%29.jpg | 429 Client Error: Too many requests - please contact noc@wikimedia.org to discuss a less disruptive approach or instead use thumbnail images in sizes listed on https://w.wiki/GHai. (0c640b1) for url: https://upload.wikimedia.org/wikipedia/commons/5/5b/Jodie_Foster_and_Rebecca_Zlotowski_at_NYFF_2025_02_%28cropped_headshot%29.jpg
2026-08-01 07:53:37,386 | WARNING | Download failed: https://upload.wikimedia.org/wikipedia/commons/5/53/John_Cusack_Photo_Op_GalaxyCon_Raleigh_2019.jpg | 429 Client Error: Too many requests - please contact noc@wikimedia.org to discuss a less disruptive approach or instead use thumbnail images in sizes listed on https://w.wiki/GHai. (0c640b1) for url: https://upload.wikimedia.org/wikipedia/commons/5/53/John_Cusack_Photo_Op_GalaxyCon_Raleigh_2019.jpg
2026-08-01 07:53:43,491 | WARNING | Download failed: https://www.latinousa.org/wp-content/uploads/2026/04/lusa_johnleguizamo_cover_horizontal.jpg | 403 Client Error: Forbidden for url: https://www.latinousa.org/wp-content/uploads/2026/04/lusa_johnleguizamo_cover_horizontal.jpg
2026-08-01 07:53:44,091 | WARNING | Download failed: https://upload.wikimedia.org/wikipedia/commons/9/9d/John_Malkovich_KVIFF_2.jpg | 429 Client Error: Too many requests - please contact noc@wikimedia.org to discuss a less disruptive approach or instead use thumbnail images in sizes listed on https://w.wiki/GHai. (0c640b1) for url: https://upload.wikimedia.org/wikipedia/commons/9/9d/John_Malkovich_KVIFF_2.jpg
2026-08-01 07:53:44,949 | WARNING | Download failed: https://963kklz.com/uploads/2020/06/GettyImages-1182695105.jpg?format=auto&optimize=high&width=1440 | 403 Client Error: Forbidden for url: https://963kklz.com/uploads/2020/06/GettyImages-1182695105.jpg?format=auto&optimize=high&width=1440
2026-08-01 07:53:45,593 | WARNING | Download failed: https://lookaside.fbsbx.com/lookaside/crawler/threads/DSgiiYnDsVq/0/image.jpg | cannot identify image file <_io.BytesIO object at 0x7139c715dae0>
2026-08-01 07:53:46,221 | WARNING | Download failed: https://upload.wikimedia.org/wikipedia/commons/e/ec/Josh_Brolin_SDCC_2014.jpg | 429 Client Error: Too many requests - please contact noc@wikimedia.org to discuss a less disruptive approach or instead use thumbnail images in sizes listed on https://w.wiki/GHai. (0c640b1) for url: https://upload.wikimedia.org/wikipedia/commons/e/ec/Josh_Brolin_SDCC_2014.jpg
2026-08-01 07:53:46,850 | WARNING | Download failed: https://upload.wikimedia.org/wikipedia/commons/3/3e/Josh_Hutcherson_by_Gage_Skidmore_2.jpg | 429 Client Error: Too many requests - please contact noc@wikimedia.org to discuss a less disruptive approach or instead use thumbnail images in sizes listed on https://w.wiki/GHai. (0c640b1) for url: https://upload.wikimedia.org/wikipedia/commons/3/3e/Josh_Hutcherson_by_Gage_Skidmore_2.jpg
2026-08-01 07:53:47,672 | WARNING | Download failed: https://lookaside.fbsbx.com/lookaside/crawler/instagram/DVWxPbBERwQ/0/image.jpg | cannot identify image file <_io.BytesIO object at 0x7139c715dae0>
2026-08-01 07:53:48,170 | WARNING | Download failed: https://documents.iplt20.com/ipl/IPLHeadshot2026/647.png | 403 Client Error: Forbidden for url: https://documents.iplt20.com/ipl/IPLHeadshot2026/647.png
2026-08-01 07:53:48,986 | WARNING | Download failed: https://lookaside.fbsbx.com/lookaside/crawler/instagram/DRILQskEqlo/0/image.jpg | cannot identify image file <_io.BytesIO object at 0x7139b6b11bd0>
2026-08-01 07:53:49,721 | WARNING | Download failed: https://lookaside.fbsbx.com/lookaside/crawler/instagram/DVmcUxcCldb/0/image.jpg | cannot identify image file <_io.BytesIO object at 0x7139c2f96310>
2026-08-01 07:53:50,286 | WARNING | Download failed: https://lookaside.fbsbx.com/lookaside/crawler/instagram/DW4EhibEqGP/0/image.jpg | cannot identify image file <_io.BytesIO object at 0x713a5c7c35e0>
2026-08-01 07:53:50,857 | WARNING | Download failed: https://lookaside.fbsbx.com/lookaside/crawler/instagram/DWE0UJnjxL4/0/image.jpg | cannot identify image file <_io.BytesIO object at 0x7139c715dae0>
2026-08-01 07:53:51,472 | WARNING | Download failed: https://upload.wikimedia.org/wikipedia/commons/1/1a/Kathy_Bates_by_Gage_Skidmore.jpg | 429 Client Error: Too many requests - please contact noc@wikimedia.org to discuss a less disruptive approach or instead use thumbnail images in sizes listed on https://w.wiki/GHai. (0c640b1) for url: https://upload.wikimedia.org/wikipedia/commons/1/1a/Kathy_Bates_by_Gage_Skidmore.jpg
2026-08-01 07:53:54,491 | WARNING | Download failed: https://upload.wikimedia.org/wikipedia/commons/b/bc/Kevin_Costner_at_81st_Venice_Film_Festival_%28cropped%29.jpg | 429 Client Error: Too many requests - please contact noc@wikimedia.org to discuss a less disruptive approach or instead use thumbnail images in sizes listed on https://w.wiki/GHai. (0c640b1) for url: https://upload.wikimedia.org/wikipedia/commons/b/bc/Kevin_Costner_at_81st_Venice_Film_Festival_%28cropped%29.jpg
2026-08-01 07:54:09,827 | WARNING | Download failed: https://image.ytn.co.kr/general/jpg/2025/0909/202509091624180521_t.jpg | HTTPSConnectionPool(host='image.ytn.co.kr', port=443): Max retries exceeded with url: /general/jpg/2025/0909/202509091624180521_t.jpg (Caused by NewConnectionError('<urllib3.connection.HTTPSConnection object at 0x7139c7015c40>: Failed to establish a new connection: [Errno -3] Temporary failure in name resolution'))
2026-08-01 07:54:10,470 | WARNING | Download failed: https://upload.wikimedia.org/wikipedia/commons/5/54/Kiefer_Sutherland_%2854236404161%29.jpg | 429 Client Error: Too many requests - please contact noc@wikimedia.org to discuss a less disruptive approach or instead use thumbnail images in sizes listed on https://w.wiki/GHai. (0c640b1) for url: https://upload.wikimedia.org/wikipedia/commons/5/54/Kiefer_Sutherland_%2854236404161%29.jpg
2026-08-01 07:54:11,049 | WARNING | Download failed: https://lookaside.fbsbx.com/lookaside/crawler/instagram/DRaIVawjZde/0/image.jpg | cannot identify image file <_io.BytesIO object at 0x713a5c7c35e0>
2026-08-01 07:54:13,396 | WARNING | Download failed: https://upload.wikimedia.org/wikipedia/commons/d/db/Kurt_Russell_by_Gage_Skidmore_2.jpg | 429 Client Error: Too many requests - please contact noc@wikimedia.org to discuss a less disruptive approach or instead use thumbnail images in sizes listed on https://w.wiki/GHai. (0c640b1) for url: https://upload.wikimedia.org/wikipedia/commons/d/db/Kurt_Russell_by_Gage_Skidmore_2.jpg
2026-08-01 07:54:14,591 | WARNING | Download failed: https://upload.wikimedia.org/wikipedia/commons/0/08/149th_Preakness_%2853731145142%29_%28cropped%29.jpg | 429 Client Error: Too many requests - please contact noc@wikimedia.org to discuss a less disruptive approach or instead use thumbnail images in sizes listed on https://w.wiki/GHai. (0c640b1) for url: https://upload.wikimedia.org/wikipedia/commons/0/08/149th_Preakness_%2853731145142%29_%28cropped%29.jpg
2026-08-01 07:54:15,294 | WARNING | Download failed: https://lookaside.fbsbx.com/lookaside/crawler/threads/DErzr4YxENP/0/image.jpg | cannot identify image file <_io.BytesIO object at 0x7139c705bea0>
2026-08-01 07:54:15,873 | WARNING | Download failed: https://lookaside.fbsbx.com/lookaside/crawler/threads/DadSEzEjHfn/1/image.jpg | cannot identify image file <_io.BytesIO object at 0x7139c7159e00>
2026-08-01 07:54:16,496 | WARNING | Download failed: https://upload.wikimedia.org/wikipedia/commons/e/ee/2021%E2%80%9322_WBBL_PS_v_AS_21-10-30_Wolvaardt_%2801%29.jpg | 429 Client Error: Too many requests - please contact noc@wikimedia.org to discuss a less disruptive approach or instead use thumbnail images in sizes listed on https://w.wiki/GHai. (0c640b1) for url: https://upload.wikimedia.org/wikipedia/commons/e/ee/2021%E2%80%9322_WBBL_PS_v_AS_21-10-30_Wolvaardt_%2801%29.jpg
2026-08-01 07:54:32,512 | WARNING | Download failed: https://cdn.nba.com/manage/2026/07/lebron5.jpg | HTTPSConnectionPool(host='cdn.nba.com', port=443): Read timed out. (read timeout=15)
2026-08-01 07:54:33,110 | WARNING | Download failed: https://lookaside.fbsbx.com/lookaside/crawler/instagram/actorleeminho/profile_pic.jpg | cannot identify image file <_io.BytesIO object at 0x7139c7175bd0>
2026-08-01 07:54:33,802 | WARNING | Download failed: https://lookaside.fbsbx.com/lookaside/crawler/instagram/DMOkrE-NEt_/0/image.jpg | cannot identify image file <_io.BytesIO object at 0x7139b603ecc0>
2026-08-01 07:54:34,406 | WARNING | Download failed: https://upload.wikimedia.org/wikipedia/commons/b/bc/Lindsay_Lohan_by_Gage_Skidmore.jpg | 429 Client Error: Too many requests - please contact noc@wikimedia.org to discuss a less disruptive approach or instead use thumbnail images in sizes listed on https://w.wiki/GHai. (0c640b1) for url: https://upload.wikimedia.org/wikipedia/commons/b/bc/Lindsay_Lohan_by_Gage_Skidmore.jpg
2026-08-01 07:54:35,136 | WARNING | Download failed: https://lookaside.fbsbx.com/lookaside/crawler/instagram/linkneal/profile_pic.jpg | cannot identify image file <_io.BytesIO object at 0x7139c705bea0>
2026-08-01 07:54:35,761 | WARNING | Download failed: https://lookaside.fbsbx.com/lookaside/crawler/instagram/livvydunne/profile_pic.jpg | cannot identify image file <_io.BytesIO object at 0x7139c2f96310>
2026-08-01 07:54:36,667 | WARNING | Download failed: https://lookaside.fbsbx.com/lookaside/crawler/instagram/C9Tb4jVP-kC/0/image.jpg | cannot identify image file <_io.BytesIO object at 0x7139c705bea0>
2026-08-01 07:54:53,203 | WARNING | Download failed: https://img.fcbayern.com/image/upload/f_auto/q_auto/ar_1:1,c_fill,g_custom,w_768/v1785247487/cms/public/images/fcbayern-com/players/spielerportraits/teaser/luis-diaz.png | HTTPSConnectionPool(host='img.fcbayern.com', port=443): Read timed out. (read timeout=15)
2026-08-01 07:54:54,279 | WARNING | Download failed: https://c.ndtvimg.com/2024-04/jkfgj558_rahul-gandhi-fake-audio-clip_625x300_29_April_24.jpg | 403 Client Error: Forbidden for url: https://c.ndtvimg.com/2024-04/jkfgj558_rahul-gandhi-fake-audio-clip_625x300_29_April_24.jpg
2026-08-01 07:54:54,983 | WARNING | Download failed: https://c.ndtvimg.com/2025-01/1gmglqgo_indira_625x300_25_January_25.jpeg?im=FitAndFill,algorithm=dnn,width=1200,height=738 | 403 Client Error: Forbidden for url: https://c.ndtvimg.com/2025-01/1gmglqgo_indira_625x300_25_January_25.jpeg?im=FitAndFill,algorithm=dnn,width=1200,height=738
2026-08-01 07:54:55,633 | WARNING | Download failed: https://c.ndtvimg.com/2024-04/jkfgj558_rahul-gandhi-fake-audio-clip_625x300_29_April_24.jpg?im=FeatureCrop,algorithm=dnn,width=1600,height=900 | 403 Client Error: Forbidden for url: https://c.ndtvimg.com/2024-04/jkfgj558_rahul-gandhi-fake-audio-clip_625x300_29_April_24.jpg?im=FeatureCrop,algorithm=dnn,width=1600,height=900
2026-08-01 07:55:00,766 | WARNING | Download failed: https://c107833-mcdn.mp.lura.live/expiretime=2082787200/1f15f35dd754ae9a20e098584cd5cce9fd2f88e9f3a989805932c09685bb3467/iupl/351/3AA/3513AAE8104D0B155A85E7F51F0F3893.jpg | 502 Server Error: Bad Gateway for url: https://c107833-mcdn.mp.lura.live/expiretime=2082787200/1f15f35dd754ae9a20e098584cd5cce9fd2f88e9f3a989805932c09685bb3467/iupl/351/3AA/3513AAE8104D0B155A85E7F51F0F3893.jpg
2026-08-01 07:55:01,379 | WARNING | Download failed: https://upload.wikimedia.org/wikipedia/commons/8/85/Nobel_Peace_Prize_2025_-_Mar%C3%ADa_Corina_Machado_press_conference_%283x4_cropped%29.jpg | 429 Client Error: Too many requests - please contact noc@wikimedia.org to discuss a less disruptive approach or instead use thumbnail images in sizes listed on https://w.wiki/GHai. (0c640b1) for url: https://upload.wikimedia.org/wikipedia/commons/8/85/Nobel_Peace_Prize_2025_-_Mar%C3%ADa_Corina_Machado_press_conference_%283x4_cropped%29.jpg
2026-08-01 07:55:02,223 | WARNING | Download failed: https://lookaside.fbsbx.com/lookaside/crawler/instagram/DV_G3H3jI2u/0/image.jpg | cannot identify image file <_io.BytesIO object at 0x7139c705bea0>
2026-08-01 07:55:02,951 | WARNING | Download failed: https://lookaside.fbsbx.com/lookaside/crawler/instagram/DV_HYJ-jDnC/0/image.jpg | cannot identify image file <_io.BytesIO object at 0x713a628f1f40>
2026-08-01 07:55:05,853 | WARNING | Download failed: https://cdn.adamlevin.com/wp-content/uploads/2020/11/deepfake-zuck.png | 403 Client Error: Forbidden for url: https://cdn.adamlevin.com/wp-content/uploads/2020/11/deepfake-zuck.png
2026-08-01 07:55:06,525 | WARNING | Download failed: https://upload.wikimedia.org/wikipedia/commons/c/c2/Marques_Brownlee_cropped.jpg | 429 Client Error: Too many requests - please contact noc@wikimedia.org to discuss a less disruptive approach or instead use thumbnail images in sizes listed on https://w.wiki/GHai. (0c640b1) for url: https://upload.wikimedia.org/wikipedia/commons/c/c2/Marques_Brownlee_cropped.jpg
2026-08-01 07:55:07,119 | WARNING | Download failed: https://upload.wikimedia.org/wikipedia/commons/a/a5/Martin_Lewis_in_2017_%28cropped%29.jpg | 429 Client Error: Too many requests - please contact noc@wikimedia.org to discuss a less disruptive approach or instead use thumbnail images in sizes listed on https://w.wiki/GHai. (0c640b1) for url: https://upload.wikimedia.org/wikipedia/commons/a/a5/Martin_Lewis_in_2017_%28cropped%29.jpg
2026-08-01 07:55:07,695 | WARNING | Download failed: https://www.paragonbank.co.uk/resources/blogimages/2751/deepfake.jpg | 403 Client Error: Forbidden for url: https://www.paragonbank.co.uk/resources/blogimages/2751/deepfake.jpg
2026-08-01 07:55:11,775 | WARNING | Download failed: https://www.entrust.com/sites/default/files/2025-03/what-are-deepfakes-blog-header-1502x800.png | 403 Client Error: Forbidden for url: https://www.entrust.com/sites/default/files/2025-03/what-are-deepfakes-blog-header-1502x800.png
2026-08-01 07:55:15,814 | WARNING | Download failed: https://journals.sagepub.com/cms/10.1177/27523543251371153/asset/875ffe02-fa4e-4dbe-af90-dafb062de16b/assets/images/large/10.1177_27523543251371153-fig3.jpg | 403 Client Error: Forbidden for url: https://journals.sagepub.com/cms/10.1177/27523543251371153/asset/875ffe02-fa4e-4dbe-af90-dafb062de16b/assets/images/large/10.1177_27523543251371153-fig3.jpg
2026-08-01 07:55:16,405 | WARNING | Download failed: https://lookaside.fbsbx.com/lookaside/crawler/threads/DZ8IDBtEkK4/0/image.jpg | cannot identify image file <_io.BytesIO object at 0x7139b8fef220>
2026-08-01 07:55:17,255 | WARNING | Download failed: https://i.ytimg.com/vi/ZsiMWpjSdnw/maxresdefault.jpg | 404 Client Error: Not Found for url: https://i.ytimg.com/vi/ZsiMWpjSdnw/maxresdefault.jpg
2026-08-01 07:55:17,878 | WARNING | Download failed: https://upload.wikimedia.org/wikipedia/commons/c/c6/Michael_Nyqvist_2016.jpg | 429 Client Error: Too many requests - please contact noc@wikimedia.org to discuss a less disruptive approach or instead use thumbnail images in sizes listed on https://w.wiki/GHai. (0c640b1) for url: https://upload.wikimedia.org/wikipedia/commons/c/c6/Michael_Nyqvist_2016.jpg
2026-08-01 07:55:18,517 | WARNING | Download failed: https://upload.wikimedia.org/wikipedia/commons/6/68/Michelle_Yeoh-2268.jpg | 429 Client Error: Too many requests - please contact noc@wikimedia.org to discuss a less disruptive approach or instead use thumbnail images in sizes listed on https://w.wiki/GHai. (0c640b1) for url: https://upload.wikimedia.org/wikipedia/commons/6/68/Michelle_Yeoh-2268.jpg
2026-08-01 07:55:19,141 | WARNING | Download failed: https://upload.wikimedia.org/wikipedia/commons/c/c8/Miles_Teller_TIFF_2025_%283x4_cropped%29.png | 429 Client Error: Too many requests - please contact noc@wikimedia.org to discuss a less disruptive approach or instead use thumbnail images in sizes listed on https://w.wiki/GHai. (0c640b1) for url: https://upload.wikimedia.org/wikipedia/commons/c/c8/Miles_Teller_TIFF_2025_%283x4_cropped%29.png
2026-08-01 07:55:20,368 | WARNING | Download failed: https://www.newarab.com/sites/default/files/2023-09/Screenshot%202023-09-22%20150852.jpg | 403 Client Error: Forbidden for url: https://www.newarab.com/sites/default/files/2023-09/Screenshot%202023-09-22%20150852.jpg
2026-08-01 07:55:20,811 | WARNING | Download failed: https://www.researchgate.net/publication/373684933/figure/fig2/AS:11431281226577379@1709263688701/Examples-of-real-and-DeepFake-manipulation-from-Celeb-df-dataset-26_Q320.jpg | 403 Client Error: Forbidden for url: https://www.researchgate.net/publication/373684933/figure/fig2/AS:11431281226577379@1709263688701/Examples-of-real-and-DeepFake-manipulation-from-Celeb-df-dataset-26_Q320.jpg
2026-08-01 07:55:21,834 | WARNING | Download failed: https://www.mdpi.com/mathematics/mathematics-10-00004/article_deploy/html/images/mathematics-10-00004-g010.png | 403 Client Error: Forbidden for url: https://www.mdpi.com/mathematics/mathematics-10-00004/article_deploy/html/images/mathematics-10-00004-g010.png
2026-08-01 07:55:37,512 | WARNING | Download failed: https://www.mcafee.com/blogs/wp-content/uploads/2025/02/1000x563_Blog_Protect-Yourself-Deepfake-Scams.png | HTTPSConnectionPool(host='www.mcafee.com', port=443): Read timed out. (read timeout=15)
2026-08-01 07:55:38,395 | WARNING | Download failed: https://vogueadria.com/wp-content/uploads/2026/01/MonICA-Bellucci-film-malena-mobile.jpg | 403 Client Error: Forbidden for url: https://vogueadria.com/wp-content/uploads/2026/01/MonICA-Bellucci-film-malena-mobile.jpg
2026-08-01 07:55:38,990 | WARNING | Download failed: https://adultdeepfakes.com/contents/videos_screenshots/24000/24739/preview_720p.mp4.jpg | ('Connection aborted.', ConnectionResetError(104, 'Connection reset by peer'))
2026-08-01 07:55:39,584 | WARNING | Download failed: https://lookaside.fbsbx.com/lookaside/crawler/instagram/DZ5MGXCPbGS/0/image.jpg | cannot identify image file <_io.BytesIO object at 0x7139b8ff1360>
2026-08-01 07:55:40,200 | WARNING | Download failed: https://lookaside.fbsbx.com/lookaside/crawler/instagram/DYt-jRrhNW7/0/image.jpg | cannot identify image file <_io.BytesIO object at 0x7139b6b07130>
2026-08-01 07:55:47,084 | WARNING | Download failed: https://dl.acm.org/cms/10.1145/3772318.3793208/asset/653c585e-4acf-4396-ad3f-9fcff0ef3bec/assets/images/medium/chi26-1700-fig3.jpg | 403 Client Error: Forbidden for url: https://dl.acm.org/cms/10.1145/3772318.3793208/asset/653c585e-4acf-4396-ad3f-9fcff0ef3bec/assets/images/medium/chi26-1700-fig3.jpg
2026-08-01 07:55:47,473 | WARNING | Download failed: https://dl.acm.org/cms/10.1145/3772318.3793208/asset/96c90a56-eb69-48cf-bb9e-cc465bc7aaa4/assets/images/medium/chi26-1700-fig1.jpg | 403 Client Error: Forbidden for url: https://dl.acm.org/cms/10.1145/3772318.3793208/asset/96c90a56-eb69-48cf-bb9e-cc465bc7aaa4/assets/images/medium/chi26-1700-fig1.jpg
2026-08-01 07:55:47,901 | WARNING | Download failed: https://www.researchgate.net/publication/353071322/figure/fig1/AS:1043187820929024@1625726766583/Examples-of-synthetic-faces-from-our-Normalized-Face-Dataset.png | 403 Client Error: Forbidden for url: https://www.researchgate.net/publication/353071322/figure/fig1/AS:1043187820929024@1625726766583/Examples-of-synthetic-faces-from-our-Normalized-Face-Dataset.png
2026-08-01 07:55:48,301 | WARNING | Download failed: https://www.researchgate.net/publication/336317420/figure/fig4/AS:811574356885517@1570505813832/Examples-of-synthetic-face-images-generated-from-the-reference-still-ROI-of-individuals.png | 403 Client Error: Forbidden for url: https://www.researchgate.net/publication/336317420/figure/fig4/AS:811574356885517@1570505813832/Examples-of-synthetic-face-images-generated-from-the-reference-still-ROI-of-individuals.png
2026-08-01 07:55:48,707 | WARNING | Download failed: https://www.researchgate.net/publication/323509990/figure/fig2/AS:667649235247112@1536191390602/Reconstruction-results-obtained-on-synthetic-dense-face-dataset-face-sequence-4-Top.png | 403 Client Error: Forbidden for url: https://www.researchgate.net/publication/323509990/figure/fig2/AS:667649235247112@1536191390602/Reconstruction-results-obtained-on-synthetic-dense-face-dataset-face-sequence-4-Top.png
2026-08-01 07:55:49,363 | WARNING | Download failed: https://www.livemint.com/lm-img/img/2025/09/13/960x540/sonam_bajwa_1757727155579_1757727178788.jpg | ('Connection aborted.', ConnectionResetError(104, 'Connection reset by peer'))
2026-08-01 07:55:54,635 | WARNING | Download failed: https://factcheck.afp.com/sites/default/files/medias/factchecking/g2/2026-07/261f1fb2d870ab7263cbe0a2fd452a50-en.jpeg | 403 Client Error: Forbidden for url: https://factcheck.afp.com/sites/default/files/medias/factchecking/g2/2026-07/261f1fb2d870ab7263cbe0a2fd452a50-en.jpeg
2026-08-01 07:55:55,345 | WARNING | Download failed: https://factcheck.afp.com/sites/default/files/styles/image_in_article/public/medias/factchecking/g2/2026-07/296044466045686546e6be9a8bb14150-en.jpeg?itok=YhUbSQTy | 403 Client Error: Forbidden for url: https://factcheck.afp.com/sites/default/files/styles/image_in_article/public/medias/factchecking/g2/2026-07/296044466045686546e6be9a8bb14150-en.jpeg?itok=YhUbSQTy
2026-08-01 07:55:56,034 | WARNING | Download failed: https://lookaside.fbsbx.com/lookaside/crawler/instagram/olgaloiek/profile_pic.jpg | cannot identify image file <_io.BytesIO object at 0x7139b8ff1360>
2026-08-01 07:55:56,612 | WARNING | Download failed: https://lookaside.fbsbx.com/lookaside/crawler/threads/olgaloiek/profile_pic.jpg | cannot identify image file <_io.BytesIO object at 0x7139c2f96310>
2026-08-01 07:55:57,720 | WARNING | Download failed: https://c.ndtvimg.com/2024-03/7h1cou4g_ukrainian-youtuber-olga-loiek_625x300_06_March_24.jpeg?im=FeatureCrop,algorithm=dnn,width=400,height=225&q=70 | 403 Client Error: Forbidden for url: https://c.ndtvimg.com/2024-03/7h1cou4g_ukrainian-youtuber-olga-loiek_625x300_06_March_24.jpeg?im=FeatureCrop,algorithm=dnn,width=400,height=225&q=70
2026-08-01 07:55:58,389 | WARNING | Download failed: https://c.ndtvimg.com/2024-03/7h1cou4g_ukrainian-youtuber-olga-loiek_625x300_06_March_24.jpeg | 403 Client Error: Forbidden for url: https://c.ndtvimg.com/2024-03/7h1cou4g_ukrainian-youtuber-olga-loiek_625x300_06_March_24.jpeg
2026-08-01 07:55:58,999 | WARNING | Download failed: https://lookaside.fbsbx.com/lookaside/crawler/threads/DTVv0fWj-Mm/0/image.jpg | cannot identify image file <_io.BytesIO object at 0x713a5c7c35e0>
2026-08-01 07:55:59,588 | WARNING | Download failed: https://lookaside.fbsbx.com/lookaside/crawler/instagram/DWZMZJxAg77/0/image.jpg | cannot identify image file <_io.BytesIO object at 0x7139b6b11bd0>
2026-08-01 07:56:00,199 | WARNING | Download failed: https://lookaside.fbsbx.com/lookaside/crawler/instagram/DWCV25MjBsa/0/image.jpg | cannot identify image file <_io.BytesIO object at 0x7139c705bea0>
2026-08-01 07:56:01,038 | WARNING | Download failed: https://upload.wikimedia.org/wikipedia/commons/6/6d/Pedro_Pascal_at_the_2025_Cannes_Film_Festival_04.jpg | 429 Client Error: Too many requests - please contact noc@wikimedia.org to discuss a less disruptive approach or instead use thumbnail images in sizes listed on https://w.wiki/GHai. (0c640b1) for url: https://upload.wikimedia.org/wikipedia/commons/6/6d/Pedro_Pascal_at_the_2025_Cannes_Film_Festival_04.jpg
2026-08-01 07:56:01,638 | WARNING | Download failed: https://upload.wikimedia.org/wikipedia/commons/4/4b/2_02_Phil_Salt.jpg | 429 Client Error: Too many requests - please contact noc@wikimedia.org to discuss a less disruptive approach or instead use thumbnail images in sizes listed on https://w.wiki/GHai. (0c640b1) for url: https://upload.wikimedia.org/wikipedia/commons/4/4b/2_02_Phil_Salt.jpg
2026-08-01 07:56:02,026 | WARNING | Download failed: https://www.researchgate.net/profile/Arnold-Abukari/publication/375695350/figure/fig1/AS:11431281205241176@1700189222615/AI-generated-image-of-Pope-Francis-Schoenherr-33_Q320.jpg | 403 Client Error: Forbidden for url: https://www.researchgate.net/profile/Arnold-Abukari/publication/375695350/figure/fig1/AS:11431281205241176@1700189222615/AI-generated-image-of-Pope-Francis-Schoenherr-33_Q320.jpg
2026-08-01 07:56:02,583 | WARNING | Download failed: https://lookaside.fbsbx.com/lookaside/crawler/instagram/rhettmc/profile_pic.jpg | cannot identify image file <_io.BytesIO object at 0x7139c6094810>
2026-08-01 07:56:03,180 | WARNING | Download failed: https://upload.wikimedia.org/wikipedia/commons/6/6d/Robert_Englund_at_Comiccon_Brussels_2023_%2853039678100%29_%28cropped%29.jpg | 429 Client Error: Too many requests - please contact noc@wikimedia.org to discuss a less disruptive approach or instead use thumbnail images in sizes listed on https://w.wiki/GHai. (0c640b1) for url: https://upload.wikimedia.org/wikipedia/commons/6/6d/Robert_Englund_at_Comiccon_Brussels_2023_%2853039678100%29_%28cropped%29.jpg
2026-08-01 07:56:03,576 | WARNING | Download failed: https://www.researchgate.net/profile/Petteri-Alahuhta/publication/236590142/figure/fig2/AS:654733031256067@1533111927322/Rogers-diffusion-model-Adopted-from-Rogers-2003-and-Moore-1995.png | 403 Client Error: Forbidden for url: https://www.researchgate.net/profile/Petteri-Alahuhta/publication/236590142/figure/fig2/AS:654733031256067@1533111927322/Rogers-diffusion-model-Adopted-from-Rogers-2003-and-Moore-1995.png
2026-08-01 07:56:04,298 | WARNING | Download failed: https://lookaside.fbsbx.com/lookaside/crawler/threads/DU5wda6DFNk/0/image.jpg | cannot identify image file <_io.BytesIO object at 0x7139c705bea0>
2026-08-01 07:56:14,638 | WARNING | Download failed: https://www.europol.europa.eu/cms/sites/default/files/styles/700x/public/images/Facing%20Reality%20Reprt%20Cover.PNG?itok=cAnpAAvu | HTTPSConnectionPool(host='www.europol.europa.eu', port=443): Max retries exceeded with url: /cms/sites/default/files/styles/700x/public/images/Facing%20Reality%20Reprt%20Cover.PNG?itok=cAnpAAvu (Caused by NewConnectionError('<urllib3.connection.HTTPSConnection object at 0x7139c716f550>: Failed to establish a new connection: [Errno -3] Temporary failure in name resolution'))
2026-08-01 07:56:15,266 | WARNING | Download failed: https://upload.wikimedia.org/wikipedia/commons/a/a7/Russell_Crowe_on_the_Green_Carpet_at_the_2025_Zurich_Film_Festival_06_%28cropped%29.jpg | 429 Client Error: Too many requests - please contact noc@wikimedia.org to discuss a less disruptive approach or instead use thumbnail images in sizes listed on https://w.wiki/GHai. (0c640b1) for url: https://upload.wikimedia.org/wikipedia/commons/a/a7/Russell_Crowe_on_the_Green_Carpet_at_the_2025_Zurich_Film_Festival_06_%28cropped%29.jpg
2026-08-01 07:56:15,904 | WARNING | Download failed: https://upload.wikimedia.org/wikipedia/commons/8/8a/Sam_Rockwell-3953.jpg | 429 Client Error: Too many requests - please contact noc@wikimedia.org to discuss a less disruptive approach or instead use thumbnail images in sizes listed on https://w.wiki/GHai. (0c640b1) for url: https://upload.wikimedia.org/wikipedia/commons/8/8a/Sam_Rockwell-3953.jpg
2026-08-01 07:56:16,595 | WARNING | Download failed: https://lookaside.fbsbx.com/lookaside/crawler/instagram/DWMXz1qgHer/0/image.jpg | cannot identify image file <_io.BytesIO object at 0x7139c2f96310>
2026-08-01 07:56:17,201 | WARNING | Download failed: https://lookaside.fbsbx.com/lookaside/crawler/instagram/DWWzCvoE8XV/0/image.jpg | cannot identify image file <_io.BytesIO object at 0x7139b8fef220>
2026-08-01 07:56:17,810 | WARNING | Download failed: https://lookaside.fbsbx.com/lookaside/crawler/instagram/DVe7yt6kQgh/0/image.jpg | cannot identify image file <_io.BytesIO object at 0x7139c2f96310>
2026-08-01 07:56:18,514 | WARNING | Download failed: https://lookaside.fbsbx.com/lookaside/crawler/instagram/DXdCgHmk6H9/0/image.jpg | cannot identify image file <_io.BytesIO object at 0x7139c705bea0>
2026-08-01 07:56:19,072 | WARNING | Download failed: https://lookaside.fbsbx.com/lookaside/crawler/instagram/Da27etLuPhR/0/image.jpg | cannot identify image file <_io.BytesIO object at 0x713a5c7c35e0>
2026-08-01 07:56:19,740 | WARNING | Download failed: https://lookaside.fbsbx.com/lookaside/crawler/instagram/shreyaghoshal/profile_pic.jpg | cannot identify image file <_io.BytesIO object at 0x7139b8fef220>
2026-08-01 07:56:20,750 | WARNING | Download failed: https://c.ndtvimg.com/2026-03/mf8tcrak_radiologists_625x300_27_March_26.png?im=FeatureCrop,algorithm=dnn,width=1200,height=738 | 403 Client Error: Forbidden for url: https://c.ndtvimg.com/2026-03/mf8tcrak_radiologists_625x300_27_March_26.png?im=FeatureCrop,algorithm=dnn,width=1200,height=738
2026-08-01 07:56:21,647 | WARNING | Download failed: https://www.newsmobile.in/wp-content/uploads/2025/07/Screenshot-2025-07-16-130254.png | cannot identify image file <_io.BytesIO object at 0x7139c7159e00>
2026-08-01 07:56:23,769 | WARNING | Download failed: https://www.newsmobile.in/wp-content/uploads/2025/04/Screenshot-2025-04-09-at-4.31.57-PM.png | cannot identify image file <_io.BytesIO object at 0x7139b8fef810>
2026-08-01 07:56:24,461 | WARNING | Download failed: https://lookaside.fbsbx.com/lookaside/crawler/instagram/DS-DZoFjVM4/0/image.jpg | cannot identify image file <_io.BytesIO object at 0x7139c2f96310>
2026-08-01 07:56:25,574 | WARNING | Download failed: https://www.midjourney.com/public/assets/images/homepage/face.png | 403 Client Error: Forbidden for url: https://www.midjourney.com/public/assets/images/homepage/face.png
2026-08-01 07:56:26,273 | WARNING | Download failed: https://lookaside.fbsbx.com/lookaside/crawler/threads/DWtOMIqjbq9/1/image.jpg | cannot identify image file <_io.BytesIO object at 0x7139b6b07130>
2026-08-01 07:56:27,087 | WARNING | Download failed: https://www.newsmobile.in/wp-content/uploads/2025/09/Screenshot-2025-09-17-at-11.06.26-AM.png | cannot identify image file <_io.BytesIO object at 0x7139c715dae0>
2026-08-01 07:56:27,948 | WARNING | Download failed: https://lookaside.fbsbx.com/lookaside/crawler/threads/DYRc4D2kxDt/0/image.jpg | cannot identify image file <_io.BytesIO object at 0x7139c715d680>
2026-08-01 07:56:28,933 | WARNING | Download failed: https://www.newsmobile.in/wp-content/uploads/2025/08/Screenshot-2025-08-26-at-10.03.17-AM.png | cannot identify image file <_io.BytesIO object at 0x7139b6b07130>
2026-08-01 07:56:29,514 | WARNING | Download failed: https://assets.misbar.com/inline-images/5f615fac61_screenshot-2025-09-02-152051.png | 403 Client Error: Forbidden for url: https://assets.misbar.com/inline-images/5f615fac61_screenshot-2025-09-02-152051.png
2026-08-01 07:56:29,968 | WARNING | Download failed: https://assets.misbar.com/inline-images/24c94278fc_screenshot-2025-09-02-150305.png | 403 Client Error: Forbidden for url: https://assets.misbar.com/inline-images/24c94278fc_screenshot-2025-09-02-150305.png
2026-08-01 07:56:30,406 | WARNING | Download failed: https://assets.misbar.com/inline-images/9c012d6b5c_image.png | 403 Client Error: Forbidden for url: https://assets.misbar.com/inline-images/9c012d6b5c_image.png
2026-08-01 07:56:46,221 | WARNING | Download failed: https://i.cbc.ca/ais/1.7113865,1717104168281/full/max/0/default.jpg?im=Crop%2Crect%3D%280%2C0%2C3000%2C1687%29%3B | HTTPSConnectionPool(host='i.cbc.ca', port=443): Read timed out. (read timeout=15)
2026-08-01 07:57:02,450 | WARNING | Download failed: https://i.cbc.ca/ais/1.7036070,1700668264000/full/max/0/default.jpg?im=Crop%2Crect%3D%280%2C0%2C3839%2C2159%29%3B | HTTPSConnectionPool(host='i.cbc.ca', port=443): Read timed out. (read timeout=15)
2026-08-01 07:57:02,857 | WARNING | Download failed: https://journals.sagepub.com/cms/10.1177/13548565211030185/asset/d9900c9a-b2a1-4a36-bc26-d727d34bdb14/assets/images/large/10.1177_13548565211030185-fig4.jpg | 403 Client Error: Forbidden for url: https://journals.sagepub.com/cms/10.1177/13548565211030185/asset/d9900c9a-b2a1-4a36-bc26-d727d34bdb14/assets/images/large/10.1177_13548565211030185-fig4.jpg
2026-08-01 07:57:22,327 | WARNING | Download failed: https://www.mcafee.com/learn/wp-content/uploads/2026/07/deepfake-600x573.png | HTTPSConnectionPool(host='www.mcafee.com', port=443): Read timed out. (read timeout=15)
2026-08-01 07:57:38,488 | WARNING | Download failed: https://www.mcafee.com/learn/wp-content/uploads/2026/07/generative-ai-600x528.png | HTTPSConnectionPool(host='www.mcafee.com', port=443): Read timed out. (read timeout=15)
2026-08-01 07:57:54,420 | WARNING | Download failed: https://www.cbc.ca/kidsnews/images/AI_Literacy_sitecard.png | HTTPSConnectionPool(host='www.cbc.ca', port=443): Read timed out. (read timeout=15)
2026-08-01 07:57:55,235 | WARNING | Download failed: https://lookaside.fbsbx.com/lookaside/crawler/instagram/DNuUpvl3iPD/0/image.jpg | cannot identify image file <_io.BytesIO object at 0x7139c7175630>
2026-08-01 07:57:55,843 | WARNING | Download failed: https://lookaside.fbsbx.com/lookaside/crawler/instagram/DRPjYTMjIfU/0/image.jpg | cannot identify image file <_io.BytesIO object at 0x7139b6b07130>
2026-08-01 07:57:56,279 | WARNING | Download failed: https://www.researchgate.net/publication/371832991/figure/fig1/AS:11431281216903460@1704942762522/Deepfake-image-of-Russian-President-Vladimir-Putin-The-left-image-is-fake-whereas-the.png | 403 Client Error: Forbidden for url: https://www.researchgate.net/publication/371832991/figure/fig1/AS:11431281216903460@1704942762522/Deepfake-image-of-Russian-President-Vladimir-Putin-The-left-image-is-fake-whereas-the.png
2026-08-01 07:57:56,927 | WARNING | Download failed: https://upload.wikimedia.org/wikipedia/commons/5/5a/Walter_Matthau_-_1952.jpg | 429 Client Error: Too many requests - please contact noc@wikimedia.org to discuss a less disruptive approach or instead use thumbnail images in sizes listed on https://w.wiki/GHai. (0c640b1) for url: https://upload.wikimedia.org/wikipedia/commons/5/5a/Walter_Matthau_-_1952.jpg
2026-08-01 07:57:57,319 | WARNING | Download failed: https://www.researchgate.net/publication/387949189/figure/fig5/AS:11431281303010520@1736697339096/Deepfake-of-Will-Smith-in-the-Gemini-Man-film-Source-FT-2019.png | 403 Client Error: Forbidden for url: https://www.researchgate.net/publication/387949189/figure/fig5/AS:11431281303010520@1736697339096/Deepfake-of-Will-Smith-in-the-Gemini-Man-film-Source-FT-2019.png
2026-08-01 07:57:57,717 | WARNING | Download failed: https://www.researchgate.net/profile/Joan-Miquel-Verges-2/publication/387949189/figure/fig5/AS:11431281303010520@1736697339096/Deepfake-of-Will-Smith-in-the-Gemini-Man-film-Source-FT-2019.png | 403 Client Error: Forbidden for url: https://www.researchgate.net/profile/Joan-Miquel-Verges-2/publication/387949189/figure/fig5/AS:11431281303010520@1736697339096/Deepfake-of-Will-Smith-in-the-Gemini-Man-film-Source-FT-2019.png
2026-08-01 07:57:58,125 | WARNING | Download failed: https://www.koimoi.com/wp-content/new-galleries/2023/08/anne-hathaway-cracking-a-sxual-joke-in-this-deepfake-video-clip-leaves-netizens-convinced-its-real-making-them-say-it-is-scary-as-hell-watch.jpg | 403 Client Error: Forbidden for url: https://www.koimoi.com/wp-content/new-galleries/2023/08/anne-hathaway-cracking-a-sxual-joke-in-this-deepfake-video-clip-leaves-netizens-convinced-its-real-making-them-say-it-is-scary-as-hell-watch.jpg
2026-08-01 07:57:58,682 | WARNING | Download failed: https://lookaside.fbsbx.com/lookaside/crawler/instagram/DN6KjTKj6qh/0/image.jpg | cannot identify image file <_io.BytesIO object at 0x7139c6094810>
2026-08-01 07:57:59,262 | WARNING | Download failed: https://lookaside.fbsbx.com/lookaside/crawler/instagram/DMXhumuIf1l/0/image.jpg | cannot identify image file <_io.BytesIO object at 0x7139b8fef9f0>
2026-08-01 07:57:59,877 | WARNING | Download failed: https://upload.wikimedia.org/wikipedia/commons/2/2d/Angela_Merkel_Juli_2010_-_3zu4.jpg | 429 Client Error: Too many requests - please contact noc@wikimedia.org to discuss a less disruptive approach or instead use thumbnail images in sizes listed on https://w.wiki/GHai. (0c640b1) for url: https://upload.wikimedia.org/wikipedia/commons/2/2d/Angela_Merkel_Juli_2010_-_3zu4.jpg
2026-08-01 07:58:00,952 | WARNING | Download failed: https://c.ndtvimg.com/2023-03/098r38v8_artist-julian-al-art-posted-aigenerated-images-of-the-former-politicians-_625x300_20_March_23.jpg | 403 Client Error: Forbidden for url: https://c.ndtvimg.com/2023-03/098r38v8_artist-julian-al-art-posted-aigenerated-images-of-the-former-politicians-_625x300_20_March_23.jpg
2026-08-01 07:58:14,873 | WARNING | Download failed: https://cdn.iks.edu.mk/wp-content/uploads/2022/10/deep-fake-featured-1024x555.jpg | HTTPSConnectionPool(host='cdn.iks.edu.mk', port=443): Max retries exceeded with url: /wp-content/uploads/2022/10/deep-fake-featured-1024x555.jpg (Caused by NewConnectionError('<urllib3.connection.HTTPSConnection object at 0x7139c7015c40>: Failed to establish a new connection: [Errno -3] Temporary failure in name resolution'))
2026-08-01 07:58:15,543 | WARNING | Download failed: https://lookaside.fbsbx.com/lookaside/crawler/instagram/C21AlBXrh1G/0/image.jpg | cannot identify image file <_io.BytesIO object at 0x7139c7159e00>
2026-08-01 07:58:16,102 | WARNING | Download failed: https://lookaside.fbsbx.com/lookaside/crawler/instagram/DU5i-tZDECv/0/image.jpg | cannot identify image file <_io.BytesIO object at 0x7139b6b11bd0>
2026-08-01 07:58:16,697 | WARNING | Download failed: https://lookaside.fbsbx.com/lookaside/crawler/instagram/DVqn-7qk3Gl/0/image.jpg | cannot identify image file <_io.BytesIO object at 0x7139c6094810>
2026-08-01 07:58:17,281 | WARNING | Download failed: https://lookaside.fbsbx.com/lookaside/crawler/instagram/DWlVBDTjrB_/0/image.jpg | cannot identify image file <_io.BytesIO object at 0x7139c7159e00>
2026-08-01 07:58:17,910 | WARNING | Download failed: https://upload.wikimedia.org/wikipedia/commons/4/43/Kriti_Sanon_at_Adipurush_pre_release_event_%282%29_%28cropped%29.jpg | 429 Client Error: Too many requests - please contact noc@wikimedia.org to discuss a less disruptive approach or instead use thumbnail images in sizes listed on https://w.wiki/GHai. (0c640b1) for url: https://upload.wikimedia.org/wikipedia/commons/4/43/Kriti_Sanon_at_Adipurush_pre_release_event_%282%29_%28cropped%29.jpg
2026-08-01 07:58:18,662 | WARNING | Download failed: https://lookaside.fbsbx.com/lookaside/crawler/instagram/DJRO04cNpcG/0/image.jpg | cannot identify image file <_io.BytesIO object at 0x7139b6b11bd0>
2026-08-01 07:58:19,602 | WARNING | Download failed: https://timesofindia.indiatimes.com/photo/msid-107467852/107467852.jpg?resizemode=4 | ('Connection aborted.', ConnectionResetError(104, 'Connection reset by peer'))
2026-08-01 07:58:20,222 | WARNING | Download failed: https://lookaside.fbsbx.com/lookaside/crawler/threads/DErzr4YxENP/2/image.jpg | cannot identify image file <_io.BytesIO object at 0x7139c6094810>
2026-08-01 07:58:30,553 | WARNING | Download failed: https://cdn-media.butfootballclub.fr/sites/iconsport_278757_0111-scaled.jpg | HTTPSConnectionPool(host='cdn-media.butfootballclub.fr', port=443): Max retries exceeded with url: /sites/iconsport_278757_0111-scaled.jpg (Caused by NewConnectionError('<urllib3.connection.HTTPSConnection object at 0x7139c716fca0>: Failed to establish a new connection: [Errno -3] Temporary failure in name resolution'))
2026-08-01 07:58:32,593 | WARNING | Download failed: https://c.ndtvimg.com/2023-05/ga01jbng_-the-post-features-mukesh-ambani-mark-zuckerberg-jeff-bezos-and-other-billionaires_625x300_07_May_23.jpg | 403 Client Error: Forbidden for url: https://c.ndtvimg.com/2023-05/ga01jbng_-the-post-features-mukesh-ambani-mark-zuckerberg-jeff-bezos-and-other-billionaires_625x300_07_May_23.jpg
2026-08-01 07:58:49,895 | WARNING | Download failed: https://factly.in/wp-content/uploads//2023/04/modi-attire-AI-claim.png | HTTPSConnectionPool(host='factly.in', port=443): Max retries exceeded with url: /wp-content/uploads//2023/04/modi-attire-AI-claim.png (Caused by NewConnectionError('<urllib3.connection.HTTPSConnection object at 0x7139c716ff10>: Failed to establish a new connection: [Errno -3] Temporary failure in name resolution'))
2026-08-01 07:58:56,255 | WARNING | Download failed: https://c.ndtvimg.com/2025-07/lrocpqbg_modi-deepfake_625x300_30_July_25.jpg?im=FeatureCrop,algorithm=dnn,width=1200,height=738 | 403 Client Error: Forbidden for url: https://c.ndtvimg.com/2025-07/lrocpqbg_modi-deepfake_625x300_30_July_25.jpg?im=FeatureCrop,algorithm=dnn,width=1200,height=738
2026-08-01 07:58:57,117 | WARNING | Download failed: https://c.ndtvimg.com/2025-07/lrocpqbg_modi-deepfake_625x300_30_July_25.jpg?im=FaceCrop,algorithm=dnn,width=270,height=300 | 403 Client Error: Forbidden for url: https://c.ndtvimg.com/2025-07/lrocpqbg_modi-deepfake_625x300_30_July_25.jpg?im=FaceCrop,algorithm=dnn,width=270,height=300
2026-08-01 07:58:57,859 | WARNING | Download failed: https://lookaside.fbsbx.com/lookaside/crawler/threads/riyaulann/profile_pic.jpg | cannot identify image file <_io.BytesIO object at 0x7139c705bea0>
2026-08-01 07:58:58,512 | WARNING | Download failed: https://lookaside.fbsbx.com/lookaside/crawler/threads/DVuc60vE_W1/3/image.jpg | cannot identify image file <_io.BytesIO object at 0x7139c2f96310>
2026-08-01 07:58:59,159 | WARNING | Download failed: https://upload.wikimedia.org/wikipedia/commons/7/7c/Sally_Bundock_at_Sustainable_Development_Impact_Summit_2021.png | 429 Client Error: Too many requests - please contact noc@wikimedia.org to discuss a less disruptive approach or instead use thumbnail images in sizes listed on https://w.wiki/GHai. (0c640b1) for url: https://upload.wikimedia.org/wikipedia/commons/7/7c/Sally_Bundock_at_Sustainable_Development_Impact_Summit_2021.png
2026-08-01 07:59:00,134 | WARNING | Download failed: https://www.newsmobile.in/wp-content/uploads/2025/05/Screenshot-2025-05-13-at-10.54.50-AM.png | cannot identify image file <_io.BytesIO object at 0x7139b6b11cc0>
2026-08-01 07:59:01,023 | WARNING | Download failed: https://www.newsmobile.in/wp-content/uploads/2025/05/Screenshot-2025-05-13-at-10.55.04-AM.png | cannot identify image file <_io.BytesIO object at 0x7139c715dae0>
2026-08-01 07:59:01,746 | WARNING | Download failed: https://timesofindia.indiatimes.com/photo/msid-107845588/107845588.jpg?resizemode=4 | ('Connection aborted.', ConnectionResetError(104, 'Connection reset by peer'))
2026-08-01 07:59:03,026 | WARNING | Download failed: https://hgtvhome.sndimg.com/content/dam/images/hgtv/unsized/2023/5/folder/RX_YDSF203_FEM_EP-203_Image-52.jpg | 403 Client Error: Forbidden for url: https://hgtvhome.sndimg.com/content/dam/images/hgtv/unsized/2023/5/folder/RX_YDSF203_FEM_EP-203_Image-52.jpg
2026-08-01 07:59:13,431 | WARNING | Download failed: https://lookaside.fbsbx.com/lookaside/crawler/threads/DKZqgVQs_Xg/0/image.jpg | cannot identify image file <_io.BytesIO object at 0x7139c7159e00>
2026-08-01 07:59:14,037 | WARNING | Download failed: https://c.ndtvimg.com/2023-06/vbscv67o_virat-kohli_625x300_11_June_23.jpg | 403 Client Error: Forbidden for url: https://c.ndtvimg.com/2023-06/vbscv67o_virat-kohli_625x300_11_June_23.jpg
2026-08-01 07:59:15,172 | WARNING | Download failed: https://www.boomlive.in/h-upload/2024/09/20/1033529-kohlideepfakecomparison.jpg | 403 Client Error: Forbidden for url: https://www.boomlive.in/h-upload/2024/09/20/1033529-kohlideepfakecomparison.jpg
2026-08-01 07:59:15,992 | WARNING | Download failed: https://www.boomlive.in/h-upload/2024/09/20/1033528-viratkohlideepfake.jpg | 403 Client Error: Forbidden for url: https://www.boomlive.in/h-upload/2024/09/20/1033528-viratkohlideepfake.jpg
2026-08-01 07:59:18,406 | WARNING | Download failed: https://upload.wikimedia.org/wikipedia/commons/e/e5/%C3%9Arsula_Corber%C3%B3-65339.jpg | 429 Client Error: Too many requests - please contact noc@wikimedia.org to discuss a less disruptive approach or instead use thumbnail images in sizes listed on https://w.wiki/GHai. (0c640b1) for url: https://upload.wikimedia.org/wikipedia/commons/e/e5/%C3%9Arsula_Corber%C3%B3-65339.jpg
2026-08-01 07:59:28,013 | INFO | ============================================================
2026-08-01 07:59:28,013 | INFO | STEP 4 RUN COMPLETE
2026-08-01 07:59:28,013 | INFO | OK (accepted)     : 18
2026-08-01 07:59:28,013 | INFO | No face           : 1
2026-08-01 07:59:28,013 | INFO | Multiple faces    : 5
2026-08-01 07:59:28,014 | INFO | Face too small    : 2
2026-08-01 07:59:28,014 | INFO | Download errors   : 233 (will retry)
2026-08-01 07:59:28,014 | INFO | Detector errors   : 1 (will retry)
2026-08-01 07:59:28,014 | INFO | ============================================================
