standardized_name,merge_key,source
2 Tuff Tony,2tufftony,DFFC
360,360,DFFC
A James Gregor,ajamesgregor,DFFC
A Jerrold Perenchio,ajerroldperenchio,Celeb
A Lee Martinez,aleemartinez,DFFC
A-1,a1,DFFC
AC Green,acgreen,DFFC
ACH,ach,DFFC
AJ Allmendinger,ajallmendinger,Both
AJ Applegate,ajapplegate,DFFC
AJ Calloway,ajcalloway,DFFC
AJ Hinch,ajhinch,DFFC
AJ Jefferson,ajjefferson,DFFC
AJ Jenkins,ajjenkins,DFFC
AJ Lee,ajlee,DFFC
AJ McCarron,ajmccarron,DFFC
AJ Price,ajprice,DFFC
AJ Styles,ajstyles,DFFC
AKON,akon,Celeb
AR Rahman,arrahman,Both
ATB,atb,Celeb
Aalviar Lima,aalviarlima,DFFC
Aamir Khan,aamirkhan,DFFC
Aaro Vainio,aarovainio,DFFC
Aaron Ashmore,aaronashmore,DFFC
Aaron Bates,aaronbates,DFFC
Aaron Berry,aaronberry,DFFC
Aaron Brooks,aaronbrooks,DFFC
Aaron Carter,aaroncarter,Celeb
Aaron Cornelius,aaroncornelius,DFFC
Aaron Corp,aaroncorp,DFFC
Aaron Dessner,aarondessner,DFFC
Aaron Diaz,aarondiaz,Celeb
Aaron Donald,aarondonald,DFFC
Aaron Eckhart,aaroneckhart,DFFC
Aaron Gordon,aarongordon,DFFC
Aaron Gryder,aarongryder,DFFC
Aaron Harrison,aaronharrison,DFFC
Aaron Hughes,aaronhughes,DFFC
Aaron Krogman,aaronkrogman,Celeb
Aaron Lim,aaronlim,DFFC
Aaron Links,aaronlinks,DFFC
Aaron Lopresti,aaronlopresti,DFFC
Aaron Lynch,aaronlynch,DFFC
Aaron Mellette,aaronmellette,DFFC
Aaron Neville,aaronneville,Celeb
Aaron North,aaronnorth,DFFC
Aaron O'Connor,aaronoconnor,DFFC
Aaron Paul,aaronpaul,Celeb
Aaron Payas,aaronpayas,DFFC
Aaron Pierre,aaronpierre,DFFC
Aaron Ramsey,aaronramsey,DFFC
Aaron Rhind,aaronrhind,DFFC
Aaron Rodgers,aaronrodgers,DFFC
Aaron Ross,aaronross,DFFC
Aaron Sandilands,aaronsandilands,DFFC
Aaron Smith,aaronsmith,DFFC
Aaron Sorkin,aaronsorkin,DFFC
Aaron Staton,aaronstaton,DFFC
Aaron Swartz,aaronswartz,DFFC
Aaron Taylor-Johnson,aarontaylorjohnson,DFFC
Aaron Tippin,aarontippin,DFFC
Aaron Tveit,aarontveit,DFFC
Aaron Van Cleave,aaronvancleave,DFFC
Aaron Williams,aaronwilliams,DFFC
Aaron Yonda,aaronyonda,DFFC
Aaron Yoo,aaronyoo,Celeb
Aashka Goradia,aashkagoradia,Celeb
Abbe Lane,abbelane,Celeb
Abbey Lee Kershaw,abbeyleekershaw,Celeb
Abby Bishop,abbybishop,DFFC
Abby Hoffman,abbyhoffman,DFFC
Abby Sunderland,abbysunderland,DFFC
Abdala Faye,abdalafaye,DFFC
Abdelaziz Bennij,abdelazizbennij,DFFC
Abdelhafid Tasfaout,abdelhafidtasfaout,DFFC
Abdellatif Kechiche,abdellatifkechiche,DFFC
Abdelmoumene Djabou,abdelmoumenedjabou,DFFC
Abderrahime Bouramdane,abderrahimebouramdane,DFFC
Abdolfattah Soltani,abdolfattahsoltani,DFFC
Abdollah Karami,abdollahkarami,DFFC
Abdoulaye Diallo,abdoulayediallo,DFFC
Abdoulaye Doucouré,abdoulayedoucour,DFFC
Abdul Hafiz,abdulhafiz,DFFC
Abdul Rashid Ghazi,abdulrashidghazi,DFFC
Abduljalil Khalil,abduljalilkhalil,DFFC
Abdulkareem Khadr,abdulkareemkhadr,DFFC
Abdullah Avcı,abdullahavc,DFFC
Abdullah Ercan,abdullahercan,DFFC
Abdullah Kobayashi,abdullahkobayashi,DFFC
Abdulrahman bin Musa'ad,abdulrahmanbinmusaad,DFFC
Abebe Fekadu,abebefekadu,DFFC
Abedin Mahdavi,abedinmahdavi,DFFC
Abelardo Fernández,abelardofernndez,DFFC
Abella Anderson,abellaanderson,DFFC
Abera Kuma,aberakuma,DFFC
Abhishek Bachchan,abhishekbachchan,DFFC
Abhishek Kapoor,abhishekkapoor,DFFC
Abi Titmuss,abititmuss,Celeb
Abigail Breslin,abigailbreslin,Celeb
Abigail Clancy,abigailclancy,Celeb
Abigail Halliday,abigailhalliday,Celeb
Abigail Spears,abigailspears,DFFC
Abigail Spencer,abigailspencer,DFFC
Abilio dos Santos Diniz,abiliodossantosdiniz,Celeb
Abraham Mateo,abrahammateo,DFFC
Abree Anna,abreeanna,Celeb
Abreham Cherkos,abrehamcherkos,DFFC
Abu Bakr al-Baghdadi,abubakralbaghdadi,DFFC
Abul Fateh,abulfateh,DFFC
Abune Paulos,abunepaulos,DFFC
Abz Love,abzlove,DFFC
Ace Atkins,aceatkins,DFFC
Ace Harper,aceharper,Celeb
Ace Hood,acehood,DFFC
Achinoam Nini,achinoamnini,DFFC
Acquanetta,acquanetta,Celeb
Act Yasukawa,actyasukawa,DFFC
Action Bronson,actionbronson,DFFC
Ad van Luyn,advanluyn,DFFC
Ada Jafri,adajafri,DFFC
Ada Livitsanou,adalivitsanou,Celeb
Ada Nicodemou,adanicodemou,Celeb
Adah Sharma,adahsharma,DFFC
Adam Baldwin,adambaldwin,Celeb
Adam Bedell,adambedell,DFFC
Adam Bielecki,adambielecki,DFFC
Adam Brody,adambrody,DFFC
Adam Buxton,adambuxton,DFFC
Adam Carolla,adamcarolla,DFFC
Adam Carriker,adamcarriker,DFFC
Adam Casey,adamcasey,DFFC
Adam Chapman,adamchapman,DFFC
Adam Copeland,adamcopeland,Celeb
Adam D'Apuzzo,adamdapuzzo,DFFC
Adam Dutkiewicz,adamdutkiewicz,DFFC
Adam Duvall,adamduvall,DFFC
Adam G Sevani,adamgsevani,Celeb
Adam George,adamgeorge,DFFC
Adam Gettis,adamgettis,DFFC
Adam Goldberg,adamgoldberg,Celeb
Adam Goldstein,adamgoldstein,Celeb
Adam Green,adamgreen,Celeb
Adam Gregory,adamgregory,Celeb
Adam Griffin,adamgriffin,DFFC
Adam Hansen,adamhansen,DFFC
Adam Irigoyen,adamirigoyen,Celeb
Adam Jones,adamjones,DFFC
Adam Kaufman,adamkaufman,Celeb
Adam Kellerman,adamkellerman,DFFC
Adam Korol,adamkorol,DFFC
Adam Kszczot,adamkszczot,DFFC
Adam Lallana,adamlallana,DFFC
Adam Lambert,adamlambert,DFFC
Adam Levine,adamlevine,Celeb
Adam Loewen,adamloewen,DFFC
Adam Lowry,adamlowry,DFFC
Adam McKay,adammckay,Celeb
Adam McQuaid,adammcquaid,DFFC
Adam Podlesh,adampodlesh,DFFC
Adam Rafferty,adamrafferty,DFFC
Adam Rex,adamrex,DFFC
Adam Rodríguez,adamrodrguez,DFFC
Adam Sarota,adamsarota,DFFC
Adam Savage,adamsavage,DFFC
Adam Scott,adamscott,DFFC
Adam Shulman,adamshulman,Celeb
Adam Stenavich,adamstenavich,DFFC
Adam Tafralis,adamtafralis,DFFC
Adam Thompson,adamthompson,DFFC
Adam Tse,adamtse,DFFC
Adam Vinatieri,adamvinatieri,DFFC
Adam Yates,adamyates,DFFC
Adam Yauch,adamyauch,DFFC
Adamari Lopez,adamarilopez,Celeb
Adda Djeziri,addadjeziri,DFFC
Addison Timlin,addisontimlin,Celeb
Ade Edmondson,adeedmondson,DFFC
Adeel pk,adeelpk,DFFC
Adela Noriega,adelanoriega,Celeb
Adelaide Kane,adelaidekane,DFFC
Adele,adele,Celeb
Adeline Blondieau,adelineblondieau,Celeb
Adeline Canac,adelinecanac,DFFC
Adem Ljajić,ademljaji,DFFC
Aderemi Adegbite,aderemiadegbite,DFFC
Adewale Akinnuoye-Agbaje,adewaleakinnuoyeagbaje,DFFC
Adie Moses,adiemoses,DFFC
Adina Forizs,adinaforizs,Celeb
Aditya Mehta,adityamehta,DFFC
Admir Mehmedi,admirmehmedi,DFFC
Adnan Farhan Abd Al Latif,adnanfarhanabdallatif,DFFC
Adnan Januzaj,adnanjanuzaj,DFFC
Adolf Burger,adolfburger,DFFC
Adolf Hitler,adolfhitler,Celeb
Adolf Winkelmann,adolfwinkelmann,DFFC
Adolfo Bautista,adolfobautista,DFFC
Adolph Cornelis van Bruggen,adolphcornelisvanbruggen,DFFC
Adolph Peschke,adolphpeschke,DFFC
Adonal Foyle,adonalfoyle,DFFC
Adrian Burk,adrianburk,DFFC
Adrian Grenier,adriangrenier,Celeb
Adrian Griffin,adriangriffin,DFFC
Adrian Moss,adrianmoss,DFFC
Adrian Mutu,adrianmutu,DFFC
Adrian Newey,adriannewey,DFFC
Adrian Pasdar,adrianpasdar,DFFC
Adrian Paul,adrianpaul,DFFC
Adrian Ropotan,adrianropotan,DFFC
Adrian Suar,adriansuar,Celeb
Adrian Sutil,adriansutil,DFFC
Adrian Zahra,adrianzahra,DFFC
Adriana Aparecida da Silva,adrianaaparecidadasilva,DFFC
Adriana Barraza,adrianabarraza,DFFC
Adriana Behar,adrianabehar,DFFC
Adriana Birolli,adrianabirolli,Celeb
Adriana Cernanova,adrianacernanova,Celeb
Adriana DeSanctis,adrianadesanctis,DFFC
Adriana Dorn,adrianadorn,Celeb
Adriana Fossa,adrianafossa,Celeb
Adriana Karembeu,adrianakarembeu,Celeb
Adriana Nikolova,adriananikolova,DFFC
Adriana Sklenarikova,adrianasklenarikova,DFFC
Adriane Galisteu,adrianegalisteu,Celeb
Adrianna Luna,adriannaluna,DFFC
Adrianne Curry,adriannecurry,Celeb
Adrianne Wadewitz,adriannewadewitz,DFFC
Adriano,adriano,DFFC
Adrie van Kraay,adrievankraay,DFFC
Adrien Brody,adrienbrody,DFFC
Adrien Douady,adriendouady,DFFC
Adrien Mattenet,adrienmattenet,Celeb
Adrien Niyonshuti,adrienniyonshuti,DFFC
Adrienne Armstrong,adriennearmstrong,Celeb
Adrienne Bailon,adriennebailon,Celeb
Adrienne Barbeau,adriennebarbeau,DFFC
Adrienne Frantz,adriennefrantz,Celeb
Adrián,adrin,DFFC
Adèle Exarchopoulos,adleexarchopoulos,DFFC
"Afa Anoaʻi, Jr",afaanoaijr,DFFC
Afflalo Arron,afflaloarron,Celeb
Afrikan Boy,afrikanboy,DFFC
Afrojack,afrojack,DFFC
Afshan Azad,afshanazad,Celeb
Aftab Ahmed,aftabahmed,DFFC
Aftab Iqbal,aftabiqbal,DFFC
Aftab Shivdasani,aftabshivdasani,Celeb
Afu Agbaria,afuagbaria,DFFC
Aga Muhlach,agamuhlach,Celeb
Agata Tuszyńska,agatatuszyska,DFFC
Agathe Bonitzer,agathebonitzer,DFFC
Agathe von Trapp,agathevontrapp,DFFC
Agent Provocateur,agentprovocateur,Celeb
Agim Kaba,agimkaba,Celeb
Agnes Buzala,agnesbuzala,Celeb
Agnes Carlsson,agnescarlsson,Celeb
Agnes Dobo,agnesdobo,Celeb
Agnes Fischer,agnesfischer,Celeb
Agnete Hegelund,agnetehegelund,Celeb
Agnetha Fältskog,agnethafltskog,DFFC
Agni Sapkota,agnisapkota,DFFC
Agnieszka Radwańska,agnieszkaradwaska,DFFC
Agnus Berenato,agnusberenato,DFFC
Agon Mehmeti,agonmehmeti,DFFC
Agostina Belli,agostinabelli,Celeb
Agostinho Cá,agostinhoc,DFFC
Agustina Cherri,agustinacherri,Celeb
Agustina Cordova,agustinacordova,Celeb
Agustina Lecouna,agustinalecouna,Celeb
Agustí Roc Amador,agustrocamador,DFFC
Agustín Orion,agustnorion,DFFC
Agyness Deyn,agynessdeyn,Celeb
Ah Young,ahyoung,DFFC
Aharon Appelfeld,aharonappelfeld,DFFC
Ahmad Al Shugairi,ahmadalshugairi,DFFC
Ahmad Brooks,ahmadbrooks,DFFC
Ahmad Elrich,ahmadelrich,DFFC
Ahmad Faraz,ahmadfaraz,DFFC
Ahmad Rashād,ahmadrashd,DFFC
Ahmadulhaq Che Omar,ahmadulhaqcheomar,DFFC
Ahmed Nabil,ahmednabil,DFFC
Ahmet Kural,ahmetkural,Celeb
Ahmet Yılmaz Çalık,ahmetylmazalk,DFFC
Ahmet Zappa,ahmetzappa,DFFC
Ahmet Özhan,ahmetzhan,DFFC
Ahmet Üzümcü,ahmetzmc,DFFC
Ahu Yagtu,ahuyagtu,Celeb
Ai Fukuhara,aifukuhara,DFFC
Ai Haneda,aihaneda,DFFC
Ai Kago,aikago,Celeb
Ai Miyazato,aimiyazato,DFFC
Ai Otsuka,aiotsuka,Celeb
Ai Shimizu,aishimizu,DFFC
Ai Takahashi,aitakahashi,Celeb
Ai Takamatsu,aitakamatsu,Celeb
Ai Ueda,aiueda,DFFC
Ai Weiwei,aiweiwei,DFFC
Aida Artiles,aidaartiles,Celeb
Aida Yespica,aidayespica,Celeb
Aidan Chippendale,aidanchippendale,DFFC
Aidan Gillen,aidangillen,Celeb
Aidan Riley,aidanriley,DFFC
Aiden McGeady,aidenmcgeady,DFFC
Aidin Mahmutović,aidinmahmutovi,DFFC
Aiga Grabuste,aigagrabuste,DFFC
Ailyn,ailyn,DFFC
Aimee Garcia,aimeegarcia,Celeb
Aimee Mullins,aimeemullins,Celeb
Aimee Ruby,aimeeruby,Celeb
Aimee Teegarden,aimeeteegarden,Celeb
Aimé Jacquet,aimjacquet,DFFC
Ainars Bagatskis,ainarsbagatskis,DFFC
Ainhoa Arteta,ainhoaarteta,DFFC
Ainsley Maitland-Niles,ainsleymaitlandniles,DFFC
Aisha Tyler,aishatyler,Celeb
Aishwarya Rai Bachchan,aishwaryaraibachchan,DFFC
Aisleyne Horgan-Wallace,aisleynehorganwallace,DFFC
Aivars Endziņš,aivarsendzi,DFFC
Aiza Seguerra,aizaseguerra,Celeb
Ajay Devgn,ajaydevgn,Celeb
Ajda Pekkan,ajdapekkan,Celeb
Ajit Hutheesing,ajithutheesing,DFFC
Aju Varghese,ajuvarghese,Celeb
Akbar Ganji,akbarganji,DFFC
Akeem Davis,akeemdavis,DFFC
Akeem Dent,akeemdent,DFFC
Akeem Foster,akeemfoster,DFFC
Aki Kaurismäki,akikaurismki,DFFC
Aki Maeda,akimaeda,Celeb
Akiem Hicks,akiemhicks,DFFC
Akihiko Saito,akihikosaito,DFFC
Akihiro Sato,akihirosato,Celeb
Akiko Suzuki,akikosuzuki,DFFC
Akiko Yada,akikoyada,Celeb
Akin Ayodele,akinayodele,DFFC
Akinori Ogata,akinoriogata,DFFC
Akio Sasaki,akiosasaki,DFFC
Akio Toyoda,akiotoyoda,DFFC
Akrobatik,akrobatik,DFFC
Aksana Miankova,aksanamiankova,DFFC
Aksel Lund Svindal,aksellundsvindal,DFFC
Akshay Kumar,akshaykumar,Celeb
Akshaye Khanna,akshayekhanna,Celeb
Akzhurek Tanatarov,akzhurektanatarov,DFFC
Al Attles,alattles,DFFC
Al Bangura,albangura,DFFC
Al Barr,albarr,DFFC
Al Borges,alborges,DFFC
Al DeMao,aldemao,DFFC
Al Feuerbach,alfeuerbach,DFFC
Al Franken,alfranken,Celeb
Al Green,algreen,DFFC
Al Hansen,alhansen,DFFC
Al Harrington,alharrington,DFFC
Al Heist,alheist,DFFC
Al Horford,alhorford,DFFC
Al Jardine,aljardine,DFFC
Al Jefferson,aljefferson,DFFC
Al Jones,aljones,DFFC
Al Jourgensen,aljourgensen,DFFC
Al Kozar,alkozar,DFFC
Al Michaels,almichaels,DFFC
Al Mulock,almulock,DFFC
Al Pacino,alpacino,DFFC
Al Roker,alroker,DFFC
Al Rosen,alrosen,DFFC
Al Stewart,alstewart,DFFC
Al Thornton,althornton,DFFC
Al Unser,alunser,DFFC
Al Woods,alwoods,DFFC
Al-Muhtadee Billah,almuhtadeebillah,DFFC
Alain Bergeron,alainbergeron,DFFC
Alain Bernard,alainbernard,Celeb
Alain Caveglia,alaincaveglia,DFFC
Alain Delon,alaindelon,Celeb
Alain Duhamel,alainduhamel,DFFC
Alain Giresse,alaingiresse,DFFC
Alain Johannes,alainjohannes,DFFC
Alain Lemieux,alainlemieux,DFFC
Alain Merieux,alainmerieux,Celeb
Alain Pellegrini,alainpellegrini,DFFC
Alain de Benoist,alaindebenoist,DFFC
Alaina Beaton,alainabeaton,Celeb
Alaine Chartrand,alainechartrand,DFFC
Alan Alda,alanalda,DFFC
Alan Arkin,alanarkin,Celeb
Alan Ashby,alanashby,DFFC
Alan Badel,alanbadel,DFFC
Alan Bennett,alanbennett,DFFC
Alan Carr,alancarr,Celeb
Alan Connell,alanconnell,DFFC
Alan Dale,alandale,DFFC
Alan Devonshire,alandevonshire,DFFC
Alan Dunbar,alandunbar,DFFC
Alan Frew,alanfrew,DFFC
Alan Garcia,alangarcia,DFFC
Alan Gordon,alangordon,DFFC
Alan Holley,alanholley,DFFC
Alan Hollinghurst,alanhollinghurst,DFFC
Alan Hopes,alanhopes,DFFC
Alan Hudson,alanhudson,DFFC
Alan Irvine,alanirvine,DFFC
Alan Jackson,alanjackson,DFFC
Alan Judge,alanjudge,DFFC
Alan Kasaev,alankasaev,DFFC
Alan Khugayev,alankhugayev,DFFC
Alan Kotok,alankotok,DFFC
Alan Ladd,alanladd,Celeb
Alan M Taylor,alanmtaylor,DFFC
Alan Major,alanmajor,DFFC
Alan Mulally,alanmulally,DFFC
Alan Parker,alanparker,DFFC
Alan Pérez,alanprez,DFFC
Alan Ramsay,alanramsay,DFFC
Alan Rickman,alanrickman,Celeb
Alan Ritchson,alanritchson,DFFC
Alan Silvestri,alansilvestri,DFFC
Alan Smolinisky,alansmolinisky,DFFC
Alan Stivell,alanstivell,DFFC
Alan Taylor,alantaylor,DFFC
Alan Thicke,alanthicke,DFFC
Alan Tudyk,alantudyk,DFFC
Alan Walton,alanwalton,DFFC
Alana Blanchard,alanablanchard,Celeb
Alana Miller,alanamiller,DFFC
Alana de la Garza,alanadelagarza,DFFC
Alannah Myles,alannahmyles,Celeb
Alanzinho,alanzinho,DFFC
Alassane Pléa,alassanepla,DFFC
Alastair Cook,alastaircook,DFFC
Alastair Reynolds,alastairreynolds,DFFC
Alayna Lutkovskaya,alaynalutkovskaya,DFFC
Alba Carrillo,albacarrillo,Celeb
Alban Meha,albanmeha,DFFC
Alban Préaubert,albanpraubert,DFFC
Albano Olivetti,albanoolivetti,DFFC
Albert Bregman,albertbregman,DFFC
Albert Demchenko,albertdemchenko,DFFC
Albert Einstein,alberteinstein,Celeb
Albert Ferrer,albertferrer,DFFC
Albert Finney,albertfinney,Celeb
Albert Hammond Jr,alberthammondjr,Celeb
Albert Hofmann,alberthofmann,DFFC
Albert Jorquera,albertjorquera,DFFC
Albert Lilar,albertlilar,DFFC
Albert Llovera,albertllovera,DFFC
Albert McClellan,albertmcclellan,DFFC
Albert Proud,albertproud,DFFC
Albert Sosnowski,albertsosnowski,DFFC
Albert Yavuryan,albertyavuryan,DFFC
"Albert, 12th Prince of Thurn and Taxis",albert12thprinceofthurnandtaxis,DFFC
Albert-László Barabási,albertlszlbarabsi,DFFC
Alberta Adams,albertaadams,DFFC
Alberto Bettiol,albertobettiol,DFFC
Alberto Contador,albertocontador,DFFC
Alberto David,albertodavid,DFFC
Alberto Del Rio,albertodelrio,DFFC
Alberto Dines,albertodines,DFFC
Alberto Gilardino,albertogilardino,DFFC
Alberto Granado,albertogranado,DFFC
Alberto Górriz,albertogrriz,DFFC
Alberto Juantorena,albertojuantorena,DFFC
Alberto Montt,albertomontt,DFFC
Alberto Moreno,albertomoreno,DFFC
Alberto Nogar,albertonogar,DFFC
Alberto Paloschi,albertopaloschi,DFFC
Alberto Sardiñas,albertosardias,DFFC
Alberto Zapater,albertozapater,DFFC
Albina Loginova,albinaloginova,DFFC
Albrecht Behmel,albrechtbehmel,DFFC
Albrecht Wellmer,albrechtwellmer,DFFC
Alden Richards,aldenrichards,DFFC
Aldis Hodge,aldishodge,DFFC
Aldo Montano,aldomontano,Celeb
Aldo Poy,aldopoy,DFFC
Aldo Ray,aldoray,Celeb
Aldo Teqja,aldoteqja,DFFC
Aldo de Nigris,aldodenigris,DFFC
Aldon Smith,aldonsmith,DFFC
Aldrick Robinson,aldrickrobinson,DFFC
Alec Empire,alecempire,Celeb
Alec John Such,alecjohnsuch,Celeb
Alec Urosevski,alecurosevski,DFFC
Aled Jones,aledjones,DFFC
Aleix Vidal,aleixvidal,DFFC
Alejandra Gutierrez,alejandragutierrez,Celeb
Alejandra Guzman,alejandraguzman,Celeb
Alejandra Lazcano,alejandralazcano,Celeb
Alejandra Robles,alejandrarobles,DFFC
Alejandro Arribas,alejandroarribas,DFFC
Alejandro Borrajo,alejandroborrajo,DFFC
Alejandro González,alejandrogonzlez,DFFC
Alejandro Gómez Monteverde,alejandrogmezmonteverde,DFFC
Alejandro Jodorowsky,alejandrojodorowsky,DFFC
Alejandro Romay,alejandroromay,DFFC
Alejandro Sanz,alejandrosanz,Celeb
Aleks Marić,aleksmari,DFFC
Aleksa Palladino,aleksapalladino,Celeb
Aleksandar Aleksić,aleksandaraleksi,DFFC
Aleksandar Boljević,aleksandarboljevi,DFFC
Aleksandar Ignjovski,aleksandarignjovski,DFFC
Aleksandar Kolarov,aleksandarkolarov,DFFC
Aleksandar Kostoski,aleksandarkostoski,DFFC
Aleksandar Luković,aleksandarlukovi,DFFC
Aleksandar Pavlović,aleksandarpavlovi,DFFC
Aleksandar Rašić,aleksandarrai,DFFC
Aleksandar Sarić,aleksandarsari,DFFC
Aleksandar Stankov,aleksandarstankov,DFFC
Aleksandar Todorov,aleksandartodorov,DFFC
Aleksandar Tonev,aleksandartonev,DFFC
Aleksandar Trifunović,aleksandartrifunovi,DFFC
Aleksandar Ćapin,aleksandarapin,DFFC
"Aleksander Barkov, Jr",aleksanderbarkovjr,DFFC
Aleksander Burba,aleksanderburba,DFFC
Aleksander Miśta,aleksandermita,DFFC
Aleksander Wojtkiewicz,aleksanderwojtkiewicz,DFFC
Aleksandr Alkhazov,aleksandralkhazov,DFFC
Aleksandr Belenov,aleksandrbelenov,DFFC
Aleksandr Bukharov,aleksandrbukharov,DFFC
Aleksandr Domogarov,aleksandrdomogarov,Celeb
Aleksandr Filippenko,aleksandrfilippenko,DFFC
Aleksandr Filtsov,aleksandrfiltsov,DFFC
Aleksandr Fomichyov,aleksandrfomichyov,DFFC
Aleksandr Grishin,aleksandrgrishin,DFFC
Aleksandr Ilyin,aleksandrilyin,DFFC
Aleksandr Kazakevič,aleksandrkazakevi,DFFC
Aleksandr Kerzhakov,aleksandrkerzhakov,DFFC
Aleksandr Kolomeytsev,aleksandrkolomeytsev,DFFC
Aleksandr Kulagin,aleksandrkulagin,DFFC
Aleksandr Malygin,aleksandrmalygin,DFFC
Aleksandr Menkov,aleksandrmenkov,DFFC
Aleksandr Panayotov Aleksandrov,aleksandrpanayotovaleksandrov,DFFC
Aleksandr Prudnikov,aleksandrprudnikov,DFFC
Aleksandr Revva,aleksandrrevva,Celeb
Aleksandr Samedov,aleksandrsamedov,DFFC
Aleksandr Shirko,aleksandrshirko,DFFC
Aleksandr Vasilievich Kuligin,aleksandrvasilievichkuligin,DFFC
Aleksandr Yeliseyev,aleksandryeliseyev,DFFC
Aleksandra Fedoriva,aleksandrafedoriva,DFFC
Aleksandra Krunić,aleksandrakruni,DFFC
Aleksandra Kwasniewska,aleksandrakwasniewska,Celeb
Aleksei Anatolyevich Kozlov,alekseianatolyevichkozlov,DFFC
Aleksei Gubarev,alekseigubarev,DFFC
Aleksei Ionov,alekseiionov,DFFC
Aleksei Lysov,alekseilysov,DFFC
Aleksey Batalov,alekseybatalov,DFFC
Aleksey Kamkin,alekseykamkin,DFFC
Aleksey Markovsky,alekseymarkovsky,DFFC
Aleksey Yakimenko,alekseyyakimenko,DFFC
Aleksi Mäkelä,aleksimkel,DFFC
Alektra Blue,alektrablue,Celeb
Alen Halilović,alenhalilovi,DFFC
Alena Blohm,alenablohm,Celeb
Alena Kaufman,alenakaufman,DFFC
Alena Leonova,alenaleonova,DFFC
Alena Seredova,alenaseredova,Celeb
Alena Shishkova,alenashishkova,DFFC
Alena Zavarzina,alenazavarzina,DFFC
Alenka Puhar,alenkapuhar,DFFC
Alesha Dixon,aleshadixon,Celeb
Alessandra Ambrosio,alessandraambrosio,DFFC
Alessandra Torresani,alessandratorresani,Celeb
Alessandro Bruno,alessandrobruno,DFFC
Alessandro De Marchi,alessandrodemarchi,DFFC
Alessandro Del Piero,alessandrodelpiero,DFFC
Alessandro Nivola,alessandronivola,Celeb
Alessandro Vanotti,alessandrovanotti,DFFC
Alessia Trost,alessiatrost,DFFC
Alessia Ventura,alessiaventura,Celeb
Alessio Cerci,alessiocerci,DFFC
Alessio Romagnoli,alessioromagnoli,DFFC
Aletta van Manen,alettavanmanen,DFFC
Alex,alex,DFFC
Alex Agase,alexagase,DFFC
Alex Baumann,alexbaumann,DFFC
Alex Beh,alexbeh,Celeb
Alex Belfield,alexbelfield,DFFC
Alex Blake,alexblake,DFFC
Alex Bowman,alexbowman,DFFC
Alex Cano,alexcano,DFFC
Alex Cisak,alexcisak,DFFC
Alex Curran,alexcurran,Celeb
Alex Davies,alexdavies,DFFC
Alex Debón,alexdebn,DFFC
Alex Dellal,alexdellal,Celeb
Alex Dodge,alexdodge,DFFC
Alex Dujshebaev,alexdujshebaev,DFFC
Alex Dyson,alexdyson,DFFC
Alex Ferguson,alexferguson,DFFC
Alex Gaskarth,alexgaskarth,Celeb
Alex Gaudino,alexgaudino,DFFC
Alex Gibney,alexgibney,DFFC
Alex Grant,alexgrant,DFFC
Alex Grecian,alexgrecian,DFFC
Alex Johnson,alexjohnson,DFFC
Alex Kapranos,alexkapranos,Celeb
Alex Karbouris,alexkarbouris,DFFC
Alex Kingston,alexkingston,DFFC
Alex Kruz,alexkruz,DFFC
Alex Lambert,alexlambert,DFFC
Alex Lawless,alexlawless,DFFC
Alex Lloyd,alexlloyd,DFFC
Alex Lora Cercos,alexloracercos,DFFC
Alex Lundqvist,alexlundqvist,Celeb
Alex MacDowall,alexmacdowall,DFFC
Alex Mack,alexmack,DFFC
Alex Maestri,alexmaestri,DFFC
Alex Meraz,alexmeraz,DFFC
Alex Miller,alexmiller,DFFC
Alex Molinaroli,alexmolinaroli,DFFC
Alex Monteiro de Lima,alexmonteirodelima,DFFC
Alex Murphy,alexmurphy,DFFC
Alex Nedeljkovic,alexnedeljkovic,DFFC
Alex Newell,alexnewell,DFFC
Alex Nicholls,alexnicholls,DFFC
Alex OLoughlin,alexoloughlin,Celeb
Alex Oxlade-Chamberlain,alexoxladechamberlain,DFFC
Alex Pearce,alexpearce,DFFC
Alex Pettyfer,alexpettyfer,Celeb
Alex Rae,alexrae,DFFC
Alex Rhodes,alexrhodes,DFFC
Alex Rocco,alexrocco,DFFC
Alex Rodriguez,alexrodriguez,Celeb
Alex Ross Perry,alexrossperry,DFFC
Alex Sanders,alexsanders,DFFC
Alex Saviuk,alexsaviuk,DFFC
Alex Scales,alexscales,DFFC
Alex Schulman,alexschulman,DFFC
Alex Shibutani,alexshibutani,DFFC
Alex Singer,alexsinger,DFFC
Alex Smithies,alexsmithies,DFFC
Alex Tachie-Mensah,alextachiemensah,DFFC
Alex Teixeira,alexteixeira,DFFC
Alex Torres,alextorres,DFFC
Alex Trebek,alextrebek,DFFC
Alex Turner,alexturner,DFFC
Alex Wagner,alexwagner,DFFC
Alex Whitworth,alexwhitworth,DFFC
Alex Wilkinson,alexwilkinson,DFFC
Alex Winter,alexwinter,DFFC
Alex de Angelis,alexdeangelis,DFFC
Alexa Bliss,alexabliss,DFFC
Alexa Chung,alexachung,Celeb
Alexa Davalos,alexadavalos,Celeb
Alexa Feser,alexafeser,DFFC
Alexa Havins,alexahavins,DFFC
Alexa Ray Joel,alexarayjoel,DFFC
Alexander Abt,alexanderabt,DFFC
Alexander Armstrong,alexanderarmstrong,DFFC
Alexander Bălănescu,alexanderblnescu,DFFC
"Alexander Cary, Master of Falkland",alexandercarymasteroffalkland,DFFC
Alexander Choupenitch,alexanderchoupenitch,DFFC
Alexander Dale Oen,alexanderdaleoen,DFFC
"Alexander Douglas-Hamilton, 16th Duke of Hamilton",alexanderdouglashamilton16thdukeofhamilton,DFFC
Alexander Gauland,alexandergauland,DFFC
Alexander Grachev,alexandergrachev,DFFC
Alexander Hacke,alexanderhacke,DFFC
Alexander Halavais,alexanderhalavais,DFFC
Alexander Kačaniklić,alexanderkaanikli,DFFC
Alexander Khodakovsky,alexanderkhodakovsky,DFFC
Alexander Koch,alexanderkoch,DFFC
Alexander Koreshkov,alexanderkoreshkov,DFFC
Alexander Kosenkow,alexanderkosenkow,DFFC
Alexander Kravchenko,alexanderkravchenko,DFFC
Alexander König,alexanderknig,DFFC
Alexander L Wolf,alexanderlwolf,DFFC
Alexander Massialas,alexandermassialas,DFFC
Alexander McQueen,alexandermcqueen,DFFC
Alexander Norén,alexandernorn,DFFC
Alexander Ovechkin,alexanderovechkin,Celeb
Alexander Payne,alexanderpayne,DFFC
Alexander Peternell,alexanderpeternell,DFFC
Alexander Porsev,alexanderporsev,DFFC
Alexander Rusev,alexanderrusev,DFFC
Alexander Rybak,alexanderrybak,Celeb
Alexander Shakalov,alexandershakalov,DFFC
Alexander Shlemenko,alexandershlemenko,DFFC
Alexander Sims,alexandersims,DFFC
Alexander Skarsgard,alexanderskarsgard,Celeb
Alexander Smirnov,alexandersmirnov,DFFC
Alexander Søderlund,alexandersderlund,DFFC
Alexander Tikhonov,alexandertikhonov,DFFC
Alexander Vlahos,alexandervlahos,DFFC
Alexander Volkov,alexandervolkov,DFFC
Alexander Wennberg,alexanderwennberg,DFFC
Alexander Zhulin,alexanderzhulin,DFFC
"Alexander, Crown Prince of Yugoslavia",alexandercrownprinceofyugoslavia,DFFC
Alexandr Kolobnev,alexandrkolobnev,DFFC
Alexandr Sukhorukov,alexandrsukhorukov,DFFC
Alexandra Agoston-OConnor,alexandraagostonoconnor,Celeb
Alexandra Breckenridge,alexandrabreckenridge,Celeb
Alexandra Burchenkova,alexandraburchenkova,DFFC
Alexandra Burke,alexandraburke,DFFC
Alexandra Chando,alexandrachando,Celeb
Alexandra Escobar,alexandraescobar,DFFC
Alexandra Hedison,alexandrahedison,Celeb
Alexandra Holden,alexandraholden,Celeb
Alexandra Kamp,alexandrakamp,Celeb
Alexandra Krosney,alexandrakrosney,DFFC
Alexandra Maria Lara,alexandramarialara,Celeb
Alexandra Neldel,alexandraneldel,Celeb
Alexandra Obolentseva,alexandraobolentseva,DFFC
Alexandra Paul,alexandrapaul,DFFC
Alexandra Pelosi,alexandrapelosi,DFFC
Alexandra Quinn,alexandraquinn,DFFC
Alexandra Richards,alexandrarichards,Celeb
Alexandra Rosenfeld,alexandrarosenfeld,DFFC
Alexandra Sahlen,alexandrasahlen,DFFC
Alexandra Silk,alexandrasilk,DFFC
Alexandra Stan,alexandrastan,DFFC
Alexandra Stepanova,alexandrastepanova,DFFC
Alexandra Szarvas,alexandraszarvas,DFFC
Alexandra Tomlinson,alexandratomlinson,Celeb
Alexandra Tretter,alexandratretter,Celeb
Alexandre Fadeev,alexandrefadeev,DFFC
Alexandre Furmanovich,alexandrefurmanovich,Celeb
Alexandre Luiz Fernandes,alexandreluizfernandes,DFFC
Alexandre Pato,alexandrepato,DFFC
Alexandre Prémat,alexandreprmat,DFFC
Alexandre Sap,alexandresap,DFFC
Alexandria Mills,alexandriamills,DFFC
Alexandros Tzorvas,alexandrostzorvas,DFFC
Alexandru Chipciu,alexandruchipciu,DFFC
Alexei Hay,alexeihay,Celeb
Alexei Kalyuzhny,alexeikalyuzhny,DFFC
Alexei Kovalev,alexeikovalev,DFFC
Alexei Menshikov,alexeimenshikov,DFFC
Alexei Mishin,alexeimishin,DFFC
Alexei Ratmansky,alexeiratmansky,DFFC
Alexei Rogonov,alexeirogonov,DFFC
Alexei Shirov,alexeishirov,DFFC
Alexei Sitnikov,alexeisitnikov,DFFC
Alexey Amosov,alexeyamosov,DFFC
Alexey Lutsenko,alexeylutsenko,DFFC
Alexey Miller,alexeymiller,Celeb
Alexey Mordashov,alexeymordashov,Celeb
Alexey Novikov-Priboy,alexeynovikovpriboy,DFFC
Alexey Rubtsov,alexeyrubtsov,DFFC
Alexey Shved,alexeyshved,DFFC
Alexi Lalas,alexilalas,DFFC
Alexi Lubomirski,alexilubomirski,Celeb
Alexis Ajinça,alexisajina,DFFC
Alexis Amore,alexisamore,DFFC
Alexis Arquette,alexisarquette,DFFC
Alexis Blin,alexisblin,DFFC
Alexis Denisof,alexisdenisof,Celeb
Alexis Dziena,alexisdziena,Celeb
Alexis Gougeard,alexisgougeard,DFFC
Alexis Jordan,alexisjordan,DFFC
Alexis Kanner,alexiskanner,DFFC
Alexis Knapp,alexisknapp,DFFC
Alexis Smith,alexissmith,DFFC
Alexis Texas,alexistexas,DFFC
Alexis Vuillermoz,alexisvuillermoz,DFFC
Alexz Johnson,alexzjohnson,Celeb
Alf Bigden,alfbigden,DFFC
Alf Rehn,alfrehn,DFFC
Alfie Boe,alfieboe,DFFC
Alfie Burden,alfieburden,DFFC
Alfie Potter,alfiepotter,DFFC
Alfio Basile,alfiobasile,DFFC
Alfonso Herrera,alfonsoherrera,Celeb
Alfre Woodard,alfrewoodard,Celeb
Alfred Aboya,alfredaboya,DFFC
Alfred Dorfer,alfreddorfer,DFFC
Alfred Enoch,alfredenoch,DFFC
Alfred Hitchcock,alfredhitchcock,Celeb
Alfred Landé,alfredland,DFFC
Alfred Molina,alfredmolina,DFFC
Alfred Pee Wee Ellis,alfredpeeweeellis,DFFC
Alfred Schmidt,alfredschmidt,DFFC
Alfred Thomson,alfredthomson,DFFC
Alfredo Bryce,alfredobryce,DFFC
Alfredo Ottaviani,alfredoottaviani,DFFC
Alfredo Palacio,alfredopalacio,DFFC
Ali Abbas Al-Hilfi,aliabbasalhilfi,DFFC
Ali Ansarian,aliansarian,DFFC
Ali Campbell,alicampbell,DFFC
Ali Daei,alidaei,DFFC
Ali Farokhmanesh,alifarokhmanesh,DFFC
Ali Fasir,alifasir,DFFC
Ali Fedotowsky,alifedotowsky,Celeb
Ali Hewson,alihewson,DFFC
Ali Hoseini Khamenei,alihoseinikhamenei,Celeb
Ali Lohan,alilohan,Celeb
Ali Mabkhout,alimabkhout,DFFC
Ali MacGraw,alimacgraw,Celeb
Ali Mejbel Fartoos,alimejbelfartoos,DFFC
Ali Michael,alimichael,Celeb
Ali Nazifkar,alinazifkar,DFFC
Ali Salem Tamek,alisalemtamek,DFFC
Ali Shaheed Muhammad,alishaheedmuhammad,DFFC
Ali Stephens,alistephens,Celeb
Ali Traoré,alitraor,DFFC
Ali İhsan Varol,aliihsanvarol,DFFC
Alia Bhatt,aliabhatt,DFFC
Alia Shawkat,aliashawkat,DFFC
Alice Amter,aliceamter,DFFC
Alice Burdeu,aliceburdeu,DFFC
Alice David,alicedavid,DFFC
Alice Dellal,alicedellal,DFFC
Alice Eve,aliceeve,DFFC
Alice Faye,alicefaye,Celeb
Alice Greczyn,alicegreczyn,Celeb
Alice Krige,alicekrige,DFFC
Alice Neel,aliceneel,DFFC
Alice Panikian,alicepanikian,Celeb
Alice Parisi,aliceparisi,DFFC
Alice Pol,alicepol,DFFC
Alice Schlesinger,aliceschlesinger,DFFC
Alice Svensson,alicesvensson,DFFC
Alice Taglioni,alicetaglioni,DFFC
Alice Upcott,aliceupcott,DFFC
Alice Walker,alicewalker,DFFC
Alice Walton,alicewalton,DFFC
Alice Waters,alicewaters,DFFC
Alice White,alicewhite,Celeb
Alicia Ashley,aliciaashley,DFFC
Alicia Coppola,aliciacoppola,DFFC
Alicia Fox,aliciafox,DFFC
Alicia Keys,aliciakeys,DFFC
Alicia Machado,aliciamachado,Celeb
Alicia Sacramone,aliciasacramone,DFFC
Alicia Silverstone,aliciasilverstone,DFFC
Alicia Vikander,aliciavikander,DFFC
Alicia Witt,aliciawitt,DFFC
Alicja Bachleda,alicjabachleda,Celeb
Alicja Majewska,alicjamajewska,DFFC
Alien Huang,alienhuang,DFFC
Aliki Vougiouklaki,alikivougiouklaki,Celeb
Alim Qasimov,alimqasimov,DFFC
Alimzhan Tokhtakhunov,alimzhantokhtakhunov,DFFC
Alin Badea,alinbadea,DFFC
Alina Fernández,alinafernndez,DFFC
Alina Jidkova,alinajidkova,DFFC
Alina Komashchuk,alinakomashchuk,DFFC
Alina Makarenko,alinamakarenko,DFFC
Alina Puscau,alinapuscau,Celeb
Alina Vacariu,alinavacariu,Celeb
Aline Focken,alinefocken,DFFC
Aline Küppenheim,alinekppenheim,DFFC
Aline Nakashima,alinenakashima,Celeb
Aline Weber,alineweber,DFFC
Alinne Moraes,alinnemoraes,DFFC
Aliona Dubinina,alionadubinina,DFFC
Aliona Savchenko,alionasavchenko,DFFC
Alisa Bachurina,alisabachurina,Celeb
Alisa Basyuk,alisabasyuk,Celeb
Alisa Galliamova,alisagalliamova,DFFC
Alisa Harvey,alisaharvey,DFFC
Alisa Melekhina,alisamelekhina,DFFC
Alisa Torres,alisatorres,Celeb
Alisha Inacio,alishainacio,DFFC
Alison Balsom,alisonbalsom,DFFC
Alison Brie,alisonbrie,DFFC
Alison Carroll,alisoncarroll,DFFC
Alison Eastwood,alisoneastwood,Celeb
Alison Geissler,alisongeissler,DFFC
Alison Goldfrapp,alisongoldfrapp,DFFC
Alison Gopnik,alisongopnik,DFFC
Alison Haislip,alisonhaislip,Celeb
Alison Krauss,alisonkrauss,DFFC
Alison Lohman,alisonlohman,DFFC
Alison Mosshart,alisonmosshart,Celeb
Alison Moyet,alisonmoyet,DFFC
Alison Nix,alisonnix,Celeb
Alison O'Donnell,alisonodonnell,DFFC
Alison Quinn,alisonquinn,DFFC
Alison Riske,alisonriske,DFFC
Alison Steadman,alisonsteadman,DFFC
Alison Stewart,alisonstewart,DFFC
Alison Sweeney,alisonsweeney,DFFC
Alison Sydor,alisonsydor,DFFC
Alison Waite,alisonwaite,Celeb
Alistair MacLeod,alistairmacleod,DFFC
Aliza Sherman,alizasherman,DFFC
Alizé Cornet,alizcornet,DFFC
Alizé Lim,alizlim,DFFC
Alizée,alize,DFFC
Alizée Dufraisse,alizedufraisse,DFFC
Aljur Abrenica,aljurabrenica,Celeb
Alla Demidova,allademidova,DFFC
Alla Larionova,allalarionova,Celeb
Alla Pugacheva,allapugacheva,Celeb
Allahshukur Pashazadeh,allahshukurpashazadeh,DFFC
Allan Dykstra,allandykstra,DFFC
Allan Fotheringham,allanfotheringham,DFFC
Allan Hansen,allanhansen,DFFC
Allan Hobson,allanhobson,DFFC
Allan Rich,allanrich,DFFC
Allan Vainola,allanvainola,DFFC
Allan Wanga,allanwanga,DFFC
Allan Warren,allanwarren,DFFC
Allegra Versace,allegraversace,Celeb
Allel Boukhalfa,allelboukhalfa,DFFC
Allen B DuMont,allenbdumont,DFFC
Allen Drury,allendrury,DFFC
Allen Leech,allenleech,DFFC
Allen Patrick,allenpatrick,DFFC
Allen Say,allensay,Celeb
Allen Stone,allenstone,DFFC
Allen York,allenyork,DFFC
Allie DiMeco,alliedimeco,DFFC
Allie Grant,alliegrant,DFFC
Allie Hann-McCurdy,alliehannmccurdy,DFFC
Allie MacDonald,alliemacdonald,DFFC
Allie Reynolds,alliereynolds,DFFC
Allison Harvard,allisonharvard,DFFC
Allison Iraheta,allisoniraheta,DFFC
Allison Janney,allisonjanney,DFFC
Allison Melnick,allisonmelnick,Celeb
Allison Scagliotti,allisonscagliotti,Celeb
Allison Tolman,allisontolman,DFFC
Allison Williams,allisonwilliams,DFFC
Ally Sheedy,allysheedy,DFFC
Allyson Felix,allysonfelix,DFFC
Alma Smith Jacobs,almasmithjacobs,DFFC
Almami Moreira,almamimoreira,DFFC
Almen Abdi,almenabdi,DFFC
Almudena Fernandez,almudenafernandez,Celeb
Alon Day,alonday,DFFC
Alona Bondarenko,alonabondarenko,DFFC
Alona Tal,alonatal,Celeb
Alondra Johnson,alondrajohnson,DFFC
Alonzo Mourning,alonzomourning,DFFC
Aloysius Yap,aloysiusyap,DFFC
Alpaslan Öztürk,alpaslanztrk,DFFC
Alper Potuk,alperpotuk,DFFC
Alpha Blondy,alphablondy,DFFC
Alphonse Bois Sec Ardoin,alphonseboissecardoin,DFFC
Alshon Jeffery,alshonjeffery,DFFC
Alsou,alsou,Celeb
Altuna Sejdiu,altunasejdiu,Celeb
Alun Cochrane,aluncochrane,DFFC
Alun Evans,alunevans,DFFC
Alurista,alurista,DFFC
Alvaro Jacomossi,alvarojacomossi,Celeb
Alvin Lee,alvinlee,DFFC
Alvin Toffler,alvintoffler,DFFC
Aly Michalka,alymichalka,Celeb
Aly Raisman,alyraisman,DFFC
Alyaksandr Kulchy,alyaksandrkulchy,DFFC
Alycia Debnam-Carey,alyciadebnamcarey,DFFC
Alyona Lanskaya,alyonalanskaya,DFFC
Alyosha,alyosha,DFFC
Alysia Montaño,alysiamontao,DFFC
Alysia Reiner,alysiareiner,DFFC
Alyson Stoner,alysonstoner,DFFC
Alyssa Campanella,alyssacampanella,Celeb
Alyssa Mautz,alyssamautz,DFFC
Alyssa Milano,alyssamilano,Celeb
Alyssa Miller,alyssamiller,Celeb
Alyssa Sutherland,alyssasutherland,Celeb
Alyssah Ali,alyssahali,Celeb
Alyy Khan,alyykhan,Celeb
Alīna Fjodorova,alnafjodorova,DFFC
Amaia Montero,amaiamontero,DFFC
Amaia Salamanca,amaiasalamanca,Celeb
Amal Clooney,amalclooney,DFFC
Amala Shankar,amalashankar,DFFC
Amancio Ortega,amancioortega,Celeb
Amanda Billings,amandabillings,DFFC
Amanda Brandao,amandabrandao,Celeb
Amanda Carter,amandacarter,DFFC
Amanda Crew,amandacrew,DFFC
Amanda De Cadenet,amandadecadenet,Celeb
Amanda Detmer,amandadetmer,Celeb
Amanda Evora,amandaevora,DFFC
Amanda Fowler,amandafowler,DFFC
Amanda Fraser,amandafraser,DFFC
Amanda Hearst,amandahearst,Celeb
Amanda Hendrick,amandahendrick,Celeb
Amanda Holden,amandaholden,Celeb
Amanda Jenssen,amandajenssen,DFFC
Amanda Kurtović,amandakurtovi,DFFC
Amanda Lexx,amandalexx,Celeb
Amanda Loncar,amandaloncar,Celeb
Amanda Moore,amandamoore,Celeb
Amanda Palmer,amandapalmer,Celeb
Amanda Peet,amandapeet,DFFC
Amanda Pennekamp,amandapennekamp,DFFC
Amanda Plummer,amandaplummer,Celeb
Amanda Redman,amandaredman,DFFC
Amanda Righetti,amandarighetti,DFFC
Amanda Schulman,amandaschulman,DFFC
Amanda Setton,amandasetton,Celeb
Amanda Seyfried,amandaseyfried,DFFC
Amanda Shaw,amandashaw,DFFC
Amanda Tapping,amandatapping,DFFC
Amanda Velenosi,amandavelenosi,DFFC
Amanda Vilanova,amandavilanova,DFFC
Amantle Montsho,amantlemontsho,DFFC
Amar'e Stoudemire,amarestoudemire,Both
Amat Escalante,amatescalante,DFFC
Amaury Nolasco,amaurynolasco,Celeb
Amaël Moinard,amalmoinard,DFFC
Ambareesh,ambareesh,Celeb
Amber Benson,amberbenson,Celeb
Amber Brkich,amberbrkich,Celeb
Amber Campbell,ambercampbell,Celeb
Amber Coffman,ambercoffman,DFFC
Amber Corwin,ambercorwin,DFFC
Amber Diane Sainsbury,amberdianesainsbury,Celeb
Amber Evans,amberevans,Celeb
Amber Lancaster,amberlancaster,Celeb
Amber Lawrence,amberlawrence,DFFC
Amber Le Bon,amberlebon,DFFC
Amber Liu,amberliu,DFFC
Amber MacArthur,ambermacarthur,DFFC
Amber Neben,amberneben,DFFC
Amber Neilson,amberneilson,DFFC
Amber O'Neal,amberoneal,DFFC
Amber Rayne,amberrayne,DFFC
Amber Riley,amberriley,Celeb
Amber Rose,amberrose,Celeb
Amber Valletta,ambervalletta,DFFC
Ambra Angiolini,ambraangiolini,Celeb
Ambrose Akinmusire,ambroseakinmusire,DFFC
Ambrosine Phillpotts,ambrosinephillpotts,DFFC
Ameesha Patel,ameeshapatel,Celeb
Amela Terzić,amelaterzi,DFFC
Amelia Racine,ameliaracine,Celeb
Amelia Warner,ameliawarner,Celeb
Amell Santana,amellsantana,DFFC
America Olivo,americaolivo,Celeb
American Idol,americanidol,DFFC
Americo Amorim,americoamorim,Celeb
Ameriie,ameriie,Celeb
Ami Suzuki,amisuzuki,DFFC
Amin Askar,aminaskar,DFFC
Aminata Savadogo,aminatasavadogo,DFFC
Amir Abo-Shaeer,amiraboshaeer,DFFC
Amir Abrashi,amirabrashi,DFFC
Amir Mansour,amirmansour,DFFC
Amir Nojan,amirnojan,DFFC
Amir Taaki,amirtaaki,DFFC
Amjad Kalaf,amjadkalaf,DFFC
Aml Ameen,amlameen,DFFC
Amobi Okugo,amobiokugo,DFFC
Amon Tobin,amontobin,Celeb
Amory Lovins,amorylovins,DFFC
Amos Bar,amosbar,DFFC
Amos Gitai,amosgitai,DFFC
Amos Yudan,amosyudan,DFFC
Amrita Arora,amritaarora,Celeb
Amrita Mukherjee,amritamukherjee,Celeb
Amrita Puri,amritapuri,DFFC
Amruta Subhash,amrutasubhash,DFFC
Amy Acker,amyacker,DFFC
Amy Adams,amyadams,Celeb
Amy Brenneman,amybrenneman,DFFC
Amy Childs,amychilds,Celeb
Amy Chua,amychua,DFFC
Amy Davidson,amydavidson,Celeb
Amy Diamond,amydiamond,DFFC
Amy Dumas,amydumas,Celeb
Amy Fisher,amyfisher,DFFC
Amy Goodman,amygoodman,DFFC
Amy Grant,amygrant,Celeb
Amy Hill,amyhill,DFFC
Amy Irving,amyirving,Celeb
Amy Jackson,amyjackson,Celeb
Amy Jo Johnson,amyjojohnson,DFFC
Amy Kane,amykane,DFFC
Amy LePeilbet,amylepeilbet,DFFC
Amy Lee,amylee,DFFC
Amy Locane,amylocane,Celeb
Amy Macdonald,amymacdonald,DFFC
Amy Ray,amyray,DFFC
Amy Reeder,amyreeder,DFFC
Amy Ried,amyried,DFFC
Amy Ryan,amyryan,Celeb
Amy Sedaris,amysedaris,Celeb
Amy Vitale,amyvitale,DFFC
Amy Winehouse,amywinehouse,DFFC
Amy Yang,amyyang,DFFC
Américo Gallego,amricogallego,DFFC
AnNa R,annar,DFFC
Ana Alexander,anaalexander,Celeb
Ana Beatriz,anabeatriz,DFFC
Ana Beatriz Barros,anabeatrizbarros,Celeb
Ana Bertha Lepe,anaberthalepe,DFFC
Ana Bogdan,anabogdan,DFFC
Ana Brenda Contreras,anabrendacontreras,Celeb
Ana Carolina,anacarolina,DFFC
Ana Claudia Michels,anaclaudiamichels,Celeb
Ana Cunha,anacunha,Celeb
Ana Derșidan-Ene-Pascu,anaderidanenepascu,DFFC
Ana Girardot,anagirardot,DFFC
Ana Hickmann,anahickmann,Celeb
Ana Jelušić,anajelui,DFFC
Ana Johnsson,anajohnsson,DFFC
Ana Layevska,analayevska,Celeb
Ana Lucia Dominguez,analuciadominguez,Celeb
Ana María Polo,anamarapolo,DFFC
Ana Matnadze,anamatnadze,DFFC
Ana Matronic,anamatronic,DFFC
Ana Ortiz,anaortiz,Celeb
Ana Patricia Botín,anapatriciabotn,DFFC
Ana Rocha,anarocha,DFFC
Ana Srebrnič,anasrebrni,DFFC
Ana Vidović,anavidovi,DFFC
Ana Yancy Clavel,anayancyclavel,Celeb
Ana de la Reguera,anadelareguera,Celeb
Ana-Maria Crnogorčević,anamariacrnogorevi,DFFC
Anabel Balkenhol,anabelbalkenhol,DFFC
Anabela Belikova,anabelabelikova,Celeb
Anahi,anahi,Celeb
Analeigh Tipton,analeightipton,Celeb
Analu Campos,analucampos,Celeb
Anand Gandhi,anandgandhi,DFFC
Anand Mahindra,anandmahindra,Celeb
Ananda Everingham,anandaeveringham,Celeb
Ananda Krishnan,anandakrishnan,Celeb
Ananda Lewis,anandalewis,Celeb
Anastacia,anastacia,Celeb
Anastasia Bucsis,anastasiabucsis,DFFC
Anastasia Gimazetdinova,anastasiagimazetdinova,DFFC
Anastasia Grymalska,anastasiagrymalska,DFFC
Anastasia Ivankova,anastasiaivankova,DFFC
Anastasia Martiusheva,anastasiamartiusheva,DFFC
Anastasia Mayo,anastasiamayo,DFFC
Anastasia Nazarenko,anastasianazarenko,DFFC
Anastasia Pivovarova,anastasiapivovarova,DFFC
Anastasia Platonova,anastasiaplatonova,DFFC
Anastasia Stotskaya,anastasiastotskaya,Celeb
Anastasiya Kapachinskaya,anastasiyakapachinskaya,DFFC
Anastasiya Markovich,anastasiyamarkovich,DFFC
Anastasiya Vertinskaya,anastasiyavertinskaya,Celeb
Anastassia Morkovkina,anastassiamorkovkina,DFFC
Anatol Zhabotinsky,anatolzhabotinsky,DFFC
Anatoli Firsov,anatolifirsov,DFFC
Anatoliy Zlenko,anatoliyzlenko,DFFC
Anatoly Kudryavitsky,anatolykudryavitsky,DFFC
Anaïs Mitchell,anasmitchell,DFFC
Anaïs Ventard,anasventard,DFFC
Anders Bardal,andersbardal,DFFC
Anders Bárány,andersbrny,DFFC
Anders Fager,andersfager,DFFC
Anders Holm,andersholm,DFFC
Anders Holmertz,andersholmertz,DFFC
Anders Konradsen,anderskonradsen,DFFC
Anders Lundin,anderslundin,DFFC
Anders Wejryd,anderswejryd,DFFC
Anderson Cooper,andersoncooper,Celeb
Andi Deris,andideris,Celeb
Andi Eigenmann,andieigenmann,Celeb
Andi Herzog,andiherzog,DFFC
Andi Lila,andilila,DFFC
Andi Muise,andimuise,Celeb
Andik Vermansyah,andikvermansyah,DFFC
Andray Blatche,andrayblatche,DFFC
Andre 3000 Andre Benjamin,andre3000andrebenjamin,Celeb
Andre Braugher,andrebraugher,DFFC
Andre Carter,andrecarter,DFFC
Andre Dawkins,andredawkins,DFFC
Andre Deveaux,andredeveaux,DFFC
Andre Drummond,andredrummond,DFFC
Andre Heidari,andreheidari,DFFC
Andre Matos,andrematos,DFFC
Andre Miller,andremiller,DFFC
Andre Reed,andrereed,DFFC
Andre Waters,andrewaters,DFFC
Andrea Anders,andreaanders,Celeb
Andrea Arnold,andreaarnold,DFFC
Andrea Bertolini,andreabertolini,DFFC
Andrea Bowen,andreabowen,DFFC
Andrea Collarini,andreacollarini,DFFC
Andrea Corr,andreacorr,Celeb
Andrea Davidovich,andreadavidovich,DFFC
Andrea Dossena,andreadossena,DFFC
Andrea Dovizioso,andreadovizioso,DFFC
Andrea Echeverri,andreaecheverri,DFFC
Andrea Escalona,andreaescalona,Celeb
Andrea Fischbacher,andreafischbacher,DFFC
Andrea Garcia,andreagarcia,Celeb
Andrea Giani,andreagiani,DFFC
Andrea Guardini,andreaguardini,DFFC
Andrea Gámiz,andreagmiz,DFFC
Andrea Hewitt,andreahewitt,Celeb
Andrea Hlaváčková,andreahlavkov,DFFC
Andrea Iannone,andreaiannone,DFFC
Andrea James,andreajames,DFFC
Andrea Jeremiah,andreajeremiah,DFFC
Andrea King,andreaking,DFFC
Andrea Kreuzer,andreakreuzer,DFFC
Andrea Martin,andreamartin,Celeb
Andrea Osvart,andreaosvart,Celeb
Andrea Parker,andreaparker,Celeb
Andrea Pietra,andreapietra,Celeb
Andrea Poli,andreapoli,DFFC
Andrea Raggi,andrearaggi,DFFC
Andrea Riseborough,andreariseborough,DFFC
Andrea Thompson,andreathompson,DFFC
Andrea Trinchieri,andreatrinchieri,DFFC
Andrea Zordan,andreazordan,DFFC
Andrea Šušnjara,andreaunjara,DFFC
Andreas Beck,andreasbeck,DFFC
Andreas Bergmann,andreasbergmann,DFFC
Andreas Bourani,andreasbourani,DFFC
Andreas Engel,andreasengel,DFFC
Andreas Glyniadakis,andreasglyniadakis,DFFC
Andreas Hofmann,andreashofmann,DFFC
Andreas Isaksson,andreasisaksson,DFFC
Andreas Ivanschitz,andreasivanschitz,DFFC
Andreas Johnson,andreasjohnson,DFFC
Andreas Kappes,andreaskappes,DFFC
Andreas Kisser,andreaskisser,DFFC
Andreas Köpke,andreaskpke,DFFC
Andreas Makris,andreasmakris,DFFC
Andreas Mjøs,andreasmjs,DFFC
Andreas Nilsson,andreasnilsson,DFFC
Andreas Ottl,andreasottl,DFFC
Andreas Pietschmann,andreaspietschmann,DFFC
Andreas Raudsepp,andreasraudsepp,DFFC
Andreas Reinke,andreasreinke,DFFC
Andreas Scholl,andreasscholl,DFFC
Andreas Seppi,andreasseppi,DFFC
Andreas Siljeström,andreassiljestrm,DFFC
Andreas Thiel,andreasthiel,DFFC
Andreas Vojta,andreasvojta,DFFC
Andreas Weimann,andreasweimann,DFFC
Andreas Widhölzl,andreaswidhlzl,DFFC
Andreea Diaconu,andreeadiaconu,Celeb
Andreea Mitu,andreeamitu,DFFC
Andrei Aramnau,andreiaramnau,DFFC
Andrei Bahdanovich,andreibahdanovich,DFFC
Andrei Deputat,andreideputat,DFFC
Andrei Gavrilin,andreigavrilin,DFFC
Andrei Gorbanets,andreigorbanets,DFFC
Andrei Lutai,andreilutai,DFFC
Andrei Markov,andreimarkov,DFFC
Andrei Mărgăritescu,andreimrgritescu,DFFC
Andrei Sakharov,andreisakharov,DFFC
Andrei Sergeyevich Semyonov,andreisergeyevichsemyonov,DFFC
Andrei Sidorenkov,andreisidorenkov,DFFC
Andrei Sinitsyn,andreisinitsyn,DFFC
Andrei Tarasenko,andreitarasenko,DFFC
Andrei Voznesensky,andreivoznesensky,DFFC
Andrej Meszároš,andrejmeszro,DFFC
Andrej Rozman – Roza,andrejrozmanroza,DFFC
Andrej Šustr,andrejustr,DFFC
Andreja Milutinović,andrejamilutinovi,DFFC
Andreja Pejić,andrejapeji,DFFC
Andres Gil,andresgil,Celeb
Andres Serrano,andresserrano,DFFC
Andres Velencoso,andresvelencoso,Celeb
Andressa Fontana,andressafontana,Celeb
Andreu Fontàs,andreufonts,DFFC
Andrew Alberts,andrewalberts,DFFC
Andrew Breitbart,andrewbreitbart,DFFC
Andrew Cohen,andrewcohen,DFFC
Andrew Copson,andrewcopson,DFFC
Andrew David Irvine,andrewdavidirvine,DFFC
Andrew Dost,andrewdost,DFFC
Andrew Evans,andrewevans,DFFC
Andrew Fenn,andrewfenn,DFFC
Andrew Friedman,andrewfriedman,DFFC
Andrew Gachkar,andrewgachkar,DFFC
Andrew Gardner,andrewgardner,DFFC
Andrew Goudelock,andrewgoudelock,DFFC
Andrew Graham-Dixon,andrewgrahamdixon,DFFC
Andrew Harrison,andrewharrison,DFFC
Andrew Harwood Mills,andrewharwoodmills,DFFC
Andrew Hawkins,andrewhawkins,DFFC
Andrew Hoole,andrewhoole,DFFC
Andrew Hughes,andrewhughes,DFFC
Andrew Jenks,andrewjenks,DFFC
Andrew Jordan,andrewjordan,DFFC
Andrew Keegan,andrewkeegan,Celeb
Andrew Ladd,andrewladd,DFFC
Andrew Lancel,andrewlancel,Celeb
Andrew Lapthorne,andrewlapthorne,DFFC
Andrew Lee Potts,andrewleepotts,Celeb
Andrew MacDonald,andrewmacdonald,DFFC
Andrew McCarthy,andrewmccarthy,DFFC
Andrew McDonald,andrewmcdonald,DFFC
Andrew Miller,andrewmiller,DFFC
Andrew N Schofield,andrewnschofield,DFFC
Andrew O'Shaughnessy,andrewoshaughnessy,DFFC
Andrew Orvedahl,andreworvedahl,DFFC
Andrew Packer,andrewpacker,DFFC
Andrew Pulford,andrewpulford,DFFC
Andrew Robinson,andrewrobinson,DFFC
Andrew Ross Sorkin,andrewrosssorkin,DFFC
Andrew Sachs,andrewsachs,DFFC
Andrew Scott,andrewscott,DFFC
Andrew Serwer,andrewserwer,DFFC
Andrew Stevens,andrewstevens,Celeb
Andrew Strauss,andrewstrauss,DFFC
Andrew Symonds,andrewsymonds,DFFC
Andrew VanWyngarden,andrewvanwyngarden,Celeb
Andrew WK,andrewwk,DFFC
Andrew Wenger,andrewwenger,DFFC
Andrew White,andrewwhite,DFFC
Andrew Wilson,andrewwilson,DFFC
Andrew Witty,andrewwitty,DFFC
Andrey Akopyants,andreyakopyants,DFFC
Andrey Arshavin,andreyarshavin,DFFC
Andrey Borodin,andreyborodin,DFFC
Andrey Gagarin,andreygagarin,DFFC
Andrey Kashechkin,andreykashechkin,DFFC
Andrey Kuznetsov,andreykuznetsov,DFFC
Andrey Rublev,andreyrublev,DFFC
Andrey Zeits,andreyzeits,DFFC
Andrii Kobchyk,andriikobchyk,DFFC
Andrija Jukic,andrijajukic,DFFC
Andriy Bliznichenko,andriybliznichenko,DFFC
Andriy Deryzemlya,andriyderyzemlya,DFFC
Andriy Kuzmenko,andriykuzmenko,DFFC
Andriy Shevchenko,andriyshevchenko,Celeb
Andrus Kivirähk,andruskivirhk,DFFC
Andruw Jones,andruwjones,Celeb
Andrzej Grabowski,andrzejgrabowski,DFFC
Andrzej Mleczko,andrzejmleczko,DFFC
Andrzej Morozowski,andrzejmorozowski,DFFC
Andrzej Schinzel,andrzejschinzel,DFFC
Andrzej Tadeusz Kijowski,andrzejtadeuszkijowski,DFFC
András Rédli,andrsrdli,DFFC
András Simor,andrssimor,DFFC
András Szántó,andrssznt,DFFC
André Balazs,andrbalazs,DFFC
André Bankoff,andrbankoff,DFFC
André Bormanis,andrbormanis,DFFC
André Borschberg,andrborschberg,DFFC
André Breitenreiter,andrbreitenreiter,DFFC
André Brink,andrbrink,DFFC
André De Shields,andrdeshields,DFFC
André Forcier,andrforcier,DFFC
André Gomes,andrgomes,DFFC
André Greipel,andrgreipel,DFFC
André Hansen,andrhansen,DFFC
André Kim,andrkim,DFFC
André Kuipers,andrkuipers,DFFC
André Lenz,andrlenz,DFFC
André Olivier,androlivier,DFFC
André Wetzel,andrwetzel,DFFC
André-Pierre Gignac,andrpierregignac,DFFC
Andréa Ferréol,andraferrol,DFFC
Andrée Lachapelle,andrelachapelle,DFFC
Andrée Tainsy,andretainsy,DFFC
Andrée Watters,andrewatters,DFFC
Andréia Rosa de Andrade,andriarosadeandrade,DFFC
Andrés Escobar,andrsescobar,DFFC
Andrés Galarraga,andrsgalarraga,DFFC
Andrés Iniesta,andrsiniesta,DFFC
Andrés Palop,andrspalop,DFFC
Andrés Rodríguez,andrsrodrguez,DFFC
Andrés Suárez,andrssurez,DFFC
Andujar Pablo,andujarpablo,Celeb
Andy Bell,andybell,DFFC
Andy Biersack,andybiersack,Celeb
Andy Borg,andyborg,DFFC
Andy Breckman,andybreckman,DFFC
Andy Burgess,andyburgess,DFFC
Andy Cohen,andycohen,DFFC
Andy Dalton,andydalton,DFFC
Andy Davis,andydavis,DFFC
Andy Enfield,andyenfield,DFFC
Andy Fairweather Low,andyfairweatherlow,DFFC
Andy Ferrell,andyferrell,DFFC
Andy García,andygarca,DFFC
Andy Gibb,andygibb,Celeb
Andy Haldane,andyhaldane,DFFC
Andy Hamilton,andyhamilton,DFFC
Andy Hurley,andyhurley,DFFC
Andy Iro,andyiro,DFFC
Andy Katz,andykatz,DFFC
Andy King,andyking,DFFC
Andy LaRoche,andylaroche,DFFC
Andy Leaning,andyleaning,DFFC
Andy Meyrick,andymeyrick,DFFC
Andy Mientus,andymientus,DFFC
Andy Murray,andymurray,Celeb
Andy Neate,andyneate,DFFC
Andy Pettitte,andypettitte,Celeb
Andy Ponstein,andyponstein,DFFC
Andy Porter,andyporter,DFFC
Andy Powell,andypowell,DFFC
Andy Ram,andyram,DFFC
Andy Rautins,andyrautins,DFFC
Andy Richards,andyrichards,DFFC
Andy Richter,andyrichter,Celeb
Andy Roda,andyroda,DFFC
Andy Samberg,andysamberg,Celeb
Andy Serkis,andyserkis,Celeb
Andy Seto,andyseto,DFFC
Andy Smith,andysmith,DFFC
Andy Soule,andysoule,DFFC
Andy Sutton,andysutton,DFFC
Andy Taylor,andytaylor,DFFC
Andy Tennant,andytennant,DFFC
Andy Vernon,andyvernon,DFFC
Andy Whitfield,andywhitfield,Celeb
Andy Williams,andywilliams,Celeb
Andy Zaltzman,andyzaltzman,DFFC
Ane Brun,anebrun,DFFC
Ane Carmen Roggen,anecarmenroggen,DFFC
Anel Odendaal,anelodendaal,Celeb
Aneta Corsaut,anetacorsaut,Celeb
Anete Brice,anetebrice,DFFC
Aneurin Barnard,aneurinbarnard,DFFC
Ang Bang Heng,angbangheng,DFFC
Ange Postecoglou,angepostecoglou,DFFC
Angel Boris,angelboris,DFFC
Angel Campos,angelcampos,DFFC
Angel Coulby,angelcoulby,Celeb
Angel Deradoorian,angelderadoorian,DFFC
Angel Faith,angelfaith,Celeb
Angel Granchov,angelgranchov,DFFC
Angel Haze,angelhaze,DFFC
Angel Leigh McCoy,angelleighmccoy,DFFC
Angel Lola Luv Fershgenet,angellolaluvfershgenet,Celeb
Angela Bassett,angelabassett,DFFC
Angela Cartwright,angelacartwright,Celeb
Angela Griffin,angelagriffin,Celeb
Angela Jonsson,angelajonsson,DFFC
Angela Kinsey,angelakinsey,DFFC
Angela Lindvall,angelalindvall,Celeb
Angela Little,angelalittle,Celeb
Angela Marcello,angelamarcello,Celeb
Angela Maxwell,angelamaxwell,DFFC
Angela Rippon,angelarippon,DFFC
Angela Ruggiero,angelaruggiero,DFFC
Angela Simmons,angelasimmons,Celeb
Angela Stanford,angelastanford,DFFC
Angela Wang,angelawang,DFFC
Angelababy,angelababy,DFFC
Angelica Bengtsson,angelicabengtsson,DFFC
Angelica Rivera,angelicarivera,Celeb
Angelika Cichocka,angelikacichocka,DFFC
Angelika Pylkina,angelikapylkina,DFFC
Angelo DiGeorge,angelodigeorge,DFFC
Angelo Dundee,angelodundee,DFFC
Angelo Palombo,angelopalombo,DFFC
Angelo Scalzone,angeloscalzone,DFFC
Angelo Scola,angeloscola,DFFC
Angelos Charisteas,angeloscharisteas,DFFC
Anggun,anggun,DFFC
Angie Cepeda,angiecepeda,Celeb
Angie Dickinson,angiedickinson,Celeb
Angie Everhart,angieeverhart,DFFC
Angie Harmon,angieharmon,Celeb
Angry Anderson,angryanderson,DFFC
Angus Brayshaw,angusbrayshaw,DFFC
Angus Deayton,angusdeayton,DFFC
Angus Macfadyen,angusmacfadyen,Celeb
Angus McLaren,angusmclaren,Celeb
Angus Reid,angusreid,DFFC
Angus Scrimm,angusscrimm,Celeb
Angus T Jones,angustjones,Celeb
Angélica María,anglicamara,DFFC
Anhayla,anhayla,DFFC
Ani DiFranco,anidifranco,DFFC
Ani Lorak,anilorak,DFFC
Anikó Kálovics,anikklovics,DFFC
Anine Bing,aninebing,Celeb
Anine Kruse,aninekruse,DFFC
Anirudh Ravichander,anirudhravichander,DFFC
Anish Kapoor,anishkapoor,DFFC
Anissa Kate,anissakate,DFFC
Anita Briem,anitabriem,Celeb
Anita Dongre,anitadongre,DFFC
Anita Ekberg,anitaekberg,Celeb
Anita Louise,anitalouise,Celeb
Anita Mui,anitamui,DFFC
Anita Page,anitapage,Celeb
Anita Pallenberg,anitapallenberg,Celeb
Anita Simoncini,anitasimoncini,DFFC
Anita Zucker,anitazucker,Celeb
Anja Eline Skybakmoen,anjaelineskybakmoen,DFFC
Anja Kling,anjakling,Celeb
Anja Kruse,anjakruse,Celeb
Anja Monke,anjamonke,DFFC
Anja Pärson,anjaprson,DFFC
Anja Rubik,anjarubik,Celeb
Anjana Sukhani,anjanasukhani,Celeb
Anjelica Huston,anjelicahuston,Celeb
Anjelika Krylova,anjelikakrylova,DFFC
Ankie Bagger,ankiebagger,DFFC
Ankita Shorey,ankitashorey,DFFC
Ann Althouse,annalthouse,DFFC
Ann Bancroft,annbancroft,DFFC
Ann Beattie,annbeattie,DFFC
Ann Blyth,annblyth,Celeb
Ann Christy,annchristy,DFFC
Ann Coulter,anncoulter,Celeb
Ann Curry,anncurry,Celeb
Ann Dowling,anndowling,DFFC
Ann Dvorak,anndvorak,Celeb
Ann Harding,annharding,Celeb
Ann Heberlein,annheberlein,DFFC
Ann Livermore,annlivermore,DFFC
Ann Magnuson,annmagnuson,DFFC
Ann Nocenti,annnocenti,DFFC
Ann Peebles,annpeebles,DFFC
Ann Rutherford,annrutherford,Celeb
Ann Savoy,annsavoy,DFFC
Ann Sheridan,annsheridan,Celeb
Ann Sothern,annsothern,Celeb
Ann Wedgeworth,annwedgeworth,DFFC
Ann-Britt Ryd Pettersson,annbrittrydpettersson,DFFC
Ann-Katrin Berger,annkatrinberger,DFFC
Ann-Margret,annmargret,Celeb
Anna Belknap,annabelknap,Celeb
Anna Book,annabook,DFFC
Anna Brewster,annabrewster,Celeb
Anna Brüggemann,annabrggemann,DFFC
Anna Calvi,annacalvi,DFFC
Anna Cappellini,annacappellini,DFFC
Anna Chicherova,annachicherova,DFFC
Anna Chlumsky,annachlumsky,Celeb
Anna Chyzh,annachyzh,Celeb
Anna Danilina,annadanilina,DFFC
Anna Deavere Smith,annadeaveresmith,DFFC
Anna Dementyeva,annadementyeva,DFFC
Anna Dereszowska,annadereszowska,Celeb
Anna Draganska,annadraganska,Celeb
Anna Dymna,annadymna,DFFC
Anna Falchi,annafalchi,Celeb
Anna Fenninger,annafenninger,DFFC
Anna Friel,annafriel,Celeb
Anna Galiena,annagaliena,DFFC
Anna Gerasimova,annagerasimova,DFFC
Anna Gunn,annagunn,Celeb
Anna Gushina,annagushina,Celeb
Anna Haag,annahaag,DFFC
Anna Halprin,annahalprin,DFFC
Anna Held,annaheld,Celeb
Anna Hutchison,annahutchison,Celeb
Anna Incerti,annaincerti,DFFC
Anna Jagodzinska,annajagodzinska,Celeb
Anna K,annak,DFFC
Anna Karina,annakarina,Celeb
Anna Kendrick,annakendrick,DFFC
Anna Khilkevich,annakhilkevich,Celeb
Anna Khnychenkova,annakhnychenkova,DFFC
Anna Kooiman,annakooiman,DFFC
Anna Kournikova,annakournikova,DFFC
Anna Lee,annalee,Celeb
Anna Levandi,annalevandi,DFFC
Anna Mae Winburn,annamaewinburn,DFFC
Anna Maria Cseh,annamariacseh,Celeb
Anna Maria Perez de Tagle,annamariaperezdetagle,Celeb
Anna Massey,annamassey,Celeb
Anna Meares,annameares,Celeb
Anna Mei,annamei,DFFC
Anna Mucha,annamucha,Celeb
Anna Márton,annamrton,DFFC
Anna Netrebko,annanetrebko,Celeb
Anna Nicole Smith,annanicolesmith,DFFC
Anna Orlik,annaorlik,DFFC
Anna Ovcharova,annaovcharova,DFFC
Anna Politkovskaya,annapolitkovskaya,DFFC
Anna Polony,annapolony,DFFC
Anna Popplewell,annapopplewell,DFFC
Anna Przybylska,annaprzybylska,Celeb
Anna Rybicka,annarybicka,DFFC
Anna Safroncik,annasafroncik,Celeb
Anna Samokhina,annasamokhina,Celeb
Anna Seelig-Löffler,annaseeliglffler,DFFC
Anna Selezneva,annaselezneva,Celeb
Anna Semenovich,annasemenovich,Celeb
Anna Shchagina,annashchagina,DFFC
Anna Shilling,annashilling,Celeb
Anna Shinoda,annashinoda,Celeb
Anna Silk,annasilk,DFFC
Anna Sivkova,annasivkova,DFFC
Anna Smith,annasmith,DFFC
Anna Sten,annasten,Celeb
Anna Ternheim,annaternheim,DFFC
Anna Tokarska,annatokarska,Celeb
Anna Trebunskaya,annatrebunskaya,DFFC
Anna Troberg,annatroberg,DFFC
Anna Tsuchiya,annatsuchiya,DFFC
Anna Urajevskaya,annaurajevskaya,Celeb
Anna Vissi,annavissi,DFFC
Anna Zatonskih,annazatonskih,DFFC
Anna-Maria Botsari,annamariabotsari,DFFC
Annabel Chong,annabelchong,DFFC
Annabel Jäger,annabeljger,DFFC
Annabel Luxford,annabelluxford,DFFC
Annabella Sciorra,annabellasciorra,DFFC
Annabelle Lascar,annabellelascar,DFFC
Annabelle Prölß,annabelleprl,DFFC
Annalaina Marks,annalainamarks,Celeb
Anne Abernathy,anneabernathy,DFFC
Anne Archer,annearcher,Celeb
Anne Arnouts,annearnouts,DFFC
Anne Bancroft,annebancroft,Celeb
Anne Baxter,annebaxter,Celeb
Anne Bremner,annebremner,DFFC
Anne Brochet,annebrochet,DFFC
Anne Burrell,anneburrell,DFFC
Anne Currie,annecurrie,DFFC
Anne Curtis,annecurtis,Celeb
Anne Deveson,annedeveson,DFFC
Anne Dorval,annedorval,DFFC
Anne Dudek,annedudek,DFFC
Anne Fadiman,annefadiman,DFFC
Anne Fletcher,annefletcher,DFFC
Anne Flore Trichilo,annefloretrichilo,Celeb
Anne Francis,annefrancis,Celeb
Anne Hathaway,annehathaway,Celeb
Anne Heche,anneheche,DFFC
Anne Jeffreys,annejeffreys,Celeb
Anne Laplantine,annelaplantine,DFFC
Anne Line Gjersem,annelinegjersem,DFFC
Anne Lundberg,annelundberg,DFFC
Anne Marie Howard,annemariehoward,Celeb
Anne Murray,annemurray,DFFC
Anne Parillaud,anneparillaud,DFFC
Anne Reid,annereid,DFFC
Anne Spang,annespang,DFFC
Anne Sweeney,annesweeney,Celeb
Anne Vyalitsyna Anne V,annevyalitsynaannev,Celeb
Anne-Caroline Chausson,annecarolinechausson,DFFC
Anne-Marie Duff,annemarieduff,Celeb
Anne-Sophie Calvez,annesophiecalvez,DFFC
Annegret Brießmann,annegretbriemann,DFFC
Anneke van Giersbergen,annekevangiersbergen,DFFC
Anneliese van der Pol,anneliesevanderpol,Celeb
Annelyse Schoenberger,annelyseschoenberger,Celeb
Annemarie Warnkross,annemariewarnkross,Celeb
Annette Dasch,annettedasch,DFFC
Annette Dytrt,annettedytrt,DFFC
Annette Klug,annetteklug,DFFC
Annette OToole,annetteotoole,Celeb
Annette Pehnt,annettepehnt,DFFC
Annette Stroyberg,annettestroyberg,DFFC
Annette Vadim,annettevadim,Celeb
Anni-Frid Lyngstad,annifridlyngstad,Celeb
Annie Chen,anniechen,DFFC
Annie Lennox,annielennox,Celeb
Annie Martin,anniemartin,DFFC
Annie Potts,anniepotts,Celeb
Annie Wersching,anniewersching,Celeb
Annika Kipp,annikakipp,Celeb
Annika Kukkonen,annikakukkonen,DFFC
Annika Lantz,annikalantz,DFFC
Annika Mehlhorn,annikamehlhorn,DFFC
Annika Sörenstam,annikasrenstam,DFFC
Annika Zeyen,annikazeyen,DFFC
Anno Birkin,annobirkin,DFFC
Anouck Lepere,anoucklepere,Celeb
Anouk,anouk,DFFC
Anri Jokhadze,anrijokhadze,DFFC
Ansgar Wessling,ansgarwessling,DFFC
Anson Funderburgh,ansonfunderburgh,DFFC
Anson Mount,ansonmount,DFFC
Ant Henson,anthenson,DFFC
Antanas Guoga,antanasguoga,DFFC
Antanas Mockus,antanasmockus,DFFC
Ante Roguljić,anterogulji,DFFC
Antero Mertaranta,anteromertaranta,DFFC
Anthony Anderson,anthonyanderson,DFFC
Anthony Annan,anthonyannan,DFFC
"Anthony Ashley-Cooper, 10th Earl of Shaftesbury",anthonyashleycooper10thearlofshaftesbury,DFFC
Anthony B,anthonyb,DFFC
Anthony Barber,anthonybarber,DFFC
Anthony Barness,anthonybarness,DFFC
Anthony Barr,anthonybarr,DFFC
Anthony Brown,anthonybrown,DFFC
Anthony Callea,anthonycallea,DFFC
Anthony Davis,anthonydavis,Celeb
Anthony Delon,anthonydelon,DFFC
Anthony DiPaolo,anthonydipaolo,DFFC
Anthony Fasano,anthonyfasano,DFFC
Anthony Gale,anthonygale,DFFC
Anthony Galea,anthonygalea,DFFC
Anthony Geslin,anthonygeslin,DFFC
Anthony Grant,anthonygrant,DFFC
Anthony Green,anthonygreen,Celeb
Anthony Hamilton,anthonyhamilton,DFFC
Anthony Henry,anthonyhenry,DFFC
Anthony Hudson,anthonyhudson,DFFC
Anthony Jones,anthonyjones,DFFC
Anthony Kiedis,anthonykiedis,Celeb
Anthony LaPaglia,anthonylapaglia,DFFC
Anthony Le Tallec,anthonyletallec,DFFC
Anthony Lloyd,anthonylloyd,DFFC
Anthony Mackie,anthonymackie,DFFC
Anthony McGill,anthonymcgill,DFFC
Anthony McPartlin,anthonymcpartlin,DFFC
Anthony Michael Hall,anthonymichaelhall,DFFC
Anthony Nese,anthonynese,DFFC
Anthony Newley,anthonynewley,Celeb
Anthony Obodai,anthonyobodai,DFFC
Anthony Perkins,anthonyperkins,Celeb
Anthony Pilkington,anthonypilkington,DFFC
Anthony Quinn,anthonyquinn,Celeb
Anthony Reid,anthonyreid,DFFC
Anthony Roberson,anthonyroberson,DFFC
Anthony Réveillère,anthonyrveillre,DFFC
Anthony Sampson,anthonysampson,DFFC
Anthony Sherwood,anthonysherwood,Celeb
Anthony Smith,anthonysmith,DFFC
Anthony Stewart,anthonystewart,DFFC
Anthony Straker,anthonystraker,DFFC
Anthony Tolliver,anthonytolliver,DFFC
Anthony Tonkin,anthonytonkin,DFFC
Anthony Vanden Borre,anthonyvandenborre,DFFC
Anthony Villanueva,anthonyvillanueva,DFFC
Anthony Wall,anthonywall,DFFC
Anthony Warlow,anthonywarlow,DFFC
Anthony Waters,anthonywaters,DFFC
Antigoni Drakoulaki,antigonidrakoulaki,Celeb
Antje Gleichfeld,antjegleichfeld,DFFC
Antje Traue,antjetraue,DFFC
Antoine Dodson,antoinedodson,DFFC
Antoine Dorsaz,antoinedorsaz,DFFC
Antoine Fuqua,antoinefuqua,DFFC
Antoine Roussel,antoineroussel,DFFC
Antoine Walker,antoinewalker,DFFC
Antoinette Kalaj,antoinettekalaj,Celeb
Anton Corbijn,antoncorbijn,DFFC
Anton Diffring,antondiffring,DFFC
Anton Kanibolotskiy,antonkanibolotskiy,DFFC
Anton Putsila,antonputsila,DFFC
Anton Shunin,antonshunin,DFFC
Anton Tinnerholm,antontinnerholm,DFFC
Anton Tus,antontus,DFFC
Anton Volchenkov,antonvolchenkov,DFFC
Anton Yelchin,antonyelchin,DFFC
Anton du Beke,antondubeke,DFFC
Antonella Bellutti,antonellabellutti,DFFC
Antonella Roccuzzo,antonellaroccuzzo,Celeb
Antonella Ruggiero,antonellaruggiero,DFFC
Antoni Bernadó,antonibernad,DFFC
Antoni Głowacki,antonigowacki,DFFC
Antonia Fontenelle,antoniafontenelle,Celeb
Antonija Mišura,antonijamiura,DFFC
Antonio Amaya,antonioamaya,DFFC
Antonio Anderson,antonioanderson,DFFC
Antonio Benarrivo,antoniobenarrivo,DFFC
Antonio Brown,antoniobrown,DFFC
Antonio Cassano,antoniocassano,DFFC
Antonio Cesaro,antoniocesaro,DFFC
Antonio Cruz,antoniocruz,DFFC
Antonio Daniels,antoniodaniels,DFFC
Antonio Di Natale,antoniodinatale,DFFC
Antonio Garay,antoniogaray,DFFC
Antonio García,antoniogarca,DFFC
Antonio Garrido,antoniogarrido,DFFC
Antonio Giovinazzi,antoniogiovinazzi,DFFC
Antonio Guayre,antonioguayre,DFFC
Antonio Leal,antonioleal,DFFC
Antonio McDyess,antoniomcdyess,DFFC
Antonio Mohamed,antoniomohamed,DFFC
Antonio Pacheco D'Agosti,antoniopachecodagosti,DFFC
Antonio Rodríguez Martínez,antoniorodrguezmartnez,DFFC
Antonio Sabato Jr,antoniosabatojr,Celeb
Antonio Skármeta,antonioskrmeta,DFFC
Antonio de la Rúa,antoniodelara,DFFC
Antonios Nikopolidis,antoniosnikopolidis,DFFC
Antonis Remos,antonisremos,DFFC
Antony Balch,antonybalch,DFFC
Antony Costa,antonycosta,Celeb
Antony Worrall Thompson,antonyworrallthompson,DFFC
Antonín Kinský,antonnkinsk,DFFC
Antos Gémes,antosgmes,DFFC
Antron Brown,antronbrown,DFFC
Antti Jokinen,anttijokinen,DFFC
Antti Ruuskanen,anttiruuskanen,DFFC
Antwan Applewhite,antwanapplewhite,DFFC
António Félix da Costa,antnioflixdacosta,DFFC
Antônio Olinto,antnioolinto,DFFC
Anu Prabhakar,anuprabhakar,DFFC
Anuj Sachdeva,anujsachdeva,Celeb
Anupama Chopra,anupamachopra,DFFC
Anuradha Cooray,anuradhacooray,DFFC
Anurag Kashyap,anuragkashyap,DFFC
Anushka Manchandani,anushkamanchandani,Celeb
Anushka Sharma,anushkasharma,Celeb
Anushka Shetty,anushkashetty,Celeb
Anwar El Ghazi,anwarelghazi,DFFC
Anwar al-Awlaki,anwaralawlaki,DFFC
Anya Kazakova,anyakazakova,Celeb
Anya Monzikova,anyamonzikova,Celeb
Aoi Miyazaki,aoimiyazaki,Celeb
Aparajita Mohanty,aparajitamohanty,Celeb
Aphex Twin,aphextwin,Celeb
ApldeAp,apldeap,Celeb
Apollonia Kotero,apolloniakotero,Celeb
Apolo Anton Ohno,apoloantonohno,Celeb
Apolo Ohno,apoloohno,DFFC
Appan Menon,appanmenon,DFFC
April Bowlby,aprilbowlby,DFFC
April Heinrichs,aprilheinrichs,DFFC
April L Hernandez,aprillhernandez,Celeb
April Matson,aprilmatson,Celeb
April Pearson,aprilpearson,DFFC
April Scott,aprilscott,Celeb
April Telek,apriltelek,DFFC
Aqib Talib,aqibtalib,DFFC
Arabella Kiesbauer,arabellakiesbauer,DFFC
Araceli Gonzalez,araceligonzalez,Celeb
Aracely Arambula,aracelyarambula,Celeb
Arantxa Sánchez Vicario,arantxasnchezvicario,DFFC
Aras Özbiliz,araszbiliz,DFFC
Arash,arash,Celeb
Arash Afshin,arashafshin,DFFC
Arash Borhani,arashborhani,DFFC
Arata Izumi,arataizumi,DFFC
Arben Zharku,arbenzharku,DFFC
Arceto Clark,arcetoclark,DFFC
Archana Kavi,archanakavi,DFFC
Archduke Carl Ludwig of Austria,archdukecarlludwigofaustria,DFFC
Archduke Josef Arpád of Austria,archdukejosefarpdofaustria,DFFC
Archibald Johnston,archibaldjohnston,DFFC
Archie Roach,archieroach,DFFC
Arda Turan,ardaturan,DFFC
Arden Mounts,ardenmounts,DFFC
Ardian Bujupi,ardianbujupi,Celeb
Ardo Kreek,ardokreek,DFFC
Ares,ares,DFFC
Argjentina Ramosaj,argjentinaramosaj,Celeb
Ari Behn,aribehn,DFFC
Ari Folman,arifolman,DFFC
Ari Mannio,arimannio,DFFC
Ari Up,ariup,DFFC
Aria Crescendo,ariacrescendo,Celeb
Ariadna Gil,ariadnagil,Celeb
Ariadne Artiles,ariadneartiles,Celeb
Ariana Grande,arianagrande,Celeb
Ariane Labed,arianelabed,DFFC
Ariane Sherine,arianesherine,DFFC
Arianna Huffington,ariannahuffington,DFFC
Arianny Celeste,ariannyceleste,Celeb
Ariclenes da Silva Ferreira,ariclenesdasilvaferreira,DFFC
Arie Haan,ariehaan,DFFC
Arieh Warshel,ariehwarshel,DFFC
Ariel Hsing,arielhsing,DFFC
Ariel Meredith,arielmeredith,DFFC
Ariel Nan,arielnan,DFFC
Ariel Pink,arielpink,DFFC
Ariel Rubinstein,arielrubinstein,DFFC
Ariel Winter,arielwinter,DFFC
Ariel Wizman,arielwizman,DFFC
Ariella Käslin,ariellakslin,DFFC
Arielle Dombasle,arielledombasle,DFFC
Arielle Vandenberg,ariellevandenberg,Celeb
Aries Merritt,ariesmerritt,Celeb
Arijan Ademi,arijanademi,DFFC
Aristote Madiani,aristotemadiani,DFFC
Arizona Muse,arizonamuse,Celeb
Arja Koriseva,arjakoriseva,DFFC
Arjen Robben,arjenrobben,DFFC
Arjun Bijlani,arjunbijlani,Celeb
Arjun Rampal,arjunrampal,DFFC
Arkadi Sergeev,arkadisergeev,DFFC
Arken Abdulla,arkenabdulla,DFFC
Arleen Whelan,arleenwhelan,Celeb
Arlene Dahl,arlenedahl,Celeb
Arlenis Sosa,arlenissosa,Celeb
Arleta Meloch,arletameloch,DFFC
Arleth Teran,arlethteran,Celeb
Arlette Chabot,arlettechabot,DFFC
Arlo Guthrie,arloguthrie,Celeb
Arman Alizad,armanalizad,DFFC
Armand Assante,armandassante,Celeb
Armand Traoré,armandtraor,DFFC
Armando Gallo,armandogallo,DFFC
Armando Iannucci,armandoiannucci,DFFC
Armando Peraza,armandoperaza,DFFC
Armando Vajushi,armandovajushi,DFFC
Armands Celitāns,armandscelitns,DFFC
Armanizam Dolah,armanizamdolah,DFFC
Armi Aavikko,armiaavikko,DFFC
Armie Hammer,armiehammer,DFFC
Armin Mahbanoozadeh,arminmahbanoozadeh,DFFC
Armin Maiwald,arminmaiwald,DFFC
Armistead Maupin,armisteadmaupin,DFFC
Armonty Bryant,armontybryant,DFFC
Army Archerd,armyarcherd,DFFC
Arnab Goswami,arnabgoswami,DFFC
Arnaud Gérard,arnaudgrard,DFFC
Arnaud Tsamere,arnaudtsamere,DFFC
Arne Arnardo,arnearnardo,DFFC
Arne Weise,arneweise,DFFC
Arnie Beyeler,arniebeyeler,DFFC
Arnie Brown,arniebrown,DFFC
Arnie Muñoz,arniemuoz,DFFC
Arno J Mayer,arnojmayer,DFFC
Arnold Heertje,arnoldheertje,DFFC
Arnold Vosloo,arnoldvosloo,Celeb
Arnór Smárason,arnrsmrason,DFFC
Aron Winter,aronwinter,DFFC
Arron Davies,arrondavies,DFFC
Arsene Wenger,arsenewenger,Celeb
Arseni Markov,arsenimarkov,DFFC
Arsenio Hall,arseniohall,DFFC
Art Anderson,artanderson,DFFC
Art Bergmann,artbergmann,DFFC
Art Briles,artbriles,DFFC
Art Chantry,artchantry,DFFC
Art DeFehr,artdefehr,DFFC
Art Pepper,artpepper,DFFC
Art Shell,artshell,DFFC
Art Spiegelman,artspiegelman,DFFC
Art Spinney,artspinney,DFFC
Arta Arifi,artaarifi,Celeb
Artem Borodulin,artemborodulin,DFFC
Artem Ovcharenko,artemovcharenko,DFFC
Arthi Agarwal,arthiagarwal,Celeb
Arthur,arthur,DFFC
Arthur Adams,arthuradams,DFFC
Arthur Aguiar,arthuraguiar,Celeb
Arthur Albiston,arthuralbiston,DFFC
Arthur Bisguier,arthurbisguier,DFFC
Arthur Blank,arthurblank,Celeb
Arthur Brown,arthurbrown,DFFC
Arthur Chu,arthurchu,DFFC
Arthur Darvill,arthurdarvill,DFFC
Arthur Jensen,arthurjensen,DFFC
Arthur Jones,arthurjones,DFFC
Arthur Mourant,arthurmourant,DFFC
Arthur O'Connell,arthuroconnell,DFFC
Arthur Pic,arthurpic,DFFC
Arthur Rhodes,arthurrhodes,DFFC
Arthur Roche,arthurroche,DFFC
Arthur Scargill,arthurscargill,DFFC
Arthur Shields,arthurshields,DFFC
Arthur Smith,arthursmith,DFFC
"Arthur Tedder, 1st Baron Tedder",arthurtedder1stbarontedder,DFFC
"Arthur Valerian Wellesley, 8th Duke of Wellington",arthurvalerianwellesley8thdukeofwellington,DFFC
Arthur Vichot,arthurvichot,DFFC
Artie Lange,artielange,DFFC
Artie Schroeck,artieschroeck,DFFC
Artis the Spoonman,artisthespoonman,DFFC
Arto Paasilinna,artopaasilinna,DFFC
Arto Salomaa,artosalomaa,DFFC
Artsem Mikhalenka,artsemmikhalenka,DFFC
Artur Andrus,arturandrus,DFFC
Artur Avila,arturavila,DFFC
Artur Boruc,arturboruc,Celeb
Artur Chilingarov,arturchilingarov,DFFC
Artur Davtyan,arturdavtyan,DFFC
Artur Dmitriev,arturdmitriev,DFFC
Arturo Lemus Beltran,arturolemusbeltran,DFFC
Arturo Navarro,arturonavarro,DFFC
Arturo Worrell,arturoworrell,DFFC
Artyom Popov,artyompopov,DFFC
Artūras Milaknis,artrasmilaknis,DFFC
Artūrs Irbe,artrsirbe,DFFC
Arvind Ethan David,arvindethandavid,DFFC
Arvydas Sabonis,arvydassabonis,DFFC
Arya,arya,Celeb
Aryan Sigdel,aryansigdel,Celeb
Aryane Steinkopf,aryanesteinkopf,Celeb
Arzu Karabulut,arzukarabulut,DFFC
Arzum Onan,arzumonan,Celeb
Asa Butterfield,asabutterfield,DFFC
Asad Abidi,asadabidi,DFFC
Asafa Powell,asafapowell,DFFC
Asami Abe,asamiabe,Celeb
Asami Konno,asamikonno,Celeb
Asami Tada,asamitada,Celeb
Asbel Kiprop,asbelkiprop,DFFC
Asbjørn Blokkum Flø,asbjrnblokkumfl,DFFC
Asghar Qadir,asgharqadir,DFFC
Asha Bhosle,ashabhosle,DFFC
Asha Leo,ashaleo,Celeb
Asher Book,asherbook,Celeb
Asher Hill,asherhill,DFFC
Asher Keddie,asherkeddie,Celeb
Ashiko Westguard,ashikowestguard,Celeb
Ashlee Simpson Wentz,ashleesimpsonwentz,Celeb
Ashleigh Barty,ashleighbarty,DFFC
Ashleigh Brennan,ashleighbrennan,DFFC
Ashleigh Cummings,ashleighcummings,Celeb
Ashleigh Gryzko,ashleighgryzko,Celeb
Ashleigh McIvor,ashleighmcivor,DFFC
Ashley Argota,ashleyargota,Celeb
Ashley Benson,ashleybenson,DFFC
Ashley Blue,ashleyblue,DFFC
Ashley Cole,ashleycole,Celeb
Ashley Diana Morris,ashleydianamorris,DFFC
Ashley Eastham,ashleyeastham,DFFC
Ashley Eckstein,ashleyeckstein,DFFC
Ashley Edner,ashleyedner,Celeb
Ashley Fiolek,ashleyfiolek,DFFC
Ashley Force Hood,ashleyforcehood,DFFC
Ashley Harkleroad,ashleyharkleroad,Celeb
Ashley Hinshaw,ashleyhinshaw,Celeb
Ashley Jensen,ashleyjensen,DFFC
Ashley Jones,ashleyjones,Celeb
Ashley Lawrence,ashleylawrence,DFFC
Ashley Leggat,ashleyleggat,Celeb
Ashley Lowe,ashleylowe,Celeb
Ashley Madekwe,ashleymadekwe,DFFC
Ashley Massaro,ashleymassaro,Celeb
Ashley McGrath,ashleymcgrath,DFFC
Ashley Miller,ashleymiller,DFFC
Ashley Newbrough,ashleynewbrough,Celeb
Ashley Olsen,ashleyolsen,DFFC
Ashley Phillips,ashleyphillips,DFFC
Ashley Rickards,ashleyrickards,DFFC
Ashley Sexton,ashleysexton,DFFC
Ashley Smith,ashleysmith,Celeb
Ashley Tesoro,ashleytesoro,Celeb
Ashley Tisdale,ashleytisdale,DFFC
Ashley Wagner,ashleywagner,DFFC
Ashley Winn,ashleywinn,DFFC
Ashli Orion,ashliorion,DFFC
Ashlyn Harris,ashlynharris,DFFC
Ashlynn Brooke,ashlynnbrooke,DFFC
Ashlynn Yennie,ashlynnyennie,DFFC
Ashok Banker,ashokbanker,DFFC
Ashraf Johaardien,ashrafjohaardien,DFFC
Ashton Agar,ashtonagar,DFFC
Ashton Eaton,ashtoneaton,Celeb
Asi Taulava,asitaulava,DFFC
Asia Argento,asiaargento,Celeb
Asier Maeztu,asiermaeztu,DFFC
Asin,asin,Celeb
Asiye Özlem Şahin,asiyezlemahin,DFFC
Aslak Dørum,aslakdrum,DFFC
Aslan Ahmadov,aslanahmadov,DFFC
Asli Enver,aslienver,Celeb
Asli Tandogan,aslitandogan,Celeb
Assaad W Razzouk,assaadwrazzouk,DFFC
Assem Allam,assemallam,DFFC
Assi Dayan,assidayan,DFFC
Aste,aste,DFFC
Aston Merrygold,astonmerrygold,Celeb
Astrid Berges Frisbey,astridbergesfrisbey,Celeb
Astrid Guyart,astridguyart,Celeb
Astrit Ajdarević,astritajdarevi,DFFC
Astro,astro,DFFC
Atanas Atanasov,atanasatanasov,DFFC
Ataol Behramoğlu,ataolbehramolu,DFFC
Athanasia Perra,athanasiaperra,DFFC
Athanasios Tsourakis,athanasiostsourakis,DFFC
Athina Onassis Roussel,athinaonassisroussel,DFFC
Athol Guy,atholguy,DFFC
Atiba Harris,atibaharris,DFFC
Atif Aslam,atifaslam,Celeb
Atiye Deniz,atiyedeniz,Celeb
Atlanta De Cadenet Taylor,atlantadecadenettaylor,Celeb
Atle Nymo,atlenymo,DFFC
Atle Pedersen Rønsen,atlepedersenrnsen,DFFC
Atsuko Maeda,atsukomaeda,DFFC
Atsushi Shimono,atsushishimono,DFFC
Atsuto Uchida,atsutouchida,DFFC
Attila Ambrus,attilaambrus,DFFC
Attila Balázs,attilabalzs,DFFC
Attila Dolhai,attiladolhai,Celeb
Attila Elek,attilaelek,DFFC
Attila Hejazi,attilahejazi,DFFC
Attila Levin,attilalevin,DFFC
Atul Gurtu,atulgurtu,DFFC
Atınç Nukan,atnnukan,DFFC
Aubrey Dawkins,aubreydawkins,DFFC
Aubrey O'Day,aubreyoday,DFFC
Aubrey Plaza,aubreyplaza,DFFC
Aubrey de Grey,aubreydegrey,DFFC
Audie Cole,audiecole,DFFC
Audie Murphy,audiemurphy,Celeb
Audra McDonald,audramcdonald,Celeb
Audrey Fleurot,audreyfleurot,DFFC
Audrey Kitching,audreykitching,Celeb
Audrey Oday,audreyoday,Celeb
Audrey Tcheumeo,audreytcheumeo,Celeb
Audrina Patridge,audrinapatridge,DFFC
August Ames,augustames,DFFC
Augusto Martelli,augustomartelli,DFFC
Aurela Gaçe,aurelagae,DFFC
Aurelia Gliwski,aureliagliwski,Celeb
Aurora Snow,aurorasnow,DFFC
Aurélien Clerc,aurlienclerc,DFFC
Aurélien Collin,aurliencollin,DFFC
Austin Aries,austinaries,DFFC
Austin Butler,austinbutler,Celeb
Austin Carlile,austincarlile,Celeb
Austin Carr,austincarr,DFFC
Austin Croshere,austincroshere,DFFC
Austin Dillon,austindillon,DFFC
Austin Freeman,austinfreeman,DFFC
Austin Hedges,austinhedges,DFFC
Austin Howard,austinhoward,DFFC
Austin Nichols,austinnichols,Celeb
Austin Peck,austinpeck,Celeb
Austin Pendleton,austinpendleton,DFFC
Austin Rivers,austinrivers,DFFC
Austra Skujytė,austraskujyt,DFFC
Autumn Holley,autumnholley,Celeb
Ava Gardner,avagardner,DFFC
Ava Vincent,avavincent,DFFC
Avan Jogia,avanjogia,Celeb
Avant,avant,Celeb
Avdija Vršajević,avdijavrajevi,DFFC
Avery Brooks,averybrooks,DFFC
Avery Johnson,averyjohnson,DFFC
Avi Cohen,avicohen,DFFC
Avi Kornick,avikornick,DFFC
Avi Rubin,avirubin,DFFC
Avicii,avicii,DFFC
Avijit Roy,avijitroy,DFFC
Avis Wyatt,aviswyatt,DFFC
Avital Boruchovsky,avitalboruchovsky,DFFC
Avrohom Yaakov Friedman,avrohomyaakovfriedman,DFFC
Avshalom Elitzur,avshalomelitzur,DFFC
Avy Scott,avyscott,DFFC
Awa Santesson-Sey,awasantessonsey,DFFC
Axel Braun,axelbraun,DFFC
Axel Gustaf Torbjörn Enström,axelgustaftorbjrnenstrm,DFFC
Axel Hirsoux,axelhirsoux,DFFC
Axelle Red,axellered,Celeb
Axl Rose,axlrose,Celeb
Axl Rotten,axlrotten,DFFC
Axwell,axwell,DFFC
Aya Cash,ayacash,DFFC
Aya Ueto,ayaueto,Celeb
Ayaan Hirsi Ali,ayaanhirsiali,DFFC
Ayaka Komatsu,ayakakomatsu,Celeb
Ayaka Takahashi,ayakatakahashi,DFFC
Ayano Tachibana,ayanotachibana,Celeb
Ayano Yamamoto,ayanoyamamoto,Celeb
Ayaz Khan,ayazkhan,DFFC
Ayaz Samoo,ayazsamoo,DFFC
Aydin Aghdashloo,aydinaghdashloo,DFFC
Ayesha Takia,ayeshatakia,Celeb
Ayinde Jamiu Lawal,ayindejamiulawal,DFFC
Ayla Kell,aylakell,Celeb
Aylin Mujica,aylinmujica,Celeb
Ayman al-Zawahiri,aymanalzawahiri,DFFC
Aymeline Valade,aymelinevalade,Celeb
Aymeric Laporte,aymericlaporte,DFFC
Ayrton Senna,ayrtonsenna,Celeb
Aysel Teymurzadeh,ayselteymurzadeh,DFFC
Ayumi Hamasaki,ayumihamasaki,DFFC
Azahara Muñoz,azaharamuoz,DFFC
Azealia Banks,azealiabanks,DFFC
Azim Fatullayev,azimfatullayev,DFFC
Azim Premji,azimpremji,Celeb
Aziz Ansari,azizansari,Celeb
Azra Ece Akderi,azraeceakderi,Celeb
Azra Hadzic,azrahadzic,DFFC
Azrieal,azrieal,DFFC
Azura Skye,azuraskye,DFFC
Azusa Yamamoto,azusayamamoto,Celeb
Azza Besbes,azzabesbes,DFFC
Azzedine Alaia,azzedinealaia,DFFC
Aílton Gonçalves da Silva,altongonalvesdasilva,DFFC
B-Tight,btight,DFFC
BB King,bbking,DFFC
BD Wong,bdwong,Both
BJ Crombeen,bjcrombeen,DFFC
BJ Novak,bjnovak,Celeb
BJ Whitmer,bjwhitmer,DFFC
BP Loughridge,bploughridge,DFFC
BW Powe,bwpowe,DFFC
Baaba Maal,baabamaal,DFFC
Baauer,baauer,DFFC
Babacar M'Bengue,babacarmbengue,DFFC
Babs Jongh,babsjongh,Celeb
Baby Bash,babybash,Celeb
Babyface,babyface,DFFC
Bachar Houli,bacharhouli,DFFC
Bachirou Salou,bachirousalou,DFFC
Bad Luck Fale,badluckfale,DFFC
Bade Iscil,badeiscil,Celeb
Badr Jafar,badrjafar,DFFC
Bae Doona,baedoona,Both
Baek A-yeon,baekayeon,DFFC
Baelyn Neff,baelynneff,Celeb
Baghdatis Marcos,baghdatismarcos,Celeb
Bahadir Kaleagasi,bahadirkaleagasi,DFFC
Bahador Kharazmi,bahadorkharazmi,DFFC
Bahar Soomekh,baharsoomekh,Celeb
Bahareh Rahnama,baharehrahnama,DFFC
Bai Chunli,baichunli,DFFC
Baihakki Khaizan,baihakkikhaizan,DFFC
Bailee Madison,baileemadison,DFFC
Bailey Chase,baileychase,Celeb
Bakaye Traoré,bakayetraor,DFFC
Bakermat,bakermat,DFFC
Balian Buschbaum,balianbuschbaum,DFFC
Balls Mahoney,ballsmahoney,DFFC
Balthazar Getty,balthazargetty,Celeb
Balu Mahendra,balumahendra,DFFC
Bam Margera,bammargera,Celeb
Bamba Fall,bambafall,DFFC
Bamber Gascoigne,bambergascoigne,DFFC
Ban Ki moon,bankimoon,Celeb
Banachek,banachek,DFFC
Banesh Hoffmann,baneshhoffmann,DFFC
Bar Paly,barpaly,Celeb
Bara Holotova,baraholotova,Celeb
Barack Obama,barackobama,Celeb
Barakat Al-Harthi,barakatalharthi,DFFC
Barbara Bain,barbarabain,Celeb
Barbara Billingsley,barbarabillingsley,Celeb
Barbara Bouchet,barbarabouchet,Celeb
Barbara Britton,barbarabritton,DFFC
Barbara Brylska,barbarabrylska,Celeb
Barbara Cook,barbaracook,DFFC
Barbara Crampton,barbaracrampton,DFFC
Barbara Dennerlein,barbaradennerlein,DFFC
Barbara Dunkelman,barbaradunkelman,DFFC
Barbara Eden,barbaraeden,Celeb
Barbara Evans,barbaraevans,Celeb
Barbara Feldon,barbarafeldon,Celeb
Barbara Fialho,barbarafialho,Celeb
Barbara Goalen,barbaragoalen,DFFC
Barbara Hale,barbarahale,DFFC
Barbara Hammer,barbarahammer,DFFC
Barbara Jaracz,barbarajaracz,DFFC
Barbara Kopple,barbarakopple,DFFC
Barbara Liskov,barbaraliskov,DFFC
Barbara McClintock,barbaramcclintock,DFFC
Barbara Meier,barbarameier,Celeb
Barbara Moore,barbaramoore,Celeb
Barbara Mori,barbaramori,Celeb
Barbara Nedeljáková,barbaranedeljkov,DFFC
Barbara Palvin,barbarapalvin,Celeb
Barbara Parkins,barbaraparkins,DFFC
Barbara Rhoades,barbararhoades,Celeb
Barbara Rush,barbararush,Celeb
Barbara Stanwyck,barbarastanwyck,Celeb
Barbara Steele,barbarasteele,DFFC
Barbara Sukowa,barbarasukowa,DFFC
Barbara Thompson,barbarathompson,DFFC
Barbara Wiedemann,barbarawiedemann,DFFC
Barbara Windsor,barbarawindsor,DFFC
Barbara d'Urso,barbaradurso,DFFC
Barbi Benton,barbibenton,Celeb
Barbie Blank,barbieblank,Celeb
Barbora Silná,barborasiln,DFFC
Barbro Lindgren,barbrolindgren,DFFC
Baris Kilic,bariskilic,Celeb
Barkha Bisht,barkhabisht,Celeb
Barkha Madan,barkhamadan,DFFC
Barkhad Abdi,barkhadabdi,DFFC
Barney Poole,barneypoole,DFFC
Baron Davis,barondavis,DFFC
Barrie Gavin,barriegavin,DFFC
Barry Adamson,barryadamson,DFFC
Barry Cofield,barrycofield,DFFC
Barry Cryer,barrycryer,DFFC
Barry Darsow,barrydarsow,DFFC
Barry Diller,barrydiller,DFFC
Barry Gibb,barrygibb,Celeb
Barry Humphries,barryhumphries,Celeb
Barry Klarberg,barryklarberg,DFFC
Barry MacKay,barrymackay,DFFC
Barry Manilow,barrymanilow,Celeb
Barry Opdam,barryopdam,DFFC
Barry Pepper,barrypepper,DFFC
Barry Sonnenfeld,barrysonnenfeld,DFFC
Barry White,barrywhite,Celeb
Barry Williams,barrywilliams,DFFC
Bart Aernouts,bartaernouts,DFFC
Bartoli Marion,bartolimarion,Celeb
Bartosz Soćko,bartoszsoko,DFFC
Bartłomiej Bonk,bartomiejbonk,DFFC
Bartłomiej Heberla,bartomiejheberla,DFFC
Bartłomiej Matysiak,bartomiejmatysiak,DFFC
Baruch Shemtov,baruchshemtov,DFFC
Barun Sobti,barunsobti,Celeb
Barış Esen,baresen,DFFC
Basak Koklukaya,basakkoklukaya,Celeb
Basia Bulat,basiabulat,DFFC
Basil Marceaux,basilmarceaux,DFFC
Basim,basim,DFFC
Basmah bint Saud,basmahbintsaud,DFFC
Bassem Amin,bassemamin,DFFC
Basshunter,basshunter,DFFC
Bastian Trinker,bastiantrinker,DFFC
Basto,basto,DFFC
Bat for Lashes,batforlashes,DFFC
Batkhuyagiin Möngöntuul,batkhuyagiinmngntuul,DFFC
Batum Nicolas,batumnicolas,Celeb
Bauke Mollema,baukemollema,DFFC
Baye Oumar Niasse,bayeoumarniasse,DFFC
Baylie Brown,bayliebrown,Celeb
Başak Yerli,baakyerli,DFFC
BeBe Zahara Benet,bebezaharabenet,DFFC
Bea Alonzo,beaalonzo,Celeb
Bea Arthur,beaarthur,Celeb
Bea Binene,beabinene,DFFC
Beanie Sigel,beaniesigel,DFFC
Beans,beans,DFFC
Bear Pascoe,bearpascoe,DFFC
Beata Tyszkiewicz,beatatyszkiewicz,DFFC
Beata Zawadzka,beatazawadzka,DFFC
Beate Schrott,beateschrott,DFFC
Beate Sirota Gordon,beatesirotagordon,DFFC
Beatrice Bocci,beatricebocci,DFFC
Beatrice Borromeo,beatriceborromeo,Celeb
Beatrice Chirita,beatricechirita,Celeb
Beatrice Weder di Mauro,beatricewederdimauro,DFFC
Beatrix Ramosaj,beatrixramosaj,Celeb
Beatriz Pascual,beatrizpascual,DFFC
Beatriz Recari,beatrizrecari,DFFC
Beatriz Zaneratto João,beatrizzanerattojoo,DFFC
Beatriz da Costa,beatrizdacosta,DFFC
Beau,beau,DFFC
Beau Bokan,beaubokan,Celeb
Beau Bridges,beaubridges,DFFC
Beau Busch,beaubusch,DFFC
Beau Garrett,beaugarrett,DFFC
Bebe Neuwirth,bebeneuwirth,DFFC
Bebel Gilberto,bebelgilberto,DFFC
Bebeto,bebeto,DFFC
Bec Hewitt,bechewitt,Celeb
Becca,becca,DFFC
Becca Tobin,beccatobin,DFFC
Beccy Cole,beccycole,DFFC
Becki Newton,beckinewton,Celeb
Beckii Cruel,beckiicruel,DFFC
Becky,becky,DFFC
Becky Bayless,beckybayless,DFFC
Becky Cloonan,beckycloonan,DFFC
Becky Easton,beckyeaston,DFFC
Becky Hammon,beckyhammon,DFFC
Becky Sauerbrunn,beckysauerbrunn,DFFC
Beezie Madden,beeziemadden,DFFC
Behrang Safari,behrangsafari,DFFC
Beibut Shumenov,beibutshumenov,DFFC
Belcim Bilgin,belcimbilgin,Celeb
Belen Rodriguez,belenrodriguez,Celeb
Belinda Bencic,belindabencic,DFFC
Belinda Carlisle,belindacarlisle,DFFC
Belinda Meuldijk,belindameuldijk,DFFC
Belinda Peregrín,belindaperegrn,DFFC
Bella Akhmadulina,bellaakhmadulina,DFFC
Bella Thorne,bellathorne,Celeb
Belladonna,belladonna,DFFC
Belo Cipriani,belocipriani,DFFC
Belus Smawley,belussmawley,DFFC
Belén Fabra,belnfabra,DFFC
Belén Rueda,belnrueda,DFFC
Ben Agajanian,benagajanian,DFFC
Ben Ainslie,benainslie,Celeb
Ben Austin,benaustin,DFFC
Ben Barnes,benbarnes,Celeb
Ben Bernanke,benbernanke,Celeb
Ben Bradlee,benbradlee,DFFC
Ben Breedlove,benbreedlove,DFFC
Ben Chaplin,benchaplin,Celeb
Ben Coker,bencoker,DFFC
Ben Collins,bencollins,DFFC
Ben Daniels,bendaniels,DFFC
Ben Elton,benelton,DFFC
Ben Everson,beneverson,DFFC
Ben Fajzullin,benfajzullin,DFFC
Ben Fogle,benfogle,DFFC
Ben Folds,benfolds,Celeb
Ben Futcher,benfutcher,DFFC
Ben Garland,bengarland,DFFC
Ben Gazzara,bengazzara,Celeb
Ben Gibbard,bengibbard,Celeb
Ben Goertzel,bengoertzel,DFFC
Ben Habern,benhabern,DFFC
Ben Hamilton,benhamilton,DFFC
Ben Hammersley,benhammersley,DFFC
Ben Harding,benharding,DFFC
Ben Harper,benharper,Celeb
Ben Herd,benherd,DFFC
Ben Hermans,benhermans,DFFC
Ben Johnson,benjohnson,DFFC
Ben Jones,benjones,DFFC
Ben Kantarovski,benkantarovski,DFFC
Ben Kweller,benkweller,DFFC
Ben Lamb,benlamb,DFFC
Ben Lovejoy,benlovejoy,DFFC
Ben Lyons,benlyons,DFFC
Ben Marshall,benmarshall,DFFC
Ben Maxwell,benmaxwell,DFFC
Ben McKee,benmckee,DFFC
Ben McKenzie,benmckenzie,Celeb
Ben Mezrich,benmezrich,DFFC
Ben Monder,benmonder,DFFC
Ben Mulroney,benmulroney,DFFC
Ben Offereins,benoffereins,DFFC
Ben Olsen,benolsen,DFFC
Ben Parr,benparr,DFFC
Ben Revere,benrevere,DFFC
Ben Roethlisberger,benroethlisberger,Celeb
Ben Sahar,bensahar,DFFC
Ben Sigmund,bensigmund,DFFC
Ben Silverstone,bensilverstone,DFFC
Ben Sinclair,bensinclair,DFFC
Ben Spies,benspies,DFFC
Ben Stein,benstein,DFFC
Ben Stiller,benstiller,Celeb
Ben Summerskill,bensummerskill,DFFC
Ben Tudhope,bentudhope,DFFC
Ben Turner,benturner,DFFC
Ben Varon,benvaron,DFFC
Ben Weekes,benweekes,DFFC
Ben Weinman,benweinman,DFFC
Ben Whishaw,benwhishaw,Celeb
Ben Wilson,benwilson,DFFC
Ben Woollaston,benwoollaston,DFFC
Ben Yagoda,benyagoda,DFFC
Ben Zabo,benzabo,DFFC
Ben van der Burg,benvanderburg,DFFC
Benedikte Shetelig Kruse,benediktesheteligkruse,DFFC
Benik Afobe,benikafobe,DFFC
Benita Johnson,benitajohnson,DFFC
Benjamin Amadeo,benjaminamadeo,Celeb
Benjamin Angoua,benjaminangoua,DFFC
Benjamin Bailly,benjaminbailly,DFFC
Benjamin Becker,benjaminbecker,DFFC
Benjamin Biolay,benjaminbiolay,Celeb
Benjamin Creme,benjamincreme,DFFC
Benjamin Curtis,benjamincurtis,DFFC
Benjamin Davies,benjamindavies,DFFC
Benjamin Heckendorn,benjaminheckendorn,DFFC
Benjamin Isaac,benjaminisaac,DFFC
Benjamin Khoh,benjaminkhoh,DFFC
Benjamin Lebert,benjaminlebert,DFFC
Benjamin Millepied,benjaminmillepied,Celeb
Benjamin Mitchell,benjaminmitchell,DFFC
Benjamin Pavard,benjaminpavard,DFFC
Benjamin Radford,benjaminradford,DFFC
Benjamin Starke,benjaminstarke,Celeb
Benjamin Totori,benjamintotori,DFFC
Benjamin Walker,benjaminwalker,DFFC
Benjamín Vidal,benjamnvidal,DFFC
Benji Madden,benjimadden,Celeb
Benneteau Julien,benneteaujulien,Celeb
Bennett Madison,bennettmadison,DFFC
Benny Gantz,bennygantz,DFFC
Benoit Mandelbrot,benoitmandelbrot,DFFC
Benoît Angbwa,benotangbwa,DFFC
Benoît Assou-Ekotto,benotassouekotto,DFFC
Benoît Jarrier,benotjarrier,DFFC
Bente Kraus,bentekraus,DFFC
Bené Benwikere,benbenwikere,DFFC
Beram Kayal,beramkayal,DFFC
Berden de Vries,berdendevries,DFFC
Berdych Tomas,berdychtomas,Celeb
Berguzar Korel,berguzarkorel,Celeb
Berk Akalın,berkakaln,DFFC
BernNadette Stanis,bernnadettestanis,Celeb
Berna Yeniçeri,bernayenieri,DFFC
Bernadette Geyer,bernadettegeyer,DFFC
Bernard Arnault,bernardarnault,DFFC
Bernard Barrera,bernardbarrera,DFFC
Bernard Blier,bernardblier,DFFC
Bernard Fanning,bernardfanning,DFFC
Bernard Farcy,bernardfarcy,DFFC
Bernard Goldberg,bernardgoldberg,DFFC
Bernard Hill,bernardhill,DFFC
Bernard Lagat,bernardlagat,Celeb
Bernard Lama,bernardlama,DFFC
Bernard Madoff,bernardmadoff,DFFC
Bernard Mendy,bernardmendy,DFFC
Bernard Menez,bernardmenez,DFFC
Bernard P Brockbank,bernardpbrockbank,DFFC
Bernard Parker,bernardparker,DFFC
Bernard Scott,bernardscott,DFFC
Bernard Shaw,bernardshaw,DFFC
Bernard Stone,bernardstone,DFFC
Bernard Thévenet,bernardthvenet,DFFC
Bernardo Gandulla,bernardogandulla,DFFC
Bernd Eichinger,berndeichinger,DFFC
Bernd Fix,berndfix,DFFC
Bernd Hollerbach,berndhollerbach,DFFC
Bernd Leno,berndleno,DFFC
Bernd Lucke,berndlucke,DFFC
Bernd Schuster,berndschuster,DFFC
Bernhard Kohl,bernhardkohl,DFFC
Bernhard M Hämmerli,bernhardmhmmerli,DFFC
Bernie Ecclestone,bernieecclestone,Celeb
Bernie Fine,berniefine,DFFC
Bernie Ibini-Isei,bernieibiniisei,DFFC
Bernie Mac,berniemac,DFFC
Bernie Masterson,berniemasterson,DFFC
Bernie McGann,berniemcgann,DFFC
Berrak Tuzunatac,berraktuzunatac,Celeb
Berry Hinton,berryhinton,DFFC
Berry Johnston,berryjohnston,DFFC
Bert Blyleven,bertblyleven,DFFC
Bert De Waele,bertdewaele,DFFC
Bert Hubbard,berthubbard,DFFC
Bert Jansch,bertjansch,DFFC
Bert LaBrucherie,bertlabrucherie,DFFC
Bert R Bulkin,bertrbulkin,DFFC
Bert van Loo,bertvanloo,DFFC
Bertil Hult,bertilhult,Celeb
Bertis Downs IV,bertisdownsiv,DFFC
Bertrand Baguette,bertrandbaguette,DFFC
Bertrand Blier,bertrandblier,DFFC
Bertrand Grospellier,bertrandgrospellier,DFFC
Beslan Ajinjal,beslanajinjal,DFFC
Beth Behrs,bethbehrs,DFFC
Beth Daniel,bethdaniel,DFFC
Beth Ditto,bethditto,DFFC
Beth Goulart,bethgoulart,DFFC
Beth Ostrosky,bethostrosky,Celeb
Beth Riesgraf,bethriesgraf,Celeb
Beth Tweddle,bethtweddle,DFFC
Bethany Joy Lenz,bethanyjoylenz,Celeb
Beto,beto,DFFC
Beto Furquim,betofurquim,DFFC
Betsey Johnson,betseyjohnson,DFFC
Bette Davis,bettedavis,Celeb
Bette Midler,bettemidler,Celeb
Bettie Page,bettiepage,Celeb
Bettina Aptheker,bettinaaptheker,DFFC
Bettina Bush,bettinabush,Celeb
Bettina Heim,bettinaheim,DFFC
Bettina Le Beau,bettinalebeau,DFFC
Bettina Wulff,bettinawulff,DFFC
Bettina Zimmermann,bettinazimmermann,Celeb
Betty Bronson,bettybronson,Celeb
Betty Garrett,bettygarrett,Celeb
Betty Grable,bettygrable,Celeb
Betty White,bettywhite,DFFC
Beulah Gundling,beulahgundling,DFFC
Beverley Callard,beverleycallard,DFFC
Beverley Knight,beverleyknight,Celeb
Beverley Mitchell,beverleymitchell,Celeb
Beverly D'Angelo,beverlydangelo,DFFC
Beverly Johnson,beverlyjohnson,DFFC
Beyoncé,beyonc,DFFC
Beñat Intxausti,beatintxausti,DFFC
Bhanu Pratap Jena,bhanupratapjena,DFFC
Bhaskar Nath,bhaskarnath,DFFC
Bhavana,bhavana,DFFC
Bhoomika Chawla,bhoomikachawla,Celeb
Bia Figueiredo,biafigueiredo,Celeb
Bia Seidl,biaseidl,DFFC
Bianca Balti,biancabalti,Celeb
Bianca Beauchamp,biancabeauchamp,DFFC
Bianca Bin,biancabin,Celeb
Bianca Butler,biancabutler,DFFC
Bianca Caloi,biancacaloi,Celeb
Bianca Christians,biancachristians,Celeb
Bianca Comparato,biancacomparato,DFFC
Bianca Gascoigne,biancagascoigne,Celeb
Bianca Gonzalez,biancagonzalez,Celeb
Bianca Jagger,biancajagger,DFFC
Bianca Kajlich,biancakajlich,Celeb
Bianca Lawson,biancalawson,Celeb
Bianca Ryan,biancaryan,DFFC
Bianca Schmidt,biancaschmidt,DFFC
Bianna Golodryga,biannagolodryga,DFFC
Bic Runga,bicrunga,Celeb
Bice Valori,bicevalori,DFFC
Bif Naked,bifnaked,DFFC
Big Boss Man,bigbossman,DFFC
Big E Langston,bigelangston,DFFC
Big L,bigl,DFFC
Big Tom,bigtom,DFFC
Big Youth,bigyouth,DFFC
Bigas Luna,bigasluna,DFFC
Bijou Phillips,bijouphillips,Celeb
Bikram Choudhury,bikramchoudhury,DFFC
Bilal Akgül,bilalakgl,DFFC
Bilel Mohsni,bilelmohsni,DFFC
Bilgesu Aydın,bilgesuaydn,DFFC
Bill Amend,billamend,DFFC
Bill Amis,billamis,DFFC
Bill Anderson,billanderson,Celeb
Bill Baird,billbaird,DFFC
Bill Bavasi,billbavasi,DFFC
Bill Bedford,billbedford,DFFC
Bill Borger,billborger,DFFC
Bill Cosby,billcosby,DFFC
Bill Cunningham,billcunningham,DFFC
Bill Curry,billcurry,DFFC
Bill Daily,billdaily,Celeb
Bill Damaschke,billdamaschke,DFFC
Bill DeMott,billdemott,DFFC
Bill Dellinger,billdellinger,DFFC
Bill Duke,billduke,Celeb
Bill Eadie,billeadie,DFFC
Bill Evans,billevans,DFFC
Bill Fagerbakke,billfagerbakke,DFFC
Bill Forsyth,billforsyth,DFFC
Bill Gibb,billgibb,DFFC
Bill Goldberg,billgoldberg,Celeb
Bill Hamid,billhamid,DFFC
Bill Jennings,billjennings,DFFC
Bill Kaulitz,billkaulitz,Celeb
Bill Kern,billkern,DFFC
Bill Lichtenstein,billlichtenstein,DFFC
Bill Lyons,billlyons,DFFC
Bill MacMillan,billmacmillan,DFFC
Bill Mazeroski,billmazeroski,DFFC
Bill McKibben,billmckibben,DFFC
Bill Moseley,billmoseley,Celeb
Bill Murray,billmurray,DFFC
Bill Nighy,billnighy,DFFC
Bill Nye,billnye,DFFC
Bill Oakley,billoakley,DFFC
Bill Pitman,billpitman,DFFC
Bill Pullman,billpullman,DFFC
Bill Russell,billrussell,DFFC
Bill Ryder-Jones,billryderjones,DFFC
Bill Sage,billsage,DFFC
Bill Schonely,billschonely,DFFC
Bill Skarsgård,billskarsgrd,DFFC
Bill Stevenson,billstevenson,DFFC
Bill Szymczyk,billszymczyk,DFFC
Bill Torrey,billtorrey,DFFC
Bill Virdon,billvirdon,DFFC
Bill Walsh,billwalsh,DFFC
Bill Ward,billward,DFFC
Bill Welke,billwelke,DFFC
Bill Wight,billwight,DFFC
Bill Wyman,billwyman,DFFC
Billie Joe Armstrong,billiejoearmstrong,Celeb
Billie Piper,billiepiper,Celeb
Billy Blanks,billyblanks,DFFC
Billy Burke,billyburke,Celeb
Billy Butler,billybutler,DFFC
Billy Campbell,billycampbell,Celeb
Billy Casper,billycasper,DFFC
Billy Connolly,billyconnolly,DFFC
Billy Corgan,billycorgan,Celeb
Billy Cox,billycox,DFFC
Billy Crudup,billycrudup,Celeb
Billy Crystal,billycrystal,DFFC
Billy Currington,billycurrington,Celeb
Billy Dee Williams,billydeewilliams,Celeb
Billy Donovan,billydonovan,DFFC
Billy Duffy,billyduffy,Celeb
Billy Fiske,billyfiske,DFFC
Billy Gibbons,billygibbons,Celeb
Billy Goodman,billygoodman,DFFC
Billy Gunn,billygunn,DFFC
Billy Harper,billyharper,DFFC
Billy Howton,billyhowton,DFFC
Billy Idol,billyidol,Celeb
Billy J Boles,billyjboles,DFFC
Billy Joe Tolliver,billyjoetolliver,DFFC
Billy Jones,billyjones,DFFC
Billy Mackel,billymackel,DFFC
Billy Martin,billymartin,Celeb
Billy McEwan,billymcewan,DFFC
Billy Miller,billymiller,DFFC
Billy Ray Cyrus,billyraycyrus,Celeb
Billy Squier,billysquier,Celeb
Billy Stretch,billystretch,DFFC
Billy Thorpe,billythorpe,DFFC
Billy Unger,billyunger,Celeb
Billy Van Zandt,billyvanzandt,DFFC
Billy West,billywest,DFFC
Billy Wilson,billywilson,DFFC
Billy Wright,billywright,DFFC
Billy Zane,billyzane,Celeb
Binayak Sen,binayaksen,DFFC
Bipasha Basu,bipashabasu,Celeb
Birdengine,birdengine,DFFC
Birdie Kim,birdiekim,DFFC
Birgit Kober,birgitkober,DFFC
Birkir Bjarnason,birkirbjarnason,DFFC
Birutė Kalėdienė,birutkaldien,DFFC
Biréli Lagrène,birlilagrne,DFFC
Bitsie Tulloch,bitsietulloch,DFFC
Bitty McLean,bittymclean,DFFC
Bizarre,bizarre,DFFC
Bjarke Ingels,bjarkeingels,DFFC
Bjorn Borg,bjornborg,Celeb
Bjorn Ulvaeus,bjornulvaeus,Celeb
Björk,bjrk,DFFC
Björn Afzelius,bjrnafzelius,DFFC
Björn Ferry,bjrnferry,DFFC
Björn Lind,bjrnlind,DFFC
Björn Ranelid,bjrnranelid,DFFC
Björn Schlicke,bjrnschlicke,DFFC
Björn Thurau,bjrnthurau,DFFC
Björn Waldegård,bjrnwaldegrd,DFFC
Björn Wirdheim,bjrnwirdheim,DFFC
Bjørn Dæhlie,bjrndhlie,DFFC
Bjørn G Andersen,bjrngandersen,DFFC
Black Buffalo,blackbuffalo,DFFC
Blackie Chen,blackiechen,DFFC
Blagoy Georgiev,blagoygeorgiev,DFFC
Blaine Nye,blainenye,DFFC
Blair Butler,blairbutler,DFFC
Blair Redford,blairredford,Celeb
Blair Underwood,blairunderwood,DFFC
Blaise Matuidi,blaisematuidi,DFFC
Blaise Nkufo,blaisenkufo,DFFC
Blake Cochrane,blakecochrane,DFFC
Blake Dunlop,blakedunlop,DFFC
Blake Fielder-Civil,blakefieldercivil,Celeb
Blake Griffin,blakegriffin,Celeb
Blake Harnage,blakeharnage,Celeb
Blake Harrison,blakeharrison,DFFC
Blake Jenner,blakejenner,DFFC
Blake Koch,blakekoch,DFFC
Blake Leeper,blakeleeper,DFFC
Blake Lewis,blakelewis,Celeb
Blake Lively,blakelively,Celeb
Blake Powell,blakepowell,DFFC
Blake Ross,blakeross,DFFC
Blake Shelton,blakeshelton,Celeb
Blanca Romero,blancaromero,Celeb
Blanca Soto,blancasoto,Celeb
Blanchard Ryan,blanchardryan,DFFC
Blanche Baker,blanchebaker,DFFC
Blas Pérez,blasprez,DFFC
Bleona Qereti,bleonaqereti,Celeb
Blerim Destani,blerimdestani,Celeb
Blessing Okagbare,blessingokagbare,DFFC
Blixa Bargeld,blixabargeld,Celeb
Bloem de Ligny,bloemdeligny,DFFC
Blossom Ozurumba,blossomozurumba,DFFC
Blu Cantrell,blucantrell,Celeb
Bluma Appel,blumaappel,DFFC
Bo Bice,bobice,Celeb
Bo Derek,boderek,Celeb
Bo Hamburger,bohamburger,DFFC
Bo Levi Mitchell,bolevimitchell,DFFC
Bo Outlaw,booutlaw,DFFC
Bo Ryan,boryan,DFFC
Bo Scaife,boscaife,DFFC
BoA,boa,Celeb
Bob Arum,bobarum,DFFC
Bob Aspromonte,bobaspromonte,DFFC
Bob Backlund,bobbacklund,DFFC
Bob Balaban,bobbalaban,DFFC
Bob Bennett,bobbennett,DFFC
Bob Bergen,bobbergen,DFFC
Bob Black,bobblack,DFFC
Bob Boldon,bobboldon,DFFC
Bob Boyd,bobboyd,DFFC
Bob Budiansky,bobbudiansky,DFFC
Bob Burns,bobburns,DFFC
Bob Byington,bobbyington,DFFC
Bob Cain,bobcain,DFFC
Bob Chilcott,bobchilcott,DFFC
Bob Cifers,bobcifers,DFFC
Bob Costas,bobcostas,DFFC
Bob Crow,bobcrow,DFFC
Bob DeMoss,bobdemoss,DFFC
Bob Denver,bobdenver,Celeb
Bob Dernier,bobdernier,DFFC
Bob Evans,bobevans,DFFC
Bob Harper,bobharper,Celeb
Bob Holness,bobholness,DFFC
Bob Hoskins,bobhoskins,DFFC
Bob Iger,bobiger,DFFC
Bob Ingersoll,bobingersoll,DFFC
Bob Kelly,bobkelly,DFFC
Bob Knight,bobknight,DFFC
Bob Lilly,boblilly,DFFC
Bob Lutz,boblutz,DFFC
Bob McDonald,bobmcdonald,DFFC
Bob Mionske,bobmionske,DFFC
Bob Mould,bobmould,DFFC
Bob Myers,bobmyers,DFFC
Bob Oksner,boboksner,DFFC
Bob Perina,bobperina,DFFC
Bob Porterfield,bobporterfield,DFFC
Bob Rozakis,bobrozakis,DFFC
Bob Saget,bobsaget,DFFC
Bob Schul,bobschul,DFFC
Bob Short,bobshort,DFFC
Bob Sinclar,bobsinclar,DFFC
Bob Symes,bobsymes,DFFC
Bob Weir,bobweir,DFFC
Bob Wilson,bobwilson,DFFC
Bobbi Wiens,bobbiwiens,Celeb
Bobbie Brown,bobbiebrown,Celeb
Bobbie Williams,bobbiewilliams,DFFC
Bobby Bowden,bobbybowden,DFFC
Bobby Brown,bobbybrown,Celeb
Bobby Cannavale,bobbycannavale,Celeb
Bobby Charlton,bobbycharlton,DFFC
Bobby Clatterbuck,bobbyclatterbuck,DFFC
Bobby Curtis,bobbycurtis,DFFC
Bobby Dall,bobbydall,Celeb
Bobby Darin,bobbydarin,Celeb
Bobby Deol,bobbydeol,Celeb
Bobby Dodd,bobbydodd,DFFC
Bobby Eaton,bobbyeaton,DFFC
Bobby Edner,bobbyedner,Celeb
Bobby Few,bobbyfew,DFFC
Bobby Fish,bobbyfish,DFFC
Bobby Flay,bobbyflay,Celeb
Bobby Fulton,bobbyfulton,DFFC
Bobby Gage,bobbygage,DFFC
Bobby Garrett,bobbygarrett,DFFC
Bobby Gerhart,bobbygerhart,DFFC
Bobby Gillespie,bobbygillespie,DFFC
Bobby Grubic,bobbygrubic,DFFC
Bobby Hamilton,bobbyhamilton,DFFC
Bobby Jack Fowler,bobbyjackfowler,DFFC
Bobby Jones,bobbyjones,DFFC
Bobby Labonte,bobbylabonte,Celeb
Bobby Lashley,bobbylashley,DFFC
Bobby Lutz,bobbylutz,DFFC
Bobby McFerrin,bobbymcferrin,DFFC
Bobby Parnell,bobbyparnell,DFFC
Bobby Rahal,bobbyrahal,DFFC
Bobby Richardson,bobbyrichardson,DFFC
Bobby Roode,bobbyroode,DFFC
Bobby Ross,bobbyross,DFFC
Bobby Rydell,bobbyrydell,DFFC
Bobby Susser,bobbysusser,DFFC
Bobby Thomason,bobbythomason,DFFC
Bobby Thomson,bobbythomson,DFFC
Bobby Tiefenauer,bobbytiefenauer,DFFC
Bobby V,bobbyv,Celeb
Bobby Wade,bobbywade,DFFC
Bobby Walston,bobbywalston,DFFC
Bocafloja,bocafloja,DFFC
Bode Miller,bodemiller,DFFC
Bodo Illgner,bodoillgner,DFFC
Bogdan Tanjević,bogdantanjevi,DFFC
Boggie,boggie,DFFC
Bogna Jóźwiak,bognajwiak,DFFC
Bohdan Nikishyn,bohdannikishyn,DFFC
Bojan Jovanović,bojanjovanovi,DFFC
Bojan Subotić,bojansuboti,DFFC
Bojan Zajić,bojanzaji,DFFC
Bojana Novakovic,bojananovakovic,DFFC
Bokeem Woodbine,bokeemwoodbine,Celeb
Bon Jovi,bonjovi,Celeb
Boney Kapoor,boneykapoor,DFFC
Bongkoj Khongmalai,bongkojkhongmalai,DFFC
Bonnie Bedelia,bonniebedelia,Celeb
Bonnie Bernstein,bonniebernstein,Celeb
Bonnie Franklin,bonniefranklin,Celeb
Bonnie Fuller,bonniefuller,DFFC
Bonnie Lou,bonnielou,DFFC
Bonnie Maxon,bonniemaxon,DFFC
Bonnie Raitt,bonnieraitt,Celeb
Bonnie Somerville,bonniesomerville,Celeb
Bonnie Wright,bonniewright,DFFC
Bonnie-Jill Laflin,bonniejilllaflin,DFFC
Bonzi Wells,bonziwells,DFFC
Boo Williams,boowilliams,DFFC
Booboo Stewart,booboostewart,Celeb
Booker T,bookert,Celeb
Boomer Grigsby,boomergrigsby,DFFC
Boone Jenner,boonejenner,DFFC
Boosie Badazz,boosiebadazz,DFFC
Boots Randolph,bootsrandolph,DFFC
Bora Dagtekin,boradagtekin,Celeb
Bora Milutinović,boramilutinovi,DFFC
Borgore,borgore,DFFC
Boris Akunin,borisakunin,DFFC
Boris Boillon,borisboillon,DFFC
Boris Chertok,borischertok,DFFC
Boris Diaw,borisdiaw,DFFC
Boris Grebenshchikov,borisgrebenshchikov,DFFC
Boris Gulko,borisgulko,DFFC
Boris Ignatyev,borisignatyev,DFFC
Boris Karloff,boriskarloff,Celeb
Boris Klaiman,borisklaiman,DFFC
Boris Martinec,borismartinec,DFFC
Borut Božič,borutboi,DFFC
"Borwin, Duke of Mecklenburg",borwindukeofmecklenburg,DFFC
Boubacar Sanogo,boubacarsanogo,DFFC
Boudewijn Büch,boudewijnbch,DFFC
Bounty Killer,bountykiller,DFFC
Bow Wow,bowwow,DFFC
Bowie Lam,bowielam,DFFC
Boy George,boygeorge,DFFC
Boyd Martin,boydmartin,DFFC
Brad Bird,bradbird,DFFC
Brad Colbert,bradcolbert,DFFC
Brad Daugherty,braddaugherty,DFFC
Brad Davis,braddavis,DFFC
Brad Friedel,bradfriedel,DFFC
Brad Green,bradgreen,DFFC
Brad Gulden,bradgulden,DFFC
Brad Guzan,bradguzan,DFFC
Brad Johnson,bradjohnson,DFFC
Brad Jones,bradjones,DFFC
Brad Kavanagh,bradkavanagh,Celeb
Brad Keselowski,bradkeselowski,Celeb
Brad Mattson,bradmattson,DFFC
Brad Maynard,bradmaynard,DFFC
Brad Mehldau,bradmehldau,DFFC
Brad Nortman,bradnortman,DFFC
Brad Oleson,bradoleson,DFFC
Brad Ottens,bradottens,DFFC
Brad Paisley,bradpaisley,DFFC
Brad Peyton,bradpeyton,DFFC
Brad Porter,bradporter,DFFC
Brad Renfro,bradrenfro,Celeb
Brad Rowe,bradrowe,Celeb
Brad Stevens,bradstevens,DFFC
Brad Walker,bradwalker,DFFC
Brad Wing,bradwing,DFFC
Brad Wright,bradwright,DFFC
Bradford Anderson,bradfordanderson,DFFC
Bradley Cooper,bradleycooper,Celeb
Bradley Fletcher,bradleyfletcher,DFFC
Bradley James,bradleyjames,Celeb
Bradley Mark,bradleymark,DFFC
Bradley McCallum,bradleymccallum,DFFC
Bradley Potgieter,bradleypotgieter,DFFC
Bradley Roby,bradleyroby,DFFC
Bradley Smith,bradleysmith,DFFC
Bradley Soileau,bradleysoileau,Celeb
Bradley Whitford,bradleywhitford,DFFC
Bradley Wiggins,bradleywiggins,DFFC
Brady Ellison,bradyellison,DFFC
Brady Haran,bradyharan,DFFC
Brady Quinn,bradyquinn,DFFC
Brady Seals,bradyseals,DFFC
Brady Smith,bradysmith,DFFC
Bram Nuytinck,bramnuytinck,DFFC
Bramwell Tovey,bramwelltovey,DFFC
Bran Ferren,branferren,DFFC
Brande Roderick,branderoderick,DFFC
Branden Ledbetter,brandenledbetter,DFFC
Brandi Brandt,brandibrandt,Celeb
Brandi Burkhardt,brandiburkhardt,Celeb
Brandi Glanville,brandiglanville,Celeb
Brandi Sherwood,brandisherwood,Celeb
Brandian Ross,brandianross,DFFC
Brandon Beemer,brandonbeemer,Celeb
Brandon Bostick,brandonbostick,DFFC
Brandon Brooks,brandonbrooks,DFFC
Brandon Cantu,brandoncantu,DFFC
Brandon Copeland,brandoncopeland,DFFC
Brandon Davis,brandondavis,Celeb
Brandon DeFazio,brandondefazio,DFFC
Brandon Dubinsky,brandondubinsky,DFFC
Brandon Fields,brandonfields,DFFC
Brandon Flowers,brandonflowers,Celeb
Brandon Frazier,brandonfrazier,DFFC
Brandon Gorin,brandongorin,DFFC
Brandon Hunter,brandonhunter,DFFC
Brandon Jacobs,brandonjacobs,DFFC
Brandon McCarthy,brandonmccarthy,DFFC
Brandon McDonald,brandonmcdonald,DFFC
Brandon Mendelson,brandonmendelson,DFFC
Brandon Moore,brandonmoore,DFFC
Brandon Mull,brandonmull,DFFC
Brandon Novak,brandonnovak,Celeb
Brandon Routh,brandonrouth,DFFC
Brandon Rush,brandonrush,DFFC
Brandon Spikes,brandonspikes,DFFC
Brandon Sutter,brandonsutter,DFFC
Brandon T Jackson,brandontjackson,Celeb
Brandon Triche,brandontriche,DFFC
Brandon Weeden,brandonweeden,DFFC
Brandy Aniston,brandyaniston,DFFC
Brandy Norwood,brandynorwood,DFFC
Branimir Subašić,branimirsubai,DFFC
Branislau Samoilau,branislausamoilau,DFFC
Branislav Janković,branislavjankovi,DFFC
Branislav Trajković,branislavtrajkovi,DFFC
Branko Brnović,brankobrnovi,DFFC
Branko Gradišnik,brankogradinik,DFFC
Branko Grünbaum,brankogrnbaum,DFFC
Branko Jorović,brankojorovi,DFFC
Branko Lazarević,brankolazarevi,DFFC
Branko Lazić,brankolazi,DFFC
Branko Lustig,brankolustig,DFFC
Braxton Kelley,braxtonkelley,DFFC
Brayan Ramírez,brayanramrez,DFFC
Brayden Point,braydenpoint,DFFC
Bre Scullark,brescullark,Celeb
Brea Grant,breagrant,Celeb
Breana McDow,breanamcdow,Celeb
Breckin Meyer,breckinmeyer,Celeb
Bree Olson,breeolson,Celeb
Bregje Heinen,bregjeheinen,Celeb
Brenda Asnicar,brendaasnicar,Celeb
Brenda Bakke,brendabakke,Celeb
Brenda Blethyn,brendablethyn,Celeb
Brenda Jones,brendajones,DFFC
Brenda Joyce,brendajoyce,Celeb
Brenda Lee,brendalee,Celeb
Brenda Milner,brendamilner,DFFC
Brenda Romero,brendaromero,DFFC
Brenda Song,brendasong,DFFC
Brenda Strong,brendastrong,Celeb
Brenda Villa,brendavilla,DFFC
Brendan Burke,brendanburke,DFFC
Brendan Fehr,brendanfehr,Celeb
Brendan Fevola,brendanfevola,DFFC
Brendan Fraser,brendanfraser,DFFC
Brendan Gallagher,brendangallagher,DFFC
Brendan Gleeson,brendangleeson,Celeb
Brendan Grace,brendangrace,DFFC
Brendan Haywood,brendanhaywood,DFFC
Brendan Kerry,brendankerry,DFFC
Brendan Malone,brendanmalone,DFFC
Brendan Rodgers,brendanrodgers,DFFC
Brenden Hall,brendenhall,DFFC
Brenden Morrow,brendenmorrow,DFFC
Brendon Coventry,brendoncoventry,DFFC
Brendon Hartley,brendonhartley,DFFC
Brendon Small,brendonsmall,DFFC
Brendon Urie,brendonurie,Celeb
Brendon Šantalab,brendonantalab,DFFC
Brenno de Winter,brennodewinter,DFFC
Brent Barry,brentbarry,DFFC
Brent Bommentre,brentbommentre,DFFC
Brent Guerra,brentguerra,DFFC
Brent Harding,brentharding,DFFC
Brent Lakatos,brentlakatos,DFFC
Brent Lepistu,brentlepistu,DFFC
Brent Morin,brentmorin,DFFC
Brent Newdick,brentnewdick,DFFC
Brent Sexton,brentsexton,Celeb
Brent Spiner,brentspiner,DFFC
Brent Weedman,brentweedman,DFFC
Brenton Thwaites,brentonthwaites,DFFC
Bret Easton Ellis,breteastonellis,DFFC
Bret Harrison,bretharrison,Celeb
Bret McKenzie,bretmckenzie,DFFC
Bret Michaels,bretmichaels,Celeb
Brett Anderson,brettanderson,DFFC
Brett Basanez,brettbasanez,DFFC
Brett Dalton,brettdalton,DFFC
Brett Deledio,brettdeledio,DFFC
Brett Favre,brettfavre,DFFC
Brett Hundley,bretthundley,DFFC
Brett Scallions,brettscallions,DFFC
Brett Somers,brettsomers,Celeb
Brett Stibners,brettstibners,DFFC
Bria Hartley,briahartley,DFFC
Bria Valente,briavalente,Celeb
Brian Austin Green,brianaustingreen,DFFC
Brian Azzarello,brianazzarello,DFFC
Brian Baker,brianbaker,DFFC
Brian Boitano,brianboitano,DFFC
Brian Boyle,brianboyle,DFFC
Brian Bulcke,brianbulcke,DFFC
Brian Burke,brianburke,DFFC
Brian Burres,brianburres,DFFC
Brian Butterfield,brianbutterfield,DFFC
Brian Cody,briancody,DFFC
Brian Cowan,briancowan,Celeb
Brian Cox,briancox,Celeb
Brian Day,brianday,DFFC
Brian De Palma,briandepalma,DFFC
Brian Dennehy,briandennehy,Celeb
Brian Fallon,brianfallon,DFFC
Brian Finneran,brianfinneran,DFFC
Brian Flynn,brianflynn,DFFC
Brian Foster,brianfoster,DFFC
Brian Fuentes,brianfuentes,DFFC
Brian Gibbons,briangibbons,DFFC
Brian Greene,briangreene,DFFC
Brian Gubby,briangubby,DFFC
Brian Halligan,brianhalligan,DFFC
Brian Idowu,brianidowu,DFFC
Brian Johnson,brianjohnson,Celeb
Brian Jones,brianjones,DFFC
Brian Joubert,brianjoubert,DFFC
Brian Kendrick,briankendrick,DFFC
Brian Keselowski,briankeselowski,DFFC
Brian Krause,briankrause,Celeb
Brian Landrus,brianlandrus,DFFC
Brian Lehrer,brianlehrer,DFFC
Brian Littrell,brianlittrell,Celeb
Brian Mariano,brianmariano,DFFC
Brian May,brianmay,Celeb
Brian McDermott,brianmcdermott,DFFC
Brian McFadden,brianmcfadden,Celeb
Brian McKnight,brianmcknight,Celeb
Brian Molko,brianmolko,Celeb
Brian Naylor,briannaylor,DFFC
Brian Posehn,brianposehn,DFFC
Brian Pulido,brianpulido,DFFC
Brian Roberts,brianroberts,DFFC
Brian Robertson,brianrobertson,DFFC
Brian Robiskie,brianrobiskie,DFFC
Brian Ronalds,brianronalds,DFFC
Brian Roy Goble,brianroygoble,DFFC
Brian Shaw,brianshaw,DFFC
Brian St Pierre,brianstpierre,DFFC
Brian Stann,brianstann,DFFC
Brian Stelter,brianstelter,DFFC
Brian Sterling-Vete,briansterlingvete,DFFC
Brian Strait,brianstrait,DFFC
Brian Thacker,brianthacker,DFFC
Brian Thompson,brianthompson,DFFC
Brian Tochi,briantochi,DFFC
Brian Urlacher,brianurlacher,DFFC
Brian Van Holt,brianvanholt,Celeb
Brian VanGorder,brianvangorder,DFFC
Brian Vandborg,brianvandborg,DFFC
Brian Vickers,brianvickers,DFFC
Brian White,brianwhite,Celeb
Brian Wilson,brianwilson,DFFC
Brian Yuzna,brianyuzna,DFFC
Brian de la Puente,briandelapuente,DFFC
Brian Ó Domhnaill,briandomhnaill,DFFC
Briana Blair,brianablair,DFFC
Briana Scurry,brianascurry,DFFC
Brianna Brown,briannabrown,DFFC
Brianna Fruean,briannafruean,DFFC
Brianna Garcia,briannagarcia,Celeb
Brianna Lea Pruett,briannaleapruett,DFFC
Brianna Love,briannalove,DFFC
Brianne Theisen-Eaton,briannetheiseneaton,DFFC
Brice Butler,bricebutler,DFFC
Brice Fournier,bricefournier,DFFC
Bridget Fonda,bridgetfonda,DFFC
Bridget Marquardt,bridgetmarquardt,DFFC
Bridgit Mendler,bridgitmendler,Celeb
Bridie Kean,bridiekean,DFFC
Brie Larson,brielarson,Celeb
Brigitte Bardot,brigittebardot,Celeb
Brigitte Helm,brigittehelm,Celeb
Brigitte Lahaie,brigittelahaie,DFFC
Brigitte Nielsen,brigittenielsen,DFFC
Brillante Mendoza,brillantemendoza,DFFC
Brina Palencia,brinapalencia,DFFC
Bristol Palin,bristolpalin,Celeb
Brit Marling,britmarling,DFFC
Brit Morgan,britmorgan,DFFC
Britney Amber,britneyamber,DFFC
Britt Ekland,brittekland,Celeb
Britt McHenry,brittmchenry,DFFC
Britt Robertson,brittrobertson,DFFC
Britta Büthe,brittabthe,DFFC
Britta Heidemann,brittaheidemann,DFFC
Britta Johansson Norgren,brittajohanssonnorgren,DFFC
Brittany Bock,brittanybock,DFFC
Brittany Bowe,brittanybowe,DFFC
Brittany Curran,brittanycurran,Celeb
Brittany Daniel,brittanydaniel,Celeb
Brittany Elizabeth,brittanyelizabeth,Celeb
Brittany Flickinger,brittanyflickinger,Celeb
Brittany Lang,brittanylang,DFFC
Britteny Cox,brittenycox,DFFC
Brittney Palmer,brittneypalmer,Celeb
Brittney Skye,brittneyskye,DFFC
Brittny Gastineau,brittnygastineau,Celeb
Britton Colquitt,brittoncolquitt,DFFC
Brock Coyle,brockcoyle,DFFC
Brock Holt,brockholt,DFFC
Brock Larson,brocklarson,DFFC
Brock Nelson,brocknelson,DFFC
Brody Dalle,brodydalle,Celeb
Brody Jenner,brodyjenner,DFFC
Brody Roybal,brodyroybal,DFFC
Bronisław Malinowski,bronisawmalinowski,DFFC
Bronson Pelletier,bronsonpelletier,Celeb
Bronson Pinchot,bronsonpinchot,DFFC
Bront Bird,brontbird,DFFC
Brooke Baldwin,brookebaldwin,DFFC
Brooke Burke,brookeburke,DFFC
Brooke Castile,brookecastile,DFFC
Brooke Fraser,brookefraser,DFFC
Brooke Hogan,brookehogan,Celeb
Brooke Kinsella,brookekinsella,Celeb
Brooke Langton,brookelangton,Celeb
Brooke Mueller,brookemueller,Celeb
Brooke Nevin,brookenevin,Celeb
Brooke Valentine,brookevalentine,DFFC
Brooke White,brookewhite,Celeb
Brooklyn Decker,brooklyndecker,Celeb
Brooks Aaron,brooksaaron,Celeb
Brooks Williams,brookswilliams,DFFC
Bruce Bennett,brucebennett,DFFC
Bruce Bowen,brucebowen,DFFC
Bruce Boxleitner,bruceboxleitner,Celeb
Bruce Campbell,brucecampbell,DFFC
Bruce Davidson,brucedavidson,DFFC
Bruce Davis,brucedavis,DFFC
Bruce Degen,brucedegen,DFFC
Bruce Dern,brucedern,DFFC
Bruce Dickinson,brucedickinson,Celeb
Bruce Edwards,bruceedwards,DFFC
Bruce Foxton,brucefoxton,DFFC
Bruce Greenwood,brucegreenwood,Celeb
Bruce Grobbelaar,brucegrobbelaar,DFFC
Bruce Halle,brucehalle,Celeb
Bruce Hilkene,brucehilkene,DFFC
Bruce Irvin,bruceirvin,DFFC
Bruce Jenner,brucejenner,Celeb
Bruce McDonald,brucemcdonald,DFFC
Bruce McGill,brucemcgill,Celeb
Bruce Miller,brucemiller,DFFC
Bruce Reid,brucereid,DFFC
Bruce Robinson,brucerobinson,DFFC
Bruce Schneier,bruceschneier,DFFC
Bruce Seldon,bruceseldon,DFFC
Bruce Springsteen,brucespringsteen,DFFC
Bruce Sutter,brucesutter,DFFC
Bruce Weitz,bruceweitz,DFFC
Bruna Linzmeyer,brunalinzmeyer,DFFC
Bruna Marquezine,brunamarquezine,DFFC
Bruno Alves,brunoalves,DFFC
Bruno Banani,brunobanani,DFFC
Bruno Barreto,brunobarreto,DFFC
Bruno Basto,brunobasto,DFFC
Bruno Canfora,brunocanfora,DFFC
Bruno Cipolla,brunocipolla,DFFC
Bruno Cirillo,brunocirillo,DFFC
Bruno Dumont,brunodumont,DFFC
Bruno Gabriel Soares,brunogabrielsoares,DFFC
Bruno Mars,brunomars,DFFC
Bruno Pires,brunopires,DFFC
Bruno Racine,brunoracine,DFFC
Bruno Ravel,brunoravel,DFFC
Bruno Rezende,brunorezende,Celeb
Bruno Sammartino,brunosammartino,DFFC
Bruno Senna,brunosenna,DFFC
Bruno Spengler,brunospengler,DFFC
Bruno Tonioli,brunotonioli,Celeb
Brutus Beefcake,brutusbeefcake,DFFC
Bryan Anger,bryananger,DFFC
Bryan Augenstein,bryanaugenstein,DFFC
Bryan Bouffier,bryanbouffier,DFFC
Bryan Brown,bryanbrown,Celeb
Bryan Carrasco,bryancarrasco,DFFC
Bryan Clauson,bryanclauson,DFFC
Bryan Cranston,bryancranston,DFFC
Bryan Ferry,bryanferry,DFFC
Bryan Greenberg,bryangreenberg,DFFC
Bryan Lee O'Malley,bryanleeomalley,DFFC
Bryan Murray,bryanmurray,DFFC
Bryan Price,bryanprice,DFFC
Bryan Robson,bryanrobson,DFFC
Bryan Singer,bryansinger,DFFC
Bryan Talbot,bryantalbot,DFFC
Bryan Thao Worra,bryanthaoworra,DFFC
Bryan Thomas,bryanthomas,DFFC
Bryan White,bryanwhite,DFFC
Bryant Gumbel,bryantgumbel,DFFC
Bryant H McGill,bryanthmcgill,DFFC
Bryant McKinnie,bryantmckinnie,DFFC
Bryant Nelson,bryantnelson,DFFC
Bryce Alford,brycealford,DFFC
Bryce Dallas Howard,brycedallashoward,DFFC
Bryce Dessner,brycedessner,DFFC
Bryce Harper,bryceharper,DFFC
Bryce Lindores,brycelindores,DFFC
Bryce Salvador,brycesalvador,DFFC
Bryn Terfel,brynterfel,DFFC
Buakaw Banchamek,buakawbanchamek,DFFC
Buck Adams,buckadams,DFFC
Buck Owens,buckowens,Celeb
Buckethead,buckethead,Celeb
Bucky Dent,buckydent,DFFC
Bud Colligan,budcolligan,DFFC
Buddy Bailey,buddybailey,DFFC
Buddy Ebsen,buddyebsen,Celeb
Buddy Feyne,buddyfeyne,DFFC
Buffy Sainte Marie,buffysaintemarie,Celeb
Buford Long,bufordlong,DFFC
Bugra Gulsoy,bugragulsoy,Celeb
Buju Banton,bujubanton,DFFC
Bukhuti Gurgenidze,bukhutigurgenidze,DFFC
Buky Schwartz,bukyschwartz,DFFC
Bull Dempsey,bulldempsey,DFFC
Bull Nakano,bullnakano,DFFC
Bunji Garlin,bunjigarlin,DFFC
Bunny Yeager,bunnyyeager,DFFC
Burak Hakki,burakhakki,Celeb
Burak Kardeş,burakkarde,DFFC
Burak ozcivit,burakozcivit,Celeb
Burcin Terzioglu,burcinterzioglu,Celeb
Burcu Esmersoy,burcuesmersoy,Celeb
Burcu Kara,burcukara,Celeb
Burcu Yüksel,burcuyksel,DFFC
Burleigh Smith,burleighsmith,DFFC
Burne Hogarth,burnehogarth,DFFC
Burney Lamar,burneylamar,DFFC
Burnie Burns,burnieburns,DFFC
Burt Reynolds,burtreynolds,DFFC
Burt Wilson,burtwilson,DFFC
Burt Young,burtyoung,Celeb
Burton Cummings,burtoncummings,Celeb
Bushido,bushido,Celeb
Busta Rhymes,bustarhymes,DFFC
Buster Keaton,busterkeaton,Celeb
Buster Posey,busterposey,DFFC
Buster Ramsey,busterramsey,DFFC
Busy Philipps,busyphilipps,DFFC
Butch Davis,butchdavis,DFFC
Butterfly Boucher,butterflyboucher,DFFC
Buz Verno,buzverno,DFFC
Buzz Aldrin,buzzaldrin,DFFC
Buzz Peterson,buzzpeterson,DFFC
Byron Roberts,byronroberts,DFFC
Byron Scott,byronscott,DFFC
Byron Stroud,byronstroud,DFFC
Byron Westbrook,byronwestbrook,DFFC
Byung-hyun Kim,byunghyunkim,DFFC
Bärbel Schäfer,brbelschfer,DFFC
Béla H Bánáthy,blahbnthy,DFFC
Béla Tarr,blatarr,DFFC
Bérénice Bejo,brnicebejo,DFFC
Bérénice Marlohe,brnicemarlohe,DFFC
Bülent Korkmaz,blentkorkmaz,DFFC
C Cameron Macauley,ccameronmacauley,DFFC
C David Johnson,cdavidjohnson,Celeb
C Eugene Steuerle,ceugenesteuerle,DFFC
CC Catch,cccatch,Celeb
CC Deville,ccdeville,Celeb
CC Sabathia,ccsabathia,DFFC
CJ Anderson,cjanderson,DFFC
CJ Brown,cjbrown,DFFC
CJ Cherryh,cjcherryh,DFFC
CJ Fair,cjfair,DFFC
CJ Wilson,cjwilson,Both
CK Prahalad,ckprahalad,DFFC
CT Vivian,ctvivian,DFFC
Cacau,cacau,DFFC
Cade Davis,cadedavis,DFFC
Caetano Veloso,caetanoveloso,Celeb
Cafu,cafu,DFFC
Caio Castro,caiocastro,Celeb
Caitlin Beadles,caitlinbeadles,Celeb
Caitlin Cary,caitlincary,DFFC
Caitlin Clarke,caitlinclarke,DFFC
Caitlin De Wit,caitlindewit,DFFC
Caitlin Stasey,caitlinstasey,Celeb
Caitlin Upton,caitlinupton,Celeb
Caitlin Yankowskas,caitlinyankowskas,DFFC
Caity Lotz,caitylotz,DFFC
CajsaStina Åkerström,cajsastinakerstrm,DFFC
Cal Abrams,calabrams,DFFC
Cal Crutchlow,calcrutchlow,DFFC
Caleb Followill,calebfollowill,Celeb
Caleb Porter,calebporter,DFFC
Calista Flockhart,calistaflockhart,DFFC
Callie Khouri,calliekhouri,DFFC
Callie Thorne,calliethorne,Celeb
Callista Gingrich,callistagingrich,DFFC
Callum Driver,callumdriver,DFFC
Callum Keith Rennie,callumkeithrennie,Celeb
Callum Kennedy,callumkennedy,DFFC
Callum Watson,callumwatson,DFFC
Calpernia Addams,calperniaaddams,DFFC
Calu Rivero,calurivero,DFFC
Calum Best,calumbest,Celeb
Calum Davenport,calumdavenport,DFFC
Calvin Harris,calvinharris,DFFC
Calvin Johnson,calvinjohnson,DFFC
Calvin Pickard,calvinpickard,DFFC
Calvin Zola,calvinzola,DFFC
Cam Donaldson,camdonaldson,DFFC
Cam'ron,camron,Both
Cameron Boyce,cameronboyce,DFFC
Cameron Bruce,cameronbruce,DFFC
Cameron Carpenter,cameroncarpenter,DFFC
Cameron Clark,cameronclark,DFFC
Cameron Heyward,cameronheyward,DFFC
Cameron Lynn,cameronlynn,DFFC
Cameron McConville,cameronmcconville,DFFC
Cameron Michael Quiseng,cameronmichaelquiseng,Celeb
Cameron de Burgh,camerondeburgh,DFFC
Camila Alves,camilaalves,DFFC
Camila Banus,camilabanus,DFFC
Camila Bordonaba,camilabordonaba,Celeb
Camila Finn,camilafinn,Celeb
Camila Grey,camilagrey,DFFC
Camila Lingerie,camilalingerie,Celeb
Camila Morais,camilamorais,Celeb
Camila Outon,camilaouton,Celeb
Camila Pitanga,camilapitanga,DFFC
Camila Sodi,camilasodi,Celeb
Camilla Belle,camillabelle,DFFC
Camilla Henemark,camillahenemark,DFFC
Camilla Parker-Bowles,camillaparkerbowles,Celeb
Camille,camille,DFFC
Camille Grammer,camillegrammer,Celeb
Camille Guaty,camilleguaty,Celeb
Camille Guerre,camilleguerre,DFFC
Camille Keaton,camillekeaton,DFFC
Camille Lacourt,camillelacourt,Celeb
Camille Rowe,camillerowe,Celeb
Camilo José Cela,camilojoscela,DFFC
Camilo Sanvezzo,camilosanvezzo,DFFC
Campbell Scott,campbellscott,Celeb
Candace Bailey,candacebailey,Celeb
Candace Bushnell,candacebushnell,DFFC
Candace Cameron Bure,candacecameronbure,Celeb
Candace Chapman,candacechapman,DFFC
Candace Gingrich,candacegingrich,DFFC
Candace Rae,candacerae,Celeb
Candice Accola,candiceaccola,Celeb
Candice Azzara,candiceazzara,Celeb
Candice Boucher,candiceboucher,Celeb
Candice Clot,candiceclot,Celeb
Candice Crawford,candicecrawford,Celeb
Candice Daly,candicedaly,DFFC
Candice Michelle,candicemichelle,Celeb
Candice Night,candicenight,Celeb
Candice Swanepoel,candiceswanepoel,DFFC
Candice Yu,candiceyu,DFFC
Candida Lycett Green,candidalycettgreen,DFFC
Candy Clark,candyclark,DFFC
Candy Dulfer,candydulfer,Celeb
Candy Hsu,candyhsu,DFFC
Cansel Elcin,canselelcin,Celeb
Cansu Dere,cansudere,Celeb
Cao Fang,caofang,DFFC
Cao Yupeng,caoyupeng,DFFC
Capleton,capleton,DFFC
Caprice Bourret,capricebourret,Celeb
Captain Munnerlyn,captainmunnerlyn,DFFC
Cara Delevigne,caradelevigne,Celeb
Cara Delevingne,caradelevingne,DFFC
Cara Fawn,carafawn,DFFC
Cara Santana,carasantana,Celeb
Cara Wakelin,carawakelin,Celeb
Cardale Jones,cardalejones,DFFC
Caren Marsh Doll,carenmarshdoll,DFFC
Caressa Savage,caressasavage,DFFC
Carey Bell,careybell,DFFC
Carey Davis,careydavis,DFFC
Carey Hart,careyhart,Celeb
CariDee English,carideeenglish,Celeb
Cariba Heine,caribaheine,Celeb
Carice van Houten,caricevanhouten,Celeb
Carina Wenninger,carinawenninger,DFFC
Carissa Capobianco,carissacapobianco,Celeb
Carl Cameron,carlcameron,DFFC
Carl Donnelly,carldonnelly,DFFC
Carl Fletcher,carlfletcher,DFFC
Carl Fontana,carlfontana,DFFC
Carl Frampton,carlframpton,DFFC
Carl Furillo,carlfurillo,DFFC
Carl Greenberg,carlgreenberg,DFFC
Carl Hiaasen,carlhiaasen,DFFC
Carl Icahn,carlicahn,Celeb
Carl Ikeme,carlikeme,DFFC
Carl Jan Granqvist,carljangranqvist,DFFC
Carl Jenkinson,carljenkinson,DFFC
Carl Jockusch,carljockusch,DFFC
Carl Long,carllong,DFFC
Carl M Voyles,carlmvoyles,DFFC
Carl Ouellet,carlouellet,DFFC
Carl Pentney,carlpentney,DFFC
Carl Renezeder,carlrenezeder,DFFC
Carl Robinson,carlrobinson,DFFC
Carl Sagan,carlsagan,DFFC
Carl Snavely,carlsnavely,DFFC
Carl Söderberg,carlsderberg,DFFC
Carl Woese,carlwoese,DFFC
Carla Abellana,carlaabellana,Celeb
Carla Brown,carlabrown,Celeb
Carla Bruni,carlabruni,DFFC
Carla Camurati,carlacamurati,DFFC
Carla Conte,carlaconte,Celeb
Carla Del Ponte,carladelponte,DFFC
Carla Diaz,carladiaz,Celeb
Carla Gallo,carlagallo,Celeb
Carla Ossa,carlaossa,Celeb
Carla Overbeck,carlaoverbeck,DFFC
Carla Peterson,carlapeterson,Celeb
Carles Castillejo,carlescastillejo,DFFC
Carleton Carpenter,carletoncarpenter,DFFC
Carley Mijović,carleymijovi,DFFC
Carlisle Trost,carlisletrost,DFFC
Carlo Ancelotti,carloancelotti,DFFC
Carlo Bomans,carlobomans,DFFC
Carlo Cudicini,carlocudicini,DFFC
Carlo Janka,carlojanka,DFFC
Carlo Lizzani,carlolizzani,DFFC
Carlo Rambaldi,carlorambaldi,DFFC
Carlo Rota,carlorota,Celeb
Carlos Alberto Torres,carlosalbertotorres,DFFC
Carlos Alberto de Jesus,carlosalbertodejesus,DFFC
Carlos Alexandre Cardoso,carlosalexandrecardoso,DFFC
Carlos Berlocq,carlosberlocq,DFFC
Carlos Betancur,carlosbetancur,DFFC
Carlos Boozer,carlosboozer,DFFC
Carlos Carmona,carloscarmona,DFFC
Carlos Castaño Panadero,carloscastaopanadero,DFFC
Carlos Castro,carloscastro,DFFC
Carlos Chinin,carloschinin,DFFC
Carlos Colón Sr,carloscolnsr,DFFC
Carlos Contreras,carloscontreras,DFFC
Carlos Delfino,carlosdelfino,Celeb
Carlos Eduardo de Fiori Mendes,carloseduardodefiorimendes,DFFC
Carlos Eugênio Simon,carloseugniosimon,DFFC
Carlos Frenk,carlosfrenk,DFFC
Carlos Gurpegui,carlosgurpegui,DFFC
Carlos Hathcock,carloshathcock,DFFC
Carlos Hernández,carloshernndez,DFFC
Carlos Huertas,carloshuertas,DFFC
Carlos Hyde,carloshyde,DFFC
Carlos Julio Martínez,carlosjuliomartnez,DFFC
Carlos Lee,carloslee,DFFC
Carlos Martins,carlosmartins,DFFC
Carlos Pachamé,carlospacham,DFFC
Carlos Pacheco,carlospacheco,DFFC
Carlos Pena,carlospena,Celeb
Carlos Ponce,carlosponce,Celeb
Carlos Páez Vilaró,carlospezvilar,DFFC
Carlos Reichenbach,carlosreichenbach,DFFC
Carlos Reygadas,carlosreygadas,DFFC
Carlos Rivero,carlosrivero,DFFC
Carlos Ruiz,carlosruiz,DFFC
Carlos Salcedo,carlossalcedo,DFFC
Carlos Santana,carlossantana,Celeb
Carlos Saura,carlossaura,DFFC
Carlos Slim Helu,carlosslimhelu,Celeb
Carlos Sosa,carlossosa,DFFC
Carlos Tavares,carlostavares,DFFC
Carlos Tevez,carlostevez,Celeb
Carlos Valderrama,carlosvalderrama,DFFC
Carlos Vela,carlosvela,DFFC
Carlos Velasco Carballo,carlosvelascocarballo,DFFC
Carlos Verona,carlosverona,DFFC
Carlota Ciganda,carlotaciganda,DFFC
Carlson Young,carlsonyoung,Celeb
Carlton Brewster,carltonbrewster,DFFC
Carlton Massey,carltonmassey,DFFC
Carlton W Kent,carltonwkent,DFFC
Carly Booth,carlybooth,DFFC
Carly Chaikin,carlychaikin,DFFC
Carly Colón,carlycoln,DFFC
Carly Craig,carlycraig,Celeb
Carly Pope,carlypope,Celeb
Carly Rae Jepsen,carlyraejepsen,DFFC
Carly Schroeder,carlyschroeder,Celeb
Carly Simon,carlysimon,Celeb
Carly Zucker,carlyzucker,Celeb
Carlyle Mitchell,carlylemitchell,DFFC
Carmelita Jeter,carmelitajeter,Celeb
Carmella Bing,carmellabing,Celeb
Carmelo Anthony,carmeloanthony,Celeb
Carmen Argenziano,carmenargenziano,DFFC
Carmen Cali,carmencali,DFFC
Carmen Ejogo,carmenejogo,Celeb
Carmen Kass,carmenkass,Celeb
Carmen Luvana,carmenluvana,DFFC
Carmen Miranda,carmenmiranda,DFFC
Carmen Rasmusen,carmenrasmusen,DFFC
Carmen Soo,carmensoo,Celeb
Carmen Villalobos,carmenvillalobos,Celeb
Carmina Villaroel,carminavillaroel,Celeb
Carmine Appice,carmineappice,DFFC
Carmine Giovinazzo,carminegiovinazzo,Celeb
Carmit Bachar,carmitbachar,Celeb
Carol Abras,carolabras,DFFC
Carol Alt,carolalt,Celeb
Carol Bartz,carolbartz,DFFC
Carol Channing,carolchanning,DFFC
Carol Fran,carolfran,DFFC
Carol Guess,carolguess,DFFC
Carol Kirkwood,carolkirkwood,DFFC
Carol Lynley,carollynley,Celeb
Carol Macedo,carolmacedo,Celeb
Carol Prates,carolprates,Celeb
Carol Thatcher,carolthatcher,DFFC
Carol Vorderman,carolvorderman,DFFC
Carol Weston,carolweston,DFFC
Carola Remer,carolaremer,Celeb
Carole Ann Ford,caroleannford,DFFC
Carole Bayer Sager,carolebayersager,DFFC
Carole Bouquet,carolebouquet,Celeb
Carole Demas,caroledemas,DFFC
Carole King,caroleking,Celeb
Carole Pateman,carolepateman,DFFC
Carole Shelley,caroleshelley,Celeb
Carolin Golubytskyi,carolingolubytskyi,DFFC
Carolin Nytra,carolinnytra,DFFC
Carolina Ardohain,carolinaardohain,Celeb
Carolina Bermudez,carolinabermudez,Celeb
Carolina Bittencourt,carolinabittencourt,Celeb
Carolina Cerezuela,carolinacerezuela,Celeb
Carolina Cruz,carolinacruz,Celeb
Carolina Dieckmann,carolinadieckmann,Celeb
Carolina Erba,carolinaerba,DFFC
Carolina Neurath,carolinaneurath,DFFC
Carolina Pantoliano,carolinapantoliano,Celeb
Carolina Ruiz Castillo,carolinaruizcastillo,DFFC
Carolina Tejera,carolinatejera,Celeb
Carolina Thaler,carolinathaler,Celeb
Caroline Abbé,carolineabb,DFFC
Caroline Benn,carolinebenn,DFFC
Caroline Brasch Nielsen,carolinebraschnielsen,DFFC
Caroline Cossey,carolinecossey,DFFC
Caroline Costa,carolinecosta,DFFC
Caroline D'Amore,carolinedamore,Both
Caroline Dhavernas,carolinedhavernas,DFFC
Caroline Flack,carolineflack,DFFC
Caroline Francischini,carolinefrancischini,Celeb
Caroline Garcia,carolinegarcia,DFFC
Caroline Goodall,carolinegoodall,Celeb
Caroline Graham Hansen,carolinegrahamhansen,DFFC
Caroline Hedwall,carolinehedwall,DFFC
Caroline Masson,carolinemasson,DFFC
Caroline Munro,carolinemunro,Celeb
Caroline Randall Williams,carolinerandallwilliams,DFFC
Caroline Russell Compton,carolinerussellcompton,DFFC
Caroline Steffen,carolinesteffen,DFFC
Caroline Trentini,carolinetrentini,Celeb
Caroline Wozniacki,carolinewozniacki,DFFC
Carolyn Bessette-Kennedy,carolynbessettekennedy,Celeb
Carolyn Jones,carolynjones,Celeb
Carolyn MacCuish,carolynmaccuish,DFFC
Carolyn Marie Souaid,carolynmariesouaid,DFFC
Carolyn Talcott,carolyntalcott,DFFC
Caron Wheeler,caronwheeler,DFFC
Carrie Bickmore,carriebickmore,Celeb
Carrie Brownstein,carriebrownstein,Celeb
Carrie Keagan,carriekeagan,Celeb
Carrie Prejean,carrieprejean,Celeb
Carrie Stevens,carriestevens,DFFC
Carrie Underwood,carrieunderwood,DFFC
Carroll Baker,carrollbaker,Celeb
Carroll Pratt,carrollpratt,DFFC
Carson Daly,carsondaly,DFFC
Carson Kressley,carsonkressley,Celeb
Carsten Ball,carstenball,DFFC
Carsten Mogensen,carstenmogensen,DFFC
Carter,carter,DFFC
Carter Bancks,carterbancks,DFFC
Carter Bykowski,carterbykowski,DFFC
Carter Cruise,cartercruise,DFFC
Carter Ham,carterham,DFFC
Carter Jenkins,carterjenkins,DFFC
Carter Oosterhouse,carteroosterhouse,DFFC
Cary Elwes,caryelwes,Celeb
Cary Grant,carygrant,Celeb
Cas Haley,cashaley,DFFC
Cas Myslinski,casmyslinski,DFFC
Casey Affleck,caseyaffleck,Celeb
Casey Anthony,caseyanthony,Celeb
Casey Atwood,caseyatwood,DFFC
Casey Fien,caseyfien,DFFC
Casey FitzRandolph,caseyfitzrandolph,DFFC
Casey James,caseyjames,DFFC
Casey Janssen,caseyjanssen,DFFC
Casey Johnson,caseyjohnson,Celeb
Casey Stoner,caseystoner,DFFC
Casey Wilson,caseywilson,Celeb
Cash Warren,cashwarren,Celeb
Caspar Bowden,casparbowden,DFFC
Casper Van Dien,caspervandien,Celeb
Casper Ware,casperware,DFFC
Cassandra Clare,cassandraclare,DFFC
Cassandra Peterson,cassandrapeterson,Celeb
Cassandra Wilson,cassandrawilson,DFFC
Cassandro,cassandro,DFFC
Cassidy,cassidy,DFFC
Cassidy O'Reilly,cassidyoreilly,DFFC
Cassidy Wolf,cassidywolf,DFFC
Cassie Scerbo,cassiescerbo,Celeb
Cassie Steele,cassiesteele,Celeb
Cassie Ventura,cassieventura,Celeb
Cassius Vaughn,cassiusvaughn,DFFC
Cat Deeley,catdeeley,Celeb
Cat Marnell,catmarnell,DFFC
Cat Power,catpower,Celeb
Cat Stevens,catstevens,Celeb
Cat Whitehill,catwhitehill,DFFC
Catalina,catalina,DFFC
Catalina Cruz,catalinacruz,DFFC
Catalina Otalvaro,catalinaotalvaro,Celeb
Catalina Saavedra,catalinasaavedra,DFFC
Catarina Wallenstein,catarinawallenstein,DFFC
Cate Blanchett,cateblanchett,DFFC
Caterina Murino,caterinamurino,Celeb
Caterine Ibargüen,caterineibargen,DFFC
Catherine Bach,catherinebach,DFFC
Catherine Deneuve,catherinedeneuve,DFFC
Catherine Frot,catherinefrot,DFFC
Catherine Fulop,catherinefulop,Celeb
Catherine Hiegel,catherinehiegel,DFFC
Catherine Hyde,catherinehyde,Celeb
Catherine Jacques,catherinejacques,DFFC
Catherine Keener,catherinekeener,DFFC
Catherine McCormack,catherinemccormack,Celeb
Catherine McNeil,catherinemcneil,Celeb
Catherine O'Hara,catherineohara,Both
Catherine Raney-Norman,catherineraneynorman,DFFC
Catherine Spaak,catherinespaak,Celeb
Catherine Tate,catherinetate,Celeb
Catherine Zeta-Jones,catherinezetajones,DFFC
"Catherine, Duchess of Cambridge",catherineduchessofcambridge,DFFC
Cathy Cavadini,cathycavadini,DFFC
Cathy Guetta,cathyguetta,Celeb
Cathy McGowan,cathymcgowan,Celeb
Cathy Reed,cathyreed,DFFC
Cato June,catojune,DFFC
Catrin Nilsmark,catrinnilsmark,DFFC
Catrinel Menghia,catrinelmenghia,Celeb
Catriona Matthew,catrionamatthew,DFFC
Catt Sadler,cattsadler,Celeb
Cauley Woodrow,cauleywoodrow,DFFC
"Cayetana Fitz-James Stuart, 18th Duchess of Alba",cayetanafitzjamesstuart18thduchessofalba,DFFC
Cayetano Rivera,cayetanorivera,Celeb
Ceará,cear,DFFC
Cecil B DeMille,cecilbdemille,DFFC
Cecil O Samuelson,cecilosamuelson,DFFC
Cecil Otter,cecilotter,DFFC
Cecil Roberts,cecilroberts,DFFC
Cecile Cassel,cecilecassel,Celeb
Cecilia Bartoli,ceciliabartoli,DFFC
Cecilia Bonelli,ceciliabonelli,Celeb
Cecilia Chailly,ceciliachailly,DFFC
Cecilia Forss,ceciliaforss,DFFC
Cecilia Uddén,ceciliauddn,DFFC
Cecilie Sandvej,ceciliesandvej,DFFC
Cecilie Thomsen,ceciliethomsen,Celeb
Cedric Bixler-Zavala,cedricbixlerzavala,Celeb
Cedric Bozeman,cedricbozeman,DFFC
CeeLo Green,ceelogreen,Celeb
Cees Nooteboom,ceesnooteboom,DFFC
Cees Paauwe,ceespaauwe,DFFC
Ceija Stojka,ceijastojka,DFFC
Celeste Bonin,celestebonin,Celeb
Celeste Buckingham,celestebuckingham,Celeb
Celeste Holm,celesteholm,Celeb
Celia Lovsky,celialovsky,DFFC
Celine Brink,celinebrink,Celeb
Celine Dion,celinedion,DFFC
Celso Blues Boy,celsobluesboy,DFFC
Cencio Mantovani,cenciomantovani,DFFC
Cenk Gönen,cenkgnen,DFFC
Cenk Uygur,cenkuygur,DFFC
Cerina Vincent,cerinavincent,Celeb
Cesar Carrillo,cesarcarrillo,DFFC
Cesar Cielo,cesarcielo,Celeb
Cesar Millan,cesarmillan,Celeb
Cesar Romero,cesarromero,DFFC
Cesc Fbregas,cescfbregas,Celeb
Ceyda Ates,ceydaates,Celeb
Ceyda Duvenci,ceydaduvenci,Celeb
Cezary Żak,cezaryak,DFFC
Cha Cruz,chacruz,DFFC
Cha Seung-won,chaseungwon,Celeb
Chace Crawford,chacecrawford,Celeb
Chad Barrett,chadbarrett,DFFC
Chad Beyer,chadbeyer,DFFC
Chad Brown,chadbrown,DFFC
Chad Everett,chadeverett,Celeb
Chad Fairchild,chadfairchild,DFFC
Chad Gilbert,chadgilbert,DFFC
Chad Ginsburg,chadginsburg,Celeb
Chad Henne,chadhenne,DFFC
Chad Hord,chadhord,DFFC
Chad Johnson,chadjohnson,Celeb
Chad Michael Murray,chadmichaelmurray,DFFC
Chad Owens,chadowens,DFFC
Chad Smith,chadsmith,DFFC
Chad Tracy,chadtracy,DFFC
Chadli Amri,chadliamri,DFFC
Chai Ling,chailing,DFFC
Chaka Khan,chakakhan,Celeb
Chamberlain Oguchi,chamberlainoguchi,DFFC
Champ Bailey,champbailey,DFFC
Chan Heng Chee,chanhengchee,DFFC
Chan Vathanaka,chanvathanaka,DFFC
Chance Warmack,chancewarmack,DFFC
Chander Kumar,chanderkumar,DFFC
Chandler Canterbury,chandlercanterbury,Celeb
Chandler Jones,chandlerjones,DFFC
Chandler Massey,chandlermassey,DFFC
Chandra Wilson,chandrawilson,DFFC
Chane Behanan,chanebehanan,DFFC
Chanel Iman,chaneliman,Celeb
Chanelle Hayes,chanellehayes,Celeb
Chang Chang-sun,changchangsun,DFFC
Chang Fei,changfei,DFFC
Changmin,changmin,DFFC
Channing Tatum,channingtatum,Celeb
Chantae McMillan,chantaemcmillan,DFFC
Chantal Blaak,chantalblaak,DFFC
Chantal Lauby,chantallauby,DFFC
Chantal Lefebvre,chantallefebvre,DFFC
Chantal Mouffe,chantalmouffe,DFFC
Chante Moore,chantemoore,Celeb
Chantelle Houghton,chantellehoughton,Celeb
Chara,chara,DFFC
Charb,charb,DFFC
Charice,charice,Celeb
Charisma Carpenter,charismacarpenter,Celeb
Charissa Tansomboon,charissatansomboon,DFFC
Charity Hodges,charityhodges,Celeb
Charlene Tilton,charlenetilton,DFFC
"Charlene, Princess of Monaco",charleneprincessofmonaco,DFFC
Charles A Dinarello,charlesadinarello,DFFC
Charles A Hines,charlesahines,DFFC
Charles Addams,charlesaddams,DFFC
Charles Barkley,charlesbarkley,DFFC
Charles Basil Price,charlesbasilprice,DFFC
Charles Bradley,charlesbradley,DFFC
Charles Brown,charlesbrown,DFFC
Charles Dance,charlesdance,Celeb
Charles Dias de Oliveira,charlesdiasdeoliveira,DFFC
Charles Dunstone,charlesdunstone,DFFC
Charles Durning,charlesdurning,DFFC
Charles Esten,charlesesten,DFFC
Charles Ferguson,charlesferguson,DFFC
Charles Gavin,charlesgavin,DFFC
Charles Gibson,charlesgibson,DFFC
Charles Grodin,charlesgrodin,DFFC
Charles Hatley,charleshatley,DFFC
Charles Kelley,charleskelley,DFFC
Charles Kimbrough,charleskimbrough,DFFC
Charles Klapow,charlesklapow,DFFC
Charles Laquidara,charleslaquidara,DFFC
"Charles Lewis, Jr",charleslewisjr,DFFC
Charles Manson,charlesmanson,Celeb
Charles Matton,charlesmatton,DFFC
Charles Mayer,charlesmayer,DFFC
Charles Moore,charlesmoore,DFFC
Charles Ng,charlesng,DFFC
Charles O Holliday,charlesoholliday,DFFC
Charles Okonkwo,charlesokonkwo,DFFC
Charles S Dutton,charlessdutton,Celeb
Charles Shyer,charlesshyer,DFFC
Charles Silmon,charlessilmon,DFFC
Charles Starrett,charlesstarrett,DFFC
Charles W Davis,charleswdavis,DFFC
"Charles Wellesley, 9th Duke of Wellington",charleswellesley9thdukeofwellington,DFFC
Charles Woodson,charleswoodson,DFFC
Charles Wright,charleswright,DFFC
Charles de Lauzirika,charlesdelauzirika,DFFC
Charley Hannah,charleyhannah,DFFC
Charley Hull,charleyhull,DFFC
Charli Robinson,charlirobinson,DFFC
Charli XCX,charlixcx,DFFC
Charlie Adam,charlieadam,DFFC
Charlie Bewley,charliebewley,DFFC
Charlie Bird,charliebird,DFFC
Charlie Brooks,charliebrooks,DFFC
Charlie Brumfield,charliebrumfield,DFFC
Charlie Carver,charliecarver,DFFC
Charlie Cox,charliecox,Celeb
Charlie Davies,charliedavies,Celeb
Charlie Griffin,charliegriffin,DFFC
Charlie Hayes,charliehayes,DFFC
Charlie Justice,charliejustice,DFFC
Charlie Mariano,charliemariano,DFFC
Charlie Murphy,charliemurphy,DFFC
Charlie ONeale,charlieoneale,Celeb
Charlie Peacock,charliepeacock,DFFC
Charlie Peprah,charliepeprah,DFFC
Charlie Rose,charlierose,DFFC
Charlie Sheen,charliesheen,DFFC
Charlie Siem,charliesiem,DFFC
Charlie Ward,charlieward,DFFC
Charlie Waters,charliewaters,DFFC
Charlie Watts,charliewatts,Celeb
Charlie Williams,charliewilliams,DFFC
Charlie Winston,charliewinston,DFFC
Charlie Zink,charliezink,DFFC
Charline Labonté,charlinelabont,DFFC
Charlize Theron,charlizetheron,DFFC
Charlott Cordes,charlottcordes,Celeb
Charlotte,charlotte,DFFC
Charlotte Church,charlottechurch,DFFC
Charlotte Dawson,charlottedawson,Celeb
Charlotte Engelhardt,charlotteengelhardt,Celeb
Charlotte Kemp Muhl,charlottekempmuhl,Celeb
Charlotte Mears,charlottemears,Celeb
Charlotte Mutsaers,charlottemutsaers,DFFC
Charlotte Perrelli,charlotteperrelli,DFFC
Charlotte Rampling,charlotterampling,DFFC
Charlotte Riley,charlotteriley,DFFC
Charlotte Roche,charlotteroche,DFFC
Charlotte Rohlin,charlotterohlin,DFFC
Charlotte Ronson,charlotteronson,DFFC
Charlotte Ross,charlotteross,DFFC
Charlotte de Turckheim,charlottedeturckheim,DFFC
Charly Gaul,charlygaul,DFFC
Charly Grosskost,charlygrosskost,DFFC
Charly Mottet,charlymottet,DFFC
Charlyne Yi,charlyneyi,DFFC
Charmaine Neville,charmaineneville,DFFC
Charmane Star,charmanestar,DFFC
Charoen Sirivadhanabhakdi,charoensirivadhanabhakdi,Celeb
Chase Buchanan,chasebuchanan,DFFC
Chase Daniel,chasedaniel,DFFC
Chase Ellison,chaseellison,Celeb
Chase Masterson,chasemasterson,DFFC
Chase Miller,chasemiller,DFFC
Chaske Spencer,chaskespencer,Celeb
Chasson Randle,chassonrandle,DFFC
Chau Giang,chaugiang,DFFC
Chaunté Lowe,chauntlowe,DFFC
Chavela Vargas,chavelavargas,DFFC
Chay Suede,chaysuede,Celeb
Chaya Singh,chayasingh,Celeb
Chayanne,chayanne,Celeb
Chazz Palminteri,chazzpalminteri,DFFC
Chee Chen Tung,cheechentung,Celeb
Cheech Marin,cheechmarin,Celeb
Chef Anton,chefanton,DFFC
Cheick Tioté,cheicktiot,DFFC
Chel White,chelwhite,DFFC
Chelsea Blue,chelseablue,DFFC
Chelsea Carey,chelseacarey,DFFC
Chelsea Charms,chelseacharms,Celeb
Chelsea Clinton,chelseaclinton,DFFC
Chelsea Forkin,chelseaforkin,DFFC
Chelsea Halfpenny,chelseahalfpenny,DFFC
Chelsea Handler,chelseahandler,Celeb
Chelsea Hayes,chelseahayes,DFFC
Chelsea Martin,chelseamartin,DFFC
Chelsea Salmon,chelseasalmon,Celeb
Chelsea Wolfe,chelseawolfe,DFFC
Chelsy Davy,chelsydavy,Celeb
Chely Wright,chelywright,DFFC
Chen Daoming,chendaoming,Celeb
Chen Haiwei,chenhaiwei,DFFC
Chen Kun,chenkun,DFFC
Chen Long,chenlong,DFFC
Chen Shih-hsin,chenshihhsin,DFFC
Chen Shu,chenshu,DFFC
Chen Yung-chi,chenyungchi,DFFC
Cheng Pei-pei,chengpeipei,DFFC
Cheng Shao-chieh,chengshaochieh,DFFC
Chenoa,chenoa,Celeb
Cherami Leigh,cheramileigh,DFFC
Cherd Songsri,cherdsongsri,DFFC
Cherie Currie,cheriecurrie,DFFC
Cherie Johnson,cheriejohnson,DFFC
Cherry Jones,cherryjones,DFFC
Cheryl Burke,cherylburke,Celeb
Cheryl Ladd,cherylladd,DFFC
Cheryl Lyndsey,cheryllyndsey,DFFC
Cheryl Praeger,cherylpraeger,DFFC
Cheryl Reeve,cherylreeve,DFFC
Cheryl Strayed,cherylstrayed,DFFC
Chester Bennington,chesterbennington,Celeb
Chester John Cavallito,chesterjohncavallito,DFFC
Chet Aubuchon,chetaubuchon,DFFC
Chet Baker,chetbaker,DFFC
Chet Faker,chetfaker,DFFC
Cheung Yuk,cheungyuk,DFFC
Chevy Chase,chevychase,DFFC
Cheyenne Jackson,cheyennejackson,DFFC
Cheyenne Kimball,cheyennekimball,Celeb
Cheynee Stiller,cheyneestiller,DFFC
Chhannulal Mishra,chhannulalmishra,DFFC
Chi McBride,chimcbride,Celeb
Chiaki Kuriyama,chiakikuriyama,DFFC
Chiaki Takahashi,chiakitakahashi,Celeb
Chiara Baschetti,chiarabaschetti,Celeb
Chiara Conti,chiaraconti,Celeb
Chiara Mastroianni,chiaramastroianni,DFFC
Chick Harbert,chickharbert,DFFC
Chick Jagade,chickjagade,DFFC
Chico Díaz,chicodaz,DFFC
Chico Flores,chicoflores,DFFC
Chico Freeman,chicofreeman,DFFC
Chico Serra,chicoserra,DFFC
Chihiro Yonekura,chihiroyonekura,DFFC
Chijindu Ujah,chijinduujah,DFFC
Chimo Bayo,chimobayo,DFFC
China Anne McClain,chinaannemcclain,DFFC
China Chow,chinachow,Celeb
China Zorrilla,chinazorrilla,DFFC
Chinatsu Wakatsuki,chinatsuwakatsuki,Celeb
Chingy,chingy,Celeb
Chino Cadahia,chinocadahia,DFFC
Chino Moreno,chinomoreno,Celeb
Chino XL,chinoxl,DFFC
Chinua Achebe,chinuaachebe,DFFC
Chioma Toplis,chiomatoplis,DFFC
Chip Bolcik,chipbolcik,DFFC
Chip Ganassi,chipganassi,DFFC
Chip Kelly,chipkelly,DFFC
Chipper Jones,chipperjones,Celeb
Chiquinquira Delgado,chiquinquiradelgado,Celeb
Chiquis Rivera,chiquisrivera,DFFC
Chiró N'Toko,chirntoko,DFFC
Chisamba Lungu,chisambalungu,DFFC
Chisato Morishita,chisatomorishita,Celeb
Chita Rivera,chitarivera,DFFC
Chitralaya Gopu,chitralayagopu,DFFC
Chiwetel Ejiofor,chiwetelejiofor,Celeb
Chizuru Ikewaki,chizuruikewaki,Celeb
Chloe Bello,chloebello,Celeb
Chloe Bridges,chloebridges,DFFC
Chloe Gosselin,chloegosselin,Celeb
Chloe Grace Moretz,chloegracemoretz,Celeb
Chloe Hosking,chloehosking,DFFC
Chloe Marshall,chloemarshall,DFFC
Chloë Sevigny,chlosevigny,DFFC
Cho Sung-hwan,chosunghwan,DFFC
Choi Cheol-ho,choicheolho,DFFC
Choi Heung-chul,choiheungchul,DFFC
Chord Overstreet,chordoverstreet,Celeb
Chords,chords,DFFC
Chris Abani,chrisabani,DFFC
Chris Allen,chrisallen,DFFC
Chris Amon,chrisamon,DFFC
Chris Andersen,chrisandersen,Celeb
Chris Anderson,chrisanderson,DFFC
Chris Anker Sørensen,chrisankersrensen,DFFC
Chris Ardoin,chrisardoin,DFFC
Chris Atton,chrisatton,DFFC
Chris Baker,chrisbaker,DFFC
Chris Baldwin,chrisbaldwin,DFFC
Chris Barker,chrisbarker,DFFC
Chris Barrie,chrisbarrie,DFFC
Chris Beech,chrisbeech,DFFC
Chris Bell,chrisbell,DFFC
Chris Bender,chrisbender,DFFC
Chris Birchall,chrisbirchall,DFFC
Chris Blackburn,chrisblackburn,DFFC
Chris Bosh,chrisbosh,DFFC
Chris Botti,chrisbotti,Celeb
Chris Brandon,chrisbrandon,DFFC
Chris Brandt,chrisbrandt,DFFC
Chris Brass,chrisbrass,DFFC
Chris Broderick,chrisbroderick,Celeb
Chris Buescher,chrisbuescher,DFFC
Chris Burton,chrisburton,DFFC
Chris Capuano,chriscapuano,DFFC
Chris Carmack,chriscarmack,Celeb
Chris Carter,chriscarter,DFFC
Chris Chameleon,chrischameleon,DFFC
Chris Chester,chrischester,DFFC
Chris Clifford,chrisclifford,DFFC
Chris Colfer,chriscolfer,Celeb
Chris Conner,chrisconner,DFFC
Chris Conte,chrisconte,DFFC
Chris Cooley,chriscooley,DFFC
Chris Cutler,chriscutler,DFFC
Chris Daughtry,chrisdaughtry,Celeb
Chris Dawes,chrisdawes,DFFC
Chris Diamantopoulos,chrisdiamantopoulos,DFFC
Chris Doig,chrisdoig,DFFC
Chris Doohan,chrisdoohan,DFFC
Chris Douglas-Roberts,chrisdouglasroberts,DFFC
Chris Drury,chrisdrury,DFFC
Chris Dudley,chrisdudley,DFFC
Chris Duke,chrisduke,DFFC
Chris Eccleshall,chriseccleshall,DFFC
Chris Edwards,chrisedwards,DFFC
Chris Eliopoulos,chriseliopoulos,DFFC
Chris Elliott,chriselliott,Celeb
Chris Evans,chrisevans,Celeb
Chris Frazier,chrisfrazier,DFFC
Chris Froome,chrisfroome,DFFC
Chris Gardner,chrisgardner,DFFC
Chris Garver,chrisgarver,Celeb
Chris Gethard,chrisgethard,DFFC
Chris Greenacre,chrisgreenacre,DFFC
Chris Grossman,chrisgrossman,DFFC
Chris Harold,chrisharold,DFFC
Chris Hemsworth,chrishemsworth,DFFC
Chris Henry,chrishenry,DFFC
Chris Hogan,chrishogan,DFFC
Chris Hoke,chrishoke,DFFC
Chris Horton,chrishorton,DFFC
Chris Hoy,chrishoy,Celeb
Chris Isaak,chrisisaak,Celeb
Chris Jansing,chrisjansing,DFFC
Chris Jericho,chrisjericho,Celeb
Chris Kamara,chriskamara,DFFC
Chris Kemoeatu,chriskemoeatu,DFFC
Chris Kettings,chriskettings,DFFC
Chris Kilham,chriskilham,DFFC
Chris Knight,chrisknight,DFFC
Chris Kyle,chriskyle,DFFC
Chris Lawler,chrislawler,DFFC
Chris Layton,chrislayton,DFFC
Chris LeDoux,chrisledoux,Celeb
Chris Lilley,chrislilley,DFFC
Chris Lowell,chrislowell,Celeb
Chris Lucketti,chrislucketti,DFFC
Chris Martin,chrismartin,Celeb
Chris Massey,chrismassey,DFFC
Chris Massoglia,chrismassoglia,Celeb
Chris Messina,chrismessina,Celeb
Chris Minh Doky,chrisminhdoky,DFFC
Chris Mitchell,chrismitchell,DFFC
Chris Mooney,chrismooney,DFFC
Chris Neild,chrisneild,DFFC
Chris Nunez,chrisnunez,Celeb
Chris Nunn,chrisnunn,DFFC
Chris ODonnell,chrisodonnell,Celeb
Chris ODowd,chrisodowd,Celeb
Chris Opie,chrisopie,DFFC
Chris Packham,chrispackham,DFFC
Chris Paul,chrispaul,Celeb
Chris Payne,chrispayne,DFFC
Chris Petersen,chrispetersen,DFFC
Chris Pine,chrispine,DFFC
Chris Pirillo,chrispirillo,DFFC
Chris Pizzotti,chrispizzotti,DFFC
Chris Plys,chrisplys,DFFC
Chris Pontius,chrispontius,DFFC
Chris Pratt,chrispratt,Celeb
Chris Pressley,chrispressley,DFFC
Chris Raab,chrisraab,DFFC
Chris Rea,chrisrea,DFFC
Chris Reed,chrisreed,DFFC
Chris Richard,chrisrichard,DFFC
Chris Richardson,chrisrichardson,Celeb
Chris Ritchie,chrisritchie,DFFC
Chris Robinson,chrisrobinson,DFFC
Chris Rock,chrisrock,DFFC
Chris Roupas,chrisroupas,DFFC
Chris Sabin,chrissabin,DFFC
Chris Samuels,chrissamuels,DFFC
Chris Scott,chrisscott,DFFC
Chris Shiflett,chrisshiflett,Celeb
Chris Shinn,chrisshinn,DFFC
Chris Solinsky,chrissolinsky,DFFC
Chris Speier,chrisspeier,DFFC
Chris Spielman,chrisspielman,DFFC
Chris Sørensen,chrissrensen,DFFC
Chris Tadrosse,christadrosse,DFFC
Chris Taylor,christaylor,DFFC
Chris Thurmond,christhurmond,DFFC
Chris Tiu,christiu,Celeb
Chris Tomlin,christomlin,DFFC
Chris Traynor,christraynor,DFFC
Chris Tremlett,christremlett,DFFC
Chris Triantis,christriantis,DFFC
Chris Turner,christurner,DFFC
Chris Vance,chrisvance,Celeb
Chris Watt,chriswatt,DFFC
Chris Webber,chriswebber,Celeb
Chris Weinke,chrisweinke,DFFC
Chris Weitz,chrisweitz,DFFC
Chris Wondolowski,chriswondolowski,DFFC
Chris Wood,chriswood,DFFC
Chris Wootton,chriswootton,DFFC
Chris Wright,chriswright,DFFC
Chris Young,chrisyoung,DFFC
Chris Zylka,chriszylka,Celeb
Chrisette Michele,chrisettemichele,Celeb
Chrishell Stause,chrishellstause,Celeb
Christa Campbell,christacampbell,Celeb
Christa Miller,christamiller,Celeb
Christel Khalil,christelkhalil,Celeb
Christer Lindarw,christerlindarw,DFFC
Christer Ulfbåge,christerulfbge,DFFC
Christi Shake,christishake,Celeb
Christian Atsu,christianatsu,DFFC
Christian Audigier,christianaudigier,Celeb
Christian Bauer,christianbauer,DFFC
Christian Bautista,christianbautista,Celeb
Christian Benteke,christianbenteke,DFFC
Christian Borle,christianborle,Celeb
Christian Brückner,christianbrckner,DFFC
Christian Bök,christianbk,DFFC
Christian Cantwell,christiancantwell,DFFC
Christian Chávez,christianchvez,DFFC
Christian Cooke,christiancooke,DFFC
Christian Coulson,christiancoulson,Celeb
Christian Finnegan,christianfinnegan,DFFC
Christian Karembeu,christiankarembeu,DFFC
Christian Knees,christianknees,DFFC
Christian Malcolm,christianmalcolm,DFFC
Christian Maråker,christianmarker,DFFC
Christian McKay,christianmckay,DFFC
Christian Meaas Svendsen,christianmeaassvendsen,DFFC
Christian Meier,christianmeier,Celeb
Christian Morales,christianmorales,DFFC
Christian Ngan,christianngan,DFFC
Christian Nilsson,christiannilsson,DFFC
Christian Noboa,christiannoboa,DFFC
Christian Okoye,christianokoye,DFFC
Christian Oliver,christianoliver,DFFC
Christian Panucci,christianpanucci,DFFC
Christian Salem,christiansalem,DFFC
Christian Schwarzer,christianschwarzer,DFFC
Christian Serratos,christianserratos,Celeb
Christian Siriano,christiansiriano,Celeb
Christian Slater,christianslater,Celeb
Christian Smith,christiansmith,DFFC
Christian Tiffert,christiantiffert,DFFC
Christian Vande Velde,christianvandevelde,DFFC
Christian Vietoris,christianvietoris,DFFC
Christian Wetklo,christianwetklo,DFFC
Christian Ziege,christianziege,DFFC
Christiane Amanpour,christianeamanpour,Celeb
Christiane Soeder,christianesoeder,DFFC
Christiane Weber,christianeweber,DFFC
Christie Blatchford,christieblatchford,DFFC
Christie Brinkley,christiebrinkley,Celeb
Christie Hefner,christiehefner,DFFC
Christie Hemme,christiehemme,Celeb
Christie Laing,christielaing,DFFC
Christie Stevens,christiestevens,DFFC
Christin Wurth-Thomas,christinwurththomas,DFFC
Christina Chitwood,christinachitwood,DFFC
Christina Cole,christinacole,DFFC
Christina Cox,christinacox,DFFC
Christina DeRosa,christinaderosa,Celeb
Christina Gao,christinagao,DFFC
Christina Hendricks,christinahendricks,DFFC
Christina Klein,christinaklein,Celeb
Christina Koletsa,christinakoletsa,Celeb
Christina Milian,christinamilian,DFFC
Christina Novelli,christinanovelli,DFFC
Christina Obergföll,christinaobergfll,DFFC
Christina Plate,christinaplate,DFFC
Christina Ricci,christinaricci,Celeb
Christina Robinson,christinarobinson,Celeb
Christina Rosenvinge,christinarosenvinge,Celeb
Christina Schollin,christinaschollin,DFFC
Christina Stefanidi,christinastefanidi,Celeb
Christina Sturmer,christinasturmer,Celeb
Christine Anu,christineanu,DFFC
Christine Arron,christinearron,DFFC
Christine Baranski,christinebaranski,DFFC
Christine Bleakley,christinebleakley,Celeb
Christine Charbonneau,christinecharbonneau,DFFC
Christine Ebersole,christineebersole,DFFC
Christine Girard,christinegirard,DFFC
Christine Hakim,christinehakim,DFFC
Christine Kaufmann,christinekaufmann,Celeb
Christine Lagarde,christinelagarde,Celeb
Christine Lahti,christinelahti,DFFC
Christine Lakin,christinelakin,Celeb
Christine McVie,christinemcvie,Celeb
Christine Meltzer,christinemeltzer,DFFC
Christine Ockrent,christineockrent,DFFC
Christine Ohuruogu,christineohuruogu,DFFC
Christine Zukowski,christinezukowski,DFFC
Christo Proykov,christoproykov,DFFC
Christoph Gerlinger,christophgerlinger,DFFC
Christoph Knasmüllner,christophknasmllner,DFFC
Christoph Metzelder,christophmetzelder,DFFC
Christoph Pfingsten,christophpfingsten,DFFC
Christoph Sanders,christophsanders,DFFC
Christoph Schlingensief,christophschlingensief,DFFC
Christoph Waltz,christophwaltz,Celeb
"Christoph, Prince of Schleswig-Holstein",christophprinceofschleswigholstein,DFFC
Christophe Brandt,christophebrandt,DFFC
Christophe Capelle,christophecapelle,DFFC
Christophe Dechavanne,christophedechavanne,DFFC
Christophe Gans,christophegans,DFFC
Christophe Jallet,christophejallet,DFFC
Christophe Landrin,christophelandrin,DFFC
Christophe Legoût,christophelegot,DFFC
Christophe Maé,christophema,DFFC
Christophe Moreau,christophemoreau,DFFC
Christopher Atkins,christopheratkins,Celeb
Christopher Biggins,christopherbiggins,DFFC
Christopher Boyadji,christopherboyadji,DFFC
Christopher Caluza,christophercaluza,DFFC
Christopher Castile,christophercastile,DFFC
Christopher Cazenove,christophercazenove,DFFC
Christopher Daniels,christopherdaniels,DFFC
Christopher Del Bosco,christopherdelbosco,DFFC
Christopher Dorst,christopherdorst,DFFC
Christopher Gorham,christophergorham,Celeb
Christopher Hitchens,christopherhitchens,DFFC
Christopher Hogwood,christopherhogwood,DFFC
Christopher Jargocki,christopherjargocki,DFFC
Christopher Juul-Jensen,christopherjuuljensen,DFFC
Christopher Kimball,christopherkimball,DFFC
Christopher Knight,christopherknight,Celeb
Christopher Lambert,christopherlambert,DFFC
Christopher Lawrence,christopherlawrence,DFFC
Christopher Lee,christopherlee,DFFC
Christopher Lloyd,christopherlloyd,Celeb
Christopher Martin-Jenkins,christophermartinjenkins,DFFC
Christopher McDonald,christophermcdonald,Celeb
Christopher Meloni,christophermeloni,DFFC
Christopher Mintz Plasse,christophermintzplasse,Celeb
Christopher Morahan,christophermorahan,DFFC
Christopher Nolan,christophernolan,DFFC
Christopher Nöthe,christophernthe,DFFC
Christopher O'Neill,christopheroneill,DFFC
Christopher Owens,christopherowens,DFFC
Christopher Patte,christopherpatte,DFFC
Christopher Plummer,christopherplummer,DFFC
Christopher Reeve,christopherreeve,DFFC
Christopher Reich,christopherreich,DFFC
Christopher Richard Stringini,christopherrichardstringini,Celeb
Christopher Schindler,christopherschindler,DFFC
Christopher Showerman,christophershowerman,Celeb
Christopher Simmons,christophersimmons,DFFC
Christopher Stubbs,christopherstubbs,DFFC
Christopher Von Uckermann,christophervonuckermann,Celeb
Christy Canyon,christycanyon,Celeb
Christy Mack,christymack,DFFC
Christy Moore,christymoore,DFFC
Christy Romano,christyromano,Celeb
Christy Teigen,christyteigen,Celeb
Chrystalleni Trikomiti,chrystallenitrikomiti,DFFC
Chuck Brown,chuckbrown,DFFC
Chuck Connors,chuckconnors,Celeb
Chuck Hayes,chuckhayes,DFFC
Chuck Jura,chuckjura,DFFC
Chuck Liddell,chuckliddell,Celeb
Chuck Lorre,chucklorre,DFFC
Chuck Meriwether,chuckmeriwether,DFFC
Chuck Palahniuk,chuckpalahniuk,DFFC
Chuck Person,chuckperson,DFFC
Chuck Rozanski,chuckrozanski,DFFC
Chuck Schuldiner,chuckschuldiner,DFFC
Chuck Smith,chucksmith,DFFC
Chuck Stobart,chuckstobart,DFFC
Chuck Traynor,chucktraynor,DFFC
Chuck Wicks,chuckwicks,DFFC
Chucky Atkins,chuckyatkins,DFFC
Chung Hyeon,chunghyeon,DFFC
Chung Mong Koo,chungmongkoo,Celeb
Churandy Martina,churandymartina,Celeb
Chykie Brown,chykiebrown,DFFC
Chyler Leigh,chylerleigh,Celeb
Chyna,chyna,DFFC
Ciara,ciara,Celeb
Ciara Grant,ciaragrant,DFFC
Cicinho,cicinho,DFFC
Cillian Murphy,cillianmurphy,Celeb
Cindy McCain,cindymccain,DFFC
Cindy Williams,cindywilliams,Celeb
Cinthia Moura,cinthiamoura,Celeb
Cintia Dicker,cintiadicker,Celeb
Cinzia Giorgio,cinziagiorgio,DFFC
Cipolla Flavio,cipollaflavio,Celeb
Ciprian Gălățanu,ciprianglanu,DFFC
Ciprian Marica,ciprianmarica,DFFC
Ciril Zlobec,cirilzlobec,DFFC
Cirroc Lofton,cirroclofton,DFFC
Cissi Elwin Frenkel,cissielwinfrenkel,DFFC
Civard Sprockel,civardsprockel,DFFC
Claes Oldenburg,claesoldenburg,DFFC
Claes-Göran Hederström,claesgranhederstrm,DFFC
Claire Bloom,clairebloom,Celeb
Claire Cooper,clairecooper,Celeb
Claire Feuerstein,clairefeuerstein,DFFC
Claire Foy,clairefoy,DFFC
Claire Hallissey,clairehallissey,DFFC
Claire Hamilton,clairehamilton,DFFC
Claire Holt,claireholt,Celeb
Claire Keim,clairekeim,DFFC
Claire Martin,clairemartin,DFFC
Claire Stansfield,clairestansfield,Celeb
Claire Tomalin,clairetomalin,DFFC
Claire Trevor,clairetrevor,Celeb
Claire Voisin,clairevoisin,DFFC
Clancy Brown,clancybrown,DFFC
Clara Alonso,claraalonso,Celeb
Clara Hagman,clarahagman,DFFC
Clara Lago,claralago,DFFC
Clara Morgane,claramorgane,Celeb
Clara Nunes,claranunes,DFFC
Clara Peters,clarapeters,DFFC
Clara Sherman,clarasherman,DFFC
Clara Sofie,clarasofie,DFFC
Clare Nott,clarenott,DFFC
Clarence Clemons,clarenceclemons,DFFC
Clarence Seedorf,clarenceseedorf,DFFC
Clarissa Dickson Wright,clarissadicksonwright,DFFC
Clark Gesner,clarkgesner,DFFC
Clark Gregg,clarkgregg,Celeb
Clark Kellogg,clarkkellogg,DFFC
Claude Criquielion,claudecriquielion,DFFC
Claude Jade,claudejade,DFFC
Claude Lanzmann,claudelanzmann,DFFC
Claude Lelouch,claudelelouch,DFFC
Claude Makélélé,claudemakll,DFFC
Claude Nelson Warren,claudenelsonwarren,DFFC
Claude Wroten,claudewroten,DFFC
Claudette Colbert,claudettecolbert,Celeb
Claudia Bandion-Ortner,claudiabandionortner,DFFC
Claudia Black,claudiablack,DFFC
Claudia Fassaert,claudiafassaert,DFFC
Claudia Galanti,claudiagalanti,Celeb
Claudia Jordan,claudiajordan,DFFC
Claudia Karvan,claudiakarvan,DFFC
Claudia Lichtenberg,claudialichtenberg,DFFC
Claudia Lizaldi,claudializaldi,Celeb
Claudia Raia,claudiaraia,Celeb
Claudia Salinas,claudiasalinas,Celeb
Claudia Schiffer,claudiaschiffer,DFFC
Claudia Vieira,claudiavieira,Celeb
Claudia Winkleman,claudiawinkleman,Celeb
Claudia Ștef,claudiatef,DFFC
Claudine Auger,claudineauger,Celeb
Claudine Wilde,claudinewilde,DFFC
Claudio Bisio,claudiobisio,DFFC
Claudio Magris,claudiomagris,DFFC
Claudio Maldonado,claudiomaldonado,DFFC
Claudio Pizarro,claudiopizarro,DFFC
Claudio Reyna,claudioreyna,DFFC
Claudio Suárez,claudiosurez,DFFC
Claudio Yacob,claudioyacob,DFFC
Claus Madsen,clausmadsen,DFFC
Clay Matthews III,claymatthewsiii,DFFC
Clay Rapada,clayrapada,DFFC
Clayton Bailey,claytonbailey,DFFC
Clayton McDonald,claytonmcdonald,DFFC
Clayton Richard,claytonrichard,DFFC
Clea DuVall,cleaduvall,Celeb
Clef nite,clefnite,DFFC
Clelia Matania,cleliamatania,DFFC
Clem Burke,clemburke,DFFC
Clemens Brummer,clemensbrummer,DFFC
Clemens Fritz,clemensfritz,DFFC
Clemente Russo,clementerusso,Celeb
Clennell Wickham,clennellwickham,DFFC
Cleo Pires,cleopires,Celeb
Cliff Anderson,cliffanderson,DFFC
Cliff Avril,cliffavril,DFFC
Cliff Bleszinski,cliffbleszinski,DFFC
Cliff Burton,cliffburton,DFFC
Cliff Curtis,cliffcurtis,DFFC
Cliff Harris,cliffharris,DFFC
Cliff Ronning,cliffronning,DFFC
Cliff Young,cliffyoung,DFFC
Clifford Ray,cliffordray,DFFC
Clifton Collins,cliftoncollins,Celeb
Clint Black,clintblack,Celeb
Clint Boling,clintboling,DFFC
Clint Courtney,clintcourtney,DFFC
Clint Gresham,clintgresham,DFFC
Clint Hill,clinthill,DFFC
Clint Mansell,clintmansell,DFFC
Clint Walker,clintwalker,DFFC
Clinton Avery,clintonavery,DFFC
Clinton Young,clintonyoung,DFFC
Clive Bradley,clivebradley,DFFC
Clive Davis,clivedavis,DFFC
Clive Owen,cliveowen,Celeb
Clive Sinclair,clivesinclair,DFFC
Clodoaldo,clodoaldo,DFFC
Cloris Leachman,clorisleachman,Celeb
Clotilde Courau,clotildecourau,DFFC
Clotilde Fasolis,clotildefasolis,DFFC
Clotilde Hesme,clotildehesme,DFFC
Cloyd Boyer,cloydboyer,DFFC
Clueso,clueso,DFFC
Clyde LeForce,clydeleforce,DFFC
Clyde T Lusk,clydetlusk,DFFC
Clémence Poésy,clmenceposy,DFFC
Cléo,clo,DFFC
CoCo Lee,cocolee,Celeb
Cobi Crispin,cobicrispin,DFFC
Cobie Smulders,cobiesmulders,DFFC
Coby Fleener,cobyfleener,DFFC
Coco Martin,cocomartin,Celeb
Cody Goloubef,codygoloubef,DFFC
Cody Hawkins,codyhawkins,DFFC
Cody Horn,codyhorn,DFFC
Cody Linley,codylinley,Celeb
Cody Longo,codylongo,Celeb
Cody McLeod,codymcleod,DFFC
Cody Simpson,codysimpson,DFFC
Cody Zeller,codyzeller,DFFC
Col Littleton,collittleton,DFFC
Colbie Caillat,colbiecaillat,DFFC
Colby Genoway,colbygenoway,DFFC
Cole Durham,coledurham,DFFC
Cole Hauser,colehauser,DFFC
Cole Sprouse,colesprouse,Celeb
Coleen Gray,coleengray,Celeb
Coleen Rooney,coleenrooney,Celeb
Coley Laffoon,coleylaffoon,Celeb
Colin Baker,colinbaker,DFFC
Colin Blakemore,colinblakemore,DFFC
Colin Calderwood,colincalderwood,DFFC
Colin Egglesfield,colinegglesfield,Celeb
Colin Firth,colinfirth,DFFC
Colin Greenland,colingreenland,DFFC
Colin Greenwood,colingreenwood,DFFC
Colin Hanks,colinhanks,Celeb
Colin Kazim-Richards,colinkazimrichards,DFFC
Colin MacCabe,colinmaccabe,DFFC
Colin McDonald,colinmcdonald,DFFC
Colin McRae,colinmcrae,DFFC
Colin Moran,colinmoran,DFFC
Colin Morgan,colinmorgan,Celeb
Colin Murray,colinmurray,DFFC
Colin Pascoe,colinpascoe,DFFC
Colin Patterson,colinpatterson,DFFC
Colin Pillinger,colinpillinger,DFFC
Colin Quinn,colinquinn,DFFC
Colin Wilson,colinwilson,DFFC
Colleen Coover,colleencoover,DFFC
Colleen Shannon,colleenshannon,DFFC
Colleen Townsend,colleentownsend,Celeb
Collette McCallum,collettemccallum,DFFC
Collien Fernandes,collienfernandes,Celeb
Collin Benjamin,collinbenjamin,DFFC
Collin Wilcox,collinwilcox,DFFC
Colm Feore,colmfeore,Celeb
Colm Meaney,colmmeaney,DFFC
Colm Wilkinson,colmwilkinson,Celeb
Colt Hynes,colthynes,DFFC
Colton Dixon,coltondixon,Celeb
Colton Ford,coltonford,DFFC
Colton Haynes,coltonhaynes,Celeb
Columbus Short,columbusshort,DFFC
Common,common,Celeb
Conal Keaney,conalkeaney,DFFC
Conan O'Brien,conanobrien,DFFC
Conchita Wurst,conchitawurst,DFFC
Connect-R,connectr,DFFC
Connie Britton,conniebritton,Celeb
Connie Chung,conniechung,DFFC
Connie Gilchrist,conniegilchrist,DFFC
Connie Marrero,conniemarrero,DFFC
Connie Sellecca,conniesellecca,DFFC
Connie Stevens,conniestevens,Celeb
Connie Willis,conniewillis,DFFC
Connor Barth,connorbarth,DFFC
Connor Barwin,connorbarwin,DFFC
Connor Brown,connorbrown,DFFC
Connor Chapman,connorchapman,DFFC
Connor Franta,connorfranta,DFFC
Connor Jessup,connorjessup,Celeb
Connor McDavid,connormcdavid,DFFC
Connor Pain,connorpain,DFFC
Connor Paolo,connorpaolo,Celeb
Conny Bloom,connybloom,DFFC
Conor Coady,conorcoady,DFFC
Conor Dwyer,conordwyer,Celeb
Conor Kennedy,conorkennedy,Celeb
Conor Mccreedy,conormccreedy,DFFC
Conor O'Brien,conorobrien,DFFC
Conor Oberst,conoroberst,Celeb
Constance Jablonski,constancejablonski,Celeb
Constance L Rice,constancelrice,DFFC
Constance Marie,constancemarie,DFFC
Constance Moore,constancemoore,DFFC
Constance Zimmer,constancezimmer,DFFC
Constant Djakpa,constantdjakpa,DFFC
Constantina Diță,constantinadi,DFFC
Constantine II of Greece,constantineiiofgreece,DFFC
Constanze Paulinus,constanzepaulinus,DFFC
Conway Twitty,conwaytwitty,Celeb
Coolboy Ngamole,coolboyngamole,DFFC
Cora Schumacher,coraschumacher,Celeb
Cora Skinner,coraskinner,Celeb
Coral Browne,coralbrowne,DFFC
Coralie Balmy,coraliebalmy,Celeb
Corbin Bleu,corbinbleu,DFFC
Cordaro Howard,cordarohoward,DFFC
Corey Brewer,coreybrewer,DFFC
Corey Deuel,coreydeuel,DFFC
Corey Feldman,coreyfeldman,Celeb
Corey Fuller,coreyfuller,DFFC
Corey Graves,coreygraves,DFFC
Corey Haim,coreyhaim,Celeb
Corey Lynch,coreylynch,DFFC
Corey Maggette,coreymaggette,DFFC
Corey Nelson,coreynelson,DFFC
Corey Taylor,coreytaylor,Celeb
Corey Tropp,coreytropp,DFFC
Corin Nemec,corinnemec,DFFC
Corin Redgrave,corinredgrave,Celeb
Corinna Dentoni,corinnadentoni,DFFC
Corinna Harfouch,corinnaharfouch,DFFC
Corinna Harney,corinnaharney,DFFC
Corinna Lawrence,corinnalawrence,DFFC
Corinna Schumacher,corinnaschumacher,Celeb
Corinne Bailey Rae,corinnebaileyrae,Celeb
Corinne Calvet,corinnecalvet,Celeb
Corinne Orr,corinneorr,DFFC
Corliss Williamson,corlisswilliamson,DFFC
Cornel West,cornelwest,DFFC
Cornel Wilde,cornelwilde,DFFC
Cornel Țălnar,cornellnar,DFFC
Cornelia Funke,corneliafunke,DFFC
Cornelius P Rhoads,corneliusprhoads,DFFC
Corry Evans,corryevans,DFFC
Cortland Finnegan,cortlandfinnegan,DFFC
Cortney Mansour,cortneymansour,DFFC
Cory Booker,corybooker,Celeb
Cory Gearrin,corygearrin,DFFC
Cory Hardrict,coryhardrict,Celeb
Cory Michael Smith,corymichaelsmith,DFFC
Cory Ness,coryness,DFFC
Cory Redding,coryredding,DFFC
Cory Wade,corywade,DFFC
Cory Witherill,corywitherill,DFFC
Cosey Fanni Tutti,coseyfannitutti,DFFC
Cosima Coppola,cosimacoppola,Celeb
Cosimo Pinto,cosimopinto,DFFC
Cosma Shiva Hagen,cosmashivahagen,Celeb
Cosmin Moți,cosminmoi,DFFC
Cosmina Stratan,cosminastratan,DFFC
Costel Pantilimon,costelpantilimon,DFFC
Costi Ioniță,costiioni,DFFC
Cote de Pablo,cotedepablo,DFFC
Count Lennart Bernadotte of Wisborg,countlennartbernadotteofwisborg,DFFC
Courtney B Vance,courtneybvance,Celeb
Courtney Bingham,courtneybingham,Celeb
Courtney Cameron,courtneycameron,DFFC
Courtney Force,courtneyforce,DFFC
Courtney Ford,courtneyford,Celeb
Courtney Friel,courtneyfriel,DFFC
Courtney Hansen,courtneyhansen,Celeb
Courtney Hawkins,courtneyhawkins,DFFC
Courtney Hurley,courtneyhurley,DFFC
Courtney Stodden,courtneystodden,DFFC
Courtney Thompson,courtneythompson,Celeb
Courtney Tulloch,courtneytulloch,DFFC
Craig Beattie,craigbeattie,DFFC
Craig Bellamy,craigbellamy,DFFC
Craig Bierko,craigbierko,Celeb
Craig Bohl,craigbohl,DFFC
Craig Bryson,craigbryson,DFFC
Craig Charles,craigcharles,DFFC
Craig David,craigdavid,DFFC
Craig Dill,craigdill,DFFC
Craig Finn,craigfinn,DFFC
Craig Goodwin,craiggoodwin,DFFC
Craig Hatkoff,craighatkoff,DFFC
Craig Horner,craighorner,Celeb
Craig Johnson,craigjohnson,DFFC
Craig Mabbitt,craigmabbitt,Celeb
Craig McAllister,craigmcallister,DFFC
Craig McCaw,craigmccaw,DFFC
Craig Moore,craigmoore,DFFC
Craig Neal,craigneal,DFFC
Craig Nicholls,craignicholls,DFFC
Craig Noel,craignoel,DFFC
Craig Parker,craigparker,Celeb
Craig Ramsay,craigramsay,DFFC
Craig Raymond,craigraymond,DFFC
Craig Revel Horwood,craigrevelhorwood,DFFC
Craig Robertson,craigrobertson,DFFC
Craig Roh,craigroh,DFFC
Craig Sager,craigsager,DFFC
Craig Shoemaker,craigshoemaker,DFFC
Craig Stevens,craigstevens,DFFC
Craig T Nelson,craigtnelson,Celeb
Craig Thompson,craigthompson,DFFC
Craig Van Tilbury,craigvantilbury,DFFC
Craig Venter,craigventer,DFFC
Craig Woodman,craigwoodman,DFFC
Crandell Addington,crandelladdington,DFFC
Crazy Mohan,crazymohan,DFFC
Crazzy Steve,crazzysteve,DFFC
Cris Horwang,crishorwang,DFFC
Criss Angel,crissangel,Celeb
Crissy Rock,crissyrock,DFFC
Cristian Chivu,cristianchivu,DFFC
Cristian Imparato,cristianimparato,Celeb
Cristian Molinaro,cristianmolinaro,DFFC
Cristian Tello,cristiantello,DFFC
Cristian de la Fuente,cristiandelafuente,Celeb
Cristiana Capotondi,cristianacapotondi,Celeb
Cristiano Doni,cristianodoni,DFFC
Cristiano Ronaldo,cristianoronaldo,Celeb
Cristie Kerr,cristiekerr,DFFC
Cristin Milioti,cristinmilioti,DFFC
Cristina Scabbia,cristinascabbia,Celeb
Cristina Scarlat,cristinascarlat,DFFC
Cristián Zapata,cristinzapata,DFFC
Cristopher Toselli,cristophertoselli,DFFC
Crystal Dunn,crystaldunn,DFFC
Crystal Gayle,crystalgayle,DFFC
Crystal Harris,crystalharris,DFFC
Crystal Pite,crystalpite,DFFC
Crystal Reed,crystalreed,Celeb
Crystal Renn,crystalrenn,Celeb
Crystle Stewart,crystlestewart,Celeb
Csaba Vastag,csabavastag,Celeb
"Cuba Gooding, Jr",cubagoodingjr,DFFC
"Cuba Gooding, Sr",cubagoodingsr,DFFC
Cully Hamner,cullyhamner,DFFC
Cumali Bişi,cumalibii,DFFC
Curt Hansen,curthansen,DFFC
Curt Hawkins,curthawkins,DFFC
Curtis Axel,curtisaxel,DFFC
Curtis Cokes,curtiscokes,DFFC
Curtis Gatewood,curtisgatewood,DFFC
Curtis Granderson,curtisgranderson,DFFC
Curtis Jackson,curtisjackson,Celeb
Curtis Obeng,curtisobeng,DFFC
Curtis Sliwa,curtissliwa,DFFC
Curtis Stone,curtisstone,Celeb
Curtis Turner,curtisturner,DFFC
Custódio Castro,custdiocastro,DFFC
Cut La Roc,cutlaroc,DFFC
Cy Waits,cywaits,Celeb
Cyd Charisse,cydcharisse,Celeb
Cyndi Lauper,cyndilauper,Celeb
Cyndy Violette,cyndyviolette,DFFC
Cynthia Carroll,cynthiacarroll,Celeb
Cynthia Gibb,cynthiagibb,Celeb
Cynthia Kadohata,cynthiakadohata,DFFC
Cynthia Kirchner,cynthiakirchner,DFFC
Cynthia Lennon,cynthialennon,DFFC
Cynthia Lynch,cynthialynch,DFFC
Cynthia Myers,cynthiamyers,Celeb
Cynthia Nixon,cynthianixon,DFFC
Cynthia Olavarria,cynthiaolavarria,Celeb
Cynthia Phaneuf,cynthiaphaneuf,DFFC
Cynthia Rhodes,cynthiarhodes,Celeb
Cynthia Watros,cynthiawatros,Celeb
Cyril Gautier,cyrilgautier,DFFC
Cyril Lignac,cyrillignac,DFFC
Cyril Saulnier,cyrilsaulnier,DFFC
Cyro Baptista,cyrobaptista,DFFC
Cyrus Gray,cyrusgray,DFFC
Czesław Śpiewa,czesawpiewa,DFFC
Czesława Pilarska,czesawapilarska,DFFC
Cécile Corbel,ccilecorbel,DFFC
Cécile Vogt-Mugnier,ccilevogtmugnier,DFFC
Cécile de France,cciledefrance,DFFC
Cédric Carrasso,cdriccarrasso,DFFC
Célia Aymonier,cliaaymonier,DFFC
Céline Sciamma,clinesciamma,DFFC
César Crespo,csarcrespo,DFFC
César Delgado,csardelgado,DFFC
César Hernández,csarhernndez,DFFC
César Lizano,csarlizano,DFFC
Cícero Semedo,ccerosemedo,DFFC
Cüneyt Köz,cneytkz,DFFC
D'Angelo Russell,dangelorussell,DFFC
D'Lo Brown,dlobrown,DFFC
D'arcy Wretzky,darcywretzky,DFFC
D'banj,dbanj,DFFC
DB Sweeney,dbsweeney,Celeb
DJ A-Tron,djatron,DFFC
DJ Antoine,djantoine,DFFC
DJ Ashba,djashba,DFFC
DJ Grothe,djgrothe,DFFC
DJ Hayden,djhayden,DFFC
DJ Hyde,djhyde,DFFC
DJ Kennington,djkennington,DFFC
DJ Korsakoff,djkorsakoff,DFFC
DJ Mehdi,djmehdi,DFFC
DJ Pauly D,djpaulyd,Celeb
DJ Reyburn,djreyburn,DFFC
DJ Richardson,djrichardson,DFFC
DJ Rush,djrush,DFFC
DJ Stewart,djstewart,DFFC
DJ Ware,djware,DFFC
DK Jayaraman,dkjayaraman,DFFC
DMX,dmx,DFFC
Da'Quan Bowers,daquanbowers,DFFC
Da-hae Lee,dahaelee,Celeb
DaJuan Coleman,dajuancoleman,DFFC
DaMarcus Beasley,damarcusbeasley,DFFC
Daan Jippes,daanjippes,DFFC
Dabney Coleman,dabneycoleman,DFFC
Dadara,dadara,DFFC
Daddy Yankee,daddyyankee,DFFC
Dado Topić,dadotopi,DFFC
Daequan Cook,daequancook,DFFC
Daffney,daffney,DFFC
Dafina Rexhepi,dafinarexhepi,Celeb
Dafina Zeqiri,dafinazeqiri,Celeb
Dafne Fernandez,dafnefernandez,Celeb
Dafne Schippers,dafneschippers,DFFC
Dag Arnesen,dagarnesen,DFFC
Dag Malmberg,dagmalmberg,DFFC
Daga Ziober,dagaziober,Celeb
Dagmar Krause,dagmarkrause,DFFC
Dagmar Lurz,dagmarlurz,DFFC
Dai Greene,daigreene,DFFC
Daiana Menezes,daianamenezes,Celeb
Daiane Conterato,daianeconterato,Celeb
Daiane Sodre,daianesodre,Celeb
Dailín Belmonte,dailnbelmonte,DFFC
Daina Gudzinevičiūtė,dainagudzineviit,DFFC
Daisuke Naito,daisukenaito,DFFC
Daisy Betts,daisybetts,Celeb
Daisy Lowe,daisylowe,Celeb
Dakota Blue Richards,dakotabluerichards,Celeb
Dakota Fanning,dakotafanning,DFFC
Dal Richards,dalrichards,DFFC
Dalbir Singh,dalbirsingh,DFFC
Dale Bennett,dalebennett,DFFC
Dale Bozzio,dalebozzio,DFFC
Dale Brown,dalebrown,DFFC
Dale D Myers,daledmyers,DFFC
Dale DeArmond,daledearmond,DFFC
Dale Earnhardt,daleearnhardt,DFFC
Dale Evans,daleevans,DFFC
Dale Hoganson,dalehoganson,DFFC
Dale Roberts,daleroberts,DFFC
Dale Thayer,dalethayer,DFFC
Dalene Kurtis,dalenekurtis,Celeb
Daley Blind,daleyblind,DFFC
Dalia Kutkaitė,daliakutkait,DFFC
Daliah Lavi,daliahlavi,Celeb
Dalibor Bagarić,daliborbagari,DFFC
Dalibor Grubačević,daliborgrubaevi,DFFC
Dalibor Matanić,dalibormatani,DFFC
Dalila Di Lazzaro,daliladilazzaro,Celeb
Dallas Austin,dallasaustin,Celeb
Dallas Clark,dallasclark,DFFC
Dallas Eakins,dallaseakins,DFFC
Dallas Green,dallasgreen,DFFC
Dallas Lovato,dallaslovato,Celeb
Dallas Reynolds,dallasreynolds,DFFC
Dallas Thomas,dallasthomas,DFFC
Dalma Maradona,dalmamaradona,Celeb
Dalton Vigh,daltonvigh,DFFC
Dame N'Doye,damendoye,DFFC
Damhnait Doyle,damhnaitdoyle,DFFC
Damian Halata,damianhalata,DFFC
Damian Kulig,damiankulig,DFFC
Damian Lewis,damianlewis,DFFC
Damiano Cunego,damianocunego,DFFC
Damien Bridonneau,damienbridonneau,DFFC
Damien Chazelle,damienchazelle,DFFC
Damien Hayes,damienhayes,DFFC
Damien Inglis,damieninglis,DFFC
Damien Leith,damienleith,DFFC
Damien Nazon,damiennazon,DFFC
Damien Rice,damienrice,Celeb
Damien Williams,damienwilliams,DFFC
Damien Woody,damienwoody,DFFC
Damián Szifron,daminszifron,DFFC
Damjan Fras,damjanfras,DFFC
Damon Albarn,damonalbarn,DFFC
Damon Hill,damonhill,DFFC
Damon Scott,damonscott,DFFC
Damon Wayans,damonwayans,Celeb
Damon Williams,damonwilliams,DFFC
Dan Abrams,danabrams,Celeb
Dan Ariely,danariely,DFFC
Dan Attias,danattias,DFFC
Dan Balan,danbalan,Celeb
Dan Bejar,danbejar,DFFC
Dan Bongino,danbongino,DFFC
Dan Borislow,danborislow,DFFC
Dan Bylsma,danbylsma,DFFC
Dan Bárta,danbrta,DFFC
Dan Carpenter,dancarpenter,DFFC
Dan Castellaneta,dancastellaneta,DFFC
Dan Craven,dancraven,DFFC
Dan Dickau,dandickau,DFFC
Dan Fallshaw,danfallshaw,DFFC
Dan Fogler,danfogler,Celeb
"Dan Forrest, Jr",danforrestjr,DFFC
Dan Fouts,danfouts,DFFC
Dan Gilbert,dangilbert,DFFC
Dan Gillespie Sells,dangillespiesells,DFFC
Dan Gronkowski,dangronkowski,DFFC
Dan Hampton,danhampton,DFFC
Dan Hipgrave,danhipgrave,DFFC
Dan Johnson,danjohnson,DFFC
Dan Kennedy,dankennedy,DFFC
Dan Koppen,dankoppen,DFFC
Dan Lauria,danlauria,DFFC
Dan McCafferty,danmccafferty,DFFC
Dan Miller,danmiller,DFFC
Dan Monson,danmonson,DFFC
Dan Orlovsky,danorlovsky,DFFC
Dan Patrick,danpatrick,DFFC
Dan Persa,danpersa,DFFC
Dan Potts,danpotts,DFFC
Dan Prestup,danprestup,DFFC
Dan Rather,danrather,DFFC
Dan Reeves,danreeves,DFFC
Dan Reynolds,danreynolds,DFFC
Dan Seals,danseals,DFFC
Dan Sperber,dansperber,DFFC
Dan Spivey,danspivey,DFFC
Dan Thomas,danthomas,DFFC
Dan Warthen,danwarthen,DFFC
Dan Wheldon,danwheldon,DFFC
Dana Ashbrook,danaashbrook,DFFC
Dana Bash,danabash,DFFC
Dana Beyer,danabeyer,DFFC
Dana Brooke,danabrooke,DFFC
Dana Carvey,danacarvey,Celeb
Dana Colley,danacolley,DFFC
Dana Delany,danadelany,DFFC
Dana Goldman,danagoldman,DFFC
Dana Hall,danahall,DFFC
Dana Holgorsen,danaholgorsen,DFFC
Dana International,danainternational,Celeb
Dana Ivgy,danaivgy,DFFC
Dana Larsen,danalarsen,DFFC
Dana Plato,danaplato,DFFC
Dana Reeve,danareeve,Celeb
Dana Strum,danastrum,DFFC
Dana Velďáková,danavelkov,DFFC
Dana Zátopková,danaztopkov,DFFC
Danai Gurira,danaigurira,DFFC
Dane Cook,danecook,DFFC
Dane Cross,danecross,DFFC
Dane Korica,danekorica,DFFC
Danell Leyva,danellleyva,Celeb
Danese Cooper,danesecooper,DFFC
Dani Carvajal,danicarvajal,DFFC
Dani Chigou,danichigou,DFFC
Dani Hernández,danihernndez,DFFC
Dani Shapiro,danishapiro,DFFC
Dani Sordo,danisordo,DFFC
Dania Ramirez,daniaramirez,DFFC
Danica McKellar,danicamckellar,Celeb
Danica Patrick,danicapatrick,Celeb
Danieal Manning,daniealmanning,DFFC
Daniel Arshack,danielarshack,DFFC
Daniel Avilés,danielavils,DFFC
Daniel Ayala,danielayala,DFFC
Daniel Baldwin,danielbaldwin,Celeb
Daniel Barenboim,danielbarenboim,DFFC
Daniel Bell,danielbell,DFFC
Daniel Bentley,danielbentley,DFFC
Daniel Berdichevsky,danielberdichevsky,DFFC
Daniel Bertoni,danielbertoni,DFFC
Daniel Borimirov,danielborimirov,DFFC
Daniel Brailovsky,danielbrailovsky,DFFC
Daniel Broadbent,danielbroadbent,DFFC
Daniel Bruhl,danielbruhl,Celeb
Daniel Cabrera,danielcabrera,DFFC
Daniel Carcillo,danielcarcillo,DFFC
Daniel Craig,danielcraig,Celeb
Daniel Cudmore,danielcudmore,Celeb
Daniel Dae Kim,danieldaekim,DFFC
Daniel Eaton,danieleaton,DFFC
Daniel Ellsberg,danielellsberg,DFFC
Daniel Fox,danielfox,DFFC
Daniel Georgievski,danielgeorgievski,DFFC
Daniel Gillies,danielgillies,DFFC
Daniel Ginczek,danielginczek,DFFC
Daniel Girardi,danielgirardi,DFFC
Daniel Goddard,danielgoddard,DFFC
Daniel Goleman,danielgoleman,DFFC
Daniel Hammond,danielhammond,DFFC
Daniel Harold Casriel,danielharoldcasriel,DFFC
Daniel Hermann,danielhermann,DFFC
Daniel House,danielhouse,DFFC
Daniel Johns,danieljohns,Celeb
Daniel Johnson,danieljohnson,DFFC
Daniel K Inouye,danielkinouye,Celeb
Daniel Kajmakoski,danielkajmakoski,DFFC
Daniel Kash,danielkash,DFFC
Daniel Kearns,danielkearns,DFFC
Daniel Kitson,danielkitson,DFFC
Daniel Kottke,danielkottke,DFFC
Daniel Lavoie,daniellavoie,DFFC
Daniel Levitin,daniellevitin,DFFC
Daniel Loper,danielloper,DFFC
Daniel MacIvor,danielmacivor,DFFC
Daniel Mariano Bueno,danielmarianobueno,DFFC
Daniel Martín,danielmartn,DFFC
Daniel Matsunaga,danielmatsunaga,Celeb
Daniel Morelon,danielmorelon,DFFC
Daniel Moreno,danielmoreno,DFFC
Daniel Mullings,danielmullings,DFFC
Daniel Narcisse,danielnarcisse,Celeb
Daniel Nava,danielnava,DFFC
Daniel Navarro,danielnavarro,DFFC
Daniel Oliveira,danieloliveira,DFFC
Daniel Onega,danielonega,DFFC
Daniel Oss,danieloss,DFFC
Daniel Padilla,danielpadilla,Celeb
Daniel Parejo,danielparejo,DFFC
Daniel Paris,danielparis,DFFC
Daniel Peixoto,danielpeixoto,DFFC
Daniel Petkovski,danielpetkovski,DFFC
Daniel Pipes,danielpipes,DFFC
Daniel Powter,danielpowter,DFFC
Daniel Richardsson,danielrichardsson,DFFC
Daniel Rodríguez Martín,danielrodrguezmartn,DFFC
"Daniel S Peña, Sr",danielspeasr,DFFC
Daniel Sedin,danielsedin,DFFC
Daniel Solà,danielsol,DFFC
Daniel Stern,danielstern,Celeb
Daniel Sturridge,danielsturridge,DFFC
Daniel Suarez,danielsuarez,DFFC
Daniel Sunjata,danielsunjata,Celeb
Daniel Te'o-Nesheim,danielteonesheim,DFFC
Daniel Theis,danieltheis,DFFC
Daniel Trust,danieltrust,DFFC
Daniel Vargas,danielvargas,DFFC
Daniel Way,danielway,DFFC
Daniel Welch,danielwelch,DFFC
Daniel Wells,danielwells,DFFC
Daniel Whiston,danielwhiston,DFFC
Daniela Bianchi,danielabianchi,Celeb
Daniela Di Giacomo,danieladigiacomo,Celeb
Daniela Katzenberger,danielakatzenberger,Celeb
Daniela Lujan,danielalujan,Celeb
Daniela Masseroni,danielamasseroni,DFFC
Daniela Nuțu-Gajić,danielanuugaji,DFFC
Daniela Pestova,danielapestova,Celeb
Daniela Poggi,danielapoggi,DFFC
Daniela Ruah,danielaruah,Celeb
Daniela Schadt,danielaschadt,DFFC
Daniela Tamayo,danielatamayo,Celeb
Daniele Bennati,danielebennati,DFFC
Daniele Capelli,danielecapelli,DFFC
Daniele De Rossi,danielederossi,DFFC
Daniele Liotti,danieleliotti,Celeb
Daniele Meucci,danielemeucci,DFFC
Daniele Padelli,danielepadelli,DFFC
Daniella Monet,daniellamonet,Celeb
Daniella Rush,daniellarush,DFFC
Daniella Sarahyba,daniellasarahyba,Celeb
Danielle Bux,daniellebux,Celeb
Danielle Campbell,daniellecampbell,Celeb
Danielle Colaprico,daniellecolaprico,DFFC
Danielle Cormack,daniellecormack,DFFC
Danielle Darrieux,danielledarrieux,Celeb
Danielle De Metz,danielledemetz,DFFC
Danielle Evans,danielleevans,Celeb
Danielle Fishel,daniellefishel,Celeb
Danielle Jonas,daniellejonas,Celeb
Danielle Kahle,daniellekahle,DFFC
Danielle Knudson,danielleknudson,Celeb
Danielle Letourneau,danielleletourneau,DFFC
Danielle Montalbano,daniellemontalbano,DFFC
Danielle OHara,danielleohara,Celeb
Danielle Page,daniellepage,DFFC
Danielle Peazer,daniellepeazer,Celeb
Danielle Staub,daniellestaub,DFFC
Danielys García,danielysgarca,DFFC
Daniil Barantsev,daniilbarantsev,DFFC
Daniil Dubov,daniildubov,DFFC
Danijel Ljuboja,danijelljuboja,DFFC
Danijel Subotić,danijelsuboti,DFFC
Danijela Rundqvist,danijelarundqvist,DFFC
Danila Kozlovsky,danilakozlovsky,DFFC
Danilo,danilo,DFFC
Danilo Arrieta,daniloarrieta,DFFC
Danilo Di Luca,danilodiluca,DFFC
Danilo Gallinari,danilogallinari,DFFC
Danilo Kiš,daniloki,DFFC
Danna Garcia,dannagarcia,Celeb
Danna Paola,dannapaola,DFFC
Danneel Ackles,danneelackles,Celeb
Dannii Minogue,danniiminogue,DFFC
Danny Aiello,dannyaiello,Celeb
Danny Aiken,dannyaiken,DFFC
Danny Batth,dannybatth,DFFC
Danny Beath,dannybeath,DFFC
Danny Blanchett,dannyblanchett,DFFC
Danny Bonaduce,dannybonaduce,DFFC
Danny Boy,dannyboy,DFFC
Danny Collins,dannycollins,DFFC
Danny Coyne,dannycoyne,DFFC
Danny DeVito,dannydevito,Celeb
Danny Dyer,dannydyer,Celeb
Danny Emerton,dannyemerton,DFFC
Danny Glover,dannyglover,DFFC
Danny Green,dannygreen,DFFC
Danny Guthrie,dannyguthrie,DFFC
Danny Harris,dannyharris,DFFC
Danny Harrison,dannyharrison,DFFC
Danny Higginbotham,dannyhigginbotham,DFFC
Danny Hillis,dannyhillis,DFFC
Danny Huston,dannyhuston,DFFC
Danny Hutton,dannyhutton,DFFC
Danny Jones,dannyjones,DFFC
Danny Kaye,dannykaye,Celeb
Danny Ledonne,dannyledonne,DFFC
Danny Livesey,dannylivesey,DFFC
Danny Masterson,dannymasterson,Celeb
Danny McCray,dannymccray,DFFC
Danny McManus,dannymcmanus,DFFC
Danny Meyer,dannymeyer,DFFC
Danny Michel,dannymichel,DFFC
Danny Morrison,dannymorrison,DFFC
Danny Murphy,dannymurphy,DFFC
Danny Nucci,dannynucci,Celeb
Danny Ongais,dannyongais,DFFC
Danny Pintauro,dannypintauro,Celeb
Danny Pudi,dannypudi,Celeb
Danny Racchi,dannyracchi,DFFC
Danny Schmitz,dannyschmitz,DFFC
Danny Strong,dannystrong,DFFC
Danny Tiatto,dannytiatto,DFFC
Danny Trejo,dannytrejo,Celeb
Danny Trevathan,dannytrevathan,DFFC
Danny Wallace,dannywallace,DFFC
Danny Webber,dannywebber,DFFC
Danny Wilson,dannywilson,DFFC
Danny Woodhead,dannywoodhead,DFFC
Danny Worsnop,dannyworsnop,Celeb
Danny!,danny,DFFC
Dante,dante,DFFC
Dany Nounkeu,danynounkeu,DFFC
Dany Saadia,danysaadia,DFFC
Dany Saval,danysaval,Celeb
Danyel Gérard,danyelgrard,DFFC
Daphna Kastner,daphnakastner,DFFC
Daphne Ceeney,daphneceeney,DFFC
Daphne Groeneveld,daphnegroeneveld,Celeb
Daphnée Duplaix,daphneduplaix,DFFC
Dar Williams,darwilliams,DFFC
Darcel McBath,darcelmcbath,DFFC
Darcey Steinke,darceysteinke,DFFC
Darcis Steve,darcissteve,Celeb
Dardan Rexhepi,dardanrexhepi,DFFC
Darell Scott,darellscott,DFFC
Daren Dochterman,darendochterman,DFFC
Daren Kagasoff,darenkagasoff,Celeb
Daria Dmitrieva,dariadmitrieva,DFFC
Daria Gavrilova,dariagavrilova,DFFC
Daria Lorenci,darialorenci,DFFC
Daria Popova,dariapopova,DFFC
Daria Skrypnik,dariaskrypnik,DFFC
Daria Strokous,dariastrokous,Celeb
Daria Werbowy,dariawerbowy,Celeb
Daric Barton,daricbarton,DFFC
Darija Jurak,darijajurak,DFFC
Darijo Srna,darijosrna,DFFC
Darin Zanyar,darinzanyar,DFFC
Dario Cataldo,dariocataldo,DFFC
Dario Krešić,dariokrei,DFFC
Dario Vidošić,dariovidoi,DFFC
Darius Hanks,dariushanks,DFFC
Darius McCrary,dariusmccrary,Celeb
Darius Miles,dariusmiles,DFFC
Darius Slay,dariusslay,DFFC
Dariush Ashoori,dariushashoori,DFFC
Dariush Shayegan,dariushshayegan,DFFC
Dariusz Jemielniak,dariuszjemielniak,DFFC
Dariusz Świercz,dariuszwiercz,DFFC
Darko Jevtić,darkojevti,DFFC
Darko Kolić,darkokoli,DFFC
Darko Kovačević,darkokovaevi,DFFC
Darko Lazović,darkolazovi,DFFC
Darko Nikač,darkonika,DFFC
Darko Sokolov,darkosokolov,DFFC
Darko Zorić,darkozori,DFFC
Darko Šarović,darkoarovi,DFFC
Darnell Nurse,darnellnurse,DFFC
Darran Kempson,darrankempson,DFFC
Darrell Armstrong,darrellarmstrong,DFFC
Darrell Clarke,darrellclarke,DFFC
Darrell Hogan,darrellhogan,DFFC
Darrell Stuckey,darrellstuckey,DFFC
"Darrell Wallace, Jr",darrellwallacejr,DFFC
Darrelle Revis,darrellerevis,DFFC
Darren Archibald,darrenarchibald,DFFC
Darren Aronofsky,darrenaronofsky,DFFC
Darren Criss,darrencriss,DFFC
Darren Espanto,darrenespanto,DFFC
Darren Fletcher,darrenfletcher,DFFC
Darren Gardiner,darrengardiner,DFFC
Darren Hayes,darrenhayes,Celeb
Darren Hayman,darrenhayman,DFFC
Darren Jones,darrenjones,DFFC
Darren Kelly,darrenkelly,DFFC
Darren Mackie,darrenmackie,DFFC
Darren Middleton,darrenmiddleton,DFFC
Darren Moore,darrenmoore,DFFC
Darren Murphy,darrenmurphy,DFFC
Darren Purse,darrenpurse,DFFC
Darren Sproles,darrensproles,DFFC
Darren Waller,darrenwaller,DFFC
Darren Young,darrenyoung,DFFC
Darril Fosty,darrilfosty,DFFC
Darrin Reaves,darrinreaves,DFFC
Darryl Cotton,darrylcotton,DFFC
Darryl Talley,darryltalley,DFFC
Darwin Atapuma,darwinatapuma,DFFC
Darwin Cerén,darwincern,DFFC
Darya Pishchalnikova,daryapishchalnikova,DFFC
Darya Tkachenko,daryatkachenko,DFFC
Daryl Hall,darylhall,Celeb
Daryl Janmaat,daryljanmaat,DFFC
Daryl Katz,darylkatz,DFFC
Daryl Murphy,darylmurphy,DFFC
Daryl Palumbo,darylpalumbo,DFFC
Daryle Ward,daryleward,DFFC
Daryn Zhunussov,darynzhunussov,DFFC
Darío Fernández,darofernndez,DFFC
Dash Chisako,dashchisako,DFFC
Dasha Astafieva,dashaastafieva,Celeb
Dasha Kapustina,dashakapustina,Celeb
Dashon Goldson,dashongoldson,DFFC
Dav Whatmore,davwhatmore,DFFC
Dave Attell,daveattell,DFFC
Dave Barry,davebarry,DFFC
Dave Bartholomew,davebartholomew,DFFC
Dave Bautista,davebautista,DFFC
Dave Blaney,daveblaney,DFFC
Dave Brammer,davebrammer,DFFC
Dave Brandon,davebrandon,DFFC
Dave Brock,davebrock,DFFC
Dave Brubeck,davebrubeck,Celeb
Dave Chappelle,davechappelle,Celeb
Dave Dictor,davedictor,DFFC
Dave Dresden,davedresden,DFFC
Dave Edwards,daveedwards,DFFC
Dave Ellefson,daveellefson,Celeb
Dave Feamster,davefeamster,DFFC
Dave Franco,davefranco,Celeb
Dave Green,davegreen,DFFC
Dave Greenfield,davegreenfield,DFFC
Dave Greenslade,davegreenslade,DFFC
Dave Grohl,davegrohl,Celeb
Dave Hill,davehill,DFFC
Dave Hughes,davehughes,DFFC
Dave Keuning,davekeuning,DFFC
Dave Kitson,davekitson,DFFC
Dave Mustaine,davemustaine,Celeb
Dave Navarro,davenavarro,DFFC
Dave Naz,davenaz,DFFC
Dave Niehaus,daveniehaus,DFFC
Dave Penney,davepenney,DFFC
Dave Pomeroy,davepomeroy,DFFC
Dave Raggett,daveraggett,DFFC
Dave Raimey,daveraimey,DFFC
Dave Roberts,daveroberts,DFFC
Dave Robinson,daverobinson,DFFC
Dave Ryan,daveryan,DFFC
Dave Sim,davesim,DFFC
Dave Sisler,davesisler,DFFC
Dave Spector,davespector,DFFC
Dave Stallworth,davestallworth,DFFC
Dave Stevens,davestevens,DFFC
Dave Stewart,davestewart,DFFC
Dave Trembley,davetrembley,DFFC
Dave Valentin,davevalentin,DFFC
Dave Whelan,davewhelan,DFFC
Dave Wottle,davewottle,DFFC
Daveigh Chase,daveighchase,Celeb
Davey Hamilton,daveyhamilton,DFFC
Davey Havok,daveyhavok,Celeb
Davey Holmes,daveyholmes,DFFC
Davey Johnstone,daveyjohnstone,DFFC
David A Hargrave,davidahargrave,DFFC
David Abulafia,davidabulafia,DFFC
David Accam,davidaccam,DFFC
David Alan Basche,davidalanbasche,DFFC
David Alan Grier,davidalangrier,DFFC
David Albelda,davidalbelda,DFFC
David Allan Coe,davidallancoe,DFFC
David Almond,davidalmond,DFFC
David Amoo,davidamoo,DFFC
David Anders,davidanders,Celeb
David Angell,davidangell,DFFC
David Anthony,davidanthony,DFFC
David Ari Leon,davidarileon,DFFC
David Arroyo,davidarroyo,DFFC
David Attenborough,davidattenborough,DFFC
David Ayer,davidayer,DFFC
David Bailey,davidbailey,Celeb
David Ball,davidball,DFFC
David Banner,davidbanner,DFFC
David Barton,davidbarton,DFFC
David Battley,davidbattley,DFFC
David Beckham,davidbeckham,DFFC
David Bergstein,davidbergstein,DFFC
David Bernstein,davidbernstein,DFFC
David Binn,davidbinn,DFFC
David Blue,davidblue,DFFC
David Bohnett,davidbohnett,DFFC
David Boily,davidboily,DFFC
David Boreanaz,davidboreanaz,DFFC
David Braben,davidbraben,DFFC
David Bradley,davidbradley,DFFC
David Bragdon,davidbragdon,DFFC
David Brin,davidbrin,DFFC
David Bromberg,davidbromberg,DFFC
David Bromige,davidbromige,DFFC
David Brown,davidbrown,DFFC
David Bryan,davidbryan,Celeb
David Burke,davidburke,DFFC
David Burns,davidburns,DFFC
David Burtka,davidburtka,DFFC
David Byrne,davidbyrne,DFFC
David Cameron,davidcameron,Celeb
David Carr,davidcarr,DFFC
David Cassidy,davidcassidy,Celeb
David Charvet,davidcharvet,Celeb
David Chase,davidchase,DFFC
David Chiu,davidchiu,DFFC
David Cobeño,davidcobeo,DFFC
David Conrad,davidconrad,Celeb
David Cook,davidcook,Celeb
David Copeland,davidcopeland,DFFC
David Copperfield,davidcopperfield,Celeb
David Costas,davidcostas,DFFC
David Coverdale,davidcoverdale,Celeb
David Cromer,davidcromer,DFFC
David Cronenberg,davidcronenberg,DFFC
David Crosby,davidcrosby,DFFC
David Cross,davidcross,Celeb
David Cutcliffe,davidcutcliffe,DFFC
David D'Or,daviddor,DFFC
David Duchovny,davidduchovny,Celeb
David Dyson,daviddyson,DFFC
David E Bell,davidebell,DFFC
David E Jeremiah,davidejeremiah,DFFC
David Eisenhower,davideisenhower,DFFC
David Ellefson,davidellefson,DFFC
David Faber,davidfaber,DFFC
David Fairclough,davidfairclough,DFFC
David Faustino,davidfaustino,DFFC
David Feherty,davidfeherty,DFFC
David Fernández Miramontes,davidfernndezmiramontes,DFFC
David Filo,davidfilo,DFFC
David Fizdale,davidfizdale,DFFC
David Florence,davidflorence,Celeb
David Foster,davidfoster,Celeb
David Fox,davidfox,DFFC
David Fuster,davidfuster,DFFC
David Gahan,davidgahan,Celeb
David Gallagher,davidgallagher,Celeb
David Gandy,davidgandy,DFFC
David Gantar,davidgantar,DFFC
David García de la Cruz,davidgarcadelacruz,DFFC
David Gascoyne,davidgascoyne,DFFC
David Geffen,davidgeffen,Celeb
David Gilliland,davidgilliland,Celeb
David Giuntoli,davidgiuntoli,DFFC
David Gould,davidgould,DFFC
David Greely,davidgreely,DFFC
David Green,davidgreen,Celeb
David Grohl,davidgrohl,Celeb
David Guetta,davidguetta,Celeb
David Guez,davidguez,DFFC
David Guterson,davidguterson,DFFC
David Hayter,davidhayter,Celeb
David Hedison,davidhedison,DFFC
David Henrie,davidhenrie,Celeb
David Henry,davidhenry,Celeb
David Hess,davidhess,Celeb
David Hewlett,davidhewlett,DFFC
David Hobbs,davidhobbs,DFFC
David Hyde Pierce,davidhydepierce,DFFC
David Hykes,davidhykes,DFFC
David Irving,davidirving,DFFC
David Jarolím,davidjarolm,DFFC
David Jason,davidjason,Celeb
David Joerger,davidjoerger,DFFC
David Johnson,davidjohnson,DFFC
David Jones,davidjones,DFFC
David Jordan Bachner,davidjordanbachner,DFFC
David Kahn,davidkahn,DFFC
David Karp,davidkarp,DFFC
David King,davidking,DFFC
David Knopfler,davidknopfler,DFFC
David Koch,davidkoch,DFFC
David Koechner,davidkoechner,Celeb
David Koller,davidkoller,DFFC
David Koresh,davidkoresh,DFFC
David Krejčí,davidkrej,DFFC
David Kross,davidkross,DFFC
David Krumholtz,davidkrumholtz,DFFC
David L Cook,davidlcook,DFFC
David L Rose,davidlrose,DFFC
David LaChapelle,davidlachapelle,DFFC
David Lasky,davidlasky,DFFC
David Lee,davidlee,DFFC
David Letterman,davidletterman,Celeb
David Levi,davidlevi,DFFC
David Lipsky,davidlipsky,DFFC
David Llewellin,davidllewellin,DFFC
David Lynch,davidlynch,Celeb
David M Rosenthal,davidmrosenthal,DFFC
David Mamet,davidmamet,DFFC
David Marquardt,davidmarquardt,DFFC
David Mayhew,davidmayhew,DFFC
David Mazouz,davidmazouz,Celeb
David Mazzucchelli,davidmazzucchelli,DFFC
David McGoldrick,davidmcgoldrick,DFFC
David McNiven,davidmcniven,DFFC
David Michael Conner,davidmichaelconner,DFFC
David Mims,davidmims,DFFC
David Miscavige,davidmiscavige,DFFC
David Mitchell,davidmitchell,DFFC
David Myles,davidmyles,DFFC
David Nasaw,davidnasaw,DFFC
David Navara,davidnavara,DFFC
David Nelson,davidnelson,DFFC
David Nicholas,davidnicholas,DFFC
David Niven,davidniven,Celeb
David Nolan,davidnolan,DFFC
David O Russell,davidorussell,DFFC
David O Sacks,davidosacks,DFFC
David OHara,davidohara,Celeb
David Odonkor,davidodonkor,DFFC
David Ondříček,davidondek,DFFC
David Ortiz,davidortiz,Celeb
David Ospina,davidospina,DFFC
David Otunga,davidotunga,DFFC
David Pagbe,davidpagbe,DFFC
David Palmer,davidpalmer,DFFC
David Paymer,davidpaymer,Celeb
David Perron,davidperron,DFFC
David Petraeus,davidpetraeus,Celeb
David Pizarro,davidpizarro,DFFC
David Pogue,davidpogue,DFFC
David Poisson,davidpoisson,DFFC
David Pomeranz,davidpomeranz,Celeb
David Proval,davidproval,DFFC
David Provan,davidprovan,DFFC
David Prowse,davidprowse,DFFC
David Pujadas,davidpujadas,DFFC
David Ragan,davidragan,Celeb
David Rees Snell,davidreessnell,DFFC
David René de Rothschild,davidrenderothschild,DFFC
David Reutimann,davidreutimann,DFFC
David Richmond-Peck,davidrichmondpeck,DFFC
David Rintoul,davidrintoul,DFFC
David Robinson,davidrobinson,DFFC
David Rozehnal,davidrozehnal,DFFC
David Rudisha,davidrudisha,DFFC
David S Goyer,davidsgoyer,DFFC
David Santee,davidsantee,DFFC
David Schmitt,davidschmitt,Celeb
David Schnitter,davidschnitter,DFFC
David Schroder,davidschroder,Celeb
David Schwimmer,davidschwimmer,Celeb
David Seaman,davidseaman,DFFC
David Sedaris,davidsedaris,DFFC
David Shaw,davidshaw,DFFC
David Shiner,davidshiner,DFFC
David Shuster,davidshuster,DFFC
David Silveria,davidsilveria,Celeb
David Silverman,davidsilverman,DFFC
David Simon,davidsimon,DFFC
David Sneddon,davidsneddon,DFFC
David Snellgrove,davidsnellgrove,DFFC
David Staff,davidstaff,DFFC
David Steinberg,davidsteinberg,Celeb
David Stephens,davidstephens,DFFC
David Storl,davidstorl,DFFC
David Strathairn,davidstrathairn,Celeb
David Stratton,davidstratton,DFFC
David Stremme,davidstremme,DFFC
David Stucke,davidstucke,DFFC
David Suchet,davidsuchet,DFFC
David Sullivan,davidsullivan,DFFC
David Suzuki,davidsuzuki,DFFC
David Templeton,davidtempleton,DFFC
David Tennant,davidtennant,DFFC
David Tetteh,davidtetteh,DFFC
David Thewlis,davidthewlis,Celeb
David Thompson,davidthompson,DFFC
David Thomson,davidthomson,Celeb
David Toms,davidtoms,DFFC
David Trezeguet,davidtrezeguet,DFFC
David Vaughan,davidvaughan,DFFC
David Villa,davidvilla,DFFC
David Villa Sanchez,davidvillasanchez,Celeb
David Vobora,davidvobora,DFFC
David Vostell,davidvostell,DFFC
David Vranković,davidvrankovi,DFFC
David Výborný,davidvborn,DFFC
David W Ball,davidwball,DFFC
David Wagner,davidwagner,DFFC
David Wall,davidwall,DFFC
David Walliams,davidwalliams,DFFC
David Weisman,davidweisman,DFFC
David Wenham,davidwenham,Celeb
David West,davidwest,DFFC
David Westin,davidwestin,DFFC
David Wright,davidwright,DFFC
David Wu,davidwu,Celeb
David X Cohen,davidxcohen,DFFC
David Yost,davidyost,DFFC
David Zayas,davidzayas,Celeb
David Zepeda,davidzepeda,Celeb
David Zurutuza,davidzurutuza,DFFC
David de Gea,daviddegea,DFFC
David de la Fuente,daviddelafuente,DFFC
Davide Cimolai,davidecimolai,DFFC
Davide Malacarne,davidemalacarne,DFFC
Davie Selke,davieselke,DFFC
Davinia Taylor,daviniataylor,Celeb
Davis Glen,davisglen,Celeb
Davis Lauren,davislauren,Celeb
Davis Phinney,davisphinney,DFFC
Davy Jones,davyjones,Celeb
Davy Pröpper,davyprpper,DFFC
Davy Walsh,davywalsh,DFFC
Dawn Fraser,dawnfraser,DFFC
Dawn Harper,dawnharper,Celeb
Dawn Olivieri,dawnolivieri,Celeb
Dawn Richard,dawnrichard,DFFC
Dawn Robinson,dawnrobinson,DFFC
Dawn Wells,dawnwells,Celeb
Dax Shepard,daxshepard,DFFC
Dayanara Torres,dayanaratorres,Celeb
Daylon Claasen,daylonclaasen,DFFC
Dayro Moreno,dayromoreno,DFFC
Dayron Robles,dayronrobles,Celeb
De'Anthony Thomas,deanthonythomas,DFFC
De'Runnya Wilson,derunnyawilson,DFFC
DeAndre Hopkins,deandrehopkins,DFFC
DeAndre Yedlin,deandreyedlin,DFFC
DeAngelo Hall,deangelohall,DFFC
DeAnne Julius,deannejulius,DFFC
DeFord Bailey,defordbailey,DFFC
DeMarcus Cousins,demarcuscousins,DFFC
DeMarcus Van Dyke,demarcusvandyke,DFFC
DeMarcus Ware,demarcusware,DFFC
DeMario Pressley,demariopressley,DFFC
DeQuan Jones,dequanjones,DFFC
DeRay Davis,deraydavis,Celeb
DeSean Jackson,deseanjackson,DFFC
DeShawn Stevenson,deshawnstevenson,DFFC
Deacon Jones,deaconjones,DFFC
Dean Armstrong,deanarmstrong,DFFC
Dean Ashton,deanashton,DFFC
Dean Baker,deanbaker,DFFC
Dean Butler,deanbutler,DFFC
Dean Cain,deancain,Celeb
Dean Cox,deancox,DFFC
Dean DeBlois,deandeblois,DFFC
Dean Delany,deandelany,DFFC
Dean Devlin,deandevlin,DFFC
Dean Falk,deanfalk,DFFC
Dean Geyer,deangeyer,DFFC
Dean Kiely,deankiely,DFFC
Dean Leacock,deanleacock,DFFC
Dean Lewington,deanlewington,DFFC
Dean Marney,deanmarney,DFFC
Dean Marshall,deanmarshall,DFFC
Dean Martin,deanmartin,Celeb
Dean McDermott,deanmcdermott,Celeb
Dean Morgan,deanmorgan,DFFC
Dean Reed,deanreed,Celeb
Dean Shiels,deanshiels,DFFC
Dean Smith,deansmith,DFFC
Dean Stockwell,deanstockwell,DFFC
Dean Terlich,deanterlich,DFFC
Dean Winters,deanwinters,Celeb
Deane Smalley,deanesmalley,DFFC
Deanna Brooks,deannabrooks,DFFC
Deanna Miller,deannamiller,Celeb
Deanna Pappas,deannapappas,Celeb
Deanna Russo,deannarusso,Celeb
Deb Caletti,debcaletti,DFFC
Debarun Pal,debarunpal,DFFC
Debbe Magnusen,debbemagnusen,DFFC
Debbie Bramwell-Washington,debbiebramwellwashington,DFFC
Debbie Capozzi,debbiecapozzi,Celeb
Debbie Dunn,debbiedunn,DFFC
Debbie Reynolds,debbiereynolds,DFFC
Debbie Rowe,debbierowe,DFFC
Debi Mazar,debimazar,DFFC
Debora Comba,deboracomba,Celeb
Deborah Ann Woll,deborahannwoll,Celeb
Deborah Coleman,deborahcoleman,DFFC
Deborah Gibson,deborahgibson,Celeb
Deborah Kara Unger,deborahkaraunger,Celeb
Deborah Kerr,deborahkerr,DFFC
Deborah Leng,deborahleng,Celeb
Deborah Raffin,deborahraffin,Celeb
Deborah Secco,deborahsecco,Celeb
Deborah Watling,deborahwatling,DFFC
Deborra-Lee Furness,deborraleefurness,Celeb
Debra Arlyn,debraarlyn,DFFC
Debra Granik,debragranik,DFFC
Debra Jo Rupp,debrajorupp,Celeb
Debra L Lee,debrallee,DFFC
Debra Marshall,debramarshall,DFFC
Debra Medina,debramedina,DFFC
Debra Messing,debramessing,DFFC
Debra Monk,debramonk,DFFC
Debra Paget,debrapaget,Celeb
Debrah Scarlett,debrahscarlett,DFFC
Dechawat Poomjaeng,dechawatpoomjaeng,DFFC
Declan Donnelly,declandonnelly,DFFC
Declan John,declanjohn,DFFC
Dedryck Boyata,dedryckboyata,DFFC
Dee Bost,deebost,DFFC
Dee Bradley Baker,deebradleybaker,DFFC
Dee Brown,deebrown,DFFC
Dee Hoty,deehoty,DFFC
Dee Plume,deeplume,Celeb
Dee Snider,deesnider,Celeb
Dee Wallace,deewallace,DFFC
Deepak Chopra,deepakchopra,Celeb
Deepika Kurup,deepikakurup,DFFC
Deepika Padukone,deepikapadukone,Celeb
Deepti Bhatnagar,deeptibhatnagar,DFFC
Deeyah Khan,deeyahkhan,DFFC
Deidre Downs,deidredowns,DFFC
Deidre Hall,deidrehall,DFFC
Deiniol Graham,deiniolgraham,DFFC
Deion Branch,deionbranch,DFFC
Deividas Dulkys,deividasdulkys,DFFC
Deividas Stagniūnas,deividasstagninas,DFFC
Dejan Bodiroga,dejanbodiroga,DFFC
Dejan Lovren,dejanlovren,DFFC
Dejan Milojević,dejanmilojevi,DFFC
Dejan Radonjić,dejanradonji,DFFC
Del Crandall,delcrandall,DFFC
Delaf,delaf,DFFC
Delfeayo Marsalis,delfeayomarsalis,DFFC
Delilah,delilah,DFFC
Delino DeShields,delinodeshields,DFFC
Delphine Chaneac,delphinechaneac,Celeb
Delphine Ledoux,delphineledoux,Celeb
Delphine Lo Grasso,delphinelograsso,Celeb
Delroy Lindo,delroylindo,DFFC
Delta Burke,deltaburke,Celeb
Delta Goodrem,deltagoodrem,Celeb
Dema Kovalenko,demakovalenko,DFFC
Demaryius Thomas,demaryiusthomas,DFFC
Demet Evgar,demetevgar,Celeb
Demet Kılınç,demetkln,DFFC
Demetri Martin,demetrimartin,Celeb
Demetri McCamey,demetrimccamey,DFFC
Demetrio Albertini,demetrioalbertini,DFFC
Demetrius Harris,demetriusharris,DFFC
Demi Harman,demiharman,DFFC
Demi Lovato,demilovato,DFFC
Demi Moore,demimoore,DFFC
Demond Mallet,demondmallet,DFFC
Demy de Zeeuw,demydezeeuw,DFFC
Dena DeRose,denaderose,DFFC
Dena Kaplan,denakaplan,DFFC
Denard Robinson,denardrobinson,DFFC
Deng Yaping,dengyaping,DFFC
Denice D Lewis,denicedlewis,DFFC
Denis Alekseyevich Davydov,denisalekseyevichdavydov,DFFC
Denis Andreyevich Klyuyev,denisandreyevichklyuyev,DFFC
Denis Cheryshev,denischeryshev,DFFC
Denis Dutton,denisdutton,DFFC
Denis Hennequin,denishennequin,DFFC
Denis Irwin,denisirwin,DFFC
Denis Kitchen,deniskitchen,DFFC
Denis Lawson,denislawson,DFFC
Denis Leary,denisleary,Celeb
Denis Marconato,denismarconato,DFFC
Denis Moschitto,denismoschitto,DFFC
Denis O'Hare,denisohare,DFFC
Denis OBrien,denisobrien,Celeb
Denis Smith,denissmith,DFFC
Denis Ten,denisten,DFFC
Denisa Dvořáková,denisadvokov,DFFC
Denise Bidot,denisebidot,Celeb
Denise Milani,denisemilani,Celeb
Denise Nicholas,denisenicholas,DFFC
Denise O'Sullivan,deniseosullivan,DFFC
Denise Rich,deniserich,Celeb
Denise Richards,deniserichards,DFFC
Deniz Akkaya,denizakkaya,Celeb
Deniz Ugur,denizugur,Celeb
Deniz cakir,denizcakir,Celeb
Dennis Allen,dennisallen,DFFC
Dennis Brunod,dennisbrunod,DFFC
Dennis Dixon,dennisdixon,DFFC
Dennis Erickson,denniserickson,DFFC
Dennis Haysbert,dennishaysbert,Celeb
Dennis Hopper,dennishopper,Celeb
Dennis Høegh,dennishegh,DFFC
Dennis Kamakahi,denniskamakahi,DFFC
Dennis Landolt,dennislandolt,DFFC
Dennis O'Neil,dennisoneil,DFFC
Dennis O'Rourke,dennisorourke,DFFC
Dennis Oh,dennisoh,Celeb
Dennis Oppenheim,dennisoppenheim,DFFC
Dennis Quaid,dennisquaid,DFFC
Dennis Seaton,dennisseaton,DFFC
Dennis Trillo,dennistrillo,Celeb
Dennis Waterman,denniswaterman,DFFC
Dennis Weaver,dennisweaver,Celeb
Denny Hamlin,dennyhamlin,DFFC
Denny McLain,dennymclain,DFFC
Dentinho,dentinho,DFFC
Denys Arcand,denysarcand,DFFC
Denys Harmash,denysharmash,DFFC
Denzel Washington,denzelwashington,DFFC
Denzel Whitaker,denzelwhitaker,Celeb
Der-Tsai Lee,dertsailee,DFFC
Dercy Gonçalves,dercygonalves,DFFC
Derek Anderson,derekanderson,DFFC
Derek Asamoah,derekasamoah,DFFC
Derek Fisher,derekfisher,DFFC
Derek Grant,derekgrant,DFFC
Derek Hough,derekhough,Celeb
Derek Jameson,derekjameson,DFFC
Derek Luke,derekluke,Celeb
Derek Martin,derekmartin,DFFC
Derek Mears,derekmears,Celeb
Derek Meech,derekmeech,DFFC
Derek Ramsay,derekramsay,Celeb
Derek Shackleton,derekshackleton,DFFC
Derek Trucks,derektrucks,DFFC
Derek Wayne Johnson,derekwaynejohnson,DFFC
Derek Whitson,derekwhitson,DFFC
Derek Wolfe,derekwolfe,DFFC
Derek Yalden,derekyalden,DFFC
Deriba Merga,deribamerga,DFFC
Deric Ruttan,dericruttan,DFFC
Derlei,derlei,DFFC
Dermot Mulroney,dermotmulroney,DFFC
Deron Williams,deronwilliams,DFFC
Derren Brown,derrenbrown,Celeb
Derrick Dockery,derrickdockery,DFFC
Derrick Harvey,derrickharvey,DFFC
Derrick Mason,derrickmason,DFFC
Derrick Nix,derricknix,DFFC
Derrick Rodgers,derrickrodgers,DFFC
Derrick Rose,derrickrose,Celeb
Derrick Sebagala,derricksebagala,DFFC
Derrike Cope,derrikecope,DFFC
Derryl Cousins,derrylcousins,DFFC
Derryn Hinch,derrynhinch,DFFC
Derya Arhan,deryaarhan,DFFC
Deryck Whibley,deryckwhibley,Celeb
Des Bishop,desbishop,DFFC
Des Bulpin,desbulpin,DFFC
Des Lynam,deslynam,DFFC
Des Lyttle,deslyttle,DFFC
Desi Lydic,desilydic,Celeb
Desmond Dekker,desmonddekker,DFFC
Desmond Harrington,desmondharrington,Celeb
Desmond Noel,desmondnoel,DFFC
Desmond Trufant,desmondtrufant,DFFC
Despina Papamichail,despinapapamichail,DFFC
Despoina Vandi,despoinavandi,Celeb
Destin Onka Malonga,destinonkamalonga,DFFC
Detlev Buck,detlevbuck,DFFC
Deuce Lutui,deucelutui,DFFC
Dev Patel,devpatel,Celeb
Devaanshi Mehta,devaanshimehta,DFFC
Devan Dubnyk,devandubnyk,DFFC
Devante Smith-Pelly,devantesmithpelly,DFFC
Devendra Banhart,devendrabanhart,Celeb
Devin Battley,devinbattley,DFFC
Devin Booker,devinbooker,DFFC
Devin DeVasquez,devindevasquez,Celeb
Devin Harris,devinharris,DFFC
Devin Hester,devinhester,DFFC
Devin Smith,devinsmith,DFFC
Devin Townsend,devintownsend,DFFC
Devin the Dude,devinthedude,DFFC
Devon Allman,devonallman,DFFC
Devon Bostick,devonbostick,Celeb
Devon Sawa,devonsawa,DFFC
Devon Werkheiser,devonwerkheiser,DFFC
Devonta Freeman,devontafreeman,DFFC
Dewayne Staats,dewaynestaats,DFFC
Dewey Bunnell,deweybunnell,DFFC
Dewi Lestari,dewilestari,DFFC
Dexter Davis,dexterdavis,DFFC
Dexter Fletcher,dexterfletcher,DFFC
Dexter Jackson,dexterjackson,DFFC
Dexter Stacey,dexterstacey,DFFC
Deysi Cori,deysicori,DFFC
Dez Bryant,dezbryant,DFFC
Dezmen Southward,dezmensouthward,DFFC
Dhammananda Bhikkhuni,dhammanandabhikkhuni,DFFC
Dhanin Chearavanont,dhaninchearavanont,Celeb
Dharmendra,dharmendra,Celeb
Diablo Cody,diablocody,DFFC
Diahann Carroll,diahanncarroll,Celeb
Diamond Dallas Page,diamonddallaspage,DFFC
Dian Parkinson,dianparkinson,Celeb
Diana Amft,dianaamft,Celeb
Diana Chaves,dianachaves,Celeb
Diana Dondoe,dianadondoe,Celeb
Diana Dumitrescu,dianadumitrescu,Celeb
Diana Gurtskaya,dianagurtskaya,DFFC
Diana Kovalchuk,dianakovalchuk,Celeb
Diana Luna,dianaluna,DFFC
Diana Lynn,dianalynn,DFFC
Diana López Moyal,dianalpezmoyal,DFFC
Diana Moldovan,dianamoldovan,Celeb
Diana Morales,dianamorales,Celeb
Diana Penty,dianapenty,DFFC
Diana Rigg,dianarigg,Celeb
Diana Taurasi,dianataurasi,DFFC
Diana Vickers,dianavickers,Celeb
Diana Vishneva,dianavishneva,DFFC
Diana-Maria Riva,dianamariariva,DFFC
Diandra,diandra,DFFC
Diane Cilento,dianecilento,Celeb
Diane Dimond,dianedimond,DFFC
Diane Erpelding,dianeerpelding,DFFC
Diane Geppi-Aikens,dianegeppiaikens,DFFC
Diane Keaton,dianekeaton,Celeb
Diane Neal,dianeneal,DFFC
Diane Sawyer,dianesawyer,Celeb
Diane di Prima,dianediprima,DFFC
Diane von Fürstenberg,dianevonfrstenberg,DFFC
Diane-Louise Jordan,dianelouisejordan,DFFC
Dianna Agron,diannaagron,DFFC
Dianne Gerace,diannegerace,DFFC
Dianne Pilkington,diannepilkington,DFFC
Dianne Wiest,diannewiest,DFFC
Dianne de Leeuw,diannedeleeuw,DFFC
Diante Garrett,diantegarrett,DFFC
Dichen Lachman,dichenlachman,Celeb
Dick Advocaat,dickadvocaat,DFFC
Dick Axelsson,dickaxelsson,DFFC
Dick Brown,dickbrown,DFFC
Dick Butkus,dickbutkus,Celeb
Dick Button,dickbutton,DFFC
Dick Coster,dickcoster,DFFC
Dick Davey,dickdavey,DFFC
Dick Drott,dickdrott,DFFC
Dick Harrison,dickharrison,DFFC
Dick Hensley,dickhensley,DFFC
Dick Howser,dickhowser,DFFC
Dick Hyman,dickhyman,DFFC
Dick LeBeau,dicklebeau,DFFC
Dick Nanninga,dicknanninga,DFFC
Dick Rifenburg,dickrifenburg,DFFC
Dick Stanfel,dickstanfel,DFFC
Dicky Eklund,dickyeklund,DFFC
Didem Soydan,didemsoydan,Celeb
Didier Cohen,didiercohen,DFFC
Didier Deschamps,didierdeschamps,DFFC
Didier Dinart,didierdinart,Celeb
Didier Drogba,didierdrogba,DFFC
Didier Ya Konan,didieryakonan,DFFC
Dido,dido,Celeb
Diego Boneta,diegoboneta,DFFC
Diego Cavalieri,diegocavalieri,DFFC
Diego Child,diegochild,Celeb
Diego Cháves,diegochves,DFFC
Diego Contento,diegocontento,DFFC
Diego Della Valle,diegodellavalle,DFFC
Diego Ferrero,diegoferrero,Celeb
Diego Forlan,diegoforlan,Celeb
Diego Klattenhoff,diegoklattenhoff,DFFC
Diego Latorre,diegolatorre,DFFC
Diego Lugano,diegolugano,DFFC
Diego Luna,diegoluna,DFFC
Diego Marani,diegomarani,DFFC
Diego Milito,diegomilito,DFFC
Diego Occhiuzzi,diegoocchiuzzi,DFFC
Diego Perotti,diegoperotti,DFFC
Diego Simeone,diegosimeone,DFFC
Diego Spotorno,diegospotorno,DFFC
Diego Tristán,diegotristn,DFFC
Diego Ulissi,diegoulissi,DFFC
Dierks Bentley,dierksbentley,Celeb
Diesel,diesel,DFFC
Dieter Bohlen,dieterbohlen,Celeb
Dieter Bouvry,dieterbouvry,DFFC
Dieter Hallervorden,dieterhallervorden,DFFC
Dieter Hecking,dieterhecking,DFFC
Dieter Meier,dietermeier,DFFC
Dieter Quester,dieterquester,DFFC
Dietmar Hamann,dietmarhamann,DFFC
Dietmar Hopp,dietmarhopp,Celeb
Dietmar Kühbauer,dietmarkhbauer,DFFC
Dietrich Mateschitz,dietrichmateschitz,Celeb
Dikembe Mutombo,dikembemutombo,DFFC
Dilip Vengsarkar,dilipvengsarkar,DFFC
Dillon Casey,dilloncasey,DFFC
Dillon Day,dillonday,DFFC
Dillon Simpson,dillonsimpson,DFFC
Dima Bilan,dimabilan,Celeb
Dimal,dimal,DFFC
Dimitar Karadžovski,dimitarkaradovski,DFFC
Dimitar Kutrovsky,dimitarkutrovsky,DFFC
Dimitri Kevin Cavare,dimitrikevincavare,DFFC
Dimitri Petratos,dimitripetratos,DFFC
Dimitri Vegas &amp; Like Mike,dimitrivegasamplikemike,DFFC
Dimitrios Katsivelis,dimitrioskatsivelis,DFFC
Dimitris Diamantidis,dimitrisdiamantidis,DFFC
Dimitris Papadopoulos,dimitrispapadopoulos,DFFC
Dimitris Siovas,dimitrissiovas,DFFC
Dina Asher-Smith,dinaashersmith,DFFC
Dina Eastwood,dinaeastwood,DFFC
Dina Garipova,dinagaripova,DFFC
Dina Lohan,dinalohan,DFFC
Dina Meyer,dinameyer,Celeb
Ding Junhui,dingjunhui,DFFC
Ding Ning,dingning,DFFC
Dingdong Dantes,dingdongdantes,Celeb
Diniyar Bilyaletdinov,diniyarbilyaletdinov,DFFC
Diogo Ferreira,diogoferreira,DFFC
Diogo Gonçalves,diogogonalves,DFFC
Diogo Pinto,diogopinto,DFFC
Dion von Moltke,dionvonmoltke,DFFC
Dioni Tabbers,dionitabbers,Celeb
Diora Baird,diorabaird,DFFC
Dira Paes,dirapaes,DFFC
Dirk Bach,dirkbach,DFFC
Dirk Benedict,dirkbenedict,DFFC
Dirk Marcellis,dirkmarcellis,DFFC
Dirk Nowitzki,dirknowitzki,Celeb
Dirk Orlishausen,dirkorlishausen,DFFC
Dirk Sager,dirksager,DFFC
Disappearance of Kyron Horman,disappearanceofkyronhorman,DFFC
Disco D,discod,DFFC
Disco Inferno,discoinferno,DFFC
Dita Von Teese,ditavonteese,DFFC
Divock Origi,divockorigi,DFFC
Divya Bharti,divyabharti,Celeb
Divya Dutta,divyadutta,Celeb
Divyanka Tripathi,divyankatripathi,Celeb
Dixie Carter,dixiecarter,Celeb
Diya Mirza,diyamirza,Celeb
Dizzy Reed,dizzyreed,Celeb
Diána Póth,dinapth,DFFC
Djalma Santos,djalmasantos,DFFC
Djamel Mastouri,djamelmastouri,DFFC
Djelaludin Sharityar,djelaludinsharityar,DFFC
Djibril Cissé,djibrilciss,DFFC
Djimon Hounsou,djimonhounsou,DFFC
Djoumin Sangaré,djouminsangar,DFFC
Dmitri Chesnokov,dmitrichesnokov,DFFC
Dmitri Khromin,dmitrikhromin,DFFC
Dmitri Kombarov,dmitrikombarov,DFFC
Dmitri Matsjuk,dmitrimatsjuk,DFFC
Dmitri Sarafutdinov,dmitrisarafutdinov,DFFC
Dmitri Vadimovich Golubev,dmitrivadimovichgolubev,DFFC
Dmitrijs Trefilovs,dmitrijstrefilovs,DFFC
Dmitriy Safronov,dmitriysafronov,DFFC
Dmitry Bykov,dmitrybykov,DFFC
Dmitry Gudanov,dmitrygudanov,DFFC
Dmitry Kharatyan,dmitrykharatyan,DFFC
Dmitry Khvostov,dmitrykhvostov,DFFC
Dmitry Klokov,dmitryklokov,DFFC
Dmitry Koldun,dmitrykoldun,DFFC
Dmitry Kulagin,dmitrykulagin,DFFC
Dmitry Peskov,dmitrypeskov,DFFC
Dmitry Rybolovlev,dmitryrybolovlev,DFFC
Dmytro Boiko,dmytroboiko,DFFC
Dmytro Chygrynskiy,dmytrochygrynskiy,DFFC
Dobri Dobrev,dobridobrev,DFFC
Doc Hendley,dochendley,DFFC
Doc Shaw,docshaw,DFFC
Doc Watson,docwatson,DFFC
Dodig Ivan,dodigivan,Celeb
Dody Weston Thompson,dodywestonthompson,DFFC
Dodô,dod,DFFC
Doi Misaki,doimisaki,Celeb
Dolly Buster,dollybuster,DFFC
Dolores Fonzi,doloresfonzi,Celeb
Dolores Gray,doloresgray,DFFC
Dolores Michaels,doloresmichaels,DFFC
Dolores ORiordan,doloresoriordan,Celeb
Dolph Ziggler,dolphziggler,Celeb
Dom Capers,domcapers,DFFC
Dom DeLuise,domdeluise,DFFC
Dom Moselle,dommoselle,DFFC
Dom Tyson,domtyson,DFFC
Domagoj Duvnjak,domagojduvnjak,DFFC
Domagoj Vida,domagojvida,DFFC
Domenico Pozzovivo,domenicopozzovivo,DFFC
Domenik Hixon,domenikhixon,DFFC
Dominic Armato,dominicarmato,DFFC
Dominic Burns,dominicburns,DFFC
Dominic Cooper,dominiccooper,Celeb
Dominic Iorfa,dominiciorfa,DFFC
Dominic Monaghan,dominicmonaghan,DFFC
Dominic Poleon,dominicpoleon,DFFC
Dominic Purcell,dominicpurcell,Celeb
Dominic Smith,dominicsmith,DFFC
Dominic West,dominicwest,Celeb
Dominik Bochenek,dominikbochenek,DFFC
Dominik Fischnaller,dominikfischnaller,DFFC
Dominik Meichtry,dominikmeichtry,Celeb
Dominik Nerz,dominiknerz,DFFC
Dominika Cibulkova,dominikacibulkova,Celeb
Dominika Paleta,dominikapaleta,Celeb
Dominika Piątkowska,dominikapitkowska,DFFC
Dominika Szijartoova,dominikaszijartoova,Celeb
Dominika Červenková,dominikaervenkov,DFFC
Dominique A,dominiquea,DFFC
Dominique Arnould,dominiquearnould,DFFC
Dominique Dawes,dominiquedawes,DFFC
Dominique Desseigne,dominiquedesseigne,DFFC
Dominique Farrugia,dominiquefarrugia,DFFC
Dominique Gisin,dominiquegisin,DFFC
Dominique Moceanu,dominiquemoceanu,DFFC
Dominique Piek,dominiquepiek,Celeb
Dominique Reynié,dominiquereyni,DFFC
Dominique Rollin,dominiquerollin,DFFC
Dominique Sanda,dominiquesanda,DFFC
Dominique Searle,dominiquesearle,DFFC
Domino Harvey,dominoharvey,DFFC
Don Adams,donadams,Celeb
Don Baker,donbaker,DFFC
Don Baylor,donbaylor,DFFC
Don Bluth,donbluth,DFFC
Don Braden,donbraden,DFFC
Don Burke,donburke,DFFC
Don Cheadle,doncheadle,Celeb
Don Cooper,doncooper,DFFC
Don Dokken,dondokken,DFFC
Don Hay,donhay,DFFC
Don Heinrich,donheinrich,DFFC
Don James,donjames,DFFC
Don Knotts,donknotts,Celeb
Don Laws,donlaws,DFFC
Don Letts,donletts,DFFC
Don Mancini,donmancini,DFFC
Don Mattrick,donmattrick,DFFC
Don McCullin,donmccullin,DFFC
Don McGlashan,donmcglashan,DFFC
Don McGregor,donmcgregor,DFFC
Don McLean,donmclean,Celeb
Don McNeill,donmcneill,DFFC
Don Mueller,donmueller,DFFC
Don Nelson,donnelson,DFFC
Don Omar,donomar,Celeb
Don Perlin,donperlin,DFFC
Don Raffell,donraffell,DFFC
Don Shelby,donshelby,DFFC
Don Shula,donshula,DFFC
Don Suggs,donsuggs,DFFC
Donal Logue,donallogue,DFFC
Donald B Gillies,donaldbgillies,DFFC
Donald Dell,donalddell,DFFC
Donald Faison,donaldfaison,DFFC
Donald Glover,donaldglover,DFFC
Donald Hopkins,donaldhopkins,DFFC
Donald Jones,donaldjones,DFFC
Donald Knuth,donaldknuth,DFFC
Donald N Levine,donaldnlevine,DFFC
Donald Newhouse,donaldnewhouse,Celeb
Donald OConnor,donaldoconnor,Celeb
Donald Pleasence,donaldpleasence,DFFC
Donald Sinden,donaldsinden,Celeb
Donald Sloan,donaldsloan,DFFC
Donald Sutherland,donaldsutherland,DFFC
Donald Thomas,donaldthomas,DFFC
Donald Trump,donaldtrump,DFFC
Donald Young,donaldyoung,DFFC
Donatan,donatan,DFFC
Donatas Motiejūnas,donatasmotiejnas,DFFC
Donavon Frankenreiter,donavonfrankenreiter,Celeb
Dong Huibo,donghuibo,DFFC
Donna Air,donnaair,Celeb
Donna D'Errico,donnaderrico,DFFC
Donna De Lory,donnadelory,DFFC
Donna Douglas,donnadouglas,Celeb
Donna Feldman,donnafeldman,Celeb
Donna Haraway,donnaharaway,DFFC
Donna Jean Godchaux,donnajeangodchaux,DFFC
Donna Loren,donnaloren,Celeb
Donna Mills,donnamills,Celeb
Donna Murphy,donnamurphy,DFFC
Donna Summer,donnasummer,Celeb
Donnie Tyndall,donnietyndall,DFFC
Donnie Yen,donnieyen,Celeb
Donovan Ricketts,donovanricketts,DFFC
Donovan Strain,donovanstrain,DFFC
Dontaye Draper,dontayedraper,DFFC
Donte Moncrief,dontemoncrief,DFFC
Dora Mazzone,doramazzone,Celeb
Dora Szinetar,doraszinetar,Celeb
Dori Ghezzi,dorighezzi,DFFC
Dorian Gregory,doriangregory,DFFC
Dorian Rogozenko,dorianrogozenko,DFFC
Dorinel Munteanu,dorinelmunteanu,DFFC
Doris Day,dorisday,Celeb
Doris Schweizer,dorisschweizer,DFFC
Dorismar,dorismar,Celeb
Doro,doro,DFFC
Doron Sheffer,doronsheffer,DFFC
Dorota Rabczewska,dorotarabczewska,Celeb
Dorothea Barth Jorgensen,dorotheabarthjorgensen,Celeb
Dorothea Lasky,dorothealasky,DFFC
Dorothy Bush Koch,dorothybushkoch,DFFC
Dorothy Dandridge,dorothydandridge,Celeb
Dorothy Hamill,dorothyhamill,DFFC
Dorothy Hart,dorothyhart,Celeb
Dorothy Paul,dorothypaul,Celeb
Dorthe Skappel,dortheskappel,DFFC
Dossa Júnior,dossajnior,DFFC
Dot Jones,dotjones,Celeb
Dottie Alexander,dottiealexander,DFFC
Doug Atkins,dougatkins,DFFC
Doug Benson,dougbenson,DFFC
Doug Bresler,dougbresler,DFFC
Doug Dieken,dougdieken,DFFC
Doug Ellis,dougellis,DFFC
Doug Fieger,dougfieger,DFFC
Doug Goldsby,douggoldsby,DFFC
Doug Harvey,dougharvey,DFFC
Doug Hutchison,doughutchison,Celeb
Doug Imbruce,dougimbruce,DFFC
Doug Jarrett,dougjarrett,DFFC
Doug Jones,dougjones,DFFC
Doug Legursky,douglegursky,DFFC
Doug MacLean,dougmaclean,DFFC
Doug Martin,dougmartin,DFFC
Doug Reinhardt,dougreinhardt,Celeb
Doug Savant,dougsavant,Celeb
Dougie Poynter,dougiepoynter,Celeb
Douglas A Zembiec,douglasazembiec,DFFC
Douglas Booth,douglasbooth,Celeb
Douglas Brinkley,douglasbrinkley,DFFC
"Douglas Fairbanks, Jr",douglasfairbanksjr,DFFC
Douglas Flint,douglasflint,DFFC
Douglas Hofstadter,douglashofstadter,DFFC
Douglas Murray,douglasmurray,DFFC
Douglas Smith,douglassmith,Celeb
Douglas Youvan,douglasyouvan,DFFC
Dougray Scott,dougrayscott,DFFC
Doukissa Nomikou,doukissanomikou,Celeb
Doutzen Kroes,doutzenkroes,DFFC
Dovima,dovima,DFFC
Doyle Bramhall II,doylebramhallii,DFFC
Doyle Dykes,doyledykes,DFFC
Dr Drew Pinsky,drdrewpinsky,Celeb
Draco Rosa,dracorosa,Celeb
Draft:Donald Alfred Rees,draftdonaldalfredrees,DFFC
Draft:Pradeep Kashyap,draftpradeepkashyap,DFFC
Draft:Randi Lesnick,draftrandilesnick,DFFC
Dragan Milosavljević,draganmilosavljevi,DFFC
Dragoslav Stepanović,dragoslavstepanovi,DFFC
Drake Bell,drakebell,Celeb
Drashti Dhami,drashtidhami,Celeb
"Drayton McLane, Jr",draytonmclanejr,DFFC
Drea de Matteo,dreadematteo,DFFC
Dreama Walker,dreamawalker,DFFC
Dree Hemingway,dreehemingway,DFFC
Drena De Niro,drenadeniro,DFFC
Drew Barrymore,drewbarrymore,DFFC
Drew Brees,drewbrees,Celeb
Drew Carey,drewcarey,Celeb
Drew Fuller,drewfuller,Celeb
Drew Galloway,drewgalloway,DFFC
Drew Gilpin Faust,drewgilpinfaust,Celeb
Drew Gooden,drewgooden,DFFC
Drew Gulak,drewgulak,DFFC
Drew Hankinson,drewhankinson,DFFC
Drew Houston,drewhouston,DFFC
Drew Karpyshyn,drewkarpyshyn,DFFC
Drew Lachey,drewlachey,Celeb
Drew Moor,drewmoor,DFFC
Drew Rosenhaus,drewrosenhaus,DFFC
Drew Seeley,drewseeley,Celeb
Drew Sidora,drewsidora,Celeb
Drew Stanton,drewstanton,DFFC
Drew Sutton,drewsutton,DFFC
Drew Weatherford,drewweatherford,DFFC
Dries Mertens,driesmertens,DFFC
Drisan James,drisanjames,DFFC
Dror Bar-Natan,drorbarnatan,DFFC
Dror Zahavi,drorzahavi,DFFC
Duane Brown,duanebrown,DFFC
Duane Chapman,duanechapman,DFFC
Duane Eddy,duaneeddy,DFFC
Duane Josephson,duanejosephson,DFFC
Duane Ludwig,duaneludwig,DFFC
Duane Rupp,duanerupp,DFFC
Duane Solomon,duanesolomon,DFFC
Dub Jones,dubjones,DFFC
Dudley Moore,dudleymoore,Celeb
Dudu Aouate,duduaouate,DFFC
Duff McKagan,duffmckagan,Celeb
Duje Ćaleta-Car,dujealetacar,DFFC
Duke Droese,dukedroese,DFFC
Duke Iversen,dukeiversen,DFFC
Dulce María,dulcemara,DFFC
Dulé Hill,dulhill,DFFC
Dumitru Prunariu,dumitruprunariu,DFFC
Duncan Campbell,duncancampbell,DFFC
Duncan David Elias,duncandavidelias,DFFC
Duncan Ferguson,duncanferguson,DFFC
Duncan J Watts,duncanjwatts,DFFC
Duncan James,duncanjames,Celeb
Duncan Jones,duncanjones,DFFC
Duncan Keith,duncankeith,DFFC
Duncan Lamont,duncanlamont,DFFC
Dusa McDuff,dusamcduff,DFFC
Dustin Byfuglien,dustinbyfuglien,DFFC
Dustin Lanker,dustinlanker,DFFC
Dustin Lynch,dustinlynch,DFFC
Dustin Milligan,dustinmilligan,Celeb
Dusty Springfield,dustyspringfield,DFFC
Dutch Mantel,dutchmantel,DFFC
Duván Zapata,duvnzapata,DFFC
Dušan Anđelković,duananelkovi,DFFC
Dušan Ivković,duanivkovi,DFFC
Dušan Repovš,duanrepov,DFFC
Dušan Ristić,duanristi,DFFC
Dušan Đorđević,duanorevi,DFFC
Duško Bunić,dukobuni,DFFC
Duško Pavasovič,dukopavasovi,DFFC
Duško Savanović,dukosavanovi,DFFC
Duško Tošić,dukotoi,DFFC
Duško Vujošević,dukovujoevi,DFFC
Dwayne Bowe,dwaynebowe,DFFC
Dwayne Murphy,dwaynemurphy,DFFC
Dweezil Zappa,dweezilzappa,DFFC
Dwight Howard,dwighthoward,DFFC
Dwight Schultz,dwightschultz,DFFC
Dwyane Wade,dwyanewade,DFFC
Dyan Cannon,dyancannon,Celeb
Dylan Baker,dylanbaker,Celeb
Dylan Everett,dylaneverett,Celeb
Dylan Larkin,dylanlarkin,DFFC
Dylan Macallister,dylanmacallister,DFFC
Dylan McDermott,dylanmcdermott,DFFC
Dylan Moran,dylanmoran,DFFC
Dylan Moscovitch,dylanmoscovitch,DFFC
Dylan Neal,dylanneal,Celeb
Dylan O'Brien,dylanobrien,DFFC
Dylan Sprouse,dylansprouse,Celeb
Dylan Teuns,dylanteuns,DFFC
Dylan Walsh,dylanwalsh,Celeb
Dylan and Cole Sprouse,dylanandcolesprouse,DFFC
Dávid Gróf,dvidgrf,DFFC
Dáša Vokatá,davokat,DFFC
Dídac Vilà,ddacvil,DFFC
Dóra Stefánsdóttir,drastefnsdttir,DFFC
Dóra Zeller,drazeller,DFFC
E Ethelbert Miller,eethelbertmiller,DFFC
E Hoffmann Price,ehoffmannprice,DFFC
E Neville Isdell,enevilleisdell,DFFC
E-40,e40,Celeb
EC Duggins,ecduggins,DFFC
EL James,eljames,DFFC
ER Minchew,erminchew,DFFC
Eamon Sullivan,eamonsullivan,Celeb
Eamonn Walker,eamonnwalker,Celeb
Earl Falconer,earlfalconer,DFFC
Earl King,earlking,DFFC
Earl McCullouch,earlmccullouch,DFFC
Earl Mindell,earlmindell,DFFC
Earl Murray,earlmurray,DFFC
Earl Watson,earlwatson,DFFC
Earl Weaver,earlweaver,DFFC
Earle Edwards,earleedwards,DFFC
Eartha Kitt,earthakitt,Celeb
Earvin Magic Johnson,earvinmagicjohnson,Celeb
Eazy-E,eazye,DFFC
Eben Britton,ebenbritton,DFFC
Ebrahim Sadeghi,ebrahimsadeghi,DFFC
Ebru Polat,ebrupolat,Celeb
Ece Türkoğlu,ecetrkolu,DFFC
Ed Asafu-Adjaye,edasafuadjaye,DFFC
Ed Ball,edball,DFFC
Ed Boon,edboon,DFFC
Ed Brubaker,edbrubaker,DFFC
Ed Clancy,edclancy,DFFC
Ed Correa,edcorrea,DFFC
Ed Dickson,eddickson,DFFC
Ed Droste,eddroste,DFFC
Ed Grothus,edgrothus,DFFC
Ed Hamilton,edhamilton,DFFC
Ed Harris,edharris,Celeb
Ed Helms,edhelms,DFFC
Ed Hickox,edhickox,DFFC
Ed Husain,edhusain,DFFC
Ed Mckeever,edmckeever,Celeb
Ed Mirvish,edmirvish,DFFC
Ed O'Bannon,edobannon,DFFC
Ed O'Brien,edobrien,DFFC
Ed ONeill,edoneill,Celeb
Ed Petrie,edpetrie,DFFC
Ed Quinn,edquinn,DFFC
Ed Quirk,edquirk,DFFC
Ed Robertson,edrobertson,DFFC
Ed Sedar,edsedar,DFFC
Ed Speleers,edspeleers,DFFC
Ed Starink,edstarink,DFFC
Ed Taʻamu,edtaamu,DFFC
Ed Wynne,edwynne,DFFC
Edd Byrnes,eddbyrnes,Celeb
Edd China,eddchina,DFFC
Edda Garðarsdóttir,eddagararsdttir,DFFC
Eddie Bayers,eddiebayers,DFFC
Eddie Bo,eddiebo,DFFC
Eddie Cahill,eddiecahill,Celeb
Eddie Cheever,eddiecheever,DFFC
Eddie Cibrian,eddiecibrian,Celeb
Eddie Fisher,eddiefisher,Celeb
Eddie Griffin,eddiegriffin,DFFC
Eddie Gómez,eddiegmez,DFFC
Eddie Hill,eddiehill,DFFC
Eddie Howe,eddiehowe,DFFC
Eddie Izzard,eddieizzard,DFFC
Eddie Johnson,eddiejohnson,DFFC
Eddie Kingston,eddiekingston,DFFC
Eddie Kirkland,eddiekirkland,DFFC
Eddie Lacy,eddielacy,DFFC
Eddie Layton,eddielayton,DFFC
Eddie Marsan,eddiemarsan,Celeb
Eddie McClintock,eddiemcclintock,Celeb
Eddie Mekka,eddiemekka,DFFC
Eddie Money,eddiemoney,DFFC
Eddie Murphy,eddiemurphy,DFFC
Eddie Murray,eddiemurray,DFFC
Eddie Odhiambo,eddieodhiambo,DFFC
Eddie Price,eddieprice,DFFC
Eddie Pérez,eddieprez,DFFC
Eddie Redmayne,eddieredmayne,Celeb
Eddie Royal,eddieroyal,DFFC
Eddie Vedder,eddievedder,DFFC
Eddy Arnold,eddyarnold,Celeb
Eddy Clearwater,eddyclearwater,DFFC
Eddy Curry,eddycurry,DFFC
Edele Lynch,edelelynch,DFFC
Eden Stiles,edenstiles,DFFC
Edgar Heap of Birds,edgarheapofbirds,DFFC
Edgar Schmued,edgarschmued,DFFC
Edgar de Evia,edgardeevia,DFFC
Edgardo Alfonzo,edgardoalfonzo,DFFC
Edge,edge,DFFC
Edi Gathegi,edigathegi,DFFC
Edie Adams,edieadams,Celeb
Edie Brickell,ediebrickell,DFFC
Edin Džeko,edindeko,DFFC
Edina Gallovits-Hall,edinagallovitshall,DFFC
Edinson Cavani,edinsoncavani,DFFC
Edit Miklós,editmikls,DFFC
Edita Abdieski,editaabdieski,DFFC
Edita Vilkeviciute,editavilkeviciute,Celeb
Edith Evans Asbury,edithevansasbury,DFFC
Edith Gonzalez,edithgonzalez,Celeb
Edith Massey,edithmassey,DFFC
Edith McGuire,edithmcguire,DFFC
Edith de Leeuw,edithdeleeuw,DFFC
Edmar Halovskyi de Lacerda,edmarhalovskyidelacerda,DFFC
Edmond Baudoin,edmondbaudoin,DFFC
Edmond Bezik,edmondbezik,DFFC
Edmond Kapllani,edmondkapllani,DFFC
Edmund Hlawka,edmundhlawka,DFFC
Edmundo Paz Soldán,edmundopazsoldn,DFFC
Edo de Waart,edodewaart,DFFC
Edouard Borovansky,edouardborovansky,DFFC
Edsel Ford Fong,edselfordfong,DFFC
Edu Bedia,edubedia,DFFC
Eduar Villanueva,eduarvillanueva,DFFC
Eduard Khil,eduardkhil,DFFC
Eduard Limonov,eduardlimonov,DFFC
Eduard Sobol,eduardsobol,DFFC
Eduardas Rozentalis,eduardasrozentalis,DFFC
Eduardo Galeano,eduardogaleano,DFFC
Eduardo Guerrero,eduardoguerrero,DFFC
Eduardo Malásquez,eduardomalsquez,DFFC
Eduardo Montes-Bradley,eduardomontesbradley,DFFC
Eduardo Noriega,eduardonoriega,Celeb
Eduardo Orozco,eduardoorozco,Celeb
Eduardo Ratinho,eduardoratinho,DFFC
Eduardo Romero,eduardoromero,DFFC
Eduardo Schwank,eduardoschwank,Celeb
Eduardo Vargas,eduardovargas,DFFC
Eduardo Verastegui,eduardoverastegui,Celeb
Eduardo Xol,eduardoxol,DFFC
Eduardo Yanez,eduardoyanez,Celeb
Eduardo da Silva,eduardodasilva,DFFC
Edvald Boasson Hagen,edvaldboassonhagen,DFFC
Edvard Moser,edvardmoser,DFFC
Edvin Adolphson,edvinadolphson,DFFC
Edvin Ozolin,edvinozolin,DFFC
Edward Asner,edwardasner,Celeb
Edward Burns,edwardburns,DFFC
Edward C Stone,edwardcstone,DFFC
Edward Etzel,edwardetzel,DFFC
Edward Hibbert,edwardhibbert,DFFC
Edward Kitsis,edwardkitsis,DFFC
Edward Langille,edwardlangille,DFFC
Edward Norton,edwardnorton,DFFC
Edward S Michael,edwardsmichael,DFFC
Edward Tufte,edwardtufte,DFFC
Edward Van Halen,edwardvanhalen,Celeb
Edward Witten,edwardwitten,DFFC
Edwige Fenech,edwigefenech,Celeb
"Edwin Bramall, Baron Bramall",edwinbramallbaronbramall,DFFC
Edwin Cardona,edwincardona,DFFC
Edwin Moses,edwinmoses,DFFC
Edwin Neal,edwinneal,DFFC
Edyta Gorniak,edytagorniak,Celeb
Edyta Śliwińska,edytaliwiska,DFFC
Edzard Reuter,edzardreuter,DFFC
Eero Haapala,eerohaapala,DFFC
Efraim Zuroff,efraimzuroff,DFFC
Efren Ramirez,efrenramirez,DFFC
Egemen Korkmaz,egemenkorkmaz,DFFC
Egidio Arévalo,egidioarvalo,DFFC
Eglė Balčiūnaitė,eglbalinait,DFFC
Ego Ferguson,egoferguson,DFFC
Egoi Martínez,egoimartnez,DFFC
Egor Filipenko,egorfilipenko,DFFC
Egor Zakroev,egorzakroev,DFFC
Ehsan Hajsafi,ehsanhajsafi,DFFC
Ehud Kalai,ehudkalai,DFFC
Ehud Olmert,ehudolmert,Celeb
Ehíré Adríanza,ehradranza,DFFC
Eijaz Khan,eijazkhan,Celeb
Eiji Aonuma,eijiaonuma,DFFC
Eike Batista,eikebatista,DFFC
Eileen Brennan,eileenbrennan,DFFC
Eileen Davidson,eileendavidson,DFFC
Eileen Heckart,eileenheckart,DFFC
Eileen Roe,eileenroe,DFFC
Eilen Jewell,eilenjewell,DFFC
Eilidh Child,eilidhchild,DFFC
Einar Økland,einarkland,DFFC
Eion Bailey,eionbailey,DFFC
Eirian Smith,eiriansmith,DFFC
Eivind Henriksen,eivindhenriksen,DFFC
Eiza Gonzalez,eizagonzalez,Celeb
Ekaterina Gordeeva,ekaterinagordeeva,DFFC
Ekaterina Guseva,ekaterinaguseva,Celeb
Ekaterina Kovalevskaya,ekaterinakovalevskaya,DFFC
Ekaterina Mikhailova-Demina,ekaterinamikhailovademina,DFFC
Ekaterina Poistogova,ekaterinapoistogova,DFFC
Ekaterina Riazanova,ekaterinariazanova,DFFC
Ekaterina Rubleva,ekaterinarubleva,DFFC
Ekaterina Sheremetieva,ekaterinasheremetieva,DFFC
Ekaterina Vilkova,ekaterinavilkova,Celeb
El Amin Chentouf,elaminchentouf,DFFC
El Fisgón,elfisgn,DFFC
El Hijo de Rey Misterio,elhijodereymisterio,DFFC
ElRay L Christiansen,elraylchristiansen,DFFC
Ela Bhatt,elabhatt,DFFC
Elaine Cassidy,elainecassidy,Celeb
Elaine Estrela Moura,elaineestrelamoura,DFFC
Elaine Irwin,elaineirwin,Celeb
Elaine Joyce,elainejoyce,Celeb
Elaine Stewart,elainestewart,Celeb
Elaine Stritch,elainestritch,DFFC
Elan Lee,elanlee,DFFC
Elazar Stern,elazarstern,DFFC
Eldar Gasimov,eldargasimov,DFFC
Eleanor Calder,eleanorcalder,Celeb
Eleanor Mondale,eleanormondale,DFFC
Eleanor Parker,eleanorparker,Celeb
Eleanor Sanger,eleanorsanger,DFFC
Eleftheria Eleftheriou,eleftheriaeleftheriou,DFFC
Elen Rives,elenrives,Celeb
Elena Baltacha,elenabaltacha,Celeb
Elena Belova,elenabelova,DFFC
Elena Brejniva,elenabrejniva,DFFC
Elena Congost Mohedano,elenacongostmohedano,DFFC
Elena Efaieva,elenaefaieva,DFFC
Elena Fatalibekova,elenafatalibekova,DFFC
Elena Ionescu,elenaionescu,DFFC
Elena Leeve,elenaleeve,DFFC
Elena Liashenko,elenaliashenko,DFFC
Elena Maximova,elenamaximova,Celeb
Elena Oznobkina,elenaoznobkina,DFFC
Elena Pautova,elenapautova,DFFC
Elena Poniatowska,elenaponiatowska,DFFC
Elena Proklova,elenaproklova,Celeb
Elena Radionova,elenaradionova,DFFC
Elena Santarelli,elenasantarelli,Celeb
Elena Sedina,elenasedina,DFFC
Elena Sofia Ricci,elenasofiaricci,DFFC
Elena Tablada,elenatablada,Celeb
Elena Tchaikovskaia,elenatchaikovskaia,DFFC
Elene Gedevanishvili,elenegedevanishvili,DFFC
Eleonora Pedron,eleonorapedron,DFFC
Eleonora Romanova,eleonoraromanova,DFFC
Eleonora Wexler,eleonorawexler,Celeb
Eleonore Weisgerber,eleonoreweisgerber,DFFC
Elettra Wiedemann,elettrawiedemann,Celeb
Elfyn Evans,elfynevans,DFFC
Elhaida Dani,elhaidadani,DFFC
Eli Dasa,elidasa,DFFC
Eli Manning,elimanning,DFFC
Eli Marom,elimarom,DFFC
Eli Pariser,elipariser,DFFC
Eli Roth,eliroth,Celeb
Eliana,eliana,Celeb
Eliaquim Mangala,eliaquimmangala,DFFC
Elias Harris,eliasharris,DFFC
Elias Koteas,eliaskoteas,Celeb
Eliezer Yudkowsky,eliezeryudkowsky,DFFC
Elijah Allman,elijahallman,Celeb
Elijah Kelley,elijahkelley,DFFC
Elijah Wood,elijahwood,DFFC
Elin Bergman,elinbergman,DFFC
Elina Ivanova,elinaivanova,Celeb
Elina Kantza,elinakantza,Celeb
Elina Knihtilä,elinaknihtil,DFFC
Elina Svitolina,elinasvitolina,DFFC
Eline Berings,elineberings,DFFC
Elinor Barker,elinorbarker,DFFC
Elis Paprika,elispaprika,DFFC
Elisa,elisa,DFFC
Elisa Bridges,elisabridges,DFFC
Elisa Di Francisca,elisadifrancisca,Celeb
Elisa Lindström,elisalindstrm,DFFC
Elisa Sednaoui,elisasednaoui,Celeb
Elisabeth Eberl,elisabetheberl,DFFC
Elisabeth Harnois,elisabethharnois,Celeb
Elisabeth Moss,elisabethmoss,DFFC
Elisabeth Osl,elisabethosl,DFFC
Elisabeth Reyes,elisabethreyes,Celeb
Elisabeth Rohm,elisabethrohm,Celeb
Elisabeth Shue,elisabethshue,DFFC
Elisabeth Sladen,elisabethsladen,DFFC
Elisabeth Van Tergouw,elisabethvantergouw,Celeb
Elisabetta Canalis,elisabettacanalis,Celeb
Elisabetta Gregoraci,elisabettagregoraci,Celeb
Elisandra Tomacheski,elisandratomacheski,Celeb
Elise Crombez,elisecrombez,Celeb
Elise Kellond-Knight,elisekellondknight,DFFC
Elise Mertens,elisemertens,DFFC
Eliseo Medina,eliseomedina,DFFC
Elitsa Kostova,elitsakostova,DFFC
Eliza Bennett,elizabennett,DFFC
Eliza Dushku,elizadushku,DFFC
Eliza Taylor,elizataylor,DFFC
Elizabeta Burg,elizabetaburg,Celeb
Elizabeth Bear,elizabethbear,DFFC
Elizabeth Blackburn,elizabethblackburn,DFFC
Elizabeth Carolan,elizabethcarolan,Celeb
Elizabeth Daily,elizabethdaily,Celeb
Elizabeth Edwards,elizabethedwards,DFFC
Elizabeth Emken,elizabethemken,DFFC
Elizabeth Gillies,elizabethgillies,DFFC
Elizabeth Gutierrez,elizabethgutierrez,Celeb
Elizabeth Henstridge,elizabethhenstridge,DFFC
Elizabeth Hurley,elizabethhurley,DFFC
Elizabeth J Feinler,elizabethjfeinler,DFFC
Elizabeth Jagger,elizabethjagger,Celeb
Elizabeth Manley,elizabethmanley,DFFC
Elizabeth Marie Pope,elizabethmariepope,DFFC
Elizabeth McGovern,elizabethmcgovern,Celeb
Elizabeth Miklosi,elizabethmiklosi,DFFC
Elizabeth Mitchell,elizabethmitchell,Celeb
Elizabeth Olsen,elizabetholsen,DFFC
Elizabeth Perkins,elizabethperkins,Celeb
Elizabeth Rodriguez,elizabethrodriguez,DFFC
Elizabeth Smart,elizabethsmart,DFFC
Elizabeth Wurtzel,elizabethwurtzel,DFFC
Elizabeth alvarez,elizabethalvarez,Celeb
Elizaveta Golovanova,elizavetagolovanova,DFFC
Elizaveta Tuktamysheva,elizavetatuktamysheva,DFFC
Elize du Toit,elizedutoit,Celeb
Eliška Klučinová,elikakluinov,DFFC
Elke Gebhardt,elkegebhardt,DFFC
Elke Sommer,elkesommer,Celeb
Ella Eyre,ellaeyre,DFFC
Ella Gjømle Berg,ellagjmleberg,DFFC
Ella Henderson,ellahenderson,DFFC
Ella Hooper,ellahooper,DFFC
Ella Raines,ellaraines,Celeb
Elladj Baldé,elladjbald,DFFC
Ellar Coltrane,ellarcoltrane,DFFC
Elle Liberachi,elleliberachi,Celeb
Elle Macpherson,ellemacpherson,Celeb
Ellen Adarna,ellenadarna,Celeb
Ellen Andrea Wang,ellenandreawang,DFFC
Ellen Burka,ellenburka,DFFC
Ellen Burstyn,ellenburstyn,DFFC
Ellen Corby,ellencorby,Celeb
Ellen DeGneres,ellendegneres,Celeb
Ellen Johnson Sirleaf,ellenjohnsonsirleaf,Celeb
Ellen Malcolm,ellenmalcolm,DFFC
Ellen Page,ellenpage,DFFC
Ellen Pompeo,ellenpompeo,DFFC
Ellen Von Unwerth,ellenvonunwerth,Celeb
Ellery Schempp,elleryschempp,DFFC
Ellery Williams,ellerywilliams,DFFC
Elli Ochowicz,elliochowicz,DFFC
Ellie Brush,elliebrush,DFFC
Ellie Cole,elliecole,DFFC
Ellie Goulding,elliegoulding,Celeb
Ellie Kemper,elliekemper,Celeb
Ellie Simmonds,elliesimmonds,DFFC
Elliot Lee,elliotlee,DFFC
Elliott Gould,elliottgould,Celeb
Elliott Sadler,elliottsadler,DFFC
Elliott Smith,elliottsmith,DFFC
Elliott Tittensor,elliotttittensor,Celeb
Elliott Yamin,elliottyamin,DFFC
"Ellis Marsalis, Jr",ellismarsalisjr,DFFC
Elmer Burnham,elmerburnham,DFFC
Elmo Shropshire,elmoshropshire,DFFC
Elmore Leonard,elmoreleonard,DFFC
Eloise Mumford,eloisemumford,DFFC
Elon Musk,elonmusk,Celeb
Eloy Teruel,eloyteruel,DFFC
Eloyse Lesueur,eloyselesueur,Celeb
Elrod Hendricks,elrodhendricks,DFFC
Elsa Benitez,elsabenitez,Celeb
Elsa García,elsagarca,DFFC
Elsa Martinelli,elsamartinelli,Celeb
Elsa Pataky,elsapataky,Celeb
Elsa Pinilla,elsapinilla,Celeb
Elsa Zylberstein,elsazylberstein,DFFC
Elseid Hysaj,elseidhysaj,DFFC
Elspeth Hanson,elspethhanson,DFFC
Eltaj Safarli,eltajsafarli,DFFC
Elton Brown,eltonbrown,DFFC
Eluvathingal Devassy Jemmis,eluvathingaldevassyjemmis,DFFC
Elvana Gjata,elvanagjata,Celeb
Elvin Bishop,elvinbishop,DFFC
Elvio van Overbeek,elviovanoverbeek,DFFC
Elvir Laković Laka,elvirlakovilaka,DFFC
Elvis Blue,elvisblue,DFFC
Elvis Dumervil,elvisdumervil,DFFC
Elvis Duran,elvisduran,DFFC
Elvis Mitchell,elvismitchell,DFFC
Elvīra Ozoliņa,elvraozolia,DFFC
Elwyn Brook-Jones,elwynbrookjones,DFFC
Elyas MBarek,elyasmbarek,Celeb
Elyse Levesque,elyselevesque,DFFC
Elyse Sewell,elysesewell,Celeb
Elyse Taylor,elysetaylor,Celeb
Elías Sosa,elassosa,DFFC
Elżbieta Kowalska,elbietakowalska,DFFC
Emad Ayasrah,emadayasrah,DFFC
Emade,emade,DFFC
Emancipator,emancipator,DFFC
Emanuel Biancucchi,emanuelbiancucchi,DFFC
Emanuel Cook,emanuelcook,DFFC
Emanuel Mayers,emanuelmayers,DFFC
Emanuel Silva,emanuelsilva,DFFC
Emanuela de Paula,emanueladepaula,DFFC
Emanuele Calchetti,emanuelecalchetti,DFFC
Emel Mathlouthi,emelmathlouthi,DFFC
Emerich Jenei,emerichjenei,DFFC
Emerson Ferreira da Rosa,emersonferreiradarosa,DFFC
Emi Sakura,emisakura,DFFC
Emi Yamamoto,emiyamamoto,Celeb
Emil Hallfreðsson,emilhallfresson,DFFC
Emile Hirsch,emilehirsch,Celeb
Emilia Attias,emiliaattias,Celeb
Emilia Clarke,emiliaclarke,DFFC
Emilia Fox,emiliafox,Celeb
Emilia Schüle,emiliaschle,DFFC
Emiliano Brembilla,emilianobrembilla,DFFC
Emilie Autumn,emilieautumn,DFFC
Emilie Gomis,emiliegomis,Celeb
Emilie de Ravin,emiliederavin,Celeb
Emilie-Claire Barlow,emilieclairebarlow,DFFC
Emilija Kokić,emilijakoki,DFFC
Emilinha Borba,emilinhaborba,DFFC
Emilio Estevez,emilioestevez,Celeb
Emilio Izaguirre,emilioizaguirre,DFFC
Emilio Muñoz,emiliomuoz,DFFC
Emilio Sánchez,emiliosnchez,DFFC
Emily Atack,emilyatack,Celeb
Emily Barclay,emilybarclay,DFFC
Emily Bazelon,emilybazelon,DFFC
Emily Browning,emilybrowning,Celeb
Emily Deschanel,emilydeschanel,Celeb
Emily Didonato,emilydidonato,Celeb
Emily Fanning,emilyfanning,DFFC
Emily Gielnik,emilygielnik,DFFC
Emily Gould,emilygould,DFFC
Emily Hughes,emilyhughes,DFFC
Emily Kinney,emilykinney,DFFC
Emily Maguire,emilymaguire,DFFC
Emily Maitlis,emilymaitlis,DFFC
Emily Maynard,emilymaynard,Celeb
Emily Osment,emilyosment,DFFC
Emily Procter,emilyprocter,Celeb
Emily Ratajkowski,emilyratajkowski,Celeb
Emily Rose,emilyrose,Celeb
Emily Scott,emilyscott,DFFC
Emily VanCamp,emilyvancamp,DFFC
Emily Watson,emilywatson,DFFC
Emily van Egmond,emilyvanegmond,DFFC
Emin Makhmudov,eminmakhmudov,DFFC
Emina Cunmulaj,eminacunmulaj,Celeb
Emine Demir,eminedemir,DFFC
Emir Bekrić,emirbekri,DFFC
Emma Anderson,emmaanderson,DFFC
Emma Andijewska,emmaandijewska,DFFC
Emma Bell,emmabell,DFFC
Emma Birdsall,emmabirdsall,DFFC
Emma Blocksage,emmablocksage,Celeb
Emma Booth,emmabooth,Celeb
Emma Bull,emmabull,DFFC
Emma Bunton,emmabunton,DFFC
Emma Caulfield,emmacaulfield,Celeb
Emma Ferreira,emmaferreira,DFFC
Emma Green,emmagreen,DFFC
Emma Guo,emmaguo,DFFC
Emma Helistén,emmahelistn,DFFC
Emma Heming,emmaheming,Celeb
Emma Higgins,emmahiggins,DFFC
Emma Knyckare,emmaknyckare,DFFC
Emma Penella,emmapenella,DFFC
Emma Ray McKay,emmaraymckay,DFFC
Emma Rigby,emmarigby,Celeb
Emma Roca Rodríguez,emmarocarodrguez,DFFC
Emma Snowsill,emmasnowsill,DFFC
Emma Stone,emmastone,DFFC
Emma Thomson,emmathomson,Celeb
Emma Willis,emmawillis,Celeb
Emma de Caunes,emmadecaunes,Celeb
Emmalyn Estrada,emmalynestrada,DFFC
Emmanuel Adebayor,emmanueladebayor,DFFC
Emmanuel Agwoje,emmanuelagwoje,DFFC
Emmanuel Bourgaud,emmanuelbourgaud,DFFC
Emmanuel Dungia,emmanueldungia,DFFC
Emmanuel Emenike,emmanuelemenike,DFFC
Emmanuel Goffi,emmanuelgoffi,DFFC
Emmanuel Kipchirchir Mutai,emmanuelkipchirchirmutai,DFFC
Emmanuel Magnien,emmanuelmagnien,DFFC
Emmanuel Moody,emmanuelmoody,DFFC
Emmanuel Mudiay,emmanuelmudiay,DFFC
Emmanuel Sanders,emmanuelsanders,DFFC
Emmanuelle Béart,emmanuellebart,DFFC
Emmanuelle Devos,emmanuelledevos,DFFC
Emmanuelle Seigner,emmanuelleseigner,Celeb
Emmi Silvennoinen,emmisilvennoinen,DFFC
Emmitt Smith,emmittsmith,DFFC
Emmy Kaiser,emmykaiser,DFFC
Emmy Rossum,emmyrossum,DFFC
Emmylou Harris,emmylouharris,Celeb
Emory Douglas,emorydouglas,DFFC
Empress Michiko,empressmichiko,DFFC
Emraan Hashmi,emraanhashmi,DFFC
Emrah Başsan,emrahbasan,DFFC
Emre Can,emrecan,DFFC
Emre Çolak,emreolak,DFFC
Enchong Dee,enchongdee,DFFC
Endang Turmudi,endangturmudi,DFFC
Endre Süli,endresli,DFFC
Engin Altan Duzyatan,enginaltanduzyatan,Celeb
Engin Bekdemir,enginbekdemir,DFFC
Eniko Mihalik,enikomihalik,Celeb
Ennio Morricone,enniomorricone,DFFC
Enrico Battaglin,enricobattaglin,DFFC
Enrico Berrè,enricoberr,DFFC
Enrico Colantoni,enricocolantoni,DFFC
Enrico Macias,enricomacias,DFFC
Enrico Nadai,enriconadai,Celeb
Enrico Toccacelo,enricotoccacelo,DFFC
Enrique Anderson Imbert,enriqueandersonimbert,DFFC
Enrique Bunbury,enriquebunbury,Celeb
Enrique Gil,enriquegil,Celeb
Enrique Morente,enriquemorente,DFFC
Enya,enya,DFFC
Enzo Martins Peri,enzomartinsperi,DFFC
Eoin Macken,eoinmacken,DFFC
Eoin Morgan,eoinmorgan,DFFC
Ephraim Kishon,ephraimkishon,DFFC
Epico,epico,DFFC
Epiphanny Prince,epiphannyprince,DFFC
Erakovic Marina,erakovicmarina,Celeb
Eran Raven,eranraven,DFFC
Eray Ataseven,erayataseven,DFFC
Erazm Ciołek,erazmcioek,DFFC
Erben Wennemars,erbenwennemars,DFFC
Erdal Akdarı,erdalakdar,DFFC
Ergin Ataman,erginataman,DFFC
Eriberto Leão,eribertoleo,DFFC
Eric Adjetey Anang,ericadjeteyanang,DFFC
Eric Alva,ericalva,DFFC
Eric Avery,ericavery,DFFC
Eric Balfour,ericbalfour,DFFC
Eric Basaldua,ericbasaldua,DFFC
Eric Bell,ericbell,DFFC
Eric Bertrand Bailly,ericbertrandbailly,DFFC
Eric Bickerton,ericbickerton,DFFC
Eric Bischoff,ericbischoff,DFFC
Eric Braeden,ericbraeden,Celeb
Eric Camerota,ericcamerota,DFFC
Eric Christmas,ericchristmas,DFFC
Eric Church,ericchurch,DFFC
Eric Close,ericclose,DFFC
Eric Cooper,ericcooper,DFFC
Eric Dane,ericdane,Celeb
Eric Decker,ericdecker,DFFC
Eric Duncan,ericduncan,DFFC
Eric Ebron,ericebron,DFFC
Eric Fischl,ericfischl,DFFC
Eric Fisher,ericfisher,DFFC
Eric Foner,ericfoner,DFFC
Eric Froehlich,ericfroehlich,DFFC
Eric Gans,ericgans,DFFC
Eric Gerets,ericgerets,DFFC
Eric Gillis,ericgillis,DFFC
Eric Hansen,erichansen,DFFC
Eric Harland,ericharland,DFFC
Eric Hipple,erichipple,DFFC
Eric Hurley,erichurley,DFFC
Eric Hänni,erichnni,DFFC
Eric Jerome Dickey,ericjeromedickey,DFFC
Eric Keenleyside,erickeenleyside,DFFC
Eric Khoo,erickhoo,DFFC
Eric Koch,erickoch,DFFC
Eric Kretz,erickretz,DFFC
Eric Ladin,ericladin,Celeb
Eric Lander,ericlander,DFFC
Eric Lau,ericlau,DFFC
Eric Lynch,ericlynch,DFFC
Eric M Rogers,ericmrogers,DFFC
Eric Mabius,ericmabius,DFFC
Eric Maxim Choupo-Moting,ericmaximchoupomoting,DFFC
Eric McClure,ericmcclure,DFFC
Eric McCormack,ericmccormack,DFFC
Eric Meyer,ericmeyer,DFFC
Eric Olsen,ericolsen,DFFC
Eric Pierpoint,ericpierpoint,DFFC
Eric Pérez,ericprez,DFFC
Eric Roberts,ericroberts,DFFC
Eric Saade,ericsaade,DFFC
Eric Salzman,ericsalzman,DFFC
Eric Schmidt,ericschmidt,DFFC
Eric Scott,ericscott,DFFC
Eric Sheppard,ericsheppard,DFFC
Eric Singer,ericsinger,Celeb
Eric Stoltz,ericstoltz,Celeb
Eric Tangradi,erictangradi,DFFC
Eric Tsang,erictsang,DFFC
Eric Vail,ericvail,DFFC
Eric Weddle,ericweddle,DFFC
Eric Weinrich,ericweinrich,DFFC
Eric Winston,ericwinston,DFFC
Eric Winter,ericwinter,Celeb
Eric Wood,ericwood,DFFC
Erica Andrews,ericaandrews,DFFC
Erica Cox,ericacox,Celeb
Erica De Mane,ericademane,DFFC
Erica Durance,ericadurance,DFFC
Erica Ellyson,ericaellyson,DFFC
Erica Hubbard,ericahubbard,DFFC
Erica Jarder,ericajarder,DFFC
Erica Morningstar,ericamorningstar,DFFC
Erica Yuen,ericayuen,DFFC
Erich Barke,erichbarke,DFFC
Erich Kulka,erichkulka,DFFC
Erick Elias,erickelias,Celeb
Erick Lindgren,ericklindgren,DFFC
Erick Rowan,erickrowan,DFFC
Erick Rowsell,erickrowsell,DFFC
Erik Cadée,erikcade,DFFC
Erik Coleman,erikcoleman,DFFC
Erik Estrada,erikestrada,Celeb
Erik Guay,erikguay,DFFC
Erik Hassle,erikhassle,DFFC
Erik Horrie,erikhorrie,DFFC
Erik Johannessen,erikjohannessen,DFFC
Erik Johnson,erikjohnson,DFFC
Erik Karlsson,erikkarlsson,DFFC
Erik King,erikking,DFFC
Erik Kratz,erikkratz,DFFC
Erik Kynard,erikkynard,Celeb
Erik Larsen,eriklarsen,DFFC
Erik Nevland,eriknevland,DFFC
Erik Nylander,eriknylander,DFFC
Erik Ohlsson,erikohlsson,DFFC
Erik Seidel,erikseidel,DFFC
Erik Spoelstra,erikspoelstra,DFFC
Erik Wøllo,erikwllo,DFFC
Erik van Nimwegen,erikvannimwegen,DFFC
Erik von Detten,erikvondetten,DFFC
Erika Christensen,erikachristensen,DFFC
Erika Csomor,erikacsomor,DFFC
Erika Davies,erikadavies,DFFC
Erika Eleniak,erikaeleniak,Celeb
Erika Sawajiri,erikasawajiri,Celeb
Erika Selin,erikaselin,DFFC
Erika Toda,erikatoda,Celeb
Eriko Hirose,erikohirose,DFFC
Erin Aldrich,erinaldrich,DFFC
Erin Blaskie,erinblaskie,DFFC
Erin Brady,erinbrady,Celeb
Erin Brockovich,erinbrockovich,DFFC
Erin Burnett,erinburnett,Celeb
Erin Cummings,erincummings,Celeb
Erin E Stead,erinestead,DFFC
Erin Gray,eringray,Celeb
Erin Gruwell,eringruwell,DFFC
Erin Hamlin,erinhamlin,DFFC
Erin Heatherton,erinheatherton,Celeb
Erin Kelly,erinkelly,DFFC
Erin Mackey,erinmackey,DFFC
Erin McNaught,erinmcnaught,Celeb
Erin Moran,erinmoran,Celeb
Erin Nayler,erinnayler,DFFC
Erin Pac,erinpac,DFFC
Erin Sanders,erinsanders,Celeb
Erin Syd Sidney,erinsydsidney,DFFC
Erin Wasson,erinwasson,Celeb
Erinn Hayes,erinnhayes,DFFC
Erinn Smart,erinnsmart,DFFC
Eriq Ebouaney,eriqebouaney,DFFC
Eriq Zavaleta,eriqzavaleta,DFFC
Erivan Haub,erivanhaub,Celeb
Erkan Bektas,erkanbektas,Celeb
Erland Van Lidth De Jeude,erlandvanlidthdejeude,DFFC
Erlend Loe,erlendloe,DFFC
Erling Jacobsen,erlingjacobsen,DFFC
Ermias Sahle Selassie,ermiassahleselassie,DFFC
Ermindo Onega,ermindoonega,DFFC
Ermir Lenjani,ermirlenjani,DFFC
Ernest Borgnine,ernestborgnine,Celeb
Ernest Lee Thomas,ernestleethomas,DFFC
Ernesto Bertarelli,ernestobertarelli,Celeb
Ernesto Grillo,ernestogrillo,DFFC
Ernesto Lazzatti,ernestolazzatti,DFFC
Ernie Banks,erniebanks,DFFC
Ernie Brandts,erniebrandts,DFFC
Ernie Hudson,erniehudson,Celeb
Ernie Kent,erniekent,DFFC
Ernie McCoy,erniemccoy,DFFC
"Ernie Reyes, Jr",erniereyesjr,DFFC
Ernie Rivera,ernierivera,DFFC
Ernie Wasson,erniewasson,DFFC
Ernst Zündel,ernstzndel,DFFC
Eros Ramazzotti,erosramazzotti,DFFC
Errie Ball,errieball,DFFC
Errol Morris,errolmorris,DFFC
Erton Fejzullahu,ertonfejzullahu,DFFC
Ertuğrul Sağlam,erturulsalam,DFFC
Ervic Vijandre,ervicvijandre,Celeb
Ervin Hall,ervinhall,DFFC
Erwann Le Péchoux,erwannlepchoux,DFFC
Erwin Hoffer,erwinhoffer,DFFC
Erwin l'Ami,erwinlami,DFFC
Erykah Badu,erykahbadu,Celeb
Esa Holopainen,esaholopainen,DFFC
Esai Morales,esaimorales,DFFC
Esha Deol,eshadeol,DFFC
Esha Gupta,eshagupta,Celeb
Eskay,eskay,DFFC
Esko Valtaoja,eskovaltaoja,DFFC
Esma Redžepova,esmaredepova,DFFC
Esmaeil Sharifat,esmaeilsharifat,DFFC
Esmeralda Moya,esmeraldamoya,Celeb
Espen Wensaas,espenwensaas,DFFC
Esperanza Gomez,esperanzagomez,DFFC
Esperanza Spalding,esperanzaspalding,DFFC
Esra Erol,esraerol,DFFC
Esra Tromp,esratromp,DFFC
Esteban Cambiasso,estebancambiasso,DFFC
Esteban Granero,estebangranero,DFFC
Esteban Ocon,estebanocon,DFFC
Estelle Denis,estelledenis,DFFC
Estelle Getty,estellegetty,DFFC
Estelle Lefebure,estellelefebure,Celeb
Esther Baxter,estherbaxter,Celeb
Esther Bottomley,estherbottomley,DFFC
Esther Canadas,esthercanadas,Celeb
Esther Ofarim,estherofarim,DFFC
Esther Tusquets,esthertusquets,DFFC
Esther Williams,estherwilliams,Celeb
Esti Ginzburg,estiginzburg,DFFC
Etan Thomas,etanthomas,DFFC
Eteri Tutberidze,eteritutberidze,DFFC
Ethan Carter III,ethancarteriii,DFFC
Ethan Nadelmann,ethannadelmann,DFFC
Ethan Peck,ethanpeck,DFFC
Ethan Suplee,ethansuplee,Celeb
Etienne Froidevaux,etiennefroidevaux,DFFC
Etiënne Reijnen,etinnereijnen,DFFC
Ettore Bastico,ettorebastico,DFFC
Eugene B Fluckey,eugenebfluckey,DFFC
Eugene Dynkin,eugenedynkin,DFFC
Eugene Garbee,eugenegarbee,DFFC
Eugene H Peterson,eugenehpeterson,DFFC
Eugene Levy,eugenelevy,DFFC
Eugene Litvinkovich,eugenelitvinkovich,DFFC
Eugene Parker,eugeneparker,DFFC
Eugene Wilton Frémaux,eugenewiltonfrmaux,DFFC
Eugenia Silva,eugeniasilva,Celeb
Eugenia Tobal,eugeniatobal,Celeb
Eugenie Bouchard,eugeniebouchard,DFFC
Eugenie Scott,eugeniescott,DFFC
Eugenio Mena,eugeniomena,DFFC
Eugenio Pérez,eugenioprez,DFFC
Eugenio Siller,eugeniosiller,Celeb
Eugène Ionesco,eugneionesco,DFFC
Eulalio González,eulaliogonzlez,DFFC
Eun Ji-won,eunjiwon,DFFC
Eunice Muñoz,eunicemuoz,DFFC
Eva Bartok,evabartok,Celeb
Eva Brunne,evabrunne,DFFC
Eva Eriksson,evaeriksson,DFFC
Eva Gabor,evagabor,Celeb
Eva Habermann,evahabermann,DFFC
Eva Herzigová,evaherzigov,DFFC
Eva Holubová,evaholubov,DFFC
Eva LaRue,evalarue,Both
Eva Lim,evalim,DFFC
Eva Longoria Parker,evalongoriaparker,Celeb
Eva Marcille,evamarcille,Celeb
Eva Marie,evamarie,DFFC
Eva Marie Saint,evamariesaint,DFFC
Eva Padberg,evapadberg,Celeb
Eva Peron,evaperon,Celeb
Eva Repková,evarepkov,DFFC
Eva Riccobono,evariccobono,Celeb
Eva Rydberg,evarydberg,DFFC
Eva Shaw,evashaw,Celeb
Evan Brewer,evanbrewer,DFFC
Evan Handler,evanhandler,Celeb
Evan Horwood,evanhorwood,DFFC
Evan Lindquist,evanlindquist,DFFC
Evan Lysacek,evanlysacek,Celeb
Evan Osnos,evanosnos,DFFC
Evan Peters,evanpeters,Celeb
Evan Rachel Wood,evanrachelwood,DFFC
Evan Roberts,evanroberts,DFFC
Evan Smith,evansmith,DFFC
Evan Strong,evanstrong,DFFC
Evan Turner,evanturner,DFFC
Evander Kane,evanderkane,DFFC
Evander Sno,evandersno,DFFC
Evandro Goebel,evandrogoebel,DFFC
Evangeline Lilly,evangelinelilly,Celeb
Evangelino Valentim,evangelinovalentim,DFFC
Eve,eve,DFFC
Eve Arden,evearden,Celeb
Eve Best,evebest,DFFC
Eve Ensler,eveensler,DFFC
Eve Hewson,evehewson,Celeb
Eve Mauro,evemauro,Celeb
Eve Meyer,evemeyer,Celeb
Eve Myles,evemyles,DFFC
Eve Plumb,eveplumb,Celeb
Evel Knievel,evelknievel,DFFC
Evelyn Glennie,evelynglennie,DFFC
Evelyn Kozak,evelynkozak,DFFC
Evelyn Sharma,evelynsharma,DFFC
Evelyn Stevens,evelynstevens,DFFC
Even Helte Hermansen,evenheltehermansen,DFFC
Everardo Elizondo,everardoelizondo,DFFC
Everlyn Sampi,everlynsampi,DFFC
Evgeni Aldonin,evgenialdonin,DFFC
Evgeni Borounov,evgeniborounov,DFFC
Evgeni Kholoniuk,evgenikholoniuk,DFFC
Evgenia Manolidou,evgeniamanolidou,Celeb
Evgenij Ermenkov,evgenijermenkov,DFFC
Evgeny Belyaev,evgenybelyaev,DFFC
Evgeny Petrov,evgenypetrov,DFFC
Evgeny Postny,evgenypostny,DFFC
Evgeny Voronov,evgenyvoronov,DFFC
Ewa Aulin,ewaaulin,Celeb
Ewa Mizdal,ewamizdal,DFFC
Ewa Sonnet,ewasonnet,Celeb
Ewald Lienen,ewaldlienen,DFFC
Ewelina Olczak,ewelinaolczak,Celeb
Ewen Bremner,ewenbremner,Celeb
Exodus Geohaghon,exodusgeohaghon,DFFC
Eytan Fox,eytanfox,DFFC
Eyvind Kang,eyvindkang,DFFC
Eyþór Ingi Gunnlaugsson,eyringigunnlaugsson,DFFC
Ezekiel Jackson,ezekieljackson,Celeb
Ezekiel Kemboi,ezekielkemboi,DFFC
Ezequiel Calvente,ezequielcalvente,DFFC
Ezequiel Schelotto,ezequielschelotto,DFFC
Ezgi Asaroglu,ezgiasaroglu,Celeb
Ezgi Eyuboglu,ezgieyuboglu,Celeb
Ezinne Okparaebo,ezinneokparaebo,DFFC
Ezra Furman,ezrafurman,DFFC
Ezra Miller,ezramiller,DFFC
Ezzaki Badou,ezzakibadou,DFFC
Eñaut Zubikarai,eautzubikarai,DFFC
F Murray Abraham,fmurrayabraham,Celeb
FF E Yeo-Thomas,ffeyeothomas,DFFC
FP Santangelo,fpsantangelo,DFFC
Fabian Bredlow,fabianbredlow,DFFC
Fabian Brunnström,fabianbrunnstrm,DFFC
Fabian Hambüchen,fabianhambchen,DFFC
Fabian Kauter,fabiankauter,DFFC
Fabian Klos,fabianklos,DFFC
Fabian Lustenberger,fabianlustenberger,DFFC
Fabian Mazzei,fabianmazzei,Celeb
Fabian Nicieza,fabiannicieza,DFFC
Fabian Schnaidt,fabianschnaidt,DFFC
Fabiana Flosi,fabianaflosi,Celeb
Fabiana Semprebom,fabianasemprebom,Celeb
Fabien Cousteau,fabiencousteau,DFFC
Fabien Lewis,fabienlewis,DFFC
Fabien Vehlmann,fabienvehlmann,DFFC
Fabienne Rothe,fabiennerothe,Celeb
Fabinho,fabinho,DFFC
Fabio Aru,fabioaru,DFFC
Fabio Cannavaro,fabiocannavaro,DFFC
Fabio Coltorti,fabiocoltorti,DFFC
Fabio De Luigi,fabiodeluigi,DFFC
Fabio Duarte,fabioduarte,DFFC
Fabio Felline,fabiofelline,DFFC
Fabio Golfetti,fabiogolfetti,DFFC
Fabio Grosso,fabiogrosso,DFFC
Fabio Liverani,fabioliverani,DFFC
Fabio Quagliarella,fabioquagliarella,DFFC
Fabiola Zuluaga,fabiolazuluaga,DFFC
Fabián Carini,fabincarini,DFFC
Fabrice Coiffic,fabricecoiffic,DFFC
Fabrizio Moretti,fabriziomoretti,Celeb
Fabrício dos Santos Silva,fabrciodossantossilva,DFFC
Facundo Arana,facundoarana,Celeb
Fagner Conserva Lemos,fagnerconservalemos,DFFC
Fahad Al Shammari,fahadalshammari,DFFC
Fahad Khalfan,fahadkhalfan,DFFC
Fahid Ben Khalfallah,fahidbenkhalfallah,DFFC
Fahriye Evcen,fahriyeevcen,Celeb
Faina Melnyk,fainamelnyk,DFFC
Fairuz Fauzy,fairuzfauzy,DFFC
Faisal Al Shalan,faisalalshalan,DFFC
Faisal Khan,faisalkhan,Celeb
Faith Domergue,faithdomergue,Celeb
Faith Ford,faithford,Celeb
Fakrul Alam,fakrulalam,DFFC
Fallou Diagné,falloudiagn,DFFC
Fallulah,fallulah,DFFC
Fan Bingbing,fanbingbing,Celeb
FanFan,fanfan,DFFC
Fandi Ahmad,fandiahmad,DFFC
Fanny Cottencon,fannycottencon,Celeb
Fanol Perdedaj,fanolperdedaj,DFFC
Fantasia Barrino,fantasiabarrino,Celeb
Fara Williams,farawilliams,DFFC
Farah Khan,farahkhan,Celeb
Farah Mendlesohn,farahmendlesohn,DFFC
Farahnaz Amirsoleymani,farahnazamirsoleymani,DFFC
Farahnaz Pahlavi,farahnazpahlavi,DFFC
Fardeen Khan,fardeenkhan,Celeb
Fares Fares,faresfares,DFFC
Farhan Hairoddin,farhanhairoddin,DFFC
Fariborz Arabnia,fariborzarabnia,DFFC
Farid Belmellat,faridbelmellat,DFFC
Farin Urlaub,farinurlaub,DFFC
Farizal Basri,farizalbasri,DFFC
Farley Granger,farleygranger,Celeb
Faron Young,faronyoung,DFFC
Farouq Farkhan,farouqfarkhan,DFFC
Farrah Fawcett,farrahfawcett,Celeb
Farrah Hall,farrahhall,Celeb
Fat Joe,fatjoe,Celeb
Fat Tony,fattony,DFFC
Fatih Tekke,fatihtekke,DFFC
Fatima Torre,fatimatorre,Celeb
Fatma Kara,fatmakara,DFFC
Fatma Şahin,fatmaahin,DFFC
Fats Domino,fatsdomino,DFFC
Fauja Singh,faujasingh,DFFC
Faune A Chambers,fauneachambers,Celeb
Faustine Mussa,faustinemussa,DFFC
Fausto Leali,faustoleali,DFFC
Fawad Alam,fawadalam,DFFC
Fay Ripley,fayripley,Celeb
Fay-Ann Lyons,fayannlyons,DFFC
Faye White,fayewhite,DFFC
Fayçal Fajr,fayalfajr,DFFC
Fazal Malik Akif,fazalmalikakif,DFFC
Feargus Urquhart,feargusurquhart,DFFC
Fearne Cotton,fearnecotton,Celeb
Fede Alvarez,fedealvarez,DFFC
Federica Felini,federicafelini,DFFC
Federica Pellegrini,federicapellegrini,Celeb
Federico Balzaretti,federicobalzaretti,DFFC
Federico Bonazzoli,federicobonazzoli,DFFC
Federico Canuti,federicocanuti,DFFC
Federico Castelluccio,federicocastelluccio,Celeb
Federico Kauffmann Doig,federicokauffmanndoig,DFFC
Fedor Bondarchuk,fedorbondarchuk,Celeb
Fedor Emelianenko,fedoremelianenko,DFFC
Fedor Klimov,fedorklimov,DFFC
Fefe Dobson,fefedobson,DFFC
Fei Fei Sun,feifeisun,Celeb
Fela Kuti,felakuti,DFFC
Felicia Zhang,feliciazhang,DFFC
Felicitas Woll,felicitaswoll,Celeb
Felipe Caicedo,felipecaicedo,DFFC
Felipe Campanholi Martins,felipecampanholimartins,DFFC
Felipe Colombo,felipecolombo,Celeb
Felipe Massa,felipemassa,Celeb
Felipe Melo,felipemelo,DFFC
Felipe Muñoz,felipemuoz,DFFC
Felipe Nasr,felipenasr,DFFC
Felix Aronovich,felixaronovich,DFFC
Felix English,felixenglish,DFFC
Felix Gilman,felixgilman,DFFC
Felix Kroos,felixkroos,DFFC
Felix Loch,felixloch,DFFC
Felix Neureuther,felixneureuther,DFFC
Felix Platte,felixplatte,DFFC
Felix Silla,felixsilla,DFFC
Femi Ilesanmi,femiilesanmi,DFFC
Femi Ogunode,femiogunode,DFFC
Fenella Fielding,fenellafielding,Celeb
Fenuki Tupou,fenukitupou,DFFC
Ferenc Joachim,ferencjoachim,DFFC
Ferhat Kiraz,ferhatkiraz,DFFC
Ferid Murad,feridmurad,DFFC
Feride cetin,feridecetin,Celeb
Feridun Buğeker,feridunbueker,DFFC
Feridun Düzağaç,feridundzaa,DFFC
Ferlyn Wong,ferlynwong,DFFC
Fernanda Brandão,fernandabrando,DFFC
Fernanda Lima,fernandalima,DFFC
Fernanda Montenegro,fernandamontenegro,DFFC
Fernanda Paes Leme,fernandapaesleme,Celeb
Fernanda Prada,fernandaprada,Celeb
Fernanda Ribeiro,fernandaribeiro,DFFC
Fernanda Romero,fernandaromero,Celeb
Fernanda Torres,fernandatorres,DFFC
Fernandinho,fernandinho,DFFC
Fernando,fernando,DFFC
Fernando Alonso,fernandoalonso,DFFC
Fernando Arêas Rifan,fernandoarasrifan,DFFC
Fernando Atzori,fernandoatzori,DFFC
Fernando Belluschi,fernandobelluschi,DFFC
Fernando Capalla,fernandocapalla,DFFC
Fernando Colunga,fernandocolunga,Celeb
Fernando Delgadillo,fernandodelgadillo,DFFC
Fernando Flores,fernandoflores,DFFC
Fernando Gaviria,fernandogaviria,DFFC
Fernando Llorente,fernandollorente,DFFC
Fernando Morientes,fernandomorientes,DFFC
Fernando Recio,fernandorecio,DFFC
Fernando Scherer,fernandoscherer,DFFC
Fernando Solanas,fernandosolanas,DFFC
Fernando Soriano,fernandosoriano,DFFC
Fernando Tissone,fernandotissone,DFFC
Fernando Torres,fernandotorres,Celeb
Fernando Valenzuela,fernandovalenzuela,DFFC
Fernando Zóbel de Ayala y Montojo,fernandozbeldeayalaymontojo,DFFC
Fernando de Ornelas,fernandodeornelas,DFFC
Fernando de Szyszlo,fernandodeszyszlo,DFFC
Ferrer David,ferrerdavid,Celeb
Fess Parker,fessparker,Celeb
Fez Whatley,fezwhatley,DFFC
Fili Moala,filimoala,DFFC
Filip Kostić,filipkosti,DFFC
Filip Ozobić,filipozobi,DFFC
Filip Remunda,filipremunda,DFFC
Filip Salaquarda,filipsalaquarda,DFFC
Filipe Albuquerque,filipealbuquerque,DFFC
Filipe Luís,filipelus,DFFC
Filipp Kirkorov,filippkirkorov,Celeb
Filippa Lagerbäck,filippalagerbck,DFFC
Filippo Timi,filippotimi,DFFC
Filiz Ahmet,filizahmet,Celeb
Finn Døssing,finndssing,DFFC
Finola Hughes,finolahughes,Celeb
Fiona Apple,fionaapple,Celeb
Fiona Bruce,fionabruce,DFFC
Fiona Graham,fionagraham,DFFC
Fiona O'Sullivan,fionaosullivan,DFFC
Fiona Stanley,fionastanley,DFFC
Fionnula Flanagan,fionnulaflanagan,DFFC
Firat Celik,firatcelik,Celeb
Fish,fish,DFFC
Fisher DeBerry,fisherdeberry,DFFC
Fisher Stevens,fisherstevens,DFFC
Fito Cabrales,fitocabrales,DFFC
Fitz Hall,fitzhall,DFFC
Fiuk,fiuk,Celeb
Flamur Kastrati,flamurkastrati,DFFC
Flavia Alessandra,flaviaalessandra,Celeb
Flavia Cacace,flaviacacace,DFFC
Flavia de Oliveira,flaviadeoliveira,Celeb
Flavio Briatore,flaviobriatore,Celeb
Flavour N'abania,flavournabania,DFFC
Fleming Mackell,flemingmackell,DFFC
Fletcher Cox,fletchercox,DFFC
Fleur Maxwell,fleurmaxwell,DFFC
Flo Rida,florida,DFFC
"Floella Benjamin, Baroness Benjamin",floellabenjaminbaronessbenjamin,DFFC
Floor Jansen,floorjansen,DFFC
Floortje Dessing,floortjedessing,DFFC
Floortje Mackaij,floortjemackaij,DFFC
Florence Arthaud,florencearthaud,DFFC
Florence Brudenell-Bruce,florencebrudenellbruce,Celeb
Florence Henderson,florencehenderson,Celeb
Florence Welch,florencewelch,DFFC
Florencia Bertotti,florenciabertotti,Celeb
Florencia Raggi,florenciaraggi,Celeb
Florencia Torrente,florenciatorrente,Celeb
Florent Brard,florentbrard,DFFC
Florent Peyre,florentpeyre,DFFC
Florent Pietrus,florentpietrus,Celeb
Florentine Lahme,florentinelahme,Celeb
Florian Carvalho,floriancarvalho,Celeb
Florian Clara,florianclara,DFFC
Florian David Fitz,floriandavidfitz,Celeb
Florian Fromlowitz,florianfromlowitz,DFFC
Florian Hardy,florianhardy,DFFC
Florian Kehrmann,floriankehrmann,DFFC
Florian Kringe,floriankringe,DFFC
Florin Cezar Ouatu,florincezarouatu,DFFC
Florin Gardoș,floringardo,DFFC
Flower Tucci,flowertucci,DFFC
Flula Borg,flulaborg,DFFC
Flume,flume,DFFC
Fluvia Lacerda,fluvialacerda,Celeb
Fluxion,fluxion,DFFC
Flávio Paixão,flviopaixo,DFFC
Foluke Akinradewo,folukeakinradewo,DFFC
Fonzworth Bentley,fonzworthbentley,Celeb
Forest Whitaker,forestwhitaker,DFFC
Formiga,formiga,DFFC
Forrest B Royal,forrestbroyal,DFFC
Fortunio Bonanova,fortuniobonanova,DFFC
Foster Friess,fosterfriess,DFFC
Fouad Hajji,fouadhajji,DFFC
Foued Kadir,fouedkadir,DFFC
Fran Drescher,frandrescher,DFFC
Franca Bianconi,francabianconi,DFFC
Franca Rame,francarame,DFFC
France Gall,francegall,DFFC
France Nuyen,francenuyen,Celeb
Francena McCorory,francenamccorory,DFFC
Frances Adamson,francesadamson,DFFC
Frances Conroy,francesconroy,DFFC
Frances Fisher,francesfisher,DFFC
Frances McDormand,francesmcdormand,Celeb
Frances OConnor,francesoconnor,Celeb
Frances Rich,francesrich,DFFC
Frances Tiafoe,francestiafoe,DFFC
Francesca Archibugi,francescaarchibugi,DFFC
Francesca Eastwood,francescaeastwood,Celeb
Francesca Gregorini,francescagregorini,Celeb
Francesca Hetfield,francescahetfield,Celeb
Francesca Sandford,francescasandford,Celeb
Francesca Testasecca,francescatestasecca,DFFC
Francesco Beschi,francescobeschi,DFFC
Francesco Facchinetti,francescofacchinetti,DFFC
Francesco Renga,francescorenga,DFFC
Francesco Totti,francescototti,DFFC
Francine Niyonsaba,francineniyonsaba,DFFC
Francis Ford Coppola,francisfordcoppola,DFFC
Francis Graham-Smith,francisgrahamsmith,DFFC
Francis Obikwelu,francisobikwelu,DFFC
Francis Pollara,francispollara,DFFC
Francis Rossi,francisrossi,DFFC
Francis Sejersted,francissejersted,DFFC
Francis Tapon,francistapon,DFFC
Francisco Costa,franciscocosta,Celeb
Francisco Cruceta,franciscocruceta,DFFC
Francisco Hervás,franciscohervs,DFFC
Francisco Javier Gómez Noya,franciscojaviergmeznoya,DFFC
Francisco Lachowski,franciscolachowski,Celeb
Francisco Montañés,franciscomontas,DFFC
Francisco Puñal,franciscopual,DFFC
Francisco Pérez Sanchez,franciscoprezsanchez,DFFC
Francisco Rivera Ordonez,franciscoriveraordonez,Celeb
Francisco Rosario,franciscorosario,DFFC
Francisco Silva,franciscosilva,DFFC
Francisco Sánchez Lara,franciscosnchezlara,DFFC
Francisco Vallejo Pons,franciscovallejopons,DFFC
Francisco Ventoso,franciscoventoso,DFFC
Franck Khalfoun,franckkhalfoun,DFFC
Franck Montagny,franckmontagny,DFFC
Franco Balmamion,francobalmamion,DFFC
Franco Baresi,francobaresi,DFFC
Franco Califano,francocalifano,DFFC
Franco Di Santo,francodisanto,DFFC
Franco Nero,franconero,DFFC
Franco Ventriglia,francoventriglia,DFFC
Franco Zuculini,francozuculini,DFFC
Francois Hollande,francoishollande,Celeb
Francois Pinault,francoispinault,Celeb
Francois Truffaut,francoistruffaut,Celeb
Francois Vincentelli,francoisvincentelli,Celeb
Francoise Hardy,francoisehardy,Celeb
Franjo Wölfl,franjowlfl,DFFC
Frank Baker,frankbaker,DFFC
Frank Brunner,frankbrunner,DFFC
Frank Cashen,frankcashen,DFFC
Frank Chu,frankchu,DFFC
Frank Comstock,frankcomstock,DFFC
Frank Darabont,frankdarabont,DFFC
Frank Deford,frankdeford,DFFC
Frank DiPascali,frankdipascali,DFFC
Frank Finlay,frankfinlay,Celeb
Frank Foster,frankfoster,DFFC
Frank Frazetta,frankfrazetta,DFFC
Frank Gifford,frankgifford,DFFC
Frank Gillard,frankgillard,DFFC
Frank Gore,frankgore,DFFC
Frank Grillo,frankgrillo,DFFC
Frank Hamilton,frankhamilton,DFFC
Frank Howard,frankhoward,DFFC
Frank Iero,frankiero,Celeb
Frank Jobe,frankjobe,DFFC
Frank Kameny,frankkameny,DFFC
Frank Kaminsky,frankkaminsky,DFFC
Frank Karlitschek,frankkarlitschek,DFFC
Frank Kassela,frankkassela,DFFC
Frank Lampard,franklampard,Celeb
Frank Langella,franklangella,Celeb
"Frank Lovato, Jr",franklovatojr,DFFC
Frank Lowy,franklowy,Celeb
Frank Luck,frankluck,DFFC
Frank Luntz,frankluntz,DFFC
Frank Löning,franklning,DFFC
Frank Mundy,frankmundy,DFFC
Frank Okam,frankokam,DFFC
Frank Omiyale,frankomiyale,DFFC
Frank Oz,frankoz,DFFC
Frank Patterson,frankpatterson,DFFC
Frank Pike,frankpike,DFFC
Frank Popoff,frankpopoff,DFFC
Frank Portman,frankportman,DFFC
Frank Sherwood Rowland,franksherwoodrowland,DFFC
Frank Silva,franksilva,DFFC
Frank Skinner,frankskinner,DFFC
Frank Sully,franksully,DFFC
Frank Tanana,franktanana,DFFC
Frank Thomas,frankthomas,DFFC
Frank Ticheli,frankticheli,DFFC
Frank WJ Olver,frankwjolver,DFFC
Frank Whaley,frankwhaley,Celeb
Frank White,frankwhite,DFFC
Frank Wildhorn,frankwildhorn,Celeb
Frank Williams,frankwilliams,DFFC
Frank Wrathall,frankwrathall,DFFC
Frank Wren,frankwren,DFFC
Frank Zombo,frankzombo,DFFC
Franka Potente,frankapotente,DFFC
Frankie Avalon,frankieavalon,Celeb
Frankie Ballard,frankieballard,DFFC
Frankie Howerd,frankiehowerd,DFFC
Frankie J,frankiej,Celeb
Frankie Kazarian,frankiekazarian,DFFC
Frankie Knuckles,frankieknuckles,DFFC
Frankie Laine,frankielaine,Celeb
Frankie Rayder,frankierayder,Celeb
Frankie Sandford,frankiesandford,Celeb
Frankie Sullivan,frankiesullivan,DFFC
Frankie Valli,frankievalli,Celeb
Frankie Yankovic,frankieyankovic,DFFC
Franklin Lobos,franklinlobos,DFFC
Franklin Matthias,franklinmatthias,DFFC
Franky Van der Elst,frankyvanderelst,DFFC
Frans Bolweg,fransbolweg,DFFC
Frans Molenaar,fransmolenaar,DFFC
Frans Wiertz,franswiertz,DFFC
Franz Beckenbauer,franzbeckenbauer,DFFC
Franz Engstler,franzengstler,DFFC
Franz Nicolay,franznicolay,DFFC
Franz-Josef Kemper,franzjosefkemper,DFFC
Franz-Olivier Giesbert,franzoliviergiesbert,DFFC
Franziska Knuppe,franziskaknuppe,Celeb
Franziska Weisz,franziskaweisz,DFFC
Franziska van Almsick,franziskavanalmsick,Celeb
François Bassil,franoisbassil,DFFC
François Bégaudeau,franoisbgaudeau,DFFC
François Cevert,franoiscevert,DFFC
François Chau,franoischau,DFFC
François Civil,franoiscivil,DFFC
François Dupeyron,franoisdupeyron,DFFC
François Duval,franoisduval,DFFC
François Englert,franoisenglert,DFFC
François Feldman,franoisfeldman,DFFC
François Leroux,franoisleroux,DFFC
François Pervis,franoispervis,DFFC
François Sagat,franoissagat,DFFC
François-Henri Pinault,franoishenripinault,DFFC
Fraser Aird,fraseraird,DFFC
Fraser Forster,fraserforster,DFFC
Fred Alan Wolf,fredalanwolf,DFFC
Fred Armisen,fredarmisen,DFFC
Fred Astaire,fredastaire,Celeb
Fred Benners,fredbenners,DFFC
Fred Cone,fredcone,DFFC
Fred Coury,fredcoury,Celeb
Fred Durst,freddurst,DFFC
Fred Ewanuick,fredewanuick,Celeb
Fred Fish,fredfish,DFFC
Fred Hawkins,fredhawkins,DFFC
Fred Hembeck,fredhembeck,DFFC
Fred Hickman,fredhickman,DFFC
Fred House,fredhouse,DFFC
Fred Iltis,frediltis,DFFC
Fred Jackson,fredjackson,DFFC
Fred MacMurray,fredmacmurray,Celeb
Fred Naumetz,frednaumetz,DFFC
Fred Newman,frednewman,DFFC
Fred Nicole,frednicole,DFFC
Fred Nixon,frednixon,DFFC
Fred Ottman,fredottman,DFFC
Fred Rodriguez,fredrodriguez,DFFC
Fred Rutten,fredrutten,DFFC
Fred Sanford,fredsanford,DFFC
Fred VanVleet,fredvanvleet,DFFC
Fred Wedlock,fredwedlock,DFFC
Fred West,fredwest,DFFC
Fred Willard,fredwillard,Celeb
Fred Williamson,fredwilliamson,DFFC
Fred Åkerström,fredkerstrm,DFFC
Freddie Brown,freddiebrown,DFFC
Freddie Bynum,freddiebynum,DFFC
Freddie Fox,freddiefox,DFFC
Freddie Gibbs,freddiegibbs,DFFC
Freddie Highmore,freddiehighmore,Celeb
Freddie Little,freddielittle,DFFC
Freddie Stevenson,freddiestevenson,DFFC
Freddy Borg,freddyborg,DFFC
Freddy Cole,freddycole,DFFC
Freddy Deeb,freddydeeb,DFFC
Freddy Prinze Jr,freddyprinzejr,Celeb
Freddy Wike,freddywike,DFFC
Frederic Diefenthal,fredericdiefenthal,Celeb
Frederic Forrest,fredericforrest,DFFC
Frederich Cepeda,frederichcepeda,DFFC
Frederick Augustus Muhlenberg,frederickaugustusmuhlenberg,DFFC
Frederick H Michaelis,frederickhmichaelis,DFFC
Frederick Wiseman,frederickwiseman,DFFC
Frederik Ndoci,frederikndoci,DFFC
Frederik Nielsen,frederiknielsen,DFFC
Frederik Peeters,frederikpeeters,DFFC
Frederik Willems,frederikwillems,DFFC
Frederique Bel,frederiquebel,Celeb
Fredrik Larsson,fredriklarsson,DFFC
Fredrik Ludvigsson,fredrikludvigsson,DFFC
Fredrik Pettersson,fredrikpettersson,DFFC
Freema Agyeman,freemaagyeman,DFFC
Freeman Dyson,freemandyson,DFFC
Freida Pinto,freidapinto,Celeb
Freja Beha,frejabeha,Celeb
Freja Erichsen,frejaerichsen,Celeb
Frenchie Davis,frenchiedavis,DFFC
Fresh Moss,freshmoss,DFFC
Freya Hoffmeister,freyahoffmeister,DFFC
Freyr Alexandersson,freyralexandersson,DFFC
Frida Hansdotter,fridahansdotter,DFFC
Frida Nordstrand,fridanordstrand,DFFC
Friday Hassler,fridayhassler,DFFC
Friede Springer,friedespringer,Celeb
Friedhelm Busse,friedhelmbusse,DFFC
Friedhelm Funkel,friedhelmfunkel,DFFC
Friedhelm Konietzka,friedhelmkonietzka,DFFC
Friedrich Hirzebruch,friedrichhirzebruch,DFFC
Friedrich von Thun,friedrichvonthun,DFFC
Fritz Dopfer,fritzdopfer,DFFC
Fritz Wepper,fritzwepper,DFFC
Frode Andresen,frodeandresen,DFFC
Frode Johnsen,frodejohnsen,DFFC
Frode Nymo,frodenymo,DFFC
Frunzik Mkrtchyan,frunzikmkrtchyan,DFFC
Fränk Schleck,frnkschleck,DFFC
Frédéric Cassivi,frdriccassivi,DFFC
Frédéric Chabot,frdricchabot,DFFC
Frédéric Dambier,frdricdambier,DFFC
Frédéric Delpla,frdricdelpla,DFFC
Frédéric Kanouté,frdrickanout,DFFC
Frédéric Leclercq,frdricleclercq,DFFC
Frédéric Lopez,frdriclopez,DFFC
Frédéric Makowiecki,frdricmakowiecki,DFFC
Frédéric Née,frdricne,DFFC
Frédérique Ries,frdriqueries,DFFC
Frøy Aagre,fryaagre,DFFC
Fu Chengyu,fuchengyu,Celeb
Fuat Çapa,fuatapa,DFFC
Fuka Kakimoto,fukakakimoto,DFFC
Fuku Suzuki,fukusuzuki,DFFC
Fulton Burley,fultonburley,DFFC
Fumie Suguri,fumiesuguri,DFFC
Fumihiko Maki,fumihikomaki,DFFC
"Fumihito, Prince Akishino",fumihitoprinceakishino,DFFC
Fuminori Nakamura,fuminorinakamura,DFFC
Fumio Demura,fumiodemura,DFFC
Fyodor Kudryashov,fyodorkudryashov,DFFC
Fábio Pereira da Silva,fbiopereiradasilva,DFFC
Fábio Simplício,fbiosimplcio,DFFC
Fátima Ptacek,ftimaptacek,DFFC
Félix Chappottín,flixchappottn,DFFC
Félix Hernández,flixhernndez,DFFC
G Love,glove,DFFC
G Wayne Clough,gwayneclough,DFFC
G Willow Wilson,gwillowwilson,DFFC
GB Caird,gbcaird,DFFC
GNA,gna,DFFC
GR Carter,grcarter,DFFC
Gabby Douglas,gabbydouglas,DFFC
Gabby Logan,gabbylogan,DFFC
Gabe Jackson,gabejackson,DFFC
Gabe Newell,gabenewell,DFFC
Gabe Saporta,gabesaporta,Celeb
Gabi,gabi,DFFC
Gabi Delgado-López,gabidelgadolpez,DFFC
Gabi Toth,gabitoth,Celeb
Gabriel Aubry,gabrielaubry,Celeb
Gabriel Byrne,gabrielbyrne,Celeb
Gabriel Caste,gabrielcaste,DFFC
Gabriel Heinze,gabrielheinze,DFFC
Gabriel Macchi,gabrielmacchi,DFFC
Gabriel Macht,gabrielmacht,Celeb
Gabriel Mann,gabrielmann,Celeb
Gabriel Porras,gabrielporras,Celeb
Gabriel Pozzo,gabrielpozzo,DFFC
Gabriel Quak,gabrielquak,DFFC
Gabriel Soto,gabrielsoto,Celeb
Gabriela Adameșteanu,gabrielaadameteanu,DFFC
Gabriela Duarte,gabrieladuarte,DFFC
Gabriela Markus,gabrielamarkus,Celeb
Gabriela Paganini,gabrielapaganini,Celeb
Gabriela Rabelo,gabrielarabelo,Celeb
Gabriela Sari,gabrielasari,Celeb
Gabriela Spanic,gabrielaspanic,Celeb
Gabriela Traña,gabrielatraa,DFFC
Gabriele Salvatores,gabrielesalvatores,DFFC
Gabriella Cilmi,gabriellacilmi,DFFC
Gabriella Grecco,gabriellagrecco,Celeb
Gabriella Hall,gabriellahall,Celeb
Gabriella Holsten,gabriellaholsten,Celeb
Gabriella Sabatini,gabriellasabatini,Celeb
Gabriella Wilde,gabriellawilde,DFFC
Gabrielle Anwar,gabrielleanwar,DFFC
Gabrielle Aplin,gabrielleaplin,DFFC
Gabrielle Christian,gabriellechristian,Celeb
Gabrielle Union,gabrielleunion,DFFC
Gackt,gackt,DFFC
Gad Elmaleh,gadelmaleh,Celeb
Gael García Bernal,gaelgarcabernal,DFFC
Gaelan Connell,gaelanconnell,DFFC
Gai Waterhouse,gaiwaterhouse,DFFC
Gaia Amaral,gaiaamaral,Celeb
Gaia Weiss,gaiaweiss,DFFC
Gail Bruce,gailbruce,DFFC
Gail Carriger,gailcarriger,DFFC
Gail Goestenkors,gailgoestenkors,DFFC
Gail OGrady,gailogrady,Celeb
Gail Patrick,gailpatrick,Celeb
Gaines Adams,gainesadams,DFFC
Gajendra Thakur,gajendrathakur,DFFC
Gal Costa,galcosta,Celeb
Gal Gadot,galgadot,Celeb
Gale Harold,galeharold,DFFC
Gale Storm,galestorm,Celeb
Galen Rupp,galenrupp,DFFC
Galen Weston,galenweston,Celeb
Galina Belyayeva,galinabelyayeva,Celeb
Galina Efremenko,galinaefremenko,DFFC
Galway Kinnell,galwaykinnell,DFFC
Gamal Mubarak,gamalmubarak,DFFC
Gamini Kularatne,gaminikularatne,DFFC
Gamze Bezan,gamzebezan,DFFC
Gamze ozcelik,gamzeozcelik,Celeb
Gang bang pornography,gangbangpornography,DFFC
Gao Chongbo,gaochongbo,DFFC
Gao Song,gaosong,DFFC
Gao Xiqing,gaoxiqing,Celeb
Gaossou Fofana,gaossoufofana,DFFC
Garcelle Beauvais,garcellebeauvais,Celeb
Gardner McKay,gardnermckay,Celeb
Gareth A Morris,garethamorris,DFFC
Gareth Allen,garethallen,DFFC
Gareth Bale,garethbale,DFFC
Gareth Barry,garethbarry,DFFC
Gareth David-Lloyd,garethdavidlloyd,DFFC
Gareth Glyn,garethglyn,DFFC
Gareth McAuley,garethmcauley,DFFC
Garett Bischoff,garettbischoff,DFFC
Garfield Sobers,garfieldsobers,DFFC
Garik Sukachov,gariksukachov,DFFC
Garner Ted Armstrong,garnertedarmstrong,DFFC
Garnet Exelby,garnetexelby,DFFC
Garrett Heath,garrettheath,DFFC
Garrett K Gomez,garrettkgomez,DFFC
Garrick Utley,garrickutley,DFFC
Garry Kenneth,garrykenneth,DFFC
Garry Shider,garryshider,DFFC
Garth Brooks,garthbrooks,DFFC
Garth Mulroy,garthmulroy,DFFC
Garth Nix,garthnix,DFFC
Gary Alexander,garyalexander,DFFC
Gary Allan,garyallan,Celeb
Gary Balough,garybalough,DFFC
Gary Barlow,garybarlow,Celeb
Gary Bartz,garybartz,DFFC
Gary Birch,garybirch,DFFC
Gary Brazil,garybrazil,DFFC
Gary Brown,garybrown,DFFC
Gary Burghoff,garyburghoff,DFFC
Gary Busey,garybusey,Celeb
Gary Cahill,garycahill,DFFC
Gary Caldwell,garycaldwell,DFFC
Gary Chaw,garychaw,DFFC
Gary Cole,garycole,Celeb
Gary Collins,garycollins,DFFC
Gary Cooper,garycooper,Celeb
Gary Dourdan,garydourdan,Celeb
Gary Emerson,garyemerson,DFFC
Gary Fong,garyfong,DFFC
Gary Gygax,garygygax,DFFC
Gary Hill,garyhill,DFFC
Gary Holt,garyholt,DFFC
Gary Howard,garyhoward,DFFC
Gary Hudson,garyhudson,Celeb
Gary L Stevens,garylstevens,DFFC
Gary LeVox,garylevox,Celeb
Gary Lockwood,garylockwood,DFFC
Gary Mabbutt,garymabbutt,DFFC
Gary McAllister,garymcallister,DFFC
Gary McCord,garymccord,DFFC
Gary Mills,garymills,DFFC
Gary Moore,garymoore,Celeb
Gary Neville,garyneville,DFFC
Gary Numan,garynuman,Celeb
Gary Oldman,garyoldman,Celeb
Gary Owens,garyowens,DFFC
Gary Paffett,garypaffett,DFFC
Gary Payton,garypayton,DFFC
Gary Player,garyplayer,DFFC
Gary Pomerantz,garypomerantz,DFFC
Gary Riley,garyriley,DFFC
Gary Roberts,garyroberts,DFFC
"Gary Russell, Jr",garyrusselljr,DFFC
Gary Smith,garysmith,DFFC
Gary Snyder,garysnyder,DFFC
Gary Soto,garysoto,DFFC
Gary Stal,garystal,DFFC
Gary Stills,garystills,DFFC
Gary Trousdale,garytrousdale,DFFC
Gary Twinn,garytwinn,DFFC
Gary Whitta,garywhitta,DFFC
Gary Wiggins,garywiggins,DFFC
Gary Williams,garywilliams,DFFC
Gary Wilson,garywilson,DFFC
Gary Wolfe,garywolfe,DFFC
Gaspard Ulliel,gaspardulliel,Celeb
Gasquet Richard,gasquetrichard,Celeb
Gaston Dalmau,gastondalmau,Celeb
Gaston Gonnet,gastongonnet,DFFC
Gaston Roelants,gastonroelants,DFFC
Gaston Soffriti,gastonsoffriti,Celeb
Gastón Cellerino,gastncellerino,DFFC
Gastón Fernández,gastnfernndez,DFFC
Gates McFadden,gatesmcfadden,Celeb
Gator Hoskins,gatorhoskins,DFFC
Gattlin Griffith,gattlingriffith,DFFC
Gauhar Khan,gauharkhan,Celeb
Gaurav Ghei,gauravghei,DFFC
Gaurav Gill,gauravgill,DFFC
Gauri Khan,gaurikhan,Celeb
Gautam Adani,gautamadani,Celeb
Gautam Gambhir,gautamgambhir,DFFC
Gavin Griffin,gavingriffin,DFFC
Gavin MacLeod,gavinmacleod,Celeb
Gavin Newsom,gavinnewsom,Celeb
Gavin Rossdale,gavinrossdale,DFFC
Gavin Stephens,gavinstephens,DFFC
Gawain Jones,gawainjones,DFFC
Gayatri Nair,gayatrinair,DFFC
Gaye Delorme,gayedelorme,DFFC
Gayla Earlene,gaylaearlene,DFFC
Gayle King,gayleking,DFFC
Gaëlle Gebet,gallegebet,DFFC
Gaëtan Roussel,gatanroussel,DFFC
Gebregziabher Gebremariam,gebregziabhergebremariam,DFFC
Gedo,gedo,DFFC
Geena Davis,geenadavis,DFFC
Geeta Basra,geetabasra,DFFC
Gegard Mousasi,gegardmousasi,DFFC
Geike Arnaert,geikearnaert,DFFC
Gemini Ganesan,geminiganesan,Celeb
Gemma Arterton,gemmaarterton,DFFC
Gemma Chan,gemmachan,DFFC
Gemma Davison,gemmadavison,DFFC
Gemma Jones,gemmajones,Celeb
Gemma Ward,gemmaward,Celeb
Genc Prelvukaj,gencprelvukaj,Celeb
Gene Brito,genebrito,DFFC
Gene Corum,genecorum,DFFC
Gene Felton,genefelton,DFFC
Gene H Golub,genehgolub,DFFC
Gene Heeter,geneheeter,DFFC
Gene Hubka,genehubka,DFFC
Gene Kelly,genekelly,Celeb
Gene Lamont,genelamont,DFFC
Gene Luen Yang,geneluenyang,DFFC
Gene Michael,genemichael,DFFC
Gene Mingo,genemingo,DFFC
Gene Principe,geneprincipe,DFFC
Gene Robinson,generobinson,DFFC
Gene Roddenberry,generoddenberry,DFFC
Gene Simmons,genesimmons,Celeb
Gene Stilp,genestilp,DFFC
Gene Tierney,genetierney,Celeb
Gene Watson,genewatson,Celeb
Genelia DSouza,geneliadsouza,Celeb
Genevieve Grad,genevievegrad,Celeb
Genevieve Nnaji,genevievennaji,DFFC
Genevieve Padalecki,genevievepadalecki,Celeb
Geneviève de Fontenay,genevivedefontenay,DFFC
Gennadi Bondaruk,gennadibondaruk,DFFC
Gennady Korotkevich,gennadykorotkevich,DFFC
Gennaro Gattuso,gennarogattuso,DFFC
Geno Delafose,genodelafose,DFFC
Geno Smith,genosmith,DFFC
Genta Ismajli,gentaismajli,Celeb
Genzebe Dibaba,genzebedibaba,DFFC
Geoff Brabham,geoffbrabham,DFFC
Geoff Cameron,geoffcameron,DFFC
Geoff Dyer,geoffdyer,DFFC
Geoff Eigenmann,geoffeigenmann,Celeb
Geoff Hurst,geoffhurst,DFFC
Geoff Lawson,geofflawson,DFFC
Geoff Moore,geoffmoore,DFFC
Geoff Petrie,geoffpetrie,DFFC
Geoff Stults,geoffstults,DFFC
Geoff Trappett,geofftrappett,DFFC
Geoff Walker,geoffwalker,DFFC
Geoff Ward,geoffward,DFFC
Geoffrey Adjet,geoffreyadjet,DFFC
Geoffrey Hughes,geoffreyhughes,Celeb
Geoffrey Kondogbia,geoffreykondogbia,DFFC
Geoffrey Palmer,geoffreypalmer,Celeb
Geoffrey Robertson,geoffreyrobertson,DFFC
Geoffrey Rush,geoffreyrush,DFFC
Geoffrey Scott,geoffreyscott,DFFC
Geoffrey Wellum,geoffreywellum,DFFC
Georg Gänswein,georggnswein,DFFC
Georg Hackl,georghackl,DFFC
Georg Kreisler,georgkreisler,DFFC
Georg Späth,georgspth,DFFC
Georg-Christof Bertsch,georgchristofbertsch,DFFC
George Alagiah,georgealagiah,DFFC
George Atkins,georgeatkins,DFFC
George Baloghy,georgebaloghy,DFFC
George Barris,georgebarris,DFFC
George Blagden,georgeblagden,DFFC
George Blanda,georgeblanda,DFFC
George Bowerman,georgebowerman,DFFC
George Burns,georgeburns,Celeb
George Carlin,georgecarlin,DFFC
George Chakiris,georgechakiris,Celeb
"George Chapline, Jr",georgechaplinejr,DFFC
George Clayton Johnson,georgeclaytonjohnson,DFFC
George Eads,georgeeads,Celeb
George Ezra,georgeezra,DFFC
George F Grant,georgefgrant,DFFC
George Farmer,georgefarmer,DFFC
George Fischbeck,georgefischbeck,DFFC
George Foreman,georgeforeman,DFFC
George Hamilton IV,georgehamiltoniv,DFFC
George Hill,georgehill,DFFC
George Hook,georgehook,DFFC
George Hucks,georgehucks,DFFC
George Joannides,georgejoannides,DFFC
George Jones,georgejones,Celeb
George Kaiser,georgekaiser,Celeb
George Kohlrieser,georgekohlrieser,DFFC
George Long,georgelong,DFFC
George M Church,georgemchurch,DFFC
George Makris,georgemakris,DFFC
George McCartney,georgemccartney,DFFC
George Melly,georgemelly,DFFC
George Michael,georgemichael,Celeb
George N Hatsopoulos,georgenhatsopoulos,DFFC
George O'Callaghan,georgeocallaghan,DFFC
"George Percy, Earl Percy",georgepercyearlpercy,DFFC
George Pólya,georgeplya,DFFC
George S Irving,georgesirving,DFFC
George Segal,georgesegal,DFFC
George Serdula,georgeserdula,DFFC
George Soros,georgesoros,Celeb
George South,georgesouth,DFFC
George Springer,georgespringer,DFFC
George Steele,georgesteele,DFFC
George Stephanopoulos,georgestephanopoulos,DFFC
George Strait,georgestrait,DFFC
George Sweigert,georgesweigert,DFFC
George Szekeres,georgeszekeres,DFFC
George Taliaferro,georgetaliaferro,DFFC
George WBush,georgewbush,Celeb
George William Fullerton,georgewilliamfullerton,DFFC
George Zimmerman,georgezimmerman,DFFC
Georges Delnon,georgesdelnon,DFFC
Georgi Kaloyanchev,georgikaloyanchev,DFFC
Georgi Kinkladze,georgikinkladze,DFFC
Georgi Milanov,georgimilanov,DFFC
Georgi Shchennikov,georgishchennikov,DFFC
Georgi Yartsev,georgiyartsev,DFFC
Georgia Groome,georgiagroome,Celeb
Georgia Horsley,georgiahorsley,Celeb
Georgia Inglis,georgiainglis,DFFC
Georgia Jagger,georgiajagger,Celeb
Georgia Karabinis,georgiakarabinis,Celeb
Georgia Moffett,georgiamoffett,DFFC
Georgia Salpa,georgiasalpa,Celeb
Georgie Henley,georgiehenley,DFFC
Georgie Twigg,georgietwigg,Celeb
Georgina Chapman,georginachapman,DFFC
Georgina Grenville,georginagrenville,Celeb
Georgina Wilson,georginawilson,Celeb
Georginio Wijnaldum,georginiowijnaldum,DFFC
Georgios Bantis,georgiosbantis,DFFC
Georgios Samaras,georgiossamaras,DFFC
Georgiy Daneliya,georgiydaneliya,DFFC
Geovanni Gopradi,geovannigopradi,DFFC
Geovanny Caicedo,geovannycaicedo,DFFC
Geraint Rees,geraintrees,DFFC
Geraint Thomas,geraintthomas,DFFC
Gerald Anderson,geraldanderson,Celeb
Gerald Baumgartner,geraldbaumgartner,DFFC
Gerald Brockhurst,geraldbrockhurst,DFFC
Gerald Ciolek,geraldciolek,DFFC
Gerald Edelman,geraldedelman,DFFC
Gerald Evan Williams,geraldevanwilliams,DFFC
Gerald Frederick Kicanas,geraldfrederickkicanas,DFFC
Gerald Ganglbauer,geraldganglbauer,DFFC
Gerald Green,geraldgreen,DFFC
Gerald Gustafson,geraldgustafson,DFFC
Gerald Madkins,geraldmadkins,DFFC
Gerald Masters,geraldmasters,DFFC
Gerald McRaney,geraldmcraney,DFFC
Gerald O Young,geraldoyoung,DFFC
Gerald Posner,geraldposner,DFFC
Gerald Potterton,geraldpotterton,DFFC
Gerald Stourzh,geraldstourzh,DFFC
Gerald Vanenburg,geraldvanenburg,DFFC
Geraldine Bazan,geraldinebazan,Celeb
Geraldine Chaplin,geraldinechaplin,DFFC
Geraldo Rivera,geraldorivera,DFFC
Gerard Cowhig,gerardcowhig,DFFC
Gerard Pique,gerardpique,Celeb
Gerard Way,gerardway,Celeb
Geremi González,geremigonzlez,DFFC
Gergely Kulcsár,gergelykulcsr,DFFC
Gerhard Gentzen,gerhardgentzen,DFFC
Gerhard Polt,gerhardpolt,DFFC
Gerhard Richter,gerhardrichter,DFFC
Gerhard Weinberg,gerhardweinberg,DFFC
Geri Halliwell,gerihalliwell,DFFC
Gerli Liinamäe,gerliliiname,DFFC
Gerli Padar,gerlipadar,DFFC
Germán Burgos,germnburgos,DFFC
Gerold Gruber,geroldgruber,DFFC
Gerry Staley,gerrystaley,DFFC
Gert Boyle,gertboyle,DFFC
Gert Steegmans,gertsteegmans,DFFC
Gerður Kristný,gerurkristn,DFFC
Gheorghe Bucur,gheorghebucur,DFFC
Gholamreza Hassani,gholamrezahassani,DFFC
Gia Bugadze,giabugadze,DFFC
Gia Carangi,giacarangi,Celeb
Gia Johnson,giajohnson,Celeb
Gia Lewis-Smallwood,gialewissmallwood,DFFC
Gia Mantegna,giamantegna,Celeb
Gia Milinovich,giamilinovich,DFFC
Giacinto Facchetti,giacintofacchetti,DFFC
Giacomo Agostini,giacomoagostini,DFFC
Giada De Laurentiis,giadadelaurentiis,Celeb
Giada Valenti,giadavalenti,DFFC
Gian Franco Morini,gianfrancomorini,DFFC
Giana Roberge,gianaroberge,DFFC
Giancarlo Giannini,giancarlogiannini,Celeb
Gianfranco D'Angelo,gianfrancodangelo,DFFC
Gianluca Brambilla,gianlucabrambilla,DFFC
Gianluca Havern,gianlucahavern,DFFC
Gianluca Petrella,gianlucapetrella,DFFC
Gianluca Zambrotta,gianlucazambrotta,DFFC
Gianluigi Buffon,gianluigibuffon,DFFC
Gianluigi Quinzi,gianluigiquinzi,DFFC
Gianmaria Bruni,gianmariabruni,DFFC
Gianna Michaels,giannamichaels,DFFC
Gianne Albertoni,giannealbertoni,Celeb
Gianni Morbidelli,giannimorbidelli,DFFC
Gianni Motta,giannimotta,DFFC
Giannis Antetokounmpo,giannisantetokounmpo,DFFC
Gibril Sankoh,gibrilsankoh,DFFC
Gibson Daniel,gibsondaniel,Celeb
Gideon Davies,gideondavies,DFFC
Giedo van der Garde,giedovandergarde,DFFC
Gigi Edgley,gigiedgley,Celeb
Gigi Leung,gigileung,Celeb
Gigi Proietti,gigiproietti,DFFC
Gihan Ibrahim,gihanibrahim,DFFC
Gijs Van Hoecke,gijsvanhoecke,DFFC
Gil Bellows,gilbellows,DFFC
Gil Cohen,gilcohen,DFFC
Gil Kane,gilkane,DFFC
Gil Kenan,gilkenan,DFFC
Gil McDougald,gilmcdougald,DFFC
Gil Ofarim,gilofarim,Celeb
Gil Scott-Heron,gilscottheron,DFFC
Gilad Atzmon,giladatzmon,DFFC
Gilbert Nicholls,gilbertnicholls,DFFC
Gilberto Câmara,gilbertocmara,DFFC
Gilberto Godoy Filho Giba,gilbertogodoyfilhogiba,Celeb
Gilberto Silva,gilbertosilva,Celeb
Gilberto Simoni,gilbertosimoni,DFFC
Gilby Clarke,gilbyclarke,Celeb
Giles Barnes,gilesbarnes,DFFC
Giles Fraser,gilesfraser,DFFC
Gilla,gilla,DFFC
Gilles Delion,gillesdelion,DFFC
Gilles Kepel,gilleskepel,DFFC
Gilles Marini,gillesmarini,Celeb
Gilles Mas,gillesmas,DFFC
Gillian Chung,gillianchung,DFFC
Gillian Flynn,gillianflynn,DFFC
Gillian Jacobs,gillianjacobs,Celeb
Gillian Welch,gillianwelch,DFFC
Gillian Wright,gillianwright,DFFC
Gillian Zinser,gillianzinser,Celeb
Gimena Accardi,gimenaaccardi,Celeb
Gina Bellman,ginabellman,Celeb
Gina Carano,ginacarano,Celeb
Gina Holden,ginaholden,DFFC
Gina Lynn,ginalynn,DFFC
Gina Philips,ginaphilips,Celeb
Gina Rodriguez,ginarodriguez,DFFC
Gina Torres,ginatorres,DFFC
Gina-Lisa Lohfink,ginalisalohfink,Celeb
Ginger Baker,gingerbaker,DFFC
Ginger Costa-Jackson,gingercostajackson,DFFC
Ginjer Buchanan,ginjerbuchanan,DFFC
Ginko Abukawa-Chiba,ginkoabukawachiba,DFFC
Gino Marchetti,ginomarchetti,DFFC
Gino Rea,ginorea,DFFC
Gino Torretta,ginotorretta,DFFC
Ginta Lapina,gintalapina,Celeb
Gintaras Januševičius,gintarasjanueviius,DFFC
Gio Ott,gioott,Celeb
Giordano Benedetti,giordanobenedetti,DFFC
Giorgia Bronzini,giorgiabronzini,DFFC
Giorgia Palmas,giorgiapalmas,Celeb
Giorgio Armani,giorgioarmani,Celeb
Giorgio Cavazzano,giorgiocavazzano,DFFC
Giorgio Chiellini,giorgiochiellini,DFFC
Giorgio Chinaglia,giorgiochinaglia,DFFC
Giorgio Faletti,giorgiofaletti,DFFC
Giorgio Mazza,giorgiomazza,DFFC
Giorgio Moroder,giorgiomoroder,DFFC
Giorgio Pantano,giorgiopantano,DFFC
Giorgos Kapoutzidis,giorgoskapoutzidis,Celeb
Giorgos Katidis,giorgoskatidis,DFFC
Giovane Élber,giovanelber,DFFC
Giovani Bernard,giovanibernard,DFFC
Giovani dos Santos,giovanidossantos,DFFC
Giovanna Antonelli,giovannaantonelli,Celeb
Giovanna Lancellotti,giovannalancellotti,Celeb
Giovanna Mezzogiorno,giovannamezzogiorno,Celeb
Giovanni Bernaudeau,giovannibernaudeau,DFFC
Giovanni Guidetti,giovanniguidetti,DFFC
Giovanni Lapentti,giovannilapentti,DFFC
Giovanni Ribisi,giovanniribisi,Celeb
Giovanni Sio,giovannisio,DFFC
Giovanni Sirovich,giovannisirovich,DFFC
Giovanni Tedesco,giovannitedesco,DFFC
Giovanni Vescovi,giovannivescovi,DFFC
Gisela Dulko,giseladulko,Celeb
Giselle Itié,giselleiti,DFFC
Gisèle Casadesus,gislecasadesus,DFFC
Gita Gutawa,gitagutawa,DFFC
Giulia Gatto-Monticone,giuliagattomonticone,DFFC
Giulia Michelini,giuliamichelini,DFFC
Giulia Siegel,giuliasiegel,Celeb
Giulia Steingruber,giuliasteingruber,DFFC
Giuliana Rancic,giulianarancic,DFFC
Giuliano Gemma,giulianogemma,DFFC
Giulio Berruti,giulioberruti,DFFC
Giulio Donati,giuliodonati,DFFC
Giuseppe Guerini,giuseppeguerini,DFFC
Giuseppe Milone,giuseppemilone,DFFC
Giuseppe Rossi,giusepperossi,DFFC
Giuseppe Vives,giuseppevives,DFFC
Gizem Giraygil,gizemgiraygil,DFFC
Gjorgji Čekovski,gjorgjiekovski,DFFC
Glacier,glacier,DFFC
Gladys Knight,gladysknight,Celeb
Glauco Onorato,glaucoonorato,DFFC
Glen A Larson,glenalarson,DFFC
Glen Adams,glenadams,DFFC
Glen Campbell,glencampbell,Celeb
Glen Chilton,glenchilton,DFFC
Glen Coffee,glencoffee,DFFC
Glen Cook,glencook,DFFC
Glen Davis,glendavis,DFFC
Glen Hirshberg,glenhirshberg,DFFC
Glen Keane,glenkeane,DFFC
Glen Miller,glenmiller,DFFC
Glen Moffatt,glenmoffatt,DFFC
Glen Moss,glenmoss,DFFC
Glen Rice,glenrice,DFFC
Glen Sather,glensather,DFFC
Glenda Jackson,glendajackson,Celeb
Glenn Archer,glennarcher,DFFC
Glenn Belezika,glennbelezika,DFFC
Glenn Carson,glenncarson,DFFC
Glenn Flear,glennflear,DFFC
Glenn Frey,glennfrey,Celeb
Glenn Greenwald,glenngreenwald,DFFC
Glenn Gregory,glenngregory,DFFC
Glenn Gregson,glenngregson,DFFC
Glenn Jacobs,glennjacobs,Celeb
Glenn Kotche,glennkotche,DFFC
Glenn McGrath,glennmcgrath,Celeb
Glenn Murray,glennmurray,DFFC
Glenn Robinson III,glennrobinsoniii,DFFC
Glenn Tipton,glenntipton,Celeb
Glenn Torpy,glenntorpy,DFFC
Glenn Worf,glennworf,DFFC
Gloria Allred,gloriaallred,DFFC
Gloria DeHaven,gloriadehaven,Celeb
Gloria Estefan,gloriaestefan,Celeb
Gloria Garayua,gloriagarayua,DFFC
Gloria Guida,gloriaguida,DFFC
Gloria Hendry,gloriahendry,DFFC
Gloria Steinem,gloriasteinem,DFFC
Gloria Stuart,gloriastuart,Celeb
Gloria Trevi,gloriatrevi,DFFC
Glynis Johns,glynisjohns,Celeb
Gláuber,gluber,DFFC
Goapele,goapele,DFFC
Godfrey Khotso Mokoena,godfreykhotsomokoena,DFFC
Goerges Julia,goergesjulia,Celeb
Goffin David,goffindavid,Celeb
Gogita Gogua,gogitagogua,DFFC
Gojko Mitic,gojkomitic,Celeb
Gok Wan,gokwan,Celeb
Golshifteh Farahani,golshiftehfarahani,DFFC
Gonca Vuslateri,goncavuslateri,Celeb
Gonzalo Alcaín,gonzaloalcan,DFFC
Gonzalo Barriga,gonzalobarriga,DFFC
Gonzalo Castro,gonzalocastro,DFFC
Gonzalo Higuaín,gonzalohiguan,DFFC
Gonzalo Jara,gonzalojara,DFFC
Gonzalo Martínez,gonzalomartnez,DFFC
Gonzalo de la Torre,gonzalodelatorre,DFFC
Googoosh,googoosh,Celeb
Gopinath Muthukad,gopinathmuthukad,DFFC
Goran Nava,gorannava,DFFC
Goran Paskaljević,goranpaskaljevi,DFFC
Goran Paulić,goranpauli,DFFC
Goran Tomić,gorantomi,DFFC
Goran Visnjic,goranvisnjic,Celeb
Gordei Gorshkov,gordeigorshkov,DFFC
Gordon Bennett,gordonbennett,DFFC
Gordon Gano,gordongano,DFFC
Gordon Heuckeroth,gordonheuckeroth,DFFC
Gordon Moore,gordonmoore,DFFC
Gordon Ramsay,gordonramsay,Celeb
Gordon Shedden,gordonshedden,DFFC
Gore Verbinski,goreverbinski,DFFC
Gore Vidal,gorevidal,DFFC
Gosha Kutsenko,goshakutsenko,DFFC
Gottfried John,gottfriedjohn,DFFC
Gotye,gotye,DFFC
Govinda,govinda,Celeb
Grace Bowman,gracebowman,DFFC
Grace Hartigan,gracehartigan,DFFC
Grace Helbig,gracehelbig,DFFC
Grace Hightower,gracehightower,Celeb
Grace Jones,gracejones,Celeb
Grace Park,gracepark,DFFC
Grace Phipps,gracephipps,DFFC
Grace Potter,gracepotter,Celeb
Grace Slick,graceslick,Celeb
Gracie Carvalho,graciecarvalho,Celeb
Grady Hatton,gradyhatton,DFFC
Grady Sizemore,gradysizemore,DFFC
Grady Tate,gradytate,DFFC
Graeme Brown,graemebrown,DFFC
Graeme Hart,graemehart,Celeb
Graeme Lamb,graemelamb,DFFC
Graeme Le Saux,graemelesaux,DFFC
Graeme Lloyd,graemelloyd,DFFC
Graeme Murty,graememurty,DFFC
Graeme Segal,graemesegal,DFFC
Graeme Smith,graemesmith,DFFC
Graeme Storm,graemestorm,DFFC
Graham Bartram,grahambartram,DFFC
Graham Coxon,grahamcoxon,Celeb
Graham Cummins,grahamcummins,DFFC
Graham Gano,grahamgano,DFFC
Graham Goddard,grahamgoddard,DFFC
Graham Harrell,grahamharrell,DFFC
Graham Hill,grahamhill,DFFC
Graham Jones,grahamjones,DFFC
Graham Kavanagh,grahamkavanagh,DFFC
Graham Phillips,grahamphillips,Celeb
Graham Webster,grahamwebster,DFFC
Grahame Thorne,grahamethorne,DFFC
Grandma Lee,grandmalee,DFFC
Grant Clitsome,grantclitsome,DFFC
Grant Hanley,granthanley,DFFC
Grant Langston,grantlangston,DFFC
Grant Patterson,grantpatterson,DFFC
Grayson Allen,graysonallen,DFFC
Grazia Maria Pinto,graziamariapinto,DFFC
Graziano Pellè,grazianopell,DFFC
Grazielli Massafera,graziellimassafera,Celeb
Grażyna Szmacińska,graynaszmaciska,DFFC
Greg Davis,gregdavis,DFFC
Greg Dreiling,gregdreiling,DFFC
Greg Drummond,gregdrummond,DFFC
Greg Dyke,gregdyke,DFFC
Greg Foot,gregfoot,DFFC
Greg Frady,gregfrady,DFFC
Greg Germann,greggermann,Celeb
Greg Gibson,greggibson,DFFC
Greg Ginn,gregginn,DFFC
Greg Giraldo,greggiraldo,Celeb
Greg Graham,greggraham,DFFC
Greg Grunberg,greggrunberg,Celeb
Greg Halford,greghalford,DFFC
Greg Hammond,greghammond,DFFC
Greg Henderson,greghenderson,DFFC
Greg Jennings,gregjennings,DFFC
Greg K,gregk,DFFC
Greg Knapp,gregknapp,DFFC
Greg Lindquist,greglindquist,DFFC
Greg Luzinski,gregluzinski,DFFC
Greg Mottola,gregmottola,DFFC
Greg Mueller,gregmueller,DFFC
Greg Oden,gregoden,DFFC
Greg Page,gregpage,DFFC
Greg Pateryn,gregpateryn,DFFC
Greg Schiano,gregschiano,DFFC
Greg Smith,gregsmith,DFFC
Greg Stewart,gregstewart,DFFC
Greg Stone,gregstone,DFFC
Greg Valentine,gregvalentine,DFFC
Greg Vaughan,gregvaughan,DFFC
Greg Walker,gregwalker,DFFC
Greg Zuerlein,gregzuerlein,DFFC
Gregg Allman,greggallman,Celeb
Gregg Nibert,greggnibert,DFFC
Gregg Popovich,greggpopovich,DFFC
Gregg Sulkin,greggsulkin,Celeb
Gregor Arbet,gregorarbet,DFFC
Gregor Robertson,gregorrobertson,DFFC
Gregory Bauge,gregorybauge,Celeb
Gregory Berríos,gregoryberros,DFFC
Gregory Harrison,gregoryharrison,Celeb
Gregory Iron,gregoryiron,DFFC
Gregory Loewen,gregoryloewen,DFFC
Gregory Michael,gregorymichael,Celeb
Gregory Michael Aymond,gregorymichaelaymond,DFFC
Gregory Nicotero,gregorynicotero,DFFC
Gregory Retallack,gregoryretallack,DFFC
Gregory Smith,gregorysmith,Celeb
Greta Cicolari,gretacicolari,Celeb
Greta Nissen,gretanissen,Celeb
Greta Scacchi,gretascacchi,Celeb
Greta Thyssen,gretathyssen,Celeb
Greta Van Susteren,gretavansusteren,Celeb
Gretchen Carlson,gretchencarlson,DFFC
Gretchen Corbett,gretchencorbett,Celeb
Gretchen Wilson,gretchenwilson,DFFC
Grete Waitz,gretewaitz,DFFC
Grettell Valdez,grettellvaldez,Celeb
Grey Damon,greydamon,Celeb
Greysia Polii,greysiapolii,DFFC
Greyson Chance,greysonchance,Celeb
Griffon Ramsey,griffonramsey,DFFC
Grigoris Arnaoutoglou,grigorisarnaoutoglou,Celeb
Grigoriy Andreyev,grigoriyandreyev,DFFC
Grigoriy Oparin,grigoriyoparin,DFFC
Grigoriy Yablonsky,grigoriyyablonsky,DFFC
Grimes,grimes,DFFC
Griselda Siciliani,griseldasiciliani,Celeb
Groucho Marx,grouchomarx,Celeb
Grover Norquist,grovernorquist,DFFC
Gry Forssell,gryforssell,DFFC
Grzegorz Gwiazdowski,grzegorzgwiazdowski,DFFC
Grégoire Maret,grgoiremaret,DFFC
Grégoire-Pierre Agagianian,grgoirepierreagagianian,DFFC
Grégory Bourdy,grgorybourdy,DFFC
Grégory Gadebois,grgorygadebois,DFFC
Grégory Rast,grgoryrast,DFFC
Grégory Thil,grgorythil,DFFC
Gu Hara,guhara,DFFC
Gugu Mbatha-Raw,gugumbatharaw,DFFC
Guido Buchwald,guidobuchwald,DFFC
Guido Kaczka,guidokaczka,Celeb
Guillaume Bonnafond,guillaumebonnafond,DFFC
Guillaume Canet,guillaumecanet,Celeb
Guillaume Gillet,guillaumegillet,DFFC
Guillaume Hoarau,guillaumehoarau,DFFC
Guillaume Moreau,guillaumemoreau,DFFC
Guillaume Peltier,guillaumepeltier,DFFC
Guillaume Van Keirsbulck,guillaumevankeirsbulck,DFFC
Guillermo Burdisso,guillermoburdisso,DFFC
Guillermo Díaz,guillermodaz,DFFC
Guillermo Franco,guillermofranco,DFFC
Guillermo Mota,guillermomota,DFFC
Guitar Shorty,guitarshorty,DFFC
Gula gubben,gulagubben,DFFC
Gulcan Arslan,gulcanarslan,Celeb
Gulshan Grover,gulshangrover,Celeb
Gunilla Bergström,gunillabergstrm,DFFC
Gunnar Nelson,gunnarnelson,DFFC
Gunnar Nilsson,gunnarnilsson,DFFC
Gunther O Hofmann,guntherohofmann,DFFC
Gunther von Hagens,gunthervonhagens,DFFC
Guntur Djafril,gunturdjafril,DFFC
Gunārs Saliņš,gunrssali,DFFC
Gurinder Chadha,gurinderchadha,DFFC
Gus Bell,gusbell,DFFC
Gus Bradley,gusbradley,DFFC
Gus Niarhos,gusniarhos,DFFC
Gustav A Hedlund,gustavahedlund,DFFC
Gustav Lorentzen,gustavlorentzen,DFFC
Gustav Schafer,gustavschafer,Celeb
Gustavo Gutiérrez,gustavogutirrez,DFFC
Gustavo Miño,gustavomio,DFFC
Gustavo Quinteros,gustavoquinteros,DFFC
Gustavo Selva,gustavoselva,DFFC
Gustavo Tsuboi,gustavotsuboi,Celeb
Gusttavo Lima,gusttavolima,DFFC
Guus Kuijer,guuskuijer,DFFC
Guusje Nederhorst,guusjenederhorst,DFFC
Guy André Boy,guyandrboy,DFFC
Guy Barker,guybarker,DFFC
Guy Berryman,guyberryman,Celeb
Guy Charron,guycharron,DFFC
Guy Cobb,guycobb,DFFC
Guy Demel,guydemel,DFFC
Guy Ecker,guyecker,Celeb
Guy Garvey,guygarvey,DFFC
Guy Goffette,guygoffette,DFFC
Guy Goodes,guygoodes,DFFC
Guy Green,guygreen,DFFC
Guy Madison,guymadison,Celeb
Guy Madjo,guymadjo,DFFC
Guy Sebastian,guysebastian,Celeb
Guy Stéphane Essame,guystphaneessame,DFFC
Guy Wilks,guywilks,DFFC
Gwen Ifill,gwenifill,DFFC
Gwen Jorgensen,gwenjorgensen,Celeb
Gwen Stefani,gwenstefani,DFFC
Gwendoline Christie,gwendolinechristie,DFFC
Gwendoline Didier,gwendolinedidier,DFFC
Gwyneth Herbert,gwynethherbert,DFFC
Gwyneth Jones,gwynethjones,DFFC
Gwyneth Paltrow,gwynethpaltrow,DFFC
Gyo Obata,gyoobata,DFFC
Gypsy Boots,gypsyboots,DFFC
György Garics,gyrgygarics,DFFC
György Jakubinyi,gyrgyjakubinyi,DFFC
György Pálfi,gyrgyplfi,DFFC
Györgyi Zsivoczky-Farkas,gyrgyizsivoczkyfarkas,DFFC
Gábor A Somorjai,gborasomorjai,DFFC
Gábor Delneky,gbordelneky,DFFC
Gábor Király,gborkirly,DFFC
Génesis Carmona,gnesiscarmona,DFFC
Génesis Rodríguez,gnesisrodrguez,DFFC
Gérard Darmon,grarddarmon,DFFC
Gérard Hernandez,grardhernandez,DFFC
Gérson Magrão,grsonmagro,DFFC
Géza Bereményi,gzaberemnyi,DFFC
Gökhan Inler,gkhaninler,DFFC
Gökhan Töre,gkhantre,DFFC
Gökhan Zan,gkhanzan,DFFC
Gökhan Özoğuz,gkhanzouz,DFFC
Göran Sonnevi,gransonnevi,DFFC
Görel Crona,grelcrona,DFFC
Gülbin Hız,glbinhz,DFFC
Günter Bechly,gnterbechly,DFFC
Günter M Ziegler,gntermziegler,DFFC
Günther Kaufmann,gntherkaufmann,DFFC
Gōtoku Sakai,gtokusakai,DFFC
H Arnold Steinberg,harnoldsteinberg,DFFC
HA Willis,hawillis,DFFC
Ha Ji-won,hajiwon,DFFC
Habib Habibou,habibhabibou,DFFC
Haddy N'jie,haddynjie,DFFC
Hades,hades,DFFC
Hadise Acikgoz,hadiseacikgoz,Celeb
Hadrien Feraud,hadrienferaud,DFFC
Hailee Steinfeld,haileesteinfeld,DFFC
Hailey Clauson,haileyclauson,Celeb
Haimar Zubeldia,haimarzubeldia,DFFC
Hajnalka Tóth,hajnalkatth,DFFC
Hakan Yakin,hakanyakin,DFFC
Hal Abelson,halabelson,DFFC
Hal Duncan,halduncan,DFFC
Hal Fowler,halfowler,DFFC
Hal Prewitt,halprewitt,DFFC
Hal Steinbrenner,halsteinbrenner,DFFC
Haley Bennett,haleybennett,Celeb
Haley Irwin,haleyirwin,DFFC
Halit Ergenc,halitergenc,Celeb
Hall Davis,halldavis,DFFC
Hallam Hope,hallamhope,DFFC
Hallgeir Pedersen,hallgeirpedersen,DFFC
Hallie Foote,halliefoote,DFFC
Hallucinogen,hallucinogen,DFFC
Haloti Ngata,halotingata,DFFC
Halyna Kukhar,halynakukhar,DFFC
Hamady N'Diaye,hamadyndiaye,DFFC
Hamdi Salihi,hamdisalihi,DFFC
Hamed Haddadi,hamedhaddadi,DFFC
Hamid Hassani,hamidhassani,DFFC
Hamilton Camp,hamiltoncamp,DFFC
Hamish Bond,hamishbond,Celeb
Hamish Carter,hamishcarter,DFFC
Hamish McIntosh,hamishmcintosh,DFFC
Hamisi Amani-Dove,hamisiamanidove,DFFC
Hammasa Kohistani,hammasakohistani,DFFC
Hamza Alić,hamzaali,DFFC
Han Hee-won,hanheewon,DFFC
Han Hyo Joo,hanhyojoo,Celeb
Han Xue,hanxue,DFFC
Han Ying,hanying,DFFC
Hana Hegerová,hanahegerov,DFFC
Hana Klapalová,hanaklapalov,DFFC
Hana Laszlo,hanalaszlo,DFFC
Hana Pestle,hanapestle,DFFC
Hana Soukupova,hanasoukupova,Celeb
Hanaa Ben Abdesslem,hanaabenabdesslem,Celeb
Hanako Takigawa,hanakotakigawa,Celeb
Hanan Ashrawi,hananashrawi,DFFC
Hande Subasi,handesubasi,Celeb
Handré Pollard,handrpollard,DFFC
Hanif Kureishi,hanifkureishi,DFFC
Hank Borowy,hankborowy,DFFC
Hank Gathers,hankgathers,DFFC
Hank Williams,hankwilliams,Celeb
Hank Williams III,hankwilliamsiii,DFFC
Hanka Paldum,hankapaldum,DFFC
Hanna Bakuła,hannabakua,DFFC
Hanna Merjos,hannamerjos,Celeb
Hanna Nilsson,hannanilsson,DFFC
Hanna Stjärne,hannastjrne,DFFC
Hanna Titimets,hannatitimets,DFFC
Hanna Zavecz,hannazavecz,DFFC
Hannah Davis,hannahdavis,DFFC
Hannah England,hannahengland,DFFC
Hannah Georgas,hannahgeorgas,DFFC
Hannah Simone,hannahsimone,DFFC
Hannah Spearritt,hannahspearritt,Celeb
Hannah Storm,hannahstorm,DFFC
Hannah Ware,hannahware,DFFC
Hanne Hukkelberg,hannehukkelberg,DFFC
Hanne Krogh,hannekrogh,DFFC
Hannelore Auer,hanneloreauer,DFFC
Hannes Stefánsson,hannesstefnsson,DFFC
Hannes Wader,hanneswader,DFFC
Hannes Þór Halldórsson,hannesrhalldrsson,DFFC
Hans Georg Bock,hansgeorgbock,DFFC
Hans Herrmann,hansherrmann,DFFC
Hans Matheson,hansmatheson,Celeb
Hans Norbye,hansnorbye,DFFC
Hans Reidar Holtermann,hansreidarholtermann,DFFC
Hans Rosling,hansrosling,DFFC
Hans Tikkanen,hanstikkanen,DFFC
Hans Westerhoff,hanswesterhoff,DFFC
Hans Zdražila,hanszdraila,DFFC
Hans Zimmer,hanszimmer,DFFC
Hans á Lag,hanslag,DFFC
Hans-Emil Schuster,hansemilschuster,DFFC
Hans-Kristian Kjos Sørensen,hanskristiankjossrensen,DFFC
Hans-Ulrich Rudel,hansulrichrudel,DFFC
Hansika Motwani,hansikamotwani,DFFC
Hansjorg Wyss,hansjorgwyss,Celeb
Hap Perry,happerry,DFFC
Happy Salma,happysalma,DFFC
Harald Helfgott,haraldhelfgott,DFFC
Harald Zwart,haraldzwart,DFFC
Hardeep Tauo Toganwalia,hardeeptauotoganwalia,DFFC
Harden James,hardenjames,Celeb
Haris Medunjanin,harismedunjanin,DFFC
Haris Radetinac,harisradetinac,DFFC
Haris Safwan Kamal,harissafwankamal,DFFC
Hariton Pushwagner,haritonpushwagner,DFFC
Harland Gunn,harlandgunn,DFFC
Harley Baldwin,harleybaldwin,DFFC
Harm Kuipers,harmkuipers,DFFC
Harman Baweja,harmanbaweja,Celeb
Harmeet Singh,harmeetsingh,DFFC
Harmony Korine,harmonykorine,DFFC
Harold Drew,harolddrew,DFFC
Harold Elliott,haroldelliott,DFFC
Harold Evans,haroldevans,DFFC
Harold Hamm,haroldhamm,Celeb
Harold Perrineau,haroldperrineau,DFFC
Harold Phillipoff,haroldphillipoff,DFFC
Harold Simmons,haroldsimmons,Celeb
Harold van der Heijden,haroldvanderheijden,DFFC
Harper Beckham,harperbeckham,Celeb
Harrellson Josh,harrellsonjosh,Celeb
Harriet Burns,harrietburns,DFFC
Harriet Hunt,harriethunt,DFFC
Harriet Walter,harrietwalter,DFFC
Harrison Barnes,harrisonbarnes,DFFC
Harrison Ford,harrisonford,DFFC
Harrison Smith,harrisonsmith,DFFC
Harry B Gray,harrybgray,DFFC
Harry Browne,harrybrowne,DFFC
Harry Byrd,harrybyrd,DFFC
Harry Caray,harrycaray,DFFC
Harry Chauvel,harrychauvel,DFFC
Harry Chiti,harrychiti,DFFC
Harry D Train II,harrydtrainii,DFFC
Harry Dean Stanton,harrydeanstanton,DFFC
Harry Douglas,harrydouglas,DFFC
Harry Dowda,harrydowda,DFFC
"Harry Gale Nye, Jr",harrygalenyejr,DFFC
Harry Gibson,harrygibson,DFFC
Harry Gilmer,harrygilmer,DFFC
Harry Hamlin,harryhamlin,DFFC
Harry Harrison,harryharrison,DFFC
Harry Hill,harryhill,DFFC
Harry James,harryjames,Celeb
Harry Jenkins,harryjenkins,DFFC
Harry Judd,harryjudd,Celeb
Harry Kalas,harrykalas,DFFC
Harry Kewell,harrykewell,DFFC
Harry Maguire,harrymaguire,DFFC
Harry Mattick,harrymattick,DFFC
Harry Morley,harrymorley,DFFC
Harry Muskee,harrymuskee,DFFC
Harry Pell,harrypell,DFFC
Harry Redknapp,harryredknapp,DFFC
Harry Reems,harryreems,DFFC
Harry Shearer,harryshearer,Celeb
Harry Shum Jr,harryshumjr,Celeb
Harry Styles,harrystyles,Celeb
Harry Thompson,harrythompson,DFFC
Harry Ulinski,harryulinski,DFFC
Harry Wu,harrywu,DFFC
Harry Zolnierczyk,harryzolnierczyk,DFFC
Harshad Chopra,harshadchopra,Celeb
Hart Hanson,harthanson,DFFC
Haruka Ayase,harukaayase,Celeb
Haruka Imai,harukaimai,DFFC
Haruomi Hosono,haruomihosono,DFFC
Harvey Dahl,harveydahl,DFFC
Harvey Haddix,harveyhaddix,DFFC
Harvey Hancock,harveyhancock,DFFC
Harvey Jerome Brudner,harveyjeromebrudner,DFFC
Harvey Keitel,harveykeitel,Celeb
Harvey Levin,harveylevin,DFFC
Harvey Lisberg,harveylisberg,DFFC
Hasan Abdullayev,hasanabdullayev,DFFC
Hasan Ali Kaldırım,hasanalikaldrm,DFFC
Hasan Salihamidžić,hasansalihamidi,DFFC
Hasan Özer,hasanzer,DFFC
Hasan Şaş,hasana,DFFC
Hasheem Thabeet,hasheemthabeet,DFFC
Hashim Amla,hashimamla,DFFC
Haslem Udonis,haslemudonis,Celeb
Hasna Xhukici,hasnaxhukici,Celeb
Hasso Plattner,hassoplattner,Celeb
Hatem Ben Arfa,hatembenarfa,DFFC
Havana Brown,havanabrown,DFFC
Haven Denney,havendenney,DFFC
Hayden Christensen,haydenchristensen,Celeb
Hayford Peirce,hayfordpeirce,DFFC
Hayle Ibrahimov,hayleibrahimov,DFFC
Hayley Anne Sacks,hayleyannesacks,DFFC
Hayley Crawford,hayleycrawford,DFFC
Hayley Jones,hayleyjones,DFFC
Hayley Lauder,hayleylauder,DFFC
Hayley Mills,hayleymills,Celeb
Hayley Orrantia,hayleyorrantia,DFFC
Hayley Wickenheiser,hayleywickenheiser,DFFC
Hazal Kaya,hazalkaya,Celeb
Hazel Clark,hazelclark,DFFC
Hazel Court,hazelcourt,Celeb
Hazel Croney,hazelcroney,Celeb
He Jie,hejie,DFFC
He Wenna,hewenna,DFFC
He Xiangjian,hexiangjian,Celeb
He Zhuoyan,hezhuoyan,DFFC
Heath Francis,heathfrancis,DFFC
Heath Freeman,heathfreeman,Celeb
Heath Pearce,heathpearce,Celeb
Heath Slater,heathslater,DFFC
Heather Chasen,heatherchasen,DFFC
Heather Cox,heathercox,DFFC
Heather Garriock,heathergarriock,DFFC
Heather Graham,heathergraham,DFFC
Heather Hemmens,heatherhemmens,Celeb
Heather Kozar,heatherkozar,Celeb
Heather Locklear,heatherlocklear,DFFC
Heather Marie Marsden,heathermariemarsden,Celeb
Heather Matarazzo,heathermatarazzo,Celeb
Heather Mitts,heathermitts,Celeb
Heather Morris,heathermorris,Celeb
Heather Moyse,heathermoyse,DFFC
Heather O'Rourke,heatherorourke,DFFC
Heather Peace,heatherpeace,DFFC
Heather Rankin,heatherrankin,DFFC
Heather Reisman,heatherreisman,DFFC
Heather Tom,heathertom,Celeb
Heather Vandeven,heathervandeven,DFFC
Heavy D,heavyd,Celeb
Hector Elizondo,hectorelizondo,Celeb
Hedvig Lindahl,hedviglindahl,DFFC
Hedwig von Trapp,hedwigvontrapp,DFFC
Hee Chul,heechul,Celeb
Hee-kyung Seo,heekyungseo,DFFC
Hege Bøkko,hegebkko,DFFC
Heidi Fleiss,heidifleiss,DFFC
Heidi Kabel,heidikabel,DFFC
Heidi Mark,heidimark,Celeb
Heidi Mount,heidimount,Celeb
Heidi Range,heidirange,Celeb
Heike Friedrich,heikefriedrich,DFFC
Heikki Kovalainen,heikkikovalainen,DFFC
Heiko Westermann,heikowestermann,DFFC
Heimano Bourebare,heimanobourebare,DFFC
Heimo Pfeifenberger,heimopfeifenberger,DFFC
Heine Totland,heinetotland,DFFC
"Heinrich IV, Prince Reuss of Köstritz",heinrichivprincereussofkstritz,DFFC
Heinrich Popow,heinrichpopow,DFFC
Heinz Hermann Thiele,heinzhermannthiele,Celeb
Heinz Lindner,heinzlindner,DFFC
Heinz Stücke,heinzstcke,DFFC
Heinz Winckler,heinzwinckler,DFFC
Helder Antunes,helderantunes,DFFC
Helen Alfredsson,helenalfredsson,DFFC
Helen Cornelius,helencornelius,DFFC
Helen Czerski,helenczerski,DFFC
Helen Dallimore,helendallimore,DFFC
Helen Duval,helenduval,DFFC
Helen Flanagan,helenflanagan,Celeb
Helen Hayes,helenhayes,Celeb
Helen Hunt,helenhunt,Celeb
Helen Lindes,helenlindes,Celeb
Helen McCrory,helenmccrory,DFFC
Helen Prejean,helenprejean,DFFC
Helen Reddy,helenreddy,DFFC
Helen Scott,helenscott,DFFC
Helen Slater,helenslater,DFFC
Helen Svedin,helensvedin,Celeb
Helen Thomas,helenthomas,DFFC
Helena Araújo,helenaarajo,DFFC
Helena Bordon,helenabordon,Celeb
Helena Carter,helenacarter,DFFC
Helena Christensen,helenachristensen,DFFC
Helena Coelho,helenacoelho,Celeb
Helena Costa,helenacosta,DFFC
Helena Ekholm,helenaekholm,DFFC
Helena Fromm,helenafromm,Celeb
"Helena Kennedy, Baroness Kennedy of The Shaws",helenakennedybaronesskennedyoftheshaws,DFFC
Helena Mattsson,helenamattsson,Celeb
Helena Paparizou,helenapaparizou,Celeb
Helena Seger,helenaseger,Celeb
Helene Fischer,helenefischer,DFFC
Helene Gayle,helenegayle,Celeb
Helga Margrét Þorsteinsdóttir,helgamargrtorsteinsdttir,DFFC
Helga Zepp-LaRouche,helgazepplarouche,DFFC
Helgi Daníelsson,helgidanelsson,DFFC
Helmut Berger,helmutberger,DFFC
Helmut Dietl,helmutdietl,DFFC
Helmut Hofer,helmuthofer,DFFC
Helmuth Gericke,helmuthgericke,DFFC
Helmuth Lehner,helmuthlehner,DFFC
Heloise Guerin,heloiseguerin,Celeb
Helton Arruda,heltonarruda,DFFC
Henderson Gerald,hendersongerald,Celeb
Hendrick Ramaala,hendrickramaala,DFFC
Hendryk Schamberger,hendrykschamberger,DFFC
Henjo Richter,henjorichter,DFFC
Henk Vogels,henkvogels,DFFC
Henna Lindholm,hennalindholm,DFFC
Henning Solberg,henningsolberg,DFFC
Henok Goitom,henokgoitom,DFFC
Henri Caroine,henricaroine,DFFC
Henri Ciriani,henriciriani,DFFC
Henri Nouwen,henrinouwen,DFFC
Henrieta Farkašová,henrietafarkaov,DFFC
Henrik Christiansen,henrikchristiansen,DFFC
Henrik Klingenberg,henrikklingenberg,DFFC
Henrik Ojamaa,henrikojamaa,DFFC
"Henrik, Prince Consort of Denmark",henrikprinceconsortofdenmark,DFFC
Henrikh Mkhitaryan,henrikhmkhitaryan,DFFC
Henry Cavill,henrycavill,Celeb
Henry E Taylor III,henryetayloriii,DFFC
Henry Fonda,henryfonda,Celeb
Henry Hill,henryhill,DFFC
Henry Hopper,henryhopper,DFFC
Henry Hübchen,henryhbchen,DFFC
Henry J Rosner,henryjrosner,DFFC
Henry Jenkins,henryjenkins,DFFC
Henry Kravis,henrykravis,DFFC
Henry Lau,henrylau,DFFC
Henry Patta,henrypatta,DFFC
Henry Rollins,henryrollins,DFFC
Henry Ross Perot Jr,henryrossperotjr,Celeb
Henry Simmons,henrysimmons,Celeb
Henry Thomas,henrythomas,Celeb
Henry Winkler,henrywinkler,DFFC
Henry Xavier,henryxavier,Celeb
Henry van de Velde,henryvandevelde,DFFC
Henryk Chmielewski,henrykchmielewski,DFFC
Herb Caen,herbcaen,DFFC
Herb Kelleher,herbkelleher,DFFC
Herb Sendek,herbsendek,DFFC
Herb Trimpe,herbtrimpe,DFFC
Herbert Blau,herbertblau,DFFC
Herbert Boyer,herbertboyer,DFFC
Herbert C Holdridge,herbertcholdridge,DFFC
Herbert Loebl,herbertloebl,DFFC
Herbie Blash,herbieblash,DFFC
Herbie Hancock,herbiehancock,DFFC
Herbie Phillips,herbiephillips,DFFC
Herculez Gomez,herculezgomez,Celeb
Heribert Prantl,heribertprantl,DFFC
Heribert Weber,heribertweber,DFFC
Herika Noronha,herikanoronha,Celeb
Heritier Lumumba,heritierlumumba,DFFC
Herman Cain,hermancain,Celeb
Herman Claudius van Riemsdijk,hermanclaudiusvanriemsdijk,DFFC
Herman Johnson,hermanjohnson,DFFC
Herman Lindqvist,hermanlindqvist,DFFC
Herman Matthews,hermanmatthews,DFFC
Herman Van Springel,hermanvanspringel,DFFC
Herman van Veen,hermanvanveen,DFFC
Hermann Lang,hermannlang,DFFC
Hernandez,hernandez,DFFC
Herschell Gordon Lewis,herschellgordonlewis,DFFC
Herson Capri,hersoncapri,DFFC
Herta Müller,hertamller,DFFC
Herve Xavier Zengue,hervexavierzengue,DFFC
Hervé Falciani,hervfalciani,DFFC
Hervé Lord,hervlord,DFFC
Hervé Yamguen,hervyamguen,DFFC
Hiam Abbass,hiamabbass,DFFC
Hicham El Guerrouj,hichamelguerrouj,DFFC
Hidehiko Yoshida,hidehikoyoshida,DFFC
Hideki Mutoh,hidekimutoh,DFFC
Hideo Kojima,hideokojima,DFFC
Hidetoshi Nakata,hidetoshinakata,DFFC
Hienadz Buraukin,hienadzburaukin,DFFC
Hiizu Iwamura,hiizuiwamura,DFFC
Hikari Minami,hikariminami,DFFC
Hikaru Shida,hikarushida,DFFC
Hikaru Utada,hikaruutada,DFFC
Hikmet Balioğlu,hikmetbaliolu,DFFC
Hila Bronstein,hilabronstein,DFFC
Hilary Bradt,hilarybradt,DFFC
Hilary Koprowski,hilarykoprowski,DFFC
Hilary Swank,hilaryswank,Celeb
Hilda Carlén,hildacarln,DFFC
Hill Harper,hillharper,Celeb
Hillary B Smith,hillarybsmith,DFFC
Hillary Fisher,hillaryfisher,Celeb
Hillary Scott,hillaryscott,Celeb
Hillbilly Jim,hillbillyjim,DFFC
Hillel Furstenberg,hillelfurstenberg,DFFC
Hilly Kristal,hillykristal,DFFC
Himesh Reshammiya,himeshreshammiya,Celeb
Hines Ward,hinesward,Celeb
Hiro Mashima,hiromashima,DFFC
Hiroki Morisaki,hirokimorisaki,DFFC
Hiroki Moriya,hirokimoriya,DFFC
Hiromasa Yonekura,hiromasayonekura,DFFC
Hiromichi Tanaka,hiromichitanaka,DFFC
Hirooki Goto,hirookigoto,DFFC
Hiroshi Hoketsu,hiroshihoketsu,DFFC
Hiroshi Tanahashi,hiroshitanahashi,DFFC
Hiroyoshi Tenzan,hiroyoshitenzan,DFFC
Hisae Ukita,hisaeukita,Celeb
"Hisako, Princess Takamado",hisakoprincesstakamado,DFFC
Hisashi Inoue,hisashiinoue,DFFC
Hisashi Yamada,hisashiyamada,DFFC
Hitomi Aizawa,hitomiaizawa,Celeb
Hitomi Yoshizawa,hitomiyoshizawa,Celeb
Hlavackova Andrea,hlavackovaandrea,Celeb
Hofit Golan,hofitgolan,Celeb
Holder da Silva,holderdasilva,DFFC
Holger Glinicki,holgerglinicki,DFFC
Holger Stromberg,holgerstromberg,DFFC
Holland Roden,hollandroden,DFFC
Holland Taylor,hollandtaylor,DFFC
Holliday Grainger,hollidaygrainger,DFFC
Hollie Stevens,holliestevens,DFFC
Holly Branson,hollybranson,Celeb
Holly Golightly,hollygolightly,DFFC
Holly Holm,hollyholm,DFFC
Holly Huddleston,hollyhuddleston,Celeb
Holly Johnson,hollyjohnson,DFFC
Holly Marie Combs,hollymariecombs,DFFC
Holly McGuire,hollymcguire,Celeb
Holly Near,hollynear,DFFC
Holly Peers,hollypeers,Celeb
Holly Throsby,hollythrosby,DFFC
Holly Valance,hollyvalance,Celeb
Holly Weber,hollyweber,DFFC
Holly Willoughby,hollywilloughby,Celeb
Homare Sawa,homaresawa,DFFC
Homayoun Behzadi,homayounbehzadi,DFFC
Homicide,homicide,DFFC
Honey Piazza,honeypiazza,DFFC
Honeysuckle Weeks,honeysuckleweeks,DFFC
Hong Jin-joo,hongjinjoo,DFFC
Hong Jong-hyun,hongjonghyun,DFFC
Hong sang soo,hongsangsoo,Celeb
Hooshang Amirahmadi,hooshangamirahmadi,DFFC
Hope Akpan,hopeakpan,DFFC
Hope Dworaczyk,hopedworaczyk,Celeb
Hope Lange,hopelange,Celeb
Hope Solo,hopesolo,DFFC
Horace Alexander,horacealexander,DFFC
Horace Hendrickson,horacehendrickson,DFFC
Horace Romano Harré,horaceromanoharr,DFFC
"Horace Seely-Brown, Jr",horaceseelybrownjr,DFFC
Horia Colibășanu,horiacolibanu,DFFC
Horst Paulmann,horstpaulmann,Celeb
Hosea Chanchez,hoseachanchez,Celeb
Hossam Ghaly,hossamghaly,DFFC
Hossein Faraki,hosseinfaraki,DFFC
Hossein Nuri,hosseinnuri,DFFC
Hot Model,hotmodel,Celeb
Houssine Kharja,houssinekharja,DFFC
Houston Nutt,houstonnutt,DFFC
Howard Bryant,howardbryant,DFFC
Howard Cedar,howardcedar,DFFC
Howard D Graves,howarddgraves,DFFC
Howard Eisley,howardeisley,DFFC
Howard Fuller,howardfuller,DFFC
Howard Hartley,howardhartley,DFFC
Howard James Hubbard,howardjameshubbard,DFFC
Howard Kaylan,howardkaylan,DFFC
Howard Keel,howardkeel,Celeb
Howard Leese,howardleese,DFFC
Howard Morrison,howardmorrison,DFFC
Howard Stern,howardstern,DFFC
Howard Stringer,howardstringer,DFFC
Howard Webb,howardwebb,DFFC
Howie Dorough,howiedorough,DFFC
Howie Long,howielong,DFFC
Howie Mandel,howiemandel,DFFC
Howie Rose,howierose,DFFC
"Hoyt S Vandenberg, Jr",hoytsvandenbergjr,DFFC
Hozier,hozier,DFFC
Hristina Vassileva,hristinavassileva,DFFC
Hrithik Roshan,hrithikroshan,DFFC
Hrvoje Perić,hrvojeperi,DFFC
Hsu Chi,hsuchi,Celeb
Hu Mei,humei,DFFC
Huang Xintong,huangxintong,DFFC
Huber Matos,hubermatos,DFFC
Hubert Österle,hubertsterle,DFFC
Huck Seed,huckseed,DFFC
Hudson Leick,hudsonleick,Celeb
Huey Lewis,hueylewis,Celeb
Hugh Dancy,hughdancy,DFFC
Hugh Dillon,hughdillon,Celeb
Hugh Grant,hughgrant,DFFC
Hugh Green,hughgreen,DFFC
Hugh Jackman,hughjackman,DFFC
Hugh Laurie,hughlaurie,DFFC
Hugh Masekela,hughmasekela,DFFC
Hugh McElhenny,hughmcelhenny,DFFC
Hugh Panaro,hughpanaro,DFFC
"Hugh Thompson, Jr",hughthompsonjr,DFFC
Hugo Barra,hugobarra,DFFC
Hugo Becker,hugobecker,Celeb
Hugo Brandt Corstius,hugobrandtcorstius,DFFC
Hugo Campagnaro,hugocampagnaro,DFFC
Hugo Colace,hugocolace,DFFC
Hugo Heyrman,hugoheyrman,DFFC
Hugo Rodallega,hugorodallega,DFFC
Hugo Sánchez,hugosnchez,DFFC
Hugo Valente,hugovalente,DFFC
Hugo Viana,hugoviana,DFFC
Hugo Weaving,hugoweaving,Celeb
Hugo van Lawick,hugovanlawick,DFFC
Hugues Gentillon,huguesgentillon,DFFC
Huguette Labelle,huguettelabelle,DFFC
Hui Lin Chit,huilinchit,Celeb
Hulk,hulk,DFFC
Hulk Hogan,hulkhogan,Celeb
Hulya Avsar,hulyaavsar,Celeb
Huma Qureshi,humaqureshi,DFFC
Humberto Fernández Morán,humbertofernndezmorn,DFFC
Humphrey Lyttelton,humphreylyttelton,DFFC
Hunter Hayes,hunterhayes,DFFC
Hunter King,hunterking,DFFC
Hunter Parrish,hunterparrish,DFFC
Hunter Tylo,huntertylo,DFFC
Hunter Wendelstedt,hunterwendelstedt,DFFC
Huntington Hartford,huntingtonhartford,DFFC
Hussain Ali Shehab,hussainalishehab,DFFC
Hussein Fatal,husseinfatal,DFFC
Huw Edwards,huwedwards,DFFC
Hyapatia Lee,hyapatialee,Celeb
Hyde,hyde,DFFC
Hye Rim Park,hyerimpark,Celeb
Hye-sun Koo,hyesunkoo,Celeb
Hyo-jin Kong,hyojinkong,Celeb
Hyo-ju Han,hyojuhan,Celeb
Hyoni Kang,hyonikang,Celeb
Hyun-joong Kim,hyunjoongkim,Celeb
Håkan Dahlby,hkandahlby,DFFC
Håkan Södergren,hkansdergren,DFFC
Håkon Kornstad,hkonkornstad,DFFC
Håkon Mjåset Johansen,hkonmjsetjohansen,DFFC
Héctor Bellerín,hctorbellern,DFFC
Héctor Cúper,hctorcper,DFFC
Hélio Castroneves,hliocastroneves,DFFC
Hélio Pinto,hliopinto,DFFC
Hélio Roque,hlioroque,DFFC
Hélène Chanel,hlnechanel,DFFC
Hélène Fillières,hlnefillires,DFFC
Hólmfríður Magnúsdóttir,hlmfrurmagnsdttir,DFFC
Hüseyin Tavur,hseyintavur,DFFC
Hương Thuỷ,hngthu,DFFC
I Ahmed,iahmed,DFFC
IF Stone,ifstone,DFFC
IM Ibrahim,imibrahim,DFFC
IM Pei,impei,Both
IU,iu,DFFC
Iago Aspas,iagoaspas,DFFC
Iago Bouzón,iagobouzn,DFFC
Iain De Caestecker,iaindecaestecker,DFFC
Iain Fyfe,iainfyfe,DFFC
Iain Glen,iainglen,DFFC
Iain Murray,iainmurray,DFFC
Iain Steel,iainsteel,DFFC
Iain Stirling,iainstirling,DFFC
Iain Torrance,iaintorrance,DFFC
Ian Anderson,iananderson,Celeb
Ian Anthony Dale,iananthonydale,Celeb
Ian Ashbee,ianashbee,DFFC
Ian Astbury,ianastbury,Celeb
Ian Black,ianblack,DFFC
Ian Bone,ianbone,DFFC
Ian Boswell,ianboswell,DFFC
Ian Botham,ianbotham,Celeb
Ian Brown,ianbrown,DFFC
Ian Burns,ianburns,DFFC
Ian Callum,iancallum,DFFC
Ian Clarke,ianclarke,DFFC
Ian Dougald McLachlan,iandougaldmclachlan,DFFC
Ian Dury,iandury,DFFC
Ian Gillan,iangillan,DFFC
Ian Habgood,ianhabgood,DFFC
Ian Harding,ianharding,Celeb
Ian Hart,ianhart,Celeb
Ian Holloway,ianholloway,DFFC
Ian Holm,ianholm,DFFC
Ian Kershaw,iankershaw,DFFC
Ian Lorello,ianlorello,DFFC
Ian Lougher,ianlougher,DFFC
Ian Mackay,ianmackay,DFFC
Ian McDiarmid,ianmcdiarmid,DFFC
Ian McEwan,ianmcewan,DFFC
Ian McKellen,ianmckellen,DFFC
Ian McShane,ianmcshane,Celeb
Ian Miller,ianmiller,DFFC
Ian Mosley,ianmosley,DFFC
Ian Moss,ianmoss,DFFC
Ian Nepomniachtchi,iannepomniachtchi,DFFC
Ian Ogilvy,ianogilvy,DFFC
Ian Richard Livingstone,ianrichardlivingstone,Celeb
Ian Rogers,ianrogers,DFFC
Ian Smith,iansmith,DFFC
Ian Somerhalder,iansomerhalder,DFFC
Ian Tyson,iantyson,DFFC
Ian Usher,ianusher,DFFC
Ian Vougioukas,ianvougioukas,DFFC
Ian Williams,ianwilliams,DFFC
Ian Ziering,ianziering,Celeb
Iaroslav Mușinschi,iaroslavmuinschi,DFFC
Iban Mayo,ibanmayo,DFFC
Ibragim Tsallagov,ibragimtsallagov,DFFC
Ibrahim Ba,ibrahimba,DFFC
Ibrahim Fazeel,ibrahimfazeel,DFFC
Ibrahim Ferrer,ibrahimferrer,DFFC
Ibrahim Tanko,ibrahimtanko,DFFC
Ibrahima Baldé,ibrahimabald,DFFC
Ibson,ibson,DFFC
Ibtihaj Muhammad,ibtihajmuhammad,DFFC
Ice Cube,icecube,DFFC
Ice-T,icet,DFFC
Ida Daussy,idadaussy,DFFC
Ida Marcussen,idamarcussen,DFFC
Ida Maria,idamaria,DFFC
Idan Shriki,idanshriki,DFFC
Idina Menzel,idinamenzel,DFFC
Idris Elba,idriselba,Celeb
Ieva Gaile,ievagaile,DFFC
Ieva Laguna,ievalaguna,Celeb
Ifeoma Dieke,ifeomadieke,DFFC
Iggy,iggy,Celeb
Iginio Straffi,iginiostraffi,DFFC
Ignatas Konovalovas,ignataskonovalovas,DFFC
Ignatius Aphrem II,ignatiusaphremii,DFFC
Ignisious Gaisah,ignisiousgaisah,DFFC
Igor Antón,igorantn,DFFC
Igor Cassina,igorcassina,DFFC
Igor Denisov,igordenisov,DFFC
Igor Gabilondo,igorgabilondo,DFFC
Igor Girkin,igorgirkin,DFFC
Igor Kireyev,igorkireyev,DFFC
Igor Kurnosov,igorkurnosov,DFFC
Igor Lichnovsky,igorlichnovsky,DFFC
Igor Mandić,igormandi,DFFC
Igor Medved,igormedved,DFFC
Igor Pashkevich,igorpashkevich,DFFC
Igor Semshov,igorsemshov,DFFC
Igor Sijsling,igorsijsling,DFFC
Igor Smolnikov,igorsmolnikov,DFFC
Igor Usminskiy,igorusminskiy,DFFC
Igor Vori,igorvori,DFFC
Igor Vovkovinskiy,igorvovkovinskiy,DFFC
Igor Zhelezovski,igorzhelezovski,DFFC
Igor de Camargo,igordecamargo,DFFC
Igors Rausis,igorsrausis,DFFC
Iguodala Andre,iguodalaandre,Celeb
Ihar Fartunau,iharfartunau,DFFC
Ihor Bodrov,ihorbodrov,DFFC
Ihor Kostenko,ihorkostenko,DFFC
Ihor Radivilov,ihorradivilov,DFFC
Ihor Tymchenko,ihortymchenko,DFFC
Iina Kuustonen,iinakuustonen,DFFC
Iiris,iiris,DFFC
Ike Barinholtz,ikebarinholtz,DFFC
Ike Turner,iketurner,Celeb
Iker Camaño,ikercamao,DFFC
Iker Casillas,ikercasillas,Celeb
Iker Muniain,ikermuniain,DFFC
Iko Uwais,ikouwais,DFFC
Il-guk Song,ilguksong,Celeb
Ilana Glazer,ilanaglazer,DFFC
Ilary Blasi,ilaryblasi,Celeb
Ildar Khairullin,ildarkhairullin,DFFC
Ildefons Lima,ildefonslima,DFFC
Ilean Almaguer,ileanalmaguer,Celeb
Ileana,ileana,Celeb
Ileana D'Cruz,ileanadcruz,DFFC
Ilene Kristen,ilenekristen,DFFC
Ilia Averbukh,iliaaverbukh,DFFC
Ilia Kulik,iliakulik,DFFC
Ilia Londaridze,ilialondaridze,DFFC
Ilie Năstase,ilienstase,DFFC
Ilja Reijngoud,iljareijngoud,DFFC
Ilkka Alanko,ilkkaalanko,DFFC
Ilkka Hanski,ilkkahanski,DFFC
Ilkka Laitinen,ilkkalaitinen,DFFC
Ilmārs Bricis,ilmrsbricis,DFFC
Ilmārs Starostīts,ilmrsstarostts,DFFC
Ilona Gusenbauer,ilonagusenbauer,DFFC
Ilona Korstin,ilonakorstin,DFFC
Ilona Sojda,ilonasojda,DFFC
Ilona Struzik,ilonastruzik,Celeb
Ilunga Mande Zatara,ilungamandezatara,DFFC
Ilya Kormiltsev,ilyakormiltsev,DFFC
Ilya Maksimov,ilyamaksimov,DFFC
Ilya Shkurenyov,ilyashkurenyov,DFFC
Iman,iman,DFFC
Imelda May,imeldamay,DFFC
Imelda Staunton,imeldastaunton,Celeb
Imerio Massignan,imeriomassignan,DFFC
Immanuel Velikovsky,immanuelvelikovsky,DFFC
Imogen Bailey,imogenbailey,Celeb
Imogen Heap,imogenheap,DFFC
Imogen Poots,imogenpoots,Celeb
Imogen Thomas,imogenthomas,Celeb
Imola Fedor,imolafedor,Celeb
Imran Abbas,imranabbas,Celeb
Imre Földi,imrefldi,DFFC
Imre Makovecz,imremakovecz,DFFC
Imthias Kadeer,imthiaskadeer,DFFC
In-Kyung Kim,inkyungkim,DFFC
In-Pyo Cha,inpyocha,Celeb
Ina-Yoko Teutenberg,inayokoteutenberg,DFFC
Inari Vachs,inarivachs,DFFC
Inbee Park,inbeepark,DFFC
India de Beaufort,indiadebeaufort,DFFC
IndiaArie,indiaarie,Celeb
Indiana Evans,indianaevans,DFFC
Indira Radić,indiraradi,DFFC
Indira Varma,indiravarma,Celeb
Indra Nooyi,indranooyi,DFFC
Indumati Babuji Patankar,indumatibabujipatankar,DFFC
Ines Palombo,inespalombo,Celeb
Ines Sastre,inessastre,Celeb
Ineta Radēviča,inetaradvia,DFFC
Infanta Cristina of Spain,infantacristinaofspain,DFFC
"Infanta Elena, Duchess of Lugo",infantaelenaduchessoflugo,DFFC
Inga Janulevičiūtė,ingajanuleviit,DFFC
Ingemar Stenmark,ingemarstenmark,DFFC
Inger Nilsson,ingernilsson,DFFC
Inger Stevens,ingerstevens,Celeb
Ingle Martin,inglemartin,DFFC
Ingo Steuer,ingosteuer,DFFC
Ingor Ánte Áilo Gaup,ingornteilogaup,DFFC
Ingrid Bergman,ingridbergman,Celeb
Ingrid Chauvin,ingridchauvin,DFFC
Ingrid Grudke,ingridgrudke,Celeb
Ingrid Newkirk,ingridnewkirk,DFFC
Ingrid Veninger,ingridveninger,DFFC
Inguna Butane,ingunabutane,Celeb
Ingvar Carlsson,ingvarcarlsson,DFFC
Ingvar Kamprad,ingvarkamprad,Celeb
Ingvar Oldsberg,ingvaroldsberg,DFFC
Inna Deriglazova,innaderiglazova,DFFC
Inna Gaponenko,innagaponenko,DFFC
Inna Tsymbalyuk,innatsymbalyuk,DFFC
Inna Zhelannaya,innazhelannaya,DFFC
Inna Zhukova,innazhukova,DFFC
Inoslav Bešker,inoslavbeker,DFFC
Inspectah Deck,inspectahdeck,DFFC
Inul Daratista,inuldaratista,DFFC
Inès de La Fressange,insdelafressange,DFFC
Inés Ferrer Suárez,insferrersurez,DFFC
Inés Melchor,insmelchor,DFFC
Io Shirai,ioshirai,DFFC
Ioannis Bourousis,ioannisbourousis,DFFC
Iolanda Balaș,iolandabala,DFFC
Ion Jinga,ionjinga,DFFC
Iqbal Khan,iqbalkhan,DFFC
Iqbal Theba,iqbaltheba,DFFC
Ira Newble,iranewble,DFFC
Ira Rennert,irarennert,Celeb
Ira Vannut,iravannut,DFFC
Irakli Dzneladze,iraklidzneladze,DFFC
Iran Barkley,iranbarkley,DFFC
Irandhir Santos,irandhirsantos,DFFC
Ireen Wüst,ireenwst,DFFC
Irena Jarocka,irenajarocka,DFFC
Irene Dunne,irenedunne,Celeb
Irene Vecchi,irenevecchi,DFFC
Irene Villa,irenevilla,DFFC
Irina Abysova,irinaabysova,DFFC
Irina Antonenko,irinaantonenko,DFFC
Irina Batistuta,irinabatistuta,Celeb
Irina Embrich,irinaembrich,DFFC
Irina Grineva,irinagrineva,Celeb
Irina Gumenyuk,irinagumenyuk,DFFC
Irina Khromacheva,irinakhromacheva,DFFC
Irina Konstantinovna Feodorova,irinakonstantinovnafeodorova,DFFC
Irina Kulikova,irinakulikova,DFFC
Irina Levitina,irinalevitina,DFFC
Irina Pantaeva,irinapantaeva,DFFC
Irina Rodnina,irinarodnina,DFFC
Irina Shtork,irinashtork,DFFC
Irina-Camelia Begu,irinacameliabegu,DFFC
Irine Kharisma Sukandar,irinekharismasukandar,DFFC
Irinej Bulović,irinejbulovi,DFFC
Iriney,iriney,DFFC
Iris Berben,irisberben,Celeb
Iris Häussler,irishussler,DFFC
Iris Kroes,iriskroes,DFFC
Iris Smith,irissmith,DFFC
Irish McCalla,irishmccalla,Celeb
Irma,irma,DFFC
Irma Dimas,irmadimas,DFFC
Irrfan Khan,irrfankhan,Celeb
Irshad Kamil,irshadkamil,DFFC
Irvette van Zyl,irvettevanzyl,DFFC
Irvin Leigh Matus,irvinleighmatus,DFFC
Irwin Fridovich,irwinfridovich,DFFC
Irwin Gunsalus,irwingunsalus,DFFC
Irwin M Jacobs,irwinmjacobs,DFFC
Iryna Yatchenko,irynayatchenko,DFFC
Iryna Zvarych,irynazvarych,DFFC
Isa Tengblad,isatengblad,DFFC
Isa bin Salman Al Khalifa,isabinsalmanalkhalifa,DFFC
Isaac Hayes,isaachayes,Celeb
Isaac Hempstead Wright,isaachempsteadwright,DFFC
Isaac Herzog,isaacherzog,DFFC
Isaac Sopoaga,isaacsopoaga,DFFC
Isaac Vorsah,isaacvorsah,DFFC
Isaach de Bankolé,isaachdebankol,DFFC
Isabel Drescher,isabeldrescher,DFFC
Isabel Jeans,isabeljeans,DFFC
Isabel Luberza Oppenheimer,isabelluberzaoppenheimer,DFFC
Isabel Lucas,isabellucas,Celeb
Isabel Macedo,isabelmacedo,Celeb
Isabel Suckling,isabelsuckling,DFFC
Isabeli Fontana,isabelifontana,Celeb
Isabella Castillo,isabellacastillo,DFFC
Isabella Pajardi,isabellapajardi,DFFC
Isabelle Delobel,isabelledelobel,DFFC
Isabelle Drummond,isabelledrummond,DFFC
Isabelle Fuhrman,isabellefuhrman,Celeb
Isabelle Leymarie,isabelleleymarie,DFFC
Isabelle Mercier,isabellemercier,DFFC
Isabelle Spennato,isabellespennato,DFFC
Isaiah Mustafa,isaiahmustafa,Celeb
Isaiah Rashad,isaiahrashad,DFFC
Isaiah Thomas,isaiahthomas,DFFC
Isak Samokovlija,isaksamokovlija,DFFC
Isak Strand,isakstrand,DFFC
Isami Kodaka,isamikodaka,DFFC
Iselin Steiro,iselinsteiro,Celeb
Isha Sharvani,ishasharvani,DFFC
Ishak Belfodil,ishakbelfodil,DFFC
Isiah Williams,isiahwilliams,DFFC
Isidro Nozal,isidronozal,DFFC
Isild Le Besco,isildlebesco,DFFC
Isis King,isisking,Celeb
Isis Taylor,isistaylor,DFFC
Isis Valverde,isisvalverde,Celeb
Isla Fisher,islafisher,Celeb
Ismael Laguna,ismaellaguna,DFFC
Ismaël Lô,ismall,DFFC
Ismaïl Aissati,ismalaissati,DFFC
Ismo Alanko,ismoalanko,DFFC
Isobelle Carmody,isobellecarmody,DFFC
Israel Englander,israelenglander,Celeb
Issa J Boullata,issajboullata,DFFC
Iswarya Menon,iswaryamenon,DFFC
Ita Buttrose,itabuttrose,DFFC
Italia Ricci,italiaricci,Celeb
Itan Chavira,itanchavira,DFFC
Itati Cantoral,itaticantoral,Celeb
Itay Shechter,itayshechter,DFFC
Itsuki Yamada,itsukiyamada,DFFC
Iurii Tsaruk,iuriitsaruk,DFFC
Iva Videnova,ivavidenova,DFFC
Ivan Aničin,ivananiin,DFFC
Ivan Bandalovski,ivanbandalovski,DFFC
Ivan Barbashev,ivanbarbashev,DFFC
Ivan Batur,ivanbatur,DFFC
Ivan Dorschner,ivandorschner,Celeb
Ivan Ergić,ivanergi,DFFC
Ivan Fears,ivanfears,DFFC
Ivan Feodosiyovych Korsak,ivanfeodosiyovychkorsak,DFFC
Ivan Glasenberg,ivanglasenberg,Celeb
Ivan Henjak,ivanhenjak,DFFC
Ivan Ivanišević,ivanivanievi,DFFC
Ivan Ivanov,ivanivanov,DFFC
Ivan Koloff,ivankoloff,DFFC
Ivan Lendl,ivanlendl,DFFC
Ivan Marinković,ivanmarinkovi,DFFC
Ivan Martin Jirous,ivanmartinjirous,DFFC
Ivan Merz,ivanmerz,DFFC
Ivan Neville,ivanneville,DFFC
Ivan Okhlobystin,ivanokhlobystin,Celeb
Ivan Perišić,ivanperii,DFFC
Ivan Rabb,ivanrabb,DFFC
Ivan Santaromita,ivansantaromita,DFFC
Ivan Shefer,ivanshefer,DFFC
Ivan Solovyov,ivansolovyov,DFFC
Ivan Taranov,ivantaranov,DFFC
Ivan Turina,ivanturina,DFFC
Ivan Woods,ivanwoods,DFFC
Ivan Ćurković,ivanurkovi,DFFC
Ivan Žigeranović,ivanigeranovi,DFFC
Ivana Milicevic,ivanamilicevic,Celeb
Ivana Reitmayerová,ivanareitmayerov,DFFC
Ivana Saccani,ivanasaccani,Celeb
Ivana Trump,ivanatrump,DFFC
Ivanka Trump,ivankatrump,Celeb
Ivar Haglund,ivarhaglund,DFFC
Iver Kleive,iverkleive,DFFC
Ivi Adamou,iviadamou,Celeb
Ivica Grlić,ivicagrli,DFFC
Ivica Kralj,ivicakralj,DFFC
Ivo Basay,ivobasay,DFFC
Ivo Iličević,ivoilievi,DFFC
Ivo Linna,ivolinna,DFFC
Ivo Viktor,ivoviktor,DFFC
Ivonne Coll,ivonnecoll,DFFC
Ivonne Guzmán,ivonneguzmn,DFFC
Ivory,ivory,DFFC
Ivri Lider,ivrilider,DFFC
Ivy Levan,ivylevan,Celeb
Iván Córdoba,ivncrdoba,DFFC
Iván Darvas,ivndarvas,DFFC
Iván Faragó,ivnfarag,DFFC
Iván Gutiérrez,ivngutirrez,DFFC
Iván Marcano,ivnmarcano,DFFC
Iván Rodríguez,ivnrodrguez,DFFC
Iván Trevejo,ivntrevejo,DFFC
Iván Velasco,ivnvelasco,DFFC
Iván de la Peña,ivndelapea,DFFC
Iwa Moto,iwamoto,DFFC
Iweta Rajlich,iwetarajlich,DFFC
Iyari Limon,iyarilimon,DFFC
Izabel Goulart,izabelgoulart,Celeb
Izabela Lojna,izabelalojna,DFFC
Izabella Scorupco,izabellascorupco,DFFC
Izet Hajrović,izethajrovi,DFFC
Izolda Izvitskaya,izoldaizvitskaya,Celeb
Iñaki Bea Jauregi,iakibeajauregi,DFFC
Iñigo Idiakez,iigoidiakez,DFFC
J Bradford DeLong,jbradforddelong,DFFC
J Michael Straczynski,jmichaelstraczynski,DFFC
J Scott Campbell,jscottcampbell,DFFC
J Tillman,jtillman,DFFC
J'Marcus Webb,jmarcuswebb,DFFC
J-Ax,jax,DFFC
JB Carlson,jbcarlson,DFFC
JB Gunn,jbgunn,DFFC
JC Schütz,jcschtz,DFFC
JC Tran,jctran,DFFC
JF Lawton,jflawton,DFFC
JG Quintel,jgquintel,DFFC
JH Wyman,jhwyman,DFFC
JJ Abrams,jjabrams,Both
JJ Jackson,jjjackson,DFFC
JJ Koval,jjkoval,DFFC
JJ Liu,jjliu,DFFC
JJ Raterink,jjraterink,DFFC
JJ Watt,jjwatt,DFFC
JJ Yeley,jjyeley,Celeb
JK Rowling,jkrowling,DFFC
JK Simmons,jksimmons,DFFC
JM Coetzee,jmcoetzee,DFFC
JP Losman,jplosman,DFFC
JR Cawaling,jrcawaling,DFFC
JR Celski,jrcelski,DFFC
JR Fitzpatrick,jrfitzpatrick,DFFC
JT Brown,jtbrown,DFFC
JT King,jtking,DFFC
JT Petty,jtpetty,DFFC
JWoww,jwoww,DFFC
Ja Rule,jarule,Celeb
Ja'Gared Davis,jagareddavis,DFFC
Ja'Wuan James,jawuanjames,DFFC
JaMarcus Russell,jamarcusrussell,DFFC
JaVale McGee,javalemcgee,Celeb
Jaak Mae,jaakmae,DFFC
Jaakko Saariluoma,jaakkosaariluoma,DFFC
Jaan Einasto,jaaneinasto,DFFC
Jaani Peuhu,jaanipeuhu,DFFC
Jabari Parker,jabariparker,DFFC
Jabe Thomas,jabethomas,DFFC
Jacek Gdański,jacekgdaski,DFFC
Jacek Gmoch,jacekgmoch,DFFC
Jaci Velasquez,jacivelasquez,Celeb
Jacinda Barrett,jacindabarrett,DFFC
Jack Banta,jackbanta,DFFC
Jack Barakat,jackbarakat,Celeb
Jack Bender,jackbender,DFFC
Jack Black,jackblack,Celeb
Jack Boone,jackboone,DFFC
Jack Brabham,jackbrabham,DFFC
Jack Brennan,jackbrennan,DFFC
Jack Bruce,jackbruce,DFFC
Jack C Montgomery,jackcmontgomery,DFFC
Jack Capuano,jackcapuano,DFFC
Jack Casady,jackcasady,DFFC
Jack Colback,jackcolback,DFFC
Jack Coleman,jackcoleman,Celeb
Jack Connors,jackconnors,DFFC
Jack Cooper,jackcooper,DFFC
Jack Cork,jackcork,DFFC
Jack Daniels,jackdaniels,DFFC
Jack Davenport,jackdavenport,DFFC
Jack Dee,jackdee,DFFC
Jack Del Rio,jackdelrio,DFFC
Jack Delano,jackdelano,DFFC
Jack Doan,jackdoan,DFFC
Jack Dorsey,jackdorsey,DFFC
Jack Dykinga,jackdykinga,DFFC
Jack Evans,jackevans,DFFC
Jack Fisk,jackfisk,DFFC
Jack Gleeson,jackgleeson,DFFC
Jack Gordon,jackgordon,DFFC
Jack Haley,jackhaley,Celeb
Jack Harbaugh,jackharbaugh,DFFC
Jack Harshman,jackharshman,DFFC
Jack Hunter,jackhunter,DFFC
Jack Iker,jackiker,DFFC
Jack Jarrett,jackjarrett,Celeb
Jack Johnson,jackjohnson,DFFC
Jack Klugman,jackklugman,Celeb
Jack La Rue,jacklarue,DFFC
Jack Larson,jacklarson,Celeb
Jack Lawrence,jacklawrence,DFFC
Jack Levine,jacklevine,DFFC
Jack Lowden,jacklowden,DFFC
Jack MacGowran,jackmacgowran,DFFC
Jack McBrayer,jackmcbrayer,DFFC
Jack McDevitt,jackmcdevitt,DFFC
Jack McKeon,jackmckeon,DFFC
Jack Midson,jackmidson,DFFC
Jack Morava,jackmorava,DFFC
Jack Morris,jackmorris,DFFC
Jack OConnell,jackoconnell,Celeb
Jack Payne,jackpayne,DFFC
Jack Robinson,jackrobinson,DFFC
Jack Rubinacci,jackrubinacci,DFFC
Jack Sealy,jacksealy,DFFC
Jack Siedlecki,jacksiedlecki,DFFC
Jack Sock,jacksock,DFFC
Jack Swagger,jackswagger,DFFC
Jack Swift,jackswift,DFFC
Jack Wagner,jackwagner,Celeb
Jack Watts,jackwatts,DFFC
Jack Webb,jackwebb,Celeb
Jack Welch,jackwelch,DFFC
Jack White,jackwhite,DFFC
Jack Wilshere,jackwilshere,DFFC
Jack Zduriencik,jackzduriencik,DFFC
JackNicklaus,jacknicklaus,Celeb
Jackeline Rentería,jackelinerentera,DFFC
Jackie Battle,jackiebattle,DFFC
"Jackie Bradley, Jr",jackiebradleyjr,DFFC
Jackie Butler,jackiebutler,DFFC
Jackie Collins,jackiecollins,DFFC
Jackie Cooper,jackiecooper,Celeb
Jackie Daly,jackiedaly,DFFC
Jackie Earle Haley,jackieearlehaley,DFFC
Jackie Fargo,jackiefargo,DFFC
Jackie Gayda,jackiegayda,DFFC
Jackie Gleason,jackiegleason,Celeb
Jackie Guerrido,jackieguerrido,DFFC
Jackie Kay,jackiekay,DFFC
Jackie Mason,jackiemason,DFFC
Jackie Moreland,jackiemoreland,DFFC
Jackie O,jackieo,DFFC
Jackie Sandler,jackiesandler,Celeb
Jackie Stallone,jackiestallone,DFFC
Jackie Tohn,jackietohn,DFFC
Jackson Andrews,jacksonandrews,DFFC
Jackson D Arnold,jacksondarnold,DFFC
Jackson Quiñónez,jacksonquinez,DFFC
Jackson Reggie,jacksonreggie,Celeb
Jacky Durand,jackydurand,DFFC
Jaclyn Smith,jaclynsmith,Celeb
Jaclyn Stapp,jaclynstapp,DFFC
Jacob Aagaard,jacobaagaard,DFFC
Jacob Egeris,jacobegeris,DFFC
Jacob G Francis,jacobgfrancis,DFFC
Jacob Hård,jacobhrd,DFFC
Jacob Josefson,jacobjosefson,DFFC
Jacob Lensky,jacoblensky,DFFC
Jacob Lusk,jacoblusk,Celeb
Jacob Tamme,jacobtamme,DFFC
Jacob Truedson Demitz,jacobtruedsondemitz,DFFC
Jacob Young,jacobyoung,Celeb
Jacoby Ellsbury,jacobyellsbury,DFFC
Jacopo Sarno,jacoposarno,DFFC
Jacqueline Bisset,jacquelinebisset,Celeb
Jacqueline Bracamontes,jacquelinebracamontes,Celeb
Jacqueline Fernandez,jacquelinefernandez,Celeb
Jacqueline Freney,jacquelinefreney,DFFC
Jacqueline Kennedy,jacquelinekennedy,Celeb
Jacqueline Logan,jacquelinelogan,Celeb
Jacqueline MacInnes Wood,jacquelinemacinneswood,DFFC
Jacqueline West,jacquelinewest,DFFC
Jacques Anquetil,jacquesanquetil,DFFC
Jacques Brel,jacquesbrel,Celeb
Jacques Burtin,jacquesburtin,DFFC
Jacques Dutronc,jacquesdutronc,DFFC
Jacques Herlin,jacquesherlin,DFFC
Jacques Lanctôt,jacqueslanctt,DFFC
Jacques Nicolet,jacquesnicolet,DFFC
Jacques Rivette,jacquesrivette,DFFC
Jacques Villeneuve,jacquesvilleneuve,DFFC
Jacques Villeret,jacquesvilleret,DFFC
Jacques Zoua,jacqueszoua,DFFC
Jacquetta Wheeler,jacquettawheeler,Celeb
Jacqui Ainsley,jacquiainsley,Celeb
Jacquizz Rodgers,jacquizzrodgers,DFFC
Jada Stevens,jadastevens,DFFC
Jade Clarke,jadeclarke,DFFC
Jade Ewen,jadeewen,DFFC
Jade Foret,jadeforet,Celeb
Jade Puget,jadepuget,Celeb
Jade Wilcoxson,jadewilcoxson,DFFC
Jade Windley,jadewindley,DFFC
Jaden Smith,jadensmith,DFFC
Jadranka Đokić,jadrankaoki,DFFC
Jae-Won Kim,jaewonkim,Celeb
Jafar Panahi,jafarpanahi,DFFC
Jagbir Singh,jagbirsingh,DFFC
Jagdeep,jagdeep,DFFC
Jagdish Mali,jagdishmali,DFFC
Jagjivan Ram,jagjivanram,DFFC
Jago,jago,DFFC
Jahar Dasgupta,jahardasgupta,DFFC
Jahleel Addae,jahleeladdae,DFFC
Jai Courtney,jaicourtney,DFFC
Jai Rodriguez,jairodriguez,DFFC
Jai Waetford,jaiwaetford,DFFC
Jaime Bergman,jaimebergman,DFFC
Jaime Camil,jaimecamil,Celeb
Jaime Jarrín,jaimejarrn,DFFC
Jaime King,jaimeking,DFFC
Jaime Murray,jaimemurray,Celeb
Jaime Ray Newman,jaimeraynewman,Celeb
Jaime Rishar,jaimerishar,Celeb
Jaime Sarlanga,jaimesarlanga,DFFC
Jaimee Foxworth,jaimeefoxworth,DFFC
Jaimie Alexander,jaimiealexander,DFFC
Jair Jurrjens,jairjurrjens,DFFC
Jake Bugg,jakebugg,DFFC
Jake Busey,jakebusey,Celeb
Jake Cuenca,jakecuenca,Celeb
Jake Deitchler,jakedeitchler,DFFC
Jake Grove,jakegrove,DFFC
Jake Howells,jakehowells,DFFC
Jake Hurwitz,jakehurwitz,DFFC
Jake Johnson,jakejohnson,DFFC
Jake Kaminski,jakekaminski,DFFC
Jake Knott,jakeknott,DFFC
Jake Lappin,jakelappin,DFFC
Jake Lloyd,jakelloyd,Celeb
Jake Matthews,jakematthews,DFFC
Jake McDonough,jakemcdonough,DFFC
Jake Muzzin,jakemuzzin,DFFC
Jake Pavelka,jakepavelka,Celeb
Jake Pitts,jakepitts,DFFC
Jake Shimabukuro,jakeshimabukuro,DFFC
Jake Silbermann,jakesilbermann,Celeb
Jake Spencer,jakespencer,DFFC
Jake T Austin,jaketaustin,DFFC
Jake Vargas,jakevargas,Celeb
Jake Varner,jakevarner,DFFC
Jake Virtanen,jakevirtanen,DFFC
Jake Voskuhl,jakevoskuhl,DFFC
Jake Weber,jakeweber,Celeb
Jake Wright,jakewright,DFFC
Jakki Degg,jakkidegg,DFFC
Jaklin Zlatanova,jaklinzlatanova,DFFC
Jakob Augstein,jakobaugstein,DFFC
Jakob Haugaard,jakobhaugaard,DFFC
Jakob Jantscher,jakobjantscher,DFFC
Jakob Poulsen,jakobpoulsen,DFFC
Jakub Błaszczykowski,jakubbaszczykowski,DFFC
Jakub Martinec,jakubmartinec,DFFC
Jakub Szyszkowski,jakubszyszkowski,DFFC
Jakub Voráček,jakubvorek,DFFC
Jakub Ćwiek,jakubwiek,DFFC
Jalil Brown,jalilbrown,DFFC
Jamaal Charles,jamaalcharles,DFFC
Jamaal Fudge,jamaalfudge,DFFC
Jamal Lewis,jamallewis,DFFC
Jamal Nazrul Islam,jamalnazrulislam,DFFC
Jamar Newsome,jamarnewsome,DFFC
Jameer Nelson,jameernelson,DFFC
James Akenhead,jamesakenhead,DFFC
James Arness,jamesarness,Celeb
James Arthur,jamesarthur,DFFC
James Ash,jamesash,DFFC
James Belushi,jamesbelushi,Celeb
James Bickford,jamesbickford,DFFC
James Blake,jamesblake,DFFC
James Blunt,jamesblunt,Celeb
James Bond,jamesbond,DFFC
James Bourne,jamesbourne,Celeb
James Bowen,jamesbowen,DFFC
James Brooke,jamesbrooke,DFFC
James Burke,jamesburke,DFFC
James Byrne,jamesbyrne,DFFC
James Cagney,jamescagney,Celeb
James Cahill,jamescahill,DFFC
James Callis,jamescallis,DFFC
James Carter,jamescarter,DFFC
James Carter IV,jamescarteriv,DFFC
James Chirillo,jameschirillo,DFFC
James Collins,jamescollins,DFFC
James Cracknell,jamescracknell,DFFC
James Cromwell,jamescromwell,DFFC
James Cronin,jamescronin,DFFC
James Cullen Martin,jamescullenmartin,DFFC
James Currie,jamescurrie,DFFC
James DArcy,jamesdarcy,Celeb
James Dean,jamesdean,Celeb
James Denton,jamesdenton,Celeb
James Duval,jamesduval,Celeb
James Dyson,jamesdyson,Celeb
James E Swett,jameseswett,DFFC
James Earl Baumgartner,jamesearlbaumgartner,DFFC
James Earl Ray,jamesearlray,DFFC
James Eatock,jameseatock,DFFC
James Ellroy,jamesellroy,DFFC
James Foley,jamesfoley,DFFC
James Franco,jamesfranco,DFFC
James Freud,jamesfreud,DFFC
James G Stavridis,jamesgstavridis,DFFC
James Galway,jamesgalway,DFFC
James Garner,jamesgarner,Celeb
James Gemmell,jamesgemmell,DFFC
James Genus,jamesgenus,DFFC
James Gist,jamesgist,DFFC
James Goodale,jamesgoodale,DFFC
James Goodnight,jamesgoodnight,Celeb
"James Graham, 8th Duke of Montrose",jamesgraham8thdukeofmontrose,DFFC
James Grant Hay,jamesgranthay,DFFC
James Ha,jamesha,DFFC
James Hall,jameshall,DFFC
James Harper,jamesharper,DFFC
James Hayter,jameshayter,DFFC
James Hetfield,jameshetfield,DFFC
James Holland,jamesholland,DFFC
James Honeybone,jameshoneybone,DFFC
James Jagger,jamesjagger,Celeb
James Jarvaise,jamesjarvaise,DFFC
James Jenkins,jamesjenkins,DFFC
James Kelly,jameskelly,DFFC
James Kyson-Lee,jameskysonlee,Celeb
James L McGregor,jameslmcgregor,DFFC
James L Stone,jameslstone,DFFC
James Lafferty,jameslafferty,Celeb
James Lee Stanley,jamesleestanley,DFFC
"James M Masters, Sr",jamesmmasterssr,DFFC
James Magnussen,jamesmagnussen,Celeb
James Marsden,jamesmarsden,Celeb
James Marsters,jamesmarsters,Celeb
James Maslow,jamesmaslow,Celeb
James Mason,jamesmason,Celeb
James McAvoy,jamesmcavoy,Celeb
James McBride,jamesmcbride,DFFC
James McKenna,jamesmckenna,Celeb
James McNerney,jamesmcnerney,DFFC
James Morrison,jamesmorrison,Celeb
James Munky Shaffer,jamesmunkyshaffer,Celeb
James Murdoch,jamesmurdoch,DFFC
James Murphy,jamesmurphy,DFFC
James O'Connor,jamesoconnor,DFFC
James Otteson,jamesotteson,DFFC
James Patterson,jamespatterson,Celeb
James Picard,jamespicard,DFFC
James Pickens Jr,jamespickensjr,Celeb
James Purefoy,jamespurefoy,Celeb
James R Hogg,jamesrhogg,DFFC
James Rebhorn,jamesrebhorn,DFFC
James Remar,jamesremar,Celeb
James Reyne,jamesreyne,DFFC
James Robinson Risner,jamesrobinsonrisner,DFFC
James Roday,jamesroday,DFFC
James Severn,jamessevern,DFFC
James Simons,jamessimons,Celeb
James Spader,jamesspader,DFFC
James Spaulding,jamesspaulding,DFFC
James Starks,jamesstarks,DFFC
James Stelfox,jamesstelfox,DFFC
James Stewart,jamesstewart,Celeb
James Storm,jamesstorm,DFFC
James Suckling,jamessuckling,DFFC
James Tarkowski,jamestarkowski,DFFC
James Taylor,jamestaylor,Celeb
James Toback,jamestoback,DFFC
James Troisi,jamestroisi,DFFC
James Truchard,jamestruchard,DFFC
James Tunnicliffe,jamestunnicliffe,DFFC
James Tupper,jamestupper,DFFC
James Van Der Beek,jamesvanderbeek,Celeb
James W Pennebaker,jameswpennebaker,DFFC
James Waterston,jameswaterston,DFFC
James Welch,jameswelch,DFFC
James Wilson,jameswilson,DFFC
James Woods,jameswoods,Celeb
James Wright,jameswright,DFFC
James-Andrew Davis,jamesandrewdavis,DFFC
James-Michael Johnson,jamesmichaeljohnson,DFFC
Jamey Johnson,jameyjohnson,DFFC
Jami Gertz,jamigertz,Celeb
Jamie Allen,jamieallen,DFFC
Jamie Arniel,jamiearniel,DFFC
Jamie Bamber,jamiebamber,DFFC
Jamie Bell,jamiebell,Celeb
Jamie Benn,jamiebenn,DFFC
Jamie Bowie,jamiebowie,DFFC
Jamie Brooks,jamiebrooks,DFFC
Jamie Carragher,jamiecarragher,DFFC
Jamie Chandler,jamiechandler,DFFC
Jamie Charman,jamiecharman,DFFC
Jamie Chung,jamiechung,DFFC
Jamie Collins,jamiecollins,DFFC
Jamie Dimon,jamiedimon,DFFC
Jamie Donaldson,jamiedonaldson,DFFC
Jamie Dornan,jamiedornan,Celeb
Jamie Dunross,jamiedunross,DFFC
Jamie Foreman,jamieforeman,DFFC
Jamie Foxx,jamiefoxx,Celeb
Jamie Gillis,jamiegillis,DFFC
Jamie Gold,jamiegold,DFFC
Jamie Gosling,jamiegosling,DFFC
Jamie Gregg,jamiegregg,DFFC
Jamie Gunns,jamiegunns,Celeb
Jamie Hince,jamiehince,Celeb
Jamie Irie,jamieirie,DFFC
Jamie Jackson,jamiejackson,DFFC
Jamie Jones,jamiejones,DFFC
Jamie Kennedy,jamiekennedy,DFFC
Jamie Kilstein,jamiekilstein,DFFC
Jamie Little,jamielittle,DFFC
Jamie Luner,jamieluner,Celeb
Jamie Lynn Corkish,jamielynncorkish,DFFC
Jamie Lynn Sigler,jamielynnsigler,Celeb
Jamie Lynn Spears,jamielynnspears,DFFC
Jamie Maclaren,jamiemaclaren,DFFC
Jamie McBain,jamiemcbain,DFFC
Jamie McGuire,jamiemcguire,DFFC
Jamie Murphy,jamiemurphy,DFFC
Jamie Murray,jamiemurray,DFFC
Jamie Salé,jamiesal,DFFC
Jamie Smith,jamiesmith,DFFC
Jamie Staff,jamiestaff,DFFC
Jamie White,jamiewhite,Celeb
Jamon Meredith,jamonmeredith,DFFC
Jan Bakelants,janbakelants,DFFC
Jan Frodeno,janfrodeno,DFFC
Jan Garbarek,jangarbarek,DFFC
Jan Gehl,jangehl,DFFC
Jan Gustafsson,jangustafsson,DFFC
Jan Hájek,janhjek,DFFC
Jan Jakub Kolski,janjakubkolski,DFFC
Jan Jongbloed,janjongbloed,DFFC
Jan Josef Liefers,janjosefliefers,Celeb
Jan Kudlička,jankudlika,DFFC
Jan Lammers,janlammers,DFFC
Jan Laštůvka,janlatvka,DFFC
Jan Merlin,janmerlin,DFFC
Jan Nilsson,jannilsson,DFFC
Jan Oblak,janoblak,DFFC
Jan Pázler,janpzler,DFFC
Jan Smit,jansmit,Celeb
Jan Smithers,jansmithers,Celeb
Jan Smolík,jansmolk,DFFC
Jan Snijders,jansnijders,DFFC
Jan Stenerud,janstenerud,DFFC
Jan Sterling,jansterling,Celeb
Jan Ullrich,janullrich,DFFC
Jan Vennegoor of Hesselink,janvennegoorofhesselink,DFFC
Jan Verhaas,janverhaas,DFFC
Jan Wolkers,janwolkers,DFFC
Jan Ø Jørgensen,janjrgensen,DFFC
Jan Škarnitzl,jankarnitzl,DFFC
Jan-Krzysztof Duda,jankrzysztofduda,DFFC
Jan-Philipp Kalla,janphilippkalla,DFFC
Jana Ina,janaina,Celeb
Jana Khokhlova,janakhokhlova,DFFC
Jana Knauerova,janaknauerova,Celeb
Jana Kramer,janakramer,Celeb
Jana Pallaske,janapallaske,Celeb
Janakananda Saraswati,janakanandasaraswati,DFFC
Janay Deloach,janaydeloach,Celeb
Jancis Robinson,jancisrobinson,DFFC
Jane Asher,janeasher,DFFC
Jane Badler,janebadler,Celeb
Jane Birkin,janebirkin,Celeb
Jane Campion,janecampion,DFFC
Jane Fonda,janefonda,DFFC
Jane Goodall,janegoodall,DFFC
Jane Greer,janegreer,Celeb
Jane Hamsher,janehamsher,DFFC
Jane Hill,janehill,DFFC
Jane Kean,janekean,DFFC
Jane Krakowski,janekrakowski,DFFC
Jane Leeves,janeleeves,DFFC
Jane Levy,janelevy,Celeb
Jane Lynch,janelynch,Celeb
Jane Powell,janepowell,Celeb
Jane Randolph,janerandolph,DFFC
Jane Sachs,janesachs,DFFC
Jane Seymour,janeseymour,DFFC
Jane Siberry,janesiberry,DFFC
Jane Withers,janewithers,Celeb
Jane Zhang,janezhang,DFFC
Janeane Garofalo,janeanegarofalo,Celeb
Janel Parrish,janelparrish,DFFC
Janelle Monáe,janellemone,DFFC
Janet Blair,janetblair,Celeb
Janet Evanovich,janetevanovich,Celeb
Janet Gaynor,janetgaynor,Celeb
Janet Hemingway,janethemingway,DFFC
Janet Jackson,janetjackson,DFFC
Janet L Robinson,janetlrobinson,DFFC
Janet Leigh,janetleigh,DFFC
Janet Meakin Poor,janetmeakinpoor,DFFC
Janet Montgomery,janetmontgomery,DFFC
Janet Seidel,janetseidel,DFFC
Janet Street-Porter,janetstreetporter,DFFC
Janet Suzman,janetsuzman,Celeb
Janeta Samp,janetasamp,Celeb
Janette Carter,janettecarter,DFFC
Janez Brajkovič,janezbrajkovi,DFFC
Jang Jeong,jangjeong,DFFC
Jang Sin-kweon,jangsinkweon,DFFC
Jang Wooyoung,jangwooyoung,DFFC
Jang Yun-jeong,jangyunjeong,DFFC
Jani Sievinen,janisievinen,DFFC
Janice Dickinson,janicedickinson,DFFC
Janice Man,janiceman,DFFC
Janice Moodie,janicemoodie,DFFC
Janice Nicolich,janicenicolich,DFFC
Janina San Miguel,janinasanmiguel,DFFC
Janine Berger,janineberger,DFFC
Janine Habeck,janinehabeck,Celeb
Janine Kunze,janinekunze,Celeb
Janine Lindemulder,janinelindemulder,Celeb
Janine Turner,janineturner,Celeb
Janique LeBlanc,janiqueleblanc,DFFC
Janis Ian,janisian,DFFC
Janko Prunk,jankoprunk,DFFC
Janko Tipsarevic,jankotipsarevic,Celeb
Jann Arden,jannarden,DFFC
Janne Teller,janneteller,DFFC
Jano Ananidze,janoananidze,DFFC
Janove Ottesen,janoveottesen,DFFC
January Jones,januaryjones,Celeb
Janusz Kierzkowski,januszkierzkowski,DFFC
Janusz Weiss,januszweiss,DFFC
Janusz Zaorski,januszzaorski,DFFC
Janusz Żurakowski,januszurakowski,DFFC
Janício Martins,janciomartins,DFFC
Japhet Asher,japhetasher,DFFC
Jarah Mariano,jarahmariano,Celeb
Jared Boll,jaredboll,DFFC
Jared Cowen,jaredcowen,DFFC
Jared Fogle,jaredfogle,DFFC
Jared Followill,jaredfollowill,Celeb
Jared Gaither,jaredgaither,DFFC
Jared Gomes,jaredgomes,Celeb
Jared Harris,jaredharris,DFFC
Jared Hasselhoff,jaredhasselhoff,DFFC
Jared Kusnitz,jaredkusnitz,DFFC
Jared Lee Loughner,jaredleeloughner,DFFC
Jared Leto,jaredleto,DFFC
Jared McCann,jaredmccann,DFFC
Jared Murillo,jaredmurillo,Celeb
Jared Padalecki,jaredpadalecki,DFFC
Jared Polec,jaredpolec,DFFC
Jarekus Singleton,jarekussingleton,DFFC
Jarell Martin,jarellmartin,DFFC
Jari Halonen,jarihalonen,DFFC
Jari Litmanen,jarilitmanen,DFFC
Jari Tervo,jaritervo,DFFC
Jarit Johnson,jaritjohnson,DFFC
Jarkko Ruutu,jarkkoruutu,Celeb
Jarmere Jenkins,jarmerejenkins,DFFC
Jarno Trulli,jarnotrulli,DFFC
Jaron Lanier,jaronlanier,DFFC
Jaroslava Sedláčková,jaroslavasedlkov,DFFC
Jarosław Marycz,jarosawmarycz,DFFC
Jarrett Bush,jarrettbush,DFFC
Jarrett J Krosoczka,jarrettjkrosoczka,DFFC
Jarvis Cocker,jarviscocker,Celeb
Jarvis Landry,jarvislandry,DFFC
Jasha Sütterlin,jashastterlin,DFFC
Jasmila Žbanić,jasmilabani,DFFC
Jasmin Fejzić,jasminfejzi,DFFC
Jasmin St Claire,jasminstclaire,DFFC
Jasmin Wagner,jasminwagner,Celeb
Jasmine Dustin,jasminedustin,Celeb
Jasmine Sanders,jasminesanders,Celeb
Jasmine Villegas,jasminevillegas,Celeb
Jasmine Waltz,jasminewaltz,Celeb
Jasmine Zhang,jasminezhang,DFFC
Jason,jason,DFFC
Jason Arnott,jasonarnott,DFFC
Jason Bateman,jasonbateman,DFFC
Jason Behr,jasonbehr,Celeb
Jason Bourque,jasonbourque,DFFC
Jason Butler Harner,jasonbutlerharner,DFFC
Jason Byrne,jasonbyrne,DFFC
Jason Castro,jasoncastro,DFFC
Jason Collins,jasoncollins,DFFC
Jason Crain,jasoncrain,DFFC
Jason Davenport,jasondavenport,DFFC
Jason David Frank,jasondavidfrank,DFFC
Jason Derulo,jasonderulo,Celeb
Jason Dolley,jasondolley,DFFC
Jason Earles,jasonearles,DFFC
Jason Flemyng,jasonflemyng,DFFC
Jason Fox,jasonfox,DFFC
Jason Garrison,jasongarrison,DFFC
Jason Giambi,jasongiambi,Celeb
Jason Hill,jasonhill,DFFC
Jason Hoffman,jasonhoffman,DFFC
Jason Isaacs,jasonisaacs,Celeb
Jason Isbell,jasonisbell,DFFC
Jason Jimenez,jasonjimenez,DFFC
Jason Kapono,jasonkapono,DFFC
Jason Kelce,jasonkelce,DFFC
Jason Lee,jasonlee,DFFC
Jason Lees,jasonlees,DFFC
Jason Lewis,jasonlewis,DFFC
Jason Loewenstein,jasonloewenstein,DFFC
Jason Lytle,jasonlytle,DFFC
Jason Maguire,jasonmaguire,DFFC
Jason Mantzoukas,jasonmantzoukas,DFFC
Jason Maroney,jasonmaroney,DFFC
Jason McElwain,jasonmcelwain,DFFC
Jason Momoa,jasonmomoa,Celeb
Jason Mraz,jasonmraz,DFFC
Jason OMara,jasonomara,Celeb
Jason Patric,jasonpatric,Celeb
Jason Puncheon,jasonpuncheon,DFFC
Jason Reso,jasonreso,Celeb
Jason Richardson,jasonrichardson,Celeb
Jason Ritter,jasonritter,Celeb
Jason Rogers,jasonrogers,DFFC
Jason Russell,jasonrussell,DFFC
Jason Schwartzman,jasonschwartzman,Celeb
Jason Segel,jasonsegel,DFFC
Jason Spezza,jasonspezza,DFFC
Jason Sudeikis,jasonsudeikis,DFFC
Jason Terry,jasonterry,DFFC
Jason Trost,jasontrost,DFFC
Jason Wade,jasonwade,Celeb
Jason Wahler,jasonwahler,Celeb
Jason Williams,jasonwilliams,DFFC
Jason Wood,jasonwood,DFFC
Jasper Bovenhuis,jasperbovenhuis,DFFC
Jasper Conran,jasperconran,DFFC
Jatindra Mohan Sengupta,jatindramohansengupta,DFFC
Jaume Balagueró,jaumebalaguer,DFFC
Javad Kazemian,javadkazemian,DFFC
Javad Nekounam,javadnekounam,DFFC
Javi García,javigarca,DFFC
Javier Aguirre,javieraguirre,DFFC
Javier Bardem,javierbardem,DFFC
Javier Beltran,javierbeltran,Celeb
Javier Culson,javierculson,DFFC
Javier Manquillo,javiermanquillo,DFFC
Javier Mascherano,javiermascherano,DFFC
Javier Paredes,javierparedes,DFFC
Javier Pastore,javierpastore,DFFC
Javier Patiño,javierpatio,DFFC
Javier Zanetti,javierzanetti,DFFC
Jawad Salehi,jawadsalehi,DFFC
Jay A Parry,jayaparry,DFFC
Jay Adams,jayadams,DFFC
Jay Ashley,jayashley,DFFC
Jay Aston,jayaston,DFFC
Jay Baruchel,jaybaruchel,Celeb
Jay Bradley,jaybradley,DFFC
Jay Brannan,jaybrannan,DFFC
Jay Chou,jaychou,Celeb
Jay Cutler,jaycutler,DFFC
Jay Duplass,jayduplass,DFFC
Jay Electronica,jayelectronica,DFFC
Jay Feely,jayfeely,DFFC
Jay Ferguson,jayferguson,DFFC
Jay Hernandez,jayhernandez,DFFC
Jay Humphries,jayhumphries,DFFC
Jay Kay,jaykay,Celeb
Jay Kennedy-Harris,jaykennedyharris,DFFC
Jay Leggett,jayleggett,DFFC
Jay Lethal,jaylethal,DFFC
Jay Lynch,jaylynch,DFFC
Jay Lyon,jaylyon,DFFC
Jay McGuiness,jaymcguiness,Celeb
Jay Miner,jayminer,DFFC
Jay Mohr,jaymohr,DFFC
Jay Oliver,jayoliver,DFFC
Jay Pharoah,jaypharoah,DFFC
Jay Prosch,jayprosch,DFFC
Jay Rhodemyre,jayrhodemyre,DFFC
Jay Rodriguez,jayrodriguez,DFFC
Jay Ruderman,jayruderman,DFFC
Jay Stephens,jaystephens,DFFC
Jay Z,jayz,DFFC
Jaya Bachchan,jayabachchan,Celeb
Jayakanthan,jayakanthan,DFFC
Jayaram,jayaram,DFFC
Jayde Nicole,jaydenicole,DFFC
Jayma Mays,jaymamays,DFFC
Jayme Richardson,jaymerichardson,DFFC
Jayne Mansfield,jaynemansfield,Celeb
Jayron Hosley,jayronhosley,DFFC
Jayson Blair,jaysonblair,DFFC
Jayson Gonzales,jaysongonzales,DFFC
Jayson Terdiman,jaysonterdiman,DFFC
Jazeman Jaafar,jazemanjaafar,DFFC
Jazmin Carlin,jazmincarlin,DFFC
Jazmyne Avant,jazmyneavant,DFFC
Jazz,jazz,DFFC
JeA,jea,DFFC
Jean Brenner,jeanbrenner,DFFC
Jean Béliveau,jeanbliveau,DFFC
"Jean Coussins, Baroness Coussins",jeancoussinsbaronesscoussins,DFFC
Jean Cruguet,jeancruguet,DFFC
Jean Harlow,jeanharlow,Celeb
Jean Ichbiah,jeanichbiah,DFFC
Jean Koning,jeankoning,DFFC
Jean Labonté,jeanlabont,DFFC
Jean Malaurie,jeanmalaurie,DFFC
Jean Patchett,jeanpatchett,Celeb
Jean Paulista,jeanpaulista,DFFC
Jean Peters,jeanpeters,Celeb
Jean Peyrelevade,jeanpeyrelevade,DFFC
Jean Pierre Mvuyekure,jeanpierremvuyekure,DFFC
Jean Reno,jeanreno,Celeb
Jean Rhys,jeanrhys,DFFC
Jean Rochefort,jeanrochefort,DFFC
Jean Sarkozy,jeansarkozy,DFFC
Jean Seberg,jeanseberg,DFFC
Jean Shrimpton,jeanshrimpton,Celeb
Jean Simmons,jeansimmons,Celeb
Jean Stapleton,jeanstapleton,Celeb
Jean Ter-Merguerian,jeantermerguerian,DFFC
Jean Teulère,jeanteulre,DFFC
Jean Toussaint,jeantoussaint,DFFC
Jean Vallette d'Osia,jeanvallettedosia,DFFC
Jean de Beaumont,jeandebeaumont,DFFC
Jean van de Velde,jeanvandevelde,DFFC
"Jean, Grand Duke of Luxembourg",jeangranddukeofluxembourg,DFFC
Jean-Bernard Lévy,jeanbernardlvy,DFFC
Jean-Christophe Bahebeck,jeanchristophebahebeck,DFFC
Jean-Christophe Péraud,jeanchristophepraud,DFFC
Jean-Claude Fournier,jeanclaudefournier,DFFC
Jean-Daniel Cadinot,jeandanielcadinot,DFFC
Jean-François Rodriguez,jeanfranoisrodriguez,DFFC
Jean-Guy Lagace,jeanguylagace,DFFC
Jean-Louis Costes,jeanlouiscostes,DFFC
Jean-Louis Trintignant,jeanlouistrintignant,DFFC
Jean-Luc Bilodeau,jeanlucbilodeau,Celeb
Jean-Marie Rouart,jeanmarierouart,DFFC
Jean-Max Albert,jeanmaxalbert,DFFC
Jean-Michel Jarre,jeanmicheljarre,Celeb
Jean-Michel Labadie,jeanmichellabadie,DFFC
Jean-Michel Sigere,jeanmichelsigere,DFFC
Jean-Noël Augert,jeannolaugert,DFFC
Jean-Paul Belmondo,jeanpaulbelmondo,Celeb
Jean-Paul Boëtius,jeanpaulbotius,DFFC
Jean-Paul Rappeneau,jeanpaulrappeneau,DFFC
Jean-Paul Rouve,jeanpaulrouve,DFFC
Jean-Philippe Gatien,jeanphilippegatien,DFFC
Jean-Philippe Toussaint,jeanphilippetoussaint,DFFC
Jean-Pierre Gibrat,jeanpierregibrat,DFFC
Jean-Pierre Jabouille,jeanpierrejabouille,DFFC
Jean-Pierre Kahane,jeanpierrekahane,DFFC
Jean-Pierre Papin,jeanpierrepapin,DFFC
Jean-Pierre Pernaut,jeanpierrepernaut,DFFC
Jean-Robert Ipoustéguy,jeanrobertipoustguy,DFFC
Jean-Sébastien Fecteau,jeansbastienfecteau,DFFC
Jean-Éric Vergne,jeanricvergne,DFFC
Jeanette Biedermann,jeanettebiedermann,DFFC
Jeanette MacDonald,jeanettemacdonald,Celeb
Jeanie Buss,jeaniebuss,DFFC
Jeanmarie Simpson,jeanmariesimpson,DFFC
Jeanna Fine,jeannafine,DFFC
Jeanne Cooper,jeannecooper,Celeb
Jeanne Crain,jeannecrain,Celeb
Jeanne Labrune,jeannelabrune,DFFC
Jeanne Tripplehorn,jeannetripplehorn,Celeb
Jeb Stuart Magruder,jebstuartmagruder,DFFC
Jedrek Grabowski,jedrekgrabowski,DFFC
Jeev Milkha Singh,jeevmilkhasingh,DFFC
Jef Nys,jefnys,DFFC
Jeff Allen,jeffallen,DFFC
Jeff Ament,jeffament,DFFC
Jeff Andretti,jeffandretti,DFFC
Jeff Bajenaru,jeffbajenaru,DFFC
Jeff Beck,jeffbeck,DFFC
Jeff Bezos,jeffbezos,Celeb
Jeff Buckley,jeffbuckley,Celeb
Jeff Carroll,jeffcarroll,DFFC
Jeff Carter,jeffcarter,DFFC
Jeff Cheeger,jeffcheeger,DFFC
Jeff Conine,jeffconine,DFFC
Jeff Daniels,jeffdaniels,Celeb
Jeff Datz,jeffdatz,DFFC
Jeff Dowd,jeffdowd,DFFC
Jeff Dugan,jeffdugan,DFFC
Jeff Dunham,jeffdunham,Celeb
Jeff Fatt,jefffatt,DFFC
Jeff Feagles,jefffeagles,DFFC
Jeff Garcia,jeffgarcia,DFFC
Jeff Garlin,jeffgarlin,Celeb
Jeff Goldblum,jeffgoldblum,Celeb
Jeff Gordon,jeffgordon,Celeb
Jeff Hughes,jeffhughes,DFFC
Jeff Hunt,jeffhunt,DFFC
Jeff Jarrett,jeffjarrett,DFFC
Jeff Jones,jeffjones,DFFC
Jeff Kent,jeffkent,DFFC
Jeff King,jeffking,DFFC
Jeff Kinney,jeffkinney,DFFC
Jeff LaBar,jefflabar,DFFC
Jeff Lemire,jefflemire,DFFC
Jeff Lindsay,jefflindsay,DFFC
Jeff LoVecchio,jefflovecchio,DFFC
Jeff Locke,jefflocke,DFFC
Jeff Mach,jeffmach,DFFC
Jeff Mangum,jeffmangum,DFFC
Jeff Martin,jeffmartin,DFFC
Jeff Meyer,jeffmeyer,DFFC
Jeff Nelson,jeffnelson,DFFC
Jeff Offutt,jeffoffutt,DFFC
Jeff Pehrson,jeffpehrson,DFFC
Jeff Penner,jeffpenner,DFFC
Jeff Petry,jeffpetry,DFFC
Jeff Pierce,jeffpierce,DFFC
Jeff Probst,jeffprobst,DFFC
Jeff Pulver,jeffpulver,DFFC
Jeff Richmond,jeffrichmond,DFFC
Jeff Sauer,jeffsauer,DFFC
Jeff Skinner,jeffskinner,DFFC
Jeff Smith,jeffsmith,DFFC
Jeff Tedford,jefftedford,DFFC
Jeff Timmons,jefftimmons,DFFC
Jeff Wall,jeffwall,DFFC
Jeff White,jeffwhite,DFFC
Jeff Zeleny,jeffzeleny,DFFC
Jeff Zucker,jeffzucker,DFFC
Jefferson Wood,jeffersonwood,DFFC
Jefferson de Oliveira Galvão,jeffersondeoliveiragalvo,DFFC
Jeffery Taylor,jefferytaylor,DFFC
Jeffrey Bewkes,jeffreybewkes,DFFC
Jeffrey Combs,jeffreycombs,DFFC
Jeffrey Dean Morgan,jeffreydeanmorgan,Celeb
Jeffrey Donovan,jeffreydonovan,DFFC
Jeffrey Hollender,jeffreyhollender,DFFC
Jeffrey Hunter,jeffreyhunter,Celeb
Jeffrey Jones,jeffreyjones,DFFC
Jeffrey Linkenbach,jeffreylinkenbach,DFFC
Jeffrey Nordling,jeffreynordling,Celeb
Jeffrey Sachs,jeffreysachs,DFFC
Jeffrey Sebelia,jeffreysebelia,DFFC
Jeffrey Skilling,jeffreyskilling,DFFC
Jeffrey Skoll,jeffreyskoll,DFFC
Jeffrey Tambor,jeffreytambor,Celeb
Jeffrey Toobin,jeffreytoobin,DFFC
Jeffrey Wright,jeffreywright,Celeb
Jefri Bolkiah,jefribolkiah,DFFC
Jehane Paris,jehaneparis,Celeb
Jehue Gordon,jehuegordon,DFFC
Jeisa Chiminazzo,jeisachiminazzo,Celeb
Jeje Lalpekhlua,jejelalpekhlua,DFFC
Jelani Jenkins,jelanijenkins,DFFC
Jelani McCoy,jelanimccoy,DFFC
Jelena Janković,jelenajankovi,DFFC
Jelena Jensen,jelenajensen,DFFC
Jelka van Houten,jelkavanhouten,DFFC
Jelle Vanendert,jellevanendert,DFFC
Jelle ten Rouwelaar,jelletenrouwelaar,DFFC
Jem,jem,DFFC
Jemaine Clement,jemaineclement,DFFC
Jemile Weeks,jemileweeks,DFFC
Jen Chapin,jenchapin,DFFC
Jen Hoy,jenhoy,DFFC
Jen Kirkman,jenkirkman,DFFC
Jen Lilley,jenlilley,DFFC
Jena Malone,jenamalone,DFFC
Jencarlos Canela,jencarloscanela,Celeb
Jenifer,jenifer,DFFC
Jenn Suhr,jennsuhr,DFFC
Jenna Dewan,jennadewan,Celeb
Jenna Fischer,jennafischer,Celeb
Jenna Haze,jennahaze,Celeb
Jenna Jameson,jennajameson,Celeb
Jenna Leigh Green,jennaleighgreen,DFFC
Jenna Louise Coleman,jennalouisecoleman,Celeb
Jenna McCorkell,jennamccorkell,DFFC
Jenna Morasca,jennamorasca,DFFC
Jenna Pietersen,jennapietersen,Celeb
Jenna Ushkowitz,jennaushkowitz,DFFC
Jennah Anderson,jennahanderson,Celeb
Jennette McCurdy,jennettemccurdy,DFFC
Jenni Dahlman-Raikkonen,jennidahlmanraikkonen,Celeb
Jenni Falconer,jennifalconer,DFFC
Jenni Muldaur,jennimuldaur,DFFC
Jenni Murray,jennimurray,DFFC
Jenni Rivera,jennirivera,DFFC
Jenni Vartiainen,jennivartiainen,DFFC
Jennie Bond,jenniebond,DFFC
Jennie Livingston,jennielivingston,DFFC
Jennifer Angel,jenniferangel,Celeb
Jennifer Ashton,jenniferashton,DFFC
Jennifer Beals,jenniferbeals,DFFC
Jennifer Coolidge,jennifercoolidge,DFFC
Jennifer Cramer,jennifercramer,DFFC
Jennifer Driver,jenniferdriver,Celeb
Jennifer Ehle,jenniferehle,Celeb
Jennifer Farley,jenniferfarley,Celeb
Jennifer Gareis,jennifergareis,DFFC
Jennifer Grassman,jennifergrassman,DFFC
Jennifer Harman,jenniferharman,DFFC
Jennifer Harß,jenniferhar,DFFC
Jennifer Hawkins,jenniferhawkins,Celeb
Jennifer Jason Leigh,jenniferjasonleigh,DFFC
Jennifer Kirk,jenniferkirk,DFFC
Jennifer Lamiraqui,jenniferlamiraqui,Celeb
Jennifer Lawrence,jenniferlawrence,DFFC
Jennifer Love Hewitt,jenniferlovehewitt,DFFC
Jennifer Massaux,jennifermassaux,Celeb
Jennifer Messelier,jennifermesselier,Celeb
Jennifer Meyer,jennifermeyer,DFFC
Jennifer Morrison,jennifermorrison,Celeb
Jennifer Nettles,jennifernettles,Celeb
Jennifer ONeill,jenniferoneill,Celeb
Jennifer Paige,jenniferpaige,Celeb
Jennifer Stone,jenniferstone,Celeb
Jennifer Taylor,jennifertaylor,Celeb
Jennifer Tilly,jennifertilly,DFFC
Jennifer Walcott,jenniferwalcott,Celeb
Jennifer Weiner,jenniferweiner,DFFC
Jennifer Wester,jenniferwester,DFFC
Jenny Agutter,jennyagutter,Celeb
Jenny Copnall,jennycopnall,DFFC
Jenny Eclair,jennyeclair,DFFC
Jenny Frost,jennyfrost,DFFC
Jenny Lopez,jennylopez,Celeb
Jenny Lönnkvist,jennylnnkvist,DFFC
Jenny McCarthy,jennymccarthy,Celeb
Jenny Meldrum,jennymeldrum,DFFC
Jenny Mollen,jennymollen,DFFC
Jenny Seagrove,jennyseagrove,DFFC
Jenny Shimizu,jennyshimizu,DFFC
Jenny Silver,jennysilver,DFFC
Jens Fink-Jensen,jensfinkjensen,DFFC
Jens Galschiøt,jensgalschit,DFFC
Jens Heppner,jensheppner,DFFC
Jens Lekman,jenslekman,Celeb
Jens Marni Hansen,jensmarnihansen,DFFC
Jens Tang Olesen,jenstangolesen,DFFC
Jens Wemmer,jenswemmer,DFFC
Jensen Ackles,jensenackles,DFFC
Jenson Button,jensonbutton,Celeb
Jeordie White,jeordiewhite,Celeb
Jeremey Hunsicker,jeremeyhunsicker,DFFC
Jeremiah Johnson,jeremiahjohnson,DFFC
Jeremy Avigad,jeremyavigad,DFFC
Jeremy Barrett,jeremybarrett,DFFC
Jeremy Beal,jeremybeal,DFFC
Jeremy Bokila,jeremybokila,DFFC
Jeremy Bulloch,jeremybulloch,DFFC
Jeremy Cain,jeremycain,DFFC
Jeremy Camp,jeremycamp,Celeb
Jeremy Clements,jeremyclements,DFFC
Jeremy Davies,jeremydavies,Celeb
Jeremy Davis,jeremydavis,Celeb
Jeremy Denk,jeremydenk,DFFC
Jeremy Ebert,jeremyebert,DFFC
Jeremy Evans,jeremyevans,DFFC
Jeremy Gable,jeremygable,DFFC
Jeremy Hardy,jeremyhardy,DFFC
Jeremy Horne,jeremyhorne,DFFC
Jeremy Hotz,jeremyhotz,DFFC
Jeremy Howe,jeremyhowe,DFFC
Jeremy Irons,jeremyirons,Celeb
Jeremy Jordan,jeremyjordan,DFFC
Jeremy Kenyon Lockyer Corbell,jeremykenyonlockyercorbell,DFFC
Jeremy Lin,jeremylin,DFFC
Jeremy London,jeremylondon,Celeb
Jeremy Lyons,jeremylyons,DFFC
Jeremy McClure,jeremymcclure,DFFC
Jeremy McGrath,jeremymcgrath,DFFC
Jeremy Miles,jeremymiles,Celeb
Jeremy Morin,jeremymorin,DFFC
Jeremy Nell,jeremynell,DFFC
Jeremy Northam,jeremynortham,Celeb
Jeremy Paxman,jeremypaxman,DFFC
Jeremy Piven,jeremypiven,Celeb
Jeremy Renner,jeremyrenner,DFFC
Jeremy Scahill,jeremyscahill,DFFC
Jeremy Sisto,jeremysisto,DFFC
Jeremy Spencer,jeremyspencer,DFFC
Jeremy Thomas,jeremythomas,DFFC
Jeri Ryan,jeriryan,DFFC
Jerko Leko,jerkoleko,DFFC
Jermain Defoe,jermaindefoe,Celeb
Jermaine Dupri,jermainedupri,Celeb
Jermaine Gonzales,jermainegonzales,DFFC
Jermaine Grandison,jermainegrandison,DFFC
Jermaine Jackson,jermainejackson,DFFC
Jermaine Jones,jermainejones,DFFC
Jermaine McGlashan,jermainemcglashan,DFFC
Jero Shakpoke,jeroshakpoke,DFFC
Jerod Swallow,jerodswallow,DFFC
Jeroen Bleekemolen,jeroenbleekemolen,DFFC
Jeroen Simaeys,jeroensimaeys,DFFC
Jeroen van der Boom,jeroenvanderboom,DFFC
Jerome Boyd,jeromeboyd,DFFC
Jerome Deupree,jeromedeupree,DFFC
Jerome Flynn,jeromeflynn,DFFC
Jerome Jordan,jeromejordan,DFFC
Jerome Murphy,jeromemurphy,DFFC
Jeromey Clary,jeromeyclary,DFFC
Jeromy Miles,jeromymiles,DFFC
Jeron Johnson,jeronjohnson,DFFC
Jeron Mastrud,jeronmastrud,DFFC
Jerrod Niemann,jerrodniemann,DFFC
Jerry Brown,jerrybrown,DFFC
Jerry Bruckheimer,jerrybruckheimer,DFFC
Jerry Cantrell,jerrycantrell,Celeb
Jerry Coyne,jerrycoyne,DFFC
Jerry DeGregorio,jerrydegregorio,DFFC
Jerry Ferrara,jerryferrara,Celeb
Jerry Greenfield,jerrygreenfield,DFFC
Jerry Jeff Walker,jerryjeffwalker,DFFC
Jerry Koosman,jerrykoosman,DFFC
Jerry L Bona,jerrylbona,DFFC
Jerry Maren,jerrymaren,DFFC
Jerry Mathers,jerrymathers,DFFC
Jerry Meals,jerrymeals,DFFC
Jerry O'Connell,jerryoconnell,Both
Jerry Pinkney,jerrypinkney,DFFC
Jerry Reese,jerryreese,DFFC
Jerry Reuss,jerryreuss,DFFC
Jerry Rice,jerryrice,DFFC
Jerry Schatzberg,jerryschatzberg,DFFC
Jerry Sichting,jerrysichting,DFFC
Jerry Siebert,jerrysiebert,DFFC
Jerry Sloan,jerrysloan,DFFC
Jerry Stackhouse,jerrystackhouse,DFFC
Jerry Stiller,jerrystiller,Celeb
Jerry Tolley,jerrytolley,DFFC
Jerry White,jerrywhite,DFFC
Jerry Williams,jerrywilliams,DFFC
Jerry Yang,jerryyang,DFFC
Jerzy Kukuczka,jerzykukuczka,DFFC
Jerzy Stefan Stawiński,jerzystefanstawiski,DFFC
Jesper Faurschou,jesperfaurschou,DFFC
Jesper Hansen,jesperhansen,DFFC
Jesper Mathisen,jespermathisen,DFFC
Jesper Ollas,jesperollas,DFFC
Jess Row,jessrow,DFFC
Jess Walter,jesswalter,DFFC
Jess Weixler,jessweixler,Celeb
Jesse Aliganga,jessealiganga,DFFC
Jesse Barfield,jessebarfield,DFFC
Jesse Bradford,jessebradford,DFFC
Jesse Colin Young,jessecolinyoung,DFFC
Jesse Eisenberg,jesseeisenberg,Celeb
Jesse James Leija,jessejamesleija,DFFC
Jesse Jane,jessejane,Celeb
Jesse L Martin,jesselmartin,Celeb
Jesse McCartney,jessemccartney,Celeb
Jesse Metcalfe,jessemetcalfe,Celeb
Jesse Plemons,jesseplemons,DFFC
Jesse Rath,jesserath,DFFC
Jesse Sergent,jessesergent,DFFC
Jesse Spencer,jessespencer,Celeb
Jesse Tyler Ferguson,jessetylerferguson,DFFC
Jesse Williams,jessewilliams,DFFC
Jessi Cruickshank,jessicruickshank,Celeb
Jessica Burciaga,jessicaburciaga,Celeb
Jessica Care Moore,jessicacaremoore,DFFC
Jessica Chastain,jessicachastain,Celeb
Jessica Clark,jessicaclark,Celeb
Jessica Clarke,jessicaclarke,DFFC
Jessica Delfino,jessicadelfino,DFFC
Jessica Drake,jessicadrake,DFFC
Jessica Dubroff,jessicadubroff,DFFC
Jessica Ginkel,jessicaginkel,Celeb
Jessica Hardy,jessicahardy,Celeb
Jessica Hart,jessicahart,DFFC
Jessica Hynes,jessicahynes,DFFC
Jessica Jane Clement,jessicajaneclement,Celeb
Jessica Jung,jessicajung,DFFC
Jessica Kiper,jessicakiper,DFFC
Jessica Korda,jessicakorda,DFFC
Jessica Lange,jessicalange,DFFC
Jessica Lindell-Vikarby,jessicalindellvikarby,DFFC
Jessica Lowndes,jessicalowndes,DFFC
Jessica Lucas,jessicalucas,Celeb
Jessica Marais,jessicamarais,Celeb
Jessica Mauboy,jessicamauboy,DFFC
Jessica McDonald,jessicamcdonald,DFFC
Jessica McNamee,jessicamcnamee,Celeb
Jessica Miller,jessicamiller,DFFC
Jessica Nigri,jessicanigri,DFFC
Jessica Origliasso,jessicaorigliasso,Celeb
Jessica Parker Kennedy,jessicaparkerkennedy,Celeb
Jessica Paré,jessicapar,DFFC
Jessica Pegula,jessicapegula,DFFC
Jessica Perez,jessicaperez,Celeb
Jessica Schwarz,jessicaschwarz,DFFC
Jessica Seaman,jessicaseaman,DFFC
Jessica Simpson,jessicasimpson,DFFC
Jessica Stam,jessicastam,Celeb
Jessica Steen,jessicasteen,Celeb
Jessica Steffens,jessicasteffens,DFFC
Jessica Stroup,jessicastroup,Celeb
Jessica Sutta,jessicasutta,Celeb
Jessica Tandy,jessicatandy,Celeb
Jessica Watson,jessicawatson,DFFC
Jessica White,jessicawhite,Celeb
Jessie Andrews,jessieandrews,DFFC
Jessie Baylin,jessiebaylin,Celeb
Jessie Godderz,jessiegodderz,DFFC
Jessie J,jessiej,Celeb
Jessie Ware,jessieware,DFFC
Jessy De Smet,jessydesmet,DFFC
Jessy J,jessyj,DFFC
Jesus Luz,jesusluz,Celeb
Jesé,jes,DFFC
Jesús Hernández,jesshernndez,DFFC
Jesús Herrada,jessherrada,DFFC
Jesús Huerta de Soto,jesshuertadesoto,DFFC
Jesús María Satrústegui,jessmarasatrstegui,DFFC
Jesús Molina,jessmolina,DFFC
Jewel,jewel,DFFC
Jewel Kilcher,jewelkilcher,Celeb
Jhené Aiko,jhenaiko,DFFC
Ji Dong-won,jidongwon,DFFC
Ji Hyun-woo,jihyunwoo,DFFC
Ji So-yun,jisoyun,DFFC
Ji-Hwan Kang,jihwankang,Celeb
Ji-hun Lee,jihunlee,Celeb
Ji-yun Gook,jiyungook,Celeb
Jiah Khan,jiahkhan,DFFC
Jiajia,jiajia,DFFC
Jiang Wen,jiangwen,DFFC
Jill Bennett,jillbennett,DFFC
Jill Bolte Taylor,jillboltetaylor,DFFC
Jill Clayburgh,jillclayburgh,Celeb
Jill Corey,jillcorey,Celeb
Jill Eikenberry,jilleikenberry,Celeb
Jill Greenberg,jillgreenberg,DFFC
Jill Halfpenny,jillhalfpenny,Celeb
Jill Hennessy,jillhennessy,Celeb
Jill Scott,jillscott,Celeb
Jill Soloway,jillsoloway,DFFC
Jill St John,jillstjohn,Celeb
Jill Wagner,jillwagner,Celeb
Jillian Camarena-Williams,jilliancamarenawilliams,DFFC
Jillian Hall,jillianhall,Celeb
Jillian Harris,jillianharris,Celeb
Jillian Michaels,jillianmichaels,Celeb
Jillian Rose Reed,jillianrosereed,DFFC
Jillian Schwartz,jillianschwartz,DFFC
Jillian York,jillianyork,DFFC
Jim Abbott,jimabbott,DFFC
Jim Adduci,jimadduci,DFFC
Jim Armstrong,jimarmstrong,DFFC
Jim Balsillie,jimbalsillie,DFFC
Jim Belushi,jimbelushi,DFFC
Jim Berger,jimberger,DFFC
Jim Boylan,jimboylan,DFFC
Jim Breuer,jimbreuer,DFFC
Jim Brewer,jimbrewer,DFFC
Jim Broadbent,jimbroadbent,DFFC
Jim Butcher,jimbutcher,DFFC
Jim Byrnes,jimbyrnes,DFFC
Jim Caldwell,jimcaldwell,DFFC
Jim Caviezel,jimcaviezel,DFFC
Jim Corcoran,jimcorcoran,DFFC
Jim Corsi,jimcorsi,DFFC
Jim Cramer,jimcramer,DFFC
Jim Creeggan,jimcreeggan,DFFC
Jim D Hansen,jimdhansen,DFFC
Jim Delsing,jimdelsing,DFFC
Jim Dine,jimdine,DFFC
Jim Eakins,jimeakins,DFFC
Jim Eisenreich,jimeisenreich,DFFC
Jim Fenlon,jimfenlon,DFFC
Jim Ferguson,jimferguson,DFFC
Jim Flanery,jimflanery,DFFC
Jim Furyk,jimfuryk,DFFC
Jim Gannon,jimgannon,DFFC
Jim Gelcer,jimgelcer,DFFC
Jim Harmon,jimharmon,DFFC
Jim Heath,jimheath,DFFC
Jim Hegan,jimhegan,DFFC
Jim Henson,jimhenson,DFFC
Jim Hines,jimhines,DFFC
Jim Jones,jimjones,DFFC
Jim Ka To,jimkato,DFFC
Jim Kale,jimkale,DFFC
Jim Kerr,jimkerr,DFFC
Jim Knipfel,jimknipfel,DFFC
Jim L Mora,jimlmora,DFFC
Jim Lansford,jimlansford,DFFC
Jim Lee,jimlee,DFFC
Jim Lehrer,jimlehrer,DFFC
Jim Mahfood,jimmahfood,DFFC
Jim McMahon,jimmcmahon,DFFC
Jim Mooney,jimmooney,DFFC
Jim Nabors,jimnabors,DFFC
Jim Naismith,jimnaismith,DFFC
Jim Parsons,jimparsons,DFFC
Jim Pattison,jimpattison,Celeb
Jim Peterik,jimpeterik,DFFC
Jim Pugliese,jimpugliese,DFFC
Jim Rash,jimrash,DFFC
Jim Ratcliffe,jimratcliffe,DFFC
Jim Reeves,jimreeves,Celeb
Jim Reynolds,jimreynolds,DFFC
Jim Robson,jimrobson,DFFC
Jim Rooney,jimrooney,DFFC
Jim Root,jimroot,DFFC
Jim Rosenthal,jimrosenthal,DFFC
Jim Ross,jimross,DFFC
Jim Salicrup,jimsalicrup,DFFC
Jim Salsbury,jimsalsbury,DFFC
Jim Slater,jimslater,DFFC
Jim Steranko,jimsteranko,DFFC
Jim Suptic,jimsuptic,DFFC
Jim Thome,jimthome,DFFC
Jim Walton,jimwalton,DFFC
Jim Whitaker,jimwhitaker,DFFC
Jim White,jimwhite,DFFC
Jim Zabel,jimzabel,DFFC
Jimena Navarrete,jimenanavarrete,Celeb
Jimin Kang,jiminkang,DFFC
Jimmie Johnson,jimmiejohnson,DFFC
Jimmie Leach,jimmieleach,DFFC
Jimmie W Monteith,jimmiewmonteith,DFFC
Jimmie Walker,jimmiewalker,Celeb
Jimmy Bennett,jimmybennett,Celeb
Jimmy Briand,jimmybriand,DFFC
Jimmy Buffett,jimmybuffett,DFFC
Jimmy Carr,jimmycarr,Celeb
Jimmy Carter,jimmycarter,DFFC
Jimmy Casper,jimmycasper,DFFC
Jimmy Childress,jimmychildress,DFFC
Jimmy Cliff,jimmycliff,DFFC
Jimmy Connors,jimmyconnors,Celeb
Jimmy Durmaz,jimmydurmaz,DFFC
Jimmy Fallon,jimmyfallon,Celeb
Jimmy Graham,jimmygraham,DFFC
Jimmy Herring,jimmyherring,DFFC
Jimmy Johnson,jimmyjohnson,DFFC
Jimmy LaFave,jimmylafave,DFFC
Jimmy London,jimmylondon,DFFC
Jimmy Page,jimmypage,Celeb
Jimmy Rave,jimmyrave,DFFC
Jimmy Robertson,jimmyrobertson,DFFC
Jimmy Rollins,jimmyrollins,Celeb
Jimmy Roselli,jimmyroselli,DFFC
Jimmy Savile,jimmysavile,Celeb
Jimmy Scott,jimmyscott,DFFC
Jimmy Snuka,jimmysnuka,DFFC
Jimmy T Murakami,jimmytmurakami,DFFC
Jimmy Tingle,jimmytingle,DFFC
Jimmy Vicaut,jimmyvicaut,DFFC
Jimmy White,jimmywhite,DFFC
Jimmy Wong,jimmywong,DFFC
Jin Akanishi,jinakanishi,Celeb
Jin Bora,jinbora,DFFC
Jin Boyang,jinboyang,DFFC
Jin-wook Lee,jinwooklee,Celeb
Jinder Mahal,jindermahal,DFFC
Jinkx Monsoon,jinkxmonsoon,DFFC
Jinx Falkenburg,jinxfalkenburg,Celeb
Jinx Titanic,jinxtitanic,DFFC
Jirawat Makarom,jirawatmakarom,DFFC
Jiro Taniguchi,jirotaniguchi,DFFC
Jiyai Shin,jiyaishin,DFFC
Jiyul,jiyul,DFFC
Jiřina Ptáčníková,jiinaptnkov,DFFC
Jiří Jeslínek,jijeslnek,DFFC
Jiří Menzel,jimenzel,DFFC
Jiří Ondra,jiondra,DFFC
Jiří Schelinger,jischelinger,DFFC
Jiří Sekáč,jisek,DFFC
Jiří Suchý,jisuch,DFFC
Jlloyd Samuel,jlloydsamuel,DFFC
Jo Aleh,joaleh,Celeb
Jo Ann Pflug,joannpflug,Celeb
Jo Anne Worley,joanneworley,DFFC
Jo Champa,jochampa,Celeb
Jo Dee Messina,jodeemessina,DFFC
Jo Inge Berget,joingeberget,DFFC
Jo Joyner,jojoyner,Celeb
Jo Kuffour,jokuffour,DFFC
Jo Shapcott,joshapcott,DFFC
Jo Stafford,jostafford,DFFC
Jo Whiley,jowhiley,DFFC
Jo Wood,jowood,Celeb
Jo Yoon-hee,joyoonhee,DFFC
JoAnna Garcia,joannagarcia,DFFC
JoAnna Garcia Swisher,joannagarciaswisher,Celeb
JoBeth Williams,jobethwilliams,DFFC
JoJo Offerman,jojoofferman,DFFC
Joachim Löw,joachimlw,DFFC
Joachim Puchner,joachimpuchner,DFFC
Joakim Haeggman,joakimhaeggman,DFFC
Joakim Noah,joakimnoah,DFFC
Joakim Nätterqvist,joakimntterqvist,DFFC
Joakim Thåström,joakimthstrm,DFFC
Joan Allen,joanallen,Celeb
Joan Armatrading,joanarmatrading,DFFC
Joan Baez,joanbaez,Celeb
Joan Blondell,joanblondell,Celeb
Joan Caulfield,joancaulfield,DFFC
Joan Chandler,joanchandler,DFFC
Joan Collins,joancollins,DFFC
Joan Crawford,joancrawford,Celeb
Joan Cusack,joancusack,Celeb
Joan Davis,joandavis,Celeb
Joan Didion,joandidion,DFFC
Joan Evans,joanevans,DFFC
Joan Fontaine,joanfontaine,DFFC
Joan Franka,joanfranka,DFFC
Joan Horrach,joanhorrach,DFFC
Joan Hotchkis,joanhotchkis,DFFC
Joan Jeanrenaud,joanjeanrenaud,DFFC
Joan Jett,joanjett,DFFC
Joan Leslie,joanleslie,DFFC
Joan Llaneras,joanllaneras,DFFC
Joan Marshall,joanmarshall,DFFC
Joan Severance,joanseverance,Celeb
Joan Smalls,joansmalls,Celeb
Joan Van Ark,joanvanark,DFFC
Joanna Angel,joannaangel,DFFC
Joanna Budner,joannabudner,DFFC
Joanna Cassidy,joannacassidy,Celeb
Joanna Going,joannagoing,DFFC
Joanna JoJo Levesque,joannajojolevesque,Celeb
Joanna Kerns,joannakerns,Celeb
Joanna Krupa,joannakrupa,Celeb
Joanna Lenko,joannalenko,DFFC
Joanna Liszowska,joannaliszowska,Celeb
Joanna Lumley,joannalumley,DFFC
Joanna Newsom,joannanewsom,Celeb
Joanna Olczak-Ronikier,joannaolczakronikier,DFFC
Joanna Rowsell,joannarowsell,DFFC
Joanna Trollope,joannatrollope,DFFC
Joanna Wajs,joannawajs,DFFC
Joanne Carter,joannecarter,DFFC
Joanne Jackson,joannejackson,DFFC
Joanne Kiesanowski,joannekiesanowski,DFFC
Joanne Morley,joannemorley,DFFC
Joanne Siegel,joannesiegel,DFFC
Joao Plata,joaoplata,DFFC
Joao Rojas,joaorojas,DFFC
Joaquim Cruz,joaquimcruz,DFFC
Joaquim Lopes,joaquimlopes,Celeb
Joaquin Cortes,joaquincortes,Celeb
Joaquín,joaqun,DFFC
Joaquín Larrivey,joaqunlarrivey,DFFC
Jobyna Ralston,jobynaralston,Celeb
Jochen Fraatz,jochenfraatz,DFFC
Jochen Wermuth,jochenwermuth,DFFC
Jodelle Ferland,jodelleferland,DFFC
Jodi Albert,jodialbert,Celeb
Jodi Elkington-Jones,jodielkingtonjones,DFFC
Jodi Gordon,jodigordon,Celeb
Jodi Leigh Miller,jodileighmiller,DFFC
Jodi Martin,jodimartin,DFFC
Jodi-Ann Robinson,jodiannrobinson,DFFC
Jodie Emery,jodieemery,DFFC
Jodie Marsh,jodiemarsh,Celeb
Jodie Moore,jodiemoore,DFFC
Jodie Sweetin,jodiesweetin,DFFC
Jodie Taylor,jodietaylor,DFFC
Jodie Williams,jodiewilliams,DFFC
Jody Craddock,jodycraddock,DFFC
Jody Scheckter,jodyscheckter,DFFC
Jody Watley,jodywatley,DFFC
Joe A Rector,joearector,DFFC
Joe Abercrombie,joeabercrombie,DFFC
Joe Anderson,joeanderson,Celeb
Joe Bach,joebach,DFFC
Joe Barry,joebarry,DFFC
Joe Beevers,joebeevers,DFFC
Joe Bendik,joebendik,DFFC
Joe Betts-LaCroix,joebettslacroix,DFFC
Joe Biden,joebiden,Celeb
Joe Bonamassa,joebonamassa,DFFC
Joe Bonsall,joebonsall,DFFC
Joe Budden,joebudden,DFFC
Joe Camilleri,joecamilleri,DFFC
Joe Campanella,joecampanella,DFFC
Joe Canning,joecanning,DFFC
Joe Cannon,joecannon,DFFC
Joe Cipriano,joecipriano,DFFC
Joe Cole,joecole,Celeb
Joe Crede,joecrede,DFFC
Joe Dallesandro,joedallesandro,DFFC
Joe De Santis,joedesantis,DFFC
Joe DiMaggio,joedimaggio,Celeb
Joe Diffie,joediffie,DFFC
Joe Doerr,joedoerr,DFFC
Joe Duffy,joeduffy,DFFC
Joe Duplantier,joeduplantier,DFFC
Joe E Brown,joeebrown,Celeb
Joe Frasson,joefrasson,DFFC
Joe Frazier,joefrazier,DFFC
"Joe Garagiola, Sr",joegaragiolasr,DFFC
Joe Giella,joegiella,DFFC
Joe Girardi,joegirardi,DFFC
Joe Greene,joegreene,DFFC
Joe Hachem,joehachem,DFFC
Joe Hahn,joehahn,DFFC
Joe Haldeman,joehaldeman,DFFC
Joe Hamilton,joehamilton,DFFC
Joe Hart,joehart,Celeb
Joe Jacobson,joejacobson,DFFC
Joe Jonas,joejonas,Celeb
Joe Jopling,joejopling,DFFC
Joe King,joeking,DFFC
Joe Lewis,joelewis,Celeb
Joe Lizura,joelizura,DFFC
Joe Looney,joelooney,DFFC
Joe Lovitto,joelovitto,DFFC
Joe Lynn Turner,joelynnturner,Celeb
Joe Madiath,joemadiath,DFFC
Joe Mande,joemande,DFFC
Joe Manganiello,joemanganiello,Celeb
Joe Mantegna,joemantegna,DFFC
Joe Marconi,joemarconi,DFFC
Joe Mays,joemays,DFFC
Joe McKnight,joemcknight,DFFC
Joe Montana,joemontana,Celeb
Joe Namath,joenamath,Celeb
Joe Nemechek,joenemechek,DFFC
Joe Nickell,joenickell,DFFC
Joe Nieuwendyk,joenieuwendyk,DFFC
Joe Pepitone,joepepitone,DFFC
Joe Perry,joeperry,Celeb
Joe Pesci,joepesci,DFFC
Joe Pignatano,joepignatano,DFFC
Joe Puerta,joepuerta,DFFC
Joe Rafferty,joerafferty,DFFC
Joe Ralls,joeralls,DFFC
Joe Rogan,joerogan,Celeb
Joe Ruttman,joeruttman,DFFC
Joe Shishido,joeshishido,DFFC
Joe Simpson,joesimpson,DFFC
Joe Sova,joesova,DFFC
Joe Spencer,joespencer,DFFC
Joe Spinell,joespinell,DFFC
Joe Staton,joestaton,DFFC
Joe Swail,joeswail,DFFC
Joe Theismann,joetheismann,DFFC
Joe Trohman,joetrohman,DFFC
Joe Walsh,joewalsh,DFFC
Joe Watson,joewatson,DFFC
Joe Webb,joewebb,DFFC
Joe Zawinul,joezawinul,DFFC
Joel Breton,joelbreton,DFFC
Joel Campbell,joelcampbell,DFFC
Joel Chianese,joelchianese,DFFC
Joel David Moore,joeldavidmoore,Celeb
Joel Edgerton,joeledgerton,Celeb
Joel Freeland,joelfreeland,DFFC
Joel Fuhrman,joelfuhrman,DFFC
Joel Grey,joelgrey,Celeb
Joel Griffiths,joelgriffiths,DFFC
Joel Hanrahan,joelhanrahan,DFFC
Joel Iskowitz,joeliskowitz,DFFC
Joel Kinnaman,joelkinnaman,Celeb
Joel Lindpere,joellindpere,DFFC
Joel Madden,joelmadden,DFFC
Joel Martin,joelmartin,DFFC
Joel McHale,joelmchale,Celeb
Joel O'Keeffe,joelokeeffe,DFFC
Joel Osteen,joelosteen,DFFC
Joel Robles,joelrobles,DFFC
Joel Rosenberg,joelrosenberg,DFFC
Joel Schumacher,joelschumacher,DFFC
Joelle,joelle,DFFC
Joelle Forte,joelleforte,DFFC
Joelle Hadjia,joellehadjia,DFFC
Joely Richardson,joelyrichardson,Celeb
Joey Baron,joeybaron,DFFC
Joey Cape,joeycape,DFFC
Joey Castillo,joeycastillo,DFFC
Joey Chestnut,joeychestnut,DFFC
Joey Comeau,joeycomeau,DFFC
Joey Fatone,joeyfatone,DFFC
Joey Galloway,joeygalloway,DFFC
Joey Gase,joeygase,DFFC
Joey Haynos,joeyhaynos,DFFC
Joey Heatherton,joeyheatherton,Celeb
Joey Kelly,joeykelly,Celeb
Joey King,joeyking,Celeb
Joey Kramer,joeykramer,Celeb
Joey Lauren Adams,joeylaurenadams,Celeb
Joey Lawrence,joeylawrence,Celeb
Joey Logano,joeylogano,Celeb
Joey Russell,joeyrussell,DFFC
Joey Santiago,joeysantiago,DFFC
Joffrey Lupul,joffreylupul,DFFC
Johan Boskamp,johanboskamp,DFFC
Johan Botha,johanbotha,DFFC
Johan Bruyneel,johanbruyneel,DFFC
Johan Dahlin,johandahlin,DFFC
Johan Kenkhuis,johankenkhuis,DFFC
Johan Kristoffersson,johankristoffersson,DFFC
Johan Libéreau,johanlibreau,DFFC
Johan Micoud,johanmicoud,DFFC
Johan Museeuw,johanmuseeuw,DFFC
Johan Rabaeus,johanrabaeus,DFFC
Johan Stureson,johanstureson,DFFC
Johan Vansummeren,johanvansummeren,DFFC
Johan Vonlanthen,johanvonlanthen,DFFC
Johan Wiland,johanwiland,DFFC
Johanna Klum,johannaklum,Celeb
Johanna Lind,johannalind,DFFC
Johanna Lundback,johannalundback,Celeb
Johanna Purdy,johannapurdy,DFFC
Johannes La Grouw,johanneslagrouw,DFFC
Johannes Seidlitz,johannesseidlitz,DFFC
Johannes Thingnes Bø,johannesthingnesb,DFFC
Johannes Wieland,johanneswieland,DFFC
Johannes Willebrands,johanneswillebrands,DFFC
"Johannes, 11th Prince of Thurn and Taxis",johannes11thprinceofthurnandtaxis,DFFC
John 5,john5,Celeb
John Abraham,johnabraham,Celeb
John Agar,johnagar,Celeb
John Allan Cameron,johnallancameron,DFFC
John Ardis Cawthon,johnardiscawthon,DFFC
John Armitt,johnarmitt,DFFC
John Avlon,johnavlon,DFFC
John B Calhoun,johnbcalhoun,DFFC
John Banville,johnbanville,DFFC
John Barrowman,johnbarrowman,Celeb
John Barry,johnbarry,DFFC
John Bell,johnbell,DFFC
John Berry,johnberry,DFFC
John Betjeman,johnbetjeman,DFFC
John Biddle,johnbiddle,DFFC
John Bishop,johnbishop,DFFC
John Boehner,johnboehner,Celeb
John Brodie,johnbrodie,DFFC
John Brookfield,johnbrookfield,DFFC
John Brooks,johnbrooks,DFFC
John Brown,johnbrown,DFFC
John Butler,johnbutler,DFFC
John C Mather,johncmather,DFFC
John C Reilly,johncreilly,DFFC
John Cale,johncale,Celeb
John Capel,johncapel,DFFC
John Carradine,johncarradine,DFFC
John Carroll,johncarroll,DFFC
John Cena,johncena,Celeb
John Cernuto,johncernuto,DFFC
John Chambers,johnchambers,DFFC
John Chapman,johnchapman,DFFC
John Christenbury,johnchristenbury,DFFC
John Clay,johnclay,DFFC
John Cleese,johncleese,DFFC
John Coates,johncoates,DFFC
John Coghlan,johncoghlan,DFFC
John Conner,johnconner,DFFC
John Corbett,johncorbett,DFFC
John Crawley,johncrawley,DFFC
John Crissey III,johncrisseyiii,DFFC
John Crowe Ransom,johncroweransom,DFFC
John Crowley,johncrowley,DFFC
John D Roberts,johndroberts,DFFC
John Dalgleish Donaldson,johndalgleishdonaldson,DFFC
John Dall,johndall,DFFC
John Darnielle,johndarnielle,DFFC
John David Morley,johndavidmorley,DFFC
John DeFazio,johndefazio,DFFC
John DeLorean,johndelorean,DFFC
John Debney,johndebney,DFFC
John Dempster,johndempster,DFFC
John Devitt,johndevitt,DFFC
John Dobson,johndobson,DFFC
John Dolmayan,johndolmayan,DFFC
John Dye,johndye,Celeb
John Eleuthère du Pont,johneleuthredupont,DFFC
John Elway,johnelway,DFFC
John Enos III,johnenosiii,Celeb
John Entwistle,johnentwistle,DFFC
John Esposito,johnesposito,DFFC
John Estrada,johnestrada,DFFC
John F Campbell,johnfcampbell,DFFC
John F Du,johnfdu,DFFC
John F Kennedy Jr,johnfkennedyjr,DFFC
John Fahey,johnfahey,DFFC
John Farnham,johnfarnham,DFFC
John Farrell,johnfarrell,DFFC
John Farrow,johnfarrow,Celeb
John Ferenzik,johnferenzik,DFFC
John Flaherty,johnflaherty,DFFC
John Flanagan,johnflanagan,DFFC
John Fogerty,johnfogerty,Celeb
John Foreman,johnforeman,DFFC
John Francis Daley,johnfrancisdaley,DFFC
John Frusciante,johnfrusciante,Celeb
John Gadret,johngadret,DFFC
John Galvin,johngalvin,DFFC
John Garcia,johngarcia,DFFC
John Garfield,johngarfield,Celeb
John Garrison,johngarrison,DFFC
John Gilliland,johngilliland,DFFC
John Goodman,johngoodman,Celeb
John Gouriet,johngouriet,DFFC
John Greco,johngreco,DFFC
John Gregory,johngregory,DFFC
John Guidetti,johnguidetti,DFFC
John H Caldwell,johnhcaldwell,DFFC
John H Taylor,johnhtaylor,DFFC
John Hagee,johnhagee,DFFC
John Hannah,johnhannah,Celeb
John Harbaugh,johnharbaugh,DFFC
John Hartford,johnhartford,DFFC
John Harwood,johnharwood,DFFC
John Hawkes,johnhawkes,DFFC
John Heald,johnheald,DFFC
John Helliwell,johnhelliwell,DFFC
John Henderson,johnhenderson,DFFC
John Hennigan,johnhennigan,DFFC
John Herrington,johnherrington,DFFC
John Heussenstamm,johnheussenstamm,DFFC
"John Hinckley, Jr",johnhinckleyjr,DFFC
John Hockenberry,johnhockenberry,DFFC
John Hoffman,johnhoffman,DFFC
John Holmes,johnholmes,DFFC
John Hopcroft,johnhopcroft,DFFC
John Howard,johnhoward,DFFC
John Hughes,johnhughes,DFFC
John Hurt,johnhurt,Celeb
John Inge,johninge,DFFC
John Irving,johnirving,DFFC
John Isner,johnisner,DFFC
John J Studzinski,johnjstudzinski,DFFC
John Jarratt,johnjarratt,DFFC
John Johnson,johnjohnson,DFFC
John Jorgenson,johnjorgenson,DFFC
John Justin,johnjustin,DFFC
John K Davis,johnkdavis,DFFC
John K Watts,johnkwatts,DFFC
John Kadlecik,johnkadlecik,DFFC
John Kanzius,johnkanzius,DFFC
John Kasay,johnkasay,DFFC
John Kay,johnkay,DFFC
John Kerr,johnkerr,DFFC
John King,johnking,DFFC
John Kirkbride,johnkirkbride,DFFC
John Krasinski,johnkrasinski,Celeb
"John Krebs, Baron Krebs",johnkrebsbaronkrebs,DFFC
John Kucera,johnkucera,DFFC
John Kuhn,johnkuhn,DFFC
John Layfield,johnlayfield,DFFC
John Lee Hooker,johnleehooker,DFFC
John Legend,johnlegend,Celeb
John List,johnlist,DFFC
John Lombardo,johnlombardo,DFFC
John Lund,johnlund,DFFC
John M Ford,johnmford,DFFC
John M Freeman,johnmfreeman,DFFC
John Madden,johnmadden,DFFC
John Mahoney,johnmahoney,DFFC
John Mann,johnmann,DFFC
John Marquis,johnmarquis,DFFC
John Mastrangelo,johnmastrangelo,DFFC
"John Mayberry, Jr",johnmayberryjr,DFFC
John Mayer,johnmayer,DFFC
John McCombe,johnmccombe,DFFC
John McCririck,johnmccririck,DFFC
John McEnroe,johnmcenroe,DFFC
John McGrath,johnmcgrath,DFFC
John McLaughlin,johnmclaughlin,DFFC
John McVey,johnmcvey,DFFC
John Mellencamp,johnmellencamp,Celeb
John Michael Higgins,johnmichaelhiggins,Celeb
John Moffitt,johnmoffitt,DFFC
John Moore,johnmoore,DFFC
John Moreland,johnmoreland,DFFC
John Morrison,johnmorrison,Celeb
John Mule Miles,johnmulemiles,DFFC
John N Shive,johnnshive,DFFC
John Napier,johnnapier,DFFC
John Nettles,johnnettles,DFFC
John Noble,johnnoble,DFFC
John Nutter,johnnutter,DFFC
John Ottman,johnottman,DFFC
John Parrott,johnparrott,DFFC
John Patrick Amedori,johnpatrickamedori,Celeb
John Paul Jones,johnpauljones,DFFC
John Paul Thomas,johnpaulthomas,DFFC
John Paul Tremblay,johnpaultremblay,DFFC
John Payne,johnpayne,Celeb
John Peers,johnpeers,DFFC
John Pendry,johnpendry,DFFC
John Perry Barlow,johnperrybarlow,DFFC
John Phan,johnphan,DFFC
John Phillip Law,johnphilliplaw,DFFC
John Polkinghorne,johnpolkinghorne,DFFC
John Porcellino,johnporcellino,DFFC
John Prats,johnprats,DFFC
John Prchlik,johnprchlik,DFFC
John Pritchard,johnpritchard,DFFC
John R Ellis,johnrellis,DFFC
John Rambo,johnrambo,DFFC
John Ratzenberger,johnratzenberger,Celeb
John Reed,johnreed,DFFC
John Regala,johnregala,DFFC
John Reuben,johnreuben,DFFC
John Ritter,johnritter,Celeb
John Robert Colombo,johnrobertcolombo,DFFC
John Rooney,johnrooney,DFFC
John Rucyahana,johnrucyahana,DFFC
John Ruiz,johnruiz,DFFC
John Russell,johnrussell,Celeb
John Rust,johnrust,DFFC
John S Chen,johnschen,DFFC
John Scalzi,johnscalzi,DFFC
John Schneider,johnschneider,DFFC
John Sculley,johnsculley,DFFC
John Sentamu,johnsentamu,DFFC
John Simm,johnsimm,DFFC
John Simon,johnsimon,DFFC
John Slaney,johnslaney,DFFC
John Slattery,johnslattery,Celeb
"John Spencer-Churchill, 11th Duke of Marlborough",johnspencerchurchill11thdukeofmarlborough,DFFC
John Stagliano,johnstagliano,DFFC
John Stamos,johnstamos,Celeb
John Starks,johnstarks,DFFC
John Steffensen,johnsteffensen,DFFC
John Steuart Curry,johnsteuartcurry,DFFC
John Still,johnstill,DFFC
John Stones,johnstones,DFFC
John Stossel,johnstossel,DFFC
John Surman,johnsurman,DFFC
John T Houghton,johnthoughton,DFFC
John Tavares,johntavares,DFFC
John Thierry,johnthierry,DFFC
John Thorne,johnthorne,DFFC
John Torode,johntorode,DFFC
John Turturro,johnturturro,Celeb
John Tuzo Wilson,johntuzowilson,DFFC
John Van Alstine,johnvanalstine,DFFC
John Vanbiesbrouck,johnvanbiesbrouck,DFFC
John Varvatos,johnvarvatos,DFFC
John Vaughn,johnvaughn,DFFC
John Viener,johnviener,DFFC
John Virgo,johnvirgo,DFFC
John W Nyquist,johnwnyquist,DFFC
John Waters,johnwaters,DFFC
John Weaver,johnweaver,DFFC
John Wes Townley,johnwestownley,DFFC
John Whetton,johnwhetton,DFFC
John Whitehead,johnwhitehead,DFFC
John Yoo,johnyoo,DFFC
John de Havilland,johndehavilland,DFFC
John-Patrick Smith,johnpatricksmith,DFFC
John-Paul Lavoisier,johnpaullavoisier,Celeb
Johnathan Franklin,johnathanfranklin,DFFC
Johnathon Schaech,johnathonschaech,Celeb
Johnnie Bassett,johnniebassett,DFFC
Johnny Beattie,johnnybeattie,DFFC
Johnny Borrell,johnnyborrell,Celeb
Johnny Chapman,johnnychapman,DFFC
Johnny Coen,johnnycoen,DFFC
Johnny Craig,johnnycraig,DFFC
Johnny Curtis,johnnycurtis,Celeb
Johnny Damon,johnnydamon,Celeb
Johnny Dawkins,johnnydawkins,DFFC
Johnny Dee,johnnydee,DFFC
Johnny Galecki,johnnygalecki,Celeb
Johnny Gill,johnnygill,Celeb
Johnny Grant,johnnygrant,DFFC
Johnny Griffin,johnnygriffin,DFFC
Johnny Jeter,johnnyjeter,DFFC
Johnny Lattner,johnnylattner,DFFC
Johnny Lewis,johnnylewis,Celeb
Johnny Lodden,johnnylodden,DFFC
Johnny Lundberg,johnnylundberg,DFFC
Johnny Majors,johnnymajors,DFFC
Johnny Mathis,johnnymathis,Celeb
Johnny Messner,johnnymessner,Celeb
Johnny Mize,johnnymize,Celeb
Johnny Oduya,johnnyoduya,DFFC
Johnny Ramone,johnnyramone,Celeb
Johnny Reid,johnnyreid,DFFC
Johnny Rodz,johnnyrodz,DFFC
Johnny Sauter,johnnysauter,DFFC
Johnny Simmons,johnnysimmons,Celeb
Johnny Swinger,johnnyswinger,DFFC
Johnny Unitas,johnnyunitas,DFFC
Johnny Ventura,johnnyventura,DFFC
Johnny Weir,johnnyweir,DFFC
Johnson Bademosi,johnsonbademosi,DFFC
Johnson Beharry,johnsonbeharry,DFFC
Johny Diba,johnydiba,DFFC
Joi Chua,joichua,DFFC
Joji Kato,jojikato,DFFC
Joker Phillips,jokerphillips,DFFC
Jolanta Zawadzka,jolantazawadzka,DFFC
Jolene Blalock,joleneblalock,Celeb
Jolin Chien,jolinchien,DFFC
Jolyon Palmer,jolyonpalmer,DFFC
Jon Amiel,jonamiel,DFFC
Jon Anderson,jonanderson,DFFC
Jon Bernthal,jonbernthal,DFFC
Jon Busch,jonbusch,DFFC
Jon Coghill,joncoghill,DFFC
Jon Cooper,joncooper,DFFC
Jon Cryer,joncryer,Celeb
Jon Daly,jondaly,DFFC
Jon Dette,jondette,DFFC
Jon Doscher,jondoscher,DFFC
Jon Edwards,jonedwards,DFFC
Jon Favreau,jonfavreau,Celeb
Jon Foster,jonfoster,DFFC
Jon Fratelli,jonfratelli,DFFC
Jon Guthrie,jonguthrie,DFFC
Jon Hein,jonhein,DFFC
Jon Horford,jonhorford,DFFC
Jon Hurwitz,jonhurwitz,DFFC
Jon Izagirre,jonizagirre,DFFC
Jon J Muth,jonjmuth,DFFC
Jon Jenkins,jonjenkins,DFFC
Jon Kortajarena,jonkortajarena,Celeb
Jon Kyong-hui,jonkyonghui,DFFC
Jon Lajoie,jonlajoie,DFFC
Jon Lee Anderson,jonleeanderson,DFFC
Jon Ludvig Hammer,jonludvighammer,DFFC
Jon Merrill,jonmerrill,DFFC
Jon Nurse,jonnurse,DFFC
Jon Nödtveidt,jonndtveidt,DFFC
Jon Otsemobor,jonotsemobor,DFFC
Jon Purdie,jonpurdie,DFFC
Jon R Cavaiani,jonrcavaiani,DFFC
Jon Ryan,jonryan,DFFC
Jon Santacana Maiztegui,jonsantacanamaiztegui,DFFC
Jon Schillaci,jonschillaci,DFFC
Jon Seda,jonseda,DFFC
Jon Shanklin,jonshanklin,DFFC
Jon Singleton,jonsingleton,DFFC
Jon Stead,jonstead,DFFC
Jon Stryker,jonstryker,Celeb
Jon Turteltaub,jonturteltaub,DFFC
Jon Voight,jonvoight,DFFC
Jon-Erik Hexum,jonerikhexum,Celeb
Jona Weinhofen,jonaweinhofen,Celeb
Jonah Goldberg,jonahgoldberg,DFFC
Jonah Nickerson,jonahnickerson,DFFC
Jonas Ahlstrand,jonasahlstrand,DFFC
Jonas Alaska,jonasalaska,DFFC
Jonas Eriksson,jonaseriksson,DFFC
Jonas Hallberg,jonashallberg,DFFC
Jonas Olsson,jonasolsson,DFFC
Jonas Savimbi,jonassavimbi,DFFC
Jonas Wohlfarth-Bottermann,jonaswohlfarthbottermann,DFFC
Jonas van Genechten,jonasvangenechten,DFFC
Jonatha Brooke,jonathabrooke,DFFC
Jonathan Ansell,jonathanansell,DFFC
Jonathan B Wright,jonathanbwright,DFFC
Jonathan Bellis,jonathanbellis,DFFC
Jonathan Bennett,jonathanbennett,Celeb
Jonathan Brown,jonathanbrown,DFFC
Jonathan Bydlak,jonathanbydlak,DFFC
Jonathan Carroll,jonathancarroll,DFFC
Jonathan Coachman,jonathancoachman,DFFC
Jonathan Crompton,jonathancrompton,DFFC
Jonathan Davis,jonathandavis,Celeb
Jonathan Demme,jonathandemme,DFFC
Jonathan Donahue,jonathandonahue,DFFC
Jonathan Drouin,jonathandrouin,DFFC
Jonathan Edwards,jonathanedwards,DFFC
Jonathan Eysseric,jonathaneysseric,DFFC
Jonathan Goldsmith,jonathangoldsmith,DFFC
Jonathan Grado,jonathangrado,DFFC
Jonathan Groff,jonathangroff,Celeb
Jonathan Harris,jonathanharris,DFFC
Jonathan Huberdeau,jonathanhuberdeau,DFFC
Jonathan Ive,jonathanive,DFFC
Jonathan Knight,jonathanknight,Celeb
Jonathan Kozol,jonathankozol,DFFC
Jonathan Liebesman,jonathanliebesman,DFFC
Jonathan Lujan,jonathanlujan,DFFC
Jonathan Maberry,jonathanmaberry,DFFC
Jonathan Maidana,jonathanmaidana,DFFC
Jonathan Massaquoi,jonathanmassaquoi,DFFC
Jonathan McKain,jonathanmckain,DFFC
Jonathan Mensah,jonathanmensah,DFFC
Jonathan Moreira,jonathanmoreira,DFFC
Jonathan Nelson,jonathannelson,Celeb
Jonathan Newsome,jonathannewsome,DFFC
Jonathan Ogden,jonathanogden,DFFC
Jonathan Papelbon,jonathanpapelbon,DFFC
Jonathan Potter,jonathanpotter,DFFC
Jonathan Pryce,jonathanpryce,Celeb
Jonathan Rhys Meyers,jonathanrhysmeyers,Celeb
Jonathan Richman,jonathanrichman,DFFC
Jonathan Ross,jonathanross,DFFC
Jonathan Safran Foer,jonathansafranfoer,DFFC
Jonathan Smith,jonathansmith,DFFC
Jonathan Soriano,jonathansoriano,DFFC
Jonathan Toews,jonathantoews,DFFC
Jonathan Togo,jonathantogo,Celeb
Jonathan Tucker,jonathantucker,Celeb
Jonathan Walters,jonathanwalters,DFFC
Jonathan Winters,jonathanwinters,Celeb
Jonathan Woodgate,jonathanwoodgate,DFFC
Jonathan de Guzmán,jonathandeguzmn,DFFC
Jonathon Schaech,jonathonschaech,Celeb
Jonathon Welch,jonathonwelch,DFFC
Joni Mitchell,jonimitchell,Celeb
Jonjo Farrell,jonjofarrell,DFFC
Jonjo Shelvey,jonjoshelvey,DFFC
Jonna Nygren,jonnanygren,Celeb
Jonne Aaron,jonneaaron,Celeb
Jonny Lee Miller,jonnyleemiller,Celeb
Jonny Steele,jonnysteele,DFFC
Jools Holland,joolsholland,DFFC
Joon Kim,joonkim,Celeb
Joop Zoetemelk,joopzoetemelk,DFFC
Joost Posthuma,joostposthuma,DFFC
Jordan Baker,jordanbaker,DFFC
Jordan Belfort,jordanbelfort,DFFC
Jordan Brauninger,jordanbrauninger,DFFC
Jordan Caron,jordancaron,DFFC
Jordan Farmar,jordanfarmar,Celeb
Jordan Ferri,jordanferri,DFFC
Jordan Harvey,jordanharvey,DFFC
Jordan Hayes,jordanhayes,DFFC
Jordan Hill,jordanhill,DFFC
Jordan Knight,jordanknight,Celeb
Jordan Kovacs,jordankovacs,DFFC
Jordan Ladd,jordanladd,Celeb
Jordan Lotiès,jordanlotis,DFFC
Jordan Mills,jordanmills,DFFC
Jordan Pruitt,jordanpruitt,Celeb
Jordan Rossiter,jordanrossiter,DFFC
Jordan Smotherman,jordansmotherman,DFFC
Jordan Taylor,jordantaylor,DFFC
Jordan Tripp,jordantripp,DFFC
Jordana Brewster,jordanabrewster,DFFC
Jordana Spiro,jordanaspiro,Celeb
Jordi Amat,jordiamat,DFFC
Jordi Bernet,jordibernet,DFFC
Jordi Gómez,jordigmez,DFFC
Jordi Simón,jordisimn,DFFC
Jordie Benn,jordiebenn,DFFC
Jordie McKenzie,jordiemckenzie,DFFC
Jordin Sparks,jordinsparks,DFFC
Jordon Hodges,jordonhodges,DFFC
Jordy Brouwer,jordybrouwer,DFFC
Jordy Clasie,jordyclasie,DFFC
Jordyn Wieber,jordynwieber,DFFC
Jorge Andrade,jorgeandrade,DFFC
Jorge Celedón,jorgeceledn,DFFC
Jorge Drexler,jorgedrexler,DFFC
Jorge Garcia,jorgegarcia,Celeb
Jorge Larena,jorgelarena,DFFC
Jorge Lorenzo,jorgelorenzo,DFFC
Jorge Mendes,jorgemendes,DFFC
Jorge Salán,jorgesaln,DFFC
Jorge Sampaoli,jorgesampaoli,DFFC
Jorge Semprún,jorgesemprn,DFFC
Jorge Soler,jorgesoler,DFFC
Jorge Soto,jorgesoto,DFFC
Jorge Torres Nilo,jorgetorresnilo,DFFC
Jorge Valdivia,jorgevaldivia,DFFC
Jorgie Porter,jorgieporter,Celeb
Jori Chisholm,jorichisholm,DFFC
Jorik Hendrickx,jorikhendrickx,DFFC
Joris Jarsky,jorisjarsky,DFFC
Joris Mathijsen,jorismathijsen,DFFC
Jorja Fox,jorjafox,Celeb
Jorma Taccone,jormataccone,Celeb
Joseba Llorente,joseballorente,DFFC
Josef Hušbauer,josefhubauer,DFFC
Josef Walcher,josefwalcher,DFFC
Josefina Cisternas,josefinacisternas,Celeb
Josefina Pouso,josefinapouso,Celeb
Joselu,joselu,DFFC
Josemaría Escrivá,josemaraescriv,DFFC
Josep Guardiola,josepguardiola,Celeb
Joseph A Farinholt,josephafarinholt,DFFC
Joseph Arthur,josepharthur,DFFC
Joseph Boyden,josephboyden,DFFC
Joseph Buckland,josephbuckland,DFFC
Joseph Chipolina,josephchipolina,DFFC
Joseph Connors,josephconnors,DFFC
Joseph Cotten,josephcotten,Celeb
Joseph Di Chiara,josephdichiara,DFFC
Joseph Fauria,josephfauria,DFFC
Joseph Gilgun,josephgilgun,Celeb
Joseph Gordon-Levitt,josephgordonlevitt,DFFC
Joseph Johnson,josephjohnson,DFFC
Joseph Kosinski,josephkosinski,DFFC
Joseph Lowery,josephlowery,DFFC
Joseph Mascolo,josephmascolo,DFFC
Joseph Mercola,josephmercola,DFFC
Joseph Morgan,josephmorgan,DFFC
Joseph Nunzio Latino,josephnunziolatino,DFFC
Joseph O'Connor,josephoconnor,DFFC
Joseph Ponsetto,josephponsetto,DFFC
Joseph R Binzer,josephrbinzer,DFFC
Joseph Sgro,josephsgro,DFFC
Joseph Stella,josephstella,DFFC
Joseph Young,josephyoung,DFFC
Josephine Tomic,josephinetomic,Celeb
Josette Day,josetteday,Celeb
Josh Abercrombie,joshabercrombie,DFFC
Josh Akognon,joshakognon,DFFC
Josh Arieh,josharieh,DFFC
Josh Bailey,joshbailey,DFFC
Josh Barrett,joshbarrett,DFFC
Josh Boden,joshboden,DFFC
Josh Brener,joshbrener,DFFC
Josh Brent,joshbrent,DFFC
Josh Brown,joshbrown,DFFC
Josh Burkman,joshburkman,DFFC
Josh Caddy,joshcaddy,DFFC
Josh Carter,joshcarter,DFFC
Josh Charles,joshcharles,Celeb
Josh Childress,joshchildress,DFFC
Josh Cribbs,joshcribbs,DFFC
Josh Davis,joshdavis,DFFC
Josh Donaldson,joshdonaldson,DFFC
Josh Drummond,joshdrummond,DFFC
Josh Duhamel,joshduhamel,DFFC
Josh Edmondson,joshedmondson,DFFC
Josh Elliott,joshelliott,DFFC
Josh Faga,joshfaga,DFFC
Josh Flitter,joshflitter,Celeb
Josh Franceschi,joshfranceschi,Celeb
Josh Gasser,joshgasser,DFFC
Josh Gordy,joshgordy,DFFC
Josh Groban,joshgroban,Celeb
Josh Harrellson,joshharrellson,DFFC
Josh Harrison,joshharrison,DFFC
Josh Henderson,joshhenderson,Celeb
Josh Holloway,joshholloway,Celeb
Josh Hose,joshhose,DFFC
Josh Hull,joshhull,DFFC
Josh James,joshjames,DFFC
Josh Johnson,joshjohnson,DFFC
Josh Kelley,joshkelley,DFFC
Josh Kelly,joshkelly,DFFC
Josh Klinghoffer,joshklinghoffer,DFFC
Josh Lattanzi,joshlattanzi,DFFC
Josh Lenz,joshlenz,DFFC
Josh Lucas,joshlucas,DFFC
Josh Mathews,joshmathews,DFFC
Josh McRoberts,joshmcroberts,DFFC
Josh Murphy,joshmurphy,DFFC
Josh Neufeld,joshneufeld,DFFC
Josh Parry,joshparry,DFFC
Josh Peck,joshpeck,Celeb
Josh Phillips,joshphillips,DFFC
Josh Powell,joshpowell,DFFC
Josh Radnor,joshradnor,Celeb
Josh Ritter,joshritter,DFFC
Josh Robinson,joshrobinson,DFFC
Josh Saunders,joshsaunders,DFFC
Josh Shipp,joshshipp,DFFC
Josh Stamberg,joshstamberg,DFFC
Josh Thomas,joshthomas,DFFC
Josh Victorian,joshvictorian,DFFC
Josh Wilson,joshwilson,DFFC
Josh Wright,joshwright,DFFC
Joshi Helgesson,joshihelgesson,DFFC
Joshua Bloch,joshuabloch,DFFC
Joshua Bowman,joshuabowman,Celeb
Joshua Brillante,joshuabrillante,DFFC
Joshua Dysart,joshuadysart,DFFC
Joshua Foer,joshuafoer,DFFC
Joshua Gomez,joshuagomez,Celeb
Joshua Jackson,joshuajackson,Celeb
Joshua Leonard,joshualeonard,Celeb
Joshua Nesbitt,joshuanesbitt,DFFC
Joshua Reagan,joshuareagan,DFFC
Josie Loren,josieloren,Celeb
Joslyn James,joslynjames,Celeb
José Antonio Abreu,josantonioabreu,DFFC
José Antonio Reyes,josantonioreyes,DFFC
José Antonio Rodríguez,josantoniorodrguez,DFFC
José Augusto,josaugusto,DFFC
José Bosingwa,josbosingwa,DFFC
José Carlos Hernández,joscarloshernndez,DFFC
José Enrique,josenrique,DFFC
José Fernández,josfernndez,DFFC
José Francisco Cevallos,josfranciscocevallos,DFFC
José González,josgonzlez,DFFC
José Juan Barea,josjuanbarea,DFFC
José Juan Vázquez,josjuanvzquez,DFFC
José Luis Abajo,josluisabajo,DFFC
José Luis Arrieta,josluisarrieta,DFFC
José Luis Brown,josluisbrown,DFFC
José Luis Manzano,josluismanzano,DFFC
José Luis Rodríguez,josluisrodrguez,DFFC
José Luis de Jesús,josluisdejess,DFFC
José Manuel Jurado,josmanueljurado,DFFC
José Manuel Lara,josmanuellara,DFFC
José Manuel Martín,josmanuelmartn,DFFC
José Manuel Rey,josmanuelrey,DFFC
José Meolans,josmeolans,DFFC
José Moreira,josmoreira,DFFC
José Nunes,josnunes,DFFC
José Padilha,jospadilha,DFFC
José Porras,josporras,DFFC
José Reynaldo Bencosme de Leon,josreynaldobencosmedeleon,DFFC
José Velásquez Bórquez,josvelsquezbrquez,DFFC
José Ángel Gómez Marchante,josngelgmezmarchante,DFFC
José Ángel Iribar,josngeliribar,DFFC
José-Filipe Lima,josfilipelima,DFFC
Jota,jota,DFFC
Jourdan DeMuynck,jourdandemuynck,DFFC
Jourdan Dunn,jourdandunn,Celeb
Jovan Markoski,jovanmarkoski,DFFC
Jovana Janković,jovanajankovi,DFFC
Jovanotti,jovanotti,DFFC
Jovanovski Bojana,jovanovskibojana,Celeb
Joxe Azurmendi,joxeazurmendi,DFFC
Joy Esther,joyesther,DFFC
Joy Giovanni,joygiovanni,DFFC
Joy Nichols,joynichols,DFFC
Joyce Cobb,joycecobb,DFFC
Joyce Compton,joycecompton,Celeb
Joyce DeWitt,joycedewitt,Celeb
Jozef Ráž,jozefr,DFFC
João Mário,joomrio,DFFC
João Pedro Pereira Silva,joopedropereirasilva,DFFC
João Victor de Albuquerque Bruno,joovictordealbuquerquebruno,DFFC
João Vieira Pinto,joovieirapinto,DFFC
Joãozinho,joozinho,DFFC
Joël Chouinard,jolchouinard,DFFC
Joël Matip,jolmatip,DFFC
Joël Robuchon,jolrobuchon,DFFC
Jožef Tertei,joeftertei,DFFC
Juan A Baptista,juanabaptista,Celeb
Juan Antonio Bayona,juanantoniobayona,DFFC
Juan Antonio Orenga,juanantonioorenga,DFFC
Juan Arango,juanarango,DFFC
Juan Ballesta,juanballesta,Celeb
Juan Bustabad,juanbustabad,DFFC
Juan Carlos I of Spain,juancarlosiofspain,DFFC
Juan Carlos Monedero,juancarlosmonedero,DFFC
Juan Carlos Oviedo,juancarlosoviedo,DFFC
Juan Cuadrado,juancuadrado,DFFC
Juan Díaz,juandaz,DFFC
Juan Fabila Mendoza,juanfabilamendoza,DFFC
Juan Formell,juanformell,DFFC
Juan Fuentes,juanfuentes,DFFC
Juan Gil Navarro,juangilnavarro,Celeb
Juan Gómez-Jurado,juangmezjurado,DFFC
Juan Iturbe,juaniturbe,DFFC
Juan J Campanella,juanjcampanella,DFFC
Juan Jaime,juanjaime,DFFC
Juan Jesus,juanjesus,DFFC
Juan José Barros,juanjosbarros,DFFC
Juan José Haedo,juanjoshaedo,DFFC
Juan José Lobato,juanjoslobato,DFFC
Juan Manuel Abras,juanmanuelabras,DFFC
Juan Manuel Guilera,juanmanuelguilera,Celeb
Juan Manuel Gárate,juanmanuelgrate,DFFC
Juan Manuel Insaurralde,juanmanuelinsaurralde,DFFC
Juan Manuel Vargas,juanmanuelvargas,DFFC
Juan Mata,juanmata,DFFC
Juan Merino,juanmerino,DFFC
Juan Mónaco,juanmnaco,DFFC
Juan Nieves,juannieves,DFFC
Juan Pablo Angel,juanpabloangel,Celeb
Juan Pablo Montoya,juanpablomontoya,DFFC
Juan Pablo Raba,juanpabloraba,Celeb
Juan Pedro Lanzani,juanpedrolanzani,Celeb
Juan Pérez,juanprez,DFFC
Juan Rodríguez,juanrodrguez,DFFC
Juan Román Riquelme,juanromnriquelme,DFFC
Juan Samuel,juansamuel,DFFC
Juan Silveira dos Santos,juansilveiradossantos,DFFC
Juana Molina,juanamolina,DFFC
Juana Viale,juanaviale,Celeb
Juanan,juanan,DFFC
Juanes,juanes,DFFC
Juanfran,juanfran,DFFC
Juanita Coulson,juanitacoulson,DFFC
Juanlu,juanlu,DFFC
Jucilei,jucilei,DFFC
Judah Friedlander,judahfriedlander,DFFC
Judd Apatow,juddapatow,Celeb
Judd H Lyons,juddhlyons,DFFC
Judd Winick,juddwinick,DFFC
Jude Law,judelaw,DFFC
Judi Dench,judidench,DFFC
Judit Mascó,juditmasc,DFFC
Judit Polgár,juditpolgr,DFFC
Judith Donath,judithdonath,DFFC
Judith Godrèche,judithgodrche,DFFC
Judith Hoag,judithhoag,DFFC
Judith Light,judithlight,DFFC
Judith Roitman,judithroitman,DFFC
Judson Mills,judsonmills,Celeb
Judy Blume,judyblume,DFFC
Judy Davis,judydavis,DFFC
Judy Garland,judygarland,Celeb
Judy Geeson,judygeeson,Celeb
Judy Greer,judygreer,DFFC
Judy Lynn,judylynn,DFFC
Judy Murray,judymurray,DFFC
Judy Reyes,judyreyes,Celeb
Judy Rifka,judyrifka,DFFC
Judy Sheindlin,judysheindlin,Celeb
Juelz Santana,juelzsantana,Celeb
Juergen M Geissinger,juergenmgeissinger,DFFC
Jug Girard,juggirard,DFFC
Jugnu Ishiqui,jugnuishiqui,DFFC
Juha Helppi,juhahelppi,DFFC
Juha Kankkunen,juhakankkunen,DFFC
Juha Salo,juhasalo,DFFC
Juha-Pekka Hytönen,juhapekkahytnen,DFFC
Juhi Chawla,juhichawla,Celeb
Juicy J,juicyj,DFFC
Juju Chang,jujuchang,DFFC
Juli Ashton,juliashton,DFFC
Juli Inkster,juliinkster,DFFC
Julia Alexandratou,juliaalexandratou,Celeb
Julia Allison,juliaallison,DFFC
Julia Baird,juliabaird,DFFC
Julia Bell,juliabell,Celeb
Julia Beloglazova,juliabeloglazova,DFFC
Julia Bleasdale,juliableasdale,DFFC
Julia Bonk,juliabonk,DFFC
Julia Deans,juliadeans,DFFC
Julia Dietze,juliadietze,Celeb
Julia Fischer,juliafischer,DFFC
Julia Franck,juliafranck,DFFC
Julia Garner,juliagarner,DFFC
Julia Gillard,juliagillard,Celeb
Julia Goldani Telles,juliagoldanitelles,DFFC
Julia Görges,juliagrges,DFFC
Julia Hargreaves,juliahargreaves,DFFC
Julia Holter,juliaholter,DFFC
Julia Koschitz,juliakoschitz,Celeb
Julia Kristeva,juliakristeva,DFFC
Julia Louis-Dreyfus,julialouisdreyfus,DFFC
Julia Mancuso,juliamancuso,Celeb
Julia Montes,juliamontes,Celeb
Julia Nickson,julianickson,Celeb
Julia Obertas,juliaobertas,DFFC
Julia Ormond,juliaormond,DFFC
Julia Piquet,juliapiquet,Celeb
Julia Roberts,juliaroberts,DFFC
Julia Ryjanova,juliaryjanova,DFFC
Julia Saner,juliasaner,Celeb
Julia Sawalha,juliasawalha,Celeb
Julia Stegner,juliastegner,Celeb
Julia Stiles,juliastiles,Celeb
Julia Stone,juliastone,DFFC
Julia Sweeney,juliasweeney,DFFC
Julia Taylor,juliataylor,DFFC
Julia Tsenova,juliatsenova,DFFC
Julia Volkova,juliavolkova,DFFC
Julia Voth,juliavoth,Celeb
Julia Weber,juliaweber,Celeb
Julia Zlobina,juliazlobina,DFFC
Julian Casablancas,juliancasablancas,Celeb
Julian Clary,julianclary,DFFC
Julian Draxler,juliandraxler,DFFC
Julian Gil,juliangil,Celeb
Julian Green,juliangreen,DFFC
Julian Hall,julianhall,DFFC
Julian Lennon,julianlennon,Celeb
Julian Lewis,julianlewis,DFFC
Julian McMahon,julianmcmahon,DFFC
Julian Robertson Jr,julianrobertsonjr,Celeb
Julian Sands,juliansands,Celeb
Julian Schnabel,julianschnabel,DFFC
Julian de Guzman,juliandeguzman,DFFC
Juliana Alves,julianaalves,DFFC
Juliana Imai,julianaimai,Celeb
Juliana Martins,julianamartins,Celeb
Juliana Veloso,julianaveloso,Celeb
Julianna Rose Mauriello,juliannarosemauriello,Celeb
Julianne Morris,juliannemorris,DFFC
Julianne Nicholson,juliannenicholson,DFFC
Juliano Belletti,julianobelletti,Celeb
Julie Adams,julieadams,Celeb
Julie Andrews,julieandrews,DFFC
Julie Atlas Muz,julieatlasmuz,DFFC
Julie Berthelsen,julieberthelsen,DFFC
Julie Bowen,juliebowen,Celeb
Julie Caitlin Brown,juliecaitlinbrown,Celeb
Julie Christie,juliechristie,DFFC
Julie Chu,juliechu,DFFC
Julie Coin,juliecoin,DFFC
Julie Delpy,juliedelpy,DFFC
Julie Ditty,julieditty,DFFC
Julie Freidman,juliefreidman,Celeb
Julie Gonzalo,juliegonzalo,Celeb
Julie Hayek,juliehayek,DFFC
Julie Henderson,juliehenderson,DFFC
Julie McCullough,juliemccullough,Celeb
Julie Newmar,julienewmar,Celeb
Julie Night,julienight,DFFC
Julie Powell,juliepowell,DFFC
Julie Sommars,juliesommars,DFFC
Julie Stevens,juliestevens,DFFC
Julie Walters,juliewalters,Celeb
Julien Bahain,julienbahain,Celeb
Julien Fouchard,julienfouchard,DFFC
Julien Rodriguez,julienrodriguez,DFFC
Julien Temple,julientemple,DFFC
Juliet Mills,julietmills,Celeb
Juliet Prowse,julietprowse,Celeb
Julieta Cardinali,julietacardinali,Celeb
Julieta Diaz,julietadiaz,Celeb
Julieta Ortega,julietaortega,Celeb
Julieta Prandi,julietaprandi,Celeb
Julieta Venegas,julietavenegas,Celeb
Julija Steponaviciute,julijasteponaviciute,Celeb
Julio Aparicio Díaz,julioapariciodaz,DFFC
Julio Morales,juliomorales,DFFC
Julio Scherer García,julioscherergarca,DFFC
Julissa Bermudez,julissabermudez,DFFC
Julius Aghahowa,juliusaghahowa,DFFC
Julius Brink,juliusbrink,Celeb
Julius Peppers,juliuspeppers,DFFC
Julius Reinhardt,juliusreinhardt,DFFC
Julius Schwartz,juliusschwartz,DFFC
Julius Thomas,juliusthomas,DFFC
Julià de Jòdar i Muñoz,julidejdarimuoz,DFFC
Julián Sánchez,julinsnchez,DFFC
Jun K,junk,DFFC
Jun-ki Lee,junkilee,Celeb
June Allyson,juneallyson,Celeb
June Haver,junehaver,DFFC
June Lockhart,junelockhart,Celeb
June Mar Fajardo,junemarfajardo,DFFC
June Tabor,junetabor,DFFC
Jung Chang,jungchang,DFFC
Jung Jin-sun,jungjinsun,DFFC
Jung Sung-ryong,jungsungryong,DFFC
Jung-in,jungin,DFFC
Junichi Ishida,junichiishida,DFFC
Junior Brown,juniorbrown,DFFC
Junior Hemingway,juniorhemingway,DFFC
Junior Malanda,juniormalanda,DFFC
Junior Siavii,juniorsiavii,DFFC
Junior Wells,juniorwells,DFFC
Junjun,junjun,DFFC
Junko Sakurada,junkosakurada,DFFC
Junkyard Dog,junkyarddog,DFFC
Juraj Sagan,jurajsagan,DFFC
Jure Bogataj,jurebogataj,DFFC
Jurgen Van Goolen,jurgenvangoolen,DFFC
Juri Judt,jurijudt,DFFC
Juri Kurakin,jurikurakin,DFFC
Juri Ueno,juriueno,DFFC
Jurica Buljat,juricabuljat,DFFC
Jurij Zezulkin,jurijzezulkin,DFFC
Juris Ekmanis,jurisekmanis,DFFC
Juris Laizāns,jurislaizns,DFFC
Jussi Hautamäki,jussihautamki,DFFC
Jussi Jokinen,jussijokinen,DFFC
Jussi Jääskeläinen,jussijskelinen,DFFC
Jussi Vatanen,jussivatanen,DFFC
Just Fontaine,justfontaine,DFFC
Justin Bannan,justinbannan,DFFC
Justin Bartha,justinbartha,Celeb
Justin Bieber,justinbieber,DFFC
Justin Blackmon,justinblackmon,DFFC
Justin Blalock,justinblalock,DFFC
Justin Boren,justinboren,DFFC
Justin Bruening,justinbruening,Celeb
Justin Capră,justincapr,DFFC
Justin Carter,justincarter,DFFC
Justin Chambers,justinchambers,DFFC
Justin Chart,justinchart,DFFC
Justin Chatwin,justinchatwin,Celeb
Justin Chon,justinchon,Celeb
Justin DiBenedetto,justindibenedetto,DFFC
Justin Edinburgh,justinedinburgh,DFFC
Justin Edwards,justinedwards,DFFC
Justin Gage,justingage,DFFC
Justin Gaston,justingaston,Celeb
Justin Hartley,justinhartley,DFFC
Justin Hayward,justinhayward,Celeb
Justin Houston,justinhouston,DFFC
Justin Jackson,justinjackson,DFFC
Justin Jules,justinjules,DFFC
Justin Kirk,justinkirk,Celeb
Justin Knapp,justinknapp,DFFC
Justin Lin,justinlin,Celeb
Justin Long,justinlong,Celeb
Justin Marks,justinmarks,DFFC
Justin Mentell,justinmentell,Celeb
Justin Meram,justinmeram,DFFC
Justin Peelle,justinpeelle,DFFC
Justin R Cannon,justinrcannon,DFFC
Justin Richards,justinrichards,DFFC
Justin Smiley,justinsmiley,DFFC
Justin Smith,justinsmith,DFFC
Justin Snow,justinsnow,DFFC
Justin Sorensen,justinsorensen,DFFC
Justin Tuck,justintuck,DFFC
Justin Vivian Bond,justinvivianbond,DFFC
Justinas Kinderis,justinaskinderis,Celeb
Justine Ezarik,justineezarik,Celeb
Justine Legault,justinelegault,Celeb
Justine Mattera,justinemattera,Celeb
Justine Pasek,justinepasek,DFFC
Justine Waddell,justinewaddell,DFFC
Juulia Turkkila,juuliaturkkila,DFFC
Juvonte Reddic,juvontereddic,DFFC
Juwan Thompson,juwanthompson,DFFC
Jámison Olave,jmisonolave,DFFC
Ján Lašák,jnlak,DFFC
Jána Kubičková-Posnerová,jnakubikovposnerov,DFFC
János Pach,jnospach,DFFC
Jérémie Carboni,jrmiecarboni,DFFC
Jérémy Mathieu,jrmymathieu,DFFC
Jérémy Pied,jrmypied,DFFC
Jérémy Roy,jrmyroy,DFFC
Jérémy Stravius,jrmystravius,DFFC
Jérôme Champagne,jrmechampagne,DFFC
Jérôme Lemoigne,jrmelemoigne,DFFC
Jérôme Pineau,jrmepineau,DFFC
Jérôme Robart,jrmerobart,DFFC
Jérôme d'Ambrosio,jrmedambrosio,DFFC
Jéssica Augusto,jssicaaugusto,DFFC
Jónas Tór Næs,jnastrns,DFFC
Jónsi,jnsi,DFFC
Józef Hen,jzefhen,DFFC
Józef Zapędzki,jzefzapdzki,DFFC
Jô,j,DFFC
Jörg Albertz,jrgalbertz,DFFC
Jörg Ritzerfeld,jrgritzerfeld,DFFC
Jörg Siebenhandl,jrgsiebenhandl,DFFC
Jörg Vaihinger,jrgvaihinger,DFFC
Jørgen Aukland,jrgenaukland,DFFC
Jørn Øien,jrnien,DFFC
Jürgen Ehlers,jrgenehlers,DFFC
Jürgen Eschert,jrgeneschert,DFFC
Jürgen Kehrer,jrgenkehrer,DFFC
Jürgen Klopp,jrgenklopp,DFFC
Jürgen Locadia,jrgenlocadia,DFFC
Jürgen Zopp,jrgenzopp,DFFC
Jānis Vanags,jnisvanags,DFFC
K Balachander,kbalachander,DFFC
K Eric Drexler,kericdrexler,DFFC
K Radhakrishnan,kradhakrishnan,DFFC
K Sathiaraj,ksathiaraj,DFFC
K'naan,knaan,DFFC
KC Groves,kcgroves,DFFC
KC Rivers,kcrivers,DFFC
KD Wentworth,kdwentworth,DFFC
KJ Choi,kjchoi,DFFC
KL Rahul,klrahul,DFFC
KS Ashwath,ksashwath,DFFC
KT Tunstall,kttunstall,DFFC
KaDee Strickland,kadeestrickland,DFFC
Kaan Ayhan,kaanayhan,DFFC
Kaan Önder,kaannder,DFFC
Kaat Van Daele,kaatvandaele,DFFC
Kaberi Gayen,kaberigayen,DFFC
Kacey Musgraves,kaceymusgraves,DFFC
Kadeem Harris,kadeemharris,DFFC
Kaela Kimura,kaelakimura,DFFC
Kahlia Hogg,kahliahogg,DFFC
Kai Bülow,kaiblow,DFFC
Kai Eckhardt,kaieckhardt,DFFC
Kai Owen,kaiowen,DFFC
Kai Schumann,kaischumann,Celeb
Kai-Fu Lee,kaifulee,DFFC
Kaid Mohamed,kaidmohamed,DFFC
Kaido Külaots,kaidoklaots,DFFC
Kaija Koo,kaijakoo,DFFC
Kailee O Sullivan,kaileeosullivan,Celeb
Kaillie Humphries,kailliehumphries,DFFC
Kaisa Leka,kaisaleka,DFFC
Kaitlin Monte,kaitlinmonte,DFFC
Kaitlin Olson,kaitlinolson,DFFC
Kaitlyn,kaitlyn,DFFC
Kaitlyn Dever,kaitlyndever,DFFC
Kaitlyn Weaver,kaitlynweaver,DFFC
Kaity Rodriguez,kaityrodriguez,DFFC
Kaja Renkas,kajarenkas,DFFC
Kajal Agarwal,kajalagarwal,Celeb
Kajal Kiran,kajalkiran,Celeb
Kajol,kajol,DFFC
Kakan Hermansson,kakanhermansson,DFFC
Kaki King,kakiking,DFFC
Kalabhavan Mani,kalabhavanmani,Celeb
Kaleb Nation,kalebnation,DFFC
Kaliese Spencer,kaliesespencer,DFFC
Kalki Koechlin,kalkikoechlin,DFFC
Kalle Björklund,kallebjrklund,DFFC
Kalle Kriit,kallekriit,DFFC
Kalle Parviainen,kalleparviainen,DFFC
Kalomoira Sarantis,kalomoirasarantis,Celeb
Kamaliya,kamaliya,DFFC
Kamau Preston,kamaupreston,DFFC
Kambiz Hosseini,kambizhosseini,DFFC
Kameron Chatman,kameronchatman,DFFC
Kami Craig,kamicraig,DFFC
Kamil Drozd,kamildrozd,DFFC
Kamil Ibragimov,kamilibragimov,DFFC
Kamil Mitoń,kamilmito,DFFC
Kamila Hájková,kamilahjkov,DFFC
Kamila Lićwinko,kamilaliwinko,DFFC
Kamila Mackowiak,kamilamackowiak,Celeb
Kamilla Gainetdinova,kamillagainetdinova,DFFC
Kamke Tobias,kamketobias,Celeb
Kamui Kobayashi,kamuikobayashi,DFFC
Kana,kana,DFFC
Kanchana,kanchana,Celeb
Kane,kane,DFFC
Kang Hye-jung,kanghyejung,DFFC
Kang Kek Iew,kangkekiew,DFFC
Kang Kyung-Ho,kangkyungho,DFFC
Kang Soo-yun,kangsooyun,DFFC
Kanika Maheshwari,kanikamaheshwari,DFFC
Kanishtha Dhankar,kanishthadhankar,DFFC
Kanna Hashimoto,kannahashimoto,DFFC
Kano,kano,DFFC
Kanye West,kanyewest,Celeb
Kaori Icho,kaoriicho,Celeb
Kaori Takagi,kaoritakagi,Celeb
Kaoru,kaoru,DFFC
Kapoor family,kapoorfamily,DFFC
Kappei Yamaguchi,kappeiyamaguchi,DFFC
Kapten Röd,kaptenrd,DFFC
Kara Goucher,karagoucher,Celeb
Kara Leo,karaleo,DFFC
Kara Monaco,karamonaco,DFFC
Kara Scott,karascott,DFFC
Kara Tointon,karatointon,Celeb
Karan Brar,karanbrar,DFFC
Karan Singh Grover,karansinghgrover,Celeb
Kardinal Offishall,kardinaloffishall,DFFC
Kareem Jackson,kareemjackson,DFFC
Kareem Rush,kareemrush,DFFC
Karekin II,karekinii,DFFC
Karel Plíhal,karelplhal,DFFC
Karel Poborský,karelpoborsk,DFFC
Karel Smyczek,karelsmyczek,DFFC
Karen Carpenter,karencarpenter,Celeb
Karen Carreno,karencarreno,Celeb
Karen Duffy,karenduffy,Celeb
Karen Dyer,karendyer,DFFC
Karen Elson,karenelson,Celeb
Karen Gaurisas,karengaurisas,Celeb
Karen Gillan,karengillan,DFFC
Karen Grassle,karengrassle,Celeb
Karen Hanlen,karenhanlen,Celeb
Karen Kondazian,karenkondazian,DFFC
Karen Kounrouzan,karenkounrouzan,Celeb
Karen Lunn,karenlunn,DFFC
Karen McDougal,karenmcdougal,DFFC
Karen Minier,karenminier,Celeb
Karen Mok,karenmok,DFFC
Karen Mulder,karenmulder,Celeb
Karen O,kareno,DFFC
Karen Spärck Jones,karensprckjones,DFFC
Karen Stupples,karenstupples,DFFC
Karen Wynn Fonstad,karenwynnfonstad,DFFC
Kari Byron,karibyron,Celeb
Kari Jobe,karijobe,Celeb
Kari Matchett,karimatchett,Celeb
Kari Rueslatten,karirueslatten,Celeb
Kari Traa,karitraa,DFFC
Kari Wuhrer,kariwuhrer,Celeb
Karim Haggui,karimhaggui,DFFC
Karima Adebibe,karimaadebibe,DFFC
Karin Alvtegen,karinalvtegen,DFFC
Karin Dor,karindor,Celeb
Karin Lesch,karinlesch,DFFC
Karin Viard,karinviard,DFFC
Karina Bryant,karinabryant,DFFC
Karina Gonzalez,karinagonzalez,Celeb
Karina Lombard,karinalombard,DFFC
Karina Mora,karinamora,Celeb
Karina Smirnoff,karinasmirnoff,Celeb
Karine Vanasse,karinevanasse,Celeb
Karisma Kapoor,karismakapoor,DFFC
Karissa Shannon,karissashannon,Celeb
Karl Anderson,karlanderson,DFFC
Karl Darlow,karldarlow,DFFC
Karl Kordesch,karlkordesch,DFFC
Karl Kraus,karlkraus,DFFC
Karl Lagerfeld,karllagerfeld,Celeb
Karl Malone,karlmalone,DFFC
Karl Marlantes,karlmarlantes,DFFC
Karl Reindler,karlreindler,DFFC
Karl Slover,karlslover,DFFC
Karl Unterkircher,karlunterkircher,DFFC
Karl Urban,karlurban,Celeb
Karl-Anthony Towns,karlanthonytowns,DFFC
Karl-Heinz Rummenigge,karlheinzrummenigge,DFFC
Karla Borger,karlaborger,DFFC
Karla Henry,karlahenry,DFFC
Karlan Ahearne-Grant,karlanahearnegrant,DFFC
Karlheinz Böhm,karlheinzbhm,DFFC
Karlie Kloss,karliekloss,DFFC
Karlīne Štāla,karlnetla,DFFC
Karmen Pedaru,karmenpedaru,Celeb
Karolina Jarzyńska,karolinajarzyska,DFFC
Karolina Kurkova,karolinakurkova,Celeb
Karolina Tymińska,karolinatymiska,DFFC
Karoline Herfurth,karolineherfurth,DFFC
Karrie Webb,karriewebb,DFFC
Karrueche Tran,karruechetran,Celeb
Karsten Braasch,karstenbraasch,DFFC
Karthi,karthi,DFFC
Karthik Muthuraman,karthikmuthuraman,Celeb
Karun Chandhok,karunchandhok,Celeb
Karunas,karunas,Celeb
Karyme Lozano,karymelozano,Celeb
Karyn Calabrese,karyncalabrese,DFFC
Kasey Chambers,kaseychambers,DFFC
Kasey Keller,kaseykeller,DFFC
Kasey Lansdale,kaseylansdale,DFFC
Kasey Rogers,kaseyrogers,Celeb
Kasey Smith,kaseysmith,DFFC
Kasey Studdard,kaseystuddard,DFFC
Kasia Kowalska,kasiakowalska,DFFC
Kasia Smutniak,kasiasmutniak,Celeb
Kasia Struss,kasiastruss,Celeb
Kasie Head,kasiehead,DFFC
Kaspar Rostrup,kasparrostrup,DFFC
Kaspar Taimsoo,kaspartaimsoo,Celeb
Kat DeLuna,katdeluna,Celeb
Kat Edmonson,katedmonson,DFFC
Kat Graham,katgraham,Celeb
Kat Kinkade,katkinkade,DFFC
Kat Stewart,katstewart,DFFC
Kat Von D,katvond,DFFC
Katalin Vad,katalinvad,DFFC
Katarina Bulatović,katarinabulatovi,DFFC
Katarina Gerboldt,katarinagerboldt,DFFC
Katarina Ivanovska,katarinaivanovska,DFFC
Katarina Johnson-Thompson,katarinajohnsonthompson,DFFC
Katarina Jukic,katarinajukic,DFFC
Katarina Leigh Waters,katarinaleighwaters,Celeb
Katarina Mazetti,katarinamazetti,DFFC
Katarina Srebotnik,katarinasrebotnik,DFFC
Katarina Vargas,katarinavargas,Celeb
Katarina Waters,katarinawaters,DFFC
Katarina Witt,katarinawitt,Celeb
Katarina Čas,katarinaas,DFFC
Katarzyna Cichopek,katarzynacichopek,Celeb
Katarzyna Glinka,katarzynaglinka,Celeb
Katarzyna Kowalska,katarzynakowalska,DFFC
Katarzyna Pawłowska,katarzynapawowska,DFFC
Katarzyna Zielinska,katarzynazielinska,Celeb
Katarína Berešová,katarnabereov,DFFC
Kate Allen,kateallen,DFFC
Kate Bassett,katebassett,DFFC
Kate Beaton,katebeaton,DFFC
Kate Bornstein,katebornstein,DFFC
Kate Bush,katebush,Celeb
Kate Dillon,katedillon,Celeb
Kate Elson,kateelson,Celeb
Kate Flannery,kateflannery,Celeb
Kate Gosselin,kategosselin,DFFC
Kate Groombridge,kategroombridge,Celeb
Kate Hansen,katehansen,DFFC
Kate Hudson,katehudson,DFFC
Kate Humble,katehumble,DFFC
Kate Jackson,katejackson,DFFC
Kate King,kateking,Celeb
Kate Linder,katelinder,DFFC
Kate Macgregor,katemacgregor,Celeb
Kate Markgraf,katemarkgraf,DFFC
Kate Middleton,katemiddleton,Celeb
Kate Mulgrew,katemulgrew,DFFC
Kate Nash,katenash,Celeb
Kate OMara,kateomara,Celeb
Kate Ritchie,kateritchie,DFFC
Kate Ryan,kateryan,Celeb
Kate Sajur,katesajur,Celeb
Kate Smurthwaite,katesmurthwaite,DFFC
Kate Vernon,katevernon,Celeb
Kate Walsh,katewalsh,DFFC
Kate Winslet,katewinslet,DFFC
Kate del Castillo,katedelcastillo,Celeb
Katelyn Falgowski,katelynfalgowski,Celeb
Katelyn Tarver,katelyntarver,DFFC
Katerina Karavatou,katerinakaravatou,Celeb
Katerina Papoutsaki,katerinapapoutsaki,Celeb
Katerina Rohonyan,katerinarohonyan,DFFC
Katerina Smutna,katerinasmutna,DFFC
Katerina Stiekoudi,katerinastiekoudi,Celeb
Kateryna Bondarenko,katerynabondarenko,DFFC
Kateryna Kostenko,katerynakostenko,DFFC
Katey Sagal,kateysagal,Celeb
Kateřina Němcová,kateinanmcov,DFFC
Kateřina Sokolová,kateinasokolov,DFFC
Katharina Gerlach,katharinagerlach,DFFC
Katharina Häcker,katharinahcker,DFFC
Katharine Isabelle,katharineisabelle,DFFC
"Katharine, Duchess of Kent",katharineduchessofkent,DFFC
Katherine Bobak,katherinebobak,DFFC
Katherine Boo,katherineboo,DFFC
Katherine Copely,katherinecopely,DFFC
Katherine Heigl,katherineheigl,Celeb
Katherine Jenkins,katherinejenkins,Celeb
Katherine Kelly Lang,katherinekellylang,Celeb
Katherine Kirk,katherinekirk,DFFC
Katherine LaNasa,katherinelanasa,DFFC
Katherine Legge,katherinelegge,Celeb
Katherine McClure,katherinemcclure,DFFC
Katherine Moennig,katherinemoennig,Celeb
Katherine Reutter,katherinereutter,DFFC
Katherine Reynolds,katherinereynolds,DFFC
Katherine Schwarzenegger,katherineschwarzenegger,DFFC
Katherine Shindle,katherineshindle,DFFC
Katherine Waterston,katherinewaterston,DFFC
Katherine von Drachenberg,katherinevondrachenberg,Celeb
Katheryn Curi,katheryncuri,DFFC
Kathie Lee Gifford,kathieleegifford,Celeb
Kathleen E Woodiwiss,kathleenewoodiwiss,DFFC
Kathleen Kennedy,kathleenkennedy,DFFC
Kathleen Madigan,kathleenmadigan,DFFC
Kathleen O'Kelly-Kennedy,kathleenokellykennedy,DFFC
Kathleen Sebelius,kathleensebelius,Celeb
Kathleen Sullivan,kathleensullivan,DFFC
Kathleen Turner,kathleenturner,Celeb
Kathrin Bringmann,kathrinbringmann,DFFC
Kathrin Lang,kathrinlang,DFFC
Kathrin Werderitsch,kathrinwerderitsch,Celeb
Kathrine Switzer,kathrineswitzer,DFFC
Kathrine Windfeld,kathrinewindfeld,DFFC
Kathryn Bernardo,kathrynbernardo,Celeb
Kathryn Calder,kathryncalder,DFFC
Kathryn Erbe,kathrynerbe,Celeb
Kathryn Grayson,kathryngrayson,DFFC
Kathryn Joosten,kathrynjoosten,DFFC
Kathryn McCormick,kathrynmccormick,Celeb
Kathryn Prescott,kathrynprescott,Celeb
Kathy Baker,kathybaker,DFFC
Kathy Garver,kathygarver,DFFC
Kathy Griffin,kathygriffin,Celeb
Kathy Ireland,kathyireland,Celeb
Kathy Long,kathylong,DFFC
Kathy Sykes,kathysykes,DFFC
Kathy Tremblay,kathytremblay,DFFC
Kathy Watt,kathywatt,DFFC
Kati Nescher,katinescher,Celeb
Kati Outinen,katioutinen,DFFC
Kati Wolf,katiwolf,DFFC
Katia Dandoulaki,katiadandoulaki,Celeb
Katia Zygouli,katiazygouli,Celeb
Katie Anderton,katieanderton,DFFC
Katie Armiger,katiearmiger,DFFC
Katie Cassidy,katiecassidy,DFFC
Katie Cleary,katiecleary,Celeb
Katie Compton,katiecompton,DFFC
Katie Couric,katiecouric,DFFC
Katie Downes,katiedownes,Celeb
Katie Findlay,katiefindlay,DFFC
Katie Finneran,katiefinneran,DFFC
Katie Harman,katieharman,DFFC
Katie Kox,katiekox,DFFC
Katie Leclerc,katieleclerc,DFFC
Katie Ledecky,katieledecky,Celeb
Katie Lee Joel,katieleejoel,Celeb
Katie Leung,katieleung,DFFC
Katie Lohmann,katielohmann,Celeb
Katie McGrath,katiemcgrath,Celeb
Katie Melua,katiemelua,Celeb
Katie Morgan,katiemorgan,DFFC
Katie Pavlich,katiepavlich,DFFC
Katie Price,katieprice,DFFC
Katinka Hosszú,katinkahossz,DFFC
Katja Riemann,katjariemann,DFFC
Katja Višnar,katjavinar,DFFC
Kato Kaelin,katokaelin,DFFC
Katri Helena,katrihelena,DFFC
Katrin Leumann,katrinleumann,DFFC
Katrina Bayonas,katrinabayonas,DFFC
Katrina Bowden,katrinabowden,DFFC
Katrina Hacker,katrinahacker,DFFC
Katrina Hart,katrinahart,DFFC
Katrina Kaif,katrinakaif,Celeb
Katrina Law,katrinalaw,Celeb
Katrina Porter,katrinaporter,DFFC
Katsia Damankova,katsiadamankova,Celeb
Katsiaryna Paplauskaya,katsiarynapaplauskaya,DFFC
Katsuni,katsuni,DFFC
Katsura Hoshino,katsurahoshino,DFFC
Katt Williams,kattwilliams,Celeb
Katy Louise Saunders,katylouisesaunders,Celeb
Katy Perry,katyperry,DFFC
Katya Zharkova,katyazharkova,DFFC
Kavka Shishido,kavkashishido,DFFC
Kay Cohen,kaycohen,DFFC
Kay Davies,kaydavies,DFFC
Kay One,kayone,DFFC
Kay Panabaker,kaypanabaker,Celeb
Kay Pollak,kaypollak,DFFC
Kaya Scodelario,kayascodelario,Celeb
Kayacan Erdoğan,kayacanerdoan,DFFC
Kayahan,kayahan,DFFC
Kayden Kross,kaydenkross,DFFC
Kaye Abad,kayeabad,Celeb
Kayla Clarke,kaylaclarke,DFFC
Kayla Ewell,kaylaewell,DFFC
Kaylani Lei,kaylanilei,Celeb
Kaylee DeFer,kayleedefer,Celeb
Kaylyn Kyle,kaylynkyle,DFFC
Kaylynn,kaylynn,DFFC
Kayumzhan Sharipov,kayumzhansharipov,DFFC
Kazem Seddiqi,kazemseddiqi,DFFC
Kazma Sakamoto,kazmasakamoto,DFFC
Kazuki Sakamoto,kazukisakamoto,DFFC
Kazuki Takahashi,kazukitakahashi,DFFC
Kazumi Kawai,kazumikawai,DFFC
Kazuo Umezu,kazuoumezu,DFFC
Kazutoki Umezu,kazutokiumezu,DFFC
Kazuya Oshima,kazuyaoshima,DFFC
Kazuyoshi Hoshino,kazuyoshihoshino,DFFC
Kazuyoshi Miura,kazuyoshimiura,DFFC
Ke$ha,keha,Celeb
Keaton Henson,keatonhenson,DFFC
Keefe Brasselle,keefebrasselle,DFFC
Keegan Allen,keeganallen,Celeb
Keegan Connor Tracy,keeganconnortracy,Celeb
Keely Shaye Smith,keelyshayesmith,Celeb
Keenen Ivory Wayans,keenenivorywayans,DFFC
Keenyah Hill,keenyahhill,Celeb
Keever Jankovich,keeverjankovich,DFFC
Kefeng Liu,kefengliu,DFFC
Kei Nishikori,keinishikori,DFFC
Keiichi Suzuki,keiichisuzuki,DFFC
Keiichiro Takahara,keiichirotakahara,Celeb
Keiji Inafune,keijiinafune,DFFC
Keiko Awaji,keikoawaji,DFFC
Keiko Fukuda,keikofukuda,DFFC
Keiko Kitagawa,keikokitagawa,Celeb
Keila Costa,keilacosta,DFFC
Keisha Buchanan,keishabuchanan,DFFC
Keisha Castle-Hughes,keishacastlehughes,DFFC
Keisha Knight Pulliam,keishaknightpulliam,Celeb
Keisha Whitaker,keishawhitaker,Celeb
Keita Yano,keitayano,DFFC
Keith Acton,keithacton,DFFC
Keith Alexander,keithalexander,DFFC
Keith Allen,keithallen,DFFC
Keith Armstrong,keitharmstrong,DFFC
Keith Benson,keithbenson,DFFC
Keith Carradine,keithcarradine,Celeb
Keith Coventry,keithcoventry,DFFC
Keith Curle,keithcurle,DFFC
Keith Davis,keithdavis,DFFC
Keith Elias,keithelias,DFFC
Keith Flowers,keithflowers,DFFC
Keith Floyd,keithfloyd,DFFC
Keith Fullerton Whitman,keithfullertonwhitman,DFFC
Keith Gessen,keithgessen,DFFC
Keith Hernandez,keithhernandez,DFFC
Keith Keane,keithkeane,DFFC
Keith Kinkaid,keithkinkaid,DFFC
Keith Langford,keithlangford,DFFC
Keith Lieberthal,keithlieberthal,Celeb
Keith Michell,keithmichell,DFFC
Keith Moon,keithmoon,Celeb
Keith Morris,keithmorris,DFFC
Keith Richards,keithrichards,Celeb
Keith Sanderson,keithsanderson,DFFC
Keith Sweat,keithsweat,Celeb
Keith Wallen,keithwallen,DFFC
Keith White Jr,keithwhitejr,DFFC
Keith Whitley,keithwhitley,DFFC
Keke Palmer,kekepalmer,Celeb
Keki Adhikari,kekiadhikari,Celeb
Kel Carruthers,kelcarruthers,DFFC
Kel Mitchell,kelmitchell,DFFC
Kelcie McCray,kelciemccray,DFFC
Kelis,kelis,DFFC
Kellen Davis,kellendavis,DFFC
Kelli Garner,kelligarner,Celeb
Kelli Giddish,kelligiddish,Celeb
Kelli Goss,kelligoss,Celeb
Kelli Ilves,kelliilves,Celeb
Kelli McCarty,kellimccarty,DFFC
Kellie Martin,kelliemartin,DFFC
Kellie Pickler,kelliepickler,DFFC
Kellie Wells,kelliewells,Celeb
Kelly Bensimon,kellybensimon,Celeb
Kelly Buchberger,kellybuchberger,DFFC
Kelly Campbell,kellycampbell,DFFC
Kelly Carlson,kellycarlson,Celeb
Kelly Cartwright,kellycartwright,DFFC
Kelly Clarkson,kellyclarkson,DFFC
Kelly Corrigan,kellycorrigan,DFFC
Kelly Groucutt,kellygroucutt,DFFC
Kelly Hu,kellyhu,DFFC
Kelly Jennings,kellyjennings,DFFC
Kelly Jones,kellyjones,DFFC
Kelly Killoren Bensimon,kellykillorenbensimon,DFFC
Kelly Kruger,kellykruger,Celeb
Kelly LeBrock,kellylebrock,Celeb
Kelly LeMieux,kellylemieux,DFFC
Kelly Macdonald,kellymacdonald,DFFC
Kelly Markus,kellymarkus,DFFC
Kelly Monaco,kellymonaco,Celeb
Kelly Olynyk,kellyolynyk,DFFC
Kelly Oubre Jr,kellyoubrejr,DFFC
Kelly Packard,kellypackard,Celeb
Kelly Preston,kellypreston,Celeb
Kelly Reilly,kellyreilly,Celeb
Kelly Ripa,kellyripa,DFFC
Kelly Rowan,kellyrowan,Celeb
Kelly Rowland,kellyrowland,DFFC
Kelly Rutherford,kellyrutherford,DFFC
Kelly Williamson,kellywilliamson,DFFC
Kelly-Anne Lyons,kellyannelyons,DFFC
Kelsey Chow,kelseychow,DFFC
Kelsey Van Mook,kelseyvanmook,Celeb
Keltie Colleen,keltiecolleen,Celeb
Kelvin Leerdam,kelvinleerdam,DFFC
Kelvin Mateus de Oliveira,kelvinmateusdeoliveira,DFFC
Kelvin Sampson,kelvinsampson,DFFC
Kelvin Wilson,kelvinwilson,DFFC
Kelvin dela Peña,kelvindelapea,DFFC
Ken Anderson,kenanderson,DFFC
Ken Bald,kenbald,DFFC
Ken Block,kenblock,DFFC
Ken Brown,kenbrown,DFFC
Ken Carter,kencarter,DFFC
Ken Daneyko,kendaneyko,DFFC
Ken Dorsey,kendorsey,DFFC
Ken Foree,kenforee,DFFC
Ken Gernander,kengernander,DFFC
Ken Gillespie,kengillespie,DFFC
Ken Ham,kenham,DFFC
Ken Howard,kenhoward,Celeb
Ken Jacobsen,kenjacobsen,DFFC
Ken Jeong,kenjeong,DFFC
Ken Keltner,kenkeltner,DFFC
Ken Kennedy,kenkennedy,DFFC
Ken Levine,kenlevine,DFFC
Ken MacAfee,kenmacafee,DFFC
Ken MacLeod,kenmacleod,DFFC
Ken Nomura,kennomura,DFFC
Ken Norton,kennorton,DFFC
Ken Owen,kenowen,DFFC
Ken Peplowski,kenpeplowski,DFFC
Ken Raffensberger,kenraffensberger,DFFC
Ken Russell,kenrussell,DFFC
Ken Rutherford,kenrutherford,DFFC
Ken Singleton,kensingleton,DFFC
Ken Stringfellow,kenstringfellow,DFFC
Ken Stubbs,kenstubbs,DFFC
Ken Whisenhunt,kenwhisenhunt,DFFC
Ken'ichi Yoshida,kenichiyoshida,DFFC
Kenan Imirzalioglu,kenanimirzalioglu,Celeb
Kenan Sipahi,kenansipahi,DFFC
Kenan Thompson,kenanthompson,Celeb
Kenda Perez,kendaperez,DFFC
Kendall Fletcher,kendallfletcher,DFFC
Kendall Jenner,kendalljenner,Celeb
Kendall Phillips,kendallphillips,DFFC
Kendall Reyes,kendallreyes,DFFC
Kendall Schmidt,kendallschmidt,DFFC
Kendall Wright,kendallwright,DFFC
Kendra Spears,kendraspears,Celeb
Kendrick Nunn,kendricknunn,DFFC
Kendrick Perkins,kendrickperkins,DFFC
Keni Styles,kenistyles,DFFC
Kenichi Sakai,kenichisakai,DFFC
Kenji Wu,kenjiwu,DFFC
Kenneth Cole,kennethcole,DFFC
Kenneth Feinberg,kennethfeinberg,DFFC
Kenneth Hansen,kennethhansen,DFFC
Kenneth Manning,kennethmanning,DFFC
Kenneth O Chilstrom,kennethochilstrom,DFFC
Kenneth Oppel,kennethoppel,DFFC
Kenneth Plume,kennethplume,DFFC
Kenneth Preston,kennethpreston,DFFC
Kenneth Trestrail,kennethtrestrail,DFFC
Kenneth Walton,kennethwalton,DFFC
Kenney Jones,kenneyjones,DFFC
Kenny Bräck,kennybrck,DFFC
Kenny Chesney,kennychesney,DFFC
Kenny Davern,kennydavern,DFFC
Kenny Demens,kennydemens,DFFC
Kenny Dorham,kennydorham,DFFC
Kenny Dykstra,kennydykstra,DFFC
Kenny G,kennyg,Celeb
Kenny Jackett,kennyjackett,DFFC
Kenny Kirkland,kennykirkland,DFFC
Kenny Miller,kennymiller,DFFC
Kenny Smith,kennysmith,DFFC
Kenny Wormald,kennywormald,Celeb
Kenny van Hummel,kennyvanhummel,DFFC
Kenny van Weeghel,kennyvanweeghel,DFFC
Kenronte Walker,kenrontewalker,DFFC
Kent Williams,kentwilliams,DFFC
Kentaro Nakamoto,kentaronakamoto,DFFC
Kento Masuda,kentomasuda,DFFC
Kento Nagasaki,kentonagasaki,DFFC
Kenton Duty,kentonduty,Celeb
Kenza Zouiten,kenzazouiten,DFFC
Kenzie Dalton,kenziedalton,Celeb
Kerber Angelique,kerberangelique,Celeb
Keren Ann,kerenann,Celeb
Keri Hilson,kerihilson,DFFC
Keri Russell,kerirussell,DFFC
Keri Windsor,keriwindsor,DFFC
Keri-Anne Payne,keriannepayne,DFFC
Kerim Koyunlu,kerimkoyunlu,DFFC
Kerli,kerli,DFFC
Kermit Ruffins,kermitruffins,DFFC
Kerri Walsh,kerriwalsh,Celeb
Kerri-Anne Kennerley,kerriannekennerley,DFFC
Kerrie Roberts,kerrieroberts,DFFC
Kerron Clement,kerronclement,Celeb
Kerry Gammill,kerrygammill,DFFC
Kerry Katona,kerrykatona,Celeb
Kerry Kennedy,kerrykennedy,DFFC
Kerry Morgan,kerrymorgan,Celeb
Kerry Rhodes,kerryrhodes,Celeb
Kerry Wendell Thornley,kerrywendellthornley,DFFC
Kerser,kerser,DFFC
Kerstin Ekman,kerstinekman,DFFC
Kerstin Frank,kerstinfrank,DFFC
Kerstin Szymkowiak,kerstinszymkowiak,DFFC
Kerwin Danley,kerwindanley,DFFC
Kesha,kesha,DFFC
Keshia Chante,keshiachante,Celeb
Ketil Bjørnstad,ketilbjrnstad,DFFC
Kev Adams,kevadams,DFFC
Kevan Miller,kevanmiller,DFFC
Keven Lacombe,kevenlacombe,DFFC
Kevin Alexander Clark,kevinalexanderclark,Celeb
Kevin Alves,kevinalves,DFFC
Kevin Amankwaah,kevinamankwaah,DFFC
Kevin Ashman,kevinashman,DFFC
Kevin Avery,kevinavery,DFFC
Kevin Bentley,kevinbentley,DFFC
Kevin Bieksa,kevinbieksa,DFFC
Kevin Blackistone,kevinblackistone,DFFC
Kevin Bolland,kevinbolland,DFFC
Kevin Brown,kevinbrown,DFFC
Kevin Cameron,kevincameron,DFFC
Kevin Collins,kevincollins,DFFC
Kevin Conroy,kevinconroy,DFFC
Kevin Coombs,kevincoombs,DFFC
Kevin Covais,kevincovais,DFFC
Kevin Davies,kevindavies,DFFC
Kevin De Weert,kevindeweert,DFFC
Kevin Dillon,kevindillon,Celeb
Kevin Doyle,kevindoyle,DFFC
Kevin DuBrow,kevindubrow,DFFC
Kevin Dunn,kevindunn,DFFC
Kevin Durand,kevindurand,Celeb
Kevin Durant,kevindurant,Celeb
Kevin Faulk,kevinfaulk,DFFC
Kevin Federline,kevinfederline,Celeb
Kevin Foley,kevinfoley,DFFC
Kevin Garcia Maldonado,kevingarciamaldonado,DFFC
Kevin Gilbride,kevingilbride,DFFC
Kevin Gomez-Nieto,kevingomeznieto,DFFC
Kevin Großkreutz,kevingrokreutz,DFFC
Kevin Guppy,kevinguppy,DFFC
Kevin Hart,kevinhart,Celeb
Kevin James,kevinjames,DFFC
Kevin Jonas,kevinjonas,DFFC
Kevin Kampl,kevinkampl,DFFC
Kevin Keatts,kevinkeatts,DFFC
Kevin Kelly,kevinkelly,DFFC
Kevin Korjus,kevinkorjus,DFFC
Kevin Kurányi,kevinkurnyi,DFFC
Kevin Lepage,kevinlepage,DFFC
Kevin Long,kevinlong,DFFC
Kevin Love,kevinlove,DFFC
Kevin Maguire,kevinmaguire,DFFC
Kevin Mahogany,kevinmahogany,DFFC
Kevin Martin,kevinmartin,DFFC
Kevin McDonald,kevinmcdonald,DFFC
Kevin McHale,kevinmchale,DFFC
Kevin McKee,kevinmckee,DFFC
Kevin McKidd,kevinmckidd,Celeb
Kevin McNally,kevinmcnally,Celeb
Kevin McReynolds,kevinmcreynolds,DFFC
Kevin Mensah,kevinmensah,DFFC
Kevin Michael Richardson,kevinmichaelrichardson,DFFC
Kevin Mitchell,kevinmitchell,DFFC
Kevin Molino,kevinmolino,DFFC
Kevin Nealon,kevinnealon,DFFC
Kevin Nugent,kevinnugent,DFFC
Kevin Ogletree,kevinogletree,DFFC
Kevin Parker,kevinparker,DFFC
Kevin Pereira,kevinpereira,Celeb
Kevin Pollak,kevinpollak,DFFC
Kevin Quackenbush,kevinquackenbush,DFFC
Kevin Randleman,kevinrandleman,DFFC
Kevin Rempel,kevinrempel,DFFC
Kevin Richardson,kevinrichardson,DFFC
Kevin Riley,kevinriley,DFFC
Kevin Rudd,kevinrudd,Celeb
Kevin Schindler,kevinschindler,DFFC
Kevin Schlitte,kevinschlitte,DFFC
Kevin Schwantz,kevinschwantz,DFFC
Kevin Seitzer,kevinseitzer,DFFC
Kevin Shields,kevinshields,DFFC
Kevin Staut,kevinstaut,DFFC
Kevin Swindell,kevinswindell,DFFC
Kevin Tancharoen,kevintancharoen,DFFC
Kevin Thomson,kevinthomson,DFFC
Kevin Towers,kevintowers,DFFC
Kevin Van Melsen,kevinvanmelsen,DFFC
Kevin Vickerson,kevinvickerson,DFFC
Kevin Ware,kevinware,DFFC
Kevin Warwick,kevinwarwick,DFFC
Kevin Weekes,kevinweekes,DFFC
Kevin Willis,kevinwillis,DFFC
Kevin Wolze,kevinwolze,DFFC
Kevin Young,kevinyoung,DFFC
Kevin Zegers,kevinzegers,DFFC
Kevin Zeitler,kevinzeitler,DFFC
Kevin van der Perren,kevinvanderperren,DFFC
Kevin-Prince Boateng,kevinprinceboateng,DFFC
Kew Jaliens,kewjaliens,DFFC
Key,key,DFFC
Keyaron Fox,keyaronfox,DFFC
Keyshawn Johnson,keyshawnjohnson,DFFC
Kgothatso Montjane,kgothatsomontjane,DFFC
Khairul Amri,khairulamri,DFFC
Khaled Holmes,khaledholmes,DFFC
Khalid Hamdaoui,khalidhamdaoui,DFFC
Khalid Sheikh Mohammed,khalidsheikhmohammed,DFFC
Khalid Sinouh,khalidsinouh,DFFC
Khalif Mitchell,khalifmitchell,DFFC
Khalifa bin Zayed Al Nahyan,khalifabinzayedalnahyan,Celeb
Kharis Ralph,kharisralph,DFFC
Khira Li Lindemann,khiralilindemann,Celeb
Khleo Thomas,khleothomas,DFFC
Khloé Kardashian,khlokardashian,DFFC
Khoo Kay Kim,khookaykim,DFFC
Ki Hong Lee,kihonglee,DFFC
Ki Sung-yueng,kisungyueng,DFFC
Kian Egan,kianegan,Celeb
Kian Hansen,kianhansen,DFFC
Kid Cudi,kidcudi,Celeb
Kid Ink,kidink,DFFC
Kiele Sanchez,kielesanchez,DFFC
Kiely Williams,kielywilliams,DFFC
Kiera Chaplin,kierachaplin,Celeb
Kieran Block,kieranblock,DFFC
Kieran Richardson,kieranrichardson,DFFC
Kieren Fallon,kierenfallon,DFFC
Kiernan Shipka,kiernanshipka,DFFC
Kieron St Aimie,kieronstaimie,DFFC
Kigeli V of Rwanda,kigelivofrwanda,DFFC
Kihachirō Kawamoto,kihachirkawamoto,DFFC
Kiira Korpi,kiirakorpi,Celeb
Kiki Bosio,kikibosio,DFFC
Kikki Danielsson,kikkidanielsson,DFFC
Kiko Femenía,kikofemena,DFFC
"Kiko, Princess Akishino",kikoprincessakishino,DFFC
Killer Kowalski,killerkowalski,DFFC
Kily González,kilygonzlez,DFFC
Kim Barnes Arico,kimbarnesarico,DFFC
Kim Basinger,kimbasinger,Celeb
Kim Bo-kyung,kimbokyung,DFFC
Kim Chae-hwa,kimchaehwa,DFFC
Kim Cloutier,kimcloutier,Celeb
Kim Coates,kimcoates,Celeb
Kim Darby,kimdarby,Celeb
Kim Delaney,kimdelaney,DFFC
Kim Dickens,kimdickens,DFFC
Kim Feenstra,kimfeenstra,Celeb
Kim Fields,kimfields,Celeb
Kim Gandy,kimgandy,DFFC
Kim Hae-jin,kimhaejin,DFFC
Kim Hee-ae,kimheeae,DFFC
Kim In-sung,kiminsung,DFFC
Kim Ja-in,kimjain,DFFC
Kim Jae Wook,kimjaewook,Celeb
Kim Jee-woon,kimjeewoon,DFFC
Kim Ji-seok,kimjiseok,DFFC
Kim Jin-su,kimjinsu,DFFC
Kim Jong-kook,kimjongkook,DFFC
Kim Jun,kimjun,Celeb
Kim Kkot-bi,kimkkotbi,DFFC
Kim Kyu-jong,kimkyujong,DFFC
Kim Källström,kimkllstrm,DFFC
Kim Little,kimlittle,DFFC
Kim Lucine,kimlucine,DFFC
Kim Martin Hasson,kimmartinhasson,DFFC
Kim Matula,kimmatula,Celeb
Kim Milford,kimmilford,DFFC
Kim Min-hee,kimminhee,DFFC
Kim Min-jung,kimminjung,DFFC
Kim Na-young,kimnayoung,DFFC
Kim Novak,kimnovak,Celeb
Kim Paradise,kimparadise,Celeb
Kim Rhode,kimrhode,DFFC
Kim Rhodes,kimrhodes,DFFC
Kim Richards,kimrichards,Celeb
Kim Rossi Stuart,kimrossistuart,DFFC
Kim Sears,kimsears,Celeb
Kim Smith,kimsmith,Celeb
Kim So Hyun,kimsohyun,Celeb
Kim So-yeon,kimsoyeon,DFFC
Kim Stolz,kimstolz,DFFC
Kim Su-ro,kimsuro,DFFC
Kim Tae-hee,kimtaehee,DFFC
Kim Tae-yeon,kimtaeyeon,DFFC
Kim Vilfort,kimvilfort,DFFC
Kim Wilde,kimwilde,DFFC
Kim Woo-bin,kimwoobin,DFFC
Kim Wozencraft,kimwozencraft,DFFC
Kim Yong-dae,kimyongdae,DFFC
Kim Yoo-jin,kimyoojin,DFFC
Kim Yuna,kimyuna,DFFC
Kim Zolciak,kimzolciak,Celeb
Kimberley Mickle,kimberleymickle,DFFC
Kimberley Smith,kimberleysmith,DFFC
Kimberley Walsh,kimberleywalsh,Celeb
Kimberly Caldwell,kimberlycaldwell,Celeb
Kimberly Elise,kimberlyelise,DFFC
Kimberly Nash,kimberlynash,Celeb
Kimberly Navarro,kimberlynavarro,DFFC
Kimberly Williams-Paisley,kimberlywilliamspaisley,DFFC
Kimberly Wyatt,kimberlywyatt,DFFC
Kimi Räikkönen,kimirikknen,DFFC
Kimika Yoshino,kimikayoshino,Celeb
Kimiko Date-Krumm,kimikodatekrumm,DFFC
Kimiko Zakreski,kimikozakreski,DFFC
Kimmie Meissner,kimmiemeissner,DFFC
Kin Platt,kinplatt,DFFC
Kinan Azmeh,kinanazmeh,DFFC
King Krule,kingkrule,DFFC
King Lizzard,kinglizzard,DFFC
King-Wai Yau,kingwaiyau,DFFC
Kinga Rajzak,kingarajzak,Celeb
Kingone Wang,kingonewang,DFFC
Kingsley Bugarin,kingsleybugarin,DFFC
Kiowa Gordon,kiowagordon,DFFC
Kip Carpenter,kipcarpenter,DFFC
Kip Gamblin,kipgamblin,DFFC
Kip Pardue,kippardue,Celeb
Kip Winger,kipwinger,Celeb
Kira Dikhtyar,kiradikhtyar,Celeb
Kira Geil,kirageil,DFFC
Kira Isabella,kiraisabella,DFFC
Kira Miro,kiramiro,Celeb
Kira Muratova,kiramuratova,DFFC
Kiran Kumar,kirankumar,DFFC
Kiran Mazumdar-Shaw,kiranmazumdarshaw,DFFC
Kiran More,kiranmore,DFFC
Kiran Rathod,kiranrathod,DFFC
Kirilenko Andrei,kirilenkoandrei,Celeb
Kirill Gerasimov,kirillgerasimov,DFFC
Kirill Khaliavin,kirillkhaliavin,DFFC
Kirill Nababkin,kirillnababkin,DFFC
Kirk Farmer,kirkfarmer,DFFC
Kirk Ferentz,kirkferentz,DFFC
Kirk Hammett,kirkhammett,DFFC
Kirk Morrison,kirkmorrison,DFFC
Kirk Penney,kirkpenney,DFFC
Kirk Urso,kirkurso,DFFC
Kirk Whalum,kirkwhalum,DFFC
Kirka,kirka,DFFC
Kirsi Kunnas,kirsikunnas,DFFC
Kirsten Smith,kirstensmith,DFFC
Kirsten Storms,kirstenstorms,Celeb
Kirsten Vangsness,kirstenvangsness,DFFC
Kirstie Alley,kirstiealley,Celeb
Kirsty Gallacher,kirstygallacher,Celeb
Kirsty Hume,kirstyhume,Celeb
Kishore Mahbubani,kishoremahbubani,DFFC
Kitarō,kitar,DFFC
Kitten Natividad,kittennatividad,DFFC
Kitty Kelley,kittykelley,DFFC
Kivanc Kasabali,kivanckasabali,Celeb
Kivanc Tatlitug,kivanctatlitug,Celeb
Kiwao Nomura,kiwaonomura,DFFC
Kiyoko Ono,kiyokoono,DFFC
Kiyoshi Jinzai,kiyoshijinzai,DFFC
Kizzy McHugh,kizzymchugh,Celeb
Kjeld Kirk Kristiansen,kjeldkirkkristiansen,Celeb
Kjell Isaksson,kjellisaksson,DFFC
Kjell-Åke Andersson,kjellkeandersson,DFFC
Kjerstin Dellert,kjerstindellert,DFFC
Klaas-Jan Huntelaar,klaasjanhuntelaar,DFFC
Klara Wester,klarawester,Celeb
Klaus Allofs,klausallofs,DFFC
Klaus Badelt,klausbadelt,DFFC
Klaus Bischoff,klausbischoff,DFFC
Klaus Glahn,klausglahn,DFFC
Klaus Kinski,klauskinski,Celeb
Klaus Maria Brandauer,klausmariabrandauer,DFFC
Klaus Meine,klausmeine,DFFC
Klaus Naumann,klausnaumann,DFFC
Klaus Rost,klausrost,DFFC
Klaus Schmidt,klausschmidt,DFFC
Klaus Teuber,klausteuber,DFFC
Klaus Zerta,klauszerta,DFFC
Klay Thompson,klaythompson,DFFC
Klemen Štimulak,klementimulak,DFFC
Klára Kadlecová,klrakadlecov,DFFC
Knero,knero,DFFC
Knez,knez,DFFC
Knowshon Moreno,knowshonmoreno,DFFC
Knox,knox,DFFC
Ko Ko Gyi,kokogyi,DFFC
Kodi Smit-McPhee,kodismitmcphee,Celeb
Kodjo Akolor,kodjoakolor,DFFC
Kody Bliss,kodybliss,DFFC
Koen Wauters,koenwauters,DFFC
Koena Mitra,koenamitra,Celeb
Kofi Kingston,kofikingston,DFFC
Koharu Kusumi,koharukusumi,Celeb
Koji Igarashi,kojiigarashi,DFFC
Koji Kanemoto,kojikanemoto,DFFC
Koji Murofushi,kojimurofushi,DFFC
Koji Uehara,kojiuehara,DFFC
Koke,koke,DFFC
Koki Niwa,kokiniwa,DFFC
Koldo,koldo,DFFC
Kongar-ol Ondar,kongarolondar,DFFC
Kongkiat Khomsiri,kongkiatkhomsiri,DFFC
Konnie Huq,konniehuq,Celeb
Konrad Kujau,konradkujau,DFFC
Konrad Wasiela,konradwasiela,DFFC
Konrad Zuse,konradzuse,DFFC
Konstadinos Baniotis,konstadinosbaniotis,DFFC
Konstadinos Douvalidis,konstadinosdouvalidis,DFFC
Konstadinos Filippidis,konstadinosfilippidis,DFFC
Konstandinos Poulios,konstandinospoulios,DFFC
Konstantin Bezmaternikh,konstantinbezmaternikh,DFFC
Konstantin Efetov,konstantinefetov,DFFC
Konstantin Ernst,konstantinernst,DFFC
Konstantin Feoktistov,konstantinfeoktistov,DFFC
Konstantin Khabenskiy,konstantinkhabenskiy,Celeb
Konstantin Zyryanov,konstantinzyryanov,DFFC
Konstantinos Mitroglou,konstantinosmitroglou,DFFC
Koop Arponen,kooparponen,DFFC
Koray Günter,koraygnter,DFFC
Korey Cooper,koreycooper,DFFC
Kosta Perović,kostaperovi,DFFC
Kostas Manolas,kostasmanolas,DFFC
Kosuke Fukudome,kosukefukudome,DFFC
Kosuke Matsuura,kosukematsuura,DFFC
Kotomitsuki Keiji,kotomitsukikeiji,DFFC
Kourtney Kardashian,kourtneykardashian,DFFC
Kozo Watanabe,kozowatanabe,DFFC
Kozue Ando,kozueando,DFFC
Kreesha Turner,kreeshaturner,DFFC
Krešimir Lončar,kreimirlonar,DFFC
Krikor Mekhitarian,krikormekhitarian,DFFC
Kris Allen,krisallen,Celeb
Kris Boyd,krisboyd,DFFC
Kris Commons,kriscommons,DFFC
Kris Gopalakrishnan,krisgopalakrishnan,DFFC
Kris Humphries,krishumphries,Celeb
Kris Jenner,krisjenner,Celeb
Kris Johnson,krisjohnson,DFFC
Kris Kristofferson,kriskristofferson,Celeb
Kris Smith,krissmith,Celeb
Kris Stadsgaard,krisstadsgaard,DFFC
Kris Versteeg,krisversteeg,DFFC
Krissy Vaine,krissyvaine,Celeb
Krist Novoselic,kristnovoselic,DFFC
Krista Allen,kristaallen,Celeb
Krista Ayne,kristaayne,Celeb
Krista Siegfrids,kristasiegfrids,DFFC
Krista Tippett,kristatippett,DFFC
Kristanna Loken,kristannaloken,DFFC
Kristaps Porziņģis,kristapsporziis,DFFC
Kristaps Zvejnieks,kristapszvejnieks,DFFC
Kristen Bell,kristenbell,DFFC
Kristen Dalton,kristendalton,DFFC
Kristen Davis,kristendavis,Celeb
Kristen Schaal,kristenschaal,DFFC
Kristen Wiig,kristenwiig,DFFC
Kristi Harrower,kristiharrower,DFFC
Kristi Yamaguchi,kristiyamaguchi,Celeb
Kristian Nairn,kristiannairn,DFFC
Kristian Thomas,kristianthomas,DFFC
Kristin Bauer van Straten,kristinbauervanstraten,Celeb
Kristin Beck,kristinbeck,DFFC
Kristin Booth,kristinbooth,DFFC
Kristin Cavallari,kristincavallari,Celeb
Kristin Davis,kristindavis,DFFC
Kristin Kreuk,kristinkreuk,DFFC
Kristin Lehman,kristinlehman,Celeb
Kristin Wieczorek,kristinwieczorek,DFFC
Kristina Adolphson,kristinaadolphson,DFFC
Kristina Mladenovic,kristinamladenovic,DFFC
Kristina Yeo,kristinayeo,Celeb
Kristine Musademba,kristinemusademba,DFFC
Kristinn Hrafnsson,kristinnhrafnsson,DFFC
Kristof Goddaert,kristofgoddaert,DFFC
Kristof Vandewalle,kristofvandewalle,DFFC
Kristoffer Broberg,kristofferbroberg,DFFC
Kristoffer Peterson,kristofferpeterson,DFFC
Kristy Hinze,kristyhinze,DFFC
Kristy Lee Cook,kristyleecook,Celeb
Kristy McPherson,kristymcpherson,DFFC
Kristy Pond,kristypond,DFFC
Kristy Swanson,kristyswanson,Celeb
Kristyna Lebedova,kristynalebedova,Celeb
Kristína Kučová,kristnakuov,DFFC
Kristýna Plíšková,kristnaplkov,DFFC
Kristīne Gaile,kristnegaile,DFFC
Krisztián Adorján,krisztinadorjn,DFFC
Krisztián Pars,krisztinpars,DFFC
Kriti Kharbanda,kritikharbanda,DFFC
Krizz Kaliko,krizzkaliko,DFFC
Kronprinsesse Mary,kronprinsessemary,Celeb
Krystal Forscutt,krystalforscutt,Celeb
Krystal Gail,krystalgail,Celeb
Krystal Meyers,krystalmeyers,Celeb
Krysten Ritter,krystenritter,DFFC
Krystian Długopolski,krystiandugopolski,DFFC
Krystyna Janda,krystynajanda,Celeb
Krzysztof Birula-Białynicki,krzysztofbirulabiaynicki,DFFC
Krzysztof Brzozowski,krzysztofbrzozowski,DFFC
Krzysztof Grabowski,krzysztofgrabowski,DFFC
Krzysztof Jakubowski,krzysztofjakubowski,DFFC
Krzysztof Kosedowski,krzysztofkosedowski,DFFC
Krzysztof Meyer,krzysztofmeyer,DFFC
Krzysztof Skiba,krzysztofskiba,DFFC
Ksenia Afanasyeva,kseniaafanasyeva,DFFC
Ksenia Antonova,kseniaantonova,DFFC
Ksenia Dudkina,kseniadudkina,DFFC
Ksenia Kahnovich,kseniakahnovich,Celeb
Ksenia Krasilnikova,kseniakrasilnikova,DFFC
Ksenia Makarova,kseniamakarova,DFFC
Ksenia Solo,kseniasolo,DFFC
Ksenia Stolbova,kseniastolbova,DFFC
Kseniya Sobchak,kseniyasobchak,Celeb
Kuishinbo Kamen,kuishinbokamen,DFFC
Kujtim Bala,kujtimbala,DFFC
Kulbhushan Kharbanda,kulbhushankharbanda,DFFC
Kumar Birla,kumarbirla,Celeb
Kumar Dharmasena,kumardharmasena,DFFC
Kumi Koda,kumikoda,DFFC
Kunal Nayyar,kunalnayyar,Celeb
Kunnakudi Vaidyanathan,kunnakudivaidyanathan,DFFC
Kuno Becker,kunobecker,Celeb
Kurban Kurbanov,kurbankurbanov,DFFC
Kurt Albert,kurtalbert,DFFC
Kurt Angle,kurtangle,DFFC
Kurt Carr,kurtcarr,DFFC
Kurt Cobain,kurtcobain,Celeb
Kurt Hovelijnck,kurthovelijnck,DFFC
Kurt Kasznar,kurtkasznar,DFFC
Kurt Kreuger,kurtkreuger,DFFC
Kurt Lockwood,kurtlockwood,DFFC
Kurt Warner,kurtwarner,DFFC
Kurt Zouma,kurtzouma,DFFC
Kurumi Nara,kuruminara,DFFC
Kuznetsova Svetlana,kuznetsovasvetlana,Celeb
Kwadwo Asamoah,kwadwoasamoah,DFFC
Kwak Min-jeong,kwakminjeong,DFFC
Kwame Dawes,kwamedawes,DFFC
Kwame Nkrumah-Acheampong,kwamenkrumahacheampong,DFFC
Kwon Yuri,kwonyuri,DFFC
Kyal Horsley,kyalhorsley,DFFC
Kyary Pamyu Pamyu,kyarypamyupamyu,DFFC
Kyel Reid,kyelreid,DFFC
Kyla,kyla,DFFC
Kyla Cole,kylacole,Celeb
Kyla Pratt,kylapratt,DFFC
Kyla-Rose Smith,kylarosesmith,DFFC
Kyle Brady,kylebrady,DFFC
Kyle Brandt,kylebrandt,DFFC
Kyle Busch,kylebusch,DFFC
Kyle Carpenter,kylecarpenter,DFFC
Kyle Chandler,kylechandler,Celeb
Kyle Clifford,kyleclifford,DFFC
Kyle Critchell,kylecritchell,DFFC
Kyle Fuller,kylefuller,DFFC
Kyle Gallner,kylegallner,Celeb
Kyle Howard,kylehoward,Celeb
Kyle Juszczyk,kylejuszczyk,DFFC
Kyle Larson,kylelarson,DFFC
Kyle Long,kylelong,DFFC
Kyle Love,kylelove,DFFC
Kyle Lowry,kylelowry,DFFC
Kyle MacLachlan,kylemaclachlan,Celeb
Kyle Massey,kylemassey,Celeb
Kyle McFadzean,kylemcfadzean,DFFC
Kyle Nakazawa,kylenakazawa,DFFC
Kyle Nissen,kylenissen,DFFC
Kyle O'Reilly,kyleoreilly,DFFC
Kyle Richards,kylerichards,DFFC
Kyle Rudolph,kylerudolph,DFFC
Kyle Ryan,kyleryan,DFFC
Kyle Schmid,kyleschmid,Celeb
Kyle Schwarber,kyleschwarber,DFFC
Kyle Smith,kylesmith,DFFC
Kyle Snyder,kylesnyder,DFFC
Kyle Thomas,kylethomas,DFFC
Kyle Turris,kyleturris,DFFC
Kyle Vanden Bosch,kylevandenbosch,DFFC
Kyle Zobeck,kylezobeck,DFFC
Kylie Gauci,kyliegauci,DFFC
Kylie Jenner,kyliejenner,Celeb
Kym,kym,DFFC
Kyo,kyo,DFFC
Kyoko Hasegawa,kyokohasegawa,Celeb
Kyoko Ina,kyokoina,DFFC
Kyoko Kimura,kyokokimura,DFFC
Kyotaro Fujimoto,kyotarofujimoto,DFFC
Kári Steinn Karlsson,kristeinnkarlsson,DFFC
Kévin Reza,kvinreza,DFFC
Kévin Théophile-Catherine,kvinthophilecatherine,DFFC
Kílian Jornet Burgada,klianjornetburgada,DFFC
Kōhei Uchimura,kheiuchimura,DFFC
Kōji Gushiken,kjigushiken,DFFC
Kōji Tamaki,kjitamaki,DFFC
Kōji Yakusho,kjiyakusho,DFFC
Kōtarō Satomi,ktarsatomi,DFFC
L Lin Wood,llinwood,DFFC
LJ Fort,ljfort,DFFC
LJ Peak,ljpeak,DFFC
LJ van Zyl,ljvanzyl,DFFC
LL Cool J,llcoolj,DFFC
LWren Scott,lwrenscott,Celeb
La Esterella,laesterella,DFFC
La La Anthony,lalaanthony,Celeb
La Toya Jackson,latoyajackson,Celeb
LaMarr Woodley,lamarrwoodley,DFFC
LaMichael James,lamichaeljames,DFFC
LaShawn Merritt,lashawnmerritt,DFFC
LaTasha Colander,latashacolander,DFFC
LaVell Edwards,lavelledwards,DFFC
Labdhi Bhandari,labdhibhandari,DFFC
Labrinth,labrinth,DFFC
Lacey Jones,laceyjones,Celeb
Lacey Schwimmer,laceyschwimmer,Celeb
Lacey Sturm,laceysturm,DFFC
Lacey Turner,laceyturner,DFFC
Lachlan Keeffe,lachlankeeffe,DFFC
Lachlan Murdoch,lachlanmurdoch,DFFC
Lacuna Coil,lacunacoil,Celeb
Ladell Betts,ladellbetts,DFFC
Ladi6,ladi6,DFFC
Ladji Doucouré,ladjidoucour,DFFC
Lado Kralj,ladokralj,DFFC
Lady Bunny,ladybunny,DFFC
Lady Gaga,ladygaga,DFFC
Lady Louise Windsor,ladylouisewindsor,DFFC
Lady Sovereign,ladysovereign,Celeb
Lady Starlight,ladystarlight,DFFC
Laetitia Milot,laetitiamilot,Celeb
Laidback Luke,laidbackluke,DFFC
Laila Rouass,lailarouass,Celeb
Laine Kallas,lainekallas,DFFC
Lainie Kazan,lainiekazan,DFFC
Laird Cregar,lairdcregar,DFFC
Lais Ribeiro,laisribeiro,Celeb
Lajos Kürthy,lajoskrthy,DFFC
Lake Bell,lakebell,Celeb
Lakhdar Belloumi,lakhdarbelloumi,DFFC
Lakshmi Menon,lakshmimenon,DFFC
Lakshmi Mittal,lakshmimittal,Celeb
Lalita Panyopas,lalitapanyopas,DFFC
Lalonde Gordon,lalondegordon,DFFC
Lamar Odom,lamarodom,Celeb
Lamb Jeremy,lambjeremy,Celeb
Lambert Wilson,lambertwilson,Celeb
Lamont Mack,lamontmack,DFFC
Lamorne Morris,lamornemorris,Celeb
Lana Del Rey,lanadelrey,DFFC
Lana Parrilla,lanaparrilla,DFFC
Lana Wood,lanawood,Celeb
Lance Gross,lancegross,Celeb
Lance Henriksen,lancehenriksen,Celeb
Lance Jeter,lancejeter,DFFC
Lance Kerwin,lancekerwin,Celeb
Lance Reddick,lancereddick,DFFC
Lance Storm,lancestorm,DFFC
"Landau Eugene Murphy, Jr",landaueugenemurphyjr,DFFC
Landon Donovan,landondonovan,DFFC
Landry Jones,landryjones,DFFC
Lane Brody,lanebrody,DFFC
Lane Gibson,lanegibson,DFFC
Langston Walker,langstonwalker,DFFC
Lanie Lane,lanielane,DFFC
Lara Bingle,larabingle,DFFC
Lara Dutta,laradutta,Celeb
Lara Fabian,larafabian,Celeb
Lara Gut,laragut,DFFC
Lara Lieto,laralieto,Celeb
Lara Scandar,larascandar,Celeb
Lara Spencer,laraspencer,Celeb
Laraine Newman,larainenewman,DFFC
Larisa Fraser,larisafraser,Celeb
Larisa Latynina,larisalatynina,DFFC
Larisa Oleynik,larisaoleynik,Celeb
Larissa Ramos,larissaramos,DFFC
Larissa Riquelme,larissariquelme,Celeb
Lark Voorhies,larkvoorhies,DFFC
Larry A Thompson,larryathompson,DFFC
Larry Allen,larryallen,DFFC
Larry Birkhead,larrybirkhead,Celeb
Larry Brinson,larrybrinson,DFFC
Larry Brown,larrybrown,DFFC
Larry Cassidy,larrycassidy,DFFC
Larry David,larrydavid,Celeb
Larry Drake,larrydrake,DFFC
Larry Drew II,larrydrewii,DFFC
Larry Ellison,larryellison,DFFC
Larry Fitzgerald,larryfitzgerald,Celeb
Larry Grenadier,larrygrenadier,DFFC
Larry Hagman,larryhagman,DFFC
Larry Holmes,larryholmes,DFFC
Larry Hughes,larryhughes,DFFC
Larry Jay Levine,larryjaylevine,DFFC
Larry King,larryking,DFFC
Larry Kramer,larrykramer,DFFC
Larry LaLonde,larrylalonde,DFFC
Larry Lucchino,larrylucchino,DFFC
Larry Marder,larrymarder,DFFC
Larry McCray,larrymccray,DFFC
Larry Murphy,larrymurphy,DFFC
Larry Niven,larryniven,DFFC
Larry O'Connor,larryoconnor,DFFC
Larry Page,larrypage,DFFC
Larry Robinson,larryrobinson,DFFC
Larry Rohter,larryrohter,DFFC
Larry Rothschild,larryrothschild,DFFC
Larry Sabato,larrysabato,DFFC
Larry Storch,larrystorch,Celeb
Larry The Cable Guy,larrythecableguy,Celeb
Larry Wilcox,larrywilcox,Celeb
Lars Anderson,larsanderson,DFFC
Lars Bak,larsbak,DFFC
Lars Bender,larsbender,DFFC
Lars Boom,larsboom,DFFC
Lars Eller,larseller,DFFC
Lars Horntveth,larshorntveth,DFFC
Lars Jungnickel,larsjungnickel,DFFC
Lars Lagerbäck,larslagerbck,DFFC
Lars Larson,larslarson,DFFC
Lars Olsen,larsolsen,DFFC
Lars Ulrich,larsulrich,Celeb
Lars van der Haar,larsvanderhaar,DFFC
Lasgush Poradeci,lasgushporadeci,DFFC
Lassana Diarra,lassanadiarra,DFFC
Lasse Berghagen,lasseberghagen,DFFC
Lasse Gjertsen,lassegjertsen,DFFC
Lasse Hallström,lassehallstrm,DFFC
Lata Mangeshkar,latamangeshkar,DFFC
Latimore,latimore,DFFC
Laura Augé,lauraaug,DFFC
Laura Bell Bundy,laurabellbundy,Celeb
Laura Benanti,laurabenanti,DFFC
Laura Bertram,laurabertram,Celeb
Laura Birn,laurabirn,DFFC
Laura Blokhina,laurablokhina,Celeb
Laura Brown,laurabrown,DFFC
Laura Croft,lauracroft,Celeb
Laura Csortan,lauracsortan,Celeb
Laura Czarnotta,lauraczarnotta,DFFC
Laura Dern,lauradern,DFFC
Laura Dundovic,lauradundovic,DFFC
Laura Efrikian,lauraefrikian,DFFC
Laura Esquivel,lauraesquivel,Celeb
Laura Feiersinger,laurafeiersinger,DFFC
Laura Garrett,lauragarrett,Celeb
Laura Giordano,lauragiordano,DFFC
Laura Godoy,lauragodoy,Celeb
Laura Harris,lauraharris,Celeb
Laura Ingraham,lauraingraham,DFFC
Laura Innes,laurainnes,DFFC
Laura Johnson,laurajohnson,DFFC
Laura Leighton,lauraleighton,Celeb
Laura Lepistö,lauralepist,DFFC
Laura Linney,lauralinney,DFFC
Laura Lippman,lauralippman,DFFC
Laura Magitteri,lauramagitteri,DFFC
Laura Marling,lauramarling,DFFC
Laura Osswald,lauraosswald,Celeb
Laura Ponte,lauraponte,Celeb
Laura Prepon,lauraprepon,Celeb
Laura Prestin,lauraprestin,Celeb
Laura Ramsey,lauraramsey,DFFC
Laura Robson,laurarobson,DFFC
Laura San Giacomo,laurasangiacomo,DFFC
Laura Schlessinger,lauraschlessinger,DFFC
Laura Sippola,laurasippola,DFFC
Laura Thorpe,laurathorpe,DFFC
Laura Vandervoort,lauravandervoort,Celeb
Laura Weightman,lauraweightman,DFFC
Laura Weissbecker,lauraweissbecker,DFFC
Laura de Vaan,lauradevaan,DFFC
Laure Manaudou,lauremanaudou,DFFC
Laurel Aitken,laurelaitken,DFFC
Lauren Bacall,laurenbacall,Celeb
Lauren Beckham,laurenbeckham,DFFC
Lauren Beukes,laurenbeukes,DFFC
Lauren Budd,laurenbudd,Celeb
Lauren Bush,laurenbush,DFFC
Lauren Campbell,laurencampbell,DFFC
Lauren Cheney,laurencheney,Celeb
Lauren Cohan,laurencohan,DFFC
Lauren Davis,laurendavis,DFFC
Lauren Gold,laurengold,Celeb
Lauren Graham,laurengraham,DFFC
Lauren Harris,laurenharris,DFFC
Lauren Holly,laurenholly,Celeb
Lauren Hutton,laurenhutton,DFFC
Lauren Jackson,laurenjackson,DFFC
Lauren Kleppin,laurenkleppin,DFFC
Lauren Koslow,laurenkoslow,Celeb
Lauren Lee Smith,laurenleesmith,DFFC
Lauren London,laurenlondon,DFFC
Lauren Mayhew,laurenmayhew,DFFC
Lauren Mellor,laurenmellor,Celeb
Lauren Sanchez,laurensanchez,Celeb
Lauren Sesselmann,laurensesselmann,DFFC
Lauren Shuler Donner,laurenshulerdonner,DFFC
Lauren Socha,laurensocha,DFFC
Lauren Storm,laurenstorm,Celeb
Lauren Vélez,laurenvlez,DFFC
Lauren Young,laurenyoung,Celeb
Laurence Fishburne,laurencefishburne,DFFC
Laurence Fox,laurencefox,Celeb
Laurence Harvey,laurenceharvey,DFFC
Laurence Leamer,laurenceleamer,DFFC
Laurence Olivier,laurenceolivier,Celeb
Laurens Vanthoor,laurensvanthoor,DFFC
Laurens ten Dam,laurenstendam,DFFC
Laurent Batlles,laurentbatlles,DFFC
Laurent Boyer,laurentboyer,DFFC
Laurent Didier,laurentdidier,DFFC
Laurent Fignon,laurentfignon,DFFC
Laurent Koscielny,laurentkoscielny,DFFC
Laurent Lokoli,laurentlokoli,DFFC
Laurent Mangel,laurentmangel,DFFC
Laurent Pichon,laurentpichon,DFFC
Laurent Robert,laurentrobert,DFFC
Laurent Ruquier,laurentruquier,DFFC
Lauri Bonacorsi,lauribonacorsi,DFFC
Laurie Anderson,laurieanderson,DFFC
Laurie Brett,lauriebrett,Celeb
Laurie Holden,laurieholden,DFFC
Lauryn Eagle,lauryneagle,DFFC
Lauryn Hill,laurynhill,Celeb
Lavonte David,lavontedavid,DFFC
Law Kar-ying,lawkarying,DFFC
Lawrence Guy,lawrenceguy,DFFC
Lawrence Jarach,lawrencejarach,DFFC
Lawrence Okoye,lawrenceokoye,DFFC
Lawrence Samuels,lawrencesamuels,DFFC
Lawrie Wilson,lawriewilson,DFFC
Lawson Craddock,lawsoncraddock,DFFC
Lawson D'Ath,lawsondath,DFFC
Layes Abdullayeva,layesabdullayeva,DFFC
Layne Staley,laynestaley,Celeb
Layvin Kurzawa,layvinkurzawa,DFFC
Laz Díaz,lazdaz,DFFC
Lazare Ponticelli,lazareponticelli,DFFC
Lazeric Jones,lazericjones,DFFC
Lea DeLaria,leadelaria,DFFC
Lea Koenig,leakoenig,DFFC
Lea Michele,leamichele,Celeb
Lea Salonga,leasalonga,DFFC
Leah Gibson,leahgibson,Celeb
Leah Pipes,leahpipes,Celeb
Leanda Cave,leandacave,DFFC
Leanna Creel,leannacreel,DFFC
Leanne Smith,leannesmith,DFFC
Lecrae,lecrae,DFFC
Ledri Vula,ledrivula,Celeb
Lee Altus,leealtus,DFFC
Lee Beachill,leebeachill,DFFC
Lee Beevers,leebeevers,DFFC
Lee Boylan,leeboylan,DFFC
Lee Chun Hei,leechunhei,DFFC
Lee Chung-ah,leechungah,DFFC
Lee Collins,leecollins,DFFC
Lee Croft,leecroft,DFFC
Lee Daniels,leedaniels,DFFC
Lee DeWyze,leedewyze,DFFC
Lee Dong-gook,leedonggook,DFFC
Lee Dorman,leedorman,DFFC
Lee Eun-ju,leeeunju,Celeb
Lee Felsenstein,leefelsenstein,DFFC
Lee Furlong,leefurlong,Celeb
Lee Grant,leegrant,Celeb
Lee Harper,leeharper,DFFC
Lee Harvey,leeharvey,DFFC
Lee Hi,leehi,DFFC
Lee Hong-gi,leehonggi,DFFC
Lee Hyori,leehyori,DFFC
Lee Iacocca,leeiacocca,DFFC
Lee Jae-dong,leejaedong,DFFC
Lee Jin-wook,leejinwook,DFFC
Lee Jong-kyung,leejongkyung,DFFC
Lee Jong-suk,leejongsuk,DFFC
Lee Junho,leejunho,Celeb
Lee Kang-seok,leekangseok,DFFC
Lee Kang-sheng,leekangsheng,DFFC
Lee Keshav,leekeshav,DFFC
Lee Kilday,leekilday,DFFC
Lee Kwang-soo,leekwangsoo,DFFC
Lee Latchford-Evans,leelatchfordevans,DFFC
Lee Loughnane,leeloughnane,DFFC
Lee MacPhail,leemacphail,DFFC
Lee Majors,leemajors,DFFC
Lee Mavers,leemavers,DFFC
Lee Merrien,leemerrien,DFFC
Lee Min-woo,leeminwoo,DFFC
Lee Minshull,leeminshull,DFFC
Lee Myung-joo,leemyungjoo,DFFC
Lee Newton,leenewton,DFFC
Lee Pace,leepace,Celeb
Lee Page,leepage,DFFC
Lee Peacock,leepeacock,DFFC
Lee Probert,leeprobert,DFFC
Lee Radziwill,leeradziwill,DFFC
Lee Remick,leeremick,DFFC
Lee Ridley,leeridley,DFFC
Lee Riley,leeriley,DFFC
Lee Ritenour,leeritenour,DFFC
Lee Robinson,leerobinson,DFFC
Lee Ryan,leeryan,Celeb
Lee Saltz,leesaltz,DFFC
Lee Sandford,leesandford,DFFC
Lee Seon-hwa,leeseonhwa,DFFC
Lee Shau Kee,leeshaukee,Celeb
Lee Shin Cheng,leeshincheng,Celeb
Lee Smith,leesmith,DFFC
Lee Stempniak,leestempniak,DFFC
Lee Sweatt,leesweatt,DFFC
Lee Thompson Young,leethompsonyoung,DFFC
Lee Wallace,leewallace,DFFC
Lee Williamson,leewilliamson,DFFC
Lee Yo-won,leeyowon,DFFC
Lee Young-ae,leeyoungae,DFFC
Lee Young-ah,leeyoungah,DFFC
Lee-Anne Pace,leeannepace,DFFC
Leeann Tweeden,leeanntweeden,Celeb
Leeland Dayton Mooring,leelanddaytonmooring,DFFC
Leelee Sobieski,leeleesobieski,DFFC
Leevi Lehto,leevilehto,DFFC
Leeza Gibbons,leezagibbons,Celeb
Lefter Küçükandonyadis,lefterkkandonyadis,DFFC
Lega-C,legac,DFFC
Lei Jia,leijia,DFFC
Lei'D Tapa,leidtapa,DFFC
Leif Mortensen,leifmortensen,DFFC
Leigh Ann Hester,leighannhester,DFFC
Leigh Dorough,leighdorough,Celeb
Leigh Nash,leighnash,DFFC
Leigh Sales,leighsales,DFFC
Leighton Meester,leightonmeester,Celeb
Leila Hatami,leilahatami,DFFC
Leila Lopes,leilalopes,DFFC
Leila Pinheiro,leilapinheiro,DFFC
Leila Vaziri,leilavaziri,DFFC
Leisha Hailey,leishahailey,Celeb
Lejeanne Marais,lejeannemarais,DFFC
Lejla Tanović,lejlatanovi,DFFC
Lekan Balogun,lekanbalogun,DFFC
Lela Rochon,lelarochon,DFFC
Leland Orser,lelandorser,Celeb
Lelisa Desisa,lelisadesisa,DFFC
Lemmy,lemmy,DFFC
Len Bias,lenbias,DFFC
Len Goodman,lengoodman,DFFC
Len Szafaryn,lenszafaryn,DFFC
Len Wein,lenwein,DFFC
Len Wiseman,lenwiseman,Celeb
LenDale White,lendalewhite,DFFC
Lena Andersson,lenaandersson,DFFC
Lena Dunham,lenadunham,DFFC
Lena Gercke,lenagercke,Celeb
Lena Headey,lenaheadey,DFFC
Lena Lotzen,lenalotzen,DFFC
Lena Meyer-Landrut,lenameyerlandrut,DFFC
Lena Yada,lenayada,DFFC
Lene Marlin,lenemarlin,DFFC
Lenka,lenka,DFFC
Lenka Kripac,lenkakripac,Celeb
Lennie James,lenniejames,DFFC
Lennie Merullo,lenniemerullo,DFFC
Lenny Hambro,lennyhambro,DFFC
Lenora Crichlow,lenoracrichlow,DFFC
Lenore Blum,lenoreblum,DFFC
Leo Bertos,leobertos,DFFC
Leo Fortune-West,leofortunewest,DFFC
Leo Gregory,leogregory,Celeb
Leo Hielscher,leohielscher,DFFC
Leo Howard,leohoward,Celeb
Leo Komarov,leokomarov,DFFC
Leo Marks,leomarks,DFFC
Leo McKern,leomckern,DFFC
Leo O'Kelly,leookelly,DFFC
Leodis McKelvin,leodismckelvin,DFFC
Leon Black,leonblack,Celeb
Leon Draisaitl,leondraisaitl,DFFC
Leon Goretzka,leongoretzka,DFFC
Leon Johnson,leonjohnson,DFFC
Leon Osman,leonosman,DFFC
Leon Redbone,leonredbone,DFFC
Leon Thomas III,leonthomasiii,Celeb
Leona Cavalli,leonacavalli,Celeb
Leona Lewis,leonalewis,DFFC
Leona Machálková,leonamachlkov,DFFC
Leonard Bernstein,leonardbernstein,Celeb
Leonard Lauder,leonardlauder,Celeb
Leonard Mann,leonardmann,DFFC
Leonard Matlovich,leonardmatlovich,DFFC
Leonard Mudie,leonardmudie,DFFC
Leonard Nimoy,leonardnimoy,Celeb
Leonard Tan,leonardtan,DFFC
Leonard Weaver,leonardweaver,DFFC
Leonard Whiting,leonardwhiting,Celeb
Leonard Williams,leonardwilliams,DFFC
Leonardo Bittencourt,leonardobittencourt,DFFC
Leonardo DiCaprio,leonardodicaprio,DFFC
Leonardo Farkas,leonardofarkas,DFFC
Leonel Manzano,leonelmanzano,DFFC
Leonid Fedun,leonidfedun,Celeb
Leonid Mezheritski,leonidmezheritski,DFFC
Leonid Musin,leonidmusin,DFFC
Leonie Saint,leoniesaint,DFFC
Leonor Varela,leonorvarela,Celeb
Leonora Jakupi,leonorajakupi,Celeb
Leonys Martín,leonysmartn,DFFC
Leopold König,leopoldknig,DFFC
Leopoldo Minaya,leopoldominaya,DFFC
Leos Carax,leoscarax,DFFC
Lepa Brena,lepabrena,DFFC
Lerentee McCray,lerenteemccray,DFFC
Leri Kenchadze,lerikenchadze,DFFC
Leroy Chiao,leroychiao,DFFC
Leroy Fer,leroyfer,DFFC
Leroy George,leroygeorge,DFFC
Leroy Sibbles,leroysibbles,DFFC
Leryn Franco,lerynfranco,Celeb
Les Bingaman,lesbingaman,DFFC
Les Hill,leshill,DFFC
Les Pattinson,lespattinson,DFFC
Lesle Gallimore,leslegallimore,DFFC
Lesley Ann Warren,lesleyannwarren,Celeb
Lesley Gore,lesleygore,Celeb
Lesley Stahl,lesleystahl,DFFC
Lesley-Anne Down,lesleyannedown,Celeb
Leslie Bianchini,lesliebianchini,Celeb
Leslie Bibb,lesliebibb,DFFC
Leslie Caron,lesliecaron,Celeb
Leslie Cheung,lesliecheung,DFFC
Leslie Dewan,lesliedewan,DFFC
Leslie Hall,lesliehall,DFFC
Leslie Law,leslielaw,DFFC
Leslie Mann,lesliemann,DFFC
Leslie McKeown,lesliemckeown,Celeb
Leslie Neilsen,leslieneilsen,Celeb
Leslie Nielsen,leslienielsen,Celeb
Leslie Parrish,leslieparrish,Celeb
Leslie Van Houten,leslievanhouten,DFFC
Leslie Wexner,lesliewexner,Celeb
Lestar Jean,lestarjean,DFFC
Leszek Swornowski,leszekswornowski,DFFC
Leticia Bredice,leticiabredice,Celeb
Leticia Calderon,leticiacalderon,Celeb
Leticia Zuloaga,leticiazuloaga,Celeb
Letty Cottin Pogrebin,lettycottinpogrebin,DFFC
Letícia Birkheuer,letciabirkheuer,DFFC
Levale Speigner,levalespeigner,DFFC
Leven Rambin,levenrambin,Celeb
Levent Ayçiçek,leventayiek,DFFC
Levern Spencer,levernspencer,DFFC
Levi Mackin,levimackin,DFFC
Levon Aronian,levonaronian,DFFC
Levon Helm,levonhelm,DFFC
Lew Soloff,lewsoloff,DFFC
Lew Temple,lewtemple,DFFC
Lewis Hamilton,lewishamilton,Celeb
Lewis Hornby,lewishornby,DFFC
Lewis MacKenzie,lewismackenzie,DFFC
Lewis Taylor,lewistaylor,DFFC
Lex Immers,leximmers,DFFC
Lexi Belle,lexibelle,DFFC
Lexie Contursi,lexiecontursi,DFFC
Lexington Steele,lexingtonsteele,DFFC
Leyla Milani,leylamilani,Celeb
Leïla Bekhti,lelabekhti,DFFC
Li Bingbing,libingbing,DFFC
Li Chevalier,lichevalier,DFFC
Li Na,lina,Celeb
Li Xiaofeng,lixiaofeng,DFFC
Li Xuerui,lixuerui,DFFC
Li Yanfeng,liyanfeng,DFFC
Li Ziyang,liziyang,DFFC
LiSA,lisa,DFFC
Lia Boysen,liaboysen,DFFC
Lia Grimanis,liagrimanis,DFFC
Lia Marie Johnson,liamariejohnson,DFFC
Lia Neal,lianeal,Celeb
Lia Tanzi,liatanzi,DFFC
Liam Aiken,liamaiken,Celeb
Liam Broady,liambroady,DFFC
Liam Genockey,liamgenockey,DFFC
Liam Hatch,liamhatch,DFFC
Liam Henderson,liamhenderson,DFFC
Liam Highfield,liamhighfield,DFFC
Liam James,liamjames,Celeb
Liam Killeen,liamkilleen,DFFC
Liam Mitchell,liammitchell,DFFC
Liam Moore,liammoore,DFFC
Liam Neeson,liamneeson,DFFC
Liam Noble,liamnoble,DFFC
Liam Payne,liampayne,Celeb
Liam Rosenior,liamrosenior,DFFC
Liam Walker,liamwalker,DFFC
Liana K,lianak,DFFC
Liana Ungur,lianaungur,DFFC
Liane Balaban,lianebalaban,DFFC
Liane Russell,lianerussell,DFFC
Liang Chow,liangchow,DFFC
Liao Fan,liaofan,DFFC
Liassine Cadamuro-Bentaïba,liassinecadamurobentaba,DFFC
Libania Grenot,libaniagrenot,DFFC
Liberty Ross,libertyross,Celeb
Liesl Tesch,liesltesch,DFFC
Lieuwe Westra,lieuwewestra,DFFC
Liev Schreiber,lievschreiber,Celeb
Liggins DeAndre,ligginsdeandre,Celeb
Lil Jon,liljon,DFFC
Lil Kim,lilkim,Celeb
Lil Wayne,lilwayne,Celeb
Lil' Ed Williams,liledwilliams,DFFC
Lil' Mo,lilmo,DFFC
Lilia Biktagirova,liliabiktagirova,DFFC
Liliana Campos,lilianacampos,Celeb
Liliana Cavani,lilianacavani,DFFC
Liliane Bettencourt,lilianebettencourt,Celeb
Liliane Saint-Pierre,lilianesaintpierre,DFFC
Lilit Mkrtchian,lilitmkrtchian,DFFC
Lilli Schwarzkopf,lillischwarzkopf,DFFC
Lilly Ledbetter,lillyledbetter,DFFC
Lilly Singh,lillysingh,DFFC
Lily Allen,lilyallen,DFFC
Lily Berglund,lilyberglund,DFFC
Lily Cole,lilycole,Celeb
Lily Collins,lilycollins,Celeb
Lily Donaldson,lilydonaldson,DFFC
Lily Rose Allen,lilyroseallen,Celeb
Lily Tomlin,lilytomlin,DFFC
Lim Kok Thay,limkokthay,Celeb
Lim Kyung-hee,limkyunghee,DFFC
Lim Yo-hwan,limyohwan,DFFC
Limahl,limahl,Celeb
Lin Chia-ying,linchiaying,DFFC
Lina Leandersson,linaleandersson,DFFC
Lina María Moreno Mejía,linamaramorenomeja,DFFC
Lina Nilsson,linanilsson,DFFC
Lina Sands,linasands,Celeb
Lina Shekhovtsova,linashekhovtsova,Celeb
Linas Kleiza,linaskleiza,DFFC
Lincoln Peirce,lincolnpeirce,DFFC
Linda Ballantyne,lindaballantyne,DFFC
Linda Barker,lindabarker,DFFC
Linda Blair,lindablair,Celeb
Linda Cardellini,lindacardellini,DFFC
Linda Darnell,lindadarnell,Celeb
Linda Eder,lindaeder,Celeb
Linda Evangelista,lindaevangelista,Celeb
Linda Greenhouse,lindagreenhouse,DFFC
Linda Grubben,lindagrubben,DFFC
Linda Hamilton,lindahamilton,DFFC
Linda Harrison,lindaharrison,Celeb
Linda Hunt,lindahunt,Celeb
Linda Jackson,lindajackson,DFFC
Linda Johnson,lindajohnson,DFFC
Linda Lavin,lindalavin,DFFC
Linda Martin,lindamartin,DFFC
Linda McCartney,lindamccartney,DFFC
Linda Perry,lindaperry,DFFC
Linda Stahl,lindastahl,DFFC
Linda Thelenius,lindathelenius,DFFC
Linda Thom,lindathom,DFFC
Linda Thompson,lindathompson,Celeb
Linda Valori,lindavalori,DFFC
Linda Vojtova,lindavojtova,Celeb
Linda Wessberg,lindawessberg,DFFC
Lindsay Davis,lindsaydavis,DFFC
Lindsay Dawson,lindsaydawson,DFFC
Lindsay Ellingson,lindsayellingson,Celeb
Lindsay Gottlieb,lindsaygottlieb,DFFC
Lindsay McCaul,lindsaymccaul,DFFC
Lindsay Price,lindsayprice,DFFC
Lindsay Sloane,lindsaysloane,Celeb
Lindsay Urwin,lindsayurwin,DFFC
Lindsay Wagner,lindsaywagner,Celeb
Lindsey Buckingham,lindseybuckingham,DFFC
Lindsey Carmichael,lindseycarmichael,DFFC
Lindsey Hunter,lindseyhunter,DFFC
Lindsey Strutt,lindseystrutt,Celeb
Lindsey Vonn,lindseyvonn,Celeb
Lindsey Wixson,lindseywixson,DFFC
Line,line,DFFC
Linford Christie,linfordchristie,DFFC
Linlin,linlin,DFFC
Linsey Dawn McKenzie,linseydawnmckenzie,DFFC
Linton Kwesi Johnson,lintonkwesijohnson,DFFC
Linus Gerdemann,linusgerdemann,DFFC
Linus Malmqvist,linusmalmqvist,DFFC
Lionel Blair,lionelblair,DFFC
Lioness Asuka,lionessasuka,DFFC
Lior Ron,liorron,DFFC
Lippy Lipshitz,lippylipshitz,DFFC
Liraz Dror,lirazdror,Celeb
Lis Vega,lisvega,Celeb
Lisa Ann Walter,lisaannwalter,DFFC
Lisa Bero,lisabero,DFFC
Lisa Cant,lisacant,Celeb
Lisa Casalino,lisacasalino,DFFC
Lisa Cazzulimi,lisacazzulimi,Celeb
Lisa DAmato,lisadamato,Celeb
Lisa Edelstein,lisaedelstein,DFFC
Lisa Faulkner,lisafaulkner,Celeb
Lisa Foiles,lisafoiles,Celeb
Lisa Gerrard,lisagerrard,Celeb
Lisa Graham Keegan,lisagrahamkeegan,DFFC
Lisa Hannigan,lisahannigan,Celeb
Lisa Hartman,lisahartman,Celeb
Lisa Harvey,lisaharvey,DFFC
Lisa I'Anson,lisaianson,DFFC
Lisa Joann Thompson,lisajoannthompson,DFFC
Lisa Lampanelli,lisalampanelli,DFFC
Lisa Marie Scott,lisamariescott,Celeb
Lisa Marie Varon,lisamarievaron,DFFC
Lisa Martinek,lisamartinek,Celeb
Lisa McIntosh,lisamcintosh,DFFC
Lisa Nemec,lisanemec,DFFC
Lisa Niemi,lisaniemi,DFFC
Lisa Origliasso,lisaorigliasso,Celeb
Lisa Ray,lisaray,DFFC
Lisa Rinna,lisarinna,DFFC
Lisa Scott-Lee,lisascottlee,DFFC
Lisa Seiffert,lisaseiffert,Celeb
Lisa Snowdon,lisasnowdon,Celeb
Lisa Stelly,lisastelly,Celeb
Lisa Tomaschewsky,lisatomaschewsky,DFFC
Lisa Tuttle,lisatuttle,DFFC
Lisa Uhl,lisauhl,DFFC
Lisa Vidal,lisavidal,DFFC
Lisa Vitting,lisavitting,DFFC
Lisa Westerhof,lisawesterhof,Celeb
Lisa Wilcox,lisawilcox,DFFC
Lisbet Lundquist,lisbetlundquist,DFFC
Lise Haavik,lisehaavik,DFFC
Lise Mayer,lisemayer,DFFC
Lisle Ellis,lisleellis,DFFC
Lissy,lissy,DFFC
List of supercentenarians from the United States,listofsupercentenariansfromtheunitedstates,DFFC
Lita,lita,DFFC
Lita Ford,litaford,DFFC
Lito Sheppard,litosheppard,DFFC
Little Boots,littleboots,Celeb
Little Richard,littlerichard,DFFC
Little Sammy Davis,littlesammydavis,DFFC
Little Willie John,littlewilliejohn,DFFC
Liu Jia,liujia,DFFC
Liu Liyang,liuliyang,DFFC
Liv Boeree,livboeree,DFFC
Liv Grete Skjelbreid Poirée,livgreteskjelbreidpoire,DFFC
Liv Tyler,livtyler,DFFC
Livia Brito,liviabrito,Celeb
Livia Giuggioli,liviagiuggioli,Celeb
Livio Jean-Charles,liviojeancharles,DFFC
Liya Kebede,liyakebede,DFFC
Liz Goldwyn,lizgoldwyn,Celeb
Liz Kershaw,lizkershaw,DFFC
Liz Murray,lizmurray,DFFC
Liz Phair,lizphair,DFFC
Liz Renay,lizrenay,Celeb
Liz Solari,lizsolari,Celeb
Liza Manili,lizamanili,DFFC
Lizabeth Scott,lizabethscott,Celeb
Lizz Tayler,lizztayler,DFFC
Lizzi Benites,lizzibenites,Celeb
Lizzie Grubman,lizziegrubman,DFFC
Lizzy Caplan,lizzycaplan,DFFC
Lizé Santana,lizsantana,DFFC
Liédson,lidson,DFFC
Ljubodrag Simonović,ljubodragsimonovi,DFFC
Ljubomir Ljubojević,ljubomirljubojevi,DFFC
Lliam Webster,lliamwebster,DFFC
Lloyd Carr,lloydcarr,DFFC
Lloyd Daniels,lloyddaniels,Celeb
Lloyd Langford,lloydlangford,DFFC
Lloyd Maines,lloydmaines,DFFC
Lloyd Mondory,lloydmondory,DFFC
Lloyd Price,lloydprice,DFFC
Lloyd Williams,lloydwilliams,DFFC
Lluís Homar,llushomar,DFFC
Lo Bosworth,lobosworth,DFFC
Lobke Berkhout,lobkeberkhout,Celeb
Lobão,lobo,DFFC
Lochlyn Munro,lochlynmunro,Celeb
Lockett Pundt,lockettpundt,DFFC
Lodewijk Bruckman,lodewijkbruckman,DFFC
Loek van Wely,loekvanwely,DFFC
Loes Luca,loesluca,DFFC
Logan Browning,loganbrowning,DFFC
Logan Henderson,loganhenderson,DFFC
Logan Lerman,loganlerman,DFFC
Logan Marshall-Green,loganmarshallgreen,Celeb
Logan Paulsen,loganpaulsen,DFFC
Logan Payne,loganpayne,DFFC
Lois Chiles,loischiles,Celeb
Lois Duncan,loisduncan,DFFC
Lois Johnson,loisjohnson,DFFC
Lois Lowry,loislowry,DFFC
Lola Ponce,lolaponce,Celeb
Lola Van Wagenen,lolavanwagenen,Celeb
Lolene,lolene,DFFC
Lolo Jones,lolojones,Celeb
London Fletcher,londonfletcher,DFFC
Lonneke Engel,lonnekeengel,Celeb
Lonnie Mack,lonniemack,DFFC
Lonwabo Tsotsobe,lonwabotsotsobe,DFFC
Lord David Cecil,lorddavidcecil,DFFC
Lord Nicholas Hervey,lordnicholashervey,DFFC
Lord Nicholas Windsor,lordnicholaswindsor,DFFC
Loredana Chivu,loredanachivu,Celeb
Loredana Nusciak,loredananusciak,DFFC
Lorena Ayala,lorenaayala,Celeb
Lorena Bueri,lorenabueri,Celeb
Lorena Herrera,lorenaherrera,Celeb
Lorena Ochoa,lorenaochoa,DFFC
Lorena Rojas,lorenarojas,Celeb
Lorena Zaffalon,lorenazaffalon,DFFC
Lorenza Alessandrini,lorenzaalessandrini,DFFC
Lorenzi Paolo,lorenzipaolo,Celeb
Lorenzo Cain,lorenzocain,DFFC
Lorenzo Gilyard,lorenzogilyard,DFFC
Lorenzo Giustino,lorenzogiustino,DFFC
Lorenzo Insigne,lorenzoinsigne,DFFC
Lorenzo Juarros García,lorenzojuarrosgarca,DFFC
Lorenzo Lamas,lorenzolamas,Celeb
Lorenzo Melgarejo,lorenzomelgarejo,DFFC
Lorenzo Neal,lorenzoneal,DFFC
Lorenzo Taliaferro,lorenzotaliaferro,DFFC
Lorenzo Zambrano,lorenzozambrano,DFFC
Loretta Devine,lorettadevine,DFFC
Lori Loughlin,loriloughlin,DFFC
Lori Nelson,lorinelson,Celeb
Lori Peters,loripeters,DFFC
Lorie,lorie,DFFC
Lorik Cana,lorikcana,Celeb
Loris Francesco Capovilla,lorisfrancescocapovilla,DFFC
Lornah Kiplagat,lornahkiplagat,DFFC
Lorraine Bowen,lorrainebowen,DFFC
Lorraine Bracco,lorrainebracco,DFFC
Lorraine Stewart,lorrainestewart,Celeb
Lorraine Toussaint,lorrainetoussaint,DFFC
Lorraine Van Wyk,lorrainevanwyk,Celeb
Lorrie Morgan,lorriemorgan,DFFC
Lorrie Sprecher,lorriesprecher,DFFC
Lotta Lotass,lottalotass,DFFC
Lotta Lundgren,lottalundgren,DFFC
Lou Amundson,louamundson,DFFC
Lou Butera,loubutera,DFFC
Lou Diamond Phillips,loudiamondphillips,Celeb
Lou Dobbs,loudobbs,DFFC
Lou Doillon,loudoillon,Celeb
Lou Ferrigno,louferrigno,DFFC
Lou Ferry,louferry,DFFC
Lou Groza,lougroza,DFFC
Lou Kretlow,loukretlow,DFFC
Lou Marson,loumarson,DFFC
Lou Reed,loureed,DFFC
Lou Rymkus,lourymkus,DFFC
Lou Taylor Pucci,loutaylorpucci,Celeb
Lou Williams,louwilliams,DFFC
Lou Yue,louyue,DFFC
Lou de Laâge,loudelage,DFFC
Louis Briscoe,louisbriscoe,DFFC
Louis CK,louisck,Both
Louis Delmas,louisdelmas,DFFC
Louis Euzet,louiseuzet,DFFC
Louis Fenton,louisfenton,DFFC
Louis Garrel,louisgarrel,Celeb
Louis Gossett,louisgossett,Celeb
Louis Labeyrie,louislabeyrie,DFFC
Louis Moult,louismoult,DFFC
Louis Nirenberg,louisnirenberg,DFFC
Louis Nix,louisnix,DFFC
Louis Saha,louissaha,DFFC
Louis Schweitzer,louisschweitzer,DFFC
Louis Tomlinson,louistomlinson,Celeb
Louis Vasquez,louisvasquez,DFFC
Louis Walsh,louiswalsh,Celeb
Louis-Marie De Castelbajac,louismariedecastelbajac,Celeb
Louisa Lytton,louisalytton,Celeb
Louise Bourgoin,louisebourgoin,DFFC
Louise Brealey,louisebrealey,DFFC
Louise DTuani,louisedtuani,Celeb
Louise Doughty,louisedoughty,DFFC
Louise Epstein,louiseepstein,DFFC
Louise Friberg,louisefriberg,DFFC
Louise Griffiths,louisegriffiths,Celeb
Louise Hoffsten,louisehoffsten,DFFC
Louise Jameson,louisejameson,Celeb
Louise Minchin,louiseminchin,DFFC
Louise Penny,louisepenny,DFFC
Louise Pentland,louisepentland,DFFC
Louise Redknapp,louiseredknapp,DFFC
Louise Roe,louiseroe,Celeb
Louise Simonson,louisesimonson,DFFC
Louise Stahle,louisestahle,DFFC
Louise Walden,louisewalden,DFFC
Loukas Vyntra,loukasvyntra,DFFC
Love Antell,loveantell,DFFC
Lovi Poe,lovipoe,Celeb
Lovie Smith,loviesmith,DFFC
Lowell Perry,lowellperry,DFFC
Loyd Grossman,loydgrossman,DFFC
Loïc Costerg,loccosterg,DFFC
Loïc Nottet,locnottet,DFFC
Lua Blanco,luablanco,Celeb
Luana Piovani,luanapiovani,Celeb
Luba Goy,lubagoy,Celeb
Luboš Kalouda,lubokalouda,DFFC
Luboš Motl,lubomotl,DFFC
Luc Abalo,lucabalo,Celeb
Luc Besson,lucbesson,DFFC
Luc Carl,luccarl,Celeb
Luc De Vos,lucdevos,DFFC
Luca Antonini,lucaantonini,DFFC
Luca Badoer,lucabadoer,DFFC
Luca Banchi,lucabanchi,DFFC
Luca Brecel,lucabrecel,DFFC
Luca Caldirola,lucacaldirola,DFFC
Luca Hänni,lucahnni,DFFC
Luca Lanotte,lucalanotte,DFFC
Luca Princiotta,lucaprinciotta,DFFC
Luca Tesconi,lucatesconi,DFFC
Lucas Black,lucasblack,Celeb
Lucas Cruikshank,lucascruikshank,Celeb
Lucas Digne,lucasdigne,DFFC
Lucas Dos Santos Rocha Da Silva,lucasdossantosrochadasilva,DFFC
Lucas Liss,lucasliss,DFFC
Lucas Makowsky,lucasmakowsky,DFFC
Lucas Miedler,lucasmiedler,DFFC
Lucas Mutinelli,lucasmutinelli,Celeb
Lucas Neill,lucasneill,DFFC
Lucas Nogueira,lucasnogueira,DFFC
Lucas Piazon,lucaspiazon,DFFC
Lucas Prado,lucasprado,DFFC
Lucas di Grassi,lucasdigrassi,DFFC
Lucero,lucero,Celeb
Luci Baines Johnson,lucibainesjohnson,DFFC
Lucia Anger,luciaanger,DFFC
Lucia Bose,luciabose,Celeb
Lucia Dvorska,luciadvorska,Celeb
Lucia Kimani,luciakimani,DFFC
Lucia Poli,luciapoli,DFFC
Lucia Rijker,luciarijker,DFFC
Luciana Aymar,lucianaaymar,DFFC
Luciana Curtis,lucianacurtis,Celeb
Luciana Salazar,lucianasalazar,Celeb
Lucie Decosse,luciedecosse,Celeb
Lucie Myslivečková,luciemyslivekov,DFFC
Lucie Vondráčková,lucievondrkov,DFFC
Lucien Favre,lucienfavre,DFFC
Lucille Bremer,lucillebremer,DFFC
Lucinda Rosenfeld,lucindarosenfeld,DFFC
Lucius Shepard,luciusshepard,DFFC
Luck Mervil,luckmervil,DFFC
Lucky Dube,luckydube,Celeb
Lucrezia Sinigaglia,lucreziasinigaglia,DFFC
Lucy Bayet,lucybayet,Celeb
Lucy Becker,lucybecker,Celeb
Lucy Benjamin,lucybenjamin,DFFC
Lucy Collett,lucycollett,DFFC
Lucy Garner,lucygarner,DFFC
Lucy Hale,lucyhale,DFFC
Lucy Knisley,lucyknisley,DFFC
Lucy Lawless,lucylawless,Celeb
Lucy Liu,lucyliu,DFFC
Lucy Martin,lucymartin,DFFC
Lucy Pinder,lucypinder,Celeb
Lucy Porter,lucyporter,DFFC
Lucy Punch,lucypunch,Celeb
Lucy Shuker,lucyshuker,DFFC
Lucy Worsley,lucyworsley,DFFC
Lucía Pérez,lucaprez,DFFC
Ludacris Chris Bridges,ludacrischrisbridges,Celeb
Ludmila Ferber,ludmilaferber,DFFC
Ludmila Velikova,ludmilavelikova,DFFC
Ludovic Bource,ludovicbource,DFFC
Lui Passaglia,luipassaglia,DFFC
Luigi Giorgi,luigigiorgi,DFFC
Luis Aguiar,luisaguiar,DFFC
Luis Aparicio,luisaparicio,DFFC
Luis Bonilla,luisbonilla,DFFC
Luis Bárcenas,luisbrcenas,DFFC
Luis Carlos Sarmiento,luiscarlossarmiento,Celeb
Luis Da Silva,luisdasilva,DFFC
Luis Fabiano,luisfabiano,Celeb
Luis Farell,luisfarell,DFFC
Luis Guzmán,luisguzmn,DFFC
Luis Ibáñez,luisibez,DFFC
Luis León Sánchez,luislensnchez,DFFC
Luis López Álvarez,luislpezlvarez,DFFC
Luis Manuel Molina,luismanuelmolina,DFFC
Luis Miguel,luismiguel,Celeb
Luis Nicolao,luisnicolao,DFFC
Luis Nishizawa,luisnishizawa,DFFC
Luis Pedro Figueroa,luispedrofigueroa,DFFC
Luis Prieto,luisprieto,DFFC
Luis Raúl,luisral,DFFC
Luis Rivera,luisrivera,DFFC
Luis Tiant,luistiant,DFFC
Luis Ángel Mendoza,luisngelmendoza,DFFC
Luisa Hartema,luisahartema,Celeb
Luisana Lopilato,luisanalopilato,Celeb
Luise Rainer,luiserainer,Celeb
Luiz Camargo,luizcamargo,DFFC
Luiz Felipe Scolari,luizfelipescolari,DFFC
Luiz Razia,luizrazia,DFFC
Luiza Freyesleben,luizafreyesleben,Celeb
Luiza Galiulina,luizagaliulina,DFFC
Luiza Valdetaro,luizavaldetaro,Celeb
Lujan Fernandez,lujanfernandez,Celeb
Luka Lalic,lukalalic,DFFC
Luka Mitrović,lukamitrovi,DFFC
Luka Modrić,lukamodri,DFFC
Luka Đorđević,lukaorevi,DFFC
Lukas Haas,lukashaas,Celeb
Lukas Königshofer,lukasknigshofer,DFFC
Lukas Moodysson,lukasmoodysson,DFFC
Lukas Podolski,lukaspodolski,Celeb
Lukas Rossi,lukasrossi,Celeb
Luke Ayling,lukeayling,DFFC
Luke Babbitt,lukebabbitt,DFFC
Luke Benward,lukebenward,Celeb
Luke Bilyk,lukebilyk,Celeb
Luke Bryan,lukebryan,Celeb
Luke Cain,lukecain,DFFC
Luke Chadwick,lukechadwick,DFFC
Luke Daniels,lukedaniels,DFFC
Luke Durbridge,lukedurbridge,DFFC
Luke Evans,lukeevans,DFFC
Luke Foster,lukefoster,DFFC
Luke Gazdic,lukegazdic,DFFC
Luke Getsy,lukegetsy,DFFC
Luke Goss,lukegoss,Celeb
Luke Hyam,lukehyam,DFFC
Luke Joeckel,lukejoeckel,DFFC
Luke Johnson,lukejohnson,DFFC
Luke Kirby,lukekirby,DFFC
Luke Kuechly,lukekuechly,DFFC
Luke Macfarlane,lukemacfarlane,DFFC
Luke Moore,lukemoore,DFFC
Luke Newberry,lukenewberry,DFFC
Luke O'Brien,lukeobrien,DFFC
Luke Pasqualino,lukepasqualino,Celeb
Luke Perry,lukeperry,DFFC
Luke Pritchard,lukepritchard,Celeb
Luke Richardson,lukerichardson,DFFC
Luke Roberts,lukeroberts,DFFC
Luke Rodgers,lukerodgers,DFFC
Luke Rooney,lukerooney,DFFC
Luke Saville,lukesaville,DFFC
Luke Summerfield,lukesummerfield,DFFC
Luke Williams,lukewilliams,DFFC
Luke Wilson,lukewilson,DFFC
Luke Witkowski,lukewitkowski,DFFC
Lukáš Csölley,lukcslley,DFFC
Lukáš Melich,lukmelich,DFFC
Lukáš Vácha,lukvcha,DFFC
Lulu,lulu,DFFC
Lulu Popplewell,lulupopplewell,DFFC
Luma de Oliveira,lumadeoliveira,DFFC
Luminor,luminor,Celeb
Luol Deng,luoldeng,Celeb
Lupe Fiasco,lupefiasco,DFFC
Lupe Ontiveros,lupeontiveros,Celeb
Lupe Velez,lupevelez,Celeb
Lupillo Rivera,lupillorivera,DFFC
Lurrie Bell,lurriebell,DFFC
Luther Dickinson,lutherdickinson,DFFC
Luther Vandross,luthervandross,Celeb
Lutz Aengevelt,lutzaengevelt,DFFC
Lux Interior,luxinterior,DFFC
Luz Elena Gonzalez,luzelenagonzalez,Celeb
Luz Whitney,luzwhitney,Celeb
Luís Eduardo Schmidt,luseduardoschmidt,DFFC
Luís Pérez Companc,lusprezcompanc,DFFC
Luíza Tomé,luzatom,DFFC
Lydia Hearst,lydiahearst,Celeb
Lydia Lunch,lydialunch,Celeb
Lyesse Laloui,lyesselaloui,DFFC
Lykke Li,lykkeli,Celeb
Lyle Overbay,lyleoverbay,DFFC
Lyn Moran,lynmoran,DFFC
Lynda Bird Johnson Robb,lyndabirdjohnsonrobb,DFFC
Lynda Boyd,lyndaboyd,DFFC
Lynda Holt,lyndaholt,DFFC
Lynda Weinman,lyndaweinman,DFFC
Lyndah Pizarro,lyndahpizarro,Celeb
Lyndon Johnson,lyndonjohnson,Celeb
Lyndsy Fonseca,lyndsyfonseca,Celeb
Lynn Chen,lynnchen,Celeb
Lynn Collins,lynncollins,Celeb
Lynn Conway,lynnconway,DFFC
Lynn Davies,lynndavies,DFFC
Lynn Johnston,lynnjohnston,DFFC
Lynn Redgrave,lynnredgrave,DFFC
Lynn Yeakel,lynnyeakel,DFFC
Lynne Brindley,lynnebrindley,DFFC
Lynne Frederick,lynnefrederick,Celeb
Lynsey Sharp,lynseysharp,DFFC
Lyubomir Kantonistov,lyubomirkantonistov,DFFC
Lyudmila Bragina,lyudmilabragina,DFFC
Lyudmila Kolchanova,lyudmilakolchanova,DFFC
Lyudmila Pakhomova,lyudmilapakhomova,DFFC
Lyudmila Postnova,lyudmilapostnova,DFFC
Lyudmila Zykina,lyudmilazykina,DFFC
Lyudmyla Yosypenko,lyudmylayosypenko,DFFC
László Bodrogi,lszlbodrogi,DFFC
László Krasznahorkai,lszlkrasznahorkai,DFFC
László Lovász,lszllovsz,DFFC
Läjä Äijälä,ljijl,DFFC
Léna Marrocco,lnamarrocco,DFFC
Léo Baptistão,lobaptisto,DFFC
Léo Jaime,lojaime,DFFC
Léonard Forest,lonardforest,DFFC
Lévy Madinda,lvymadinda,DFFC
Lê Quang Liêm,lquanglim,DFFC
Lília Cabral,lliacabral,DFFC
Lúcia Moniz,lciamoniz,DFFC
Lúcio,lcio,DFFC
Lütfiye Ercimen,ltfiyeercimen,DFFC
M Blaine Peterson,mblainepeterson,DFFC
M Emmet Walsh,memmetwalsh,DFFC
M Pokora,mpokora,Celeb
M Russell Ballard,mrussellballard,DFFC
MA Numminen,manumminen,DFFC
MC Frontalot,mcfrontalot,DFFC
MC HotDog,mchotdog,DFFC
MC Lyte,mclyte,Celeb
MC chris,mcchris,DFFC
MC-VA,mcva,DFFC
MD Parashar,mdparashar,DFFC
MH Douglas,mhdouglas,DFFC
MIA,mia,DFFC
MJ Hur,mjhur,DFFC
Ma Jack,majack,Celeb
Ma Jianfei,majianfei,DFFC
Ma Lin,malin,DFFC
Ma'ake Kemoeatu,maakekemoeatu,DFFC
Maarten Wynants,maartenwynants,DFFC
Mabel Gay,mabelgay,DFFC
Mac Barlow,macbarlow,DFFC
Mac King,macking,DFFC
Mac McAnally,macmcanally,DFFC
Macaulay Culkin,macaulayculkin,DFFC
Macha Méril,machamril,DFFC
Machine Gun Kelly,machinegunkelly,DFFC
Maciej Bodnar,maciejbodnar,DFFC
Maciej Cieplucha,maciejcieplucha,DFFC
Maciej Maleńczuk,maciejmaleczuk,DFFC
Maciej Paterski,maciejpaterski,DFFC
Maciej Skorża,maciejskora,DFFC
Maciej Stachowiak,maciejstachowiak,DFFC
Maciej Szczęsny,maciejszczsny,DFFC
Maciek Pysz,maciekpysz,DFFC
Mackenzie Lintz,mackenzielintz,DFFC
Mackenzie Phillips,mackenziephillips,Celeb
Mackenzie Rosman,mackenzierosman,Celeb
Macri Elena Velez Sanchez,macrielenavelezsanchez,Celeb
Macy Gray,macygray,Celeb
Madara Palameika,madarapalameika,DFFC
Maddison Elliott,maddisonelliott,DFFC
Maddy Prior,maddyprior,DFFC
Madeleine Carroll,madeleinecarroll,Celeb
Madeleine Martin,madeleinemartin,Celeb
Madeleine Peyroux,madeleinepeyroux,Celeb
Madeleine Stowe,madeleinestowe,Celeb
Madeline Carroll,madelinecarroll,Celeb
Madeline Kahn,madelinekahn,DFFC
Madeline Zima,madelinezima,Celeb
Madhavan,madhavan,Celeb
Madhavan Ayyappath,madhavanayyappath,DFFC
Madhuri Dixit,madhuridixit,DFFC
Madison Chock,madisonchock,DFFC
Madison Pettis,madisonpettis,Celeb
Madison Rayne,madisonrayne,DFFC
Madison de Rozario,madisonderozario,DFFC
Madita,madita,DFFC
Madlib,madlib,DFFC
Mads Dittmer Hvilsom,madsdittmerhvilsom,DFFC
Mads Mikkelsen,madsmikkelsen,DFFC
Mady Rahl,madyrahl,DFFC
Mae Jemison,maejemison,DFFC
Mae Murray,maemurray,Celeb
Mae Whitman,maewhitman,DFFC
Mae Young,maeyoung,DFFC
Maeve Binchy,maevebinchy,DFFC
Magali Amadei,magaliamadei,Celeb
Magalie Vaé,magalieva,DFFC
Magda Linette,magdalinette,DFFC
Magda Mielcarz,magdamielcarz,Celeb
Magda Szubanski,magdaszubanski,DFFC
Magdalena Boczarska,magdalenaboczarska,DFFC
Magdalena Forsberg,magdalenaforsberg,DFFC
Magdalena Frackowiak,magdalenafrackowiak,Celeb
Magdalena Neuner,magdalenaneuner,Celeb
Magdalena Ribbing,magdalenaribbing,DFFC
Magdalena Wrobel,magdalenawrobel,Celeb
Magdalena Zawadzka,magdalenazawadzka,DFFC
Maggi Caruthers,maggicaruthers,Celeb
Maggie Cheung,maggiecheung,DFFC
Maggie Gyllenhaal,maggiegyllenhaal,DFFC
Maggie Lawson,maggielawson,DFFC
Maggie Tabberer,maggietabberer,DFFC
Magglio Ordóñez,magglioordez,DFFC
Magne Furuholmen,magnefuruholmen,Celeb
Magnus Bahne,magnusbahne,DFFC
Magnus Hellberg,magnushellberg,DFFC
Magnus Nilsson,magnusnilsson,DFFC
Magnus Pääjärvi,magnuspjrvi,DFFC
Magomed Mirzabekov,magomedmirzabekov,DFFC
Magomed Ozdoyev,magomedozdoyev,DFFC
Mahalia Barnes,mahaliabarnes,DFFC
Mahdi Ali,mahdiali,DFFC
Mahiedine Mekhissi-Benabbad,mahiedinemekhissibenabbad,DFFC
Mahima Chaudhry,mahimachaudhry,Celeb
Mahir Sağlık,mahirsalk,DFFC
Mahmoud Dashti,mahmouddashti,DFFC
Mahmoud Karimi Sibaki,mahmoudkarimisibaki,DFFC
Mahmut Özen,mahmutzen,DFFC
Mai Aizawa,maiaizawa,DFFC
Mai Charoenpura,maicharoenpura,DFFC
Mai Hagiwara,maihagiwara,DFFC
Maia Mitchell,maiamitchell,DFFC
Maia Morgenstern,maiamorgenstern,DFFC
Maiara Walsh,maiarawalsh,Celeb
Maico Buncio,maicobuncio,DFFC
Maicon Marques,maiconmarques,DFFC
Maicon Pereira de Oliveira,maiconpereiradeoliveira,DFFC
Maicon Santos,maiconsantos,DFFC
Maija Vilkkumaa,maijavilkkumaa,DFFC
Maika Monroe,maikamonroe,Celeb
Maimuna,maimuna,DFFC
Mairead Maguire,maireadmaguire,DFFC
Maite Perroni,maiteperroni,Celeb
Maizie Williams,maiziewilliams,DFFC
Maj Sjöwall,majsjwall,DFFC
Maja Latinovic,majalatinovic,Celeb
Maja Salvador,majasalvador,DFFC
Majandra Delfino,majandradelfino,Celeb
Majid Jalali,majidjalali,DFFC
Makenzie Vega,makenzievega,Celeb
Makhaya Ntini,makhayantini,DFFC
Maki Horikita,makihorikita,Celeb
Makode Linde,makodelinde,DFFC
Makoto Fukui,makotofukui,DFFC
Makoto Kosaka,makotokosaka,DFFC
Makoto Okunaka,makotookunaka,DFFC
Makoto Shinkai,makotoshinkai,DFFC
Maksim Chmerkovskiy,maksimchmerkovskiy,Celeb
Maksim Demenko,maksimdemenko,DFFC
Maksim Kanunnikov,maksimkanunnikov,DFFC
Maksim Layushkin,maksimlayushkin,DFFC
Maksim Romaschenko,maksimromaschenko,DFFC
Maksim Shatskikh,maksimshatskikh,DFFC
Maksim Sidorov,maksimsidorov,DFFC
Maksym Kalynychenko,maksymkalynychenko,DFFC
Maksym Koval,maksymkoval,DFFC
Maky Soler,makysoler,Celeb
Mala Rodríguez,malarodrguez,DFFC
Malachy McCourt,malachymccourt,DFFC
Malaika Arora,malaikaarora,Celeb
Malala Yousafzai,malalayousafzai,DFFC
Malaury Martin,malaurymartin,DFFC
Malcolm Forsyth,malcolmforsyth,DFFC
Malcolm Goodwin,malcolmgoodwin,DFFC
Malcolm Jenkins,malcolmjenkins,DFFC
Malcolm McDowell,malcolmmcdowell,Celeb
Malcolm Ross,malcolmross,DFFC
Malcolm Subban,malcolmsubban,DFFC
Malcolm Thomas,malcolmthomas,DFFC
Malcolm-Jamal Warner,malcolmjamalwarner,DFFC
Malcom Floyd,malcomfloyd,DFFC
Malena Costa,malenacosta,Celeb
Malena Solda,malenasolda,Celeb
Malese Jow,malesejow,DFFC
Malgorzata Bela,malgorzatabela,Celeb
Malgorzata Rozenek,malgorzatarozenek,Celeb
MaliVai Washington,malivaiwashington,DFFC
Malik Bendjelloul,malikbendjelloul,DFFC
Malik Fathi,malikfathi,DFFC
Malik Jackson,malikjackson,DFFC
Malik Yoba,malikyoba,Celeb
Malika Oufkir,malikaoufkir,DFFC
Malin Gerdin,malingerdin,DFFC
Malin Reitan,malinreitan,Celeb
Malin Reuterwall,malinreuterwall,DFFC
Malin Åkerman,malinkerman,DFFC
Malina Joshi,malinajoshi,DFFC
Malinda Damgaard,malindadamgaard,DFFC
Malinda Williams,malindawilliams,DFFC
Malky Mackay,malkymackay,DFFC
Mallex Smith,mallexsmith,DFFC
Mallika Sherawat,mallikasherawat,Celeb
Mallory Hagan,malloryhagan,DFFC
Mallory Snyder,mallorysnyder,Celeb
Malou von Sivers,malouvonsivers,DFFC
Malvind Benning,malvindbenning,DFFC
Mamadou Konate,mamadoukonate,DFFC
Mamadou Zaré,mamadouzar,DFFC
Mamen Sanz,mamensanz,Celeb
Mami Kudo,mamikudo,DFFC
Mami Yamasaki,mamiyamasaki,Celeb
Mamie Rearden,mamierearden,DFFC
Mamrie Hart,mamriehart,DFFC
Mamta Mohandas,mamtamohandas,DFFC
Mana the Polynesian Warrior,manathepolynesianwarrior,DFFC
Manabu Murakami,manabumurakami,DFFC
Manabu Nakanishi,manabunakanishi,DFFC
Manabu Soya,manabusoya,DFFC
Manan Trivedi,manantrivedi,DFFC
Manasi Moghe,manasimoghe,DFFC
Manav Kaul,manavkaul,DFFC
Mandar Rao Desai,mandarraodesai,DFFC
Mandingo,mandingo,DFFC
Mandy Graff,mandygraff,Celeb
Mandy Moore,mandymoore,DFFC
Mandy Smith,mandysmith,Celeb
Mandy Wei,mandywei,DFFC
Maneet Chauhan,maneetchauhan,DFFC
Mani Ratnam,maniratnam,DFFC
Manish Paul,manishpaul,DFFC
Manisha Koirala,manishakoirala,Celeb
Manivannan,manivannan,Celeb
Manny Aparicio,mannyaparicio,DFFC
Manny Fernandez,mannyfernandez,DFFC
Manny Gonzalez,mannygonzalez,DFFC
Manny Harris,mannyharris,DFFC
Manny Lawson,mannylawson,DFFC
Manny Legace,mannylegace,DFFC
Manny Malhotra,mannymalhotra,DFFC
Manny Pacquiao,mannypacquiao,Celeb
Manny Ramirez,mannyramirez,DFFC
Manny Sanguillén,mannysanguilln,DFFC
Manoj Pandit,manojpandit,DFFC
Mansoor al-Jamri,mansooraljamri,DFFC
Manu Bennett,manubennett,Celeb
Manu Chao,manuchao,DFFC
Manu Gavassi,manugavassi,Celeb
Manu Ginóbili,manuginbili,DFFC
Manu Herrera,manuherrera,DFFC
Manuel Fernandes,manuelfernandes,DFFC
Manuel Fumic,manuelfumic,Celeb
Manuel Pasqual,manuelpasqual,DFFC
Manuel Raga,manuelraga,DFFC
Manuela Arbelaez,manuelaarbelaez,Celeb
Manuela Arcuri,manuelaarcuri,Celeb
Manuela Bosco,manuelabosco,DFFC
Manuela Mölgg,manuelamlgg,DFFC
Manuela Stanukova,manuelastanukova,DFFC
Manute Bol,manutebol,DFFC
Mapei,mapei,DFFC
MarQueis Gray,marqueisgray,DFFC
Mara Abbott,maraabbott,DFFC
Mara Corday,maracorday,Celeb
Mara Lane,maralane,Celeb
Marama Vahirua,maramavahirua,DFFC
Marayke Jonkers,maraykejonkers,DFFC
Marc Almond,marcalmond,DFFC
Marc Andreyko,marcandreyko,DFFC
Marc Bernaus,marcbernaus,DFFC
Marc Blucas,marcblucas,DFFC
Marc Bolan,marcbolan,DFFC
Marc Brown,marcbrown,DFFC
Marc Burns,marcburns,DFFC
Marc Caro,marccaro,DFFC
Marc Carroll,marccarroll,DFFC
Marc Cherry,marccherry,DFFC
Marc Crawford,marccrawford,DFFC
Marc Ecko,marcecko,DFFC
Marc Gasol,marcgasol,Celeb
Marc Goos,marcgoos,DFFC
Marc Horowitz,marchorowitz,DFFC
Marc Iavaroni,marciavaroni,DFFC
Marc Jacobs,marcjacobs,Celeb
Marc Kudisch,marckudisch,DFFC
Marc Leishman,marcleishman,DFFC
Marc Martel,marcmartel,DFFC
Marc Methot,marcmethot,DFFC
Marc Muniesa,marcmuniesa,DFFC
Marc Newson,marcnewson,DFFC
Marc Okrand,marcokrand,DFFC
Marc Richards,marcrichards,DFFC
Marc Riley,marcriley,DFFC
Marc Shaiman,marcshaiman,DFFC
Marc Silvestri,marcsilvestri,DFFC
Marc Sinden,marcsinden,DFFC
Marc Sleen,marcsleen,DFFC
Marc Terenzi,marcterenzi,Celeb
Marc Tierney,marctierney,DFFC
Marc Tyler,marctyler,DFFC
Marc Wilson,marcwilson,DFFC
Marc Zwiebler,marczwiebler,Celeb
Marc-André Cliche,marcandrcliche,DFFC
Marc-André Kruska,marcandrkruska,DFFC
Marc-Antoine Fortuné,marcantoinefortun,DFFC
Marcedes Lewis,marcedeslewis,DFFC
Marcel Appiah,marcelappiah,DFFC
Marcel Kittel,marcelkittel,DFFC
Marcel Mathis,marcelmathis,DFFC
Marcel Metoua,marcelmetoua,DFFC
Marcel Reece,marcelreece,DFFC
Marcel Sieberg,marcelsieberg,DFFC
Marcel Siem,marcelsiem,DFFC
Marcela Gándara,marcelagndara,DFFC
Marcell Dareus,marcelldareus,DFFC
Marcella Bella,marcellabella,DFFC
Marcella Tonioli,marcellatonioli,DFFC
Marcelle Bittar,marcellebittar,Celeb
Marcello Ferrada de Noli,marcelloferradadenoli,DFFC
Marcello Fiasconaro,marcellofiasconaro,DFFC
Marcello Mastroianni,marcellomastroianni,Celeb
Marcelo Bielsa,marcelobielsa,DFFC
Marcelo Bordon,marcelobordon,DFFC
Marcelo Díaz,marcelodaz,DFFC
Marcelo Ferreira,marceloferreira,DFFC
Marcelo Huertas,marcelohuertas,DFFC
Marcelo Lomba,marcelolomba,DFFC
Marcelo Tas,marcelotas,DFFC
Marcia Ball,marciaball,DFFC
Marcia Clark,marciaclark,Celeb
Marcia Wallace,marciawallace,DFFC
Marcial Gómez Parejo,marcialgmezparejo,DFFC
Marcie Bolen,marciebolen,DFFC
Marcin Gortat,marcingortat,DFFC
Marcin Lewandowski,marcinlewandowski,DFFC
Marcin Rozynek,marcinrozynek,DFFC
Marco Andretti,marcoandretti,DFFC
Marco Antonio Barrera,marcoantoniobarrera,DFFC
Marco Antonio Solís,marcoantoniosols,DFFC
Marco Aponte,marcoaponte,DFFC
Marco Beltrami,marcobeltrami,DFFC
Marco Benassi,marcobenassi,DFFC
Marco Bernacci,marcobernacci,DFFC
Marco Bizot,marcobizot,DFFC
Marco Borsato,marcoborsato,Celeb
Marco Carta,marcocarta,DFFC
Marco Cecchinato,marcocecchinato,DFFC
Marco Delgado,marcodelgado,DFFC
Marco Djuricin,marcodjuricin,DFFC
Marco Ferrante,marcoferrante,DFFC
Marco Malvaldi,marcomalvaldi,DFFC
Marco Marcato,marcomarcato,DFFC
Marco Marra,marcomarra,DFFC
Marco Mengoni,marcomengoni,DFFC
Marco Orsi,marcoorsi,DFFC
Marco Pantani,marcopantani,DFFC
Marco Ramos,marcoramos,DFFC
Marco Reus,marcoreus,DFFC
Marco Schällibaum,marcoschllibaum,DFFC
Marco Streller,marcostreller,DFFC
Marco Tardelli,marcotardelli,DFFC
Marco Torsiglieri,marcotorsiglieri,DFFC
Marco Traniello,marcotraniello,DFFC
Marco Trungelliti,marcotrungelliti,DFFC
Marco Ureña,marcourea,DFFC
Marco Verratti,marcoverratti,DFFC
Marco di Carli,marcodicarli,Celeb
Marcos Antônio Malachias Júnior,marcosantniomalachiasjnior,DFFC
Marcos Galperin,marcosgalperin,DFFC
Marcos Pizzelli,marcospizzelli,DFFC
Marcus Agius,marcusagius,DFFC
Marcus Allbäck,marcusallbck,DFFC
Marcus Birro,marcusbirro,DFFC
Marcus Björk,marcusbjrk,DFFC
Marcus Brown,marcusbrown,DFFC
Marcus Browning,marcusbrowning,DFFC
Marcus Burghardt,marcusburghardt,DFFC
Marcus Collins,marcuscollins,DFFC
Marcus Dunstan,marcusdunstan,DFFC
Marcus Ericsson,marcusericsson,DFFC
Marcus Fizer,marcusfizer,DFFC
Marcus Ginyard,marcusginyard,DFFC
Marcus Grönholm,marcusgrnholm,DFFC
Marcus Kelly,marcuskelly,DFFC
Marcus LeVesseur,marcuslevesseur,DFFC
Marcus Lee,marcuslee,DFFC
Marcus Mumford,marcusmumford,DFFC
Marcus Paschal,marcuspaschal,DFFC
Marcus Sahlman,marcussahlman,DFFC
Marcus Samuelsson,marcussamuelsson,DFFC
Marcus Schenkenberg,marcusschenkenberg,Celeb
Marcus Thames,marcusthames,DFFC
Marcus Thornton,marcusthornton,DFFC
Marcus Vick,marcusvick,DFFC
Marcus Williams,marcuswilliams,DFFC
Marcus du Sautoy,marcusdusautoy,DFFC
Marcy Rylan,marcyrylan,Celeb
Mardy Collins,mardycollins,DFFC
Mardy Fish,mardyfish,DFFC
Mare Winningham,marewinningham,DFFC
Marek Hamšík,marekhamk,DFFC
Marek Heinz,marekheinz,DFFC
Marek Melenovský,marekmelenovsk,DFFC
Marek Rutkiewicz,marekrutkiewicz,DFFC
Marek Saganowski,mareksaganowski,DFFC
Marek Židlický,marekidlick,DFFC
Marg Helgenberger,marghelgenberger,Celeb
Margalita Chakhnashvili,margalitachakhnashvili,DFFC
Margaret Catley-Carlson,margaretcatleycarlson,DFFC
Margaret Geller,margaretgeller,DFFC
Margaret Hamilton,margarethamilton,DFFC
Margaret Nolan,margaretnolan,Celeb
Margaret OBrien,margaretobrien,Celeb
Margaret Olley,margaretolley,DFFC
Margaret Truman,margarettruman,DFFC
Margaret Whitlam,margaretwhitlam,DFFC
Margareth Madè,margarethmad,DFFC
Margarethe von Trotta,margarethevontrotta,DFFC
Margarita Gasparyan,margaritagasparyan,DFFC
Margarita Levieva,margaritalevieva,Celeb
Margherita Bagni,margheritabagni,DFFC
"Margherita, Archduchess of Austria-Este",margheritaarchduchessofaustriaeste,DFFC
Margi Vijayakumar,margivijayakumar,DFFC
Margo Harshman,margoharshman,Celeb
Margot Adler,margotadler,DFFC
Margot Boer,margotboer,DFFC
Margot Kidder,margotkidder,Celeb
Margot Robbie,margotrobbie,DFFC
Margrét Lára Viðarsdóttir,margrtlraviarsdttir,DFFC
Marguerite Chapman,margueritechapman,Celeb
Marguerite Moreau,margueritemoreau,DFFC
Margus Hunt,margushunt,DFFC
Mari Abe,mariabe,Celeb
Mari Hemmer,marihemmer,DFFC
Mari Laukkanen,marilaukkanen,DFFC
Mari Motohashi,marimotohashi,DFFC
Mari Törőcsik,maritrcsik,DFFC
Mari Vartmann,marivartmann,DFFC
Maria Alexandrova,mariaalexandrova,DFFC
Maria Altmann,mariaaltmann,DFFC
Maria Aragon,mariaaragon,DFFC
Maria Belibasaki,mariabelibasaki,DFFC
Maria Bierk,mariabierk,Celeb
Maria Ehrich,mariaehrich,DFFC
Maria Elena Swett,mariaelenaswett,Celeb
Maria Elisa Camargo,mariaelisacamargo,Celeb
Maria Enrica Spacca,mariaenricaspacca,DFFC
Maria Eriksson,mariaeriksson,DFFC
Maria Felix,mariafelix,Celeb
Maria Franziska von Trapp,mariafranziskavontrapp,DFFC
Maria Furtwangler,mariafurtwangler,Celeb
Maria Gabriela De Faria,mariagabrieladefaria,Celeb
Maria Goretti,mariagoretti,DFFC
Maria Grazia Buccella,mariagraziabuccella,DFFC
Maria Grazia Cucinotta,mariagraziacucinotta,Celeb
Maria Hinojosa,mariahinojosa,DFFC
Maria Ho,mariaho,DFFC
Maria Itkina,mariaitkina,DFFC
Maria João Koehler,mariajookoehler,DFFC
Maria Kanellis,mariakanellis,DFFC
Maria Kharenkova,mariakharenkova,DFFC
Maria Kühn,mariakhn,DFFC
Maria McCool,mariamccool,DFFC
Maria Mena,mariamena,Celeb
Maria Menounos,mariamenounos,Celeb
Maria Montazami,mariamontazami,DFFC
Maria Nosulia,marianosulia,DFFC
Maria Ozawa,mariaozawa,Celeb
Maria Pietilä Holmner,mariapietilholmner,DFFC
Maria Radner,mariaradner,DFFC
Maria Sansone,mariasansone,DFFC
Maria Schneider,mariaschneider,Celeb
Maria Semple,mariasemple,DFFC
Maria Sharapova,mariasharapova,DFFC
Maria Solheim,mariasolheim,DFFC
Maria Susini,mariasusini,Celeb
Maria Thayer,mariathayer,DFFC
Maria Vicol,mariavicol,DFFC
Maria Walliser,mariawalliser,DFFC
Maria Zilda Bethlem,mariazildabethlem,DFFC
Maria Zuber,mariazuber,DFFC
Maria de Medeiros,mariademedeiros,Celeb
Mariacarla Boscono,mariacarlaboscono,Celeb
Mariah Rocha,mariahrocha,Celeb
Mariama Signate,mariamasignate,Celeb
Marian Rivera,marianrivera,Celeb
Mariana Brochado,marianabrochado,DFFC
Mariana Klaveno,marianaklaveno,Celeb
Mariana Marcki,marianamarcki,Celeb
Mariana Rios,marianarios,Celeb
Marianna Vertinskaya,mariannavertinskaya,Celeb
Marianne Aminoff,marianneaminoff,DFFC
Marianne Faithfull,mariannefaithfull,DFFC
Marianne Jean Baptiste,mariannejeanbaptiste,Celeb
Marianne Skarpnord,marianneskarpnord,DFFC
Marianne Vos,mariannevos,DFFC
Maribel Verdu,maribelverdu,Celeb
Marie Amachoukeli,marieamachoukeli,DFFC
Marie Fredriksson,mariefredriksson,Celeb
Marie Gillain,mariegillain,DFFC
Marie Laforet,marielaforet,Celeb
Marie Lindberg,marielindberg,DFFC
Marie Lu,marielu,DFFC
Marie Marchand-Arvier,mariemarchandarvier,DFFC
Marie McCray,mariemccray,DFFC
Marie Muller,mariemuller,Celeb
Marie Osmond,marieosmond,DFFC
Marie Payet,mariepayet,Celeb
Marie Serneholt,marieserneholt,Celeb
Marie Wilson,mariewilson,Celeb
Marie-France Pisier,mariefrancepisier,DFFC
Marie-Jose Nat,mariejosenat,Celeb
Marie-Laure Delie,marielauredelie,DFFC
Marie-Louise Meilleur,marielouisemeilleur,DFFC
Marie-Ève Pelletier,marievepelletier,DFFC
Mariella Ahrens,mariellaahrens,Celeb
Marieta Zukowska,marietazukowska,Celeb
Marietta Chrousala,mariettachrousala,Celeb
Marija Vujovic,marijavujovic,Celeb
Marijane Meaker,marijanemeaker,DFFC
Mariko Okada,marikookada,DFFC
Marilu Henner,mariluhenner,Celeb
Marily dos Santos,marilydossantos,DFFC
Marilyn,marilyn,DFFC
Marilyn Chambers,marilynchambers,DFFC
Marilyn Crispell,marilyncrispell,DFFC
Marilyn Jaye Lewis,marilynjayelewis,DFFC
Marilyn Kaytor,marilynkaytor,DFFC
Marilyn Manson,marilynmanson,DFFC
Marilyn Maxwell,marilynmaxwell,Celeb
Marilyn Okoro,marilynokoro,DFFC
Marin Hinkle,marinhinkle,DFFC
Marin Karmitz,marinkarmitz,DFFC
Marin Čilić,marinili,DFFC
Marina Abramović,marinaabramovi,DFFC
Marina Aitova,marinaaitova,DFFC
Marina Alabau,marinaalabau,Celeb
Marina Aleksandrova,marinaaleksandrova,Celeb
Marina Antipova,marinaantipova,DFFC
Marina Foïs,marinafos,DFFC
Marina Lambrini Diamandis,marinalambrinidiamandis,Celeb
Marina Luczenko,marinaluczenko,Celeb
Marina Maljković,marinamaljkovi,DFFC
Marina Munćan,marinamunan,DFFC
Marina Prior,marinaprior,DFFC
Marina Pérez,marinaprez,DFFC
Marina Ruy Barbosa,marinaruybarbosa,Celeb
Marina Seeh,marinaseeh,DFFC
Marina Shamayko,marinashamayko,DFFC
Marina Sirtis,marinasirtis,Celeb
Marina Vlady,marinavlady,Celeb
Marine Delterme,marinedelterme,Celeb
Marinella Falca,marinellafalca,DFFC
Mario Aldo Montano,marioaldomontano,DFFC
Mario Andretti,marioandretti,DFFC
Mario Batali,mariobatali,DFFC
Mario Bermejo,mariobermejo,DFFC
Mario Cantone,mariocantone,DFFC
Mario Casas,mariocasas,Celeb
Mario Chalmers,mariochalmers,DFFC
Mario Cimarro,mariocimarro,Celeb
Mario Cristobal,mariocristobal,DFFC
Mario Elie,marioelie,DFFC
Mario García,mariogarca,DFFC
Mario Gjurovski,mariogjurovski,DFFC
Mario Gyr,mariogyr,Celeb
Mario Harvey,marioharvey,DFFC
Mario Hezonja,mariohezonja,DFFC
Mario Kempes,mariokempes,DFFC
Mario Lopez,mariolopez,Celeb
Mario Maloča,mariomaloa,DFFC
Mario Manningham,mariomanningham,DFFC
Mario Matt,mariomatt,DFFC
Mario Pestano,mariopestano,DFFC
Mario Sarto,mariosarto,DFFC
Mario Testino,mariotestino,Celeb
Mario Van Peebles,mariovanpeebles,Celeb
Marion Cotillard,marioncotillard,DFFC
Marion Davies,mariondavies,Celeb
Marion Jones,marionjones,DFFC
Marion Ravn,marionravn,Celeb
Marion Ross,marionross,Celeb
Marion Rousse,marionrousse,DFFC
Marique Schimmel,mariqueschimmel,Celeb
Marisa Barros,marisabarros,DFFC
Marisa Berenson,marisaberenson,DFFC
Marisa Del Frate,marisadelfrate,DFFC
Marisa Merlini,marisamerlini,DFFC
Marisa Miller,marisamiller,DFFC
Marisa Tomei,marisatomei,DFFC
Mariska Hargitay,mariskahargitay,Celeb
Mariska Veres,mariskaveres,DFFC
Marisol Nichols,marisolnichols,Celeb
Marisol Romero,marisolromero,DFFC
Marissa Ribisi,marissaribisi,DFFC
Marit Larsen,maritlarsen,DFFC
Maritza Arango Buitrago,maritzaarangobuitrago,DFFC
Mariusz Szczygieł,mariuszszczygie,DFFC
Mariya Bespalova,mariyabespalova,DFFC
Mariya Koryttseva,mariyakoryttseva,DFFC
Mariya Kozhevnikova,mariyakozhevnikova,Celeb
Mariya Savinova,mariyasavinova,DFFC
Marián Hossa,marinhossa,DFFC
Marián Čišovský,mariniovsk,DFFC
Marjorie De Sousa,marjoriedesousa,Celeb
Marjorie Gubelmann,marjoriegubelmann,DFFC
Marjorie Lord,marjorielord,Celeb
Mark A Brown,markabrown,DFFC
Mark Addy,markaddy,Celeb
Mark Ashton,markashton,DFFC
Mark Ballas,markballas,Celeb
Mark Barberio,markbarberio,DFFC
Mark Barron,markbarron,DFFC
Mark Bautista,markbautista,Celeb
Mark Bluvshtein,markbluvshtein,DFFC
Mark Borchardt,markborchardt,DFFC
Mark Buckingham,markbuckingham,DFFC
Mark Burgess,markburgess,DFFC
Mark Burnett,markburnett,Celeb
Mark Byrne,markbyrne,DFFC
Mark Carlson,markcarlson,DFFC
Mark Cavendish,markcavendish,DFFC
Mark Chao,markchao,DFFC
Mark Christian,markchristian,DFFC
Mark Coleridge,markcoleridge,DFFC
Mark Consuelos,markconsuelos,Celeb
Mark Convery,markconvery,DFFC
Mark Dacascos,markdacascos,Celeb
Mark Dantonio,markdantonio,DFFC
Mark Davies,markdavies,DFFC
Mark Davis,markdavis,DFFC
Mark Eddinger,markeddinger,DFFC
Mark Farley,markfarley,DFFC
Mark Farner,markfarner,DFFC
Mark Fayne,markfayne,DFFC
Mark Feuerstein,markfeuerstein,Celeb
Mark Few,markfew,DFFC
Mark Fistric,markfistric,DFFC
Mark Fuhrman,markfuhrman,DFFC
Mark Goddard,markgoddard,DFFC
Mark Gruenwald,markgruenwald,DFFC
Mark Gubicza,markgubicza,DFFC
Mark Gustavson,markgustavson,DFFC
Mark Hamill,markhamill,DFFC
Mark Hanretty,markhanretty,DFFC
Mark Harmon,markharmon,Celeb
Mark Hebden,markhebden,DFFC
Mark Henry,markhenry,Celeb
Mark Hildreth,markhildreth,Celeb
Mark Hudson,markhudson,DFFC
Mark Hunt,markhunt,DFFC
Mark Indelicato,markindelicato,Celeb
Mark Jansen,markjansen,DFFC
Mark Jindrak,markjindrak,DFFC
Mark Johnson,markjohnson,DFFC
Mark Kelly,markkelly,DFFC
Mark Kenneally,markkenneally,DFFC
Mark Kermode,markkermode,DFFC
Mark Kharitonov,markkharitonov,DFFC
Mark King,markking,DFFC
Mark Knopfler,markknopfler,DFFC
Mark Ladwig,markladwig,DFFC
Mark Levin,marklevin,DFFC
Mark May,markmay,DFFC
Mark McChrystal,markmcchrystal,DFFC
Mark McGrath,markmcgrath,Celeb
Mark McKinney,markmckinney,DFFC
Mark Metcalf,markmetcalf,DFFC
Mark Millar,markmillar,DFFC
Mark Moses,markmoses,Celeb
Mark Mothersbaugh,markmothersbaugh,DFFC
Mark Neveldine,markneveldine,DFFC
Mark O'Meara,markomeara,DFFC
Mark Oldershaw,markoldershaw,DFFC
Mark Oldman,markoldman,DFFC
Mark Olson,markolson,DFFC
Mark Parrish,markparrish,DFFC
Mark Parson,markparson,DFFC
Mark Pincus,markpincus,DFFC
Mark Podwal,markpodwal,DFFC
Mark Porter,markporter,DFFC
Mark Radcliffe,markradcliffe,DFFC
Mark Recchi,markrecchi,DFFC
Mark Reynolds,markreynolds,DFFC
Mark Ronson,markronson,DFFC
Mark Rudd,markrudd,DFFC
Mark Rummukainen,markrummukainen,DFFC
Mark Rypien,markrypien,DFFC
Mark Salling,marksalling,Celeb
Mark Satin,marksatin,DFFC
Mark Selby,markselby,DFFC
Mark Setlock,marksetlock,DFFC
Mark Shenton,markshenton,DFFC
Mark Shulzhitskiy,markshulzhitskiy,DFFC
Mark Strong,markstrong,DFFC
Mark Stuart,markstuart,DFFC
Mark Sultan,marksultan,DFFC
Mark Taylor,marktaylor,DFFC
Mark Teixeira,markteixeira,DFFC
Mark Todd,marktodd,DFFC
Mark Tremonti,marktremonti,DFFC
Mark Valley,markvalley,DFFC
Mark Vanderloo,markvanderloo,Celeb
Mark Verheiden,markverheiden,DFFC
Mark Viduka,markviduka,DFFC
Mark W Rocha,markwrocha,DFFC
Mark Waid,markwaid,DFFC
Mark Washington,markwashington,DFFC
Mark Watson,markwatson,DFFC
Mark Webber,markwebber,DFFC
Mark Wegner,markwegner,DFFC
Mark Weivoda,markweivoda,DFFC
Mark Whipple,markwhipple,DFFC
Mark Williams,markwilliams,DFFC
Mark Wood,markwood,DFFC
Mark Yeates,markyeates,DFFC
Mark Zuckerberg,markzuckerberg,Celeb
Mark-Paul Gosselaar,markpaulgosselaar,Celeb
Markie Post,markiepost,DFFC
Markis Kido,markiskido,DFFC
Markku Lehmuskallio,markkulehmuskallio,DFFC
Marko Arnautović,markoarnautovi,DFFC
Marko Bakić,markobaki,DFFC
Marko Blažić,markoblai,DFFC
Marko Daňo,markodao,DFFC
Marko Lomić,markolomi,DFFC
Marko Mitchell,markomitchell,DFFC
Marko Stanković,markostankovi,DFFC
Marko Tejić,markoteji,DFFC
Markus Bollmann,markusbollmann,DFFC
Markus Feehily,markusfeehily,DFFC
Markus Feldhoff,markusfeldhoff,DFFC
Markus Fuchs,markusfuchs,DFFC
Markus Grosskopf,markusgrosskopf,DFFC
Markus Halsti,markushalsti,DFFC
Markus Kajo,markuskajo,DFFC
Markus Kronthaler,markuskronthaler,DFFC
Markus Krunegård,markuskrunegrd,DFFC
Markus Krösche,markuskrsche,DFFC
Markus Merk,markusmerk,DFFC
Markus Miller,markusmiller,DFFC
Markus Molinari,markusmolinari,Celeb
Markus Näslund,markusnslund,DFFC
Markus Wheaton,markuswheaton,DFFC
Markus White,markuswhite,DFFC
Markéta Ringelová,marktaringelov,DFFC
Marla Gibbs,marlagibbs,DFFC
Marla Maples,marlamaples,Celeb
Marla Sokoloff,marlasokoloff,Celeb
Marlayne,marlayne,DFFC
Marlen Esparza,marlenesparza,DFFC
Marlen Khutsiev,marlenkhutsiev,DFFC
Marlene Favela,marlenefavela,Celeb
Marlene Mortler,marlenemortler,DFFC
Marlene Sjöberg,marlenesjberg,DFFC
Marley Shelton,marleyshelton,Celeb
Marlina Moreno,marlinamoreno,Celeb
Marlo Thomas,marlothomas,Celeb
Marlon Stöckinger,marlonstckinger,DFFC
Marlon Teixeira,marlonteixeira,Celeb
Marlon Wayans,marlonwayans,DFFC
Marly Youmans,marlyyoumans,DFFC
Marlyn Mason,marlynmason,DFFC
Marlène Jobert,marlnejobert,DFFC
Marni Nixon,marninixon,DFFC
Marnick Vermijl,marnickvermijl,DFFC
Marouane Chamakh,marouanechamakh,DFFC
Marqise Lee,marqiselee,DFFC
Marques Colston,marquescolston,DFFC
Marques Green,marquesgreen,DFFC
Marques Harris,marquesharris,DFFC
Marques Houston,marqueshouston,DFFC
Marqueston Huff,marquestonhuff,DFFC
Marquinhos,marquinhos,DFFC
Marquise Goodwin,marquisegoodwin,DFFC
Marsel Efroimski,marselefroimski,DFFC
Marsha A Hunt,marshaahunt,Celeb
Marsha Ambrosius,marshaambrosius,DFFC
Marsha Mason,marshamason,DFFC
Marsha Thomason,marshathomason,DFFC
Marshal Yanda,marshalyanda,DFFC
Marshall Goodman,marshallgoodman,DFFC
Marshall Plumlee,marshallplumlee,DFFC
Marshevet Hooker,marshevethooker,DFFC
Mart Poom,martpoom,DFFC
Mart Smeets,martsmeets,DFFC
Marta,marta,DFFC
Marta Bartel,martabartel,DFFC
Marta Bastianelli,martabastianelli,DFFC
Marta Corredera,martacorredera,DFFC
Marta Gut,martagut,Celeb
Marta Jeschke,martajeschke,DFFC
Marta Michna,martamichna,DFFC
Marta Prieto,martaprieto,DFFC
Marta Savić,martasavi,DFFC
Marta Toren,martatoren,Celeb
Marta Zmuda,martazmuda,Celeb
Martell Webster,martellwebster,DFFC
Martellus Bennett,martellusbennett,DFFC
Martha Byrne,marthabyrne,DFFC
Martha Eggerth,marthaeggerth,Celeb
Martha Fierro,marthafierro,DFFC
Martha Hunt,marthahunt,Celeb
Martha Reeves,marthareeves,DFFC
Martha Stewart,marthastewart,DFFC
Martha Tilton,marthatilton,DFFC
Marti Bell,martibell,DFFC
Martijn Spierenburg,martijnspierenburg,DFFC
Martijn Westerholt,martijnwesterholt,DFFC
Martika,martika,Celeb
Martin Albrechtsen,martinalbrechtsen,DFFC
Martin Allen,martinallen,DFFC
Martin Block,martinblock,DFFC
Martin Campbell,martincampbell,DFFC
Martin Carthy,martincarthy,DFFC
Martin Clunes,martinclunes,Celeb
Martin Cooper,martincooper,DFFC
Martin Dahlin,martindahlin,DFFC
Martin Dent,martindent,DFFC
Martin Emmrich,martinemmrich,DFFC
Martin Foyle,martinfoyle,DFFC
Martin Freeman,martinfreeman,Celeb
Martin Gore,martingore,DFFC
Martin Hairer,martinhairer,DFFC
Martin Havlát,martinhavlt,DFFC
Martin Henderson,martinhenderson,DFFC
Martin Hume Johnson,martinhumejohnson,DFFC
Martin Johnson,martinjohnson,DFFC
Martin Karplus,martinkarplus,DFFC
Martin Kemp,martinkemp,DFFC
Martin Keown,martinkeown,DFFC
Martin Knight,martinknight,DFFC
Martin Lawrence,martinlawrence,DFFC
Martin Miller,martinmiller,DFFC
Martin Mortensen,martinmortensen,DFFC
Martin Nievera,martinnievera,Celeb
Martin O'Donnell,martinodonnell,DFFC
Martin Paterson,martinpaterson,DFFC
Martin Prokop,martinprokop,DFFC
Martin Provost,martinprovost,DFFC
Martin Putze,martinputze,DFFC
Martin Rucker,martinrucker,DFFC
Martin Rushent,martinrushent,DFFC
Martin Ručinský,martinruinsk,DFFC
Martin Sheen,martinsheen,DFFC
Martin Simpson,martinsimpson,DFFC
Martin Spiess,martinspiess,DFFC
Martin St Louis,martinstlouis,DFFC
Martin Staszko,martinstaszko,DFFC
Martin Stone,martinstone,DFFC
Martin Stosch,martinstosch,DFFC
Martin Tielli,martintielli,DFFC
Martin Vaïsse,martinvasse,DFFC
Martin Velits,martinvelits,DFFC
Martin Walser,martinwalser,DFFC
Martin Winterkorn,martinwinterkorn,DFFC
Martin Wuttke,martinwuttke,DFFC
Martin Yan,martinyan,DFFC
Martin de Knijff,martindeknijff,DFFC
Martina Chrapánová,martinachrapnov,DFFC
Martina Colombari,martinacolombari,Celeb
Martina Gedeck,martinagedeck,DFFC
Martina Haag,martinahaag,DFFC
Martina Montelius,martinamontelius,DFFC
Martina Navratilova,martinanavratilova,DFFC
Martina Stoessel,martinastoessel,DFFC
Martina Suchá,martinasuch,DFFC
Martine Carol,martinecarol,Celeb
Martine McCutcheon,martinemccutcheon,Celeb
Martti Saarinen,marttisaarinen,DFFC
Marty Foster,martyfoster,DFFC
Marty Friedman,martyfriedman,DFFC
Marty Jannetty,martyjannetty,DFFC
Marty Marion,martymarion,DFFC
Marty McSorley,martymcsorley,DFFC
Marty Schottenheimer,martyschottenheimer,DFFC
Marty Stuart,martystuart,DFFC
Martyn Jacques,martynjacques,DFFC
Martyn Joseph,martynjoseph,DFFC
Martyna Wojciechowska,martynawojciechowska,DFFC
Martín Alund,martnalund,DFFC
Martín Palermo,martnpalermo,DFFC
Martín Silva,martnsilva,DFFC
Marusha,marusha,DFFC
Marv Breeding,marvbreeding,DFFC
Marvin Compper,marvincompper,DFFC
Marvin Gaye,marvingaye,DFFC
Marvin Harrison,marvinharrison,DFFC
Marvin Humes,marvinhumes,Celeb
Marvin Kalb,marvinkalb,DFFC
Marvin Martin,marvinmartin,DFFC
Marvin Minsky,marvinminsky,DFFC
Marvin Mitchell,marvinmitchell,DFFC
Marvin Morgan,marvinmorgan,DFFC
Marvin Pourié,marvinpouri,DFFC
Marvin Priest,marvinpriest,DFFC
Marvin Wijks,marvinwijks,DFFC
Mary Ann Acevedo,maryannacevedo,DFFC
Mary Ann Gomes,maryanngomes,DFFC
Mary Ann Mobley,maryannmobley,Celeb
Mary Beth Marley,marybethmarley,DFFC
Mary Beth Peil,marybethpeil,DFFC
Mary Carey,marycarey,DFFC
Mary Coustas,marycoustas,DFFC
Mary Doria Russell,marydoriarussell,DFFC
Mary E Pearson,maryepearson,DFFC
Mary Elizabeth Ellis,maryelizabethellis,DFFC
Mary Elizabeth Lado,maryelizabethlado,DFFC
Mary Elizabeth Winstead,maryelizabethwinstead,Celeb
Mary Hart,maryhart,Celeb
Mary J Blige,maryjblige,DFFC
Mary Jepkosgei Keitany,maryjepkosgeikeitany,DFFC
Mary Jo Nye,maryjonye,DFFC
Mary Kay Adams,marykayadams,DFFC
Mary Lawrence,marylawrence,DFFC
Mary Lou Retton,marylouretton,DFFC
Mary Louise Weller,marylouiseweller,Celeb
Mary Lynn Rajskub,marylynnrajskub,Celeb
Mary McCartney,marymccartney,Celeb
Mary Mohler,marymohler,DFFC
Mary Nightingale,marynightingale,DFFC
Mary Nolan,marynolan,Celeb
Mary Phillip,maryphillip,DFFC
Mary Pope Osborne,marypopeosborne,DFFC
"Mary Soames, Baroness Soames",marysoamesbaronesssoames,DFFC
Mary Ure,maryure,DFFC
Mary Wittenberg,marywittenberg,DFFC
Mary Woronov,maryworonov,Celeb
Mary-Louise Parker,marylouiseparker,DFFC
Maryla Rodowicz,marylarodowicz,Celeb
Marylin Star,marylinstar,DFFC
Maryna Arzamasava,marynaarzamasava,DFFC
Maryna Hancharova,marynahancharova,DFFC
Maryse Condé,marysecond,DFFC
Marysia Kay,marysiakay,DFFC
Marzia Caravelli,marziacaravelli,DFFC
María Barranco,marabarranco,DFFC
María Belén Simari Birkner,marabelnsimaribirkner,DFFC
María Conchita Alonso,maraconchitaalonso,DFFC
María Elena Espeso,maraelenaespeso,DFFC
María Herrera,maraherrera,DFFC
Marílson Gomes dos Santos,marlsongomesdossantos,DFFC
Marčelo,marelo,DFFC
Masa Takanashi,masatakanashi,DFFC
Masaba Yunus,masabayunus,DFFC
Masahiro Tanaka,masahirotanaka,DFFC
"Masahito, Prince Hitachi",masahitoprincehitachi,DFFC
Masaji Kiyokawa,masajikiyokawa,DFFC
Masanobu Fukuoka,masanobufukuoka,DFFC
Masao Horiba,masaohoriba,DFFC
Masato Tanaka,masatotanaka,DFFC
Masayoshi Motegi,masayoshimotegi,DFFC
Masayuki Hiizumi,masayukihiizumi,DFFC
Masha Novoselova,mashanovoselova,Celeb
Masiela Lusha,masielalusha,Celeb
Masih Alinejad,masihalinejad,DFFC
Mason Grimes,masongrimes,DFFC
Mason Raymond,masonraymond,DFFC
Massimiliano Blardone,massimilianoblardone,DFFC
Massimo Battara,massimobattara,DFFC
Massimo Dapporto,massimodapporto,DFFC
Masta Ace,mastaace,DFFC
Masten Gregory,mastengregory,DFFC
Mat Bailey,matbailey,DFFC
Mat Jackson,matjackson,DFFC
Mat Osman,matosman,DFFC
Mate Dugandzic,matedugandzic,DFFC
Mate Vatsadze,matevatsadze,DFFC
Matej Marin,matejmarin,DFFC
Mateusz Chruściński,mateuszchruciski,DFFC
Mateusz Kowalczyk,mateuszkowalczyk,DFFC
Mateusz Taciak,mateusztaciak,DFFC
Matheus Leite Nascimento,matheusleitenascimento,DFFC
Matheus Nachtergaele,matheusnachtergaele,DFFC
Mathew Baynton,mathewbaynton,DFFC
Mathias Boe,mathiasboe,DFFC
Mathias Eick,mathiaseick,DFFC
Mathias Lauridsen,mathiaslauridsen,Celeb
Mathias Malzieu,mathiasmalzieu,DFFC
Mathias Pogba,mathiaspogba,DFFC
Mathias Schober,mathiasschober,DFFC
Mathias Wichmann,mathiaswichmann,DFFC
Mathieu Amalric,mathieuamalric,Celeb
Mathieu Chantelois,mathieuchantelois,DFFC
Mathieu Debuchy,mathieudebuchy,DFFC
Mathieu Flamini,mathieuflamini,DFFC
Mathieu Ladagnous,mathieuladagnous,DFFC
Mathieu Perreault,mathieuperreault,DFFC
Mathieu Schreyer,mathieuschreyer,Celeb
Mathieu van der Poel,mathieuvanderpoel,DFFC
Matias Kupiainen,matiaskupiainen,DFFC
Matias Tellez,matiastellez,DFFC
Matija Nastasić,matijanastasi,DFFC
Matisyahu,matisyahu,Celeb
Matjaž Zupan,matjazupan,DFFC
Mato Valtonen,matovaltonen,DFFC
Mats Hummels,matshummels,DFFC
Matt Barnes,mattbarnes,DFFC
Matt Barr,mattbarr,Celeb
Matt Birk,mattbirk,DFFC
Matt Bloom,mattbloom,DFFC
Matt Brammeier,mattbrammeier,DFFC
Matt Cain,mattcain,DFFC
Matt Calvert,mattcalvert,DFFC
Matt Cameron,mattcameron,DFFC
Matt Carle,mattcarle,DFFC
Matt Carpenter,mattcarpenter,DFFC
Matt Cohler,mattcohler,DFFC
Matt Cross,mattcross,DFFC
Matt Czuchry,mattczuchry,Celeb
Matt Dallas,mattdallas,Celeb
Matt Damon,mattdamon,DFFC
Matt Davis,mattdavis,Celeb
Matt Dillahunty,mattdillahunty,DFFC
Matt Dominguez,mattdominguez,DFFC
Matt Done,mattdone,DFFC
Matt Donovan,mattdonovan,DFFC
Matt Elam,mattelam,DFFC
Matt Flynn,mattflynn,DFFC
Matt Fraser,mattfraser,DFFC
Matt Furstenburg,mattfurstenburg,DFFC
Matt Gadsby,mattgadsby,DFFC
Matt Gilks,mattgilks,DFFC
Matt Goss,mattgoss,Celeb
Matt Grace,mattgrace,DFFC
Matt Hardy,matthardy,DFFC
Matt Harpring,mattharpring,DFFC
Matt Hasselbeck,matthasselbeck,DFFC
Matt Heafy,mattheafy,DFFC
Matt Holland,mattholland,DFFC
Matt Ingram,mattingram,DFFC
Matt Jarvis,mattjarvis,DFFC
Matt Kalil,mattkalil,DFFC
Matt Katula,mattkatula,DFFC
Matt Kemp,mattkemp,DFFC
Matt Kuchar,mattkuchar,DFFC
Matt Lanter,mattlanter,Celeb
Matt Lauer,mattlauer,DFFC
Matt Le Tissier,mattletissier,DFFC
Matt Leinart,mattleinart,Celeb
Matt Lojeski,mattlojeski,DFFC
Matt Lucas,mattlucas,DFFC
Matt Maguire,mattmaguire,DFFC
Matt Martin,mattmartin,DFFC
Matt McKay,mattmckay,DFFC
Matt Mira,mattmira,DFFC
Matt Moore,mattmoore,DFFC
Matt Morgan,mattmorgan,DFFC
Matt Neal,mattneal,DFFC
Matt Nicholls,mattnicholls,Celeb
Matt O'Leary,mattoleary,DFFC
Matt Oakley,mattoakley,DFFC
Matt Paradis,mattparadis,DFFC
Matt Passmore,mattpassmore,Celeb
Matt Piper,mattpiper,DFFC
Matt Preston,mattpreston,DFFC
Matt Price,mattprice,DFFC
Matt Prokop,mattprokop,Celeb
Matt Ritchie,mattritchie,DFFC
Matt Ryan,mattryan,DFFC
Matt Sloan,mattsloan,DFFC
Matt Smith,mattsmith,DFFC
Matt Somner,mattsomner,DFFC
Matt Sorum,mattsorum,DFFC
Matt Striker,mattstriker,Celeb
Matt Targett,matttargett,DFFC
Matt Thiessen,mattthiessen,DFFC
Matt Tubbs,matttubbs,DFFC
Matt Turk,mattturk,DFFC
Matt Uelmen,mattuelmen,DFFC
Matt Wagner,mattwagner,DFFC
Matt Walker,mattwalker,DFFC
Matt Willis,mattwillis,Celeb
Matt Wiman,mattwiman,DFFC
Matt Winer,mattwiner,DFFC
Matt Young,mattyoung,DFFC
Matteo Darmian,matteodarmian,DFFC
Matteo Ferrari,matteoferrari,DFFC
Matteo Garrone,matteogarrone,DFFC
Matteo Guarise,matteoguarise,DFFC
Matteo Lanzoni,matteolanzoni,DFFC
Matteo Marsaglia,matteomarsaglia,DFFC
Matteo Pistono,matteopistono,DFFC
Matthew Axelson,matthewaxelson,DFFC
Matthew Bellamy,matthewbellamy,Celeb
Matthew Boyles,matthewboyles,DFFC
Matthew Bryan-Amaning,matthewbryanamaning,DFFC
Matthew Cameron,matthewcameron,DFFC
Matthew Connolly,matthewconnolly,DFFC
Matthew Dellavedova,matthewdellavedova,DFFC
Matthew Dryke,matthewdryke,DFFC
Matthew Followill,matthewfollowill,Celeb
Matthew Fox,matthewfox,Celeb
Matthew Gill,matthewgill,DFFC
Matthew Goode,matthewgoode,Celeb
Matthew Gray,matthewgray,DFFC
Matthew Gray Gubler,matthewgraygubler,Celeb
Matthew Kenney,matthewkenney,DFFC
Matthew Lawrence,matthewlawrence,Celeb
Matthew Lewis,matthewlewis,Celeb
Matthew Lillard,matthewlillard,Celeb
Matthew Macfadyen,matthewmacfadyen,DFFC
Matthew Marsden,matthewmarsden,Celeb
Matthew McConaughey,matthewmcconaughey,DFFC
Matthew Modine,matthewmodine,DFFC
Matthew Mulligan,matthewmulligan,DFFC
Matthew Nash,matthewnash,DFFC
Matthew Perryman Jones,matthewperrymanjones,DFFC
Matthew Puempel,matthewpuempel,DFFC
Matthew Quick,matthewquick,DFFC
Matthew Rabin,matthewrabin,DFFC
Matthew Raymond-Barker,matthewraymondbarker,DFFC
Matthew Reinhart,matthewreinhart,DFFC
Matthew Rhys,matthewrhys,Celeb
Matthew Savoie,matthewsavoie,DFFC
Matthew Settle,matthewsettle,Celeb
Matthew Silcocks,matthewsilcocks,DFFC
Matthew Smith,matthewsmith,DFFC
Matthew Spiranovic,matthewspiranovic,DFFC
Matthew Teitelbaum,matthewteitelbaum,DFFC
Matthew Underwood,matthewunderwood,Celeb
Matthias Ettrich,matthiasettrich,DFFC
Matthias Fahrig,matthiasfahrig,DFFC
Matthias Fanimo,matthiasfanimo,DFFC
Matthias Jabs,matthiasjabs,Celeb
Matthias Kessler,matthiaskessler,DFFC
Matthias Krizek,matthiaskrizek,DFFC
Matthias Maucksch,matthiasmaucksch,DFFC
Matthias Ostrzolek,matthiasostrzolek,DFFC
Matthias Sammer,matthiassammer,DFFC
Matthias de Zordo,matthiasdezordo,DFFC
Matthieu Jost,matthieujost,DFFC
Matthijs van de Sande Bakhuyzen,matthijsvandesandebakhuyzen,DFFC
Matti Hautamäki,mattihautamki,DFFC
Matti Kovler,mattikovler,DFFC
Mattia De Sciglio,mattiadesciglio,DFFC
Mattia Perin,mattiaperin,DFFC
Mattias Alkberg,mattiasalkberg,DFFC
Mattias Ekström,mattiasekstrm,DFFC
Mattias Jacobsson,mattiasjacobsson,DFFC
Matty James,mattyjames,DFFC
Matty Lund,mattylund,DFFC
Matty Mullins,mattymullins,DFFC
Matías Silvestre,matassilvestre,DFFC
Matěj Novák,matjnovk,DFFC
Maud Roetgering,maudroetgering,DFFC
Maura O'Connell,mauraoconnell,DFFC
Maurane,maurane,DFFC
Maureen Dowd,maureendowd,DFFC
Maureen McCormick,maureenmccormick,DFFC
Maureen McGovern,maureenmcgovern,DFFC
Maureen Tucker,maureentucker,DFFC
Maurice Baril,mauricebaril,DFFC
Maurice Chevalier,mauricechevalier,Celeb
Maurice Evans,mauriceevans,Celeb
Maurice Exslager,mauriceexslager,DFFC
Maurice Gosfield,mauricegosfield,DFFC
Maurice Greene,mauricegreene,Celeb
Maurice Harkless,mauriceharkless,DFFC
Maurice Isserman,mauriceisserman,DFFC
Maurice Meisner,mauricemeisner,DFFC
Maurice Rozenthal,mauricerozenthal,DFFC
Maurice Taylor,mauricetaylor,DFFC
Mauricio Isla,mauricioisla,DFFC
Mauricio Mazzetti,mauriciomazzetti,DFFC
Mauricio Ochmann,mauricioochmann,Celeb
Mauricio Pochettino,mauriciopochettino,DFFC
Mauricio Umansky,mauricioumansky,Celeb
Mauricio Viana,mauricioviana,DFFC
Maurine Dorneles Gonçalves,maurinedornelesgonalves,DFFC
Maurissa Tancharoen,maurissatancharoen,DFFC
Maurizio Zandron,mauriziozandron,DFFC
Mauro Da Dalto,maurodadalto,DFFC
Mauro Formica,mauroformica,DFFC
Mauro Icardi,mauroicardi,DFFC
Mauro Pane,mauropane,DFFC
Mauro Scocco,mauroscocco,DFFC
Mauro Tassotti,maurotassotti,DFFC
Mauro Vinícius da Silva,maurovinciusdasilva,DFFC
Maurren Higa Maggi,maurrenhigamaggi,Celeb
Max Allan Collins,maxallancollins,DFFC
Max Amini,maxamini,DFFC
Max Angelelli,maxangelelli,DFFC
Max Bennett,maxbennett,DFFC
Max Boyce,maxboyce,DFFC
Max Burkholder,maxburkholder,DFFC
Max Gallo,maxgallo,DFFC
Max Gawn,maxgawn,DFFC
Max Green,maxgreen,DFFC
Max Greenfield,maxgreenfield,Celeb
Max Hastings,maxhastings,DFFC
Max Heinzer,maxheinzer,DFFC
Max Jenkins,maxjenkins,DFFC
Max Meyer,maxmeyer,DFFC
Max Minghella,maxminghella,DFFC
Max Ramírez,maxramrez,DFFC
Max Rauhofer,maxrauhofer,DFFC
Max Ryan,maxryan,Celeb
Max Thieriot,maxthieriot,Celeb
Max van Egmond,maxvanegmond,DFFC
Maxence Layet,maxencelayet,DFFC
Maxi Priest,maxipriest,DFFC
Maxim Kovtun,maximkovtun,DFFC
Maxim Martsinkevich,maximmartsinkevich,DFFC
Maxim Mehmet,maximmehmet,DFFC
Maxim Miroshkin,maximmiroshkin,DFFC
Maxim Zavozin,maximzavozin,DFFC
Maxime Bouet,maximebouet,DFFC
Maxime Gonalons,maximegonalons,DFFC
Maxime Méderel,maximemderel,DFFC
Maxime Talbot,maximetalbot,DFFC
Maxime Teixeira,maximeteixeira,DFFC
Maxime Vantomme,maximevantomme,DFFC
Maximilian Beister,maximilianbeister,DFFC
Maximilian Beyer,maximilianbeyer,DFFC
Maximilian Mechler,maximilianmechler,DFFC
Maximilian Wagener,maximilianwagener,DFFC
"Maximilian, Margrave of Baden",maximilianmargraveofbaden,DFFC
Maximiliano Moralez,maximilianomoralez,DFFC
Maxine,maxine,DFFC
Maxine Kumin,maxinekumin,DFFC
Maxine Wasa,maxinewasa,Celeb
May Allison,mayallison,Celeb
May Andersen,mayandersen,DFFC
May Britt,maybritt,DFFC
May Chidiac,maychidiac,DFFC
May-Britt Moser,maybrittmoser,DFFC
Maya Arulpragasam,mayaarulpragasam,Celeb
Maya Lin,mayalin,DFFC
Maya Moore,mayamoore,DFFC
Maya Rew,mayarew,Celeb
Maya Simantov,mayasimantov,DFFC
Maya Usova,mayausova,DFFC
Mayara,mayara,DFFC
Mayer Florian,mayerflorian,Celeb
Mayer Leonardo,mayerleonardo,Celeb
Mayim Bialik,mayimbialik,Celeb
Maylin Wende,maylinwende,DFFC
Mayo OJ,mayooj,Celeb
Mayra Andrade,mayraandrade,DFFC
Mayra Gomez Kemp,mayragomezkemp,Celeb
Mayra Suarez,mayrasuarez,Celeb
Mayra Veronica,mayraveronica,Celeb
Mayrin Villanueva,mayrinvillanueva,Celeb
Mayte Garcia,maytegarcia,Celeb
Mayte Piragibe,maytepiragibe,Celeb
Mayu Watanabe,mayuwatanabe,DFFC
Mayuko Iwasa,mayukoiwasa,Celeb
Małgorzata Wiese-Jóźwiak,magorzatawiesejwiak,DFFC
Mbulaeni Mulaudzi,mbulaenimulaudzi,DFFC
Mc Kresha,mckresha,Celeb
McDonald Mariga,mcdonaldmariga,DFFC
McKenzie Lee,mckenzielee,DFFC
McKenzie Westmore,mckenziewestmore,DFFC
Meagan Good,meagangood,Celeb
Meagan Tandy,meagantandy,DFFC
Meaghan Martin,meaghanmartin,DFFC
Meat Loaf,meatloaf,Celeb
Mebrahtom Keflezighi,mebrahtomkeflezighi,Celeb
Medha Patkar,medhapatkar,DFFC
Medhi Benatia,medhibenatia,DFFC
Medina Warda Aulia,medinawardaaulia,DFFC
Medine Erkan,medineerkan,DFFC
Meera,meera,Celeb
Meg Mallon,megmallon,DFFC
Meg Matthews,megmatthews,Celeb
Meg Myers,megmyers,DFFC
Meg Ryan,megryan,DFFC
Meg White,megwhite,Celeb
Meg Whitman,megwhitman,Celeb
Meg Wolitzer,megwolitzer,DFFC
Megan Allely,meganallely,DFFC
Megan Boone,meganboone,DFFC
Megan Fahlenbock,meganfahlenbock,DFFC
Megan Fox,meganfox,Celeb
Megan Gale,megangale,Celeb
Megan Gibson,megangibson,DFFC
Megan Joy,meganjoy,Celeb
Megan Manthey,meganmanthey,DFFC
Megan Mullally,meganmullally,DFFC
Megan Plastic,meganplastic,DFFC
Meghan Ory,meghanory,DFFC
Meghan Trainor,meghantrainor,DFFC
Megumi Han,megumihan,DFFC
Megumi Nakajima,meguminakajima,DFFC
Megumi Okina,megumiokina,Celeb
Megumi Yasu,megumiyasu,Celeb
Megumi Yokoyama,megumiyokoyama,Celeb
Mehcad Brooks,mehcadbrooks,Celeb
Mehdi Bagheri,mehdibagheri,DFFC
Mehdi Mahdavikia,mehdimahdavikia,DFFC
Mehdi Rahmati,mehdirahmati,DFFC
Mehmet Akif Alakurt,mehmetakifalakurt,Celeb
Mehmet Batdal,mehmetbatdal,DFFC
Mehmet Topal,mehmettopal,DFFC
Mehrzad Marashi,mehrzadmarashi,Celeb
Mei Baojiu,meibaojiu,DFFC
Meiju Suvas,meijusuvas,DFFC
Meiko Satomura,meikosatomura,DFFC
Mekenna Melvin,mekennamelvin,DFFC
Mel Brooks,melbrooks,DFFC
Mel Ferrer,melferrer,Celeb
Mel Gibson,melgibson,DFFC
Mel Giedroyc,melgiedroyc,DFFC
Mel Judah,meljudah,DFFC
Mel Lewis,mellewis,DFFC
Mel Lisboa,mellisboa,DFFC
Mel Ramos,melramos,DFFC
Mel Rodriguez,melrodriguez,DFFC
Mel Street,melstreet,DFFC
Melaine Walker,melainewalker,DFFC
Melania Trump,melaniatrump,Celeb
Melanie Alexander,melaniealexander,Celeb
Melanie Batkowski,melaniebatkowski,DFFC
Melanie Behringer,melaniebehringer,DFFC
Melanie Brown,melaniebrown,Celeb
Melanie C,melaniec,DFFC
Melanie Chandra,melaniechandra,DFFC
Melanie Chisholm,melaniechisholm,Celeb
Melanie Fiona,melaniefiona,Celeb
Melanie Griffith,melaniegriffith,DFFC
Melanie Iglesias,melanieiglesias,Celeb
Melanie Laurent,melanielaurent,Celeb
Melanie Leupolz,melanieleupolz,DFFC
Melanie Lynskey,melanielynskey,DFFC
Melanie Merkosky,melaniemerkosky,DFFC
Melanie Morgan,melaniemorgan,DFFC
Melanie Oudin,melanieoudin,DFFC
Melanie Robillard,melanierobillard,DFFC
Melanie Sanford,melaniesanford,DFFC
Melanie Slade,melanieslade,Celeb
Melanie Sykes,melaniesykes,Celeb
Melih Selcuk,melihselcuk,Celeb
Melina Manandhar,melinamanandhar,Celeb
Melina Perez,melinaperez,DFFC
Melinda Clarke,melindaclarke,Celeb
Melinda Dillon,melindadillon,DFFC
Melinda Gates,melindagates,DFFC
Melinda Kinnaman,melindakinnaman,DFFC
Melinda Messenger,melindamessenger,DFFC
Melissa Auf der Maur,melissaaufdermaur,DFFC
Melissa Benoist,melissabenoist,Celeb
Melissa Breen,melissabreen,DFFC
Melissa De Sousa,melissadesousa,DFFC
Melissa Etheridge,melissaetheridge,DFFC
Melissa Ferrick,melissaferrick,DFFC
Melissa George,melissageorge,DFFC
Melissa Giraldo,melissagiraldo,Celeb
Melissa Haro,melissaharo,Celeb
Melissa Joan Hart,melissajoanhart,DFFC
Melissa Lauren,melissalauren,DFFC
Melissa Leo,melissaleo,DFFC
Melissa Mars,melissamars,DFFC
Melissa McCarthy,melissamccarthy,DFFC
Melissa Ordway,melissaordway,Celeb
Melissa Ortiz,melissaortiz,DFFC
Melissa Perrine,melissaperrine,DFFC
Melissa Rauch,melissarauch,Celeb
Melissa Rycroft,melissarycroft,Celeb
Melissa Sagemiller,melissasagemiller,Celeb
Melissa Satta,melissasatta,Celeb
Melissa Stockwell,melissastockwell,DFFC
Melissa Sue Anderson,melissasueanderson,Celeb
Melissa Theuriau,melissatheuriau,Celeb
Melita Toniolo,melitatoniolo,Celeb
Mellisa Clarke,mellisaclarke,Celeb
Mellisa Hollingsworth,mellisahollingsworth,DFFC
Mellissa Dunn,mellissadunn,DFFC
Mellody Hobson,mellodyhobson,Celeb
Melody Anderson,melodyanderson,DFFC
Melody Thomas Scott,melodythomasscott,DFFC
Melody Thornton,melodythornton,Celeb
Melonie Diaz,meloniediaz,DFFC
Melora Hardin,melorahardin,Celeb
Meltem Cumbul,meltemcumbul,Celeb
Melvil Poupaud,melvilpoupaud,Celeb
Melvin Morris,melvinmorris,DFFC
Melvyn Bragg,melvynbragg,DFFC
Melyssa Ford,melyssaford,Celeb
Melzer Jurgen,melzerjurgen,Celeb
Mem Shannon,memshannon,DFFC
Memphis Minnie,memphisminnie,DFFC
Menhaj Huda,menhajhuda,DFFC
Mensur Kurtiši,mensurkurtii,DFFC
Mensur Mujdža,mensurmujda,DFFC
Merab Gagunashvili,merabgagunashvili,DFFC
Mercedes Lambre,mercedeslambre,DFFC
Mercedes Ruehl,mercedesruehl,DFFC
Mercedes Sosa,mercedessosa,Celeb
Merche Romero,mercheromero,Celeb
Meredith Duncan,meredithduncan,DFFC
Meredith Frampton,meredithframpton,DFFC
Meredith Hagner,meredithhagner,Celeb
Meredith L Patterson,meredithlpatterson,DFFC
Meredith Marakovits,meredithmarakovits,DFFC
Meredith Ostrom,meredithostrom,Celeb
Meredith Vieira,meredithvieira,Celeb
Mericien Venzon,mericienvenzon,DFFC
Merila Zarei,merilazarei,DFFC
Merle Haggard,merlehaggard,DFFC
Merlene Ottey,merleneottey,DFFC
Merlin Olsen,merlinolsen,Celeb
Merrill Moses,merrillmoses,Celeb
Merrill Reese,merrillreese,DFFC
Merritt Patterson,merrittpatterson,DFFC
Merry Anders,merryanders,DFFC
Merve Bolugur,mervebolugur,Celeb
Merwan Rim,merwanrim,DFFC
Meryem Uzerli,meryemuzerli,Celeb
Meryl Davis,meryldavis,DFFC
Meryl Fernandes,merylfernandes,DFFC
Meryl Streep,merylstreep,DFFC
Meshach Taylor,meshachtaylor,DFFC
Meshak Williams,meshakwilliams,DFFC
Meskerem Legesse,meskeremlegesse,DFFC
Method Man,methodman,DFFC
Method Man Clifford Smith,methodmancliffordsmith,Celeb
Metin Arditi,metinarditi,DFFC
Metta World Peace,mettaworldpeace,DFFC
Mia Farrow,miafarrow,Celeb
Mia Frye,miafrye,DFFC
Mia Isabella,miaisabella,DFFC
Mia Maestro,miamaestro,Celeb
Mia Talerico,miatalerico,Celeb
Mia Tyler,miatyler,Celeb
Mia Wasikowska,miawasikowska,Celeb
Micaela Vazquez,micaelavazquez,Celeb
Micah Owings,micahowings,DFFC
Mich Dulce,michdulce,DFFC
Michael Agazzi,michaelagazzi,DFFC
Michael Ahearne,michaelahearne,DFFC
Michael Albasini,michaelalbasini,DFFC
Michael Alec Rose,michaelalecrose,DFFC
Michael Algar,michaelalgar,DFFC
Michael Andretti,michaelandretti,DFFC
Michael Anti,michaelanti,DFFC
Michael Appleton,michaelappleton,DFFC
Michael Apted,michaelapted,DFFC
Michael Auprince,michaelauprince,DFFC
Michael Badnarik,michaelbadnarik,DFFC
Michael Ball,michaelball,DFFC
Michael Ballhaus,michaelballhaus,DFFC
Michael Barkun,michaelbarkun,DFFC
Michael Barlow,michaelbarlow,DFFC
Michael Basman,michaelbasman,DFFC
Michael Bay,michaelbay,Celeb
Michael Baze,michaelbaze,DFFC
Michael Bennett,michaelbennett,DFFC
Michael Benton,michaelbenton,DFFC
Michael Berryman,michaelberryman,Celeb
Michael Biehn,michaelbiehn,DFFC
Michael Bivins,michaelbivins,DFFC
Michael Bolton,michaelbolton,DFFC
Michael Bowden,michaelbowden,DFFC
Michael Bowie,michaelbowie,DFFC
Michael Boxall,michaelboxall,DFFC
"Michael Boyce, Baron Boyce",michaelboycebaronboyce,DFFC
Michael Brecker,michaelbrecker,DFFC
Michael Breidenbruecker,michaelbreidenbruecker,DFFC
Michael Brooks,michaelbrooks,DFFC
Michael Bruce Ross,michaelbruceross,DFFC
Michael Buffer,michaelbuffer,DFFC
Michael Chance,michaelchance,DFFC
Michael Chaput,michaelchaput,DFFC
Michael Chiklis,michaelchiklis,DFFC
Michael Choice,michaelchoice,DFFC
Michael Christian Martinez,michaelchristianmartinez,DFFC
Michael Clarke,michaelclarke,DFFC
Michael Clayton,michaelclayton,DFFC
Michael Condrey,michaelcondrey,DFFC
Michael Connelly,michaelconnelly,DFFC
Michael Coulson,michaelcoulson,DFFC
Michael Crabtree,michaelcrabtree,DFFC
Michael Crawford,michaelcrawford,Celeb
Michael Cunningham,michaelcunningham,DFFC
Michael Dawson,michaeldawson,DFFC
Michael DeSisto,michaeldesisto,DFFC
Michael Des Barres,michaeldesbarres,Celeb
Michael Douglas,michaeldouglas,DFFC
Michael Duke,michaelduke,Celeb
Michael Durant,michaeldurant,DFFC
Michael Ealy,michaelealy,DFFC
Michael Emerson,michaelemerson,DFFC
Michael English,michaelenglish,DFFC
Michael Eric Dyson,michaelericdyson,DFFC
Michael Fassbender,michaelfassbender,Celeb
Michael Fitzpatrick,michaelfitzpatrick,DFFC
Michael Ford,michaelford,DFFC
Michael Francies,michaelfrancies,DFFC
Michael Freedman,michaelfreedman,DFFC
Michael Frolík,michaelfrolk,DFFC
Michael Fuchs,michaelfuchs,Celeb
Michael Gambon,michaelgambon,Celeb
Michael Gira,michaelgira,DFFC
Michael Gothard,michaelgothard,DFFC
Michael Gross,michaelgross,DFFC
Michael Gspurning,michaelgspurning,DFFC
Michael Görlitz,michaelgrlitz,DFFC
Michael Harriman,michaelharriman,DFFC
Michael Hastings,michaelhastings,DFFC
Michael Hemmingsen,michaelhemmingsen,DFFC
Michael Hepburn,michaelhepburn,DFFC
Michael Herck,michaelherck,DFFC
Michael Herrmann,michaelherrmann,DFFC
Michael Holt,michaelholt,DFFC
Michael Houstoun,michaelhoustoun,DFFC
Michael Huff,michaelhuff,DFFC
Michael Hutchence,michaelhutchence,DFFC
Michael Hutchinson,michaelhutchinson,DFFC
Michael Ian Black,michaelianblack,DFFC
Michael Imperioli,michaelimperioli,Celeb
Michael Ingham,michaelingham,DFFC
Michael J Hopkins,michaeljhopkins,DFFC
Michael J Pollard,michaeljpollard,Celeb
Michael J Rosen,michaeljrosen,DFFC
Michael JO'Doherty,michaeljodoherty,DFFC
Michael Jai White,michaeljaiwhite,Celeb
Michael Jasper,michaeljasper,DFFC
Michael Jenkins,michaeljenkins,DFFC
Michael John Hurdzan,michaeljohnhurdzan,DFFC
Michael Kabotie,michaelkabotie,DFFC
Michael Keane,michaelkeane,DFFC
Michael Keiner,michaelkeiner,DFFC
Michael Kightly,michaelkightly,DFFC
Michael Kiwanuka,michaelkiwanuka,DFFC
Michael Koenen,michaelkoenen,DFFC
Michael Kostka,michaelkostka,DFFC
Michael Kraft,michaelkraft,DFFC
Michael Krohn-Dehli,michaelkrohndehli,DFFC
Michael Kwan,michaelkwan,DFFC
Michael Landon,michaellandon,Celeb
Michael Lapsley,michaellapsley,DFFC
Michael Leary,michaelleary,DFFC
Michael Lerner,michaellerner,Celeb
Michael Levitt,michaellevitt,DFFC
Michael Lewis,michaellewis,DFFC
Michael Liddle,michaelliddle,DFFC
Michael Loewe,michaelloewe,DFFC
Michael Lucas,michaellucas,DFFC
Michael Maloney,michaelmaloney,DFFC
Michael Mann,michaelmann,DFFC
Michael Marinaro,michaelmarinaro,DFFC
Michael Mark,michaelmark,DFFC
Michael Marrone,michaelmarrone,DFFC
Michael Martin Murphey,michaelmartinmurphey,DFFC
Michael Matthews,michaelmatthews,DFFC
Michael Mayer,michaelmayer,DFFC
Michael McCann,michaelmccann,DFFC
Michael McCary,michaelmccary,DFFC
Michael McClure,michaelmcclure,DFFC
Michael McIntyre,michaelmcintyre,DFFC
Michael McKean,michaelmckean,DFFC
Michael McPhail,michaelmcphail,DFFC
Michael Meeropol,michaelmeeropol,DFFC
Michael Mewshaw,michaelmewshaw,DFFC
Michael Monroe,michaelmonroe,Celeb
Michael Moritz,michaelmoritz,Celeb
Michael Morpurgo,michaelmorpurgo,DFFC
Michael N Hall,michaelnhall,DFFC
Michael Nesmith,michaelnesmith,Celeb
Michael Newdow,michaelnewdow,DFFC
Michael Nouri,michaelnouri,Celeb
Michael Novak,michaelnovak,DFFC
Michael O'Loughlin,michaeloloughlin,DFFC
Michael Oenning,michaeloenning,DFFC
Michael Oliver,michaeloliver,DFFC
Michael Palin,michaelpalin,DFFC
Michael Parsons,michaelparsons,DFFC
Michael Paré,michaelpar,DFFC
Michael Paynter,michaelpaynter,DFFC
Michael Peterson,michaelpeterson,DFFC
Michael Piller,michaelpiller,DFFC
Michael Preston,michaelpreston,DFFC
Michael Rapaport,michaelrapaport,Celeb
Michael Rensing,michaelrensing,DFFC
Michael Richards,michaelrichards,DFFC
Michael Ricketts,michaelricketts,DFFC
Michael Rimmer,michaelrimmer,DFFC
Michael Rischitelli,michaelrischitelli,DFFC
Michael Roeger,michaelroeger,DFFC
Michael Rooker,michaelrooker,Celeb
Michael Rosenbaum,michaelrosenbaum,Celeb
Michael Rupp,michaelrupp,DFFC
Michael Schuhmacher,michaelschuhmacher,Celeb
Michael Schär,michaelschr,DFFC
Michael Seater,michaelseater,Celeb
Michael Shannon,michaelshannon,DFFC
Michael Sheen,michaelsheen,Celeb
Michael Shub,michaelshub,DFFC
Michael Shuman,michaelshuman,DFFC
Michael Smith,michaelsmith,DFFC
Michael Sorrell,michaelsorrell,DFFC
Michael Stebbins,michaelstebbins,DFFC
Michael Steele,michaelsteele,DFFC
Michael Steger,michaelsteger,Celeb
Michael Stipe,michaelstipe,Celeb
Michael Stonebraker,michaelstonebraker,DFFC
Michael Strahan,michaelstrahan,Celeb
Michael Tait,michaeltait,DFFC
Michael Thwaite,michaelthwaite,DFFC
Michael Timlin,michaeltimlin,DFFC
Michael Tinsley,michaeltinsley,DFFC
Michael Tolkin,michaeltolkin,DFFC
Michael Trevino,michaeltrevino,DFFC
Michael Turner,michaelturner,DFFC
Michael Uslan,michaeluslan,DFFC
Michael Vartan,michaelvartan,Celeb
Michael Voss,michaelvoss,DFFC
Michael Wardian,michaelwardian,DFFC
Michael Wasley,michaelwasley,DFFC
Michael Watson,michaelwatson,DFFC
Michael Weatherly,michaelweatherly,Celeb
Michael Welch,michaelwelch,DFFC
Michael Whelan,michaelwhelan,DFFC
Michael Wilbon,michaelwilbon,DFFC
Michael Woroniecki,michaelworoniecki,DFFC
Michael York,michaelyork,Celeb
Michael Zullo,michaelzullo,DFFC
Michaela Kirchgasser,michaelakirchgasser,DFFC
Michaela Tabb,michaelatabb,DFFC
Michaela Watkins,michaelawatkins,DFFC
Michal Breznaník,michalbreznank,DFFC
Michal Březina,michalbezina,DFFC
Michal Martikán,michalmartikn,DFFC
Michal Prokop,michalprokop,DFFC
Michal Tučný,michaltun,DFFC
Michal Řepík,michalepk,DFFC
Michaël Bultheel,michalbultheel,DFFC
Michaël Rossi,michalrossi,DFFC
Michaëlla Krajicek,michallakrajicek,DFFC
Michał Kwiatkowski,michakwiatkowski,DFFC
Michał Majewski,michamajewski,DFFC
Michał Olszewski,michaolszewski,DFFC
Michał Urbaniak,michaurbaniak,DFFC
Michea Crawford,micheacrawford,Celeb
Michel Bastos,michelbastos,DFFC
Michel Berger,michelberger,DFFC
Michel Boujenah,michelboujenah,DFFC
Michel Brown,michelbrown,Celeb
Michel Butter,michelbutter,DFFC
Michel Carrega,michelcarrega,DFFC
Michel Chartrand,michelchartrand,DFFC
Michel Delpech,micheldelpech,DFFC
Michel Drucker,micheldrucker,DFFC
Michel Fabrizio,michelfabrizio,DFFC
Michel Goulet,michelgoulet,DFFC
Michel Koch,michelkoch,DFFC
Michel Kreder,michelkreder,DFFC
Michel Platini Mesquita,michelplatinimesquita,DFFC
Michel Preud'homme,michelpreudhomme,DFFC
Michel Serres,michelserres,DFFC
Michel Virlogeux,michelvirlogeux,DFFC
Michela Brunelli,michelabrunelli,DFFC
Michela Fanini,michelafanini,DFFC
Michelangelo Signorile,michelangelosignorile,DFFC
Michele Bartoli,michelebartoli,DFFC
Michele Boldrin,micheleboldrin,DFFC
Michele Cantú,michelecant,DFFC
Michele Godena,michelegodena,DFFC
Michele Morgan,michelemorgan,Celeb
Michele Scarponi,michelescarponi,DFFC
Michele Williams,michelewilliams,Celeb
Micheline Presle,michelinepresle,DFFC
Michella Cruz,michellacruz,Celeb
Michelle Alves,michellealves,Celeb
Michelle Behennah,michellebehennah,Celeb
Michelle Borth,michelleborth,DFFC
Michelle Bridges,michellebridges,DFFC
Michelle Carter,michellecarter,DFFC
Michelle Collins,michellecollins,DFFC
Michelle Deighton,michelledeighton,Celeb
Michelle Dockery,michelledockery,Celeb
Michelle Errichiello,michelleerrichiello,DFFC
Michelle Forbes,michelleforbes,Celeb
Michelle Heaton,michelleheaton,Celeb
Michelle Hunziker,michellehunziker,Celeb
Michelle Jenneke,michellejenneke,DFFC
Michelle Keegan,michellekeegan,Celeb
Michelle Krusiec,michellekrusiec,DFFC
Michelle Kwan,michellekwan,DFFC
Michelle Lomnicki,michellelomnicki,DFFC
Michelle Marsh,michellemarsh,Celeb
Michelle Maylene,michellemaylene,DFFC
Michelle Monaghan,michellemonaghan,Celeb
Michelle Rodriguez,michellerodriguez,DFFC
Michelle Ryan,michelleryan,Celeb
Michelle Rzepecki,michellerzepecki,DFFC
Michelle Snow,michellesnow,DFFC
Michelle Stafford,michellestafford,Celeb
Michelle Thorne,michellethorne,DFFC
Michelle Vawer,michellevawer,Celeb
Michelle Vieth,michellevieth,Celeb
Michelle Williams,michellewilliams,Celeb
Michelle Yeoh,michelleyeoh,DFFC
Michiel Vos,michielvos,DFFC
Michio Watanabe,michiowatanabe,DFFC
Michèle Laroque,michlelaroque,DFFC
Michèle Mouton,michlemouton,DFFC
Mick Blue,mickblue,DFFC
Mick Cocks,mickcocks,DFFC
Mick Garris,mickgarris,DFFC
Mick Hucknall,mickhucknall,Celeb
Mick Jagger,mickjagger,DFFC
Mick Mars,mickmars,Celeb
Mick Taylor,micktaylor,Celeb
Mickaël Gelabale,mickalgelabale,DFFC
Mickaël Landreau,mickallandreau,DFFC
Mickell Gladness,mickellgladness,DFFC
Mickey Hart,mickeyhart,DFFC
Mickey Kuhn,mickeykuhn,DFFC
Mickey Mantle,mickeymantle,Celeb
Mickey Rivers,mickeyrivers,DFFC
Mickey Roker,mickeyroker,DFFC
Mickey Sullivan,mickeysullivan,DFFC
Mickey Wernick,mickeywernick,DFFC
Micki King,mickiking,DFFC
Mickie James,mickiejames,DFFC
Micky Mellon,mickymellon,DFFC
Micky Ward,mickyward,DFFC
Mieczysław Nowicki,mieczysawnowicki,DFFC
Mieka Pauley,miekapauley,DFFC
Miesha Tate,mieshatate,DFFC
Miguel Alfonso Herrero,miguelalfonsoherrero,DFFC
Miguel Barzola,miguelbarzola,DFFC
Miguel Britos,miguelbritos,DFFC
Miguel Calero,miguelcalero,DFFC
Miguel Cerejido,miguelcerejido,DFFC
Miguel Fuentes,miguelfuentes,DFFC
Miguel Maria Giambelli,miguelmariagiambelli,DFFC
Miguel Molina,miguelmolina,DFFC
Miguel de la Espriella,migueldelaespriella,DFFC
Miguel Ángel Jiménez,miguelngeljimnez,DFFC
Miguel Ángel Russo,miguelngelrusso,DFFC
Mihai Popescu,mihaipopescu,DFFC
Miho Fukumoto,mihofukumoto,DFFC
Miho Kanno,mihokanno,Celeb
Miho Mosulishvili,mihomosulishvili,DFFC
Miho Nakayama,mihonakayama,Celeb
Miho Yabe,mihoyabe,Celeb
Mihăiță Pleșan,mihiplean,DFFC
Miikka Anttila,miikkaanttila,DFFC
Miiko Albornoz,miikoalbornoz,DFFC
Mijaín López,mijanlpez,DFFC
Mika Boorem,mikaboorem,DFFC
Mika Brzezinski,mikabrzezinski,DFFC
Mika Mifune,mikamifune,Celeb
Mika Poutala,mikapoutala,DFFC
Mika Salo,mikasalo,DFFC
Mika Tan,mikatan,DFFC
Mikael Antonsson,mikaelantonsson,DFFC
Mikael Colville-Andersen,mikaelcolvilleandersen,DFFC
Mikael Johansson,mikaeljohansson,DFFC
Mikael Lustig,mikaellustig,DFFC
Mikael Rosén,mikaelrosn,DFFC
Mikael Wiehe,mikaelwiehe,DFFC
Mikal Cronin,mikalcronin,DFFC
Mike Alexander,mikealexander,DFFC
Mike Alstott,mikealstott,DFFC
Mike Binder,mikebinder,Celeb
Mike Brown,mikebrown,DFFC
Mike Brumley,mikebrumley,DFFC
Mike Byster,mikebyster,DFFC
Mike Campbell,mikecampbell,Celeb
Mike Carlin,mikecarlin,DFFC
Mike Carlton,mikecarlton,DFFC
Mike Carona,mikecarona,DFFC
Mike Chavez-Dawson,mikechavezdawson,DFFC
Mike Conway,mikeconway,DFFC
Mike D'Antoni,mikedantoni,DFFC
Mike Dart,mikedart,DFFC
Mike Deodato,mikedeodato,DFFC
Mike DiMuro,mikedimuro,DFFC
Mike Dirnt,mikedirnt,Celeb
Mike Epps,mikeepps,Celeb
Mike Eruzione,mikeeruzione,DFFC
Mike Estabrook,mikeestabrook,DFFC
Mike Farrell,mikefarrell,DFFC
Mike Figgis,mikefiggis,DFFC
Mike Finn,mikefinn,DFFC
Mike Francesa,mikefrancesa,DFFC
Mike Friedrich,mikefriedrich,DFFC
Mike Fuentes,mikefuentes,DFFC
Mike Gambino,mikegambino,DFFC
Mike Glita,mikeglita,DFFC
Mike Godwin,mikegodwin,DFFC
Mike Golic,mikegolic,DFFC
Mike Goodson,mikegoodson,DFFC
Mike Gottfried,mikegottfried,DFFC
Mike Green,mikegreen,DFFC
Mike Grell,mikegrell,DFFC
Mike Harding,mikeharding,DFFC
Mike Hart,mikehart,DFFC
Mike Hohensee,mikehohensee,DFFC
Mike Hoolboom,mikehoolboom,DFFC
Mike Huckabee,mikehuckabee,Celeb
Mike Inez,mikeinez,DFFC
Mike Iupati,mikeiupati,DFFC
Mike Jackson,mikejackson,DFFC
Mike James,mikejames,DFFC
Mike Jenkins,mikejenkins,DFFC
Mike Jittlov,mikejittlov,DFFC
Mike Keneally,mikekeneally,DFFC
Mike Kinsella,mikekinsella,DFFC
Mike Koplove,mikekoplove,DFFC
Mike Kowalski,mikekowalski,DFFC
Mike Krahulik,mikekrahulik,DFFC
Mike Lange,mikelange,DFFC
Mike Leach,mikeleach,DFFC
Mike Leon Grosch,mikeleongrosch,DFFC
Mike Lookinland,mikelookinland,Celeb
Mike Martin,mikemartin,DFFC
Mike Masnick,mikemasnick,DFFC
Mike Matusow,mikematusow,DFFC
Mike Mazurki,mikemazurki,DFFC
Mike McCarthy,mikemccarthy,DFFC
Mike McCoy,mikemccoy,DFFC
Mike Mills,mikemills,DFFC
Mike Mitchell,mikemitchell,DFFC
Mike Mohamed,mikemohamed,DFFC
Mike Morgan,mikemorgan,DFFC
Mike Muchlinski,mikemuchlinski,DFFC
Mike Muscala,mikemuscala,DFFC
Mike Myers,mikemyers,DFFC
Mike O'Malley,mikeomalley,DFFC
Mike Pagliarulo,mikepagliarulo,DFFC
Mike Piazza,mikepiazza,DFFC
Mike Polchlopek,mikepolchlopek,DFFC
Mike Quackenbush,mikequackenbush,DFFC
Mike Remmers,mikeremmers,DFFC
Mike Rinder,mikerinder,DFFC
Mike Roarke,mikeroarke,DFFC
Mike Rojas,mikerojas,DFFC
Mike Rossman,mikerossman,DFFC
Mike Schroepfer,mikeschroepfer,DFFC
Mike Scully,mikescully,DFFC
Mike Sexton,mikesexton,DFFC
Mike Shanahan,mikeshanahan,DFFC
Mike Shannon,mikeshannon,DFFC
Mike Sherman,mikesherman,DFFC
Mike Shinoda,mikeshinoda,Celeb
Mike Sislo,mikesislo,DFFC
Mike Skinner,mikeskinner,DFFC
Mike Smith,mikesmith,DFFC
Mike Spegal,mikespegal,DFFC
Mike Stevens,mikestevens,DFFC
Mike Tenay,miketenay,DFFC
Mike Tomlin,miketomlin,DFFC
Mike Tyson,miketyson,DFFC
Mike Vernon,mikevernon,DFFC
Mike Vogel,mikevogel,Celeb
Mike Wallace,mikewallace,DFFC
Mike Walton,mikewalton,DFFC
Mike Wheeler,mikewheeler,DFFC
Mike White,mikewhite,DFFC
Mike Williamson,mikewilliamson,DFFC
Mike Winters,mikewinters,DFFC
Mikee Cojuangco,mikeecojuangco,Celeb
Mikel Landa,mikellanda,DFFC
Mikel Leshoure,mikelleshoure,DFFC
Mikel Nieve,mikelnieve,DFFC
Mikele Leigertwood,mikeleleigertwood,DFFC
Mikey Welsh,mikeywelsh,DFFC
Mikey Whipwreck,mikeywhipwreck,DFFC
Mikhail Bagayev,mikhailbagayev,DFFC
Mikhail Baryshnikov,mikhailbaryshnikov,Celeb
Mikhail Egorovich Alekseev,mikhailegorovichalekseev,DFFC
Mikhail Grabovski,mikhailgrabovski,DFFC
Mikhail Grigorenko,mikhailgrigorenko,DFFC
Mikhail Kerzhakov,mikhailkerzhakov,DFFC
Mikhail Kozlovskiy,mikhailkozlovskiy,DFFC
Mikhail Magerovski,mikhailmagerovski,DFFC
Mikhail Prokhorov,mikhailprokhorov,Celeb
Mikhail Zhvanetsky,mikhailzhvanetsky,DFFC
Miki Berkovich,mikiberkovich,DFFC
Miki Fujimoto,mikifujimoto,DFFC
Miki Malör,mikimalr,DFFC
Miki Satō,mikisat,DFFC
Mikiko Yano,mikikoyano,Celeb
Mikk Pahapill,mikkpahapill,DFFC
Mikkel Følsgaard,mikkelflsgaard,DFFC
Mikko Hirvonen,mikkohirvonen,DFFC
Mikko Vilmunen,mikkovilmunen,DFFC
Mikoi Sasaki,mikoisasaki,DFFC
Mila J,milaj,Celeb
Mila Kunis,milakunis,Celeb
Mila del Sol,miladelsol,DFFC
Milagros Cabral,milagroscabral,DFFC
Milagros Schmoll,milagrosschmoll,Celeb
Milan Biševac,milanbievac,DFFC
Milan Dozet,milandozet,DFFC
Milan Kojić,milankoji,DFFC
Milan Lucic,milanlucic,DFFC
Milan Obradović,milanobradovi,DFFC
Milan Rodić,milanrodi,DFFC
Milan Vilotić,milanviloti,DFFC
Milana Terloeva,milanaterloeva,DFFC
Mildred Dresselhaus,mildreddresselhaus,DFFC
Mildred Dunnock,mildreddunnock,DFFC
Milenko Tepić,milenkotepi,DFFC
Miler Bolaños,milerbolaos,DFFC
Miles Benjamin Anthony Robinson,milesbenjaminanthonyrobinson,DFFC
Miles Burris,milesburris,DFFC
Miles Davis,milesdavis,Celeb
Miles Jupp,milesjupp,DFFC
Miles O'Brien,milesobrien,DFFC
Miles Tunnicliff,milestunnicliff,DFFC
Mili Jay,milijay,DFFC
Miljenko Jergović,miljenkojergovi,DFFC
Milka Duno,milkaduno,DFFC
Milla Jovovich,millajovovich,DFFC
Millard Hampton,millardhampton,DFFC
Millard Mitchell,millardmitchell,DFFC
Millard Powers,millardpowers,DFFC
Millie Mackintosh,milliemackintosh,Celeb
Milly Rosso,millyrosso,Celeb
Milo Hamilton,milohamilton,DFFC
Milo Ventimiglia,miloventimiglia,DFFC
Milo Yiannopoulos,miloyiannopoulos,DFFC
Milos Raonic,milosraonic,DFFC
Miloš Dimitrijević,milodimitrijevi,DFFC
Miloš Jojić,milojoji,DFFC
Miloš Krasić,milokrasi,DFFC
Miloš Kruščić,milokrui,DFFC
Miloš Mikeln,milomikeln,DFFC
Milton Caniff,miltoncaniff,DFFC
Milton Cruz,miltoncruz,DFFC
Milton Frome,miltonfrome,DFFC
Milton Glaser,miltonglaser,DFFC
Milton Wynants,miltonwynants,DFFC
Mimi Miyagi,mimimiyagi,DFFC
Mims,mims,DFFC
Min Do-hee,mindohee,DFFC
Min Hyo-rin,minhyorin,DFFC
Min-Young Park,minyoungpark,Celeb
Min-ho Lee,minholee,Celeb
Min-ki Lee,minkilee,Celeb
Mina Markovič,minamarkovi,DFFC
Minami Minegishi,minamiminegishi,DFFC
Minami Takahashi,minamitakahashi,DFFC
Minatsu Mitani,minatsumitani,DFFC
Mindy Cohn,mindycohn,Celeb
Mindy Kaling,mindykaling,DFFC
Mindy Smith,mindysmith,DFFC
Minerva G Carcaño,minervagcarcao,DFFC
Ming Xi,mingxi,Celeb
Mingiyan Semenov,mingiyansemenov,DFFC
Minh Ly,minhly,DFFC
Mini Anden,minianden,Celeb
Minissha Lamba,minisshalamba,DFFC
Mink Brar,minkbrar,Celeb
Minka Kelly,minkakelly,DFFC
Minna Nikkanen,minnanikkanen,DFFC
Minnie Gupta,minniegupta,Celeb
Minori Chihara,minorichihara,DFFC
Mira Aroyo,miraaroyo,DFFC
Miralem Pjanić,miralempjani,DFFC
Miranda Cicognani,mirandacicognani,DFFC
Miranda July,mirandajuly,DFFC
Miranda Kerr,mirandakerr,Celeb
Miranda Richardson,mirandarichardson,DFFC
Mircea Diaconu,mirceadiaconu,DFFC
Mircea Lucescu,mircealucescu,DFFC
Mircea Pârligras,mirceaprligras,DFFC
Mireille Darc,mireilledarc,Celeb
Mireille Enos,mireilleenos,Celeb
Miri Ben-Ari,miribenari,DFFC
Miriam Ben-Porat,miriambenporat,DFFC
Miriam Candurro,miriamcandurro,Celeb
Miriam Leone,miriamleone,DFFC
Miriam McDonald,miriammcdonald,Celeb
Miriam Pielhau,miriampielhau,Celeb
Miriam Stein,miriamstein,DFFC
Miriam Ziegler,miriamziegler,DFFC
Mirjam Weichselbraun,mirjamweichselbraun,Celeb
Mirjana Joković,mirjanajokovi,DFFC
Mirka Federer,mirkafederer,DFFC
Mirko Celestino,mirkocelestino,DFFC
Mirko Vučinić,mirkovuini,DFFC
Miro Bilan,mirobilan,DFFC
Miroslav Lobantsev,miroslavlobantsev,DFFC
Miroslav Radović,miroslavradovi,DFFC
Miroslav Raduljica,miroslavraduljica,DFFC
Mirosława Litmanowicz,mirosawalitmanowicz,DFFC
Mirte Maas,mirtemaas,Celeb
Mirusia Louwerse,mirusialouwerse,DFFC
Miryo,miryo,DFFC
Mirza Tahir Ahmad,mirzatahirahmad,DFFC
Misa Campo,misacampo,Celeb
Misako Yasuda,misakoyasuda,Celeb
Mischa Barton,mischabarton,Celeb
Misha Collins,mishacollins,DFFC
Misha Ge,mishage,DFFC
Miss Foozie,missfoozie,DFFC
Miss Ming,missming,DFFC
Missi Pyle,missipyle,Celeb
Missy Elliott,missyelliott,DFFC
Missy Higgins,missyhiggins,DFFC
Missy Misdemeanor Elliott,missymisdemeanorelliott,Celeb
Missy Rayder,missyrayder,Celeb
Mistah FAB,mistahfab,DFFC
Misty Copeland,mistycopeland,Celeb
Misty May-Treanor,mistymaytreanor,DFFC
Misty Mundae,mistymundae,Celeb
Misty Stone,mistystone,DFFC
Mitch Halpern,mitchhalpern,DFFC
Mitch Hedberg,mitchhedberg,DFFC
Mitch Lucker,mitchlucker,DFFC
Mitch McGary,mitchmcgary,DFFC
Mitchel Musso,mitchelmusso,DFFC
Mitchel Resnick,mitchelresnick,DFFC
Mitchell Duke,mitchellduke,DFFC
Mitchell Gourley,mitchellgourley,DFFC
Mitchell Islam,mitchellislam,DFFC
Mitchell Schwartz,mitchellschwartz,DFFC
Mithra Jin,mithrajin,DFFC
Mitsuki Tanimura,mitsukitanimura,Celeb
Miwa Asao,miwaasao,DFFC
Miwa Fukuhara,miwafukuhara,DFFC
Miwa Oshiro,miwaoshiro,Celeb
Miyako Matsumoto,miyakomatsumoto,DFFC
Miyavi,miyavi,DFFC
Miyuki Maeda,miyukimaeda,DFFC
Mizuho Sakaguchi,mizuhosakaguchi,DFFC
Mladen Palac,mladenpalac,DFFC
Mladen Petrić,mladenpetri,DFFC
Mo Farah,mofarah,DFFC
Mo Rocca,morocca,DFFC
Mo Willems,mowillems,DFFC
Mo Yan,moyan,DFFC
Moa Gammel,moagammel,DFFC
Moa Kikuchi,moakikuchi,DFFC
Mocky,mocky,DFFC
Moe Drabowsky,moedrabowsky,DFFC
Moeletsi Mbeki,moeletsimbeki,DFFC
Moestopo,moestopo,DFFC
Mohamed Al-Fayed,mohamedalfayed,DFFC
Mohamed Albuflasa,mohamedalbuflasa,DFFC
Mohamed Charmi,mohamedcharmi,DFFC
Mohamed El-Sayed,mohamedelsayed,DFFC
Mohamed Elneny,mohamedelneny,DFFC
Mohamed Hassanein Heikal,mohamedhassaneinheikal,DFFC
Mohamed Kamara,mohamedkamara,DFFC
Mohamed Omar,mohamedomar,DFFC
Mohamed Salah,mohamedsalah,DFFC
Mohammad Abshak,mohammadabshak,DFFC
Mohammad Ashraf,mohammadashraf,DFFC
Mohammad Asif,mohammadasif,DFFC
Mohammad Ghazi,mohammadghazi,DFFC
Mohammad Reza Khalatbari,mohammadrezakhalatbari,DFFC
Mohammad Reza Mahdavi,mohammadrezamahdavi,DFFC
Mohammad Usman Rana,mohammadusmanrana,DFFC
Mohammad-Reza Shafiei Kadkani,mohammadrezashafieikadkani,DFFC
Mohammed Al Amoudi,mohammedalamoudi,Celeb
Mohammed Assaf,mohammedassaf,DFFC
Mohammed Bilal Khatri,mohammedbilalkhatri,DFFC
Mohammed Fellah,mohammedfellah,DFFC
Mohammed Seisay,mohammedseisay,DFFC
Mohit Raina,mohitraina,Celeb
Mohsen Badawi,mohsenbadawi,DFFC
Mohsen Delir,mohsendelir,DFFC
Moira Shearer,moirashearer,Celeb
Moisés Arias,moissarias,DFFC
Moisés Hurtado,moisshurtado,DFFC
Moisés Muñoz,moissmuoz,DFFC
Mojca Kopač,mojcakopa,DFFC
Mojo Nixon,mojonixon,DFFC
Mollie King,mollieking,Celeb
Molly Burnett,mollyburnett,Celeb
Molly Holly,mollyholly,DFFC
Molly Neuman,mollyneuman,DFFC
Molly Parker,mollyparker,Celeb
Molly Ringwald,mollyringwald,Celeb
Molly Smitten-Downes,mollysmittendownes,DFFC
Momoko Tani,momokotani,Celeb
Momoko Ueda,momokoueda,DFFC
Mona Johannesson,monajohannesson,Celeb
Monali Thakur,monalithakur,DFFC
Monet Mazur,monetmazur,Celeb
Monfils Gael,monfilsgael,Celeb
Monica,monica,DFFC
Monica Anghel,monicaanghel,DFFC
Monica Antonopulos,monicaantonopulos,Celeb
Monica Arnold,monicaarnold,Celeb
Monica Ayos,monicaayos,Celeb
Monica Bedi,monicabedi,Celeb
Monica Cruz,monicacruz,Celeb
Monica Hickmann Alves,monicahickmannalves,DFFC
Monica Ivancan,monicaivancan,Celeb
Monica Keena,monicakeena,Celeb
Monica Lewinsky,monicalewinsky,DFFC
Monica Mayhem,monicamayhem,DFFC
Monica Sweetheart,monicasweetheart,DFFC
Monica Vitti,monicavitti,Celeb
Monika Brodka,monikabrodka,Celeb
Monika Jagaciak,monikajagaciak,Celeb
Monika Simančíková,monikasimankov,DFFC
Monika Tsõganova,monikatsganova,DFFC
Monique Alfradique,moniquealfradique,Celeb
Monique Coleman,moniquecoleman,DFFC
Monique DeMoan,moniquedemoan,DFFC
Monique Parent,moniqueparent,Celeb
Monique Wright,moniquewright,DFFC
Monk Montgomery,monkmontgomery,DFFC
Monroe Greg,monroegreg,Celeb
Montana Cox,montanacox,DFFC
Monte Money,montemoney,Celeb
Monte Yoho,monteyoho,DFFC
Montserrat Figueras,montserratfigueras,DFFC
Monty Oum,montyoum,DFFC
Monty Roberts,montyroberts,DFFC
Moon Soon-ho,moonsoonho,DFFC
Moran Atias,moranatias,Celeb
Moran Mazor,moranmazor,DFFC
Mordechai Vanunu,mordechaivanunu,DFFC
Morena Baccarin,morenabaccarin,Celeb
Moreno Argentin,morenoargentin,DFFC
Moreno Moser,morenomoser,DFFC
Morgan Brian,morganbrian,DFFC
Morgan Cox,morgancox,DFFC
Morgan De Sanctis,morgandesanctis,DFFC
Morgan Fairchild,morganfairchild,DFFC
Morgan Freeman,morganfreeman,DFFC
Morgan Lake,morganlake,DFFC
Morgan Lamoisson,morganlamoisson,DFFC
Morgan Lily,morganlily,Celeb
Morgan Schneiderlin,morganschneiderlin,DFFC
Morgan Trent,morgantrent,DFFC
Morgane Dubled,morganedubled,Celeb
Moritz Bleibtreu,moritzbleibtreu,Celeb
Moritz Milatz,moritzmilatz,DFFC
Moritz Stoppelkamp,moritzstoppelkamp,DFFC
Moritz Volz,moritzvolz,DFFC
"Moritz, Landgrave of Hesse",moritzlandgraveofhesse,DFFC
Morris Chestnut,morrischestnut,Celeb
Morris Possoni,morrispossoni,DFFC
Morrissey,morrissey,DFFC
Morten Harket,mortenharket,DFFC
Morten Pedersen,mortenpedersen,DFFC
Morten Schantz,mortenschantz,DFFC
Morten Skaget,mortenskaget,DFFC
Morten Veland,mortenveland,DFFC
Morteza Mahjoub,mortezamahjoub,DFFC
Mos Def,mosdef,Celeb
Moses Chan,moseschan,DFFC
Moshe Kasher,moshekasher,DFFC
Mother Teresa,motherteresa,DFFC
Moti Kirschenbaum,motikirschenbaum,DFFC
Mototsugu Shimizu,mototsugushimizu,DFFC
Mouhamadou Dabo,mouhamadoudabo,DFFC
Moultrie Arnett,moultriearnett,Celeb
Moussa Maâzou,moussamazou,DFFC
Moussa Sissoko,moussasissoko,DFFC
Moxie,moxie,DFFC
Mr Gannosuke,mrgannosuke,DFFC
Mr Lawrence,mrlawrence,DFFC
Mr Scruff,mrscruff,DFFC
Mree,mree,DFFC
Ms Dynamite,msdynamite,DFFC
Muffy Calder,muffycalder,DFFC
Mugdha Godse,mugdhagodse,Celeb
Muge Boz,mugeboz,Celeb
Muhammad Ali Pate,muhammadalipate,DFFC
Muhammad Sharif,muhammadsharif,DFFC
Muhammad Shariff,muhammadshariff,DFFC
Muhammad Yunus,muhammadyunus,DFFC
Muhammed Lawal,muhammedlawal,DFFC
Muhammet Demir,muhammetdemir,DFFC
Muhsinah,muhsinah,DFFC
Mujaddid Ahmed Ijaz,mujaddidahmedijaz,DFFC
Mukhlid Al-Otaibi,mukhlidalotaibi,DFFC
Muminjon Abdullaev,muminjonabdullaev,DFFC
Muna,muna,DFFC
Munisha Rajpal,munisharajpal,DFFC
Munro Chambers,munrochambers,Celeb
Murali,murali,Celeb
Murali Kartik,muralikartik,DFFC
Murat Yildirim,muratyildirim,Celeb
Murcof,murcof,DFFC
Muriel Hurtis,murielhurtis,Celeb
Muriel Hurtis-Houairi,murielhurtishouairi,DFFC
Murielle Ahouré,murielleahour,DFFC
Murilo Benicio,murilobenicio,Celeb
Murilo Fischer,murilofischer,DFFC
Muriqui,muriqui,DFFC
Murray Gell-Mann,murraygellmann,DFFC
Murray Hamilton,murrayhamilton,DFFC
Murray Haszard,murrayhaszard,DFFC
Murray Head,murrayhead,DFFC
Murray the K,murraythek,DFFC
Murry Dickson,murrydickson,DFFC
Musetta Vander,musettavander,DFFC
Musiq Soulchild,musiqsoulchild,Celeb
Muska,muska,DFFC
Mustafa Kučuković,mustafakuukovi,DFFC
Mustafa Pektemek,mustafapektemek,DFFC
Mustafa Yılmaz,mustafaylmaz,DFFC
Mutlu Topçu,mutlutopu,DFFC
Mutya Buena,mutyabuena,DFFC
MyAnna Buring,myannaburing,Celeb
Mya,mya,Celeb
Mykelti Williamson,mykeltiwilliamson,Celeb
Mylene Demongeot,mylenedemongeot,Celeb
Mylene Farmer,mylenefarmer,Celeb
Myles Kennedy,myleskennedy,Celeb
Mylène Dinh-Robic,mylnedinhrobic,DFFC
Myq Kaplan,myqkaplan,DFFC
Myriam Bru,myriambru,DFFC
Myriane Samson,myrianesamson,DFFC
Myrna Loy,myrnaloy,Celeb
MzVee,mzvee,DFFC
Mzonke Fana,mzonkefana,DFFC
Mário Breška,mriobreka,DFFC
Mário Felgueiras,mriofelgueiras,DFFC
Máximo,mximo,DFFC
Märt Israel,mrtisrael,DFFC
Märta Tikkanen,mrtatikkanen,DFFC
Mélanie René,mlanieren,DFFC
Mélanie Thierry,mlaniethierry,DFFC
Mërgim Mavraj,mrgimmavraj,DFFC
Mícheál Ó Domhnaill,mcheldomhnaill,DFFC
Mícheál Ó Muircheartaigh,mchelmuircheartaigh,DFFC
Mónica Puig,mnicapuig,DFFC
Māris Štrombergs,mristrombergs,DFFC
Mădălina Gojnea,mdlinagojnea,DFFC
N Scott Momaday,nscottmomaday,DFFC
NCA,nca,DFFC
Naaman Roosevelt,naamanroosevelt,DFFC
Nabil Fekir,nabilfekir,DFFC
Nacer Barazite,nacerbarazite,DFFC
Nacer Chadli,nacerchadli,DFFC
Nacho Novo,nachonovo,DFFC
Nacho Vigalondo,nachovigalondo,DFFC
Nadav Henefeld,nadavhenefeld,DFFC
Nadeea,nadeea,DFFC
Nadejda Savcova,nadejdasavcova,Celeb
Nadia Ali,nadiaali,DFFC
Nadia Bjorlin,nadiabjorlin,DFFC
Nadia Buari,nadiabuari,Celeb
Nadia Dajani,nadiadajani,DFFC
Nadia Litz,nadialitz,DFFC
Nadia Serlidou,nadiaserlidou,Celeb
Nadiia Kichenok,nadiiakichenok,DFFC
Nadine Coyle,nadinecoyle,Celeb
Nadine Garner,nadinegarner,DFFC
Nadine Kleinert,nadinekleinert,DFFC
Nadine Müller,nadinemller,DFFC
Nadine Samonte,nadinesamonte,Celeb
Nadine Velazquez,nadinevelazquez,Celeb
Nadine Warmuth,nadinewarmuth,Celeb
Nadja Auermann,nadjaauermann,Celeb
Nadja Benaissa,nadjabenaissa,DFFC
Nadja Sieger,nadjasieger,DFFC
Nadya Nepomnyashaya,nadyanepomnyashaya,Celeb
Nadège Lacroix,nadgelacroix,DFFC
Nae Lăzărescu,naelzrescu,DFFC
Naftali Temu,naftalitemu,DFFC
Naganori Ito,naganoriito,DFFC
Nagehan Akşan,nagehanakan,DFFC
Nagi Sakai,nagisakai,Celeb
Nagui,nagui,DFFC
Nahir Oyal,nahiroyal,DFFC
Nail Yakupov,nailyakupov,DFFC
Naima Mora,naimamora,Celeb
Nairo Quintana,nairoquintana,DFFC
Najee Goode,najeegoode,DFFC
Nakako Tsuzuki,nakakotsuzuki,DFFC
Nakuul Mehta,nakuulmehta,Celeb
Nam Hyun-hee,namhyunhee,DFFC
Nam Ji-hyun,namjihyun,DFFC
Namitha,namitha,Celeb
Namrata Shrestha,namratashrestha,Celeb
Nan Goldin,nangoldin,DFFC
Nan Wynn,nanwynn,DFFC
Nana Dzagnidze,nanadzagnidze,DFFC
Nana Meriwether,nanameriwether,DFFC
Nana Mouskouri,nanamouskouri,Celeb
Nana Takeda,nanatakeda,DFFC
Nanase Nishino,nanasenishino,DFFC
Nancy Allen,nancyallen,Celeb
Nancy Carell,nancycarell,Celeb
Nancy Carroll,nancycarroll,Celeb
Nancy Davis,nancydavis,Celeb
Nancy Duplaa,nancyduplaa,Celeb
Nancy Dussault,nancydussault,DFFC
Nancy Grace,nancygrace,Celeb
Nancy Kelly,nancykelly,Celeb
Nancy Kerrigan,nancykerrigan,DFFC
Nancy Kovack,nancykovack,Celeb
Nancy Kress,nancykress,DFFC
Nancy Kwan,nancykwan,Celeb
Nancy McKeon,nancymckeon,Celeb
Nancy ODell,nancyodell,Celeb
Nancy Stafford,nancystafford,DFFC
Nancy Walker,nancywalker,DFFC
Nancy Wexler,nancywexler,DFFC
Nancy Wilson,nancywilson,DFFC
Nandita Das,nanditadas,Celeb
Nando Reis,nandoreis,DFFC
Nando de Colo,nandodecolo,DFFC
Nanne Grönvall,nannegrnvall,DFFC
Naohiro Takahara,naohirotakahara,DFFC
Naoki Hattori,naokihattori,DFFC
Naomi Campbell,naomicampbell,DFFC
Naomi Judd,naomijudd,DFFC
Naomi Lang,naomilang,DFFC
Naomie Harris,naomieharris,Celeb
Napakpapha Nakprasitte,napakpaphanakprasitte,DFFC
Nappy Brown,nappybrown,DFFC
Nardwuar the Human Serviette,nardwuarthehumanserviette,DFFC
Nargis Fakhri,nargisfakhri,DFFC
Narumi Takahashi,narumitakahashi,DFFC
Nas,nas,Celeb
Naseeruddin Shah,naseeruddinshah,Celeb
Nasir Aslam Wani,nasiraslamwani,DFFC
Nasri,nasri,DFFC
Nasrin Sotoudeh,nasrinsotoudeh,DFFC
Nasser Al Attiya,nasseralattiya,Celeb
Nasser Al-Attiyah,nasseralattiyah,DFFC
Nastasia Noens,nastasianoens,DFFC
Nastassja Kinski,nastassjakinski,DFFC
Nastya Kunskaya,nastyakunskaya,Celeb
Nat Faxon,natfaxon,DFFC
Natacha Amal,natachaamal,DFFC
Natalia Andrade,nataliaandrade,Celeb
Natalia Avelon,nataliaavelon,Celeb
Natalia Belova,nataliabelova,Celeb
Natalia Guimaraes,nataliaguimaraes,Celeb
Natalia Lafourcade,natalialafourcade,DFFC
Natalia Lesz,natalialesz,Celeb
Natalia Livingston,natalialivingston,Celeb
Natalia Molchanova,nataliamolchanova,DFFC
Natalia Oreiro,nataliaoreiro,Celeb
Natalia Osipova,nataliaosipova,DFFC
Natalia Pablos,nataliapablos,DFFC
Natalia Pacierpnik,nataliapacierpnik,DFFC
Natalia Popova,nataliapopova,DFFC
Natalia Romero,nataliaromero,DFFC
Natalia Siwiec,nataliasiwiec,Celeb
Natalia Sokolova,nataliasokolova,Celeb
Natalia Streignard,nataliastreignard,Celeb
Natalia Tena,nataliatena,DFFC
Natalia Vodianova,nataliavodianova,Celeb
Natalia Zhukova,nataliazhukova,DFFC
Natalie Achonwa,natalieachonwa,DFFC
Natalie Bassingthwaighte,nataliebassingthwaighte,DFFC
Natalie Cole,nataliecole,DFFC
Natalie Dessay,nataliedessay,DFFC
Natalie Dormer,nataliedormer,DFFC
Natalie Gal,nataliegal,Celeb
Natalie Gauci,nataliegauci,DFFC
Natalie Gruzlewski,nataliegruzlewski,Celeb
Natalie Horler,nataliehorler,Celeb
Natalie Imbruglia,natalieimbruglia,DFFC
Natalie Kill,nataliekill,Celeb
Natalie Mejia,nataliemejia,Celeb
Natalie Mendoza,nataliemendoza,Celeb
Natalie Morales,nataliemorales,DFFC
Natalie Neidhart,natalieneidhart,Celeb
Natalie Pack,nataliepack,DFFC
Natalie Paris,natalieparis,Celeb
Natalie Pike,nataliepike,Celeb
Natalie Pinkham,nataliepinkham,DFFC
Natalie Portman,natalieportman,DFFC
Natalie Raitano,natalieraitano,Celeb
Natalie Suliman,nataliesuliman,Celeb
Natalie Tran,natalietran,DFFC
Natalie Vértiz,natalievrtiz,DFFC
Natalie Wood,nataliewood,Celeb
Natalie Zea,nataliezea,DFFC
Nataliya Pyhyda,nataliyapyhyda,DFFC
Natalya,natalya,DFFC
Natalya Fateyeva,natalyafateyeva,Celeb
Natalya Mammadova,natalyamammadova,DFFC
Natalya Varley,natalyavarley,Celeb
Natar Ungalaaq,natarungalaaq,Celeb
Natasa Theodoridou,natasatheodoridou,Celeb
Natascha Badmann,nataschabadmann,DFFC
Natascha McElhone,nataschamcelhone,DFFC
Natasha Alam,natashaalam,DFFC
Natasha Bedingfield,natashabedingfield,Celeb
Natasha Gregson Wagner,natashagregsonwagner,Celeb
Natasha Hamilton,natashahamilton,Celeb
Natasha Kaplinsky,natashakaplinsky,DFFC
Natasha Poly,natashapoly,Celeb
Natasha Richardson,natasharichardson,DFFC
Natasha Thomas,natashathomas,DFFC
Natasha Trethewey,natashatrethewey,DFFC
Natasha Yi,natashayi,Celeb
Natassia Malthe,natassiamalthe,Celeb
Natasza Urbanska,nataszaurbanska,Celeb
Nataša Krsmanović,nataakrsmanovi,DFFC
Nate Berkus,nateberkus,DFFC
Nate Dogg,natedogg,DFFC
Nate Huffman,natehuffman,DFFC
Nate Hughes,natehughes,DFFC
Nate Longshore,natelongshore,DFFC
Nate Parker,nateparker,DFFC
Nate Robinson,naterobinson,DFFC
Nate Ruess,nateruess,DFFC
Nate Solder,natesolder,DFFC
Nate Thayer,natethayer,DFFC
Nate Washington,natewashington,DFFC
Nathalia Dill,nathaliadill,Celeb
Nathalie Baye,nathaliebaye,DFFC
Nathalie Edenburg,nathalieedenburg,Celeb
Nathalie Kelley,nathaliekelley,Celeb
Nathalie Nordquist,nathalienordquist,DFFC
Nathalie Péchalat,nathaliepchalat,DFFC
Nathan Aké,nathanak,DFFC
Nathan Baker,nathanbaker,DFFC
Nathan Beaulieu,nathanbeaulieu,DFFC
Nathan Brannen,nathanbrannen,DFFC
Nathan Buckley,nathanbuckley,DFFC
Nathan Cameron,nathancameron,DFFC
Nathan Coe,nathancoe,DFFC
Nathan Doyle,nathandoyle,DFFC
Nathan Fillion,nathanfillion,Celeb
Nathan Followill,nathanfollowill,Celeb
Nathan Gamble,nathangamble,DFFC
Nathan Jawai,nathanjawai,DFFC
Nathan Jones,nathanjones,DFFC
Nathan Krakouer,nathankrakouer,DFFC
Nathan Kress,nathankress,Celeb
Nathan MacKinnon,nathanmackinnon,DFFC
Nathan McCree,nathanmccree,DFFC
Nathan Tinkler,nathantinkler,DFFC
Nathan Woodward,nathanwoodward,DFFC
Nathanaël Berthon,nathanalberthon,DFFC
Nathaniel Buzolic,nathanielbuzolic,DFFC
Nathaniel Clyne,nathanielclyne,DFFC
Nathaniel Parker,nathanielparker,Celeb
Nathaniel Philbrick,nathanielphilbrick,DFFC
Nathália Rodrigues,nathliarodrigues,DFFC
Nati Abascal,natiabascal,Celeb
Natko Zrnčić-Dim,natkozrnidim,DFFC
Natnael Berhane,natnaelberhane,DFFC
Natsuhi Ueno,natsuhiueno,Celeb
Natsuko Aso,natsukoaso,DFFC
Natsuna,natsuna,Celeb
Natsuna Watanabe,natsunawatanabe,DFFC
Naturi Naughton,naturinaughton,Celeb
Nauheed Cyrusi,nauheedcyrusi,DFFC
Naum Kleiman,naumkleiman,DFFC
Nausheen Ali Sardar,nausheenalisardar,Celeb
Navab Nassirshalal,navabnassirshalal,DFFC
Navarro Carla,navarrocarla,Celeb
Navdeep,navdeep,DFFC
Navi Rawat,navirawat,Celeb
Nay Win Maung,naywinmaung,DFFC
Naya Rivera,nayarivera,DFFC
Nayantara,nayantara,DFFC
Nayeli Rangel,nayelirangel,DFFC
Naz Elmas,nazelmas,Celeb
Nazan Eckes,nazaneckes,Celeb
Nazanin Boniadi,nazaninboniadi,Celeb
Nazim Erdem,nazimerdem,DFFC
Nazri Sabri,nazrisabri,DFFC
Nazriya Nazim,nazriyanazim,DFFC
Nađa Higl,naahigl,DFFC
Ndamukong Suh,ndamukongsuh,DFFC
Ne Yo,neyo,Celeb
Neal Bishop,nealbishop,DFFC
Neal Boortz,nealboortz,DFFC
Neal Casal,nealcasal,DFFC
Neal Maupay,nealmaupay,DFFC
Neal McDonough,nealmcdonough,Celeb
Neal Steinhauer,nealsteinhauer,DFFC
Neal Tiemann,nealtiemann,DFFC
Nebahat cehre,nebahatcehre,Celeb
Necati Ateş,necatiate,DFFC
Ned Locke,nedlocke,DFFC
Ned Vaughn,nedvaughn,Celeb
Nedra Volz,nedravolz,DFFC
Neela Rasgotra,neelarasgotra,Celeb
Neetu Chandra,neetuchandra,DFFC
Neha Dhupia,nehadhupia,Celeb
Nehir Erdogan,nehirerdogan,Celeb
Neil Adams,neiladams,DFFC
Neil Armstrong,neilarmstrong,DFFC
Neil Brown,neilbrown,DFFC
Neil Cavuto,neilcavuto,DFFC
Neil Diamond,neildiamond,Celeb
Neil Hillman,neilhillman,DFFC
Neil Lawson Baker,neillawsonbaker,DFFC
Neil Marshall,neilmarshall,DFFC
Neil Robertson,neilrobertson,DFFC
Neil Sedaka,neilsedaka,Celeb
Neil Warnock,neilwarnock,DFFC
Neil Young,neilyoung,Celeb
Neile Adams,neileadams,Celeb
Neill Blomkamp,neillblomkamp,DFFC
Neill Collins,neillcollins,DFFC
Neith Nevelson,neithnevelson,DFFC
Nejc Pečnik,nejcpenik,DFFC
Neko Case,nekocase,Celeb
Nell McAndrew,nellmcandrew,Celeb
Nelli Zhiganshina,nellizhiganshina,DFFC
Nellie Kim,nelliekim,DFFC
Nellie McKay,nelliemckay,DFFC
Nelly,nelly,DFFC
Nelsan Ellis,nelsanellis,Celeb
Nelson Cruz,nelsoncruz,DFFC
Nelson DeCastro,nelsondecastro,DFFC
Nelson Mariano II,nelsonmarianoii,DFFC
Nelson Olmsted,nelsonolmsted,DFFC
Nemanja Bjelica,nemanjabjelica,DFFC
Nemanja Dangubić,nemanjadangubi,DFFC
Nemanja Gudelj,nemanjagudelj,DFFC
Nemanja Pejčinović,nemanjapejinovi,DFFC
Nemanja Tubić,nemanjatubi,DFFC
Nemanja Vidić,nemanjavidi,DFFC
Nena,nena,Celeb
Nenad Milosavljević,nenadmilosavljevi,DFFC
Neno Belan,nenobelan,DFFC
Nenê,nen,DFFC
Nerlens Noel,nerlensnoel,DFFC
Nery Pumpido,nerypumpido,DFFC
Nestor Amarilla,nestoramarilla,DFFC
Netiva Ben-Yehuda,netivabenyehuda,DFFC
Neve Campbell,nevecampbell,Celeb
Newton Faulkner,newtonfaulkner,DFFC
Neymar,neymar,Celeb
Nguyên Lê,nguynl,DFFC
Nguyễn Ngọc Trường Sơn,nguynngctrngsn,DFFC
Nguyễn Đức Soát,nguyncsot,DFFC
Ngwane Hansel,ngwanehansel,DFFC
Nia Künzer,niaknzer,DFFC
Nia Long,nialong,DFFC
Nia Peeples,niapeeples,Celeb
Nia Vardalos,niavardalos,DFFC
Niall Breslin,niallbreslin,DFFC
Niall Ferguson,niallferguson,DFFC
Niall Horan,niallhoran,Celeb
Niall Matter,niallmatter,DFFC
Niall Quinn,niallquinn,DFFC
Niccolò Fabi,niccolfabi,DFFC
Nicholas B Suntzeff,nicholasbsuntzeff,DFFC
Nicholas Benson,nicholasbenson,DFFC
Nicholas Brendon,nicholasbrendon,Celeb
Nicholas Briggs,nicholasbriggs,DFFC
Nicholas D'Agosto,nicholasdagosto,Both
Nicholas Fitzgerald,nicholasfitzgerald,DFFC
Nicholas Hoult,nicholashoult,DFFC
Nicholas Lea,nicholaslea,Celeb
Nicholas Lore,nicholaslore,DFFC
Nicholas Lyndhurst,nicholaslyndhurst,Celeb
Nicholas Monroe,nicholasmonroe,DFFC
Nicholas Negroponte,nicholasnegroponte,DFFC
Nicholas Pert,nicholaspert,DFFC
Nicholas Pettas,nicholaspettas,DFFC
Nicholas Pileggi,nicholaspileggi,DFFC
Nicholas Santos,nicholassantos,DFFC
Nicholas Schorsch,nicholasschorsch,DFFC
"Nicholas Stern, Baron Stern of Brentford",nicholassternbaronsternofbrentford,DFFC
Nicholas Thorburn,nicholasthorburn,DFFC
Nichole Cordova,nicholecordova,Celeb
Nichole Hiltz,nicholehiltz,Celeb
Nick Barmby,nickbarmby,DFFC
Nick Bonino,nickbonino,DFFC
Nick Borgen,nickborgen,DFFC
Nick Bostrom,nickbostrom,DFFC
Nick Bradbury,nickbradbury,DFFC
Nick Cannon,nickcannon,Celeb
Nick Cardy,nickcardy,DFFC
Nick Carter,nickcarter,DFFC
Nick Cassavetes,nickcassavetes,DFFC
Nick Cave,nickcave,Celeb
Nick Collins,nickcollins,DFFC
Nick Cunningham,nickcunningham,DFFC
Nick D'Aloisio,nickdaloisio,DFFC
Nick Delpopolo,nickdelpopolo,Celeb
Nick Faldo,nickfaldo,DFFC
Nick Frost,nickfrost,DFFC
Nick Gillespie,nickgillespie,DFFC
Nick Goings,nickgoings,DFFC
Nick Hemming,nickhemming,DFFC
Nick Heyward,nickheyward,DFFC
Nick Holmes,nickholmes,DFFC
Nick Holt,nickholt,DFFC
Nick Hornby,nickhornby,DFFC
Nick Jennings,nickjennings,DFFC
Nick Jonas,nickjonas,Celeb
Nick Kotz,nickkotz,DFFC
Nick Lachey,nicklachey,DFFC
Nick Leddy,nickleddy,DFFC
Nick Loren,nickloren,DFFC
Nick Mason,nickmason,DFFC
Nick Matthew,nickmatthew,DFFC
Nick Moody,nickmoody,DFFC
Nick Nuyens,nicknuyens,DFFC
Nick Oudendag,nickoudendag,DFFC
Nick Owen,nickowen,DFFC
Nick Perito,nickperito,DFFC
Nick Rhodes,nickrhodes,Celeb
Nick Roach,nickroach,DFFC
Nick Roux,nickroux,Celeb
Nick Saban,nicksaban,DFFC
Nick Schilder,nickschilder,DFFC
Nick Schulman,nickschulman,DFFC
Nick Seymour,nickseymour,DFFC
Nick Simmons,nicksimmons,DFFC
Nick Stahl,nickstahl,Celeb
Nick Sundberg,nicksundberg,DFFC
Nick Swisher,nickswisher,Celeb
Nick Symmonds,nicksymmonds,DFFC
Nick Van Exel,nickvanexel,DFFC
Nick Willis,nickwillis,DFFC
Nick Zano,nickzano,Celeb
Nick Zinner,nickzinner,DFFC
Nickel Ashmeade,nickelashmeade,DFFC
Nickell Robey,nickellrobey,DFFC
Nicki Aycox,nickiaycox,Celeb
Nicklas Heinerö,nicklasheiner,DFFC
Nicklas Helenius,nicklashelenius,DFFC
Nicky Barnes,nickybarnes,DFFC
Nicky Byrne,nickybyrne,DFFC
Nicky Hilton,nickyhilton,Celeb
Nicky Katt,nickykatt,Celeb
Nicky Maynard,nickymaynard,DFFC
Nicky Oppenheimer,nickyoppenheimer,Celeb
Nicky Samuels,nickysamuels,DFFC
Nicky Wroe,nickywroe,DFFC
Niclas Jönsson,niclasjnsson,DFFC
Nico Mattan,nicomattan,DFFC
Nico Monien,nicomonien,DFFC
Nico Muhly,nicomuhly,DFFC
Nico Rosberg,nicorosberg,DFFC
Nicola Adams,nicolaadams,Celeb
Nicola Roberts,nicolaroberts,Celeb
Nicola Sanders,nicolasanders,DFFC
Nicola Vizzoni,nicolavizzoni,DFFC
Nicolai Boilesen,nicolaiboilesen,DFFC
Nicolas Anelka,nicolasanelka,Celeb
Nicolas Batum,nicolasbatum,DFFC
Nicolas Berggruen,nicolasberggruen,Celeb
Nicolas Cabre,nicolascabre,Celeb
Nicolas Cage,nicolascage,DFFC
Nicolas Douchez,nicolasdouchez,DFFC
Nicolas Hulot,nicolashulot,DFFC
Nicolas Iljine,nicolasiljine,DFFC
Nicolas Isimat-Mirin,nicolasisimatmirin,DFFC
Nicolas Lombaerts,nicolaslombaerts,DFFC
Nicolas Marin,nicolasmarin,DFFC
Nicolas Marroc,nicolasmarroc,DFFC
Nicolas Portal,nicolasportal,DFFC
Nicolas Riera,nicolasriera,Celeb
Nicolas Roche,nicolasroche,DFFC
Nicolas Roeg,nicolasroeg,DFFC
Nicolas Vallar,nicolasvallar,DFFC
Nicolas Winding Refn,nicolaswindingrefn,DFFC
Nicole Aniston,nicoleaniston,DFFC
Nicole Atkins,nicoleatkins,DFFC
Nicole Brossard,nicolebrossard,DFFC
Nicole Brown Simpson,nicolebrownsimpson,DFFC
Nicole Castrale,nicolecastrale,DFFC
Nicole Eggert,nicoleeggert,DFFC
Nicole Esdaile,nicoleesdaile,DFFC
Nicole Ferroni,nicoleferroni,DFFC
Nicole Gale Anderson,nicolegaleanderson,DFFC
Nicole Gibbs,nicolegibbs,DFFC
Nicole Johnson,nicolejohnson,DFFC
Nicole Kidman,nicolekidman,DFFC
Nicole Krauss,nicolekrauss,DFFC
Nicole Lapin,nicolelapin,DFFC
Nicole Schmidhofer,nicoleschmidhofer,DFFC
Nicole Sheridan,nicolesheridan,DFFC
Nicole Watt,nicolewatt,DFFC
"Nicole, Erica and Jaclyn Dahm",nicoleericaandjaclyndahm,DFFC
Nicollette Sheridan,nicollettesheridan,DFFC
Nicolás Burdisso,nicolsburdisso,DFFC
Nicolás López,nicolslpez,DFFC
Nicolás Otamendi,nicolsotamendi,DFFC
Nicolás Pareja,nicolspareja,DFFC
Nicolás Peric,nicolsperic,DFFC
Nicolás Terol,nicolsterol,DFFC
Nicolás Vergallo,nicolsvergallo,DFFC
Nicolò Melli,nicolmelli,DFFC
Nicolò Rode,nicolrode,DFFC
Nictzin Dyalhis,nictzindyalhis,DFFC
Nidhi Subbaiah,nidhisubbaiah,DFFC
Niecy Nash,niecynash,DFFC
Niels Albert,nielsalbert,DFFC
Nieminen Jarkko,nieminenjarkko,Celeb
Nigar Jamal,nigarjamal,DFFC
Nigel Barker,nigelbarker,DFFC
Nigel Bradham,nigelbradham,DFFC
Nigel Hamilton,nigelhamilton,DFFC
Nigel Hawthorne,nigelhawthorne,DFFC
Nigel Hitchin,nigelhitchin,DFFC
Nigel Kneale,nigelkneale,DFFC
Nigel Mansell,nigelmansell,DFFC
Nigel Marven,nigelmarven,DFFC
Nigel Olsson,nigelolsson,DFFC
Nigella Lawson,nigellalawson,DFFC
Nigina Abduraimova,niginaabduraimova,DFFC
Nigo,nigo,DFFC
Nijat Mammadov,nijatmammadov,DFFC
Nik Kershaw,nikkershaw,DFFC
Nik Omladič,nikomladi,DFFC
Nik Pace,nikpace,Celeb
Nik Stauskas,nikstauskas,DFFC
Nikhil Mathew,nikhilmathew,DFFC
Niki Taylor,nikitaylor,Celeb
Niki Terpstra,nikiterpstra,DFFC
Niki Zimling,nikizimling,DFFC
Nikias Arndt,nikiasarndt,DFFC
Nikica Jelavić,nikicajelavi,DFFC
Nikita Bazhenov,nikitabazhenov,DFFC
Nikita Bochkov,nikitabochkov,DFFC
Nikita Denise,nikitadenise,DFFC
Nikita Mikhalkov,nikitamikhalkov,DFFC
Nikita Nesterov,nikitanesterov,DFFC
Nikita Nikitin,nikitanikitin,DFFC
Nikita Prokhorov,nikitaprokhorov,DFFC
Nikita Scherbak,nikitascherbak,DFFC
Nikita Uglov,nikitauglov,DFFC
Nikitin Dheer,nikitindheer,DFFC
Nikka Costa,nikkacosta,Celeb
Nikki B,nikkib,Celeb
Nikki Benz,nikkibenz,Celeb
Nikki Butterfield,nikkibutterfield,DFFC
Nikki Cox,nikkicox,DFFC
Nikki Delano,nikkidelano,DFFC
Nikki Deloach,nikkideloach,Celeb
Nikki Dial,nikkidial,DFFC
Nikki Harris,nikkiharris,DFFC
Nikki Sanderson,nikkisanderson,Celeb
Nikki Sixx,nikkisixx,Celeb
Nikki Sjoberg,nikkisjoberg,Celeb
Nikki Ziering,nikkiziering,Celeb
Nikkita Holder,nikkitaholder,DFFC
Nikko Landeros,nikkolanderos,DFFC
Nikkole,nikkole,DFFC
Nikky Finney,nikkyfinney,DFFC
Niklas Moisander,niklasmoisander,DFFC
Niklas Svedberg,niklassvedberg,DFFC
Niko Koutouvides,nikokoutouvides,DFFC
Niko Valkeapää,nikovalkeap,DFFC
Nikol Rodomakina,nikolrodomakina,DFFC
Nikola Dragović,nikoladragovi,DFFC
Nikola Kalinić,nikolakalini,DFFC
Nikola Karabatić,nikolakarabati,DFFC
Nikola Maksimović,nikolamaksimovi,DFFC
Nikola Mirotić,nikolamiroti,DFFC
Nikola Peković,nikolapekovi,DFFC
Nikola Storm,nikolastorm,DFFC
Nikola Vukčević,nikolavukevi,DFFC
Nikolai Korndorf,nikolaikorndorf,DFFC
Nikolai Velikov,nikolaivelikov,DFFC
Nikolaj Lie Kaas,nikolajliekaas,DFFC
Nikolas Berger,nikolasberger,DFFC
Nikolas Maes,nikolasmaes,DFFC
Nikolay Apalikov,nikolayapalikov,DFFC
Nikolay Drozdov,nikolaydrozdov,DFFC
Nikolay Polukhin,nikolaypolukhin,DFFC
Nikoleta Lozanova,nikoletalozanova,Celeb
Nikoloz Basilashvili,nikolozbasilashvili,DFFC
Nikoloz Tskitishvili,nikoloztskitishvili,DFFC
Nikos Vertis,nikosvertis,DFFC
Nila Håkedal,nilahkedal,DFFC
Niles Paul,nilespaul,DFFC
Niles Young,nilesyoung,DFFC
Nilla Fischer,nillafischer,DFFC
Nilo Zandanel,nilozandanel,DFFC
Nils Bäckström,nilsbckstrm,DFFC
Nils Petersen,nilspetersen,DFFC
Nilson Corrêa Júnior,nilsoncorrajnior,DFFC
Nilüfer Yumlu,nilferyumlu,DFFC
Nimrat Kaur,nimratkaur,DFFC
Nimrod Shapira Bar-Or,nimrodshapirabaror,DFFC
Nimród Antal,nimrdantal,DFFC
Nimue Smit,nimuesmit,Celeb
Nina Agdal,ninaagdal,Celeb
Nina Bott,ninabott,Celeb
Nina Davies,ninadavies,DFFC
Nina Davuluri,ninadavuluri,DFFC
Nina Easton,ninaeaston,DFFC
Nina Eichinger,ninaeichinger,DFFC
Nina Foch,ninafoch,DFFC
Nina Hagen,ninahagen,Celeb
Nina Hartley,ninahartley,Celeb
Nina Mercedez,ninamercedez,DFFC
Nina Moghaddam,ninamoghaddam,Celeb
Nina Moric,ninamoric,Celeb
Nina Nesbitt,ninanesbitt,DFFC
Nina Pekerman,ninapekerman,DFFC
Nina Persson,ninapersson,DFFC
Nina Ruge,ninaruge,DFFC
Nina Senicar,ninasenicar,Celeb
Nina Simone,ninasimone,Celeb
Nina Stojanović,ninastojanovi,DFFC
Ninel Conde,ninelconde,Celeb
Nino,nino,DFFC
Nino D'Angelo,ninodangelo,DFFC
Nino Khurtsidze,ninokhurtsidze,DFFC
Nino Pasikashvili,ninopasikashvili,DFFC
Nino Sutidze,ninosutidze,DFFC
Nino Taranto,ninotaranto,DFFC
Nipsey Hussle,nipseyhussle,DFFC
Nir Bitton,nirbitton,DFFC
Nir Shaviv,nirshaviv,DFFC
Nirmal Chettri,nirmalchettri,DFFC
Nirupa Roy,niruparoy,DFFC
Nirwan Dewanto,nirwandewanto,DFFC
Nisha Adhikari,nishaadhikari,DFFC
Nisha Rawal,nisharawal,DFFC
Nitin Sahrawat,nitinsahrawat,DFFC
Nitzan Chen,nitzanchen,DFFC
Niverka Marte,niverkamarte,DFFC
Nivin Pauly,nivinpauly,DFFC
Nizar Rayan,nizarrayan,DFFC
Nneka,nneka,DFFC
Nnenna Freelon,nnennafreelon,DFFC
Noa Tishby,noatishby,Celeb
Noah Boeken,noahboeken,DFFC
Noah Hathaway,noahhathaway,Celeb
Noah Lindsey Cyrus,noahlindseycyrus,Celeb
Noah Mills,noahmills,Celeb
Noah Schwartz,noahschwartz,DFFC
Noah Syndergaard,noahsyndergaard,DFFC
Noah Van Sciver,noahvansciver,DFFC
Noam Elkies,noamelkies,DFFC
Nobuhiro Suwa,nobuhirosuwa,DFFC
Nobunari Oda,nobunarioda,DFFC
Nobuo Satō,nobuosat,DFFC
Nobuo Sekine,nobuosekine,DFFC
Nobuo Uematsu,nobuouematsu,DFFC
Nocturno Culto,nocturnoculto,DFFC
Noel Edmonds,noeledmonds,DFFC
Noel Fielding,noelfielding,Celeb
Noel Gallagher,noelgallagher,Celeb
Noel Murphy,noelmurphy,DFFC
Noel Neill,noelneill,Celeb
Noel Picard,noelpicard,DFFC
Noelia Lopez,noelialopez,Celeb
Noemie Lenoir,noemielenoir,Celeb
Noh Hong-chul,nohhongchul,DFFC
Noizi Ito,noiziito,DFFC
Nolan Fontana,nolanfontana,DFFC
Nolan North,nolannorth,DFFC
Nolan Ryan,nolanryan,DFFC
Nolan Smith,nolansmith,DFFC
Nona Gaprindashvili,nonagaprindashvili,DFFC
Nonami Takizawa,nonamitakizawa,Celeb
Nooa Takooa,nooatakooa,DFFC
Nook Logan,nooklogan,DFFC
Noomi Rapace,noomirapace,Celeb
Noot Seear,nootseear,Celeb
Noppawan Lertcheewakarn,noppawanlertcheewakarn,DFFC
Nora Arnezeder,noraarnezeder,Celeb
Nora Tschirner,noratschirner,DFFC
Nora Zehetner,norazehetner,Celeb
Norah Jones,norahjones,DFFC
Norbert Meier,norbertmeier,DFFC
Norbert Michelisz,norbertmichelisz,DFFC
Norberto Yácono,norbertoycono,DFFC
Nordin Amrabat,nordinamrabat,DFFC
Norika Fujiwara,norikafujiwara,Celeb
Noriko Sakai,norikosakai,DFFC
Noriko Senge,norikosenge,DFFC
Noriyuki Iwadare,noriyukiiwadare,DFFC
Norm Fisher,normfisher,DFFC
Norm Nixon,normnixon,DFFC
Norm Willey,normwilley,DFFC
Norma Miller,normamiller,DFFC
Norman Cook,normancook,DFFC
Norman Elder,normanelder,DFFC
Norman Fell,normanfell,Celeb
Norman Gregg,normangregg,DFFC
Norman Hassan,normanhassan,DFFC
Norman Hepple,normanhepple,DFFC
Norman Jaffe,normanjaffe,DFFC
Norman Jewison,normanjewison,DFFC
Norman Lloyd,normanlloyd,DFFC
Norman Lovett,normanlovett,DFFC
Norman Nato,normannato,DFFC
Norman Powell,normanpowell,DFFC
Norman Reedus,normanreedus,DFFC
Norman Sas,normansas,DFFC
Norodom Buppha Devi,norodombupphadevi,DFFC
Norris Cole,norriscole,DFFC
Norton Buffalo,nortonbuffalo,DFFC
Nouha Dicko,nouhadicko,DFFC
Noureen DeWulf,noureendewulf,Celeb
Novak Djokovic,novakdjokovic,DFFC
Novlene Williams-Mills,novlenewilliamsmills,DFFC
Noynoy Aquino III,noynoyaquinoiii,Celeb
Nozomi Ōhashi,nozomihashi,DFFC
Nukri Revishvili,nukrirevishvili,DFFC
Nuno Bettencourt,nunobettencourt,Celeb
Nuno Resende,nunoresende,DFFC
Nur Aysan,nuraysan,Celeb
Nur Khan,nurkhan,Celeb
Nurbol Zhumaskaliyev,nurbolzhumaskaliyev,DFFC
Nurgul Yesilcay,nurgulyesilcay,Celeb
Nuri Şahin,nuriahin,DFFC
Nélson Marcos,nlsonmarcos,DFFC
Nélson Saavedra,nlsonsaavedra,DFFC
Nílton Santos,nltonsantos,DFFC
Nóra Hoffmann,nrahoffmann,DFFC
OJ Mayo,ojmayo,DFFC
OJ Simpson,ojsimpson,DFFC
OSTR,ostr,DFFC
Obadele Thompson,obadelethompson,DFFC
Octavia E Butler,octaviaebutler,DFFC
Octavian Zidaru,octavianzidaru,DFFC
Odalys Garcia,odalysgarcia,Celeb
Odd Nordstoga,oddnordstoga,DFFC
Odean Pope,odeanpope,DFFC
Oded Fehr,odedfehr,Celeb
Oded Kattash,odedkattash,DFFC
Odette Annable,odetteannable,DFFC
Odette Yustman,odetteyustman,Celeb
Odeya Rush,odeyarush,DFFC
Odil Ahmedov,odilahmedov,DFFC
Odmar Færø,odmarfr,DFFC
Odysseas Elytis,odysseaselytis,DFFC
Oguchi Onyewu,oguchionyewu,Celeb
Ogün Temizkanoğlu,ogntemizkanolu,DFFC
Oh Ji-eun,ohjieun,DFFC
Oh! great,ohgreat,DFFC
Oil Can Boyd,oilcanboyd,DFFC
Okaber,okaber,DFFC
Okan Alkan,okanalkan,DFFC
Okan Yalabik,okanyalabik,Celeb
Oksana Andersson,oksanaandersson,Celeb
Oksana Baiul,oksanabaiul,Celeb
Oksana Domnina,oksanadomnina,DFFC
Oksana Fedorova,oksanafedorova,Celeb
Oksana Grigorieva,oksanagrigorieva,Celeb
Oksana Grishuk,oksanagrishuk,DFFC
Oksana Kalashnikova,oksanakalashnikova,DFFC
Ola Kamara,olakamara,DFFC
Ola Lindholm,olalindholm,DFFC
Ola Salo,olasalo,Celeb
Olaf Bodden,olafbodden,DFFC
Olaf Ludwig,olafludwig,DFFC
Olaf Zinke,olafzinke,DFFC
Olavi Louhivuori,olavilouhivuori,DFFC
Olcan Adın,olcanadn,DFFC
Oldřiška Marešová,oldikamareov,DFFC
Ole Barndorff-Nielsen,olebarndorffnielsen,DFFC
Ole Danbolt Mjøs,oledanboltmjs,DFFC
Ole Einar Bjørndalen,oleeinarbjrndalen,DFFC
Ole Nydahl,olenydahl,DFFC
Ole Ritter,oleritter,DFFC
Oleg Atkov,olegatkov,DFFC
Oleg Deripaska,olegderipaska,Celeb
Oleg Engachev,olegengachev,DFFC
Oleg Kuzmin,olegkuzmin,DFFC
Oleg Popov,olegpopov,DFFC
Oleg Taktarov,olegtaktarov,DFFC
Oleg Vidov,olegvidov,Celeb
Oleg Voyko,olegvoyko,DFFC
Oleg Yankovskiy,olegyankovskiy,Celeb
Oleksandr Akymenko,oleksandrakymenko,DFFC
Oleksandr Kucher,oleksandrkucher,DFFC
Oleksandr Shovkovskiy,oleksandrshovkovskiy,DFFC
Oleksiy Shumsky,oleksiyshumsky,DFFC
Olena Burkovska,olenaburkovska,DFFC
Olena Kostevych,olenakostevych,DFFC
Olena Vitrychenko,olenavitrychenko,DFFC
Olesya Rulin,olesyarulin,Celeb
Olga Budina,olgabudina,Celeb
Olga Farmaki,olgafarmaki,Celeb
Olga Kabo,olgakabo,Celeb
Olga Kay,olgakay,DFFC
Olga Kurylenko,olgakurylenko,DFFC
Olga Maliouk,olgamaliouk,Celeb
Olga Naidenova,olganaidenova,DFFC
Olga Orlova,olgaorlova,DFFC
Olga Savchuk,olgasavchuk,DFFC
Olga Scheps,olgascheps,DFFC
Olga Sherer,olgasherer,Celeb
Olga Tschechowa,olgatschechowa,Celeb
Olga Zubarry,olgazubarry,DFFC
Olha Saladuha,olhasaladuha,DFFC
Olha Zemlyak,olhazemlyak,DFFC
Olia Burtaev,oliaburtaev,DFFC
Oliver Ackland,oliverackland,DFFC
Oliver Bozanic,oliverbozanic,DFFC
Oliver Grey,olivergrey,DFFC
Oliver Hirschbiegel,oliverhirschbiegel,DFFC
Oliver Hudson,oliverhudson,DFFC
Oliver Hynd,oliverhynd,DFFC
Oliver James,oliverjames,Celeb
Oliver Kirch,oliverkirch,DFFC
Oliver Kreuzer,oliverkreuzer,DFFC
Oliver Lancashire,oliverlancashire,DFFC
Oliver Lewis,oliverlewis,DFFC
Oliver Payne Pearson,oliverpaynepearson,DFFC
Oliver Petersch,oliverpetersch,DFFC
Oliver Petszokat,oliverpetszokat,DFFC
Oliver Platt,oliverplatt,Celeb
Oliver Purnell,oliverpurnell,DFFC
Oliver Reed,oliverreed,Celeb
Oliver Sacks,oliversacks,DFFC
Oliver Sin,oliversin,DFFC
Oliver Sykes,oliversykes,Celeb
Oliver Webb,oliverwebb,DFFC
Oliver Zelenika,oliverzelenika,DFFC
Olivia Culpo,oliviaculpo,Celeb
Olivia Del Rio,oliviadelrio,DFFC
Olivia Garson,oliviagarson,Celeb
Olivia Harrison,oliviaharrison,Celeb
Olivia Hussey,oliviahussey,Celeb
Olivia Longott,olivialongott,Celeb
Olivia Munn,oliviamunn,Celeb
Olivia Palermo,oliviapalermo,DFFC
Olivia Price,oliviaprice,DFFC
Olivia Ruiz,oliviaruiz,Celeb
Olivia Sanchez,oliviasanchez,DFFC
Olivia Thirlby,oliviathirlby,Celeb
Olivia Wilde,oliviawilde,DFFC
Olivia Williams,oliviawilliams,DFFC
Olivia de Havilland,oliviadehavilland,Celeb
Olivier Assayas,olivierassayas,DFFC
Olivier Deschacht,olivierdeschacht,DFFC
Olivier Giroud,oliviergiroud,DFFC
Olivier Kaisen,olivierkaisen,DFFC
Olivier Karekezi,olivierkarekezi,DFFC
Olivier Martinez,oliviermartinez,Celeb
Olivier Panis,olivierpanis,DFFC
Olivier Rukundo,olivierrukundo,DFFC
Olle Adolphson,olleadolphson,DFFC
Olle Hedberg,ollehedberg,DFFC
Olli-Markus Taivainen,ollimarkustaivainen,DFFC
Ollie Jackson,olliejackson,DFFC
Ollie Palmer,olliepalmer,DFFC
Olly Murs,ollymurs,Celeb
Olof Mellberg,olofmellberg,DFFC
Oluchi Onweagba,oluchionweagba,Celeb
Om Puri,ompuri,Celeb
Omar Basaad,omarbasaad,DFFC
Omar Epps,omarepps,Celeb
Omar Minaya,omarminaya,DFFC
Omar Rodríguez-López,omarrodrguezlpez,DFFC
Omarion Grandberry,omariongrandberry,Celeb
Omer Damari,omerdamari,DFFC
Omer Vanaudenhove,omervanaudenhove,DFFC
Omid Djalili,omiddjalili,DFFC
Ona Carbonell,onacarbonell,DFFC
Once Mekel,oncemekel,DFFC
Ondrej Duda,ondrejduda,DFFC
Ondřej Palát,ondejpalt,DFFC
Ondřej Čelůstka,ondejelstka,DFFC
Onew,onew,DFFC
Oni Hasan,onihasan,DFFC
Onir,onir,DFFC
Onofiok Luke,onofiokluke,DFFC
Oona Chaplin,oonachaplin,DFFC
Or Grossman,orgrossman,Celeb
Orestis Karnezis,orestiskarnezis,DFFC
Orhan Pamuk,orhanpamuk,DFFC
Orhan Ölmez,orhanlmez,DFFC
Oriana Sabatini,orianasabatini,Celeb
Oriol Romeu,oriolromeu,DFFC
Orit Gadiesh,oritgadiesh,DFFC
Oritsé Williams,oritswilliams,DFFC
Oriza Hirata,orizahirata,DFFC
Orlando Bloom,orlandobloom,DFFC
Orlando Brown,orlandobrown,Celeb
Orlando Cepeda,orlandocepeda,DFFC
Orlando Engelaar,orlandoengelaar,DFFC
Orlando Jones,orlandojones,Celeb
Orlando Jordan,orlandojordan,DFFC
Orlando Pace,orlandopace,DFFC
Orlando Scandrick,orlandoscandrick,DFFC
Orlin Pavlov,orlinpavlov,Celeb
Orly Taitz,orlytaitz,DFFC
Ornella Muti,ornellamuti,DFFC
Orsi Kocsis,orsikocsis,DFFC
Orson Charles,orsoncharles,DFFC
Orval Grove,orvalgrove,DFFC
Osama Com Laude,osamacomlaude,DFFC
Osamu Nishimura,osamunishimura,DFFC
Oscar,oscar,DFFC
Oscar Ahumada,oscarahumada,DFFC
Oscar Bronner,oscarbronner,DFFC
Oscar Camenzind,oscarcamenzind,DFFC
Oscar Hammerstein II,oscarhammersteinii,Celeb
Oscar Isaac,oscarisaac,DFFC
Oscar James,oscarjames,DFFC
Oscar Lindberg,oscarlindberg,DFFC
Oscar Nunez,oscarnunez,DFFC
Oscar Pistorius,oscarpistorius,Celeb
Oscar Soto,oscarsoto,Celeb
Oscar Yanes,oscaryanes,DFFC
Oscar Zariski,oscarzariski,DFFC
Oscar de la Renta,oscardelarenta,DFFC
Oskar Bolza,oskarbolza,DFFC
Oskar Piotrowski,oskarpiotrowski,DFFC
Oskars Kļava,oskarskava,DFFC
Osmar Barba,osmarbarba,DFFC
Ossi Louhivaara,ossilouhivaara,DFFC
Oste Erceg,osteerceg,DFFC
Osvaldo Ardiles,osvaldoardiles,DFFC
Osvaldo Civile,osvaldocivile,DFFC
Osvaldo Rios,osvaldorios,Celeb
Oswald Grübel,oswaldgrbel,DFFC
Otabek Mahkamov,otabekmahkamov,DFFC
Otis Clay,otisclay,DFFC
Otis Redding,otisredding,Celeb
Ott Sepp,ottsepp,DFFC
Ottmar Hitzfeld,ottmarhitzfeld,DFFC
Otto Piene,ottopiene,DFFC
Otto Porter,ottoporter,DFFC
Otto Schnellbacher,ottoschnellbacher,DFFC
Oumare Tounkara,oumaretounkara,DFFC
Ousmane Viera,ousmaneviera,DFFC
Ove Christensen,ovechristensen,DFFC
Owain Phyfe,owainphyfe,DFFC
Owen Coyle,owencoyle,DFFC
Owen Hargreaves,owenhargreaves,DFFC
Owen Jones,owenjones,DFFC
Owen Kelly,owenkelly,DFFC
Owen Marecic,owenmarecic,DFFC
Owen Wilson,owenwilson,DFFC
Ozark Henry,ozarkhenry,DFFC
Ozge Ulusoy,ozgeulusoy,Celeb
Ozzy Osbourne,ozzyosbourne,DFFC
Oľga Beständigová,ogabestndigov,DFFC
PA Parenteau,paparenteau,DFFC
PJ Chesson,pjchesson,DFFC
PJ Haarsma,pjhaarsma,DFFC
PJ Harvey,pjharvey,Celeb
PK Sam,pksam,DFFC
PSY,psy,Celeb
PZ Myers,pzmyers,DFFC
Pablo Cuevas,pablocuevas,DFFC
Pablo Guiñazú,pabloguiaz,DFFC
Pablo Herrera,pabloherrera,DFFC
Pablo Larrazábal,pablolarrazbal,DFFC
Pablo Martinez,pablomartinez,Celeb
Pablo Mastroeni,pablomastroeni,DFFC
Pablo Montero,pablomontero,Celeb
Pablo Piatti,pablopiatti,DFFC
Paco Alcácer,pacoalccer,DFFC
Paco de Lucía,pacodeluca,DFFC
Paddy McNair,paddymcnair,DFFC
Paddy Stapleton,paddystapleton,DFFC
Padma Lakshmi,padmalakshmi,Celeb
Padmapriya,padmapriya,Celeb
Padmapriya Janakiraman,padmapriyajanakiraman,DFFC
Padmini Kolhapure,padminikolhapure,DFFC
Padmini Rout,padminirout,DFFC
Paget Brewster,pagetbrewster,Celeb
Paige,paige,DFFC
Paige Butcher,paigebutcher,Celeb
Paige Davis,paigedavis,DFFC
Paige Hemmis,paigehemmis,DFFC
Paige Mackenzie,paigemackenzie,DFFC
Pajtim Kasami,pajtimkasami,DFFC
Pak Song-chol,paksongchol,DFFC
Paloma Bernardi,palomabernardi,Celeb
Paloma Jimenez,palomajimenez,Celeb
Pam Ferris,pamferris,DFFC
Pam Grier,pamgrier,DFFC
Pamela Adlon,pamelaadlon,DFFC
Pamela Anderson,pamelaanderson,DFFC
Pamela Cundell,pamelacundell,DFFC
Pamela David,pameladavid,Celeb
Pamela Geller,pamelageller,DFFC
Pamela Sue Martin,pamelasuemartin,Celeb
Pamela Tiffin,pamelatiffin,Celeb
Panagiotis Bougiouris,panagiotisbougiouris,Celeb
Panakkad Shihab Thangal,panakkadshihabthangal,DFFC
Panchi Bora,panchibora,Celeb
Pancho Carter,panchocarter,DFFC
Panda Bear,pandabear,DFFC
Pang Ho-cheung,panghocheung,DFFC
Pang Qing,pangqing,DFFC
Paola Andino,paolaandino,DFFC
Paola Nunez,paolanunez,Celeb
Paola Oliveira,paolaoliveira,Celeb
Paola Rey,paolarey,Celeb
Paola Saini,paolasaini,DFFC
Paolo Bettini,paolobettini,DFFC
Paolo Dall'Oglio,paolodalloglio,DFFC
Paolo Di Canio,paolodicanio,DFFC
Paolo Farinella,paolofarinella,DFFC
Paolo Guerrero,paologuerrero,DFFC
Paolo Lorenzi,paololorenzi,DFFC
Paolo Maldini,paolomaldini,Celeb
Paolo Meneguzzi,paolomeneguzzi,DFFC
Paolo Nutini,paolonutini,Celeb
Paolo Seganti,paoloseganti,Celeb
Paolo Vernazza,paolovernazza,DFFC
Paolo Villaggio,paolovillaggio,DFFC
Papa Dee,papadee,DFFC
Pape Paté Diouf,papepatdiouf,DFFC
Paprika Steen,paprikasteen,DFFC
Paquita la del Barrio,paquitaladelbarrio,DFFC
Pardis Sabeti,pardissabeti,DFFC
Paride Milianti,paridemilianti,DFFC
Parineeti Chopra,parineetichopra,DFFC
Paris Lenon,parislenon,DFFC
Paris Themmen,paristhemmen,DFFC
Park Bo-young,parkboyoung,DFFC
Park Chan-wook,parkchanwook,DFFC
Park Eun-bin,parkeunbin,DFFC
Park Hee-young,parkheeyoung,DFFC
Park Ji-sung,parkjisung,DFFC
Park Jin-young,parkjinyoung,DFFC
Park Jung Min,parkjungmin,Celeb
Park Jung-geun,parkjunggeun,DFFC
Park Junyoung,parkjunyoung,DFFC
Park Kyoung-doo,parkkyoungdoo,DFFC
Park Sang-won,parksangwon,DFFC
Park Seung-hi,parkseunghi,DFFC
Park So-youn,parksoyoun,DFFC
Parker Hurley,parkerhurley,Celeb
Parker Kligerman,parkerkligerman,DFFC
Parker Posey,parkerposey,DFFC
Parminder Nagra,parmindernagra,Celeb
Parov Stelar,parovstelar,DFFC
Parth Bhalerao,parthbhalerao,DFFC
Parthiv Patel,parthivpatel,DFFC
Parvathy Omanakuttan,parvathyomanakuttan,DFFC
Parvati Shallow,parvatishallow,Celeb
Parveen Babi,parveenbabi,DFFC
Pascal Behrenbruch,pascalbehrenbruch,DFFC
Pascal Martinot-Lagarde,pascalmartinotlagarde,DFFC
Pascal Thomas,pascalthomas,DFFC
Pascale Hutton,pascalehutton,DFFC
Passakorn Suwannawat,passakornsuwannawat,DFFC
Pastor Maldonado,pastormaldonado,Celeb
Pastora Soler,pastorasoler,DFFC
Pasupathy,pasupathy,Celeb
Pat Boone,patboone,Celeb
Pat Burrell,patburrell,DFFC
Pat Corrales,patcorrales,DFFC
Pat Crerand,patcrerand,DFFC
Pat DeCola,patdecola,DFFC
Pat Gillick,patgillick,DFFC
Pat Kiernan,patkiernan,DFFC
Pat McAfee,patmcafee,DFFC
Pat McGee,patmcgee,DFFC
Pat McQuaid,patmcquaid,DFFC
Pat Monahan,patmonahan,Celeb
Pat Mullin,patmullin,DFFC
Pat O'Donahue,patodonahue,DFFC
Pat OBrien,patobrien,Celeb
Pat Patterson,patpatterson,DFFC
Pat Quinn,patquinn,DFFC
Pat Riley,patriley,DFFC
Pat Ruel,patruel,DFFC
Pat Sajak,patsajak,DFFC
Pat Verbeek,patverbeek,DFFC
Patric Verrone,patricverrone,DFFC
Patric Young,patricyoung,DFFC
Patrice Archetto,patricearchetto,DFFC
Patrice Bart-Williams,patricebartwilliams,DFFC
Patrice Cormier,patricecormier,DFFC
Patrice Esnault,patriceesnault,DFFC
Patrice Killoffer,patricekilloffer,DFFC
Patrice Roberts,patriceroberts,DFFC
Patrice Wymore,patricewymore,Celeb
Patricia Conde,patriciaconde,Celeb
Patricia Heaton,patriciaheaton,DFFC
Patricia Kaas,patriciakaas,Celeb
Patricia Kara,patriciakara,Celeb
Patricia Kazadi,patriciakazadi,Celeb
Patricia Laffan,patricialaffan,DFFC
Patricia Maria Țig,patriciamariaig,DFFC
Patricia Medina,patriciamedina,DFFC
Patricia Morrison,patriciamorrison,DFFC
Patricia Richardson,patriciarichardson,DFFC
Patricia Roc,patriciaroc,Celeb
Patricia Schmid,patriciaschmid,Celeb
Patricia Tallman,patriciatallman,DFFC
Patricia Velasquez,patriciavelasquez,Celeb
Patricia Wettig,patriciawettig,DFFC
Patrick Bordeleau,patrickbordeleau,DFFC
Patrick Breeding,patrickbreeding,Celeb
Patrick Brown,patrickbrown,DFFC
Patrick Carpentier,patrickcarpentier,DFFC
Patrick Chabal,patrickchabal,DFFC
Patrick Chan,patrickchan,DFFC
Patrick Cowan,patrickcowan,DFFC
Patrick DeMarchelier,patrickdemarchelier,Celeb
Patrick Dearen,patrickdearen,DFFC
Patrick Dempsey,patrickdempsey,Celeb
Patrick DiMarco,patrickdimarco,DFFC
Patrick Doherty,patrickdoherty,DFFC
Patrick Duffy,patrickduffy,Celeb
Patrick Eaves,patrickeaves,DFFC
Patrick Ebert,patrickebert,DFFC
Patrick Ewing,patrickewing,DFFC
Patrick Fugit,patrickfugit,DFFC
Patrick Helmes,patrickhelmes,DFFC
Patrick Henry Brady,patrickhenrybrady,DFFC
Patrick Hrabe,patrickhrabe,DFFC
Patrick J Adams,patrickjadams,Celeb
Patrick Jonker,patrickjonker,DFFC
Patrick Kavanagh,patrickkavanagh,DFFC
Patrick Kluivert,patrickkluivert,DFFC
Patrick Lefevere,patricklefevere,DFFC
Patrick Meek,patrickmeek,DFFC
Patrick Nuo,patricknuo,Celeb
Patrick Omameh,patrickomameh,DFFC
Patrick Owomoyela,patrickowomoyela,DFFC
Patrick Pentland,patrickpentland,DFFC
Patrick Reynolds,patrickreynolds,DFFC
Patrick Robinson,patrickrobinson,DFFC
Patrick Rothfuss,patrickrothfuss,DFFC
Patrick Rukai,patrickrukai,Celeb
Patrick Schwarzenegger,patrickschwarzenegger,Celeb
Patrick Skene Catling,patrickskenecatling,DFFC
Patrick Soon Shiong,patricksoonshiong,Celeb
Patrick Stump,patrickstump,DFFC
Patrick Swayze,patrickswayze,DFFC
Patrick Thaler,patrickthaler,DFFC
Patrick Tuara,patricktuara,DFFC
Patrick Warburton,patrickwarburton,Celeb
Patrick Whitefield,patrickwhitefield,DFFC
Patrick Wolf,patrickwolf,Celeb
Patrick Wymark,patrickwymark,DFFC
Patrick van Aanholt,patrickvanaanholt,DFFC
Patrik Andersson,patrikandersson,DFFC
Patrik Berger,patrikberger,DFFC
Patrik Borger,patrikborger,DFFC
Patrik Isaksson,patrikisaksson,DFFC
Patrik Sjöberg,patriksjberg,DFFC
Patrik Åström,patrikstrm,DFFC
Patrycja Gardygajlo,patrycjagardygajlo,Celeb
Patryk Dudek,patrykdudek,DFFC
Patsy Kensit,patsykensit,DFFC
Patterson Patrick,pattersonpatrick,Celeb
Patti DArbanville,pattidarbanville,Celeb
Patti Hansen,pattihansen,Celeb
Patti LaBelle,pattilabelle,DFFC
Patti Page,pattipage,Celeb
Patti Scialfa,pattiscialfa,Celeb
Pattie Boyd,pattieboyd,Celeb
Pattie Mallette,pattiemallette,Celeb
Patton Oswalt,pattonoswalt,Celeb
Patty Brard,pattybrard,DFFC
Patty Loveless,pattyloveless,DFFC
Patty McCormack,pattymccormack,Celeb
Paty Navidad,patynavidad,Celeb
Pau Gasol,paugasol,DFFC
Paul Adelstein,pauladelstein,Celeb
Paul Aguilar,paulaguilar,DFFC
Paul Allen,paulallen,DFFC
Paul Auster,paulauster,DFFC
Paul Banks,paulbanks,DFFC
Paul Bearer,paulbearer,DFFC
Paul Bettany,paulbettany,DFFC
Paul Blackthorne,paulblackthorne,DFFC
Paul Blair,paulblair,DFFC
Paul Bocuse,paulbocuse,DFFC
Paul Boll,paulboll,DFFC
Paul Bragiel,paulbragiel,DFFC
Paul Brandt,paulbrandt,DFFC
Paul Breitner,paulbreitner,DFFC
Paul Bucha,paulbucha,DFFC
Paul Colman,paulcolman,DFFC
Paul Corry,paulcorry,DFFC
Paul Cram,paulcram,DFFC
Paul D Stroop,pauldstroop,DFFC
Paul Dano,pauldano,Celeb
Paul Davies,pauldavies,DFFC
Paul Davison,pauldavison,DFFC
Paul DePodesta,pauldepodesta,DFFC
Paul Devorski,pauldevorski,DFFC
Paul Dini,pauldini,DFFC
Paul Doguereau,pauldoguereau,DFFC
Paul Edmondson,pauledmondson,DFFC
Paul Ellering,paulellering,DFFC
Paul Emmel,paulemmel,DFFC
Paul Erdős,paulerds,DFFC
Paul Estermann,paulestermann,DFFC
Paul Fanaika,paulfanaika,DFFC
Paul Feig,paulfeig,DFFC
Paul Foster,paulfoster,DFFC
Paul Freier,paulfreier,DFFC
Paul Gallagher,paulgallagher,DFFC
Paul Garbett,paulgarbett,DFFC
Paul Giamatti,paulgiamatti,Celeb
Paul Gleason,paulgleason,DFFC
Paul Green,paulgreen,DFFC
Paul Greengrass,paulgreengrass,DFFC
Paul Gross,paulgross,Celeb
Paul Haggis,paulhaggis,DFFC
Paul Hamm,paulhamm,DFFC
Paul Hudak,paulhudak,DFFC
Paul Izzo,paulizzo,DFFC
Paul J Turek,pauljturek,DFFC
Paul Jata,pauljata,DFFC
Paul Johnsgard,pauljohnsgard,DFFC
Paul Johnson,pauljohnson,DFFC
Paul Kalkbrenner,paulkalkbrenner,DFFC
Paul Kaye,paulkaye,DFFC
Paul Krugman,paulkrugman,DFFC
Paul Kupperberg,paulkupperberg,DFFC
Paul Lamb,paullamb,DFFC
Paul Levesque,paullevesque,Celeb
Paul Lieberstein,paullieberstein,DFFC
Paul Lloyd Jr,paullloydjr,Celeb
Paul Mac,paulmac,DFFC
Paul MacLean,paulmaclean,DFFC
Paul Malliavin,paulmalliavin,DFFC
Paul Mazursky,paulmazursky,DFFC
Paul McCallum,paulmccallum,DFFC
Paul McDermott,paulmcdermott,DFFC
Paul McDonald,paulmcdonald,Celeb
Paul McGuigan,paulmcguigan,DFFC
Paul McKenna,paulmckenna,DFFC
Paul Merton,paulmerton,Celeb
Paul Midgley,paulmidgley,DFFC
Paul Mormando,paulmormando,DFFC
Paul Naschy,paulnaschy,Celeb
Paul Nihill,paulnihill,DFFC
Paul Papp,paulpapp,DFFC
Paul Pelosi,paulpelosi,DFFC
Paul Pesco,paulpesco,DFFC
Paul Pierce,paulpierce,DFFC
Paul Pogba,paulpogba,DFFC
Paul Poirier,paulpoirier,DFFC
Paul Posluszny,paulposluszny,DFFC
Paul Postma,paulpostma,DFFC
Paul Provenza,paulprovenza,DFFC
Paul Prudhomme,paulprudhomme,DFFC
Paul Rea,paulrea,DFFC
Paul Reinhart,paulreinhart,DFFC
Paul Reubens,paulreubens,Celeb
Paul Roberts,paulroberts,DFFC
Paul Robinson,paulrobinson,DFFC
Paul Rodriguez,paulrodriguez,Celeb
Paul Rosen,paulrosen,DFFC
Paul Ryan,paulryan,DFFC
Paul S Farmer,paulsfarmer,DFFC
Paul Sackey,paulsackey,DFFC
Paul Sarringhaus,paulsarringhaus,DFFC
Paul Schaus,paulschaus,DFFC
Paul Scholes,paulscholes,DFFC
Paul Schott Stevens,paulschottstevens,DFFC
Paul Schrader,paulschrader,DFFC
Paul Schrieber,paulschrieber,DFFC
Paul Scofield,paulscofield,DFFC
Paul Sculfor,paulsculfor,Celeb
Paul Simon,paulsimon,DFFC
Paul Singer,paulsinger,DFFC
Paul Sorvino,paulsorvino,Celeb
Paul Stanley,paulstanley,DFFC
Paul Teutul Sr,paulteutulsr,Celeb
Paul Thorn,paulthorn,DFFC
Paul Tracy,paultracy,DFFC
Paul Trevithick,paultrevithick,DFFC
Paul Turnbull,paulturnbull,DFFC
Paul Vachon,paulvachon,DFFC
Paul Van Dyk,paulvandyk,Celeb
Paul WS Anderson,paulwsanderson,Celeb
Paul Wall,paulwall,DFFC
Paul Watson,paulwatson,DFFC
Paul Wesley,paulwesley,Celeb
Paul Wheatley,paulwheatley,DFFC
Paul Wilson,paulwilson,DFFC
Paul Winter,paulwinter,DFFC
Paul Wotton,paulwotton,DFFC
Paul Wulff,paulwulff,DFFC
Paul Wylie,paulwylie,DFFC
Paul Young,paulyoung,DFFC
Paul Zammit,paulzammit,DFFC
Paul-Georges Ntep,paulgeorgesntep,DFFC
Paula Badosa Gibert,paulabadosagibert,DFFC
Paula Coghlan,paulacoghlan,DFFC
Paula DeAnda,pauladeanda,Celeb
Paula Deen,pauladeen,DFFC
Paula Echevarria,paulaechevarria,Celeb
Paula Garces,paulagarces,Celeb
Paula Lima,paulalima,DFFC
Paula Martí,paulamart,DFFC
Paula Morales,paulamorales,Celeb
Paula Prendes,paulaprendes,Celeb
Paula Radcliffe,paularadcliffe,DFFC
Paula Sartor,paulasartor,Celeb
Paula Vesala,paulavesala,DFFC
Paula Vogel,paulavogel,DFFC
Pauleta,pauleta,DFFC
Pauley Perrette,pauleyperrette,DFFC
Pauli Nevala,paulinevala,DFFC
Pauli Siitonen,paulisiitonen,DFFC
Paulie Harraka,paulieharraka,DFFC
Paulie Malignaggi,pauliemalignaggi,DFFC
Paulina Gretzky,paulinagretzky,Celeb
Paulina James,paulinajames,DFFC
Paulina Porizkova,paulinaporizkova,Celeb
Paulina Stanek,paulinastanek,Celeb
Paulina Wyka,paulinawyka,Celeb
Pauline Black,paulineblack,DFFC
Pauline Collins,paulinecollins,DFFC
Pauline Davis-Thompson,paulinedavisthompson,DFFC
Pauline Hamill,paulinehamill,DFFC
Pauline Kamusewu,paulinekamusewu,DFFC
Pauline Parmentier,paulineparmentier,DFFC
Pauline Quirke,paulinequirke,Celeb
Pauline Étienne,paulinetienne,DFFC
Paulo Avelino,pauloavelino,Celeb
Paulo Coelho,paulocoelho,DFFC
Paulo Costanzo,paulocostanzo,Celeb
Paulo Henrique Ganso,paulohenriqueganso,DFFC
Paulo Roberto Paula,paulorobertopaula,DFFC
Paulo Vanzolini,paulovanzolini,DFFC
Paulo da Silva,paulodasilva,DFFC
Paulus Manker,paulusmanker,DFFC
Pauly D,paulyd,DFFC
Pauly Shore,paulyshore,Celeb
Pavel Belyayev,pavelbelyayev,DFFC
Pavel Derevyanko,pavelderevyanko,DFFC
Pavel Durov,paveldurov,DFFC
Pavel Ignatovich,pavelignatovich,DFFC
Pavel Kadeřábek,pavelkadebek,DFFC
Pavel Kotsur,pavelkotsur,DFFC
Pavel Leonov,pavelleonov,DFFC
Pavel Nedvěd,pavelnedvd,DFFC
Pavel Rostovtsev,pavelrostovtsev,DFFC
Pavel Stratan,pavelstratan,DFFC
Pavel Tonkov,paveltonkov,DFFC
Pavitra Punia,pavitrapunia,Celeb
Pavlo Stepanets,pavlostepanets,DFFC
"Pavlos, Crown Prince of Greece",pavloscrownprinceofgreece,DFFC
Pavsekakiy Bogdanov,pavsekakiybogdanov,DFFC
Pawan Kalyan,pawankalyan,DFFC
Paweł Czarnota,paweczarnota,DFFC
Paweł Dawidowicz,pawedawidowicz,DFFC
Paweł Fajdek,pawefajdek,DFFC
Paweł Jaracz,pawejaracz,DFFC
Paweł Piotrowski,pawepiotrowski,DFFC
Paz Vega,pazvega,Celeb
Peabo Bryson,peabobryson,Celeb
Peaches Geldof,peachesgeldof,Celeb
Pearce Hanley,pearcehanley,DFFC
Pearl Jam,pearljam,Celeb
Peder Lamm,pederlamm,DFFC
Pedro Almodóvar,pedroalmodvar,DFFC
Pedro Borbón,pedroborbn,DFFC
Pedro Cachín,pedrocachn,DFFC
Pedro Emanuel,pedroemanuel,DFFC
Pedro José Greer,pedrojosgreer,DFFC
Pedro Lamy,pedrolamy,DFFC
Pedro Lenz,pedrolenz,DFFC
Pedro Luis Jaro,pedroluisjaro,DFFC
Pedro Mora,pedromora,DFFC
Pedro Morales,pedromorales,DFFC
Pedro Nel Gómez,pedronelgmez,DFFC
Pedro Obiang,pedroobiang,DFFC
Pedro Pablo Hernández,pedropablohernndez,DFFC
Pedro Proença,pedroproena,DFFC
Pedro Suárez-Vértiz,pedrosurezvrtiz,DFFC
Peggy Connelly,peggyconnelly,DFFC
Peggy Dow,peggydow,Celeb
Peggy Lipton,peggylipton,Celeb
Peggy Zina,peggyzina,Celeb
Pegi Young,pegiyoung,DFFC
Peja Stojaković,pejastojakovi,DFFC
Pekka Heino,pekkaheino,DFFC
Pelageya,pelageya,DFFC
Pelin Karahan,pelinkarahan,Celeb
Pelé,pel,DFFC
Pen-Ek Ratanaruang,penekratanaruang,DFFC
Penelope Houston,penelopehouston,DFFC
Penelope Lively,penelopelively,DFFC
Penelope Mitchell,penelopemitchell,DFFC
Peng Zhaoqin,pengzhaoqin,DFFC
Penn Badgley,pennbadgley,DFFC
Penny Coomes,pennycoomes,DFFC
Penny Lancaster,pennylancaster,DFFC
Penny Marshall,pennymarshall,Celeb
Penny Singleton,pennysingleton,Celeb
Penélope Cruz,penlopecruz,DFFC
Pepe Diokno,pepediokno,DFFC
Pepe Mel,pepemel,DFFC
Per Gessle,pergessle,DFFC
Per Jonsson,perjonsson,DFFC
Per Mertesacker,permertesacker,DFFC
Per Oddvar Johansen,peroddvarjohansen,DFFC
Per Olov Enquist,perolovenquist,DFFC
Per Petterson,perpetterson,DFFC
Per Wiberg,perwiberg,DFFC
Percival Wilde,percivalwilde,DFFC
Percy Savage,percysavage,DFFC
Periklis Ilias,periklisilias,DFFC
Pernilla August,pernillaaugust,DFFC
Pernilla Fransander,pernillafransander,Celeb
Pernilla Winberg,pernillawinberg,DFFC
Pernille Moeller,pernillemoeller,Celeb
Pero Blazevski,peroblazevski,DFFC
Perrey Reeves,perreyreeves,Celeb
Perrie Edwards,perrieedwards,Celeb
Perro Aguayo Jr,perroaguayojr,DFFC
Perry Como,perrycomo,Celeb
Perry DeAngelis,perrydeangelis,DFFC
Perry Haydn Taylor,perryhaydntaylor,DFFC
Perry King,perryking,Celeb
Perry Mehrling,perrymehrling,DFFC
Perry Moss,perrymoss,DFFC
Perry Riley,perryriley,DFFC
Persia White,persiawhite,Celeb
Peta Mullens,petamullens,DFFC
Peta Wilson,petawilson,Celeb
Petar Božić,petarboi,DFFC
Petar Gburčik,petargburik,DFFC
Petar Zanev,petarzanev,DFFC
Petar Škuletić,petarkuleti,DFFC
Petchara Chaowarat,petcharachaowarat,DFFC
Pete Bethune,petebethune,DFFC
Pete Docter,petedocter,DFFC
Pete Doherty,petedoherty,Celeb
Pete Holmes,peteholmes,DFFC
Pete Morelli,petemorelli,DFFC
Pete Muller,petemuller,DFFC
Pete Orr,peteorr,DFFC
Pete Overend Watts,peteoverendwatts,DFFC
Pete Postlethwaite,petepostlethwaite,Celeb
Pete Reiser,petereiser,DFFC
Pete Rock,peterock,DFFC
Pete Seeger,peteseeger,DFFC
Pete Stout,petestout,DFFC
Pete Townshend,petetownshend,DFFC
Pete Waterman,petewaterman,DFFC
Pete Wentz,petewentz,DFFC
Pete Wylie,petewylie,DFFC
Pete van Wieren,petevanwieren,DFFC
Petek Dincoz,petekdincoz,Celeb
Peter Apelgren,peterapelgren,DFFC
Peter Asher,peterasher,DFFC
Peter Bagge,peterbagge,DFFC
Peter Barker,peterbarker,DFFC
Peter Berg,peterberg,DFFC
Peter Bergen,peterbergen,DFFC
Peter Bergman,peterbergman,Celeb
Peter Boulware,peterboulware,DFFC
Peter Brabrook,peterbrabrook,DFFC
Peter Bradshaw,peterbradshaw,DFFC
Peter Brock,peterbrock,DFFC
Peter Brown,peterbrown,DFFC
Peter Buck,peterbuck,Celeb
Peter Burling,peterburling,Celeb
Peter Chernin,peterchernin,DFFC
Peter Chiarelli,peterchiarelli,DFFC
Peter Costa,petercosta,DFFC
Peter Coyote,petercoyote,DFFC
Peter Criss,petercriss,Celeb
Peter Crouch,petercrouch,DFFC
Peter Cullen,petercullen,DFFC
Peter Davison,peterdavison,Celeb
Peter Dinklage,peterdinklage,DFFC
Peter Dyneley,peterdyneley,DFFC
Peter Eastgate,petereastgate,DFFC
Peter Elkas,peterelkas,DFFC
Peter Emelieze,peteremelieze,DFFC
Peter Enckelman,peterenckelman,DFFC
Peter Exley,peterexley,DFFC
Peter F Hamilton,peterfhamilton,DFFC
Peter F Paul,peterfpaul,DFFC
Peter Facinelli,peterfacinelli,DFFC
Peter Falk,peterfalk,Celeb
Peter Fernandez,peterfernandez,DFFC
Peter Fleming,peterfleming,DFFC
Peter Fox,peterfox,DFFC
Peter Frampton,peterframpton,Celeb
Peter Gallagher,petergallagher,Celeb
Peter Gammons,petergammons,DFFC
Peter Gay,petergay,DFFC
Peter Graham,petergraham,DFFC
Peter Greene,petergreene,Celeb
Peter Hawkins,peterhawkins,DFFC
Peter Higgs,peterhiggs,DFFC
Peter Hitchener,peterhitchener,DFFC
Peter Hook,peterhook,DFFC
Peter Horton,peterhorton,DFFC
Peter Hume,peterhume,DFFC
Peter Ind,peterind,DFFC
Peter Jackson,peterjackson,Celeb
Peter Jason,peterjason,DFFC
Peter Kennaugh,peterkennaugh,DFFC
Peter Konz,peterkonz,DFFC
Peter Krause,peterkrause,Celeb
Peter Kuper,peterkuper,DFFC
Peter L Pond,peterlpond,DFFC
Peter Lawford,peterlawford,Celeb
Peter Leahy,peterleahy,DFFC
Peter M Neumann,petermneumann,DFFC
Peter MacNicol,petermacnicol,DFFC
Peter Madsen,petermadsen,DFFC
Peter Maffay,petermaffay,DFFC
Peter Mansbridge,petermansbridge,DFFC
Peter Mayhew,petermayhew,Celeb
Peter McCullough,petermccullough,DFFC
Peter Merry,petermerry,DFFC
Peter Morgan,petermorgan,DFFC
Peter Neururer,peterneururer,DFFC
Peter New,peternew,DFFC
Peter Odemwingie,peterodemwingie,DFFC
Peter Pacult,peterpacult,DFFC
Peter Patzak,peterpatzak,DFFC
Peter Peterson,peterpeterson,Celeb
Peter Pieters,peterpieters,DFFC
Peter Prager,peterprager,Celeb
Peter Revson,peterrevson,DFFC
Peter Rhoades-Brown,peterrhoadesbrown,DFFC
Peter Rojas,peterrojas,DFFC
Peter Rowan,peterrowan,DFFC
Peter S Beagle,petersbeagle,DFFC
Peter S Kalikow,peterskalikow,DFFC
Peter S Kim,peterskim,Celeb
Peter Sagal,petersagal,DFFC
Peter Sagan,petersagan,DFFC
Peter Sanderson,petersanderson,DFFC
Peter Sands,petersands,DFFC
Peter Sarsgaard,petersarsgaard,Celeb
Peter Schiergen,peterschiergen,DFFC
Peter Scholze,peterscholze,DFFC
Peter Schöttel,peterschttel,DFFC
Peter Seisenbacher,peterseisenbacher,DFFC
Peter Sellers,petersellers,Celeb
Peter Settman,petersettman,DFFC
Peter Sperling,petersperling,Celeb
Peter Stas,peterstas,DFFC
Peter Steele,petersteele,Celeb
Peter Stevens,peterstevens,DFFC
Peter Stormare,peterstormare,Celeb
Peter Straub,peterstraub,DFFC
Peter Svidler,petersvidler,DFFC
Peter Swirski,peterswirski,DFFC
Peter Tchernyshev,petertchernyshev,DFFC
Peter Thorne,peterthorne,DFFC
Peter Tork,petertork,Celeb
Peter Tosh,petertosh,Celeb
Peter Ustinov,peterustinov,DFFC
Peter Velits,petervelits,DFFC
Peter Vikström,petervikstrm,DFFC
Peter Wall,peterwall,DFFC
Peter Walter,peterwalter,DFFC
Peter Weller,peterweller,DFFC
Peter Wentz,peterwentz,Celeb
Peter White,peterwhite,DFFC
Peter Williams,peterwilliams,DFFC
Peter Woo,peterwoo,Celeb
Peter Wrolich,peterwrolich,DFFC
Peter York Solmssen,peteryorksolmssen,DFFC
Peter van Uhm,petervanuhm,DFFC
Peter Žonta,peteronta,DFFC
Petr Bidař,petrbida,DFFC
Petr Hapka,petrhapka,DFFC
Petr Malý,petrmal,DFFC
Petr Mitrichev,petrmitrichev,DFFC
Petr Muk,petrmuk,DFFC
Petr Sýkora,petrskora,DFFC
Petr Velička,petrvelika,DFFC
Petra Bagust,petrabagust,DFFC
Petra Cubonova,petracubonova,Celeb
Petra Kvitová,petrakvitov,DFFC
Petra Nemcova,petranemcova,Celeb
Petra Rampre,petrarampre,DFFC
Petra Zrimsek,petrazrimsek,DFFC
Petro Vlahos,petrovlahos,DFFC
Petros Christo,petroschristo,DFFC
Petula Clark,petulaclark,Celeb
Peyton List,peytonlist,Celeb
Peyton Manning,peytonmanning,DFFC
Pheeroan akLaff,pheeroanaklaff,DFFC
Phetetso Monese,phetetsomonese,DFFC
Phil Bardsley,philbardsley,DFFC
Phil Collen,philcollen,Celeb
Phil Collins,philcollins,Celeb
Phil Dalhausser,phildalhausser,DFFC
Phil Donahue,phildonahue,DFFC
Phil Dwyer,phildwyer,DFFC
Phil Esposito,philesposito,DFFC
Phil Foglio,philfoglio,DFFC
Phil Gaimon,philgaimon,DFFC
Phil Goss,philgoss,DFFC
Phil Hammond,philhammond,DFFC
Phil Harding,philharding,DFFC
Phil Hartman,philhartman,Celeb
Phil Hughes,philhughes,DFFC
Phil Jackson,philjackson,DFFC
Phil Jevons,philjevons,DFFC
Phil Johnson,philjohnson,DFFC
Phil Keoghan,philkeoghan,DFFC
Phil Knight,philknight,Celeb
Phil Laak,phillaak,DFFC
Phil Lesh,phillesh,DFFC
Phil Lewis,phillewis,Celeb
Phil Mahre,philmahre,DFFC
Phil Manzanera,philmanzanera,DFFC
Phil Marsh,philmarsh,DFFC
Phil Mathews,philmathews,DFFC
Phil Ofosu-Ayeh,philofosuayeh,DFFC
Phil Parkinson,philparkinson,DFFC
Phil Plait,philplait,DFFC
Phil Pressey,philpressey,DFFC
Phil Robertson,philrobertson,DFFC
Phil Sgrosso,philsgrosso,DFFC
Phil Simms,philsimms,DFFC
Phil Spector,philspector,DFFC
Phil Zuckerman,philzuckerman,DFFC
Philip Blake,philipblake,DFFC
Philip Campbell,philipcampbell,DFFC
Philip Clemo,philipclemo,DFFC
Philip Daniel Bolden,philipdanielbolden,Celeb
Philip Glenister,philipglenister,Celeb
Philip Gosselin,philipgosselin,DFFC
Philip Heintz,philipheintz,DFFC
Philip Johnson,philipjohnson,DFFC
Philip Kotler,philipkotler,DFFC
Philip Michael Thomas,philipmichaelthomas,Celeb
Philip Nitschke,philipnitschke,DFFC
Philip Oakey,philipoakey,DFFC
Philip Ober,philipober,DFFC
Philip Palmer,philippalmer,DFFC
Philip Proctor,philipproctor,DFFC
Philip Pullman,philippullman,DFFC
Philip Reeve,philipreeve,DFFC
Philip Seymour Hoffman,philipseymourhoffman,DFFC
Philip Tartaglia,philiptartaglia,DFFC
Philip Wheeler,philipwheeler,DFFC
Philip Winchester,philipwinchester,DFFC
Philip Zandén,philipzandn,DFFC
Philipp Bargfrede,philippbargfrede,DFFC
Philipp Boy,philippboy,DFFC
Philipp Degen,philippdegen,DFFC
Philipp Eng,philippeng,DFFC
Philipp Lahm,philipplahm,Celeb
Philipp Schörghofer,philippschrghofer,DFFC
Philipp Sichler,philippsichler,DFFC
Philippa Ballantine,philippaballantine,DFFC
Philippa Tomson,philippatomson,DFFC
Philippe Dauman,philippedauman,DFFC
Philippe Francq,philippefrancq,DFFC
Philippe Gilbert,philippegilbert,DFFC
Philippe Honoré,philippehonor,DFFC
Philippe Labro,philippelabro,DFFC
Philippe Omnès,philippeomns,DFFC
Phillip Adams,phillipadams,DFFC
Phillip Allen Sharp,phillipallensharp,DFFC
Phillip Archer,philliparcher,DFFC
Phillip Gaines,phillipgaines,DFFC
Phillip Hunt,philliphunt,DFFC
Phillip Lim,philliplim,DFFC
Phillip McDonald,phillipmcdonald,DFFC
Phillip Noyce,phillipnoyce,DFFC
Phillip Phillips,phillipphillips,DFFC
Phillip Schofield,phillipschofield,Celeb
Phillip Walker,phillipwalker,DFFC
Phillipa Towler-Green,phillipatowlergreen,DFFC
Phillipp Steinhart,phillippsteinhart,DFFC
Phillips Idowu,phillipsidowu,DFFC
Phoebe Cates,phoebecates,DFFC
Phoebe Gloeckner,phoebegloeckner,DFFC
Phoebe Price,phoebeprice,Celeb
Phoebe Tonkin,phoebetonkin,Celeb
Phylicia Rashad,phyliciarashad,DFFC
Phyllis Calvert,phylliscalvert,Celeb
Phyllis Davis,phyllisdavis,Celeb
Phyllis Diller,phyllisdiller,Celeb
Phyllis George,phyllisgeorge,DFFC
Phyllis Somerville,phyllissomerville,DFFC
Phyllis Thaxter,phyllisthaxter,DFFC
Pia Cramling,piacramling,DFFC
Pia Mia,piamia,DFFC
Pia Toscano,piatoscano,Celeb
Pia Zadora,piazadora,DFFC
Pier Angeli,pierangeli,DFFC
Pierfrancesco Favino,pierfrancescofavino,Celeb
Pierluigi Casiraghi,pierluigicasiraghi,DFFC
Piero Marini,pieromarini,DFFC
Piero Mingoia,pieromingoia,DFFC
Pierre Assouline,pierreassouline,DFFC
Pierre Bellon,pierrebellon,Celeb
Pierre Bengtsson,pierrebengtsson,DFFC
Pierre Bordage,pierrebordage,DFFC
Pierre Bouvier,pierrebouvier,Celeb
Pierre Brice,pierrebrice,DFFC
Pierre Cardin,pierrecardin,DFFC
Pierre Casiraghi,pierrecasiraghi,Celeb
Pierre Coffin,pierrecoffin,DFFC
Pierre Cossette,pierrecossette,DFFC
Pierre Deladonchamps,pierredeladonchamps,DFFC
Pierre Delanoë,pierredelano,DFFC
Pierre Drancourt,pierredrancourt,DFFC
Pierre Favre,pierrefavre,DFFC
Pierre Gasly,pierregasly,DFFC
Pierre Guichot,pierreguichot,DFFC
Pierre Littbarski,pierrelittbarski,DFFC
Pierre Lueders,pierrelueders,DFFC
Pierre Nora,pierrenora,DFFC
Pierre Omidyar,pierreomidyar,Celeb
Pierre Rapsat,pierrerapsat,DFFC
Pierre Seron,pierreseron,DFFC
Pierre Womé,pierrewom,DFFC
Pierre-Emerick Aubameyang,pierreemerickaubameyang,DFFC
Pierre-Henri Lecuisinier,pierrehenrilecuisinier,DFFC
Pierre-Loup Bouquet,pierreloupbouquet,DFFC
Pierrick Fédrigo,pierrickfdrigo,DFFC
Piers Morgan,piersmorgan,DFFC
Pieter Serry,pieterserry,DFFC
Pieter-Jan Hannes,pieterjanhannes,DFFC
Pietro Fantin,pietrofantin,DFFC
Pietro Foresti,pietroforesti,DFFC
Pietro Lombardi,pietrolombardi,DFFC
Piggy D,piggyd,DFFC
Pilar De Ayala,pilardeayala,Celeb
Pilar Rubio,pilarrubio,Celeb
Pilar Sanders,pilarsanders,Celeb
Pilou Asbæk,pilouasbk,DFFC
Pim Balkestein,pimbalkestein,DFFC
Pim Fortuyn,pimfortuyn,DFFC
Pina Bausch,pinabausch,DFFC
Pini Gershon,pinigershon,DFFC
Pino Caruso,pinocaruso,DFFC
Piolo Pascual,piolopascual,Celeb
Piotr Bobras,piotrbobras,DFFC
Piotr Lisek,piotrlisek,DFFC
Piotr Piecuch,piotrpiecuch,DFFC
Piper Gilles,pipergilles,DFFC
Piper Kerman,piperkerman,DFFC
Piper Laurie,piperlaurie,DFFC
Piper Reese,piperreese,DFFC
Pippa Black,pippablack,Celeb
Pippa Mann,pippamann,DFFC
Pippa Middleton,pippamiddleton,Celeb
Pippo Franco,pippofranco,DFFC
Pirkko Saisio,pirkkosaisio,DFFC
Pirmin Lang,pirminlang,DFFC
Piti,piti,DFFC
Pixie Geldof,pixiegeldof,Celeb
Pixie Lott,pixielott,DFFC
Piyush Gupta,piyushgupta,Celeb
Plamen Getov,plamengetov,DFFC
Plan B,planb,DFFC
Planet Asia,planetasia,DFFC
Plaxico Burress,plaxicoburress,DFFC
Player Uno,playeruno,DFFC
Plies,plies,Celeb
Plácido Domingo,plcidodomingo,DFFC
Poe,poe,DFFC
Polad Bülbüloğlu,poladblblolu,DFFC
Polina Astakhova,polinaastakhova,DFFC
Polina Korobeynikova,polinakorobeynikova,DFFC
Polina Kouklina,polinakouklina,Celeb
Polina Shelepen,polinashelepen,DFFC
Polina Zherebtsova,polinazherebtsova,DFFC
Polly Bergen,pollybergen,Celeb
Polly Holliday,pollyholliday,Celeb
Polly Samson,pollysamson,Celeb
Pollyanna Woodward,pollyannawoodward,Celeb
Polona Hercog,polonahercog,DFFC
Pontus Segerström,pontussegerstrm,DFFC
Pooja Batra,poojabatra,Celeb
Poonam Jhawer,poonamjhawer,Celeb
Pop Levi,poplevi,DFFC
Popcaan,popcaan,DFFC
Pope Benedict XVI,popebenedictxvi,Celeb
Pope John Paul II,popejohnpaulii,DFFC
Popin Pete,popinpete,DFFC
Poppy Delevingne,poppydelevingne,DFFC
Poppy Montgomery,poppymontgomery,Celeb
Porcelain Black,porcelainblack,Celeb
Porochista Khakpour,porochistakhakpour,DFFC
Porschla Coleman,porschlacoleman,Celeb
Porter Wagoner,porterwagoner,DFFC
Potro Juan,potrojuan,Celeb
Pour Lui,pourlui,DFFC
Prab Rai,prabrai,DFFC
Prachya Pinkaew,prachyapinkaew,DFFC
Prahlad Singh Patel,prahladsinghpatel,DFFC
Prashanth Thyagarajan,prashanththyagarajan,Celeb
Pratibha Sinha,pratibhasinha,DFFC
Praveen Jordan,praveenjordan,DFFC
Predrag Mijatović,predragmijatovi,DFFC
Predrag Samardžiski,predragsamardiski,DFFC
Predrag Đorđević,predragorevi,DFFC
Preity Zinta,preityzinta,DFFC
Prem Nazir,premnazir,Celeb
Preston Brown,prestonbrown,DFFC
Preston Pearson,prestonpearson,DFFC
Preston Wilson,prestonwilson,DFFC
Priest Lauderdale,priestlauderdale,DFFC
Priit Võigemast,priitvigemast,DFFC
Primo,primo,DFFC
Primož Kozmus,primokozmus,DFFC
Prince Albert of Monaco,princealbertofmonaco,Celeb
Prince Ali bin Hussein,princealibinhussein,DFFC
Prince Bernhard of Lippe-Biesterfeld,princebernhardoflippebiesterfeld,DFFC
Prince Buster,princebuster,DFFC
"Prince Carl Philip, Duke of Värmland",princecarlphilipdukeofvrmland,DFFC
Prince Claus of the Netherlands,princeclausofthenetherlands,DFFC
Prince Devitt,princedevitt,DFFC
Prince Ea,princeea,DFFC
Prince Félix of Luxembourg,princeflixofluxembourg,DFFC
Prince George of Cambridge,princegeorgeofcambridge,DFFC
Prince Joachim of Denmark,princejoachimofdenmark,DFFC
Prince Segbefia,princesegbefia,DFFC
Prince Shembo,princeshembo,DFFC
Prince Sébastien of Luxembourg,princesbastienofluxembourg,DFFC
Prince Tomohito of Mikasa,princetomohitoofmikasa,DFFC
Prince Vincent of Denmark,princevincentofdenmark,DFFC
"Prince William, Duke of Cambridge",princewilliamdukeofcambridge,DFFC
Princesa Letizia de Asturias,princesaletiziadeasturias,Celeb
Princess Akiko of Mikasa,princessakikoofmikasa,DFFC
"Princess Alexandra, The Honourable Lady Ogilvy",princessalexandrathehonourableladyogilvy,DFFC
"Princess Astrid of Belgium, Archduchess of Austria-Este",princessastridofbelgiumarchduchessofaustriaeste,DFFC
Princess Beatrice,princessbeatrice,Celeb
Princess Calixta of Lippe,princesscalixtaoflippe,DFFC
Princess Charlene of Monaco,princesscharleneofmonaco,Celeb
"Princess Elisabeth, Duchess of Brabant",princesselisabethduchessofbrabant,DFFC
"Princess Estelle, Duchess of Östergötland",princessestelleduchessofstergtland,DFFC
Princess Eugenie,princesseugenie,Celeb
Princess Eugenie of York,princesseugenieofyork,DFFC
Princess Haya bint Hussein,princesshayabinthussein,DFFC
Princess Hayu,princesshayu,DFFC
Princess Laurentien of the Netherlands,princesslaurentienofthenetherlands,DFFC
"Princess Madeleine, Duchess of Hälsingland and Gästrikland",princessmadeleineduchessofhlsinglandandgstrikland,DFFC
Princess Mako of Akishino,princessmakoofakishino,DFFC
"Princess Margaretha, Mrs Ambler",princessmargarethamrsambler,DFFC
Princess Maria Beatrice of Savoy,princessmariabeatriceofsavoy,DFFC
Princess Maria Gabriella of Savoy,princessmariagabriellaofsavoy,DFFC
Princess Maria Pia of Bourbon-Parma,princessmariapiaofbourbonparma,DFFC
Princess Soraya,princesssoraya,Celeb
Princess Stéphanie of Monaco,princessstphanieofmonaco,DFFC
Prinsessan Madeleine,prinsessanmadeleine,Celeb
Priscila Borja,priscilaborja,DFFC
Priscila Monroe,priscilamonroe,Celeb
Priscilla Barnes,priscillabarnes,Celeb
Priscilla Lane,priscillalane,Celeb
Priscilla Lopes-Schliep,priscillalopesschliep,DFFC
Priscilla Meirelles,priscillameirelles,DFFC
Prue Watt,pruewatt,DFFC
Prunella Scales,prunellascales,Celeb
Przemysław Niemiec,przemysawniemiec,DFFC
Psilodump,psilodump,DFFC
Psycho Clown,psychoclown,DFFC
Puff Kuo,puffkuo,DFFC
Puma Swede,pumaswede,DFFC
Punit Malhotra,punitmalhotra,DFFC
Pupi Avati,pupiavati,DFFC
Putsy Caballero,putsycaballero,DFFC
Putte Kock,puttekock,DFFC
Pylyp Budkivskyi,pylypbudkivskyi,DFFC
Pyotr Fyodorovich Lysenko,pyotrfyodorovichlysenko,DFFC
Pyotr Mamonov,pyotrmamonov,DFFC
Pyotr Tochilin,pyotrtochilin,DFFC
Pádraig Amond,pdraigamond,DFFC
Pádraig Harrington,pdraigharrington,DFFC
Páll Guðlaugsson,pllgulaugsson,DFFC
Péguy Luyindula,pguyluyindula,DFFC
Péricles Chamusca,pricleschamusca,DFFC
Péter Gervai,ptergervai,DFFC
Péter Gulácsi,ptergulcsi,DFFC
Péter Szényi,ptersznyi,DFFC
Pól Jóhannus Justinussen,pljhannusjustinussen,DFFC
Pāvels Mihadjuks,pvelsmihadjuks,DFFC
Q'orianka Kilcher,qoriankakilcher,DFFC
Q-Tip,qtip,DFFC
Qi Lu,qilu,DFFC
Qiao Zhenyu,qiaozhenyu,DFFC
Qin Hailu,qinhailu,DFFC
Queen Anne of Romania,queenanneofromania,DFFC
Queen Anne-Marie of Greece,queenannemarieofgreece,DFFC
Queen Hazarika,queenhazarika,DFFC
Queen Hemas,queenhemas,DFFC
Queen Letizia of Spain,queenletiziaofspain,DFFC
Queen Máxima of the Netherlands,queenmximaofthenetherlands,DFFC
Queen Rania of Jordan,queenraniaofjordan,DFFC
Queen Silvia of Sweden,queensilviaofsweden,DFFC
Quentin Fottrell,quentinfottrell,DFFC
Quentin Lafargue,quentinlafargue,DFFC
Quentin Tarantino,quentintarantino,Celeb
Quiana Grant,quianagrant,Celeb
Quincy Pondexter,quincypondexter,DFFC
Quincy Promes,quincypromes,DFFC
Quini,quini,DFFC
Quinn Do,quinndo,DFFC
Quintin Demps,quintindemps,DFFC
Quinton Carter,quintoncarter,DFFC
Quinton Coples,quintoncoples,DFFC
Quinton Ganther,quintonganther,DFFC
Qwanell Mosley,qwanellmosley,Celeb
Qyntel Woods,qyntelwoods,DFFC
R Kelly,rkelly,Celeb
R Madhavan,rmadhavan,DFFC
R Stevie Moore,rsteviemoore,DFFC
RA Lafferty,ralafferty,DFFC
RJ Balaji,rjbalaji,DFFC
RJ Thompson,rjthompson,DFFC
RJ Tolson,rjtolson,DFFC
RJD2,rjd2,DFFC
RL Burnside,rlburnside,DFFC
RL Stine,rlstine,DFFC
RZA,rza,Celeb
RaQesh Vashisth,raqeshvashisth,Celeb
Rabah Yousif,rabahyousif,DFFC
Rachael Dodds,rachaeldodds,DFFC
Rachael Finch,rachaelfinch,Celeb
Rachael Harris,rachaelharris,DFFC
Rachael MacFarlane,rachaelmacfarlane,DFFC
Rachael Ray,rachaelray,Celeb
Rachael Taylor,rachaeltaylor,DFFC
Rachel Blanchard,rachelblanchard,Celeb
Rachel Bolan,rachelbolan,Celeb
Rachel De Thame,racheldethame,DFFC
Rachel Dratch,racheldratch,DFFC
Rachel G Fox,rachelgfox,Celeb
Rachel Goswell,rachelgoswell,DFFC
Rachel Haden,rachelhaden,DFFC
Rachel Henderson,rachelhenderson,DFFC
Rachel Hurd-Wood,rachelhurdwood,Celeb
Rachel Kirkland,rachelkirkland,DFFC
Rachel Maddow,rachelmaddow,Celeb
Rachel McAdams,rachelmcadams,DFFC
Rachel Nichols,rachelnichols,DFFC
Rachel Roberts,rachelroberts,Celeb
Rachel Robinson,rachelrobinson,DFFC
Rachel Roy,rachelroy,DFFC
Rachel Shelley,rachelshelley,Celeb
Rachel Smith,rachelsmith,Celeb
Rachel Sterling,rachelsterling,Celeb
Rachel Stevens,rachelstevens,Celeb
Rachel Summerlyn,rachelsummerlyn,DFFC
Rachel Uchitel,racheluchitel,Celeb
Rachel Weisz,rachelweisz,Celeb
Rachel Zoe,rachelzoe,Celeb
Rachelle Lefevre,rachellelefevre,DFFC
Rachid Mouffouk,rachidmouffouk,DFFC
Radha Mitchell,radhamitchell,Celeb
Radhouène Felhi,radhounefelhi,DFFC
Radja Nainggolan,radjanainggolan,DFFC
Radoslav Lorković,radoslavlorkovi,DFFC
Radost Bokel,radostbokel,Celeb
Radosław Majewski,radosawmajewski,DFFC
Radovan Hromádko,radovanhromdko,DFFC
Radu Mihăileanu,radumihileanu,DFFC
Radwanska Urszula,radwanskaurszula,Celeb
Rae Dawn Chong,raedawnchong,Celeb
Rae-won Kim,raewonkim,Celeb
Raelee Hill,raeleehill,Celeb
Rafael,rafael,DFFC
Rafael A Lecuona,rafaelalecuona,DFFC
Rafael Moneo,rafaelmoneo,DFFC
Rafael Palmeiro,rafaelpalmeiro,DFFC
Rafael Sóbis,rafaelsbis,DFFC
Rafael Trelles,rafaeltrelles,DFFC
Rafael Valls,rafaelvalls,DFFC
Rafael van der Vaart,rafaelvandervaart,Celeb
Rafaela Bassi,rafaelabassi,Celeb
Rafaello Oliveira,rafaellooliveira,DFFC
Rafał Fedaczyński,rafafedaczyski,DFFC
Raffael Caetano de Araújo,raffaelcaetanodearajo,DFFC
Rafi Gavron,rafigavron,Celeb
Rafinha,rafinha,DFFC
Ragini Dwivedi,raginidwivedi,DFFC
Ragini Khanna,raginikhanna,Celeb
Ragnar Bragason,ragnarbragason,DFFC
Ragnhild Hemsing,ragnhildhemsing,DFFC
Raheem DeVaughn,raheemdevaughn,Celeb
Raheem Sterling,raheemsterling,DFFC
Rahim Moore,rahimmoore,DFFC
Rahul Deshpande,rahuldeshpande,DFFC
Raica Oliveira,raicaoliveira,Celeb
Raine Maida,rainemaida,DFFC
Rainer Hersch,rainerhersch,DFFC
Rainer Knaak,rainerknaak,DFFC
Rainer Schüttler,rainerschttler,DFFC
Rainie Yang,rainieyang,Celeb
Rainn Wilson,rainnwilson,Celeb
Raitis Grafs,raitisgrafs,DFFC
Raja Petra Kamarudin,rajapetrakamarudin,DFFC
Rajan P Dev,rajanpdev,DFFC
Rajat Gupta,rajatgupta,DFFC
Rajat Kapoor,rajatkapoor,DFFC
Rajeev Khandelwal,rajeevkhandelwal,DFFC
Rajeev Motwani,rajeevmotwani,DFFC
Rajendra Singh,rajendrasingh,DFFC
Rajendranath Zutshi,rajendranathzutshi,DFFC
Rajesh Hamal,rajeshhamal,DFFC
Rajesh Kumar,rajeshkumar,DFFC
Rajesh Thakker,rajeshthakker,DFFC
Rajiv van La Parra,rajivvanlaparra,DFFC
Rajko Kojić,rajkokoji,DFFC
Rajkumar Hirani,rajkumarhirani,DFFC
Rajnikanth,rajnikanth,Celeb
Rajon Rondo,rajonrondo,DFFC
Rajshree Thakur,rajshreethakur,DFFC
Raju Srivastav,rajusrivastav,Celeb
Rakeem Christmas,rakeemchristmas,DFFC
Rakel Liekki,rakelliekki,DFFC
Rakhi Sawant,rakhisawant,Celeb
Rakul Preet Singh,rakulpreetsingh,DFFC
Ralf König,ralfknig,DFFC
Ralf Loose,ralfloose,DFFC
Ralf Minge,ralfminge,DFFC
Ralph A Ofstie,ralphaofstie,DFFC
Ralph Friedgen,ralphfriedgen,DFFC
Ralph Garman,ralphgarman,DFFC
Ralph Hodgin,ralphhodgin,DFFC
Ralph Kiner,ralphkiner,Celeb
Ralph Krueger,ralphkrueger,DFFC
Ralph Larkin,ralphlarkin,DFFC
Ralph Macchio,ralphmacchio,Celeb
Ralph McTell,ralphmctell,DFFC
Ralph Merkle,ralphmerkle,DFFC
Ralph Ortega,ralphortega,DFFC
Ralph Sampson,ralphsampson,DFFC
Ralph Sampson III,ralphsampsoniii,DFFC
Ralphie May,ralphiemay,DFFC
Raluca Sbîrcia,ralucasbrcia,DFFC
Ram Dass,ramdass,DFFC
Ram Narayan,ramnarayan,DFFC
Ram Singh Thakur,ramsinghthakur,DFFC
Ram Singh Yadav,ramsinghyadav,DFFC
Ramadan Ramadani,ramadanramadani,DFFC
Ramel Curry,ramelcurry,DFFC
Ramesh Aravind,ramesharavind,Celeb
Ramesh Sippy,rameshsippy,DFFC
Ramez Dayoub,ramezdayoub,DFFC
Ramiele Malubay,ramielemalubay,DFFC
Ramires,ramires,DFFC
Ramiro Peña,ramiropea,DFFC
Ramiz Mamedov,ramizmamedov,DFFC
Ramon Ang,ramonang,Celeb
Ramon Durano VI,ramonduranovi,DFFC
Ramona Badescu,ramonabadescu,Celeb
Ramona Fradon,ramonafradon,DFFC
Ramona M Valdez,ramonamvaldez,DFFC
Ramzee Robinson,ramzeerobinson,DFFC
Ramzy Al-Duhami,ramzyalduhami,DFFC
Ramón,ramn,DFFC
Ramón Santiago,ramnsantiago,DFFC
Ramón Valle,ramnvalle,DFFC
Ramón Vega Hidalgo,ramnvegahidalgo,DFFC
Ramón Vázquez,ramnvzquez,DFFC
Ramón Xirau,ramnxirau,DFFC
Ramūnas Navardauskas,ramnasnavardauskas,DFFC
Ran Yu-Yu,ranyuyu,DFFC
Rana Daggubati,ranadaggubati,DFFC
Rana Kapoor,ranakapoor,DFFC
Ranbir Kapoor,ranbirkapoor,DFFC
Randal Keynes,randalkeynes,DFFC
Randall L Stephenson,randalllstephenson,DFFC
Randeep Hooda,randeephooda,Celeb
Randor Bierd,randorbierd,DFFC
Randy Barnes,randybarnes,DFFC
Randy Black,randyblack,DFFC
Randy Brecker,randybrecker,DFFC
Randy Choate,randychoate,DFFC
Randy Couture,randycouture,Celeb
Randy Ferbey,randyferbey,DFFC
Randy Graff,randygraff,DFFC
Randy Harrison,randyharrison,Celeb
Randy Houser,randyhouser,DFFC
Randy Jackson,randyjackson,DFFC
Randy Johnson,randyjohnson,DFFC
Randy Jones,randyjones,DFFC
Randy Krummenacher,randykrummenacher,DFFC
Randy Marsh,randymarsh,DFFC
Randy Moss,randymoss,DFFC
Randy Orton,randyorton,DFFC
Randy Quaid,randyquaid,DFFC
Randy Read,randyread,DFFC
Randy Rhoads,randyrhoads,Celeb
Randy Travis,randytravis,DFFC
Randy Wittman,randywittman,DFFC
Rani Mukerji,ranimukerji,DFFC
Ranidel de Ocampo,ranideldeocampo,DFFC
Ranko Golijanin,rankogolijanin,DFFC
Ranveer Singh,ranveersingh,DFFC
Raoul Gradis,raoulgradis,DFFC
Raoul Grassilli,raoulgrassilli,DFFC
Raoul Heertje,raoulheertje,DFFC
Raph Koster,raphkoster,DFFC
Raphael Holzdeppe,raphaelholzdeppe,DFFC
Raphael Holzhauser,raphaelholzhauser,DFFC
Raphael Matos,raphaelmatos,DFFC
Raphael Saadiq,raphaelsaadiq,DFFC
Raphael Sander,raphaelsander,Celeb
Raphaël Enthoven,raphalenthoven,DFFC
Raphaël Guerreiro,raphalguerreiro,DFFC
Raphaël Géminiani,raphalgminiani,DFFC
Raphaël Haroche,raphalharoche,DFFC
Rapsody,rapsody,DFFC
Raquel Fernandes,raquelfernandes,DFFC
Raquel Welch,raquelwelch,DFFC
Raquel Zimmerman,raquelzimmerman,Celeb
Raquel del Rosario,raqueldelrosario,Celeb
Rashad Baker,rashadbaker,DFFC
Rashad Johnson,rashadjohnson,DFFC
Rasheed Wallace,rasheedwallace,DFFC
Rashid Al-Mannai,rashidalmannai,DFFC
Rashida Jones,rashidajones,DFFC
Rashmi Desai Sandhu,rashmidesaisandhu,Celeb
Rasim Tagirbekov,rasimtagirbekov,DFFC
Rasmus Borowski,rasmusborowski,DFFC
Rasmus Lyberth,rasmuslyberth,DFFC
Rasmus Nøhr,rasmusnhr,DFFC
Rasmus Seebach,rasmusseebach,DFFC
Rasmus Würtz,rasmuswrtz,DFFC
Rasoul Khadem,rasoulkhadem,DFFC
Rasul Mirzaev,rasulmirzaev,DFFC
Rat Skates,ratskates,DFFC
Ratan Tata,ratantata,Celeb
Ratko Mladić,ratkomladi,DFFC
Raul Boesel,raulboesel,DFFC
Raul Midón,raulmidn,DFFC
Rauni-Leena Luukanen-Kilde,raunileenaluukanenkilde,DFFC
Raven Klaasen,ravenklaasen,DFFC
Raven-Symoné,ravensymon,DFFC
Ravi Coltrane,ravicoltrane,DFFC
Ravi Vakil,ravivakil,DFFC
Ravi Walia,raviwalia,DFFC
Ravichandran Ashwin,ravichandranashwin,DFFC
Ray Benson,raybenson,DFFC
Ray Bradbury,raybradbury,DFFC
Ray Bray,raybray,DFFC
Ray Burggraf,rayburggraf,DFFC
Ray Charles,raycharles,Celeb
Ray Cokes,raycokes,DFFC
Ray Dalio,raydalio,Celeb
Ray Danton,raydanton,DFFC
Ray Davies,raydavies,Celeb
Ray Graves,raygraves,DFFC
Ray Griggs,raygriggs,DFFC
Ray Horton,rayhorton,DFFC
Ray J,rayj,Celeb
Ray King,rayking,DFFC
Ray Knight,rayknight,DFFC
Ray Kroc,raykroc,DFFC
Ray Krouse,raykrouse,DFFC
Ray Lema,raylema,DFFC
Ray Liotta,rayliotta,DFFC
Ray Lucia,raylucia,DFFC
Ray Manzarek,raymanzarek,Celeb
Ray Milland,raymilland,Celeb
Ray Odyssey,rayodyssey,DFFC
Ray Park,raypark,DFFC
Ray Poat,raypoat,DFFC
Ray Winstone,raywinstone,Celeb
Ray-Ray Armstrong,rayrayarmstrong,DFFC
Raymond Ablack,raymondablack,Celeb
Raymond Burr,raymondburr,DFFC
Raymond De Felitta,raymonddefelitta,DFFC
Raymond Durand,raymonddurand,DFFC
Raymond F Rees,raymondfrees,DFFC
Raymond Gosling,raymondgosling,DFFC
Raymond Heerenveen,raymondheerenveen,DFFC
Raymond Poulidor,raymondpoulidor,DFFC
Raymond Westerling,raymondwesterling,DFFC
Raz Fresco,razfresco,DFFC
Raúl,ral,DFFC
Raúl Albiol,ralalbiol,DFFC
Raúl De Molina,raldemolina,DFFC
Rea Carey,reacarey,DFFC
Reagan Wickens,reaganwickens,DFFC
Reatha King,reathaking,DFFC
Reba McEntire,rebamcentire,Celeb
Rebecca Black,rebeccablack,Celeb
Rebecca Carrington,rebeccacarrington,DFFC
Rebecca De Mornay,rebeccademornay,DFFC
Rebecca Gayheart,rebeccagayheart,Celeb
Rebecca Gibney,rebeccagibney,Celeb
Rebecca Hall,rebeccahall,DFFC
Rebecca Handke,rebeccahandke,DFFC
Rebecca Hardy,rebeccahardy,DFFC
Rebecca Harrell Tickell,rebeccaharrelltickell,DFFC
Rebecca Hazlewood,rebeccahazlewood,Celeb
Rebecca Loos,rebeccaloos,Celeb
Rebecca Luker,rebeccaluker,DFFC
Rebecca Mader,rebeccamader,Celeb
Rebecca Miller,rebeccamiller,DFFC
Rebecca Mir,rebeccamir,Celeb
Rebecca Rittenhouse,rebeccarittenhouse,DFFC
Rebecca Solnit,rebeccasolnit,DFFC
Rebecca Wisocky,rebeccawisocky,DFFC
Rebekah Kochan,rebekahkochan,Celeb
Rebel Steiner,rebelsteiner,DFFC
Rebel Wilson,rebelwilson,DFFC
Reby Sky,rebysky,DFFC
Red Barrett,redbarrett,DFFC
Red Bryant,redbryant,DFFC
Red Conkright,redconkright,DFFC
Red Holzman,redholzman,DFFC
Red Murff,redmurff,DFFC
Red Skelton,redskelton,Celeb
Reece Burke,reeceburke,DFFC
Reece Gray,reecegray,DFFC
Reece Thompson,reecethompson,Celeb
Reed Farrel Coleman,reedfarrelcoleman,DFFC
Reed Hastings,reedhastings,DFFC
Reema Sen,reemasen,Celeb
Reena Roy,reenaroy,DFFC
Reet Sharma,reetsharma,DFFC
Regan Smith,regansmith,Celeb
Reggie Abercrombie,reggieabercrombie,DFFC
Reggie Bullock,reggiebullock,DFFC
Reggie Bush,reggiebush,Celeb
Reggie Fils-Aimé,reggiefilsaim,DFFC
Reggie Hamilton,reggiehamilton,DFFC
Reggie Kelly,reggiekelly,DFFC
Reggie Sears,reggiesears,DFFC
Reggie Watts,reggiewatts,DFFC
Reggie Young,reggieyoung,DFFC
Regina Feoktistova,reginafeoktistova,Celeb
Regina Hall,reginahall,Celeb
Regina Halmich,reginahalmich,Celeb
Regina King,reginaking,DFFC
Regina Lund,reginalund,DFFC
Regina Spektor,reginaspektor,DFFC
Regina Taylor,reginataylor,DFFC
Reginald Beckwith,reginaldbeckwith,DFFC
Regine Velasquez,reginevelasquez,Celeb
Regis Philbin,regisphilbin,DFFC
Reichen Lehmkuhl,reichenlehmkuhl,DFFC
Reid Hoffman,reidhoffman,DFFC
Reidar Borgersen,reidarborgersen,DFFC
Reihan Salam,reihansalam,DFFC
Reilly Opelka,reillyopelka,DFFC
Reinaldo Zavarce,reinaldozavarce,Celeb
Reiner Maurer,reinermaurer,DFFC
Reinhard Merkel,reinhardmerkel,DFFC
Reinhold Messner,reinholdmessner,DFFC
Reka Ebergenyi,rekaebergenyi,Celeb
Reks,reks,DFFC
Remi Johansen,remijohansen,DFFC
Remko Pasveer,remkopasveer,DFFC
Remo Capitani,remocapitani,DFFC
Remy LaCroix,remylacroix,DFFC
Remy Sylado,remysylado,DFFC
Ren Zhongfei,renzhongfei,DFFC
Rena Mero,renamero,Celeb
Renaldo Balkman,renaldobalkman,DFFC
Renardo Foster,renardofoster,DFFC
Renat Yanbayev,renatyanbayev,DFFC
Renaud Capuçon,renaudcapuon,DFFC
Rene Angelil,reneangelil,Celeb
Rene Farrell,renefarrell,DFFC
Rene Howe,renehowe,DFFC
Rene Russo,renerusso,Celeb
Rene Toft Hansen,renetofthansen,DFFC
Rene Tosoni,renetosoni,DFFC
Renee Chenault-Fattah,reneechenaultfattah,DFFC
Renee Germaine Van Seggern,reneegermainevanseggern,Celeb
Renee Graziano,reneegraziano,Celeb
Renee Montgomery,reneemontgomery,DFFC
Renee Olstead,reneeolstead,Celeb
Reno Mahe,renomahe,DFFC
Renzo Piano,renzopiano,DFFC
Renzo Sambo,renzosambo,DFFC
René Girard,rengirard,DFFC
René Pontoni,renpontoni,DFFC
René van de Kerkhof,renvandekerkhof,DFFC
René-Louis Baron,renlouisbaron,DFFC
Renée Nyberg,renenyberg,DFFC
Renée Zellweger,renezellweger,DFFC
Renārs Kaupers,renrskaupers,DFFC
Reon Kadena,reonkadena,Celeb
Reshard Langford,reshardlangford,DFFC
Reuben Noble-Lazarus,reubennoblelazarus,DFFC
Reuben Wu,reubenwu,DFFC
Revo Soekatno,revosoekatno,DFFC
Rex Hudler,rexhudler,DFFC
Rex Tillerson,rextillerson,Celeb
Rex Walters,rexwalters,DFFC
Reyhan Şahin,reyhanahin,DFFC
Reymond Fuentes,reymondfuentes,DFFC
Reyna Grande,reynagrande,DFFC
Reyna Hamui,reynahamui,DFFC
Reynaldo Gianecchini,reynaldogianecchini,Celeb
Reynold Philipsek,reynoldphilipsek,DFFC
Reza Ghoochannejhad,rezaghoochannejhad,DFFC
Reziuan Mirzov,reziuanmirzov,DFFC
Rhacel Parrenas,rhacelparrenas,DFFC
Rhan Hooper,rhanhooper,DFFC
Rhea Perlman,rheaperlman,DFFC
Rheed McCracken,rheedmccracken,DFFC
Rhian Ramos,rhianramos,Celeb
Rhian Wilkinson,rhianwilkinson,DFFC
Rhoma Irama,rhomairama,DFFC
Rhona Mitra,rhonamitra,DFFC
Rhonda Fleming,rhondafleming,Celeb
Rhonda Rajsich,rhondarajsich,DFFC
Rhyan Grant,rhyangrant,DFFC
Rhys Evans,rhysevans,DFFC
Rhys Ifans,rhysifans,Celeb
Rhys Jones,rhysjones,DFFC
Rhys Murphy,rhysmurphy,DFFC
Rhys Wakefield,rhyswakefield,Celeb
Rhys Williams,rhyswilliams,DFFC
Ri Myong-sun,rimyongsun,DFFC
Ria Kataja,riakataja,DFFC
Ria Percival,riapercival,DFFC
Riah Abu El-Assal,riahabuelassal,DFFC
Ric Converse,ricconverse,DFFC
Ric O'Barry,ricobarry,DFFC
Ric Ocasek,ricocasek,Celeb
Ricardo Allen,ricardoallen,DFFC
Ricardo Arjona,ricardoarjona,Celeb
Ricardo Bernal,ricardobernal,DFFC
Ricardo Bordallo,ricardobordallo,DFFC
Ricardo Cavalcante Mendes,ricardocavalcantemendes,DFFC
Ricardo Chavira,ricardochavira,Celeb
Ricardo Ferreira da Silva,ricardoferreiradasilva,DFFC
Ricardo Fort,ricardofort,DFFC
Ricardo Gareca,ricardogareca,DFFC
Ricardo González,ricardogonzlez,DFFC
Ricardo Iorio,ricardoiorio,DFFC
Ricardo Kaka,ricardokaka,Celeb
Ricardo La Volpe,ricardolavolpe,DFFC
Ricardo Lucarelli Souza,ricardolucarellisouza,DFFC
Ricardo Moniz,ricardomoniz,DFFC
Ricardo Montalban,ricardomontalban,Celeb
Ricardo Montaner,ricardomontaner,DFFC
Ricardo Munguía Pérez,ricardomunguaprez,DFFC
Ricardo Quaresma,ricardoquaresma,DFFC
Ricardo Rodriguez,ricardorodriguez,DFFC
Ricardo Rodríguez,ricardorodrguez,DFFC
Ricardo Vaz Tê,ricardovazt,DFFC
Ricardo Zonta,ricardozonta,DFFC
Ricardo van Rhijn,ricardovanrhijn,DFFC
Riccardo Montolivo,riccardomontolivo,DFFC
Riccardo Stacchiotti,riccardostacchiotti,DFFC
Riccardo Zoidl,riccardozoidl,DFFC
Ricco Groß,riccogro,DFFC
Rich Buckler,richbuckler,DFFC
Rich Cullen,richcullen,DFFC
Rich Eisen,richeisen,DFFC
Rich Froning Jr,richfroningjr,DFFC
Rich Lowry,richlowry,DFFC
Rich Nye,richnye,DFFC
Rich Rodriguez,richrodriguez,DFFC
Rich Sommer,richsommer,Celeb
Richard A Jensen,richardajensen,DFFC
Richard A Teague,richardateague,DFFC
Richard Adams,richardadams,DFFC
Richard Allen Davis,richardallendavis,DFFC
Richard Appel,richardappel,DFFC
Richard Ashcroft,richardashcroft,Celeb
Richard Attenborough,richardattenborough,DFFC
Richard Avedon,richardavedon,DFFC
Richard Bangs,richardbangs,DFFC
Richard Bennett,richardbennett,DFFC
Richard Bey,richardbey,DFFC
Richard Biggs,richardbiggs,DFFC
Richard Blackwood,richardblackwood,DFFC
Richard Bonynge,richardbonynge,DFFC
Richard Burton,richardburton,Celeb
Richard Cawthorne,richardcawthorne,DFFC
Richard Chamberlain,richardchamberlain,DFFC
Richard Coles,richardcoles,DFFC
Richard Corben,richardcorben,DFFC
Richard D Titus,richarddtitus,DFFC
Richard D Zanuck,richarddzanuck,DFFC
"Richard Dannatt, Baron Dannatt",richarddannattbarondannatt,DFFC
Richard David Precht,richarddavidprecht,DFFC
Richard Dean Anderson,richarddeananderson,Celeb
Richard Desmond,richarddesmond,DFFC
Richard Doll,richarddoll,DFFC
Richard Donner,richarddonner,DFFC
Richard Dreyfuss,richarddreyfuss,DFFC
Richard Duffy,richardduffy,DFFC
Richard Edson,richardedson,DFFC
Richard Edwin Hills,richardedwinhills,DFFC
Richard Engel,richardengel,DFFC
Richard Fortus,richardfortus,Celeb
Richard Friend,richardfriend,DFFC
Richard G Hovannisian,richardghovannisian,DFFC
Richard Galliano,richardgalliano,DFFC
Richard Goldbloom,richardgoldbloom,DFFC
Richard Goldstone,richardgoldstone,DFFC
Richard Gordon,richardgordon,DFFC
Richard Gregory,richardgregory,DFFC
Richard Grieco,richardgrieco,Celeb
Richard Griffiths,richardgriffiths,Celeb
"Richard Harries, Baron Harries of Pentregarth",richardharriesbaronharriesofpentregarth,DFFC
Richard Hilton,richardhilton,DFFC
Richard Horton,richardhorton,DFFC
Richard Jacques,richardjacques,DFFC
Richard Jenkins,richardjenkins,Celeb
Richard Johnson,richardjohnson,DFFC
Richard Jones,richardjones,DFFC
Richard Kiel,richardkiel,Celeb
Richard Kline,richardkline,DFFC
Richard Knopper,richardknopper,DFFC
Richard Kruspe,richardkruspe,Celeb
Richard Lynch,richardlynch,Celeb
Richard M Sherman,richardmsherman,DFFC
Richard Marx,richardmarx,Celeb
Richard Meier,richardmeier,DFFC
Richard Miles McCool,richardmilesmccool,DFFC
Richard Moe,richardmoe,DFFC
Richard Moll,richardmoll,DFFC
Richard Morecroft,richardmorecroft,DFFC
Richard Mulligan,richardmulligan,DFFC
Richard Nixon,richardnixon,Celeb
Richard OBrien,richardobrien,Celeb
Richard Pates,richardpates,DFFC
Richard Peck,richardpeck,DFFC
Richard Peery,richardpeery,Celeb
Richard Peirse,richardpeirse,DFFC
Richard Peniket,richardpeniket,DFFC
Richard Ramirez,richardramirez,DFFC
Richard Ray Whitman,richardraywhitman,DFFC
Richard Rhodes,richardrhodes,DFFC
Richard Ringer,richardringer,DFFC
Richard Roeper,richardroeper,DFFC
"Richard S Fuld, Jr",richardsfuldjr,DFFC
Richard Samuel,richardsamuel,DFFC
Richard Schiff,richardschiff,Celeb
Richard Schulze,richardschulze,Celeb
Richard Sennett,richardsennett,DFFC
Richard Sherman,richardsherman,DFFC
Richard Simmons,richardsimmons,DFFC
Richard Smallwood,richardsmallwood,DFFC
Richard Stallman,richardstallman,DFFC
Richard Stehlík,richardstehlk,DFFC
Richard Sterban,richardsterban,DFFC
Richard Summerbell,richardsummerbell,DFFC
Richard Taylor,richardtaylor,DFFC
Richard Tee,richardtee,DFFC
Richard Thaler,richardthaler,DFFC
Richard Virenque,richardvirenque,DFFC
Richard Williamson,richardwilliamson,DFFC
Richard Wilson,richardwilson,DFFC
Richard Wright,richardwright,Celeb
Richie Ashburn,richieashburn,DFFC
Richie Baker,richiebaker,DFFC
Richie Frahm,richiefrahm,DFFC
Richie Havens,richiehavens,DFFC
Richie Porte,richieporte,DFFC
Richie Powers,richiepowers,DFFC
Richie Sambora,richiesambora,Celeb
Richie Steamboat,richiesteamboat,DFFC
Richie Wellens,richiewellens,DFFC
Richárd Osváth,richrdosvth,DFFC
Richárd Rapport,richrdrapport,DFFC
Rick Anderson,rickanderson,DFFC
Rick Astley,rickastley,DFFC
Rick Atkinson,rickatkinson,DFFC
Rick Bassman,rickbassman,DFFC
Rick Braun,rickbraun,DFFC
Rick Brunson,rickbrunson,DFFC
Rick Carlisle,rickcarlisle,DFFC
Rick Crawford,rickcrawford,DFFC
Rick Fox,rickfox,Celeb
Rick Hoffman,rickhoffman,DFFC
Rick Lyon,ricklyon,DFFC
Rick Malambri,rickmalambri,Celeb
Rick Moranis,rickmoranis,DFFC
Rick Parfitt,rickparfitt,DFFC
Rick Paterson,rickpaterson,DFFC
Rick Porcello,rickporcello,DFFC
Rick Redewill,rickredewill,DFFC
Rick Renteria,rickrenteria,DFFC
Rick Riordan,rickriordan,DFFC
Rick Savage,ricksavage,Celeb
Rick Tocchet,ricktocchet,DFFC
Rick Veitch,rickveitch,DFFC
Rick Wagoner,rickwagoner,DFFC
Rick Wohlhuter,rickwohlhuter,DFFC
Rick Yune,rickyune,DFFC
Rickard Engfors,rickardengfors,DFFC
Rickard Nordstrand,rickardnordstrand,DFFC
Rickard Rydell,rickardrydell,DFFC
Rickard Sjöberg,rickardsjberg,DFFC
Rickey Henderson,rickeyhenderson,DFFC
Ricki Herbert,rickiherbert,DFFC
Ricki Lake,rickilake,DFFC
Rickie Fowler,rickiefowler,DFFC
Ricky Aitamai,rickyaitamai,DFFC
Ricky Bones,rickybones,DFFC
Ricky Dillon,rickydillon,DFFC
Ricky Fuji,rickyfuji,DFFC
Ricky Gervais,rickygervais,DFFC
Ricky Jay,rickyjay,Celeb
Ricky Koole,rickykoole,DFFC
Ricky Lumpkin,rickylumpkin,DFFC
Ricky Manning,rickymanning,DFFC
Ricky Nelson,rickynelson,Celeb
Ricky Paull Goldin,rickypaullgoldin,Celeb
Ricky Rubio,rickyrubio,DFFC
Ricky Schmitt,rickyschmitt,DFFC
Ricky Schroder,rickyschroder,Celeb
Ricky Skaggs,rickyskaggs,Celeb
Ricky Tomlinson,rickytomlinson,DFFC
Ricky Ullman,rickyullman,Celeb
Ricky Van Veen,rickyvanveen,DFFC
Ricky Williams,rickywilliams,DFFC
Ricky van Wolfswinkel,rickyvanwolfswinkel,DFFC
Rico Constantino,ricoconstantino,DFFC
Rico Rodriguez,ricorodriguez,DFFC
Ricochet,ricochet,DFFC
Riddick Bowe,riddickbowe,DFFC
Rie Kitahara,riekitahara,DFFC
Rie Rasmussen,rierasmussen,Celeb
Rie Tanaka,rietanaka,DFFC
Riechedly Bazoer,riechedlybazoer,DFFC
Rigobert Song,rigobertsong,DFFC
Rigoberto Urán,rigobertourn,DFFC
Rihanna,rihanna,Celeb
Riho,riho,DFFC
Rik Fox,rikfox,DFFC
Rika Fujiwara,rikafujiwara,DFFC
Riker Lynch,rikerlynch,DFFC
Riki,riki,DFFC
Riki Choshu,rikichoshu,DFFC
Riki Ellison,rikiellison,DFFC
Riki Rachtman,rikirachtman,DFFC
Rikishi,rikishi,DFFC
Rikke Møller Pedersen,rikkemllerpedersen,DFFC
Rikki Fulton,rikkifulton,DFFC
Rikki Rockett,rikkirockett,DFFC
Riley Gill,rileygill,DFFC
Riley Reid,rileyreid,DFFC
Riley Smith,rileysmith,Celeb
Rilwan Waheed,rilwanwaheed,DFFC
Rima Fakih,rimafakih,Celeb
Rimi Natsukawa,riminatsukawa,DFFC
Rimpa Siva,rimpasiva,DFFC
Rin Aoki,rinaoki,DFFC
Rin Takanashi,rintakanashi,DFFC
Rina Thieleke,rinathieleke,DFFC
Rina Uchiyama,rinauchiyama,Celeb
Rinaldo Nocentini,rinaldonocentini,DFFC
Rip Torn,riptorn,Celeb
Risa Junna,risajunna,Celeb
Risa Shoji,risashoji,DFFC
Risa Tani,risatani,Celeb
Rishard Matthews,rishardmatthews,DFFC
Rita Dove,ritadove,DFFC
Rita Haney,ritahaney,Celeb
Rita Hayworth,ritahayworth,Celeb
Rita Levi-Montalcini,ritalevimontalcini,DFFC
Rita Moreno,ritamoreno,DFFC
Rita Ora,ritaora,DFFC
Rita Sakellariou,ritasakellariou,DFFC
Ritchie McKay,ritchiemckay,DFFC
Ritchie Pickett,ritchiepickett,DFFC
Ritesh Deshmukh,riteshdeshmukh,Celeb
River Phoenix,riverphoenix,DFFC
River Viiperi,riverviiperi,Celeb
Rivers Cuomo,riverscuomo,DFFC
Riya Sen,riyasen,Celeb
Riyad Mahrez,riyadmahrez,DFFC
Riyoko Ikeda,riyokoikeda,DFFC
Ričardas Berankis,riardasberankis,DFFC
Rob Arnold,robarnold,DFFC
Rob Bironas,robbironas,DFFC
Rob Brown,robbrown,Celeb
Rob Chudzinski,robchudzinski,DFFC
Rob Cohen,robcohen,DFFC
Rob Corddry,robcorddry,Celeb
Rob Couhig,robcouhig,DFFC
Rob Drake,robdrake,DFFC
Rob Elliot,robelliot,DFFC
Rob Elvins,robelvins,DFFC
Rob Estes,robestes,Celeb
Rob Fleming,robfleming,DFFC
Rob Goode,robgoode,DFFC
Rob Goris,robgoris,DFFC
Rob Halford,robhalford,Celeb
Rob Hayles,robhayles,DFFC
Rob Hirst,robhirst,DFFC
Rob Hollink,robhollink,DFFC
Rob Housler,robhousler,DFFC
Rob Huebel,robhuebel,DFFC
Rob James-Collier,robjamescollier,DFFC
Rob Klinkhammer,robklinkhammer,DFFC
Rob Lowe,roblowe,DFFC
Rob Malda,robmalda,DFFC
Rob Marshall,robmarshall,DFFC
Rob McElhenney,robmcelhenney,DFFC
Rob Oakley,roboakley,DFFC
Rob Reiner,robreiner,DFFC
Rob Riggle,robriggle,DFFC
Rob Sasser,robsasser,DFFC
Rob Schneider,robschneider,DFFC
Rob Scuderi,robscuderi,DFFC
Rob Taylor,robtaylor,DFFC
Rob Thomas,robthomas,DFFC
Rob Thomson,robthomson,DFFC
Rob Weiss,robweiss,Celeb
Rob Zombie,robzombie,Celeb
Robb Austin,robbaustin,DFFC
Robb Wells,robbwells,DFFC
Robbie Amell,robbieamell,Celeb
Robbie Brady,robbiebrady,DFFC
Robbie Coltrane,robbiecoltrane,DFFC
Robbie Gould,robbiegould,DFFC
Robbie Gray,robbiegray,DFFC
Robbie Kay,robbiekay,DFFC
Robbie Williams,robbiewilliams,DFFC
Robby Krieger,robbykrieger,Celeb
Robby McGehee,robbymcgehee,DFFC
Robert Acquafresca,robertacquafresca,DFFC
Robert Alford,robertalford,DFFC
Robert Ardrey,robertardrey,DFFC
Robert Asprin,robertasprin,DFFC
Robert B Darnell,robertbdarnell,DFFC
Robert B Silvers,robertbsilvers,DFFC
Robert Baker,robertbaker,DFFC
Robert Bales,robertbales,DFFC
Robert Bortuzzo,robertbortuzzo,DFFC
Robert Bryant,robertbryant,DFFC
Robert Buckley,robertbuckley,Celeb
Robert C Oaks,robertcoaks,DFFC
Robert Campbell,robertcampbell,DFFC
Robert Carlyle,robertcarlyle,DFFC
Robert Carradine,robertcarradine,DFFC
Robert Chambers,robertchambers,DFFC
Robert Clotworthy,robertclotworthy,DFFC
Robert Conley,robertconley,DFFC
Robert Conquest,robertconquest,DFFC
Robert Conrad,robertconrad,Celeb
Robert Coover,robertcoover,DFFC
Robert Copeland,robertcopeland,DFFC
Robert Cornthwaite,robertcornthwaite,DFFC
Robert Corruccini,robertcorruccini,DFFC
Robert D Atkinson,robertdatkinson,DFFC
Robert Davi,robertdavi,DFFC
Robert Dinwiddie,robertdinwiddie,DFFC
Robert Douglas,robertdouglas,DFFC
Robert Dunlop,robertdunlop,DFFC
Robert Eenhoorn,roberteenhoorn,DFFC
Robert F Coleman,robertfcoleman,DFFC
Robert Foley,robertfoley,DFFC
Robert Forster,robertforster,DFFC
Robert Foxworth,robertfoxworth,DFFC
Robert Francis,robertfrancis,DFFC
Robert Fripp,robertfripp,DFFC
Robert Fry,robertfry,DFFC
Robert Fulton,robertfulton,DFFC
Robert G Heft,robertgheft,DFFC
Robert Gallo,robertgallo,DFFC
Robert Garcia,robertgarcia,DFFC
Robert Gates,robertgates,Celeb
Robert Gesink,robertgesink,DFFC
Robert Goulet,robertgoulet,Celeb
Robert Griffin III,robertgriffiniii,Celeb
Robert Hardy,roberthardy,Celeb
Robert Hoffman,roberthoffman,Celeb
Robert Hossein,roberthossein,Celeb
Robert Huber,roberthuber,DFFC
Robert Hughes,roberthughes,DFFC
Robert Huth,roberthuth,DFFC
Robert Hägg,roberthgg,DFFC
Robert Ingalls,robertingalls,DFFC
Robert J Fox,robertjfox,DFFC
Robert James Carlson,robertjamescarlson,DFFC
Robert Joy,robertjoy,Celeb
Robert Kardashian Jr,robertkardashianjr,Celeb
Robert Karjel,robertkarjel,DFFC
Robert Kayen,robertkayen,DFFC
Robert Kazinsky,robertkazinsky,Celeb
Robert Kelly,robertkelly,DFFC
Robert Kiyosaki,robertkiyosaki,Celeb
Robert Kišerlovski,robertkierlovski,DFFC
Robert Knepper,robertknepper,DFFC
Robert Kubica,robertkubica,Celeb
Robert Kuttner,robertkuttner,DFFC
Robert L Johnson,robertljohnson,DFFC
"Robert L McNeil, Jr",robertlmcneiljr,DFFC
Robert Lefkowitz,robertlefkowitz,DFFC
Robert Levon Been,robertlevonbeen,DFFC
Robert Lewandowski,robertlewandowski,DFFC
Robert Lindstedt,robertlindstedt,DFFC
Robert Livingstone,robertlivingstone,DFFC
Robert Llewellyn,robertllewellyn,DFFC
Robert M Gray,robertmgray,DFFC
Robert MacLean,robertmaclean,DFFC
Robert Maillet,robertmaillet,DFFC
"Robert Mair, Baron Mair",robertmairbaronmair,DFFC
Robert Martin Patterson,robertmartinpatterson,DFFC
Robert Maćkowiak,robertmakowiak,DFFC
Robert McClain,robertmcclain,DFFC
Robert McLachlan,robertmclachlan,DFFC
Robert Metcalfe,robertmetcalfe,DFFC
Robert Millar,robertmillar,DFFC
Robert Mitchum,robertmitchum,Celeb
Robert Mizrachi,robertmizrachi,DFFC
Robert Montgomery,robertmontgomery,Celeb
Robert Morse,robertmorse,Celeb
Robert O Trout,robertotrout,DFFC
Robert Patrick,robertpatrick,Celeb
Robert Pattinson,robertpattinson,DFFC
Robert Plant,robertplant,DFFC
Robert Pressley,robertpressley,DFFC
Robert Quarry,robertquarry,DFFC
Robert Reichel,robertreichel,DFFC
Robert Rich Jr,robertrichjr,Celeb
Robert S McElvaine,robertsmcelvaine,DFFC
Robert Sacre,robertsacre,DFFC
Robert Sarah,robertsarah,DFFC
Robert Schmieder,robertschmieder,DFFC
Robert Schwartzman,robertschwartzman,Celeb
Robert Sean Leonard,robertseanleonard,Celeb
Robert Sheehan,robertsheehan,Celeb
"Robert Skidelsky, Baron Skidelsky",robertskidelskybaronskidelsky,DFFC
Robert Smigel,robertsmigel,DFFC
Robert Smith,robertsmith,DFFC
Robert Szpak,robertszpak,DFFC
Robert Tapert,roberttapert,DFFC
Robert Towne,roberttowne,DFFC
Robert Urbanek,roberturbanek,DFFC
Robert Urich,roberturich,Celeb
Robert Vaughn,robertvaughn,DFFC
Robert Vrečer,robertvreer,DFFC
Robert W Heath Jr,robertwheathjr,DFFC
Robert Wagner,robertwagner,DFFC
Robert Walker,robertwalker,Celeb
Robert Webber,robertwebber,DFFC
Robert Wise,robertwise,DFFC
Robert Woods,robertwoods,DFFC
Robert Wuhl,robertwuhl,DFFC
Robert Wyatt,robertwyatt,DFFC
Robert ten Brink,roberttenbrink,DFFC
Roberta D'Adda,robertadadda,DFFC
Roberta McCain,robertamccain,DFFC
Roberta Rodeghiero,robertarodeghiero,DFFC
Roberta Rodrigues,robertarodrigues,DFFC
Roberth Björknesjö,roberthbjrknesj,DFFC
Roberto Abraham,robertoabraham,DFFC
Roberto Alomar,robertoalomar,DFFC
Roberto Bellarosa,robertobellarosa,DFFC
Roberto Carlos,robertocarlos,DFFC
Roberto Chen,robertochen,DFFC
Roberto Cyborg Abreu,robertocyborgabreu,DFFC
Roberto Dalla Vecchia,robertodallavecchia,DFFC
Roberto Di Matteo,robertodimatteo,DFFC
Roberto Durán,robertodurn,DFFC
Roberto Maytín,robertomaytn,DFFC
Roberto Moreno,robertomoreno,DFFC
Roberto Orci,robertoorci,DFFC
Roberto Petito,robertopetito,DFFC
Roberto Pieraccini,robertopieraccini,DFFC
Roberto Pérez,robertoprez,DFFC
Roberto Ravaglia,robertoravaglia,DFFC
Roberto Refinetti,robertorefinetti,DFFC
Roberto Telch,robertotelch,DFFC
Roberto Vacchi,robertovacchi,DFFC
Robin,robin,DFFC
Robin Antin,robinantin,Celeb
Robin Curtis,robincurtis,DFFC
Robin Dahlstrøm,robindahlstrm,DFFC
Robin Dunne,robindunne,Celeb
Robin Duvillard,robinduvillard,DFFC
Robin Eubanks,robineubanks,DFFC
Robin Gibb,robingibb,Celeb
Robin Givens,robingivens,Celeb
Robin Hobb,robinhobb,DFFC
Robin Ince,robinince,DFFC
Robin Juhkental,robinjuhkental,DFFC
Robin Li,robinli,Celeb
Robin Lopez,robinlopez,DFFC
Robin Meade,robinmeade,Celeb
Robin Norell,robinnorell,DFFC
Robin Olds,robinolds,DFFC
Robin Padilla,robinpadilla,DFFC
Robin Popplestone,robinpopplestone,DFFC
Robin Quivers,robinquivers,DFFC
Robin Riker,robinriker,Celeb
Robin Roberts,robinroberts,Celeb
Robin Szolkowy,robinszolkowy,DFFC
Robin Thicke,robinthicke,Celeb
Robin Williams,robinwilliams,DFFC
Robin van Persie,robinvanpersie,DFFC
Robinson Canó,robinsoncan,DFFC
Robinson Chirinos,robinsonchirinos,DFFC
Robledo Puch,robledopuch,DFFC
Robson Green,robsongreen,Celeb
Robyn,robyn,DFFC
Robyn Carlsson,robyncarlsson,Celeb
Robyn Malcolm,robynmalcolm,DFFC
Rocco DiSpirito,roccodispirito,Celeb
Rochelle Alers,rochellealers,DFFC
Rochelle Aytes,rochelleaytes,Celeb
Rochelle Gilmore,rochellegilmore,DFFC
Rochelle Humes,rochellehumes,DFFC
Rochelle Wiseman,rochellewiseman,Celeb
Rocio Guirao Diaz,rocioguiraodiaz,Celeb
Rocio Igarzabal,rocioigarzabal,Celeb
Rock Hudson,rockhudson,DFFC
Rockie Fresh,rockiefresh,DFFC
Rockie Lynne,rockielynne,DFFC
Rockne Brubaker,rocknebrubaker,DFFC
Rockstar Spud,rockstarspud,DFFC
Rocky Bernard,rockybernard,DFFC
Rod Piazza,rodpiazza,DFFC
Rod Smith,rodsmith,DFFC
Rod Sweeting,rodsweeting,DFFC
Roddy Frame,roddyframe,DFFC
Roderick J McDavis,roderickjmcdavis,DFFC
Roderick Strong,roderickstrong,DFFC
Rodger Bumpass,rodgerbumpass,DFFC
Rodger Doxsey,rodgerdoxsey,DFFC
Rodney Carrington,rodneycarrington,Celeb
Rodney Dangerfield,rodneydangerfield,DFFC
Rodney Harmon,rodneyharmon,DFFC
Rodney Hudson,rodneyhudson,DFFC
Rodney Joseph Burn,rodneyjosephburn,DFFC
Rodney Mack,rodneymack,DFFC
Rodney Peete,rodneypeete,DFFC
Rodolfo González,rodolfogonzlez,DFFC
Rodolfo López,rodolfolpez,DFFC
Rodolfo P Hernández,rodolfophernndez,DFFC
Rodolph Austin,rodolphaustin,DFFC
Rodrigo Amarante,rodrigoamarante,DFFC
Rodrigo Guirao Diaz,rodrigoguiraodiaz,Celeb
Rodrigo Moynihan,rodrigomoynihan,DFFC
Rodrigo Santoro,rodrigosantoro,DFFC
Roelof Koops,roelofkoops,DFFC
Rogelio Domínguez,rogeliodomnguez,DFFC
Roger Allen III,rogeralleniii,DFFC
Roger Bisby,rogerbisby,DFFC
Roger Browne,rogerbrowne,DFFC
Roger Chapman,rogerchapman,DFFC
Roger Corman,rogercorman,DFFC
Roger Creager,rogercreager,DFFC
Roger Davies,rogerdavies,DFFC
Roger Ebert,rogerebert,Celeb
Roger Espinoza,rogerespinoza,DFFC
Roger Fan,rogerfan,DFFC
Roger Hammond,rogerhammond,DFFC
Roger Hoover,rogerhoover,DFFC
Roger Joseph Foys,rogerjosephfoys,DFFC
Roger Livesey,rogerlivesey,DFFC
Roger McNamee,rogermcnamee,DFFC
Roger Olmos,rogerolmos,DFFC
Roger Rinderknecht,rogerrinderknecht,DFFC
Roger Stern,rogerstern,DFFC
Roger T Forster,rogertforster,DFFC
Roger T Pipe,rogertpipe,DFFC
Roger Taylor,rogertaylor,Celeb
Roger Tsien,rogertsien,Celeb
Roger Waters,rogerwaters,DFFC
Roger Zelazny,rogerzelazny,DFFC
Rogers Gaines,rogersgaines,DFFC
Rogie Vachon,rogievachon,DFFC
Rogério Ceni,rogrioceni,DFFC
Rohit Bal,rohitbal,DFFC
Rohit Khurana,rohitkhurana,DFFC
Rohullah Nikpai,rohullahnikpai,DFFC
Roisin Murphy,roisinmurphy,Celeb
Rok Benkovič,rokbenkovi,DFFC
Roland Carl Backhouse,rolandcarlbackhouse,DFFC
Roland Gift,rolandgift,DFFC
Roland Gigolayev,rolandgigolayev,DFFC
Roland Giraud,rolandgiraud,DFFC
Roland Kickinger,rolandkickinger,Celeb
Roland Königshofer,rolandknigshofer,DFFC
Roland Linz,rolandlinz,DFFC
Roland McKeown,rolandmckeown,DFFC
Roland Orzabal,rolandorzabal,DFFC
Roland Schoeman,rolandschoeman,Celeb
Rolando McClain,rolandomcclain,DFFC
Rolf Herricht,rolfherricht,DFFC
Rolf Huisgen,rolfhuisgen,DFFC
Rolf Noskwith,rolfnoskwith,DFFC
Rolf Peterson,rolfpeterson,DFFC
Rolland Golden,rollandgolden,DFFC
Roma Asrani,romaasrani,DFFC
Roma Downey,romadowney,Celeb
Roma Egan,romaegan,DFFC
Romain Grosjean,romaingrosjean,DFFC
Romain Sardou,romainsardou,DFFC
Romaine Sawyers,romainesawyers,DFFC
Roman Dirge,romandirge,DFFC
Roman Eremenko,romaneremenko,DFFC
Roman Josi,romanjosi,DFFC
Roman Kontsedalov,romankontsedalov,DFFC
Roman Kostomarov,romankostomarov,DFFC
Roman Neustädter,romanneustdter,DFFC
Roman Novotný,romannovotn,DFFC
Roman Oben,romanoben,DFFC
Roman Polanski,romanpolanski,DFFC
Roman Reigns,romanreigns,DFFC
Roman Serov,romanserov,DFFC
Roman Shishkin,romanshishkin,DFFC
Roman Talan,romantalan,DFFC
Roman Vorobyov,romanvorobyov,DFFC
Roman Zaretsky,romanzaretsky,DFFC
Roman Zobnin,romanzobnin,DFFC
Roman Zozulya,romanzozulya,DFFC
Romany Malco,romanymalco,Celeb
Romaric,romaric,DFFC
Romelu Lukaku,romelulukaku,DFFC
Romero Osby,romeroosby,DFFC
Romesh T Wadhwani,romeshtwadhwani,Celeb
Romina Gaetani,rominagaetani,Celeb
Romina Power,rominapower,Celeb
Romy Bühler,romybhler,DFFC
Romy Schneider,romyschneider,Celeb
Román Colón,romncoln,DFFC
Ron,ron,DFFC
Ron Allen,ronallen,DFFC
Ron Asheton,ronasheton,DFFC
Ron Ben-Yishai,ronbenyishai,DFFC
Ron Brooks,ronbrooks,DFFC
Ron Burkle,ronburkle,Celeb
Ron Campbell,roncampbell,DFFC
Ron Carter,roncarter,DFFC
Ron Eldard,roneldard,Celeb
Ron Goulart,rongoulart,DFFC
Ron Jaworski,ronjaworski,DFFC
Ron Jeremy,ronjeremy,DFFC
Ron Kulpa,ronkulpa,DFFC
Ron Laskey,ronlaskey,DFFC
Ron Livingston,ronlivingston,DFFC
Ron Perlman,ronperlman,Celeb
Ron Reagan,ronreagan,DFFC
Ron Romanick,ronromanick,DFFC
Ron Vlaar,ronvlaar,DFFC
Ron Washington,ronwashington,DFFC
Ron Williams,ronwilliams,DFFC
Ron Wood,ronwood,Celeb
Ron Yeats,ronyeats,DFFC
Ron Zook,ronzook,DFFC
Ron-Robert Zieler,ronrobertzieler,DFFC
Rona Kenan,ronakenan,DFFC
Ronald Burkle,ronaldburkle,DFFC
Ronald Dworkin,ronalddworkin,DFFC
Ronald Goldman,ronaldgoldman,DFFC
Ronald Gërçaliu,ronaldgraliu,DFFC
Ronald Jensen,ronaldjensen,DFFC
Ronald Kessler,ronaldkessler,DFFC
Ronald Lam,ronaldlam,DFFC
Ronald Mulder,ronaldmulder,DFFC
Ronald Powell,ronaldpowell,DFFC
Ronald Searle,ronaldsearle,DFFC
Ronald Sørensen,ronaldsrensen,DFFC
Ronald Wayne,ronaldwayne,DFFC
Ronald Worm,ronaldworm,DFFC
Ronald Zubar,ronaldzubar,DFFC
Ronaldinho,ronaldinho,DFFC
Ronaldo,ronaldo,DFFC
Ronalds Ķēniņš,ronaldsni,DFFC
Ronan Farrow,ronanfarrow,DFFC
Ronan Harris,ronanharris,DFFC
Ronan Keating,ronankeating,Celeb
Ronde Barber,rondebarber,DFFC
Ronn Moss,ronnmoss,Celeb
Ronnie Coleman,ronniecoleman,DFFC
Ronnie Drew,ronniedrew,DFFC
Ronnie Earl,ronnieearl,DFFC
Ronnie Henry,ronniehenry,DFFC
Ronnie Jepson,ronniejepson,DFFC
Ronnie Milsap,ronniemilsap,Celeb
Ronnie O'Sullivan,ronnieosullivan,DFFC
Ronnie Ortiz-Magro,ronnieortizmagro,Celeb
Ronnie Radke,ronnieradke,DFFC
Ronnie Wallwork,ronniewallwork,DFFC
Ronnie Whelan,ronniewhelan,DFFC
Ronnie Wood,ronniewood,DFFC
Ronnie del Carmen,ronniedelcarmen,DFFC
Rory Calhoun,rorycalhoun,Celeb
Rory Cochrane,rorycochrane,Celeb
Rory Delap,rorydelap,DFFC
Rory Elrick,roryelrick,DFFC
Rory McIlroy,rorymcilroy,DFFC
Rory Patterson,rorypatterson,DFFC
Rosa Chacha,rosachacha,DFFC
Rosa Menkman,rosamenkman,DFFC
Rosa Törmänen,rosatrmnen,DFFC
Rosabeth Moss Kanter,rosabethmosskanter,DFFC
Rosalyn Baxandall,rosalynbaxandall,DFFC
Rosamund Pike,rosamundpike,DFFC
Rosana dos Santos Augusto,rosanadossantosaugusto,DFFC
Rosanna Davison,rosannadavison,Celeb
Rosannagh Maclennan,rosannaghmaclennan,Celeb
Rosanne Kohake,rosannekohake,DFFC
Rose Hemingway,rosehemingway,DFFC
Rose Leslie,roseleslie,DFFC
Rose Mead,rosemead,DFFC
Rosela Gjylbegu,roselagjylbegu,DFFC
Roselyn Sánchez,roselynsnchez,DFFC
Rosemarie DeWitt,rosemariedewitt,Celeb
Rosemary Clooney,rosemaryclooney,Celeb
Rosemary Little,rosemarylittle,DFFC
Rosey Grier,roseygrier,DFFC
Rosi Mittermaier,rosimittermaier,DFFC
Rosie Huntington Whiteley,rosiehuntingtonwhiteley,Celeb
Rosie Jones,rosiejones,Celeb
Rosie MacLennan,rosiemaclennan,DFFC
Rosie Napravnik,rosienapravnik,DFFC
Rosie O'Donnell,rosieodonnell,Both
Roslyn Fuller,roslynfuller,DFFC
Rosmah Mansor,rosmahmansor,DFFC
Ross Bleckner,rossbleckner,DFFC
Ross Brawn,rossbrawn,DFFC
Ross Lynch,rosslynch,Celeb
Ross McCall,rossmccall,Celeb
Ross Ryan,rossryan,DFFC
Ross Turnbull,rossturnbull,DFFC
Rossana Di Lorenzo,rossanadilorenzo,DFFC
Rossella Falk,rossellafalk,DFFC
Rossif Sutherland,rossifsutherland,Celeb
Rossy de Palma,rossydepalma,DFFC
Rostislav Sinicyn,rostislavsinicyn,DFFC
Rostyn Griffiths,rostyngriffiths,DFFC
Rostyslav Hertsyk,rostyslavhertsyk,DFFC
Rosângela Santos,rosngelasantos,DFFC
Rowan Atkinson,rowanatkinson,DFFC
Rowen Muscat,rowenmuscat,DFFC
Rowetta,rowetta,DFFC
Roxane Mesquida,roxanemesquida,Celeb
Roxann Dawson,roxanndawson,Celeb
Roxanne Guinoo,roxanneguinoo,Celeb
Roxanne Pallett,roxannepallett,Celeb
Roxy Jezel,roxyjezel,DFFC
Roy Andersson,royandersson,DFFC
Roy Bourgeois,roybourgeois,DFFC
Roy Chipolina,roychipolina,DFFC
Roy Choi,roychoi,DFFC
Roy Curvers,roycurvers,DFFC
Roy Hibbert,royhibbert,DFFC
Roy Khan,roykhan,Celeb
Roy McMillan,roymcmillan,DFFC
Roy Miller,roymiller,DFFC
Roy Neuberger,royneuberger,DFFC
Roy O'Donovan,royodonovan,DFFC
Roy Scheider,royscheider,DFFC
Roy Speckhardt,royspeckhardt,DFFC
Roy Wilford Riegle,roywilfordriegle,DFFC
Roy Williams,roywilliams,DFFC
Roy Zimmerman,royzimmerman,DFFC
Royal Dano,royaldano,DFFC
Royce Ring,roycering,DFFC
Royce Womble,roycewomble,DFFC
Royd Anderson,roydanderson,DFFC
Roys Poyiadjis,royspoyiadjis,DFFC
Royston Drenthe,roystondrenthe,DFFC
Roz Kaveney,rozkaveney,DFFC
Ruben Bemelmans,rubenbemelmans,DFFC
Ruben Blommaert,rubenblommaert,DFFC
Ruben Cortada,rubencortada,Celeb
Ruben Fleischer,rubenfleischer,DFFC
Ruben Zadkovich,rubenzadkovich,DFFC
Ruby Dee,rubydee,Celeb
Ruby Lin,rubylin,DFFC
Ruby Rose,rubyrose,DFFC
Ruby Walsh,rubywalsh,DFFC
Rubén Limardo,rubnlimardo,DFFC
Rubén Plaza,rubnplaza,DFFC
Rubén Rochina,rubnrochina,DFFC
Rubén de la Red,rubndelared,DFFC
Rudi Swiegers,rudiswiegers,DFFC
Rudi Völler,rudivller,DFFC
Rudolf Abel,rudolfabel,DFFC
Rudolf Schenker,rudolfschenker,Celeb
Rudolf Voderholzer,rudolfvoderholzer,DFFC
Rudolph A Marcus,rudolphamarcus,DFFC
Rudy Fernandez,rudyfernandez,Celeb
Rudy Gobert,rudygobert,DFFC
Rudy Molard,rudymolard,DFFC
Rudy Rucker,rudyrucker,DFFC
Rudy Ruettiger,rudyruettiger,DFFC
Rudy Sarzo,rudysarzo,Celeb
Rudy Seánez,rudysenez,DFFC
Rudy Tomjanovich,rudytomjanovich,DFFC
Ruffy Silverstein,ruffysilverstein,DFFC
Rufin Guillaume,rufinguillaume,Celeb
Rufus Sewell,rufussewell,Celeb
Rufus Wainwright,rufuswainwright,Celeb
Ruggero Deodato,ruggerodeodato,DFFC
Ruhal Ahmed,ruhalahmed,DFFC
Rui Miguel Rodrigues,ruimiguelrodrigues,DFFC
Rui Ricardo Dias,ruiricardodias,DFFC
Rui Veloso,ruiveloso,DFFC
Rula Lenska,rulalenska,Celeb
Rulon Gardner,rulongardner,DFFC
Rumer Willis,rumerwillis,Celeb
Rune Bratseth,runebratseth,DFFC
Rune Jarstein,runejarstein,DFFC
Rupert Everett,ruperteverett,Celeb
Rupert Friend,rupertfriend,Celeb
Rupert Jones,rupertjones,DFFC
Rupert Sanders,rupertsanders,DFFC
Rush Limbaugh,rushlimbaugh,DFFC
Rusheen McDonald,rusheenmcdonald,DFFC
Ruslaan Mumtaz,ruslaanmumtaz,Celeb
Ruslan Pashtov,ruslanpashtov,DFFC
Ruslan Rotan,ruslanrotan,DFFC
Ruslan Yamadayev,ruslanyamadayev,DFFC
Ruslana,ruslana,DFFC
Ruslana Korshunova,ruslanakorshunova,Celeb
Ruslans Sorokins,ruslanssorokins,DFFC
Russ Crane,russcrane,DFFC
Russ Grimm,russgrimm,DFFC
Russ Heath,russheath,DFFC
Russ Hochstein,russhochstein,DFFC
Russ Meyer,russmeyer,DFFC
Russ Nelson,russnelson,DFFC
Russ Rose,russrose,DFFC
Russ Swift,russswift,DFFC
Russell Brand,russellbrand,DFFC
Russell Dive,russelldive,DFFC
Russell Fry,russellfry,DFFC
Russell Gilbrook,russellgilbrook,DFFC
Russell L Ackoff,russelllackoff,DFFC
Russell Leetch,russellleetch,DFFC
Russell Martin,russellmartin,DFFC
Russell Means,russellmeans,DFFC
Russell Peters,russellpeters,DFFC
Russell Scott,russellscott,DFFC
Russell Simmons,russellsimmons,DFFC
Russell Slade,russellslade,DFFC
Russell Watson,russellwatson,DFFC
Russell Westbrook,russellwestbrook,Celeb
Russell Wong,russellwong,Celeb
Rustam Ibragimbekov,rustamibragimbekov,DFFC
Rustam Kasimdzhanov,rustamkasimdzhanov,DFFC
Rustem Mukhametshin,rustemmukhametshin,DFFC
Rusty Draper,rustydraper,DFFC
Rusty Smith,rustysmith,DFFC
Rusudan Goletiani,rusudangoletiani,DFFC
Ruta Lee,rutalee,DFFC
Rutger Hauer,rutgerhauer,DFFC
Ruth Bishop,ruthbishop,DFFC
Ruth Ellis,ruthellis,DFFC
Ruth Gruber,ruthgruber,DFFC
Ruth MJ Byrne,ruthmjbyrne,DFFC
Ruth Roman,ruthroman,Celeb
Ruth Vega Fernandez,ruthvegafernandez,DFFC
Ruth Westheimer,ruthwestheimer,DFFC
Rutina Wesley,rutinawesley,Celeb
Ruud Boffin,ruudboffin,DFFC
Ruud Vormer,ruudvormer,DFFC
Ryad Boudebouz,ryadboudebouz,DFFC
Ryan Adams,ryanadams,Celeb
Ryan Anderson,ryananderson,DFFC
Ryan Baker,ryanbaker,DFFC
Ryan Bertrand,ryanbertrand,DFFC
Ryan Block,ryanblock,DFFC
Ryan Bradley,ryanbradley,DFFC
Ryan Braun,ryanbraun,Celeb
Ryan Briscoe,ryanbriscoe,DFFC
Ryan Clady,ryanclady,DFFC
Ryan Cochrane,ryancochrane,Celeb
Ryan Cook,ryancook,DFFC
Ryan Day,ryanday,DFFC
Ryan Dunn,ryandunn,Celeb
Ryan Eggold,ryaneggold,DFFC
Ryan Farquhar,ryanfarquhar,DFFC
Ryan Finnie,ryanfinnie,DFFC
Ryan Fitzpatrick,ryanfitzpatrick,DFFC
Ryan Giggs,ryangiggs,DFFC
Ryan Goins,ryangoins,DFFC
Ryan Good,ryangood,Celeb
Ryan Gosling,ryangosling,DFFC
Ryan Guzman,ryanguzman,Celeb
Ryan Haggerty,ryanhaggerty,DFFC
Ryan Hansen,ryanhansen,DFFC
Ryan Harris,ryanharris,DFFC
Ryan Harrison,ryanharrison,Celeb
Ryan Higa,ryanhiga,Celeb
Ryan Hulings,ryanhulings,DFFC
Ryan Hurst,ryanhurst,Celeb
Ryan J Davis,ryanjdavis,DFFC
Ryan Jones,ryanjones,DFFC
Ryan Kalil,ryankalil,DFFC
Ryan Keller,ryankeller,DFFC
Ryan Kwanten,ryankwanten,Celeb
Ryan Lavarnway,ryanlavarnway,DFFC
Ryan Leslie,ryanleslie,Celeb
Ryan Lochte,ryanlochte,Celeb
Ryan Lowe,ryanlowe,DFFC
Ryan Madson,ryanmadson,DFFC
Ryan Malone,ryanmalone,DFFC
Ryan McGowan,ryanmcgowan,DFFC
Ryan Miller,ryanmiller,DFFC
Ryan Murphy,ryanmurphy,DFFC
Ryan O'Keefe,ryanokeefe,DFFC
Ryan ONeal,ryanoneal,Celeb
Ryan Ochoa,ryanochoa,Celeb
Ryan Perrilloux,ryanperrilloux,DFFC
Ryan Phillippe,ryanphillippe,Celeb
Ryan Pinkston,ryanpinkston,Celeb
Ryan Reynolds,ryanreynolds,DFFC
Ryan Richter,ryanrichter,DFFC
Ryan Ross,ryanross,Celeb
Ryan Rottman,ryanrottman,Celeb
Ryan Russell,ryanrussell,DFFC
Ryan Scott,ryanscott,DFFC
Ryan Shawcross,ryanshawcross,DFFC
Ryan Shotton,ryanshotton,DFFC
Ryan Sieg,ryansieg,DFFC
Ryan Smyth,ryansmyth,DFFC
Ryan Starr,ryanstarr,Celeb
Ryan Stiles,ryanstiles,DFFC
Ryan Strome,ryanstrome,DFFC
Ryan Taylor,ryantaylor,DFFC
Ryan Tedder,ryantedder,Celeb
Ryan Truex,ryantruex,DFFC
Ryan Whiting,ryanwhiting,DFFC
Ryan Williams,ryanwilliams,DFFC
Ryan Wilson,ryanwilson,DFFC
Ryback,ryback,DFFC
Ryder Hesjedal,ryderhesjedal,DFFC
Ryo Shibata,ryoshibata,DFFC
Ryoko Yonekura,ryokoyonekura,Celeb
Ryszard Wasko,ryszardwasko,DFFC
Ryuichi Kawamura,ryuichikawamura,DFFC
Ryuichi Ogata,ryuichiogata,DFFC
Ryuju Hino,ryujuhino,DFFC
Ryusuke Taguchi,ryusuketaguchi,DFFC
Ryūtarō Matsumoto,rytarmatsumoto,DFFC
Réda Johnson,rdajohnson,DFFC
Régine Chassagne,rginechassagne,DFFC
Régine Zylberberg,rginezylberberg,DFFC
Réka Benkó,rkabenk,DFFC
Rémi Biancardini,rmibiancardini,DFFC
Rémi Cusin,rmicusin,DFFC
Rémi Mathis,rmimathis,DFFC
Rémy Vercoutre,rmyvercoutre,DFFC
Rógvi Baldvinsson,rgvibaldvinsson,DFFC
Rúben Sança,rbensana,DFFC
Rúrik Gíslason,rrikgslason,DFFC
Răzvan Cociș,rzvancoci,DFFC
Rūta Meilutytė,rtameilutyt,DFFC
S Ramachandra,sramachandra,DFFC
SD Shibulal,sdshibulal,DFFC
SE Cupp,secupp,DFFC
SORNE,sorne,DFFC
SP Balasubrahmanyam,spbalasubrahmanyam,DFFC
SP Sailaja,spsailaja,DFFC
SR Srinivasa Varadhan,srsrinivasavaradhan,DFFC
SZA,sza,DFFC
Saadet Aksoy,saadetaksoy,DFFC
Sabahudin Kurt,sabahudinkurt,DFFC
Sabian,sabian,DFFC
Sabina Babayeva,sabinababayeva,DFFC
Sabina Cojocar,sabinacojocar,DFFC
Sabina Imaikina,sabinaimaikina,DFFC
Sabina Sharipova,sabinasharipova,DFFC
Sabina-Francesca Foisor,sabinafrancescafoisor,DFFC
Sabine Bau,sabinebau,DFFC
Sabine Lisicki,sabinelisicki,Celeb
Sabine Moussier,sabinemoussier,Celeb
Sabine Schmitz,sabineschmitz,DFFC
Sabra Johnson,sabrajohnson,DFFC
Sabrina Bryan,sabrinabryan,Celeb
Sabrina Ferilli,sabrinaferilli,Celeb
Sabrina Garciarena,sabrinagarciarena,Celeb
Sabrina Salerno,sabrinasalerno,DFFC
Sabu,sabu,DFFC
Sacha Baron Cohen,sachabaroncohen,DFFC
Sachia Vickery,sachiavickery,DFFC
Sadahiro Miwa,sadahiromiwa,DFFC
Sade,sade,Celeb
Sadie Robertson,sadierobertson,DFFC
Sadrac González,sadracgonzlez,DFFC
Saeed Ajmal,saeedajmal,DFFC
Safet Isović,safetisovi,DFFC
Sage Stallone,sagestallone,DFFC
Sagia Castaneda,sagiacastaneda,Celeb
Sahara Smith,saharasmith,DFFC
Saif Ali Khan,saifalikhan,DFFC
Saif Saaeed Shaheen,saifsaaeedshaheen,DFFC
Sailor Roberts,sailorroberts,DFFC
Saina Nehwal,sainanehwal,Celeb
Saindhavi,saindhavi,DFFC
Saki Aibu,sakiaibu,Celeb
Saki Nakajima,sakinakajima,DFFC
Sakis Rouvas,sakisrouvas,DFFC
Sal Castro,salcastro,DFFC
Sal Fasano,salfasano,DFFC
Sal Maglie,salmaglie,DFFC
Sal Masekela,salmasekela,DFFC
Sal Mineo,salmineo,Celeb
Sal Paolantonio,salpaolantonio,DFFC
Salaheddine Aqqal,salaheddineaqqal,DFFC
Salih Dursun,salihdursun,DFFC
Salim Stoudamire,salimstoudamire,DFFC
Salina Kosgei,salinakosgei,DFFC
Salli Richardson-Whitfield,sallirichardsonwhitfield,Celeb
Sally Clausen,sallyclausen,DFFC
Sally Eilers,sallyeilers,Celeb
Sally Gunnell,sallygunnell,DFFC
Sally Hawkins,sallyhawkins,Celeb
Sally Kellerman,sallykellerman,Celeb
Sally Miller Gearhart,sallymillergearhart,DFFC
Sally ONeil,sallyoneil,Celeb
Sally Pressman,sallypressman,DFFC
Sally Rand,sallyrand,Celeb
Sally Struthers,sallystruthers,DFFC
Salma de Nora,salmadenora,DFFC
Salmons John,salmonsjohn,Celeb
Salomon Kalou,salomonkalou,DFFC
Saloni Aswani,saloniaswani,Celeb
Salva Ballesta,salvaballesta,DFFC
Salvatore Amirante,salvatoreamirante,DFFC
Salvatore Mancuso,salvatoremancuso,DFFC
Sam Beddingfield,sambeddingfield,DFFC
Sam Branson,sambranson,Celeb
Sam Brown,sambrown,DFFC
Sam Chegini,samchegini,DFFC
Sam Claflin,samclaflin,DFFC
Sam Collins,samcollins,DFFC
Sam Cronin,samcronin,DFFC
Sam Davol,samdavol,DFFC
Sam Dekker,samdekker,DFFC
Sam Elliott,samelliott,Celeb
Sam Gash,samgash,DFFC
Sam Gross,samgross,DFFC
Sam Hancock,samhancock,DFFC
Sam Harding,samharding,DFFC
Sam Hazewinkel,samhazewinkel,Celeb
Sam Huff,samhuff,DFFC
Sam Hurd,samhurd,DFFC
Sam Hutchinson,samhutchinson,DFFC
Sam Johnstone,samjohnstone,DFFC
Sam Kekovich,samkekovich,DFFC
Sam Kinison,samkinison,Celeb
Sam Malcolmson,sammalcolmson,DFFC
Sam Mendes,sammendes,DFFC
Sam Milby,sammilby,DFFC
Sam Most,sammost,DFFC
Sam Neely,samneely,DFFC
Sam Neill,samneill,Celeb
Sam Oldham,samoldham,Celeb
Sam Page,sampage,Celeb
Sam Perlozzo,samperlozzo,DFFC
Sam Querrey,samquerrey,DFFC
Sam Raimi,samraimi,DFFC
Sam Ricketts,samricketts,DFFC
Sam Russell,samrussell,DFFC
Sam Rutigliano,samrutigliano,DFFC
Sam Shepard,samshepard,Celeb
Sam Sparro,samsparro,DFFC
Sam Tamburo,samtamburo,DFFC
Sam Togwell,samtogwell,DFFC
Sam Torrance,samtorrance,DFFC
Sam Trammell,samtrammell,Celeb
Sam Waterston,samwaterston,DFFC
Sam Watson,samwatson,DFFC
Sam Witwer,samwitwer,Celeb
Sam Worthington,samworthington,Celeb
Sam Zell,samzell,Celeb
Samaire Armstrong,samairearmstrong,DFFC
Saman Hasnain,samanhasnain,DFFC
Saman Nariman Jahan,samannarimanjahan,DFFC
Samantha Albert,samanthaalbert,DFFC
Samantha Barks,samanthabarks,DFFC
Samantha Brown,samanthabrown,DFFC
Samantha Buck,samanthabuck,DFFC
Samantha Burton,samanthaburton,Celeb
Samantha Cole,samanthacole,Celeb
Samantha Droke,samanthadroke,Celeb
Samantha Ferris,samanthaferris,Celeb
Samantha Fox,samanthafox,DFFC
Samantha Gradoville,samanthagradoville,Celeb
Samantha Harris,samanthaharris,DFFC
Samantha Hoopes,samanthahoopes,DFFC
Samantha Johnson,samanthajohnson,DFFC
Samantha Juste,samanthajuste,DFFC
Samantha Kerr,samanthakerr,DFFC
Samantha Kinghorn,samanthakinghorn,DFFC
Samantha Morton,samanthamorton,DFFC
Samantha Mumba,samanthamumba,DFFC
Samantha Peszek,samanthapeszek,DFFC
Samantha Ponder,samanthaponder,DFFC
Samantha Richards,samantharichards,DFFC
Samantha Ronson,samantharonson,DFFC
Samantha Ruth Prabhu,samantharuthprabhu,DFFC
Samantha Stosur,samanthastosur,DFFC
Samar Badawi,samarbadawi,DFFC
Samar Mubarakmand,samarmubarakmand,DFFC
Sameer,sameer,DFFC
Sameera Reddy,sameerareddy,Celeb
Samet Aybaba,sametaybaba,DFFC
Sami Gayle,samigayle,DFFC
Sami Jauhojärvi,samijauhojrvi,DFFC
Sami Khedira,samikhedira,DFFC
Samia Ghadie,samiaghadie,DFFC
Samir Handanović,samirhandanovi,DFFC
Samir Nasri,samirnasri,DFFC
Samir Shihabi,samirshihabi,DFFC
Samir Ujkani,samirujkani,DFFC
Sammi Hanratty,sammihanratty,Celeb
Sammie Lee Hill,sammieleehill,DFFC
Sammir,sammir,DFFC
Sammus,sammus,DFFC
Sammy Bossut,sammybossut,DFFC
Sammy Davis Jr,sammydavisjr,Celeb
Sammy Hagar,sammyhagar,DFFC
Sammy Mejía,sammymeja,DFFC
Sammy Moore,sammymoore,DFFC
Samson Ramadhani,samsonramadhani,DFFC
Samuel CC Ting,samuelccting,DFFC
Samuel Dumoulin,samueldumoulin,DFFC
Samuel Holmén,samuelholmn,DFFC
Samuel Kwong,samuelkwong,DFFC
Samuel L Jackson,samuelljackson,DFFC
Samuel Larsen,samuellarsen,Celeb
Samuel R Delany,samuelrdelany,DFFC
Samuel So,samuelso,DFFC
Samuel Sánchez,samuelsnchez,DFFC
Samula Anoaʻi,samulaanoai,DFFC
Samuli Tyyskä,samulityysk,DFFC
Samwell,samwell,DFFC
Sana Khan,sanakhan,Celeb
Sanath Jayasuriya,sanathjayasuriya,DFFC
Sanchai Ratiwatana,sanchairatiwatana,DFFC
Sander Baart,sanderbaart,DFFC
Sandie Clair,sandieclair,DFFC
Sandie Shaw,sandieshaw,Celeb
Sandipan Chanda,sandipanchanda,DFFC
Sandra Bernhard,sandrabernhard,Celeb
Sandra Bullock,sandrabullock,DFFC
Sandra Echeverria,sandraecheverria,Celeb
Sandra Klemenschits,sandraklemenschits,DFFC
Sandra Lee,sandralee,DFFC
Sandra Lou,sandralou,DFFC
Sandra Martinović,sandramartinovi,DFFC
Sandra McCracken,sandramccracken,DFFC
Sandra Nasic,sandranasic,Celeb
Sandra Nurmsalu,sandranurmsalu,DFFC
Sandra Ruales,sandraruales,DFFC
Sandra Schmirler,sandraschmirler,DFFC
Sandra Schmitt,sandraschmitt,DFFC
Sandra Speichert,sandraspeichert,DFFC
Sandra Taylor,sandrataylor,Celeb
Sandra Toft,sandratoft,DFFC
Sandrah Hellberg,sandrahhellberg,Celeb
Sandrine Bonnaire,sandrinebonnaire,DFFC
Sandrine Gruda,sandrinegruda,Celeb
Sandro,sandro,DFFC
Sandro Donati,sandrodonati,DFFC
Sandro Mazzola,sandromazzola,DFFC
Sandro Wagner,sandrowagner,DFFC
Sandy Dennis,sandydennis,Celeb
Sandy Denny,sandydenny,Celeb
Sandy Koufax,sandykoufax,Celeb
Sandy Petersen,sandypetersen,DFFC
Sanford I Weill,sanfordiweill,DFFC
Sang-mi Nam,sangminam,Celeb
Sang-woo Kwone,sangwookwone,Celeb
Sangharakshita,sangharakshita,DFFC
Sania Mirza,saniamirza,Celeb
Sanja Popović,sanjapopovi,DFFC
Sanjam Regmi,sanjamregmi,DFFC
Sanjay Dutt,sanjaydutt,Celeb
Sanjay Gupta,sanjaygupta,DFFC
Sanjay Mishra,sanjaymishra,DFFC
Sanjaya Malakar,sanjayamalakar,DFFC
Sanjeev Jaiswal,sanjeevjaiswal,DFFC
Sanjeewa Pushpakumara,sanjeewapushpakumara,DFFC
Sanna Lundell,sannalundell,DFFC
Sanna Nielsen,sannanielsen,DFFC
Sanne Nijhof,sannenijhof,Celeb
Santana Garrett,santanagarrett,DFFC
Sante DOrazio,santedorazio,Celeb
Santiago Arias,santiagoarias,DFFC
Santiago Botero,santiagobotero,DFFC
Santiago Cabrera,santiagocabrera,DFFC
Santiago Cañizares,santiagocaizares,DFFC
Santiago Copello,santiagocopello,DFFC
Santiago Giraldo,santiagogiraldo,Celeb
Santiago González,santiagogonzlez,DFFC
Santigold,santigold,DFFC
Santino Marella,santinomarella,Celeb
Sanya Richards-Ross,sanyarichardsross,DFFC
Saoirse Ronan,saoirseronan,DFFC
Saori Yamamoto,saoriyamamoto,Celeb
Saphir Taïder,saphirtader,DFFC
Sapphire,sapphire,DFFC
Sara Aerts,saraaerts,DFFC
Sara Bareilles,sarabareilles,Celeb
Sara Blomqvist,sarablomqvist,Celeb
Sara Canning,saracanning,Celeb
Sara Carbonero,saracarbonero,Celeb
Sara Del Rey,saradelrey,DFFC
Sara Diamond,saradiamond,DFFC
Sara Däbritz,saradbritz,DFFC
Sara Errani,saraerrani,DFFC
Sara Forestier,saraforestier,DFFC
Sara Head,sarahead,DFFC
Sara Holt,saraholt,DFFC
Sara Jean Underwood,sarajeanunderwood,DFFC
Sara Khoshjamal Fekri,sarakhoshjamalfekri,DFFC
Sara Löfgren,saralfgren,DFFC
Sara Maldonado,saramaldonado,Celeb
Sara Mayhew,saramayhew,DFFC
Sara Montiel,saramontiel,Celeb
Sara Mustonen,saramustonen,DFFC
Sara Netanyahu,saranetanyahu,DFFC
Sara Nuru,saranuru,Celeb
Sara Paxton,sarapaxton,Celeb
Sara Quin,saraquin,Celeb
Sara Ramirez,sararamirez,DFFC
Sara Rue,sararue,Celeb
Sara Sampaio,sarasampaio,Celeb
Sara Stokes,sarastokes,Celeb
Sara Thunebro,sarathunebro,DFFC
Sara Varone,saravarone,Celeb
Sara Watkins,sarawatkins,DFFC
Sara Zarr,sarazarr,DFFC
Sarah Alexander,sarahalexander,Celeb
Sarah Bolger,sarahbolger,Celeb
Sarah Brady,sarahbrady,DFFC
Sarah Brightman,sarahbrightman,Celeb
Sarah Brown,sarahbrown,Celeb
Sarah Butler,sarahbutler,Celeb
Sarah Buxton,sarahbuxton,Celeb
Sarah Carter,sarahcarter,Celeb
Sarah Chalke,sarahchalke,DFFC
Sarah Clarke,sarahclarke,DFFC
Sarah Connor,sarahconnor,Celeb
Sarah Gadon,sarahgadon,Celeb
Sarah Geronimo,sarahgeronimo,Celeb
Sarah Harding,sarahharding,Celeb
Sarah Harmer,sarahharmer,DFFC
Sarah Hyland,sarahhyland,Celeb
Sarah Jackson,sarahjackson,Celeb
Sarah Jessica Parker,sarahjessicaparker,DFFC
Sarah Johnston,sarahjohnston,Celeb
Sarah Jones,sarahjones,Celeb
Sarah Kaufman,sarahkaufman,DFFC
Sarah Kay,sarahkay,DFFC
Sarah Lancaster,sarahlancaster,Celeb
Sarah Larson,sarahlarson,Celeb
Sarah Martin,sarahmartin,Celeb
Sarah McLachlan,sarahmclachlan,DFFC
Sarah Palin,sarahpalin,Celeb
Sarah Parish,sarahparish,Celeb
Sarah Paulson,sarahpaulson,Celeb
Sarah Polley,sarahpolley,Celeb
Sarah Rafferty,sarahrafferty,DFFC
Sarah Robles,sarahrobles,Celeb
Sarah Roemer,sarahroemer,Celeb
Sarah Schneider,sarahschneider,DFFC
Sarah Shahi,sarahshahi,Celeb
Sarah Silverman,sarahsilverman,DFFC
Sarah Slean,sarahslean,DFFC
Sarah Stewart,sarahstewart,DFFC
Sarah Stock,sarahstock,DFFC
Sarah Thompson,sarahthompson,Celeb
Sarah True,sarahtrue,DFFC
Sarah Vandella,sarahvandella,DFFC
Sarah Wayne Callies,sarahwaynecallies,Celeb
Sarah Wright,sarahwright,Celeb
Sarah-Jane Dias,sarahjanedias,Celeb
Sarath Kumar,sarathkumar,Celeb
Sardar Azmoun,sardarazmoun,DFFC
Sarfaraz Ahmed Rafiqui,sarfarazahmedrafiqui,DFFC
Sargis Hovsepyan,sargishovsepyan,DFFC
Sari Saarelainen,sarisaarelainen,DFFC
Sarik Andreasyan,sarikandreasyan,DFFC
Sarkis Hayrapetyan,sarkishayrapetyan,DFFC
Sarnya Parker,sarnyaparker,DFFC
Sascha Amstätter,saschaamsttter,DFFC
Sascha Dum,saschadum,DFFC
Sascha Kirschstein,saschakirschstein,DFFC
Sascha Konietzko,saschakonietzko,DFFC
Sascha Riether,saschariether,DFFC
Sasckya Porto,sasckyaporto,Celeb
Sasha Banks,sashabanks,DFFC
Sasha Grey,sashagrey,Celeb
Sasha Mitchell,sashamitchell,Celeb
Sasha Pieterse,sashapieterse,Celeb
Sasha Roiz,sasharoiz,DFFC
Sasha Son,sashason,DFFC
Sasha Strunin,sashastrunin,DFFC
Sasha Volkova,sashavolkova,Celeb
Sasho Petrovski,sashopetrovski,DFFC
Saskia Bartusiak,saskiabartusiak,DFFC
Saskia Burmeister,saskiaburmeister,DFFC
Saskia De Brauw,saskiadebrauw,Celeb
Sassy Stephie,sassystephie,DFFC
Satchidananda Saraswati,satchidanandasaraswati,DFFC
Satomi Ishihara,satomiishihara,Celeb
Satrio Hermanto,satriohermanto,DFFC
Satsuki Fujisawa,satsukifujisawa,DFFC
Satsuki Katayama,satsukikatayama,DFFC
Saukrates,saukrates,DFFC
Saurabh Pandey,saurabhpandey,DFFC
Savage,savage,DFFC
Savanna Samson,savannasamson,DFFC
Savio Vega,saviovega,DFFC
Savo Milošević,savomiloevi,DFFC
Saxon Sharbino,saxonsharbino,DFFC
Sayako Kuroda,sayakokuroda,DFFC
Sayali Bhagat,sayalibhagat,Celeb
Saër Sène,sarsne,DFFC
Saşa Yunisoğlu,saayunisolu,DFFC
Saša Ilić,saaili,DFFC
Saša Stojanović,saastojanovi,DFFC
Sašo Filipovski,saofilipovski,DFFC
Scarborough Green,scarboroughgreen,DFFC
Scarface,scarface,Celeb
Scarlet Ortiz,scarletortiz,Celeb
Scarlett Alice Johnson,scarlettalicejohnson,DFFC
Scarlett Chorvat,scarlettchorvat,DFFC
Scarlett Johansson,scarlettjohansson,DFFC
Schiavone Francesca,schiavonefrancesca,Celeb
Schoolboy Q,schoolboyq,DFFC
Scoop Jackson,scoopjackson,DFFC
Scooter Braun,scooterbraun,DFFC
Scooter Lee,scooterlee,DFFC
Scott Adams,scottadams,DFFC
Scott Aukerman,scottaukerman,DFFC
Scott Baio,scottbaio,Celeb
Scott Bakula,scottbakula,Celeb
Scott Barry Kaufman,scottbarrykaufman,DFFC
Scott Brady,scottbrady,Celeb
Scott Brockenshire,scottbrockenshire,DFFC
Scott Brooks,scottbrooks,DFFC
Scott Brown,scottbrown,DFFC
Scott Caan,scottcaan,DFFC
Scott Carson,scottcarson,DFFC
Scott Chandler,scottchandler,DFFC
Scott Cherry,scottcherry,DFFC
Scott Cook,scottcook,Celeb
Scott Crary,scottcrary,DFFC
Scott Disick,scottdisick,Celeb
Scott Dyleski,scottdyleski,DFFC
Scott Eastwood,scotteastwood,DFFC
Scott Foley,scottfoley,Celeb
Scott Galloway,scottgalloway,DFFC
Scott Garnham,scottgarnham,DFFC
Scott Garson,scottgarson,DFFC
Scott Gaylord,scottgaylord,DFFC
Scott Glenn,scottglenn,Celeb
Scott Gomez,scottgomez,DFFC
Scott Gorham,scottgorham,DFFC
Scott Hartnell,scotthartnell,DFFC
Scott Howson,scotthowson,DFFC
Scott Jackson,scottjackson,DFFC
Scott Jamieson,scottjamieson,DFFC
Scott Linehan,scottlinehan,DFFC
Scott McCloud,scottmccloud,DFFC
Scott McKenzie,scottmckenzie,DFFC
Scott McNeil,scottmcneil,DFFC
Scott Montgomery,scottmontgomery,DFFC
Scott Neville,scottneville,DFFC
Scott Nichol,scottnichol,DFFC
Scott Niedermayer,scottniedermayer,DFFC
Scott Overall,scottoverall,Celeb
Scott Peterson,scottpeterson,DFFC
Scott Porter,scottporter,Celeb
Scott Pye,scottpye,DFFC
Scott Rasmussen,scottrasmussen,DFFC
Scott Raynor,scottraynor,DFFC
Scott Sharp,scottsharp,DFFC
Scott Smith,scottsmith,DFFC
Scott Speedman,scottspeedman,DFFC
Scott Speer,scottspeer,Celeb
Scott Spencer,scottspencer,DFFC
Scott Stapp,scottstapp,Celeb
Scott Steiner,scottsteiner,Celeb
Scott Taylor,scotttaylor,DFFC
Scott Thompson,scottthompson,DFFC
Scott Thwaites,scottthwaites,DFFC
Scott Tolzien,scotttolzien,DFFC
Scott Tunbridge,scotttunbridge,DFFC
Scott Vincent,scottvincent,DFFC
Scotti Hill,scottihill,DFFC
Scotty Beckett,scottybeckett,Celeb
Scotty Bowman,scottybowman,DFFC
Scotty McCreery,scottymccreery,DFFC
Scout Taylor Compton,scouttaylorcompton,Celeb
Scribe,scribe,DFFC
Se7en,se7en,Celeb
Sead Hajrović,seadhajrovi,DFFC
Sead Kolašinac,seadkolainac,DFFC
Seal,seal,DFFC
Seamus Heaney,seamusheaney,DFFC
Sean Astin,seanastin,DFFC
Sean Avery,seanavery,Celeb
Sean Bean,seanbean,DFFC
Sean Casey,seancasey,DFFC
Sean Chen,seanchen,DFFC
Sean Connery,seanconnery,DFFC
Sean Considine,seanconsidine,DFFC
Sean Conway,seanconway,DFFC
Sean Flatley,seanflatley,DFFC
Sean Hannity,seanhannity,DFFC
Sean Harris,seanharris,Celeb
Sean Kanan,seankanan,Celeb
Sean Kelly,seankelly,DFFC
Sean Kenney,seankenney,DFFC
Sean Lennon,seanlennon,Celeb
Sean Leon,seanleon,DFFC
Sean Mackin,seanmackin,DFFC
Sean McVay,seanmcvay,DFFC
Sean Michaels,seanmichaels,DFFC
Sean OPry,seanopry,Celeb
Sean Parker,seanparker,Celeb
Sean Patrick Flanery,seanpatrickflanery,Celeb
Sean Paul,seanpaul,Celeb
Sean Payton,seanpayton,DFFC
Sean Russo,seanrusso,DFFC
Sean Scannell,seanscannell,DFFC
Sean Shields,seanshields,DFFC
Sean Tufts,seantufts,DFFC
Sean Weatherspoon,seanweatherspoon,DFFC
Sean Yates,seanyates,DFFC
Sean Young,seanyoung,DFFC
Seann William Scott,seannwilliamscott,Celeb
Sebastian Andersen,sebastianandersen,DFFC
Sebastian Bach,sebastianbach,Celeb
Sebastian Bleisch,sebastianbleisch,DFFC
Sebastian Boenisch,sebastianboenisch,DFFC
Sebastian Castro-Tello,sebastiancastrotello,DFFC
Sebastian Eisenlauer,sebastianeisenlauer,DFFC
Sebastian Erixon,sebastianerixon,DFFC
Sebastian Giovinco,sebastiangiovinco,DFFC
Sebastian Horsley,sebastianhorsley,DFFC
Sebastian Kienle,sebastiankienle,DFFC
Sebastian Lander,sebastianlander,DFFC
Sebastian Langeveld,sebastianlangeveld,DFFC
Sebastian Lletget,sebastianlletget,DFFC
Sebastian Pinera,sebastianpinera,Celeb
Sebastian Rudy,sebastianrudy,DFFC
Sebastian Ruthenberg,sebastianruthenberg,DFFC
Sebastian Ryall,sebastianryall,DFFC
Sebastian Stan,sebastianstan,Celeb
Sebastian Urzendowsky,sebastianurzendowsky,DFFC
Sebastian Vettel,sebastianvettel,Celeb
Sebastian Świderski,sebastianwiderski,DFFC
Sebastián Battaglia,sebastinbattaglia,DFFC
Sebastián Cordero,sebastincordero,DFFC
Sebastián Cristóforo,sebastincristforo,DFFC
Sebastián Gómez,sebastingmez,DFFC
Sebastián Rulli,sebastinrulli,DFFC
Sebastián Soria,sebastinsoria,DFFC
Sebastião Gilberto,sebastiogilberto,DFFC
Seda Tutkhalyan,sedatutkhalyan,DFFC
Sedrick Ellis,sedrickellis,DFFC
Segar,segar,DFFC
Segundo Cernadas,segundocernadas,Celeb
Segundo Navarrete,segundonavarrete,DFFC
Seimone Augustus,seimoneaugustus,Celeb
Seiya Kishikawa,seiyakishikawa,DFFC
Seiya Sanada,seiyasanada,DFFC
Sekou Oliseh,sekouoliseh,DFFC
Sela Ward,selaward,DFFC
Selda Akgöz,seldaakgz,DFFC
Selen Soyder,selensoyder,Celeb
Selena,selena,DFFC
Selin Demiratar,selindemiratar,Celeb
Selina Jen,selinajen,DFFC
Selita Ebanks,selitaebanks,DFFC
Selma Bajrami,selmabajrami,DFFC
Selma Blair,selmablair,DFFC
Selma Ergeç,selmaerge,DFFC
Selçuk İnan,selukinan,DFFC
Semeli Economou,semelieconomou,DFFC
Semra Yetiş,semrayeti,DFFC
Sendhil Ramamurthy,sendhilramamurthy,Celeb
Senta Berger,sentaberger,Celeb
Seo Young,seoyoung,DFFC
Sepp Piontek,sepppiontek,DFFC
Seppi Andreas,seppiandreas,Celeb
Sera Cahoone,seracahoone,DFFC
Serajul Islam Choudhury,serajulislamchoudhury,DFFC
Sercan Sararer,sercansararer,DFFC
Serdar Aziz,serdaraziz,DFFC
Serdar Tasci,serdartasci,DFFC
Serder Serderov,serderserderov,DFFC
Seren Gibson,serengibson,Celeb
Serena,serena,DFFC
Serena Williams,serenawilliams,DFFC
Serge Beucherie,sergebeucherie,DFFC
Serge Dassault,sergedassault,Celeb
Serge Gainsbourg,sergegainsbourg,Celeb
Serge Gnabry,sergegnabry,DFFC
Serge Ibaka,sergeibaka,Celeb
Serge Moati,sergemoati,DFFC
Sergei Bodrov,sergeibodrov,DFFC
Sergei Ignashevich,sergeiignashevich,DFFC
Sergei Kharitonov,sergeikharitonov,DFFC
Sergei Kornilenko,sergeikornilenko,DFFC
Sergei Kvasov,sergeikvasov,DFFC
Sergei Lukyanenko,sergeilukyanenko,DFFC
Sergei Makarenko,sergeimakarenko,DFFC
Sergei Novitski,sergeinovitski,DFFC
Sergei Perednya,sergeiperednya,DFFC
Sergei Polunin,sergeipolunin,DFFC
Sergei Pugachev,sergeipugachev,DFFC
Sergei Shirokov,sergeishirokov,DFFC
Sergei Slavnov,sergeislavnov,DFFC
Sergei Sobolev,sergeisobolev,DFFC
Sergei Starostin,sergeistarostin,DFFC
Sergei Sukharev,sergeisukharev,DFFC
Sergei Verbillo,sergeiverbillo,DFFC
Sergei Zenjov,sergeizenjov,DFFC
Sergey Bezrukov,sergeybezrukov,Celeb
Sergey Brin,sergeybrin,DFFC
Sergey Bubka,sergeybubka,DFFC
Sergey Fesikov,sergeyfesikov,DFFC
Sergey Lagutin,sergeylagutin,DFFC
Sergey Shelestov,sergeyshelestov,DFFC
Sergey Sirotkin,sergeysirotkin,DFFC
Sergey Tetyukhin,sergeytetyukhin,DFFC
Sergey Viktorovich Ryzhikov,sergeyviktorovichryzhikov,DFFC
Sergi Barjuán,sergibarjun,DFFC
Sergi Moreno,sergimoreno,DFFC
Sergi Roberto,sergiroberto,DFFC
Sergio,sergio,DFFC
Sergio Aguero,sergioaguero,Celeb
Sergio Araujo,sergioaraujo,DFFC
Sergio Batista,sergiobatista,DFFC
Sergio Canales,sergiocanales,DFFC
Sergio Castro,sergiocastro,DFFC
Sergio Fantoni,sergiofantoni,DFFC
Sergio Goycochea,sergiogoycochea,DFFC
Sergio Henao,sergiohenao,DFFC
Sergio Hernández,sergiohernndez,DFFC
Sergio Hondjakoff,sergiohondjakoff,Celeb
Sergio Marchionne,sergiomarchionne,DFFC
Sergio Martínez,sergiomartnez,DFFC
Sergio Pérez,sergioprez,DFFC
Sergio Ramos,sergioramos,Celeb
Sergio Rico,sergiorico,DFFC
Sergio Rodríguez,sergiorodrguez,DFFC
Sergio Romero,sergioromero,DFFC
Sergio Sánchez Ortega,sergiosnchezortega,DFFC
Sergiu Dadu,sergiudadu,DFFC
Sergiu Nicolaescu,sergiunicolaescu,DFFC
Sergy Rikhter,sergyrikhter,DFFC
Serhiy Honchar,serhiyhonchar,DFFC
Serhiy Kryvtsov,serhiykryvtsov,DFFC
Serhiy Rebrov,serhiyrebrov,DFFC
Serhiy Zhadan,serhiyzhadan,DFFC
Serinda Swan,serindaswan,Celeb
Serj Tankian,serjtankian,Celeb
Sessilee Lopez,sessileelopez,Celeb
Seth Binzer,sethbinzer,Celeb
Seth Curry,sethcurry,DFFC
Seth Grahame-Smith,sethgrahamesmith,DFFC
Seth Green,sethgreen,Celeb
Seth Griffith,sethgriffith,DFFC
Seth Helgeson,sethhelgeson,DFFC
Seth Lochhead,sethlochhead,DFFC
Seth MacFarlane,sethmacfarlane,Celeb
Seth Meyers,sethmeyers,Celeb
Seth Rogen,sethrogen,DFFC
Seth Rollins,sethrollins,DFFC
Seth Shostak,sethshostak,DFFC
Seun Kuti,seunkuti,DFFC
Seve Ballesteros,seveballesteros,DFFC
Sevgi Çınar,sevginar,DFFC
Sevyn Streeter,sevynstreeter,DFFC
Seychelle Gabriel,seychellegabriel,DFFC
Seydou Doumbia,seydoudoumbia,DFFC
Seyi Ajirotutu,seyiajirotutu,DFFC
Sezen Aksu,sezenaksu,DFFC
Sha,sha,Celeb
Shabazz Napier,shabazznapier,DFFC
Shad Gaspard,shadgaspard,DFFC
Shaggy,shaggy,Celeb
Shah Rukh Khan,shahrukhkhan,Celeb
Shahabuddin Nagari,shahabuddinnagari,DFFC
Shahid Afridi,shahidafridi,DFFC
Shahid Kapoor,shahidkapoor,DFFC
Shahid Karimullah,shahidkarimullah,DFFC
Shahid Khan,shahidkhan,Celeb
Shahril Ishak,shahrilishak,DFFC
Shahrina Ramphaul,shahrinaramphaul,DFFC
Shai Haddad,shaihaddad,DFFC
Shaiju Mathew,shaijumathew,DFFC
Shailene Woodley,shailenewoodley,DFFC
Shailesh Jogia,shaileshjogia,DFFC
Shaina Magdayao,shainamagdayao,Celeb
Shaka Smart,shakasmart,DFFC
Shakhriyar Mamedyarov,shakhriyarmamedyarov,DFFC
Shaky Smithson,shakysmithson,DFFC
Shalana Santana,shalanasantana,Celeb
Shalonda Solomon,shalondasolomon,DFFC
Shalrie Joseph,shalriejoseph,DFFC
Shama Sikander,shamasikander,DFFC
Shamita Shetty,shamitashetty,Celeb
Shamron Moore,shamronmoore,Celeb
Shane Dawson,shanedawson,Celeb
Shane Harper,shaneharper,Celeb
Shane Helms,shanehelms,Celeb
Shane Lechler,shanelechler,DFFC
Shane Long,shanelong,DFFC
Shane MacGowan,shanemacgowan,DFFC
Shane McConkey,shanemcconkey,DFFC
Shane McMahon,shanemcmahon,DFFC
Shane Ryan,shaneryan,DFFC
Shane Victorino,shanevictorino,DFFC
Shane West,shanewest,DFFC
Shangela Laquifa Wadley,shangelalaquifawadley,DFFC
Shanice van de Sanden,shanicevandesanden,DFFC
Shanina Shaik,shaninashaik,Celeb
Shankar Nag,shankarnag,Celeb
Shanna Moakler,shannamoakler,Celeb
Shannah Lauren,shannahlauren,Celeb
Shannan Click,shannanclick,Celeb
Shannen Doherty,shannendoherty,Celeb
Shannon Elizabeth,shannonelizabeth,DFFC
Shannon Hoon,shannonhoon,Celeb
Shannon Leto,shannonleto,DFFC
Shannon Lucid,shannonlucid,DFFC
Shannon Lucio,shannonlucio,Celeb
Shannon Moore,shannonmoore,Celeb
Shannon Spruill,shannonspruill,Celeb
Shannon Szabados,shannonszabados,DFFC
Shannon Tweed,shannontweed,DFFC
Shannon Woodward,shannonwoodward,Celeb
Shantanu Narayen,shantanunarayen,DFFC
Shantel VanSanten,shantelvansanten,Celeb
Shanti Pereira,shantipereira,DFFC
Shanti Snyder,shantisnyder,DFFC
Shappi Khorsandi,shappikhorsandi,DFFC
Shaq Thompson,shaqthompson,DFFC
Shaquille Hunter,shaquillehunter,DFFC
Shaquille O'Neal,shaquilleoneal,Both
Shar Jackson,sharjackson,Celeb
Sharad Malhotra,sharadmalhotra,Celeb
Sharat Saxena,sharatsaxena,DFFC
Sharka Blue,sharkablue,DFFC
Sharman Joshi,sharmanjoshi,Celeb
Sharmila Tagore,sharmilatagore,DFFC
Sharmin Ali,sharminali,DFFC
Sharni Vinson,sharnivinson,Celeb
Sharon Case,sharoncase,Celeb
Sharon Creech,sharoncreech,DFFC
Sharon Cuneta,sharoncuneta,Celeb
Sharon Gless,sharongless,DFFC
Sharon Lawrence,sharonlawrence,DFFC
Sharon Laws,sharonlaws,DFFC
Sharon Leal,sharonleal,DFFC
Sharon Stone,sharonstone,DFFC
Sharon Tate,sharontate,Celeb
Sharon Van der Knaap,sharonvanderknaap,Celeb
Sharon Walraven,sharonwalraven,DFFC
Sharon den Adel,sharondenadel,Celeb
Shashi Tharoor,shashitharoor,Celeb
Shastriji Maharaj,shastrijimaharaj,DFFC
Shaun Alexander,shaunalexander,DFFC
Shaun Cummings,shauncummings,DFFC
Shaun Jeffers,shaunjeffers,DFFC
Shaun Miller,shaunmiller,DFFC
Shaun Robinson,shaunrobinson,Celeb
Shaun Ross,shaunross,DFFC
Shaun Suisham,shaunsuisham,DFFC
Shaun Toub,shauntoub,Celeb
Shaun White,shaunwhite,Celeb
Shaun Williamson,shaunwilliamson,DFFC
Shauna Sand,shaunasand,Celeb
Shawn Ashmore,shawnashmore,Celeb
Shawn Colvin,shawncolvin,DFFC
Shawn Daivari,shawndaivari,DFFC
Shawn Gore,shawngore,DFFC
Shawn Hatosy,shawnhatosy,Celeb
Shawn Johnson,shawnjohnson,DFFC
Shawn Jones,shawnjones,DFFC
Shawn Lauvao,shawnlauvao,DFFC
Shawn Michaels,shawnmichaels,DFFC
Shawn Murphy,shawnmurphy,DFFC
Shawn Pyfrom,shawnpyfrom,Celeb
Shawn Slocum,shawnslocum,DFFC
Shawn Wayans,shawnwayans,Celeb
Shawna Leneé,shawnalene,DFFC
Shawne Merriman,shawnemerriman,Celeb
Shawne Williams,shawnewilliams,DFFC
Shawnee Smith,shawneesmith,DFFC
Shawntel Smith,shawntelsmith,DFFC
Shay Haley,shayhaley,DFFC
Shay McCartan,shaymccartan,DFFC
Shay Mitchell,shaymitchell,Celeb
Shayne Graham,shaynegraham,DFFC
Shayne Ward,shayneward,Celeb
Shazahn Padamsee,shazahnpadamsee,Celeb
Sheamus,sheamus,DFFC
Sheckler,sheckler,Celeb
Shefki Kuqi,shefkikuqi,DFFC
Sheikha Lubna Al Qasimi,sheikhalubnaalqasimi,Celeb
Sheila E,sheilae,Celeb
Sheila Hancock,sheilahancock,Celeb
Sheila Marquez,sheilamarquez,Celeb
Sheila McCarthy,sheilamccarthy,Celeb
Sheila Reid,sheilareid,DFFC
Sheila Sim,sheilasim,DFFC
Shekhar Kapur,shekharkapur,DFFC
Shekhar Suman,shekharsuman,Celeb
Shel Dorf,sheldorf,DFFC
Shelbee Myne,shelbeemyne,DFFC
Shelby Harris,shelbyharris,DFFC
Shelden Williams,sheldenwilliams,DFFC
Shelley Chaplin,shelleychaplin,DFFC
Shelley Craft,shelleycraft,DFFC
Shelley Fabares,shelleyfabares,DFFC
Shelley Hennig,shelleyhennig,Celeb
Shelley Long,shelleylong,Celeb
Shelley Lubben,shelleylubben,DFFC
Shelly Martinez,shellymartinez,DFFC
Shemar Moore,shemarmoore,Celeb
Shemekia Copeland,shemekiacopeland,DFFC
Shenae Grimes,shenaegrimes,Celeb
Shera Danese,sheradanese,Celeb
Sheree J Wilson,shereejwilson,Celeb
Sheree Murphy,shereemurphy,Celeb
Sheree Whitfield,shereewhitfield,Celeb
Shereen Bhan,shereenbhan,DFFC
Sheri Moon Zombie,sherimoonzombie,Celeb
Shericka Williams,sherickawilliams,DFFC
Sheridan Jobbins,sheridanjobbins,DFFC
Sherie Rene Scott,sherierenescott,DFFC
Sherilyn Fenn,sherilynfenn,Celeb
Sherm Lollar,shermlollar,DFFC
Sherman Hemsley,shermanhemsley,Celeb
Shermine Shahrivar,shermineshahrivar,Celeb
Sheron Menezzes,sheronmenezzes,DFFC
Sherri Saum,sherrisaum,DFFC
Sherri Shepherd,sherrishepherd,Celeb
Sherri Steinhauer,sherristeinhauer,DFFC
Sherrié Austin,sherriaustin,DFFC
Sherry Tsai,sherrytsai,DFFC
Sherwood Schwartz,sherwoodschwartz,DFFC
Sheryl Allen,sherylallen,DFFC
Sheryl Bailey,sherylbailey,DFFC
Sheryl Lee,sheryllee,DFFC
Sheryl Sandberg,sherylsandberg,Celeb
Sheryl Swoopes,sherylswoopes,DFFC
Shigenobu Murofushi,shigenobumurofushi,DFFC
Shigeru Ban,shigeruban,DFFC
Shikha Uberoi,shikhauberoi,DFFC
Shillpi Sharma,shillpisharma,DFFC
Shiloh Fernandez,shilohfernandez,Celeb
Shiloh Jolie-Pitt,shilohjoliepitt,Celeb
Shiloh Strong,shilohstrong,DFFC
Shilpa Shetty,shilpashetty,DFFC
Shilpa Shukla,shilpashukla,DFFC
Shilton dos Santos,shiltondossantos,DFFC
Shin A-lam,shinalam,DFFC
Shin Ae-ra,shinaera,Celeb
Shin Jung-hyeon,shinjunghyeon,DFFC
Shin Kyung-sook,shinkyungsook,DFFC
Shinsuke Nakamura,shinsukenakamura,DFFC
Shinya Hashimoto,shinyahashimoto,DFFC
Shion Kokubun,shionkokubun,DFFC
Shiori Asahi,shioriasahi,DFFC
Shiori Kutsuna,shiorikutsuna,DFFC
Shira Lazar,shiralazar,DFFC
Shira Willner,shirawillner,DFFC
Shiri Appleby,shiriappleby,DFFC
Shirl Conway,shirlconway,DFFC
Shirley Bassey,shirleybassey,Celeb
Shirley Clamp,shirleyclamp,DFFC
Shirley Eaton,shirleyeaton,Celeb
Shirley MacLaine,shirleymaclaine,Celeb
Shirley Manson,shirleymanson,DFFC
Shirley Mitchell,shirleymitchell,DFFC
Shirley Ross,shirleyross,Celeb
Shirley Temple,shirleytemple,Celeb
Shirley Wilson,shirleywilson,DFFC
Shirley van der Lof,shirleyvanderlof,DFFC
Shirlie Holliman,shirlieholliman,DFFC
Shirō Hamaguchi,shirhamaguchi,DFFC
Shiv Nadar,shivnadar,Celeb
Shiva Rose,shivarose,Celeb
Shiva Thapa,shivathapa,Celeb
Shivkumar Sharma,shivkumarsharma,DFFC
Shizuka Arakawa,shizukaarakawa,DFFC
Shkodran Mustafi,shkodranmustafi,DFFC
Shmuel Kozokin,shmuelkozokin,DFFC
Shoaib Malik,shoaibmalik,DFFC
Shocker,shocker,DFFC
Shockercito,shockercito,DFFC
Shohreh Aghdashloo,shohrehaghdashloo,Celeb
Shoko Ishikawa,shokoishikawa,DFFC
Shoma Uno,shomauno,DFFC
Shonali Nagrani,shonalinagrani,DFFC
Shontelle,shontelle,DFFC
Shorty McWilliams,shortymcwilliams,DFFC
Shoshana Bean,shoshanabean,DFFC
Shoshana Bush,shoshanabush,Celeb
Shoshanna Lonstein,shoshannalonstein,Celeb
Shoshanna Lonstein Gruss,shoshannalonsteingruss,DFFC
Shota Abkhazava,shotaabkhazava,DFFC
Shota Arveladze,shotaarveladze,DFFC
Shota Bibilov,shotabibilov,DFFC
Shraddha Nigam,shraddhanigam,DFFC
Shradha Das,shradhadas,Celeb
Shridhar Ramachandra Gadre,shridharramachandragadre,DFFC
Shristi Shrestha,shristishrestha,Celeb
Shriya Saran,shriyasaran,Celeb
Shruti Haasan,shrutihaasan,DFFC
Shruti K Haasan,shrutikhaasan,Celeb
Shu Qi,shuqi,Celeb
Shuba Jay,shubajay,DFFC
Shuji Nakamura,shujinakamura,DFFC
Shuu Shibutani,shuushibutani,DFFC
Shyam Mardikar,shyammardikar,DFFC
Shyne,shyne,DFFC
Si Robertson,sirobertson,DFFC
Sia Furler,siafurler,DFFC
Sianoa Smit-McPhee,sianoasmitmcphee,DFFC
Sibel Kekilli,sibelkekilli,Celeb
Sibi Blazic,sibiblazic,Celeb
Sibylle Blanc,sibylleblanc,DFFC
Sibylle Szaggars,sibylleszaggars,Celeb
Sid Haig,sidhaig,Celeb
Sid Meier,sidmeier,DFFC
Sid Vicious,sidvicious,Celeb
Siddharth Malhotra,siddharthmalhotra,Celeb
Siddharth Narayan,siddharthnarayan,Celeb
Sidney Crosby,sidneycrosby,DFFC
Sidney Govou,sidneygovou,DFFC
Sidney Ponson,sidneyponson,DFFC
Sido,sido,Celeb
Sied van Riel,siedvanriel,DFFC
Siegbert Horn,siegberthorn,DFFC
Siem de Jong,siemdejong,DFFC
Sienna Miller,siennamiller,DFFC
Sierra Kay,sierrakay,DFFC
Sierra Kusterbeck,sierrakusterbeck,Celeb
Sigge Eklund,siggeeklund,DFFC
Sigmund Groven,sigmundgroven,DFFC
Sigrid Agren,sigridagren,Celeb
Sigrid Moldestad,sigridmoldestad,DFFC
Siiri Nordin,siirinordin,DFFC
Sikhanyiso Dlamini,sikhanyisodlamini,DFFC
Silas Kiplagat,silaskiplagat,DFFC
Silas Weir Mitchell,silasweirmitchell,DFFC
Silas Young,silasyoung,DFFC
Silda Wall Spitzer,sildawallspitzer,DFFC
Silje Ekroll Jahren,siljeekrolljahren,DFFC
Silvana Mangano,silvanamangano,Celeb
Silvana Pampanini,silvanapampanini,Celeb
Silvano Benedetti,silvanobenedetti,DFFC
Silver Donald Cameron,silverdonaldcameron,DFFC
Silvestre Varela,silvestrevarela,DFFC
Silvia Cavalleri,silviacavalleri,DFFC
Silvia Colloca,silviacolloca,Celeb
Silvia Dimitrova,silviadimitrova,Celeb
Silvia Navarro,silvianavarro,Celeb
Silvia Olari,silviaolari,DFFC
Silvia Ranguelova,silviaranguelova,Celeb
Silvia Salemi,silviasalemi,DFFC
Silvia Stroescu,silviastroescu,DFFC
Silvina Luna,silvinaluna,Celeb
Silvio Fernández,silviofernndez,DFFC
Silvio Heinevetter,silvioheinevetter,DFFC
Silvio Rodríguez,silviorodrguez,DFFC
Simeon Bulgaru,simeonbulgaru,DFFC
Simeon Simev,simeonsimev,DFFC
Simge Tertemiz,simgetertemiz,Celeb
Simi Garewal,simigarewal,DFFC
Simmone Mackinnon,simmonemackinnon,Celeb
Simon Barrington-Ward,simonbarringtonward,DFFC
Simon Bræmer,simonbrmer,DFFC
Simon Burke,simonburke,DFFC
Simon Calder,simoncalder,DFFC
Simon Callow,simoncallow,Celeb
Simon Delestre,simondelestre,Celeb
Simon Diamond,simondiamond,DFFC
Simon Fry,simonfry,DFFC
Simon Geschke,simongeschke,DFFC
Simon Grayson,simongrayson,DFFC
Simon Helberg,simonhelberg,DFFC
Simon Heslop,simonheslop,DFFC
Simon Jenkins,simonjenkins,DFFC
Simon Johnson,simonjohnson,DFFC
Simon Kinberg,simonkinberg,DFFC
Simon Le Bon,simonlebon,Celeb
Simon Manchipp,simonmanchipp,DFFC
Simon Monjack,simonmonjack,DFFC
Simon Niepmann,simonniepmann,Celeb
Simon Pagenaud,simonpagenaud,DFFC
Simon Patmore,simonpatmore,DFFC
Simon Pegg,simonpegg,DFFC
Simon Rolfes,simonrolfes,DFFC
Simon Russell Beale,simonrussellbeale,Celeb
Simon Saunders,simonsaunders,DFFC
Simon Schaffer,simonschaffer,DFFC
Simon Schama,simonschama,DFFC
Simon Shnapir,simonshnapir,DFFC
Simon Tahamata,simontahamata,DFFC
Simon Terodde,simonterodde,DFFC
Simon Thornton,simonthornton,DFFC
Simon Trummer,simontrummer,DFFC
Simon Wakefield,simonwakefield,DFFC
Simon Webbe,simonwebbe,DFFC
Simon Whaley,simonwhaley,DFFC
Simon Woods,simonwoods,Celeb
Simon Wormull,simonwormull,DFFC
Simon Yam,simonyam,DFFC
Simon Yates,simonyates,DFFC
Simon Špilak,simonpilak,DFFC
Simona Baumrtová,simonabaumrtov,DFFC
Simona Halep,simonahalep,DFFC
Simona Molinari,simonamolinari,DFFC
Simona Patruleasa,simonapatruleasa,Celeb
Simona Starkute,simonastarkute,Celeb
Simona Ventura,simonaventura,Celeb
Simona de Silvestro,simonadesilvestro,DFFC
Simone,simone,DFFC
Simone Abdelnour,simoneabdelnour,Celeb
Simone Ballack,simoneballack,Celeb
Simone Bianchi,simonebianchi,DFFC
Simone Collio,simonecollio,DFFC
Simone Eden,simoneeden,Celeb
Simone Kennedy,simonekennedy,DFFC
Simone Laudehr,simonelaudehr,DFFC
Simone Mirman,simonemirman,DFFC
Simone Signoret,simonesignoret,Celeb
Simone Simon,simonesimon,Celeb
Simone Simons,simonesimons,Celeb
Simone Stortoni,simonestortoni,DFFC
Simone Vaturi,simonevaturi,DFFC
Simple Gogoi,simplegogoi,DFFC
Simón Díaz,simndaz,DFFC
Sin Na-hee,sinnahee,DFFC
Sina Schielke,sinaschielke,DFFC
Sinead Kerr,sineadkerr,DFFC
Sinem Kobal,sinemkobal,Celeb
Singmanee Kaewsamrit,singmaneekaewsamrit,DFFC
Sinta Ozoliņa-Kovala,sintaozoliakovala,DFFC
Siné,sin,DFFC
Sinéad O'Connor,sinadoconnor,DFFC
Siobhan Donaghy,siobhandonaghy,Celeb
Siobhan Heekin-Canedy,siobhanheekincanedy,DFFC
Siobhan Karam,siobhankaram,DFFC
Siouxsie Sioux,siouxsiesioux,Celeb
Siphiwe Nyanda,siphiwenyanda,DFFC
Siri Baruc,siribaruc,Celeb
Siri Nilsen,sirinilsen,DFFC
Siri Tollerod,siritollerod,Celeb
Sirindhorn,sirindhorn,DFFC
Sissi Hristidou,sissihristidou,Celeb
Sissy Spacek,sissyspacek,Celeb
Sisto Averno,sistoaverno,DFFC
Sita,sita,DFFC
Siti Nurhaliza,sitinurhaliza,DFFC
Sivaji Ganesan,sivajiganesan,DFFC
Sixto Rodriguez,sixtorodriguez,DFFC
Sizzla,sizzla,DFFC
Sjur Røthe,sjurrthe,DFFC
Skandar Keynes,skandarkeynes,Celeb
Skee-Lo,skeelo,DFFC
Skeet Ulrich,skeetulrich,DFFC
Skeets Quinlan,skeetsquinlan,DFFC
Skillz,skillz,Celeb
Skip Bayless,skipbayless,DFFC
Skrillex,skrillex,Celeb
Sky Ferreira,skyferreira,Celeb
Skye Chan,skyechan,DFFC
Skye Sweetnam,skyesweetnam,Celeb
Skyler Shaye,skylershaye,DFFC
Skënder Gega,skndergega,DFFC
Slava Voynov,slavavoynov,DFFC
Slaven Bilic,slavenbilic,Celeb
Slavik Hayrapetyan,slavikhayrapetyan,DFFC
Slaviša Jokanović,slaviajokanovi,DFFC
Slavko Pregl,slavkopregl,DFFC
Slavoj Žižek,slavojiek,DFFC
Sleepy Brown,sleepybrown,DFFC
Slick Johnson,slickjohnson,DFFC
Slim Bryant,slimbryant,DFFC
Sloan Privat,sloanprivat,DFFC
Sloane Stephens,sloanestephens,DFFC
Smaragda Karydi,smaragdakarydi,Celeb
Smbat Lputian,smbatlputian,DFFC
Smoky Burgess,smokyburgess,DFFC
Smush Parker,smushparker,DFFC
Snejana Onopka,snejanaonopka,Celeb
Snooki,snooki,DFFC
Snooks Eaglin,snookseaglin,DFFC
Snot Dudley,snotdudley,DFFC
Snuffy Stirnweiss,snuffystirnweiss,DFFC
So Young-en,soyoungen,DFFC
SoCal Val,socalval,DFFC
Soap&amp;Skin,soapampskin,DFFC
Sobia Tahir,sobiatahir,DFFC
Sofa a Vergara,sofaavergara,Celeb
Sofi Marinova,sofimarinova,DFFC
Sofia Mattsson,sofiamattsson,DFFC
Sofia Morelius,sofiamorelius,Celeb
Sofia Rudieva,sofiarudieva,DFFC
Sofia Toufa,sofiatoufa,Celeb
Sofia Vassilieva,sofiavassilieva,Celeb
Sofia Vergara,sofiavergara,Celeb
Sofia Zamolo,sofiazamolo,Celeb
Sofiane Feghouli,sofianefeghouli,DFFC
Sofiane Milous,sofianemilous,Celeb
Sofie De Vuyst,sofiedevuyst,DFFC
Sofya Skya,sofyaskya,Celeb
Soha Ali Khan,sohaalikhan,Celeb
Sohail Khan,sohailkhan,DFFC
Soko Richardson,sokorichardson,DFFC
Sokoudjou,sokoudjou,DFFC
Solange Knowles,solangeknowles,Celeb
Soledad Fandino,soledadfandino,Celeb
Soledad Miranda,soledadmiranda,Celeb
Soleil Moon Frye,soleilmoonfrye,DFFC
Solenn Heussaff,solennheussaff,Celeb
Solhi al-Wadi,solhialwadi,DFFC
Solly Hemus,sollyhemus,DFFC
Solomon Burke,solomonburke,DFFC
Solomon Jones,solomonjones,DFFC
Solon Bixler,solonbixler,DFFC
Somaya Reece,somayareece,Celeb
Somdev Devvarman,somdevdevvarman,DFFC
Son Heung-min,sonheungmin,DFFC
Son Tae-Young,sontaeyoung,Celeb
Sona Matufkova,sonamatufkova,Celeb
Sonakshi Sinha,sonakshisinha,Celeb
Sonal Chauhan,sonalchauhan,Celeb
Sonali Bendre,sonalibendre,Celeb
Sonam Dolma Brauen,sonamdolmabrauen,DFFC
Sonam Kapoor,sonamkapoor,Celeb
Sonarika Bhadoria,sonarikabhadoria,Celeb
Sonequa Martin-Green,sonequamartingreen,DFFC
Song Il-gon,songilgon,DFFC
Song Nan,songnan,DFFC
Song Sokze,songsokze,DFFC
Songul oden,songuloden,Celeb
Soni Malaj,sonimalaj,Celeb
Sonia Araujo,soniaaraujo,Celeb
Sonia Couling,soniacouling,Celeb
Sonia Dara,soniadara,Celeb
Sonia Holm,soniaholm,DFFC
Sonia Iovan,soniaiovan,DFFC
Sonia Lafuente,sonialafuente,DFFC
Sonique,sonique,Celeb
Sonja Gerhardt,sonjagerhardt,DFFC
Sonny Bradley,sonnybradley,DFFC
Sonny Colbrelli,sonnycolbrelli,DFFC
Sonny Condell,sonnycondell,DFFC
Sonny Parker,sonnyparker,DFFC
Sonny Rhodes,sonnyrhodes,DFFC
Sonny Ruberto,sonnyruberto,DFFC
Sonu Nigam,sonunigam,Celeb
Sony Dwi Kuncoro,sonydwikuncoro,DFFC
Sonya Kraus,sonyakraus,Celeb
Sonya Krause,sonyakrause,Celeb
Sonya Smith,sonyasmith,Celeb
Soo Kyung Lee,sookyunglee,Celeb
Soo-Jin Park,soojinpark,Celeb
Sophia Abraao,sophiaabraao,Celeb
Sophia Bush,sophiabush,Celeb
Sophia N Antonopoulou,sophianantonopoulou,DFFC
Sophia Thomalla,sophiathomalla,Celeb
Sophie Audouin-Mamikonian,sophieaudouinmamikonian,DFFC
Sophie Gustafson,sophiegustafson,DFFC
Sophie Hunger,sophiehunger,DFFC
Sophie Marceau,sophiemarceau,DFFC
Sophie Perry,sophieperry,DFFC
Sophie Quinton,sophiequinton,DFFC
Sophie Raworth,sophieraworth,DFFC
Sophie Thalmann,sophiethalmann,DFFC
"Sophie, Countess of Wessex",sophiecountessofwessex,DFFC
"Sophie, Princess of Prussia",sophieprincessofprussia,DFFC
Sopho Khalvashi,sophokhalvashi,DFFC
Sopiko Guramishvili,sopikoguramishvili,DFFC
Sopubek Begaliev,sopubekbegaliev,DFFC
Soraia Chaves,soraiachaves,Celeb
Soram Anganba,soramanganba,DFFC
Soraya Arnelas,sorayaarnelas,DFFC
Soraya Esfandiary-Bakhtiari,sorayaesfandiarybakhtiari,DFFC
Sotiris Ninis,sotirisninis,DFFC
Souha Bechara,souhabechara,DFFC
Soulja Boy,souljaboy,Celeb
Soumitra Dutta,soumitradutta,DFFC
Southside,southside,DFFC
Space Cowboy,spacecowboy,DFFC
Spec Shea,specshea,DFFC
Spencer Armstrong,spencerarmstrong,DFFC
Spencer Breslin,spencerbreslin,Celeb
Spencer Chamberlain,spencerchamberlain,DFFC
Spencer Grammer,spencergrammer,Celeb
Spencer Krug,spencerkrug,DFFC
Spencer Pratt,spencerpratt,Celeb
Spencer Smith,spencersmith,DFFC
Spencer Tracy,spencertracy,Celeb
Spenser Mango,spensermango,DFFC
Srdan Golubović,srdangolubovi,DFFC
Sreelakshmi Suresh,sreelakshmisuresh,DFFC
Sridevi,sridevi,Celeb
Srikanth Kidambi,srikanthkidambi,DFFC
Srirasmi Suwadee,srirasmisuwadee,DFFC
Srđan Stanić,sranstani,DFFC
Stacey Cook,staceycook,DFFC
Stacey Dash,staceydash,Celeb
Stacey Nesbitt,staceynesbitt,DFFC
Stacey Porter,staceyporter,DFFC
Stacie Orrico,stacieorrico,Celeb
Stacy Carter,stacycarter,DFFC
Stacy Ferguson,stacyferguson,Celeb
Stacy Head,stacyhead,DFFC
Stacy Keach,stacykeach,Celeb
Stacy Keibler,stacykeibler,Celeb
Stacy Sanches,stacysanches,DFFC
Stan Grant,stangrant,DFFC
Stan Laurel,stanlaurel,Celeb
Stan Lee,stanlee,DFFC
Stan Love,stanlove,DFFC
Stan Musial,stanmusial,DFFC
Stan Newsham,stannewsham,DFFC
Stan Noskin,stannoskin,DFFC
Stan Stennett,stanstennett,DFFC
Stan Wawrinka,stanwawrinka,DFFC
Stana Katic,stanakatic,Celeb
Stanford R Ovshinsky,stanfordrovshinsky,DFFC
Stanislav Manolev,stanislavmanolev,DFFC
Stanislav Morozov,stanislavmorozov,DFFC
Stanislav Savchenko,stanislavsavchenko,DFFC
Stanislav Stanojevic,stanislavstanojevic,DFFC
Stanisław Sojka,stanisawsojka,DFFC
Stanley B Prusiner,stanleybprusiner,DFFC
Stanley Donen,stanleydonen,DFFC
Stanley Havili,stanleyhavili,DFFC
Stanley Kroenke,stanleykroenke,Celeb
Stanley O'Toole,stanleyotoole,DFFC
Stanley Tucci,stanleytucci,Celeb
Stanley Williams,stanleywilliams,DFFC
Stany Delayre,stanydelayre,Celeb
Star Jasper,starjasper,DFFC
Star Jones,starjones,DFFC
Star Lotulelei,starlotulelei,DFFC
Starboy Nathan,starboynathan,DFFC
Stark Sands,starksands,DFFC
Stasija Rage,stasijarage,DFFC
Stavros Niarchos,stavrosniarchos,Celeb
Stedman Graham,stedmangraham,Celeb
Steed Malbranque,steedmalbranque,DFFC
Stef Dusseldorp,stefdusseldorp,DFFC
Stef Lang,steflang,DFFC
Stefan Birčević,stefanbirevi,DFFC
Stefan Charles,stefancharles,DFFC
Stefan Danailov,stefandanailov,DFFC
Stefan Filipović,stefanfilipovi,DFFC
Stefan Frei,stefanfrei,DFFC
Stefan Groothuis,stefangroothuis,DFFC
Stefan Holm,stefanholm,DFFC
Stefan Horngacher,stefanhorngacher,DFFC
Stefan Höhener,stefanhhener,DFFC
Stefan Johansson,stefanjohansson,DFFC
Stefan Kindermann,stefankindermann,DFFC
Stefan Kuntz,stefankuntz,DFFC
Stefan Lainer,stefanlainer,DFFC
Stefan Lessard,stefanlessard,DFFC
Stefan Lindemann,stefanlindemann,DFFC
Stefan Marković,stefanmarkovi,DFFC
Stefan Molyneux,stefanmolyneux,DFFC
Stefan Oakes,stefanoakes,DFFC
Stefan Olsson,stefanolsson,DFFC
Stefan Persson,stefanpersson,DFFC
Stefan Petrucha,stefanpetrucha,DFFC
Stefan Quandt,stefanquandt,Celeb
Stefan Raab,stefanraab,DFFC
Stefan Reinartz,stefanreinartz,DFFC
Stefan Ruzowitzky,stefanruzowitzky,DFFC
Stefan Savić,stefansavi,DFFC
Stefan Schneider,stefanschneider,DFFC
Stefan Schumacher,stefanschumacher,DFFC
Stefan Sinovec,stefansinovec,DFFC
Stefan Stangl,stefanstangl,DFFC
Stefan Stojačić,stefanstojai,DFFC
Stefan Szczesny,stefanszczesny,DFFC
Stefan Wannenwetsch,stefanwannenwetsch,DFFC
Stefan Welch,stefanwelch,DFFC
Stefan de Vrij,stefandevrij,DFFC
Stefan van Dijk,stefanvandijk,DFFC
Stefanie Biller,stefaniebiller,DFFC
Stefanie Powers,stefaniepowers,Celeb
Stefanie Scott,stefaniescott,DFFC
Stefanie de Roux,stefaniederoux,DFFC
Stefano Anzi,stefanoanzi,DFFC
Stefano Casiraghi,stefanocasiraghi,Celeb
Stefano D'Aste,stefanodaste,DFFC
Stefano Langone,stefanolangone,Celeb
Stefanos Kapino,stefanoskapino,DFFC
Stefanos Kotsolis,stefanoskotsolis,DFFC
Stefen Wisniewski,stefenwisniewski,DFFC
Steffen Deibler,steffendeibler,DFFC
Steffen Groth,steffengroth,Celeb
Steffen Iversen,steffeniversen,DFFC
Steffen Kielstrup,steffenkielstrup,DFFC
Steffiana De La Cruz,steffianadelacruz,Celeb
Stein Huysegems,steinhuysegems,DFFC
Steinar Raknes,steinarraknes,DFFC
Steinbjørn B Jacobsen,steinbjrnbjacobsen,DFFC
Stelios Malezas,steliosmalezas,DFFC
Stella Hudgens,stellahudgens,Celeb
Stella Mwangi,stellamwangi,DFFC
Stella Schnabel,stellaschnabel,Celeb
Stella Stevens,stellastevens,Celeb
Stellan Skarsgård,stellanskarsgrd,DFFC
Stepfan Taylor,stepfantaylor,DFFC
Steph Davis,stephdavis,DFFC
Stephan Andersen,stephanandersen,DFFC
Stephan Ebn,stephanebn,DFFC
Stephan Loboué,stephanlobou,DFFC
Stephan Van Dam,stephanvandam,DFFC
Stephane Sirkis,stephanesirkis,Celeb
Stephanie Au,stephanieau,DFFC
Stephanie Bendixsen,stephaniebendixsen,DFFC
Stephanie Cayo,stephaniecayo,Celeb
Stephanie Cole,stephaniecole,DFFC
Stephanie Coontz,stephaniecoontz,DFFC
Stephanie Griest,stephaniegriest,DFFC
Stephanie Jacobsen,stephaniejacobsen,Celeb
Stephanie Leonidas,stephanieleonidas,DFFC
Stephanie March,stephaniemarch,Celeb
Stephanie McMahon,stephaniemcmahon,DFFC
Stephanie McMichael,stephaniemcmichael,Celeb
Stephanie Millward,stephaniemillward,DFFC
Stephanie Morton,stephaniemorton,DFFC
Stephanie Niznik,stephanieniznik,Celeb
Stephanie Okereke Linus,stephanieokerekelinus,DFFC
Stephanie Pratt,stephaniepratt,DFFC
Stephanie Rice,stephanierice,Celeb
Stephanie Schweitzer,stephanieschweitzer,DFFC
Stephanie Seymour,stephanieseymour,Celeb
Stephanie Shaffer,stephanieshaffer,Celeb
Stephanie Stumph,stephaniestumph,DFFC
Stephanie Vogt,stephanievogt,DFFC
Stephanie Öhrström,stephaniehrstrm,DFFC
Stephen A Schwarzman,stephenaschwarzman,DFFC
Stephen A Unger,stephenaunger,DFFC
Stephen Amell,stephenamell,DFFC
Stephen Baldwin,stephenbaldwin,DFFC
Stephen Bisciotti,stephenbisciotti,Celeb
Stephen Boyd,stephenboyd,DFFC
Stephen Carriere,stephencarriere,DFFC
Stephen Chow,stephenchow,Celeb
Stephen Churm,stephenchurm,DFFC
Stephen Cochran,stephencochran,DFFC
Stephen Colbert,stephencolbert,DFFC
Stephen Colletti,stephencolletti,DFFC
Stephen Collins,stephencollins,DFFC
Stephen Daldry,stephendaldry,DFFC
Stephen Dalton,stephendalton,DFFC
Stephen Dawson,stephendawson,DFFC
Stephen Dedman,stephendedman,DFFC
Stephen Donaldson,stephendonaldson,DFFC
Stephen Dorff,stephendorff,Celeb
Stephen Egerton,stephenegerton,DFFC
Stephen Emmott,stephenemmott,DFFC
Stephen Frears,stephenfrears,DFFC
Stephen Friend,stephenfriend,DFFC
Stephen Furst,stephenfurst,DFFC
Stephen Gately,stephengately,DFFC
Stephen Graham,stephengraham,DFFC
Stephen Hart,stephenhart,DFFC
Stephen Hawking,stephenhawking,Celeb
Stephen Hendrie,stephenhendrie,DFFC
Stephen Hendry,stephenhendry,DFFC
Stephen Hicks,stephenhicks,DFFC
Stephen Hill,stephenhill,DFFC
Stephen Hillenburg,stephenhillenburg,DFFC
Stephen Hunt,stephenhunt,DFFC
Stephen Ireland,stephenireland,DFFC
Stephen Jackson,stephenjackson,DFFC
Stephen Jelley,stephenjelley,DFFC
Stephen Jerzak,stephenjerzak,DFFC
Stephen King,stephenking,Celeb
Stephen Lang,stephenlang,Celeb
Stephen Lee,stephenlee,DFFC
Stephen Li-Chung Kuo,stephenlichungkuo,DFFC
Stephen Mayne,stephenmayne,DFFC
Stephen McGee,stephenmcgee,DFFC
Stephen Moyer,stephenmoyer,Celeb
Stephen Muzhingi,stephenmuzhingi,DFFC
Stephen O'Malley,stephenomalley,DFFC
Stephen Poliakoff,stephenpoliakoff,DFFC
Stephen R Donaldson,stephenrdonaldson,DFFC
Stephen Rea,stephenrea,Celeb
Stephen Rice,stephenrice,DFFC
Stephen Root,stephenroot,Celeb
Stephen Schwartz,stephenschwartz,DFFC
Stephen Schwarzman,stephenschwarzman,Celeb
Stephen Soldz,stephensoldz,DFFC
Stephen Sondheim,stephensondheim,Celeb
Stephen Tobolowsky,stephentobolowsky,Celeb
Stephen Waley-Cohen,stephenwaleycohen,DFFC
Stephenie Meyer,stepheniemeyer,DFFC
Stephin Merritt,stephinmerritt,DFFC
Stephon Gilmore,stephongilmore,DFFC
Stephy Tang,stephytang,DFFC
Sterling Knight,sterlingknight,Celeb
Steve Barron,stevebarron,DFFC
Steve Basham,stevebasham,DFFC
Steve Bell,stevebell,DFFC
Steve Bould,stevebould,DFFC
Steve Breaston,stevebreaston,DFFC
Steve Burton,steveburton,Celeb
Steve Buscemi,stevebuscemi,Celeb
Steve Carell,stevecarell,Celeb
Steve Cherundolo,stevecherundolo,DFFC
Steve Coast,stevecoast,DFFC
Steve Cohen,stevecohen,Celeb
Steve Collis,stevecollis,DFFC
Steve Corino,stevecorino,DFFC
Steve Doll,stevedoll,DFFC
Steve Donahue,stevedonahue,DFFC
Steve Dowden,stevedowden,DFFC
Steve Englehart,steveenglehart,DFFC
Steve Forbert,steveforbert,DFFC
Steve Gerber,stevegerber,DFFC
Steve Guttenberg,steveguttenberg,DFFC
Steve Harper,steveharper,DFFC
Steve Harris,steveharris,DFFC
Steve Harvey,steveharvey,DFFC
Steve Hawes,stevehawes,DFFC
Steve Hawkins,stevehawkins,DFFC
Steve Hewitt,stevehewitt,DFFC
Steve Hilton,stevehilton,DFFC
Steve Jameson,stevejameson,DFFC
Steve Jobs,stevejobs,Celeb
Steve Johnson,stevejohnson,DFFC
Steve Jurvetson,stevejurvetson,DFFC
Steve Kariya,stevekariya,DFFC
Steve Kragthorpe,stevekragthorpe,DFFC
Steve Lee,stevelee,DFFC
Steve Letarte,steveletarte,DFFC
Steve Lyons,stevelyons,DFFC
Steve Mandanda,stevemandanda,DFFC
Steve Martin,stevemartin,DFFC
Steve Martinson,stevemartinson,DFFC
Steve McManaman,stevemcmanaman,DFFC
Steve McMichael,stevemcmichael,DFFC
Steve McQueen,stevemcqueen,DFFC
Steve Meilinger,stevemeilinger,DFFC
Steve Morison,stevemorison,DFFC
Steve Moxon,stevemoxon,DFFC
Steve New,stevenew,DFFC
Steve Olfers,steveolfers,DFFC
Steve Omischl,steveomischl,DFFC
Steve Ott,steveott,DFFC
Steve Owen,steveowen,DFFC
Steve Pavlina,stevepavlina,DFFC
Steve Peat,stevepeat,DFFC
Steve Perry,steveperry,Celeb
Steve Prefontaine,steveprefontaine,DFFC
Steve Ralston,steveralston,DFFC
Steve Reid,stevereid,DFFC
Steve Rider,steverider,DFFC
Steve Roach,steveroach,DFFC
Steve Romanik,steveromanik,DFFC
Steve Rothery,steverothery,DFFC
Steve Sabol,stevesabol,DFFC
Steve Scully,stevescully,DFFC
Steve Sem-Sandberg,stevesemsandberg,DFFC
Steve Shirley,steveshirley,DFFC
Steve Sidwell,stevesidwell,DFFC
Steve Smith,stevesmith,Celeb
"Steve Smith, Sr",stevesmithsr,DFFC
Steve Soboslai,stevesoboslai,DFFC
Steve Spagnuolo,stevespagnuolo,DFFC
Steve Sparks,stevesparks,DFFC
Steve Sullivan,stevesullivan,DFFC
Steve Torpey,stevetorpey,DFFC
Steve Vai,stevevai,Celeb
Steve Walwyn,stevewalwyn,DFFC
Steve Way,steveway,DFFC
Steve Willis,stevewillis,DFFC
Steve Wilson,stevewilson,DFFC
Steve Wynn,stevewynn,Celeb
Steve Young,steveyoung,DFFC
Steven Adler,stevenadler,Celeb
Steven Bauer,stevenbauer,Celeb
Steven Beitashour,stevenbeitashour,DFFC
Steven Berghuis,stevenberghuis,DFFC
Steven Chu,stevenchu,Celeb
Steven Crowder,stevencrowder,DFFC
Steven Defour,stevendefour,DFFC
Steven Emerson,stevenemerson,DFFC
Steven Gerrard,stevengerrard,Celeb
Steven Johnson,stevenjohnson,DFFC
Steven K Baum,stevenkbaum,DFFC
Steven Kellogg,stevenkellogg,DFFC
Steven Kirby,stevenkirby,DFFC
Steven Lampier,stevenlampier,DFFC
Steven Lustica,stevenlustica,DFFC
Steven Naismith,stevennaismith,DFFC
Steven Pienaar,stevenpienaar,DFFC
Steven Pinker,stevenpinker,DFFC
Steven Pressley,stevenpressley,DFFC
Steven R McQueen,stevenrmcqueen,DFFC
Steven Rubenstein,stevenrubenstein,DFFC
Steven Sasson,stevensasson,DFFC
Steven Saylor,stevensaylor,DFFC
Steven Soderbergh,stevensoderbergh,Celeb
Steven Stamkos,stevenstamkos,DFFC
Steven Strait,stevenstrait,Celeb
Steven Swanson,stevenswanson,DFFC
Steven Taylor,steventaylor,DFFC
Steven Wilson,stevenwilson,Celeb
Steven Wright,stevenwright,DFFC
Steven Yeun,stevenyeun,DFFC
Stevie Brown,steviebrown,DFFC
Stevie Cameron,steviecameron,DFFC
Stevie Johnson,steviejohnson,DFFC
Stevie Nicks,stevienicks,DFFC
Stewart Brand,stewartbrand,DFFC
Stewart Cink,stewartcink,Celeb
Stewart Haslinger,stewarthaslinger,DFFC
Stig Engström,stigengstrm,DFFC
Stig Sæterbakken,stigsterbakken,DFFC
Stijn Stijnen,stijnstijnen,DFFC
Stina Ekblad,stinaekblad,DFFC
Sting,sting,DFFC
Stipe Pletikosa,stipepletikosa,DFFC
Stockard Channing,stockardchanning,DFFC
Stoffel Vandoorne,stoffelvandoorne,DFFC
Stone Cold Steve Austin,stonecoldsteveaustin,DFFC
Stormi Henley,stormihenley,DFFC
Stosur Samantha,stosursamantha,Celeb
Stoya,stoya,Celeb
Strahinja Milošević,strahinjamiloevi,DFFC
Stromae,stromae,DFFC
Struggle Da Preacher,struggledapreacher,DFFC
Stu Hart,stuhart,DFFC
Stu Holcomb,stuholcomb,DFFC
Stuart Adamson,stuartadamson,DFFC
Stuart Bingham,stuartbingham,DFFC
Stuart Elliott,stuartelliott,DFFC
Stuart Gordon,stuartgordon,DFFC
Stuart McCall,stuartmccall,DFFC
Stuart Mcnay,stuartmcnay,Celeb
Stuart O'Keefe,stuartokeefe,DFFC
Stuart Pearce,stuartpearce,DFFC
Stuart R Schram,stuartrschram,DFFC
Stuart Townsend,stuarttownsend,DFFC
Stuart Tripp,stuarttripp,DFFC
Stuart Wheeler,stuartwheeler,DFFC
Sture Mårtensson,sturemrtensson,DFFC
Sturla Torkildsen,sturlatorkildsen,DFFC
Stéphane Audran,stphaneaudran,DFFC
Stéphane Badji,stphanebadji,DFFC
Stéphane Bern,stphanebern,DFFC
Stéphane De Groodt,stphanedegroodt,DFFC
Stéphane Grappelli,stphanegrappelli,DFFC
Stéphane Hessel,stphanehessel,DFFC
Stéphane Heulot,stphaneheulot,DFFC
Stéphane Lambiel,stphanelambiel,DFFC
Stéphane Mbia,stphanembia,DFFC
Stéphane Richard,stphanerichard,DFFC
Stéphane Richelmi,stphanerichelmi,DFFC
Stéphane Sessègnon,stphanesessgnon,DFFC
Su Bingtian,subingtian,DFFC
Su-Ae,suae,Celeb
Su-chin Pak,suchinpak,DFFC
Subbulakshmi,subbulakshmi,Celeb
Subhash Dutta,subhashdutta,DFFC
Subhash Kak,subhashkak,DFFC
Suchita Trivedi,suchitatrivedi,DFFC
Suchitra Krishnamoorthi,suchitrakrishnamoorthi,DFFC
Sudeep,sudeep,DFFC
Sudeep Sahir,sudeepsahir,Celeb
Sudhir Phadke,sudhirphadke,DFFC
Sue Bird,suebird,DFFC
Sue Carol,suecarol,Celeb
Sue Draheim,suedraheim,DFFC
Sue Gardner,suegardner,DFFC
Sue Hines,suehines,DFFC
Sue Holderness,sueholderness,DFFC
Sue Lyon,suelyon,Celeb
Sue Vertue,suevertue,DFFC
Suelyn Medeiros,suelynmedeiros,Celeb
Sufjan Stevens,sufjanstevens,DFFC
Sugey Abrego,sugeyabrego,Celeb
Sukehiro Hasegawa,sukehirohasegawa,DFFC
Suki Low,sukilow,DFFC
Sukshinder Shinda,sukshindershinda,DFFC
Suleiman Kerimov,suleimankerimov,Celeb
Suleka Mathew,sulekamathew,Celeb
Sulli,sulli,DFFC
Sullivan Silva,sullivansilva,DFFC
Sully Erna,sullyerna,Celeb
Suman Ranganathan,sumanranganathan,DFFC
Sumanth,sumanth,Celeb
Sumi Jo,sumijo,DFFC
Sumi Shimamoto,sumishimamoto,DFFC
Suming,suming,DFFC
Summer Altice,summeraltice,Celeb
Summer Bishil,summerbishil,DFFC
Summer Glau,summerglau,DFFC
Summer Mortimer,summermortimer,DFFC
Sumner Redstone,sumnerredstone,Celeb
Sun Li,sunli,Celeb
Sun Myung Moon,sunmyungmoon,DFFC
Sun Yujie,sunyujie,DFFC
Sunette Viljoen,sunetteviljoen,DFFC
Sung Kang,sungkang,Celeb
Sunil Mittal,sunilmittal,Celeb
Sunil Shetty,sunilshetty,Celeb
Sunitha Rao,sunitharao,DFFC
Sunny Deol,sunnydeol,Celeb
Sunny Leone,sunnyleone,DFFC
Sunny Tripathy,sunnytripathy,DFFC
Sunrise Adams,sunriseadams,DFFC
Sunshine Becker,sunshinebecker,DFFC
Supriya Pilgaonkar,supriyapilgaonkar,DFFC
Suri Cruise,suricruise,Celeb
Suriya,suriya,DFFC
Susan Ashton,susanashton,DFFC
Susan Boyle,susanboyle,DFFC
Susan Cabot,susancabot,Celeb
Susan Cadogan,susancadogan,DFFC
Susan Clark,susanclark,Celeb
Susan Cowsill,susancowsill,DFFC
"Susan Cunliffe-Lister, Baroness Masham of Ilton",susancunliffelisterbaronessmashamofilton,DFFC
Susan D Shaw,susandshaw,DFFC
Susan Dey,susandey,Celeb
Susan Douglas Rubes,susandouglasrubes,DFFC
Susan Downey,susandowney,Celeb
Susan Einzig,susaneinzig,DFFC
Susan Eldridge,susaneldridge,Celeb
Susan Fernandez,susanfernandez,DFFC
Susan Flannery,susanflannery,Celeb
Susan George,susangeorge,Celeb
Susan Haskell,susanhaskell,DFFC
Susan Hoecke,susanhoecke,Celeb
Susan Holmes-McKagan,susanholmesmckagan,Celeb
Susan Jacoby,susanjacoby,DFFC
Susan Lalic,susanlalic,DFFC
Susan Lucci,susanlucci,DFFC
Susan McFadden,susanmcfadden,DFFC
Susan Murphy,susanmurphy,DFFC
Susan Oliver,susanoliver,Celeb
Susan Peters,susanpeters,Celeb
Susan Powell,susanpowell,DFFC
Susan Saint James,susansaintjames,Celeb
Susan Sideropoulos,susansideropoulos,Celeb
Susan Smith-Walsh,susansmithwalsh,DFFC
Susan Sullivan,susansullivan,DFFC
Susan Ward,susanward,Celeb
Susana Werner,susanawerner,Celeb
Susanna Clarke,susannaclarke,DFFC
Susanna Pöykiö,susannapyki,DFFC
Susanna Rahkamo,susannarahkamo,DFFC
Susanna Thompson,susannathompson,DFFC
Susanne Ashley,susanneashley,Celeb
Susanne Ljungskog,susanneljungskog,DFFC
Susanne Moll,susannemoll,DFFC
Susanne Sundfør,susannesundfr,DFFC
Sushant Singh Rajput,sushantsinghrajput,Celeb
Sushmita Sen,sushmitasen,DFFC
Susie Amy,susieamy,Celeb
Susie Bright,susiebright,DFFC
Susie Essman,susieessman,DFFC
Sussie Eriksson,sussieeriksson,DFFC
Suvi Koponen,suvikoponen,DFFC
Suzan Anbeh,suzananbeh,Celeb
Suzan Ball,suzanball,Celeb
Suzann Pettersen,suzannpettersen,DFFC
Suzanne Collins,suzannecollins,DFFC
Suzanne Lilar,suzannelilar,DFFC
Suzanne Pleshette,suzannepleshette,Celeb
Suzanne Shaw,suzanneshaw,Celeb
Suzanne Vega,suzannevega,Celeb
Suzanne Virdee,suzannevirdee,DFFC
Suze Orman,suzeorman,DFFC
Suzi Quatro,suziquatro,DFFC
Suzie Bates,suziebates,DFFC
Suzuka Nakamoto,suzukanakamoto,DFFC
Suzuko Mimori,suzukomimori,DFFC
Suzy Bogguss,suzybogguss,DFFC
Suzy Lake,suzylake,DFFC
Suzy Parker,suzyparker,Celeb
Svante Pääbo,svantepbo,DFFC
Svein Fjælberg,sveinfjlberg,DFFC
Svein Nymo,sveinnymo,DFFC
Svein Tuft,sveintuft,DFFC
Sven Bender,svenbender,DFFC
Sven Clement,svenclement,DFFC
Sven Fischer,svenfischer,DFFC
Sven Kramer,svenkramer,DFFC
Sven Nordqvist,svennordqvist,DFFC
Sven Nykvist,svennykvist,DFFC
Sven Nys,svennys,DFFC
Sven Pipien,svenpipien,DFFC
Sven Strüver,svenstrver,DFFC
Sven Ulreich,svenulreich,DFFC
Sverre Haugli,sverrehaugli,DFFC
Svetlana Alekseeva,svetlanaalekseeva,DFFC
Svetlana Bondarchuk,svetlanabondarchuk,Celeb
Svetlana Feofanova,svetlanafeofanova,DFFC
Svetlana Issakova,svetlanaissakova,DFFC
Svetlana Khodchenkova,svetlanakhodchenkova,Celeb
Svetlana Lunkina,svetlanalunkina,DFFC
Svetlana Podobedova,svetlanapodobedova,DFFC
Svetlana Saenko,svetlanasaenko,DFFC
Svetlana Tsarukayeva,svetlanatsarukayeva,DFFC
Svetlana Zakharova,svetlanazakharova,DFFC
Swathi Reddy,swathireddy,DFFC
Sweet Saraya,sweetsaraya,DFFC
Swetha Menon,swethamenon,Celeb
Sybil Danning,sybildanning,Celeb
Sybille Bammer,sybillebammer,DFFC
Syd tha Kyd,sydthakyd,DFFC
Sydne Rome,sydnerome,DFFC
Sydney Leroux,sydneyleroux,DFFC
Sydney Newman,sydneynewman,DFFC
Sydney Penny,sydneypenny,Celeb
Sydney Pollack,sydneypollack,DFFC
Syed Ahmed,syedahmed,DFFC
Sylva Koscina,sylvakoscina,Celeb
Sylvain Chavanel,sylvainchavanel,Celeb
Sylvain Distin,sylvaindistin,DFFC
Sylvain Wiltord,sylvainwiltord,DFFC
Sylvester Lefort,sylvesterlefort,DFFC
Sylvester Weaver,sylvesterweaver,DFFC
Sylvia Day,sylviaday,DFFC
Sylvia Fowles,sylviafowles,Celeb
Sylvia Hoeks,sylviahoeks,DFFC
Sylvia Kristel,sylviakristel,Celeb
Sylvie Testud,sylvietestud,DFFC
Sylvie Vartan,sylvievartan,Celeb
Sylvie van der Vaart,sylvievandervaart,Celeb
Sylwester Szmyd,sylwesterszmyd,DFFC
Sylwia Kapusta,sylwiakapusta,DFFC
Sylwia Wojciech,sylwiawojciech,Celeb
Szabolcs Kókay,szabolcskkay,DFFC
Szidi Tobias,sziditobias,DFFC
Szymon Ziółkowski,szymonzikowski,DFFC
Sándor Sára,sndorsra,DFFC
Sævar Birgisson,svarbirgisson,DFFC
Sébastien Bourdais,sbastienbourdais,DFFC
Sébastien Buemi,sbastienbuemi,DFFC
Sébastien Chevallier,sbastienchevallier,DFFC
Sébastien Corchia,sbastiencorchia,DFFC
Sébastien Hinault,sbastienhinault,DFFC
Sébastien Loeb,sbastienloeb,DFFC
Sébastien Pocognoli,sbastienpocognoli,DFFC
Sébastien Reichenbach,sbastienreichenbach,DFFC
Sébastien Squillaci,sbastiensquillaci,DFFC
Sébastien Turgot,sbastienturgot,DFFC
Sérgio Britto,srgiobritto,DFFC
Sölvi Ottesen,slviottesen,DFFC
Sören Ludolph,srenludolph,DFFC
TI,ti,Both
TJ McConnell,tjmcconnell,DFFC
TJ McDonald,tjmcdonald,DFFC
TJ Miller,tjmiller,DFFC
TJ Perkins,tjperkins,DFFC
TJ Thyne,tjthyne,Celeb
TJ Yates,tjyates,DFFC
TL Osborn,tlosborn,DFFC
TN Krishnan,tnkrishnan,DFFC
TS Aboobaker,tsaboobaker,DFFC
TS Suresh,tssuresh,DFFC
TV Smith,tvsmith,DFFC
Tab Baldwin,tabbaldwin,DFFC
Tab Hunter,tabhunter,DFFC
Tabassum Akhlaq,tabassumakhlaq,DFFC
Taboo,taboo,DFFC
Tabrett Bethell,tabrettbethell,Celeb
Tachi Yamada,tachiyamada,DFFC
Tadashi Yanai,tadashiyanai,Celeb
Tadeusz Wrona,tadeuszwrona,DFFC
Tae Yun Kim,taeyunkim,Celeb
Taecyeon,taecyeon,Celeb
Tagir Khaybulaev,tagirkhaybulaev,DFFC
Tahar Cheriaa,taharcheriaa,DFFC
Tahj Minniecon,tahjminniecon,DFFC
Tahyna Tozzi,tahynatozzi,DFFC
Tai Solarin,taisolarin,DFFC
Tai Streets,taistreets,DFFC
Tai Tzu-ying,taitzuying,DFFC
Taika Waititi,taikawaititi,DFFC
Taiki Morii,taikimorii,DFFC
Tailor James,tailorjames,Celeb
Taio Cruz,taiocruz,DFFC
Tajči,taji,DFFC
Takahiko Kozuka,takahikokozuka,DFFC
Takahiro Norimoto,takahironorimoto,DFFC
Takahito Mura,takahitomura,DFFC
"Takahito, Prince Mikasa",takahitoprincemikasa,DFFC
Takako Uehara,takakouehara,Celeb
Takanobu Ito,takanobuito,Celeb
Takanori Nishikawa,takanorinishikawa,DFFC
Takashi Kogure,takashikogure,DFFC
Takashi Miyazawa,takashimiyazawa,DFFC
Takashi Ono,takashiono,DFFC
Takashi Uchiyama,takashiuchiyama,DFFC
Takashi Usami,takashiusami,DFFC
Takayuki Yamada,takayukiyamada,DFFC
Takehide Nakatani,takehidenakatani,DFFC
Takeo Spikes,takeospikes,DFFC
Takeru Kobayashi,takerukobayashi,DFFC
Takeshi Ito,takeshiito,DFFC
Takeshi Kaneshiro,takeshikaneshiro,Celeb
Takeshi Matsuda,takeshimatsuda,DFFC
Takeshi Minamino,takeshiminamino,DFFC
Tal Ben Haim,talbenhaim,DFFC
Talal Al-Bloushi,talalalbloushi,DFFC
Talal El Karkouri,talalelkarkouri,DFFC
Tallulah Bankhead,tallulahbankhead,Celeb
Talulah Riley,talulahriley,Celeb
Tamar Kaprelian,tamarkaprelian,Celeb
Tamar Simon Hoffs,tamarsimonhoffs,DFFC
Tamara Beckwith,tamarabeckwith,Celeb
Tamara Buciuceanu,tamarabuciuceanu,DFFC
Tamara Dobson,tamaradobson,DFFC
Tamara Ecclestone,tamaraecclestone,Celeb
Tamara Feldman,tamarafeldman,Celeb
Tamara Jenkins,tamarajenkins,DFFC
Tamara Press,tamarapress,DFFC
Tamara Taylor,tamarataylor,DFFC
Tamba Hali,tambahali,DFFC
Tamer Mohamed Tahoun,tamermohamedtahoun,DFFC
Tamera Mowry-Housley,tameramowryhousley,Celeb
Tami Kiuru,tamikiuru,DFFC
Tami Roman,tamiroman,Celeb
Tamie Sheffield,tamiesheffield,DFFC
Tamika Mkandawire,tamikamkandawire,DFFC
Tamim bin Hamad Al Thani,tamimbinhamadalthani,DFFC
Tammie Brown,tammiebrown,DFFC
Tammin Sursok,tamminsursok,Celeb
Tammy Rae Carland,tammyraecarland,DFFC
Tammy Wynette,tammywynette,Celeb
Tamora Pierce,tamorapierce,DFFC
Tamsin Dunwoody,tamsindunwoody,DFFC
Tamsin Greenway,tamsingreenway,DFFC
Tamzin Outhwaite,tamzinouthwaite,Celeb
Tamás Decsi,tamsdecsi,DFFC
Tamás Lőrincz,tamslrincz,DFFC
Tamāra Vilerte,tamravilerte,DFFC
Tandon Doss,tandondoss,DFFC
Tanel Tammet,taneltammet,DFFC
Taner Akçam,tanerakam,DFFC
Tang Wei,tangwei,DFFC
Tang Yiu,tangyiu,Celeb
Tania Gunadi,taniagunadi,DFFC
Tania Nolan,tanianolan,Celeb
Tania Sachdev,taniasachdev,DFFC
Tania Vazquez,taniavazquez,Celeb
Tania Zaetta,taniazaetta,Celeb
Tanit Phoenix,tanitphoenix,Celeb
Tanith Belbin,tanithbelbin,Celeb
Tanja Dexters,tanjadexters,Celeb
Tanja Kolbe,tanjakolbe,DFFC
Tanja Mihhailova,tanjamihhailova,DFFC
Tanju Kayhan,tanjukayhan,DFFC
Tanju Öztürk,tanjuztrk,DFFC
Tank Toland,tanktoland,DFFC
Tanner Berryhill,tannerberryhill,DFFC
Tanner Glass,tannerglass,DFFC
Tanner Scheppers,tannerscheppers,DFFC
Tantoo Cardinal,tantoocardinal,Celeb
Tanuj Virwani,tanujvirwani,DFFC
Tanya Chua,tanyachua,DFFC
Tanya Dziahileva,tanyadziahileva,Celeb
Tanya Holland,tanyaholland,DFFC
Tanya Huebner,tanyahuebner,DFFC
Tanya Roberts,tanyaroberts,Celeb
Tanya Stephens,tanyastephens,DFFC
Tanya Tate,tanyatate,DFFC
Tanya Tucker,tanyatucker,Celeb
Tané McClure,tanmcclure,DFFC
Tao,tao,DFFC
Tao Li,taoli,DFFC
Tao Lin,taolin,DFFC
Tao Okamoto,taookamoto,Celeb
Tara Conner,taraconner,DFFC
Tara Lynn,taralynn,Celeb
Tara Lynn Foxx,taralynnfoxx,DFFC
Tara Moore,taramoore,DFFC
Tara Oram,taraoram,DFFC
Tara Strong,tarastrong,Celeb
Tarafa Baghajati,tarafabaghajati,DFFC
Taraji P Henson,tarajiphenson,Celeb
Taran Killam,tarankillam,DFFC
Taras Lazarovych,taraslazarovych,DFFC
Taras Stepanenko,tarasstepanenko,DFFC
Tareiq Holmes-Dennis,tareiqholmesdennis,DFFC
Taren Stinebrickner-Kauffman,tarenstinebricknerkauffman,DFFC
Tarik Belmadani,tarikbelmadani,DFFC
Tarja Turunen,tarjaturunen,Celeb
Tarkan,tarkan,Celeb
Taron Egerton,taronegerton,DFFC
Taru Mäkelä,tarumkel,DFFC
Tarun Tejpal,taruntejpal,DFFC
Tarvaris Jackson,tarvarisjackson,DFFC
Taryn Hemmings,tarynhemmings,DFFC
Taryn Manning,tarynmanning,DFFC
Taryn Southern,tarynsouthern,DFFC
Tasha Tilberg,tashatilberg,Celeb
Tata Young,tatayoung,DFFC
Tatana Kucharova,tatanakucharova,Celeb
Tate Donovan,tatedonovan,Celeb
Tatev Abrahamyan,tatevabrahamyan,DFFC
Tatiana Antoshina,tatianaantoshina,DFFC
Tatiana Búa,tatianaba,DFFC
Tatiana Cotliar,tatianacotliar,Celeb
Tatiana Kosintseva,tatianakosintseva,DFFC
Tatiana Matveeva,tatianamatveeva,DFFC
Tatiana Tarasova,tatianatarasova,DFFC
Tatiana Thumbtzen,tatianathumbtzen,Celeb
Tatiana Volosozhar,tatianavolosozhar,DFFC
Tatishvili Anna,tatishvilianna,Celeb
Tatjana Patitz,tatjanapatitz,Celeb
Tatjana Pinto,tatjanapinto,DFFC
Tatsuya Tanaka,tatsuyatanaka,DFFC
Tatyana Ali,tatyanaali,DFFC
Tatyana Chernova,tatyanachernova,DFFC
Tatyana Lebedeva,tatyanalebedeva,DFFC
Tatyana Mitkova,tatyanamitkova,DFFC
Tatyana Vasilyeva,tatyanavasilyeva,DFFC
Tatyana Veshkurova,tatyanaveshkurova,DFFC
Tavito Nanao,tavitonanao,DFFC
Tay Zonday,tayzonday,DFFC
Taya Kyle,tayakyle,DFFC
Tayari Jones,tayarijones,DFFC
Taye Diggs,tayediggs,Celeb
Taylor Armstrong,taylorarmstrong,DFFC
Taylor Branch,taylorbranch,DFFC
Taylor Glockner,taylorglockner,DFFC
Taylor Graham,taylorgraham,DFFC
Taylor Hicks,taylorhicks,Celeb
Taylor Kinney,taylorkinney,Celeb
Taylor Kitsch,taylorkitsch,DFFC
Taylor Lewan,taylorlewan,DFFC
Taylor Lytle,taylorlytle,DFFC
Taylor Marie Hill,taylormariehill,DFFC
Taylor Mays,taylormays,DFFC
Taylor Momsen,taylormomsen,DFFC
Taylor Rochestie,taylorrochestie,DFFC
Taylor Thompson,taylorthompson,DFFC
Taylor Wane,taylorwane,DFFC
Taylor Wilde,taylorwilde,DFFC
Taylor York,tayloryork,Celeb
Tayshaun Prince,tayshaunprince,DFFC
Teagan Presley,teaganpresley,DFFC
Teairra Mari,teairramari,Celeb
Teal Bunbury,tealbunbury,DFFC
Tech N9ne,techn9ne,DFFC
Ted Barrett,tedbarrett,DFFC
Ted Christopher,tedchristopher,DFFC
Ted Curson,tedcurson,DFFC
Ted Danson,teddanson,DFFC
Ted DiBiase Jr,teddibiasejr,DFFC
Ted Forrest,tedforrest,DFFC
Ted Hayes,tedhayes,DFFC
Ted Kaczynski,tedkaczynski,DFFC
Ted Kluszewski,tedkluszewski,DFFC
Ted Levine,tedlevine,Celeb
Ted Ligety,tedligety,DFFC
Ted McGinley,tedmcginley,Celeb
Ted Nelson,tednelson,DFFC
Ted Nugent,tednugent,DFFC
Ted Robledo,tedrobledo,DFFC
Ted Roof,tedroof,DFFC
Ted Shackelford,tedshackelford,DFFC
Ted White,tedwhite,DFFC
Teddy Higuera,teddyhiguera,DFFC
Teddy Pendergrass,teddypendergrass,Celeb
Teddy Purcell,teddypurcell,DFFC
Teddy Riner,teddyriner,Celeb
TeeFlii,teeflii,DFFC
Teemu Pukki,teemupukki,DFFC
Teena Marie,teenamarie,DFFC
Teesta Setalvad,teestasetalvad,DFFC
Teh Hong Piow,tehhongpiow,Celeb
Teigen Allen,teigenallen,DFFC
Teklemariam Medhin,teklemariammedhin,DFFC
Teklit Teweldebrhan,teklitteweldebrhan,DFFC
Telly Savalas,tellysavalas,Celeb
Tennessee Thomas,tennesseethomas,DFFC
Teo,teo,DFFC
Teodor Peterson,teodorpeterson,DFFC
Teodora Poštič,teodorapoti,DFFC
Teoman,teoman,Celeb
Tera Patrick,terapatrick,Celeb
Terence Hill,terencehill,Celeb
Terence Newman,terencenewman,DFFC
Terence Winter,terencewinter,DFFC
Teresa Lourenco,teresalourenco,Celeb
Teresa Perales,teresaperales,DFFC
Teresa Strasser,teresastrasser,DFFC
Teresa Torańska,teresatoraska,DFFC
Tereza Fajksová,terezafajksov,DFFC
Teri Harrison,teriharrison,DFFC
Teri Hatcher,terihatcher,DFFC
Terje Hauge,terjehauge,DFFC
Terje Rypdal,terjerypdal,DFFC
Termanology,termanology,DFFC
Tero Pitkämäki,teropitkmki,DFFC
Terrance Ganaway,terranceganaway,DFFC
Terrance Knighton,terranceknighton,DFFC
Terrance West,terrancewest,DFFC
Terrell Owens,terrellowens,DFFC
Terrelle Smith,terrellesmith,DFFC
Terrence Austin,terrenceaustin,DFFC
Terrence Boyd,terrenceboyd,DFFC
Terrence Cody,terrencecody,DFFC
Terrence Howard,terrencehoward,Celeb
Terrence Jennings,terrencejennings,DFFC
Terrence Pegula,terrencepegula,Celeb
Terrence Woodyard,terrencewoodyard,DFFC
Terri Conn,terriconn,DFFC
Terri Runnels,terrirunnels,DFFC
Terri Schiavo case,terrischiavocase,DFFC
Terri Seymour,terriseymour,Celeb
Terrico White,terricowhite,DFFC
Terry Antonis,terryantonis,DFFC
Terry Brown,terrybrown,DFFC
Terry Clancy,terryclancy,DFFC
Terry Coldwell,terrycoldwell,Celeb
Terry Crews,terrycrews,DFFC
Terry Driscoll,terrydriscoll,DFFC
Terry Farrell,terryfarrell,Celeb
Terry McMillan,terrymcmillan,DFFC
Terry OQuinn,terryoquinn,Celeb
Terry Pratchett,terrypratchett,DFFC
Terry Richardson,terryrichardson,DFFC
Teryl Rothery,terylrothery,DFFC
Tess Daly,tessdaly,Celeb
Tessa James,tessajames,DFFC
Tessa Sanderson,tessasanderson,DFFC
Tetiana Starodub,tetianastarodub,DFFC
Tetsuya Naito,tetsuyanaito,DFFC
Tetyana Hamera-Shmyrko,tetyanahamerashmyrko,DFFC
Teuvo Länsivuori,teuvolnsivuori,DFFC
Texas Johnny Brown,texasjohnnybrown,DFFC
Teymur Mammadov,teymurmammadov,DFFC
Teymuraz Gabashvili,teymurazgabashvili,DFFC
Thaddeus Young,thaddeusyoung,DFFC
Thaika Shuaib,thaikashuaib,DFFC
Thairine Garcia,thairinegarcia,Celeb
Thaisa,thaisa,DFFC
Thaisa Menezes,thaisamenezes,Celeb
Thalaivasal Vijay,thalaivasalvijay,Celeb
Thalita de Jong,thalitadejong,DFFC
Thane Bettany,thanebettany,Celeb
The Bella Twins,thebellatwins,DFFC
The Boogeyman,theboogeyman,DFFC
The Fabulous Moolah,thefabulousmoolah,DFFC
The Miz,themiz,DFFC
The Notorious BIG,thenotoriousbig,Celeb
The Real Richie Rich,therealrichierich,DFFC
The Ultimate Warrior,theultimatewarrior,DFFC
The-Dream,thedream,DFFC
Thea Gill,theagill,DFFC
Thea Muldoon,theamuldoon,DFFC
Thea Trinidad,theatrinidad,DFFC
Theaster Gates,theastergates,DFFC
Thed Björk,thedbjrk,DFFC
Thelma Estrin,thelmaestrin,DFFC
Themistocles Leftheris,themistoclesleftheris,DFFC
Themistocles M Rassias,themistoclesmrassias,DFFC
Theo Bongonda,theobongonda,DFFC
Theo Fleury,theofleury,Celeb
Theo Kogan,theokogan,DFFC
Theo Peckham,theopeckham,DFFC
Theo Rossi,theorossi,DFFC
Theo Walcott,theowalcott,Celeb
Theo Wharton,theowharton,DFFC
Theo de Raadt,theoderaadt,DFFC
Theo van Gogh,theovangogh,DFFC
Theodore Boronovskis,theodoreboronovskis,DFFC
Theofanis Gekas,theofanisgekas,DFFC
Theresa Russell,theresarussell,DFFC
Theresa Senff,theresasenff,DFFC
Theresa Wayman,theresawayman,DFFC
Therese Sjögran,theresesjgran,DFFC
Thiago Cruz Reggiani,thiagocruzreggiani,DFFC
Thiago Lacerda,thiagolacerda,DFFC
Thiago Medeiros,thiagomedeiros,DFFC
Thiago Motta,thiagomotta,DFFC
Thiare Casarez,thiarecasarez,DFFC
Thibaut Courtois,thibautcourtois,DFFC
Thierry Figueira,thierryfigueira,Celeb
Thierry Gouvenou,thierrygouvenou,DFFC
Thierry Henry,thierryhenry,Celeb
Thierry Marie,thierrymarie,DFFC
Thierry Marx,thierrymarx,DFFC
Thierry Peugeot,thierrypeugeot,DFFC
Thitipan Puangchan,thitipanpuangchan,DFFC
Thom Donovan,thomdonovan,DFFC
Thom Tuck,thomtuck,DFFC
Thomas A Bickle,thomasabickle,DFFC
Thomas Anders,thomasanders,Celeb
Thomas Azevedo,thomasazevedo,DFFC
Thomas Bjørn,thomasbjrn,DFFC
Thomas Bliss,thomasbliss,DFFC
Thomas Davis,thomasdavis,DFFC
Thomas DeCoud,thomasdecoud,DFFC
Thomas Dekker,thomasdekker,DFFC
Thomas Didillon,thomasdidillon,DFFC
Thomas Doll,thomasdoll,DFFC
Thomas E Ricks,thomasericks,DFFC
Thomas Eisfeld,thomaseisfeld,DFFC
Thomas Enevoldsen,thomasenevoldsen,DFFC
Thomas G Kelley,thomasgkelley,DFFC
Thomas Gafford,thomasgafford,DFFC
Thomas Gibson,thomasgibson,Celeb
Thomas Greiss,thomasgreiss,DFFC
Thomas Haden Church,thomashadenchurch,Celeb
Thomas Harris,thomasharris,DFFC
Thomas Hitzlsperger,thomashitzlsperger,DFFC
Thomas Hugues,thomashugues,DFFC
Thomas Ian Nicholas,thomasiannicholas,DFFC
"Thomas J Hudner, Jr",thomasjhudnerjr,DFFC
Thomas Jacobsen,thomasjacobsen,DFFC
Thomas Jäger,thomasjger,DFFC
Thomas Kraft,thomaskraft,DFFC
Thomas Krens,thomaskrens,DFFC
Thomas Kretschmann,thomaskretschmann,Celeb
Thomas Langmann,thomaslangmann,DFFC
Thomas Lennon,thomaslennon,DFFC
Thomas M Disch,thomasmdisch,DFFC
Thomas Mikusz,thomasmikusz,DFFC
Thomas Morstead,thomasmorstead,DFFC
Thomas Raymond Kwok,thomasraymondkwok,Celeb
Thomas Rohregger,thomasrohregger,DFFC
Thomas Sadoski,thomassadoski,DFFC
Thomas Savage,thomassavage,DFFC
Thomas Schaaf,thomasschaaf,DFFC
Thomas Schneider,thomasschneider,DFFC
Thomas Strunz,thomasstrunz,DFFC
Thomas Summers West,thomassummerswest,DFFC
Thomas Sørensen,thomassrensen,DFFC
Thomas Trueblood,thomastrueblood,DFFC
Thomas Willmore,thomaswillmore,DFFC
Thomaz Bellucci,thomazbellucci,Celeb
Thompkins Trey,thompkinstrey,Celeb
Thor Hansen,thorhansen,DFFC
Thora Birch,thorabirch,DFFC
Thore Scholermann,thorescholermann,Celeb
Thorgan Hazard,thorganhazard,DFFC
Thorne Webb Dreyer,thornewebbdreyer,DFFC
Thornton Willis,thorntonwillis,DFFC
Thulani Serero,thulaniserero,DFFC
Thurl Bailey,thurlbailey,DFFC
Thurman Thomas,thurmanthomas,DFFC
Thích Nhất Hạnh,thchnhthnh,DFFC
Tia Mowry-Hardrict,tiamowryhardrict,Celeb
Tiago Camilo,tiagocamilo,Celeb
Tiago Galvão da Silva,tiagogalvodasilva,DFFC
Tiago Monteiro,tiagomonteiro,DFFC
Tiago Ulisses,tiagoulisses,DFFC
Tian Pengfei,tianpengfei,DFFC
Tian Qing,tianqing,DFFC
Tibor Pleiß,tiborplei,DFFC
Tich,tich,DFFC
Tichina Arnold,tichinaarnold,Celeb
Ticia Gara,ticiagara,DFFC
Ticiane Pinheiro,ticianepinheiro,Celeb
Tico Torres,ticotorres,Celeb
Tidiane Sane,tidianesane,DFFC
Tie Ya Na,tieyana,DFFC
Tiesto,tiesto,Celeb
Tiffani Amber Thiessen,tiffaniamberthiessen,Celeb
Tiffany Darwish,tiffanydarwish,DFFC
Tiffany Dupont,tiffanydupont,Celeb
Tiffany Mulheron,tiffanymulheron,Celeb
Tiffany Porter,tiffanyporter,DFFC
Tiffany Thornton,tiffanythornton,DFFC
Tiffeny Milbrett,tiffenymilbrett,DFFC
Tift Merritt,tiftmerritt,DFFC
Tiger Fafara,tigerfafara,DFFC
Tiger JK,tigerjk,DFFC
Tiger Jeet Singh,tigerjeetsingh,DFFC
Tiger Shroff,tigershroff,DFFC
Tiger Smalls,tigersmalls,DFFC
Tiger Woods,tigerwoods,DFFC
Tigmanshu Dhulia,tigmanshudhulia,DFFC
Tigran Keosayan,tigrankeosayan,DFFC
Tiit Sokk,tiitsokk,DFFC
Tiiu Kuik,tiiukuik,Celeb
Tika Sumpter,tikasumpter,DFFC
Tiki Gelana,tikigelana,DFFC
Til Schweiger,tilschweiger,Celeb
Tila Tequila,tilatequila,DFFC
Tilak Ram Tharu,tilakramtharu,DFFC
Tilda Swinton,tildaswinton,DFFC
Tilky Jones,tilkyjones,DFFC
Till Lindemann,tilllindemann,Celeb
Tilly van der Zwaard,tillyvanderzwaard,DFFC
Tilman Fertitta,tilmanfertitta,Celeb
Tim Antalfy,timantalfy,DFFC
Tim Armstrong,timarmstrong,DFFC
Tim Baillie,timbaillie,Celeb
Tim Berkel,timberkel,DFFC
Tim Blanchard,timblanchard,DFFC
Tim Bogar,timbogar,DFFC
Tim Bogert,timbogert,DFFC
Tim Borowski,timborowski,DFFC
Tim Burton,timburton,DFFC
Tim Cafe,timcafe,DFFC
Tim Cahill,timcahill,DFFC
Tim Corcoran,timcorcoran,DFFC
Tim Daly,timdaly,DFFC
Tim Deasy,timdeasy,DFFC
Tim Dobbins,timdobbins,DFFC
Tim Erixon,timerixon,DFFC
Tim Farley,timfarley,DFFC
Tim Finn,timfinn,DFFC
"Tim George, Jr",timgeorgejr,DFFC
Tim Gunn,timgunn,Celeb
Tim Hamilton,timhamilton,DFFC
Tim Hardin,timhardin,DFFC
Tim Heidecker,timheidecker,DFFC
Tim Hoogland,timhoogland,DFFC
Tim Hunt,timhunt,DFFC
Tim Jitloff,timjitloff,DFFC
Tim Kelsey,timkelsey,DFFC
Tim Lewis,timlewis,DFFC
Tim Lincecum,timlincecum,Celeb
Tim Loden,timloden,Celeb
Tim Masthay,timmasthay,DFFC
Tim McClelland,timmcclelland,DFFC
Tim McGraw,timmcgraw,Celeb
Tim Mertens,timmertens,DFFC
Tim Miller,timmiller,DFFC
Tim Minear,timminear,DFFC
Tim Morehouse,timmorehouse,DFFC
Tim Mosley,timmosley,Celeb
Tim O'Reilly,timoreilly,DFFC
Tim Powers,timpowers,DFFC
Tim Pütz,timptz,DFFC
Tim Raines,timraines,DFFC
Tim Reid,timreid,DFFC
Tim Renwick,timrenwick,DFFC
Tim Rose,timrose,DFFC
Tim Roth,timroth,Celeb
Tim Rozon,timrozon,Celeb
Tim Russ,timruss,DFFC
Tim Russert,timrussert,DFFC
Tim Sale,timsale,DFFC
Tim Scanlan,timscanlan,DFFC
Tim Schafer,timschafer,DFFC
Tim Schendel,timschendel,DFFC
Tim Seaman,timseaman,DFFC
Tim Tebow,timtebow,Celeb
Tim Timmons,timtimmons,DFFC
Tim Urban,timurban,DFFC
Tim Vesely,timvesely,DFFC
Tim Vincent,timvincent,DFFC
Tim Wakefield,timwakefield,DFFC
Tim Ward,timward,DFFC
Tim Whitnall,timwhitnall,DFFC
Tim Wiese,timwiese,DFFC
Tim Willcox,timwillcox,DFFC
Timati,timati,Celeb
Timbaland,timbaland,Celeb
Timbuktu,timbuktu,DFFC
Timmy Duggan,timmyduggan,DFFC
Timmy Williams,timmywilliams,DFFC
Timo Boll,timoboll,DFFC
Timo Furuholm,timofuruholm,DFFC
Timo Glock,timoglock,DFFC
Timo Pieni Huijaus,timopienihuijaus,DFFC
Timo Rautiainen,timorautiainen,DFFC
Timo Scheider,timoscheider,DFFC
Timo Tolkki,timotolkki,DFFC
Timon Marshall,timonmarshall,DFFC
Timothy Dalton,timothydalton,Celeb
Timothy Goebel,timothygoebel,DFFC
Timothy Hutton,timothyhutton,Celeb
Timothy Olyphant,timothyolyphant,DFFC
Timothy Omundson,timothyomundson,DFFC
Timothy Spall,timothyspall,DFFC
Timur Safin,timursafin,DFFC
Tina Arena,tinaarena,Celeb
Tina Charles,tinacharles,Celeb
Tina Cousins,tinacousins,DFFC
Tina Flognman,tinaflognman,DFFC
Tina George,tinageorge,DFFC
Tina Louise,tinalouise,Celeb
Tina Majorino,tinamajorino,Celeb
Tina OBrien,tinaobrien,Celeb
Tina Stuerzinger,tinastuerzinger,DFFC
Tina Turner,tinaturner,DFFC
Tinchy Stryder,tinchystryder,DFFC
Tine Baun,tinebaun,DFFC
Tine Rustad Kristiansen,tinerustadkristiansen,DFFC
Tine Thing Helseth,tinethinghelseth,DFFC
Tinius Nagell-Erichsen,tiniusnagellerichsen,DFFC
Tino Martinez,tinomartinez,DFFC
Tinsley Mortimer,tinsleymortimer,Celeb
Tinto Brass,tintobrass,DFFC
Tiny Tim,tinytim,DFFC
Tipu Aziz,tipuaziz,DFFC
Tirunesh Dibaba,tiruneshdibaba,DFFC
Titiyo,titiyo,DFFC
Tito Jackson,titojackson,DFFC
Tito Ortiz,titoortiz,DFFC
Tito Santana,titosantana,DFFC
Titti Sjöblom,tittisjblom,DFFC
Tiya Sircar,tiyasircar,DFFC
Tiziano Ferro,tizianoferro,Celeb
Tiziano Magni,tizianomagni,Celeb
To Hon To,tohonto,DFFC
Tobe Hooper,tobehooper,DFFC
Tobey Maguire,tobeymaguire,Celeb
Tobias Eisenbauer,tobiaseisenbauer,DFFC
Tobias Enström,tobiasenstrm,DFFC
Tobias Kamke,tobiaskamke,DFFC
Tobias Levels,tobiaslevels,DFFC
Tobias Mikkelsen,tobiasmikkelsen,DFFC
Tobias Schadewaldt,tobiasschadewaldt,Celeb
Tobias Wolff,tobiaswolff,DFFC
Tobin Bell,tobinbell,DFFC
Tobin Esperance,tobinesperance,Celeb
Tobin Heath,tobinheath,DFFC
Toby Alderweireld,tobyalderweireld,DFFC
Toby Dawson,tobydawson,DFFC
Toby Hemingway,tobyhemingway,Celeb
Toby Jones,tobyjones,DFFC
Toby Kebbell,tobykebbell,DFFC
Toby Keith,tobykeith,DFFC
Toby Wilkins,tobywilkins,DFFC
Toby Young,tobyyoung,DFFC
Tod Howarth,todhowarth,DFFC
Todd Banfield,toddbanfield,DFFC
Todd Bentley,toddbentley,DFFC
Todd Bertuzzi,toddbertuzzi,DFFC
Todd Bridges,toddbridges,DFFC
Todd Brunson,toddbrunson,DFFC
Todd Collins,toddcollins,DFFC
Todd Edwards,toddedwards,DFFC
Todd Field,toddfield,DFFC
Todd Grisham,toddgrisham,DFFC
Todd Haberkorn,toddhaberkorn,DFFC
Todd Klein,toddklein,DFFC
Todd La Torre,toddlatorre,DFFC
Todd Lichti,toddlichti,DFFC
Todd Lodwick,toddlodwick,DFFC
Todd McClure,toddmcclure,DFFC
Todd Reirden,toddreirden,DFFC
Todd Rogers,toddrogers,DFFC
Todd Rundgren,toddrundgren,DFFC
Todd Thomas,toddthomas,DFFC
Todd Weiner,toddweiner,DFFC
Todor Timonov,todortimonov,DFFC
Tokushōryū Makoto,tokushrymakoto,DFFC
Tolga Zengin,tolgazengin,DFFC
Tolgahan Sayisman,tolgahansayisman,Celeb
Tom Albanese,tomalbanese,DFFC
Tom Aldred,tomaldred,DFFC
Tom Arnold,tomarnold,DFFC
Tom Bailey,tombailey,DFFC
Tom Ballard,tomballard,DFFC
Tom Berenger,tomberenger,DFFC
Tom Bergeron,tombergeron,Celeb
Tom Blomqvist,tomblomqvist,DFFC
Tom Bogs,tombogs,DFFC
Tom Boonen,tomboonen,DFFC
Tom Bosley,tombosley,Celeb
Tom Cavanagh,tomcavanagh,DFFC
Tom Chamberlain,tomchamberlain,DFFC
Tom Christiansen,tomchristiansen,DFFC
Tom Colicchio,tomcolicchio,Celeb
Tom Cooper,tomcooper,DFFC
Tom Coronel,tomcoronel,DFFC
Tom Craddock,tomcraddock,DFFC
Tom Daley,tomdaley,Celeb
Tom Danielson,tomdanielson,DFFC
Tom Dice,tomdice,DFFC
Tom Dillmann,tomdillmann,DFFC
Tom Elliott,tomelliott,DFFC
Tom Evans,tomevans,DFFC
Tom Felton,tomfelton,Celeb
Tom Flynn,tomflynn,DFFC
Tom Ford,tomford,DFFC
Tom Frager,tomfrager,DFFC
Tom Franklin,tomfranklin,DFFC
Tom Gilbert,tomgilbert,DFFC
Tom Gleeson,tomgleeson,DFFC
Tom Gores,tomgores,Celeb
Tom Goss,tomgoss,DFFC
Tom Green,tomgreen,DFFC
Tom Hamilton,tomhamilton,DFFC
Tom Hanks,tomhanks,DFFC
Tom Hollander,tomhollander,Celeb
Tom Høgli,tomhgli,DFFC
Tom Jackson,tomjackson,DFFC
Tom Johnson,tomjohnson,DFFC
Tom Kaulitz,tomkaulitz,Celeb
Tom Kristensen,tomkristensen,DFFC
Tom Landry,tomlandry,DFFC
Tom Leykis,tomleykis,DFFC
Tom Liwa,tomliwa,DFFC
Tom Lonergan,tomlonergan,DFFC
Tom Mack,tommack,DFFC
Tom Mastny,tommastny,DFFC
Tom Meeusen,tommeeusen,DFFC
Tom Mendoza,tommendoza,DFFC
Tom Mison,tommison,DFFC
Tom Newey,tomnewey,DFFC
Tom O'Sullivan,tomosullivan,DFFC
Tom Onslow-Cole,tomonslowcole,DFFC
Tom Parker Bowles,tomparkerbowles,DFFC
Tom Perrotta,tomperrotta,DFFC
Tom Persich,tompersich,DFFC
Tom Petty,tompetty,Celeb
Tom Peyer,tompeyer,DFFC
Tom Platt,tomplatt,DFFC
Tom Pryce,tompryce,DFFC
Tom Renney,tomrenney,DFFC
Tom Rosenthal,tomrosenthal,DFFC
Tom Schilling,tomschilling,DFFC
Tom Scholz,tomscholz,DFFC
Tom Seaver,tomseaver,DFFC
Tom Selleck,tomselleck,Celeb
Tom Shaw,tomshaw,DFFC
Tom Sizemore,tomsizemore,DFFC
Tom Stoppard,tomstoppard,DFFC
Tom Sturridge,tomsturridge,Celeb
Tom Sykes,tomsykes,DFFC
Tom Taiwo,tomtaiwo,DFFC
Tom Thayer,tomthayer,DFFC
Tom Tykwer,tomtykwer,DFFC
Tom Verducci,tomverducci,DFFC
Tom Waterhouse,tomwaterhouse,DFFC
Tom Watson,tomwatson,DFFC
Tom Webster,tomwebster,DFFC
Tom Welling,tomwelling,Celeb
Tom Whitehouse,tomwhitehouse,DFFC
Tom Wilhelmsen,tomwilhelmsen,DFFC
Tom Wilkinson,tomwilkinson,DFFC
Tom Wlaschiha,tomwlaschiha,DFFC
Tom Woodeshick,tomwoodeshick,DFFC
Tom Zakrajsek,tomzakrajsek,DFFC
Tom Zbikowski,tomzbikowski,DFFC
Tom-Jelte Slagter,tomjelteslagter,DFFC
Tomas Gustafson,tomasgustafson,DFFC
Tomas Milian,tomasmilian,DFFC
Tomas Venclova,tomasvenclova,DFFC
Tomas Young,tomasyoung,DFFC
Tomasz Bednarek,tomaszbednarek,DFFC
Tomasz Halicki,tomaszhalicki,DFFC
Tomasz Lipiński,tomaszlipiski,DFFC
Tomasz Majewski,tomaszmajewski,DFFC
Tomasz Marczyński,tomaszmarczyski,DFFC
Tomasz Mikołajczak,tomaszmikoajczak,DFFC
Tomasz Mrowka,tomaszmrowka,DFFC
Tomasz Rząsa,tomaszrzsa,DFFC
Tomer Or,tomeror,DFFC
Tomislav Dujmović,tomislavdujmovi,DFFC
Tomm Moore,tommmoore,DFFC
Tommaso Ciampa,tommasociampa,DFFC
Tommi Mäkinen,tommimkinen,DFFC
Tommie Hoban,tommiehoban,DFFC
Tommy Allsup,tommyallsup,DFFC
Tommy Amaker,tommyamaker,DFFC
Tommy Baldwin Jr,tommybaldwinjr,DFFC
Tommy Blacha,tommyblacha,DFFC
Tommy Bond,tommybond,DFFC
Tommy Brown,tommybrown,DFFC
Tommy Chong,tommychong,DFFC
Tommy Dassalo,tommydassalo,DFFC
Tommy Davidson,tommydavidson,DFFC
Tommy Dorsey,tommydorsey,Celeb
Tommy Fraser,tommyfraser,DFFC
Tommy Hill,tommyhill,DFFC
Tommy Ingebrigtsen,tommyingebrigtsen,DFFC
Tommy Joe Martins,tommyjoemartins,DFFC
Tommy John,tommyjohn,DFFC
Tommy Lee,tommylee,DFFC
Tommy Lee Jones,tommyleejones,Celeb
Tommy McLain,tommymclain,DFFC
Tommy Milner,tommymilner,DFFC
Tommy Mont,tommymont,DFFC
Tommy Moore,tommymoore,DFFC
Tommy Morrison,tommymorrison,DFFC
Tommy Mottola,tommymottola,Celeb
Tommy O'Connell,tommyoconnell,DFFC
Tommy Rich,tommyrich,DFFC
Tommy Robredo,tommyrobredo,DFFC
Tommy Spurr,tommyspurr,DFFC
Tommy Sugiarto,tommysugiarto,DFFC
Tommy Vance,tommyvance,DFFC
Tommy Wright,tommywright,DFFC
Tomo Milicevic,tomomilicevic,Celeb
Tomoaki Makino,tomoakimakino,DFFC
Tomohiro Ishii,tomohiroishii,DFFC
Tomohisa Yamashita,tomohisayamashita,Celeb
Toms Skujiņš,tomsskuji,DFFC
Tomás Rincón,tomsrincn,DFFC
Tomáš Enge,tomenge,DFFC
Tomáš Hanák,tomhank,DFFC
Tomáš Kaberle,tomkaberle,DFFC
Tomáš Kalas,tomkalas,DFFC
Tomáš Ujfaluši,tomujfalui,DFFC
Tomáš Verner,tomverner,DFFC
Toney Douglas,toneydouglas,DFFC
Toney Freeman,toneyfreeman,DFFC
Tong Jian,tongjian,DFFC
Tongo Doumbia,tongodoumbia,DFFC
Toni Braxton,tonibraxton,DFFC
Toni Collette,tonicollette,Celeb
Toni Garrn,tonigarrn,Celeb
Toni Kukoč,tonikuko,DFFC
Toni Santagata,tonisantagata,DFFC
Toni Tecuceanu,tonitecuceanu,DFFC
Tonia Sotiropoulou,toniasotiropoulou,Celeb
Tonny Brochmann,tonnybrochmann,DFFC
Tony Azevedo,tonyazevedo,Celeb
Tony Bergstrom,tonybergstrom,DFFC
Tony Blackburn,tonyblackburn,DFFC
Tony Bloom,tonybloom,DFFC
Tony Brown,tonybrown,DFFC
Tony Cadena,tonycadena,DFFC
Tony Carter,tonycarter,DFFC
Tony Cetinski,tonycetinski,DFFC
Tony Cloninger,tonycloninger,DFFC
Tony Compagno,tonycompagno,DFFC
Tony Corrente,tonycorrente,DFFC
Tony Danza,tonydanza,Celeb
Tony DiTerlizzi,tonyditerlizzi,DFFC
Tony Estanguet,tonyestanguet,Celeb
Tony Fiammetta,tonyfiammetta,DFFC
Tony Fomison,tonyfomison,DFFC
Tony Furtado,tonyfurtado,DFFC
Tony Gabriel,tonygabriel,DFFC
Tony Gardner,tonygardner,DFFC
Tony Gilkyson,tonygilkyson,DFFC
Tony Granato,tonygranato,DFFC
Tony Grosso,tonygrosso,DFFC
Tony Gwynn,tonygwynn,DFFC
Tony Hackworth,tonyhackworth,DFFC
Tony Hale,tonyhale,DFFC
Tony Hawk,tonyhawk,Celeb
Tony Hayward,tonyhayward,DFFC
Tony Hey,tonyhey,DFFC
Tony Hoare,tonyhoare,DFFC
Tony Hsieh,tonyhsieh,DFFC
Tony Hurel,tonyhurel,DFFC
Tony Jaa,tonyjaa,Celeb
Tony Jerod-Eddie,tonyjerodeddie,DFFC
Tony Kornheiser,tonykornheiser,DFFC
Tony Kushner,tonykushner,DFFC
Tony Law,tonylaw,DFFC
Tony Levin,tonylevin,DFFC
Tony Lochhead,tonylochhead,DFFC
Tony Mamaluke,tonymamaluke,DFFC
Tony Martin,tonymartin,DFFC
Tony Oliva,tonyoliva,DFFC
Tony Orchard,tonyorchard,DFFC
Tony Oxley,tonyoxley,DFFC
Tony Pulis,tonypulis,DFFC
Tony Reali,tonyreali,DFFC
Tony Renis,tonyrenis,DFFC
Tony Rominger,tonyrominger,DFFC
Tony Romo,tonyromo,DFFC
Tony Scheffler,tonyscheffler,DFFC
Tony Scott,tonyscott,DFFC
Tony Slattery,tonyslattery,Celeb
Tony Tarantino,tonytarantino,DFFC
Tony Tchani,tonytchani,DFFC
Tony Trischka,tonytrischka,DFFC
Tonya Cardoza,tonyacardoza,DFFC
Tonya Harding,tonyaharding,DFFC
Topher Grace,tophergrace,Celeb
Tor Nessling,tornessling,DFFC
Tora Augestad,toraaugestad,DFFC
Toranosuke Takagi,toranosuketakagi,DFFC
Torben Hoffmann,torbenhoffmann,DFFC
Tord Grip,tordgrip,DFFC
Torey Krug,toreykrug,DFFC
Tori Huster,torihuster,DFFC
Tori Pena,toripena,DFFC
Tori Spelling,torispelling,Celeb
Torii Hunter,toriihunter,DFFC
Tormod Hausken Jacobsen,tormodhauskenjacobsen,DFFC
Torrey DeVitto,torreydevitto,Celeb
Torrey Smith,torreysmith,DFFC
Torrie Wilson,torriewilson,Celeb
Torsten Frings,torstenfrings,DFFC
Toru Terasawa,toruterasawa,DFFC
Tory Burch,toryburch,DFFC
Tory Christman,torychristman,DFFC
Tory James,toryjames,DFFC
Tosh Van der Sande,toshvandersande,DFFC
Toshihiro Kaneishi,toshihirokaneishi,DFFC
Toto Tamuz,tototamuz,DFFC
Toumani Diabaté,toumanidiabat,DFFC
Toure' Murry,touremurry,DFFC
Tove Lo,tovelo,DFFC
Tove Styrke,tovestyrke,DFFC
Trace Adkins,traceadkins,Celeb
Trace Beaulieu,tracebeaulieu,DFFC
Tracey Emin,traceyemin,DFFC
Traci Bingham,tracibingham,Celeb
Traci Lords,tracilords,DFFC
Tracy Chapman,tracychapman,DFFC
Tracy Fullerton,tracyfullerton,DFFC
Tracy Hickman,tracyhickman,DFFC
Tracy K Smith,tracyksmith,DFFC
Tracy Letts,tracyletts,DFFC
Tracy McGrady,tracymcgrady,DFFC
Tracy Morgan,tracymorgan,Celeb
Tracy Reese,tracyreese,DFFC
Tracy Scoggins,tracyscoggins,DFFC
Trajan Langdon,trajanlangdon,DFFC
Tranquillo Barnetta,tranquillobarnetta,DFFC
Travie McCoy,traviemccoy,Celeb
Travis Barker,travisbarker,Celeb
Travis Cloke,traviscloke,DFFC
Travis Fimmel,travisfimmel,Celeb
Travis Hamonic,travishamonic,DFFC
Travis Johnson,travisjohnson,DFFC
Travis Johnstone,travisjohnstone,DFFC
Travis Kelce,traviskelce,DFFC
Travis Kvapil,traviskvapil,DFFC
Travis LaBoy,travislaboy,DFFC
Travis Lewis,travislewis,DFFC
Travis Lulay,travislulay,DFFC
Travis Meyer,travismeyer,DFFC
Travis Outlaw,travisoutlaw,DFFC
Travis Pastrana,travispastrana,DFFC
Travis Snider,travissnider,DFFC
Travis Stevens,travisstevens,Celeb
Travis Trice,travistrice,DFFC
Travis Tritt,travistritt,DFFC
Travis d'Arnaud,travisdarnaud,DFFC
Treat Williams,treatwilliams,Celeb
Trell Kimmons,trellkimmons,DFFC
Trent Cole,trentcole,DFFC
Trent Edwards,trentedwards,DFFC
Trent Lehman,trentlehman,DFFC
Trent Reznor,trentreznor,Celeb
Trent Sainsbury,trentsainsbury,DFFC
Trent Williams,trentwilliams,DFFC
Treveon Graham,treveongraham,DFFC
Trevor Benjamin,trevorbenjamin,DFFC
Trevor Blackwell,trevorblackwell,DFFC
Trevor Bolder,trevorbolder,DFFC
Trevor Donovan,trevordonovan,Celeb
Trevor Haworth,trevorhaworth,DFFC
Trevor Hoffman,trevorhoffman,DFFC
Trevor Jackson,trevorjackson,Celeb
Trevor Marmalade,trevormarmalade,DFFC
Trevor McDonald,trevormcdonald,DFFC
Trevor Moore,trevormoore,DFFC
Trevor Rosenthal,trevorrosenthal,DFFC
Trevor Scott,trevorscott,DFFC
Trevor Williams,trevorwilliams,DFFC
Trey Anastasio,treyanastasio,Celeb
Trey Burke,treyburke,DFFC
Trey Gunn,treygunn,DFFC
Trey Hillman,treyhillman,DFFC
Trey Parker,treyparker,DFFC
Trey Songz,treysongz,Celeb
Tricia Devereaux,triciadevereaux,DFFC
Tricia Helfer,triciahelfer,Celeb
Trijntje Oosterhuis,trijntjeoosterhuis,DFFC
Trindon Holliday,trindonholliday,DFFC
Trinidad James,trinidadjames,DFFC
Trip Hawkins,triphawkins,DFFC
Triple H,tripleh,DFFC
Tris Imboden,trisimboden,DFFC
Trish Goff,trishgoff,Celeb
Trish Stratus,trishstratus,Celeb
Trisha,trisha,DFFC
Trisha Goddard,trishagoddard,DFFC
Trisha Yearwood,trishayearwood,Celeb
Trishelle Cannatella,trishellecannatella,Celeb
Tristan Davis,tristandavis,DFFC
Tristan Knowles,tristanknowles,DFFC
Tristan Thompson,tristanthompson,DFFC
Tristan Vautier,tristanvautier,DFFC
Tristan Wilds,tristanwilds,Celeb
Tristin Mays,tristinmays,DFFC
Trixi Schuba,trixischuba,DFFC
Trixie Whitley,trixiewhitley,DFFC
Troicki Viktor,troickiviktor,Celeb
Troy Baker,troybaker,DFFC
Troy Beyer,troybeyer,Celeb
Troy Donahue,troydonahue,Celeb
Troy Dorsey,troydorsey,DFFC
Troy Gentile,troygentile,DFFC
Troy Niklas,troyniklas,DFFC
Trudie Styler,trudiestyler,DFFC
Truth Martini,truthmartini,DFFC
Trystan Magnuson,trystanmagnuson,DFFC
Trần Thị Thùy Dung,trnththydung,DFFC
Tsai Chin,tsaichin,DFFC
Tsai Ming-liang,tsaimingliang,DFFC
Tsang Kam To,tsangkamto,DFFC
Tsegaye Kebede,tsegayekebede,DFFC
Tsimafei Kalachou,tsimafeikalachou,DFFC
Tsubasa Kuragaki,tsubasakuragaki,DFFC
Tsunekazu Takeda,tsunekazutakeda,DFFC
Tsurenko Lesia,tsurenkolesia,Celeb
Tsutomu Ohshima,tsutomuohshima,DFFC
Tuan Le,tuanle,DFFC
Tuba unsal,tubaunsal,Celeb
Tucker Carlson,tuckercarlson,DFFC
Tudor Arghezi,tudorarghezi,DFFC
Tugce Kazaz,tugcekazaz,Celeb
Tuija Hyyrynen,tuijahyyrynen,DFFC
Tulisa,tulisa,DFFC
Tullio Pinelli,tulliopinelli,DFFC
Tully Blanchard,tullyblanchard,DFFC
Tuomas Haapala,tuomashaapala,DFFC
Tuomo Ruutu,tuomoruutu,DFFC
Tupac Shakur,tupacshakur,Celeb
Turi Ferro,turiferro,DFFC
Turner Evan,turnerevan,Celeb
Tushar Gandhi,tushargandhi,DFFC
Tuts Washington,tutswashington,DFFC
Tuva Novotny,tuvanovotny,Celeb
Tuva Syvertsen,tuvasyvertsen,DFFC
Twiggy,twiggy,DFFC
Twinkle Khanna,twinklekhanna,Celeb
Twyla Tharp,twylatharp,DFFC
Txillardegi,txillardegi,DFFC
Ty Burrell,tyburrell,Celeb
Ty Herndon,tyherndon,DFFC
Ty Olsson,tyolsson,Celeb
Ty Pennington,typennington,Celeb
Ty Tabor,tytabor,DFFC
Tyga,tyga,DFFC
Tyger Drew-Honey,tygerdrewhoney,DFFC
Tyler Boyd,tylerboyd,DFFC
Tyler Christopher,tylerchristopher,Celeb
Tyler Ennis,tylerennis,DFFC
Tyler Glenn,tylerglenn,DFFC
Tyler Hansbrough,tylerhansbrough,DFFC
Tyler Hilton,tylerhilton,Celeb
Tyler Jeremy,tylerjeremy,Celeb
Tyler Labine,tylerlabine,DFFC
Tyler Lorenzen,tylerlorenzen,DFFC
Tyler Moore,tylermoore,DFFC
Tyler Perry,tylerperry,Celeb
Tyler Pitlick,tylerpitlick,DFFC
Tyler Posey,tylerposey,Celeb
Tyler Seguin,tylerseguin,DFFC
Tyler Shields,tylershields,DFFC
Tyler Small,tylersmall,Celeb
Tyler Starr,tylerstarr,DFFC
Tyler Stewart,tylerstewart,DFFC
Tyler Telle Smith,tylertellesmith,DFFC
Tyler Thigpen,tylerthigpen,DFFC
Tyler Ulis,tylerulis,DFFC
Tyler Yates,tyleryates,DFFC
Tymee,tymee,DFFC
Tymerlan Huseynov,tymerlanhuseynov,DFFC
Tyne Daly,tynedaly,Celeb
Tyra Banks,tyrabanks,DFFC
Tyra Misoux,tyramisoux,DFFC
Tyrese Gibson,tyresegibson,DFFC
Tyrese Rice,tyreserice,DFFC
Tyrone G Martin,tyronegmartin,DFFC
Tyrone Marshall,tyronemarshall,DFFC
Tyrone Mings,tyronemings,DFFC
Tyronn Lue,tyronnlue,DFFC
Tyronne Green,tyronnegreen,DFFC
Tyrus Thomas,tyrusthomas,DFFC
Tyshawn Sorey,tyshawnsorey,DFFC
Tyson Alualu,tysonalualu,DFFC
Tyson Chandler,tysonchandler,DFFC
Tyson Dux,tysondux,DFFC
Tyson Gay,tysongay,Celeb
Tyus Edney,tyusedney,DFFC
Tyvon Branch,tyvonbranch,DFFC
Tzvetelina Yanchulova,tzvetelinayanchulova,DFFC
Téa Leoni,taleoni,DFFC
Tété,tt,DFFC
Tóc Tiên,tctin,DFFC
Tăng Thanh Hà,tngthanhh,DFFC
U-God,ugod,DFFC
UCast,ucast,DFFC
Uasila'a Heleta,uasilaaheleta,DFFC
Uberto Pasolini,ubertopasolini,DFFC
Ubolratana Rajakanya,ubolratanarajakanya,DFFC
Uday Chopra,udaychopra,DFFC
Uday Kotak,udaykotak,Celeb
Udo Bölts,udoblts,DFFC
Ueli Steck,uelisteck,DFFC
Uffie,uffie,Celeb
Ufuk Ceylan,ufukceylan,DFFC
Ufuk Sarıca,ufuksarca,DFFC
Uga Okpara,ugaokpara,DFFC
Ukamaka Olisakwe,ukamakaolisakwe,DFFC
Ulan Konysbayev,ulankonysbayev,DFFC
Uli Stielike,ulistielike,DFFC
Ulla Jones,ullajones,DFFC
Ulla Zirne,ullazirne,DFFC
Ulrik Neumann,ulrikneumann,DFFC
UltraMantis Black,ultramantisblack,DFFC
Uma Thurman,umathurman,DFFC
Umaga,umaga,DFFC
Umberto Eco,umbertoeco,DFFC
Umesh Yadav,umeshyadav,DFFC
Umut Bulut,umutbulut,DFFC
Una Healy,unahealy,DFFC
Una Merkel,unamerkel,Celeb
Una Morris,unamorris,DFFC
Unai Osa,unaiosa,DFFC
Uncle Kracker,unclekracker,DFFC
Unkle Nancy,unklenancy,DFFC
Unni Mukundan,unnimukundan,Celeb
Unoosha,unoosha,DFFC
Urassaya Sperbund,urassayasperbund,DFFC
Uri Fink,urifink,DFFC
Urige Buta,urigebuta,DFFC
Urmas Tartes,urmastartes,DFFC
Uroš Lučić,urolui,DFFC
Uroš Nikolić,uronikoli,DFFC
Urs A Meyer,ursameyer,DFFC
Urs Bühler,ursbhler,DFFC
Ursula Andress,ursulaandress,Celeb
Ursula Burns,ursulaburns,Celeb
Ursula Mayes,ursulamayes,Celeb
Ursula Meier,ursulameier,DFFC
Urszula Radwańska,urszularadwaska,DFFC
Urša Pintar,urapintar,DFFC
Usain Bolt,usainbolt,DFFC
Usama Young,usamayoung,DFFC
Uschi Obermaier,uschiobermaier,Celeb
User talk:Don ayo,usertalkdonayo,DFFC
User talk:KIRAN SUBHASH KHARAT,usertalkkiransubhashkharat,DFFC
User talk:Mgeoffrey/sandbox,usertalkmgeoffreysandbox,DFFC
User talk:RocketMan24,usertalkrocketman24,DFFC
User:Aliaabhatt,useraliaabhatt,DFFC
User:Amika Shail,useramikashail,DFFC
User:Anasahmadkhan007,useranasahmadkhan007,DFFC
User:Atban3000/sandbox/Joey Barton,useratban3000sandboxjoeybarton,DFFC
User:Atulkrmisra/sandbox,useratulkrmisrasandbox,DFFC
User:Avenue 51/Michael Jackson,useravenue51michaeljackson,DFFC
User:Bill william compton/Mary Kom,userbillwilliamcomptonmarykom,DFFC
User:CarmenChu1/sandbox,usercarmenchu1sandbox,DFFC
User:CesareAngelotti/sandbox0,usercesareangelottisandbox0,DFFC
User:Coda-fy/sandbox,usercodafysandbox,DFFC
User:Colette work/Freaky Clown,usercoletteworkfreakyclown,DFFC
User:Cooldude7787/Sandbox,usercooldude7787sandbox,DFFC
User:DONDO/sandbox,userdondosandbox,DFFC
User:Dheerajbhatkm/sandbox,userdheerajbhatkmsandbox,DFFC
User:Emirotheshakes,useremirotheshakes,DFFC
User:Epicurus78/Emery Emery,userepicurus78emeryemery,DFFC
User:EtienneDolet/Homer Lafian,useretiennedolethomerlafian,DFFC
User:Flissjagger/sandbox,userflissjaggersandbox,DFFC
User:GDubuc,usergdubuc,DFFC
User:Gabinho/Sandbox/Tennis stuff/Diana Buzean,usergabinhosandboxtennisstuffdianabuzean,DFFC
User:Gabinho/Sandbox/Tennis stuff/Laura-Ioana Andrei,usergabinhosandboxtennisstufflauraioanaandrei,DFFC
User:Geddirala sanjeevarayudu,usergeddiralasanjeevarayudu,DFFC
User:Gozel/kobe,usergozelkobe,DFFC
User:Huligan0/Mohamed Elneny,userhuligan0mohamedelneny,DFFC
User:Jamekae/sandbox,userjamekaesandbox,DFFC
User:Jaynelly66/sandbox,userjaynelly66sandbox,DFFC
User:Johnaemeth/sandbox,userjohnaemethsandbox,DFFC
User:JonPoley/Henry,userjonpoleyhenry,DFFC
User:Khamar/Draft article on Jerry Coyne,userkhamardraftarticleonjerrycoyne,DFFC
User:KuNsT716/sandbox,userkunst716sandbox,DFFC
User:Laurencarr24/caroltavris,userlaurencarr24caroltavris,DFFC
User:Lee A Christie/Penn Jillette,userleeachristiepennjillette,DFFC
User:Lincolnchan98/Sandbox,userlincolnchan98sandbox,DFFC
User:MAHESH BABU ILEANA D'CRUZ,usermaheshbabuileanadcruz,DFFC
User:Michael Dorfman,usermichaeldorfman,DFFC
User:Migrations~enwiki/Leo Igwe,usermigrationsenwikileoigwe,DFFC
User:Miss X-Factor/Samantha Jade,usermissxfactorsamanthajade,DFFC
User:Monroe St Charles,usermonroestcharles,DFFC
User:NinjaDX562/sandbox,userninjadx562sandbox,DFFC
User:Raja Hashan Laskar/sandbox,userrajahashanlaskarsandbox,DFFC
User:RobBertholf/sandbox,userrobbertholfsandbox,DFFC
User:Rogerreynolds/sandbox,userrogerreynoldssandbox,DFFC
User:Rpnpbr/sandbox,userrpnpbrsandbox,DFFC
User:SSEEGGilbert/Dan Ariely,usersseeggilbertdanariely,DFFC
User:STRAG TENNYSON,userstragtennyson,DFFC
User:Sachin dubey varanasi,usersachindubeyvaranasi,DFFC
User:Sajukiju,usersajukiju,DFFC
User:Sajukiju/sandbox,usersajukijusandbox,DFFC
User:Sgerbic/Tom Flynn,usersgerbictomflynn,DFFC
User:Shettena/sandbox,usershettenasandbox,DFFC
User:Shlomif/Tom Christiansen,usershlomiftomchristiansen,DFFC
User:Siddhant Agrahari,usersiddhantagrahari,DFFC
User:Skeletonl234/sandbox,userskeletonl234sandbox,DFFC
User:Soundwaweserb/sandbox,usersoundwaweserbsandbox,DFFC
User:Spiros Kalogiannis/Harry Varthakouris,userspiroskalogiannisharryvarthakouris,DFFC
User:ThatBrownLady/sandbox,userthatbrownladysandbox,DFFC
User:Tiller54/Music career of Christopher Lee,usertiller54musiccareerofchristopherlee,DFFC
User:WWB Too/Domonique Foxworth,userwwbtoodomoniquefoxworth,DFFC
User:Wd497311/sandbox,userwd497311sandbox,DFFC
User:Wisconsin dormouse/Mary Hood,userwisconsindormousemaryhood,DFFC
User:Yesiamhe/sandbox,useryesiamhesandbox,DFFC
User:Zaidkhan5426,userzaidkhan5426,DFFC
Usher,usher,Celeb
Uwe Seeler,uweseeler,DFFC
Uwe Timm,uwetimm,DFFC
Uyên Linh,uynlinh,DFFC
Uğur Demirok,uurdemirok,DFFC
Uğur Yücel,uurycel,DFFC
Uģis Prauliņš,uisprauli,DFFC
V Trygve Jordahl,vtrygvejordahl,DFFC
V V Brown,vvbrown,DFFC
Vaani Kapoor,vaanikapoor,DFFC
Vadim Demidov,vadimdemidov,DFFC
Vadim Selyukin,vadimselyukin,DFFC
Vadim Steklov,vadimsteklov,DFFC
Vadim Tarasov,vadimtarasov,DFFC
Vadims Vasiļevskis,vadimsvasievskis,DFFC
Vadzim Makhneu,vadzimmakhneu,DFFC
Vagif Javadov,vagifjavadov,DFFC
Vahide Gordum,vahidegordum,Celeb
Vahina Giocante,vahinagiocante,Celeb
Vail Bloom,vailbloom,Celeb
Vakhtang Kapanadze,vakhtangkapanadze,DFFC
Val Kilmer,valkilmer,DFFC
Valary Sanders,valarysanders,Celeb
Valdet Rama,valdetrama,DFFC
Valentijn Lietmeijer,valentijnlietmeijer,DFFC
Valentin Filatov,valentinfilatov,DFFC
Valentina Kozlovskaya,valentinakozlovskaya,DFFC
Valentina Liguori,valentinaliguori,Celeb
Valentina Savchenkova,valentinasavchenkova,DFFC
Valentina Telichkina,valentinatelichkina,Celeb
Valentina Tereshkova,valentinatereshkova,DFFC
Valentina Zeliaeva,valentinazeliaeva,Celeb
Valentino Garavani,valentinogaravani,Celeb
Valeri Bojinov,valeribojinov,DFFC
Valeri Dolinin,valeridolinin,DFFC
Valeri Kamensky,valerikamensky,DFFC
Valeria Kleiner,valeriakleiner,DFFC
Valeria Kudryavtseva,valeriakudryavtseva,DFFC
Valeria Mazza,valeriamazza,Celeb
Valeria Patiuk,valeriapatiuk,DFFC
Valeria Solarino,valeriasolarino,Celeb
Valeria Zenkova,valeriazenkova,DFFC
Valerie Azlynn,valerieazlynn,DFFC
Valerie Bertinelli,valeriebertinelli,Celeb
Valerie French,valeriefrench,DFFC
Valerie Harper,valerieharper,DFFC
Valerija Kelava,valerijakelava,Celeb
Valerio Aspromonte,valerioaspromonte,DFFC
Valerio Evangelisti,valerioevangelisti,DFFC
Valerio Fiori,valeriofiori,DFFC
Valerio Verre,valerioverre,DFFC
Valery Chaplygin,valerychaplygin,DFFC
Valery Kichin,valerykichin,DFFC
Valeska Saab,valeskasaab,DFFC
Valon Behrami,valonbehrami,DFFC
Valérie Benguigui,valriebenguigui,DFFC
Valérie Kaprisky,valriekaprisky,DFFC
Valérie Marcoux,valriemarcoux,DFFC
Valérie Sajdik,valriesajdik,DFFC
Van C Mow,vancmow,DFFC
Van Hammer,vanhammer,DFFC
Van Hansis,vanhansis,Celeb
Van Heflin,vanheflin,Celeb
Van Hunt,vanhunt,DFFC
Van Johnson,vanjohnson,Celeb
Van Morrison,vanmorrison,DFFC
Vance Joy,vancejoy,DFFC
Vance Martin,vancemartin,DFFC
Vandeweghe Coco,vandeweghecoco,Celeb
Vanesa Gonzalez,vanesagonzalez,Celeb
Vanessa Angel,vanessaangel,DFFC
Vanessa Axente,vanessaaxente,Celeb
Vanessa Blouin,vanessablouin,Celeb
Vanessa Boslak,vanessaboslak,DFFC
Vanessa Carlton,vanessacarlton,Celeb
Vanessa Claudio,vanessaclaudio,Celeb
Vanessa Crone,vanessacrone,DFFC
Vanessa Cruz,vanessacruz,Celeb
Vanessa Fonseca,vanessafonseca,Celeb
Vanessa Hegelmaier,vanessahegelmaier,Celeb
Vanessa Hessler,vanessahessler,Celeb
Vanessa Hudgens,vanessahudgens,DFFC
Vanessa James,vanessajames,DFFC
Vanessa Kerry,vanessakerry,DFFC
Vanessa L Williams,vanessalwilliams,DFFC
Vanessa Lachey,vanessalachey,Celeb
Vanessa Lam,vanessalam,DFFC
Vanessa Lóes,vanessales,DFFC
Vanessa Mae,vanessamae,Celeb
Vanessa Marshall,vanessamarshall,DFFC
Vanessa Paradis,vanessaparadis,Celeb
Vanessa Perroncel,vanessaperroncel,Celeb
Vanessa Petruo,vanessapetruo,DFFC
Vanessa Redgrave,vanessaredgrave,DFFC
Vanessa Simmons,vanessasimmons,Celeb
Vanessa Villela,vanessavillela,Celeb
Vanessa White,vanessawhite,Celeb
Vanessa Zima,vanessazima,Celeb
Vani Hari,vanihari,DFFC
Vaniity,vaniity,DFFC
Vanity,vanity,Celeb
Vanna Bonta,vannabonta,Celeb
Vanna White,vannawhite,Celeb
Vano Yantbelidze,vanoyantbelidze,DFFC
Vardan Petrosyan,vardanpetrosyan,DFFC
Varsha Usgaonkar,varshausgaonkar,DFFC
Varun Dhawan,varundhawan,Celeb
Varuzhan Akobian,varuzhanakobian,DFFC
Varvara Lepchenko,varvaralepchenko,DFFC
Varvara Zubova,varvarazubova,DFFC
Vasili Berezutski,vasiliberezutski,DFFC
Vasili Kulkov,vasilikulkov,DFFC
Vasiliki Tsirogianni,vasilikitsirogianni,Celeb
Vasilios Kotronias,vasilioskotronias,DFFC
Vasiliy Stepanov,vasiliystepanov,Celeb
Vasily Shumov,vasilyshumov,DFFC
Vasily Varlakov,vasilyvarlakov,DFFC
Vasja Bajc,vasjabajc,DFFC
Vassil Evtimov,vassilevtimov,DFFC
Vassiliki Vougiouka,vassilikivougiouka,DFFC
Vasyl Kobin,vasylkobin,DFFC
Vaughan Jones,vaughanjones,DFFC
Vaughn Chipeur,vaughnchipeur,DFFC
Vedran Smailović,vedransmailovi,DFFC
Vedran Ćorluka,vedranorluka,DFFC
Veerle Dejaeghere,veerledejaeghere,DFFC
Vegar Eggen Hedenstad,vegareggenhedenstad,DFFC
Velvet Sky,velvetsky,DFFC
Vendela Kirsebom Thomessen,vendelakirsebomthomessen,Celeb
Veniamin Reshetnikov,veniaminreshetnikov,DFFC
Venus Palermo,venuspalermo,DFFC
Vera Bazarova,verabazarova,DFFC
Vera Begić,verabegi,DFFC
Vera Lewis,veralewis,DFFC
Vera Zvonareva,verazvonareva,Celeb
Vera-Ellen,veraellen,Celeb
Verdasco Fernando,verdascofernando,Celeb
Verdine White,verdinewhite,DFFC
Verena Aschauer,verenaaschauer,DFFC
Verena Faißt,verenafait,DFFC
Verena Sailer,verenasailer,DFFC
Verena Stuffer,verenastuffer,DFFC
Verena Wriedt,verenawriedt,Celeb
Verity Lambert,veritylambert,DFFC
Vernon Davis,vernondavis,Celeb
Vernon Philander,vernonphilander,DFFC
Vernon Small,vernonsmall,DFFC
Verona Pooth,veronapooth,Celeb
Veronica Bonilla,veronicabonilla,DFFC
Veronica Ferres,veronicaferres,DFFC
Veronica Rayne,veronicarayne,DFFC
Veronica Roth,veronicaroth,DFFC
Veronica Varekova,veronicavarekova,Celeb
Veronika Bauer,veronikabauer,DFFC
Veronique Labonte,veroniquelabonte,DFFC
Veruschka von Lehndorff,veruschkavonlehndorff,Celeb
Verónica Boquete,vernicaboquete,DFFC
Verónica Sánchez,vernicasnchez,DFFC
Vesna Fabjan,vesnafabjan,DFFC
Vestal Goodman,vestalgoodman,DFFC
Vi Redd,viredd,DFFC
Viacheslav Fetisov,viacheslavfetisov,DFFC
Viacheslav Kravtsov,viacheslavkravtsov,DFFC
Vic Elford,vicelford,DFFC
Vic Galloway,vicgalloway,DFFC
Vic Mensa,vicmensa,DFFC
Vic Raschi,vicraschi,DFFC
Vica Kerekes,vicakerekes,Celeb
Vicente Guaita,vicenteguaita,DFFC
Vicki Brown,vickibrown,DFFC
Vicki Butler-Henderson,vickibutlerhenderson,Celeb
Vicki Chase,vickichase,DFFC
Vicki Michelle,vickimichelle,DFFC
Vicki Whitelaw,vickiwhitelaw,DFFC
Vickie Guerrero,vickieguerrero,DFFC
Vickiel Vaughn,vickielvaughn,DFFC
Vicky Andren,vickyandren,Celeb
Vicky Hurst,vickyhurst,DFFC
Vicky Kaya,vickykaya,Celeb
Vicky Piria,vickypiria,DFFC
Vicky Vette,vickyvette,DFFC
Victin Ryan,victinryan,DFFC
Victor Ciocâltea,victorciocltea,DFFC
Victor Edelstein,victoredelstein,DFFC
Victor Forsythe,victorforsythe,DFFC
Victor Hedman,victorhedman,DFFC
Victor Khryapa,victorkhryapa,DFFC
Victor Mature,victormature,Celeb
Victor Obinna,victorobinna,DFFC
Victor Oreskovich,victororeskovich,DFFC
Victor Ortiz,victorortiz,DFFC
Victor Pinchuk,victorpinchuk,Celeb
Victor Ramdin,victorramdin,DFFC
Victor Roache,victorroache,DFFC
Victor Salva,victorsalva,DFFC
Victor Skumin,victorskumin,DFFC
Victor Terrazas,victorterrazas,DFFC
Victor Villaseñor,victorvillaseor,DFFC
Victor Webster,victorwebster,Celeb
Victor Williams,victorwilliams,DFFC
Victoria Atkin,victoriaatkin,DFFC
Victoria Beckham,victoriabeckham,DFFC
Victoria Crawford,victoriacrawford,Celeb
Victoria Derbyshire,victoriaderbyshire,DFFC
Victoria Duffy,victoriaduffy,Celeb
Victoria Justice,victoriajustice,Celeb
Victoria Larrière,victorialarrire,DFFC
Victoria Moore,victoriamoore,Celeb
Victoria Padial,victoriapadial,DFFC
Victoria Paris,victoriaparis,DFFC
Victoria Pendergast,victoriapendergast,DFFC
Victoria Pendleton,victoriapendleton,DFFC
Victoria Pratt,victoriapratt,Celeb
Victoria Principal,victoriaprincipal,Celeb
Victoria Recaño,victoriarecao,DFFC
Victoria Reggie Kennedy,victoriareggiekennedy,DFFC
Victoria Silvstedt,victoriasilvstedt,DFFC
Victoria Summer,victoriasummer,Celeb
Victoria Tennant,victoriatennant,DFFC
Victoria Williams,victoriawilliams,DFFC
Victorias Secret,victoriassecret,Celeb
Vid Belec,vidbelec,DFFC
Vida Guerra,vidaguerra,Celeb
Vidal Hazelton,vidalhazelton,DFFC
Vidi Aldiano,vidialdiano,Celeb
Vidya Balan,vidyabalan,DFFC
Vidya Malvade,vidyamalvade,DFFC
Vidyut Jamwal,vidyutjamwal,DFFC
Vieirinha,vieirinha,DFFC
Vienna Girardi,viennagirardi,Celeb
Viggo Mortensen,viggomortensen,Celeb
Vijay Govindarajan,vijaygovindarajan,DFFC
Vijay Patkar,vijaypatkar,DFFC
Vijay Raaz,vijayraaz,Celeb
Vijay Shankar,vijayshankar,DFFC
Viju Khote,vijukhote,DFFC
Vik Muniz,vikmuniz,DFFC
Vikas Khanna,vikaskhanna,DFFC
Vikki Blows,vikkiblows,Celeb
Vikki Dougan,vikkidougan,Celeb
Vikram,vikram,Celeb
Vikram Pandit,vikrampandit,DFFC
Vikram Singh,vikramsingh,DFFC
Vikramaditya Motwane,vikramadityamotwane,DFFC
Viktor Alexandrov,viktoralexandrov,DFFC
Viktor Frisk,viktorfrisk,DFFC
Viktor Kravchenko,viktorkravchenko,DFFC
Viktor Lazlo,viktorlazlo,DFFC
Viktor Maslov,viktormaslov,DFFC
Viktor Onopko,viktoronopko,DFFC
Viktor Petrenko,viktorpetrenko,DFFC
Viktor Troicki,viktortroicki,DFFC
Viktoria Kavaliova,viktoriakavaliova,DFFC
Viktoria Rebensburg,viktoriarebensburg,DFFC
Viktoria Volchkova,viktoriavolchkova,DFFC
Viktoriya Sosonkina,viktoriyasosonkina,Celeb
Viktoriya Tolstoganova,viktoriyatolstoganova,DFFC
Viktoriya Tomova,viktoriyatomova,DFFC
Vildan Atasever,vildanatasever,Celeb
Vilija Matačiūnaitė,vilijamatainait,DFFC
Ville Lajunen,villelajunen,DFFC
Ville Valo,villevalo,Celeb
Vilma Banky,vilmabanky,Celeb
Vilma Santos,vilmasantos,Celeb
Vin Scully,vinscully,DFFC
Vince Alascia,vincealascia,DFFC
Vince Ferragamo,vinceferragamo,DFFC
Vince Gibson,vincegibson,DFFC
Vince Lia,vincelia,DFFC
Vince Melouney,vincemelouney,Celeb
Vince Neil,vinceneil,Celeb
Vince Offer,vinceoffer,DFFC
Vince Russo,vincerusso,DFFC
Vince Vaughn,vincevaughn,DFFC
Vince Vouyer,vincevouyer,DFFC
Vincent Aboubakar,vincentaboubakar,DFFC
Vincent Candela,vincentcandela,DFFC
Vincent Caso,vincentcaso,DFFC
Vincent Casse,vincentcasse,DFFC
Vincent Cassel,vincentcassel,DFFC
Vincent Connare,vincentconnare,DFFC
Vincent DOnofrio,vincentdonofrio,Celeb
Vincent De Paul,vincentdepaul,DFFC
Vincent Elbaz,vincentelbaz,DFFC
Vincent Enyeama,vincentenyeama,DFFC
Vincent Hancock,vincenthancock,DFFC
Vincent Hughes,vincenthughes,DFFC
Vincent Jackson,vincentjackson,DFFC
Vincent Jérôme,vincentjrme,DFFC
Vincent Kartheiser,vincentkartheiser,Celeb
Vincent Klink,vincentklink,DFFC
Vincent Martella,vincentmartella,DFFC
Vincent Moon,vincentmoon,DFFC
Vincent Nguyen,vincentnguyen,DFFC
Vincent Perez,vincentperez,Celeb
Vincent Price,vincentprice,Celeb
Vincent Schiavelli,vincentschiavelli,DFFC
Vincent Trocheck,vincenttrocheck,DFFC
Vincenza Sicari,vincenzasicari,DFFC
Vincenzo Montella,vincenzomontella,DFFC
Vincenzo Nibali,vincenzonibali,DFFC
Vinci Roberta,vinciroberta,Celeb
Vinessa Shaw,vinessashaw,Celeb
Ving Rhames,vingrhames,Celeb
Vinnie Dombroski,vinniedombroski,DFFC
Vinnie Kilduff,vinniekilduff,DFFC
Vinnie Yablonski,vinnieyablonski,DFFC
Vinny Del Negro,vinnydelnegro,DFFC
Vinny Guadagnino,vinnyguadagnino,Celeb
Vinny Paz,vinnypaz,DFFC
Vinny Testaverde,vinnytestaverde,DFFC
Vinod Khanna,vinodkhanna,DFFC
Vinod Rai,vinodrai,DFFC
Vinston Painter,vinstonpainter,DFFC
Vint Cerf,vintcerf,DFFC
Viola Dana,violadana,Celeb
Violante Placido,violanteplacido,Celeb
Violeta Ayala,violetaayala,DFFC
Violeta Urtizberea,violetaurtizberea,Celeb
Virgil Green,virgilgreen,DFFC
Virgil Griffith,virgilgriffith,DFFC
"Virgil L Hill, Jr",virgillhilljr,DFFC
Virgil Nemoianu,virgilnemoianu,DFFC
Virginia Bruce,virginiabruce,Celeb
Virginia Grey,virginiagrey,Celeb
Virginia Heinlein,virginiaheinlein,DFFC
Virginia Leith,virginialeith,Celeb
Virginia Mayo,virginiamayo,Celeb
Virginia Stroud,virginiastroud,DFFC
Virginia Williams,virginiawilliams,Celeb
Virginie Dedieu,virginiededieu,DFFC
Virginie Efira,virginieefira,Celeb
Virginie Ledoyen,virginieledoyen,DFFC
Virginie Razzano,virginierazzano,DFFC
Virna Lisi,virnalisi,DFFC
Virpi Sarasvuo,virpisarasvuo,DFFC
Vishnuvardhan,vishnuvardhan,Celeb
Vishvesh Parmar,vishveshparmar,DFFC
Vishwesha Teertha,vishweshateertha,DFFC
Vita Nel,vitanel,DFFC
Vital Borkelmans,vitalborkelmans,DFFC
Vital Kamerhe,vitalkamerhe,DFFC
Vitali Astakhov,vitaliastakhov,DFFC
Vitali Butikov,vitalibutikov,DFFC
Vitali Luchanok,vitaliluchanok,DFFC
Vitali Sazonets,vitalisazonets,DFFC
Vitali Vakunov,vitalivakunov,DFFC
Vitaliy Denisov,vitaliydenisov,DFFC
Vitaliy Shafar,vitaliyshafar,DFFC
Vitaly Gurkov,vitalygurkov,DFFC
Vitaly Petrov,vitalypetrov,Celeb
Vito Antuofermo,vitoantuofermo,DFFC
Vitolo,vitolo,DFFC
Vitorino Antunes,vitorinoantunes,DFFC
Vittoria Puccini,vittoriapuccini,Celeb
Vittorio Giardino,vittoriogiardino,DFFC
Vittorio Parigini,vittorioparigini,DFFC
Viv Albertine,vivalbertine,DFFC
Viv Michie,vivmichie,DFFC
Viv Richards,vivrichards,Celeb
Viva Bianca,vivabianca,Celeb
Vivek Mushran,vivekmushran,DFFC
Vivian Blaine,vivianblaine,Celeb
Vivian Bullwinkel,vivianbullwinkel,DFFC
Vivian Campbell,viviancampbell,Celeb
Vivian Cheruiyot,viviancheruiyot,DFFC
Vivian Dsena,viviandsena,Celeb
Vivian Hsu,vivianhsu,Celeb
Vivian Sibold,viviansibold,Celeb
Vivica Genaux,vivicagenaux,DFFC
Vivien Leigh,vivienleigh,Celeb
Vivienne Westwood,viviennewestwood,DFFC
Vjekoslav Klaić,vjekoslavklai,DFFC
Vlad Chiricheș,vladchiriche,DFFC
Vlada Divljan,vladadivljan,DFFC
Vlada Roslyakova,vladaroslyakova,Celeb
Vlade Divac,vladedivac,DFFC
Vladimir Anisimoff,vladimiranisimoff,DFFC
Vladimir Bartol,vladimirbartol,DFFC
Vladimir Beschastnykh,vladimirbeschastnykh,DFFC
Vladimir Bouchler,vladimirbouchler,DFFC
Vladimir Chagin,vladimirchagin,DFFC
Vladimir Dyadyun,vladimirdyadyun,DFFC
Vladimir Etush,vladimiretush,DFFC
Vladimir Fedoseev,vladimirfedoseev,DFFC
Vladimir Gabulov,vladimirgabulov,DFFC
Vladimir Gazzayev,vladimirgazzayev,DFFC
Vladimir Gogberashvili,vladimirgogberashvili,DFFC
Vladimir Gorodetski,vladimirgorodetski,DFFC
Vladimir Gostyukhin,vladimirgostyukhin,Celeb
Vladimir Guerrero,vladimirguerrero,DFFC
Vladimir Gustov,vladimirgustov,DFFC
Vladimir Kamantsev,vladimirkamantsev,DFFC
Vladimir Khozin,vladimirkhozin,DFFC
Vladimir Koman,vladimirkoman,DFFC
Vladimir Kotin,vladimirkotin,DFFC
Vladimir Kramnik,vladimirkramnik,DFFC
Vladimir Krupin,vladimirkrupin,DFFC
Vladimir Kvachkov,vladimirkvachkov,DFFC
Vladimir Lisin,vladimirlisin,DFFC
Vladimir Litvinenko,vladimirlitvinenko,DFFC
Vladimir Malaniuk,vladimirmalaniuk,DFFC
Vladimir Melanin,vladimirmelanin,DFFC
Vladimir Ponomaryov,vladimirponomaryov,DFFC
Vladimir Potkin,vladimirpotkin,DFFC
Vladimir Radmanović,vladimirradmanovi,DFFC
Vladimir Samsonov,vladimirsamsonov,DFFC
Vladimir Stojković,vladimirstojkovi,DFFC
Vladimir Sviridov,vladimirsviridov,DFFC
Vladimir Tkachev,vladimirtkachev,DFFC
Vladimir Vdovichenkov,vladimirvdovichenkov,Celeb
Vladimir Vladimirovich Tatarchuk,vladimirvladimirovichtatarchuk,DFFC
Vladimir Volkov,vladimirvolkov,DFFC
Vladimir Vukićević,vladimirvukievi,DFFC
Vladimir Zuev,vladimirzuev,DFFC
Vladimir Štimac,vladimirtimac,DFFC
Vladislav Galkin,vladislavgalkin,Celeb
Vladislav Nevednichy,vladislavnevednichy,DFFC
Vladislav Tkachiev,vladislavtkachiev,DFFC
Vladlen Yurchenko,vladlenyurchenko,DFFC
Vladyslav Yama,vladyslavyama,DFFC
Vlastimil Třešňák,vlastimiltek,DFFC
Vlatko Grozdanoski,vlatkogrozdanoski,DFFC
Voegele Stefanie,voegelestefanie,Celeb
Vogue Williams,voguewilliams,DFFC
Vojtěch Engelmann,vojtchengelmann,DFFC
Volador Jr,voladorjr,DFFC
Volha Sudarava,volhasudarava,DFFC
Volker Pispers,volkerpispers,DFFC
Volney Peters,volneypeters,DFFC
Volodimir Levin,volodimirlevin,DFFC
Volodymir Hustov,volodymirhustov,DFFC
Volodymyr Holubnychy,volodymyrholubnychy,DFFC
Voltaire,voltaire,DFFC
Von Miller,vonmiller,DFFC
Vondie Curtis Hall,vondiecurtishall,Celeb
Vrbica Stefanov,vrbicastefanov,DFFC
Vukan Savićević,vukansavievi,DFFC
Vukašin Aleksić,vukainaleksi,DFFC
Vyacheslav Osnos,vyacheslavosnos,DFFC
Vyacheslav Shyrshov,vyacheslavshyrshov,DFFC
Vyacheslav Tikhonov,vyacheslavtikhonov,DFFC
Vybz Kartel,vybzkartel,Celeb
Vyjayanthimala,vyjayanthimala,DFFC
Václav Noid Bárta,vclavnoidbrta,DFFC
Václav Prospal,vclavprospal,DFFC
Vágner Love,vgnerlove,DFFC
Véra Nabokov,vranabokov,DFFC
Véronik Mallet,vronikmallet,DFFC
Víctor,vctor,DFFC
Víctor Estrella Burgos,vctorestrellaburgos,DFFC
Víctor Fernández,vctorfernndez,DFFC
W Hugh Woodin,whughwoodin,DFFC
WD Hamilton,wdhamilton,DFFC
WG Unruh,wgunruh,DFFC
WH Pugmire,whpugmire,DFFC
Wacław Kiełtyka,wacawkietyka,DFFC
Wade Barrett,wadebarrett,DFFC
Wade Boggs,wadeboggs,Celeb
Wade Davis,wadedavis,DFFC
Wade Walker,wadewalker,DFFC
Wadeck Stanczak,wadeckstanczak,DFFC
Waka Flocka Flame,wakaflockaflame,DFFC
Waka Inoue,wakainoue,Celeb
Wakaba Higuchi,wakabahiguchi,DFFC
Waldemar Krzystek,waldemarkrzystek,DFFC
Waldemar Zboralski,waldemarzboralski,DFFC
Waldick Soriano,waldicksoriano,DFFC
Waleed Aly,waleedaly,DFFC
Walid Ktila,walidktila,DFFC
Walker Hayes,walkerhayes,DFFC
Wallace Fortuna dos Santos,wallacefortunadossantos,DFFC
Wallace Langham,wallacelangham,DFFC
Wallace Spearmon,wallacespearmon,Celeb
Wallace Triplett,wallacetriplett,DFFC
Wally Bell,wallybell,DFFC
Wally Lamb,wallylamb,DFFC
Wally Osterkorn,wallyosterkorn,DFFC
Wally Scott,wallyscott,DFFC
Walt Barnes,waltbarnes,DFFC
Walt Dropo,waltdropo,DFFC
Walt Jocketty,waltjocketty,DFFC
Walter Alston,walteralston,DFFC
Walter Ayoví,walterayov,DFFC
Walter D Ehlers,walterdehlers,DFFC
Walter Latham,walterlatham,DFFC
Walter Lewin,walterlewin,DFFC
Walter Mazzarri,waltermazzarri,DFFC
Walter Murdoch,waltermurdoch,DFFC
Walter Ostanek,walterostanek,DFFC
Walter Parazaider,walterparazaider,DFFC
Walter Planckaert,walterplanckaert,DFFC
Walter Reed Weaver,walterreedweaver,DFFC
Walter Samuel,waltersamuel,DFFC
Walter Scheidel,walterscheidel,DFFC
Walter Schmidt,walterschmidt,DFFC
Walter Scott Houston,walterscotthouston,DFFC
Walter Tetley,waltertetley,DFFC
Walter Thurmond,walterthurmond,DFFC
Walter Wick,walterwick,DFFC
Wanda Hawley,wandahawley,Celeb
Wanda Hendrix,wandahendrix,Celeb
Wanda Jackson,wandajackson,DFFC
Wanda Sykes,wandasykes,Celeb
Wanderlei Silva,wanderleisilva,DFFC
Wang Gungwu,wanggungwu,DFFC
Wang Jianlin,wangjianlin,DFFC
Wang Xiaochu,wangxiaochu,Celeb
Ward Churchill,wardchurchill,DFFC
Ward Cunningham,wardcunningham,DFFC
Ward Marie,wardmarie,Celeb
Warner Baxter,warnerbaxter,Celeb
Warren Bankston,warrenbankston,DFFC
Warren Buffett,warrenbuffett,DFFC
Warren Creavalle,warrencreavalle,DFFC
Warren Demartini,warrendemartini,Celeb
Warren Farrell,warrenfarrell,DFFC
Warren Feeney,warrenfeeney,DFFC
Warren Haynes,warrenhaynes,DFFC
Warren Jabali,warrenjabali,DFFC
Warren Nelson,warrennelson,DFFC
Warren Potent,warrenpotent,DFFC
Warren Sapp,warrensapp,Celeb
Warren Spector,warrenspector,DFFC
Warrick Dunn,warrickdunn,DFFC
Warrington Hudlin,warringtonhudlin,DFFC
Washington SyCip,washingtonsycip,DFFC
Wasim Akram,wasimakram,DFFC
Watkin Tudor Jones,watkintudorjones,DFFC
Wato Kuaté,watokuat,DFFC
Watson CJ,watsoncj,Celeb
Waylon Jennings,waylonjennings,Celeb
Wayman Tisdale,waymantisdale,DFFC
Wayne Babych,waynebabych,DFFC
Wayne Carleton,waynecarleton,DFFC
Wayne Escoffery,wayneescoffery,DFFC
Wayne Gretzky,waynegretzky,DFFC
Wayne Kirby,waynekirby,DFFC
Wayne Knight,wayneknight,Celeb
Wayne Robinson,waynerobinson,DFFC
Wayne Rooney,waynerooney,Celeb
Wei Jianjun,weijianjun,Celeb
Wei Tang,weitang,Celeb
Wei Yi,weiyi,DFFC
Weird Al Yankovic,weirdalyankovic,DFFC
Welington de Melo,welingtondemelo,DFFC
Wellington Mara,wellingtonmara,DFFC
Wells Thompson,wellsthompson,DFFC
Wen Liu,wenliu,Celeb
Wende,wende,DFFC
Wendel Meldrum,wendelmeldrum,DFFC
Wendell Berry,wendellberry,DFFC
Wendell Gibbs,wendellgibbs,DFFC
Wendell Ramos,wendellramos,DFFC
Wendi Deng Murdoch,wendidengmurdoch,DFFC
Wendie Malick,wendiemalick,DFFC
Wendy Barrie,wendybarrie,Celeb
Wendy Bouchard,wendybouchard,DFFC
Wendy Davis,wendydavis,DFFC
Wendy Divine,wendydivine,DFFC
Wendy Dubbeld,wendydubbeld,Celeb
Wendy Holdener,wendyholdener,DFFC
Wendy Kopp,wendykopp,DFFC
Wendy Stapleton,wendystapleton,DFFC
Wentworth Miller,wentworthmiller,DFFC
Werner Fenchel,wernerfenchel,DFFC
Werner Herzog,wernerherzog,DFFC
Werner Jeanrond,wernerjeanrond,DFFC
Werner Lampe,wernerlampe,DFFC
Werner Thissen,wernerthissen,DFFC
Wernher von Braun,wernhervonbraun,DFFC
Weronika Rosati,weronikarosati,DFFC
Wes Bentley,wesbentley,DFFC
Wes Borland,wesborland,Celeb
Wes Craven,wescraven,DFFC
Wes Morgan,wesmorgan,DFFC
Wes Ramsey,wesramsey,Celeb
Wes Studi,wesstudi,DFFC
Wes Williams,weswilliams,Celeb
Wesley A Clark,wesleyaclark,DFFC
Wesley Autrey,wesleyautrey,DFFC
Wesley Jonathan,wesleyjonathan,Celeb
Wesley Sneijder,wesleysneijder,DFFC
Wesley Snipes,wesleysnipes,DFFC
Wesley So,wesleyso,DFFC
Wesley Strick,wesleystrick,DFFC
Wesley Woodyard,wesleywoodyard,DFFC
Weslye Saunders,weslyesaunders,DFFC
Whilce Portacio,whilceportacio,DFFC
Whit Dickey,whitdickey,DFFC
Whitey Bulger,whiteybulger,DFFC
Whitfield Crane,whitfieldcrane,Celeb
Whitney Duncan,whitneyduncan,Celeb
Whitney Houston,whitneyhouston,Celeb
Whitney Port,whitneyport,Celeb
Whitney Thompson,whitneythompson,Celeb
Whoopi Goldberg,whoopigoldberg,DFFC
Wil Carter,wilcarter,DFFC
Wil Francis,wilfrancis,Celeb
Wil Wheaton,wilwheaton,DFFC
Wilbur Snapp,wilbursnapp,DFFC
Wiley Wiggins,wileywiggins,DFFC
Wilf Lunn,wilflunn,DFFC
Wilford White,wilfordwhite,DFFC
"Wilfred Graves, Jr",wilfredgravesjr,DFFC
Wilfredo Gómez,wilfredogmez,DFFC
"Wilfredo Vázquez, Jr",wilfredovzquezjr,DFFC
Wilfrido Vargas,wilfridovargas,DFFC
Wilhelm Busch,wilhelmbusch,DFFC
Will Acton,willacton,DFFC
Will Atkinson,willatkinson,DFFC
Will Bratt,willbratt,DFFC
Will Clarke,willclarke,DFFC
Will Davison,willdavison,DFFC
Will Eisner,willeisner,DFFC
Will Estes,willestes,Celeb
Will Farrell,willfarrell,Celeb
Will Forte,willforte,DFFC
Will Hatfield,willhatfield,DFFC
Will Heller,willheller,DFFC
Will Hughes,willhughes,DFFC
Will Keane,willkeane,DFFC
Will Kopelman,willkopelman,Celeb
Will Minson,willminson,DFFC
Will Peltz,willpeltz,DFFC
Will Poulter,willpoulter,Celeb
Will Power,willpower,DFFC
Will Swenson,willswenson,DFFC
Will Wallner,willwallner,DFFC
Will Young,willyoung,DFFC
Will Yun Lee,willyunlee,DFFC
Will i Am,william,Celeb
Willa Ford,willaford,Celeb
Willa Holland,willaholland,DFFC
Willem Dafoe,willemdafoe,Celeb
Willi Illbruck,williillbruck,DFFC
Willi Tokarev,willitokarev,DFFC
William Agee,williamagee,DFFC
William Artur de Oliveira,williamarturdeoliveira,DFFC
William B Caldwell,williambcaldwell,DFFC
William Beckett,williambeckett,Celeb
William Boone,williamboone,DFFC
William Boyd,williamboyd,Celeb
William Bratton,williambratton,DFFC
William C Friday,williamcfriday,DFFC
William Cronon,williamcronon,DFFC
William Dalrymple,williamdalrymple,DFFC
William Daniels,williamdaniels,Celeb
"William DeWitt, Jr",williamdewittjr,DFFC
William DuVall,williamduvall,DFFC
William Ennis Thomson,williamennisthomson,DFFC
William Fichtner,williamfichtner,Celeb
William Forsythe,williamforsythe,Celeb
William Fox Pitt,williamfoxpitt,Celeb
William Frankena,williamfrankena,DFFC
William Gallas,williamgallas,DFFC
William Goldsmith,williamgoldsmith,DFFC
William H Calvin,williamhcalvin,DFFC
William H Macy,williamhmacy,DFFC
William Haines,williamhaines,Celeb
William Harbison,williamharbison,DFFC
William Hayes,williamhayes,DFFC
William Holden,williamholden,Celeb
William Hurt,williamhurt,DFFC
William J Rutter,williamjrutter,DFFC
William Joseph,williamjoseph,DFFC
William Kamkwamba,williamkamkwamba,DFFC
William Klemperer,williamklemperer,DFFC
William Levy,williamlevy,Celeb
William Lindley,williamlindley,DFFC
William Lundigan,williamlundigan,DFFC
William Mapother,williammapother,Celeb
William Margold,williammargold,DFFC
William Mark Simmons,williammarksimmons,DFFC
William Moseley,williammoseley,Celeb
William N'Gounou,williamngounou,DFFC
William Nylander,williamnylander,DFFC
William O Harbach,williamoharbach,DFFC
William Petersen,williampetersen,Celeb
William Powell,williampowell,Celeb
"William R Lawley, Jr",williamrlawleyjr,DFFC
William R Moore,williamrmoore,DFFC
William R Rhodes,williamrrhodes,DFFC
William R Spencer,williamrspencer,DFFC
William Regal,williamregal,Celeb
William Roache,williamroache,DFFC
William Rogue,williamrogue,DFFC
William Sadler,williamsadler,Celeb
William T Wiley,williamtwiley,DFFC
William Tenn,williamtenn,DFFC
William VanDeSteeg,williamvandesteeg,DFFC
William Vernon Skiles,williamvernonskiles,DFFC
William deVry,williamdevry,DFFC
William vanden Heuvel,williamvandenheuvel,DFFC
"William, Prince of Hohenzollern",williamprinceofhohenzollern,DFFC
Willie Big Eyes Smith,williebigeyessmith,DFFC
Willie Desjardins,williedesjardins,DFFC
Willie Garson,williegarson,DFFC
Willie Marshall,williemarshall,DFFC
Willie Nelson,willienelson,DFFC
Willie P Bennett,williepbennett,DFFC
Willie Roaf,willieroaf,DFFC
Willie Robertson,willierobertson,DFFC
Willie Smith,williesmith,DFFC
Willow Smith,willowsmith,DFFC
Willy DeVille,willydeville,DFFC
Willy Fritsch,willyfritsch,Celeb
Willy Holt,willyholt,DFFC
Willy T Ribbs,willytribbs,DFFC
Wilma Elles,wilmaelles,Celeb
Wilma Vaught,wilmavaught,DFFC
Wilmer Valderrama,wilmervalderrama,Celeb
Wilmo Francioni,wilmofrancioni,DFFC
Wilson Bethel,wilsonbethel,Celeb
Wilson Flagg,wilsonflagg,DFFC
Wilson Kipketer,wilsonkipketer,DFFC
Wilson Savoy,wilsonsavoy,DFFC
Wim Suurbier,wimsuurbier,DFFC
Wim T Schippers,wimtschippers,DFFC
Win Coates,wincoates,DFFC
Winn Schwartau,winnschwartau,DFFC
Winsor Harmon,winsorharmon,Celeb
Wisit Sasanatieng,wisitsasanatieng,DFFC
Wissam Ben Yedder,wissambenyedder,DFFC
Wissem Hosni,wissemhosni,DFFC
Wiwid Gunawan,wiwidgunawan,Celeb
Wiz Khalifa,wizkhalifa,Celeb
Wladimir Klitschko,wladimirklitschko,Celeb
Wojciech Leśnikowski,wojciechlenikowski,DFFC
Wojdan Shaherkani,wojdanshaherkani,DFFC
Wolf Vostell,wolfvostell,DFFC
Wolfgang Abraham,wolfgangabraham,DFFC
Wolfgang Bremer,wolfgangbremer,DFFC
Wolfgang G Schwanitz,wolfganggschwanitz,DFFC
Wolfgang Ischinger,wolfgangischinger,DFFC
Wolfgang Loitzl,wolfgangloitzl,DFFC
Wolfgang Messner,wolfgangmessner,DFFC
Wolfgang Puck,wolfgangpuck,Celeb
Wolfgang Rolff,wolfgangrolff,DFFC
Wolfgang Rösch,wolfgangrsch,DFFC
Wolfgang Tillmans,wolfgangtillmans,DFFC
Wolfgang Van Halen,wolfgangvanhalen,DFFC
Wolfgang Weber,wolfgangweber,DFFC
Wolke Hegenbarth,wolkehegenbarth,Celeb
Wong Kar-wai,wongkarwai,DFFC
Woody Harrelson,woodyharrelson,Celeb
Woohee,woohee,DFFC
World B Free,worldbfree,DFFC
Worthy de Jong,worthydejong,DFFC
Wout Droste,woutdroste,DFFC
Wout Poels,woutpoels,DFFC
Wout Van Aert,woutvanaert,DFFC
Wouter Hamel,wouterhamel,DFFC
Wreckless Eric,wrecklesseric,DFFC
Wright Dorell,wrightdorell,Celeb
Wright Massey,wrightmassey,DFFC
Wu Dajing,wudajing,DFFC
Wu Jing,wujing,DFFC
Wu Jingyu,wujingyu,DFFC
Wu Mochou,wumochou,DFFC
Wu Yajun,wuyajun,Celeb
Wu Yiming,wuyiming,DFFC
Wun-Chang Shih,wunchangshih,DFFC
Wyclef Jean,wyclefjean,Celeb
Wylan Cyprien,wylancyprien,DFFC
Wyn Davies,wyndavies,DFFC
Wyndham Standing,wyndhamstanding,DFFC
Wynne Gibson,wynnegibson,Celeb
Wynonna Judd,wynonnajudd,DFFC
Wílton Figueiredo,wltonfigueiredo,DFFC
Włodzimierz Pawlik,wodzimierzpawlik,DFFC
Xabi Alonso,xabialonso,Celeb
Xander Bogaerts,xanderbogaerts,DFFC
Xavier Carter,xaviercarter,DFFC
Xavier Dolan,xavierdolan,DFFC
Xavier Fulton,xavierfulton,DFFC
Xavier Ginard Torres,xavierginardtorres,DFFC
Xavier Gravelaine,xaviergravelaine,DFFC
Xavier Niel,xavierniel,DFFC
Xavier Pons,xavierpons,DFFC
Xavier Samuel,xaviersamuel,Celeb
Xavier Su'a-Filo,xaviersuafilo,DFFC
Xavier Tondo,xaviertondo,DFFC
Xenia Deli,xeniadeli,Celeb
Xenia Tchoumitcheva,xeniatchoumitcheva,Celeb
Xhesika Berberi,xhesikaberberi,Celeb
Xhoana Xheneti,xhoanaxheneti,Celeb
Xi Jinping,xijinping,Celeb
XiXi Yang,xixiyang,DFFC
Xian Lim,xianlim,Celeb
Xiao Guodong,xiaoguodong,DFFC
Xiao Wen Ju,xiaowenju,DFFC
Xie Fei,xiefei,DFFC
Ximena Sarinana,ximenasarinana,Celeb
Xu Binshu,xubinshu,DFFC
Xu Jinglei,xujinglei,Celeb
Xuefei Yang,xuefeiyang,DFFC
Xuxa Meneghel,xuxameneghel,Celeb
Yacine Brahimi,yacinebrahimi,DFFC
Yacob Jarso,yacobjarso,DFFC
Yacouba Sylla,yacoubasylla,DFFC
Yael Arad,yaelarad,DFFC
Yael Stone,yaelstone,DFFC
Yahya Golmohammadi,yahyagolmohammadi,DFFC
Yakhouba Diawara,yakhoubadiawara,Celeb
Yakubu Aiyegbeni,yakubuaiyegbeni,DFFC
Yale Lary,yalelary,DFFC
Yami Gautam,yamigautam,DFFC
Yamila Diaz,yamiladiaz,Celeb
Yamilé Aldama,yamilaldama,DFFC
Yamini Krishnamurthy,yaminikrishnamurthy,DFFC
Yana Belomoyna,yanabelomoyna,DFFC
Yana Gupta,yanagupta,Celeb
Yana Karpova,yanakarpova,Celeb
Yancy Butler,yancybutler,DFFC
Yane Marques,yanemarques,DFFC
Yang Fang,yangfang,DFFC
Yang Lan,yanglan,DFFC
Yang Mi,yangmi,Celeb
Yani Tseng,yanitseng,DFFC
Yann M'Vila,yannmvila,DFFC
Yann Sommer,yannsommer,DFFC
Yann Tiersen,yanntiersen,DFFC
Yanni,yanni,DFFC
Yannick,yannick,DFFC
Yannick Agnel,yannickagnel,DFFC
Yannick Bisson,yannickbisson,Celeb
Yannick Bonheur,yannickbonheur,DFFC
Yannick Lebherz,yannicklebherz,Celeb
Yannick Sagbo,yannicksagbo,DFFC
Yannis Aivazis,yannisaivazis,Celeb
Yanto Barker,yantobarker,DFFC
Yao Bin,yaobin,DFFC
Yara Shahidi,yarashahidi,Celeb
Yaron London,yaronlondon,DFFC
Yaroslava Shvedova,yaroslavashvedova,DFFC
Yasemin Mori,yaseminmori,DFFC
Yasin Pilavcılar,yasinpilavclar,DFFC
Yasmeen Ghauri,yasmeenghauri,Celeb
Yasmien Kurdi,yasmienkurdi,DFFC
Yasmin Brunet,yasminbrunet,Celeb
Yasmin Levy,yasminlevy,DFFC
Yasmin Siraj,yasminsiraj,DFFC
Yasmine Lafitte,yasminelafitte,DFFC
Yasser Elshantaf,yasserelshantaf,DFFC
Yasser al-Azma,yasseralazma,DFFC
Yasushi Tsujimoto,yasushitsujimoto,DFFC
Yauheni Hutarovich,yauhenihutarovich,DFFC
Yauheni Novikau,yauheninovikau,DFFC
Yaya DaCosta,yayadacosta,Celeb
Yaya Sanogo,yayasanogo,DFFC
Yeardley Smith,yeardleysmith,DFFC
Yedidya Vital,yedidyavital,DFFC
Yegor Baburin,yegorbaburin,DFFC
Yegor Tarakanov,yegortarakanov,DFFC
Yekaterina Abramova,yekaterinaabramova,DFFC
Yekaterina Vulichenko,yekaterinavulichenko,Celeb
Yekta Kurtuluş,yektakurtulu,DFFC
Yelena Dembo,yelenadembo,DFFC
Yelena Isinbayeva,yelenaisinbayeva,Celeb
Yener Arıca,yenerarca,DFFC
Yenny,yenny,DFFC
Yesica Toscanini,yesicatoscanini,Celeb
Yevgeni Bushmanov,yevgenibushmanov,DFFC
Yevgeni Makeyev,yevgenimakeyev,DFFC
Yevgeni Vladislavovich Osipov,yevgenivladislavovichosipov,DFFC
Yevgeniya Kolodko,yevgeniyakolodko,DFFC
Yevgeny Postnikov,yevgenypostnikov,DFFC
Yevgeny Savin,yevgenysavin,DFFC
Yevgeny Yevtushenko,yevgenyyevtushenko,DFFC
Yevhen Makarenko,yevhenmakarenko,DFFC
Yevhen Selin,yevhenselin,DFFC
Yevheniya Vysotska,yevheniyavysotska,DFFC
Yi Jianlian,yijianlian,Celeb
Yiannis Ioannou,yiannisioannou,DFFC
Yigit ozsener,yigitozsener,Celeb
Yim Si-wan,yimsiwan,DFFC
Yingluck Shinawatra,yingluckshinawatra,Celeb
Yitzhak Arad,yitzhakarad,DFFC
Ymre Stiekema,ymrestiekema,Celeb
Yngve Moe,yngvemoe,DFFC
Yngwie Malmsteen,yngwiemalmsteen,DFFC
Yo Gotti,yogotti,DFFC
Yo Yo Ma,yoyoma,Celeb
Yoan Gouffran,yoangouffran,DFFC
Yoan Pablo Hernández,yoanpablohernndez,DFFC
Yoanna House,yoannahouse,Celeb
Yoenis Céspedes,yoeniscspedes,DFFC
Yohan Blake,yohanblake,DFFC
Yohan Cabaye,yohancabaye,DFFC
Yohann Diniz,yohanndiniz,DFFC
Yohann Gène,yohanngne,DFFC
Yojiro Takahagi,yojirotakahagi,DFFC
Yoko Gushiken,yokogushiken,DFFC
Yoko Maki,yokomaki,Celeb
Yoko Matsugane,yokomatsugane,Celeb
Yoko Shimomura,yokoshimomura,DFFC
Yolande Moreau,yolandemoreau,DFFC
Yolandi Visser,yolandivisser,DFFC
Yolanthe Sneijder-Cabau,yolanthesneijdercabau,DFFC
Yolimar Pineda,yolimarpineda,DFFC
Yonas Kifle,yonaskifle,DFFC
Yonfan,yonfan,DFFC
Yong-hwa Jung,yonghwajung,Celeb
Yoo Gong,yoogong,Celeb
Yoo Sun-young,yoosunyoung,DFFC
Yoo Yeon-seong,yooyeonseong,DFFC
Yoo-jin Kim,yoojinkim,Celeb
Yoon Bo-ra,yoonbora,DFFC
Yoon So-yi,yoonsoyi,DFFC
Yoona,yoona,Celeb
Yoovidhya,yoovidhya,Celeb
Yordan Miliev,yordanmiliev,DFFC
Yordanis García,yordanisgarca,DFFC
Yoric Ravet,yoricravet,DFFC
Yosef Ben-Jochannan,yosefbenjochannan,DFFC
Yoshihiko Noda,yoshihikonoda,Celeb
Yoshihiro Akiyama,yoshihiroakiyama,DFFC
Yoshihiro Fujita,yoshihirofujita,DFFC
Yoshihiro Nishimura,yoshihironishimura,DFFC
Yoshihiro Takahashi,yoshihirotakahashi,DFFC
Yoshikazu Tanaka,yoshikazutanaka,Celeb
Yoshiko Tanaka,yoshikotanaka,DFFC
Yoshimi Ozaki,yoshimiozaki,DFFC
Yoshio Sakamoto,yoshiosakamoto,DFFC
Yoshiro Nakamatsu,yoshironakamatsu,DFFC
Yoshiyuki Tomino,yoshiyukitomino,DFFC
Youcef Belaïli,youcefbelali,DFFC
Young Buck,youngbuck,Celeb
Young Jeezy,youngjeezy,Celeb
Young Paperboyz,youngpaperboyz,DFFC
Younha,younha,Celeb
Younis Mahmoud,younismahmoud,DFFC
Younus AlGohar,younusalgohar,DFFC
Younès Belhanda,younsbelhanda,DFFC
Youri Djorkaeff,youridjorkaeff,DFFC
Youssef El-Arabi,youssefelarabi,DFFC
Yousuf Saleh Alyan,yousufsalehalyan,DFFC
Yrétha Silété,yrthasilt,DFFC
Ysaline Bonaventure,ysalinebonaventure,DFFC
Ysaora Thibus,ysaorathibus,DFFC
Yu Abiru,yuabiru,Celeb
Yu Man-gyun,yumangyun,DFFC
Yu Na Kim,yunakim,Celeb
Yuan Ch'iung-ch'iung,yuanchiungchiung,DFFC
Yuhi,yuhi,DFFC
Yui Aragaki,yuiaragaki,Celeb
Yui Kamiji,yuikamiji,DFFC
Yui Mizuno,yuimizuno,DFFC
Yuji Hino,yujihino,DFFC
Yuji Hirayama,yujihirayama,DFFC
Yuji Ide,yujiide,DFFC
Yuka Kashino,yukakashino,DFFC
Yukari Nakano,yukarinakano,DFFC
Yukari Takemoto,yukaritakemoto,DFFC
Yuki Ebihara,yukiebihara,DFFC
Yuki Ota,yukiota,DFFC
Yuki Terada,yukiterada,Celeb
Yukiaki Okabe,yukiakiokabe,DFFC
Yukie Kawamura,yukiekawamura,Celeb
Yukie Nakama,yukienakama,Celeb
Yukiko Duke,yukikoduke,DFFC
Yukio Endo,yukioendo,DFFC
Yukiya Arashiro,yukiyaarashiro,DFFC
Yuko Ogura,yukoogura,Celeb
Yuko Shimizu,yukoshimizu,DFFC
Yuko Takeuchi,yukotakeuchi,Celeb
Yul Brynner,yulbrynner,Celeb
Yulia Lipnitskaya,yulialipnitskaya,DFFC
Yulia Nachalova,yulianachalova,DFFC
Yuliya Beygelzimer,yuliyabeygelzimer,DFFC
Yuliya Chekaleva,yuliyachekaleva,DFFC
Yuliya Zhivitsa,yuliyazhivitsa,DFFC
Yumi Adachi,yumiadachi,Celeb
Yumi Ohka,yumiohka,DFFC
Yun Fat Chow,yunfatchow,Celeb
Yun Suk-young,yunsukyoung,DFFC
Yun Yea-ji,yunyeaji,DFFC
Yung Berg,yungberg,DFFC
Yung Lean,yunglean,DFFC
Yunjin Kim,yunjinkim,Celeb
Yunna Morits,yunnamorits,DFFC
Yura Movsisyan,yuramovsisyan,DFFC
Yuri Gazzaev,yurigazzaev,DFFC
Yuri I Manin,yuriimanin,DFFC
Yuri Larionov,yurilarionov,DFFC
Yuri Shevchuk,yurishevchuk,DFFC
Yuri Trofimov,yuritrofimov,DFFC
Yuri Tsaler,yuritsaler,DFFC
Yuri Zhevnov,yurizhevnov,DFFC
Yuri van Gelder,yurivangelder,DFFC
Yuridia,yuridia,Celeb
Yuriko Handa,yurikohanda,DFFC
Yuriorkis Gamboa,yuriorkisgamboa,DFFC
Yuriy Borzakovskiy,yuriyborzakovskiy,DFFC
Yuriy Ilyin,yuriyilyin,DFFC
Yuriy Kravchenko,yuriykravchenko,DFFC
Yury Chaplygin,yurychaplygin,DFFC
Yury Dokhoian,yurydokhoian,DFFC
Yury Gazinsky,yurygazinsky,DFFC
Yusef Lateef,yuseflateef,DFFC
Yusuf Akgun,yusufakgun,Celeb
Yusuf Erdoğan,yusuferdoan,DFFC
Yutaka Ohno,yutakaohno,DFFC
Yutaka Ozaki,yutakaozaki,DFFC
Yutte Stensgaard,yuttestensgaard,Celeb
Yuu Watase,yuuwatase,DFFC
Yuvraj Singh,yuvrajsingh,DFFC
Yuzuru Hanyu,yuzuruhanyu,DFFC
Yves Agid,yvesagid,DFFC
Yves Lafontaine,yveslafontaine,DFFC
Yves Lecoq,yveslecoq,DFFC
Yves Ma-Kalambay,yvesmakalambay,DFFC
Yves Montand,yvesmontand,Celeb
Yves Niaré,yvesniar,DFFC
Yvette Chauviré,yvettechauvir,DFFC
Yvette Hermundstad,yvettehermundstad,DFFC
Yvette Mimieux,yvettemimieux,Celeb
Yvette Nelson,yvettenelson,Celeb
Yvette Vickers,yvettevickers,Celeb
Yvo de Boer,yvodeboer,DFFC
Yvonne Catterfeld,yvonnecatterfeld,Celeb
Yvonne Craig,yvonnecraig,Celeb
Yvonne De Carlo,yvonnedecarlo,Celeb
Yvonne Furneaux,yvonnefurneaux,DFFC
Yvonne Romain,yvonneromain,Celeb
Yvonne Romaine,yvonneromaine,Celeb
Yvonne Scio,yvonnescio,Celeb
Yvonne Strzechowski,yvonnestrzechowski,Celeb
Yvonne Zima,yvonnezima,Celeb
Yvonne van Gennip,yvonnevangennip,DFFC
Yū Asakawa,yasakawa,DFFC
Yūichi Kasai,yichikasai,DFFC
Yūki Ōgimi,ykigimi,DFFC
Yūko Andō,ykoand,DFFC
Yūya Oikawa,yyaoikawa,DFFC
ZZ Ward,zzward,DFFC
Zabit Samedov,zabitsamedov,DFFC
Zac Dysert,zacdysert,DFFC
Zac Efron,zacefron,DFFC
Zac Posen,zacposen,DFFC
Zach Cregger,zachcregger,DFFC
Zach Galifianakis,zachgalifianakis,Celeb
Zach Galligan,zachgalligan,DFFC
Zach Gilford,zachgilford,Celeb
Zach Hyman,zachhyman,DFFC
Zach Jackson,zachjackson,DFFC
Zach Johnson,zachjohnson,DFFC
Zach Randolph,zachrandolph,DFFC
Zach Redmond,zachredmond,DFFC
Zach Roerig,zachroerig,Celeb
Zach Strief,zachstrief,DFFC
Zach Trotman,zachtrotman,DFFC
Zach Veach,zachveach,DFFC
Zach Weiner,zachweiner,DFFC
Zachary Karabashliev,zacharykarabashliev,DFFC
Zachary Knighton,zacharyknighton,DFFC
Zachary Levi,zacharylevi,DFFC
Zachary Quinto,zacharyquinto,Celeb
Zack Ryder,zackryder,DFFC
Zack Smith,zacksmith,DFFC
Zack Snyder,zacksnyder,DFFC
Zack Stortini,zackstortini,DFFC
Zack Taylor,zacktaylor,DFFC
Zack Ward,zackward,Celeb
Zack de la Rocha,zackdelarocha,Celeb
Zackie Achmat,zackieachmat,DFFC
Zahari Sirakov,zaharisirakov,DFFC
Zaira Nara,zairanara,Celeb
Zak Irvin,zakirvin,DFFC
Zak Whitbread,zakwhitbread,DFFC
Zakaria Bakkali,zakariabakkali,DFFC
Zakk Wylde,zakkwylde,DFFC
Zakopalova Klara,zakopalovaklara,Celeb
Zalman Schachter-Shalomi,zalmanschachtershalomi,DFFC
Zameer Rizvi,zameerrizvi,DFFC
Zana Krasniqi,zanakrasniqi,Celeb
Zana Marjanović,zanamarjanovi,DFFC
Zanele Muholi,zanelemuholi,DFFC
Zanfina Ismajli,zanfinaismajli,Celeb
Zara Phillips,zaraphillips,Celeb
Zarganar,zarganar,DFFC
Zarine Khan,zarinekhan,Celeb
Zaur Sadayev,zaursadayev,DFFC
Zayed Khan,zayedkhan,Celeb
Zayn Malik,zaynmalik,DFFC
Zaz,zaz,DFFC
Zbigniew Boniek,zbigniewboniek,DFFC
Zbigniew Pietrzykowski,zbigniewpietrzykowski,DFFC
Zbigniew Zakrzewski,zbigniewzakrzewski,DFFC
Zbigniew Ścibor-Rylski,zbigniewciborrylski,DFFC
Zdeno Chára,zdenochra,DFFC
Zdeněk Bradáč,zdenkbrad,DFFC
Zdravko Kuzmanović,zdravkokuzmanovi,DFFC
Zebastian Modin,zebastianmodin,DFFC
Zeca,zeca,DFFC
Zedd,zedd,DFFC
Zeena Schreck,zeenaschreck,DFFC
Zeinab Mamedyarova,zeinabmamedyarova,DFFC
Zeke Motta,zekemotta,DFFC
Zeki Ayvaz,zekiayvaz,DFFC
Zelda Rubinstein,zeldarubinstein,Celeb
Zeljko Kalac,zeljkokalac,DFFC
Zemfira,zemfira,DFFC
Zemzem Ahmed,zemzemahmed,DFFC
Zenna Henderson,zennahenderson,DFFC
Zenon Caravella,zenoncaravella,DFFC
Zenon Konopka,zenonkonopka,DFFC
Zersenay Tadese,zersenaytadese,DFFC
Zeta Douka,zetadouka,Celeb
Zeta Makrypoulia,zetamakrypoulia,Celeb
Zhang Hao,zhanghao,DFFC
Zhang He,zhanghe,DFFC
Zhang Jun,zhangjun,DFFC
Zhang Lanxin,zhanglanxin,DFFC
Zhang Liangying,zhangliangying,Celeb
Zhang Yuqi,zhangyuqi,DFFC
Zhang Zilin,zhangzilin,DFFC
Zhanna Friske,zhannafriske,Celeb
Zhao Benshan,zhaobenshan,Celeb
Zhao Hongbo,zhaohongbo,DFFC
Zhao Yunlei,zhaoyunlei,DFFC
Zheng Jie,zhengjie,DFFC
Zheng Xun,zhengxun,DFFC
Zhou Xun,zhouxun,Celeb
Zhou Yang,zhouyang,DFFC
Zhou Yun,zhouyun,DFFC
Zhu Lin,zhulin,DFFC
Zhu Zhu,zhuzhu,DFFC
Ziggy Marley,ziggymarley,DFFC
Zigi,zigi,DFFC
Zillah &amp; Totte,zillahamptotte,DFFC
Zita Galgociova,zitagalgociova,Celeb
Zlata Ognevich,zlataognevich,DFFC
Zlatan Ibrahimovic,zlatanibrahimovic,Celeb
Zlatko Janjić,zlatkojanji,DFFC
Zmago Sagadin,zmagosagadin,DFFC
Zoe Aggeliki,zoeaggeliki,Celeb
Zoe Duchesne,zoeduchesne,Celeb
Zoe Kazan,zoekazan,Celeb
Zoe Kravitz,zoekravitz,Celeb
Zoe Lister,zoelister,Celeb
Zoe Lister-Jones,zoelisterjones,DFFC
Zoe Saldana,zoesaldana,DFFC
Zoe Smith,zoesmith,Celeb
Zoey Deutch,zoeydeutch,Celeb
Zoey Tur,zoeytur,DFFC
Zoia Horn,zoiahorn,DFFC
Zoie Palmer,zoiepalmer,DFFC
Zola Budd,zolabudd,DFFC
Zollie Toth,zollietoth,DFFC
Zoltán Horváth,zoltnhorvth,DFFC
Zoltán Kelemen,zoltnkelemen,DFFC
Zooey Deschanel,zooeydeschanel,Celeb
Zoran Erceg,zoranerceg,DFFC
Zoran Planinić,zoranplanini,DFFC
Zoran Tošić,zorantoi,DFFC
Zosia Karbowiak,zosiakarbowiak,DFFC
Zou Kai,zoukai,DFFC
Zouhair Yahyaoui,zouhairyahyaoui,DFFC
Zoé Félix,zoflix,DFFC
Zoë Bell,zobell,DFFC
Zsa Zsa Gabor,zsazsagabor,Celeb
Zsanett Jakabfi,zsanettjakabfi,DFFC
Zsolt Erdei,zsolterdei,DFFC
Zsolt Szabó,zsoltszab,DFFC
Zsuzsa Szabó,zsuzsaszab,DFFC
Zsuzsanna Jakabos,zsuzsannajakabos,DFFC
Zsuzsanna Tomori,zsuzsannatomori,DFFC
Zsófia Erdélyi,zsfiaerdlyi,DFFC
Zucchero Fornaciari,zuccherofornaciari,DFFC
Zulay Henao,zulayhenao,Celeb
Zuleikha Robinson,zuleikharobinson,Celeb
Zulfiya Zabirova,zulfiyazabirova,DFFC
Zulkarnain Malik,zulkarnainmalik,DFFC
Zuzana Chalupová,zuzanachalupov,DFFC
Zuzanna Bijoch,zuzannabijoch,Celeb
Zvonimir Boban,zvonimirboban,DFFC
Zvonimir Vukić,zvonimirvuki,DFFC
Zvonko Bogdan,zvonkobogdan,DFFC
Zvonko Pamić,zvonkopami,DFFC
Zydrunas Ilgauskas,zydrunasilgauskas,DFFC
Zé Roberto,zroberto,DFFC
k-os,kos,DFFC
tobyMac,tobymac,DFFC
Ákos Buzsáky,kosbuzsky,DFFC
Álvaro Arbeloa,lvaroarbeloa,DFFC
Álvaro Morata,lvaromorata,DFFC
Álvaro Negredo,lvaronegredo,DFFC
Álvaro Pereira,lvaropereira,DFFC
Álvaro Recoba,lvarorecoba,DFFC
Álvaro Siza Vieira,lvarosizavieira,DFFC
Ángel Berni,ngelberni,DFFC
Ángel Cabrera,ngelcabrera,DFFC
Ángel Clemente Rojas,ngelclementerojas,DFFC
Ángel Gastón Díaz,ngelgastndaz,DFFC
Ángel Labruna,ngellabruna,DFFC
Ángela Becerra,ngelabecerra,DFFC
Ásdís Hjálmsdóttir,sdshjlmsdttir,DFFC
Åsa Larsson,salarsson,DFFC
Åsne Seierstad,sneseierstad,DFFC
Çağla Büyükakçay,alabykakay,DFFC
Çiğdem Belci,idembelci,DFFC
Édgar Ramírez,dgarramrez,DFFC
Édgar Sosa,dgarsosa,DFFC
Édouard Brasey,douardbrasey,DFFC
Édouard Louis,douardlouis,DFFC
Édouard Molinaro,douardmolinaro,DFFC
Élie Semoun,liesemoun,DFFC
Élise Delzenne,lisedelzenne,DFFC
Élodie Frégé,lodiefrg,DFFC
Élson,lson,DFFC
Éric Abidal,ricabidal,DFFC
Éric Boyer,ricboyer,DFFC
Éric Pichet,ricpichet,DFFC
Éric Rohmer,ricrohmer,DFFC
Éric Srecki,ricsrecki,DFFC
Éric Zemmour,riczemmour,DFFC
Érik Comas,rikcomas,DFFC
Érika Olivera,rikaolivera,DFFC
Étienne Bacrot,tiennebacrot,DFFC
Étienne Capoue,tiennecapoue,DFFC
Éver Banega,verbanega,DFFC
Óli Johannesen,lijohannesen,DFFC
Óscar Duarte,scarduarte,DFFC
Óscar Espallargas,scarespallargas,DFFC
Óscar Freire,scarfreire,DFFC
Óscar Pérez Rojas,scarprezrojas,DFFC
Óscar Ustari,scarustari,DFFC
Óscar Villarreal,scarvillarreal,DFFC
Øystein Moen,ysteinmoen,DFFC
Último Dragón,ltimodragn,DFFC
Úrsula Pueyo,rsulapueyo,DFFC
Ümit Davala,mitdavala,DFFC
Đorđe Balašević,orebalaevi,DFFC
Đorđe Gagić,oregagi,DFFC
Đorđe Lazić,orelazi,DFFC
İdil Biret,idilbiret,DFFC
İskender Pala,iskenderpala,DFFC
Ľubomír Ftáčnik,ubomrftnik,DFFC
Łukasz Bodnar,ukaszbodnar,DFFC
Łukasz Wiśniowski,ukaszwiniowski,DFFC
Ōsunaarashi Kintarō,sunaarashikintar,DFFC
Šarūnas Jasikevičius,arnasjasikeviius,DFFC
Šarūnas Marčiulionis,arnasmariulionis,DFFC
Žan Rudolf,anrudolf,DFFC
Žarko Rakočević,arkorakoevi,DFFC
Željko Bebek,eljkobebek,DFFC
Željko Brkić,eljkobrki,DFFC
