identity,standardized_name,merge_key,source
"""Weird Al"" Yankovic",Weird Al Yankovic,weirdalyankovic,DFFC
2 Tuff Tony,2 Tuff Tony,2tufftony,DFFC
360,360,360,DFFC
A-1,A-1,a1,DFFC
A. C. Green,AC Green,acgreen,DFFC
A. J. Allmendinger,AJ Allmendinger,ajallmendinger,DFFC
A. J. Calloway,AJ Calloway,ajcalloway,DFFC
A. J. Hinch,AJ Hinch,ajhinch,DFFC
A. J. Jefferson,AJ Jefferson,ajjefferson,DFFC
A. J. Jenkins,AJ Jenkins,ajjenkins,DFFC
A. J. Price,AJ Price,ajprice,DFFC
A. James Gregor,A James Gregor,ajamesgregor,DFFC
A. Lee Martinez,A Lee Martinez,aleemartinez,DFFC
A. R. Rahman,AR Rahman,arrahman,DFFC
A.J. Applegate,AJ Applegate,ajapplegate,DFFC
A.J. Styles,AJ Styles,ajstyles,DFFC
ACH,ACH,ach,DFFC
AJ Lee,AJ Lee,ajlee,DFFC
AJ McCarron,AJ McCarron,ajmccarron,DFFC
Aalviar Lima,Aalviar Lima,aalviarlima,DFFC
Aamir Khan,Aamir Khan,aamirkhan,DFFC
Aaro Vainio,Aaro Vainio,aarovainio,DFFC
Aaron Ashmore,Aaron Ashmore,aaronashmore,DFFC
Aaron Bates,Aaron Bates,aaronbates,DFFC
Aaron Berry,Aaron Berry,aaronberry,DFFC
Aaron Brooks,Aaron Brooks,aaronbrooks,DFFC
Aaron Cornelius,Aaron Cornelius,aaroncornelius,DFFC
Aaron Corp,Aaron Corp,aaroncorp,DFFC
Aaron Dessner,Aaron Dessner,aarondessner,DFFC
Aaron Donald,Aaron Donald,aarondonald,DFFC
Aaron Eckhart,Aaron Eckhart,aaroneckhart,DFFC
Aaron Gordon,Aaron Gordon,aarongordon,DFFC
Aaron Gryder,Aaron Gryder,aarongryder,DFFC
Aaron Harrison,Aaron Harrison,aaronharrison,DFFC
Aaron Hughes,Aaron Hughes,aaronhughes,DFFC
Aaron Lim,Aaron Lim,aaronlim,DFFC
Aaron Links,Aaron Links,aaronlinks,DFFC
Aaron Lopresti,Aaron Lopresti,aaronlopresti,DFFC
Aaron Lynch,Aaron Lynch,aaronlynch,DFFC
Aaron Mellette,Aaron Mellette,aaronmellette,DFFC
Aaron North,Aaron North,aaronnorth,DFFC
Aaron O'Connor,Aaron O'Connor,aaronoconnor,DFFC
Aaron Payas,Aaron Payas,aaronpayas,DFFC
Aaron Pierre,Aaron Pierre,aaronpierre,DFFC
Aaron Ramsey,Aaron Ramsey,aaronramsey,DFFC
Aaron Rhind,Aaron Rhind,aaronrhind,DFFC
Aaron Rodgers,Aaron Rodgers,aaronrodgers,DFFC
Aaron Ross,Aaron Ross,aaronross,DFFC
Aaron Sandilands,Aaron Sandilands,aaronsandilands,DFFC
Aaron Smith,Aaron Smith,aaronsmith,DFFC
Aaron Sorkin,Aaron Sorkin,aaronsorkin,DFFC
Aaron Staton,Aaron Staton,aaronstaton,DFFC
Aaron Swartz,Aaron Swartz,aaronswartz,DFFC
Aaron Taylor-Johnson,Aaron Taylor-Johnson,aarontaylorjohnson,DFFC
Aaron Tippin,Aaron Tippin,aarontippin,DFFC
Aaron Tveit,Aaron Tveit,aarontveit,DFFC
Aaron Van Cleave,Aaron Van Cleave,aaronvancleave,DFFC
Aaron Williams,Aaron Williams,aaronwilliams,DFFC
Aaron Yonda,Aaron Yonda,aaronyonda,DFFC
Abby Bishop,Abby Bishop,abbybishop,DFFC
Abby Hoffman,Abby Hoffman,abbyhoffman,DFFC
Abby Sunderland,Abby Sunderland,abbysunderland,DFFC
Abdala Faye,Abdala Faye,abdalafaye,DFFC
Abdelaziz Bennij,Abdelaziz Bennij,abdelazizbennij,DFFC
Abdelhafid Tasfaout,Abdelhafid Tasfaout,abdelhafidtasfaout,DFFC
Abdellatif Kechiche,Abdellatif Kechiche,abdellatifkechiche,DFFC
Abdelmoumene Djabou,Abdelmoumene Djabou,abdelmoumenedjabou,DFFC
Abderrahime Bouramdane,Abderrahime Bouramdane,abderrahimebouramdane,DFFC
Abdolfattah Soltani,Abdolfattah Soltani,abdolfattahsoltani,DFFC
Abdollah Karami,Abdollah Karami,abdollahkarami,DFFC
Abdoulaye Diallo,Abdoulaye Diallo,abdoulayediallo,DFFC
Abdoulaye Doucouré,Abdoulaye Doucouré,abdoulayedoucour,DFFC
Abdul Hafiz,Abdul Hafiz,abdulhafiz,DFFC
Abdul Rashid Ghazi,Abdul Rashid Ghazi,abdulrashidghazi,DFFC
Abduljalil Khalil,Abduljalil Khalil,abduljalilkhalil,DFFC
Abdulkareem Khadr,Abdulkareem Khadr,abdulkareemkhadr,DFFC
Abdullah Avcı,Abdullah Avcı,abdullahavc,DFFC
Abdullah Ercan,Abdullah Ercan,abdullahercan,DFFC
Abdullah Kobayashi,Abdullah Kobayashi,abdullahkobayashi,DFFC
Abdulrahman bin Musa'ad,Abdulrahman bin Musa'ad,abdulrahmanbinmusaad,DFFC
Abebe Fekadu,Abebe Fekadu,abebefekadu,DFFC
Abedin Mahdavi,Abedin Mahdavi,abedinmahdavi,DFFC
Abelardo Fernández,Abelardo Fernández,abelardofernndez,DFFC
Abella Anderson,Abella Anderson,abellaanderson,DFFC
Abera Kuma,Abera Kuma,aberakuma,DFFC
Abhishek Bachchan,Abhishek Bachchan,abhishekbachchan,DFFC
Abhishek Kapoor,Abhishek Kapoor,abhishekkapoor,DFFC
Abigail Spears,Abigail Spears,abigailspears,DFFC
Abigail Spencer,Abigail Spencer,abigailspencer,DFFC
Abraham Mateo,Abraham Mateo,abrahammateo,DFFC
Abreham Cherkos,Abreham Cherkos,abrehamcherkos,DFFC
Abu Bakr al-Baghdadi,Abu Bakr al-Baghdadi,abubakralbaghdadi,DFFC
Abul Fateh,Abul Fateh,abulfateh,DFFC
Abune Paulos,Abune Paulos,abunepaulos,DFFC
Abz Love,Abz Love,abzlove,DFFC
Ace Atkins,Ace Atkins,aceatkins,DFFC
Ace Hood,Ace Hood,acehood,DFFC
Achinoam Nini,Achinoam Nini,achinoamnini,DFFC
Act Yasukawa,Act Yasukawa,actyasukawa,DFFC
Action Bronson,Action Bronson,actionbronson,DFFC
Ad van Luyn,Ad van Luyn,advanluyn,DFFC
Ada Jafri,Ada Jafri,adajafri,DFFC
Adah Sharma,Adah Sharma,adahsharma,DFFC
Adam Bedell,Adam Bedell,adambedell,DFFC
Adam Bielecki,Adam Bielecki,adambielecki,DFFC
Adam Brody,Adam Brody,adambrody,DFFC
Adam Buxton,Adam Buxton,adambuxton,DFFC
Adam Carolla,Adam Carolla,adamcarolla,DFFC
Adam Carriker,Adam Carriker,adamcarriker,DFFC
Adam Casey,Adam Casey,adamcasey,DFFC
Adam Chapman,Adam Chapman,adamchapman,DFFC
Adam D'Apuzzo,Adam D'Apuzzo,adamdapuzzo,DFFC
Adam Dutkiewicz,Adam Dutkiewicz,adamdutkiewicz,DFFC
Adam Duvall,Adam Duvall,adamduvall,DFFC
Adam George,Adam George,adamgeorge,DFFC
Adam Gettis,Adam Gettis,adamgettis,DFFC
Adam Griffin,Adam Griffin,adamgriffin,DFFC
Adam Hansen,Adam Hansen,adamhansen,DFFC
Adam Jones,Adam Jones,adamjones,DFFC
Adam Kellerman,Adam Kellerman,adamkellerman,DFFC
Adam Korol,Adam Korol,adamkorol,DFFC
Adam Kszczot,Adam Kszczot,adamkszczot,DFFC
Adam Lallana,Adam Lallana,adamlallana,DFFC
Adam Lambert,Adam Lambert,adamlambert,DFFC
Adam Loewen,Adam Loewen,adamloewen,DFFC
Adam Lowry,Adam Lowry,adamlowry,DFFC
Adam McQuaid,Adam McQuaid,adammcquaid,DFFC
Adam Podlesh,Adam Podlesh,adampodlesh,DFFC
Adam Rafferty,Adam Rafferty,adamrafferty,DFFC
Adam Rex,Adam Rex,adamrex,DFFC
Adam Rodríguez,Adam Rodríguez,adamrodrguez,DFFC
Adam Sarota,Adam Sarota,adamsarota,DFFC
Adam Savage,Adam Savage,adamsavage,DFFC
Adam Scott,Adam Scott,adamscott,DFFC
Adam Stenavich,Adam Stenavich,adamstenavich,DFFC
Adam Tafralis,Adam Tafralis,adamtafralis,DFFC
Adam Thompson,Adam Thompson,adamthompson,DFFC
Adam Tse,Adam Tse,adamtse,DFFC
Adam Vinatieri,Adam Vinatieri,adamvinatieri,DFFC
Adam Yates,Adam Yates,adamyates,DFFC
Adam Yauch,Adam Yauch,adamyauch,DFFC
Adda Djeziri,Adda Djeziri,addadjeziri,DFFC
Ade Edmondson,Ade Edmondson,adeedmondson,DFFC
Adeel pk,Adeel pk,adeelpk,DFFC
Adelaide Kane,Adelaide Kane,adelaidekane,DFFC
Adeline Canac,Adeline Canac,adelinecanac,DFFC
Adem Ljajić,Adem Ljajić,ademljaji,DFFC
Aderemi Adegbite,Aderemi Adegbite,aderemiadegbite,DFFC
Adewale Akinnuoye-Agbaje,Adewale Akinnuoye-Agbaje,adewaleakinnuoyeagbaje,DFFC
Adie Moses,Adie Moses,adiemoses,DFFC
Aditya Mehta,Aditya Mehta,adityamehta,DFFC
Admir Mehmedi,Admir Mehmedi,admirmehmedi,DFFC
Adnan Farhan Abd Al Latif,Adnan Farhan Abd Al Latif,adnanfarhanabdallatif,DFFC
Adnan Januzaj,Adnan Januzaj,adnanjanuzaj,DFFC
Adolf Burger,Adolf Burger,adolfburger,DFFC
Adolf Winkelmann,Adolf Winkelmann,adolfwinkelmann,DFFC
Adolfo Bautista,Adolfo Bautista,adolfobautista,DFFC
Adolph Cornelis van Bruggen,Adolph Cornelis van Bruggen,adolphcornelisvanbruggen,DFFC
Adolph Peschke,Adolph Peschke,adolphpeschke,DFFC
Adonal Foyle,Adonal Foyle,adonalfoyle,DFFC
Adrian Burk,Adrian Burk,adrianburk,DFFC
Adrian Griffin,Adrian Griffin,adriangriffin,DFFC
Adrian Moss,Adrian Moss,adrianmoss,DFFC
Adrian Mutu,Adrian Mutu,adrianmutu,DFFC
Adrian Newey,Adrian Newey,adriannewey,DFFC
Adrian Pasdar,Adrian Pasdar,adrianpasdar,DFFC
Adrian Paul,Adrian Paul,adrianpaul,DFFC
Adrian Ropotan,Adrian Ropotan,adrianropotan,DFFC
Adrian Sutil,Adrian Sutil,adriansutil,DFFC
Adrian Zahra,Adrian Zahra,adrianzahra,DFFC
Adriana Aparecida da Silva,Adriana Aparecida da Silva,adrianaaparecidadasilva,DFFC
Adriana Barraza,Adriana Barraza,adrianabarraza,DFFC
Adriana Behar,Adriana Behar,adrianabehar,DFFC
Adriana DeSanctis,Adriana DeSanctis,adrianadesanctis,DFFC
Adriana Nikolova,Adriana Nikolova,adriananikolova,DFFC
Adriana Sklenarikova,Adriana Sklenarikova,adrianasklenarikova,DFFC
Adrianna Luna,Adrianna Luna,adriannaluna,DFFC
Adrianne Wadewitz,Adrianne Wadewitz,adriannewadewitz,DFFC
Adriano,Adriano,adriano,DFFC
Adrie van Kraay,Adrie van Kraay,adrievankraay,DFFC
Adrien Brody,Adrien Brody,adrienbrody,DFFC
Adrien Douady,Adrien Douady,adriendouady,DFFC
Adrien Niyonshuti,Adrien Niyonshuti,adrienniyonshuti,DFFC
Adrienne Barbeau,Adrienne Barbeau,adriennebarbeau,DFFC
Adrián,Adrián,adrin,DFFC
Adèle Exarchopoulos,Adèle Exarchopoulos,adleexarchopoulos,DFFC
"Afa Anoaʻi, Jr.","Afa Anoaʻi, Jr",afaanoaijr,DFFC
Afrikan Boy,Afrikan Boy,afrikanboy,DFFC
Afrojack,Afrojack,afrojack,DFFC
Aftab Ahmed,Aftab Ahmed,aftabahmed,DFFC
Aftab Iqbal,Aftab Iqbal,aftabiqbal,DFFC
Afu Agbaria,Afu Agbaria,afuagbaria,DFFC
Agata Tuszyńska,Agata Tuszyńska,agatatuszyska,DFFC
Agathe Bonitzer,Agathe Bonitzer,agathebonitzer,DFFC
Agathe von Trapp,Agathe von Trapp,agathevontrapp,DFFC
Agnetha Fältskog,Agnetha Fältskog,agnethafltskog,DFFC
Agni Sapkota,Agni Sapkota,agnisapkota,DFFC
Agnieszka Radwańska,Agnieszka Radwańska,agnieszkaradwaska,DFFC
Agnus Berenato,Agnus Berenato,agnusberenato,DFFC
Agon Mehmeti,Agon Mehmeti,agonmehmeti,DFFC
Agostinho Cá,Agostinho Cá,agostinhoc,DFFC
Agustí Roc Amador,Agustí Roc Amador,agustrocamador,DFFC
Agustín Orion,Agustín Orion,agustnorion,DFFC
Ah Young,Ah Young,ahyoung,DFFC
Aharon Appelfeld,Aharon Appelfeld,aharonappelfeld,DFFC
Ahmad Al Shugairi,Ahmad Al Shugairi,ahmadalshugairi,DFFC
Ahmad Brooks,Ahmad Brooks,ahmadbrooks,DFFC
Ahmad Elrich,Ahmad Elrich,ahmadelrich,DFFC
Ahmad Faraz,Ahmad Faraz,ahmadfaraz,DFFC
Ahmad Rashād,Ahmad Rashād,ahmadrashd,DFFC
Ahmadulhaq Che Omar,Ahmadulhaq Che Omar,ahmadulhaqcheomar,DFFC
Ahmed Nabil,Ahmed Nabil,ahmednabil,DFFC
Ahmet Yılmaz Çalık,Ahmet Yılmaz Çalık,ahmetylmazalk,DFFC
Ahmet Zappa,Ahmet Zappa,ahmetzappa,DFFC
Ahmet Özhan,Ahmet Özhan,ahmetzhan,DFFC
Ahmet Üzümcü,Ahmet Üzümcü,ahmetzmc,DFFC
Ai Fukuhara,Ai Fukuhara,aifukuhara,DFFC
Ai Haneda,Ai Haneda,aihaneda,DFFC
Ai Miyazato,Ai Miyazato,aimiyazato,DFFC
Ai Shimizu,Ai Shimizu,aishimizu,DFFC
Ai Ueda,Ai Ueda,aiueda,DFFC
Ai Weiwei,Ai Weiwei,aiweiwei,DFFC
Aidan Chippendale,Aidan Chippendale,aidanchippendale,DFFC
Aidan Riley,Aidan Riley,aidanriley,DFFC
Aiden McGeady,Aiden McGeady,aidenmcgeady,DFFC
Aidin Mahmutović,Aidin Mahmutović,aidinmahmutovi,DFFC
Aiga Grabuste,Aiga Grabuste,aigagrabuste,DFFC
Ailyn,Ailyn,ailyn,DFFC
Aimé Jacquet,Aimé Jacquet,aimjacquet,DFFC
Ainars Bagatskis,Ainars Bagatskis,ainarsbagatskis,DFFC
Ainhoa Arteta,Ainhoa Arteta,ainhoaarteta,DFFC
Ainsley Maitland-Niles,Ainsley Maitland-Niles,ainsleymaitlandniles,DFFC
Aishwarya Rai Bachchan,Aishwarya Rai Bachchan,aishwaryaraibachchan,DFFC
Aisleyne Horgan-Wallace,Aisleyne Horgan-Wallace,aisleynehorganwallace,DFFC
Aivars Endziņš,Aivars Endziņš,aivarsendzi,DFFC
Ajit Hutheesing,Ajit Hutheesing,ajithutheesing,DFFC
Akbar Ganji,Akbar Ganji,akbarganji,DFFC
Akeem Davis,Akeem Davis,akeemdavis,DFFC
Akeem Dent,Akeem Dent,akeemdent,DFFC
Akeem Foster,Akeem Foster,akeemfoster,DFFC
Aki Kaurismäki,Aki Kaurismäki,akikaurismki,DFFC
Akiem Hicks,Akiem Hicks,akiemhicks,DFFC
Akihiko Saito,Akihiko Saito,akihikosaito,DFFC
Akiko Suzuki,Akiko Suzuki,akikosuzuki,DFFC
Akin Ayodele,Akin Ayodele,akinayodele,DFFC
Akinori Ogata,Akinori Ogata,akinoriogata,DFFC
Akio Sasaki,Akio Sasaki,akiosasaki,DFFC
Akio Toyoda,Akio Toyoda,akiotoyoda,DFFC
Akrobatik,Akrobatik,akrobatik,DFFC
Aksana Miankova,Aksana Miankova,aksanamiankova,DFFC
Aksel Lund Svindal,Aksel Lund Svindal,aksellundsvindal,DFFC
Akzhurek Tanatarov,Akzhurek Tanatarov,akzhurektanatarov,DFFC
Al Attles,Al Attles,alattles,DFFC
Al Bangura,Al Bangura,albangura,DFFC
Al Barr,Al Barr,albarr,DFFC
Al Borges,Al Borges,alborges,DFFC
Al DeMao,Al DeMao,aldemao,DFFC
Al Feuerbach,Al Feuerbach,alfeuerbach,DFFC
Al Green,Al Green,algreen,DFFC
Al Hansen,Al Hansen,alhansen,DFFC
Al Harrington,Al Harrington,alharrington,DFFC
Al Heist,Al Heist,alheist,DFFC
Al Horford,Al Horford,alhorford,DFFC
Al Jardine,Al Jardine,aljardine,DFFC
Al Jefferson,Al Jefferson,aljefferson,DFFC
Al Jones,Al Jones,aljones,DFFC
Al Jourgensen,Al Jourgensen,aljourgensen,DFFC
Al Kozar,Al Kozar,alkozar,DFFC
Al Michaels,Al Michaels,almichaels,DFFC
Al Mulock,Al Mulock,almulock,DFFC
Al Pacino,Al Pacino,alpacino,DFFC
Al Roker,Al Roker,alroker,DFFC
Al Rosen,Al Rosen,alrosen,DFFC
Al Stewart,Al Stewart,alstewart,DFFC
Al Thornton,Al Thornton,althornton,DFFC
Al Unser,Al Unser,alunser,DFFC
Al Woods,Al Woods,alwoods,DFFC
Al-Muhtadee Billah,Al-Muhtadee Billah,almuhtadeebillah,DFFC
Alain Bergeron,Alain Bergeron,alainbergeron,DFFC
Alain Caveglia,Alain Caveglia,alaincaveglia,DFFC
Alain Duhamel,Alain Duhamel,alainduhamel,DFFC
Alain Giresse,Alain Giresse,alaingiresse,DFFC
Alain Johannes,Alain Johannes,alainjohannes,DFFC
Alain Lemieux,Alain Lemieux,alainlemieux,DFFC
Alain Pellegrini,Alain Pellegrini,alainpellegrini,DFFC
Alain de Benoist,Alain de Benoist,alaindebenoist,DFFC
Alaine Chartrand,Alaine Chartrand,alainechartrand,DFFC
Alan Alda,Alan Alda,alanalda,DFFC
Alan Ashby,Alan Ashby,alanashby,DFFC
Alan Badel,Alan Badel,alanbadel,DFFC
Alan Bennett,Alan Bennett,alanbennett,DFFC
Alan Connell,Alan Connell,alanconnell,DFFC
Alan Dale,Alan Dale,alandale,DFFC
Alan Devonshire,Alan Devonshire,alandevonshire,DFFC
Alan Dunbar,Alan Dunbar,alandunbar,DFFC
Alan Frew,Alan Frew,alanfrew,DFFC
Alan Garcia,Alan Garcia,alangarcia,DFFC
Alan Gordon,Alan Gordon,alangordon,DFFC
Alan Holley,Alan Holley,alanholley,DFFC
Alan Hollinghurst,Alan Hollinghurst,alanhollinghurst,DFFC
Alan Hopes,Alan Hopes,alanhopes,DFFC
Alan Hudson,Alan Hudson,alanhudson,DFFC
Alan Irvine,Alan Irvine,alanirvine,DFFC
Alan Jackson,Alan Jackson,alanjackson,DFFC
Alan Judge,Alan Judge,alanjudge,DFFC
Alan Kasaev,Alan Kasaev,alankasaev,DFFC
Alan Khugayev,Alan Khugayev,alankhugayev,DFFC
Alan Kotok,Alan Kotok,alankotok,DFFC
Alan M. Taylor,Alan M Taylor,alanmtaylor,DFFC
Alan Major,Alan Major,alanmajor,DFFC
Alan Mulally,Alan Mulally,alanmulally,DFFC
Alan Parker,Alan Parker,alanparker,DFFC
Alan Pérez,Alan Pérez,alanprez,DFFC
Alan Ramsay,Alan Ramsay,alanramsay,DFFC
Alan Ritchson,Alan Ritchson,alanritchson,DFFC
Alan Silvestri,Alan Silvestri,alansilvestri,DFFC
Alan Smolinisky,Alan Smolinisky,alansmolinisky,DFFC
Alan Stivell,Alan Stivell,alanstivell,DFFC
Alan Taylor,Alan Taylor,alantaylor,DFFC
Alan Thicke,Alan Thicke,alanthicke,DFFC
Alan Tudyk,Alan Tudyk,alantudyk,DFFC
Alan Walton,Alan Walton,alanwalton,DFFC
Alana Miller,Alana Miller,alanamiller,DFFC
Alana de la Garza,Alana de la Garza,alanadelagarza,DFFC
Alanzinho,Alanzinho,alanzinho,DFFC
Alassane Pléa,Alassane Pléa,alassanepla,DFFC
Alastair Cook,Alastair Cook,alastaircook,DFFC
Alastair Reynolds,Alastair Reynolds,alastairreynolds,DFFC
Alayna Lutkovskaya,Alayna Lutkovskaya,alaynalutkovskaya,DFFC
Alban Meha,Alban Meha,albanmeha,DFFC
Alban Préaubert,Alban Préaubert,albanpraubert,DFFC
Albano Olivetti,Albano Olivetti,albanoolivetti,DFFC
Albert Bregman,Albert Bregman,albertbregman,DFFC
Albert Demchenko,Albert Demchenko,albertdemchenko,DFFC
Albert Ferrer,Albert Ferrer,albertferrer,DFFC
Albert Hofmann,Albert Hofmann,alberthofmann,DFFC
Albert Jorquera,Albert Jorquera,albertjorquera,DFFC
Albert Lilar,Albert Lilar,albertlilar,DFFC
Albert Llovera,Albert Llovera,albertllovera,DFFC
Albert McClellan,Albert McClellan,albertmcclellan,DFFC
Albert Proud,Albert Proud,albertproud,DFFC
Albert Sosnowski,Albert Sosnowski,albertsosnowski,DFFC
Albert Yavuryan,Albert Yavuryan,albertyavuryan,DFFC
"Albert, 12th Prince of Thurn and Taxis","Albert, 12th Prince of Thurn and Taxis",albert12thprinceofthurnandtaxis,DFFC
Albert-László Barabási,Albert-László Barabási,albertlszlbarabsi,DFFC
Alberta Adams,Alberta Adams,albertaadams,DFFC
Alberto Bettiol,Alberto Bettiol,albertobettiol,DFFC
Alberto Contador,Alberto Contador,albertocontador,DFFC
Alberto David,Alberto David,albertodavid,DFFC
Alberto Del Rio,Alberto Del Rio,albertodelrio,DFFC
Alberto Dines,Alberto Dines,albertodines,DFFC
Alberto Gilardino,Alberto Gilardino,albertogilardino,DFFC
Alberto Granado,Alberto Granado,albertogranado,DFFC
Alberto Górriz,Alberto Górriz,albertogrriz,DFFC
Alberto Juantorena,Alberto Juantorena,albertojuantorena,DFFC
Alberto Montt,Alberto Montt,albertomontt,DFFC
Alberto Moreno,Alberto Moreno,albertomoreno,DFFC
Alberto Nogar,Alberto Nogar,albertonogar,DFFC
Alberto Paloschi,Alberto Paloschi,albertopaloschi,DFFC
Alberto Sardiñas,Alberto Sardiñas,albertosardias,DFFC
Alberto Zapater,Alberto Zapater,albertozapater,DFFC
Albina Loginova,Albina Loginova,albinaloginova,DFFC
Albrecht Behmel,Albrecht Behmel,albrechtbehmel,DFFC
Albrecht Wellmer,Albrecht Wellmer,albrechtwellmer,DFFC
Alden Richards,Alden Richards,aldenrichards,DFFC
Aldis Hodge,Aldis Hodge,aldishodge,DFFC
Aldo Poy,Aldo Poy,aldopoy,DFFC
Aldo Teqja,Aldo Teqja,aldoteqja,DFFC
Aldo de Nigris,Aldo de Nigris,aldodenigris,DFFC
Aldon Smith,Aldon Smith,aldonsmith,DFFC
Aldrick Robinson,Aldrick Robinson,aldrickrobinson,DFFC
Alec Urosevski,Alec Urosevski,alecurosevski,DFFC
Aled Jones,Aled Jones,aledjones,DFFC
Aleix Vidal,Aleix Vidal,aleixvidal,DFFC
Alejandra Robles,Alejandra Robles,alejandrarobles,DFFC
Alejandro Arribas,Alejandro Arribas,alejandroarribas,DFFC
Alejandro Borrajo,Alejandro Borrajo,alejandroborrajo,DFFC
Alejandro González,Alejandro González,alejandrogonzlez,DFFC
Alejandro Gómez Monteverde,Alejandro Gómez Monteverde,alejandrogmezmonteverde,DFFC
Alejandro Jodorowsky,Alejandro Jodorowsky,alejandrojodorowsky,DFFC
Alejandro Romay,Alejandro Romay,alejandroromay,DFFC
Aleks Marić,Aleks Marić,aleksmari,DFFC
Aleksandar Aleksić,Aleksandar Aleksić,aleksandaraleksi,DFFC
Aleksandar Boljević,Aleksandar Boljević,aleksandarboljevi,DFFC
Aleksandar Ignjovski,Aleksandar Ignjovski,aleksandarignjovski,DFFC
Aleksandar Kolarov,Aleksandar Kolarov,aleksandarkolarov,DFFC
Aleksandar Kostoski,Aleksandar Kostoski,aleksandarkostoski,DFFC
Aleksandar Luković,Aleksandar Luković,aleksandarlukovi,DFFC
Aleksandar Pavlović,Aleksandar Pavlović,aleksandarpavlovi,DFFC
Aleksandar Rašić,Aleksandar Rašić,aleksandarrai,DFFC
Aleksandar Sarić,Aleksandar Sarić,aleksandarsari,DFFC
Aleksandar Stankov,Aleksandar Stankov,aleksandarstankov,DFFC
Aleksandar Todorov,Aleksandar Todorov,aleksandartodorov,DFFC
Aleksandar Tonev,Aleksandar Tonev,aleksandartonev,DFFC
Aleksandar Trifunović,Aleksandar Trifunović,aleksandartrifunovi,DFFC
Aleksandar Ćapin,Aleksandar Ćapin,aleksandarapin,DFFC
"Aleksander Barkov, Jr.","Aleksander Barkov, Jr",aleksanderbarkovjr,DFFC
Aleksander Burba,Aleksander Burba,aleksanderburba,DFFC
Aleksander Miśta,Aleksander Miśta,aleksandermita,DFFC
Aleksander Wojtkiewicz,Aleksander Wojtkiewicz,aleksanderwojtkiewicz,DFFC
Aleksandr Alkhazov,Aleksandr Alkhazov,aleksandralkhazov,DFFC
Aleksandr Belenov,Aleksandr Belenov,aleksandrbelenov,DFFC
Aleksandr Bukharov,Aleksandr Bukharov,aleksandrbukharov,DFFC
Aleksandr Filippenko,Aleksandr Filippenko,aleksandrfilippenko,DFFC
Aleksandr Filtsov,Aleksandr Filtsov,aleksandrfiltsov,DFFC
Aleksandr Fomichyov,Aleksandr Fomichyov,aleksandrfomichyov,DFFC
Aleksandr Grishin,Aleksandr Grishin,aleksandrgrishin,DFFC
Aleksandr Ilyin,Aleksandr Ilyin,aleksandrilyin,DFFC
Aleksandr Kazakevič,Aleksandr Kazakevič,aleksandrkazakevi,DFFC
Aleksandr Kerzhakov,Aleksandr Kerzhakov,aleksandrkerzhakov,DFFC
Aleksandr Kolomeytsev,Aleksandr Kolomeytsev,aleksandrkolomeytsev,DFFC
Aleksandr Kulagin,Aleksandr Kulagin,aleksandrkulagin,DFFC
Aleksandr Malygin,Aleksandr Malygin,aleksandrmalygin,DFFC
Aleksandr Menkov,Aleksandr Menkov,aleksandrmenkov,DFFC
Aleksandr Panayotov Aleksandrov,Aleksandr Panayotov Aleksandrov,aleksandrpanayotovaleksandrov,DFFC
Aleksandr Prudnikov,Aleksandr Prudnikov,aleksandrprudnikov,DFFC
Aleksandr Samedov,Aleksandr Samedov,aleksandrsamedov,DFFC
Aleksandr Shirko,Aleksandr Shirko,aleksandrshirko,DFFC
Aleksandr Vasilievich Kuligin,Aleksandr Vasilievich Kuligin,aleksandrvasilievichkuligin,DFFC
Aleksandr Yeliseyev,Aleksandr Yeliseyev,aleksandryeliseyev,DFFC
Aleksandra Fedoriva,Aleksandra Fedoriva,aleksandrafedoriva,DFFC
Aleksandra Krunić,Aleksandra Krunić,aleksandrakruni,DFFC
Aleksei Anatolyevich Kozlov,Aleksei Anatolyevich Kozlov,alekseianatolyevichkozlov,DFFC
Aleksei Gubarev,Aleksei Gubarev,alekseigubarev,DFFC
Aleksei Ionov,Aleksei Ionov,alekseiionov,DFFC
Aleksei Lysov,Aleksei Lysov,alekseilysov,DFFC
Aleksey Batalov,Aleksey Batalov,alekseybatalov,DFFC
Aleksey Kamkin,Aleksey Kamkin,alekseykamkin,DFFC
Aleksey Markovsky,Aleksey Markovsky,alekseymarkovsky,DFFC
Aleksey Yakimenko,Aleksey Yakimenko,alekseyyakimenko,DFFC
Aleksi Mäkelä,Aleksi Mäkelä,aleksimkel,DFFC
Alen Halilović,Alen Halilović,alenhalilovi,DFFC
Alena Kaufman,Alena Kaufman,alenakaufman,DFFC
Alena Leonova,Alena Leonova,alenaleonova,DFFC
Alena Shishkova,Alena Shishkova,alenashishkova,DFFC
Alena Zavarzina,Alena Zavarzina,alenazavarzina,DFFC
Alenka Puhar,Alenka Puhar,alenkapuhar,DFFC
Alessandra Ambrosio,Alessandra Ambrosio,alessandraambrosio,DFFC
Alessandro Bruno,Alessandro Bruno,alessandrobruno,DFFC
Alessandro De Marchi,Alessandro De Marchi,alessandrodemarchi,DFFC
Alessandro Del Piero,Alessandro Del Piero,alessandrodelpiero,DFFC
Alessandro Vanotti,Alessandro Vanotti,alessandrovanotti,DFFC
Alessia Trost,Alessia Trost,alessiatrost,DFFC
Alessio Cerci,Alessio Cerci,alessiocerci,DFFC
Alessio Romagnoli,Alessio Romagnoli,alessioromagnoli,DFFC
Aletta van Manen,Aletta van Manen,alettavanmanen,DFFC
Alex,Alex,alex,DFFC
Alex Agase,Alex Agase,alexagase,DFFC
Alex Baumann,Alex Baumann,alexbaumann,DFFC
Alex Belfield,Alex Belfield,alexbelfield,DFFC
Alex Blake,Alex Blake,alexblake,DFFC
Alex Bowman,Alex Bowman,alexbowman,DFFC
Alex Cano,Alex Cano,alexcano,DFFC
Alex Cisak,Alex Cisak,alexcisak,DFFC
Alex Davies,Alex Davies,alexdavies,DFFC
Alex Debón,Alex Debón,alexdebn,DFFC
Alex Dodge,Alex Dodge,alexdodge,DFFC
Alex Dujshebaev,Alex Dujshebaev,alexdujshebaev,DFFC
Alex Dyson,Alex Dyson,alexdyson,DFFC
Alex Ferguson,Alex Ferguson,alexferguson,DFFC
Alex Gaudino,Alex Gaudino,alexgaudino,DFFC
Alex Gibney,Alex Gibney,alexgibney,DFFC
Alex Grant,Alex Grant,alexgrant,DFFC
Alex Grecian,Alex Grecian,alexgrecian,DFFC
Alex Johnson,Alex Johnson,alexjohnson,DFFC
Alex Karbouris,Alex Karbouris,alexkarbouris,DFFC
Alex Kingston,Alex Kingston,alexkingston,DFFC
Alex Kruz,Alex Kruz,alexkruz,DFFC
Alex Lambert,Alex Lambert,alexlambert,DFFC
Alex Lawless,Alex Lawless,alexlawless,DFFC
Alex Lloyd,Alex Lloyd,alexlloyd,DFFC
Alex Lora Cercos,Alex Lora Cercos,alexloracercos,DFFC
Alex MacDowall,Alex MacDowall,alexmacdowall,DFFC
Alex Mack,Alex Mack,alexmack,DFFC
Alex Maestri,Alex Maestri,alexmaestri,DFFC
Alex Meraz,Alex Meraz,alexmeraz,DFFC
Alex Miller,Alex Miller,alexmiller,DFFC
Alex Molinaroli,Alex Molinaroli,alexmolinaroli,DFFC
Alex Monteiro de Lima,Alex Monteiro de Lima,alexmonteirodelima,DFFC
Alex Murphy,Alex Murphy,alexmurphy,DFFC
Alex Nedeljkovic,Alex Nedeljkovic,alexnedeljkovic,DFFC
Alex Newell,Alex Newell,alexnewell,DFFC
Alex Nicholls,Alex Nicholls,alexnicholls,DFFC
Alex Oxlade-Chamberlain,Alex Oxlade-Chamberlain,alexoxladechamberlain,DFFC
Alex Pearce,Alex Pearce,alexpearce,DFFC
Alex Rae,Alex Rae,alexrae,DFFC
Alex Rhodes,Alex Rhodes,alexrhodes,DFFC
Alex Rocco,Alex Rocco,alexrocco,DFFC
Alex Ross Perry,Alex Ross Perry,alexrossperry,DFFC
Alex Sanders,Alex Sanders,alexsanders,DFFC
Alex Saviuk,Alex Saviuk,alexsaviuk,DFFC
Alex Scales,Alex Scales,alexscales,DFFC
Alex Schulman,Alex Schulman,alexschulman,DFFC
Alex Shibutani,Alex Shibutani,alexshibutani,DFFC
Alex Singer,Alex Singer,alexsinger,DFFC
Alex Smithies,Alex Smithies,alexsmithies,DFFC
Alex Tachie-Mensah,Alex Tachie-Mensah,alextachiemensah,DFFC
Alex Teixeira,Alex Teixeira,alexteixeira,DFFC
Alex Torres,Alex Torres,alextorres,DFFC
Alex Trebek,Alex Trebek,alextrebek,DFFC
Alex Turner,Alex Turner,alexturner,DFFC
Alex Wagner,Alex Wagner,alexwagner,DFFC
Alex Whitworth,Alex Whitworth,alexwhitworth,DFFC
Alex Wilkinson,Alex Wilkinson,alexwilkinson,DFFC
Alex Winter,Alex Winter,alexwinter,DFFC
Alex de Angelis,Alex de Angelis,alexdeangelis,DFFC
Alexa Bliss,Alexa Bliss,alexabliss,DFFC
Alexa Feser,Alexa Feser,alexafeser,DFFC
Alexa Havins,Alexa Havins,alexahavins,DFFC
Alexa Ray Joel,Alexa Ray Joel,alexarayjoel,DFFC
Alexander Abt,Alexander Abt,alexanderabt,DFFC
Alexander Armstrong,Alexander Armstrong,alexanderarmstrong,DFFC
Alexander Bălănescu,Alexander Bălănescu,alexanderblnescu,DFFC
"Alexander Cary, Master of Falkland","Alexander Cary, Master of Falkland",alexandercarymasteroffalkland,DFFC
Alexander Choupenitch,Alexander Choupenitch,alexanderchoupenitch,DFFC
Alexander Dale Oen,Alexander Dale Oen,alexanderdaleoen,DFFC
"Alexander Douglas-Hamilton, 16th Duke of Hamilton","Alexander Douglas-Hamilton, 16th Duke of Hamilton",alexanderdouglashamilton16thdukeofhamilton,DFFC
Alexander Gauland,Alexander Gauland,alexandergauland,DFFC
Alexander Grachev,Alexander Grachev,alexandergrachev,DFFC
Alexander Hacke,Alexander Hacke,alexanderhacke,DFFC
Alexander Halavais,Alexander Halavais,alexanderhalavais,DFFC
Alexander Kačaniklić,Alexander Kačaniklić,alexanderkaanikli,DFFC
Alexander Khodakovsky,Alexander Khodakovsky,alexanderkhodakovsky,DFFC
Alexander Koch,Alexander Koch,alexanderkoch,DFFC
Alexander Koreshkov,Alexander Koreshkov,alexanderkoreshkov,DFFC
Alexander Kosenkow,Alexander Kosenkow,alexanderkosenkow,DFFC
Alexander Kravchenko,Alexander Kravchenko,alexanderkravchenko,DFFC
Alexander König,Alexander König,alexanderknig,DFFC
Alexander L. Wolf,Alexander L Wolf,alexanderlwolf,DFFC
Alexander Massialas,Alexander Massialas,alexandermassialas,DFFC
Alexander McQueen,Alexander McQueen,alexandermcqueen,DFFC
Alexander Norén,Alexander Norén,alexandernorn,DFFC
Alexander Payne,Alexander Payne,alexanderpayne,DFFC
Alexander Peternell,Alexander Peternell,alexanderpeternell,DFFC
Alexander Porsev,Alexander Porsev,alexanderporsev,DFFC
Alexander Rusev,Alexander Rusev,alexanderrusev,DFFC
Alexander Shakalov,Alexander Shakalov,alexandershakalov,DFFC
Alexander Shlemenko,Alexander Shlemenko,alexandershlemenko,DFFC
Alexander Sims,Alexander Sims,alexandersims,DFFC
Alexander Smirnov,Alexander Smirnov,alexandersmirnov,DFFC
Alexander Søderlund,Alexander Søderlund,alexandersderlund,DFFC
Alexander Tikhonov,Alexander Tikhonov,alexandertikhonov,DFFC
Alexander Vlahos,Alexander Vlahos,alexandervlahos,DFFC
Alexander Volkov,Alexander Volkov,alexandervolkov,DFFC
Alexander Wennberg,Alexander Wennberg,alexanderwennberg,DFFC
Alexander Zhulin,Alexander Zhulin,alexanderzhulin,DFFC
"Alexander, Crown Prince of Yugoslavia","Alexander, Crown Prince of Yugoslavia",alexandercrownprinceofyugoslavia,DFFC
Alexandr Kolobnev,Alexandr Kolobnev,alexandrkolobnev,DFFC
Alexandr Sukhorukov,Alexandr Sukhorukov,alexandrsukhorukov,DFFC
Alexandra Burchenkova,Alexandra Burchenkova,alexandraburchenkova,DFFC
Alexandra Burke,Alexandra Burke,alexandraburke,DFFC
Alexandra Escobar,Alexandra Escobar,alexandraescobar,DFFC
Alexandra Krosney,Alexandra Krosney,alexandrakrosney,DFFC
Alexandra Obolentseva,Alexandra Obolentseva,alexandraobolentseva,DFFC
Alexandra Paul,Alexandra Paul,alexandrapaul,DFFC
Alexandra Pelosi,Alexandra Pelosi,alexandrapelosi,DFFC
Alexandra Quinn,Alexandra Quinn,alexandraquinn,DFFC
Alexandra Rosenfeld,Alexandra Rosenfeld,alexandrarosenfeld,DFFC
Alexandra Sahlen,Alexandra Sahlen,alexandrasahlen,DFFC
Alexandra Silk,Alexandra Silk,alexandrasilk,DFFC
Alexandra Stan,Alexandra Stan,alexandrastan,DFFC
Alexandra Stepanova,Alexandra Stepanova,alexandrastepanova,DFFC
Alexandra Szarvas,Alexandra Szarvas,alexandraszarvas,DFFC
Alexandre Fadeev,Alexandre Fadeev,alexandrefadeev,DFFC
Alexandre Luiz Fernandes,Alexandre Luiz Fernandes,alexandreluizfernandes,DFFC
Alexandre Pato,Alexandre Pato,alexandrepato,DFFC
Alexandre Prémat,Alexandre Prémat,alexandreprmat,DFFC
Alexandre Sap,Alexandre Sap,alexandresap,DFFC
Alexandria Mills,Alexandria Mills,alexandriamills,DFFC
Alexandros Tzorvas,Alexandros Tzorvas,alexandrostzorvas,DFFC
Alexandru Chipciu,Alexandru Chipciu,alexandruchipciu,DFFC
Alexei Kalyuzhny,Alexei Kalyuzhny,alexeikalyuzhny,DFFC
Alexei Kovalev,Alexei Kovalev,alexeikovalev,DFFC
Alexei Menshikov,Alexei Menshikov,alexeimenshikov,DFFC
Alexei Mishin,Alexei Mishin,alexeimishin,DFFC
Alexei Ratmansky,Alexei Ratmansky,alexeiratmansky,DFFC
Alexei Rogonov,Alexei Rogonov,alexeirogonov,DFFC
Alexei Shirov,Alexei Shirov,alexeishirov,DFFC
Alexei Sitnikov,Alexei Sitnikov,alexeisitnikov,DFFC
Alexey Amosov,Alexey Amosov,alexeyamosov,DFFC
Alexey Lutsenko,Alexey Lutsenko,alexeylutsenko,DFFC
Alexey Novikov-Priboy,Alexey Novikov-Priboy,alexeynovikovpriboy,DFFC
Alexey Rubtsov,Alexey Rubtsov,alexeyrubtsov,DFFC
Alexey Shved,Alexey Shved,alexeyshved,DFFC
Alexi Lalas,Alexi Lalas,alexilalas,DFFC
Alexis Ajinça,Alexis Ajinça,alexisajina,DFFC
Alexis Amore,Alexis Amore,alexisamore,DFFC
Alexis Arquette,Alexis Arquette,alexisarquette,DFFC
Alexis Blin,Alexis Blin,alexisblin,DFFC
Alexis Gougeard,Alexis Gougeard,alexisgougeard,DFFC
Alexis Jordan,Alexis Jordan,alexisjordan,DFFC
Alexis Kanner,Alexis Kanner,alexiskanner,DFFC
Alexis Knapp,Alexis Knapp,alexisknapp,DFFC
Alexis Smith,Alexis Smith,alexissmith,DFFC
Alexis Texas,Alexis Texas,alexistexas,DFFC
Alexis Vuillermoz,Alexis Vuillermoz,alexisvuillermoz,DFFC
Alf Bigden,Alf Bigden,alfbigden,DFFC
Alf Rehn,Alf Rehn,alfrehn,DFFC
Alfie Boe,Alfie Boe,alfieboe,DFFC
Alfie Burden,Alfie Burden,alfieburden,DFFC
Alfie Potter,Alfie Potter,alfiepotter,DFFC
Alfio Basile,Alfio Basile,alfiobasile,DFFC
"Alfred ""Pee Wee"" Ellis",Alfred Pee Wee Ellis,alfredpeeweeellis,DFFC
Alfred Aboya,Alfred Aboya,alfredaboya,DFFC
Alfred Dorfer,Alfred Dorfer,alfreddorfer,DFFC
Alfred Enoch,Alfred Enoch,alfredenoch,DFFC
Alfred Landé,Alfred Landé,alfredland,DFFC
Alfred Molina,Alfred Molina,alfredmolina,DFFC
Alfred Schmidt,Alfred Schmidt,alfredschmidt,DFFC
Alfred Thomson,Alfred Thomson,alfredthomson,DFFC
Alfredo Bryce,Alfredo Bryce,alfredobryce,DFFC
Alfredo Ottaviani,Alfredo Ottaviani,alfredoottaviani,DFFC
Alfredo Palacio,Alfredo Palacio,alfredopalacio,DFFC
Ali Abbas Al-Hilfi,Ali Abbas Al-Hilfi,aliabbasalhilfi,DFFC
Ali Ansarian,Ali Ansarian,aliansarian,DFFC
Ali Campbell,Ali Campbell,alicampbell,DFFC
Ali Daei,Ali Daei,alidaei,DFFC
Ali Farokhmanesh,Ali Farokhmanesh,alifarokhmanesh,DFFC
Ali Fasir,Ali Fasir,alifasir,DFFC
Ali Hewson,Ali Hewson,alihewson,DFFC
Ali Mabkhout,Ali Mabkhout,alimabkhout,DFFC
Ali Mejbel Fartoos,Ali Mejbel Fartoos,alimejbelfartoos,DFFC
Ali Nazifkar,Ali Nazifkar,alinazifkar,DFFC
Ali Salem Tamek,Ali Salem Tamek,alisalemtamek,DFFC
Ali Shaheed Muhammad,Ali Shaheed Muhammad,alishaheedmuhammad,DFFC
Ali Traoré,Ali Traoré,alitraor,DFFC
Ali İhsan Varol,Ali İhsan Varol,aliihsanvarol,DFFC
Alia Bhatt,Alia Bhatt,aliabhatt,DFFC
Alia Shawkat,Alia Shawkat,aliashawkat,DFFC
Alice Amter,Alice Amter,aliceamter,DFFC
Alice Burdeu,Alice Burdeu,aliceburdeu,DFFC
Alice David,Alice David,alicedavid,DFFC
Alice Dellal,Alice Dellal,alicedellal,DFFC
Alice Eve,Alice Eve,aliceeve,DFFC
Alice Krige,Alice Krige,alicekrige,DFFC
Alice Neel,Alice Neel,aliceneel,DFFC
Alice Parisi,Alice Parisi,aliceparisi,DFFC
Alice Pol,Alice Pol,alicepol,DFFC
Alice Schlesinger,Alice Schlesinger,aliceschlesinger,DFFC
Alice Svensson,Alice Svensson,alicesvensson,DFFC
Alice Taglioni,Alice Taglioni,alicetaglioni,DFFC
Alice Upcott,Alice Upcott,aliceupcott,DFFC
Alice Walker,Alice Walker,alicewalker,DFFC
Alice Walton,Alice Walton,alicewalton,DFFC
Alice Waters,Alice Waters,alicewaters,DFFC
Alicia Ashley,Alicia Ashley,aliciaashley,DFFC
Alicia Coppola,Alicia Coppola,aliciacoppola,DFFC
Alicia Fox,Alicia Fox,aliciafox,DFFC
Alicia Keys,Alicia Keys,aliciakeys,DFFC
Alicia Sacramone,Alicia Sacramone,aliciasacramone,DFFC
Alicia Silverstone,Alicia Silverstone,aliciasilverstone,DFFC
Alicia Vikander,Alicia Vikander,aliciavikander,DFFC
Alicia Witt,Alicia Witt,aliciawitt,DFFC
Alicja Majewska,Alicja Majewska,alicjamajewska,DFFC
Alien Huang,Alien Huang,alienhuang,DFFC
Alim Qasimov,Alim Qasimov,alimqasimov,DFFC
Alimzhan Tokhtakhunov,Alimzhan Tokhtakhunov,alimzhantokhtakhunov,DFFC
Alin Badea,Alin Badea,alinbadea,DFFC
Alina Fernández,Alina Fernández,alinafernndez,DFFC
Alina Jidkova,Alina Jidkova,alinajidkova,DFFC
Alina Komashchuk,Alina Komashchuk,alinakomashchuk,DFFC
Alina Makarenko,Alina Makarenko,alinamakarenko,DFFC
Aline Focken,Aline Focken,alinefocken,DFFC
Aline Küppenheim,Aline Küppenheim,alinekppenheim,DFFC
Aline Weber,Aline Weber,alineweber,DFFC
Alinne Moraes,Alinne Moraes,alinnemoraes,DFFC
Aliona Dubinina,Aliona Dubinina,alionadubinina,DFFC
Aliona Savchenko,Aliona Savchenko,alionasavchenko,DFFC
Alisa Galliamova,Alisa Galliamova,alisagalliamova,DFFC
Alisa Harvey,Alisa Harvey,alisaharvey,DFFC
Alisa Melekhina,Alisa Melekhina,alisamelekhina,DFFC
Alisha Inacio,Alisha Inacio,alishainacio,DFFC
Alison Balsom,Alison Balsom,alisonbalsom,DFFC
Alison Brie,Alison Brie,alisonbrie,DFFC
Alison Carroll,Alison Carroll,alisoncarroll,DFFC
Alison Geissler,Alison Geissler,alisongeissler,DFFC
Alison Goldfrapp,Alison Goldfrapp,alisongoldfrapp,DFFC
Alison Gopnik,Alison Gopnik,alisongopnik,DFFC
Alison Krauss,Alison Krauss,alisonkrauss,DFFC
Alison Lohman,Alison Lohman,alisonlohman,DFFC
Alison Moyet,Alison Moyet,alisonmoyet,DFFC
Alison O'Donnell,Alison O'Donnell,alisonodonnell,DFFC
Alison Quinn,Alison Quinn,alisonquinn,DFFC
Alison Riske,Alison Riske,alisonriske,DFFC
Alison Steadman,Alison Steadman,alisonsteadman,DFFC
Alison Stewart,Alison Stewart,alisonstewart,DFFC
Alison Sweeney,Alison Sweeney,alisonsweeney,DFFC
Alison Sydor,Alison Sydor,alisonsydor,DFFC
Alistair MacLeod,Alistair MacLeod,alistairmacleod,DFFC
Aliza Sherman,Aliza Sherman,alizasherman,DFFC
Alizé Cornet,Alizé Cornet,alizcornet,DFFC
Alizé Lim,Alizé Lim,alizlim,DFFC
Alizée,Alizée,alize,DFFC
Alizée Dufraisse,Alizée Dufraisse,alizedufraisse,DFFC
Alla Demidova,Alla Demidova,allademidova,DFFC
Allahshukur Pashazadeh,Allahshukur Pashazadeh,allahshukurpashazadeh,DFFC
Allan Dykstra,Allan Dykstra,allandykstra,DFFC
Allan Fotheringham,Allan Fotheringham,allanfotheringham,DFFC
Allan Hansen,Allan Hansen,allanhansen,DFFC
Allan Hobson,Allan Hobson,allanhobson,DFFC
Allan Rich,Allan Rich,allanrich,DFFC
Allan Vainola,Allan Vainola,allanvainola,DFFC
Allan Wanga,Allan Wanga,allanwanga,DFFC
Allan Warren,Allan Warren,allanwarren,DFFC
Allel Boukhalfa,Allel Boukhalfa,allelboukhalfa,DFFC
Allen B. DuMont,Allen B DuMont,allenbdumont,DFFC
Allen Drury,Allen Drury,allendrury,DFFC
Allen Leech,Allen Leech,allenleech,DFFC
Allen Patrick,Allen Patrick,allenpatrick,DFFC
Allen Stone,Allen Stone,allenstone,DFFC
Allen York,Allen York,allenyork,DFFC
Allie DiMeco,Allie DiMeco,alliedimeco,DFFC
Allie Grant,Allie Grant,alliegrant,DFFC
Allie Hann-McCurdy,Allie Hann-McCurdy,alliehannmccurdy,DFFC
Allie MacDonald,Allie MacDonald,alliemacdonald,DFFC
Allie Reynolds,Allie Reynolds,alliereynolds,DFFC
Allison Harvard,Allison Harvard,allisonharvard,DFFC
Allison Iraheta,Allison Iraheta,allisoniraheta,DFFC
Allison Janney,Allison Janney,allisonjanney,DFFC
Allison Tolman,Allison Tolman,allisontolman,DFFC
Allison Williams,Allison Williams,allisonwilliams,DFFC
Ally Sheedy,Ally Sheedy,allysheedy,DFFC
Allyson Felix,Allyson Felix,allysonfelix,DFFC
Alma Smith Jacobs,Alma Smith Jacobs,almasmithjacobs,DFFC
Almami Moreira,Almami Moreira,almamimoreira,DFFC
Almen Abdi,Almen Abdi,almenabdi,DFFC
Alon Day,Alon Day,alonday,DFFC
Alona Bondarenko,Alona Bondarenko,alonabondarenko,DFFC
Alondra Johnson,Alondra Johnson,alondrajohnson,DFFC
Alonzo Mourning,Alonzo Mourning,alonzomourning,DFFC
Aloysius Yap,Aloysius Yap,aloysiusyap,DFFC
Alpaslan Öztürk,Alpaslan Öztürk,alpaslanztrk,DFFC
Alper Potuk,Alper Potuk,alperpotuk,DFFC
Alpha Blondy,Alpha Blondy,alphablondy,DFFC
"Alphonse ""Bois Sec"" Ardoin",Alphonse Bois Sec Ardoin,alphonseboissecardoin,DFFC
Alshon Jeffery,Alshon Jeffery,alshonjeffery,DFFC
Alun Cochrane,Alun Cochrane,aluncochrane,DFFC
Alun Evans,Alun Evans,alunevans,DFFC
Alurista,Alurista,alurista,DFFC
Alvin Lee,Alvin Lee,alvinlee,DFFC
Alvin Toffler,Alvin Toffler,alvintoffler,DFFC
Aly Raisman,Aly Raisman,alyraisman,DFFC
Alyaksandr Kulchy,Alyaksandr Kulchy,alyaksandrkulchy,DFFC
Alycia Debnam-Carey,Alycia Debnam-Carey,alyciadebnamcarey,DFFC
Alyona Lanskaya,Alyona Lanskaya,alyonalanskaya,DFFC
Alyosha,Alyosha,alyosha,DFFC
Alysia Montaño,Alysia Montaño,alysiamontao,DFFC
Alysia Reiner,Alysia Reiner,alysiareiner,DFFC
Alyson Stoner,Alyson Stoner,alysonstoner,DFFC
Alyssa Mautz,Alyssa Mautz,alyssamautz,DFFC
Alīna Fjodorova,Alīna Fjodorova,alnafjodorova,DFFC
Amaia Montero,Amaia Montero,amaiamontero,DFFC
Amal Clooney,Amal Clooney,amalclooney,DFFC
Amala Shankar,Amala Shankar,amalashankar,DFFC
Amanda Billings,Amanda Billings,amandabillings,DFFC
Amanda Carter,Amanda Carter,amandacarter,DFFC
Amanda Crew,Amanda Crew,amandacrew,DFFC
Amanda Evora,Amanda Evora,amandaevora,DFFC
Amanda Fowler,Amanda Fowler,amandafowler,DFFC
Amanda Fraser,Amanda Fraser,amandafraser,DFFC
Amanda Jenssen,Amanda Jenssen,amandajenssen,DFFC
Amanda Kurtović,Amanda Kurtović,amandakurtovi,DFFC
Amanda Peet,Amanda Peet,amandapeet,DFFC
Amanda Pennekamp,Amanda Pennekamp,amandapennekamp,DFFC
Amanda Redman,Amanda Redman,amandaredman,DFFC
Amanda Righetti,Amanda Righetti,amandarighetti,DFFC
Amanda Schulman,Amanda Schulman,amandaschulman,DFFC
Amanda Seyfried,Amanda Seyfried,amandaseyfried,DFFC
Amanda Shaw,Amanda Shaw,amandashaw,DFFC
Amanda Tapping,Amanda Tapping,amandatapping,DFFC
Amanda Velenosi,Amanda Velenosi,amandavelenosi,DFFC
Amanda Vilanova,Amanda Vilanova,amandavilanova,DFFC
Amantle Montsho,Amantle Montsho,amantlemontsho,DFFC
Amar'e Stoudemire,Amar'e Stoudemire,amarestoudemire,DFFC
Amat Escalante,Amat Escalante,amatescalante,DFFC
Amaël Moinard,Amaël Moinard,amalmoinard,DFFC
Amber Coffman,Amber Coffman,ambercoffman,DFFC
Amber Corwin,Amber Corwin,ambercorwin,DFFC
Amber Lawrence,Amber Lawrence,amberlawrence,DFFC
Amber Le Bon,Amber Le Bon,amberlebon,DFFC
Amber Liu,Amber Liu,amberliu,DFFC
Amber MacArthur,Amber MacArthur,ambermacarthur,DFFC
Amber Neben,Amber Neben,amberneben,DFFC
Amber Neilson,Amber Neilson,amberneilson,DFFC
Amber O'Neal,Amber O'Neal,amberoneal,DFFC
Amber Rayne,Amber Rayne,amberrayne,DFFC
Amber Valletta,Amber Valletta,ambervalletta,DFFC
Ambrose Akinmusire,Ambrose Akinmusire,ambroseakinmusire,DFFC
Ambrosine Phillpotts,Ambrosine Phillpotts,ambrosinephillpotts,DFFC
Amela Terzić,Amela Terzić,amelaterzi,DFFC
Amell Santana,Amell Santana,amellsantana,DFFC
American Idol,American Idol,americanidol,DFFC
Ami Suzuki,Ami Suzuki,amisuzuki,DFFC
Amin Askar,Amin Askar,aminaskar,DFFC
Aminata Savadogo,Aminata Savadogo,aminatasavadogo,DFFC
Amir Abo-Shaeer,Amir Abo-Shaeer,amiraboshaeer,DFFC
Amir Abrashi,Amir Abrashi,amirabrashi,DFFC
Amir Mansour,Amir Mansour,amirmansour,DFFC
Amir Nojan,Amir Nojan,amirnojan,DFFC
Amir Taaki,Amir Taaki,amirtaaki,DFFC
Amjad Kalaf,Amjad Kalaf,amjadkalaf,DFFC
Aml Ameen,Aml Ameen,amlameen,DFFC
Amobi Okugo,Amobi Okugo,amobiokugo,DFFC
Amory Lovins,Amory Lovins,amorylovins,DFFC
Amos Bar,Amos Bar,amosbar,DFFC
Amos Gitai,Amos Gitai,amosgitai,DFFC
Amos Yudan,Amos Yudan,amosyudan,DFFC
Amrita Puri,Amrita Puri,amritapuri,DFFC
Amruta Subhash,Amruta Subhash,amrutasubhash,DFFC
Amy Acker,Amy Acker,amyacker,DFFC
Amy Brenneman,Amy Brenneman,amybrenneman,DFFC
Amy Chua,Amy Chua,amychua,DFFC
Amy Diamond,Amy Diamond,amydiamond,DFFC
Amy Fisher,Amy Fisher,amyfisher,DFFC
Amy Goodman,Amy Goodman,amygoodman,DFFC
Amy Hill,Amy Hill,amyhill,DFFC
Amy Jo Johnson,Amy Jo Johnson,amyjojohnson,DFFC
Amy Kane,Amy Kane,amykane,DFFC
Amy LePeilbet,Amy LePeilbet,amylepeilbet,DFFC
Amy Lee,Amy Lee,amylee,DFFC
Amy Macdonald,Amy Macdonald,amymacdonald,DFFC
Amy Ray,Amy Ray,amyray,DFFC
Amy Reeder,Amy Reeder,amyreeder,DFFC
Amy Ried,Amy Ried,amyried,DFFC
Amy Vitale,Amy Vitale,amyvitale,DFFC
Amy Winehouse,Amy Winehouse,amywinehouse,DFFC
Amy Yang,Amy Yang,amyyang,DFFC
Américo Gallego,Américo Gallego,amricogallego,DFFC
AnNa R.,AnNa R,annar,DFFC
Ana Beatriz,Ana Beatriz,anabeatriz,DFFC
Ana Bertha Lepe,Ana Bertha Lepe,anaberthalepe,DFFC
Ana Bogdan,Ana Bogdan,anabogdan,DFFC
Ana Carolina,Ana Carolina,anacarolina,DFFC
Ana Derșidan-Ene-Pascu,Ana Derșidan-Ene-Pascu,anaderidanenepascu,DFFC
Ana Girardot,Ana Girardot,anagirardot,DFFC
Ana Jelušić,Ana Jelušić,anajelui,DFFC
Ana Johnsson,Ana Johnsson,anajohnsson,DFFC
Ana María Polo,Ana María Polo,anamarapolo,DFFC
Ana Matnadze,Ana Matnadze,anamatnadze,DFFC
Ana Matronic,Ana Matronic,anamatronic,DFFC
Ana Patricia Botín,Ana Patricia Botín,anapatriciabotn,DFFC
Ana Rocha,Ana Rocha,anarocha,DFFC
Ana Srebrnič,Ana Srebrnič,anasrebrni,DFFC
Ana Vidović,Ana Vidović,anavidovi,DFFC
Ana-Maria Crnogorčević,Ana-Maria Crnogorčević,anamariacrnogorevi,DFFC
Anabel Balkenhol,Anabel Balkenhol,anabelbalkenhol,DFFC
Anand Gandhi,Anand Gandhi,anandgandhi,DFFC
Anastasia Bucsis,Anastasia Bucsis,anastasiabucsis,DFFC
Anastasia Gimazetdinova,Anastasia Gimazetdinova,anastasiagimazetdinova,DFFC
Anastasia Grymalska,Anastasia Grymalska,anastasiagrymalska,DFFC
Anastasia Ivankova,Anastasia Ivankova,anastasiaivankova,DFFC
Anastasia Martiusheva,Anastasia Martiusheva,anastasiamartiusheva,DFFC
Anastasia Mayo,Anastasia Mayo,anastasiamayo,DFFC
Anastasia Nazarenko,Anastasia Nazarenko,anastasianazarenko,DFFC
Anastasia Pivovarova,Anastasia Pivovarova,anastasiapivovarova,DFFC
Anastasia Platonova,Anastasia Platonova,anastasiaplatonova,DFFC
Anastasiya Kapachinskaya,Anastasiya Kapachinskaya,anastasiyakapachinskaya,DFFC
Anastasiya Markovich,Anastasiya Markovich,anastasiyamarkovich,DFFC
Anastassia Morkovkina,Anastassia Morkovkina,anastassiamorkovkina,DFFC
Anatol Zhabotinsky,Anatol Zhabotinsky,anatolzhabotinsky,DFFC
Anatoli Firsov,Anatoli Firsov,anatolifirsov,DFFC
Anatoliy Zlenko,Anatoliy Zlenko,anatoliyzlenko,DFFC
Anatoly Kudryavitsky,Anatoly Kudryavitsky,anatolykudryavitsky,DFFC
Anaïs Mitchell,Anaïs Mitchell,anasmitchell,DFFC
Anaïs Ventard,Anaïs Ventard,anasventard,DFFC
Anders Bardal,Anders Bardal,andersbardal,DFFC
Anders Bárány,Anders Bárány,andersbrny,DFFC
Anders Fager,Anders Fager,andersfager,DFFC
Anders Holm,Anders Holm,andersholm,DFFC
Anders Holmertz,Anders Holmertz,andersholmertz,DFFC
Anders Konradsen,Anders Konradsen,anderskonradsen,DFFC
Anders Lundin,Anders Lundin,anderslundin,DFFC
Anders Wejryd,Anders Wejryd,anderswejryd,DFFC
Andi Herzog,Andi Herzog,andiherzog,DFFC
Andi Lila,Andi Lila,andilila,DFFC
Andik Vermansyah,Andik Vermansyah,andikvermansyah,DFFC
Andray Blatche,Andray Blatche,andrayblatche,DFFC
Andre Braugher,Andre Braugher,andrebraugher,DFFC
Andre Carter,Andre Carter,andrecarter,DFFC
Andre Dawkins,Andre Dawkins,andredawkins,DFFC
Andre Deveaux,Andre Deveaux,andredeveaux,DFFC
Andre Drummond,Andre Drummond,andredrummond,DFFC
Andre Heidari,Andre Heidari,andreheidari,DFFC
Andre Matos,Andre Matos,andrematos,DFFC
Andre Miller,Andre Miller,andremiller,DFFC
Andre Reed,Andre Reed,andrereed,DFFC
Andre Waters,Andre Waters,andrewaters,DFFC
Andrea Arnold,Andrea Arnold,andreaarnold,DFFC
Andrea Bertolini,Andrea Bertolini,andreabertolini,DFFC
Andrea Bowen,Andrea Bowen,andreabowen,DFFC
Andrea Collarini,Andrea Collarini,andreacollarini,DFFC
Andrea Davidovich,Andrea Davidovich,andreadavidovich,DFFC
Andrea Dossena,Andrea Dossena,andreadossena,DFFC
Andrea Dovizioso,Andrea Dovizioso,andreadovizioso,DFFC
Andrea Echeverri,Andrea Echeverri,andreaecheverri,DFFC
Andrea Fischbacher,Andrea Fischbacher,andreafischbacher,DFFC
Andrea Giani,Andrea Giani,andreagiani,DFFC
Andrea Guardini,Andrea Guardini,andreaguardini,DFFC
Andrea Gámiz,Andrea Gámiz,andreagmiz,DFFC
Andrea Hlaváčková,Andrea Hlaváčková,andreahlavkov,DFFC
Andrea Iannone,Andrea Iannone,andreaiannone,DFFC
Andrea James,Andrea James,andreajames,DFFC
Andrea Jeremiah,Andrea Jeremiah,andreajeremiah,DFFC
Andrea King,Andrea King,andreaking,DFFC
Andrea Kreuzer,Andrea Kreuzer,andreakreuzer,DFFC
Andrea Poli,Andrea Poli,andreapoli,DFFC
Andrea Raggi,Andrea Raggi,andrearaggi,DFFC
Andrea Riseborough,Andrea Riseborough,andreariseborough,DFFC
Andrea Thompson,Andrea Thompson,andreathompson,DFFC
Andrea Trinchieri,Andrea Trinchieri,andreatrinchieri,DFFC
Andrea Zordan,Andrea Zordan,andreazordan,DFFC
Andrea Šušnjara,Andrea Šušnjara,andreaunjara,DFFC
Andreas Beck,Andreas Beck,andreasbeck,DFFC
Andreas Bergmann,Andreas Bergmann,andreasbergmann,DFFC
Andreas Bourani,Andreas Bourani,andreasbourani,DFFC
Andreas Engel,Andreas Engel,andreasengel,DFFC
Andreas Glyniadakis,Andreas Glyniadakis,andreasglyniadakis,DFFC
Andreas Hofmann,Andreas Hofmann,andreashofmann,DFFC
Andreas Isaksson,Andreas Isaksson,andreasisaksson,DFFC
Andreas Ivanschitz,Andreas Ivanschitz,andreasivanschitz,DFFC
Andreas Johnson,Andreas Johnson,andreasjohnson,DFFC
Andreas Kappes,Andreas Kappes,andreaskappes,DFFC
Andreas Kisser,Andreas Kisser,andreaskisser,DFFC
Andreas Köpke,Andreas Köpke,andreaskpke,DFFC
Andreas Makris,Andreas Makris,andreasmakris,DFFC
Andreas Mjøs,Andreas Mjøs,andreasmjs,DFFC
Andreas Nilsson,Andreas Nilsson,andreasnilsson,DFFC
Andreas Ottl,Andreas Ottl,andreasottl,DFFC
Andreas Pietschmann,Andreas Pietschmann,andreaspietschmann,DFFC
Andreas Raudsepp,Andreas Raudsepp,andreasraudsepp,DFFC
Andreas Reinke,Andreas Reinke,andreasreinke,DFFC
Andreas Scholl,Andreas Scholl,andreasscholl,DFFC
Andreas Seppi,Andreas Seppi,andreasseppi,DFFC
Andreas Siljeström,Andreas Siljeström,andreassiljestrm,DFFC
Andreas Thiel,Andreas Thiel,andreasthiel,DFFC
Andreas Vojta,Andreas Vojta,andreasvojta,DFFC
Andreas Weimann,Andreas Weimann,andreasweimann,DFFC
Andreas Widhölzl,Andreas Widhölzl,andreaswidhlzl,DFFC
Andreea Mitu,Andreea Mitu,andreeamitu,DFFC
Andrei Aramnau,Andrei Aramnau,andreiaramnau,DFFC
Andrei Bahdanovich,Andrei Bahdanovich,andreibahdanovich,DFFC
Andrei Deputat,Andrei Deputat,andreideputat,DFFC
Andrei Gavrilin,Andrei Gavrilin,andreigavrilin,DFFC
Andrei Gorbanets,Andrei Gorbanets,andreigorbanets,DFFC
Andrei Lutai,Andrei Lutai,andreilutai,DFFC
Andrei Markov,Andrei Markov,andreimarkov,DFFC
Andrei Mărgăritescu,Andrei Mărgăritescu,andreimrgritescu,DFFC
Andrei Sakharov,Andrei Sakharov,andreisakharov,DFFC
Andrei Sergeyevich Semyonov,Andrei Sergeyevich Semyonov,andreisergeyevichsemyonov,DFFC
Andrei Sidorenkov,Andrei Sidorenkov,andreisidorenkov,DFFC
Andrei Sinitsyn,Andrei Sinitsyn,andreisinitsyn,DFFC
Andrei Tarasenko,Andrei Tarasenko,andreitarasenko,DFFC
Andrei Voznesensky,Andrei Voznesensky,andreivoznesensky,DFFC
Andrej Meszároš,Andrej Meszároš,andrejmeszro,DFFC
Andrej Rozman – Roza,Andrej Rozman – Roza,andrejrozmanroza,DFFC
Andrej Šustr,Andrej Šustr,andrejustr,DFFC
Andreja Milutinović,Andreja Milutinović,andrejamilutinovi,DFFC
Andreja Pejić,Andreja Pejić,andrejapeji,DFFC
Andres Serrano,Andres Serrano,andresserrano,DFFC
Andreu Fontàs,Andreu Fontàs,andreufonts,DFFC
Andrew Alberts,Andrew Alberts,andrewalberts,DFFC
Andrew Breitbart,Andrew Breitbart,andrewbreitbart,DFFC
Andrew Cohen,Andrew Cohen,andrewcohen,DFFC
Andrew Copson,Andrew Copson,andrewcopson,DFFC
Andrew David Irvine,Andrew David Irvine,andrewdavidirvine,DFFC
Andrew Dost,Andrew Dost,andrewdost,DFFC
Andrew Evans,Andrew Evans,andrewevans,DFFC
Andrew Fenn,Andrew Fenn,andrewfenn,DFFC
Andrew Friedman,Andrew Friedman,andrewfriedman,DFFC
Andrew Gachkar,Andrew Gachkar,andrewgachkar,DFFC
Andrew Gardner,Andrew Gardner,andrewgardner,DFFC
Andrew Goudelock,Andrew Goudelock,andrewgoudelock,DFFC
Andrew Graham-Dixon,Andrew Graham-Dixon,andrewgrahamdixon,DFFC
Andrew Harrison,Andrew Harrison,andrewharrison,DFFC
Andrew Harwood Mills,Andrew Harwood Mills,andrewharwoodmills,DFFC
Andrew Hawkins,Andrew Hawkins,andrewhawkins,DFFC
Andrew Hoole,Andrew Hoole,andrewhoole,DFFC
Andrew Hughes,Andrew Hughes,andrewhughes,DFFC
Andrew Jenks,Andrew Jenks,andrewjenks,DFFC
Andrew Jordan,Andrew Jordan,andrewjordan,DFFC
Andrew Ladd,Andrew Ladd,andrewladd,DFFC
Andrew Lapthorne,Andrew Lapthorne,andrewlapthorne,DFFC
Andrew MacDonald,Andrew MacDonald,andrewmacdonald,DFFC
Andrew McCarthy,Andrew McCarthy,andrewmccarthy,DFFC
Andrew McDonald,Andrew McDonald,andrewmcdonald,DFFC
Andrew Miller,Andrew Miller,andrewmiller,DFFC
Andrew N. Schofield,Andrew N Schofield,andrewnschofield,DFFC
Andrew O'Shaughnessy,Andrew O'Shaughnessy,andrewoshaughnessy,DFFC
Andrew Orvedahl,Andrew Orvedahl,andreworvedahl,DFFC
Andrew Packer,Andrew Packer,andrewpacker,DFFC
Andrew Pulford,Andrew Pulford,andrewpulford,DFFC
Andrew Robinson,Andrew Robinson,andrewrobinson,DFFC
Andrew Ross Sorkin,Andrew Ross Sorkin,andrewrosssorkin,DFFC
Andrew Sachs,Andrew Sachs,andrewsachs,DFFC
Andrew Scott,Andrew Scott,andrewscott,DFFC
Andrew Serwer,Andrew Serwer,andrewserwer,DFFC
Andrew Strauss,Andrew Strauss,andrewstrauss,DFFC
Andrew Symonds,Andrew Symonds,andrewsymonds,DFFC
Andrew W.K.,Andrew WK,andrewwk,DFFC
Andrew Wenger,Andrew Wenger,andrewwenger,DFFC
Andrew White,Andrew White,andrewwhite,DFFC
Andrew Wilson,Andrew Wilson,andrewwilson,DFFC
Andrew Witty,Andrew Witty,andrewwitty,DFFC
Andrey Akopyants,Andrey Akopyants,andreyakopyants,DFFC
Andrey Arshavin,Andrey Arshavin,andreyarshavin,DFFC
Andrey Borodin,Andrey Borodin,andreyborodin,DFFC
Andrey Gagarin,Andrey Gagarin,andreygagarin,DFFC
Andrey Kashechkin,Andrey Kashechkin,andreykashechkin,DFFC
Andrey Kuznetsov,Andrey Kuznetsov,andreykuznetsov,DFFC
Andrey Rublev,Andrey Rublev,andreyrublev,DFFC
Andrey Zeits,Andrey Zeits,andreyzeits,DFFC
Andrii Kobchyk,Andrii Kobchyk,andriikobchyk,DFFC
Andrija Jukic,Andrija Jukic,andrijajukic,DFFC
Andriy Bliznichenko,Andriy Bliznichenko,andriybliznichenko,DFFC
Andriy Deryzemlya,Andriy Deryzemlya,andriyderyzemlya,DFFC
Andriy Kuzmenko,Andriy Kuzmenko,andriykuzmenko,DFFC
Andrus Kivirähk,Andrus Kivirähk,andruskivirhk,DFFC
Andrzej Grabowski,Andrzej Grabowski,andrzejgrabowski,DFFC
Andrzej Mleczko,Andrzej Mleczko,andrzejmleczko,DFFC
Andrzej Morozowski,Andrzej Morozowski,andrzejmorozowski,DFFC
Andrzej Schinzel,Andrzej Schinzel,andrzejschinzel,DFFC
Andrzej Tadeusz Kijowski,Andrzej Tadeusz Kijowski,andrzejtadeuszkijowski,DFFC
András Rédli,András Rédli,andrsrdli,DFFC
András Simor,András Simor,andrssimor,DFFC
András Szántó,András Szántó,andrssznt,DFFC
André Balazs,André Balazs,andrbalazs,DFFC
André Bankoff,André Bankoff,andrbankoff,DFFC
André Bormanis,André Bormanis,andrbormanis,DFFC
André Borschberg,André Borschberg,andrborschberg,DFFC
André Breitenreiter,André Breitenreiter,andrbreitenreiter,DFFC
André Brink,André Brink,andrbrink,DFFC
André De Shields,André De Shields,andrdeshields,DFFC
André Forcier,André Forcier,andrforcier,DFFC
André Gomes,André Gomes,andrgomes,DFFC
André Greipel,André Greipel,andrgreipel,DFFC
André Hansen,André Hansen,andrhansen,DFFC
André Kim,André Kim,andrkim,DFFC
André Kuipers,André Kuipers,andrkuipers,DFFC
André Lenz,André Lenz,andrlenz,DFFC
André Olivier,André Olivier,androlivier,DFFC
André Wetzel,André Wetzel,andrwetzel,DFFC
André-Pierre Gignac,André-Pierre Gignac,andrpierregignac,DFFC
Andréa Ferréol,Andréa Ferréol,andraferrol,DFFC
Andrée Lachapelle,Andrée Lachapelle,andrelachapelle,DFFC
Andrée Tainsy,Andrée Tainsy,andretainsy,DFFC
Andrée Watters,Andrée Watters,andrewatters,DFFC
Andréia Rosa de Andrade,Andréia Rosa de Andrade,andriarosadeandrade,DFFC
Andrés Escobar,Andrés Escobar,andrsescobar,DFFC
Andrés Galarraga,Andrés Galarraga,andrsgalarraga,DFFC
Andrés Iniesta,Andrés Iniesta,andrsiniesta,DFFC
Andrés Palop,Andrés Palop,andrspalop,DFFC
Andrés Rodríguez,Andrés Rodríguez,andrsrodrguez,DFFC
Andrés Suárez,Andrés Suárez,andrssurez,DFFC
Andy Bell,Andy Bell,andybell,DFFC
Andy Borg,Andy Borg,andyborg,DFFC
Andy Breckman,Andy Breckman,andybreckman,DFFC
Andy Burgess,Andy Burgess,andyburgess,DFFC
Andy Cohen,Andy Cohen,andycohen,DFFC
Andy Dalton,Andy Dalton,andydalton,DFFC
Andy Davis,Andy Davis,andydavis,DFFC
Andy Enfield,Andy Enfield,andyenfield,DFFC
Andy Fairweather Low,Andy Fairweather Low,andyfairweatherlow,DFFC
Andy Ferrell,Andy Ferrell,andyferrell,DFFC
Andy García,Andy García,andygarca,DFFC
Andy Haldane,Andy Haldane,andyhaldane,DFFC
Andy Hamilton,Andy Hamilton,andyhamilton,DFFC
Andy Hurley,Andy Hurley,andyhurley,DFFC
Andy Iro,Andy Iro,andyiro,DFFC
Andy Katz,Andy Katz,andykatz,DFFC
Andy King,Andy King,andyking,DFFC
Andy LaRoche,Andy LaRoche,andylaroche,DFFC
Andy Leaning,Andy Leaning,andyleaning,DFFC
Andy Meyrick,Andy Meyrick,andymeyrick,DFFC
Andy Mientus,Andy Mientus,andymientus,DFFC
Andy Neate,Andy Neate,andyneate,DFFC
Andy Ponstein,Andy Ponstein,andyponstein,DFFC
Andy Porter,Andy Porter,andyporter,DFFC
Andy Powell,Andy Powell,andypowell,DFFC
Andy Ram,Andy Ram,andyram,DFFC
Andy Rautins,Andy Rautins,andyrautins,DFFC
Andy Richards,Andy Richards,andyrichards,DFFC
Andy Roda,Andy Roda,andyroda,DFFC
Andy Seto,Andy Seto,andyseto,DFFC
Andy Smith,Andy Smith,andysmith,DFFC
Andy Soule,Andy Soule,andysoule,DFFC
Andy Sutton,Andy Sutton,andysutton,DFFC
Andy Taylor,Andy Taylor,andytaylor,DFFC
Andy Tennant,Andy Tennant,andytennant,DFFC
Andy Vernon,Andy Vernon,andyvernon,DFFC
Andy Zaltzman,Andy Zaltzman,andyzaltzman,DFFC
Ane Brun,Ane Brun,anebrun,DFFC
Ane Carmen Roggen,Ane Carmen Roggen,anecarmenroggen,DFFC
Anete Brice,Anete Brice,anetebrice,DFFC
Aneurin Barnard,Aneurin Barnard,aneurinbarnard,DFFC
Ang Bang Heng,Ang Bang Heng,angbangheng,DFFC
Ange Postecoglou,Ange Postecoglou,angepostecoglou,DFFC
Angel Boris,Angel Boris,angelboris,DFFC
Angel Campos,Angel Campos,angelcampos,DFFC
Angel Deradoorian,Angel Deradoorian,angelderadoorian,DFFC
Angel Granchov,Angel Granchov,angelgranchov,DFFC
Angel Haze,Angel Haze,angelhaze,DFFC
Angel Leigh McCoy,Angel Leigh McCoy,angelleighmccoy,DFFC
Angela Bassett,Angela Bassett,angelabassett,DFFC
Angela Jonsson,Angela Jonsson,angelajonsson,DFFC
Angela Kinsey,Angela Kinsey,angelakinsey,DFFC
Angela Maxwell,Angela Maxwell,angelamaxwell,DFFC
Angela Rippon,Angela Rippon,angelarippon,DFFC
Angela Ruggiero,Angela Ruggiero,angelaruggiero,DFFC
Angela Stanford,Angela Stanford,angelastanford,DFFC
Angela Wang,Angela Wang,angelawang,DFFC
Angelababy,Angelababy,angelababy,DFFC
Angelica Bengtsson,Angelica Bengtsson,angelicabengtsson,DFFC
Angelika Cichocka,Angelika Cichocka,angelikacichocka,DFFC
Angelika Pylkina,Angelika Pylkina,angelikapylkina,DFFC
Angelo DiGeorge,Angelo DiGeorge,angelodigeorge,DFFC
Angelo Dundee,Angelo Dundee,angelodundee,DFFC
Angelo Palombo,Angelo Palombo,angelopalombo,DFFC
Angelo Scalzone,Angelo Scalzone,angeloscalzone,DFFC
Angelo Scola,Angelo Scola,angeloscola,DFFC
Angelos Charisteas,Angelos Charisteas,angeloscharisteas,DFFC
Anggun,Anggun,anggun,DFFC
Angie Everhart,Angie Everhart,angieeverhart,DFFC
Angry Anderson,Angry Anderson,angryanderson,DFFC
Angus Brayshaw,Angus Brayshaw,angusbrayshaw,DFFC
Angus Deayton,Angus Deayton,angusdeayton,DFFC
Angus Reid,Angus Reid,angusreid,DFFC
Angélica María,Angélica María,anglicamara,DFFC
Anhayla,Anhayla,anhayla,DFFC
Ani DiFranco,Ani DiFranco,anidifranco,DFFC
Ani Lorak,Ani Lorak,anilorak,DFFC
Anikó Kálovics,Anikó Kálovics,anikklovics,DFFC
Anine Kruse,Anine Kruse,aninekruse,DFFC
Anirudh Ravichander,Anirudh Ravichander,anirudhravichander,DFFC
Anish Kapoor,Anish Kapoor,anishkapoor,DFFC
Anissa Kate,Anissa Kate,anissakate,DFFC
Anita Dongre,Anita Dongre,anitadongre,DFFC
Anita Mui,Anita Mui,anitamui,DFFC
Anita Simoncini,Anita Simoncini,anitasimoncini,DFFC
Anja Eline Skybakmoen,Anja Eline Skybakmoen,anjaelineskybakmoen,DFFC
Anja Monke,Anja Monke,anjamonke,DFFC
Anja Pärson,Anja Pärson,anjaprson,DFFC
Anjelika Krylova,Anjelika Krylova,anjelikakrylova,DFFC
Ankie Bagger,Ankie Bagger,ankiebagger,DFFC
Ankita Shorey,Ankita Shorey,ankitashorey,DFFC
Ann Althouse,Ann Althouse,annalthouse,DFFC
Ann Bancroft,Ann Bancroft,annbancroft,DFFC
Ann Beattie,Ann Beattie,annbeattie,DFFC
Ann Christy,Ann Christy,annchristy,DFFC
Ann Dowling,Ann Dowling,anndowling,DFFC
Ann Heberlein,Ann Heberlein,annheberlein,DFFC
Ann Livermore,Ann Livermore,annlivermore,DFFC
Ann Magnuson,Ann Magnuson,annmagnuson,DFFC
Ann Nocenti,Ann Nocenti,annnocenti,DFFC
Ann Peebles,Ann Peebles,annpeebles,DFFC
Ann Savoy,Ann Savoy,annsavoy,DFFC
Ann Wedgeworth,Ann Wedgeworth,annwedgeworth,DFFC
Ann-Britt Ryd Pettersson,Ann-Britt Ryd Pettersson,annbrittrydpettersson,DFFC
Ann-Katrin Berger,Ann-Katrin Berger,annkatrinberger,DFFC
Anna Book,Anna Book,annabook,DFFC
Anna Brüggemann,Anna Brüggemann,annabrggemann,DFFC
Anna Calvi,Anna Calvi,annacalvi,DFFC
Anna Cappellini,Anna Cappellini,annacappellini,DFFC
Anna Chicherova,Anna Chicherova,annachicherova,DFFC
Anna Danilina,Anna Danilina,annadanilina,DFFC
Anna Deavere Smith,Anna Deavere Smith,annadeaveresmith,DFFC
Anna Dementyeva,Anna Dementyeva,annadementyeva,DFFC
Anna Dymna,Anna Dymna,annadymna,DFFC
Anna Fenninger,Anna Fenninger,annafenninger,DFFC
Anna Galiena,Anna Galiena,annagaliena,DFFC
Anna Gerasimova,Anna Gerasimova,annagerasimova,DFFC
Anna Haag,Anna Haag,annahaag,DFFC
Anna Halprin,Anna Halprin,annahalprin,DFFC
Anna Incerti,Anna Incerti,annaincerti,DFFC
Anna K,Anna K,annak,DFFC
Anna Kendrick,Anna Kendrick,annakendrick,DFFC
Anna Khnychenkova,Anna Khnychenkova,annakhnychenkova,DFFC
Anna Kooiman,Anna Kooiman,annakooiman,DFFC
Anna Kournikova,Anna Kournikova,annakournikova,DFFC
Anna Levandi,Anna Levandi,annalevandi,DFFC
Anna Mae Winburn,Anna Mae Winburn,annamaewinburn,DFFC
Anna Mei,Anna Mei,annamei,DFFC
Anna Márton,Anna Márton,annamrton,DFFC
Anna Nicole Smith,Anna Nicole Smith,annanicolesmith,DFFC
Anna Orlik,Anna Orlik,annaorlik,DFFC
Anna Ovcharova,Anna Ovcharova,annaovcharova,DFFC
Anna Politkovskaya,Anna Politkovskaya,annapolitkovskaya,DFFC
Anna Polony,Anna Polony,annapolony,DFFC
Anna Popplewell,Anna Popplewell,annapopplewell,DFFC
Anna Rybicka,Anna Rybicka,annarybicka,DFFC
Anna Seelig-Löffler,Anna Seelig-Löffler,annaseeliglffler,DFFC
Anna Shchagina,Anna Shchagina,annashchagina,DFFC
Anna Silk,Anna Silk,annasilk,DFFC
Anna Sivkova,Anna Sivkova,annasivkova,DFFC
Anna Smith,Anna Smith,annasmith,DFFC
Anna Ternheim,Anna Ternheim,annaternheim,DFFC
Anna Trebunskaya,Anna Trebunskaya,annatrebunskaya,DFFC
Anna Troberg,Anna Troberg,annatroberg,DFFC
Anna Tsuchiya,Anna Tsuchiya,annatsuchiya,DFFC
Anna Vissi,Anna Vissi,annavissi,DFFC
Anna Zatonskih,Anna Zatonskih,annazatonskih,DFFC
Anna-Maria Botsari,Anna-Maria Botsari,annamariabotsari,DFFC
Annabel Chong,Annabel Chong,annabelchong,DFFC
Annabel Jäger,Annabel Jäger,annabeljger,DFFC
Annabel Luxford,Annabel Luxford,annabelluxford,DFFC
Annabella Sciorra,Annabella Sciorra,annabellasciorra,DFFC
Annabelle Lascar,Annabelle Lascar,annabellelascar,DFFC
Annabelle Prölß,Annabelle Prölß,annabelleprl,DFFC
Anne Abernathy,Anne Abernathy,anneabernathy,DFFC
Anne Arnouts,Anne Arnouts,annearnouts,DFFC
Anne Bremner,Anne Bremner,annebremner,DFFC
Anne Brochet,Anne Brochet,annebrochet,DFFC
Anne Burrell,Anne Burrell,anneburrell,DFFC
Anne Currie,Anne Currie,annecurrie,DFFC
Anne Deveson,Anne Deveson,annedeveson,DFFC
Anne Dorval,Anne Dorval,annedorval,DFFC
Anne Dudek,Anne Dudek,annedudek,DFFC
Anne Fadiman,Anne Fadiman,annefadiman,DFFC
Anne Fletcher,Anne Fletcher,annefletcher,DFFC
Anne Heche,Anne Heche,anneheche,DFFC
Anne Laplantine,Anne Laplantine,annelaplantine,DFFC
Anne Line Gjersem,Anne Line Gjersem,annelinegjersem,DFFC
Anne Lundberg,Anne Lundberg,annelundberg,DFFC
Anne Murray,Anne Murray,annemurray,DFFC
Anne Parillaud,Anne Parillaud,anneparillaud,DFFC
Anne Reid,Anne Reid,annereid,DFFC
Anne Spang,Anne Spang,annespang,DFFC
Anne-Caroline Chausson,Anne-Caroline Chausson,annecarolinechausson,DFFC
Anne-Sophie Calvez,Anne-Sophie Calvez,annesophiecalvez,DFFC
Annegret Brießmann,Annegret Brießmann,annegretbriemann,DFFC
Anneke van Giersbergen,Anneke van Giersbergen,annekevangiersbergen,DFFC
Annette Dasch,Annette Dasch,annettedasch,DFFC
Annette Dytrt,Annette Dytrt,annettedytrt,DFFC
Annette Klug,Annette Klug,annetteklug,DFFC
Annette Pehnt,Annette Pehnt,annettepehnt,DFFC
Annette Stroyberg,Annette Stroyberg,annettestroyberg,DFFC
Annie Chen,Annie Chen,anniechen,DFFC
Annie Martin,Annie Martin,anniemartin,DFFC
Annika Kukkonen,Annika Kukkonen,annikakukkonen,DFFC
Annika Lantz,Annika Lantz,annikalantz,DFFC
Annika Mehlhorn,Annika Mehlhorn,annikamehlhorn,DFFC
Annika Sörenstam,Annika Sörenstam,annikasrenstam,DFFC
Annika Zeyen,Annika Zeyen,annikazeyen,DFFC
Anno Birkin,Anno Birkin,annobirkin,DFFC
Anouk,Anouk,anouk,DFFC
Anri Jokhadze,Anri Jokhadze,anrijokhadze,DFFC
Ansgar Wessling,Ansgar Wessling,ansgarwessling,DFFC
Anson Funderburgh,Anson Funderburgh,ansonfunderburgh,DFFC
Anson Mount,Anson Mount,ansonmount,DFFC
Ant Henson,Ant Henson,anthenson,DFFC
Antanas Guoga,Antanas Guoga,antanasguoga,DFFC
Antanas Mockus,Antanas Mockus,antanasmockus,DFFC
Ante Roguljić,Ante Roguljić,anterogulji,DFFC
Antero Mertaranta,Antero Mertaranta,anteromertaranta,DFFC
Anthony Anderson,Anthony Anderson,anthonyanderson,DFFC
Anthony Annan,Anthony Annan,anthonyannan,DFFC
"Anthony Ashley-Cooper, 10th Earl of Shaftesbury","Anthony Ashley-Cooper, 10th Earl of Shaftesbury",anthonyashleycooper10thearlofshaftesbury,DFFC
Anthony B,Anthony B,anthonyb,DFFC
Anthony Barber,Anthony Barber,anthonybarber,DFFC
Anthony Barness,Anthony Barness,anthonybarness,DFFC
Anthony Barr,Anthony Barr,anthonybarr,DFFC
Anthony Brown,Anthony Brown,anthonybrown,DFFC
Anthony Callea,Anthony Callea,anthonycallea,DFFC
Anthony Delon,Anthony Delon,anthonydelon,DFFC
Anthony DiPaolo,Anthony DiPaolo,anthonydipaolo,DFFC
Anthony Fasano,Anthony Fasano,anthonyfasano,DFFC
Anthony Gale,Anthony Gale,anthonygale,DFFC
Anthony Galea,Anthony Galea,anthonygalea,DFFC
Anthony Geslin,Anthony Geslin,anthonygeslin,DFFC
Anthony Grant,Anthony Grant,anthonygrant,DFFC
Anthony Hamilton,Anthony Hamilton,anthonyhamilton,DFFC
Anthony Henry,Anthony Henry,anthonyhenry,DFFC
Anthony Hudson,Anthony Hudson,anthonyhudson,DFFC
Anthony Jones,Anthony Jones,anthonyjones,DFFC
Anthony LaPaglia,Anthony LaPaglia,anthonylapaglia,DFFC
Anthony Le Tallec,Anthony Le Tallec,anthonyletallec,DFFC
Anthony Lloyd,Anthony Lloyd,anthonylloyd,DFFC
Anthony Mackie,Anthony Mackie,anthonymackie,DFFC
Anthony McGill,Anthony McGill,anthonymcgill,DFFC
Anthony McPartlin,Anthony McPartlin,anthonymcpartlin,DFFC
Anthony Michael Hall,Anthony Michael Hall,anthonymichaelhall,DFFC
Anthony Nese,Anthony Nese,anthonynese,DFFC
Anthony Obodai,Anthony Obodai,anthonyobodai,DFFC
Anthony Pilkington,Anthony Pilkington,anthonypilkington,DFFC
Anthony Reid,Anthony Reid,anthonyreid,DFFC
Anthony Roberson,Anthony Roberson,anthonyroberson,DFFC
Anthony Réveillère,Anthony Réveillère,anthonyrveillre,DFFC
Anthony Sampson,Anthony Sampson,anthonysampson,DFFC
Anthony Smith,Anthony Smith,anthonysmith,DFFC
Anthony Stewart,Anthony Stewart,anthonystewart,DFFC
Anthony Straker,Anthony Straker,anthonystraker,DFFC
Anthony Tolliver,Anthony Tolliver,anthonytolliver,DFFC
Anthony Tonkin,Anthony Tonkin,anthonytonkin,DFFC
Anthony Vanden Borre,Anthony Vanden Borre,anthonyvandenborre,DFFC
Anthony Villanueva,Anthony Villanueva,anthonyvillanueva,DFFC
Anthony Wall,Anthony Wall,anthonywall,DFFC
Anthony Warlow,Anthony Warlow,anthonywarlow,DFFC
Anthony Waters,Anthony Waters,anthonywaters,DFFC
Antje Gleichfeld,Antje Gleichfeld,antjegleichfeld,DFFC
Antje Traue,Antje Traue,antjetraue,DFFC
Antoine Dodson,Antoine Dodson,antoinedodson,DFFC
Antoine Dorsaz,Antoine Dorsaz,antoinedorsaz,DFFC
Antoine Fuqua,Antoine Fuqua,antoinefuqua,DFFC
Antoine Roussel,Antoine Roussel,antoineroussel,DFFC
Antoine Walker,Antoine Walker,antoinewalker,DFFC
Anton Corbijn,Anton Corbijn,antoncorbijn,DFFC
Anton Diffring,Anton Diffring,antondiffring,DFFC
Anton Kanibolotskiy,Anton Kanibolotskiy,antonkanibolotskiy,DFFC
Anton Putsila,Anton Putsila,antonputsila,DFFC
Anton Shunin,Anton Shunin,antonshunin,DFFC
Anton Tinnerholm,Anton Tinnerholm,antontinnerholm,DFFC
Anton Tus,Anton Tus,antontus,DFFC
Anton Volchenkov,Anton Volchenkov,antonvolchenkov,DFFC
Anton Yelchin,Anton Yelchin,antonyelchin,DFFC
Anton du Beke,Anton du Beke,antondubeke,DFFC
Antonella Bellutti,Antonella Bellutti,antonellabellutti,DFFC
Antonella Ruggiero,Antonella Ruggiero,antonellaruggiero,DFFC
Antoni Bernadó,Antoni Bernadó,antonibernad,DFFC
Antoni Głowacki,Antoni Głowacki,antonigowacki,DFFC
Antonija Mišura,Antonija Mišura,antonijamiura,DFFC
Antonio Amaya,Antonio Amaya,antonioamaya,DFFC
Antonio Anderson,Antonio Anderson,antonioanderson,DFFC
Antonio Benarrivo,Antonio Benarrivo,antoniobenarrivo,DFFC
Antonio Brown,Antonio Brown,antoniobrown,DFFC
Antonio Cassano,Antonio Cassano,antoniocassano,DFFC
Antonio Cesaro,Antonio Cesaro,antoniocesaro,DFFC
Antonio Cruz,Antonio Cruz,antoniocruz,DFFC
Antonio Daniels,Antonio Daniels,antoniodaniels,DFFC
Antonio Di Natale,Antonio Di Natale,antoniodinatale,DFFC
Antonio Garay,Antonio Garay,antoniogaray,DFFC
Antonio García,Antonio García,antoniogarca,DFFC
Antonio Garrido,Antonio Garrido,antoniogarrido,DFFC
Antonio Giovinazzi,Antonio Giovinazzi,antoniogiovinazzi,DFFC
Antonio Guayre,Antonio Guayre,antonioguayre,DFFC
Antonio Leal,Antonio Leal,antonioleal,DFFC
Antonio McDyess,Antonio McDyess,antoniomcdyess,DFFC
Antonio Mohamed,Antonio Mohamed,antoniomohamed,DFFC
Antonio Pacheco D'Agosti,Antonio Pacheco D'Agosti,antoniopachecodagosti,DFFC
Antonio Rodríguez Martínez,Antonio Rodríguez Martínez,antoniorodrguezmartnez,DFFC
Antonio Skármeta,Antonio Skármeta,antonioskrmeta,DFFC
Antonio de la Rúa,Antonio de la Rúa,antoniodelara,DFFC
Antonios Nikopolidis,Antonios Nikopolidis,antoniosnikopolidis,DFFC
Antonis Remos,Antonis Remos,antonisremos,DFFC
Antony Balch,Antony Balch,antonybalch,DFFC
Antony Worrall Thompson,Antony Worrall Thompson,antonyworrallthompson,DFFC
Antonín Kinský,Antonín Kinský,antonnkinsk,DFFC
Antos Gémes,Antos Gémes,antosgmes,DFFC
Antron Brown,Antron Brown,antronbrown,DFFC
Antti Jokinen,Antti Jokinen,anttijokinen,DFFC
Antti Ruuskanen,Antti Ruuskanen,anttiruuskanen,DFFC
Antwan Applewhite,Antwan Applewhite,antwanapplewhite,DFFC
António Félix da Costa,António Félix da Costa,antnioflixdacosta,DFFC
Antônio Olinto,Antônio Olinto,antnioolinto,DFFC
Anu Prabhakar,Anu Prabhakar,anuprabhakar,DFFC
Anupama Chopra,Anupama Chopra,anupamachopra,DFFC
Anuradha Cooray,Anuradha Cooray,anuradhacooray,DFFC
Anurag Kashyap,Anurag Kashyap,anuragkashyap,DFFC
Anwar El Ghazi,Anwar El Ghazi,anwarelghazi,DFFC
Anwar al-Awlaki,Anwar al-Awlaki,anwaralawlaki,DFFC
Apolo Ohno,Apolo Ohno,apoloohno,DFFC
Appan Menon,Appan Menon,appanmenon,DFFC
April Bowlby,April Bowlby,aprilbowlby,DFFC
April Heinrichs,April Heinrichs,aprilheinrichs,DFFC
April Pearson,April Pearson,aprilpearson,DFFC
April Telek,April Telek,apriltelek,DFFC
Aqib Talib,Aqib Talib,aqibtalib,DFFC
Arabella Kiesbauer,Arabella Kiesbauer,arabellakiesbauer,DFFC
Arantxa Sánchez Vicario,Arantxa Sánchez Vicario,arantxasnchezvicario,DFFC
Aras Özbiliz,Aras Özbiliz,araszbiliz,DFFC
Arash Afshin,Arash Afshin,arashafshin,DFFC
Arash Borhani,Arash Borhani,arashborhani,DFFC
Arata Izumi,Arata Izumi,arataizumi,DFFC
Arben Zharku,Arben Zharku,arbenzharku,DFFC
Arceto Clark,Arceto Clark,arcetoclark,DFFC
Archana Kavi,Archana Kavi,archanakavi,DFFC
Archduke Carl Ludwig of Austria,Archduke Carl Ludwig of Austria,archdukecarlludwigofaustria,DFFC
Archduke Josef Arpád of Austria,Archduke Josef Arpád of Austria,archdukejosefarpdofaustria,DFFC
Archibald Johnston,Archibald Johnston,archibaldjohnston,DFFC
Archie Roach,Archie Roach,archieroach,DFFC
Arda Turan,Arda Turan,ardaturan,DFFC
Arden Mounts,Arden Mounts,ardenmounts,DFFC
Ardo Kreek,Ardo Kreek,ardokreek,DFFC
Ares,Ares,ares,DFFC
Ari Behn,Ari Behn,aribehn,DFFC
Ari Folman,Ari Folman,arifolman,DFFC
Ari Mannio,Ari Mannio,arimannio,DFFC
Ari Up,Ari Up,ariup,DFFC
Ariane Labed,Ariane Labed,arianelabed,DFFC
Ariane Sherine,Ariane Sherine,arianesherine,DFFC
Arianna Huffington,Arianna Huffington,ariannahuffington,DFFC
Ariclenes da Silva Ferreira,Ariclenes da Silva Ferreira,ariclenesdasilvaferreira,DFFC
Arie Haan,Arie Haan,ariehaan,DFFC
Arieh Warshel,Arieh Warshel,ariehwarshel,DFFC
Ariel Hsing,Ariel Hsing,arielhsing,DFFC
Ariel Meredith,Ariel Meredith,arielmeredith,DFFC
Ariel Nan,Ariel Nan,arielnan,DFFC
Ariel Pink,Ariel Pink,arielpink,DFFC
Ariel Rubinstein,Ariel Rubinstein,arielrubinstein,DFFC
Ariel Winter,Ariel Winter,arielwinter,DFFC
Ariel Wizman,Ariel Wizman,arielwizman,DFFC
Ariella Käslin,Ariella Käslin,ariellakslin,DFFC
Arielle Dombasle,Arielle Dombasle,arielledombasle,DFFC
Arijan Ademi,Arijan Ademi,arijanademi,DFFC
Aristote Madiani,Aristote Madiani,aristotemadiani,DFFC
Arja Koriseva,Arja Koriseva,arjakoriseva,DFFC
Arjen Robben,Arjen Robben,arjenrobben,DFFC
Arjun Rampal,Arjun Rampal,arjunrampal,DFFC
Arkadi Sergeev,Arkadi Sergeev,arkadisergeev,DFFC
Arken Abdulla,Arken Abdulla,arkenabdulla,DFFC
Arleta Meloch,Arleta Meloch,arletameloch,DFFC
Arlette Chabot,Arlette Chabot,arlettechabot,DFFC
Arman Alizad,Arman Alizad,armanalizad,DFFC
Armand Traoré,Armand Traoré,armandtraor,DFFC
Armando Gallo,Armando Gallo,armandogallo,DFFC
Armando Iannucci,Armando Iannucci,armandoiannucci,DFFC
Armando Peraza,Armando Peraza,armandoperaza,DFFC
Armando Vajushi,Armando Vajushi,armandovajushi,DFFC
Armands Celitāns,Armands Celitāns,armandscelitns,DFFC
Armanizam Dolah,Armanizam Dolah,armanizamdolah,DFFC
Armi Aavikko,Armi Aavikko,armiaavikko,DFFC
Armie Hammer,Armie Hammer,armiehammer,DFFC
Armin Mahbanoozadeh,Armin Mahbanoozadeh,arminmahbanoozadeh,DFFC
Armin Maiwald,Armin Maiwald,arminmaiwald,DFFC
Armistead Maupin,Armistead Maupin,armisteadmaupin,DFFC
Armonty Bryant,Armonty Bryant,armontybryant,DFFC
Army Archerd,Army Archerd,armyarcherd,DFFC
Arnab Goswami,Arnab Goswami,arnabgoswami,DFFC
Arnaud Gérard,Arnaud Gérard,arnaudgrard,DFFC
Arnaud Tsamere,Arnaud Tsamere,arnaudtsamere,DFFC
Arne Arnardo,Arne Arnardo,arnearnardo,DFFC
Arne Weise,Arne Weise,arneweise,DFFC
Arnie Beyeler,Arnie Beyeler,arniebeyeler,DFFC
Arnie Brown,Arnie Brown,arniebrown,DFFC
Arnie Muñoz,Arnie Muñoz,arniemuoz,DFFC
Arno J. Mayer,Arno J Mayer,arnojmayer,DFFC
Arnold Heertje,Arnold Heertje,arnoldheertje,DFFC
Arnór Smárason,Arnór Smárason,arnrsmrason,DFFC
Aron Winter,Aron Winter,aronwinter,DFFC
Arron Davies,Arron Davies,arrondavies,DFFC
Arseni Markov,Arseni Markov,arsenimarkov,DFFC
Arsenio Hall,Arsenio Hall,arseniohall,DFFC
Art Anderson,Art Anderson,artanderson,DFFC
Art Bergmann,Art Bergmann,artbergmann,DFFC
Art Briles,Art Briles,artbriles,DFFC
Art Chantry,Art Chantry,artchantry,DFFC
Art DeFehr,Art DeFehr,artdefehr,DFFC
Art Pepper,Art Pepper,artpepper,DFFC
Art Shell,Art Shell,artshell,DFFC
Art Spiegelman,Art Spiegelman,artspiegelman,DFFC
Art Spinney,Art Spinney,artspinney,DFFC
Artem Borodulin,Artem Borodulin,artemborodulin,DFFC
Artem Ovcharenko,Artem Ovcharenko,artemovcharenko,DFFC
Arthur,Arthur,arthur,DFFC
Arthur Adams,Arthur Adams,arthuradams,DFFC
Arthur Albiston,Arthur Albiston,arthuralbiston,DFFC
Arthur Bisguier,Arthur Bisguier,arthurbisguier,DFFC
Arthur Brown,Arthur Brown,arthurbrown,DFFC
Arthur Chu,Arthur Chu,arthurchu,DFFC
Arthur Darvill,Arthur Darvill,arthurdarvill,DFFC
Arthur Jensen,Arthur Jensen,arthurjensen,DFFC
Arthur Jones,Arthur Jones,arthurjones,DFFC
Arthur Mourant,Arthur Mourant,arthurmourant,DFFC
Arthur O'Connell,Arthur O'Connell,arthuroconnell,DFFC
Arthur Pic,Arthur Pic,arthurpic,DFFC
Arthur Rhodes,Arthur Rhodes,arthurrhodes,DFFC
Arthur Roche,Arthur Roche,arthurroche,DFFC
Arthur Scargill,Arthur Scargill,arthurscargill,DFFC
Arthur Shields,Arthur Shields,arthurshields,DFFC
Arthur Smith,Arthur Smith,arthursmith,DFFC
"Arthur Tedder, 1st Baron Tedder","Arthur Tedder, 1st Baron Tedder",arthurtedder1stbarontedder,DFFC
"Arthur Valerian Wellesley, 8th Duke of Wellington","Arthur Valerian Wellesley, 8th Duke of Wellington",arthurvalerianwellesley8thdukeofwellington,DFFC
Arthur Vichot,Arthur Vichot,arthurvichot,DFFC
Artie Lange,Artie Lange,artielange,DFFC
Artie Schroeck,Artie Schroeck,artieschroeck,DFFC
Artis the Spoonman,Artis the Spoonman,artisthespoonman,DFFC
Arto Paasilinna,Arto Paasilinna,artopaasilinna,DFFC
Arto Salomaa,Arto Salomaa,artosalomaa,DFFC
Artsem Mikhalenka,Artsem Mikhalenka,artsemmikhalenka,DFFC
Artur Andrus,Artur Andrus,arturandrus,DFFC
Artur Avila,Artur Avila,arturavila,DFFC
Artur Chilingarov,Artur Chilingarov,arturchilingarov,DFFC
Artur Davtyan,Artur Davtyan,arturdavtyan,DFFC
Artur Dmitriev,Artur Dmitriev,arturdmitriev,DFFC
Arturo Lemus Beltran,Arturo Lemus Beltran,arturolemusbeltran,DFFC
Arturo Navarro,Arturo Navarro,arturonavarro,DFFC
Arturo Worrell,Arturo Worrell,arturoworrell,DFFC
Artyom Popov,Artyom Popov,artyompopov,DFFC
Artūras Milaknis,Artūras Milaknis,artrasmilaknis,DFFC
Artūrs Irbe,Artūrs Irbe,artrsirbe,DFFC
Arvind Ethan David,Arvind Ethan David,arvindethandavid,DFFC
Arvydas Sabonis,Arvydas Sabonis,arvydassabonis,DFFC
Arzu Karabulut,Arzu Karabulut,arzukarabulut,DFFC
Asa Butterfield,Asa Butterfield,asabutterfield,DFFC
Asad Abidi,Asad Abidi,asadabidi,DFFC
Asafa Powell,Asafa Powell,asafapowell,DFFC
Asbel Kiprop,Asbel Kiprop,asbelkiprop,DFFC
Asbjørn Blokkum Flø,Asbjørn Blokkum Flø,asbjrnblokkumfl,DFFC
Asghar Qadir,Asghar Qadir,asgharqadir,DFFC
Asha Bhosle,Asha Bhosle,ashabhosle,DFFC
Asher Hill,Asher Hill,asherhill,DFFC
Ashleigh Barty,Ashleigh Barty,ashleighbarty,DFFC
Ashleigh Brennan,Ashleigh Brennan,ashleighbrennan,DFFC
Ashleigh McIvor,Ashleigh McIvor,ashleighmcivor,DFFC
Ashley Benson,Ashley Benson,ashleybenson,DFFC
Ashley Blue,Ashley Blue,ashleyblue,DFFC
Ashley Diana Morris,Ashley Diana Morris,ashleydianamorris,DFFC
Ashley Eastham,Ashley Eastham,ashleyeastham,DFFC
Ashley Eckstein,Ashley Eckstein,ashleyeckstein,DFFC
Ashley Fiolek,Ashley Fiolek,ashleyfiolek,DFFC
Ashley Force Hood,Ashley Force Hood,ashleyforcehood,DFFC
Ashley Jensen,Ashley Jensen,ashleyjensen,DFFC
Ashley Lawrence,Ashley Lawrence,ashleylawrence,DFFC
Ashley Madekwe,Ashley Madekwe,ashleymadekwe,DFFC
Ashley McGrath,Ashley McGrath,ashleymcgrath,DFFC
Ashley Miller,Ashley Miller,ashleymiller,DFFC
Ashley Olsen,Ashley Olsen,ashleyolsen,DFFC
Ashley Phillips,Ashley Phillips,ashleyphillips,DFFC
Ashley Rickards,Ashley Rickards,ashleyrickards,DFFC
Ashley Sexton,Ashley Sexton,ashleysexton,DFFC
Ashley Tisdale,Ashley Tisdale,ashleytisdale,DFFC
Ashley Wagner,Ashley Wagner,ashleywagner,DFFC
Ashley Winn,Ashley Winn,ashleywinn,DFFC
Ashli Orion,Ashli Orion,ashliorion,DFFC
Ashlyn Harris,Ashlyn Harris,ashlynharris,DFFC
Ashlynn Brooke,Ashlynn Brooke,ashlynnbrooke,DFFC
Ashlynn Yennie,Ashlynn Yennie,ashlynnyennie,DFFC
Ashok Banker,Ashok Banker,ashokbanker,DFFC
Ashraf Johaardien,Ashraf Johaardien,ashrafjohaardien,DFFC
Ashton Agar,Ashton Agar,ashtonagar,DFFC
Asi Taulava,Asi Taulava,asitaulava,DFFC
Asier Maeztu,Asier Maeztu,asiermaeztu,DFFC
Asiye Özlem Şahin,Asiye Özlem Şahin,asiyezlemahin,DFFC
Aslak Dørum,Aslak Dørum,aslakdrum,DFFC
Aslan Ahmadov,Aslan Ahmadov,aslanahmadov,DFFC
Assaad W. Razzouk,Assaad W Razzouk,assaadwrazzouk,DFFC
Assem Allam,Assem Allam,assemallam,DFFC
Assi Dayan,Assi Dayan,assidayan,DFFC
Aste,Aste,aste,DFFC
Astrit Ajdarević,Astrit Ajdarević,astritajdarevi,DFFC
Astro,Astro,astro,DFFC
Atanas Atanasov,Atanas Atanasov,atanasatanasov,DFFC
Ataol Behramoğlu,Ataol Behramoğlu,ataolbehramolu,DFFC
Athanasia Perra,Athanasia Perra,athanasiaperra,DFFC
Athanasios Tsourakis,Athanasios Tsourakis,athanasiostsourakis,DFFC
Athina Onassis Roussel,Athina Onassis Roussel,athinaonassisroussel,DFFC
Athol Guy,Athol Guy,atholguy,DFFC
Atiba Harris,Atiba Harris,atibaharris,DFFC
Atle Nymo,Atle Nymo,atlenymo,DFFC
Atle Pedersen Rønsen,Atle Pedersen Rønsen,atlepedersenrnsen,DFFC
Atsuko Maeda,Atsuko Maeda,atsukomaeda,DFFC
Atsushi Shimono,Atsushi Shimono,atsushishimono,DFFC
Atsuto Uchida,Atsuto Uchida,atsutouchida,DFFC
Attila Ambrus,Attila Ambrus,attilaambrus,DFFC
Attila Balázs,Attila Balázs,attilabalzs,DFFC
Attila Elek,Attila Elek,attilaelek,DFFC
Attila Hejazi,Attila Hejazi,attilahejazi,DFFC
Attila Levin,Attila Levin,attilalevin,DFFC
Atul Gurtu,Atul Gurtu,atulgurtu,DFFC
Atınç Nukan,Atınç Nukan,atnnukan,DFFC
Aubrey Dawkins,Aubrey Dawkins,aubreydawkins,DFFC
Aubrey O'Day,Aubrey O'Day,aubreyoday,DFFC
Aubrey Plaza,Aubrey Plaza,aubreyplaza,DFFC
Aubrey de Grey,Aubrey de Grey,aubreydegrey,DFFC
Audie Cole,Audie Cole,audiecole,DFFC
Audrey Fleurot,Audrey Fleurot,audreyfleurot,DFFC
Audrina Patridge,Audrina Patridge,audrinapatridge,DFFC
August Ames,August Ames,augustames,DFFC
Augusto Martelli,Augusto Martelli,augustomartelli,DFFC
Aurela Gaçe,Aurela Gaçe,aurelagae,DFFC
Aurora Snow,Aurora Snow,aurorasnow,DFFC
Aurélien Clerc,Aurélien Clerc,aurlienclerc,DFFC
Aurélien Collin,Aurélien Collin,aurliencollin,DFFC
Austin Aries,Austin Aries,austinaries,DFFC
Austin Carr,Austin Carr,austincarr,DFFC
Austin Croshere,Austin Croshere,austincroshere,DFFC
Austin Dillon,Austin Dillon,austindillon,DFFC
Austin Freeman,Austin Freeman,austinfreeman,DFFC
Austin Hedges,Austin Hedges,austinhedges,DFFC
Austin Howard,Austin Howard,austinhoward,DFFC
Austin Pendleton,Austin Pendleton,austinpendleton,DFFC
Austin Rivers,Austin Rivers,austinrivers,DFFC
Austra Skujytė,Austra Skujytė,austraskujyt,DFFC
Ava Gardner,Ava Gardner,avagardner,DFFC
Ava Vincent,Ava Vincent,avavincent,DFFC
Avdija Vršajević,Avdija Vršajević,avdijavrajevi,DFFC
Avery Brooks,Avery Brooks,averybrooks,DFFC
Avery Johnson,Avery Johnson,averyjohnson,DFFC
Avi Cohen,Avi Cohen,avicohen,DFFC
Avi Kornick,Avi Kornick,avikornick,DFFC
Avi Rubin,Avi Rubin,avirubin,DFFC
Avicii,Avicii,avicii,DFFC
Avijit Roy,Avijit Roy,avijitroy,DFFC
Avis Wyatt,Avis Wyatt,aviswyatt,DFFC
Avital Boruchovsky,Avital Boruchovsky,avitalboruchovsky,DFFC
Avrohom Yaakov Friedman,Avrohom Yaakov Friedman,avrohomyaakovfriedman,DFFC
Avshalom Elitzur,Avshalom Elitzur,avshalomelitzur,DFFC
Avy Scott,Avy Scott,avyscott,DFFC
Awa Santesson-Sey,Awa Santesson-Sey,awasantessonsey,DFFC
Axel Braun,Axel Braun,axelbraun,DFFC
Axel Gustaf Torbjörn Enström,Axel Gustaf Torbjörn Enström,axelgustaftorbjrnenstrm,DFFC
Axel Hirsoux,Axel Hirsoux,axelhirsoux,DFFC
Axl Rotten,Axl Rotten,axlrotten,DFFC
Axwell,Axwell,axwell,DFFC
Aya Cash,Aya Cash,ayacash,DFFC
Ayaan Hirsi Ali,Ayaan Hirsi Ali,ayaanhirsiali,DFFC
Ayaka Takahashi,Ayaka Takahashi,ayakatakahashi,DFFC
Ayaz Khan,Ayaz Khan,ayazkhan,DFFC
Ayaz Samoo,Ayaz Samoo,ayazsamoo,DFFC
Aydin Aghdashloo,Aydin Aghdashloo,aydinaghdashloo,DFFC
Ayinde Jamiu Lawal,Ayinde Jamiu Lawal,ayindejamiulawal,DFFC
Ayman al-Zawahiri,Ayman al-Zawahiri,aymanalzawahiri,DFFC
Aymeric Laporte,Aymeric Laporte,aymericlaporte,DFFC
Aysel Teymurzadeh,Aysel Teymurzadeh,ayselteymurzadeh,DFFC
Ayumi Hamasaki,Ayumi Hamasaki,ayumihamasaki,DFFC
Azahara Muñoz,Azahara Muñoz,azaharamuoz,DFFC
Azealia Banks,Azealia Banks,azealiabanks,DFFC
Azim Fatullayev,Azim Fatullayev,azimfatullayev,DFFC
Azra Hadzic,Azra Hadzic,azrahadzic,DFFC
Azrieal,Azrieal,azrieal,DFFC
Azura Skye,Azura Skye,azuraskye,DFFC
Azza Besbes,Azza Besbes,azzabesbes,DFFC
Azzedine Alaia,Azzedine Alaia,azzedinealaia,DFFC
Aílton Gonçalves da Silva,Aílton Gonçalves da Silva,altongonalvesdasilva,DFFC
B-Tight,B-Tight,btight,DFFC
B. D. Wong,BD Wong,bdwong,DFFC
B. J. Crombeen,BJ Crombeen,bjcrombeen,DFFC
B. P. Loughridge,BP Loughridge,bploughridge,DFFC
B. W. Powe,BW Powe,bwpowe,DFFC
B.B. King,BB King,bbking,DFFC
B.J. Whitmer,BJ Whitmer,bjwhitmer,DFFC
Baaba Maal,Baaba Maal,baabamaal,DFFC
Baauer,Baauer,baauer,DFFC
Babacar M'Bengue,Babacar M'Bengue,babacarmbengue,DFFC
Babyface,Babyface,babyface,DFFC
Bachar Houli,Bachar Houli,bacharhouli,DFFC
Bachirou Salou,Bachirou Salou,bachirousalou,DFFC
Bad Luck Fale,Bad Luck Fale,badluckfale,DFFC
Badr Jafar,Badr Jafar,badrjafar,DFFC
Bae Doona,Bae Doona,baedoona,DFFC
Baek A-yeon,Baek A-yeon,baekayeon,DFFC
Bahadir Kaleagasi,Bahadir Kaleagasi,bahadirkaleagasi,DFFC
Bahador Kharazmi,Bahador Kharazmi,bahadorkharazmi,DFFC
Bahareh Rahnama,Bahareh Rahnama,baharehrahnama,DFFC
Bai Chunli,Bai Chunli,baichunli,DFFC
Baihakki Khaizan,Baihakki Khaizan,baihakkikhaizan,DFFC
Bailee Madison,Bailee Madison,baileemadison,DFFC
Bakaye Traoré,Bakaye Traoré,bakayetraor,DFFC
Bakermat,Bakermat,bakermat,DFFC
Balian Buschbaum,Balian Buschbaum,balianbuschbaum,DFFC
Balls Mahoney,Balls Mahoney,ballsmahoney,DFFC
Balu Mahendra,Balu Mahendra,balumahendra,DFFC
Bamba Fall,Bamba Fall,bambafall,DFFC
Bamber Gascoigne,Bamber Gascoigne,bambergascoigne,DFFC
Banachek,Banachek,banachek,DFFC
Banesh Hoffmann,Banesh Hoffmann,baneshhoffmann,DFFC
Barakat Al-Harthi,Barakat Al-Harthi,barakatalharthi,DFFC
Barbara Britton,Barbara Britton,barbarabritton,DFFC
Barbara Cook,Barbara Cook,barbaracook,DFFC
Barbara Crampton,Barbara Crampton,barbaracrampton,DFFC
Barbara Dennerlein,Barbara Dennerlein,barbaradennerlein,DFFC
Barbara Dunkelman,Barbara Dunkelman,barbaradunkelman,DFFC
Barbara Goalen,Barbara Goalen,barbaragoalen,DFFC
Barbara Hale,Barbara Hale,barbarahale,DFFC
Barbara Hammer,Barbara Hammer,barbarahammer,DFFC
Barbara Jaracz,Barbara Jaracz,barbarajaracz,DFFC
Barbara Kopple,Barbara Kopple,barbarakopple,DFFC
Barbara Liskov,Barbara Liskov,barbaraliskov,DFFC
Barbara McClintock,Barbara McClintock,barbaramcclintock,DFFC
Barbara Nedeljáková,Barbara Nedeljáková,barbaranedeljkov,DFFC
Barbara Parkins,Barbara Parkins,barbaraparkins,DFFC
Barbara Steele,Barbara Steele,barbarasteele,DFFC
Barbara Sukowa,Barbara Sukowa,barbarasukowa,DFFC
Barbara Thompson,Barbara Thompson,barbarathompson,DFFC
Barbara Wiedemann,Barbara Wiedemann,barbarawiedemann,DFFC
Barbara Windsor,Barbara Windsor,barbarawindsor,DFFC
Barbara d'Urso,Barbara d'Urso,barbaradurso,DFFC
Barbora Silná,Barbora Silná,barborasiln,DFFC
Barbro Lindgren,Barbro Lindgren,barbrolindgren,DFFC
Barkha Madan,Barkha Madan,barkhamadan,DFFC
Barkhad Abdi,Barkhad Abdi,barkhadabdi,DFFC
Barney Poole,Barney Poole,barneypoole,DFFC
Baron Davis,Baron Davis,barondavis,DFFC
Barrie Gavin,Barrie Gavin,barriegavin,DFFC
Barry Adamson,Barry Adamson,barryadamson,DFFC
Barry Cofield,Barry Cofield,barrycofield,DFFC
Barry Cryer,Barry Cryer,barrycryer,DFFC
Barry Darsow,Barry Darsow,barrydarsow,DFFC
Barry Diller,Barry Diller,barrydiller,DFFC
Barry Klarberg,Barry Klarberg,barryklarberg,DFFC
Barry MacKay,Barry MacKay,barrymackay,DFFC
Barry Opdam,Barry Opdam,barryopdam,DFFC
Barry Pepper,Barry Pepper,barrypepper,DFFC
Barry Sonnenfeld,Barry Sonnenfeld,barrysonnenfeld,DFFC
Barry Williams,Barry Williams,barrywilliams,DFFC
Bart Aernouts,Bart Aernouts,bartaernouts,DFFC
Bartosz Soćko,Bartosz Soćko,bartoszsoko,DFFC
Bartłomiej Bonk,Bartłomiej Bonk,bartomiejbonk,DFFC
Bartłomiej Heberla,Bartłomiej Heberla,bartomiejheberla,DFFC
Bartłomiej Matysiak,Bartłomiej Matysiak,bartomiejmatysiak,DFFC
Baruch Shemtov,Baruch Shemtov,baruchshemtov,DFFC
Barış Esen,Barış Esen,baresen,DFFC
Basia Bulat,Basia Bulat,basiabulat,DFFC
Basil Marceaux,Basil Marceaux,basilmarceaux,DFFC
Basim,Basim,basim,DFFC
Basmah bint Saud,Basmah bint Saud,basmahbintsaud,DFFC
Bassem Amin,Bassem Amin,bassemamin,DFFC
Basshunter,Basshunter,basshunter,DFFC
Bastian Trinker,Bastian Trinker,bastiantrinker,DFFC
Basto,Basto,basto,DFFC
Bat for Lashes,Bat for Lashes,batforlashes,DFFC
Batkhuyagiin Möngöntuul,Batkhuyagiin Möngöntuul,batkhuyagiinmngntuul,DFFC
Bauke Mollema,Bauke Mollema,baukemollema,DFFC
Baye Oumar Niasse,Baye Oumar Niasse,bayeoumarniasse,DFFC
Başak Yerli,Başak Yerli,baakyerli,DFFC
BeBe Zahara Benet,BeBe Zahara Benet,bebezaharabenet,DFFC
Bea Binene,Bea Binene,beabinene,DFFC
Beanie Sigel,Beanie Sigel,beaniesigel,DFFC
Beans,Beans,beans,DFFC
Bear Pascoe,Bear Pascoe,bearpascoe,DFFC
Beata Tyszkiewicz,Beata Tyszkiewicz,beatatyszkiewicz,DFFC
Beata Zawadzka,Beata Zawadzka,beatazawadzka,DFFC
Beate Schrott,Beate Schrott,beateschrott,DFFC
Beate Sirota Gordon,Beate Sirota Gordon,beatesirotagordon,DFFC
Beatrice Bocci,Beatrice Bocci,beatricebocci,DFFC
Beatrice Weder di Mauro,Beatrice Weder di Mauro,beatricewederdimauro,DFFC
Beatriz Pascual,Beatriz Pascual,beatrizpascual,DFFC
Beatriz Recari,Beatriz Recari,beatrizrecari,DFFC
Beatriz Zaneratto João,Beatriz Zaneratto João,beatrizzanerattojoo,DFFC
Beatriz da Costa,Beatriz da Costa,beatrizdacosta,DFFC
Beau,Beau,beau,DFFC
Beau Bridges,Beau Bridges,beaubridges,DFFC
Beau Busch,Beau Busch,beaubusch,DFFC
Beau Garrett,Beau Garrett,beaugarrett,DFFC
Bebe Neuwirth,Bebe Neuwirth,bebeneuwirth,DFFC
Bebel Gilberto,Bebel Gilberto,bebelgilberto,DFFC
Bebeto,Bebeto,bebeto,DFFC
Becca,Becca,becca,DFFC
Becca Tobin,Becca Tobin,beccatobin,DFFC
Beccy Cole,Beccy Cole,beccycole,DFFC
Beckii Cruel,Beckii Cruel,beckiicruel,DFFC
Becky,Becky,becky,DFFC
Becky Bayless,Becky Bayless,beckybayless,DFFC
Becky Cloonan,Becky Cloonan,beckycloonan,DFFC
Becky Easton,Becky Easton,beckyeaston,DFFC
Becky Hammon,Becky Hammon,beckyhammon,DFFC
Becky Sauerbrunn,Becky Sauerbrunn,beckysauerbrunn,DFFC
Beezie Madden,Beezie Madden,beeziemadden,DFFC
Behrang Safari,Behrang Safari,behrangsafari,DFFC
Beibut Shumenov,Beibut Shumenov,beibutshumenov,DFFC
Belinda Bencic,Belinda Bencic,belindabencic,DFFC
Belinda Carlisle,Belinda Carlisle,belindacarlisle,DFFC
Belinda Meuldijk,Belinda Meuldijk,belindameuldijk,DFFC
Belinda Peregrín,Belinda Peregrín,belindaperegrn,DFFC
Bella Akhmadulina,Bella Akhmadulina,bellaakhmadulina,DFFC
Belladonna,Belladonna,belladonna,DFFC
Belo Cipriani,Belo Cipriani,belocipriani,DFFC
Belus Smawley,Belus Smawley,belussmawley,DFFC
Belén Fabra,Belén Fabra,belnfabra,DFFC
Belén Rueda,Belén Rueda,belnrueda,DFFC
Ben Agajanian,Ben Agajanian,benagajanian,DFFC
Ben Austin,Ben Austin,benaustin,DFFC
Ben Bradlee,Ben Bradlee,benbradlee,DFFC
Ben Breedlove,Ben Breedlove,benbreedlove,DFFC
Ben Coker,Ben Coker,bencoker,DFFC
Ben Collins,Ben Collins,bencollins,DFFC
Ben Daniels,Ben Daniels,bendaniels,DFFC
Ben Elton,Ben Elton,benelton,DFFC
Ben Everson,Ben Everson,beneverson,DFFC
Ben Fajzullin,Ben Fajzullin,benfajzullin,DFFC
Ben Fogle,Ben Fogle,benfogle,DFFC
Ben Futcher,Ben Futcher,benfutcher,DFFC
Ben Garland,Ben Garland,bengarland,DFFC
Ben Goertzel,Ben Goertzel,bengoertzel,DFFC
Ben Habern,Ben Habern,benhabern,DFFC
Ben Hamilton,Ben Hamilton,benhamilton,DFFC
Ben Hammersley,Ben Hammersley,benhammersley,DFFC
Ben Harding,Ben Harding,benharding,DFFC
Ben Herd,Ben Herd,benherd,DFFC
Ben Hermans,Ben Hermans,benhermans,DFFC
Ben Johnson,Ben Johnson,benjohnson,DFFC
Ben Jones,Ben Jones,benjones,DFFC
Ben Kantarovski,Ben Kantarovski,benkantarovski,DFFC
Ben Kweller,Ben Kweller,benkweller,DFFC
Ben Lamb,Ben Lamb,benlamb,DFFC
Ben Lovejoy,Ben Lovejoy,benlovejoy,DFFC
Ben Lyons,Ben Lyons,benlyons,DFFC
Ben Marshall,Ben Marshall,benmarshall,DFFC
Ben Maxwell,Ben Maxwell,benmaxwell,DFFC
Ben McKee,Ben McKee,benmckee,DFFC
Ben Mezrich,Ben Mezrich,benmezrich,DFFC
Ben Monder,Ben Monder,benmonder,DFFC
Ben Mulroney,Ben Mulroney,benmulroney,DFFC
Ben Offereins,Ben Offereins,benoffereins,DFFC
Ben Olsen,Ben Olsen,benolsen,DFFC
Ben Parr,Ben Parr,benparr,DFFC
Ben Revere,Ben Revere,benrevere,DFFC
Ben Sahar,Ben Sahar,bensahar,DFFC
Ben Sigmund,Ben Sigmund,bensigmund,DFFC
Ben Silverstone,Ben Silverstone,bensilverstone,DFFC
Ben Sinclair,Ben Sinclair,bensinclair,DFFC
Ben Spies,Ben Spies,benspies,DFFC
Ben Stein,Ben Stein,benstein,DFFC
Ben Summerskill,Ben Summerskill,bensummerskill,DFFC
Ben Tudhope,Ben Tudhope,bentudhope,DFFC
Ben Turner,Ben Turner,benturner,DFFC
Ben Varon,Ben Varon,benvaron,DFFC
Ben Weekes,Ben Weekes,benweekes,DFFC
Ben Weinman,Ben Weinman,benweinman,DFFC
Ben Wilson,Ben Wilson,benwilson,DFFC
Ben Woollaston,Ben Woollaston,benwoollaston,DFFC
Ben Yagoda,Ben Yagoda,benyagoda,DFFC
Ben Zabo,Ben Zabo,benzabo,DFFC
Ben van der Burg,Ben van der Burg,benvanderburg,DFFC
Benedikte Shetelig Kruse,Benedikte Shetelig Kruse,benediktesheteligkruse,DFFC
Benik Afobe,Benik Afobe,benikafobe,DFFC
Benita Johnson,Benita Johnson,benitajohnson,DFFC
Benjamin Angoua,Benjamin Angoua,benjaminangoua,DFFC
Benjamin Bailly,Benjamin Bailly,benjaminbailly,DFFC
Benjamin Becker,Benjamin Becker,benjaminbecker,DFFC
Benjamin Creme,Benjamin Creme,benjamincreme,DFFC
Benjamin Curtis,Benjamin Curtis,benjamincurtis,DFFC
Benjamin Davies,Benjamin Davies,benjamindavies,DFFC
Benjamin Heckendorn,Benjamin Heckendorn,benjaminheckendorn,DFFC
Benjamin Isaac,Benjamin Isaac,benjaminisaac,DFFC
Benjamin Khoh,Benjamin Khoh,benjaminkhoh,DFFC
Benjamin Lebert,Benjamin Lebert,benjaminlebert,DFFC
Benjamin Mitchell,Benjamin Mitchell,benjaminmitchell,DFFC
Benjamin Pavard,Benjamin Pavard,benjaminpavard,DFFC
Benjamin Radford,Benjamin Radford,benjaminradford,DFFC
Benjamin Totori,Benjamin Totori,benjamintotori,DFFC
Benjamin Walker,Benjamin Walker,benjaminwalker,DFFC
Benjamín Vidal,Benjamín Vidal,benjamnvidal,DFFC
Bennett Madison,Bennett Madison,bennettmadison,DFFC
Benny Gantz,Benny Gantz,bennygantz,DFFC
Benoit Mandelbrot,Benoit Mandelbrot,benoitmandelbrot,DFFC
Benoît Angbwa,Benoît Angbwa,benotangbwa,DFFC
Benoît Assou-Ekotto,Benoît Assou-Ekotto,benotassouekotto,DFFC
Benoît Jarrier,Benoît Jarrier,benotjarrier,DFFC
Bente Kraus,Bente Kraus,bentekraus,DFFC
Bené Benwikere,Bené Benwikere,benbenwikere,DFFC
Beram Kayal,Beram Kayal,beramkayal,DFFC
Berden de Vries,Berden de Vries,berdendevries,DFFC
Berk Akalın,Berk Akalın,berkakaln,DFFC
Berna Yeniçeri,Berna Yeniçeri,bernayenieri,DFFC
Bernadette Geyer,Bernadette Geyer,bernadettegeyer,DFFC
Bernard Arnault,Bernard Arnault,bernardarnault,DFFC
Bernard Barrera,Bernard Barrera,bernardbarrera,DFFC
Bernard Blier,Bernard Blier,bernardblier,DFFC
Bernard Fanning,Bernard Fanning,bernardfanning,DFFC
Bernard Farcy,Bernard Farcy,bernardfarcy,DFFC
Bernard Goldberg,Bernard Goldberg,bernardgoldberg,DFFC
Bernard Hill,Bernard Hill,bernardhill,DFFC
Bernard Lama,Bernard Lama,bernardlama,DFFC
Bernard Madoff,Bernard Madoff,bernardmadoff,DFFC
Bernard Mendy,Bernard Mendy,bernardmendy,DFFC
Bernard Menez,Bernard Menez,bernardmenez,DFFC
Bernard P. Brockbank,Bernard P Brockbank,bernardpbrockbank,DFFC
Bernard Parker,Bernard Parker,bernardparker,DFFC
Bernard Scott,Bernard Scott,bernardscott,DFFC
Bernard Shaw,Bernard Shaw,bernardshaw,DFFC
Bernard Stone,Bernard Stone,bernardstone,DFFC
Bernard Thévenet,Bernard Thévenet,bernardthvenet,DFFC
Bernardo Gandulla,Bernardo Gandulla,bernardogandulla,DFFC
Bernd Eichinger,Bernd Eichinger,berndeichinger,DFFC
Bernd Fix,Bernd Fix,berndfix,DFFC
Bernd Hollerbach,Bernd Hollerbach,berndhollerbach,DFFC
Bernd Leno,Bernd Leno,berndleno,DFFC
Bernd Lucke,Bernd Lucke,berndlucke,DFFC
Bernd Schuster,Bernd Schuster,berndschuster,DFFC
Bernhard Kohl,Bernhard Kohl,bernhardkohl,DFFC
Bernhard M. Hämmerli,Bernhard M Hämmerli,bernhardmhmmerli,DFFC
Bernie Fine,Bernie Fine,berniefine,DFFC
Bernie Ibini-Isei,Bernie Ibini-Isei,bernieibiniisei,DFFC
Bernie Mac,Bernie Mac,berniemac,DFFC
Bernie Masterson,Bernie Masterson,berniemasterson,DFFC
Bernie McGann,Bernie McGann,berniemcgann,DFFC
Berry Hinton,Berry Hinton,berryhinton,DFFC
Berry Johnston,Berry Johnston,berryjohnston,DFFC
Bert Blyleven,Bert Blyleven,bertblyleven,DFFC
Bert De Waele,Bert De Waele,bertdewaele,DFFC
Bert Hubbard,Bert Hubbard,berthubbard,DFFC
Bert Jansch,Bert Jansch,bertjansch,DFFC
Bert LaBrucherie,Bert LaBrucherie,bertlabrucherie,DFFC
Bert R. Bulkin,Bert R Bulkin,bertrbulkin,DFFC
Bert van Loo,Bert van Loo,bertvanloo,DFFC
Bertis Downs IV,Bertis Downs IV,bertisdownsiv,DFFC
Bertrand Baguette,Bertrand Baguette,bertrandbaguette,DFFC
Bertrand Blier,Bertrand Blier,bertrandblier,DFFC
Bertrand Grospellier,Bertrand Grospellier,bertrandgrospellier,DFFC
Beslan Ajinjal,Beslan Ajinjal,beslanajinjal,DFFC
Beth Behrs,Beth Behrs,bethbehrs,DFFC
Beth Daniel,Beth Daniel,bethdaniel,DFFC
Beth Ditto,Beth Ditto,bethditto,DFFC
Beth Goulart,Beth Goulart,bethgoulart,DFFC
Beth Tweddle,Beth Tweddle,bethtweddle,DFFC
Beto,Beto,beto,DFFC
Beto Furquim,Beto Furquim,betofurquim,DFFC
Betsey Johnson,Betsey Johnson,betseyjohnson,DFFC
Bettina Aptheker,Bettina Aptheker,bettinaaptheker,DFFC
Bettina Heim,Bettina Heim,bettinaheim,DFFC
Bettina Le Beau,Bettina Le Beau,bettinalebeau,DFFC
Bettina Wulff,Bettina Wulff,bettinawulff,DFFC
Betty White,Betty White,bettywhite,DFFC
Beulah Gundling,Beulah Gundling,beulahgundling,DFFC
Beverley Callard,Beverley Callard,beverleycallard,DFFC
Beverly D'Angelo,Beverly D'Angelo,beverlydangelo,DFFC
Beverly Johnson,Beverly Johnson,beverlyjohnson,DFFC
Beyoncé,Beyoncé,beyonc,DFFC
Beñat Intxausti,Beñat Intxausti,beatintxausti,DFFC
Bhanu Pratap Jena,Bhanu Pratap Jena,bhanupratapjena,DFFC
Bhaskar Nath,Bhaskar Nath,bhaskarnath,DFFC
Bhavana,Bhavana,bhavana,DFFC
Bia Seidl,Bia Seidl,biaseidl,DFFC
Bianca Beauchamp,Bianca Beauchamp,biancabeauchamp,DFFC
Bianca Butler,Bianca Butler,biancabutler,DFFC
Bianca Comparato,Bianca Comparato,biancacomparato,DFFC
Bianca Jagger,Bianca Jagger,biancajagger,DFFC
Bianca Ryan,Bianca Ryan,biancaryan,DFFC
Bianca Schmidt,Bianca Schmidt,biancaschmidt,DFFC
Bianna Golodryga,Bianna Golodryga,biannagolodryga,DFFC
Bice Valori,Bice Valori,bicevalori,DFFC
Bif Naked,Bif Naked,bifnaked,DFFC
Big Boss Man,Big Boss Man,bigbossman,DFFC
Big E Langston,Big E Langston,bigelangston,DFFC
Big L,Big L,bigl,DFFC
Big Tom,Big Tom,bigtom,DFFC
Big Youth,Big Youth,bigyouth,DFFC
Bigas Luna,Bigas Luna,bigasluna,DFFC
Bikram Choudhury,Bikram Choudhury,bikramchoudhury,DFFC
Bilal Akgül,Bilal Akgül,bilalakgl,DFFC
Bilel Mohsni,Bilel Mohsni,bilelmohsni,DFFC
Bilgesu Aydın,Bilgesu Aydın,bilgesuaydn,DFFC
Bill Amend,Bill Amend,billamend,DFFC
Bill Amis,Bill Amis,billamis,DFFC
Bill Baird,Bill Baird,billbaird,DFFC
Bill Bavasi,Bill Bavasi,billbavasi,DFFC
Bill Bedford,Bill Bedford,billbedford,DFFC
Bill Borger,Bill Borger,billborger,DFFC
Bill Cosby,Bill Cosby,billcosby,DFFC
Bill Cunningham,Bill Cunningham,billcunningham,DFFC
Bill Curry,Bill Curry,billcurry,DFFC
Bill Damaschke,Bill Damaschke,billdamaschke,DFFC
Bill DeMott,Bill DeMott,billdemott,DFFC
Bill Dellinger,Bill Dellinger,billdellinger,DFFC
Bill Eadie,Bill Eadie,billeadie,DFFC
Bill Evans,Bill Evans,billevans,DFFC
Bill Fagerbakke,Bill Fagerbakke,billfagerbakke,DFFC
Bill Forsyth,Bill Forsyth,billforsyth,DFFC
Bill Gibb,Bill Gibb,billgibb,DFFC
Bill Hamid,Bill Hamid,billhamid,DFFC
Bill Jennings,Bill Jennings,billjennings,DFFC
Bill Kern,Bill Kern,billkern,DFFC
Bill Lichtenstein,Bill Lichtenstein,billlichtenstein,DFFC
Bill Lyons,Bill Lyons,billlyons,DFFC
Bill MacMillan,Bill MacMillan,billmacmillan,DFFC
Bill Mazeroski,Bill Mazeroski,billmazeroski,DFFC
Bill McKibben,Bill McKibben,billmckibben,DFFC
Bill Murray,Bill Murray,billmurray,DFFC
Bill Nighy,Bill Nighy,billnighy,DFFC
Bill Nye,Bill Nye,billnye,DFFC
Bill Oakley,Bill Oakley,billoakley,DFFC
Bill Pitman,Bill Pitman,billpitman,DFFC
Bill Pullman,Bill Pullman,billpullman,DFFC
Bill Russell,Bill Russell,billrussell,DFFC
Bill Ryder-Jones,Bill Ryder-Jones,billryderjones,DFFC
Bill Sage,Bill Sage,billsage,DFFC
Bill Schonely,Bill Schonely,billschonely,DFFC
Bill Skarsgård,Bill Skarsgård,billskarsgrd,DFFC
Bill Stevenson,Bill Stevenson,billstevenson,DFFC
Bill Szymczyk,Bill Szymczyk,billszymczyk,DFFC
Bill Torrey,Bill Torrey,billtorrey,DFFC
Bill Virdon,Bill Virdon,billvirdon,DFFC
Bill Walsh,Bill Walsh,billwalsh,DFFC
Bill Ward,Bill Ward,billward,DFFC
Bill Welke,Bill Welke,billwelke,DFFC
Bill Wight,Bill Wight,billwight,DFFC
Bill Wyman,Bill Wyman,billwyman,DFFC
Billy Blanks,Billy Blanks,billyblanks,DFFC
Billy Butler,Billy Butler,billybutler,DFFC
Billy Casper,Billy Casper,billycasper,DFFC
Billy Connolly,Billy Connolly,billyconnolly,DFFC
Billy Cox,Billy Cox,billycox,DFFC
Billy Crystal,Billy Crystal,billycrystal,DFFC
Billy Donovan,Billy Donovan,billydonovan,DFFC
Billy Fiske,Billy Fiske,billyfiske,DFFC
Billy Goodman,Billy Goodman,billygoodman,DFFC
Billy Gunn,Billy Gunn,billygunn,DFFC
Billy Harper,Billy Harper,billyharper,DFFC
Billy Howton,Billy Howton,billyhowton,DFFC
Billy J. Boles,Billy J Boles,billyjboles,DFFC
Billy Joe Tolliver,Billy Joe Tolliver,billyjoetolliver,DFFC
Billy Jones,Billy Jones,billyjones,DFFC
Billy Mackel,Billy Mackel,billymackel,DFFC
Billy McEwan,Billy McEwan,billymcewan,DFFC
Billy Miller,Billy Miller,billymiller,DFFC
Billy Stretch,Billy Stretch,billystretch,DFFC
Billy Thorpe,Billy Thorpe,billythorpe,DFFC
Billy Van Zandt,Billy Van Zandt,billyvanzandt,DFFC
Billy West,Billy West,billywest,DFFC
Billy Wilson,Billy Wilson,billywilson,DFFC
Billy Wright,Billy Wright,billywright,DFFC
Binayak Sen,Binayak Sen,binayaksen,DFFC
Birdengine,Birdengine,birdengine,DFFC
Birdie Kim,Birdie Kim,birdiekim,DFFC
Birgit Kober,Birgit Kober,birgitkober,DFFC
Birkir Bjarnason,Birkir Bjarnason,birkirbjarnason,DFFC
Birutė Kalėdienė,Birutė Kalėdienė,birutkaldien,DFFC
Biréli Lagrène,Biréli Lagrène,birlilagrne,DFFC
Bitsie Tulloch,Bitsie Tulloch,bitsietulloch,DFFC
Bitty McLean,Bitty McLean,bittymclean,DFFC
Bizarre,Bizarre,bizarre,DFFC
Bjarke Ingels,Bjarke Ingels,bjarkeingels,DFFC
Björk,Björk,bjrk,DFFC
Björn Afzelius,Björn Afzelius,bjrnafzelius,DFFC
Björn Ferry,Björn Ferry,bjrnferry,DFFC
Björn Lind,Björn Lind,bjrnlind,DFFC
Björn Ranelid,Björn Ranelid,bjrnranelid,DFFC
Björn Schlicke,Björn Schlicke,bjrnschlicke,DFFC
Björn Thurau,Björn Thurau,bjrnthurau,DFFC
Björn Waldegård,Björn Waldegård,bjrnwaldegrd,DFFC
Björn Wirdheim,Björn Wirdheim,bjrnwirdheim,DFFC
Bjørn Dæhlie,Bjørn Dæhlie,bjrndhlie,DFFC
Bjørn G. Andersen,Bjørn G Andersen,bjrngandersen,DFFC
Black Buffalo,Black Buffalo,blackbuffalo,DFFC
Blackie Chen,Blackie Chen,blackiechen,DFFC
Blagoy Georgiev,Blagoy Georgiev,blagoygeorgiev,DFFC
Blaine Nye,Blaine Nye,blainenye,DFFC
Blair Butler,Blair Butler,blairbutler,DFFC
Blair Underwood,Blair Underwood,blairunderwood,DFFC
Blaise Matuidi,Blaise Matuidi,blaisematuidi,DFFC
Blaise Nkufo,Blaise Nkufo,blaisenkufo,DFFC
Blake Cochrane,Blake Cochrane,blakecochrane,DFFC
Blake Dunlop,Blake Dunlop,blakedunlop,DFFC
Blake Harrison,Blake Harrison,blakeharrison,DFFC
Blake Jenner,Blake Jenner,blakejenner,DFFC
Blake Koch,Blake Koch,blakekoch,DFFC
Blake Leeper,Blake Leeper,blakeleeper,DFFC
Blake Powell,Blake Powell,blakepowell,DFFC
Blake Ross,Blake Ross,blakeross,DFFC
Blanchard Ryan,Blanchard Ryan,blanchardryan,DFFC
Blanche Baker,Blanche Baker,blanchebaker,DFFC
Blas Pérez,Blas Pérez,blasprez,DFFC
Blessing Okagbare,Blessing Okagbare,blessingokagbare,DFFC
Bloem de Ligny,Bloem de Ligny,bloemdeligny,DFFC
Blossom Ozurumba,Blossom Ozurumba,blossomozurumba,DFFC
Bluma Appel,Bluma Appel,blumaappel,DFFC
Bo Hamburger,Bo Hamburger,bohamburger,DFFC
Bo Levi Mitchell,Bo Levi Mitchell,bolevimitchell,DFFC
Bo Outlaw,Bo Outlaw,booutlaw,DFFC
Bo Ryan,Bo Ryan,boryan,DFFC
Bo Scaife,Bo Scaife,boscaife,DFFC
Bob Arum,Bob Arum,bobarum,DFFC
Bob Aspromonte,Bob Aspromonte,bobaspromonte,DFFC
Bob Backlund,Bob Backlund,bobbacklund,DFFC
Bob Balaban,Bob Balaban,bobbalaban,DFFC
Bob Bennett,Bob Bennett,bobbennett,DFFC
Bob Bergen,Bob Bergen,bobbergen,DFFC
Bob Black,Bob Black,bobblack,DFFC
Bob Boldon,Bob Boldon,bobboldon,DFFC
Bob Boyd,Bob Boyd,bobboyd,DFFC
Bob Budiansky,Bob Budiansky,bobbudiansky,DFFC
Bob Burns,Bob Burns,bobburns,DFFC
Bob Byington,Bob Byington,bobbyington,DFFC
Bob Cain,Bob Cain,bobcain,DFFC
Bob Chilcott,Bob Chilcott,bobchilcott,DFFC
Bob Cifers,Bob Cifers,bobcifers,DFFC
Bob Costas,Bob Costas,bobcostas,DFFC
Bob Crow,Bob Crow,bobcrow,DFFC
Bob DeMoss,Bob DeMoss,bobdemoss,DFFC
Bob Dernier,Bob Dernier,bobdernier,DFFC
Bob Evans,Bob Evans,bobevans,DFFC
Bob Holness,Bob Holness,bobholness,DFFC
Bob Hoskins,Bob Hoskins,bobhoskins,DFFC
Bob Iger,Bob Iger,bobiger,DFFC
Bob Ingersoll,Bob Ingersoll,bobingersoll,DFFC
Bob Kelly,Bob Kelly,bobkelly,DFFC
Bob Knight,Bob Knight,bobknight,DFFC
Bob Lilly,Bob Lilly,boblilly,DFFC
Bob Lutz,Bob Lutz,boblutz,DFFC
Bob McDonald,Bob McDonald,bobmcdonald,DFFC
Bob Mionske,Bob Mionske,bobmionske,DFFC
Bob Mould,Bob Mould,bobmould,DFFC
Bob Myers,Bob Myers,bobmyers,DFFC
Bob Oksner,Bob Oksner,boboksner,DFFC
Bob Perina,Bob Perina,bobperina,DFFC
Bob Porterfield,Bob Porterfield,bobporterfield,DFFC
Bob Rozakis,Bob Rozakis,bobrozakis,DFFC
Bob Saget,Bob Saget,bobsaget,DFFC
Bob Schul,Bob Schul,bobschul,DFFC
Bob Short,Bob Short,bobshort,DFFC
Bob Sinclar,Bob Sinclar,bobsinclar,DFFC
Bob Symes,Bob Symes,bobsymes,DFFC
Bob Weir,Bob Weir,bobweir,DFFC
Bob Wilson,Bob Wilson,bobwilson,DFFC
Bobbie Williams,Bobbie Williams,bobbiewilliams,DFFC
Bobby Bowden,Bobby Bowden,bobbybowden,DFFC
Bobby Charlton,Bobby Charlton,bobbycharlton,DFFC
Bobby Clatterbuck,Bobby Clatterbuck,bobbyclatterbuck,DFFC
Bobby Curtis,Bobby Curtis,bobbycurtis,DFFC
Bobby Dodd,Bobby Dodd,bobbydodd,DFFC
Bobby Eaton,Bobby Eaton,bobbyeaton,DFFC
Bobby Few,Bobby Few,bobbyfew,DFFC
Bobby Fish,Bobby Fish,bobbyfish,DFFC
Bobby Fulton,Bobby Fulton,bobbyfulton,DFFC
Bobby Gage,Bobby Gage,bobbygage,DFFC
Bobby Garrett,Bobby Garrett,bobbygarrett,DFFC
Bobby Gerhart,Bobby Gerhart,bobbygerhart,DFFC
Bobby Gillespie,Bobby Gillespie,bobbygillespie,DFFC
Bobby Grubic,Bobby Grubic,bobbygrubic,DFFC
Bobby Hamilton,Bobby Hamilton,bobbyhamilton,DFFC
Bobby Jack Fowler,Bobby Jack Fowler,bobbyjackfowler,DFFC
Bobby Jones,Bobby Jones,bobbyjones,DFFC
Bobby Lashley,Bobby Lashley,bobbylashley,DFFC
Bobby Lutz,Bobby Lutz,bobbylutz,DFFC
Bobby McFerrin,Bobby McFerrin,bobbymcferrin,DFFC
Bobby Parnell,Bobby Parnell,bobbyparnell,DFFC
Bobby Rahal,Bobby Rahal,bobbyrahal,DFFC
Bobby Richardson,Bobby Richardson,bobbyrichardson,DFFC
Bobby Roode,Bobby Roode,bobbyroode,DFFC
Bobby Ross,Bobby Ross,bobbyross,DFFC
Bobby Rydell,Bobby Rydell,bobbyrydell,DFFC
Bobby Susser,Bobby Susser,bobbysusser,DFFC
Bobby Thomason,Bobby Thomason,bobbythomason,DFFC
Bobby Thomson,Bobby Thomson,bobbythomson,DFFC
Bobby Tiefenauer,Bobby Tiefenauer,bobbytiefenauer,DFFC
Bobby Wade,Bobby Wade,bobbywade,DFFC
Bobby Walston,Bobby Walston,bobbywalston,DFFC
Bocafloja,Bocafloja,bocafloja,DFFC
Bode Miller,Bode Miller,bodemiller,DFFC
Bodo Illgner,Bodo Illgner,bodoillgner,DFFC
Bogdan Tanjević,Bogdan Tanjević,bogdantanjevi,DFFC
Boggie,Boggie,boggie,DFFC
Bogna Jóźwiak,Bogna Jóźwiak,bognajwiak,DFFC
Bohdan Nikishyn,Bohdan Nikishyn,bohdannikishyn,DFFC
Bojan Jovanović,Bojan Jovanović,bojanjovanovi,DFFC
Bojan Subotić,Bojan Subotić,bojansuboti,DFFC
Bojan Zajić,Bojan Zajić,bojanzaji,DFFC
Bojana Novakovic,Bojana Novakovic,bojananovakovic,DFFC
Boney Kapoor,Boney Kapoor,boneykapoor,DFFC
Bongkoj Khongmalai,Bongkoj Khongmalai,bongkojkhongmalai,DFFC
Bonnie Fuller,Bonnie Fuller,bonniefuller,DFFC
Bonnie Lou,Bonnie Lou,bonnielou,DFFC
Bonnie Maxon,Bonnie Maxon,bonniemaxon,DFFC
Bonnie Wright,Bonnie Wright,bonniewright,DFFC
Bonnie-Jill Laflin,Bonnie-Jill Laflin,bonniejilllaflin,DFFC
Bonzi Wells,Bonzi Wells,bonziwells,DFFC
Boo Williams,Boo Williams,boowilliams,DFFC
Boomer Grigsby,Boomer Grigsby,boomergrigsby,DFFC
Boone Jenner,Boone Jenner,boonejenner,DFFC
Boosie Badazz,Boosie Badazz,boosiebadazz,DFFC
Boots Randolph,Boots Randolph,bootsrandolph,DFFC
Bora Milutinović,Bora Milutinović,boramilutinovi,DFFC
Borgore,Borgore,borgore,DFFC
Boris Akunin,Boris Akunin,borisakunin,DFFC
Boris Boillon,Boris Boillon,borisboillon,DFFC
Boris Chertok,Boris Chertok,borischertok,DFFC
Boris Diaw,Boris Diaw,borisdiaw,DFFC
Boris Grebenshchikov,Boris Grebenshchikov,borisgrebenshchikov,DFFC
Boris Gulko,Boris Gulko,borisgulko,DFFC
Boris Ignatyev,Boris Ignatyev,borisignatyev,DFFC
Boris Klaiman,Boris Klaiman,borisklaiman,DFFC
Boris Martinec,Boris Martinec,borismartinec,DFFC
Borut Božič,Borut Božič,borutboi,DFFC
"Borwin, Duke of Mecklenburg","Borwin, Duke of Mecklenburg",borwindukeofmecklenburg,DFFC
Boubacar Sanogo,Boubacar Sanogo,boubacarsanogo,DFFC
Boudewijn Büch,Boudewijn Büch,boudewijnbch,DFFC
Bounty Killer,Bounty Killer,bountykiller,DFFC
Bow Wow,Bow Wow,bowwow,DFFC
Bowie Lam,Bowie Lam,bowielam,DFFC
Boy George,Boy George,boygeorge,DFFC
Boyd Martin,Boyd Martin,boydmartin,DFFC
Brad Bird,Brad Bird,bradbird,DFFC
Brad Colbert,Brad Colbert,bradcolbert,DFFC
Brad Daugherty,Brad Daugherty,braddaugherty,DFFC
Brad Davis,Brad Davis,braddavis,DFFC
Brad Friedel,Brad Friedel,bradfriedel,DFFC
Brad Green,Brad Green,bradgreen,DFFC
Brad Gulden,Brad Gulden,bradgulden,DFFC
Brad Guzan,Brad Guzan,bradguzan,DFFC
Brad Johnson,Brad Johnson,bradjohnson,DFFC
Brad Jones,Brad Jones,bradjones,DFFC
Brad Mattson,Brad Mattson,bradmattson,DFFC
Brad Maynard,Brad Maynard,bradmaynard,DFFC
Brad Mehldau,Brad Mehldau,bradmehldau,DFFC
Brad Nortman,Brad Nortman,bradnortman,DFFC
Brad Oleson,Brad Oleson,bradoleson,DFFC
Brad Ottens,Brad Ottens,bradottens,DFFC
Brad Paisley,Brad Paisley,bradpaisley,DFFC
Brad Peyton,Brad Peyton,bradpeyton,DFFC
Brad Porter,Brad Porter,bradporter,DFFC
Brad Stevens,Brad Stevens,bradstevens,DFFC
Brad Walker,Brad Walker,bradwalker,DFFC
Brad Wing,Brad Wing,bradwing,DFFC
Brad Wright,Brad Wright,bradwright,DFFC
Bradford Anderson,Bradford Anderson,bradfordanderson,DFFC
Bradley Fletcher,Bradley Fletcher,bradleyfletcher,DFFC
Bradley Mark,Bradley Mark,bradleymark,DFFC
Bradley McCallum,Bradley McCallum,bradleymccallum,DFFC
Bradley Potgieter,Bradley Potgieter,bradleypotgieter,DFFC
Bradley Roby,Bradley Roby,bradleyroby,DFFC
Bradley Smith,Bradley Smith,bradleysmith,DFFC
Bradley Whitford,Bradley Whitford,bradleywhitford,DFFC
Bradley Wiggins,Bradley Wiggins,bradleywiggins,DFFC
Brady Ellison,Brady Ellison,bradyellison,DFFC
Brady Haran,Brady Haran,bradyharan,DFFC
Brady Quinn,Brady Quinn,bradyquinn,DFFC
Brady Seals,Brady Seals,bradyseals,DFFC
Brady Smith,Brady Smith,bradysmith,DFFC
Bram Nuytinck,Bram Nuytinck,bramnuytinck,DFFC
Bramwell Tovey,Bramwell Tovey,bramwelltovey,DFFC
Bran Ferren,Bran Ferren,branferren,DFFC
Brande Roderick,Brande Roderick,branderoderick,DFFC
Branden Ledbetter,Branden Ledbetter,brandenledbetter,DFFC
Brandian Ross,Brandian Ross,brandianross,DFFC
Brandon Bostick,Brandon Bostick,brandonbostick,DFFC
Brandon Brooks,Brandon Brooks,brandonbrooks,DFFC
Brandon Cantu,Brandon Cantu,brandoncantu,DFFC
Brandon Copeland,Brandon Copeland,brandoncopeland,DFFC
Brandon DeFazio,Brandon DeFazio,brandondefazio,DFFC
Brandon Dubinsky,Brandon Dubinsky,brandondubinsky,DFFC
Brandon Fields,Brandon Fields,brandonfields,DFFC
Brandon Frazier,Brandon Frazier,brandonfrazier,DFFC
Brandon Gorin,Brandon Gorin,brandongorin,DFFC
Brandon Hunter,Brandon Hunter,brandonhunter,DFFC
Brandon Jacobs,Brandon Jacobs,brandonjacobs,DFFC
Brandon McCarthy,Brandon McCarthy,brandonmccarthy,DFFC
Brandon McDonald,Brandon McDonald,brandonmcdonald,DFFC
Brandon Mendelson,Brandon Mendelson,brandonmendelson,DFFC
Brandon Moore,Brandon Moore,brandonmoore,DFFC
Brandon Mull,Brandon Mull,brandonmull,DFFC
Brandon Routh,Brandon Routh,brandonrouth,DFFC
Brandon Rush,Brandon Rush,brandonrush,DFFC
Brandon Spikes,Brandon Spikes,brandonspikes,DFFC
Brandon Sutter,Brandon Sutter,brandonsutter,DFFC
Brandon Triche,Brandon Triche,brandontriche,DFFC
Brandon Weeden,Brandon Weeden,brandonweeden,DFFC
Brandy Aniston,Brandy Aniston,brandyaniston,DFFC
Brandy Norwood,Brandy Norwood,brandynorwood,DFFC
Branimir Subašić,Branimir Subašić,branimirsubai,DFFC
Branislau Samoilau,Branislau Samoilau,branislausamoilau,DFFC
Branislav Janković,Branislav Janković,branislavjankovi,DFFC
Branislav Trajković,Branislav Trajković,branislavtrajkovi,DFFC
Branko Brnović,Branko Brnović,brankobrnovi,DFFC
Branko Gradišnik,Branko Gradišnik,brankogradinik,DFFC
Branko Grünbaum,Branko Grünbaum,brankogrnbaum,DFFC
Branko Jorović,Branko Jorović,brankojorovi,DFFC
Branko Lazarević,Branko Lazarević,brankolazarevi,DFFC
Branko Lazić,Branko Lazić,brankolazi,DFFC
Branko Lustig,Branko Lustig,brankolustig,DFFC
Braxton Kelley,Braxton Kelley,braxtonkelley,DFFC
Brayan Ramírez,Brayan Ramírez,brayanramrez,DFFC
Brayden Point,Brayden Point,braydenpoint,DFFC
Brenda Jones,Brenda Jones,brendajones,DFFC
Brenda Milner,Brenda Milner,brendamilner,DFFC
Brenda Romero,Brenda Romero,brendaromero,DFFC
Brenda Song,Brenda Song,brendasong,DFFC
Brenda Villa,Brenda Villa,brendavilla,DFFC
Brendan Burke,Brendan Burke,brendanburke,DFFC
Brendan Fevola,Brendan Fevola,brendanfevola,DFFC
Brendan Fraser,Brendan Fraser,brendanfraser,DFFC
Brendan Gallagher,Brendan Gallagher,brendangallagher,DFFC
Brendan Grace,Brendan Grace,brendangrace,DFFC
Brendan Haywood,Brendan Haywood,brendanhaywood,DFFC
Brendan Kerry,Brendan Kerry,brendankerry,DFFC
Brendan Malone,Brendan Malone,brendanmalone,DFFC
Brendan Rodgers,Brendan Rodgers,brendanrodgers,DFFC
Brenden Hall,Brenden Hall,brendenhall,DFFC
Brenden Morrow,Brenden Morrow,brendenmorrow,DFFC
Brendon Coventry,Brendon Coventry,brendoncoventry,DFFC
Brendon Hartley,Brendon Hartley,brendonhartley,DFFC
Brendon Small,Brendon Small,brendonsmall,DFFC
Brendon Šantalab,Brendon Šantalab,brendonantalab,DFFC
Brenno de Winter,Brenno de Winter,brennodewinter,DFFC
Brent Barry,Brent Barry,brentbarry,DFFC
Brent Bommentre,Brent Bommentre,brentbommentre,DFFC
Brent Guerra,Brent Guerra,brentguerra,DFFC
Brent Harding,Brent Harding,brentharding,DFFC
Brent Lakatos,Brent Lakatos,brentlakatos,DFFC
Brent Lepistu,Brent Lepistu,brentlepistu,DFFC
Brent Morin,Brent Morin,brentmorin,DFFC
Brent Newdick,Brent Newdick,brentnewdick,DFFC
Brent Spiner,Brent Spiner,brentspiner,DFFC
Brent Weedman,Brent Weedman,brentweedman,DFFC
Brenton Thwaites,Brenton Thwaites,brentonthwaites,DFFC
Bret Easton Ellis,Bret Easton Ellis,breteastonellis,DFFC
Bret McKenzie,Bret McKenzie,bretmckenzie,DFFC
Brett Anderson,Brett Anderson,brettanderson,DFFC
Brett Basanez,Brett Basanez,brettbasanez,DFFC
Brett Dalton,Brett Dalton,brettdalton,DFFC
Brett Deledio,Brett Deledio,brettdeledio,DFFC
Brett Favre,Brett Favre,brettfavre,DFFC
Brett Hundley,Brett Hundley,bretthundley,DFFC
Brett Scallions,Brett Scallions,brettscallions,DFFC
Brett Stibners,Brett Stibners,brettstibners,DFFC
Bria Hartley,Bria Hartley,briahartley,DFFC
Brian Austin Green,Brian Austin Green,brianaustingreen,DFFC
Brian Azzarello,Brian Azzarello,brianazzarello,DFFC
Brian Baker,Brian Baker,brianbaker,DFFC
Brian Boitano,Brian Boitano,brianboitano,DFFC
Brian Boyle,Brian Boyle,brianboyle,DFFC
Brian Bulcke,Brian Bulcke,brianbulcke,DFFC
Brian Burke,Brian Burke,brianburke,DFFC
Brian Burres,Brian Burres,brianburres,DFFC
Brian Butterfield,Brian Butterfield,brianbutterfield,DFFC
Brian Cody,Brian Cody,briancody,DFFC
Brian Day,Brian Day,brianday,DFFC
Brian De Palma,Brian De Palma,briandepalma,DFFC
Brian Fallon,Brian Fallon,brianfallon,DFFC
Brian Finneran,Brian Finneran,brianfinneran,DFFC
Brian Flynn,Brian Flynn,brianflynn,DFFC
Brian Foster,Brian Foster,brianfoster,DFFC
Brian Fuentes,Brian Fuentes,brianfuentes,DFFC
Brian Gibbons,Brian Gibbons,briangibbons,DFFC
Brian Greene,Brian Greene,briangreene,DFFC
Brian Gubby,Brian Gubby,briangubby,DFFC
Brian Halligan,Brian Halligan,brianhalligan,DFFC
Brian Idowu,Brian Idowu,brianidowu,DFFC
Brian Jones,Brian Jones,brianjones,DFFC
Brian Joubert,Brian Joubert,brianjoubert,DFFC
Brian Kendrick,Brian Kendrick,briankendrick,DFFC
Brian Keselowski,Brian Keselowski,briankeselowski,DFFC
Brian Landrus,Brian Landrus,brianlandrus,DFFC
Brian Lehrer,Brian Lehrer,brianlehrer,DFFC
Brian Mariano,Brian Mariano,brianmariano,DFFC
Brian McDermott,Brian McDermott,brianmcdermott,DFFC
Brian Naylor,Brian Naylor,briannaylor,DFFC
Brian Posehn,Brian Posehn,brianposehn,DFFC
Brian Pulido,Brian Pulido,brianpulido,DFFC
Brian Roberts,Brian Roberts,brianroberts,DFFC
Brian Robertson,Brian Robertson,brianrobertson,DFFC
Brian Robiskie,Brian Robiskie,brianrobiskie,DFFC
Brian Ronalds,Brian Ronalds,brianronalds,DFFC
Brian Roy Goble,Brian Roy Goble,brianroygoble,DFFC
Brian Shaw,Brian Shaw,brianshaw,DFFC
Brian St. Pierre,Brian St Pierre,brianstpierre,DFFC
Brian Stann,Brian Stann,brianstann,DFFC
Brian Stelter,Brian Stelter,brianstelter,DFFC
Brian Sterling-Vete,Brian Sterling-Vete,briansterlingvete,DFFC
Brian Strait,Brian Strait,brianstrait,DFFC
Brian Thacker,Brian Thacker,brianthacker,DFFC
Brian Thompson,Brian Thompson,brianthompson,DFFC
Brian Tochi,Brian Tochi,briantochi,DFFC
Brian Urlacher,Brian Urlacher,brianurlacher,DFFC
Brian VanGorder,Brian VanGorder,brianvangorder,DFFC
Brian Vandborg,Brian Vandborg,brianvandborg,DFFC
Brian Vickers,Brian Vickers,brianvickers,DFFC
Brian Wilson,Brian Wilson,brianwilson,DFFC
Brian Yuzna,Brian Yuzna,brianyuzna,DFFC
Brian de la Puente,Brian de la Puente,briandelapuente,DFFC
Brian Ó Domhnaill,Brian Ó Domhnaill,briandomhnaill,DFFC
Briana Blair,Briana Blair,brianablair,DFFC
Briana Scurry,Briana Scurry,brianascurry,DFFC
Brianna Brown,Brianna Brown,briannabrown,DFFC
Brianna Fruean,Brianna Fruean,briannafruean,DFFC
Brianna Lea Pruett,Brianna Lea Pruett,briannaleapruett,DFFC
Brianna Love,Brianna Love,briannalove,DFFC
Brianne Theisen-Eaton,Brianne Theisen-Eaton,briannetheiseneaton,DFFC
Brice Butler,Brice Butler,bricebutler,DFFC
Brice Fournier,Brice Fournier,bricefournier,DFFC
Bridget Fonda,Bridget Fonda,bridgetfonda,DFFC
Bridget Marquardt,Bridget Marquardt,bridgetmarquardt,DFFC
Bridie Kean,Bridie Kean,bridiekean,DFFC
Brigitte Lahaie,Brigitte Lahaie,brigittelahaie,DFFC
Brigitte Nielsen,Brigitte Nielsen,brigittenielsen,DFFC
Brillante Mendoza,Brillante Mendoza,brillantemendoza,DFFC
Brina Palencia,Brina Palencia,brinapalencia,DFFC
Brit Marling,Brit Marling,britmarling,DFFC
Brit Morgan,Brit Morgan,britmorgan,DFFC
Britney Amber,Britney Amber,britneyamber,DFFC
Britt McHenry,Britt McHenry,brittmchenry,DFFC
Britt Robertson,Britt Robertson,brittrobertson,DFFC
Britta Büthe,Britta Büthe,brittabthe,DFFC
Britta Heidemann,Britta Heidemann,brittaheidemann,DFFC
Britta Johansson Norgren,Britta Johansson Norgren,brittajohanssonnorgren,DFFC
Brittany Bock,Brittany Bock,brittanybock,DFFC
Brittany Bowe,Brittany Bowe,brittanybowe,DFFC
Brittany Lang,Brittany Lang,brittanylang,DFFC
Britteny Cox,Britteny Cox,brittenycox,DFFC
Brittney Skye,Brittney Skye,brittneyskye,DFFC
Britton Colquitt,Britton Colquitt,brittoncolquitt,DFFC
Brock Coyle,Brock Coyle,brockcoyle,DFFC
Brock Holt,Brock Holt,brockholt,DFFC
Brock Larson,Brock Larson,brocklarson,DFFC
Brock Nelson,Brock Nelson,brocknelson,DFFC
Brody Jenner,Brody Jenner,brodyjenner,DFFC
Brody Roybal,Brody Roybal,brodyroybal,DFFC
Bronisław Malinowski,Bronisław Malinowski,bronisawmalinowski,DFFC
Bronson Pinchot,Bronson Pinchot,bronsonpinchot,DFFC
Bront Bird,Bront Bird,brontbird,DFFC
Brooke Baldwin,Brooke Baldwin,brookebaldwin,DFFC
Brooke Burke,Brooke Burke,brookeburke,DFFC
Brooke Castile,Brooke Castile,brookecastile,DFFC
Brooke Fraser,Brooke Fraser,brookefraser,DFFC
Brooke Valentine,Brooke Valentine,brookevalentine,DFFC
Brooks Williams,Brooks Williams,brookswilliams,DFFC
Bruce Bennett,Bruce Bennett,brucebennett,DFFC
Bruce Bowen,Bruce Bowen,brucebowen,DFFC
Bruce Campbell,Bruce Campbell,brucecampbell,DFFC
Bruce Davidson,Bruce Davidson,brucedavidson,DFFC
Bruce Davis,Bruce Davis,brucedavis,DFFC
Bruce Degen,Bruce Degen,brucedegen,DFFC
Bruce Dern,Bruce Dern,brucedern,DFFC
Bruce Edwards,Bruce Edwards,bruceedwards,DFFC
Bruce Foxton,Bruce Foxton,brucefoxton,DFFC
Bruce Grobbelaar,Bruce Grobbelaar,brucegrobbelaar,DFFC
Bruce Hilkene,Bruce Hilkene,brucehilkene,DFFC
Bruce Irvin,Bruce Irvin,bruceirvin,DFFC
Bruce McDonald,Bruce McDonald,brucemcdonald,DFFC
Bruce Miller,Bruce Miller,brucemiller,DFFC
Bruce Reid,Bruce Reid,brucereid,DFFC
Bruce Robinson,Bruce Robinson,brucerobinson,DFFC
Bruce Schneier,Bruce Schneier,bruceschneier,DFFC
Bruce Seldon,Bruce Seldon,bruceseldon,DFFC
Bruce Springsteen,Bruce Springsteen,brucespringsteen,DFFC
Bruce Sutter,Bruce Sutter,brucesutter,DFFC
Bruce Weitz,Bruce Weitz,bruceweitz,DFFC
Bruna Linzmeyer,Bruna Linzmeyer,brunalinzmeyer,DFFC
Bruna Marquezine,Bruna Marquezine,brunamarquezine,DFFC
Bruno Alves,Bruno Alves,brunoalves,DFFC
Bruno Banani,Bruno Banani,brunobanani,DFFC
Bruno Barreto,Bruno Barreto,brunobarreto,DFFC
Bruno Basto,Bruno Basto,brunobasto,DFFC
Bruno Canfora,Bruno Canfora,brunocanfora,DFFC
Bruno Cipolla,Bruno Cipolla,brunocipolla,DFFC
Bruno Cirillo,Bruno Cirillo,brunocirillo,DFFC
Bruno Dumont,Bruno Dumont,brunodumont,DFFC
Bruno Gabriel Soares,Bruno Gabriel Soares,brunogabrielsoares,DFFC
Bruno Mars,Bruno Mars,brunomars,DFFC
Bruno Pires,Bruno Pires,brunopires,DFFC
Bruno Racine,Bruno Racine,brunoracine,DFFC
Bruno Ravel,Bruno Ravel,brunoravel,DFFC
Bruno Sammartino,Bruno Sammartino,brunosammartino,DFFC
Bruno Senna,Bruno Senna,brunosenna,DFFC
Bruno Spengler,Bruno Spengler,brunospengler,DFFC
Brutus Beefcake,Brutus Beefcake,brutusbeefcake,DFFC
Bryan Anger,Bryan Anger,bryananger,DFFC
Bryan Augenstein,Bryan Augenstein,bryanaugenstein,DFFC
Bryan Bouffier,Bryan Bouffier,bryanbouffier,DFFC
Bryan Carrasco,Bryan Carrasco,bryancarrasco,DFFC
Bryan Clauson,Bryan Clauson,bryanclauson,DFFC
Bryan Cranston,Bryan Cranston,bryancranston,DFFC
Bryan Ferry,Bryan Ferry,bryanferry,DFFC
Bryan Greenberg,Bryan Greenberg,bryangreenberg,DFFC
Bryan Lee O'Malley,Bryan Lee O'Malley,bryanleeomalley,DFFC
Bryan Murray,Bryan Murray,bryanmurray,DFFC
Bryan Price,Bryan Price,bryanprice,DFFC
Bryan Robson,Bryan Robson,bryanrobson,DFFC
Bryan Singer,Bryan Singer,bryansinger,DFFC
Bryan Talbot,Bryan Talbot,bryantalbot,DFFC
Bryan Thao Worra,Bryan Thao Worra,bryanthaoworra,DFFC
Bryan Thomas,Bryan Thomas,bryanthomas,DFFC
Bryan White,Bryan White,bryanwhite,DFFC
Bryant Gumbel,Bryant Gumbel,bryantgumbel,DFFC
Bryant H. McGill,Bryant H McGill,bryanthmcgill,DFFC
Bryant McKinnie,Bryant McKinnie,bryantmckinnie,DFFC
Bryant Nelson,Bryant Nelson,bryantnelson,DFFC
Bryce Alford,Bryce Alford,brycealford,DFFC
Bryce Dallas Howard,Bryce Dallas Howard,brycedallashoward,DFFC
Bryce Dessner,Bryce Dessner,brycedessner,DFFC
Bryce Harper,Bryce Harper,bryceharper,DFFC
Bryce Lindores,Bryce Lindores,brycelindores,DFFC
Bryce Salvador,Bryce Salvador,brycesalvador,DFFC
Bryn Terfel,Bryn Terfel,brynterfel,DFFC
Buakaw Banchamek,Buakaw Banchamek,buakawbanchamek,DFFC
Buck Adams,Buck Adams,buckadams,DFFC
Bucky Dent,Bucky Dent,buckydent,DFFC
Bud Colligan,Bud Colligan,budcolligan,DFFC
Buddy Bailey,Buddy Bailey,buddybailey,DFFC
Buddy Feyne,Buddy Feyne,buddyfeyne,DFFC
Buford Long,Buford Long,bufordlong,DFFC
Buju Banton,Buju Banton,bujubanton,DFFC
Bukhuti Gurgenidze,Bukhuti Gurgenidze,bukhutigurgenidze,DFFC
Buky Schwartz,Buky Schwartz,bukyschwartz,DFFC
Bull Dempsey,Bull Dempsey,bulldempsey,DFFC
Bull Nakano,Bull Nakano,bullnakano,DFFC
Bunji Garlin,Bunji Garlin,bunjigarlin,DFFC
Bunny Yeager,Bunny Yeager,bunnyyeager,DFFC
Burak Kardeş,Burak Kardeş,burakkarde,DFFC
Burcu Yüksel,Burcu Yüksel,burcuyksel,DFFC
Burleigh Smith,Burleigh Smith,burleighsmith,DFFC
Burne Hogarth,Burne Hogarth,burnehogarth,DFFC
Burney Lamar,Burney Lamar,burneylamar,DFFC
Burnie Burns,Burnie Burns,burnieburns,DFFC
Burt Reynolds,Burt Reynolds,burtreynolds,DFFC
Burt Wilson,Burt Wilson,burtwilson,DFFC
Busta Rhymes,Busta Rhymes,bustarhymes,DFFC
Buster Posey,Buster Posey,busterposey,DFFC
Buster Ramsey,Buster Ramsey,busterramsey,DFFC
Busy Philipps,Busy Philipps,busyphilipps,DFFC
Butch Davis,Butch Davis,butchdavis,DFFC
Butterfly Boucher,Butterfly Boucher,butterflyboucher,DFFC
Buz Verno,Buz Verno,buzverno,DFFC
Buzz Aldrin,Buzz Aldrin,buzzaldrin,DFFC
Buzz Peterson,Buzz Peterson,buzzpeterson,DFFC
Byron Roberts,Byron Roberts,byronroberts,DFFC
Byron Scott,Byron Scott,byronscott,DFFC
Byron Stroud,Byron Stroud,byronstroud,DFFC
Byron Westbrook,Byron Westbrook,byronwestbrook,DFFC
Byung-hyun Kim,Byung-hyun Kim,byunghyunkim,DFFC
Bärbel Schäfer,Bärbel Schäfer,brbelschfer,DFFC
Béla H. Bánáthy,Béla H Bánáthy,blahbnthy,DFFC
Béla Tarr,Béla Tarr,blatarr,DFFC
Bérénice Bejo,Bérénice Bejo,brnicebejo,DFFC
Bérénice Marlohe,Bérénice Marlohe,brnicemarlohe,DFFC
Bülent Korkmaz,Bülent Korkmaz,blentkorkmaz,DFFC
C. Cameron Macauley,C Cameron Macauley,ccameronmacauley,DFFC
C. Eugene Steuerle,C Eugene Steuerle,ceugenesteuerle,DFFC
C. J. Anderson,CJ Anderson,cjanderson,DFFC
C. J. Brown,CJ Brown,cjbrown,DFFC
C. J. Cherryh,CJ Cherryh,cjcherryh,DFFC
C. J. Fair,CJ Fair,cjfair,DFFC
C. J. Wilson,CJ Wilson,cjwilson,DFFC
C. K. Prahalad,CK Prahalad,ckprahalad,DFFC
C. T. Vivian,CT Vivian,ctvivian,DFFC
CC Sabathia,CC Sabathia,ccsabathia,DFFC
Cacau,Cacau,cacau,DFFC
Cade Davis,Cade Davis,cadedavis,DFFC
Cafu,Cafu,cafu,DFFC
Caitlin Cary,Caitlin Cary,caitlincary,DFFC
Caitlin Clarke,Caitlin Clarke,caitlinclarke,DFFC
Caitlin De Wit,Caitlin De Wit,caitlindewit,DFFC
Caitlin Yankowskas,Caitlin Yankowskas,caitlinyankowskas,DFFC
Caity Lotz,Caity Lotz,caitylotz,DFFC
CajsaStina Åkerström,CajsaStina Åkerström,cajsastinakerstrm,DFFC
Cal Abrams,Cal Abrams,calabrams,DFFC
Cal Crutchlow,Cal Crutchlow,calcrutchlow,DFFC
Caleb Porter,Caleb Porter,calebporter,DFFC
Calista Flockhart,Calista Flockhart,calistaflockhart,DFFC
Callie Khouri,Callie Khouri,calliekhouri,DFFC
Callista Gingrich,Callista Gingrich,callistagingrich,DFFC
Callum Driver,Callum Driver,callumdriver,DFFC
Callum Kennedy,Callum Kennedy,callumkennedy,DFFC
Callum Watson,Callum Watson,callumwatson,DFFC
Calpernia Addams,Calpernia Addams,calperniaaddams,DFFC
Calu Rivero,Calu Rivero,calurivero,DFFC
Calum Davenport,Calum Davenport,calumdavenport,DFFC
Calvin Harris,Calvin Harris,calvinharris,DFFC
Calvin Johnson,Calvin Johnson,calvinjohnson,DFFC
Calvin Pickard,Calvin Pickard,calvinpickard,DFFC
Calvin Zola,Calvin Zola,calvinzola,DFFC
Cam Donaldson,Cam Donaldson,camdonaldson,DFFC
Cam'ron,Cam'ron,camron,DFFC
Cameron Boyce,Cameron Boyce,cameronboyce,DFFC
Cameron Bruce,Cameron Bruce,cameronbruce,DFFC
Cameron Carpenter,Cameron Carpenter,cameroncarpenter,DFFC
Cameron Clark,Cameron Clark,cameronclark,DFFC
Cameron Heyward,Cameron Heyward,cameronheyward,DFFC
Cameron Lynn,Cameron Lynn,cameronlynn,DFFC
Cameron McConville,Cameron McConville,cameronmcconville,DFFC
Cameron de Burgh,Cameron de Burgh,camerondeburgh,DFFC
Camila Alves,Camila Alves,camilaalves,DFFC
Camila Banus,Camila Banus,camilabanus,DFFC
Camila Grey,Camila Grey,camilagrey,DFFC
Camila Pitanga,Camila Pitanga,camilapitanga,DFFC
Camilla Belle,Camilla Belle,camillabelle,DFFC
Camilla Henemark,Camilla Henemark,camillahenemark,DFFC
Camille,Camille,camille,DFFC
Camille Guerre,Camille Guerre,camilleguerre,DFFC
Camille Keaton,Camille Keaton,camillekeaton,DFFC
Camilo José Cela,Camilo José Cela,camilojoscela,DFFC
Camilo Sanvezzo,Camilo Sanvezzo,camilosanvezzo,DFFC
Candace Bushnell,Candace Bushnell,candacebushnell,DFFC
Candace Chapman,Candace Chapman,candacechapman,DFFC
Candace Gingrich,Candace Gingrich,candacegingrich,DFFC
Candice Daly,Candice Daly,candicedaly,DFFC
Candice Swanepoel,Candice Swanepoel,candiceswanepoel,DFFC
Candice Yu,Candice Yu,candiceyu,DFFC
Candida Lycett Green,Candida Lycett Green,candidalycettgreen,DFFC
Candy Clark,Candy Clark,candyclark,DFFC
Candy Hsu,Candy Hsu,candyhsu,DFFC
Cao Fang,Cao Fang,caofang,DFFC
Cao Yupeng,Cao Yupeng,caoyupeng,DFFC
Capleton,Capleton,capleton,DFFC
Captain Munnerlyn,Captain Munnerlyn,captainmunnerlyn,DFFC
Cara Delevingne,Cara Delevingne,caradelevingne,DFFC
Cara Fawn,Cara Fawn,carafawn,DFFC
Cardale Jones,Cardale Jones,cardalejones,DFFC
Caren Marsh Doll,Caren Marsh Doll,carenmarshdoll,DFFC
Caressa Savage,Caressa Savage,caressasavage,DFFC
Carey Bell,Carey Bell,careybell,DFFC
Carey Davis,Carey Davis,careydavis,DFFC
Carina Wenninger,Carina Wenninger,carinawenninger,DFFC
Carl Cameron,Carl Cameron,carlcameron,DFFC
Carl Donnelly,Carl Donnelly,carldonnelly,DFFC
Carl Fletcher,Carl Fletcher,carlfletcher,DFFC
Carl Fontana,Carl Fontana,carlfontana,DFFC
Carl Frampton,Carl Frampton,carlframpton,DFFC
Carl Furillo,Carl Furillo,carlfurillo,DFFC
Carl Greenberg,Carl Greenberg,carlgreenberg,DFFC
Carl Hiaasen,Carl Hiaasen,carlhiaasen,DFFC
Carl Ikeme,Carl Ikeme,carlikeme,DFFC
Carl Jan Granqvist,Carl Jan Granqvist,carljangranqvist,DFFC
Carl Jenkinson,Carl Jenkinson,carljenkinson,DFFC
Carl Jockusch,Carl Jockusch,carljockusch,DFFC
Carl Long,Carl Long,carllong,DFFC
Carl M. Voyles,Carl M Voyles,carlmvoyles,DFFC
Carl Ouellet,Carl Ouellet,carlouellet,DFFC
Carl Pentney,Carl Pentney,carlpentney,DFFC
Carl Renezeder,Carl Renezeder,carlrenezeder,DFFC
Carl Robinson,Carl Robinson,carlrobinson,DFFC
Carl Sagan,Carl Sagan,carlsagan,DFFC
Carl Snavely,Carl Snavely,carlsnavely,DFFC
Carl Söderberg,Carl Söderberg,carlsderberg,DFFC
Carl Woese,Carl Woese,carlwoese,DFFC
Carla Bruni,Carla Bruni,carlabruni,DFFC
Carla Camurati,Carla Camurati,carlacamurati,DFFC
Carla Del Ponte,Carla Del Ponte,carladelponte,DFFC
Carla Overbeck,Carla Overbeck,carlaoverbeck,DFFC
Carles Castillejo,Carles Castillejo,carlescastillejo,DFFC
Carleton Carpenter,Carleton Carpenter,carletoncarpenter,DFFC
Carley Mijović,Carley Mijović,carleymijovi,DFFC
Carlisle Trost,Carlisle Trost,carlisletrost,DFFC
Carlo Ancelotti,Carlo Ancelotti,carloancelotti,DFFC
Carlo Bomans,Carlo Bomans,carlobomans,DFFC
Carlo Cudicini,Carlo Cudicini,carlocudicini,DFFC
Carlo Janka,Carlo Janka,carlojanka,DFFC
Carlo Lizzani,Carlo Lizzani,carlolizzani,DFFC
Carlo Rambaldi,Carlo Rambaldi,carlorambaldi,DFFC
Carlos Alberto Torres,Carlos Alberto Torres,carlosalbertotorres,DFFC
Carlos Alberto de Jesus,Carlos Alberto de Jesus,carlosalbertodejesus,DFFC
Carlos Alexandre Cardoso,Carlos Alexandre Cardoso,carlosalexandrecardoso,DFFC
Carlos Berlocq,Carlos Berlocq,carlosberlocq,DFFC
Carlos Betancur,Carlos Betancur,carlosbetancur,DFFC
Carlos Boozer,Carlos Boozer,carlosboozer,DFFC
Carlos Carmona,Carlos Carmona,carloscarmona,DFFC
Carlos Castaño Panadero,Carlos Castaño Panadero,carloscastaopanadero,DFFC
Carlos Castro,Carlos Castro,carloscastro,DFFC
Carlos Chinin,Carlos Chinin,carloschinin,DFFC
Carlos Colón Sr.,Carlos Colón Sr,carloscolnsr,DFFC
Carlos Contreras,Carlos Contreras,carloscontreras,DFFC
Carlos Eduardo de Fiori Mendes,Carlos Eduardo de Fiori Mendes,carloseduardodefiorimendes,DFFC
Carlos Eugênio Simon,Carlos Eugênio Simon,carloseugniosimon,DFFC
Carlos Frenk,Carlos Frenk,carlosfrenk,DFFC
Carlos Gurpegui,Carlos Gurpegui,carlosgurpegui,DFFC
Carlos Hathcock,Carlos Hathcock,carloshathcock,DFFC
Carlos Hernández,Carlos Hernández,carloshernndez,DFFC
Carlos Huertas,Carlos Huertas,carloshuertas,DFFC
Carlos Hyde,Carlos Hyde,carloshyde,DFFC
Carlos Julio Martínez,Carlos Julio Martínez,carlosjuliomartnez,DFFC
Carlos Lee,Carlos Lee,carloslee,DFFC
Carlos Martins,Carlos Martins,carlosmartins,DFFC
Carlos Pachamé,Carlos Pachamé,carlospacham,DFFC
Carlos Pacheco,Carlos Pacheco,carlospacheco,DFFC
Carlos Páez Vilaró,Carlos Páez Vilaró,carlospezvilar,DFFC
Carlos Reichenbach,Carlos Reichenbach,carlosreichenbach,DFFC
Carlos Reygadas,Carlos Reygadas,carlosreygadas,DFFC
Carlos Rivero,Carlos Rivero,carlosrivero,DFFC
Carlos Ruiz,Carlos Ruiz,carlosruiz,DFFC
Carlos Salcedo,Carlos Salcedo,carlossalcedo,DFFC
Carlos Saura,Carlos Saura,carlossaura,DFFC
Carlos Sosa,Carlos Sosa,carlossosa,DFFC
Carlos Tavares,Carlos Tavares,carlostavares,DFFC
Carlos Valderrama,Carlos Valderrama,carlosvalderrama,DFFC
Carlos Vela,Carlos Vela,carlosvela,DFFC
Carlos Velasco Carballo,Carlos Velasco Carballo,carlosvelascocarballo,DFFC
Carlos Verona,Carlos Verona,carlosverona,DFFC
Carlota Ciganda,Carlota Ciganda,carlotaciganda,DFFC
Carlton Brewster,Carlton Brewster,carltonbrewster,DFFC
Carlton Massey,Carlton Massey,carltonmassey,DFFC
Carlton W. Kent,Carlton W Kent,carltonwkent,DFFC
Carly Booth,Carly Booth,carlybooth,DFFC
Carly Chaikin,Carly Chaikin,carlychaikin,DFFC
Carly Colón,Carly Colón,carlycoln,DFFC
Carly Rae Jepsen,Carly Rae Jepsen,carlyraejepsen,DFFC
Carlyle Mitchell,Carlyle Mitchell,carlylemitchell,DFFC
Carmen Argenziano,Carmen Argenziano,carmenargenziano,DFFC
Carmen Cali,Carmen Cali,carmencali,DFFC
Carmen Luvana,Carmen Luvana,carmenluvana,DFFC
Carmen Miranda,Carmen Miranda,carmenmiranda,DFFC
Carmen Rasmusen,Carmen Rasmusen,carmenrasmusen,DFFC
Carmine Appice,Carmine Appice,carmineappice,DFFC
Carol Abras,Carol Abras,carolabras,DFFC
Carol Bartz,Carol Bartz,carolbartz,DFFC
Carol Channing,Carol Channing,carolchanning,DFFC
Carol Fran,Carol Fran,carolfran,DFFC
Carol Guess,Carol Guess,carolguess,DFFC
Carol Kirkwood,Carol Kirkwood,carolkirkwood,DFFC
Carol Thatcher,Carol Thatcher,carolthatcher,DFFC
Carol Vorderman,Carol Vorderman,carolvorderman,DFFC
Carol Weston,Carol Weston,carolweston,DFFC
Carole Ann Ford,Carole Ann Ford,caroleannford,DFFC
Carole Bayer Sager,Carole Bayer Sager,carolebayersager,DFFC
Carole Demas,Carole Demas,caroledemas,DFFC
Carole Pateman,Carole Pateman,carolepateman,DFFC
Carolin Golubytskyi,Carolin Golubytskyi,carolingolubytskyi,DFFC
Carolin Nytra,Carolin Nytra,carolinnytra,DFFC
Carolina Erba,Carolina Erba,carolinaerba,DFFC
Carolina Neurath,Carolina Neurath,carolinaneurath,DFFC
Carolina Ruiz Castillo,Carolina Ruiz Castillo,carolinaruizcastillo,DFFC
Caroline Abbé,Caroline Abbé,carolineabb,DFFC
Caroline Benn,Caroline Benn,carolinebenn,DFFC
Caroline Brasch Nielsen,Caroline Brasch Nielsen,carolinebraschnielsen,DFFC
Caroline Cossey,Caroline Cossey,carolinecossey,DFFC
Caroline Costa,Caroline Costa,carolinecosta,DFFC
Caroline D'Amore,Caroline D'Amore,carolinedamore,DFFC
Caroline Dhavernas,Caroline Dhavernas,carolinedhavernas,DFFC
Caroline Flack,Caroline Flack,carolineflack,DFFC
Caroline Garcia,Caroline Garcia,carolinegarcia,DFFC
Caroline Graham Hansen,Caroline Graham Hansen,carolinegrahamhansen,DFFC
Caroline Hedwall,Caroline Hedwall,carolinehedwall,DFFC
Caroline Masson,Caroline Masson,carolinemasson,DFFC
Caroline Randall Williams,Caroline Randall Williams,carolinerandallwilliams,DFFC
Caroline Russell Compton,Caroline Russell Compton,carolinerussellcompton,DFFC
Caroline Steffen,Caroline Steffen,carolinesteffen,DFFC
Caroline Wozniacki,Caroline Wozniacki,carolinewozniacki,DFFC
Carolyn MacCuish,Carolyn MacCuish,carolynmaccuish,DFFC
Carolyn Marie Souaid,Carolyn Marie Souaid,carolynmariesouaid,DFFC
Carolyn Talcott,Carolyn Talcott,carolyntalcott,DFFC
Caron Wheeler,Caron Wheeler,caronwheeler,DFFC
Carrie Stevens,Carrie Stevens,carriestevens,DFFC
Carrie Underwood,Carrie Underwood,carrieunderwood,DFFC
Carroll Pratt,Carroll Pratt,carrollpratt,DFFC
Carson Daly,Carson Daly,carsondaly,DFFC
Carsten Ball,Carsten Ball,carstenball,DFFC
Carsten Mogensen,Carsten Mogensen,carstenmogensen,DFFC
Carter,Carter,carter,DFFC
Carter Bancks,Carter Bancks,carterbancks,DFFC
Carter Bykowski,Carter Bykowski,carterbykowski,DFFC
Carter Cruise,Carter Cruise,cartercruise,DFFC
Carter Ham,Carter Ham,carterham,DFFC
Carter Jenkins,Carter Jenkins,carterjenkins,DFFC
Carter Oosterhouse,Carter Oosterhouse,carteroosterhouse,DFFC
Cas Haley,Cas Haley,cashaley,DFFC
Cas Myslinski,Cas Myslinski,casmyslinski,DFFC
Casey Atwood,Casey Atwood,caseyatwood,DFFC
Casey Fien,Casey Fien,caseyfien,DFFC
Casey FitzRandolph,Casey FitzRandolph,caseyfitzrandolph,DFFC
Casey James,Casey James,caseyjames,DFFC
Casey Janssen,Casey Janssen,caseyjanssen,DFFC
Casey Stoner,Casey Stoner,caseystoner,DFFC
Caspar Bowden,Caspar Bowden,casparbowden,DFFC
Casper Ware,Casper Ware,casperware,DFFC
Cassandra Clare,Cassandra Clare,cassandraclare,DFFC
Cassandra Wilson,Cassandra Wilson,cassandrawilson,DFFC
Cassandro,Cassandro,cassandro,DFFC
Cassidy,Cassidy,cassidy,DFFC
Cassidy O'Reilly,Cassidy O'Reilly,cassidyoreilly,DFFC
Cassidy Wolf,Cassidy Wolf,cassidywolf,DFFC
Cassius Vaughn,Cassius Vaughn,cassiusvaughn,DFFC
Cat Marnell,Cat Marnell,catmarnell,DFFC
Cat Whitehill,Cat Whitehill,catwhitehill,DFFC
Catalina,Catalina,catalina,DFFC
Catalina Cruz,Catalina Cruz,catalinacruz,DFFC
Catalina Saavedra,Catalina Saavedra,catalinasaavedra,DFFC
Catarina Wallenstein,Catarina Wallenstein,catarinawallenstein,DFFC
Cate Blanchett,Cate Blanchett,cateblanchett,DFFC
Caterine Ibargüen,Caterine Ibargüen,caterineibargen,DFFC
Catherine Bach,Catherine Bach,catherinebach,DFFC
Catherine Deneuve,Catherine Deneuve,catherinedeneuve,DFFC
Catherine Frot,Catherine Frot,catherinefrot,DFFC
Catherine Hiegel,Catherine Hiegel,catherinehiegel,DFFC
Catherine Jacques,Catherine Jacques,catherinejacques,DFFC
Catherine Keener,Catherine Keener,catherinekeener,DFFC
Catherine O'Hara,Catherine O'Hara,catherineohara,DFFC
Catherine Raney-Norman,Catherine Raney-Norman,catherineraneynorman,DFFC
Catherine Zeta-Jones,Catherine Zeta-Jones,catherinezetajones,DFFC
"Catherine, Duchess of Cambridge","Catherine, Duchess of Cambridge",catherineduchessofcambridge,DFFC
Cathy Cavadini,Cathy Cavadini,cathycavadini,DFFC
Cathy Reed,Cathy Reed,cathyreed,DFFC
Cato June,Cato June,catojune,DFFC
Catrin Nilsmark,Catrin Nilsmark,catrinnilsmark,DFFC
Catriona Matthew,Catriona Matthew,catrionamatthew,DFFC
Cauley Woodrow,Cauley Woodrow,cauleywoodrow,DFFC
"Cayetana Fitz-James Stuart, 18th Duchess of Alba","Cayetana Fitz-James Stuart, 18th Duchess of Alba",cayetanafitzjamesstuart18thduchessofalba,DFFC
Ceará,Ceará,cear,DFFC
Cecil B. DeMille,Cecil B DeMille,cecilbdemille,DFFC
Cecil O. Samuelson,Cecil O Samuelson,cecilosamuelson,DFFC
Cecil Otter,Cecil Otter,cecilotter,DFFC
Cecil Roberts,Cecil Roberts,cecilroberts,DFFC
Cecilia Bartoli,Cecilia Bartoli,ceciliabartoli,DFFC
Cecilia Chailly,Cecilia Chailly,ceciliachailly,DFFC
Cecilia Forss,Cecilia Forss,ceciliaforss,DFFC
Cecilia Uddén,Cecilia Uddén,ceciliauddn,DFFC
Cecilie Sandvej,Cecilie Sandvej,ceciliesandvej,DFFC
Cedric Bozeman,Cedric Bozeman,cedricbozeman,DFFC
Cees Nooteboom,Cees Nooteboom,ceesnooteboom,DFFC
Cees Paauwe,Cees Paauwe,ceespaauwe,DFFC
Ceija Stojka,Ceija Stojka,ceijastojka,DFFC
Celia Lovsky,Celia Lovsky,celialovsky,DFFC
Celine Dion,Celine Dion,celinedion,DFFC
Celso Blues Boy,Celso Blues Boy,celsobluesboy,DFFC
Cencio Mantovani,Cencio Mantovani,cenciomantovani,DFFC
Cenk Gönen,Cenk Gönen,cenkgnen,DFFC
Cenk Uygur,Cenk Uygur,cenkuygur,DFFC
Cesar Carrillo,Cesar Carrillo,cesarcarrillo,DFFC
Cesar Romero,Cesar Romero,cesarromero,DFFC
Cezary Żak,Cezary Żak,cezaryak,DFFC
Cha Cruz,Cha Cruz,chacruz,DFFC
Chad Barrett,Chad Barrett,chadbarrett,DFFC
Chad Beyer,Chad Beyer,chadbeyer,DFFC
Chad Brown,Chad Brown,chadbrown,DFFC
Chad Fairchild,Chad Fairchild,chadfairchild,DFFC
Chad Gilbert,Chad Gilbert,chadgilbert,DFFC
Chad Henne,Chad Henne,chadhenne,DFFC
Chad Hord,Chad Hord,chadhord,DFFC
Chad Michael Murray,Chad Michael Murray,chadmichaelmurray,DFFC
Chad Owens,Chad Owens,chadowens,DFFC
Chad Smith,Chad Smith,chadsmith,DFFC
Chad Tracy,Chad Tracy,chadtracy,DFFC
Chadli Amri,Chadli Amri,chadliamri,DFFC
Chai Ling,Chai Ling,chailing,DFFC
Chamberlain Oguchi,Chamberlain Oguchi,chamberlainoguchi,DFFC
Champ Bailey,Champ Bailey,champbailey,DFFC
Chan Heng Chee,Chan Heng Chee,chanhengchee,DFFC
Chan Vathanaka,Chan Vathanaka,chanvathanaka,DFFC
Chance Warmack,Chance Warmack,chancewarmack,DFFC
Chander Kumar,Chander Kumar,chanderkumar,DFFC
Chandler Jones,Chandler Jones,chandlerjones,DFFC
Chandler Massey,Chandler Massey,chandlermassey,DFFC
Chandra Wilson,Chandra Wilson,chandrawilson,DFFC
Chane Behanan,Chane Behanan,chanebehanan,DFFC
Chang Chang-sun,Chang Chang-sun,changchangsun,DFFC
Chang Fei,Chang Fei,changfei,DFFC
Changmin,Changmin,changmin,DFFC
Chantae McMillan,Chantae McMillan,chantaemcmillan,DFFC
Chantal Blaak,Chantal Blaak,chantalblaak,DFFC
Chantal Lauby,Chantal Lauby,chantallauby,DFFC
Chantal Lefebvre,Chantal Lefebvre,chantallefebvre,DFFC
Chantal Mouffe,Chantal Mouffe,chantalmouffe,DFFC
Chara,Chara,chara,DFFC
Charb,Charb,charb,DFFC
Charissa Tansomboon,Charissa Tansomboon,charissatansomboon,DFFC
Charlene Tilton,Charlene Tilton,charlenetilton,DFFC
"Charlene, Princess of Monaco","Charlene, Princess of Monaco",charleneprincessofmonaco,DFFC
Charles A. Dinarello,Charles A Dinarello,charlesadinarello,DFFC
Charles A. Hines,Charles A Hines,charlesahines,DFFC
Charles Addams,Charles Addams,charlesaddams,DFFC
Charles Barkley,Charles Barkley,charlesbarkley,DFFC
Charles Basil Price,Charles Basil Price,charlesbasilprice,DFFC
Charles Bradley,Charles Bradley,charlesbradley,DFFC
Charles Brown,Charles Brown,charlesbrown,DFFC
Charles Dias de Oliveira,Charles Dias de Oliveira,charlesdiasdeoliveira,DFFC
Charles Dunstone,Charles Dunstone,charlesdunstone,DFFC
Charles Durning,Charles Durning,charlesdurning,DFFC
Charles Esten,Charles Esten,charlesesten,DFFC
Charles Ferguson,Charles Ferguson,charlesferguson,DFFC
Charles Gavin,Charles Gavin,charlesgavin,DFFC
Charles Gibson,Charles Gibson,charlesgibson,DFFC
Charles Grodin,Charles Grodin,charlesgrodin,DFFC
Charles Hatley,Charles Hatley,charleshatley,DFFC
Charles Kelley,Charles Kelley,charleskelley,DFFC
Charles Kimbrough,Charles Kimbrough,charleskimbrough,DFFC
Charles Klapow,Charles Klapow,charlesklapow,DFFC
Charles Laquidara,Charles Laquidara,charleslaquidara,DFFC
"Charles Lewis, Jr.","Charles Lewis, Jr",charleslewisjr,DFFC
Charles Matton,Charles Matton,charlesmatton,DFFC
Charles Mayer,Charles Mayer,charlesmayer,DFFC
Charles Moore,Charles Moore,charlesmoore,DFFC
Charles Ng,Charles Ng,charlesng,DFFC
Charles O. Holliday,Charles O Holliday,charlesoholliday,DFFC
Charles Okonkwo,Charles Okonkwo,charlesokonkwo,DFFC
Charles Shyer,Charles Shyer,charlesshyer,DFFC
Charles Silmon,Charles Silmon,charlessilmon,DFFC
Charles Starrett,Charles Starrett,charlesstarrett,DFFC
Charles W. Davis,Charles W Davis,charleswdavis,DFFC
"Charles Wellesley, 9th Duke of Wellington","Charles Wellesley, 9th Duke of Wellington",charleswellesley9thdukeofwellington,DFFC
Charles Woodson,Charles Woodson,charleswoodson,DFFC
Charles Wright,Charles Wright,charleswright,DFFC
Charles de Lauzirika,Charles de Lauzirika,charlesdelauzirika,DFFC
Charley Hannah,Charley Hannah,charleyhannah,DFFC
Charley Hull,Charley Hull,charleyhull,DFFC
Charli Robinson,Charli Robinson,charlirobinson,DFFC
Charli XCX,Charli XCX,charlixcx,DFFC
Charlie Adam,Charlie Adam,charlieadam,DFFC
Charlie Bewley,Charlie Bewley,charliebewley,DFFC
Charlie Bird,Charlie Bird,charliebird,DFFC
Charlie Brooks,Charlie Brooks,charliebrooks,DFFC
Charlie Brumfield,Charlie Brumfield,charliebrumfield,DFFC
Charlie Carver,Charlie Carver,charliecarver,DFFC
Charlie Griffin,Charlie Griffin,charliegriffin,DFFC
Charlie Hayes,Charlie Hayes,charliehayes,DFFC
Charlie Justice,Charlie Justice,charliejustice,DFFC
Charlie Mariano,Charlie Mariano,charliemariano,DFFC
Charlie Murphy,Charlie Murphy,charliemurphy,DFFC
Charlie Peacock,Charlie Peacock,charliepeacock,DFFC
Charlie Peprah,Charlie Peprah,charliepeprah,DFFC
Charlie Rose,Charlie Rose,charlierose,DFFC
Charlie Sheen,Charlie Sheen,charliesheen,DFFC
Charlie Siem,Charlie Siem,charliesiem,DFFC
Charlie Ward,Charlie Ward,charlieward,DFFC
Charlie Waters,Charlie Waters,charliewaters,DFFC
Charlie Williams,Charlie Williams,charliewilliams,DFFC
Charlie Winston,Charlie Winston,charliewinston,DFFC
Charlie Zink,Charlie Zink,charliezink,DFFC
Charline Labonté,Charline Labonté,charlinelabont,DFFC
Charlize Theron,Charlize Theron,charlizetheron,DFFC
Charlotte,Charlotte,charlotte,DFFC
Charlotte Church,Charlotte Church,charlottechurch,DFFC
Charlotte Mutsaers,Charlotte Mutsaers,charlottemutsaers,DFFC
Charlotte Perrelli,Charlotte Perrelli,charlotteperrelli,DFFC
Charlotte Rampling,Charlotte Rampling,charlotterampling,DFFC
Charlotte Riley,Charlotte Riley,charlotteriley,DFFC
Charlotte Roche,Charlotte Roche,charlotteroche,DFFC
Charlotte Rohlin,Charlotte Rohlin,charlotterohlin,DFFC
Charlotte Ronson,Charlotte Ronson,charlotteronson,DFFC
Charlotte Ross,Charlotte Ross,charlotteross,DFFC
Charlotte de Turckheim,Charlotte de Turckheim,charlottedeturckheim,DFFC
Charly Gaul,Charly Gaul,charlygaul,DFFC
Charly Grosskost,Charly Grosskost,charlygrosskost,DFFC
Charly Mottet,Charly Mottet,charlymottet,DFFC
Charlyne Yi,Charlyne Yi,charlyneyi,DFFC
Charmaine Neville,Charmaine Neville,charmaineneville,DFFC
Charmane Star,Charmane Star,charmanestar,DFFC
Chase Buchanan,Chase Buchanan,chasebuchanan,DFFC
Chase Daniel,Chase Daniel,chasedaniel,DFFC
Chase Masterson,Chase Masterson,chasemasterson,DFFC
Chase Miller,Chase Miller,chasemiller,DFFC
Chasson Randle,Chasson Randle,chassonrandle,DFFC
Chau Giang,Chau Giang,chaugiang,DFFC
Chaunté Lowe,Chaunté Lowe,chauntlowe,DFFC
Chavela Vargas,Chavela Vargas,chavelavargas,DFFC
Chazz Palminteri,Chazz Palminteri,chazzpalminteri,DFFC
Chef Anton,Chef Anton,chefanton,DFFC
Cheick Tioté,Cheick Tioté,cheicktiot,DFFC
Chel White,Chel White,chelwhite,DFFC
Chelsea Blue,Chelsea Blue,chelseablue,DFFC
Chelsea Carey,Chelsea Carey,chelseacarey,DFFC
Chelsea Clinton,Chelsea Clinton,chelseaclinton,DFFC
Chelsea Forkin,Chelsea Forkin,chelseaforkin,DFFC
Chelsea Halfpenny,Chelsea Halfpenny,chelseahalfpenny,DFFC
Chelsea Hayes,Chelsea Hayes,chelseahayes,DFFC
Chelsea Martin,Chelsea Martin,chelseamartin,DFFC
Chelsea Wolfe,Chelsea Wolfe,chelseawolfe,DFFC
Chely Wright,Chely Wright,chelywright,DFFC
Chen Haiwei,Chen Haiwei,chenhaiwei,DFFC
Chen Kun,Chen Kun,chenkun,DFFC
Chen Long,Chen Long,chenlong,DFFC
Chen Shih-hsin,Chen Shih-hsin,chenshihhsin,DFFC
Chen Shu,Chen Shu,chenshu,DFFC
Chen Yung-chi,Chen Yung-chi,chenyungchi,DFFC
Cheng Pei-pei,Cheng Pei-pei,chengpeipei,DFFC
Cheng Shao-chieh,Cheng Shao-chieh,chengshaochieh,DFFC
Cherami Leigh,Cherami Leigh,cheramileigh,DFFC
Cherd Songsri,Cherd Songsri,cherdsongsri,DFFC
Cherie Currie,Cherie Currie,cheriecurrie,DFFC
Cherie Johnson,Cherie Johnson,cheriejohnson,DFFC
Cherry Jones,Cherry Jones,cherryjones,DFFC
Cheryl Ladd,Cheryl Ladd,cherylladd,DFFC
Cheryl Lyndsey,Cheryl Lyndsey,cheryllyndsey,DFFC
Cheryl Praeger,Cheryl Praeger,cherylpraeger,DFFC
Cheryl Reeve,Cheryl Reeve,cherylreeve,DFFC
Cheryl Strayed,Cheryl Strayed,cherylstrayed,DFFC
Chester John Cavallito,Chester John Cavallito,chesterjohncavallito,DFFC
Chet Aubuchon,Chet Aubuchon,chetaubuchon,DFFC
Chet Baker,Chet Baker,chetbaker,DFFC
Chet Faker,Chet Faker,chetfaker,DFFC
Cheung Yuk,Cheung Yuk,cheungyuk,DFFC
Chevy Chase,Chevy Chase,chevychase,DFFC
Cheyenne Jackson,Cheyenne Jackson,cheyennejackson,DFFC
Cheynee Stiller,Cheynee Stiller,cheyneestiller,DFFC
Chhannulal Mishra,Chhannulal Mishra,chhannulalmishra,DFFC
Chiaki Kuriyama,Chiaki Kuriyama,chiakikuriyama,DFFC
Chiara Mastroianni,Chiara Mastroianni,chiaramastroianni,DFFC
Chick Harbert,Chick Harbert,chickharbert,DFFC
Chick Jagade,Chick Jagade,chickjagade,DFFC
Chico Díaz,Chico Díaz,chicodaz,DFFC
Chico Flores,Chico Flores,chicoflores,DFFC
Chico Freeman,Chico Freeman,chicofreeman,DFFC
Chico Serra,Chico Serra,chicoserra,DFFC
Chihiro Yonekura,Chihiro Yonekura,chihiroyonekura,DFFC
Chijindu Ujah,Chijindu Ujah,chijinduujah,DFFC
Chimo Bayo,Chimo Bayo,chimobayo,DFFC
China Anne McClain,China Anne McClain,chinaannemcclain,DFFC
China Zorrilla,China Zorrilla,chinazorrilla,DFFC
Chino Cadahia,Chino Cadahia,chinocadahia,DFFC
Chino XL,Chino XL,chinoxl,DFFC
Chinua Achebe,Chinua Achebe,chinuaachebe,DFFC
Chioma Toplis,Chioma Toplis,chiomatoplis,DFFC
Chip Bolcik,Chip Bolcik,chipbolcik,DFFC
Chip Ganassi,Chip Ganassi,chipganassi,DFFC
Chip Kelly,Chip Kelly,chipkelly,DFFC
Chiquis Rivera,Chiquis Rivera,chiquisrivera,DFFC
Chiró N'Toko,Chiró N'Toko,chirntoko,DFFC
Chisamba Lungu,Chisamba Lungu,chisambalungu,DFFC
Chita Rivera,Chita Rivera,chitarivera,DFFC
Chitralaya Gopu,Chitralaya Gopu,chitralayagopu,DFFC
Chloe Bridges,Chloe Bridges,chloebridges,DFFC
Chloe Hosking,Chloe Hosking,chloehosking,DFFC
Chloe Marshall,Chloe Marshall,chloemarshall,DFFC
Chloë Sevigny,Chloë Sevigny,chlosevigny,DFFC
Cho Sung-hwan,Cho Sung-hwan,chosunghwan,DFFC
Choi Cheol-ho,Choi Cheol-ho,choicheolho,DFFC
Choi Heung-chul,Choi Heung-chul,choiheungchul,DFFC
Chords,Chords,chords,DFFC
Chris Abani,Chris Abani,chrisabani,DFFC
Chris Allen,Chris Allen,chrisallen,DFFC
Chris Amon,Chris Amon,chrisamon,DFFC
Chris Anderson,Chris Anderson,chrisanderson,DFFC
Chris Anker Sørensen,Chris Anker Sørensen,chrisankersrensen,DFFC
Chris Ardoin,Chris Ardoin,chrisardoin,DFFC
Chris Atton,Chris Atton,chrisatton,DFFC
Chris Baker,Chris Baker,chrisbaker,DFFC
Chris Baldwin,Chris Baldwin,chrisbaldwin,DFFC
Chris Barker,Chris Barker,chrisbarker,DFFC
Chris Barrie,Chris Barrie,chrisbarrie,DFFC
Chris Beech,Chris Beech,chrisbeech,DFFC
Chris Bell,Chris Bell,chrisbell,DFFC
Chris Bender,Chris Bender,chrisbender,DFFC
Chris Birchall,Chris Birchall,chrisbirchall,DFFC
Chris Blackburn,Chris Blackburn,chrisblackburn,DFFC
Chris Bosh,Chris Bosh,chrisbosh,DFFC
Chris Brandon,Chris Brandon,chrisbrandon,DFFC
Chris Brandt,Chris Brandt,chrisbrandt,DFFC
Chris Brass,Chris Brass,chrisbrass,DFFC
Chris Buescher,Chris Buescher,chrisbuescher,DFFC
Chris Burton,Chris Burton,chrisburton,DFFC
Chris Capuano,Chris Capuano,chriscapuano,DFFC
Chris Carter,Chris Carter,chriscarter,DFFC
Chris Chameleon,Chris Chameleon,chrischameleon,DFFC
Chris Chester,Chris Chester,chrischester,DFFC
Chris Clifford,Chris Clifford,chrisclifford,DFFC
Chris Conner,Chris Conner,chrisconner,DFFC
Chris Conte,Chris Conte,chrisconte,DFFC
Chris Cooley,Chris Cooley,chriscooley,DFFC
Chris Cutler,Chris Cutler,chriscutler,DFFC
Chris Dawes,Chris Dawes,chrisdawes,DFFC
Chris Diamantopoulos,Chris Diamantopoulos,chrisdiamantopoulos,DFFC
Chris Doig,Chris Doig,chrisdoig,DFFC
Chris Doohan,Chris Doohan,chrisdoohan,DFFC
Chris Douglas-Roberts,Chris Douglas-Roberts,chrisdouglasroberts,DFFC
Chris Drury,Chris Drury,chrisdrury,DFFC
Chris Dudley,Chris Dudley,chrisdudley,DFFC
Chris Duke,Chris Duke,chrisduke,DFFC
Chris Eccleshall,Chris Eccleshall,chriseccleshall,DFFC
Chris Edwards,Chris Edwards,chrisedwards,DFFC
Chris Eliopoulos,Chris Eliopoulos,chriseliopoulos,DFFC
Chris Frazier,Chris Frazier,chrisfrazier,DFFC
Chris Froome,Chris Froome,chrisfroome,DFFC
Chris Gardner,Chris Gardner,chrisgardner,DFFC
Chris Gethard,Chris Gethard,chrisgethard,DFFC
Chris Greenacre,Chris Greenacre,chrisgreenacre,DFFC
Chris Grossman,Chris Grossman,chrisgrossman,DFFC
Chris Harold,Chris Harold,chrisharold,DFFC
Chris Hemsworth,Chris Hemsworth,chrishemsworth,DFFC
Chris Henry,Chris Henry,chrishenry,DFFC
Chris Hogan,Chris Hogan,chrishogan,DFFC
Chris Hoke,Chris Hoke,chrishoke,DFFC
Chris Horton,Chris Horton,chrishorton,DFFC
Chris Jansing,Chris Jansing,chrisjansing,DFFC
Chris Kamara,Chris Kamara,chriskamara,DFFC
Chris Kemoeatu,Chris Kemoeatu,chriskemoeatu,DFFC
Chris Kettings,Chris Kettings,chriskettings,DFFC
Chris Kilham,Chris Kilham,chriskilham,DFFC
Chris Knight,Chris Knight,chrisknight,DFFC
Chris Kyle,Chris Kyle,chriskyle,DFFC
Chris Lawler,Chris Lawler,chrislawler,DFFC
Chris Layton,Chris Layton,chrislayton,DFFC
Chris Lilley,Chris Lilley,chrislilley,DFFC
Chris Lucketti,Chris Lucketti,chrislucketti,DFFC
Chris Massey,Chris Massey,chrismassey,DFFC
Chris Minh Doky,Chris Minh Doky,chrisminhdoky,DFFC
Chris Mitchell,Chris Mitchell,chrismitchell,DFFC
Chris Mooney,Chris Mooney,chrismooney,DFFC
Chris Neild,Chris Neild,chrisneild,DFFC
Chris Nunn,Chris Nunn,chrisnunn,DFFC
Chris Opie,Chris Opie,chrisopie,DFFC
Chris Packham,Chris Packham,chrispackham,DFFC
Chris Payne,Chris Payne,chrispayne,DFFC
Chris Petersen,Chris Petersen,chrispetersen,DFFC
Chris Pine,Chris Pine,chrispine,DFFC
Chris Pirillo,Chris Pirillo,chrispirillo,DFFC
Chris Pizzotti,Chris Pizzotti,chrispizzotti,DFFC
Chris Plys,Chris Plys,chrisplys,DFFC
Chris Pontius,Chris Pontius,chrispontius,DFFC
Chris Pressley,Chris Pressley,chrispressley,DFFC
Chris Raab,Chris Raab,chrisraab,DFFC
Chris Rea,Chris Rea,chrisrea,DFFC
Chris Reed,Chris Reed,chrisreed,DFFC
Chris Richard,Chris Richard,chrisrichard,DFFC
Chris Ritchie,Chris Ritchie,chrisritchie,DFFC
Chris Robinson,Chris Robinson,chrisrobinson,DFFC
Chris Rock,Chris Rock,chrisrock,DFFC
Chris Roupas,Chris Roupas,chrisroupas,DFFC
Chris Sabin,Chris Sabin,chrissabin,DFFC
Chris Samuels,Chris Samuels,chrissamuels,DFFC
Chris Scott,Chris Scott,chrisscott,DFFC
Chris Shinn,Chris Shinn,chrisshinn,DFFC
Chris Solinsky,Chris Solinsky,chrissolinsky,DFFC
Chris Speier,Chris Speier,chrisspeier,DFFC
Chris Spielman,Chris Spielman,chrisspielman,DFFC
Chris Sørensen,Chris Sørensen,chrissrensen,DFFC
Chris Tadrosse,Chris Tadrosse,christadrosse,DFFC
Chris Taylor,Chris Taylor,christaylor,DFFC
Chris Thurmond,Chris Thurmond,christhurmond,DFFC
Chris Tomlin,Chris Tomlin,christomlin,DFFC
Chris Traynor,Chris Traynor,christraynor,DFFC
Chris Tremlett,Chris Tremlett,christremlett,DFFC
Chris Triantis,Chris Triantis,christriantis,DFFC
Chris Turner,Chris Turner,christurner,DFFC
Chris Watt,Chris Watt,chriswatt,DFFC
Chris Weinke,Chris Weinke,chrisweinke,DFFC
Chris Weitz,Chris Weitz,chrisweitz,DFFC
Chris Wondolowski,Chris Wondolowski,chriswondolowski,DFFC
Chris Wood,Chris Wood,chriswood,DFFC
Chris Wootton,Chris Wootton,chriswootton,DFFC
Chris Wright,Chris Wright,chriswright,DFFC
Chris Young,Chris Young,chrisyoung,DFFC
Christer Lindarw,Christer Lindarw,christerlindarw,DFFC
Christer Ulfbåge,Christer Ulfbåge,christerulfbge,DFFC
Christian Atsu,Christian Atsu,christianatsu,DFFC
Christian Bauer,Christian Bauer,christianbauer,DFFC
Christian Benteke,Christian Benteke,christianbenteke,DFFC
Christian Brückner,Christian Brückner,christianbrckner,DFFC
Christian Bök,Christian Bök,christianbk,DFFC
Christian Cantwell,Christian Cantwell,christiancantwell,DFFC
Christian Chávez,Christian Chávez,christianchvez,DFFC
Christian Cooke,Christian Cooke,christiancooke,DFFC
Christian Finnegan,Christian Finnegan,christianfinnegan,DFFC
Christian Karembeu,Christian Karembeu,christiankarembeu,DFFC
Christian Knees,Christian Knees,christianknees,DFFC
Christian Malcolm,Christian Malcolm,christianmalcolm,DFFC
Christian Maråker,Christian Maråker,christianmarker,DFFC
Christian McKay,Christian McKay,christianmckay,DFFC
Christian Meaas Svendsen,Christian Meaas Svendsen,christianmeaassvendsen,DFFC
Christian Morales,Christian Morales,christianmorales,DFFC
Christian Ngan,Christian Ngan,christianngan,DFFC
Christian Nilsson,Christian Nilsson,christiannilsson,DFFC
Christian Noboa,Christian Noboa,christiannoboa,DFFC
Christian Okoye,Christian Okoye,christianokoye,DFFC
Christian Oliver,Christian Oliver,christianoliver,DFFC
Christian Panucci,Christian Panucci,christianpanucci,DFFC
Christian Salem,Christian Salem,christiansalem,DFFC
Christian Schwarzer,Christian Schwarzer,christianschwarzer,DFFC
Christian Smith,Christian Smith,christiansmith,DFFC
Christian Tiffert,Christian Tiffert,christiantiffert,DFFC
Christian Vande Velde,Christian Vande Velde,christianvandevelde,DFFC
Christian Vietoris,Christian Vietoris,christianvietoris,DFFC
Christian Wetklo,Christian Wetklo,christianwetklo,DFFC
Christian Ziege,Christian Ziege,christianziege,DFFC
Christiane Soeder,Christiane Soeder,christianesoeder,DFFC
Christiane Weber,Christiane Weber,christianeweber,DFFC
Christie Blatchford,Christie Blatchford,christieblatchford,DFFC
Christie Hefner,Christie Hefner,christiehefner,DFFC
Christie Laing,Christie Laing,christielaing,DFFC
Christie Stevens,Christie Stevens,christiestevens,DFFC
Christin Wurth-Thomas,Christin Wurth-Thomas,christinwurththomas,DFFC
Christina Chitwood,Christina Chitwood,christinachitwood,DFFC
Christina Cole,Christina Cole,christinacole,DFFC
Christina Cox,Christina Cox,christinacox,DFFC
Christina Gao,Christina Gao,christinagao,DFFC
Christina Hendricks,Christina Hendricks,christinahendricks,DFFC
Christina Milian,Christina Milian,christinamilian,DFFC
Christina Novelli,Christina Novelli,christinanovelli,DFFC
Christina Obergföll,Christina Obergföll,christinaobergfll,DFFC
Christina Plate,Christina Plate,christinaplate,DFFC
Christina Schollin,Christina Schollin,christinaschollin,DFFC
Christine Anu,Christine Anu,christineanu,DFFC
Christine Arron,Christine Arron,christinearron,DFFC
Christine Baranski,Christine Baranski,christinebaranski,DFFC
Christine Charbonneau,Christine Charbonneau,christinecharbonneau,DFFC
Christine Ebersole,Christine Ebersole,christineebersole,DFFC
Christine Girard,Christine Girard,christinegirard,DFFC
Christine Hakim,Christine Hakim,christinehakim,DFFC
Christine Lahti,Christine Lahti,christinelahti,DFFC
Christine Meltzer,Christine Meltzer,christinemeltzer,DFFC
Christine Ockrent,Christine Ockrent,christineockrent,DFFC
Christine Ohuruogu,Christine Ohuruogu,christineohuruogu,DFFC
Christine Zukowski,Christine Zukowski,christinezukowski,DFFC
Christo Proykov,Christo Proykov,christoproykov,DFFC
Christoph Gerlinger,Christoph Gerlinger,christophgerlinger,DFFC
Christoph Knasmüllner,Christoph Knasmüllner,christophknasmllner,DFFC
Christoph Metzelder,Christoph Metzelder,christophmetzelder,DFFC
Christoph Pfingsten,Christoph Pfingsten,christophpfingsten,DFFC
Christoph Sanders,Christoph Sanders,christophsanders,DFFC
Christoph Schlingensief,Christoph Schlingensief,christophschlingensief,DFFC
"Christoph, Prince of Schleswig-Holstein","Christoph, Prince of Schleswig-Holstein",christophprinceofschleswigholstein,DFFC
Christophe Brandt,Christophe Brandt,christophebrandt,DFFC
Christophe Capelle,Christophe Capelle,christophecapelle,DFFC
Christophe Dechavanne,Christophe Dechavanne,christophedechavanne,DFFC
Christophe Gans,Christophe Gans,christophegans,DFFC
Christophe Jallet,Christophe Jallet,christophejallet,DFFC
Christophe Landrin,Christophe Landrin,christophelandrin,DFFC
Christophe Legoût,Christophe Legoût,christophelegot,DFFC
Christophe Maé,Christophe Maé,christophema,DFFC
Christophe Moreau,Christophe Moreau,christophemoreau,DFFC
Christopher Biggins,Christopher Biggins,christopherbiggins,DFFC
Christopher Boyadji,Christopher Boyadji,christopherboyadji,DFFC
Christopher Caluza,Christopher Caluza,christophercaluza,DFFC
Christopher Castile,Christopher Castile,christophercastile,DFFC
Christopher Cazenove,Christopher Cazenove,christophercazenove,DFFC
Christopher Daniels,Christopher Daniels,christopherdaniels,DFFC
Christopher Del Bosco,Christopher Del Bosco,christopherdelbosco,DFFC
Christopher Dorst,Christopher Dorst,christopherdorst,DFFC
Christopher Hitchens,Christopher Hitchens,christopherhitchens,DFFC
Christopher Hogwood,Christopher Hogwood,christopherhogwood,DFFC
Christopher Jargocki,Christopher Jargocki,christopherjargocki,DFFC
Christopher Juul-Jensen,Christopher Juul-Jensen,christopherjuuljensen,DFFC
Christopher Kimball,Christopher Kimball,christopherkimball,DFFC
Christopher Lambert,Christopher Lambert,christopherlambert,DFFC
Christopher Lawrence,Christopher Lawrence,christopherlawrence,DFFC
Christopher Lee,Christopher Lee,christopherlee,DFFC
Christopher Martin-Jenkins,Christopher Martin-Jenkins,christophermartinjenkins,DFFC
Christopher Meloni,Christopher Meloni,christophermeloni,DFFC
Christopher Morahan,Christopher Morahan,christophermorahan,DFFC
Christopher Nolan,Christopher Nolan,christophernolan,DFFC
Christopher Nöthe,Christopher Nöthe,christophernthe,DFFC
Christopher O'Neill,Christopher O'Neill,christopheroneill,DFFC
Christopher Owens,Christopher Owens,christopherowens,DFFC
Christopher Patte,Christopher Patte,christopherpatte,DFFC
Christopher Plummer,Christopher Plummer,christopherplummer,DFFC
Christopher Reeve,Christopher Reeve,christopherreeve,DFFC
Christopher Reich,Christopher Reich,christopherreich,DFFC
Christopher Schindler,Christopher Schindler,christopherschindler,DFFC
Christopher Simmons,Christopher Simmons,christophersimmons,DFFC
Christopher Stubbs,Christopher Stubbs,christopherstubbs,DFFC
Christy Mack,Christy Mack,christymack,DFFC
Christy Moore,Christy Moore,christymoore,DFFC
Chrystalleni Trikomiti,Chrystalleni Trikomiti,chrystallenitrikomiti,DFFC
Chuck Brown,Chuck Brown,chuckbrown,DFFC
Chuck Hayes,Chuck Hayes,chuckhayes,DFFC
Chuck Jura,Chuck Jura,chuckjura,DFFC
Chuck Lorre,Chuck Lorre,chucklorre,DFFC
Chuck Meriwether,Chuck Meriwether,chuckmeriwether,DFFC
Chuck Palahniuk,Chuck Palahniuk,chuckpalahniuk,DFFC
Chuck Person,Chuck Person,chuckperson,DFFC
Chuck Rozanski,Chuck Rozanski,chuckrozanski,DFFC
Chuck Schuldiner,Chuck Schuldiner,chuckschuldiner,DFFC
Chuck Smith,Chuck Smith,chucksmith,DFFC
Chuck Stobart,Chuck Stobart,chuckstobart,DFFC
Chuck Traynor,Chuck Traynor,chucktraynor,DFFC
Chuck Wicks,Chuck Wicks,chuckwicks,DFFC
Chucky Atkins,Chucky Atkins,chuckyatkins,DFFC
Chung Hyeon,Chung Hyeon,chunghyeon,DFFC
Chykie Brown,Chykie Brown,chykiebrown,DFFC
Chyna,Chyna,chyna,DFFC
Ciara Grant,Ciara Grant,ciaragrant,DFFC
Cicinho,Cicinho,cicinho,DFFC
Cindy McCain,Cindy McCain,cindymccain,DFFC
Cinzia Giorgio,Cinzia Giorgio,cinziagiorgio,DFFC
Ciprian Gălățanu,Ciprian Gălățanu,ciprianglanu,DFFC
Ciprian Marica,Ciprian Marica,ciprianmarica,DFFC
Ciril Zlobec,Ciril Zlobec,cirilzlobec,DFFC
Cirroc Lofton,Cirroc Lofton,cirroclofton,DFFC
Cissi Elwin Frenkel,Cissi Elwin Frenkel,cissielwinfrenkel,DFFC
Civard Sprockel,Civard Sprockel,civardsprockel,DFFC
Claes Oldenburg,Claes Oldenburg,claesoldenburg,DFFC
Claes-Göran Hederström,Claes-Göran Hederström,claesgranhederstrm,DFFC
Claire Feuerstein,Claire Feuerstein,clairefeuerstein,DFFC
Claire Foy,Claire Foy,clairefoy,DFFC
Claire Hallissey,Claire Hallissey,clairehallissey,DFFC
Claire Hamilton,Claire Hamilton,clairehamilton,DFFC
Claire Keim,Claire Keim,clairekeim,DFFC
Claire Martin,Claire Martin,clairemartin,DFFC
Claire Tomalin,Claire Tomalin,clairetomalin,DFFC
Claire Voisin,Claire Voisin,clairevoisin,DFFC
Clancy Brown,Clancy Brown,clancybrown,DFFC
Clara Hagman,Clara Hagman,clarahagman,DFFC
Clara Lago,Clara Lago,claralago,DFFC
Clara Nunes,Clara Nunes,claranunes,DFFC
Clara Peters,Clara Peters,clarapeters,DFFC
Clara Sherman,Clara Sherman,clarasherman,DFFC
Clara Sofie,Clara Sofie,clarasofie,DFFC
Clare Nott,Clare Nott,clarenott,DFFC
Clarence Clemons,Clarence Clemons,clarenceclemons,DFFC
Clarence Seedorf,Clarence Seedorf,clarenceseedorf,DFFC
Clarissa Dickson Wright,Clarissa Dickson Wright,clarissadicksonwright,DFFC
Clark Gesner,Clark Gesner,clarkgesner,DFFC
Clark Kellogg,Clark Kellogg,clarkkellogg,DFFC
Claude Criquielion,Claude Criquielion,claudecriquielion,DFFC
Claude Jade,Claude Jade,claudejade,DFFC
Claude Lanzmann,Claude Lanzmann,claudelanzmann,DFFC
Claude Lelouch,Claude Lelouch,claudelelouch,DFFC
Claude Makélélé,Claude Makélélé,claudemakll,DFFC
Claude Nelson Warren,Claude Nelson Warren,claudenelsonwarren,DFFC
Claude Wroten,Claude Wroten,claudewroten,DFFC
Claudia Bandion-Ortner,Claudia Bandion-Ortner,claudiabandionortner,DFFC
Claudia Black,Claudia Black,claudiablack,DFFC
Claudia Fassaert,Claudia Fassaert,claudiafassaert,DFFC
Claudia Jordan,Claudia Jordan,claudiajordan,DFFC
Claudia Karvan,Claudia Karvan,claudiakarvan,DFFC
Claudia Lichtenberg,Claudia Lichtenberg,claudialichtenberg,DFFC
Claudia Schiffer,Claudia Schiffer,claudiaschiffer,DFFC
Claudia Ștef,Claudia Ștef,claudiatef,DFFC
Claudine Wilde,Claudine Wilde,claudinewilde,DFFC
Claudio Bisio,Claudio Bisio,claudiobisio,DFFC
Claudio Magris,Claudio Magris,claudiomagris,DFFC
Claudio Maldonado,Claudio Maldonado,claudiomaldonado,DFFC
Claudio Pizarro,Claudio Pizarro,claudiopizarro,DFFC
Claudio Reyna,Claudio Reyna,claudioreyna,DFFC
Claudio Suárez,Claudio Suárez,claudiosurez,DFFC
Claudio Yacob,Claudio Yacob,claudioyacob,DFFC
Claus Madsen,Claus Madsen,clausmadsen,DFFC
Clay Matthews III,Clay Matthews III,claymatthewsiii,DFFC
Clay Rapada,Clay Rapada,clayrapada,DFFC
Clayton Bailey,Clayton Bailey,claytonbailey,DFFC
Clayton McDonald,Clayton McDonald,claytonmcdonald,DFFC
Clayton Richard,Clayton Richard,claytonrichard,DFFC
Clef nite,Clef nite,clefnite,DFFC
Clelia Matania,Clelia Matania,cleliamatania,DFFC
Clem Burke,Clem Burke,clemburke,DFFC
Clemens Brummer,Clemens Brummer,clemensbrummer,DFFC
Clemens Fritz,Clemens Fritz,clemensfritz,DFFC
Clennell Wickham,Clennell Wickham,clennellwickham,DFFC
Cliff Anderson,Cliff Anderson,cliffanderson,DFFC
Cliff Avril,Cliff Avril,cliffavril,DFFC
Cliff Bleszinski,Cliff Bleszinski,cliffbleszinski,DFFC
Cliff Burton,Cliff Burton,cliffburton,DFFC
Cliff Curtis,Cliff Curtis,cliffcurtis,DFFC
Cliff Harris,Cliff Harris,cliffharris,DFFC
Cliff Ronning,Cliff Ronning,cliffronning,DFFC
Cliff Young,Cliff Young,cliffyoung,DFFC
Clifford Ray,Clifford Ray,cliffordray,DFFC
Clint Boling,Clint Boling,clintboling,DFFC
Clint Courtney,Clint Courtney,clintcourtney,DFFC
Clint Gresham,Clint Gresham,clintgresham,DFFC
Clint Hill,Clint Hill,clinthill,DFFC
Clint Mansell,Clint Mansell,clintmansell,DFFC
Clint Walker,Clint Walker,clintwalker,DFFC
Clinton Avery,Clinton Avery,clintonavery,DFFC
Clinton Young,Clinton Young,clintonyoung,DFFC
Clive Bradley,Clive Bradley,clivebradley,DFFC
Clive Davis,Clive Davis,clivedavis,DFFC
Clive Sinclair,Clive Sinclair,clivesinclair,DFFC
Clodoaldo,Clodoaldo,clodoaldo,DFFC
Clotilde Courau,Clotilde Courau,clotildecourau,DFFC
Clotilde Fasolis,Clotilde Fasolis,clotildefasolis,DFFC
Clotilde Hesme,Clotilde Hesme,clotildehesme,DFFC
Cloyd Boyer,Cloyd Boyer,cloydboyer,DFFC
Clueso,Clueso,clueso,DFFC
Clyde LeForce,Clyde LeForce,clydeleforce,DFFC
Clyde T. Lusk,Clyde T Lusk,clydetlusk,DFFC
Clémence Poésy,Clémence Poésy,clmenceposy,DFFC
Cléo,Cléo,clo,DFFC
Cobi Crispin,Cobi Crispin,cobicrispin,DFFC
Cobie Smulders,Cobie Smulders,cobiesmulders,DFFC
Coby Fleener,Coby Fleener,cobyfleener,DFFC
Cody Goloubef,Cody Goloubef,codygoloubef,DFFC
Cody Hawkins,Cody Hawkins,codyhawkins,DFFC
Cody Horn,Cody Horn,codyhorn,DFFC
Cody McLeod,Cody McLeod,codymcleod,DFFC
Cody Simpson,Cody Simpson,codysimpson,DFFC
Cody Zeller,Cody Zeller,codyzeller,DFFC
Col. Littleton,Col Littleton,collittleton,DFFC
Colbie Caillat,Colbie Caillat,colbiecaillat,DFFC
Colby Genoway,Colby Genoway,colbygenoway,DFFC
Cole Durham,Cole Durham,coledurham,DFFC
Cole Hauser,Cole Hauser,colehauser,DFFC
Colin Baker,Colin Baker,colinbaker,DFFC
Colin Blakemore,Colin Blakemore,colinblakemore,DFFC
Colin Calderwood,Colin Calderwood,colincalderwood,DFFC
Colin Firth,Colin Firth,colinfirth,DFFC
Colin Greenland,Colin Greenland,colingreenland,DFFC
Colin Greenwood,Colin Greenwood,colingreenwood,DFFC
Colin Kazim-Richards,Colin Kazim-Richards,colinkazimrichards,DFFC
Colin MacCabe,Colin MacCabe,colinmaccabe,DFFC
Colin McDonald,Colin McDonald,colinmcdonald,DFFC
Colin McRae,Colin McRae,colinmcrae,DFFC
Colin Moran,Colin Moran,colinmoran,DFFC
Colin Murray,Colin Murray,colinmurray,DFFC
Colin Pascoe,Colin Pascoe,colinpascoe,DFFC
Colin Patterson,Colin Patterson,colinpatterson,DFFC
Colin Pillinger,Colin Pillinger,colinpillinger,DFFC
Colin Quinn,Colin Quinn,colinquinn,DFFC
Colin Wilson,Colin Wilson,colinwilson,DFFC
Colleen Coover,Colleen Coover,colleencoover,DFFC
Colleen Shannon,Colleen Shannon,colleenshannon,DFFC
Collette McCallum,Collette McCallum,collettemccallum,DFFC
Collin Benjamin,Collin Benjamin,collinbenjamin,DFFC
Collin Wilcox,Collin Wilcox,collinwilcox,DFFC
Colm Meaney,Colm Meaney,colmmeaney,DFFC
Colt Hynes,Colt Hynes,colthynes,DFFC
Colton Ford,Colton Ford,coltonford,DFFC
Columbus Short,Columbus Short,columbusshort,DFFC
Conal Keaney,Conal Keaney,conalkeaney,DFFC
Conan O'Brien,Conan O'Brien,conanobrien,DFFC
Conchita Wurst,Conchita Wurst,conchitawurst,DFFC
Connect-R,Connect-R,connectr,DFFC
Connie Chung,Connie Chung,conniechung,DFFC
Connie Gilchrist,Connie Gilchrist,conniegilchrist,DFFC
Connie Marrero,Connie Marrero,conniemarrero,DFFC
Connie Sellecca,Connie Sellecca,conniesellecca,DFFC
Connie Willis,Connie Willis,conniewillis,DFFC
Connor Barth,Connor Barth,connorbarth,DFFC
Connor Barwin,Connor Barwin,connorbarwin,DFFC
Connor Brown,Connor Brown,connorbrown,DFFC
Connor Chapman,Connor Chapman,connorchapman,DFFC
Connor Franta,Connor Franta,connorfranta,DFFC
Connor McDavid,Connor McDavid,connormcdavid,DFFC
Connor Pain,Connor Pain,connorpain,DFFC
Conny Bloom,Conny Bloom,connybloom,DFFC
Conor Coady,Conor Coady,conorcoady,DFFC
Conor Mccreedy,Conor Mccreedy,conormccreedy,DFFC
Conor O'Brien,Conor O'Brien,conorobrien,DFFC
Constance L. Rice,Constance L Rice,constancelrice,DFFC
Constance Marie,Constance Marie,constancemarie,DFFC
Constance Moore,Constance Moore,constancemoore,DFFC
Constance Zimmer,Constance Zimmer,constancezimmer,DFFC
Constant Djakpa,Constant Djakpa,constantdjakpa,DFFC
Constantina Diță,Constantina Diță,constantinadi,DFFC
Constantine II of Greece,Constantine II of Greece,constantineiiofgreece,DFFC
Constanze Paulinus,Constanze Paulinus,constanzepaulinus,DFFC
Coolboy Ngamole,Coolboy Ngamole,coolboyngamole,DFFC
Coral Browne,Coral Browne,coralbrowne,DFFC
Corbin Bleu,Corbin Bleu,corbinbleu,DFFC
Cordaro Howard,Cordaro Howard,cordarohoward,DFFC
Corey Brewer,Corey Brewer,coreybrewer,DFFC
Corey Deuel,Corey Deuel,coreydeuel,DFFC
Corey Fuller,Corey Fuller,coreyfuller,DFFC
Corey Graves,Corey Graves,coreygraves,DFFC
Corey Lynch,Corey Lynch,coreylynch,DFFC
Corey Maggette,Corey Maggette,coreymaggette,DFFC
Corey Nelson,Corey Nelson,coreynelson,DFFC
Corey Tropp,Corey Tropp,coreytropp,DFFC
Corin Nemec,Corin Nemec,corinnemec,DFFC
Corinna Dentoni,Corinna Dentoni,corinnadentoni,DFFC
Corinna Harfouch,Corinna Harfouch,corinnaharfouch,DFFC
Corinna Harney,Corinna Harney,corinnaharney,DFFC
Corinna Lawrence,Corinna Lawrence,corinnalawrence,DFFC
Corinne Orr,Corinne Orr,corinneorr,DFFC
Corliss Williamson,Corliss Williamson,corlisswilliamson,DFFC
Cornel West,Cornel West,cornelwest,DFFC
Cornel Wilde,Cornel Wilde,cornelwilde,DFFC
Cornel Țălnar,Cornel Țălnar,cornellnar,DFFC
Cornelia Funke,Cornelia Funke,corneliafunke,DFFC
Cornelius P. Rhoads,Cornelius P Rhoads,corneliusprhoads,DFFC
Corry Evans,Corry Evans,corryevans,DFFC
Cortland Finnegan,Cortland Finnegan,cortlandfinnegan,DFFC
Cortney Mansour,Cortney Mansour,cortneymansour,DFFC
Cory Gearrin,Cory Gearrin,corygearrin,DFFC
Cory Michael Smith,Cory Michael Smith,corymichaelsmith,DFFC
Cory Ness,Cory Ness,coryness,DFFC
Cory Redding,Cory Redding,coryredding,DFFC
Cory Wade,Cory Wade,corywade,DFFC
Cory Witherill,Cory Witherill,corywitherill,DFFC
Cosey Fanni Tutti,Cosey Fanni Tutti,coseyfannitutti,DFFC
Cosimo Pinto,Cosimo Pinto,cosimopinto,DFFC
Cosmin Moți,Cosmin Moți,cosminmoi,DFFC
Cosmina Stratan,Cosmina Stratan,cosminastratan,DFFC
Costel Pantilimon,Costel Pantilimon,costelpantilimon,DFFC
Costi Ioniță,Costi Ioniță,costiioni,DFFC
Cote de Pablo,Cote de Pablo,cotedepablo,DFFC
Count Lennart Bernadotte of Wisborg,Count Lennart Bernadotte of Wisborg,countlennartbernadotteofwisborg,DFFC
Courtney Cameron,Courtney Cameron,courtneycameron,DFFC
Courtney Force,Courtney Force,courtneyforce,DFFC
Courtney Friel,Courtney Friel,courtneyfriel,DFFC
Courtney Hawkins,Courtney Hawkins,courtneyhawkins,DFFC
Courtney Hurley,Courtney Hurley,courtneyhurley,DFFC
Courtney Stodden,Courtney Stodden,courtneystodden,DFFC
Courtney Tulloch,Courtney Tulloch,courtneytulloch,DFFC
Craig Beattie,Craig Beattie,craigbeattie,DFFC
Craig Bellamy,Craig Bellamy,craigbellamy,DFFC
Craig Bohl,Craig Bohl,craigbohl,DFFC
Craig Bryson,Craig Bryson,craigbryson,DFFC
Craig Charles,Craig Charles,craigcharles,DFFC
Craig David,Craig David,craigdavid,DFFC
Craig Dill,Craig Dill,craigdill,DFFC
Craig Finn,Craig Finn,craigfinn,DFFC
Craig Goodwin,Craig Goodwin,craiggoodwin,DFFC
Craig Hatkoff,Craig Hatkoff,craighatkoff,DFFC
Craig Johnson,Craig Johnson,craigjohnson,DFFC
Craig McAllister,Craig McAllister,craigmcallister,DFFC
Craig McCaw,Craig McCaw,craigmccaw,DFFC
Craig Moore,Craig Moore,craigmoore,DFFC
Craig Neal,Craig Neal,craigneal,DFFC
Craig Nicholls,Craig Nicholls,craignicholls,DFFC
Craig Noel,Craig Noel,craignoel,DFFC
Craig Ramsay,Craig Ramsay,craigramsay,DFFC
Craig Raymond,Craig Raymond,craigraymond,DFFC
Craig Revel Horwood,Craig Revel Horwood,craigrevelhorwood,DFFC
Craig Robertson,Craig Robertson,craigrobertson,DFFC
Craig Roh,Craig Roh,craigroh,DFFC
Craig Sager,Craig Sager,craigsager,DFFC
Craig Shoemaker,Craig Shoemaker,craigshoemaker,DFFC
Craig Stevens,Craig Stevens,craigstevens,DFFC
Craig Thompson,Craig Thompson,craigthompson,DFFC
Craig Van Tilbury,Craig Van Tilbury,craigvantilbury,DFFC
Craig Venter,Craig Venter,craigventer,DFFC
Craig Woodman,Craig Woodman,craigwoodman,DFFC
Crandell Addington,Crandell Addington,crandelladdington,DFFC
Crazy Mohan,Crazy Mohan,crazymohan,DFFC
Crazzy Steve,Crazzy Steve,crazzysteve,DFFC
Cris Horwang,Cris Horwang,crishorwang,DFFC
Crissy Rock,Crissy Rock,crissyrock,DFFC
Cristian Chivu,Cristian Chivu,cristianchivu,DFFC
Cristian Molinaro,Cristian Molinaro,cristianmolinaro,DFFC
Cristian Tello,Cristian Tello,cristiantello,DFFC
Cristiano Doni,Cristiano Doni,cristianodoni,DFFC
Cristie Kerr,Cristie Kerr,cristiekerr,DFFC
Cristin Milioti,Cristin Milioti,cristinmilioti,DFFC
Cristina Scarlat,Cristina Scarlat,cristinascarlat,DFFC
Cristián Zapata,Cristián Zapata,cristinzapata,DFFC
Cristopher Toselli,Cristopher Toselli,cristophertoselli,DFFC
Crystal Dunn,Crystal Dunn,crystaldunn,DFFC
Crystal Gayle,Crystal Gayle,crystalgayle,DFFC
Crystal Harris,Crystal Harris,crystalharris,DFFC
Crystal Pite,Crystal Pite,crystalpite,DFFC
"Cuba Gooding, Jr.","Cuba Gooding, Jr",cubagoodingjr,DFFC
"Cuba Gooding, Sr.","Cuba Gooding, Sr",cubagoodingsr,DFFC
Cully Hamner,Cully Hamner,cullyhamner,DFFC
Cumali Bişi,Cumali Bişi,cumalibii,DFFC
Curt Hansen,Curt Hansen,curthansen,DFFC
Curt Hawkins,Curt Hawkins,curthawkins,DFFC
Curtis Axel,Curtis Axel,curtisaxel,DFFC
Curtis Cokes,Curtis Cokes,curtiscokes,DFFC
Curtis Gatewood,Curtis Gatewood,curtisgatewood,DFFC
Curtis Granderson,Curtis Granderson,curtisgranderson,DFFC
Curtis Obeng,Curtis Obeng,curtisobeng,DFFC
Curtis Sliwa,Curtis Sliwa,curtissliwa,DFFC
Curtis Turner,Curtis Turner,curtisturner,DFFC
Custódio Castro,Custódio Castro,custdiocastro,DFFC
Cut La Roc,Cut La Roc,cutlaroc,DFFC
Cyndy Violette,Cyndy Violette,cyndyviolette,DFFC
Cynthia Kadohata,Cynthia Kadohata,cynthiakadohata,DFFC
Cynthia Kirchner,Cynthia Kirchner,cynthiakirchner,DFFC
Cynthia Lennon,Cynthia Lennon,cynthialennon,DFFC
Cynthia Lynch,Cynthia Lynch,cynthialynch,DFFC
Cynthia Nixon,Cynthia Nixon,cynthianixon,DFFC
Cynthia Phaneuf,Cynthia Phaneuf,cynthiaphaneuf,DFFC
Cyril Gautier,Cyril Gautier,cyrilgautier,DFFC
Cyril Lignac,Cyril Lignac,cyrillignac,DFFC
Cyril Saulnier,Cyril Saulnier,cyrilsaulnier,DFFC
Cyro Baptista,Cyro Baptista,cyrobaptista,DFFC
Cyrus Gray,Cyrus Gray,cyrusgray,DFFC
Czesław Śpiewa,Czesław Śpiewa,czesawpiewa,DFFC
Czesława Pilarska,Czesława Pilarska,czesawapilarska,DFFC
Cécile Corbel,Cécile Corbel,ccilecorbel,DFFC
Cécile Vogt-Mugnier,Cécile Vogt-Mugnier,ccilevogtmugnier,DFFC
Cécile de France,Cécile de France,cciledefrance,DFFC
Cédric Carrasso,Cédric Carrasso,cdriccarrasso,DFFC
Célia Aymonier,Célia Aymonier,cliaaymonier,DFFC
Céline Sciamma,Céline Sciamma,clinesciamma,DFFC
César Crespo,César Crespo,csarcrespo,DFFC
César Delgado,César Delgado,csardelgado,DFFC
César Hernández,César Hernández,csarhernndez,DFFC
César Lizano,César Lizano,csarlizano,DFFC
Cícero Semedo,Cícero Semedo,ccerosemedo,DFFC
Cüneyt Köz,Cüneyt Köz,cneytkz,DFFC
D'Angelo Russell,D'Angelo Russell,dangelorussell,DFFC
D'Lo Brown,D'Lo Brown,dlobrown,DFFC
D'arcy Wretzky,D'arcy Wretzky,darcywretzky,DFFC
D'banj,D'banj,dbanj,DFFC
D. J. Grothe,DJ Grothe,djgrothe,DFFC
D. J. Hayden,DJ Hayden,djhayden,DFFC
D. J. Kennington,DJ Kennington,djkennington,DFFC
D. J. Reyburn,DJ Reyburn,djreyburn,DFFC
D. J. Richardson,DJ Richardson,djrichardson,DFFC
D. J. Stewart,DJ Stewart,djstewart,DFFC
D. K. Jayaraman,DK Jayaraman,dkjayaraman,DFFC
DJ A-Tron,DJ A-Tron,djatron,DFFC
DJ Antoine,DJ Antoine,djantoine,DFFC
DJ Ashba,DJ Ashba,djashba,DFFC
DJ Hyde,DJ Hyde,djhyde,DFFC
DJ Korsakoff,DJ Korsakoff,djkorsakoff,DFFC
DJ Mehdi,DJ Mehdi,djmehdi,DFFC
DJ Rush,DJ Rush,djrush,DFFC
DJ Ware,DJ Ware,djware,DFFC
DMX,DMX,dmx,DFFC
Da'Quan Bowers,Da'Quan Bowers,daquanbowers,DFFC
DaJuan Coleman,DaJuan Coleman,dajuancoleman,DFFC
DaMarcus Beasley,DaMarcus Beasley,damarcusbeasley,DFFC
Daan Jippes,Daan Jippes,daanjippes,DFFC
Dabney Coleman,Dabney Coleman,dabneycoleman,DFFC
Dadara,Dadara,dadara,DFFC
Daddy Yankee,Daddy Yankee,daddyyankee,DFFC
Dado Topić,Dado Topić,dadotopi,DFFC
Daequan Cook,Daequan Cook,daequancook,DFFC
Daffney,Daffney,daffney,DFFC
Dafne Schippers,Dafne Schippers,dafneschippers,DFFC
Dag Arnesen,Dag Arnesen,dagarnesen,DFFC
Dag Malmberg,Dag Malmberg,dagmalmberg,DFFC
Dagmar Krause,Dagmar Krause,dagmarkrause,DFFC
Dagmar Lurz,Dagmar Lurz,dagmarlurz,DFFC
Dai Greene,Dai Greene,daigreene,DFFC
Dailín Belmonte,Dailín Belmonte,dailnbelmonte,DFFC
Daina Gudzinevičiūtė,Daina Gudzinevičiūtė,dainagudzineviit,DFFC
Daisuke Naito,Daisuke Naito,daisukenaito,DFFC
Dakota Fanning,Dakota Fanning,dakotafanning,DFFC
Dal Richards,Dal Richards,dalrichards,DFFC
Dalbir Singh,Dalbir Singh,dalbirsingh,DFFC
Dale Bennett,Dale Bennett,dalebennett,DFFC
Dale Bozzio,Dale Bozzio,dalebozzio,DFFC
Dale Brown,Dale Brown,dalebrown,DFFC
Dale D. Myers,Dale D Myers,daledmyers,DFFC
Dale DeArmond,Dale DeArmond,daledearmond,DFFC
Dale Earnhardt,Dale Earnhardt,daleearnhardt,DFFC
Dale Evans,Dale Evans,daleevans,DFFC
Dale Hoganson,Dale Hoganson,dalehoganson,DFFC
Dale Roberts,Dale Roberts,daleroberts,DFFC
Dale Thayer,Dale Thayer,dalethayer,DFFC
Daley Blind,Daley Blind,daleyblind,DFFC
Dalia Kutkaitė,Dalia Kutkaitė,daliakutkait,DFFC
Dalibor Bagarić,Dalibor Bagarić,daliborbagari,DFFC
Dalibor Grubačević,Dalibor Grubačević,daliborgrubaevi,DFFC
Dalibor Matanić,Dalibor Matanić,dalibormatani,DFFC
Dallas Clark,Dallas Clark,dallasclark,DFFC
Dallas Eakins,Dallas Eakins,dallaseakins,DFFC
Dallas Green,Dallas Green,dallasgreen,DFFC
Dallas Reynolds,Dallas Reynolds,dallasreynolds,DFFC
Dallas Thomas,Dallas Thomas,dallasthomas,DFFC
Dalton Vigh,Dalton Vigh,daltonvigh,DFFC
Dame N'Doye,Dame N'Doye,damendoye,DFFC
Damhnait Doyle,Damhnait Doyle,damhnaitdoyle,DFFC
Damian Halata,Damian Halata,damianhalata,DFFC
Damian Kulig,Damian Kulig,damiankulig,DFFC
Damian Lewis,Damian Lewis,damianlewis,DFFC
Damiano Cunego,Damiano Cunego,damianocunego,DFFC
Damien Bridonneau,Damien Bridonneau,damienbridonneau,DFFC
Damien Chazelle,Damien Chazelle,damienchazelle,DFFC
Damien Hayes,Damien Hayes,damienhayes,DFFC
Damien Inglis,Damien Inglis,damieninglis,DFFC
Damien Leith,Damien Leith,damienleith,DFFC
Damien Nazon,Damien Nazon,damiennazon,DFFC
Damien Williams,Damien Williams,damienwilliams,DFFC
Damien Woody,Damien Woody,damienwoody,DFFC
Damián Szifron,Damián Szifron,daminszifron,DFFC
Damjan Fras,Damjan Fras,damjanfras,DFFC
Damon Albarn,Damon Albarn,damonalbarn,DFFC
Damon Hill,Damon Hill,damonhill,DFFC
Damon Scott,Damon Scott,damonscott,DFFC
Damon Williams,Damon Williams,damonwilliams,DFFC
Dan Ariely,Dan Ariely,danariely,DFFC
Dan Attias,Dan Attias,danattias,DFFC
Dan Bejar,Dan Bejar,danbejar,DFFC
Dan Bongino,Dan Bongino,danbongino,DFFC
Dan Borislow,Dan Borislow,danborislow,DFFC
Dan Bylsma,Dan Bylsma,danbylsma,DFFC
Dan Bárta,Dan Bárta,danbrta,DFFC
Dan Carpenter,Dan Carpenter,dancarpenter,DFFC
Dan Castellaneta,Dan Castellaneta,dancastellaneta,DFFC
Dan Craven,Dan Craven,dancraven,DFFC
Dan Dickau,Dan Dickau,dandickau,DFFC
Dan Fallshaw,Dan Fallshaw,danfallshaw,DFFC
"Dan Forrest, Jr.","Dan Forrest, Jr",danforrestjr,DFFC
Dan Fouts,Dan Fouts,danfouts,DFFC
Dan Gilbert,Dan Gilbert,dangilbert,DFFC
Dan Gillespie Sells,Dan Gillespie Sells,dangillespiesells,DFFC
Dan Gronkowski,Dan Gronkowski,dangronkowski,DFFC
Dan Hampton,Dan Hampton,danhampton,DFFC
Dan Hipgrave,Dan Hipgrave,danhipgrave,DFFC
Dan Johnson,Dan Johnson,danjohnson,DFFC
Dan Kennedy,Dan Kennedy,dankennedy,DFFC
Dan Koppen,Dan Koppen,dankoppen,DFFC
Dan Lauria,Dan Lauria,danlauria,DFFC
Dan McCafferty,Dan McCafferty,danmccafferty,DFFC
Dan Miller,Dan Miller,danmiller,DFFC
Dan Monson,Dan Monson,danmonson,DFFC
Dan Orlovsky,Dan Orlovsky,danorlovsky,DFFC
Dan Patrick,Dan Patrick,danpatrick,DFFC
Dan Persa,Dan Persa,danpersa,DFFC
Dan Potts,Dan Potts,danpotts,DFFC
Dan Prestup,Dan Prestup,danprestup,DFFC
Dan Rather,Dan Rather,danrather,DFFC
Dan Reeves,Dan Reeves,danreeves,DFFC
Dan Reynolds,Dan Reynolds,danreynolds,DFFC
Dan Seals,Dan Seals,danseals,DFFC
Dan Sperber,Dan Sperber,dansperber,DFFC
Dan Spivey,Dan Spivey,danspivey,DFFC
Dan Thomas,Dan Thomas,danthomas,DFFC
Dan Warthen,Dan Warthen,danwarthen,DFFC
Dan Wheldon,Dan Wheldon,danwheldon,DFFC
Dana Ashbrook,Dana Ashbrook,danaashbrook,DFFC
Dana Bash,Dana Bash,danabash,DFFC
Dana Beyer,Dana Beyer,danabeyer,DFFC
Dana Brooke,Dana Brooke,danabrooke,DFFC
Dana Colley,Dana Colley,danacolley,DFFC
Dana Delany,Dana Delany,danadelany,DFFC
Dana Goldman,Dana Goldman,danagoldman,DFFC
Dana Hall,Dana Hall,danahall,DFFC
Dana Holgorsen,Dana Holgorsen,danaholgorsen,DFFC
Dana Ivgy,Dana Ivgy,danaivgy,DFFC
Dana Larsen,Dana Larsen,danalarsen,DFFC
Dana Plato,Dana Plato,danaplato,DFFC
Dana Strum,Dana Strum,danastrum,DFFC
Dana Velďáková,Dana Velďáková,danavelkov,DFFC
Dana Zátopková,Dana Zátopková,danaztopkov,DFFC
Danai Gurira,Danai Gurira,danaigurira,DFFC
Dane Cook,Dane Cook,danecook,DFFC
Dane Cross,Dane Cross,danecross,DFFC
Dane Korica,Dane Korica,danekorica,DFFC
Danese Cooper,Danese Cooper,danesecooper,DFFC
Dani Carvajal,Dani Carvajal,danicarvajal,DFFC
Dani Chigou,Dani Chigou,danichigou,DFFC
Dani Hernández,Dani Hernández,danihernndez,DFFC
Dani Shapiro,Dani Shapiro,danishapiro,DFFC
Dani Sordo,Dani Sordo,danisordo,DFFC
Dania Ramirez,Dania Ramirez,daniaramirez,DFFC
Danieal Manning,Danieal Manning,daniealmanning,DFFC
Daniel Arshack,Daniel Arshack,danielarshack,DFFC
Daniel Avilés,Daniel Avilés,danielavils,DFFC
Daniel Ayala,Daniel Ayala,danielayala,DFFC
Daniel Barenboim,Daniel Barenboim,danielbarenboim,DFFC
Daniel Bell,Daniel Bell,danielbell,DFFC
Daniel Bentley,Daniel Bentley,danielbentley,DFFC
Daniel Berdichevsky,Daniel Berdichevsky,danielberdichevsky,DFFC
Daniel Bertoni,Daniel Bertoni,danielbertoni,DFFC
Daniel Borimirov,Daniel Borimirov,danielborimirov,DFFC
Daniel Brailovsky,Daniel Brailovsky,danielbrailovsky,DFFC
Daniel Broadbent,Daniel Broadbent,danielbroadbent,DFFC
Daniel Cabrera,Daniel Cabrera,danielcabrera,DFFC
Daniel Carcillo,Daniel Carcillo,danielcarcillo,DFFC
Daniel Dae Kim,Daniel Dae Kim,danieldaekim,DFFC
Daniel Eaton,Daniel Eaton,danieleaton,DFFC
Daniel Ellsberg,Daniel Ellsberg,danielellsberg,DFFC
Daniel Fox,Daniel Fox,danielfox,DFFC
Daniel Georgievski,Daniel Georgievski,danielgeorgievski,DFFC
Daniel Gillies,Daniel Gillies,danielgillies,DFFC
Daniel Ginczek,Daniel Ginczek,danielginczek,DFFC
Daniel Girardi,Daniel Girardi,danielgirardi,DFFC
Daniel Goddard,Daniel Goddard,danielgoddard,DFFC
Daniel Goleman,Daniel Goleman,danielgoleman,DFFC
Daniel Hammond,Daniel Hammond,danielhammond,DFFC
Daniel Harold Casriel,Daniel Harold Casriel,danielharoldcasriel,DFFC
Daniel Hermann,Daniel Hermann,danielhermann,DFFC
Daniel House,Daniel House,danielhouse,DFFC
Daniel Johnson,Daniel Johnson,danieljohnson,DFFC
Daniel Kajmakoski,Daniel Kajmakoski,danielkajmakoski,DFFC
Daniel Kash,Daniel Kash,danielkash,DFFC
Daniel Kearns,Daniel Kearns,danielkearns,DFFC
Daniel Kitson,Daniel Kitson,danielkitson,DFFC
Daniel Kottke,Daniel Kottke,danielkottke,DFFC
Daniel Lavoie,Daniel Lavoie,daniellavoie,DFFC
Daniel Levitin,Daniel Levitin,daniellevitin,DFFC
Daniel Loper,Daniel Loper,danielloper,DFFC
Daniel MacIvor,Daniel MacIvor,danielmacivor,DFFC
Daniel Mariano Bueno,Daniel Mariano Bueno,danielmarianobueno,DFFC
Daniel Martín,Daniel Martín,danielmartn,DFFC
Daniel Morelon,Daniel Morelon,danielmorelon,DFFC
Daniel Moreno,Daniel Moreno,danielmoreno,DFFC
Daniel Mullings,Daniel Mullings,danielmullings,DFFC
Daniel Nava,Daniel Nava,danielnava,DFFC
Daniel Navarro,Daniel Navarro,danielnavarro,DFFC
Daniel Oliveira,Daniel Oliveira,danieloliveira,DFFC
Daniel Onega,Daniel Onega,danielonega,DFFC
Daniel Oss,Daniel Oss,danieloss,DFFC
Daniel Parejo,Daniel Parejo,danielparejo,DFFC
Daniel Paris,Daniel Paris,danielparis,DFFC
Daniel Peixoto,Daniel Peixoto,danielpeixoto,DFFC
Daniel Petkovski,Daniel Petkovski,danielpetkovski,DFFC
Daniel Pipes,Daniel Pipes,danielpipes,DFFC
Daniel Powter,Daniel Powter,danielpowter,DFFC
Daniel Richardsson,Daniel Richardsson,danielrichardsson,DFFC
Daniel Rodríguez Martín,Daniel Rodríguez Martín,danielrodrguezmartn,DFFC
"Daniel S. Peña, Sr.","Daniel S Peña, Sr",danielspeasr,DFFC
Daniel Sedin,Daniel Sedin,danielsedin,DFFC
Daniel Solà,Daniel Solà,danielsol,DFFC
Daniel Sturridge,Daniel Sturridge,danielsturridge,DFFC
Daniel Suarez,Daniel Suarez,danielsuarez,DFFC
Daniel Te'o-Nesheim,Daniel Te'o-Nesheim,danielteonesheim,DFFC
Daniel Theis,Daniel Theis,danieltheis,DFFC
Daniel Trust,Daniel Trust,danieltrust,DFFC
Daniel Vargas,Daniel Vargas,danielvargas,DFFC
Daniel Way,Daniel Way,danielway,DFFC
Daniel Welch,Daniel Welch,danielwelch,DFFC
Daniel Wells,Daniel Wells,danielwells,DFFC
Daniel Whiston,Daniel Whiston,danielwhiston,DFFC
Daniela Masseroni,Daniela Masseroni,danielamasseroni,DFFC
Daniela Nuțu-Gajić,Daniela Nuțu-Gajić,danielanuugaji,DFFC
Daniela Poggi,Daniela Poggi,danielapoggi,DFFC
Daniela Schadt,Daniela Schadt,danielaschadt,DFFC
Daniele Bennati,Daniele Bennati,danielebennati,DFFC
Daniele Capelli,Daniele Capelli,danielecapelli,DFFC
Daniele De Rossi,Daniele De Rossi,danielederossi,DFFC
Daniele Meucci,Daniele Meucci,danielemeucci,DFFC
Daniele Padelli,Daniele Padelli,danielepadelli,DFFC
Daniella Rush,Daniella Rush,daniellarush,DFFC
Danielle Colaprico,Danielle Colaprico,daniellecolaprico,DFFC
Danielle Cormack,Danielle Cormack,daniellecormack,DFFC
Danielle De Metz,Danielle De Metz,danielledemetz,DFFC
Danielle Kahle,Danielle Kahle,daniellekahle,DFFC
Danielle Letourneau,Danielle Letourneau,danielleletourneau,DFFC
Danielle Montalbano,Danielle Montalbano,daniellemontalbano,DFFC
Danielle Page,Danielle Page,daniellepage,DFFC
Danielle Staub,Danielle Staub,daniellestaub,DFFC
Danielys García,Danielys García,danielysgarca,DFFC
Daniil Barantsev,Daniil Barantsev,daniilbarantsev,DFFC
Daniil Dubov,Daniil Dubov,daniildubov,DFFC
Danijel Ljuboja,Danijel Ljuboja,danijelljuboja,DFFC
Danijel Subotić,Danijel Subotić,danijelsuboti,DFFC
Danijela Rundqvist,Danijela Rundqvist,danijelarundqvist,DFFC
Danila Kozlovsky,Danila Kozlovsky,danilakozlovsky,DFFC
Danilo,Danilo,danilo,DFFC
Danilo Arrieta,Danilo Arrieta,daniloarrieta,DFFC
Danilo Di Luca,Danilo Di Luca,danilodiluca,DFFC
Danilo Gallinari,Danilo Gallinari,danilogallinari,DFFC
Danilo Kiš,Danilo Kiš,daniloki,DFFC
Danna Paola,Danna Paola,dannapaola,DFFC
Dannii Minogue,Dannii Minogue,danniiminogue,DFFC
Danny Aiken,Danny Aiken,dannyaiken,DFFC
Danny Batth,Danny Batth,dannybatth,DFFC
Danny Beath,Danny Beath,dannybeath,DFFC
Danny Blanchett,Danny Blanchett,dannyblanchett,DFFC
Danny Bonaduce,Danny Bonaduce,dannybonaduce,DFFC
Danny Boy,Danny Boy,dannyboy,DFFC
Danny Collins,Danny Collins,dannycollins,DFFC
Danny Coyne,Danny Coyne,dannycoyne,DFFC
Danny Emerton,Danny Emerton,dannyemerton,DFFC
Danny Glover,Danny Glover,dannyglover,DFFC
Danny Green,Danny Green,dannygreen,DFFC
Danny Guthrie,Danny Guthrie,dannyguthrie,DFFC
Danny Harris,Danny Harris,dannyharris,DFFC
Danny Harrison,Danny Harrison,dannyharrison,DFFC
Danny Higginbotham,Danny Higginbotham,dannyhigginbotham,DFFC
Danny Hillis,Danny Hillis,dannyhillis,DFFC
Danny Huston,Danny Huston,dannyhuston,DFFC
Danny Hutton,Danny Hutton,dannyhutton,DFFC
Danny Jones,Danny Jones,dannyjones,DFFC
Danny Ledonne,Danny Ledonne,dannyledonne,DFFC
Danny Livesey,Danny Livesey,dannylivesey,DFFC
Danny McCray,Danny McCray,dannymccray,DFFC
Danny McManus,Danny McManus,dannymcmanus,DFFC
Danny Meyer,Danny Meyer,dannymeyer,DFFC
Danny Michel,Danny Michel,dannymichel,DFFC
Danny Morrison,Danny Morrison,dannymorrison,DFFC
Danny Murphy,Danny Murphy,dannymurphy,DFFC
Danny Ongais,Danny Ongais,dannyongais,DFFC
Danny Racchi,Danny Racchi,dannyracchi,DFFC
Danny Schmitz,Danny Schmitz,dannyschmitz,DFFC
Danny Strong,Danny Strong,dannystrong,DFFC
Danny Tiatto,Danny Tiatto,dannytiatto,DFFC
Danny Trevathan,Danny Trevathan,dannytrevathan,DFFC
Danny Wallace,Danny Wallace,dannywallace,DFFC
Danny Webber,Danny Webber,dannywebber,DFFC
Danny Wilson,Danny Wilson,dannywilson,DFFC
Danny Woodhead,Danny Woodhead,dannywoodhead,DFFC
Danny!,Danny!,danny,DFFC
Dante,Dante,dante,DFFC
Dany Nounkeu,Dany Nounkeu,danynounkeu,DFFC
Dany Saadia,Dany Saadia,danysaadia,DFFC
Danyel Gérard,Danyel Gérard,danyelgrard,DFFC
Daphna Kastner,Daphna Kastner,daphnakastner,DFFC
Daphne Ceeney,Daphne Ceeney,daphneceeney,DFFC
Daphnée Duplaix,Daphnée Duplaix,daphneduplaix,DFFC
Dar Williams,Dar Williams,darwilliams,DFFC
Darcel McBath,Darcel McBath,darcelmcbath,DFFC
Darcey Steinke,Darcey Steinke,darceysteinke,DFFC
Dardan Rexhepi,Dardan Rexhepi,dardanrexhepi,DFFC
Darell Scott,Darell Scott,darellscott,DFFC
Daren Dochterman,Daren Dochterman,darendochterman,DFFC
Daria Dmitrieva,Daria Dmitrieva,dariadmitrieva,DFFC
Daria Gavrilova,Daria Gavrilova,dariagavrilova,DFFC
Daria Lorenci,Daria Lorenci,darialorenci,DFFC
Daria Popova,Daria Popova,dariapopova,DFFC
Daria Skrypnik,Daria Skrypnik,dariaskrypnik,DFFC
Daric Barton,Daric Barton,daricbarton,DFFC
Darija Jurak,Darija Jurak,darijajurak,DFFC
Darijo Srna,Darijo Srna,darijosrna,DFFC
Darin Zanyar,Darin Zanyar,darinzanyar,DFFC
Dario Cataldo,Dario Cataldo,dariocataldo,DFFC
Dario Krešić,Dario Krešić,dariokrei,DFFC
Dario Vidošić,Dario Vidošić,dariovidoi,DFFC
Darius Hanks,Darius Hanks,dariushanks,DFFC
Darius Miles,Darius Miles,dariusmiles,DFFC
Darius Slay,Darius Slay,dariusslay,DFFC
Dariush Ashoori,Dariush Ashoori,dariushashoori,DFFC
Dariush Shayegan,Dariush Shayegan,dariushshayegan,DFFC
Dariusz Jemielniak,Dariusz Jemielniak,dariuszjemielniak,DFFC
Dariusz Świercz,Dariusz Świercz,dariuszwiercz,DFFC
Darko Jevtić,Darko Jevtić,darkojevti,DFFC
Darko Kolić,Darko Kolić,darkokoli,DFFC
Darko Kovačević,Darko Kovačević,darkokovaevi,DFFC
Darko Lazović,Darko Lazović,darkolazovi,DFFC
Darko Nikač,Darko Nikač,darkonika,DFFC
Darko Sokolov,Darko Sokolov,darkosokolov,DFFC
Darko Zorić,Darko Zorić,darkozori,DFFC
Darko Šarović,Darko Šarović,darkoarovi,DFFC
Darnell Nurse,Darnell Nurse,darnellnurse,DFFC
Darran Kempson,Darran Kempson,darrankempson,DFFC
Darrell Armstrong,Darrell Armstrong,darrellarmstrong,DFFC
Darrell Clarke,Darrell Clarke,darrellclarke,DFFC
Darrell Hogan,Darrell Hogan,darrellhogan,DFFC
Darrell Stuckey,Darrell Stuckey,darrellstuckey,DFFC
"Darrell Wallace, Jr.","Darrell Wallace, Jr",darrellwallacejr,DFFC
Darrelle Revis,Darrelle Revis,darrellerevis,DFFC
Darren Archibald,Darren Archibald,darrenarchibald,DFFC
Darren Aronofsky,Darren Aronofsky,darrenaronofsky,DFFC
Darren Criss,Darren Criss,darrencriss,DFFC
Darren Espanto,Darren Espanto,darrenespanto,DFFC
Darren Fletcher,Darren Fletcher,darrenfletcher,DFFC
Darren Gardiner,Darren Gardiner,darrengardiner,DFFC
Darren Hayman,Darren Hayman,darrenhayman,DFFC
Darren Jones,Darren Jones,darrenjones,DFFC
Darren Kelly,Darren Kelly,darrenkelly,DFFC
Darren Mackie,Darren Mackie,darrenmackie,DFFC
Darren Middleton,Darren Middleton,darrenmiddleton,DFFC
Darren Moore,Darren Moore,darrenmoore,DFFC
Darren Murphy,Darren Murphy,darrenmurphy,DFFC
Darren Purse,Darren Purse,darrenpurse,DFFC
Darren Sproles,Darren Sproles,darrensproles,DFFC
Darren Waller,Darren Waller,darrenwaller,DFFC
Darren Young,Darren Young,darrenyoung,DFFC
Darril Fosty,Darril Fosty,darrilfosty,DFFC
Darrin Reaves,Darrin Reaves,darrinreaves,DFFC
Darryl Cotton,Darryl Cotton,darrylcotton,DFFC
Darryl Talley,Darryl Talley,darryltalley,DFFC
Darwin Atapuma,Darwin Atapuma,darwinatapuma,DFFC
Darwin Cerén,Darwin Cerén,darwincern,DFFC
Darya Pishchalnikova,Darya Pishchalnikova,daryapishchalnikova,DFFC
Darya Tkachenko,Darya Tkachenko,daryatkachenko,DFFC
Daryl Janmaat,Daryl Janmaat,daryljanmaat,DFFC
Daryl Katz,Daryl Katz,darylkatz,DFFC
Daryl Murphy,Daryl Murphy,darylmurphy,DFFC
Daryl Palumbo,Daryl Palumbo,darylpalumbo,DFFC
Daryle Ward,Daryle Ward,daryleward,DFFC
Daryn Zhunussov,Daryn Zhunussov,darynzhunussov,DFFC
Darío Fernández,Darío Fernández,darofernndez,DFFC
Dash Chisako,Dash Chisako,dashchisako,DFFC
Dashon Goldson,Dashon Goldson,dashongoldson,DFFC
Dav Whatmore,Dav Whatmore,davwhatmore,DFFC
Dave Attell,Dave Attell,daveattell,DFFC
Dave Barry,Dave Barry,davebarry,DFFC
Dave Bartholomew,Dave Bartholomew,davebartholomew,DFFC
Dave Bautista,Dave Bautista,davebautista,DFFC
Dave Blaney,Dave Blaney,daveblaney,DFFC
Dave Brammer,Dave Brammer,davebrammer,DFFC
Dave Brandon,Dave Brandon,davebrandon,DFFC
Dave Brock,Dave Brock,davebrock,DFFC
Dave Dictor,Dave Dictor,davedictor,DFFC
Dave Dresden,Dave Dresden,davedresden,DFFC
Dave Edwards,Dave Edwards,daveedwards,DFFC
Dave Feamster,Dave Feamster,davefeamster,DFFC
Dave Green,Dave Green,davegreen,DFFC
Dave Greenfield,Dave Greenfield,davegreenfield,DFFC
Dave Greenslade,Dave Greenslade,davegreenslade,DFFC
Dave Hill,Dave Hill,davehill,DFFC
Dave Hughes,Dave Hughes,davehughes,DFFC
Dave Keuning,Dave Keuning,davekeuning,DFFC
Dave Kitson,Dave Kitson,davekitson,DFFC
Dave Navarro,Dave Navarro,davenavarro,DFFC
Dave Naz,Dave Naz,davenaz,DFFC
Dave Niehaus,Dave Niehaus,daveniehaus,DFFC
Dave Penney,Dave Penney,davepenney,DFFC
Dave Pomeroy,Dave Pomeroy,davepomeroy,DFFC
Dave Raggett,Dave Raggett,daveraggett,DFFC
Dave Raimey,Dave Raimey,daveraimey,DFFC
Dave Roberts,Dave Roberts,daveroberts,DFFC
Dave Robinson,Dave Robinson,daverobinson,DFFC
Dave Ryan,Dave Ryan,daveryan,DFFC
Dave Sim,Dave Sim,davesim,DFFC
Dave Sisler,Dave Sisler,davesisler,DFFC
Dave Spector,Dave Spector,davespector,DFFC
Dave Stallworth,Dave Stallworth,davestallworth,DFFC
Dave Stevens,Dave Stevens,davestevens,DFFC
Dave Stewart,Dave Stewart,davestewart,DFFC
Dave Trembley,Dave Trembley,davetrembley,DFFC
Dave Valentin,Dave Valentin,davevalentin,DFFC
Dave Whelan,Dave Whelan,davewhelan,DFFC
Dave Wottle,Dave Wottle,davewottle,DFFC
Davey Hamilton,Davey Hamilton,daveyhamilton,DFFC
Davey Holmes,Davey Holmes,daveyholmes,DFFC
Davey Johnstone,Davey Johnstone,daveyjohnstone,DFFC
David A. Hargrave,David A Hargrave,davidahargrave,DFFC
David Abulafia,David Abulafia,davidabulafia,DFFC
David Accam,David Accam,davidaccam,DFFC
David Alan Basche,David Alan Basche,davidalanbasche,DFFC
David Alan Grier,David Alan Grier,davidalangrier,DFFC
David Albelda,David Albelda,davidalbelda,DFFC
David Allan Coe,David Allan Coe,davidallancoe,DFFC
David Almond,David Almond,davidalmond,DFFC
David Amoo,David Amoo,davidamoo,DFFC
David Angell,David Angell,davidangell,DFFC
David Anthony,David Anthony,davidanthony,DFFC
David Ari Leon,David Ari Leon,davidarileon,DFFC
David Arroyo,David Arroyo,davidarroyo,DFFC
David Attenborough,David Attenborough,davidattenborough,DFFC
David Ayer,David Ayer,davidayer,DFFC
David Ball,David Ball,davidball,DFFC
David Banner,David Banner,davidbanner,DFFC
David Barton,David Barton,davidbarton,DFFC
David Battley,David Battley,davidbattley,DFFC
David Beckham,David Beckham,davidbeckham,DFFC
David Bergstein,David Bergstein,davidbergstein,DFFC
David Bernstein,David Bernstein,davidbernstein,DFFC
David Binn,David Binn,davidbinn,DFFC
David Blue,David Blue,davidblue,DFFC
David Bohnett,David Bohnett,davidbohnett,DFFC
David Boily,David Boily,davidboily,DFFC
David Boreanaz,David Boreanaz,davidboreanaz,DFFC
David Braben,David Braben,davidbraben,DFFC
David Bradley,David Bradley,davidbradley,DFFC
David Bragdon,David Bragdon,davidbragdon,DFFC
David Brin,David Brin,davidbrin,DFFC
David Bromberg,David Bromberg,davidbromberg,DFFC
David Bromige,David Bromige,davidbromige,DFFC
David Brown,David Brown,davidbrown,DFFC
David Burke,David Burke,davidburke,DFFC
David Burns,David Burns,davidburns,DFFC
David Burtka,David Burtka,davidburtka,DFFC
David Byrne,David Byrne,davidbyrne,DFFC
David Carr,David Carr,davidcarr,DFFC
David Chase,David Chase,davidchase,DFFC
David Chiu,David Chiu,davidchiu,DFFC
David Cobeño,David Cobeño,davidcobeo,DFFC
David Copeland,David Copeland,davidcopeland,DFFC
David Costas,David Costas,davidcostas,DFFC
David Cromer,David Cromer,davidcromer,DFFC
David Cronenberg,David Cronenberg,davidcronenberg,DFFC
David Crosby,David Crosby,davidcrosby,DFFC
David Cutcliffe,David Cutcliffe,davidcutcliffe,DFFC
David D'Or,David D'Or,daviddor,DFFC
David Dyson,David Dyson,daviddyson,DFFC
David E. Bell,David E Bell,davidebell,DFFC
David E. Jeremiah,David E Jeremiah,davidejeremiah,DFFC
David Eisenhower,David Eisenhower,davideisenhower,DFFC
David Ellefson,David Ellefson,davidellefson,DFFC
David Faber,David Faber,davidfaber,DFFC
David Fairclough,David Fairclough,davidfairclough,DFFC
David Faustino,David Faustino,davidfaustino,DFFC
David Feherty,David Feherty,davidfeherty,DFFC
David Fernández Miramontes,David Fernández Miramontes,davidfernndezmiramontes,DFFC
David Filo,David Filo,davidfilo,DFFC
David Fizdale,David Fizdale,davidfizdale,DFFC
David Fox,David Fox,davidfox,DFFC
David Fuster,David Fuster,davidfuster,DFFC
David Gandy,David Gandy,davidgandy,DFFC
David Gantar,David Gantar,davidgantar,DFFC
David García de la Cruz,David García de la Cruz,davidgarcadelacruz,DFFC
David Gascoyne,David Gascoyne,davidgascoyne,DFFC
David Giuntoli,David Giuntoli,davidgiuntoli,DFFC
David Gould,David Gould,davidgould,DFFC
David Greely,David Greely,davidgreely,DFFC
David Guez,David Guez,davidguez,DFFC
David Guterson,David Guterson,davidguterson,DFFC
David Hedison,David Hedison,davidhedison,DFFC
David Hewlett,David Hewlett,davidhewlett,DFFC
David Hobbs,David Hobbs,davidhobbs,DFFC
David Hyde Pierce,David Hyde Pierce,davidhydepierce,DFFC
David Hykes,David Hykes,davidhykes,DFFC
David Irving,David Irving,davidirving,DFFC
David Jarolím,David Jarolím,davidjarolm,DFFC
David Joerger,David Joerger,davidjoerger,DFFC
David Johnson,David Johnson,davidjohnson,DFFC
David Jones,David Jones,davidjones,DFFC
David Jordan Bachner,David Jordan Bachner,davidjordanbachner,DFFC
David Kahn,David Kahn,davidkahn,DFFC
David Karp,David Karp,davidkarp,DFFC
David King,David King,davidking,DFFC
David Knopfler,David Knopfler,davidknopfler,DFFC
David Koch,David Koch,davidkoch,DFFC
David Koller,David Koller,davidkoller,DFFC
David Koresh,David Koresh,davidkoresh,DFFC
David Krejčí,David Krejčí,davidkrej,DFFC
David Kross,David Kross,davidkross,DFFC
David Krumholtz,David Krumholtz,davidkrumholtz,DFFC
David L. Cook,David L Cook,davidlcook,DFFC
David L. Rose,David L Rose,davidlrose,DFFC
David LaChapelle,David LaChapelle,davidlachapelle,DFFC
David Lasky,David Lasky,davidlasky,DFFC
David Lee,David Lee,davidlee,DFFC
David Levi,David Levi,davidlevi,DFFC
David Lipsky,David Lipsky,davidlipsky,DFFC
David Llewellin,David Llewellin,davidllewellin,DFFC
David M. Rosenthal,David M Rosenthal,davidmrosenthal,DFFC
David Mamet,David Mamet,davidmamet,DFFC
David Marquardt,David Marquardt,davidmarquardt,DFFC
David Mayhew,David Mayhew,davidmayhew,DFFC
David Mazzucchelli,David Mazzucchelli,davidmazzucchelli,DFFC
David McGoldrick,David McGoldrick,davidmcgoldrick,DFFC
David McNiven,David McNiven,davidmcniven,DFFC
David Michael Conner,David Michael Conner,davidmichaelconner,DFFC
David Mims,David Mims,davidmims,DFFC
David Miscavige,David Miscavige,davidmiscavige,DFFC
David Mitchell,David Mitchell,davidmitchell,DFFC
David Myles,David Myles,davidmyles,DFFC
David Nasaw,David Nasaw,davidnasaw,DFFC
David Navara,David Navara,davidnavara,DFFC
David Nelson,David Nelson,davidnelson,DFFC
David Nicholas,David Nicholas,davidnicholas,DFFC
David Nolan,David Nolan,davidnolan,DFFC
David O. Russell,David O Russell,davidorussell,DFFC
David O. Sacks,David O Sacks,davidosacks,DFFC
David Odonkor,David Odonkor,davidodonkor,DFFC
David Ondříček,David Ondříček,davidondek,DFFC
David Ospina,David Ospina,davidospina,DFFC
David Otunga,David Otunga,davidotunga,DFFC
David Pagbe,David Pagbe,davidpagbe,DFFC
David Palmer,David Palmer,davidpalmer,DFFC
David Perron,David Perron,davidperron,DFFC
David Pizarro,David Pizarro,davidpizarro,DFFC
David Pogue,David Pogue,davidpogue,DFFC
David Poisson,David Poisson,davidpoisson,DFFC
David Proval,David Proval,davidproval,DFFC
David Provan,David Provan,davidprovan,DFFC
David Prowse,David Prowse,davidprowse,DFFC
David Pujadas,David Pujadas,davidpujadas,DFFC
David Rees Snell,David Rees Snell,davidreessnell,DFFC
David René de Rothschild,David René de Rothschild,davidrenderothschild,DFFC
David Reutimann,David Reutimann,davidreutimann,DFFC
David Richmond-Peck,David Richmond-Peck,davidrichmondpeck,DFFC
David Rintoul,David Rintoul,davidrintoul,DFFC
David Robinson,David Robinson,davidrobinson,DFFC
David Rozehnal,David Rozehnal,davidrozehnal,DFFC
David Rudisha,David Rudisha,davidrudisha,DFFC
David S. Goyer,David S Goyer,davidsgoyer,DFFC
David Santee,David Santee,davidsantee,DFFC
David Schnitter,David Schnitter,davidschnitter,DFFC
David Seaman,David Seaman,davidseaman,DFFC
David Sedaris,David Sedaris,davidsedaris,DFFC
David Shaw,David Shaw,davidshaw,DFFC
David Shiner,David Shiner,davidshiner,DFFC
David Shuster,David Shuster,davidshuster,DFFC
David Silverman,David Silverman,davidsilverman,DFFC
David Simon,David Simon,davidsimon,DFFC
David Sneddon,David Sneddon,davidsneddon,DFFC
David Snellgrove,David Snellgrove,davidsnellgrove,DFFC
David Staff,David Staff,davidstaff,DFFC
David Stephens,David Stephens,davidstephens,DFFC
David Storl,David Storl,davidstorl,DFFC
David Stratton,David Stratton,davidstratton,DFFC
David Stremme,David Stremme,davidstremme,DFFC
David Stucke,David Stucke,davidstucke,DFFC
David Suchet,David Suchet,davidsuchet,DFFC
David Sullivan,David Sullivan,davidsullivan,DFFC
David Suzuki,David Suzuki,davidsuzuki,DFFC
David Templeton,David Templeton,davidtempleton,DFFC
David Tennant,David Tennant,davidtennant,DFFC
David Tetteh,David Tetteh,davidtetteh,DFFC
David Thompson,David Thompson,davidthompson,DFFC
David Toms,David Toms,davidtoms,DFFC
David Trezeguet,David Trezeguet,davidtrezeguet,DFFC
David Vaughan,David Vaughan,davidvaughan,DFFC
David Villa,David Villa,davidvilla,DFFC
David Vobora,David Vobora,davidvobora,DFFC
David Vostell,David Vostell,davidvostell,DFFC
David Vranković,David Vranković,davidvrankovi,DFFC
David Výborný,David Výborný,davidvborn,DFFC
David W. Ball,David W Ball,davidwball,DFFC
David Wagner,David Wagner,davidwagner,DFFC
David Wall,David Wall,davidwall,DFFC
David Walliams,David Walliams,davidwalliams,DFFC
David Weisman,David Weisman,davidweisman,DFFC
David West,David West,davidwest,DFFC
David Westin,David Westin,davidwestin,DFFC
David Wright,David Wright,davidwright,DFFC
David X. Cohen,David X Cohen,davidxcohen,DFFC
David Yost,David Yost,davidyost,DFFC
David Zurutuza,David Zurutuza,davidzurutuza,DFFC
David de Gea,David de Gea,daviddegea,DFFC
David de la Fuente,David de la Fuente,daviddelafuente,DFFC
Davide Cimolai,Davide Cimolai,davidecimolai,DFFC
Davide Malacarne,Davide Malacarne,davidemalacarne,DFFC
Davie Selke,Davie Selke,davieselke,DFFC
Davis Phinney,Davis Phinney,davisphinney,DFFC
Davy Pröpper,Davy Pröpper,davyprpper,DFFC
Davy Walsh,Davy Walsh,davywalsh,DFFC
Dawn Fraser,Dawn Fraser,dawnfraser,DFFC
Dawn Richard,Dawn Richard,dawnrichard,DFFC
Dawn Robinson,Dawn Robinson,dawnrobinson,DFFC
Dax Shepard,Dax Shepard,daxshepard,DFFC
Daylon Claasen,Daylon Claasen,daylonclaasen,DFFC
Dayro Moreno,Dayro Moreno,dayromoreno,DFFC
De'Anthony Thomas,De'Anthony Thomas,deanthonythomas,DFFC
De'Runnya Wilson,De'Runnya Wilson,derunnyawilson,DFFC
DeAndre Hopkins,DeAndre Hopkins,deandrehopkins,DFFC
DeAndre Yedlin,DeAndre Yedlin,deandreyedlin,DFFC
DeAngelo Hall,DeAngelo Hall,deangelohall,DFFC
DeAnne Julius,DeAnne Julius,deannejulius,DFFC
DeFord Bailey,DeFord Bailey,defordbailey,DFFC
DeMarcus Cousins,DeMarcus Cousins,demarcuscousins,DFFC
DeMarcus Van Dyke,DeMarcus Van Dyke,demarcusvandyke,DFFC
DeMarcus Ware,DeMarcus Ware,demarcusware,DFFC
DeMario Pressley,DeMario Pressley,demariopressley,DFFC
DeQuan Jones,DeQuan Jones,dequanjones,DFFC
DeSean Jackson,DeSean Jackson,deseanjackson,DFFC
DeShawn Stevenson,DeShawn Stevenson,deshawnstevenson,DFFC
Deacon Jones,Deacon Jones,deaconjones,DFFC
Dean Armstrong,Dean Armstrong,deanarmstrong,DFFC
Dean Ashton,Dean Ashton,deanashton,DFFC
Dean Baker,Dean Baker,deanbaker,DFFC
Dean Butler,Dean Butler,deanbutler,DFFC
Dean Cox,Dean Cox,deancox,DFFC
Dean DeBlois,Dean DeBlois,deandeblois,DFFC
Dean Delany,Dean Delany,deandelany,DFFC
Dean Devlin,Dean Devlin,deandevlin,DFFC
Dean Falk,Dean Falk,deanfalk,DFFC
Dean Geyer,Dean Geyer,deangeyer,DFFC
Dean Kiely,Dean Kiely,deankiely,DFFC
Dean Leacock,Dean Leacock,deanleacock,DFFC
Dean Lewington,Dean Lewington,deanlewington,DFFC
Dean Marney,Dean Marney,deanmarney,DFFC
Dean Marshall,Dean Marshall,deanmarshall,DFFC
Dean Morgan,Dean Morgan,deanmorgan,DFFC
Dean Shiels,Dean Shiels,deanshiels,DFFC
Dean Smith,Dean Smith,deansmith,DFFC
Dean Stockwell,Dean Stockwell,deanstockwell,DFFC
Dean Terlich,Dean Terlich,deanterlich,DFFC
Deane Smalley,Deane Smalley,deanesmalley,DFFC
Deanna Brooks,Deanna Brooks,deannabrooks,DFFC
Deb Caletti,Deb Caletti,debcaletti,DFFC
Debarun Pal,Debarun Pal,debarunpal,DFFC
Debbe Magnusen,Debbe Magnusen,debbemagnusen,DFFC
Debbie Bramwell-Washington,Debbie Bramwell-Washington,debbiebramwellwashington,DFFC
Debbie Dunn,Debbie Dunn,debbiedunn,DFFC
Debbie Reynolds,Debbie Reynolds,debbiereynolds,DFFC
Debbie Rowe,Debbie Rowe,debbierowe,DFFC
Debi Mazar,Debi Mazar,debimazar,DFFC
Deborah Coleman,Deborah Coleman,deborahcoleman,DFFC
Deborah Kerr,Deborah Kerr,deborahkerr,DFFC
Deborah Watling,Deborah Watling,deborahwatling,DFFC
Debra Arlyn,Debra Arlyn,debraarlyn,DFFC
Debra Granik,Debra Granik,debragranik,DFFC
Debra L. Lee,Debra L Lee,debrallee,DFFC
Debra Marshall,Debra Marshall,debramarshall,DFFC
Debra Medina,Debra Medina,debramedina,DFFC
Debra Messing,Debra Messing,debramessing,DFFC
Debra Monk,Debra Monk,debramonk,DFFC
Debrah Scarlett,Debrah Scarlett,debrahscarlett,DFFC
Dechawat Poomjaeng,Dechawat Poomjaeng,dechawatpoomjaeng,DFFC
Declan Donnelly,Declan Donnelly,declandonnelly,DFFC
Declan John,Declan John,declanjohn,DFFC
Dedryck Boyata,Dedryck Boyata,dedryckboyata,DFFC
Dee Bost,Dee Bost,deebost,DFFC
Dee Bradley Baker,Dee Bradley Baker,deebradleybaker,DFFC
Dee Brown,Dee Brown,deebrown,DFFC
Dee Hoty,Dee Hoty,deehoty,DFFC
Dee Wallace,Dee Wallace,deewallace,DFFC
Deepika Kurup,Deepika Kurup,deepikakurup,DFFC
Deepti Bhatnagar,Deepti Bhatnagar,deeptibhatnagar,DFFC
Deeyah Khan,Deeyah Khan,deeyahkhan,DFFC
Deidre Downs,Deidre Downs,deidredowns,DFFC
Deidre Hall,Deidre Hall,deidrehall,DFFC
Deiniol Graham,Deiniol Graham,deiniolgraham,DFFC
Deion Branch,Deion Branch,deionbranch,DFFC
Deividas Dulkys,Deividas Dulkys,deividasdulkys,DFFC
Deividas Stagniūnas,Deividas Stagniūnas,deividasstagninas,DFFC
Dejan Bodiroga,Dejan Bodiroga,dejanbodiroga,DFFC
Dejan Lovren,Dejan Lovren,dejanlovren,DFFC
Dejan Milojević,Dejan Milojević,dejanmilojevi,DFFC
Dejan Radonjić,Dejan Radonjić,dejanradonji,DFFC
Del Crandall,Del Crandall,delcrandall,DFFC
Delaf,Delaf,delaf,DFFC
Delfeayo Marsalis,Delfeayo Marsalis,delfeayomarsalis,DFFC
Delilah,Delilah,delilah,DFFC
Delino DeShields,Delino DeShields,delinodeshields,DFFC
Delroy Lindo,Delroy Lindo,delroylindo,DFFC
Dema Kovalenko,Dema Kovalenko,demakovalenko,DFFC
Demaryius Thomas,Demaryius Thomas,demaryiusthomas,DFFC
Demet Kılınç,Demet Kılınç,demetkln,DFFC
Demetri McCamey,Demetri McCamey,demetrimccamey,DFFC
Demetrio Albertini,Demetrio Albertini,demetrioalbertini,DFFC
Demetrius Harris,Demetrius Harris,demetriusharris,DFFC
Demi Harman,Demi Harman,demiharman,DFFC
Demi Lovato,Demi Lovato,demilovato,DFFC
Demi Moore,Demi Moore,demimoore,DFFC
Demond Mallet,Demond Mallet,demondmallet,DFFC
Demy de Zeeuw,Demy de Zeeuw,demydezeeuw,DFFC
Dena DeRose,Dena DeRose,denaderose,DFFC
Dena Kaplan,Dena Kaplan,denakaplan,DFFC
Denard Robinson,Denard Robinson,denardrobinson,DFFC
Deng Yaping,Deng Yaping,dengyaping,DFFC
Denice D. Lewis,Denice D Lewis,denicedlewis,DFFC
Denis Alekseyevich Davydov,Denis Alekseyevich Davydov,denisalekseyevichdavydov,DFFC
Denis Andreyevich Klyuyev,Denis Andreyevich Klyuyev,denisandreyevichklyuyev,DFFC
Denis Cheryshev,Denis Cheryshev,denischeryshev,DFFC
Denis Dutton,Denis Dutton,denisdutton,DFFC
Denis Hennequin,Denis Hennequin,denishennequin,DFFC
Denis Irwin,Denis Irwin,denisirwin,DFFC
Denis Kitchen,Denis Kitchen,deniskitchen,DFFC
Denis Lawson,Denis Lawson,denislawson,DFFC
Denis Marconato,Denis Marconato,denismarconato,DFFC
Denis Moschitto,Denis Moschitto,denismoschitto,DFFC
Denis O'Hare,Denis O'Hare,denisohare,DFFC
Denis Smith,Denis Smith,denissmith,DFFC
Denis Ten,Denis Ten,denisten,DFFC
Denisa Dvořáková,Denisa Dvořáková,denisadvokov,DFFC
Denise Nicholas,Denise Nicholas,denisenicholas,DFFC
Denise O'Sullivan,Denise O'Sullivan,deniseosullivan,DFFC
Denise Richards,Denise Richards,deniserichards,DFFC
Dennis Allen,Dennis Allen,dennisallen,DFFC
Dennis Brunod,Dennis Brunod,dennisbrunod,DFFC
Dennis Dixon,Dennis Dixon,dennisdixon,DFFC
Dennis Erickson,Dennis Erickson,denniserickson,DFFC
Dennis Høegh,Dennis Høegh,dennishegh,DFFC
Dennis Kamakahi,Dennis Kamakahi,denniskamakahi,DFFC
Dennis Landolt,Dennis Landolt,dennislandolt,DFFC
Dennis O'Neil,Dennis O'Neil,dennisoneil,DFFC
Dennis O'Rourke,Dennis O'Rourke,dennisorourke,DFFC
Dennis Oppenheim,Dennis Oppenheim,dennisoppenheim,DFFC
Dennis Quaid,Dennis Quaid,dennisquaid,DFFC
Dennis Seaton,Dennis Seaton,dennisseaton,DFFC
Dennis Waterman,Dennis Waterman,denniswaterman,DFFC
Denny Hamlin,Denny Hamlin,dennyhamlin,DFFC
Denny McLain,Denny McLain,dennymclain,DFFC
Dentinho,Dentinho,dentinho,DFFC
Denys Arcand,Denys Arcand,denysarcand,DFFC
Denys Harmash,Denys Harmash,denysharmash,DFFC
Denzel Washington,Denzel Washington,denzelwashington,DFFC
Der-Tsai Lee,Der-Tsai Lee,dertsailee,DFFC
Dercy Gonçalves,Dercy Gonçalves,dercygonalves,DFFC
Derek Anderson,Derek Anderson,derekanderson,DFFC
Derek Asamoah,Derek Asamoah,derekasamoah,DFFC
Derek Fisher,Derek Fisher,derekfisher,DFFC
Derek Grant,Derek Grant,derekgrant,DFFC
Derek Jameson,Derek Jameson,derekjameson,DFFC
Derek Martin,Derek Martin,derekmartin,DFFC
Derek Meech,Derek Meech,derekmeech,DFFC
Derek Shackleton,Derek Shackleton,derekshackleton,DFFC
Derek Trucks,Derek Trucks,derektrucks,DFFC
Derek Wayne Johnson,Derek Wayne Johnson,derekwaynejohnson,DFFC
Derek Whitson,Derek Whitson,derekwhitson,DFFC
Derek Wolfe,Derek Wolfe,derekwolfe,DFFC
Derek Yalden,Derek Yalden,derekyalden,DFFC
Deriba Merga,Deriba Merga,deribamerga,DFFC
Deric Ruttan,Deric Ruttan,dericruttan,DFFC
Derlei,Derlei,derlei,DFFC
Dermot Mulroney,Dermot Mulroney,dermotmulroney,DFFC
Deron Williams,Deron Williams,deronwilliams,DFFC
Derrick Dockery,Derrick Dockery,derrickdockery,DFFC
Derrick Harvey,Derrick Harvey,derrickharvey,DFFC
Derrick Mason,Derrick Mason,derrickmason,DFFC
Derrick Nix,Derrick Nix,derricknix,DFFC
Derrick Rodgers,Derrick Rodgers,derrickrodgers,DFFC
Derrick Sebagala,Derrick Sebagala,derricksebagala,DFFC
Derrike Cope,Derrike Cope,derrikecope,DFFC
Derryl Cousins,Derryl Cousins,derrylcousins,DFFC
Derryn Hinch,Derryn Hinch,derrynhinch,DFFC
Derya Arhan,Derya Arhan,deryaarhan,DFFC
Des Bishop,Des Bishop,desbishop,DFFC
Des Bulpin,Des Bulpin,desbulpin,DFFC
Des Lynam,Des Lynam,deslynam,DFFC
Des Lyttle,Des Lyttle,deslyttle,DFFC
Desmond Dekker,Desmond Dekker,desmonddekker,DFFC
Desmond Noel,Desmond Noel,desmondnoel,DFFC
Desmond Trufant,Desmond Trufant,desmondtrufant,DFFC
Despina Papamichail,Despina Papamichail,despinapapamichail,DFFC
Destin Onka Malonga,Destin Onka Malonga,destinonkamalonga,DFFC
Detlev Buck,Detlev Buck,detlevbuck,DFFC
Deuce Lutui,Deuce Lutui,deucelutui,DFFC
Devaanshi Mehta,Devaanshi Mehta,devaanshimehta,DFFC
Devan Dubnyk,Devan Dubnyk,devandubnyk,DFFC
Devante Smith-Pelly,Devante Smith-Pelly,devantesmithpelly,DFFC
Devin Battley,Devin Battley,devinbattley,DFFC
Devin Booker,Devin Booker,devinbooker,DFFC
Devin Harris,Devin Harris,devinharris,DFFC
Devin Hester,Devin Hester,devinhester,DFFC
Devin Smith,Devin Smith,devinsmith,DFFC
Devin Townsend,Devin Townsend,devintownsend,DFFC
Devin the Dude,Devin the Dude,devinthedude,DFFC
Devon Allman,Devon Allman,devonallman,DFFC
Devon Sawa,Devon Sawa,devonsawa,DFFC
Devon Werkheiser,Devon Werkheiser,devonwerkheiser,DFFC
Devonta Freeman,Devonta Freeman,devontafreeman,DFFC
Dewayne Staats,Dewayne Staats,dewaynestaats,DFFC
Dewey Bunnell,Dewey Bunnell,deweybunnell,DFFC
Dewi Lestari,Dewi Lestari,dewilestari,DFFC
Dexter Davis,Dexter Davis,dexterdavis,DFFC
Dexter Fletcher,Dexter Fletcher,dexterfletcher,DFFC
Dexter Jackson,Dexter Jackson,dexterjackson,DFFC
Dexter Stacey,Dexter Stacey,dexterstacey,DFFC
Deysi Cori,Deysi Cori,deysicori,DFFC
Dez Bryant,Dez Bryant,dezbryant,DFFC
Dezmen Southward,Dezmen Southward,dezmensouthward,DFFC
Dhammananda Bhikkhuni,Dhammananda Bhikkhuni,dhammanandabhikkhuni,DFFC
Diablo Cody,Diablo Cody,diablocody,DFFC
Diamond Dallas Page,Diamond Dallas Page,diamonddallaspage,DFFC
Diana Gurtskaya,Diana Gurtskaya,dianagurtskaya,DFFC
Diana Luna,Diana Luna,dianaluna,DFFC
Diana Lynn,Diana Lynn,dianalynn,DFFC
Diana López Moyal,Diana López Moyal,dianalpezmoyal,DFFC
Diana Penty,Diana Penty,dianapenty,DFFC
Diana Taurasi,Diana Taurasi,dianataurasi,DFFC
Diana Vishneva,Diana Vishneva,dianavishneva,DFFC
Diana-Maria Riva,Diana-Maria Riva,dianamariariva,DFFC
Diandra,Diandra,diandra,DFFC
Diane Dimond,Diane Dimond,dianedimond,DFFC
Diane Erpelding,Diane Erpelding,dianeerpelding,DFFC
Diane Geppi-Aikens,Diane Geppi-Aikens,dianegeppiaikens,DFFC
Diane Neal,Diane Neal,dianeneal,DFFC
Diane di Prima,Diane di Prima,dianediprima,DFFC
Diane von Fürstenberg,Diane von Fürstenberg,dianevonfrstenberg,DFFC
Diane-Louise Jordan,Diane-Louise Jordan,dianelouisejordan,DFFC
Dianna Agron,Dianna Agron,diannaagron,DFFC
Dianne Gerace,Dianne Gerace,diannegerace,DFFC
Dianne Pilkington,Dianne Pilkington,diannepilkington,DFFC
Dianne Wiest,Dianne Wiest,diannewiest,DFFC
Dianne de Leeuw,Dianne de Leeuw,diannedeleeuw,DFFC
Diante Garrett,Diante Garrett,diantegarrett,DFFC
Dick Advocaat,Dick Advocaat,dickadvocaat,DFFC
Dick Axelsson,Dick Axelsson,dickaxelsson,DFFC
Dick Brown,Dick Brown,dickbrown,DFFC
Dick Button,Dick Button,dickbutton,DFFC
Dick Coster,Dick Coster,dickcoster,DFFC
Dick Davey,Dick Davey,dickdavey,DFFC
Dick Drott,Dick Drott,dickdrott,DFFC
Dick Harrison,Dick Harrison,dickharrison,DFFC
Dick Hensley,Dick Hensley,dickhensley,DFFC
Dick Howser,Dick Howser,dickhowser,DFFC
Dick Hyman,Dick Hyman,dickhyman,DFFC
Dick LeBeau,Dick LeBeau,dicklebeau,DFFC
Dick Nanninga,Dick Nanninga,dicknanninga,DFFC
Dick Rifenburg,Dick Rifenburg,dickrifenburg,DFFC
Dick Stanfel,Dick Stanfel,dickstanfel,DFFC
Dicky Eklund,Dicky Eklund,dickyeklund,DFFC
Didier Cohen,Didier Cohen,didiercohen,DFFC
Didier Deschamps,Didier Deschamps,didierdeschamps,DFFC
Didier Drogba,Didier Drogba,didierdrogba,DFFC
Didier Ya Konan,Didier Ya Konan,didieryakonan,DFFC
Diego Boneta,Diego Boneta,diegoboneta,DFFC
Diego Cavalieri,Diego Cavalieri,diegocavalieri,DFFC
Diego Cháves,Diego Cháves,diegochves,DFFC
Diego Contento,Diego Contento,diegocontento,DFFC
Diego Della Valle,Diego Della Valle,diegodellavalle,DFFC
Diego Klattenhoff,Diego Klattenhoff,diegoklattenhoff,DFFC
Diego Latorre,Diego Latorre,diegolatorre,DFFC
Diego Lugano,Diego Lugano,diegolugano,DFFC
Diego Luna,Diego Luna,diegoluna,DFFC
Diego Marani,Diego Marani,diegomarani,DFFC
Diego Milito,Diego Milito,diegomilito,DFFC
Diego Occhiuzzi,Diego Occhiuzzi,diegoocchiuzzi,DFFC
Diego Perotti,Diego Perotti,diegoperotti,DFFC
Diego Simeone,Diego Simeone,diegosimeone,DFFC
Diego Spotorno,Diego Spotorno,diegospotorno,DFFC
Diego Tristán,Diego Tristán,diegotristn,DFFC
Diego Ulissi,Diego Ulissi,diegoulissi,DFFC
Diesel,Diesel,diesel,DFFC
Dieter Bouvry,Dieter Bouvry,dieterbouvry,DFFC
Dieter Hallervorden,Dieter Hallervorden,dieterhallervorden,DFFC
Dieter Hecking,Dieter Hecking,dieterhecking,DFFC
Dieter Meier,Dieter Meier,dietermeier,DFFC
Dieter Quester,Dieter Quester,dieterquester,DFFC
Dietmar Hamann,Dietmar Hamann,dietmarhamann,DFFC
Dietmar Kühbauer,Dietmar Kühbauer,dietmarkhbauer,DFFC
Dikembe Mutombo,Dikembe Mutombo,dikembemutombo,DFFC
Dilip Vengsarkar,Dilip Vengsarkar,dilipvengsarkar,DFFC
Dillon Casey,Dillon Casey,dilloncasey,DFFC
Dillon Day,Dillon Day,dillonday,DFFC
Dillon Simpson,Dillon Simpson,dillonsimpson,DFFC
Dimal,Dimal,dimal,DFFC
Dimitar Karadžovski,Dimitar Karadžovski,dimitarkaradovski,DFFC
Dimitar Kutrovsky,Dimitar Kutrovsky,dimitarkutrovsky,DFFC
Dimitri Kevin Cavare,Dimitri Kevin Cavare,dimitrikevincavare,DFFC
Dimitri Petratos,Dimitri Petratos,dimitripetratos,DFFC
Dimitri Vegas &amp; Like Mike,Dimitri Vegas &amp; Like Mike,dimitrivegasamplikemike,DFFC
Dimitrios Katsivelis,Dimitrios Katsivelis,dimitrioskatsivelis,DFFC
Dimitris Diamantidis,Dimitris Diamantidis,dimitrisdiamantidis,DFFC
Dimitris Papadopoulos,Dimitris Papadopoulos,dimitrispapadopoulos,DFFC
Dimitris Siovas,Dimitris Siovas,dimitrissiovas,DFFC
Dina Asher-Smith,Dina Asher-Smith,dinaashersmith,DFFC
Dina Eastwood,Dina Eastwood,dinaeastwood,DFFC
Dina Garipova,Dina Garipova,dinagaripova,DFFC
Dina Lohan,Dina Lohan,dinalohan,DFFC
Ding Junhui,Ding Junhui,dingjunhui,DFFC
Ding Ning,Ding Ning,dingning,DFFC
Diniyar Bilyaletdinov,Diniyar Bilyaletdinov,diniyarbilyaletdinov,DFFC
Diogo Ferreira,Diogo Ferreira,diogoferreira,DFFC
Diogo Gonçalves,Diogo Gonçalves,diogogonalves,DFFC
Diogo Pinto,Diogo Pinto,diogopinto,DFFC
Dion von Moltke,Dion von Moltke,dionvonmoltke,DFFC
Diora Baird,Diora Baird,diorabaird,DFFC
Dira Paes,Dira Paes,dirapaes,DFFC
Dirk Bach,Dirk Bach,dirkbach,DFFC
Dirk Benedict,Dirk Benedict,dirkbenedict,DFFC
Dirk Marcellis,Dirk Marcellis,dirkmarcellis,DFFC
Dirk Orlishausen,Dirk Orlishausen,dirkorlishausen,DFFC
Dirk Sager,Dirk Sager,dirksager,DFFC
Disappearance of Kyron Horman,Disappearance of Kyron Horman,disappearanceofkyronhorman,DFFC
Disco D,Disco D,discod,DFFC
Disco Inferno,Disco Inferno,discoinferno,DFFC
Dita Von Teese,Dita Von Teese,ditavonteese,DFFC
Divock Origi,Divock Origi,divockorigi,DFFC
Diána Póth,Diána Póth,dinapth,DFFC
Djalma Santos,Djalma Santos,djalmasantos,DFFC
Djamel Mastouri,Djamel Mastouri,djamelmastouri,DFFC
Djelaludin Sharityar,Djelaludin Sharityar,djelaludinsharityar,DFFC
Djibril Cissé,Djibril Cissé,djibrilciss,DFFC
Djimon Hounsou,Djimon Hounsou,djimonhounsou,DFFC
Djoumin Sangaré,Djoumin Sangaré,djouminsangar,DFFC
Dmitri Chesnokov,Dmitri Chesnokov,dmitrichesnokov,DFFC
Dmitri Khromin,Dmitri Khromin,dmitrikhromin,DFFC
Dmitri Kombarov,Dmitri Kombarov,dmitrikombarov,DFFC
Dmitri Matsjuk,Dmitri Matsjuk,dmitrimatsjuk,DFFC
Dmitri Sarafutdinov,Dmitri Sarafutdinov,dmitrisarafutdinov,DFFC
Dmitri Vadimovich Golubev,Dmitri Vadimovich Golubev,dmitrivadimovichgolubev,DFFC
Dmitrijs Trefilovs,Dmitrijs Trefilovs,dmitrijstrefilovs,DFFC
Dmitriy Safronov,Dmitriy Safronov,dmitriysafronov,DFFC
Dmitry Bykov,Dmitry Bykov,dmitrybykov,DFFC
Dmitry Gudanov,Dmitry Gudanov,dmitrygudanov,DFFC
Dmitry Kharatyan,Dmitry Kharatyan,dmitrykharatyan,DFFC
Dmitry Khvostov,Dmitry Khvostov,dmitrykhvostov,DFFC
Dmitry Klokov,Dmitry Klokov,dmitryklokov,DFFC
Dmitry Koldun,Dmitry Koldun,dmitrykoldun,DFFC
Dmitry Kulagin,Dmitry Kulagin,dmitrykulagin,DFFC
Dmitry Peskov,Dmitry Peskov,dmitrypeskov,DFFC
Dmitry Rybolovlev,Dmitry Rybolovlev,dmitryrybolovlev,DFFC
Dmytro Boiko,Dmytro Boiko,dmytroboiko,DFFC
Dmytro Chygrynskiy,Dmytro Chygrynskiy,dmytrochygrynskiy,DFFC
Dobri Dobrev,Dobri Dobrev,dobridobrev,DFFC
Doc Hendley,Doc Hendley,dochendley,DFFC
Doc Shaw,Doc Shaw,docshaw,DFFC
Doc Watson,Doc Watson,docwatson,DFFC
Dody Weston Thompson,Dody Weston Thompson,dodywestonthompson,DFFC
Dodô,Dodô,dod,DFFC
Dolly Buster,Dolly Buster,dollybuster,DFFC
Dolores Gray,Dolores Gray,doloresgray,DFFC
Dolores Michaels,Dolores Michaels,doloresmichaels,DFFC
Dom Capers,Dom Capers,domcapers,DFFC
Dom DeLuise,Dom DeLuise,domdeluise,DFFC
Dom Moselle,Dom Moselle,dommoselle,DFFC
Dom Tyson,Dom Tyson,domtyson,DFFC
Domagoj Duvnjak,Domagoj Duvnjak,domagojduvnjak,DFFC
Domagoj Vida,Domagoj Vida,domagojvida,DFFC
Domenico Pozzovivo,Domenico Pozzovivo,domenicopozzovivo,DFFC
Domenik Hixon,Domenik Hixon,domenikhixon,DFFC
Dominic Armato,Dominic Armato,dominicarmato,DFFC
Dominic Burns,Dominic Burns,dominicburns,DFFC
Dominic Iorfa,Dominic Iorfa,dominiciorfa,DFFC
Dominic Monaghan,Dominic Monaghan,dominicmonaghan,DFFC
Dominic Poleon,Dominic Poleon,dominicpoleon,DFFC
Dominic Smith,Dominic Smith,dominicsmith,DFFC
Dominik Bochenek,Dominik Bochenek,dominikbochenek,DFFC
Dominik Fischnaller,Dominik Fischnaller,dominikfischnaller,DFFC
Dominik Nerz,Dominik Nerz,dominiknerz,DFFC
Dominika Piątkowska,Dominika Piątkowska,dominikapitkowska,DFFC
Dominika Červenková,Dominika Červenková,dominikaervenkov,DFFC
Dominique A,Dominique A,dominiquea,DFFC
Dominique Arnould,Dominique Arnould,dominiquearnould,DFFC
Dominique Dawes,Dominique Dawes,dominiquedawes,DFFC
Dominique Desseigne,Dominique Desseigne,dominiquedesseigne,DFFC
Dominique Farrugia,Dominique Farrugia,dominiquefarrugia,DFFC
Dominique Gisin,Dominique Gisin,dominiquegisin,DFFC
Dominique Moceanu,Dominique Moceanu,dominiquemoceanu,DFFC
Dominique Reynié,Dominique Reynié,dominiquereyni,DFFC
Dominique Rollin,Dominique Rollin,dominiquerollin,DFFC
Dominique Sanda,Dominique Sanda,dominiquesanda,DFFC
Dominique Searle,Dominique Searle,dominiquesearle,DFFC
Domino Harvey,Domino Harvey,dominoharvey,DFFC
Don Baker,Don Baker,donbaker,DFFC
Don Baylor,Don Baylor,donbaylor,DFFC
Don Bluth,Don Bluth,donbluth,DFFC
Don Braden,Don Braden,donbraden,DFFC
Don Burke,Don Burke,donburke,DFFC
Don Cooper,Don Cooper,doncooper,DFFC
Don Dokken,Don Dokken,dondokken,DFFC
Don Hay,Don Hay,donhay,DFFC
Don Heinrich,Don Heinrich,donheinrich,DFFC
Don James,Don James,donjames,DFFC
Don Laws,Don Laws,donlaws,DFFC
Don Letts,Don Letts,donletts,DFFC
Don Mancini,Don Mancini,donmancini,DFFC
Don Mattrick,Don Mattrick,donmattrick,DFFC
Don McCullin,Don McCullin,donmccullin,DFFC
Don McGlashan,Don McGlashan,donmcglashan,DFFC
Don McGregor,Don McGregor,donmcgregor,DFFC
Don McNeill,Don McNeill,donmcneill,DFFC
Don Mueller,Don Mueller,donmueller,DFFC
Don Nelson,Don Nelson,donnelson,DFFC
Don Perlin,Don Perlin,donperlin,DFFC
Don Raffell,Don Raffell,donraffell,DFFC
Don Shelby,Don Shelby,donshelby,DFFC
Don Shula,Don Shula,donshula,DFFC
Don Suggs,Don Suggs,donsuggs,DFFC
Donal Logue,Donal Logue,donallogue,DFFC
Donald B. Gillies,Donald B Gillies,donaldbgillies,DFFC
Donald Dell,Donald Dell,donalddell,DFFC
Donald Faison,Donald Faison,donaldfaison,DFFC
Donald Glover,Donald Glover,donaldglover,DFFC
Donald Hopkins,Donald Hopkins,donaldhopkins,DFFC
Donald Jones,Donald Jones,donaldjones,DFFC
Donald Knuth,Donald Knuth,donaldknuth,DFFC
Donald N. Levine,Donald N Levine,donaldnlevine,DFFC
Donald Pleasence,Donald Pleasence,donaldpleasence,DFFC
Donald Sloan,Donald Sloan,donaldsloan,DFFC
Donald Sutherland,Donald Sutherland,donaldsutherland,DFFC
Donald Thomas,Donald Thomas,donaldthomas,DFFC
Donald Trump,Donald Trump,donaldtrump,DFFC
Donald Young,Donald Young,donaldyoung,DFFC
Donatan,Donatan,donatan,DFFC
Donatas Motiejūnas,Donatas Motiejūnas,donatasmotiejnas,DFFC
Dong Huibo,Dong Huibo,donghuibo,DFFC
Donna D'Errico,Donna D'Errico,donnaderrico,DFFC
Donna De Lory,Donna De Lory,donnadelory,DFFC
Donna Haraway,Donna Haraway,donnaharaway,DFFC
Donna Jean Godchaux,Donna Jean Godchaux,donnajeangodchaux,DFFC
Donna Murphy,Donna Murphy,donnamurphy,DFFC
Donnie Tyndall,Donnie Tyndall,donnietyndall,DFFC
Donovan Ricketts,Donovan Ricketts,donovanricketts,DFFC
Donovan Strain,Donovan Strain,donovanstrain,DFFC
Dontaye Draper,Dontaye Draper,dontayedraper,DFFC
Donte Moncrief,Donte Moncrief,dontemoncrief,DFFC
Dori Ghezzi,Dori Ghezzi,dorighezzi,DFFC
Dorian Gregory,Dorian Gregory,doriangregory,DFFC
Dorian Rogozenko,Dorian Rogozenko,dorianrogozenko,DFFC
Dorinel Munteanu,Dorinel Munteanu,dorinelmunteanu,DFFC
Doris Schweizer,Doris Schweizer,dorisschweizer,DFFC
Doro,Doro,doro,DFFC
Doron Sheffer,Doron Sheffer,doronsheffer,DFFC
Dorothea Lasky,Dorothea Lasky,dorothealasky,DFFC
Dorothy Bush Koch,Dorothy Bush Koch,dorothybushkoch,DFFC
Dorothy Hamill,Dorothy Hamill,dorothyhamill,DFFC
Dorthe Skappel,Dorthe Skappel,dortheskappel,DFFC
Dossa Júnior,Dossa Júnior,dossajnior,DFFC
Dottie Alexander,Dottie Alexander,dottiealexander,DFFC
Doug Atkins,Doug Atkins,dougatkins,DFFC
Doug Benson,Doug Benson,dougbenson,DFFC
Doug Bresler,Doug Bresler,dougbresler,DFFC
Doug Dieken,Doug Dieken,dougdieken,DFFC
Doug Ellis,Doug Ellis,dougellis,DFFC
Doug Fieger,Doug Fieger,dougfieger,DFFC
Doug Goldsby,Doug Goldsby,douggoldsby,DFFC
Doug Harvey,Doug Harvey,dougharvey,DFFC
Doug Imbruce,Doug Imbruce,dougimbruce,DFFC
Doug Jarrett,Doug Jarrett,dougjarrett,DFFC
Doug Jones,Doug Jones,dougjones,DFFC
Doug Legursky,Doug Legursky,douglegursky,DFFC
Doug MacLean,Doug MacLean,dougmaclean,DFFC
Doug Martin,Doug Martin,dougmartin,DFFC
Douglas A. Zembiec,Douglas A Zembiec,douglasazembiec,DFFC
Douglas Brinkley,Douglas Brinkley,douglasbrinkley,DFFC
"Douglas Fairbanks, Jr.","Douglas Fairbanks, Jr",douglasfairbanksjr,DFFC
Douglas Flint,Douglas Flint,douglasflint,DFFC
Douglas Hofstadter,Douglas Hofstadter,douglashofstadter,DFFC
Douglas Murray,Douglas Murray,douglasmurray,DFFC
Douglas Youvan,Douglas Youvan,douglasyouvan,DFFC
Dougray Scott,Dougray Scott,dougrayscott,DFFC
Doutzen Kroes,Doutzen Kroes,doutzenkroes,DFFC
Dovima,Dovima,dovima,DFFC
Doyle Bramhall II,Doyle Bramhall II,doylebramhallii,DFFC
Doyle Dykes,Doyle Dykes,doyledykes,DFFC
Draft:Donald Alfred Rees,Draft:Donald Alfred Rees,draftdonaldalfredrees,DFFC
Draft:Pradeep Kashyap,Draft:Pradeep Kashyap,draftpradeepkashyap,DFFC
Draft:Randi Lesnick,Draft:Randi Lesnick,draftrandilesnick,DFFC
Dragan Milosavljević,Dragan Milosavljević,draganmilosavljevi,DFFC
Dragoslav Stepanović,Dragoslav Stepanović,dragoslavstepanovi,DFFC
"Drayton McLane, Jr.","Drayton McLane, Jr",draytonmclanejr,DFFC
Drea de Matteo,Drea de Matteo,dreadematteo,DFFC
Dreama Walker,Dreama Walker,dreamawalker,DFFC
Dree Hemingway,Dree Hemingway,dreehemingway,DFFC
Drena De Niro,Drena De Niro,drenadeniro,DFFC
Drew Barrymore,Drew Barrymore,drewbarrymore,DFFC
Drew Galloway,Drew Galloway,drewgalloway,DFFC
Drew Gooden,Drew Gooden,drewgooden,DFFC
Drew Gulak,Drew Gulak,drewgulak,DFFC
Drew Hankinson,Drew Hankinson,drewhankinson,DFFC
Drew Houston,Drew Houston,drewhouston,DFFC
Drew Karpyshyn,Drew Karpyshyn,drewkarpyshyn,DFFC
Drew Moor,Drew Moor,drewmoor,DFFC
Drew Rosenhaus,Drew Rosenhaus,drewrosenhaus,DFFC
Drew Stanton,Drew Stanton,drewstanton,DFFC
Drew Sutton,Drew Sutton,drewsutton,DFFC
Drew Weatherford,Drew Weatherford,drewweatherford,DFFC
Dries Mertens,Dries Mertens,driesmertens,DFFC
Drisan James,Drisan James,drisanjames,DFFC
Dror Bar-Natan,Dror Bar-Natan,drorbarnatan,DFFC
Dror Zahavi,Dror Zahavi,drorzahavi,DFFC
Duane Brown,Duane Brown,duanebrown,DFFC
Duane Chapman,Duane Chapman,duanechapman,DFFC
Duane Eddy,Duane Eddy,duaneeddy,DFFC
Duane Josephson,Duane Josephson,duanejosephson,DFFC
Duane Ludwig,Duane Ludwig,duaneludwig,DFFC
Duane Rupp,Duane Rupp,duanerupp,DFFC
Duane Solomon,Duane Solomon,duanesolomon,DFFC
Dub Jones,Dub Jones,dubjones,DFFC
Dudu Aouate,Dudu Aouate,duduaouate,DFFC
Duje Ćaleta-Car,Duje Ćaleta-Car,dujealetacar,DFFC
Duke Droese,Duke Droese,dukedroese,DFFC
Duke Iversen,Duke Iversen,dukeiversen,DFFC
Dulce María,Dulce María,dulcemara,DFFC
Dulé Hill,Dulé Hill,dulhill,DFFC
Dumitru Prunariu,Dumitru Prunariu,dumitruprunariu,DFFC
Duncan Campbell,Duncan Campbell,duncancampbell,DFFC
Duncan David Elias,Duncan David Elias,duncandavidelias,DFFC
Duncan Ferguson,Duncan Ferguson,duncanferguson,DFFC
Duncan J. Watts,Duncan J Watts,duncanjwatts,DFFC
Duncan Jones,Duncan Jones,duncanjones,DFFC
Duncan Keith,Duncan Keith,duncankeith,DFFC
Duncan Lamont,Duncan Lamont,duncanlamont,DFFC
Dusa McDuff,Dusa McDuff,dusamcduff,DFFC
Dustin Byfuglien,Dustin Byfuglien,dustinbyfuglien,DFFC
Dustin Lanker,Dustin Lanker,dustinlanker,DFFC
Dustin Lynch,Dustin Lynch,dustinlynch,DFFC
Dusty Springfield,Dusty Springfield,dustyspringfield,DFFC
Dutch Mantel,Dutch Mantel,dutchmantel,DFFC
Duván Zapata,Duván Zapata,duvnzapata,DFFC
Dušan Anđelković,Dušan Anđelković,duananelkovi,DFFC
Dušan Ivković,Dušan Ivković,duanivkovi,DFFC
Dušan Repovš,Dušan Repovš,duanrepov,DFFC
Dušan Ristić,Dušan Ristić,duanristi,DFFC
Dušan Đorđević,Dušan Đorđević,duanorevi,DFFC
Duško Bunić,Duško Bunić,dukobuni,DFFC
Duško Pavasovič,Duško Pavasovič,dukopavasovi,DFFC
Duško Savanović,Duško Savanović,dukosavanovi,DFFC
Duško Tošić,Duško Tošić,dukotoi,DFFC
Duško Vujošević,Duško Vujošević,dukovujoevi,DFFC
Dwayne Bowe,Dwayne Bowe,dwaynebowe,DFFC
Dwayne Murphy,Dwayne Murphy,dwaynemurphy,DFFC
Dweezil Zappa,Dweezil Zappa,dweezilzappa,DFFC
Dwight Howard,Dwight Howard,dwighthoward,DFFC
Dwight Schultz,Dwight Schultz,dwightschultz,DFFC
Dwyane Wade,Dwyane Wade,dwyanewade,DFFC
Dylan Larkin,Dylan Larkin,dylanlarkin,DFFC
Dylan Macallister,Dylan Macallister,dylanmacallister,DFFC
Dylan McDermott,Dylan McDermott,dylanmcdermott,DFFC
Dylan Moran,Dylan Moran,dylanmoran,DFFC
Dylan Moscovitch,Dylan Moscovitch,dylanmoscovitch,DFFC
Dylan O'Brien,Dylan O'Brien,dylanobrien,DFFC
Dylan Teuns,Dylan Teuns,dylanteuns,DFFC
Dylan and Cole Sprouse,Dylan and Cole Sprouse,dylanandcolesprouse,DFFC
Dávid Gróf,Dávid Gróf,dvidgrf,DFFC
Dáša Vokatá,Dáša Vokatá,davokat,DFFC
Dídac Vilà,Dídac Vilà,ddacvil,DFFC
Dóra Stefánsdóttir,Dóra Stefánsdóttir,drastefnsdttir,DFFC
Dóra Zeller,Dóra Zeller,drazeller,DFFC
E. C. Duggins,EC Duggins,ecduggins,DFFC
E. Ethelbert Miller,E Ethelbert Miller,eethelbertmiller,DFFC
E. Hoffmann Price,E Hoffmann Price,ehoffmannprice,DFFC
E. L. James,EL James,eljames,DFFC
E. Neville Isdell,E Neville Isdell,enevilleisdell,DFFC
E. R. Minchew,ER Minchew,erminchew,DFFC
Earl Falconer,Earl Falconer,earlfalconer,DFFC
Earl King,Earl King,earlking,DFFC
Earl McCullouch,Earl McCullouch,earlmccullouch,DFFC
Earl Mindell,Earl Mindell,earlmindell,DFFC
Earl Murray,Earl Murray,earlmurray,DFFC
Earl Watson,Earl Watson,earlwatson,DFFC
Earl Weaver,Earl Weaver,earlweaver,DFFC
Earle Edwards,Earle Edwards,earleedwards,DFFC
Eazy-E,Eazy-E,eazye,DFFC
Eben Britton,Eben Britton,ebenbritton,DFFC
Ebrahim Sadeghi,Ebrahim Sadeghi,ebrahimsadeghi,DFFC
Ece Türkoğlu,Ece Türkoğlu,ecetrkolu,DFFC
Ed Asafu-Adjaye,Ed Asafu-Adjaye,edasafuadjaye,DFFC
Ed Ball,Ed Ball,edball,DFFC
Ed Boon,Ed Boon,edboon,DFFC
Ed Brubaker,Ed Brubaker,edbrubaker,DFFC
Ed Clancy,Ed Clancy,edclancy,DFFC
Ed Correa,Ed Correa,edcorrea,DFFC
Ed Dickson,Ed Dickson,eddickson,DFFC
Ed Droste,Ed Droste,eddroste,DFFC
Ed Grothus,Ed Grothus,edgrothus,DFFC
Ed Hamilton,Ed Hamilton,edhamilton,DFFC
Ed Helms,Ed Helms,edhelms,DFFC
Ed Hickox,Ed Hickox,edhickox,DFFC
Ed Husain,Ed Husain,edhusain,DFFC
Ed Mirvish,Ed Mirvish,edmirvish,DFFC
Ed O'Bannon,Ed O'Bannon,edobannon,DFFC
Ed O'Brien,Ed O'Brien,edobrien,DFFC
Ed Petrie,Ed Petrie,edpetrie,DFFC
Ed Quinn,Ed Quinn,edquinn,DFFC
Ed Quirk,Ed Quirk,edquirk,DFFC
Ed Robertson,Ed Robertson,edrobertson,DFFC
Ed Sedar,Ed Sedar,edsedar,DFFC
Ed Speleers,Ed Speleers,edspeleers,DFFC
Ed Starink,Ed Starink,edstarink,DFFC
Ed Taʻamu,Ed Taʻamu,edtaamu,DFFC
Ed Wynne,Ed Wynne,edwynne,DFFC
Edd China,Edd China,eddchina,DFFC
Edda Garðarsdóttir,Edda Garðarsdóttir,eddagararsdttir,DFFC
Eddie Bayers,Eddie Bayers,eddiebayers,DFFC
Eddie Bo,Eddie Bo,eddiebo,DFFC
Eddie Cheever,Eddie Cheever,eddiecheever,DFFC
Eddie Griffin,Eddie Griffin,eddiegriffin,DFFC
Eddie Gómez,Eddie Gómez,eddiegmez,DFFC
Eddie Hill,Eddie Hill,eddiehill,DFFC
Eddie Howe,Eddie Howe,eddiehowe,DFFC
Eddie Izzard,Eddie Izzard,eddieizzard,DFFC
Eddie Johnson,Eddie Johnson,eddiejohnson,DFFC
Eddie Kingston,Eddie Kingston,eddiekingston,DFFC
Eddie Kirkland,Eddie Kirkland,eddiekirkland,DFFC
Eddie Lacy,Eddie Lacy,eddielacy,DFFC
Eddie Layton,Eddie Layton,eddielayton,DFFC
Eddie Mekka,Eddie Mekka,eddiemekka,DFFC
Eddie Money,Eddie Money,eddiemoney,DFFC
Eddie Murphy,Eddie Murphy,eddiemurphy,DFFC
Eddie Murray,Eddie Murray,eddiemurray,DFFC
Eddie Odhiambo,Eddie Odhiambo,eddieodhiambo,DFFC
Eddie Price,Eddie Price,eddieprice,DFFC
Eddie Pérez,Eddie Pérez,eddieprez,DFFC
Eddie Royal,Eddie Royal,eddieroyal,DFFC
Eddie Vedder,Eddie Vedder,eddievedder,DFFC
Eddy Clearwater,Eddy Clearwater,eddyclearwater,DFFC
Eddy Curry,Eddy Curry,eddycurry,DFFC
Edele Lynch,Edele Lynch,edelelynch,DFFC
Eden Stiles,Eden Stiles,edenstiles,DFFC
Edgar Heap of Birds,Edgar Heap of Birds,edgarheapofbirds,DFFC
Edgar Schmued,Edgar Schmued,edgarschmued,DFFC
Edgar de Evia,Edgar de Evia,edgardeevia,DFFC
Edgardo Alfonzo,Edgardo Alfonzo,edgardoalfonzo,DFFC
Edge,Edge,edge,DFFC
Edi Gathegi,Edi Gathegi,edigathegi,DFFC
Edie Brickell,Edie Brickell,ediebrickell,DFFC
Edin Džeko,Edin Džeko,edindeko,DFFC
Edina Gallovits-Hall,Edina Gallovits-Hall,edinagallovitshall,DFFC
Edinson Cavani,Edinson Cavani,edinsoncavani,DFFC
Edit Miklós,Edit Miklós,editmikls,DFFC
Edita Abdieski,Edita Abdieski,editaabdieski,DFFC
Edith Evans Asbury,Edith Evans Asbury,edithevansasbury,DFFC
Edith Massey,Edith Massey,edithmassey,DFFC
Edith McGuire,Edith McGuire,edithmcguire,DFFC
Edith de Leeuw,Edith de Leeuw,edithdeleeuw,DFFC
Edmar Halovskyi de Lacerda,Edmar Halovskyi de Lacerda,edmarhalovskyidelacerda,DFFC
Edmond Baudoin,Edmond Baudoin,edmondbaudoin,DFFC
Edmond Bezik,Edmond Bezik,edmondbezik,DFFC
Edmond Kapllani,Edmond Kapllani,edmondkapllani,DFFC
Edmund Hlawka,Edmund Hlawka,edmundhlawka,DFFC
Edmundo Paz Soldán,Edmundo Paz Soldán,edmundopazsoldn,DFFC
Edo de Waart,Edo de Waart,edodewaart,DFFC
Edouard Borovansky,Edouard Borovansky,edouardborovansky,DFFC
Edsel Ford Fong,Edsel Ford Fong,edselfordfong,DFFC
Edu Bedia,Edu Bedia,edubedia,DFFC
Eduar Villanueva,Eduar Villanueva,eduarvillanueva,DFFC
Eduard Khil,Eduard Khil,eduardkhil,DFFC
Eduard Limonov,Eduard Limonov,eduardlimonov,DFFC
Eduard Sobol,Eduard Sobol,eduardsobol,DFFC
Eduardas Rozentalis,Eduardas Rozentalis,eduardasrozentalis,DFFC
Eduardo Galeano,Eduardo Galeano,eduardogaleano,DFFC
Eduardo Guerrero,Eduardo Guerrero,eduardoguerrero,DFFC
Eduardo Malásquez,Eduardo Malásquez,eduardomalsquez,DFFC
Eduardo Montes-Bradley,Eduardo Montes-Bradley,eduardomontesbradley,DFFC
Eduardo Ratinho,Eduardo Ratinho,eduardoratinho,DFFC
Eduardo Romero,Eduardo Romero,eduardoromero,DFFC
Eduardo Vargas,Eduardo Vargas,eduardovargas,DFFC
Eduardo Xol,Eduardo Xol,eduardoxol,DFFC
Eduardo da Silva,Eduardo da Silva,eduardodasilva,DFFC
Edvald Boasson Hagen,Edvald Boasson Hagen,edvaldboassonhagen,DFFC
Edvard Moser,Edvard Moser,edvardmoser,DFFC
Edvin Adolphson,Edvin Adolphson,edvinadolphson,DFFC
Edvin Ozolin,Edvin Ozolin,edvinozolin,DFFC
Edward Burns,Edward Burns,edwardburns,DFFC
Edward C. Stone,Edward C Stone,edwardcstone,DFFC
Edward Etzel,Edward Etzel,edwardetzel,DFFC
Edward Hibbert,Edward Hibbert,edwardhibbert,DFFC
Edward Kitsis,Edward Kitsis,edwardkitsis,DFFC
Edward Langille,Edward Langille,edwardlangille,DFFC
Edward Norton,Edward Norton,edwardnorton,DFFC
Edward S. Michael,Edward S Michael,edwardsmichael,DFFC
Edward Tufte,Edward Tufte,edwardtufte,DFFC
Edward Witten,Edward Witten,edwardwitten,DFFC
"Edwin Bramall, Baron Bramall","Edwin Bramall, Baron Bramall",edwinbramallbaronbramall,DFFC
Edwin Cardona,Edwin Cardona,edwincardona,DFFC
Edwin Moses,Edwin Moses,edwinmoses,DFFC
Edwin Neal,Edwin Neal,edwinneal,DFFC
Edyta Śliwińska,Edyta Śliwińska,edytaliwiska,DFFC
Edzard Reuter,Edzard Reuter,edzardreuter,DFFC
Eero Haapala,Eero Haapala,eerohaapala,DFFC
Efraim Zuroff,Efraim Zuroff,efraimzuroff,DFFC
Efren Ramirez,Efren Ramirez,efrenramirez,DFFC
Egemen Korkmaz,Egemen Korkmaz,egemenkorkmaz,DFFC
Egidio Arévalo,Egidio Arévalo,egidioarvalo,DFFC
Eglė Balčiūnaitė,Eglė Balčiūnaitė,eglbalinait,DFFC
Ego Ferguson,Ego Ferguson,egoferguson,DFFC
Egoi Martínez,Egoi Martínez,egoimartnez,DFFC
Egor Filipenko,Egor Filipenko,egorfilipenko,DFFC
Egor Zakroev,Egor Zakroev,egorzakroev,DFFC
Ehsan Hajsafi,Ehsan Hajsafi,ehsanhajsafi,DFFC
Ehud Kalai,Ehud Kalai,ehudkalai,DFFC
Ehíré Adríanza,Ehíré Adríanza,ehradranza,DFFC
Eiji Aonuma,Eiji Aonuma,eijiaonuma,DFFC
Eike Batista,Eike Batista,eikebatista,DFFC
Eileen Brennan,Eileen Brennan,eileenbrennan,DFFC
Eileen Davidson,Eileen Davidson,eileendavidson,DFFC
Eileen Heckart,Eileen Heckart,eileenheckart,DFFC
Eileen Roe,Eileen Roe,eileenroe,DFFC
Eilen Jewell,Eilen Jewell,eilenjewell,DFFC
Eilidh Child,Eilidh Child,eilidhchild,DFFC
Einar Økland,Einar Økland,einarkland,DFFC
Eion Bailey,Eion Bailey,eionbailey,DFFC
Eirian Smith,Eirian Smith,eiriansmith,DFFC
Eivind Henriksen,Eivind Henriksen,eivindhenriksen,DFFC
Ekaterina Gordeeva,Ekaterina Gordeeva,ekaterinagordeeva,DFFC
Ekaterina Kovalevskaya,Ekaterina Kovalevskaya,ekaterinakovalevskaya,DFFC
Ekaterina Mikhailova-Demina,Ekaterina Mikhailova-Demina,ekaterinamikhailovademina,DFFC
Ekaterina Poistogova,Ekaterina Poistogova,ekaterinapoistogova,DFFC
Ekaterina Riazanova,Ekaterina Riazanova,ekaterinariazanova,DFFC
Ekaterina Rubleva,Ekaterina Rubleva,ekaterinarubleva,DFFC
Ekaterina Sheremetieva,Ekaterina Sheremetieva,ekaterinasheremetieva,DFFC
El Amin Chentouf,El Amin Chentouf,elaminchentouf,DFFC
El Fisgón,El Fisgón,elfisgn,DFFC
El Hijo de Rey Misterio,El Hijo de Rey Misterio,elhijodereymisterio,DFFC
ElRay L. Christiansen,ElRay L Christiansen,elraylchristiansen,DFFC
Ela Bhatt,Ela Bhatt,elabhatt,DFFC
Elaine Estrela Moura,Elaine Estrela Moura,elaineestrelamoura,DFFC
Elaine Stritch,Elaine Stritch,elainestritch,DFFC
Elan Lee,Elan Lee,elanlee,DFFC
Elazar Stern,Elazar Stern,elazarstern,DFFC
Eldar Gasimov,Eldar Gasimov,eldargasimov,DFFC
Eleanor Mondale,Eleanor Mondale,eleanormondale,DFFC
Eleanor Sanger,Eleanor Sanger,eleanorsanger,DFFC
Eleftheria Eleftheriou,Eleftheria Eleftheriou,eleftheriaeleftheriou,DFFC
Elena Belova,Elena Belova,elenabelova,DFFC
Elena Brejniva,Elena Brejniva,elenabrejniva,DFFC
Elena Congost Mohedano,Elena Congost Mohedano,elenacongostmohedano,DFFC
Elena Efaieva,Elena Efaieva,elenaefaieva,DFFC
Elena Fatalibekova,Elena Fatalibekova,elenafatalibekova,DFFC
Elena Ionescu,Elena Ionescu,elenaionescu,DFFC
Elena Leeve,Elena Leeve,elenaleeve,DFFC
Elena Liashenko,Elena Liashenko,elenaliashenko,DFFC
Elena Oznobkina,Elena Oznobkina,elenaoznobkina,DFFC
Elena Pautova,Elena Pautova,elenapautova,DFFC
Elena Poniatowska,Elena Poniatowska,elenaponiatowska,DFFC
Elena Radionova,Elena Radionova,elenaradionova,DFFC
Elena Sedina,Elena Sedina,elenasedina,DFFC
Elena Sofia Ricci,Elena Sofia Ricci,elenasofiaricci,DFFC
Elena Tchaikovskaia,Elena Tchaikovskaia,elenatchaikovskaia,DFFC
Elene Gedevanishvili,Elene Gedevanishvili,elenegedevanishvili,DFFC
Eleonora Pedron,Eleonora Pedron,eleonorapedron,DFFC
Eleonora Romanova,Eleonora Romanova,eleonoraromanova,DFFC
Eleonore Weisgerber,Eleonore Weisgerber,eleonoreweisgerber,DFFC
Elfyn Evans,Elfyn Evans,elfynevans,DFFC
Elhaida Dani,Elhaida Dani,elhaidadani,DFFC
Eli Dasa,Eli Dasa,elidasa,DFFC
Eli Manning,Eli Manning,elimanning,DFFC
Eli Marom,Eli Marom,elimarom,DFFC
Eli Pariser,Eli Pariser,elipariser,DFFC
Eliaquim Mangala,Eliaquim Mangala,eliaquimmangala,DFFC
Elias Harris,Elias Harris,eliasharris,DFFC
Eliezer Yudkowsky,Eliezer Yudkowsky,eliezeryudkowsky,DFFC
Elijah Kelley,Elijah Kelley,elijahkelley,DFFC
Elijah Wood,Elijah Wood,elijahwood,DFFC
Elin Bergman,Elin Bergman,elinbergman,DFFC
Elina Knihtilä,Elina Knihtilä,elinaknihtil,DFFC
Elina Svitolina,Elina Svitolina,elinasvitolina,DFFC
Eline Berings,Eline Berings,elineberings,DFFC
Elinor Barker,Elinor Barker,elinorbarker,DFFC
Elis Paprika,Elis Paprika,elispaprika,DFFC
Elisa,Elisa,elisa,DFFC
Elisa Bridges,Elisa Bridges,elisabridges,DFFC
Elisa Lindström,Elisa Lindström,elisalindstrm,DFFC
Elisabeth Eberl,Elisabeth Eberl,elisabetheberl,DFFC
Elisabeth Moss,Elisabeth Moss,elisabethmoss,DFFC
Elisabeth Osl,Elisabeth Osl,elisabethosl,DFFC
Elisabeth Shue,Elisabeth Shue,elisabethshue,DFFC
Elisabeth Sladen,Elisabeth Sladen,elisabethsladen,DFFC
Elise Kellond-Knight,Elise Kellond-Knight,elisekellondknight,DFFC
Elise Mertens,Elise Mertens,elisemertens,DFFC
Eliseo Medina,Eliseo Medina,eliseomedina,DFFC
Elitsa Kostova,Elitsa Kostova,elitsakostova,DFFC
Eliza Bennett,Eliza Bennett,elizabennett,DFFC
Eliza Dushku,Eliza Dushku,elizadushku,DFFC
Eliza Taylor,Eliza Taylor,elizataylor,DFFC
Elizabeth Bear,Elizabeth Bear,elizabethbear,DFFC
Elizabeth Blackburn,Elizabeth Blackburn,elizabethblackburn,DFFC
Elizabeth Edwards,Elizabeth Edwards,elizabethedwards,DFFC
Elizabeth Emken,Elizabeth Emken,elizabethemken,DFFC
Elizabeth Gillies,Elizabeth Gillies,elizabethgillies,DFFC
Elizabeth Henstridge,Elizabeth Henstridge,elizabethhenstridge,DFFC
Elizabeth Hurley,Elizabeth Hurley,elizabethhurley,DFFC
Elizabeth J. Feinler,Elizabeth J Feinler,elizabethjfeinler,DFFC
Elizabeth Manley,Elizabeth Manley,elizabethmanley,DFFC
Elizabeth Marie Pope,Elizabeth Marie Pope,elizabethmariepope,DFFC
Elizabeth Miklosi,Elizabeth Miklosi,elizabethmiklosi,DFFC
Elizabeth Olsen,Elizabeth Olsen,elizabetholsen,DFFC
Elizabeth Rodriguez,Elizabeth Rodriguez,elizabethrodriguez,DFFC
Elizabeth Smart,Elizabeth Smart,elizabethsmart,DFFC
Elizabeth Wurtzel,Elizabeth Wurtzel,elizabethwurtzel,DFFC
Elizaveta Golovanova,Elizaveta Golovanova,elizavetagolovanova,DFFC
Elizaveta Tuktamysheva,Elizaveta Tuktamysheva,elizavetatuktamysheva,DFFC
Eliška Klučinová,Eliška Klučinová,elikakluinov,DFFC
Elke Gebhardt,Elke Gebhardt,elkegebhardt,DFFC
Ella Eyre,Ella Eyre,ellaeyre,DFFC
Ella Gjømle Berg,Ella Gjømle Berg,ellagjmleberg,DFFC
Ella Henderson,Ella Henderson,ellahenderson,DFFC
Ella Hooper,Ella Hooper,ellahooper,DFFC
Elladj Baldé,Elladj Baldé,elladjbald,DFFC
Ellar Coltrane,Ellar Coltrane,ellarcoltrane,DFFC
Ellen Andrea Wang,Ellen Andrea Wang,ellenandreawang,DFFC
Ellen Burka,Ellen Burka,ellenburka,DFFC
Ellen Burstyn,Ellen Burstyn,ellenburstyn,DFFC
Ellen Malcolm,Ellen Malcolm,ellenmalcolm,DFFC
Ellen Page,Ellen Page,ellenpage,DFFC
Ellen Pompeo,Ellen Pompeo,ellenpompeo,DFFC
Ellery Schempp,Ellery Schempp,elleryschempp,DFFC
Ellery Williams,Ellery Williams,ellerywilliams,DFFC
Elli Ochowicz,Elli Ochowicz,elliochowicz,DFFC
Ellie Brush,Ellie Brush,elliebrush,DFFC
Ellie Cole,Ellie Cole,elliecole,DFFC
Ellie Simmonds,Ellie Simmonds,elliesimmonds,DFFC
Elliot Lee,Elliot Lee,elliotlee,DFFC
Elliott Sadler,Elliott Sadler,elliottsadler,DFFC
Elliott Smith,Elliott Smith,elliottsmith,DFFC
Elliott Yamin,Elliott Yamin,elliottyamin,DFFC
"Ellis Marsalis, Jr.","Ellis Marsalis, Jr",ellismarsalisjr,DFFC
Elmer Burnham,Elmer Burnham,elmerburnham,DFFC
Elmo Shropshire,Elmo Shropshire,elmoshropshire,DFFC
Elmore Leonard,Elmore Leonard,elmoreleonard,DFFC
Eloise Mumford,Eloise Mumford,eloisemumford,DFFC
Eloy Teruel,Eloy Teruel,eloyteruel,DFFC
Elrod Hendricks,Elrod Hendricks,elrodhendricks,DFFC
Elsa García,Elsa García,elsagarca,DFFC
Elsa Zylberstein,Elsa Zylberstein,elsazylberstein,DFFC
Elseid Hysaj,Elseid Hysaj,elseidhysaj,DFFC
Elspeth Hanson,Elspeth Hanson,elspethhanson,DFFC
Eltaj Safarli,Eltaj Safarli,eltajsafarli,DFFC
Elton Brown,Elton Brown,eltonbrown,DFFC
Eluvathingal Devassy Jemmis,Eluvathingal Devassy Jemmis,eluvathingaldevassyjemmis,DFFC
Elvin Bishop,Elvin Bishop,elvinbishop,DFFC
Elvio van Overbeek,Elvio van Overbeek,elviovanoverbeek,DFFC
Elvir Laković Laka,Elvir Laković Laka,elvirlakovilaka,DFFC
Elvis Blue,Elvis Blue,elvisblue,DFFC
Elvis Dumervil,Elvis Dumervil,elvisdumervil,DFFC
Elvis Duran,Elvis Duran,elvisduran,DFFC
Elvis Mitchell,Elvis Mitchell,elvismitchell,DFFC
Elvīra Ozoliņa,Elvīra Ozoliņa,elvraozolia,DFFC
Elwyn Brook-Jones,Elwyn Brook-Jones,elwynbrookjones,DFFC
Elyse Levesque,Elyse Levesque,elyselevesque,DFFC
Elías Sosa,Elías Sosa,elassosa,DFFC
Elżbieta Kowalska,Elżbieta Kowalska,elbietakowalska,DFFC
Emad Ayasrah,Emad Ayasrah,emadayasrah,DFFC
Emade,Emade,emade,DFFC
Emancipator,Emancipator,emancipator,DFFC
Emanuel Biancucchi,Emanuel Biancucchi,emanuelbiancucchi,DFFC
Emanuel Cook,Emanuel Cook,emanuelcook,DFFC
Emanuel Mayers,Emanuel Mayers,emanuelmayers,DFFC
Emanuel Silva,Emanuel Silva,emanuelsilva,DFFC
Emanuela de Paula,Emanuela de Paula,emanueladepaula,DFFC
Emanuele Calchetti,Emanuele Calchetti,emanuelecalchetti,DFFC
Emel Mathlouthi,Emel Mathlouthi,emelmathlouthi,DFFC
Emerich Jenei,Emerich Jenei,emerichjenei,DFFC
Emerson Ferreira da Rosa,Emerson Ferreira da Rosa,emersonferreiradarosa,DFFC
Emi Sakura,Emi Sakura,emisakura,DFFC
Emil Hallfreðsson,Emil Hallfreðsson,emilhallfresson,DFFC
Emilia Clarke,Emilia Clarke,emiliaclarke,DFFC
Emilia Schüle,Emilia Schüle,emiliaschle,DFFC
Emiliano Brembilla,Emiliano Brembilla,emilianobrembilla,DFFC
Emilie Autumn,Emilie Autumn,emilieautumn,DFFC
Emilie-Claire Barlow,Emilie-Claire Barlow,emilieclairebarlow,DFFC
Emilija Kokić,Emilija Kokić,emilijakoki,DFFC
Emilinha Borba,Emilinha Borba,emilinhaborba,DFFC
Emilio Izaguirre,Emilio Izaguirre,emilioizaguirre,DFFC
Emilio Muñoz,Emilio Muñoz,emiliomuoz,DFFC
Emilio Sánchez,Emilio Sánchez,emiliosnchez,DFFC
Emily Barclay,Emily Barclay,emilybarclay,DFFC
Emily Bazelon,Emily Bazelon,emilybazelon,DFFC
Emily Fanning,Emily Fanning,emilyfanning,DFFC
Emily Gielnik,Emily Gielnik,emilygielnik,DFFC
Emily Gould,Emily Gould,emilygould,DFFC
Emily Hughes,Emily Hughes,emilyhughes,DFFC
Emily Kinney,Emily Kinney,emilykinney,DFFC
Emily Maguire,Emily Maguire,emilymaguire,DFFC
Emily Maitlis,Emily Maitlis,emilymaitlis,DFFC
Emily Osment,Emily Osment,emilyosment,DFFC
Emily Scott,Emily Scott,emilyscott,DFFC
Emily VanCamp,Emily VanCamp,emilyvancamp,DFFC
Emily Watson,Emily Watson,emilywatson,DFFC
Emily van Egmond,Emily van Egmond,emilyvanegmond,DFFC
Emin Makhmudov,Emin Makhmudov,eminmakhmudov,DFFC
Emine Demir,Emine Demir,eminedemir,DFFC
Emir Bekrić,Emir Bekrić,emirbekri,DFFC
Emma Anderson,Emma Anderson,emmaanderson,DFFC
Emma Andijewska,Emma Andijewska,emmaandijewska,DFFC
Emma Bell,Emma Bell,emmabell,DFFC
Emma Birdsall,Emma Birdsall,emmabirdsall,DFFC
Emma Bull,Emma Bull,emmabull,DFFC
Emma Bunton,Emma Bunton,emmabunton,DFFC
Emma Ferreira,Emma Ferreira,emmaferreira,DFFC
Emma Green,Emma Green,emmagreen,DFFC
Emma Guo,Emma Guo,emmaguo,DFFC
Emma Helistén,Emma Helistén,emmahelistn,DFFC
Emma Higgins,Emma Higgins,emmahiggins,DFFC
Emma Knyckare,Emma Knyckare,emmaknyckare,DFFC
Emma Penella,Emma Penella,emmapenella,DFFC
Emma Ray McKay,Emma Ray McKay,emmaraymckay,DFFC
Emma Roca Rodríguez,Emma Roca Rodríguez,emmarocarodrguez,DFFC
Emma Snowsill,Emma Snowsill,emmasnowsill,DFFC
Emma Stone,Emma Stone,emmastone,DFFC
Emmalyn Estrada,Emmalyn Estrada,emmalynestrada,DFFC
Emmanuel Adebayor,Emmanuel Adebayor,emmanueladebayor,DFFC
Emmanuel Agwoje,Emmanuel Agwoje,emmanuelagwoje,DFFC
Emmanuel Bourgaud,Emmanuel Bourgaud,emmanuelbourgaud,DFFC
Emmanuel Dungia,Emmanuel Dungia,emmanueldungia,DFFC
Emmanuel Emenike,Emmanuel Emenike,emmanuelemenike,DFFC
Emmanuel Goffi,Emmanuel Goffi,emmanuelgoffi,DFFC
Emmanuel Kipchirchir Mutai,Emmanuel Kipchirchir Mutai,emmanuelkipchirchirmutai,DFFC
Emmanuel Magnien,Emmanuel Magnien,emmanuelmagnien,DFFC
Emmanuel Moody,Emmanuel Moody,emmanuelmoody,DFFC
Emmanuel Mudiay,Emmanuel Mudiay,emmanuelmudiay,DFFC
Emmanuel Sanders,Emmanuel Sanders,emmanuelsanders,DFFC
Emmanuelle Béart,Emmanuelle Béart,emmanuellebart,DFFC
Emmanuelle Devos,Emmanuelle Devos,emmanuelledevos,DFFC
Emmi Silvennoinen,Emmi Silvennoinen,emmisilvennoinen,DFFC
Emmitt Smith,Emmitt Smith,emmittsmith,DFFC
Emmy Kaiser,Emmy Kaiser,emmykaiser,DFFC
Emmy Rossum,Emmy Rossum,emmyrossum,DFFC
Emory Douglas,Emory Douglas,emorydouglas,DFFC
Empress Michiko,Empress Michiko,empressmichiko,DFFC
Emraan Hashmi,Emraan Hashmi,emraanhashmi,DFFC
Emrah Başsan,Emrah Başsan,emrahbasan,DFFC
Emre Can,Emre Can,emrecan,DFFC
Emre Çolak,Emre Çolak,emreolak,DFFC
Enchong Dee,Enchong Dee,enchongdee,DFFC
Endang Turmudi,Endang Turmudi,endangturmudi,DFFC
Endre Süli,Endre Süli,endresli,DFFC
Engin Bekdemir,Engin Bekdemir,enginbekdemir,DFFC
Ennio Morricone,Ennio Morricone,enniomorricone,DFFC
Enrico Battaglin,Enrico Battaglin,enricobattaglin,DFFC
Enrico Berrè,Enrico Berrè,enricoberr,DFFC
Enrico Colantoni,Enrico Colantoni,enricocolantoni,DFFC
Enrico Macias,Enrico Macias,enricomacias,DFFC
Enrico Toccacelo,Enrico Toccacelo,enricotoccacelo,DFFC
Enrique Anderson Imbert,Enrique Anderson Imbert,enriqueandersonimbert,DFFC
Enrique Morente,Enrique Morente,enriquemorente,DFFC
Enya,Enya,enya,DFFC
Enzo Martins Peri,Enzo Martins Peri,enzomartinsperi,DFFC
Eoin Macken,Eoin Macken,eoinmacken,DFFC
Eoin Morgan,Eoin Morgan,eoinmorgan,DFFC
Ephraim Kishon,Ephraim Kishon,ephraimkishon,DFFC
Epico,Epico,epico,DFFC
Epiphanny Prince,Epiphanny Prince,epiphannyprince,DFFC
Eran Raven,Eran Raven,eranraven,DFFC
Eray Ataseven,Eray Ataseven,erayataseven,DFFC
Erazm Ciołek,Erazm Ciołek,erazmcioek,DFFC
Erben Wennemars,Erben Wennemars,erbenwennemars,DFFC
Erdal Akdarı,Erdal Akdarı,erdalakdar,DFFC
Ergin Ataman,Ergin Ataman,erginataman,DFFC
Eriberto Leão,Eriberto Leão,eribertoleo,DFFC
Eric Adjetey Anang,Eric Adjetey Anang,ericadjeteyanang,DFFC
Eric Alva,Eric Alva,ericalva,DFFC
Eric Avery,Eric Avery,ericavery,DFFC
Eric Balfour,Eric Balfour,ericbalfour,DFFC
Eric Basaldua,Eric Basaldua,ericbasaldua,DFFC
Eric Bell,Eric Bell,ericbell,DFFC
Eric Bertrand Bailly,Eric Bertrand Bailly,ericbertrandbailly,DFFC
Eric Bickerton,Eric Bickerton,ericbickerton,DFFC
Eric Bischoff,Eric Bischoff,ericbischoff,DFFC
Eric Camerota,Eric Camerota,ericcamerota,DFFC
Eric Christmas,Eric Christmas,ericchristmas,DFFC
Eric Church,Eric Church,ericchurch,DFFC
Eric Close,Eric Close,ericclose,DFFC
Eric Cooper,Eric Cooper,ericcooper,DFFC
Eric Decker,Eric Decker,ericdecker,DFFC
Eric Duncan,Eric Duncan,ericduncan,DFFC
Eric Ebron,Eric Ebron,ericebron,DFFC
Eric Fischl,Eric Fischl,ericfischl,DFFC
Eric Fisher,Eric Fisher,ericfisher,DFFC
Eric Foner,Eric Foner,ericfoner,DFFC
Eric Froehlich,Eric Froehlich,ericfroehlich,DFFC
Eric Gans,Eric Gans,ericgans,DFFC
Eric Gerets,Eric Gerets,ericgerets,DFFC
Eric Gillis,Eric Gillis,ericgillis,DFFC
Eric Hansen,Eric Hansen,erichansen,DFFC
Eric Harland,Eric Harland,ericharland,DFFC
Eric Hipple,Eric Hipple,erichipple,DFFC
Eric Hurley,Eric Hurley,erichurley,DFFC
Eric Hänni,Eric Hänni,erichnni,DFFC
Eric Jerome Dickey,Eric Jerome Dickey,ericjeromedickey,DFFC
Eric Keenleyside,Eric Keenleyside,erickeenleyside,DFFC
Eric Khoo,Eric Khoo,erickhoo,DFFC
Eric Koch,Eric Koch,erickoch,DFFC
Eric Kretz,Eric Kretz,erickretz,DFFC
Eric Lander,Eric Lander,ericlander,DFFC
Eric Lau,Eric Lau,ericlau,DFFC
Eric Lynch,Eric Lynch,ericlynch,DFFC
Eric M. Rogers,Eric M Rogers,ericmrogers,DFFC
Eric Mabius,Eric Mabius,ericmabius,DFFC
Eric Maxim Choupo-Moting,Eric Maxim Choupo-Moting,ericmaximchoupomoting,DFFC
Eric McClure,Eric McClure,ericmcclure,DFFC
Eric McCormack,Eric McCormack,ericmccormack,DFFC
Eric Meyer,Eric Meyer,ericmeyer,DFFC
Eric Olsen,Eric Olsen,ericolsen,DFFC
Eric Pierpoint,Eric Pierpoint,ericpierpoint,DFFC
Eric Pérez,Eric Pérez,ericprez,DFFC
Eric Roberts,Eric Roberts,ericroberts,DFFC
Eric Saade,Eric Saade,ericsaade,DFFC
Eric Salzman,Eric Salzman,ericsalzman,DFFC
Eric Schmidt,Eric Schmidt,ericschmidt,DFFC
Eric Scott,Eric Scott,ericscott,DFFC
Eric Sheppard,Eric Sheppard,ericsheppard,DFFC
Eric Tangradi,Eric Tangradi,erictangradi,DFFC
Eric Tsang,Eric Tsang,erictsang,DFFC
Eric Vail,Eric Vail,ericvail,DFFC
Eric Weddle,Eric Weddle,ericweddle,DFFC
Eric Weinrich,Eric Weinrich,ericweinrich,DFFC
Eric Winston,Eric Winston,ericwinston,DFFC
Eric Wood,Eric Wood,ericwood,DFFC
Erica Andrews,Erica Andrews,ericaandrews,DFFC
Erica De Mane,Erica De Mane,ericademane,DFFC
Erica Durance,Erica Durance,ericadurance,DFFC
Erica Ellyson,Erica Ellyson,ericaellyson,DFFC
Erica Hubbard,Erica Hubbard,ericahubbard,DFFC
Erica Jarder,Erica Jarder,ericajarder,DFFC
Erica Morningstar,Erica Morningstar,ericamorningstar,DFFC
Erica Yuen,Erica Yuen,ericayuen,DFFC
Erich Barke,Erich Barke,erichbarke,DFFC
Erich Kulka,Erich Kulka,erichkulka,DFFC
Erick Lindgren,Erick Lindgren,ericklindgren,DFFC
Erick Rowan,Erick Rowan,erickrowan,DFFC
Erick Rowsell,Erick Rowsell,erickrowsell,DFFC
Erik Cadée,Erik Cadée,erikcade,DFFC
Erik Coleman,Erik Coleman,erikcoleman,DFFC
Erik Guay,Erik Guay,erikguay,DFFC
Erik Hassle,Erik Hassle,erikhassle,DFFC
Erik Horrie,Erik Horrie,erikhorrie,DFFC
Erik Johannessen,Erik Johannessen,erikjohannessen,DFFC
Erik Johnson,Erik Johnson,erikjohnson,DFFC
Erik Karlsson,Erik Karlsson,erikkarlsson,DFFC
Erik King,Erik King,erikking,DFFC
Erik Kratz,Erik Kratz,erikkratz,DFFC
Erik Larsen,Erik Larsen,eriklarsen,DFFC
Erik Nevland,Erik Nevland,eriknevland,DFFC
Erik Nylander,Erik Nylander,eriknylander,DFFC
Erik Ohlsson,Erik Ohlsson,erikohlsson,DFFC
Erik Seidel,Erik Seidel,erikseidel,DFFC
Erik Spoelstra,Erik Spoelstra,erikspoelstra,DFFC
Erik Wøllo,Erik Wøllo,erikwllo,DFFC
Erik van Nimwegen,Erik van Nimwegen,erikvannimwegen,DFFC
Erik von Detten,Erik von Detten,erikvondetten,DFFC
Erika Christensen,Erika Christensen,erikachristensen,DFFC
Erika Csomor,Erika Csomor,erikacsomor,DFFC
Erika Davies,Erika Davies,erikadavies,DFFC
Erika Selin,Erika Selin,erikaselin,DFFC
Eriko Hirose,Eriko Hirose,erikohirose,DFFC
"Erin ""Syd"" Sidney",Erin Syd Sidney,erinsydsidney,DFFC
Erin Aldrich,Erin Aldrich,erinaldrich,DFFC
Erin Blaskie,Erin Blaskie,erinblaskie,DFFC
Erin Brockovich,Erin Brockovich,erinbrockovich,DFFC
Erin E. Stead,Erin E Stead,erinestead,DFFC
Erin Gruwell,Erin Gruwell,eringruwell,DFFC
Erin Hamlin,Erin Hamlin,erinhamlin,DFFC
Erin Kelly,Erin Kelly,erinkelly,DFFC
Erin Mackey,Erin Mackey,erinmackey,DFFC
Erin Nayler,Erin Nayler,erinnayler,DFFC
Erin Pac,Erin Pac,erinpac,DFFC
Erinn Hayes,Erinn Hayes,erinnhayes,DFFC
Erinn Smart,Erinn Smart,erinnsmart,DFFC
Eriq Ebouaney,Eriq Ebouaney,eriqebouaney,DFFC
Eriq Zavaleta,Eriq Zavaleta,eriqzavaleta,DFFC
Erland Van Lidth De Jeude,Erland Van Lidth De Jeude,erlandvanlidthdejeude,DFFC
Erlend Loe,Erlend Loe,erlendloe,DFFC
Erling Jacobsen,Erling Jacobsen,erlingjacobsen,DFFC
Ermias Sahle Selassie,Ermias Sahle Selassie,ermiassahleselassie,DFFC
Ermindo Onega,Ermindo Onega,ermindoonega,DFFC
Ermir Lenjani,Ermir Lenjani,ermirlenjani,DFFC
Ernest Lee Thomas,Ernest Lee Thomas,ernestleethomas,DFFC
Ernesto Grillo,Ernesto Grillo,ernestogrillo,DFFC
Ernesto Lazzatti,Ernesto Lazzatti,ernestolazzatti,DFFC
Ernie Banks,Ernie Banks,erniebanks,DFFC
Ernie Brandts,Ernie Brandts,erniebrandts,DFFC
Ernie Kent,Ernie Kent,erniekent,DFFC
Ernie McCoy,Ernie McCoy,erniemccoy,DFFC
"Ernie Reyes, Jr.","Ernie Reyes, Jr",erniereyesjr,DFFC
Ernie Rivera,Ernie Rivera,ernierivera,DFFC
Ernie Wasson,Ernie Wasson,erniewasson,DFFC
Ernst Zündel,Ernst Zündel,ernstzndel,DFFC
Eros Ramazzotti,Eros Ramazzotti,erosramazzotti,DFFC
Errie Ball,Errie Ball,errieball,DFFC
Errol Morris,Errol Morris,errolmorris,DFFC
Erton Fejzullahu,Erton Fejzullahu,ertonfejzullahu,DFFC
Ertuğrul Sağlam,Ertuğrul Sağlam,erturulsalam,DFFC
Ervin Hall,Ervin Hall,ervinhall,DFFC
Erwann Le Péchoux,Erwann Le Péchoux,erwannlepchoux,DFFC
Erwin Hoffer,Erwin Hoffer,erwinhoffer,DFFC
Erwin l'Ami,Erwin l'Ami,erwinlami,DFFC
Esa Holopainen,Esa Holopainen,esaholopainen,DFFC
Esai Morales,Esai Morales,esaimorales,DFFC
Esha Deol,Esha Deol,eshadeol,DFFC
Eskay,Eskay,eskay,DFFC
Esko Valtaoja,Esko Valtaoja,eskovaltaoja,DFFC
Esma Redžepova,Esma Redžepova,esmaredepova,DFFC
Esmaeil Sharifat,Esmaeil Sharifat,esmaeilsharifat,DFFC
Espen Wensaas,Espen Wensaas,espenwensaas,DFFC
Esperanza Gomez,Esperanza Gomez,esperanzagomez,DFFC
Esperanza Spalding,Esperanza Spalding,esperanzaspalding,DFFC
Esra Erol,Esra Erol,esraerol,DFFC
Esra Tromp,Esra Tromp,esratromp,DFFC
Esteban Cambiasso,Esteban Cambiasso,estebancambiasso,DFFC
Esteban Granero,Esteban Granero,estebangranero,DFFC
Esteban Ocon,Esteban Ocon,estebanocon,DFFC
Estelle Denis,Estelle Denis,estelledenis,DFFC
Estelle Getty,Estelle Getty,estellegetty,DFFC
Esther Bottomley,Esther Bottomley,estherbottomley,DFFC
Esther Ofarim,Esther Ofarim,estherofarim,DFFC
Esther Tusquets,Esther Tusquets,esthertusquets,DFFC
Esti Ginzburg,Esti Ginzburg,estiginzburg,DFFC
Etan Thomas,Etan Thomas,etanthomas,DFFC
Eteri Tutberidze,Eteri Tutberidze,eteritutberidze,DFFC
Ethan Carter III,Ethan Carter III,ethancarteriii,DFFC
Ethan Nadelmann,Ethan Nadelmann,ethannadelmann,DFFC
Ethan Peck,Ethan Peck,ethanpeck,DFFC
Etienne Froidevaux,Etienne Froidevaux,etiennefroidevaux,DFFC
Etiënne Reijnen,Etiënne Reijnen,etinnereijnen,DFFC
Ettore Bastico,Ettore Bastico,ettorebastico,DFFC
Eugene B. Fluckey,Eugene B Fluckey,eugenebfluckey,DFFC
Eugene Dynkin,Eugene Dynkin,eugenedynkin,DFFC
Eugene Garbee,Eugene Garbee,eugenegarbee,DFFC
Eugene H. Peterson,Eugene H Peterson,eugenehpeterson,DFFC
Eugene Levy,Eugene Levy,eugenelevy,DFFC
Eugene Litvinkovich,Eugene Litvinkovich,eugenelitvinkovich,DFFC
Eugene Parker,Eugene Parker,eugeneparker,DFFC
Eugene Wilton Frémaux,Eugene Wilton Frémaux,eugenewiltonfrmaux,DFFC
Eugenie Bouchard,Eugenie Bouchard,eugeniebouchard,DFFC
Eugenie Scott,Eugenie Scott,eugeniescott,DFFC
Eugenio Mena,Eugenio Mena,eugeniomena,DFFC
Eugenio Pérez,Eugenio Pérez,eugenioprez,DFFC
Eugène Ionesco,Eugène Ionesco,eugneionesco,DFFC
Eulalio González,Eulalio González,eulaliogonzlez,DFFC
Eun Ji-won,Eun Ji-won,eunjiwon,DFFC
Eunice Muñoz,Eunice Muñoz,eunicemuoz,DFFC
Eva Brunne,Eva Brunne,evabrunne,DFFC
Eva Eriksson,Eva Eriksson,evaeriksson,DFFC
Eva Habermann,Eva Habermann,evahabermann,DFFC
Eva Herzigová,Eva Herzigová,evaherzigov,DFFC
Eva Holubová,Eva Holubová,evaholubov,DFFC
Eva LaRue,Eva LaRue,evalarue,DFFC
Eva Lim,Eva Lim,evalim,DFFC
Eva Marie,Eva Marie,evamarie,DFFC
Eva Marie Saint,Eva Marie Saint,evamariesaint,DFFC
Eva Repková,Eva Repková,evarepkov,DFFC
Eva Rydberg,Eva Rydberg,evarydberg,DFFC
Evan Brewer,Evan Brewer,evanbrewer,DFFC
Evan Horwood,Evan Horwood,evanhorwood,DFFC
Evan Lindquist,Evan Lindquist,evanlindquist,DFFC
Evan Osnos,Evan Osnos,evanosnos,DFFC
Evan Rachel Wood,Evan Rachel Wood,evanrachelwood,DFFC
Evan Roberts,Evan Roberts,evanroberts,DFFC
Evan Smith,Evan Smith,evansmith,DFFC
Evan Strong,Evan Strong,evanstrong,DFFC
Evan Turner,Evan Turner,evanturner,DFFC
Evander Kane,Evander Kane,evanderkane,DFFC
Evander Sno,Evander Sno,evandersno,DFFC
Evandro Goebel,Evandro Goebel,evandrogoebel,DFFC
Evangelino Valentim,Evangelino Valentim,evangelinovalentim,DFFC
Eve,Eve,eve,DFFC
Eve Best,Eve Best,evebest,DFFC
Eve Ensler,Eve Ensler,eveensler,DFFC
Eve Myles,Eve Myles,evemyles,DFFC
Evel Knievel,Evel Knievel,evelknievel,DFFC
Evelyn Glennie,Evelyn Glennie,evelynglennie,DFFC
Evelyn Kozak,Evelyn Kozak,evelynkozak,DFFC
Evelyn Sharma,Evelyn Sharma,evelynsharma,DFFC
Evelyn Stevens,Evelyn Stevens,evelynstevens,DFFC
Even Helte Hermansen,Even Helte Hermansen,evenheltehermansen,DFFC
Everardo Elizondo,Everardo Elizondo,everardoelizondo,DFFC
Everlyn Sampi,Everlyn Sampi,everlynsampi,DFFC
Evgeni Aldonin,Evgeni Aldonin,evgenialdonin,DFFC
Evgeni Borounov,Evgeni Borounov,evgeniborounov,DFFC
Evgeni Kholoniuk,Evgeni Kholoniuk,evgenikholoniuk,DFFC
Evgenij Ermenkov,Evgenij Ermenkov,evgenijermenkov,DFFC
Evgeny Belyaev,Evgeny Belyaev,evgenybelyaev,DFFC
Evgeny Petrov,Evgeny Petrov,evgenypetrov,DFFC
Evgeny Postny,Evgeny Postny,evgenypostny,DFFC
Evgeny Voronov,Evgeny Voronov,evgenyvoronov,DFFC
Ewa Mizdal,Ewa Mizdal,ewamizdal,DFFC
Ewald Lienen,Ewald Lienen,ewaldlienen,DFFC
Exodus Geohaghon,Exodus Geohaghon,exodusgeohaghon,DFFC
Eytan Fox,Eytan Fox,eytanfox,DFFC
Eyvind Kang,Eyvind Kang,eyvindkang,DFFC
Eyþór Ingi Gunnlaugsson,Eyþór Ingi Gunnlaugsson,eyringigunnlaugsson,DFFC
Ezekiel Kemboi,Ezekiel Kemboi,ezekielkemboi,DFFC
Ezequiel Calvente,Ezequiel Calvente,ezequielcalvente,DFFC
Ezequiel Schelotto,Ezequiel Schelotto,ezequielschelotto,DFFC
Ezinne Okparaebo,Ezinne Okparaebo,ezinneokparaebo,DFFC
Ezra Furman,Ezra Furman,ezrafurman,DFFC
Ezra Miller,Ezra Miller,ezramiller,DFFC
Ezzaki Badou,Ezzaki Badou,ezzakibadou,DFFC
Eñaut Zubikarai,Eñaut Zubikarai,eautzubikarai,DFFC
F. F. E. Yeo-Thomas,FF E Yeo-Thomas,ffeyeothomas,DFFC
F. P. Santangelo,FP Santangelo,fpsantangelo,DFFC
Fabian Bredlow,Fabian Bredlow,fabianbredlow,DFFC
Fabian Brunnström,Fabian Brunnström,fabianbrunnstrm,DFFC
Fabian Hambüchen,Fabian Hambüchen,fabianhambchen,DFFC
Fabian Kauter,Fabian Kauter,fabiankauter,DFFC
Fabian Klos,Fabian Klos,fabianklos,DFFC
Fabian Lustenberger,Fabian Lustenberger,fabianlustenberger,DFFC
Fabian Nicieza,Fabian Nicieza,fabiannicieza,DFFC
Fabian Schnaidt,Fabian Schnaidt,fabianschnaidt,DFFC
Fabien Cousteau,Fabien Cousteau,fabiencousteau,DFFC
Fabien Lewis,Fabien Lewis,fabienlewis,DFFC
Fabien Vehlmann,Fabien Vehlmann,fabienvehlmann,DFFC
Fabinho,Fabinho,fabinho,DFFC
Fabio Aru,Fabio Aru,fabioaru,DFFC
Fabio Cannavaro,Fabio Cannavaro,fabiocannavaro,DFFC
Fabio Coltorti,Fabio Coltorti,fabiocoltorti,DFFC
Fabio De Luigi,Fabio De Luigi,fabiodeluigi,DFFC
Fabio Duarte,Fabio Duarte,fabioduarte,DFFC
Fabio Felline,Fabio Felline,fabiofelline,DFFC
Fabio Golfetti,Fabio Golfetti,fabiogolfetti,DFFC
Fabio Grosso,Fabio Grosso,fabiogrosso,DFFC
Fabio Liverani,Fabio Liverani,fabioliverani,DFFC
Fabio Quagliarella,Fabio Quagliarella,fabioquagliarella,DFFC
Fabiola Zuluaga,Fabiola Zuluaga,fabiolazuluaga,DFFC
Fabián Carini,Fabián Carini,fabincarini,DFFC
Fabrice Coiffic,Fabrice Coiffic,fabricecoiffic,DFFC
Fabrício dos Santos Silva,Fabrício dos Santos Silva,fabrciodossantossilva,DFFC
Fagner Conserva Lemos,Fagner Conserva Lemos,fagnerconservalemos,DFFC
Fahad Al Shammari,Fahad Al Shammari,fahadalshammari,DFFC
Fahad Khalfan,Fahad Khalfan,fahadkhalfan,DFFC
Fahid Ben Khalfallah,Fahid Ben Khalfallah,fahidbenkhalfallah,DFFC
Faina Melnyk,Faina Melnyk,fainamelnyk,DFFC
Fairuz Fauzy,Fairuz Fauzy,fairuzfauzy,DFFC
Faisal Al Shalan,Faisal Al Shalan,faisalalshalan,DFFC
Fakrul Alam,Fakrul Alam,fakrulalam,DFFC
Fallou Diagné,Fallou Diagné,falloudiagn,DFFC
Fallulah,Fallulah,fallulah,DFFC
FanFan,FanFan,fanfan,DFFC
Fandi Ahmad,Fandi Ahmad,fandiahmad,DFFC
Fanol Perdedaj,Fanol Perdedaj,fanolperdedaj,DFFC
Fara Williams,Fara Williams,farawilliams,DFFC
Farah Mendlesohn,Farah Mendlesohn,farahmendlesohn,DFFC
Farahnaz Amirsoleymani,Farahnaz Amirsoleymani,farahnazamirsoleymani,DFFC
Farahnaz Pahlavi,Farahnaz Pahlavi,farahnazpahlavi,DFFC
Fares Fares,Fares Fares,faresfares,DFFC
Farhan Hairoddin,Farhan Hairoddin,farhanhairoddin,DFFC
Fariborz Arabnia,Fariborz Arabnia,fariborzarabnia,DFFC
Farid Belmellat,Farid Belmellat,faridbelmellat,DFFC
Farin Urlaub,Farin Urlaub,farinurlaub,DFFC
Farizal Basri,Farizal Basri,farizalbasri,DFFC
Faron Young,Faron Young,faronyoung,DFFC
Farouq Farkhan,Farouq Farkhan,farouqfarkhan,DFFC
Fat Tony,Fat Tony,fattony,DFFC
Fatih Tekke,Fatih Tekke,fatihtekke,DFFC
Fatma Kara,Fatma Kara,fatmakara,DFFC
Fatma Şahin,Fatma Şahin,fatmaahin,DFFC
Fats Domino,Fats Domino,fatsdomino,DFFC
Fauja Singh,Fauja Singh,faujasingh,DFFC
Faustine Mussa,Faustine Mussa,faustinemussa,DFFC
Fausto Leali,Fausto Leali,faustoleali,DFFC
Fawad Alam,Fawad Alam,fawadalam,DFFC
Fay-Ann Lyons,Fay-Ann Lyons,fayannlyons,DFFC
Faye White,Faye White,fayewhite,DFFC
Fayçal Fajr,Fayçal Fajr,fayalfajr,DFFC
Fazal Malik Akif,Fazal Malik Akif,fazalmalikakif,DFFC
Feargus Urquhart,Feargus Urquhart,feargusurquhart,DFFC
Fede Alvarez,Fede Alvarez,fedealvarez,DFFC
Federica Felini,Federica Felini,federicafelini,DFFC
Federico Balzaretti,Federico Balzaretti,federicobalzaretti,DFFC
Federico Bonazzoli,Federico Bonazzoli,federicobonazzoli,DFFC
Federico Canuti,Federico Canuti,federicocanuti,DFFC
Federico Kauffmann Doig,Federico Kauffmann Doig,federicokauffmanndoig,DFFC
Fedor Emelianenko,Fedor Emelianenko,fedoremelianenko,DFFC
Fedor Klimov,Fedor Klimov,fedorklimov,DFFC
Fefe Dobson,Fefe Dobson,fefedobson,DFFC
Fela Kuti,Fela Kuti,felakuti,DFFC
Felicia Zhang,Felicia Zhang,feliciazhang,DFFC
Felipe Caicedo,Felipe Caicedo,felipecaicedo,DFFC
Felipe Campanholi Martins,Felipe Campanholi Martins,felipecampanholimartins,DFFC
Felipe Melo,Felipe Melo,felipemelo,DFFC
Felipe Muñoz,Felipe Muñoz,felipemuoz,DFFC
Felipe Nasr,Felipe Nasr,felipenasr,DFFC
Felix Aronovich,Felix Aronovich,felixaronovich,DFFC
Felix English,Felix English,felixenglish,DFFC
Felix Gilman,Felix Gilman,felixgilman,DFFC
Felix Kroos,Felix Kroos,felixkroos,DFFC
Felix Loch,Felix Loch,felixloch,DFFC
Felix Neureuther,Felix Neureuther,felixneureuther,DFFC
Felix Platte,Felix Platte,felixplatte,DFFC
Felix Silla,Felix Silla,felixsilla,DFFC
Femi Ilesanmi,Femi Ilesanmi,femiilesanmi,DFFC
Femi Ogunode,Femi Ogunode,femiogunode,DFFC
Fenuki Tupou,Fenuki Tupou,fenukitupou,DFFC
Ferenc Joachim,Ferenc Joachim,ferencjoachim,DFFC
Ferhat Kiraz,Ferhat Kiraz,ferhatkiraz,DFFC
Ferid Murad,Ferid Murad,feridmurad,DFFC
Feridun Buğeker,Feridun Buğeker,feridunbueker,DFFC
Feridun Düzağaç,Feridun Düzağaç,feridundzaa,DFFC
Ferlyn Wong,Ferlyn Wong,ferlynwong,DFFC
Fernanda Brandão,Fernanda Brandão,fernandabrando,DFFC
Fernanda Lima,Fernanda Lima,fernandalima,DFFC
Fernanda Montenegro,Fernanda Montenegro,fernandamontenegro,DFFC
Fernanda Ribeiro,Fernanda Ribeiro,fernandaribeiro,DFFC
Fernanda Torres,Fernanda Torres,fernandatorres,DFFC
Fernandinho,Fernandinho,fernandinho,DFFC
Fernando,Fernando,fernando,DFFC
Fernando Alonso,Fernando Alonso,fernandoalonso,DFFC
Fernando Arêas Rifan,Fernando Arêas Rifan,fernandoarasrifan,DFFC
Fernando Atzori,Fernando Atzori,fernandoatzori,DFFC
Fernando Belluschi,Fernando Belluschi,fernandobelluschi,DFFC
Fernando Capalla,Fernando Capalla,fernandocapalla,DFFC
Fernando Delgadillo,Fernando Delgadillo,fernandodelgadillo,DFFC
Fernando Flores,Fernando Flores,fernandoflores,DFFC
Fernando Gaviria,Fernando Gaviria,fernandogaviria,DFFC
Fernando Llorente,Fernando Llorente,fernandollorente,DFFC
Fernando Morientes,Fernando Morientes,fernandomorientes,DFFC
Fernando Recio,Fernando Recio,fernandorecio,DFFC
Fernando Scherer,Fernando Scherer,fernandoscherer,DFFC
Fernando Solanas,Fernando Solanas,fernandosolanas,DFFC
Fernando Soriano,Fernando Soriano,fernandosoriano,DFFC
Fernando Tissone,Fernando Tissone,fernandotissone,DFFC
Fernando Valenzuela,Fernando Valenzuela,fernandovalenzuela,DFFC
Fernando Zóbel de Ayala y Montojo,Fernando Zóbel de Ayala y Montojo,fernandozbeldeayalaymontojo,DFFC
Fernando de Ornelas,Fernando de Ornelas,fernandodeornelas,DFFC
Fernando de Szyszlo,Fernando de Szyszlo,fernandodeszyszlo,DFFC
Fez Whatley,Fez Whatley,fezwhatley,DFFC
Fili Moala,Fili Moala,filimoala,DFFC
Filip Kostić,Filip Kostić,filipkosti,DFFC
Filip Ozobić,Filip Ozobić,filipozobi,DFFC
Filip Remunda,Filip Remunda,filipremunda,DFFC
Filip Salaquarda,Filip Salaquarda,filipsalaquarda,DFFC
Filipe Albuquerque,Filipe Albuquerque,filipealbuquerque,DFFC
Filipe Luís,Filipe Luís,filipelus,DFFC
Filippa Lagerbäck,Filippa Lagerbäck,filippalagerbck,DFFC
Filippo Timi,Filippo Timi,filippotimi,DFFC
Finn Døssing,Finn Døssing,finndssing,DFFC
Fiona Bruce,Fiona Bruce,fionabruce,DFFC
Fiona Graham,Fiona Graham,fionagraham,DFFC
Fiona O'Sullivan,Fiona O'Sullivan,fionaosullivan,DFFC
Fiona Stanley,Fiona Stanley,fionastanley,DFFC
Fionnula Flanagan,Fionnula Flanagan,fionnulaflanagan,DFFC
Fish,Fish,fish,DFFC
Fisher DeBerry,Fisher DeBerry,fisherdeberry,DFFC
Fisher Stevens,Fisher Stevens,fisherstevens,DFFC
Fito Cabrales,Fito Cabrales,fitocabrales,DFFC
Fitz Hall,Fitz Hall,fitzhall,DFFC
Flamur Kastrati,Flamur Kastrati,flamurkastrati,DFFC
Flavia Cacace,Flavia Cacace,flaviacacace,DFFC
Flavour N'abania,Flavour N'abania,flavournabania,DFFC
Fleming Mackell,Fleming Mackell,flemingmackell,DFFC
Fletcher Cox,Fletcher Cox,fletchercox,DFFC
Fleur Maxwell,Fleur Maxwell,fleurmaxwell,DFFC
Flo Rida,Flo Rida,florida,DFFC
"Floella Benjamin, Baroness Benjamin","Floella Benjamin, Baroness Benjamin",floellabenjaminbaronessbenjamin,DFFC
Floor Jansen,Floor Jansen,floorjansen,DFFC
Floortje Dessing,Floortje Dessing,floortjedessing,DFFC
Floortje Mackaij,Floortje Mackaij,floortjemackaij,DFFC
Florence Arthaud,Florence Arthaud,florencearthaud,DFFC
Florence Welch,Florence Welch,florencewelch,DFFC
Florent Brard,Florent Brard,florentbrard,DFFC
Florent Peyre,Florent Peyre,florentpeyre,DFFC
Florian Clara,Florian Clara,florianclara,DFFC
Florian Fromlowitz,Florian Fromlowitz,florianfromlowitz,DFFC
Florian Hardy,Florian Hardy,florianhardy,DFFC
Florian Kehrmann,Florian Kehrmann,floriankehrmann,DFFC
Florian Kringe,Florian Kringe,floriankringe,DFFC
Florin Cezar Ouatu,Florin Cezar Ouatu,florincezarouatu,DFFC
Florin Gardoș,Florin Gardoș,floringardo,DFFC
Flower Tucci,Flower Tucci,flowertucci,DFFC
Flula Borg,Flula Borg,flulaborg,DFFC
Flume,Flume,flume,DFFC
Fluxion,Fluxion,fluxion,DFFC
Flávio Paixão,Flávio Paixão,flviopaixo,DFFC
Foluke Akinradewo,Foluke Akinradewo,folukeakinradewo,DFFC
Forest Whitaker,Forest Whitaker,forestwhitaker,DFFC
Formiga,Formiga,formiga,DFFC
Forrest B. Royal,Forrest B Royal,forrestbroyal,DFFC
Fortunio Bonanova,Fortunio Bonanova,fortuniobonanova,DFFC
Foster Friess,Foster Friess,fosterfriess,DFFC
Fouad Hajji,Fouad Hajji,fouadhajji,DFFC
Foued Kadir,Foued Kadir,fouedkadir,DFFC
Fran Drescher,Fran Drescher,frandrescher,DFFC
Franca Bianconi,Franca Bianconi,francabianconi,DFFC
Franca Rame,Franca Rame,francarame,DFFC
France Gall,France Gall,francegall,DFFC
Francena McCorory,Francena McCorory,francenamccorory,DFFC
Frances Adamson,Frances Adamson,francesadamson,DFFC
Frances Conroy,Frances Conroy,francesconroy,DFFC
Frances Fisher,Frances Fisher,francesfisher,DFFC
Frances Rich,Frances Rich,francesrich,DFFC
Frances Tiafoe,Frances Tiafoe,francestiafoe,DFFC
Francesca Archibugi,Francesca Archibugi,francescaarchibugi,DFFC
Francesca Testasecca,Francesca Testasecca,francescatestasecca,DFFC
Francesco Beschi,Francesco Beschi,francescobeschi,DFFC
Francesco Facchinetti,Francesco Facchinetti,francescofacchinetti,DFFC
Francesco Renga,Francesco Renga,francescorenga,DFFC
Francesco Totti,Francesco Totti,francescototti,DFFC
Francine Niyonsaba,Francine Niyonsaba,francineniyonsaba,DFFC
Francis Ford Coppola,Francis Ford Coppola,francisfordcoppola,DFFC
Francis Graham-Smith,Francis Graham-Smith,francisgrahamsmith,DFFC
Francis Obikwelu,Francis Obikwelu,francisobikwelu,DFFC
Francis Pollara,Francis Pollara,francispollara,DFFC
Francis Rossi,Francis Rossi,francisrossi,DFFC
Francis Sejersted,Francis Sejersted,francissejersted,DFFC
Francis Tapon,Francis Tapon,francistapon,DFFC
Francisco Cruceta,Francisco Cruceta,franciscocruceta,DFFC
Francisco Hervás,Francisco Hervás,franciscohervs,DFFC
Francisco Javier Gómez Noya,Francisco Javier Gómez Noya,franciscojaviergmeznoya,DFFC
Francisco Montañés,Francisco Montañés,franciscomontas,DFFC
Francisco Puñal,Francisco Puñal,franciscopual,DFFC
Francisco Pérez Sanchez,Francisco Pérez Sanchez,franciscoprezsanchez,DFFC
Francisco Rosario,Francisco Rosario,franciscorosario,DFFC
Francisco Silva,Francisco Silva,franciscosilva,DFFC
Francisco Sánchez Lara,Francisco Sánchez Lara,franciscosnchezlara,DFFC
Francisco Vallejo Pons,Francisco Vallejo Pons,franciscovallejopons,DFFC
Francisco Ventoso,Francisco Ventoso,franciscoventoso,DFFC
Franck Khalfoun,Franck Khalfoun,franckkhalfoun,DFFC
Franck Montagny,Franck Montagny,franckmontagny,DFFC
Franco Balmamion,Franco Balmamion,francobalmamion,DFFC
Franco Baresi,Franco Baresi,francobaresi,DFFC
Franco Califano,Franco Califano,francocalifano,DFFC
Franco Di Santo,Franco Di Santo,francodisanto,DFFC
Franco Nero,Franco Nero,franconero,DFFC
Franco Ventriglia,Franco Ventriglia,francoventriglia,DFFC
Franco Zuculini,Franco Zuculini,francozuculini,DFFC
Franjo Wölfl,Franjo Wölfl,franjowlfl,DFFC
Frank Baker,Frank Baker,frankbaker,DFFC
Frank Brunner,Frank Brunner,frankbrunner,DFFC
Frank Cashen,Frank Cashen,frankcashen,DFFC
Frank Chu,Frank Chu,frankchu,DFFC
Frank Comstock,Frank Comstock,frankcomstock,DFFC
Frank Darabont,Frank Darabont,frankdarabont,DFFC
Frank Deford,Frank Deford,frankdeford,DFFC
Frank DiPascali,Frank DiPascali,frankdipascali,DFFC
Frank Foster,Frank Foster,frankfoster,DFFC
Frank Frazetta,Frank Frazetta,frankfrazetta,DFFC
Frank Gifford,Frank Gifford,frankgifford,DFFC
Frank Gillard,Frank Gillard,frankgillard,DFFC
Frank Gore,Frank Gore,frankgore,DFFC
Frank Grillo,Frank Grillo,frankgrillo,DFFC
Frank Hamilton,Frank Hamilton,frankhamilton,DFFC
Frank Howard,Frank Howard,frankhoward,DFFC
Frank Jobe,Frank Jobe,frankjobe,DFFC
Frank Kameny,Frank Kameny,frankkameny,DFFC
Frank Kaminsky,Frank Kaminsky,frankkaminsky,DFFC
Frank Karlitschek,Frank Karlitschek,frankkarlitschek,DFFC
Frank Kassela,Frank Kassela,frankkassela,DFFC
"Frank Lovato, Jr.","Frank Lovato, Jr",franklovatojr,DFFC
Frank Luck,Frank Luck,frankluck,DFFC
Frank Luntz,Frank Luntz,frankluntz,DFFC
Frank Löning,Frank Löning,franklning,DFFC
Frank Mundy,Frank Mundy,frankmundy,DFFC
Frank Okam,Frank Okam,frankokam,DFFC
Frank Omiyale,Frank Omiyale,frankomiyale,DFFC
Frank Oz,Frank Oz,frankoz,DFFC
Frank Patterson,Frank Patterson,frankpatterson,DFFC
Frank Pike,Frank Pike,frankpike,DFFC
Frank Popoff,Frank Popoff,frankpopoff,DFFC
Frank Portman,Frank Portman,frankportman,DFFC
Frank Sherwood Rowland,Frank Sherwood Rowland,franksherwoodrowland,DFFC
Frank Silva,Frank Silva,franksilva,DFFC
Frank Skinner,Frank Skinner,frankskinner,DFFC
Frank Sully,Frank Sully,franksully,DFFC
Frank Tanana,Frank Tanana,franktanana,DFFC
Frank Thomas,Frank Thomas,frankthomas,DFFC
Frank Ticheli,Frank Ticheli,frankticheli,DFFC
Frank W. J. Olver,Frank WJ Olver,frankwjolver,DFFC
Frank White,Frank White,frankwhite,DFFC
Frank Williams,Frank Williams,frankwilliams,DFFC
Frank Wrathall,Frank Wrathall,frankwrathall,DFFC
Frank Wren,Frank Wren,frankwren,DFFC
Frank Zombo,Frank Zombo,frankzombo,DFFC
Franka Potente,Franka Potente,frankapotente,DFFC
Frankie Ballard,Frankie Ballard,frankieballard,DFFC
Frankie Howerd,Frankie Howerd,frankiehowerd,DFFC
Frankie Kazarian,Frankie Kazarian,frankiekazarian,DFFC
Frankie Knuckles,Frankie Knuckles,frankieknuckles,DFFC
Frankie Sullivan,Frankie Sullivan,frankiesullivan,DFFC
Frankie Yankovic,Frankie Yankovic,frankieyankovic,DFFC
Franklin Lobos,Franklin Lobos,franklinlobos,DFFC
Franklin Matthias,Franklin Matthias,franklinmatthias,DFFC
Franky Van der Elst,Franky Van der Elst,frankyvanderelst,DFFC
Frans Bolweg,Frans Bolweg,fransbolweg,DFFC
Frans Molenaar,Frans Molenaar,fransmolenaar,DFFC
Frans Wiertz,Frans Wiertz,franswiertz,DFFC
Franz Beckenbauer,Franz Beckenbauer,franzbeckenbauer,DFFC
Franz Engstler,Franz Engstler,franzengstler,DFFC
Franz Nicolay,Franz Nicolay,franznicolay,DFFC
Franz-Josef Kemper,Franz-Josef Kemper,franzjosefkemper,DFFC
Franz-Olivier Giesbert,Franz-Olivier Giesbert,franzoliviergiesbert,DFFC
Franziska Weisz,Franziska Weisz,franziskaweisz,DFFC
François Bassil,François Bassil,franoisbassil,DFFC
François Bégaudeau,François Bégaudeau,franoisbgaudeau,DFFC
François Cevert,François Cevert,franoiscevert,DFFC
François Chau,François Chau,franoischau,DFFC
François Civil,François Civil,franoiscivil,DFFC
François Dupeyron,François Dupeyron,franoisdupeyron,DFFC
François Duval,François Duval,franoisduval,DFFC
François Englert,François Englert,franoisenglert,DFFC
François Feldman,François Feldman,franoisfeldman,DFFC
François Leroux,François Leroux,franoisleroux,DFFC
François Pervis,François Pervis,franoispervis,DFFC
François Sagat,François Sagat,franoissagat,DFFC
François-Henri Pinault,François-Henri Pinault,franoishenripinault,DFFC
Fraser Aird,Fraser Aird,fraseraird,DFFC
Fraser Forster,Fraser Forster,fraserforster,DFFC
Fred Alan Wolf,Fred Alan Wolf,fredalanwolf,DFFC
Fred Armisen,Fred Armisen,fredarmisen,DFFC
Fred Benners,Fred Benners,fredbenners,DFFC
Fred Cone,Fred Cone,fredcone,DFFC
Fred Durst,Fred Durst,freddurst,DFFC
Fred Fish,Fred Fish,fredfish,DFFC
Fred Hawkins,Fred Hawkins,fredhawkins,DFFC
Fred Hembeck,Fred Hembeck,fredhembeck,DFFC
Fred Hickman,Fred Hickman,fredhickman,DFFC
Fred House,Fred House,fredhouse,DFFC
Fred Iltis,Fred Iltis,frediltis,DFFC
Fred Jackson,Fred Jackson,fredjackson,DFFC
Fred Naumetz,Fred Naumetz,frednaumetz,DFFC
Fred Newman,Fred Newman,frednewman,DFFC
Fred Nicole,Fred Nicole,frednicole,DFFC
Fred Nixon,Fred Nixon,frednixon,DFFC
Fred Ottman,Fred Ottman,fredottman,DFFC
Fred Rodriguez,Fred Rodriguez,fredrodriguez,DFFC
Fred Rutten,Fred Rutten,fredrutten,DFFC
Fred Sanford,Fred Sanford,fredsanford,DFFC
Fred VanVleet,Fred VanVleet,fredvanvleet,DFFC
Fred Wedlock,Fred Wedlock,fredwedlock,DFFC
Fred West,Fred West,fredwest,DFFC
Fred Williamson,Fred Williamson,fredwilliamson,DFFC
Fred Åkerström,Fred Åkerström,fredkerstrm,DFFC
Freddie Brown,Freddie Brown,freddiebrown,DFFC
Freddie Bynum,Freddie Bynum,freddiebynum,DFFC
Freddie Fox,Freddie Fox,freddiefox,DFFC
Freddie Gibbs,Freddie Gibbs,freddiegibbs,DFFC
Freddie Little,Freddie Little,freddielittle,DFFC
Freddie Stevenson,Freddie Stevenson,freddiestevenson,DFFC
Freddy Borg,Freddy Borg,freddyborg,DFFC
Freddy Cole,Freddy Cole,freddycole,DFFC
Freddy Deeb,Freddy Deeb,freddydeeb,DFFC
Freddy Wike,Freddy Wike,freddywike,DFFC
Frederic Forrest,Frederic Forrest,fredericforrest,DFFC
Frederich Cepeda,Frederich Cepeda,frederichcepeda,DFFC
Frederick Augustus Muhlenberg,Frederick Augustus Muhlenberg,frederickaugustusmuhlenberg,DFFC
Frederick H. Michaelis,Frederick H Michaelis,frederickhmichaelis,DFFC
Frederick Wiseman,Frederick Wiseman,frederickwiseman,DFFC
Frederik Ndoci,Frederik Ndoci,frederikndoci,DFFC
Frederik Nielsen,Frederik Nielsen,frederiknielsen,DFFC
Frederik Peeters,Frederik Peeters,frederikpeeters,DFFC
Frederik Willems,Frederik Willems,frederikwillems,DFFC
Fredrik Larsson,Fredrik Larsson,fredriklarsson,DFFC
Fredrik Ludvigsson,Fredrik Ludvigsson,fredrikludvigsson,DFFC
Fredrik Pettersson,Fredrik Pettersson,fredrikpettersson,DFFC
Freema Agyeman,Freema Agyeman,freemaagyeman,DFFC
Freeman Dyson,Freeman Dyson,freemandyson,DFFC
Frenchie Davis,Frenchie Davis,frenchiedavis,DFFC
Fresh Moss,Fresh Moss,freshmoss,DFFC
Freya Hoffmeister,Freya Hoffmeister,freyahoffmeister,DFFC
Freyr Alexandersson,Freyr Alexandersson,freyralexandersson,DFFC
Frida Hansdotter,Frida Hansdotter,fridahansdotter,DFFC
Frida Nordstrand,Frida Nordstrand,fridanordstrand,DFFC
Friday Hassler,Friday Hassler,fridayhassler,DFFC
Friedhelm Busse,Friedhelm Busse,friedhelmbusse,DFFC
Friedhelm Funkel,Friedhelm Funkel,friedhelmfunkel,DFFC
Friedhelm Konietzka,Friedhelm Konietzka,friedhelmkonietzka,DFFC
Friedrich Hirzebruch,Friedrich Hirzebruch,friedrichhirzebruch,DFFC
Friedrich von Thun,Friedrich von Thun,friedrichvonthun,DFFC
Fritz Dopfer,Fritz Dopfer,fritzdopfer,DFFC
Fritz Wepper,Fritz Wepper,fritzwepper,DFFC
Frode Andresen,Frode Andresen,frodeandresen,DFFC
Frode Johnsen,Frode Johnsen,frodejohnsen,DFFC
Frode Nymo,Frode Nymo,frodenymo,DFFC
Frunzik Mkrtchyan,Frunzik Mkrtchyan,frunzikmkrtchyan,DFFC
Fränk Schleck,Fränk Schleck,frnkschleck,DFFC
Frédéric Cassivi,Frédéric Cassivi,frdriccassivi,DFFC
Frédéric Chabot,Frédéric Chabot,frdricchabot,DFFC
Frédéric Dambier,Frédéric Dambier,frdricdambier,DFFC
Frédéric Delpla,Frédéric Delpla,frdricdelpla,DFFC
Frédéric Kanouté,Frédéric Kanouté,frdrickanout,DFFC
Frédéric Leclercq,Frédéric Leclercq,frdricleclercq,DFFC
Frédéric Lopez,Frédéric Lopez,frdriclopez,DFFC
Frédéric Makowiecki,Frédéric Makowiecki,frdricmakowiecki,DFFC
Frédéric Née,Frédéric Née,frdricne,DFFC
Frédérique Ries,Frédérique Ries,frdriqueries,DFFC
Frøy Aagre,Frøy Aagre,fryaagre,DFFC
Fuat Çapa,Fuat Çapa,fuatapa,DFFC
Fuka Kakimoto,Fuka Kakimoto,fukakakimoto,DFFC
Fuku Suzuki,Fuku Suzuki,fukusuzuki,DFFC
Fulton Burley,Fulton Burley,fultonburley,DFFC
Fumie Suguri,Fumie Suguri,fumiesuguri,DFFC
Fumihiko Maki,Fumihiko Maki,fumihikomaki,DFFC
"Fumihito, Prince Akishino","Fumihito, Prince Akishino",fumihitoprinceakishino,DFFC
Fuminori Nakamura,Fuminori Nakamura,fuminorinakamura,DFFC
Fumio Demura,Fumio Demura,fumiodemura,DFFC
Fyodor Kudryashov,Fyodor Kudryashov,fyodorkudryashov,DFFC
Fábio Pereira da Silva,Fábio Pereira da Silva,fbiopereiradasilva,DFFC
Fábio Simplício,Fábio Simplício,fbiosimplcio,DFFC
Fátima Ptacek,Fátima Ptacek,ftimaptacek,DFFC
Félix Chappottín,Félix Chappottín,flixchappottn,DFFC
Félix Hernández,Félix Hernández,flixhernndez,DFFC
G. B. Caird,GB Caird,gbcaird,DFFC
G. Love,G Love,glove,DFFC
G. R. Carter,GR Carter,grcarter,DFFC
G. Wayne Clough,G Wayne Clough,gwayneclough,DFFC
G. Willow Wilson,G Willow Wilson,gwillowwilson,DFFC
G.NA,GNA,gna,DFFC
Gabby Douglas,Gabby Douglas,gabbydouglas,DFFC
Gabby Logan,Gabby Logan,gabbylogan,DFFC
Gabe Jackson,Gabe Jackson,gabejackson,DFFC
Gabe Newell,Gabe Newell,gabenewell,DFFC
Gabi,Gabi,gabi,DFFC
Gabi Delgado-López,Gabi Delgado-López,gabidelgadolpez,DFFC
Gabriel Caste,Gabriel Caste,gabrielcaste,DFFC
Gabriel Heinze,Gabriel Heinze,gabrielheinze,DFFC
Gabriel Macchi,Gabriel Macchi,gabrielmacchi,DFFC
Gabriel Pozzo,Gabriel Pozzo,gabrielpozzo,DFFC
Gabriel Quak,Gabriel Quak,gabrielquak,DFFC
Gabriela Adameșteanu,Gabriela Adameșteanu,gabrielaadameteanu,DFFC
Gabriela Duarte,Gabriela Duarte,gabrieladuarte,DFFC
Gabriela Traña,Gabriela Traña,gabrielatraa,DFFC
Gabriele Salvatores,Gabriele Salvatores,gabrielesalvatores,DFFC
Gabriella Cilmi,Gabriella Cilmi,gabriellacilmi,DFFC
Gabriella Wilde,Gabriella Wilde,gabriellawilde,DFFC
Gabrielle Anwar,Gabrielle Anwar,gabrielleanwar,DFFC
Gabrielle Aplin,Gabrielle Aplin,gabrielleaplin,DFFC
Gabrielle Union,Gabrielle Union,gabrielleunion,DFFC
Gackt,Gackt,gackt,DFFC
Gael García Bernal,Gael García Bernal,gaelgarcabernal,DFFC
Gaelan Connell,Gaelan Connell,gaelanconnell,DFFC
Gai Waterhouse,Gai Waterhouse,gaiwaterhouse,DFFC
Gaia Weiss,Gaia Weiss,gaiaweiss,DFFC
Gail Bruce,Gail Bruce,gailbruce,DFFC
Gail Carriger,Gail Carriger,gailcarriger,DFFC
Gail Goestenkors,Gail Goestenkors,gailgoestenkors,DFFC
Gaines Adams,Gaines Adams,gainesadams,DFFC
Gajendra Thakur,Gajendra Thakur,gajendrathakur,DFFC
Gale Harold,Gale Harold,galeharold,DFFC
Galen Rupp,Galen Rupp,galenrupp,DFFC
Galina Efremenko,Galina Efremenko,galinaefremenko,DFFC
Galway Kinnell,Galway Kinnell,galwaykinnell,DFFC
Gamal Mubarak,Gamal Mubarak,gamalmubarak,DFFC
Gamini Kularatne,Gamini Kularatne,gaminikularatne,DFFC
Gamze Bezan,Gamze Bezan,gamzebezan,DFFC
Gang bang pornography,Gang bang pornography,gangbangpornography,DFFC
Gao Chongbo,Gao Chongbo,gaochongbo,DFFC
Gao Song,Gao Song,gaosong,DFFC
Gaossou Fofana,Gaossou Fofana,gaossoufofana,DFFC
Gareth A. Morris,Gareth A Morris,garethamorris,DFFC
Gareth Allen,Gareth Allen,garethallen,DFFC
Gareth Bale,Gareth Bale,garethbale,DFFC
Gareth Barry,Gareth Barry,garethbarry,DFFC
Gareth David-Lloyd,Gareth David-Lloyd,garethdavidlloyd,DFFC
Gareth Glyn,Gareth Glyn,garethglyn,DFFC
Gareth McAuley,Gareth McAuley,garethmcauley,DFFC
Garett Bischoff,Garett Bischoff,garettbischoff,DFFC
Garfield Sobers,Garfield Sobers,garfieldsobers,DFFC
Garik Sukachov,Garik Sukachov,gariksukachov,DFFC
Garner Ted Armstrong,Garner Ted Armstrong,garnertedarmstrong,DFFC
Garnet Exelby,Garnet Exelby,garnetexelby,DFFC
Garrett Heath,Garrett Heath,garrettheath,DFFC
Garrett K. Gomez,Garrett K Gomez,garrettkgomez,DFFC
Garrick Utley,Garrick Utley,garrickutley,DFFC
Garry Kenneth,Garry Kenneth,garrykenneth,DFFC
Garry Shider,Garry Shider,garryshider,DFFC
Garth Brooks,Garth Brooks,garthbrooks,DFFC
Garth Mulroy,Garth Mulroy,garthmulroy,DFFC
Garth Nix,Garth Nix,garthnix,DFFC
Gary Alexander,Gary Alexander,garyalexander,DFFC
Gary Balough,Gary Balough,garybalough,DFFC
Gary Bartz,Gary Bartz,garybartz,DFFC
Gary Birch,Gary Birch,garybirch,DFFC
Gary Brazil,Gary Brazil,garybrazil,DFFC
Gary Brown,Gary Brown,garybrown,DFFC
Gary Burghoff,Gary Burghoff,garyburghoff,DFFC
Gary Cahill,Gary Cahill,garycahill,DFFC
Gary Caldwell,Gary Caldwell,garycaldwell,DFFC
Gary Chaw,Gary Chaw,garychaw,DFFC
Gary Collins,Gary Collins,garycollins,DFFC
Gary Emerson,Gary Emerson,garyemerson,DFFC
Gary Fong,Gary Fong,garyfong,DFFC
Gary Gygax,Gary Gygax,garygygax,DFFC
Gary Hill,Gary Hill,garyhill,DFFC
Gary Holt,Gary Holt,garyholt,DFFC
Gary Howard,Gary Howard,garyhoward,DFFC
Gary L. Stevens,Gary L Stevens,garylstevens,DFFC
Gary Lockwood,Gary Lockwood,garylockwood,DFFC
Gary Mabbutt,Gary Mabbutt,garymabbutt,DFFC
Gary McAllister,Gary McAllister,garymcallister,DFFC
Gary McCord,Gary McCord,garymccord,DFFC
Gary Mills,Gary Mills,garymills,DFFC
Gary Neville,Gary Neville,garyneville,DFFC
Gary Owens,Gary Owens,garyowens,DFFC
Gary Paffett,Gary Paffett,garypaffett,DFFC
Gary Payton,Gary Payton,garypayton,DFFC
Gary Player,Gary Player,garyplayer,DFFC
Gary Pomerantz,Gary Pomerantz,garypomerantz,DFFC
Gary Riley,Gary Riley,garyriley,DFFC
Gary Roberts,Gary Roberts,garyroberts,DFFC
"Gary Russell, Jr.","Gary Russell, Jr",garyrusselljr,DFFC
Gary Smith,Gary Smith,garysmith,DFFC
Gary Snyder,Gary Snyder,garysnyder,DFFC
Gary Soto,Gary Soto,garysoto,DFFC
Gary Stal,Gary Stal,garystal,DFFC
Gary Stills,Gary Stills,garystills,DFFC
Gary Trousdale,Gary Trousdale,garytrousdale,DFFC
Gary Twinn,Gary Twinn,garytwinn,DFFC
Gary Whitta,Gary Whitta,garywhitta,DFFC
Gary Wiggins,Gary Wiggins,garywiggins,DFFC
Gary Williams,Gary Williams,garywilliams,DFFC
Gary Wilson,Gary Wilson,garywilson,DFFC
Gary Wolfe,Gary Wolfe,garywolfe,DFFC
Gaston Gonnet,Gaston Gonnet,gastongonnet,DFFC
Gaston Roelants,Gaston Roelants,gastonroelants,DFFC
Gastón Cellerino,Gastón Cellerino,gastncellerino,DFFC
Gastón Fernández,Gastón Fernández,gastnfernndez,DFFC
Gator Hoskins,Gator Hoskins,gatorhoskins,DFFC
Gattlin Griffith,Gattlin Griffith,gattlingriffith,DFFC
Gaurav Ghei,Gaurav Ghei,gauravghei,DFFC
Gaurav Gill,Gaurav Gill,gauravgill,DFFC
Gautam Gambhir,Gautam Gambhir,gautamgambhir,DFFC
Gavin Griffin,Gavin Griffin,gavingriffin,DFFC
Gavin Rossdale,Gavin Rossdale,gavinrossdale,DFFC
Gavin Stephens,Gavin Stephens,gavinstephens,DFFC
Gawain Jones,Gawain Jones,gawainjones,DFFC
Gayatri Nair,Gayatri Nair,gayatrinair,DFFC
Gaye Delorme,Gaye Delorme,gayedelorme,DFFC
Gayla Earlene,Gayla Earlene,gaylaearlene,DFFC
Gayle King,Gayle King,gayleking,DFFC
Gaëlle Gebet,Gaëlle Gebet,gallegebet,DFFC
Gaëtan Roussel,Gaëtan Roussel,gatanroussel,DFFC
Gebregziabher Gebremariam,Gebregziabher Gebremariam,gebregziabhergebremariam,DFFC
Gedo,Gedo,gedo,DFFC
Geena Davis,Geena Davis,geenadavis,DFFC
Geeta Basra,Geeta Basra,geetabasra,DFFC
Gegard Mousasi,Gegard Mousasi,gegardmousasi,DFFC
Geike Arnaert,Geike Arnaert,geikearnaert,DFFC
Gemma Arterton,Gemma Arterton,gemmaarterton,DFFC
Gemma Chan,Gemma Chan,gemmachan,DFFC
Gemma Davison,Gemma Davison,gemmadavison,DFFC
Gene Brito,Gene Brito,genebrito,DFFC
Gene Corum,Gene Corum,genecorum,DFFC
Gene Felton,Gene Felton,genefelton,DFFC
Gene H. Golub,Gene H Golub,genehgolub,DFFC
Gene Heeter,Gene Heeter,geneheeter,DFFC
Gene Hubka,Gene Hubka,genehubka,DFFC
Gene Lamont,Gene Lamont,genelamont,DFFC
Gene Luen Yang,Gene Luen Yang,geneluenyang,DFFC
Gene Michael,Gene Michael,genemichael,DFFC
Gene Mingo,Gene Mingo,genemingo,DFFC
Gene Principe,Gene Principe,geneprincipe,DFFC
Gene Robinson,Gene Robinson,generobinson,DFFC
Gene Roddenberry,Gene Roddenberry,generoddenberry,DFFC
Gene Stilp,Gene Stilp,genestilp,DFFC
Genevieve Nnaji,Genevieve Nnaji,genevievennaji,DFFC
Geneviève de Fontenay,Geneviève de Fontenay,genevivedefontenay,DFFC
Gennadi Bondaruk,Gennadi Bondaruk,gennadibondaruk,DFFC
Gennady Korotkevich,Gennady Korotkevich,gennadykorotkevich,DFFC
Gennaro Gattuso,Gennaro Gattuso,gennarogattuso,DFFC
Geno Delafose,Geno Delafose,genodelafose,DFFC
Geno Smith,Geno Smith,genosmith,DFFC
Genzebe Dibaba,Genzebe Dibaba,genzebedibaba,DFFC
Geoff Brabham,Geoff Brabham,geoffbrabham,DFFC
Geoff Cameron,Geoff Cameron,geoffcameron,DFFC
Geoff Dyer,Geoff Dyer,geoffdyer,DFFC
Geoff Hurst,Geoff Hurst,geoffhurst,DFFC
Geoff Lawson,Geoff Lawson,geofflawson,DFFC
Geoff Moore,Geoff Moore,geoffmoore,DFFC
Geoff Petrie,Geoff Petrie,geoffpetrie,DFFC
Geoff Stults,Geoff Stults,geoffstults,DFFC
Geoff Trappett,Geoff Trappett,geofftrappett,DFFC
Geoff Walker,Geoff Walker,geoffwalker,DFFC
Geoff Ward,Geoff Ward,geoffward,DFFC
Geoffrey Adjet,Geoffrey Adjet,geoffreyadjet,DFFC
Geoffrey Kondogbia,Geoffrey Kondogbia,geoffreykondogbia,DFFC
Geoffrey Robertson,Geoffrey Robertson,geoffreyrobertson,DFFC
Geoffrey Rush,Geoffrey Rush,geoffreyrush,DFFC
Geoffrey Scott,Geoffrey Scott,geoffreyscott,DFFC
Geoffrey Wellum,Geoffrey Wellum,geoffreywellum,DFFC
Georg Gänswein,Georg Gänswein,georggnswein,DFFC
Georg Hackl,Georg Hackl,georghackl,DFFC
Georg Kreisler,Georg Kreisler,georgkreisler,DFFC
Georg Späth,Georg Späth,georgspth,DFFC
Georg-Christof Bertsch,Georg-Christof Bertsch,georgchristofbertsch,DFFC
George Alagiah,George Alagiah,georgealagiah,DFFC
George Atkins,George Atkins,georgeatkins,DFFC
George Baloghy,George Baloghy,georgebaloghy,DFFC
George Barris,George Barris,georgebarris,DFFC
George Blagden,George Blagden,georgeblagden,DFFC
George Blanda,George Blanda,georgeblanda,DFFC
George Bowerman,George Bowerman,georgebowerman,DFFC
George Carlin,George Carlin,georgecarlin,DFFC
"George Chapline, Jr.","George Chapline, Jr",georgechaplinejr,DFFC
George Clayton Johnson,George Clayton Johnson,georgeclaytonjohnson,DFFC
George Ezra,George Ezra,georgeezra,DFFC
George F. Grant,George F Grant,georgefgrant,DFFC
George Farmer,George Farmer,georgefarmer,DFFC
George Fischbeck,George Fischbeck,georgefischbeck,DFFC
George Foreman,George Foreman,georgeforeman,DFFC
George Hamilton IV,George Hamilton IV,georgehamiltoniv,DFFC
George Hill,George Hill,georgehill,DFFC
George Hook,George Hook,georgehook,DFFC
George Hucks,George Hucks,georgehucks,DFFC
George Joannides,George Joannides,georgejoannides,DFFC
George Kohlrieser,George Kohlrieser,georgekohlrieser,DFFC
George Long,George Long,georgelong,DFFC
George M. Church,George M Church,georgemchurch,DFFC
George Makris,George Makris,georgemakris,DFFC
George McCartney,George McCartney,georgemccartney,DFFC
George Melly,George Melly,georgemelly,DFFC
George N. Hatsopoulos,George N Hatsopoulos,georgenhatsopoulos,DFFC
George O'Callaghan,George O'Callaghan,georgeocallaghan,DFFC
"George Percy, Earl Percy","George Percy, Earl Percy",georgepercyearlpercy,DFFC
George Pólya,George Pólya,georgeplya,DFFC
George S. Irving,George S Irving,georgesirving,DFFC
George Segal,George Segal,georgesegal,DFFC
George Serdula,George Serdula,georgeserdula,DFFC
George South,George South,georgesouth,DFFC
George Springer,George Springer,georgespringer,DFFC
George Steele,George Steele,georgesteele,DFFC
George Stephanopoulos,George Stephanopoulos,georgestephanopoulos,DFFC
George Strait,George Strait,georgestrait,DFFC
George Sweigert,George Sweigert,georgesweigert,DFFC
George Szekeres,George Szekeres,georgeszekeres,DFFC
George Taliaferro,George Taliaferro,georgetaliaferro,DFFC
George William Fullerton,George William Fullerton,georgewilliamfullerton,DFFC
George Zimmerman,George Zimmerman,georgezimmerman,DFFC
Georges Delnon,Georges Delnon,georgesdelnon,DFFC
Georgi Kaloyanchev,Georgi Kaloyanchev,georgikaloyanchev,DFFC
Georgi Kinkladze,Georgi Kinkladze,georgikinkladze,DFFC
Georgi Milanov,Georgi Milanov,georgimilanov,DFFC
Georgi Shchennikov,Georgi Shchennikov,georgishchennikov,DFFC
Georgi Yartsev,Georgi Yartsev,georgiyartsev,DFFC
Georgia Inglis,Georgia Inglis,georgiainglis,DFFC
Georgia Moffett,Georgia Moffett,georgiamoffett,DFFC
Georgie Henley,Georgie Henley,georgiehenley,DFFC
Georgina Chapman,Georgina Chapman,georginachapman,DFFC
Georginio Wijnaldum,Georginio Wijnaldum,georginiowijnaldum,DFFC
Georgios Bantis,Georgios Bantis,georgiosbantis,DFFC
Georgios Samaras,Georgios Samaras,georgiossamaras,DFFC
Georgiy Daneliya,Georgiy Daneliya,georgiydaneliya,DFFC
Geovanni Gopradi,Geovanni Gopradi,geovannigopradi,DFFC
Geovanny Caicedo,Geovanny Caicedo,geovannycaicedo,DFFC
Geraint Rees,Geraint Rees,geraintrees,DFFC
Geraint Thomas,Geraint Thomas,geraintthomas,DFFC
Gerald Baumgartner,Gerald Baumgartner,geraldbaumgartner,DFFC
Gerald Brockhurst,Gerald Brockhurst,geraldbrockhurst,DFFC
Gerald Ciolek,Gerald Ciolek,geraldciolek,DFFC
Gerald Edelman,Gerald Edelman,geraldedelman,DFFC
Gerald Evan Williams,Gerald Evan Williams,geraldevanwilliams,DFFC
Gerald Frederick Kicanas,Gerald Frederick Kicanas,geraldfrederickkicanas,DFFC
Gerald Ganglbauer,Gerald Ganglbauer,geraldganglbauer,DFFC
Gerald Green,Gerald Green,geraldgreen,DFFC
Gerald Gustafson,Gerald Gustafson,geraldgustafson,DFFC
Gerald Madkins,Gerald Madkins,geraldmadkins,DFFC
Gerald Masters,Gerald Masters,geraldmasters,DFFC
Gerald McRaney,Gerald McRaney,geraldmcraney,DFFC
Gerald O. Young,Gerald O Young,geraldoyoung,DFFC
Gerald Posner,Gerald Posner,geraldposner,DFFC
Gerald Potterton,Gerald Potterton,geraldpotterton,DFFC
Gerald Stourzh,Gerald Stourzh,geraldstourzh,DFFC
Gerald Vanenburg,Gerald Vanenburg,geraldvanenburg,DFFC
Geraldine Chaplin,Geraldine Chaplin,geraldinechaplin,DFFC
Geraldo Rivera,Geraldo Rivera,geraldorivera,DFFC
Gerard Cowhig,Gerard Cowhig,gerardcowhig,DFFC
Geremi González,Geremi González,geremigonzlez,DFFC
Gergely Kulcsár,Gergely Kulcsár,gergelykulcsr,DFFC
Gerhard Gentzen,Gerhard Gentzen,gerhardgentzen,DFFC
Gerhard Polt,Gerhard Polt,gerhardpolt,DFFC
Gerhard Richter,Gerhard Richter,gerhardrichter,DFFC
Gerhard Weinberg,Gerhard Weinberg,gerhardweinberg,DFFC
Geri Halliwell,Geri Halliwell,gerihalliwell,DFFC
Gerli Liinamäe,Gerli Liinamäe,gerliliiname,DFFC
Gerli Padar,Gerli Padar,gerlipadar,DFFC
Germán Burgos,Germán Burgos,germnburgos,DFFC
Gerold Gruber,Gerold Gruber,geroldgruber,DFFC
Gerry Staley,Gerry Staley,gerrystaley,DFFC
Gert Boyle,Gert Boyle,gertboyle,DFFC
Gert Steegmans,Gert Steegmans,gertsteegmans,DFFC
Gerður Kristný,Gerður Kristný,gerurkristn,DFFC
Gheorghe Bucur,Gheorghe Bucur,gheorghebucur,DFFC
Gholamreza Hassani,Gholamreza Hassani,gholamrezahassani,DFFC
Gia Bugadze,Gia Bugadze,giabugadze,DFFC
Gia Lewis-Smallwood,Gia Lewis-Smallwood,gialewissmallwood,DFFC
Gia Milinovich,Gia Milinovich,giamilinovich,DFFC
Giacinto Facchetti,Giacinto Facchetti,giacintofacchetti,DFFC
Giacomo Agostini,Giacomo Agostini,giacomoagostini,DFFC
Giada Valenti,Giada Valenti,giadavalenti,DFFC
Gian Franco Morini,Gian Franco Morini,gianfrancomorini,DFFC
Giana Roberge,Giana Roberge,gianaroberge,DFFC
Gianfranco D'Angelo,Gianfranco D'Angelo,gianfrancodangelo,DFFC
Gianluca Brambilla,Gianluca Brambilla,gianlucabrambilla,DFFC
Gianluca Havern,Gianluca Havern,gianlucahavern,DFFC
Gianluca Petrella,Gianluca Petrella,gianlucapetrella,DFFC
Gianluca Zambrotta,Gianluca Zambrotta,gianlucazambrotta,DFFC
Gianluigi Buffon,Gianluigi Buffon,gianluigibuffon,DFFC
Gianluigi Quinzi,Gianluigi Quinzi,gianluigiquinzi,DFFC
Gianmaria Bruni,Gianmaria Bruni,gianmariabruni,DFFC
Gianna Michaels,Gianna Michaels,giannamichaels,DFFC
Gianni Morbidelli,Gianni Morbidelli,giannimorbidelli,DFFC
Gianni Motta,Gianni Motta,giannimotta,DFFC
Giannis Antetokounmpo,Giannis Antetokounmpo,giannisantetokounmpo,DFFC
Gibril Sankoh,Gibril Sankoh,gibrilsankoh,DFFC
Gideon Davies,Gideon Davies,gideondavies,DFFC
Giedo van der Garde,Giedo van der Garde,giedovandergarde,DFFC
Gigi Proietti,Gigi Proietti,gigiproietti,DFFC
Gihan Ibrahim,Gihan Ibrahim,gihanibrahim,DFFC
Gijs Van Hoecke,Gijs Van Hoecke,gijsvanhoecke,DFFC
Gil Bellows,Gil Bellows,gilbellows,DFFC
Gil Cohen,Gil Cohen,gilcohen,DFFC
Gil Kane,Gil Kane,gilkane,DFFC
Gil Kenan,Gil Kenan,gilkenan,DFFC
Gil McDougald,Gil McDougald,gilmcdougald,DFFC
Gil Scott-Heron,Gil Scott-Heron,gilscottheron,DFFC
Gilad Atzmon,Gilad Atzmon,giladatzmon,DFFC
Gilbert Nicholls,Gilbert Nicholls,gilbertnicholls,DFFC
Gilberto Câmara,Gilberto Câmara,gilbertocmara,DFFC
Gilberto Simoni,Gilberto Simoni,gilbertosimoni,DFFC
Giles Barnes,Giles Barnes,gilesbarnes,DFFC
Giles Fraser,Giles Fraser,gilesfraser,DFFC
Gilla,Gilla,gilla,DFFC
Gilles Delion,Gilles Delion,gillesdelion,DFFC
Gilles Kepel,Gilles Kepel,gilleskepel,DFFC
Gilles Mas,Gilles Mas,gillesmas,DFFC
Gillian Chung,Gillian Chung,gillianchung,DFFC
Gillian Flynn,Gillian Flynn,gillianflynn,DFFC
Gillian Welch,Gillian Welch,gillianwelch,DFFC
Gillian Wright,Gillian Wright,gillianwright,DFFC
Gina Holden,Gina Holden,ginaholden,DFFC
Gina Lynn,Gina Lynn,ginalynn,DFFC
Gina Rodriguez,Gina Rodriguez,ginarodriguez,DFFC
Gina Torres,Gina Torres,ginatorres,DFFC
Ginger Baker,Ginger Baker,gingerbaker,DFFC
Ginger Costa-Jackson,Ginger Costa-Jackson,gingercostajackson,DFFC
Ginjer Buchanan,Ginjer Buchanan,ginjerbuchanan,DFFC
Ginko Abukawa-Chiba,Ginko Abukawa-Chiba,ginkoabukawachiba,DFFC
Gino Marchetti,Gino Marchetti,ginomarchetti,DFFC
Gino Rea,Gino Rea,ginorea,DFFC
Gino Torretta,Gino Torretta,ginotorretta,DFFC
Gintaras Januševičius,Gintaras Januševičius,gintarasjanueviius,DFFC
Giordano Benedetti,Giordano Benedetti,giordanobenedetti,DFFC
Giorgia Bronzini,Giorgia Bronzini,giorgiabronzini,DFFC
Giorgio Cavazzano,Giorgio Cavazzano,giorgiocavazzano,DFFC
Giorgio Chiellini,Giorgio Chiellini,giorgiochiellini,DFFC
Giorgio Chinaglia,Giorgio Chinaglia,giorgiochinaglia,DFFC
Giorgio Faletti,Giorgio Faletti,giorgiofaletti,DFFC
Giorgio Mazza,Giorgio Mazza,giorgiomazza,DFFC
Giorgio Moroder,Giorgio Moroder,giorgiomoroder,DFFC
Giorgio Pantano,Giorgio Pantano,giorgiopantano,DFFC
Giorgos Katidis,Giorgos Katidis,giorgoskatidis,DFFC
Giovane Élber,Giovane Élber,giovanelber,DFFC
Giovani Bernard,Giovani Bernard,giovanibernard,DFFC
Giovani dos Santos,Giovani dos Santos,giovanidossantos,DFFC
Giovanni Bernaudeau,Giovanni Bernaudeau,giovannibernaudeau,DFFC
Giovanni Guidetti,Giovanni Guidetti,giovanniguidetti,DFFC
Giovanni Lapentti,Giovanni Lapentti,giovannilapentti,DFFC
Giovanni Sio,Giovanni Sio,giovannisio,DFFC
Giovanni Sirovich,Giovanni Sirovich,giovannisirovich,DFFC
Giovanni Tedesco,Giovanni Tedesco,giovannitedesco,DFFC
Giovanni Vescovi,Giovanni Vescovi,giovannivescovi,DFFC
Giselle Itié,Giselle Itié,giselleiti,DFFC
Gisèle Casadesus,Gisèle Casadesus,gislecasadesus,DFFC
Gita Gutawa,Gita Gutawa,gitagutawa,DFFC
Giulia Gatto-Monticone,Giulia Gatto-Monticone,giuliagattomonticone,DFFC
Giulia Michelini,Giulia Michelini,giuliamichelini,DFFC
Giulia Steingruber,Giulia Steingruber,giuliasteingruber,DFFC
Giuliana Rancic,Giuliana Rancic,giulianarancic,DFFC
Giuliano Gemma,Giuliano Gemma,giulianogemma,DFFC
Giulio Berruti,Giulio Berruti,giulioberruti,DFFC
Giulio Donati,Giulio Donati,giuliodonati,DFFC
Giuseppe Guerini,Giuseppe Guerini,giuseppeguerini,DFFC
Giuseppe Milone,Giuseppe Milone,giuseppemilone,DFFC
Giuseppe Rossi,Giuseppe Rossi,giusepperossi,DFFC
Giuseppe Vives,Giuseppe Vives,giuseppevives,DFFC
Gizem Giraygil,Gizem Giraygil,gizemgiraygil,DFFC
Gjorgji Čekovski,Gjorgji Čekovski,gjorgjiekovski,DFFC
Glacier,Glacier,glacier,DFFC
Glauco Onorato,Glauco Onorato,glaucoonorato,DFFC
Glen A. Larson,Glen A Larson,glenalarson,DFFC
Glen Adams,Glen Adams,glenadams,DFFC
Glen Chilton,Glen Chilton,glenchilton,DFFC
Glen Coffee,Glen Coffee,glencoffee,DFFC
Glen Cook,Glen Cook,glencook,DFFC
Glen Davis,Glen Davis,glendavis,DFFC
Glen Hirshberg,Glen Hirshberg,glenhirshberg,DFFC
Glen Keane,Glen Keane,glenkeane,DFFC
Glen Miller,Glen Miller,glenmiller,DFFC
Glen Moffatt,Glen Moffatt,glenmoffatt,DFFC
Glen Moss,Glen Moss,glenmoss,DFFC
Glen Rice,Glen Rice,glenrice,DFFC
Glen Sather,Glen Sather,glensather,DFFC
Glenn Archer,Glenn Archer,glennarcher,DFFC
Glenn Belezika,Glenn Belezika,glennbelezika,DFFC
Glenn Carson,Glenn Carson,glenncarson,DFFC
Glenn Flear,Glenn Flear,glennflear,DFFC
Glenn Greenwald,Glenn Greenwald,glenngreenwald,DFFC
Glenn Gregory,Glenn Gregory,glenngregory,DFFC
Glenn Gregson,Glenn Gregson,glenngregson,DFFC
Glenn Kotche,Glenn Kotche,glennkotche,DFFC
Glenn Murray,Glenn Murray,glennmurray,DFFC
Glenn Robinson III,Glenn Robinson III,glennrobinsoniii,DFFC
Glenn Torpy,Glenn Torpy,glenntorpy,DFFC
Glenn Worf,Glenn Worf,glennworf,DFFC
Gloria Allred,Gloria Allred,gloriaallred,DFFC
Gloria Garayua,Gloria Garayua,gloriagarayua,DFFC
Gloria Guida,Gloria Guida,gloriaguida,DFFC
Gloria Hendry,Gloria Hendry,gloriahendry,DFFC
Gloria Steinem,Gloria Steinem,gloriasteinem,DFFC
Gloria Trevi,Gloria Trevi,gloriatrevi,DFFC
Gláuber,Gláuber,gluber,DFFC
Goapele,Goapele,goapele,DFFC
Godfrey Khotso Mokoena,Godfrey Khotso Mokoena,godfreykhotsomokoena,DFFC
Gogita Gogua,Gogita Gogua,gogitagogua,DFFC
Golshifteh Farahani,Golshifteh Farahani,golshiftehfarahani,DFFC
Gonzalo Alcaín,Gonzalo Alcaín,gonzaloalcan,DFFC
Gonzalo Barriga,Gonzalo Barriga,gonzalobarriga,DFFC
Gonzalo Castro,Gonzalo Castro,gonzalocastro,DFFC
Gonzalo Higuaín,Gonzalo Higuaín,gonzalohiguan,DFFC
Gonzalo Jara,Gonzalo Jara,gonzalojara,DFFC
Gonzalo Martínez,Gonzalo Martínez,gonzalomartnez,DFFC
Gonzalo de la Torre,Gonzalo de la Torre,gonzalodelatorre,DFFC
Gopinath Muthukad,Gopinath Muthukad,gopinathmuthukad,DFFC
Goran Nava,Goran Nava,gorannava,DFFC
Goran Paskaljević,Goran Paskaljević,goranpaskaljevi,DFFC
Goran Paulić,Goran Paulić,goranpauli,DFFC
Goran Tomić,Goran Tomić,gorantomi,DFFC
Gordei Gorshkov,Gordei Gorshkov,gordeigorshkov,DFFC
Gordon Bennett,Gordon Bennett,gordonbennett,DFFC
Gordon Gano,Gordon Gano,gordongano,DFFC
Gordon Heuckeroth,Gordon Heuckeroth,gordonheuckeroth,DFFC
Gordon Moore,Gordon Moore,gordonmoore,DFFC
Gordon Shedden,Gordon Shedden,gordonshedden,DFFC
Gore Verbinski,Gore Verbinski,goreverbinski,DFFC
Gore Vidal,Gore Vidal,gorevidal,DFFC
Gosha Kutsenko,Gosha Kutsenko,goshakutsenko,DFFC
Gottfried John,Gottfried John,gottfriedjohn,DFFC
Gotye,Gotye,gotye,DFFC
Grace Bowman,Grace Bowman,gracebowman,DFFC
Grace Hartigan,Grace Hartigan,gracehartigan,DFFC
Grace Helbig,Grace Helbig,gracehelbig,DFFC
Grace Park,Grace Park,gracepark,DFFC
Grace Phipps,Grace Phipps,gracephipps,DFFC
Grady Hatton,Grady Hatton,gradyhatton,DFFC
Grady Sizemore,Grady Sizemore,gradysizemore,DFFC
Grady Tate,Grady Tate,gradytate,DFFC
Graeme Brown,Graeme Brown,graemebrown,DFFC
Graeme Lamb,Graeme Lamb,graemelamb,DFFC
Graeme Le Saux,Graeme Le Saux,graemelesaux,DFFC
Graeme Lloyd,Graeme Lloyd,graemelloyd,DFFC
Graeme Murty,Graeme Murty,graememurty,DFFC
Graeme Segal,Graeme Segal,graemesegal,DFFC
Graeme Smith,Graeme Smith,graemesmith,DFFC
Graeme Storm,Graeme Storm,graemestorm,DFFC
Graham Bartram,Graham Bartram,grahambartram,DFFC
Graham Cummins,Graham Cummins,grahamcummins,DFFC
Graham Gano,Graham Gano,grahamgano,DFFC
Graham Goddard,Graham Goddard,grahamgoddard,DFFC
Graham Harrell,Graham Harrell,grahamharrell,DFFC
Graham Hill,Graham Hill,grahamhill,DFFC
Graham Jones,Graham Jones,grahamjones,DFFC
Graham Kavanagh,Graham Kavanagh,grahamkavanagh,DFFC
Graham Webster,Graham Webster,grahamwebster,DFFC
Grahame Thorne,Grahame Thorne,grahamethorne,DFFC
Grandma Lee,Grandma Lee,grandmalee,DFFC
Grant Clitsome,Grant Clitsome,grantclitsome,DFFC
Grant Hanley,Grant Hanley,granthanley,DFFC
Grant Langston,Grant Langston,grantlangston,DFFC
Grant Patterson,Grant Patterson,grantpatterson,DFFC
Grayson Allen,Grayson Allen,graysonallen,DFFC
Grazia Maria Pinto,Grazia Maria Pinto,graziamariapinto,DFFC
Graziano Pellè,Graziano Pellè,grazianopell,DFFC
Grażyna Szmacińska,Grażyna Szmacińska,graynaszmaciska,DFFC
Greg Davis,Greg Davis,gregdavis,DFFC
Greg Dreiling,Greg Dreiling,gregdreiling,DFFC
Greg Drummond,Greg Drummond,gregdrummond,DFFC
Greg Dyke,Greg Dyke,gregdyke,DFFC
Greg Foot,Greg Foot,gregfoot,DFFC
Greg Frady,Greg Frady,gregfrady,DFFC
Greg Gibson,Greg Gibson,greggibson,DFFC
Greg Ginn,Greg Ginn,gregginn,DFFC
Greg Graham,Greg Graham,greggraham,DFFC
Greg Halford,Greg Halford,greghalford,DFFC
Greg Hammond,Greg Hammond,greghammond,DFFC
Greg Henderson,Greg Henderson,greghenderson,DFFC
Greg Jennings,Greg Jennings,gregjennings,DFFC
Greg K.,Greg K,gregk,DFFC
Greg Knapp,Greg Knapp,gregknapp,DFFC
Greg Lindquist,Greg Lindquist,greglindquist,DFFC
Greg Luzinski,Greg Luzinski,gregluzinski,DFFC
Greg Mottola,Greg Mottola,gregmottola,DFFC
Greg Mueller,Greg Mueller,gregmueller,DFFC
Greg Oden,Greg Oden,gregoden,DFFC
Greg Page,Greg Page,gregpage,DFFC
Greg Pateryn,Greg Pateryn,gregpateryn,DFFC
Greg Schiano,Greg Schiano,gregschiano,DFFC
Greg Smith,Greg Smith,gregsmith,DFFC
Greg Stewart,Greg Stewart,gregstewart,DFFC
Greg Stone,Greg Stone,gregstone,DFFC
Greg Valentine,Greg Valentine,gregvalentine,DFFC
Greg Vaughan,Greg Vaughan,gregvaughan,DFFC
Greg Walker,Greg Walker,gregwalker,DFFC
Greg Zuerlein,Greg Zuerlein,gregzuerlein,DFFC
Gregg Nibert,Gregg Nibert,greggnibert,DFFC
Gregg Popovich,Gregg Popovich,greggpopovich,DFFC
Gregor Arbet,Gregor Arbet,gregorarbet,DFFC
Gregor Robertson,Gregor Robertson,gregorrobertson,DFFC
Gregory Berríos,Gregory Berríos,gregoryberros,DFFC
Gregory Iron,Gregory Iron,gregoryiron,DFFC
Gregory Loewen,Gregory Loewen,gregoryloewen,DFFC
Gregory Michael Aymond,Gregory Michael Aymond,gregorymichaelaymond,DFFC
Gregory Nicotero,Gregory Nicotero,gregorynicotero,DFFC
Gregory Retallack,Gregory Retallack,gregoryretallack,DFFC
Gretchen Carlson,Gretchen Carlson,gretchencarlson,DFFC
Gretchen Wilson,Gretchen Wilson,gretchenwilson,DFFC
Grete Waitz,Grete Waitz,gretewaitz,DFFC
Greysia Polii,Greysia Polii,greysiapolii,DFFC
Griffon Ramsey,Griffon Ramsey,griffonramsey,DFFC
Grigoriy Andreyev,Grigoriy Andreyev,grigoriyandreyev,DFFC
Grigoriy Oparin,Grigoriy Oparin,grigoriyoparin,DFFC
Grigoriy Yablonsky,Grigoriy Yablonsky,grigoriyyablonsky,DFFC
Grimes,Grimes,grimes,DFFC
Grover Norquist,Grover Norquist,grovernorquist,DFFC
Gry Forssell,Gry Forssell,gryforssell,DFFC
Grzegorz Gwiazdowski,Grzegorz Gwiazdowski,grzegorzgwiazdowski,DFFC
Grégoire Maret,Grégoire Maret,grgoiremaret,DFFC
Grégoire-Pierre Agagianian,Grégoire-Pierre Agagianian,grgoirepierreagagianian,DFFC
Grégory Bourdy,Grégory Bourdy,grgorybourdy,DFFC
Grégory Gadebois,Grégory Gadebois,grgorygadebois,DFFC
Grégory Rast,Grégory Rast,grgoryrast,DFFC
Grégory Thil,Grégory Thil,grgorythil,DFFC
Gu Hara,Gu Hara,guhara,DFFC
Gugu Mbatha-Raw,Gugu Mbatha-Raw,gugumbatharaw,DFFC
Guido Buchwald,Guido Buchwald,guidobuchwald,DFFC
Guillaume Bonnafond,Guillaume Bonnafond,guillaumebonnafond,DFFC
Guillaume Gillet,Guillaume Gillet,guillaumegillet,DFFC
Guillaume Hoarau,Guillaume Hoarau,guillaumehoarau,DFFC
Guillaume Moreau,Guillaume Moreau,guillaumemoreau,DFFC
Guillaume Peltier,Guillaume Peltier,guillaumepeltier,DFFC
Guillaume Van Keirsbulck,Guillaume Van Keirsbulck,guillaumevankeirsbulck,DFFC
Guillermo Burdisso,Guillermo Burdisso,guillermoburdisso,DFFC
Guillermo Díaz,Guillermo Díaz,guillermodaz,DFFC
Guillermo Franco,Guillermo Franco,guillermofranco,DFFC
Guillermo Mota,Guillermo Mota,guillermomota,DFFC
Guitar Shorty,Guitar Shorty,guitarshorty,DFFC
Gula gubben,Gula gubben,gulagubben,DFFC
Gunilla Bergström,Gunilla Bergström,gunillabergstrm,DFFC
Gunnar Nelson,Gunnar Nelson,gunnarnelson,DFFC
Gunnar Nilsson,Gunnar Nilsson,gunnarnilsson,DFFC
Gunther O. Hofmann,Gunther O Hofmann,guntherohofmann,DFFC
Gunther von Hagens,Gunther von Hagens,gunthervonhagens,DFFC
Guntur Djafril,Guntur Djafril,gunturdjafril,DFFC
Gunārs Saliņš,Gunārs Saliņš,gunrssali,DFFC
Gurinder Chadha,Gurinder Chadha,gurinderchadha,DFFC
Gus Bell,Gus Bell,gusbell,DFFC
Gus Bradley,Gus Bradley,gusbradley,DFFC
Gus Niarhos,Gus Niarhos,gusniarhos,DFFC
Gustav A. Hedlund,Gustav A Hedlund,gustavahedlund,DFFC
Gustav Lorentzen,Gustav Lorentzen,gustavlorentzen,DFFC
Gustavo Gutiérrez,Gustavo Gutiérrez,gustavogutirrez,DFFC
Gustavo Miño,Gustavo Miño,gustavomio,DFFC
Gustavo Quinteros,Gustavo Quinteros,gustavoquinteros,DFFC
Gustavo Selva,Gustavo Selva,gustavoselva,DFFC
Gusttavo Lima,Gusttavo Lima,gusttavolima,DFFC
Guus Kuijer,Guus Kuijer,guuskuijer,DFFC
Guusje Nederhorst,Guusje Nederhorst,guusjenederhorst,DFFC
Guy André Boy,Guy André Boy,guyandrboy,DFFC
Guy Barker,Guy Barker,guybarker,DFFC
Guy Charron,Guy Charron,guycharron,DFFC
Guy Cobb,Guy Cobb,guycobb,DFFC
Guy Demel,Guy Demel,guydemel,DFFC
Guy Garvey,Guy Garvey,guygarvey,DFFC
Guy Goffette,Guy Goffette,guygoffette,DFFC
Guy Goodes,Guy Goodes,guygoodes,DFFC
Guy Green,Guy Green,guygreen,DFFC
Guy Madjo,Guy Madjo,guymadjo,DFFC
Guy Stéphane Essame,Guy Stéphane Essame,guystphaneessame,DFFC
Guy Wilks,Guy Wilks,guywilks,DFFC
Gwen Ifill,Gwen Ifill,gwenifill,DFFC
Gwen Stefani,Gwen Stefani,gwenstefani,DFFC
Gwendoline Christie,Gwendoline Christie,gwendolinechristie,DFFC
Gwendoline Didier,Gwendoline Didier,gwendolinedidier,DFFC
Gwyneth Herbert,Gwyneth Herbert,gwynethherbert,DFFC
Gwyneth Jones,Gwyneth Jones,gwynethjones,DFFC
Gwyneth Paltrow,Gwyneth Paltrow,gwynethpaltrow,DFFC
Gyo Obata,Gyo Obata,gyoobata,DFFC
Gypsy Boots,Gypsy Boots,gypsyboots,DFFC
György Garics,György Garics,gyrgygarics,DFFC
György Jakubinyi,György Jakubinyi,gyrgyjakubinyi,DFFC
György Pálfi,György Pálfi,gyrgyplfi,DFFC
Györgyi Zsivoczky-Farkas,Györgyi Zsivoczky-Farkas,gyrgyizsivoczkyfarkas,DFFC
Gábor A. Somorjai,Gábor A Somorjai,gborasomorjai,DFFC
Gábor Delneky,Gábor Delneky,gbordelneky,DFFC
Gábor Király,Gábor Király,gborkirly,DFFC
Génesis Carmona,Génesis Carmona,gnesiscarmona,DFFC
Génesis Rodríguez,Génesis Rodríguez,gnesisrodrguez,DFFC
Gérard Darmon,Gérard Darmon,grarddarmon,DFFC
Gérard Hernandez,Gérard Hernandez,grardhernandez,DFFC
Gérson Magrão,Gérson Magrão,grsonmagro,DFFC
Géza Bereményi,Géza Bereményi,gzaberemnyi,DFFC
Gökhan Inler,Gökhan Inler,gkhaninler,DFFC
Gökhan Töre,Gökhan Töre,gkhantre,DFFC
Gökhan Zan,Gökhan Zan,gkhanzan,DFFC
Gökhan Özoğuz,Gökhan Özoğuz,gkhanzouz,DFFC
Göran Sonnevi,Göran Sonnevi,gransonnevi,DFFC
Görel Crona,Görel Crona,grelcrona,DFFC
Gülbin Hız,Gülbin Hız,glbinhz,DFFC
Günter Bechly,Günter Bechly,gnterbechly,DFFC
Günter M. Ziegler,Günter M Ziegler,gntermziegler,DFFC
Günther Kaufmann,Günther Kaufmann,gntherkaufmann,DFFC
Gōtoku Sakai,Gōtoku Sakai,gtokusakai,DFFC
H. A. Willis,HA Willis,hawillis,DFFC
H. Arnold Steinberg,H Arnold Steinberg,harnoldsteinberg,DFFC
Ha Ji-won,Ha Ji-won,hajiwon,DFFC
Habib Habibou,Habib Habibou,habibhabibou,DFFC
Haddy N'jie,Haddy N'jie,haddynjie,DFFC
Hades,Hades,hades,DFFC
Hadrien Feraud,Hadrien Feraud,hadrienferaud,DFFC
Hailee Steinfeld,Hailee Steinfeld,haileesteinfeld,DFFC
Haimar Zubeldia,Haimar Zubeldia,haimarzubeldia,DFFC
Hajnalka Tóth,Hajnalka Tóth,hajnalkatth,DFFC
Hakan Yakin,Hakan Yakin,hakanyakin,DFFC
Hal Abelson,Hal Abelson,halabelson,DFFC
Hal Duncan,Hal Duncan,halduncan,DFFC
Hal Fowler,Hal Fowler,halfowler,DFFC
Hal Prewitt,Hal Prewitt,halprewitt,DFFC
Hal Steinbrenner,Hal Steinbrenner,halsteinbrenner,DFFC
Haley Irwin,Haley Irwin,haleyirwin,DFFC
Hall Davis,Hall Davis,halldavis,DFFC
Hallam Hope,Hallam Hope,hallamhope,DFFC
Hallgeir Pedersen,Hallgeir Pedersen,hallgeirpedersen,DFFC
Hallie Foote,Hallie Foote,halliefoote,DFFC
Hallucinogen,Hallucinogen,hallucinogen,DFFC
Haloti Ngata,Haloti Ngata,halotingata,DFFC
Halyna Kukhar,Halyna Kukhar,halynakukhar,DFFC
Hamady N'Diaye,Hamady N'Diaye,hamadyndiaye,DFFC
Hamdi Salihi,Hamdi Salihi,hamdisalihi,DFFC
Hamed Haddadi,Hamed Haddadi,hamedhaddadi,DFFC
Hamid Hassani,Hamid Hassani,hamidhassani,DFFC
Hamilton Camp,Hamilton Camp,hamiltoncamp,DFFC
Hamish Carter,Hamish Carter,hamishcarter,DFFC
Hamish McIntosh,Hamish McIntosh,hamishmcintosh,DFFC
Hamisi Amani-Dove,Hamisi Amani-Dove,hamisiamanidove,DFFC
Hammasa Kohistani,Hammasa Kohistani,hammasakohistani,DFFC
Hamza Alić,Hamza Alić,hamzaali,DFFC
Han Hee-won,Han Hee-won,hanheewon,DFFC
Han Xue,Han Xue,hanxue,DFFC
Han Ying,Han Ying,hanying,DFFC
Hana Hegerová,Hana Hegerová,hanahegerov,DFFC
Hana Klapalová,Hana Klapalová,hanaklapalov,DFFC
Hana Laszlo,Hana Laszlo,hanalaszlo,DFFC
Hana Pestle,Hana Pestle,hanapestle,DFFC
Hanan Ashrawi,Hanan Ashrawi,hananashrawi,DFFC
Handré Pollard,Handré Pollard,handrpollard,DFFC
Hanif Kureishi,Hanif Kureishi,hanifkureishi,DFFC
Hank Borowy,Hank Borowy,hankborowy,DFFC
Hank Gathers,Hank Gathers,hankgathers,DFFC
Hank Williams III,Hank Williams III,hankwilliamsiii,DFFC
Hanka Paldum,Hanka Paldum,hankapaldum,DFFC
Hanna Bakuła,Hanna Bakuła,hannabakua,DFFC
Hanna Nilsson,Hanna Nilsson,hannanilsson,DFFC
Hanna Stjärne,Hanna Stjärne,hannastjrne,DFFC
Hanna Titimets,Hanna Titimets,hannatitimets,DFFC
Hanna Zavecz,Hanna Zavecz,hannazavecz,DFFC
Hannah Davis,Hannah Davis,hannahdavis,DFFC
Hannah England,Hannah England,hannahengland,DFFC
Hannah Georgas,Hannah Georgas,hannahgeorgas,DFFC
Hannah Simone,Hannah Simone,hannahsimone,DFFC
Hannah Storm,Hannah Storm,hannahstorm,DFFC
Hannah Ware,Hannah Ware,hannahware,DFFC
Hanne Hukkelberg,Hanne Hukkelberg,hannehukkelberg,DFFC
Hanne Krogh,Hanne Krogh,hannekrogh,DFFC
Hannelore Auer,Hannelore Auer,hanneloreauer,DFFC
Hannes Stefánsson,Hannes Stefánsson,hannesstefnsson,DFFC
Hannes Wader,Hannes Wader,hanneswader,DFFC
Hannes Þór Halldórsson,Hannes Þór Halldórsson,hannesrhalldrsson,DFFC
Hans Georg Bock,Hans Georg Bock,hansgeorgbock,DFFC
Hans Herrmann,Hans Herrmann,hansherrmann,DFFC
Hans Norbye,Hans Norbye,hansnorbye,DFFC
Hans Reidar Holtermann,Hans Reidar Holtermann,hansreidarholtermann,DFFC
Hans Rosling,Hans Rosling,hansrosling,DFFC
Hans Tikkanen,Hans Tikkanen,hanstikkanen,DFFC
Hans Westerhoff,Hans Westerhoff,hanswesterhoff,DFFC
Hans Zdražila,Hans Zdražila,hanszdraila,DFFC
Hans Zimmer,Hans Zimmer,hanszimmer,DFFC
Hans á Lag,Hans á Lag,hanslag,DFFC
Hans-Emil Schuster,Hans-Emil Schuster,hansemilschuster,DFFC
Hans-Kristian Kjos Sørensen,Hans-Kristian Kjos Sørensen,hanskristiankjossrensen,DFFC
Hans-Ulrich Rudel,Hans-Ulrich Rudel,hansulrichrudel,DFFC
Hansika Motwani,Hansika Motwani,hansikamotwani,DFFC
Hap Perry,Hap Perry,happerry,DFFC
Happy Salma,Happy Salma,happysalma,DFFC
Harald Helfgott,Harald Helfgott,haraldhelfgott,DFFC
Harald Zwart,Harald Zwart,haraldzwart,DFFC
Hardeep Tauo Toganwalia,Hardeep Tauo Toganwalia,hardeeptauotoganwalia,DFFC
Haris Medunjanin,Haris Medunjanin,harismedunjanin,DFFC
Haris Radetinac,Haris Radetinac,harisradetinac,DFFC
Haris Safwan Kamal,Haris Safwan Kamal,harissafwankamal,DFFC
Hariton Pushwagner,Hariton Pushwagner,haritonpushwagner,DFFC
Harland Gunn,Harland Gunn,harlandgunn,DFFC
Harley Baldwin,Harley Baldwin,harleybaldwin,DFFC
Harm Kuipers,Harm Kuipers,harmkuipers,DFFC
Harmeet Singh,Harmeet Singh,harmeetsingh,DFFC
Harmony Korine,Harmony Korine,harmonykorine,DFFC
Harold Drew,Harold Drew,harolddrew,DFFC
Harold Elliott,Harold Elliott,haroldelliott,DFFC
Harold Evans,Harold Evans,haroldevans,DFFC
Harold Perrineau,Harold Perrineau,haroldperrineau,DFFC
Harold Phillipoff,Harold Phillipoff,haroldphillipoff,DFFC
Harold van der Heijden,Harold van der Heijden,haroldvanderheijden,DFFC
Harriet Burns,Harriet Burns,harrietburns,DFFC
Harriet Hunt,Harriet Hunt,harriethunt,DFFC
Harriet Walter,Harriet Walter,harrietwalter,DFFC
Harrison Barnes,Harrison Barnes,harrisonbarnes,DFFC
Harrison Ford,Harrison Ford,harrisonford,DFFC
Harrison Smith,Harrison Smith,harrisonsmith,DFFC
Harry B. Gray,Harry B Gray,harrybgray,DFFC
Harry Browne,Harry Browne,harrybrowne,DFFC
Harry Byrd,Harry Byrd,harrybyrd,DFFC
Harry Caray,Harry Caray,harrycaray,DFFC
Harry Chauvel,Harry Chauvel,harrychauvel,DFFC
Harry Chiti,Harry Chiti,harrychiti,DFFC
Harry D. Train II,Harry D Train II,harrydtrainii,DFFC
Harry Dean Stanton,Harry Dean Stanton,harrydeanstanton,DFFC
Harry Douglas,Harry Douglas,harrydouglas,DFFC
Harry Dowda,Harry Dowda,harrydowda,DFFC
"Harry Gale Nye, Jr.","Harry Gale Nye, Jr",harrygalenyejr,DFFC
Harry Gibson,Harry Gibson,harrygibson,DFFC
Harry Gilmer,Harry Gilmer,harrygilmer,DFFC
Harry Hamlin,Harry Hamlin,harryhamlin,DFFC
Harry Harrison,Harry Harrison,harryharrison,DFFC
Harry Hill,Harry Hill,harryhill,DFFC
Harry Jenkins,Harry Jenkins,harryjenkins,DFFC
Harry Kalas,Harry Kalas,harrykalas,DFFC
Harry Kewell,Harry Kewell,harrykewell,DFFC
Harry Maguire,Harry Maguire,harrymaguire,DFFC
Harry Mattick,Harry Mattick,harrymattick,DFFC
Harry Morley,Harry Morley,harrymorley,DFFC
Harry Muskee,Harry Muskee,harrymuskee,DFFC
Harry Pell,Harry Pell,harrypell,DFFC
Harry Redknapp,Harry Redknapp,harryredknapp,DFFC
Harry Reems,Harry Reems,harryreems,DFFC
Harry Thompson,Harry Thompson,harrythompson,DFFC
Harry Ulinski,Harry Ulinski,harryulinski,DFFC
Harry Wu,Harry Wu,harrywu,DFFC
Harry Zolnierczyk,Harry Zolnierczyk,harryzolnierczyk,DFFC
Hart Hanson,Hart Hanson,harthanson,DFFC
Haruka Imai,Haruka Imai,harukaimai,DFFC
Haruomi Hosono,Haruomi Hosono,haruomihosono,DFFC
Harvey Dahl,Harvey Dahl,harveydahl,DFFC
Harvey Haddix,Harvey Haddix,harveyhaddix,DFFC
Harvey Hancock,Harvey Hancock,harveyhancock,DFFC
Harvey Jerome Brudner,Harvey Jerome Brudner,harveyjeromebrudner,DFFC
Harvey Levin,Harvey Levin,harveylevin,DFFC
Harvey Lisberg,Harvey Lisberg,harveylisberg,DFFC
Hasan Abdullayev,Hasan Abdullayev,hasanabdullayev,DFFC
Hasan Ali Kaldırım,Hasan Ali Kaldırım,hasanalikaldrm,DFFC
Hasan Salihamidžić,Hasan Salihamidžić,hasansalihamidi,DFFC
Hasan Özer,Hasan Özer,hasanzer,DFFC
Hasan Şaş,Hasan Şaş,hasana,DFFC
Hasheem Thabeet,Hasheem Thabeet,hasheemthabeet,DFFC
Hashim Amla,Hashim Amla,hashimamla,DFFC
Hatem Ben Arfa,Hatem Ben Arfa,hatembenarfa,DFFC
Havana Brown,Havana Brown,havanabrown,DFFC
Haven Denney,Haven Denney,havendenney,DFFC
Hayford Peirce,Hayford Peirce,hayfordpeirce,DFFC
Hayle Ibrahimov,Hayle Ibrahimov,hayleibrahimov,DFFC
Hayley Anne Sacks,Hayley Anne Sacks,hayleyannesacks,DFFC
Hayley Crawford,Hayley Crawford,hayleycrawford,DFFC
Hayley Jones,Hayley Jones,hayleyjones,DFFC
Hayley Lauder,Hayley Lauder,hayleylauder,DFFC
Hayley Orrantia,Hayley Orrantia,hayleyorrantia,DFFC
Hayley Wickenheiser,Hayley Wickenheiser,hayleywickenheiser,DFFC
Hazel Clark,Hazel Clark,hazelclark,DFFC
He Jie,He Jie,hejie,DFFC
He Wenna,He Wenna,hewenna,DFFC
He Zhuoyan,He Zhuoyan,hezhuoyan,DFFC
Heath Francis,Heath Francis,heathfrancis,DFFC
Heath Slater,Heath Slater,heathslater,DFFC
Heather Chasen,Heather Chasen,heatherchasen,DFFC
Heather Cox,Heather Cox,heathercox,DFFC
Heather Garriock,Heather Garriock,heathergarriock,DFFC
Heather Graham,Heather Graham,heathergraham,DFFC
Heather Locklear,Heather Locklear,heatherlocklear,DFFC
Heather Moyse,Heather Moyse,heathermoyse,DFFC
Heather O'Rourke,Heather O'Rourke,heatherorourke,DFFC
Heather Peace,Heather Peace,heatherpeace,DFFC
Heather Rankin,Heather Rankin,heatherrankin,DFFC
Heather Reisman,Heather Reisman,heatherreisman,DFFC
Heather Vandeven,Heather Vandeven,heathervandeven,DFFC
Hedvig Lindahl,Hedvig Lindahl,hedviglindahl,DFFC
Hedwig von Trapp,Hedwig von Trapp,hedwigvontrapp,DFFC
Hee-kyung Seo,Hee-kyung Seo,heekyungseo,DFFC
Hege Bøkko,Hege Bøkko,hegebkko,DFFC
Heidi Fleiss,Heidi Fleiss,heidifleiss,DFFC
Heidi Kabel,Heidi Kabel,heidikabel,DFFC
Heike Friedrich,Heike Friedrich,heikefriedrich,DFFC
Heikki Kovalainen,Heikki Kovalainen,heikkikovalainen,DFFC
Heiko Westermann,Heiko Westermann,heikowestermann,DFFC
Heimano Bourebare,Heimano Bourebare,heimanobourebare,DFFC
Heimo Pfeifenberger,Heimo Pfeifenberger,heimopfeifenberger,DFFC
Heine Totland,Heine Totland,heinetotland,DFFC
"Heinrich IV, Prince Reuss of Köstritz","Heinrich IV, Prince Reuss of Köstritz",heinrichivprincereussofkstritz,DFFC
Heinrich Popow,Heinrich Popow,heinrichpopow,DFFC
Heinz Lindner,Heinz Lindner,heinzlindner,DFFC
Heinz Stücke,Heinz Stücke,heinzstcke,DFFC
Heinz Winckler,Heinz Winckler,heinzwinckler,DFFC
Helder Antunes,Helder Antunes,helderantunes,DFFC
Helen Alfredsson,Helen Alfredsson,helenalfredsson,DFFC
Helen Cornelius,Helen Cornelius,helencornelius,DFFC
Helen Czerski,Helen Czerski,helenczerski,DFFC
Helen Dallimore,Helen Dallimore,helendallimore,DFFC
Helen Duval,Helen Duval,helenduval,DFFC
Helen McCrory,Helen McCrory,helenmccrory,DFFC
Helen Prejean,Helen Prejean,helenprejean,DFFC
Helen Reddy,Helen Reddy,helenreddy,DFFC
Helen Scott,Helen Scott,helenscott,DFFC
Helen Slater,Helen Slater,helenslater,DFFC
Helen Thomas,Helen Thomas,helenthomas,DFFC
Helena Araújo,Helena Araújo,helenaarajo,DFFC
Helena Carter,Helena Carter,helenacarter,DFFC
Helena Christensen,Helena Christensen,helenachristensen,DFFC
Helena Costa,Helena Costa,helenacosta,DFFC
Helena Ekholm,Helena Ekholm,helenaekholm,DFFC
"Helena Kennedy, Baroness Kennedy of The Shaws","Helena Kennedy, Baroness Kennedy of The Shaws",helenakennedybaronesskennedyoftheshaws,DFFC
Helene Fischer,Helene Fischer,helenefischer,DFFC
Helga Margrét Þorsteinsdóttir,Helga Margrét Þorsteinsdóttir,helgamargrtorsteinsdttir,DFFC
Helga Zepp-LaRouche,Helga Zepp-LaRouche,helgazepplarouche,DFFC
Helgi Daníelsson,Helgi Daníelsson,helgidanelsson,DFFC
Helmut Berger,Helmut Berger,helmutberger,DFFC
Helmut Dietl,Helmut Dietl,helmutdietl,DFFC
Helmut Hofer,Helmut Hofer,helmuthofer,DFFC
Helmuth Gericke,Helmuth Gericke,helmuthgericke,DFFC
Helmuth Lehner,Helmuth Lehner,helmuthlehner,DFFC
Helton Arruda,Helton Arruda,heltonarruda,DFFC
Hendrick Ramaala,Hendrick Ramaala,hendrickramaala,DFFC
Hendryk Schamberger,Hendryk Schamberger,hendrykschamberger,DFFC
Henjo Richter,Henjo Richter,henjorichter,DFFC
Henk Vogels,Henk Vogels,henkvogels,DFFC
Henna Lindholm,Henna Lindholm,hennalindholm,DFFC
Henning Solberg,Henning Solberg,henningsolberg,DFFC
Henok Goitom,Henok Goitom,henokgoitom,DFFC
Henri Caroine,Henri Caroine,henricaroine,DFFC
Henri Ciriani,Henri Ciriani,henriciriani,DFFC
Henri Nouwen,Henri Nouwen,henrinouwen,DFFC
Henrieta Farkašová,Henrieta Farkašová,henrietafarkaov,DFFC
Henrik Christiansen,Henrik Christiansen,henrikchristiansen,DFFC
Henrik Klingenberg,Henrik Klingenberg,henrikklingenberg,DFFC
Henrik Ojamaa,Henrik Ojamaa,henrikojamaa,DFFC
"Henrik, Prince Consort of Denmark","Henrik, Prince Consort of Denmark",henrikprinceconsortofdenmark,DFFC
Henrikh Mkhitaryan,Henrikh Mkhitaryan,henrikhmkhitaryan,DFFC
Henry E. Taylor III,Henry E Taylor III,henryetayloriii,DFFC
Henry Hill,Henry Hill,henryhill,DFFC
Henry Hopper,Henry Hopper,henryhopper,DFFC
Henry Hübchen,Henry Hübchen,henryhbchen,DFFC
Henry J. Rosner,Henry J Rosner,henryjrosner,DFFC
Henry Jenkins,Henry Jenkins,henryjenkins,DFFC
Henry Kravis,Henry Kravis,henrykravis,DFFC
Henry Lau,Henry Lau,henrylau,DFFC
Henry Patta,Henry Patta,henrypatta,DFFC
Henry Rollins,Henry Rollins,henryrollins,DFFC
Henry Winkler,Henry Winkler,henrywinkler,DFFC
Henry van de Velde,Henry van de Velde,henryvandevelde,DFFC
Henryk Chmielewski,Henryk Chmielewski,henrykchmielewski,DFFC
Herb Caen,Herb Caen,herbcaen,DFFC
Herb Kelleher,Herb Kelleher,herbkelleher,DFFC
Herb Sendek,Herb Sendek,herbsendek,DFFC
Herb Trimpe,Herb Trimpe,herbtrimpe,DFFC
Herbert Blau,Herbert Blau,herbertblau,DFFC
Herbert Boyer,Herbert Boyer,herbertboyer,DFFC
Herbert C. Holdridge,Herbert C Holdridge,herbertcholdridge,DFFC
Herbert Loebl,Herbert Loebl,herbertloebl,DFFC
Herbie Blash,Herbie Blash,herbieblash,DFFC
Herbie Hancock,Herbie Hancock,herbiehancock,DFFC
Herbie Phillips,Herbie Phillips,herbiephillips,DFFC
Heribert Prantl,Heribert Prantl,heribertprantl,DFFC
Heribert Weber,Heribert Weber,heribertweber,DFFC
Heritier Lumumba,Heritier Lumumba,heritierlumumba,DFFC
Herman Claudius van Riemsdijk,Herman Claudius van Riemsdijk,hermanclaudiusvanriemsdijk,DFFC
Herman Johnson,Herman Johnson,hermanjohnson,DFFC
Herman Lindqvist,Herman Lindqvist,hermanlindqvist,DFFC
Herman Matthews,Herman Matthews,hermanmatthews,DFFC
Herman Van Springel,Herman Van Springel,hermanvanspringel,DFFC
Herman van Veen,Herman van Veen,hermanvanveen,DFFC
Hermann Lang,Hermann Lang,hermannlang,DFFC
Hernandez,Hernandez,hernandez,DFFC
Herschell Gordon Lewis,Herschell Gordon Lewis,herschellgordonlewis,DFFC
Herson Capri,Herson Capri,hersoncapri,DFFC
Herta Müller,Herta Müller,hertamller,DFFC
Herve Xavier Zengue,Herve Xavier Zengue,hervexavierzengue,DFFC
Hervé Falciani,Hervé Falciani,hervfalciani,DFFC
Hervé Lord,Hervé Lord,hervlord,DFFC
Hervé Yamguen,Hervé Yamguen,hervyamguen,DFFC
Hiam Abbass,Hiam Abbass,hiamabbass,DFFC
Hicham El Guerrouj,Hicham El Guerrouj,hichamelguerrouj,DFFC
Hidehiko Yoshida,Hidehiko Yoshida,hidehikoyoshida,DFFC
Hideki Mutoh,Hideki Mutoh,hidekimutoh,DFFC
Hideo Kojima,Hideo Kojima,hideokojima,DFFC
Hidetoshi Nakata,Hidetoshi Nakata,hidetoshinakata,DFFC
Hienadz Buraukin,Hienadz Buraukin,hienadzburaukin,DFFC
Hiizu Iwamura,Hiizu Iwamura,hiizuiwamura,DFFC
Hikari Minami,Hikari Minami,hikariminami,DFFC
Hikaru Shida,Hikaru Shida,hikarushida,DFFC
Hikaru Utada,Hikaru Utada,hikaruutada,DFFC
Hikmet Balioğlu,Hikmet Balioğlu,hikmetbaliolu,DFFC
Hila Bronstein,Hila Bronstein,hilabronstein,DFFC
Hilary Bradt,Hilary Bradt,hilarybradt,DFFC
Hilary Koprowski,Hilary Koprowski,hilarykoprowski,DFFC
Hilda Carlén,Hilda Carlén,hildacarln,DFFC
Hillary B. Smith,Hillary B Smith,hillarybsmith,DFFC
Hillbilly Jim,Hillbilly Jim,hillbillyjim,DFFC
Hillel Furstenberg,Hillel Furstenberg,hillelfurstenberg,DFFC
Hilly Kristal,Hilly Kristal,hillykristal,DFFC
Hiro Mashima,Hiro Mashima,hiromashima,DFFC
Hiroki Morisaki,Hiroki Morisaki,hirokimorisaki,DFFC
Hiroki Moriya,Hiroki Moriya,hirokimoriya,DFFC
Hiromasa Yonekura,Hiromasa Yonekura,hiromasayonekura,DFFC
Hiromichi Tanaka,Hiromichi Tanaka,hiromichitanaka,DFFC
Hirooki Goto,Hirooki Goto,hirookigoto,DFFC
Hiroshi Hoketsu,Hiroshi Hoketsu,hiroshihoketsu,DFFC
Hiroshi Tanahashi,Hiroshi Tanahashi,hiroshitanahashi,DFFC
Hiroyoshi Tenzan,Hiroyoshi Tenzan,hiroyoshitenzan,DFFC
"Hisako, Princess Takamado","Hisako, Princess Takamado",hisakoprincesstakamado,DFFC
Hisashi Inoue,Hisashi Inoue,hisashiinoue,DFFC
Hisashi Yamada,Hisashi Yamada,hisashiyamada,DFFC
Holder da Silva,Holder da Silva,holderdasilva,DFFC
Holger Glinicki,Holger Glinicki,holgerglinicki,DFFC
Holger Stromberg,Holger Stromberg,holgerstromberg,DFFC
Holland Roden,Holland Roden,hollandroden,DFFC
Holland Taylor,Holland Taylor,hollandtaylor,DFFC
Holliday Grainger,Holliday Grainger,hollidaygrainger,DFFC
Hollie Stevens,Hollie Stevens,holliestevens,DFFC
Holly Golightly,Holly Golightly,hollygolightly,DFFC
Holly Holm,Holly Holm,hollyholm,DFFC
Holly Johnson,Holly Johnson,hollyjohnson,DFFC
Holly Marie Combs,Holly Marie Combs,hollymariecombs,DFFC
Holly Near,Holly Near,hollynear,DFFC
Holly Throsby,Holly Throsby,hollythrosby,DFFC
Holly Weber,Holly Weber,hollyweber,DFFC
Homare Sawa,Homare Sawa,homaresawa,DFFC
Homayoun Behzadi,Homayoun Behzadi,homayounbehzadi,DFFC
Homicide,Homicide,homicide,DFFC
Honey Piazza,Honey Piazza,honeypiazza,DFFC
Honeysuckle Weeks,Honeysuckle Weeks,honeysuckleweeks,DFFC
Hong Jin-joo,Hong Jin-joo,hongjinjoo,DFFC
Hong Jong-hyun,Hong Jong-hyun,hongjonghyun,DFFC
Hooshang Amirahmadi,Hooshang Amirahmadi,hooshangamirahmadi,DFFC
Hope Akpan,Hope Akpan,hopeakpan,DFFC
Hope Solo,Hope Solo,hopesolo,DFFC
Horace Alexander,Horace Alexander,horacealexander,DFFC
Horace Hendrickson,Horace Hendrickson,horacehendrickson,DFFC
Horace Romano Harré,Horace Romano Harré,horaceromanoharr,DFFC
"Horace Seely-Brown, Jr.","Horace Seely-Brown, Jr",horaceseelybrownjr,DFFC
Horia Colibășanu,Horia Colibășanu,horiacolibanu,DFFC
Hossam Ghaly,Hossam Ghaly,hossamghaly,DFFC
Hossein Faraki,Hossein Faraki,hosseinfaraki,DFFC
Hossein Nuri,Hossein Nuri,hosseinnuri,DFFC
Houssine Kharja,Houssine Kharja,houssinekharja,DFFC
Houston Nutt,Houston Nutt,houstonnutt,DFFC
Howard Bryant,Howard Bryant,howardbryant,DFFC
Howard Cedar,Howard Cedar,howardcedar,DFFC
Howard D. Graves,Howard D Graves,howarddgraves,DFFC
Howard Eisley,Howard Eisley,howardeisley,DFFC
Howard Fuller,Howard Fuller,howardfuller,DFFC
Howard Hartley,Howard Hartley,howardhartley,DFFC
Howard James Hubbard,Howard James Hubbard,howardjameshubbard,DFFC
Howard Kaylan,Howard Kaylan,howardkaylan,DFFC
Howard Leese,Howard Leese,howardleese,DFFC
Howard Morrison,Howard Morrison,howardmorrison,DFFC
Howard Stern,Howard Stern,howardstern,DFFC
Howard Stringer,Howard Stringer,howardstringer,DFFC
Howard Webb,Howard Webb,howardwebb,DFFC
Howie Dorough,Howie Dorough,howiedorough,DFFC
Howie Long,Howie Long,howielong,DFFC
Howie Mandel,Howie Mandel,howiemandel,DFFC
Howie Rose,Howie Rose,howierose,DFFC
"Hoyt S. Vandenberg, Jr.","Hoyt S Vandenberg, Jr",hoytsvandenbergjr,DFFC
Hozier,Hozier,hozier,DFFC
Hristina Vassileva,Hristina Vassileva,hristinavassileva,DFFC
Hrithik Roshan,Hrithik Roshan,hrithikroshan,DFFC
Hrvoje Perić,Hrvoje Perić,hrvojeperi,DFFC
Hu Mei,Hu Mei,humei,DFFC
Huang Xintong,Huang Xintong,huangxintong,DFFC
Huber Matos,Huber Matos,hubermatos,DFFC
Hubert Österle,Hubert Österle,hubertsterle,DFFC
Huck Seed,Huck Seed,huckseed,DFFC
Hugh Dancy,Hugh Dancy,hughdancy,DFFC
Hugh Grant,Hugh Grant,hughgrant,DFFC
Hugh Green,Hugh Green,hughgreen,DFFC
Hugh Jackman,Hugh Jackman,hughjackman,DFFC
Hugh Laurie,Hugh Laurie,hughlaurie,DFFC
Hugh Masekela,Hugh Masekela,hughmasekela,DFFC
Hugh McElhenny,Hugh McElhenny,hughmcelhenny,DFFC
Hugh Panaro,Hugh Panaro,hughpanaro,DFFC
"Hugh Thompson, Jr.","Hugh Thompson, Jr",hughthompsonjr,DFFC
Hugo Barra,Hugo Barra,hugobarra,DFFC
Hugo Brandt Corstius,Hugo Brandt Corstius,hugobrandtcorstius,DFFC
Hugo Campagnaro,Hugo Campagnaro,hugocampagnaro,DFFC
Hugo Colace,Hugo Colace,hugocolace,DFFC
Hugo Heyrman,Hugo Heyrman,hugoheyrman,DFFC
Hugo Rodallega,Hugo Rodallega,hugorodallega,DFFC
Hugo Sánchez,Hugo Sánchez,hugosnchez,DFFC
Hugo Valente,Hugo Valente,hugovalente,DFFC
Hugo Viana,Hugo Viana,hugoviana,DFFC
Hugo van Lawick,Hugo van Lawick,hugovanlawick,DFFC
Hugues Gentillon,Hugues Gentillon,huguesgentillon,DFFC
Huguette Labelle,Huguette Labelle,huguettelabelle,DFFC
Hulk,Hulk,hulk,DFFC
Huma Qureshi,Huma Qureshi,humaqureshi,DFFC
Humberto Fernández Morán,Humberto Fernández Morán,humbertofernndezmorn,DFFC
Humphrey Lyttelton,Humphrey Lyttelton,humphreylyttelton,DFFC
Hunter Hayes,Hunter Hayes,hunterhayes,DFFC
Hunter King,Hunter King,hunterking,DFFC
Hunter Parrish,Hunter Parrish,hunterparrish,DFFC
Hunter Tylo,Hunter Tylo,huntertylo,DFFC
Hunter Wendelstedt,Hunter Wendelstedt,hunterwendelstedt,DFFC
Huntington Hartford,Huntington Hartford,huntingtonhartford,DFFC
Hussain Ali Shehab,Hussain Ali Shehab,hussainalishehab,DFFC
Hussein Fatal,Hussein Fatal,husseinfatal,DFFC
Huw Edwards,Huw Edwards,huwedwards,DFFC
Hyde,Hyde,hyde,DFFC
Håkan Dahlby,Håkan Dahlby,hkandahlby,DFFC
Håkan Södergren,Håkan Södergren,hkansdergren,DFFC
Håkon Kornstad,Håkon Kornstad,hkonkornstad,DFFC
Håkon Mjåset Johansen,Håkon Mjåset Johansen,hkonmjsetjohansen,DFFC
Héctor Bellerín,Héctor Bellerín,hctorbellern,DFFC
Héctor Cúper,Héctor Cúper,hctorcper,DFFC
Hélio Castroneves,Hélio Castroneves,hliocastroneves,DFFC
Hélio Pinto,Hélio Pinto,hliopinto,DFFC
Hélio Roque,Hélio Roque,hlioroque,DFFC
Hélène Chanel,Hélène Chanel,hlnechanel,DFFC
Hélène Fillières,Hélène Fillières,hlnefillires,DFFC
Hólmfríður Magnúsdóttir,Hólmfríður Magnúsdóttir,hlmfrurmagnsdttir,DFFC
Hüseyin Tavur,Hüseyin Tavur,hseyintavur,DFFC
Hương Thuỷ,Hương Thuỷ,hngthu,DFFC
I. Ahmed,I Ahmed,iahmed,DFFC
I. F. Stone,IF Stone,ifstone,DFFC
I. M. Ibrahim,IM Ibrahim,imibrahim,DFFC
I. M. Pei,IM Pei,impei,DFFC
IU,IU,iu,DFFC
Iago Aspas,Iago Aspas,iagoaspas,DFFC
Iago Bouzón,Iago Bouzón,iagobouzn,DFFC
Iain De Caestecker,Iain De Caestecker,iaindecaestecker,DFFC
Iain Fyfe,Iain Fyfe,iainfyfe,DFFC
Iain Glen,Iain Glen,iainglen,DFFC
Iain Murray,Iain Murray,iainmurray,DFFC
Iain Steel,Iain Steel,iainsteel,DFFC
Iain Stirling,Iain Stirling,iainstirling,DFFC
Iain Torrance,Iain Torrance,iaintorrance,DFFC
Ian Ashbee,Ian Ashbee,ianashbee,DFFC
Ian Black,Ian Black,ianblack,DFFC
Ian Bone,Ian Bone,ianbone,DFFC
Ian Boswell,Ian Boswell,ianboswell,DFFC
Ian Brown,Ian Brown,ianbrown,DFFC
Ian Burns,Ian Burns,ianburns,DFFC
Ian Callum,Ian Callum,iancallum,DFFC
Ian Clarke,Ian Clarke,ianclarke,DFFC
Ian Dougald McLachlan,Ian Dougald McLachlan,iandougaldmclachlan,DFFC
Ian Dury,Ian Dury,iandury,DFFC
Ian Gillan,Ian Gillan,iangillan,DFFC
Ian Habgood,Ian Habgood,ianhabgood,DFFC
Ian Holloway,Ian Holloway,ianholloway,DFFC
Ian Holm,Ian Holm,ianholm,DFFC
Ian Kershaw,Ian Kershaw,iankershaw,DFFC
Ian Lorello,Ian Lorello,ianlorello,DFFC
Ian Lougher,Ian Lougher,ianlougher,DFFC
Ian Mackay,Ian Mackay,ianmackay,DFFC
Ian McDiarmid,Ian McDiarmid,ianmcdiarmid,DFFC
Ian McEwan,Ian McEwan,ianmcewan,DFFC
Ian McKellen,Ian McKellen,ianmckellen,DFFC
Ian Miller,Ian Miller,ianmiller,DFFC
Ian Mosley,Ian Mosley,ianmosley,DFFC
Ian Moss,Ian Moss,ianmoss,DFFC
Ian Nepomniachtchi,Ian Nepomniachtchi,iannepomniachtchi,DFFC
Ian Ogilvy,Ian Ogilvy,ianogilvy,DFFC
Ian Rogers,Ian Rogers,ianrogers,DFFC
Ian Smith,Ian Smith,iansmith,DFFC
Ian Somerhalder,Ian Somerhalder,iansomerhalder,DFFC
Ian Tyson,Ian Tyson,iantyson,DFFC
Ian Usher,Ian Usher,ianusher,DFFC
Ian Vougioukas,Ian Vougioukas,ianvougioukas,DFFC
Ian Williams,Ian Williams,ianwilliams,DFFC
Iaroslav Mușinschi,Iaroslav Mușinschi,iaroslavmuinschi,DFFC
Iban Mayo,Iban Mayo,ibanmayo,DFFC
Ibragim Tsallagov,Ibragim Tsallagov,ibragimtsallagov,DFFC
Ibrahim Ba,Ibrahim Ba,ibrahimba,DFFC
Ibrahim Fazeel,Ibrahim Fazeel,ibrahimfazeel,DFFC
Ibrahim Ferrer,Ibrahim Ferrer,ibrahimferrer,DFFC
Ibrahim Tanko,Ibrahim Tanko,ibrahimtanko,DFFC
Ibrahima Baldé,Ibrahima Baldé,ibrahimabald,DFFC
Ibson,Ibson,ibson,DFFC
Ibtihaj Muhammad,Ibtihaj Muhammad,ibtihajmuhammad,DFFC
Ice Cube,Ice Cube,icecube,DFFC
Ice-T,Ice-T,icet,DFFC
Ida Daussy,Ida Daussy,idadaussy,DFFC
Ida Marcussen,Ida Marcussen,idamarcussen,DFFC
Ida Maria,Ida Maria,idamaria,DFFC
Idan Shriki,Idan Shriki,idanshriki,DFFC
Idina Menzel,Idina Menzel,idinamenzel,DFFC
Ieva Gaile,Ieva Gaile,ievagaile,DFFC
Ifeoma Dieke,Ifeoma Dieke,ifeomadieke,DFFC
Iginio Straffi,Iginio Straffi,iginiostraffi,DFFC
Ignatas Konovalovas,Ignatas Konovalovas,ignataskonovalovas,DFFC
Ignatius Aphrem II,Ignatius Aphrem II,ignatiusaphremii,DFFC
Ignisious Gaisah,Ignisious Gaisah,ignisiousgaisah,DFFC
Igor Antón,Igor Antón,igorantn,DFFC
Igor Cassina,Igor Cassina,igorcassina,DFFC
Igor Denisov,Igor Denisov,igordenisov,DFFC
Igor Gabilondo,Igor Gabilondo,igorgabilondo,DFFC
Igor Girkin,Igor Girkin,igorgirkin,DFFC
Igor Kireyev,Igor Kireyev,igorkireyev,DFFC
Igor Kurnosov,Igor Kurnosov,igorkurnosov,DFFC
Igor Lichnovsky,Igor Lichnovsky,igorlichnovsky,DFFC
Igor Mandić,Igor Mandić,igormandi,DFFC
Igor Medved,Igor Medved,igormedved,DFFC
Igor Pashkevich,Igor Pashkevich,igorpashkevich,DFFC
Igor Semshov,Igor Semshov,igorsemshov,DFFC
Igor Sijsling,Igor Sijsling,igorsijsling,DFFC
Igor Smolnikov,Igor Smolnikov,igorsmolnikov,DFFC
Igor Usminskiy,Igor Usminskiy,igorusminskiy,DFFC
Igor Vori,Igor Vori,igorvori,DFFC
Igor Vovkovinskiy,Igor Vovkovinskiy,igorvovkovinskiy,DFFC
Igor Zhelezovski,Igor Zhelezovski,igorzhelezovski,DFFC
Igor de Camargo,Igor de Camargo,igordecamargo,DFFC
Igors Rausis,Igors Rausis,igorsrausis,DFFC
Ihar Fartunau,Ihar Fartunau,iharfartunau,DFFC
Ihor Bodrov,Ihor Bodrov,ihorbodrov,DFFC
Ihor Kostenko,Ihor Kostenko,ihorkostenko,DFFC
Ihor Radivilov,Ihor Radivilov,ihorradivilov,DFFC
Ihor Tymchenko,Ihor Tymchenko,ihortymchenko,DFFC
Iina Kuustonen,Iina Kuustonen,iinakuustonen,DFFC
Iiris,Iiris,iiris,DFFC
Ike Barinholtz,Ike Barinholtz,ikebarinholtz,DFFC
Iker Camaño,Iker Camaño,ikercamao,DFFC
Iker Muniain,Iker Muniain,ikermuniain,DFFC
Iko Uwais,Iko Uwais,ikouwais,DFFC
Ilana Glazer,Ilana Glazer,ilanaglazer,DFFC
Ildar Khairullin,Ildar Khairullin,ildarkhairullin,DFFC
Ildefons Lima,Ildefons Lima,ildefonslima,DFFC
Ileana D'Cruz,Ileana D'Cruz,ileanadcruz,DFFC
Ilene Kristen,Ilene Kristen,ilenekristen,DFFC
Ilia Averbukh,Ilia Averbukh,iliaaverbukh,DFFC
Ilia Kulik,Ilia Kulik,iliakulik,DFFC
Ilia Londaridze,Ilia Londaridze,ilialondaridze,DFFC
Ilie Năstase,Ilie Năstase,ilienstase,DFFC
Ilja Reijngoud,Ilja Reijngoud,iljareijngoud,DFFC
Ilkka Alanko,Ilkka Alanko,ilkkaalanko,DFFC
Ilkka Hanski,Ilkka Hanski,ilkkahanski,DFFC
Ilkka Laitinen,Ilkka Laitinen,ilkkalaitinen,DFFC
Ilmārs Bricis,Ilmārs Bricis,ilmrsbricis,DFFC
Ilmārs Starostīts,Ilmārs Starostīts,ilmrsstarostts,DFFC
Ilona Gusenbauer,Ilona Gusenbauer,ilonagusenbauer,DFFC
Ilona Korstin,Ilona Korstin,ilonakorstin,DFFC
Ilona Sojda,Ilona Sojda,ilonasojda,DFFC
Ilunga Mande Zatara,Ilunga Mande Zatara,ilungamandezatara,DFFC
Ilya Kormiltsev,Ilya Kormiltsev,ilyakormiltsev,DFFC
Ilya Maksimov,Ilya Maksimov,ilyamaksimov,DFFC
Ilya Shkurenyov,Ilya Shkurenyov,ilyashkurenyov,DFFC
Iman,Iman,iman,DFFC
Imelda May,Imelda May,imeldamay,DFFC
Imerio Massignan,Imerio Massignan,imeriomassignan,DFFC
Immanuel Velikovsky,Immanuel Velikovsky,immanuelvelikovsky,DFFC
Imogen Heap,Imogen Heap,imogenheap,DFFC
Imre Földi,Imre Földi,imrefldi,DFFC
Imre Makovecz,Imre Makovecz,imremakovecz,DFFC
Imthias Kadeer,Imthias Kadeer,imthiaskadeer,DFFC
In-Kyung Kim,In-Kyung Kim,inkyungkim,DFFC
Ina-Yoko Teutenberg,Ina-Yoko Teutenberg,inayokoteutenberg,DFFC
Inari Vachs,Inari Vachs,inarivachs,DFFC
Inbee Park,Inbee Park,inbeepark,DFFC
India de Beaufort,India de Beaufort,indiadebeaufort,DFFC
Indiana Evans,Indiana Evans,indianaevans,DFFC
Indira Radić,Indira Radić,indiraradi,DFFC
Indra Nooyi,Indra Nooyi,indranooyi,DFFC
Indumati Babuji Patankar,Indumati Babuji Patankar,indumatibabujipatankar,DFFC
Ineta Radēviča,Ineta Radēviča,inetaradvia,DFFC
Infanta Cristina of Spain,Infanta Cristina of Spain,infantacristinaofspain,DFFC
"Infanta Elena, Duchess of Lugo","Infanta Elena, Duchess of Lugo",infantaelenaduchessoflugo,DFFC
Inga Janulevičiūtė,Inga Janulevičiūtė,ingajanuleviit,DFFC
Ingemar Stenmark,Ingemar Stenmark,ingemarstenmark,DFFC
Inger Nilsson,Inger Nilsson,ingernilsson,DFFC
Ingle Martin,Ingle Martin,inglemartin,DFFC
Ingo Steuer,Ingo Steuer,ingosteuer,DFFC
Ingor Ánte Áilo Gaup,Ingor Ánte Áilo Gaup,ingornteilogaup,DFFC
Ingrid Chauvin,Ingrid Chauvin,ingridchauvin,DFFC
Ingrid Newkirk,Ingrid Newkirk,ingridnewkirk,DFFC
Ingrid Veninger,Ingrid Veninger,ingridveninger,DFFC
Ingvar Carlsson,Ingvar Carlsson,ingvarcarlsson,DFFC
Ingvar Oldsberg,Ingvar Oldsberg,ingvaroldsberg,DFFC
Inna Deriglazova,Inna Deriglazova,innaderiglazova,DFFC
Inna Gaponenko,Inna Gaponenko,innagaponenko,DFFC
Inna Tsymbalyuk,Inna Tsymbalyuk,innatsymbalyuk,DFFC
Inna Zhelannaya,Inna Zhelannaya,innazhelannaya,DFFC
Inna Zhukova,Inna Zhukova,innazhukova,DFFC
Inoslav Bešker,Inoslav Bešker,inoslavbeker,DFFC
Inspectah Deck,Inspectah Deck,inspectahdeck,DFFC
Inul Daratista,Inul Daratista,inuldaratista,DFFC
Inès de La Fressange,Inès de La Fressange,insdelafressange,DFFC
Inés Ferrer Suárez,Inés Ferrer Suárez,insferrersurez,DFFC
Inés Melchor,Inés Melchor,insmelchor,DFFC
Io Shirai,Io Shirai,ioshirai,DFFC
Ioannis Bourousis,Ioannis Bourousis,ioannisbourousis,DFFC
Iolanda Balaș,Iolanda Balaș,iolandabala,DFFC
Ion Jinga,Ion Jinga,ionjinga,DFFC
Iqbal Khan,Iqbal Khan,iqbalkhan,DFFC
Iqbal Theba,Iqbal Theba,iqbaltheba,DFFC
Ira Newble,Ira Newble,iranewble,DFFC
Ira Vannut,Ira Vannut,iravannut,DFFC
Irakli Dzneladze,Irakli Dzneladze,iraklidzneladze,DFFC
Iran Barkley,Iran Barkley,iranbarkley,DFFC
Irandhir Santos,Irandhir Santos,irandhirsantos,DFFC
Ireen Wüst,Ireen Wüst,ireenwst,DFFC
Irena Jarocka,Irena Jarocka,irenajarocka,DFFC
Irene Vecchi,Irene Vecchi,irenevecchi,DFFC
Irene Villa,Irene Villa,irenevilla,DFFC
Irina Abysova,Irina Abysova,irinaabysova,DFFC
Irina Antonenko,Irina Antonenko,irinaantonenko,DFFC
Irina Embrich,Irina Embrich,irinaembrich,DFFC
Irina Gumenyuk,Irina Gumenyuk,irinagumenyuk,DFFC
Irina Khromacheva,Irina Khromacheva,irinakhromacheva,DFFC
Irina Konstantinovna Feodorova,Irina Konstantinovna Feodorova,irinakonstantinovnafeodorova,DFFC
Irina Kulikova,Irina Kulikova,irinakulikova,DFFC
Irina Levitina,Irina Levitina,irinalevitina,DFFC
Irina Pantaeva,Irina Pantaeva,irinapantaeva,DFFC
Irina Rodnina,Irina Rodnina,irinarodnina,DFFC
Irina Shtork,Irina Shtork,irinashtork,DFFC
Irina-Camelia Begu,Irina-Camelia Begu,irinacameliabegu,DFFC
Irine Kharisma Sukandar,Irine Kharisma Sukandar,irinekharismasukandar,DFFC
Irinej Bulović,Irinej Bulović,irinejbulovi,DFFC
Iriney,Iriney,iriney,DFFC
Iris Häussler,Iris Häussler,irishussler,DFFC
Iris Kroes,Iris Kroes,iriskroes,DFFC
Iris Smith,Iris Smith,irissmith,DFFC
Irma,Irma,irma,DFFC
Irma Dimas,Irma Dimas,irmadimas,DFFC
Irshad Kamil,Irshad Kamil,irshadkamil,DFFC
Irvette van Zyl,Irvette van Zyl,irvettevanzyl,DFFC
Irvin Leigh Matus,Irvin Leigh Matus,irvinleighmatus,DFFC
Irwin Fridovich,Irwin Fridovich,irwinfridovich,DFFC
Irwin Gunsalus,Irwin Gunsalus,irwingunsalus,DFFC
Irwin M. Jacobs,Irwin M Jacobs,irwinmjacobs,DFFC
Iryna Yatchenko,Iryna Yatchenko,irynayatchenko,DFFC
Iryna Zvarych,Iryna Zvarych,irynazvarych,DFFC
Isa Tengblad,Isa Tengblad,isatengblad,DFFC
Isa bin Salman Al Khalifa,Isa bin Salman Al Khalifa,isabinsalmanalkhalifa,DFFC
Isaac Hempstead Wright,Isaac Hempstead Wright,isaachempsteadwright,DFFC
Isaac Herzog,Isaac Herzog,isaacherzog,DFFC
Isaac Sopoaga,Isaac Sopoaga,isaacsopoaga,DFFC
Isaac Vorsah,Isaac Vorsah,isaacvorsah,DFFC
Isaach de Bankolé,Isaach de Bankolé,isaachdebankol,DFFC
Isabel Drescher,Isabel Drescher,isabeldrescher,DFFC
Isabel Jeans,Isabel Jeans,isabeljeans,DFFC
Isabel Luberza Oppenheimer,Isabel Luberza Oppenheimer,isabelluberzaoppenheimer,DFFC
Isabel Suckling,Isabel Suckling,isabelsuckling,DFFC
Isabella Castillo,Isabella Castillo,isabellacastillo,DFFC
Isabella Pajardi,Isabella Pajardi,isabellapajardi,DFFC
Isabelle Delobel,Isabelle Delobel,isabelledelobel,DFFC
Isabelle Drummond,Isabelle Drummond,isabelledrummond,DFFC
Isabelle Leymarie,Isabelle Leymarie,isabelleleymarie,DFFC
Isabelle Mercier,Isabelle Mercier,isabellemercier,DFFC
Isabelle Spennato,Isabelle Spennato,isabellespennato,DFFC
Isaiah Rashad,Isaiah Rashad,isaiahrashad,DFFC
Isaiah Thomas,Isaiah Thomas,isaiahthomas,DFFC
Isak Samokovlija,Isak Samokovlija,isaksamokovlija,DFFC
Isak Strand,Isak Strand,isakstrand,DFFC
Isami Kodaka,Isami Kodaka,isamikodaka,DFFC
Isha Sharvani,Isha Sharvani,ishasharvani,DFFC
Ishak Belfodil,Ishak Belfodil,ishakbelfodil,DFFC
Isiah Williams,Isiah Williams,isiahwilliams,DFFC
Isidro Nozal,Isidro Nozal,isidronozal,DFFC
Isild Le Besco,Isild Le Besco,isildlebesco,DFFC
Isis Taylor,Isis Taylor,isistaylor,DFFC
Ismael Laguna,Ismael Laguna,ismaellaguna,DFFC
Ismaël Lô,Ismaël Lô,ismall,DFFC
Ismaïl Aissati,Ismaïl Aissati,ismalaissati,DFFC
Ismo Alanko,Ismo Alanko,ismoalanko,DFFC
Isobelle Carmody,Isobelle Carmody,isobellecarmody,DFFC
Issa J. Boullata,Issa J Boullata,issajboullata,DFFC
Iswarya Menon,Iswarya Menon,iswaryamenon,DFFC
Ita Buttrose,Ita Buttrose,itabuttrose,DFFC
Itan Chavira,Itan Chavira,itanchavira,DFFC
Itay Shechter,Itay Shechter,itayshechter,DFFC
Itsuki Yamada,Itsuki Yamada,itsukiyamada,DFFC
Iurii Tsaruk,Iurii Tsaruk,iuriitsaruk,DFFC
Iva Videnova,Iva Videnova,ivavidenova,DFFC
Ivan Aničin,Ivan Aničin,ivananiin,DFFC
Ivan Bandalovski,Ivan Bandalovski,ivanbandalovski,DFFC
Ivan Barbashev,Ivan Barbashev,ivanbarbashev,DFFC
Ivan Batur,Ivan Batur,ivanbatur,DFFC
Ivan Ergić,Ivan Ergić,ivanergi,DFFC
Ivan Fears,Ivan Fears,ivanfears,DFFC
Ivan Feodosiyovych Korsak,Ivan Feodosiyovych Korsak,ivanfeodosiyovychkorsak,DFFC
Ivan Henjak,Ivan Henjak,ivanhenjak,DFFC
Ivan Ivanišević,Ivan Ivanišević,ivanivanievi,DFFC
Ivan Ivanov,Ivan Ivanov,ivanivanov,DFFC
Ivan Koloff,Ivan Koloff,ivankoloff,DFFC
Ivan Lendl,Ivan Lendl,ivanlendl,DFFC
Ivan Marinković,Ivan Marinković,ivanmarinkovi,DFFC
Ivan Martin Jirous,Ivan Martin Jirous,ivanmartinjirous,DFFC
Ivan Merz,Ivan Merz,ivanmerz,DFFC
Ivan Neville,Ivan Neville,ivanneville,DFFC
Ivan Perišić,Ivan Perišić,ivanperii,DFFC
Ivan Rabb,Ivan Rabb,ivanrabb,DFFC
Ivan Santaromita,Ivan Santaromita,ivansantaromita,DFFC
Ivan Shefer,Ivan Shefer,ivanshefer,DFFC
Ivan Solovyov,Ivan Solovyov,ivansolovyov,DFFC
Ivan Taranov,Ivan Taranov,ivantaranov,DFFC
Ivan Turina,Ivan Turina,ivanturina,DFFC
Ivan Woods,Ivan Woods,ivanwoods,DFFC
Ivan Ćurković,Ivan Ćurković,ivanurkovi,DFFC
Ivan Žigeranović,Ivan Žigeranović,ivanigeranovi,DFFC
Ivana Reitmayerová,Ivana Reitmayerová,ivanareitmayerov,DFFC
Ivana Trump,Ivana Trump,ivanatrump,DFFC
Ivar Haglund,Ivar Haglund,ivarhaglund,DFFC
Iver Kleive,Iver Kleive,iverkleive,DFFC
Ivica Grlić,Ivica Grlić,ivicagrli,DFFC
Ivica Kralj,Ivica Kralj,ivicakralj,DFFC
Ivo Basay,Ivo Basay,ivobasay,DFFC
Ivo Iličević,Ivo Iličević,ivoilievi,DFFC
Ivo Linna,Ivo Linna,ivolinna,DFFC
Ivo Viktor,Ivo Viktor,ivoviktor,DFFC
Ivonne Coll,Ivonne Coll,ivonnecoll,DFFC
Ivonne Guzmán,Ivonne Guzmán,ivonneguzmn,DFFC
Ivory,Ivory,ivory,DFFC
Ivri Lider,Ivri Lider,ivrilider,DFFC
Iván Córdoba,Iván Córdoba,ivncrdoba,DFFC
Iván Darvas,Iván Darvas,ivndarvas,DFFC
Iván Faragó,Iván Faragó,ivnfarag,DFFC
Iván Gutiérrez,Iván Gutiérrez,ivngutirrez,DFFC
Iván Marcano,Iván Marcano,ivnmarcano,DFFC
Iván Rodríguez,Iván Rodríguez,ivnrodrguez,DFFC
Iván Trevejo,Iván Trevejo,ivntrevejo,DFFC
Iván Velasco,Iván Velasco,ivnvelasco,DFFC
Iván de la Peña,Iván de la Peña,ivndelapea,DFFC
Iwa Moto,Iwa Moto,iwamoto,DFFC
Iweta Rajlich,Iweta Rajlich,iwetarajlich,DFFC
Iyari Limon,Iyari Limon,iyarilimon,DFFC
Izabela Lojna,Izabela Lojna,izabelalojna,DFFC
Izabella Scorupco,Izabella Scorupco,izabellascorupco,DFFC
Izet Hajrović,Izet Hajrović,izethajrovi,DFFC
Iñaki Bea Jauregi,Iñaki Bea Jauregi,iakibeajauregi,DFFC
Iñigo Idiakez,Iñigo Idiakez,iigoidiakez,DFFC
J'Marcus Webb,J'Marcus Webb,jmarcuswebb,DFFC
J-Ax,J-Ax,jax,DFFC
J. B. Gunn,JB Gunn,jbgunn,DFFC
J. Bradford DeLong,J Bradford DeLong,jbradforddelong,DFFC
J. C. Schütz,JC Schütz,jcschtz,DFFC
J. C. Tran,JC Tran,jctran,DFFC
J. F. Lawton,JF Lawton,jflawton,DFFC
J. G. Quintel,JG Quintel,jgquintel,DFFC
J. H. Wyman,JH Wyman,jhwyman,DFFC
J. J. Abrams,JJ Abrams,jjabrams,DFFC
J. J. Jackson,JJ Jackson,jjjackson,DFFC
J. J. Koval,JJ Koval,jjkoval,DFFC
J. J. Liu,JJ Liu,jjliu,DFFC
J. J. Raterink,JJ Raterink,jjraterink,DFFC
J. J. Watt,JJ Watt,jjwatt,DFFC
J. K. Rowling,JK Rowling,jkrowling,DFFC
J. K. Simmons,JK Simmons,jksimmons,DFFC
J. M. Coetzee,JM Coetzee,jmcoetzee,DFFC
J. Michael Straczynski,J Michael Straczynski,jmichaelstraczynski,DFFC
J. P. Losman,JP Losman,jplosman,DFFC
J. R. Celski,JR Celski,jrcelski,DFFC
J. R. Fitzpatrick,JR Fitzpatrick,jrfitzpatrick,DFFC
J. Scott Campbell,J Scott Campbell,jscottcampbell,DFFC
J. T. Brown,JT Brown,jtbrown,DFFC
J. T. King,JT King,jtking,DFFC
J. T. Petty,JT Petty,jtpetty,DFFC
J. Tillman,J Tillman,jtillman,DFFC
JB Carlson,JB Carlson,jbcarlson,DFFC
JR Cawaling,JR Cawaling,jrcawaling,DFFC
JWoww,JWoww,jwoww,DFFC
Ja'Gared Davis,Ja'Gared Davis,jagareddavis,DFFC
Ja'Wuan James,Ja'Wuan James,jawuanjames,DFFC
JaMarcus Russell,JaMarcus Russell,jamarcusrussell,DFFC
Jaak Mae,Jaak Mae,jaakmae,DFFC
Jaakko Saariluoma,Jaakko Saariluoma,jaakkosaariluoma,DFFC
Jaan Einasto,Jaan Einasto,jaaneinasto,DFFC
Jaani Peuhu,Jaani Peuhu,jaanipeuhu,DFFC
Jabari Parker,Jabari Parker,jabariparker,DFFC
Jabe Thomas,Jabe Thomas,jabethomas,DFFC
Jacek Gdański,Jacek Gdański,jacekgdaski,DFFC
Jacek Gmoch,Jacek Gmoch,jacekgmoch,DFFC
Jacinda Barrett,Jacinda Barrett,jacindabarrett,DFFC
Jack Banta,Jack Banta,jackbanta,DFFC
Jack Bender,Jack Bender,jackbender,DFFC
Jack Boone,Jack Boone,jackboone,DFFC
Jack Brabham,Jack Brabham,jackbrabham,DFFC
Jack Brennan,Jack Brennan,jackbrennan,DFFC
Jack Bruce,Jack Bruce,jackbruce,DFFC
Jack C. Montgomery,Jack C Montgomery,jackcmontgomery,DFFC
Jack Capuano,Jack Capuano,jackcapuano,DFFC
Jack Casady,Jack Casady,jackcasady,DFFC
Jack Colback,Jack Colback,jackcolback,DFFC
Jack Connors,Jack Connors,jackconnors,DFFC
Jack Cooper,Jack Cooper,jackcooper,DFFC
Jack Cork,Jack Cork,jackcork,DFFC
Jack Daniels,Jack Daniels,jackdaniels,DFFC
Jack Davenport,Jack Davenport,jackdavenport,DFFC
Jack Dee,Jack Dee,jackdee,DFFC
Jack Del Rio,Jack Del Rio,jackdelrio,DFFC
Jack Delano,Jack Delano,jackdelano,DFFC
Jack Doan,Jack Doan,jackdoan,DFFC
Jack Dorsey,Jack Dorsey,jackdorsey,DFFC
Jack Dykinga,Jack Dykinga,jackdykinga,DFFC
Jack Evans,Jack Evans,jackevans,DFFC
Jack Fisk,Jack Fisk,jackfisk,DFFC
Jack Gleeson,Jack Gleeson,jackgleeson,DFFC
Jack Gordon,Jack Gordon,jackgordon,DFFC
Jack Harbaugh,Jack Harbaugh,jackharbaugh,DFFC
Jack Harshman,Jack Harshman,jackharshman,DFFC
Jack Hunter,Jack Hunter,jackhunter,DFFC
Jack Iker,Jack Iker,jackiker,DFFC
Jack Johnson,Jack Johnson,jackjohnson,DFFC
Jack La Rue,Jack La Rue,jacklarue,DFFC
Jack Lawrence,Jack Lawrence,jacklawrence,DFFC
Jack Levine,Jack Levine,jacklevine,DFFC
Jack Lowden,Jack Lowden,jacklowden,DFFC
Jack MacGowran,Jack MacGowran,jackmacgowran,DFFC
Jack McBrayer,Jack McBrayer,jackmcbrayer,DFFC
Jack McDevitt,Jack McDevitt,jackmcdevitt,DFFC
Jack McKeon,Jack McKeon,jackmckeon,DFFC
Jack Midson,Jack Midson,jackmidson,DFFC
Jack Morava,Jack Morava,jackmorava,DFFC
Jack Morris,Jack Morris,jackmorris,DFFC
Jack Payne,Jack Payne,jackpayne,DFFC
Jack Robinson,Jack Robinson,jackrobinson,DFFC
Jack Rubinacci,Jack Rubinacci,jackrubinacci,DFFC
Jack Sealy,Jack Sealy,jacksealy,DFFC
Jack Siedlecki,Jack Siedlecki,jacksiedlecki,DFFC
Jack Sock,Jack Sock,jacksock,DFFC
Jack Swagger,Jack Swagger,jackswagger,DFFC
Jack Swift,Jack Swift,jackswift,DFFC
Jack Watts,Jack Watts,jackwatts,DFFC
Jack Welch,Jack Welch,jackwelch,DFFC
Jack White,Jack White,jackwhite,DFFC
Jack Wilshere,Jack Wilshere,jackwilshere,DFFC
Jack Zduriencik,Jack Zduriencik,jackzduriencik,DFFC
Jackeline Rentería,Jackeline Rentería,jackelinerentera,DFFC
Jackie Battle,Jackie Battle,jackiebattle,DFFC
"Jackie Bradley, Jr.","Jackie Bradley, Jr",jackiebradleyjr,DFFC
Jackie Butler,Jackie Butler,jackiebutler,DFFC
Jackie Collins,Jackie Collins,jackiecollins,DFFC
Jackie Daly,Jackie Daly,jackiedaly,DFFC
Jackie Earle Haley,Jackie Earle Haley,jackieearlehaley,DFFC
Jackie Fargo,Jackie Fargo,jackiefargo,DFFC
Jackie Gayda,Jackie Gayda,jackiegayda,DFFC
Jackie Guerrido,Jackie Guerrido,jackieguerrido,DFFC
Jackie Kay,Jackie Kay,jackiekay,DFFC
Jackie Mason,Jackie Mason,jackiemason,DFFC
Jackie Moreland,Jackie Moreland,jackiemoreland,DFFC
Jackie O,Jackie O,jackieo,DFFC
Jackie Stallone,Jackie Stallone,jackiestallone,DFFC
Jackie Tohn,Jackie Tohn,jackietohn,DFFC
Jackson Andrews,Jackson Andrews,jacksonandrews,DFFC
Jackson D. Arnold,Jackson D Arnold,jacksondarnold,DFFC
Jackson Quiñónez,Jackson Quiñónez,jacksonquinez,DFFC
Jacky Durand,Jacky Durand,jackydurand,DFFC
Jaclyn Stapp,Jaclyn Stapp,jaclynstapp,DFFC
Jacob Aagaard,Jacob Aagaard,jacobaagaard,DFFC
Jacob Egeris,Jacob Egeris,jacobegeris,DFFC
Jacob G. Francis,Jacob G Francis,jacobgfrancis,DFFC
Jacob Hård,Jacob Hård,jacobhrd,DFFC
Jacob Josefson,Jacob Josefson,jacobjosefson,DFFC
Jacob Lensky,Jacob Lensky,jacoblensky,DFFC
Jacob Tamme,Jacob Tamme,jacobtamme,DFFC
Jacob Truedson Demitz,Jacob Truedson Demitz,jacobtruedsondemitz,DFFC
Jacoby Ellsbury,Jacoby Ellsbury,jacobyellsbury,DFFC
Jacopo Sarno,Jacopo Sarno,jacoposarno,DFFC
Jacqueline Freney,Jacqueline Freney,jacquelinefreney,DFFC
Jacqueline MacInnes Wood,Jacqueline MacInnes Wood,jacquelinemacinneswood,DFFC
Jacqueline West,Jacqueline West,jacquelinewest,DFFC
Jacques Anquetil,Jacques Anquetil,jacquesanquetil,DFFC
Jacques Burtin,Jacques Burtin,jacquesburtin,DFFC
Jacques Dutronc,Jacques Dutronc,jacquesdutronc,DFFC
Jacques Herlin,Jacques Herlin,jacquesherlin,DFFC
Jacques Lanctôt,Jacques Lanctôt,jacqueslanctt,DFFC
Jacques Nicolet,Jacques Nicolet,jacquesnicolet,DFFC
Jacques Rivette,Jacques Rivette,jacquesrivette,DFFC
Jacques Villeneuve,Jacques Villeneuve,jacquesvilleneuve,DFFC
Jacques Villeret,Jacques Villeret,jacquesvilleret,DFFC
Jacques Zoua,Jacques Zoua,jacqueszoua,DFFC
Jacquizz Rodgers,Jacquizz Rodgers,jacquizzrodgers,DFFC
Jada Stevens,Jada Stevens,jadastevens,DFFC
Jade Clarke,Jade Clarke,jadeclarke,DFFC
Jade Ewen,Jade Ewen,jadeewen,DFFC
Jade Wilcoxson,Jade Wilcoxson,jadewilcoxson,DFFC
Jade Windley,Jade Windley,jadewindley,DFFC
Jaden Smith,Jaden Smith,jadensmith,DFFC
Jadranka Đokić,Jadranka Đokić,jadrankaoki,DFFC
Jafar Panahi,Jafar Panahi,jafarpanahi,DFFC
Jagbir Singh,Jagbir Singh,jagbirsingh,DFFC
Jagdeep,Jagdeep,jagdeep,DFFC
Jagdish Mali,Jagdish Mali,jagdishmali,DFFC
Jagjivan Ram,Jagjivan Ram,jagjivanram,DFFC
Jago,Jago,jago,DFFC
Jahar Dasgupta,Jahar Dasgupta,jahardasgupta,DFFC
Jahleel Addae,Jahleel Addae,jahleeladdae,DFFC
Jai Courtney,Jai Courtney,jaicourtney,DFFC
Jai Rodriguez,Jai Rodriguez,jairodriguez,DFFC
Jai Waetford,Jai Waetford,jaiwaetford,DFFC
Jaime Bergman,Jaime Bergman,jaimebergman,DFFC
Jaime Jarrín,Jaime Jarrín,jaimejarrn,DFFC
Jaime King,Jaime King,jaimeking,DFFC
Jaime Sarlanga,Jaime Sarlanga,jaimesarlanga,DFFC
Jaimee Foxworth,Jaimee Foxworth,jaimeefoxworth,DFFC
Jaimie Alexander,Jaimie Alexander,jaimiealexander,DFFC
Jair Jurrjens,Jair Jurrjens,jairjurrjens,DFFC
Jake Bugg,Jake Bugg,jakebugg,DFFC
Jake Deitchler,Jake Deitchler,jakedeitchler,DFFC
Jake Grove,Jake Grove,jakegrove,DFFC
Jake Howells,Jake Howells,jakehowells,DFFC
Jake Hurwitz,Jake Hurwitz,jakehurwitz,DFFC
Jake Johnson,Jake Johnson,jakejohnson,DFFC
Jake Kaminski,Jake Kaminski,jakekaminski,DFFC
Jake Knott,Jake Knott,jakeknott,DFFC
Jake Lappin,Jake Lappin,jakelappin,DFFC
Jake Matthews,Jake Matthews,jakematthews,DFFC
Jake McDonough,Jake McDonough,jakemcdonough,DFFC
Jake Muzzin,Jake Muzzin,jakemuzzin,DFFC
Jake Pitts,Jake Pitts,jakepitts,DFFC
Jake Shimabukuro,Jake Shimabukuro,jakeshimabukuro,DFFC
Jake Spencer,Jake Spencer,jakespencer,DFFC
Jake T. Austin,Jake T Austin,jaketaustin,DFFC
Jake Varner,Jake Varner,jakevarner,DFFC
Jake Virtanen,Jake Virtanen,jakevirtanen,DFFC
Jake Voskuhl,Jake Voskuhl,jakevoskuhl,DFFC
Jake Wright,Jake Wright,jakewright,DFFC
Jakki Degg,Jakki Degg,jakkidegg,DFFC
Jaklin Zlatanova,Jaklin Zlatanova,jaklinzlatanova,DFFC
Jakob Augstein,Jakob Augstein,jakobaugstein,DFFC
Jakob Haugaard,Jakob Haugaard,jakobhaugaard,DFFC
Jakob Jantscher,Jakob Jantscher,jakobjantscher,DFFC
Jakob Poulsen,Jakob Poulsen,jakobpoulsen,DFFC
Jakub Błaszczykowski,Jakub Błaszczykowski,jakubbaszczykowski,DFFC
Jakub Martinec,Jakub Martinec,jakubmartinec,DFFC
Jakub Szyszkowski,Jakub Szyszkowski,jakubszyszkowski,DFFC
Jakub Voráček,Jakub Voráček,jakubvorek,DFFC
Jakub Ćwiek,Jakub Ćwiek,jakubwiek,DFFC
Jalil Brown,Jalil Brown,jalilbrown,DFFC
Jamaal Charles,Jamaal Charles,jamaalcharles,DFFC
Jamaal Fudge,Jamaal Fudge,jamaalfudge,DFFC
Jamal Lewis,Jamal Lewis,jamallewis,DFFC
Jamal Nazrul Islam,Jamal Nazrul Islam,jamalnazrulislam,DFFC
Jamar Newsome,Jamar Newsome,jamarnewsome,DFFC
Jameer Nelson,Jameer Nelson,jameernelson,DFFC
James Akenhead,James Akenhead,jamesakenhead,DFFC
James Arthur,James Arthur,jamesarthur,DFFC
James Ash,James Ash,jamesash,DFFC
James Bickford,James Bickford,jamesbickford,DFFC
James Blake,James Blake,jamesblake,DFFC
James Bond,James Bond,jamesbond,DFFC
James Bowen,James Bowen,jamesbowen,DFFC
James Brooke,James Brooke,jamesbrooke,DFFC
James Burke,James Burke,jamesburke,DFFC
James Byrne,James Byrne,jamesbyrne,DFFC
James Cahill,James Cahill,jamescahill,DFFC
James Callis,James Callis,jamescallis,DFFC
James Carter,James Carter,jamescarter,DFFC
James Carter IV,James Carter IV,jamescarteriv,DFFC
James Chirillo,James Chirillo,jameschirillo,DFFC
James Collins,James Collins,jamescollins,DFFC
James Cracknell,James Cracknell,jamescracknell,DFFC
James Cromwell,James Cromwell,jamescromwell,DFFC
James Cronin,James Cronin,jamescronin,DFFC
James Cullen Martin,James Cullen Martin,jamescullenmartin,DFFC
James Currie,James Currie,jamescurrie,DFFC
James E. Swett,James E Swett,jameseswett,DFFC
James Earl Baumgartner,James Earl Baumgartner,jamesearlbaumgartner,DFFC
James Earl Ray,James Earl Ray,jamesearlray,DFFC
James Eatock,James Eatock,jameseatock,DFFC
James Ellroy,James Ellroy,jamesellroy,DFFC
James Foley,James Foley,jamesfoley,DFFC
James Franco,James Franco,jamesfranco,DFFC
James Freud,James Freud,jamesfreud,DFFC
James G. Stavridis,James G Stavridis,jamesgstavridis,DFFC
James Galway,James Galway,jamesgalway,DFFC
James Gemmell,James Gemmell,jamesgemmell,DFFC
James Genus,James Genus,jamesgenus,DFFC
James Gist,James Gist,jamesgist,DFFC
James Goodale,James Goodale,jamesgoodale,DFFC
"James Graham, 8th Duke of Montrose","James Graham, 8th Duke of Montrose",jamesgraham8thdukeofmontrose,DFFC
James Grant Hay,James Grant Hay,jamesgranthay,DFFC
James Ha,James Ha,jamesha,DFFC
James Hall,James Hall,jameshall,DFFC
James Harper,James Harper,jamesharper,DFFC
James Hayter,James Hayter,jameshayter,DFFC
James Hetfield,James Hetfield,jameshetfield,DFFC
James Holland,James Holland,jamesholland,DFFC
James Honeybone,James Honeybone,jameshoneybone,DFFC
James Jarvaise,James Jarvaise,jamesjarvaise,DFFC
James Jenkins,James Jenkins,jamesjenkins,DFFC
James Kelly,James Kelly,jameskelly,DFFC
James L. McGregor,James L McGregor,jameslmcgregor,DFFC
James L. Stone,James L Stone,jameslstone,DFFC
James Lee Stanley,James Lee Stanley,jamesleestanley,DFFC
"James M. Masters, Sr.","James M Masters, Sr",jamesmmasterssr,DFFC
James McBride,James McBride,jamesmcbride,DFFC
James McNerney,James McNerney,jamesmcnerney,DFFC
James Murdoch,James Murdoch,jamesmurdoch,DFFC
James Murphy,James Murphy,jamesmurphy,DFFC
James O'Connor,James O'Connor,jamesoconnor,DFFC
James Otteson,James Otteson,jamesotteson,DFFC
James Picard,James Picard,jamespicard,DFFC
James R. Hogg,James R Hogg,jamesrhogg,DFFC
James Rebhorn,James Rebhorn,jamesrebhorn,DFFC
James Reyne,James Reyne,jamesreyne,DFFC
James Robinson Risner,James Robinson Risner,jamesrobinsonrisner,DFFC
James Roday,James Roday,jamesroday,DFFC
James Severn,James Severn,jamessevern,DFFC
James Spader,James Spader,jamesspader,DFFC
James Spaulding,James Spaulding,jamesspaulding,DFFC
James Starks,James Starks,jamesstarks,DFFC
James Stelfox,James Stelfox,jamesstelfox,DFFC
James Storm,James Storm,jamesstorm,DFFC
James Suckling,James Suckling,jamessuckling,DFFC
James Tarkowski,James Tarkowski,jamestarkowski,DFFC
James Toback,James Toback,jamestoback,DFFC
James Troisi,James Troisi,jamestroisi,DFFC
James Truchard,James Truchard,jamestruchard,DFFC
James Tunnicliffe,James Tunnicliffe,jamestunnicliffe,DFFC
James Tupper,James Tupper,jamestupper,DFFC
James W. Pennebaker,James W Pennebaker,jameswpennebaker,DFFC
James Waterston,James Waterston,jameswaterston,DFFC
James Welch,James Welch,jameswelch,DFFC
James Wilson,James Wilson,jameswilson,DFFC
James Wright,James Wright,jameswright,DFFC
James-Andrew Davis,James-Andrew Davis,jamesandrewdavis,DFFC
James-Michael Johnson,James-Michael Johnson,jamesmichaeljohnson,DFFC
Jamey Johnson,Jamey Johnson,jameyjohnson,DFFC
Jamie Allen,Jamie Allen,jamieallen,DFFC
Jamie Arniel,Jamie Arniel,jamiearniel,DFFC
Jamie Bamber,Jamie Bamber,jamiebamber,DFFC
Jamie Benn,Jamie Benn,jamiebenn,DFFC
Jamie Bowie,Jamie Bowie,jamiebowie,DFFC
Jamie Brooks,Jamie Brooks,jamiebrooks,DFFC
Jamie Carragher,Jamie Carragher,jamiecarragher,DFFC
Jamie Chandler,Jamie Chandler,jamiechandler,DFFC
Jamie Charman,Jamie Charman,jamiecharman,DFFC
Jamie Chung,Jamie Chung,jamiechung,DFFC
Jamie Collins,Jamie Collins,jamiecollins,DFFC
Jamie Dimon,Jamie Dimon,jamiedimon,DFFC
Jamie Donaldson,Jamie Donaldson,jamiedonaldson,DFFC
Jamie Dunross,Jamie Dunross,jamiedunross,DFFC
Jamie Foreman,Jamie Foreman,jamieforeman,DFFC
Jamie Gillis,Jamie Gillis,jamiegillis,DFFC
Jamie Gold,Jamie Gold,jamiegold,DFFC
Jamie Gosling,Jamie Gosling,jamiegosling,DFFC
Jamie Gregg,Jamie Gregg,jamiegregg,DFFC
Jamie Irie,Jamie Irie,jamieirie,DFFC
Jamie Jackson,Jamie Jackson,jamiejackson,DFFC
Jamie Jones,Jamie Jones,jamiejones,DFFC
Jamie Kennedy,Jamie Kennedy,jamiekennedy,DFFC
Jamie Kilstein,Jamie Kilstein,jamiekilstein,DFFC
Jamie Little,Jamie Little,jamielittle,DFFC
Jamie Lynn Corkish,Jamie Lynn Corkish,jamielynncorkish,DFFC
Jamie Lynn Spears,Jamie Lynn Spears,jamielynnspears,DFFC
Jamie Maclaren,Jamie Maclaren,jamiemaclaren,DFFC
Jamie McBain,Jamie McBain,jamiemcbain,DFFC
Jamie McGuire,Jamie McGuire,jamiemcguire,DFFC
Jamie Murphy,Jamie Murphy,jamiemurphy,DFFC
Jamie Murray,Jamie Murray,jamiemurray,DFFC
Jamie Salé,Jamie Salé,jamiesal,DFFC
Jamie Smith,Jamie Smith,jamiesmith,DFFC
Jamie Staff,Jamie Staff,jamiestaff,DFFC
Jamon Meredith,Jamon Meredith,jamonmeredith,DFFC
Jan Bakelants,Jan Bakelants,janbakelants,DFFC
Jan Frodeno,Jan Frodeno,janfrodeno,DFFC
Jan Garbarek,Jan Garbarek,jangarbarek,DFFC
Jan Gehl,Jan Gehl,jangehl,DFFC
Jan Gustafsson,Jan Gustafsson,jangustafsson,DFFC
Jan Hájek,Jan Hájek,janhjek,DFFC
Jan Jakub Kolski,Jan Jakub Kolski,janjakubkolski,DFFC
Jan Jongbloed,Jan Jongbloed,janjongbloed,DFFC
Jan Kudlička,Jan Kudlička,jankudlika,DFFC
Jan Lammers,Jan Lammers,janlammers,DFFC
Jan Laštůvka,Jan Laštůvka,janlatvka,DFFC
Jan Merlin,Jan Merlin,janmerlin,DFFC
Jan Nilsson,Jan Nilsson,jannilsson,DFFC
Jan Oblak,Jan Oblak,janoblak,DFFC
Jan Pázler,Jan Pázler,janpzler,DFFC
Jan Smolík,Jan Smolík,jansmolk,DFFC
Jan Snijders,Jan Snijders,jansnijders,DFFC
Jan Stenerud,Jan Stenerud,janstenerud,DFFC
Jan Ullrich,Jan Ullrich,janullrich,DFFC
Jan Vennegoor of Hesselink,Jan Vennegoor of Hesselink,janvennegoorofhesselink,DFFC
Jan Verhaas,Jan Verhaas,janverhaas,DFFC
Jan Wolkers,Jan Wolkers,janwolkers,DFFC
Jan Ø. Jørgensen,Jan Ø Jørgensen,janjrgensen,DFFC
Jan Škarnitzl,Jan Škarnitzl,jankarnitzl,DFFC
Jan-Krzysztof Duda,Jan-Krzysztof Duda,jankrzysztofduda,DFFC
Jan-Philipp Kalla,Jan-Philipp Kalla,janphilippkalla,DFFC
Jana Khokhlova,Jana Khokhlova,janakhokhlova,DFFC
Janakananda Saraswati,Janakananda Saraswati,janakanandasaraswati,DFFC
Jancis Robinson,Jancis Robinson,jancisrobinson,DFFC
Jane Asher,Jane Asher,janeasher,DFFC
Jane Campion,Jane Campion,janecampion,DFFC
Jane Fonda,Jane Fonda,janefonda,DFFC
Jane Goodall,Jane Goodall,janegoodall,DFFC
Jane Hamsher,Jane Hamsher,janehamsher,DFFC
Jane Hill,Jane Hill,janehill,DFFC
Jane Kean,Jane Kean,janekean,DFFC
Jane Krakowski,Jane Krakowski,janekrakowski,DFFC
Jane Leeves,Jane Leeves,janeleeves,DFFC
Jane Randolph,Jane Randolph,janerandolph,DFFC
Jane Sachs,Jane Sachs,janesachs,DFFC
Jane Seymour,Jane Seymour,janeseymour,DFFC
Jane Siberry,Jane Siberry,janesiberry,DFFC
Jane Zhang,Jane Zhang,janezhang,DFFC
Janel Parrish,Janel Parrish,janelparrish,DFFC
Janelle Monáe,Janelle Monáe,janellemone,DFFC
Janet Hemingway,Janet Hemingway,janethemingway,DFFC
Janet Jackson,Janet Jackson,janetjackson,DFFC
Janet L. Robinson,Janet L Robinson,janetlrobinson,DFFC
Janet Leigh,Janet Leigh,janetleigh,DFFC
Janet Meakin Poor,Janet Meakin Poor,janetmeakinpoor,DFFC
Janet Montgomery,Janet Montgomery,janetmontgomery,DFFC
Janet Seidel,Janet Seidel,janetseidel,DFFC
Janet Street-Porter,Janet Street-Porter,janetstreetporter,DFFC
Janette Carter,Janette Carter,janettecarter,DFFC
Janez Brajkovič,Janez Brajkovič,janezbrajkovi,DFFC
Jang Jeong,Jang Jeong,jangjeong,DFFC
Jang Sin-kweon,Jang Sin-kweon,jangsinkweon,DFFC
Jang Wooyoung,Jang Wooyoung,jangwooyoung,DFFC
Jang Yun-jeong,Jang Yun-jeong,jangyunjeong,DFFC
Jani Sievinen,Jani Sievinen,janisievinen,DFFC
Janice Dickinson,Janice Dickinson,janicedickinson,DFFC
Janice Man,Janice Man,janiceman,DFFC
Janice Moodie,Janice Moodie,janicemoodie,DFFC
Janice Nicolich,Janice Nicolich,janicenicolich,DFFC
Janina San Miguel,Janina San Miguel,janinasanmiguel,DFFC
Janine Berger,Janine Berger,janineberger,DFFC
Janique LeBlanc,Janique LeBlanc,janiqueleblanc,DFFC
Janis Ian,Janis Ian,janisian,DFFC
Janko Prunk,Janko Prunk,jankoprunk,DFFC
Jann Arden,Jann Arden,jannarden,DFFC
Janne Teller,Janne Teller,janneteller,DFFC
Jano Ananidze,Jano Ananidze,janoananidze,DFFC
Janove Ottesen,Janove Ottesen,janoveottesen,DFFC
Janusz Kierzkowski,Janusz Kierzkowski,januszkierzkowski,DFFC
Janusz Weiss,Janusz Weiss,januszweiss,DFFC
Janusz Zaorski,Janusz Zaorski,januszzaorski,DFFC
Janusz Żurakowski,Janusz Żurakowski,januszurakowski,DFFC
Janício Martins,Janício Martins,janciomartins,DFFC
Japhet Asher,Japhet Asher,japhetasher,DFFC
Jared Boll,Jared Boll,jaredboll,DFFC
Jared Cowen,Jared Cowen,jaredcowen,DFFC
Jared Fogle,Jared Fogle,jaredfogle,DFFC
Jared Gaither,Jared Gaither,jaredgaither,DFFC
Jared Harris,Jared Harris,jaredharris,DFFC
Jared Hasselhoff,Jared Hasselhoff,jaredhasselhoff,DFFC
Jared Kusnitz,Jared Kusnitz,jaredkusnitz,DFFC
Jared Lee Loughner,Jared Lee Loughner,jaredleeloughner,DFFC
Jared Leto,Jared Leto,jaredleto,DFFC
Jared McCann,Jared McCann,jaredmccann,DFFC
Jared Padalecki,Jared Padalecki,jaredpadalecki,DFFC
Jared Polec,Jared Polec,jaredpolec,DFFC
Jarekus Singleton,Jarekus Singleton,jarekussingleton,DFFC
Jarell Martin,Jarell Martin,jarellmartin,DFFC
Jari Halonen,Jari Halonen,jarihalonen,DFFC
Jari Litmanen,Jari Litmanen,jarilitmanen,DFFC
Jari Tervo,Jari Tervo,jaritervo,DFFC
Jarit Johnson,Jarit Johnson,jaritjohnson,DFFC
Jarmere Jenkins,Jarmere Jenkins,jarmerejenkins,DFFC
Jarno Trulli,Jarno Trulli,jarnotrulli,DFFC
Jaron Lanier,Jaron Lanier,jaronlanier,DFFC
Jaroslava Sedláčková,Jaroslava Sedláčková,jaroslavasedlkov,DFFC
Jarosław Marycz,Jarosław Marycz,jarosawmarycz,DFFC
Jarrett Bush,Jarrett Bush,jarrettbush,DFFC
Jarrett J. Krosoczka,Jarrett J Krosoczka,jarrettjkrosoczka,DFFC
Jarvis Landry,Jarvis Landry,jarvislandry,DFFC
Jasha Sütterlin,Jasha Sütterlin,jashastterlin,DFFC
Jasmila Žbanić,Jasmila Žbanić,jasmilabani,DFFC
Jasmin Fejzić,Jasmin Fejzić,jasminfejzi,DFFC
Jasmin St. Claire,Jasmin St Claire,jasminstclaire,DFFC
Jasmine Zhang,Jasmine Zhang,jasminezhang,DFFC
Jason,Jason,jason,DFFC
Jason Arnott,Jason Arnott,jasonarnott,DFFC
Jason Bateman,Jason Bateman,jasonbateman,DFFC
Jason Bourque,Jason Bourque,jasonbourque,DFFC
Jason Butler Harner,Jason Butler Harner,jasonbutlerharner,DFFC
Jason Byrne,Jason Byrne,jasonbyrne,DFFC
Jason Castro,Jason Castro,jasoncastro,DFFC
Jason Collins,Jason Collins,jasoncollins,DFFC
Jason Crain,Jason Crain,jasoncrain,DFFC
Jason Davenport,Jason Davenport,jasondavenport,DFFC
Jason David Frank,Jason David Frank,jasondavidfrank,DFFC
Jason Dolley,Jason Dolley,jasondolley,DFFC
Jason Earles,Jason Earles,jasonearles,DFFC
Jason Flemyng,Jason Flemyng,jasonflemyng,DFFC
Jason Fox,Jason Fox,jasonfox,DFFC
Jason Garrison,Jason Garrison,jasongarrison,DFFC
Jason Hill,Jason Hill,jasonhill,DFFC
Jason Hoffman,Jason Hoffman,jasonhoffman,DFFC
Jason Isbell,Jason Isbell,jasonisbell,DFFC
Jason Jimenez,Jason Jimenez,jasonjimenez,DFFC
Jason Kapono,Jason Kapono,jasonkapono,DFFC
Jason Kelce,Jason Kelce,jasonkelce,DFFC
Jason Lee,Jason Lee,jasonlee,DFFC
Jason Lees,Jason Lees,jasonlees,DFFC
Jason Lewis,Jason Lewis,jasonlewis,DFFC
Jason Loewenstein,Jason Loewenstein,jasonloewenstein,DFFC
Jason Lytle,Jason Lytle,jasonlytle,DFFC
Jason Maguire,Jason Maguire,jasonmaguire,DFFC
Jason Mantzoukas,Jason Mantzoukas,jasonmantzoukas,DFFC
Jason Maroney,Jason Maroney,jasonmaroney,DFFC
Jason McElwain,Jason McElwain,jasonmcelwain,DFFC
Jason Mraz,Jason Mraz,jasonmraz,DFFC
Jason Puncheon,Jason Puncheon,jasonpuncheon,DFFC
Jason Rogers,Jason Rogers,jasonrogers,DFFC
Jason Russell,Jason Russell,jasonrussell,DFFC
Jason Segel,Jason Segel,jasonsegel,DFFC
Jason Spezza,Jason Spezza,jasonspezza,DFFC
Jason Sudeikis,Jason Sudeikis,jasonsudeikis,DFFC
Jason Terry,Jason Terry,jasonterry,DFFC
Jason Trost,Jason Trost,jasontrost,DFFC
Jason Williams,Jason Williams,jasonwilliams,DFFC
Jason Wood,Jason Wood,jasonwood,DFFC
Jasper Bovenhuis,Jasper Bovenhuis,jasperbovenhuis,DFFC
Jasper Conran,Jasper Conran,jasperconran,DFFC
Jatindra Mohan Sengupta,Jatindra Mohan Sengupta,jatindramohansengupta,DFFC
Jaume Balagueró,Jaume Balagueró,jaumebalaguer,DFFC
Javad Kazemian,Javad Kazemian,javadkazemian,DFFC
Javad Nekounam,Javad Nekounam,javadnekounam,DFFC
Javi García,Javi García,javigarca,DFFC
Javier Aguirre,Javier Aguirre,javieraguirre,DFFC
Javier Bardem,Javier Bardem,javierbardem,DFFC
Javier Culson,Javier Culson,javierculson,DFFC
Javier Manquillo,Javier Manquillo,javiermanquillo,DFFC
Javier Mascherano,Javier Mascherano,javiermascherano,DFFC
Javier Paredes,Javier Paredes,javierparedes,DFFC
Javier Pastore,Javier Pastore,javierpastore,DFFC
Javier Patiño,Javier Patiño,javierpatio,DFFC
Javier Zanetti,Javier Zanetti,javierzanetti,DFFC
Jawad Salehi,Jawad Salehi,jawadsalehi,DFFC
Jay A. Parry,Jay A Parry,jayaparry,DFFC
Jay Adams,Jay Adams,jayadams,DFFC
Jay Ashley,Jay Ashley,jayashley,DFFC
Jay Aston,Jay Aston,jayaston,DFFC
Jay Bradley,Jay Bradley,jaybradley,DFFC
Jay Brannan,Jay Brannan,jaybrannan,DFFC
Jay Cutler,Jay Cutler,jaycutler,DFFC
Jay Duplass,Jay Duplass,jayduplass,DFFC
Jay Electronica,Jay Electronica,jayelectronica,DFFC
Jay Feely,Jay Feely,jayfeely,DFFC
Jay Ferguson,Jay Ferguson,jayferguson,DFFC
Jay Hernandez,Jay Hernandez,jayhernandez,DFFC
Jay Humphries,Jay Humphries,jayhumphries,DFFC
Jay Kennedy-Harris,Jay Kennedy-Harris,jaykennedyharris,DFFC
Jay Leggett,Jay Leggett,jayleggett,DFFC
Jay Lethal,Jay Lethal,jaylethal,DFFC
Jay Lynch,Jay Lynch,jaylynch,DFFC
Jay Lyon,Jay Lyon,jaylyon,DFFC
Jay Miner,Jay Miner,jayminer,DFFC
Jay Mohr,Jay Mohr,jaymohr,DFFC
Jay Oliver,Jay Oliver,jayoliver,DFFC
Jay Pharoah,Jay Pharoah,jaypharoah,DFFC
Jay Prosch,Jay Prosch,jayprosch,DFFC
Jay Rhodemyre,Jay Rhodemyre,jayrhodemyre,DFFC
Jay Rodriguez,Jay Rodriguez,jayrodriguez,DFFC
Jay Ruderman,Jay Ruderman,jayruderman,DFFC
Jay Stephens,Jay Stephens,jaystephens,DFFC
Jay Z,Jay Z,jayz,DFFC
Jayakanthan,Jayakanthan,jayakanthan,DFFC
Jayaram,Jayaram,jayaram,DFFC
Jayde Nicole,Jayde Nicole,jaydenicole,DFFC
Jayma Mays,Jayma Mays,jaymamays,DFFC
Jayme Richardson,Jayme Richardson,jaymerichardson,DFFC
Jayron Hosley,Jayron Hosley,jayronhosley,DFFC
Jayson Blair,Jayson Blair,jaysonblair,DFFC
Jayson Gonzales,Jayson Gonzales,jaysongonzales,DFFC
Jayson Terdiman,Jayson Terdiman,jaysonterdiman,DFFC
Jazeman Jaafar,Jazeman Jaafar,jazemanjaafar,DFFC
Jazmin Carlin,Jazmin Carlin,jazmincarlin,DFFC
Jazmyne Avant,Jazmyne Avant,jazmyneavant,DFFC
Jazz,Jazz,jazz,DFFC
JeA,JeA,jea,DFFC
Jean Brenner,Jean Brenner,jeanbrenner,DFFC
Jean Béliveau,Jean Béliveau,jeanbliveau,DFFC
"Jean Coussins, Baroness Coussins","Jean Coussins, Baroness Coussins",jeancoussinsbaronesscoussins,DFFC
Jean Cruguet,Jean Cruguet,jeancruguet,DFFC
Jean Ichbiah,Jean Ichbiah,jeanichbiah,DFFC
Jean Koning,Jean Koning,jeankoning,DFFC
Jean Labonté,Jean Labonté,jeanlabont,DFFC
Jean Malaurie,Jean Malaurie,jeanmalaurie,DFFC
Jean Paulista,Jean Paulista,jeanpaulista,DFFC
Jean Peyrelevade,Jean Peyrelevade,jeanpeyrelevade,DFFC
Jean Pierre Mvuyekure,Jean Pierre Mvuyekure,jeanpierremvuyekure,DFFC
Jean Rhys,Jean Rhys,jeanrhys,DFFC
Jean Rochefort,Jean Rochefort,jeanrochefort,DFFC
Jean Sarkozy,Jean Sarkozy,jeansarkozy,DFFC
Jean Seberg,Jean Seberg,jeanseberg,DFFC
Jean Ter-Merguerian,Jean Ter-Merguerian,jeantermerguerian,DFFC
Jean Teulère,Jean Teulère,jeanteulre,DFFC
Jean Toussaint,Jean Toussaint,jeantoussaint,DFFC
Jean Vallette d'Osia,Jean Vallette d'Osia,jeanvallettedosia,DFFC
Jean de Beaumont,Jean de Beaumont,jeandebeaumont,DFFC
Jean van de Velde,Jean van de Velde,jeanvandevelde,DFFC
"Jean, Grand Duke of Luxembourg","Jean, Grand Duke of Luxembourg",jeangranddukeofluxembourg,DFFC
Jean-Bernard Lévy,Jean-Bernard Lévy,jeanbernardlvy,DFFC
Jean-Christophe Bahebeck,Jean-Christophe Bahebeck,jeanchristophebahebeck,DFFC
Jean-Christophe Péraud,Jean-Christophe Péraud,jeanchristophepraud,DFFC
Jean-Claude Fournier,Jean-Claude Fournier,jeanclaudefournier,DFFC
Jean-Daniel Cadinot,Jean-Daniel Cadinot,jeandanielcadinot,DFFC
Jean-François Rodriguez,Jean-François Rodriguez,jeanfranoisrodriguez,DFFC
Jean-Guy Lagace,Jean-Guy Lagace,jeanguylagace,DFFC
Jean-Louis Costes,Jean-Louis Costes,jeanlouiscostes,DFFC
Jean-Louis Trintignant,Jean-Louis Trintignant,jeanlouistrintignant,DFFC
Jean-Marie Rouart,Jean-Marie Rouart,jeanmarierouart,DFFC
Jean-Max Albert,Jean-Max Albert,jeanmaxalbert,DFFC
Jean-Michel Labadie,Jean-Michel Labadie,jeanmichellabadie,DFFC
Jean-Michel Sigere,Jean-Michel Sigere,jeanmichelsigere,DFFC
Jean-Noël Augert,Jean-Noël Augert,jeannolaugert,DFFC
Jean-Paul Boëtius,Jean-Paul Boëtius,jeanpaulbotius,DFFC
Jean-Paul Rappeneau,Jean-Paul Rappeneau,jeanpaulrappeneau,DFFC
Jean-Paul Rouve,Jean-Paul Rouve,jeanpaulrouve,DFFC
Jean-Philippe Gatien,Jean-Philippe Gatien,jeanphilippegatien,DFFC
Jean-Philippe Toussaint,Jean-Philippe Toussaint,jeanphilippetoussaint,DFFC
Jean-Pierre Gibrat,Jean-Pierre Gibrat,jeanpierregibrat,DFFC
Jean-Pierre Jabouille,Jean-Pierre Jabouille,jeanpierrejabouille,DFFC
Jean-Pierre Kahane,Jean-Pierre Kahane,jeanpierrekahane,DFFC
Jean-Pierre Papin,Jean-Pierre Papin,jeanpierrepapin,DFFC
Jean-Pierre Pernaut,Jean-Pierre Pernaut,jeanpierrepernaut,DFFC
Jean-Robert Ipoustéguy,Jean-Robert Ipoustéguy,jeanrobertipoustguy,DFFC
Jean-Sébastien Fecteau,Jean-Sébastien Fecteau,jeansbastienfecteau,DFFC
Jean-Éric Vergne,Jean-Éric Vergne,jeanricvergne,DFFC
Jeanette Biedermann,Jeanette Biedermann,jeanettebiedermann,DFFC
Jeanie Buss,Jeanie Buss,jeaniebuss,DFFC
Jeanmarie Simpson,Jeanmarie Simpson,jeanmariesimpson,DFFC
Jeanna Fine,Jeanna Fine,jeannafine,DFFC
Jeanne Labrune,Jeanne Labrune,jeannelabrune,DFFC
Jeb Stuart Magruder,Jeb Stuart Magruder,jebstuartmagruder,DFFC
Jedrek Grabowski,Jedrek Grabowski,jedrekgrabowski,DFFC
Jeev Milkha Singh,Jeev Milkha Singh,jeevmilkhasingh,DFFC
Jef Nys,Jef Nys,jefnys,DFFC
Jeff Allen,Jeff Allen,jeffallen,DFFC
Jeff Ament,Jeff Ament,jeffament,DFFC
Jeff Andretti,Jeff Andretti,jeffandretti,DFFC
Jeff Bajenaru,Jeff Bajenaru,jeffbajenaru,DFFC
Jeff Beck,Jeff Beck,jeffbeck,DFFC
Jeff Carroll,Jeff Carroll,jeffcarroll,DFFC
Jeff Carter,Jeff Carter,jeffcarter,DFFC
Jeff Cheeger,Jeff Cheeger,jeffcheeger,DFFC
Jeff Conine,Jeff Conine,jeffconine,DFFC
Jeff Datz,Jeff Datz,jeffdatz,DFFC
Jeff Dowd,Jeff Dowd,jeffdowd,DFFC
Jeff Dugan,Jeff Dugan,jeffdugan,DFFC
Jeff Fatt,Jeff Fatt,jefffatt,DFFC
Jeff Feagles,Jeff Feagles,jefffeagles,DFFC
Jeff Garcia,Jeff Garcia,jeffgarcia,DFFC
Jeff Hughes,Jeff Hughes,jeffhughes,DFFC
Jeff Hunt,Jeff Hunt,jeffhunt,DFFC
Jeff Jarrett,Jeff Jarrett,jeffjarrett,DFFC
Jeff Jones,Jeff Jones,jeffjones,DFFC
Jeff Kent,Jeff Kent,jeffkent,DFFC
Jeff King,Jeff King,jeffking,DFFC
Jeff Kinney,Jeff Kinney,jeffkinney,DFFC
Jeff LaBar,Jeff LaBar,jefflabar,DFFC
Jeff Lemire,Jeff Lemire,jefflemire,DFFC
Jeff Lindsay,Jeff Lindsay,jefflindsay,DFFC
Jeff LoVecchio,Jeff LoVecchio,jefflovecchio,DFFC
Jeff Locke,Jeff Locke,jefflocke,DFFC
Jeff Mach,Jeff Mach,jeffmach,DFFC
Jeff Mangum,Jeff Mangum,jeffmangum,DFFC
Jeff Martin,Jeff Martin,jeffmartin,DFFC
Jeff Meyer,Jeff Meyer,jeffmeyer,DFFC
Jeff Nelson,Jeff Nelson,jeffnelson,DFFC
Jeff Offutt,Jeff Offutt,jeffoffutt,DFFC
Jeff Pehrson,Jeff Pehrson,jeffpehrson,DFFC
Jeff Penner,Jeff Penner,jeffpenner,DFFC
Jeff Petry,Jeff Petry,jeffpetry,DFFC
Jeff Pierce,Jeff Pierce,jeffpierce,DFFC
Jeff Probst,Jeff Probst,jeffprobst,DFFC
Jeff Pulver,Jeff Pulver,jeffpulver,DFFC
Jeff Richmond,Jeff Richmond,jeffrichmond,DFFC
Jeff Sauer,Jeff Sauer,jeffsauer,DFFC
Jeff Skinner,Jeff Skinner,jeffskinner,DFFC
Jeff Smith,Jeff Smith,jeffsmith,DFFC
Jeff Tedford,Jeff Tedford,jefftedford,DFFC
Jeff Timmons,Jeff Timmons,jefftimmons,DFFC
Jeff Wall,Jeff Wall,jeffwall,DFFC
Jeff White,Jeff White,jeffwhite,DFFC
Jeff Zeleny,Jeff Zeleny,jeffzeleny,DFFC
Jeff Zucker,Jeff Zucker,jeffzucker,DFFC
Jefferson Wood,Jefferson Wood,jeffersonwood,DFFC
Jefferson de Oliveira Galvão,Jefferson de Oliveira Galvão,jeffersondeoliveiragalvo,DFFC
Jeffery Taylor,Jeffery Taylor,jefferytaylor,DFFC
Jeffrey Bewkes,Jeffrey Bewkes,jeffreybewkes,DFFC
Jeffrey Combs,Jeffrey Combs,jeffreycombs,DFFC
Jeffrey Donovan,Jeffrey Donovan,jeffreydonovan,DFFC
Jeffrey Hollender,Jeffrey Hollender,jeffreyhollender,DFFC
Jeffrey Jones,Jeffrey Jones,jeffreyjones,DFFC
Jeffrey Linkenbach,Jeffrey Linkenbach,jeffreylinkenbach,DFFC
Jeffrey Sachs,Jeffrey Sachs,jeffreysachs,DFFC
Jeffrey Sebelia,Jeffrey Sebelia,jeffreysebelia,DFFC
Jeffrey Skilling,Jeffrey Skilling,jeffreyskilling,DFFC
Jeffrey Skoll,Jeffrey Skoll,jeffreyskoll,DFFC
Jeffrey Toobin,Jeffrey Toobin,jeffreytoobin,DFFC
Jefri Bolkiah,Jefri Bolkiah,jefribolkiah,DFFC
Jehue Gordon,Jehue Gordon,jehuegordon,DFFC
Jeje Lalpekhlua,Jeje Lalpekhlua,jejelalpekhlua,DFFC
Jelani Jenkins,Jelani Jenkins,jelanijenkins,DFFC
Jelani McCoy,Jelani McCoy,jelanimccoy,DFFC
Jelena Janković,Jelena Janković,jelenajankovi,DFFC
Jelena Jensen,Jelena Jensen,jelenajensen,DFFC
Jelka van Houten,Jelka van Houten,jelkavanhouten,DFFC
Jelle Vanendert,Jelle Vanendert,jellevanendert,DFFC
Jelle ten Rouwelaar,Jelle ten Rouwelaar,jelletenrouwelaar,DFFC
Jem,Jem,jem,DFFC
Jemaine Clement,Jemaine Clement,jemaineclement,DFFC
Jemile Weeks,Jemile Weeks,jemileweeks,DFFC
Jen Chapin,Jen Chapin,jenchapin,DFFC
Jen Hoy,Jen Hoy,jenhoy,DFFC
Jen Kirkman,Jen Kirkman,jenkirkman,DFFC
Jen Lilley,Jen Lilley,jenlilley,DFFC
Jena Malone,Jena Malone,jenamalone,DFFC
Jenifer,Jenifer,jenifer,DFFC
Jenn Suhr,Jenn Suhr,jennsuhr,DFFC
Jenna Leigh Green,Jenna Leigh Green,jennaleighgreen,DFFC
Jenna McCorkell,Jenna McCorkell,jennamccorkell,DFFC
Jenna Morasca,Jenna Morasca,jennamorasca,DFFC
Jenna Ushkowitz,Jenna Ushkowitz,jennaushkowitz,DFFC
Jennette McCurdy,Jennette McCurdy,jennettemccurdy,DFFC
Jenni Falconer,Jenni Falconer,jennifalconer,DFFC
Jenni Muldaur,Jenni Muldaur,jennimuldaur,DFFC
Jenni Murray,Jenni Murray,jennimurray,DFFC
Jenni Rivera,Jenni Rivera,jennirivera,DFFC
Jenni Vartiainen,Jenni Vartiainen,jennivartiainen,DFFC
Jennie Bond,Jennie Bond,jenniebond,DFFC
Jennie Livingston,Jennie Livingston,jennielivingston,DFFC
Jennifer Ashton,Jennifer Ashton,jenniferashton,DFFC
Jennifer Beals,Jennifer Beals,jenniferbeals,DFFC
Jennifer Coolidge,Jennifer Coolidge,jennifercoolidge,DFFC
Jennifer Cramer,Jennifer Cramer,jennifercramer,DFFC
Jennifer Gareis,Jennifer Gareis,jennifergareis,DFFC
Jennifer Grassman,Jennifer Grassman,jennifergrassman,DFFC
Jennifer Harman,Jennifer Harman,jenniferharman,DFFC
Jennifer Harß,Jennifer Harß,jenniferhar,DFFC
Jennifer Jason Leigh,Jennifer Jason Leigh,jenniferjasonleigh,DFFC
Jennifer Kirk,Jennifer Kirk,jenniferkirk,DFFC
Jennifer Lawrence,Jennifer Lawrence,jenniferlawrence,DFFC
Jennifer Love Hewitt,Jennifer Love Hewitt,jenniferlovehewitt,DFFC
Jennifer Meyer,Jennifer Meyer,jennifermeyer,DFFC
Jennifer Tilly,Jennifer Tilly,jennifertilly,DFFC
Jennifer Weiner,Jennifer Weiner,jenniferweiner,DFFC
Jennifer Wester,Jennifer Wester,jenniferwester,DFFC
Jenny Copnall,Jenny Copnall,jennycopnall,DFFC
Jenny Eclair,Jenny Eclair,jennyeclair,DFFC
Jenny Frost,Jenny Frost,jennyfrost,DFFC
Jenny Lönnkvist,Jenny Lönnkvist,jennylnnkvist,DFFC
Jenny Meldrum,Jenny Meldrum,jennymeldrum,DFFC
Jenny Mollen,Jenny Mollen,jennymollen,DFFC
Jenny Seagrove,Jenny Seagrove,jennyseagrove,DFFC
Jenny Shimizu,Jenny Shimizu,jennyshimizu,DFFC
Jenny Silver,Jenny Silver,jennysilver,DFFC
Jens Fink-Jensen,Jens Fink-Jensen,jensfinkjensen,DFFC
Jens Galschiøt,Jens Galschiøt,jensgalschit,DFFC
Jens Heppner,Jens Heppner,jensheppner,DFFC
Jens Marni Hansen,Jens Marni Hansen,jensmarnihansen,DFFC
Jens Tang Olesen,Jens Tang Olesen,jenstangolesen,DFFC
Jens Wemmer,Jens Wemmer,jenswemmer,DFFC
Jensen Ackles,Jensen Ackles,jensenackles,DFFC
Jeremey Hunsicker,Jeremey Hunsicker,jeremeyhunsicker,DFFC
Jeremiah Johnson,Jeremiah Johnson,jeremiahjohnson,DFFC
Jeremy Avigad,Jeremy Avigad,jeremyavigad,DFFC
Jeremy Barrett,Jeremy Barrett,jeremybarrett,DFFC
Jeremy Beal,Jeremy Beal,jeremybeal,DFFC
Jeremy Bokila,Jeremy Bokila,jeremybokila,DFFC
Jeremy Bulloch,Jeremy Bulloch,jeremybulloch,DFFC
Jeremy Cain,Jeremy Cain,jeremycain,DFFC
Jeremy Clements,Jeremy Clements,jeremyclements,DFFC
Jeremy Denk,Jeremy Denk,jeremydenk,DFFC
Jeremy Ebert,Jeremy Ebert,jeremyebert,DFFC
Jeremy Evans,Jeremy Evans,jeremyevans,DFFC
Jeremy Gable,Jeremy Gable,jeremygable,DFFC
Jeremy Hardy,Jeremy Hardy,jeremyhardy,DFFC
Jeremy Horne,Jeremy Horne,jeremyhorne,DFFC
Jeremy Hotz,Jeremy Hotz,jeremyhotz,DFFC
Jeremy Howe,Jeremy Howe,jeremyhowe,DFFC
Jeremy Jordan,Jeremy Jordan,jeremyjordan,DFFC
Jeremy Kenyon Lockyer Corbell,Jeremy Kenyon Lockyer Corbell,jeremykenyonlockyercorbell,DFFC
Jeremy Lin,Jeremy Lin,jeremylin,DFFC
Jeremy Lyons,Jeremy Lyons,jeremylyons,DFFC
Jeremy McClure,Jeremy McClure,jeremymcclure,DFFC
Jeremy McGrath,Jeremy McGrath,jeremymcgrath,DFFC
Jeremy Morin,Jeremy Morin,jeremymorin,DFFC
Jeremy Nell,Jeremy Nell,jeremynell,DFFC
Jeremy Paxman,Jeremy Paxman,jeremypaxman,DFFC
Jeremy Renner,Jeremy Renner,jeremyrenner,DFFC
Jeremy Scahill,Jeremy Scahill,jeremyscahill,DFFC
Jeremy Sisto,Jeremy Sisto,jeremysisto,DFFC
Jeremy Spencer,Jeremy Spencer,jeremyspencer,DFFC
Jeremy Thomas,Jeremy Thomas,jeremythomas,DFFC
Jeri Ryan,Jeri Ryan,jeriryan,DFFC
Jerko Leko,Jerko Leko,jerkoleko,DFFC
Jermaine Gonzales,Jermaine Gonzales,jermainegonzales,DFFC
Jermaine Grandison,Jermaine Grandison,jermainegrandison,DFFC
Jermaine Jackson,Jermaine Jackson,jermainejackson,DFFC
Jermaine Jones,Jermaine Jones,jermainejones,DFFC
Jermaine McGlashan,Jermaine McGlashan,jermainemcglashan,DFFC
Jero Shakpoke,Jero Shakpoke,jeroshakpoke,DFFC
Jerod Swallow,Jerod Swallow,jerodswallow,DFFC
Jeroen Bleekemolen,Jeroen Bleekemolen,jeroenbleekemolen,DFFC
Jeroen Simaeys,Jeroen Simaeys,jeroensimaeys,DFFC
Jeroen van der Boom,Jeroen van der Boom,jeroenvanderboom,DFFC
Jerome Boyd,Jerome Boyd,jeromeboyd,DFFC
Jerome Deupree,Jerome Deupree,jeromedeupree,DFFC
Jerome Flynn,Jerome Flynn,jeromeflynn,DFFC
Jerome Jordan,Jerome Jordan,jeromejordan,DFFC
Jerome Murphy,Jerome Murphy,jeromemurphy,DFFC
Jeromey Clary,Jeromey Clary,jeromeyclary,DFFC
Jeromy Miles,Jeromy Miles,jeromymiles,DFFC
Jeron Johnson,Jeron Johnson,jeronjohnson,DFFC
Jeron Mastrud,Jeron Mastrud,jeronmastrud,DFFC
Jerrod Niemann,Jerrod Niemann,jerrodniemann,DFFC
Jerry Brown,Jerry Brown,jerrybrown,DFFC
Jerry Bruckheimer,Jerry Bruckheimer,jerrybruckheimer,DFFC
Jerry Coyne,Jerry Coyne,jerrycoyne,DFFC
Jerry DeGregorio,Jerry DeGregorio,jerrydegregorio,DFFC
Jerry Greenfield,Jerry Greenfield,jerrygreenfield,DFFC
Jerry Jeff Walker,Jerry Jeff Walker,jerryjeffwalker,DFFC
Jerry Koosman,Jerry Koosman,jerrykoosman,DFFC
Jerry L. Bona,Jerry L Bona,jerrylbona,DFFC
Jerry Maren,Jerry Maren,jerrymaren,DFFC
Jerry Mathers,Jerry Mathers,jerrymathers,DFFC
Jerry Meals,Jerry Meals,jerrymeals,DFFC
Jerry O'Connell,Jerry O'Connell,jerryoconnell,DFFC
Jerry Pinkney,Jerry Pinkney,jerrypinkney,DFFC
Jerry Reese,Jerry Reese,jerryreese,DFFC
Jerry Reuss,Jerry Reuss,jerryreuss,DFFC
Jerry Rice,Jerry Rice,jerryrice,DFFC
Jerry Schatzberg,Jerry Schatzberg,jerryschatzberg,DFFC
Jerry Sichting,Jerry Sichting,jerrysichting,DFFC
Jerry Siebert,Jerry Siebert,jerrysiebert,DFFC
Jerry Sloan,Jerry Sloan,jerrysloan,DFFC
Jerry Stackhouse,Jerry Stackhouse,jerrystackhouse,DFFC
Jerry Tolley,Jerry Tolley,jerrytolley,DFFC
Jerry White,Jerry White,jerrywhite,DFFC
Jerry Williams,Jerry Williams,jerrywilliams,DFFC
Jerry Yang,Jerry Yang,jerryyang,DFFC
Jerzy Kukuczka,Jerzy Kukuczka,jerzykukuczka,DFFC
Jerzy Stefan Stawiński,Jerzy Stefan Stawiński,jerzystefanstawiski,DFFC
Jesper Faurschou,Jesper Faurschou,jesperfaurschou,DFFC
Jesper Hansen,Jesper Hansen,jesperhansen,DFFC
Jesper Mathisen,Jesper Mathisen,jespermathisen,DFFC
Jesper Ollas,Jesper Ollas,jesperollas,DFFC
Jess Row,Jess Row,jessrow,DFFC
Jess Walter,Jess Walter,jesswalter,DFFC
Jesse Aliganga,Jesse Aliganga,jessealiganga,DFFC
Jesse Barfield,Jesse Barfield,jessebarfield,DFFC
Jesse Bradford,Jesse Bradford,jessebradford,DFFC
Jesse Colin Young,Jesse Colin Young,jessecolinyoung,DFFC
Jesse James Leija,Jesse James Leija,jessejamesleija,DFFC
Jesse Plemons,Jesse Plemons,jesseplemons,DFFC
Jesse Rath,Jesse Rath,jesserath,DFFC
Jesse Sergent,Jesse Sergent,jessesergent,DFFC
Jesse Tyler Ferguson,Jesse Tyler Ferguson,jessetylerferguson,DFFC
Jesse Williams,Jesse Williams,jessewilliams,DFFC
Jessica Care Moore,Jessica Care Moore,jessicacaremoore,DFFC
Jessica Clarke,Jessica Clarke,jessicaclarke,DFFC
Jessica Delfino,Jessica Delfino,jessicadelfino,DFFC
Jessica Drake,Jessica Drake,jessicadrake,DFFC
Jessica Dubroff,Jessica Dubroff,jessicadubroff,DFFC
Jessica Hart,Jessica Hart,jessicahart,DFFC
Jessica Hynes,Jessica Hynes,jessicahynes,DFFC
Jessica Jung,Jessica Jung,jessicajung,DFFC
Jessica Kiper,Jessica Kiper,jessicakiper,DFFC
Jessica Korda,Jessica Korda,jessicakorda,DFFC
Jessica Lange,Jessica Lange,jessicalange,DFFC
Jessica Lindell-Vikarby,Jessica Lindell-Vikarby,jessicalindellvikarby,DFFC
Jessica Lowndes,Jessica Lowndes,jessicalowndes,DFFC
Jessica Mauboy,Jessica Mauboy,jessicamauboy,DFFC
Jessica McDonald,Jessica McDonald,jessicamcdonald,DFFC
Jessica Miller,Jessica Miller,jessicamiller,DFFC
Jessica Nigri,Jessica Nigri,jessicanigri,DFFC
Jessica Paré,Jessica Paré,jessicapar,DFFC
Jessica Pegula,Jessica Pegula,jessicapegula,DFFC
Jessica Schwarz,Jessica Schwarz,jessicaschwarz,DFFC
Jessica Seaman,Jessica Seaman,jessicaseaman,DFFC
Jessica Simpson,Jessica Simpson,jessicasimpson,DFFC
Jessica Steffens,Jessica Steffens,jessicasteffens,DFFC
Jessica Watson,Jessica Watson,jessicawatson,DFFC
Jessie Andrews,Jessie Andrews,jessieandrews,DFFC
Jessie Godderz,Jessie Godderz,jessiegodderz,DFFC
Jessie Ware,Jessie Ware,jessieware,DFFC
Jessy De Smet,Jessy De Smet,jessydesmet,DFFC
Jessy J,Jessy J,jessyj,DFFC
Jesé,Jesé,jes,DFFC
Jesús Hernández,Jesús Hernández,jesshernndez,DFFC
Jesús Herrada,Jesús Herrada,jessherrada,DFFC
Jesús Huerta de Soto,Jesús Huerta de Soto,jesshuertadesoto,DFFC
Jesús María Satrústegui,Jesús María Satrústegui,jessmarasatrstegui,DFFC
Jesús Molina,Jesús Molina,jessmolina,DFFC
Jewel,Jewel,jewel,DFFC
Jhené Aiko,Jhené Aiko,jhenaiko,DFFC
Ji Dong-won,Ji Dong-won,jidongwon,DFFC
Ji Hyun-woo,Ji Hyun-woo,jihyunwoo,DFFC
Ji So-yun,Ji So-yun,jisoyun,DFFC
Jiah Khan,Jiah Khan,jiahkhan,DFFC
Jiajia,Jiajia,jiajia,DFFC
Jiang Wen,Jiang Wen,jiangwen,DFFC
Jill Bennett,Jill Bennett,jillbennett,DFFC
Jill Bolte Taylor,Jill Bolte Taylor,jillboltetaylor,DFFC
Jill Greenberg,Jill Greenberg,jillgreenberg,DFFC
Jill Soloway,Jill Soloway,jillsoloway,DFFC
Jillian Camarena-Williams,Jillian Camarena-Williams,jilliancamarenawilliams,DFFC
Jillian Rose Reed,Jillian Rose Reed,jillianrosereed,DFFC
Jillian Schwartz,Jillian Schwartz,jillianschwartz,DFFC
Jillian York,Jillian York,jillianyork,DFFC
Jim Abbott,Jim Abbott,jimabbott,DFFC
Jim Adduci,Jim Adduci,jimadduci,DFFC
Jim Armstrong,Jim Armstrong,jimarmstrong,DFFC
Jim Balsillie,Jim Balsillie,jimbalsillie,DFFC
Jim Belushi,Jim Belushi,jimbelushi,DFFC
Jim Berger,Jim Berger,jimberger,DFFC
Jim Boylan,Jim Boylan,jimboylan,DFFC
Jim Breuer,Jim Breuer,jimbreuer,DFFC
Jim Brewer,Jim Brewer,jimbrewer,DFFC
Jim Broadbent,Jim Broadbent,jimbroadbent,DFFC
Jim Butcher,Jim Butcher,jimbutcher,DFFC
Jim Byrnes,Jim Byrnes,jimbyrnes,DFFC
Jim Caldwell,Jim Caldwell,jimcaldwell,DFFC
Jim Caviezel,Jim Caviezel,jimcaviezel,DFFC
Jim Corcoran,Jim Corcoran,jimcorcoran,DFFC
Jim Corsi,Jim Corsi,jimcorsi,DFFC
Jim Cramer,Jim Cramer,jimcramer,DFFC
Jim Creeggan,Jim Creeggan,jimcreeggan,DFFC
Jim D. Hansen,Jim D Hansen,jimdhansen,DFFC
Jim Delsing,Jim Delsing,jimdelsing,DFFC
Jim Dine,Jim Dine,jimdine,DFFC
Jim Eakins,Jim Eakins,jimeakins,DFFC
Jim Eisenreich,Jim Eisenreich,jimeisenreich,DFFC
Jim Fenlon,Jim Fenlon,jimfenlon,DFFC
Jim Ferguson,Jim Ferguson,jimferguson,DFFC
Jim Flanery,Jim Flanery,jimflanery,DFFC
Jim Furyk,Jim Furyk,jimfuryk,DFFC
Jim Gannon,Jim Gannon,jimgannon,DFFC
Jim Gelcer,Jim Gelcer,jimgelcer,DFFC
Jim Harmon,Jim Harmon,jimharmon,DFFC
Jim Heath,Jim Heath,jimheath,DFFC
Jim Hegan,Jim Hegan,jimhegan,DFFC
Jim Henson,Jim Henson,jimhenson,DFFC
Jim Hines,Jim Hines,jimhines,DFFC
Jim Jones,Jim Jones,jimjones,DFFC
Jim Ka To,Jim Ka To,jimkato,DFFC
Jim Kale,Jim Kale,jimkale,DFFC
Jim Kerr,Jim Kerr,jimkerr,DFFC
Jim Knipfel,Jim Knipfel,jimknipfel,DFFC
Jim L. Mora,Jim L Mora,jimlmora,DFFC
Jim Lansford,Jim Lansford,jimlansford,DFFC
Jim Lee,Jim Lee,jimlee,DFFC
Jim Lehrer,Jim Lehrer,jimlehrer,DFFC
Jim Mahfood,Jim Mahfood,jimmahfood,DFFC
Jim McMahon,Jim McMahon,jimmcmahon,DFFC
Jim Mooney,Jim Mooney,jimmooney,DFFC
Jim Nabors,Jim Nabors,jimnabors,DFFC
Jim Naismith,Jim Naismith,jimnaismith,DFFC
Jim Parsons,Jim Parsons,jimparsons,DFFC
Jim Peterik,Jim Peterik,jimpeterik,DFFC
Jim Pugliese,Jim Pugliese,jimpugliese,DFFC
Jim Rash,Jim Rash,jimrash,DFFC
Jim Ratcliffe,Jim Ratcliffe,jimratcliffe,DFFC
Jim Reynolds,Jim Reynolds,jimreynolds,DFFC
Jim Robson,Jim Robson,jimrobson,DFFC
Jim Rooney,Jim Rooney,jimrooney,DFFC
Jim Root,Jim Root,jimroot,DFFC
Jim Rosenthal,Jim Rosenthal,jimrosenthal,DFFC
Jim Ross,Jim Ross,jimross,DFFC
Jim Salicrup,Jim Salicrup,jimsalicrup,DFFC
Jim Salsbury,Jim Salsbury,jimsalsbury,DFFC
Jim Slater,Jim Slater,jimslater,DFFC
Jim Steranko,Jim Steranko,jimsteranko,DFFC
Jim Suptic,Jim Suptic,jimsuptic,DFFC
Jim Thome,Jim Thome,jimthome,DFFC
Jim Walton,Jim Walton,jimwalton,DFFC
Jim Whitaker,Jim Whitaker,jimwhitaker,DFFC
Jim White,Jim White,jimwhite,DFFC
Jim Zabel,Jim Zabel,jimzabel,DFFC
Jimin Kang,Jimin Kang,jiminkang,DFFC
Jimmie Johnson,Jimmie Johnson,jimmiejohnson,DFFC
Jimmie Leach,Jimmie Leach,jimmieleach,DFFC
Jimmie W. Monteith,Jimmie W Monteith,jimmiewmonteith,DFFC
Jimmy Briand,Jimmy Briand,jimmybriand,DFFC
Jimmy Buffett,Jimmy Buffett,jimmybuffett,DFFC
Jimmy Carter,Jimmy Carter,jimmycarter,DFFC
Jimmy Casper,Jimmy Casper,jimmycasper,DFFC
Jimmy Childress,Jimmy Childress,jimmychildress,DFFC
Jimmy Cliff,Jimmy Cliff,jimmycliff,DFFC
Jimmy Durmaz,Jimmy Durmaz,jimmydurmaz,DFFC
Jimmy Graham,Jimmy Graham,jimmygraham,DFFC
Jimmy Herring,Jimmy Herring,jimmyherring,DFFC
Jimmy Johnson,Jimmy Johnson,jimmyjohnson,DFFC
Jimmy LaFave,Jimmy LaFave,jimmylafave,DFFC
Jimmy London,Jimmy London,jimmylondon,DFFC
Jimmy Rave,Jimmy Rave,jimmyrave,DFFC
Jimmy Robertson,Jimmy Robertson,jimmyrobertson,DFFC
Jimmy Roselli,Jimmy Roselli,jimmyroselli,DFFC
Jimmy Scott,Jimmy Scott,jimmyscott,DFFC
Jimmy Snuka,Jimmy Snuka,jimmysnuka,DFFC
Jimmy T. Murakami,Jimmy T Murakami,jimmytmurakami,DFFC
Jimmy Tingle,Jimmy Tingle,jimmytingle,DFFC
Jimmy Vicaut,Jimmy Vicaut,jimmyvicaut,DFFC
Jimmy White,Jimmy White,jimmywhite,DFFC
Jimmy Wong,Jimmy Wong,jimmywong,DFFC
Jin Bora,Jin Bora,jinbora,DFFC
Jin Boyang,Jin Boyang,jinboyang,DFFC
Jinder Mahal,Jinder Mahal,jindermahal,DFFC
Jinkx Monsoon,Jinkx Monsoon,jinkxmonsoon,DFFC
Jinx Titanic,Jinx Titanic,jinxtitanic,DFFC
Jirawat Makarom,Jirawat Makarom,jirawatmakarom,DFFC
Jiro Taniguchi,Jiro Taniguchi,jirotaniguchi,DFFC
Jiyai Shin,Jiyai Shin,jiyaishin,DFFC
Jiyul,Jiyul,jiyul,DFFC
Jiřina Ptáčníková,Jiřina Ptáčníková,jiinaptnkov,DFFC
Jiří Jeslínek,Jiří Jeslínek,jijeslnek,DFFC
Jiří Menzel,Jiří Menzel,jimenzel,DFFC
Jiří Ondra,Jiří Ondra,jiondra,DFFC
Jiří Schelinger,Jiří Schelinger,jischelinger,DFFC
Jiří Sekáč,Jiří Sekáč,jisek,DFFC
Jiří Suchý,Jiří Suchý,jisuch,DFFC
Jlloyd Samuel,Jlloyd Samuel,jlloydsamuel,DFFC
Jo Anne Worley,Jo Anne Worley,joanneworley,DFFC
Jo Dee Messina,Jo Dee Messina,jodeemessina,DFFC
Jo Inge Berget,Jo Inge Berget,joingeberget,DFFC
Jo Kuffour,Jo Kuffour,jokuffour,DFFC
Jo Shapcott,Jo Shapcott,joshapcott,DFFC
Jo Stafford,Jo Stafford,jostafford,DFFC
Jo Whiley,Jo Whiley,jowhiley,DFFC
Jo Yoon-hee,Jo Yoon-hee,joyoonhee,DFFC
JoAnna Garcia,JoAnna Garcia,joannagarcia,DFFC
JoBeth Williams,JoBeth Williams,jobethwilliams,DFFC
JoJo Offerman,JoJo Offerman,jojoofferman,DFFC
Joachim Löw,Joachim Löw,joachimlw,DFFC
Joachim Puchner,Joachim Puchner,joachimpuchner,DFFC
Joakim Haeggman,Joakim Haeggman,joakimhaeggman,DFFC
Joakim Noah,Joakim Noah,joakimnoah,DFFC
Joakim Nätterqvist,Joakim Nätterqvist,joakimntterqvist,DFFC
Joakim Thåström,Joakim Thåström,joakimthstrm,DFFC
Joan Armatrading,Joan Armatrading,joanarmatrading,DFFC
Joan Caulfield,Joan Caulfield,joancaulfield,DFFC
Joan Chandler,Joan Chandler,joanchandler,DFFC
Joan Collins,Joan Collins,joancollins,DFFC
Joan Didion,Joan Didion,joandidion,DFFC
Joan Evans,Joan Evans,joanevans,DFFC
Joan Fontaine,Joan Fontaine,joanfontaine,DFFC
Joan Franka,Joan Franka,joanfranka,DFFC
Joan Horrach,Joan Horrach,joanhorrach,DFFC
Joan Hotchkis,Joan Hotchkis,joanhotchkis,DFFC
Joan Jeanrenaud,Joan Jeanrenaud,joanjeanrenaud,DFFC
Joan Jett,Joan Jett,joanjett,DFFC
Joan Leslie,Joan Leslie,joanleslie,DFFC
Joan Llaneras,Joan Llaneras,joanllaneras,DFFC
Joan Marshall,Joan Marshall,joanmarshall,DFFC
Joan Van Ark,Joan Van Ark,joanvanark,DFFC
Joanna Angel,Joanna Angel,joannaangel,DFFC
Joanna Budner,Joanna Budner,joannabudner,DFFC
Joanna Going,Joanna Going,joannagoing,DFFC
Joanna Lenko,Joanna Lenko,joannalenko,DFFC
Joanna Lumley,Joanna Lumley,joannalumley,DFFC
Joanna Olczak-Ronikier,Joanna Olczak-Ronikier,joannaolczakronikier,DFFC
Joanna Rowsell,Joanna Rowsell,joannarowsell,DFFC
Joanna Trollope,Joanna Trollope,joannatrollope,DFFC
Joanna Wajs,Joanna Wajs,joannawajs,DFFC
Joanne Carter,Joanne Carter,joannecarter,DFFC
Joanne Jackson,Joanne Jackson,joannejackson,DFFC
Joanne Kiesanowski,Joanne Kiesanowski,joannekiesanowski,DFFC
Joanne Morley,Joanne Morley,joannemorley,DFFC
Joanne Siegel,Joanne Siegel,joannesiegel,DFFC
Joao Plata,Joao Plata,joaoplata,DFFC
Joao Rojas,Joao Rojas,joaorojas,DFFC
Joaquim Cruz,Joaquim Cruz,joaquimcruz,DFFC
Joaquín,Joaquín,joaqun,DFFC
Joaquín Larrivey,Joaquín Larrivey,joaqunlarrivey,DFFC
Jochen Fraatz,Jochen Fraatz,jochenfraatz,DFFC
Jochen Wermuth,Jochen Wermuth,jochenwermuth,DFFC
Jodelle Ferland,Jodelle Ferland,jodelleferland,DFFC
Jodi Elkington-Jones,Jodi Elkington-Jones,jodielkingtonjones,DFFC
Jodi Leigh Miller,Jodi Leigh Miller,jodileighmiller,DFFC
Jodi Martin,Jodi Martin,jodimartin,DFFC
Jodi-Ann Robinson,Jodi-Ann Robinson,jodiannrobinson,DFFC
Jodie Emery,Jodie Emery,jodieemery,DFFC
Jodie Moore,Jodie Moore,jodiemoore,DFFC
Jodie Sweetin,Jodie Sweetin,jodiesweetin,DFFC
Jodie Taylor,Jodie Taylor,jodietaylor,DFFC
Jodie Williams,Jodie Williams,jodiewilliams,DFFC
Jody Craddock,Jody Craddock,jodycraddock,DFFC
Jody Scheckter,Jody Scheckter,jodyscheckter,DFFC
Jody Watley,Jody Watley,jodywatley,DFFC
Joe A. Rector,Joe A Rector,joearector,DFFC
Joe Abercrombie,Joe Abercrombie,joeabercrombie,DFFC
Joe Bach,Joe Bach,joebach,DFFC
Joe Barry,Joe Barry,joebarry,DFFC
Joe Beevers,Joe Beevers,joebeevers,DFFC
Joe Bendik,Joe Bendik,joebendik,DFFC
Joe Betts-LaCroix,Joe Betts-LaCroix,joebettslacroix,DFFC
Joe Bonamassa,Joe Bonamassa,joebonamassa,DFFC
Joe Bonsall,Joe Bonsall,joebonsall,DFFC
Joe Budden,Joe Budden,joebudden,DFFC
Joe Camilleri,Joe Camilleri,joecamilleri,DFFC
Joe Campanella,Joe Campanella,joecampanella,DFFC
Joe Canning,Joe Canning,joecanning,DFFC
Joe Cannon,Joe Cannon,joecannon,DFFC
Joe Cipriano,Joe Cipriano,joecipriano,DFFC
Joe Crede,Joe Crede,joecrede,DFFC
Joe Dallesandro,Joe Dallesandro,joedallesandro,DFFC
Joe De Santis,Joe De Santis,joedesantis,DFFC
Joe Diffie,Joe Diffie,joediffie,DFFC
Joe Doerr,Joe Doerr,joedoerr,DFFC
Joe Duffy,Joe Duffy,joeduffy,DFFC
Joe Duplantier,Joe Duplantier,joeduplantier,DFFC
Joe Frasson,Joe Frasson,joefrasson,DFFC
Joe Frazier,Joe Frazier,joefrazier,DFFC
"Joe Garagiola, Sr.","Joe Garagiola, Sr",joegaragiolasr,DFFC
Joe Giella,Joe Giella,joegiella,DFFC
Joe Girardi,Joe Girardi,joegirardi,DFFC
Joe Greene,Joe Greene,joegreene,DFFC
Joe Hachem,Joe Hachem,joehachem,DFFC
Joe Hahn,Joe Hahn,joehahn,DFFC
Joe Haldeman,Joe Haldeman,joehaldeman,DFFC
Joe Hamilton,Joe Hamilton,joehamilton,DFFC
Joe Jacobson,Joe Jacobson,joejacobson,DFFC
Joe Jopling,Joe Jopling,joejopling,DFFC
Joe King,Joe King,joeking,DFFC
Joe Lizura,Joe Lizura,joelizura,DFFC
Joe Looney,Joe Looney,joelooney,DFFC
Joe Lovitto,Joe Lovitto,joelovitto,DFFC
Joe Madiath,Joe Madiath,joemadiath,DFFC
Joe Mande,Joe Mande,joemande,DFFC
Joe Mantegna,Joe Mantegna,joemantegna,DFFC
Joe Marconi,Joe Marconi,joemarconi,DFFC
Joe Mays,Joe Mays,joemays,DFFC
Joe McKnight,Joe McKnight,joemcknight,DFFC
Joe Nemechek,Joe Nemechek,joenemechek,DFFC
Joe Nickell,Joe Nickell,joenickell,DFFC
Joe Nieuwendyk,Joe Nieuwendyk,joenieuwendyk,DFFC
Joe Pepitone,Joe Pepitone,joepepitone,DFFC
Joe Pesci,Joe Pesci,joepesci,DFFC
Joe Pignatano,Joe Pignatano,joepignatano,DFFC
Joe Puerta,Joe Puerta,joepuerta,DFFC
Joe Rafferty,Joe Rafferty,joerafferty,DFFC
Joe Ralls,Joe Ralls,joeralls,DFFC
Joe Ruttman,Joe Ruttman,joeruttman,DFFC
Joe Shishido,Joe Shishido,joeshishido,DFFC
Joe Simpson,Joe Simpson,joesimpson,DFFC
Joe Sova,Joe Sova,joesova,DFFC
Joe Spencer,Joe Spencer,joespencer,DFFC
Joe Spinell,Joe Spinell,joespinell,DFFC
Joe Staton,Joe Staton,joestaton,DFFC
Joe Swail,Joe Swail,joeswail,DFFC
Joe Theismann,Joe Theismann,joetheismann,DFFC
Joe Trohman,Joe Trohman,joetrohman,DFFC
Joe Walsh,Joe Walsh,joewalsh,DFFC
Joe Watson,Joe Watson,joewatson,DFFC
Joe Webb,Joe Webb,joewebb,DFFC
Joe Zawinul,Joe Zawinul,joezawinul,DFFC
Joel Breton,Joel Breton,joelbreton,DFFC
Joel Campbell,Joel Campbell,joelcampbell,DFFC
Joel Chianese,Joel Chianese,joelchianese,DFFC
Joel Freeland,Joel Freeland,joelfreeland,DFFC
Joel Fuhrman,Joel Fuhrman,joelfuhrman,DFFC
Joel Griffiths,Joel Griffiths,joelgriffiths,DFFC
Joel Hanrahan,Joel Hanrahan,joelhanrahan,DFFC
Joel Iskowitz,Joel Iskowitz,joeliskowitz,DFFC
Joel Lindpere,Joel Lindpere,joellindpere,DFFC
Joel Madden,Joel Madden,joelmadden,DFFC
Joel Martin,Joel Martin,joelmartin,DFFC
Joel O'Keeffe,Joel O'Keeffe,joelokeeffe,DFFC
Joel Osteen,Joel Osteen,joelosteen,DFFC
Joel Robles,Joel Robles,joelrobles,DFFC
Joel Rosenberg,Joel Rosenberg,joelrosenberg,DFFC
Joel Schumacher,Joel Schumacher,joelschumacher,DFFC
Joelle,Joelle,joelle,DFFC
Joelle Forte,Joelle Forte,joelleforte,DFFC
Joelle Hadjia,Joelle Hadjia,joellehadjia,DFFC
Joey Baron,Joey Baron,joeybaron,DFFC
Joey Cape,Joey Cape,joeycape,DFFC
Joey Castillo,Joey Castillo,joeycastillo,DFFC
Joey Chestnut,Joey Chestnut,joeychestnut,DFFC
Joey Comeau,Joey Comeau,joeycomeau,DFFC
Joey Fatone,Joey Fatone,joeyfatone,DFFC
Joey Galloway,Joey Galloway,joeygalloway,DFFC
Joey Gase,Joey Gase,joeygase,DFFC
Joey Haynos,Joey Haynos,joeyhaynos,DFFC
Joey Russell,Joey Russell,joeyrussell,DFFC
Joey Santiago,Joey Santiago,joeysantiago,DFFC
Joffrey Lupul,Joffrey Lupul,joffreylupul,DFFC
Johan Boskamp,Johan Boskamp,johanboskamp,DFFC
Johan Botha,Johan Botha,johanbotha,DFFC
Johan Bruyneel,Johan Bruyneel,johanbruyneel,DFFC
Johan Dahlin,Johan Dahlin,johandahlin,DFFC
Johan Kenkhuis,Johan Kenkhuis,johankenkhuis,DFFC
Johan Kristoffersson,Johan Kristoffersson,johankristoffersson,DFFC
Johan Libéreau,Johan Libéreau,johanlibreau,DFFC
Johan Micoud,Johan Micoud,johanmicoud,DFFC
Johan Museeuw,Johan Museeuw,johanmuseeuw,DFFC
Johan Rabaeus,Johan Rabaeus,johanrabaeus,DFFC
Johan Stureson,Johan Stureson,johanstureson,DFFC
Johan Vansummeren,Johan Vansummeren,johanvansummeren,DFFC
Johan Vonlanthen,Johan Vonlanthen,johanvonlanthen,DFFC
Johan Wiland,Johan Wiland,johanwiland,DFFC
Johanna Lind,Johanna Lind,johannalind,DFFC
Johanna Purdy,Johanna Purdy,johannapurdy,DFFC
Johannes La Grouw,Johannes La Grouw,johanneslagrouw,DFFC
Johannes Seidlitz,Johannes Seidlitz,johannesseidlitz,DFFC
Johannes Thingnes Bø,Johannes Thingnes Bø,johannesthingnesb,DFFC
Johannes Wieland,Johannes Wieland,johanneswieland,DFFC
Johannes Willebrands,Johannes Willebrands,johanneswillebrands,DFFC
"Johannes, 11th Prince of Thurn and Taxis","Johannes, 11th Prince of Thurn and Taxis",johannes11thprinceofthurnandtaxis,DFFC
"John ""Mule"" Miles",John Mule Miles,johnmulemiles,DFFC
John Allan Cameron,John Allan Cameron,johnallancameron,DFFC
John Ardis Cawthon,John Ardis Cawthon,johnardiscawthon,DFFC
John Armitt,John Armitt,johnarmitt,DFFC
John Avlon,John Avlon,johnavlon,DFFC
John B. Calhoun,John B Calhoun,johnbcalhoun,DFFC
John Banville,John Banville,johnbanville,DFFC
John Barry,John Barry,johnbarry,DFFC
John Bell,John Bell,johnbell,DFFC
John Berry,John Berry,johnberry,DFFC
John Betjeman,John Betjeman,johnbetjeman,DFFC
John Biddle,John Biddle,johnbiddle,DFFC
John Bishop,John Bishop,johnbishop,DFFC
John Brodie,John Brodie,johnbrodie,DFFC
John Brookfield,John Brookfield,johnbrookfield,DFFC
John Brooks,John Brooks,johnbrooks,DFFC
John Brown,John Brown,johnbrown,DFFC
John Butler,John Butler,johnbutler,DFFC
John C. Mather,John C Mather,johncmather,DFFC
John C. Reilly,John C Reilly,johncreilly,DFFC
John Capel,John Capel,johncapel,DFFC
John Carradine,John Carradine,johncarradine,DFFC
John Carroll,John Carroll,johncarroll,DFFC
John Cernuto,John Cernuto,johncernuto,DFFC
John Chambers,John Chambers,johnchambers,DFFC
John Chapman,John Chapman,johnchapman,DFFC
John Christenbury,John Christenbury,johnchristenbury,DFFC
John Clay,John Clay,johnclay,DFFC
John Cleese,John Cleese,johncleese,DFFC
John Coates,John Coates,johncoates,DFFC
John Coghlan,John Coghlan,johncoghlan,DFFC
John Conner,John Conner,johnconner,DFFC
John Corbett,John Corbett,johncorbett,DFFC
John Crawley,John Crawley,johncrawley,DFFC
John Crissey III,John Crissey III,johncrisseyiii,DFFC
John Crowe Ransom,John Crowe Ransom,johncroweransom,DFFC
John Crowley,John Crowley,johncrowley,DFFC
John D. Roberts,John D Roberts,johndroberts,DFFC
John Dalgleish Donaldson,John Dalgleish Donaldson,johndalgleishdonaldson,DFFC
John Dall,John Dall,johndall,DFFC
John Darnielle,John Darnielle,johndarnielle,DFFC
John David Morley,John David Morley,johndavidmorley,DFFC
John DeFazio,John DeFazio,johndefazio,DFFC
John DeLorean,John DeLorean,johndelorean,DFFC
John Debney,John Debney,johndebney,DFFC
John Dempster,John Dempster,johndempster,DFFC
John Devitt,John Devitt,johndevitt,DFFC
John Dobson,John Dobson,johndobson,DFFC
John Dolmayan,John Dolmayan,johndolmayan,DFFC
John Eleuthère du Pont,John Eleuthère du Pont,johneleuthredupont,DFFC
John Elway,John Elway,johnelway,DFFC
John Entwistle,John Entwistle,johnentwistle,DFFC
John Esposito,John Esposito,johnesposito,DFFC
John Estrada,John Estrada,johnestrada,DFFC
John F. Campbell,John F Campbell,johnfcampbell,DFFC
John F. Du,John F Du,johnfdu,DFFC
John F. Kennedy Jr.,John F Kennedy Jr,johnfkennedyjr,DFFC
John Fahey,John Fahey,johnfahey,DFFC
John Farnham,John Farnham,johnfarnham,DFFC
John Farrell,John Farrell,johnfarrell,DFFC
John Ferenzik,John Ferenzik,johnferenzik,DFFC
John Flaherty,John Flaherty,johnflaherty,DFFC
John Flanagan,John Flanagan,johnflanagan,DFFC
John Foreman,John Foreman,johnforeman,DFFC
John Francis Daley,John Francis Daley,johnfrancisdaley,DFFC
John Gadret,John Gadret,johngadret,DFFC
John Galvin,John Galvin,johngalvin,DFFC
John Garcia,John Garcia,johngarcia,DFFC
John Garrison,John Garrison,johngarrison,DFFC
John Gilliland,John Gilliland,johngilliland,DFFC
John Gouriet,John Gouriet,johngouriet,DFFC
John Greco,John Greco,johngreco,DFFC
John Gregory,John Gregory,johngregory,DFFC
John Guidetti,John Guidetti,johnguidetti,DFFC
John H. Caldwell,John H Caldwell,johnhcaldwell,DFFC
John H. Taylor,John H Taylor,johnhtaylor,DFFC
John Hagee,John Hagee,johnhagee,DFFC
John Harbaugh,John Harbaugh,johnharbaugh,DFFC
John Hartford,John Hartford,johnhartford,DFFC
John Harwood,John Harwood,johnharwood,DFFC
John Hawkes,John Hawkes,johnhawkes,DFFC
John Heald,John Heald,johnheald,DFFC
John Helliwell,John Helliwell,johnhelliwell,DFFC
John Henderson,John Henderson,johnhenderson,DFFC
John Hennigan,John Hennigan,johnhennigan,DFFC
John Herrington,John Herrington,johnherrington,DFFC
John Heussenstamm,John Heussenstamm,johnheussenstamm,DFFC
"John Hinckley, Jr.","John Hinckley, Jr",johnhinckleyjr,DFFC
John Hockenberry,John Hockenberry,johnhockenberry,DFFC
John Hoffman,John Hoffman,johnhoffman,DFFC
John Holmes,John Holmes,johnholmes,DFFC
John Hopcroft,John Hopcroft,johnhopcroft,DFFC
John Howard,John Howard,johnhoward,DFFC
John Hughes,John Hughes,johnhughes,DFFC
John Inge,John Inge,johninge,DFFC
John Irving,John Irving,johnirving,DFFC
John Isner,John Isner,johnisner,DFFC
John J. Studzinski,John J Studzinski,johnjstudzinski,DFFC
John Jarratt,John Jarratt,johnjarratt,DFFC
John Johnson,John Johnson,johnjohnson,DFFC
John Jorgenson,John Jorgenson,johnjorgenson,DFFC
John Justin,John Justin,johnjustin,DFFC
John K. Davis,John K Davis,johnkdavis,DFFC
John K. Watts,John K Watts,johnkwatts,DFFC
John Kadlecik,John Kadlecik,johnkadlecik,DFFC
John Kanzius,John Kanzius,johnkanzius,DFFC
John Kasay,John Kasay,johnkasay,DFFC
John Kay,John Kay,johnkay,DFFC
John Kerr,John Kerr,johnkerr,DFFC
John King,John King,johnking,DFFC
John Kirkbride,John Kirkbride,johnkirkbride,DFFC
"John Krebs, Baron Krebs","John Krebs, Baron Krebs",johnkrebsbaronkrebs,DFFC
John Kucera,John Kucera,johnkucera,DFFC
John Kuhn,John Kuhn,johnkuhn,DFFC
John Layfield,John Layfield,johnlayfield,DFFC
John Lee Hooker,John Lee Hooker,johnleehooker,DFFC
John List,John List,johnlist,DFFC
John Lombardo,John Lombardo,johnlombardo,DFFC
John Lund,John Lund,johnlund,DFFC
John M. Ford,John M Ford,johnmford,DFFC
John M. Freeman,John M Freeman,johnmfreeman,DFFC
John Madden,John Madden,johnmadden,DFFC
John Mahoney,John Mahoney,johnmahoney,DFFC
John Mann,John Mann,johnmann,DFFC
John Marquis,John Marquis,johnmarquis,DFFC
John Mastrangelo,John Mastrangelo,johnmastrangelo,DFFC
"John Mayberry, Jr.","John Mayberry, Jr",johnmayberryjr,DFFC
John Mayer,John Mayer,johnmayer,DFFC
John McCombe,John McCombe,johnmccombe,DFFC
John McCririck,John McCririck,johnmccririck,DFFC
John McEnroe,John McEnroe,johnmcenroe,DFFC
John McGrath,John McGrath,johnmcgrath,DFFC
John McLaughlin,John McLaughlin,johnmclaughlin,DFFC
John McVey,John McVey,johnmcvey,DFFC
John Moffitt,John Moffitt,johnmoffitt,DFFC
John Moore,John Moore,johnmoore,DFFC
John Moreland,John Moreland,johnmoreland,DFFC
John N. Shive,John N Shive,johnnshive,DFFC
John Napier,John Napier,johnnapier,DFFC
John Nettles,John Nettles,johnnettles,DFFC
John Noble,John Noble,johnnoble,DFFC
John Nutter,John Nutter,johnnutter,DFFC
John Ottman,John Ottman,johnottman,DFFC
John Parrott,John Parrott,johnparrott,DFFC
John Paul Jones,John Paul Jones,johnpauljones,DFFC
John Paul Thomas,John Paul Thomas,johnpaulthomas,DFFC
John Paul Tremblay,John Paul Tremblay,johnpaultremblay,DFFC
John Peers,John Peers,johnpeers,DFFC
John Pendry,John Pendry,johnpendry,DFFC
John Perry Barlow,John Perry Barlow,johnperrybarlow,DFFC
John Phan,John Phan,johnphan,DFFC
John Phillip Law,John Phillip Law,johnphilliplaw,DFFC
John Polkinghorne,John Polkinghorne,johnpolkinghorne,DFFC
John Porcellino,John Porcellino,johnporcellino,DFFC
John Prats,John Prats,johnprats,DFFC
John Prchlik,John Prchlik,johnprchlik,DFFC
John Pritchard,John Pritchard,johnpritchard,DFFC
John R. Ellis,John R Ellis,johnrellis,DFFC
John Rambo,John Rambo,johnrambo,DFFC
John Reed,John Reed,johnreed,DFFC
John Regala,John Regala,johnregala,DFFC
John Reuben,John Reuben,johnreuben,DFFC
John Robert Colombo,John Robert Colombo,johnrobertcolombo,DFFC
John Rooney,John Rooney,johnrooney,DFFC
John Rucyahana,John Rucyahana,johnrucyahana,DFFC
John Ruiz,John Ruiz,johnruiz,DFFC
John Rust,John Rust,johnrust,DFFC
John S. Chen,John S Chen,johnschen,DFFC
John Scalzi,John Scalzi,johnscalzi,DFFC
John Schneider,John Schneider,johnschneider,DFFC
John Sculley,John Sculley,johnsculley,DFFC
John Sentamu,John Sentamu,johnsentamu,DFFC
John Simm,John Simm,johnsimm,DFFC
John Simon,John Simon,johnsimon,DFFC
John Slaney,John Slaney,johnslaney,DFFC
"John Spencer-Churchill, 11th Duke of Marlborough","John Spencer-Churchill, 11th Duke of Marlborough",johnspencerchurchill11thdukeofmarlborough,DFFC
John Stagliano,John Stagliano,johnstagliano,DFFC
John Starks,John Starks,johnstarks,DFFC
John Steffensen,John Steffensen,johnsteffensen,DFFC
John Steuart Curry,John Steuart Curry,johnsteuartcurry,DFFC
John Still,John Still,johnstill,DFFC
John Stones,John Stones,johnstones,DFFC
John Stossel,John Stossel,johnstossel,DFFC
John Surman,John Surman,johnsurman,DFFC
John T. Houghton,John T Houghton,johnthoughton,DFFC
John Tavares,John Tavares,johntavares,DFFC
John Thierry,John Thierry,johnthierry,DFFC
John Thorne,John Thorne,johnthorne,DFFC
John Torode,John Torode,johntorode,DFFC
John Tuzo Wilson,John Tuzo Wilson,johntuzowilson,DFFC
John Van Alstine,John Van Alstine,johnvanalstine,DFFC
John Vanbiesbrouck,John Vanbiesbrouck,johnvanbiesbrouck,DFFC
John Varvatos,John Varvatos,johnvarvatos,DFFC
John Vaughn,John Vaughn,johnvaughn,DFFC
John Viener,John Viener,johnviener,DFFC
John Virgo,John Virgo,johnvirgo,DFFC
John W. Nyquist,John W Nyquist,johnwnyquist,DFFC
John Waters,John Waters,johnwaters,DFFC
John Weaver,John Weaver,johnweaver,DFFC
John Wes Townley,John Wes Townley,johnwestownley,DFFC
John Whetton,John Whetton,johnwhetton,DFFC
John Whitehead,John Whitehead,johnwhitehead,DFFC
John Yoo,John Yoo,johnyoo,DFFC
John de Havilland,John de Havilland,johndehavilland,DFFC
John-Patrick Smith,John-Patrick Smith,johnpatricksmith,DFFC
Johnathan Franklin,Johnathan Franklin,johnathanfranklin,DFFC
Johnnie Bassett,Johnnie Bassett,johnniebassett,DFFC
Johnny Beattie,Johnny Beattie,johnnybeattie,DFFC
Johnny Chapman,Johnny Chapman,johnnychapman,DFFC
Johnny Coen,Johnny Coen,johnnycoen,DFFC
Johnny Craig,Johnny Craig,johnnycraig,DFFC
Johnny Dawkins,Johnny Dawkins,johnnydawkins,DFFC
Johnny Dee,Johnny Dee,johnnydee,DFFC
Johnny Grant,Johnny Grant,johnnygrant,DFFC
Johnny Griffin,Johnny Griffin,johnnygriffin,DFFC
Johnny Jeter,Johnny Jeter,johnnyjeter,DFFC
Johnny Lattner,Johnny Lattner,johnnylattner,DFFC
Johnny Lodden,Johnny Lodden,johnnylodden,DFFC
Johnny Lundberg,Johnny Lundberg,johnnylundberg,DFFC
Johnny Majors,Johnny Majors,johnnymajors,DFFC
Johnny Oduya,Johnny Oduya,johnnyoduya,DFFC
Johnny Reid,Johnny Reid,johnnyreid,DFFC
Johnny Rodz,Johnny Rodz,johnnyrodz,DFFC
Johnny Sauter,Johnny Sauter,johnnysauter,DFFC
Johnny Swinger,Johnny Swinger,johnnyswinger,DFFC
Johnny Unitas,Johnny Unitas,johnnyunitas,DFFC
Johnny Ventura,Johnny Ventura,johnnyventura,DFFC
Johnny Weir,Johnny Weir,johnnyweir,DFFC
Johnson Bademosi,Johnson Bademosi,johnsonbademosi,DFFC
Johnson Beharry,Johnson Beharry,johnsonbeharry,DFFC
Johny Diba,Johny Diba,johnydiba,DFFC
Joi Chua,Joi Chua,joichua,DFFC
Joji Kato,Joji Kato,jojikato,DFFC
Joker Phillips,Joker Phillips,jokerphillips,DFFC
Jolanta Zawadzka,Jolanta Zawadzka,jolantazawadzka,DFFC
Jolin Chien,Jolin Chien,jolinchien,DFFC
Jolyon Palmer,Jolyon Palmer,jolyonpalmer,DFFC
Jon Amiel,Jon Amiel,jonamiel,DFFC
Jon Anderson,Jon Anderson,jonanderson,DFFC
Jon Bernthal,Jon Bernthal,jonbernthal,DFFC
Jon Busch,Jon Busch,jonbusch,DFFC
Jon Coghill,Jon Coghill,joncoghill,DFFC
Jon Cooper,Jon Cooper,joncooper,DFFC
Jon Daly,Jon Daly,jondaly,DFFC
Jon Dette,Jon Dette,jondette,DFFC
Jon Doscher,Jon Doscher,jondoscher,DFFC
Jon Edwards,Jon Edwards,jonedwards,DFFC
Jon Foster,Jon Foster,jonfoster,DFFC
Jon Fratelli,Jon Fratelli,jonfratelli,DFFC
Jon Guthrie,Jon Guthrie,jonguthrie,DFFC
Jon Hein,Jon Hein,jonhein,DFFC
Jon Horford,Jon Horford,jonhorford,DFFC
Jon Hurwitz,Jon Hurwitz,jonhurwitz,DFFC
Jon Izagirre,Jon Izagirre,jonizagirre,DFFC
Jon J Muth,Jon J Muth,jonjmuth,DFFC
Jon Jenkins,Jon Jenkins,jonjenkins,DFFC
Jon Kyong-hui,Jon Kyong-hui,jonkyonghui,DFFC
Jon Lajoie,Jon Lajoie,jonlajoie,DFFC
Jon Lee Anderson,Jon Lee Anderson,jonleeanderson,DFFC
Jon Ludvig Hammer,Jon Ludvig Hammer,jonludvighammer,DFFC
Jon Merrill,Jon Merrill,jonmerrill,DFFC
Jon Nurse,Jon Nurse,jonnurse,DFFC
Jon Nödtveidt,Jon Nödtveidt,jonndtveidt,DFFC
Jon Otsemobor,Jon Otsemobor,jonotsemobor,DFFC
Jon Purdie,Jon Purdie,jonpurdie,DFFC
Jon R. Cavaiani,Jon R Cavaiani,jonrcavaiani,DFFC
Jon Ryan,Jon Ryan,jonryan,DFFC
Jon Santacana Maiztegui,Jon Santacana Maiztegui,jonsantacanamaiztegui,DFFC
Jon Schillaci,Jon Schillaci,jonschillaci,DFFC
Jon Seda,Jon Seda,jonseda,DFFC
Jon Shanklin,Jon Shanklin,jonshanklin,DFFC
Jon Singleton,Jon Singleton,jonsingleton,DFFC
Jon Stead,Jon Stead,jonstead,DFFC
Jon Turteltaub,Jon Turteltaub,jonturteltaub,DFFC
Jon Voight,Jon Voight,jonvoight,DFFC
Jonah Goldberg,Jonah Goldberg,jonahgoldberg,DFFC
Jonah Nickerson,Jonah Nickerson,jonahnickerson,DFFC
Jonas Ahlstrand,Jonas Ahlstrand,jonasahlstrand,DFFC
Jonas Alaska,Jonas Alaska,jonasalaska,DFFC
Jonas Eriksson,Jonas Eriksson,jonaseriksson,DFFC
Jonas Hallberg,Jonas Hallberg,jonashallberg,DFFC
Jonas Olsson,Jonas Olsson,jonasolsson,DFFC
Jonas Savimbi,Jonas Savimbi,jonassavimbi,DFFC
Jonas Wohlfarth-Bottermann,Jonas Wohlfarth-Bottermann,jonaswohlfarthbottermann,DFFC
Jonas van Genechten,Jonas van Genechten,jonasvangenechten,DFFC
Jonatha Brooke,Jonatha Brooke,jonathabrooke,DFFC
Jonathan Ansell,Jonathan Ansell,jonathanansell,DFFC
Jonathan B. Wright,Jonathan B Wright,jonathanbwright,DFFC
Jonathan Bellis,Jonathan Bellis,jonathanbellis,DFFC
Jonathan Brown,Jonathan Brown,jonathanbrown,DFFC
Jonathan Bydlak,Jonathan Bydlak,jonathanbydlak,DFFC
Jonathan Carroll,Jonathan Carroll,jonathancarroll,DFFC
Jonathan Coachman,Jonathan Coachman,jonathancoachman,DFFC
Jonathan Crompton,Jonathan Crompton,jonathancrompton,DFFC
Jonathan Demme,Jonathan Demme,jonathandemme,DFFC
Jonathan Donahue,Jonathan Donahue,jonathandonahue,DFFC
Jonathan Drouin,Jonathan Drouin,jonathandrouin,DFFC
Jonathan Edwards,Jonathan Edwards,jonathanedwards,DFFC
Jonathan Eysseric,Jonathan Eysseric,jonathaneysseric,DFFC
Jonathan Goldsmith,Jonathan Goldsmith,jonathangoldsmith,DFFC
Jonathan Grado,Jonathan Grado,jonathangrado,DFFC
Jonathan Harris,Jonathan Harris,jonathanharris,DFFC
Jonathan Huberdeau,Jonathan Huberdeau,jonathanhuberdeau,DFFC
Jonathan Ive,Jonathan Ive,jonathanive,DFFC
Jonathan Kozol,Jonathan Kozol,jonathankozol,DFFC
Jonathan Liebesman,Jonathan Liebesman,jonathanliebesman,DFFC
Jonathan Lujan,Jonathan Lujan,jonathanlujan,DFFC
Jonathan Maberry,Jonathan Maberry,jonathanmaberry,DFFC
Jonathan Maidana,Jonathan Maidana,jonathanmaidana,DFFC
Jonathan Massaquoi,Jonathan Massaquoi,jonathanmassaquoi,DFFC
Jonathan McKain,Jonathan McKain,jonathanmckain,DFFC
Jonathan Mensah,Jonathan Mensah,jonathanmensah,DFFC
Jonathan Moreira,Jonathan Moreira,jonathanmoreira,DFFC
Jonathan Newsome,Jonathan Newsome,jonathannewsome,DFFC
Jonathan Ogden,Jonathan Ogden,jonathanogden,DFFC
Jonathan Papelbon,Jonathan Papelbon,jonathanpapelbon,DFFC
Jonathan Potter,Jonathan Potter,jonathanpotter,DFFC
Jonathan Richman,Jonathan Richman,jonathanrichman,DFFC
Jonathan Ross,Jonathan Ross,jonathanross,DFFC
Jonathan Safran Foer,Jonathan Safran Foer,jonathansafranfoer,DFFC
Jonathan Smith,Jonathan Smith,jonathansmith,DFFC
Jonathan Soriano,Jonathan Soriano,jonathansoriano,DFFC
Jonathan Toews,Jonathan Toews,jonathantoews,DFFC
Jonathan Walters,Jonathan Walters,jonathanwalters,DFFC
Jonathan Woodgate,Jonathan Woodgate,jonathanwoodgate,DFFC
Jonathan de Guzmán,Jonathan de Guzmán,jonathandeguzmn,DFFC
Jonathon Welch,Jonathon Welch,jonathonwelch,DFFC
Jonjo Farrell,Jonjo Farrell,jonjofarrell,DFFC
Jonjo Shelvey,Jonjo Shelvey,jonjoshelvey,DFFC
Jonny Steele,Jonny Steele,jonnysteele,DFFC
Jools Holland,Jools Holland,joolsholland,DFFC
Joop Zoetemelk,Joop Zoetemelk,joopzoetemelk,DFFC
Joost Posthuma,Joost Posthuma,joostposthuma,DFFC
Jordan Baker,Jordan Baker,jordanbaker,DFFC
Jordan Belfort,Jordan Belfort,jordanbelfort,DFFC
Jordan Brauninger,Jordan Brauninger,jordanbrauninger,DFFC
Jordan Caron,Jordan Caron,jordancaron,DFFC
Jordan Ferri,Jordan Ferri,jordanferri,DFFC
Jordan Harvey,Jordan Harvey,jordanharvey,DFFC
Jordan Hayes,Jordan Hayes,jordanhayes,DFFC
Jordan Hill,Jordan Hill,jordanhill,DFFC
Jordan Kovacs,Jordan Kovacs,jordankovacs,DFFC
Jordan Lotiès,Jordan Lotiès,jordanlotis,DFFC
Jordan Mills,Jordan Mills,jordanmills,DFFC
Jordan Rossiter,Jordan Rossiter,jordanrossiter,DFFC
Jordan Smotherman,Jordan Smotherman,jordansmotherman,DFFC
Jordan Taylor,Jordan Taylor,jordantaylor,DFFC
Jordan Tripp,Jordan Tripp,jordantripp,DFFC
Jordana Brewster,Jordana Brewster,jordanabrewster,DFFC
Jordi Amat,Jordi Amat,jordiamat,DFFC
Jordi Bernet,Jordi Bernet,jordibernet,DFFC
Jordi Gómez,Jordi Gómez,jordigmez,DFFC
Jordi Simón,Jordi Simón,jordisimn,DFFC
Jordie Benn,Jordie Benn,jordiebenn,DFFC
Jordie McKenzie,Jordie McKenzie,jordiemckenzie,DFFC
Jordin Sparks,Jordin Sparks,jordinsparks,DFFC
Jordon Hodges,Jordon Hodges,jordonhodges,DFFC
Jordy Brouwer,Jordy Brouwer,jordybrouwer,DFFC
Jordy Clasie,Jordy Clasie,jordyclasie,DFFC
Jordyn Wieber,Jordyn Wieber,jordynwieber,DFFC
Jorge Andrade,Jorge Andrade,jorgeandrade,DFFC
Jorge Celedón,Jorge Celedón,jorgeceledn,DFFC
Jorge Drexler,Jorge Drexler,jorgedrexler,DFFC
Jorge Larena,Jorge Larena,jorgelarena,DFFC
Jorge Lorenzo,Jorge Lorenzo,jorgelorenzo,DFFC
Jorge Mendes,Jorge Mendes,jorgemendes,DFFC
Jorge Salán,Jorge Salán,jorgesaln,DFFC
Jorge Sampaoli,Jorge Sampaoli,jorgesampaoli,DFFC
Jorge Semprún,Jorge Semprún,jorgesemprn,DFFC
Jorge Soler,Jorge Soler,jorgesoler,DFFC
Jorge Soto,Jorge Soto,jorgesoto,DFFC
Jorge Torres Nilo,Jorge Torres Nilo,jorgetorresnilo,DFFC
Jorge Valdivia,Jorge Valdivia,jorgevaldivia,DFFC
Jori Chisholm,Jori Chisholm,jorichisholm,DFFC
Jorik Hendrickx,Jorik Hendrickx,jorikhendrickx,DFFC
Joris Jarsky,Joris Jarsky,jorisjarsky,DFFC
Joris Mathijsen,Joris Mathijsen,jorismathijsen,DFFC
Joseba Llorente,Joseba Llorente,joseballorente,DFFC
Josef Hušbauer,Josef Hušbauer,josefhubauer,DFFC
Josef Walcher,Josef Walcher,josefwalcher,DFFC
Joselu,Joselu,joselu,DFFC
Josemaría Escrivá,Josemaría Escrivá,josemaraescriv,DFFC
Joseph A. Farinholt,Joseph A Farinholt,josephafarinholt,DFFC
Joseph Arthur,Joseph Arthur,josepharthur,DFFC
Joseph Boyden,Joseph Boyden,josephboyden,DFFC
Joseph Buckland,Joseph Buckland,josephbuckland,DFFC
Joseph Chipolina,Joseph Chipolina,josephchipolina,DFFC
Joseph Connors,Joseph Connors,josephconnors,DFFC
Joseph Di Chiara,Joseph Di Chiara,josephdichiara,DFFC
Joseph Fauria,Joseph Fauria,josephfauria,DFFC
Joseph Gordon-Levitt,Joseph Gordon-Levitt,josephgordonlevitt,DFFC
Joseph Johnson,Joseph Johnson,josephjohnson,DFFC
Joseph Kosinski,Joseph Kosinski,josephkosinski,DFFC
Joseph Lowery,Joseph Lowery,josephlowery,DFFC
Joseph Mascolo,Joseph Mascolo,josephmascolo,DFFC
Joseph Mercola,Joseph Mercola,josephmercola,DFFC
Joseph Morgan,Joseph Morgan,josephmorgan,DFFC
Joseph Nunzio Latino,Joseph Nunzio Latino,josephnunziolatino,DFFC
Joseph O'Connor,Joseph O'Connor,josephoconnor,DFFC
Joseph Ponsetto,Joseph Ponsetto,josephponsetto,DFFC
Joseph R. Binzer,Joseph R Binzer,josephrbinzer,DFFC
Joseph Sgro,Joseph Sgro,josephsgro,DFFC
Joseph Stella,Joseph Stella,josephstella,DFFC
Joseph Young,Joseph Young,josephyoung,DFFC
Josh Abercrombie,Josh Abercrombie,joshabercrombie,DFFC
Josh Akognon,Josh Akognon,joshakognon,DFFC
Josh Arieh,Josh Arieh,josharieh,DFFC
Josh Bailey,Josh Bailey,joshbailey,DFFC
Josh Barrett,Josh Barrett,joshbarrett,DFFC
Josh Boden,Josh Boden,joshboden,DFFC
Josh Brener,Josh Brener,joshbrener,DFFC
Josh Brent,Josh Brent,joshbrent,DFFC
Josh Brown,Josh Brown,joshbrown,DFFC
Josh Burkman,Josh Burkman,joshburkman,DFFC
Josh Caddy,Josh Caddy,joshcaddy,DFFC
Josh Carter,Josh Carter,joshcarter,DFFC
Josh Childress,Josh Childress,joshchildress,DFFC
Josh Cribbs,Josh Cribbs,joshcribbs,DFFC
Josh Davis,Josh Davis,joshdavis,DFFC
Josh Donaldson,Josh Donaldson,joshdonaldson,DFFC
Josh Drummond,Josh Drummond,joshdrummond,DFFC
Josh Duhamel,Josh Duhamel,joshduhamel,DFFC
Josh Edmondson,Josh Edmondson,joshedmondson,DFFC
Josh Elliott,Josh Elliott,joshelliott,DFFC
Josh Faga,Josh Faga,joshfaga,DFFC
Josh Gasser,Josh Gasser,joshgasser,DFFC
Josh Gordy,Josh Gordy,joshgordy,DFFC
Josh Harrellson,Josh Harrellson,joshharrellson,DFFC
Josh Harrison,Josh Harrison,joshharrison,DFFC
Josh Hose,Josh Hose,joshhose,DFFC
Josh Hull,Josh Hull,joshhull,DFFC
Josh James,Josh James,joshjames,DFFC
Josh Johnson,Josh Johnson,joshjohnson,DFFC
Josh Kelley,Josh Kelley,joshkelley,DFFC
Josh Kelly,Josh Kelly,joshkelly,DFFC
Josh Klinghoffer,Josh Klinghoffer,joshklinghoffer,DFFC
Josh Lattanzi,Josh Lattanzi,joshlattanzi,DFFC
Josh Lenz,Josh Lenz,joshlenz,DFFC
Josh Lucas,Josh Lucas,joshlucas,DFFC
Josh Mathews,Josh Mathews,joshmathews,DFFC
Josh McRoberts,Josh McRoberts,joshmcroberts,DFFC
Josh Murphy,Josh Murphy,joshmurphy,DFFC
Josh Neufeld,Josh Neufeld,joshneufeld,DFFC
Josh Parry,Josh Parry,joshparry,DFFC
Josh Phillips,Josh Phillips,joshphillips,DFFC
Josh Powell,Josh Powell,joshpowell,DFFC
Josh Ritter,Josh Ritter,joshritter,DFFC
Josh Robinson,Josh Robinson,joshrobinson,DFFC
Josh Saunders,Josh Saunders,joshsaunders,DFFC
Josh Shipp,Josh Shipp,joshshipp,DFFC
Josh Stamberg,Josh Stamberg,joshstamberg,DFFC
Josh Thomas,Josh Thomas,joshthomas,DFFC
Josh Victorian,Josh Victorian,joshvictorian,DFFC
Josh Wilson,Josh Wilson,joshwilson,DFFC
Josh Wright,Josh Wright,joshwright,DFFC
Joshi Helgesson,Joshi Helgesson,joshihelgesson,DFFC
Joshua Bloch,Joshua Bloch,joshuabloch,DFFC
Joshua Brillante,Joshua Brillante,joshuabrillante,DFFC
Joshua Dysart,Joshua Dysart,joshuadysart,DFFC
Joshua Foer,Joshua Foer,joshuafoer,DFFC
Joshua Nesbitt,Joshua Nesbitt,joshuanesbitt,DFFC
Joshua Reagan,Joshua Reagan,joshuareagan,DFFC
José Antonio Abreu,José Antonio Abreu,josantonioabreu,DFFC
José Antonio Reyes,José Antonio Reyes,josantonioreyes,DFFC
José Antonio Rodríguez,José Antonio Rodríguez,josantoniorodrguez,DFFC
José Augusto,José Augusto,josaugusto,DFFC
José Bosingwa,José Bosingwa,josbosingwa,DFFC
José Carlos Hernández,José Carlos Hernández,joscarloshernndez,DFFC
José Enrique,José Enrique,josenrique,DFFC
José Fernández,José Fernández,josfernndez,DFFC
José Francisco Cevallos,José Francisco Cevallos,josfranciscocevallos,DFFC
José González,José González,josgonzlez,DFFC
José Juan Barea,José Juan Barea,josjuanbarea,DFFC
José Juan Vázquez,José Juan Vázquez,josjuanvzquez,DFFC
José Luis Abajo,José Luis Abajo,josluisabajo,DFFC
José Luis Arrieta,José Luis Arrieta,josluisarrieta,DFFC
José Luis Brown,José Luis Brown,josluisbrown,DFFC
José Luis Manzano,José Luis Manzano,josluismanzano,DFFC
José Luis Rodríguez,José Luis Rodríguez,josluisrodrguez,DFFC
José Luis de Jesús,José Luis de Jesús,josluisdejess,DFFC
José Manuel Jurado,José Manuel Jurado,josmanueljurado,DFFC
José Manuel Lara,José Manuel Lara,josmanuellara,DFFC
José Manuel Martín,José Manuel Martín,josmanuelmartn,DFFC
José Manuel Rey,José Manuel Rey,josmanuelrey,DFFC
José Meolans,José Meolans,josmeolans,DFFC
José Moreira,José Moreira,josmoreira,DFFC
José Nunes,José Nunes,josnunes,DFFC
José Padilha,José Padilha,jospadilha,DFFC
José Porras,José Porras,josporras,DFFC
José Reynaldo Bencosme de Leon,José Reynaldo Bencosme de Leon,josreynaldobencosmedeleon,DFFC
José Velásquez Bórquez,José Velásquez Bórquez,josvelsquezbrquez,DFFC
José Ángel Gómez Marchante,José Ángel Gómez Marchante,josngelgmezmarchante,DFFC
José Ángel Iribar,José Ángel Iribar,josngeliribar,DFFC
José-Filipe Lima,José-Filipe Lima,josfilipelima,DFFC
Jota,Jota,jota,DFFC
Jourdan DeMuynck,Jourdan DeMuynck,jourdandemuynck,DFFC
Jovan Markoski,Jovan Markoski,jovanmarkoski,DFFC
Jovana Janković,Jovana Janković,jovanajankovi,DFFC
Jovanotti,Jovanotti,jovanotti,DFFC
Joxe Azurmendi,Joxe Azurmendi,joxeazurmendi,DFFC
Joy Esther,Joy Esther,joyesther,DFFC
Joy Giovanni,Joy Giovanni,joygiovanni,DFFC
Joy Nichols,Joy Nichols,joynichols,DFFC
Joyce Cobb,Joyce Cobb,joycecobb,DFFC
Jozef Ráž,Jozef Ráž,jozefr,DFFC
João Mário,João Mário,joomrio,DFFC
João Pedro Pereira Silva,João Pedro Pereira Silva,joopedropereirasilva,DFFC
João Victor de Albuquerque Bruno,João Victor de Albuquerque Bruno,joovictordealbuquerquebruno,DFFC
João Vieira Pinto,João Vieira Pinto,joovieirapinto,DFFC
Joãozinho,Joãozinho,joozinho,DFFC
Joël Chouinard,Joël Chouinard,jolchouinard,DFFC
Joël Matip,Joël Matip,jolmatip,DFFC
Joël Robuchon,Joël Robuchon,jolrobuchon,DFFC
Jožef Tertei,Jožef Tertei,joeftertei,DFFC
Juan Antonio Bayona,Juan Antonio Bayona,juanantoniobayona,DFFC
Juan Antonio Orenga,Juan Antonio Orenga,juanantonioorenga,DFFC
Juan Arango,Juan Arango,juanarango,DFFC
Juan Bustabad,Juan Bustabad,juanbustabad,DFFC
Juan Carlos I of Spain,Juan Carlos I of Spain,juancarlosiofspain,DFFC
Juan Carlos Monedero,Juan Carlos Monedero,juancarlosmonedero,DFFC
Juan Carlos Oviedo,Juan Carlos Oviedo,juancarlosoviedo,DFFC
Juan Cuadrado,Juan Cuadrado,juancuadrado,DFFC
Juan Díaz,Juan Díaz,juandaz,DFFC
Juan Fabila Mendoza,Juan Fabila Mendoza,juanfabilamendoza,DFFC
Juan Formell,Juan Formell,juanformell,DFFC
Juan Fuentes,Juan Fuentes,juanfuentes,DFFC
Juan Gómez-Jurado,Juan Gómez-Jurado,juangmezjurado,DFFC
Juan Iturbe,Juan Iturbe,juaniturbe,DFFC
Juan J. Campanella,Juan J Campanella,juanjcampanella,DFFC
Juan Jaime,Juan Jaime,juanjaime,DFFC
Juan Jesus,Juan Jesus,juanjesus,DFFC
Juan José Barros,Juan José Barros,juanjosbarros,DFFC
Juan José Haedo,Juan José Haedo,juanjoshaedo,DFFC
Juan José Lobato,Juan José Lobato,juanjoslobato,DFFC
Juan Manuel Abras,Juan Manuel Abras,juanmanuelabras,DFFC
Juan Manuel Gárate,Juan Manuel Gárate,juanmanuelgrate,DFFC
Juan Manuel Insaurralde,Juan Manuel Insaurralde,juanmanuelinsaurralde,DFFC
Juan Manuel Vargas,Juan Manuel Vargas,juanmanuelvargas,DFFC
Juan Mata,Juan Mata,juanmata,DFFC
Juan Merino,Juan Merino,juanmerino,DFFC
Juan Mónaco,Juan Mónaco,juanmnaco,DFFC
Juan Nieves,Juan Nieves,juannieves,DFFC
Juan Pablo Montoya,Juan Pablo Montoya,juanpablomontoya,DFFC
Juan Pérez,Juan Pérez,juanprez,DFFC
Juan Rodríguez,Juan Rodríguez,juanrodrguez,DFFC
Juan Román Riquelme,Juan Román Riquelme,juanromnriquelme,DFFC
Juan Samuel,Juan Samuel,juansamuel,DFFC
Juan Silveira dos Santos,Juan Silveira dos Santos,juansilveiradossantos,DFFC
Juana Molina,Juana Molina,juanamolina,DFFC
Juanan,Juanan,juanan,DFFC
Juanes,Juanes,juanes,DFFC
Juanfran,Juanfran,juanfran,DFFC
Juanita Coulson,Juanita Coulson,juanitacoulson,DFFC
Juanlu,Juanlu,juanlu,DFFC
Jucilei,Jucilei,jucilei,DFFC
Judah Friedlander,Judah Friedlander,judahfriedlander,DFFC
Judd H. Lyons,Judd H Lyons,juddhlyons,DFFC
Judd Winick,Judd Winick,juddwinick,DFFC
Jude Law,Jude Law,judelaw,DFFC
Judi Dench,Judi Dench,judidench,DFFC
Judit Mascó,Judit Mascó,juditmasc,DFFC
Judit Polgár,Judit Polgár,juditpolgr,DFFC
Judith Donath,Judith Donath,judithdonath,DFFC
Judith Godrèche,Judith Godrèche,judithgodrche,DFFC
Judith Hoag,Judith Hoag,judithhoag,DFFC
Judith Light,Judith Light,judithlight,DFFC
Judith Roitman,Judith Roitman,judithroitman,DFFC
Judy Blume,Judy Blume,judyblume,DFFC
Judy Davis,Judy Davis,judydavis,DFFC
Judy Greer,Judy Greer,judygreer,DFFC
Judy Lynn,Judy Lynn,judylynn,DFFC
Judy Murray,Judy Murray,judymurray,DFFC
Judy Rifka,Judy Rifka,judyrifka,DFFC
Juergen M. Geissinger,Juergen M Geissinger,juergenmgeissinger,DFFC
Jug Girard,Jug Girard,juggirard,DFFC
Jugnu Ishiqui,Jugnu Ishiqui,jugnuishiqui,DFFC
Juha Helppi,Juha Helppi,juhahelppi,DFFC
Juha Kankkunen,Juha Kankkunen,juhakankkunen,DFFC
Juha Salo,Juha Salo,juhasalo,DFFC
Juha-Pekka Hytönen,Juha-Pekka Hytönen,juhapekkahytnen,DFFC
Juicy J,Juicy J,juicyj,DFFC
Juju Chang,Juju Chang,jujuchang,DFFC
Juli Ashton,Juli Ashton,juliashton,DFFC
Juli Inkster,Juli Inkster,juliinkster,DFFC
Julia Allison,Julia Allison,juliaallison,DFFC
Julia Baird,Julia Baird,juliabaird,DFFC
Julia Beloglazova,Julia Beloglazova,juliabeloglazova,DFFC
Julia Bleasdale,Julia Bleasdale,juliableasdale,DFFC
Julia Bonk,Julia Bonk,juliabonk,DFFC
Julia Deans,Julia Deans,juliadeans,DFFC
Julia Fischer,Julia Fischer,juliafischer,DFFC
Julia Franck,Julia Franck,juliafranck,DFFC
Julia Garner,Julia Garner,juliagarner,DFFC
Julia Goldani Telles,Julia Goldani Telles,juliagoldanitelles,DFFC
Julia Görges,Julia Görges,juliagrges,DFFC
Julia Hargreaves,Julia Hargreaves,juliahargreaves,DFFC
Julia Holter,Julia Holter,juliaholter,DFFC
Julia Kristeva,Julia Kristeva,juliakristeva,DFFC
Julia Louis-Dreyfus,Julia Louis-Dreyfus,julialouisdreyfus,DFFC
Julia Obertas,Julia Obertas,juliaobertas,DFFC
Julia Ormond,Julia Ormond,juliaormond,DFFC
Julia Roberts,Julia Roberts,juliaroberts,DFFC
Julia Ryjanova,Julia Ryjanova,juliaryjanova,DFFC
Julia Stone,Julia Stone,juliastone,DFFC
Julia Sweeney,Julia Sweeney,juliasweeney,DFFC
Julia Taylor,Julia Taylor,juliataylor,DFFC
Julia Tsenova,Julia Tsenova,juliatsenova,DFFC
Julia Volkova,Julia Volkova,juliavolkova,DFFC
Julia Zlobina,Julia Zlobina,juliazlobina,DFFC
Julian Clary,Julian Clary,julianclary,DFFC
Julian Draxler,Julian Draxler,juliandraxler,DFFC
Julian Green,Julian Green,juliangreen,DFFC
Julian Hall,Julian Hall,julianhall,DFFC
Julian Lewis,Julian Lewis,julianlewis,DFFC
Julian McMahon,Julian McMahon,julianmcmahon,DFFC
Julian Schnabel,Julian Schnabel,julianschnabel,DFFC
Julian de Guzman,Julian de Guzman,juliandeguzman,DFFC
Juliana Alves,Juliana Alves,julianaalves,DFFC
Julianne Morris,Julianne Morris,juliannemorris,DFFC
Julianne Nicholson,Julianne Nicholson,juliannenicholson,DFFC
Julie Andrews,Julie Andrews,julieandrews,DFFC
Julie Atlas Muz,Julie Atlas Muz,julieatlasmuz,DFFC
Julie Berthelsen,Julie Berthelsen,julieberthelsen,DFFC
Julie Christie,Julie Christie,juliechristie,DFFC
Julie Chu,Julie Chu,juliechu,DFFC
Julie Coin,Julie Coin,juliecoin,DFFC
Julie Delpy,Julie Delpy,juliedelpy,DFFC
Julie Ditty,Julie Ditty,julieditty,DFFC
Julie Hayek,Julie Hayek,juliehayek,DFFC
Julie Henderson,Julie Henderson,juliehenderson,DFFC
Julie Night,Julie Night,julienight,DFFC
Julie Powell,Julie Powell,juliepowell,DFFC
Julie Sommars,Julie Sommars,juliesommars,DFFC
Julie Stevens,Julie Stevens,juliestevens,DFFC
Julien Fouchard,Julien Fouchard,julienfouchard,DFFC
Julien Rodriguez,Julien Rodriguez,julienrodriguez,DFFC
Julien Temple,Julien Temple,julientemple,DFFC
Julio Aparicio Díaz,Julio Aparicio Díaz,julioapariciodaz,DFFC
Julio Morales,Julio Morales,juliomorales,DFFC
Julio Scherer García,Julio Scherer García,julioscherergarca,DFFC
Julissa Bermudez,Julissa Bermudez,julissabermudez,DFFC
Julius Aghahowa,Julius Aghahowa,juliusaghahowa,DFFC
Julius Peppers,Julius Peppers,juliuspeppers,DFFC
Julius Reinhardt,Julius Reinhardt,juliusreinhardt,DFFC
Julius Schwartz,Julius Schwartz,juliusschwartz,DFFC
Julius Thomas,Julius Thomas,juliusthomas,DFFC
Julià de Jòdar i Muñoz,Julià de Jòdar i Muñoz,julidejdarimuoz,DFFC
Julián Sánchez,Julián Sánchez,julinsnchez,DFFC
Jun. K,Jun K,junk,DFFC
June Haver,June Haver,junehaver,DFFC
June Mar Fajardo,June Mar Fajardo,junemarfajardo,DFFC
June Tabor,June Tabor,junetabor,DFFC
Jung Chang,Jung Chang,jungchang,DFFC
Jung Jin-sun,Jung Jin-sun,jungjinsun,DFFC
Jung Sung-ryong,Jung Sung-ryong,jungsungryong,DFFC
Jung-in,Jung-in,jungin,DFFC
Junichi Ishida,Junichi Ishida,junichiishida,DFFC
Junior Brown,Junior Brown,juniorbrown,DFFC
Junior Hemingway,Junior Hemingway,juniorhemingway,DFFC
Junior Malanda,Junior Malanda,juniormalanda,DFFC
Junior Siavii,Junior Siavii,juniorsiavii,DFFC
Junior Wells,Junior Wells,juniorwells,DFFC
Junjun,Junjun,junjun,DFFC
Junko Sakurada,Junko Sakurada,junkosakurada,DFFC
Junkyard Dog,Junkyard Dog,junkyarddog,DFFC
Juraj Sagan,Juraj Sagan,jurajsagan,DFFC
Jure Bogataj,Jure Bogataj,jurebogataj,DFFC
Jurgen Van Goolen,Jurgen Van Goolen,jurgenvangoolen,DFFC
Juri Judt,Juri Judt,jurijudt,DFFC
Juri Kurakin,Juri Kurakin,jurikurakin,DFFC
Juri Ueno,Juri Ueno,juriueno,DFFC
Jurica Buljat,Jurica Buljat,juricabuljat,DFFC
Jurij Zezulkin,Jurij Zezulkin,jurijzezulkin,DFFC
Juris Ekmanis,Juris Ekmanis,jurisekmanis,DFFC
Juris Laizāns,Juris Laizāns,jurislaizns,DFFC
Jussi Hautamäki,Jussi Hautamäki,jussihautamki,DFFC
Jussi Jokinen,Jussi Jokinen,jussijokinen,DFFC
Jussi Jääskeläinen,Jussi Jääskeläinen,jussijskelinen,DFFC
Jussi Vatanen,Jussi Vatanen,jussivatanen,DFFC
Just Fontaine,Just Fontaine,justfontaine,DFFC
Justin Bannan,Justin Bannan,justinbannan,DFFC
Justin Bieber,Justin Bieber,justinbieber,DFFC
Justin Blackmon,Justin Blackmon,justinblackmon,DFFC
Justin Blalock,Justin Blalock,justinblalock,DFFC
Justin Boren,Justin Boren,justinboren,DFFC
Justin Capră,Justin Capră,justincapr,DFFC
Justin Carter,Justin Carter,justincarter,DFFC
Justin Chambers,Justin Chambers,justinchambers,DFFC
Justin Chart,Justin Chart,justinchart,DFFC
Justin DiBenedetto,Justin DiBenedetto,justindibenedetto,DFFC
Justin Edinburgh,Justin Edinburgh,justinedinburgh,DFFC
Justin Edwards,Justin Edwards,justinedwards,DFFC
Justin Gage,Justin Gage,justingage,DFFC
Justin Hartley,Justin Hartley,justinhartley,DFFC
Justin Houston,Justin Houston,justinhouston,DFFC
Justin Jackson,Justin Jackson,justinjackson,DFFC
Justin Jules,Justin Jules,justinjules,DFFC
Justin Knapp,Justin Knapp,justinknapp,DFFC
Justin Marks,Justin Marks,justinmarks,DFFC
Justin Meram,Justin Meram,justinmeram,DFFC
Justin Peelle,Justin Peelle,justinpeelle,DFFC
Justin R. Cannon,Justin R Cannon,justinrcannon,DFFC
Justin Richards,Justin Richards,justinrichards,DFFC
Justin Smiley,Justin Smiley,justinsmiley,DFFC
Justin Smith,Justin Smith,justinsmith,DFFC
Justin Snow,Justin Snow,justinsnow,DFFC
Justin Sorensen,Justin Sorensen,justinsorensen,DFFC
Justin Tuck,Justin Tuck,justintuck,DFFC
Justin Vivian Bond,Justin Vivian Bond,justinvivianbond,DFFC
Justine Pasek,Justine Pasek,justinepasek,DFFC
Justine Waddell,Justine Waddell,justinewaddell,DFFC
Juulia Turkkila,Juulia Turkkila,juuliaturkkila,DFFC
Juvonte Reddic,Juvonte Reddic,juvontereddic,DFFC
Juwan Thompson,Juwan Thompson,juwanthompson,DFFC
Jámison Olave,Jámison Olave,jmisonolave,DFFC
Ján Lašák,Ján Lašák,jnlak,DFFC
Jána Kubičková-Posnerová,Jána Kubičková-Posnerová,jnakubikovposnerov,DFFC
János Pach,János Pach,jnospach,DFFC
Jérémie Carboni,Jérémie Carboni,jrmiecarboni,DFFC
Jérémy Mathieu,Jérémy Mathieu,jrmymathieu,DFFC
Jérémy Pied,Jérémy Pied,jrmypied,DFFC
Jérémy Roy,Jérémy Roy,jrmyroy,DFFC
Jérémy Stravius,Jérémy Stravius,jrmystravius,DFFC
Jérôme Champagne,Jérôme Champagne,jrmechampagne,DFFC
Jérôme Lemoigne,Jérôme Lemoigne,jrmelemoigne,DFFC
Jérôme Pineau,Jérôme Pineau,jrmepineau,DFFC
Jérôme Robart,Jérôme Robart,jrmerobart,DFFC
Jérôme d'Ambrosio,Jérôme d'Ambrosio,jrmedambrosio,DFFC
Jéssica Augusto,Jéssica Augusto,jssicaaugusto,DFFC
Jónas Tór Næs,Jónas Tór Næs,jnastrns,DFFC
Jónsi,Jónsi,jnsi,DFFC
Józef Hen,Józef Hen,jzefhen,DFFC
Józef Zapędzki,Józef Zapędzki,jzefzapdzki,DFFC
Jô,Jô,j,DFFC
Jörg Albertz,Jörg Albertz,jrgalbertz,DFFC
Jörg Ritzerfeld,Jörg Ritzerfeld,jrgritzerfeld,DFFC
Jörg Siebenhandl,Jörg Siebenhandl,jrgsiebenhandl,DFFC
Jörg Vaihinger,Jörg Vaihinger,jrgvaihinger,DFFC
Jørgen Aukland,Jørgen Aukland,jrgenaukland,DFFC
Jørn Øien,Jørn Øien,jrnien,DFFC
Jürgen Ehlers,Jürgen Ehlers,jrgenehlers,DFFC
Jürgen Eschert,Jürgen Eschert,jrgeneschert,DFFC
Jürgen Kehrer,Jürgen Kehrer,jrgenkehrer,DFFC
Jürgen Klopp,Jürgen Klopp,jrgenklopp,DFFC
Jürgen Locadia,Jürgen Locadia,jrgenlocadia,DFFC
Jürgen Zopp,Jürgen Zopp,jrgenzopp,DFFC
Jānis Vanags,Jānis Vanags,jnisvanags,DFFC
K'naan,K'naan,knaan,DFFC
K. Balachander,K Balachander,kbalachander,DFFC
K. C. Rivers,KC Rivers,kcrivers,DFFC
K. D. Wentworth,KD Wentworth,kdwentworth,DFFC
K. Eric Drexler,K Eric Drexler,kericdrexler,DFFC
K. J. Choi,KJ Choi,kjchoi,DFFC
K. Radhakrishnan,K Radhakrishnan,kradhakrishnan,DFFC
K. S. Ashwath,KS Ashwath,ksashwath,DFFC
K. Sathiaraj,K Sathiaraj,ksathiaraj,DFFC
KC Groves,KC Groves,kcgroves,DFFC
KL Rahul,KL Rahul,klrahul,DFFC
KT Tunstall,KT Tunstall,kttunstall,DFFC
KaDee Strickland,KaDee Strickland,kadeestrickland,DFFC
Kaan Ayhan,Kaan Ayhan,kaanayhan,DFFC
Kaan Önder,Kaan Önder,kaannder,DFFC
Kaat Van Daele,Kaat Van Daele,kaatvandaele,DFFC
Kaberi Gayen,Kaberi Gayen,kaberigayen,DFFC
Kacey Musgraves,Kacey Musgraves,kaceymusgraves,DFFC
Kadeem Harris,Kadeem Harris,kadeemharris,DFFC
Kaela Kimura,Kaela Kimura,kaelakimura,DFFC
Kahlia Hogg,Kahlia Hogg,kahliahogg,DFFC
Kai Bülow,Kai Bülow,kaiblow,DFFC
Kai Eckhardt,Kai Eckhardt,kaieckhardt,DFFC
Kai Owen,Kai Owen,kaiowen,DFFC
Kai-Fu Lee,Kai-Fu Lee,kaifulee,DFFC
Kaid Mohamed,Kaid Mohamed,kaidmohamed,DFFC
Kaido Külaots,Kaido Külaots,kaidoklaots,DFFC
Kaija Koo,Kaija Koo,kaijakoo,DFFC
Kaillie Humphries,Kaillie Humphries,kailliehumphries,DFFC
Kaisa Leka,Kaisa Leka,kaisaleka,DFFC
Kaitlin Monte,Kaitlin Monte,kaitlinmonte,DFFC
Kaitlin Olson,Kaitlin Olson,kaitlinolson,DFFC
Kaitlyn,Kaitlyn,kaitlyn,DFFC
Kaitlyn Dever,Kaitlyn Dever,kaitlyndever,DFFC
Kaitlyn Weaver,Kaitlyn Weaver,kaitlynweaver,DFFC
Kaity Rodriguez,Kaity Rodriguez,kaityrodriguez,DFFC
Kaja Renkas,Kaja Renkas,kajarenkas,DFFC
Kajol,Kajol,kajol,DFFC
Kakan Hermansson,Kakan Hermansson,kakanhermansson,DFFC
Kaki King,Kaki King,kakiking,DFFC
Kaleb Nation,Kaleb Nation,kalebnation,DFFC
Kaliese Spencer,Kaliese Spencer,kaliesespencer,DFFC
Kalki Koechlin,Kalki Koechlin,kalkikoechlin,DFFC
Kalle Björklund,Kalle Björklund,kallebjrklund,DFFC
Kalle Kriit,Kalle Kriit,kallekriit,DFFC
Kalle Parviainen,Kalle Parviainen,kalleparviainen,DFFC
Kamaliya,Kamaliya,kamaliya,DFFC
Kamau Preston,Kamau Preston,kamaupreston,DFFC
Kambiz Hosseini,Kambiz Hosseini,kambizhosseini,DFFC
Kameron Chatman,Kameron Chatman,kameronchatman,DFFC
Kami Craig,Kami Craig,kamicraig,DFFC
Kamil Drozd,Kamil Drozd,kamildrozd,DFFC
Kamil Ibragimov,Kamil Ibragimov,kamilibragimov,DFFC
Kamil Mitoń,Kamil Mitoń,kamilmito,DFFC
Kamila Hájková,Kamila Hájková,kamilahjkov,DFFC
Kamila Lićwinko,Kamila Lićwinko,kamilaliwinko,DFFC
Kamilla Gainetdinova,Kamilla Gainetdinova,kamillagainetdinova,DFFC
Kamui Kobayashi,Kamui Kobayashi,kamuikobayashi,DFFC
Kana,Kana,kana,DFFC
Kane,Kane,kane,DFFC
Kang Hye-jung,Kang Hye-jung,kanghyejung,DFFC
Kang Kek Iew,Kang Kek Iew,kangkekiew,DFFC
Kang Kyung-Ho,Kang Kyung-Ho,kangkyungho,DFFC
Kang Soo-yun,Kang Soo-yun,kangsooyun,DFFC
Kanika Maheshwari,Kanika Maheshwari,kanikamaheshwari,DFFC
Kanishtha Dhankar,Kanishtha Dhankar,kanishthadhankar,DFFC
Kanna Hashimoto,Kanna Hashimoto,kannahashimoto,DFFC
Kano,Kano,kano,DFFC
Kaoru,Kaoru,kaoru,DFFC
Kapoor family,Kapoor family,kapoorfamily,DFFC
Kappei Yamaguchi,Kappei Yamaguchi,kappeiyamaguchi,DFFC
Kapten Röd,Kapten Röd,kaptenrd,DFFC
Kara Leo,Kara Leo,karaleo,DFFC
Kara Monaco,Kara Monaco,karamonaco,DFFC
Kara Scott,Kara Scott,karascott,DFFC
Karan Brar,Karan Brar,karanbrar,DFFC
Kardinal Offishall,Kardinal Offishall,kardinaloffishall,DFFC
Kareem Jackson,Kareem Jackson,kareemjackson,DFFC
Kareem Rush,Kareem Rush,kareemrush,DFFC
Karekin II,Karekin II,karekinii,DFFC
Karel Plíhal,Karel Plíhal,karelplhal,DFFC
Karel Poborský,Karel Poborský,karelpoborsk,DFFC
Karel Smyczek,Karel Smyczek,karelsmyczek,DFFC
Karen Dyer,Karen Dyer,karendyer,DFFC
Karen Gillan,Karen Gillan,karengillan,DFFC
Karen Kondazian,Karen Kondazian,karenkondazian,DFFC
Karen Lunn,Karen Lunn,karenlunn,DFFC
Karen McDougal,Karen McDougal,karenmcdougal,DFFC
Karen Mok,Karen Mok,karenmok,DFFC
Karen O,Karen O,kareno,DFFC
Karen Spärck Jones,Karen Spärck Jones,karensprckjones,DFFC
Karen Stupples,Karen Stupples,karenstupples,DFFC
Karen Wynn Fonstad,Karen Wynn Fonstad,karenwynnfonstad,DFFC
Kari Traa,Kari Traa,karitraa,DFFC
Karim Haggui,Karim Haggui,karimhaggui,DFFC
Karima Adebibe,Karima Adebibe,karimaadebibe,DFFC
Karin Alvtegen,Karin Alvtegen,karinalvtegen,DFFC
Karin Lesch,Karin Lesch,karinlesch,DFFC
Karin Viard,Karin Viard,karinviard,DFFC
Karina Bryant,Karina Bryant,karinabryant,DFFC
Karina Lombard,Karina Lombard,karinalombard,DFFC
Karisma Kapoor,Karisma Kapoor,karismakapoor,DFFC
Karl Anderson,Karl Anderson,karlanderson,DFFC
Karl Darlow,Karl Darlow,karldarlow,DFFC
Karl Kordesch,Karl Kordesch,karlkordesch,DFFC
Karl Kraus,Karl Kraus,karlkraus,DFFC
Karl Malone,Karl Malone,karlmalone,DFFC
Karl Marlantes,Karl Marlantes,karlmarlantes,DFFC
Karl Reindler,Karl Reindler,karlreindler,DFFC
Karl Slover,Karl Slover,karlslover,DFFC
Karl Unterkircher,Karl Unterkircher,karlunterkircher,DFFC
Karl-Anthony Towns,Karl-Anthony Towns,karlanthonytowns,DFFC
Karl-Heinz Rummenigge,Karl-Heinz Rummenigge,karlheinzrummenigge,DFFC
Karla Borger,Karla Borger,karlaborger,DFFC
Karla Henry,Karla Henry,karlahenry,DFFC
Karlan Ahearne-Grant,Karlan Ahearne-Grant,karlanahearnegrant,DFFC
Karlheinz Böhm,Karlheinz Böhm,karlheinzbhm,DFFC
Karlie Kloss,Karlie Kloss,karliekloss,DFFC
Karlīne Štāla,Karlīne Štāla,karlnetla,DFFC
Karolina Jarzyńska,Karolina Jarzyńska,karolinajarzyska,DFFC
Karolina Tymińska,Karolina Tymińska,karolinatymiska,DFFC
Karoline Herfurth,Karoline Herfurth,karolineherfurth,DFFC
Karrie Webb,Karrie Webb,karriewebb,DFFC
Karsten Braasch,Karsten Braasch,karstenbraasch,DFFC
Karthi,Karthi,karthi,DFFC
Karyn Calabrese,Karyn Calabrese,karyncalabrese,DFFC
Kasey Chambers,Kasey Chambers,kaseychambers,DFFC
Kasey Keller,Kasey Keller,kaseykeller,DFFC
Kasey Lansdale,Kasey Lansdale,kaseylansdale,DFFC
Kasey Smith,Kasey Smith,kaseysmith,DFFC
Kasey Studdard,Kasey Studdard,kaseystuddard,DFFC
Kasia Kowalska,Kasia Kowalska,kasiakowalska,DFFC
Kasie Head,Kasie Head,kasiehead,DFFC
Kaspar Rostrup,Kaspar Rostrup,kasparrostrup,DFFC
Kat Edmonson,Kat Edmonson,katedmonson,DFFC
Kat Kinkade,Kat Kinkade,katkinkade,DFFC
Kat Stewart,Kat Stewart,katstewart,DFFC
Kat Von D,Kat Von D,katvond,DFFC
Katalin Vad,Katalin Vad,katalinvad,DFFC
Katarina Bulatović,Katarina Bulatović,katarinabulatovi,DFFC
Katarina Gerboldt,Katarina Gerboldt,katarinagerboldt,DFFC
Katarina Ivanovska,Katarina Ivanovska,katarinaivanovska,DFFC
Katarina Johnson-Thompson,Katarina Johnson-Thompson,katarinajohnsonthompson,DFFC
Katarina Jukic,Katarina Jukic,katarinajukic,DFFC
Katarina Mazetti,Katarina Mazetti,katarinamazetti,DFFC
Katarina Srebotnik,Katarina Srebotnik,katarinasrebotnik,DFFC
Katarina Waters,Katarina Waters,katarinawaters,DFFC
Katarina Čas,Katarina Čas,katarinaas,DFFC
Katarzyna Kowalska,Katarzyna Kowalska,katarzynakowalska,DFFC
Katarzyna Pawłowska,Katarzyna Pawłowska,katarzynapawowska,DFFC
Katarína Berešová,Katarína Berešová,katarnabereov,DFFC
Kate Allen,Kate Allen,kateallen,DFFC
Kate Bassett,Kate Bassett,katebassett,DFFC
Kate Beaton,Kate Beaton,katebeaton,DFFC
Kate Bornstein,Kate Bornstein,katebornstein,DFFC
Kate Gosselin,Kate Gosselin,kategosselin,DFFC
Kate Hansen,Kate Hansen,katehansen,DFFC
Kate Hudson,Kate Hudson,katehudson,DFFC
Kate Humble,Kate Humble,katehumble,DFFC
Kate Jackson,Kate Jackson,katejackson,DFFC
Kate Linder,Kate Linder,katelinder,DFFC
Kate Markgraf,Kate Markgraf,katemarkgraf,DFFC
Kate Mulgrew,Kate Mulgrew,katemulgrew,DFFC
Kate Ritchie,Kate Ritchie,kateritchie,DFFC
Kate Smurthwaite,Kate Smurthwaite,katesmurthwaite,DFFC
Kate Walsh,Kate Walsh,katewalsh,DFFC
Kate Winslet,Kate Winslet,katewinslet,DFFC
Katelyn Tarver,Katelyn Tarver,katelyntarver,DFFC
Katerina Rohonyan,Katerina Rohonyan,katerinarohonyan,DFFC
Katerina Smutna,Katerina Smutna,katerinasmutna,DFFC
Kateryna Bondarenko,Kateryna Bondarenko,katerynabondarenko,DFFC
Kateryna Kostenko,Kateryna Kostenko,katerynakostenko,DFFC
Kateřina Němcová,Kateřina Němcová,kateinanmcov,DFFC
Kateřina Sokolová,Kateřina Sokolová,kateinasokolov,DFFC
Katharina Gerlach,Katharina Gerlach,katharinagerlach,DFFC
Katharina Häcker,Katharina Häcker,katharinahcker,DFFC
Katharine Isabelle,Katharine Isabelle,katharineisabelle,DFFC
"Katharine, Duchess of Kent","Katharine, Duchess of Kent",katharineduchessofkent,DFFC
Katherine Bobak,Katherine Bobak,katherinebobak,DFFC
Katherine Boo,Katherine Boo,katherineboo,DFFC
Katherine Copely,Katherine Copely,katherinecopely,DFFC
Katherine Kirk,Katherine Kirk,katherinekirk,DFFC
Katherine LaNasa,Katherine LaNasa,katherinelanasa,DFFC
Katherine McClure,Katherine McClure,katherinemcclure,DFFC
Katherine Reutter,Katherine Reutter,katherinereutter,DFFC
Katherine Reynolds,Katherine Reynolds,katherinereynolds,DFFC
Katherine Schwarzenegger,Katherine Schwarzenegger,katherineschwarzenegger,DFFC
Katherine Shindle,Katherine Shindle,katherineshindle,DFFC
Katherine Waterston,Katherine Waterston,katherinewaterston,DFFC
Katheryn Curi,Katheryn Curi,katheryncuri,DFFC
Kathleen E. Woodiwiss,Kathleen E Woodiwiss,kathleenewoodiwiss,DFFC
Kathleen Kennedy,Kathleen Kennedy,kathleenkennedy,DFFC
Kathleen Madigan,Kathleen Madigan,kathleenmadigan,DFFC
Kathleen O'Kelly-Kennedy,Kathleen O'Kelly-Kennedy,kathleenokellykennedy,DFFC
Kathleen Sullivan,Kathleen Sullivan,kathleensullivan,DFFC
Kathrin Bringmann,Kathrin Bringmann,kathrinbringmann,DFFC
Kathrin Lang,Kathrin Lang,kathrinlang,DFFC
Kathrine Switzer,Kathrine Switzer,kathrineswitzer,DFFC
Kathrine Windfeld,Kathrine Windfeld,kathrinewindfeld,DFFC
Kathryn Calder,Kathryn Calder,kathryncalder,DFFC
Kathryn Grayson,Kathryn Grayson,kathryngrayson,DFFC
Kathryn Joosten,Kathryn Joosten,kathrynjoosten,DFFC
Kathy Baker,Kathy Baker,kathybaker,DFFC
Kathy Garver,Kathy Garver,kathygarver,DFFC
Kathy Long,Kathy Long,kathylong,DFFC
Kathy Sykes,Kathy Sykes,kathysykes,DFFC
Kathy Tremblay,Kathy Tremblay,kathytremblay,DFFC
Kathy Watt,Kathy Watt,kathywatt,DFFC
Kati Outinen,Kati Outinen,katioutinen,DFFC
Kati Wolf,Kati Wolf,katiwolf,DFFC
Katie Anderton,Katie Anderton,katieanderton,DFFC
Katie Armiger,Katie Armiger,katiearmiger,DFFC
Katie Cassidy,Katie Cassidy,katiecassidy,DFFC
Katie Compton,Katie Compton,katiecompton,DFFC
Katie Couric,Katie Couric,katiecouric,DFFC
Katie Findlay,Katie Findlay,katiefindlay,DFFC
Katie Finneran,Katie Finneran,katiefinneran,DFFC
Katie Harman,Katie Harman,katieharman,DFFC
Katie Kox,Katie Kox,katiekox,DFFC
Katie Leclerc,Katie Leclerc,katieleclerc,DFFC
Katie Leung,Katie Leung,katieleung,DFFC
Katie Morgan,Katie Morgan,katiemorgan,DFFC
Katie Pavlich,Katie Pavlich,katiepavlich,DFFC
Katie Price,Katie Price,katieprice,DFFC
Katinka Hosszú,Katinka Hosszú,katinkahossz,DFFC
Katja Riemann,Katja Riemann,katjariemann,DFFC
Katja Višnar,Katja Višnar,katjavinar,DFFC
Kato Kaelin,Kato Kaelin,katokaelin,DFFC
Katri Helena,Katri Helena,katrihelena,DFFC
Katrin Leumann,Katrin Leumann,katrinleumann,DFFC
Katrina Bayonas,Katrina Bayonas,katrinabayonas,DFFC
Katrina Bowden,Katrina Bowden,katrinabowden,DFFC
Katrina Hacker,Katrina Hacker,katrinahacker,DFFC
Katrina Hart,Katrina Hart,katrinahart,DFFC
Katrina Porter,Katrina Porter,katrinaporter,DFFC
Katsiaryna Paplauskaya,Katsiaryna Paplauskaya,katsiarynapaplauskaya,DFFC
Katsuni,Katsuni,katsuni,DFFC
Katsura Hoshino,Katsura Hoshino,katsurahoshino,DFFC
Katy Perry,Katy Perry,katyperry,DFFC
Katya Zharkova,Katya Zharkova,katyazharkova,DFFC
Kavka Shishido,Kavka Shishido,kavkashishido,DFFC
Kay Cohen,Kay Cohen,kaycohen,DFFC
Kay Davies,Kay Davies,kaydavies,DFFC
Kay One,Kay One,kayone,DFFC
Kay Pollak,Kay Pollak,kaypollak,DFFC
Kayacan Erdoğan,Kayacan Erdoğan,kayacanerdoan,DFFC
Kayahan,Kayahan,kayahan,DFFC
Kayden Kross,Kayden Kross,kaydenkross,DFFC
Kayla Clarke,Kayla Clarke,kaylaclarke,DFFC
Kayla Ewell,Kayla Ewell,kaylaewell,DFFC
Kaylyn Kyle,Kaylyn Kyle,kaylynkyle,DFFC
Kaylynn,Kaylynn,kaylynn,DFFC
Kayumzhan Sharipov,Kayumzhan Sharipov,kayumzhansharipov,DFFC
Kazem Seddiqi,Kazem Seddiqi,kazemseddiqi,DFFC
Kazma Sakamoto,Kazma Sakamoto,kazmasakamoto,DFFC
Kazuki Sakamoto,Kazuki Sakamoto,kazukisakamoto,DFFC
Kazuki Takahashi,Kazuki Takahashi,kazukitakahashi,DFFC
Kazumi Kawai,Kazumi Kawai,kazumikawai,DFFC
Kazuo Umezu,Kazuo Umezu,kazuoumezu,DFFC
Kazutoki Umezu,Kazutoki Umezu,kazutokiumezu,DFFC
Kazuya Oshima,Kazuya Oshima,kazuyaoshima,DFFC
Kazuyoshi Hoshino,Kazuyoshi Hoshino,kazuyoshihoshino,DFFC
Kazuyoshi Miura,Kazuyoshi Miura,kazuyoshimiura,DFFC
Keaton Henson,Keaton Henson,keatonhenson,DFFC
Keefe Brasselle,Keefe Brasselle,keefebrasselle,DFFC
Keenen Ivory Wayans,Keenen Ivory Wayans,keenenivorywayans,DFFC
Keever Jankovich,Keever Jankovich,keeverjankovich,DFFC
Kefeng Liu,Kefeng Liu,kefengliu,DFFC
Kei Nishikori,Kei Nishikori,keinishikori,DFFC
Keiichi Suzuki,Keiichi Suzuki,keiichisuzuki,DFFC
Keiji Inafune,Keiji Inafune,keijiinafune,DFFC
Keiko Awaji,Keiko Awaji,keikoawaji,DFFC
Keiko Fukuda,Keiko Fukuda,keikofukuda,DFFC
Keila Costa,Keila Costa,keilacosta,DFFC
Keisha Buchanan,Keisha Buchanan,keishabuchanan,DFFC
Keisha Castle-Hughes,Keisha Castle-Hughes,keishacastlehughes,DFFC
Keita Yano,Keita Yano,keitayano,DFFC
Keith Acton,Keith Acton,keithacton,DFFC
Keith Alexander,Keith Alexander,keithalexander,DFFC
Keith Allen,Keith Allen,keithallen,DFFC
Keith Armstrong,Keith Armstrong,keitharmstrong,DFFC
Keith Benson,Keith Benson,keithbenson,DFFC
Keith Coventry,Keith Coventry,keithcoventry,DFFC
Keith Curle,Keith Curle,keithcurle,DFFC
Keith Davis,Keith Davis,keithdavis,DFFC
Keith Elias,Keith Elias,keithelias,DFFC
Keith Flowers,Keith Flowers,keithflowers,DFFC
Keith Floyd,Keith Floyd,keithfloyd,DFFC
Keith Fullerton Whitman,Keith Fullerton Whitman,keithfullertonwhitman,DFFC
Keith Gessen,Keith Gessen,keithgessen,DFFC
Keith Hernandez,Keith Hernandez,keithhernandez,DFFC
Keith Keane,Keith Keane,keithkeane,DFFC
Keith Kinkaid,Keith Kinkaid,keithkinkaid,DFFC
Keith Langford,Keith Langford,keithlangford,DFFC
Keith Michell,Keith Michell,keithmichell,DFFC
Keith Morris,Keith Morris,keithmorris,DFFC
Keith Sanderson,Keith Sanderson,keithsanderson,DFFC
Keith Wallen,Keith Wallen,keithwallen,DFFC
Keith White Jr.,Keith White Jr,keithwhitejr,DFFC
Keith Whitley,Keith Whitley,keithwhitley,DFFC
Kel Carruthers,Kel Carruthers,kelcarruthers,DFFC
Kel Mitchell,Kel Mitchell,kelmitchell,DFFC
Kelcie McCray,Kelcie McCray,kelciemccray,DFFC
Kelis,Kelis,kelis,DFFC
Kellen Davis,Kellen Davis,kellendavis,DFFC
Kelli McCarty,Kelli McCarty,kellimccarty,DFFC
Kellie Martin,Kellie Martin,kelliemartin,DFFC
Kellie Pickler,Kellie Pickler,kelliepickler,DFFC
Kelly Buchberger,Kelly Buchberger,kellybuchberger,DFFC
Kelly Campbell,Kelly Campbell,kellycampbell,DFFC
Kelly Cartwright,Kelly Cartwright,kellycartwright,DFFC
Kelly Clarkson,Kelly Clarkson,kellyclarkson,DFFC
Kelly Corrigan,Kelly Corrigan,kellycorrigan,DFFC
Kelly Groucutt,Kelly Groucutt,kellygroucutt,DFFC
Kelly Hu,Kelly Hu,kellyhu,DFFC
Kelly Jennings,Kelly Jennings,kellyjennings,DFFC
Kelly Jones,Kelly Jones,kellyjones,DFFC
Kelly Killoren Bensimon,Kelly Killoren Bensimon,kellykillorenbensimon,DFFC
Kelly LeMieux,Kelly LeMieux,kellylemieux,DFFC
Kelly Macdonald,Kelly Macdonald,kellymacdonald,DFFC
Kelly Markus,Kelly Markus,kellymarkus,DFFC
Kelly Olynyk,Kelly Olynyk,kellyolynyk,DFFC
Kelly Oubre Jr.,Kelly Oubre Jr,kellyoubrejr,DFFC
Kelly Ripa,Kelly Ripa,kellyripa,DFFC
Kelly Rowland,Kelly Rowland,kellyrowland,DFFC
Kelly Rutherford,Kelly Rutherford,kellyrutherford,DFFC
Kelly Williamson,Kelly Williamson,kellywilliamson,DFFC
Kelly-Anne Lyons,Kelly-Anne Lyons,kellyannelyons,DFFC
Kelsey Chow,Kelsey Chow,kelseychow,DFFC
Kelvin Leerdam,Kelvin Leerdam,kelvinleerdam,DFFC
Kelvin Mateus de Oliveira,Kelvin Mateus de Oliveira,kelvinmateusdeoliveira,DFFC
Kelvin Sampson,Kelvin Sampson,kelvinsampson,DFFC
Kelvin Wilson,Kelvin Wilson,kelvinwilson,DFFC
Kelvin dela Peña,Kelvin dela Peña,kelvindelapea,DFFC
Ken Anderson,Ken Anderson,kenanderson,DFFC
Ken Bald,Ken Bald,kenbald,DFFC
Ken Block,Ken Block,kenblock,DFFC
Ken Brown,Ken Brown,kenbrown,DFFC
Ken Carter,Ken Carter,kencarter,DFFC
Ken Daneyko,Ken Daneyko,kendaneyko,DFFC
Ken Dorsey,Ken Dorsey,kendorsey,DFFC
Ken Foree,Ken Foree,kenforee,DFFC
Ken Gernander,Ken Gernander,kengernander,DFFC
Ken Gillespie,Ken Gillespie,kengillespie,DFFC
Ken Ham,Ken Ham,kenham,DFFC
Ken Jacobsen,Ken Jacobsen,kenjacobsen,DFFC
Ken Jeong,Ken Jeong,kenjeong,DFFC
Ken Keltner,Ken Keltner,kenkeltner,DFFC
Ken Kennedy,Ken Kennedy,kenkennedy,DFFC
Ken Levine,Ken Levine,kenlevine,DFFC
Ken MacAfee,Ken MacAfee,kenmacafee,DFFC
Ken MacLeod,Ken MacLeod,kenmacleod,DFFC
Ken Nomura,Ken Nomura,kennomura,DFFC
Ken Norton,Ken Norton,kennorton,DFFC
Ken Owen,Ken Owen,kenowen,DFFC
Ken Peplowski,Ken Peplowski,kenpeplowski,DFFC
Ken Raffensberger,Ken Raffensberger,kenraffensberger,DFFC
Ken Russell,Ken Russell,kenrussell,DFFC
Ken Rutherford,Ken Rutherford,kenrutherford,DFFC
Ken Singleton,Ken Singleton,kensingleton,DFFC
Ken Stringfellow,Ken Stringfellow,kenstringfellow,DFFC
Ken Stubbs,Ken Stubbs,kenstubbs,DFFC
Ken Whisenhunt,Ken Whisenhunt,kenwhisenhunt,DFFC
Ken'ichi Yoshida,Ken'ichi Yoshida,kenichiyoshida,DFFC
Kenan Sipahi,Kenan Sipahi,kenansipahi,DFFC
Kenda Perez,Kenda Perez,kendaperez,DFFC
Kendall Fletcher,Kendall Fletcher,kendallfletcher,DFFC
Kendall Phillips,Kendall Phillips,kendallphillips,DFFC
Kendall Reyes,Kendall Reyes,kendallreyes,DFFC
Kendall Schmidt,Kendall Schmidt,kendallschmidt,DFFC
Kendall Wright,Kendall Wright,kendallwright,DFFC
Kendrick Nunn,Kendrick Nunn,kendricknunn,DFFC
Kendrick Perkins,Kendrick Perkins,kendrickperkins,DFFC
Keni Styles,Keni Styles,kenistyles,DFFC
Kenichi Sakai,Kenichi Sakai,kenichisakai,DFFC
Kenji Wu,Kenji Wu,kenjiwu,DFFC
Kenneth Cole,Kenneth Cole,kennethcole,DFFC
Kenneth Feinberg,Kenneth Feinberg,kennethfeinberg,DFFC
Kenneth Hansen,Kenneth Hansen,kennethhansen,DFFC
Kenneth Manning,Kenneth Manning,kennethmanning,DFFC
Kenneth O. Chilstrom,Kenneth O Chilstrom,kennethochilstrom,DFFC
Kenneth Oppel,Kenneth Oppel,kennethoppel,DFFC
Kenneth Plume,Kenneth Plume,kennethplume,DFFC
Kenneth Preston,Kenneth Preston,kennethpreston,DFFC
Kenneth Trestrail,Kenneth Trestrail,kennethtrestrail,DFFC
Kenneth Walton,Kenneth Walton,kennethwalton,DFFC
Kenney Jones,Kenney Jones,kenneyjones,DFFC
Kenny Bräck,Kenny Bräck,kennybrck,DFFC
Kenny Chesney,Kenny Chesney,kennychesney,DFFC
Kenny Davern,Kenny Davern,kennydavern,DFFC
Kenny Demens,Kenny Demens,kennydemens,DFFC
Kenny Dorham,Kenny Dorham,kennydorham,DFFC
Kenny Dykstra,Kenny Dykstra,kennydykstra,DFFC
Kenny Jackett,Kenny Jackett,kennyjackett,DFFC
Kenny Kirkland,Kenny Kirkland,kennykirkland,DFFC
Kenny Miller,Kenny Miller,kennymiller,DFFC
Kenny Smith,Kenny Smith,kennysmith,DFFC
Kenny van Hummel,Kenny van Hummel,kennyvanhummel,DFFC
Kenny van Weeghel,Kenny van Weeghel,kennyvanweeghel,DFFC
Kenronte Walker,Kenronte Walker,kenrontewalker,DFFC
Kent Williams,Kent Williams,kentwilliams,DFFC
Kentaro Nakamoto,Kentaro Nakamoto,kentaronakamoto,DFFC
Kento Masuda,Kento Masuda,kentomasuda,DFFC
Kento Nagasaki,Kento Nagasaki,kentonagasaki,DFFC
Kenza Zouiten,Kenza Zouiten,kenzazouiten,DFFC
Keri Hilson,Keri Hilson,kerihilson,DFFC
Keri Russell,Keri Russell,kerirussell,DFFC
Keri Windsor,Keri Windsor,keriwindsor,DFFC
Keri-Anne Payne,Keri-Anne Payne,keriannepayne,DFFC
Kerim Koyunlu,Kerim Koyunlu,kerimkoyunlu,DFFC
Kerli,Kerli,kerli,DFFC
Kermit Ruffins,Kermit Ruffins,kermitruffins,DFFC
Kerri-Anne Kennerley,Kerri-Anne Kennerley,kerriannekennerley,DFFC
Kerrie Roberts,Kerrie Roberts,kerrieroberts,DFFC
Kerry Gammill,Kerry Gammill,kerrygammill,DFFC
Kerry Kennedy,Kerry Kennedy,kerrykennedy,DFFC
Kerry Wendell Thornley,Kerry Wendell Thornley,kerrywendellthornley,DFFC
Kerser,Kerser,kerser,DFFC
Kerstin Ekman,Kerstin Ekman,kerstinekman,DFFC
Kerstin Frank,Kerstin Frank,kerstinfrank,DFFC
Kerstin Szymkowiak,Kerstin Szymkowiak,kerstinszymkowiak,DFFC
Kerwin Danley,Kerwin Danley,kerwindanley,DFFC
Kesha,Kesha,kesha,DFFC
Ketil Bjørnstad,Ketil Bjørnstad,ketilbjrnstad,DFFC
Kev Adams,Kev Adams,kevadams,DFFC
Kevan Miller,Kevan Miller,kevanmiller,DFFC
Keven Lacombe,Keven Lacombe,kevenlacombe,DFFC
Kevin Alves,Kevin Alves,kevinalves,DFFC
Kevin Amankwaah,Kevin Amankwaah,kevinamankwaah,DFFC
Kevin Ashman,Kevin Ashman,kevinashman,DFFC
Kevin Avery,Kevin Avery,kevinavery,DFFC
Kevin Bentley,Kevin Bentley,kevinbentley,DFFC
Kevin Bieksa,Kevin Bieksa,kevinbieksa,DFFC
Kevin Blackistone,Kevin Blackistone,kevinblackistone,DFFC
Kevin Bolland,Kevin Bolland,kevinbolland,DFFC
Kevin Brown,Kevin Brown,kevinbrown,DFFC
Kevin Cameron,Kevin Cameron,kevincameron,DFFC
Kevin Collins,Kevin Collins,kevincollins,DFFC
Kevin Conroy,Kevin Conroy,kevinconroy,DFFC
Kevin Coombs,Kevin Coombs,kevincoombs,DFFC
Kevin Covais,Kevin Covais,kevincovais,DFFC
Kevin Davies,Kevin Davies,kevindavies,DFFC
Kevin De Weert,Kevin De Weert,kevindeweert,DFFC
Kevin Doyle,Kevin Doyle,kevindoyle,DFFC
Kevin DuBrow,Kevin DuBrow,kevindubrow,DFFC
Kevin Dunn,Kevin Dunn,kevindunn,DFFC
Kevin Faulk,Kevin Faulk,kevinfaulk,DFFC
Kevin Foley,Kevin Foley,kevinfoley,DFFC
Kevin Garcia Maldonado,Kevin Garcia Maldonado,kevingarciamaldonado,DFFC
Kevin Gilbride,Kevin Gilbride,kevingilbride,DFFC
Kevin Gomez-Nieto,Kevin Gomez-Nieto,kevingomeznieto,DFFC
Kevin Großkreutz,Kevin Großkreutz,kevingrokreutz,DFFC
Kevin Guppy,Kevin Guppy,kevinguppy,DFFC
Kevin James,Kevin James,kevinjames,DFFC
Kevin Jonas,Kevin Jonas,kevinjonas,DFFC
Kevin Kampl,Kevin Kampl,kevinkampl,DFFC
Kevin Keatts,Kevin Keatts,kevinkeatts,DFFC
Kevin Kelly,Kevin Kelly,kevinkelly,DFFC
Kevin Korjus,Kevin Korjus,kevinkorjus,DFFC
Kevin Kurányi,Kevin Kurányi,kevinkurnyi,DFFC
Kevin Lepage,Kevin Lepage,kevinlepage,DFFC
Kevin Long,Kevin Long,kevinlong,DFFC
Kevin Love,Kevin Love,kevinlove,DFFC
Kevin Maguire,Kevin Maguire,kevinmaguire,DFFC
Kevin Mahogany,Kevin Mahogany,kevinmahogany,DFFC
Kevin Martin,Kevin Martin,kevinmartin,DFFC
Kevin McDonald,Kevin McDonald,kevinmcdonald,DFFC
Kevin McHale,Kevin McHale,kevinmchale,DFFC
Kevin McKee,Kevin McKee,kevinmckee,DFFC
Kevin McReynolds,Kevin McReynolds,kevinmcreynolds,DFFC
Kevin Mensah,Kevin Mensah,kevinmensah,DFFC
Kevin Michael Richardson,Kevin Michael Richardson,kevinmichaelrichardson,DFFC
Kevin Mitchell,Kevin Mitchell,kevinmitchell,DFFC
Kevin Molino,Kevin Molino,kevinmolino,DFFC
Kevin Nealon,Kevin Nealon,kevinnealon,DFFC
Kevin Nugent,Kevin Nugent,kevinnugent,DFFC
Kevin Ogletree,Kevin Ogletree,kevinogletree,DFFC
Kevin Parker,Kevin Parker,kevinparker,DFFC
Kevin Pollak,Kevin Pollak,kevinpollak,DFFC
Kevin Quackenbush,Kevin Quackenbush,kevinquackenbush,DFFC
Kevin Randleman,Kevin Randleman,kevinrandleman,DFFC
Kevin Rempel,Kevin Rempel,kevinrempel,DFFC
Kevin Richardson,Kevin Richardson,kevinrichardson,DFFC
Kevin Riley,Kevin Riley,kevinriley,DFFC
Kevin Schindler,Kevin Schindler,kevinschindler,DFFC
Kevin Schlitte,Kevin Schlitte,kevinschlitte,DFFC
Kevin Schwantz,Kevin Schwantz,kevinschwantz,DFFC
Kevin Seitzer,Kevin Seitzer,kevinseitzer,DFFC
Kevin Shields,Kevin Shields,kevinshields,DFFC
Kevin Staut,Kevin Staut,kevinstaut,DFFC
Kevin Swindell,Kevin Swindell,kevinswindell,DFFC
Kevin Tancharoen,Kevin Tancharoen,kevintancharoen,DFFC
Kevin Thomson,Kevin Thomson,kevinthomson,DFFC
Kevin Towers,Kevin Towers,kevintowers,DFFC
Kevin Van Melsen,Kevin Van Melsen,kevinvanmelsen,DFFC
Kevin Vickerson,Kevin Vickerson,kevinvickerson,DFFC
Kevin Ware,Kevin Ware,kevinware,DFFC
Kevin Warwick,Kevin Warwick,kevinwarwick,DFFC
Kevin Weekes,Kevin Weekes,kevinweekes,DFFC
Kevin Willis,Kevin Willis,kevinwillis,DFFC
Kevin Wolze,Kevin Wolze,kevinwolze,DFFC
Kevin Young,Kevin Young,kevinyoung,DFFC
Kevin Zegers,Kevin Zegers,kevinzegers,DFFC
Kevin Zeitler,Kevin Zeitler,kevinzeitler,DFFC
Kevin van der Perren,Kevin van der Perren,kevinvanderperren,DFFC
Kevin-Prince Boateng,Kevin-Prince Boateng,kevinprinceboateng,DFFC
Kew Jaliens,Kew Jaliens,kewjaliens,DFFC
Key,Key,key,DFFC
Keyaron Fox,Keyaron Fox,keyaronfox,DFFC
Keyshawn Johnson,Keyshawn Johnson,keyshawnjohnson,DFFC
Kgothatso Montjane,Kgothatso Montjane,kgothatsomontjane,DFFC
Khairul Amri,Khairul Amri,khairulamri,DFFC
Khaled Holmes,Khaled Holmes,khaledholmes,DFFC
Khalid Hamdaoui,Khalid Hamdaoui,khalidhamdaoui,DFFC
Khalid Sheikh Mohammed,Khalid Sheikh Mohammed,khalidsheikhmohammed,DFFC
Khalid Sinouh,Khalid Sinouh,khalidsinouh,DFFC
Khalif Mitchell,Khalif Mitchell,khalifmitchell,DFFC
Kharis Ralph,Kharis Ralph,kharisralph,DFFC
Khleo Thomas,Khleo Thomas,khleothomas,DFFC
Khloé Kardashian,Khloé Kardashian,khlokardashian,DFFC
Khoo Kay Kim,Khoo Kay Kim,khookaykim,DFFC
Ki Hong Lee,Ki Hong Lee,kihonglee,DFFC
Ki Sung-yueng,Ki Sung-yueng,kisungyueng,DFFC
Kian Hansen,Kian Hansen,kianhansen,DFFC
Kid Ink,Kid Ink,kidink,DFFC
Kiele Sanchez,Kiele Sanchez,kielesanchez,DFFC
Kiely Williams,Kiely Williams,kielywilliams,DFFC
Kieran Block,Kieran Block,kieranblock,DFFC
Kieran Richardson,Kieran Richardson,kieranrichardson,DFFC
Kieren Fallon,Kieren Fallon,kierenfallon,DFFC
Kiernan Shipka,Kiernan Shipka,kiernanshipka,DFFC
Kieron St Aimie,Kieron St Aimie,kieronstaimie,DFFC
Kigeli V of Rwanda,Kigeli V of Rwanda,kigelivofrwanda,DFFC
Kihachirō Kawamoto,Kihachirō Kawamoto,kihachirkawamoto,DFFC
Kiki Bosio,Kiki Bosio,kikibosio,DFFC
Kikki Danielsson,Kikki Danielsson,kikkidanielsson,DFFC
Kiko Femenía,Kiko Femenía,kikofemena,DFFC
"Kiko, Princess Akishino","Kiko, Princess Akishino",kikoprincessakishino,DFFC
Killer Kowalski,Killer Kowalski,killerkowalski,DFFC
Kily González,Kily González,kilygonzlez,DFFC
Kim Barnes Arico,Kim Barnes Arico,kimbarnesarico,DFFC
Kim Bo-kyung,Kim Bo-kyung,kimbokyung,DFFC
Kim Chae-hwa,Kim Chae-hwa,kimchaehwa,DFFC
Kim Delaney,Kim Delaney,kimdelaney,DFFC
Kim Dickens,Kim Dickens,kimdickens,DFFC
Kim Gandy,Kim Gandy,kimgandy,DFFC
Kim Hae-jin,Kim Hae-jin,kimhaejin,DFFC
Kim Hee-ae,Kim Hee-ae,kimheeae,DFFC
Kim In-sung,Kim In-sung,kiminsung,DFFC
Kim Ja-in,Kim Ja-in,kimjain,DFFC
Kim Jee-woon,Kim Jee-woon,kimjeewoon,DFFC
Kim Ji-seok,Kim Ji-seok,kimjiseok,DFFC
Kim Jin-su,Kim Jin-su,kimjinsu,DFFC
Kim Jong-kook,Kim Jong-kook,kimjongkook,DFFC
Kim Kkot-bi,Kim Kkot-bi,kimkkotbi,DFFC
Kim Kyu-jong,Kim Kyu-jong,kimkyujong,DFFC
Kim Källström,Kim Källström,kimkllstrm,DFFC
Kim Little,Kim Little,kimlittle,DFFC
Kim Lucine,Kim Lucine,kimlucine,DFFC
Kim Martin Hasson,Kim Martin Hasson,kimmartinhasson,DFFC
Kim Milford,Kim Milford,kimmilford,DFFC
Kim Min-hee,Kim Min-hee,kimminhee,DFFC
Kim Min-jung,Kim Min-jung,kimminjung,DFFC
Kim Na-young,Kim Na-young,kimnayoung,DFFC
Kim Rhode,Kim Rhode,kimrhode,DFFC
Kim Rhodes,Kim Rhodes,kimrhodes,DFFC
Kim Rossi Stuart,Kim Rossi Stuart,kimrossistuart,DFFC
Kim So-yeon,Kim So-yeon,kimsoyeon,DFFC
Kim Stolz,Kim Stolz,kimstolz,DFFC
Kim Su-ro,Kim Su-ro,kimsuro,DFFC
Kim Tae-hee,Kim Tae-hee,kimtaehee,DFFC
Kim Tae-yeon,Kim Tae-yeon,kimtaeyeon,DFFC
Kim Vilfort,Kim Vilfort,kimvilfort,DFFC
Kim Wilde,Kim Wilde,kimwilde,DFFC
Kim Woo-bin,Kim Woo-bin,kimwoobin,DFFC
Kim Wozencraft,Kim Wozencraft,kimwozencraft,DFFC
Kim Yong-dae,Kim Yong-dae,kimyongdae,DFFC
Kim Yoo-jin,Kim Yoo-jin,kimyoojin,DFFC
Kim Yuna,Kim Yuna,kimyuna,DFFC
Kimberley Mickle,Kimberley Mickle,kimberleymickle,DFFC
Kimberley Smith,Kimberley Smith,kimberleysmith,DFFC
Kimberly Elise,Kimberly Elise,kimberlyelise,DFFC
Kimberly Navarro,Kimberly Navarro,kimberlynavarro,DFFC
Kimberly Williams-Paisley,Kimberly Williams-Paisley,kimberlywilliamspaisley,DFFC
Kimberly Wyatt,Kimberly Wyatt,kimberlywyatt,DFFC
Kimi Räikkönen,Kimi Räikkönen,kimirikknen,DFFC
Kimiko Date-Krumm,Kimiko Date-Krumm,kimikodatekrumm,DFFC
Kimiko Zakreski,Kimiko Zakreski,kimikozakreski,DFFC
Kimmie Meissner,Kimmie Meissner,kimmiemeissner,DFFC
Kin Platt,Kin Platt,kinplatt,DFFC
Kinan Azmeh,Kinan Azmeh,kinanazmeh,DFFC
King Krule,King Krule,kingkrule,DFFC
King Lizzard,King Lizzard,kinglizzard,DFFC
King-Wai Yau,King-Wai Yau,kingwaiyau,DFFC
Kingone Wang,Kingone Wang,kingonewang,DFFC
Kingsley Bugarin,Kingsley Bugarin,kingsleybugarin,DFFC
Kiowa Gordon,Kiowa Gordon,kiowagordon,DFFC
Kip Carpenter,Kip Carpenter,kipcarpenter,DFFC
Kip Gamblin,Kip Gamblin,kipgamblin,DFFC
Kira Geil,Kira Geil,kirageil,DFFC
Kira Isabella,Kira Isabella,kiraisabella,DFFC
Kira Muratova,Kira Muratova,kiramuratova,DFFC
Kiran Kumar,Kiran Kumar,kirankumar,DFFC
Kiran Mazumdar-Shaw,Kiran Mazumdar-Shaw,kiranmazumdarshaw,DFFC
Kiran More,Kiran More,kiranmore,DFFC
Kiran Rathod,Kiran Rathod,kiranrathod,DFFC
Kirill Gerasimov,Kirill Gerasimov,kirillgerasimov,DFFC
Kirill Khaliavin,Kirill Khaliavin,kirillkhaliavin,DFFC
Kirill Nababkin,Kirill Nababkin,kirillnababkin,DFFC
Kirk Farmer,Kirk Farmer,kirkfarmer,DFFC
Kirk Ferentz,Kirk Ferentz,kirkferentz,DFFC
Kirk Hammett,Kirk Hammett,kirkhammett,DFFC
Kirk Morrison,Kirk Morrison,kirkmorrison,DFFC
Kirk Penney,Kirk Penney,kirkpenney,DFFC
Kirk Urso,Kirk Urso,kirkurso,DFFC
Kirk Whalum,Kirk Whalum,kirkwhalum,DFFC
Kirka,Kirka,kirka,DFFC
Kirsi Kunnas,Kirsi Kunnas,kirsikunnas,DFFC
Kirsten Smith,Kirsten Smith,kirstensmith,DFFC
Kirsten Vangsness,Kirsten Vangsness,kirstenvangsness,DFFC
Kishore Mahbubani,Kishore Mahbubani,kishoremahbubani,DFFC
Kitarō,Kitarō,kitar,DFFC
Kitten Natividad,Kitten Natividad,kittennatividad,DFFC
Kitty Kelley,Kitty Kelley,kittykelley,DFFC
Kiwao Nomura,Kiwao Nomura,kiwaonomura,DFFC
Kiyoko Ono,Kiyoko Ono,kiyokoono,DFFC
Kiyoshi Jinzai,Kiyoshi Jinzai,kiyoshijinzai,DFFC
Kjell Isaksson,Kjell Isaksson,kjellisaksson,DFFC
Kjell-Åke Andersson,Kjell-Åke Andersson,kjellkeandersson,DFFC
Kjerstin Dellert,Kjerstin Dellert,kjerstindellert,DFFC
Klaas-Jan Huntelaar,Klaas-Jan Huntelaar,klaasjanhuntelaar,DFFC
Klaus Allofs,Klaus Allofs,klausallofs,DFFC
Klaus Badelt,Klaus Badelt,klausbadelt,DFFC
Klaus Bischoff,Klaus Bischoff,klausbischoff,DFFC
Klaus Glahn,Klaus Glahn,klausglahn,DFFC
Klaus Maria Brandauer,Klaus Maria Brandauer,klausmariabrandauer,DFFC
Klaus Meine,Klaus Meine,klausmeine,DFFC
Klaus Naumann,Klaus Naumann,klausnaumann,DFFC
Klaus Rost,Klaus Rost,klausrost,DFFC
Klaus Schmidt,Klaus Schmidt,klausschmidt,DFFC
Klaus Teuber,Klaus Teuber,klausteuber,DFFC
Klaus Zerta,Klaus Zerta,klauszerta,DFFC
Klay Thompson,Klay Thompson,klaythompson,DFFC
Klemen Štimulak,Klemen Štimulak,klementimulak,DFFC
Klára Kadlecová,Klára Kadlecová,klrakadlecov,DFFC
Knero,Knero,knero,DFFC
Knez,Knez,knez,DFFC
Knowshon Moreno,Knowshon Moreno,knowshonmoreno,DFFC
Knox,Knox,knox,DFFC
Ko Ko Gyi,Ko Ko Gyi,kokogyi,DFFC
Kodjo Akolor,Kodjo Akolor,kodjoakolor,DFFC
Kody Bliss,Kody Bliss,kodybliss,DFFC
Koen Wauters,Koen Wauters,koenwauters,DFFC
Kofi Kingston,Kofi Kingston,kofikingston,DFFC
Koji Igarashi,Koji Igarashi,kojiigarashi,DFFC
Koji Kanemoto,Koji Kanemoto,kojikanemoto,DFFC
Koji Murofushi,Koji Murofushi,kojimurofushi,DFFC
Koji Uehara,Koji Uehara,kojiuehara,DFFC
Koke,Koke,koke,DFFC
Koki Niwa,Koki Niwa,kokiniwa,DFFC
Koldo,Koldo,koldo,DFFC
Kongar-ol Ondar,Kongar-ol Ondar,kongarolondar,DFFC
Kongkiat Khomsiri,Kongkiat Khomsiri,kongkiatkhomsiri,DFFC
Konrad Kujau,Konrad Kujau,konradkujau,DFFC
Konrad Wasiela,Konrad Wasiela,konradwasiela,DFFC
Konrad Zuse,Konrad Zuse,konradzuse,DFFC
Konstadinos Baniotis,Konstadinos Baniotis,konstadinosbaniotis,DFFC
Konstadinos Douvalidis,Konstadinos Douvalidis,konstadinosdouvalidis,DFFC
Konstadinos Filippidis,Konstadinos Filippidis,konstadinosfilippidis,DFFC
Konstandinos Poulios,Konstandinos Poulios,konstandinospoulios,DFFC
Konstantin Bezmaternikh,Konstantin Bezmaternikh,konstantinbezmaternikh,DFFC
Konstantin Efetov,Konstantin Efetov,konstantinefetov,DFFC
Konstantin Ernst,Konstantin Ernst,konstantinernst,DFFC
Konstantin Feoktistov,Konstantin Feoktistov,konstantinfeoktistov,DFFC
Konstantin Zyryanov,Konstantin Zyryanov,konstantinzyryanov,DFFC
Konstantinos Mitroglou,Konstantinos Mitroglou,konstantinosmitroglou,DFFC
Koop Arponen,Koop Arponen,kooparponen,DFFC
Koray Günter,Koray Günter,koraygnter,DFFC
Korey Cooper,Korey Cooper,koreycooper,DFFC
Kosta Perović,Kosta Perović,kostaperovi,DFFC
Kostas Manolas,Kostas Manolas,kostasmanolas,DFFC
Kosuke Fukudome,Kosuke Fukudome,kosukefukudome,DFFC
Kosuke Matsuura,Kosuke Matsuura,kosukematsuura,DFFC
Kotomitsuki Keiji,Kotomitsuki Keiji,kotomitsukikeiji,DFFC
Kourtney Kardashian,Kourtney Kardashian,kourtneykardashian,DFFC
Kozo Watanabe,Kozo Watanabe,kozowatanabe,DFFC
Kozue Ando,Kozue Ando,kozueando,DFFC
Kreesha Turner,Kreesha Turner,kreeshaturner,DFFC
Krešimir Lončar,Krešimir Lončar,kreimirlonar,DFFC
Krikor Mekhitarian,Krikor Mekhitarian,krikormekhitarian,DFFC
Kris Boyd,Kris Boyd,krisboyd,DFFC
Kris Commons,Kris Commons,kriscommons,DFFC
Kris Gopalakrishnan,Kris Gopalakrishnan,krisgopalakrishnan,DFFC
Kris Johnson,Kris Johnson,krisjohnson,DFFC
Kris Stadsgaard,Kris Stadsgaard,krisstadsgaard,DFFC
Kris Versteeg,Kris Versteeg,krisversteeg,DFFC
Krist Novoselic,Krist Novoselic,kristnovoselic,DFFC
Krista Siegfrids,Krista Siegfrids,kristasiegfrids,DFFC
Krista Tippett,Krista Tippett,kristatippett,DFFC
Kristanna Loken,Kristanna Loken,kristannaloken,DFFC
Kristaps Porziņģis,Kristaps Porziņģis,kristapsporziis,DFFC
Kristaps Zvejnieks,Kristaps Zvejnieks,kristapszvejnieks,DFFC
Kristen Bell,Kristen Bell,kristenbell,DFFC
Kristen Dalton,Kristen Dalton,kristendalton,DFFC
Kristen Schaal,Kristen Schaal,kristenschaal,DFFC
Kristen Wiig,Kristen Wiig,kristenwiig,DFFC
Kristi Harrower,Kristi Harrower,kristiharrower,DFFC
Kristian Nairn,Kristian Nairn,kristiannairn,DFFC
Kristian Thomas,Kristian Thomas,kristianthomas,DFFC
Kristin Beck,Kristin Beck,kristinbeck,DFFC
Kristin Booth,Kristin Booth,kristinbooth,DFFC
Kristin Davis,Kristin Davis,kristindavis,DFFC
Kristin Kreuk,Kristin Kreuk,kristinkreuk,DFFC
Kristin Wieczorek,Kristin Wieczorek,kristinwieczorek,DFFC
Kristina Adolphson,Kristina Adolphson,kristinaadolphson,DFFC
Kristina Mladenovic,Kristina Mladenovic,kristinamladenovic,DFFC
Kristine Musademba,Kristine Musademba,kristinemusademba,DFFC
Kristinn Hrafnsson,Kristinn Hrafnsson,kristinnhrafnsson,DFFC
Kristof Goddaert,Kristof Goddaert,kristofgoddaert,DFFC
Kristof Vandewalle,Kristof Vandewalle,kristofvandewalle,DFFC
Kristoffer Broberg,Kristoffer Broberg,kristofferbroberg,DFFC
Kristoffer Peterson,Kristoffer Peterson,kristofferpeterson,DFFC
Kristy Hinze,Kristy Hinze,kristyhinze,DFFC
Kristy McPherson,Kristy McPherson,kristymcpherson,DFFC
Kristy Pond,Kristy Pond,kristypond,DFFC
Kristína Kučová,Kristína Kučová,kristnakuov,DFFC
Kristýna Plíšková,Kristýna Plíšková,kristnaplkov,DFFC
Kristīne Gaile,Kristīne Gaile,kristnegaile,DFFC
Krisztián Adorján,Krisztián Adorján,krisztinadorjn,DFFC
Krisztián Pars,Krisztián Pars,krisztinpars,DFFC
Kriti Kharbanda,Kriti Kharbanda,kritikharbanda,DFFC
Krizz Kaliko,Krizz Kaliko,krizzkaliko,DFFC
Krysten Ritter,Krysten Ritter,krystenritter,DFFC
Krystian Długopolski,Krystian Długopolski,krystiandugopolski,DFFC
Krzysztof Birula-Białynicki,Krzysztof Birula-Białynicki,krzysztofbirulabiaynicki,DFFC
Krzysztof Brzozowski,Krzysztof Brzozowski,krzysztofbrzozowski,DFFC
Krzysztof Grabowski,Krzysztof Grabowski,krzysztofgrabowski,DFFC
Krzysztof Jakubowski,Krzysztof Jakubowski,krzysztofjakubowski,DFFC
Krzysztof Kosedowski,Krzysztof Kosedowski,krzysztofkosedowski,DFFC
Krzysztof Meyer,Krzysztof Meyer,krzysztofmeyer,DFFC
Krzysztof Skiba,Krzysztof Skiba,krzysztofskiba,DFFC
Ksenia Afanasyeva,Ksenia Afanasyeva,kseniaafanasyeva,DFFC
Ksenia Antonova,Ksenia Antonova,kseniaantonova,DFFC
Ksenia Dudkina,Ksenia Dudkina,kseniadudkina,DFFC
Ksenia Krasilnikova,Ksenia Krasilnikova,kseniakrasilnikova,DFFC
Ksenia Makarova,Ksenia Makarova,kseniamakarova,DFFC
Ksenia Solo,Ksenia Solo,kseniasolo,DFFC
Ksenia Stolbova,Ksenia Stolbova,kseniastolbova,DFFC
Kuishinbo Kamen,Kuishinbo Kamen,kuishinbokamen,DFFC
Kujtim Bala,Kujtim Bala,kujtimbala,DFFC
Kulbhushan Kharbanda,Kulbhushan Kharbanda,kulbhushankharbanda,DFFC
Kumar Dharmasena,Kumar Dharmasena,kumardharmasena,DFFC
Kumi Koda,Kumi Koda,kumikoda,DFFC
Kunnakudi Vaidyanathan,Kunnakudi Vaidyanathan,kunnakudivaidyanathan,DFFC
Kurban Kurbanov,Kurban Kurbanov,kurbankurbanov,DFFC
Kurt Albert,Kurt Albert,kurtalbert,DFFC
Kurt Angle,Kurt Angle,kurtangle,DFFC
Kurt Carr,Kurt Carr,kurtcarr,DFFC
Kurt Hovelijnck,Kurt Hovelijnck,kurthovelijnck,DFFC
Kurt Kasznar,Kurt Kasznar,kurtkasznar,DFFC
Kurt Kreuger,Kurt Kreuger,kurtkreuger,DFFC
Kurt Lockwood,Kurt Lockwood,kurtlockwood,DFFC
Kurt Warner,Kurt Warner,kurtwarner,DFFC
Kurt Zouma,Kurt Zouma,kurtzouma,DFFC
Kurumi Nara,Kurumi Nara,kuruminara,DFFC
Kwadwo Asamoah,Kwadwo Asamoah,kwadwoasamoah,DFFC
Kwak Min-jeong,Kwak Min-jeong,kwakminjeong,DFFC
Kwame Dawes,Kwame Dawes,kwamedawes,DFFC
Kwame Nkrumah-Acheampong,Kwame Nkrumah-Acheampong,kwamenkrumahacheampong,DFFC
Kwon Yuri,Kwon Yuri,kwonyuri,DFFC
Kyal Horsley,Kyal Horsley,kyalhorsley,DFFC
Kyary Pamyu Pamyu,Kyary Pamyu Pamyu,kyarypamyupamyu,DFFC
Kyel Reid,Kyel Reid,kyelreid,DFFC
Kyla,Kyla,kyla,DFFC
Kyla Pratt,Kyla Pratt,kylapratt,DFFC
Kyla-Rose Smith,Kyla-Rose Smith,kylarosesmith,DFFC
Kyle Brady,Kyle Brady,kylebrady,DFFC
Kyle Brandt,Kyle Brandt,kylebrandt,DFFC
Kyle Busch,Kyle Busch,kylebusch,DFFC
Kyle Carpenter,Kyle Carpenter,kylecarpenter,DFFC
Kyle Clifford,Kyle Clifford,kyleclifford,DFFC
Kyle Critchell,Kyle Critchell,kylecritchell,DFFC
Kyle Fuller,Kyle Fuller,kylefuller,DFFC
Kyle Juszczyk,Kyle Juszczyk,kylejuszczyk,DFFC
Kyle Larson,Kyle Larson,kylelarson,DFFC
Kyle Long,Kyle Long,kylelong,DFFC
Kyle Love,Kyle Love,kylelove,DFFC
Kyle Lowry,Kyle Lowry,kylelowry,DFFC
Kyle McFadzean,Kyle McFadzean,kylemcfadzean,DFFC
Kyle Nakazawa,Kyle Nakazawa,kylenakazawa,DFFC
Kyle Nissen,Kyle Nissen,kylenissen,DFFC
Kyle O'Reilly,Kyle O'Reilly,kyleoreilly,DFFC
Kyle Richards,Kyle Richards,kylerichards,DFFC
Kyle Rudolph,Kyle Rudolph,kylerudolph,DFFC
Kyle Ryan,Kyle Ryan,kyleryan,DFFC
Kyle Schwarber,Kyle Schwarber,kyleschwarber,DFFC
Kyle Smith,Kyle Smith,kylesmith,DFFC
Kyle Snyder,Kyle Snyder,kylesnyder,DFFC
Kyle Thomas,Kyle Thomas,kylethomas,DFFC
Kyle Turris,Kyle Turris,kyleturris,DFFC
Kyle Vanden Bosch,Kyle Vanden Bosch,kylevandenbosch,DFFC
Kyle Zobeck,Kyle Zobeck,kylezobeck,DFFC
Kylie Gauci,Kylie Gauci,kyliegauci,DFFC
Kym,Kym,kym,DFFC
Kyo,Kyo,kyo,DFFC
Kyoko Ina,Kyoko Ina,kyokoina,DFFC
Kyoko Kimura,Kyoko Kimura,kyokokimura,DFFC
Kyotaro Fujimoto,Kyotaro Fujimoto,kyotarofujimoto,DFFC
Kári Steinn Karlsson,Kári Steinn Karlsson,kristeinnkarlsson,DFFC
Kévin Reza,Kévin Reza,kvinreza,DFFC
Kévin Théophile-Catherine,Kévin Théophile-Catherine,kvinthophilecatherine,DFFC
Kílian Jornet Burgada,Kílian Jornet Burgada,klianjornetburgada,DFFC
Kōhei Uchimura,Kōhei Uchimura,kheiuchimura,DFFC
Kōji Gushiken,Kōji Gushiken,kjigushiken,DFFC
Kōji Tamaki,Kōji Tamaki,kjitamaki,DFFC
Kōji Yakusho,Kōji Yakusho,kjiyakusho,DFFC
Kōtarō Satomi,Kōtarō Satomi,ktarsatomi,DFFC
L. J. Fort,LJ Fort,ljfort,DFFC
L. J. Peak,LJ Peak,ljpeak,DFFC
L. J. van Zyl,LJ van Zyl,ljvanzyl,DFFC
L. Lin Wood,L Lin Wood,llinwood,DFFC
LL Cool J,LL Cool J,llcoolj,DFFC
La Esterella,La Esterella,laesterella,DFFC
LaMarr Woodley,LaMarr Woodley,lamarrwoodley,DFFC
LaMichael James,LaMichael James,lamichaeljames,DFFC
LaShawn Merritt,LaShawn Merritt,lashawnmerritt,DFFC
LaTasha Colander,LaTasha Colander,latashacolander,DFFC
LaVell Edwards,LaVell Edwards,lavelledwards,DFFC
Labdhi Bhandari,Labdhi Bhandari,labdhibhandari,DFFC
Labrinth,Labrinth,labrinth,DFFC
Lacey Sturm,Lacey Sturm,laceysturm,DFFC
Lacey Turner,Lacey Turner,laceyturner,DFFC
Lachlan Keeffe,Lachlan Keeffe,lachlankeeffe,DFFC
Lachlan Murdoch,Lachlan Murdoch,lachlanmurdoch,DFFC
Ladell Betts,Ladell Betts,ladellbetts,DFFC
Ladi6,Ladi6,ladi6,DFFC
Ladji Doucouré,Ladji Doucouré,ladjidoucour,DFFC
Lado Kralj,Lado Kralj,ladokralj,DFFC
Lady Bunny,Lady Bunny,ladybunny,DFFC
Lady Gaga,Lady Gaga,ladygaga,DFFC
Lady Louise Windsor,Lady Louise Windsor,ladylouisewindsor,DFFC
Lady Starlight,Lady Starlight,ladystarlight,DFFC
Laidback Luke,Laidback Luke,laidbackluke,DFFC
Laine Kallas,Laine Kallas,lainekallas,DFFC
Lainie Kazan,Lainie Kazan,lainiekazan,DFFC
Laird Cregar,Laird Cregar,lairdcregar,DFFC
Lajos Kürthy,Lajos Kürthy,lajoskrthy,DFFC
Lakhdar Belloumi,Lakhdar Belloumi,lakhdarbelloumi,DFFC
Lakshmi Menon,Lakshmi Menon,lakshmimenon,DFFC
Lalita Panyopas,Lalita Panyopas,lalitapanyopas,DFFC
Lalonde Gordon,Lalonde Gordon,lalondegordon,DFFC
Lamont Mack,Lamont Mack,lamontmack,DFFC
Lana Del Rey,Lana Del Rey,lanadelrey,DFFC
Lana Parrilla,Lana Parrilla,lanaparrilla,DFFC
Lance Jeter,Lance Jeter,lancejeter,DFFC
Lance Reddick,Lance Reddick,lancereddick,DFFC
Lance Storm,Lance Storm,lancestorm,DFFC
"Landau Eugene Murphy, Jr.","Landau Eugene Murphy, Jr",landaueugenemurphyjr,DFFC
Landon Donovan,Landon Donovan,landondonovan,DFFC
Landry Jones,Landry Jones,landryjones,DFFC
Lane Brody,Lane Brody,lanebrody,DFFC
Lane Gibson,Lane Gibson,lanegibson,DFFC
Langston Walker,Langston Walker,langstonwalker,DFFC
Lanie Lane,Lanie Lane,lanielane,DFFC
Lara Bingle,Lara Bingle,larabingle,DFFC
Lara Gut,Lara Gut,laragut,DFFC
Laraine Newman,Laraine Newman,larainenewman,DFFC
Larisa Latynina,Larisa Latynina,larisalatynina,DFFC
Larissa Ramos,Larissa Ramos,larissaramos,DFFC
Lark Voorhies,Lark Voorhies,larkvoorhies,DFFC
Larry A. Thompson,Larry A Thompson,larryathompson,DFFC
Larry Allen,Larry Allen,larryallen,DFFC
Larry Brinson,Larry Brinson,larrybrinson,DFFC
Larry Brown,Larry Brown,larrybrown,DFFC
Larry Cassidy,Larry Cassidy,larrycassidy,DFFC
Larry Drake,Larry Drake,larrydrake,DFFC
Larry Drew II,Larry Drew II,larrydrewii,DFFC
Larry Ellison,Larry Ellison,larryellison,DFFC
Larry Grenadier,Larry Grenadier,larrygrenadier,DFFC
Larry Hagman,Larry Hagman,larryhagman,DFFC
Larry Holmes,Larry Holmes,larryholmes,DFFC
Larry Hughes,Larry Hughes,larryhughes,DFFC
Larry Jay Levine,Larry Jay Levine,larryjaylevine,DFFC
Larry King,Larry King,larryking,DFFC
Larry Kramer,Larry Kramer,larrykramer,DFFC
Larry LaLonde,Larry LaLonde,larrylalonde,DFFC
Larry Lucchino,Larry Lucchino,larrylucchino,DFFC
Larry Marder,Larry Marder,larrymarder,DFFC
Larry McCray,Larry McCray,larrymccray,DFFC
Larry Murphy,Larry Murphy,larrymurphy,DFFC
Larry Niven,Larry Niven,larryniven,DFFC
Larry O'Connor,Larry O'Connor,larryoconnor,DFFC
Larry Page,Larry Page,larrypage,DFFC
Larry Robinson,Larry Robinson,larryrobinson,DFFC
Larry Rohter,Larry Rohter,larryrohter,DFFC
Larry Rothschild,Larry Rothschild,larryrothschild,DFFC
Larry Sabato,Larry Sabato,larrysabato,DFFC
Lars Anderson,Lars Anderson,larsanderson,DFFC
Lars Bak,Lars Bak,larsbak,DFFC
Lars Bender,Lars Bender,larsbender,DFFC
Lars Boom,Lars Boom,larsboom,DFFC
Lars Eller,Lars Eller,larseller,DFFC
Lars Horntveth,Lars Horntveth,larshorntveth,DFFC
Lars Jungnickel,Lars Jungnickel,larsjungnickel,DFFC
Lars Lagerbäck,Lars Lagerbäck,larslagerbck,DFFC
Lars Larson,Lars Larson,larslarson,DFFC
Lars Olsen,Lars Olsen,larsolsen,DFFC
Lars van der Haar,Lars van der Haar,larsvanderhaar,DFFC
Lasgush Poradeci,Lasgush Poradeci,lasgushporadeci,DFFC
Lassana Diarra,Lassana Diarra,lassanadiarra,DFFC
Lasse Berghagen,Lasse Berghagen,lasseberghagen,DFFC
Lasse Gjertsen,Lasse Gjertsen,lassegjertsen,DFFC
Lasse Hallström,Lasse Hallström,lassehallstrm,DFFC
Lata Mangeshkar,Lata Mangeshkar,latamangeshkar,DFFC
Latimore,Latimore,latimore,DFFC
Laura Augé,Laura Augé,lauraaug,DFFC
Laura Benanti,Laura Benanti,laurabenanti,DFFC
Laura Birn,Laura Birn,laurabirn,DFFC
Laura Brown,Laura Brown,laurabrown,DFFC
Laura Czarnotta,Laura Czarnotta,lauraczarnotta,DFFC
Laura Dern,Laura Dern,lauradern,DFFC
Laura Dundovic,Laura Dundovic,lauradundovic,DFFC
Laura Efrikian,Laura Efrikian,lauraefrikian,DFFC
Laura Feiersinger,Laura Feiersinger,laurafeiersinger,DFFC
Laura Giordano,Laura Giordano,lauragiordano,DFFC
Laura Ingraham,Laura Ingraham,lauraingraham,DFFC
Laura Innes,Laura Innes,laurainnes,DFFC
Laura Johnson,Laura Johnson,laurajohnson,DFFC
Laura Lepistö,Laura Lepistö,lauralepist,DFFC
Laura Linney,Laura Linney,lauralinney,DFFC
Laura Lippman,Laura Lippman,lauralippman,DFFC
Laura Magitteri,Laura Magitteri,lauramagitteri,DFFC
Laura Marling,Laura Marling,lauramarling,DFFC
Laura Ramsey,Laura Ramsey,lauraramsey,DFFC
Laura Robson,Laura Robson,laurarobson,DFFC
Laura San Giacomo,Laura San Giacomo,laurasangiacomo,DFFC
Laura Schlessinger,Laura Schlessinger,lauraschlessinger,DFFC
Laura Sippola,Laura Sippola,laurasippola,DFFC
Laura Thorpe,Laura Thorpe,laurathorpe,DFFC
Laura Weightman,Laura Weightman,lauraweightman,DFFC
Laura Weissbecker,Laura Weissbecker,lauraweissbecker,DFFC
Laura de Vaan,Laura de Vaan,lauradevaan,DFFC
Laure Manaudou,Laure Manaudou,lauremanaudou,DFFC
Laurel Aitken,Laurel Aitken,laurelaitken,DFFC
Lauren Beckham,Lauren Beckham,laurenbeckham,DFFC
Lauren Beukes,Lauren Beukes,laurenbeukes,DFFC
Lauren Bush,Lauren Bush,laurenbush,DFFC
Lauren Campbell,Lauren Campbell,laurencampbell,DFFC
Lauren Cohan,Lauren Cohan,laurencohan,DFFC
Lauren Davis,Lauren Davis,laurendavis,DFFC
Lauren Graham,Lauren Graham,laurengraham,DFFC
Lauren Harris,Lauren Harris,laurenharris,DFFC
Lauren Hutton,Lauren Hutton,laurenhutton,DFFC
Lauren Jackson,Lauren Jackson,laurenjackson,DFFC
Lauren Kleppin,Lauren Kleppin,laurenkleppin,DFFC
Lauren Lee Smith,Lauren Lee Smith,laurenleesmith,DFFC
Lauren London,Lauren London,laurenlondon,DFFC
Lauren Mayhew,Lauren Mayhew,laurenmayhew,DFFC
Lauren Sesselmann,Lauren Sesselmann,laurensesselmann,DFFC
Lauren Shuler Donner,Lauren Shuler Donner,laurenshulerdonner,DFFC
Lauren Socha,Lauren Socha,laurensocha,DFFC
Lauren Vélez,Lauren Vélez,laurenvlez,DFFC
Laurence Fishburne,Laurence Fishburne,laurencefishburne,DFFC
Laurence Harvey,Laurence Harvey,laurenceharvey,DFFC
Laurence Leamer,Laurence Leamer,laurenceleamer,DFFC
Laurens Vanthoor,Laurens Vanthoor,laurensvanthoor,DFFC
Laurens ten Dam,Laurens ten Dam,laurenstendam,DFFC
Laurent Batlles,Laurent Batlles,laurentbatlles,DFFC
Laurent Boyer,Laurent Boyer,laurentboyer,DFFC
Laurent Didier,Laurent Didier,laurentdidier,DFFC
Laurent Fignon,Laurent Fignon,laurentfignon,DFFC
Laurent Koscielny,Laurent Koscielny,laurentkoscielny,DFFC
Laurent Lokoli,Laurent Lokoli,laurentlokoli,DFFC
Laurent Mangel,Laurent Mangel,laurentmangel,DFFC
Laurent Pichon,Laurent Pichon,laurentpichon,DFFC
Laurent Robert,Laurent Robert,laurentrobert,DFFC
Laurent Ruquier,Laurent Ruquier,laurentruquier,DFFC
Lauri Bonacorsi,Lauri Bonacorsi,lauribonacorsi,DFFC
Laurie Anderson,Laurie Anderson,laurieanderson,DFFC
Laurie Holden,Laurie Holden,laurieholden,DFFC
Lauryn Eagle,Lauryn Eagle,lauryneagle,DFFC
Lavonte David,Lavonte David,lavontedavid,DFFC
Law Kar-ying,Law Kar-ying,lawkarying,DFFC
Lawrence Guy,Lawrence Guy,lawrenceguy,DFFC
Lawrence Jarach,Lawrence Jarach,lawrencejarach,DFFC
Lawrence Okoye,Lawrence Okoye,lawrenceokoye,DFFC
Lawrence Samuels,Lawrence Samuels,lawrencesamuels,DFFC
Lawrie Wilson,Lawrie Wilson,lawriewilson,DFFC
Lawson Craddock,Lawson Craddock,lawsoncraddock,DFFC
Lawson D'Ath,Lawson D'Ath,lawsondath,DFFC
Layes Abdullayeva,Layes Abdullayeva,layesabdullayeva,DFFC
Layvin Kurzawa,Layvin Kurzawa,layvinkurzawa,DFFC
Laz Díaz,Laz Díaz,lazdaz,DFFC
Lazare Ponticelli,Lazare Ponticelli,lazareponticelli,DFFC
Lazeric Jones,Lazeric Jones,lazericjones,DFFC
Lea DeLaria,Lea DeLaria,leadelaria,DFFC
Lea Koenig,Lea Koenig,leakoenig,DFFC
Lea Salonga,Lea Salonga,leasalonga,DFFC
Leanda Cave,Leanda Cave,leandacave,DFFC
Leanna Creel,Leanna Creel,leannacreel,DFFC
Leanne Smith,Leanne Smith,leannesmith,DFFC
Lecrae,Lecrae,lecrae,DFFC
Lee Altus,Lee Altus,leealtus,DFFC
Lee Beachill,Lee Beachill,leebeachill,DFFC
Lee Beevers,Lee Beevers,leebeevers,DFFC
Lee Boylan,Lee Boylan,leeboylan,DFFC
Lee Chun Hei,Lee Chun Hei,leechunhei,DFFC
Lee Chung-ah,Lee Chung-ah,leechungah,DFFC
Lee Collins,Lee Collins,leecollins,DFFC
Lee Croft,Lee Croft,leecroft,DFFC
Lee Daniels,Lee Daniels,leedaniels,DFFC
Lee DeWyze,Lee DeWyze,leedewyze,DFFC
Lee Dong-gook,Lee Dong-gook,leedonggook,DFFC
Lee Dorman,Lee Dorman,leedorman,DFFC
Lee Felsenstein,Lee Felsenstein,leefelsenstein,DFFC
Lee Harper,Lee Harper,leeharper,DFFC
Lee Harvey,Lee Harvey,leeharvey,DFFC
Lee Hi,Lee Hi,leehi,DFFC
Lee Hong-gi,Lee Hong-gi,leehonggi,DFFC
Lee Hyori,Lee Hyori,leehyori,DFFC
Lee Iacocca,Lee Iacocca,leeiacocca,DFFC
Lee Jae-dong,Lee Jae-dong,leejaedong,DFFC
Lee Jin-wook,Lee Jin-wook,leejinwook,DFFC
Lee Jong-kyung,Lee Jong-kyung,leejongkyung,DFFC
Lee Jong-suk,Lee Jong-suk,leejongsuk,DFFC
Lee Kang-seok,Lee Kang-seok,leekangseok,DFFC
Lee Kang-sheng,Lee Kang-sheng,leekangsheng,DFFC
Lee Keshav,Lee Keshav,leekeshav,DFFC
Lee Kilday,Lee Kilday,leekilday,DFFC
Lee Kwang-soo,Lee Kwang-soo,leekwangsoo,DFFC
Lee Latchford-Evans,Lee Latchford-Evans,leelatchfordevans,DFFC
Lee Loughnane,Lee Loughnane,leeloughnane,DFFC
Lee MacPhail,Lee MacPhail,leemacphail,DFFC
Lee Majors,Lee Majors,leemajors,DFFC
Lee Mavers,Lee Mavers,leemavers,DFFC
Lee Merrien,Lee Merrien,leemerrien,DFFC
Lee Min-woo,Lee Min-woo,leeminwoo,DFFC
Lee Minshull,Lee Minshull,leeminshull,DFFC
Lee Myung-joo,Lee Myung-joo,leemyungjoo,DFFC
Lee Newton,Lee Newton,leenewton,DFFC
Lee Page,Lee Page,leepage,DFFC
Lee Peacock,Lee Peacock,leepeacock,DFFC
Lee Probert,Lee Probert,leeprobert,DFFC
Lee Radziwill,Lee Radziwill,leeradziwill,DFFC
Lee Remick,Lee Remick,leeremick,DFFC
Lee Ridley,Lee Ridley,leeridley,DFFC
Lee Riley,Lee Riley,leeriley,DFFC
Lee Ritenour,Lee Ritenour,leeritenour,DFFC
Lee Robinson,Lee Robinson,leerobinson,DFFC
Lee Saltz,Lee Saltz,leesaltz,DFFC
Lee Sandford,Lee Sandford,leesandford,DFFC
Lee Seon-hwa,Lee Seon-hwa,leeseonhwa,DFFC
Lee Smith,Lee Smith,leesmith,DFFC
Lee Stempniak,Lee Stempniak,leestempniak,DFFC
Lee Sweatt,Lee Sweatt,leesweatt,DFFC
Lee Thompson Young,Lee Thompson Young,leethompsonyoung,DFFC
Lee Wallace,Lee Wallace,leewallace,DFFC
Lee Williamson,Lee Williamson,leewilliamson,DFFC
Lee Yo-won,Lee Yo-won,leeyowon,DFFC
Lee Young-ae,Lee Young-ae,leeyoungae,DFFC
Lee Young-ah,Lee Young-ah,leeyoungah,DFFC
Lee-Anne Pace,Lee-Anne Pace,leeannepace,DFFC
Leeland Dayton Mooring,Leeland Dayton Mooring,leelanddaytonmooring,DFFC
Leelee Sobieski,Leelee Sobieski,leeleesobieski,DFFC
Leevi Lehto,Leevi Lehto,leevilehto,DFFC
Lefter Küçükandonyadis,Lefter Küçükandonyadis,lefterkkandonyadis,DFFC
Lega-C,Lega-C,legac,DFFC
Lei Jia,Lei Jia,leijia,DFFC
Lei'D Tapa,Lei'D Tapa,leidtapa,DFFC
Leif Mortensen,Leif Mortensen,leifmortensen,DFFC
Leigh Ann Hester,Leigh Ann Hester,leighannhester,DFFC
Leigh Nash,Leigh Nash,leighnash,DFFC
Leigh Sales,Leigh Sales,leighsales,DFFC
Leila Hatami,Leila Hatami,leilahatami,DFFC
Leila Lopes,Leila Lopes,leilalopes,DFFC
Leila Pinheiro,Leila Pinheiro,leilapinheiro,DFFC
Leila Vaziri,Leila Vaziri,leilavaziri,DFFC
Lejeanne Marais,Lejeanne Marais,lejeannemarais,DFFC
Lejla Tanović,Lejla Tanović,lejlatanovi,DFFC
Lekan Balogun,Lekan Balogun,lekanbalogun,DFFC
Lela Rochon,Lela Rochon,lelarochon,DFFC
Lelisa Desisa,Lelisa Desisa,lelisadesisa,DFFC
Lemmy,Lemmy,lemmy,DFFC
Len Bias,Len Bias,lenbias,DFFC
Len Goodman,Len Goodman,lengoodman,DFFC
Len Szafaryn,Len Szafaryn,lenszafaryn,DFFC
Len Wein,Len Wein,lenwein,DFFC
LenDale White,LenDale White,lendalewhite,DFFC
Lena Andersson,Lena Andersson,lenaandersson,DFFC
Lena Dunham,Lena Dunham,lenadunham,DFFC
Lena Headey,Lena Headey,lenaheadey,DFFC
Lena Lotzen,Lena Lotzen,lenalotzen,DFFC
Lena Meyer-Landrut,Lena Meyer-Landrut,lenameyerlandrut,DFFC
Lena Yada,Lena Yada,lenayada,DFFC
Lene Marlin,Lene Marlin,lenemarlin,DFFC
Lenka,Lenka,lenka,DFFC
Lennie James,Lennie James,lenniejames,DFFC
Lennie Merullo,Lennie Merullo,lenniemerullo,DFFC
Lenny Hambro,Lenny Hambro,lennyhambro,DFFC
Lenora Crichlow,Lenora Crichlow,lenoracrichlow,DFFC
Lenore Blum,Lenore Blum,lenoreblum,DFFC
Leo Bertos,Leo Bertos,leobertos,DFFC
Leo Fortune-West,Leo Fortune-West,leofortunewest,DFFC
Leo Hielscher,Leo Hielscher,leohielscher,DFFC
Leo Komarov,Leo Komarov,leokomarov,DFFC
Leo Marks,Leo Marks,leomarks,DFFC
Leo McKern,Leo McKern,leomckern,DFFC
Leo O'Kelly,Leo O'Kelly,leookelly,DFFC
Leodis McKelvin,Leodis McKelvin,leodismckelvin,DFFC
Leon Draisaitl,Leon Draisaitl,leondraisaitl,DFFC
Leon Goretzka,Leon Goretzka,leongoretzka,DFFC
Leon Johnson,Leon Johnson,leonjohnson,DFFC
Leon Osman,Leon Osman,leonosman,DFFC
Leon Redbone,Leon Redbone,leonredbone,DFFC
Leona Lewis,Leona Lewis,leonalewis,DFFC
Leona Machálková,Leona Machálková,leonamachlkov,DFFC
Leonard Mann,Leonard Mann,leonardmann,DFFC
Leonard Matlovich,Leonard Matlovich,leonardmatlovich,DFFC
Leonard Mudie,Leonard Mudie,leonardmudie,DFFC
Leonard Tan,Leonard Tan,leonardtan,DFFC
Leonard Weaver,Leonard Weaver,leonardweaver,DFFC
Leonard Williams,Leonard Williams,leonardwilliams,DFFC
Leonardo Bittencourt,Leonardo Bittencourt,leonardobittencourt,DFFC
Leonardo DiCaprio,Leonardo DiCaprio,leonardodicaprio,DFFC
Leonardo Farkas,Leonardo Farkas,leonardofarkas,DFFC
Leonel Manzano,Leonel Manzano,leonelmanzano,DFFC
Leonid Mezheritski,Leonid Mezheritski,leonidmezheritski,DFFC
Leonid Musin,Leonid Musin,leonidmusin,DFFC
Leonie Saint,Leonie Saint,leoniesaint,DFFC
Leonys Martín,Leonys Martín,leonysmartn,DFFC
Leopold König,Leopold König,leopoldknig,DFFC
Leopoldo Minaya,Leopoldo Minaya,leopoldominaya,DFFC
Leos Carax,Leos Carax,leoscarax,DFFC
Lepa Brena,Lepa Brena,lepabrena,DFFC
Lerentee McCray,Lerentee McCray,lerenteemccray,DFFC
Leri Kenchadze,Leri Kenchadze,lerikenchadze,DFFC
Leroy Chiao,Leroy Chiao,leroychiao,DFFC
Leroy Fer,Leroy Fer,leroyfer,DFFC
Leroy George,Leroy George,leroygeorge,DFFC
Leroy Sibbles,Leroy Sibbles,leroysibbles,DFFC
Les Bingaman,Les Bingaman,lesbingaman,DFFC
Les Hill,Les Hill,leshill,DFFC
Les Pattinson,Les Pattinson,lespattinson,DFFC
Lesle Gallimore,Lesle Gallimore,leslegallimore,DFFC
Lesley Stahl,Lesley Stahl,lesleystahl,DFFC
Leslie Bibb,Leslie Bibb,lesliebibb,DFFC
Leslie Cheung,Leslie Cheung,lesliecheung,DFFC
Leslie Dewan,Leslie Dewan,lesliedewan,DFFC
Leslie Hall,Leslie Hall,lesliehall,DFFC
Leslie Law,Leslie Law,leslielaw,DFFC
Leslie Mann,Leslie Mann,lesliemann,DFFC
Leslie Van Houten,Leslie Van Houten,leslievanhouten,DFFC
Lestar Jean,Lestar Jean,lestarjean,DFFC
Leszek Swornowski,Leszek Swornowski,leszekswornowski,DFFC
Letty Cottin Pogrebin,Letty Cottin Pogrebin,lettycottinpogrebin,DFFC
Letícia Birkheuer,Letícia Birkheuer,letciabirkheuer,DFFC
Levale Speigner,Levale Speigner,levalespeigner,DFFC
Levent Ayçiçek,Levent Ayçiçek,leventayiek,DFFC
Levern Spencer,Levern Spencer,levernspencer,DFFC
Levi Mackin,Levi Mackin,levimackin,DFFC
Levon Aronian,Levon Aronian,levonaronian,DFFC
Levon Helm,Levon Helm,levonhelm,DFFC
Lew Soloff,Lew Soloff,lewsoloff,DFFC
Lew Temple,Lew Temple,lewtemple,DFFC
Lewis Hornby,Lewis Hornby,lewishornby,DFFC
Lewis MacKenzie,Lewis MacKenzie,lewismackenzie,DFFC
Lewis Taylor,Lewis Taylor,lewistaylor,DFFC
Lex Immers,Lex Immers,leximmers,DFFC
Lexi Belle,Lexi Belle,lexibelle,DFFC
Lexie Contursi,Lexie Contursi,lexiecontursi,DFFC
Lexington Steele,Lexington Steele,lexingtonsteele,DFFC
Leïla Bekhti,Leïla Bekhti,lelabekhti,DFFC
Li Bingbing,Li Bingbing,libingbing,DFFC
Li Chevalier,Li Chevalier,lichevalier,DFFC
Li Xiaofeng,Li Xiaofeng,lixiaofeng,DFFC
Li Xuerui,Li Xuerui,lixuerui,DFFC
Li Yanfeng,Li Yanfeng,liyanfeng,DFFC
Li Ziyang,Li Ziyang,liziyang,DFFC
LiSA,LiSA,lisa,DFFC
Lia Boysen,Lia Boysen,liaboysen,DFFC
Lia Grimanis,Lia Grimanis,liagrimanis,DFFC
Lia Marie Johnson,Lia Marie Johnson,liamariejohnson,DFFC
Lia Tanzi,Lia Tanzi,liatanzi,DFFC
Liam Broady,Liam Broady,liambroady,DFFC
Liam Genockey,Liam Genockey,liamgenockey,DFFC
Liam Hatch,Liam Hatch,liamhatch,DFFC
Liam Henderson,Liam Henderson,liamhenderson,DFFC
Liam Highfield,Liam Highfield,liamhighfield,DFFC
Liam Killeen,Liam Killeen,liamkilleen,DFFC
Liam Mitchell,Liam Mitchell,liammitchell,DFFC
Liam Moore,Liam Moore,liammoore,DFFC
Liam Neeson,Liam Neeson,liamneeson,DFFC
Liam Noble,Liam Noble,liamnoble,DFFC
Liam Rosenior,Liam Rosenior,liamrosenior,DFFC
Liam Walker,Liam Walker,liamwalker,DFFC
Liana K,Liana K,lianak,DFFC
Liana Ungur,Liana Ungur,lianaungur,DFFC
Liane Balaban,Liane Balaban,lianebalaban,DFFC
Liane Russell,Liane Russell,lianerussell,DFFC
Liang Chow,Liang Chow,liangchow,DFFC
Liao Fan,Liao Fan,liaofan,DFFC
Liassine Cadamuro-Bentaïba,Liassine Cadamuro-Bentaïba,liassinecadamurobentaba,DFFC
Libania Grenot,Libania Grenot,libaniagrenot,DFFC
Liesl Tesch,Liesl Tesch,liesltesch,DFFC
Lieuwe Westra,Lieuwe Westra,lieuwewestra,DFFC
Lil Jon,Lil Jon,liljon,DFFC
Lil' Ed Williams,Lil' Ed Williams,liledwilliams,DFFC
Lil' Mo,Lil' Mo,lilmo,DFFC
Lilia Biktagirova,Lilia Biktagirova,liliabiktagirova,DFFC
Liliana Cavani,Liliana Cavani,lilianacavani,DFFC
Liliane Saint-Pierre,Liliane Saint-Pierre,lilianesaintpierre,DFFC
Lilit Mkrtchian,Lilit Mkrtchian,lilitmkrtchian,DFFC
Lilli Schwarzkopf,Lilli Schwarzkopf,lillischwarzkopf,DFFC
Lilly Ledbetter,Lilly Ledbetter,lillyledbetter,DFFC
Lilly Singh,Lilly Singh,lillysingh,DFFC
Lily Allen,Lily Allen,lilyallen,DFFC
Lily Berglund,Lily Berglund,lilyberglund,DFFC
Lily Donaldson,Lily Donaldson,lilydonaldson,DFFC
Lily Tomlin,Lily Tomlin,lilytomlin,DFFC
Lim Kyung-hee,Lim Kyung-hee,limkyunghee,DFFC
Lim Yo-hwan,Lim Yo-hwan,limyohwan,DFFC
Lin Chia-ying,Lin Chia-ying,linchiaying,DFFC
Lina Leandersson,Lina Leandersson,linaleandersson,DFFC
Lina María Moreno Mejía,Lina María Moreno Mejía,linamaramorenomeja,DFFC
Lina Nilsson,Lina Nilsson,linanilsson,DFFC
Linas Kleiza,Linas Kleiza,linaskleiza,DFFC
Lincoln Peirce,Lincoln Peirce,lincolnpeirce,DFFC
Linda Ballantyne,Linda Ballantyne,lindaballantyne,DFFC
Linda Barker,Linda Barker,lindabarker,DFFC
Linda Cardellini,Linda Cardellini,lindacardellini,DFFC
Linda Greenhouse,Linda Greenhouse,lindagreenhouse,DFFC
Linda Grubben,Linda Grubben,lindagrubben,DFFC
Linda Hamilton,Linda Hamilton,lindahamilton,DFFC
Linda Jackson,Linda Jackson,lindajackson,DFFC
Linda Johnson,Linda Johnson,lindajohnson,DFFC
Linda Lavin,Linda Lavin,lindalavin,DFFC
Linda Martin,Linda Martin,lindamartin,DFFC
Linda McCartney,Linda McCartney,lindamccartney,DFFC
Linda Perry,Linda Perry,lindaperry,DFFC
Linda Stahl,Linda Stahl,lindastahl,DFFC
Linda Thelenius,Linda Thelenius,lindathelenius,DFFC
Linda Thom,Linda Thom,lindathom,DFFC
Linda Valori,Linda Valori,lindavalori,DFFC
Linda Wessberg,Linda Wessberg,lindawessberg,DFFC
Lindsay Davis,Lindsay Davis,lindsaydavis,DFFC
Lindsay Dawson,Lindsay Dawson,lindsaydawson,DFFC
Lindsay Gottlieb,Lindsay Gottlieb,lindsaygottlieb,DFFC
Lindsay McCaul,Lindsay McCaul,lindsaymccaul,DFFC
Lindsay Price,Lindsay Price,lindsayprice,DFFC
Lindsay Urwin,Lindsay Urwin,lindsayurwin,DFFC
Lindsey Buckingham,Lindsey Buckingham,lindseybuckingham,DFFC
Lindsey Carmichael,Lindsey Carmichael,lindseycarmichael,DFFC
Lindsey Hunter,Lindsey Hunter,lindseyhunter,DFFC
Lindsey Wixson,Lindsey Wixson,lindseywixson,DFFC
Line,Line,line,DFFC
Linford Christie,Linford Christie,linfordchristie,DFFC
Linlin,Linlin,linlin,DFFC
Linsey Dawn McKenzie,Linsey Dawn McKenzie,linseydawnmckenzie,DFFC
Linton Kwesi Johnson,Linton Kwesi Johnson,lintonkwesijohnson,DFFC
Linus Gerdemann,Linus Gerdemann,linusgerdemann,DFFC
Linus Malmqvist,Linus Malmqvist,linusmalmqvist,DFFC
Lionel Blair,Lionel Blair,lionelblair,DFFC
Lioness Asuka,Lioness Asuka,lionessasuka,DFFC
Lior Ron,Lior Ron,liorron,DFFC
Lippy Lipshitz,Lippy Lipshitz,lippylipshitz,DFFC
Lisa Ann Walter,Lisa Ann Walter,lisaannwalter,DFFC
Lisa Bero,Lisa Bero,lisabero,DFFC
Lisa Casalino,Lisa Casalino,lisacasalino,DFFC
Lisa Edelstein,Lisa Edelstein,lisaedelstein,DFFC
Lisa Graham Keegan,Lisa Graham Keegan,lisagrahamkeegan,DFFC
Lisa Harvey,Lisa Harvey,lisaharvey,DFFC
Lisa I'Anson,Lisa I'Anson,lisaianson,DFFC
Lisa Joann Thompson,Lisa Joann Thompson,lisajoannthompson,DFFC
Lisa Lampanelli,Lisa Lampanelli,lisalampanelli,DFFC
Lisa Marie Varon,Lisa Marie Varon,lisamarievaron,DFFC
Lisa McIntosh,Lisa McIntosh,lisamcintosh,DFFC
Lisa Nemec,Lisa Nemec,lisanemec,DFFC
Lisa Niemi,Lisa Niemi,lisaniemi,DFFC
Lisa Ray,Lisa Ray,lisaray,DFFC
Lisa Rinna,Lisa Rinna,lisarinna,DFFC
Lisa Scott-Lee,Lisa Scott-Lee,lisascottlee,DFFC
Lisa Tomaschewsky,Lisa Tomaschewsky,lisatomaschewsky,DFFC
Lisa Tuttle,Lisa Tuttle,lisatuttle,DFFC
Lisa Uhl,Lisa Uhl,lisauhl,DFFC
Lisa Vidal,Lisa Vidal,lisavidal,DFFC
Lisa Vitting,Lisa Vitting,lisavitting,DFFC
Lisa Wilcox,Lisa Wilcox,lisawilcox,DFFC
Lisbet Lundquist,Lisbet Lundquist,lisbetlundquist,DFFC
Lise Haavik,Lise Haavik,lisehaavik,DFFC
Lise Mayer,Lise Mayer,lisemayer,DFFC
Lisle Ellis,Lisle Ellis,lisleellis,DFFC
Lissy,Lissy,lissy,DFFC
List of supercentenarians from the United States,List of supercentenarians from the United States,listofsupercentenariansfromtheunitedstates,DFFC
Lita,Lita,lita,DFFC
Lita Ford,Lita Ford,litaford,DFFC
Lito Sheppard,Lito Sheppard,litosheppard,DFFC
Little Richard,Little Richard,littlerichard,DFFC
Little Sammy Davis,Little Sammy Davis,littlesammydavis,DFFC
Little Willie John,Little Willie John,littlewilliejohn,DFFC
Liu Jia,Liu Jia,liujia,DFFC
Liu Liyang,Liu Liyang,liuliyang,DFFC
Liv Boeree,Liv Boeree,livboeree,DFFC
Liv Grete Skjelbreid Poirée,Liv Grete Skjelbreid Poirée,livgreteskjelbreidpoire,DFFC
Liv Tyler,Liv Tyler,livtyler,DFFC
Livio Jean-Charles,Livio Jean-Charles,liviojeancharles,DFFC
Liya Kebede,Liya Kebede,liyakebede,DFFC
Liz Kershaw,Liz Kershaw,lizkershaw,DFFC
Liz Murray,Liz Murray,lizmurray,DFFC
Liz Phair,Liz Phair,lizphair,DFFC
Liza Manili,Liza Manili,lizamanili,DFFC
Lizz Tayler,Lizz Tayler,lizztayler,DFFC
Lizzie Grubman,Lizzie Grubman,lizziegrubman,DFFC
Lizzy Caplan,Lizzy Caplan,lizzycaplan,DFFC
Lizé Santana,Lizé Santana,lizsantana,DFFC
Liédson,Liédson,lidson,DFFC
Ljubodrag Simonović,Ljubodrag Simonović,ljubodragsimonovi,DFFC
Ljubomir Ljubojević,Ljubomir Ljubojević,ljubomirljubojevi,DFFC
Lliam Webster,Lliam Webster,lliamwebster,DFFC
Lloyd Carr,Lloyd Carr,lloydcarr,DFFC
Lloyd Langford,Lloyd Langford,lloydlangford,DFFC
Lloyd Maines,Lloyd Maines,lloydmaines,DFFC
Lloyd Mondory,Lloyd Mondory,lloydmondory,DFFC
Lloyd Price,Lloyd Price,lloydprice,DFFC
Lloyd Williams,Lloyd Williams,lloydwilliams,DFFC
Lluís Homar,Lluís Homar,llushomar,DFFC
Lo Bosworth,Lo Bosworth,lobosworth,DFFC
Lobão,Lobão,lobo,DFFC
Lockett Pundt,Lockett Pundt,lockettpundt,DFFC
Lodewijk Bruckman,Lodewijk Bruckman,lodewijkbruckman,DFFC
Loek van Wely,Loek van Wely,loekvanwely,DFFC
Loes Luca,Loes Luca,loesluca,DFFC
Logan Browning,Logan Browning,loganbrowning,DFFC
Logan Henderson,Logan Henderson,loganhenderson,DFFC
Logan Lerman,Logan Lerman,loganlerman,DFFC
Logan Paulsen,Logan Paulsen,loganpaulsen,DFFC
Logan Payne,Logan Payne,loganpayne,DFFC
Lois Duncan,Lois Duncan,loisduncan,DFFC
Lois Johnson,Lois Johnson,loisjohnson,DFFC
Lois Lowry,Lois Lowry,loislowry,DFFC
Lolene,Lolene,lolene,DFFC
London Fletcher,London Fletcher,londonfletcher,DFFC
Lonnie Mack,Lonnie Mack,lonniemack,DFFC
Lonwabo Tsotsobe,Lonwabo Tsotsobe,lonwabotsotsobe,DFFC
Lord David Cecil,Lord David Cecil,lorddavidcecil,DFFC
Lord Nicholas Hervey,Lord Nicholas Hervey,lordnicholashervey,DFFC
Lord Nicholas Windsor,Lord Nicholas Windsor,lordnicholaswindsor,DFFC
Loredana Nusciak,Loredana Nusciak,loredananusciak,DFFC
Lorena Ochoa,Lorena Ochoa,lorenaochoa,DFFC
Lorena Zaffalon,Lorena Zaffalon,lorenazaffalon,DFFC
Lorenza Alessandrini,Lorenza Alessandrini,lorenzaalessandrini,DFFC
Lorenzo Cain,Lorenzo Cain,lorenzocain,DFFC
Lorenzo Gilyard,Lorenzo Gilyard,lorenzogilyard,DFFC
Lorenzo Giustino,Lorenzo Giustino,lorenzogiustino,DFFC
Lorenzo Insigne,Lorenzo Insigne,lorenzoinsigne,DFFC
Lorenzo Juarros García,Lorenzo Juarros García,lorenzojuarrosgarca,DFFC
Lorenzo Melgarejo,Lorenzo Melgarejo,lorenzomelgarejo,DFFC
Lorenzo Neal,Lorenzo Neal,lorenzoneal,DFFC
Lorenzo Taliaferro,Lorenzo Taliaferro,lorenzotaliaferro,DFFC
Lorenzo Zambrano,Lorenzo Zambrano,lorenzozambrano,DFFC
Loretta Devine,Loretta Devine,lorettadevine,DFFC
Lori Loughlin,Lori Loughlin,loriloughlin,DFFC
Lori Peters,Lori Peters,loripeters,DFFC
Lorie,Lorie,lorie,DFFC
Loris Francesco Capovilla,Loris Francesco Capovilla,lorisfrancescocapovilla,DFFC
Lornah Kiplagat,Lornah Kiplagat,lornahkiplagat,DFFC
Lorraine Bowen,Lorraine Bowen,lorrainebowen,DFFC
Lorraine Bracco,Lorraine Bracco,lorrainebracco,DFFC
Lorraine Toussaint,Lorraine Toussaint,lorrainetoussaint,DFFC
Lorrie Morgan,Lorrie Morgan,lorriemorgan,DFFC
Lorrie Sprecher,Lorrie Sprecher,lorriesprecher,DFFC
Lotta Lotass,Lotta Lotass,lottalotass,DFFC
Lotta Lundgren,Lotta Lundgren,lottalundgren,DFFC
Lou Amundson,Lou Amundson,louamundson,DFFC
Lou Butera,Lou Butera,loubutera,DFFC
Lou Dobbs,Lou Dobbs,loudobbs,DFFC
Lou Ferrigno,Lou Ferrigno,louferrigno,DFFC
Lou Ferry,Lou Ferry,louferry,DFFC
Lou Groza,Lou Groza,lougroza,DFFC
Lou Kretlow,Lou Kretlow,loukretlow,DFFC
Lou Marson,Lou Marson,loumarson,DFFC
Lou Reed,Lou Reed,loureed,DFFC
Lou Rymkus,Lou Rymkus,lourymkus,DFFC
Lou Williams,Lou Williams,louwilliams,DFFC
Lou Yue,Lou Yue,louyue,DFFC
Lou de Laâge,Lou de Laâge,loudelage,DFFC
Louis Briscoe,Louis Briscoe,louisbriscoe,DFFC
Louis C.K.,Louis CK,louisck,DFFC
Louis Delmas,Louis Delmas,louisdelmas,DFFC
Louis Euzet,Louis Euzet,louiseuzet,DFFC
Louis Fenton,Louis Fenton,louisfenton,DFFC
Louis Labeyrie,Louis Labeyrie,louislabeyrie,DFFC
Louis Moult,Louis Moult,louismoult,DFFC
Louis Nirenberg,Louis Nirenberg,louisnirenberg,DFFC
Louis Nix,Louis Nix,louisnix,DFFC
Louis Saha,Louis Saha,louissaha,DFFC
Louis Schweitzer,Louis Schweitzer,louisschweitzer,DFFC
Louis Vasquez,Louis Vasquez,louisvasquez,DFFC
Louise Bourgoin,Louise Bourgoin,louisebourgoin,DFFC
Louise Brealey,Louise Brealey,louisebrealey,DFFC
Louise Doughty,Louise Doughty,louisedoughty,DFFC
Louise Epstein,Louise Epstein,louiseepstein,DFFC
Louise Friberg,Louise Friberg,louisefriberg,DFFC
Louise Hoffsten,Louise Hoffsten,louisehoffsten,DFFC
Louise Minchin,Louise Minchin,louiseminchin,DFFC
Louise Penny,Louise Penny,louisepenny,DFFC
Louise Pentland,Louise Pentland,louisepentland,DFFC
Louise Redknapp,Louise Redknapp,louiseredknapp,DFFC
Louise Simonson,Louise Simonson,louisesimonson,DFFC
Louise Stahle,Louise Stahle,louisestahle,DFFC
Louise Walden,Louise Walden,louisewalden,DFFC
Loukas Vyntra,Loukas Vyntra,loukasvyntra,DFFC
Love Antell,Love Antell,loveantell,DFFC
Lovie Smith,Lovie Smith,loviesmith,DFFC
Lowell Perry,Lowell Perry,lowellperry,DFFC
Loyd Grossman,Loyd Grossman,loydgrossman,DFFC
Loïc Costerg,Loïc Costerg,loccosterg,DFFC
Loïc Nottet,Loïc Nottet,locnottet,DFFC
Luboš Kalouda,Luboš Kalouda,lubokalouda,DFFC
Luboš Motl,Luboš Motl,lubomotl,DFFC
Luc Besson,Luc Besson,lucbesson,DFFC
Luc De Vos,Luc De Vos,lucdevos,DFFC
Luca Antonini,Luca Antonini,lucaantonini,DFFC
Luca Badoer,Luca Badoer,lucabadoer,DFFC
Luca Banchi,Luca Banchi,lucabanchi,DFFC
Luca Brecel,Luca Brecel,lucabrecel,DFFC
Luca Caldirola,Luca Caldirola,lucacaldirola,DFFC
Luca Hänni,Luca Hänni,lucahnni,DFFC
Luca Lanotte,Luca Lanotte,lucalanotte,DFFC
Luca Princiotta,Luca Princiotta,lucaprinciotta,DFFC
Luca Tesconi,Luca Tesconi,lucatesconi,DFFC
Lucas Digne,Lucas Digne,lucasdigne,DFFC
Lucas Dos Santos Rocha Da Silva,Lucas Dos Santos Rocha Da Silva,lucasdossantosrochadasilva,DFFC
Lucas Liss,Lucas Liss,lucasliss,DFFC
Lucas Makowsky,Lucas Makowsky,lucasmakowsky,DFFC
Lucas Miedler,Lucas Miedler,lucasmiedler,DFFC
Lucas Neill,Lucas Neill,lucasneill,DFFC
Lucas Nogueira,Lucas Nogueira,lucasnogueira,DFFC
Lucas Piazon,Lucas Piazon,lucaspiazon,DFFC
Lucas Prado,Lucas Prado,lucasprado,DFFC
Lucas di Grassi,Lucas di Grassi,lucasdigrassi,DFFC
Luci Baines Johnson,Luci Baines Johnson,lucibainesjohnson,DFFC
Lucia Anger,Lucia Anger,luciaanger,DFFC
Lucia Kimani,Lucia Kimani,luciakimani,DFFC
Lucia Poli,Lucia Poli,luciapoli,DFFC
Lucia Rijker,Lucia Rijker,luciarijker,DFFC
Luciana Aymar,Luciana Aymar,lucianaaymar,DFFC
Lucie Myslivečková,Lucie Myslivečková,luciemyslivekov,DFFC
Lucie Vondráčková,Lucie Vondráčková,lucievondrkov,DFFC
Lucien Favre,Lucien Favre,lucienfavre,DFFC
Lucille Bremer,Lucille Bremer,lucillebremer,DFFC
Lucinda Rosenfeld,Lucinda Rosenfeld,lucindarosenfeld,DFFC
Lucius Shepard,Lucius Shepard,luciusshepard,DFFC
Luck Mervil,Luck Mervil,luckmervil,DFFC
Lucrezia Sinigaglia,Lucrezia Sinigaglia,lucreziasinigaglia,DFFC
Lucy Benjamin,Lucy Benjamin,lucybenjamin,DFFC
Lucy Collett,Lucy Collett,lucycollett,DFFC
Lucy Garner,Lucy Garner,lucygarner,DFFC
Lucy Hale,Lucy Hale,lucyhale,DFFC
Lucy Knisley,Lucy Knisley,lucyknisley,DFFC
Lucy Liu,Lucy Liu,lucyliu,DFFC
Lucy Martin,Lucy Martin,lucymartin,DFFC
Lucy Porter,Lucy Porter,lucyporter,DFFC
Lucy Shuker,Lucy Shuker,lucyshuker,DFFC
Lucy Worsley,Lucy Worsley,lucyworsley,DFFC
Lucía Pérez,Lucía Pérez,lucaprez,DFFC
Ludmila Ferber,Ludmila Ferber,ludmilaferber,DFFC
Ludmila Velikova,Ludmila Velikova,ludmilavelikova,DFFC
Ludovic Bource,Ludovic Bource,ludovicbource,DFFC
Lui Passaglia,Lui Passaglia,luipassaglia,DFFC
Luigi Giorgi,Luigi Giorgi,luigigiorgi,DFFC
Luis Aguiar,Luis Aguiar,luisaguiar,DFFC
Luis Aparicio,Luis Aparicio,luisaparicio,DFFC
Luis Bonilla,Luis Bonilla,luisbonilla,DFFC
Luis Bárcenas,Luis Bárcenas,luisbrcenas,DFFC
Luis Da Silva,Luis Da Silva,luisdasilva,DFFC
Luis Farell,Luis Farell,luisfarell,DFFC
Luis Guzmán,Luis Guzmán,luisguzmn,DFFC
Luis Ibáñez,Luis Ibáñez,luisibez,DFFC
Luis León Sánchez,Luis León Sánchez,luislensnchez,DFFC
Luis López Álvarez,Luis López Álvarez,luislpezlvarez,DFFC
Luis Manuel Molina,Luis Manuel Molina,luismanuelmolina,DFFC
Luis Nicolao,Luis Nicolao,luisnicolao,DFFC
Luis Nishizawa,Luis Nishizawa,luisnishizawa,DFFC
Luis Pedro Figueroa,Luis Pedro Figueroa,luispedrofigueroa,DFFC
Luis Prieto,Luis Prieto,luisprieto,DFFC
Luis Raúl,Luis Raúl,luisral,DFFC
Luis Rivera,Luis Rivera,luisrivera,DFFC
Luis Tiant,Luis Tiant,luistiant,DFFC
Luis Ángel Mendoza,Luis Ángel Mendoza,luisngelmendoza,DFFC
Luiz Camargo,Luiz Camargo,luizcamargo,DFFC
Luiz Felipe Scolari,Luiz Felipe Scolari,luizfelipescolari,DFFC
Luiz Razia,Luiz Razia,luizrazia,DFFC
Luiza Galiulina,Luiza Galiulina,luizagaliulina,DFFC
Luka Lalic,Luka Lalic,lukalalic,DFFC
Luka Mitrović,Luka Mitrović,lukamitrovi,DFFC
Luka Modrić,Luka Modrić,lukamodri,DFFC
Luka Đorđević,Luka Đorđević,lukaorevi,DFFC
Lukas Königshofer,Lukas Königshofer,lukasknigshofer,DFFC
Lukas Moodysson,Lukas Moodysson,lukasmoodysson,DFFC
Luke Ayling,Luke Ayling,lukeayling,DFFC
Luke Babbitt,Luke Babbitt,lukebabbitt,DFFC
Luke Cain,Luke Cain,lukecain,DFFC
Luke Chadwick,Luke Chadwick,lukechadwick,DFFC
Luke Daniels,Luke Daniels,lukedaniels,DFFC
Luke Durbridge,Luke Durbridge,lukedurbridge,DFFC
Luke Evans,Luke Evans,lukeevans,DFFC
Luke Foster,Luke Foster,lukefoster,DFFC
Luke Gazdic,Luke Gazdic,lukegazdic,DFFC
Luke Getsy,Luke Getsy,lukegetsy,DFFC
Luke Hyam,Luke Hyam,lukehyam,DFFC
Luke Joeckel,Luke Joeckel,lukejoeckel,DFFC
Luke Johnson,Luke Johnson,lukejohnson,DFFC
Luke Kirby,Luke Kirby,lukekirby,DFFC
Luke Kuechly,Luke Kuechly,lukekuechly,DFFC
Luke Macfarlane,Luke Macfarlane,lukemacfarlane,DFFC
Luke Moore,Luke Moore,lukemoore,DFFC
Luke Newberry,Luke Newberry,lukenewberry,DFFC
Luke O'Brien,Luke O'Brien,lukeobrien,DFFC
Luke Perry,Luke Perry,lukeperry,DFFC
Luke Richardson,Luke Richardson,lukerichardson,DFFC
Luke Roberts,Luke Roberts,lukeroberts,DFFC
Luke Rodgers,Luke Rodgers,lukerodgers,DFFC
Luke Rooney,Luke Rooney,lukerooney,DFFC
Luke Saville,Luke Saville,lukesaville,DFFC
Luke Summerfield,Luke Summerfield,lukesummerfield,DFFC
Luke Williams,Luke Williams,lukewilliams,DFFC
Luke Wilson,Luke Wilson,lukewilson,DFFC
Luke Witkowski,Luke Witkowski,lukewitkowski,DFFC
Lukáš Csölley,Lukáš Csölley,lukcslley,DFFC
Lukáš Melich,Lukáš Melich,lukmelich,DFFC
Lukáš Vácha,Lukáš Vácha,lukvcha,DFFC
Lulu,Lulu,lulu,DFFC
Lulu Popplewell,Lulu Popplewell,lulupopplewell,DFFC
Luma de Oliveira,Luma de Oliveira,lumadeoliveira,DFFC
Lupe Fiasco,Lupe Fiasco,lupefiasco,DFFC
Lupillo Rivera,Lupillo Rivera,lupillorivera,DFFC
Lurrie Bell,Lurrie Bell,lurriebell,DFFC
Luther Dickinson,Luther Dickinson,lutherdickinson,DFFC
Lutz Aengevelt,Lutz Aengevelt,lutzaengevelt,DFFC
Lux Interior,Lux Interior,luxinterior,DFFC
Luís Eduardo Schmidt,Luís Eduardo Schmidt,luseduardoschmidt,DFFC
Luís Pérez Companc,Luís Pérez Companc,lusprezcompanc,DFFC
Luíza Tomé,Luíza Tomé,luzatom,DFFC
Lyesse Laloui,Lyesse Laloui,lyesselaloui,DFFC
Lyle Overbay,Lyle Overbay,lyleoverbay,DFFC
Lyn Moran,Lyn Moran,lynmoran,DFFC
Lynda Bird Johnson Robb,Lynda Bird Johnson Robb,lyndabirdjohnsonrobb,DFFC
Lynda Boyd,Lynda Boyd,lyndaboyd,DFFC
Lynda Holt,Lynda Holt,lyndaholt,DFFC
Lynda Weinman,Lynda Weinman,lyndaweinman,DFFC
Lynn Conway,Lynn Conway,lynnconway,DFFC
Lynn Davies,Lynn Davies,lynndavies,DFFC
Lynn Johnston,Lynn Johnston,lynnjohnston,DFFC
Lynn Redgrave,Lynn Redgrave,lynnredgrave,DFFC
Lynn Yeakel,Lynn Yeakel,lynnyeakel,DFFC
Lynne Brindley,Lynne Brindley,lynnebrindley,DFFC
Lynsey Sharp,Lynsey Sharp,lynseysharp,DFFC
Lyubomir Kantonistov,Lyubomir Kantonistov,lyubomirkantonistov,DFFC
Lyudmila Bragina,Lyudmila Bragina,lyudmilabragina,DFFC
Lyudmila Kolchanova,Lyudmila Kolchanova,lyudmilakolchanova,DFFC
Lyudmila Pakhomova,Lyudmila Pakhomova,lyudmilapakhomova,DFFC
Lyudmila Postnova,Lyudmila Postnova,lyudmilapostnova,DFFC
Lyudmila Zykina,Lyudmila Zykina,lyudmilazykina,DFFC
Lyudmyla Yosypenko,Lyudmyla Yosypenko,lyudmylayosypenko,DFFC
László Bodrogi,László Bodrogi,lszlbodrogi,DFFC
László Krasznahorkai,László Krasznahorkai,lszlkrasznahorkai,DFFC
László Lovász,László Lovász,lszllovsz,DFFC
Läjä Äijälä,Läjä Äijälä,ljijl,DFFC
Léna Marrocco,Léna Marrocco,lnamarrocco,DFFC
Léo Baptistão,Léo Baptistão,lobaptisto,DFFC
Léo Jaime,Léo Jaime,lojaime,DFFC
Léonard Forest,Léonard Forest,lonardforest,DFFC
Lévy Madinda,Lévy Madinda,lvymadinda,DFFC
Lê Quang Liêm,Lê Quang Liêm,lquanglim,DFFC
Lília Cabral,Lília Cabral,lliacabral,DFFC
Lúcia Moniz,Lúcia Moniz,lciamoniz,DFFC
Lúcio,Lúcio,lcio,DFFC
Lütfiye Ercimen,Lütfiye Ercimen,ltfiyeercimen,DFFC
M. A. Numminen,MA Numminen,manumminen,DFFC
M. Blaine Peterson,M Blaine Peterson,mblainepeterson,DFFC
M. D. Parashar,MD Parashar,mdparashar,DFFC
M. Emmet Walsh,M Emmet Walsh,memmetwalsh,DFFC
M. H. Douglas,MH Douglas,mhdouglas,DFFC
M. J. Hur,MJ Hur,mjhur,DFFC
M. Russell Ballard,M Russell Ballard,mrussellballard,DFFC
M.I.A.,MIA,mia,DFFC
MC Frontalot,MC Frontalot,mcfrontalot,DFFC
MC HotDog,MC HotDog,mchotdog,DFFC
MC chris,MC chris,mcchris,DFFC
MC-VA,MC-VA,mcva,DFFC
Ma Jianfei,Ma Jianfei,majianfei,DFFC
Ma Lin,Ma Lin,malin,DFFC
Ma'ake Kemoeatu,Ma'ake Kemoeatu,maakekemoeatu,DFFC
Maarten Wynants,Maarten Wynants,maartenwynants,DFFC
Mabel Gay,Mabel Gay,mabelgay,DFFC
Mac Barlow,Mac Barlow,macbarlow,DFFC
Mac King,Mac King,macking,DFFC
Mac McAnally,Mac McAnally,macmcanally,DFFC
Macaulay Culkin,Macaulay Culkin,macaulayculkin,DFFC
Macha Méril,Macha Méril,machamril,DFFC
Machine Gun Kelly,Machine Gun Kelly,machinegunkelly,DFFC
Maciej Bodnar,Maciej Bodnar,maciejbodnar,DFFC
Maciej Cieplucha,Maciej Cieplucha,maciejcieplucha,DFFC
Maciej Maleńczuk,Maciej Maleńczuk,maciejmaleczuk,DFFC
Maciej Paterski,Maciej Paterski,maciejpaterski,DFFC
Maciej Skorża,Maciej Skorża,maciejskora,DFFC
Maciej Stachowiak,Maciej Stachowiak,maciejstachowiak,DFFC
Maciej Szczęsny,Maciej Szczęsny,maciejszczsny,DFFC
Maciek Pysz,Maciek Pysz,maciekpysz,DFFC
Mackenzie Lintz,Mackenzie Lintz,mackenzielintz,DFFC
Madara Palameika,Madara Palameika,madarapalameika,DFFC
Maddison Elliott,Maddison Elliott,maddisonelliott,DFFC
Maddy Prior,Maddy Prior,maddyprior,DFFC
Madeline Kahn,Madeline Kahn,madelinekahn,DFFC
Madhavan Ayyappath,Madhavan Ayyappath,madhavanayyappath,DFFC
Madhuri Dixit,Madhuri Dixit,madhuridixit,DFFC
Madison Chock,Madison Chock,madisonchock,DFFC
Madison Rayne,Madison Rayne,madisonrayne,DFFC
Madison de Rozario,Madison de Rozario,madisonderozario,DFFC
Madita,Madita,madita,DFFC
Madlib,Madlib,madlib,DFFC
Mads Dittmer Hvilsom,Mads Dittmer Hvilsom,madsdittmerhvilsom,DFFC
Mads Mikkelsen,Mads Mikkelsen,madsmikkelsen,DFFC
Mady Rahl,Mady Rahl,madyrahl,DFFC
Mae Jemison,Mae Jemison,maejemison,DFFC
Mae Whitman,Mae Whitman,maewhitman,DFFC
Mae Young,Mae Young,maeyoung,DFFC
Maeve Binchy,Maeve Binchy,maevebinchy,DFFC
Magalie Vaé,Magalie Vaé,magalieva,DFFC
Magda Linette,Magda Linette,magdalinette,DFFC
Magda Szubanski,Magda Szubanski,magdaszubanski,DFFC
Magdalena Boczarska,Magdalena Boczarska,magdalenaboczarska,DFFC
Magdalena Forsberg,Magdalena Forsberg,magdalenaforsberg,DFFC
Magdalena Ribbing,Magdalena Ribbing,magdalenaribbing,DFFC
Magdalena Zawadzka,Magdalena Zawadzka,magdalenazawadzka,DFFC
Maggie Cheung,Maggie Cheung,maggiecheung,DFFC
Maggie Gyllenhaal,Maggie Gyllenhaal,maggiegyllenhaal,DFFC
Maggie Lawson,Maggie Lawson,maggielawson,DFFC
Maggie Tabberer,Maggie Tabberer,maggietabberer,DFFC
Magglio Ordóñez,Magglio Ordóñez,magglioordez,DFFC
Magnus Bahne,Magnus Bahne,magnusbahne,DFFC
Magnus Hellberg,Magnus Hellberg,magnushellberg,DFFC
Magnus Nilsson,Magnus Nilsson,magnusnilsson,DFFC
Magnus Pääjärvi,Magnus Pääjärvi,magnuspjrvi,DFFC
Magomed Mirzabekov,Magomed Mirzabekov,magomedmirzabekov,DFFC
Magomed Ozdoyev,Magomed Ozdoyev,magomedozdoyev,DFFC
Mahalia Barnes,Mahalia Barnes,mahaliabarnes,DFFC
Mahdi Ali,Mahdi Ali,mahdiali,DFFC
Mahiedine Mekhissi-Benabbad,Mahiedine Mekhissi-Benabbad,mahiedinemekhissibenabbad,DFFC
Mahir Sağlık,Mahir Sağlık,mahirsalk,DFFC
Mahmoud Dashti,Mahmoud Dashti,mahmouddashti,DFFC
Mahmoud Karimi Sibaki,Mahmoud Karimi Sibaki,mahmoudkarimisibaki,DFFC
Mahmut Özen,Mahmut Özen,mahmutzen,DFFC
Mai Aizawa,Mai Aizawa,maiaizawa,DFFC
Mai Charoenpura,Mai Charoenpura,maicharoenpura,DFFC
Mai Hagiwara,Mai Hagiwara,maihagiwara,DFFC
Maia Mitchell,Maia Mitchell,maiamitchell,DFFC
Maia Morgenstern,Maia Morgenstern,maiamorgenstern,DFFC
Maico Buncio,Maico Buncio,maicobuncio,DFFC
Maicon Marques,Maicon Marques,maiconmarques,DFFC
Maicon Pereira de Oliveira,Maicon Pereira de Oliveira,maiconpereiradeoliveira,DFFC
Maicon Santos,Maicon Santos,maiconsantos,DFFC
Maija Vilkkumaa,Maija Vilkkumaa,maijavilkkumaa,DFFC
Maimuna,Maimuna,maimuna,DFFC
Mairead Maguire,Mairead Maguire,maireadmaguire,DFFC
Maizie Williams,Maizie Williams,maiziewilliams,DFFC
Maj Sjöwall,Maj Sjöwall,majsjwall,DFFC
Maja Salvador,Maja Salvador,majasalvador,DFFC
Majid Jalali,Majid Jalali,majidjalali,DFFC
Makhaya Ntini,Makhaya Ntini,makhayantini,DFFC
Makode Linde,Makode Linde,makodelinde,DFFC
Makoto Fukui,Makoto Fukui,makotofukui,DFFC
Makoto Kosaka,Makoto Kosaka,makotokosaka,DFFC
Makoto Okunaka,Makoto Okunaka,makotookunaka,DFFC
Makoto Shinkai,Makoto Shinkai,makotoshinkai,DFFC
Maksim Demenko,Maksim Demenko,maksimdemenko,DFFC
Maksim Kanunnikov,Maksim Kanunnikov,maksimkanunnikov,DFFC
Maksim Layushkin,Maksim Layushkin,maksimlayushkin,DFFC
Maksim Romaschenko,Maksim Romaschenko,maksimromaschenko,DFFC
Maksim Shatskikh,Maksim Shatskikh,maksimshatskikh,DFFC
Maksim Sidorov,Maksim Sidorov,maksimsidorov,DFFC
Maksym Kalynychenko,Maksym Kalynychenko,maksymkalynychenko,DFFC
Maksym Koval,Maksym Koval,maksymkoval,DFFC
Mala Rodríguez,Mala Rodríguez,malarodrguez,DFFC
Malachy McCourt,Malachy McCourt,malachymccourt,DFFC
Malala Yousafzai,Malala Yousafzai,malalayousafzai,DFFC
Malaury Martin,Malaury Martin,malaurymartin,DFFC
Malcolm Forsyth,Malcolm Forsyth,malcolmforsyth,DFFC
Malcolm Goodwin,Malcolm Goodwin,malcolmgoodwin,DFFC
Malcolm Jenkins,Malcolm Jenkins,malcolmjenkins,DFFC
Malcolm Ross,Malcolm Ross,malcolmross,DFFC
Malcolm Subban,Malcolm Subban,malcolmsubban,DFFC
Malcolm Thomas,Malcolm Thomas,malcolmthomas,DFFC
Malcolm-Jamal Warner,Malcolm-Jamal Warner,malcolmjamalwarner,DFFC
Malcom Floyd,Malcom Floyd,malcomfloyd,DFFC
Malese Jow,Malese Jow,malesejow,DFFC
MaliVai Washington,MaliVai Washington,malivaiwashington,DFFC
Malik Bendjelloul,Malik Bendjelloul,malikbendjelloul,DFFC
Malik Fathi,Malik Fathi,malikfathi,DFFC
Malik Jackson,Malik Jackson,malikjackson,DFFC
Malika Oufkir,Malika Oufkir,malikaoufkir,DFFC
Malin Gerdin,Malin Gerdin,malingerdin,DFFC
Malin Reuterwall,Malin Reuterwall,malinreuterwall,DFFC
Malin Åkerman,Malin Åkerman,malinkerman,DFFC
Malina Joshi,Malina Joshi,malinajoshi,DFFC
Malinda Damgaard,Malinda Damgaard,malindadamgaard,DFFC
Malinda Williams,Malinda Williams,malindawilliams,DFFC
Malky Mackay,Malky Mackay,malkymackay,DFFC
Mallex Smith,Mallex Smith,mallexsmith,DFFC
Mallory Hagan,Mallory Hagan,malloryhagan,DFFC
Malou von Sivers,Malou von Sivers,malouvonsivers,DFFC
Malvind Benning,Malvind Benning,malvindbenning,DFFC
Mamadou Konate,Mamadou Konate,mamadoukonate,DFFC
Mamadou Zaré,Mamadou Zaré,mamadouzar,DFFC
Mami Kudo,Mami Kudo,mamikudo,DFFC
Mamie Rearden,Mamie Rearden,mamierearden,DFFC
Mamrie Hart,Mamrie Hart,mamriehart,DFFC
Mamta Mohandas,Mamta Mohandas,mamtamohandas,DFFC
Mana the Polynesian Warrior,Mana the Polynesian Warrior,manathepolynesianwarrior,DFFC
Manabu Murakami,Manabu Murakami,manabumurakami,DFFC
Manabu Nakanishi,Manabu Nakanishi,manabunakanishi,DFFC
Manabu Soya,Manabu Soya,manabusoya,DFFC
Manan Trivedi,Manan Trivedi,manantrivedi,DFFC
Manasi Moghe,Manasi Moghe,manasimoghe,DFFC
Manav Kaul,Manav Kaul,manavkaul,DFFC
Mandar Rao Desai,Mandar Rao Desai,mandarraodesai,DFFC
Mandingo,Mandingo,mandingo,DFFC
Mandy Moore,Mandy Moore,mandymoore,DFFC
Mandy Wei,Mandy Wei,mandywei,DFFC
Maneet Chauhan,Maneet Chauhan,maneetchauhan,DFFC
Mani Ratnam,Mani Ratnam,maniratnam,DFFC
Manish Paul,Manish Paul,manishpaul,DFFC
Manny Aparicio,Manny Aparicio,mannyaparicio,DFFC
Manny Fernandez,Manny Fernandez,mannyfernandez,DFFC
Manny Gonzalez,Manny Gonzalez,mannygonzalez,DFFC
Manny Harris,Manny Harris,mannyharris,DFFC
Manny Lawson,Manny Lawson,mannylawson,DFFC
Manny Legace,Manny Legace,mannylegace,DFFC
Manny Malhotra,Manny Malhotra,mannymalhotra,DFFC
Manny Ramirez,Manny Ramirez,mannyramirez,DFFC
Manny Sanguillén,Manny Sanguillén,mannysanguilln,DFFC
Manoj Pandit,Manoj Pandit,manojpandit,DFFC
Mansoor al-Jamri,Mansoor al-Jamri,mansooraljamri,DFFC
Manu Chao,Manu Chao,manuchao,DFFC
Manu Ginóbili,Manu Ginóbili,manuginbili,DFFC
Manu Herrera,Manu Herrera,manuherrera,DFFC
Manuel Fernandes,Manuel Fernandes,manuelfernandes,DFFC
Manuel Pasqual,Manuel Pasqual,manuelpasqual,DFFC
Manuel Raga,Manuel Raga,manuelraga,DFFC
Manuela Bosco,Manuela Bosco,manuelabosco,DFFC
Manuela Mölgg,Manuela Mölgg,manuelamlgg,DFFC
Manuela Stanukova,Manuela Stanukova,manuelastanukova,DFFC
Manute Bol,Manute Bol,manutebol,DFFC
Mapei,Mapei,mapei,DFFC
MarQueis Gray,MarQueis Gray,marqueisgray,DFFC
Mara Abbott,Mara Abbott,maraabbott,DFFC
Marama Vahirua,Marama Vahirua,maramavahirua,DFFC
Marayke Jonkers,Marayke Jonkers,maraykejonkers,DFFC
Marc Almond,Marc Almond,marcalmond,DFFC
Marc Andreyko,Marc Andreyko,marcandreyko,DFFC
Marc Bernaus,Marc Bernaus,marcbernaus,DFFC
Marc Blucas,Marc Blucas,marcblucas,DFFC
Marc Bolan,Marc Bolan,marcbolan,DFFC
Marc Brown,Marc Brown,marcbrown,DFFC
Marc Burns,Marc Burns,marcburns,DFFC
Marc Caro,Marc Caro,marccaro,DFFC
Marc Carroll,Marc Carroll,marccarroll,DFFC
Marc Cherry,Marc Cherry,marccherry,DFFC
Marc Crawford,Marc Crawford,marccrawford,DFFC
Marc Ecko,Marc Ecko,marcecko,DFFC
Marc Goos,Marc Goos,marcgoos,DFFC
Marc Horowitz,Marc Horowitz,marchorowitz,DFFC
Marc Iavaroni,Marc Iavaroni,marciavaroni,DFFC
Marc Kudisch,Marc Kudisch,marckudisch,DFFC
Marc Leishman,Marc Leishman,marcleishman,DFFC
Marc Martel,Marc Martel,marcmartel,DFFC
Marc Methot,Marc Methot,marcmethot,DFFC
Marc Muniesa,Marc Muniesa,marcmuniesa,DFFC
Marc Newson,Marc Newson,marcnewson,DFFC
Marc Okrand,Marc Okrand,marcokrand,DFFC
Marc Richards,Marc Richards,marcrichards,DFFC
Marc Riley,Marc Riley,marcriley,DFFC
Marc Shaiman,Marc Shaiman,marcshaiman,DFFC
Marc Silvestri,Marc Silvestri,marcsilvestri,DFFC
Marc Sinden,Marc Sinden,marcsinden,DFFC
Marc Sleen,Marc Sleen,marcsleen,DFFC
Marc Tierney,Marc Tierney,marctierney,DFFC
Marc Tyler,Marc Tyler,marctyler,DFFC
Marc Wilson,Marc Wilson,marcwilson,DFFC
Marc-André Cliche,Marc-André Cliche,marcandrcliche,DFFC
Marc-André Kruska,Marc-André Kruska,marcandrkruska,DFFC
Marc-Antoine Fortuné,Marc-Antoine Fortuné,marcantoinefortun,DFFC
Marcedes Lewis,Marcedes Lewis,marcedeslewis,DFFC
Marcel Appiah,Marcel Appiah,marcelappiah,DFFC
Marcel Kittel,Marcel Kittel,marcelkittel,DFFC
Marcel Mathis,Marcel Mathis,marcelmathis,DFFC
Marcel Metoua,Marcel Metoua,marcelmetoua,DFFC
Marcel Reece,Marcel Reece,marcelreece,DFFC
Marcel Sieberg,Marcel Sieberg,marcelsieberg,DFFC
Marcel Siem,Marcel Siem,marcelsiem,DFFC
Marcela Gándara,Marcela Gándara,marcelagndara,DFFC
Marcell Dareus,Marcell Dareus,marcelldareus,DFFC
Marcella Bella,Marcella Bella,marcellabella,DFFC
Marcella Tonioli,Marcella Tonioli,marcellatonioli,DFFC
Marcello Ferrada de Noli,Marcello Ferrada de Noli,marcelloferradadenoli,DFFC
Marcello Fiasconaro,Marcello Fiasconaro,marcellofiasconaro,DFFC
Marcelo Bielsa,Marcelo Bielsa,marcelobielsa,DFFC
Marcelo Bordon,Marcelo Bordon,marcelobordon,DFFC
Marcelo Díaz,Marcelo Díaz,marcelodaz,DFFC
Marcelo Ferreira,Marcelo Ferreira,marceloferreira,DFFC
Marcelo Huertas,Marcelo Huertas,marcelohuertas,DFFC
Marcelo Lomba,Marcelo Lomba,marcelolomba,DFFC
Marcelo Tas,Marcelo Tas,marcelotas,DFFC
Marcia Ball,Marcia Ball,marciaball,DFFC
Marcia Wallace,Marcia Wallace,marciawallace,DFFC
Marcial Gómez Parejo,Marcial Gómez Parejo,marcialgmezparejo,DFFC
Marcie Bolen,Marcie Bolen,marciebolen,DFFC
Marcin Gortat,Marcin Gortat,marcingortat,DFFC
Marcin Lewandowski,Marcin Lewandowski,marcinlewandowski,DFFC
Marcin Rozynek,Marcin Rozynek,marcinrozynek,DFFC
Marco Andretti,Marco Andretti,marcoandretti,DFFC
Marco Antonio Barrera,Marco Antonio Barrera,marcoantoniobarrera,DFFC
Marco Antonio Solís,Marco Antonio Solís,marcoantoniosols,DFFC
Marco Aponte,Marco Aponte,marcoaponte,DFFC
Marco Beltrami,Marco Beltrami,marcobeltrami,DFFC
Marco Benassi,Marco Benassi,marcobenassi,DFFC
Marco Bernacci,Marco Bernacci,marcobernacci,DFFC
Marco Bizot,Marco Bizot,marcobizot,DFFC
Marco Carta,Marco Carta,marcocarta,DFFC
Marco Cecchinato,Marco Cecchinato,marcocecchinato,DFFC
Marco Delgado,Marco Delgado,marcodelgado,DFFC
Marco Djuricin,Marco Djuricin,marcodjuricin,DFFC
Marco Ferrante,Marco Ferrante,marcoferrante,DFFC
Marco Malvaldi,Marco Malvaldi,marcomalvaldi,DFFC
Marco Marcato,Marco Marcato,marcomarcato,DFFC
Marco Marra,Marco Marra,marcomarra,DFFC
Marco Mengoni,Marco Mengoni,marcomengoni,DFFC
Marco Orsi,Marco Orsi,marcoorsi,DFFC
Marco Pantani,Marco Pantani,marcopantani,DFFC
Marco Ramos,Marco Ramos,marcoramos,DFFC
Marco Reus,Marco Reus,marcoreus,DFFC
Marco Schällibaum,Marco Schällibaum,marcoschllibaum,DFFC
Marco Streller,Marco Streller,marcostreller,DFFC
Marco Tardelli,Marco Tardelli,marcotardelli,DFFC
Marco Torsiglieri,Marco Torsiglieri,marcotorsiglieri,DFFC
Marco Traniello,Marco Traniello,marcotraniello,DFFC
Marco Trungelliti,Marco Trungelliti,marcotrungelliti,DFFC
Marco Ureña,Marco Ureña,marcourea,DFFC
Marco Verratti,Marco Verratti,marcoverratti,DFFC
Marcos Antônio Malachias Júnior,Marcos Antônio Malachias Júnior,marcosantniomalachiasjnior,DFFC
Marcos Galperin,Marcos Galperin,marcosgalperin,DFFC
Marcos Pizzelli,Marcos Pizzelli,marcospizzelli,DFFC
Marcus Agius,Marcus Agius,marcusagius,DFFC
Marcus Allbäck,Marcus Allbäck,marcusallbck,DFFC
Marcus Birro,Marcus Birro,marcusbirro,DFFC
Marcus Björk,Marcus Björk,marcusbjrk,DFFC
Marcus Brown,Marcus Brown,marcusbrown,DFFC
Marcus Browning,Marcus Browning,marcusbrowning,DFFC
Marcus Burghardt,Marcus Burghardt,marcusburghardt,DFFC
Marcus Collins,Marcus Collins,marcuscollins,DFFC
Marcus Dunstan,Marcus Dunstan,marcusdunstan,DFFC
Marcus Ericsson,Marcus Ericsson,marcusericsson,DFFC
Marcus Fizer,Marcus Fizer,marcusfizer,DFFC
Marcus Ginyard,Marcus Ginyard,marcusginyard,DFFC
Marcus Grönholm,Marcus Grönholm,marcusgrnholm,DFFC
Marcus Kelly,Marcus Kelly,marcuskelly,DFFC
Marcus LeVesseur,Marcus LeVesseur,marcuslevesseur,DFFC
Marcus Lee,Marcus Lee,marcuslee,DFFC
Marcus Mumford,Marcus Mumford,marcusmumford,DFFC
Marcus Paschal,Marcus Paschal,marcuspaschal,DFFC
Marcus Sahlman,Marcus Sahlman,marcussahlman,DFFC
Marcus Samuelsson,Marcus Samuelsson,marcussamuelsson,DFFC
Marcus Thames,Marcus Thames,marcusthames,DFFC
Marcus Thornton,Marcus Thornton,marcusthornton,DFFC
Marcus Vick,Marcus Vick,marcusvick,DFFC
Marcus Williams,Marcus Williams,marcuswilliams,DFFC
Marcus du Sautoy,Marcus du Sautoy,marcusdusautoy,DFFC
Mardy Collins,Mardy Collins,mardycollins,DFFC
Mardy Fish,Mardy Fish,mardyfish,DFFC
Mare Winningham,Mare Winningham,marewinningham,DFFC
Marek Hamšík,Marek Hamšík,marekhamk,DFFC
Marek Heinz,Marek Heinz,marekheinz,DFFC
Marek Melenovský,Marek Melenovský,marekmelenovsk,DFFC
Marek Rutkiewicz,Marek Rutkiewicz,marekrutkiewicz,DFFC
Marek Saganowski,Marek Saganowski,mareksaganowski,DFFC
Marek Židlický,Marek Židlický,marekidlick,DFFC
Margalita Chakhnashvili,Margalita Chakhnashvili,margalitachakhnashvili,DFFC
Margaret Catley-Carlson,Margaret Catley-Carlson,margaretcatleycarlson,DFFC
Margaret Geller,Margaret Geller,margaretgeller,DFFC
Margaret Hamilton,Margaret Hamilton,margarethamilton,DFFC
Margaret Olley,Margaret Olley,margaretolley,DFFC
Margaret Truman,Margaret Truman,margarettruman,DFFC
Margaret Whitlam,Margaret Whitlam,margaretwhitlam,DFFC
Margareth Madè,Margareth Madè,margarethmad,DFFC
Margarethe von Trotta,Margarethe von Trotta,margarethevontrotta,DFFC
Margarita Gasparyan,Margarita Gasparyan,margaritagasparyan,DFFC
Margherita Bagni,Margherita Bagni,margheritabagni,DFFC
"Margherita, Archduchess of Austria-Este","Margherita, Archduchess of Austria-Este",margheritaarchduchessofaustriaeste,DFFC
Margi Vijayakumar,Margi Vijayakumar,margivijayakumar,DFFC
Margot Adler,Margot Adler,margotadler,DFFC
Margot Boer,Margot Boer,margotboer,DFFC
Margot Robbie,Margot Robbie,margotrobbie,DFFC
Margrét Lára Viðarsdóttir,Margrét Lára Viðarsdóttir,margrtlraviarsdttir,DFFC
Marguerite Moreau,Marguerite Moreau,margueritemoreau,DFFC
Margus Hunt,Margus Hunt,margushunt,DFFC
Mari Hemmer,Mari Hemmer,marihemmer,DFFC
Mari Laukkanen,Mari Laukkanen,marilaukkanen,DFFC
Mari Motohashi,Mari Motohashi,marimotohashi,DFFC
Mari Törőcsik,Mari Törőcsik,maritrcsik,DFFC
Mari Vartmann,Mari Vartmann,marivartmann,DFFC
Maria Alexandrova,Maria Alexandrova,mariaalexandrova,DFFC
Maria Altmann,Maria Altmann,mariaaltmann,DFFC
Maria Aragon,Maria Aragon,mariaaragon,DFFC
Maria Belibasaki,Maria Belibasaki,mariabelibasaki,DFFC
Maria Ehrich,Maria Ehrich,mariaehrich,DFFC
Maria Enrica Spacca,Maria Enrica Spacca,mariaenricaspacca,DFFC
Maria Eriksson,Maria Eriksson,mariaeriksson,DFFC
Maria Franziska von Trapp,Maria Franziska von Trapp,mariafranziskavontrapp,DFFC
Maria Goretti,Maria Goretti,mariagoretti,DFFC
Maria Grazia Buccella,Maria Grazia Buccella,mariagraziabuccella,DFFC
Maria Hinojosa,Maria Hinojosa,mariahinojosa,DFFC
Maria Ho,Maria Ho,mariaho,DFFC
Maria Itkina,Maria Itkina,mariaitkina,DFFC
Maria João Koehler,Maria João Koehler,mariajookoehler,DFFC
Maria Kanellis,Maria Kanellis,mariakanellis,DFFC
Maria Kharenkova,Maria Kharenkova,mariakharenkova,DFFC
Maria Kühn,Maria Kühn,mariakhn,DFFC
Maria McCool,Maria McCool,mariamccool,DFFC
Maria Montazami,Maria Montazami,mariamontazami,DFFC
Maria Nosulia,Maria Nosulia,marianosulia,DFFC
Maria Pietilä Holmner,Maria Pietilä Holmner,mariapietilholmner,DFFC
Maria Radner,Maria Radner,mariaradner,DFFC
Maria Sansone,Maria Sansone,mariasansone,DFFC
Maria Semple,Maria Semple,mariasemple,DFFC
Maria Sharapova,Maria Sharapova,mariasharapova,DFFC
Maria Solheim,Maria Solheim,mariasolheim,DFFC
Maria Thayer,Maria Thayer,mariathayer,DFFC
Maria Vicol,Maria Vicol,mariavicol,DFFC
Maria Walliser,Maria Walliser,mariawalliser,DFFC
Maria Zilda Bethlem,Maria Zilda Bethlem,mariazildabethlem,DFFC
Maria Zuber,Maria Zuber,mariazuber,DFFC
Mariana Brochado,Mariana Brochado,marianabrochado,DFFC
Marianne Aminoff,Marianne Aminoff,marianneaminoff,DFFC
Marianne Faithfull,Marianne Faithfull,mariannefaithfull,DFFC
Marianne Skarpnord,Marianne Skarpnord,marianneskarpnord,DFFC
Marianne Vos,Marianne Vos,mariannevos,DFFC
Marie Amachoukeli,Marie Amachoukeli,marieamachoukeli,DFFC
Marie Gillain,Marie Gillain,mariegillain,DFFC
Marie Lindberg,Marie Lindberg,marielindberg,DFFC
Marie Lu,Marie Lu,marielu,DFFC
Marie Marchand-Arvier,Marie Marchand-Arvier,mariemarchandarvier,DFFC
Marie McCray,Marie McCray,mariemccray,DFFC
Marie Osmond,Marie Osmond,marieosmond,DFFC
Marie-France Pisier,Marie-France Pisier,mariefrancepisier,DFFC
Marie-Laure Delie,Marie-Laure Delie,marielauredelie,DFFC
Marie-Louise Meilleur,Marie-Louise Meilleur,marielouisemeilleur,DFFC
Marie-Ève Pelletier,Marie-Ève Pelletier,marievepelletier,DFFC
Marijane Meaker,Marijane Meaker,marijanemeaker,DFFC
Mariko Okada,Mariko Okada,marikookada,DFFC
Marily dos Santos,Marily dos Santos,marilydossantos,DFFC
Marilyn,Marilyn,marilyn,DFFC
Marilyn Chambers,Marilyn Chambers,marilynchambers,DFFC
Marilyn Crispell,Marilyn Crispell,marilyncrispell,DFFC
Marilyn Jaye Lewis,Marilyn Jaye Lewis,marilynjayelewis,DFFC
Marilyn Kaytor,Marilyn Kaytor,marilynkaytor,DFFC
Marilyn Manson,Marilyn Manson,marilynmanson,DFFC
Marilyn Okoro,Marilyn Okoro,marilynokoro,DFFC
Marin Hinkle,Marin Hinkle,marinhinkle,DFFC
Marin Karmitz,Marin Karmitz,marinkarmitz,DFFC
Marin Čilić,Marin Čilić,marinili,DFFC
Marina Abramović,Marina Abramović,marinaabramovi,DFFC
Marina Aitova,Marina Aitova,marinaaitova,DFFC
Marina Antipova,Marina Antipova,marinaantipova,DFFC
Marina Foïs,Marina Foïs,marinafos,DFFC
Marina Maljković,Marina Maljković,marinamaljkovi,DFFC
Marina Munćan,Marina Munćan,marinamunan,DFFC
Marina Prior,Marina Prior,marinaprior,DFFC
Marina Pérez,Marina Pérez,marinaprez,DFFC
Marina Seeh,Marina Seeh,marinaseeh,DFFC
Marina Shamayko,Marina Shamayko,marinashamayko,DFFC
Marinella Falca,Marinella Falca,marinellafalca,DFFC
Mario Aldo Montano,Mario Aldo Montano,marioaldomontano,DFFC
Mario Andretti,Mario Andretti,marioandretti,DFFC
Mario Batali,Mario Batali,mariobatali,DFFC
Mario Bermejo,Mario Bermejo,mariobermejo,DFFC
Mario Cantone,Mario Cantone,mariocantone,DFFC
Mario Chalmers,Mario Chalmers,mariochalmers,DFFC
Mario Cristobal,Mario Cristobal,mariocristobal,DFFC
Mario Elie,Mario Elie,marioelie,DFFC
Mario García,Mario García,mariogarca,DFFC
Mario Gjurovski,Mario Gjurovski,mariogjurovski,DFFC
Mario Harvey,Mario Harvey,marioharvey,DFFC
Mario Hezonja,Mario Hezonja,mariohezonja,DFFC
Mario Kempes,Mario Kempes,mariokempes,DFFC
Mario Maloča,Mario Maloča,mariomaloa,DFFC
Mario Manningham,Mario Manningham,mariomanningham,DFFC
Mario Matt,Mario Matt,mariomatt,DFFC
Mario Pestano,Mario Pestano,mariopestano,DFFC
Mario Sarto,Mario Sarto,mariosarto,DFFC
Marion Cotillard,Marion Cotillard,marioncotillard,DFFC
Marion Jones,Marion Jones,marionjones,DFFC
Marion Rousse,Marion Rousse,marionrousse,DFFC
Marisa Barros,Marisa Barros,marisabarros,DFFC
Marisa Berenson,Marisa Berenson,marisaberenson,DFFC
Marisa Del Frate,Marisa Del Frate,marisadelfrate,DFFC
Marisa Merlini,Marisa Merlini,marisamerlini,DFFC
Marisa Miller,Marisa Miller,marisamiller,DFFC
Marisa Tomei,Marisa Tomei,marisatomei,DFFC
Mariska Veres,Mariska Veres,mariskaveres,DFFC
Marisol Romero,Marisol Romero,marisolromero,DFFC
Marissa Ribisi,Marissa Ribisi,marissaribisi,DFFC
Marit Larsen,Marit Larsen,maritlarsen,DFFC
Maritza Arango Buitrago,Maritza Arango Buitrago,maritzaarangobuitrago,DFFC
Mariusz Szczygieł,Mariusz Szczygieł,mariuszszczygie,DFFC
Mariya Bespalova,Mariya Bespalova,mariyabespalova,DFFC
Mariya Koryttseva,Mariya Koryttseva,mariyakoryttseva,DFFC
Mariya Savinova,Mariya Savinova,mariyasavinova,DFFC
Marián Hossa,Marián Hossa,marinhossa,DFFC
Marián Čišovský,Marián Čišovský,mariniovsk,DFFC
Marjorie Gubelmann,Marjorie Gubelmann,marjoriegubelmann,DFFC
Mark A. Brown,Mark A Brown,markabrown,DFFC
Mark Ashton,Mark Ashton,markashton,DFFC
Mark Barberio,Mark Barberio,markbarberio,DFFC
Mark Barron,Mark Barron,markbarron,DFFC
Mark Bluvshtein,Mark Bluvshtein,markbluvshtein,DFFC
Mark Borchardt,Mark Borchardt,markborchardt,DFFC
Mark Buckingham,Mark Buckingham,markbuckingham,DFFC
Mark Burgess,Mark Burgess,markburgess,DFFC
Mark Byrne,Mark Byrne,markbyrne,DFFC
Mark Carlson,Mark Carlson,markcarlson,DFFC
Mark Cavendish,Mark Cavendish,markcavendish,DFFC
Mark Chao,Mark Chao,markchao,DFFC
Mark Christian,Mark Christian,markchristian,DFFC
Mark Coleridge,Mark Coleridge,markcoleridge,DFFC
Mark Convery,Mark Convery,markconvery,DFFC
Mark Dantonio,Mark Dantonio,markdantonio,DFFC
Mark Davies,Mark Davies,markdavies,DFFC
Mark Davis,Mark Davis,markdavis,DFFC
Mark Eddinger,Mark Eddinger,markeddinger,DFFC
Mark Farley,Mark Farley,markfarley,DFFC
Mark Farner,Mark Farner,markfarner,DFFC
Mark Fayne,Mark Fayne,markfayne,DFFC
Mark Few,Mark Few,markfew,DFFC
Mark Fistric,Mark Fistric,markfistric,DFFC
Mark Fuhrman,Mark Fuhrman,markfuhrman,DFFC
Mark Goddard,Mark Goddard,markgoddard,DFFC
Mark Gruenwald,Mark Gruenwald,markgruenwald,DFFC
Mark Gubicza,Mark Gubicza,markgubicza,DFFC
Mark Gustavson,Mark Gustavson,markgustavson,DFFC
Mark Hamill,Mark Hamill,markhamill,DFFC
Mark Hanretty,Mark Hanretty,markhanretty,DFFC
Mark Hebden,Mark Hebden,markhebden,DFFC
Mark Hudson,Mark Hudson,markhudson,DFFC
Mark Hunt,Mark Hunt,markhunt,DFFC
Mark Jansen,Mark Jansen,markjansen,DFFC
Mark Jindrak,Mark Jindrak,markjindrak,DFFC
Mark Johnson,Mark Johnson,markjohnson,DFFC
Mark Kelly,Mark Kelly,markkelly,DFFC
Mark Kenneally,Mark Kenneally,markkenneally,DFFC
Mark Kermode,Mark Kermode,markkermode,DFFC
Mark Kharitonov,Mark Kharitonov,markkharitonov,DFFC
Mark King,Mark King,markking,DFFC
Mark Knopfler,Mark Knopfler,markknopfler,DFFC
Mark Ladwig,Mark Ladwig,markladwig,DFFC
Mark Levin,Mark Levin,marklevin,DFFC
Mark May,Mark May,markmay,DFFC
Mark McChrystal,Mark McChrystal,markmcchrystal,DFFC
Mark McKinney,Mark McKinney,markmckinney,DFFC
Mark Metcalf,Mark Metcalf,markmetcalf,DFFC
Mark Millar,Mark Millar,markmillar,DFFC
Mark Mothersbaugh,Mark Mothersbaugh,markmothersbaugh,DFFC
Mark Neveldine,Mark Neveldine,markneveldine,DFFC
Mark O'Meara,Mark O'Meara,markomeara,DFFC
Mark Oldershaw,Mark Oldershaw,markoldershaw,DFFC
Mark Oldman,Mark Oldman,markoldman,DFFC
Mark Olson,Mark Olson,markolson,DFFC
Mark Parrish,Mark Parrish,markparrish,DFFC
Mark Parson,Mark Parson,markparson,DFFC
Mark Pincus,Mark Pincus,markpincus,DFFC
Mark Podwal,Mark Podwal,markpodwal,DFFC
Mark Porter,Mark Porter,markporter,DFFC
Mark Radcliffe,Mark Radcliffe,markradcliffe,DFFC
Mark Recchi,Mark Recchi,markrecchi,DFFC
Mark Reynolds,Mark Reynolds,markreynolds,DFFC
Mark Ronson,Mark Ronson,markronson,DFFC
Mark Rudd,Mark Rudd,markrudd,DFFC
Mark Rummukainen,Mark Rummukainen,markrummukainen,DFFC
Mark Rypien,Mark Rypien,markrypien,DFFC
Mark Satin,Mark Satin,marksatin,DFFC
Mark Selby,Mark Selby,markselby,DFFC
Mark Setlock,Mark Setlock,marksetlock,DFFC
Mark Shenton,Mark Shenton,markshenton,DFFC
Mark Shulzhitskiy,Mark Shulzhitskiy,markshulzhitskiy,DFFC
Mark Strong,Mark Strong,markstrong,DFFC
Mark Stuart,Mark Stuart,markstuart,DFFC
Mark Sultan,Mark Sultan,marksultan,DFFC
Mark Taylor,Mark Taylor,marktaylor,DFFC
Mark Teixeira,Mark Teixeira,markteixeira,DFFC
Mark Todd,Mark Todd,marktodd,DFFC
Mark Tremonti,Mark Tremonti,marktremonti,DFFC
Mark Valley,Mark Valley,markvalley,DFFC
Mark Verheiden,Mark Verheiden,markverheiden,DFFC
Mark Viduka,Mark Viduka,markviduka,DFFC
Mark W. Rocha,Mark W Rocha,markwrocha,DFFC
Mark Waid,Mark Waid,markwaid,DFFC
Mark Washington,Mark Washington,markwashington,DFFC
Mark Watson,Mark Watson,markwatson,DFFC
Mark Webber,Mark Webber,markwebber,DFFC
Mark Wegner,Mark Wegner,markwegner,DFFC
Mark Weivoda,Mark Weivoda,markweivoda,DFFC
Mark Whipple,Mark Whipple,markwhipple,DFFC
Mark Williams,Mark Williams,markwilliams,DFFC
Mark Wood,Mark Wood,markwood,DFFC
Mark Yeates,Mark Yeates,markyeates,DFFC
Markie Post,Markie Post,markiepost,DFFC
Markis Kido,Markis Kido,markiskido,DFFC
Markku Lehmuskallio,Markku Lehmuskallio,markkulehmuskallio,DFFC
Marko Arnautović,Marko Arnautović,markoarnautovi,DFFC
Marko Bakić,Marko Bakić,markobaki,DFFC
Marko Blažić,Marko Blažić,markoblai,DFFC
Marko Daňo,Marko Daňo,markodao,DFFC
Marko Lomić,Marko Lomić,markolomi,DFFC
Marko Mitchell,Marko Mitchell,markomitchell,DFFC
Marko Stanković,Marko Stanković,markostankovi,DFFC
Marko Tejić,Marko Tejić,markoteji,DFFC
Markus Bollmann,Markus Bollmann,markusbollmann,DFFC
Markus Feehily,Markus Feehily,markusfeehily,DFFC
Markus Feldhoff,Markus Feldhoff,markusfeldhoff,DFFC
Markus Fuchs,Markus Fuchs,markusfuchs,DFFC
Markus Grosskopf,Markus Grosskopf,markusgrosskopf,DFFC
Markus Halsti,Markus Halsti,markushalsti,DFFC
Markus Kajo,Markus Kajo,markuskajo,DFFC
Markus Kronthaler,Markus Kronthaler,markuskronthaler,DFFC
Markus Krunegård,Markus Krunegård,markuskrunegrd,DFFC
Markus Krösche,Markus Krösche,markuskrsche,DFFC
Markus Merk,Markus Merk,markusmerk,DFFC
Markus Miller,Markus Miller,markusmiller,DFFC
Markus Näslund,Markus Näslund,markusnslund,DFFC
Markus Wheaton,Markus Wheaton,markuswheaton,DFFC
Markus White,Markus White,markuswhite,DFFC
Markéta Ringelová,Markéta Ringelová,marktaringelov,DFFC
Marla Gibbs,Marla Gibbs,marlagibbs,DFFC
Marlayne,Marlayne,marlayne,DFFC
Marlen Esparza,Marlen Esparza,marlenesparza,DFFC
Marlen Khutsiev,Marlen Khutsiev,marlenkhutsiev,DFFC
Marlene Mortler,Marlene Mortler,marlenemortler,DFFC
Marlene Sjöberg,Marlene Sjöberg,marlenesjberg,DFFC
Marlon Stöckinger,Marlon Stöckinger,marlonstckinger,DFFC
Marlon Wayans,Marlon Wayans,marlonwayans,DFFC
Marly Youmans,Marly Youmans,marlyyoumans,DFFC
Marlyn Mason,Marlyn Mason,marlynmason,DFFC
Marlène Jobert,Marlène Jobert,marlnejobert,DFFC
Marni Nixon,Marni Nixon,marninixon,DFFC
Marnick Vermijl,Marnick Vermijl,marnickvermijl,DFFC
Marouane Chamakh,Marouane Chamakh,marouanechamakh,DFFC
Marqise Lee,Marqise Lee,marqiselee,DFFC
Marques Colston,Marques Colston,marquescolston,DFFC
Marques Green,Marques Green,marquesgreen,DFFC
Marques Harris,Marques Harris,marquesharris,DFFC
Marques Houston,Marques Houston,marqueshouston,DFFC
Marqueston Huff,Marqueston Huff,marquestonhuff,DFFC
Marquinhos,Marquinhos,marquinhos,DFFC
Marquise Goodwin,Marquise Goodwin,marquisegoodwin,DFFC
Marsel Efroimski,Marsel Efroimski,marselefroimski,DFFC
Marsha Ambrosius,Marsha Ambrosius,marshaambrosius,DFFC
Marsha Mason,Marsha Mason,marshamason,DFFC
Marsha Thomason,Marsha Thomason,marshathomason,DFFC
Marshal Yanda,Marshal Yanda,marshalyanda,DFFC
Marshall Goodman,Marshall Goodman,marshallgoodman,DFFC
Marshall Plumlee,Marshall Plumlee,marshallplumlee,DFFC
Marshevet Hooker,Marshevet Hooker,marshevethooker,DFFC
Mart Poom,Mart Poom,martpoom,DFFC
Mart Smeets,Mart Smeets,martsmeets,DFFC
Marta,Marta,marta,DFFC
Marta Bartel,Marta Bartel,martabartel,DFFC
Marta Bastianelli,Marta Bastianelli,martabastianelli,DFFC
Marta Corredera,Marta Corredera,martacorredera,DFFC
Marta Jeschke,Marta Jeschke,martajeschke,DFFC
Marta Michna,Marta Michna,martamichna,DFFC
Marta Prieto,Marta Prieto,martaprieto,DFFC
Marta Savić,Marta Savić,martasavi,DFFC
Martell Webster,Martell Webster,martellwebster,DFFC
Martellus Bennett,Martellus Bennett,martellusbennett,DFFC
Martha Byrne,Martha Byrne,marthabyrne,DFFC
Martha Fierro,Martha Fierro,marthafierro,DFFC
Martha Reeves,Martha Reeves,marthareeves,DFFC
Martha Stewart,Martha Stewart,marthastewart,DFFC
Martha Tilton,Martha Tilton,marthatilton,DFFC
Marti Bell,Marti Bell,martibell,DFFC
Martijn Spierenburg,Martijn Spierenburg,martijnspierenburg,DFFC
Martijn Westerholt,Martijn Westerholt,martijnwesterholt,DFFC
Martin Albrechtsen,Martin Albrechtsen,martinalbrechtsen,DFFC
Martin Allen,Martin Allen,martinallen,DFFC
Martin Block,Martin Block,martinblock,DFFC
Martin Campbell,Martin Campbell,martincampbell,DFFC
Martin Carthy,Martin Carthy,martincarthy,DFFC
Martin Cooper,Martin Cooper,martincooper,DFFC
Martin Dahlin,Martin Dahlin,martindahlin,DFFC
Martin Dent,Martin Dent,martindent,DFFC
Martin Emmrich,Martin Emmrich,martinemmrich,DFFC
Martin Foyle,Martin Foyle,martinfoyle,DFFC
Martin Gore,Martin Gore,martingore,DFFC
Martin Hairer,Martin Hairer,martinhairer,DFFC
Martin Havlát,Martin Havlát,martinhavlt,DFFC
Martin Henderson,Martin Henderson,martinhenderson,DFFC
Martin Hume Johnson,Martin Hume Johnson,martinhumejohnson,DFFC
Martin Johnson,Martin Johnson,martinjohnson,DFFC
Martin Karplus,Martin Karplus,martinkarplus,DFFC
Martin Kemp,Martin Kemp,martinkemp,DFFC
Martin Keown,Martin Keown,martinkeown,DFFC
Martin Knight,Martin Knight,martinknight,DFFC
Martin Lawrence,Martin Lawrence,martinlawrence,DFFC
Martin Miller,Martin Miller,martinmiller,DFFC
Martin Mortensen,Martin Mortensen,martinmortensen,DFFC
Martin O'Donnell,Martin O'Donnell,martinodonnell,DFFC
Martin Paterson,Martin Paterson,martinpaterson,DFFC
Martin Prokop,Martin Prokop,martinprokop,DFFC
Martin Provost,Martin Provost,martinprovost,DFFC
Martin Putze,Martin Putze,martinputze,DFFC
Martin Rucker,Martin Rucker,martinrucker,DFFC
Martin Rushent,Martin Rushent,martinrushent,DFFC
Martin Ručinský,Martin Ručinský,martinruinsk,DFFC
Martin Sheen,Martin Sheen,martinsheen,DFFC
Martin Simpson,Martin Simpson,martinsimpson,DFFC
Martin Spiess,Martin Spiess,martinspiess,DFFC
Martin St. Louis,Martin St Louis,martinstlouis,DFFC
Martin Staszko,Martin Staszko,martinstaszko,DFFC
Martin Stone,Martin Stone,martinstone,DFFC
Martin Stosch,Martin Stosch,martinstosch,DFFC
Martin Tielli,Martin Tielli,martintielli,DFFC
Martin Vaïsse,Martin Vaïsse,martinvasse,DFFC
Martin Velits,Martin Velits,martinvelits,DFFC
Martin Walser,Martin Walser,martinwalser,DFFC
Martin Winterkorn,Martin Winterkorn,martinwinterkorn,DFFC
Martin Wuttke,Martin Wuttke,martinwuttke,DFFC
Martin Yan,Martin Yan,martinyan,DFFC
Martin de Knijff,Martin de Knijff,martindeknijff,DFFC
Martina Chrapánová,Martina Chrapánová,martinachrapnov,DFFC
Martina Gedeck,Martina Gedeck,martinagedeck,DFFC
Martina Haag,Martina Haag,martinahaag,DFFC
Martina Montelius,Martina Montelius,martinamontelius,DFFC
Martina Navratilova,Martina Navratilova,martinanavratilova,DFFC
Martina Stoessel,Martina Stoessel,martinastoessel,DFFC
Martina Suchá,Martina Suchá,martinasuch,DFFC
Martti Saarinen,Martti Saarinen,marttisaarinen,DFFC
Marty Foster,Marty Foster,martyfoster,DFFC
Marty Friedman,Marty Friedman,martyfriedman,DFFC
Marty Jannetty,Marty Jannetty,martyjannetty,DFFC
Marty Marion,Marty Marion,martymarion,DFFC
Marty McSorley,Marty McSorley,martymcsorley,DFFC
Marty Schottenheimer,Marty Schottenheimer,martyschottenheimer,DFFC
Marty Stuart,Marty Stuart,martystuart,DFFC
Martyn Jacques,Martyn Jacques,martynjacques,DFFC
Martyn Joseph,Martyn Joseph,martynjoseph,DFFC
Martyna Wojciechowska,Martyna Wojciechowska,martynawojciechowska,DFFC
Martín Alund,Martín Alund,martnalund,DFFC
Martín Palermo,Martín Palermo,martnpalermo,DFFC
Martín Silva,Martín Silva,martnsilva,DFFC
Marusha,Marusha,marusha,DFFC
Marv Breeding,Marv Breeding,marvbreeding,DFFC
Marvin Compper,Marvin Compper,marvincompper,DFFC
Marvin Gaye,Marvin Gaye,marvingaye,DFFC
Marvin Harrison,Marvin Harrison,marvinharrison,DFFC
Marvin Kalb,Marvin Kalb,marvinkalb,DFFC
Marvin Martin,Marvin Martin,marvinmartin,DFFC
Marvin Minsky,Marvin Minsky,marvinminsky,DFFC
Marvin Mitchell,Marvin Mitchell,marvinmitchell,DFFC
Marvin Morgan,Marvin Morgan,marvinmorgan,DFFC
Marvin Pourié,Marvin Pourié,marvinpouri,DFFC
Marvin Priest,Marvin Priest,marvinpriest,DFFC
Marvin Wijks,Marvin Wijks,marvinwijks,DFFC
Mary Ann Acevedo,Mary Ann Acevedo,maryannacevedo,DFFC
Mary Ann Gomes,Mary Ann Gomes,maryanngomes,DFFC
Mary Beth Marley,Mary Beth Marley,marybethmarley,DFFC
Mary Beth Peil,Mary Beth Peil,marybethpeil,DFFC
Mary Carey,Mary Carey,marycarey,DFFC
Mary Coustas,Mary Coustas,marycoustas,DFFC
Mary Doria Russell,Mary Doria Russell,marydoriarussell,DFFC
Mary E. Pearson,Mary E Pearson,maryepearson,DFFC
Mary Elizabeth Ellis,Mary Elizabeth Ellis,maryelizabethellis,DFFC
Mary Elizabeth Lado,Mary Elizabeth Lado,maryelizabethlado,DFFC
Mary J. Blige,Mary J Blige,maryjblige,DFFC
Mary Jepkosgei Keitany,Mary Jepkosgei Keitany,maryjepkosgeikeitany,DFFC
Mary Jo Nye,Mary Jo Nye,maryjonye,DFFC
Mary Kay Adams,Mary Kay Adams,marykayadams,DFFC
Mary Lawrence,Mary Lawrence,marylawrence,DFFC
Mary Lou Retton,Mary Lou Retton,marylouretton,DFFC
Mary Mohler,Mary Mohler,marymohler,DFFC
Mary Nightingale,Mary Nightingale,marynightingale,DFFC
Mary Phillip,Mary Phillip,maryphillip,DFFC
Mary Pope Osborne,Mary Pope Osborne,marypopeosborne,DFFC
"Mary Soames, Baroness Soames","Mary Soames, Baroness Soames",marysoamesbaronesssoames,DFFC
Mary Ure,Mary Ure,maryure,DFFC
Mary Wittenberg,Mary Wittenberg,marywittenberg,DFFC
Mary-Louise Parker,Mary-Louise Parker,marylouiseparker,DFFC
Marylin Star,Marylin Star,marylinstar,DFFC
Maryna Arzamasava,Maryna Arzamasava,marynaarzamasava,DFFC
Maryna Hancharova,Maryna Hancharova,marynahancharova,DFFC
Maryse Condé,Maryse Condé,marysecond,DFFC
Marysia Kay,Marysia Kay,marysiakay,DFFC
Marzia Caravelli,Marzia Caravelli,marziacaravelli,DFFC
María Barranco,María Barranco,marabarranco,DFFC
María Belén Simari Birkner,María Belén Simari Birkner,marabelnsimaribirkner,DFFC
María Conchita Alonso,María Conchita Alonso,maraconchitaalonso,DFFC
María Elena Espeso,María Elena Espeso,maraelenaespeso,DFFC
María Herrera,María Herrera,maraherrera,DFFC
Marílson Gomes dos Santos,Marílson Gomes dos Santos,marlsongomesdossantos,DFFC
Marčelo,Marčelo,marelo,DFFC
Masa Takanashi,Masa Takanashi,masatakanashi,DFFC
Masaba Yunus,Masaba Yunus,masabayunus,DFFC
Masahiro Tanaka,Masahiro Tanaka,masahirotanaka,DFFC
"Masahito, Prince Hitachi","Masahito, Prince Hitachi",masahitoprincehitachi,DFFC
Masaji Kiyokawa,Masaji Kiyokawa,masajikiyokawa,DFFC
Masanobu Fukuoka,Masanobu Fukuoka,masanobufukuoka,DFFC
Masao Horiba,Masao Horiba,masaohoriba,DFFC
Masato Tanaka,Masato Tanaka,masatotanaka,DFFC
Masayoshi Motegi,Masayoshi Motegi,masayoshimotegi,DFFC
Masayuki Hiizumi,Masayuki Hiizumi,masayukihiizumi,DFFC
Masih Alinejad,Masih Alinejad,masihalinejad,DFFC
Mason Grimes,Mason Grimes,masongrimes,DFFC
Mason Raymond,Mason Raymond,masonraymond,DFFC
Massimiliano Blardone,Massimiliano Blardone,massimilianoblardone,DFFC
Massimo Battara,Massimo Battara,massimobattara,DFFC
Massimo Dapporto,Massimo Dapporto,massimodapporto,DFFC
Masta Ace,Masta Ace,mastaace,DFFC
Masten Gregory,Masten Gregory,mastengregory,DFFC
Mat Bailey,Mat Bailey,matbailey,DFFC
Mat Jackson,Mat Jackson,matjackson,DFFC
Mat Osman,Mat Osman,matosman,DFFC
Mate Dugandzic,Mate Dugandzic,matedugandzic,DFFC
Mate Vatsadze,Mate Vatsadze,matevatsadze,DFFC
Matej Marin,Matej Marin,matejmarin,DFFC
Mateusz Chruściński,Mateusz Chruściński,mateuszchruciski,DFFC
Mateusz Kowalczyk,Mateusz Kowalczyk,mateuszkowalczyk,DFFC
Mateusz Taciak,Mateusz Taciak,mateusztaciak,DFFC
Matheus Leite Nascimento,Matheus Leite Nascimento,matheusleitenascimento,DFFC
Matheus Nachtergaele,Matheus Nachtergaele,matheusnachtergaele,DFFC
Mathew Baynton,Mathew Baynton,mathewbaynton,DFFC
Mathias Boe,Mathias Boe,mathiasboe,DFFC
Mathias Eick,Mathias Eick,mathiaseick,DFFC
Mathias Malzieu,Mathias Malzieu,mathiasmalzieu,DFFC
Mathias Pogba,Mathias Pogba,mathiaspogba,DFFC
Mathias Schober,Mathias Schober,mathiasschober,DFFC
Mathias Wichmann,Mathias Wichmann,mathiaswichmann,DFFC
Mathieu Chantelois,Mathieu Chantelois,mathieuchantelois,DFFC
Mathieu Debuchy,Mathieu Debuchy,mathieudebuchy,DFFC
Mathieu Flamini,Mathieu Flamini,mathieuflamini,DFFC
Mathieu Ladagnous,Mathieu Ladagnous,mathieuladagnous,DFFC
Mathieu Perreault,Mathieu Perreault,mathieuperreault,DFFC
Mathieu van der Poel,Mathieu van der Poel,mathieuvanderpoel,DFFC
Matias Kupiainen,Matias Kupiainen,matiaskupiainen,DFFC
Matias Tellez,Matias Tellez,matiastellez,DFFC
Matija Nastasić,Matija Nastasić,matijanastasi,DFFC
Matjaž Zupan,Matjaž Zupan,matjazupan,DFFC
Mato Valtonen,Mato Valtonen,matovaltonen,DFFC
Mats Hummels,Mats Hummels,matshummels,DFFC
Matt Barnes,Matt Barnes,mattbarnes,DFFC
Matt Birk,Matt Birk,mattbirk,DFFC
Matt Bloom,Matt Bloom,mattbloom,DFFC
Matt Brammeier,Matt Brammeier,mattbrammeier,DFFC
Matt Cain,Matt Cain,mattcain,DFFC
Matt Calvert,Matt Calvert,mattcalvert,DFFC
Matt Cameron,Matt Cameron,mattcameron,DFFC
Matt Carle,Matt Carle,mattcarle,DFFC
Matt Carpenter,Matt Carpenter,mattcarpenter,DFFC
Matt Cohler,Matt Cohler,mattcohler,DFFC
Matt Cross,Matt Cross,mattcross,DFFC
Matt Damon,Matt Damon,mattdamon,DFFC
Matt Dillahunty,Matt Dillahunty,mattdillahunty,DFFC
Matt Dominguez,Matt Dominguez,mattdominguez,DFFC
Matt Done,Matt Done,mattdone,DFFC
Matt Donovan,Matt Donovan,mattdonovan,DFFC
Matt Elam,Matt Elam,mattelam,DFFC
Matt Flynn,Matt Flynn,mattflynn,DFFC
Matt Fraser,Matt Fraser,mattfraser,DFFC
Matt Furstenburg,Matt Furstenburg,mattfurstenburg,DFFC
Matt Gadsby,Matt Gadsby,mattgadsby,DFFC
Matt Gilks,Matt Gilks,mattgilks,DFFC
Matt Grace,Matt Grace,mattgrace,DFFC
Matt Hardy,Matt Hardy,matthardy,DFFC
Matt Harpring,Matt Harpring,mattharpring,DFFC
Matt Hasselbeck,Matt Hasselbeck,matthasselbeck,DFFC
Matt Heafy,Matt Heafy,mattheafy,DFFC
Matt Holland,Matt Holland,mattholland,DFFC
Matt Ingram,Matt Ingram,mattingram,DFFC
Matt Jarvis,Matt Jarvis,mattjarvis,DFFC
Matt Kalil,Matt Kalil,mattkalil,DFFC
Matt Katula,Matt Katula,mattkatula,DFFC
Matt Kemp,Matt Kemp,mattkemp,DFFC
Matt Kuchar,Matt Kuchar,mattkuchar,DFFC
Matt Lauer,Matt Lauer,mattlauer,DFFC
Matt Le Tissier,Matt Le Tissier,mattletissier,DFFC
Matt Lojeski,Matt Lojeski,mattlojeski,DFFC
Matt Lucas,Matt Lucas,mattlucas,DFFC
Matt Maguire,Matt Maguire,mattmaguire,DFFC
Matt Martin,Matt Martin,mattmartin,DFFC
Matt McKay,Matt McKay,mattmckay,DFFC
Matt Mira,Matt Mira,mattmira,DFFC
Matt Moore,Matt Moore,mattmoore,DFFC
Matt Morgan,Matt Morgan,mattmorgan,DFFC
Matt Neal,Matt Neal,mattneal,DFFC
Matt O'Leary,Matt O'Leary,mattoleary,DFFC
Matt Oakley,Matt Oakley,mattoakley,DFFC
Matt Paradis,Matt Paradis,mattparadis,DFFC
Matt Piper,Matt Piper,mattpiper,DFFC
Matt Preston,Matt Preston,mattpreston,DFFC
Matt Price,Matt Price,mattprice,DFFC
Matt Ritchie,Matt Ritchie,mattritchie,DFFC
Matt Ryan,Matt Ryan,mattryan,DFFC
Matt Sloan,Matt Sloan,mattsloan,DFFC
Matt Smith,Matt Smith,mattsmith,DFFC
Matt Somner,Matt Somner,mattsomner,DFFC
Matt Sorum,Matt Sorum,mattsorum,DFFC
Matt Targett,Matt Targett,matttargett,DFFC
Matt Thiessen,Matt Thiessen,mattthiessen,DFFC
Matt Tubbs,Matt Tubbs,matttubbs,DFFC
Matt Turk,Matt Turk,mattturk,DFFC
Matt Uelmen,Matt Uelmen,mattuelmen,DFFC
Matt Wagner,Matt Wagner,mattwagner,DFFC
Matt Walker,Matt Walker,mattwalker,DFFC
Matt Wiman,Matt Wiman,mattwiman,DFFC
Matt Winer,Matt Winer,mattwiner,DFFC
Matt Young,Matt Young,mattyoung,DFFC
Matteo Darmian,Matteo Darmian,matteodarmian,DFFC
Matteo Ferrari,Matteo Ferrari,matteoferrari,DFFC
Matteo Garrone,Matteo Garrone,matteogarrone,DFFC
Matteo Guarise,Matteo Guarise,matteoguarise,DFFC
Matteo Lanzoni,Matteo Lanzoni,matteolanzoni,DFFC
Matteo Marsaglia,Matteo Marsaglia,matteomarsaglia,DFFC
Matteo Pistono,Matteo Pistono,matteopistono,DFFC
Matthew Axelson,Matthew Axelson,matthewaxelson,DFFC
Matthew Boyles,Matthew Boyles,matthewboyles,DFFC
Matthew Bryan-Amaning,Matthew Bryan-Amaning,matthewbryanamaning,DFFC
Matthew Cameron,Matthew Cameron,matthewcameron,DFFC
Matthew Connolly,Matthew Connolly,matthewconnolly,DFFC
Matthew Dellavedova,Matthew Dellavedova,matthewdellavedova,DFFC
Matthew Dryke,Matthew Dryke,matthewdryke,DFFC
Matthew Gill,Matthew Gill,matthewgill,DFFC
Matthew Gray,Matthew Gray,matthewgray,DFFC
Matthew Kenney,Matthew Kenney,matthewkenney,DFFC
Matthew Macfadyen,Matthew Macfadyen,matthewmacfadyen,DFFC
Matthew McConaughey,Matthew McConaughey,matthewmcconaughey,DFFC
Matthew Modine,Matthew Modine,matthewmodine,DFFC
Matthew Mulligan,Matthew Mulligan,matthewmulligan,DFFC
Matthew Nash,Matthew Nash,matthewnash,DFFC
Matthew Perryman Jones,Matthew Perryman Jones,matthewperrymanjones,DFFC
Matthew Puempel,Matthew Puempel,matthewpuempel,DFFC
Matthew Quick,Matthew Quick,matthewquick,DFFC
Matthew Rabin,Matthew Rabin,matthewrabin,DFFC
Matthew Raymond-Barker,Matthew Raymond-Barker,matthewraymondbarker,DFFC
Matthew Reinhart,Matthew Reinhart,matthewreinhart,DFFC
Matthew Savoie,Matthew Savoie,matthewsavoie,DFFC
Matthew Silcocks,Matthew Silcocks,matthewsilcocks,DFFC
Matthew Smith,Matthew Smith,matthewsmith,DFFC
Matthew Spiranovic,Matthew Spiranovic,matthewspiranovic,DFFC
Matthew Teitelbaum,Matthew Teitelbaum,matthewteitelbaum,DFFC
Matthias Ettrich,Matthias Ettrich,matthiasettrich,DFFC
Matthias Fahrig,Matthias Fahrig,matthiasfahrig,DFFC
Matthias Fanimo,Matthias Fanimo,matthiasfanimo,DFFC
Matthias Kessler,Matthias Kessler,matthiaskessler,DFFC
Matthias Krizek,Matthias Krizek,matthiaskrizek,DFFC
Matthias Maucksch,Matthias Maucksch,matthiasmaucksch,DFFC
Matthias Ostrzolek,Matthias Ostrzolek,matthiasostrzolek,DFFC
Matthias Sammer,Matthias Sammer,matthiassammer,DFFC
Matthias de Zordo,Matthias de Zordo,matthiasdezordo,DFFC
Matthieu Jost,Matthieu Jost,matthieujost,DFFC
Matthijs van de Sande Bakhuyzen,Matthijs van de Sande Bakhuyzen,matthijsvandesandebakhuyzen,DFFC
Matti Hautamäki,Matti Hautamäki,mattihautamki,DFFC
Matti Kovler,Matti Kovler,mattikovler,DFFC
Mattia De Sciglio,Mattia De Sciglio,mattiadesciglio,DFFC
Mattia Perin,Mattia Perin,mattiaperin,DFFC
Mattias Alkberg,Mattias Alkberg,mattiasalkberg,DFFC
Mattias Ekström,Mattias Ekström,mattiasekstrm,DFFC
Mattias Jacobsson,Mattias Jacobsson,mattiasjacobsson,DFFC
Matty James,Matty James,mattyjames,DFFC
Matty Lund,Matty Lund,mattylund,DFFC
Matty Mullins,Matty Mullins,mattymullins,DFFC
Matías Silvestre,Matías Silvestre,matassilvestre,DFFC
Matěj Novák,Matěj Novák,matjnovk,DFFC
Maud Roetgering,Maud Roetgering,maudroetgering,DFFC
Maura O'Connell,Maura O'Connell,mauraoconnell,DFFC
Maurane,Maurane,maurane,DFFC
Maureen Dowd,Maureen Dowd,maureendowd,DFFC
Maureen McCormick,Maureen McCormick,maureenmccormick,DFFC
Maureen McGovern,Maureen McGovern,maureenmcgovern,DFFC
Maureen Tucker,Maureen Tucker,maureentucker,DFFC
Maurice Baril,Maurice Baril,mauricebaril,DFFC
Maurice Exslager,Maurice Exslager,mauriceexslager,DFFC
Maurice Gosfield,Maurice Gosfield,mauricegosfield,DFFC
Maurice Harkless,Maurice Harkless,mauriceharkless,DFFC
Maurice Isserman,Maurice Isserman,mauriceisserman,DFFC
Maurice Meisner,Maurice Meisner,mauricemeisner,DFFC
Maurice Rozenthal,Maurice Rozenthal,mauricerozenthal,DFFC
Maurice Taylor,Maurice Taylor,mauricetaylor,DFFC
Mauricio Isla,Mauricio Isla,mauricioisla,DFFC
Mauricio Mazzetti,Mauricio Mazzetti,mauriciomazzetti,DFFC
Mauricio Pochettino,Mauricio Pochettino,mauriciopochettino,DFFC
Mauricio Viana,Mauricio Viana,mauricioviana,DFFC
Maurine Dorneles Gonçalves,Maurine Dorneles Gonçalves,maurinedornelesgonalves,DFFC
Maurissa Tancharoen,Maurissa Tancharoen,maurissatancharoen,DFFC
Maurizio Zandron,Maurizio Zandron,mauriziozandron,DFFC
Mauro Da Dalto,Mauro Da Dalto,maurodadalto,DFFC
Mauro Formica,Mauro Formica,mauroformica,DFFC
Mauro Icardi,Mauro Icardi,mauroicardi,DFFC
Mauro Pane,Mauro Pane,mauropane,DFFC
Mauro Scocco,Mauro Scocco,mauroscocco,DFFC
Mauro Tassotti,Mauro Tassotti,maurotassotti,DFFC
Mauro Vinícius da Silva,Mauro Vinícius da Silva,maurovinciusdasilva,DFFC
Max Allan Collins,Max Allan Collins,maxallancollins,DFFC
Max Amini,Max Amini,maxamini,DFFC
Max Angelelli,Max Angelelli,maxangelelli,DFFC
Max Bennett,Max Bennett,maxbennett,DFFC
Max Boyce,Max Boyce,maxboyce,DFFC
Max Burkholder,Max Burkholder,maxburkholder,DFFC
Max Gallo,Max Gallo,maxgallo,DFFC
Max Gawn,Max Gawn,maxgawn,DFFC
Max Green,Max Green,maxgreen,DFFC
Max Hastings,Max Hastings,maxhastings,DFFC
Max Heinzer,Max Heinzer,maxheinzer,DFFC
Max Jenkins,Max Jenkins,maxjenkins,DFFC
Max Meyer,Max Meyer,maxmeyer,DFFC
Max Minghella,Max Minghella,maxminghella,DFFC
Max Ramírez,Max Ramírez,maxramrez,DFFC
Max Rauhofer,Max Rauhofer,maxrauhofer,DFFC
Max van Egmond,Max van Egmond,maxvanegmond,DFFC
Maxence Layet,Maxence Layet,maxencelayet,DFFC
Maxi Priest,Maxi Priest,maxipriest,DFFC
Maxim Kovtun,Maxim Kovtun,maximkovtun,DFFC
Maxim Martsinkevich,Maxim Martsinkevich,maximmartsinkevich,DFFC
Maxim Mehmet,Maxim Mehmet,maximmehmet,DFFC
Maxim Miroshkin,Maxim Miroshkin,maximmiroshkin,DFFC
Maxim Zavozin,Maxim Zavozin,maximzavozin,DFFC
Maxime Bouet,Maxime Bouet,maximebouet,DFFC
Maxime Gonalons,Maxime Gonalons,maximegonalons,DFFC
Maxime Méderel,Maxime Méderel,maximemderel,DFFC
Maxime Talbot,Maxime Talbot,maximetalbot,DFFC
Maxime Teixeira,Maxime Teixeira,maximeteixeira,DFFC
Maxime Vantomme,Maxime Vantomme,maximevantomme,DFFC
Maximilian Beister,Maximilian Beister,maximilianbeister,DFFC
Maximilian Beyer,Maximilian Beyer,maximilianbeyer,DFFC
Maximilian Mechler,Maximilian Mechler,maximilianmechler,DFFC
Maximilian Wagener,Maximilian Wagener,maximilianwagener,DFFC
"Maximilian, Margrave of Baden","Maximilian, Margrave of Baden",maximilianmargraveofbaden,DFFC
Maximiliano Moralez,Maximiliano Moralez,maximilianomoralez,DFFC
Maxine,Maxine,maxine,DFFC
Maxine Kumin,Maxine Kumin,maxinekumin,DFFC
May Andersen,May Andersen,mayandersen,DFFC
May Britt,May Britt,maybritt,DFFC
May Chidiac,May Chidiac,maychidiac,DFFC
May-Britt Moser,May-Britt Moser,maybrittmoser,DFFC
Maya Lin,Maya Lin,mayalin,DFFC
Maya Moore,Maya Moore,mayamoore,DFFC
Maya Simantov,Maya Simantov,mayasimantov,DFFC
Maya Usova,Maya Usova,mayausova,DFFC
Mayara,Mayara,mayara,DFFC
Maylin Wende,Maylin Wende,maylinwende,DFFC
Mayra Andrade,Mayra Andrade,mayraandrade,DFFC
Mayu Watanabe,Mayu Watanabe,mayuwatanabe,DFFC
Małgorzata Wiese-Jóźwiak,Małgorzata Wiese-Jóźwiak,magorzatawiesejwiak,DFFC
Mbulaeni Mulaudzi,Mbulaeni Mulaudzi,mbulaenimulaudzi,DFFC
McDonald Mariga,McDonald Mariga,mcdonaldmariga,DFFC
McKenzie Lee,McKenzie Lee,mckenzielee,DFFC
McKenzie Westmore,McKenzie Westmore,mckenziewestmore,DFFC
Meagan Tandy,Meagan Tandy,meagantandy,DFFC
Meaghan Martin,Meaghan Martin,meaghanmartin,DFFC
Medha Patkar,Medha Patkar,medhapatkar,DFFC
Medhi Benatia,Medhi Benatia,medhibenatia,DFFC
Medina Warda Aulia,Medina Warda Aulia,medinawardaaulia,DFFC
Medine Erkan,Medine Erkan,medineerkan,DFFC
Meg Mallon,Meg Mallon,megmallon,DFFC
Meg Myers,Meg Myers,megmyers,DFFC
Meg Ryan,Meg Ryan,megryan,DFFC
Meg Wolitzer,Meg Wolitzer,megwolitzer,DFFC
Megan Allely,Megan Allely,meganallely,DFFC
Megan Boone,Megan Boone,meganboone,DFFC
Megan Fahlenbock,Megan Fahlenbock,meganfahlenbock,DFFC
Megan Gibson,Megan Gibson,megangibson,DFFC
Megan Manthey,Megan Manthey,meganmanthey,DFFC
Megan Mullally,Megan Mullally,meganmullally,DFFC
Megan Plastic,Megan Plastic,meganplastic,DFFC
Meghan Ory,Meghan Ory,meghanory,DFFC
Meghan Trainor,Meghan Trainor,meghantrainor,DFFC
Megumi Han,Megumi Han,megumihan,DFFC
Megumi Nakajima,Megumi Nakajima,meguminakajima,DFFC
Mehdi Bagheri,Mehdi Bagheri,mehdibagheri,DFFC
Mehdi Mahdavikia,Mehdi Mahdavikia,mehdimahdavikia,DFFC
Mehdi Rahmati,Mehdi Rahmati,mehdirahmati,DFFC
Mehmet Batdal,Mehmet Batdal,mehmetbatdal,DFFC
Mehmet Topal,Mehmet Topal,mehmettopal,DFFC
Mei Baojiu,Mei Baojiu,meibaojiu,DFFC
Meiju Suvas,Meiju Suvas,meijusuvas,DFFC
Meiko Satomura,Meiko Satomura,meikosatomura,DFFC
Mekenna Melvin,Mekenna Melvin,mekennamelvin,DFFC
Mel Brooks,Mel Brooks,melbrooks,DFFC
Mel Gibson,Mel Gibson,melgibson,DFFC
Mel Giedroyc,Mel Giedroyc,melgiedroyc,DFFC
Mel Judah,Mel Judah,meljudah,DFFC
Mel Lewis,Mel Lewis,mellewis,DFFC
Mel Lisboa,Mel Lisboa,mellisboa,DFFC
Mel Ramos,Mel Ramos,melramos,DFFC
Mel Rodriguez,Mel Rodriguez,melrodriguez,DFFC
Mel Street,Mel Street,melstreet,DFFC
Melaine Walker,Melaine Walker,melainewalker,DFFC
Melanie Batkowski,Melanie Batkowski,melaniebatkowski,DFFC
Melanie Behringer,Melanie Behringer,melaniebehringer,DFFC
Melanie C,Melanie C,melaniec,DFFC
Melanie Chandra,Melanie Chandra,melaniechandra,DFFC
Melanie Griffith,Melanie Griffith,melaniegriffith,DFFC
Melanie Leupolz,Melanie Leupolz,melanieleupolz,DFFC
Melanie Lynskey,Melanie Lynskey,melanielynskey,DFFC
Melanie Merkosky,Melanie Merkosky,melaniemerkosky,DFFC
Melanie Morgan,Melanie Morgan,melaniemorgan,DFFC
Melanie Oudin,Melanie Oudin,melanieoudin,DFFC
Melanie Robillard,Melanie Robillard,melanierobillard,DFFC
Melanie Sanford,Melanie Sanford,melaniesanford,DFFC
Melina Perez,Melina Perez,melinaperez,DFFC
Melinda Dillon,Melinda Dillon,melindadillon,DFFC
Melinda Gates,Melinda Gates,melindagates,DFFC
Melinda Kinnaman,Melinda Kinnaman,melindakinnaman,DFFC
Melinda Messenger,Melinda Messenger,melindamessenger,DFFC
Melissa Auf der Maur,Melissa Auf der Maur,melissaaufdermaur,DFFC
Melissa Breen,Melissa Breen,melissabreen,DFFC
Melissa De Sousa,Melissa De Sousa,melissadesousa,DFFC
Melissa Etheridge,Melissa Etheridge,melissaetheridge,DFFC
Melissa Ferrick,Melissa Ferrick,melissaferrick,DFFC
Melissa George,Melissa George,melissageorge,DFFC
Melissa Joan Hart,Melissa Joan Hart,melissajoanhart,DFFC
Melissa Lauren,Melissa Lauren,melissalauren,DFFC
Melissa Leo,Melissa Leo,melissaleo,DFFC
Melissa Mars,Melissa Mars,melissamars,DFFC
Melissa McCarthy,Melissa McCarthy,melissamccarthy,DFFC
Melissa Ortiz,Melissa Ortiz,melissaortiz,DFFC
Melissa Perrine,Melissa Perrine,melissaperrine,DFFC
Melissa Stockwell,Melissa Stockwell,melissastockwell,DFFC
Mellisa Hollingsworth,Mellisa Hollingsworth,mellisahollingsworth,DFFC
Mellissa Dunn,Mellissa Dunn,mellissadunn,DFFC
Melody Anderson,Melody Anderson,melodyanderson,DFFC
Melody Thomas Scott,Melody Thomas Scott,melodythomasscott,DFFC
Melonie Diaz,Melonie Diaz,meloniediaz,DFFC
Melvin Morris,Melvin Morris,melvinmorris,DFFC
Melvyn Bragg,Melvyn Bragg,melvynbragg,DFFC
Mem Shannon,Mem Shannon,memshannon,DFFC
Memphis Minnie,Memphis Minnie,memphisminnie,DFFC
Menhaj Huda,Menhaj Huda,menhajhuda,DFFC
Mensur Kurtiši,Mensur Kurtiši,mensurkurtii,DFFC
Mensur Mujdža,Mensur Mujdža,mensurmujda,DFFC
Merab Gagunashvili,Merab Gagunashvili,merabgagunashvili,DFFC
Mercedes Lambre,Mercedes Lambre,mercedeslambre,DFFC
Mercedes Ruehl,Mercedes Ruehl,mercedesruehl,DFFC
Meredith Duncan,Meredith Duncan,meredithduncan,DFFC
Meredith Frampton,Meredith Frampton,meredithframpton,DFFC
Meredith L. Patterson,Meredith L Patterson,meredithlpatterson,DFFC
Meredith Marakovits,Meredith Marakovits,meredithmarakovits,DFFC
Mericien Venzon,Mericien Venzon,mericienvenzon,DFFC
Merila Zarei,Merila Zarei,merilazarei,DFFC
Merle Haggard,Merle Haggard,merlehaggard,DFFC
Merlene Ottey,Merlene Ottey,merleneottey,DFFC
Merrill Reese,Merrill Reese,merrillreese,DFFC
Merritt Patterson,Merritt Patterson,merrittpatterson,DFFC
Merry Anders,Merry Anders,merryanders,DFFC
Merwan Rim,Merwan Rim,merwanrim,DFFC
Meryl Davis,Meryl Davis,meryldavis,DFFC
Meryl Fernandes,Meryl Fernandes,merylfernandes,DFFC
Meryl Streep,Meryl Streep,merylstreep,DFFC
Meshach Taylor,Meshach Taylor,meshachtaylor,DFFC
Meshak Williams,Meshak Williams,meshakwilliams,DFFC
Meskerem Legesse,Meskerem Legesse,meskeremlegesse,DFFC
Method Man,Method Man,methodman,DFFC
Metin Arditi,Metin Arditi,metinarditi,DFFC
Metta World Peace,Metta World Peace,mettaworldpeace,DFFC
Mia Frye,Mia Frye,miafrye,DFFC
Mia Isabella,Mia Isabella,miaisabella,DFFC
Micah Owings,Micah Owings,micahowings,DFFC
Mich Dulce,Mich Dulce,michdulce,DFFC
Michael Agazzi,Michael Agazzi,michaelagazzi,DFFC
Michael Ahearne,Michael Ahearne,michaelahearne,DFFC
Michael Albasini,Michael Albasini,michaelalbasini,DFFC
Michael Alec Rose,Michael Alec Rose,michaelalecrose,DFFC
Michael Algar,Michael Algar,michaelalgar,DFFC
Michael Andretti,Michael Andretti,michaelandretti,DFFC
Michael Anti,Michael Anti,michaelanti,DFFC
Michael Appleton,Michael Appleton,michaelappleton,DFFC
Michael Apted,Michael Apted,michaelapted,DFFC
Michael Auprince,Michael Auprince,michaelauprince,DFFC
Michael Badnarik,Michael Badnarik,michaelbadnarik,DFFC
Michael Ball,Michael Ball,michaelball,DFFC
Michael Ballhaus,Michael Ballhaus,michaelballhaus,DFFC
Michael Barkun,Michael Barkun,michaelbarkun,DFFC
Michael Barlow,Michael Barlow,michaelbarlow,DFFC
Michael Basman,Michael Basman,michaelbasman,DFFC
Michael Baze,Michael Baze,michaelbaze,DFFC
Michael Bennett,Michael Bennett,michaelbennett,DFFC
Michael Benton,Michael Benton,michaelbenton,DFFC
Michael Biehn,Michael Biehn,michaelbiehn,DFFC
Michael Bivins,Michael Bivins,michaelbivins,DFFC
Michael Bolton,Michael Bolton,michaelbolton,DFFC
Michael Bowden,Michael Bowden,michaelbowden,DFFC
Michael Bowie,Michael Bowie,michaelbowie,DFFC
Michael Boxall,Michael Boxall,michaelboxall,DFFC
"Michael Boyce, Baron Boyce","Michael Boyce, Baron Boyce",michaelboycebaronboyce,DFFC
Michael Brecker,Michael Brecker,michaelbrecker,DFFC
Michael Breidenbruecker,Michael Breidenbruecker,michaelbreidenbruecker,DFFC
Michael Brooks,Michael Brooks,michaelbrooks,DFFC
Michael Bruce Ross,Michael Bruce Ross,michaelbruceross,DFFC
Michael Buffer,Michael Buffer,michaelbuffer,DFFC
Michael Chance,Michael Chance,michaelchance,DFFC
Michael Chaput,Michael Chaput,michaelchaput,DFFC
Michael Chiklis,Michael Chiklis,michaelchiklis,DFFC
Michael Choice,Michael Choice,michaelchoice,DFFC
Michael Christian Martinez,Michael Christian Martinez,michaelchristianmartinez,DFFC
Michael Clarke,Michael Clarke,michaelclarke,DFFC
Michael Clayton,Michael Clayton,michaelclayton,DFFC
Michael Condrey,Michael Condrey,michaelcondrey,DFFC
Michael Connelly,Michael Connelly,michaelconnelly,DFFC
Michael Coulson,Michael Coulson,michaelcoulson,DFFC
Michael Crabtree,Michael Crabtree,michaelcrabtree,DFFC
Michael Cunningham,Michael Cunningham,michaelcunningham,DFFC
Michael Dawson,Michael Dawson,michaeldawson,DFFC
Michael DeSisto,Michael DeSisto,michaeldesisto,DFFC
Michael Douglas,Michael Douglas,michaeldouglas,DFFC
Michael Durant,Michael Durant,michaeldurant,DFFC
Michael Ealy,Michael Ealy,michaelealy,DFFC
Michael Emerson,Michael Emerson,michaelemerson,DFFC
Michael English,Michael English,michaelenglish,DFFC
Michael Eric Dyson,Michael Eric Dyson,michaelericdyson,DFFC
Michael Fitzpatrick,Michael Fitzpatrick,michaelfitzpatrick,DFFC
Michael Ford,Michael Ford,michaelford,DFFC
Michael Francies,Michael Francies,michaelfrancies,DFFC
Michael Freedman,Michael Freedman,michaelfreedman,DFFC
Michael Frolík,Michael Frolík,michaelfrolk,DFFC
Michael Gira,Michael Gira,michaelgira,DFFC
Michael Gothard,Michael Gothard,michaelgothard,DFFC
Michael Gross,Michael Gross,michaelgross,DFFC
Michael Gspurning,Michael Gspurning,michaelgspurning,DFFC
Michael Görlitz,Michael Görlitz,michaelgrlitz,DFFC
Michael Harriman,Michael Harriman,michaelharriman,DFFC
Michael Hastings,Michael Hastings,michaelhastings,DFFC
Michael Hemmingsen,Michael Hemmingsen,michaelhemmingsen,DFFC
Michael Hepburn,Michael Hepburn,michaelhepburn,DFFC
Michael Herck,Michael Herck,michaelherck,DFFC
Michael Herrmann,Michael Herrmann,michaelherrmann,DFFC
Michael Holt,Michael Holt,michaelholt,DFFC
Michael Houstoun,Michael Houstoun,michaelhoustoun,DFFC
Michael Huff,Michael Huff,michaelhuff,DFFC
Michael Hutchence,Michael Hutchence,michaelhutchence,DFFC
Michael Hutchinson,Michael Hutchinson,michaelhutchinson,DFFC
Michael Ian Black,Michael Ian Black,michaelianblack,DFFC
Michael Ingham,Michael Ingham,michaelingham,DFFC
Michael J. Hopkins,Michael J Hopkins,michaeljhopkins,DFFC
Michael J. O'Doherty,Michael JO'Doherty,michaeljodoherty,DFFC
Michael J. Rosen,Michael J Rosen,michaeljrosen,DFFC
Michael Jasper,Michael Jasper,michaeljasper,DFFC
Michael Jenkins,Michael Jenkins,michaeljenkins,DFFC
Michael John Hurdzan,Michael John Hurdzan,michaeljohnhurdzan,DFFC
Michael Kabotie,Michael Kabotie,michaelkabotie,DFFC
Michael Keane,Michael Keane,michaelkeane,DFFC
Michael Keiner,Michael Keiner,michaelkeiner,DFFC
Michael Kightly,Michael Kightly,michaelkightly,DFFC
Michael Kiwanuka,Michael Kiwanuka,michaelkiwanuka,DFFC
Michael Koenen,Michael Koenen,michaelkoenen,DFFC
Michael Kostka,Michael Kostka,michaelkostka,DFFC
Michael Kraft,Michael Kraft,michaelkraft,DFFC
Michael Krohn-Dehli,Michael Krohn-Dehli,michaelkrohndehli,DFFC
Michael Kwan,Michael Kwan,michaelkwan,DFFC
Michael Lapsley,Michael Lapsley,michaellapsley,DFFC
Michael Leary,Michael Leary,michaelleary,DFFC
Michael Levitt,Michael Levitt,michaellevitt,DFFC
Michael Lewis,Michael Lewis,michaellewis,DFFC
Michael Liddle,Michael Liddle,michaelliddle,DFFC
Michael Loewe,Michael Loewe,michaelloewe,DFFC
Michael Lucas,Michael Lucas,michaellucas,DFFC
Michael Maloney,Michael Maloney,michaelmaloney,DFFC
Michael Mann,Michael Mann,michaelmann,DFFC
Michael Marinaro,Michael Marinaro,michaelmarinaro,DFFC
Michael Mark,Michael Mark,michaelmark,DFFC
Michael Marrone,Michael Marrone,michaelmarrone,DFFC
Michael Martin Murphey,Michael Martin Murphey,michaelmartinmurphey,DFFC
Michael Matthews,Michael Matthews,michaelmatthews,DFFC
Michael Mayer,Michael Mayer,michaelmayer,DFFC
Michael McCann,Michael McCann,michaelmccann,DFFC
Michael McCary,Michael McCary,michaelmccary,DFFC
Michael McClure,Michael McClure,michaelmcclure,DFFC
Michael McIntyre,Michael McIntyre,michaelmcintyre,DFFC
Michael McKean,Michael McKean,michaelmckean,DFFC
Michael McPhail,Michael McPhail,michaelmcphail,DFFC
Michael Meeropol,Michael Meeropol,michaelmeeropol,DFFC
Michael Mewshaw,Michael Mewshaw,michaelmewshaw,DFFC
Michael Morpurgo,Michael Morpurgo,michaelmorpurgo,DFFC
Michael N. Hall,Michael N Hall,michaelnhall,DFFC
Michael Newdow,Michael Newdow,michaelnewdow,DFFC
Michael Novak,Michael Novak,michaelnovak,DFFC
Michael O'Loughlin,Michael O'Loughlin,michaeloloughlin,DFFC
Michael Oenning,Michael Oenning,michaeloenning,DFFC
Michael Oliver,Michael Oliver,michaeloliver,DFFC
Michael Palin,Michael Palin,michaelpalin,DFFC
Michael Parsons,Michael Parsons,michaelparsons,DFFC
Michael Paré,Michael Paré,michaelpar,DFFC
Michael Paynter,Michael Paynter,michaelpaynter,DFFC
Michael Peterson,Michael Peterson,michaelpeterson,DFFC
Michael Piller,Michael Piller,michaelpiller,DFFC
Michael Preston,Michael Preston,michaelpreston,DFFC
Michael Rensing,Michael Rensing,michaelrensing,DFFC
Michael Richards,Michael Richards,michaelrichards,DFFC
Michael Ricketts,Michael Ricketts,michaelricketts,DFFC
Michael Rimmer,Michael Rimmer,michaelrimmer,DFFC
Michael Rischitelli,Michael Rischitelli,michaelrischitelli,DFFC
Michael Roeger,Michael Roeger,michaelroeger,DFFC
Michael Rupp,Michael Rupp,michaelrupp,DFFC
Michael Schär,Michael Schär,michaelschr,DFFC
Michael Shannon,Michael Shannon,michaelshannon,DFFC
Michael Shub,Michael Shub,michaelshub,DFFC
Michael Shuman,Michael Shuman,michaelshuman,DFFC
Michael Smith,Michael Smith,michaelsmith,DFFC
Michael Sorrell,Michael Sorrell,michaelsorrell,DFFC
Michael Stebbins,Michael Stebbins,michaelstebbins,DFFC
Michael Steele,Michael Steele,michaelsteele,DFFC
Michael Stonebraker,Michael Stonebraker,michaelstonebraker,DFFC
Michael Tait,Michael Tait,michaeltait,DFFC
Michael Thwaite,Michael Thwaite,michaelthwaite,DFFC
Michael Timlin,Michael Timlin,michaeltimlin,DFFC
Michael Tinsley,Michael Tinsley,michaeltinsley,DFFC
Michael Tolkin,Michael Tolkin,michaeltolkin,DFFC
Michael Trevino,Michael Trevino,michaeltrevino,DFFC
Michael Turner,Michael Turner,michaelturner,DFFC
Michael Uslan,Michael Uslan,michaeluslan,DFFC
Michael Voss,Michael Voss,michaelvoss,DFFC
Michael Wardian,Michael Wardian,michaelwardian,DFFC
Michael Wasley,Michael Wasley,michaelwasley,DFFC
Michael Watson,Michael Watson,michaelwatson,DFFC
Michael Welch,Michael Welch,michaelwelch,DFFC
Michael Whelan,Michael Whelan,michaelwhelan,DFFC
Michael Wilbon,Michael Wilbon,michaelwilbon,DFFC
Michael Woroniecki,Michael Woroniecki,michaelworoniecki,DFFC
Michael Zullo,Michael Zullo,michaelzullo,DFFC
Michaela Kirchgasser,Michaela Kirchgasser,michaelakirchgasser,DFFC
Michaela Tabb,Michaela Tabb,michaelatabb,DFFC
Michaela Watkins,Michaela Watkins,michaelawatkins,DFFC
Michal Breznaník,Michal Breznaník,michalbreznank,DFFC
Michal Březina,Michal Březina,michalbezina,DFFC
Michal Martikán,Michal Martikán,michalmartikn,DFFC
Michal Prokop,Michal Prokop,michalprokop,DFFC
Michal Tučný,Michal Tučný,michaltun,DFFC
Michal Řepík,Michal Řepík,michalepk,DFFC
Michaël Bultheel,Michaël Bultheel,michalbultheel,DFFC
Michaël Rossi,Michaël Rossi,michalrossi,DFFC
Michaëlla Krajicek,Michaëlla Krajicek,michallakrajicek,DFFC
Michał Kwiatkowski,Michał Kwiatkowski,michakwiatkowski,DFFC
Michał Majewski,Michał Majewski,michamajewski,DFFC
Michał Olszewski,Michał Olszewski,michaolszewski,DFFC
Michał Urbaniak,Michał Urbaniak,michaurbaniak,DFFC
Michel Bastos,Michel Bastos,michelbastos,DFFC
Michel Berger,Michel Berger,michelberger,DFFC
Michel Boujenah,Michel Boujenah,michelboujenah,DFFC
Michel Butter,Michel Butter,michelbutter,DFFC
Michel Carrega,Michel Carrega,michelcarrega,DFFC
Michel Chartrand,Michel Chartrand,michelchartrand,DFFC
Michel Delpech,Michel Delpech,micheldelpech,DFFC
Michel Drucker,Michel Drucker,micheldrucker,DFFC
Michel Fabrizio,Michel Fabrizio,michelfabrizio,DFFC
Michel Goulet,Michel Goulet,michelgoulet,DFFC
Michel Koch,Michel Koch,michelkoch,DFFC
Michel Kreder,Michel Kreder,michelkreder,DFFC
Michel Platini Mesquita,Michel Platini Mesquita,michelplatinimesquita,DFFC
Michel Preud'homme,Michel Preud'homme,michelpreudhomme,DFFC
Michel Serres,Michel Serres,michelserres,DFFC
Michel Virlogeux,Michel Virlogeux,michelvirlogeux,DFFC
Michela Brunelli,Michela Brunelli,michelabrunelli,DFFC
Michela Fanini,Michela Fanini,michelafanini,DFFC
Michelangelo Signorile,Michelangelo Signorile,michelangelosignorile,DFFC
Michele Bartoli,Michele Bartoli,michelebartoli,DFFC
Michele Boldrin,Michele Boldrin,micheleboldrin,DFFC
Michele Cantú,Michele Cantú,michelecant,DFFC
Michele Godena,Michele Godena,michelegodena,DFFC
Michele Scarponi,Michele Scarponi,michelescarponi,DFFC
Micheline Presle,Micheline Presle,michelinepresle,DFFC
Michelle Borth,Michelle Borth,michelleborth,DFFC
Michelle Bridges,Michelle Bridges,michellebridges,DFFC
Michelle Carter,Michelle Carter,michellecarter,DFFC
Michelle Collins,Michelle Collins,michellecollins,DFFC
Michelle Errichiello,Michelle Errichiello,michelleerrichiello,DFFC
Michelle Jenneke,Michelle Jenneke,michellejenneke,DFFC
Michelle Krusiec,Michelle Krusiec,michellekrusiec,DFFC
Michelle Kwan,Michelle Kwan,michellekwan,DFFC
Michelle Lomnicki,Michelle Lomnicki,michellelomnicki,DFFC
Michelle Maylene,Michelle Maylene,michellemaylene,DFFC
Michelle Rodriguez,Michelle Rodriguez,michellerodriguez,DFFC
Michelle Rzepecki,Michelle Rzepecki,michellerzepecki,DFFC
Michelle Snow,Michelle Snow,michellesnow,DFFC
Michelle Thorne,Michelle Thorne,michellethorne,DFFC
Michelle Yeoh,Michelle Yeoh,michelleyeoh,DFFC
Michiel Vos,Michiel Vos,michielvos,DFFC
Michio Watanabe,Michio Watanabe,michiowatanabe,DFFC
Michèle Laroque,Michèle Laroque,michlelaroque,DFFC
Michèle Mouton,Michèle Mouton,michlemouton,DFFC
Mick Blue,Mick Blue,mickblue,DFFC
Mick Cocks,Mick Cocks,mickcocks,DFFC
Mick Garris,Mick Garris,mickgarris,DFFC
Mick Jagger,Mick Jagger,mickjagger,DFFC
Mickaël Gelabale,Mickaël Gelabale,mickalgelabale,DFFC
Mickaël Landreau,Mickaël Landreau,mickallandreau,DFFC
Mickell Gladness,Mickell Gladness,mickellgladness,DFFC
Mickey Hart,Mickey Hart,mickeyhart,DFFC
Mickey Kuhn,Mickey Kuhn,mickeykuhn,DFFC
Mickey Rivers,Mickey Rivers,mickeyrivers,DFFC
Mickey Roker,Mickey Roker,mickeyroker,DFFC
Mickey Sullivan,Mickey Sullivan,mickeysullivan,DFFC
Mickey Wernick,Mickey Wernick,mickeywernick,DFFC
Micki King,Micki King,mickiking,DFFC
Mickie James,Mickie James,mickiejames,DFFC
Micky Mellon,Micky Mellon,mickymellon,DFFC
Micky Ward,Micky Ward,mickyward,DFFC
Mieczysław Nowicki,Mieczysław Nowicki,mieczysawnowicki,DFFC
Mieka Pauley,Mieka Pauley,miekapauley,DFFC
Miesha Tate,Miesha Tate,mieshatate,DFFC
Miguel Alfonso Herrero,Miguel Alfonso Herrero,miguelalfonsoherrero,DFFC
Miguel Barzola,Miguel Barzola,miguelbarzola,DFFC
Miguel Britos,Miguel Britos,miguelbritos,DFFC
Miguel Calero,Miguel Calero,miguelcalero,DFFC
Miguel Cerejido,Miguel Cerejido,miguelcerejido,DFFC
Miguel Fuentes,Miguel Fuentes,miguelfuentes,DFFC
Miguel Maria Giambelli,Miguel Maria Giambelli,miguelmariagiambelli,DFFC
Miguel Molina,Miguel Molina,miguelmolina,DFFC
Miguel de la Espriella,Miguel de la Espriella,migueldelaespriella,DFFC
Miguel Ángel Jiménez,Miguel Ángel Jiménez,miguelngeljimnez,DFFC
Miguel Ángel Russo,Miguel Ángel Russo,miguelngelrusso,DFFC
Mihai Popescu,Mihai Popescu,mihaipopescu,DFFC
Miho Fukumoto,Miho Fukumoto,mihofukumoto,DFFC
Miho Mosulishvili,Miho Mosulishvili,mihomosulishvili,DFFC
Mihăiță Pleșan,Mihăiță Pleșan,mihiplean,DFFC
Miikka Anttila,Miikka Anttila,miikkaanttila,DFFC
Miiko Albornoz,Miiko Albornoz,miikoalbornoz,DFFC
Mijaín López,Mijaín López,mijanlpez,DFFC
Mika Boorem,Mika Boorem,mikaboorem,DFFC
Mika Brzezinski,Mika Brzezinski,mikabrzezinski,DFFC
Mika Poutala,Mika Poutala,mikapoutala,DFFC
Mika Salo,Mika Salo,mikasalo,DFFC
Mika Tan,Mika Tan,mikatan,DFFC
Mikael Antonsson,Mikael Antonsson,mikaelantonsson,DFFC
Mikael Colville-Andersen,Mikael Colville-Andersen,mikaelcolvilleandersen,DFFC
Mikael Johansson,Mikael Johansson,mikaeljohansson,DFFC
Mikael Lustig,Mikael Lustig,mikaellustig,DFFC
Mikael Rosén,Mikael Rosén,mikaelrosn,DFFC
Mikael Wiehe,Mikael Wiehe,mikaelwiehe,DFFC
Mikal Cronin,Mikal Cronin,mikalcronin,DFFC
Mike Alexander,Mike Alexander,mikealexander,DFFC
Mike Alstott,Mike Alstott,mikealstott,DFFC
Mike Brown,Mike Brown,mikebrown,DFFC
Mike Brumley,Mike Brumley,mikebrumley,DFFC
Mike Byster,Mike Byster,mikebyster,DFFC
Mike Carlin,Mike Carlin,mikecarlin,DFFC
Mike Carlton,Mike Carlton,mikecarlton,DFFC
Mike Carona,Mike Carona,mikecarona,DFFC
Mike Chavez-Dawson,Mike Chavez-Dawson,mikechavezdawson,DFFC
Mike Conway,Mike Conway,mikeconway,DFFC
Mike D'Antoni,Mike D'Antoni,mikedantoni,DFFC
Mike Dart,Mike Dart,mikedart,DFFC
Mike Deodato,Mike Deodato,mikedeodato,DFFC
Mike DiMuro,Mike DiMuro,mikedimuro,DFFC
Mike Eruzione,Mike Eruzione,mikeeruzione,DFFC
Mike Estabrook,Mike Estabrook,mikeestabrook,DFFC
Mike Farrell,Mike Farrell,mikefarrell,DFFC
Mike Figgis,Mike Figgis,mikefiggis,DFFC
Mike Finn,Mike Finn,mikefinn,DFFC
Mike Francesa,Mike Francesa,mikefrancesa,DFFC
Mike Friedrich,Mike Friedrich,mikefriedrich,DFFC
Mike Fuentes,Mike Fuentes,mikefuentes,DFFC
Mike Gambino,Mike Gambino,mikegambino,DFFC
Mike Glita,Mike Glita,mikeglita,DFFC
Mike Godwin,Mike Godwin,mikegodwin,DFFC
Mike Golic,Mike Golic,mikegolic,DFFC
Mike Goodson,Mike Goodson,mikegoodson,DFFC
Mike Gottfried,Mike Gottfried,mikegottfried,DFFC
Mike Green,Mike Green,mikegreen,DFFC
Mike Grell,Mike Grell,mikegrell,DFFC
Mike Harding,Mike Harding,mikeharding,DFFC
Mike Hart,Mike Hart,mikehart,DFFC
Mike Hohensee,Mike Hohensee,mikehohensee,DFFC
Mike Hoolboom,Mike Hoolboom,mikehoolboom,DFFC
Mike Inez,Mike Inez,mikeinez,DFFC
Mike Iupati,Mike Iupati,mikeiupati,DFFC
Mike Jackson,Mike Jackson,mikejackson,DFFC
Mike James,Mike James,mikejames,DFFC
Mike Jenkins,Mike Jenkins,mikejenkins,DFFC
Mike Jittlov,Mike Jittlov,mikejittlov,DFFC
Mike Keneally,Mike Keneally,mikekeneally,DFFC
Mike Kinsella,Mike Kinsella,mikekinsella,DFFC
Mike Koplove,Mike Koplove,mikekoplove,DFFC
Mike Kowalski,Mike Kowalski,mikekowalski,DFFC
Mike Krahulik,Mike Krahulik,mikekrahulik,DFFC
Mike Lange,Mike Lange,mikelange,DFFC
Mike Leach,Mike Leach,mikeleach,DFFC
Mike Leon Grosch,Mike Leon Grosch,mikeleongrosch,DFFC
Mike Martin,Mike Martin,mikemartin,DFFC
Mike Masnick,Mike Masnick,mikemasnick,DFFC
Mike Matusow,Mike Matusow,mikematusow,DFFC
Mike Mazurki,Mike Mazurki,mikemazurki,DFFC
Mike McCarthy,Mike McCarthy,mikemccarthy,DFFC
Mike McCoy,Mike McCoy,mikemccoy,DFFC
Mike Mills,Mike Mills,mikemills,DFFC
Mike Mitchell,Mike Mitchell,mikemitchell,DFFC
Mike Mohamed,Mike Mohamed,mikemohamed,DFFC
Mike Morgan,Mike Morgan,mikemorgan,DFFC
Mike Muchlinski,Mike Muchlinski,mikemuchlinski,DFFC
Mike Muscala,Mike Muscala,mikemuscala,DFFC
Mike Myers,Mike Myers,mikemyers,DFFC
Mike O'Malley,Mike O'Malley,mikeomalley,DFFC
Mike Pagliarulo,Mike Pagliarulo,mikepagliarulo,DFFC
Mike Piazza,Mike Piazza,mikepiazza,DFFC
Mike Polchlopek,Mike Polchlopek,mikepolchlopek,DFFC
Mike Quackenbush,Mike Quackenbush,mikequackenbush,DFFC
Mike Remmers,Mike Remmers,mikeremmers,DFFC
Mike Rinder,Mike Rinder,mikerinder,DFFC
Mike Roarke,Mike Roarke,mikeroarke,DFFC
Mike Rojas,Mike Rojas,mikerojas,DFFC
Mike Rossman,Mike Rossman,mikerossman,DFFC
Mike Schroepfer,Mike Schroepfer,mikeschroepfer,DFFC
Mike Scully,Mike Scully,mikescully,DFFC
Mike Sexton,Mike Sexton,mikesexton,DFFC
Mike Shanahan,Mike Shanahan,mikeshanahan,DFFC
Mike Shannon,Mike Shannon,mikeshannon,DFFC
Mike Sherman,Mike Sherman,mikesherman,DFFC
Mike Sislo,Mike Sislo,mikesislo,DFFC
Mike Skinner,Mike Skinner,mikeskinner,DFFC
Mike Smith,Mike Smith,mikesmith,DFFC
Mike Spegal,Mike Spegal,mikespegal,DFFC
Mike Stevens,Mike Stevens,mikestevens,DFFC
Mike Tenay,Mike Tenay,miketenay,DFFC
Mike Tomlin,Mike Tomlin,miketomlin,DFFC
Mike Tyson,Mike Tyson,miketyson,DFFC
Mike Vernon,Mike Vernon,mikevernon,DFFC
Mike Wallace,Mike Wallace,mikewallace,DFFC
Mike Walton,Mike Walton,mikewalton,DFFC
Mike Wheeler,Mike Wheeler,mikewheeler,DFFC
Mike White,Mike White,mikewhite,DFFC
Mike Williamson,Mike Williamson,mikewilliamson,DFFC
Mike Winters,Mike Winters,mikewinters,DFFC
Mikel Landa,Mikel Landa,mikellanda,DFFC
Mikel Leshoure,Mikel Leshoure,mikelleshoure,DFFC
Mikel Nieve,Mikel Nieve,mikelnieve,DFFC
Mikele Leigertwood,Mikele Leigertwood,mikeleleigertwood,DFFC
Mikey Welsh,Mikey Welsh,mikeywelsh,DFFC
Mikey Whipwreck,Mikey Whipwreck,mikeywhipwreck,DFFC
Mikhail Bagayev,Mikhail Bagayev,mikhailbagayev,DFFC
Mikhail Egorovich Alekseev,Mikhail Egorovich Alekseev,mikhailegorovichalekseev,DFFC
Mikhail Grabovski,Mikhail Grabovski,mikhailgrabovski,DFFC
Mikhail Grigorenko,Mikhail Grigorenko,mikhailgrigorenko,DFFC
Mikhail Kerzhakov,Mikhail Kerzhakov,mikhailkerzhakov,DFFC
Mikhail Kozlovskiy,Mikhail Kozlovskiy,mikhailkozlovskiy,DFFC
Mikhail Magerovski,Mikhail Magerovski,mikhailmagerovski,DFFC
Mikhail Zhvanetsky,Mikhail Zhvanetsky,mikhailzhvanetsky,DFFC
Miki Berkovich,Miki Berkovich,mikiberkovich,DFFC
Miki Fujimoto,Miki Fujimoto,mikifujimoto,DFFC
Miki Malör,Miki Malör,mikimalr,DFFC
Miki Satō,Miki Satō,mikisat,DFFC
Mikk Pahapill,Mikk Pahapill,mikkpahapill,DFFC
Mikkel Følsgaard,Mikkel Følsgaard,mikkelflsgaard,DFFC
Mikko Hirvonen,Mikko Hirvonen,mikkohirvonen,DFFC
Mikko Vilmunen,Mikko Vilmunen,mikkovilmunen,DFFC
Mikoi Sasaki,Mikoi Sasaki,mikoisasaki,DFFC
Mila del Sol,Mila del Sol,miladelsol,DFFC
Milagros Cabral,Milagros Cabral,milagroscabral,DFFC
Milan Biševac,Milan Biševac,milanbievac,DFFC
Milan Dozet,Milan Dozet,milandozet,DFFC
Milan Kojić,Milan Kojić,milankoji,DFFC
Milan Lucic,Milan Lucic,milanlucic,DFFC
Milan Obradović,Milan Obradović,milanobradovi,DFFC
Milan Rodić,Milan Rodić,milanrodi,DFFC
Milan Vilotić,Milan Vilotić,milanviloti,DFFC
Milana Terloeva,Milana Terloeva,milanaterloeva,DFFC
Mildred Dresselhaus,Mildred Dresselhaus,mildreddresselhaus,DFFC
Mildred Dunnock,Mildred Dunnock,mildreddunnock,DFFC
Milenko Tepić,Milenko Tepić,milenkotepi,DFFC
Miler Bolaños,Miler Bolaños,milerbolaos,DFFC
Miles Benjamin Anthony Robinson,Miles Benjamin Anthony Robinson,milesbenjaminanthonyrobinson,DFFC
Miles Burris,Miles Burris,milesburris,DFFC
Miles Jupp,Miles Jupp,milesjupp,DFFC
Miles O'Brien,Miles O'Brien,milesobrien,DFFC
Miles Tunnicliff,Miles Tunnicliff,milestunnicliff,DFFC
Mili Jay,Mili Jay,milijay,DFFC
Miljenko Jergović,Miljenko Jergović,miljenkojergovi,DFFC
Milka Duno,Milka Duno,milkaduno,DFFC
Milla Jovovich,Milla Jovovich,millajovovich,DFFC
Millard Hampton,Millard Hampton,millardhampton,DFFC
Millard Mitchell,Millard Mitchell,millardmitchell,DFFC
Millard Powers,Millard Powers,millardpowers,DFFC
Milo Hamilton,Milo Hamilton,milohamilton,DFFC
Milo Ventimiglia,Milo Ventimiglia,miloventimiglia,DFFC
Milo Yiannopoulos,Milo Yiannopoulos,miloyiannopoulos,DFFC
Milos Raonic,Milos Raonic,milosraonic,DFFC
Miloš Dimitrijević,Miloš Dimitrijević,milodimitrijevi,DFFC
Miloš Jojić,Miloš Jojić,milojoji,DFFC
Miloš Krasić,Miloš Krasić,milokrasi,DFFC
Miloš Kruščić,Miloš Kruščić,milokrui,DFFC
Miloš Mikeln,Miloš Mikeln,milomikeln,DFFC
Milton Caniff,Milton Caniff,miltoncaniff,DFFC
Milton Cruz,Milton Cruz,miltoncruz,DFFC
Milton Frome,Milton Frome,miltonfrome,DFFC
Milton Glaser,Milton Glaser,miltonglaser,DFFC
Milton Wynants,Milton Wynants,miltonwynants,DFFC
Mimi Miyagi,Mimi Miyagi,mimimiyagi,DFFC
Mims,Mims,mims,DFFC
Min Do-hee,Min Do-hee,mindohee,DFFC
Min Hyo-rin,Min Hyo-rin,minhyorin,DFFC
Mina Markovič,Mina Markovič,minamarkovi,DFFC
Minami Minegishi,Minami Minegishi,minamiminegishi,DFFC
Minami Takahashi,Minami Takahashi,minamitakahashi,DFFC
Minatsu Mitani,Minatsu Mitani,minatsumitani,DFFC
Mindy Kaling,Mindy Kaling,mindykaling,DFFC
Mindy Smith,Mindy Smith,mindysmith,DFFC
Minerva G. Carcaño,Minerva G Carcaño,minervagcarcao,DFFC
Mingiyan Semenov,Mingiyan Semenov,mingiyansemenov,DFFC
Minh Ly,Minh Ly,minhly,DFFC
Minissha Lamba,Minissha Lamba,minisshalamba,DFFC
Minka Kelly,Minka Kelly,minkakelly,DFFC
Minna Nikkanen,Minna Nikkanen,minnanikkanen,DFFC
Minori Chihara,Minori Chihara,minorichihara,DFFC
Mira Aroyo,Mira Aroyo,miraaroyo,DFFC
Miralem Pjanić,Miralem Pjanić,miralempjani,DFFC
Miranda Cicognani,Miranda Cicognani,mirandacicognani,DFFC
Miranda July,Miranda July,mirandajuly,DFFC
Miranda Richardson,Miranda Richardson,mirandarichardson,DFFC
Mircea Diaconu,Mircea Diaconu,mirceadiaconu,DFFC
Mircea Lucescu,Mircea Lucescu,mircealucescu,DFFC
Mircea Pârligras,Mircea Pârligras,mirceaprligras,DFFC
Miri Ben-Ari,Miri Ben-Ari,miribenari,DFFC
Miriam Ben-Porat,Miriam Ben-Porat,miriambenporat,DFFC
Miriam Leone,Miriam Leone,miriamleone,DFFC
Miriam Stein,Miriam Stein,miriamstein,DFFC
Miriam Ziegler,Miriam Ziegler,miriamziegler,DFFC
Mirjana Joković,Mirjana Joković,mirjanajokovi,DFFC
Mirka Federer,Mirka Federer,mirkafederer,DFFC
Mirko Celestino,Mirko Celestino,mirkocelestino,DFFC
Mirko Vučinić,Mirko Vučinić,mirkovuini,DFFC
Miro Bilan,Miro Bilan,mirobilan,DFFC
Miroslav Lobantsev,Miroslav Lobantsev,miroslavlobantsev,DFFC
Miroslav Radović,Miroslav Radović,miroslavradovi,DFFC
Miroslav Raduljica,Miroslav Raduljica,miroslavraduljica,DFFC
Mirosława Litmanowicz,Mirosława Litmanowicz,mirosawalitmanowicz,DFFC
Mirusia Louwerse,Mirusia Louwerse,mirusialouwerse,DFFC
Miryo,Miryo,miryo,DFFC
Mirza Tahir Ahmad,Mirza Tahir Ahmad,mirzatahirahmad,DFFC
Misha Collins,Misha Collins,mishacollins,DFFC
Misha Ge,Misha Ge,mishage,DFFC
Miss Foozie,Miss Foozie,missfoozie,DFFC
Miss Ming,Miss Ming,missming,DFFC
Missy Elliott,Missy Elliott,missyelliott,DFFC
Missy Higgins,Missy Higgins,missyhiggins,DFFC
Mistah F.A.B.,Mistah FAB,mistahfab,DFFC
Misty May-Treanor,Misty May-Treanor,mistymaytreanor,DFFC
Misty Stone,Misty Stone,mistystone,DFFC
Mitch Halpern,Mitch Halpern,mitchhalpern,DFFC
Mitch Hedberg,Mitch Hedberg,mitchhedberg,DFFC
Mitch Lucker,Mitch Lucker,mitchlucker,DFFC
Mitch McGary,Mitch McGary,mitchmcgary,DFFC
Mitchel Musso,Mitchel Musso,mitchelmusso,DFFC
Mitchel Resnick,Mitchel Resnick,mitchelresnick,DFFC
Mitchell Duke,Mitchell Duke,mitchellduke,DFFC
Mitchell Gourley,Mitchell Gourley,mitchellgourley,DFFC
Mitchell Islam,Mitchell Islam,mitchellislam,DFFC
Mitchell Schwartz,Mitchell Schwartz,mitchellschwartz,DFFC
Mithra Jin,Mithra Jin,mithrajin,DFFC
Miwa Asao,Miwa Asao,miwaasao,DFFC
Miwa Fukuhara,Miwa Fukuhara,miwafukuhara,DFFC
Miyako Matsumoto,Miyako Matsumoto,miyakomatsumoto,DFFC
Miyavi,Miyavi,miyavi,DFFC
Miyuki Maeda,Miyuki Maeda,miyukimaeda,DFFC
Mizuho Sakaguchi,Mizuho Sakaguchi,mizuhosakaguchi,DFFC
Mladen Palac,Mladen Palac,mladenpalac,DFFC
Mladen Petrić,Mladen Petrić,mladenpetri,DFFC
Mo Farah,Mo Farah,mofarah,DFFC
Mo Rocca,Mo Rocca,morocca,DFFC
Mo Willems,Mo Willems,mowillems,DFFC
Mo Yan,Mo Yan,moyan,DFFC
Moa Gammel,Moa Gammel,moagammel,DFFC
Moa Kikuchi,Moa Kikuchi,moakikuchi,DFFC
Mocky,Mocky,mocky,DFFC
Moe Drabowsky,Moe Drabowsky,moedrabowsky,DFFC
Moeletsi Mbeki,Moeletsi Mbeki,moeletsimbeki,DFFC
Moestopo,Moestopo,moestopo,DFFC
Mohamed Al-Fayed,Mohamed Al-Fayed,mohamedalfayed,DFFC
Mohamed Albuflasa,Mohamed Albuflasa,mohamedalbuflasa,DFFC
Mohamed Charmi,Mohamed Charmi,mohamedcharmi,DFFC
Mohamed El-Sayed,Mohamed El-Sayed,mohamedelsayed,DFFC
Mohamed Elneny,Mohamed Elneny,mohamedelneny,DFFC
Mohamed Hassanein Heikal,Mohamed Hassanein Heikal,mohamedhassaneinheikal,DFFC
Mohamed Kamara,Mohamed Kamara,mohamedkamara,DFFC
Mohamed Omar,Mohamed Omar,mohamedomar,DFFC
Mohamed Salah,Mohamed Salah,mohamedsalah,DFFC
Mohammad Abshak,Mohammad Abshak,mohammadabshak,DFFC
Mohammad Ashraf,Mohammad Ashraf,mohammadashraf,DFFC
Mohammad Asif,Mohammad Asif,mohammadasif,DFFC
Mohammad Ghazi,Mohammad Ghazi,mohammadghazi,DFFC
Mohammad Reza Khalatbari,Mohammad Reza Khalatbari,mohammadrezakhalatbari,DFFC
Mohammad Reza Mahdavi,Mohammad Reza Mahdavi,mohammadrezamahdavi,DFFC
Mohammad Usman Rana,Mohammad Usman Rana,mohammadusmanrana,DFFC
Mohammad-Reza Shafiei Kadkani,Mohammad-Reza Shafiei Kadkani,mohammadrezashafieikadkani,DFFC
Mohammed Assaf,Mohammed Assaf,mohammedassaf,DFFC
Mohammed Bilal Khatri,Mohammed Bilal Khatri,mohammedbilalkhatri,DFFC
Mohammed Fellah,Mohammed Fellah,mohammedfellah,DFFC
Mohammed Seisay,Mohammed Seisay,mohammedseisay,DFFC
Mohsen Badawi,Mohsen Badawi,mohsenbadawi,DFFC
Mohsen Delir,Mohsen Delir,mohsendelir,DFFC
Moisés Arias,Moisés Arias,moissarias,DFFC
Moisés Hurtado,Moisés Hurtado,moisshurtado,DFFC
Moisés Muñoz,Moisés Muñoz,moissmuoz,DFFC
Mojca Kopač,Mojca Kopač,mojcakopa,DFFC
Mojo Nixon,Mojo Nixon,mojonixon,DFFC
Molly Holly,Molly Holly,mollyholly,DFFC
Molly Neuman,Molly Neuman,mollyneuman,DFFC
Molly Smitten-Downes,Molly Smitten-Downes,mollysmittendownes,DFFC
Momoko Ueda,Momoko Ueda,momokoueda,DFFC
Monali Thakur,Monali Thakur,monalithakur,DFFC
Monica,Monica,monica,DFFC
Monica Anghel,Monica Anghel,monicaanghel,DFFC
Monica Hickmann Alves,Monica Hickmann Alves,monicahickmannalves,DFFC
Monica Lewinsky,Monica Lewinsky,monicalewinsky,DFFC
Monica Mayhem,Monica Mayhem,monicamayhem,DFFC
Monica Sweetheart,Monica Sweetheart,monicasweetheart,DFFC
Monika Simančíková,Monika Simančíková,monikasimankov,DFFC
Monika Tsõganova,Monika Tsõganova,monikatsganova,DFFC
Monique Coleman,Monique Coleman,moniquecoleman,DFFC
Monique DeMoan,Monique DeMoan,moniquedemoan,DFFC
Monique Wright,Monique Wright,moniquewright,DFFC
Monk Montgomery,Monk Montgomery,monkmontgomery,DFFC
Montana Cox,Montana Cox,montanacox,DFFC
Monte Yoho,Monte Yoho,monteyoho,DFFC
Montserrat Figueras,Montserrat Figueras,montserratfigueras,DFFC
Monty Oum,Monty Oum,montyoum,DFFC
Monty Roberts,Monty Roberts,montyroberts,DFFC
Moon Soon-ho,Moon Soon-ho,moonsoonho,DFFC
Moran Mazor,Moran Mazor,moranmazor,DFFC
Mordechai Vanunu,Mordechai Vanunu,mordechaivanunu,DFFC
Moreno Argentin,Moreno Argentin,morenoargentin,DFFC
Moreno Moser,Moreno Moser,morenomoser,DFFC
Morgan Brian,Morgan Brian,morganbrian,DFFC
Morgan Cox,Morgan Cox,morgancox,DFFC
Morgan De Sanctis,Morgan De Sanctis,morgandesanctis,DFFC
Morgan Fairchild,Morgan Fairchild,morganfairchild,DFFC
Morgan Freeman,Morgan Freeman,morganfreeman,DFFC
Morgan Lake,Morgan Lake,morganlake,DFFC
Morgan Lamoisson,Morgan Lamoisson,morganlamoisson,DFFC
Morgan Schneiderlin,Morgan Schneiderlin,morganschneiderlin,DFFC
Morgan Trent,Morgan Trent,morgantrent,DFFC
Moritz Milatz,Moritz Milatz,moritzmilatz,DFFC
Moritz Stoppelkamp,Moritz Stoppelkamp,moritzstoppelkamp,DFFC
Moritz Volz,Moritz Volz,moritzvolz,DFFC
"Moritz, Landgrave of Hesse","Moritz, Landgrave of Hesse",moritzlandgraveofhesse,DFFC
Morris Possoni,Morris Possoni,morrispossoni,DFFC
Morrissey,Morrissey,morrissey,DFFC
Morten Harket,Morten Harket,mortenharket,DFFC
Morten Pedersen,Morten Pedersen,mortenpedersen,DFFC
Morten Schantz,Morten Schantz,mortenschantz,DFFC
Morten Skaget,Morten Skaget,mortenskaget,DFFC
Morten Veland,Morten Veland,mortenveland,DFFC
Morteza Mahjoub,Morteza Mahjoub,mortezamahjoub,DFFC
Moses Chan,Moses Chan,moseschan,DFFC
Moshe Kasher,Moshe Kasher,moshekasher,DFFC
Mother Teresa,Mother Teresa,motherteresa,DFFC
Moti Kirschenbaum,Moti Kirschenbaum,motikirschenbaum,DFFC
Mototsugu Shimizu,Mototsugu Shimizu,mototsugushimizu,DFFC
Mouhamadou Dabo,Mouhamadou Dabo,mouhamadoudabo,DFFC
Moussa Maâzou,Moussa Maâzou,moussamazou,DFFC
Moussa Sissoko,Moussa Sissoko,moussasissoko,DFFC
Moxie,Moxie,moxie,DFFC
Mr. Gannosuke,Mr Gannosuke,mrgannosuke,DFFC
Mr. Lawrence,Mr Lawrence,mrlawrence,DFFC
Mr. Scruff,Mr Scruff,mrscruff,DFFC
Mree,Mree,mree,DFFC
Ms. Dynamite,Ms Dynamite,msdynamite,DFFC
Muffy Calder,Muffy Calder,muffycalder,DFFC
Muhammad Ali Pate,Muhammad Ali Pate,muhammadalipate,DFFC
Muhammad Sharif,Muhammad Sharif,muhammadsharif,DFFC
Muhammad Shariff,Muhammad Shariff,muhammadshariff,DFFC
Muhammad Yunus,Muhammad Yunus,muhammadyunus,DFFC
Muhammed Lawal,Muhammed Lawal,muhammedlawal,DFFC
Muhammet Demir,Muhammet Demir,muhammetdemir,DFFC
Muhsinah,Muhsinah,muhsinah,DFFC
Mujaddid Ahmed Ijaz,Mujaddid Ahmed Ijaz,mujaddidahmedijaz,DFFC
Mukhlid Al-Otaibi,Mukhlid Al-Otaibi,mukhlidalotaibi,DFFC
Muminjon Abdullaev,Muminjon Abdullaev,muminjonabdullaev,DFFC
Muna,Muna,muna,DFFC
Munisha Rajpal,Munisha Rajpal,munisharajpal,DFFC
Murali Kartik,Murali Kartik,muralikartik,DFFC
Murcof,Murcof,murcof,DFFC
Muriel Hurtis-Houairi,Muriel Hurtis-Houairi,murielhurtishouairi,DFFC
Murielle Ahouré,Murielle Ahouré,murielleahour,DFFC
Murilo Fischer,Murilo Fischer,murilofischer,DFFC
Muriqui,Muriqui,muriqui,DFFC
Murray Gell-Mann,Murray Gell-Mann,murraygellmann,DFFC
Murray Hamilton,Murray Hamilton,murrayhamilton,DFFC
Murray Haszard,Murray Haszard,murrayhaszard,DFFC
Murray Head,Murray Head,murrayhead,DFFC
Murray the K,Murray the K,murraythek,DFFC
Murry Dickson,Murry Dickson,murrydickson,DFFC
Musetta Vander,Musetta Vander,musettavander,DFFC
Muska,Muska,muska,DFFC
Mustafa Kučuković,Mustafa Kučuković,mustafakuukovi,DFFC
Mustafa Pektemek,Mustafa Pektemek,mustafapektemek,DFFC
Mustafa Yılmaz,Mustafa Yılmaz,mustafaylmaz,DFFC
Mutlu Topçu,Mutlu Topçu,mutlutopu,DFFC
Mutya Buena,Mutya Buena,mutyabuena,DFFC
Mylène Dinh-Robic,Mylène Dinh-Robic,mylnedinhrobic,DFFC
Myq Kaplan,Myq Kaplan,myqkaplan,DFFC
Myriam Bru,Myriam Bru,myriambru,DFFC
Myriane Samson,Myriane Samson,myrianesamson,DFFC
MzVee,MzVee,mzvee,DFFC
Mzonke Fana,Mzonke Fana,mzonkefana,DFFC
Mário Breška,Mário Breška,mriobreka,DFFC
Mário Felgueiras,Mário Felgueiras,mriofelgueiras,DFFC
Máximo,Máximo,mximo,DFFC
Märt Israel,Märt Israel,mrtisrael,DFFC
Märta Tikkanen,Märta Tikkanen,mrtatikkanen,DFFC
Mélanie René,Mélanie René,mlanieren,DFFC
Mélanie Thierry,Mélanie Thierry,mlaniethierry,DFFC
Mërgim Mavraj,Mërgim Mavraj,mrgimmavraj,DFFC
Mícheál Ó Domhnaill,Mícheál Ó Domhnaill,mcheldomhnaill,DFFC
Mícheál Ó Muircheartaigh,Mícheál Ó Muircheartaigh,mchelmuircheartaigh,DFFC
Mónica Puig,Mónica Puig,mnicapuig,DFFC
Māris Štrombergs,Māris Štrombergs,mristrombergs,DFFC
Mădălina Gojnea,Mădălina Gojnea,mdlinagojnea,DFFC
N. Scott Momaday,N Scott Momaday,nscottmomaday,DFFC
NC.A,NCA,nca,DFFC
Naaman Roosevelt,Naaman Roosevelt,naamanroosevelt,DFFC
Nabil Fekir,Nabil Fekir,nabilfekir,DFFC
Nacer Barazite,Nacer Barazite,nacerbarazite,DFFC
Nacer Chadli,Nacer Chadli,nacerchadli,DFFC
Nacho Novo,Nacho Novo,nachonovo,DFFC
Nacho Vigalondo,Nacho Vigalondo,nachovigalondo,DFFC
Nadav Henefeld,Nadav Henefeld,nadavhenefeld,DFFC
Nadeea,Nadeea,nadeea,DFFC
Nadia Ali,Nadia Ali,nadiaali,DFFC
Nadia Bjorlin,Nadia Bjorlin,nadiabjorlin,DFFC
Nadia Dajani,Nadia Dajani,nadiadajani,DFFC
Nadia Litz,Nadia Litz,nadialitz,DFFC
Nadiia Kichenok,Nadiia Kichenok,nadiiakichenok,DFFC
Nadine Garner,Nadine Garner,nadinegarner,DFFC
Nadine Kleinert,Nadine Kleinert,nadinekleinert,DFFC
Nadine Müller,Nadine Müller,nadinemller,DFFC
Nadja Benaissa,Nadja Benaissa,nadjabenaissa,DFFC
Nadja Sieger,Nadja Sieger,nadjasieger,DFFC
Nadège Lacroix,Nadège Lacroix,nadgelacroix,DFFC
Nae Lăzărescu,Nae Lăzărescu,naelzrescu,DFFC
Naftali Temu,Naftali Temu,naftalitemu,DFFC
Naganori Ito,Naganori Ito,naganoriito,DFFC
Nagehan Akşan,Nagehan Akşan,nagehanakan,DFFC
Nagui,Nagui,nagui,DFFC
Nahir Oyal,Nahir Oyal,nahiroyal,DFFC
Nail Yakupov,Nail Yakupov,nailyakupov,DFFC
Nairo Quintana,Nairo Quintana,nairoquintana,DFFC
Najee Goode,Najee Goode,najeegoode,DFFC
Nakako Tsuzuki,Nakako Tsuzuki,nakakotsuzuki,DFFC
Nam Hyun-hee,Nam Hyun-hee,namhyunhee,DFFC
Nam Ji-hyun,Nam Ji-hyun,namjihyun,DFFC
Nan Goldin,Nan Goldin,nangoldin,DFFC
Nan Wynn,Nan Wynn,nanwynn,DFFC
Nana Dzagnidze,Nana Dzagnidze,nanadzagnidze,DFFC
Nana Meriwether,Nana Meriwether,nanameriwether,DFFC
Nana Takeda,Nana Takeda,nanatakeda,DFFC
Nanase Nishino,Nanase Nishino,nanasenishino,DFFC
Nancy Dussault,Nancy Dussault,nancydussault,DFFC
Nancy Kerrigan,Nancy Kerrigan,nancykerrigan,DFFC
Nancy Kress,Nancy Kress,nancykress,DFFC
Nancy Stafford,Nancy Stafford,nancystafford,DFFC
Nancy Walker,Nancy Walker,nancywalker,DFFC
Nancy Wexler,Nancy Wexler,nancywexler,DFFC
Nancy Wilson,Nancy Wilson,nancywilson,DFFC
Nando Reis,Nando Reis,nandoreis,DFFC
Nando de Colo,Nando de Colo,nandodecolo,DFFC
Nanne Grönvall,Nanne Grönvall,nannegrnvall,DFFC
Naohiro Takahara,Naohiro Takahara,naohirotakahara,DFFC
Naoki Hattori,Naoki Hattori,naokihattori,DFFC
Naomi Campbell,Naomi Campbell,naomicampbell,DFFC
Naomi Judd,Naomi Judd,naomijudd,DFFC
Naomi Lang,Naomi Lang,naomilang,DFFC
Napakpapha Nakprasitte,Napakpapha Nakprasitte,napakpaphanakprasitte,DFFC
Nappy Brown,Nappy Brown,nappybrown,DFFC
Nardwuar the Human Serviette,Nardwuar the Human Serviette,nardwuarthehumanserviette,DFFC
Nargis Fakhri,Nargis Fakhri,nargisfakhri,DFFC
Narumi Takahashi,Narumi Takahashi,narumitakahashi,DFFC
Nasir Aslam Wani,Nasir Aslam Wani,nasiraslamwani,DFFC
Nasri,Nasri,nasri,DFFC
Nasrin Sotoudeh,Nasrin Sotoudeh,nasrinsotoudeh,DFFC
Nasser Al-Attiyah,Nasser Al-Attiyah,nasseralattiyah,DFFC
Nastasia Noens,Nastasia Noens,nastasianoens,DFFC
Nastassja Kinski,Nastassja Kinski,nastassjakinski,DFFC
Nat Faxon,Nat Faxon,natfaxon,DFFC
Natacha Amal,Natacha Amal,natachaamal,DFFC
Natalia Lafourcade,Natalia Lafourcade,natalialafourcade,DFFC
Natalia Molchanova,Natalia Molchanova,nataliamolchanova,DFFC
Natalia Osipova,Natalia Osipova,nataliaosipova,DFFC
Natalia Pablos,Natalia Pablos,nataliapablos,DFFC
Natalia Pacierpnik,Natalia Pacierpnik,nataliapacierpnik,DFFC
Natalia Popova,Natalia Popova,nataliapopova,DFFC
Natalia Romero,Natalia Romero,nataliaromero,DFFC
Natalia Tena,Natalia Tena,nataliatena,DFFC
Natalia Zhukova,Natalia Zhukova,nataliazhukova,DFFC
Natalie Achonwa,Natalie Achonwa,natalieachonwa,DFFC
Natalie Bassingthwaighte,Natalie Bassingthwaighte,nataliebassingthwaighte,DFFC
Natalie Cole,Natalie Cole,nataliecole,DFFC
Natalie Dessay,Natalie Dessay,nataliedessay,DFFC
Natalie Dormer,Natalie Dormer,nataliedormer,DFFC
Natalie Gauci,Natalie Gauci,nataliegauci,DFFC
Natalie Imbruglia,Natalie Imbruglia,natalieimbruglia,DFFC
Natalie Morales,Natalie Morales,nataliemorales,DFFC
Natalie Pack,Natalie Pack,nataliepack,DFFC
Natalie Pinkham,Natalie Pinkham,nataliepinkham,DFFC
Natalie Portman,Natalie Portman,natalieportman,DFFC
Natalie Tran,Natalie Tran,natalietran,DFFC
Natalie Vértiz,Natalie Vértiz,natalievrtiz,DFFC
Natalie Zea,Natalie Zea,nataliezea,DFFC
Nataliya Pyhyda,Nataliya Pyhyda,nataliyapyhyda,DFFC
Natalya,Natalya,natalya,DFFC
Natalya Mammadova,Natalya Mammadova,natalyamammadova,DFFC
Natascha Badmann,Natascha Badmann,nataschabadmann,DFFC
Natascha McElhone,Natascha McElhone,nataschamcelhone,DFFC
Natasha Alam,Natasha Alam,natashaalam,DFFC
Natasha Kaplinsky,Natasha Kaplinsky,natashakaplinsky,DFFC
Natasha Richardson,Natasha Richardson,natasharichardson,DFFC
Natasha Thomas,Natasha Thomas,natashathomas,DFFC
Natasha Trethewey,Natasha Trethewey,natashatrethewey,DFFC
Nataša Krsmanović,Nataša Krsmanović,nataakrsmanovi,DFFC
Nate Berkus,Nate Berkus,nateberkus,DFFC
Nate Dogg,Nate Dogg,natedogg,DFFC
Nate Huffman,Nate Huffman,natehuffman,DFFC
Nate Hughes,Nate Hughes,natehughes,DFFC
Nate Longshore,Nate Longshore,natelongshore,DFFC
Nate Parker,Nate Parker,nateparker,DFFC
Nate Robinson,Nate Robinson,naterobinson,DFFC
Nate Ruess,Nate Ruess,nateruess,DFFC
Nate Solder,Nate Solder,natesolder,DFFC
Nate Thayer,Nate Thayer,natethayer,DFFC
Nate Washington,Nate Washington,natewashington,DFFC
Nathalie Baye,Nathalie Baye,nathaliebaye,DFFC
Nathalie Nordquist,Nathalie Nordquist,nathalienordquist,DFFC
Nathalie Péchalat,Nathalie Péchalat,nathaliepchalat,DFFC
Nathan Aké,Nathan Aké,nathanak,DFFC
Nathan Baker,Nathan Baker,nathanbaker,DFFC
Nathan Beaulieu,Nathan Beaulieu,nathanbeaulieu,DFFC
Nathan Brannen,Nathan Brannen,nathanbrannen,DFFC
Nathan Buckley,Nathan Buckley,nathanbuckley,DFFC
Nathan Cameron,Nathan Cameron,nathancameron,DFFC
Nathan Coe,Nathan Coe,nathancoe,DFFC
Nathan Doyle,Nathan Doyle,nathandoyle,DFFC
Nathan Gamble,Nathan Gamble,nathangamble,DFFC
Nathan Jawai,Nathan Jawai,nathanjawai,DFFC
Nathan Jones,Nathan Jones,nathanjones,DFFC
Nathan Krakouer,Nathan Krakouer,nathankrakouer,DFFC
Nathan MacKinnon,Nathan MacKinnon,nathanmackinnon,DFFC
Nathan McCree,Nathan McCree,nathanmccree,DFFC
Nathan Tinkler,Nathan Tinkler,nathantinkler,DFFC
Nathan Woodward,Nathan Woodward,nathanwoodward,DFFC
Nathanaël Berthon,Nathanaël Berthon,nathanalberthon,DFFC
Nathaniel Buzolic,Nathaniel Buzolic,nathanielbuzolic,DFFC
Nathaniel Clyne,Nathaniel Clyne,nathanielclyne,DFFC
Nathaniel Philbrick,Nathaniel Philbrick,nathanielphilbrick,DFFC
Nathália Rodrigues,Nathália Rodrigues,nathliarodrigues,DFFC
Natko Zrnčić-Dim,Natko Zrnčić-Dim,natkozrnidim,DFFC
Natnael Berhane,Natnael Berhane,natnaelberhane,DFFC
Natsuko Aso,Natsuko Aso,natsukoaso,DFFC
Natsuna Watanabe,Natsuna Watanabe,natsunawatanabe,DFFC
Nauheed Cyrusi,Nauheed Cyrusi,nauheedcyrusi,DFFC
Naum Kleiman,Naum Kleiman,naumkleiman,DFFC
Navab Nassirshalal,Navab Nassirshalal,navabnassirshalal,DFFC
Navdeep,Navdeep,navdeep,DFFC
Nay Win Maung,Nay Win Maung,naywinmaung,DFFC
Naya Rivera,Naya Rivera,nayarivera,DFFC
Nayantara,Nayantara,nayantara,DFFC
Nayeli Rangel,Nayeli Rangel,nayelirangel,DFFC
Nazim Erdem,Nazim Erdem,nazimerdem,DFFC
Nazri Sabri,Nazri Sabri,nazrisabri,DFFC
Nazriya Nazim,Nazriya Nazim,nazriyanazim,DFFC
Nađa Higl,Nađa Higl,naahigl,DFFC
Ndamukong Suh,Ndamukong Suh,ndamukongsuh,DFFC
Neal Bishop,Neal Bishop,nealbishop,DFFC
Neal Boortz,Neal Boortz,nealboortz,DFFC
Neal Casal,Neal Casal,nealcasal,DFFC
Neal Maupay,Neal Maupay,nealmaupay,DFFC
Neal Steinhauer,Neal Steinhauer,nealsteinhauer,DFFC
Neal Tiemann,Neal Tiemann,nealtiemann,DFFC
Necati Ateş,Necati Ateş,necatiate,DFFC
Ned Locke,Ned Locke,nedlocke,DFFC
Nedra Volz,Nedra Volz,nedravolz,DFFC
Neetu Chandra,Neetu Chandra,neetuchandra,DFFC
Neil Adams,Neil Adams,neiladams,DFFC
Neil Armstrong,Neil Armstrong,neilarmstrong,DFFC
Neil Brown,Neil Brown,neilbrown,DFFC
Neil Cavuto,Neil Cavuto,neilcavuto,DFFC
Neil Hillman,Neil Hillman,neilhillman,DFFC
Neil Lawson Baker,Neil Lawson Baker,neillawsonbaker,DFFC
Neil Marshall,Neil Marshall,neilmarshall,DFFC
Neil Robertson,Neil Robertson,neilrobertson,DFFC
Neil Warnock,Neil Warnock,neilwarnock,DFFC
Neill Blomkamp,Neill Blomkamp,neillblomkamp,DFFC
Neill Collins,Neill Collins,neillcollins,DFFC
Neith Nevelson,Neith Nevelson,neithnevelson,DFFC
Nejc Pečnik,Nejc Pečnik,nejcpenik,DFFC
Nelli Zhiganshina,Nelli Zhiganshina,nellizhiganshina,DFFC
Nellie Kim,Nellie Kim,nelliekim,DFFC
Nellie McKay,Nellie McKay,nelliemckay,DFFC
Nelly,Nelly,nelly,DFFC
Nelson Cruz,Nelson Cruz,nelsoncruz,DFFC
Nelson DeCastro,Nelson DeCastro,nelsondecastro,DFFC
Nelson Mariano II,Nelson Mariano II,nelsonmarianoii,DFFC
Nelson Olmsted,Nelson Olmsted,nelsonolmsted,DFFC
Nemanja Bjelica,Nemanja Bjelica,nemanjabjelica,DFFC
Nemanja Dangubić,Nemanja Dangubić,nemanjadangubi,DFFC
Nemanja Gudelj,Nemanja Gudelj,nemanjagudelj,DFFC
Nemanja Pejčinović,Nemanja Pejčinović,nemanjapejinovi,DFFC
Nemanja Tubić,Nemanja Tubić,nemanjatubi,DFFC
Nemanja Vidić,Nemanja Vidić,nemanjavidi,DFFC
Nenad Milosavljević,Nenad Milosavljević,nenadmilosavljevi,DFFC
Neno Belan,Neno Belan,nenobelan,DFFC
Nenê,Nenê,nen,DFFC
Nerlens Noel,Nerlens Noel,nerlensnoel,DFFC
Nery Pumpido,Nery Pumpido,nerypumpido,DFFC
Nestor Amarilla,Nestor Amarilla,nestoramarilla,DFFC
Netiva Ben-Yehuda,Netiva Ben-Yehuda,netivabenyehuda,DFFC
Newton Faulkner,Newton Faulkner,newtonfaulkner,DFFC
Nguyên Lê,Nguyên Lê,nguynl,DFFC
Nguyễn Ngọc Trường Sơn,Nguyễn Ngọc Trường Sơn,nguynngctrngsn,DFFC
Nguyễn Đức Soát,Nguyễn Đức Soát,nguyncsot,DFFC
Ngwane Hansel,Ngwane Hansel,ngwanehansel,DFFC
Nia Künzer,Nia Künzer,niaknzer,DFFC
Nia Long,Nia Long,nialong,DFFC
Nia Vardalos,Nia Vardalos,niavardalos,DFFC
Niall Breslin,Niall Breslin,niallbreslin,DFFC
Niall Ferguson,Niall Ferguson,niallferguson,DFFC
Niall Matter,Niall Matter,niallmatter,DFFC
Niall Quinn,Niall Quinn,niallquinn,DFFC
Niccolò Fabi,Niccolò Fabi,niccolfabi,DFFC
Nicholas B. Suntzeff,Nicholas B Suntzeff,nicholasbsuntzeff,DFFC
Nicholas Benson,Nicholas Benson,nicholasbenson,DFFC
Nicholas Briggs,Nicholas Briggs,nicholasbriggs,DFFC
Nicholas D'Agosto,Nicholas D'Agosto,nicholasdagosto,DFFC
Nicholas Fitzgerald,Nicholas Fitzgerald,nicholasfitzgerald,DFFC
Nicholas Hoult,Nicholas Hoult,nicholashoult,DFFC
Nicholas Lore,Nicholas Lore,nicholaslore,DFFC
Nicholas Monroe,Nicholas Monroe,nicholasmonroe,DFFC
Nicholas Negroponte,Nicholas Negroponte,nicholasnegroponte,DFFC
Nicholas Pert,Nicholas Pert,nicholaspert,DFFC
Nicholas Pettas,Nicholas Pettas,nicholaspettas,DFFC
Nicholas Pileggi,Nicholas Pileggi,nicholaspileggi,DFFC
Nicholas Santos,Nicholas Santos,nicholassantos,DFFC
Nicholas Schorsch,Nicholas Schorsch,nicholasschorsch,DFFC
"Nicholas Stern, Baron Stern of Brentford","Nicholas Stern, Baron Stern of Brentford",nicholassternbaronsternofbrentford,DFFC
Nicholas Thorburn,Nicholas Thorburn,nicholasthorburn,DFFC
Nick Barmby,Nick Barmby,nickbarmby,DFFC
Nick Bonino,Nick Bonino,nickbonino,DFFC
Nick Borgen,Nick Borgen,nickborgen,DFFC
Nick Bostrom,Nick Bostrom,nickbostrom,DFFC
Nick Bradbury,Nick Bradbury,nickbradbury,DFFC
Nick Cardy,Nick Cardy,nickcardy,DFFC
Nick Carter,Nick Carter,nickcarter,DFFC
Nick Cassavetes,Nick Cassavetes,nickcassavetes,DFFC
Nick Collins,Nick Collins,nickcollins,DFFC
Nick Cunningham,Nick Cunningham,nickcunningham,DFFC
Nick D'Aloisio,Nick D'Aloisio,nickdaloisio,DFFC
Nick Faldo,Nick Faldo,nickfaldo,DFFC
Nick Frost,Nick Frost,nickfrost,DFFC
Nick Gillespie,Nick Gillespie,nickgillespie,DFFC
Nick Goings,Nick Goings,nickgoings,DFFC
Nick Hemming,Nick Hemming,nickhemming,DFFC
Nick Heyward,Nick Heyward,nickheyward,DFFC
Nick Holmes,Nick Holmes,nickholmes,DFFC
Nick Holt,Nick Holt,nickholt,DFFC
Nick Hornby,Nick Hornby,nickhornby,DFFC
Nick Jennings,Nick Jennings,nickjennings,DFFC
Nick Kotz,Nick Kotz,nickkotz,DFFC
Nick Lachey,Nick Lachey,nicklachey,DFFC
Nick Leddy,Nick Leddy,nickleddy,DFFC
Nick Loren,Nick Loren,nickloren,DFFC
Nick Mason,Nick Mason,nickmason,DFFC
Nick Matthew,Nick Matthew,nickmatthew,DFFC
Nick Moody,Nick Moody,nickmoody,DFFC
Nick Nuyens,Nick Nuyens,nicknuyens,DFFC
Nick Oudendag,Nick Oudendag,nickoudendag,DFFC
Nick Owen,Nick Owen,nickowen,DFFC
Nick Perito,Nick Perito,nickperito,DFFC
Nick Roach,Nick Roach,nickroach,DFFC
Nick Saban,Nick Saban,nicksaban,DFFC
Nick Schilder,Nick Schilder,nickschilder,DFFC
Nick Schulman,Nick Schulman,nickschulman,DFFC
Nick Seymour,Nick Seymour,nickseymour,DFFC
Nick Simmons,Nick Simmons,nicksimmons,DFFC
Nick Sundberg,Nick Sundberg,nicksundberg,DFFC
Nick Symmonds,Nick Symmonds,nicksymmonds,DFFC
Nick Van Exel,Nick Van Exel,nickvanexel,DFFC
Nick Willis,Nick Willis,nickwillis,DFFC
Nick Zinner,Nick Zinner,nickzinner,DFFC
Nickel Ashmeade,Nickel Ashmeade,nickelashmeade,DFFC
Nickell Robey,Nickell Robey,nickellrobey,DFFC
Nicklas Heinerö,Nicklas Heinerö,nicklasheiner,DFFC
Nicklas Helenius,Nicklas Helenius,nicklashelenius,DFFC
Nicky Barnes,Nicky Barnes,nickybarnes,DFFC
Nicky Byrne,Nicky Byrne,nickybyrne,DFFC
Nicky Maynard,Nicky Maynard,nickymaynard,DFFC
Nicky Samuels,Nicky Samuels,nickysamuels,DFFC
Nicky Wroe,Nicky Wroe,nickywroe,DFFC
Niclas Jönsson,Niclas Jönsson,niclasjnsson,DFFC
Nico Mattan,Nico Mattan,nicomattan,DFFC
Nico Monien,Nico Monien,nicomonien,DFFC
Nico Muhly,Nico Muhly,nicomuhly,DFFC
Nico Rosberg,Nico Rosberg,nicorosberg,DFFC
Nicola Sanders,Nicola Sanders,nicolasanders,DFFC
Nicola Vizzoni,Nicola Vizzoni,nicolavizzoni,DFFC
Nicolai Boilesen,Nicolai Boilesen,nicolaiboilesen,DFFC
Nicolas Batum,Nicolas Batum,nicolasbatum,DFFC
Nicolas Cage,Nicolas Cage,nicolascage,DFFC
Nicolas Douchez,Nicolas Douchez,nicolasdouchez,DFFC
Nicolas Hulot,Nicolas Hulot,nicolashulot,DFFC
Nicolas Iljine,Nicolas Iljine,nicolasiljine,DFFC
Nicolas Isimat-Mirin,Nicolas Isimat-Mirin,nicolasisimatmirin,DFFC
Nicolas Lombaerts,Nicolas Lombaerts,nicolaslombaerts,DFFC
Nicolas Marin,Nicolas Marin,nicolasmarin,DFFC
Nicolas Marroc,Nicolas Marroc,nicolasmarroc,DFFC
Nicolas Portal,Nicolas Portal,nicolasportal,DFFC
Nicolas Roche,Nicolas Roche,nicolasroche,DFFC
Nicolas Roeg,Nicolas Roeg,nicolasroeg,DFFC
Nicolas Vallar,Nicolas Vallar,nicolasvallar,DFFC
Nicolas Winding Refn,Nicolas Winding Refn,nicolaswindingrefn,DFFC
Nicole Aniston,Nicole Aniston,nicoleaniston,DFFC
Nicole Atkins,Nicole Atkins,nicoleatkins,DFFC
Nicole Brossard,Nicole Brossard,nicolebrossard,DFFC
Nicole Brown Simpson,Nicole Brown Simpson,nicolebrownsimpson,DFFC
Nicole Castrale,Nicole Castrale,nicolecastrale,DFFC
Nicole Eggert,Nicole Eggert,nicoleeggert,DFFC
Nicole Esdaile,Nicole Esdaile,nicoleesdaile,DFFC
Nicole Ferroni,Nicole Ferroni,nicoleferroni,DFFC
Nicole Gale Anderson,Nicole Gale Anderson,nicolegaleanderson,DFFC
Nicole Gibbs,Nicole Gibbs,nicolegibbs,DFFC
Nicole Johnson,Nicole Johnson,nicolejohnson,DFFC
Nicole Kidman,Nicole Kidman,nicolekidman,DFFC
Nicole Krauss,Nicole Krauss,nicolekrauss,DFFC
Nicole Lapin,Nicole Lapin,nicolelapin,DFFC
Nicole Schmidhofer,Nicole Schmidhofer,nicoleschmidhofer,DFFC
Nicole Sheridan,Nicole Sheridan,nicolesheridan,DFFC
Nicole Watt,Nicole Watt,nicolewatt,DFFC
"Nicole, Erica and Jaclyn Dahm","Nicole, Erica and Jaclyn Dahm",nicoleericaandjaclyndahm,DFFC
Nicollette Sheridan,Nicollette Sheridan,nicollettesheridan,DFFC
Nicolás Burdisso,Nicolás Burdisso,nicolsburdisso,DFFC
Nicolás López,Nicolás López,nicolslpez,DFFC
Nicolás Otamendi,Nicolás Otamendi,nicolsotamendi,DFFC
Nicolás Pareja,Nicolás Pareja,nicolspareja,DFFC
Nicolás Peric,Nicolás Peric,nicolsperic,DFFC
Nicolás Terol,Nicolás Terol,nicolsterol,DFFC
Nicolás Vergallo,Nicolás Vergallo,nicolsvergallo,DFFC
Nicolò Melli,Nicolò Melli,nicolmelli,DFFC
Nicolò Rode,Nicolò Rode,nicolrode,DFFC
Nictzin Dyalhis,Nictzin Dyalhis,nictzindyalhis,DFFC
Nidhi Subbaiah,Nidhi Subbaiah,nidhisubbaiah,DFFC
Niecy Nash,Niecy Nash,niecynash,DFFC
Niels Albert,Niels Albert,nielsalbert,DFFC
Nigar Jamal,Nigar Jamal,nigarjamal,DFFC
Nigel Barker,Nigel Barker,nigelbarker,DFFC
Nigel Bradham,Nigel Bradham,nigelbradham,DFFC
Nigel Hamilton,Nigel Hamilton,nigelhamilton,DFFC
Nigel Hawthorne,Nigel Hawthorne,nigelhawthorne,DFFC
Nigel Hitchin,Nigel Hitchin,nigelhitchin,DFFC
Nigel Kneale,Nigel Kneale,nigelkneale,DFFC
Nigel Mansell,Nigel Mansell,nigelmansell,DFFC
Nigel Marven,Nigel Marven,nigelmarven,DFFC
Nigel Olsson,Nigel Olsson,nigelolsson,DFFC
Nigella Lawson,Nigella Lawson,nigellalawson,DFFC
Nigina Abduraimova,Nigina Abduraimova,niginaabduraimova,DFFC
Nigo,Nigo,nigo,DFFC
Nijat Mammadov,Nijat Mammadov,nijatmammadov,DFFC
Nik Kershaw,Nik Kershaw,nikkershaw,DFFC
Nik Omladič,Nik Omladič,nikomladi,DFFC
Nik Stauskas,Nik Stauskas,nikstauskas,DFFC
Nikhil Mathew,Nikhil Mathew,nikhilmathew,DFFC
Niki Terpstra,Niki Terpstra,nikiterpstra,DFFC
Niki Zimling,Niki Zimling,nikizimling,DFFC
Nikias Arndt,Nikias Arndt,nikiasarndt,DFFC
Nikica Jelavić,Nikica Jelavić,nikicajelavi,DFFC
Nikita Bazhenov,Nikita Bazhenov,nikitabazhenov,DFFC
Nikita Bochkov,Nikita Bochkov,nikitabochkov,DFFC
Nikita Denise,Nikita Denise,nikitadenise,DFFC
Nikita Mikhalkov,Nikita Mikhalkov,nikitamikhalkov,DFFC
Nikita Nesterov,Nikita Nesterov,nikitanesterov,DFFC
Nikita Nikitin,Nikita Nikitin,nikitanikitin,DFFC
Nikita Prokhorov,Nikita Prokhorov,nikitaprokhorov,DFFC
Nikita Scherbak,Nikita Scherbak,nikitascherbak,DFFC
Nikita Uglov,Nikita Uglov,nikitauglov,DFFC
Nikitin Dheer,Nikitin Dheer,nikitindheer,DFFC
Nikki Butterfield,Nikki Butterfield,nikkibutterfield,DFFC
Nikki Cox,Nikki Cox,nikkicox,DFFC
Nikki Delano,Nikki Delano,nikkidelano,DFFC
Nikki Dial,Nikki Dial,nikkidial,DFFC
Nikki Harris,Nikki Harris,nikkiharris,DFFC
Nikkita Holder,Nikkita Holder,nikkitaholder,DFFC
Nikko Landeros,Nikko Landeros,nikkolanderos,DFFC
Nikkole,Nikkole,nikkole,DFFC
Nikky Finney,Nikky Finney,nikkyfinney,DFFC
Niklas Moisander,Niklas Moisander,niklasmoisander,DFFC
Niklas Svedberg,Niklas Svedberg,niklassvedberg,DFFC
Niko Koutouvides,Niko Koutouvides,nikokoutouvides,DFFC
Niko Valkeapää,Niko Valkeapää,nikovalkeap,DFFC
Nikol Rodomakina,Nikol Rodomakina,nikolrodomakina,DFFC
Nikola Dragović,Nikola Dragović,nikoladragovi,DFFC
Nikola Kalinić,Nikola Kalinić,nikolakalini,DFFC
Nikola Karabatić,Nikola Karabatić,nikolakarabati,DFFC
Nikola Maksimović,Nikola Maksimović,nikolamaksimovi,DFFC
Nikola Mirotić,Nikola Mirotić,nikolamiroti,DFFC
Nikola Peković,Nikola Peković,nikolapekovi,DFFC
Nikola Storm,Nikola Storm,nikolastorm,DFFC
Nikola Vukčević,Nikola Vukčević,nikolavukevi,DFFC
Nikolai Korndorf,Nikolai Korndorf,nikolaikorndorf,DFFC
Nikolai Velikov,Nikolai Velikov,nikolaivelikov,DFFC
Nikolaj Lie Kaas,Nikolaj Lie Kaas,nikolajliekaas,DFFC
Nikolas Berger,Nikolas Berger,nikolasberger,DFFC
Nikolas Maes,Nikolas Maes,nikolasmaes,DFFC
Nikolay Apalikov,Nikolay Apalikov,nikolayapalikov,DFFC
Nikolay Drozdov,Nikolay Drozdov,nikolaydrozdov,DFFC
Nikolay Polukhin,Nikolay Polukhin,nikolaypolukhin,DFFC
Nikoloz Basilashvili,Nikoloz Basilashvili,nikolozbasilashvili,DFFC
Nikoloz Tskitishvili,Nikoloz Tskitishvili,nikoloztskitishvili,DFFC
Nikos Vertis,Nikos Vertis,nikosvertis,DFFC
Nila Håkedal,Nila Håkedal,nilahkedal,DFFC
Niles Paul,Niles Paul,nilespaul,DFFC
Niles Young,Niles Young,nilesyoung,DFFC
Nilla Fischer,Nilla Fischer,nillafischer,DFFC
Nilo Zandanel,Nilo Zandanel,nilozandanel,DFFC
Nils Bäckström,Nils Bäckström,nilsbckstrm,DFFC
Nils Petersen,Nils Petersen,nilspetersen,DFFC
Nilson Corrêa Júnior,Nilson Corrêa Júnior,nilsoncorrajnior,DFFC
Nilüfer Yumlu,Nilüfer Yumlu,nilferyumlu,DFFC
Nimrat Kaur,Nimrat Kaur,nimratkaur,DFFC
Nimrod Shapira Bar-Or,Nimrod Shapira Bar-Or,nimrodshapirabaror,DFFC
Nimród Antal,Nimród Antal,nimrdantal,DFFC
Nina Davies,Nina Davies,ninadavies,DFFC
Nina Davuluri,Nina Davuluri,ninadavuluri,DFFC
Nina Easton,Nina Easton,ninaeaston,DFFC
Nina Eichinger,Nina Eichinger,ninaeichinger,DFFC
Nina Foch,Nina Foch,ninafoch,DFFC
Nina Mercedez,Nina Mercedez,ninamercedez,DFFC
Nina Nesbitt,Nina Nesbitt,ninanesbitt,DFFC
Nina Pekerman,Nina Pekerman,ninapekerman,DFFC
Nina Persson,Nina Persson,ninapersson,DFFC
Nina Ruge,Nina Ruge,ninaruge,DFFC
Nina Stojanović,Nina Stojanović,ninastojanovi,DFFC
Nino,Nino,nino,DFFC
Nino D'Angelo,Nino D'Angelo,ninodangelo,DFFC
Nino Khurtsidze,Nino Khurtsidze,ninokhurtsidze,DFFC
Nino Pasikashvili,Nino Pasikashvili,ninopasikashvili,DFFC
Nino Sutidze,Nino Sutidze,ninosutidze,DFFC
Nino Taranto,Nino Taranto,ninotaranto,DFFC
Nipsey Hussle,Nipsey Hussle,nipseyhussle,DFFC
Nir Bitton,Nir Bitton,nirbitton,DFFC
Nir Shaviv,Nir Shaviv,nirshaviv,DFFC
Nirmal Chettri,Nirmal Chettri,nirmalchettri,DFFC
Nirupa Roy,Nirupa Roy,niruparoy,DFFC
Nirwan Dewanto,Nirwan Dewanto,nirwandewanto,DFFC
Nisha Adhikari,Nisha Adhikari,nishaadhikari,DFFC
Nisha Rawal,Nisha Rawal,nisharawal,DFFC
Nitin Sahrawat,Nitin Sahrawat,nitinsahrawat,DFFC
Nitzan Chen,Nitzan Chen,nitzanchen,DFFC
Niverka Marte,Niverka Marte,niverkamarte,DFFC
Nivin Pauly,Nivin Pauly,nivinpauly,DFFC
Nizar Rayan,Nizar Rayan,nizarrayan,DFFC
Nneka,Nneka,nneka,DFFC
Nnenna Freelon,Nnenna Freelon,nnennafreelon,DFFC
Noah Boeken,Noah Boeken,noahboeken,DFFC
Noah Schwartz,Noah Schwartz,noahschwartz,DFFC
Noah Syndergaard,Noah Syndergaard,noahsyndergaard,DFFC
Noah Van Sciver,Noah Van Sciver,noahvansciver,DFFC
Noam Elkies,Noam Elkies,noamelkies,DFFC
Nobuhiro Suwa,Nobuhiro Suwa,nobuhirosuwa,DFFC
Nobunari Oda,Nobunari Oda,nobunarioda,DFFC
Nobuo Satō,Nobuo Satō,nobuosat,DFFC
Nobuo Sekine,Nobuo Sekine,nobuosekine,DFFC
Nobuo Uematsu,Nobuo Uematsu,nobuouematsu,DFFC
Nocturno Culto,Nocturno Culto,nocturnoculto,DFFC
Noel Edmonds,Noel Edmonds,noeledmonds,DFFC
Noel Murphy,Noel Murphy,noelmurphy,DFFC
Noel Picard,Noel Picard,noelpicard,DFFC
Noh Hong-chul,Noh Hong-chul,nohhongchul,DFFC
Noizi Ito,Noizi Ito,noiziito,DFFC
Nolan Fontana,Nolan Fontana,nolanfontana,DFFC
Nolan North,Nolan North,nolannorth,DFFC
Nolan Ryan,Nolan Ryan,nolanryan,DFFC
Nolan Smith,Nolan Smith,nolansmith,DFFC
Nona Gaprindashvili,Nona Gaprindashvili,nonagaprindashvili,DFFC
Nooa Takooa,Nooa Takooa,nooatakooa,DFFC
Nook Logan,Nook Logan,nooklogan,DFFC
Noppawan Lertcheewakarn,Noppawan Lertcheewakarn,noppawanlertcheewakarn,DFFC
Nora Tschirner,Nora Tschirner,noratschirner,DFFC
Norah Jones,Norah Jones,norahjones,DFFC
Norbert Meier,Norbert Meier,norbertmeier,DFFC
Norbert Michelisz,Norbert Michelisz,norbertmichelisz,DFFC
Norberto Yácono,Norberto Yácono,norbertoycono,DFFC
Nordin Amrabat,Nordin Amrabat,nordinamrabat,DFFC
Noriko Sakai,Noriko Sakai,norikosakai,DFFC
Noriko Senge,Noriko Senge,norikosenge,DFFC
Noriyuki Iwadare,Noriyuki Iwadare,noriyukiiwadare,DFFC
Norm Fisher,Norm Fisher,normfisher,DFFC
Norm Nixon,Norm Nixon,normnixon,DFFC
Norm Willey,Norm Willey,normwilley,DFFC
Norma Miller,Norma Miller,normamiller,DFFC
Norman Cook,Norman Cook,normancook,DFFC
Norman Elder,Norman Elder,normanelder,DFFC
Norman Gregg,Norman Gregg,normangregg,DFFC
Norman Hassan,Norman Hassan,normanhassan,DFFC
Norman Hepple,Norman Hepple,normanhepple,DFFC
Norman Jaffe,Norman Jaffe,normanjaffe,DFFC
Norman Jewison,Norman Jewison,normanjewison,DFFC
Norman Lloyd,Norman Lloyd,normanlloyd,DFFC
Norman Lovett,Norman Lovett,normanlovett,DFFC
Norman Nato,Norman Nato,normannato,DFFC
Norman Powell,Norman Powell,normanpowell,DFFC
Norman Reedus,Norman Reedus,normanreedus,DFFC
Norman Sas,Norman Sas,normansas,DFFC
Norodom Buppha Devi,Norodom Buppha Devi,norodombupphadevi,DFFC
Norris Cole,Norris Cole,norriscole,DFFC
Norton Buffalo,Norton Buffalo,nortonbuffalo,DFFC
Nouha Dicko,Nouha Dicko,nouhadicko,DFFC
Novak Djokovic,Novak Djokovic,novakdjokovic,DFFC
Novlene Williams-Mills,Novlene Williams-Mills,novlenewilliamsmills,DFFC
Nozomi Ōhashi,Nozomi Ōhashi,nozomihashi,DFFC
Nukri Revishvili,Nukri Revishvili,nukrirevishvili,DFFC
Nuno Resende,Nuno Resende,nunoresende,DFFC
Nurbol Zhumaskaliyev,Nurbol Zhumaskaliyev,nurbolzhumaskaliyev,DFFC
Nuri Şahin,Nuri Şahin,nuriahin,DFFC
Nélson Marcos,Nélson Marcos,nlsonmarcos,DFFC
Nélson Saavedra,Nélson Saavedra,nlsonsaavedra,DFFC
Nílton Santos,Nílton Santos,nltonsantos,DFFC
Nóra Hoffmann,Nóra Hoffmann,nrahoffmann,DFFC
O. J. Mayo,OJ Mayo,ojmayo,DFFC
O. J. Simpson,OJ Simpson,ojsimpson,DFFC
O.S.T.R.,OSTR,ostr,DFFC
Obadele Thompson,Obadele Thompson,obadelethompson,DFFC
Octavia E. Butler,Octavia E Butler,octaviaebutler,DFFC
Octavian Zidaru,Octavian Zidaru,octavianzidaru,DFFC
Odd Nordstoga,Odd Nordstoga,oddnordstoga,DFFC
Odean Pope,Odean Pope,odeanpope,DFFC
Oded Kattash,Oded Kattash,odedkattash,DFFC
Odette Annable,Odette Annable,odetteannable,DFFC
Odeya Rush,Odeya Rush,odeyarush,DFFC
Odil Ahmedov,Odil Ahmedov,odilahmedov,DFFC
Odmar Færø,Odmar Færø,odmarfr,DFFC
Odysseas Elytis,Odysseas Elytis,odysseaselytis,DFFC
Ogün Temizkanoğlu,Ogün Temizkanoğlu,ogntemizkanolu,DFFC
Oh Ji-eun,Oh Ji-eun,ohjieun,DFFC
Oh! great,Oh! great,ohgreat,DFFC
Oil Can Boyd,Oil Can Boyd,oilcanboyd,DFFC
Okaber,Okaber,okaber,DFFC
Okan Alkan,Okan Alkan,okanalkan,DFFC
Oksana Domnina,Oksana Domnina,oksanadomnina,DFFC
Oksana Grishuk,Oksana Grishuk,oksanagrishuk,DFFC
Oksana Kalashnikova,Oksana Kalashnikova,oksanakalashnikova,DFFC
Ola Kamara,Ola Kamara,olakamara,DFFC
Ola Lindholm,Ola Lindholm,olalindholm,DFFC
Olaf Bodden,Olaf Bodden,olafbodden,DFFC
Olaf Ludwig,Olaf Ludwig,olafludwig,DFFC
Olaf Zinke,Olaf Zinke,olafzinke,DFFC
Olavi Louhivuori,Olavi Louhivuori,olavilouhivuori,DFFC
Olcan Adın,Olcan Adın,olcanadn,DFFC
Oldřiška Marešová,Oldřiška Marešová,oldikamareov,DFFC
Ole Barndorff-Nielsen,Ole Barndorff-Nielsen,olebarndorffnielsen,DFFC
Ole Danbolt Mjøs,Ole Danbolt Mjøs,oledanboltmjs,DFFC
Ole Einar Bjørndalen,Ole Einar Bjørndalen,oleeinarbjrndalen,DFFC
Ole Nydahl,Ole Nydahl,olenydahl,DFFC
Ole Ritter,Ole Ritter,oleritter,DFFC
Oleg Atkov,Oleg Atkov,olegatkov,DFFC
Oleg Engachev,Oleg Engachev,olegengachev,DFFC
Oleg Kuzmin,Oleg Kuzmin,olegkuzmin,DFFC
Oleg Popov,Oleg Popov,olegpopov,DFFC
Oleg Taktarov,Oleg Taktarov,olegtaktarov,DFFC
Oleg Voyko,Oleg Voyko,olegvoyko,DFFC
Oleksandr Akymenko,Oleksandr Akymenko,oleksandrakymenko,DFFC
Oleksandr Kucher,Oleksandr Kucher,oleksandrkucher,DFFC
Oleksandr Shovkovskiy,Oleksandr Shovkovskiy,oleksandrshovkovskiy,DFFC
Oleksiy Shumsky,Oleksiy Shumsky,oleksiyshumsky,DFFC
Olena Burkovska,Olena Burkovska,olenaburkovska,DFFC
Olena Kostevych,Olena Kostevych,olenakostevych,DFFC
Olena Vitrychenko,Olena Vitrychenko,olenavitrychenko,DFFC
Olga Kay,Olga Kay,olgakay,DFFC
Olga Kurylenko,Olga Kurylenko,olgakurylenko,DFFC
Olga Naidenova,Olga Naidenova,olganaidenova,DFFC
Olga Orlova,Olga Orlova,olgaorlova,DFFC
Olga Savchuk,Olga Savchuk,olgasavchuk,DFFC
Olga Scheps,Olga Scheps,olgascheps,DFFC
Olga Zubarry,Olga Zubarry,olgazubarry,DFFC
Olha Saladuha,Olha Saladuha,olhasaladuha,DFFC
Olha Zemlyak,Olha Zemlyak,olhazemlyak,DFFC
Olia Burtaev,Olia Burtaev,oliaburtaev,DFFC
Oliver Ackland,Oliver Ackland,oliverackland,DFFC
Oliver Bozanic,Oliver Bozanic,oliverbozanic,DFFC
Oliver Grey,Oliver Grey,olivergrey,DFFC
Oliver Hirschbiegel,Oliver Hirschbiegel,oliverhirschbiegel,DFFC
Oliver Hudson,Oliver Hudson,oliverhudson,DFFC
Oliver Hynd,Oliver Hynd,oliverhynd,DFFC
Oliver Kirch,Oliver Kirch,oliverkirch,DFFC
Oliver Kreuzer,Oliver Kreuzer,oliverkreuzer,DFFC
Oliver Lancashire,Oliver Lancashire,oliverlancashire,DFFC
Oliver Lewis,Oliver Lewis,oliverlewis,DFFC
Oliver Payne Pearson,Oliver Payne Pearson,oliverpaynepearson,DFFC
Oliver Petersch,Oliver Petersch,oliverpetersch,DFFC
Oliver Petszokat,Oliver Petszokat,oliverpetszokat,DFFC
Oliver Purnell,Oliver Purnell,oliverpurnell,DFFC
Oliver Sacks,Oliver Sacks,oliversacks,DFFC
Oliver Sin,Oliver Sin,oliversin,DFFC
Oliver Webb,Oliver Webb,oliverwebb,DFFC
Oliver Zelenika,Oliver Zelenika,oliverzelenika,DFFC
Olivia Del Rio,Olivia Del Rio,oliviadelrio,DFFC
Olivia Palermo,Olivia Palermo,oliviapalermo,DFFC
Olivia Price,Olivia Price,oliviaprice,DFFC
Olivia Sanchez,Olivia Sanchez,oliviasanchez,DFFC
Olivia Wilde,Olivia Wilde,oliviawilde,DFFC
Olivia Williams,Olivia Williams,oliviawilliams,DFFC
Olivier Assayas,Olivier Assayas,olivierassayas,DFFC
Olivier Deschacht,Olivier Deschacht,olivierdeschacht,DFFC
Olivier Giroud,Olivier Giroud,oliviergiroud,DFFC
Olivier Kaisen,Olivier Kaisen,olivierkaisen,DFFC
Olivier Karekezi,Olivier Karekezi,olivierkarekezi,DFFC
Olivier Panis,Olivier Panis,olivierpanis,DFFC
Olivier Rukundo,Olivier Rukundo,olivierrukundo,DFFC
Olle Adolphson,Olle Adolphson,olleadolphson,DFFC
Olle Hedberg,Olle Hedberg,ollehedberg,DFFC
Olli-Markus Taivainen,Olli-Markus Taivainen,ollimarkustaivainen,DFFC
Ollie Jackson,Ollie Jackson,olliejackson,DFFC
Ollie Palmer,Ollie Palmer,olliepalmer,DFFC
Olof Mellberg,Olof Mellberg,olofmellberg,DFFC
Omar Basaad,Omar Basaad,omarbasaad,DFFC
Omar Minaya,Omar Minaya,omarminaya,DFFC
Omar Rodríguez-López,Omar Rodríguez-López,omarrodrguezlpez,DFFC
Omer Damari,Omer Damari,omerdamari,DFFC
Omer Vanaudenhove,Omer Vanaudenhove,omervanaudenhove,DFFC
Omid Djalili,Omid Djalili,omiddjalili,DFFC
Ona Carbonell,Ona Carbonell,onacarbonell,DFFC
Once Mekel,Once Mekel,oncemekel,DFFC
Ondrej Duda,Ondrej Duda,ondrejduda,DFFC
Ondřej Palát,Ondřej Palát,ondejpalt,DFFC
Ondřej Čelůstka,Ondřej Čelůstka,ondejelstka,DFFC
Onew,Onew,onew,DFFC
Oni Hasan,Oni Hasan,onihasan,DFFC
Onir,Onir,onir,DFFC
Onofiok Luke,Onofiok Luke,onofiokluke,DFFC
Oona Chaplin,Oona Chaplin,oonachaplin,DFFC
Orestis Karnezis,Orestis Karnezis,orestiskarnezis,DFFC
Orhan Pamuk,Orhan Pamuk,orhanpamuk,DFFC
Orhan Ölmez,Orhan Ölmez,orhanlmez,DFFC
Oriol Romeu,Oriol Romeu,oriolromeu,DFFC
Orit Gadiesh,Orit Gadiesh,oritgadiesh,DFFC
Oritsé Williams,Oritsé Williams,oritswilliams,DFFC
Oriza Hirata,Oriza Hirata,orizahirata,DFFC
Orlando Bloom,Orlando Bloom,orlandobloom,DFFC
Orlando Cepeda,Orlando Cepeda,orlandocepeda,DFFC
Orlando Engelaar,Orlando Engelaar,orlandoengelaar,DFFC
Orlando Jordan,Orlando Jordan,orlandojordan,DFFC
Orlando Pace,Orlando Pace,orlandopace,DFFC
Orlando Scandrick,Orlando Scandrick,orlandoscandrick,DFFC
Orly Taitz,Orly Taitz,orlytaitz,DFFC
Ornella Muti,Ornella Muti,ornellamuti,DFFC
Orsi Kocsis,Orsi Kocsis,orsikocsis,DFFC
Orson Charles,Orson Charles,orsoncharles,DFFC
Orval Grove,Orval Grove,orvalgrove,DFFC
Osama Com Laude,Osama Com Laude,osamacomlaude,DFFC
Osamu Nishimura,Osamu Nishimura,osamunishimura,DFFC
Oscar,Oscar,oscar,DFFC
Oscar Ahumada,Oscar Ahumada,oscarahumada,DFFC
Oscar Bronner,Oscar Bronner,oscarbronner,DFFC
Oscar Camenzind,Oscar Camenzind,oscarcamenzind,DFFC
Oscar Isaac,Oscar Isaac,oscarisaac,DFFC
Oscar James,Oscar James,oscarjames,DFFC
Oscar Lindberg,Oscar Lindberg,oscarlindberg,DFFC
Oscar Nunez,Oscar Nunez,oscarnunez,DFFC
Oscar Yanes,Oscar Yanes,oscaryanes,DFFC
Oscar Zariski,Oscar Zariski,oscarzariski,DFFC
Oscar de la Renta,Oscar de la Renta,oscardelarenta,DFFC
Oskar Bolza,Oskar Bolza,oskarbolza,DFFC
Oskar Piotrowski,Oskar Piotrowski,oskarpiotrowski,DFFC
Oskars Kļava,Oskars Kļava,oskarskava,DFFC
Osmar Barba,Osmar Barba,osmarbarba,DFFC
Ossi Louhivaara,Ossi Louhivaara,ossilouhivaara,DFFC
Oste Erceg,Oste Erceg,osteerceg,DFFC
Osvaldo Ardiles,Osvaldo Ardiles,osvaldoardiles,DFFC
Osvaldo Civile,Osvaldo Civile,osvaldocivile,DFFC
Oswald Grübel,Oswald Grübel,oswaldgrbel,DFFC
Otabek Mahkamov,Otabek Mahkamov,otabekmahkamov,DFFC
Otis Clay,Otis Clay,otisclay,DFFC
Ott Sepp,Ott Sepp,ottsepp,DFFC
Ottmar Hitzfeld,Ottmar Hitzfeld,ottmarhitzfeld,DFFC
Otto Piene,Otto Piene,ottopiene,DFFC
Otto Porter,Otto Porter,ottoporter,DFFC
Otto Schnellbacher,Otto Schnellbacher,ottoschnellbacher,DFFC
Oumare Tounkara,Oumare Tounkara,oumaretounkara,DFFC
Ousmane Viera,Ousmane Viera,ousmaneviera,DFFC
Ove Christensen,Ove Christensen,ovechristensen,DFFC
Owain Phyfe,Owain Phyfe,owainphyfe,DFFC
Owen Coyle,Owen Coyle,owencoyle,DFFC
Owen Hargreaves,Owen Hargreaves,owenhargreaves,DFFC
Owen Jones,Owen Jones,owenjones,DFFC
Owen Kelly,Owen Kelly,owenkelly,DFFC
Owen Marecic,Owen Marecic,owenmarecic,DFFC
Owen Wilson,Owen Wilson,owenwilson,DFFC
Ozark Henry,Ozark Henry,ozarkhenry,DFFC
Ozzy Osbourne,Ozzy Osbourne,ozzyosbourne,DFFC
Oľga Beständigová,Oľga Beständigová,ogabestndigov,DFFC
P. A. Parenteau,PA Parenteau,paparenteau,DFFC
P. J. Chesson,PJ Chesson,pjchesson,DFFC
P. K. Sam,PK Sam,pksam,DFFC
PJ Haarsma,PJ Haarsma,pjhaarsma,DFFC
PZ Myers,PZ Myers,pzmyers,DFFC
Pablo Cuevas,Pablo Cuevas,pablocuevas,DFFC
Pablo Guiñazú,Pablo Guiñazú,pabloguiaz,DFFC
Pablo Herrera,Pablo Herrera,pabloherrera,DFFC
Pablo Larrazábal,Pablo Larrazábal,pablolarrazbal,DFFC
Pablo Mastroeni,Pablo Mastroeni,pablomastroeni,DFFC
Pablo Piatti,Pablo Piatti,pablopiatti,DFFC
Paco Alcácer,Paco Alcácer,pacoalccer,DFFC
Paco de Lucía,Paco de Lucía,pacodeluca,DFFC
Paddy McNair,Paddy McNair,paddymcnair,DFFC
Paddy Stapleton,Paddy Stapleton,paddystapleton,DFFC
Padmapriya Janakiraman,Padmapriya Janakiraman,padmapriyajanakiraman,DFFC
Padmini Kolhapure,Padmini Kolhapure,padminikolhapure,DFFC
Padmini Rout,Padmini Rout,padminirout,DFFC
Paige,Paige,paige,DFFC
Paige Davis,Paige Davis,paigedavis,DFFC
Paige Hemmis,Paige Hemmis,paigehemmis,DFFC
Paige Mackenzie,Paige Mackenzie,paigemackenzie,DFFC
Pajtim Kasami,Pajtim Kasami,pajtimkasami,DFFC
Pak Song-chol,Pak Song-chol,paksongchol,DFFC
Pam Ferris,Pam Ferris,pamferris,DFFC
Pam Grier,Pam Grier,pamgrier,DFFC
Pamela Adlon,Pamela Adlon,pamelaadlon,DFFC
Pamela Anderson,Pamela Anderson,pamelaanderson,DFFC
Pamela Cundell,Pamela Cundell,pamelacundell,DFFC
Pamela Geller,Pamela Geller,pamelageller,DFFC
Panakkad Shihab Thangal,Panakkad Shihab Thangal,panakkadshihabthangal,DFFC
Pancho Carter,Pancho Carter,panchocarter,DFFC
Panda Bear,Panda Bear,pandabear,DFFC
Pang Ho-cheung,Pang Ho-cheung,panghocheung,DFFC
Pang Qing,Pang Qing,pangqing,DFFC
Paola Andino,Paola Andino,paolaandino,DFFC
Paola Saini,Paola Saini,paolasaini,DFFC
Paolo Bettini,Paolo Bettini,paolobettini,DFFC
Paolo Dall'Oglio,Paolo Dall'Oglio,paolodalloglio,DFFC
Paolo Di Canio,Paolo Di Canio,paolodicanio,DFFC
Paolo Farinella,Paolo Farinella,paolofarinella,DFFC
Paolo Guerrero,Paolo Guerrero,paologuerrero,DFFC
Paolo Lorenzi,Paolo Lorenzi,paololorenzi,DFFC
Paolo Meneguzzi,Paolo Meneguzzi,paolomeneguzzi,DFFC
Paolo Vernazza,Paolo Vernazza,paolovernazza,DFFC
Paolo Villaggio,Paolo Villaggio,paolovillaggio,DFFC
Papa Dee,Papa Dee,papadee,DFFC
Pape Paté Diouf,Pape Paté Diouf,papepatdiouf,DFFC
Paprika Steen,Paprika Steen,paprikasteen,DFFC
Paquita la del Barrio,Paquita la del Barrio,paquitaladelbarrio,DFFC
Pardis Sabeti,Pardis Sabeti,pardissabeti,DFFC
Paride Milianti,Paride Milianti,paridemilianti,DFFC
Parineeti Chopra,Parineeti Chopra,parineetichopra,DFFC
Paris Lenon,Paris Lenon,parislenon,DFFC
Paris Themmen,Paris Themmen,paristhemmen,DFFC
Park Bo-young,Park Bo-young,parkboyoung,DFFC
Park Chan-wook,Park Chan-wook,parkchanwook,DFFC
Park Eun-bin,Park Eun-bin,parkeunbin,DFFC
Park Hee-young,Park Hee-young,parkheeyoung,DFFC
Park Ji-sung,Park Ji-sung,parkjisung,DFFC
Park Jin-young,Park Jin-young,parkjinyoung,DFFC
Park Jung-geun,Park Jung-geun,parkjunggeun,DFFC
Park Junyoung,Park Junyoung,parkjunyoung,DFFC
Park Kyoung-doo,Park Kyoung-doo,parkkyoungdoo,DFFC
Park Sang-won,Park Sang-won,parksangwon,DFFC
Park Seung-hi,Park Seung-hi,parkseunghi,DFFC
Park So-youn,Park So-youn,parksoyoun,DFFC
Parker Kligerman,Parker Kligerman,parkerkligerman,DFFC
Parker Posey,Parker Posey,parkerposey,DFFC
Parov Stelar,Parov Stelar,parovstelar,DFFC
Parth Bhalerao,Parth Bhalerao,parthbhalerao,DFFC
Parthiv Patel,Parthiv Patel,parthivpatel,DFFC
Parvathy Omanakuttan,Parvathy Omanakuttan,parvathyomanakuttan,DFFC
Parveen Babi,Parveen Babi,parveenbabi,DFFC
Pascal Behrenbruch,Pascal Behrenbruch,pascalbehrenbruch,DFFC
Pascal Martinot-Lagarde,Pascal Martinot-Lagarde,pascalmartinotlagarde,DFFC
Pascal Thomas,Pascal Thomas,pascalthomas,DFFC
Pascale Hutton,Pascale Hutton,pascalehutton,DFFC
Passakorn Suwannawat,Passakorn Suwannawat,passakornsuwannawat,DFFC
Pastora Soler,Pastora Soler,pastorasoler,DFFC
Pat Burrell,Pat Burrell,patburrell,DFFC
Pat Corrales,Pat Corrales,patcorrales,DFFC
Pat Crerand,Pat Crerand,patcrerand,DFFC
Pat DeCola,Pat DeCola,patdecola,DFFC
Pat Gillick,Pat Gillick,patgillick,DFFC
Pat Kiernan,Pat Kiernan,patkiernan,DFFC
Pat McAfee,Pat McAfee,patmcafee,DFFC
Pat McGee,Pat McGee,patmcgee,DFFC
Pat McQuaid,Pat McQuaid,patmcquaid,DFFC
Pat Mullin,Pat Mullin,patmullin,DFFC
Pat O'Donahue,Pat O'Donahue,patodonahue,DFFC
Pat Patterson,Pat Patterson,patpatterson,DFFC
Pat Quinn,Pat Quinn,patquinn,DFFC
Pat Riley,Pat Riley,patriley,DFFC
Pat Ruel,Pat Ruel,patruel,DFFC
Pat Sajak,Pat Sajak,patsajak,DFFC
Pat Verbeek,Pat Verbeek,patverbeek,DFFC
Patric Verrone,Patric Verrone,patricverrone,DFFC
Patric Young,Patric Young,patricyoung,DFFC
Patrice Archetto,Patrice Archetto,patricearchetto,DFFC
Patrice Bart-Williams,Patrice Bart-Williams,patricebartwilliams,DFFC
Patrice Cormier,Patrice Cormier,patricecormier,DFFC
Patrice Esnault,Patrice Esnault,patriceesnault,DFFC
Patrice Killoffer,Patrice Killoffer,patricekilloffer,DFFC
Patrice Roberts,Patrice Roberts,patriceroberts,DFFC
Patricia Heaton,Patricia Heaton,patriciaheaton,DFFC
Patricia Laffan,Patricia Laffan,patricialaffan,DFFC
Patricia Maria Țig,Patricia Maria Țig,patriciamariaig,DFFC
Patricia Medina,Patricia Medina,patriciamedina,DFFC
Patricia Morrison,Patricia Morrison,patriciamorrison,DFFC
Patricia Richardson,Patricia Richardson,patriciarichardson,DFFC
Patricia Tallman,Patricia Tallman,patriciatallman,DFFC
Patricia Wettig,Patricia Wettig,patriciawettig,DFFC
Patrick Bordeleau,Patrick Bordeleau,patrickbordeleau,DFFC
Patrick Brown,Patrick Brown,patrickbrown,DFFC
Patrick Carpentier,Patrick Carpentier,patrickcarpentier,DFFC
Patrick Chabal,Patrick Chabal,patrickchabal,DFFC
Patrick Chan,Patrick Chan,patrickchan,DFFC
Patrick Cowan,Patrick Cowan,patrickcowan,DFFC
Patrick Dearen,Patrick Dearen,patrickdearen,DFFC
Patrick DiMarco,Patrick DiMarco,patrickdimarco,DFFC
Patrick Doherty,Patrick Doherty,patrickdoherty,DFFC
Patrick Eaves,Patrick Eaves,patrickeaves,DFFC
Patrick Ebert,Patrick Ebert,patrickebert,DFFC
Patrick Ewing,Patrick Ewing,patrickewing,DFFC
Patrick Fugit,Patrick Fugit,patrickfugit,DFFC
Patrick Helmes,Patrick Helmes,patrickhelmes,DFFC
Patrick Henry Brady,Patrick Henry Brady,patrickhenrybrady,DFFC
Patrick Hrabe,Patrick Hrabe,patrickhrabe,DFFC
Patrick Jonker,Patrick Jonker,patrickjonker,DFFC
Patrick Kavanagh,Patrick Kavanagh,patrickkavanagh,DFFC
Patrick Kluivert,Patrick Kluivert,patrickkluivert,DFFC
Patrick Lefevere,Patrick Lefevere,patricklefevere,DFFC
Patrick Meek,Patrick Meek,patrickmeek,DFFC
Patrick Omameh,Patrick Omameh,patrickomameh,DFFC
Patrick Owomoyela,Patrick Owomoyela,patrickowomoyela,DFFC
Patrick Pentland,Patrick Pentland,patrickpentland,DFFC
Patrick Reynolds,Patrick Reynolds,patrickreynolds,DFFC
Patrick Robinson,Patrick Robinson,patrickrobinson,DFFC
Patrick Rothfuss,Patrick Rothfuss,patrickrothfuss,DFFC
Patrick Skene Catling,Patrick Skene Catling,patrickskenecatling,DFFC
Patrick Stump,Patrick Stump,patrickstump,DFFC
Patrick Swayze,Patrick Swayze,patrickswayze,DFFC
Patrick Thaler,Patrick Thaler,patrickthaler,DFFC
Patrick Tuara,Patrick Tuara,patricktuara,DFFC
Patrick Whitefield,Patrick Whitefield,patrickwhitefield,DFFC
Patrick Wymark,Patrick Wymark,patrickwymark,DFFC
Patrick van Aanholt,Patrick van Aanholt,patrickvanaanholt,DFFC
Patrik Andersson,Patrik Andersson,patrikandersson,DFFC
Patrik Berger,Patrik Berger,patrikberger,DFFC
Patrik Borger,Patrik Borger,patrikborger,DFFC
Patrik Isaksson,Patrik Isaksson,patrikisaksson,DFFC
Patrik Sjöberg,Patrik Sjöberg,patriksjberg,DFFC
Patrik Åström,Patrik Åström,patrikstrm,DFFC
Patryk Dudek,Patryk Dudek,patrykdudek,DFFC
Patsy Kensit,Patsy Kensit,patsykensit,DFFC
Patti LaBelle,Patti LaBelle,pattilabelle,DFFC
Patty Brard,Patty Brard,pattybrard,DFFC
Patty Loveless,Patty Loveless,pattyloveless,DFFC
Pau Gasol,Pau Gasol,paugasol,DFFC
Paul Aguilar,Paul Aguilar,paulaguilar,DFFC
Paul Allen,Paul Allen,paulallen,DFFC
Paul Auster,Paul Auster,paulauster,DFFC
Paul Banks,Paul Banks,paulbanks,DFFC
Paul Bearer,Paul Bearer,paulbearer,DFFC
Paul Bettany,Paul Bettany,paulbettany,DFFC
Paul Blackthorne,Paul Blackthorne,paulblackthorne,DFFC
Paul Blair,Paul Blair,paulblair,DFFC
Paul Bocuse,Paul Bocuse,paulbocuse,DFFC
Paul Boll,Paul Boll,paulboll,DFFC
Paul Bragiel,Paul Bragiel,paulbragiel,DFFC
Paul Brandt,Paul Brandt,paulbrandt,DFFC
Paul Breitner,Paul Breitner,paulbreitner,DFFC
Paul Bucha,Paul Bucha,paulbucha,DFFC
Paul Colman,Paul Colman,paulcolman,DFFC
Paul Corry,Paul Corry,paulcorry,DFFC
Paul Cram,Paul Cram,paulcram,DFFC
Paul D. Stroop,Paul D Stroop,pauldstroop,DFFC
Paul Davies,Paul Davies,pauldavies,DFFC
Paul Davison,Paul Davison,pauldavison,DFFC
Paul DePodesta,Paul DePodesta,pauldepodesta,DFFC
Paul Devorski,Paul Devorski,pauldevorski,DFFC
Paul Dini,Paul Dini,pauldini,DFFC
Paul Doguereau,Paul Doguereau,pauldoguereau,DFFC
Paul Edmondson,Paul Edmondson,pauledmondson,DFFC
Paul Ellering,Paul Ellering,paulellering,DFFC
Paul Emmel,Paul Emmel,paulemmel,DFFC
Paul Erdős,Paul Erdős,paulerds,DFFC
Paul Estermann,Paul Estermann,paulestermann,DFFC
Paul Fanaika,Paul Fanaika,paulfanaika,DFFC
Paul Feig,Paul Feig,paulfeig,DFFC
Paul Foster,Paul Foster,paulfoster,DFFC
Paul Freier,Paul Freier,paulfreier,DFFC
Paul Gallagher,Paul Gallagher,paulgallagher,DFFC
Paul Garbett,Paul Garbett,paulgarbett,DFFC
Paul Gleason,Paul Gleason,paulgleason,DFFC
Paul Green,Paul Green,paulgreen,DFFC
Paul Greengrass,Paul Greengrass,paulgreengrass,DFFC
Paul Haggis,Paul Haggis,paulhaggis,DFFC
Paul Hamm,Paul Hamm,paulhamm,DFFC
Paul Hudak,Paul Hudak,paulhudak,DFFC
Paul Izzo,Paul Izzo,paulizzo,DFFC
Paul J. Turek,Paul J Turek,pauljturek,DFFC
Paul Jata,Paul Jata,pauljata,DFFC
Paul Johnsgard,Paul Johnsgard,pauljohnsgard,DFFC
Paul Johnson,Paul Johnson,pauljohnson,DFFC
Paul Kalkbrenner,Paul Kalkbrenner,paulkalkbrenner,DFFC
Paul Kaye,Paul Kaye,paulkaye,DFFC
Paul Krugman,Paul Krugman,paulkrugman,DFFC
Paul Kupperberg,Paul Kupperberg,paulkupperberg,DFFC
Paul Lamb,Paul Lamb,paullamb,DFFC
Paul Lieberstein,Paul Lieberstein,paullieberstein,DFFC
Paul Mac,Paul Mac,paulmac,DFFC
Paul MacLean,Paul MacLean,paulmaclean,DFFC
Paul Malliavin,Paul Malliavin,paulmalliavin,DFFC
Paul Mazursky,Paul Mazursky,paulmazursky,DFFC
Paul McCallum,Paul McCallum,paulmccallum,DFFC
Paul McDermott,Paul McDermott,paulmcdermott,DFFC
Paul McGuigan,Paul McGuigan,paulmcguigan,DFFC
Paul McKenna,Paul McKenna,paulmckenna,DFFC
Paul Midgley,Paul Midgley,paulmidgley,DFFC
Paul Mormando,Paul Mormando,paulmormando,DFFC
Paul Nihill,Paul Nihill,paulnihill,DFFC
Paul Papp,Paul Papp,paulpapp,DFFC
Paul Pelosi,Paul Pelosi,paulpelosi,DFFC
Paul Pesco,Paul Pesco,paulpesco,DFFC
Paul Pierce,Paul Pierce,paulpierce,DFFC
Paul Pogba,Paul Pogba,paulpogba,DFFC
Paul Poirier,Paul Poirier,paulpoirier,DFFC
Paul Posluszny,Paul Posluszny,paulposluszny,DFFC
Paul Postma,Paul Postma,paulpostma,DFFC
Paul Provenza,Paul Provenza,paulprovenza,DFFC
Paul Prudhomme,Paul Prudhomme,paulprudhomme,DFFC
Paul Rea,Paul Rea,paulrea,DFFC
Paul Reinhart,Paul Reinhart,paulreinhart,DFFC
Paul Roberts,Paul Roberts,paulroberts,DFFC
Paul Robinson,Paul Robinson,paulrobinson,DFFC
Paul Rosen,Paul Rosen,paulrosen,DFFC
Paul Ryan,Paul Ryan,paulryan,DFFC
Paul S. Farmer,Paul S Farmer,paulsfarmer,DFFC
Paul Sackey,Paul Sackey,paulsackey,DFFC
Paul Sarringhaus,Paul Sarringhaus,paulsarringhaus,DFFC
Paul Schaus,Paul Schaus,paulschaus,DFFC
Paul Scholes,Paul Scholes,paulscholes,DFFC
Paul Schott Stevens,Paul Schott Stevens,paulschottstevens,DFFC
Paul Schrader,Paul Schrader,paulschrader,DFFC
Paul Schrieber,Paul Schrieber,paulschrieber,DFFC
Paul Scofield,Paul Scofield,paulscofield,DFFC
Paul Simon,Paul Simon,paulsimon,DFFC
Paul Singer,Paul Singer,paulsinger,DFFC
Paul Stanley,Paul Stanley,paulstanley,DFFC
Paul Thorn,Paul Thorn,paulthorn,DFFC
Paul Tracy,Paul Tracy,paultracy,DFFC
Paul Trevithick,Paul Trevithick,paultrevithick,DFFC
Paul Turnbull,Paul Turnbull,paulturnbull,DFFC
Paul Vachon,Paul Vachon,paulvachon,DFFC
Paul Wall,Paul Wall,paulwall,DFFC
Paul Watson,Paul Watson,paulwatson,DFFC
Paul Wheatley,Paul Wheatley,paulwheatley,DFFC
Paul Wilson,Paul Wilson,paulwilson,DFFC
Paul Winter,Paul Winter,paulwinter,DFFC
Paul Wotton,Paul Wotton,paulwotton,DFFC
Paul Wulff,Paul Wulff,paulwulff,DFFC
Paul Wylie,Paul Wylie,paulwylie,DFFC
Paul Young,Paul Young,paulyoung,DFFC
Paul Zammit,Paul Zammit,paulzammit,DFFC
Paul-Georges Ntep,Paul-Georges Ntep,paulgeorgesntep,DFFC
Paula Badosa Gibert,Paula Badosa Gibert,paulabadosagibert,DFFC
Paula Coghlan,Paula Coghlan,paulacoghlan,DFFC
Paula Deen,Paula Deen,pauladeen,DFFC
Paula Lima,Paula Lima,paulalima,DFFC
Paula Martí,Paula Martí,paulamart,DFFC
Paula Radcliffe,Paula Radcliffe,paularadcliffe,DFFC
Paula Vesala,Paula Vesala,paulavesala,DFFC
Paula Vogel,Paula Vogel,paulavogel,DFFC
Pauleta,Pauleta,pauleta,DFFC
Pauley Perrette,Pauley Perrette,pauleyperrette,DFFC
Pauli Nevala,Pauli Nevala,paulinevala,DFFC
Pauli Siitonen,Pauli Siitonen,paulisiitonen,DFFC
Paulie Harraka,Paulie Harraka,paulieharraka,DFFC
Paulie Malignaggi,Paulie Malignaggi,pauliemalignaggi,DFFC
Paulina James,Paulina James,paulinajames,DFFC
Pauline Black,Pauline Black,paulineblack,DFFC
Pauline Collins,Pauline Collins,paulinecollins,DFFC
Pauline Davis-Thompson,Pauline Davis-Thompson,paulinedavisthompson,DFFC
Pauline Hamill,Pauline Hamill,paulinehamill,DFFC
Pauline Kamusewu,Pauline Kamusewu,paulinekamusewu,DFFC
Pauline Parmentier,Pauline Parmentier,paulineparmentier,DFFC
Pauline Étienne,Pauline Étienne,paulinetienne,DFFC
Paulo Coelho,Paulo Coelho,paulocoelho,DFFC
Paulo Henrique Ganso,Paulo Henrique Ganso,paulohenriqueganso,DFFC
Paulo Roberto Paula,Paulo Roberto Paula,paulorobertopaula,DFFC
Paulo Vanzolini,Paulo Vanzolini,paulovanzolini,DFFC
Paulo da Silva,Paulo da Silva,paulodasilva,DFFC
Paulus Manker,Paulus Manker,paulusmanker,DFFC
Pauly D,Pauly D,paulyd,DFFC
Pavel Belyayev,Pavel Belyayev,pavelbelyayev,DFFC
Pavel Derevyanko,Pavel Derevyanko,pavelderevyanko,DFFC
Pavel Durov,Pavel Durov,paveldurov,DFFC
Pavel Ignatovich,Pavel Ignatovich,pavelignatovich,DFFC
Pavel Kadeřábek,Pavel Kadeřábek,pavelkadebek,DFFC
Pavel Kotsur,Pavel Kotsur,pavelkotsur,DFFC
Pavel Leonov,Pavel Leonov,pavelleonov,DFFC
Pavel Nedvěd,Pavel Nedvěd,pavelnedvd,DFFC
Pavel Rostovtsev,Pavel Rostovtsev,pavelrostovtsev,DFFC
Pavel Stratan,Pavel Stratan,pavelstratan,DFFC
Pavel Tonkov,Pavel Tonkov,paveltonkov,DFFC
Pavlo Stepanets,Pavlo Stepanets,pavlostepanets,DFFC
"Pavlos, Crown Prince of Greece","Pavlos, Crown Prince of Greece",pavloscrownprinceofgreece,DFFC
Pavsekakiy Bogdanov,Pavsekakiy Bogdanov,pavsekakiybogdanov,DFFC
Pawan Kalyan,Pawan Kalyan,pawankalyan,DFFC
Paweł Czarnota,Paweł Czarnota,paweczarnota,DFFC
Paweł Dawidowicz,Paweł Dawidowicz,pawedawidowicz,DFFC
Paweł Fajdek,Paweł Fajdek,pawefajdek,DFFC
Paweł Jaracz,Paweł Jaracz,pawejaracz,DFFC
Paweł Piotrowski,Paweł Piotrowski,pawepiotrowski,DFFC
Pearce Hanley,Pearce Hanley,pearcehanley,DFFC
Peder Lamm,Peder Lamm,pederlamm,DFFC
Pedro Almodóvar,Pedro Almodóvar,pedroalmodvar,DFFC
Pedro Borbón,Pedro Borbón,pedroborbn,DFFC
Pedro Cachín,Pedro Cachín,pedrocachn,DFFC
Pedro Emanuel,Pedro Emanuel,pedroemanuel,DFFC
Pedro José Greer,Pedro José Greer,pedrojosgreer,DFFC
Pedro Lamy,Pedro Lamy,pedrolamy,DFFC
Pedro Lenz,Pedro Lenz,pedrolenz,DFFC
Pedro Luis Jaro,Pedro Luis Jaro,pedroluisjaro,DFFC
Pedro Mora,Pedro Mora,pedromora,DFFC
Pedro Morales,Pedro Morales,pedromorales,DFFC
Pedro Nel Gómez,Pedro Nel Gómez,pedronelgmez,DFFC
Pedro Obiang,Pedro Obiang,pedroobiang,DFFC
Pedro Pablo Hernández,Pedro Pablo Hernández,pedropablohernndez,DFFC
Pedro Proença,Pedro Proença,pedroproena,DFFC
Pedro Suárez-Vértiz,Pedro Suárez-Vértiz,pedrosurezvrtiz,DFFC
Peggy Connelly,Peggy Connelly,peggyconnelly,DFFC
Pegi Young,Pegi Young,pegiyoung,DFFC
Peja Stojaković,Peja Stojaković,pejastojakovi,DFFC
Pekka Heino,Pekka Heino,pekkaheino,DFFC
Pelageya,Pelageya,pelageya,DFFC
Pelé,Pelé,pel,DFFC
Pen-Ek Ratanaruang,Pen-Ek Ratanaruang,penekratanaruang,DFFC
Penelope Houston,Penelope Houston,penelopehouston,DFFC
Penelope Lively,Penelope Lively,penelopelively,DFFC
Penelope Mitchell,Penelope Mitchell,penelopemitchell,DFFC
Peng Zhaoqin,Peng Zhaoqin,pengzhaoqin,DFFC
Penn Badgley,Penn Badgley,pennbadgley,DFFC
Penny Coomes,Penny Coomes,pennycoomes,DFFC
Penny Lancaster,Penny Lancaster,pennylancaster,DFFC
Penélope Cruz,Penélope Cruz,penlopecruz,DFFC
Pepe Diokno,Pepe Diokno,pepediokno,DFFC
Pepe Mel,Pepe Mel,pepemel,DFFC
Per Gessle,Per Gessle,pergessle,DFFC
Per Jonsson,Per Jonsson,perjonsson,DFFC
Per Mertesacker,Per Mertesacker,permertesacker,DFFC
Per Oddvar Johansen,Per Oddvar Johansen,peroddvarjohansen,DFFC
Per Olov Enquist,Per Olov Enquist,perolovenquist,DFFC
Per Petterson,Per Petterson,perpetterson,DFFC
Per Wiberg,Per Wiberg,perwiberg,DFFC
Percival Wilde,Percival Wilde,percivalwilde,DFFC
Percy Savage,Percy Savage,percysavage,DFFC
Periklis Ilias,Periklis Ilias,periklisilias,DFFC
Pernilla August,Pernilla August,pernillaaugust,DFFC
Pernilla Winberg,Pernilla Winberg,pernillawinberg,DFFC
Pero Blazevski,Pero Blazevski,peroblazevski,DFFC
Perro Aguayo Jr.,Perro Aguayo Jr,perroaguayojr,DFFC
Perry DeAngelis,Perry DeAngelis,perrydeangelis,DFFC
Perry Haydn Taylor,Perry Haydn Taylor,perryhaydntaylor,DFFC
Perry Mehrling,Perry Mehrling,perrymehrling,DFFC
Perry Moss,Perry Moss,perrymoss,DFFC
Perry Riley,Perry Riley,perryriley,DFFC
Peta Mullens,Peta Mullens,petamullens,DFFC
Petar Božić,Petar Božić,petarboi,DFFC
Petar Gburčik,Petar Gburčik,petargburik,DFFC
Petar Zanev,Petar Zanev,petarzanev,DFFC
Petar Škuletić,Petar Škuletić,petarkuleti,DFFC
Petchara Chaowarat,Petchara Chaowarat,petcharachaowarat,DFFC
Pete Bethune,Pete Bethune,petebethune,DFFC
Pete Docter,Pete Docter,petedocter,DFFC
Pete Holmes,Pete Holmes,peteholmes,DFFC
Pete Morelli,Pete Morelli,petemorelli,DFFC
Pete Muller,Pete Muller,petemuller,DFFC
Pete Orr,Pete Orr,peteorr,DFFC
Pete Overend Watts,Pete Overend Watts,peteoverendwatts,DFFC
Pete Reiser,Pete Reiser,petereiser,DFFC
Pete Rock,Pete Rock,peterock,DFFC
Pete Seeger,Pete Seeger,peteseeger,DFFC
Pete Stout,Pete Stout,petestout,DFFC
Pete Townshend,Pete Townshend,petetownshend,DFFC
Pete Waterman,Pete Waterman,petewaterman,DFFC
Pete Wentz,Pete Wentz,petewentz,DFFC
Pete Wylie,Pete Wylie,petewylie,DFFC
Pete van Wieren,Pete van Wieren,petevanwieren,DFFC
Peter Apelgren,Peter Apelgren,peterapelgren,DFFC
Peter Asher,Peter Asher,peterasher,DFFC
Peter Bagge,Peter Bagge,peterbagge,DFFC
Peter Barker,Peter Barker,peterbarker,DFFC
Peter Berg,Peter Berg,peterberg,DFFC
Peter Bergen,Peter Bergen,peterbergen,DFFC
Peter Boulware,Peter Boulware,peterboulware,DFFC
Peter Brabrook,Peter Brabrook,peterbrabrook,DFFC
Peter Bradshaw,Peter Bradshaw,peterbradshaw,DFFC
Peter Brock,Peter Brock,peterbrock,DFFC
Peter Brown,Peter Brown,peterbrown,DFFC
Peter Chernin,Peter Chernin,peterchernin,DFFC
Peter Chiarelli,Peter Chiarelli,peterchiarelli,DFFC
Peter Costa,Peter Costa,petercosta,DFFC
Peter Coyote,Peter Coyote,petercoyote,DFFC
Peter Crouch,Peter Crouch,petercrouch,DFFC
Peter Cullen,Peter Cullen,petercullen,DFFC
Peter Dinklage,Peter Dinklage,peterdinklage,DFFC
Peter Dyneley,Peter Dyneley,peterdyneley,DFFC
Peter Eastgate,Peter Eastgate,petereastgate,DFFC
Peter Elkas,Peter Elkas,peterelkas,DFFC
Peter Emelieze,Peter Emelieze,peteremelieze,DFFC
Peter Enckelman,Peter Enckelman,peterenckelman,DFFC
Peter Exley,Peter Exley,peterexley,DFFC
Peter F. Hamilton,Peter F Hamilton,peterfhamilton,DFFC
Peter F. Paul,Peter F Paul,peterfpaul,DFFC
Peter Facinelli,Peter Facinelli,peterfacinelli,DFFC
Peter Fernandez,Peter Fernandez,peterfernandez,DFFC
Peter Fleming,Peter Fleming,peterfleming,DFFC
Peter Fox,Peter Fox,peterfox,DFFC
Peter Gammons,Peter Gammons,petergammons,DFFC
Peter Gay,Peter Gay,petergay,DFFC
Peter Graham,Peter Graham,petergraham,DFFC
Peter Hawkins,Peter Hawkins,peterhawkins,DFFC
Peter Higgs,Peter Higgs,peterhiggs,DFFC
Peter Hitchener,Peter Hitchener,peterhitchener,DFFC
Peter Hook,Peter Hook,peterhook,DFFC
Peter Horton,Peter Horton,peterhorton,DFFC
Peter Hume,Peter Hume,peterhume,DFFC
Peter Ind,Peter Ind,peterind,DFFC
Peter Jason,Peter Jason,peterjason,DFFC
Peter Kennaugh,Peter Kennaugh,peterkennaugh,DFFC
Peter Konz,Peter Konz,peterkonz,DFFC
Peter Kuper,Peter Kuper,peterkuper,DFFC
Peter L. Pond,Peter L Pond,peterlpond,DFFC
Peter Leahy,Peter Leahy,peterleahy,DFFC
Peter M. Neumann,Peter M Neumann,petermneumann,DFFC
Peter MacNicol,Peter MacNicol,petermacnicol,DFFC
Peter Madsen,Peter Madsen,petermadsen,DFFC
Peter Maffay,Peter Maffay,petermaffay,DFFC
Peter Mansbridge,Peter Mansbridge,petermansbridge,DFFC
Peter McCullough,Peter McCullough,petermccullough,DFFC
Peter Merry,Peter Merry,petermerry,DFFC
Peter Morgan,Peter Morgan,petermorgan,DFFC
Peter Neururer,Peter Neururer,peterneururer,DFFC
Peter New,Peter New,peternew,DFFC
Peter Odemwingie,Peter Odemwingie,peterodemwingie,DFFC
Peter Pacult,Peter Pacult,peterpacult,DFFC
Peter Patzak,Peter Patzak,peterpatzak,DFFC
Peter Pieters,Peter Pieters,peterpieters,DFFC
Peter Revson,Peter Revson,peterrevson,DFFC
Peter Rhoades-Brown,Peter Rhoades-Brown,peterrhoadesbrown,DFFC
Peter Rojas,Peter Rojas,peterrojas,DFFC
Peter Rowan,Peter Rowan,peterrowan,DFFC
Peter S. Beagle,Peter S Beagle,petersbeagle,DFFC
Peter S. Kalikow,Peter S Kalikow,peterskalikow,DFFC
Peter Sagal,Peter Sagal,petersagal,DFFC
Peter Sagan,Peter Sagan,petersagan,DFFC
Peter Sanderson,Peter Sanderson,petersanderson,DFFC
Peter Sands,Peter Sands,petersands,DFFC
Peter Schiergen,Peter Schiergen,peterschiergen,DFFC
Peter Scholze,Peter Scholze,peterscholze,DFFC
Peter Schöttel,Peter Schöttel,peterschttel,DFFC
Peter Seisenbacher,Peter Seisenbacher,peterseisenbacher,DFFC
Peter Settman,Peter Settman,petersettman,DFFC
Peter Stas,Peter Stas,peterstas,DFFC
Peter Stevens,Peter Stevens,peterstevens,DFFC
Peter Straub,Peter Straub,peterstraub,DFFC
Peter Svidler,Peter Svidler,petersvidler,DFFC
Peter Swirski,Peter Swirski,peterswirski,DFFC
Peter Tchernyshev,Peter Tchernyshev,petertchernyshev,DFFC
Peter Thorne,Peter Thorne,peterthorne,DFFC
Peter Ustinov,Peter Ustinov,peterustinov,DFFC
Peter Velits,Peter Velits,petervelits,DFFC
Peter Vikström,Peter Vikström,petervikstrm,DFFC
Peter Wall,Peter Wall,peterwall,DFFC
Peter Walter,Peter Walter,peterwalter,DFFC
Peter Weller,Peter Weller,peterweller,DFFC
Peter White,Peter White,peterwhite,DFFC
Peter Williams,Peter Williams,peterwilliams,DFFC
Peter Wrolich,Peter Wrolich,peterwrolich,DFFC
Peter York Solmssen,Peter York Solmssen,peteryorksolmssen,DFFC
Peter van Uhm,Peter van Uhm,petervanuhm,DFFC
Peter Žonta,Peter Žonta,peteronta,DFFC
Petr Bidař,Petr Bidař,petrbida,DFFC
Petr Hapka,Petr Hapka,petrhapka,DFFC
Petr Malý,Petr Malý,petrmal,DFFC
Petr Mitrichev,Petr Mitrichev,petrmitrichev,DFFC
Petr Muk,Petr Muk,petrmuk,DFFC
Petr Sýkora,Petr Sýkora,petrskora,DFFC
Petr Velička,Petr Velička,petrvelika,DFFC
Petra Bagust,Petra Bagust,petrabagust,DFFC
Petra Kvitová,Petra Kvitová,petrakvitov,DFFC
Petra Rampre,Petra Rampre,petrarampre,DFFC
Petra Zrimsek,Petra Zrimsek,petrazrimsek,DFFC
Petro Vlahos,Petro Vlahos,petrovlahos,DFFC
Petros Christo,Petros Christo,petroschristo,DFFC
Peyton Manning,Peyton Manning,peytonmanning,DFFC
Pheeroan akLaff,Pheeroan akLaff,pheeroanaklaff,DFFC
Phetetso Monese,Phetetso Monese,phetetsomonese,DFFC
Phil Bardsley,Phil Bardsley,philbardsley,DFFC
Phil Dalhausser,Phil Dalhausser,phildalhausser,DFFC
Phil Donahue,Phil Donahue,phildonahue,DFFC
Phil Dwyer,Phil Dwyer,phildwyer,DFFC
Phil Esposito,Phil Esposito,philesposito,DFFC
Phil Foglio,Phil Foglio,philfoglio,DFFC
Phil Gaimon,Phil Gaimon,philgaimon,DFFC
Phil Goss,Phil Goss,philgoss,DFFC
Phil Hammond,Phil Hammond,philhammond,DFFC
Phil Harding,Phil Harding,philharding,DFFC
Phil Hughes,Phil Hughes,philhughes,DFFC
Phil Jackson,Phil Jackson,philjackson,DFFC
Phil Jevons,Phil Jevons,philjevons,DFFC
Phil Johnson,Phil Johnson,philjohnson,DFFC
Phil Keoghan,Phil Keoghan,philkeoghan,DFFC
Phil Laak,Phil Laak,phillaak,DFFC
Phil Lesh,Phil Lesh,phillesh,DFFC
Phil Mahre,Phil Mahre,philmahre,DFFC
Phil Manzanera,Phil Manzanera,philmanzanera,DFFC
Phil Marsh,Phil Marsh,philmarsh,DFFC
Phil Mathews,Phil Mathews,philmathews,DFFC
Phil Ofosu-Ayeh,Phil Ofosu-Ayeh,philofosuayeh,DFFC
Phil Parkinson,Phil Parkinson,philparkinson,DFFC
Phil Plait,Phil Plait,philplait,DFFC
Phil Pressey,Phil Pressey,philpressey,DFFC
Phil Robertson,Phil Robertson,philrobertson,DFFC
Phil Sgrosso,Phil Sgrosso,philsgrosso,DFFC
Phil Simms,Phil Simms,philsimms,DFFC
Phil Spector,Phil Spector,philspector,DFFC
Phil Zuckerman,Phil Zuckerman,philzuckerman,DFFC
Philip Blake,Philip Blake,philipblake,DFFC
Philip Campbell,Philip Campbell,philipcampbell,DFFC
Philip Clemo,Philip Clemo,philipclemo,DFFC
Philip Gosselin,Philip Gosselin,philipgosselin,DFFC
Philip Heintz,Philip Heintz,philipheintz,DFFC
Philip Johnson,Philip Johnson,philipjohnson,DFFC
Philip Kotler,Philip Kotler,philipkotler,DFFC
Philip Nitschke,Philip Nitschke,philipnitschke,DFFC
Philip Oakey,Philip Oakey,philipoakey,DFFC
Philip Ober,Philip Ober,philipober,DFFC
Philip Palmer,Philip Palmer,philippalmer,DFFC
Philip Proctor,Philip Proctor,philipproctor,DFFC
Philip Pullman,Philip Pullman,philippullman,DFFC
Philip Reeve,Philip Reeve,philipreeve,DFFC
Philip Seymour Hoffman,Philip Seymour Hoffman,philipseymourhoffman,DFFC
Philip Tartaglia,Philip Tartaglia,philiptartaglia,DFFC
Philip Wheeler,Philip Wheeler,philipwheeler,DFFC
Philip Winchester,Philip Winchester,philipwinchester,DFFC
Philip Zandén,Philip Zandén,philipzandn,DFFC
Philipp Bargfrede,Philipp Bargfrede,philippbargfrede,DFFC
Philipp Boy,Philipp Boy,philippboy,DFFC
Philipp Degen,Philipp Degen,philippdegen,DFFC
Philipp Eng,Philipp Eng,philippeng,DFFC
Philipp Schörghofer,Philipp Schörghofer,philippschrghofer,DFFC
Philipp Sichler,Philipp Sichler,philippsichler,DFFC
Philippa Ballantine,Philippa Ballantine,philippaballantine,DFFC
Philippa Tomson,Philippa Tomson,philippatomson,DFFC
Philippe Dauman,Philippe Dauman,philippedauman,DFFC
Philippe Francq,Philippe Francq,philippefrancq,DFFC
Philippe Gilbert,Philippe Gilbert,philippegilbert,DFFC
Philippe Honoré,Philippe Honoré,philippehonor,DFFC
Philippe Labro,Philippe Labro,philippelabro,DFFC
Philippe Omnès,Philippe Omnès,philippeomns,DFFC
Phillip Adams,Phillip Adams,phillipadams,DFFC
Phillip Allen Sharp,Phillip Allen Sharp,phillipallensharp,DFFC
Phillip Archer,Phillip Archer,philliparcher,DFFC
Phillip Gaines,Phillip Gaines,phillipgaines,DFFC
Phillip Hunt,Phillip Hunt,philliphunt,DFFC
Phillip Lim,Phillip Lim,philliplim,DFFC
Phillip McDonald,Phillip McDonald,phillipmcdonald,DFFC
Phillip Noyce,Phillip Noyce,phillipnoyce,DFFC
Phillip Phillips,Phillip Phillips,phillipphillips,DFFC
Phillip Walker,Phillip Walker,phillipwalker,DFFC
Phillipa Towler-Green,Phillipa Towler-Green,phillipatowlergreen,DFFC
Phillipp Steinhart,Phillipp Steinhart,phillippsteinhart,DFFC
Phillips Idowu,Phillips Idowu,phillipsidowu,DFFC
Phoebe Cates,Phoebe Cates,phoebecates,DFFC
Phoebe Gloeckner,Phoebe Gloeckner,phoebegloeckner,DFFC
Phylicia Rashad,Phylicia Rashad,phyliciarashad,DFFC
Phyllis George,Phyllis George,phyllisgeorge,DFFC
Phyllis Somerville,Phyllis Somerville,phyllissomerville,DFFC
Phyllis Thaxter,Phyllis Thaxter,phyllisthaxter,DFFC
Pia Cramling,Pia Cramling,piacramling,DFFC
Pia Mia,Pia Mia,piamia,DFFC
Pia Zadora,Pia Zadora,piazadora,DFFC
Pier Angeli,Pier Angeli,pierangeli,DFFC
Pierluigi Casiraghi,Pierluigi Casiraghi,pierluigicasiraghi,DFFC
Piero Marini,Piero Marini,pieromarini,DFFC
Piero Mingoia,Piero Mingoia,pieromingoia,DFFC
Pierre Assouline,Pierre Assouline,pierreassouline,DFFC
Pierre Bengtsson,Pierre Bengtsson,pierrebengtsson,DFFC
Pierre Bordage,Pierre Bordage,pierrebordage,DFFC
Pierre Brice,Pierre Brice,pierrebrice,DFFC
Pierre Cardin,Pierre Cardin,pierrecardin,DFFC
Pierre Coffin,Pierre Coffin,pierrecoffin,DFFC
Pierre Cossette,Pierre Cossette,pierrecossette,DFFC
Pierre Deladonchamps,Pierre Deladonchamps,pierredeladonchamps,DFFC
Pierre Delanoë,Pierre Delanoë,pierredelano,DFFC
Pierre Drancourt,Pierre Drancourt,pierredrancourt,DFFC
Pierre Favre,Pierre Favre,pierrefavre,DFFC
Pierre Gasly,Pierre Gasly,pierregasly,DFFC
Pierre Guichot,Pierre Guichot,pierreguichot,DFFC
Pierre Littbarski,Pierre Littbarski,pierrelittbarski,DFFC
Pierre Lueders,Pierre Lueders,pierrelueders,DFFC
Pierre Nora,Pierre Nora,pierrenora,DFFC
Pierre Rapsat,Pierre Rapsat,pierrerapsat,DFFC
Pierre Seron,Pierre Seron,pierreseron,DFFC
Pierre Womé,Pierre Womé,pierrewom,DFFC
Pierre-Emerick Aubameyang,Pierre-Emerick Aubameyang,pierreemerickaubameyang,DFFC
Pierre-Henri Lecuisinier,Pierre-Henri Lecuisinier,pierrehenrilecuisinier,DFFC
Pierre-Loup Bouquet,Pierre-Loup Bouquet,pierreloupbouquet,DFFC
Pierrick Fédrigo,Pierrick Fédrigo,pierrickfdrigo,DFFC
Piers Morgan,Piers Morgan,piersmorgan,DFFC
Pieter Serry,Pieter Serry,pieterserry,DFFC
Pieter-Jan Hannes,Pieter-Jan Hannes,pieterjanhannes,DFFC
Pietro Fantin,Pietro Fantin,pietrofantin,DFFC
Pietro Foresti,Pietro Foresti,pietroforesti,DFFC
Pietro Lombardi,Pietro Lombardi,pietrolombardi,DFFC
Piggy D.,Piggy D,piggyd,DFFC
Pilou Asbæk,Pilou Asbæk,pilouasbk,DFFC
Pim Balkestein,Pim Balkestein,pimbalkestein,DFFC
Pim Fortuyn,Pim Fortuyn,pimfortuyn,DFFC
Pina Bausch,Pina Bausch,pinabausch,DFFC
Pini Gershon,Pini Gershon,pinigershon,DFFC
Pino Caruso,Pino Caruso,pinocaruso,DFFC
Piotr Bobras,Piotr Bobras,piotrbobras,DFFC
Piotr Lisek,Piotr Lisek,piotrlisek,DFFC
Piotr Piecuch,Piotr Piecuch,piotrpiecuch,DFFC
Piper Gilles,Piper Gilles,pipergilles,DFFC
Piper Kerman,Piper Kerman,piperkerman,DFFC
Piper Laurie,Piper Laurie,piperlaurie,DFFC
Piper Reese,Piper Reese,piperreese,DFFC
Pippa Mann,Pippa Mann,pippamann,DFFC
Pippo Franco,Pippo Franco,pippofranco,DFFC
Pirkko Saisio,Pirkko Saisio,pirkkosaisio,DFFC
Pirmin Lang,Pirmin Lang,pirminlang,DFFC
Piti,Piti,piti,DFFC
Pixie Lott,Pixie Lott,pixielott,DFFC
Plamen Getov,Plamen Getov,plamengetov,DFFC
Plan B,Plan B,planb,DFFC
Planet Asia,Planet Asia,planetasia,DFFC
Plaxico Burress,Plaxico Burress,plaxicoburress,DFFC
Player Uno,Player Uno,playeruno,DFFC
Plácido Domingo,Plácido Domingo,plcidodomingo,DFFC
Poe,Poe,poe,DFFC
Polad Bülbüloğlu,Polad Bülbüloğlu,poladblblolu,DFFC
Polina Astakhova,Polina Astakhova,polinaastakhova,DFFC
Polina Korobeynikova,Polina Korobeynikova,polinakorobeynikova,DFFC
Polina Shelepen,Polina Shelepen,polinashelepen,DFFC
Polina Zherebtsova,Polina Zherebtsova,polinazherebtsova,DFFC
Polona Hercog,Polona Hercog,polonahercog,DFFC
Pontus Segerström,Pontus Segerström,pontussegerstrm,DFFC
Pop Levi,Pop Levi,poplevi,DFFC
Popcaan,Popcaan,popcaan,DFFC
Pope John Paul II,Pope John Paul II,popejohnpaulii,DFFC
Popin Pete,Popin Pete,popinpete,DFFC
Poppy Delevingne,Poppy Delevingne,poppydelevingne,DFFC
Porochista Khakpour,Porochista Khakpour,porochistakhakpour,DFFC
Porter Wagoner,Porter Wagoner,porterwagoner,DFFC
Pour Lui,Pour Lui,pourlui,DFFC
Prab Rai,Prab Rai,prabrai,DFFC
Prachya Pinkaew,Prachya Pinkaew,prachyapinkaew,DFFC
Prahlad Singh Patel,Prahlad Singh Patel,prahladsinghpatel,DFFC
Pratibha Sinha,Pratibha Sinha,pratibhasinha,DFFC
Praveen Jordan,Praveen Jordan,praveenjordan,DFFC
Predrag Mijatović,Predrag Mijatović,predragmijatovi,DFFC
Predrag Samardžiski,Predrag Samardžiski,predragsamardiski,DFFC
Predrag Đorđević,Predrag Đorđević,predragorevi,DFFC
Preity Zinta,Preity Zinta,preityzinta,DFFC
Preston Brown,Preston Brown,prestonbrown,DFFC
Preston Pearson,Preston Pearson,prestonpearson,DFFC
Preston Wilson,Preston Wilson,prestonwilson,DFFC
Priest Lauderdale,Priest Lauderdale,priestlauderdale,DFFC
Priit Võigemast,Priit Võigemast,priitvigemast,DFFC
Primo,Primo,primo,DFFC
Primož Kozmus,Primož Kozmus,primokozmus,DFFC
Prince Ali bin Hussein,Prince Ali bin Hussein,princealibinhussein,DFFC
Prince Bernhard of Lippe-Biesterfeld,Prince Bernhard of Lippe-Biesterfeld,princebernhardoflippebiesterfeld,DFFC
Prince Buster,Prince Buster,princebuster,DFFC
"Prince Carl Philip, Duke of Värmland","Prince Carl Philip, Duke of Värmland",princecarlphilipdukeofvrmland,DFFC
Prince Claus of the Netherlands,Prince Claus of the Netherlands,princeclausofthenetherlands,DFFC
Prince Devitt,Prince Devitt,princedevitt,DFFC
Prince Ea,Prince Ea,princeea,DFFC
Prince Félix of Luxembourg,Prince Félix of Luxembourg,princeflixofluxembourg,DFFC
Prince George of Cambridge,Prince George of Cambridge,princegeorgeofcambridge,DFFC
Prince Joachim of Denmark,Prince Joachim of Denmark,princejoachimofdenmark,DFFC
Prince Segbefia,Prince Segbefia,princesegbefia,DFFC
Prince Shembo,Prince Shembo,princeshembo,DFFC
Prince Sébastien of Luxembourg,Prince Sébastien of Luxembourg,princesbastienofluxembourg,DFFC
Prince Tomohito of Mikasa,Prince Tomohito of Mikasa,princetomohitoofmikasa,DFFC
Prince Vincent of Denmark,Prince Vincent of Denmark,princevincentofdenmark,DFFC
"Prince William, Duke of Cambridge","Prince William, Duke of Cambridge",princewilliamdukeofcambridge,DFFC
Princess Akiko of Mikasa,Princess Akiko of Mikasa,princessakikoofmikasa,DFFC
"Princess Alexandra, The Honourable Lady Ogilvy","Princess Alexandra, The Honourable Lady Ogilvy",princessalexandrathehonourableladyogilvy,DFFC
"Princess Astrid of Belgium, Archduchess of Austria-Este","Princess Astrid of Belgium, Archduchess of Austria-Este",princessastridofbelgiumarchduchessofaustriaeste,DFFC
Princess Calixta of Lippe,Princess Calixta of Lippe,princesscalixtaoflippe,DFFC
"Princess Elisabeth, Duchess of Brabant","Princess Elisabeth, Duchess of Brabant",princesselisabethduchessofbrabant,DFFC
"Princess Estelle, Duchess of Östergötland","Princess Estelle, Duchess of Östergötland",princessestelleduchessofstergtland,DFFC
Princess Eugenie of York,Princess Eugenie of York,princesseugenieofyork,DFFC
Princess Haya bint Hussein,Princess Haya bint Hussein,princesshayabinthussein,DFFC
Princess Hayu,Princess Hayu,princesshayu,DFFC
Princess Laurentien of the Netherlands,Princess Laurentien of the Netherlands,princesslaurentienofthenetherlands,DFFC
"Princess Madeleine, Duchess of Hälsingland and Gästrikland","Princess Madeleine, Duchess of Hälsingland and Gästrikland",princessmadeleineduchessofhlsinglandandgstrikland,DFFC
Princess Mako of Akishino,Princess Mako of Akishino,princessmakoofakishino,DFFC
"Princess Margaretha, Mrs. Ambler","Princess Margaretha, Mrs Ambler",princessmargarethamrsambler,DFFC
Princess Maria Beatrice of Savoy,Princess Maria Beatrice of Savoy,princessmariabeatriceofsavoy,DFFC
Princess Maria Gabriella of Savoy,Princess Maria Gabriella of Savoy,princessmariagabriellaofsavoy,DFFC
Princess Maria Pia of Bourbon-Parma,Princess Maria Pia of Bourbon-Parma,princessmariapiaofbourbonparma,DFFC
Princess Stéphanie of Monaco,Princess Stéphanie of Monaco,princessstphanieofmonaco,DFFC
Priscila Borja,Priscila Borja,priscilaborja,DFFC
Priscilla Lopes-Schliep,Priscilla Lopes-Schliep,priscillalopesschliep,DFFC
Priscilla Meirelles,Priscilla Meirelles,priscillameirelles,DFFC
Prue Watt,Prue Watt,pruewatt,DFFC
Przemysław Niemiec,Przemysław Niemiec,przemysawniemiec,DFFC
Psilodump,Psilodump,psilodump,DFFC
Psycho Clown,Psycho Clown,psychoclown,DFFC
Puff Kuo,Puff Kuo,puffkuo,DFFC
Puma Swede,Puma Swede,pumaswede,DFFC
Punit Malhotra,Punit Malhotra,punitmalhotra,DFFC
Pupi Avati,Pupi Avati,pupiavati,DFFC
Putsy Caballero,Putsy Caballero,putsycaballero,DFFC
Putte Kock,Putte Kock,puttekock,DFFC
Pylyp Budkivskyi,Pylyp Budkivskyi,pylypbudkivskyi,DFFC
Pyotr Fyodorovich Lysenko,Pyotr Fyodorovich Lysenko,pyotrfyodorovichlysenko,DFFC
Pyotr Mamonov,Pyotr Mamonov,pyotrmamonov,DFFC
Pyotr Tochilin,Pyotr Tochilin,pyotrtochilin,DFFC
Pádraig Amond,Pádraig Amond,pdraigamond,DFFC
Pádraig Harrington,Pádraig Harrington,pdraigharrington,DFFC
Páll Guðlaugsson,Páll Guðlaugsson,pllgulaugsson,DFFC
Péguy Luyindula,Péguy Luyindula,pguyluyindula,DFFC
Péricles Chamusca,Péricles Chamusca,pricleschamusca,DFFC
Péter Gervai,Péter Gervai,ptergervai,DFFC
Péter Gulácsi,Péter Gulácsi,ptergulcsi,DFFC
Péter Szényi,Péter Szényi,ptersznyi,DFFC
Pól Jóhannus Justinussen,Pól Jóhannus Justinussen,pljhannusjustinussen,DFFC
Pāvels Mihadjuks,Pāvels Mihadjuks,pvelsmihadjuks,DFFC
Q'orianka Kilcher,Q'orianka Kilcher,qoriankakilcher,DFFC
Q-Tip,Q-Tip,qtip,DFFC
Qi Lu,Qi Lu,qilu,DFFC
Qiao Zhenyu,Qiao Zhenyu,qiaozhenyu,DFFC
Qin Hailu,Qin Hailu,qinhailu,DFFC
Queen Anne of Romania,Queen Anne of Romania,queenanneofromania,DFFC
Queen Anne-Marie of Greece,Queen Anne-Marie of Greece,queenannemarieofgreece,DFFC
Queen Hazarika,Queen Hazarika,queenhazarika,DFFC
Queen Hemas,Queen Hemas,queenhemas,DFFC
Queen Letizia of Spain,Queen Letizia of Spain,queenletiziaofspain,DFFC
Queen Máxima of the Netherlands,Queen Máxima of the Netherlands,queenmximaofthenetherlands,DFFC
Queen Rania of Jordan,Queen Rania of Jordan,queenraniaofjordan,DFFC
Queen Silvia of Sweden,Queen Silvia of Sweden,queensilviaofsweden,DFFC
Quentin Fottrell,Quentin Fottrell,quentinfottrell,DFFC
Quentin Lafargue,Quentin Lafargue,quentinlafargue,DFFC
Quincy Pondexter,Quincy Pondexter,quincypondexter,DFFC
Quincy Promes,Quincy Promes,quincypromes,DFFC
Quini,Quini,quini,DFFC
Quinn Do,Quinn Do,quinndo,DFFC
Quintin Demps,Quintin Demps,quintindemps,DFFC
Quinton Carter,Quinton Carter,quintoncarter,DFFC
Quinton Coples,Quinton Coples,quintoncoples,DFFC
Quinton Ganther,Quinton Ganther,quintonganther,DFFC
Qyntel Woods,Qyntel Woods,qyntelwoods,DFFC
R. A. Lafferty,RA Lafferty,ralafferty,DFFC
R. L. Burnside,RL Burnside,rlburnside,DFFC
R. L. Stine,RL Stine,rlstine,DFFC
R. Madhavan,R Madhavan,rmadhavan,DFFC
R. Stevie Moore,R Stevie Moore,rsteviemoore,DFFC
RJ Balaji,RJ Balaji,rjbalaji,DFFC
RJ Thompson,RJ Thompson,rjthompson,DFFC
RJ Tolson,RJ Tolson,rjtolson,DFFC
RJD2,RJD2,rjd2,DFFC
Rabah Yousif,Rabah Yousif,rabahyousif,DFFC
Rachael Dodds,Rachael Dodds,rachaeldodds,DFFC
Rachael Harris,Rachael Harris,rachaelharris,DFFC
Rachael MacFarlane,Rachael MacFarlane,rachaelmacfarlane,DFFC
Rachael Taylor,Rachael Taylor,rachaeltaylor,DFFC
Rachel De Thame,Rachel De Thame,racheldethame,DFFC
Rachel Dratch,Rachel Dratch,racheldratch,DFFC
Rachel Goswell,Rachel Goswell,rachelgoswell,DFFC
Rachel Haden,Rachel Haden,rachelhaden,DFFC
Rachel Henderson,Rachel Henderson,rachelhenderson,DFFC
Rachel Kirkland,Rachel Kirkland,rachelkirkland,DFFC
Rachel McAdams,Rachel McAdams,rachelmcadams,DFFC
Rachel Nichols,Rachel Nichols,rachelnichols,DFFC
Rachel Robinson,Rachel Robinson,rachelrobinson,DFFC
Rachel Roy,Rachel Roy,rachelroy,DFFC
Rachel Summerlyn,Rachel Summerlyn,rachelsummerlyn,DFFC
Rachelle Lefevre,Rachelle Lefevre,rachellelefevre,DFFC
Rachid Mouffouk,Rachid Mouffouk,rachidmouffouk,DFFC
Radhouène Felhi,Radhouène Felhi,radhounefelhi,DFFC
Radja Nainggolan,Radja Nainggolan,radjanainggolan,DFFC
Radoslav Lorković,Radoslav Lorković,radoslavlorkovi,DFFC
Radosław Majewski,Radosław Majewski,radosawmajewski,DFFC
Radovan Hromádko,Radovan Hromádko,radovanhromdko,DFFC
Radu Mihăileanu,Radu Mihăileanu,radumihileanu,DFFC
Rafael,Rafael,rafael,DFFC
Rafael A. Lecuona,Rafael A Lecuona,rafaelalecuona,DFFC
Rafael Moneo,Rafael Moneo,rafaelmoneo,DFFC
Rafael Palmeiro,Rafael Palmeiro,rafaelpalmeiro,DFFC
Rafael Sóbis,Rafael Sóbis,rafaelsbis,DFFC
Rafael Trelles,Rafael Trelles,rafaeltrelles,DFFC
Rafael Valls,Rafael Valls,rafaelvalls,DFFC
Rafaello Oliveira,Rafaello Oliveira,rafaellooliveira,DFFC
Rafał Fedaczyński,Rafał Fedaczyński,rafafedaczyski,DFFC
Raffael Caetano de Araújo,Raffael Caetano de Araújo,raffaelcaetanodearajo,DFFC
Rafinha,Rafinha,rafinha,DFFC
Ragini Dwivedi,Ragini Dwivedi,raginidwivedi,DFFC
Ragnar Bragason,Ragnar Bragason,ragnarbragason,DFFC
Ragnhild Hemsing,Ragnhild Hemsing,ragnhildhemsing,DFFC
Raheem Sterling,Raheem Sterling,raheemsterling,DFFC
Rahim Moore,Rahim Moore,rahimmoore,DFFC
Rahul Deshpande,Rahul Deshpande,rahuldeshpande,DFFC
Raine Maida,Raine Maida,rainemaida,DFFC
Rainer Hersch,Rainer Hersch,rainerhersch,DFFC
Rainer Knaak,Rainer Knaak,rainerknaak,DFFC
Rainer Schüttler,Rainer Schüttler,rainerschttler,DFFC
Raitis Grafs,Raitis Grafs,raitisgrafs,DFFC
Raja Petra Kamarudin,Raja Petra Kamarudin,rajapetrakamarudin,DFFC
Rajan P. Dev,Rajan P Dev,rajanpdev,DFFC
Rajat Gupta,Rajat Gupta,rajatgupta,DFFC
Rajat Kapoor,Rajat Kapoor,rajatkapoor,DFFC
Rajeev Khandelwal,Rajeev Khandelwal,rajeevkhandelwal,DFFC
Rajeev Motwani,Rajeev Motwani,rajeevmotwani,DFFC
Rajendra Singh,Rajendra Singh,rajendrasingh,DFFC
Rajendranath Zutshi,Rajendranath Zutshi,rajendranathzutshi,DFFC
Rajesh Hamal,Rajesh Hamal,rajeshhamal,DFFC
Rajesh Kumar,Rajesh Kumar,rajeshkumar,DFFC
Rajesh Thakker,Rajesh Thakker,rajeshthakker,DFFC
Rajiv van La Parra,Rajiv van La Parra,rajivvanlaparra,DFFC
Rajko Kojić,Rajko Kojić,rajkokoji,DFFC
Rajkumar Hirani,Rajkumar Hirani,rajkumarhirani,DFFC
Rajon Rondo,Rajon Rondo,rajonrondo,DFFC
Rajshree Thakur,Rajshree Thakur,rajshreethakur,DFFC
Rakeem Christmas,Rakeem Christmas,rakeemchristmas,DFFC
Rakel Liekki,Rakel Liekki,rakelliekki,DFFC
Rakul Preet Singh,Rakul Preet Singh,rakulpreetsingh,DFFC
Ralf König,Ralf König,ralfknig,DFFC
Ralf Loose,Ralf Loose,ralfloose,DFFC
Ralf Minge,Ralf Minge,ralfminge,DFFC
Ralph A. Ofstie,Ralph A Ofstie,ralphaofstie,DFFC
Ralph Friedgen,Ralph Friedgen,ralphfriedgen,DFFC
Ralph Garman,Ralph Garman,ralphgarman,DFFC
Ralph Hodgin,Ralph Hodgin,ralphhodgin,DFFC
Ralph Krueger,Ralph Krueger,ralphkrueger,DFFC
Ralph Larkin,Ralph Larkin,ralphlarkin,DFFC
Ralph McTell,Ralph McTell,ralphmctell,DFFC
Ralph Merkle,Ralph Merkle,ralphmerkle,DFFC
Ralph Ortega,Ralph Ortega,ralphortega,DFFC
Ralph Sampson,Ralph Sampson,ralphsampson,DFFC
Ralph Sampson III,Ralph Sampson III,ralphsampsoniii,DFFC
Ralphie May,Ralphie May,ralphiemay,DFFC
Raluca Sbîrcia,Raluca Sbîrcia,ralucasbrcia,DFFC
Ram Dass,Ram Dass,ramdass,DFFC
Ram Narayan,Ram Narayan,ramnarayan,DFFC
Ram Singh Thakur,Ram Singh Thakur,ramsinghthakur,DFFC
Ram Singh Yadav,Ram Singh Yadav,ramsinghyadav,DFFC
Ramadan Ramadani,Ramadan Ramadani,ramadanramadani,DFFC
Ramel Curry,Ramel Curry,ramelcurry,DFFC
Ramesh Sippy,Ramesh Sippy,rameshsippy,DFFC
Ramez Dayoub,Ramez Dayoub,ramezdayoub,DFFC
Ramiele Malubay,Ramiele Malubay,ramielemalubay,DFFC
Ramires,Ramires,ramires,DFFC
Ramiro Peña,Ramiro Peña,ramiropea,DFFC
Ramiz Mamedov,Ramiz Mamedov,ramizmamedov,DFFC
Ramon Durano VI,Ramon Durano VI,ramonduranovi,DFFC
Ramona Fradon,Ramona Fradon,ramonafradon,DFFC
Ramona M. Valdez,Ramona M Valdez,ramonamvaldez,DFFC
Ramzee Robinson,Ramzee Robinson,ramzeerobinson,DFFC
Ramzy Al-Duhami,Ramzy Al-Duhami,ramzyalduhami,DFFC
Ramón,Ramón,ramn,DFFC
Ramón Santiago,Ramón Santiago,ramnsantiago,DFFC
Ramón Valle,Ramón Valle,ramnvalle,DFFC
Ramón Vega Hidalgo,Ramón Vega Hidalgo,ramnvegahidalgo,DFFC
Ramón Vázquez,Ramón Vázquez,ramnvzquez,DFFC
Ramón Xirau,Ramón Xirau,ramnxirau,DFFC
Ramūnas Navardauskas,Ramūnas Navardauskas,ramnasnavardauskas,DFFC
Ran Yu-Yu,Ran Yu-Yu,ranyuyu,DFFC
Rana Daggubati,Rana Daggubati,ranadaggubati,DFFC
Rana Kapoor,Rana Kapoor,ranakapoor,DFFC
Ranbir Kapoor,Ranbir Kapoor,ranbirkapoor,DFFC
Randal Keynes,Randal Keynes,randalkeynes,DFFC
Randall L. Stephenson,Randall L Stephenson,randalllstephenson,DFFC
Randor Bierd,Randor Bierd,randorbierd,DFFC
Randy Barnes,Randy Barnes,randybarnes,DFFC
Randy Black,Randy Black,randyblack,DFFC
Randy Brecker,Randy Brecker,randybrecker,DFFC
Randy Choate,Randy Choate,randychoate,DFFC
Randy Ferbey,Randy Ferbey,randyferbey,DFFC
Randy Graff,Randy Graff,randygraff,DFFC
Randy Houser,Randy Houser,randyhouser,DFFC
Randy Jackson,Randy Jackson,randyjackson,DFFC
Randy Johnson,Randy Johnson,randyjohnson,DFFC
Randy Jones,Randy Jones,randyjones,DFFC
Randy Krummenacher,Randy Krummenacher,randykrummenacher,DFFC
Randy Marsh,Randy Marsh,randymarsh,DFFC
Randy Moss,Randy Moss,randymoss,DFFC
Randy Orton,Randy Orton,randyorton,DFFC
Randy Quaid,Randy Quaid,randyquaid,DFFC
Randy Read,Randy Read,randyread,DFFC
Randy Travis,Randy Travis,randytravis,DFFC
Randy Wittman,Randy Wittman,randywittman,DFFC
Rani Mukerji,Rani Mukerji,ranimukerji,DFFC
Ranidel de Ocampo,Ranidel de Ocampo,ranideldeocampo,DFFC
Ranko Golijanin,Ranko Golijanin,rankogolijanin,DFFC
Ranveer Singh,Ranveer Singh,ranveersingh,DFFC
Raoul Gradis,Raoul Gradis,raoulgradis,DFFC
Raoul Grassilli,Raoul Grassilli,raoulgrassilli,DFFC
Raoul Heertje,Raoul Heertje,raoulheertje,DFFC
Raph Koster,Raph Koster,raphkoster,DFFC
Raphael Holzdeppe,Raphael Holzdeppe,raphaelholzdeppe,DFFC
Raphael Holzhauser,Raphael Holzhauser,raphaelholzhauser,DFFC
Raphael Matos,Raphael Matos,raphaelmatos,DFFC
Raphael Saadiq,Raphael Saadiq,raphaelsaadiq,DFFC
Raphaël Enthoven,Raphaël Enthoven,raphalenthoven,DFFC
Raphaël Guerreiro,Raphaël Guerreiro,raphalguerreiro,DFFC
Raphaël Géminiani,Raphaël Géminiani,raphalgminiani,DFFC
Raphaël Haroche,Raphaël Haroche,raphalharoche,DFFC
Rapsody,Rapsody,rapsody,DFFC
Raquel Fernandes,Raquel Fernandes,raquelfernandes,DFFC
Raquel Welch,Raquel Welch,raquelwelch,DFFC
Rashad Baker,Rashad Baker,rashadbaker,DFFC
Rashad Johnson,Rashad Johnson,rashadjohnson,DFFC
Rasheed Wallace,Rasheed Wallace,rasheedwallace,DFFC
Rashid Al-Mannai,Rashid Al-Mannai,rashidalmannai,DFFC
Rashida Jones,Rashida Jones,rashidajones,DFFC
Rasim Tagirbekov,Rasim Tagirbekov,rasimtagirbekov,DFFC
Rasmus Borowski,Rasmus Borowski,rasmusborowski,DFFC
Rasmus Lyberth,Rasmus Lyberth,rasmuslyberth,DFFC
Rasmus Nøhr,Rasmus Nøhr,rasmusnhr,DFFC
Rasmus Seebach,Rasmus Seebach,rasmusseebach,DFFC
Rasmus Würtz,Rasmus Würtz,rasmuswrtz,DFFC
Rasoul Khadem,Rasoul Khadem,rasoulkhadem,DFFC
Rasul Mirzaev,Rasul Mirzaev,rasulmirzaev,DFFC
Rat Skates,Rat Skates,ratskates,DFFC
Ratko Mladić,Ratko Mladić,ratkomladi,DFFC
Raul Boesel,Raul Boesel,raulboesel,DFFC
Raul Midón,Raul Midón,raulmidn,DFFC
Rauni-Leena Luukanen-Kilde,Rauni-Leena Luukanen-Kilde,raunileenaluukanenkilde,DFFC
Raven Klaasen,Raven Klaasen,ravenklaasen,DFFC
Raven-Symoné,Raven-Symoné,ravensymon,DFFC
Ravi Coltrane,Ravi Coltrane,ravicoltrane,DFFC
Ravi Vakil,Ravi Vakil,ravivakil,DFFC
Ravi Walia,Ravi Walia,raviwalia,DFFC
Ravichandran Ashwin,Ravichandran Ashwin,ravichandranashwin,DFFC
Ray Benson,Ray Benson,raybenson,DFFC
Ray Bradbury,Ray Bradbury,raybradbury,DFFC
Ray Bray,Ray Bray,raybray,DFFC
Ray Burggraf,Ray Burggraf,rayburggraf,DFFC
Ray Cokes,Ray Cokes,raycokes,DFFC
Ray Danton,Ray Danton,raydanton,DFFC
Ray Graves,Ray Graves,raygraves,DFFC
Ray Griggs,Ray Griggs,raygriggs,DFFC
Ray Horton,Ray Horton,rayhorton,DFFC
Ray King,Ray King,rayking,DFFC
Ray Knight,Ray Knight,rayknight,DFFC
Ray Kroc,Ray Kroc,raykroc,DFFC
Ray Krouse,Ray Krouse,raykrouse,DFFC
Ray Lema,Ray Lema,raylema,DFFC
Ray Liotta,Ray Liotta,rayliotta,DFFC
Ray Lucia,Ray Lucia,raylucia,DFFC
Ray Odyssey,Ray Odyssey,rayodyssey,DFFC
Ray Park,Ray Park,raypark,DFFC
Ray Poat,Ray Poat,raypoat,DFFC
Ray-Ray Armstrong,Ray-Ray Armstrong,rayrayarmstrong,DFFC
Raymond Burr,Raymond Burr,raymondburr,DFFC
Raymond De Felitta,Raymond De Felitta,raymonddefelitta,DFFC
Raymond Durand,Raymond Durand,raymonddurand,DFFC
Raymond F. Rees,Raymond F Rees,raymondfrees,DFFC
Raymond Gosling,Raymond Gosling,raymondgosling,DFFC
Raymond Heerenveen,Raymond Heerenveen,raymondheerenveen,DFFC
Raymond Poulidor,Raymond Poulidor,raymondpoulidor,DFFC
Raymond Westerling,Raymond Westerling,raymondwesterling,DFFC
Raz Fresco,Raz Fresco,razfresco,DFFC
Raúl,Raúl,ral,DFFC
Raúl Albiol,Raúl Albiol,ralalbiol,DFFC
Raúl De Molina,Raúl De Molina,raldemolina,DFFC
Rea Carey,Rea Carey,reacarey,DFFC
Reagan Wickens,Reagan Wickens,reaganwickens,DFFC
Reatha King,Reatha King,reathaking,DFFC
Rebecca Carrington,Rebecca Carrington,rebeccacarrington,DFFC
Rebecca De Mornay,Rebecca De Mornay,rebeccademornay,DFFC
Rebecca Hall,Rebecca Hall,rebeccahall,DFFC
Rebecca Handke,Rebecca Handke,rebeccahandke,DFFC
Rebecca Hardy,Rebecca Hardy,rebeccahardy,DFFC
Rebecca Harrell Tickell,Rebecca Harrell Tickell,rebeccaharrelltickell,DFFC
Rebecca Luker,Rebecca Luker,rebeccaluker,DFFC
Rebecca Miller,Rebecca Miller,rebeccamiller,DFFC
Rebecca Rittenhouse,Rebecca Rittenhouse,rebeccarittenhouse,DFFC
Rebecca Solnit,Rebecca Solnit,rebeccasolnit,DFFC
Rebecca Wisocky,Rebecca Wisocky,rebeccawisocky,DFFC
Rebel Steiner,Rebel Steiner,rebelsteiner,DFFC
Rebel Wilson,Rebel Wilson,rebelwilson,DFFC
Reby Sky,Reby Sky,rebysky,DFFC
Red Barrett,Red Barrett,redbarrett,DFFC
Red Bryant,Red Bryant,redbryant,DFFC
Red Conkright,Red Conkright,redconkright,DFFC
Red Holzman,Red Holzman,redholzman,DFFC
Red Murff,Red Murff,redmurff,DFFC
Reece Burke,Reece Burke,reeceburke,DFFC
Reece Gray,Reece Gray,reecegray,DFFC
Reed Farrel Coleman,Reed Farrel Coleman,reedfarrelcoleman,DFFC
Reed Hastings,Reed Hastings,reedhastings,DFFC
Reena Roy,Reena Roy,reenaroy,DFFC
Reet Sharma,Reet Sharma,reetsharma,DFFC
Reggie Abercrombie,Reggie Abercrombie,reggieabercrombie,DFFC
Reggie Bullock,Reggie Bullock,reggiebullock,DFFC
Reggie Fils-Aimé,Reggie Fils-Aimé,reggiefilsaim,DFFC
Reggie Hamilton,Reggie Hamilton,reggiehamilton,DFFC
Reggie Kelly,Reggie Kelly,reggiekelly,DFFC
Reggie Sears,Reggie Sears,reggiesears,DFFC
Reggie Watts,Reggie Watts,reggiewatts,DFFC
Reggie Young,Reggie Young,reggieyoung,DFFC
Regina King,Regina King,reginaking,DFFC
Regina Lund,Regina Lund,reginalund,DFFC
Regina Spektor,Regina Spektor,reginaspektor,DFFC
Regina Taylor,Regina Taylor,reginataylor,DFFC
Reginald Beckwith,Reginald Beckwith,reginaldbeckwith,DFFC
Regis Philbin,Regis Philbin,regisphilbin,DFFC
Reichen Lehmkuhl,Reichen Lehmkuhl,reichenlehmkuhl,DFFC
Reid Hoffman,Reid Hoffman,reidhoffman,DFFC
Reidar Borgersen,Reidar Borgersen,reidarborgersen,DFFC
Reihan Salam,Reihan Salam,reihansalam,DFFC
Reilly Opelka,Reilly Opelka,reillyopelka,DFFC
Reiner Maurer,Reiner Maurer,reinermaurer,DFFC
Reinhard Merkel,Reinhard Merkel,reinhardmerkel,DFFC
Reinhold Messner,Reinhold Messner,reinholdmessner,DFFC
Reks,Reks,reks,DFFC
Remi Johansen,Remi Johansen,remijohansen,DFFC
Remko Pasveer,Remko Pasveer,remkopasveer,DFFC
Remo Capitani,Remo Capitani,remocapitani,DFFC
Remy LaCroix,Remy LaCroix,remylacroix,DFFC
Remy Sylado,Remy Sylado,remysylado,DFFC
Ren Zhongfei,Ren Zhongfei,renzhongfei,DFFC
Renaldo Balkman,Renaldo Balkman,renaldobalkman,DFFC
Renardo Foster,Renardo Foster,renardofoster,DFFC
Renat Yanbayev,Renat Yanbayev,renatyanbayev,DFFC
Renaud Capuçon,Renaud Capuçon,renaudcapuon,DFFC
Rene Farrell,Rene Farrell,renefarrell,DFFC
Rene Howe,Rene Howe,renehowe,DFFC
Rene Toft Hansen,Rene Toft Hansen,renetofthansen,DFFC
Rene Tosoni,Rene Tosoni,renetosoni,DFFC
Renee Chenault-Fattah,Renee Chenault-Fattah,reneechenaultfattah,DFFC
Renee Montgomery,Renee Montgomery,reneemontgomery,DFFC
Reno Mahe,Reno Mahe,renomahe,DFFC
Renzo Piano,Renzo Piano,renzopiano,DFFC
Renzo Sambo,Renzo Sambo,renzosambo,DFFC
René Girard,René Girard,rengirard,DFFC
René Pontoni,René Pontoni,renpontoni,DFFC
René van de Kerkhof,René van de Kerkhof,renvandekerkhof,DFFC
René-Louis Baron,René-Louis Baron,renlouisbaron,DFFC
Renée Nyberg,Renée Nyberg,renenyberg,DFFC
Renée Zellweger,Renée Zellweger,renezellweger,DFFC
Renārs Kaupers,Renārs Kaupers,renrskaupers,DFFC
Reshard Langford,Reshard Langford,reshardlangford,DFFC
Reuben Noble-Lazarus,Reuben Noble-Lazarus,reubennoblelazarus,DFFC
Reuben Wu,Reuben Wu,reubenwu,DFFC
Revo Soekatno,Revo Soekatno,revosoekatno,DFFC
Rex Hudler,Rex Hudler,rexhudler,DFFC
Rex Walters,Rex Walters,rexwalters,DFFC
Reyhan Şahin,Reyhan Şahin,reyhanahin,DFFC
Reymond Fuentes,Reymond Fuentes,reymondfuentes,DFFC
Reyna Grande,Reyna Grande,reynagrande,DFFC
Reyna Hamui,Reyna Hamui,reynahamui,DFFC
Reynold Philipsek,Reynold Philipsek,reynoldphilipsek,DFFC
Reza Ghoochannejhad,Reza Ghoochannejhad,rezaghoochannejhad,DFFC
Reziuan Mirzov,Reziuan Mirzov,reziuanmirzov,DFFC
Rhacel Parrenas,Rhacel Parrenas,rhacelparrenas,DFFC
Rhan Hooper,Rhan Hooper,rhanhooper,DFFC
Rhea Perlman,Rhea Perlman,rheaperlman,DFFC
Rheed McCracken,Rheed McCracken,rheedmccracken,DFFC
Rhian Wilkinson,Rhian Wilkinson,rhianwilkinson,DFFC
Rhoma Irama,Rhoma Irama,rhomairama,DFFC
Rhona Mitra,Rhona Mitra,rhonamitra,DFFC
Rhonda Rajsich,Rhonda Rajsich,rhondarajsich,DFFC
Rhyan Grant,Rhyan Grant,rhyangrant,DFFC
Rhys Evans,Rhys Evans,rhysevans,DFFC
Rhys Jones,Rhys Jones,rhysjones,DFFC
Rhys Murphy,Rhys Murphy,rhysmurphy,DFFC
Rhys Williams,Rhys Williams,rhyswilliams,DFFC
Ri Myong-sun,Ri Myong-sun,rimyongsun,DFFC
Ria Kataja,Ria Kataja,riakataja,DFFC
Ria Percival,Ria Percival,riapercival,DFFC
Riah Abu El-Assal,Riah Abu El-Assal,riahabuelassal,DFFC
Ric Converse,Ric Converse,ricconverse,DFFC
Ric O'Barry,Ric O'Barry,ricobarry,DFFC
Ricardo Allen,Ricardo Allen,ricardoallen,DFFC
Ricardo Bernal,Ricardo Bernal,ricardobernal,DFFC
Ricardo Bordallo,Ricardo Bordallo,ricardobordallo,DFFC
Ricardo Cavalcante Mendes,Ricardo Cavalcante Mendes,ricardocavalcantemendes,DFFC
Ricardo Ferreira da Silva,Ricardo Ferreira da Silva,ricardoferreiradasilva,DFFC
Ricardo Fort,Ricardo Fort,ricardofort,DFFC
Ricardo Gareca,Ricardo Gareca,ricardogareca,DFFC
Ricardo González,Ricardo González,ricardogonzlez,DFFC
Ricardo Iorio,Ricardo Iorio,ricardoiorio,DFFC
Ricardo La Volpe,Ricardo La Volpe,ricardolavolpe,DFFC
Ricardo Lucarelli Souza,Ricardo Lucarelli Souza,ricardolucarellisouza,DFFC
Ricardo Moniz,Ricardo Moniz,ricardomoniz,DFFC
Ricardo Montaner,Ricardo Montaner,ricardomontaner,DFFC
Ricardo Munguía Pérez,Ricardo Munguía Pérez,ricardomunguaprez,DFFC
Ricardo Quaresma,Ricardo Quaresma,ricardoquaresma,DFFC
Ricardo Rodriguez,Ricardo Rodriguez,ricardorodriguez,DFFC
Ricardo Rodríguez,Ricardo Rodríguez,ricardorodrguez,DFFC
Ricardo Vaz Tê,Ricardo Vaz Tê,ricardovazt,DFFC
Ricardo Zonta,Ricardo Zonta,ricardozonta,DFFC
Ricardo van Rhijn,Ricardo van Rhijn,ricardovanrhijn,DFFC
Riccardo Montolivo,Riccardo Montolivo,riccardomontolivo,DFFC
Riccardo Stacchiotti,Riccardo Stacchiotti,riccardostacchiotti,DFFC
Riccardo Zoidl,Riccardo Zoidl,riccardozoidl,DFFC
Ricco Groß,Ricco Groß,riccogro,DFFC
Rich Buckler,Rich Buckler,richbuckler,DFFC
Rich Cullen,Rich Cullen,richcullen,DFFC
Rich Eisen,Rich Eisen,richeisen,DFFC
Rich Froning Jr.,Rich Froning Jr,richfroningjr,DFFC
Rich Lowry,Rich Lowry,richlowry,DFFC
Rich Nye,Rich Nye,richnye,DFFC
Rich Rodriguez,Rich Rodriguez,richrodriguez,DFFC
Richard A. Jensen,Richard A Jensen,richardajensen,DFFC
Richard A. Teague,Richard A Teague,richardateague,DFFC
Richard Adams,Richard Adams,richardadams,DFFC
Richard Allen Davis,Richard Allen Davis,richardallendavis,DFFC
Richard Appel,Richard Appel,richardappel,DFFC
Richard Attenborough,Richard Attenborough,richardattenborough,DFFC
Richard Avedon,Richard Avedon,richardavedon,DFFC
Richard Bangs,Richard Bangs,richardbangs,DFFC
Richard Bennett,Richard Bennett,richardbennett,DFFC
Richard Bey,Richard Bey,richardbey,DFFC
Richard Biggs,Richard Biggs,richardbiggs,DFFC
Richard Blackwood,Richard Blackwood,richardblackwood,DFFC
Richard Bonynge,Richard Bonynge,richardbonynge,DFFC
Richard Cawthorne,Richard Cawthorne,richardcawthorne,DFFC
Richard Chamberlain,Richard Chamberlain,richardchamberlain,DFFC
Richard Coles,Richard Coles,richardcoles,DFFC
Richard Corben,Richard Corben,richardcorben,DFFC
Richard D. Titus,Richard D Titus,richarddtitus,DFFC
Richard D. Zanuck,Richard D Zanuck,richarddzanuck,DFFC
"Richard Dannatt, Baron Dannatt","Richard Dannatt, Baron Dannatt",richarddannattbarondannatt,DFFC
Richard David Precht,Richard David Precht,richarddavidprecht,DFFC
Richard Desmond,Richard Desmond,richarddesmond,DFFC
Richard Doll,Richard Doll,richarddoll,DFFC
Richard Donner,Richard Donner,richarddonner,DFFC
Richard Dreyfuss,Richard Dreyfuss,richarddreyfuss,DFFC
Richard Duffy,Richard Duffy,richardduffy,DFFC
Richard Edson,Richard Edson,richardedson,DFFC
Richard Edwin Hills,Richard Edwin Hills,richardedwinhills,DFFC
Richard Engel,Richard Engel,richardengel,DFFC
Richard Friend,Richard Friend,richardfriend,DFFC
Richard G. Hovannisian,Richard G Hovannisian,richardghovannisian,DFFC
Richard Galliano,Richard Galliano,richardgalliano,DFFC
Richard Goldbloom,Richard Goldbloom,richardgoldbloom,DFFC
Richard Goldstone,Richard Goldstone,richardgoldstone,DFFC
Richard Gordon,Richard Gordon,richardgordon,DFFC
Richard Gregory,Richard Gregory,richardgregory,DFFC
"Richard Harries, Baron Harries of Pentregarth","Richard Harries, Baron Harries of Pentregarth",richardharriesbaronharriesofpentregarth,DFFC
Richard Hilton,Richard Hilton,richardhilton,DFFC
Richard Horton,Richard Horton,richardhorton,DFFC
Richard Jacques,Richard Jacques,richardjacques,DFFC
Richard Johnson,Richard Johnson,richardjohnson,DFFC
Richard Jones,Richard Jones,richardjones,DFFC
Richard Kline,Richard Kline,richardkline,DFFC
Richard Knopper,Richard Knopper,richardknopper,DFFC
Richard M. Sherman,Richard M Sherman,richardmsherman,DFFC
Richard Meier,Richard Meier,richardmeier,DFFC
Richard Miles McCool,Richard Miles McCool,richardmilesmccool,DFFC
Richard Moe,Richard Moe,richardmoe,DFFC
Richard Moll,Richard Moll,richardmoll,DFFC
Richard Morecroft,Richard Morecroft,richardmorecroft,DFFC
Richard Mulligan,Richard Mulligan,richardmulligan,DFFC
Richard Pates,Richard Pates,richardpates,DFFC
Richard Peck,Richard Peck,richardpeck,DFFC
Richard Peirse,Richard Peirse,richardpeirse,DFFC
Richard Peniket,Richard Peniket,richardpeniket,DFFC
Richard Ramirez,Richard Ramirez,richardramirez,DFFC
Richard Ray Whitman,Richard Ray Whitman,richardraywhitman,DFFC
Richard Rhodes,Richard Rhodes,richardrhodes,DFFC
Richard Ringer,Richard Ringer,richardringer,DFFC
Richard Roeper,Richard Roeper,richardroeper,DFFC
"Richard S. Fuld, Jr.","Richard S Fuld, Jr",richardsfuldjr,DFFC
Richard Samuel,Richard Samuel,richardsamuel,DFFC
Richard Sennett,Richard Sennett,richardsennett,DFFC
Richard Sherman,Richard Sherman,richardsherman,DFFC
Richard Simmons,Richard Simmons,richardsimmons,DFFC
Richard Smallwood,Richard Smallwood,richardsmallwood,DFFC
Richard Stallman,Richard Stallman,richardstallman,DFFC
Richard Stehlík,Richard Stehlík,richardstehlk,DFFC
Richard Sterban,Richard Sterban,richardsterban,DFFC
Richard Summerbell,Richard Summerbell,richardsummerbell,DFFC
Richard Taylor,Richard Taylor,richardtaylor,DFFC
Richard Tee,Richard Tee,richardtee,DFFC
Richard Thaler,Richard Thaler,richardthaler,DFFC
Richard Virenque,Richard Virenque,richardvirenque,DFFC
Richard Williamson,Richard Williamson,richardwilliamson,DFFC
Richard Wilson,Richard Wilson,richardwilson,DFFC
Richie Ashburn,Richie Ashburn,richieashburn,DFFC
Richie Baker,Richie Baker,richiebaker,DFFC
Richie Frahm,Richie Frahm,richiefrahm,DFFC
Richie Havens,Richie Havens,richiehavens,DFFC
Richie Porte,Richie Porte,richieporte,DFFC
Richie Powers,Richie Powers,richiepowers,DFFC
Richie Steamboat,Richie Steamboat,richiesteamboat,DFFC
Richie Wellens,Richie Wellens,richiewellens,DFFC
Richárd Osváth,Richárd Osváth,richrdosvth,DFFC
Richárd Rapport,Richárd Rapport,richrdrapport,DFFC
Rick Anderson,Rick Anderson,rickanderson,DFFC
Rick Astley,Rick Astley,rickastley,DFFC
Rick Atkinson,Rick Atkinson,rickatkinson,DFFC
Rick Bassman,Rick Bassman,rickbassman,DFFC
Rick Braun,Rick Braun,rickbraun,DFFC
Rick Brunson,Rick Brunson,rickbrunson,DFFC
Rick Carlisle,Rick Carlisle,rickcarlisle,DFFC
Rick Crawford,Rick Crawford,rickcrawford,DFFC
Rick Hoffman,Rick Hoffman,rickhoffman,DFFC
Rick Lyon,Rick Lyon,ricklyon,DFFC
Rick Moranis,Rick Moranis,rickmoranis,DFFC
Rick Parfitt,Rick Parfitt,rickparfitt,DFFC
Rick Paterson,Rick Paterson,rickpaterson,DFFC
Rick Porcello,Rick Porcello,rickporcello,DFFC
Rick Redewill,Rick Redewill,rickredewill,DFFC
Rick Renteria,Rick Renteria,rickrenteria,DFFC
Rick Riordan,Rick Riordan,rickriordan,DFFC
Rick Tocchet,Rick Tocchet,ricktocchet,DFFC
Rick Veitch,Rick Veitch,rickveitch,DFFC
Rick Wagoner,Rick Wagoner,rickwagoner,DFFC
Rick Wohlhuter,Rick Wohlhuter,rickwohlhuter,DFFC
Rick Yune,Rick Yune,rickyune,DFFC
Rickard Engfors,Rickard Engfors,rickardengfors,DFFC
Rickard Nordstrand,Rickard Nordstrand,rickardnordstrand,DFFC
Rickard Rydell,Rickard Rydell,rickardrydell,DFFC
Rickard Sjöberg,Rickard Sjöberg,rickardsjberg,DFFC
Rickey Henderson,Rickey Henderson,rickeyhenderson,DFFC
Ricki Herbert,Ricki Herbert,rickiherbert,DFFC
Ricki Lake,Ricki Lake,rickilake,DFFC
Rickie Fowler,Rickie Fowler,rickiefowler,DFFC
Ricky Aitamai,Ricky Aitamai,rickyaitamai,DFFC
Ricky Bones,Ricky Bones,rickybones,DFFC
Ricky Dillon,Ricky Dillon,rickydillon,DFFC
Ricky Fuji,Ricky Fuji,rickyfuji,DFFC
Ricky Gervais,Ricky Gervais,rickygervais,DFFC
Ricky Koole,Ricky Koole,rickykoole,DFFC
Ricky Lumpkin,Ricky Lumpkin,rickylumpkin,DFFC
Ricky Manning,Ricky Manning,rickymanning,DFFC
Ricky Rubio,Ricky Rubio,rickyrubio,DFFC
Ricky Schmitt,Ricky Schmitt,rickyschmitt,DFFC
Ricky Tomlinson,Ricky Tomlinson,rickytomlinson,DFFC
Ricky Van Veen,Ricky Van Veen,rickyvanveen,DFFC
Ricky Williams,Ricky Williams,rickywilliams,DFFC
Ricky van Wolfswinkel,Ricky van Wolfswinkel,rickyvanwolfswinkel,DFFC
Rico Constantino,Rico Constantino,ricoconstantino,DFFC
Rico Rodriguez,Rico Rodriguez,ricorodriguez,DFFC
Ricochet,Ricochet,ricochet,DFFC
Riddick Bowe,Riddick Bowe,riddickbowe,DFFC
Rie Kitahara,Rie Kitahara,riekitahara,DFFC
Rie Tanaka,Rie Tanaka,rietanaka,DFFC
Riechedly Bazoer,Riechedly Bazoer,riechedlybazoer,DFFC
Rigobert Song,Rigobert Song,rigobertsong,DFFC
Rigoberto Urán,Rigoberto Urán,rigobertourn,DFFC
Riho,Riho,riho,DFFC
Rik Fox,Rik Fox,rikfox,DFFC
Rika Fujiwara,Rika Fujiwara,rikafujiwara,DFFC
Riker Lynch,Riker Lynch,rikerlynch,DFFC
Riki,Riki,riki,DFFC
Riki Choshu,Riki Choshu,rikichoshu,DFFC
Riki Ellison,Riki Ellison,rikiellison,DFFC
Riki Rachtman,Riki Rachtman,rikirachtman,DFFC
Rikishi,Rikishi,rikishi,DFFC
Rikke Møller Pedersen,Rikke Møller Pedersen,rikkemllerpedersen,DFFC
Rikki Fulton,Rikki Fulton,rikkifulton,DFFC
Rikki Rockett,Rikki Rockett,rikkirockett,DFFC
Riley Gill,Riley Gill,rileygill,DFFC
Riley Reid,Riley Reid,rileyreid,DFFC
Rilwan Waheed,Rilwan Waheed,rilwanwaheed,DFFC
Rimi Natsukawa,Rimi Natsukawa,riminatsukawa,DFFC
Rimpa Siva,Rimpa Siva,rimpasiva,DFFC
Rin Aoki,Rin Aoki,rinaoki,DFFC
Rin Takanashi,Rin Takanashi,rintakanashi,DFFC
Rina Thieleke,Rina Thieleke,rinathieleke,DFFC
Rinaldo Nocentini,Rinaldo Nocentini,rinaldonocentini,DFFC
Risa Shoji,Risa Shoji,risashoji,DFFC
Rishard Matthews,Rishard Matthews,rishardmatthews,DFFC
Rita Dove,Rita Dove,ritadove,DFFC
Rita Levi-Montalcini,Rita Levi-Montalcini,ritalevimontalcini,DFFC
Rita Moreno,Rita Moreno,ritamoreno,DFFC
Rita Ora,Rita Ora,ritaora,DFFC
Rita Sakellariou,Rita Sakellariou,ritasakellariou,DFFC
Ritchie McKay,Ritchie McKay,ritchiemckay,DFFC
Ritchie Pickett,Ritchie Pickett,ritchiepickett,DFFC
River Phoenix,River Phoenix,riverphoenix,DFFC
Rivers Cuomo,Rivers Cuomo,riverscuomo,DFFC
Riyad Mahrez,Riyad Mahrez,riyadmahrez,DFFC
Riyoko Ikeda,Riyoko Ikeda,riyokoikeda,DFFC
Ričardas Berankis,Ričardas Berankis,riardasberankis,DFFC
Rob Arnold,Rob Arnold,robarnold,DFFC
Rob Bironas,Rob Bironas,robbironas,DFFC
Rob Chudzinski,Rob Chudzinski,robchudzinski,DFFC
Rob Cohen,Rob Cohen,robcohen,DFFC
Rob Couhig,Rob Couhig,robcouhig,DFFC
Rob Drake,Rob Drake,robdrake,DFFC
Rob Elliot,Rob Elliot,robelliot,DFFC
Rob Elvins,Rob Elvins,robelvins,DFFC
Rob Fleming,Rob Fleming,robfleming,DFFC
Rob Goode,Rob Goode,robgoode,DFFC
Rob Goris,Rob Goris,robgoris,DFFC
Rob Hayles,Rob Hayles,robhayles,DFFC
Rob Hirst,Rob Hirst,robhirst,DFFC
Rob Hollink,Rob Hollink,robhollink,DFFC
Rob Housler,Rob Housler,robhousler,DFFC
Rob Huebel,Rob Huebel,robhuebel,DFFC
Rob James-Collier,Rob James-Collier,robjamescollier,DFFC
Rob Klinkhammer,Rob Klinkhammer,robklinkhammer,DFFC
Rob Lowe,Rob Lowe,roblowe,DFFC
Rob Malda,Rob Malda,robmalda,DFFC
Rob Marshall,Rob Marshall,robmarshall,DFFC
Rob McElhenney,Rob McElhenney,robmcelhenney,DFFC
Rob Oakley,Rob Oakley,roboakley,DFFC
Rob Reiner,Rob Reiner,robreiner,DFFC
Rob Riggle,Rob Riggle,robriggle,DFFC
Rob Sasser,Rob Sasser,robsasser,DFFC
Rob Schneider,Rob Schneider,robschneider,DFFC
Rob Scuderi,Rob Scuderi,robscuderi,DFFC
Rob Taylor,Rob Taylor,robtaylor,DFFC
Rob Thomas,Rob Thomas,robthomas,DFFC
Rob Thomson,Rob Thomson,robthomson,DFFC
Robb Austin,Robb Austin,robbaustin,DFFC
Robb Wells,Robb Wells,robbwells,DFFC
Robbie Brady,Robbie Brady,robbiebrady,DFFC
Robbie Coltrane,Robbie Coltrane,robbiecoltrane,DFFC
Robbie Gould,Robbie Gould,robbiegould,DFFC
Robbie Gray,Robbie Gray,robbiegray,DFFC
Robbie Kay,Robbie Kay,robbiekay,DFFC
Robbie Williams,Robbie Williams,robbiewilliams,DFFC
Robby McGehee,Robby McGehee,robbymcgehee,DFFC
Robert Acquafresca,Robert Acquafresca,robertacquafresca,DFFC
Robert Alford,Robert Alford,robertalford,DFFC
Robert Ardrey,Robert Ardrey,robertardrey,DFFC
Robert Asprin,Robert Asprin,robertasprin,DFFC
Robert B. Darnell,Robert B Darnell,robertbdarnell,DFFC
Robert B. Silvers,Robert B Silvers,robertbsilvers,DFFC
Robert Baker,Robert Baker,robertbaker,DFFC
Robert Bales,Robert Bales,robertbales,DFFC
Robert Bortuzzo,Robert Bortuzzo,robertbortuzzo,DFFC
Robert Bryant,Robert Bryant,robertbryant,DFFC
Robert C. Oaks,Robert C Oaks,robertcoaks,DFFC
Robert Campbell,Robert Campbell,robertcampbell,DFFC
Robert Carlyle,Robert Carlyle,robertcarlyle,DFFC
Robert Carradine,Robert Carradine,robertcarradine,DFFC
Robert Chambers,Robert Chambers,robertchambers,DFFC
Robert Clotworthy,Robert Clotworthy,robertclotworthy,DFFC
Robert Conley,Robert Conley,robertconley,DFFC
Robert Conquest,Robert Conquest,robertconquest,DFFC
Robert Coover,Robert Coover,robertcoover,DFFC
Robert Copeland,Robert Copeland,robertcopeland,DFFC
Robert Cornthwaite,Robert Cornthwaite,robertcornthwaite,DFFC
Robert Corruccini,Robert Corruccini,robertcorruccini,DFFC
Robert D. Atkinson,Robert D Atkinson,robertdatkinson,DFFC
Robert Davi,Robert Davi,robertdavi,DFFC
Robert Dinwiddie,Robert Dinwiddie,robertdinwiddie,DFFC
Robert Douglas,Robert Douglas,robertdouglas,DFFC
Robert Dunlop,Robert Dunlop,robertdunlop,DFFC
Robert Eenhoorn,Robert Eenhoorn,roberteenhoorn,DFFC
Robert F. Coleman,Robert F Coleman,robertfcoleman,DFFC
Robert Foley,Robert Foley,robertfoley,DFFC
Robert Forster,Robert Forster,robertforster,DFFC
Robert Foxworth,Robert Foxworth,robertfoxworth,DFFC
Robert Francis,Robert Francis,robertfrancis,DFFC
Robert Fripp,Robert Fripp,robertfripp,DFFC
Robert Fry,Robert Fry,robertfry,DFFC
Robert Fulton,Robert Fulton,robertfulton,DFFC
Robert G. Heft,Robert G Heft,robertgheft,DFFC
Robert Gallo,Robert Gallo,robertgallo,DFFC
Robert Garcia,Robert Garcia,robertgarcia,DFFC
Robert Gesink,Robert Gesink,robertgesink,DFFC
Robert Huber,Robert Huber,roberthuber,DFFC
Robert Hughes,Robert Hughes,roberthughes,DFFC
Robert Huth,Robert Huth,roberthuth,DFFC
Robert Hägg,Robert Hägg,roberthgg,DFFC
Robert Ingalls,Robert Ingalls,robertingalls,DFFC
Robert J. Fox,Robert J Fox,robertjfox,DFFC
Robert James Carlson,Robert James Carlson,robertjamescarlson,DFFC
Robert Karjel,Robert Karjel,robertkarjel,DFFC
Robert Kayen,Robert Kayen,robertkayen,DFFC
Robert Kelly,Robert Kelly,robertkelly,DFFC
Robert Kišerlovski,Robert Kišerlovski,robertkierlovski,DFFC
Robert Knepper,Robert Knepper,robertknepper,DFFC
Robert Kuttner,Robert Kuttner,robertkuttner,DFFC
Robert L. Johnson,Robert L Johnson,robertljohnson,DFFC
"Robert L. McNeil, Jr.","Robert L McNeil, Jr",robertlmcneiljr,DFFC
Robert Lefkowitz,Robert Lefkowitz,robertlefkowitz,DFFC
Robert Levon Been,Robert Levon Been,robertlevonbeen,DFFC
Robert Lewandowski,Robert Lewandowski,robertlewandowski,DFFC
Robert Lindstedt,Robert Lindstedt,robertlindstedt,DFFC
Robert Livingstone,Robert Livingstone,robertlivingstone,DFFC
Robert Llewellyn,Robert Llewellyn,robertllewellyn,DFFC
Robert M. Gray,Robert M Gray,robertmgray,DFFC
Robert MacLean,Robert MacLean,robertmaclean,DFFC
Robert Maillet,Robert Maillet,robertmaillet,DFFC
"Robert Mair, Baron Mair","Robert Mair, Baron Mair",robertmairbaronmair,DFFC
Robert Martin Patterson,Robert Martin Patterson,robertmartinpatterson,DFFC
Robert Maćkowiak,Robert Maćkowiak,robertmakowiak,DFFC
Robert McClain,Robert McClain,robertmcclain,DFFC
Robert McLachlan,Robert McLachlan,robertmclachlan,DFFC
Robert Metcalfe,Robert Metcalfe,robertmetcalfe,DFFC
Robert Millar,Robert Millar,robertmillar,DFFC
Robert Mizrachi,Robert Mizrachi,robertmizrachi,DFFC
Robert O. Trout,Robert O Trout,robertotrout,DFFC
Robert Pattinson,Robert Pattinson,robertpattinson,DFFC
Robert Plant,Robert Plant,robertplant,DFFC
Robert Pressley,Robert Pressley,robertpressley,DFFC
Robert Quarry,Robert Quarry,robertquarry,DFFC
Robert Reichel,Robert Reichel,robertreichel,DFFC
Robert S. McElvaine,Robert S McElvaine,robertsmcelvaine,DFFC
Robert Sacre,Robert Sacre,robertsacre,DFFC
Robert Sarah,Robert Sarah,robertsarah,DFFC
Robert Schmieder,Robert Schmieder,robertschmieder,DFFC
"Robert Skidelsky, Baron Skidelsky","Robert Skidelsky, Baron Skidelsky",robertskidelskybaronskidelsky,DFFC
Robert Smigel,Robert Smigel,robertsmigel,DFFC
Robert Smith,Robert Smith,robertsmith,DFFC
Robert Szpak,Robert Szpak,robertszpak,DFFC
Robert Tapert,Robert Tapert,roberttapert,DFFC
Robert Towne,Robert Towne,roberttowne,DFFC
Robert Urbanek,Robert Urbanek,roberturbanek,DFFC
Robert Vaughn,Robert Vaughn,robertvaughn,DFFC
Robert Vrečer,Robert Vrečer,robertvreer,DFFC
Robert W. Heath Jr.,Robert W Heath Jr,robertwheathjr,DFFC
Robert Wagner,Robert Wagner,robertwagner,DFFC
Robert Webber,Robert Webber,robertwebber,DFFC
Robert Wise,Robert Wise,robertwise,DFFC
Robert Woods,Robert Woods,robertwoods,DFFC
Robert Wuhl,Robert Wuhl,robertwuhl,DFFC
Robert Wyatt,Robert Wyatt,robertwyatt,DFFC
Robert ten Brink,Robert ten Brink,roberttenbrink,DFFC
Roberta D'Adda,Roberta D'Adda,robertadadda,DFFC
Roberta McCain,Roberta McCain,robertamccain,DFFC
Roberta Rodeghiero,Roberta Rodeghiero,robertarodeghiero,DFFC
Roberta Rodrigues,Roberta Rodrigues,robertarodrigues,DFFC
Roberth Björknesjö,Roberth Björknesjö,roberthbjrknesj,DFFC
"Roberto ""Cyborg"" Abreu",Roberto Cyborg Abreu,robertocyborgabreu,DFFC
Roberto Abraham,Roberto Abraham,robertoabraham,DFFC
Roberto Alomar,Roberto Alomar,robertoalomar,DFFC
Roberto Bellarosa,Roberto Bellarosa,robertobellarosa,DFFC
Roberto Carlos,Roberto Carlos,robertocarlos,DFFC
Roberto Chen,Roberto Chen,robertochen,DFFC
Roberto Dalla Vecchia,Roberto Dalla Vecchia,robertodallavecchia,DFFC
Roberto Di Matteo,Roberto Di Matteo,robertodimatteo,DFFC
Roberto Durán,Roberto Durán,robertodurn,DFFC
Roberto Maytín,Roberto Maytín,robertomaytn,DFFC
Roberto Moreno,Roberto Moreno,robertomoreno,DFFC
Roberto Orci,Roberto Orci,robertoorci,DFFC
Roberto Petito,Roberto Petito,robertopetito,DFFC
Roberto Pieraccini,Roberto Pieraccini,robertopieraccini,DFFC
Roberto Pérez,Roberto Pérez,robertoprez,DFFC
Roberto Ravaglia,Roberto Ravaglia,robertoravaglia,DFFC
Roberto Refinetti,Roberto Refinetti,robertorefinetti,DFFC
Roberto Telch,Roberto Telch,robertotelch,DFFC
Roberto Vacchi,Roberto Vacchi,robertovacchi,DFFC
Robin,Robin,robin,DFFC
Robin Curtis,Robin Curtis,robincurtis,DFFC
Robin Dahlstrøm,Robin Dahlstrøm,robindahlstrm,DFFC
Robin Duvillard,Robin Duvillard,robinduvillard,DFFC
Robin Eubanks,Robin Eubanks,robineubanks,DFFC
Robin Hobb,Robin Hobb,robinhobb,DFFC
Robin Ince,Robin Ince,robinince,DFFC
Robin Juhkental,Robin Juhkental,robinjuhkental,DFFC
Robin Lopez,Robin Lopez,robinlopez,DFFC
Robin Norell,Robin Norell,robinnorell,DFFC
Robin Olds,Robin Olds,robinolds,DFFC
Robin Padilla,Robin Padilla,robinpadilla,DFFC
Robin Popplestone,Robin Popplestone,robinpopplestone,DFFC
Robin Quivers,Robin Quivers,robinquivers,DFFC
Robin Szolkowy,Robin Szolkowy,robinszolkowy,DFFC
Robin Williams,Robin Williams,robinwilliams,DFFC
Robin van Persie,Robin van Persie,robinvanpersie,DFFC
Robinson Canó,Robinson Canó,robinsoncan,DFFC
Robinson Chirinos,Robinson Chirinos,robinsonchirinos,DFFC
Robledo Puch,Robledo Puch,robledopuch,DFFC
Robyn,Robyn,robyn,DFFC
Robyn Malcolm,Robyn Malcolm,robynmalcolm,DFFC
Rochelle Alers,Rochelle Alers,rochellealers,DFFC
Rochelle Gilmore,Rochelle Gilmore,rochellegilmore,DFFC
Rochelle Humes,Rochelle Humes,rochellehumes,DFFC
Rock Hudson,Rock Hudson,rockhudson,DFFC
Rockie Fresh,Rockie Fresh,rockiefresh,DFFC
Rockie Lynne,Rockie Lynne,rockielynne,DFFC
Rockne Brubaker,Rockne Brubaker,rocknebrubaker,DFFC
Rockstar Spud,Rockstar Spud,rockstarspud,DFFC
Rocky Bernard,Rocky Bernard,rockybernard,DFFC
Rod Piazza,Rod Piazza,rodpiazza,DFFC
Rod Smith,Rod Smith,rodsmith,DFFC
Rod Sweeting,Rod Sweeting,rodsweeting,DFFC
Roddy Frame,Roddy Frame,roddyframe,DFFC
Roderick J. McDavis,Roderick J McDavis,roderickjmcdavis,DFFC
Roderick Strong,Roderick Strong,roderickstrong,DFFC
Rodger Bumpass,Rodger Bumpass,rodgerbumpass,DFFC
Rodger Doxsey,Rodger Doxsey,rodgerdoxsey,DFFC
Rodney Dangerfield,Rodney Dangerfield,rodneydangerfield,DFFC
Rodney Harmon,Rodney Harmon,rodneyharmon,DFFC
Rodney Hudson,Rodney Hudson,rodneyhudson,DFFC
Rodney Joseph Burn,Rodney Joseph Burn,rodneyjosephburn,DFFC
Rodney Mack,Rodney Mack,rodneymack,DFFC
Rodney Peete,Rodney Peete,rodneypeete,DFFC
Rodolfo González,Rodolfo González,rodolfogonzlez,DFFC
Rodolfo López,Rodolfo López,rodolfolpez,DFFC
Rodolfo P. Hernández,Rodolfo P Hernández,rodolfophernndez,DFFC
Rodolph Austin,Rodolph Austin,rodolphaustin,DFFC
Rodrigo Amarante,Rodrigo Amarante,rodrigoamarante,DFFC
Rodrigo Moynihan,Rodrigo Moynihan,rodrigomoynihan,DFFC
Rodrigo Santoro,Rodrigo Santoro,rodrigosantoro,DFFC
Roelof Koops,Roelof Koops,roelofkoops,DFFC
Rogelio Domínguez,Rogelio Domínguez,rogeliodomnguez,DFFC
Roger Allen III,Roger Allen III,rogeralleniii,DFFC
Roger Bisby,Roger Bisby,rogerbisby,DFFC
Roger Browne,Roger Browne,rogerbrowne,DFFC
Roger Chapman,Roger Chapman,rogerchapman,DFFC
Roger Corman,Roger Corman,rogercorman,DFFC
Roger Creager,Roger Creager,rogercreager,DFFC
Roger Davies,Roger Davies,rogerdavies,DFFC
Roger Espinoza,Roger Espinoza,rogerespinoza,DFFC
Roger Fan,Roger Fan,rogerfan,DFFC
Roger Hammond,Roger Hammond,rogerhammond,DFFC
Roger Hoover,Roger Hoover,rogerhoover,DFFC
Roger Joseph Foys,Roger Joseph Foys,rogerjosephfoys,DFFC
Roger Livesey,Roger Livesey,rogerlivesey,DFFC
Roger McNamee,Roger McNamee,rogermcnamee,DFFC
Roger Olmos,Roger Olmos,rogerolmos,DFFC
Roger Rinderknecht,Roger Rinderknecht,rogerrinderknecht,DFFC
Roger Stern,Roger Stern,rogerstern,DFFC
Roger T. Forster,Roger T Forster,rogertforster,DFFC
Roger T. Pipe,Roger T Pipe,rogertpipe,DFFC
Roger Waters,Roger Waters,rogerwaters,DFFC
Roger Zelazny,Roger Zelazny,rogerzelazny,DFFC
Rogers Gaines,Rogers Gaines,rogersgaines,DFFC
Rogie Vachon,Rogie Vachon,rogievachon,DFFC
Rogério Ceni,Rogério Ceni,rogrioceni,DFFC
Rohit Bal,Rohit Bal,rohitbal,DFFC
Rohit Khurana,Rohit Khurana,rohitkhurana,DFFC
Rohullah Nikpai,Rohullah Nikpai,rohullahnikpai,DFFC
Rok Benkovič,Rok Benkovič,rokbenkovi,DFFC
Roland Carl Backhouse,Roland Carl Backhouse,rolandcarlbackhouse,DFFC
Roland Gift,Roland Gift,rolandgift,DFFC
Roland Gigolayev,Roland Gigolayev,rolandgigolayev,DFFC
Roland Giraud,Roland Giraud,rolandgiraud,DFFC
Roland Königshofer,Roland Königshofer,rolandknigshofer,DFFC
Roland Linz,Roland Linz,rolandlinz,DFFC
Roland McKeown,Roland McKeown,rolandmckeown,DFFC
Roland Orzabal,Roland Orzabal,rolandorzabal,DFFC
Rolando McClain,Rolando McClain,rolandomcclain,DFFC
Rolf Herricht,Rolf Herricht,rolfherricht,DFFC
Rolf Huisgen,Rolf Huisgen,rolfhuisgen,DFFC
Rolf Noskwith,Rolf Noskwith,rolfnoskwith,DFFC
Rolf Peterson,Rolf Peterson,rolfpeterson,DFFC
Rolland Golden,Rolland Golden,rollandgolden,DFFC
Roma Asrani,Roma Asrani,romaasrani,DFFC
Roma Egan,Roma Egan,romaegan,DFFC
Romain Grosjean,Romain Grosjean,romaingrosjean,DFFC
Romain Sardou,Romain Sardou,romainsardou,DFFC
Romaine Sawyers,Romaine Sawyers,romainesawyers,DFFC
Roman Dirge,Roman Dirge,romandirge,DFFC
Roman Eremenko,Roman Eremenko,romaneremenko,DFFC
Roman Josi,Roman Josi,romanjosi,DFFC
Roman Kontsedalov,Roman Kontsedalov,romankontsedalov,DFFC
Roman Kostomarov,Roman Kostomarov,romankostomarov,DFFC
Roman Neustädter,Roman Neustädter,romanneustdter,DFFC
Roman Novotný,Roman Novotný,romannovotn,DFFC
Roman Oben,Roman Oben,romanoben,DFFC
Roman Polanski,Roman Polanski,romanpolanski,DFFC
Roman Reigns,Roman Reigns,romanreigns,DFFC
Roman Serov,Roman Serov,romanserov,DFFC
Roman Shishkin,Roman Shishkin,romanshishkin,DFFC
Roman Talan,Roman Talan,romantalan,DFFC
Roman Vorobyov,Roman Vorobyov,romanvorobyov,DFFC
Roman Zaretsky,Roman Zaretsky,romanzaretsky,DFFC
Roman Zobnin,Roman Zobnin,romanzobnin,DFFC
Roman Zozulya,Roman Zozulya,romanzozulya,DFFC
Romaric,Romaric,romaric,DFFC
Romelu Lukaku,Romelu Lukaku,romelulukaku,DFFC
Romero Osby,Romero Osby,romeroosby,DFFC
Romy Bühler,Romy Bühler,romybhler,DFFC
Román Colón,Román Colón,romncoln,DFFC
Ron,Ron,ron,DFFC
Ron Allen,Ron Allen,ronallen,DFFC
Ron Asheton,Ron Asheton,ronasheton,DFFC
Ron Ben-Yishai,Ron Ben-Yishai,ronbenyishai,DFFC
Ron Brooks,Ron Brooks,ronbrooks,DFFC
Ron Campbell,Ron Campbell,roncampbell,DFFC
Ron Carter,Ron Carter,roncarter,DFFC
Ron Goulart,Ron Goulart,rongoulart,DFFC
Ron Jaworski,Ron Jaworski,ronjaworski,DFFC
Ron Jeremy,Ron Jeremy,ronjeremy,DFFC
Ron Kulpa,Ron Kulpa,ronkulpa,DFFC
Ron Laskey,Ron Laskey,ronlaskey,DFFC
Ron Livingston,Ron Livingston,ronlivingston,DFFC
Ron Reagan,Ron Reagan,ronreagan,DFFC
Ron Romanick,Ron Romanick,ronromanick,DFFC
Ron Vlaar,Ron Vlaar,ronvlaar,DFFC
Ron Washington,Ron Washington,ronwashington,DFFC
Ron Williams,Ron Williams,ronwilliams,DFFC
Ron Yeats,Ron Yeats,ronyeats,DFFC
Ron Zook,Ron Zook,ronzook,DFFC
Ron-Robert Zieler,Ron-Robert Zieler,ronrobertzieler,DFFC
Rona Kenan,Rona Kenan,ronakenan,DFFC
Ronald Burkle,Ronald Burkle,ronaldburkle,DFFC
Ronald Dworkin,Ronald Dworkin,ronalddworkin,DFFC
Ronald Goldman,Ronald Goldman,ronaldgoldman,DFFC
Ronald Gërçaliu,Ronald Gërçaliu,ronaldgraliu,DFFC
Ronald Jensen,Ronald Jensen,ronaldjensen,DFFC
Ronald Kessler,Ronald Kessler,ronaldkessler,DFFC
Ronald Lam,Ronald Lam,ronaldlam,DFFC
Ronald Mulder,Ronald Mulder,ronaldmulder,DFFC
Ronald Powell,Ronald Powell,ronaldpowell,DFFC
Ronald Searle,Ronald Searle,ronaldsearle,DFFC
Ronald Sørensen,Ronald Sørensen,ronaldsrensen,DFFC
Ronald Wayne,Ronald Wayne,ronaldwayne,DFFC
Ronald Worm,Ronald Worm,ronaldworm,DFFC
Ronald Zubar,Ronald Zubar,ronaldzubar,DFFC
Ronaldinho,Ronaldinho,ronaldinho,DFFC
Ronaldo,Ronaldo,ronaldo,DFFC
Ronalds Ķēniņš,Ronalds Ķēniņš,ronaldsni,DFFC
Ronan Farrow,Ronan Farrow,ronanfarrow,DFFC
Ronan Harris,Ronan Harris,ronanharris,DFFC
Ronde Barber,Ronde Barber,rondebarber,DFFC
Ronnie Coleman,Ronnie Coleman,ronniecoleman,DFFC
Ronnie Drew,Ronnie Drew,ronniedrew,DFFC
Ronnie Earl,Ronnie Earl,ronnieearl,DFFC
Ronnie Henry,Ronnie Henry,ronniehenry,DFFC
Ronnie Jepson,Ronnie Jepson,ronniejepson,DFFC
Ronnie O'Sullivan,Ronnie O'Sullivan,ronnieosullivan,DFFC
Ronnie Radke,Ronnie Radke,ronnieradke,DFFC
Ronnie Wallwork,Ronnie Wallwork,ronniewallwork,DFFC
Ronnie Whelan,Ronnie Whelan,ronniewhelan,DFFC
Ronnie Wood,Ronnie Wood,ronniewood,DFFC
Ronnie del Carmen,Ronnie del Carmen,ronniedelcarmen,DFFC
Rory Delap,Rory Delap,rorydelap,DFFC
Rory Elrick,Rory Elrick,roryelrick,DFFC
Rory McIlroy,Rory McIlroy,rorymcilroy,DFFC
Rory Patterson,Rory Patterson,rorypatterson,DFFC
Rosa Chacha,Rosa Chacha,rosachacha,DFFC
Rosa Menkman,Rosa Menkman,rosamenkman,DFFC
Rosa Törmänen,Rosa Törmänen,rosatrmnen,DFFC
Rosabeth Moss Kanter,Rosabeth Moss Kanter,rosabethmosskanter,DFFC
Rosalyn Baxandall,Rosalyn Baxandall,rosalynbaxandall,DFFC
Rosamund Pike,Rosamund Pike,rosamundpike,DFFC
Rosana dos Santos Augusto,Rosana dos Santos Augusto,rosanadossantosaugusto,DFFC
Rosanne Kohake,Rosanne Kohake,rosannekohake,DFFC
Rose Hemingway,Rose Hemingway,rosehemingway,DFFC
Rose Leslie,Rose Leslie,roseleslie,DFFC
Rose Mead,Rose Mead,rosemead,DFFC
Rosela Gjylbegu,Rosela Gjylbegu,roselagjylbegu,DFFC
Roselyn Sánchez,Roselyn Sánchez,roselynsnchez,DFFC
Rosemary Little,Rosemary Little,rosemarylittle,DFFC
Rosey Grier,Rosey Grier,roseygrier,DFFC
Rosi Mittermaier,Rosi Mittermaier,rosimittermaier,DFFC
Rosie MacLennan,Rosie MacLennan,rosiemaclennan,DFFC
Rosie Napravnik,Rosie Napravnik,rosienapravnik,DFFC
Rosie O'Donnell,Rosie O'Donnell,rosieodonnell,DFFC
Roslyn Fuller,Roslyn Fuller,roslynfuller,DFFC
Rosmah Mansor,Rosmah Mansor,rosmahmansor,DFFC
Ross Bleckner,Ross Bleckner,rossbleckner,DFFC
Ross Brawn,Ross Brawn,rossbrawn,DFFC
Ross Ryan,Ross Ryan,rossryan,DFFC
Ross Turnbull,Ross Turnbull,rossturnbull,DFFC
Rossana Di Lorenzo,Rossana Di Lorenzo,rossanadilorenzo,DFFC
Rossella Falk,Rossella Falk,rossellafalk,DFFC
Rossy de Palma,Rossy de Palma,rossydepalma,DFFC
Rostislav Sinicyn,Rostislav Sinicyn,rostislavsinicyn,DFFC
Rostyn Griffiths,Rostyn Griffiths,rostyngriffiths,DFFC
Rostyslav Hertsyk,Rostyslav Hertsyk,rostyslavhertsyk,DFFC
Rosângela Santos,Rosângela Santos,rosngelasantos,DFFC
Rowan Atkinson,Rowan Atkinson,rowanatkinson,DFFC
Rowen Muscat,Rowen Muscat,rowenmuscat,DFFC
Rowetta,Rowetta,rowetta,DFFC
Roxy Jezel,Roxy Jezel,roxyjezel,DFFC
Roy Andersson,Roy Andersson,royandersson,DFFC
Roy Bourgeois,Roy Bourgeois,roybourgeois,DFFC
Roy Chipolina,Roy Chipolina,roychipolina,DFFC
Roy Choi,Roy Choi,roychoi,DFFC
Roy Curvers,Roy Curvers,roycurvers,DFFC
Roy Hibbert,Roy Hibbert,royhibbert,DFFC
Roy McMillan,Roy McMillan,roymcmillan,DFFC
Roy Miller,Roy Miller,roymiller,DFFC
Roy Neuberger,Roy Neuberger,royneuberger,DFFC
Roy O'Donovan,Roy O'Donovan,royodonovan,DFFC
Roy Scheider,Roy Scheider,royscheider,DFFC
Roy Speckhardt,Roy Speckhardt,royspeckhardt,DFFC
Roy Wilford Riegle,Roy Wilford Riegle,roywilfordriegle,DFFC
Roy Williams,Roy Williams,roywilliams,DFFC
Roy Zimmerman,Roy Zimmerman,royzimmerman,DFFC
Royal Dano,Royal Dano,royaldano,DFFC
Royce Ring,Royce Ring,roycering,DFFC
Royce Womble,Royce Womble,roycewomble,DFFC
Royd Anderson,Royd Anderson,roydanderson,DFFC
Roys Poyiadjis,Roys Poyiadjis,royspoyiadjis,DFFC
Royston Drenthe,Royston Drenthe,roystondrenthe,DFFC
Roz Kaveney,Roz Kaveney,rozkaveney,DFFC
Ruben Bemelmans,Ruben Bemelmans,rubenbemelmans,DFFC
Ruben Blommaert,Ruben Blommaert,rubenblommaert,DFFC
Ruben Fleischer,Ruben Fleischer,rubenfleischer,DFFC
Ruben Zadkovich,Ruben Zadkovich,rubenzadkovich,DFFC
Ruby Lin,Ruby Lin,rubylin,DFFC
Ruby Rose,Ruby Rose,rubyrose,DFFC
Ruby Walsh,Ruby Walsh,rubywalsh,DFFC
Rubén Limardo,Rubén Limardo,rubnlimardo,DFFC
Rubén Plaza,Rubén Plaza,rubnplaza,DFFC
Rubén Rochina,Rubén Rochina,rubnrochina,DFFC
Rubén de la Red,Rubén de la Red,rubndelared,DFFC
Rudi Swiegers,Rudi Swiegers,rudiswiegers,DFFC
Rudi Völler,Rudi Völler,rudivller,DFFC
Rudolf Abel,Rudolf Abel,rudolfabel,DFFC
Rudolf Voderholzer,Rudolf Voderholzer,rudolfvoderholzer,DFFC
Rudolph A. Marcus,Rudolph A Marcus,rudolphamarcus,DFFC
Rudy Gobert,Rudy Gobert,rudygobert,DFFC
Rudy Molard,Rudy Molard,rudymolard,DFFC
Rudy Rucker,Rudy Rucker,rudyrucker,DFFC
Rudy Ruettiger,Rudy Ruettiger,rudyruettiger,DFFC
Rudy Seánez,Rudy Seánez,rudysenez,DFFC
Rudy Tomjanovich,Rudy Tomjanovich,rudytomjanovich,DFFC
Ruffy Silverstein,Ruffy Silverstein,ruffysilverstein,DFFC
Ruggero Deodato,Ruggero Deodato,ruggerodeodato,DFFC
Ruhal Ahmed,Ruhal Ahmed,ruhalahmed,DFFC
Rui Miguel Rodrigues,Rui Miguel Rodrigues,ruimiguelrodrigues,DFFC
Rui Ricardo Dias,Rui Ricardo Dias,ruiricardodias,DFFC
Rui Veloso,Rui Veloso,ruiveloso,DFFC
Rulon Gardner,Rulon Gardner,rulongardner,DFFC
Rune Bratseth,Rune Bratseth,runebratseth,DFFC
Rune Jarstein,Rune Jarstein,runejarstein,DFFC
Rupert Jones,Rupert Jones,rupertjones,DFFC
Rupert Sanders,Rupert Sanders,rupertsanders,DFFC
Rush Limbaugh,Rush Limbaugh,rushlimbaugh,DFFC
Rusheen McDonald,Rusheen McDonald,rusheenmcdonald,DFFC
Ruslan Pashtov,Ruslan Pashtov,ruslanpashtov,DFFC
Ruslan Rotan,Ruslan Rotan,ruslanrotan,DFFC
Ruslan Yamadayev,Ruslan Yamadayev,ruslanyamadayev,DFFC
Ruslana,Ruslana,ruslana,DFFC
Ruslans Sorokins,Ruslans Sorokins,ruslanssorokins,DFFC
Russ Crane,Russ Crane,russcrane,DFFC
Russ Grimm,Russ Grimm,russgrimm,DFFC
Russ Heath,Russ Heath,russheath,DFFC
Russ Hochstein,Russ Hochstein,russhochstein,DFFC
Russ Meyer,Russ Meyer,russmeyer,DFFC
Russ Nelson,Russ Nelson,russnelson,DFFC
Russ Rose,Russ Rose,russrose,DFFC
Russ Swift,Russ Swift,russswift,DFFC
Russell Brand,Russell Brand,russellbrand,DFFC
Russell Dive,Russell Dive,russelldive,DFFC
Russell Fry,Russell Fry,russellfry,DFFC
Russell Gilbrook,Russell Gilbrook,russellgilbrook,DFFC
Russell L. Ackoff,Russell L Ackoff,russelllackoff,DFFC
Russell Leetch,Russell Leetch,russellleetch,DFFC
Russell Martin,Russell Martin,russellmartin,DFFC
Russell Means,Russell Means,russellmeans,DFFC
Russell Peters,Russell Peters,russellpeters,DFFC
Russell Scott,Russell Scott,russellscott,DFFC
Russell Simmons,Russell Simmons,russellsimmons,DFFC
Russell Slade,Russell Slade,russellslade,DFFC
Russell Watson,Russell Watson,russellwatson,DFFC
Rustam Ibragimbekov,Rustam Ibragimbekov,rustamibragimbekov,DFFC
Rustam Kasimdzhanov,Rustam Kasimdzhanov,rustamkasimdzhanov,DFFC
Rustem Mukhametshin,Rustem Mukhametshin,rustemmukhametshin,DFFC
Rusty Draper,Rusty Draper,rustydraper,DFFC
Rusty Smith,Rusty Smith,rustysmith,DFFC
Rusudan Goletiani,Rusudan Goletiani,rusudangoletiani,DFFC
Ruta Lee,Ruta Lee,rutalee,DFFC
Rutger Hauer,Rutger Hauer,rutgerhauer,DFFC
Ruth Bishop,Ruth Bishop,ruthbishop,DFFC
Ruth Ellis,Ruth Ellis,ruthellis,DFFC
Ruth Gruber,Ruth Gruber,ruthgruber,DFFC
Ruth M. J. Byrne,Ruth MJ Byrne,ruthmjbyrne,DFFC
Ruth Vega Fernandez,Ruth Vega Fernandez,ruthvegafernandez,DFFC
Ruth Westheimer,Ruth Westheimer,ruthwestheimer,DFFC
Ruud Boffin,Ruud Boffin,ruudboffin,DFFC
Ruud Vormer,Ruud Vormer,ruudvormer,DFFC
Ryad Boudebouz,Ryad Boudebouz,ryadboudebouz,DFFC
Ryan Anderson,Ryan Anderson,ryananderson,DFFC
Ryan Baker,Ryan Baker,ryanbaker,DFFC
Ryan Bertrand,Ryan Bertrand,ryanbertrand,DFFC
Ryan Block,Ryan Block,ryanblock,DFFC
Ryan Bradley,Ryan Bradley,ryanbradley,DFFC
Ryan Briscoe,Ryan Briscoe,ryanbriscoe,DFFC
Ryan Clady,Ryan Clady,ryanclady,DFFC
Ryan Cook,Ryan Cook,ryancook,DFFC
Ryan Day,Ryan Day,ryanday,DFFC
Ryan Eggold,Ryan Eggold,ryaneggold,DFFC
Ryan Farquhar,Ryan Farquhar,ryanfarquhar,DFFC
Ryan Finnie,Ryan Finnie,ryanfinnie,DFFC
Ryan Fitzpatrick,Ryan Fitzpatrick,ryanfitzpatrick,DFFC
Ryan Giggs,Ryan Giggs,ryangiggs,DFFC
Ryan Goins,Ryan Goins,ryangoins,DFFC
Ryan Gosling,Ryan Gosling,ryangosling,DFFC
Ryan Haggerty,Ryan Haggerty,ryanhaggerty,DFFC
Ryan Hansen,Ryan Hansen,ryanhansen,DFFC
Ryan Harris,Ryan Harris,ryanharris,DFFC
Ryan Hulings,Ryan Hulings,ryanhulings,DFFC
Ryan J. Davis,Ryan J Davis,ryanjdavis,DFFC
Ryan Jones,Ryan Jones,ryanjones,DFFC
Ryan Kalil,Ryan Kalil,ryankalil,DFFC
Ryan Keller,Ryan Keller,ryankeller,DFFC
Ryan Lavarnway,Ryan Lavarnway,ryanlavarnway,DFFC
Ryan Lowe,Ryan Lowe,ryanlowe,DFFC
Ryan Madson,Ryan Madson,ryanmadson,DFFC
Ryan Malone,Ryan Malone,ryanmalone,DFFC
Ryan McGowan,Ryan McGowan,ryanmcgowan,DFFC
Ryan Miller,Ryan Miller,ryanmiller,DFFC
Ryan Murphy,Ryan Murphy,ryanmurphy,DFFC
Ryan O'Keefe,Ryan O'Keefe,ryanokeefe,DFFC
Ryan Perrilloux,Ryan Perrilloux,ryanperrilloux,DFFC
Ryan Reynolds,Ryan Reynolds,ryanreynolds,DFFC
Ryan Richter,Ryan Richter,ryanrichter,DFFC
Ryan Russell,Ryan Russell,ryanrussell,DFFC
Ryan Scott,Ryan Scott,ryanscott,DFFC
Ryan Shawcross,Ryan Shawcross,ryanshawcross,DFFC
Ryan Shotton,Ryan Shotton,ryanshotton,DFFC
Ryan Sieg,Ryan Sieg,ryansieg,DFFC
Ryan Smyth,Ryan Smyth,ryansmyth,DFFC
Ryan Stiles,Ryan Stiles,ryanstiles,DFFC
Ryan Strome,Ryan Strome,ryanstrome,DFFC
Ryan Taylor,Ryan Taylor,ryantaylor,DFFC
Ryan Truex,Ryan Truex,ryantruex,DFFC
Ryan Whiting,Ryan Whiting,ryanwhiting,DFFC
Ryan Williams,Ryan Williams,ryanwilliams,DFFC
Ryan Wilson,Ryan Wilson,ryanwilson,DFFC
Ryback,Ryback,ryback,DFFC
Ryder Hesjedal,Ryder Hesjedal,ryderhesjedal,DFFC
Ryo Shibata,Ryo Shibata,ryoshibata,DFFC
Ryszard Wasko,Ryszard Wasko,ryszardwasko,DFFC
Ryuichi Kawamura,Ryuichi Kawamura,ryuichikawamura,DFFC
Ryuichi Ogata,Ryuichi Ogata,ryuichiogata,DFFC
Ryuju Hino,Ryuju Hino,ryujuhino,DFFC
Ryusuke Taguchi,Ryusuke Taguchi,ryusuketaguchi,DFFC
Ryūtarō Matsumoto,Ryūtarō Matsumoto,rytarmatsumoto,DFFC
Réda Johnson,Réda Johnson,rdajohnson,DFFC
Régine Chassagne,Régine Chassagne,rginechassagne,DFFC
Régine Zylberberg,Régine Zylberberg,rginezylberberg,DFFC
Réka Benkó,Réka Benkó,rkabenk,DFFC
Rémi Biancardini,Rémi Biancardini,rmibiancardini,DFFC
Rémi Cusin,Rémi Cusin,rmicusin,DFFC
Rémi Mathis,Rémi Mathis,rmimathis,DFFC
Rémy Vercoutre,Rémy Vercoutre,rmyvercoutre,DFFC
Rógvi Baldvinsson,Rógvi Baldvinsson,rgvibaldvinsson,DFFC
Rúben Sança,Rúben Sança,rbensana,DFFC
Rúrik Gíslason,Rúrik Gíslason,rrikgslason,DFFC
Răzvan Cociș,Răzvan Cociș,rzvancoci,DFFC
Rūta Meilutytė,Rūta Meilutytė,rtameilutyt,DFFC
S. D. Shibulal,SD Shibulal,sdshibulal,DFFC
S. E. Cupp,SE Cupp,secupp,DFFC
S. P. Balasubrahmanyam,SP Balasubrahmanyam,spbalasubrahmanyam,DFFC
S. P. Sailaja,SP Sailaja,spsailaja,DFFC
S. R. Srinivasa Varadhan,SR Srinivasa Varadhan,srsrinivasavaradhan,DFFC
S. Ramachandra,S Ramachandra,sramachandra,DFFC
SORNE,SORNE,sorne,DFFC
SZA,SZA,sza,DFFC
Saadet Aksoy,Saadet Aksoy,saadetaksoy,DFFC
Sabahudin Kurt,Sabahudin Kurt,sabahudinkurt,DFFC
Sabian,Sabian,sabian,DFFC
Sabina Babayeva,Sabina Babayeva,sabinababayeva,DFFC
Sabina Cojocar,Sabina Cojocar,sabinacojocar,DFFC
Sabina Imaikina,Sabina Imaikina,sabinaimaikina,DFFC
Sabina Sharipova,Sabina Sharipova,sabinasharipova,DFFC
Sabina-Francesca Foisor,Sabina-Francesca Foisor,sabinafrancescafoisor,DFFC
Sabine Bau,Sabine Bau,sabinebau,DFFC
Sabine Schmitz,Sabine Schmitz,sabineschmitz,DFFC
Sabra Johnson,Sabra Johnson,sabrajohnson,DFFC
Sabrina Salerno,Sabrina Salerno,sabrinasalerno,DFFC
Sabu,Sabu,sabu,DFFC
Sacha Baron Cohen,Sacha Baron Cohen,sachabaroncohen,DFFC
Sachia Vickery,Sachia Vickery,sachiavickery,DFFC
Sadahiro Miwa,Sadahiro Miwa,sadahiromiwa,DFFC
Sadie Robertson,Sadie Robertson,sadierobertson,DFFC
Sadrac González,Sadrac González,sadracgonzlez,DFFC
Saeed Ajmal,Saeed Ajmal,saeedajmal,DFFC
Safet Isović,Safet Isović,safetisovi,DFFC
Sage Stallone,Sage Stallone,sagestallone,DFFC
Sahara Smith,Sahara Smith,saharasmith,DFFC
Saif Ali Khan,Saif Ali Khan,saifalikhan,DFFC
Saif Saaeed Shaheen,Saif Saaeed Shaheen,saifsaaeedshaheen,DFFC
Sailor Roberts,Sailor Roberts,sailorroberts,DFFC
Saindhavi,Saindhavi,saindhavi,DFFC
Saki Nakajima,Saki Nakajima,sakinakajima,DFFC
Sakis Rouvas,Sakis Rouvas,sakisrouvas,DFFC
Sal Castro,Sal Castro,salcastro,DFFC
Sal Fasano,Sal Fasano,salfasano,DFFC
Sal Maglie,Sal Maglie,salmaglie,DFFC
Sal Masekela,Sal Masekela,salmasekela,DFFC
Sal Paolantonio,Sal Paolantonio,salpaolantonio,DFFC
Salaheddine Aqqal,Salaheddine Aqqal,salaheddineaqqal,DFFC
Salih Dursun,Salih Dursun,salihdursun,DFFC
Salim Stoudamire,Salim Stoudamire,salimstoudamire,DFFC
Salina Kosgei,Salina Kosgei,salinakosgei,DFFC
Sally Clausen,Sally Clausen,sallyclausen,DFFC
Sally Gunnell,Sally Gunnell,sallygunnell,DFFC
Sally Miller Gearhart,Sally Miller Gearhart,sallymillergearhart,DFFC
Sally Pressman,Sally Pressman,sallypressman,DFFC
Sally Struthers,Sally Struthers,sallystruthers,DFFC
Salma de Nora,Salma de Nora,salmadenora,DFFC
Salomon Kalou,Salomon Kalou,salomonkalou,DFFC
Salva Ballesta,Salva Ballesta,salvaballesta,DFFC
Salvatore Amirante,Salvatore Amirante,salvatoreamirante,DFFC
Salvatore Mancuso,Salvatore Mancuso,salvatoremancuso,DFFC
Sam Beddingfield,Sam Beddingfield,sambeddingfield,DFFC
Sam Brown,Sam Brown,sambrown,DFFC
Sam Chegini,Sam Chegini,samchegini,DFFC
Sam Claflin,Sam Claflin,samclaflin,DFFC
Sam Collins,Sam Collins,samcollins,DFFC
Sam Cronin,Sam Cronin,samcronin,DFFC
Sam Davol,Sam Davol,samdavol,DFFC
Sam Dekker,Sam Dekker,samdekker,DFFC
Sam Gash,Sam Gash,samgash,DFFC
Sam Gross,Sam Gross,samgross,DFFC
Sam Hancock,Sam Hancock,samhancock,DFFC
Sam Harding,Sam Harding,samharding,DFFC
Sam Huff,Sam Huff,samhuff,DFFC
Sam Hurd,Sam Hurd,samhurd,DFFC
Sam Hutchinson,Sam Hutchinson,samhutchinson,DFFC
Sam Johnstone,Sam Johnstone,samjohnstone,DFFC
Sam Kekovich,Sam Kekovich,samkekovich,DFFC
Sam Malcolmson,Sam Malcolmson,sammalcolmson,DFFC
Sam Mendes,Sam Mendes,sammendes,DFFC
Sam Milby,Sam Milby,sammilby,DFFC
Sam Most,Sam Most,sammost,DFFC
Sam Neely,Sam Neely,samneely,DFFC
Sam Perlozzo,Sam Perlozzo,samperlozzo,DFFC
Sam Querrey,Sam Querrey,samquerrey,DFFC
Sam Raimi,Sam Raimi,samraimi,DFFC
Sam Ricketts,Sam Ricketts,samricketts,DFFC
Sam Russell,Sam Russell,samrussell,DFFC
Sam Rutigliano,Sam Rutigliano,samrutigliano,DFFC
Sam Sparro,Sam Sparro,samsparro,DFFC
Sam Tamburo,Sam Tamburo,samtamburo,DFFC
Sam Togwell,Sam Togwell,samtogwell,DFFC
Sam Torrance,Sam Torrance,samtorrance,DFFC
Sam Waterston,Sam Waterston,samwaterston,DFFC
Sam Watson,Sam Watson,samwatson,DFFC
Samaire Armstrong,Samaire Armstrong,samairearmstrong,DFFC
Saman Hasnain,Saman Hasnain,samanhasnain,DFFC
Saman Nariman Jahan,Saman Nariman Jahan,samannarimanjahan,DFFC
Samantha Albert,Samantha Albert,samanthaalbert,DFFC
Samantha Barks,Samantha Barks,samanthabarks,DFFC
Samantha Brown,Samantha Brown,samanthabrown,DFFC
Samantha Buck,Samantha Buck,samanthabuck,DFFC
Samantha Fox,Samantha Fox,samanthafox,DFFC
Samantha Harris,Samantha Harris,samanthaharris,DFFC
Samantha Hoopes,Samantha Hoopes,samanthahoopes,DFFC
Samantha Johnson,Samantha Johnson,samanthajohnson,DFFC
Samantha Juste,Samantha Juste,samanthajuste,DFFC
Samantha Kerr,Samantha Kerr,samanthakerr,DFFC
Samantha Kinghorn,Samantha Kinghorn,samanthakinghorn,DFFC
Samantha Morton,Samantha Morton,samanthamorton,DFFC
Samantha Mumba,Samantha Mumba,samanthamumba,DFFC
Samantha Peszek,Samantha Peszek,samanthapeszek,DFFC
Samantha Ponder,Samantha Ponder,samanthaponder,DFFC
Samantha Richards,Samantha Richards,samantharichards,DFFC
Samantha Ronson,Samantha Ronson,samantharonson,DFFC
Samantha Ruth Prabhu,Samantha Ruth Prabhu,samantharuthprabhu,DFFC
Samantha Stosur,Samantha Stosur,samanthastosur,DFFC
Samar Badawi,Samar Badawi,samarbadawi,DFFC
Samar Mubarakmand,Samar Mubarakmand,samarmubarakmand,DFFC
Sameer,Sameer,sameer,DFFC
Samet Aybaba,Samet Aybaba,sametaybaba,DFFC
Sami Gayle,Sami Gayle,samigayle,DFFC
Sami Jauhojärvi,Sami Jauhojärvi,samijauhojrvi,DFFC
Sami Khedira,Sami Khedira,samikhedira,DFFC
Samia Ghadie,Samia Ghadie,samiaghadie,DFFC
Samir Handanović,Samir Handanović,samirhandanovi,DFFC
Samir Nasri,Samir Nasri,samirnasri,DFFC
Samir Shihabi,Samir Shihabi,samirshihabi,DFFC
Samir Ujkani,Samir Ujkani,samirujkani,DFFC
Sammie Lee Hill,Sammie Lee Hill,sammieleehill,DFFC
Sammir,Sammir,sammir,DFFC
Sammus,Sammus,sammus,DFFC
Sammy Bossut,Sammy Bossut,sammybossut,DFFC
Sammy Hagar,Sammy Hagar,sammyhagar,DFFC
Sammy Mejía,Sammy Mejía,sammymeja,DFFC
Sammy Moore,Sammy Moore,sammymoore,DFFC
Samson Ramadhani,Samson Ramadhani,samsonramadhani,DFFC
Samuel C. C. Ting,Samuel CC Ting,samuelccting,DFFC
Samuel Dumoulin,Samuel Dumoulin,samueldumoulin,DFFC
Samuel Holmén,Samuel Holmén,samuelholmn,DFFC
Samuel Kwong,Samuel Kwong,samuelkwong,DFFC
Samuel L. Jackson,Samuel L Jackson,samuelljackson,DFFC
Samuel R. Delany,Samuel R Delany,samuelrdelany,DFFC
Samuel So,Samuel So,samuelso,DFFC
Samuel Sánchez,Samuel Sánchez,samuelsnchez,DFFC
Samula Anoaʻi,Samula Anoaʻi,samulaanoai,DFFC
Samuli Tyyskä,Samuli Tyyskä,samulityysk,DFFC
Samwell,Samwell,samwell,DFFC
Sanath Jayasuriya,Sanath Jayasuriya,sanathjayasuriya,DFFC
Sanchai Ratiwatana,Sanchai Ratiwatana,sanchairatiwatana,DFFC
Sander Baart,Sander Baart,sanderbaart,DFFC
Sandie Clair,Sandie Clair,sandieclair,DFFC
Sandipan Chanda,Sandipan Chanda,sandipanchanda,DFFC
Sandra Bullock,Sandra Bullock,sandrabullock,DFFC
Sandra Klemenschits,Sandra Klemenschits,sandraklemenschits,DFFC
Sandra Lee,Sandra Lee,sandralee,DFFC
Sandra Lou,Sandra Lou,sandralou,DFFC
Sandra Martinović,Sandra Martinović,sandramartinovi,DFFC
Sandra McCracken,Sandra McCracken,sandramccracken,DFFC
Sandra Nurmsalu,Sandra Nurmsalu,sandranurmsalu,DFFC
Sandra Ruales,Sandra Ruales,sandraruales,DFFC
Sandra Schmirler,Sandra Schmirler,sandraschmirler,DFFC
Sandra Schmitt,Sandra Schmitt,sandraschmitt,DFFC
Sandra Speichert,Sandra Speichert,sandraspeichert,DFFC
Sandra Toft,Sandra Toft,sandratoft,DFFC
Sandrine Bonnaire,Sandrine Bonnaire,sandrinebonnaire,DFFC
Sandro,Sandro,sandro,DFFC
Sandro Donati,Sandro Donati,sandrodonati,DFFC
Sandro Mazzola,Sandro Mazzola,sandromazzola,DFFC
Sandro Wagner,Sandro Wagner,sandrowagner,DFFC
Sandy Petersen,Sandy Petersen,sandypetersen,DFFC
Sanford I. Weill,Sanford I Weill,sanfordiweill,DFFC
Sangharakshita,Sangharakshita,sangharakshita,DFFC
Sanja Popović,Sanja Popović,sanjapopovi,DFFC
Sanjam Regmi,Sanjam Regmi,sanjamregmi,DFFC
Sanjay Gupta,Sanjay Gupta,sanjaygupta,DFFC
Sanjay Mishra,Sanjay Mishra,sanjaymishra,DFFC
Sanjaya Malakar,Sanjaya Malakar,sanjayamalakar,DFFC
Sanjeev Jaiswal,Sanjeev Jaiswal,sanjeevjaiswal,DFFC
Sanjeewa Pushpakumara,Sanjeewa Pushpakumara,sanjeewapushpakumara,DFFC
Sanna Lundell,Sanna Lundell,sannalundell,DFFC
Sanna Nielsen,Sanna Nielsen,sannanielsen,DFFC
Santana Garrett,Santana Garrett,santanagarrett,DFFC
Santiago Arias,Santiago Arias,santiagoarias,DFFC
Santiago Botero,Santiago Botero,santiagobotero,DFFC
Santiago Cabrera,Santiago Cabrera,santiagocabrera,DFFC
Santiago Cañizares,Santiago Cañizares,santiagocaizares,DFFC
Santiago Copello,Santiago Copello,santiagocopello,DFFC
Santiago González,Santiago González,santiagogonzlez,DFFC
Santigold,Santigold,santigold,DFFC
Sanya Richards-Ross,Sanya Richards-Ross,sanyarichardsross,DFFC
Saoirse Ronan,Saoirse Ronan,saoirseronan,DFFC
Saphir Taïder,Saphir Taïder,saphirtader,DFFC
Sapphire,Sapphire,sapphire,DFFC
Sara Aerts,Sara Aerts,saraaerts,DFFC
Sara Del Rey,Sara Del Rey,saradelrey,DFFC
Sara Diamond,Sara Diamond,saradiamond,DFFC
Sara Däbritz,Sara Däbritz,saradbritz,DFFC
Sara Errani,Sara Errani,saraerrani,DFFC
Sara Forestier,Sara Forestier,saraforestier,DFFC
Sara Head,Sara Head,sarahead,DFFC
Sara Holt,Sara Holt,saraholt,DFFC
Sara Jean Underwood,Sara Jean Underwood,sarajeanunderwood,DFFC
Sara Khoshjamal Fekri,Sara Khoshjamal Fekri,sarakhoshjamalfekri,DFFC
Sara Löfgren,Sara Löfgren,saralfgren,DFFC
Sara Mayhew,Sara Mayhew,saramayhew,DFFC
Sara Mustonen,Sara Mustonen,saramustonen,DFFC
Sara Netanyahu,Sara Netanyahu,saranetanyahu,DFFC
Sara Ramirez,Sara Ramirez,sararamirez,DFFC
Sara Thunebro,Sara Thunebro,sarathunebro,DFFC
Sara Watkins,Sara Watkins,sarawatkins,DFFC
Sara Zarr,Sara Zarr,sarazarr,DFFC
Sarah Brady,Sarah Brady,sarahbrady,DFFC
Sarah Chalke,Sarah Chalke,sarahchalke,DFFC
Sarah Clarke,Sarah Clarke,sarahclarke,DFFC
Sarah Harmer,Sarah Harmer,sarahharmer,DFFC
Sarah Jessica Parker,Sarah Jessica Parker,sarahjessicaparker,DFFC
Sarah Kaufman,Sarah Kaufman,sarahkaufman,DFFC
Sarah Kay,Sarah Kay,sarahkay,DFFC
Sarah McLachlan,Sarah McLachlan,sarahmclachlan,DFFC
Sarah Rafferty,Sarah Rafferty,sarahrafferty,DFFC
Sarah Schneider,Sarah Schneider,sarahschneider,DFFC
Sarah Silverman,Sarah Silverman,sarahsilverman,DFFC
Sarah Slean,Sarah Slean,sarahslean,DFFC
Sarah Stewart,Sarah Stewart,sarahstewart,DFFC
Sarah Stock,Sarah Stock,sarahstock,DFFC
Sarah True,Sarah True,sarahtrue,DFFC
Sarah Vandella,Sarah Vandella,sarahvandella,DFFC
Sardar Azmoun,Sardar Azmoun,sardarazmoun,DFFC
Sarfaraz Ahmed Rafiqui,Sarfaraz Ahmed Rafiqui,sarfarazahmedrafiqui,DFFC
Sargis Hovsepyan,Sargis Hovsepyan,sargishovsepyan,DFFC
Sari Saarelainen,Sari Saarelainen,sarisaarelainen,DFFC
Sarik Andreasyan,Sarik Andreasyan,sarikandreasyan,DFFC
Sarkis Hayrapetyan,Sarkis Hayrapetyan,sarkishayrapetyan,DFFC
Sarnya Parker,Sarnya Parker,sarnyaparker,DFFC
Sascha Amstätter,Sascha Amstätter,saschaamsttter,DFFC
Sascha Dum,Sascha Dum,saschadum,DFFC
Sascha Kirschstein,Sascha Kirschstein,saschakirschstein,DFFC
Sascha Konietzko,Sascha Konietzko,saschakonietzko,DFFC
Sascha Riether,Sascha Riether,saschariether,DFFC
Sasha Banks,Sasha Banks,sashabanks,DFFC
Sasha Roiz,Sasha Roiz,sasharoiz,DFFC
Sasha Son,Sasha Son,sashason,DFFC
Sasha Strunin,Sasha Strunin,sashastrunin,DFFC
Sasho Petrovski,Sasho Petrovski,sashopetrovski,DFFC
Saskia Bartusiak,Saskia Bartusiak,saskiabartusiak,DFFC
Saskia Burmeister,Saskia Burmeister,saskiaburmeister,DFFC
Sassy Stephie,Sassy Stephie,sassystephie,DFFC
Satchidananda Saraswati,Satchidananda Saraswati,satchidanandasaraswati,DFFC
Satrio Hermanto,Satrio Hermanto,satriohermanto,DFFC
Satsuki Fujisawa,Satsuki Fujisawa,satsukifujisawa,DFFC
Satsuki Katayama,Satsuki Katayama,satsukikatayama,DFFC
Saukrates,Saukrates,saukrates,DFFC
Saurabh Pandey,Saurabh Pandey,saurabhpandey,DFFC
Savage,Savage,savage,DFFC
Savanna Samson,Savanna Samson,savannasamson,DFFC
Savio Vega,Savio Vega,saviovega,DFFC
Savo Milošević,Savo Milošević,savomiloevi,DFFC
Saxon Sharbino,Saxon Sharbino,saxonsharbino,DFFC
Sayako Kuroda,Sayako Kuroda,sayakokuroda,DFFC
Saër Sène,Saër Sène,sarsne,DFFC
Saşa Yunisoğlu,Saşa Yunisoğlu,saayunisolu,DFFC
Saša Ilić,Saša Ilić,saaili,DFFC
Saša Stojanović,Saša Stojanović,saastojanovi,DFFC
Sašo Filipovski,Sašo Filipovski,saofilipovski,DFFC
Scarborough Green,Scarborough Green,scarboroughgreen,DFFC
Scarlett Alice Johnson,Scarlett Alice Johnson,scarlettalicejohnson,DFFC
Scarlett Chorvat,Scarlett Chorvat,scarlettchorvat,DFFC
Scarlett Johansson,Scarlett Johansson,scarlettjohansson,DFFC
Schoolboy Q,Schoolboy Q,schoolboyq,DFFC
Scoop Jackson,Scoop Jackson,scoopjackson,DFFC
Scooter Braun,Scooter Braun,scooterbraun,DFFC
Scooter Lee,Scooter Lee,scooterlee,DFFC
Scott Adams,Scott Adams,scottadams,DFFC
Scott Aukerman,Scott Aukerman,scottaukerman,DFFC
Scott Barry Kaufman,Scott Barry Kaufman,scottbarrykaufman,DFFC
Scott Brockenshire,Scott Brockenshire,scottbrockenshire,DFFC
Scott Brooks,Scott Brooks,scottbrooks,DFFC
Scott Brown,Scott Brown,scottbrown,DFFC
Scott Caan,Scott Caan,scottcaan,DFFC
Scott Carson,Scott Carson,scottcarson,DFFC
Scott Chandler,Scott Chandler,scottchandler,DFFC
Scott Cherry,Scott Cherry,scottcherry,DFFC
Scott Crary,Scott Crary,scottcrary,DFFC
Scott Dyleski,Scott Dyleski,scottdyleski,DFFC
Scott Eastwood,Scott Eastwood,scotteastwood,DFFC
Scott Galloway,Scott Galloway,scottgalloway,DFFC
Scott Garnham,Scott Garnham,scottgarnham,DFFC
Scott Garson,Scott Garson,scottgarson,DFFC
Scott Gaylord,Scott Gaylord,scottgaylord,DFFC
Scott Gomez,Scott Gomez,scottgomez,DFFC
Scott Gorham,Scott Gorham,scottgorham,DFFC
Scott Hartnell,Scott Hartnell,scotthartnell,DFFC
Scott Howson,Scott Howson,scotthowson,DFFC
Scott Jackson,Scott Jackson,scottjackson,DFFC
Scott Jamieson,Scott Jamieson,scottjamieson,DFFC
Scott Linehan,Scott Linehan,scottlinehan,DFFC
Scott McCloud,Scott McCloud,scottmccloud,DFFC
Scott McKenzie,Scott McKenzie,scottmckenzie,DFFC
Scott McNeil,Scott McNeil,scottmcneil,DFFC
Scott Montgomery,Scott Montgomery,scottmontgomery,DFFC
Scott Neville,Scott Neville,scottneville,DFFC
Scott Nichol,Scott Nichol,scottnichol,DFFC
Scott Niedermayer,Scott Niedermayer,scottniedermayer,DFFC
Scott Peterson,Scott Peterson,scottpeterson,DFFC
Scott Pye,Scott Pye,scottpye,DFFC
Scott Rasmussen,Scott Rasmussen,scottrasmussen,DFFC
Scott Raynor,Scott Raynor,scottraynor,DFFC
Scott Sharp,Scott Sharp,scottsharp,DFFC
Scott Smith,Scott Smith,scottsmith,DFFC
Scott Speedman,Scott Speedman,scottspeedman,DFFC
Scott Spencer,Scott Spencer,scottspencer,DFFC
Scott Taylor,Scott Taylor,scotttaylor,DFFC
Scott Thompson,Scott Thompson,scottthompson,DFFC
Scott Thwaites,Scott Thwaites,scottthwaites,DFFC
Scott Tolzien,Scott Tolzien,scotttolzien,DFFC
Scott Tunbridge,Scott Tunbridge,scotttunbridge,DFFC
Scott Vincent,Scott Vincent,scottvincent,DFFC
Scotti Hill,Scotti Hill,scottihill,DFFC
Scotty Bowman,Scotty Bowman,scottybowman,DFFC
Scotty McCreery,Scotty McCreery,scottymccreery,DFFC
Scribe,Scribe,scribe,DFFC
Sead Hajrović,Sead Hajrović,seadhajrovi,DFFC
Sead Kolašinac,Sead Kolašinac,seadkolainac,DFFC
Seal,Seal,seal,DFFC
Seamus Heaney,Seamus Heaney,seamusheaney,DFFC
Sean Astin,Sean Astin,seanastin,DFFC
Sean Bean,Sean Bean,seanbean,DFFC
Sean Casey,Sean Casey,seancasey,DFFC
Sean Chen,Sean Chen,seanchen,DFFC
Sean Connery,Sean Connery,seanconnery,DFFC
Sean Considine,Sean Considine,seanconsidine,DFFC
Sean Conway,Sean Conway,seanconway,DFFC
Sean Flatley,Sean Flatley,seanflatley,DFFC
Sean Hannity,Sean Hannity,seanhannity,DFFC
Sean Kelly,Sean Kelly,seankelly,DFFC
Sean Kenney,Sean Kenney,seankenney,DFFC
Sean Leon,Sean Leon,seanleon,DFFC
Sean Mackin,Sean Mackin,seanmackin,DFFC
Sean McVay,Sean McVay,seanmcvay,DFFC
Sean Michaels,Sean Michaels,seanmichaels,DFFC
Sean Payton,Sean Payton,seanpayton,DFFC
Sean Russo,Sean Russo,seanrusso,DFFC
Sean Scannell,Sean Scannell,seanscannell,DFFC
Sean Shields,Sean Shields,seanshields,DFFC
Sean Tufts,Sean Tufts,seantufts,DFFC
Sean Weatherspoon,Sean Weatherspoon,seanweatherspoon,DFFC
Sean Yates,Sean Yates,seanyates,DFFC
Sean Young,Sean Young,seanyoung,DFFC
Sebastian Andersen,Sebastian Andersen,sebastianandersen,DFFC
Sebastian Bleisch,Sebastian Bleisch,sebastianbleisch,DFFC
Sebastian Boenisch,Sebastian Boenisch,sebastianboenisch,DFFC
Sebastian Castro-Tello,Sebastian Castro-Tello,sebastiancastrotello,DFFC
Sebastian Eisenlauer,Sebastian Eisenlauer,sebastianeisenlauer,DFFC
Sebastian Erixon,Sebastian Erixon,sebastianerixon,DFFC
Sebastian Giovinco,Sebastian Giovinco,sebastiangiovinco,DFFC
Sebastian Horsley,Sebastian Horsley,sebastianhorsley,DFFC
Sebastian Kienle,Sebastian Kienle,sebastiankienle,DFFC
Sebastian Lander,Sebastian Lander,sebastianlander,DFFC
Sebastian Langeveld,Sebastian Langeveld,sebastianlangeveld,DFFC
Sebastian Lletget,Sebastian Lletget,sebastianlletget,DFFC
Sebastian Rudy,Sebastian Rudy,sebastianrudy,DFFC
Sebastian Ruthenberg,Sebastian Ruthenberg,sebastianruthenberg,DFFC
Sebastian Ryall,Sebastian Ryall,sebastianryall,DFFC
Sebastian Urzendowsky,Sebastian Urzendowsky,sebastianurzendowsky,DFFC
Sebastian Świderski,Sebastian Świderski,sebastianwiderski,DFFC
Sebastián Battaglia,Sebastián Battaglia,sebastinbattaglia,DFFC
Sebastián Cordero,Sebastián Cordero,sebastincordero,DFFC
Sebastián Cristóforo,Sebastián Cristóforo,sebastincristforo,DFFC
Sebastián Gómez,Sebastián Gómez,sebastingmez,DFFC
Sebastián Rulli,Sebastián Rulli,sebastinrulli,DFFC
Sebastián Soria,Sebastián Soria,sebastinsoria,DFFC
Sebastião Gilberto,Sebastião Gilberto,sebastiogilberto,DFFC
Seda Tutkhalyan,Seda Tutkhalyan,sedatutkhalyan,DFFC
Sedrick Ellis,Sedrick Ellis,sedrickellis,DFFC
Segar,Segar,segar,DFFC
Segundo Navarrete,Segundo Navarrete,segundonavarrete,DFFC
Seiya Kishikawa,Seiya Kishikawa,seiyakishikawa,DFFC
Seiya Sanada,Seiya Sanada,seiyasanada,DFFC
Sekou Oliseh,Sekou Oliseh,sekouoliseh,DFFC
Sela Ward,Sela Ward,selaward,DFFC
Selda Akgöz,Selda Akgöz,seldaakgz,DFFC
Selena,Selena,selena,DFFC
Selina Jen,Selina Jen,selinajen,DFFC
Selita Ebanks,Selita Ebanks,selitaebanks,DFFC
Selma Bajrami,Selma Bajrami,selmabajrami,DFFC
Selma Blair,Selma Blair,selmablair,DFFC
Selma Ergeç,Selma Ergeç,selmaerge,DFFC
Selçuk İnan,Selçuk İnan,selukinan,DFFC
Semeli Economou,Semeli Economou,semelieconomou,DFFC
Semra Yetiş,Semra Yetiş,semrayeti,DFFC
Seo Young,Seo Young,seoyoung,DFFC
Sepp Piontek,Sepp Piontek,sepppiontek,DFFC
Sera Cahoone,Sera Cahoone,seracahoone,DFFC
Serajul Islam Choudhury,Serajul Islam Choudhury,serajulislamchoudhury,DFFC
Sercan Sararer,Sercan Sararer,sercansararer,DFFC
Serdar Aziz,Serdar Aziz,serdaraziz,DFFC
Serdar Tasci,Serdar Tasci,serdartasci,DFFC
Serder Serderov,Serder Serderov,serderserderov,DFFC
Serena,Serena,serena,DFFC
Serena Williams,Serena Williams,serenawilliams,DFFC
Serge Beucherie,Serge Beucherie,sergebeucherie,DFFC
Serge Gnabry,Serge Gnabry,sergegnabry,DFFC
Serge Moati,Serge Moati,sergemoati,DFFC
Sergei Bodrov,Sergei Bodrov,sergeibodrov,DFFC
Sergei Ignashevich,Sergei Ignashevich,sergeiignashevich,DFFC
Sergei Kharitonov,Sergei Kharitonov,sergeikharitonov,DFFC
Sergei Kornilenko,Sergei Kornilenko,sergeikornilenko,DFFC
Sergei Kvasov,Sergei Kvasov,sergeikvasov,DFFC
Sergei Lukyanenko,Sergei Lukyanenko,sergeilukyanenko,DFFC
Sergei Makarenko,Sergei Makarenko,sergeimakarenko,DFFC
Sergei Novitski,Sergei Novitski,sergeinovitski,DFFC
Sergei Perednya,Sergei Perednya,sergeiperednya,DFFC
Sergei Polunin,Sergei Polunin,sergeipolunin,DFFC
Sergei Pugachev,Sergei Pugachev,sergeipugachev,DFFC
Sergei Shirokov,Sergei Shirokov,sergeishirokov,DFFC
Sergei Slavnov,Sergei Slavnov,sergeislavnov,DFFC
Sergei Sobolev,Sergei Sobolev,sergeisobolev,DFFC
Sergei Starostin,Sergei Starostin,sergeistarostin,DFFC
Sergei Sukharev,Sergei Sukharev,sergeisukharev,DFFC
Sergei Verbillo,Sergei Verbillo,sergeiverbillo,DFFC
Sergei Zenjov,Sergei Zenjov,sergeizenjov,DFFC
Sergey Brin,Sergey Brin,sergeybrin,DFFC
Sergey Bubka,Sergey Bubka,sergeybubka,DFFC
Sergey Fesikov,Sergey Fesikov,sergeyfesikov,DFFC
Sergey Lagutin,Sergey Lagutin,sergeylagutin,DFFC
Sergey Shelestov,Sergey Shelestov,sergeyshelestov,DFFC
Sergey Sirotkin,Sergey Sirotkin,sergeysirotkin,DFFC
Sergey Tetyukhin,Sergey Tetyukhin,sergeytetyukhin,DFFC
Sergey Viktorovich Ryzhikov,Sergey Viktorovich Ryzhikov,sergeyviktorovichryzhikov,DFFC
Sergi Barjuán,Sergi Barjuán,sergibarjun,DFFC
Sergi Moreno,Sergi Moreno,sergimoreno,DFFC
Sergi Roberto,Sergi Roberto,sergiroberto,DFFC
Sergio,Sergio,sergio,DFFC
Sergio Araujo,Sergio Araujo,sergioaraujo,DFFC
Sergio Batista,Sergio Batista,sergiobatista,DFFC
Sergio Canales,Sergio Canales,sergiocanales,DFFC
Sergio Castro,Sergio Castro,sergiocastro,DFFC
Sergio Fantoni,Sergio Fantoni,sergiofantoni,DFFC
Sergio Goycochea,Sergio Goycochea,sergiogoycochea,DFFC
Sergio Henao,Sergio Henao,sergiohenao,DFFC
Sergio Hernández,Sergio Hernández,sergiohernndez,DFFC
Sergio Marchionne,Sergio Marchionne,sergiomarchionne,DFFC
Sergio Martínez,Sergio Martínez,sergiomartnez,DFFC
Sergio Pérez,Sergio Pérez,sergioprez,DFFC
Sergio Rico,Sergio Rico,sergiorico,DFFC
Sergio Rodríguez,Sergio Rodríguez,sergiorodrguez,DFFC
Sergio Romero,Sergio Romero,sergioromero,DFFC
Sergio Sánchez Ortega,Sergio Sánchez Ortega,sergiosnchezortega,DFFC
Sergiu Dadu,Sergiu Dadu,sergiudadu,DFFC
Sergiu Nicolaescu,Sergiu Nicolaescu,sergiunicolaescu,DFFC
Sergy Rikhter,Sergy Rikhter,sergyrikhter,DFFC
Serhiy Honchar,Serhiy Honchar,serhiyhonchar,DFFC
Serhiy Kryvtsov,Serhiy Kryvtsov,serhiykryvtsov,DFFC
Serhiy Rebrov,Serhiy Rebrov,serhiyrebrov,DFFC
Serhiy Zhadan,Serhiy Zhadan,serhiyzhadan,DFFC
Seth Curry,Seth Curry,sethcurry,DFFC
Seth Grahame-Smith,Seth Grahame-Smith,sethgrahamesmith,DFFC
Seth Griffith,Seth Griffith,sethgriffith,DFFC
Seth Helgeson,Seth Helgeson,sethhelgeson,DFFC
Seth Lochhead,Seth Lochhead,sethlochhead,DFFC
Seth Rogen,Seth Rogen,sethrogen,DFFC
Seth Rollins,Seth Rollins,sethrollins,DFFC
Seth Shostak,Seth Shostak,sethshostak,DFFC
Seun Kuti,Seun Kuti,seunkuti,DFFC
Seve Ballesteros,Seve Ballesteros,seveballesteros,DFFC
Sevgi Çınar,Sevgi Çınar,sevginar,DFFC
Sevyn Streeter,Sevyn Streeter,sevynstreeter,DFFC
Seychelle Gabriel,Seychelle Gabriel,seychellegabriel,DFFC
Seydou Doumbia,Seydou Doumbia,seydoudoumbia,DFFC
Seyi Ajirotutu,Seyi Ajirotutu,seyiajirotutu,DFFC
Sezen Aksu,Sezen Aksu,sezenaksu,DFFC
Shabazz Napier,Shabazz Napier,shabazznapier,DFFC
Shad Gaspard,Shad Gaspard,shadgaspard,DFFC
Shahabuddin Nagari,Shahabuddin Nagari,shahabuddinnagari,DFFC
Shahid Afridi,Shahid Afridi,shahidafridi,DFFC
Shahid Kapoor,Shahid Kapoor,shahidkapoor,DFFC
Shahid Karimullah,Shahid Karimullah,shahidkarimullah,DFFC
Shahril Ishak,Shahril Ishak,shahrilishak,DFFC
Shahrina Ramphaul,Shahrina Ramphaul,shahrinaramphaul,DFFC
Shai Haddad,Shai Haddad,shaihaddad,DFFC
Shaiju Mathew,Shaiju Mathew,shaijumathew,DFFC
Shailene Woodley,Shailene Woodley,shailenewoodley,DFFC
Shailesh Jogia,Shailesh Jogia,shaileshjogia,DFFC
Shaka Smart,Shaka Smart,shakasmart,DFFC
Shakhriyar Mamedyarov,Shakhriyar Mamedyarov,shakhriyarmamedyarov,DFFC
Shaky Smithson,Shaky Smithson,shakysmithson,DFFC
Shalonda Solomon,Shalonda Solomon,shalondasolomon,DFFC
Shalrie Joseph,Shalrie Joseph,shalriejoseph,DFFC
Shama Sikander,Shama Sikander,shamasikander,DFFC
Shane Lechler,Shane Lechler,shanelechler,DFFC
Shane Long,Shane Long,shanelong,DFFC
Shane MacGowan,Shane MacGowan,shanemacgowan,DFFC
Shane McConkey,Shane McConkey,shanemcconkey,DFFC
Shane McMahon,Shane McMahon,shanemcmahon,DFFC
Shane Ryan,Shane Ryan,shaneryan,DFFC
Shane Victorino,Shane Victorino,shanevictorino,DFFC
Shane West,Shane West,shanewest,DFFC
Shangela Laquifa Wadley,Shangela Laquifa Wadley,shangelalaquifawadley,DFFC
Shanice van de Sanden,Shanice van de Sanden,shanicevandesanden,DFFC
Shannon Elizabeth,Shannon Elizabeth,shannonelizabeth,DFFC
Shannon Leto,Shannon Leto,shannonleto,DFFC
Shannon Lucid,Shannon Lucid,shannonlucid,DFFC
Shannon Szabados,Shannon Szabados,shannonszabados,DFFC
Shannon Tweed,Shannon Tweed,shannontweed,DFFC
Shantanu Narayen,Shantanu Narayen,shantanunarayen,DFFC
Shanti Pereira,Shanti Pereira,shantipereira,DFFC
Shanti Snyder,Shanti Snyder,shantisnyder,DFFC
Shappi Khorsandi,Shappi Khorsandi,shappikhorsandi,DFFC
Shaq Thompson,Shaq Thompson,shaqthompson,DFFC
Shaquille Hunter,Shaquille Hunter,shaquillehunter,DFFC
Shaquille O'Neal,Shaquille O'Neal,shaquilleoneal,DFFC
Sharat Saxena,Sharat Saxena,sharatsaxena,DFFC
Sharka Blue,Sharka Blue,sharkablue,DFFC
Sharmila Tagore,Sharmila Tagore,sharmilatagore,DFFC
Sharmin Ali,Sharmin Ali,sharminali,DFFC
Sharon Creech,Sharon Creech,sharoncreech,DFFC
Sharon Gless,Sharon Gless,sharongless,DFFC
Sharon Lawrence,Sharon Lawrence,sharonlawrence,DFFC
Sharon Laws,Sharon Laws,sharonlaws,DFFC
Sharon Leal,Sharon Leal,sharonleal,DFFC
Sharon Stone,Sharon Stone,sharonstone,DFFC
Sharon Walraven,Sharon Walraven,sharonwalraven,DFFC
Shastriji Maharaj,Shastriji Maharaj,shastrijimaharaj,DFFC
Shaun Alexander,Shaun Alexander,shaunalexander,DFFC
Shaun Cummings,Shaun Cummings,shauncummings,DFFC
Shaun Jeffers,Shaun Jeffers,shaunjeffers,DFFC
Shaun Miller,Shaun Miller,shaunmiller,DFFC
Shaun Ross,Shaun Ross,shaunross,DFFC
Shaun Suisham,Shaun Suisham,shaunsuisham,DFFC
Shaun Williamson,Shaun Williamson,shaunwilliamson,DFFC
Shawn Colvin,Shawn Colvin,shawncolvin,DFFC
Shawn Daivari,Shawn Daivari,shawndaivari,DFFC
Shawn Gore,Shawn Gore,shawngore,DFFC
Shawn Johnson,Shawn Johnson,shawnjohnson,DFFC
Shawn Jones,Shawn Jones,shawnjones,DFFC
Shawn Lauvao,Shawn Lauvao,shawnlauvao,DFFC
Shawn Michaels,Shawn Michaels,shawnmichaels,DFFC
Shawn Murphy,Shawn Murphy,shawnmurphy,DFFC
Shawn Slocum,Shawn Slocum,shawnslocum,DFFC
Shawna Leneé,Shawna Leneé,shawnalene,DFFC
Shawne Williams,Shawne Williams,shawnewilliams,DFFC
Shawnee Smith,Shawnee Smith,shawneesmith,DFFC
Shawntel Smith,Shawntel Smith,shawntelsmith,DFFC
Shay Haley,Shay Haley,shayhaley,DFFC
Shay McCartan,Shay McCartan,shaymccartan,DFFC
Shayne Graham,Shayne Graham,shaynegraham,DFFC
Sheamus,Sheamus,sheamus,DFFC
Shefki Kuqi,Shefki Kuqi,shefkikuqi,DFFC
Sheila Reid,Sheila Reid,sheilareid,DFFC
Sheila Sim,Sheila Sim,sheilasim,DFFC
Shekhar Kapur,Shekhar Kapur,shekharkapur,DFFC
Shel Dorf,Shel Dorf,sheldorf,DFFC
Shelbee Myne,Shelbee Myne,shelbeemyne,DFFC
Shelby Harris,Shelby Harris,shelbyharris,DFFC
Shelden Williams,Shelden Williams,sheldenwilliams,DFFC
Shelley Chaplin,Shelley Chaplin,shelleychaplin,DFFC
Shelley Craft,Shelley Craft,shelleycraft,DFFC
Shelley Fabares,Shelley Fabares,shelleyfabares,DFFC
Shelley Lubben,Shelley Lubben,shelleylubben,DFFC
Shelly Martinez,Shelly Martinez,shellymartinez,DFFC
Shemekia Copeland,Shemekia Copeland,shemekiacopeland,DFFC
Shereen Bhan,Shereen Bhan,shereenbhan,DFFC
Shericka Williams,Shericka Williams,sherickawilliams,DFFC
Sheridan Jobbins,Sheridan Jobbins,sheridanjobbins,DFFC
Sherie Rene Scott,Sherie Rene Scott,sherierenescott,DFFC
Sherm Lollar,Sherm Lollar,shermlollar,DFFC
Sheron Menezzes,Sheron Menezzes,sheronmenezzes,DFFC
Sherri Saum,Sherri Saum,sherrisaum,DFFC
Sherri Steinhauer,Sherri Steinhauer,sherristeinhauer,DFFC
Sherrié Austin,Sherrié Austin,sherriaustin,DFFC
Sherry Tsai,Sherry Tsai,sherrytsai,DFFC
Sherwood Schwartz,Sherwood Schwartz,sherwoodschwartz,DFFC
Sheryl Allen,Sheryl Allen,sherylallen,DFFC
Sheryl Bailey,Sheryl Bailey,sherylbailey,DFFC
Sheryl Lee,Sheryl Lee,sheryllee,DFFC
Sheryl Swoopes,Sheryl Swoopes,sherylswoopes,DFFC
Shigenobu Murofushi,Shigenobu Murofushi,shigenobumurofushi,DFFC
Shigeru Ban,Shigeru Ban,shigeruban,DFFC
Shikha Uberoi,Shikha Uberoi,shikhauberoi,DFFC
Shillpi Sharma,Shillpi Sharma,shillpisharma,DFFC
Shiloh Strong,Shiloh Strong,shilohstrong,DFFC
Shilpa Shetty,Shilpa Shetty,shilpashetty,DFFC
Shilpa Shukla,Shilpa Shukla,shilpashukla,DFFC
Shilton dos Santos,Shilton dos Santos,shiltondossantos,DFFC
Shin A-lam,Shin A-lam,shinalam,DFFC
Shin Jung-hyeon,Shin Jung-hyeon,shinjunghyeon,DFFC
Shin Kyung-sook,Shin Kyung-sook,shinkyungsook,DFFC
Shinsuke Nakamura,Shinsuke Nakamura,shinsukenakamura,DFFC
Shinya Hashimoto,Shinya Hashimoto,shinyahashimoto,DFFC
Shion Kokubun,Shion Kokubun,shionkokubun,DFFC
Shiori Asahi,Shiori Asahi,shioriasahi,DFFC
Shiori Kutsuna,Shiori Kutsuna,shiorikutsuna,DFFC
Shira Lazar,Shira Lazar,shiralazar,DFFC
Shira Willner,Shira Willner,shirawillner,DFFC
Shiri Appleby,Shiri Appleby,shiriappleby,DFFC
Shirl Conway,Shirl Conway,shirlconway,DFFC
Shirley Clamp,Shirley Clamp,shirleyclamp,DFFC
Shirley Manson,Shirley Manson,shirleymanson,DFFC
Shirley Mitchell,Shirley Mitchell,shirleymitchell,DFFC
Shirley Wilson,Shirley Wilson,shirleywilson,DFFC
Shirley van der Lof,Shirley van der Lof,shirleyvanderlof,DFFC
Shirlie Holliman,Shirlie Holliman,shirlieholliman,DFFC
Shirō Hamaguchi,Shirō Hamaguchi,shirhamaguchi,DFFC
Shivkumar Sharma,Shivkumar Sharma,shivkumarsharma,DFFC
Shizuka Arakawa,Shizuka Arakawa,shizukaarakawa,DFFC
Shkodran Mustafi,Shkodran Mustafi,shkodranmustafi,DFFC
Shmuel Kozokin,Shmuel Kozokin,shmuelkozokin,DFFC
Shoaib Malik,Shoaib Malik,shoaibmalik,DFFC
Shocker,Shocker,shocker,DFFC
Shockercito,Shockercito,shockercito,DFFC
Shoko Ishikawa,Shoko Ishikawa,shokoishikawa,DFFC
Shoma Uno,Shoma Uno,shomauno,DFFC
Shonali Nagrani,Shonali Nagrani,shonalinagrani,DFFC
Shontelle,Shontelle,shontelle,DFFC
Shorty McWilliams,Shorty McWilliams,shortymcwilliams,DFFC
Shoshana Bean,Shoshana Bean,shoshanabean,DFFC
Shoshanna Lonstein Gruss,Shoshanna Lonstein Gruss,shoshannalonsteingruss,DFFC
Shota Abkhazava,Shota Abkhazava,shotaabkhazava,DFFC
Shota Arveladze,Shota Arveladze,shotaarveladze,DFFC
Shota Bibilov,Shota Bibilov,shotabibilov,DFFC
Shraddha Nigam,Shraddha Nigam,shraddhanigam,DFFC
Shridhar Ramachandra Gadre,Shridhar Ramachandra Gadre,shridharramachandragadre,DFFC
Shruti Haasan,Shruti Haasan,shrutihaasan,DFFC
Shuba Jay,Shuba Jay,shubajay,DFFC
Shuji Nakamura,Shuji Nakamura,shujinakamura,DFFC
Shuu Shibutani,Shuu Shibutani,shuushibutani,DFFC
Shyam Mardikar,Shyam Mardikar,shyammardikar,DFFC
Shyne,Shyne,shyne,DFFC
Si Robertson,Si Robertson,sirobertson,DFFC
Sia Furler,Sia Furler,siafurler,DFFC
Sianoa Smit-McPhee,Sianoa Smit-McPhee,sianoasmitmcphee,DFFC
Sibylle Blanc,Sibylle Blanc,sibylleblanc,DFFC
Sid Meier,Sid Meier,sidmeier,DFFC
Sidney Crosby,Sidney Crosby,sidneycrosby,DFFC
Sidney Govou,Sidney Govou,sidneygovou,DFFC
Sidney Ponson,Sidney Ponson,sidneyponson,DFFC
Sied van Riel,Sied van Riel,siedvanriel,DFFC
Siegbert Horn,Siegbert Horn,siegberthorn,DFFC
Siem de Jong,Siem de Jong,siemdejong,DFFC
Sienna Miller,Sienna Miller,siennamiller,DFFC
Sierra Kay,Sierra Kay,sierrakay,DFFC
Sigge Eklund,Sigge Eklund,siggeeklund,DFFC
Sigmund Groven,Sigmund Groven,sigmundgroven,DFFC
Sigrid Moldestad,Sigrid Moldestad,sigridmoldestad,DFFC
Siiri Nordin,Siiri Nordin,siirinordin,DFFC
Sikhanyiso Dlamini,Sikhanyiso Dlamini,sikhanyisodlamini,DFFC
Silas Kiplagat,Silas Kiplagat,silaskiplagat,DFFC
Silas Weir Mitchell,Silas Weir Mitchell,silasweirmitchell,DFFC
Silas Young,Silas Young,silasyoung,DFFC
Silda Wall Spitzer,Silda Wall Spitzer,sildawallspitzer,DFFC
Silje Ekroll Jahren,Silje Ekroll Jahren,siljeekrolljahren,DFFC
Silvano Benedetti,Silvano Benedetti,silvanobenedetti,DFFC
Silver Donald Cameron,Silver Donald Cameron,silverdonaldcameron,DFFC
Silvestre Varela,Silvestre Varela,silvestrevarela,DFFC
Silvia Cavalleri,Silvia Cavalleri,silviacavalleri,DFFC
Silvia Olari,Silvia Olari,silviaolari,DFFC
Silvia Salemi,Silvia Salemi,silviasalemi,DFFC
Silvia Stroescu,Silvia Stroescu,silviastroescu,DFFC
Silvio Fernández,Silvio Fernández,silviofernndez,DFFC
Silvio Heinevetter,Silvio Heinevetter,silvioheinevetter,DFFC
Silvio Rodríguez,Silvio Rodríguez,silviorodrguez,DFFC
Simeon Bulgaru,Simeon Bulgaru,simeonbulgaru,DFFC
Simeon Simev,Simeon Simev,simeonsimev,DFFC
Simi Garewal,Simi Garewal,simigarewal,DFFC
Simon Barrington-Ward,Simon Barrington-Ward,simonbarringtonward,DFFC
Simon Bræmer,Simon Bræmer,simonbrmer,DFFC
Simon Burke,Simon Burke,simonburke,DFFC
Simon Calder,Simon Calder,simoncalder,DFFC
Simon Diamond,Simon Diamond,simondiamond,DFFC
Simon Fry,Simon Fry,simonfry,DFFC
Simon Geschke,Simon Geschke,simongeschke,DFFC
Simon Grayson,Simon Grayson,simongrayson,DFFC
Simon Helberg,Simon Helberg,simonhelberg,DFFC
Simon Heslop,Simon Heslop,simonheslop,DFFC
Simon Jenkins,Simon Jenkins,simonjenkins,DFFC
Simon Johnson,Simon Johnson,simonjohnson,DFFC
Simon Kinberg,Simon Kinberg,simonkinberg,DFFC
Simon Manchipp,Simon Manchipp,simonmanchipp,DFFC
Simon Monjack,Simon Monjack,simonmonjack,DFFC
Simon Pagenaud,Simon Pagenaud,simonpagenaud,DFFC
Simon Patmore,Simon Patmore,simonpatmore,DFFC
Simon Pegg,Simon Pegg,simonpegg,DFFC
Simon Rolfes,Simon Rolfes,simonrolfes,DFFC
Simon Saunders,Simon Saunders,simonsaunders,DFFC
Simon Schaffer,Simon Schaffer,simonschaffer,DFFC
Simon Schama,Simon Schama,simonschama,DFFC
Simon Shnapir,Simon Shnapir,simonshnapir,DFFC
Simon Tahamata,Simon Tahamata,simontahamata,DFFC
Simon Terodde,Simon Terodde,simonterodde,DFFC
Simon Thornton,Simon Thornton,simonthornton,DFFC
Simon Trummer,Simon Trummer,simontrummer,DFFC
Simon Wakefield,Simon Wakefield,simonwakefield,DFFC
Simon Webbe,Simon Webbe,simonwebbe,DFFC
Simon Whaley,Simon Whaley,simonwhaley,DFFC
Simon Wormull,Simon Wormull,simonwormull,DFFC
Simon Yam,Simon Yam,simonyam,DFFC
Simon Yates,Simon Yates,simonyates,DFFC
Simon Špilak,Simon Špilak,simonpilak,DFFC
Simona Baumrtová,Simona Baumrtová,simonabaumrtov,DFFC
Simona Halep,Simona Halep,simonahalep,DFFC
Simona Molinari,Simona Molinari,simonamolinari,DFFC
Simona de Silvestro,Simona de Silvestro,simonadesilvestro,DFFC
Simone,Simone,simone,DFFC
Simone Bianchi,Simone Bianchi,simonebianchi,DFFC
Simone Collio,Simone Collio,simonecollio,DFFC
Simone Kennedy,Simone Kennedy,simonekennedy,DFFC
Simone Laudehr,Simone Laudehr,simonelaudehr,DFFC
Simone Mirman,Simone Mirman,simonemirman,DFFC
Simone Stortoni,Simone Stortoni,simonestortoni,DFFC
Simone Vaturi,Simone Vaturi,simonevaturi,DFFC
Simple Gogoi,Simple Gogoi,simplegogoi,DFFC
Simón Díaz,Simón Díaz,simndaz,DFFC
Sin Na-hee,Sin Na-hee,sinnahee,DFFC
Sina Schielke,Sina Schielke,sinaschielke,DFFC
Sinead Kerr,Sinead Kerr,sineadkerr,DFFC
Singmanee Kaewsamrit,Singmanee Kaewsamrit,singmaneekaewsamrit,DFFC
Sinta Ozoliņa-Kovala,Sinta Ozoliņa-Kovala,sintaozoliakovala,DFFC
Siné,Siné,sin,DFFC
Sinéad O'Connor,Sinéad O'Connor,sinadoconnor,DFFC
Siobhan Heekin-Canedy,Siobhan Heekin-Canedy,siobhanheekincanedy,DFFC
Siobhan Karam,Siobhan Karam,siobhankaram,DFFC
Siphiwe Nyanda,Siphiwe Nyanda,siphiwenyanda,DFFC
Siri Nilsen,Siri Nilsen,sirinilsen,DFFC
Sirindhorn,Sirindhorn,sirindhorn,DFFC
Sisto Averno,Sisto Averno,sistoaverno,DFFC
Sita,Sita,sita,DFFC
Siti Nurhaliza,Siti Nurhaliza,sitinurhaliza,DFFC
Sivaji Ganesan,Sivaji Ganesan,sivajiganesan,DFFC
Sixto Rodriguez,Sixto Rodriguez,sixtorodriguez,DFFC
Sizzla,Sizzla,sizzla,DFFC
Sjur Røthe,Sjur Røthe,sjurrthe,DFFC
Skee-Lo,Skee-Lo,skeelo,DFFC
Skeet Ulrich,Skeet Ulrich,skeetulrich,DFFC
Skeets Quinlan,Skeets Quinlan,skeetsquinlan,DFFC
Skip Bayless,Skip Bayless,skipbayless,DFFC
Skye Chan,Skye Chan,skyechan,DFFC
Skyler Shaye,Skyler Shaye,skylershaye,DFFC
Skënder Gega,Skënder Gega,skndergega,DFFC
Slava Voynov,Slava Voynov,slavavoynov,DFFC
Slavik Hayrapetyan,Slavik Hayrapetyan,slavikhayrapetyan,DFFC
Slaviša Jokanović,Slaviša Jokanović,slaviajokanovi,DFFC
Slavko Pregl,Slavko Pregl,slavkopregl,DFFC
Slavoj Žižek,Slavoj Žižek,slavojiek,DFFC
Sleepy Brown,Sleepy Brown,sleepybrown,DFFC
Slick Johnson,Slick Johnson,slickjohnson,DFFC
Slim Bryant,Slim Bryant,slimbryant,DFFC
Sloan Privat,Sloan Privat,sloanprivat,DFFC
Sloane Stephens,Sloane Stephens,sloanestephens,DFFC
Smbat Lputian,Smbat Lputian,smbatlputian,DFFC
Smoky Burgess,Smoky Burgess,smokyburgess,DFFC
Smush Parker,Smush Parker,smushparker,DFFC
Snooki,Snooki,snooki,DFFC
Snooks Eaglin,Snooks Eaglin,snookseaglin,DFFC
Snot Dudley,Snot Dudley,snotdudley,DFFC
Snuffy Stirnweiss,Snuffy Stirnweiss,snuffystirnweiss,DFFC
So Young-en,So Young-en,soyoungen,DFFC
SoCal Val,SoCal Val,socalval,DFFC
Soap&amp;Skin,Soap&amp;Skin,soapampskin,DFFC
Sobia Tahir,Sobia Tahir,sobiatahir,DFFC
Sofi Marinova,Sofi Marinova,sofimarinova,DFFC
Sofia Mattsson,Sofia Mattsson,sofiamattsson,DFFC
Sofia Rudieva,Sofia Rudieva,sofiarudieva,DFFC
Sofiane Feghouli,Sofiane Feghouli,sofianefeghouli,DFFC
Sofie De Vuyst,Sofie De Vuyst,sofiedevuyst,DFFC
Sohail Khan,Sohail Khan,sohailkhan,DFFC
Soko Richardson,Soko Richardson,sokorichardson,DFFC
Sokoudjou,Sokoudjou,sokoudjou,DFFC
Soleil Moon Frye,Soleil Moon Frye,soleilmoonfrye,DFFC
Solhi al-Wadi,Solhi al-Wadi,solhialwadi,DFFC
Solly Hemus,Solly Hemus,sollyhemus,DFFC
Solomon Burke,Solomon Burke,solomonburke,DFFC
Solomon Jones,Solomon Jones,solomonjones,DFFC
Solon Bixler,Solon Bixler,solonbixler,DFFC
Somdev Devvarman,Somdev Devvarman,somdevdevvarman,DFFC
Son Heung-min,Son Heung-min,sonheungmin,DFFC
Sonam Dolma Brauen,Sonam Dolma Brauen,sonamdolmabrauen,DFFC
Sonequa Martin-Green,Sonequa Martin-Green,sonequamartingreen,DFFC
Song Il-gon,Song Il-gon,songilgon,DFFC
Song Nan,Song Nan,songnan,DFFC
Song Sokze,Song Sokze,songsokze,DFFC
Sonia Holm,Sonia Holm,soniaholm,DFFC
Sonia Iovan,Sonia Iovan,soniaiovan,DFFC
Sonia Lafuente,Sonia Lafuente,sonialafuente,DFFC
Sonja Gerhardt,Sonja Gerhardt,sonjagerhardt,DFFC
Sonny Bradley,Sonny Bradley,sonnybradley,DFFC
Sonny Colbrelli,Sonny Colbrelli,sonnycolbrelli,DFFC
Sonny Condell,Sonny Condell,sonnycondell,DFFC
Sonny Parker,Sonny Parker,sonnyparker,DFFC
Sonny Rhodes,Sonny Rhodes,sonnyrhodes,DFFC
Sonny Ruberto,Sonny Ruberto,sonnyruberto,DFFC
Sony Dwi Kuncoro,Sony Dwi Kuncoro,sonydwikuncoro,DFFC
Sophia N. Antonopoulou,Sophia N Antonopoulou,sophianantonopoulou,DFFC
Sophie Audouin-Mamikonian,Sophie Audouin-Mamikonian,sophieaudouinmamikonian,DFFC
Sophie Gustafson,Sophie Gustafson,sophiegustafson,DFFC
Sophie Hunger,Sophie Hunger,sophiehunger,DFFC
Sophie Marceau,Sophie Marceau,sophiemarceau,DFFC
Sophie Perry,Sophie Perry,sophieperry,DFFC
Sophie Quinton,Sophie Quinton,sophiequinton,DFFC
Sophie Raworth,Sophie Raworth,sophieraworth,DFFC
Sophie Thalmann,Sophie Thalmann,sophiethalmann,DFFC
"Sophie, Countess of Wessex","Sophie, Countess of Wessex",sophiecountessofwessex,DFFC
"Sophie, Princess of Prussia","Sophie, Princess of Prussia",sophieprincessofprussia,DFFC
Sopho Khalvashi,Sopho Khalvashi,sophokhalvashi,DFFC
Sopiko Guramishvili,Sopiko Guramishvili,sopikoguramishvili,DFFC
Sopubek Begaliev,Sopubek Begaliev,sopubekbegaliev,DFFC
Soram Anganba,Soram Anganba,soramanganba,DFFC
Soraya Arnelas,Soraya Arnelas,sorayaarnelas,DFFC
Soraya Esfandiary-Bakhtiari,Soraya Esfandiary-Bakhtiari,sorayaesfandiarybakhtiari,DFFC
Sotiris Ninis,Sotiris Ninis,sotirisninis,DFFC
Souha Bechara,Souha Bechara,souhabechara,DFFC
Soumitra Dutta,Soumitra Dutta,soumitradutta,DFFC
Southside,Southside,southside,DFFC
Space Cowboy,Space Cowboy,spacecowboy,DFFC
Spec Shea,Spec Shea,specshea,DFFC
Spencer Armstrong,Spencer Armstrong,spencerarmstrong,DFFC
Spencer Chamberlain,Spencer Chamberlain,spencerchamberlain,DFFC
Spencer Krug,Spencer Krug,spencerkrug,DFFC
Spencer Smith,Spencer Smith,spencersmith,DFFC
Spenser Mango,Spenser Mango,spensermango,DFFC
Srdan Golubović,Srdan Golubović,srdangolubovi,DFFC
Sreelakshmi Suresh,Sreelakshmi Suresh,sreelakshmisuresh,DFFC
Srikanth Kidambi,Srikanth Kidambi,srikanthkidambi,DFFC
Srirasmi Suwadee,Srirasmi Suwadee,srirasmisuwadee,DFFC
Srđan Stanić,Srđan Stanić,sranstani,DFFC
Stacey Cook,Stacey Cook,staceycook,DFFC
Stacey Nesbitt,Stacey Nesbitt,staceynesbitt,DFFC
Stacey Porter,Stacey Porter,staceyporter,DFFC
Stacy Carter,Stacy Carter,stacycarter,DFFC
Stacy Head,Stacy Head,stacyhead,DFFC
Stacy Sanches,Stacy Sanches,stacysanches,DFFC
Stan Grant,Stan Grant,stangrant,DFFC
Stan Lee,Stan Lee,stanlee,DFFC
Stan Love,Stan Love,stanlove,DFFC
Stan Musial,Stan Musial,stanmusial,DFFC
Stan Newsham,Stan Newsham,stannewsham,DFFC
Stan Noskin,Stan Noskin,stannoskin,DFFC
Stan Stennett,Stan Stennett,stanstennett,DFFC
Stan Wawrinka,Stan Wawrinka,stanwawrinka,DFFC
Stanford R. Ovshinsky,Stanford R Ovshinsky,stanfordrovshinsky,DFFC
Stanislav Manolev,Stanislav Manolev,stanislavmanolev,DFFC
Stanislav Morozov,Stanislav Morozov,stanislavmorozov,DFFC
Stanislav Savchenko,Stanislav Savchenko,stanislavsavchenko,DFFC
Stanislav Stanojevic,Stanislav Stanojevic,stanislavstanojevic,DFFC
Stanisław Sojka,Stanisław Sojka,stanisawsojka,DFFC
Stanley B. Prusiner,Stanley B Prusiner,stanleybprusiner,DFFC
Stanley Donen,Stanley Donen,stanleydonen,DFFC
Stanley Havili,Stanley Havili,stanleyhavili,DFFC
Stanley O'Toole,Stanley O'Toole,stanleyotoole,DFFC
Stanley Williams,Stanley Williams,stanleywilliams,DFFC
Star Jasper,Star Jasper,starjasper,DFFC
Star Jones,Star Jones,starjones,DFFC
Star Lotulelei,Star Lotulelei,starlotulelei,DFFC
Starboy Nathan,Starboy Nathan,starboynathan,DFFC
Stark Sands,Stark Sands,starksands,DFFC
Stasija Rage,Stasija Rage,stasijarage,DFFC
Steed Malbranque,Steed Malbranque,steedmalbranque,DFFC
Stef Dusseldorp,Stef Dusseldorp,stefdusseldorp,DFFC
Stef Lang,Stef Lang,steflang,DFFC
Stefan Birčević,Stefan Birčević,stefanbirevi,DFFC
Stefan Charles,Stefan Charles,stefancharles,DFFC
Stefan Danailov,Stefan Danailov,stefandanailov,DFFC
Stefan Filipović,Stefan Filipović,stefanfilipovi,DFFC
Stefan Frei,Stefan Frei,stefanfrei,DFFC
Stefan Groothuis,Stefan Groothuis,stefangroothuis,DFFC
Stefan Holm,Stefan Holm,stefanholm,DFFC
Stefan Horngacher,Stefan Horngacher,stefanhorngacher,DFFC
Stefan Höhener,Stefan Höhener,stefanhhener,DFFC
Stefan Johansson,Stefan Johansson,stefanjohansson,DFFC
Stefan Kindermann,Stefan Kindermann,stefankindermann,DFFC
Stefan Kuntz,Stefan Kuntz,stefankuntz,DFFC
Stefan Lainer,Stefan Lainer,stefanlainer,DFFC
Stefan Lessard,Stefan Lessard,stefanlessard,DFFC
Stefan Lindemann,Stefan Lindemann,stefanlindemann,DFFC
Stefan Marković,Stefan Marković,stefanmarkovi,DFFC
Stefan Molyneux,Stefan Molyneux,stefanmolyneux,DFFC
Stefan Oakes,Stefan Oakes,stefanoakes,DFFC
Stefan Olsson,Stefan Olsson,stefanolsson,DFFC
Stefan Persson,Stefan Persson,stefanpersson,DFFC
Stefan Petrucha,Stefan Petrucha,stefanpetrucha,DFFC
Stefan Raab,Stefan Raab,stefanraab,DFFC
Stefan Reinartz,Stefan Reinartz,stefanreinartz,DFFC
Stefan Ruzowitzky,Stefan Ruzowitzky,stefanruzowitzky,DFFC
Stefan Savić,Stefan Savić,stefansavi,DFFC
Stefan Schneider,Stefan Schneider,stefanschneider,DFFC
Stefan Schumacher,Stefan Schumacher,stefanschumacher,DFFC
Stefan Sinovec,Stefan Sinovec,stefansinovec,DFFC
Stefan Stangl,Stefan Stangl,stefanstangl,DFFC
Stefan Stojačić,Stefan Stojačić,stefanstojai,DFFC
Stefan Szczesny,Stefan Szczesny,stefanszczesny,DFFC
Stefan Wannenwetsch,Stefan Wannenwetsch,stefanwannenwetsch,DFFC
Stefan Welch,Stefan Welch,stefanwelch,DFFC
Stefan de Vrij,Stefan de Vrij,stefandevrij,DFFC
Stefan van Dijk,Stefan van Dijk,stefanvandijk,DFFC
Stefanie Biller,Stefanie Biller,stefaniebiller,DFFC
Stefanie Scott,Stefanie Scott,stefaniescott,DFFC
Stefanie de Roux,Stefanie de Roux,stefaniederoux,DFFC
Stefano Anzi,Stefano Anzi,stefanoanzi,DFFC
Stefano D'Aste,Stefano D'Aste,stefanodaste,DFFC
Stefanos Kapino,Stefanos Kapino,stefanoskapino,DFFC
Stefanos Kotsolis,Stefanos Kotsolis,stefanoskotsolis,DFFC
Stefen Wisniewski,Stefen Wisniewski,stefenwisniewski,DFFC
Steffen Deibler,Steffen Deibler,steffendeibler,DFFC
Steffen Iversen,Steffen Iversen,steffeniversen,DFFC
Steffen Kielstrup,Steffen Kielstrup,steffenkielstrup,DFFC
Stein Huysegems,Stein Huysegems,steinhuysegems,DFFC
Steinar Raknes,Steinar Raknes,steinarraknes,DFFC
Steinbjørn B. Jacobsen,Steinbjørn B Jacobsen,steinbjrnbjacobsen,DFFC
Stelios Malezas,Stelios Malezas,steliosmalezas,DFFC
Stella Mwangi,Stella Mwangi,stellamwangi,DFFC
Stellan Skarsgård,Stellan Skarsgård,stellanskarsgrd,DFFC
Stepfan Taylor,Stepfan Taylor,stepfantaylor,DFFC
Steph Davis,Steph Davis,stephdavis,DFFC
Stephan Andersen,Stephan Andersen,stephanandersen,DFFC
Stephan Ebn,Stephan Ebn,stephanebn,DFFC
Stephan Loboué,Stephan Loboué,stephanlobou,DFFC
Stephan Van Dam,Stephan Van Dam,stephanvandam,DFFC
Stephanie Au,Stephanie Au,stephanieau,DFFC
Stephanie Bendixsen,Stephanie Bendixsen,stephaniebendixsen,DFFC
Stephanie Cole,Stephanie Cole,stephaniecole,DFFC
Stephanie Coontz,Stephanie Coontz,stephaniecoontz,DFFC
Stephanie Griest,Stephanie Griest,stephaniegriest,DFFC
Stephanie Leonidas,Stephanie Leonidas,stephanieleonidas,DFFC
Stephanie McMahon,Stephanie McMahon,stephaniemcmahon,DFFC
Stephanie Millward,Stephanie Millward,stephaniemillward,DFFC
Stephanie Morton,Stephanie Morton,stephaniemorton,DFFC
Stephanie Okereke Linus,Stephanie Okereke Linus,stephanieokerekelinus,DFFC
Stephanie Pratt,Stephanie Pratt,stephaniepratt,DFFC
Stephanie Schweitzer,Stephanie Schweitzer,stephanieschweitzer,DFFC
Stephanie Stumph,Stephanie Stumph,stephaniestumph,DFFC
Stephanie Vogt,Stephanie Vogt,stephanievogt,DFFC
Stephanie Öhrström,Stephanie Öhrström,stephaniehrstrm,DFFC
Stephen A. Schwarzman,Stephen A Schwarzman,stephenaschwarzman,DFFC
Stephen A. Unger,Stephen A Unger,stephenaunger,DFFC
Stephen Amell,Stephen Amell,stephenamell,DFFC
Stephen Baldwin,Stephen Baldwin,stephenbaldwin,DFFC
Stephen Boyd,Stephen Boyd,stephenboyd,DFFC
Stephen Carriere,Stephen Carriere,stephencarriere,DFFC
Stephen Churm,Stephen Churm,stephenchurm,DFFC
Stephen Cochran,Stephen Cochran,stephencochran,DFFC
Stephen Colbert,Stephen Colbert,stephencolbert,DFFC
Stephen Colletti,Stephen Colletti,stephencolletti,DFFC
Stephen Collins,Stephen Collins,stephencollins,DFFC
Stephen Daldry,Stephen Daldry,stephendaldry,DFFC
Stephen Dalton,Stephen Dalton,stephendalton,DFFC
Stephen Dawson,Stephen Dawson,stephendawson,DFFC
Stephen Dedman,Stephen Dedman,stephendedman,DFFC
Stephen Donaldson,Stephen Donaldson,stephendonaldson,DFFC
Stephen Egerton,Stephen Egerton,stephenegerton,DFFC
Stephen Emmott,Stephen Emmott,stephenemmott,DFFC
Stephen Frears,Stephen Frears,stephenfrears,DFFC
Stephen Friend,Stephen Friend,stephenfriend,DFFC
Stephen Furst,Stephen Furst,stephenfurst,DFFC
Stephen Gately,Stephen Gately,stephengately,DFFC
Stephen Graham,Stephen Graham,stephengraham,DFFC
Stephen Hart,Stephen Hart,stephenhart,DFFC
Stephen Hendrie,Stephen Hendrie,stephenhendrie,DFFC
Stephen Hendry,Stephen Hendry,stephenhendry,DFFC
Stephen Hicks,Stephen Hicks,stephenhicks,DFFC
Stephen Hill,Stephen Hill,stephenhill,DFFC
Stephen Hillenburg,Stephen Hillenburg,stephenhillenburg,DFFC
Stephen Hunt,Stephen Hunt,stephenhunt,DFFC
Stephen Ireland,Stephen Ireland,stephenireland,DFFC
Stephen Jackson,Stephen Jackson,stephenjackson,DFFC
Stephen Jelley,Stephen Jelley,stephenjelley,DFFC
Stephen Jerzak,Stephen Jerzak,stephenjerzak,DFFC
Stephen Lee,Stephen Lee,stephenlee,DFFC
Stephen Li-Chung Kuo,Stephen Li-Chung Kuo,stephenlichungkuo,DFFC
Stephen Mayne,Stephen Mayne,stephenmayne,DFFC
Stephen McGee,Stephen McGee,stephenmcgee,DFFC
Stephen Muzhingi,Stephen Muzhingi,stephenmuzhingi,DFFC
Stephen O'Malley,Stephen O'Malley,stephenomalley,DFFC
Stephen Poliakoff,Stephen Poliakoff,stephenpoliakoff,DFFC
Stephen R. Donaldson,Stephen R Donaldson,stephenrdonaldson,DFFC
Stephen Rice,Stephen Rice,stephenrice,DFFC
Stephen Schwartz,Stephen Schwartz,stephenschwartz,DFFC
Stephen Soldz,Stephen Soldz,stephensoldz,DFFC
Stephen Waley-Cohen,Stephen Waley-Cohen,stephenwaleycohen,DFFC
Stephenie Meyer,Stephenie Meyer,stepheniemeyer,DFFC
Stephin Merritt,Stephin Merritt,stephinmerritt,DFFC
Stephon Gilmore,Stephon Gilmore,stephongilmore,DFFC
Stephy Tang,Stephy Tang,stephytang,DFFC
Steve Barron,Steve Barron,stevebarron,DFFC
Steve Basham,Steve Basham,stevebasham,DFFC
Steve Bell,Steve Bell,stevebell,DFFC
Steve Bould,Steve Bould,stevebould,DFFC
Steve Breaston,Steve Breaston,stevebreaston,DFFC
Steve Cherundolo,Steve Cherundolo,stevecherundolo,DFFC
Steve Coast,Steve Coast,stevecoast,DFFC
Steve Collis,Steve Collis,stevecollis,DFFC
Steve Corino,Steve Corino,stevecorino,DFFC
Steve Doll,Steve Doll,stevedoll,DFFC
Steve Donahue,Steve Donahue,stevedonahue,DFFC
Steve Dowden,Steve Dowden,stevedowden,DFFC
Steve Englehart,Steve Englehart,steveenglehart,DFFC
Steve Forbert,Steve Forbert,steveforbert,DFFC
Steve Gerber,Steve Gerber,stevegerber,DFFC
Steve Guttenberg,Steve Guttenberg,steveguttenberg,DFFC
Steve Harper,Steve Harper,steveharper,DFFC
Steve Harris,Steve Harris,steveharris,DFFC
Steve Harvey,Steve Harvey,steveharvey,DFFC
Steve Hawes,Steve Hawes,stevehawes,DFFC
Steve Hawkins,Steve Hawkins,stevehawkins,DFFC
Steve Hewitt,Steve Hewitt,stevehewitt,DFFC
Steve Hilton,Steve Hilton,stevehilton,DFFC
Steve Jameson,Steve Jameson,stevejameson,DFFC
Steve Johnson,Steve Johnson,stevejohnson,DFFC
Steve Jurvetson,Steve Jurvetson,stevejurvetson,DFFC
Steve Kariya,Steve Kariya,stevekariya,DFFC
Steve Kragthorpe,Steve Kragthorpe,stevekragthorpe,DFFC
Steve Lee,Steve Lee,stevelee,DFFC
Steve Letarte,Steve Letarte,steveletarte,DFFC
Steve Lyons,Steve Lyons,stevelyons,DFFC
Steve Mandanda,Steve Mandanda,stevemandanda,DFFC
Steve Martin,Steve Martin,stevemartin,DFFC
Steve Martinson,Steve Martinson,stevemartinson,DFFC
Steve McManaman,Steve McManaman,stevemcmanaman,DFFC
Steve McMichael,Steve McMichael,stevemcmichael,DFFC
Steve McQueen,Steve McQueen,stevemcqueen,DFFC
Steve Meilinger,Steve Meilinger,stevemeilinger,DFFC
Steve Morison,Steve Morison,stevemorison,DFFC
Steve Moxon,Steve Moxon,stevemoxon,DFFC
Steve New,Steve New,stevenew,DFFC
Steve Olfers,Steve Olfers,steveolfers,DFFC
Steve Omischl,Steve Omischl,steveomischl,DFFC
Steve Ott,Steve Ott,steveott,DFFC
Steve Owen,Steve Owen,steveowen,DFFC
Steve Pavlina,Steve Pavlina,stevepavlina,DFFC
Steve Peat,Steve Peat,stevepeat,DFFC
Steve Prefontaine,Steve Prefontaine,steveprefontaine,DFFC
Steve Ralston,Steve Ralston,steveralston,DFFC
Steve Reid,Steve Reid,stevereid,DFFC
Steve Rider,Steve Rider,steverider,DFFC
Steve Roach,Steve Roach,steveroach,DFFC
Steve Romanik,Steve Romanik,steveromanik,DFFC
Steve Rothery,Steve Rothery,steverothery,DFFC
Steve Sabol,Steve Sabol,stevesabol,DFFC
Steve Scully,Steve Scully,stevescully,DFFC
Steve Sem-Sandberg,Steve Sem-Sandberg,stevesemsandberg,DFFC
Steve Shirley,Steve Shirley,steveshirley,DFFC
Steve Sidwell,Steve Sidwell,stevesidwell,DFFC
"Steve Smith, Sr.","Steve Smith, Sr",stevesmithsr,DFFC
Steve Soboslai,Steve Soboslai,stevesoboslai,DFFC
Steve Spagnuolo,Steve Spagnuolo,stevespagnuolo,DFFC
Steve Sparks,Steve Sparks,stevesparks,DFFC
Steve Sullivan,Steve Sullivan,stevesullivan,DFFC
Steve Torpey,Steve Torpey,stevetorpey,DFFC
Steve Walwyn,Steve Walwyn,stevewalwyn,DFFC
Steve Way,Steve Way,steveway,DFFC
Steve Willis,Steve Willis,stevewillis,DFFC
Steve Wilson,Steve Wilson,stevewilson,DFFC
Steve Young,Steve Young,steveyoung,DFFC
Steven Beitashour,Steven Beitashour,stevenbeitashour,DFFC
Steven Berghuis,Steven Berghuis,stevenberghuis,DFFC
Steven Crowder,Steven Crowder,stevencrowder,DFFC
Steven Defour,Steven Defour,stevendefour,DFFC
Steven Emerson,Steven Emerson,stevenemerson,DFFC
Steven Johnson,Steven Johnson,stevenjohnson,DFFC
Steven K. Baum,Steven K Baum,stevenkbaum,DFFC
Steven Kellogg,Steven Kellogg,stevenkellogg,DFFC
Steven Kirby,Steven Kirby,stevenkirby,DFFC
Steven Lampier,Steven Lampier,stevenlampier,DFFC
Steven Lustica,Steven Lustica,stevenlustica,DFFC
Steven Naismith,Steven Naismith,stevennaismith,DFFC
Steven Pienaar,Steven Pienaar,stevenpienaar,DFFC
Steven Pinker,Steven Pinker,stevenpinker,DFFC
Steven Pressley,Steven Pressley,stevenpressley,DFFC
Steven R. McQueen,Steven R McQueen,stevenrmcqueen,DFFC
Steven Rubenstein,Steven Rubenstein,stevenrubenstein,DFFC
Steven Sasson,Steven Sasson,stevensasson,DFFC
Steven Saylor,Steven Saylor,stevensaylor,DFFC
Steven Stamkos,Steven Stamkos,stevenstamkos,DFFC
Steven Swanson,Steven Swanson,stevenswanson,DFFC
Steven Taylor,Steven Taylor,steventaylor,DFFC
Steven Wright,Steven Wright,stevenwright,DFFC
Steven Yeun,Steven Yeun,stevenyeun,DFFC
Stevie Brown,Stevie Brown,steviebrown,DFFC
Stevie Cameron,Stevie Cameron,steviecameron,DFFC
Stevie Johnson,Stevie Johnson,steviejohnson,DFFC
Stevie Nicks,Stevie Nicks,stevienicks,DFFC
Stewart Brand,Stewart Brand,stewartbrand,DFFC
Stewart Haslinger,Stewart Haslinger,stewarthaslinger,DFFC
Stig Engström,Stig Engström,stigengstrm,DFFC
Stig Sæterbakken,Stig Sæterbakken,stigsterbakken,DFFC
Stijn Stijnen,Stijn Stijnen,stijnstijnen,DFFC
Stina Ekblad,Stina Ekblad,stinaekblad,DFFC
Sting,Sting,sting,DFFC
Stipe Pletikosa,Stipe Pletikosa,stipepletikosa,DFFC
Stockard Channing,Stockard Channing,stockardchanning,DFFC
Stoffel Vandoorne,Stoffel Vandoorne,stoffelvandoorne,DFFC
Stone Cold Steve Austin,Stone Cold Steve Austin,stonecoldsteveaustin,DFFC
Stormi Henley,Stormi Henley,stormihenley,DFFC
Strahinja Milošević,Strahinja Milošević,strahinjamiloevi,DFFC
Stromae,Stromae,stromae,DFFC
Struggle Da Preacher,Struggle Da Preacher,struggledapreacher,DFFC
Stu Hart,Stu Hart,stuhart,DFFC
Stu Holcomb,Stu Holcomb,stuholcomb,DFFC
Stuart Adamson,Stuart Adamson,stuartadamson,DFFC
Stuart Bingham,Stuart Bingham,stuartbingham,DFFC
Stuart Elliott,Stuart Elliott,stuartelliott,DFFC
Stuart Gordon,Stuart Gordon,stuartgordon,DFFC
Stuart McCall,Stuart McCall,stuartmccall,DFFC
Stuart O'Keefe,Stuart O'Keefe,stuartokeefe,DFFC
Stuart Pearce,Stuart Pearce,stuartpearce,DFFC
Stuart R. Schram,Stuart R Schram,stuartrschram,DFFC
Stuart Townsend,Stuart Townsend,stuarttownsend,DFFC
Stuart Tripp,Stuart Tripp,stuarttripp,DFFC
Stuart Wheeler,Stuart Wheeler,stuartwheeler,DFFC
Sture Mårtensson,Sture Mårtensson,sturemrtensson,DFFC
Sturla Torkildsen,Sturla Torkildsen,sturlatorkildsen,DFFC
Stéphane Audran,Stéphane Audran,stphaneaudran,DFFC
Stéphane Badji,Stéphane Badji,stphanebadji,DFFC
Stéphane Bern,Stéphane Bern,stphanebern,DFFC
Stéphane De Groodt,Stéphane De Groodt,stphanedegroodt,DFFC
Stéphane Grappelli,Stéphane Grappelli,stphanegrappelli,DFFC
Stéphane Hessel,Stéphane Hessel,stphanehessel,DFFC
Stéphane Heulot,Stéphane Heulot,stphaneheulot,DFFC
Stéphane Lambiel,Stéphane Lambiel,stphanelambiel,DFFC
Stéphane Mbia,Stéphane Mbia,stphanembia,DFFC
Stéphane Richard,Stéphane Richard,stphanerichard,DFFC
Stéphane Richelmi,Stéphane Richelmi,stphanerichelmi,DFFC
Stéphane Sessègnon,Stéphane Sessègnon,stphanesessgnon,DFFC
Su Bingtian,Su Bingtian,subingtian,DFFC
Su-chin Pak,Su-chin Pak,suchinpak,DFFC
Subhash Dutta,Subhash Dutta,subhashdutta,DFFC
Subhash Kak,Subhash Kak,subhashkak,DFFC
Suchita Trivedi,Suchita Trivedi,suchitatrivedi,DFFC
Suchitra Krishnamoorthi,Suchitra Krishnamoorthi,suchitrakrishnamoorthi,DFFC
Sudeep,Sudeep,sudeep,DFFC
Sudhir Phadke,Sudhir Phadke,sudhirphadke,DFFC
Sue Bird,Sue Bird,suebird,DFFC
Sue Draheim,Sue Draheim,suedraheim,DFFC
Sue Gardner,Sue Gardner,suegardner,DFFC
Sue Hines,Sue Hines,suehines,DFFC
Sue Holderness,Sue Holderness,sueholderness,DFFC
Sue Vertue,Sue Vertue,suevertue,DFFC
Sufjan Stevens,Sufjan Stevens,sufjanstevens,DFFC
Sukehiro Hasegawa,Sukehiro Hasegawa,sukehirohasegawa,DFFC
Suki Low,Suki Low,sukilow,DFFC
Sukshinder Shinda,Sukshinder Shinda,sukshindershinda,DFFC
Sulli,Sulli,sulli,DFFC
Sullivan Silva,Sullivan Silva,sullivansilva,DFFC
Suman Ranganathan,Suman Ranganathan,sumanranganathan,DFFC
Sumi Jo,Sumi Jo,sumijo,DFFC
Sumi Shimamoto,Sumi Shimamoto,sumishimamoto,DFFC
Suming,Suming,suming,DFFC
Summer Bishil,Summer Bishil,summerbishil,DFFC
Summer Glau,Summer Glau,summerglau,DFFC
Summer Mortimer,Summer Mortimer,summermortimer,DFFC
Sun Myung Moon,Sun Myung Moon,sunmyungmoon,DFFC
Sun Yujie,Sun Yujie,sunyujie,DFFC
Sunette Viljoen,Sunette Viljoen,sunetteviljoen,DFFC
Sunitha Rao,Sunitha Rao,sunitharao,DFFC
Sunny Leone,Sunny Leone,sunnyleone,DFFC
Sunny Tripathy,Sunny Tripathy,sunnytripathy,DFFC
Sunrise Adams,Sunrise Adams,sunriseadams,DFFC
Sunshine Becker,Sunshine Becker,sunshinebecker,DFFC
Supriya Pilgaonkar,Supriya Pilgaonkar,supriyapilgaonkar,DFFC
Suriya,Suriya,suriya,DFFC
Susan Ashton,Susan Ashton,susanashton,DFFC
Susan Boyle,Susan Boyle,susanboyle,DFFC
Susan Cadogan,Susan Cadogan,susancadogan,DFFC
Susan Cowsill,Susan Cowsill,susancowsill,DFFC
"Susan Cunliffe-Lister, Baroness Masham of Ilton","Susan Cunliffe-Lister, Baroness Masham of Ilton",susancunliffelisterbaronessmashamofilton,DFFC
Susan D. Shaw,Susan D Shaw,susandshaw,DFFC
Susan Douglas Rubes,Susan Douglas Rubes,susandouglasrubes,DFFC
Susan Einzig,Susan Einzig,susaneinzig,DFFC
Susan Fernandez,Susan Fernandez,susanfernandez,DFFC
Susan Haskell,Susan Haskell,susanhaskell,DFFC
Susan Jacoby,Susan Jacoby,susanjacoby,DFFC
Susan Lalic,Susan Lalic,susanlalic,DFFC
Susan Lucci,Susan Lucci,susanlucci,DFFC
Susan McFadden,Susan McFadden,susanmcfadden,DFFC
Susan Murphy,Susan Murphy,susanmurphy,DFFC
Susan Powell,Susan Powell,susanpowell,DFFC
Susan Smith-Walsh,Susan Smith-Walsh,susansmithwalsh,DFFC
Susan Sullivan,Susan Sullivan,susansullivan,DFFC
Susanna Clarke,Susanna Clarke,susannaclarke,DFFC
Susanna Pöykiö,Susanna Pöykiö,susannapyki,DFFC
Susanna Rahkamo,Susanna Rahkamo,susannarahkamo,DFFC
Susanna Thompson,Susanna Thompson,susannathompson,DFFC
Susanne Ljungskog,Susanne Ljungskog,susanneljungskog,DFFC
Susanne Moll,Susanne Moll,susannemoll,DFFC
Susanne Sundfør,Susanne Sundfør,susannesundfr,DFFC
Sushmita Sen,Sushmita Sen,sushmitasen,DFFC
Susie Bright,Susie Bright,susiebright,DFFC
Susie Essman,Susie Essman,susieessman,DFFC
Sussie Eriksson,Sussie Eriksson,sussieeriksson,DFFC
Suvi Koponen,Suvi Koponen,suvikoponen,DFFC
Suzann Pettersen,Suzann Pettersen,suzannpettersen,DFFC
Suzanne Collins,Suzanne Collins,suzannecollins,DFFC
Suzanne Lilar,Suzanne Lilar,suzannelilar,DFFC
Suzanne Virdee,Suzanne Virdee,suzannevirdee,DFFC
Suze Orman,Suze Orman,suzeorman,DFFC
Suzi Quatro,Suzi Quatro,suziquatro,DFFC
Suzie Bates,Suzie Bates,suziebates,DFFC
Suzuka Nakamoto,Suzuka Nakamoto,suzukanakamoto,DFFC
Suzuko Mimori,Suzuko Mimori,suzukomimori,DFFC
Suzy Bogguss,Suzy Bogguss,suzybogguss,DFFC
Suzy Lake,Suzy Lake,suzylake,DFFC
Svante Pääbo,Svante Pääbo,svantepbo,DFFC
Svein Fjælberg,Svein Fjælberg,sveinfjlberg,DFFC
Svein Nymo,Svein Nymo,sveinnymo,DFFC
Svein Tuft,Svein Tuft,sveintuft,DFFC
Sven Bender,Sven Bender,svenbender,DFFC
Sven Clement,Sven Clement,svenclement,DFFC
Sven Fischer,Sven Fischer,svenfischer,DFFC
Sven Kramer,Sven Kramer,svenkramer,DFFC
Sven Nordqvist,Sven Nordqvist,svennordqvist,DFFC
Sven Nykvist,Sven Nykvist,svennykvist,DFFC
Sven Nys,Sven Nys,svennys,DFFC
Sven Pipien,Sven Pipien,svenpipien,DFFC
Sven Strüver,Sven Strüver,svenstrver,DFFC
Sven Ulreich,Sven Ulreich,svenulreich,DFFC
Sverre Haugli,Sverre Haugli,sverrehaugli,DFFC
Svetlana Alekseeva,Svetlana Alekseeva,svetlanaalekseeva,DFFC
Svetlana Feofanova,Svetlana Feofanova,svetlanafeofanova,DFFC
Svetlana Issakova,Svetlana Issakova,svetlanaissakova,DFFC
Svetlana Lunkina,Svetlana Lunkina,svetlanalunkina,DFFC
Svetlana Podobedova,Svetlana Podobedova,svetlanapodobedova,DFFC
Svetlana Saenko,Svetlana Saenko,svetlanasaenko,DFFC
Svetlana Tsarukayeva,Svetlana Tsarukayeva,svetlanatsarukayeva,DFFC
Svetlana Zakharova,Svetlana Zakharova,svetlanazakharova,DFFC
Swathi Reddy,Swathi Reddy,swathireddy,DFFC
Sweet Saraya,Sweet Saraya,sweetsaraya,DFFC
Sybille Bammer,Sybille Bammer,sybillebammer,DFFC
Syd tha Kyd,Syd tha Kyd,sydthakyd,DFFC
Sydne Rome,Sydne Rome,sydnerome,DFFC
Sydney Leroux,Sydney Leroux,sydneyleroux,DFFC
Sydney Newman,Sydney Newman,sydneynewman,DFFC
Sydney Pollack,Sydney Pollack,sydneypollack,DFFC
Syed Ahmed,Syed Ahmed,syedahmed,DFFC
Sylvain Distin,Sylvain Distin,sylvaindistin,DFFC
Sylvain Wiltord,Sylvain Wiltord,sylvainwiltord,DFFC
Sylvester Lefort,Sylvester Lefort,sylvesterlefort,DFFC
Sylvester Weaver,Sylvester Weaver,sylvesterweaver,DFFC
Sylvia Day,Sylvia Day,sylviaday,DFFC
Sylvia Hoeks,Sylvia Hoeks,sylviahoeks,DFFC
Sylvie Testud,Sylvie Testud,sylvietestud,DFFC
Sylwester Szmyd,Sylwester Szmyd,sylwesterszmyd,DFFC
Sylwia Kapusta,Sylwia Kapusta,sylwiakapusta,DFFC
Szabolcs Kókay,Szabolcs Kókay,szabolcskkay,DFFC
Szidi Tobias,Szidi Tobias,sziditobias,DFFC
Szymon Ziółkowski,Szymon Ziółkowski,szymonzikowski,DFFC
Sándor Sára,Sándor Sára,sndorsra,DFFC
Sævar Birgisson,Sævar Birgisson,svarbirgisson,DFFC
Sébastien Bourdais,Sébastien Bourdais,sbastienbourdais,DFFC
Sébastien Buemi,Sébastien Buemi,sbastienbuemi,DFFC
Sébastien Chevallier,Sébastien Chevallier,sbastienchevallier,DFFC
Sébastien Corchia,Sébastien Corchia,sbastiencorchia,DFFC
Sébastien Hinault,Sébastien Hinault,sbastienhinault,DFFC
Sébastien Loeb,Sébastien Loeb,sbastienloeb,DFFC
Sébastien Pocognoli,Sébastien Pocognoli,sbastienpocognoli,DFFC
Sébastien Reichenbach,Sébastien Reichenbach,sbastienreichenbach,DFFC
Sébastien Squillaci,Sébastien Squillaci,sbastiensquillaci,DFFC
Sébastien Turgot,Sébastien Turgot,sbastienturgot,DFFC
Sérgio Britto,Sérgio Britto,srgiobritto,DFFC
Sölvi Ottesen,Sölvi Ottesen,slviottesen,DFFC
Sören Ludolph,Sören Ludolph,srenludolph,DFFC
T. J. McConnell,TJ McConnell,tjmcconnell,DFFC
T. J. McDonald,TJ McDonald,tjmcdonald,DFFC
T. J. Miller,TJ Miller,tjmiller,DFFC
T. J. Yates,TJ Yates,tjyates,DFFC
T. L. Osborn,TL Osborn,tlosborn,DFFC
T. N. Krishnan,TN Krishnan,tnkrishnan,DFFC
T. S. Suresh,TS Suresh,tssuresh,DFFC
T. V. Smith,TV Smith,tvsmith,DFFC
T.I.,TI,ti,DFFC
T.J. Perkins,TJ Perkins,tjperkins,DFFC
T.S Aboobaker,TS Aboobaker,tsaboobaker,DFFC
Tab Baldwin,Tab Baldwin,tabbaldwin,DFFC
Tab Hunter,Tab Hunter,tabhunter,DFFC
Tabassum Akhlaq,Tabassum Akhlaq,tabassumakhlaq,DFFC
Taboo,Taboo,taboo,DFFC
Tachi Yamada,Tachi Yamada,tachiyamada,DFFC
Tadeusz Wrona,Tadeusz Wrona,tadeuszwrona,DFFC
Tagir Khaybulaev,Tagir Khaybulaev,tagirkhaybulaev,DFFC
Tahar Cheriaa,Tahar Cheriaa,taharcheriaa,DFFC
Tahj Minniecon,Tahj Minniecon,tahjminniecon,DFFC
Tahyna Tozzi,Tahyna Tozzi,tahynatozzi,DFFC
Tai Solarin,Tai Solarin,taisolarin,DFFC
Tai Streets,Tai Streets,taistreets,DFFC
Tai Tzu-ying,Tai Tzu-ying,taitzuying,DFFC
Taika Waititi,Taika Waititi,taikawaititi,DFFC
Taiki Morii,Taiki Morii,taikimorii,DFFC
Taio Cruz,Taio Cruz,taiocruz,DFFC
Tajči,Tajči,taji,DFFC
Takahiko Kozuka,Takahiko Kozuka,takahikokozuka,DFFC
Takahiro Norimoto,Takahiro Norimoto,takahironorimoto,DFFC
Takahito Mura,Takahito Mura,takahitomura,DFFC
"Takahito, Prince Mikasa","Takahito, Prince Mikasa",takahitoprincemikasa,DFFC
Takanori Nishikawa,Takanori Nishikawa,takanorinishikawa,DFFC
Takashi Kogure,Takashi Kogure,takashikogure,DFFC
Takashi Miyazawa,Takashi Miyazawa,takashimiyazawa,DFFC
Takashi Ono,Takashi Ono,takashiono,DFFC
Takashi Uchiyama,Takashi Uchiyama,takashiuchiyama,DFFC
Takashi Usami,Takashi Usami,takashiusami,DFFC
Takayuki Yamada,Takayuki Yamada,takayukiyamada,DFFC
Takehide Nakatani,Takehide Nakatani,takehidenakatani,DFFC
Takeo Spikes,Takeo Spikes,takeospikes,DFFC
Takeru Kobayashi,Takeru Kobayashi,takerukobayashi,DFFC
Takeshi Ito,Takeshi Ito,takeshiito,DFFC
Takeshi Matsuda,Takeshi Matsuda,takeshimatsuda,DFFC
Takeshi Minamino,Takeshi Minamino,takeshiminamino,DFFC
Tal Ben Haim,Tal Ben Haim,talbenhaim,DFFC
Talal Al-Bloushi,Talal Al-Bloushi,talalalbloushi,DFFC
Talal El Karkouri,Talal El Karkouri,talalelkarkouri,DFFC
Tamar Simon Hoffs,Tamar Simon Hoffs,tamarsimonhoffs,DFFC
Tamara Buciuceanu,Tamara Buciuceanu,tamarabuciuceanu,DFFC
Tamara Dobson,Tamara Dobson,tamaradobson,DFFC
Tamara Jenkins,Tamara Jenkins,tamarajenkins,DFFC
Tamara Press,Tamara Press,tamarapress,DFFC
Tamara Taylor,Tamara Taylor,tamarataylor,DFFC
Tamba Hali,Tamba Hali,tambahali,DFFC
Tamer Mohamed Tahoun,Tamer Mohamed Tahoun,tamermohamedtahoun,DFFC
Tami Kiuru,Tami Kiuru,tamikiuru,DFFC
Tamie Sheffield,Tamie Sheffield,tamiesheffield,DFFC
Tamika Mkandawire,Tamika Mkandawire,tamikamkandawire,DFFC
Tamim bin Hamad Al Thani,Tamim bin Hamad Al Thani,tamimbinhamadalthani,DFFC
Tammie Brown,Tammie Brown,tammiebrown,DFFC
Tammy Rae Carland,Tammy Rae Carland,tammyraecarland,DFFC
Tamora Pierce,Tamora Pierce,tamorapierce,DFFC
Tamsin Dunwoody,Tamsin Dunwoody,tamsindunwoody,DFFC
Tamsin Greenway,Tamsin Greenway,tamsingreenway,DFFC
Tamás Decsi,Tamás Decsi,tamsdecsi,DFFC
Tamás Lőrincz,Tamás Lőrincz,tamslrincz,DFFC
Tamāra Vilerte,Tamāra Vilerte,tamravilerte,DFFC
Tandon Doss,Tandon Doss,tandondoss,DFFC
Tanel Tammet,Tanel Tammet,taneltammet,DFFC
Taner Akçam,Taner Akçam,tanerakam,DFFC
Tang Wei,Tang Wei,tangwei,DFFC
Tania Gunadi,Tania Gunadi,taniagunadi,DFFC
Tania Sachdev,Tania Sachdev,taniasachdev,DFFC
Tanja Kolbe,Tanja Kolbe,tanjakolbe,DFFC
Tanja Mihhailova,Tanja Mihhailova,tanjamihhailova,DFFC
Tanju Kayhan,Tanju Kayhan,tanjukayhan,DFFC
Tanju Öztürk,Tanju Öztürk,tanjuztrk,DFFC
Tank Toland,Tank Toland,tanktoland,DFFC
Tanner Berryhill,Tanner Berryhill,tannerberryhill,DFFC
Tanner Glass,Tanner Glass,tannerglass,DFFC
Tanner Scheppers,Tanner Scheppers,tannerscheppers,DFFC
Tanuj Virwani,Tanuj Virwani,tanujvirwani,DFFC
Tanya Chua,Tanya Chua,tanyachua,DFFC
Tanya Holland,Tanya Holland,tanyaholland,DFFC
Tanya Huebner,Tanya Huebner,tanyahuebner,DFFC
Tanya Stephens,Tanya Stephens,tanyastephens,DFFC
Tanya Tate,Tanya Tate,tanyatate,DFFC
Tané McClure,Tané McClure,tanmcclure,DFFC
Tao,Tao,tao,DFFC
Tao Li,Tao Li,taoli,DFFC
Tao Lin,Tao Lin,taolin,DFFC
Tara Conner,Tara Conner,taraconner,DFFC
Tara Lynn Foxx,Tara Lynn Foxx,taralynnfoxx,DFFC
Tara Moore,Tara Moore,taramoore,DFFC
Tara Oram,Tara Oram,taraoram,DFFC
Tarafa Baghajati,Tarafa Baghajati,tarafabaghajati,DFFC
Taran Killam,Taran Killam,tarankillam,DFFC
Taras Lazarovych,Taras Lazarovych,taraslazarovych,DFFC
Taras Stepanenko,Taras Stepanenko,tarasstepanenko,DFFC
Tareiq Holmes-Dennis,Tareiq Holmes-Dennis,tareiqholmesdennis,DFFC
Taren Stinebrickner-Kauffman,Taren Stinebrickner-Kauffman,tarenstinebricknerkauffman,DFFC
Tarik Belmadani,Tarik Belmadani,tarikbelmadani,DFFC
Taron Egerton,Taron Egerton,taronegerton,DFFC
Taru Mäkelä,Taru Mäkelä,tarumkel,DFFC
Tarun Tejpal,Tarun Tejpal,taruntejpal,DFFC
Tarvaris Jackson,Tarvaris Jackson,tarvarisjackson,DFFC
Taryn Hemmings,Taryn Hemmings,tarynhemmings,DFFC
Taryn Manning,Taryn Manning,tarynmanning,DFFC
Taryn Southern,Taryn Southern,tarynsouthern,DFFC
Tata Young,Tata Young,tatayoung,DFFC
Tatev Abrahamyan,Tatev Abrahamyan,tatevabrahamyan,DFFC
Tatiana Antoshina,Tatiana Antoshina,tatianaantoshina,DFFC
Tatiana Búa,Tatiana Búa,tatianaba,DFFC
Tatiana Kosintseva,Tatiana Kosintseva,tatianakosintseva,DFFC
Tatiana Matveeva,Tatiana Matveeva,tatianamatveeva,DFFC
Tatiana Tarasova,Tatiana Tarasova,tatianatarasova,DFFC
Tatiana Volosozhar,Tatiana Volosozhar,tatianavolosozhar,DFFC
Tatjana Pinto,Tatjana Pinto,tatjanapinto,DFFC
Tatsuya Tanaka,Tatsuya Tanaka,tatsuyatanaka,DFFC
Tatyana Ali,Tatyana Ali,tatyanaali,DFFC
Tatyana Chernova,Tatyana Chernova,tatyanachernova,DFFC
Tatyana Lebedeva,Tatyana Lebedeva,tatyanalebedeva,DFFC
Tatyana Mitkova,Tatyana Mitkova,tatyanamitkova,DFFC
Tatyana Vasilyeva,Tatyana Vasilyeva,tatyanavasilyeva,DFFC
Tatyana Veshkurova,Tatyana Veshkurova,tatyanaveshkurova,DFFC
Tavito Nanao,Tavito Nanao,tavitonanao,DFFC
Tay Zonday,Tay Zonday,tayzonday,DFFC
Taya Kyle,Taya Kyle,tayakyle,DFFC
Tayari Jones,Tayari Jones,tayarijones,DFFC
Taylor Armstrong,Taylor Armstrong,taylorarmstrong,DFFC
Taylor Branch,Taylor Branch,taylorbranch,DFFC
Taylor Glockner,Taylor Glockner,taylorglockner,DFFC
Taylor Graham,Taylor Graham,taylorgraham,DFFC
Taylor Kitsch,Taylor Kitsch,taylorkitsch,DFFC
Taylor Lewan,Taylor Lewan,taylorlewan,DFFC
Taylor Lytle,Taylor Lytle,taylorlytle,DFFC
Taylor Marie Hill,Taylor Marie Hill,taylormariehill,DFFC
Taylor Mays,Taylor Mays,taylormays,DFFC
Taylor Momsen,Taylor Momsen,taylormomsen,DFFC
Taylor Rochestie,Taylor Rochestie,taylorrochestie,DFFC
Taylor Thompson,Taylor Thompson,taylorthompson,DFFC
Taylor Wane,Taylor Wane,taylorwane,DFFC
Taylor Wilde,Taylor Wilde,taylorwilde,DFFC
Tayshaun Prince,Tayshaun Prince,tayshaunprince,DFFC
Teagan Presley,Teagan Presley,teaganpresley,DFFC
Teal Bunbury,Teal Bunbury,tealbunbury,DFFC
Tech N9ne,Tech N9ne,techn9ne,DFFC
Ted Barrett,Ted Barrett,tedbarrett,DFFC
Ted Christopher,Ted Christopher,tedchristopher,DFFC
Ted Curson,Ted Curson,tedcurson,DFFC
Ted Danson,Ted Danson,teddanson,DFFC
Ted DiBiase Jr.,Ted DiBiase Jr,teddibiasejr,DFFC
Ted Forrest,Ted Forrest,tedforrest,DFFC
Ted Hayes,Ted Hayes,tedhayes,DFFC
Ted Kaczynski,Ted Kaczynski,tedkaczynski,DFFC
Ted Kluszewski,Ted Kluszewski,tedkluszewski,DFFC
Ted Ligety,Ted Ligety,tedligety,DFFC
Ted Nelson,Ted Nelson,tednelson,DFFC
Ted Nugent,Ted Nugent,tednugent,DFFC
Ted Robledo,Ted Robledo,tedrobledo,DFFC
Ted Roof,Ted Roof,tedroof,DFFC
Ted Shackelford,Ted Shackelford,tedshackelford,DFFC
Ted White,Ted White,tedwhite,DFFC
Teddy Higuera,Teddy Higuera,teddyhiguera,DFFC
Teddy Purcell,Teddy Purcell,teddypurcell,DFFC
TeeFlii,TeeFlii,teeflii,DFFC
Teemu Pukki,Teemu Pukki,teemupukki,DFFC
Teena Marie,Teena Marie,teenamarie,DFFC
Teesta Setalvad,Teesta Setalvad,teestasetalvad,DFFC
Teigen Allen,Teigen Allen,teigenallen,DFFC
Teklemariam Medhin,Teklemariam Medhin,teklemariammedhin,DFFC
Teklit Teweldebrhan,Teklit Teweldebrhan,teklitteweldebrhan,DFFC
Tennessee Thomas,Tennessee Thomas,tennesseethomas,DFFC
Teo,Teo,teo,DFFC
Teodor Peterson,Teodor Peterson,teodorpeterson,DFFC
Teodora Poštič,Teodora Poštič,teodorapoti,DFFC
Terence Newman,Terence Newman,terencenewman,DFFC
Terence Winter,Terence Winter,terencewinter,DFFC
Teresa Perales,Teresa Perales,teresaperales,DFFC
Teresa Strasser,Teresa Strasser,teresastrasser,DFFC
Teresa Torańska,Teresa Torańska,teresatoraska,DFFC
Tereza Fajksová,Tereza Fajksová,terezafajksov,DFFC
Teri Harrison,Teri Harrison,teriharrison,DFFC
Teri Hatcher,Teri Hatcher,terihatcher,DFFC
Terje Hauge,Terje Hauge,terjehauge,DFFC
Terje Rypdal,Terje Rypdal,terjerypdal,DFFC
Termanology,Termanology,termanology,DFFC
Tero Pitkämäki,Tero Pitkämäki,teropitkmki,DFFC
Terrance Ganaway,Terrance Ganaway,terranceganaway,DFFC
Terrance Knighton,Terrance Knighton,terranceknighton,DFFC
Terrance West,Terrance West,terrancewest,DFFC
Terrell Owens,Terrell Owens,terrellowens,DFFC
Terrelle Smith,Terrelle Smith,terrellesmith,DFFC
Terrence Austin,Terrence Austin,terrenceaustin,DFFC
Terrence Boyd,Terrence Boyd,terrenceboyd,DFFC
Terrence Cody,Terrence Cody,terrencecody,DFFC
Terrence Jennings,Terrence Jennings,terrencejennings,DFFC
Terrence Woodyard,Terrence Woodyard,terrencewoodyard,DFFC
Terri Conn,Terri Conn,terriconn,DFFC
Terri Runnels,Terri Runnels,terrirunnels,DFFC
Terri Schiavo case,Terri Schiavo case,terrischiavocase,DFFC
Terrico White,Terrico White,terricowhite,DFFC
Terry Antonis,Terry Antonis,terryantonis,DFFC
Terry Brown,Terry Brown,terrybrown,DFFC
Terry Clancy,Terry Clancy,terryclancy,DFFC
Terry Crews,Terry Crews,terrycrews,DFFC
Terry Driscoll,Terry Driscoll,terrydriscoll,DFFC
Terry McMillan,Terry McMillan,terrymcmillan,DFFC
Terry Pratchett,Terry Pratchett,terrypratchett,DFFC
Terry Richardson,Terry Richardson,terryrichardson,DFFC
Teryl Rothery,Teryl Rothery,terylrothery,DFFC
Tessa James,Tessa James,tessajames,DFFC
Tessa Sanderson,Tessa Sanderson,tessasanderson,DFFC
Tetiana Starodub,Tetiana Starodub,tetianastarodub,DFFC
Tetsuya Naito,Tetsuya Naito,tetsuyanaito,DFFC
Tetyana Hamera-Shmyrko,Tetyana Hamera-Shmyrko,tetyanahamerashmyrko,DFFC
Teuvo Länsivuori,Teuvo Länsivuori,teuvolnsivuori,DFFC
Texas Johnny Brown,Texas Johnny Brown,texasjohnnybrown,DFFC
Teymur Mammadov,Teymur Mammadov,teymurmammadov,DFFC
Teymuraz Gabashvili,Teymuraz Gabashvili,teymurazgabashvili,DFFC
Thaddeus Young,Thaddeus Young,thaddeusyoung,DFFC
Thaika Shuaib,Thaika Shuaib,thaikashuaib,DFFC
Thaisa,Thaisa,thaisa,DFFC
Thalita de Jong,Thalita de Jong,thalitadejong,DFFC
The Bella Twins,The Bella Twins,thebellatwins,DFFC
The Boogeyman,The Boogeyman,theboogeyman,DFFC
The Fabulous Moolah,The Fabulous Moolah,thefabulousmoolah,DFFC
The Miz,The Miz,themiz,DFFC
The Real Richie Rich,The Real Richie Rich,therealrichierich,DFFC
The Ultimate Warrior,The Ultimate Warrior,theultimatewarrior,DFFC
The-Dream,The-Dream,thedream,DFFC
Thea Gill,Thea Gill,theagill,DFFC
Thea Muldoon,Thea Muldoon,theamuldoon,DFFC
Thea Trinidad,Thea Trinidad,theatrinidad,DFFC
Theaster Gates,Theaster Gates,theastergates,DFFC
Thed Björk,Thed Björk,thedbjrk,DFFC
Thelma Estrin,Thelma Estrin,thelmaestrin,DFFC
Themistocles Leftheris,Themistocles Leftheris,themistoclesleftheris,DFFC
Themistocles M. Rassias,Themistocles M Rassias,themistoclesmrassias,DFFC
Theo Bongonda,Theo Bongonda,theobongonda,DFFC
Theo Kogan,Theo Kogan,theokogan,DFFC
Theo Peckham,Theo Peckham,theopeckham,DFFC
Theo Rossi,Theo Rossi,theorossi,DFFC
Theo Wharton,Theo Wharton,theowharton,DFFC
Theo de Raadt,Theo de Raadt,theoderaadt,DFFC
Theo van Gogh,Theo van Gogh,theovangogh,DFFC
Theodore Boronovskis,Theodore Boronovskis,theodoreboronovskis,DFFC
Theofanis Gekas,Theofanis Gekas,theofanisgekas,DFFC
Theresa Russell,Theresa Russell,theresarussell,DFFC
Theresa Senff,Theresa Senff,theresasenff,DFFC
Theresa Wayman,Theresa Wayman,theresawayman,DFFC
Therese Sjögran,Therese Sjögran,theresesjgran,DFFC
Thiago Cruz Reggiani,Thiago Cruz Reggiani,thiagocruzreggiani,DFFC
Thiago Lacerda,Thiago Lacerda,thiagolacerda,DFFC
Thiago Medeiros,Thiago Medeiros,thiagomedeiros,DFFC
Thiago Motta,Thiago Motta,thiagomotta,DFFC
Thiare Casarez,Thiare Casarez,thiarecasarez,DFFC
Thibaut Courtois,Thibaut Courtois,thibautcourtois,DFFC
Thierry Gouvenou,Thierry Gouvenou,thierrygouvenou,DFFC
Thierry Marie,Thierry Marie,thierrymarie,DFFC
Thierry Marx,Thierry Marx,thierrymarx,DFFC
Thierry Peugeot,Thierry Peugeot,thierrypeugeot,DFFC
Thitipan Puangchan,Thitipan Puangchan,thitipanpuangchan,DFFC
Thom Donovan,Thom Donovan,thomdonovan,DFFC
Thom Tuck,Thom Tuck,thomtuck,DFFC
Thomas A. Bickle,Thomas A Bickle,thomasabickle,DFFC
Thomas Azevedo,Thomas Azevedo,thomasazevedo,DFFC
Thomas Bjørn,Thomas Bjørn,thomasbjrn,DFFC
Thomas Bliss,Thomas Bliss,thomasbliss,DFFC
Thomas Davis,Thomas Davis,thomasdavis,DFFC
Thomas DeCoud,Thomas DeCoud,thomasdecoud,DFFC
Thomas Dekker,Thomas Dekker,thomasdekker,DFFC
Thomas Didillon,Thomas Didillon,thomasdidillon,DFFC
Thomas Doll,Thomas Doll,thomasdoll,DFFC
Thomas E. Ricks,Thomas E Ricks,thomasericks,DFFC
Thomas Eisfeld,Thomas Eisfeld,thomaseisfeld,DFFC
Thomas Enevoldsen,Thomas Enevoldsen,thomasenevoldsen,DFFC
Thomas G. Kelley,Thomas G Kelley,thomasgkelley,DFFC
Thomas Gafford,Thomas Gafford,thomasgafford,DFFC
Thomas Greiss,Thomas Greiss,thomasgreiss,DFFC
Thomas Harris,Thomas Harris,thomasharris,DFFC
Thomas Hitzlsperger,Thomas Hitzlsperger,thomashitzlsperger,DFFC
Thomas Hugues,Thomas Hugues,thomashugues,DFFC
Thomas Ian Nicholas,Thomas Ian Nicholas,thomasiannicholas,DFFC
"Thomas J. Hudner, Jr.","Thomas J Hudner, Jr",thomasjhudnerjr,DFFC
Thomas Jacobsen,Thomas Jacobsen,thomasjacobsen,DFFC
Thomas Jäger,Thomas Jäger,thomasjger,DFFC
Thomas Kraft,Thomas Kraft,thomaskraft,DFFC
Thomas Krens,Thomas Krens,thomaskrens,DFFC
Thomas Langmann,Thomas Langmann,thomaslangmann,DFFC
Thomas Lennon,Thomas Lennon,thomaslennon,DFFC
Thomas M. Disch,Thomas M Disch,thomasmdisch,DFFC
Thomas Mikusz,Thomas Mikusz,thomasmikusz,DFFC
Thomas Morstead,Thomas Morstead,thomasmorstead,DFFC
Thomas Rohregger,Thomas Rohregger,thomasrohregger,DFFC
Thomas Sadoski,Thomas Sadoski,thomassadoski,DFFC
Thomas Savage,Thomas Savage,thomassavage,DFFC
Thomas Schaaf,Thomas Schaaf,thomasschaaf,DFFC
Thomas Schneider,Thomas Schneider,thomasschneider,DFFC
Thomas Strunz,Thomas Strunz,thomasstrunz,DFFC
Thomas Summers West,Thomas Summers West,thomassummerswest,DFFC
Thomas Sørensen,Thomas Sørensen,thomassrensen,DFFC
Thomas Trueblood,Thomas Trueblood,thomastrueblood,DFFC
Thomas Willmore,Thomas Willmore,thomaswillmore,DFFC
Thor Hansen,Thor Hansen,thorhansen,DFFC
Thora Birch,Thora Birch,thorabirch,DFFC
Thorgan Hazard,Thorgan Hazard,thorganhazard,DFFC
Thorne Webb Dreyer,Thorne Webb Dreyer,thornewebbdreyer,DFFC
Thornton Willis,Thornton Willis,thorntonwillis,DFFC
Thulani Serero,Thulani Serero,thulaniserero,DFFC
Thurl Bailey,Thurl Bailey,thurlbailey,DFFC
Thurman Thomas,Thurman Thomas,thurmanthomas,DFFC
Thích Nhất Hạnh,Thích Nhất Hạnh,thchnhthnh,DFFC
Tiago Galvão da Silva,Tiago Galvão da Silva,tiagogalvodasilva,DFFC
Tiago Monteiro,Tiago Monteiro,tiagomonteiro,DFFC
Tiago Ulisses,Tiago Ulisses,tiagoulisses,DFFC
Tian Pengfei,Tian Pengfei,tianpengfei,DFFC
Tian Qing,Tian Qing,tianqing,DFFC
Tibor Pleiß,Tibor Pleiß,tiborplei,DFFC
Tich,Tich,tich,DFFC
Ticia Gara,Ticia Gara,ticiagara,DFFC
Tidiane Sane,Tidiane Sane,tidianesane,DFFC
Tie Ya Na,Tie Ya Na,tieyana,DFFC
Tiffany Darwish,Tiffany Darwish,tiffanydarwish,DFFC
Tiffany Porter,Tiffany Porter,tiffanyporter,DFFC
Tiffany Thornton,Tiffany Thornton,tiffanythornton,DFFC
Tiffeny Milbrett,Tiffeny Milbrett,tiffenymilbrett,DFFC
Tift Merritt,Tift Merritt,tiftmerritt,DFFC
Tiger Fafara,Tiger Fafara,tigerfafara,DFFC
Tiger JK,Tiger JK,tigerjk,DFFC
Tiger Jeet Singh,Tiger Jeet Singh,tigerjeetsingh,DFFC
Tiger Shroff,Tiger Shroff,tigershroff,DFFC
Tiger Smalls,Tiger Smalls,tigersmalls,DFFC
Tiger Woods,Tiger Woods,tigerwoods,DFFC
Tigmanshu Dhulia,Tigmanshu Dhulia,tigmanshudhulia,DFFC
Tigran Keosayan,Tigran Keosayan,tigrankeosayan,DFFC
Tiit Sokk,Tiit Sokk,tiitsokk,DFFC
Tika Sumpter,Tika Sumpter,tikasumpter,DFFC
Tiki Gelana,Tiki Gelana,tikigelana,DFFC
Tila Tequila,Tila Tequila,tilatequila,DFFC
Tilak Ram Tharu,Tilak Ram Tharu,tilakramtharu,DFFC
Tilda Swinton,Tilda Swinton,tildaswinton,DFFC
Tilky Jones,Tilky Jones,tilkyjones,DFFC
Tilly van der Zwaard,Tilly van der Zwaard,tillyvanderzwaard,DFFC
Tim Antalfy,Tim Antalfy,timantalfy,DFFC
Tim Armstrong,Tim Armstrong,timarmstrong,DFFC
Tim Berkel,Tim Berkel,timberkel,DFFC
Tim Blanchard,Tim Blanchard,timblanchard,DFFC
Tim Bogar,Tim Bogar,timbogar,DFFC
Tim Bogert,Tim Bogert,timbogert,DFFC
Tim Borowski,Tim Borowski,timborowski,DFFC
Tim Burton,Tim Burton,timburton,DFFC
Tim Cafe,Tim Cafe,timcafe,DFFC
Tim Cahill,Tim Cahill,timcahill,DFFC
Tim Corcoran,Tim Corcoran,timcorcoran,DFFC
Tim Daly,Tim Daly,timdaly,DFFC
Tim Deasy,Tim Deasy,timdeasy,DFFC
Tim Dobbins,Tim Dobbins,timdobbins,DFFC
Tim Erixon,Tim Erixon,timerixon,DFFC
Tim Farley,Tim Farley,timfarley,DFFC
Tim Finn,Tim Finn,timfinn,DFFC
"Tim George, Jr.","Tim George, Jr",timgeorgejr,DFFC
Tim Hamilton,Tim Hamilton,timhamilton,DFFC
Tim Hardin,Tim Hardin,timhardin,DFFC
Tim Heidecker,Tim Heidecker,timheidecker,DFFC
Tim Hoogland,Tim Hoogland,timhoogland,DFFC
Tim Hunt,Tim Hunt,timhunt,DFFC
Tim Jitloff,Tim Jitloff,timjitloff,DFFC
Tim Kelsey,Tim Kelsey,timkelsey,DFFC
Tim Lewis,Tim Lewis,timlewis,DFFC
Tim Masthay,Tim Masthay,timmasthay,DFFC
Tim McClelland,Tim McClelland,timmcclelland,DFFC
Tim Mertens,Tim Mertens,timmertens,DFFC
Tim Miller,Tim Miller,timmiller,DFFC
Tim Minear,Tim Minear,timminear,DFFC
Tim Morehouse,Tim Morehouse,timmorehouse,DFFC
Tim O'Reilly,Tim O'Reilly,timoreilly,DFFC
Tim Powers,Tim Powers,timpowers,DFFC
Tim Pütz,Tim Pütz,timptz,DFFC
Tim Raines,Tim Raines,timraines,DFFC
Tim Reid,Tim Reid,timreid,DFFC
Tim Renwick,Tim Renwick,timrenwick,DFFC
Tim Rose,Tim Rose,timrose,DFFC
Tim Russ,Tim Russ,timruss,DFFC
Tim Russert,Tim Russert,timrussert,DFFC
Tim Sale,Tim Sale,timsale,DFFC
Tim Scanlan,Tim Scanlan,timscanlan,DFFC
Tim Schafer,Tim Schafer,timschafer,DFFC
Tim Schendel,Tim Schendel,timschendel,DFFC
Tim Seaman,Tim Seaman,timseaman,DFFC
Tim Timmons,Tim Timmons,timtimmons,DFFC
Tim Urban,Tim Urban,timurban,DFFC
Tim Vesely,Tim Vesely,timvesely,DFFC
Tim Vincent,Tim Vincent,timvincent,DFFC
Tim Wakefield,Tim Wakefield,timwakefield,DFFC
Tim Ward,Tim Ward,timward,DFFC
Tim Whitnall,Tim Whitnall,timwhitnall,DFFC
Tim Wiese,Tim Wiese,timwiese,DFFC
Tim Willcox,Tim Willcox,timwillcox,DFFC
Timbuktu,Timbuktu,timbuktu,DFFC
Timmy Duggan,Timmy Duggan,timmyduggan,DFFC
Timmy Williams,Timmy Williams,timmywilliams,DFFC
Timo Boll,Timo Boll,timoboll,DFFC
Timo Furuholm,Timo Furuholm,timofuruholm,DFFC
Timo Glock,Timo Glock,timoglock,DFFC
Timo Pieni Huijaus,Timo Pieni Huijaus,timopienihuijaus,DFFC
Timo Rautiainen,Timo Rautiainen,timorautiainen,DFFC
Timo Scheider,Timo Scheider,timoscheider,DFFC
Timo Tolkki,Timo Tolkki,timotolkki,DFFC
Timon Marshall,Timon Marshall,timonmarshall,DFFC
Timothy Goebel,Timothy Goebel,timothygoebel,DFFC
Timothy Olyphant,Timothy Olyphant,timothyolyphant,DFFC
Timothy Omundson,Timothy Omundson,timothyomundson,DFFC
Timothy Spall,Timothy Spall,timothyspall,DFFC
Timur Safin,Timur Safin,timursafin,DFFC
Tina Cousins,Tina Cousins,tinacousins,DFFC
Tina Flognman,Tina Flognman,tinaflognman,DFFC
Tina George,Tina George,tinageorge,DFFC
Tina Stuerzinger,Tina Stuerzinger,tinastuerzinger,DFFC
Tina Turner,Tina Turner,tinaturner,DFFC
Tinchy Stryder,Tinchy Stryder,tinchystryder,DFFC
Tine Baun,Tine Baun,tinebaun,DFFC
Tine Rustad Kristiansen,Tine Rustad Kristiansen,tinerustadkristiansen,DFFC
Tine Thing Helseth,Tine Thing Helseth,tinethinghelseth,DFFC
Tinius Nagell-Erichsen,Tinius Nagell-Erichsen,tiniusnagellerichsen,DFFC
Tino Martinez,Tino Martinez,tinomartinez,DFFC
Tinto Brass,Tinto Brass,tintobrass,DFFC
Tiny Tim,Tiny Tim,tinytim,DFFC
Tipu Aziz,Tipu Aziz,tipuaziz,DFFC
Tirunesh Dibaba,Tirunesh Dibaba,tiruneshdibaba,DFFC
Titiyo,Titiyo,titiyo,DFFC
Tito Jackson,Tito Jackson,titojackson,DFFC
Tito Ortiz,Tito Ortiz,titoortiz,DFFC
Tito Santana,Tito Santana,titosantana,DFFC
Titti Sjöblom,Titti Sjöblom,tittisjblom,DFFC
Tiya Sircar,Tiya Sircar,tiyasircar,DFFC
To Hon To,To Hon To,tohonto,DFFC
Tobe Hooper,Tobe Hooper,tobehooper,DFFC
Tobias Eisenbauer,Tobias Eisenbauer,tobiaseisenbauer,DFFC
Tobias Enström,Tobias Enström,tobiasenstrm,DFFC
Tobias Kamke,Tobias Kamke,tobiaskamke,DFFC
Tobias Levels,Tobias Levels,tobiaslevels,DFFC
Tobias Mikkelsen,Tobias Mikkelsen,tobiasmikkelsen,DFFC
Tobias Wolff,Tobias Wolff,tobiaswolff,DFFC
Tobin Bell,Tobin Bell,tobinbell,DFFC
Tobin Heath,Tobin Heath,tobinheath,DFFC
Toby Alderweireld,Toby Alderweireld,tobyalderweireld,DFFC
Toby Dawson,Toby Dawson,tobydawson,DFFC
Toby Jones,Toby Jones,tobyjones,DFFC
Toby Kebbell,Toby Kebbell,tobykebbell,DFFC
Toby Keith,Toby Keith,tobykeith,DFFC
Toby Wilkins,Toby Wilkins,tobywilkins,DFFC
Toby Young,Toby Young,tobyyoung,DFFC
Tod Howarth,Tod Howarth,todhowarth,DFFC
Todd Banfield,Todd Banfield,toddbanfield,DFFC
Todd Bentley,Todd Bentley,toddbentley,DFFC
Todd Bertuzzi,Todd Bertuzzi,toddbertuzzi,DFFC
Todd Bridges,Todd Bridges,toddbridges,DFFC
Todd Brunson,Todd Brunson,toddbrunson,DFFC
Todd Collins,Todd Collins,toddcollins,DFFC
Todd Edwards,Todd Edwards,toddedwards,DFFC
Todd Field,Todd Field,toddfield,DFFC
Todd Grisham,Todd Grisham,toddgrisham,DFFC
Todd Haberkorn,Todd Haberkorn,toddhaberkorn,DFFC
Todd Klein,Todd Klein,toddklein,DFFC
Todd La Torre,Todd La Torre,toddlatorre,DFFC
Todd Lichti,Todd Lichti,toddlichti,DFFC
Todd Lodwick,Todd Lodwick,toddlodwick,DFFC
Todd McClure,Todd McClure,toddmcclure,DFFC
Todd Reirden,Todd Reirden,toddreirden,DFFC
Todd Rogers,Todd Rogers,toddrogers,DFFC
Todd Rundgren,Todd Rundgren,toddrundgren,DFFC
Todd Thomas,Todd Thomas,toddthomas,DFFC
Todd Weiner,Todd Weiner,toddweiner,DFFC
Todor Timonov,Todor Timonov,todortimonov,DFFC
Tokushōryū Makoto,Tokushōryū Makoto,tokushrymakoto,DFFC
Tolga Zengin,Tolga Zengin,tolgazengin,DFFC
Tom Albanese,Tom Albanese,tomalbanese,DFFC
Tom Aldred,Tom Aldred,tomaldred,DFFC
Tom Arnold,Tom Arnold,tomarnold,DFFC
Tom Bailey,Tom Bailey,tombailey,DFFC
Tom Ballard,Tom Ballard,tomballard,DFFC
Tom Berenger,Tom Berenger,tomberenger,DFFC
Tom Blomqvist,Tom Blomqvist,tomblomqvist,DFFC
Tom Bogs,Tom Bogs,tombogs,DFFC
Tom Boonen,Tom Boonen,tomboonen,DFFC
Tom Cavanagh,Tom Cavanagh,tomcavanagh,DFFC
Tom Chamberlain,Tom Chamberlain,tomchamberlain,DFFC
Tom Christiansen,Tom Christiansen,tomchristiansen,DFFC
Tom Cooper,Tom Cooper,tomcooper,DFFC
Tom Coronel,Tom Coronel,tomcoronel,DFFC
Tom Craddock,Tom Craddock,tomcraddock,DFFC
Tom Danielson,Tom Danielson,tomdanielson,DFFC
Tom Dice,Tom Dice,tomdice,DFFC
Tom Dillmann,Tom Dillmann,tomdillmann,DFFC
Tom Elliott,Tom Elliott,tomelliott,DFFC
Tom Evans,Tom Evans,tomevans,DFFC
Tom Flynn,Tom Flynn,tomflynn,DFFC
Tom Ford,Tom Ford,tomford,DFFC
Tom Frager,Tom Frager,tomfrager,DFFC
Tom Franklin,Tom Franklin,tomfranklin,DFFC
Tom Gilbert,Tom Gilbert,tomgilbert,DFFC
Tom Gleeson,Tom Gleeson,tomgleeson,DFFC
Tom Goss,Tom Goss,tomgoss,DFFC
Tom Green,Tom Green,tomgreen,DFFC
Tom Hamilton,Tom Hamilton,tomhamilton,DFFC
Tom Hanks,Tom Hanks,tomhanks,DFFC
Tom Høgli,Tom Høgli,tomhgli,DFFC
Tom Jackson,Tom Jackson,tomjackson,DFFC
Tom Johnson,Tom Johnson,tomjohnson,DFFC
Tom Kristensen,Tom Kristensen,tomkristensen,DFFC
Tom Landry,Tom Landry,tomlandry,DFFC
Tom Leykis,Tom Leykis,tomleykis,DFFC
Tom Liwa,Tom Liwa,tomliwa,DFFC
Tom Lonergan,Tom Lonergan,tomlonergan,DFFC
Tom Mack,Tom Mack,tommack,DFFC
Tom Mastny,Tom Mastny,tommastny,DFFC
Tom Meeusen,Tom Meeusen,tommeeusen,DFFC
Tom Mendoza,Tom Mendoza,tommendoza,DFFC
Tom Mison,Tom Mison,tommison,DFFC
Tom Newey,Tom Newey,tomnewey,DFFC
Tom O'Sullivan,Tom O'Sullivan,tomosullivan,DFFC
Tom Onslow-Cole,Tom Onslow-Cole,tomonslowcole,DFFC
Tom Parker Bowles,Tom Parker Bowles,tomparkerbowles,DFFC
Tom Perrotta,Tom Perrotta,tomperrotta,DFFC
Tom Persich,Tom Persich,tompersich,DFFC
Tom Peyer,Tom Peyer,tompeyer,DFFC
Tom Platt,Tom Platt,tomplatt,DFFC
Tom Pryce,Tom Pryce,tompryce,DFFC
Tom Renney,Tom Renney,tomrenney,DFFC
Tom Rosenthal,Tom Rosenthal,tomrosenthal,DFFC
Tom Schilling,Tom Schilling,tomschilling,DFFC
Tom Scholz,Tom Scholz,tomscholz,DFFC
Tom Seaver,Tom Seaver,tomseaver,DFFC
Tom Shaw,Tom Shaw,tomshaw,DFFC
Tom Sizemore,Tom Sizemore,tomsizemore,DFFC
Tom Stoppard,Tom Stoppard,tomstoppard,DFFC
Tom Sykes,Tom Sykes,tomsykes,DFFC
Tom Taiwo,Tom Taiwo,tomtaiwo,DFFC
Tom Thayer,Tom Thayer,tomthayer,DFFC
Tom Tykwer,Tom Tykwer,tomtykwer,DFFC
Tom Verducci,Tom Verducci,tomverducci,DFFC
Tom Waterhouse,Tom Waterhouse,tomwaterhouse,DFFC
Tom Watson,Tom Watson,tomwatson,DFFC
Tom Webster,Tom Webster,tomwebster,DFFC
Tom Whitehouse,Tom Whitehouse,tomwhitehouse,DFFC
Tom Wilhelmsen,Tom Wilhelmsen,tomwilhelmsen,DFFC
Tom Wilkinson,Tom Wilkinson,tomwilkinson,DFFC
Tom Wlaschiha,Tom Wlaschiha,tomwlaschiha,DFFC
Tom Woodeshick,Tom Woodeshick,tomwoodeshick,DFFC
Tom Zakrajsek,Tom Zakrajsek,tomzakrajsek,DFFC
Tom Zbikowski,Tom Zbikowski,tomzbikowski,DFFC
Tom-Jelte Slagter,Tom-Jelte Slagter,tomjelteslagter,DFFC
Tomas Gustafson,Tomas Gustafson,tomasgustafson,DFFC
Tomas Milian,Tomas Milian,tomasmilian,DFFC
Tomas Venclova,Tomas Venclova,tomasvenclova,DFFC
Tomas Young,Tomas Young,tomasyoung,DFFC
Tomasz Bednarek,Tomasz Bednarek,tomaszbednarek,DFFC
Tomasz Halicki,Tomasz Halicki,tomaszhalicki,DFFC
Tomasz Lipiński,Tomasz Lipiński,tomaszlipiski,DFFC
Tomasz Majewski,Tomasz Majewski,tomaszmajewski,DFFC
Tomasz Marczyński,Tomasz Marczyński,tomaszmarczyski,DFFC
Tomasz Mikołajczak,Tomasz Mikołajczak,tomaszmikoajczak,DFFC
Tomasz Mrowka,Tomasz Mrowka,tomaszmrowka,DFFC
Tomasz Rząsa,Tomasz Rząsa,tomaszrzsa,DFFC
Tomer Or,Tomer Or,tomeror,DFFC
Tomislav Dujmović,Tomislav Dujmović,tomislavdujmovi,DFFC
Tomm Moore,Tomm Moore,tommmoore,DFFC
Tommaso Ciampa,Tommaso Ciampa,tommasociampa,DFFC
Tommi Mäkinen,Tommi Mäkinen,tommimkinen,DFFC
Tommie Hoban,Tommie Hoban,tommiehoban,DFFC
Tommy Allsup,Tommy Allsup,tommyallsup,DFFC
Tommy Amaker,Tommy Amaker,tommyamaker,DFFC
Tommy Baldwin Jr.,Tommy Baldwin Jr,tommybaldwinjr,DFFC
Tommy Blacha,Tommy Blacha,tommyblacha,DFFC
Tommy Bond,Tommy Bond,tommybond,DFFC
Tommy Brown,Tommy Brown,tommybrown,DFFC
Tommy Chong,Tommy Chong,tommychong,DFFC
Tommy Dassalo,Tommy Dassalo,tommydassalo,DFFC
Tommy Davidson,Tommy Davidson,tommydavidson,DFFC
Tommy Fraser,Tommy Fraser,tommyfraser,DFFC
Tommy Hill,Tommy Hill,tommyhill,DFFC
Tommy Ingebrigtsen,Tommy Ingebrigtsen,tommyingebrigtsen,DFFC
Tommy Joe Martins,Tommy Joe Martins,tommyjoemartins,DFFC
Tommy John,Tommy John,tommyjohn,DFFC
Tommy Lee,Tommy Lee,tommylee,DFFC
Tommy McLain,Tommy McLain,tommymclain,DFFC
Tommy Milner,Tommy Milner,tommymilner,DFFC
Tommy Mont,Tommy Mont,tommymont,DFFC
Tommy Moore,Tommy Moore,tommymoore,DFFC
Tommy Morrison,Tommy Morrison,tommymorrison,DFFC
Tommy O'Connell,Tommy O'Connell,tommyoconnell,DFFC
Tommy Rich,Tommy Rich,tommyrich,DFFC
Tommy Robredo,Tommy Robredo,tommyrobredo,DFFC
Tommy Spurr,Tommy Spurr,tommyspurr,DFFC
Tommy Sugiarto,Tommy Sugiarto,tommysugiarto,DFFC
Tommy Vance,Tommy Vance,tommyvance,DFFC
Tommy Wright,Tommy Wright,tommywright,DFFC
Tomoaki Makino,Tomoaki Makino,tomoakimakino,DFFC
Tomohiro Ishii,Tomohiro Ishii,tomohiroishii,DFFC
Toms Skujiņš,Toms Skujiņš,tomsskuji,DFFC
Tomás Rincón,Tomás Rincón,tomsrincn,DFFC
Tomáš Enge,Tomáš Enge,tomenge,DFFC
Tomáš Hanák,Tomáš Hanák,tomhank,DFFC
Tomáš Kaberle,Tomáš Kaberle,tomkaberle,DFFC
Tomáš Kalas,Tomáš Kalas,tomkalas,DFFC
Tomáš Ujfaluši,Tomáš Ujfaluši,tomujfalui,DFFC
Tomáš Verner,Tomáš Verner,tomverner,DFFC
Toney Douglas,Toney Douglas,toneydouglas,DFFC
Toney Freeman,Toney Freeman,toneyfreeman,DFFC
Tong Jian,Tong Jian,tongjian,DFFC
Tongo Doumbia,Tongo Doumbia,tongodoumbia,DFFC
Toni Braxton,Toni Braxton,tonibraxton,DFFC
Toni Kukoč,Toni Kukoč,tonikuko,DFFC
Toni Santagata,Toni Santagata,tonisantagata,DFFC
Toni Tecuceanu,Toni Tecuceanu,tonitecuceanu,DFFC
Tonny Brochmann,Tonny Brochmann,tonnybrochmann,DFFC
Tony Bergstrom,Tony Bergstrom,tonybergstrom,DFFC
Tony Blackburn,Tony Blackburn,tonyblackburn,DFFC
Tony Bloom,Tony Bloom,tonybloom,DFFC
Tony Brown,Tony Brown,tonybrown,DFFC
Tony Cadena,Tony Cadena,tonycadena,DFFC
Tony Carter,Tony Carter,tonycarter,DFFC
Tony Cetinski,Tony Cetinski,tonycetinski,DFFC
Tony Cloninger,Tony Cloninger,tonycloninger,DFFC
Tony Compagno,Tony Compagno,tonycompagno,DFFC
Tony Corrente,Tony Corrente,tonycorrente,DFFC
Tony DiTerlizzi,Tony DiTerlizzi,tonyditerlizzi,DFFC
Tony Fiammetta,Tony Fiammetta,tonyfiammetta,DFFC
Tony Fomison,Tony Fomison,tonyfomison,DFFC
Tony Furtado,Tony Furtado,tonyfurtado,DFFC
Tony Gabriel,Tony Gabriel,tonygabriel,DFFC
Tony Gardner,Tony Gardner,tonygardner,DFFC
Tony Gilkyson,Tony Gilkyson,tonygilkyson,DFFC
Tony Granato,Tony Granato,tonygranato,DFFC
Tony Grosso,Tony Grosso,tonygrosso,DFFC
Tony Gwynn,Tony Gwynn,tonygwynn,DFFC
Tony Hackworth,Tony Hackworth,tonyhackworth,DFFC
Tony Hale,Tony Hale,tonyhale,DFFC
Tony Hayward,Tony Hayward,tonyhayward,DFFC
Tony Hey,Tony Hey,tonyhey,DFFC
Tony Hoare,Tony Hoare,tonyhoare,DFFC
Tony Hsieh,Tony Hsieh,tonyhsieh,DFFC
Tony Hurel,Tony Hurel,tonyhurel,DFFC
Tony Jerod-Eddie,Tony Jerod-Eddie,tonyjerodeddie,DFFC
Tony Kornheiser,Tony Kornheiser,tonykornheiser,DFFC
Tony Kushner,Tony Kushner,tonykushner,DFFC
Tony Law,Tony Law,tonylaw,DFFC
Tony Levin,Tony Levin,tonylevin,DFFC
Tony Lochhead,Tony Lochhead,tonylochhead,DFFC
Tony Mamaluke,Tony Mamaluke,tonymamaluke,DFFC
Tony Martin,Tony Martin,tonymartin,DFFC
Tony Oliva,Tony Oliva,tonyoliva,DFFC
Tony Orchard,Tony Orchard,tonyorchard,DFFC
Tony Oxley,Tony Oxley,tonyoxley,DFFC
Tony Pulis,Tony Pulis,tonypulis,DFFC
Tony Reali,Tony Reali,tonyreali,DFFC
Tony Renis,Tony Renis,tonyrenis,DFFC
Tony Rominger,Tony Rominger,tonyrominger,DFFC
Tony Romo,Tony Romo,tonyromo,DFFC
Tony Scheffler,Tony Scheffler,tonyscheffler,DFFC
Tony Scott,Tony Scott,tonyscott,DFFC
Tony Tarantino,Tony Tarantino,tonytarantino,DFFC
Tony Tchani,Tony Tchani,tonytchani,DFFC
Tony Trischka,Tony Trischka,tonytrischka,DFFC
Tonya Cardoza,Tonya Cardoza,tonyacardoza,DFFC
Tonya Harding,Tonya Harding,tonyaharding,DFFC
Tor Nessling,Tor Nessling,tornessling,DFFC
Tora Augestad,Tora Augestad,toraaugestad,DFFC
Toranosuke Takagi,Toranosuke Takagi,toranosuketakagi,DFFC
Torben Hoffmann,Torben Hoffmann,torbenhoffmann,DFFC
Tord Grip,Tord Grip,tordgrip,DFFC
Torey Krug,Torey Krug,toreykrug,DFFC
Tori Huster,Tori Huster,torihuster,DFFC
Tori Pena,Tori Pena,toripena,DFFC
Torii Hunter,Torii Hunter,toriihunter,DFFC
Tormod Hausken Jacobsen,Tormod Hausken Jacobsen,tormodhauskenjacobsen,DFFC
Torrey Smith,Torrey Smith,torreysmith,DFFC
Torsten Frings,Torsten Frings,torstenfrings,DFFC
Toru Terasawa,Toru Terasawa,toruterasawa,DFFC
Tory Burch,Tory Burch,toryburch,DFFC
Tory Christman,Tory Christman,torychristman,DFFC
Tory James,Tory James,toryjames,DFFC
Tosh Van der Sande,Tosh Van der Sande,toshvandersande,DFFC
Toshihiro Kaneishi,Toshihiro Kaneishi,toshihirokaneishi,DFFC
Toto Tamuz,Toto Tamuz,tototamuz,DFFC
Toumani Diabaté,Toumani Diabaté,toumanidiabat,DFFC
Toure' Murry,Toure' Murry,touremurry,DFFC
Tove Lo,Tove Lo,tovelo,DFFC
Tove Styrke,Tove Styrke,tovestyrke,DFFC
Trace Beaulieu,Trace Beaulieu,tracebeaulieu,DFFC
Tracey Emin,Tracey Emin,traceyemin,DFFC
Traci Lords,Traci Lords,tracilords,DFFC
Tracy Chapman,Tracy Chapman,tracychapman,DFFC
Tracy Fullerton,Tracy Fullerton,tracyfullerton,DFFC
Tracy Hickman,Tracy Hickman,tracyhickman,DFFC
Tracy K. Smith,Tracy K Smith,tracyksmith,DFFC
Tracy Letts,Tracy Letts,tracyletts,DFFC
Tracy McGrady,Tracy McGrady,tracymcgrady,DFFC
Tracy Reese,Tracy Reese,tracyreese,DFFC
Tracy Scoggins,Tracy Scoggins,tracyscoggins,DFFC
Trajan Langdon,Trajan Langdon,trajanlangdon,DFFC
Tranquillo Barnetta,Tranquillo Barnetta,tranquillobarnetta,DFFC
Travis Cloke,Travis Cloke,traviscloke,DFFC
Travis Hamonic,Travis Hamonic,travishamonic,DFFC
Travis Johnson,Travis Johnson,travisjohnson,DFFC
Travis Johnstone,Travis Johnstone,travisjohnstone,DFFC
Travis Kelce,Travis Kelce,traviskelce,DFFC
Travis Kvapil,Travis Kvapil,traviskvapil,DFFC
Travis LaBoy,Travis LaBoy,travislaboy,DFFC
Travis Lewis,Travis Lewis,travislewis,DFFC
Travis Lulay,Travis Lulay,travislulay,DFFC
Travis Meyer,Travis Meyer,travismeyer,DFFC
Travis Outlaw,Travis Outlaw,travisoutlaw,DFFC
Travis Pastrana,Travis Pastrana,travispastrana,DFFC
Travis Snider,Travis Snider,travissnider,DFFC
Travis Trice,Travis Trice,travistrice,DFFC
Travis Tritt,Travis Tritt,travistritt,DFFC
Travis d'Arnaud,Travis d'Arnaud,travisdarnaud,DFFC
Trell Kimmons,Trell Kimmons,trellkimmons,DFFC
Trent Cole,Trent Cole,trentcole,DFFC
Trent Edwards,Trent Edwards,trentedwards,DFFC
Trent Lehman,Trent Lehman,trentlehman,DFFC
Trent Sainsbury,Trent Sainsbury,trentsainsbury,DFFC
Trent Williams,Trent Williams,trentwilliams,DFFC
Treveon Graham,Treveon Graham,treveongraham,DFFC
Trevor Benjamin,Trevor Benjamin,trevorbenjamin,DFFC
Trevor Blackwell,Trevor Blackwell,trevorblackwell,DFFC
Trevor Bolder,Trevor Bolder,trevorbolder,DFFC
Trevor Haworth,Trevor Haworth,trevorhaworth,DFFC
Trevor Hoffman,Trevor Hoffman,trevorhoffman,DFFC
Trevor Marmalade,Trevor Marmalade,trevormarmalade,DFFC
Trevor McDonald,Trevor McDonald,trevormcdonald,DFFC
Trevor Moore,Trevor Moore,trevormoore,DFFC
Trevor Rosenthal,Trevor Rosenthal,trevorrosenthal,DFFC
Trevor Scott,Trevor Scott,trevorscott,DFFC
Trevor Williams,Trevor Williams,trevorwilliams,DFFC
Trey Burke,Trey Burke,treyburke,DFFC
Trey Gunn,Trey Gunn,treygunn,DFFC
Trey Hillman,Trey Hillman,treyhillman,DFFC
Trey Parker,Trey Parker,treyparker,DFFC
Tricia Devereaux,Tricia Devereaux,triciadevereaux,DFFC
Trijntje Oosterhuis,Trijntje Oosterhuis,trijntjeoosterhuis,DFFC
Trindon Holliday,Trindon Holliday,trindonholliday,DFFC
Trinidad James,Trinidad James,trinidadjames,DFFC
Trip Hawkins,Trip Hawkins,triphawkins,DFFC
Triple H,Triple H,tripleh,DFFC
Tris Imboden,Tris Imboden,trisimboden,DFFC
Trisha,Trisha,trisha,DFFC
Trisha Goddard,Trisha Goddard,trishagoddard,DFFC
Tristan Davis,Tristan Davis,tristandavis,DFFC
Tristan Knowles,Tristan Knowles,tristanknowles,DFFC
Tristan Thompson,Tristan Thompson,tristanthompson,DFFC
Tristan Vautier,Tristan Vautier,tristanvautier,DFFC
Tristin Mays,Tristin Mays,tristinmays,DFFC
Trixi Schuba,Trixi Schuba,trixischuba,DFFC
Trixie Whitley,Trixie Whitley,trixiewhitley,DFFC
Troy Baker,Troy Baker,troybaker,DFFC
Troy Dorsey,Troy Dorsey,troydorsey,DFFC
Troy Gentile,Troy Gentile,troygentile,DFFC
Troy Niklas,Troy Niklas,troyniklas,DFFC
Trudie Styler,Trudie Styler,trudiestyler,DFFC
Truth Martini,Truth Martini,truthmartini,DFFC
Trystan Magnuson,Trystan Magnuson,trystanmagnuson,DFFC
Trần Thị Thùy Dung,Trần Thị Thùy Dung,trnththydung,DFFC
Tsai Chin,Tsai Chin,tsaichin,DFFC
Tsai Ming-liang,Tsai Ming-liang,tsaimingliang,DFFC
Tsang Kam To,Tsang Kam To,tsangkamto,DFFC
Tsegaye Kebede,Tsegaye Kebede,tsegayekebede,DFFC
Tsimafei Kalachou,Tsimafei Kalachou,tsimafeikalachou,DFFC
Tsubasa Kuragaki,Tsubasa Kuragaki,tsubasakuragaki,DFFC
Tsunekazu Takeda,Tsunekazu Takeda,tsunekazutakeda,DFFC
Tsutomu Ohshima,Tsutomu Ohshima,tsutomuohshima,DFFC
Tuan Le,Tuan Le,tuanle,DFFC
Tucker Carlson,Tucker Carlson,tuckercarlson,DFFC
Tudor Arghezi,Tudor Arghezi,tudorarghezi,DFFC
Tuija Hyyrynen,Tuija Hyyrynen,tuijahyyrynen,DFFC
Tulisa,Tulisa,tulisa,DFFC
Tullio Pinelli,Tullio Pinelli,tulliopinelli,DFFC
Tully Blanchard,Tully Blanchard,tullyblanchard,DFFC
Tuomas Haapala,Tuomas Haapala,tuomashaapala,DFFC
Tuomo Ruutu,Tuomo Ruutu,tuomoruutu,DFFC
Turi Ferro,Turi Ferro,turiferro,DFFC
Tushar Gandhi,Tushar Gandhi,tushargandhi,DFFC
Tuts Washington,Tuts Washington,tutswashington,DFFC
Tuva Syvertsen,Tuva Syvertsen,tuvasyvertsen,DFFC
Twiggy,Twiggy,twiggy,DFFC
Twyla Tharp,Twyla Tharp,twylatharp,DFFC
Txillardegi,Txillardegi,txillardegi,DFFC
Ty Herndon,Ty Herndon,tyherndon,DFFC
Ty Tabor,Ty Tabor,tytabor,DFFC
Tyga,Tyga,tyga,DFFC
Tyger Drew-Honey,Tyger Drew-Honey,tygerdrewhoney,DFFC
"Tyler ""Telle"" Smith",Tyler Telle Smith,tylertellesmith,DFFC
Tyler Boyd,Tyler Boyd,tylerboyd,DFFC
Tyler Ennis,Tyler Ennis,tylerennis,DFFC
Tyler Glenn,Tyler Glenn,tylerglenn,DFFC
Tyler Hansbrough,Tyler Hansbrough,tylerhansbrough,DFFC
Tyler Labine,Tyler Labine,tylerlabine,DFFC
Tyler Lorenzen,Tyler Lorenzen,tylerlorenzen,DFFC
Tyler Moore,Tyler Moore,tylermoore,DFFC
Tyler Pitlick,Tyler Pitlick,tylerpitlick,DFFC
Tyler Seguin,Tyler Seguin,tylerseguin,DFFC
Tyler Shields,Tyler Shields,tylershields,DFFC
Tyler Starr,Tyler Starr,tylerstarr,DFFC
Tyler Stewart,Tyler Stewart,tylerstewart,DFFC
Tyler Thigpen,Tyler Thigpen,tylerthigpen,DFFC
Tyler Ulis,Tyler Ulis,tylerulis,DFFC
Tyler Yates,Tyler Yates,tyleryates,DFFC
Tymee,Tymee,tymee,DFFC
Tymerlan Huseynov,Tymerlan Huseynov,tymerlanhuseynov,DFFC
Tyra Banks,Tyra Banks,tyrabanks,DFFC
Tyra Misoux,Tyra Misoux,tyramisoux,DFFC
Tyrese Gibson,Tyrese Gibson,tyresegibson,DFFC
Tyrese Rice,Tyrese Rice,tyreserice,DFFC
Tyrone G. Martin,Tyrone G Martin,tyronegmartin,DFFC
Tyrone Marshall,Tyrone Marshall,tyronemarshall,DFFC
Tyrone Mings,Tyrone Mings,tyronemings,DFFC
Tyronn Lue,Tyronn Lue,tyronnlue,DFFC
Tyronne Green,Tyronne Green,tyronnegreen,DFFC
Tyrus Thomas,Tyrus Thomas,tyrusthomas,DFFC
Tyshawn Sorey,Tyshawn Sorey,tyshawnsorey,DFFC
Tyson Alualu,Tyson Alualu,tysonalualu,DFFC
Tyson Chandler,Tyson Chandler,tysonchandler,DFFC
Tyson Dux,Tyson Dux,tysondux,DFFC
Tyus Edney,Tyus Edney,tyusedney,DFFC
Tyvon Branch,Tyvon Branch,tyvonbranch,DFFC
Tzvetelina Yanchulova,Tzvetelina Yanchulova,tzvetelinayanchulova,DFFC
Téa Leoni,Téa Leoni,taleoni,DFFC
Tété,Tété,tt,DFFC
Tóc Tiên,Tóc Tiên,tctin,DFFC
Tăng Thanh Hà,Tăng Thanh Hà,tngthanhh,DFFC
U-God,U-God,ugod,DFFC
UCast,UCast,ucast,DFFC
Uasila'a Heleta,Uasila'a Heleta,uasilaaheleta,DFFC
Uberto Pasolini,Uberto Pasolini,ubertopasolini,DFFC
Ubolratana Rajakanya,Ubolratana Rajakanya,ubolratanarajakanya,DFFC
Uday Chopra,Uday Chopra,udaychopra,DFFC
Udo Bölts,Udo Bölts,udoblts,DFFC
Ueli Steck,Ueli Steck,uelisteck,DFFC
Ufuk Ceylan,Ufuk Ceylan,ufukceylan,DFFC
Ufuk Sarıca,Ufuk Sarıca,ufuksarca,DFFC
Uga Okpara,Uga Okpara,ugaokpara,DFFC
Ukamaka Olisakwe,Ukamaka Olisakwe,ukamakaolisakwe,DFFC
Ulan Konysbayev,Ulan Konysbayev,ulankonysbayev,DFFC
Uli Stielike,Uli Stielike,ulistielike,DFFC
Ulla Jones,Ulla Jones,ullajones,DFFC
Ulla Zirne,Ulla Zirne,ullazirne,DFFC
Ulrik Neumann,Ulrik Neumann,ulrikneumann,DFFC
UltraMantis Black,UltraMantis Black,ultramantisblack,DFFC
Uma Thurman,Uma Thurman,umathurman,DFFC
Umaga,Umaga,umaga,DFFC
Umberto Eco,Umberto Eco,umbertoeco,DFFC
Umesh Yadav,Umesh Yadav,umeshyadav,DFFC
Umut Bulut,Umut Bulut,umutbulut,DFFC
Una Healy,Una Healy,unahealy,DFFC
Una Morris,Una Morris,unamorris,DFFC
Unai Osa,Unai Osa,unaiosa,DFFC
Uncle Kracker,Uncle Kracker,unclekracker,DFFC
Unkle Nancy,Unkle Nancy,unklenancy,DFFC
Unoosha,Unoosha,unoosha,DFFC
Urassaya Sperbund,Urassaya Sperbund,urassayasperbund,DFFC
Uri Fink,Uri Fink,urifink,DFFC
Urige Buta,Urige Buta,urigebuta,DFFC
Urmas Tartes,Urmas Tartes,urmastartes,DFFC
Uroš Lučić,Uroš Lučić,urolui,DFFC
Uroš Nikolić,Uroš Nikolić,uronikoli,DFFC
Urs A. Meyer,Urs A Meyer,ursameyer,DFFC
Urs Bühler,Urs Bühler,ursbhler,DFFC
Ursula Meier,Ursula Meier,ursulameier,DFFC
Urszula Radwańska,Urszula Radwańska,urszularadwaska,DFFC
Urša Pintar,Urša Pintar,urapintar,DFFC
Usain Bolt,Usain Bolt,usainbolt,DFFC
Usama Young,Usama Young,usamayoung,DFFC
User talk:Don ayo,User talk:Don ayo,usertalkdonayo,DFFC
User talk:KIRAN SUBHASH KHARAT,User talk:KIRAN SUBHASH KHARAT,usertalkkiransubhashkharat,DFFC
User talk:Mgeoffrey/sandbox,User talk:Mgeoffrey/sandbox,usertalkmgeoffreysandbox,DFFC
User talk:Rocket.Man24,User talk:RocketMan24,usertalkrocketman24,DFFC
User:Aliaabhatt,User:Aliaabhatt,useraliaabhatt,DFFC
User:Amika Shail,User:Amika Shail,useramikashail,DFFC
User:Anasahmadkhan007,User:Anasahmadkhan007,useranasahmadkhan007,DFFC
User:Atban3000/sandbox/Joey Barton,User:Atban3000/sandbox/Joey Barton,useratban3000sandboxjoeybarton,DFFC
User:Atulkrmisra/sandbox,User:Atulkrmisra/sandbox,useratulkrmisrasandbox,DFFC
User:Avenue 51/Michael Jackson,User:Avenue 51/Michael Jackson,useravenue51michaeljackson,DFFC
User:Bill william compton/Mary Kom,User:Bill william compton/Mary Kom,userbillwilliamcomptonmarykom,DFFC
User:CarmenChu1/sandbox,User:CarmenChu1/sandbox,usercarmenchu1sandbox,DFFC
User:CesareAngelotti/sandbox0,User:CesareAngelotti/sandbox0,usercesareangelottisandbox0,DFFC
User:Coda-fy/sandbox,User:Coda-fy/sandbox,usercodafysandbox,DFFC
User:Colette work/Freaky Clown,User:Colette work/Freaky Clown,usercoletteworkfreakyclown,DFFC
User:Cooldude7787/Sandbox,User:Cooldude7787/Sandbox,usercooldude7787sandbox,DFFC
User:DONDO/sandbox,User:DONDO/sandbox,userdondosandbox,DFFC
User:Dheerajbhatkm/sandbox,User:Dheerajbhatkm/sandbox,userdheerajbhatkmsandbox,DFFC
User:Emirotheshakes,User:Emirotheshakes,useremirotheshakes,DFFC
User:Epicurus78/Emery Emery,User:Epicurus78/Emery Emery,userepicurus78emeryemery,DFFC
User:EtienneDolet/Homer Lafian,User:EtienneDolet/Homer Lafian,useretiennedolethomerlafian,DFFC
User:Flissjagger/sandbox,User:Flissjagger/sandbox,userflissjaggersandbox,DFFC
User:GDubuc,User:GDubuc,usergdubuc,DFFC
User:Gabinho/Sandbox/Tennis stuff/Diana Buzean,User:Gabinho/Sandbox/Tennis stuff/Diana Buzean,usergabinhosandboxtennisstuffdianabuzean,DFFC
User:Gabinho/Sandbox/Tennis stuff/Laura-Ioana Andrei,User:Gabinho/Sandbox/Tennis stuff/Laura-Ioana Andrei,usergabinhosandboxtennisstufflauraioanaandrei,DFFC
User:Geddirala sanjeevarayudu,User:Geddirala sanjeevarayudu,usergeddiralasanjeevarayudu,DFFC
User:Gozel/kobe,User:Gozel/kobe,usergozelkobe,DFFC
User:Huligan0/Mohamed Elneny,User:Huligan0/Mohamed Elneny,userhuligan0mohamedelneny,DFFC
User:Jamekae/sandbox,User:Jamekae/sandbox,userjamekaesandbox,DFFC
User:Jaynelly66/sandbox,User:Jaynelly66/sandbox,userjaynelly66sandbox,DFFC
User:Johnaemeth/sandbox,User:Johnaemeth/sandbox,userjohnaemethsandbox,DFFC
User:JonPoley/Henry,User:JonPoley/Henry,userjonpoleyhenry,DFFC
User:Khamar/Draft article on Jerry Coyne,User:Khamar/Draft article on Jerry Coyne,userkhamardraftarticleonjerrycoyne,DFFC
User:KuNsT716/sandbox,User:KuNsT716/sandbox,userkunst716sandbox,DFFC
User:Laurencarr24/caroltavris,User:Laurencarr24/caroltavris,userlaurencarr24caroltavris,DFFC
User:Lee A. Christie/Penn Jillette,User:Lee A Christie/Penn Jillette,userleeachristiepennjillette,DFFC
User:Lincolnchan98/Sandbox,User:Lincolnchan98/Sandbox,userlincolnchan98sandbox,DFFC
User:MAHESH BABU ILEANA D'CRUZ,User:MAHESH BABU ILEANA D'CRUZ,usermaheshbabuileanadcruz,DFFC
User:Michael Dorfman,User:Michael Dorfman,usermichaeldorfman,DFFC
User:Migrations~enwiki/Leo Igwe,User:Migrations~enwiki/Leo Igwe,usermigrationsenwikileoigwe,DFFC
User:Miss X-Factor/Samantha Jade,User:Miss X-Factor/Samantha Jade,usermissxfactorsamanthajade,DFFC
User:Monroe St. Charles,User:Monroe St Charles,usermonroestcharles,DFFC
User:NinjaDX562/sandbox,User:NinjaDX562/sandbox,userninjadx562sandbox,DFFC
User:Raja Hashan Laskar/sandbox,User:Raja Hashan Laskar/sandbox,userrajahashanlaskarsandbox,DFFC
User:RobBertholf/sandbox,User:RobBertholf/sandbox,userrobbertholfsandbox,DFFC
User:Rogerreynolds/sandbox,User:Rogerreynolds/sandbox,userrogerreynoldssandbox,DFFC
User:Rpnpbr/sandbox,User:Rpnpbr/sandbox,userrpnpbrsandbox,DFFC
User:SSEEGGilbert/Dan Ariely,User:SSEEGGilbert/Dan Ariely,usersseeggilbertdanariely,DFFC
User:STRAG TENNYSON,User:STRAG TENNYSON,userstragtennyson,DFFC
User:Sachin dubey varanasi,User:Sachin dubey varanasi,usersachindubeyvaranasi,DFFC
User:Sajukiju,User:Sajukiju,usersajukiju,DFFC
User:Sajukiju/sandbox,User:Sajukiju/sandbox,usersajukijusandbox,DFFC
User:Sgerbic/Tom Flynn,User:Sgerbic/Tom Flynn,usersgerbictomflynn,DFFC
User:Shettena/sandbox,User:Shettena/sandbox,usershettenasandbox,DFFC
User:Shlomif/Tom Christiansen,User:Shlomif/Tom Christiansen,usershlomiftomchristiansen,DFFC
User:Siddhant Agrahari,User:Siddhant Agrahari,usersiddhantagrahari,DFFC
User:Skeletonl234/sandbox,User:Skeletonl234/sandbox,userskeletonl234sandbox,DFFC
User:Soundwaweserb/sandbox,User:Soundwaweserb/sandbox,usersoundwaweserbsandbox,DFFC
User:Spiros Kalogiannis/Harry Varthakouris,User:Spiros Kalogiannis/Harry Varthakouris,userspiroskalogiannisharryvarthakouris,DFFC
User:ThatBrownLady/sandbox,User:ThatBrownLady/sandbox,userthatbrownladysandbox,DFFC
User:Tiller54/Music career of Christopher Lee,User:Tiller54/Music career of Christopher Lee,usertiller54musiccareerofchristopherlee,DFFC
User:WWB Too/Domonique Foxworth,User:WWB Too/Domonique Foxworth,userwwbtoodomoniquefoxworth,DFFC
User:Wd497311/sandbox,User:Wd497311/sandbox,userwd497311sandbox,DFFC
User:Wisconsin dormouse/Mary Hood,User:Wisconsin dormouse/Mary Hood,userwisconsindormousemaryhood,DFFC
User:Yesiamhe/sandbox,User:Yesiamhe/sandbox,useryesiamhesandbox,DFFC
User:Zaidkhan5426,User:Zaidkhan5426,userzaidkhan5426,DFFC
Uwe Seeler,Uwe Seeler,uweseeler,DFFC
Uwe Timm,Uwe Timm,uwetimm,DFFC
Uyên Linh,Uyên Linh,uynlinh,DFFC
Uğur Demirok,Uğur Demirok,uurdemirok,DFFC
Uğur Yücel,Uğur Yücel,uurycel,DFFC
Uģis Prauliņš,Uģis Prauliņš,uisprauli,DFFC
V V Brown,V V Brown,vvbrown,DFFC
V. Trygve Jordahl,V Trygve Jordahl,vtrygvejordahl,DFFC
Vaani Kapoor,Vaani Kapoor,vaanikapoor,DFFC
Vadim Demidov,Vadim Demidov,vadimdemidov,DFFC
Vadim Selyukin,Vadim Selyukin,vadimselyukin,DFFC
Vadim Steklov,Vadim Steklov,vadimsteklov,DFFC
Vadim Tarasov,Vadim Tarasov,vadimtarasov,DFFC
Vadims Vasiļevskis,Vadims Vasiļevskis,vadimsvasievskis,DFFC
Vadzim Makhneu,Vadzim Makhneu,vadzimmakhneu,DFFC
Vagif Javadov,Vagif Javadov,vagifjavadov,DFFC
Vakhtang Kapanadze,Vakhtang Kapanadze,vakhtangkapanadze,DFFC
Val Kilmer,Val Kilmer,valkilmer,DFFC
Valdet Rama,Valdet Rama,valdetrama,DFFC
Valentijn Lietmeijer,Valentijn Lietmeijer,valentijnlietmeijer,DFFC
Valentin Filatov,Valentin Filatov,valentinfilatov,DFFC
Valentina Kozlovskaya,Valentina Kozlovskaya,valentinakozlovskaya,DFFC
Valentina Savchenkova,Valentina Savchenkova,valentinasavchenkova,DFFC
Valentina Tereshkova,Valentina Tereshkova,valentinatereshkova,DFFC
Valeri Bojinov,Valeri Bojinov,valeribojinov,DFFC
Valeri Dolinin,Valeri Dolinin,valeridolinin,DFFC
Valeri Kamensky,Valeri Kamensky,valerikamensky,DFFC
Valeria Kleiner,Valeria Kleiner,valeriakleiner,DFFC
Valeria Kudryavtseva,Valeria Kudryavtseva,valeriakudryavtseva,DFFC
Valeria Patiuk,Valeria Patiuk,valeriapatiuk,DFFC
Valeria Zenkova,Valeria Zenkova,valeriazenkova,DFFC
Valerie Azlynn,Valerie Azlynn,valerieazlynn,DFFC
Valerie French,Valerie French,valeriefrench,DFFC
Valerie Harper,Valerie Harper,valerieharper,DFFC
Valerio Aspromonte,Valerio Aspromonte,valerioaspromonte,DFFC
Valerio Evangelisti,Valerio Evangelisti,valerioevangelisti,DFFC
Valerio Fiori,Valerio Fiori,valeriofiori,DFFC
Valerio Verre,Valerio Verre,valerioverre,DFFC
Valery Chaplygin,Valery Chaplygin,valerychaplygin,DFFC
Valery Kichin,Valery Kichin,valerykichin,DFFC
Valeska Saab,Valeska Saab,valeskasaab,DFFC
Valon Behrami,Valon Behrami,valonbehrami,DFFC
Valérie Benguigui,Valérie Benguigui,valriebenguigui,DFFC
Valérie Kaprisky,Valérie Kaprisky,valriekaprisky,DFFC
Valérie Marcoux,Valérie Marcoux,valriemarcoux,DFFC
Valérie Sajdik,Valérie Sajdik,valriesajdik,DFFC
Van C. Mow,Van C Mow,vancmow,DFFC
Van Hammer,Van Hammer,vanhammer,DFFC
Van Hunt,Van Hunt,vanhunt,DFFC
Van Morrison,Van Morrison,vanmorrison,DFFC
Vance Joy,Vance Joy,vancejoy,DFFC
Vance Martin,Vance Martin,vancemartin,DFFC
Vanessa Angel,Vanessa Angel,vanessaangel,DFFC
Vanessa Boslak,Vanessa Boslak,vanessaboslak,DFFC
Vanessa Crone,Vanessa Crone,vanessacrone,DFFC
Vanessa Hudgens,Vanessa Hudgens,vanessahudgens,DFFC
Vanessa James,Vanessa James,vanessajames,DFFC
Vanessa Kerry,Vanessa Kerry,vanessakerry,DFFC
Vanessa L. Williams,Vanessa L Williams,vanessalwilliams,DFFC
Vanessa Lam,Vanessa Lam,vanessalam,DFFC
Vanessa Lóes,Vanessa Lóes,vanessales,DFFC
Vanessa Marshall,Vanessa Marshall,vanessamarshall,DFFC
Vanessa Petruo,Vanessa Petruo,vanessapetruo,DFFC
Vanessa Redgrave,Vanessa Redgrave,vanessaredgrave,DFFC
Vani Hari,Vani Hari,vanihari,DFFC
Vaniity,Vaniity,vaniity,DFFC
Vano Yantbelidze,Vano Yantbelidze,vanoyantbelidze,DFFC
Vardan Petrosyan,Vardan Petrosyan,vardanpetrosyan,DFFC
Varsha Usgaonkar,Varsha Usgaonkar,varshausgaonkar,DFFC
Varuzhan Akobian,Varuzhan Akobian,varuzhanakobian,DFFC
Varvara Lepchenko,Varvara Lepchenko,varvaralepchenko,DFFC
Varvara Zubova,Varvara Zubova,varvarazubova,DFFC
Vasili Berezutski,Vasili Berezutski,vasiliberezutski,DFFC
Vasili Kulkov,Vasili Kulkov,vasilikulkov,DFFC
Vasilios Kotronias,Vasilios Kotronias,vasilioskotronias,DFFC
Vasily Shumov,Vasily Shumov,vasilyshumov,DFFC
Vasily Varlakov,Vasily Varlakov,vasilyvarlakov,DFFC
Vasja Bajc,Vasja Bajc,vasjabajc,DFFC
Vassil Evtimov,Vassil Evtimov,vassilevtimov,DFFC
Vassiliki Vougiouka,Vassiliki Vougiouka,vassilikivougiouka,DFFC
Vasyl Kobin,Vasyl Kobin,vasylkobin,DFFC
Vaughan Jones,Vaughan Jones,vaughanjones,DFFC
Vaughn Chipeur,Vaughn Chipeur,vaughnchipeur,DFFC
Vedran Smailović,Vedran Smailović,vedransmailovi,DFFC
Vedran Ćorluka,Vedran Ćorluka,vedranorluka,DFFC
Veerle Dejaeghere,Veerle Dejaeghere,veerledejaeghere,DFFC
Vegar Eggen Hedenstad,Vegar Eggen Hedenstad,vegareggenhedenstad,DFFC
Velvet Sky,Velvet Sky,velvetsky,DFFC
Veniamin Reshetnikov,Veniamin Reshetnikov,veniaminreshetnikov,DFFC
Venus Palermo,Venus Palermo,venuspalermo,DFFC
Vera Bazarova,Vera Bazarova,verabazarova,DFFC
Vera Begić,Vera Begić,verabegi,DFFC
Vera Lewis,Vera Lewis,veralewis,DFFC
Verdine White,Verdine White,verdinewhite,DFFC
Verena Aschauer,Verena Aschauer,verenaaschauer,DFFC
Verena Faißt,Verena Faißt,verenafait,DFFC
Verena Sailer,Verena Sailer,verenasailer,DFFC
Verena Stuffer,Verena Stuffer,verenastuffer,DFFC
Verity Lambert,Verity Lambert,veritylambert,DFFC
Vernon Philander,Vernon Philander,vernonphilander,DFFC
Vernon Small,Vernon Small,vernonsmall,DFFC
Veronica Bonilla,Veronica Bonilla,veronicabonilla,DFFC
Veronica Ferres,Veronica Ferres,veronicaferres,DFFC
Veronica Rayne,Veronica Rayne,veronicarayne,DFFC
Veronica Roth,Veronica Roth,veronicaroth,DFFC
Veronika Bauer,Veronika Bauer,veronikabauer,DFFC
Veronique Labonte,Veronique Labonte,veroniquelabonte,DFFC
Verónica Boquete,Verónica Boquete,vernicaboquete,DFFC
Verónica Sánchez,Verónica Sánchez,vernicasnchez,DFFC
Vesna Fabjan,Vesna Fabjan,vesnafabjan,DFFC
Vestal Goodman,Vestal Goodman,vestalgoodman,DFFC
Vi Redd,Vi Redd,viredd,DFFC
Viacheslav Fetisov,Viacheslav Fetisov,viacheslavfetisov,DFFC
Viacheslav Kravtsov,Viacheslav Kravtsov,viacheslavkravtsov,DFFC
Vic Elford,Vic Elford,vicelford,DFFC
Vic Galloway,Vic Galloway,vicgalloway,DFFC
Vic Mensa,Vic Mensa,vicmensa,DFFC
Vic Raschi,Vic Raschi,vicraschi,DFFC
Vicente Guaita,Vicente Guaita,vicenteguaita,DFFC
Vicki Brown,Vicki Brown,vickibrown,DFFC
Vicki Chase,Vicki Chase,vickichase,DFFC
Vicki Michelle,Vicki Michelle,vickimichelle,DFFC
Vicki Whitelaw,Vicki Whitelaw,vickiwhitelaw,DFFC
Vickie Guerrero,Vickie Guerrero,vickieguerrero,DFFC
Vickiel Vaughn,Vickiel Vaughn,vickielvaughn,DFFC
Vicky Hurst,Vicky Hurst,vickyhurst,DFFC
Vicky Piria,Vicky Piria,vickypiria,DFFC
Vicky Vette,Vicky Vette,vickyvette,DFFC
Victin Ryan,Victin Ryan,victinryan,DFFC
Victor Ciocâltea,Victor Ciocâltea,victorciocltea,DFFC
Victor Edelstein,Victor Edelstein,victoredelstein,DFFC
Victor Forsythe,Victor Forsythe,victorforsythe,DFFC
Victor Hedman,Victor Hedman,victorhedman,DFFC
Victor Khryapa,Victor Khryapa,victorkhryapa,DFFC
Victor Obinna,Victor Obinna,victorobinna,DFFC
Victor Oreskovich,Victor Oreskovich,victororeskovich,DFFC
Victor Ortiz,Victor Ortiz,victorortiz,DFFC
Victor Ramdin,Victor Ramdin,victorramdin,DFFC
Victor Roache,Victor Roache,victorroache,DFFC
Victor Salva,Victor Salva,victorsalva,DFFC
Victor Skumin,Victor Skumin,victorskumin,DFFC
Victor Terrazas,Victor Terrazas,victorterrazas,DFFC
Victor Villaseñor,Victor Villaseñor,victorvillaseor,DFFC
Victor Williams,Victor Williams,victorwilliams,DFFC
Victoria Atkin,Victoria Atkin,victoriaatkin,DFFC
Victoria Beckham,Victoria Beckham,victoriabeckham,DFFC
Victoria Derbyshire,Victoria Derbyshire,victoriaderbyshire,DFFC
Victoria Larrière,Victoria Larrière,victorialarrire,DFFC
Victoria Padial,Victoria Padial,victoriapadial,DFFC
Victoria Paris,Victoria Paris,victoriaparis,DFFC
Victoria Pendergast,Victoria Pendergast,victoriapendergast,DFFC
Victoria Pendleton,Victoria Pendleton,victoriapendleton,DFFC
Victoria Recaño,Victoria Recaño,victoriarecao,DFFC
Victoria Reggie Kennedy,Victoria Reggie Kennedy,victoriareggiekennedy,DFFC
Victoria Silvstedt,Victoria Silvstedt,victoriasilvstedt,DFFC
Victoria Tennant,Victoria Tennant,victoriatennant,DFFC
Victoria Williams,Victoria Williams,victoriawilliams,DFFC
Vid Belec,Vid Belec,vidbelec,DFFC
Vidal Hazelton,Vidal Hazelton,vidalhazelton,DFFC
Vidya Balan,Vidya Balan,vidyabalan,DFFC
Vidya Malvade,Vidya Malvade,vidyamalvade,DFFC
Vidyut Jamwal,Vidyut Jamwal,vidyutjamwal,DFFC
Vieirinha,Vieirinha,vieirinha,DFFC
Vijay Govindarajan,Vijay Govindarajan,vijaygovindarajan,DFFC
Vijay Patkar,Vijay Patkar,vijaypatkar,DFFC
Vijay Shankar,Vijay Shankar,vijayshankar,DFFC
Viju Khote,Viju Khote,vijukhote,DFFC
Vik Muniz,Vik Muniz,vikmuniz,DFFC
Vikas Khanna,Vikas Khanna,vikaskhanna,DFFC
Vikram Pandit,Vikram Pandit,vikrampandit,DFFC
Vikram Singh,Vikram Singh,vikramsingh,DFFC
Vikramaditya Motwane,Vikramaditya Motwane,vikramadityamotwane,DFFC
Viktor Alexandrov,Viktor Alexandrov,viktoralexandrov,DFFC
Viktor Frisk,Viktor Frisk,viktorfrisk,DFFC
Viktor Kravchenko,Viktor Kravchenko,viktorkravchenko,DFFC
Viktor Lazlo,Viktor Lazlo,viktorlazlo,DFFC
Viktor Maslov,Viktor Maslov,viktormaslov,DFFC
Viktor Onopko,Viktor Onopko,viktoronopko,DFFC
Viktor Petrenko,Viktor Petrenko,viktorpetrenko,DFFC
Viktor Troicki,Viktor Troicki,viktortroicki,DFFC
Viktoria Kavaliova,Viktoria Kavaliova,viktoriakavaliova,DFFC
Viktoria Rebensburg,Viktoria Rebensburg,viktoriarebensburg,DFFC
Viktoria Volchkova,Viktoria Volchkova,viktoriavolchkova,DFFC
Viktoriya Tolstoganova,Viktoriya Tolstoganova,viktoriyatolstoganova,DFFC
Viktoriya Tomova,Viktoriya Tomova,viktoriyatomova,DFFC
Vilija Matačiūnaitė,Vilija Matačiūnaitė,vilijamatainait,DFFC
Ville Lajunen,Ville Lajunen,villelajunen,DFFC
Vin Scully,Vin Scully,vinscully,DFFC
Vince Alascia,Vince Alascia,vincealascia,DFFC
Vince Ferragamo,Vince Ferragamo,vinceferragamo,DFFC
Vince Gibson,Vince Gibson,vincegibson,DFFC
Vince Lia,Vince Lia,vincelia,DFFC
Vince Offer,Vince Offer,vinceoffer,DFFC
Vince Russo,Vince Russo,vincerusso,DFFC
Vince Vaughn,Vince Vaughn,vincevaughn,DFFC
Vince Vouyer,Vince Vouyer,vincevouyer,DFFC
Vincent Aboubakar,Vincent Aboubakar,vincentaboubakar,DFFC
Vincent Candela,Vincent Candela,vincentcandela,DFFC
Vincent Caso,Vincent Caso,vincentcaso,DFFC
Vincent Casse,Vincent Casse,vincentcasse,DFFC
Vincent Cassel,Vincent Cassel,vincentcassel,DFFC
Vincent Connare,Vincent Connare,vincentconnare,DFFC
Vincent De Paul,Vincent De Paul,vincentdepaul,DFFC
Vincent Elbaz,Vincent Elbaz,vincentelbaz,DFFC
Vincent Enyeama,Vincent Enyeama,vincentenyeama,DFFC
Vincent Hancock,Vincent Hancock,vincenthancock,DFFC
Vincent Hughes,Vincent Hughes,vincenthughes,DFFC
Vincent Jackson,Vincent Jackson,vincentjackson,DFFC
Vincent Jérôme,Vincent Jérôme,vincentjrme,DFFC
Vincent Klink,Vincent Klink,vincentklink,DFFC
Vincent Martella,Vincent Martella,vincentmartella,DFFC
Vincent Moon,Vincent Moon,vincentmoon,DFFC
Vincent Nguyen,Vincent Nguyen,vincentnguyen,DFFC
Vincent Schiavelli,Vincent Schiavelli,vincentschiavelli,DFFC
Vincent Trocheck,Vincent Trocheck,vincenttrocheck,DFFC
Vincenza Sicari,Vincenza Sicari,vincenzasicari,DFFC
Vincenzo Montella,Vincenzo Montella,vincenzomontella,DFFC
Vincenzo Nibali,Vincenzo Nibali,vincenzonibali,DFFC
Vinnie Dombroski,Vinnie Dombroski,vinniedombroski,DFFC
Vinnie Kilduff,Vinnie Kilduff,vinniekilduff,DFFC
Vinnie Yablonski,Vinnie Yablonski,vinnieyablonski,DFFC
Vinny Del Negro,Vinny Del Negro,vinnydelnegro,DFFC
Vinny Paz,Vinny Paz,vinnypaz,DFFC
Vinny Testaverde,Vinny Testaverde,vinnytestaverde,DFFC
Vinod Khanna,Vinod Khanna,vinodkhanna,DFFC
Vinod Rai,Vinod Rai,vinodrai,DFFC
Vinston Painter,Vinston Painter,vinstonpainter,DFFC
Vint Cerf,Vint Cerf,vintcerf,DFFC
Violeta Ayala,Violeta Ayala,violetaayala,DFFC
Virgil Green,Virgil Green,virgilgreen,DFFC
Virgil Griffith,Virgil Griffith,virgilgriffith,DFFC
"Virgil L. Hill, Jr.","Virgil L Hill, Jr",virgillhilljr,DFFC
Virgil Nemoianu,Virgil Nemoianu,virgilnemoianu,DFFC
Virginia Heinlein,Virginia Heinlein,virginiaheinlein,DFFC
Virginia Stroud,Virginia Stroud,virginiastroud,DFFC
Virginie Dedieu,Virginie Dedieu,virginiededieu,DFFC
Virginie Ledoyen,Virginie Ledoyen,virginieledoyen,DFFC
Virginie Razzano,Virginie Razzano,virginierazzano,DFFC
Virna Lisi,Virna Lisi,virnalisi,DFFC
Virpi Sarasvuo,Virpi Sarasvuo,virpisarasvuo,DFFC
Vishvesh Parmar,Vishvesh Parmar,vishveshparmar,DFFC
Vishwesha Teertha,Vishwesha Teertha,vishweshateertha,DFFC
Vita Nel,Vita Nel,vitanel,DFFC
Vital Borkelmans,Vital Borkelmans,vitalborkelmans,DFFC
Vital Kamerhe,Vital Kamerhe,vitalkamerhe,DFFC
Vitali Astakhov,Vitali Astakhov,vitaliastakhov,DFFC
Vitali Butikov,Vitali Butikov,vitalibutikov,DFFC
Vitali Luchanok,Vitali Luchanok,vitaliluchanok,DFFC
Vitali Sazonets,Vitali Sazonets,vitalisazonets,DFFC
Vitali Vakunov,Vitali Vakunov,vitalivakunov,DFFC
Vitaliy Denisov,Vitaliy Denisov,vitaliydenisov,DFFC
Vitaliy Shafar,Vitaliy Shafar,vitaliyshafar,DFFC
Vitaly Gurkov,Vitaly Gurkov,vitalygurkov,DFFC
Vito Antuofermo,Vito Antuofermo,vitoantuofermo,DFFC
Vitolo,Vitolo,vitolo,DFFC
Vitorino Antunes,Vitorino Antunes,vitorinoantunes,DFFC
Vittorio Giardino,Vittorio Giardino,vittoriogiardino,DFFC
Vittorio Parigini,Vittorio Parigini,vittorioparigini,DFFC
Viv Albertine,Viv Albertine,vivalbertine,DFFC
Viv Michie,Viv Michie,vivmichie,DFFC
Vivek Mushran,Vivek Mushran,vivekmushran,DFFC
Vivian Bullwinkel,Vivian Bullwinkel,vivianbullwinkel,DFFC
Vivian Cheruiyot,Vivian Cheruiyot,viviancheruiyot,DFFC
Vivica Genaux,Vivica Genaux,vivicagenaux,DFFC
Vivienne Westwood,Vivienne Westwood,viviennewestwood,DFFC
Vjekoslav Klaić,Vjekoslav Klaić,vjekoslavklai,DFFC
Vlad Chiricheș,Vlad Chiricheș,vladchiriche,DFFC
Vlada Divljan,Vlada Divljan,vladadivljan,DFFC
Vlade Divac,Vlade Divac,vladedivac,DFFC
Vladimir Anisimoff,Vladimir Anisimoff,vladimiranisimoff,DFFC
Vladimir Bartol,Vladimir Bartol,vladimirbartol,DFFC
Vladimir Beschastnykh,Vladimir Beschastnykh,vladimirbeschastnykh,DFFC
Vladimir Bouchler,Vladimir Bouchler,vladimirbouchler,DFFC
Vladimir Chagin,Vladimir Chagin,vladimirchagin,DFFC
Vladimir Dyadyun,Vladimir Dyadyun,vladimirdyadyun,DFFC
Vladimir Etush,Vladimir Etush,vladimiretush,DFFC
Vladimir Fedoseev,Vladimir Fedoseev,vladimirfedoseev,DFFC
Vladimir Gabulov,Vladimir Gabulov,vladimirgabulov,DFFC
Vladimir Gazzayev,Vladimir Gazzayev,vladimirgazzayev,DFFC
Vladimir Gogberashvili,Vladimir Gogberashvili,vladimirgogberashvili,DFFC
Vladimir Gorodetski,Vladimir Gorodetski,vladimirgorodetski,DFFC
Vladimir Guerrero,Vladimir Guerrero,vladimirguerrero,DFFC
Vladimir Gustov,Vladimir Gustov,vladimirgustov,DFFC
Vladimir Kamantsev,Vladimir Kamantsev,vladimirkamantsev,DFFC
Vladimir Khozin,Vladimir Khozin,vladimirkhozin,DFFC
Vladimir Koman,Vladimir Koman,vladimirkoman,DFFC
Vladimir Kotin,Vladimir Kotin,vladimirkotin,DFFC
Vladimir Kramnik,Vladimir Kramnik,vladimirkramnik,DFFC
Vladimir Krupin,Vladimir Krupin,vladimirkrupin,DFFC
Vladimir Kvachkov,Vladimir Kvachkov,vladimirkvachkov,DFFC
Vladimir Lisin,Vladimir Lisin,vladimirlisin,DFFC
Vladimir Litvinenko,Vladimir Litvinenko,vladimirlitvinenko,DFFC
Vladimir Malaniuk,Vladimir Malaniuk,vladimirmalaniuk,DFFC
Vladimir Melanin,Vladimir Melanin,vladimirmelanin,DFFC
Vladimir Ponomaryov,Vladimir Ponomaryov,vladimirponomaryov,DFFC
Vladimir Potkin,Vladimir Potkin,vladimirpotkin,DFFC
Vladimir Radmanović,Vladimir Radmanović,vladimirradmanovi,DFFC
Vladimir Samsonov,Vladimir Samsonov,vladimirsamsonov,DFFC
Vladimir Stojković,Vladimir Stojković,vladimirstojkovi,DFFC
Vladimir Sviridov,Vladimir Sviridov,vladimirsviridov,DFFC
Vladimir Tkachev,Vladimir Tkachev,vladimirtkachev,DFFC
Vladimir Vladimirovich Tatarchuk,Vladimir Vladimirovich Tatarchuk,vladimirvladimirovichtatarchuk,DFFC
Vladimir Volkov,Vladimir Volkov,vladimirvolkov,DFFC
Vladimir Vukićević,Vladimir Vukićević,vladimirvukievi,DFFC
Vladimir Zuev,Vladimir Zuev,vladimirzuev,DFFC
Vladimir Štimac,Vladimir Štimac,vladimirtimac,DFFC
Vladislav Nevednichy,Vladislav Nevednichy,vladislavnevednichy,DFFC
Vladislav Tkachiev,Vladislav Tkachiev,vladislavtkachiev,DFFC
Vladlen Yurchenko,Vladlen Yurchenko,vladlenyurchenko,DFFC
Vladyslav Yama,Vladyslav Yama,vladyslavyama,DFFC
Vlastimil Třešňák,Vlastimil Třešňák,vlastimiltek,DFFC
Vlatko Grozdanoski,Vlatko Grozdanoski,vlatkogrozdanoski,DFFC
Vogue Williams,Vogue Williams,voguewilliams,DFFC
Vojtěch Engelmann,Vojtěch Engelmann,vojtchengelmann,DFFC
Volador Jr.,Volador Jr,voladorjr,DFFC
Volha Sudarava,Volha Sudarava,volhasudarava,DFFC
Volker Pispers,Volker Pispers,volkerpispers,DFFC
Volney Peters,Volney Peters,volneypeters,DFFC
Volodimir Levin,Volodimir Levin,volodimirlevin,DFFC
Volodymir Hustov,Volodymir Hustov,volodymirhustov,DFFC
Volodymyr Holubnychy,Volodymyr Holubnychy,volodymyrholubnychy,DFFC
Voltaire,Voltaire,voltaire,DFFC
Von Miller,Von Miller,vonmiller,DFFC
Vrbica Stefanov,Vrbica Stefanov,vrbicastefanov,DFFC
Vukan Savićević,Vukan Savićević,vukansavievi,DFFC
Vukašin Aleksić,Vukašin Aleksić,vukainaleksi,DFFC
Vyacheslav Osnos,Vyacheslav Osnos,vyacheslavosnos,DFFC
Vyacheslav Shyrshov,Vyacheslav Shyrshov,vyacheslavshyrshov,DFFC
Vyacheslav Tikhonov,Vyacheslav Tikhonov,vyacheslavtikhonov,DFFC
Vyjayanthimala,Vyjayanthimala,vyjayanthimala,DFFC
Václav Noid Bárta,Václav Noid Bárta,vclavnoidbrta,DFFC
Václav Prospal,Václav Prospal,vclavprospal,DFFC
Vágner Love,Vágner Love,vgnerlove,DFFC
Véra Nabokov,Véra Nabokov,vranabokov,DFFC
Véronik Mallet,Véronik Mallet,vronikmallet,DFFC
Víctor,Víctor,vctor,DFFC
Víctor Estrella Burgos,Víctor Estrella Burgos,vctorestrellaburgos,DFFC
Víctor Fernández,Víctor Fernández,vctorfernndez,DFFC
W. D. Hamilton,WD Hamilton,wdhamilton,DFFC
W. G. Unruh,WG Unruh,wgunruh,DFFC
W. H. Pugmire,WH Pugmire,whpugmire,DFFC
W. Hugh Woodin,W Hugh Woodin,whughwoodin,DFFC
Wacław Kiełtyka,Wacław Kiełtyka,wacawkietyka,DFFC
Wade Barrett,Wade Barrett,wadebarrett,DFFC
Wade Davis,Wade Davis,wadedavis,DFFC
Wade Walker,Wade Walker,wadewalker,DFFC
Wadeck Stanczak,Wadeck Stanczak,wadeckstanczak,DFFC
Waka Flocka Flame,Waka Flocka Flame,wakaflockaflame,DFFC
Wakaba Higuchi,Wakaba Higuchi,wakabahiguchi,DFFC
Waldemar Krzystek,Waldemar Krzystek,waldemarkrzystek,DFFC
Waldemar Zboralski,Waldemar Zboralski,waldemarzboralski,DFFC
Waldick Soriano,Waldick Soriano,waldicksoriano,DFFC
Waleed Aly,Waleed Aly,waleedaly,DFFC
Walid Ktila,Walid Ktila,walidktila,DFFC
Walker Hayes,Walker Hayes,walkerhayes,DFFC
Wallace Fortuna dos Santos,Wallace Fortuna dos Santos,wallacefortunadossantos,DFFC
Wallace Langham,Wallace Langham,wallacelangham,DFFC
Wallace Triplett,Wallace Triplett,wallacetriplett,DFFC
Wally Bell,Wally Bell,wallybell,DFFC
Wally Lamb,Wally Lamb,wallylamb,DFFC
Wally Osterkorn,Wally Osterkorn,wallyosterkorn,DFFC
Wally Scott,Wally Scott,wallyscott,DFFC
Walt Barnes,Walt Barnes,waltbarnes,DFFC
Walt Dropo,Walt Dropo,waltdropo,DFFC
Walt Jocketty,Walt Jocketty,waltjocketty,DFFC
Walter Alston,Walter Alston,walteralston,DFFC
Walter Ayoví,Walter Ayoví,walterayov,DFFC
Walter D. Ehlers,Walter D Ehlers,walterdehlers,DFFC
Walter Latham,Walter Latham,walterlatham,DFFC
Walter Lewin,Walter Lewin,walterlewin,DFFC
Walter Mazzarri,Walter Mazzarri,waltermazzarri,DFFC
Walter Murdoch,Walter Murdoch,waltermurdoch,DFFC
Walter Ostanek,Walter Ostanek,walterostanek,DFFC
Walter Parazaider,Walter Parazaider,walterparazaider,DFFC
Walter Planckaert,Walter Planckaert,walterplanckaert,DFFC
Walter Reed Weaver,Walter Reed Weaver,walterreedweaver,DFFC
Walter Samuel,Walter Samuel,waltersamuel,DFFC
Walter Scheidel,Walter Scheidel,walterscheidel,DFFC
Walter Schmidt,Walter Schmidt,walterschmidt,DFFC
Walter Scott Houston,Walter Scott Houston,walterscotthouston,DFFC
Walter Tetley,Walter Tetley,waltertetley,DFFC
Walter Thurmond,Walter Thurmond,walterthurmond,DFFC
Walter Wick,Walter Wick,walterwick,DFFC
Wanda Jackson,Wanda Jackson,wandajackson,DFFC
Wanderlei Silva,Wanderlei Silva,wanderleisilva,DFFC
Wang Gungwu,Wang Gungwu,wanggungwu,DFFC
Wang Jianlin,Wang Jianlin,wangjianlin,DFFC
Ward Churchill,Ward Churchill,wardchurchill,DFFC
Ward Cunningham,Ward Cunningham,wardcunningham,DFFC
Warren Bankston,Warren Bankston,warrenbankston,DFFC
Warren Buffett,Warren Buffett,warrenbuffett,DFFC
Warren Creavalle,Warren Creavalle,warrencreavalle,DFFC
Warren Farrell,Warren Farrell,warrenfarrell,DFFC
Warren Feeney,Warren Feeney,warrenfeeney,DFFC
Warren Haynes,Warren Haynes,warrenhaynes,DFFC
Warren Jabali,Warren Jabali,warrenjabali,DFFC
Warren Nelson,Warren Nelson,warrennelson,DFFC
Warren Potent,Warren Potent,warrenpotent,DFFC
Warren Spector,Warren Spector,warrenspector,DFFC
Warrick Dunn,Warrick Dunn,warrickdunn,DFFC
Warrington Hudlin,Warrington Hudlin,warringtonhudlin,DFFC
Washington SyCip,Washington SyCip,washingtonsycip,DFFC
Wasim Akram,Wasim Akram,wasimakram,DFFC
Watkin Tudor Jones,Watkin Tudor Jones,watkintudorjones,DFFC
Wato Kuaté,Wato Kuaté,watokuat,DFFC
Wayman Tisdale,Wayman Tisdale,waymantisdale,DFFC
Wayne Babych,Wayne Babych,waynebabych,DFFC
Wayne Carleton,Wayne Carleton,waynecarleton,DFFC
Wayne Escoffery,Wayne Escoffery,wayneescoffery,DFFC
Wayne Gretzky,Wayne Gretzky,waynegretzky,DFFC
Wayne Kirby,Wayne Kirby,waynekirby,DFFC
Wayne Robinson,Wayne Robinson,waynerobinson,DFFC
Wei Yi,Wei Yi,weiyi,DFFC
Welington de Melo,Welington de Melo,welingtondemelo,DFFC
Wellington Mara,Wellington Mara,wellingtonmara,DFFC
Wells Thompson,Wells Thompson,wellsthompson,DFFC
Wende,Wende,wende,DFFC
Wendel Meldrum,Wendel Meldrum,wendelmeldrum,DFFC
Wendell Berry,Wendell Berry,wendellberry,DFFC
Wendell Gibbs,Wendell Gibbs,wendellgibbs,DFFC
Wendell Ramos,Wendell Ramos,wendellramos,DFFC
Wendi Deng Murdoch,Wendi Deng Murdoch,wendidengmurdoch,DFFC
Wendie Malick,Wendie Malick,wendiemalick,DFFC
Wendy Bouchard,Wendy Bouchard,wendybouchard,DFFC
Wendy Davis,Wendy Davis,wendydavis,DFFC
Wendy Divine,Wendy Divine,wendydivine,DFFC
Wendy Holdener,Wendy Holdener,wendyholdener,DFFC
Wendy Kopp,Wendy Kopp,wendykopp,DFFC
Wendy Stapleton,Wendy Stapleton,wendystapleton,DFFC
Wentworth Miller,Wentworth Miller,wentworthmiller,DFFC
Werner Fenchel,Werner Fenchel,wernerfenchel,DFFC
Werner Herzog,Werner Herzog,wernerherzog,DFFC
Werner Jeanrond,Werner Jeanrond,wernerjeanrond,DFFC
Werner Lampe,Werner Lampe,wernerlampe,DFFC
Werner Thissen,Werner Thissen,wernerthissen,DFFC
Wernher von Braun,Wernher von Braun,wernhervonbraun,DFFC
Weronika Rosati,Weronika Rosati,weronikarosati,DFFC
Wes Bentley,Wes Bentley,wesbentley,DFFC
Wes Craven,Wes Craven,wescraven,DFFC
Wes Morgan,Wes Morgan,wesmorgan,DFFC
Wes Studi,Wes Studi,wesstudi,DFFC
Wesley A. Clark,Wesley A Clark,wesleyaclark,DFFC
Wesley Autrey,Wesley Autrey,wesleyautrey,DFFC
Wesley Sneijder,Wesley Sneijder,wesleysneijder,DFFC
Wesley Snipes,Wesley Snipes,wesleysnipes,DFFC
Wesley So,Wesley So,wesleyso,DFFC
Wesley Strick,Wesley Strick,wesleystrick,DFFC
Wesley Woodyard,Wesley Woodyard,wesleywoodyard,DFFC
Weslye Saunders,Weslye Saunders,weslyesaunders,DFFC
Whilce Portacio,Whilce Portacio,whilceportacio,DFFC
Whit Dickey,Whit Dickey,whitdickey,DFFC
Whitey Bulger,Whitey Bulger,whiteybulger,DFFC
Whoopi Goldberg,Whoopi Goldberg,whoopigoldberg,DFFC
Wil Carter,Wil Carter,wilcarter,DFFC
Wil Wheaton,Wil Wheaton,wilwheaton,DFFC
Wilbur Snapp,Wilbur Snapp,wilbursnapp,DFFC
Wiley Wiggins,Wiley Wiggins,wileywiggins,DFFC
Wilf Lunn,Wilf Lunn,wilflunn,DFFC
Wilford White,Wilford White,wilfordwhite,DFFC
"Wilfred Graves, Jr.","Wilfred Graves, Jr",wilfredgravesjr,DFFC
Wilfredo Gómez,Wilfredo Gómez,wilfredogmez,DFFC
"Wilfredo Vázquez, Jr.","Wilfredo Vázquez, Jr",wilfredovzquezjr,DFFC
Wilfrido Vargas,Wilfrido Vargas,wilfridovargas,DFFC
Wilhelm Busch,Wilhelm Busch,wilhelmbusch,DFFC
Will Acton,Will Acton,willacton,DFFC
Will Atkinson,Will Atkinson,willatkinson,DFFC
Will Bratt,Will Bratt,willbratt,DFFC
Will Clarke,Will Clarke,willclarke,DFFC
Will Davison,Will Davison,willdavison,DFFC
Will Eisner,Will Eisner,willeisner,DFFC
Will Forte,Will Forte,willforte,DFFC
Will Hatfield,Will Hatfield,willhatfield,DFFC
Will Heller,Will Heller,willheller,DFFC
Will Hughes,Will Hughes,willhughes,DFFC
Will Keane,Will Keane,willkeane,DFFC
Will Minson,Will Minson,willminson,DFFC
Will Peltz,Will Peltz,willpeltz,DFFC
Will Power,Will Power,willpower,DFFC
Will Swenson,Will Swenson,willswenson,DFFC
Will Wallner,Will Wallner,willwallner,DFFC
Will Young,Will Young,willyoung,DFFC
Will Yun Lee,Will Yun Lee,willyunlee,DFFC
Willa Holland,Willa Holland,willaholland,DFFC
Willi Illbruck,Willi Illbruck,williillbruck,DFFC
Willi Tokarev,Willi Tokarev,willitokarev,DFFC
William Agee,William Agee,williamagee,DFFC
William Artur de Oliveira,William Artur de Oliveira,williamarturdeoliveira,DFFC
William B. Caldwell,William B Caldwell,williambcaldwell,DFFC
William Boone,William Boone,williamboone,DFFC
William Bratton,William Bratton,williambratton,DFFC
William C. Friday,William C Friday,williamcfriday,DFFC
William Cronon,William Cronon,williamcronon,DFFC
William Dalrymple,William Dalrymple,williamdalrymple,DFFC
"William DeWitt, Jr.","William DeWitt, Jr",williamdewittjr,DFFC
William DuVall,William DuVall,williamduvall,DFFC
William Ennis Thomson,William Ennis Thomson,williamennisthomson,DFFC
William Frankena,William Frankena,williamfrankena,DFFC
William Gallas,William Gallas,williamgallas,DFFC
William Goldsmith,William Goldsmith,williamgoldsmith,DFFC
William H. Calvin,William H Calvin,williamhcalvin,DFFC
William H. Macy,William H Macy,williamhmacy,DFFC
William Harbison,William Harbison,williamharbison,DFFC
William Hayes,William Hayes,williamhayes,DFFC
William Hurt,William Hurt,williamhurt,DFFC
William J. Rutter,William J Rutter,williamjrutter,DFFC
William Joseph,William Joseph,williamjoseph,DFFC
William Kamkwamba,William Kamkwamba,williamkamkwamba,DFFC
William Klemperer,William Klemperer,williamklemperer,DFFC
William Lindley,William Lindley,williamlindley,DFFC
William Lundigan,William Lundigan,williamlundigan,DFFC
William Margold,William Margold,williammargold,DFFC
William Mark Simmons,William Mark Simmons,williammarksimmons,DFFC
William N'Gounou,William N'Gounou,williamngounou,DFFC
William Nylander,William Nylander,williamnylander,DFFC
William O. Harbach,William O Harbach,williamoharbach,DFFC
"William R. Lawley, Jr.","William R Lawley, Jr",williamrlawleyjr,DFFC
William R. Moore,William R Moore,williamrmoore,DFFC
William R. Rhodes,William R Rhodes,williamrrhodes,DFFC
William R. Spencer,William R Spencer,williamrspencer,DFFC
William Roache,William Roache,williamroache,DFFC
William Rogue,William Rogue,williamrogue,DFFC
William T. Wiley,William T Wiley,williamtwiley,DFFC
William Tenn,William Tenn,williamtenn,DFFC
William VanDeSteeg,William VanDeSteeg,williamvandesteeg,DFFC
William Vernon Skiles,William Vernon Skiles,williamvernonskiles,DFFC
William deVry,William deVry,williamdevry,DFFC
William vanden Heuvel,William vanden Heuvel,williamvandenheuvel,DFFC
"William, Prince of Hohenzollern","William, Prince of Hohenzollern",williamprinceofhohenzollern,DFFC
"Willie ""Big Eyes"" Smith",Willie Big Eyes Smith,williebigeyessmith,DFFC
Willie Desjardins,Willie Desjardins,williedesjardins,DFFC
Willie Garson,Willie Garson,williegarson,DFFC
Willie Marshall,Willie Marshall,williemarshall,DFFC
Willie Nelson,Willie Nelson,willienelson,DFFC
Willie P. Bennett,Willie P Bennett,williepbennett,DFFC
Willie Roaf,Willie Roaf,willieroaf,DFFC
Willie Robertson,Willie Robertson,willierobertson,DFFC
Willie Smith,Willie Smith,williesmith,DFFC
Willow Smith,Willow Smith,willowsmith,DFFC
Willy DeVille,Willy DeVille,willydeville,DFFC
Willy Holt,Willy Holt,willyholt,DFFC
Willy T. Ribbs,Willy T Ribbs,willytribbs,DFFC
Wilma Vaught,Wilma Vaught,wilmavaught,DFFC
Wilmo Francioni,Wilmo Francioni,wilmofrancioni,DFFC
Wilson Flagg,Wilson Flagg,wilsonflagg,DFFC
Wilson Kipketer,Wilson Kipketer,wilsonkipketer,DFFC
Wilson Savoy,Wilson Savoy,wilsonsavoy,DFFC
Wim Suurbier,Wim Suurbier,wimsuurbier,DFFC
Wim T. Schippers,Wim T Schippers,wimtschippers,DFFC
Win Coates,Win Coates,wincoates,DFFC
Winn Schwartau,Winn Schwartau,winnschwartau,DFFC
Wisit Sasanatieng,Wisit Sasanatieng,wisitsasanatieng,DFFC
Wissam Ben Yedder,Wissam Ben Yedder,wissambenyedder,DFFC
Wissem Hosni,Wissem Hosni,wissemhosni,DFFC
Wojciech Leśnikowski,Wojciech Leśnikowski,wojciechlenikowski,DFFC
Wojdan Shaherkani,Wojdan Shaherkani,wojdanshaherkani,DFFC
Wolf Vostell,Wolf Vostell,wolfvostell,DFFC
Wolfgang Abraham,Wolfgang Abraham,wolfgangabraham,DFFC
Wolfgang Bremer,Wolfgang Bremer,wolfgangbremer,DFFC
Wolfgang G. Schwanitz,Wolfgang G Schwanitz,wolfganggschwanitz,DFFC
Wolfgang Ischinger,Wolfgang Ischinger,wolfgangischinger,DFFC
Wolfgang Loitzl,Wolfgang Loitzl,wolfgangloitzl,DFFC
Wolfgang Messner,Wolfgang Messner,wolfgangmessner,DFFC
Wolfgang Rolff,Wolfgang Rolff,wolfgangrolff,DFFC
Wolfgang Rösch,Wolfgang Rösch,wolfgangrsch,DFFC
Wolfgang Tillmans,Wolfgang Tillmans,wolfgangtillmans,DFFC
Wolfgang Van Halen,Wolfgang Van Halen,wolfgangvanhalen,DFFC
Wolfgang Weber,Wolfgang Weber,wolfgangweber,DFFC
Wong Kar-wai,Wong Kar-wai,wongkarwai,DFFC
Woohee,Woohee,woohee,DFFC
World B. Free,World B Free,worldbfree,DFFC
Worthy de Jong,Worthy de Jong,worthydejong,DFFC
Wout Droste,Wout Droste,woutdroste,DFFC
Wout Poels,Wout Poels,woutpoels,DFFC
Wout Van Aert,Wout Van Aert,woutvanaert,DFFC
Wouter Hamel,Wouter Hamel,wouterhamel,DFFC
Wreckless Eric,Wreckless Eric,wrecklesseric,DFFC
Wright Massey,Wright Massey,wrightmassey,DFFC
Wu Dajing,Wu Dajing,wudajing,DFFC
Wu Jing,Wu Jing,wujing,DFFC
Wu Jingyu,Wu Jingyu,wujingyu,DFFC
Wu Mochou,Wu Mochou,wumochou,DFFC
Wu Yiming,Wu Yiming,wuyiming,DFFC
Wun-Chang Shih,Wun-Chang Shih,wunchangshih,DFFC
Wylan Cyprien,Wylan Cyprien,wylancyprien,DFFC
Wyn Davies,Wyn Davies,wyndavies,DFFC
Wyndham Standing,Wyndham Standing,wyndhamstanding,DFFC
Wynonna Judd,Wynonna Judd,wynonnajudd,DFFC
Wílton Figueiredo,Wílton Figueiredo,wltonfigueiredo,DFFC
Włodzimierz Pawlik,Włodzimierz Pawlik,wodzimierzpawlik,DFFC
Xander Bogaerts,Xander Bogaerts,xanderbogaerts,DFFC
Xavier Carter,Xavier Carter,xaviercarter,DFFC
Xavier Dolan,Xavier Dolan,xavierdolan,DFFC
Xavier Fulton,Xavier Fulton,xavierfulton,DFFC
Xavier Ginard Torres,Xavier Ginard Torres,xavierginardtorres,DFFC
Xavier Gravelaine,Xavier Gravelaine,xaviergravelaine,DFFC
Xavier Niel,Xavier Niel,xavierniel,DFFC
Xavier Pons,Xavier Pons,xavierpons,DFFC
Xavier Su'a-Filo,Xavier Su'a-Filo,xaviersuafilo,DFFC
Xavier Tondo,Xavier Tondo,xaviertondo,DFFC
XiXi Yang,XiXi Yang,xixiyang,DFFC
Xiao Guodong,Xiao Guodong,xiaoguodong,DFFC
Xiao Wen Ju,Xiao Wen Ju,xiaowenju,DFFC
Xie Fei,Xie Fei,xiefei,DFFC
Xu Binshu,Xu Binshu,xubinshu,DFFC
Xuefei Yang,Xuefei Yang,xuefeiyang,DFFC
Yacine Brahimi,Yacine Brahimi,yacinebrahimi,DFFC
Yacob Jarso,Yacob Jarso,yacobjarso,DFFC
Yacouba Sylla,Yacouba Sylla,yacoubasylla,DFFC
Yael Arad,Yael Arad,yaelarad,DFFC
Yael Stone,Yael Stone,yaelstone,DFFC
Yahya Golmohammadi,Yahya Golmohammadi,yahyagolmohammadi,DFFC
Yakubu Aiyegbeni,Yakubu Aiyegbeni,yakubuaiyegbeni,DFFC
Yale Lary,Yale Lary,yalelary,DFFC
Yami Gautam,Yami Gautam,yamigautam,DFFC
Yamilé Aldama,Yamilé Aldama,yamilaldama,DFFC
Yamini Krishnamurthy,Yamini Krishnamurthy,yaminikrishnamurthy,DFFC
Yana Belomoyna,Yana Belomoyna,yanabelomoyna,DFFC
Yancy Butler,Yancy Butler,yancybutler,DFFC
Yane Marques,Yane Marques,yanemarques,DFFC
Yang Fang,Yang Fang,yangfang,DFFC
Yang Lan,Yang Lan,yanglan,DFFC
Yani Tseng,Yani Tseng,yanitseng,DFFC
Yann M'Vila,Yann M'Vila,yannmvila,DFFC
Yann Sommer,Yann Sommer,yannsommer,DFFC
Yann Tiersen,Yann Tiersen,yanntiersen,DFFC
Yanni,Yanni,yanni,DFFC
Yannick,Yannick,yannick,DFFC
Yannick Agnel,Yannick Agnel,yannickagnel,DFFC
Yannick Bonheur,Yannick Bonheur,yannickbonheur,DFFC
Yannick Sagbo,Yannick Sagbo,yannicksagbo,DFFC
Yanto Barker,Yanto Barker,yantobarker,DFFC
Yao Bin,Yao Bin,yaobin,DFFC
Yaron London,Yaron London,yaronlondon,DFFC
Yaroslava Shvedova,Yaroslava Shvedova,yaroslavashvedova,DFFC
Yasemin Mori,Yasemin Mori,yaseminmori,DFFC
Yasin Pilavcılar,Yasin Pilavcılar,yasinpilavclar,DFFC
Yasmien Kurdi,Yasmien Kurdi,yasmienkurdi,DFFC
Yasmin Levy,Yasmin Levy,yasminlevy,DFFC
Yasmin Siraj,Yasmin Siraj,yasminsiraj,DFFC
Yasmine Lafitte,Yasmine Lafitte,yasminelafitte,DFFC
Yasser Elshantaf,Yasser Elshantaf,yasserelshantaf,DFFC
Yasser al-Azma,Yasser al-Azma,yasseralazma,DFFC
Yasushi Tsujimoto,Yasushi Tsujimoto,yasushitsujimoto,DFFC
Yauheni Hutarovich,Yauheni Hutarovich,yauhenihutarovich,DFFC
Yauheni Novikau,Yauheni Novikau,yauheninovikau,DFFC
Yaya Sanogo,Yaya Sanogo,yayasanogo,DFFC
Yeardley Smith,Yeardley Smith,yeardleysmith,DFFC
Yedidya Vital,Yedidya Vital,yedidyavital,DFFC
Yegor Baburin,Yegor Baburin,yegorbaburin,DFFC
Yegor Tarakanov,Yegor Tarakanov,yegortarakanov,DFFC
Yekaterina Abramova,Yekaterina Abramova,yekaterinaabramova,DFFC
Yekta Kurtuluş,Yekta Kurtuluş,yektakurtulu,DFFC
Yelena Dembo,Yelena Dembo,yelenadembo,DFFC
Yener Arıca,Yener Arıca,yenerarca,DFFC
Yenny,Yenny,yenny,DFFC
Yevgeni Bushmanov,Yevgeni Bushmanov,yevgenibushmanov,DFFC
Yevgeni Makeyev,Yevgeni Makeyev,yevgenimakeyev,DFFC
Yevgeni Vladislavovich Osipov,Yevgeni Vladislavovich Osipov,yevgenivladislavovichosipov,DFFC
Yevgeniya Kolodko,Yevgeniya Kolodko,yevgeniyakolodko,DFFC
Yevgeny Postnikov,Yevgeny Postnikov,yevgenypostnikov,DFFC
Yevgeny Savin,Yevgeny Savin,yevgenysavin,DFFC
Yevgeny Yevtushenko,Yevgeny Yevtushenko,yevgenyyevtushenko,DFFC
Yevhen Makarenko,Yevhen Makarenko,yevhenmakarenko,DFFC
Yevhen Selin,Yevhen Selin,yevhenselin,DFFC
Yevheniya Vysotska,Yevheniya Vysotska,yevheniyavysotska,DFFC
Yiannis Ioannou,Yiannis Ioannou,yiannisioannou,DFFC
Yim Si-wan,Yim Si-wan,yimsiwan,DFFC
Yitzhak Arad,Yitzhak Arad,yitzhakarad,DFFC
Yngve Moe,Yngve Moe,yngvemoe,DFFC
Yngwie Malmsteen,Yngwie Malmsteen,yngwiemalmsteen,DFFC
Yo Gotti,Yo Gotti,yogotti,DFFC
Yoan Gouffran,Yoan Gouffran,yoangouffran,DFFC
Yoan Pablo Hernández,Yoan Pablo Hernández,yoanpablohernndez,DFFC
Yoenis Céspedes,Yoenis Céspedes,yoeniscspedes,DFFC
Yohan Blake,Yohan Blake,yohanblake,DFFC
Yohan Cabaye,Yohan Cabaye,yohancabaye,DFFC
Yohann Diniz,Yohann Diniz,yohanndiniz,DFFC
Yohann Gène,Yohann Gène,yohanngne,DFFC
Yojiro Takahagi,Yojiro Takahagi,yojirotakahagi,DFFC
Yoko Gushiken,Yoko Gushiken,yokogushiken,DFFC
Yoko Shimomura,Yoko Shimomura,yokoshimomura,DFFC
Yolande Moreau,Yolande Moreau,yolandemoreau,DFFC
Yolandi Visser,Yolandi Visser,yolandivisser,DFFC
Yolanthe Sneijder-Cabau,Yolanthe Sneijder-Cabau,yolanthesneijdercabau,DFFC
Yolimar Pineda,Yolimar Pineda,yolimarpineda,DFFC
Yonas Kifle,Yonas Kifle,yonaskifle,DFFC
Yonfan,Yonfan,yonfan,DFFC
Yoo Sun-young,Yoo Sun-young,yoosunyoung,DFFC
Yoo Yeon-seong,Yoo Yeon-seong,yooyeonseong,DFFC
Yoon Bo-ra,Yoon Bo-ra,yoonbora,DFFC
Yoon So-yi,Yoon So-yi,yoonsoyi,DFFC
Yordan Miliev,Yordan Miliev,yordanmiliev,DFFC
Yordanis García,Yordanis García,yordanisgarca,DFFC
Yoric Ravet,Yoric Ravet,yoricravet,DFFC
Yosef Ben-Jochannan,Yosef Ben-Jochannan,yosefbenjochannan,DFFC
Yoshihiro Akiyama,Yoshihiro Akiyama,yoshihiroakiyama,DFFC
Yoshihiro Fujita,Yoshihiro Fujita,yoshihirofujita,DFFC
Yoshihiro Nishimura,Yoshihiro Nishimura,yoshihironishimura,DFFC
Yoshihiro Takahashi,Yoshihiro Takahashi,yoshihirotakahashi,DFFC
Yoshiko Tanaka,Yoshiko Tanaka,yoshikotanaka,DFFC
Yoshimi Ozaki,Yoshimi Ozaki,yoshimiozaki,DFFC
Yoshio Sakamoto,Yoshio Sakamoto,yoshiosakamoto,DFFC
Yoshiro Nakamatsu,Yoshiro Nakamatsu,yoshironakamatsu,DFFC
Yoshiyuki Tomino,Yoshiyuki Tomino,yoshiyukitomino,DFFC
Youcef Belaïli,Youcef Belaïli,youcefbelali,DFFC
Young Paperboyz,Young Paperboyz,youngpaperboyz,DFFC
Younis Mahmoud,Younis Mahmoud,younismahmoud,DFFC
Younus AlGohar,Younus AlGohar,younusalgohar,DFFC
Younès Belhanda,Younès Belhanda,younsbelhanda,DFFC
Youri Djorkaeff,Youri Djorkaeff,youridjorkaeff,DFFC
Youssef El-Arabi,Youssef El-Arabi,youssefelarabi,DFFC
Yousuf Saleh Alyan,Yousuf Saleh Alyan,yousufsalehalyan,DFFC
Yrétha Silété,Yrétha Silété,yrthasilt,DFFC
Ysaline Bonaventure,Ysaline Bonaventure,ysalinebonaventure,DFFC
Ysaora Thibus,Ysaora Thibus,ysaorathibus,DFFC
Yu Man-gyun,Yu Man-gyun,yumangyun,DFFC
Yuan Ch'iung-ch'iung,Yuan Ch'iung-ch'iung,yuanchiungchiung,DFFC
Yuhi,Yuhi,yuhi,DFFC
Yui Kamiji,Yui Kamiji,yuikamiji,DFFC
Yui Mizuno,Yui Mizuno,yuimizuno,DFFC
Yuji Hino,Yuji Hino,yujihino,DFFC
Yuji Hirayama,Yuji Hirayama,yujihirayama,DFFC
Yuji Ide,Yuji Ide,yujiide,DFFC
Yuka Kashino,Yuka Kashino,yukakashino,DFFC
Yukari Nakano,Yukari Nakano,yukarinakano,DFFC
Yukari Takemoto,Yukari Takemoto,yukaritakemoto,DFFC
Yuki Ebihara,Yuki Ebihara,yukiebihara,DFFC
Yuki Ota,Yuki Ota,yukiota,DFFC
Yukiaki Okabe,Yukiaki Okabe,yukiakiokabe,DFFC
Yukiko Duke,Yukiko Duke,yukikoduke,DFFC
Yukio Endo,Yukio Endo,yukioendo,DFFC
Yukiya Arashiro,Yukiya Arashiro,yukiyaarashiro,DFFC
Yuko Shimizu,Yuko Shimizu,yukoshimizu,DFFC
Yulia Lipnitskaya,Yulia Lipnitskaya,yulialipnitskaya,DFFC
Yulia Nachalova,Yulia Nachalova,yulianachalova,DFFC
Yuliya Beygelzimer,Yuliya Beygelzimer,yuliyabeygelzimer,DFFC
Yuliya Chekaleva,Yuliya Chekaleva,yuliyachekaleva,DFFC
Yuliya Zhivitsa,Yuliya Zhivitsa,yuliyazhivitsa,DFFC
Yumi Ohka,Yumi Ohka,yumiohka,DFFC
Yun Suk-young,Yun Suk-young,yunsukyoung,DFFC
Yun Yea-ji,Yun Yea-ji,yunyeaji,DFFC
Yung Berg,Yung Berg,yungberg,DFFC
Yung Lean,Yung Lean,yunglean,DFFC
Yunna Morits,Yunna Morits,yunnamorits,DFFC
Yura Movsisyan,Yura Movsisyan,yuramovsisyan,DFFC
Yuri Gazzaev,Yuri Gazzaev,yurigazzaev,DFFC
Yuri I. Manin,Yuri I Manin,yuriimanin,DFFC
Yuri Larionov,Yuri Larionov,yurilarionov,DFFC
Yuri Shevchuk,Yuri Shevchuk,yurishevchuk,DFFC
Yuri Trofimov,Yuri Trofimov,yuritrofimov,DFFC
Yuri Tsaler,Yuri Tsaler,yuritsaler,DFFC
Yuri Zhevnov,Yuri Zhevnov,yurizhevnov,DFFC
Yuri van Gelder,Yuri van Gelder,yurivangelder,DFFC
Yuriko Handa,Yuriko Handa,yurikohanda,DFFC
Yuriorkis Gamboa,Yuriorkis Gamboa,yuriorkisgamboa,DFFC
Yuriy Borzakovskiy,Yuriy Borzakovskiy,yuriyborzakovskiy,DFFC
Yuriy Ilyin,Yuriy Ilyin,yuriyilyin,DFFC
Yuriy Kravchenko,Yuriy Kravchenko,yuriykravchenko,DFFC
Yury Chaplygin,Yury Chaplygin,yurychaplygin,DFFC
Yury Dokhoian,Yury Dokhoian,yurydokhoian,DFFC
Yury Gazinsky,Yury Gazinsky,yurygazinsky,DFFC
Yusef Lateef,Yusef Lateef,yuseflateef,DFFC
Yusuf Erdoğan,Yusuf Erdoğan,yusuferdoan,DFFC
Yutaka Ohno,Yutaka Ohno,yutakaohno,DFFC
Yutaka Ozaki,Yutaka Ozaki,yutakaozaki,DFFC
Yuu Watase,Yuu Watase,yuuwatase,DFFC
Yuvraj Singh,Yuvraj Singh,yuvrajsingh,DFFC
Yuzuru Hanyu,Yuzuru Hanyu,yuzuruhanyu,DFFC
Yves Agid,Yves Agid,yvesagid,DFFC
Yves Lafontaine,Yves Lafontaine,yveslafontaine,DFFC
Yves Lecoq,Yves Lecoq,yveslecoq,DFFC
Yves Ma-Kalambay,Yves Ma-Kalambay,yvesmakalambay,DFFC
Yves Niaré,Yves Niaré,yvesniar,DFFC
Yvette Chauviré,Yvette Chauviré,yvettechauvir,DFFC
Yvette Hermundstad,Yvette Hermundstad,yvettehermundstad,DFFC
Yvo de Boer,Yvo de Boer,yvodeboer,DFFC
Yvonne Furneaux,Yvonne Furneaux,yvonnefurneaux,DFFC
Yvonne van Gennip,Yvonne van Gennip,yvonnevangennip,DFFC
Yū Asakawa,Yū Asakawa,yasakawa,DFFC
Yūichi Kasai,Yūichi Kasai,yichikasai,DFFC
Yūki Ōgimi,Yūki Ōgimi,ykigimi,DFFC
Yūko Andō,Yūko Andō,ykoand,DFFC
Yūya Oikawa,Yūya Oikawa,yyaoikawa,DFFC
ZZ Ward,ZZ Ward,zzward,DFFC
Zabit Samedov,Zabit Samedov,zabitsamedov,DFFC
Zac Dysert,Zac Dysert,zacdysert,DFFC
Zac Efron,Zac Efron,zacefron,DFFC
Zac Posen,Zac Posen,zacposen,DFFC
Zach Cregger,Zach Cregger,zachcregger,DFFC
Zach Galligan,Zach Galligan,zachgalligan,DFFC
Zach Hyman,Zach Hyman,zachhyman,DFFC
Zach Jackson,Zach Jackson,zachjackson,DFFC
Zach Johnson,Zach Johnson,zachjohnson,DFFC
Zach Randolph,Zach Randolph,zachrandolph,DFFC
Zach Redmond,Zach Redmond,zachredmond,DFFC
Zach Strief,Zach Strief,zachstrief,DFFC
Zach Trotman,Zach Trotman,zachtrotman,DFFC
Zach Veach,Zach Veach,zachveach,DFFC
Zach Weiner,Zach Weiner,zachweiner,DFFC
Zachary Karabashliev,Zachary Karabashliev,zacharykarabashliev,DFFC
Zachary Knighton,Zachary Knighton,zacharyknighton,DFFC
Zachary Levi,Zachary Levi,zacharylevi,DFFC
Zack Ryder,Zack Ryder,zackryder,DFFC
Zack Smith,Zack Smith,zacksmith,DFFC
Zack Snyder,Zack Snyder,zacksnyder,DFFC
Zack Stortini,Zack Stortini,zackstortini,DFFC
Zack Taylor,Zack Taylor,zacktaylor,DFFC
Zackie Achmat,Zackie Achmat,zackieachmat,DFFC
Zahari Sirakov,Zahari Sirakov,zaharisirakov,DFFC
Zak Irvin,Zak Irvin,zakirvin,DFFC
Zak Whitbread,Zak Whitbread,zakwhitbread,DFFC
Zakaria Bakkali,Zakaria Bakkali,zakariabakkali,DFFC
Zakk Wylde,Zakk Wylde,zakkwylde,DFFC
Zalman Schachter-Shalomi,Zalman Schachter-Shalomi,zalmanschachtershalomi,DFFC
Zameer Rizvi,Zameer Rizvi,zameerrizvi,DFFC
Zana Marjanović,Zana Marjanović,zanamarjanovi,DFFC
Zanele Muholi,Zanele Muholi,zanelemuholi,DFFC
Zarganar,Zarganar,zarganar,DFFC
Zaur Sadayev,Zaur Sadayev,zaursadayev,DFFC
Zayn Malik,Zayn Malik,zaynmalik,DFFC
Zaz,Zaz,zaz,DFFC
Zbigniew Boniek,Zbigniew Boniek,zbigniewboniek,DFFC
Zbigniew Pietrzykowski,Zbigniew Pietrzykowski,zbigniewpietrzykowski,DFFC
Zbigniew Zakrzewski,Zbigniew Zakrzewski,zbigniewzakrzewski,DFFC
Zbigniew Ścibor-Rylski,Zbigniew Ścibor-Rylski,zbigniewciborrylski,DFFC
Zdeno Chára,Zdeno Chára,zdenochra,DFFC
Zdeněk Bradáč,Zdeněk Bradáč,zdenkbrad,DFFC
Zdravko Kuzmanović,Zdravko Kuzmanović,zdravkokuzmanovi,DFFC
Zebastian Modin,Zebastian Modin,zebastianmodin,DFFC
Zeca,Zeca,zeca,DFFC
Zedd,Zedd,zedd,DFFC
Zeena Schreck,Zeena Schreck,zeenaschreck,DFFC
Zeinab Mamedyarova,Zeinab Mamedyarova,zeinabmamedyarova,DFFC
Zeke Motta,Zeke Motta,zekemotta,DFFC
Zeki Ayvaz,Zeki Ayvaz,zekiayvaz,DFFC
Zeljko Kalac,Zeljko Kalac,zeljkokalac,DFFC
Zemfira,Zemfira,zemfira,DFFC
Zemzem Ahmed,Zemzem Ahmed,zemzemahmed,DFFC
Zenna Henderson,Zenna Henderson,zennahenderson,DFFC
Zenon Caravella,Zenon Caravella,zenoncaravella,DFFC
Zenon Konopka,Zenon Konopka,zenonkonopka,DFFC
Zersenay Tadese,Zersenay Tadese,zersenaytadese,DFFC
Zhang Hao,Zhang Hao,zhanghao,DFFC
Zhang He,Zhang He,zhanghe,DFFC
Zhang Jun,Zhang Jun,zhangjun,DFFC
Zhang Lanxin,Zhang Lanxin,zhanglanxin,DFFC
Zhang Yuqi,Zhang Yuqi,zhangyuqi,DFFC
Zhang Zilin,Zhang Zilin,zhangzilin,DFFC
Zhao Hongbo,Zhao Hongbo,zhaohongbo,DFFC
Zhao Yunlei,Zhao Yunlei,zhaoyunlei,DFFC
Zheng Jie,Zheng Jie,zhengjie,DFFC
Zheng Xun,Zheng Xun,zhengxun,DFFC
Zhou Yang,Zhou Yang,zhouyang,DFFC
Zhou Yun,Zhou Yun,zhouyun,DFFC
Zhu Lin,Zhu Lin,zhulin,DFFC
Zhu Zhu,Zhu Zhu,zhuzhu,DFFC
Ziggy Marley,Ziggy Marley,ziggymarley,DFFC
Zigi,Zigi,zigi,DFFC
Zillah &amp; Totte,Zillah &amp; Totte,zillahamptotte,DFFC
Zlata Ognevich,Zlata Ognevich,zlataognevich,DFFC
Zlatko Janjić,Zlatko Janjić,zlatkojanji,DFFC
Zmago Sagadin,Zmago Sagadin,zmagosagadin,DFFC
Zoe Lister-Jones,Zoe Lister-Jones,zoelisterjones,DFFC
Zoe Saldana,Zoe Saldana,zoesaldana,DFFC
Zoey Tur,Zoey Tur,zoeytur,DFFC
Zoia Horn,Zoia Horn,zoiahorn,DFFC
Zoie Palmer,Zoie Palmer,zoiepalmer,DFFC
Zola Budd,Zola Budd,zolabudd,DFFC
Zollie Toth,Zollie Toth,zollietoth,DFFC
Zoltán Horváth,Zoltán Horváth,zoltnhorvth,DFFC
Zoltán Kelemen,Zoltán Kelemen,zoltnkelemen,DFFC
Zoran Erceg,Zoran Erceg,zoranerceg,DFFC
Zoran Planinić,Zoran Planinić,zoranplanini,DFFC
Zoran Tošić,Zoran Tošić,zorantoi,DFFC
Zosia Karbowiak,Zosia Karbowiak,zosiakarbowiak,DFFC
Zou Kai,Zou Kai,zoukai,DFFC
Zouhair Yahyaoui,Zouhair Yahyaoui,zouhairyahyaoui,DFFC
Zoé Félix,Zoé Félix,zoflix,DFFC
Zoë Bell,Zoë Bell,zobell,DFFC
Zsanett Jakabfi,Zsanett Jakabfi,zsanettjakabfi,DFFC
Zsolt Erdei,Zsolt Erdei,zsolterdei,DFFC
Zsolt Szabó,Zsolt Szabó,zsoltszab,DFFC
Zsuzsa Szabó,Zsuzsa Szabó,zsuzsaszab,DFFC
Zsuzsanna Jakabos,Zsuzsanna Jakabos,zsuzsannajakabos,DFFC
Zsuzsanna Tomori,Zsuzsanna Tomori,zsuzsannatomori,DFFC
Zsófia Erdélyi,Zsófia Erdélyi,zsfiaerdlyi,DFFC
Zucchero Fornaciari,Zucchero Fornaciari,zuccherofornaciari,DFFC
Zulfiya Zabirova,Zulfiya Zabirova,zulfiyazabirova,DFFC
Zulkarnain Malik,Zulkarnain Malik,zulkarnainmalik,DFFC
Zuzana Chalupová,Zuzana Chalupová,zuzanachalupov,DFFC
Zvonimir Boban,Zvonimir Boban,zvonimirboban,DFFC
Zvonimir Vukić,Zvonimir Vukić,zvonimirvuki,DFFC
Zvonko Bogdan,Zvonko Bogdan,zvonkobogdan,DFFC
Zvonko Pamić,Zvonko Pamić,zvonkopami,DFFC
Zydrunas Ilgauskas,Zydrunas Ilgauskas,zydrunasilgauskas,DFFC
Zé Roberto,Zé Roberto,zroberto,DFFC
k-os,k-os,kos,DFFC
tobyMac,tobyMac,tobymac,DFFC
Ákos Buzsáky,Ákos Buzsáky,kosbuzsky,DFFC
Álvaro Arbeloa,Álvaro Arbeloa,lvaroarbeloa,DFFC
Álvaro Morata,Álvaro Morata,lvaromorata,DFFC
Álvaro Negredo,Álvaro Negredo,lvaronegredo,DFFC
Álvaro Pereira,Álvaro Pereira,lvaropereira,DFFC
Álvaro Recoba,Álvaro Recoba,lvarorecoba,DFFC
Álvaro Siza Vieira,Álvaro Siza Vieira,lvarosizavieira,DFFC
Ángel Berni,Ángel Berni,ngelberni,DFFC
Ángel Cabrera,Ángel Cabrera,ngelcabrera,DFFC
Ángel Clemente Rojas,Ángel Clemente Rojas,ngelclementerojas,DFFC
Ángel Gastón Díaz,Ángel Gastón Díaz,ngelgastndaz,DFFC
Ángel Labruna,Ángel Labruna,ngellabruna,DFFC
Ángela Becerra,Ángela Becerra,ngelabecerra,DFFC
Ásdís Hjálmsdóttir,Ásdís Hjálmsdóttir,sdshjlmsdttir,DFFC
Åsa Larsson,Åsa Larsson,salarsson,DFFC
Åsne Seierstad,Åsne Seierstad,sneseierstad,DFFC
Çağla Büyükakçay,Çağla Büyükakçay,alabykakay,DFFC
Çiğdem Belci,Çiğdem Belci,idembelci,DFFC
Édgar Ramírez,Édgar Ramírez,dgarramrez,DFFC
Édgar Sosa,Édgar Sosa,dgarsosa,DFFC
Édouard Brasey,Édouard Brasey,douardbrasey,DFFC
Édouard Louis,Édouard Louis,douardlouis,DFFC
Édouard Molinaro,Édouard Molinaro,douardmolinaro,DFFC
Élie Semoun,Élie Semoun,liesemoun,DFFC
Élise Delzenne,Élise Delzenne,lisedelzenne,DFFC
Élodie Frégé,Élodie Frégé,lodiefrg,DFFC
Élson,Élson,lson,DFFC
Éric Abidal,Éric Abidal,ricabidal,DFFC
Éric Boyer,Éric Boyer,ricboyer,DFFC
Éric Pichet,Éric Pichet,ricpichet,DFFC
Éric Rohmer,Éric Rohmer,ricrohmer,DFFC
Éric Srecki,Éric Srecki,ricsrecki,DFFC
Éric Zemmour,Éric Zemmour,riczemmour,DFFC
Érik Comas,Érik Comas,rikcomas,DFFC
Érika Olivera,Érika Olivera,rikaolivera,DFFC
Étienne Bacrot,Étienne Bacrot,tiennebacrot,DFFC
Étienne Capoue,Étienne Capoue,tiennecapoue,DFFC
Éver Banega,Éver Banega,verbanega,DFFC
Óli Johannesen,Óli Johannesen,lijohannesen,DFFC
Óscar Duarte,Óscar Duarte,scarduarte,DFFC
Óscar Espallargas,Óscar Espallargas,scarespallargas,DFFC
Óscar Freire,Óscar Freire,scarfreire,DFFC
Óscar Pérez Rojas,Óscar Pérez Rojas,scarprezrojas,DFFC
Óscar Ustari,Óscar Ustari,scarustari,DFFC
Óscar Villarreal,Óscar Villarreal,scarvillarreal,DFFC
Øystein Moen,Øystein Moen,ysteinmoen,DFFC
Último Dragón,Último Dragón,ltimodragn,DFFC
Úrsula Pueyo,Úrsula Pueyo,rsulapueyo,DFFC
Ümit Davala,Ümit Davala,mitdavala,DFFC
Đorđe Balašević,Đorđe Balašević,orebalaevi,DFFC
Đorđe Gagić,Đorđe Gagić,oregagi,DFFC
Đorđe Lazić,Đorđe Lazić,orelazi,DFFC
İdil Biret,İdil Biret,idilbiret,DFFC
İskender Pala,İskender Pala,iskenderpala,DFFC
Ľubomír Ftáčnik,Ľubomír Ftáčnik,ubomrftnik,DFFC
Łukasz Bodnar,Łukasz Bodnar,ukaszbodnar,DFFC
Łukasz Wiśniowski,Łukasz Wiśniowski,ukaszwiniowski,DFFC
Ōsunaarashi Kintarō,Ōsunaarashi Kintarō,sunaarashikintar,DFFC
Šarūnas Jasikevičius,Šarūnas Jasikevičius,arnasjasikeviius,DFFC
Šarūnas Marčiulionis,Šarūnas Marčiulionis,arnasmariulionis,DFFC
Žan Rudolf,Žan Rudolf,anrudolf,DFFC
Žarko Rakočević,Žarko Rakočević,arkorakoevi,DFFC
Željko Bebek,Željko Bebek,eljkobebek,DFFC
Željko Brkić,Željko Brkić,eljkobrki,DFFC
