identity,standardized_name,merge_key,source
AJ_Allmendinger,AJ Allmendinger,ajallmendinger,Celeb
AKON,AKON,akon,Celeb
AR_Rahman,AR Rahman,arrahman,Celeb
ATB,ATB,atb,Celeb
A_Jerrold_Perenchio,A Jerrold Perenchio,ajerroldperenchio,Celeb
Aaron_Carter,Aaron Carter,aaroncarter,Celeb
Aaron_Diaz,Aaron Diaz,aarondiaz,Celeb
Aaron_Krogman,Aaron Krogman,aaronkrogman,Celeb
Aaron_Neville,Aaron Neville,aaronneville,Celeb
Aaron_Paul,Aaron Paul,aaronpaul,Celeb
Aaron_Yoo,Aaron Yoo,aaronyoo,Celeb
Aashka_Goradia,Aashka Goradia,aashkagoradia,Celeb
Abbe_Lane,Abbe Lane,abbelane,Celeb
Abbey_Lee_Kershaw,Abbey Lee Kershaw,abbeyleekershaw,Celeb
Abi_Titmuss,Abi Titmuss,abititmuss,Celeb
Abigail_Breslin,Abigail Breslin,abigailbreslin,Celeb
Abigail_Clancy,Abigail Clancy,abigailclancy,Celeb
Abigail_Halliday,Abigail Halliday,abigailhalliday,Celeb
Abilio_dos_Santos_Diniz,Abilio dos Santos Diniz,abiliodossantosdiniz,Celeb
Abree_Anna,Abree Anna,abreeanna,Celeb
Ace_Harper,Ace Harper,aceharper,Celeb
Acquanetta,Acquanetta,acquanetta,Celeb
Ada_Livitsanou,Ada Livitsanou,adalivitsanou,Celeb
Ada_Nicodemou,Ada Nicodemou,adanicodemou,Celeb
Adam_Baldwin,Adam Baldwin,adambaldwin,Celeb
Adam_Copeland,Adam Copeland,adamcopeland,Celeb
Adam_G_Sevani,Adam G Sevani,adamgsevani,Celeb
Adam_Goldberg,Adam Goldberg,adamgoldberg,Celeb
Adam_Goldstein,Adam Goldstein,adamgoldstein,Celeb
Adam_Green,Adam Green,adamgreen,Celeb
Adam_Gregory,Adam Gregory,adamgregory,Celeb
Adam_Irigoyen,Adam Irigoyen,adamirigoyen,Celeb
Adam_Kaufman,Adam Kaufman,adamkaufman,Celeb
Adam_Levine,Adam Levine,adamlevine,Celeb
Adam_McKay,Adam McKay,adammckay,Celeb
Adam_Shulman,Adam Shulman,adamshulman,Celeb
Adamari_Lopez,Adamari Lopez,adamarilopez,Celeb
Addison_Timlin,Addison Timlin,addisontimlin,Celeb
Adela_Noriega,Adela Noriega,adelanoriega,Celeb
Adele,Adele,adele,Celeb
Adeline_Blondieau,Adeline Blondieau,adelineblondieau,Celeb
Adina_Forizs,Adina Forizs,adinaforizs,Celeb
Adolf_Hitler,Adolf Hitler,adolfhitler,Celeb
Adrian_Grenier,Adrian Grenier,adriangrenier,Celeb
Adrian_Suar,Adrian Suar,adriansuar,Celeb
Adriana_Birolli,Adriana Birolli,adrianabirolli,Celeb
Adriana_Cernanova,Adriana Cernanova,adrianacernanova,Celeb
Adriana_Dorn,Adriana Dorn,adrianadorn,Celeb
Adriana_Fossa,Adriana Fossa,adrianafossa,Celeb
Adriana_Karembeu,Adriana Karembeu,adrianakarembeu,Celeb
Adriane_Galisteu,Adriane Galisteu,adrianegalisteu,Celeb
Adrianne_Curry,Adrianne Curry,adriannecurry,Celeb
Adrien_Mattenet,Adrien Mattenet,adrienmattenet,Celeb
Adrienne_Armstrong,Adrienne Armstrong,adriennearmstrong,Celeb
Adrienne_Bailon,Adrienne Bailon,adriennebailon,Celeb
Adrienne_Frantz,Adrienne Frantz,adriennefrantz,Celeb
Afflalo_Arron,Afflalo Arron,afflaloarron,Celeb
Afshan_Azad,Afshan Azad,afshanazad,Celeb
Aftab_Shivdasani,Aftab Shivdasani,aftabshivdasani,Celeb
Aga_Muhlach,Aga Muhlach,agamuhlach,Celeb
Agent_Provocateur,Agent Provocateur,agentprovocateur,Celeb
Agim_Kaba,Agim Kaba,agimkaba,Celeb
Agnes_Buzala,Agnes Buzala,agnesbuzala,Celeb
Agnes_Carlsson,Agnes Carlsson,agnescarlsson,Celeb
Agnes_Dobo,Agnes Dobo,agnesdobo,Celeb
Agnes_Fischer,Agnes Fischer,agnesfischer,Celeb
Agnete_Hegelund,Agnete Hegelund,agnetehegelund,Celeb
Agostina_Belli,Agostina Belli,agostinabelli,Celeb
Agustina_Cherri,Agustina Cherri,agustinacherri,Celeb
Agustina_Cordova,Agustina Cordova,agustinacordova,Celeb
Agustina_Lecouna,Agustina Lecouna,agustinalecouna,Celeb
Agyness_Deyn,Agyness Deyn,agynessdeyn,Celeb
Ahmet_Kural,Ahmet Kural,ahmetkural,Celeb
Ahu_Yagtu,Ahu Yagtu,ahuyagtu,Celeb
Ai_Kago,Ai Kago,aikago,Celeb
Ai_Otsuka,Ai Otsuka,aiotsuka,Celeb
Ai_Takahashi,Ai Takahashi,aitakahashi,Celeb
Ai_Takamatsu,Ai Takamatsu,aitakamatsu,Celeb
Aida_Artiles,Aida Artiles,aidaartiles,Celeb
Aida_Yespica,Aida Yespica,aidayespica,Celeb
Aidan_Gillen,Aidan Gillen,aidangillen,Celeb
Aimee_Garcia,Aimee Garcia,aimeegarcia,Celeb
Aimee_Mullins,Aimee Mullins,aimeemullins,Celeb
Aimee_Ruby,Aimee Ruby,aimeeruby,Celeb
Aimee_Teegarden,Aimee Teegarden,aimeeteegarden,Celeb
Aisha_Tyler,Aisha Tyler,aishatyler,Celeb
Aiza_Seguerra,Aiza Seguerra,aizaseguerra,Celeb
Ajay_Devgn,Ajay Devgn,ajaydevgn,Celeb
Ajda_Pekkan,Ajda Pekkan,ajdapekkan,Celeb
Aju_Varghese,Aju Varghese,ajuvarghese,Celeb
Aki_Maeda,Aki Maeda,akimaeda,Celeb
Akihiro_Sato,Akihiro Sato,akihirosato,Celeb
Akiko_Yada,Akiko Yada,akikoyada,Celeb
Akshay_Kumar,Akshay Kumar,akshaykumar,Celeb
Akshaye_Khanna,Akshaye Khanna,akshayekhanna,Celeb
Al_Franken,Al Franken,alfranken,Celeb
Alain_Bernard,Alain Bernard,alainbernard,Celeb
Alain_Delon,Alain Delon,alaindelon,Celeb
Alain_Merieux,Alain Merieux,alainmerieux,Celeb
Alaina_Beaton,Alaina Beaton,alainabeaton,Celeb
Alan_Arkin,Alan Arkin,alanarkin,Celeb
Alan_Carr,Alan Carr,alancarr,Celeb
Alan_Ladd,Alan Ladd,alanladd,Celeb
Alan_Rickman,Alan Rickman,alanrickman,Celeb
Alana_Blanchard,Alana Blanchard,alanablanchard,Celeb
Alannah_Myles,Alannah Myles,alannahmyles,Celeb
Alba_Carrillo,Alba Carrillo,albacarrillo,Celeb
Albert_Einstein,Albert Einstein,alberteinstein,Celeb
Albert_Finney,Albert Finney,albertfinney,Celeb
Albert_Hammond_Jr,Albert Hammond Jr,alberthammondjr,Celeb
Aldo_Montano,Aldo Montano,aldomontano,Celeb
Aldo_Ray,Aldo Ray,aldoray,Celeb
Alec_Empire,Alec Empire,alecempire,Celeb
Alec_John_Such,Alec John Such,alecjohnsuch,Celeb
Alejandra_Gutierrez,Alejandra Gutierrez,alejandragutierrez,Celeb
Alejandra_Guzman,Alejandra Guzman,alejandraguzman,Celeb
Alejandra_Lazcano,Alejandra Lazcano,alejandralazcano,Celeb
Alejandro_Sanz,Alejandro Sanz,alejandrosanz,Celeb
Aleksa_Palladino,Aleksa Palladino,aleksapalladino,Celeb
Aleksandr_Domogarov,Aleksandr Domogarov,aleksandrdomogarov,Celeb
Aleksandr_Revva,Aleksandr Revva,aleksandrrevva,Celeb
Aleksandra_Kwasniewska,Aleksandra Kwasniewska,aleksandrakwasniewska,Celeb
Alektra_Blue,Alektra Blue,alektrablue,Celeb
Alena_Blohm,Alena Blohm,alenablohm,Celeb
Alena_Seredova,Alena Seredova,alenaseredova,Celeb
Alesha_Dixon,Alesha Dixon,aleshadixon,Celeb
Alessandra_Torresani,Alessandra Torresani,alessandratorresani,Celeb
Alessandro_Nivola,Alessandro Nivola,alessandronivola,Celeb
Alessia_Ventura,Alessia Ventura,alessiaventura,Celeb
Alex_Beh,Alex Beh,alexbeh,Celeb
Alex_Curran,Alex Curran,alexcurran,Celeb
Alex_Dellal,Alex Dellal,alexdellal,Celeb
Alex_Gaskarth,Alex Gaskarth,alexgaskarth,Celeb
Alex_Kapranos,Alex Kapranos,alexkapranos,Celeb
Alex_Lundqvist,Alex Lundqvist,alexlundqvist,Celeb
Alex_OLoughlin,Alex OLoughlin,alexoloughlin,Celeb
Alex_Pettyfer,Alex Pettyfer,alexpettyfer,Celeb
Alex_Rodriguez,Alex Rodriguez,alexrodriguez,Celeb
Alexa_Chung,Alexa Chung,alexachung,Celeb
Alexa_Davalos,Alexa Davalos,alexadavalos,Celeb
Alexander_Ovechkin,Alexander Ovechkin,alexanderovechkin,Celeb
Alexander_Rybak,Alexander Rybak,alexanderrybak,Celeb
Alexander_Skarsgard,Alexander Skarsgard,alexanderskarsgard,Celeb
Alexandra_Agoston-OConnor,Alexandra Agoston-OConnor,alexandraagostonoconnor,Celeb
Alexandra_Breckenridge,Alexandra Breckenridge,alexandrabreckenridge,Celeb
Alexandra_Chando,Alexandra Chando,alexandrachando,Celeb
Alexandra_Hedison,Alexandra Hedison,alexandrahedison,Celeb
Alexandra_Holden,Alexandra Holden,alexandraholden,Celeb
Alexandra_Kamp,Alexandra Kamp,alexandrakamp,Celeb
Alexandra_Maria_Lara,Alexandra Maria Lara,alexandramarialara,Celeb
Alexandra_Neldel,Alexandra Neldel,alexandraneldel,Celeb
Alexandra_Richards,Alexandra Richards,alexandrarichards,Celeb
Alexandra_Tomlinson,Alexandra Tomlinson,alexandratomlinson,Celeb
Alexandra_Tretter,Alexandra Tretter,alexandratretter,Celeb
Alexandre_Furmanovich,Alexandre Furmanovich,alexandrefurmanovich,Celeb
Alexei_Hay,Alexei Hay,alexeihay,Celeb
Alexey_Miller,Alexey Miller,alexeymiller,Celeb
Alexey_Mordashov,Alexey Mordashov,alexeymordashov,Celeb
Alexi_Lubomirski,Alexi Lubomirski,alexilubomirski,Celeb
Alexis_Denisof,Alexis Denisof,alexisdenisof,Celeb
Alexis_Dziena,Alexis Dziena,alexisdziena,Celeb
Alexz_Johnson,Alexz Johnson,alexzjohnson,Celeb
Alfonso_Herrera,Alfonso Herrera,alfonsoherrera,Celeb
Alfre_Woodard,Alfre Woodard,alfrewoodard,Celeb
Alfred_Hitchcock,Alfred Hitchcock,alfredhitchcock,Celeb
Ali_Fedotowsky,Ali Fedotowsky,alifedotowsky,Celeb
Ali_Hoseini_Khamenei,Ali Hoseini Khamenei,alihoseinikhamenei,Celeb
Ali_Lohan,Ali Lohan,alilohan,Celeb
Ali_MacGraw,Ali MacGraw,alimacgraw,Celeb
Ali_Michael,Ali Michael,alimichael,Celeb
Ali_Stephens,Ali Stephens,alistephens,Celeb
Alice_Faye,Alice Faye,alicefaye,Celeb
Alice_Greczyn,Alice Greczyn,alicegreczyn,Celeb
Alice_Panikian,Alice Panikian,alicepanikian,Celeb
Alice_White,Alice White,alicewhite,Celeb
Alicia_Machado,Alicia Machado,aliciamachado,Celeb
Alicja_Bachleda,Alicja Bachleda,alicjabachleda,Celeb
Aliki_Vougiouklaki,Aliki Vougiouklaki,alikivougiouklaki,Celeb
Alina_Puscau,Alina Puscau,alinapuscau,Celeb
Alina_Vacariu,Alina Vacariu,alinavacariu,Celeb
Aline_Nakashima,Aline Nakashima,alinenakashima,Celeb
Alisa_Bachurina,Alisa Bachurina,alisabachurina,Celeb
Alisa_Basyuk,Alisa Basyuk,alisabasyuk,Celeb
Alisa_Torres,Alisa Torres,alisatorres,Celeb
Alison_Eastwood,Alison Eastwood,alisoneastwood,Celeb
Alison_Haislip,Alison Haislip,alisonhaislip,Celeb
Alison_Mosshart,Alison Mosshart,alisonmosshart,Celeb
Alison_Nix,Alison Nix,alisonnix,Celeb
Alison_Waite,Alison Waite,alisonwaite,Celeb
Aljur_Abrenica,Aljur Abrenica,aljurabrenica,Celeb
Alla_Larionova,Alla Larionova,allalarionova,Celeb
Alla_Pugacheva,Alla Pugacheva,allapugacheva,Celeb
Allegra_Versace,Allegra Versace,allegraversace,Celeb
Allen_Say,Allen Say,allensay,Celeb
Allison_Melnick,Allison Melnick,allisonmelnick,Celeb
Allison_Scagliotti,Allison Scagliotti,allisonscagliotti,Celeb
Almudena_Fernandez,Almudena Fernandez,almudenafernandez,Celeb
Alona_Tal,Alona Tal,alonatal,Celeb
Alsou,Alsou,alsou,Celeb
Altuna_Sejdiu,Altuna Sejdiu,altunasejdiu,Celeb
Alvaro_Jacomossi,Alvaro Jacomossi,alvarojacomossi,Celeb
Aly_Michalka,Aly Michalka,alymichalka,Celeb
Alyssa_Campanella,Alyssa Campanella,alyssacampanella,Celeb
Alyssa_Milano,Alyssa Milano,alyssamilano,Celeb
Alyssa_Miller,Alyssa Miller,alyssamiller,Celeb
Alyssa_Sutherland,Alyssa Sutherland,alyssasutherland,Celeb
Alyssah_Ali,Alyssah Ali,alyssahali,Celeb
Alyy_Khan,Alyy Khan,alyykhan,Celeb
Amaia_Salamanca,Amaia Salamanca,amaiasalamanca,Celeb
Amancio_Ortega,Amancio Ortega,amancioortega,Celeb
Amanda_Brandao,Amanda Brandao,amandabrandao,Celeb
Amanda_De_Cadenet,Amanda De Cadenet,amandadecadenet,Celeb
Amanda_Detmer,Amanda Detmer,amandadetmer,Celeb
Amanda_Hearst,Amanda Hearst,amandahearst,Celeb
Amanda_Hendrick,Amanda Hendrick,amandahendrick,Celeb
Amanda_Holden,Amanda Holden,amandaholden,Celeb
Amanda_Lexx,Amanda Lexx,amandalexx,Celeb
Amanda_Loncar,Amanda Loncar,amandaloncar,Celeb
Amanda_Moore,Amanda Moore,amandamoore,Celeb
Amanda_Palmer,Amanda Palmer,amandapalmer,Celeb
Amanda_Plummer,Amanda Plummer,amandaplummer,Celeb
Amanda_Setton,Amanda Setton,amandasetton,Celeb
Amare_Stoudemire,Amare Stoudemire,amarestoudemire,Celeb
Amaury_Nolasco,Amaury Nolasco,amaurynolasco,Celeb
Ambareesh,Ambareesh,ambareesh,Celeb
Amber_Benson,Amber Benson,amberbenson,Celeb
Amber_Brkich,Amber Brkich,amberbrkich,Celeb
Amber_Campbell,Amber Campbell,ambercampbell,Celeb
Amber_Diane_Sainsbury,Amber Diane Sainsbury,amberdianesainsbury,Celeb
Amber_Evans,Amber Evans,amberevans,Celeb
Amber_Lancaster,Amber Lancaster,amberlancaster,Celeb
Amber_Riley,Amber Riley,amberriley,Celeb
Amber_Rose,Amber Rose,amberrose,Celeb
Ambra_Angiolini,Ambra Angiolini,ambraangiolini,Celeb
Ameesha_Patel,Ameesha Patel,ameeshapatel,Celeb
Amelia_Racine,Amelia Racine,ameliaracine,Celeb
Amelia_Warner,Amelia Warner,ameliawarner,Celeb
America_Olivo,America Olivo,americaolivo,Celeb
Americo_Amorim,Americo Amorim,americoamorim,Celeb
Ameriie,Ameriie,ameriie,Celeb
Amon_Tobin,Amon Tobin,amontobin,Celeb
Amrita_Arora,Amrita Arora,amritaarora,Celeb
Amrita_Mukherjee,Amrita Mukherjee,amritamukherjee,Celeb
Amy_Adams,Amy Adams,amyadams,Celeb
Amy_Childs,Amy Childs,amychilds,Celeb
Amy_Davidson,Amy Davidson,amydavidson,Celeb
Amy_Dumas,Amy Dumas,amydumas,Celeb
Amy_Grant,Amy Grant,amygrant,Celeb
Amy_Irving,Amy Irving,amyirving,Celeb
Amy_Jackson,Amy Jackson,amyjackson,Celeb
Amy_Locane,Amy Locane,amylocane,Celeb
Amy_Ryan,Amy Ryan,amyryan,Celeb
Amy_Sedaris,Amy Sedaris,amysedaris,Celeb
Ana_Alexander,Ana Alexander,anaalexander,Celeb
Ana_Beatriz_Barros,Ana Beatriz Barros,anabeatrizbarros,Celeb
Ana_Brenda_Contreras,Ana Brenda Contreras,anabrendacontreras,Celeb
Ana_Claudia_Michels,Ana Claudia Michels,anaclaudiamichels,Celeb
Ana_Cunha,Ana Cunha,anacunha,Celeb
Ana_Hickmann,Ana Hickmann,anahickmann,Celeb
Ana_Layevska,Ana Layevska,analayevska,Celeb
Ana_Lucia_Dominguez,Ana Lucia Dominguez,analuciadominguez,Celeb
Ana_Ortiz,Ana Ortiz,anaortiz,Celeb
Ana_Yancy_Clavel,Ana Yancy Clavel,anayancyclavel,Celeb
Ana_de_la_Reguera,Ana de la Reguera,anadelareguera,Celeb
Anabela_Belikova,Anabela Belikova,anabelabelikova,Celeb
Anahi,Anahi,anahi,Celeb
Analeigh_Tipton,Analeigh Tipton,analeightipton,Celeb
Analu_Campos,Analu Campos,analucampos,Celeb
Anand_Mahindra,Anand Mahindra,anandmahindra,Celeb
Ananda_Everingham,Ananda Everingham,anandaeveringham,Celeb
Ananda_Krishnan,Ananda Krishnan,anandakrishnan,Celeb
Ananda_Lewis,Ananda Lewis,anandalewis,Celeb
Anastacia,Anastacia,anastacia,Celeb
Anastasia_Stotskaya,Anastasia Stotskaya,anastasiastotskaya,Celeb
Anastasiya_Vertinskaya,Anastasiya Vertinskaya,anastasiyavertinskaya,Celeb
Anderson_Cooper,Anderson Cooper,andersoncooper,Celeb
Andi_Deris,Andi Deris,andideris,Celeb
Andi_Eigenmann,Andi Eigenmann,andieigenmann,Celeb
Andi_Muise,Andi Muise,andimuise,Celeb
Andre_3000_Andre_Benjamin,Andre 3000 Andre Benjamin,andre3000andrebenjamin,Celeb
Andrea_Anders,Andrea Anders,andreaanders,Celeb
Andrea_Corr,Andrea Corr,andreacorr,Celeb
Andrea_Escalona,Andrea Escalona,andreaescalona,Celeb
Andrea_Garcia,Andrea Garcia,andreagarcia,Celeb
Andrea_Hewitt,Andrea Hewitt,andreahewitt,Celeb
Andrea_Martin,Andrea Martin,andreamartin,Celeb
Andrea_Osvart,Andrea Osvart,andreaosvart,Celeb
Andrea_Parker,Andrea Parker,andreaparker,Celeb
Andrea_Pietra,Andrea Pietra,andreapietra,Celeb
Andreea_Diaconu,Andreea Diaconu,andreeadiaconu,Celeb
Andres_Gil,Andres Gil,andresgil,Celeb
Andres_Velencoso,Andres Velencoso,andresvelencoso,Celeb
Andressa_Fontana,Andressa Fontana,andressafontana,Celeb
Andrew_Keegan,Andrew Keegan,andrewkeegan,Celeb
Andrew_Lancel,Andrew Lancel,andrewlancel,Celeb
Andrew_Lee_Potts,Andrew Lee Potts,andrewleepotts,Celeb
Andrew_Stevens,Andrew Stevens,andrewstevens,Celeb
Andrew_VanWyngarden,Andrew VanWyngarden,andrewvanwyngarden,Celeb
Andriy_Shevchenko,Andriy Shevchenko,andriyshevchenko,Celeb
Andruw_Jones,Andruw Jones,andruwjones,Celeb
Andujar_Pablo,Andujar Pablo,andujarpablo,Celeb
Andy_Biersack,Andy Biersack,andybiersack,Celeb
Andy_Gibb,Andy Gibb,andygibb,Celeb
Andy_Murray,Andy Murray,andymurray,Celeb
Andy_Pettitte,Andy Pettitte,andypettitte,Celeb
Andy_Richter,Andy Richter,andyrichter,Celeb
Andy_Samberg,Andy Samberg,andysamberg,Celeb
Andy_Serkis,Andy Serkis,andyserkis,Celeb
Andy_Whitfield,Andy Whitfield,andywhitfield,Celeb
Andy_Williams,Andy Williams,andywilliams,Celeb
Anel_Odendaal,Anel Odendaal,anelodendaal,Celeb
Aneta_Corsaut,Aneta Corsaut,anetacorsaut,Celeb
Angel_Coulby,Angel Coulby,angelcoulby,Celeb
Angel_Faith,Angel Faith,angelfaith,Celeb
Angel_Lola_Luv_Fershgenet,Angel Lola Luv Fershgenet,angellolaluvfershgenet,Celeb
Angela_Cartwright,Angela Cartwright,angelacartwright,Celeb
Angela_Griffin,Angela Griffin,angelagriffin,Celeb
Angela_Lindvall,Angela Lindvall,angelalindvall,Celeb
Angela_Little,Angela Little,angelalittle,Celeb
Angela_Marcello,Angela Marcello,angelamarcello,Celeb
Angela_Simmons,Angela Simmons,angelasimmons,Celeb
Angelica_Rivera,Angelica Rivera,angelicarivera,Celeb
Angie_Cepeda,Angie Cepeda,angiecepeda,Celeb
Angie_Dickinson,Angie Dickinson,angiedickinson,Celeb
Angie_Harmon,Angie Harmon,angieharmon,Celeb
Angus_Macfadyen,Angus Macfadyen,angusmacfadyen,Celeb
Angus_McLaren,Angus McLaren,angusmclaren,Celeb
Angus_Scrimm,Angus Scrimm,angusscrimm,Celeb
Angus_T_Jones,Angus T Jones,angustjones,Celeb
Anine_Bing,Anine Bing,aninebing,Celeb
Anita_Briem,Anita Briem,anitabriem,Celeb
Anita_Ekberg,Anita Ekberg,anitaekberg,Celeb
Anita_Louise,Anita Louise,anitalouise,Celeb
Anita_Page,Anita Page,anitapage,Celeb
Anita_Pallenberg,Anita Pallenberg,anitapallenberg,Celeb
Anita_Zucker,Anita Zucker,anitazucker,Celeb
Anja_Kling,Anja Kling,anjakling,Celeb
Anja_Kruse,Anja Kruse,anjakruse,Celeb
Anja_Rubik,Anja Rubik,anjarubik,Celeb
Anjana_Sukhani,Anjana Sukhani,anjanasukhani,Celeb
Anjelica_Huston,Anjelica Huston,anjelicahuston,Celeb
Ann-Margret,Ann-Margret,annmargret,Celeb
Ann_Blyth,Ann Blyth,annblyth,Celeb
Ann_Coulter,Ann Coulter,anncoulter,Celeb
Ann_Curry,Ann Curry,anncurry,Celeb
Ann_Dvorak,Ann Dvorak,anndvorak,Celeb
Ann_Harding,Ann Harding,annharding,Celeb
Ann_Rutherford,Ann Rutherford,annrutherford,Celeb
Ann_Sheridan,Ann Sheridan,annsheridan,Celeb
Ann_Sothern,Ann Sothern,annsothern,Celeb
Anna_Belknap,Anna Belknap,annabelknap,Celeb
Anna_Brewster,Anna Brewster,annabrewster,Celeb
Anna_Chlumsky,Anna Chlumsky,annachlumsky,Celeb
Anna_Chyzh,Anna Chyzh,annachyzh,Celeb
Anna_Dereszowska,Anna Dereszowska,annadereszowska,Celeb
Anna_Draganska,Anna Draganska,annadraganska,Celeb
Anna_Falchi,Anna Falchi,annafalchi,Celeb
Anna_Friel,Anna Friel,annafriel,Celeb
Anna_Gunn,Anna Gunn,annagunn,Celeb
Anna_Gushina,Anna Gushina,annagushina,Celeb
Anna_Held,Anna Held,annaheld,Celeb
Anna_Hutchison,Anna Hutchison,annahutchison,Celeb
Anna_Jagodzinska,Anna Jagodzinska,annajagodzinska,Celeb
Anna_Karina,Anna Karina,annakarina,Celeb
Anna_Khilkevich,Anna Khilkevich,annakhilkevich,Celeb
Anna_Lee,Anna Lee,annalee,Celeb
Anna_Maria_Cseh,Anna Maria Cseh,annamariacseh,Celeb
Anna_Maria_Perez_de_Tagle,Anna Maria Perez de Tagle,annamariaperezdetagle,Celeb
Anna_Massey,Anna Massey,annamassey,Celeb
Anna_Meares,Anna Meares,annameares,Celeb
Anna_Mucha,Anna Mucha,annamucha,Celeb
Anna_Netrebko,Anna Netrebko,annanetrebko,Celeb
Anna_Przybylska,Anna Przybylska,annaprzybylska,Celeb
Anna_Safroncik,Anna Safroncik,annasafroncik,Celeb
Anna_Samokhina,Anna Samokhina,annasamokhina,Celeb
Anna_Selezneva,Anna Selezneva,annaselezneva,Celeb
Anna_Semenovich,Anna Semenovich,annasemenovich,Celeb
Anna_Shilling,Anna Shilling,annashilling,Celeb
Anna_Shinoda,Anna Shinoda,annashinoda,Celeb
Anna_Sten,Anna Sten,annasten,Celeb
Anna_Tokarska,Anna Tokarska,annatokarska,Celeb
Anna_Urajevskaya,Anna Urajevskaya,annaurajevskaya,Celeb
Annalaina_Marks,Annalaina Marks,annalainamarks,Celeb
Anne-Marie_Duff,Anne-Marie Duff,annemarieduff,Celeb
Anne_Archer,Anne Archer,annearcher,Celeb
Anne_Bancroft,Anne Bancroft,annebancroft,Celeb
Anne_Baxter,Anne Baxter,annebaxter,Celeb
Anne_Curtis,Anne Curtis,annecurtis,Celeb
Anne_Flore_Trichilo,Anne Flore Trichilo,annefloretrichilo,Celeb
Anne_Francis,Anne Francis,annefrancis,Celeb
Anne_Hathaway,Anne Hathaway,annehathaway,Celeb
Anne_Jeffreys,Anne Jeffreys,annejeffreys,Celeb
Anne_Marie_Howard,Anne Marie Howard,annemariehoward,Celeb
Anne_Sweeney,Anne Sweeney,annesweeney,Celeb
Anne_Vyalitsyna_Anne_V,Anne Vyalitsyna Anne V,annevyalitsynaannev,Celeb
Anneliese_van_der_Pol,Anneliese van der Pol,anneliesevanderpol,Celeb
Annelyse_Schoenberger,Annelyse Schoenberger,annelyseschoenberger,Celeb
Annemarie_Warnkross,Annemarie Warnkross,annemariewarnkross,Celeb
Annette_OToole,Annette OToole,annetteotoole,Celeb
Annette_Vadim,Annette Vadim,annettevadim,Celeb
Anni-Frid_Lyngstad,Anni-Frid Lyngstad,annifridlyngstad,Celeb
Annie_Lennox,Annie Lennox,annielennox,Celeb
Annie_Potts,Annie Potts,anniepotts,Celeb
Annie_Wersching,Annie Wersching,anniewersching,Celeb
Annika_Kipp,Annika Kipp,annikakipp,Celeb
Anouck_Lepere,Anouck Lepere,anoucklepere,Celeb
Anthony_Davis,Anthony Davis,anthonydavis,Celeb
Anthony_Green,Anthony Green,anthonygreen,Celeb
Anthony_Kiedis,Anthony Kiedis,anthonykiedis,Celeb
Anthony_Newley,Anthony Newley,anthonynewley,Celeb
Anthony_Perkins,Anthony Perkins,anthonyperkins,Celeb
Anthony_Quinn,Anthony Quinn,anthonyquinn,Celeb
Anthony_Sherwood,Anthony Sherwood,anthonysherwood,Celeb
Antigoni_Drakoulaki,Antigoni Drakoulaki,antigonidrakoulaki,Celeb
Antoinette_Kalaj,Antoinette Kalaj,antoinettekalaj,Celeb
Antonella_Roccuzzo,Antonella Roccuzzo,antonellaroccuzzo,Celeb
Antonia_Fontenelle,Antonia Fontenelle,antoniafontenelle,Celeb
Antonio_Sabato_Jr,Antonio Sabato Jr,antoniosabatojr,Celeb
Antony_Costa,Antony Costa,antonycosta,Celeb
Anuj_Sachdeva,Anuj Sachdeva,anujsachdeva,Celeb
Anushka_Manchandani,Anushka Manchandani,anushkamanchandani,Celeb
Anushka_Sharma,Anushka Sharma,anushkasharma,Celeb
Anushka_Shetty,Anushka Shetty,anushkashetty,Celeb
Anya_Kazakova,Anya Kazakova,anyakazakova,Celeb
Anya_Monzikova,Anya Monzikova,anyamonzikova,Celeb
Aoi_Miyazaki,Aoi Miyazaki,aoimiyazaki,Celeb
Aparajita_Mohanty,Aparajita Mohanty,aparajitamohanty,Celeb
Aphex_Twin,Aphex Twin,aphextwin,Celeb
ApldeAp,ApldeAp,apldeap,Celeb
Apollonia_Kotero,Apollonia Kotero,apolloniakotero,Celeb
Apolo_Anton_Ohno,Apolo Anton Ohno,apoloantonohno,Celeb
April_L_Hernandez,April L Hernandez,aprillhernandez,Celeb
April_Matson,April Matson,aprilmatson,Celeb
April_Scott,April Scott,aprilscott,Celeb
Araceli_Gonzalez,Araceli Gonzalez,araceligonzalez,Celeb
Aracely_Arambula,Aracely Arambula,aracelyarambula,Celeb
Arash,Arash,arash,Celeb
Ardian_Bujupi,Ardian Bujupi,ardianbujupi,Celeb
Argjentina_Ramosaj,Argjentina Ramosaj,argjentinaramosaj,Celeb
Aria_Crescendo,Aria Crescendo,ariacrescendo,Celeb
Ariadna_Gil,Ariadna Gil,ariadnagil,Celeb
Ariadne_Artiles,Ariadne Artiles,ariadneartiles,Celeb
Ariana_Grande,Ariana Grande,arianagrande,Celeb
Arianny_Celeste,Arianny Celeste,ariannyceleste,Celeb
Arielle_Vandenberg,Arielle Vandenberg,ariellevandenberg,Celeb
Aries_Merritt,Aries Merritt,ariesmerritt,Celeb
Arizona_Muse,Arizona Muse,arizonamuse,Celeb
Arjun_Bijlani,Arjun Bijlani,arjunbijlani,Celeb
Arleen_Whelan,Arleen Whelan,arleenwhelan,Celeb
Arlene_Dahl,Arlene Dahl,arlenedahl,Celeb
Arlenis_Sosa,Arlenis Sosa,arlenissosa,Celeb
Arleth_Teran,Arleth Teran,arlethteran,Celeb
Arlo_Guthrie,Arlo Guthrie,arloguthrie,Celeb
Armand_Assante,Armand Assante,armandassante,Celeb
Arnold_Vosloo,Arnold Vosloo,arnoldvosloo,Celeb
Arsene_Wenger,Arsene Wenger,arsenewenger,Celeb
Arta_Arifi,Arta Arifi,artaarifi,Celeb
Arthi_Agarwal,Arthi Agarwal,arthiagarwal,Celeb
Arthur_Aguiar,Arthur Aguiar,arthuraguiar,Celeb
Arthur_Blank,Arthur Blank,arthurblank,Celeb
Artur_Boruc,Artur Boruc,arturboruc,Celeb
Arya,Arya,arya,Celeb
Aryan_Sigdel,Aryan Sigdel,aryansigdel,Celeb
Aryane_Steinkopf,Aryane Steinkopf,aryanesteinkopf,Celeb
Arzum_Onan,Arzum Onan,arzumonan,Celeb
Asami_Abe,Asami Abe,asamiabe,Celeb
Asami_Konno,Asami Konno,asamikonno,Celeb
Asami_Tada,Asami Tada,asamitada,Celeb
Asha_Leo,Asha Leo,ashaleo,Celeb
Asher_Book,Asher Book,asherbook,Celeb
Asher_Keddie,Asher Keddie,asherkeddie,Celeb
Ashiko_Westguard,Ashiko Westguard,ashikowestguard,Celeb
Ashlee_Simpson_Wentz,Ashlee Simpson Wentz,ashleesimpsonwentz,Celeb
Ashleigh_Cummings,Ashleigh Cummings,ashleighcummings,Celeb
Ashleigh_Gryzko,Ashleigh Gryzko,ashleighgryzko,Celeb
Ashley_Argota,Ashley Argota,ashleyargota,Celeb
Ashley_Cole,Ashley Cole,ashleycole,Celeb
Ashley_Edner,Ashley Edner,ashleyedner,Celeb
Ashley_Harkleroad,Ashley Harkleroad,ashleyharkleroad,Celeb
Ashley_Hinshaw,Ashley Hinshaw,ashleyhinshaw,Celeb
Ashley_Jones,Ashley Jones,ashleyjones,Celeb
Ashley_Leggat,Ashley Leggat,ashleyleggat,Celeb
Ashley_Lowe,Ashley Lowe,ashleylowe,Celeb
Ashley_Massaro,Ashley Massaro,ashleymassaro,Celeb
Ashley_Newbrough,Ashley Newbrough,ashleynewbrough,Celeb
Ashley_Smith,Ashley Smith,ashleysmith,Celeb
Ashley_Tesoro,Ashley Tesoro,ashleytesoro,Celeb
Ashton_Eaton,Ashton Eaton,ashtoneaton,Celeb
Asia_Argento,Asia Argento,asiaargento,Celeb
Asin,Asin,asin,Celeb
Asli_Enver,Asli Enver,aslienver,Celeb
Asli_Tandogan,Asli Tandogan,aslitandogan,Celeb
Aston_Merrygold,Aston Merrygold,astonmerrygold,Celeb
Astrid_Berges_Frisbey,Astrid Berges Frisbey,astridbergesfrisbey,Celeb
Astrid_Guyart,Astrid Guyart,astridguyart,Celeb
Atif_Aslam,Atif Aslam,atifaslam,Celeb
Atiye_Deniz,Atiye Deniz,atiyedeniz,Celeb
Atlanta_De_Cadenet_Taylor,Atlanta De Cadenet Taylor,atlantadecadenettaylor,Celeb
Attila_Dolhai,Attila Dolhai,attiladolhai,Celeb
Audie_Murphy,Audie Murphy,audiemurphy,Celeb
Audra_McDonald,Audra McDonald,audramcdonald,Celeb
Audrey_Kitching,Audrey Kitching,audreykitching,Celeb
Audrey_Oday,Audrey Oday,audreyoday,Celeb
Audrey_Tcheumeo,Audrey Tcheumeo,audreytcheumeo,Celeb
Aurelia_Gliwski,Aurelia Gliwski,aureliagliwski,Celeb
Austin_Butler,Austin Butler,austinbutler,Celeb
Austin_Carlile,Austin Carlile,austincarlile,Celeb
Austin_Nichols,Austin Nichols,austinnichols,Celeb
Austin_Peck,Austin Peck,austinpeck,Celeb
Autumn_Holley,Autumn Holley,autumnholley,Celeb
Avan_Jogia,Avan Jogia,avanjogia,Celeb
Avant,Avant,avant,Celeb
Axelle_Red,Axelle Red,axellered,Celeb
Axl_Rose,Axl Rose,axlrose,Celeb
Aya_Ueto,Aya Ueto,ayaueto,Celeb
Ayaka_Komatsu,Ayaka Komatsu,ayakakomatsu,Celeb
Ayano_Tachibana,Ayano Tachibana,ayanotachibana,Celeb
Ayano_Yamamoto,Ayano Yamamoto,ayanoyamamoto,Celeb
Ayesha_Takia,Ayesha Takia,ayeshatakia,Celeb
Ayla_Kell,Ayla Kell,aylakell,Celeb
Aylin_Mujica,Aylin Mujica,aylinmujica,Celeb
Aymeline_Valade,Aymeline Valade,aymelinevalade,Celeb
Ayrton_Senna,Ayrton Senna,ayrtonsenna,Celeb
Azim_Premji,Azim Premji,azimpremji,Celeb
Aziz_Ansari,Aziz Ansari,azizansari,Celeb
Azra_Ece_Akderi,Azra Ece Akderi,azraeceakderi,Celeb
Azusa_Yamamoto,Azusa Yamamoto,azusayamamoto,Celeb
BD_Wong,BD Wong,bdwong,Celeb
BJ_Novak,BJ Novak,bjnovak,Celeb
Babs_Jongh,Babs Jongh,babsjongh,Celeb
Baby_Bash,Baby Bash,babybash,Celeb
Bade_Iscil,Bade Iscil,badeiscil,Celeb
Bae_Doo_na,Bae Doo na,baedoona,Celeb
Baelyn_Neff,Baelyn Neff,baelynneff,Celeb
Baghdatis_Marcos,Baghdatis Marcos,baghdatismarcos,Celeb
Bahar_Soomekh,Bahar Soomekh,baharsoomekh,Celeb
Bailey_Chase,Bailey Chase,baileychase,Celeb
Balthazar_Getty,Balthazar Getty,balthazargetty,Celeb
Bam_Margera,Bam Margera,bammargera,Celeb
Ban_Ki_moon,Ban Ki moon,bankimoon,Celeb
Bar_Paly,Bar Paly,barpaly,Celeb
Bara_Holotova,Bara Holotova,baraholotova,Celeb
Barack_Obama,Barack Obama,barackobama,Celeb
Barbara_Bain,Barbara Bain,barbarabain,Celeb
Barbara_Billingsley,Barbara Billingsley,barbarabillingsley,Celeb
Barbara_Bouchet,Barbara Bouchet,barbarabouchet,Celeb
Barbara_Brylska,Barbara Brylska,barbarabrylska,Celeb
Barbara_Eden,Barbara Eden,barbaraeden,Celeb
Barbara_Evans,Barbara Evans,barbaraevans,Celeb
Barbara_Feldon,Barbara Feldon,barbarafeldon,Celeb
Barbara_Fialho,Barbara Fialho,barbarafialho,Celeb
Barbara_Meier,Barbara Meier,barbarameier,Celeb
Barbara_Moore,Barbara Moore,barbaramoore,Celeb
Barbara_Mori,Barbara Mori,barbaramori,Celeb
Barbara_Palvin,Barbara Palvin,barbarapalvin,Celeb
Barbara_Rhoades,Barbara Rhoades,barbararhoades,Celeb
Barbara_Rush,Barbara Rush,barbararush,Celeb
Barbara_Stanwyck,Barbara Stanwyck,barbarastanwyck,Celeb
Barbi_Benton,Barbi Benton,barbibenton,Celeb
Barbie_Blank,Barbie Blank,barbieblank,Celeb
Baris_Kilic,Baris Kilic,bariskilic,Celeb
Barkha_Bisht,Barkha Bisht,barkhabisht,Celeb
Barry_Gibb,Barry Gibb,barrygibb,Celeb
Barry_Humphries,Barry Humphries,barryhumphries,Celeb
Barry_Manilow,Barry Manilow,barrymanilow,Celeb
Barry_White,Barry White,barrywhite,Celeb
Bartoli_Marion,Bartoli Marion,bartolimarion,Celeb
Barun_Sobti,Barun Sobti,barunsobti,Celeb
Basak_Koklukaya,Basak Koklukaya,basakkoklukaya,Celeb
Batum_Nicolas,Batum Nicolas,batumnicolas,Celeb
Baylie_Brown,Baylie Brown,bayliebrown,Celeb
Bea_Alonzo,Bea Alonzo,beaalonzo,Celeb
Bea_Arthur,Bea Arthur,beaarthur,Celeb
Beatrice_Borromeo,Beatrice Borromeo,beatriceborromeo,Celeb
Beatrice_Chirita,Beatrice Chirita,beatricechirita,Celeb
Beatrix_Ramosaj,Beatrix Ramosaj,beatrixramosaj,Celeb
Beau_Bokan,Beau Bokan,beaubokan,Celeb
Bec_Hewitt,Bec Hewitt,bechewitt,Celeb
Becki_Newton,Becki Newton,beckinewton,Celeb
Belcim_Bilgin,Belcim Bilgin,belcimbilgin,Celeb
Belen_Rodriguez,Belen Rodriguez,belenrodriguez,Celeb
Bella_Thorne,Bella Thorne,bellathorne,Celeb
Ben_Ainslie,Ben Ainslie,benainslie,Celeb
Ben_Barnes,Ben Barnes,benbarnes,Celeb
Ben_Bernanke,Ben Bernanke,benbernanke,Celeb
Ben_Chaplin,Ben Chaplin,benchaplin,Celeb
Ben_Folds,Ben Folds,benfolds,Celeb
Ben_Gazzara,Ben Gazzara,bengazzara,Celeb
Ben_Gibbard,Ben Gibbard,bengibbard,Celeb
Ben_Harper,Ben Harper,benharper,Celeb
Ben_McKenzie,Ben McKenzie,benmckenzie,Celeb
Ben_Roethlisberger,Ben Roethlisberger,benroethlisberger,Celeb
Ben_Stiller,Ben Stiller,benstiller,Celeb
Ben_Whishaw,Ben Whishaw,benwhishaw,Celeb
Benjamin_Amadeo,Benjamin Amadeo,benjaminamadeo,Celeb
Benjamin_Biolay,Benjamin Biolay,benjaminbiolay,Celeb
Benjamin_Millepied,Benjamin Millepied,benjaminmillepied,Celeb
Benjamin_Starke,Benjamin Starke,benjaminstarke,Celeb
Benji_Madden,Benji Madden,benjimadden,Celeb
Benneteau_Julien,Benneteau Julien,benneteaujulien,Celeb
Berdych_Tomas,Berdych Tomas,berdychtomas,Celeb
Berguzar_Korel,Berguzar Korel,berguzarkorel,Celeb
BernNadette_Stanis,BernNadette Stanis,bernnadettestanis,Celeb
Bernard_Lagat,Bernard Lagat,bernardlagat,Celeb
Bernie_Ecclestone,Bernie Ecclestone,bernieecclestone,Celeb
Berrak_Tuzunatac,Berrak Tuzunatac,berraktuzunatac,Celeb
Bertil_Hult,Bertil Hult,bertilhult,Celeb
Beth_Ostrosky,Beth Ostrosky,bethostrosky,Celeb
Beth_Riesgraf,Beth Riesgraf,bethriesgraf,Celeb
Bethany_Joy_Lenz,Bethany Joy Lenz,bethanyjoylenz,Celeb
Bette_Davis,Bette Davis,bettedavis,Celeb
Bette_Midler,Bette Midler,bettemidler,Celeb
Bettie_Page,Bettie Page,bettiepage,Celeb
Bettina_Bush,Bettina Bush,bettinabush,Celeb
Bettina_Zimmermann,Bettina Zimmermann,bettinazimmermann,Celeb
Betty_Bronson,Betty Bronson,bettybronson,Celeb
Betty_Garrett,Betty Garrett,bettygarrett,Celeb
Betty_Grable,Betty Grable,bettygrable,Celeb
Beverley_Knight,Beverley Knight,beverleyknight,Celeb
Beverley_Mitchell,Beverley Mitchell,beverleymitchell,Celeb
Bhoomika_Chawla,Bhoomika Chawla,bhoomikachawla,Celeb
Bia_Figueiredo,Bia Figueiredo,biafigueiredo,Celeb
Bianca_Balti,Bianca Balti,biancabalti,Celeb
Bianca_Bin,Bianca Bin,biancabin,Celeb
Bianca_Caloi,Bianca Caloi,biancacaloi,Celeb
Bianca_Christians,Bianca Christians,biancachristians,Celeb
Bianca_Gascoigne,Bianca Gascoigne,biancagascoigne,Celeb
Bianca_Gonzalez,Bianca Gonzalez,biancagonzalez,Celeb
Bianca_Kajlich,Bianca Kajlich,biancakajlich,Celeb
Bianca_Lawson,Bianca Lawson,biancalawson,Celeb
Bic_Runga,Bic Runga,bicrunga,Celeb
Bijou_Phillips,Bijou Phillips,bijouphillips,Celeb
Bill_Anderson,Bill Anderson,billanderson,Celeb
Bill_Daily,Bill Daily,billdaily,Celeb
Bill_Duke,Bill Duke,billduke,Celeb
Bill_Goldberg,Bill Goldberg,billgoldberg,Celeb
Bill_Kaulitz,Bill Kaulitz,billkaulitz,Celeb
Bill_Moseley,Bill Moseley,billmoseley,Celeb
Billie_Joe_Armstrong,Billie Joe Armstrong,billiejoearmstrong,Celeb
Billie_Piper,Billie Piper,billiepiper,Celeb
Billy_Burke,Billy Burke,billyburke,Celeb
Billy_Campbell,Billy Campbell,billycampbell,Celeb
Billy_Corgan,Billy Corgan,billycorgan,Celeb
Billy_Crudup,Billy Crudup,billycrudup,Celeb
Billy_Currington,Billy Currington,billycurrington,Celeb
Billy_Dee_Williams,Billy Dee Williams,billydeewilliams,Celeb
Billy_Duffy,Billy Duffy,billyduffy,Celeb
Billy_Gibbons,Billy Gibbons,billygibbons,Celeb
Billy_Idol,Billy Idol,billyidol,Celeb
Billy_Martin,Billy Martin,billymartin,Celeb
Billy_Ray_Cyrus,Billy Ray Cyrus,billyraycyrus,Celeb
Billy_Squier,Billy Squier,billysquier,Celeb
Billy_Unger,Billy Unger,billyunger,Celeb
Billy_Zane,Billy Zane,billyzane,Celeb
Bipasha_Basu,Bipasha Basu,bipashabasu,Celeb
Bjorn_Borg,Bjorn Borg,bjornborg,Celeb
Bjorn_Ulvaeus,Bjorn Ulvaeus,bjornulvaeus,Celeb
Blair_Redford,Blair Redford,blairredford,Celeb
Blake_Fielder-Civil,Blake Fielder-Civil,blakefieldercivil,Celeb
Blake_Griffin,Blake Griffin,blakegriffin,Celeb
Blake_Harnage,Blake Harnage,blakeharnage,Celeb
Blake_Lewis,Blake Lewis,blakelewis,Celeb
Blake_Lively,Blake Lively,blakelively,Celeb
Blake_Shelton,Blake Shelton,blakeshelton,Celeb
Blanca_Romero,Blanca Romero,blancaromero,Celeb
Blanca_Soto,Blanca Soto,blancasoto,Celeb
Bleona_Qereti,Bleona Qereti,bleonaqereti,Celeb
Blerim_Destani,Blerim Destani,blerimdestani,Celeb
Blixa_Bargeld,Blixa Bargeld,blixabargeld,Celeb
Blu_Cantrell,Blu Cantrell,blucantrell,Celeb
BoA,BoA,boa,Celeb
Bo_Bice,Bo Bice,bobice,Celeb
Bo_Derek,Bo Derek,boderek,Celeb
Bob_Denver,Bob Denver,bobdenver,Celeb
Bob_Harper,Bob Harper,bobharper,Celeb
Bobbi_Wiens,Bobbi Wiens,bobbiwiens,Celeb
Bobbie_Brown,Bobbie Brown,bobbiebrown,Celeb
Bobby_Brown,Bobby Brown,bobbybrown,Celeb
Bobby_Cannavale,Bobby Cannavale,bobbycannavale,Celeb
Bobby_Dall,Bobby Dall,bobbydall,Celeb
Bobby_Darin,Bobby Darin,bobbydarin,Celeb
Bobby_Deol,Bobby Deol,bobbydeol,Celeb
Bobby_Edner,Bobby Edner,bobbyedner,Celeb
Bobby_Flay,Bobby Flay,bobbyflay,Celeb
Bobby_Labonte,Bobby Labonte,bobbylabonte,Celeb
Bobby_V,Bobby V,bobbyv,Celeb
Bokeem_Woodbine,Bokeem Woodbine,bokeemwoodbine,Celeb
Bon_Jovi,Bon Jovi,bonjovi,Celeb
Bonnie_Bedelia,Bonnie Bedelia,bonniebedelia,Celeb
Bonnie_Bernstein,Bonnie Bernstein,bonniebernstein,Celeb
Bonnie_Franklin,Bonnie Franklin,bonniefranklin,Celeb
Bonnie_Raitt,Bonnie Raitt,bonnieraitt,Celeb
Bonnie_Somerville,Bonnie Somerville,bonniesomerville,Celeb
Booboo_Stewart,Booboo Stewart,booboostewart,Celeb
Booker_T,Booker T,bookert,Celeb
Bora_Dagtekin,Bora Dagtekin,boradagtekin,Celeb
Boris_Karloff,Boris Karloff,boriskarloff,Celeb
Brad_Kavanagh,Brad Kavanagh,bradkavanagh,Celeb
Brad_Keselowski,Brad Keselowski,bradkeselowski,Celeb
Brad_Renfro,Brad Renfro,bradrenfro,Celeb
Brad_Rowe,Brad Rowe,bradrowe,Celeb
Bradley_Cooper,Bradley Cooper,bradleycooper,Celeb
Bradley_James,Bradley James,bradleyjames,Celeb
Bradley_Soileau,Bradley Soileau,bradleysoileau,Celeb
Brandi_Brandt,Brandi Brandt,brandibrandt,Celeb
Brandi_Burkhardt,Brandi Burkhardt,brandiburkhardt,Celeb
Brandi_Glanville,Brandi Glanville,brandiglanville,Celeb
Brandi_Sherwood,Brandi Sherwood,brandisherwood,Celeb
Brandon_Beemer,Brandon Beemer,brandonbeemer,Celeb
Brandon_Davis,Brandon Davis,brandondavis,Celeb
Brandon_Flowers,Brandon Flowers,brandonflowers,Celeb
Brandon_Novak,Brandon Novak,brandonnovak,Celeb
Brandon_T_Jackson,Brandon T Jackson,brandontjackson,Celeb
Bre_Scullark,Bre Scullark,brescullark,Celeb
Brea_Grant,Brea Grant,breagrant,Celeb
Breana_McDow,Breana McDow,breanamcdow,Celeb
Breckin_Meyer,Breckin Meyer,breckinmeyer,Celeb
Bree_Olson,Bree Olson,breeolson,Celeb
Bregje_Heinen,Bregje Heinen,bregjeheinen,Celeb
Brenda_Asnicar,Brenda Asnicar,brendaasnicar,Celeb
Brenda_Bakke,Brenda Bakke,brendabakke,Celeb
Brenda_Blethyn,Brenda Blethyn,brendablethyn,Celeb
Brenda_Joyce,Brenda Joyce,brendajoyce,Celeb
Brenda_Lee,Brenda Lee,brendalee,Celeb
Brenda_Strong,Brenda Strong,brendastrong,Celeb
Brendan_Fehr,Brendan Fehr,brendanfehr,Celeb
Brendan_Gleeson,Brendan Gleeson,brendangleeson,Celeb
Brendon_Urie,Brendon Urie,brendonurie,Celeb
Brent_Sexton,Brent Sexton,brentsexton,Celeb
Bret_Harrison,Bret Harrison,bretharrison,Celeb
Bret_Michaels,Bret Michaels,bretmichaels,Celeb
Brett_Somers,Brett Somers,brettsomers,Celeb
Bria_Valente,Bria Valente,briavalente,Celeb
Brian_Cowan,Brian Cowan,briancowan,Celeb
Brian_Cox,Brian Cox,briancox,Celeb
Brian_Dennehy,Brian Dennehy,briandennehy,Celeb
Brian_Johnson,Brian Johnson,brianjohnson,Celeb
Brian_Krause,Brian Krause,briankrause,Celeb
Brian_Littrell,Brian Littrell,brianlittrell,Celeb
Brian_May,Brian May,brianmay,Celeb
Brian_McFadden,Brian McFadden,brianmcfadden,Celeb
Brian_McKnight,Brian McKnight,brianmcknight,Celeb
Brian_Molko,Brian Molko,brianmolko,Celeb
Brian_Van_Holt,Brian Van Holt,brianvanholt,Celeb
Brian_White,Brian White,brianwhite,Celeb
Brianna_Garcia,Brianna Garcia,briannagarcia,Celeb
Bridgit_Mendler,Bridgit Mendler,bridgitmendler,Celeb
Brie_Larson,Brie Larson,brielarson,Celeb
Brigitte_Bardot,Brigitte Bardot,brigittebardot,Celeb
Brigitte_Helm,Brigitte Helm,brigittehelm,Celeb
Bristol_Palin,Bristol Palin,bristolpalin,Celeb
Britt_Ekland,Britt Ekland,brittekland,Celeb
Brittany_Curran,Brittany Curran,brittanycurran,Celeb
Brittany_Daniel,Brittany Daniel,brittanydaniel,Celeb
Brittany_Elizabeth,Brittany Elizabeth,brittanyelizabeth,Celeb
Brittany_Flickinger,Brittany Flickinger,brittanyflickinger,Celeb
Brittney_Palmer,Brittney Palmer,brittneypalmer,Celeb
Brittny_Gastineau,Brittny Gastineau,brittnygastineau,Celeb
Brody_Dalle,Brody Dalle,brodydalle,Celeb
Bronson_Pelletier,Bronson Pelletier,bronsonpelletier,Celeb
Brooke_Hogan,Brooke Hogan,brookehogan,Celeb
Brooke_Kinsella,Brooke Kinsella,brookekinsella,Celeb
Brooke_Langton,Brooke Langton,brookelangton,Celeb
Brooke_Mueller,Brooke Mueller,brookemueller,Celeb
Brooke_Nevin,Brooke Nevin,brookenevin,Celeb
Brooke_White,Brooke White,brookewhite,Celeb
Brooklyn_Decker,Brooklyn Decker,brooklyndecker,Celeb
Brooks_Aaron,Brooks Aaron,brooksaaron,Celeb
Bruce_Boxleitner,Bruce Boxleitner,bruceboxleitner,Celeb
Bruce_Dickinson,Bruce Dickinson,brucedickinson,Celeb
Bruce_Greenwood,Bruce Greenwood,brucegreenwood,Celeb
Bruce_Halle,Bruce Halle,brucehalle,Celeb
Bruce_Jenner,Bruce Jenner,brucejenner,Celeb
Bruce_McGill,Bruce McGill,brucemcgill,Celeb
Bruno_Rezende,Bruno Rezende,brunorezende,Celeb
Bruno_Tonioli,Bruno Tonioli,brunotonioli,Celeb
Bryan_Brown,Bryan Brown,bryanbrown,Celeb
Buck_Owens,Buck Owens,buckowens,Celeb
Buckethead,Buckethead,buckethead,Celeb
Buddy_Ebsen,Buddy Ebsen,buddyebsen,Celeb
Buffy_Sainte_Marie,Buffy Sainte Marie,buffysaintemarie,Celeb
Bugra_Gulsoy,Bugra Gulsoy,bugragulsoy,Celeb
Burak_Hakki,Burak Hakki,burakhakki,Celeb
Burak_ozcivit,Burak ozcivit,burakozcivit,Celeb
Burcin_Terzioglu,Burcin Terzioglu,burcinterzioglu,Celeb
Burcu_Esmersoy,Burcu Esmersoy,burcuesmersoy,Celeb
Burcu_Kara,Burcu Kara,burcukara,Celeb
Burt_Young,Burt Young,burtyoung,Celeb
Burton_Cummings,Burton Cummings,burtoncummings,Celeb
Bushido,Bushido,bushido,Celeb
Buster_Keaton,Buster Keaton,busterkeaton,Celeb
CC_Catch,CC Catch,cccatch,Celeb
CC_Deville,CC Deville,ccdeville,Celeb
CJ_Wilson,CJ Wilson,cjwilson,Celeb
C_David_Johnson,C David Johnson,cdavidjohnson,Celeb
Caetano_Veloso,Caetano Veloso,caetanoveloso,Celeb
Caio_Castro,Caio Castro,caiocastro,Celeb
Caitlin_Beadles,Caitlin Beadles,caitlinbeadles,Celeb
Caitlin_Stasey,Caitlin Stasey,caitlinstasey,Celeb
Caitlin_Upton,Caitlin Upton,caitlinupton,Celeb
Caleb_Followill,Caleb Followill,calebfollowill,Celeb
Callie_Thorne,Callie Thorne,calliethorne,Celeb
Callum_Keith_Rennie,Callum Keith Rennie,callumkeithrennie,Celeb
Calum_Best,Calum Best,calumbest,Celeb
Cameron_Michael_Quiseng,Cameron Michael Quiseng,cameronmichaelquiseng,Celeb
Camila_Bordonaba,Camila Bordonaba,camilabordonaba,Celeb
Camila_Finn,Camila Finn,camilafinn,Celeb
Camila_Lingerie,Camila Lingerie,camilalingerie,Celeb
Camila_Morais,Camila Morais,camilamorais,Celeb
Camila_Outon,Camila Outon,camilaouton,Celeb
Camila_Sodi,Camila Sodi,camilasodi,Celeb
Camilla_Parker-Bowles,Camilla Parker-Bowles,camillaparkerbowles,Celeb
Camille_Grammer,Camille Grammer,camillegrammer,Celeb
Camille_Guaty,Camille Guaty,camilleguaty,Celeb
Camille_Lacourt,Camille Lacourt,camillelacourt,Celeb
Camille_Rowe,Camille Rowe,camillerowe,Celeb
Campbell_Scott,Campbell Scott,campbellscott,Celeb
Camron,Camron,camron,Celeb
Candace_Bailey,Candace Bailey,candacebailey,Celeb
Candace_Cameron_Bure,Candace Cameron Bure,candacecameronbure,Celeb
Candace_Rae,Candace Rae,candacerae,Celeb
Candice_Accola,Candice Accola,candiceaccola,Celeb
Candice_Azzara,Candice Azzara,candiceazzara,Celeb
Candice_Boucher,Candice Boucher,candiceboucher,Celeb
Candice_Clot,Candice Clot,candiceclot,Celeb
Candice_Crawford,Candice Crawford,candicecrawford,Celeb
Candice_Michelle,Candice Michelle,candicemichelle,Celeb
Candice_Night,Candice Night,candicenight,Celeb
Candy_Dulfer,Candy Dulfer,candydulfer,Celeb
Cansel_Elcin,Cansel Elcin,canselelcin,Celeb
Cansu_Dere,Cansu Dere,cansudere,Celeb
Caprice_Bourret,Caprice Bourret,capricebourret,Celeb
Cara_Delevigne,Cara Delevigne,caradelevigne,Celeb
Cara_Santana,Cara Santana,carasantana,Celeb
Cara_Wakelin,Cara Wakelin,carawakelin,Celeb
Carey_Hart,Carey Hart,careyhart,Celeb
CariDee_English,CariDee English,carideeenglish,Celeb
Cariba_Heine,Cariba Heine,caribaheine,Celeb
Carice_van_Houten,Carice van Houten,caricevanhouten,Celeb
Carissa_Capobianco,Carissa Capobianco,carissacapobianco,Celeb
Carl_Icahn,Carl Icahn,carlicahn,Celeb
Carla_Abellana,Carla Abellana,carlaabellana,Celeb
Carla_Brown,Carla Brown,carlabrown,Celeb
Carla_Conte,Carla Conte,carlaconte,Celeb
Carla_Diaz,Carla Diaz,carladiaz,Celeb
Carla_Gallo,Carla Gallo,carlagallo,Celeb
Carla_Ossa,Carla Ossa,carlaossa,Celeb
Carla_Peterson,Carla Peterson,carlapeterson,Celeb
Carlo_Rota,Carlo Rota,carlorota,Celeb
Carlos_Delfino,Carlos Delfino,carlosdelfino,Celeb
Carlos_Pena,Carlos Pena,carlospena,Celeb
Carlos_Ponce,Carlos Ponce,carlosponce,Celeb
Carlos_Santana,Carlos Santana,carlossantana,Celeb
Carlos_Slim_Helu,Carlos Slim Helu,carlosslimhelu,Celeb
Carlos_Tevez,Carlos Tevez,carlostevez,Celeb
Carlson_Young,Carlson Young,carlsonyoung,Celeb
Carly_Craig,Carly Craig,carlycraig,Celeb
Carly_Pope,Carly Pope,carlypope,Celeb
Carly_Schroeder,Carly Schroeder,carlyschroeder,Celeb
Carly_Simon,Carly Simon,carlysimon,Celeb
Carly_Zucker,Carly Zucker,carlyzucker,Celeb
Carmelita_Jeter,Carmelita Jeter,carmelitajeter,Celeb
Carmella_Bing,Carmella Bing,carmellabing,Celeb
Carmelo_Anthony,Carmelo Anthony,carmeloanthony,Celeb
Carmen_Ejogo,Carmen Ejogo,carmenejogo,Celeb
Carmen_Kass,Carmen Kass,carmenkass,Celeb
Carmen_Soo,Carmen Soo,carmensoo,Celeb
Carmen_Villalobos,Carmen Villalobos,carmenvillalobos,Celeb
Carmina_Villaroel,Carmina Villaroel,carminavillaroel,Celeb
Carmine_Giovinazzo,Carmine Giovinazzo,carminegiovinazzo,Celeb
Carmit_Bachar,Carmit Bachar,carmitbachar,Celeb
Carol_Alt,Carol Alt,carolalt,Celeb
Carol_Lynley,Carol Lynley,carollynley,Celeb
Carol_Macedo,Carol Macedo,carolmacedo,Celeb
Carol_Prates,Carol Prates,carolprates,Celeb
Carola_Remer,Carola Remer,carolaremer,Celeb
Carole_Bouquet,Carole Bouquet,carolebouquet,Celeb
Carole_King,Carole King,caroleking,Celeb
Carole_Shelley,Carole Shelley,caroleshelley,Celeb
Carolina_Ardohain,Carolina Ardohain,carolinaardohain,Celeb
Carolina_Bermudez,Carolina Bermudez,carolinabermudez,Celeb
Carolina_Bittencourt,Carolina Bittencourt,carolinabittencourt,Celeb
Carolina_Cerezuela,Carolina Cerezuela,carolinacerezuela,Celeb
Carolina_Cruz,Carolina Cruz,carolinacruz,Celeb
Carolina_Dieckmann,Carolina Dieckmann,carolinadieckmann,Celeb
Carolina_Pantoliano,Carolina Pantoliano,carolinapantoliano,Celeb
Carolina_Tejera,Carolina Tejera,carolinatejera,Celeb
Carolina_Thaler,Carolina Thaler,carolinathaler,Celeb
Caroline_DAmore,Caroline DAmore,carolinedamore,Celeb
Caroline_Francischini,Caroline Francischini,carolinefrancischini,Celeb
Caroline_Goodall,Caroline Goodall,carolinegoodall,Celeb
Caroline_Munro,Caroline Munro,carolinemunro,Celeb
Caroline_Trentini,Caroline Trentini,carolinetrentini,Celeb
Carolyn_Bessette-Kennedy,Carolyn Bessette-Kennedy,carolynbessettekennedy,Celeb
Carolyn_Jones,Carolyn Jones,carolynjones,Celeb
Carrie_Bickmore,Carrie Bickmore,carriebickmore,Celeb
Carrie_Brownstein,Carrie Brownstein,carriebrownstein,Celeb
Carrie_Keagan,Carrie Keagan,carriekeagan,Celeb
Carrie_Prejean,Carrie Prejean,carrieprejean,Celeb
Carroll_Baker,Carroll Baker,carrollbaker,Celeb
Carson_Kressley,Carson Kressley,carsonkressley,Celeb
Cary_Elwes,Cary Elwes,caryelwes,Celeb
Cary_Grant,Cary Grant,carygrant,Celeb
Casey_Affleck,Casey Affleck,caseyaffleck,Celeb
Casey_Anthony,Casey Anthony,caseyanthony,Celeb
Casey_Johnson,Casey Johnson,caseyjohnson,Celeb
Casey_Wilson,Casey Wilson,caseywilson,Celeb
Cash_Warren,Cash Warren,cashwarren,Celeb
Casper_Van_Dien,Casper Van Dien,caspervandien,Celeb
Cassandra_Peterson,Cassandra Peterson,cassandrapeterson,Celeb
Cassie_Scerbo,Cassie Scerbo,cassiescerbo,Celeb
Cassie_Steele,Cassie Steele,cassiesteele,Celeb
Cassie_Ventura,Cassie Ventura,cassieventura,Celeb
Cat_Deeley,Cat Deeley,catdeeley,Celeb
Cat_Power,Cat Power,catpower,Celeb
Cat_Stevens,Cat Stevens,catstevens,Celeb
Catalina_Otalvaro,Catalina Otalvaro,catalinaotalvaro,Celeb
Caterina_Murino,Caterina Murino,caterinamurino,Celeb
Catherine_Fulop,Catherine Fulop,catherinefulop,Celeb
Catherine_Hyde,Catherine Hyde,catherinehyde,Celeb
Catherine_McCormack,Catherine McCormack,catherinemccormack,Celeb
Catherine_McNeil,Catherine McNeil,catherinemcneil,Celeb
Catherine_OHara,Catherine OHara,catherineohara,Celeb
Catherine_Spaak,Catherine Spaak,catherinespaak,Celeb
Catherine_Tate,Catherine Tate,catherinetate,Celeb
Cathy_Guetta,Cathy Guetta,cathyguetta,Celeb
Cathy_McGowan,Cathy McGowan,cathymcgowan,Celeb
Catrinel_Menghia,Catrinel Menghia,catrinelmenghia,Celeb
Catt_Sadler,Catt Sadler,cattsadler,Celeb
Cayetano_Rivera,Cayetano Rivera,cayetanorivera,Celeb
Cecile_Cassel,Cecile Cassel,cecilecassel,Celeb
Cecilia_Bonelli,Cecilia Bonelli,ceciliabonelli,Celeb
Cecilie_Thomsen,Cecilie Thomsen,ceciliethomsen,Celeb
Cedric_Bixler-Zavala,Cedric Bixler-Zavala,cedricbixlerzavala,Celeb
CeeLo_Green,CeeLo Green,ceelogreen,Celeb
Celeste_Bonin,Celeste Bonin,celestebonin,Celeb
Celeste_Buckingham,Celeste Buckingham,celestebuckingham,Celeb
Celeste_Holm,Celeste Holm,celesteholm,Celeb
Celine_Brink,Celine Brink,celinebrink,Celeb
Cerina_Vincent,Cerina Vincent,cerinavincent,Celeb
Cesar_Cielo,Cesar Cielo,cesarcielo,Celeb
Cesar_Millan,Cesar Millan,cesarmillan,Celeb
Cesc_Fbregas,Cesc Fbregas,cescfbregas,Celeb
Ceyda_Ates,Ceyda Ates,ceydaates,Celeb
Ceyda_Duvenci,Ceyda Duvenci,ceydaduvenci,Celeb
Cha_Seung-won,Cha Seung-won,chaseungwon,Celeb
Chace_Crawford,Chace Crawford,chacecrawford,Celeb
Chad_Everett,Chad Everett,chadeverett,Celeb
Chad_Ginsburg,Chad Ginsburg,chadginsburg,Celeb
Chad_Johnson,Chad Johnson,chadjohnson,Celeb
Chaka_Khan,Chaka Khan,chakakhan,Celeb
Chandler_Canterbury,Chandler Canterbury,chandlercanterbury,Celeb
Chanel_Iman,Chanel Iman,chaneliman,Celeb
Chanelle_Hayes,Chanelle Hayes,chanellehayes,Celeb
Channing_Tatum,Channing Tatum,channingtatum,Celeb
Chante_Moore,Chante Moore,chantemoore,Celeb
Chantelle_Houghton,Chantelle Houghton,chantellehoughton,Celeb
Charice,Charice,charice,Celeb
Charisma_Carpenter,Charisma Carpenter,charismacarpenter,Celeb
Charity_Hodges,Charity Hodges,charityhodges,Celeb
Charles_Dance,Charles Dance,charlesdance,Celeb
Charles_Manson,Charles Manson,charlesmanson,Celeb
Charles_S_Dutton,Charles S Dutton,charlessdutton,Celeb
Charlie_Cox,Charlie Cox,charliecox,Celeb
Charlie_Davies,Charlie Davies,charliedavies,Celeb
Charlie_ONeale,Charlie ONeale,charlieoneale,Celeb
Charlie_Watts,Charlie Watts,charliewatts,Celeb
Charlott_Cordes,Charlott Cordes,charlottcordes,Celeb
Charlotte_Dawson,Charlotte Dawson,charlottedawson,Celeb
Charlotte_Engelhardt,Charlotte Engelhardt,charlotteengelhardt,Celeb
Charlotte_Kemp_Muhl,Charlotte Kemp Muhl,charlottekempmuhl,Celeb
Charlotte_Mears,Charlotte Mears,charlottemears,Celeb
Charoen_Sirivadhanabhakdi,Charoen Sirivadhanabhakdi,charoensirivadhanabhakdi,Celeb
Chase_Ellison,Chase Ellison,chaseellison,Celeb
Chaske_Spencer,Chaske Spencer,chaskespencer,Celeb
Chay_Suede,Chay Suede,chaysuede,Celeb
Chaya_Singh,Chaya Singh,chayasingh,Celeb
Chayanne,Chayanne,chayanne,Celeb
Chee_Chen_Tung,Chee Chen Tung,cheechentung,Celeb
Cheech_Marin,Cheech Marin,cheechmarin,Celeb
Chelsea_Charms,Chelsea Charms,chelseacharms,Celeb
Chelsea_Handler,Chelsea Handler,chelseahandler,Celeb
Chelsea_Salmon,Chelsea Salmon,chelseasalmon,Celeb
Chelsy_Davy,Chelsy Davy,chelsydavy,Celeb
Chen_Daoming,Chen Daoming,chendaoming,Celeb
Chenoa,Chenoa,chenoa,Celeb
Cheryl_Burke,Cheryl Burke,cherylburke,Celeb
Chester_Bennington,Chester Bennington,chesterbennington,Celeb
Cheyenne_Kimball,Cheyenne Kimball,cheyennekimball,Celeb
Chi_McBride,Chi McBride,chimcbride,Celeb
Chiaki_Takahashi,Chiaki Takahashi,chiakitakahashi,Celeb
Chiara_Baschetti,Chiara Baschetti,chiarabaschetti,Celeb
Chiara_Conti,Chiara Conti,chiaraconti,Celeb
China_Chow,China Chow,chinachow,Celeb
Chinatsu_Wakatsuki,Chinatsu Wakatsuki,chinatsuwakatsuki,Celeb
Chingy,Chingy,chingy,Celeb
Chino_Moreno,Chino Moreno,chinomoreno,Celeb
Chipper_Jones,Chipper Jones,chipperjones,Celeb
Chiquinquira_Delgado,Chiquinquira Delgado,chiquinquiradelgado,Celeb
Chisato_Morishita,Chisato Morishita,chisatomorishita,Celeb
Chiwetel_Ejiofor,Chiwetel Ejiofor,chiwetelejiofor,Celeb
Chizuru_Ikewaki,Chizuru Ikewaki,chizuruikewaki,Celeb
Chloe_Bello,Chloe Bello,chloebello,Celeb
Chloe_Gosselin,Chloe Gosselin,chloegosselin,Celeb
Chloe_Grace_Moretz,Chloe Grace Moretz,chloegracemoretz,Celeb
Chord_Overstreet,Chord Overstreet,chordoverstreet,Celeb
Chris_Andersen,Chris Andersen,chrisandersen,Celeb
Chris_Botti,Chris Botti,chrisbotti,Celeb
Chris_Broderick,Chris Broderick,chrisbroderick,Celeb
Chris_Carmack,Chris Carmack,chriscarmack,Celeb
Chris_Colfer,Chris Colfer,chriscolfer,Celeb
Chris_Daughtry,Chris Daughtry,chrisdaughtry,Celeb
Chris_Elliott,Chris Elliott,chriselliott,Celeb
Chris_Evans,Chris Evans,chrisevans,Celeb
Chris_Garver,Chris Garver,chrisgarver,Celeb
Chris_Hoy,Chris Hoy,chrishoy,Celeb
Chris_Isaak,Chris Isaak,chrisisaak,Celeb
Chris_Jericho,Chris Jericho,chrisjericho,Celeb
Chris_LeDoux,Chris LeDoux,chrisledoux,Celeb
Chris_Lowell,Chris Lowell,chrislowell,Celeb
Chris_Martin,Chris Martin,chrismartin,Celeb
Chris_Massoglia,Chris Massoglia,chrismassoglia,Celeb
Chris_Messina,Chris Messina,chrismessina,Celeb
Chris_Nunez,Chris Nunez,chrisnunez,Celeb
Chris_ODonnell,Chris ODonnell,chrisodonnell,Celeb
Chris_ODowd,Chris ODowd,chrisodowd,Celeb
Chris_Paul,Chris Paul,chrispaul,Celeb
Chris_Pratt,Chris Pratt,chrispratt,Celeb
Chris_Richardson,Chris Richardson,chrisrichardson,Celeb
Chris_Shiflett,Chris Shiflett,chrisshiflett,Celeb
Chris_Tiu,Chris Tiu,christiu,Celeb
Chris_Vance,Chris Vance,chrisvance,Celeb
Chris_Webber,Chris Webber,chriswebber,Celeb
Chris_Zylka,Chris Zylka,chriszylka,Celeb
Chrisette_Michele,Chrisette Michele,chrisettemichele,Celeb
Chrishell_Stause,Chrishell Stause,chrishellstause,Celeb
Christa_Campbell,Christa Campbell,christacampbell,Celeb
Christa_Miller,Christa Miller,christamiller,Celeb
Christel_Khalil,Christel Khalil,christelkhalil,Celeb
Christi_Shake,Christi Shake,christishake,Celeb
Christian_Audigier,Christian Audigier,christianaudigier,Celeb
Christian_Bautista,Christian Bautista,christianbautista,Celeb
Christian_Borle,Christian Borle,christianborle,Celeb
Christian_Coulson,Christian Coulson,christiancoulson,Celeb
Christian_Meier,Christian Meier,christianmeier,Celeb
Christian_Serratos,Christian Serratos,christianserratos,Celeb
Christian_Siriano,Christian Siriano,christiansiriano,Celeb
Christian_Slater,Christian Slater,christianslater,Celeb
Christiane_Amanpour,Christiane Amanpour,christianeamanpour,Celeb
Christie_Brinkley,Christie Brinkley,christiebrinkley,Celeb
Christie_Hemme,Christie Hemme,christiehemme,Celeb
Christina_DeRosa,Christina DeRosa,christinaderosa,Celeb
Christina_Klein,Christina Klein,christinaklein,Celeb
Christina_Koletsa,Christina Koletsa,christinakoletsa,Celeb
Christina_Ricci,Christina Ricci,christinaricci,Celeb
Christina_Robinson,Christina Robinson,christinarobinson,Celeb
Christina_Rosenvinge,Christina Rosenvinge,christinarosenvinge,Celeb
Christina_Stefanidi,Christina Stefanidi,christinastefanidi,Celeb
Christina_Sturmer,Christina Sturmer,christinasturmer,Celeb
Christine_Bleakley,Christine Bleakley,christinebleakley,Celeb
Christine_Kaufmann,Christine Kaufmann,christinekaufmann,Celeb
Christine_Lagarde,Christine Lagarde,christinelagarde,Celeb
Christine_Lakin,Christine Lakin,christinelakin,Celeb
Christine_McVie,Christine McVie,christinemcvie,Celeb
Christoph_Waltz,Christoph Waltz,christophwaltz,Celeb
Christopher_Atkins,Christopher Atkins,christopheratkins,Celeb
Christopher_Gorham,Christopher Gorham,christophergorham,Celeb
Christopher_Knight,Christopher Knight,christopherknight,Celeb
Christopher_Lloyd,Christopher Lloyd,christopherlloyd,Celeb
Christopher_McDonald,Christopher McDonald,christophermcdonald,Celeb
Christopher_Mintz_Plasse,Christopher Mintz Plasse,christophermintzplasse,Celeb
Christopher_Richard_Stringini,Christopher Richard Stringini,christopherrichardstringini,Celeb
Christopher_Showerman,Christopher Showerman,christophershowerman,Celeb
Christopher_Von_Uckermann,Christopher Von Uckermann,christophervonuckermann,Celeb
Christy_Canyon,Christy Canyon,christycanyon,Celeb
Christy_Romano,Christy Romano,christyromano,Celeb
Christy_Teigen,Christy Teigen,christyteigen,Celeb
Chuck_Connors,Chuck Connors,chuckconnors,Celeb
Chuck_Liddell,Chuck Liddell,chuckliddell,Celeb
Chung_Mong_Koo,Chung Mong Koo,chungmongkoo,Celeb
Churandy_Martina,Churandy Martina,churandymartina,Celeb
Chyler_Leigh,Chyler Leigh,chylerleigh,Celeb
Ciara,Ciara,ciara,Celeb
Cillian_Murphy,Cillian Murphy,cillianmurphy,Celeb
Cindy_Williams,Cindy Williams,cindywilliams,Celeb
Cinthia_Moura,Cinthia Moura,cinthiamoura,Celeb
Cintia_Dicker,Cintia Dicker,cintiadicker,Celeb
Cipolla_Flavio,Cipolla Flavio,cipollaflavio,Celeb
Claire_Bloom,Claire Bloom,clairebloom,Celeb
Claire_Cooper,Claire Cooper,clairecooper,Celeb
Claire_Holt,Claire Holt,claireholt,Celeb
Claire_Stansfield,Claire Stansfield,clairestansfield,Celeb
Claire_Trevor,Claire Trevor,clairetrevor,Celeb
Clara_Alonso,Clara Alonso,claraalonso,Celeb
Clara_Morgane,Clara Morgane,claramorgane,Celeb
Clark_Gregg,Clark Gregg,clarkgregg,Celeb
Claudette_Colbert,Claudette Colbert,claudettecolbert,Celeb
Claudia_Galanti,Claudia Galanti,claudiagalanti,Celeb
Claudia_Lizaldi,Claudia Lizaldi,claudializaldi,Celeb
Claudia_Raia,Claudia Raia,claudiaraia,Celeb
Claudia_Salinas,Claudia Salinas,claudiasalinas,Celeb
Claudia_Vieira,Claudia Vieira,claudiavieira,Celeb
Claudia_Winkleman,Claudia Winkleman,claudiawinkleman,Celeb
Claudine_Auger,Claudine Auger,claudineauger,Celeb
Clea_DuVall,Clea DuVall,cleaduvall,Celeb
Clemente_Russo,Clemente Russo,clementerusso,Celeb
Cleo_Pires,Cleo Pires,cleopires,Celeb
Clifton_Collins,Clifton Collins,cliftoncollins,Celeb
Clint_Black,Clint Black,clintblack,Celeb
Clive_Owen,Clive Owen,cliveowen,Celeb
Cloris_Leachman,Cloris Leachman,clorisleachman,Celeb
CoCo_Lee,CoCo Lee,cocolee,Celeb
Coco_Martin,Coco Martin,cocomartin,Celeb
Cody_Linley,Cody Linley,codylinley,Celeb
Cody_Longo,Cody Longo,codylongo,Celeb
Cole_Sprouse,Cole Sprouse,colesprouse,Celeb
Coleen_Gray,Coleen Gray,coleengray,Celeb
Coleen_Rooney,Coleen Rooney,coleenrooney,Celeb
Coley_Laffoon,Coley Laffoon,coleylaffoon,Celeb
Colin_Egglesfield,Colin Egglesfield,colinegglesfield,Celeb
Colin_Hanks,Colin Hanks,colinhanks,Celeb
Colin_Morgan,Colin Morgan,colinmorgan,Celeb
Colleen_Townsend,Colleen Townsend,colleentownsend,Celeb
Collien_Fernandes,Collien Fernandes,collienfernandes,Celeb
Colm_Feore,Colm Feore,colmfeore,Celeb
Colm_Wilkinson,Colm Wilkinson,colmwilkinson,Celeb
Colton_Dixon,Colton Dixon,coltondixon,Celeb
Colton_Haynes,Colton Haynes,coltonhaynes,Celeb
Common,Common,common,Celeb
Connie_Britton,Connie Britton,conniebritton,Celeb
Connie_Stevens,Connie Stevens,conniestevens,Celeb
Connor_Jessup,Connor Jessup,connorjessup,Celeb
Connor_Paolo,Connor Paolo,connorpaolo,Celeb
Conor_Dwyer,Conor Dwyer,conordwyer,Celeb
Conor_Kennedy,Conor Kennedy,conorkennedy,Celeb
Conor_Oberst,Conor Oberst,conoroberst,Celeb
Constance_Jablonski,Constance Jablonski,constancejablonski,Celeb
Conway_Twitty,Conway Twitty,conwaytwitty,Celeb
Cora_Schumacher,Cora Schumacher,coraschumacher,Celeb
Cora_Skinner,Cora Skinner,coraskinner,Celeb
Coralie_Balmy,Coralie Balmy,coraliebalmy,Celeb
Corey_Feldman,Corey Feldman,coreyfeldman,Celeb
Corey_Haim,Corey Haim,coreyhaim,Celeb
Corey_Taylor,Corey Taylor,coreytaylor,Celeb
Corin_Redgrave,Corin Redgrave,corinredgrave,Celeb
Corinna_Schumacher,Corinna Schumacher,corinnaschumacher,Celeb
Corinne_Bailey_Rae,Corinne Bailey Rae,corinnebaileyrae,Celeb
Corinne_Calvet,Corinne Calvet,corinnecalvet,Celeb
Cory_Booker,Cory Booker,corybooker,Celeb
Cory_Hardrict,Cory Hardrict,coryhardrict,Celeb
Cosima_Coppola,Cosima Coppola,cosimacoppola,Celeb
Cosma_Shiva_Hagen,Cosma Shiva Hagen,cosmashivahagen,Celeb
Courtney_B_Vance,Courtney B Vance,courtneybvance,Celeb
Courtney_Bingham,Courtney Bingham,courtneybingham,Celeb
Courtney_Ford,Courtney Ford,courtneyford,Celeb
Courtney_Hansen,Courtney Hansen,courtneyhansen,Celeb
Courtney_Thompson,Courtney Thompson,courtneythompson,Celeb
Craig_Bierko,Craig Bierko,craigbierko,Celeb
Craig_Horner,Craig Horner,craighorner,Celeb
Craig_Mabbitt,Craig Mabbitt,craigmabbitt,Celeb
Craig_Parker,Craig Parker,craigparker,Celeb
Craig_T_Nelson,Craig T Nelson,craigtnelson,Celeb
Criss_Angel,Criss Angel,crissangel,Celeb
Cristian_Imparato,Cristian Imparato,cristianimparato,Celeb
Cristian_de_la_Fuente,Cristian de la Fuente,cristiandelafuente,Celeb
Cristiana_Capotondi,Cristiana Capotondi,cristianacapotondi,Celeb
Cristiano_Ronaldo,Cristiano Ronaldo,cristianoronaldo,Celeb
Cristina_Scabbia,Cristina Scabbia,cristinascabbia,Celeb
Crystal_Reed,Crystal Reed,crystalreed,Celeb
Crystal_Renn,Crystal Renn,crystalrenn,Celeb
Crystle_Stewart,Crystle Stewart,crystlestewart,Celeb
Csaba_Vastag,Csaba Vastag,csabavastag,Celeb
Curtis_Jackson,Curtis Jackson,curtisjackson,Celeb
Curtis_Stone,Curtis Stone,curtisstone,Celeb
Cy_Waits,Cy Waits,cywaits,Celeb
Cyd_Charisse,Cyd Charisse,cydcharisse,Celeb
Cyndi_Lauper,Cyndi Lauper,cyndilauper,Celeb
Cynthia_Carroll,Cynthia Carroll,cynthiacarroll,Celeb
Cynthia_Gibb,Cynthia Gibb,cynthiagibb,Celeb
Cynthia_Myers,Cynthia Myers,cynthiamyers,Celeb
Cynthia_Olavarria,Cynthia Olavarria,cynthiaolavarria,Celeb
Cynthia_Rhodes,Cynthia Rhodes,cynthiarhodes,Celeb
Cynthia_Watros,Cynthia Watros,cynthiawatros,Celeb
DB_Sweeney,DB Sweeney,dbsweeney,Celeb
DJ_Pauly_D,DJ Pauly D,djpaulyd,Celeb
Da-hae_Lee,Da-hae Lee,dahaelee,Celeb
Dafina_Rexhepi,Dafina Rexhepi,dafinarexhepi,Celeb
Dafina_Zeqiri,Dafina Zeqiri,dafinazeqiri,Celeb
Dafne_Fernandez,Dafne Fernandez,dafnefernandez,Celeb
Daga_Ziober,Daga Ziober,dagaziober,Celeb
Daiana_Menezes,Daiana Menezes,daianamenezes,Celeb
Daiane_Conterato,Daiane Conterato,daianeconterato,Celeb
Daiane_Sodre,Daiane Sodre,daianesodre,Celeb
Daisy_Betts,Daisy Betts,daisybetts,Celeb
Daisy_Lowe,Daisy Lowe,daisylowe,Celeb
Dakota_Blue_Richards,Dakota Blue Richards,dakotabluerichards,Celeb
Dalene_Kurtis,Dalene Kurtis,dalenekurtis,Celeb
Daliah_Lavi,Daliah Lavi,daliahlavi,Celeb
Dalila_Di_Lazzaro,Dalila Di Lazzaro,daliladilazzaro,Celeb
Dallas_Austin,Dallas Austin,dallasaustin,Celeb
Dallas_Lovato,Dallas Lovato,dallaslovato,Celeb
Dalma_Maradona,Dalma Maradona,dalmamaradona,Celeb
Damien_Rice,Damien Rice,damienrice,Celeb
Damon_Wayans,Damon Wayans,damonwayans,Celeb
Dan_Abrams,Dan Abrams,danabrams,Celeb
Dan_Balan,Dan Balan,danbalan,Celeb
Dan_Fogler,Dan Fogler,danfogler,Celeb
Dana_Carvey,Dana Carvey,danacarvey,Celeb
Dana_International,Dana International,danainternational,Celeb
Dana_Reeve,Dana Reeve,danareeve,Celeb
Danell_Leyva,Danell Leyva,danellleyva,Celeb
Danica_McKellar,Danica McKellar,danicamckellar,Celeb
Danica_Patrick,Danica Patrick,danicapatrick,Celeb
Daniel_Baldwin,Daniel Baldwin,danielbaldwin,Celeb
Daniel_Bruhl,Daniel Bruhl,danielbruhl,Celeb
Daniel_Craig,Daniel Craig,danielcraig,Celeb
Daniel_Cudmore,Daniel Cudmore,danielcudmore,Celeb
Daniel_Johns,Daniel Johns,danieljohns,Celeb
Daniel_K_Inouye,Daniel K Inouye,danielkinouye,Celeb
Daniel_Matsunaga,Daniel Matsunaga,danielmatsunaga,Celeb
Daniel_Narcisse,Daniel Narcisse,danielnarcisse,Celeb
Daniel_Padilla,Daniel Padilla,danielpadilla,Celeb
Daniel_Stern,Daniel Stern,danielstern,Celeb
Daniel_Sunjata,Daniel Sunjata,danielsunjata,Celeb
Daniela_Bianchi,Daniela Bianchi,danielabianchi,Celeb
Daniela_Di_Giacomo,Daniela Di Giacomo,danieladigiacomo,Celeb
Daniela_Katzenberger,Daniela Katzenberger,danielakatzenberger,Celeb
Daniela_Lujan,Daniela Lujan,danielalujan,Celeb
Daniela_Pestova,Daniela Pestova,danielapestova,Celeb
Daniela_Ruah,Daniela Ruah,danielaruah,Celeb
Daniela_Tamayo,Daniela Tamayo,danielatamayo,Celeb
Daniele_Liotti,Daniele Liotti,danieleliotti,Celeb
Daniella_Monet,Daniella Monet,daniellamonet,Celeb
Daniella_Sarahyba,Daniella Sarahyba,daniellasarahyba,Celeb
Danielle_Bux,Danielle Bux,daniellebux,Celeb
Danielle_Campbell,Danielle Campbell,daniellecampbell,Celeb
Danielle_Darrieux,Danielle Darrieux,danielledarrieux,Celeb
Danielle_Evans,Danielle Evans,danielleevans,Celeb
Danielle_Fishel,Danielle Fishel,daniellefishel,Celeb
Danielle_Jonas,Danielle Jonas,daniellejonas,Celeb
Danielle_Knudson,Danielle Knudson,danielleknudson,Celeb
Danielle_OHara,Danielle OHara,danielleohara,Celeb
Danielle_Peazer,Danielle Peazer,daniellepeazer,Celeb
Danna_Garcia,Danna Garcia,dannagarcia,Celeb
Danneel_Ackles,Danneel Ackles,danneelackles,Celeb
Danny_Aiello,Danny Aiello,dannyaiello,Celeb
Danny_DeVito,Danny DeVito,dannydevito,Celeb
Danny_Dyer,Danny Dyer,dannydyer,Celeb
Danny_Kaye,Danny Kaye,dannykaye,Celeb
Danny_Masterson,Danny Masterson,dannymasterson,Celeb
Danny_Nucci,Danny Nucci,dannynucci,Celeb
Danny_Pintauro,Danny Pintauro,dannypintauro,Celeb
Danny_Pudi,Danny Pudi,dannypudi,Celeb
Danny_Trejo,Danny Trejo,dannytrejo,Celeb
Danny_Worsnop,Danny Worsnop,dannyworsnop,Celeb
Dany_Saval,Dany Saval,danysaval,Celeb
Daphne_Groeneveld,Daphne Groeneveld,daphnegroeneveld,Celeb
Darcis_Steve,Darcis Steve,darcissteve,Celeb
Daren_Kagasoff,Daren Kagasoff,darenkagasoff,Celeb
Daria_Strokous,Daria Strokous,dariastrokous,Celeb
Daria_Werbowy,Daria Werbowy,dariawerbowy,Celeb
Darius_McCrary,Darius McCrary,dariusmccrary,Celeb
Darren_Hayes,Darren Hayes,darrenhayes,Celeb
Daryl_Hall,Daryl Hall,darylhall,Celeb
Dasha_Astafieva,Dasha Astafieva,dashaastafieva,Celeb
Dasha_Kapustina,Dasha Kapustina,dashakapustina,Celeb
Dave_Brubeck,Dave Brubeck,davebrubeck,Celeb
Dave_Chappelle,Dave Chappelle,davechappelle,Celeb
Dave_Ellefson,Dave Ellefson,daveellefson,Celeb
Dave_Franco,Dave Franco,davefranco,Celeb
Dave_Grohl,Dave Grohl,davegrohl,Celeb
Dave_Mustaine,Dave Mustaine,davemustaine,Celeb
Daveigh_Chase,Daveigh Chase,daveighchase,Celeb
Davey_Havok,Davey Havok,daveyhavok,Celeb
David_Anders,David Anders,davidanders,Celeb
David_Bailey,David Bailey,davidbailey,Celeb
David_Bryan,David Bryan,davidbryan,Celeb
David_Cameron,David Cameron,davidcameron,Celeb
David_Cassidy,David Cassidy,davidcassidy,Celeb
David_Charvet,David Charvet,davidcharvet,Celeb
David_Conrad,David Conrad,davidconrad,Celeb
David_Cook,David Cook,davidcook,Celeb
David_Copperfield,David Copperfield,davidcopperfield,Celeb
David_Coverdale,David Coverdale,davidcoverdale,Celeb
David_Cross,David Cross,davidcross,Celeb
David_Duchovny,David Duchovny,davidduchovny,Celeb
David_Florence,David Florence,davidflorence,Celeb
David_Foster,David Foster,davidfoster,Celeb
David_Gahan,David Gahan,davidgahan,Celeb
David_Gallagher,David Gallagher,davidgallagher,Celeb
David_Geffen,David Geffen,davidgeffen,Celeb
David_Gilliland,David Gilliland,davidgilliland,Celeb
David_Green,David Green,davidgreen,Celeb
David_Grohl,David Grohl,davidgrohl,Celeb
David_Guetta,David Guetta,davidguetta,Celeb
David_Hayter,David Hayter,davidhayter,Celeb
David_Henrie,David Henrie,davidhenrie,Celeb
David_Henry,David Henry,davidhenry,Celeb
David_Hess,David Hess,davidhess,Celeb
David_Jason,David Jason,davidjason,Celeb
David_Koechner,David Koechner,davidkoechner,Celeb
David_Letterman,David Letterman,davidletterman,Celeb
David_Lynch,David Lynch,davidlynch,Celeb
David_Mazouz,David Mazouz,davidmazouz,Celeb
David_Niven,David Niven,davidniven,Celeb
David_OHara,David OHara,davidohara,Celeb
David_Ortiz,David Ortiz,davidortiz,Celeb
David_Paymer,David Paymer,davidpaymer,Celeb
David_Petraeus,David Petraeus,davidpetraeus,Celeb
David_Pomeranz,David Pomeranz,davidpomeranz,Celeb
David_Ragan,David Ragan,davidragan,Celeb
David_Schmitt,David Schmitt,davidschmitt,Celeb
David_Schroder,David Schroder,davidschroder,Celeb
David_Schwimmer,David Schwimmer,davidschwimmer,Celeb
David_Silveria,David Silveria,davidsilveria,Celeb
David_Steinberg,David Steinberg,davidsteinberg,Celeb
David_Strathairn,David Strathairn,davidstrathairn,Celeb
David_Thewlis,David Thewlis,davidthewlis,Celeb
David_Thomson,David Thomson,davidthomson,Celeb
David_Villa_Sanchez,David Villa Sanchez,davidvillasanchez,Celeb
David_Wenham,David Wenham,davidwenham,Celeb
David_Wu,David Wu,davidwu,Celeb
David_Zayas,David Zayas,davidzayas,Celeb
David_Zepeda,David Zepeda,davidzepeda,Celeb
Davinia_Taylor,Davinia Taylor,daviniataylor,Celeb
Davis_Glen,Davis Glen,davisglen,Celeb
Davis_Lauren,Davis Lauren,davislauren,Celeb
Davy_Jones,Davy Jones,davyjones,Celeb
Dawn_Harper,Dawn Harper,dawnharper,Celeb
Dawn_Olivieri,Dawn Olivieri,dawnolivieri,Celeb
Dawn_Wells,Dawn Wells,dawnwells,Celeb
Dayanara_Torres,Dayanara Torres,dayanaratorres,Celeb
Dayron_Robles,Dayron Robles,dayronrobles,Celeb
DeRay_Davis,DeRay Davis,deraydavis,Celeb
Dean_Cain,Dean Cain,deancain,Celeb
Dean_Martin,Dean Martin,deanmartin,Celeb
Dean_McDermott,Dean McDermott,deanmcdermott,Celeb
Dean_Reed,Dean Reed,deanreed,Celeb
Dean_Winters,Dean Winters,deanwinters,Celeb
Deanna_Miller,Deanna Miller,deannamiller,Celeb
Deanna_Pappas,Deanna Pappas,deannapappas,Celeb
Deanna_Russo,Deanna Russo,deannarusso,Celeb
Debbie_Capozzi,Debbie Capozzi,debbiecapozzi,Celeb
Debora_Comba,Debora Comba,deboracomba,Celeb
Deborah_Ann_Woll,Deborah Ann Woll,deborahannwoll,Celeb
Deborah_Gibson,Deborah Gibson,deborahgibson,Celeb
Deborah_Kara_Unger,Deborah Kara Unger,deborahkaraunger,Celeb
Deborah_Leng,Deborah Leng,deborahleng,Celeb
Deborah_Raffin,Deborah Raffin,deborahraffin,Celeb
Deborah_Secco,Deborah Secco,deborahsecco,Celeb
Deborra-Lee_Furness,Deborra-Lee Furness,deborraleefurness,Celeb
Debra_Jo_Rupp,Debra Jo Rupp,debrajorupp,Celeb
Debra_Paget,Debra Paget,debrapaget,Celeb
Dee_Plume,Dee Plume,deeplume,Celeb
Dee_Snider,Dee Snider,deesnider,Celeb
Deepak_Chopra,Deepak Chopra,deepakchopra,Celeb
Deepika_Padukone,Deepika Padukone,deepikapadukone,Celeb
Delphine_Chaneac,Delphine Chaneac,delphinechaneac,Celeb
Delphine_Ledoux,Delphine Ledoux,delphineledoux,Celeb
Delphine_Lo_Grasso,Delphine Lo Grasso,delphinelograsso,Celeb
Delta_Burke,Delta Burke,deltaburke,Celeb
Delta_Goodrem,Delta Goodrem,deltagoodrem,Celeb
Demet_Evgar,Demet Evgar,demetevgar,Celeb
Demetri_Martin,Demetri Martin,demetrimartin,Celeb
Denis_Leary,Denis Leary,denisleary,Celeb
Denis_OBrien,Denis OBrien,denisobrien,Celeb
Denise_Bidot,Denise Bidot,denisebidot,Celeb
Denise_Milani,Denise Milani,denisemilani,Celeb
Denise_Rich,Denise Rich,deniserich,Celeb
Deniz_Akkaya,Deniz Akkaya,denizakkaya,Celeb
Deniz_Ugur,Deniz Ugur,denizugur,Celeb
Deniz_cakir,Deniz cakir,denizcakir,Celeb
Dennis_Haysbert,Dennis Haysbert,dennishaysbert,Celeb
Dennis_Hopper,Dennis Hopper,dennishopper,Celeb
Dennis_Oh,Dennis Oh,dennisoh,Celeb
Dennis_Trillo,Dennis Trillo,dennistrillo,Celeb
Dennis_Weaver,Dennis Weaver,dennisweaver,Celeb
Denzel_Whitaker,Denzel Whitaker,denzelwhitaker,Celeb
Derek_Hough,Derek Hough,derekhough,Celeb
Derek_Luke,Derek Luke,derekluke,Celeb
Derek_Mears,Derek Mears,derekmears,Celeb
Derek_Ramsay,Derek Ramsay,derekramsay,Celeb
Derren_Brown,Derren Brown,derrenbrown,Celeb
Derrick_Rose,Derrick Rose,derrickrose,Celeb
Deryck_Whibley,Deryck Whibley,deryckwhibley,Celeb
Desi_Lydic,Desi Lydic,desilydic,Celeb
Desmond_Harrington,Desmond Harrington,desmondharrington,Celeb
Despoina_Vandi,Despoina Vandi,despoinavandi,Celeb
Dev_Patel,Dev Patel,devpatel,Celeb
Devendra_Banhart,Devendra Banhart,devendrabanhart,Celeb
Devin_DeVasquez,Devin DeVasquez,devindevasquez,Celeb
Devon_Bostick,Devon Bostick,devonbostick,Celeb
Dhanin_Chearavanont,Dhanin Chearavanont,dhaninchearavanont,Celeb
Dharmendra,Dharmendra,dharmendra,Celeb
Diahann_Carroll,Diahann Carroll,diahanncarroll,Celeb
Dian_Parkinson,Dian Parkinson,dianparkinson,Celeb
Diana_Amft,Diana Amft,dianaamft,Celeb
Diana_Chaves,Diana Chaves,dianachaves,Celeb
Diana_Dondoe,Diana Dondoe,dianadondoe,Celeb
Diana_Dumitrescu,Diana Dumitrescu,dianadumitrescu,Celeb
Diana_Kovalchuk,Diana Kovalchuk,dianakovalchuk,Celeb
Diana_Moldovan,Diana Moldovan,dianamoldovan,Celeb
Diana_Morales,Diana Morales,dianamorales,Celeb
Diana_Rigg,Diana Rigg,dianarigg,Celeb
Diana_Vickers,Diana Vickers,dianavickers,Celeb
Diane_Cilento,Diane Cilento,dianecilento,Celeb
Diane_Keaton,Diane Keaton,dianekeaton,Celeb
Diane_Sawyer,Diane Sawyer,dianesawyer,Celeb
Dichen_Lachman,Dichen Lachman,dichenlachman,Celeb
Dick_Butkus,Dick Butkus,dickbutkus,Celeb
Didem_Soydan,Didem Soydan,didemsoydan,Celeb
Didier_Dinart,Didier Dinart,didierdinart,Celeb
Dido,Dido,dido,Celeb
Diego_Child,Diego Child,diegochild,Celeb
Diego_Ferrero,Diego Ferrero,diegoferrero,Celeb
Diego_Forlan,Diego Forlan,diegoforlan,Celeb
Dierks_Bentley,Dierks Bentley,dierksbentley,Celeb
Dieter_Bohlen,Dieter Bohlen,dieterbohlen,Celeb
Dietmar_Hopp,Dietmar Hopp,dietmarhopp,Celeb
Dietrich_Mateschitz,Dietrich Mateschitz,dietrichmateschitz,Celeb
Dima_Bilan,Dima Bilan,dimabilan,Celeb
Dina_Meyer,Dina Meyer,dinameyer,Celeb
Dingdong_Dantes,Dingdong Dantes,dingdongdantes,Celeb
Dioni_Tabbers,Dioni Tabbers,dionitabbers,Celeb
Dirk_Nowitzki,Dirk Nowitzki,dirknowitzki,Celeb
Divya_Bharti,Divya Bharti,divyabharti,Celeb
Divya_Dutta,Divya Dutta,divyadutta,Celeb
Divyanka_Tripathi,Divyanka Tripathi,divyankatripathi,Celeb
Dixie_Carter,Dixie Carter,dixiecarter,Celeb
Diya_Mirza,Diya Mirza,diyamirza,Celeb
Dizzy_Reed,Dizzy Reed,dizzyreed,Celeb
Dodig_Ivan,Dodig Ivan,dodigivan,Celeb
Doi_Misaki,Doi Misaki,doimisaki,Celeb
Dolores_Fonzi,Dolores Fonzi,doloresfonzi,Celeb
Dolores_ORiordan,Dolores ORiordan,doloresoriordan,Celeb
Dolph_Ziggler,Dolph Ziggler,dolphziggler,Celeb
Dominic_Cooper,Dominic Cooper,dominiccooper,Celeb
Dominic_Purcell,Dominic Purcell,dominicpurcell,Celeb
Dominic_West,Dominic West,dominicwest,Celeb
Dominik_Meichtry,Dominik Meichtry,dominikmeichtry,Celeb
Dominika_Cibulkova,Dominika Cibulkova,dominikacibulkova,Celeb
Dominika_Paleta,Dominika Paleta,dominikapaleta,Celeb
Dominika_Szijartoova,Dominika Szijartoova,dominikaszijartoova,Celeb
Dominique_Piek,Dominique Piek,dominiquepiek,Celeb
Don_Adams,Don Adams,donadams,Celeb
Don_Cheadle,Don Cheadle,doncheadle,Celeb
Don_Knotts,Don Knotts,donknotts,Celeb
Don_McLean,Don McLean,donmclean,Celeb
Don_Omar,Don Omar,donomar,Celeb
Donald_Newhouse,Donald Newhouse,donaldnewhouse,Celeb
Donald_OConnor,Donald OConnor,donaldoconnor,Celeb
Donald_Sinden,Donald Sinden,donaldsinden,Celeb
Donavon_Frankenreiter,Donavon Frankenreiter,donavonfrankenreiter,Celeb
Donna_Air,Donna Air,donnaair,Celeb
Donna_Douglas,Donna Douglas,donnadouglas,Celeb
Donna_Feldman,Donna Feldman,donnafeldman,Celeb
Donna_Loren,Donna Loren,donnaloren,Celeb
Donna_Mills,Donna Mills,donnamills,Celeb
Donna_Summer,Donna Summer,donnasummer,Celeb
Donnie_Yen,Donnie Yen,donnieyen,Celeb
Dora_Mazzone,Dora Mazzone,doramazzone,Celeb
Dora_Szinetar,Dora Szinetar,doraszinetar,Celeb
Doris_Day,Doris Day,dorisday,Celeb
Dorismar,Dorismar,dorismar,Celeb
Dorota_Rabczewska,Dorota Rabczewska,dorotarabczewska,Celeb
Dorothea_Barth_Jorgensen,Dorothea Barth Jorgensen,dorotheabarthjorgensen,Celeb
Dorothy_Dandridge,Dorothy Dandridge,dorothydandridge,Celeb
Dorothy_Hart,Dorothy Hart,dorothyhart,Celeb
Dorothy_Paul,Dorothy Paul,dorothypaul,Celeb
Dot_Jones,Dot Jones,dotjones,Celeb
Doug_Hutchison,Doug Hutchison,doughutchison,Celeb
Doug_Reinhardt,Doug Reinhardt,dougreinhardt,Celeb
Doug_Savant,Doug Savant,dougsavant,Celeb
Dougie_Poynter,Dougie Poynter,dougiepoynter,Celeb
Douglas_Booth,Douglas Booth,douglasbooth,Celeb
Douglas_Smith,Douglas Smith,douglassmith,Celeb
Doukissa_Nomikou,Doukissa Nomikou,doukissanomikou,Celeb
Dr_Drew_Pinsky,Dr Drew Pinsky,drdrewpinsky,Celeb
Draco_Rosa,Draco Rosa,dracorosa,Celeb
Drake_Bell,Drake Bell,drakebell,Celeb
Drashti_Dhami,Drashti Dhami,drashtidhami,Celeb
Drew_Brees,Drew Brees,drewbrees,Celeb
Drew_Carey,Drew Carey,drewcarey,Celeb
Drew_Fuller,Drew Fuller,drewfuller,Celeb
Drew_Gilpin_Faust,Drew Gilpin Faust,drewgilpinfaust,Celeb
Drew_Lachey,Drew Lachey,drewlachey,Celeb
Drew_Seeley,Drew Seeley,drewseeley,Celeb
Drew_Sidora,Drew Sidora,drewsidora,Celeb
Dudley_Moore,Dudley Moore,dudleymoore,Celeb
Duff_McKagan,Duff McKagan,duffmckagan,Celeb
Duncan_James,Duncan James,duncanjames,Celeb
Dustin_Milligan,Dustin Milligan,dustinmilligan,Celeb
Dyan_Cannon,Dyan Cannon,dyancannon,Celeb
Dylan_Baker,Dylan Baker,dylanbaker,Celeb
Dylan_Everett,Dylan Everett,dylaneverett,Celeb
Dylan_Neal,Dylan Neal,dylanneal,Celeb
Dylan_Sprouse,Dylan Sprouse,dylansprouse,Celeb
Dylan_Walsh,Dylan Walsh,dylanwalsh,Celeb
E-40,E-40,e40,Celeb
Eamon_Sullivan,Eamon Sullivan,eamonsullivan,Celeb
Eamonn_Walker,Eamonn Walker,eamonnwalker,Celeb
Eartha_Kitt,Eartha Kitt,earthakitt,Celeb
Earvin_Magic_Johnson,Earvin Magic Johnson,earvinmagicjohnson,Celeb
Ebru_Polat,Ebru Polat,ebrupolat,Celeb
Ed_Harris,Ed Harris,edharris,Celeb
Ed_Mckeever,Ed Mckeever,edmckeever,Celeb
Ed_ONeill,Ed ONeill,edoneill,Celeb
Edd_Byrnes,Edd Byrnes,eddbyrnes,Celeb
Eddie_Cahill,Eddie Cahill,eddiecahill,Celeb
Eddie_Cibrian,Eddie Cibrian,eddiecibrian,Celeb
Eddie_Fisher,Eddie Fisher,eddiefisher,Celeb
Eddie_Marsan,Eddie Marsan,eddiemarsan,Celeb
Eddie_McClintock,Eddie McClintock,eddiemcclintock,Celeb
Eddie_Redmayne,Eddie Redmayne,eddieredmayne,Celeb
Eddy_Arnold,Eddy Arnold,eddyarnold,Celeb
Edie_Adams,Edie Adams,edieadams,Celeb
Edita_Vilkeviciute,Edita Vilkeviciute,editavilkeviciute,Celeb
Edith_Gonzalez,Edith Gonzalez,edithgonzalez,Celeb
Eduardo_Noriega,Eduardo Noriega,eduardonoriega,Celeb
Eduardo_Orozco,Eduardo Orozco,eduardoorozco,Celeb
Eduardo_Schwank,Eduardo Schwank,eduardoschwank,Celeb
Eduardo_Verastegui,Eduardo Verastegui,eduardoverastegui,Celeb
Eduardo_Yanez,Eduardo Yanez,eduardoyanez,Celeb
Edward_Asner,Edward Asner,edwardasner,Celeb
Edward_Van_Halen,Edward Van Halen,edwardvanhalen,Celeb
Edwige_Fenech,Edwige Fenech,edwigefenech,Celeb
Edyta_Gorniak,Edyta Gorniak,edytagorniak,Celeb
Ehud_Olmert,Ehud Olmert,ehudolmert,Celeb
Eijaz_Khan,Eijaz Khan,eijazkhan,Celeb
Eiza_Gonzalez,Eiza Gonzalez,eizagonzalez,Celeb
Ekaterina_Guseva,Ekaterina Guseva,ekaterinaguseva,Celeb
Ekaterina_Vilkova,Ekaterina Vilkova,ekaterinavilkova,Celeb
Elaine_Cassidy,Elaine Cassidy,elainecassidy,Celeb
Elaine_Irwin,Elaine Irwin,elaineirwin,Celeb
Elaine_Joyce,Elaine Joyce,elainejoyce,Celeb
Elaine_Stewart,Elaine Stewart,elainestewart,Celeb
Eleanor_Calder,Eleanor Calder,eleanorcalder,Celeb
Eleanor_Parker,Eleanor Parker,eleanorparker,Celeb
Elen_Rives,Elen Rives,elenrives,Celeb
Elena_Baltacha,Elena Baltacha,elenabaltacha,Celeb
Elena_Maximova,Elena Maximova,elenamaximova,Celeb
Elena_Proklova,Elena Proklova,elenaproklova,Celeb
Elena_Santarelli,Elena Santarelli,elenasantarelli,Celeb
Elena_Tablada,Elena Tablada,elenatablada,Celeb
Eleonora_Wexler,Eleonora Wexler,eleonorawexler,Celeb
Elettra_Wiedemann,Elettra Wiedemann,elettrawiedemann,Celeb
Eli_Roth,Eli Roth,eliroth,Celeb
Eliana,Eliana,eliana,Celeb
Elias_Koteas,Elias Koteas,eliaskoteas,Celeb
Elijah_Allman,Elijah Allman,elijahallman,Celeb
Elina_Ivanova,Elina Ivanova,elinaivanova,Celeb
Elina_Kantza,Elina Kantza,elinakantza,Celeb
Elisa_Di_Francisca,Elisa Di Francisca,elisadifrancisca,Celeb
Elisa_Sednaoui,Elisa Sednaoui,elisasednaoui,Celeb
Elisabeth_Harnois,Elisabeth Harnois,elisabethharnois,Celeb
Elisabeth_Reyes,Elisabeth Reyes,elisabethreyes,Celeb
Elisabeth_Rohm,Elisabeth Rohm,elisabethrohm,Celeb
Elisabeth_Van_Tergouw,Elisabeth Van Tergouw,elisabethvantergouw,Celeb
Elisabetta_Canalis,Elisabetta Canalis,elisabettacanalis,Celeb
Elisabetta_Gregoraci,Elisabetta Gregoraci,elisabettagregoraci,Celeb
Elisandra_Tomacheski,Elisandra Tomacheski,elisandratomacheski,Celeb
Elise_Crombez,Elise Crombez,elisecrombez,Celeb
Elizabeta_Burg,Elizabeta Burg,elizabetaburg,Celeb
Elizabeth_Carolan,Elizabeth Carolan,elizabethcarolan,Celeb
Elizabeth_Daily,Elizabeth Daily,elizabethdaily,Celeb
Elizabeth_Gutierrez,Elizabeth Gutierrez,elizabethgutierrez,Celeb
Elizabeth_Jagger,Elizabeth Jagger,elizabethjagger,Celeb
Elizabeth_McGovern,Elizabeth McGovern,elizabethmcgovern,Celeb
Elizabeth_Mitchell,Elizabeth Mitchell,elizabethmitchell,Celeb
Elizabeth_Perkins,Elizabeth Perkins,elizabethperkins,Celeb
Elizabeth_alvarez,Elizabeth alvarez,elizabethalvarez,Celeb
Elize_du_Toit,Elize du Toit,elizedutoit,Celeb
Elke_Sommer,Elke Sommer,elkesommer,Celeb
Ella_Raines,Ella Raines,ellaraines,Celeb
Elle_Liberachi,Elle Liberachi,elleliberachi,Celeb
Elle_Macpherson,Elle Macpherson,ellemacpherson,Celeb
Ellen_Adarna,Ellen Adarna,ellenadarna,Celeb
Ellen_Corby,Ellen Corby,ellencorby,Celeb
Ellen_DeGneres,Ellen DeGneres,ellendegneres,Celeb
Ellen_Johnson_Sirleaf,Ellen Johnson Sirleaf,ellenjohnsonsirleaf,Celeb
Ellen_Von_Unwerth,Ellen Von Unwerth,ellenvonunwerth,Celeb
Ellie_Goulding,Ellie Goulding,elliegoulding,Celeb
Ellie_Kemper,Ellie Kemper,elliekemper,Celeb
Elliott_Gould,Elliott Gould,elliottgould,Celeb
Elliott_Tittensor,Elliott Tittensor,elliotttittensor,Celeb
Elon_Musk,Elon Musk,elonmusk,Celeb
Eloyse_Lesueur,Eloyse Lesueur,eloyselesueur,Celeb
Elsa_Benitez,Elsa Benitez,elsabenitez,Celeb
Elsa_Martinelli,Elsa Martinelli,elsamartinelli,Celeb
Elsa_Pataky,Elsa Pataky,elsapataky,Celeb
Elsa_Pinilla,Elsa Pinilla,elsapinilla,Celeb
Elvana_Gjata,Elvana Gjata,elvanagjata,Celeb
Elyas_MBarek,Elyas MBarek,elyasmbarek,Celeb
Elyse_Sewell,Elyse Sewell,elysesewell,Celeb
Elyse_Taylor,Elyse Taylor,elysetaylor,Celeb
Emi_Yamamoto,Emi Yamamoto,emiyamamoto,Celeb
Emile_Hirsch,Emile Hirsch,emilehirsch,Celeb
Emilia_Attias,Emilia Attias,emiliaattias,Celeb
Emilia_Fox,Emilia Fox,emiliafox,Celeb
Emilie_Gomis,Emilie Gomis,emiliegomis,Celeb
Emilie_de_Ravin,Emilie de Ravin,emiliederavin,Celeb
Emilio_Estevez,Emilio Estevez,emilioestevez,Celeb
Emily_Atack,Emily Atack,emilyatack,Celeb
Emily_Browning,Emily Browning,emilybrowning,Celeb
Emily_Deschanel,Emily Deschanel,emilydeschanel,Celeb
Emily_Didonato,Emily Didonato,emilydidonato,Celeb
Emily_Maynard,Emily Maynard,emilymaynard,Celeb
Emily_Procter,Emily Procter,emilyprocter,Celeb
Emily_Ratajkowski,Emily Ratajkowski,emilyratajkowski,Celeb
Emily_Rose,Emily Rose,emilyrose,Celeb
Emina_Cunmulaj,Emina Cunmulaj,eminacunmulaj,Celeb
Emma_Blocksage,Emma Blocksage,emmablocksage,Celeb
Emma_Booth,Emma Booth,emmabooth,Celeb
Emma_Caulfield,Emma Caulfield,emmacaulfield,Celeb
Emma_Heming,Emma Heming,emmaheming,Celeb
Emma_Rigby,Emma Rigby,emmarigby,Celeb
Emma_Thomson,Emma Thomson,emmathomson,Celeb
Emma_Willis,Emma Willis,emmawillis,Celeb
Emma_de_Caunes,Emma de Caunes,emmadecaunes,Celeb
Emmanuelle_Seigner,Emmanuelle Seigner,emmanuelleseigner,Celeb
Emmylou_Harris,Emmylou Harris,emmylouharris,Celeb
Engin_Altan_Duzyatan,Engin Altan Duzyatan,enginaltanduzyatan,Celeb
Eniko_Mihalik,Eniko Mihalik,enikomihalik,Celeb
Enrico_Nadai,Enrico Nadai,enriconadai,Celeb
Enrique_Bunbury,Enrique Bunbury,enriquebunbury,Celeb
Enrique_Gil,Enrique Gil,enriquegil,Celeb
Erakovic_Marina,Erakovic Marina,erakovicmarina,Celeb
Eric_Braeden,Eric Braeden,ericbraeden,Celeb
Eric_Dane,Eric Dane,ericdane,Celeb
Eric_Ladin,Eric Ladin,ericladin,Celeb
Eric_Singer,Eric Singer,ericsinger,Celeb
Eric_Stoltz,Eric Stoltz,ericstoltz,Celeb
Eric_Winter,Eric Winter,ericwinter,Celeb
Erica_Cox,Erica Cox,ericacox,Celeb
Erick_Elias,Erick Elias,erickelias,Celeb
Erik_Estrada,Erik Estrada,erikestrada,Celeb
Erik_Kynard,Erik Kynard,erikkynard,Celeb
Erika_Eleniak,Erika Eleniak,erikaeleniak,Celeb
Erika_Sawajiri,Erika Sawajiri,erikasawajiri,Celeb
Erika_Toda,Erika Toda,erikatoda,Celeb
Erin_Brady,Erin Brady,erinbrady,Celeb
Erin_Burnett,Erin Burnett,erinburnett,Celeb
Erin_Cummings,Erin Cummings,erincummings,Celeb
Erin_Gray,Erin Gray,eringray,Celeb
Erin_Heatherton,Erin Heatherton,erinheatherton,Celeb
Erin_McNaught,Erin McNaught,erinmcnaught,Celeb
Erin_Moran,Erin Moran,erinmoran,Celeb
Erin_Sanders,Erin Sanders,erinsanders,Celeb
Erin_Wasson,Erin Wasson,erinwasson,Celeb
Erivan_Haub,Erivan Haub,erivanhaub,Celeb
Erkan_Bektas,Erkan Bektas,erkanbektas,Celeb
Ernest_Borgnine,Ernest Borgnine,ernestborgnine,Celeb
Ernesto_Bertarelli,Ernesto Bertarelli,ernestobertarelli,Celeb
Ernie_Hudson,Ernie Hudson,erniehudson,Celeb
Ervic_Vijandre,Ervic Vijandre,ervicvijandre,Celeb
Erykah_Badu,Erykah Badu,erykahbadu,Celeb
Esha_Gupta,Esha Gupta,eshagupta,Celeb
Esmeralda_Moya,Esmeralda Moya,esmeraldamoya,Celeb
Estelle_Lefebure,Estelle Lefebure,estellelefebure,Celeb
Esther_Baxter,Esther Baxter,estherbaxter,Celeb
Esther_Canadas,Esther Canadas,esthercanadas,Celeb
Esther_Williams,Esther Williams,estherwilliams,Celeb
Ethan_Suplee,Ethan Suplee,ethansuplee,Celeb
Eugenia_Silva,Eugenia Silva,eugeniasilva,Celeb
Eugenia_Tobal,Eugenia Tobal,eugeniatobal,Celeb
Eugenio_Siller,Eugenio Siller,eugeniosiller,Celeb
Eva_Bartok,Eva Bartok,evabartok,Celeb
Eva_Gabor,Eva Gabor,evagabor,Celeb
Eva_La_Rue,Eva La Rue,evalarue,Celeb
Eva_Longoria_Parker,Eva Longoria Parker,evalongoriaparker,Celeb
Eva_Marcille,Eva Marcille,evamarcille,Celeb
Eva_Padberg,Eva Padberg,evapadberg,Celeb
Eva_Peron,Eva Peron,evaperon,Celeb
Eva_Riccobono,Eva Riccobono,evariccobono,Celeb
Eva_Shaw,Eva Shaw,evashaw,Celeb
Evan_Handler,Evan Handler,evanhandler,Celeb
Evan_Lysacek,Evan Lysacek,evanlysacek,Celeb
Evan_Peters,Evan Peters,evanpeters,Celeb
Evangeline_Lilly,Evangeline Lilly,evangelinelilly,Celeb
Eve_Arden,Eve Arden,evearden,Celeb
Eve_Hewson,Eve Hewson,evehewson,Celeb
Eve_Mauro,Eve Mauro,evemauro,Celeb
Eve_Meyer,Eve Meyer,evemeyer,Celeb
Eve_Plumb,Eve Plumb,eveplumb,Celeb
Evgenia_Manolidou,Evgenia Manolidou,evgeniamanolidou,Celeb
Ewa_Aulin,Ewa Aulin,ewaaulin,Celeb
Ewa_Sonnet,Ewa Sonnet,ewasonnet,Celeb
Ewelina_Olczak,Ewelina Olczak,ewelinaolczak,Celeb
Ewen_Bremner,Ewen Bremner,ewenbremner,Celeb
Ezekiel_Jackson,Ezekiel Jackson,ezekieljackson,Celeb
Ezgi_Asaroglu,Ezgi Asaroglu,ezgiasaroglu,Celeb
Ezgi_Eyuboglu,Ezgi Eyuboglu,ezgieyuboglu,Celeb
F_Murray_Abraham,F Murray Abraham,fmurrayabraham,Celeb
Fabian_Mazzei,Fabian Mazzei,fabianmazzei,Celeb
Fabiana_Flosi,Fabiana Flosi,fabianaflosi,Celeb
Fabiana_Semprebom,Fabiana Semprebom,fabianasemprebom,Celeb
Fabienne_Rothe,Fabienne Rothe,fabiennerothe,Celeb
Fabrizio_Moretti,Fabrizio Moretti,fabriziomoretti,Celeb
Facundo_Arana,Facundo Arana,facundoarana,Celeb
Fahriye_Evcen,Fahriye Evcen,fahriyeevcen,Celeb
Faisal_Khan,Faisal Khan,faisalkhan,Celeb
Faith_Domergue,Faith Domergue,faithdomergue,Celeb
Faith_Ford,Faith Ford,faithford,Celeb
Fan_Bingbing,Fan Bingbing,fanbingbing,Celeb
Fanny_Cottencon,Fanny Cottencon,fannycottencon,Celeb
Fantasia_Barrino,Fantasia Barrino,fantasiabarrino,Celeb
Farah_Khan,Farah Khan,farahkhan,Celeb
Fardeen_Khan,Fardeen Khan,fardeenkhan,Celeb
Farley_Granger,Farley Granger,farleygranger,Celeb
Farrah_Fawcett,Farrah Fawcett,farrahfawcett,Celeb
Farrah_Hall,Farrah Hall,farrahhall,Celeb
Fat_Joe,Fat Joe,fatjoe,Celeb
Fatima_Torre,Fatima Torre,fatimatorre,Celeb
Faune_A_Chambers,Faune A Chambers,fauneachambers,Celeb
Fay_Ripley,Fay Ripley,fayripley,Celeb
Fearne_Cotton,Fearne Cotton,fearnecotton,Celeb
Federica_Pellegrini,Federica Pellegrini,federicapellegrini,Celeb
Federico_Castelluccio,Federico Castelluccio,federicocastelluccio,Celeb
Fedor_Bondarchuk,Fedor Bondarchuk,fedorbondarchuk,Celeb
Fei_Fei_Sun,Fei Fei Sun,feifeisun,Celeb
Felicitas_Woll,Felicitas Woll,felicitaswoll,Celeb
Felipe_Colombo,Felipe Colombo,felipecolombo,Celeb
Felipe_Massa,Felipe Massa,felipemassa,Celeb
Fenella_Fielding,Fenella Fielding,fenellafielding,Celeb
Feride_cetin,Feride cetin,feridecetin,Celeb
Fernanda_Paes_Leme,Fernanda Paes Leme,fernandapaesleme,Celeb
Fernanda_Prada,Fernanda Prada,fernandaprada,Celeb
Fernanda_Romero,Fernanda Romero,fernandaromero,Celeb
Fernando_Colunga,Fernando Colunga,fernandocolunga,Celeb
Fernando_Torres,Fernando Torres,fernandotorres,Celeb
Ferrer_David,Ferrer David,ferrerdavid,Celeb
Fess_Parker,Fess Parker,fessparker,Celeb
Filipp_Kirkorov,Filipp Kirkorov,filippkirkorov,Celeb
Filiz_Ahmet,Filiz Ahmet,filizahmet,Celeb
Finola_Hughes,Finola Hughes,finolahughes,Celeb
Fiona_Apple,Fiona Apple,fionaapple,Celeb
Firat_Celik,Firat Celik,firatcelik,Celeb
Fiuk,Fiuk,fiuk,Celeb
Flavia_Alessandra,Flavia Alessandra,flaviaalessandra,Celeb
Flavia_de_Oliveira,Flavia de Oliveira,flaviadeoliveira,Celeb
Flavio_Briatore,Flavio Briatore,flaviobriatore,Celeb
Florence_Brudenell-Bruce,Florence Brudenell-Bruce,florencebrudenellbruce,Celeb
Florence_Henderson,Florence Henderson,florencehenderson,Celeb
Florencia_Bertotti,Florencia Bertotti,florenciabertotti,Celeb
Florencia_Raggi,Florencia Raggi,florenciaraggi,Celeb
Florencia_Torrente,Florencia Torrente,florenciatorrente,Celeb
Florent_Pietrus,Florent Pietrus,florentpietrus,Celeb
Florentine_Lahme,Florentine Lahme,florentinelahme,Celeb
Florian_Carvalho,Florian Carvalho,floriancarvalho,Celeb
Florian_David_Fitz,Florian David Fitz,floriandavidfitz,Celeb
Fluvia_Lacerda,Fluvia Lacerda,fluvialacerda,Celeb
Fonzworth_Bentley,Fonzworth Bentley,fonzworthbentley,Celeb
France_Nuyen,France Nuyen,francenuyen,Celeb
Frances_McDormand,Frances McDormand,francesmcdormand,Celeb
Frances_OConnor,Frances OConnor,francesoconnor,Celeb
Francesca_Eastwood,Francesca Eastwood,francescaeastwood,Celeb
Francesca_Gregorini,Francesca Gregorini,francescagregorini,Celeb
Francesca_Hetfield,Francesca Hetfield,francescahetfield,Celeb
Francesca_Sandford,Francesca Sandford,francescasandford,Celeb
Francisco_Costa,Francisco Costa,franciscocosta,Celeb
Francisco_Lachowski,Francisco Lachowski,franciscolachowski,Celeb
Francisco_Rivera_Ordonez,Francisco Rivera Ordonez,franciscoriveraordonez,Celeb
Francois_Hollande,Francois Hollande,francoishollande,Celeb
Francois_Pinault,Francois Pinault,francoispinault,Celeb
Francois_Truffaut,Francois Truffaut,francoistruffaut,Celeb
Francois_Vincentelli,Francois Vincentelli,francoisvincentelli,Celeb
Francoise_Hardy,Francoise Hardy,francoisehardy,Celeb
Frank_Finlay,Frank Finlay,frankfinlay,Celeb
Frank_Iero,Frank Iero,frankiero,Celeb
Frank_Lampard,Frank Lampard,franklampard,Celeb
Frank_Langella,Frank Langella,franklangella,Celeb
Frank_Lowy,Frank Lowy,franklowy,Celeb
Frank_Whaley,Frank Whaley,frankwhaley,Celeb
Frank_Wildhorn,Frank Wildhorn,frankwildhorn,Celeb
Frankie_Avalon,Frankie Avalon,frankieavalon,Celeb
Frankie_J,Frankie J,frankiej,Celeb
Frankie_Laine,Frankie Laine,frankielaine,Celeb
Frankie_Rayder,Frankie Rayder,frankierayder,Celeb
Frankie_Sandford,Frankie Sandford,frankiesandford,Celeb
Frankie_Valli,Frankie Valli,frankievalli,Celeb
Franziska_Knuppe,Franziska Knuppe,franziskaknuppe,Celeb
Franziska_van_Almsick,Franziska van Almsick,franziskavanalmsick,Celeb
Fred_Astaire,Fred Astaire,fredastaire,Celeb
Fred_Coury,Fred Coury,fredcoury,Celeb
Fred_Ewanuick,Fred Ewanuick,fredewanuick,Celeb
Fred_MacMurray,Fred MacMurray,fredmacmurray,Celeb
Fred_Willard,Fred Willard,fredwillard,Celeb
Freddie_Highmore,Freddie Highmore,freddiehighmore,Celeb
Freddy_Prinze_Jr,Freddy Prinze Jr,freddyprinzejr,Celeb
Frederic_Diefenthal,Frederic Diefenthal,fredericdiefenthal,Celeb
Frederique_Bel,Frederique Bel,frederiquebel,Celeb
Freida_Pinto,Freida Pinto,freidapinto,Celeb
Freja_Beha,Freja Beha,frejabeha,Celeb
Freja_Erichsen,Freja Erichsen,frejaerichsen,Celeb
Friede_Springer,Friede Springer,friedespringer,Celeb
Fu_Chengyu,Fu Chengyu,fuchengyu,Celeb
Gabe_Saporta,Gabe Saporta,gabesaporta,Celeb
Gabi_Toth,Gabi Toth,gabitoth,Celeb
Gabriel_Aubry,Gabriel Aubry,gabrielaubry,Celeb
Gabriel_Byrne,Gabriel Byrne,gabrielbyrne,Celeb
Gabriel_Macht,Gabriel Macht,gabrielmacht,Celeb
Gabriel_Mann,Gabriel Mann,gabrielmann,Celeb
Gabriel_Porras,Gabriel Porras,gabrielporras,Celeb
Gabriel_Soto,Gabriel Soto,gabrielsoto,Celeb
Gabriela_Markus,Gabriela Markus,gabrielamarkus,Celeb
Gabriela_Paganini,Gabriela Paganini,gabrielapaganini,Celeb
Gabriela_Rabelo,Gabriela Rabelo,gabrielarabelo,Celeb
Gabriela_Sari,Gabriela Sari,gabrielasari,Celeb
Gabriela_Spanic,Gabriela Spanic,gabrielaspanic,Celeb
Gabriella_Grecco,Gabriella Grecco,gabriellagrecco,Celeb
Gabriella_Hall,Gabriella Hall,gabriellahall,Celeb
Gabriella_Holsten,Gabriella Holsten,gabriellaholsten,Celeb
Gabriella_Sabatini,Gabriella Sabatini,gabriellasabatini,Celeb
Gabrielle_Christian,Gabrielle Christian,gabriellechristian,Celeb
Gad_Elmaleh,Gad Elmaleh,gadelmaleh,Celeb
Gaia_Amaral,Gaia Amaral,gaiaamaral,Celeb
Gail_OGrady,Gail OGrady,gailogrady,Celeb
Gail_Patrick,Gail Patrick,gailpatrick,Celeb
Gal_Costa,Gal Costa,galcosta,Celeb
Gal_Gadot,Gal Gadot,galgadot,Celeb
Gale_Storm,Gale Storm,galestorm,Celeb
Galen_Weston,Galen Weston,galenweston,Celeb
Galina_Belyayeva,Galina Belyayeva,galinabelyayeva,Celeb
Gamze_ozcelik,Gamze ozcelik,gamzeozcelik,Celeb
Gao_Xiqing,Gao Xiqing,gaoxiqing,Celeb
Garcelle_Beauvais,Garcelle Beauvais,garcellebeauvais,Celeb
Gardner_McKay,Gardner McKay,gardnermckay,Celeb
Gary_Allan,Gary Allan,garyallan,Celeb
Gary_Barlow,Gary Barlow,garybarlow,Celeb
Gary_Busey,Gary Busey,garybusey,Celeb
Gary_Cole,Gary Cole,garycole,Celeb
Gary_Cooper,Gary Cooper,garycooper,Celeb
Gary_Dourdan,Gary Dourdan,garydourdan,Celeb
Gary_Hudson,Gary Hudson,garyhudson,Celeb
Gary_LeVox,Gary LeVox,garylevox,Celeb
Gary_Moore,Gary Moore,garymoore,Celeb
Gary_Numan,Gary Numan,garynuman,Celeb
Gary_Oldman,Gary Oldman,garyoldman,Celeb
Gaspard_Ulliel,Gaspard Ulliel,gaspardulliel,Celeb
Gasquet_Richard,Gasquet Richard,gasquetrichard,Celeb
Gaston_Dalmau,Gaston Dalmau,gastondalmau,Celeb
Gaston_Soffriti,Gaston Soffriti,gastonsoffriti,Celeb
Gates_McFadden,Gates McFadden,gatesmcfadden,Celeb
Gauhar_Khan,Gauhar Khan,gauharkhan,Celeb
Gauri_Khan,Gauri Khan,gaurikhan,Celeb
Gautam_Adani,Gautam Adani,gautamadani,Celeb
Gavin_MacLeod,Gavin MacLeod,gavinmacleod,Celeb
Gavin_Newsom,Gavin Newsom,gavinnewsom,Celeb
Gemini_Ganesan,Gemini Ganesan,geminiganesan,Celeb
Gemma_Jones,Gemma Jones,gemmajones,Celeb
Gemma_Ward,Gemma Ward,gemmaward,Celeb
Genc_Prelvukaj,Genc Prelvukaj,gencprelvukaj,Celeb
Gene_Kelly,Gene Kelly,genekelly,Celeb
Gene_Simmons,Gene Simmons,genesimmons,Celeb
Gene_Tierney,Gene Tierney,genetierney,Celeb
Gene_Watson,Gene Watson,genewatson,Celeb
Genelia_DSouza,Genelia DSouza,geneliadsouza,Celeb
Genevieve_Grad,Genevieve Grad,genevievegrad,Celeb
Genevieve_Padalecki,Genevieve Padalecki,genevievepadalecki,Celeb
Genta_Ismajli,Genta Ismajli,gentaismajli,Celeb
Geoff_Eigenmann,Geoff Eigenmann,geoffeigenmann,Celeb
Geoffrey_Hughes,Geoffrey Hughes,geoffreyhughes,Celeb
Geoffrey_Palmer,Geoffrey Palmer,geoffreypalmer,Celeb
George_Burns,George Burns,georgeburns,Celeb
George_Chakiris,George Chakiris,georgechakiris,Celeb
George_Eads,George Eads,georgeeads,Celeb
George_Jones,George Jones,georgejones,Celeb
George_Kaiser,George Kaiser,georgekaiser,Celeb
George_Michael,George Michael,georgemichael,Celeb
George_Soros,George Soros,georgesoros,Celeb
George_WBush,George WBush,georgewbush,Celeb
Georgia_Groome,Georgia Groome,georgiagroome,Celeb
Georgia_Horsley,Georgia Horsley,georgiahorsley,Celeb
Georgia_Jagger,Georgia Jagger,georgiajagger,Celeb
Georgia_Karabinis,Georgia Karabinis,georgiakarabinis,Celeb
Georgia_Salpa,Georgia Salpa,georgiasalpa,Celeb
Georgie_Twigg,Georgie Twigg,georgietwigg,Celeb
Georgina_Grenville,Georgina Grenville,georginagrenville,Celeb
Georgina_Wilson,Georgina Wilson,georginawilson,Celeb
Gerald_Anderson,Gerald Anderson,geraldanderson,Celeb
Geraldine_Bazan,Geraldine Bazan,geraldinebazan,Celeb
Gerard_Pique,Gerard Pique,gerardpique,Celeb
Gerard_Way,Gerard Way,gerardway,Celeb
Gia_Carangi,Gia Carangi,giacarangi,Celeb
Gia_Johnson,Gia Johnson,giajohnson,Celeb
Gia_Mantegna,Gia Mantegna,giamantegna,Celeb
Giada_De_Laurentiis,Giada De Laurentiis,giadadelaurentiis,Celeb
Giancarlo_Giannini,Giancarlo Giannini,giancarlogiannini,Celeb
Gianne_Albertoni,Gianne Albertoni,giannealbertoni,Celeb
Gibson_Daniel,Gibson Daniel,gibsondaniel,Celeb
Gigi_Edgley,Gigi Edgley,gigiedgley,Celeb
Gigi_Leung,Gigi Leung,gigileung,Celeb
Gil_Ofarim,Gil Ofarim,gilofarim,Celeb
Gilberto_Godoy_Filho_Giba,Gilberto Godoy Filho Giba,gilbertogodoyfilhogiba,Celeb
Gilberto_Silva,Gilberto Silva,gilbertosilva,Celeb
Gilby_Clarke,Gilby Clarke,gilbyclarke,Celeb
Gilles_Marini,Gilles Marini,gillesmarini,Celeb
Gillian_Jacobs,Gillian Jacobs,gillianjacobs,Celeb
Gillian_Zinser,Gillian Zinser,gillianzinser,Celeb
Gimena_Accardi,Gimena Accardi,gimenaaccardi,Celeb
Gina-Lisa_Lohfink,Gina-Lisa Lohfink,ginalisalohfink,Celeb
Gina_Bellman,Gina Bellman,ginabellman,Celeb
Gina_Carano,Gina Carano,ginacarano,Celeb
Gina_Philips,Gina Philips,ginaphilips,Celeb
Ginta_Lapina,Ginta Lapina,gintalapina,Celeb
Gio_Ott,Gio Ott,gioott,Celeb
Giorgia_Palmas,Giorgia Palmas,giorgiapalmas,Celeb
Giorgio_Armani,Giorgio Armani,giorgioarmani,Celeb
Giorgos_Kapoutzidis,Giorgos Kapoutzidis,giorgoskapoutzidis,Celeb
Giovanna_Antonelli,Giovanna Antonelli,giovannaantonelli,Celeb
Giovanna_Lancellotti,Giovanna Lancellotti,giovannalancellotti,Celeb
Giovanna_Mezzogiorno,Giovanna Mezzogiorno,giovannamezzogiorno,Celeb
Giovanni_Ribisi,Giovanni Ribisi,giovanniribisi,Celeb
Gisela_Dulko,Gisela Dulko,giseladulko,Celeb
Giulia_Siegel,Giulia Siegel,giuliasiegel,Celeb
Gladys_Knight,Gladys Knight,gladysknight,Celeb
Glen_Campbell,Glen Campbell,glencampbell,Celeb
Glenda_Jackson,Glenda Jackson,glendajackson,Celeb
Glenn_Frey,Glenn Frey,glennfrey,Celeb
Glenn_Jacobs,Glenn Jacobs,glennjacobs,Celeb
Glenn_McGrath,Glenn McGrath,glennmcgrath,Celeb
Glenn_Tipton,Glenn Tipton,glenntipton,Celeb
Gloria_DeHaven,Gloria DeHaven,gloriadehaven,Celeb
Gloria_Estefan,Gloria Estefan,gloriaestefan,Celeb
Gloria_Stuart,Gloria Stuart,gloriastuart,Celeb
Glynis_Johns,Glynis Johns,glynisjohns,Celeb
Goerges_Julia,Goerges Julia,goergesjulia,Celeb
Goffin_David,Goffin David,goffindavid,Celeb
Gojko_Mitic,Gojko Mitic,gojkomitic,Celeb
Gok_Wan,Gok Wan,gokwan,Celeb
Gonca_Vuslateri,Gonca Vuslateri,goncavuslateri,Celeb
Googoosh,Googoosh,googoosh,Celeb
Goran_Visnjic,Goran Visnjic,goranvisnjic,Celeb
Gordon_Ramsay,Gordon Ramsay,gordonramsay,Celeb
Govinda,Govinda,govinda,Celeb
Grace_Hightower,Grace Hightower,gracehightower,Celeb
Grace_Jones,Grace Jones,gracejones,Celeb
Grace_Potter,Grace Potter,gracepotter,Celeb
Grace_Slick,Grace Slick,graceslick,Celeb
Gracie_Carvalho,Gracie Carvalho,graciecarvalho,Celeb
Graeme_Hart,Graeme Hart,graemehart,Celeb
Graham_Coxon,Graham Coxon,grahamcoxon,Celeb
Graham_Phillips,Graham Phillips,grahamphillips,Celeb
Grazielli_Massafera,Grazielli Massafera,graziellimassafera,Celeb
Greg_Germann,Greg Germann,greggermann,Celeb
Greg_Giraldo,Greg Giraldo,greggiraldo,Celeb
Greg_Grunberg,Greg Grunberg,greggrunberg,Celeb
Gregg_Allman,Gregg Allman,greggallman,Celeb
Gregg_Sulkin,Gregg Sulkin,greggsulkin,Celeb
Gregory_Bauge,Gregory Bauge,gregorybauge,Celeb
Gregory_Harrison,Gregory Harrison,gregoryharrison,Celeb
Gregory_Michael,Gregory Michael,gregorymichael,Celeb
Gregory_Smith,Gregory Smith,gregorysmith,Celeb
Greta_Cicolari,Greta Cicolari,gretacicolari,Celeb
Greta_Nissen,Greta Nissen,gretanissen,Celeb
Greta_Scacchi,Greta Scacchi,gretascacchi,Celeb
Greta_Thyssen,Greta Thyssen,gretathyssen,Celeb
Greta_Van_Susteren,Greta Van Susteren,gretavansusteren,Celeb
Gretchen_Corbett,Gretchen Corbett,gretchencorbett,Celeb
Grettell_Valdez,Grettell Valdez,grettellvaldez,Celeb
Grey_Damon,Grey Damon,greydamon,Celeb
Greyson_Chance,Greyson Chance,greysonchance,Celeb
Grigoris_Arnaoutoglou,Grigoris Arnaoutoglou,grigorisarnaoutoglou,Celeb
Griselda_Siciliani,Griselda Siciliani,griseldasiciliani,Celeb
Groucho_Marx,Groucho Marx,grouchomarx,Celeb
Guido_Kaczka,Guido Kaczka,guidokaczka,Celeb
Guillaume_Canet,Guillaume Canet,guillaumecanet,Celeb
Gulcan_Arslan,Gulcan Arslan,gulcanarslan,Celeb
Gulshan_Grover,Gulshan Grover,gulshangrover,Celeb
Gustav_Schafer,Gustav Schafer,gustavschafer,Celeb
Gustavo_Tsuboi,Gustavo Tsuboi,gustavotsuboi,Celeb
Guy_Berryman,Guy Berryman,guyberryman,Celeb
Guy_Ecker,Guy Ecker,guyecker,Celeb
Guy_Madison,Guy Madison,guymadison,Celeb
Guy_Sebastian,Guy Sebastian,guysebastian,Celeb
Gwen_Jorgensen,Gwen Jorgensen,gwenjorgensen,Celeb
Hadise_Acikgoz,Hadise Acikgoz,hadiseacikgoz,Celeb
Hailey_Clauson,Hailey Clauson,haileyclauson,Celeb
Haley_Bennett,Haley Bennett,haleybennett,Celeb
Halit_Ergenc,Halit Ergenc,halitergenc,Celeb
Hamish_Bond,Hamish Bond,hamishbond,Celeb
Han_Hyo_Joo,Han Hyo Joo,hanhyojoo,Celeb
Hana_Soukupova,Hana Soukupova,hanasoukupova,Celeb
Hanaa_Ben_Abdesslem,Hanaa Ben Abdesslem,hanaabenabdesslem,Celeb
Hanako_Takigawa,Hanako Takigawa,hanakotakigawa,Celeb
Hande_Subasi,Hande Subasi,handesubasi,Celeb
Hank_Williams,Hank Williams,hankwilliams,Celeb
Hanna_Merjos,Hanna Merjos,hannamerjos,Celeb
Hannah_Spearritt,Hannah Spearritt,hannahspearritt,Celeb
Hans_Matheson,Hans Matheson,hansmatheson,Celeb
Hansjorg_Wyss,Hansjorg Wyss,hansjorgwyss,Celeb
Harden_James,Harden James,hardenjames,Celeb
Harman_Baweja,Harman Baweja,harmanbaweja,Celeb
Harold_Hamm,Harold Hamm,haroldhamm,Celeb
Harold_Simmons,Harold Simmons,haroldsimmons,Celeb
Harper_Beckham,Harper Beckham,harperbeckham,Celeb
Harrellson_Josh,Harrellson Josh,harrellsonjosh,Celeb
Harry_James,Harry James,harryjames,Celeb
Harry_Judd,Harry Judd,harryjudd,Celeb
Harry_Shearer,Harry Shearer,harryshearer,Celeb
Harry_Shum_Jr,Harry Shum Jr,harryshumjr,Celeb
Harry_Styles,Harry Styles,harrystyles,Celeb
Harshad_Chopra,Harshad Chopra,harshadchopra,Celeb
Haruka_Ayase,Haruka Ayase,harukaayase,Celeb
Harvey_Keitel,Harvey Keitel,harveykeitel,Celeb
Haslem_Udonis,Haslem Udonis,haslemudonis,Celeb
Hasna_Xhukici,Hasna Xhukici,hasnaxhukici,Celeb
Hasso_Plattner,Hasso Plattner,hassoplattner,Celeb
Hayden_Christensen,Hayden Christensen,haydenchristensen,Celeb
Hayley_Mills,Hayley Mills,hayleymills,Celeb
Hazal_Kaya,Hazal Kaya,hazalkaya,Celeb
Hazel_Court,Hazel Court,hazelcourt,Celeb
Hazel_Croney,Hazel Croney,hazelcroney,Celeb
He_Xiangjian,He Xiangjian,hexiangjian,Celeb
Heath_Freeman,Heath Freeman,heathfreeman,Celeb
Heath_Pearce,Heath Pearce,heathpearce,Celeb
Heather_Hemmens,Heather Hemmens,heatherhemmens,Celeb
Heather_Kozar,Heather Kozar,heatherkozar,Celeb
Heather_Marie_Marsden,Heather Marie Marsden,heathermariemarsden,Celeb
Heather_Matarazzo,Heather Matarazzo,heathermatarazzo,Celeb
Heather_Mitts,Heather Mitts,heathermitts,Celeb
Heather_Morris,Heather Morris,heathermorris,Celeb
Heather_Tom,Heather Tom,heathertom,Celeb
Heavy_D,Heavy D,heavyd,Celeb
Hector_Elizondo,Hector Elizondo,hectorelizondo,Celeb
Hee_Chul,Hee Chul,heechul,Celeb
Heidi_Mark,Heidi Mark,heidimark,Celeb
Heidi_Mount,Heidi Mount,heidimount,Celeb
Heidi_Range,Heidi Range,heidirange,Celeb
Heinz_Hermann_Thiele,Heinz Hermann Thiele,heinzhermannthiele,Celeb
Helen_Flanagan,Helen Flanagan,helenflanagan,Celeb
Helen_Hayes,Helen Hayes,helenhayes,Celeb
Helen_Hunt,Helen Hunt,helenhunt,Celeb
Helen_Lindes,Helen Lindes,helenlindes,Celeb
Helen_Svedin,Helen Svedin,helensvedin,Celeb
Helena_Bordon,Helena Bordon,helenabordon,Celeb
Helena_Coelho,Helena Coelho,helenacoelho,Celeb
Helena_Fromm,Helena Fromm,helenafromm,Celeb
Helena_Mattsson,Helena Mattsson,helenamattsson,Celeb
Helena_Paparizou,Helena Paparizou,helenapaparizou,Celeb
Helena_Seger,Helena Seger,helenaseger,Celeb
Helene_Gayle,Helene Gayle,helenegayle,Celeb
Heloise_Guerin,Heloise Guerin,heloiseguerin,Celeb
Henderson_Gerald,Henderson Gerald,hendersongerald,Celeb
Henry_Cavill,Henry Cavill,henrycavill,Celeb
Henry_Fonda,Henry Fonda,henryfonda,Celeb
Henry_Ross_Perot_Jr,Henry Ross Perot Jr,henryrossperotjr,Celeb
Henry_Simmons,Henry Simmons,henrysimmons,Celeb
Henry_Thomas,Henry Thomas,henrythomas,Celeb
Henry_Xavier,Henry Xavier,henryxavier,Celeb
Herculez_Gomez,Herculez Gomez,herculezgomez,Celeb
Herika_Noronha,Herika Noronha,herikanoronha,Celeb
Herman_Cain,Herman Cain,hermancain,Celeb
Hilary_Swank,Hilary Swank,hilaryswank,Celeb
Hill_Harper,Hill Harper,hillharper,Celeb
Hillary_Fisher,Hillary Fisher,hillaryfisher,Celeb
Hillary_Scott,Hillary Scott,hillaryscott,Celeb
Himesh_Reshammiya,Himesh Reshammiya,himeshreshammiya,Celeb
Hines_Ward,Hines Ward,hinesward,Celeb
Hisae_Ukita,Hisae Ukita,hisaeukita,Celeb
Hitomi_Aizawa,Hitomi Aizawa,hitomiaizawa,Celeb
Hitomi_Yoshizawa,Hitomi Yoshizawa,hitomiyoshizawa,Celeb
Hlavackova_Andrea,Hlavackova Andrea,hlavackovaandrea,Celeb
Hofit_Golan,Hofit Golan,hofitgolan,Celeb
Holly_Branson,Holly Branson,hollybranson,Celeb
Holly_Huddleston,Holly Huddleston,hollyhuddleston,Celeb
Holly_McGuire,Holly McGuire,hollymcguire,Celeb
Holly_Peers,Holly Peers,hollypeers,Celeb
Holly_Valance,Holly Valance,hollyvalance,Celeb
Holly_Willoughby,Holly Willoughby,hollywilloughby,Celeb
Hong_sang_soo,Hong sang soo,hongsangsoo,Celeb
Hope_Dworaczyk,Hope Dworaczyk,hopedworaczyk,Celeb
Hope_Lange,Hope Lange,hopelange,Celeb
Horst_Paulmann,Horst Paulmann,horstpaulmann,Celeb
Hosea_Chanchez,Hosea Chanchez,hoseachanchez,Celeb
Hot_Model,Hot Model,hotmodel,Celeb
Howard_Keel,Howard Keel,howardkeel,Celeb
Hsu_Chi,Hsu Chi,hsuchi,Celeb
Hudson_Leick,Hudson Leick,hudsonleick,Celeb
Huey_Lewis,Huey Lewis,hueylewis,Celeb
Hugh_Dillon,Hugh Dillon,hughdillon,Celeb
Hugo_Becker,Hugo Becker,hugobecker,Celeb
Hugo_Weaving,Hugo Weaving,hugoweaving,Celeb
Hui_Lin_Chit,Hui Lin Chit,huilinchit,Celeb
Hulk_Hogan,Hulk Hogan,hulkhogan,Celeb
Hulya_Avsar,Hulya Avsar,hulyaavsar,Celeb
Hyapatia_Lee,Hyapatia Lee,hyapatialee,Celeb
Hye-sun_Koo,Hye-sun Koo,hyesunkoo,Celeb
Hye_Rim_Park,Hye Rim Park,hyerimpark,Celeb
Hyo-jin_Kong,Hyo-jin Kong,hyojinkong,Celeb
Hyo-ju_Han,Hyo-ju Han,hyojuhan,Celeb
Hyoni_Kang,Hyoni Kang,hyonikang,Celeb
Hyun-joong_Kim,Hyun-joong Kim,hyunjoongkim,Celeb
IM_Pei,IM Pei,impei,Celeb
Ian_Anderson,Ian Anderson,iananderson,Celeb
Ian_Anthony_Dale,Ian Anthony Dale,iananthonydale,Celeb
Ian_Astbury,Ian Astbury,ianastbury,Celeb
Ian_Botham,Ian Botham,ianbotham,Celeb
Ian_Harding,Ian Harding,ianharding,Celeb
Ian_Hart,Ian Hart,ianhart,Celeb
Ian_McShane,Ian McShane,ianmcshane,Celeb
Ian_Richard_Livingstone,Ian Richard Livingstone,ianrichardlivingstone,Celeb
Ian_Ziering,Ian Ziering,ianziering,Celeb
Idris_Elba,Idris Elba,idriselba,Celeb
Ieva_Laguna,Ieva Laguna,ievalaguna,Celeb
Iggy,Iggy,iggy,Celeb
Iguodala_Andre,Iguodala Andre,iguodalaandre,Celeb
Ike_Turner,Ike Turner,iketurner,Celeb
Iker_Casillas,Iker Casillas,ikercasillas,Celeb
Il-guk_Song,Il-guk Song,ilguksong,Celeb
Ilary_Blasi,Ilary Blasi,ilaryblasi,Celeb
Ilean_Almaguer,Ilean Almaguer,ileanalmaguer,Celeb
Ileana,Ileana,ileana,Celeb
Ilona_Struzik,Ilona Struzik,ilonastruzik,Celeb
Imelda_Staunton,Imelda Staunton,imeldastaunton,Celeb
Imogen_Bailey,Imogen Bailey,imogenbailey,Celeb
Imogen_Poots,Imogen Poots,imogenpoots,Celeb
Imogen_Thomas,Imogen Thomas,imogenthomas,Celeb
Imola_Fedor,Imola Fedor,imolafedor,Celeb
Imran_Abbas,Imran Abbas,imranabbas,Celeb
In-Pyo_Cha,In-Pyo Cha,inpyocha,Celeb
IndiaArie,IndiaArie,indiaarie,Celeb
Indira_Varma,Indira Varma,indiravarma,Celeb
Ines_Palombo,Ines Palombo,inespalombo,Celeb
Ines_Sastre,Ines Sastre,inessastre,Celeb
Inger_Stevens,Inger Stevens,ingerstevens,Celeb
Ingrid_Bergman,Ingrid Bergman,ingridbergman,Celeb
Ingrid_Grudke,Ingrid Grudke,ingridgrudke,Celeb
Inguna_Butane,Inguna Butane,ingunabutane,Celeb
Ingvar_Kamprad,Ingvar Kamprad,ingvarkamprad,Celeb
Ira_Rennert,Ira Rennert,irarennert,Celeb
Irene_Dunne,Irene Dunne,irenedunne,Celeb
Irina_Batistuta,Irina Batistuta,irinabatistuta,Celeb
Irina_Grineva,Irina Grineva,irinagrineva,Celeb
Iris_Berben,Iris Berben,irisberben,Celeb
Irish_McCalla,Irish McCalla,irishmccalla,Celeb
Irrfan_Khan,Irrfan Khan,irrfankhan,Celeb
Isaac_Hayes,Isaac Hayes,isaachayes,Celeb
Isabel_Lucas,Isabel Lucas,isabellucas,Celeb
Isabel_Macedo,Isabel Macedo,isabelmacedo,Celeb
Isabeli_Fontana,Isabeli Fontana,isabelifontana,Celeb
Isabelle_Fuhrman,Isabelle Fuhrman,isabellefuhrman,Celeb
Isaiah_Mustafa,Isaiah Mustafa,isaiahmustafa,Celeb
Iselin_Steiro,Iselin Steiro,iselinsteiro,Celeb
Isis_King,Isis King,isisking,Celeb
Isis_Valverde,Isis Valverde,isisvalverde,Celeb
Isla_Fisher,Isla Fisher,islafisher,Celeb
Israel_Englander,Israel Englander,israelenglander,Celeb
Italia_Ricci,Italia Ricci,italiaricci,Celeb
Itati_Cantoral,Itati Cantoral,itaticantoral,Celeb
Ivan_Dorschner,Ivan Dorschner,ivandorschner,Celeb
Ivan_Glasenberg,Ivan Glasenberg,ivanglasenberg,Celeb
Ivan_Okhlobystin,Ivan Okhlobystin,ivanokhlobystin,Celeb
Ivana_Milicevic,Ivana Milicevic,ivanamilicevic,Celeb
Ivana_Saccani,Ivana Saccani,ivanasaccani,Celeb
Ivanka_Trump,Ivanka Trump,ivankatrump,Celeb
Ivi_Adamou,Ivi Adamou,iviadamou,Celeb
Ivy_Levan,Ivy Levan,ivylevan,Celeb
Izabel_Goulart,Izabel Goulart,izabelgoulart,Celeb
Izolda_Izvitskaya,Izolda Izvitskaya,izoldaizvitskaya,Celeb
JJ_Abrams,JJ Abrams,jjabrams,Celeb
JJ_Yeley,JJ Yeley,jjyeley,Celeb
JaVale_McGee,JaVale McGee,javalemcgee,Celeb
Ja_Rule,Ja Rule,jarule,Celeb
Jaci_Velasquez,Jaci Velasquez,jacivelasquez,Celeb
JackNicklaus,JackNicklaus,jacknicklaus,Celeb
Jack_Barakat,Jack Barakat,jackbarakat,Celeb
Jack_Black,Jack Black,jackblack,Celeb
Jack_Coleman,Jack Coleman,jackcoleman,Celeb
Jack_Haley,Jack Haley,jackhaley,Celeb
Jack_Jarrett,Jack Jarrett,jackjarrett,Celeb
Jack_Klugman,Jack Klugman,jackklugman,Celeb
Jack_Larson,Jack Larson,jacklarson,Celeb
Jack_OConnell,Jack OConnell,jackoconnell,Celeb
Jack_Wagner,Jack Wagner,jackwagner,Celeb
Jack_Webb,Jack Webb,jackwebb,Celeb
Jackie_Cooper,Jackie Cooper,jackiecooper,Celeb
Jackie_Gleason,Jackie Gleason,jackiegleason,Celeb
Jackie_Sandler,Jackie Sandler,jackiesandler,Celeb
Jackson_Reggie,Jackson Reggie,jacksonreggie,Celeb
Jaclyn_Smith,Jaclyn Smith,jaclynsmith,Celeb
Jacob_Lusk,Jacob Lusk,jacoblusk,Celeb
Jacob_Young,Jacob Young,jacobyoung,Celeb
Jacqueline_Bisset,Jacqueline Bisset,jacquelinebisset,Celeb
Jacqueline_Bracamontes,Jacqueline Bracamontes,jacquelinebracamontes,Celeb
Jacqueline_Fernandez,Jacqueline Fernandez,jacquelinefernandez,Celeb
Jacqueline_Kennedy,Jacqueline Kennedy,jacquelinekennedy,Celeb
Jacqueline_Logan,Jacqueline Logan,jacquelinelogan,Celeb
Jacques_Brel,Jacques Brel,jacquesbrel,Celeb
Jacquetta_Wheeler,Jacquetta Wheeler,jacquettawheeler,Celeb
Jacqui_Ainsley,Jacqui Ainsley,jacquiainsley,Celeb
Jade_Foret,Jade Foret,jadeforet,Celeb
Jade_Puget,Jade Puget,jadepuget,Celeb
Jae-Won_Kim,Jae-Won Kim,jaewonkim,Celeb
Jaime_Camil,Jaime Camil,jaimecamil,Celeb
Jaime_Murray,Jaime Murray,jaimemurray,Celeb
Jaime_Ray_Newman,Jaime Ray Newman,jaimeraynewman,Celeb
Jaime_Rishar,Jaime Rishar,jaimerishar,Celeb
Jake_Busey,Jake Busey,jakebusey,Celeb
Jake_Cuenca,Jake Cuenca,jakecuenca,Celeb
Jake_Lloyd,Jake Lloyd,jakelloyd,Celeb
Jake_Pavelka,Jake Pavelka,jakepavelka,Celeb
Jake_Silbermann,Jake Silbermann,jakesilbermann,Celeb
Jake_Vargas,Jake Vargas,jakevargas,Celeb
Jake_Weber,Jake Weber,jakeweber,Celeb
James_Arness,James Arness,jamesarness,Celeb
James_Belushi,James Belushi,jamesbelushi,Celeb
James_Blunt,James Blunt,jamesblunt,Celeb
James_Bourne,James Bourne,jamesbourne,Celeb
James_Cagney,James Cagney,jamescagney,Celeb
James_DArcy,James DArcy,jamesdarcy,Celeb
James_Dean,James Dean,jamesdean,Celeb
James_Denton,James Denton,jamesdenton,Celeb
James_Duval,James Duval,jamesduval,Celeb
James_Dyson,James Dyson,jamesdyson,Celeb
James_Garner,James Garner,jamesgarner,Celeb
James_Goodnight,James Goodnight,jamesgoodnight,Celeb
James_Jagger,James Jagger,jamesjagger,Celeb
James_Kyson-Lee,James Kyson-Lee,jameskysonlee,Celeb
James_Lafferty,James Lafferty,jameslafferty,Celeb
James_Magnussen,James Magnussen,jamesmagnussen,Celeb
James_Marsden,James Marsden,jamesmarsden,Celeb
James_Marsters,James Marsters,jamesmarsters,Celeb
James_Maslow,James Maslow,jamesmaslow,Celeb
James_Mason,James Mason,jamesmason,Celeb
James_McAvoy,James McAvoy,jamesmcavoy,Celeb
James_McKenna,James McKenna,jamesmckenna,Celeb
James_Morrison,James Morrison,jamesmorrison,Celeb
James_Munky_Shaffer,James Munky Shaffer,jamesmunkyshaffer,Celeb
James_Patterson,James Patterson,jamespatterson,Celeb
James_Pickens_Jr,James Pickens Jr,jamespickensjr,Celeb
James_Purefoy,James Purefoy,jamespurefoy,Celeb
James_Remar,James Remar,jamesremar,Celeb
James_Simons,James Simons,jamessimons,Celeb
James_Stewart,James Stewart,jamesstewart,Celeb
James_Taylor,James Taylor,jamestaylor,Celeb
James_Van_Der_Beek,James Van Der Beek,jamesvanderbeek,Celeb
James_Woods,James Woods,jameswoods,Celeb
Jami_Gertz,Jami Gertz,jamigertz,Celeb
Jamie_Bell,Jamie Bell,jamiebell,Celeb
Jamie_Dornan,Jamie Dornan,jamiedornan,Celeb
Jamie_Foxx,Jamie Foxx,jamiefoxx,Celeb
Jamie_Gunns,Jamie Gunns,jamiegunns,Celeb
Jamie_Hince,Jamie Hince,jamiehince,Celeb
Jamie_Luner,Jamie Luner,jamieluner,Celeb
Jamie_Lynn_Sigler,Jamie Lynn Sigler,jamielynnsigler,Celeb
Jamie_White,Jamie White,jamiewhite,Celeb
Jan_Josef_Liefers,Jan Josef Liefers,janjosefliefers,Celeb
Jan_Smit,Jan Smit,jansmit,Celeb
Jan_Smithers,Jan Smithers,jansmithers,Celeb
Jan_Sterling,Jan Sterling,jansterling,Celeb
Jana_Ina,Jana Ina,janaina,Celeb
Jana_Knauerova,Jana Knauerova,janaknauerova,Celeb
Jana_Kramer,Jana Kramer,janakramer,Celeb
Jana_Pallaske,Jana Pallaske,janapallaske,Celeb
Janay_Deloach,Janay Deloach,janaydeloach,Celeb
Jane_Badler,Jane Badler,janebadler,Celeb
Jane_Birkin,Jane Birkin,janebirkin,Celeb
Jane_Greer,Jane Greer,janegreer,Celeb
Jane_Levy,Jane Levy,janelevy,Celeb
Jane_Lynch,Jane Lynch,janelynch,Celeb
Jane_Powell,Jane Powell,janepowell,Celeb
Jane_Withers,Jane Withers,janewithers,Celeb
Janeane_Garofalo,Janeane Garofalo,janeanegarofalo,Celeb
Janet_Blair,Janet Blair,janetblair,Celeb
Janet_Evanovich,Janet Evanovich,janetevanovich,Celeb
Janet_Gaynor,Janet Gaynor,janetgaynor,Celeb
Janet_Suzman,Janet Suzman,janetsuzman,Celeb
Janeta_Samp,Janeta Samp,janetasamp,Celeb
Janine_Habeck,Janine Habeck,janinehabeck,Celeb
Janine_Kunze,Janine Kunze,janinekunze,Celeb
Janine_Lindemulder,Janine Lindemulder,janinelindemulder,Celeb
Janine_Turner,Janine Turner,janineturner,Celeb
Janko_Tipsarevic,Janko Tipsarevic,jankotipsarevic,Celeb
January_Jones,January Jones,januaryjones,Celeb
Jarah_Mariano,Jarah Mariano,jarahmariano,Celeb
Jared_Followill,Jared Followill,jaredfollowill,Celeb
Jared_Gomes,Jared Gomes,jaredgomes,Celeb
Jared_Murillo,Jared Murillo,jaredmurillo,Celeb
Jarkko_Ruutu,Jarkko Ruutu,jarkkoruutu,Celeb
Jarvis_Cocker,Jarvis Cocker,jarviscocker,Celeb
Jasmin_Wagner,Jasmin Wagner,jasminwagner,Celeb
Jasmine_Dustin,Jasmine Dustin,jasminedustin,Celeb
Jasmine_Sanders,Jasmine Sanders,jasminesanders,Celeb
Jasmine_Villegas,Jasmine Villegas,jasminevillegas,Celeb
Jasmine_Waltz,Jasmine Waltz,jasminewaltz,Celeb
Jason_Behr,Jason Behr,jasonbehr,Celeb
Jason_Derulo,Jason Derulo,jasonderulo,Celeb
Jason_Giambi,Jason Giambi,jasongiambi,Celeb
Jason_Isaacs,Jason Isaacs,jasonisaacs,Celeb
Jason_Momoa,Jason Momoa,jasonmomoa,Celeb
Jason_OMara,Jason OMara,jasonomara,Celeb
Jason_Patric,Jason Patric,jasonpatric,Celeb
Jason_Reso,Jason Reso,jasonreso,Celeb
Jason_Richardson,Jason Richardson,jasonrichardson,Celeb
Jason_Ritter,Jason Ritter,jasonritter,Celeb
Jason_Schwartzman,Jason Schwartzman,jasonschwartzman,Celeb
Jason_Wade,Jason Wade,jasonwade,Celeb
Jason_Wahler,Jason Wahler,jasonwahler,Celeb
Javier_Beltran,Javier Beltran,javierbeltran,Celeb
Jay_Baruchel,Jay Baruchel,jaybaruchel,Celeb
Jay_Chou,Jay Chou,jaychou,Celeb
Jay_Kay,Jay Kay,jaykay,Celeb
Jay_McGuiness,Jay McGuiness,jaymcguiness,Celeb
Jaya_Bachchan,Jaya Bachchan,jayabachchan,Celeb
Jayne_Mansfield,Jayne Mansfield,jaynemansfield,Celeb
Jean-Luc_Bilodeau,Jean-Luc Bilodeau,jeanlucbilodeau,Celeb
Jean-Michel_Jarre,Jean-Michel Jarre,jeanmicheljarre,Celeb
Jean-Paul_Belmondo,Jean-Paul Belmondo,jeanpaulbelmondo,Celeb
Jean_Harlow,Jean Harlow,jeanharlow,Celeb
Jean_Patchett,Jean Patchett,jeanpatchett,Celeb
Jean_Peters,Jean Peters,jeanpeters,Celeb
Jean_Reno,Jean Reno,jeanreno,Celeb
Jean_Shrimpton,Jean Shrimpton,jeanshrimpton,Celeb
Jean_Simmons,Jean Simmons,jeansimmons,Celeb
Jean_Stapleton,Jean Stapleton,jeanstapleton,Celeb
Jeanette_MacDonald,Jeanette MacDonald,jeanettemacdonald,Celeb
Jeanne_Cooper,Jeanne Cooper,jeannecooper,Celeb
Jeanne_Crain,Jeanne Crain,jeannecrain,Celeb
Jeanne_Tripplehorn,Jeanne Tripplehorn,jeannetripplehorn,Celeb
Jeff_Bezos,Jeff Bezos,jeffbezos,Celeb
Jeff_Buckley,Jeff Buckley,jeffbuckley,Celeb
Jeff_Daniels,Jeff Daniels,jeffdaniels,Celeb
Jeff_Dunham,Jeff Dunham,jeffdunham,Celeb
Jeff_Garlin,Jeff Garlin,jeffgarlin,Celeb
Jeff_Goldblum,Jeff Goldblum,jeffgoldblum,Celeb
Jeff_Gordon,Jeff Gordon,jeffgordon,Celeb
Jeffrey_Dean_Morgan,Jeffrey Dean Morgan,jeffreydeanmorgan,Celeb
Jeffrey_Hunter,Jeffrey Hunter,jeffreyhunter,Celeb
Jeffrey_Nordling,Jeffrey Nordling,jeffreynordling,Celeb
Jeffrey_Tambor,Jeffrey Tambor,jeffreytambor,Celeb
Jeffrey_Wright,Jeffrey Wright,jeffreywright,Celeb
Jehane_Paris,Jehane Paris,jehaneparis,Celeb
Jeisa_Chiminazzo,Jeisa Chiminazzo,jeisachiminazzo,Celeb
Jencarlos_Canela,Jencarlos Canela,jencarloscanela,Celeb
Jenna_Dewan,Jenna Dewan,jennadewan,Celeb
Jenna_Fischer,Jenna Fischer,jennafischer,Celeb
Jenna_Haze,Jenna Haze,jennahaze,Celeb
Jenna_Jameson,Jenna Jameson,jennajameson,Celeb
Jenna_Louise_Coleman,Jenna Louise Coleman,jennalouisecoleman,Celeb
Jenna_Pietersen,Jenna Pietersen,jennapietersen,Celeb
Jennah_Anderson,Jennah Anderson,jennahanderson,Celeb
Jenni_Dahlman-Raikkonen,Jenni Dahlman-Raikkonen,jennidahlmanraikkonen,Celeb
Jennifer_Angel,Jennifer Angel,jenniferangel,Celeb
Jennifer_Driver,Jennifer Driver,jenniferdriver,Celeb
Jennifer_Ehle,Jennifer Ehle,jenniferehle,Celeb
Jennifer_Farley,Jennifer Farley,jenniferfarley,Celeb
Jennifer_Hawkins,Jennifer Hawkins,jenniferhawkins,Celeb
Jennifer_Lamiraqui,Jennifer Lamiraqui,jenniferlamiraqui,Celeb
Jennifer_Massaux,Jennifer Massaux,jennifermassaux,Celeb
Jennifer_Messelier,Jennifer Messelier,jennifermesselier,Celeb
Jennifer_Morrison,Jennifer Morrison,jennifermorrison,Celeb
Jennifer_Nettles,Jennifer Nettles,jennifernettles,Celeb
Jennifer_ONeill,Jennifer ONeill,jenniferoneill,Celeb
Jennifer_Paige,Jennifer Paige,jenniferpaige,Celeb
Jennifer_Stone,Jennifer Stone,jenniferstone,Celeb
Jennifer_Taylor,Jennifer Taylor,jennifertaylor,Celeb
Jennifer_Walcott,Jennifer Walcott,jenniferwalcott,Celeb
Jenny_Agutter,Jenny Agutter,jennyagutter,Celeb
Jenny_Lopez,Jenny Lopez,jennylopez,Celeb
Jenny_McCarthy,Jenny McCarthy,jennymccarthy,Celeb
Jens_Lekman,Jens Lekman,jenslekman,Celeb
Jenson_Button,Jenson Button,jensonbutton,Celeb
Jeordie_White,Jeordie White,jeordiewhite,Celeb
Jeremy_Camp,Jeremy Camp,jeremycamp,Celeb
Jeremy_Davies,Jeremy Davies,jeremydavies,Celeb
Jeremy_Davis,Jeremy Davis,jeremydavis,Celeb
Jeremy_Irons,Jeremy Irons,jeremyirons,Celeb
Jeremy_London,Jeremy London,jeremylondon,Celeb
Jeremy_Miles,Jeremy Miles,jeremymiles,Celeb
Jeremy_Northam,Jeremy Northam,jeremynortham,Celeb
Jeremy_Piven,Jeremy Piven,jeremypiven,Celeb
Jermain_Defoe,Jermain Defoe,jermaindefoe,Celeb
Jermaine_Dupri,Jermaine Dupri,jermainedupri,Celeb
Jerry_Cantrell,Jerry Cantrell,jerrycantrell,Celeb
Jerry_Ferrara,Jerry Ferrara,jerryferrara,Celeb
Jerry_OConnell,Jerry OConnell,jerryoconnell,Celeb
Jerry_Stiller,Jerry Stiller,jerrystiller,Celeb
Jess_Weixler,Jess Weixler,jessweixler,Celeb
Jesse_Eisenberg,Jesse Eisenberg,jesseeisenberg,Celeb
Jesse_Jane,Jesse Jane,jessejane,Celeb
Jesse_L_Martin,Jesse L Martin,jesselmartin,Celeb
Jesse_McCartney,Jesse McCartney,jessemccartney,Celeb
Jesse_Metcalfe,Jesse Metcalfe,jessemetcalfe,Celeb
Jesse_Spencer,Jesse Spencer,jessespencer,Celeb
Jessi_Cruickshank,Jessi Cruickshank,jessicruickshank,Celeb
Jessica_Burciaga,Jessica Burciaga,jessicaburciaga,Celeb
Jessica_Chastain,Jessica Chastain,jessicachastain,Celeb
Jessica_Clark,Jessica Clark,jessicaclark,Celeb
Jessica_Ginkel,Jessica Ginkel,jessicaginkel,Celeb
Jessica_Hardy,Jessica Hardy,jessicahardy,Celeb
Jessica_Jane_Clement,Jessica Jane Clement,jessicajaneclement,Celeb
Jessica_Lucas,Jessica Lucas,jessicalucas,Celeb
Jessica_Marais,Jessica Marais,jessicamarais,Celeb
Jessica_McNamee,Jessica McNamee,jessicamcnamee,Celeb
Jessica_Origliasso,Jessica Origliasso,jessicaorigliasso,Celeb
Jessica_Parker_Kennedy,Jessica Parker Kennedy,jessicaparkerkennedy,Celeb
Jessica_Perez,Jessica Perez,jessicaperez,Celeb
Jessica_Stam,Jessica Stam,jessicastam,Celeb
Jessica_Steen,Jessica Steen,jessicasteen,Celeb
Jessica_Stroup,Jessica Stroup,jessicastroup,Celeb
Jessica_Sutta,Jessica Sutta,jessicasutta,Celeb
Jessica_Tandy,Jessica Tandy,jessicatandy,Celeb
Jessica_White,Jessica White,jessicawhite,Celeb
Jessie_Baylin,Jessie Baylin,jessiebaylin,Celeb
Jessie_J,Jessie J,jessiej,Celeb
Jesus_Luz,Jesus Luz,jesusluz,Celeb
Jewel_Kilcher,Jewel Kilcher,jewelkilcher,Celeb
Ji-Hwan_Kang,Ji-Hwan Kang,jihwankang,Celeb
Ji-hun_Lee,Ji-hun Lee,jihunlee,Celeb
Ji-yun_Gook,Ji-yun Gook,jiyungook,Celeb
Jill_Clayburgh,Jill Clayburgh,jillclayburgh,Celeb
Jill_Corey,Jill Corey,jillcorey,Celeb
Jill_Eikenberry,Jill Eikenberry,jilleikenberry,Celeb
Jill_Halfpenny,Jill Halfpenny,jillhalfpenny,Celeb
Jill_Hennessy,Jill Hennessy,jillhennessy,Celeb
Jill_Scott,Jill Scott,jillscott,Celeb
Jill_St_John,Jill St John,jillstjohn,Celeb
Jill_Wagner,Jill Wagner,jillwagner,Celeb
Jillian_Hall,Jillian Hall,jillianhall,Celeb
Jillian_Harris,Jillian Harris,jillianharris,Celeb
Jillian_Michaels,Jillian Michaels,jillianmichaels,Celeb
Jim_Pattison,Jim Pattison,jimpattison,Celeb
Jim_Reeves,Jim Reeves,jimreeves,Celeb
Jimena_Navarrete,Jimena Navarrete,jimenanavarrete,Celeb
Jimmie_Walker,Jimmie Walker,jimmiewalker,Celeb
Jimmy_Bennett,Jimmy Bennett,jimmybennett,Celeb
Jimmy_Carr,Jimmy Carr,jimmycarr,Celeb
Jimmy_Connors,Jimmy Connors,jimmyconnors,Celeb
Jimmy_Fallon,Jimmy Fallon,jimmyfallon,Celeb
Jimmy_Page,Jimmy Page,jimmypage,Celeb
Jimmy_Rollins,Jimmy Rollins,jimmyrollins,Celeb
Jimmy_Savile,Jimmy Savile,jimmysavile,Celeb
Jin-wook_Lee,Jin-wook Lee,jinwooklee,Celeb
Jin_Akanishi,Jin Akanishi,jinakanishi,Celeb
Jinx_Falkenburg,Jinx Falkenburg,jinxfalkenburg,Celeb
JoAnna_Garcia_Swisher,JoAnna Garcia Swisher,joannagarciaswisher,Celeb
Jo_Aleh,Jo Aleh,joaleh,Celeb
Jo_Ann_Pflug,Jo Ann Pflug,joannpflug,Celeb
Jo_Champa,Jo Champa,jochampa,Celeb
Jo_Joyner,Jo Joyner,jojoyner,Celeb
Jo_Wood,Jo Wood,jowood,Celeb
Joan_Allen,Joan Allen,joanallen,Celeb
Joan_Baez,Joan Baez,joanbaez,Celeb
Joan_Blondell,Joan Blondell,joanblondell,Celeb
Joan_Crawford,Joan Crawford,joancrawford,Celeb
Joan_Cusack,Joan Cusack,joancusack,Celeb
Joan_Davis,Joan Davis,joandavis,Celeb
Joan_Severance,Joan Severance,joanseverance,Celeb
Joan_Smalls,Joan Smalls,joansmalls,Celeb
Joanna_Cassidy,Joanna Cassidy,joannacassidy,Celeb
Joanna_JoJo_Levesque,Joanna JoJo Levesque,joannajojolevesque,Celeb
Joanna_Kerns,Joanna Kerns,joannakerns,Celeb
Joanna_Krupa,Joanna Krupa,joannakrupa,Celeb
Joanna_Liszowska,Joanna Liszowska,joannaliszowska,Celeb
Joanna_Newsom,Joanna Newsom,joannanewsom,Celeb
Joaquim_Lopes,Joaquim Lopes,joaquimlopes,Celeb
Joaquin_Cortes,Joaquin Cortes,joaquincortes,Celeb
Jobyna_Ralston,Jobyna Ralston,jobynaralston,Celeb
Jodi_Albert,Jodi Albert,jodialbert,Celeb
Jodi_Gordon,Jodi Gordon,jodigordon,Celeb
Jodie_Marsh,Jodie Marsh,jodiemarsh,Celeb
Joe_Anderson,Joe Anderson,joeanderson,Celeb
Joe_Biden,Joe Biden,joebiden,Celeb
Joe_Cole,Joe Cole,joecole,Celeb
Joe_DiMaggio,Joe DiMaggio,joedimaggio,Celeb
Joe_E_Brown,Joe E Brown,joeebrown,Celeb
Joe_Hart,Joe Hart,joehart,Celeb
Joe_Jonas,Joe Jonas,joejonas,Celeb
Joe_Lewis,Joe Lewis,joelewis,Celeb
Joe_Lynn_Turner,Joe Lynn Turner,joelynnturner,Celeb
Joe_Manganiello,Joe Manganiello,joemanganiello,Celeb
Joe_Montana,Joe Montana,joemontana,Celeb
Joe_Namath,Joe Namath,joenamath,Celeb
Joe_Perry,Joe Perry,joeperry,Celeb
Joe_Rogan,Joe Rogan,joerogan,Celeb
Joel_David_Moore,Joel David Moore,joeldavidmoore,Celeb
Joel_Edgerton,Joel Edgerton,joeledgerton,Celeb
Joel_Grey,Joel Grey,joelgrey,Celeb
Joel_Kinnaman,Joel Kinnaman,joelkinnaman,Celeb
Joel_McHale,Joel McHale,joelmchale,Celeb
Joely_Richardson,Joely Richardson,joelyrichardson,Celeb
Joey_Heatherton,Joey Heatherton,joeyheatherton,Celeb
Joey_Kelly,Joey Kelly,joeykelly,Celeb
Joey_King,Joey King,joeyking,Celeb
Joey_Kramer,Joey Kramer,joeykramer,Celeb
Joey_Lauren_Adams,Joey Lauren Adams,joeylaurenadams,Celeb
Joey_Lawrence,Joey Lawrence,joeylawrence,Celeb
Joey_Logano,Joey Logano,joeylogano,Celeb
Johanna_Klum,Johanna Klum,johannaklum,Celeb
Johanna_Lundback,Johanna Lundback,johannalundback,Celeb
John-Paul_Lavoisier,John-Paul Lavoisier,johnpaullavoisier,Celeb
John_5,John 5,john5,Celeb
John_Abraham,John Abraham,johnabraham,Celeb
John_Agar,John Agar,johnagar,Celeb
John_Barrowman,John Barrowman,johnbarrowman,Celeb
John_Boehner,John Boehner,johnboehner,Celeb
John_Cale,John Cale,johncale,Celeb
John_Cena,John Cena,johncena,Celeb
John_Dye,John Dye,johndye,Celeb
John_Enos_III,John Enos III,johnenosiii,Celeb
John_Farrow,John Farrow,johnfarrow,Celeb
John_Fogerty,John Fogerty,johnfogerty,Celeb
John_Frusciante,John Frusciante,johnfrusciante,Celeb
John_Garfield,John Garfield,johngarfield,Celeb
John_Goodman,John Goodman,johngoodman,Celeb
John_Hannah,John Hannah,johnhannah,Celeb
John_Hurt,John Hurt,johnhurt,Celeb
John_Krasinski,John Krasinski,johnkrasinski,Celeb
John_Legend,John Legend,johnlegend,Celeb
John_Mellencamp,John Mellencamp,johnmellencamp,Celeb
John_Michael_Higgins,John Michael Higgins,johnmichaelhiggins,Celeb
John_Morrison,John Morrison,johnmorrison,Celeb
John_Patrick_Amedori,John Patrick Amedori,johnpatrickamedori,Celeb
John_Payne,John Payne,johnpayne,Celeb
John_Ratzenberger,John Ratzenberger,johnratzenberger,Celeb
John_Ritter,John Ritter,johnritter,Celeb
John_Russell,John Russell,johnrussell,Celeb
John_Slattery,John Slattery,johnslattery,Celeb
John_Stamos,John Stamos,johnstamos,Celeb
John_Turturro,John Turturro,johnturturro,Celeb
Johnathon_Schaech,Johnathon Schaech,johnathonschaech,Celeb
Johnny_Borrell,Johnny Borrell,johnnyborrell,Celeb
Johnny_Curtis,Johnny Curtis,johnnycurtis,Celeb
Johnny_Damon,Johnny Damon,johnnydamon,Celeb
Johnny_Galecki,Johnny Galecki,johnnygalecki,Celeb
Johnny_Gill,Johnny Gill,johnnygill,Celeb
Johnny_Lewis,Johnny Lewis,johnnylewis,Celeb
Johnny_Mathis,Johnny Mathis,johnnymathis,Celeb
Johnny_Messner,Johnny Messner,johnnymessner,Celeb
Johnny_Mize,Johnny Mize,johnnymize,Celeb
Johnny_Ramone,Johnny Ramone,johnnyramone,Celeb
Johnny_Simmons,Johnny Simmons,johnnysimmons,Celeb
Jolene_Blalock,Jolene Blalock,joleneblalock,Celeb
Jon-Erik_Hexum,Jon-Erik Hexum,jonerikhexum,Celeb
Jon_Cryer,Jon Cryer,joncryer,Celeb
Jon_Favreau,Jon Favreau,jonfavreau,Celeb
Jon_Kortajarena,Jon Kortajarena,jonkortajarena,Celeb
Jon_Stryker,Jon Stryker,jonstryker,Celeb
Jona_Weinhofen,Jona Weinhofen,jonaweinhofen,Celeb
Jonathan_Bennett,Jonathan Bennett,jonathanbennett,Celeb
Jonathan_Davis,Jonathan Davis,jonathandavis,Celeb
Jonathan_Groff,Jonathan Groff,jonathangroff,Celeb
Jonathan_Knight,Jonathan Knight,jonathanknight,Celeb
Jonathan_Nelson,Jonathan Nelson,jonathannelson,Celeb
Jonathan_Pryce,Jonathan Pryce,jonathanpryce,Celeb
Jonathan_Rhys_Meyers,Jonathan Rhys Meyers,jonathanrhysmeyers,Celeb
Jonathan_Togo,Jonathan Togo,jonathantogo,Celeb
Jonathan_Tucker,Jonathan Tucker,jonathantucker,Celeb
Jonathan_Winters,Jonathan Winters,jonathanwinters,Celeb
Jonathon_Schaech,Jonathon Schaech,jonathonschaech,Celeb
Joni_Mitchell,Joni Mitchell,jonimitchell,Celeb
Jonna_Nygren,Jonna Nygren,jonnanygren,Celeb
Jonne_Aaron,Jonne Aaron,jonneaaron,Celeb
Jonny_Lee_Miller,Jonny Lee Miller,jonnyleemiller,Celeb
Joon_Kim,Joon Kim,joonkim,Celeb
Jordan_Farmar,Jordan Farmar,jordanfarmar,Celeb
Jordan_Knight,Jordan Knight,jordanknight,Celeb
Jordan_Ladd,Jordan Ladd,jordanladd,Celeb
Jordan_Pruitt,Jordan Pruitt,jordanpruitt,Celeb
Jordana_Spiro,Jordana Spiro,jordanaspiro,Celeb
Jorge_Garcia,Jorge Garcia,jorgegarcia,Celeb
Jorgie_Porter,Jorgie Porter,jorgieporter,Celeb
Jorja_Fox,Jorja Fox,jorjafox,Celeb
Jorma_Taccone,Jorma Taccone,jormataccone,Celeb
Josefina_Cisternas,Josefina Cisternas,josefinacisternas,Celeb
Josefina_Pouso,Josefina Pouso,josefinapouso,Celeb
Josep_Guardiola,Josep Guardiola,josepguardiola,Celeb
Joseph_Cotten,Joseph Cotten,josephcotten,Celeb
Joseph_Gilgun,Joseph Gilgun,josephgilgun,Celeb
Josephine_Tomic,Josephine Tomic,josephinetomic,Celeb
Josette_Day,Josette Day,josetteday,Celeb
Josh_Charles,Josh Charles,joshcharles,Celeb
Josh_Flitter,Josh Flitter,joshflitter,Celeb
Josh_Franceschi,Josh Franceschi,joshfranceschi,Celeb
Josh_Groban,Josh Groban,joshgroban,Celeb
Josh_Henderson,Josh Henderson,joshhenderson,Celeb
Josh_Holloway,Josh Holloway,joshholloway,Celeb
Josh_Peck,Josh Peck,joshpeck,Celeb
Josh_Radnor,Josh Radnor,joshradnor,Celeb
Joshua_Bowman,Joshua Bowman,joshuabowman,Celeb
Joshua_Gomez,Joshua Gomez,joshuagomez,Celeb
Joshua_Jackson,Joshua Jackson,joshuajackson,Celeb
Joshua_Leonard,Joshua Leonard,joshualeonard,Celeb
Josie_Loren,Josie Loren,josieloren,Celeb
Joslyn_James,Joslyn James,joslynjames,Celeb
Jourdan_Dunn,Jourdan Dunn,jourdandunn,Celeb
Jovanovski_Bojana,Jovanovski Bojana,jovanovskibojana,Celeb
Joyce_Compton,Joyce Compton,joycecompton,Celeb
Joyce_DeWitt,Joyce DeWitt,joycedewitt,Celeb
Juan_A_Baptista,Juan A Baptista,juanabaptista,Celeb
Juan_Ballesta,Juan Ballesta,juanballesta,Celeb
Juan_Gil_Navarro,Juan Gil Navarro,juangilnavarro,Celeb
Juan_Manuel_Guilera,Juan Manuel Guilera,juanmanuelguilera,Celeb
Juan_Pablo_Angel,Juan Pablo Angel,juanpabloangel,Celeb
Juan_Pablo_Raba,Juan Pablo Raba,juanpabloraba,Celeb
Juan_Pedro_Lanzani,Juan Pedro Lanzani,juanpedrolanzani,Celeb
Juana_Viale,Juana Viale,juanaviale,Celeb
Judd_Apatow,Judd Apatow,juddapatow,Celeb
Judson_Mills,Judson Mills,judsonmills,Celeb
Judy_Garland,Judy Garland,judygarland,Celeb
Judy_Geeson,Judy Geeson,judygeeson,Celeb
Judy_Reyes,Judy Reyes,judyreyes,Celeb
Judy_Sheindlin,Judy Sheindlin,judysheindlin,Celeb
Juelz_Santana,Juelz Santana,juelzsantana,Celeb
Juhi_Chawla,Juhi Chawla,juhichawla,Celeb
Julia_Alexandratou,Julia Alexandratou,juliaalexandratou,Celeb
Julia_Bell,Julia Bell,juliabell,Celeb
Julia_Dietze,Julia Dietze,juliadietze,Celeb
Julia_Gillard,Julia Gillard,juliagillard,Celeb
Julia_Koschitz,Julia Koschitz,juliakoschitz,Celeb
Julia_Mancuso,Julia Mancuso,juliamancuso,Celeb
Julia_Montes,Julia Montes,juliamontes,Celeb
Julia_Nickson,Julia Nickson,julianickson,Celeb
Julia_Piquet,Julia Piquet,juliapiquet,Celeb
Julia_Saner,Julia Saner,juliasaner,Celeb
Julia_Sawalha,Julia Sawalha,juliasawalha,Celeb
Julia_Stegner,Julia Stegner,juliastegner,Celeb
Julia_Stiles,Julia Stiles,juliastiles,Celeb
Julia_Voth,Julia Voth,juliavoth,Celeb
Julia_Weber,Julia Weber,juliaweber,Celeb
Julian_Casablancas,Julian Casablancas,juliancasablancas,Celeb
Julian_Gil,Julian Gil,juliangil,Celeb
Julian_Lennon,Julian Lennon,julianlennon,Celeb
Julian_Robertson_Jr,Julian Robertson Jr,julianrobertsonjr,Celeb
Julian_Sands,Julian Sands,juliansands,Celeb
Juliana_Imai,Juliana Imai,julianaimai,Celeb
Juliana_Martins,Juliana Martins,julianamartins,Celeb
Juliana_Veloso,Juliana Veloso,julianaveloso,Celeb
Julianna_Rose_Mauriello,Julianna Rose Mauriello,juliannarosemauriello,Celeb
Juliano_Belletti,Juliano Belletti,julianobelletti,Celeb
Julie_Adams,Julie Adams,julieadams,Celeb
Julie_Bowen,Julie Bowen,juliebowen,Celeb
Julie_Caitlin_Brown,Julie Caitlin Brown,juliecaitlinbrown,Celeb
Julie_Freidman,Julie Freidman,juliefreidman,Celeb
Julie_Gonzalo,Julie Gonzalo,juliegonzalo,Celeb
Julie_McCullough,Julie McCullough,juliemccullough,Celeb
Julie_Newmar,Julie Newmar,julienewmar,Celeb
Julie_Walters,Julie Walters,juliewalters,Celeb
Julien_Bahain,Julien Bahain,julienbahain,Celeb
Juliet_Mills,Juliet Mills,julietmills,Celeb
Juliet_Prowse,Juliet Prowse,julietprowse,Celeb
Julieta_Cardinali,Julieta Cardinali,julietacardinali,Celeb
Julieta_Diaz,Julieta Diaz,julietadiaz,Celeb
Julieta_Ortega,Julieta Ortega,julietaortega,Celeb
Julieta_Prandi,Julieta Prandi,julietaprandi,Celeb
Julieta_Venegas,Julieta Venegas,julietavenegas,Celeb
Julija_Steponaviciute,Julija Steponaviciute,julijasteponaviciute,Celeb
Julius_Brink,Julius Brink,juliusbrink,Celeb
Jun-ki_Lee,Jun-ki Lee,junkilee,Celeb
June_Allyson,June Allyson,juneallyson,Celeb
June_Lockhart,June Lockhart,junelockhart,Celeb
Justin_Bartha,Justin Bartha,justinbartha,Celeb
Justin_Bruening,Justin Bruening,justinbruening,Celeb
Justin_Chatwin,Justin Chatwin,justinchatwin,Celeb
Justin_Chon,Justin Chon,justinchon,Celeb
Justin_Gaston,Justin Gaston,justingaston,Celeb
Justin_Hayward,Justin Hayward,justinhayward,Celeb
Justin_Kirk,Justin Kirk,justinkirk,Celeb
Justin_Lin,Justin Lin,justinlin,Celeb
Justin_Long,Justin Long,justinlong,Celeb
Justin_Mentell,Justin Mentell,justinmentell,Celeb
Justinas_Kinderis,Justinas Kinderis,justinaskinderis,Celeb
Justine_Ezarik,Justine Ezarik,justineezarik,Celeb
Justine_Legault,Justine Legault,justinelegault,Celeb
Justine_Mattera,Justine Mattera,justinemattera,Celeb
Kai_Schumann,Kai Schumann,kaischumann,Celeb
Kailee_O_Sullivan,Kailee O Sullivan,kaileeosullivan,Celeb
Kajal_Agarwal,Kajal Agarwal,kajalagarwal,Celeb
Kajal_Kiran,Kajal Kiran,kajalkiran,Celeb
Kalabhavan_Mani,Kalabhavan Mani,kalabhavanmani,Celeb
Kalomoira_Sarantis,Kalomoira Sarantis,kalomoirasarantis,Celeb
Kamila_Mackowiak,Kamila Mackowiak,kamilamackowiak,Celeb
Kamke_Tobias,Kamke Tobias,kamketobias,Celeb
Kanchana,Kanchana,kanchana,Celeb
Kanye_West,Kanye West,kanyewest,Celeb
Kaori_Icho,Kaori Icho,kaoriicho,Celeb
Kaori_Takagi,Kaori Takagi,kaoritakagi,Celeb
Kara_Goucher,Kara Goucher,karagoucher,Celeb
Kara_Tointon,Kara Tointon,karatointon,Celeb
Karan_Singh_Grover,Karan Singh Grover,karansinghgrover,Celeb
Karen_Carpenter,Karen Carpenter,karencarpenter,Celeb
Karen_Carreno,Karen Carreno,karencarreno,Celeb
Karen_Duffy,Karen Duffy,karenduffy,Celeb
Karen_Elson,Karen Elson,karenelson,Celeb
Karen_Gaurisas,Karen Gaurisas,karengaurisas,Celeb
Karen_Grassle,Karen Grassle,karengrassle,Celeb
Karen_Hanlen,Karen Hanlen,karenhanlen,Celeb
Karen_Kounrouzan,Karen Kounrouzan,karenkounrouzan,Celeb
Karen_Minier,Karen Minier,karenminier,Celeb
Karen_Mulder,Karen Mulder,karenmulder,Celeb
Kari_Byron,Kari Byron,karibyron,Celeb
Kari_Jobe,Kari Jobe,karijobe,Celeb
Kari_Matchett,Kari Matchett,karimatchett,Celeb
Kari_Rueslatten,Kari Rueslatten,karirueslatten,Celeb
Kari_Wuhrer,Kari Wuhrer,kariwuhrer,Celeb
Karin_Dor,Karin Dor,karindor,Celeb
Karina_Gonzalez,Karina Gonzalez,karinagonzalez,Celeb
Karina_Mora,Karina Mora,karinamora,Celeb
Karina_Smirnoff,Karina Smirnoff,karinasmirnoff,Celeb
Karine_Vanasse,Karine Vanasse,karinevanasse,Celeb
Karissa_Shannon,Karissa Shannon,karissashannon,Celeb
Karl_Lagerfeld,Karl Lagerfeld,karllagerfeld,Celeb
Karl_Urban,Karl Urban,karlurban,Celeb
Karmen_Pedaru,Karmen Pedaru,karmenpedaru,Celeb
Karolina_Kurkova,Karolina Kurkova,karolinakurkova,Celeb
Karrueche_Tran,Karrueche Tran,karruechetran,Celeb
Karthik_Muthuraman,Karthik Muthuraman,karthikmuthuraman,Celeb
Karun_Chandhok,Karun Chandhok,karunchandhok,Celeb
Karunas,Karunas,karunas,Celeb
Karyme_Lozano,Karyme Lozano,karymelozano,Celeb
Kasey_Rogers,Kasey Rogers,kaseyrogers,Celeb
Kasia_Smutniak,Kasia Smutniak,kasiasmutniak,Celeb
Kasia_Struss,Kasia Struss,kasiastruss,Celeb
Kaspar_Taimsoo,Kaspar Taimsoo,kaspartaimsoo,Celeb
Kat_DeLuna,Kat DeLuna,katdeluna,Celeb
Kat_Graham,Kat Graham,katgraham,Celeb
Katarina_Leigh_Waters,Katarina Leigh Waters,katarinaleighwaters,Celeb
Katarina_Vargas,Katarina Vargas,katarinavargas,Celeb
Katarina_Witt,Katarina Witt,katarinawitt,Celeb
Katarzyna_Cichopek,Katarzyna Cichopek,katarzynacichopek,Celeb
Katarzyna_Glinka,Katarzyna Glinka,katarzynaglinka,Celeb
Katarzyna_Zielinska,Katarzyna Zielinska,katarzynazielinska,Celeb
Kate_Bush,Kate Bush,katebush,Celeb
Kate_Dillon,Kate Dillon,katedillon,Celeb
Kate_Elson,Kate Elson,kateelson,Celeb
Kate_Flannery,Kate Flannery,kateflannery,Celeb
Kate_Groombridge,Kate Groombridge,kategroombridge,Celeb
Kate_King,Kate King,kateking,Celeb
Kate_Macgregor,Kate Macgregor,katemacgregor,Celeb
Kate_Middleton,Kate Middleton,katemiddleton,Celeb
Kate_Nash,Kate Nash,katenash,Celeb
Kate_OMara,Kate OMara,kateomara,Celeb
Kate_Ryan,Kate Ryan,kateryan,Celeb
Kate_Sajur,Kate Sajur,katesajur,Celeb
Kate_Vernon,Kate Vernon,katevernon,Celeb
Kate_del_Castillo,Kate del Castillo,katedelcastillo,Celeb
Katelyn_Falgowski,Katelyn Falgowski,katelynfalgowski,Celeb
Katerina_Karavatou,Katerina Karavatou,katerinakaravatou,Celeb
Katerina_Papoutsaki,Katerina Papoutsaki,katerinapapoutsaki,Celeb
Katerina_Stiekoudi,Katerina Stiekoudi,katerinastiekoudi,Celeb
Katey_Sagal,Katey Sagal,kateysagal,Celeb
Katherine_Heigl,Katherine Heigl,katherineheigl,Celeb
Katherine_Jenkins,Katherine Jenkins,katherinejenkins,Celeb
Katherine_Kelly_Lang,Katherine Kelly Lang,katherinekellylang,Celeb
Katherine_Legge,Katherine Legge,katherinelegge,Celeb
Katherine_Moennig,Katherine Moennig,katherinemoennig,Celeb
Katherine_von_Drachenberg,Katherine von Drachenberg,katherinevondrachenberg,Celeb
Kathie_Lee_Gifford,Kathie Lee Gifford,kathieleegifford,Celeb
Kathleen_Sebelius,Kathleen Sebelius,kathleensebelius,Celeb
Kathleen_Turner,Kathleen Turner,kathleenturner,Celeb
Kathrin_Werderitsch,Kathrin Werderitsch,kathrinwerderitsch,Celeb
Kathryn_Bernardo,Kathryn Bernardo,kathrynbernardo,Celeb
Kathryn_Erbe,Kathryn Erbe,kathrynerbe,Celeb
Kathryn_McCormick,Kathryn McCormick,kathrynmccormick,Celeb
Kathryn_Prescott,Kathryn Prescott,kathrynprescott,Celeb
Kathy_Griffin,Kathy Griffin,kathygriffin,Celeb
Kathy_Ireland,Kathy Ireland,kathyireland,Celeb
Kati_Nescher,Kati Nescher,katinescher,Celeb
Katia_Dandoulaki,Katia Dandoulaki,katiadandoulaki,Celeb
Katia_Zygouli,Katia Zygouli,katiazygouli,Celeb
Katie_Cleary,Katie Cleary,katiecleary,Celeb
Katie_Downes,Katie Downes,katiedownes,Celeb
Katie_Ledecky,Katie Ledecky,katieledecky,Celeb
Katie_Lee_Joel,Katie Lee Joel,katieleejoel,Celeb
Katie_Lohmann,Katie Lohmann,katielohmann,Celeb
Katie_McGrath,Katie McGrath,katiemcgrath,Celeb
Katie_Melua,Katie Melua,katiemelua,Celeb
Katrina_Kaif,Katrina Kaif,katrinakaif,Celeb
Katrina_Law,Katrina Law,katrinalaw,Celeb
Katsia_Damankova,Katsia Damankova,katsiadamankova,Celeb
Katt_Williams,Katt Williams,kattwilliams,Celeb
Katy_Louise_Saunders,Katy Louise Saunders,katylouisesaunders,Celeb
Kay_Panabaker,Kay Panabaker,kaypanabaker,Celeb
Kaya_Scodelario,Kaya Scodelario,kayascodelario,Celeb
Kaye_Abad,Kaye Abad,kayeabad,Celeb
Kaylani_Lei,Kaylani Lei,kaylanilei,Celeb
Kaylee_DeFer,Kaylee DeFer,kayleedefer,Celeb
Ke$ha,Ke$ha,keha,Celeb
Keegan_Allen,Keegan Allen,keeganallen,Celeb
Keegan_Connor_Tracy,Keegan Connor Tracy,keeganconnortracy,Celeb
Keely_Shaye_Smith,Keely Shaye Smith,keelyshayesmith,Celeb
Keenyah_Hill,Keenyah Hill,keenyahhill,Celeb
Keiichiro_Takahara,Keiichiro Takahara,keiichirotakahara,Celeb
Keiko_Kitagawa,Keiko Kitagawa,keikokitagawa,Celeb
Keisha_Knight_Pulliam,Keisha Knight Pulliam,keishaknightpulliam,Celeb
Keisha_Whitaker,Keisha Whitaker,keishawhitaker,Celeb
Keith_Carradine,Keith Carradine,keithcarradine,Celeb
Keith_Lieberthal,Keith Lieberthal,keithlieberthal,Celeb
Keith_Moon,Keith Moon,keithmoon,Celeb
Keith_Richards,Keith Richards,keithrichards,Celeb
Keith_Sweat,Keith Sweat,keithsweat,Celeb
Keke_Palmer,Keke Palmer,kekepalmer,Celeb
Keki_Adhikari,Keki Adhikari,kekiadhikari,Celeb
Kelli_Garner,Kelli Garner,kelligarner,Celeb
Kelli_Giddish,Kelli Giddish,kelligiddish,Celeb
Kelli_Goss,Kelli Goss,kelligoss,Celeb
Kelli_Ilves,Kelli Ilves,kelliilves,Celeb
Kellie_Wells,Kellie Wells,kelliewells,Celeb
Kelly_Bensimon,Kelly Bensimon,kellybensimon,Celeb
Kelly_Carlson,Kelly Carlson,kellycarlson,Celeb
Kelly_Kruger,Kelly Kruger,kellykruger,Celeb
Kelly_LeBrock,Kelly LeBrock,kellylebrock,Celeb
Kelly_Monaco,Kelly Monaco,kellymonaco,Celeb
Kelly_Packard,Kelly Packard,kellypackard,Celeb
Kelly_Preston,Kelly Preston,kellypreston,Celeb
Kelly_Reilly,Kelly Reilly,kellyreilly,Celeb
Kelly_Rowan,Kelly Rowan,kellyrowan,Celeb
Kelsey_Van_Mook,Kelsey Van Mook,kelseyvanmook,Celeb
Keltie_Colleen,Keltie Colleen,keltiecolleen,Celeb
Ken_Howard,Ken Howard,kenhoward,Celeb
Kenan_Imirzalioglu,Kenan Imirzalioglu,kenanimirzalioglu,Celeb
Kenan_Thompson,Kenan Thompson,kenanthompson,Celeb
Kendall_Jenner,Kendall Jenner,kendalljenner,Celeb
Kendra_Spears,Kendra Spears,kendraspears,Celeb
Kenny_G,Kenny G,kennyg,Celeb
Kenny_Wormald,Kenny Wormald,kennywormald,Celeb
Kenton_Duty,Kenton Duty,kentonduty,Celeb
Kenzie_Dalton,Kenzie Dalton,kenziedalton,Celeb
Kerber_Angelique,Kerber Angelique,kerberangelique,Celeb
Keren_Ann,Keren Ann,kerenann,Celeb
Kerri_Walsh,Kerri Walsh,kerriwalsh,Celeb
Kerron_Clement,Kerron Clement,kerronclement,Celeb
Kerry_Katona,Kerry Katona,kerrykatona,Celeb
Kerry_Morgan,Kerry Morgan,kerrymorgan,Celeb
Kerry_Rhodes,Kerry Rhodes,kerryrhodes,Celeb
Keshia_Chante,Keshia Chante,keshiachante,Celeb
Kevin_Alexander_Clark,Kevin Alexander Clark,kevinalexanderclark,Celeb
Kevin_Dillon,Kevin Dillon,kevindillon,Celeb
Kevin_Durand,Kevin Durand,kevindurand,Celeb
Kevin_Durant,Kevin Durant,kevindurant,Celeb
Kevin_Federline,Kevin Federline,kevinfederline,Celeb
Kevin_Hart,Kevin Hart,kevinhart,Celeb
Kevin_McKidd,Kevin McKidd,kevinmckidd,Celeb
Kevin_McNally,Kevin McNally,kevinmcnally,Celeb
Kevin_Pereira,Kevin Pereira,kevinpereira,Celeb
Kevin_Rudd,Kevin Rudd,kevinrudd,Celeb
Khalifa_bin_Zayed_Al_Nahyan,Khalifa bin Zayed Al Nahyan,khalifabinzayedalnahyan,Celeb
Khira_Li_Lindemann,Khira Li Lindemann,khiralilindemann,Celeb
Kian_Egan,Kian Egan,kianegan,Celeb
Kid_Cudi,Kid Cudi,kidcudi,Celeb
Kiera_Chaplin,Kiera Chaplin,kierachaplin,Celeb
Kiira_Korpi,Kiira Korpi,kiirakorpi,Celeb
Kim_Basinger,Kim Basinger,kimbasinger,Celeb
Kim_Cloutier,Kim Cloutier,kimcloutier,Celeb
Kim_Coates,Kim Coates,kimcoates,Celeb
Kim_Darby,Kim Darby,kimdarby,Celeb
Kim_Feenstra,Kim Feenstra,kimfeenstra,Celeb
Kim_Fields,Kim Fields,kimfields,Celeb
Kim_Jae_Wook,Kim Jae Wook,kimjaewook,Celeb
Kim_Jun,Kim Jun,kimjun,Celeb
Kim_Matula,Kim Matula,kimmatula,Celeb
Kim_Novak,Kim Novak,kimnovak,Celeb
Kim_Paradise,Kim Paradise,kimparadise,Celeb
Kim_Richards,Kim Richards,kimrichards,Celeb
Kim_Sears,Kim Sears,kimsears,Celeb
Kim_Smith,Kim Smith,kimsmith,Celeb
Kim_So_Hyun,Kim So Hyun,kimsohyun,Celeb
Kim_Zolciak,Kim Zolciak,kimzolciak,Celeb
Kimberley_Walsh,Kimberley Walsh,kimberleywalsh,Celeb
Kimberly_Caldwell,Kimberly Caldwell,kimberlycaldwell,Celeb
Kimberly_Nash,Kimberly Nash,kimberlynash,Celeb
Kimika_Yoshino,Kimika Yoshino,kimikayoshino,Celeb
Kinga_Rajzak,Kinga Rajzak,kingarajzak,Celeb
Kip_Pardue,Kip Pardue,kippardue,Celeb
Kip_Winger,Kip Winger,kipwinger,Celeb
Kira_Dikhtyar,Kira Dikhtyar,kiradikhtyar,Celeb
Kira_Miro,Kira Miro,kiramiro,Celeb
Kirilenko_Andrei,Kirilenko Andrei,kirilenkoandrei,Celeb
Kirsten_Storms,Kirsten Storms,kirstenstorms,Celeb
Kirstie_Alley,Kirstie Alley,kirstiealley,Celeb
Kirsty_Gallacher,Kirsty Gallacher,kirstygallacher,Celeb
Kirsty_Hume,Kirsty Hume,kirstyhume,Celeb
Kivanc_Kasabali,Kivanc Kasabali,kivanckasabali,Celeb
Kivanc_Tatlitug,Kivanc Tatlitug,kivanctatlitug,Celeb
Kizzy_McHugh,Kizzy McHugh,kizzymchugh,Celeb
Kjeld_Kirk_Kristiansen,Kjeld Kirk Kristiansen,kjeldkirkkristiansen,Celeb
Klara_Wester,Klara Wester,klarawester,Celeb
Klaus_Kinski,Klaus Kinski,klauskinski,Celeb
Kodi_Smit-McPhee,Kodi Smit-McPhee,kodismitmcphee,Celeb
Koena_Mitra,Koena Mitra,koenamitra,Celeb
Koharu_Kusumi,Koharu Kusumi,koharukusumi,Celeb
Konnie_Huq,Konnie Huq,konniehuq,Celeb
Konstantin_Khabenskiy,Konstantin Khabenskiy,konstantinkhabenskiy,Celeb
Kris_Allen,Kris Allen,krisallen,Celeb
Kris_Humphries,Kris Humphries,krishumphries,Celeb
Kris_Jenner,Kris Jenner,krisjenner,Celeb
Kris_Kristofferson,Kris Kristofferson,kriskristofferson,Celeb
Kris_Smith,Kris Smith,krissmith,Celeb
Krissy_Vaine,Krissy Vaine,krissyvaine,Celeb
Krista_Allen,Krista Allen,kristaallen,Celeb
Krista_Ayne,Krista Ayne,kristaayne,Celeb
Kristen_Davis,Kristen Davis,kristendavis,Celeb
Kristi_Yamaguchi,Kristi Yamaguchi,kristiyamaguchi,Celeb
Kristin_Bauer_van_Straten,Kristin Bauer van Straten,kristinbauervanstraten,Celeb
Kristin_Cavallari,Kristin Cavallari,kristincavallari,Celeb
Kristin_Lehman,Kristin Lehman,kristinlehman,Celeb
Kristina_Yeo,Kristina Yeo,kristinayeo,Celeb
Kristy_Lee_Cook,Kristy Lee Cook,kristyleecook,Celeb
Kristy_Swanson,Kristy Swanson,kristyswanson,Celeb
Kristyna_Lebedova,Kristyna Lebedova,kristynalebedova,Celeb
Kronprinsesse_Mary,Kronprinsesse Mary,kronprinsessemary,Celeb
Krystal_Forscutt,Krystal Forscutt,krystalforscutt,Celeb
Krystal_Gail,Krystal Gail,krystalgail,Celeb
Krystal_Meyers,Krystal Meyers,krystalmeyers,Celeb
Krystyna_Janda,Krystyna Janda,krystynajanda,Celeb
Ksenia_Kahnovich,Ksenia Kahnovich,kseniakahnovich,Celeb
Kseniya_Sobchak,Kseniya Sobchak,kseniyasobchak,Celeb
Kumar_Birla,Kumar Birla,kumarbirla,Celeb
Kunal_Nayyar,Kunal Nayyar,kunalnayyar,Celeb
Kuno_Becker,Kuno Becker,kunobecker,Celeb
Kurt_Cobain,Kurt Cobain,kurtcobain,Celeb
Kuznetsova_Svetlana,Kuznetsova Svetlana,kuznetsovasvetlana,Celeb
Kyla_Cole,Kyla Cole,kylacole,Celeb
Kyle_Chandler,Kyle Chandler,kylechandler,Celeb
Kyle_Gallner,Kyle Gallner,kylegallner,Celeb
Kyle_Howard,Kyle Howard,kylehoward,Celeb
Kyle_MacLachlan,Kyle MacLachlan,kylemaclachlan,Celeb
Kyle_Massey,Kyle Massey,kylemassey,Celeb
Kyle_Schmid,Kyle Schmid,kyleschmid,Celeb
Kylie_Jenner,Kylie Jenner,kyliejenner,Celeb
Kyoko_Hasegawa,Kyoko Hasegawa,kyokohasegawa,Celeb
LWren_Scott,LWren Scott,lwrenscott,Celeb
La_La_Anthony,La La Anthony,lalaanthony,Celeb
La_Toya_Jackson,La Toya Jackson,latoyajackson,Celeb
Lacey_Jones,Lacey Jones,laceyjones,Celeb
Lacey_Schwimmer,Lacey Schwimmer,laceyschwimmer,Celeb
Lacuna_Coil,Lacuna Coil,lacunacoil,Celeb
Lady_Sovereign,Lady Sovereign,ladysovereign,Celeb
Laetitia_Milot,Laetitia Milot,laetitiamilot,Celeb
Laila_Rouass,Laila Rouass,lailarouass,Celeb
Lais_Ribeiro,Lais Ribeiro,laisribeiro,Celeb
Lake_Bell,Lake Bell,lakebell,Celeb
Lakshmi_Mittal,Lakshmi Mittal,lakshmimittal,Celeb
Lamar_Odom,Lamar Odom,lamarodom,Celeb
Lamb_Jeremy,Lamb Jeremy,lambjeremy,Celeb
Lambert_Wilson,Lambert Wilson,lambertwilson,Celeb
Lamorne_Morris,Lamorne Morris,lamornemorris,Celeb
Lana_Wood,Lana Wood,lanawood,Celeb
Lance_Gross,Lance Gross,lancegross,Celeb
Lance_Henriksen,Lance Henriksen,lancehenriksen,Celeb
Lance_Kerwin,Lance Kerwin,lancekerwin,Celeb
Lara_Dutta,Lara Dutta,laradutta,Celeb
Lara_Fabian,Lara Fabian,larafabian,Celeb
Lara_Lieto,Lara Lieto,laralieto,Celeb
Lara_Scandar,Lara Scandar,larascandar,Celeb
Lara_Spencer,Lara Spencer,laraspencer,Celeb
Larisa_Fraser,Larisa Fraser,larisafraser,Celeb
Larisa_Oleynik,Larisa Oleynik,larisaoleynik,Celeb
Larissa_Riquelme,Larissa Riquelme,larissariquelme,Celeb
Larry_Birkhead,Larry Birkhead,larrybirkhead,Celeb
Larry_David,Larry David,larrydavid,Celeb
Larry_Fitzgerald,Larry Fitzgerald,larryfitzgerald,Celeb
Larry_Storch,Larry Storch,larrystorch,Celeb
Larry_The_Cable_Guy,Larry The Cable Guy,larrythecableguy,Celeb
Larry_Wilcox,Larry Wilcox,larrywilcox,Celeb
Lars_Ulrich,Lars Ulrich,larsulrich,Celeb
Laura_Bell_Bundy,Laura Bell Bundy,laurabellbundy,Celeb
Laura_Bertram,Laura Bertram,laurabertram,Celeb
Laura_Blokhina,Laura Blokhina,laurablokhina,Celeb
Laura_Croft,Laura Croft,lauracroft,Celeb
Laura_Csortan,Laura Csortan,lauracsortan,Celeb
Laura_Esquivel,Laura Esquivel,lauraesquivel,Celeb
Laura_Garrett,Laura Garrett,lauragarrett,Celeb
Laura_Godoy,Laura Godoy,lauragodoy,Celeb
Laura_Harris,Laura Harris,lauraharris,Celeb
Laura_Leighton,Laura Leighton,lauraleighton,Celeb
Laura_Osswald,Laura Osswald,lauraosswald,Celeb
Laura_Ponte,Laura Ponte,lauraponte,Celeb
Laura_Prepon,Laura Prepon,lauraprepon,Celeb
Laura_Prestin,Laura Prestin,lauraprestin,Celeb
Laura_Vandervoort,Laura Vandervoort,lauravandervoort,Celeb
Lauren_Bacall,Lauren Bacall,laurenbacall,Celeb
Lauren_Budd,Lauren Budd,laurenbudd,Celeb
Lauren_Cheney,Lauren Cheney,laurencheney,Celeb
Lauren_Gold,Lauren Gold,laurengold,Celeb
Lauren_Holly,Lauren Holly,laurenholly,Celeb
Lauren_Koslow,Lauren Koslow,laurenkoslow,Celeb
Lauren_Mellor,Lauren Mellor,laurenmellor,Celeb
Lauren_Sanchez,Lauren Sanchez,laurensanchez,Celeb
Lauren_Storm,Lauren Storm,laurenstorm,Celeb
Lauren_Young,Lauren Young,laurenyoung,Celeb
Laurence_Fox,Laurence Fox,laurencefox,Celeb
Laurence_Olivier,Laurence Olivier,laurenceolivier,Celeb
Laurie_Brett,Laurie Brett,lauriebrett,Celeb
Lauryn_Hill,Lauryn Hill,laurynhill,Celeb
Layne_Staley,Layne Staley,laynestaley,Celeb
Lea_Michele,Lea Michele,leamichele,Celeb
Leah_Gibson,Leah Gibson,leahgibson,Celeb
Leah_Pipes,Leah Pipes,leahpipes,Celeb
Ledri_Vula,Ledri Vula,ledrivula,Celeb
Lee_Eun-ju,Lee Eun-ju,leeeunju,Celeb
Lee_Furlong,Lee Furlong,leefurlong,Celeb
Lee_Grant,Lee Grant,leegrant,Celeb
Lee_Junho,Lee Junho,leejunho,Celeb
Lee_Pace,Lee Pace,leepace,Celeb
Lee_Ryan,Lee Ryan,leeryan,Celeb
Lee_Shau_Kee,Lee Shau Kee,leeshaukee,Celeb
Lee_Shin_Cheng,Lee Shin Cheng,leeshincheng,Celeb
Leeann_Tweeden,Leeann Tweeden,leeanntweeden,Celeb
Leeza_Gibbons,Leeza Gibbons,leezagibbons,Celeb
Leigh_Dorough,Leigh Dorough,leighdorough,Celeb
Leighton_Meester,Leighton Meester,leightonmeester,Celeb
Leisha_Hailey,Leisha Hailey,leishahailey,Celeb
Leland_Orser,Leland Orser,lelandorser,Celeb
Len_Wiseman,Len Wiseman,lenwiseman,Celeb
Lena_Gercke,Lena Gercke,lenagercke,Celeb
Lenka_Kripac,Lenka Kripac,lenkakripac,Celeb
Leo_Gregory,Leo Gregory,leogregory,Celeb
Leo_Howard,Leo Howard,leohoward,Celeb
Leon_Black,Leon Black,leonblack,Celeb
Leon_Thomas_III,Leon Thomas III,leonthomasiii,Celeb
Leona_Cavalli,Leona Cavalli,leonacavalli,Celeb
Leonard_Bernstein,Leonard Bernstein,leonardbernstein,Celeb
Leonard_Lauder,Leonard Lauder,leonardlauder,Celeb
Leonard_Nimoy,Leonard Nimoy,leonardnimoy,Celeb
Leonard_Whiting,Leonard Whiting,leonardwhiting,Celeb
Leonid_Fedun,Leonid Fedun,leonidfedun,Celeb
Leonor_Varela,Leonor Varela,leonorvarela,Celeb
Leonora_Jakupi,Leonora Jakupi,leonorajakupi,Celeb
Leryn_Franco,Leryn Franco,lerynfranco,Celeb
Lesley-Anne_Down,Lesley-Anne Down,lesleyannedown,Celeb
Lesley_Ann_Warren,Lesley Ann Warren,lesleyannwarren,Celeb
Lesley_Gore,Lesley Gore,lesleygore,Celeb
Leslie_Bianchini,Leslie Bianchini,lesliebianchini,Celeb
Leslie_Caron,Leslie Caron,lesliecaron,Celeb
Leslie_McKeown,Leslie McKeown,lesliemckeown,Celeb
Leslie_Neilsen,Leslie Neilsen,leslieneilsen,Celeb
Leslie_Nielsen,Leslie Nielsen,leslienielsen,Celeb
Leslie_Parrish,Leslie Parrish,leslieparrish,Celeb
Leslie_Wexner,Leslie Wexner,lesliewexner,Celeb
Leticia_Bredice,Leticia Bredice,leticiabredice,Celeb
Leticia_Calderon,Leticia Calderon,leticiacalderon,Celeb
Leticia_Zuloaga,Leticia Zuloaga,leticiazuloaga,Celeb
Leven_Rambin,Leven Rambin,levenrambin,Celeb
Lewis_Hamilton,Lewis Hamilton,lewishamilton,Celeb
Leyla_Milani,Leyla Milani,leylamilani,Celeb
Li_Na,Li Na,lina,Celeb
Lia_Neal,Lia Neal,lianeal,Celeb
Liam_Aiken,Liam Aiken,liamaiken,Celeb
Liam_James,Liam James,liamjames,Celeb
Liam_Payne,Liam Payne,liampayne,Celeb
Liberty_Ross,Liberty Ross,libertyross,Celeb
Liev_Schreiber,Liev Schreiber,lievschreiber,Celeb
Liggins_DeAndre,Liggins DeAndre,ligginsdeandre,Celeb
Lil_Kim,Lil Kim,lilkim,Celeb
Lil_Wayne,Lil Wayne,lilwayne,Celeb
Liliana_Campos,Liliana Campos,lilianacampos,Celeb
Liliane_Bettencourt,Liliane Bettencourt,lilianebettencourt,Celeb
Lily_Cole,Lily Cole,lilycole,Celeb
Lily_Collins,Lily Collins,lilycollins,Celeb
Lily_Rose_Allen,Lily Rose Allen,lilyroseallen,Celeb
Lim_Kok_Thay,Lim Kok Thay,limkokthay,Celeb
Limahl,Limahl,limahl,Celeb
Lina_Sands,Lina Sands,linasands,Celeb
Lina_Shekhovtsova,Lina Shekhovtsova,linashekhovtsova,Celeb
Linda_Blair,Linda Blair,lindablair,Celeb
Linda_Darnell,Linda Darnell,lindadarnell,Celeb
Linda_Eder,Linda Eder,lindaeder,Celeb
Linda_Evangelista,Linda Evangelista,lindaevangelista,Celeb
Linda_Harrison,Linda Harrison,lindaharrison,Celeb
Linda_Hunt,Linda Hunt,lindahunt,Celeb
Linda_Thompson,Linda Thompson,lindathompson,Celeb
Linda_Vojtova,Linda Vojtova,lindavojtova,Celeb
Lindsay_Ellingson,Lindsay Ellingson,lindsayellingson,Celeb
Lindsay_Sloane,Lindsay Sloane,lindsaysloane,Celeb
Lindsay_Wagner,Lindsay Wagner,lindsaywagner,Celeb
Lindsey_Strutt,Lindsey Strutt,lindseystrutt,Celeb
Lindsey_Vonn,Lindsey Vonn,lindseyvonn,Celeb
Liraz_Dror,Liraz Dror,lirazdror,Celeb
Lis_Vega,Lis Vega,lisvega,Celeb
Lisa_Cant,Lisa Cant,lisacant,Celeb
Lisa_Cazzulimi,Lisa Cazzulimi,lisacazzulimi,Celeb
Lisa_DAmato,Lisa DAmato,lisadamato,Celeb
Lisa_Faulkner,Lisa Faulkner,lisafaulkner,Celeb
Lisa_Foiles,Lisa Foiles,lisafoiles,Celeb
Lisa_Gerrard,Lisa Gerrard,lisagerrard,Celeb
Lisa_Hannigan,Lisa Hannigan,lisahannigan,Celeb
Lisa_Hartman,Lisa Hartman,lisahartman,Celeb
Lisa_Marie_Scott,Lisa Marie Scott,lisamariescott,Celeb
Lisa_Martinek,Lisa Martinek,lisamartinek,Celeb
Lisa_Origliasso,Lisa Origliasso,lisaorigliasso,Celeb
Lisa_Seiffert,Lisa Seiffert,lisaseiffert,Celeb
Lisa_Snowdon,Lisa Snowdon,lisasnowdon,Celeb
Lisa_Stelly,Lisa Stelly,lisastelly,Celeb
Lisa_Westerhof,Lisa Westerhof,lisawesterhof,Celeb
Little_Boots,Little Boots,littleboots,Celeb
Livia_Brito,Livia Brito,liviabrito,Celeb
Livia_Giuggioli,Livia Giuggioli,liviagiuggioli,Celeb
Liz_Goldwyn,Liz Goldwyn,lizgoldwyn,Celeb
Liz_Renay,Liz Renay,lizrenay,Celeb
Liz_Solari,Liz Solari,lizsolari,Celeb
Lizabeth_Scott,Lizabeth Scott,lizabethscott,Celeb
Lizzi_Benites,Lizzi Benites,lizzibenites,Celeb
Lloyd_Daniels,Lloyd Daniels,lloyddaniels,Celeb
Lobke_Berkhout,Lobke Berkhout,lobkeberkhout,Celeb
Lochlyn_Munro,Lochlyn Munro,lochlynmunro,Celeb
Logan_Marshall-Green,Logan Marshall-Green,loganmarshallgreen,Celeb
Lois_Chiles,Lois Chiles,loischiles,Celeb
Lola_Ponce,Lola Ponce,lolaponce,Celeb
Lola_Van_Wagenen,Lola Van Wagenen,lolavanwagenen,Celeb
Lolo_Jones,Lolo Jones,lolojones,Celeb
Lonneke_Engel,Lonneke Engel,lonnekeengel,Celeb
Loredana_Chivu,Loredana Chivu,loredanachivu,Celeb
Lorena_Ayala,Lorena Ayala,lorenaayala,Celeb
Lorena_Bueri,Lorena Bueri,lorenabueri,Celeb
Lorena_Herrera,Lorena Herrera,lorenaherrera,Celeb
Lorena_Rojas,Lorena Rojas,lorenarojas,Celeb
Lorenzi_Paolo,Lorenzi Paolo,lorenzipaolo,Celeb
Lorenzo_Lamas,Lorenzo Lamas,lorenzolamas,Celeb
Lori_Nelson,Lori Nelson,lorinelson,Celeb
Lorik_Cana,Lorik Cana,lorikcana,Celeb
Lorraine_Stewart,Lorraine Stewart,lorrainestewart,Celeb
Lorraine_Van_Wyk,Lorraine Van Wyk,lorrainevanwyk,Celeb
Lou_Diamond_Phillips,Lou Diamond Phillips,loudiamondphillips,Celeb
Lou_Doillon,Lou Doillon,loudoillon,Celeb
Lou_Taylor_Pucci,Lou Taylor Pucci,loutaylorpucci,Celeb
Louis-Marie_De_Castelbajac,Louis-Marie De Castelbajac,louismariedecastelbajac,Celeb
Louis_CK,Louis CK,louisck,Celeb
Louis_Garrel,Louis Garrel,louisgarrel,Celeb
Louis_Gossett,Louis Gossett,louisgossett,Celeb
Louis_Tomlinson,Louis Tomlinson,louistomlinson,Celeb
Louis_Walsh,Louis Walsh,louiswalsh,Celeb
Louisa_Lytton,Louisa Lytton,louisalytton,Celeb
Louise_DTuani,Louise DTuani,louisedtuani,Celeb
Louise_Griffiths,Louise Griffiths,louisegriffiths,Celeb
Louise_Jameson,Louise Jameson,louisejameson,Celeb
Louise_Roe,Louise Roe,louiseroe,Celeb
Lovi_Poe,Lovi Poe,lovipoe,Celeb
Lua_Blanco,Lua Blanco,luablanco,Celeb
Luana_Piovani,Luana Piovani,luanapiovani,Celeb
Luba_Goy,Luba Goy,lubagoy,Celeb
Luc_Abalo,Luc Abalo,lucabalo,Celeb
Luc_Carl,Luc Carl,luccarl,Celeb
Lucas_Black,Lucas Black,lucasblack,Celeb
Lucas_Cruikshank,Lucas Cruikshank,lucascruikshank,Celeb
Lucas_Mutinelli,Lucas Mutinelli,lucasmutinelli,Celeb
Lucero,Lucero,lucero,Celeb
Lucia_Bose,Lucia Bose,luciabose,Celeb
Lucia_Dvorska,Lucia Dvorska,luciadvorska,Celeb
Luciana_Curtis,Luciana Curtis,lucianacurtis,Celeb
Luciana_Salazar,Luciana Salazar,lucianasalazar,Celeb
Lucie_Decosse,Lucie Decosse,luciedecosse,Celeb
Lucky_Dube,Lucky Dube,luckydube,Celeb
Lucy_Bayet,Lucy Bayet,lucybayet,Celeb
Lucy_Becker,Lucy Becker,lucybecker,Celeb
Lucy_Lawless,Lucy Lawless,lucylawless,Celeb
Lucy_Pinder,Lucy Pinder,lucypinder,Celeb
Lucy_Punch,Lucy Punch,lucypunch,Celeb
Ludacris_Chris_Bridges,Ludacris Chris Bridges,ludacrischrisbridges,Celeb
Luis_Carlos_Sarmiento,Luis Carlos Sarmiento,luiscarlossarmiento,Celeb
Luis_Fabiano,Luis Fabiano,luisfabiano,Celeb
Luis_Miguel,Luis Miguel,luismiguel,Celeb
Luisa_Hartema,Luisa Hartema,luisahartema,Celeb
Luisana_Lopilato,Luisana Lopilato,luisanalopilato,Celeb
Luise_Rainer,Luise Rainer,luiserainer,Celeb
Luiza_Freyesleben,Luiza Freyesleben,luizafreyesleben,Celeb
Luiza_Valdetaro,Luiza Valdetaro,luizavaldetaro,Celeb
Lujan_Fernandez,Lujan Fernandez,lujanfernandez,Celeb
Lukas_Haas,Lukas Haas,lukashaas,Celeb
Lukas_Podolski,Lukas Podolski,lukaspodolski,Celeb
Lukas_Rossi,Lukas Rossi,lukasrossi,Celeb
Luke_Benward,Luke Benward,lukebenward,Celeb
Luke_Bilyk,Luke Bilyk,lukebilyk,Celeb
Luke_Bryan,Luke Bryan,lukebryan,Celeb
Luke_Goss,Luke Goss,lukegoss,Celeb
Luke_Pasqualino,Luke Pasqualino,lukepasqualino,Celeb
Luke_Pritchard,Luke Pritchard,lukepritchard,Celeb
Luminor,Luminor,luminor,Celeb
Luol_Deng,Luol Deng,luoldeng,Celeb
Lupe_Ontiveros,Lupe Ontiveros,lupeontiveros,Celeb
Lupe_Velez,Lupe Velez,lupevelez,Celeb
Luther_Vandross,Luther Vandross,luthervandross,Celeb
Luz_Elena_Gonzalez,Luz Elena Gonzalez,luzelenagonzalez,Celeb
Luz_Whitney,Luz Whitney,luzwhitney,Celeb
Lydia_Hearst,Lydia Hearst,lydiahearst,Celeb
Lydia_Lunch,Lydia Lunch,lydialunch,Celeb
Lykke_Li,Lykke Li,lykkeli,Celeb
Lyndah_Pizarro,Lyndah Pizarro,lyndahpizarro,Celeb
Lyndon_Johnson,Lyndon Johnson,lyndonjohnson,Celeb
Lyndsy_Fonseca,Lyndsy Fonseca,lyndsyfonseca,Celeb
Lynn_Chen,Lynn Chen,lynnchen,Celeb
Lynn_Collins,Lynn Collins,lynncollins,Celeb
Lynne_Frederick,Lynne Frederick,lynnefrederick,Celeb
MC_Lyte,MC Lyte,mclyte,Celeb
M_Pokora,M Pokora,mpokora,Celeb
Ma_Jack,Ma Jack,majack,Celeb
Mackenzie_Phillips,Mackenzie Phillips,mackenziephillips,Celeb
Mackenzie_Rosman,Mackenzie Rosman,mackenzierosman,Celeb
Macri_Elena_Velez_Sanchez,Macri Elena Velez Sanchez,macrielenavelezsanchez,Celeb
Macy_Gray,Macy Gray,macygray,Celeb
Madeleine_Carroll,Madeleine Carroll,madeleinecarroll,Celeb
Madeleine_Martin,Madeleine Martin,madeleinemartin,Celeb
Madeleine_Peyroux,Madeleine Peyroux,madeleinepeyroux,Celeb
Madeleine_Stowe,Madeleine Stowe,madeleinestowe,Celeb
Madeline_Carroll,Madeline Carroll,madelinecarroll,Celeb
Madeline_Zima,Madeline Zima,madelinezima,Celeb
Madhavan,Madhavan,madhavan,Celeb
Madison_Pettis,Madison Pettis,madisonpettis,Celeb
Mae_Murray,Mae Murray,maemurray,Celeb
Magali_Amadei,Magali Amadei,magaliamadei,Celeb
Magda_Mielcarz,Magda Mielcarz,magdamielcarz,Celeb
Magdalena_Frackowiak,Magdalena Frackowiak,magdalenafrackowiak,Celeb
Magdalena_Neuner,Magdalena Neuner,magdalenaneuner,Celeb
Magdalena_Wrobel,Magdalena Wrobel,magdalenawrobel,Celeb
Maggi_Caruthers,Maggi Caruthers,maggicaruthers,Celeb
Magne_Furuholmen,Magne Furuholmen,magnefuruholmen,Celeb
Mahima_Chaudhry,Mahima Chaudhry,mahimachaudhry,Celeb
Maiara_Walsh,Maiara Walsh,maiarawalsh,Celeb
Maika_Monroe,Maika Monroe,maikamonroe,Celeb
Maite_Perroni,Maite Perroni,maiteperroni,Celeb
Maja_Latinovic,Maja Latinovic,majalatinovic,Celeb
Majandra_Delfino,Majandra Delfino,majandradelfino,Celeb
Makenzie_Vega,Makenzie Vega,makenzievega,Celeb
Maki_Horikita,Maki Horikita,makihorikita,Celeb
Maksim_Chmerkovskiy,Maksim Chmerkovskiy,maksimchmerkovskiy,Celeb
Maky_Soler,Maky Soler,makysoler,Celeb
Malaika_Arora,Malaika Arora,malaikaarora,Celeb
Malcolm_McDowell,Malcolm McDowell,malcolmmcdowell,Celeb
Malena_Costa,Malena Costa,malenacosta,Celeb
Malena_Solda,Malena Solda,malenasolda,Celeb
Malgorzata_Bela,Malgorzata Bela,malgorzatabela,Celeb
Malgorzata_Rozenek,Malgorzata Rozenek,malgorzatarozenek,Celeb
Malik_Yoba,Malik Yoba,malikyoba,Celeb
Malin_Reitan,Malin Reitan,malinreitan,Celeb
Mallika_Sherawat,Mallika Sherawat,mallikasherawat,Celeb
Mallory_Snyder,Mallory Snyder,mallorysnyder,Celeb
Mamen_Sanz,Mamen Sanz,mamensanz,Celeb
Mami_Yamasaki,Mami Yamasaki,mamiyamasaki,Celeb
Mandy_Graff,Mandy Graff,mandygraff,Celeb
Mandy_Smith,Mandy Smith,mandysmith,Celeb
Manisha_Koirala,Manisha Koirala,manishakoirala,Celeb
Manivannan,Manivannan,manivannan,Celeb
Manny_Pacquiao,Manny Pacquiao,mannypacquiao,Celeb
Manu_Bennett,Manu Bennett,manubennett,Celeb
Manu_Gavassi,Manu Gavassi,manugavassi,Celeb
Manuel_Fumic,Manuel Fumic,manuelfumic,Celeb
Manuela_Arbelaez,Manuela Arbelaez,manuelaarbelaez,Celeb
Manuela_Arcuri,Manuela Arcuri,manuelaarcuri,Celeb
Mara_Corday,Mara Corday,maracorday,Celeb
Mara_Lane,Mara Lane,maralane,Celeb
Marc_Gasol,Marc Gasol,marcgasol,Celeb
Marc_Jacobs,Marc Jacobs,marcjacobs,Celeb
Marc_Terenzi,Marc Terenzi,marcterenzi,Celeb
Marc_Zwiebler,Marc Zwiebler,marczwiebler,Celeb
Marcelle_Bittar,Marcelle Bittar,marcellebittar,Celeb
Marcello_Mastroianni,Marcello Mastroianni,marcellomastroianni,Celeb
Marcia_Clark,Marcia Clark,marciaclark,Celeb
Marco_Borsato,Marco Borsato,marcoborsato,Celeb
Marco_di_Carli,Marco di Carli,marcodicarli,Celeb
Marcus_Schenkenberg,Marcus Schenkenberg,marcusschenkenberg,Celeb
Marcy_Rylan,Marcy Rylan,marcyrylan,Celeb
Marg_Helgenberger,Marg Helgenberger,marghelgenberger,Celeb
Margaret_Nolan,Margaret Nolan,margaretnolan,Celeb
Margaret_OBrien,Margaret OBrien,margaretobrien,Celeb
Margarita_Levieva,Margarita Levieva,margaritalevieva,Celeb
Margo_Harshman,Margo Harshman,margoharshman,Celeb
Margot_Kidder,Margot Kidder,margotkidder,Celeb
Marguerite_Chapman,Marguerite Chapman,margueritechapman,Celeb
Mari_Abe,Mari Abe,mariabe,Celeb
Maria_Bierk,Maria Bierk,mariabierk,Celeb
Maria_Elena_Swett,Maria Elena Swett,mariaelenaswett,Celeb
Maria_Elisa_Camargo,Maria Elisa Camargo,mariaelisacamargo,Celeb
Maria_Felix,Maria Felix,mariafelix,Celeb
Maria_Furtwangler,Maria Furtwangler,mariafurtwangler,Celeb
Maria_Gabriela_De_Faria,Maria Gabriela De Faria,mariagabrieladefaria,Celeb
Maria_Grazia_Cucinotta,Maria Grazia Cucinotta,mariagraziacucinotta,Celeb
Maria_Mena,Maria Mena,mariamena,Celeb
Maria_Menounos,Maria Menounos,mariamenounos,Celeb
Maria_Ozawa,Maria Ozawa,mariaozawa,Celeb
Maria_Schneider,Maria Schneider,mariaschneider,Celeb
Maria_Susini,Maria Susini,mariasusini,Celeb
Maria_de_Medeiros,Maria de Medeiros,mariademedeiros,Celeb
Mariacarla_Boscono,Mariacarla Boscono,mariacarlaboscono,Celeb
Mariah_Rocha,Mariah Rocha,mariahrocha,Celeb
Mariama_Signate,Mariama Signate,mariamasignate,Celeb
Marian_Rivera,Marian Rivera,marianrivera,Celeb
Mariana_Klaveno,Mariana Klaveno,marianaklaveno,Celeb
Mariana_Marcki,Mariana Marcki,marianamarcki,Celeb
Mariana_Rios,Mariana Rios,marianarios,Celeb
Marianna_Vertinskaya,Marianna Vertinskaya,mariannavertinskaya,Celeb
Marianne_Jean_Baptiste,Marianne Jean Baptiste,mariannejeanbaptiste,Celeb
Maribel_Verdu,Maribel Verdu,maribelverdu,Celeb
Marie-Jose_Nat,Marie-Jose Nat,mariejosenat,Celeb
Marie_Fredriksson,Marie Fredriksson,mariefredriksson,Celeb
Marie_Laforet,Marie Laforet,marielaforet,Celeb
Marie_Muller,Marie Muller,mariemuller,Celeb
Marie_Payet,Marie Payet,mariepayet,Celeb
Marie_Serneholt,Marie Serneholt,marieserneholt,Celeb
Marie_Wilson,Marie Wilson,mariewilson,Celeb
Mariella_Ahrens,Mariella Ahrens,mariellaahrens,Celeb
Marieta_Zukowska,Marieta Zukowska,marietazukowska,Celeb
Marietta_Chrousala,Marietta Chrousala,mariettachrousala,Celeb
Marija_Vujovic,Marija Vujovic,marijavujovic,Celeb
Marilu_Henner,Marilu Henner,mariluhenner,Celeb
Marilyn_Maxwell,Marilyn Maxwell,marilynmaxwell,Celeb
Marina_Alabau,Marina Alabau,marinaalabau,Celeb
Marina_Aleksandrova,Marina Aleksandrova,marinaaleksandrova,Celeb
Marina_Lambrini_Diamandis,Marina Lambrini Diamandis,marinalambrinidiamandis,Celeb
Marina_Luczenko,Marina Luczenko,marinaluczenko,Celeb
Marina_Ruy_Barbosa,Marina Ruy Barbosa,marinaruybarbosa,Celeb
Marina_Sirtis,Marina Sirtis,marinasirtis,Celeb
Marina_Vlady,Marina Vlady,marinavlady,Celeb
Marine_Delterme,Marine Delterme,marinedelterme,Celeb
Mario_Casas,Mario Casas,mariocasas,Celeb
Mario_Cimarro,Mario Cimarro,mariocimarro,Celeb
Mario_Gyr,Mario Gyr,mariogyr,Celeb
Mario_Lopez,Mario Lopez,mariolopez,Celeb
Mario_Testino,Mario Testino,mariotestino,Celeb
Mario_Van_Peebles,Mario Van Peebles,mariovanpeebles,Celeb
Marion_Davies,Marion Davies,mariondavies,Celeb
Marion_Ravn,Marion Ravn,marionravn,Celeb
Marion_Ross,Marion Ross,marionross,Celeb
Marique_Schimmel,Marique Schimmel,mariqueschimmel,Celeb
Mariska_Hargitay,Mariska Hargitay,mariskahargitay,Celeb
Marisol_Nichols,Marisol Nichols,marisolnichols,Celeb
Mariya_Kozhevnikova,Mariya Kozhevnikova,mariyakozhevnikova,Celeb
Marjorie_De_Sousa,Marjorie De Sousa,marjoriedesousa,Celeb
Marjorie_Lord,Marjorie Lord,marjorielord,Celeb
Mark-Paul_Gosselaar,Mark-Paul Gosselaar,markpaulgosselaar,Celeb
Mark_Addy,Mark Addy,markaddy,Celeb
Mark_Ballas,Mark Ballas,markballas,Celeb
Mark_Bautista,Mark Bautista,markbautista,Celeb
Mark_Burnett,Mark Burnett,markburnett,Celeb
Mark_Consuelos,Mark Consuelos,markconsuelos,Celeb
Mark_Dacascos,Mark Dacascos,markdacascos,Celeb
Mark_Feuerstein,Mark Feuerstein,markfeuerstein,Celeb
Mark_Harmon,Mark Harmon,markharmon,Celeb
Mark_Henry,Mark Henry,markhenry,Celeb
Mark_Hildreth,Mark Hildreth,markhildreth,Celeb
Mark_Indelicato,Mark Indelicato,markindelicato,Celeb
Mark_McGrath,Mark McGrath,markmcgrath,Celeb
Mark_Moses,Mark Moses,markmoses,Celeb
Mark_Salling,Mark Salling,marksalling,Celeb
Mark_Vanderloo,Mark Vanderloo,markvanderloo,Celeb
Mark_Zuckerberg,Mark Zuckerberg,markzuckerberg,Celeb
Markus_Molinari,Markus Molinari,markusmolinari,Celeb
Marla_Maples,Marla Maples,marlamaples,Celeb
Marla_Sokoloff,Marla Sokoloff,marlasokoloff,Celeb
Marlene_Favela,Marlene Favela,marlenefavela,Celeb
Marley_Shelton,Marley Shelton,marleyshelton,Celeb
Marlina_Moreno,Marlina Moreno,marlinamoreno,Celeb
Marlo_Thomas,Marlo Thomas,marlothomas,Celeb
Marlon_Teixeira,Marlon Teixeira,marlonteixeira,Celeb
Marsha_A_Hunt,Marsha A Hunt,marshaahunt,Celeb
Marta_Gut,Marta Gut,martagut,Celeb
Marta_Toren,Marta Toren,martatoren,Celeb
Marta_Zmuda,Marta Zmuda,martazmuda,Celeb
Martha_Eggerth,Martha Eggerth,marthaeggerth,Celeb
Martha_Hunt,Martha Hunt,marthahunt,Celeb
Martika,Martika,martika,Celeb
Martin_Clunes,Martin Clunes,martinclunes,Celeb
Martin_Freeman,Martin Freeman,martinfreeman,Celeb
Martin_Nievera,Martin Nievera,martinnievera,Celeb
Martina_Colombari,Martina Colombari,martinacolombari,Celeb
Martine_Carol,Martine Carol,martinecarol,Celeb
Martine_McCutcheon,Martine McCutcheon,martinemccutcheon,Celeb
Marvin_Humes,Marvin Humes,marvinhumes,Celeb
Mary_Ann_Mobley,Mary Ann Mobley,maryannmobley,Celeb
Mary_Elizabeth_Winstead,Mary Elizabeth Winstead,maryelizabethwinstead,Celeb
Mary_Hart,Mary Hart,maryhart,Celeb
Mary_Louise_Weller,Mary Louise Weller,marylouiseweller,Celeb
Mary_Lynn_Rajskub,Mary Lynn Rajskub,marylynnrajskub,Celeb
Mary_McCartney,Mary McCartney,marymccartney,Celeb
Mary_Nolan,Mary Nolan,marynolan,Celeb
Mary_Woronov,Mary Woronov,maryworonov,Celeb
Maryla_Rodowicz,Maryla Rodowicz,marylarodowicz,Celeb
Masha_Novoselova,Masha Novoselova,mashanovoselova,Celeb
Masiela_Lusha,Masiela Lusha,masielalusha,Celeb
Mathias_Lauridsen,Mathias Lauridsen,mathiaslauridsen,Celeb
Mathieu_Amalric,Mathieu Amalric,mathieuamalric,Celeb
Mathieu_Schreyer,Mathieu Schreyer,mathieuschreyer,Celeb
Matisyahu,Matisyahu,matisyahu,Celeb
Matt_Barr,Matt Barr,mattbarr,Celeb
Matt_Czuchry,Matt Czuchry,mattczuchry,Celeb
Matt_Dallas,Matt Dallas,mattdallas,Celeb
Matt_Davis,Matt Davis,mattdavis,Celeb
Matt_Goss,Matt Goss,mattgoss,Celeb
Matt_Lanter,Matt Lanter,mattlanter,Celeb
Matt_Leinart,Matt Leinart,mattleinart,Celeb
Matt_Nicholls,Matt Nicholls,mattnicholls,Celeb
Matt_Passmore,Matt Passmore,mattpassmore,Celeb
Matt_Prokop,Matt Prokop,mattprokop,Celeb
Matt_Striker,Matt Striker,mattstriker,Celeb
Matt_Willis,Matt Willis,mattwillis,Celeb
Matthew_Bellamy,Matthew Bellamy,matthewbellamy,Celeb
Matthew_Followill,Matthew Followill,matthewfollowill,Celeb
Matthew_Fox,Matthew Fox,matthewfox,Celeb
Matthew_Goode,Matthew Goode,matthewgoode,Celeb
Matthew_Gray_Gubler,Matthew Gray Gubler,matthewgraygubler,Celeb
Matthew_Lawrence,Matthew Lawrence,matthewlawrence,Celeb
Matthew_Lewis,Matthew Lewis,matthewlewis,Celeb
Matthew_Lillard,Matthew Lillard,matthewlillard,Celeb
Matthew_Marsden,Matthew Marsden,matthewmarsden,Celeb
Matthew_Rhys,Matthew Rhys,matthewrhys,Celeb
Matthew_Settle,Matthew Settle,matthewsettle,Celeb
Matthew_Underwood,Matthew Underwood,matthewunderwood,Celeb
Matthias_Jabs,Matthias Jabs,matthiasjabs,Celeb
Maurice_Chevalier,Maurice Chevalier,mauricechevalier,Celeb
Maurice_Evans,Maurice Evans,mauriceevans,Celeb
Maurice_Greene,Maurice Greene,mauricegreene,Celeb
Mauricio_Ochmann,Mauricio Ochmann,mauricioochmann,Celeb
Mauricio_Umansky,Mauricio Umansky,mauricioumansky,Celeb
Maurren_Higa_Maggi,Maurren Higa Maggi,maurrenhigamaggi,Celeb
Max_Greenfield,Max Greenfield,maxgreenfield,Celeb
Max_Ryan,Max Ryan,maxryan,Celeb
Max_Thieriot,Max Thieriot,maxthieriot,Celeb
Maxine_Wasa,Maxine Wasa,maxinewasa,Celeb
May_Allison,May Allison,mayallison,Celeb
Maya_Arulpragasam,Maya Arulpragasam,mayaarulpragasam,Celeb
Maya_Rew,Maya Rew,mayarew,Celeb
Mayer_Florian,Mayer Florian,mayerflorian,Celeb
Mayer_Leonardo,Mayer Leonardo,mayerleonardo,Celeb
Mayim_Bialik,Mayim Bialik,mayimbialik,Celeb
Mayo_OJ,Mayo OJ,mayooj,Celeb
Mayra_Gomez_Kemp,Mayra Gomez Kemp,mayragomezkemp,Celeb
Mayra_Suarez,Mayra Suarez,mayrasuarez,Celeb
Mayra_Veronica,Mayra Veronica,mayraveronica,Celeb
Mayrin_Villanueva,Mayrin Villanueva,mayrinvillanueva,Celeb
Mayte_Garcia,Mayte Garcia,maytegarcia,Celeb
Mayte_Piragibe,Mayte Piragibe,maytepiragibe,Celeb
Mayuko_Iwasa,Mayuko Iwasa,mayukoiwasa,Celeb
Mc_Kresha,Mc Kresha,mckresha,Celeb
Meagan_Good,Meagan Good,meagangood,Celeb
Meat_Loaf,Meat Loaf,meatloaf,Celeb
Mebrahtom_Keflezighi,Mebrahtom Keflezighi,mebrahtomkeflezighi,Celeb
Meera,Meera,meera,Celeb
Meg_Matthews,Meg Matthews,megmatthews,Celeb
Meg_White,Meg White,megwhite,Celeb
Meg_Whitman,Meg Whitman,megwhitman,Celeb
Megan_Fox,Megan Fox,meganfox,Celeb
Megan_Gale,Megan Gale,megangale,Celeb
Megan_Joy,Megan Joy,meganjoy,Celeb
Megumi_Okina,Megumi Okina,megumiokina,Celeb
Megumi_Yasu,Megumi Yasu,megumiyasu,Celeb
Megumi_Yokoyama,Megumi Yokoyama,megumiyokoyama,Celeb
Mehcad_Brooks,Mehcad Brooks,mehcadbrooks,Celeb
Mehmet_Akif_Alakurt,Mehmet Akif Alakurt,mehmetakifalakurt,Celeb
Mehrzad_Marashi,Mehrzad Marashi,mehrzadmarashi,Celeb
Mel_Ferrer,Mel Ferrer,melferrer,Celeb
Melania_Trump,Melania Trump,melaniatrump,Celeb
Melanie_Alexander,Melanie Alexander,melaniealexander,Celeb
Melanie_Brown,Melanie Brown,melaniebrown,Celeb
Melanie_Chisholm,Melanie Chisholm,melaniechisholm,Celeb
Melanie_Fiona,Melanie Fiona,melaniefiona,Celeb
Melanie_Iglesias,Melanie Iglesias,melanieiglesias,Celeb
Melanie_Laurent,Melanie Laurent,melanielaurent,Celeb
Melanie_Slade,Melanie Slade,melanieslade,Celeb
Melanie_Sykes,Melanie Sykes,melaniesykes,Celeb
Melih_Selcuk,Melih Selcuk,melihselcuk,Celeb
Melina_Manandhar,Melina Manandhar,melinamanandhar,Celeb
Melinda_Clarke,Melinda Clarke,melindaclarke,Celeb
Melissa_Benoist,Melissa Benoist,melissabenoist,Celeb
Melissa_Giraldo,Melissa Giraldo,melissagiraldo,Celeb
Melissa_Haro,Melissa Haro,melissaharo,Celeb
Melissa_Ordway,Melissa Ordway,melissaordway,Celeb
Melissa_Rauch,Melissa Rauch,melissarauch,Celeb
Melissa_Rycroft,Melissa Rycroft,melissarycroft,Celeb
Melissa_Sagemiller,Melissa Sagemiller,melissasagemiller,Celeb
Melissa_Satta,Melissa Satta,melissasatta,Celeb
Melissa_Sue_Anderson,Melissa Sue Anderson,melissasueanderson,Celeb
Melissa_Theuriau,Melissa Theuriau,melissatheuriau,Celeb
Melita_Toniolo,Melita Toniolo,melitatoniolo,Celeb
Mellisa_Clarke,Mellisa Clarke,mellisaclarke,Celeb
Mellody_Hobson,Mellody Hobson,mellodyhobson,Celeb
Melody_Thornton,Melody Thornton,melodythornton,Celeb
Melora_Hardin,Melora Hardin,melorahardin,Celeb
Meltem_Cumbul,Meltem Cumbul,meltemcumbul,Celeb
Melvil_Poupaud,Melvil Poupaud,melvilpoupaud,Celeb
Melyssa_Ford,Melyssa Ford,melyssaford,Celeb
Melzer_Jurgen,Melzer Jurgen,melzerjurgen,Celeb
Mercedes_Sosa,Mercedes Sosa,mercedessosa,Celeb
Merche_Romero,Merche Romero,mercheromero,Celeb
Meredith_Hagner,Meredith Hagner,meredithhagner,Celeb
Meredith_Ostrom,Meredith Ostrom,meredithostrom,Celeb
Meredith_Vieira,Meredith Vieira,meredithvieira,Celeb
Merlin_Olsen,Merlin Olsen,merlinolsen,Celeb
Merrill_Moses,Merrill Moses,merrillmoses,Celeb
Merve_Bolugur,Merve Bolugur,mervebolugur,Celeb
Meryem_Uzerli,Meryem Uzerli,meryemuzerli,Celeb
Method_Man_Clifford_Smith,Method Man Clifford Smith,methodmancliffordsmith,Celeb
Mia_Farrow,Mia Farrow,miafarrow,Celeb
Mia_Maestro,Mia Maestro,miamaestro,Celeb
Mia_Talerico,Mia Talerico,miatalerico,Celeb
Mia_Tyler,Mia Tyler,miatyler,Celeb
Mia_Wasikowska,Mia Wasikowska,miawasikowska,Celeb
Micaela_Vazquez,Micaela Vazquez,micaelavazquez,Celeb
Michael_Bay,Michael Bay,michaelbay,Celeb
Michael_Berryman,Michael Berryman,michaelberryman,Celeb
Michael_Crawford,Michael Crawford,michaelcrawford,Celeb
Michael_Des_Barres,Michael Des Barres,michaeldesbarres,Celeb
Michael_Duke,Michael Duke,michaelduke,Celeb
Michael_Fassbender,Michael Fassbender,michaelfassbender,Celeb
Michael_Fuchs,Michael Fuchs,michaelfuchs,Celeb
Michael_Gambon,Michael Gambon,michaelgambon,Celeb
Michael_Imperioli,Michael Imperioli,michaelimperioli,Celeb
Michael_J_Pollard,Michael J Pollard,michaeljpollard,Celeb
Michael_Jai_White,Michael Jai White,michaeljaiwhite,Celeb
Michael_Landon,Michael Landon,michaellandon,Celeb
Michael_Lerner,Michael Lerner,michaellerner,Celeb
Michael_Monroe,Michael Monroe,michaelmonroe,Celeb
Michael_Moritz,Michael Moritz,michaelmoritz,Celeb
Michael_Nesmith,Michael Nesmith,michaelnesmith,Celeb
Michael_Nouri,Michael Nouri,michaelnouri,Celeb
Michael_Rapaport,Michael Rapaport,michaelrapaport,Celeb
Michael_Rooker,Michael Rooker,michaelrooker,Celeb
Michael_Rosenbaum,Michael Rosenbaum,michaelrosenbaum,Celeb
Michael_Schuhmacher,Michael Schuhmacher,michaelschuhmacher,Celeb
Michael_Seater,Michael Seater,michaelseater,Celeb
Michael_Sheen,Michael Sheen,michaelsheen,Celeb
Michael_Steger,Michael Steger,michaelsteger,Celeb
Michael_Stipe,Michael Stipe,michaelstipe,Celeb
Michael_Strahan,Michael Strahan,michaelstrahan,Celeb
Michael_Vartan,Michael Vartan,michaelvartan,Celeb
Michael_Weatherly,Michael Weatherly,michaelweatherly,Celeb
Michael_York,Michael York,michaelyork,Celeb
Michea_Crawford,Michea Crawford,micheacrawford,Celeb
Michel_Brown,Michel Brown,michelbrown,Celeb
Michele_Morgan,Michele Morgan,michelemorgan,Celeb
Michele_Williams,Michele Williams,michelewilliams,Celeb
Michella_Cruz,Michella Cruz,michellacruz,Celeb
Michelle_Alves,Michelle Alves,michellealves,Celeb
Michelle_Behennah,Michelle Behennah,michellebehennah,Celeb
Michelle_Deighton,Michelle Deighton,michelledeighton,Celeb
Michelle_Dockery,Michelle Dockery,michelledockery,Celeb
Michelle_Forbes,Michelle Forbes,michelleforbes,Celeb
Michelle_Heaton,Michelle Heaton,michelleheaton,Celeb
Michelle_Hunziker,Michelle Hunziker,michellehunziker,Celeb
Michelle_Keegan,Michelle Keegan,michellekeegan,Celeb
Michelle_Marsh,Michelle Marsh,michellemarsh,Celeb
Michelle_Monaghan,Michelle Monaghan,michellemonaghan,Celeb
Michelle_Ryan,Michelle Ryan,michelleryan,Celeb
Michelle_Stafford,Michelle Stafford,michellestafford,Celeb
Michelle_Vawer,Michelle Vawer,michellevawer,Celeb
Michelle_Vieth,Michelle Vieth,michellevieth,Celeb
Michelle_Williams,Michelle Williams,michellewilliams,Celeb
Mick_Hucknall,Mick Hucknall,mickhucknall,Celeb
Mick_Mars,Mick Mars,mickmars,Celeb
Mick_Taylor,Mick Taylor,micktaylor,Celeb
Mickey_Mantle,Mickey Mantle,mickeymantle,Celeb
Miho_Kanno,Miho Kanno,mihokanno,Celeb
Miho_Nakayama,Miho Nakayama,mihonakayama,Celeb
Miho_Yabe,Miho Yabe,mihoyabe,Celeb
Mika_Mifune,Mika Mifune,mikamifune,Celeb
Mike_Binder,Mike Binder,mikebinder,Celeb
Mike_Campbell,Mike Campbell,mikecampbell,Celeb
Mike_Dirnt,Mike Dirnt,mikedirnt,Celeb
Mike_Epps,Mike Epps,mikeepps,Celeb
Mike_Huckabee,Mike Huckabee,mikehuckabee,Celeb
Mike_Lookinland,Mike Lookinland,mikelookinland,Celeb
Mike_Shinoda,Mike Shinoda,mikeshinoda,Celeb
Mike_Vogel,Mike Vogel,mikevogel,Celeb
Mikee_Cojuangco,Mikee Cojuangco,mikeecojuangco,Celeb
Mikhail_Baryshnikov,Mikhail Baryshnikov,mikhailbaryshnikov,Celeb
Mikhail_Prokhorov,Mikhail Prokhorov,mikhailprokhorov,Celeb
Mikiko_Yano,Mikiko Yano,mikikoyano,Celeb
Mila_J,Mila J,milaj,Celeb
Mila_Kunis,Mila Kunis,milakunis,Celeb
Milagros_Schmoll,Milagros Schmoll,milagrosschmoll,Celeb
Miles_Davis,Miles Davis,milesdavis,Celeb
Millie_Mackintosh,Millie Mackintosh,milliemackintosh,Celeb
Milly_Rosso,Milly Rosso,millyrosso,Celeb
Min-Young_Park,Min-Young Park,minyoungpark,Celeb
Min-ho_Lee,Min-ho Lee,minholee,Celeb
Min-ki_Lee,Min-ki Lee,minkilee,Celeb
Mindy_Cohn,Mindy Cohn,mindycohn,Celeb
Ming_Xi,Ming Xi,mingxi,Celeb
Mini_Anden,Mini Anden,minianden,Celeb
Mink_Brar,Mink Brar,minkbrar,Celeb
Minnie_Gupta,Minnie Gupta,minniegupta,Celeb
Miranda_Kerr,Miranda Kerr,mirandakerr,Celeb
Mireille_Darc,Mireille Darc,mireilledarc,Celeb
Mireille_Enos,Mireille Enos,mireilleenos,Celeb
Miriam_Candurro,Miriam Candurro,miriamcandurro,Celeb
Miriam_McDonald,Miriam McDonald,miriammcdonald,Celeb
Miriam_Pielhau,Miriam Pielhau,miriampielhau,Celeb
Mirjam_Weichselbraun,Mirjam Weichselbraun,mirjamweichselbraun,Celeb
Mirte_Maas,Mirte Maas,mirtemaas,Celeb
Misa_Campo,Misa Campo,misacampo,Celeb
Misako_Yasuda,Misako Yasuda,misakoyasuda,Celeb
Mischa_Barton,Mischa Barton,mischabarton,Celeb
Missi_Pyle,Missi Pyle,missipyle,Celeb
Missy_Misdemeanor_Elliott,Missy Misdemeanor Elliott,missymisdemeanorelliott,Celeb
Missy_Rayder,Missy Rayder,missyrayder,Celeb
Misty_Copeland,Misty Copeland,mistycopeland,Celeb
Misty_Mundae,Misty Mundae,mistymundae,Celeb
Mitsuki_Tanimura,Mitsuki Tanimura,mitsukitanimura,Celeb
Miwa_Oshiro,Miwa Oshiro,miwaoshiro,Celeb
Mohammed_Al_Amoudi,Mohammed Al Amoudi,mohammedalamoudi,Celeb
Mohit_Raina,Mohit Raina,mohitraina,Celeb
Moira_Shearer,Moira Shearer,moirashearer,Celeb
Mollie_King,Mollie King,mollieking,Celeb
Molly_Burnett,Molly Burnett,mollyburnett,Celeb
Molly_Parker,Molly Parker,mollyparker,Celeb
Molly_Ringwald,Molly Ringwald,mollyringwald,Celeb
Momoko_Tani,Momoko Tani,momokotani,Celeb
Mona_Johannesson,Mona Johannesson,monajohannesson,Celeb
Monet_Mazur,Monet Mazur,monetmazur,Celeb
Monfils_Gael,Monfils Gael,monfilsgael,Celeb
Monica_Antonopulos,Monica Antonopulos,monicaantonopulos,Celeb
Monica_Arnold,Monica Arnold,monicaarnold,Celeb
Monica_Ayos,Monica Ayos,monicaayos,Celeb
Monica_Bedi,Monica Bedi,monicabedi,Celeb
Monica_Cruz,Monica Cruz,monicacruz,Celeb
Monica_Ivancan,Monica Ivancan,monicaivancan,Celeb
Monica_Keena,Monica Keena,monicakeena,Celeb
Monica_Vitti,Monica Vitti,monicavitti,Celeb
Monika_Brodka,Monika Brodka,monikabrodka,Celeb
Monika_Jagaciak,Monika Jagaciak,monikajagaciak,Celeb
Monique_Alfradique,Monique Alfradique,moniquealfradique,Celeb
Monique_Parent,Monique Parent,moniqueparent,Celeb
Monroe_Greg,Monroe Greg,monroegreg,Celeb
Monte_Money,Monte Money,montemoney,Celeb
Moran_Atias,Moran Atias,moranatias,Celeb
Morena_Baccarin,Morena Baccarin,morenabaccarin,Celeb
Morgan_Lily,Morgan Lily,morganlily,Celeb
Morgane_Dubled,Morgane Dubled,morganedubled,Celeb
Moritz_Bleibtreu,Moritz Bleibtreu,moritzbleibtreu,Celeb
Morris_Chestnut,Morris Chestnut,morrischestnut,Celeb
Mos_Def,Mos Def,mosdef,Celeb
Moultrie_Arnett,Moultrie Arnett,moultriearnett,Celeb
Mugdha_Godse,Mugdha Godse,mugdhagodse,Celeb
Muge_Boz,Muge Boz,mugeboz,Celeb
Munro_Chambers,Munro Chambers,munrochambers,Celeb
Murali,Murali,murali,Celeb
Murat_Yildirim,Murat Yildirim,muratyildirim,Celeb
Muriel_Hurtis,Muriel Hurtis,murielhurtis,Celeb
Murilo_Benicio,Murilo Benicio,murilobenicio,Celeb
Musiq_Soulchild,Musiq Soulchild,musiqsoulchild,Celeb
MyAnna_Buring,MyAnna Buring,myannaburing,Celeb
Mya,Mya,mya,Celeb
Mykelti_Williamson,Mykelti Williamson,mykeltiwilliamson,Celeb
Mylene_Demongeot,Mylene Demongeot,mylenedemongeot,Celeb
Mylene_Farmer,Mylene Farmer,mylenefarmer,Celeb
Myles_Kennedy,Myles Kennedy,myleskennedy,Celeb
Myrna_Loy,Myrna Loy,myrnaloy,Celeb
Nadejda_Savcova,Nadejda Savcova,nadejdasavcova,Celeb
Nadia_Buari,Nadia Buari,nadiabuari,Celeb
Nadia_Serlidou,Nadia Serlidou,nadiaserlidou,Celeb
Nadine_Coyle,Nadine Coyle,nadinecoyle,Celeb
Nadine_Samonte,Nadine Samonte,nadinesamonte,Celeb
Nadine_Velazquez,Nadine Velazquez,nadinevelazquez,Celeb
Nadine_Warmuth,Nadine Warmuth,nadinewarmuth,Celeb
Nadja_Auermann,Nadja Auermann,nadjaauermann,Celeb
Nadya_Nepomnyashaya,Nadya Nepomnyashaya,nadyanepomnyashaya,Celeb
Nagi_Sakai,Nagi Sakai,nagisakai,Celeb
Naima_Mora,Naima Mora,naimamora,Celeb
Nakuul_Mehta,Nakuul Mehta,nakuulmehta,Celeb
Namitha,Namitha,namitha,Celeb
Namrata_Shrestha,Namrata Shrestha,namratashrestha,Celeb
Nana_Mouskouri,Nana Mouskouri,nanamouskouri,Celeb
Nancy_Allen,Nancy Allen,nancyallen,Celeb
Nancy_Carell,Nancy Carell,nancycarell,Celeb
Nancy_Carroll,Nancy Carroll,nancycarroll,Celeb
Nancy_Davis,Nancy Davis,nancydavis,Celeb
Nancy_Duplaa,Nancy Duplaa,nancyduplaa,Celeb
Nancy_Grace,Nancy Grace,nancygrace,Celeb
Nancy_Kelly,Nancy Kelly,nancykelly,Celeb
Nancy_Kovack,Nancy Kovack,nancykovack,Celeb
Nancy_Kwan,Nancy Kwan,nancykwan,Celeb
Nancy_McKeon,Nancy McKeon,nancymckeon,Celeb
Nancy_ODell,Nancy ODell,nancyodell,Celeb
Nandita_Das,Nandita Das,nanditadas,Celeb
Naomie_Harris,Naomie Harris,naomieharris,Celeb
Nas,Nas,nas,Celeb
Naseeruddin_Shah,Naseeruddin Shah,naseeruddinshah,Celeb
Nasser_Al_Attiya,Nasser Al Attiya,nasseralattiya,Celeb
Nastya_Kunskaya,Nastya Kunskaya,nastyakunskaya,Celeb
Natalia_Andrade,Natalia Andrade,nataliaandrade,Celeb
Natalia_Avelon,Natalia Avelon,nataliaavelon,Celeb
Natalia_Belova,Natalia Belova,nataliabelova,Celeb
Natalia_Guimaraes,Natalia Guimaraes,nataliaguimaraes,Celeb
Natalia_Lesz,Natalia Lesz,natalialesz,Celeb
Natalia_Livingston,Natalia Livingston,natalialivingston,Celeb
Natalia_Oreiro,Natalia Oreiro,nataliaoreiro,Celeb
Natalia_Siwiec,Natalia Siwiec,nataliasiwiec,Celeb
Natalia_Sokolova,Natalia Sokolova,nataliasokolova,Celeb
Natalia_Streignard,Natalia Streignard,nataliastreignard,Celeb
Natalia_Vodianova,Natalia Vodianova,nataliavodianova,Celeb
Natalie_Gal,Natalie Gal,nataliegal,Celeb
Natalie_Gruzlewski,Natalie Gruzlewski,nataliegruzlewski,Celeb
Natalie_Horler,Natalie Horler,nataliehorler,Celeb
Natalie_Kill,Natalie Kill,nataliekill,Celeb
Natalie_Mejia,Natalie Mejia,nataliemejia,Celeb
Natalie_Mendoza,Natalie Mendoza,nataliemendoza,Celeb
Natalie_Neidhart,Natalie Neidhart,natalieneidhart,Celeb
Natalie_Paris,Natalie Paris,natalieparis,Celeb
Natalie_Pike,Natalie Pike,nataliepike,Celeb
Natalie_Raitano,Natalie Raitano,natalieraitano,Celeb
Natalie_Suliman,Natalie Suliman,nataliesuliman,Celeb
Natalie_Wood,Natalie Wood,nataliewood,Celeb
Natalya_Fateyeva,Natalya Fateyeva,natalyafateyeva,Celeb
Natalya_Varley,Natalya Varley,natalyavarley,Celeb
Natar_Ungalaaq,Natar Ungalaaq,natarungalaaq,Celeb
Natasa_Theodoridou,Natasa Theodoridou,natasatheodoridou,Celeb
Natasha_Bedingfield,Natasha Bedingfield,natashabedingfield,Celeb
Natasha_Gregson_Wagner,Natasha Gregson Wagner,natashagregsonwagner,Celeb
Natasha_Hamilton,Natasha Hamilton,natashahamilton,Celeb
Natasha_Poly,Natasha Poly,natashapoly,Celeb
Natasha_Yi,Natasha Yi,natashayi,Celeb
Natassia_Malthe,Natassia Malthe,natassiamalthe,Celeb
Natasza_Urbanska,Natasza Urbanska,nataszaurbanska,Celeb
Nathalia_Dill,Nathalia Dill,nathaliadill,Celeb
Nathalie_Edenburg,Nathalie Edenburg,nathalieedenburg,Celeb
Nathalie_Kelley,Nathalie Kelley,nathaliekelley,Celeb
Nathan_Fillion,Nathan Fillion,nathanfillion,Celeb
Nathan_Followill,Nathan Followill,nathanfollowill,Celeb
Nathan_Kress,Nathan Kress,nathankress,Celeb
Nathaniel_Parker,Nathaniel Parker,nathanielparker,Celeb
Nati_Abascal,Nati Abascal,natiabascal,Celeb
Natsuhi_Ueno,Natsuhi Ueno,natsuhiueno,Celeb
Natsuna,Natsuna,natsuna,Celeb
Naturi_Naughton,Naturi Naughton,naturinaughton,Celeb
Nausheen_Ali_Sardar,Nausheen Ali Sardar,nausheenalisardar,Celeb
Navarro_Carla,Navarro Carla,navarrocarla,Celeb
Navi_Rawat,Navi Rawat,navirawat,Celeb
Naz_Elmas,Naz Elmas,nazelmas,Celeb
Nazan_Eckes,Nazan Eckes,nazaneckes,Celeb
Nazanin_Boniadi,Nazanin Boniadi,nazaninboniadi,Celeb
Ne_Yo,Ne Yo,neyo,Celeb
Neal_McDonough,Neal McDonough,nealmcdonough,Celeb
Nebahat_cehre,Nebahat cehre,nebahatcehre,Celeb
Ned_Vaughn,Ned Vaughn,nedvaughn,Celeb
Neela_Rasgotra,Neela Rasgotra,neelarasgotra,Celeb
Neha_Dhupia,Neha Dhupia,nehadhupia,Celeb
Nehir_Erdogan,Nehir Erdogan,nehirerdogan,Celeb
Neil_Diamond,Neil Diamond,neildiamond,Celeb
Neil_Sedaka,Neil Sedaka,neilsedaka,Celeb
Neil_Young,Neil Young,neilyoung,Celeb
Neile_Adams,Neile Adams,neileadams,Celeb
Neko_Case,Neko Case,nekocase,Celeb
Nell_McAndrew,Nell McAndrew,nellmcandrew,Celeb
Nelsan_Ellis,Nelsan Ellis,nelsanellis,Celeb
Nena,Nena,nena,Celeb
Neve_Campbell,Neve Campbell,nevecampbell,Celeb
Neymar,Neymar,neymar,Celeb
Nia_Peeples,Nia Peeples,niapeeples,Celeb
Niall_Horan,Niall Horan,niallhoran,Celeb
Nicholas_Brendon,Nicholas Brendon,nicholasbrendon,Celeb
Nicholas_DAgosto,Nicholas DAgosto,nicholasdagosto,Celeb
Nicholas_Lea,Nicholas Lea,nicholaslea,Celeb
Nicholas_Lyndhurst,Nicholas Lyndhurst,nicholaslyndhurst,Celeb
Nichole_Cordova,Nichole Cordova,nicholecordova,Celeb
Nichole_Hiltz,Nichole Hiltz,nicholehiltz,Celeb
Nick_Cannon,Nick Cannon,nickcannon,Celeb
Nick_Cave,Nick Cave,nickcave,Celeb
Nick_Delpopolo,Nick Delpopolo,nickdelpopolo,Celeb
Nick_Jonas,Nick Jonas,nickjonas,Celeb
Nick_Rhodes,Nick Rhodes,nickrhodes,Celeb
Nick_Roux,Nick Roux,nickroux,Celeb
Nick_Stahl,Nick Stahl,nickstahl,Celeb
Nick_Swisher,Nick Swisher,nickswisher,Celeb
Nick_Zano,Nick Zano,nickzano,Celeb
Nicki_Aycox,Nicki Aycox,nickiaycox,Celeb
Nicky_Hilton,Nicky Hilton,nickyhilton,Celeb
Nicky_Katt,Nicky Katt,nickykatt,Celeb
Nicky_Oppenheimer,Nicky Oppenheimer,nickyoppenheimer,Celeb
Nicola_Adams,Nicola Adams,nicolaadams,Celeb
Nicola_Roberts,Nicola Roberts,nicolaroberts,Celeb
Nicolas_Anelka,Nicolas Anelka,nicolasanelka,Celeb
Nicolas_Berggruen,Nicolas Berggruen,nicolasberggruen,Celeb
Nicolas_Cabre,Nicolas Cabre,nicolascabre,Celeb
Nicolas_Riera,Nicolas Riera,nicolasriera,Celeb
Nieminen_Jarkko,Nieminen Jarkko,nieminenjarkko,Celeb
Nik_Pace,Nik Pace,nikpace,Celeb
Niki_Taylor,Niki Taylor,nikitaylor,Celeb
Nikka_Costa,Nikka Costa,nikkacosta,Celeb
Nikki_B,Nikki B,nikkib,Celeb
Nikki_Benz,Nikki Benz,nikkibenz,Celeb
Nikki_Deloach,Nikki Deloach,nikkideloach,Celeb
Nikki_Sanderson,Nikki Sanderson,nikkisanderson,Celeb
Nikki_Sixx,Nikki Sixx,nikkisixx,Celeb
Nikki_Sjoberg,Nikki Sjoberg,nikkisjoberg,Celeb
Nikki_Ziering,Nikki Ziering,nikkiziering,Celeb
Nikoleta_Lozanova,Nikoleta Lozanova,nikoletalozanova,Celeb
Nimue_Smit,Nimue Smit,nimuesmit,Celeb
Nina_Agdal,Nina Agdal,ninaagdal,Celeb
Nina_Bott,Nina Bott,ninabott,Celeb
Nina_Hagen,Nina Hagen,ninahagen,Celeb
Nina_Hartley,Nina Hartley,ninahartley,Celeb
Nina_Moghaddam,Nina Moghaddam,ninamoghaddam,Celeb
Nina_Moric,Nina Moric,ninamoric,Celeb
Nina_Senicar,Nina Senicar,ninasenicar,Celeb
Nina_Simone,Nina Simone,ninasimone,Celeb
Ninel_Conde,Ninel Conde,ninelconde,Celeb
Noa_Tishby,Noa Tishby,noatishby,Celeb
Noah_Hathaway,Noah Hathaway,noahhathaway,Celeb
Noah_Lindsey_Cyrus,Noah Lindsey Cyrus,noahlindseycyrus,Celeb
Noah_Mills,Noah Mills,noahmills,Celeb
Noel_Fielding,Noel Fielding,noelfielding,Celeb
Noel_Gallagher,Noel Gallagher,noelgallagher,Celeb
Noel_Neill,Noel Neill,noelneill,Celeb
Noelia_Lopez,Noelia Lopez,noelialopez,Celeb
Noemie_Lenoir,Noemie Lenoir,noemielenoir,Celeb
Nonami_Takizawa,Nonami Takizawa,nonamitakizawa,Celeb
Noomi_Rapace,Noomi Rapace,noomirapace,Celeb
Noot_Seear,Noot Seear,nootseear,Celeb
Nora_Arnezeder,Nora Arnezeder,noraarnezeder,Celeb
Nora_Zehetner,Nora Zehetner,norazehetner,Celeb
Norika_Fujiwara,Norika Fujiwara,norikafujiwara,Celeb
Norman_Fell,Norman Fell,normanfell,Celeb
Noureen_DeWulf,Noureen DeWulf,noureendewulf,Celeb
Noynoy_Aquino_III,Noynoy Aquino III,noynoyaquinoiii,Celeb
Nuno_Bettencourt,Nuno Bettencourt,nunobettencourt,Celeb
Nur_Aysan,Nur Aysan,nuraysan,Celeb
Nur_Khan,Nur Khan,nurkhan,Celeb
Nurgul_Yesilcay,Nurgul Yesilcay,nurgulyesilcay,Celeb
Odalys_Garcia,Odalys Garcia,odalysgarcia,Celeb
Oded_Fehr,Oded Fehr,odedfehr,Celeb
Odette_Yustman,Odette Yustman,odetteyustman,Celeb
Oguchi_Onyewu,Oguchi Onyewu,oguchionyewu,Celeb
Okan_Yalabik,Okan Yalabik,okanyalabik,Celeb
Oksana_Andersson,Oksana Andersson,oksanaandersson,Celeb
Oksana_Baiul,Oksana Baiul,oksanabaiul,Celeb
Oksana_Fedorova,Oksana Fedorova,oksanafedorova,Celeb
Oksana_Grigorieva,Oksana Grigorieva,oksanagrigorieva,Celeb
Ola_Salo,Ola Salo,olasalo,Celeb
Oleg_Deripaska,Oleg Deripaska,olegderipaska,Celeb
Oleg_Vidov,Oleg Vidov,olegvidov,Celeb
Oleg_Yankovskiy,Oleg Yankovskiy,olegyankovskiy,Celeb
Olesya_Rulin,Olesya Rulin,olesyarulin,Celeb
Olga_Budina,Olga Budina,olgabudina,Celeb
Olga_Farmaki,Olga Farmaki,olgafarmaki,Celeb
Olga_Kabo,Olga Kabo,olgakabo,Celeb
Olga_Maliouk,Olga Maliouk,olgamaliouk,Celeb
Olga_Sherer,Olga Sherer,olgasherer,Celeb
Olga_Tschechowa,Olga Tschechowa,olgatschechowa,Celeb
Oliver_James,Oliver James,oliverjames,Celeb
Oliver_Platt,Oliver Platt,oliverplatt,Celeb
Oliver_Reed,Oliver Reed,oliverreed,Celeb
Oliver_Sykes,Oliver Sykes,oliversykes,Celeb
Olivia_Culpo,Olivia Culpo,oliviaculpo,Celeb
Olivia_Garson,Olivia Garson,oliviagarson,Celeb
Olivia_Harrison,Olivia Harrison,oliviaharrison,Celeb
Olivia_Hussey,Olivia Hussey,oliviahussey,Celeb
Olivia_Longott,Olivia Longott,olivialongott,Celeb
Olivia_Munn,Olivia Munn,oliviamunn,Celeb
Olivia_Ruiz,Olivia Ruiz,oliviaruiz,Celeb
Olivia_Thirlby,Olivia Thirlby,oliviathirlby,Celeb
Olivia_de_Havilland,Olivia de Havilland,oliviadehavilland,Celeb
Olivier_Martinez,Olivier Martinez,oliviermartinez,Celeb
Olly_Murs,Olly Murs,ollymurs,Celeb
Oluchi_Onweagba,Oluchi Onweagba,oluchionweagba,Celeb
Om_Puri,Om Puri,ompuri,Celeb
Omar_Epps,Omar Epps,omarepps,Celeb
Omarion_Grandberry,Omarion Grandberry,omariongrandberry,Celeb
Or_Grossman,Or Grossman,orgrossman,Celeb
Oriana_Sabatini,Oriana Sabatini,orianasabatini,Celeb
Orlando_Brown,Orlando Brown,orlandobrown,Celeb
Orlando_Jones,Orlando Jones,orlandojones,Celeb
Orlin_Pavlov,Orlin Pavlov,orlinpavlov,Celeb
Oscar_Hammerstein_II,Oscar Hammerstein II,oscarhammersteinii,Celeb
Oscar_Pistorius,Oscar Pistorius,oscarpistorius,Celeb
Oscar_Soto,Oscar Soto,oscarsoto,Celeb
Osvaldo_Rios,Osvaldo Rios,osvaldorios,Celeb
Otis_Redding,Otis Redding,otisredding,Celeb
Ozge_Ulusoy,Ozge Ulusoy,ozgeulusoy,Celeb
PJ_Harvey,PJ Harvey,pjharvey,Celeb
PSY,PSY,psy,Celeb
Pablo_Martinez,Pablo Martinez,pablomartinez,Celeb
Pablo_Montero,Pablo Montero,pablomontero,Celeb
Padma_Lakshmi,Padma Lakshmi,padmalakshmi,Celeb
Padmapriya,Padmapriya,padmapriya,Celeb
Paget_Brewster,Paget Brewster,pagetbrewster,Celeb
Paige_Butcher,Paige Butcher,paigebutcher,Celeb
Paloma_Bernardi,Paloma Bernardi,palomabernardi,Celeb
Paloma_Jimenez,Paloma Jimenez,palomajimenez,Celeb
Pamela_David,Pamela David,pameladavid,Celeb
Pamela_Sue_Martin,Pamela Sue Martin,pamelasuemartin,Celeb
Pamela_Tiffin,Pamela Tiffin,pamelatiffin,Celeb
Panagiotis_Bougiouris,Panagiotis Bougiouris,panagiotisbougiouris,Celeb
Panchi_Bora,Panchi Bora,panchibora,Celeb
Paola_Nunez,Paola Nunez,paolanunez,Celeb
Paola_Oliveira,Paola Oliveira,paolaoliveira,Celeb
Paola_Rey,Paola Rey,paolarey,Celeb
Paolo_Maldini,Paolo Maldini,paolomaldini,Celeb
Paolo_Nutini,Paolo Nutini,paolonutini,Celeb
Paolo_Seganti,Paolo Seganti,paoloseganti,Celeb
Park_Jung_Min,Park Jung Min,parkjungmin,Celeb
Parker_Hurley,Parker Hurley,parkerhurley,Celeb
Parminder_Nagra,Parminder Nagra,parmindernagra,Celeb
Parvati_Shallow,Parvati Shallow,parvatishallow,Celeb
Pastor_Maldonado,Pastor Maldonado,pastormaldonado,Celeb
Pasupathy,Pasupathy,pasupathy,Celeb
Pat_Boone,Pat Boone,patboone,Celeb
Pat_Monahan,Pat Monahan,patmonahan,Celeb
Pat_OBrien,Pat OBrien,patobrien,Celeb
Patrice_Wymore,Patrice Wymore,patricewymore,Celeb
Patricia_Conde,Patricia Conde,patriciaconde,Celeb
Patricia_Kaas,Patricia Kaas,patriciakaas,Celeb
Patricia_Kara,Patricia Kara,patriciakara,Celeb
Patricia_Kazadi,Patricia Kazadi,patriciakazadi,Celeb
Patricia_Roc,Patricia Roc,patriciaroc,Celeb
Patricia_Schmid,Patricia Schmid,patriciaschmid,Celeb
Patricia_Velasquez,Patricia Velasquez,patriciavelasquez,Celeb
Patrick_Breeding,Patrick Breeding,patrickbreeding,Celeb
Patrick_DeMarchelier,Patrick DeMarchelier,patrickdemarchelier,Celeb
Patrick_Dempsey,Patrick Dempsey,patrickdempsey,Celeb
Patrick_Duffy,Patrick Duffy,patrickduffy,Celeb
Patrick_J_Adams,Patrick J Adams,patrickjadams,Celeb
Patrick_Nuo,Patrick Nuo,patricknuo,Celeb
Patrick_Rukai,Patrick Rukai,patrickrukai,Celeb
Patrick_Schwarzenegger,Patrick Schwarzenegger,patrickschwarzenegger,Celeb
Patrick_Soon_Shiong,Patrick Soon Shiong,patricksoonshiong,Celeb
Patrick_Warburton,Patrick Warburton,patrickwarburton,Celeb
Patrick_Wolf,Patrick Wolf,patrickwolf,Celeb
Patrycja_Gardygajlo,Patrycja Gardygajlo,patrycjagardygajlo,Celeb
Patterson_Patrick,Patterson Patrick,pattersonpatrick,Celeb
Patti_DArbanville,Patti DArbanville,pattidarbanville,Celeb
Patti_Hansen,Patti Hansen,pattihansen,Celeb
Patti_Page,Patti Page,pattipage,Celeb
Patti_Scialfa,Patti Scialfa,pattiscialfa,Celeb
Pattie_Boyd,Pattie Boyd,pattieboyd,Celeb
Pattie_Mallette,Pattie Mallette,pattiemallette,Celeb
Patton_Oswalt,Patton Oswalt,pattonoswalt,Celeb
Patty_McCormack,Patty McCormack,pattymccormack,Celeb
Paty_Navidad,Paty Navidad,patynavidad,Celeb
Paul_Adelstein,Paul Adelstein,pauladelstein,Celeb
Paul_Dano,Paul Dano,pauldano,Celeb
Paul_Giamatti,Paul Giamatti,paulgiamatti,Celeb
Paul_Gross,Paul Gross,paulgross,Celeb
Paul_Levesque,Paul Levesque,paullevesque,Celeb
Paul_Lloyd_Jr,Paul Lloyd Jr,paullloydjr,Celeb
Paul_McDonald,Paul McDonald,paulmcdonald,Celeb
Paul_Merton,Paul Merton,paulmerton,Celeb
Paul_Naschy,Paul Naschy,paulnaschy,Celeb
Paul_Reubens,Paul Reubens,paulreubens,Celeb
Paul_Rodriguez,Paul Rodriguez,paulrodriguez,Celeb
Paul_Sculfor,Paul Sculfor,paulsculfor,Celeb
Paul_Sorvino,Paul Sorvino,paulsorvino,Celeb
Paul_Teutul_Sr,Paul Teutul Sr,paulteutulsr,Celeb
Paul_Van_Dyk,Paul Van Dyk,paulvandyk,Celeb
Paul_WS_Anderson,Paul WS Anderson,paulwsanderson,Celeb
Paul_Wesley,Paul Wesley,paulwesley,Celeb
Paula_DeAnda,Paula DeAnda,pauladeanda,Celeb
Paula_Echevarria,Paula Echevarria,paulaechevarria,Celeb
Paula_Garces,Paula Garces,paulagarces,Celeb
Paula_Morales,Paula Morales,paulamorales,Celeb
Paula_Prendes,Paula Prendes,paulaprendes,Celeb
Paula_Sartor,Paula Sartor,paulasartor,Celeb
Paulina_Gretzky,Paulina Gretzky,paulinagretzky,Celeb
Paulina_Porizkova,Paulina Porizkova,paulinaporizkova,Celeb
Paulina_Stanek,Paulina Stanek,paulinastanek,Celeb
Paulina_Wyka,Paulina Wyka,paulinawyka,Celeb
Pauline_Quirke,Pauline Quirke,paulinequirke,Celeb
Paulo_Avelino,Paulo Avelino,pauloavelino,Celeb
Paulo_Costanzo,Paulo Costanzo,paulocostanzo,Celeb
Pauly_Shore,Pauly Shore,paulyshore,Celeb
Pavitra_Punia,Pavitra Punia,pavitrapunia,Celeb
Paz_Vega,Paz Vega,pazvega,Celeb
Peabo_Bryson,Peabo Bryson,peabobryson,Celeb
Peaches_Geldof,Peaches Geldof,peachesgeldof,Celeb
Pearl_Jam,Pearl Jam,pearljam,Celeb
Peggy_Dow,Peggy Dow,peggydow,Celeb
Peggy_Lipton,Peggy Lipton,peggylipton,Celeb
Peggy_Zina,Peggy Zina,peggyzina,Celeb
Pelin_Karahan,Pelin Karahan,pelinkarahan,Celeb
Penny_Marshall,Penny Marshall,pennymarshall,Celeb
Penny_Singleton,Penny Singleton,pennysingleton,Celeb
Pernilla_Fransander,Pernilla Fransander,pernillafransander,Celeb
Pernille_Moeller,Pernille Moeller,pernillemoeller,Celeb
Perrey_Reeves,Perrey Reeves,perreyreeves,Celeb
Perrie_Edwards,Perrie Edwards,perrieedwards,Celeb
Perry_Como,Perry Como,perrycomo,Celeb
Perry_King,Perry King,perryking,Celeb
Persia_White,Persia White,persiawhite,Celeb
Peta_Wilson,Peta Wilson,petawilson,Celeb
Pete_Doherty,Pete Doherty,petedoherty,Celeb
Pete_Postlethwaite,Pete Postlethwaite,petepostlethwaite,Celeb
Petek_Dincoz,Petek Dincoz,petekdincoz,Celeb
Peter_Bergman,Peter Bergman,peterbergman,Celeb
Peter_Buck,Peter Buck,peterbuck,Celeb
Peter_Burling,Peter Burling,peterburling,Celeb
Peter_Criss,Peter Criss,petercriss,Celeb
Peter_Davison,Peter Davison,peterdavison,Celeb
Peter_Falk,Peter Falk,peterfalk,Celeb
Peter_Frampton,Peter Frampton,peterframpton,Celeb
Peter_Gallagher,Peter Gallagher,petergallagher,Celeb
Peter_Greene,Peter Greene,petergreene,Celeb
Peter_Jackson,Peter Jackson,peterjackson,Celeb
Peter_Krause,Peter Krause,peterkrause,Celeb
Peter_Lawford,Peter Lawford,peterlawford,Celeb
Peter_Mayhew,Peter Mayhew,petermayhew,Celeb
Peter_Peterson,Peter Peterson,peterpeterson,Celeb
Peter_Prager,Peter Prager,peterprager,Celeb
Peter_S_Kim,Peter S Kim,peterskim,Celeb
Peter_Sarsgaard,Peter Sarsgaard,petersarsgaard,Celeb
Peter_Sellers,Peter Sellers,petersellers,Celeb
Peter_Sperling,Peter Sperling,petersperling,Celeb
Peter_Steele,Peter Steele,petersteele,Celeb
Peter_Stormare,Peter Stormare,peterstormare,Celeb
Peter_Tork,Peter Tork,petertork,Celeb
Peter_Tosh,Peter Tosh,petertosh,Celeb
Peter_Wentz,Peter Wentz,peterwentz,Celeb
Peter_Woo,Peter Woo,peterwoo,Celeb
Petra_Cubonova,Petra Cubonova,petracubonova,Celeb
Petra_Nemcova,Petra Nemcova,petranemcova,Celeb
Petula_Clark,Petula Clark,petulaclark,Celeb
Peyton_List,Peyton List,peytonlist,Celeb
Phil_Collen,Phil Collen,philcollen,Celeb
Phil_Collins,Phil Collins,philcollins,Celeb
Phil_Hartman,Phil Hartman,philhartman,Celeb
Phil_Knight,Phil Knight,philknight,Celeb
Phil_Lewis,Phil Lewis,phillewis,Celeb
Philip_Daniel_Bolden,Philip Daniel Bolden,philipdanielbolden,Celeb
Philip_Glenister,Philip Glenister,philipglenister,Celeb
Philip_Michael_Thomas,Philip Michael Thomas,philipmichaelthomas,Celeb
Philipp_Lahm,Philipp Lahm,philipplahm,Celeb
Phillip_Schofield,Phillip Schofield,phillipschofield,Celeb
Phoebe_Price,Phoebe Price,phoebeprice,Celeb
Phoebe_Tonkin,Phoebe Tonkin,phoebetonkin,Celeb
Phyllis_Calvert,Phyllis Calvert,phylliscalvert,Celeb
Phyllis_Davis,Phyllis Davis,phyllisdavis,Celeb
Phyllis_Diller,Phyllis Diller,phyllisdiller,Celeb
Pia_Toscano,Pia Toscano,piatoscano,Celeb
Pierfrancesco_Favino,Pierfrancesco Favino,pierfrancescofavino,Celeb
Pierre_Bellon,Pierre Bellon,pierrebellon,Celeb
Pierre_Bouvier,Pierre Bouvier,pierrebouvier,Celeb
Pierre_Casiraghi,Pierre Casiraghi,pierrecasiraghi,Celeb
Pierre_Omidyar,Pierre Omidyar,pierreomidyar,Celeb
Pilar_De_Ayala,Pilar De Ayala,pilardeayala,Celeb
Pilar_Rubio,Pilar Rubio,pilarrubio,Celeb
Pilar_Sanders,Pilar Sanders,pilarsanders,Celeb
Piolo_Pascual,Piolo Pascual,piolopascual,Celeb
Pippa_Black,Pippa Black,pippablack,Celeb
Pippa_Middleton,Pippa Middleton,pippamiddleton,Celeb
Pixie_Geldof,Pixie Geldof,pixiegeldof,Celeb
Piyush_Gupta,Piyush Gupta,piyushgupta,Celeb
Plies,Plies,plies,Celeb
Polina_Kouklina,Polina Kouklina,polinakouklina,Celeb
Polly_Bergen,Polly Bergen,pollybergen,Celeb
Polly_Holliday,Polly Holliday,pollyholliday,Celeb
Polly_Samson,Polly Samson,pollysamson,Celeb
Pollyanna_Woodward,Pollyanna Woodward,pollyannawoodward,Celeb
Pooja_Batra,Pooja Batra,poojabatra,Celeb
Poonam_Jhawer,Poonam Jhawer,poonamjhawer,Celeb
Pope_Benedict_XVI,Pope Benedict XVI,popebenedictxvi,Celeb
Poppy_Montgomery,Poppy Montgomery,poppymontgomery,Celeb
Porcelain_Black,Porcelain Black,porcelainblack,Celeb
Porschla_Coleman,Porschla Coleman,porschlacoleman,Celeb
Potro_Juan,Potro Juan,potrojuan,Celeb
Prashanth_Thyagarajan,Prashanth Thyagarajan,prashanththyagarajan,Celeb
Prem_Nazir,Prem Nazir,premnazir,Celeb
Prince_Albert_of_Monaco,Prince Albert of Monaco,princealbertofmonaco,Celeb
Princesa_Letizia_de_Asturias,Princesa Letizia de Asturias,princesaletiziadeasturias,Celeb
Princess_Beatrice,Princess Beatrice,princessbeatrice,Celeb
Princess_Charlene_of_Monaco,Princess Charlene of Monaco,princesscharleneofmonaco,Celeb
Princess_Eugenie,Princess Eugenie,princesseugenie,Celeb
Princess_Soraya,Princess Soraya,princesssoraya,Celeb
Prinsessan_Madeleine,Prinsessan Madeleine,prinsessanmadeleine,Celeb
Priscila_Monroe,Priscila Monroe,priscilamonroe,Celeb
Priscilla_Barnes,Priscilla Barnes,priscillabarnes,Celeb
Priscilla_Lane,Priscilla Lane,priscillalane,Celeb
Prunella_Scales,Prunella Scales,prunellascales,Celeb
Quentin_Tarantino,Quentin Tarantino,quentintarantino,Celeb
Quiana_Grant,Quiana Grant,quianagrant,Celeb
Qwanell_Mosley,Qwanell Mosley,qwanellmosley,Celeb
RZA,RZA,rza,Celeb
R_Kelly,R Kelly,rkelly,Celeb
RaQesh_Vashisth,RaQesh Vashisth,raqeshvashisth,Celeb
Rachael_Finch,Rachael Finch,rachaelfinch,Celeb
Rachael_Ray,Rachael Ray,rachaelray,Celeb
Rachel_Blanchard,Rachel Blanchard,rachelblanchard,Celeb
Rachel_Bolan,Rachel Bolan,rachelbolan,Celeb
Rachel_G_Fox,Rachel G Fox,rachelgfox,Celeb
Rachel_Hurd-Wood,Rachel Hurd-Wood,rachelhurdwood,Celeb
Rachel_Maddow,Rachel Maddow,rachelmaddow,Celeb
Rachel_Roberts,Rachel Roberts,rachelroberts,Celeb
Rachel_Shelley,Rachel Shelley,rachelshelley,Celeb
Rachel_Smith,Rachel Smith,rachelsmith,Celeb
Rachel_Sterling,Rachel Sterling,rachelsterling,Celeb
Rachel_Stevens,Rachel Stevens,rachelstevens,Celeb
Rachel_Uchitel,Rachel Uchitel,racheluchitel,Celeb
Rachel_Weisz,Rachel Weisz,rachelweisz,Celeb
Rachel_Zoe,Rachel Zoe,rachelzoe,Celeb
Radha_Mitchell,Radha Mitchell,radhamitchell,Celeb
Radost_Bokel,Radost Bokel,radostbokel,Celeb
Radwanska_Urszula,Radwanska Urszula,radwanskaurszula,Celeb
Rae-won_Kim,Rae-won Kim,raewonkim,Celeb
Rae_Dawn_Chong,Rae Dawn Chong,raedawnchong,Celeb
Raelee_Hill,Raelee Hill,raeleehill,Celeb
Rafael_van_der_Vaart,Rafael van der Vaart,rafaelvandervaart,Celeb
Rafaela_Bassi,Rafaela Bassi,rafaelabassi,Celeb
Rafi_Gavron,Rafi Gavron,rafigavron,Celeb
Ragini_Khanna,Ragini Khanna,raginikhanna,Celeb
Raheem_DeVaughn,Raheem DeVaughn,raheemdevaughn,Celeb
Raica_Oliveira,Raica Oliveira,raicaoliveira,Celeb
Rainie_Yang,Rainie Yang,rainieyang,Celeb
Rainn_Wilson,Rainn Wilson,rainnwilson,Celeb
Rajnikanth,Rajnikanth,rajnikanth,Celeb
Raju_Srivastav,Raju Srivastav,rajusrivastav,Celeb
Rakhi_Sawant,Rakhi Sawant,rakhisawant,Celeb
Ralph_Kiner,Ralph Kiner,ralphkiner,Celeb
Ralph_Macchio,Ralph Macchio,ralphmacchio,Celeb
Ramesh_Aravind,Ramesh Aravind,ramesharavind,Celeb
Ramon_Ang,Ramon Ang,ramonang,Celeb
Ramona_Badescu,Ramona Badescu,ramonabadescu,Celeb
Randeep_Hooda,Randeep Hooda,randeephooda,Celeb
Randy_Couture,Randy Couture,randycouture,Celeb
Randy_Harrison,Randy Harrison,randyharrison,Celeb
Randy_Rhoads,Randy Rhoads,randyrhoads,Celeb
Raphael_Sander,Raphael Sander,raphaelsander,Celeb
Raquel_Zimmerman,Raquel Zimmerman,raquelzimmerman,Celeb
Raquel_del_Rosario,Raquel del Rosario,raqueldelrosario,Celeb
Rashmi_Desai_Sandhu,Rashmi Desai Sandhu,rashmidesaisandhu,Celeb
Ratan_Tata,Ratan Tata,ratantata,Celeb
Ray_Charles,Ray Charles,raycharles,Celeb
Ray_Dalio,Ray Dalio,raydalio,Celeb
Ray_Davies,Ray Davies,raydavies,Celeb
Ray_J,Ray J,rayj,Celeb
Ray_Manzarek,Ray Manzarek,raymanzarek,Celeb
Ray_Milland,Ray Milland,raymilland,Celeb
Ray_Winstone,Ray Winstone,raywinstone,Celeb
Raymond_Ablack,Raymond Ablack,raymondablack,Celeb
Reba_McEntire,Reba McEntire,rebamcentire,Celeb
Rebecca_Black,Rebecca Black,rebeccablack,Celeb
Rebecca_Gayheart,Rebecca Gayheart,rebeccagayheart,Celeb
Rebecca_Gibney,Rebecca Gibney,rebeccagibney,Celeb
Rebecca_Hazlewood,Rebecca Hazlewood,rebeccahazlewood,Celeb
Rebecca_Loos,Rebecca Loos,rebeccaloos,Celeb
Rebecca_Mader,Rebecca Mader,rebeccamader,Celeb
Rebecca_Mir,Rebecca Mir,rebeccamir,Celeb
Rebekah_Kochan,Rebekah Kochan,rebekahkochan,Celeb
Red_Skelton,Red Skelton,redskelton,Celeb
Reece_Thompson,Reece Thompson,reecethompson,Celeb
Reema_Sen,Reema Sen,reemasen,Celeb
Regan_Smith,Regan Smith,regansmith,Celeb
Reggie_Bush,Reggie Bush,reggiebush,Celeb
Regina_Feoktistova,Regina Feoktistova,reginafeoktistova,Celeb
Regina_Hall,Regina Hall,reginahall,Celeb
Regina_Halmich,Regina Halmich,reginahalmich,Celeb
Regine_Velasquez,Regine Velasquez,reginevelasquez,Celeb
Reinaldo_Zavarce,Reinaldo Zavarce,reinaldozavarce,Celeb
Reka_Ebergenyi,Reka Ebergenyi,rekaebergenyi,Celeb
Rena_Mero,Rena Mero,renamero,Celeb
Rene_Angelil,Rene Angelil,reneangelil,Celeb
Rene_Russo,Rene Russo,renerusso,Celeb
Renee_Germaine_Van_Seggern,Renee Germaine Van Seggern,reneegermainevanseggern,Celeb
Renee_Graziano,Renee Graziano,reneegraziano,Celeb
Renee_Olstead,Renee Olstead,reneeolstead,Celeb
Reon_Kadena,Reon Kadena,reonkadena,Celeb
Rex_Tillerson,Rex Tillerson,rextillerson,Celeb
Reynaldo_Gianecchini,Reynaldo Gianecchini,reynaldogianecchini,Celeb
Rhian_Ramos,Rhian Ramos,rhianramos,Celeb
Rhonda_Fleming,Rhonda Fleming,rhondafleming,Celeb
Rhys_Ifans,Rhys Ifans,rhysifans,Celeb
Rhys_Wakefield,Rhys Wakefield,rhyswakefield,Celeb
Ric_Ocasek,Ric Ocasek,ricocasek,Celeb
Ricardo_Arjona,Ricardo Arjona,ricardoarjona,Celeb
Ricardo_Chavira,Ricardo Chavira,ricardochavira,Celeb
Ricardo_Kaka,Ricardo Kaka,ricardokaka,Celeb
Ricardo_Montalban,Ricardo Montalban,ricardomontalban,Celeb
Rich_Sommer,Rich Sommer,richsommer,Celeb
Richard_Ashcroft,Richard Ashcroft,richardashcroft,Celeb
Richard_Burton,Richard Burton,richardburton,Celeb
Richard_Dean_Anderson,Richard Dean Anderson,richarddeananderson,Celeb
Richard_Fortus,Richard Fortus,richardfortus,Celeb
Richard_Grieco,Richard Grieco,richardgrieco,Celeb
Richard_Griffiths,Richard Griffiths,richardgriffiths,Celeb
Richard_Jenkins,Richard Jenkins,richardjenkins,Celeb
Richard_Kiel,Richard Kiel,richardkiel,Celeb
Richard_Kruspe,Richard Kruspe,richardkruspe,Celeb
Richard_Lynch,Richard Lynch,richardlynch,Celeb
Richard_Marx,Richard Marx,richardmarx,Celeb
Richard_Nixon,Richard Nixon,richardnixon,Celeb
Richard_OBrien,Richard OBrien,richardobrien,Celeb
Richard_Peery,Richard Peery,richardpeery,Celeb
Richard_Schiff,Richard Schiff,richardschiff,Celeb
Richard_Schulze,Richard Schulze,richardschulze,Celeb
Richard_Wright,Richard Wright,richardwright,Celeb
Richie_Sambora,Richie Sambora,richiesambora,Celeb
Rick_Fox,Rick Fox,rickfox,Celeb
Rick_Malambri,Rick Malambri,rickmalambri,Celeb
Rick_Savage,Rick Savage,ricksavage,Celeb
Ricky_Jay,Ricky Jay,rickyjay,Celeb
Ricky_Nelson,Ricky Nelson,rickynelson,Celeb
Ricky_Paull_Goldin,Ricky Paull Goldin,rickypaullgoldin,Celeb
Ricky_Schroder,Ricky Schroder,rickyschroder,Celeb
Ricky_Skaggs,Ricky Skaggs,rickyskaggs,Celeb
Ricky_Ullman,Ricky Ullman,rickyullman,Celeb
Rie_Rasmussen,Rie Rasmussen,rierasmussen,Celeb
Rihanna,Rihanna,rihanna,Celeb
Riley_Smith,Riley Smith,rileysmith,Celeb
Rima_Fakih,Rima Fakih,rimafakih,Celeb
Rina_Uchiyama,Rina Uchiyama,rinauchiyama,Celeb
Rip_Torn,Rip Torn,riptorn,Celeb
Risa_Junna,Risa Junna,risajunna,Celeb
Risa_Tani,Risa Tani,risatani,Celeb
Rita_Haney,Rita Haney,ritahaney,Celeb
Rita_Hayworth,Rita Hayworth,ritahayworth,Celeb
Ritesh_Deshmukh,Ritesh Deshmukh,riteshdeshmukh,Celeb
River_Viiperi,River Viiperi,riverviiperi,Celeb
Riya_Sen,Riya Sen,riyasen,Celeb
Rob_Brown,Rob Brown,robbrown,Celeb
Rob_Corddry,Rob Corddry,robcorddry,Celeb
Rob_Estes,Rob Estes,robestes,Celeb
Rob_Halford,Rob Halford,robhalford,Celeb
Rob_Weiss,Rob Weiss,robweiss,Celeb
Rob_Zombie,Rob Zombie,robzombie,Celeb
Robbie_Amell,Robbie Amell,robbieamell,Celeb
Robby_Krieger,Robby Krieger,robbykrieger,Celeb
Robert_Buckley,Robert Buckley,robertbuckley,Celeb
Robert_Conrad,Robert Conrad,robertconrad,Celeb
Robert_Gates,Robert Gates,robertgates,Celeb
Robert_Goulet,Robert Goulet,robertgoulet,Celeb
Robert_Griffin_III,Robert Griffin III,robertgriffiniii,Celeb
Robert_Hardy,Robert Hardy,roberthardy,Celeb
Robert_Hoffman,Robert Hoffman,roberthoffman,Celeb
Robert_Hossein,Robert Hossein,roberthossein,Celeb
Robert_Joy,Robert Joy,robertjoy,Celeb
Robert_Kardashian_Jr,Robert Kardashian Jr,robertkardashianjr,Celeb
Robert_Kazinsky,Robert Kazinsky,robertkazinsky,Celeb
Robert_Kiyosaki,Robert Kiyosaki,robertkiyosaki,Celeb
Robert_Kubica,Robert Kubica,robertkubica,Celeb
Robert_Mitchum,Robert Mitchum,robertmitchum,Celeb
Robert_Montgomery,Robert Montgomery,robertmontgomery,Celeb
Robert_Morse,Robert Morse,robertmorse,Celeb
Robert_Patrick,Robert Patrick,robertpatrick,Celeb
Robert_Rich_Jr,Robert Rich Jr,robertrichjr,Celeb
Robert_Schwartzman,Robert Schwartzman,robertschwartzman,Celeb
Robert_Sean_Leonard,Robert Sean Leonard,robertseanleonard,Celeb
Robert_Sheehan,Robert Sheehan,robertsheehan,Celeb
Robert_Urich,Robert Urich,roberturich,Celeb
Robert_Walker,Robert Walker,robertwalker,Celeb
Robin_Antin,Robin Antin,robinantin,Celeb
Robin_Dunne,Robin Dunne,robindunne,Celeb
Robin_Gibb,Robin Gibb,robingibb,Celeb
Robin_Givens,Robin Givens,robingivens,Celeb
Robin_Li,Robin Li,robinli,Celeb
Robin_Meade,Robin Meade,robinmeade,Celeb
Robin_Riker,Robin Riker,robinriker,Celeb
Robin_Roberts,Robin Roberts,robinroberts,Celeb
Robin_Thicke,Robin Thicke,robinthicke,Celeb
Robson_Green,Robson Green,robsongreen,Celeb
Robyn_Carlsson,Robyn Carlsson,robyncarlsson,Celeb
Rocco_DiSpirito,Rocco DiSpirito,roccodispirito,Celeb
Rochelle_Aytes,Rochelle Aytes,rochelleaytes,Celeb
Rochelle_Wiseman,Rochelle Wiseman,rochellewiseman,Celeb
Rocio_Guirao_Diaz,Rocio Guirao Diaz,rocioguiraodiaz,Celeb
Rocio_Igarzabal,Rocio Igarzabal,rocioigarzabal,Celeb
Rodney_Carrington,Rodney Carrington,rodneycarrington,Celeb
Rodrigo_Guirao_Diaz,Rodrigo Guirao Diaz,rodrigoguiraodiaz,Celeb
Roger_Ebert,Roger Ebert,rogerebert,Celeb
Roger_Taylor,Roger Taylor,rogertaylor,Celeb
Roger_Tsien,Roger Tsien,rogertsien,Celeb
Roisin_Murphy,Roisin Murphy,roisinmurphy,Celeb
Roland_Kickinger,Roland Kickinger,rolandkickinger,Celeb
Roland_Schoeman,Roland Schoeman,rolandschoeman,Celeb
Roma_Downey,Roma Downey,romadowney,Celeb
Romany_Malco,Romany Malco,romanymalco,Celeb
Romesh_T_Wadhwani,Romesh T Wadhwani,romeshtwadhwani,Celeb
Romina_Gaetani,Romina Gaetani,rominagaetani,Celeb
Romina_Power,Romina Power,rominapower,Celeb
Romy_Schneider,Romy Schneider,romyschneider,Celeb
Ron_Burkle,Ron Burkle,ronburkle,Celeb
Ron_Eldard,Ron Eldard,roneldard,Celeb
Ron_Perlman,Ron Perlman,ronperlman,Celeb
Ron_Wood,Ron Wood,ronwood,Celeb
Ronan_Keating,Ronan Keating,ronankeating,Celeb
Ronn_Moss,Ronn Moss,ronnmoss,Celeb
Ronnie_Milsap,Ronnie Milsap,ronniemilsap,Celeb
Ronnie_Ortiz-Magro,Ronnie Ortiz-Magro,ronnieortizmagro,Celeb
Rory_Calhoun,Rory Calhoun,rorycalhoun,Celeb
Rory_Cochrane,Rory Cochrane,rorycochrane,Celeb
Rosanna_Davison,Rosanna Davison,rosannadavison,Celeb
Rosannagh_Maclennan,Rosannagh Maclennan,rosannaghmaclennan,Celeb
Rosemarie_DeWitt,Rosemarie DeWitt,rosemariedewitt,Celeb
Rosemary_Clooney,Rosemary Clooney,rosemaryclooney,Celeb
Rosie_Huntington_Whiteley,Rosie Huntington Whiteley,rosiehuntingtonwhiteley,Celeb
Rosie_Jones,Rosie Jones,rosiejones,Celeb
Rosie_ODonnell,Rosie ODonnell,rosieodonnell,Celeb
Ross_Lynch,Ross Lynch,rosslynch,Celeb
Ross_McCall,Ross McCall,rossmccall,Celeb
Rossif_Sutherland,Rossif Sutherland,rossifsutherland,Celeb
Roxane_Mesquida,Roxane Mesquida,roxanemesquida,Celeb
Roxann_Dawson,Roxann Dawson,roxanndawson,Celeb
Roxanne_Guinoo,Roxanne Guinoo,roxanneguinoo,Celeb
Roxanne_Pallett,Roxanne Pallett,roxannepallett,Celeb
Roy_Khan,Roy Khan,roykhan,Celeb
Ruben_Cortada,Ruben Cortada,rubencortada,Celeb
Ruby_Dee,Ruby Dee,rubydee,Celeb
Rudolf_Schenker,Rudolf Schenker,rudolfschenker,Celeb
Rudy_Fernandez,Rudy Fernandez,rudyfernandez,Celeb
Rudy_Sarzo,Rudy Sarzo,rudysarzo,Celeb
Rufin_Guillaume,Rufin Guillaume,rufinguillaume,Celeb
Rufus_Sewell,Rufus Sewell,rufussewell,Celeb
Rufus_Wainwright,Rufus Wainwright,rufuswainwright,Celeb
Rula_Lenska,Rula Lenska,rulalenska,Celeb
Rumer_Willis,Rumer Willis,rumerwillis,Celeb
Rupert_Everett,Rupert Everett,ruperteverett,Celeb
Rupert_Friend,Rupert Friend,rupertfriend,Celeb
Ruslaan_Mumtaz,Ruslaan Mumtaz,ruslaanmumtaz,Celeb
Ruslana_Korshunova,Ruslana Korshunova,ruslanakorshunova,Celeb
Russell_Westbrook,Russell Westbrook,russellwestbrook,Celeb
Russell_Wong,Russell Wong,russellwong,Celeb
Ruth_Roman,Ruth Roman,ruthroman,Celeb
Rutina_Wesley,Rutina Wesley,rutinawesley,Celeb
Ryan_Adams,Ryan Adams,ryanadams,Celeb
Ryan_Braun,Ryan Braun,ryanbraun,Celeb
Ryan_Cochrane,Ryan Cochrane,ryancochrane,Celeb
Ryan_Dunn,Ryan Dunn,ryandunn,Celeb
Ryan_Good,Ryan Good,ryangood,Celeb
Ryan_Guzman,Ryan Guzman,ryanguzman,Celeb
Ryan_Harrison,Ryan Harrison,ryanharrison,Celeb
Ryan_Higa,Ryan Higa,ryanhiga,Celeb
Ryan_Hurst,Ryan Hurst,ryanhurst,Celeb
Ryan_Kwanten,Ryan Kwanten,ryankwanten,Celeb
Ryan_Leslie,Ryan Leslie,ryanleslie,Celeb
Ryan_Lochte,Ryan Lochte,ryanlochte,Celeb
Ryan_ONeal,Ryan ONeal,ryanoneal,Celeb
Ryan_Ochoa,Ryan Ochoa,ryanochoa,Celeb
Ryan_Phillippe,Ryan Phillippe,ryanphillippe,Celeb
Ryan_Pinkston,Ryan Pinkston,ryanpinkston,Celeb
Ryan_Ross,Ryan Ross,ryanross,Celeb
Ryan_Rottman,Ryan Rottman,ryanrottman,Celeb
Ryan_Starr,Ryan Starr,ryanstarr,Celeb
Ryan_Tedder,Ryan Tedder,ryantedder,Celeb
Ryoko_Yonekura,Ryoko Yonekura,ryokoyonekura,Celeb
Sabine_Lisicki,Sabine Lisicki,sabinelisicki,Celeb
Sabine_Moussier,Sabine Moussier,sabinemoussier,Celeb
Sabrina_Bryan,Sabrina Bryan,sabrinabryan,Celeb
Sabrina_Ferilli,Sabrina Ferilli,sabrinaferilli,Celeb
Sabrina_Garciarena,Sabrina Garciarena,sabrinagarciarena,Celeb
Sade,Sade,sade,Celeb
Sagia_Castaneda,Sagia Castaneda,sagiacastaneda,Celeb
Saina_Nehwal,Saina Nehwal,sainanehwal,Celeb
Saki_Aibu,Saki Aibu,sakiaibu,Celeb
Sal_Mineo,Sal Mineo,salmineo,Celeb
Salli_Richardson-Whitfield,Salli Richardson-Whitfield,sallirichardsonwhitfield,Celeb
Sally_Eilers,Sally Eilers,sallyeilers,Celeb
Sally_Hawkins,Sally Hawkins,sallyhawkins,Celeb
Sally_Kellerman,Sally Kellerman,sallykellerman,Celeb
Sally_ONeil,Sally ONeil,sallyoneil,Celeb
Sally_Rand,Sally Rand,sallyrand,Celeb
Salmons_John,Salmons John,salmonsjohn,Celeb
Saloni_Aswani,Saloni Aswani,saloniaswani,Celeb
Sam_Branson,Sam Branson,sambranson,Celeb
Sam_Elliott,Sam Elliott,samelliott,Celeb
Sam_Hazewinkel,Sam Hazewinkel,samhazewinkel,Celeb
Sam_Kinison,Sam Kinison,samkinison,Celeb
Sam_Neill,Sam Neill,samneill,Celeb
Sam_Oldham,Sam Oldham,samoldham,Celeb
Sam_Page,Sam Page,sampage,Celeb
Sam_Shepard,Sam Shepard,samshepard,Celeb
Sam_Trammell,Sam Trammell,samtrammell,Celeb
Sam_Witwer,Sam Witwer,samwitwer,Celeb
Sam_Worthington,Sam Worthington,samworthington,Celeb
Sam_Zell,Sam Zell,samzell,Celeb
Samantha_Burton,Samantha Burton,samanthaburton,Celeb
Samantha_Cole,Samantha Cole,samanthacole,Celeb
Samantha_Droke,Samantha Droke,samanthadroke,Celeb
Samantha_Ferris,Samantha Ferris,samanthaferris,Celeb
Samantha_Gradoville,Samantha Gradoville,samanthagradoville,Celeb
Sameera_Reddy,Sameera Reddy,sameerareddy,Celeb
Sammi_Hanratty,Sammi Hanratty,sammihanratty,Celeb
Sammy_Davis_Jr,Sammy Davis Jr,sammydavisjr,Celeb
Samuel_Larsen,Samuel Larsen,samuellarsen,Celeb
Sana_Khan,Sana Khan,sanakhan,Celeb
Sandie_Shaw,Sandie Shaw,sandieshaw,Celeb
Sandra_Bernhard,Sandra Bernhard,sandrabernhard,Celeb
Sandra_Echeverria,Sandra Echeverria,sandraecheverria,Celeb
Sandra_Nasic,Sandra Nasic,sandranasic,Celeb
Sandra_Taylor,Sandra Taylor,sandrataylor,Celeb
Sandrah_Hellberg,Sandrah Hellberg,sandrahhellberg,Celeb
Sandrine_Gruda,Sandrine Gruda,sandrinegruda,Celeb
Sandy_Dennis,Sandy Dennis,sandydennis,Celeb
Sandy_Denny,Sandy Denny,sandydenny,Celeb
Sandy_Koufax,Sandy Koufax,sandykoufax,Celeb
Sang-mi_Nam,Sang-mi Nam,sangminam,Celeb
Sang-woo_Kwone,Sang-woo Kwone,sangwookwone,Celeb
Sania_Mirza,Sania Mirza,saniamirza,Celeb
Sanjay_Dutt,Sanjay Dutt,sanjaydutt,Celeb
Sanne_Nijhof,Sanne Nijhof,sannenijhof,Celeb
Sante_DOrazio,Sante DOrazio,santedorazio,Celeb
Santiago_Giraldo,Santiago Giraldo,santiagogiraldo,Celeb
Santino_Marella,Santino Marella,santinomarella,Celeb
Saori_Yamamoto,Saori Yamamoto,saoriyamamoto,Celeb
Sara_Bareilles,Sara Bareilles,sarabareilles,Celeb
Sara_Blomqvist,Sara Blomqvist,sarablomqvist,Celeb
Sara_Canning,Sara Canning,saracanning,Celeb
Sara_Carbonero,Sara Carbonero,saracarbonero,Celeb
Sara_Maldonado,Sara Maldonado,saramaldonado,Celeb
Sara_Montiel,Sara Montiel,saramontiel,Celeb
Sara_Nuru,Sara Nuru,saranuru,Celeb
Sara_Paxton,Sara Paxton,sarapaxton,Celeb
Sara_Quin,Sara Quin,saraquin,Celeb
Sara_Rue,Sara Rue,sararue,Celeb
Sara_Sampaio,Sara Sampaio,sarasampaio,Celeb
Sara_Stokes,Sara Stokes,sarastokes,Celeb
Sara_Varone,Sara Varone,saravarone,Celeb
Sarah-Jane_Dias,Sarah-Jane Dias,sarahjanedias,Celeb
Sarah_Alexander,Sarah Alexander,sarahalexander,Celeb
Sarah_Bolger,Sarah Bolger,sarahbolger,Celeb
Sarah_Brightman,Sarah Brightman,sarahbrightman,Celeb
Sarah_Brown,Sarah Brown,sarahbrown,Celeb
Sarah_Butler,Sarah Butler,sarahbutler,Celeb
Sarah_Buxton,Sarah Buxton,sarahbuxton,Celeb
Sarah_Carter,Sarah Carter,sarahcarter,Celeb
Sarah_Connor,Sarah Connor,sarahconnor,Celeb
Sarah_Gadon,Sarah Gadon,sarahgadon,Celeb
Sarah_Geronimo,Sarah Geronimo,sarahgeronimo,Celeb
Sarah_Harding,Sarah Harding,sarahharding,Celeb
Sarah_Hyland,Sarah Hyland,sarahhyland,Celeb
Sarah_Jackson,Sarah Jackson,sarahjackson,Celeb
Sarah_Johnston,Sarah Johnston,sarahjohnston,Celeb
Sarah_Jones,Sarah Jones,sarahjones,Celeb
Sarah_Lancaster,Sarah Lancaster,sarahlancaster,Celeb
Sarah_Larson,Sarah Larson,sarahlarson,Celeb
Sarah_Martin,Sarah Martin,sarahmartin,Celeb
Sarah_Palin,Sarah Palin,sarahpalin,Celeb
Sarah_Parish,Sarah Parish,sarahparish,Celeb
Sarah_Paulson,Sarah Paulson,sarahpaulson,Celeb
Sarah_Polley,Sarah Polley,sarahpolley,Celeb
Sarah_Robles,Sarah Robles,sarahrobles,Celeb
Sarah_Roemer,Sarah Roemer,sarahroemer,Celeb
Sarah_Shahi,Sarah Shahi,sarahshahi,Celeb
Sarah_Thompson,Sarah Thompson,sarahthompson,Celeb
Sarah_Wayne_Callies,Sarah Wayne Callies,sarahwaynecallies,Celeb
Sarah_Wright,Sarah Wright,sarahwright,Celeb
Sarath_Kumar,Sarath Kumar,sarathkumar,Celeb
Sasckya_Porto,Sasckya Porto,sasckyaporto,Celeb
Sasha_Grey,Sasha Grey,sashagrey,Celeb
Sasha_Mitchell,Sasha Mitchell,sashamitchell,Celeb
Sasha_Pieterse,Sasha Pieterse,sashapieterse,Celeb
Sasha_Volkova,Sasha Volkova,sashavolkova,Celeb
Saskia_De_Brauw,Saskia De Brauw,saskiadebrauw,Celeb
Satomi_Ishihara,Satomi Ishihara,satomiishihara,Celeb
Sayali_Bhagat,Sayali Bhagat,sayalibhagat,Celeb
Scarface,Scarface,scarface,Celeb
Scarlet_Ortiz,Scarlet Ortiz,scarletortiz,Celeb
Schiavone_Francesca,Schiavone Francesca,schiavonefrancesca,Celeb
Scott_Baio,Scott Baio,scottbaio,Celeb
Scott_Bakula,Scott Bakula,scottbakula,Celeb
Scott_Brady,Scott Brady,scottbrady,Celeb
Scott_Cook,Scott Cook,scottcook,Celeb
Scott_Disick,Scott Disick,scottdisick,Celeb
Scott_Foley,Scott Foley,scottfoley,Celeb
Scott_Glenn,Scott Glenn,scottglenn,Celeb
Scott_Overall,Scott Overall,scottoverall,Celeb
Scott_Porter,Scott Porter,scottporter,Celeb
Scott_Speer,Scott Speer,scottspeer,Celeb
Scott_Stapp,Scott Stapp,scottstapp,Celeb
Scott_Steiner,Scott Steiner,scottsteiner,Celeb
Scotty_Beckett,Scotty Beckett,scottybeckett,Celeb
Scout_Taylor_Compton,Scout Taylor Compton,scouttaylorcompton,Celeb
Se7en,Se7en,se7en,Celeb
Sean_Avery,Sean Avery,seanavery,Celeb
Sean_Harris,Sean Harris,seanharris,Celeb
Sean_Kanan,Sean Kanan,seankanan,Celeb
Sean_Lennon,Sean Lennon,seanlennon,Celeb
Sean_OPry,Sean OPry,seanopry,Celeb
Sean_Parker,Sean Parker,seanparker,Celeb
Sean_Patrick_Flanery,Sean Patrick Flanery,seanpatrickflanery,Celeb
Sean_Paul,Sean Paul,seanpaul,Celeb
Seann_William_Scott,Seann William Scott,seannwilliamscott,Celeb
Sebastian_Bach,Sebastian Bach,sebastianbach,Celeb
Sebastian_Pinera,Sebastian Pinera,sebastianpinera,Celeb
Sebastian_Stan,Sebastian Stan,sebastianstan,Celeb
Sebastian_Vettel,Sebastian Vettel,sebastianvettel,Celeb
Segundo_Cernadas,Segundo Cernadas,segundocernadas,Celeb
Seimone_Augustus,Seimone Augustus,seimoneaugustus,Celeb
Selen_Soyder,Selen Soyder,selensoyder,Celeb
Selin_Demiratar,Selin Demiratar,selindemiratar,Celeb
Sendhil_Ramamurthy,Sendhil Ramamurthy,sendhilramamurthy,Celeb
Senta_Berger,Senta Berger,sentaberger,Celeb
Seppi_Andreas,Seppi Andreas,seppiandreas,Celeb
Seren_Gibson,Seren Gibson,serengibson,Celeb
Serge_Dassault,Serge Dassault,sergedassault,Celeb
Serge_Gainsbourg,Serge Gainsbourg,sergegainsbourg,Celeb
Serge_Ibaka,Serge Ibaka,sergeibaka,Celeb
Sergey_Bezrukov,Sergey Bezrukov,sergeybezrukov,Celeb
Sergio_Aguero,Sergio Aguero,sergioaguero,Celeb
Sergio_Hondjakoff,Sergio Hondjakoff,sergiohondjakoff,Celeb
Sergio_Ramos,Sergio Ramos,sergioramos,Celeb
Serinda_Swan,Serinda Swan,serindaswan,Celeb
Serj_Tankian,Serj Tankian,serjtankian,Celeb
Sessilee_Lopez,Sessilee Lopez,sessileelopez,Celeb
Seth_Binzer,Seth Binzer,sethbinzer,Celeb
Seth_Green,Seth Green,sethgreen,Celeb
Seth_MacFarlane,Seth MacFarlane,sethmacfarlane,Celeb
Seth_Meyers,Seth Meyers,sethmeyers,Celeb
Sha,Sha,sha,Celeb
Shaggy,Shaggy,shaggy,Celeb
Shah_Rukh_Khan,Shah Rukh Khan,shahrukhkhan,Celeb
Shahid_Khan,Shahid Khan,shahidkhan,Celeb
Shaina_Magdayao,Shaina Magdayao,shainamagdayao,Celeb
Shalana_Santana,Shalana Santana,shalanasantana,Celeb
Shamita_Shetty,Shamita Shetty,shamitashetty,Celeb
Shamron_Moore,Shamron Moore,shamronmoore,Celeb
Shane_Dawson,Shane Dawson,shanedawson,Celeb
Shane_Harper,Shane Harper,shaneharper,Celeb
Shane_Helms,Shane Helms,shanehelms,Celeb
Shanina_Shaik,Shanina Shaik,shaninashaik,Celeb
Shankar_Nag,Shankar Nag,shankarnag,Celeb
Shanna_Moakler,Shanna Moakler,shannamoakler,Celeb
Shannah_Lauren,Shannah Lauren,shannahlauren,Celeb
Shannan_Click,Shannan Click,shannanclick,Celeb
Shannen_Doherty,Shannen Doherty,shannendoherty,Celeb
Shannon_Hoon,Shannon Hoon,shannonhoon,Celeb
Shannon_Lucio,Shannon Lucio,shannonlucio,Celeb
Shannon_Moore,Shannon Moore,shannonmoore,Celeb
Shannon_Spruill,Shannon Spruill,shannonspruill,Celeb
Shannon_Woodward,Shannon Woodward,shannonwoodward,Celeb
Shantel_VanSanten,Shantel VanSanten,shantelvansanten,Celeb
Shaquille_ONeal,Shaquille ONeal,shaquilleoneal,Celeb
Shar_Jackson,Shar Jackson,sharjackson,Celeb
Sharad_Malhotra,Sharad Malhotra,sharadmalhotra,Celeb
Sharman_Joshi,Sharman Joshi,sharmanjoshi,Celeb
Sharni_Vinson,Sharni Vinson,sharnivinson,Celeb
Sharon_Case,Sharon Case,sharoncase,Celeb
Sharon_Cuneta,Sharon Cuneta,sharoncuneta,Celeb
Sharon_Tate,Sharon Tate,sharontate,Celeb
Sharon_Van_der_Knaap,Sharon Van der Knaap,sharonvanderknaap,Celeb
Sharon_den_Adel,Sharon den Adel,sharondenadel,Celeb
Shashi_Tharoor,Shashi Tharoor,shashitharoor,Celeb
Shaun_Robinson,Shaun Robinson,shaunrobinson,Celeb
Shaun_Toub,Shaun Toub,shauntoub,Celeb
Shaun_White,Shaun White,shaunwhite,Celeb
Shauna_Sand,Shauna Sand,shaunasand,Celeb
Shawn_Ashmore,Shawn Ashmore,shawnashmore,Celeb
Shawn_Hatosy,Shawn Hatosy,shawnhatosy,Celeb
Shawn_Pyfrom,Shawn Pyfrom,shawnpyfrom,Celeb
Shawn_Wayans,Shawn Wayans,shawnwayans,Celeb
Shawne_Merriman,Shawne Merriman,shawnemerriman,Celeb
Shay_Mitchell,Shay Mitchell,shaymitchell,Celeb
Shayne_Ward,Shayne Ward,shayneward,Celeb
Shazahn_Padamsee,Shazahn Padamsee,shazahnpadamsee,Celeb
Sheckler,Sheckler,sheckler,Celeb
Sheikha_Lubna_Al_Qasimi,Sheikha Lubna Al Qasimi,sheikhalubnaalqasimi,Celeb
Sheila_E,Sheila E,sheilae,Celeb
Sheila_Hancock,Sheila Hancock,sheilahancock,Celeb
Sheila_Marquez,Sheila Marquez,sheilamarquez,Celeb
Sheila_McCarthy,Sheila McCarthy,sheilamccarthy,Celeb
Shekhar_Suman,Shekhar Suman,shekharsuman,Celeb
Shelley_Hennig,Shelley Hennig,shelleyhennig,Celeb
Shelley_Long,Shelley Long,shelleylong,Celeb
Shemar_Moore,Shemar Moore,shemarmoore,Celeb
Shenae_Grimes,Shenae Grimes,shenaegrimes,Celeb
Shera_Danese,Shera Danese,sheradanese,Celeb
Sheree_J_Wilson,Sheree J Wilson,shereejwilson,Celeb
Sheree_Murphy,Sheree Murphy,shereemurphy,Celeb
Sheree_Whitfield,Sheree Whitfield,shereewhitfield,Celeb
Sheri_Moon_Zombie,Sheri Moon Zombie,sherimoonzombie,Celeb
Sherilyn_Fenn,Sherilyn Fenn,sherilynfenn,Celeb
Sherman_Hemsley,Sherman Hemsley,shermanhemsley,Celeb
Shermine_Shahrivar,Shermine Shahrivar,shermineshahrivar,Celeb
Sherri_Shepherd,Sherri Shepherd,sherrishepherd,Celeb
Sheryl_Sandberg,Sheryl Sandberg,sherylsandberg,Celeb
Shiloh_Fernandez,Shiloh Fernandez,shilohfernandez,Celeb
Shiloh_Jolie-Pitt,Shiloh Jolie-Pitt,shilohjoliepitt,Celeb
Shin_Ae-ra,Shin Ae-ra,shinaera,Celeb
Shirley_Bassey,Shirley Bassey,shirleybassey,Celeb
Shirley_Eaton,Shirley Eaton,shirleyeaton,Celeb
Shirley_MacLaine,Shirley MacLaine,shirleymaclaine,Celeb
Shirley_Ross,Shirley Ross,shirleyross,Celeb
Shirley_Temple,Shirley Temple,shirleytemple,Celeb
Shiv_Nadar,Shiv Nadar,shivnadar,Celeb
Shiva_Rose,Shiva Rose,shivarose,Celeb
Shiva_Thapa,Shiva Thapa,shivathapa,Celeb
Shohreh_Aghdashloo,Shohreh Aghdashloo,shohrehaghdashloo,Celeb
Shoshana_Bush,Shoshana Bush,shoshanabush,Celeb
Shoshanna_Lonstein,Shoshanna Lonstein,shoshannalonstein,Celeb
Shradha_Das,Shradha Das,shradhadas,Celeb
Shristi_Shrestha,Shristi Shrestha,shristishrestha,Celeb
Shriya_Saran,Shriya Saran,shriyasaran,Celeb
Shruti_K_Haasan,Shruti K Haasan,shrutikhaasan,Celeb
Shu_Qi,Shu Qi,shuqi,Celeb
Sibel_Kekilli,Sibel Kekilli,sibelkekilli,Celeb
Sibi_Blazic,Sibi Blazic,sibiblazic,Celeb
Sibylle_Szaggars,Sibylle Szaggars,sibylleszaggars,Celeb
Sid_Haig,Sid Haig,sidhaig,Celeb
Sid_Vicious,Sid Vicious,sidvicious,Celeb
Siddharth_Malhotra,Siddharth Malhotra,siddharthmalhotra,Celeb
Siddharth_Narayan,Siddharth Narayan,siddharthnarayan,Celeb
Sido,Sido,sido,Celeb
Sierra_Kusterbeck,Sierra Kusterbeck,sierrakusterbeck,Celeb
Sigrid_Agren,Sigrid Agren,sigridagren,Celeb
Silvana_Mangano,Silvana Mangano,silvanamangano,Celeb
Silvana_Pampanini,Silvana Pampanini,silvanapampanini,Celeb
Silvia_Colloca,Silvia Colloca,silviacolloca,Celeb
Silvia_Dimitrova,Silvia Dimitrova,silviadimitrova,Celeb
Silvia_Navarro,Silvia Navarro,silvianavarro,Celeb
Silvia_Ranguelova,Silvia Ranguelova,silviaranguelova,Celeb
Silvina_Luna,Silvina Luna,silvinaluna,Celeb
Simge_Tertemiz,Simge Tertemiz,simgetertemiz,Celeb
Simmone_Mackinnon,Simmone Mackinnon,simmonemackinnon,Celeb
Simon_Callow,Simon Callow,simoncallow,Celeb
Simon_Delestre,Simon Delestre,simondelestre,Celeb
Simon_Le_Bon,Simon Le Bon,simonlebon,Celeb
Simon_Niepmann,Simon Niepmann,simonniepmann,Celeb
Simon_Russell_Beale,Simon Russell Beale,simonrussellbeale,Celeb
Simon_Woods,Simon Woods,simonwoods,Celeb
Simona_Patruleasa,Simona Patruleasa,simonapatruleasa,Celeb
Simona_Starkute,Simona Starkute,simonastarkute,Celeb
Simona_Ventura,Simona Ventura,simonaventura,Celeb
Simone_Abdelnour,Simone Abdelnour,simoneabdelnour,Celeb
Simone_Ballack,Simone Ballack,simoneballack,Celeb
Simone_Eden,Simone Eden,simoneeden,Celeb
Simone_Signoret,Simone Signoret,simonesignoret,Celeb
Simone_Simon,Simone Simon,simonesimon,Celeb
Simone_Simons,Simone Simons,simonesimons,Celeb
Sinem_Kobal,Sinem Kobal,sinemkobal,Celeb
Siobhan_Donaghy,Siobhan Donaghy,siobhandonaghy,Celeb
Siouxsie_Sioux,Siouxsie Sioux,siouxsiesioux,Celeb
Siri_Baruc,Siri Baruc,siribaruc,Celeb
Siri_Tollerod,Siri Tollerod,siritollerod,Celeb
Sissi_Hristidou,Sissi Hristidou,sissihristidou,Celeb
Sissy_Spacek,Sissy Spacek,sissyspacek,Celeb
Skandar_Keynes,Skandar Keynes,skandarkeynes,Celeb
Skillz,Skillz,skillz,Celeb
Skrillex,Skrillex,skrillex,Celeb
Sky_Ferreira,Sky Ferreira,skyferreira,Celeb
Skye_Sweetnam,Skye Sweetnam,skyesweetnam,Celeb
Slaven_Bilic,Slaven Bilic,slavenbilic,Celeb
Smaragda_Karydi,Smaragda Karydi,smaragdakarydi,Celeb
Snejana_Onopka,Snejana Onopka,snejanaonopka,Celeb
Sofa_a_Vergara,Sofa a Vergara,sofaavergara,Celeb
Sofia_Morelius,Sofia Morelius,sofiamorelius,Celeb
Sofia_Toufa,Sofia Toufa,sofiatoufa,Celeb
Sofia_Vassilieva,Sofia Vassilieva,sofiavassilieva,Celeb
Sofia_Vergara,Sofia Vergara,sofiavergara,Celeb
Sofia_Zamolo,Sofia Zamolo,sofiazamolo,Celeb
Sofiane_Milous,Sofiane Milous,sofianemilous,Celeb
Sofya_Skya,Sofya Skya,sofyaskya,Celeb
Soha_Ali_Khan,Soha Ali Khan,sohaalikhan,Celeb
Solange_Knowles,Solange Knowles,solangeknowles,Celeb
Soledad_Fandino,Soledad Fandino,soledadfandino,Celeb
Soledad_Miranda,Soledad Miranda,soledadmiranda,Celeb
Solenn_Heussaff,Solenn Heussaff,solennheussaff,Celeb
Somaya_Reece,Somaya Reece,somayareece,Celeb
Son_Tae-Young,Son Tae-Young,sontaeyoung,Celeb
Sona_Matufkova,Sona Matufkova,sonamatufkova,Celeb
Sonakshi_Sinha,Sonakshi Sinha,sonakshisinha,Celeb
Sonal_Chauhan,Sonal Chauhan,sonalchauhan,Celeb
Sonali_Bendre,Sonali Bendre,sonalibendre,Celeb
Sonam_Kapoor,Sonam Kapoor,sonamkapoor,Celeb
Sonarika_Bhadoria,Sonarika Bhadoria,sonarikabhadoria,Celeb
Songul_oden,Songul oden,songuloden,Celeb
Soni_Malaj,Soni Malaj,sonimalaj,Celeb
Sonia_Araujo,Sonia Araujo,soniaaraujo,Celeb
Sonia_Couling,Sonia Couling,soniacouling,Celeb
Sonia_Dara,Sonia Dara,soniadara,Celeb
Sonique,Sonique,sonique,Celeb
Sonu_Nigam,Sonu Nigam,sonunigam,Celeb
Sonya_Kraus,Sonya Kraus,sonyakraus,Celeb
Sonya_Krause,Sonya Krause,sonyakrause,Celeb
Sonya_Smith,Sonya Smith,sonyasmith,Celeb
Soo-Jin_Park,Soo-Jin Park,soojinpark,Celeb
Soo_Kyung_Lee,Soo Kyung Lee,sookyunglee,Celeb
Sophia_Abraao,Sophia Abraao,sophiaabraao,Celeb
Sophia_Bush,Sophia Bush,sophiabush,Celeb
Sophia_Thomalla,Sophia Thomalla,sophiathomalla,Celeb
Soraia_Chaves,Soraia Chaves,soraiachaves,Celeb
Soulja_Boy,Soulja Boy,souljaboy,Celeb
Spencer_Breslin,Spencer Breslin,spencerbreslin,Celeb
Spencer_Grammer,Spencer Grammer,spencergrammer,Celeb
Spencer_Pratt,Spencer Pratt,spencerpratt,Celeb
Spencer_Tracy,Spencer Tracy,spencertracy,Celeb
Sridevi,Sridevi,sridevi,Celeb
Stacey_Dash,Stacey Dash,staceydash,Celeb
Stacie_Orrico,Stacie Orrico,stacieorrico,Celeb
Stacy_Ferguson,Stacy Ferguson,stacyferguson,Celeb
Stacy_Keach,Stacy Keach,stacykeach,Celeb
Stacy_Keibler,Stacy Keibler,stacykeibler,Celeb
Stan_Laurel,Stan Laurel,stanlaurel,Celeb
Stana_Katic,Stana Katic,stanakatic,Celeb
Stanley_Kroenke,Stanley Kroenke,stanleykroenke,Celeb
Stanley_Tucci,Stanley Tucci,stanleytucci,Celeb
Stany_Delayre,Stany Delayre,stanydelayre,Celeb
Stavros_Niarchos,Stavros Niarchos,stavrosniarchos,Celeb
Stedman_Graham,Stedman Graham,stedmangraham,Celeb
Stefan_Quandt,Stefan Quandt,stefanquandt,Celeb
Stefanie_Powers,Stefanie Powers,stefaniepowers,Celeb
Stefano_Casiraghi,Stefano Casiraghi,stefanocasiraghi,Celeb
Stefano_Langone,Stefano Langone,stefanolangone,Celeb
Steffen_Groth,Steffen Groth,steffengroth,Celeb
Steffiana_De_La_Cruz,Steffiana De La Cruz,steffianadelacruz,Celeb
Stella_Hudgens,Stella Hudgens,stellahudgens,Celeb
Stella_Schnabel,Stella Schnabel,stellaschnabel,Celeb
Stella_Stevens,Stella Stevens,stellastevens,Celeb
Stephane_Sirkis,Stephane Sirkis,stephanesirkis,Celeb
Stephanie_Cayo,Stephanie Cayo,stephaniecayo,Celeb
Stephanie_Jacobsen,Stephanie Jacobsen,stephaniejacobsen,Celeb
Stephanie_March,Stephanie March,stephaniemarch,Celeb
Stephanie_McMichael,Stephanie McMichael,stephaniemcmichael,Celeb
Stephanie_Niznik,Stephanie Niznik,stephanieniznik,Celeb
Stephanie_Rice,Stephanie Rice,stephanierice,Celeb
Stephanie_Seymour,Stephanie Seymour,stephanieseymour,Celeb
Stephanie_Shaffer,Stephanie Shaffer,stephanieshaffer,Celeb
Stephen_Bisciotti,Stephen Bisciotti,stephenbisciotti,Celeb
Stephen_Chow,Stephen Chow,stephenchow,Celeb
Stephen_Dorff,Stephen Dorff,stephendorff,Celeb
Stephen_Hawking,Stephen Hawking,stephenhawking,Celeb
Stephen_King,Stephen King,stephenking,Celeb
Stephen_Lang,Stephen Lang,stephenlang,Celeb
Stephen_Moyer,Stephen Moyer,stephenmoyer,Celeb
Stephen_Rea,Stephen Rea,stephenrea,Celeb
Stephen_Root,Stephen Root,stephenroot,Celeb
Stephen_Schwarzman,Stephen Schwarzman,stephenschwarzman,Celeb
Stephen_Sondheim,Stephen Sondheim,stephensondheim,Celeb
Stephen_Tobolowsky,Stephen Tobolowsky,stephentobolowsky,Celeb
Sterling_Knight,Sterling Knight,sterlingknight,Celeb
Steve_Burton,Steve Burton,steveburton,Celeb
Steve_Buscemi,Steve Buscemi,stevebuscemi,Celeb
Steve_Carell,Steve Carell,stevecarell,Celeb
Steve_Cohen,Steve Cohen,stevecohen,Celeb
Steve_Jobs,Steve Jobs,stevejobs,Celeb
Steve_Perry,Steve Perry,steveperry,Celeb
Steve_Smith,Steve Smith,stevesmith,Celeb
Steve_Vai,Steve Vai,stevevai,Celeb
Steve_Wynn,Steve Wynn,stevewynn,Celeb
Steven_Adler,Steven Adler,stevenadler,Celeb
Steven_Bauer,Steven Bauer,stevenbauer,Celeb
Steven_Chu,Steven Chu,stevenchu,Celeb
Steven_Gerrard,Steven Gerrard,stevengerrard,Celeb
Steven_Soderbergh,Steven Soderbergh,stevensoderbergh,Celeb
Steven_Strait,Steven Strait,stevenstrait,Celeb
Steven_Wilson,Steven Wilson,stevenwilson,Celeb
Stewart_Cink,Stewart Cink,stewartcink,Celeb
Stosur_Samantha,Stosur Samantha,stosursamantha,Celeb
Stoya,Stoya,stoya,Celeb
Stuart_Mcnay,Stuart Mcnay,stuartmcnay,Celeb
Su-Ae,Su-Ae,suae,Celeb
Subbulakshmi,Subbulakshmi,subbulakshmi,Celeb
Sudeep_Sahir,Sudeep Sahir,sudeepsahir,Celeb
Sue_Carol,Sue Carol,suecarol,Celeb
Sue_Lyon,Sue Lyon,suelyon,Celeb
Suelyn_Medeiros,Suelyn Medeiros,suelynmedeiros,Celeb
Sugey_Abrego,Sugey Abrego,sugeyabrego,Celeb
Suleiman_Kerimov,Suleiman Kerimov,suleimankerimov,Celeb
Suleka_Mathew,Suleka Mathew,sulekamathew,Celeb
Sully_Erna,Sully Erna,sullyerna,Celeb
Sumanth,Sumanth,sumanth,Celeb
Summer_Altice,Summer Altice,summeraltice,Celeb
Sumner_Redstone,Sumner Redstone,sumnerredstone,Celeb
Sun_Li,Sun Li,sunli,Celeb
Sung_Kang,Sung Kang,sungkang,Celeb
Sunil_Mittal,Sunil Mittal,sunilmittal,Celeb
Sunil_Shetty,Sunil Shetty,sunilshetty,Celeb
Sunny_Deol,Sunny Deol,sunnydeol,Celeb
Suri_Cruise,Suri Cruise,suricruise,Celeb
Susan_Cabot,Susan Cabot,susancabot,Celeb
Susan_Clark,Susan Clark,susanclark,Celeb
Susan_Dey,Susan Dey,susandey,Celeb
Susan_Downey,Susan Downey,susandowney,Celeb
Susan_Eldridge,Susan Eldridge,susaneldridge,Celeb
Susan_Flannery,Susan Flannery,susanflannery,Celeb
Susan_George,Susan George,susangeorge,Celeb
Susan_Hoecke,Susan Hoecke,susanhoecke,Celeb
Susan_Holmes-McKagan,Susan Holmes-McKagan,susanholmesmckagan,Celeb
Susan_Oliver,Susan Oliver,susanoliver,Celeb
Susan_Peters,Susan Peters,susanpeters,Celeb
Susan_Saint_James,Susan Saint James,susansaintjames,Celeb
Susan_Sideropoulos,Susan Sideropoulos,susansideropoulos,Celeb
Susan_Ward,Susan Ward,susanward,Celeb
Susana_Werner,Susana Werner,susanawerner,Celeb
Susanne_Ashley,Susanne Ashley,susanneashley,Celeb
Sushant_Singh_Rajput,Sushant Singh Rajput,sushantsinghrajput,Celeb
Susie_Amy,Susie Amy,susieamy,Celeb
Suzan_Anbeh,Suzan Anbeh,suzananbeh,Celeb
Suzan_Ball,Suzan Ball,suzanball,Celeb
Suzanne_Pleshette,Suzanne Pleshette,suzannepleshette,Celeb
Suzanne_Shaw,Suzanne Shaw,suzanneshaw,Celeb
Suzanne_Vega,Suzanne Vega,suzannevega,Celeb
Suzy_Parker,Suzy Parker,suzyparker,Celeb
Svetlana_Bondarchuk,Svetlana Bondarchuk,svetlanabondarchuk,Celeb
Svetlana_Khodchenkova,Svetlana Khodchenkova,svetlanakhodchenkova,Celeb
Swetha_Menon,Swetha Menon,swethamenon,Celeb
Sybil_Danning,Sybil Danning,sybildanning,Celeb
Sydney_Penny,Sydney Penny,sydneypenny,Celeb
Sylva_Koscina,Sylva Koscina,sylvakoscina,Celeb
Sylvain_Chavanel,Sylvain Chavanel,sylvainchavanel,Celeb
Sylvia_Fowles,Sylvia Fowles,sylviafowles,Celeb
Sylvia_Kristel,Sylvia Kristel,sylviakristel,Celeb
Sylvie_Vartan,Sylvie Vartan,sylvievartan,Celeb
Sylvie_van_der_Vaart,Sylvie van der Vaart,sylvievandervaart,Celeb
Sylwia_Wojciech,Sylwia Wojciech,sylwiawojciech,Celeb
TI,TI,ti,Celeb
TJ_Thyne,TJ Thyne,tjthyne,Celeb
Tabrett_Bethell,Tabrett Bethell,tabrettbethell,Celeb
Tadashi_Yanai,Tadashi Yanai,tadashiyanai,Celeb
Tae_Yun_Kim,Tae Yun Kim,taeyunkim,Celeb
Taecyeon,Taecyeon,taecyeon,Celeb
Tailor_James,Tailor James,tailorjames,Celeb
Takako_Uehara,Takako Uehara,takakouehara,Celeb
Takanobu_Ito,Takanobu Ito,takanobuito,Celeb
Takeshi_Kaneshiro,Takeshi Kaneshiro,takeshikaneshiro,Celeb
Tallulah_Bankhead,Tallulah Bankhead,tallulahbankhead,Celeb
Talulah_Riley,Talulah Riley,talulahriley,Celeb
Tamar_Kaprelian,Tamar Kaprelian,tamarkaprelian,Celeb
Tamara_Beckwith,Tamara Beckwith,tamarabeckwith,Celeb
Tamara_Ecclestone,Tamara Ecclestone,tamaraecclestone,Celeb
Tamara_Feldman,Tamara Feldman,tamarafeldman,Celeb
Tamera_Mowry-Housley,Tamera Mowry-Housley,tameramowryhousley,Celeb
Tami_Roman,Tami Roman,tamiroman,Celeb
Tammin_Sursok,Tammin Sursok,tamminsursok,Celeb
Tammy_Wynette,Tammy Wynette,tammywynette,Celeb
Tamzin_Outhwaite,Tamzin Outhwaite,tamzinouthwaite,Celeb
Tang_Yiu,Tang Yiu,tangyiu,Celeb
Tania_Nolan,Tania Nolan,tanianolan,Celeb
Tania_Vazquez,Tania Vazquez,taniavazquez,Celeb
Tania_Zaetta,Tania Zaetta,taniazaetta,Celeb
Tanit_Phoenix,Tanit Phoenix,tanitphoenix,Celeb
Tanith_Belbin,Tanith Belbin,tanithbelbin,Celeb
Tanja_Dexters,Tanja Dexters,tanjadexters,Celeb
Tantoo_Cardinal,Tantoo Cardinal,tantoocardinal,Celeb
Tanya_Dziahileva,Tanya Dziahileva,tanyadziahileva,Celeb
Tanya_Roberts,Tanya Roberts,tanyaroberts,Celeb
Tanya_Tucker,Tanya Tucker,tanyatucker,Celeb
Tao_Okamoto,Tao Okamoto,taookamoto,Celeb
Tara_Lynn,Tara Lynn,taralynn,Celeb
Tara_Strong,Tara Strong,tarastrong,Celeb
Taraji_P_Henson,Taraji P Henson,tarajiphenson,Celeb
Tarja_Turunen,Tarja Turunen,tarjaturunen,Celeb
Tarkan,Tarkan,tarkan,Celeb
Tasha_Tilberg,Tasha Tilberg,tashatilberg,Celeb
Tatana_Kucharova,Tatana Kucharova,tatanakucharova,Celeb
Tate_Donovan,Tate Donovan,tatedonovan,Celeb
Tatiana_Cotliar,Tatiana Cotliar,tatianacotliar,Celeb
Tatiana_Thumbtzen,Tatiana Thumbtzen,tatianathumbtzen,Celeb
Tatishvili_Anna,Tatishvili Anna,tatishvilianna,Celeb
Tatjana_Patitz,Tatjana Patitz,tatjanapatitz,Celeb
Taye_Diggs,Taye Diggs,tayediggs,Celeb
Taylor_Hicks,Taylor Hicks,taylorhicks,Celeb
Taylor_Kinney,Taylor Kinney,taylorkinney,Celeb
Taylor_York,Taylor York,tayloryork,Celeb
Teairra_Mari,Teairra Mari,teairramari,Celeb
Ted_Levine,Ted Levine,tedlevine,Celeb
Ted_McGinley,Ted McGinley,tedmcginley,Celeb
Teddy_Pendergrass,Teddy Pendergrass,teddypendergrass,Celeb
Teddy_Riner,Teddy Riner,teddyriner,Celeb
Teh_Hong_Piow,Teh Hong Piow,tehhongpiow,Celeb
Telly_Savalas,Telly Savalas,tellysavalas,Celeb
Teoman,Teoman,teoman,Celeb
Tera_Patrick,Tera Patrick,terapatrick,Celeb
Terence_Hill,Terence Hill,terencehill,Celeb
Teresa_Lourenco,Teresa Lourenco,teresalourenco,Celeb
Terrence_Howard,Terrence Howard,terrencehoward,Celeb
Terrence_Pegula,Terrence Pegula,terrencepegula,Celeb
Terri_Seymour,Terri Seymour,terriseymour,Celeb
Terry_Coldwell,Terry Coldwell,terrycoldwell,Celeb
Terry_Farrell,Terry Farrell,terryfarrell,Celeb
Terry_OQuinn,Terry OQuinn,terryoquinn,Celeb
Tess_Daly,Tess Daly,tessdaly,Celeb
Thairine_Garcia,Thairine Garcia,thairinegarcia,Celeb
Thaisa_Menezes,Thaisa Menezes,thaisamenezes,Celeb
Thalaivasal_Vijay,Thalaivasal Vijay,thalaivasalvijay,Celeb
Thane_Bettany,Thane Bettany,thanebettany,Celeb
The_Notorious_BIG,The Notorious BIG,thenotoriousbig,Celeb
Theo_Fleury,Theo Fleury,theofleury,Celeb
Theo_Walcott,Theo Walcott,theowalcott,Celeb
Thierry_Figueira,Thierry Figueira,thierryfigueira,Celeb
Thierry_Henry,Thierry Henry,thierryhenry,Celeb
Thomas_Anders,Thomas Anders,thomasanders,Celeb
Thomas_Gibson,Thomas Gibson,thomasgibson,Celeb
Thomas_Haden_Church,Thomas Haden Church,thomashadenchurch,Celeb
Thomas_Kretschmann,Thomas Kretschmann,thomaskretschmann,Celeb
Thomas_Raymond_Kwok,Thomas Raymond Kwok,thomasraymondkwok,Celeb
Thomaz_Bellucci,Thomaz Bellucci,thomazbellucci,Celeb
Thompkins_Trey,Thompkins Trey,thompkinstrey,Celeb
Thore_Scholermann,Thore Scholermann,thorescholermann,Celeb
Tia_Mowry-Hardrict,Tia Mowry-Hardrict,tiamowryhardrict,Celeb
Tiago_Camilo,Tiago Camilo,tiagocamilo,Celeb
Tichina_Arnold,Tichina Arnold,tichinaarnold,Celeb
Ticiane_Pinheiro,Ticiane Pinheiro,ticianepinheiro,Celeb
Tico_Torres,Tico Torres,ticotorres,Celeb
Tiesto,Tiesto,tiesto,Celeb
Tiffani_Amber_Thiessen,Tiffani Amber Thiessen,tiffaniamberthiessen,Celeb
Tiffany_Dupont,Tiffany Dupont,tiffanydupont,Celeb
Tiffany_Mulheron,Tiffany Mulheron,tiffanymulheron,Celeb
Tiiu_Kuik,Tiiu Kuik,tiiukuik,Celeb
Til_Schweiger,Til Schweiger,tilschweiger,Celeb
Till_Lindemann,Till Lindemann,tilllindemann,Celeb
Tilman_Fertitta,Tilman Fertitta,tilmanfertitta,Celeb
Tim_Baillie,Tim Baillie,timbaillie,Celeb
Tim_Gunn,Tim Gunn,timgunn,Celeb
Tim_Lincecum,Tim Lincecum,timlincecum,Celeb
Tim_Loden,Tim Loden,timloden,Celeb
Tim_McGraw,Tim McGraw,timmcgraw,Celeb
Tim_Mosley,Tim Mosley,timmosley,Celeb
Tim_Roth,Tim Roth,timroth,Celeb
Tim_Rozon,Tim Rozon,timrozon,Celeb
Tim_Tebow,Tim Tebow,timtebow,Celeb
Timati,Timati,timati,Celeb
Timbaland,Timbaland,timbaland,Celeb
Timothy_Dalton,Timothy Dalton,timothydalton,Celeb
Timothy_Hutton,Timothy Hutton,timothyhutton,Celeb
Tina_Arena,Tina Arena,tinaarena,Celeb
Tina_Charles,Tina Charles,tinacharles,Celeb
Tina_Louise,Tina Louise,tinalouise,Celeb
Tina_Majorino,Tina Majorino,tinamajorino,Celeb
Tina_OBrien,Tina OBrien,tinaobrien,Celeb
Tinsley_Mortimer,Tinsley Mortimer,tinsleymortimer,Celeb
Tiziano_Ferro,Tiziano Ferro,tizianoferro,Celeb
Tiziano_Magni,Tiziano Magni,tizianomagni,Celeb
Tobey_Maguire,Tobey Maguire,tobeymaguire,Celeb
Tobias_Schadewaldt,Tobias Schadewaldt,tobiasschadewaldt,Celeb
Tobin_Esperance,Tobin Esperance,tobinesperance,Celeb
Toby_Hemingway,Toby Hemingway,tobyhemingway,Celeb
Tolgahan_Sayisman,Tolgahan Sayisman,tolgahansayisman,Celeb
Tom_Bergeron,Tom Bergeron,tombergeron,Celeb
Tom_Bosley,Tom Bosley,tombosley,Celeb
Tom_Colicchio,Tom Colicchio,tomcolicchio,Celeb
Tom_Daley,Tom Daley,tomdaley,Celeb
Tom_Felton,Tom Felton,tomfelton,Celeb
Tom_Gores,Tom Gores,tomgores,Celeb
Tom_Hollander,Tom Hollander,tomhollander,Celeb
Tom_Kaulitz,Tom Kaulitz,tomkaulitz,Celeb
Tom_Petty,Tom Petty,tompetty,Celeb
Tom_Selleck,Tom Selleck,tomselleck,Celeb
Tom_Sturridge,Tom Sturridge,tomsturridge,Celeb
Tom_Welling,Tom Welling,tomwelling,Celeb
Tommy_Dorsey,Tommy Dorsey,tommydorsey,Celeb
Tommy_Lee_Jones,Tommy Lee Jones,tommyleejones,Celeb
Tommy_Mottola,Tommy Mottola,tommymottola,Celeb
Tomo_Milicevic,Tomo Milicevic,tomomilicevic,Celeb
Tomohisa_Yamashita,Tomohisa Yamashita,tomohisayamashita,Celeb
Toni_Collette,Toni Collette,tonicollette,Celeb
Toni_Garrn,Toni Garrn,tonigarrn,Celeb
Tonia_Sotiropoulou,Tonia Sotiropoulou,toniasotiropoulou,Celeb
Tony_Azevedo,Tony Azevedo,tonyazevedo,Celeb
Tony_Danza,Tony Danza,tonydanza,Celeb
Tony_Estanguet,Tony Estanguet,tonyestanguet,Celeb
Tony_Hawk,Tony Hawk,tonyhawk,Celeb
Tony_Jaa,Tony Jaa,tonyjaa,Celeb
Tony_Slattery,Tony Slattery,tonyslattery,Celeb
Topher_Grace,Topher Grace,tophergrace,Celeb
Tori_Spelling,Tori Spelling,torispelling,Celeb
Torrey_DeVitto,Torrey DeVitto,torreydevitto,Celeb
Torrie_Wilson,Torrie Wilson,torriewilson,Celeb
Trace_Adkins,Trace Adkins,traceadkins,Celeb
Traci_Bingham,Traci Bingham,tracibingham,Celeb
Tracy_Morgan,Tracy Morgan,tracymorgan,Celeb
Travie_McCoy,Travie McCoy,traviemccoy,Celeb
Travis_Barker,Travis Barker,travisbarker,Celeb
Travis_Fimmel,Travis Fimmel,travisfimmel,Celeb
Travis_Stevens,Travis Stevens,travisstevens,Celeb
Treat_Williams,Treat Williams,treatwilliams,Celeb
Trent_Reznor,Trent Reznor,trentreznor,Celeb
Trevor_Donovan,Trevor Donovan,trevordonovan,Celeb
Trevor_Jackson,Trevor Jackson,trevorjackson,Celeb
Trey_Anastasio,Trey Anastasio,treyanastasio,Celeb
Trey_Songz,Trey Songz,treysongz,Celeb
Tricia_Helfer,Tricia Helfer,triciahelfer,Celeb
Trish_Goff,Trish Goff,trishgoff,Celeb
Trish_Stratus,Trish Stratus,trishstratus,Celeb
Trisha_Yearwood,Trisha Yearwood,trishayearwood,Celeb
Trishelle_Cannatella,Trishelle Cannatella,trishellecannatella,Celeb
Tristan_Wilds,Tristan Wilds,tristanwilds,Celeb
Troicki_Viktor,Troicki Viktor,troickiviktor,Celeb
Troy_Beyer,Troy Beyer,troybeyer,Celeb
Troy_Donahue,Troy Donahue,troydonahue,Celeb
Tsurenko_Lesia,Tsurenko Lesia,tsurenkolesia,Celeb
Tuba_unsal,Tuba unsal,tubaunsal,Celeb
Tugce_Kazaz,Tugce Kazaz,tugcekazaz,Celeb
Tupac_Shakur,Tupac Shakur,tupacshakur,Celeb
Turner_Evan,Turner Evan,turnerevan,Celeb
Tuva_Novotny,Tuva Novotny,tuvanovotny,Celeb
Twinkle_Khanna,Twinkle Khanna,twinklekhanna,Celeb
Ty_Burrell,Ty Burrell,tyburrell,Celeb
Ty_Olsson,Ty Olsson,tyolsson,Celeb
Ty_Pennington,Ty Pennington,typennington,Celeb
Tyler_Christopher,Tyler Christopher,tylerchristopher,Celeb
Tyler_Hilton,Tyler Hilton,tylerhilton,Celeb
Tyler_Jeremy,Tyler Jeremy,tylerjeremy,Celeb
Tyler_Perry,Tyler Perry,tylerperry,Celeb
Tyler_Posey,Tyler Posey,tylerposey,Celeb
Tyler_Small,Tyler Small,tylersmall,Celeb
Tyne_Daly,Tyne Daly,tynedaly,Celeb
Tyson_Gay,Tyson Gay,tysongay,Celeb
Uday_Kotak,Uday Kotak,udaykotak,Celeb
Uffie,Uffie,uffie,Celeb
Una_Merkel,Una Merkel,unamerkel,Celeb
Unni_Mukundan,Unni Mukundan,unnimukundan,Celeb
Ursula_Andress,Ursula Andress,ursulaandress,Celeb
Ursula_Burns,Ursula Burns,ursulaburns,Celeb
Ursula_Mayes,Ursula Mayes,ursulamayes,Celeb
Uschi_Obermaier,Uschi Obermaier,uschiobermaier,Celeb
Usher,Usher,usher,Celeb
Vahide_Gordum,Vahide Gordum,vahidegordum,Celeb
Vahina_Giocante,Vahina Giocante,vahinagiocante,Celeb
Vail_Bloom,Vail Bloom,vailbloom,Celeb
Valary_Sanders,Valary Sanders,valarysanders,Celeb
Valentina_Liguori,Valentina Liguori,valentinaliguori,Celeb
Valentina_Telichkina,Valentina Telichkina,valentinatelichkina,Celeb
Valentina_Zeliaeva,Valentina Zeliaeva,valentinazeliaeva,Celeb
Valentino_Garavani,Valentino Garavani,valentinogaravani,Celeb
Valeria_Mazza,Valeria Mazza,valeriamazza,Celeb
Valeria_Solarino,Valeria Solarino,valeriasolarino,Celeb
Valerie_Bertinelli,Valerie Bertinelli,valeriebertinelli,Celeb
Valerija_Kelava,Valerija Kelava,valerijakelava,Celeb
Van_Hansis,Van Hansis,vanhansis,Celeb
Van_Heflin,Van Heflin,vanheflin,Celeb
Van_Johnson,Van Johnson,vanjohnson,Celeb
Vandeweghe_Coco,Vandeweghe Coco,vandeweghecoco,Celeb
Vanesa_Gonzalez,Vanesa Gonzalez,vanesagonzalez,Celeb
Vanessa_Axente,Vanessa Axente,vanessaaxente,Celeb
Vanessa_Blouin,Vanessa Blouin,vanessablouin,Celeb
Vanessa_Carlton,Vanessa Carlton,vanessacarlton,Celeb
Vanessa_Claudio,Vanessa Claudio,vanessaclaudio,Celeb
Vanessa_Cruz,Vanessa Cruz,vanessacruz,Celeb
Vanessa_Fonseca,Vanessa Fonseca,vanessafonseca,Celeb
Vanessa_Hegelmaier,Vanessa Hegelmaier,vanessahegelmaier,Celeb
Vanessa_Hessler,Vanessa Hessler,vanessahessler,Celeb
Vanessa_Lachey,Vanessa Lachey,vanessalachey,Celeb
Vanessa_Mae,Vanessa Mae,vanessamae,Celeb
Vanessa_Paradis,Vanessa Paradis,vanessaparadis,Celeb
Vanessa_Perroncel,Vanessa Perroncel,vanessaperroncel,Celeb
Vanessa_Simmons,Vanessa Simmons,vanessasimmons,Celeb
Vanessa_Villela,Vanessa Villela,vanessavillela,Celeb
Vanessa_White,Vanessa White,vanessawhite,Celeb
Vanessa_Zima,Vanessa Zima,vanessazima,Celeb
Vanity,Vanity,vanity,Celeb
Vanna_Bonta,Vanna Bonta,vannabonta,Celeb
Vanna_White,Vanna White,vannawhite,Celeb
Varun_Dhawan,Varun Dhawan,varundhawan,Celeb
Vasiliki_Tsirogianni,Vasiliki Tsirogianni,vasilikitsirogianni,Celeb
Vasiliy_Stepanov,Vasiliy Stepanov,vasiliystepanov,Celeb
Vendela_Kirsebom_Thomessen,Vendela Kirsebom Thomessen,vendelakirsebomthomessen,Celeb
Vera-Ellen,Vera-Ellen,veraellen,Celeb
Vera_Zvonareva,Vera Zvonareva,verazvonareva,Celeb
Verdasco_Fernando,Verdasco Fernando,verdascofernando,Celeb
Verena_Wriedt,Verena Wriedt,verenawriedt,Celeb
Vernon_Davis,Vernon Davis,vernondavis,Celeb
Verona_Pooth,Verona Pooth,veronapooth,Celeb
Veronica_Varekova,Veronica Varekova,veronicavarekova,Celeb
Veruschka_von_Lehndorff,Veruschka von Lehndorff,veruschkavonlehndorff,Celeb
Vica_Kerekes,Vica Kerekes,vicakerekes,Celeb
Vicki_Butler-Henderson,Vicki Butler-Henderson,vickibutlerhenderson,Celeb
Vicky_Andren,Vicky Andren,vickyandren,Celeb
Vicky_Kaya,Vicky Kaya,vickykaya,Celeb
Victor_Mature,Victor Mature,victormature,Celeb
Victor_Pinchuk,Victor Pinchuk,victorpinchuk,Celeb
Victor_Webster,Victor Webster,victorwebster,Celeb
Victoria_Crawford,Victoria Crawford,victoriacrawford,Celeb
Victoria_Duffy,Victoria Duffy,victoriaduffy,Celeb
Victoria_Justice,Victoria Justice,victoriajustice,Celeb
Victoria_Moore,Victoria Moore,victoriamoore,Celeb
Victoria_Pratt,Victoria Pratt,victoriapratt,Celeb
Victoria_Principal,Victoria Principal,victoriaprincipal,Celeb
Victoria_Summer,Victoria Summer,victoriasummer,Celeb
Victorias_Secret,Victorias Secret,victoriassecret,Celeb
Vida_Guerra,Vida Guerra,vidaguerra,Celeb
Vidi_Aldiano,Vidi Aldiano,vidialdiano,Celeb
Vienna_Girardi,Vienna Girardi,viennagirardi,Celeb
Viggo_Mortensen,Viggo Mortensen,viggomortensen,Celeb
Vijay_Raaz,Vijay Raaz,vijayraaz,Celeb
Vikki_Blows,Vikki Blows,vikkiblows,Celeb
Vikki_Dougan,Vikki Dougan,vikkidougan,Celeb
Vikram,Vikram,vikram,Celeb
Viktoriya_Sosonkina,Viktoriya Sosonkina,viktoriyasosonkina,Celeb
Vildan_Atasever,Vildan Atasever,vildanatasever,Celeb
Ville_Valo,Ville Valo,villevalo,Celeb
Vilma_Banky,Vilma Banky,vilmabanky,Celeb
Vilma_Santos,Vilma Santos,vilmasantos,Celeb
Vince_Melouney,Vince Melouney,vincemelouney,Celeb
Vince_Neil,Vince Neil,vinceneil,Celeb
Vincent_DOnofrio,Vincent DOnofrio,vincentdonofrio,Celeb
Vincent_Kartheiser,Vincent Kartheiser,vincentkartheiser,Celeb
Vincent_Perez,Vincent Perez,vincentperez,Celeb
Vincent_Price,Vincent Price,vincentprice,Celeb
Vinci_Roberta,Vinci Roberta,vinciroberta,Celeb
Vinessa_Shaw,Vinessa Shaw,vinessashaw,Celeb
Ving_Rhames,Ving Rhames,vingrhames,Celeb
Vinny_Guadagnino,Vinny Guadagnino,vinnyguadagnino,Celeb
Viola_Dana,Viola Dana,violadana,Celeb
Violante_Placido,Violante Placido,violanteplacido,Celeb
Violeta_Urtizberea,Violeta Urtizberea,violetaurtizberea,Celeb
Virginia_Bruce,Virginia Bruce,virginiabruce,Celeb
Virginia_Grey,Virginia Grey,virginiagrey,Celeb
Virginia_Leith,Virginia Leith,virginialeith,Celeb
Virginia_Mayo,Virginia Mayo,virginiamayo,Celeb
Virginia_Williams,Virginia Williams,virginiawilliams,Celeb
Virginie_Efira,Virginie Efira,virginieefira,Celeb
Vishnuvardhan,Vishnuvardhan,vishnuvardhan,Celeb
Vitaly_Petrov,Vitaly Petrov,vitalypetrov,Celeb
Vittoria_Puccini,Vittoria Puccini,vittoriapuccini,Celeb
Viv_Richards,Viv Richards,vivrichards,Celeb
Viva_Bianca,Viva Bianca,vivabianca,Celeb
Vivian_Blaine,Vivian Blaine,vivianblaine,Celeb
Vivian_Campbell,Vivian Campbell,viviancampbell,Celeb
Vivian_Dsena,Vivian Dsena,viviandsena,Celeb
Vivian_Hsu,Vivian Hsu,vivianhsu,Celeb
Vivian_Sibold,Vivian Sibold,viviansibold,Celeb
Vivien_Leigh,Vivien Leigh,vivienleigh,Celeb
Vlada_Roslyakova,Vlada Roslyakova,vladaroslyakova,Celeb
Vladimir_Gostyukhin,Vladimir Gostyukhin,vladimirgostyukhin,Celeb
Vladimir_Vdovichenkov,Vladimir Vdovichenkov,vladimirvdovichenkov,Celeb
Vladislav_Galkin,Vladislav Galkin,vladislavgalkin,Celeb
Voegele_Stefanie,Voegele Stefanie,voegelestefanie,Celeb
Vondie_Curtis_Hall,Vondie Curtis Hall,vondiecurtishall,Celeb
Vybz_Kartel,Vybz Kartel,vybzkartel,Celeb
Wade_Boggs,Wade Boggs,wadeboggs,Celeb
Waka_Inoue,Waka Inoue,wakainoue,Celeb
Wallace_Spearmon,Wallace Spearmon,wallacespearmon,Celeb
Wanda_Hawley,Wanda Hawley,wandahawley,Celeb
Wanda_Hendrix,Wanda Hendrix,wandahendrix,Celeb
Wanda_Sykes,Wanda Sykes,wandasykes,Celeb
Wang_Xiaochu,Wang Xiaochu,wangxiaochu,Celeb
Ward_Marie,Ward Marie,wardmarie,Celeb
Warner_Baxter,Warner Baxter,warnerbaxter,Celeb
Warren_Demartini,Warren Demartini,warrendemartini,Celeb
Warren_Sapp,Warren Sapp,warrensapp,Celeb
Watson_CJ,Watson CJ,watsoncj,Celeb
Waylon_Jennings,Waylon Jennings,waylonjennings,Celeb
Wayne_Knight,Wayne Knight,wayneknight,Celeb
Wayne_Rooney,Wayne Rooney,waynerooney,Celeb
Wei_Jianjun,Wei Jianjun,weijianjun,Celeb
Wei_Tang,Wei Tang,weitang,Celeb
Wen_Liu,Wen Liu,wenliu,Celeb
Wendy_Barrie,Wendy Barrie,wendybarrie,Celeb
Wendy_Dubbeld,Wendy Dubbeld,wendydubbeld,Celeb
Wes_Borland,Wes Borland,wesborland,Celeb
Wes_Ramsey,Wes Ramsey,wesramsey,Celeb
Wes_Williams,Wes Williams,weswilliams,Celeb
Wesley_Jonathan,Wesley Jonathan,wesleyjonathan,Celeb
Whitfield_Crane,Whitfield Crane,whitfieldcrane,Celeb
Whitney_Duncan,Whitney Duncan,whitneyduncan,Celeb
Whitney_Houston,Whitney Houston,whitneyhouston,Celeb
Whitney_Port,Whitney Port,whitneyport,Celeb
Whitney_Thompson,Whitney Thompson,whitneythompson,Celeb
Wil_Francis,Wil Francis,wilfrancis,Celeb
Will_Estes,Will Estes,willestes,Celeb
Will_Farrell,Will Farrell,willfarrell,Celeb
Will_Kopelman,Will Kopelman,willkopelman,Celeb
Will_Poulter,Will Poulter,willpoulter,Celeb
Will_i_Am,Will i Am,william,Celeb
Willa_Ford,Willa Ford,willaford,Celeb
Willem_Dafoe,Willem Dafoe,willemdafoe,Celeb
William_Beckett,William Beckett,williambeckett,Celeb
William_Boyd,William Boyd,williamboyd,Celeb
William_Daniels,William Daniels,williamdaniels,Celeb
William_Fichtner,William Fichtner,williamfichtner,Celeb
William_Forsythe,William Forsythe,williamforsythe,Celeb
William_Fox_Pitt,William Fox Pitt,williamfoxpitt,Celeb
William_Haines,William Haines,williamhaines,Celeb
William_Holden,William Holden,williamholden,Celeb
William_Levy,William Levy,williamlevy,Celeb
William_Mapother,William Mapother,williammapother,Celeb
William_Moseley,William Moseley,williammoseley,Celeb
William_Petersen,William Petersen,williampetersen,Celeb
William_Powell,William Powell,williampowell,Celeb
William_Regal,William Regal,williamregal,Celeb
William_Sadler,William Sadler,williamsadler,Celeb
Willy_Fritsch,Willy Fritsch,willyfritsch,Celeb
Wilma_Elles,Wilma Elles,wilmaelles,Celeb
Wilmer_Valderrama,Wilmer Valderrama,wilmervalderrama,Celeb
Wilson_Bethel,Wilson Bethel,wilsonbethel,Celeb
Winsor_Harmon,Winsor Harmon,winsorharmon,Celeb
Wiwid_Gunawan,Wiwid Gunawan,wiwidgunawan,Celeb
Wiz_Khalifa,Wiz Khalifa,wizkhalifa,Celeb
Wladimir_Klitschko,Wladimir Klitschko,wladimirklitschko,Celeb
Wolfgang_Puck,Wolfgang Puck,wolfgangpuck,Celeb
Wolke_Hegenbarth,Wolke Hegenbarth,wolkehegenbarth,Celeb
Woody_Harrelson,Woody Harrelson,woodyharrelson,Celeb
Wright_Dorell,Wright Dorell,wrightdorell,Celeb
Wu_Yajun,Wu Yajun,wuyajun,Celeb
Wyclef_Jean,Wyclef Jean,wyclefjean,Celeb
Wynne_Gibson,Wynne Gibson,wynnegibson,Celeb
Xabi_Alonso,Xabi Alonso,xabialonso,Celeb
Xavier_Samuel,Xavier Samuel,xaviersamuel,Celeb
Xenia_Deli,Xenia Deli,xeniadeli,Celeb
Xenia_Tchoumitcheva,Xenia Tchoumitcheva,xeniatchoumitcheva,Celeb
Xhesika_Berberi,Xhesika Berberi,xhesikaberberi,Celeb
Xhoana_Xheneti,Xhoana Xheneti,xhoanaxheneti,Celeb
Xi_Jinping,Xi Jinping,xijinping,Celeb
Xian_Lim,Xian Lim,xianlim,Celeb
Ximena_Sarinana,Ximena Sarinana,ximenasarinana,Celeb
Xu_Jinglei,Xu Jinglei,xujinglei,Celeb
Xuxa_Meneghel,Xuxa Meneghel,xuxameneghel,Celeb
Yakhouba_Diawara,Yakhouba Diawara,yakhoubadiawara,Celeb
Yamila_Diaz,Yamila Diaz,yamiladiaz,Celeb
Yana_Gupta,Yana Gupta,yanagupta,Celeb
Yana_Karpova,Yana Karpova,yanakarpova,Celeb
Yang_Mi,Yang Mi,yangmi,Celeb
Yannick_Bisson,Yannick Bisson,yannickbisson,Celeb
Yannick_Lebherz,Yannick Lebherz,yannicklebherz,Celeb
Yannis_Aivazis,Yannis Aivazis,yannisaivazis,Celeb
Yara_Shahidi,Yara Shahidi,yarashahidi,Celeb
Yasmeen_Ghauri,Yasmeen Ghauri,yasmeenghauri,Celeb
Yasmin_Brunet,Yasmin Brunet,yasminbrunet,Celeb
Yaya_DaCosta,Yaya DaCosta,yayadacosta,Celeb
Yekaterina_Vulichenko,Yekaterina Vulichenko,yekaterinavulichenko,Celeb
Yelena_Isinbayeva,Yelena Isinbayeva,yelenaisinbayeva,Celeb
Yesica_Toscanini,Yesica Toscanini,yesicatoscanini,Celeb
Yi_Jianlian,Yi Jianlian,yijianlian,Celeb
Yigit_ozsener,Yigit ozsener,yigitozsener,Celeb
Yingluck_Shinawatra,Yingluck Shinawatra,yingluckshinawatra,Celeb
Ymre_Stiekema,Ymre Stiekema,ymrestiekema,Celeb
Yo_Yo_Ma,Yo Yo Ma,yoyoma,Celeb
Yoanna_House,Yoanna House,yoannahouse,Celeb
Yoko_Maki,Yoko Maki,yokomaki,Celeb
Yoko_Matsugane,Yoko Matsugane,yokomatsugane,Celeb
Yong-hwa_Jung,Yong-hwa Jung,yonghwajung,Celeb
Yoo-jin_Kim,Yoo-jin Kim,yoojinkim,Celeb
Yoo_Gong,Yoo Gong,yoogong,Celeb
Yoona,Yoona,yoona,Celeb
Yoovidhya,Yoovidhya,yoovidhya,Celeb
Yoshihiko_Noda,Yoshihiko Noda,yoshihikonoda,Celeb
Yoshikazu_Tanaka,Yoshikazu Tanaka,yoshikazutanaka,Celeb
Young_Buck,Young Buck,youngbuck,Celeb
Young_Jeezy,Young Jeezy,youngjeezy,Celeb
Younha,Younha,younha,Celeb
Yu_Abiru,Yu Abiru,yuabiru,Celeb
Yu_Na_Kim,Yu Na Kim,yunakim,Celeb
Yui_Aragaki,Yui Aragaki,yuiaragaki,Celeb
Yuki_Terada,Yuki Terada,yukiterada,Celeb
Yukie_Kawamura,Yukie Kawamura,yukiekawamura,Celeb
Yukie_Nakama,Yukie Nakama,yukienakama,Celeb
Yuko_Ogura,Yuko Ogura,yukoogura,Celeb
Yuko_Takeuchi,Yuko Takeuchi,yukotakeuchi,Celeb
Yul_Brynner,Yul Brynner,yulbrynner,Celeb
Yumi_Adachi,Yumi Adachi,yumiadachi,Celeb
Yun_Fat_Chow,Yun Fat Chow,yunfatchow,Celeb
Yunjin_Kim,Yunjin Kim,yunjinkim,Celeb
Yuridia,Yuridia,yuridia,Celeb
Yusuf_Akgun,Yusuf Akgun,yusufakgun,Celeb
Yutte_Stensgaard,Yutte Stensgaard,yuttestensgaard,Celeb
Yves_Montand,Yves Montand,yvesmontand,Celeb
Yvette_Mimieux,Yvette Mimieux,yvettemimieux,Celeb
Yvette_Nelson,Yvette Nelson,yvettenelson,Celeb
Yvette_Vickers,Yvette Vickers,yvettevickers,Celeb
Yvonne_Catterfeld,Yvonne Catterfeld,yvonnecatterfeld,Celeb
Yvonne_Craig,Yvonne Craig,yvonnecraig,Celeb
Yvonne_De_Carlo,Yvonne De Carlo,yvonnedecarlo,Celeb
Yvonne_Romain,Yvonne Romain,yvonneromain,Celeb
Yvonne_Romaine,Yvonne Romaine,yvonneromaine,Celeb
Yvonne_Scio,Yvonne Scio,yvonnescio,Celeb
Yvonne_Strzechowski,Yvonne Strzechowski,yvonnestrzechowski,Celeb
Yvonne_Zima,Yvonne Zima,yvonnezima,Celeb
Zach_Galifianakis,Zach Galifianakis,zachgalifianakis,Celeb
Zach_Gilford,Zach Gilford,zachgilford,Celeb
Zach_Roerig,Zach Roerig,zachroerig,Celeb
Zachary_Quinto,Zachary Quinto,zacharyquinto,Celeb
Zack_Ward,Zack Ward,zackward,Celeb
Zack_de_la_Rocha,Zack de la Rocha,zackdelarocha,Celeb
Zaira_Nara,Zaira Nara,zairanara,Celeb
Zakopalova_Klara,Zakopalova Klara,zakopalovaklara,Celeb
Zana_Krasniqi,Zana Krasniqi,zanakrasniqi,Celeb
Zanfina_Ismajli,Zanfina Ismajli,zanfinaismajli,Celeb
Zara_Phillips,Zara Phillips,zaraphillips,Celeb
Zarine_Khan,Zarine Khan,zarinekhan,Celeb
Zayed_Khan,Zayed Khan,zayedkhan,Celeb
Zelda_Rubinstein,Zelda Rubinstein,zeldarubinstein,Celeb
Zeta_Douka,Zeta Douka,zetadouka,Celeb
Zeta_Makrypoulia,Zeta Makrypoulia,zetamakrypoulia,Celeb
Zhang_Liangying,Zhang Liangying,zhangliangying,Celeb
Zhanna_Friske,Zhanna Friske,zhannafriske,Celeb
Zhao_Benshan,Zhao Benshan,zhaobenshan,Celeb
Zhou_Xun,Zhou Xun,zhouxun,Celeb
Zita_Galgociova,Zita Galgociova,zitagalgociova,Celeb
Zlatan_Ibrahimovic,Zlatan Ibrahimovic,zlatanibrahimovic,Celeb
Zoe_Aggeliki,Zoe Aggeliki,zoeaggeliki,Celeb
Zoe_Duchesne,Zoe Duchesne,zoeduchesne,Celeb
Zoe_Kazan,Zoe Kazan,zoekazan,Celeb
Zoe_Kravitz,Zoe Kravitz,zoekravitz,Celeb
Zoe_Lister,Zoe Lister,zoelister,Celeb
Zoe_Smith,Zoe Smith,zoesmith,Celeb
Zoey_Deutch,Zoey Deutch,zoeydeutch,Celeb
Zooey_Deschanel,Zooey Deschanel,zooeydeschanel,Celeb
Zsa_Zsa_Gabor,Zsa Zsa Gabor,zsazsagabor,Celeb
Zulay_Henao,Zulay Henao,zulayhenao,Celeb
Zuleikha_Robinson,Zuleikha Robinson,zuleikharobinson,Celeb
Zuzanna_Bijoch,Zuzanna Bijoch,zuzannabijoch,Celeb
