ID,Celebrity,Image,Type,Identity,Reliable,SingleFace,Quality,Artifact,Artifact_Explanation,Selected,AnnotationStart,AnnotationEnd
ID000265,Miles-Teller,01.jpg,Real,Yes,Yes,Yes,Yes,,,Yes,2026-08-07T15:11:16,2026-08-07T15:13:48
ID000265,Miles-Teller,01.jpg,Fake,No,,Yes,Yes,Yes,Animation like image,No,2026-08-07T15:13:57,2026-08-07T15:26:50
ID000265,Miles-Teller,02.jpg,Fake,Yes,,Yes,Yes,Yes,actor originally has a butt chin and this image has a different chin shape,Yes,2026-08-07T15:26:50,2026-08-07T15:30:08
ID000265,Miles-Teller,03.jpg,Fake,No,,Yes,Yes,Yes,clearly animated,No,2026-08-07T15:30:08,2026-08-07T15:30:28
ID000265,Miles-Teller,04.png,Fake,No,,Yes,No,No,,No,2026-08-07T15:30:28,2026-08-07T15:30:46
ID000265,Miles-Teller,05.jpg,Fake,Yes,,Yes,Yes,Yes,marvel comic animations,No,2026-08-07T15:30:46,2026-08-07T15:31:13
ID000091,Dustin-Hoffman,01.jpg,Real,Yes,Yes,Yes,Yes,,,Yes,2026-08-07T15:33:10,2026-08-07T15:33:12
ID000091,Dustin-Hoffman,01.jpg,Fake,No,,Yes,Yes,Yes,painting like image,No,2026-08-07T15:33:14,2026-08-07T15:33:36
ID000091,Dustin-Hoffman,02.jpg,Fake,No,,Yes,Yes,Yes,,No,2026-08-07T15:33:36,2026-08-07T15:33:49
ID000235,Mahatma-Gandhi,01.jpg,Real,Yes,Yes,Yes,Yes,,,Yes,2026-08-07T15:33:54,2026-08-07T15:34:41
ID000235,Mahatma-Gandhi,02.jpg,Real,Yes,Yes,Yes,Yes,,,Yes,2026-08-07T15:34:41,2026-08-07T15:34:58
ID000235,Mahatma-Gandhi,03.jpg,Real,Yes,Yes,Yes,Yes,,,No,2026-08-07T15:34:58,2026-08-07T15:35:16
ID000235,Mahatma-Gandhi,01.jpg,Fake,Yes,,Yes,Yes,Yes,,Yes,2026-08-07T15:35:23,2026-08-07T15:35:41
ID000235,Mahatma-Gandhi,02.png,Fake,No,,Yes,Yes,Yes,,No,2026-08-07T15:35:42,2026-08-07T15:36:26
ID000006,Agatha-moreira,01.jpg,Real,Yes,Yes,Yes,Yes,,,No,2026-08-07T15:36:34,2026-08-07T15:37:35
ID000006,Agatha-moreira,02.jpg,Real,Yes,Yes,Yes,Yes,,,Yes,2026-08-07T15:37:35,2026-08-07T15:37:41
ID000006,Agatha-moreira,03.jpg,Real,Yes,Yes,Yes,Yes,,,Yes,2026-08-07T15:37:41,2026-08-07T15:38:13
ID000006,Agatha-moreira,01.jpg,Fake,No,,Yes,Yes,No,,No,2026-08-07T15:38:19,2026-08-07T15:38:56
ID000006,Agatha-moreira,02.jpg,Fake,No,,Yes,Yes,No,,No,2026-08-07T15:38:56,2026-08-07T15:39:14
ID000006,Agatha-moreira,03.png,Fake,Yes,,Yes,Yes,No,,Yes,2026-08-07T15:39:14,2026-08-07T15:39:40
ID000354,Timothée-Chalamet,01.jpg,Real,Yes,Yes,Yes,Yes,,,Yes,2026-08-07T15:39:42,2026-08-07T15:39:50
ID000354,Timothée-Chalamet,02.jpg,Real,Yes,Yes,Yes,Yes,,,Yes,2026-08-07T15:39:51,2026-08-07T15:39:56
ID000354,Timothée-Chalamet,03.jpg,Real,Yes,Yes,Yes,Yes,,,Yes,2026-08-07T15:39:56,2026-08-07T15:40:10
ID000354,Timothée-Chalamet,01.jpg,Fake,Yes,,Yes,Yes,Yes,,No,2026-08-07T15:40:12,2026-08-07T15:40:20
ID000354,Timothée-Chalamet,02.jpg,Fake,Yes,,Yes,No,Yes,,No,2026-08-07T15:40:20,2026-08-07T15:40:29
ID000354,Timothée-Chalamet,03.jpg,Fake,No,,Yes,Yes,Yes,,No,2026-08-07T15:40:29,2026-08-07T15:40:36
ID000354,Timothée-Chalamet,04.jpg,Fake,Yes,,Yes,Yes,Yes,,No,2026-08-07T15:40:36,2026-08-07T15:40:46
ID000354,Timothée-Chalamet,05.png,Fake,Yes,,Yes,Yes,No,,Yes,2026-08-07T15:40:46,2026-08-07T15:40:56
ID000086,Derrick-Henry,01.png,Real,Yes,Yes,Yes,Yes,,,Yes,2026-08-07T15:41:01,2026-08-07T15:43:25
ID000086,Derrick-Henry,01.jpg,Fake,Yes,,Yes,Yes,No,,Yes,2026-08-07T15:43:27,2026-08-07T15:44:03
ID000086,Derrick-Henry,02.jpg,Fake,No,,Yes,Yes,Yes,,No,2026-08-07T15:44:03,2026-08-07T15:44:12
ID000089,Diane-Lane,01.jpg,Real,Yes,Yes,Yes,Yes,,,Yes,2026-08-07T15:44:14,2026-08-07T15:45:09
ID000089,Diane-Lane,01.jpg,Fake,No,,Yes,Yes,No,,No,2026-08-07T15:45:10,2026-08-07T15:46:16
ID000089,Diane-Lane,02.jpg,Fake,Yes,,Yes,Yes,No,,Yes,2026-08-07T15:46:16,2026-08-07T15:46:28
ID000089,Diane-Lane,03.jpg,Fake,Yes,,Yes,Yes,Yes,,No,2026-08-07T15:46:28,2026-08-07T15:46:37
ID000089,Diane-Lane,04.jpg,Fake,Yes,,Yes,Yes,No,,Yes,2026-08-07T15:46:37,2026-08-07T15:47:18
ID000088,Diane-Kruger,01.jpg,Real,Yes,Yes,Yes,Yes,,,Yes,2026-08-07T15:47:45,2026-08-07T15:51:14
ID000088,Diane-Kruger,02.jpg,Real,Yes,Yes,Yes,Yes,,,Yes,2026-08-07T15:51:14,2026-08-07T15:51:25
ID000088,Diane-Kruger,01.jpg,Fake,Yes,,Yes,Yes,Yes,,No,2026-08-07T15:51:27,2026-08-07T15:51:37
ID000088,Diane-Kruger,02.jpg,Fake,Yes,,Yes,Yes,Yes,water looks unnaturaly filled in the tub to the top,Yes,2026-08-07T15:51:37,2026-08-07T15:52:17
ID000088,Diane-Kruger,03.jpg,Fake,Yes,,Yes,No,Yes,,No,2026-08-07T15:52:17,2026-08-07T15:53:25
ID000088,Diane-Kruger,04.jpg,Fake,Yes,,Yes,Yes,No,,Yes,2026-08-07T15:53:25,2026-08-07T15:54:32
ID000088,Diane-Kruger,05.jpg,Fake,No,,Yes,Yes,No,,No,2026-08-07T15:54:32,2026-08-07T15:54:42
ID000088,Diane-Kruger,06.jpg,Fake,No,,Yes,Yes,Yes,background is AI,No,2026-08-07T15:54:42,2026-08-07T15:54:58
ID000088,Diane-Kruger,07.png,Fake,No,,Yes,Yes,Yes,,No,2026-08-07T15:54:58,2026-08-07T15:55:05
ID000088,Diane-Kruger,08.png,Fake,Yes,,Yes,Yes,No,,Yes,2026-08-07T15:55:05,2026-08-07T15:55:12
ID000159,Jake-Gyllenhaal,01.jpg,Real,Yes,Yes,Yes,Yes,,,Yes,2026-08-07T15:55:40,2026-08-07T15:55:49
ID000159,Jake-Gyllenhaal,02.jpg,Real,Yes,Yes,Yes,Yes,,,Yes,2026-08-07T15:55:50,2026-08-07T15:55:54
ID000159,Jake-Gyllenhaal,01.jpg,Fake,No,,Yes,Yes,Yes,,No,2026-08-07T15:55:55,2026-08-07T15:56:04
ID000159,Jake-Gyllenhaal,02.jpg,Fake,No,,Yes,Yes,Yes,,No,2026-08-07T15:56:04,2026-08-07T15:56:18
ID000159,Jake-Gyllenhaal,03.jpg,Fake,No,,Yes,Yes,Yes,,No,2026-08-07T15:56:19,2026-08-07T15:56:31
ID000159,Jake-Gyllenhaal,04.jpg,Fake,No,,Yes,Yes,No,,No,2026-08-07T15:56:31,2026-08-07T15:56:37
ID000093,Dylan-O,01.jpg,Real,Yes,Yes,Yes,Yes,,,Yes,2026-08-07T15:56:39,2026-08-07T15:57:16
ID000093,Dylan-O,01.jpg,Fake,No,,Yes,Yes,Yes,hands are distorted,No,2026-08-07T15:57:17,2026-08-07T15:57:39
ID000093,Dylan-O,02.jpg,Fake,Yes,,Yes,Yes,Yes,eyebrows are not natural looking,Yes,2026-08-07T15:57:40,2026-08-07T15:58:05
ID000093,Dylan-O,03.jpg,Fake,No,,No,No,No,,No,2026-08-07T15:58:05,2026-08-07T15:58:22
ID000094,Dylan-Dreyer,01.jpg,Real,Yes,Yes,Yes,Yes,,,Yes,2026-08-07T15:58:23,2026-08-07T15:59:04
ID000094,Dylan-Dreyer,01.jpg,Fake,Yes,,Yes,Yes,No,,Yes,2026-08-07T15:59:05,2026-08-07T15:59:20
ID000094,Dylan-Dreyer,images (1).jpg,Fake,Yes,,Yes,Yes,No,,No,2026-08-07T15:59:20,2026-08-07T15:59:40
ID000094,Dylan-Dreyer,images.jpg,Fake,Yes,,Yes,Yes,No,,No,2026-08-07T15:59:40,2026-08-07T16:00:20
ID000014,Alia-Butt,01.jpg,Real,Yes,Yes,Yes,Yes,,,Yes,2026-08-07T16:00:31,2026-08-07T16:00:37
ID000014,Alia-Butt,02.jpg,Real,Yes,Yes,Yes,Yes,,,Yes,2026-08-07T16:00:37,2026-08-07T16:00:41
ID000014,Alia-Butt,03.jpg,Real,Yes,Yes,Yes,Yes,,,Yes,2026-08-07T16:00:41,2026-08-07T16:00:46
ID000014,Alia-Butt,01.jpg,Fake,Yes,,Yes,Yes,No,,No,2026-08-07T16:00:47,2026-08-07T16:01:07
ID000014,Alia-Butt,02.jpg,Fake,No,,Yes,Yes,No,,No,2026-08-07T16:01:07,2026-08-07T16:01:15
ID000014,Alia-Butt,03.jpg,Fake,Yes,,Yes,No,No,,No,2026-08-07T16:01:15,2026-08-07T16:01:25
ID000014,Alia-Butt,04.png,Fake,Yes,,Yes,Yes,No,,Yes,2026-08-07T16:01:25,2026-08-07T16:01:31
ID000170,Jennifer-Aniston,01.jpg,Real,Yes,Yes,Yes,Yes,,,Yes,2026-08-07T16:01:34,2026-08-07T16:01:39
ID000170,Jennifer-Aniston,02.jpg,Real,Yes,Yes,Yes,Yes,,,Yes,2026-08-07T16:01:39,2026-08-07T16:01:43
ID000170,Jennifer-Aniston,03.jpg,Real,Yes,Yes,Yes,Yes,,,Yes,2026-08-07T16:01:45,2026-08-07T16:01:48
ID000170,Jennifer-Aniston,01.jpg,Fake,Yes,,Yes,Yes,No,,Yes,2026-08-07T16:01:51,2026-08-07T16:02:32
ID000307,Robert-Englund,01.jpg,Real,Yes,Yes,Yes,Yes,,,Yes,2026-08-07T16:02:34,2026-08-07T16:03:20
ID000307,Robert-Englund,01.jpg,Fake,No,,Yes,Yes,No,,No,2026-08-07T16:03:21,2026-08-07T16:03:31
ID000307,Robert-Englund,02.png,Fake,No,,Yes,Yes,Yes,,No,2026-08-07T16:03:31,2026-08-07T16:03:47
ID000363,Vladimir-Vladimirovich-Putin-i,01.jpg,Real,Yes,Yes,Yes,Yes,,,Yes,2026-08-07T16:03:48,2026-08-07T16:04:10
ID000363,Vladimir-Vladimirovich-Putin-i,02.jpg,Real,Yes,Yes,Yes,Yes,,,Yes,2026-08-07T16:04:10,2026-08-07T16:04:21
ID000363,Vladimir-Vladimirovich-Putin-i,01.jpg,Fake,Yes,,Yes,Yes,Yes,,No,2026-08-07T16:04:22,2026-08-07T16:04:30
ID000363,Vladimir-Vladimirovich-Putin-i,02.jpg,Fake,Yes,,Yes,No,No,,No,2026-08-07T16:04:30,2026-08-07T16:04:53
ID000363,Vladimir-Vladimirovich-Putin-i,03.jpg,Fake,Yes,,Yes,Yes,Yes,,No,2026-08-07T16:04:53,2026-08-07T16:05:02
ID000363,Vladimir-Vladimirovich-Putin-i,04.jpg,Fake,Yes,,Yes,Yes,No,,Yes,2026-08-07T16:05:02,2026-08-07T16:05:10
ID000363,Vladimir-Vladimirovich-Putin-i,05.png,Fake,Yes,,Yes,Yes,No,,Yes,2026-08-07T16:05:10,2026-08-07T16:05:16
ID000363,Vladimir-Vladimirovich-Putin-i,06.png,Fake,Yes,,No,Yes,Yes,distortion in vine glass,No,2026-08-07T16:05:17,2026-08-07T16:05:47
ID000363,Vladimir-Vladimirovich-Putin-i,07.webp,Fake,Yes,,Yes,Yes,No,,Yes,2026-08-07T16:05:47,2026-08-07T16:06:11
ID000114,Florian-Wirtz,01.jpg,Real,Yes,Yes,Yes,Yes,,,Yes,2026-08-07T16:06:19,2026-08-07T16:07:34
ID000114,Florian-Wirtz,1.jpg,Real,Yes,Yes,Yes,Yes,,,Yes,2026-08-07T16:07:34,2026-08-07T16:07:52
ID000114,Florian-Wirtz,01.jpg,Fake,No,,Yes,No,Yes,,No,2026-08-07T16:07:53,2026-08-07T16:08:01
ID000114,Florian-Wirtz,02.jpg,Fake,No,,Yes,Yes,No,,No,2026-08-07T16:08:01,2026-08-07T16:08:14
ID000114,Florian-Wirtz,03.jpg,Fake,No,,Yes,Yes,Yes,shadows,No,2026-08-07T16:08:14,2026-08-07T16:08:33
ID000114,Florian-Wirtz,04.jpg,Fake,No,,Yes,Yes,No,,No,2026-08-07T16:08:33,2026-08-07T16:09:05
ID000114,Florian-Wirtz,05.jpg,Fake,Yes,,Yes,Yes,Yes,,Yes,2026-08-07T16:09:05,2026-08-07T16:09:12
ID000028,Antonio-Banderas,01.jpg,Real,Yes,Yes,Yes,Yes,,,Yes,2026-08-07T16:09:13,2026-08-07T16:09:25
ID000028,Antonio-Banderas,02.jpg,Real,Yes,Yes,Yes,Yes,,,Yes,2026-08-07T16:09:25,2026-08-07T16:09:29
ID000028,Antonio-Banderas,01.jpg,Fake,Yes,,Yes,Yes,Yes,,No,2026-08-07T16:09:30,2026-08-07T16:09:37
ID000028,Antonio-Banderas,02.jpg,Fake,No,,Yes,Yes,Yes,,No,2026-08-07T16:09:37,2026-08-07T16:09:42
ID000028,Antonio-Banderas,03.jpg,Fake,Yes,,Yes,Yes,Yes,hand in bowl is distorted,Yes,2026-08-07T16:09:43,2026-08-07T16:10:04
ID000028,Antonio-Banderas,04.jpg,Fake,No,,Yes,Yes,Yes,cartoon like features,No,2026-08-07T16:10:04,2026-08-07T16:10:22
ID000028,Antonio-Banderas,05.png,Fake,No,,Yes,Yes,No,,No,2026-08-07T16:10:22,2026-08-07T16:10:29
ID000199,Justin-Timberlake,01.jpg,Real,Yes,Yes,Yes,Yes,,,Yes,2026-08-07T16:10:32,2026-08-07T16:10:43
ID000199,Justin-Timberlake,02.png,Real,Yes,Yes,Yes,Yes,,,Yes,2026-08-07T16:10:43,2026-08-07T16:10:51
ID000199,Justin-Timberlake,03.jpg,Real,Yes,Yes,Yes,Yes,,,Yes,2026-08-07T16:10:51,2026-08-07T16:11:20
ID000199,Justin-Timberlake,02.jpg,Fake,Yes,,No,Yes,No,,No,2026-08-07T16:11:21,2026-08-07T16:11:57
ID000199,Justin-Timberlake,03.jpg,Fake,No,,Yes,Yes,Yes,cartoon like features,No,2026-08-07T16:11:57,2026-08-07T16:12:08
ID000324,Sean-Penn,01.jpg,Real,Yes,Yes,Yes,Yes,,,Yes,2026-08-07T16:12:10,2026-08-07T16:12:24
ID000324,Sean-Penn,02.jpg,Real,Yes,Yes,Yes,Yes,,,Yes,2026-08-07T16:12:24,2026-08-07T16:12:29
ID000324,Sean-Penn,01.jpg,Fake,No,,Yes,Yes,No,,No,2026-08-07T16:12:31,2026-08-07T16:12:38
ID000324,Sean-Penn,02.png,Fake,No,,Yes,Yes,No,,No,2026-08-07T16:12:38,2026-08-07T16:12:43
ID000324,Sean-Penn,03.jpg,Fake,No,,No,Yes,No,,No,2026-08-07T16:12:43,2026-08-07T16:12:58
ID000323,Sarah-Michelle-Gellar,01.jpg,Real,Yes,Yes,Yes,Yes,,,Yes,2026-08-07T16:12:59,2026-08-07T16:13:18
ID000323,Sarah-Michelle-Gellar,02.jpg,Real,Yes,Yes,Yes,Yes,,,Yes,2026-08-07T16:13:18,2026-08-07T16:13:22
ID000323,Sarah-Michelle-Gellar,01.jpg,Fake,Yes,,Yes,Yes,Yes,cartoon like image,Yes,2026-08-07T16:13:23,2026-08-07T16:13:36
ID000323,Sarah-Michelle-Gellar,02.jpg,Fake,Yes,,Yes,Yes,Yes,animation,Yes,2026-08-07T16:13:36,2026-08-07T16:13:47
ID000323,Sarah-Michelle-Gellar,03.jpg,Fake,No,,Yes,Yes,Yes,,No,2026-08-07T16:13:47,2026-08-07T16:13:54
ID000323,Sarah-Michelle-Gellar,04.jpg,Fake,Yes,,Yes,Yes,Yes,,Yes,2026-08-07T16:13:54,2026-08-07T16:13:58
ID000090,Domhnall-Gleeson,01.jpg,Real,Yes,Yes,Yes,Yes,,,Yes,2026-08-07T16:14:01,2026-08-07T16:14:17
ID000090,Domhnall-Gleeson,02.jpg,Real,Yes,Yes,Yes,Yes,,,Yes,2026-08-07T16:14:17,2026-08-07T16:14:20
ID000090,Domhnall-Gleeson,01.jpg,Fake,No,,Yes,Yes,No,,No,2026-08-07T16:14:21,2026-08-07T16:14:27
ID000090,Domhnall-Gleeson,02.jpg,Fake,Yes,,Yes,Yes,Yes,,No,2026-08-07T16:14:27,2026-08-07T16:14:39
ID000090,Domhnall-Gleeson,03.jpg,Fake,Yes,,Yes,Yes,Yes,,Yes,2026-08-07T16:14:39,2026-08-07T16:14:44
ID000090,Domhnall-Gleeson,04.jpg,Fake,No,,Yes,Yes,Yes,,No,2026-08-07T16:14:44,2026-08-07T16:14:49
ID000090,Domhnall-Gleeson,05.jpg,Fake,No,,Yes,Yes,No,,No,2026-08-07T16:14:49,2026-08-07T16:14:52
ID000090,Domhnall-Gleeson,06.jpg,Fake,Yes,,Yes,Yes,Yes,,Yes,2026-08-07T16:14:52,2026-08-07T16:15:00
ID000228,Lindsay-Lohan,01.jpg,Real,Yes,Yes,Yes,Yes,,,Yes,2026-08-07T16:15:17,2026-08-07T16:15:28
ID000228,Lindsay-Lohan,02.jpg,Real,Yes,Yes,Yes,Yes,,,Yes,2026-08-07T16:15:30,2026-08-07T16:15:33
ID000228,Lindsay-Lohan,01.jpg,Fake,Yes,,Yes,Yes,Yes,,Yes,2026-08-07T16:15:35,2026-08-07T16:15:46
ID000228,Lindsay-Lohan,04.jpg,Fake,No,,Yes,Yes,Yes,,No,2026-08-07T16:15:46,2026-08-07T16:15:50
ID000228,Lindsay-Lohan,05.jpg,Fake,No,,Yes,Yes,Yes,,No,2026-08-07T16:15:50,2026-08-07T16:15:57
ID000177,Jim-Carrey,01.jpg,Real,Yes,Yes,Yes,Yes,,,Yes,2026-08-07T16:16:15,2026-08-07T16:16:36
ID000177,Jim-Carrey,02.jpg,Real,Yes,Yes,Yes,Yes,,,Yes,2026-08-07T16:16:36,2026-08-07T16:16:40
ID000177,Jim-Carrey,01.jpg,Fake,No,,Yes,Yes,Yes,,No,2026-08-07T16:16:41,2026-08-07T16:16:47
ID000177,Jim-Carrey,02.jpg,Fake,No,,Yes,Yes,No,,No,2026-08-07T16:16:47,2026-08-07T16:16:52
ID000177,Jim-Carrey,03.jpg,Fake,No,,Yes,Yes,Yes,,No,2026-08-07T16:16:53,2026-08-07T16:16:57
ID000198,Jungkook,01.png,Real,Yes,Yes,Yes,Yes,,,Yes,2026-08-07T16:16:58,2026-08-07T16:17:04
ID000198,Jungkook,02.jpg,Real,Yes,Yes,Yes,Yes,,,Yes,2026-08-07T16:17:04,2026-08-07T16:17:18
ID000198,Jungkook,01.jpg,Fake,Yes,,Yes,Yes,Yes,,No,2026-08-07T16:17:19,2026-08-07T16:17:24
ID000198,Jungkook,02.jpg,Fake,Yes,,Yes,Yes,Yes,fingers are distorted,Yes,2026-08-07T16:17:24,2026-08-07T16:17:55
ID000198,Jungkook,03.jpg,Fake,Yes,,Yes,Yes,Yes,dress and tie are distorted,No,2026-08-07T16:17:55,2026-08-07T16:18:24
ID000198,Jungkook,04.png,Fake,Yes,,Yes,Yes,No,,Yes,2026-08-07T16:18:25,2026-08-07T16:18:30
ID000070,Chris-Cooper,01.jpg,Real,Yes,Yes,Yes,Yes,,,Yes,2026-08-07T16:18:39,2026-08-07T16:19:31
ID000070,Chris-Cooper,02.webp,Real,Yes,Yes,Yes,Yes,,,No,2026-08-07T16:19:31,2026-08-07T16:20:06
ID000070,Chris-Cooper,02.png,Fake,No,,Yes,Yes,No,,No,2026-08-07T16:20:16,2026-08-07T16:20:21
ID000037,Babar-Azam,01.jpg,Real,Yes,Yes,Yes,Yes,,,Yes,2026-08-07T16:20:22,2026-08-07T16:20:28
ID000037,Babar-Azam,02.png,Real,Yes,Yes,Yes,No,,,No,2026-08-07T16:20:28,2026-08-07T16:20:34
ID000037,Babar-Azam,01.jpg,Fake,No,,Yes,Yes,Yes,fingers distorted,No,2026-08-07T16:20:35,2026-08-07T16:21:04
ID000037,Babar-Azam,04.png,Fake,Yes,,Yes,Yes,No,,Yes,2026-08-07T16:21:04,2026-08-07T16:21:14
ID000358,Tony-Leung-Chiu-Wai,01.jpg,Real,Yes,Yes,Yes,Yes,,,Yes,2026-08-07T16:21:16,2026-08-07T16:21:34
ID000358,Tony-Leung-Chiu-Wai,02.jpg,Real,Yes,Yes,Yes,Yes,,,Yes,2026-08-07T16:21:36,2026-08-07T16:21:43
ID000358,Tony-Leung-Chiu-Wai,03.jpg,Real,Yes,Yes,Yes,Yes,,,Yes,2026-08-07T16:21:45,2026-08-07T16:22:00
ID000358,Tony-Leung-Chiu-Wai,01.jpg,Fake,Yes,,Yes,Yes,No,,Yes,2026-08-07T16:22:05,2026-08-07T16:22:17
ID000358,Tony-Leung-Chiu-Wai,02.jpg,Fake,Yes,,Yes,Yes,No,,Yes,2026-08-07T16:22:18,2026-08-07T16:22:28
ID000164,Jason-Statham,01.jpg,Real,Yes,Yes,Yes,Yes,,,Yes,2026-08-07T16:22:29,2026-08-07T16:22:52
ID000164,Jason-Statham,01.jpg,Fake,Yes,,Yes,Yes,Yes,,Yes,2026-08-07T16:22:53,2026-08-07T16:23:01
ID000282,Nicky-Campbell,01.jpg,Real,Yes,Yes,Yes,Yes,,,Yes,2026-08-07T16:23:03,2026-08-07T16:23:26
ID000282,Nicky-Campbell,02.jpg,Real,No,Yes,Yes,Yes,,,No,2026-08-07T16:23:26,2026-08-07T16:24:03
ID000282,Nicky-Campbell,03.jpg,Real,Yes,Yes,Yes,Yes,,,Yes,2026-08-07T16:24:03,2026-08-07T16:24:15
ID000282,Nicky-Campbell,01.jpg,Fake,No,,Yes,Yes,No,,No,2026-08-07T16:24:16,2026-08-07T16:24:24
ID000282,Nicky-Campbell,02.jpg,Fake,No,,Yes,Yes,No,,No,2026-08-07T16:24:24,2026-08-07T16:24:32
ID000282,Nicky-Campbell,03.jpg,Fake,No,,Yes,Yes,No,,No,2026-08-07T16:24:32,2026-08-07T16:24:37
ID000075,Christopher-Nolan,01.jpg,Real,Yes,Yes,Yes,Yes,,,Yes,2026-08-07T16:24:38,2026-08-07T16:24:52
ID000075,Christopher-Nolan,02.jpg,Real,Yes,Yes,Yes,Yes,,,Yes,2026-08-07T16:24:52,2026-08-07T16:25:35
ID000075,Christopher-Nolan,03.jpg,Real,Yes,Yes,Yes,Yes,,,Yes,2026-08-07T16:25:35,2026-08-07T16:25:41
ID000075,Christopher-Nolan,01.jpg,Fake,No,,Yes,Yes,No,,No,2026-08-07T16:25:42,2026-08-07T16:26:40
ID000075,Christopher-Nolan,02.jpg,Fake,Yes,,No,Yes,No,,No,2026-08-07T16:26:40,2026-08-07T16:26:54
ID000075,Christopher-Nolan,03.jpg,Fake,No,,Yes,Yes,No,,No,2026-08-07T16:26:54,2026-08-07T16:26:59
ID000046,Benson-Boone,01.png,Real,Yes,Yes,Yes,Yes,,,Yes,2026-08-07T16:27:00,2026-08-07T16:27:15
ID000046,Benson-Boone,02.jpg,Real,Yes,Yes,Yes,Yes,,,Yes,2026-08-07T16:27:15,2026-08-07T16:28:19
ID000046,Benson-Boone,01.jpg,Fake,No,,Yes,Yes,No,,No,2026-08-07T16:28:20,2026-08-07T16:28:40
ID000046,Benson-Boone,02.jpg,Fake,No,,Yes,Yes,Yes,,No,2026-08-07T16:28:40,2026-08-07T16:28:47
ID000046,Benson-Boone,03.jpg,Fake,No,,Yes,Yes,No,,No,2026-08-07T16:28:47,2026-08-07T16:28:58
ID000046,Benson-Boone,04.png,Fake,No,,Yes,Yes,No,,No,2026-08-07T16:28:58,2026-08-07T16:29:16
ID000289,Patrick-Stewart,01.jpg,Real,Yes,Yes,Yes,Yes,,,Yes,2026-08-07T16:29:17,2026-08-07T16:29:29
ID000289,Patrick-Stewart,02.jpg,Real,Yes,Yes,Yes,Yes,,,Yes,2026-08-07T16:29:29,2026-08-07T16:29:33
ID000289,Patrick-Stewart,01.jpg,Fake,Yes,,Yes,Yes,Yes,,Yes,2026-08-07T16:29:34,2026-08-07T16:29:39
ID000289,Patrick-Stewart,02.jpg,Fake,Yes,,Yes,Yes,Yes,,Yes,2026-08-07T16:29:39,2026-08-07T16:29:45
ID000289,Patrick-Stewart,03.jpg,Fake,No,,Yes,Yes,No,,No,2026-08-07T16:29:45,2026-08-07T16:29:50
ID000289,Patrick-Stewart,04.jpg,Fake,Yes,,Yes,Yes,Yes,,No,2026-08-07T16:29:50,2026-08-07T16:29:59
ID000332,Shia-LaBeouf,01.jpg,Real,Yes,Yes,Yes,Yes,,,Yes,2026-08-07T16:30:02,2026-08-07T16:30:16
ID000332,Shia-LaBeouf,02.jpg,Real,Yes,Yes,Yes,Yes,,,Yes,2026-08-07T16:30:16,2026-08-07T16:30:23
ID000332,Shia-LaBeouf,03.jpg,Real,Yes,Yes,Yes,Yes,,,Yes,2026-08-07T16:30:23,2026-08-07T16:30:45
ID000332,Shia-LaBeouf,01.jpg,Fake,No,,Yes,Yes,Yes,,No,2026-08-07T16:30:46,2026-08-07T16:30:54
ID000332,Shia-LaBeouf,02.jpg,Fake,No,,Yes,Yes,No,,No,2026-08-07T16:30:55,2026-08-07T16:31:01
ID000317,Rupert-Grint,01.jpg,Real,Yes,Yes,Yes,Yes,,,Yes,2026-08-07T16:31:02,2026-08-07T16:31:14
ID000317,Rupert-Grint,02.jpg,Real,Yes,Yes,Yes,Yes,,,Yes,2026-08-07T16:31:14,2026-08-07T16:31:23
ID000317,Rupert-Grint,01.jpg,Fake,No,,Yes,Yes,Yes,,No,2026-08-07T16:31:25,2026-08-07T16:31:30
ID000317,Rupert-Grint,02.png,Fake,No,,Yes,Yes,No,,No,2026-08-07T16:31:31,2026-08-07T16:31:35
ID000317,Rupert-Grint,03.jpg,Fake,No,,Yes,Yes,Yes,,No,2026-08-07T16:31:35,2026-08-07T16:31:44
ID000317,Rupert-Grint,04.jpg,Fake,No,,Yes,Yes,Yes,,No,2026-08-07T16:31:44,2026-08-07T16:31:53
ID000359,V-BTS,01.jpg,Real,Yes,Yes,Yes,Yes,,,Yes,2026-08-07T16:31:54,2026-08-07T16:32:01
ID000359,V-BTS,02.jpg,Real,Yes,Yes,Yes,Yes,,,Yes,2026-08-07T16:32:01,2026-08-07T16:32:20
ID000359,V-BTS,01.jpg,Fake,Yes,,Yes,Yes,No,,Yes,2026-08-07T16:32:22,2026-08-07T16:32:36
ID000359,V-BTS,02.jpg,Fake,Yes,,Yes,Yes,No,,Yes,2026-08-07T16:32:36,2026-08-07T16:32:45
ID000359,V-BTS,03.jpg,Fake,Yes,,Yes,Yes,No,,Yes,2026-08-07T16:32:46,2026-08-07T16:32:50
ID000359,V-BTS,04.png,Fake,Yes,,Yes,Yes,No,,No,2026-08-07T16:32:50,2026-08-07T16:33:01
ID000078,Cristanio-Ronaldo,01.jpg,Real,Yes,Yes,Yes,Yes,,,Yes,2026-08-07T16:33:32,2026-08-07T16:33:38
ID000078,Cristanio-Ronaldo,02.jpg,Real,Yes,Yes,Yes,Yes,,,Yes,2026-08-07T16:33:38,2026-08-07T16:33:43
ID000078,Cristanio-Ronaldo,01.jpg,Fake,Yes,,Yes,Yes,Yes,,Yes,2026-08-07T16:33:45,2026-08-07T16:33:55
ID000078,Cristanio-Ronaldo,02.jpg,Fake,No,,Yes,Yes,Yes,,No,2026-08-07T16:33:55,2026-08-07T16:34:02
ID000078,Cristanio-Ronaldo,03.jpg,Fake,Yes,,Yes,Yes,Yes,,Yes,2026-08-07T16:34:02,2026-08-07T16:34:07
ID000078,Cristanio-Ronaldo,04.png,Fake,Yes,,Yes,Yes,No,,Yes,2026-08-07T16:34:07,2026-08-07T16:34:12
ID000122,Gerard-Butler,01.jpg,Real,Yes,Yes,Yes,Yes,,,Yes,2026-08-07T16:34:16,2026-08-07T16:34:43
ID000122,Gerard-Butler,02.jpg,Real,Yes,Yes,Yes,Yes,,,Yes,2026-08-07T16:34:43,2026-08-07T16:34:47
ID000122,Gerard-Butler,01.jpg,Fake,Yes,,Yes,Yes,Yes,,Yes,2026-08-07T16:34:48,2026-08-07T16:34:55
ID000122,Gerard-Butler,02.jpg,Fake,No,,Yes,Yes,Yes,,No,2026-08-07T16:34:55,2026-08-07T16:34:59
ID000122,Gerard-Butler,05.jpg,Fake,No,,Yes,Yes,No,,No,2026-08-07T16:34:59,2026-08-07T16:35:53
ID000122,Gerard-Butler,06.jpg,Fake,No,,Yes,Yes,No,,No,2026-08-07T16:35:53,2026-08-07T16:36:00
ID000122,Gerard-Butler,07.jpg,Fake,No,,Yes,Yes,No,,No,2026-08-07T16:36:00,2026-08-07T16:36:05
ID000122,Gerard-Butler,08.jpg,Fake,No,,Yes,Yes,No,,No,2026-08-07T16:36:05,2026-08-07T16:36:11
ID000112,Fawad-Khan,01.jpg,Real,Yes,Yes,Yes,Yes,,,Yes,2026-08-07T16:36:27,2026-08-07T16:36:34
ID000112,Fawad-Khan,02.jpg,Real,Yes,Yes,Yes,Yes,,,Yes,2026-08-07T16:36:34,2026-08-07T16:36:38
ID000112,Fawad-Khan,01.jpg,Fake,Yes,,Yes,Yes,Yes,,No,2026-08-07T16:36:39,2026-08-07T16:36:48
ID000112,Fawad-Khan,02.png,Fake,Yes,,Yes,Yes,No,,Yes,2026-08-07T16:36:48,2026-08-07T16:36:52
ID000248,Martin-Lewis,01.jpg,Real,Yes,Yes,Yes,Yes,,,Yes,2026-08-07T16:37:01,2026-08-07T16:37:17
ID000248,Martin-Lewis,02.jpg,Real,Yes,Yes,Yes,Yes,,,Yes,2026-08-07T16:37:17,2026-08-07T16:37:21
ID000248,Martin-Lewis,03.jpg,Fake,Yes,,Yes,Yes,No,,Yes,2026-08-07T16:37:22,2026-08-07T16:37:29
ID000248,Martin-Lewis,06.png,Fake,Yes,,Yes,Yes,No,,Yes,2026-08-07T16:37:29,2026-08-07T16:37:33
ID000283,Nico-Paz,1.jpg,Real,Yes,Yes,Yes,Yes,,,Yes,2026-08-07T16:37:35,2026-08-07T16:37:51
ID000283,Nico-Paz,01.jpg,Fake,No,,Yes,Yes,Yes,,No,2026-08-07T16:37:54,2026-08-07T16:38:02
ID000283,Nico-Paz,1.jpg,Fake,Yes,,Yes,Yes,No,,Yes,2026-08-07T16:38:02,2026-08-07T16:38:29
ID000283,Nico-Paz,2.jpg,Fake,Yes,,Yes,Yes,No,,Yes,2026-08-07T16:38:29,2026-08-07T16:38:38
ID000130,Hadika-Kyani,01.jpg,Real,Yes,Yes,Yes,Yes,,,Yes,2026-08-07T16:38:41,2026-08-07T16:38:53
ID000130,Hadika-Kyani,01.png,Fake,Yes,,Yes,Yes,Yes,,Yes,2026-08-07T16:38:54,2026-08-07T16:39:02
ID000154,Ishan-Kishan,01.jpg,Real,Yes,Yes,Yes,Yes,,,Yes,2026-08-07T16:39:03,2026-08-07T16:39:27
ID000154,Ishan-Kishan,01.png,Real,Yes,Yes,Yes,Yes,,,Yes,2026-08-07T16:39:27,2026-08-07T16:39:33
ID000154,Ishan-Kishan,images (2).jpg,Real,Yes,Yes,Yes,Yes,,,Yes,2026-08-07T16:39:33,2026-08-07T16:39:40
ID000154,Ishan-Kishan,04.webp,Fake,Yes,,Yes,Yes,Yes,,Yes,2026-08-07T16:39:41,2026-08-07T16:39:53
ID000154,Ishan-Kishan,images (1).jpg,Fake,Yes,,Yes,Yes,Yes,,Yes,2026-08-07T16:39:53,2026-08-07T16:40:14
ID000154,Ishan-Kishan,images.jpg,Fake,Yes,,Yes,Yes,No,,Yes,2026-08-07T16:40:14,2026-08-07T16:40:33
ID000154,Ishan-Kishan,photo-with-ishan-kishan-ipl-stadium-1-optimized.webp,Fake,No,,Yes,Yes,Yes,,No,2026-08-07T16:40:33,2026-08-07T16:40:38
ID000242,Mario-Götze,01.jpg,Real,Yes,Yes,Yes,Yes,,,Yes,2026-08-07T16:40:42,2026-08-07T16:41:08
ID000242,Mario-Götze,02.jpg,Real,Yes,Yes,Yes,Yes,,,Yes,2026-08-07T16:41:08,2026-08-07T16:41:19
ID000242,Mario-Götze,03.jpg,Real,Yes,Yes,Yes,Yes,,,Yes,2026-08-07T16:41:19,2026-08-07T16:41:28
ID000242,Mario-Götze,01.jpg,Fake,Yes,,Yes,Yes,Yes,,Yes,2026-08-07T16:41:30,2026-08-07T16:41:36
ID000242,Mario-Götze,02.jpg,Fake,Yes,,Yes,Yes,Yes,,Yes,2026-08-07T16:41:36,2026-08-07T16:41:46
ID000099,Elon-Musk,01.png,Real,Yes,Yes,Yes,Yes,,,Yes,2026-08-07T16:41:51,2026-08-07T16:41:59
ID000099,Elon-Musk,01.jpg,Fake,Yes,,Yes,Yes,Yes,,Yes,2026-08-07T16:42:00,2026-08-07T16:42:06
ID000099,Elon-Musk,02.png,Fake,Yes,,Yes,Yes,Yes,,No,2026-08-07T16:42:06,2026-08-07T16:42:10
ID000099,Elon-Musk,03.jpg,Fake,Yes,,Yes,Yes,Yes,,Yes,2026-08-07T16:42:10,2026-08-07T16:42:16
ID000099,Elon-Musk,03.png,Fake,Yes,,Yes,Yes,Yes,,Yes,2026-08-07T16:42:16,2026-08-07T16:42:20
ID000129,Grard-Depardieu,01.jpg,Real,Yes,Yes,Yes,Yes,,,Yes,2026-08-07T16:42:29,2026-08-07T16:42:43
ID000129,Grard-Depardieu,01.jpg,Fake,No,,Yes,Yes,Yes,,No,2026-08-07T16:42:45,2026-08-07T16:42:57
ID000129,Grard-Depardieu,02.jpg,Fake,No,,Yes,Yes,Yes,,No,2026-08-07T16:42:57,2026-08-07T16:43:02
ID000129,Grard-Depardieu,03.jpg,Fake,Yes,,Yes,Yes,Yes,,Yes,2026-08-07T16:43:02,2026-08-07T16:43:07
ID000129,Grard-Depardieu,04.png,Fake,No,,Yes,Yes,No,,No,2026-08-07T16:43:07,2026-08-07T16:43:15
ID000388,mukesh-ambani,01.jpg,Real,Yes,Yes,Yes,Yes,,,Yes,2026-08-07T16:43:16,2026-08-07T16:57:01
ID000388,mukesh-ambani,01.png,Fake,No,,Yes,Yes,Yes,,No,2026-08-07T16:57:02,2026-08-07T16:57:15
ID000388,mukesh-ambani,02.jpg,Fake,No,,Yes,Yes,Yes,,No,2026-08-07T16:57:15,2026-08-07T16:57:29
ID000388,mukesh-ambani,03.jpg,Fake,No,,Yes,Yes,Yes,,No,2026-08-07T16:57:29,2026-08-07T16:57:40
ID000388,mukesh-ambani,81.png,Fake,Yes,,Yes,Yes,Yes,,Yes,2026-08-07T16:57:40,2026-08-07T16:57:47
ID000281,Nick-Nolte,01.jpg,Real,Yes,Yes,Yes,Yes,,,Yes,2026-08-07T16:57:48,2026-08-07T16:58:13
ID000281,Nick-Nolte,02.jpg,Real,Yes,Yes,Yes,Yes,,,Yes,2026-08-07T16:58:13,2026-08-07T16:58:32
ID000281,Nick-Nolte,03.jpg,Real,Yes,Yes,Yes,Yes,,,Yes,2026-08-07T16:58:32,2026-08-07T16:59:00
ID000281,Nick-Nolte,01.jpg,Fake,No,,Yes,Yes,Yes,,No,2026-08-07T16:59:01,2026-08-07T16:59:06
ID000281,Nick-Nolte,02.jpg,Fake,No,,Yes,Yes,No,,No,2026-08-07T16:59:06,2026-08-07T16:59:11
ID000286,Olga-Loiek,01.jpg,Real,Yes,Yes,Yes,Yes,,,Yes,2026-08-07T16:59:12,2026-08-07T16:59:35
ID000286,Olga-Loiek,02.png,Real,Yes,Yes,Yes,Yes,,,Yes,2026-08-07T16:59:35,2026-08-07T16:59:38
ID000286,Olga-Loiek,01.jpg,Fake,No,,Yes,Yes,Yes,,No,2026-08-07T16:59:39,2026-08-07T16:59:51
ID000286,Olga-Loiek,02.jpg,Fake,Yes,,Yes,Yes,No,,Yes,2026-08-07T16:59:51,2026-08-07T17:00:17
ID000286,Olga-Loiek,03.png,Fake,No,,Yes,Yes,No,,No,2026-08-07T17:00:17,2026-08-07T17:00:24
ID000202,Kate-Winslet,01.jpg,Real,Yes,Yes,Yes,Yes,,,Yes,2026-08-07T17:00:25,2026-08-07T17:00:41
ID000202,Kate-Winslet,02.jpg,Real,Yes,Yes,Yes,Yes,,,Yes,2026-08-07T17:00:41,2026-08-07T17:00:46
ID000202,Kate-Winslet,01.jpg,Fake,Yes,,Yes,Yes,Yes,,No,2026-08-07T17:00:47,2026-08-07T17:00:56
ID000202,Kate-Winslet,02.jpg,Fake,No,,Yes,Yes,No,,No,2026-08-07T17:00:56,2026-08-07T17:01:01
ID000202,Kate-Winslet,04.jpg,Fake,Yes,,Yes,Yes,Yes,,Yes,2026-08-07T17:01:01,2026-08-07T17:01:12
ID000202,Kate-Winslet,05.jpg,Fake,Yes,,Yes,Yes,Yes,,Yes,2026-08-07T17:01:12,2026-08-07T17:01:19
ID000202,Kate-Winslet,06.png,Fake,Yes,,Yes,Yes,Yes,,Yes,2026-08-07T17:01:19,2026-08-07T17:01:22
ID000269,Mohammad-Albuty,01.jpg,Real,Yes,Yes,Yes,Yes,,,Yes,2026-08-07T17:01:28,2026-08-07T17:01:38
ID000269,Mohammad-Albuty,02.jpg,Real,Yes,Yes,Yes,Yes,,,Yes,2026-08-07T17:01:39,2026-08-07T17:01:42
ID000269,Mohammad-Albuty,01.jpg,Fake,No,,Yes,Yes,Yes,,No,2026-08-07T17:01:44,2026-08-07T17:01:48
ID000253,Matthew-Broderick,01.jpg,Real,Yes,Yes,Yes,Yes,,,Yes,2026-08-07T17:01:50,2026-08-07T17:02:03
ID000253,Matthew-Broderick,02.jpg,Real,Yes,Yes,Yes,Yes,,,Yes,2026-08-07T17:02:03,2026-08-07T17:02:05
ID000253,Matthew-Broderick,01.jpg,Fake,No,,Yes,Yes,Yes,,No,2026-08-07T17:02:07,2026-08-07T17:02:12
ID000253,Matthew-Broderick,02.jpg,Fake,No,,Yes,Yes,Yes,,No,2026-08-07T17:02:12,2026-08-07T17:02:22
ID000038,Barack-obamam,01.jpg,Real,Yes,Yes,Yes,Yes,,,Yes,2026-08-07T17:02:23,2026-08-07T17:02:28
ID000038,Barack-obamam,02.jpg,Real,Yes,Yes,Yes,Yes,,,Yes,2026-08-07T17:02:29,2026-08-07T17:02:35
ID000038,Barack-obamam,02.jpg,Fake,Yes,,Yes,Yes,No,,Yes,2026-08-07T17:02:36,2026-08-07T17:02:47
ID000038,Barack-obamam,04.jpg,Fake,Yes,,Yes,Yes,Yes,,Yes,2026-08-07T17:02:47,2026-08-07T17:02:50
ID000038,Barack-obamam,05.png,Fake,Yes,,Yes,Yes,Yes,,Yes,2026-08-07T17:02:51,2026-08-07T17:02:59
ID000315,Rosario-Dawson,01.jpg,Real,Yes,Yes,Yes,Yes,,,Yes,2026-08-07T17:03:01,2026-08-07T17:03:12
ID000315,Rosario-Dawson,02.jpg,Real,Yes,Yes,Yes,Yes,,,Yes,2026-08-07T17:03:12,2026-08-07T17:03:20
ID000315,Rosario-Dawson,01.jpg,Fake,No,,Yes,Yes,Yes,,No,2026-08-07T17:03:21,2026-08-07T17:03:33
ID000280,Nick-DiGiovanni,01.jpg,Real,Yes,Yes,Yes,Yes,,,Yes,2026-08-07T17:03:35,2026-08-07T17:03:44
ID000280,Nick-DiGiovanni,02.png,Real,Yes,Yes,Yes,Yes,,,Yes,2026-08-07T17:03:44,2026-08-07T17:03:47
ID000280,Nick-DiGiovanni,03.jpg,Real,Yes,Yes,Yes,Yes,,,Yes,2026-08-07T17:03:47,2026-08-07T17:03:51
ID000280,Nick-DiGiovanni,1.jpg,Fake,Yes,,Yes,Yes,Yes,,Yes,2026-08-07T17:03:53,2026-08-07T17:04:02
ID000280,Nick-DiGiovanni,2.webp,Fake,Yes,,Yes,Yes,Yes,,Yes,2026-08-07T17:04:02,2026-08-07T17:04:06
ID000193,Josh-Hartnett,01.jpg,Real,Yes,Yes,Yes,Yes,,,Yes,2026-08-07T17:04:07,2026-08-07T17:04:48
ID000193,Josh-Hartnett,01.jpg,Fake,No,,Yes,Yes,Yes,,No,2026-08-07T17:04:49,2026-08-07T17:05:04
ID000193,Josh-Hartnett,02.jpg,Fake,No,,Yes,Yes,Yes,,No,2026-08-07T17:05:04,2026-08-07T17:05:08
ID000193,Josh-Hartnett,03.jpg,Fake,No,,Yes,Yes,Yes,,No,2026-08-07T17:05:08,2026-08-07T17:05:12
ID000193,Josh-Hartnett,04.jpg,Fake,Yes,,Yes,Yes,No,,Yes,2026-08-07T17:05:12,2026-08-07T17:05:17
ID000056,Burak-Özçivit,01.jpg,Real,Yes,Yes,Yes,Yes,,,Yes,2026-08-07T17:05:18,2026-08-07T17:05:29
ID000056,Burak-Özçivit,01.jpg,Fake,No,,Yes,Yes,Yes,,No,2026-08-07T17:05:30,2026-08-07T17:05:38
ID000056,Burak-Özçivit,02.jpg,Fake,No,,Yes,Yes,No,,No,2026-08-07T17:05:38,2026-08-07T17:05:45
ID000056,Burak-Özçivit,03.jpg,Fake,Yes,,Yes,Yes,Yes,,Yes,2026-08-07T17:05:45,2026-08-07T17:05:50
ID000318,Russell-Crowe,01.jpg,Real,Yes,Yes,Yes,Yes,,,Yes,2026-08-07T17:05:51,2026-08-07T17:06:02
ID000318,Russell-Crowe,01.jpg,Fake,Yes,,Yes,Yes,Yes,,Yes,2026-08-07T17:06:03,2026-08-07T17:06:09
ID000318,Russell-Crowe,02.jpg,Fake,Yes,,Yes,Yes,Yes,,No,2026-08-07T17:06:09,2026-08-07T17:06:14
ID000318,Russell-Crowe,03.jpg,Fake,Yes,,Yes,Yes,No,,Yes,2026-08-07T17:06:14,2026-08-07T17:06:19
ID000318,Russell-Crowe,05.jpg,Fake,Yes,,Yes,Yes,Yes,,Yes,2026-08-07T17:06:19,2026-08-07T17:06:25
ID000013,Alexandria-Ocasio-Cortez,01.jpg,Real,Yes,Yes,Yes,Yes,,,Yes,2026-08-07T17:06:31,2026-08-07T17:06:41
ID000013,Alexandria-Ocasio-Cortez,02.jpg,Real,Yes,Yes,Yes,Yes,,,Yes,2026-08-07T17:06:42,2026-08-07T17:06:45
ID000013,Alexandria-Ocasio-Cortez,1.png,Fake,Yes,,Yes,Yes,No,,Yes,2026-08-07T17:06:46,2026-08-07T17:06:51
ID000361,Victor-Osimhen,01.jpg,Real,Yes,Yes,Yes,Yes,,,Yes,2026-08-07T17:06:52,2026-08-07T17:07:05
ID000361,Victor-Osimhen,02.jpg,Real,Yes,Yes,Yes,Yes,,,Yes,2026-08-07T17:07:06,2026-08-07T17:07:20
ID000361,Victor-Osimhen,01.jpg,Fake,Yes,,Yes,Yes,No,,Yes,2026-08-07T17:07:21,2026-08-07T17:07:29
ID000361,Victor-Osimhen,02.png,Fake,Yes,,Yes,Yes,No,,Yes,2026-08-07T17:07:29,2026-08-07T17:07:54
ID000361,Victor-Osimhen,04.jpg,Fake,Yes,,Yes,Yes,Yes,,No,2026-08-07T17:07:54,2026-08-07T17:08:09
ID000361,Victor-Osimhen,05.jpg,Fake,No,,Yes,Yes,Yes,,No,2026-08-07T17:08:09,2026-08-07T17:08:13
ID000361,Victor-Osimhen,images.jpg,Fake,Yes,,Yes,Yes,No,,Yes,2026-08-07T17:08:13,2026-08-07T17:08:18
ID000361,Victor-Osimhen,photo-with-victor-osimhen-1-optimized.webp,Fake,No,,Yes,Yes,No,,No,2026-08-07T17:08:19,2026-08-07T17:08:23
ID000118,Gene-Hackman,01.jpg,Real,Yes,Yes,Yes,Yes,,,Yes,2026-08-07T17:08:29,2026-08-07T17:11:18
ID000118,Gene-Hackman,02.jpg,Real,Yes,Yes,Yes,Yes,,,Yes,2026-08-07T17:11:18,2026-08-07T17:11:27
ID000118,Gene-Hackman,03.jpg,Real,Yes,Yes,Yes,Yes,,,No,2026-08-07T17:11:27,2026-08-07T17:11:37
ID000118,Gene-Hackman,01.jpg,Fake,No,,Yes,Yes,Yes,,No,2026-08-07T17:11:42,2026-08-07T17:11:47
ID000118,Gene-Hackman,02.jpg,Fake,No,,Yes,Yes,No,,No,2026-08-07T17:11:47,2026-08-07T17:11:51
ID000118,Gene-Hackman,03.jpg,Fake,Yes,,Yes,Yes,Yes,,Yes,2026-08-07T17:11:52,2026-08-07T17:11:58
ID000118,Gene-Hackman,04.png,Fake,No,,Yes,Yes,No,,No,2026-08-07T17:11:58,2026-08-07T17:12:01
ID000118,Gene-Hackman,05.png,Fake,No,,Yes,Yes,No,,No,2026-08-07T17:12:01,2026-08-07T17:12:04
ID000118,Gene-Hackman,06.png,Fake,No,,Yes,Yes,No,,No,2026-08-07T17:12:04,2026-08-07T17:12:07
ID000204,Kathy-Bates,01.jpg,Real,Yes,Yes,Yes,Yes,,,Yes,2026-08-07T17:12:08,2026-08-07T17:12:18
ID000204,Kathy-Bates,02.jpg,Real,Yes,Yes,Yes,Yes,,,Yes,2026-08-07T17:12:18,2026-08-07T17:12:22
ID000204,Kathy-Bates,01.jpg,Fake,No,,Yes,Yes,No,,No,2026-08-07T17:12:24,2026-08-07T17:12:55
ID000204,Kathy-Bates,02.png,Fake,No,,Yes,Yes,No,,No,2026-08-07T17:12:55,2026-08-07T17:12:59
ID000341,Steven-Seagal,01.jpg,Real,Yes,Yes,Yes,Yes,,,Yes,2026-08-07T17:13:00,2026-08-07T17:13:12
ID000341,Steven-Seagal,02.jpg,Real,Yes,Yes,Yes,Yes,,,Yes,2026-08-07T17:13:13,2026-08-07T17:13:20
ID000341,Steven-Seagal,01.jpg,Fake,Yes,,Yes,Yes,Yes,,Yes,2026-08-07T17:13:21,2026-08-07T17:13:28
ID000341,Steven-Seagal,02.jpg,Fake,Yes,,Yes,Yes,Yes,,Yes,2026-08-07T17:13:28,2026-08-07T17:13:34
ID000341,Steven-Seagal,03.jpg,Fake,Yes,,Yes,Yes,Yes,,Yes,2026-08-07T17:13:34,2026-08-07T17:13:38
ID000189,Johnny-Knoxville,01.jpg,Real,Yes,Yes,Yes,Yes,,,Yes,2026-08-07T17:13:39,2026-08-07T17:14:03
ID000189,Johnny-Knoxville,02.jpg,Real,Yes,Yes,Yes,Yes,,,Yes,2026-08-07T17:14:03,2026-08-07T17:14:07
ID000189,Johnny-Knoxville,01.jpg,Fake,Yes,,Yes,Yes,Yes,,Yes,2026-08-07T17:14:08,2026-08-07T17:14:17
ID000220,Lady-gagga,01.jpg,Real,Yes,Yes,Yes,Yes,,,Yes,2026-08-07T17:14:18,2026-08-07T17:14:23
ID000220,Lady-gagga,02.jpg,Real,Yes,Yes,Yes,Yes,,,Yes,2026-08-07T17:14:23,2026-08-07T17:14:26
ID000220,Lady-gagga,01.png,Fake,Yes,,Yes,Yes,No,,Yes,2026-08-07T17:14:27,2026-08-07T17:14:33
ID000220,Lady-gagga,02.jpg,Fake,Yes,,Yes,Yes,No,,No,2026-08-07T17:14:33,2026-08-07T17:14:39
ID000220,Lady-gagga,03.jpg,Fake,Yes,,Yes,Yes,Yes,,No,2026-08-07T17:14:39,2026-08-07T17:14:42
ID000220,Lady-gagga,48.png,Fake,Yes,,Yes,Yes,No,,Yes,2026-08-07T17:14:42,2026-08-07T17:14:49
ID000100,Emily-Blunt,01.jpg,Real,Yes,Yes,Yes,Yes,,,Yes,2026-08-07T17:14:54,2026-08-07T17:14:59
ID000100,Emily-Blunt,01.jpg,Fake,Yes,,Yes,Yes,Yes,,No,2026-08-07T17:15:00,2026-08-07T17:15:10
ID000100,Emily-Blunt,02.jpg,Fake,Yes,,Yes,Yes,No,,Yes,2026-08-07T17:15:10,2026-08-07T17:15:13
ID000100,Emily-Blunt,03.jpg,Fake,Yes,,Yes,Yes,Yes,,Yes,2026-08-07T17:15:13,2026-08-07T17:15:19
ID000100,Emily-Blunt,04.jpg,Fake,Yes,,Yes,Yes,Yes,,Yes,2026-08-07T17:15:19,2026-08-07T17:15:24
ID000152,Iqra-Kanwal,01.jpg,Real,Yes,Yes,Yes,Yes,,,Yes,2026-08-07T17:15:28,2026-08-07T17:15:35
ID000152,Iqra-Kanwal,02.jpg,Real,Yes,Yes,Yes,Yes,,,Yes,2026-08-07T17:15:35,2026-08-07T17:15:39
ID000152,Iqra-Kanwal,04.png,Fake,Yes,,Yes,Yes,No,,Yes,2026-08-07T17:15:40,2026-08-07T17:15:48
ID000251,Matt-Dillon,01.jpg,Real,Yes,Yes,Yes,Yes,,,Yes,2026-08-07T17:15:50,2026-08-07T17:15:59
ID000251,Matt-Dillon,02.jpg,Real,Yes,Yes,Yes,Yes,,,Yes,2026-08-07T17:15:59,2026-08-07T17:16:05
ID000251,Matt-Dillon,01.jpg,Fake,No,,Yes,Yes,Yes,,No,2026-08-07T17:16:06,2026-08-07T17:16:11
ID000233,Luis-Díaz,01.jpg,Real,Yes,Yes,Yes,Yes,,,Yes,2026-08-07T17:16:13,2026-08-07T17:16:26
ID000233,Luis-Díaz,02.jpg,Real,Yes,Yes,Yes,Yes,,,Yes,2026-08-07T17:16:26,2026-08-07T17:16:35
ID000233,Luis-Díaz,01.jpg,Fake,No,,Yes,Yes,Yes,,No,2026-08-07T17:16:36,2026-08-07T17:16:45
ID000085,Demet-Özdemir,01.jpg,Real,Yes,Yes,Yes,Yes,,,Yes,2026-08-07T17:16:46,2026-08-07T17:16:58
ID000085,Demet-Özdemir,02.jpg,Real,Yes,Yes,Yes,Yes,,,Yes,2026-08-07T17:16:58,2026-08-07T17:17:01
ID000085,Demet-Özdemir,01.jpg,Fake,Yes,,Yes,Yes,No,,Yes,2026-08-07T17:17:02,2026-08-07T17:17:07
ID000085,Demet-Özdemir,02.png,Fake,Yes,,Yes,Yes,No,,Yes,2026-08-07T17:17:07,2026-08-07T17:17:12
ID000108,Eugenio-Derbez,01.png,Real,Yes,Yes,Yes,Yes,,,Yes,2026-08-07T17:17:12,2026-08-07T17:17:26
ID000108,Eugenio-Derbez,02.jpg,Real,Yes,Yes,Yes,Yes,,,Yes,2026-08-07T17:17:26,2026-08-07T17:17:29
ID000108,Eugenio-Derbez,03.jpg,Real,Yes,Yes,Yes,Yes,,,Yes,2026-08-07T17:17:29,2026-08-07T17:17:33
ID000108,Eugenio-Derbez,01.jpg,Fake,No,,Yes,Yes,No,,No,2026-08-07T17:17:34,2026-08-07T17:17:37
ID000108,Eugenio-Derbez,02.jpg,Fake,No,,Yes,Yes,Yes,,No,2026-08-07T17:17:37,2026-08-07T17:17:47
ID000108,Eugenio-Derbez,03.jpg,Fake,No,,Yes,Yes,No,,No,2026-08-07T17:17:47,2026-08-07T17:17:51
ID000108,Eugenio-Derbez,04.png,Fake,Yes,,Yes,Yes,No,,Yes,2026-08-07T17:17:51,2026-08-07T17:17:55
ID000256,Michael-Cera,01.jpg,Real,Yes,Yes,Yes,Yes,,,Yes,2026-08-07T17:17:56,2026-08-07T17:18:07
ID000256,Michael-Cera,01.jpg,Fake,No,,Yes,Yes,Yes,,No,2026-08-07T17:18:08,2026-08-07T17:18:13
ID000256,Michael-Cera,02.png,Fake,No,,Yes,Yes,Yes,,No,2026-08-07T17:18:13,2026-08-07T17:18:20
ID000083,David-Arquette,01.jpg,Real,Yes,Yes,Yes,Yes,,,Yes,2026-08-07T17:18:20,2026-08-07T17:19:17
ID000083,David-Arquette,01.jpg,Fake,No,,Yes,Yes,Yes,,No,2026-08-07T17:19:18,2026-08-07T17:19:23
ID000083,David-Arquette,02.jpg,Fake,No,,Yes,Yes,No,,No,2026-08-07T17:19:24,2026-08-07T17:19:29
ID000083,David-Arquette,03.jpg,Fake,No,,Yes,Yes,Yes,,No,2026-08-07T17:19:30,2026-08-07T17:19:34
ID000051,Bob-Dylan,01.jpg,Real,Yes,Yes,Yes,Yes,,,Yes,2026-08-07T17:19:35,2026-08-07T17:19:53
ID000051,Bob-Dylan,02.png,Real,Yes,Yes,Yes,Yes,,,Yes,2026-08-07T17:19:53,2026-08-07T17:20:03
ID000051,Bob-Dylan,01.jpg,Fake,Yes,,Yes,Yes,Yes,,Yes,2026-08-07T17:20:04,2026-08-07T17:20:11
ID000051,Bob-Dylan,02.jpg,Fake,No,,Yes,Yes,Yes,,No,2026-08-07T17:20:11,2026-08-07T17:20:15
ID000051,Bob-Dylan,03.jpg,Fake,No,,Yes,Yes,Yes,,No,2026-08-07T17:20:15,2026-08-07T17:20:18
ID000051,Bob-Dylan,04.jpg,Fake,No,,Yes,Yes,Yes,,No,2026-08-07T17:20:18,2026-08-07T17:20:25
ID000168,Jenna-Ortega,01.jpg,Real,Yes,Yes,Yes,Yes,,,Yes,2026-08-07T17:20:25,2026-08-07T17:20:32
ID000168,Jenna-Ortega,02.jpg,Real,Yes,Yes,Yes,Yes,,,Yes,2026-08-07T17:20:32,2026-08-07T17:20:36
ID000168,Jenna-Ortega,03.jpg,Real,Yes,Yes,Yes,Yes,,,Yes,2026-08-07T17:20:36,2026-08-07T17:20:39
ID000168,Jenna-Ortega,01.jpg,Fake,No,,Yes,Yes,Yes,,No,2026-08-07T17:20:39,2026-08-07T17:20:45
ID000168,Jenna-Ortega,02.jpg,Fake,No,,Yes,Yes,Yes,,No,2026-08-07T17:20:45,2026-08-07T17:20:48
ID000168,Jenna-Ortega,03.jpg,Fake,Yes,,Yes,Yes,No,,Yes,2026-08-07T17:20:48,2026-08-07T17:20:51
ID000168,Jenna-Ortega,04.jpg,Fake,Yes,,Yes,Yes,No,,Yes,2026-08-07T17:20:51,2026-08-07T17:20:54
ID000168,Jenna-Ortega,05.jpg,Fake,Yes,,Yes,Yes,No,,Yes,2026-08-07T17:20:54,2026-08-07T17:20:58
ID000392,salman-khan,01.jpg,Real,Yes,Yes,Yes,Yes,,,Yes,2026-08-07T17:20:59,2026-08-07T17:21:03
ID000392,salman-khan,02.jpg,Real,Yes,Yes,Yes,Yes,,,Yes,2026-08-07T17:21:03,2026-08-07T17:21:06
ID000392,salman-khan,01.jpg,Fake,No,,Yes,Yes,Yes,,No,2026-08-07T17:21:07,2026-08-07T17:21:12
ID000392,salman-khan,02.jpg,Fake,Yes,,Yes,Yes,Yes,,Yes,2026-08-07T17:21:12,2026-08-07T17:21:17
ID000374,Zhong-Huijuan,01.jpg,Real,Yes,Yes,Yes,Yes,,,Yes,2026-08-07T17:21:18,2026-08-07T17:21:28
ID000374,Zhong-Huijuan,02.jpg,Real,Yes,Yes,Yes,Yes,,,Yes,2026-08-07T17:21:28,2026-08-07T17:22:03
ID000374,Zhong-Huijuan,03.jpg,Real,Yes,Yes,Yes,Yes,,,Yes,2026-08-07T17:22:03,2026-08-07T17:22:09
ID000374,Zhong-Huijuan,01.png,Fake,No,,Yes,Yes,Yes,,No,2026-08-07T17:22:12,2026-08-07T17:22:17
ID000060,Cameron-Green,01.jpg,Real,Yes,Yes,Yes,Yes,,,Yes,2026-08-07T17:22:19,2026-08-07T17:23:03
ID000060,Cameron-Green,03.jpg,Fake,No,,Yes,Yes,No,,No,2026-08-07T17:23:05,2026-08-07T17:23:11
ID000060,Cameron-Green,04.jpg,Fake,Yes,,Yes,Yes,Yes,,Yes,2026-08-07T17:23:12,2026-08-07T17:23:19
ID000319,Sally-Field,01.jpg,Real,Yes,Yes,Yes,Yes,,,Yes,2026-08-07T17:23:20,2026-08-07T17:23:42
ID000319,Sally-Field,02.jpg,Real,Yes,Yes,Yes,Yes,,,Yes,2026-08-07T17:23:42,2026-08-07T17:23:47
ID000319,Sally-Field,03.jpg,Real,Yes,Yes,Yes,Yes,,,Yes,2026-08-07T17:23:47,2026-08-07T17:23:50
ID000319,Sally-Field,01.jpg,Fake,Yes,,Yes,Yes,Yes,,Yes,2026-08-07T17:23:52,2026-08-07T17:23:57
ID000319,Sally-Field,02.jpg,Fake,No,,Yes,Yes,Yes,,No,2026-08-07T17:23:57,2026-08-07T17:24:01
ID000319,Sally-Field,03.jpg,Fake,Yes,,Yes,Yes,Yes,,Yes,2026-08-07T17:24:01,2026-08-07T17:24:05
ID000319,Sally-Field,04.jpg,Fake,No,,Yes,Yes,No,,No,2026-08-07T17:24:05,2026-08-07T17:24:10
ID000343,Susan-Sarandon,01.jpg,Real,Yes,Yes,Yes,Yes,,,Yes,2026-08-07T17:24:13,2026-08-07T17:24:22
ID000343,Susan-Sarandon,01.jpg,Fake,No,,Yes,Yes,Yes,,No,2026-08-07T17:24:23,2026-08-07T17:24:27
ID000343,Susan-Sarandon,02.jpg,Fake,No,,Yes,Yes,Yes,,No,2026-08-07T17:24:27,2026-08-07T17:24:39
ID000343,Susan-Sarandon,03.jpg,Fake,Yes,,Yes,Yes,Yes,,Yes,2026-08-07T17:24:39,2026-08-07T17:24:44
ID000208,Kenan-Yildiz,01.jpg,Real,Yes,Yes,Yes,Yes,,,Yes,2026-08-07T17:24:45,2026-08-07T17:25:04
ID000208,Kenan-Yildiz,01.jpg,Fake,No,,Yes,Yes,No,,No,2026-08-07T17:25:05,2026-08-07T17:25:11
ID000208,Kenan-Yildiz,02.jpg,Fake,Yes,,Yes,Yes,Yes,,Yes,2026-08-07T17:25:11,2026-08-07T17:25:16
ID000285,Norman-Swan,01.jpg,Real,Yes,Yes,Yes,Yes,,,Yes,2026-08-07T17:25:17,2026-08-07T17:25:25
ID000285,Norman-Swan,02.jpg,Real,Yes,Yes,Yes,Yes,,,Yes,2026-08-07T17:25:25,2026-08-07T17:25:28
ID000285,Norman-Swan,03.jpg,Real,Yes,Yes,Yes,Yes,,,Yes,2026-08-07T17:25:28,2026-08-07T17:25:36
ID000285,Norman-Swan,02.jpg,Fake,Yes,,Yes,Yes,No,,Yes,2026-08-07T17:25:37,2026-08-07T17:25:43
ID000285,Norman-Swan,03.png,Fake,Yes,,Yes,Yes,No,,Yes,2026-08-07T17:25:43,2026-08-07T17:25:46
ID000032,Ashley-Judd,01.jpg,Real,Yes,Yes,Yes,Yes,,,Yes,2026-08-07T17:25:48,2026-08-07T17:26:00
ID000032,Ashley-Judd,02.jpg,Real,Yes,Yes,Yes,Yes,,,Yes,2026-08-07T17:26:00,2026-08-07T17:26:04
ID000032,Ashley-Judd,02.jpg,Fake,No,,Yes,Yes,Yes,,No,2026-08-07T17:26:05,2026-08-07T17:26:16
ID000032,Ashley-Judd,03.jpg,Fake,No,,Yes,Yes,Yes,,No,2026-08-07T17:26:17,2026-08-07T17:26:24
ID000054,Bruce-Willis,01.jpg,Real,Yes,Yes,Yes,Yes,,,Yes,2026-08-07T17:26:25,2026-08-07T17:26:35
ID000054,Bruce-Willis,02.jpg,Real,Yes,Yes,Yes,Yes,,,Yes,2026-08-07T17:26:35,2026-08-07T17:26:40
ID000054,Bruce-Willis,01.jpg,Fake,No,,No,No,Yes,,No,2026-08-07T17:26:41,2026-08-07T17:26:50
ID000053,Brenda-Tau,01.jpg,Real,Yes,Yes,Yes,Yes,,,Yes,2026-08-07T17:26:51,2026-08-07T17:27:02
ID000053,Brenda-Tau,02.jpg,Real,Yes,Yes,Yes,Yes,,,Yes,2026-08-07T17:27:03,2026-08-07T17:27:27
ID000053,Brenda-Tau,01.jpg,Fake,No,,Yes,Yes,No,,No,2026-08-07T17:27:28,2026-08-07T17:27:34
ID000137,Heath-Ledger,01.jpg,Real,Yes,Yes,Yes,Yes,,,Yes,2026-08-07T17:27:35,2026-08-07T17:27:47
ID000137,Heath-Ledger,02.jpg,Real,Yes,Yes,Yes,Yes,,,Yes,2026-08-07T17:27:47,2026-08-07T17:27:49
ID000137,Heath-Ledger,03.jpg,Real,Yes,Yes,Yes,Yes,,,Yes,2026-08-07T17:27:50,2026-08-07T17:27:56
ID000137,Heath-Ledger,01.jpg,Fake,No,,Yes,Yes,Yes,,No,2026-08-07T17:27:58,2026-08-07T17:28:03
ID000137,Heath-Ledger,02.jpg,Fake,No,,Yes,Yes,Yes,,No,2026-08-07T17:28:03,2026-08-07T17:28:10
ID000137,Heath-Ledger,03.jpg,Fake,No,,Yes,Yes,Yes,,No,2026-08-07T17:28:11,2026-08-07T17:28:29
ID000137,Heath-Ledger,04.jpg,Fake,Yes,,Yes,Yes,No,,Yes,2026-08-07T17:28:29,2026-08-07T17:28:36
ID000137,Heath-Ledger,05.jpg,Fake,Yes,,Yes,Yes,Yes,,Yes,2026-08-07T17:28:36,2026-08-07T17:28:41
ID000398,úrsula-corberó,01.jpg,Real,Yes,Yes,Yes,Yes,,,Yes,2026-08-07T17:28:42,2026-08-07T17:29:06
ID000398,úrsula-corberó,01.jpg,Fake,No,,Yes,Yes,No,,No,2026-08-07T17:29:06,2026-08-07T17:29:11
ID000398,úrsula-corberó,02.jpg,Fake,No,,Yes,Yes,Yes,,No,2026-08-07T17:29:11,2026-08-07T17:29:17
ID000398,úrsula-corberó,03.jpg,Fake,Yes,,Yes,Yes,No,,Yes,2026-08-07T17:29:17,2026-08-07T17:29:20
ID000398,úrsula-corberó,Úrsula Corberó money heist.png,Fake,Yes,,Yes,Yes,No,,Yes,2026-08-07T17:29:21,2026-08-07T17:29:24
ID000382,florence-pugh,01.jpg,Real,Yes,Yes,Yes,Yes,,,Yes,2026-08-07T17:29:25,2026-08-07T17:29:35
ID000382,florence-pugh,02.jpg,Real,Yes,Yes,Yes,Yes,,,Yes,2026-08-07T17:29:35,2026-08-07T17:29:38
ID000382,florence-pugh,03.jpg,Real,Yes,Yes,Yes,Yes,,,Yes,2026-08-07T17:29:38,2026-08-07T17:29:41
ID000382,florence-pugh,01.jpg,Fake,No,,Yes,Yes,No,,No,2026-08-07T17:29:42,2026-08-07T17:29:47
ID000382,florence-pugh,02.png,Fake,Yes,,Yes,Yes,No,,Yes,2026-08-07T17:29:47,2026-08-07T17:29:50
ID000382,florence-pugh,03.jpg,Fake,Yes,,Yes,Yes,Yes,,Yes,2026-08-07T17:29:50,2026-08-07T17:29:56
ID000132,Hande-Ercel,01.jpg,Real,Yes,Yes,Yes,Yes,,,Yes,2026-08-07T17:29:57,2026-08-07T17:30:03
ID000132,Hande-Ercel,02.jpg,Real,Yes,Yes,Yes,Yes,,,Yes,2026-08-07T17:30:03,2026-08-07T17:30:11
ID000132,Hande-Ercel,01.jpg,Fake,Yes,,Yes,Yes,No,,Yes,2026-08-07T17:30:12,2026-08-07T17:30:16
ID000132,Hande-Ercel,02.jpg,Fake,No,,Yes,Yes,No,,No,2026-08-07T17:30:16,2026-08-07T17:30:21
ID000132,Hande-Ercel,04.png,Fake,Yes,,Yes,Yes,No,,Yes,2026-08-07T17:30:21,2026-08-07T17:30:26
ID000030,Antony,01.jpg,Real,Yes,Yes,Yes,Yes,,,Yes,2026-08-07T17:30:27,2026-08-07T17:30:39
ID000030,Antony,02.jpg,Real,Yes,Yes,Yes,Yes,,,Yes,2026-08-07T17:30:39,2026-08-07T17:30:45
ID000030,Antony,01.jpg,Fake,No,,Yes,Yes,Yes,,No,2026-08-07T17:30:51,2026-08-07T17:30:57
ID000030,Antony,02.jpg,Fake,Yes,,Yes,Yes,Yes,,Yes,2026-08-07T17:30:57,2026-08-07T17:31:04
ID000103,Emma-Watson,01.jpg,Real,Yes,Yes,Yes,Yes,,,Yes,2026-08-07T17:31:06,2026-08-07T17:31:10
ID000103,Emma-Watson,02.jpg,Real,Yes,Yes,Yes,Yes,,,Yes,2026-08-07T17:31:10,2026-08-07T17:31:14
ID000103,Emma-Watson,03.jpg,Real,Yes,Yes,Yes,Yes,,,Yes,2026-08-07T17:31:14,2026-08-07T17:31:17
ID000103,Emma-Watson,01.jpg,Fake,Yes,,Yes,Yes,Yes,,No,2026-08-07T17:31:19,2026-08-07T17:31:23
ID000103,Emma-Watson,02.jpg,Fake,Yes,,Yes,Yes,No,,Yes,2026-08-07T17:31:23,2026-08-07T17:31:27
ID000103,Emma-Watson,02.png,Fake,Yes,,Yes,Yes,Yes,,No,2026-08-07T17:31:27,2026-08-07T17:31:31
ID000103,Emma-Watson,03.jpg,Fake,No,,Yes,Yes,Yes,,No,2026-08-07T17:31:31,2026-08-07T17:31:36
ID000103,Emma-Watson,04.jpg,Fake,Yes,,Yes,Yes,No,,Yes,2026-08-07T17:31:36,2026-08-07T17:31:40
ID000103,Emma-Watson,05.jpg,Fake,Yes,,Yes,Yes,Yes,,No,2026-08-07T17:31:40,2026-08-07T17:31:48
ID000103,Emma-Watson,56.png,Fake,Yes,,Yes,Yes,No,,Yes,2026-08-07T17:31:48,2026-08-07T17:31:52
ID000049,Billy-Bob-Thornton,01.jpg,Real,Yes,Yes,Yes,Yes,,,Yes,2026-08-07T17:32:01,2026-08-07T17:32:16
ID000049,Billy-Bob-Thornton,02.jpg,Real,Yes,Yes,Yes,Yes,,,Yes,2026-08-07T17:32:16,2026-08-07T17:32:19
ID000049,Billy-Bob-Thornton,03.jpg,Real,Yes,Yes,Yes,Yes,,,Yes,2026-08-07T17:32:19,2026-08-07T17:32:27
ID000049,Billy-Bob-Thornton,01.jpg,Fake,Yes,,Yes,Yes,Yes,,No,2026-08-07T17:32:29,2026-08-07T17:32:34
ID000049,Billy-Bob-Thornton,02.png,Fake,Yes,,Yes,Yes,No,,Yes,2026-08-07T17:32:34,2026-08-07T17:32:38
ID000049,Billy-Bob-Thornton,03.jpg,Fake,No,,Yes,Yes,No,,No,2026-08-07T17:32:38,2026-08-07T17:32:42
ID000049,Billy-Bob-Thornton,05.jpg,Fake,No,,Yes,Yes,Yes,,No,2026-08-07T17:32:42,2026-08-07T17:32:50
ID000219,Kurt-Russell,01.jpg,Real,Yes,Yes,Yes,Yes,,,Yes,2026-08-07T17:32:53,2026-08-07T17:33:04
ID000219,Kurt-Russell,01.jpg,Fake,No,,Yes,Yes,Yes,,No,2026-08-07T17:33:05,2026-08-07T17:33:13
ID000219,Kurt-Russell,02.jpg,Fake,No,,Yes,Yes,No,,No,2026-08-07T17:33:13,2026-08-07T17:33:17
ID000145,IU,01.jpg,Real,Yes,Yes,Yes,Yes,,,Yes,2026-08-07T17:33:18,2026-08-07T17:33:26
ID000145,IU,01.jpg,Fake,Yes,,Yes,Yes,Yes,,Yes,2026-08-07T17:33:28,2026-08-07T17:33:31
ID000145,IU,02.jpg,Fake,Yes,,Yes,Yes,No,,Yes,2026-08-07T17:33:31,2026-08-07T17:33:37
ID000145,IU,03.jpg,Fake,No,,Yes,Yes,Yes,,No,2026-08-07T17:33:37,2026-08-07T17:33:42
ID000145,IU,04.jpg,Fake,Yes,,Yes,Yes,No,,Yes,2026-08-07T17:33:42,2026-08-07T17:33:46
ID000314,Rooney-Mara,01.jpg,Real,Yes,Yes,Yes,Yes,,,Yes,2026-08-07T17:33:52,2026-08-07T17:34:02
ID000314,Rooney-Mara,02.jpg,Real,Yes,Yes,Yes,Yes,,,Yes,2026-08-07T17:34:02,2026-08-07T17:34:15
ID000314,Rooney-Mara,01.jpg,Fake,Yes,,Yes,Yes,Yes,,Yes,2026-08-07T17:34:16,2026-08-07T17:34:24
ID000314,Rooney-Mara,02.jpg,Fake,Yes,,Yes,Yes,Yes,,Yes,2026-08-07T17:34:24,2026-08-07T17:34:29
ID000314,Rooney-Mara,03.png,Fake,No,,Yes,Yes,No,,No,2026-08-07T17:34:29,2026-08-07T17:34:33
ID000314,Rooney-Mara,04.png,Fake,No,,Yes,Yes,No,,No,2026-08-07T17:34:33,2026-08-07T17:34:36
ID000071,Chris-Tucker,01.jpg,Real,Yes,Yes,Yes,Yes,,,Yes,2026-08-07T17:34:37,2026-08-07T17:34:49
ID000071,Chris-Tucker,01.jpg,Fake,No,,Yes,Yes,No,,No,2026-08-07T17:34:50,2026-08-07T17:34:54
ID000071,Chris-Tucker,02.jpg,Fake,No,,Yes,Yes,No,,No,2026-08-07T17:34:54,2026-08-07T17:34:57
ID000042,Ben-Kingsley,01.jpg,Real,Yes,Yes,Yes,Yes,,,Yes,2026-08-07T17:34:58,2026-08-07T17:35:08
ID000042,Ben-Kingsley,02.jpg,Real,Yes,Yes,Yes,Yes,,,Yes,2026-08-07T17:35:08,2026-08-07T17:35:11
ID000042,Ben-Kingsley,01.jpg,Fake,Yes,,Yes,Yes,Yes,,Yes,2026-08-07T17:35:13,2026-08-07T17:35:17
ID000042,Ben-Kingsley,02.jpg,Fake,No,,Yes,Yes,Yes,,No,2026-08-07T17:35:17,2026-08-07T17:35:24
ID000373,Xiao-Zhan,01.jpg,Real,Yes,Yes,Yes,Yes,,,Yes,2026-08-07T17:35:25,2026-08-07T17:35:35
ID000373,Xiao-Zhan,02.jpg,Real,Yes,Yes,Yes,Yes,,,Yes,2026-08-07T17:35:36,2026-08-07T17:35:39
ID000373,Xiao-Zhan,03.jpg,Real,Yes,Yes,Yes,Yes,,,Yes,2026-08-07T17:35:39,2026-08-07T17:35:51
ID000373,Xiao-Zhan,01.jpg,Fake,Yes,,No,Yes,No,,No,2026-08-07T17:35:52,2026-08-07T17:36:14
ID000373,Xiao-Zhan,02.jpg,Fake,Yes,,Yes,No,Yes,,No,2026-08-07T17:36:14,2026-08-07T17:36:26
ID000373,Xiao-Zhan,03.jpg,Fake,Yes,,Yes,Yes,Yes,,Yes,2026-08-07T17:36:27,2026-08-07T17:36:32
ID000275,Nasser-Al-Huqbani,01.jpg,Real,Yes,Yes,Yes,Yes,,,Yes,2026-08-07T17:36:33,2026-08-07T17:36:42
ID000275,Nasser-Al-Huqbani,02.jpg,Real,Yes,Yes,Yes,Yes,,,Yes,2026-08-07T17:36:43,2026-08-07T17:36:49
ID000275,Nasser-Al-Huqbani,03.jpg,Real,Yes,Yes,Yes,Yes,,,Yes,2026-08-07T17:36:50,2026-08-07T17:37:06
ID000275,Nasser-Al-Huqbani,01.jpg,Fake,No,,Yes,Yes,No,,No,2026-08-07T17:37:07,2026-08-07T17:37:11
ID000275,Nasser-Al-Huqbani,02.jpg,Fake,No,,Yes,Yes,No,,No,2026-08-07T17:37:11,2026-08-07T17:37:14
ID000160,James-Caan,01.jpg,Real,Yes,Yes,Yes,Yes,,,Yes,2026-08-07T17:37:15,2026-08-07T17:37:30
ID000160,James-Caan,01.png,Fake,No,,Yes,Yes,No,,No,2026-08-07T17:37:31,2026-08-07T17:37:36
ID000160,James-Caan,02.png,Fake,No,,Yes,Yes,No,,No,2026-08-07T17:37:36,2026-08-07T17:37:40
ID000026,Anthony-Edwards,01.png,Real,Yes,Yes,Yes,Yes,,,Yes,2026-08-07T17:37:40,2026-08-07T17:37:51
ID000026,Anthony-Edwards,02.jpg,Real,Yes,Yes,Yes,Yes,,,Yes,2026-08-07T17:37:51,2026-08-07T17:37:57
ID000026,Anthony-Edwards,01.jpg,Fake,No,,Yes,Yes,Yes,skin is too smooth no pores,No,2026-08-07T17:37:58,2026-08-07T17:38:21
ID000026,Anthony-Edwards,02.jpg,Fake,No,,Yes,Yes,No,,No,2026-08-07T17:38:21,2026-08-07T17:38:26
ID000200,Justin-Trudeau,01.jpg,Real,Yes,Yes,Yes,Yes,,,Yes,2026-08-07T17:38:27,2026-08-07T17:38:36
ID000200,Justin-Trudeau,01.jpg,Fake,Yes,,Yes,Yes,No,,Yes,2026-08-07T17:38:38,2026-08-07T17:38:43
ID000200,Justin-Trudeau,02.jpg,Fake,Yes,,Yes,Yes,Yes,"distortion in cigar,hat, and hair color",Yes,2026-08-07T17:38:43,2026-08-07T17:39:15
ID000200,Justin-Trudeau,03.jpg,Fake,No,,Yes,Yes,Yes,,No,2026-08-07T17:39:15,2026-08-07T17:39:20
ID000349,Thomas-Jeffrey-Hanks,01.jpg,Real,Yes,Yes,Yes,Yes,,,Yes,2026-08-07T17:39:23,2026-08-07T17:39:34
ID000349,Thomas-Jeffrey-Hanks,02.jpg,Real,Yes,Yes,Yes,Yes,,,Yes,2026-08-07T17:39:34,2026-08-07T17:39:37
ID000349,Thomas-Jeffrey-Hanks,01.webp,Fake,Yes,,Yes,Yes,No,,Yes,2026-08-07T17:39:38,2026-08-07T17:39:46
ID000349,Thomas-Jeffrey-Hanks,04.jpg,Fake,Yes,,No,Yes,No,,No,2026-08-07T17:39:47,2026-08-07T17:41:07
ID000349,Thomas-Jeffrey-Hanks,05.jpg,Fake,Yes,,Yes,Yes,Yes,,Yes,2026-08-07T17:41:07,2026-08-07T17:41:14
ID000349,Thomas-Jeffrey-Hanks,05.png,Fake,Yes,,Yes,Yes,Yes,,Yes,2026-08-07T17:41:14,2026-08-07T17:41:20
ID000351,Tim-Allen,01.jpg,Real,Yes,Yes,Yes,Yes,,,Yes,2026-08-07T17:41:21,2026-08-07T17:41:33
ID000351,Tim-Allen,02.jpg,Real,Yes,Yes,Yes,Yes,,,Yes,2026-08-07T17:41:33,2026-08-07T17:41:37
ID000351,Tim-Allen,01.jpg,Fake,No,,Yes,Yes,No,,No,2026-08-07T17:41:38,2026-08-07T17:41:43
ID000351,Tim-Allen,02.jpg,Fake,No,,Yes,Yes,No,,No,2026-08-07T17:41:43,2026-08-07T17:41:48
ID000368,William,01.jpg,Real,Yes,Yes,Yes,Yes,,,Yes,2026-08-07T17:41:49,2026-08-07T17:41:53
ID000368,William,02.jpg,Real,Yes,Yes,Yes,Yes,,,Yes,2026-08-07T17:41:53,2026-08-07T17:41:57
ID000368,William,02.jpg,Fake,Yes,,Yes,Yes,Yes,,Yes,2026-08-07T17:41:58,2026-08-07T17:42:02
ID000368,William,1.jpg,Fake,No,,Yes,Yes,No,,No,2026-08-07T17:42:02,2026-08-07T17:42:09
ID000337,Song-Kang-ho,01.jpg,Real,Yes,Yes,Yes,Yes,,,Yes,2026-08-07T17:42:10,2026-08-07T17:42:20
ID000337,Song-Kang-ho,02.jpg,Real,Yes,Yes,Yes,Yes,,,Yes,2026-08-07T17:42:20,2026-08-07T17:42:25
ID000337,Song-Kang-ho,01.jpg,Fake,No,,Yes,Yes,Yes,,No,2026-08-07T17:42:26,2026-08-07T17:42:39
ID000138,Helen-Mirren,01.jpg,Real,Yes,Yes,Yes,Yes,,,Yes,2026-08-07T17:42:40,2026-08-07T17:42:53
ID000138,Helen-Mirren,02.jpg,Real,Yes,Yes,Yes,Yes,,,Yes,2026-08-07T17:42:53,2026-08-07T17:42:56
ID000138,Helen-Mirren,01.jpg,Fake,No,,Yes,Yes,No,,No,2026-08-07T17:42:57,2026-08-07T17:43:04
ID000138,Helen-Mirren,02.jpg,Fake,No,,Yes,Yes,Yes,feet distorted,No,2026-08-07T17:43:04,2026-08-07T17:43:18
ID000138,Helen-Mirren,04.jpg,Fake,No,,Yes,Yes,No,,No,2026-08-07T17:43:18,2026-08-07T17:43:27
ID000138,Helen-Mirren,05.jpg,Fake,No,,Yes,Yes,No,,No,2026-08-07T17:43:27,2026-08-07T17:43:34
ID000076,Clint-Eastwood,01.jpg,Real,Yes,Yes,Yes,Yes,,,Yes,2026-08-07T17:43:35,2026-08-07T17:43:49
ID000076,Clint-Eastwood,02.jpg,Real,Yes,Yes,Yes,Yes,,,Yes,2026-08-07T17:43:49,2026-08-07T17:44:01
ID000076,Clint-Eastwood,01.png,Fake,No,,Yes,Yes,No,,No,2026-08-07T17:44:02,2026-08-07T17:44:07
ID000076,Clint-Eastwood,02.jpg,Fake,Yes,,Yes,Yes,Yes,,Yes,2026-08-07T17:44:07,2026-08-07T17:44:13
ID000076,Clint-Eastwood,03.jpg,Fake,Yes,,Yes,Yes,Yes,,Yes,2026-08-07T17:44:13,2026-08-07T17:44:17
ID000009,Albert-Eienstain,01.jpg,Real,Yes,Yes,Yes,Yes,,,Yes,2026-08-07T17:44:18,2026-08-07T17:44:23
ID000009,Albert-Eienstain,02.jpg,Real,Yes,Yes,Yes,Yes,,,Yes,2026-08-07T17:44:23,2026-08-07T17:44:34
ID000009,Albert-Eienstain,01.jpg,Fake,No,,Yes,Yes,Yes,,No,2026-08-07T17:44:35,2026-08-07T17:44:41
ID000009,Albert-Eienstain,03.jpg,Fake,Yes,,Yes,Yes,Yes,,Yes,2026-08-07T17:44:41,2026-08-07T17:44:45
ID000009,Albert-Eienstain,04.jpg,Fake,Yes,,Yes,Yes,Yes,,Yes,2026-08-07T17:44:45,2026-08-07T17:44:56
ID000009,Albert-Eienstain,05.png,Fake,Yes,,Yes,Yes,No,,Yes,2026-08-07T17:44:56,2026-08-07T17:45:05
ID000335,Shubman-Gill,01.jpg,Real,Yes,Yes,Yes,Yes,,,Yes,2026-08-07T17:45:06,2026-08-07T17:46:07
ID000335,Shubman-Gill,02.png,Real,Yes,Yes,Yes,Yes,,,Yes,2026-08-07T17:46:07,2026-08-07T17:46:10
ID000335,Shubman-Gill,03.webp,Real,Yes,Yes,Yes,Yes,,,Yes,2026-08-07T17:46:10,2026-08-07T17:46:20
ID000335,Shubman-Gill,01.jpg,Fake,No,,No,Yes,Yes,,No,2026-08-07T17:46:22,2026-08-07T17:46:30
ID000335,Shubman-Gill,1.jpg,Fake,Yes,,Yes,Yes,No,,Yes,2026-08-07T17:46:30,2026-08-07T17:46:39
ID000335,Shubman-Gill,2.jpg,Fake,Yes,,Yes,Yes,No,,Yes,2026-08-07T17:46:39,2026-08-07T17:46:48
ID000039,Bashar-al-Assad,01.jpg,Real,Yes,Yes,Yes,Yes,,,Yes,2026-08-07T17:46:49,2026-08-07T17:48:04
ID000039,Bashar-al-Assad,02.jpg,Real,Yes,Yes,Yes,Yes,,,Yes,2026-08-07T17:48:04,2026-08-07T17:48:07
ID000039,Bashar-al-Assad,01.jpg,Fake,No,,Yes,Yes,Yes,,No,2026-08-07T17:48:08,2026-08-07T17:48:15
ID000039,Bashar-al-Assad,02.jpg,Fake,Yes,,Yes,Yes,Yes,,Yes,2026-08-07T17:48:15,2026-08-07T17:48:20
ID000039,Bashar-al-Assad,03.jpg,Fake,Yes,,Yes,Yes,Yes,,Yes,2026-08-07T17:48:20,2026-08-07T17:48:24
ID000010,Alec-Baldwin,01.jpg,Real,Yes,Yes,Yes,Yes,,,Yes,2026-08-07T17:48:25,2026-08-07T17:48:32
ID000010,Alec-Baldwin,02.jpg,Real,Yes,Yes,Yes,Yes,,,Yes,2026-08-07T17:48:32,2026-08-07T17:48:40
ID000010,Alec-Baldwin,03.jpg,Real,Yes,Yes,Yes,Yes,,,Yes,2026-08-07T17:48:40,2026-08-07T17:48:54
ID000010,Alec-Baldwin,01.jpg,Fake,No,,Yes,Yes,No,,No,2026-08-07T17:48:56,2026-08-07T17:49:04
ID000010,Alec-Baldwin,02.jpg,Fake,Yes,,Yes,Yes,Yes,,Yes,2026-08-07T17:49:04,2026-08-07T17:49:10
ID000023,Anna-Faris,01.jpg,Real,Yes,Yes,Yes,Yes,,,Yes,2026-08-07T17:49:11,2026-08-07T17:49:21
ID000023,Anna-Faris,01.jpg,Fake,Yes,,Yes,Yes,Yes,,Yes,2026-08-07T17:49:22,2026-08-07T17:50:24
ID000023,Anna-Faris,02.jpg,Fake,Yes,,Yes,Yes,No,,Yes,2026-08-07T17:50:24,2026-08-07T17:50:28
ID000326,Seerna-William,01.jpg,Real,Yes,Yes,Yes,Yes,,,Yes,2026-08-07T17:50:29,2026-08-07T17:50:33
ID000326,Seerna-William,1.png,Fake,Yes,,Yes,Yes,Yes,distorsion in clothes on the shoulder,Yes,2026-08-07T17:50:34,2026-08-07T17:51:00
ID000297,Pope-Francis,01.jpg,Real,Yes,Yes,Yes,Yes,,,Yes,2026-08-07T17:51:01,2026-08-07T17:51:11
ID000297,Pope-Francis,01.jpg,Fake,Yes,,Yes,Yes,Yes,fingers on mobile are distorted,Yes,2026-08-07T17:51:12,2026-08-07T17:51:40
ID000297,Pope-Francis,02.png,Fake,Yes,,Yes,Yes,Yes,people in the backgroud are distorted,Yes,2026-08-07T17:51:40,2026-08-07T17:52:07
ID000297,Pope-Francis,04.jpg,Fake,Yes,,Yes,Yes,No,,Yes,2026-08-07T17:52:07,2026-08-07T17:52:17
ID000296,Pierce-Brosnan,01.jpg,Real,Yes,Yes,Yes,Yes,,,Yes,2026-08-07T17:52:20,2026-08-07T17:52:35
ID000296,Pierce-Brosnan,02.jpg,Real,Yes,Yes,Yes,Yes,,,Yes,2026-08-07T17:52:35,2026-08-07T17:52:38
ID000296,Pierce-Brosnan,01.jpg,Fake,Yes,,Yes,Yes,No,,Yes,2026-08-07T17:52:40,2026-08-07T17:52:45
ID000296,Pierce-Brosnan,02.jpg,Fake,No,,Yes,Yes,Yes,,No,2026-08-07T17:52:45,2026-08-07T17:52:49
ID000296,Pierce-Brosnan,04.jpg,Fake,Yes,,Yes,Yes,Yes,,Yes,2026-08-07T17:52:49,2026-08-07T17:52:56
ID000296,Pierce-Brosnan,05.jpg,Fake,Yes,,Yes,Yes,Yes,,No,2026-08-07T17:52:56,2026-08-07T17:53:00
ID000345,Sylvester-Stallone,01.jpg,Real,Yes,Yes,Yes,Yes,,,Yes,2026-08-07T17:53:03,2026-08-07T17:53:10
ID000345,Sylvester-Stallone,02.jpg,Real,Yes,Yes,Yes,Yes,,,Yes,2026-08-07T17:53:10,2026-08-07T17:53:13
ID000345,Sylvester-Stallone,01.jpg,Fake,Yes,,Yes,Yes,Yes,,No,2026-08-07T17:53:14,2026-08-07T17:53:19
ID000345,Sylvester-Stallone,02.jpg,Fake,No,,Yes,Yes,No,,No,2026-08-07T17:53:19,2026-08-07T17:53:23
ID000345,Sylvester-Stallone,03.jpg,Fake,Yes,,Yes,Yes,Yes,,Yes,2026-08-07T17:53:23,2026-08-07T17:53:28
ID000345,Sylvester-Stallone,04.jpg,Fake,No,,Yes,Yes,No,,No,2026-08-07T17:53:28,2026-08-07T17:53:35
ID000345,Sylvester-Stallone,05.jpg,Fake,Yes,,Yes,Yes,Yes,,Yes,2026-08-07T17:53:35,2026-08-07T17:53:39
ID000381,ema-watson,01.jpg,Real,Yes,Yes,Yes,Yes,,,Yes,2026-08-07T17:53:45,2026-08-07T17:53:50
ID000381,ema-watson,01.png,Fake,Yes,,Yes,Yes,No,,Yes,2026-08-07T17:53:52,2026-08-07T17:54:04
ID000381,ema-watson,02.png,Fake,Yes,,Yes,Yes,No,,Yes,2026-08-07T17:54:04,2026-08-07T17:54:07
ID000381,ema-watson,03.jpg,Fake,Yes,,Yes,Yes,Yes,,No,2026-08-07T17:54:08,2026-08-07T17:54:13
ID000239,Margot-Robie,01.jpg,Real,Yes,Yes,Yes,Yes,,,Yes,2026-08-07T17:54:24,2026-08-07T17:54:28
ID000239,Margot-Robie,02.jpg,Real,Yes,Yes,Yes,Yes,,,Yes,2026-08-07T17:54:28,2026-08-07T17:54:31
ID000239,Margot-Robie,01.jpg,Fake,Yes,,Yes,Yes,No,,Yes,2026-08-07T17:54:33,2026-08-07T17:54:37
ID000239,Margot-Robie,02.jpg,Fake,Yes,,Yes,Yes,No,,Yes,2026-08-07T17:54:38,2026-08-07T17:54:42
ID000239,Margot-Robie,03.jpg,Fake,No,,Yes,Yes,Yes,,No,2026-08-07T17:54:42,2026-08-07T17:54:47
ID000239,Margot-Robie,04.png,Fake,Yes,,Yes,Yes,No,,No,2026-08-07T17:54:47,2026-08-07T17:54:52
ID000239,Margot-Robie,05.jpg,Fake,Yes,,Yes,Yes,No,,Yes,2026-08-07T17:54:52,2026-08-07T17:54:55
ID000239,Margot-Robie,06.png,Fake,No,,Yes,Yes,No,,No,2026-08-07T17:54:56,2026-08-07T17:54:59
ID000312,Romain-Duris,01.jpg,Real,Yes,Yes,Yes,Yes,,,Yes,2026-08-07T17:55:05,2026-08-07T17:55:20
ID000312,Romain-Duris,02.jpg,Real,Yes,Yes,Yes,Yes,,,Yes,2026-08-07T17:55:20,2026-08-07T17:55:27
ID000312,Romain-Duris,01.jpg,Fake,No,,Yes,Yes,No,,No,2026-08-07T17:55:28,2026-08-07T17:55:33
ID000312,Romain-Duris,02.jpg,Fake,No,,Yes,Yes,Yes,,No,2026-08-07T17:55:34,2026-08-07T17:55:41
ID000380,dua-lipa,01.jpg,Real,Yes,Yes,Yes,Yes,,,Yes,2026-08-07T17:55:42,2026-08-07T17:55:50
ID000380,dua-lipa,01.jpg,Fake,Yes,,Yes,Yes,Yes,,No,2026-08-07T17:55:51,2026-08-07T17:56:00
ID000380,dua-lipa,02.jpg,Fake,Yes,,Yes,Yes,No,,Yes,2026-08-07T17:56:00,2026-08-07T17:56:03
ID000380,dua-lipa,03.jpg,Fake,No,,Yes,Yes,No,,No,2026-08-07T17:56:03,2026-08-07T17:56:08
ID000380,dua-lipa,04.png,Fake,Yes,,Yes,Yes,No,,Yes,2026-08-07T17:56:08,2026-08-07T17:56:11
ID000263,Michelle-Yeoh,01.jpg,Real,Yes,Yes,Yes,Yes,,,Yes,2026-08-07T17:56:14,2026-08-07T17:56:23
ID000263,Michelle-Yeoh,01.jpg,Fake,No,,Yes,Yes,Yes,,No,2026-08-07T17:56:24,2026-08-07T17:56:29
ID000263,Michelle-Yeoh,02.jpg,Fake,No,,Yes,Yes,Yes,,No,2026-08-07T17:56:30,2026-08-07T17:56:33
ID000222,Lamine-yaml,01.jpg,Real,Yes,Yes,Yes,Yes,,,Yes,2026-08-07T17:56:36,2026-08-07T17:56:41
ID000222,Lamine-yaml,5.jpg,Fake,Yes,,Yes,Yes,No,,Yes,2026-08-07T17:56:42,2026-08-07T17:56:50
ID000179,Jim-Sturgess,01.jpg,Real,Yes,Yes,Yes,Yes,,,Yes,2026-08-07T17:56:51,2026-08-07T17:57:02
ID000179,Jim-Sturgess,02.jpg,Real,Yes,Yes,Yes,Yes,,,Yes,2026-08-07T17:57:02,2026-08-07T17:57:06
ID000179,Jim-Sturgess,01.jpg,Fake,No,,Yes,Yes,Yes,,No,2026-08-07T17:57:07,2026-08-07T17:57:15
ID000330,Shakira-Isabel-Mebarak-Ripoll,01.jpg,Real,Yes,Yes,Yes,Yes,,,Yes,2026-08-07T17:57:16,2026-08-07T17:57:21
ID000330,Shakira-Isabel-Mebarak-Ripoll,02.jpg,Real,Yes,Yes,Yes,Yes,,,Yes,2026-08-07T17:57:21,2026-08-07T17:57:24
ID000330,Shakira-Isabel-Mebarak-Ripoll,03.jpg,Real,Yes,Yes,Yes,Yes,,,Yes,2026-08-07T17:57:24,2026-08-07T17:57:29
ID000330,Shakira-Isabel-Mebarak-Ripoll,01.jpg,Fake,No,,Yes,Yes,No,,No,2026-08-07T17:57:30,2026-08-07T17:57:35
ID000330,Shakira-Isabel-Mebarak-Ripoll,04.png,Fake,Yes,,Yes,Yes,No,,Yes,2026-08-07T17:57:35,2026-08-07T17:57:39
ID000187,John-Wayne,01.jpg,Real,Yes,Yes,Yes,Yes,,,Yes,2026-08-07T17:57:41,2026-08-07T17:57:52
ID000187,John-Wayne,02.jpg,Real,Yes,Yes,Yes,Yes,,,Yes,2026-08-07T17:57:52,2026-08-07T17:57:56
ID000187,John-Wayne,03.jpg,Real,Yes,Yes,Yes,Yes,,,Yes,2026-08-07T17:57:56,2026-08-07T17:58:05
ID000187,John-Wayne,01.jpg,Fake,Yes,,Yes,Yes,Yes,,No,2026-08-07T17:58:06,2026-08-07T17:58:18
ID000187,John-Wayne,02.jpg,Fake,No,,Yes,Yes,No,,No,2026-08-07T17:58:18,2026-08-07T17:58:22
ID000187,John-Wayne,03.jpg,Fake,No,,Yes,Yes,No,,No,2026-08-07T17:58:22,2026-08-07T17:58:25
ID000187,John-Wayne,04.jpg,Fake,Yes,,Yes,Yes,Yes,,Yes,2026-08-07T17:58:26,2026-08-07T17:58:30
ID000356,Tom-Cruise,01.jpg,Real,Yes,Yes,Yes,Yes,,,Yes,2026-08-07T17:58:35,2026-08-07T17:58:39
ID000356,Tom-Cruise,02.jpg,Real,Yes,Yes,Yes,Yes,,,Yes,2026-08-07T17:58:40,2026-08-07T17:58:43
ID000356,Tom-Cruise,03.jpg,Real,Yes,Yes,Yes,Yes,,,Yes,2026-08-07T17:58:43,2026-08-07T17:58:46
ID000356,Tom-Cruise,01.jpg,Fake,Yes,,Yes,Yes,Yes,fingers distorted,Yes,2026-08-07T17:58:48,2026-08-07T17:59:00
ID000019,Andrea-Pirlo,01.jpg,Real,Yes,Yes,Yes,Yes,,,Yes,2026-08-07T17:59:03,2026-08-07T17:59:23
ID000019,Andrea-Pirlo,1.jpg,Real,Yes,Yes,Yes,Yes,,,Yes,2026-08-07T17:59:24,2026-08-07T17:59:33
ID000019,Andrea-Pirlo,02.jpg,Fake,No,,Yes,Yes,Yes,,No,2026-08-07T17:59:46,2026-08-07T17:59:56
ID000019,Andrea-Pirlo,1.jpg,Fake,Yes,,Yes,Yes,No,,Yes,2026-08-07T17:59:57,2026-08-07T18:00:01
ID000215,Kim-Jong-Un,01.jpg,Real,Yes,Yes,Yes,Yes,,,Yes,2026-08-07T18:00:01,2026-08-07T18:00:12
ID000215,Kim-Jong-Un,02.jpg,Real,Yes,Yes,Yes,Yes,,,Yes,2026-08-07T18:00:12,2026-08-07T18:00:15
ID000215,Kim-Jong-Un,03.jpg,Real,Yes,Yes,Yes,Yes,,,Yes,2026-08-07T18:00:15,2026-08-07T18:00:18
ID000215,Kim-Jong-Un,01.jpg,Fake,Yes,,Yes,Yes,Yes,,Yes,2026-08-07T18:00:20,2026-08-07T18:00:24
ID000215,Kim-Jong-Un,02.png,Fake,No,,Yes,Yes,Yes,,No,2026-08-07T18:00:25,2026-08-07T18:00:28
ID000215,Kim-Jong-Un,03.png,Fake,Yes,,Yes,Yes,No,,Yes,2026-08-07T18:00:28,2026-08-07T18:00:32
ID000215,Kim-Jong-Un,04.jpg,Fake,Yes,,Yes,Yes,Yes,,No,2026-08-07T18:00:32,2026-08-07T18:00:40
ID000271,Mlanie-Laurent,01.jpg,Real,Yes,Yes,Yes,Yes,,,Yes,2026-08-07T18:00:44,2026-08-07T18:00:56
ID000271,Mlanie-Laurent,01.jpg,Fake,No,,Yes,Yes,No,,No,2026-08-07T18:00:57,2026-08-07T18:01:07
ID000271,Mlanie-Laurent,02.jpg,Fake,No,,Yes,Yes,No,,No,2026-08-07T18:01:07,2026-08-07T18:01:10
ID000271,Mlanie-Laurent,03.jpg,Fake,No,,Yes,Yes,No,,No,2026-08-07T18:01:10,2026-08-07T18:01:13
ID000331,Sharlto-Copley,01.jpg,Real,Yes,Yes,Yes,Yes,,,Yes,2026-08-07T18:01:14,2026-08-07T18:01:57
ID000331,Sharlto-Copley,02.jpg,Real,Yes,Yes,Yes,Yes,,,Yes,2026-08-07T18:01:57,2026-08-07T18:02:00
ID000331,Sharlto-Copley,03.jpg,Real,Yes,Yes,Yes,Yes,,,Yes,2026-08-07T18:02:00,2026-08-07T18:02:03
ID000331,Sharlto-Copley,01.jpg,Fake,No,,Yes,Yes,Yes,water droplets on face looks unreal,No,2026-08-07T18:02:04,2026-08-07T18:02:25
ID000331,Sharlto-Copley,02.png,Fake,No,,Yes,Yes,Yes,,No,2026-08-07T18:02:26,2026-08-07T18:02:31
ID000331,Sharlto-Copley,03.png,Fake,No,,Yes,Yes,Yes,,No,2026-08-07T18:02:31,2026-08-07T18:02:35
ID000169,Jennie,01.jpg,Real,Yes,Yes,Yes,Yes,,,Yes,2026-08-07T18:02:36,2026-08-07T18:02:46
ID000169,Jennie,02.jpg,Real,Yes,Yes,Yes,Yes,,,Yes,2026-08-07T18:02:46,2026-08-07T18:02:49
ID000169,Jennie,03.jpg,Real,Yes,Yes,Yes,Yes,,,Yes,2026-08-07T18:02:49,2026-08-07T18:02:56
ID000169,Jennie,01.png,Fake,Yes,,Yes,Yes,No,,Yes,2026-08-07T18:02:57,2026-08-07T18:03:01
ID000169,Jennie,02.jpg,Fake,No,,Yes,Yes,Yes,,No,2026-08-07T18:03:01,2026-08-07T18:03:09
ID000191,Jonah-Hill,01.jpg,Real,Yes,Yes,Yes,Yes,,,Yes,2026-08-07T18:03:10,2026-08-07T18:03:18
ID000191,Jonah-Hill,02.jpg,Real,Yes,Yes,Yes,Yes,,,Yes,2026-08-07T18:03:18,2026-08-07T18:03:23
ID000191,Jonah-Hill,03.jpg,Real,Yes,Yes,Yes,Yes,,,Yes,2026-08-07T18:03:23,2026-08-07T18:03:40
ID000191,Jonah-Hill,01.png,Fake,No,,Yes,Yes,No,,No,2026-08-07T18:03:41,2026-08-07T18:03:46
ID000178,Jim-Parsons,01.jpg,Real,Yes,Yes,Yes,Yes,,,Yes,2026-08-07T18:03:48,2026-08-07T18:03:57
ID000178,Jim-Parsons,02.jpg,Real,Yes,Yes,Yes,Yes,,,Yes,2026-08-07T18:03:57,2026-08-07T18:04:00
ID000178,Jim-Parsons,03.jpg,Real,Yes,Yes,Yes,Yes,,,Yes,2026-08-07T18:04:00,2026-08-07T18:04:03
ID000178,Jim-Parsons,01.jpg,Fake,No,,Yes,Yes,Yes,,No,2026-08-07T18:04:04,2026-08-07T18:04:09
ID000178,Jim-Parsons,02.jpg,Fake,No,,Yes,Yes,No,,No,2026-08-07T18:04:09,2026-08-07T18:04:16
ID000178,Jim-Parsons,03.jpg,Fake,No,,Yes,Yes,Yes,ears are too pointed,No,2026-08-07T18:04:16,2026-08-07T18:04:35
ID000178,Jim-Parsons,04.jpg,Fake,No,,Yes,Yes,No,,No,2026-08-07T18:04:35,2026-08-07T18:04:42
ID000077,Colin-Farrell,01.jpg,Real,Yes,Yes,Yes,Yes,,,Yes,2026-08-07T18:04:43,2026-08-07T18:04:53
ID000077,Colin-Farrell,01.jpg,Fake,No,,Yes,Yes,Yes,,No,2026-08-07T18:04:54,2026-08-07T18:05:01
ID000077,Colin-Farrell,02.jpg,Fake,Yes,,Yes,Yes,No,,Yes,2026-08-07T18:05:01,2026-08-07T18:05:05
ID000077,Colin-Farrell,03.png,Fake,No,,Yes,Yes,No,,No,2026-08-07T18:05:05,2026-08-07T18:05:09
ID000304,Robert-De-Niro,01.jpg,Real,Yes,Yes,Yes,Yes,,,Yes,2026-08-07T18:05:10,2026-08-07T18:05:15
ID000304,Robert-De-Niro,02.jpg,Real,Yes,Yes,Yes,Yes,,,Yes,2026-08-07T18:05:15,2026-08-07T18:05:18
ID000304,Robert-De-Niro,03.jpg,Real,Yes,Yes,Yes,Yes,,,Yes,2026-08-07T18:05:19,2026-08-07T18:05:22
ID000304,Robert-De-Niro,01.jpg,Fake,Yes,,Yes,Yes,Yes,,Yes,2026-08-07T18:05:24,2026-08-07T18:05:28
ID000304,Robert-De-Niro,02.jpg,Fake,No,,Yes,Yes,Yes,,No,2026-08-07T18:05:28,2026-08-07T18:05:32
ID000304,Robert-De-Niro,03.jpg,Fake,Yes,,Yes,Yes,No,,Yes,2026-08-07T18:05:32,2026-08-07T18:05:51
ID000304,Robert-De-Niro,04.jpg,Fake,No,,Yes,Yes,Yes,,No,2026-08-07T18:05:51,2026-08-07T18:05:55
ID000304,Robert-De-Niro,05.jpg,Fake,No,,Yes,Yes,No,,No,2026-08-07T18:05:56,2026-08-07T18:06:01
ID000148,Imane-Anys-Pokimane,01.jpg,Real,Yes,Yes,Yes,Yes,,,Yes,2026-08-07T18:06:02,2026-08-07T18:06:12
ID000148,Imane-Anys-Pokimane,01.jpg,Fake,Yes,,Yes,Yes,No,,Yes,2026-08-07T18:06:14,2026-08-07T18:06:54
ID000148,Imane-Anys-Pokimane,02.jpg,Fake,No,,Yes,Yes,No,,No,2026-08-07T18:06:54,2026-08-07T18:07:01
ID000232,Livvy-Dunne,1.jpg,Real,Yes,Yes,Yes,Yes,,,Yes,2026-08-07T18:07:02,2026-08-07T18:07:15
ID000232,Livvy-Dunne,01.jpg,Fake,Yes,,Yes,Yes,No,,Yes,2026-08-07T18:07:16,2026-08-07T18:07:26
ID000232,Livvy-Dunne,02.jpg,Fake,No,,Yes,Yes,No,,No,2026-08-07T18:07:26,2026-08-07T18:07:31
ID000232,Livvy-Dunne,03.jpg,Fake,Yes,,Yes,Yes,No,,Yes,2026-08-07T18:07:31,2026-08-07T18:07:40
ID000232,Livvy-Dunne,04.jpg,Fake,No,,Yes,Yes,No,,No,2026-08-07T18:07:40,2026-08-07T18:07:46
ID000232,Livvy-Dunne,05.jpg,Fake,No,,Yes,Yes,Yes,,No,2026-08-07T18:07:46,2026-08-07T18:07:50
ID000232,Livvy-Dunne,1.png,Fake,Yes,,Yes,Yes,No,,Yes,2026-08-07T18:07:50,2026-08-07T18:07:55
ID000149,Imran-Kahn,01.jpg,Real,Yes,Yes,Yes,Yes,,,Yes,2026-08-07T18:07:56,2026-08-07T18:08:01
ID000149,Imran-Kahn,02.jpg,Real,Yes,Yes,Yes,Yes,,,Yes,2026-08-07T18:08:01,2026-08-07T18:08:05
ID000149,Imran-Kahn,01.jpg,Fake,No,,Yes,Yes,Yes,,No,2026-08-07T18:08:06,2026-08-07T18:08:11
ID000149,Imran-Kahn,03.jpg,Fake,No,,Yes,Yes,Yes,,No,2026-08-07T18:08:11,2026-08-07T18:08:15
ID000149,Imran-Kahn,06.png,Fake,Yes,,Yes,Yes,No,,Yes,2026-08-07T18:08:15,2026-08-07T18:08:19
ID000302,Rihanna,01.png,Real,Yes,Yes,Yes,Yes,,,Yes,2026-08-07T18:08:20,2026-08-07T18:08:25
ID000302,Rihanna,02.jpg,Real,Yes,Yes,Yes,Yes,,,Yes,2026-08-07T18:08:25,2026-08-07T18:08:28
ID000302,Rihanna,01.jpg,Fake,No,,Yes,Yes,Yes,,No,2026-08-07T18:08:29,2026-08-07T18:08:33
ID000302,Rihanna,02.jpg,Fake,Yes,,Yes,Yes,Yes,,Yes,2026-08-07T18:08:33,2026-08-07T18:08:38
ID000302,Rihanna,03.jpg,Fake,Yes,,Yes,Yes,No,,Yes,2026-08-07T18:08:38,2026-08-07T18:08:42
ID000302,Rihanna,1.jpg,Fake,Yes,,Yes,Yes,No,,Yes,2026-08-07T18:08:42,2026-08-07T18:08:47
ID000066,Charlize-Theron,01.jpg,Real,Yes,Yes,Yes,Yes,,,Yes,2026-08-07T18:08:48,2026-08-07T18:08:58
ID000066,Charlize-Theron,02.jpg,Real,Yes,Yes,Yes,Yes,,,Yes,2026-08-07T18:08:58,2026-08-07T18:09:01
ID000066,Charlize-Theron,03.jpg,Real,Yes,Yes,Yes,Yes,,,Yes,2026-08-07T18:09:01,2026-08-07T18:09:04
ID000066,Charlize-Theron,01.jpg,Fake,Yes,,Yes,No,Yes,hand distorted,No,2026-08-07T18:09:05,2026-08-07T18:09:23
ID000066,Charlize-Theron,02.jpg,Fake,No,,Yes,Yes,Yes,,No,2026-08-07T18:09:23,2026-08-07T18:09:38
ID000066,Charlize-Theron,03.jpg,Fake,Yes,,Yes,Yes,Yes,,Yes,2026-08-07T18:09:38,2026-08-07T18:09:41
ID000066,Charlize-Theron,04.jpg,Fake,No,,Yes,Yes,No,,No,2026-08-07T18:09:41,2026-08-07T18:09:52
ID000066,Charlize-Theron,05.jpg,Fake,Yes,,Yes,Yes,Yes,,Yes,2026-08-07T18:09:52,2026-08-07T18:10:00
ID000044,Benicio-del-Toro,01.jpg,Real,Yes,Yes,Yes,Yes,,,Yes,2026-08-07T18:10:02,2026-08-07T18:10:13
ID000044,Benicio-del-Toro,02.jpg,Real,Yes,Yes,Yes,Yes,,,Yes,2026-08-07T18:10:13,2026-08-07T18:10:23
ID000044,Benicio-del-Toro,03.jpg,Real,Yes,Yes,Yes,Yes,,,Yes,2026-08-07T18:10:23,2026-08-07T18:10:34
ID000044,Benicio-del-Toro,02.jpg,Fake,No,,Yes,Yes,Yes,,No,2026-08-07T18:10:35,2026-08-07T18:10:39
ID000044,Benicio-del-Toro,03.jpg,Fake,Yes,,Yes,Yes,Yes,,Yes,2026-08-07T18:10:39,2026-08-07T18:10:48
ID000044,Benicio-del-Toro,04.jpg,Fake,No,,Yes,Yes,Yes,,No,2026-08-07T18:10:48,2026-08-07T18:10:55
ID000074,Christopher-Walken,01.jpg,Real,Yes,Yes,Yes,Yes,,,Yes,2026-08-07T18:11:00,2026-08-07T18:11:11
ID000074,Christopher-Walken,02.jpg,Real,Yes,Yes,Yes,Yes,,,Yes,2026-08-07T18:11:11,2026-08-07T18:11:18
ID000074,Christopher-Walken,03.jpg,Real,Yes,Yes,Yes,Yes,,,Yes,2026-08-07T18:11:19,2026-08-07T18:11:25
ID000074,Christopher-Walken,01.jpg,Fake,No,,Yes,Yes,Yes,,No,2026-08-07T18:11:26,2026-08-07T18:11:31
ID000074,Christopher-Walken,03.png,Fake,No,,Yes,Yes,No,,No,2026-08-07T18:11:31,2026-08-07T18:11:36
ID000074,Christopher-Walken,04.jpg,Fake,No,,Yes,Yes,Yes,,No,2026-08-07T18:11:37,2026-08-07T18:11:40
ID000074,Christopher-Walken,05.jpg,Fake,Yes,,Yes,Yes,Yes,,Yes,2026-08-07T18:11:40,2026-08-07T18:11:51
ID000321,Sam-Rockwell,01.jpg,Real,Yes,Yes,Yes,Yes,,,Yes,2026-08-07T18:11:51,2026-08-07T18:12:04
ID000321,Sam-Rockwell,01.jpg,Fake,No,,Yes,Yes,No,,No,2026-08-07T18:12:05,2026-08-07T18:12:39
ID000321,Sam-Rockwell,02.jpg,Fake,No,,Yes,Yes,No,,No,2026-08-07T18:12:39,2026-08-07T18:12:43
ID000105,Engin Altan,01.jpg,Real,Yes,Yes,Yes,Yes,,,Yes,2026-08-07T18:12:44,2026-08-07T18:12:51
ID000105,Engin Altan,02.jpg,Real,Yes,Yes,Yes,Yes,,,Yes,2026-08-07T18:12:51,2026-08-07T18:12:54
ID000105,Engin Altan,03.jpg,Real,Yes,Yes,Yes,Yes,,,Yes,2026-08-07T18:12:55,2026-08-07T18:12:58
ID000105,Engin Altan,01.jpg,Fake,No,,Yes,Yes,No,,No,2026-08-07T18:13:00,2026-08-07T18:13:04
ID000105,Engin Altan,01.png,Fake,Yes,,Yes,Yes,No,,Yes,2026-08-07T18:13:04,2026-08-07T18:13:07
ID000105,Engin Altan,02.jpg,Fake,No,,Yes,Yes,Yes,,No,2026-08-07T18:13:07,2026-08-07T18:13:12
ID000348,Thomas-Jane,01.jpg,Real,Yes,Yes,Yes,Yes,,,Yes,2026-08-07T18:13:13,2026-08-07T18:13:27
ID000348,Thomas-Jane,02.jpg,Real,Yes,Yes,Yes,Yes,,,Yes,2026-08-07T18:13:27,2026-08-07T18:13:30
ID000348,Thomas-Jane,03.jpg,Real,Yes,Yes,Yes,Yes,,,Yes,2026-08-07T18:13:30,2026-08-07T18:13:37
ID000348,Thomas-Jane,01.jpg,Fake,No,,Yes,Yes,No,,No,2026-08-07T18:13:40,2026-08-07T18:13:47
ID000348,Thomas-Jane,03.jpg,Fake,No,,Yes,Yes,No,,No,2026-08-07T18:13:47,2026-08-07T18:13:52
ID000348,Thomas-Jane,04.jpg,Fake,No,,No,Yes,Yes,,No,2026-08-07T18:13:52,2026-08-07T18:14:01
ID000097,Elizabeth-Taylor,01.jpg,Real,Yes,Yes,Yes,Yes,,,Yes,2026-08-07T18:14:03,2026-08-07T18:14:12
ID000097,Elizabeth-Taylor,02.jpg,Real,Yes,Yes,Yes,Yes,,,Yes,2026-08-07T18:14:12,2026-08-07T18:14:15
ID000097,Elizabeth-Taylor,02.jpg,Fake,No,,Yes,Yes,No,,No,2026-08-07T18:14:21,2026-08-07T18:14:33
ID000124,Glenn-Close,01.jpg,Real,Yes,Yes,Yes,Yes,,,Yes,2026-08-07T18:14:34,2026-08-07T18:14:44
ID000124,Glenn-Close,02.jpg,Real,Yes,Yes,Yes,Yes,,,Yes,2026-08-07T18:14:44,2026-08-07T18:14:47
ID000124,Glenn-Close,03.jpg,Real,Yes,Yes,Yes,Yes,,,Yes,2026-08-07T18:14:47,2026-08-07T18:14:55
ID000124,Glenn-Close,01.jpg,Fake,Yes,,Yes,Yes,Yes,,Yes,2026-08-07T18:14:56,2026-08-07T18:15:01
ID000124,Glenn-Close,02.jpg,Fake,Yes,,Yes,Yes,Yes,,Yes,2026-08-07T18:15:01,2026-08-07T18:15:05
ID000124,Glenn-Close,03.jpg,Fake,No,,Yes,Yes,Yes,,No,2026-08-07T18:15:05,2026-08-07T18:15:21
ID000124,Glenn-Close,04.jpg,Fake,No,,Yes,Yes,No,,No,2026-08-07T18:15:21,2026-08-07T18:15:27
ID000124,Glenn-Close,05.png,Fake,No,,Yes,Yes,No,,No,2026-08-07T18:15:27,2026-08-07T18:15:33
ID000303,Rinko-Kikuchi,01.jpg,Real,Yes,Yes,Yes,Yes,,,Yes,2026-08-07T18:15:35,2026-08-07T18:15:46
ID000303,Rinko-Kikuchi,02.jpg,Real,Yes,Yes,Yes,Yes,,,Yes,2026-08-07T18:15:47,2026-08-07T18:16:09
ID000303,Rinko-Kikuchi,01.jpg,Fake,Yes,,Yes,Yes,Yes,,Yes,2026-08-07T18:16:10,2026-08-07T18:16:15
ID000303,Rinko-Kikuchi,02.png,Fake,No,,No,Yes,Yes,,No,2026-08-07T18:16:15,2026-08-07T18:16:23
ID000303,Rinko-Kikuchi,03.jpg,Fake,Yes,,Yes,Yes,No,,Yes,2026-08-07T18:16:23,2026-08-07T18:16:29
ID000303,Rinko-Kikuchi,04.jpg,Fake,No,,Yes,Yes,No,,No,2026-08-07T18:16:29,2026-08-07T18:16:39
ID000303,Rinko-Kikuchi,05.jpg,Fake,No,,Yes,Yes,No,,No,2026-08-07T18:16:39,2026-08-07T18:16:45
ID000061,Carey-Mulligan,01.jpg,Real,Yes,Yes,Yes,Yes,,,Yes,2026-08-07T18:16:46,2026-08-07T18:16:58
ID000061,Carey-Mulligan,02.jpg,Real,Yes,Yes,Yes,Yes,,,Yes,2026-08-07T18:16:58,2026-08-07T18:17:01
ID000061,Carey-Mulligan,01.png,Fake,Yes,,Yes,Yes,Yes,,Yes,2026-08-07T18:17:03,2026-08-07T18:17:11
ID000061,Carey-Mulligan,02.png,Fake,No,,Yes,Yes,No,,No,2026-08-07T18:17:11,2026-08-07T18:17:17
ID000346,Taeyeon,01.jpg,Real,Yes,Yes,Yes,Yes,,,Yes,2026-08-07T18:17:18,2026-08-07T18:17:42
ID000346,Taeyeon,01.jpg,Fake,Yes,,Yes,Yes,No,,Yes,2026-08-07T18:17:43,2026-08-07T18:17:49
ID000346,Taeyeon,02.jpg,Fake,Yes,,Yes,Yes,No,,No,2026-08-07T18:17:49,2026-08-07T18:17:55
ID000346,Taeyeon,03.jpg,Fake,Yes,,Yes,Yes,No,,Yes,2026-08-07T18:17:55,2026-08-07T18:18:08
ID000346,Taeyeon,04.jpg,Fake,No,,Yes,Yes,No,,No,2026-08-07T18:18:08,2026-08-07T18:18:12
ID000346,Taeyeon,05.jpg,Fake,No,,Yes,Yes,Yes,,No,2026-08-07T18:18:12,2026-08-07T18:18:16
ID000346,Taeyeon,06.png,Fake,Yes,,Yes,Yes,No,,Yes,2026-08-07T18:18:16,2026-08-07T18:18:23
ID000213,Kevin-Xu,01.png,Real,Yes,Yes,Yes,Yes,,,Yes,2026-08-07T18:20:08,2026-08-07T18:20:15
ID000213,Kevin-Xu,01.webp,Real,No,Yes,Yes,Yes,,,No,2026-08-07T18:20:15,2026-08-07T18:20:19
ID000213,Kevin-Xu,02.jpg,Real,Yes,Yes,Yes,Yes,,,Yes,2026-08-07T18:20:19,2026-08-07T18:20:23
ID000213,Kevin-Xu,01.jpg,Fake,Yes,,Yes,Yes,No,,Yes,2026-08-07T18:20:25,2026-08-07T18:20:31
ID000018,Ana-de-Armas,01.jpg,Real,Yes,Yes,Yes,Yes,,,Yes,2026-08-07T18:20:32,2026-08-07T18:20:42
ID000018,Ana-de-Armas,02.jpg,Real,Yes,Yes,Yes,Yes,,,Yes,2026-08-07T18:20:42,2026-08-07T18:20:46
ID000018,Ana-de-Armas,01.jpg,Fake,No,,Yes,Yes,Yes,,No,2026-08-07T18:20:47,2026-08-07T18:20:52
ID000018,Ana-de-Armas,02.jpg,Fake,No,,Yes,Yes,No,,No,2026-08-07T18:20:52,2026-08-07T18:20:57
ID000018,Ana-de-Armas,03.jpg,Fake,No,,Yes,Yes,No,,No,2026-08-07T18:20:57,2026-08-07T18:21:00
ID000018,Ana-de-Armas,04.jpg,Fake,Yes,,Yes,Yes,No,,Yes,2026-08-07T18:21:00,2026-08-07T18:21:04
ID000018,Ana-de-Armas,06.jpg,Fake,No,,Yes,Yes,Yes,,No,2026-08-07T18:21:04,2026-08-07T18:21:08
ID000018,Ana-de-Armas,07.png,Fake,Yes,,Yes,Yes,No,,Yes,2026-08-07T18:21:08,2026-08-07T18:21:13
ID000342,Suryakumar-Yadav,01.jpg,Real,Yes,Yes,Yes,Yes,,,Yes,2026-08-07T18:21:14,2026-08-07T18:21:42
ID000342,Suryakumar-Yadav,01.jpg,Fake,No,,Yes,Yes,No,,No,2026-08-07T18:21:43,2026-08-07T18:21:48
ID000342,Suryakumar-Yadav,1.jpg,Fake,Yes,,No,Yes,No,,No,2026-08-07T18:21:48,2026-08-07T18:22:09
ID000342,Suryakumar-Yadav,2.jpg,Fake,Yes,,No,Yes,No,,No,2026-08-07T18:22:09,2026-08-07T18:22:20
ID000274,Naomi-Watts,01.jpg,Real,Yes,Yes,Yes,Yes,,,Yes,2026-08-07T18:22:22,2026-08-07T18:22:30
ID000274,Naomi-Watts,01.jpg,Fake,No,,Yes,Yes,No,,No,2026-08-07T18:22:32,2026-08-07T18:22:40
ID000295,Phil-Salt,01.webp,Real,Yes,Yes,Yes,Yes,,,Yes,2026-08-07T18:22:41,2026-08-07T18:22:50
ID000295,Phil-Salt,1.jpg,Fake,Yes,,Yes,Yes,Yes,salt in image is fake,Yes,2026-08-07T18:22:51,2026-08-07T18:23:19
ID000291,Paul-Newman,01.jpg,Real,Yes,Yes,Yes,Yes,,,Yes,2026-08-07T18:23:20,2026-08-07T18:23:30
ID000291,Paul-Newman,02.jpg,Real,Yes,Yes,Yes,Yes,,,Yes,2026-08-07T18:23:30,2026-08-07T18:23:34
ID000291,Paul-Newman,01.jpg,Fake,Yes,,Yes,Yes,Yes,,Yes,2026-08-07T18:23:35,2026-08-07T18:23:41
ID000291,Paul-Newman,02.jpg,Fake,No,,Yes,Yes,No,,No,2026-08-07T18:23:41,2026-08-07T18:23:44
ID000291,Paul-Newman,03.jpg,Fake,No,,Yes,Yes,Yes,hands distorted,No,2026-08-07T18:23:44,2026-08-07T18:24:00
ID000258,Michael-Keaton,01.jpg,Real,Yes,Yes,Yes,Yes,,,Yes,2026-08-07T18:24:01,2026-08-07T18:24:13
ID000258,Michael-Keaton,02.jpg,Real,Yes,Yes,Yes,Yes,,,Yes,2026-08-07T18:24:13,2026-08-07T18:24:17
ID000258,Michael-Keaton,01.jpg,Fake,No,,Yes,No,Yes,,No,2026-08-07T18:24:18,2026-08-07T18:24:26
ID000258,Michael-Keaton,02.jpg,Fake,No,,Yes,Yes,No,,No,2026-08-07T18:24:26,2026-08-07T18:24:36
ID000153,Isabella-Gaze,01.webp,Real,Yes,Yes,Yes,Yes,,,Yes,2026-08-07T18:24:37,2026-08-07T18:24:46
ID000153,Isabella-Gaze,02.png,Real,Yes,Yes,Yes,Yes,,,Yes,2026-08-07T18:24:46,2026-08-07T18:24:49
ID000153,Isabella-Gaze,03.jpg,Real,Yes,Yes,Yes,Yes,,,Yes,2026-08-07T18:24:49,2026-08-07T18:25:06
ID000153,Isabella-Gaze,01.jpg,Fake,No,,Yes,Yes,Yes,,No,2026-08-07T18:25:08,2026-08-07T18:25:13
ID000153,Isabella-Gaze,02.jpg,Fake,No,,Yes,Yes,Yes,,No,2026-08-07T18:25:13,2026-08-07T18:25:16
ID000153,Isabella-Gaze,1.png,Fake,No,,Yes,Yes,No,,No,2026-08-07T18:25:16,2026-08-07T18:25:22
ID000277,Nelson-Mendala,01.jpg,Real,Yes,Yes,Yes,Yes,,,Yes,2026-08-07T18:25:23,2026-08-07T18:25:32
ID000277,Nelson-Mendala,02.jpg,Real,Yes,Yes,Yes,Yes,,,Yes,2026-08-07T18:25:32,2026-08-07T18:25:38
ID000277,Nelson-Mendala,03.jpg,Real,Yes,Yes,Yes,Yes,,,Yes,2026-08-07T18:25:38,2026-08-07T18:25:41
ID000277,Nelson-Mendala,01.jpg,Fake,No,,Yes,Yes,No,,No,2026-08-07T18:25:43,2026-08-07T18:25:49
ID000277,Nelson-Mendala,02.jpg,Fake,Yes,,Yes,Yes,No,,Yes,2026-08-07T18:25:49,2026-08-07T18:25:53
ID000121,George-Clooney,01.jpg,Real,Yes,Yes,Yes,Yes,,,Yes,2026-08-07T18:25:55,2026-08-07T18:26:00
ID000121,George-Clooney,02.jpg,Real,Yes,Yes,Yes,Yes,,,Yes,2026-08-07T18:26:01,2026-08-07T18:26:04
ID000121,George-Clooney,03.png,Real,Yes,Yes,Yes,Yes,,,Yes,2026-08-07T18:26:04,2026-08-07T18:26:08
ID000121,George-Clooney,01.jpg,Fake,Yes,,Yes,Yes,Yes,,Yes,2026-08-07T18:26:09,2026-08-07T18:26:12
ID000121,George-Clooney,02.jpg,Fake,Yes,,Yes,Yes,Yes,,Yes,2026-08-07T18:26:12,2026-08-07T18:26:16
ID000121,George-Clooney,03.jpg,Fake,No,,Yes,Yes,Yes,,No,2026-08-07T18:26:16,2026-08-07T18:26:22
ID000121,George-Clooney,04.jpg,Fake,Yes,,Yes,Yes,Yes,,No,2026-08-07T18:26:22,2026-08-07T18:26:27
ID000121,George-Clooney,05.jpg,Fake,Yes,,Yes,Yes,Yes,,Yes,2026-08-07T18:26:27,2026-08-07T18:26:32
ID000207,Keira-Knightley,01.jpg,Real,Yes,Yes,Yes,Yes,,,Yes,2026-08-07T18:26:38,2026-08-07T18:26:48
ID000207,Keira-Knightley,02.jpg,Real,Yes,Yes,Yes,Yes,,,Yes,2026-08-07T18:26:48,2026-08-07T18:26:53
ID000207,Keira-Knightley,03.png,Real,Yes,Yes,Yes,Yes,,,Yes,2026-08-07T18:26:53,2026-08-07T18:26:56
ID000207,Keira-Knightley,01.jpg,Fake,Yes,,Yes,Yes,Yes,,No,2026-08-07T18:26:58,2026-08-07T18:27:02
ID000207,Keira-Knightley,02.jpg,Fake,Yes,,Yes,Yes,Yes,,Yes,2026-08-07T18:27:02,2026-08-07T18:27:07
ID000207,Keira-Knightley,03.jpg,Fake,Yes,,Yes,Yes,No,,Yes,2026-08-07T18:27:07,2026-08-07T18:27:11
ID000207,Keira-Knightley,04.jpg,Fake,No,,Yes,Yes,No,,No,2026-08-07T18:27:11,2026-08-07T18:27:15
ID000207,Keira-Knightley,05.jpg,Fake,Yes,,Yes,Yes,Yes,,Yes,2026-08-07T18:27:40,2026-08-07T18:27:41
ID000207,Keira-Knightley,06.jpg,Fake,Yes,,Yes,Yes,Yes,,No,2026-08-07T18:27:41,2026-08-07T18:27:45
ID000203,Katharine-Hepburn,01.jpg,Real,Yes,Yes,Yes,Yes,,,Yes,2026-08-07T18:27:54,2026-08-07T18:28:10
ID000203,Katharine-Hepburn,01.jpg,Fake,No,,Yes,Yes,No,,No,2026-08-07T18:28:11,2026-08-07T18:28:27
ID000203,Katharine-Hepburn,02.jpg,Fake,No,,Yes,Yes,No,,No,2026-08-07T18:28:27,2026-08-07T18:28:31
ID000203,Katharine-Hepburn,03.jpg,Fake,No,,Yes,Yes,No,,No,2026-08-07T18:28:31,2026-08-07T18:28:47
ID000203,Katharine-Hepburn,04.jpg,Fake,Yes,,Yes,Yes,No,,Yes,2026-08-07T18:28:47,2026-08-07T18:28:53
ID000203,Katharine-Hepburn,05.jpg,Fake,No,,Yes,Yes,No,,No,2026-08-07T18:28:53,2026-08-07T18:28:56
ID000203,Katharine-Hepburn,06.jpg,Fake,No,,Yes,Yes,No,,No,2026-08-07T18:28:56,2026-08-07T18:29:09
ID000158,Jackie-Chan,01.jpg,Real,Yes,Yes,Yes,Yes,,,Yes,2026-08-07T18:29:10,2026-08-07T18:29:17
ID000158,Jackie-Chan,02.jpg,Real,Yes,Yes,Yes,Yes,,,Yes,2026-08-07T18:29:17,2026-08-07T18:29:20
ID000158,Jackie-Chan,03.jpg,Real,Yes,Yes,Yes,Yes,,,Yes,2026-08-07T18:29:20,2026-08-07T18:29:23
ID000158,Jackie-Chan,01.jpg,Fake,Yes,,Yes,No,Yes,,No,2026-08-07T18:29:25,2026-08-07T18:29:34
ID000158,Jackie-Chan,02.jpg,Fake,No,,Yes,Yes,No,,No,2026-08-07T18:29:34,2026-08-07T18:29:38
ID000158,Jackie-Chan,03.jpg,Fake,Yes,,Yes,Yes,Yes,,Yes,2026-08-07T18:29:38,2026-08-07T18:29:42
ID000158,Jackie-Chan,04.jpg,Fake,Yes,,Yes,Yes,No,,Yes,2026-08-07T18:29:42,2026-08-07T18:29:47
ID000183,John-Leguizamo,01.jpg,Real,Yes,Yes,Yes,Yes,,,Yes,2026-08-07T18:29:48,2026-08-07T18:29:57
ID000183,John-Leguizamo,02.jpg,Real,Yes,Yes,Yes,Yes,,,Yes,2026-08-07T18:29:57,2026-08-07T18:30:00
ID000183,John-Leguizamo,01.jpg,Fake,No,,Yes,Yes,No,,No,2026-08-07T18:30:01,2026-08-07T18:30:06
ID000183,John-Leguizamo,02.jpg,Fake,No,,Yes,Yes,Yes,,No,2026-08-07T18:30:06,2026-08-07T18:30:10
ID000370,Winona-Ryder,01.jpg,Real,Yes,Yes,Yes,Yes,,,Yes,2026-08-07T18:30:12,2026-08-07T18:30:20
ID000370,Winona-Ryder,01.jpg,Fake,No,,Yes,Yes,Yes,,No,2026-08-07T18:30:22,2026-08-07T18:30:29
ID000370,Winona-Ryder,04.jpg,Fake,No,,No,Yes,No,,No,2026-08-07T18:30:29,2026-08-07T18:30:45
ID000142,Holly-Hunter,01.jpg,Real,Yes,Yes,Yes,Yes,,,Yes,2026-08-07T18:30:46,2026-08-07T18:31:06
ID000142,Holly-Hunter,02.jpg,Real,Yes,Yes,Yes,Yes,,,Yes,2026-08-07T18:31:06,2026-08-07T18:31:09
ID000142,Holly-Hunter,01.png,Fake,No,,Yes,Yes,No,,No,2026-08-07T18:31:10,2026-08-07T18:31:16
ID000082,Dasun-Shanaka,01.webp,Real,Yes,Yes,Yes,Yes,,,Yes,2026-08-07T18:31:18,2026-08-07T18:31:27
ID000082,Dasun-Shanaka,02.png,Real,Yes,Yes,Yes,Yes,,,Yes,2026-08-07T18:31:27,2026-08-07T18:31:34
ID000082,Dasun-Shanaka,1.png,Fake,Yes,,Yes,Yes,No,,Yes,2026-08-07T18:31:36,2026-08-07T18:31:44
ID000376,aane-Hathaway,01.jpg,Real,Yes,Yes,Yes,Yes,,,Yes,2026-08-07T18:31:45,2026-08-07T18:31:49
ID000376,aane-Hathaway,02.jpg,Real,Yes,Yes,Yes,Yes,,,Yes,2026-08-07T18:31:49,2026-08-07T18:31:53
ID000376,aane-Hathaway,01.jpg,Fake,No,,Yes,Yes,Yes,,No,2026-08-07T18:31:53,2026-08-07T18:32:01
ID000376,aane-Hathaway,02.jpg,Fake,Yes,,Yes,Yes,Yes,chest distorted,Yes,2026-08-07T18:32:01,2026-08-07T18:32:13
ID000376,aane-Hathaway,03.jpg,Fake,Yes,,Yes,Yes,No,,Yes,2026-08-07T18:32:14,2026-08-07T18:32:18
ID000081,Daniel-Radcliffe,01.jpg,Real,Yes,Yes,Yes,Yes,,,Yes,2026-08-07T18:32:19,2026-08-07T18:32:24
ID000081,Daniel-Radcliffe,02.jpg,Real,Yes,Yes,Yes,Yes,,,Yes,2026-08-07T18:32:24,2026-08-07T18:32:27
ID000081,Daniel-Radcliffe,01.jpg,Fake,Yes,,Yes,Yes,Yes,,Yes,2026-08-07T18:32:27,2026-08-07T18:32:31
ID000081,Daniel-Radcliffe,02.jpg,Fake,Yes,,Yes,Yes,Yes,,No,2026-08-07T18:32:31,2026-08-07T18:32:34
ID000081,Daniel-Radcliffe,03.jpg,Fake,Yes,,Yes,Yes,Yes,,No,2026-08-07T18:32:35,2026-08-07T18:32:38
ID000081,Daniel-Radcliffe,04.jpg,Fake,Yes,,Yes,Yes,Yes,,Yes,2026-08-07T18:32:39,2026-08-07T18:32:42
ID000081,Daniel-Radcliffe,05.jpg,Fake,No,,Yes,Yes,No,,No,2026-08-07T18:32:42,2026-08-07T18:32:47
ID000081,Daniel-Radcliffe,06.jpg,Fake,Yes,,Yes,Yes,Yes,,Yes,2026-08-07T18:32:47,2026-08-07T18:32:51
ID000325,Sediqullah-Atal,01.webp,Real,Yes,Yes,Yes,Yes,,,Yes,2026-08-07T18:33:07,2026-08-07T18:33:26
ID000325,Sediqullah-Atal,1.jpg,Fake,Yes,,Yes,Yes,No,,Yes,2026-08-07T18:33:27,2026-08-07T18:33:39
ID000357,Tom-Hardy,01.jpg,Real,Yes,Yes,Yes,Yes,,,Yes,2026-08-07T18:33:40,2026-08-07T18:33:48
ID000357,Tom-Hardy,01.jpg,Fake,No,,Yes,Yes,Yes,,No,2026-08-07T18:33:49,2026-08-07T18:33:54
ID000357,Tom-Hardy,02.jpg,Fake,Yes,,Yes,Yes,Yes,,Yes,2026-08-07T18:33:54,2026-08-07T18:33:59
ID000357,Tom-Hardy,03.jpg,Fake,Yes,,Yes,Yes,No,,Yes,2026-08-07T18:34:00,2026-08-07T18:34:04
ID000357,Tom-Hardy,04.jpg,Fake,Yes,,Yes,Yes,No,,Yes,2026-08-07T18:34:04,2026-08-07T18:34:08
ID000357,Tom-Hardy,05.jpg,Fake,No,,Yes,Yes,Yes,,No,2026-08-07T18:34:08,2026-08-07T18:34:13
ID000185,John-Terry,01.jpg,Real,Yes,Yes,Yes,Yes,,,Yes,2026-08-07T18:34:15,2026-08-07T18:34:25
ID000185,John-Terry,02.jpg,Real,Yes,Yes,Yes,Yes,,,Yes,2026-08-07T18:34:25,2026-08-07T18:34:28
ID000185,John-Terry,01.jpg,Fake,No,,Yes,Yes,No,,No,2026-08-07T18:34:29,2026-08-07T18:34:35
ID000173,Jennifer-Lopez,01.jpg,Real,Yes,Yes,Yes,Yes,,,Yes,2026-08-07T18:34:36,2026-08-07T18:34:42
ID000173,Jennifer-Lopez,01.jpg,Fake,Yes,,Yes,Yes,No,,Yes,2026-08-07T18:34:43,2026-08-07T18:34:49
ID000173,Jennifer-Lopez,02.png,Fake,Yes,,Yes,Yes,No,,Yes,2026-08-07T18:34:49,2026-08-07T18:34:53
ID000173,Jennifer-Lopez,03.jpg,Fake,Yes,,Yes,Yes,Yes,,No,2026-08-07T18:34:53,2026-08-07T18:34:56
ID000229,Link-Neal,01.jpg,Real,Yes,Yes,Yes,Yes,,,Yes,2026-08-07T18:35:00,2026-08-07T18:35:05
ID000229,Link-Neal,02.jpg,Real,Yes,Yes,Yes,Yes,,,Yes,2026-08-07T18:35:05,2026-08-07T18:35:12
ID000229,Link-Neal,01.jpg,Fake,No,,Yes,Yes,No,,No,2026-08-07T18:35:29,2026-08-07T18:35:34
ID000106,Eric-Bana,01.jpg,Real,Yes,Yes,Yes,Yes,,,Yes,2026-08-07T18:35:35,2026-08-07T18:35:45
ID000106,Eric-Bana,02.jpg,Real,Yes,Yes,Yes,Yes,,,Yes,2026-08-07T18:35:45,2026-08-07T18:35:48
ID000106,Eric-Bana,01.jpg,Fake,No,,Yes,Yes,Yes,bellybutton usually doesnt show in a skin tight sit,No,2026-08-07T18:35:50,2026-08-07T18:36:14
ID000106,Eric-Bana,02.png,Fake,No,,Yes,Yes,Yes,,No,2026-08-07T18:36:14,2026-08-07T18:36:20
ID000106,Eric-Bana,03.png,Fake,No,,Yes,Yes,Yes,,No,2026-08-07T18:36:20,2026-08-07T18:36:25
ID000106,Eric-Bana,04.png,Fake,No,,Yes,Yes,Yes,,No,2026-08-07T18:36:25,2026-08-07T18:36:28
ID000033,Ashton-Kutcher,01.jpg,Real,Yes,Yes,Yes,Yes,,,Yes,2026-08-07T18:36:29,2026-08-07T18:36:38
ID000033,Ashton-Kutcher,02.jpg,Real,Yes,Yes,Yes,Yes,,,Yes,2026-08-07T18:36:38,2026-08-07T18:36:42
ID000033,Ashton-Kutcher,01.jpg,Fake,No,,Yes,Yes,Yes,,No,2026-08-07T18:36:44,2026-08-07T18:36:48
ID000033,Ashton-Kutcher,02.jpg,Fake,No,,Yes,Yes,No,,No,2026-08-07T18:36:48,2026-08-07T18:36:53
ID000079,Dan-Aykroyd,01.jpg,Real,Yes,Yes,Yes,Yes,,,Yes,2026-08-07T18:36:54,2026-08-07T18:37:33
ID000079,Dan-Aykroyd,02.jpg,Real,Yes,Yes,Yes,Yes,,,Yes,2026-08-07T18:37:33,2026-08-07T18:37:51
ID000079,Dan-Aykroyd,01.jpg,Fake,No,,Yes,Yes,Yes,,No,2026-08-07T18:37:52,2026-08-07T18:37:56
ID000020,Andrew-Garfield,01.jpg,Real,Yes,Yes,Yes,Yes,,,Yes,2026-08-07T18:37:57,2026-08-07T18:38:02
ID000020,Andrew-Garfield,02.jpg,Real,Yes,Yes,Yes,Yes,,,Yes,2026-08-07T18:38:02,2026-08-07T18:38:05
ID000020,Andrew-Garfield,01.jpg,Fake,No,,Yes,Yes,Yes,,No,2026-08-07T18:38:06,2026-08-07T18:38:10
ID000020,Andrew-Garfield,02.jpg,Fake,No,,Yes,Yes,Yes,,No,2026-08-07T18:38:10,2026-08-07T18:38:14
ID000300,Rhett-McLaughlin,01.jpg,Real,Yes,Yes,Yes,Yes,,,Yes,2026-08-07T18:38:15,2026-08-07T18:38:20
ID000300,Rhett-McLaughlin,02.jpg,Real,Yes,Yes,Yes,Yes,,,Yes,2026-08-07T18:38:20,2026-08-07T18:38:24
ID000300,Rhett-McLaughlin,01.png,Fake,No,,No,No,Yes,,No,2026-08-07T18:38:25,2026-08-07T18:38:35
ID000300,Rhett-McLaughlin,02.jpg,Fake,No,,Yes,Yes,No,,No,2026-08-07T18:38:35,2026-08-07T18:38:40
ID000300,Rhett-McLaughlin,03.png,Fake,No,,No,Yes,Yes,,No,2026-08-07T18:38:41,2026-08-07T18:38:46
ID000300,Rhett-McLaughlin,04.jpg,Fake,Yes,,Yes,Yes,No,,Yes,2026-08-07T18:38:46,2026-08-07T18:38:51
ID000306,Robert-Duvall,01.jpg,Real,Yes,Yes,Yes,Yes,,,Yes,2026-08-07T18:38:52,2026-08-07T18:39:32
ID000306,Robert-Duvall,01.jpg,Fake,No,,No,Yes,Yes,,No,2026-08-07T18:39:33,2026-08-07T18:39:42
ID000276,Neha-Kakka,01.jpg,Real,Yes,Yes,Yes,Yes,,,Yes,2026-08-07T18:39:43,2026-08-07T18:39:52
ID000276,Neha-Kakka,02.jpg,Real,Yes,Yes,Yes,Yes,,,Yes,2026-08-07T18:39:52,2026-08-07T18:39:55
ID000276,Neha-Kakka,03.jpg,Real,Yes,Yes,Yes,Yes,,,Yes,2026-08-07T18:39:55,2026-08-07T18:40:08
ID000276,Neha-Kakka,01.jpg,Fake,Yes,,Yes,Yes,No,,Yes,2026-08-07T18:40:10,2026-08-07T18:40:16
ID000276,Neha-Kakka,02.png,Fake,Yes,,Yes,Yes,No,,Yes,2026-08-07T18:40:16,2026-08-07T18:40:24
ID000195,Josh-Inglis,01.png,Real,Yes,Yes,Yes,Yes,,,Yes,2026-08-07T18:40:25,2026-08-07T18:40:35
ID000195,Josh-Inglis,02.png,Real,Yes,Yes,Yes,Yes,,,Yes,2026-08-07T18:40:35,2026-08-07T18:40:55
ID000195,Josh-Inglis,01.jpg,Fake,No,,Yes,Yes,No,,No,2026-08-07T18:40:56,2026-08-07T18:41:06
ID000195,Josh-Inglis,02.jpg,Fake,No,,Yes,Yes,No,,No,2026-08-07T18:41:06,2026-08-07T18:41:11
ID000310,Roger-Moore,01.jpg,Real,Yes,Yes,Yes,Yes,,,Yes,2026-08-07T18:41:12,2026-08-07T18:41:23
ID000310,Roger-Moore,01.jpg,Fake,No,,Yes,Yes,Yes,,No,2026-08-07T18:41:24,2026-08-07T18:41:33
ID000310,Roger-Moore,03.jpg,Fake,Yes,,Yes,Yes,Yes,,Yes,2026-08-07T18:41:33,2026-08-07T18:41:37
ID000031,Arnold-Schwarzenegger,01.jpg,Real,Yes,Yes,Yes,Yes,,,Yes,2026-08-07T18:41:39,2026-08-07T18:41:46
ID000031,Arnold-Schwarzenegger,01.jpg,Fake,No,,Yes,Yes,Yes,,No,2026-08-07T18:41:48,2026-08-07T18:41:53
ID000031,Arnold-Schwarzenegger,02.jpg,Fake,Yes,,Yes,Yes,Yes,,Yes,2026-08-07T18:41:53,2026-08-07T18:41:57
ID000031,Arnold-Schwarzenegger,03.jpg,Fake,No,,Yes,Yes,No,,No,2026-08-07T18:41:57,2026-08-07T18:42:01
ID000031,Arnold-Schwarzenegger,04.jpg,Fake,Yes,,Yes,Yes,Yes,,Yes,2026-08-07T18:42:01,2026-08-07T18:42:05
ID000031,Arnold-Schwarzenegger,05.png,Fake,No,,Yes,Yes,No,,No,2026-08-07T18:42:05,2026-08-07T18:42:09
ID000031,Arnold-Schwarzenegger,06.jpg,Fake,No,,Yes,Yes,No,,No,2026-08-07T18:42:10,2026-08-07T18:42:14
ID000241,Marilyn-Monroe,01.jpg,Real,Yes,Yes,Yes,Yes,,,Yes,2026-08-07T18:42:16,2026-08-07T18:42:21
ID000241,Marilyn-Monroe,02.jpg,Real,Yes,Yes,Yes,Yes,,,Yes,2026-08-07T18:42:22,2026-08-07T18:42:24
ID000241,Marilyn-Monroe,01.jpg,Fake,No,,Yes,Yes,No,,No,2026-08-07T18:42:26,2026-08-07T18:42:33
ID000241,Marilyn-Monroe,02.jpg,Fake,No,,Yes,Yes,No,,No,2026-08-07T18:42:33,2026-08-07T18:42:37
ID000241,Marilyn-Monroe,03.png,Fake,Yes,,Yes,Yes,No,,Yes,2026-08-07T18:42:37,2026-08-07T18:42:40
ID000241,Marilyn-Monroe,04.jpg,Fake,Yes,,Yes,Yes,Yes,,Yes,2026-08-07T18:42:41,2026-08-07T18:42:44
ID000329,Shai-Hope,01.jpg,Real,Yes,Yes,Yes,Yes,,,Yes,2026-08-07T18:42:45,2026-08-07T18:44:13
ID000329,Shai-Hope,02.png,Real,Yes,Yes,Yes,Yes,,,Yes,2026-08-07T18:44:13,2026-08-07T18:44:21
ID000329,Shai-Hope,03.jpg,Real,Yes,Yes,Yes,Yes,,,Yes,2026-08-07T18:44:21,2026-08-07T18:44:28
ID000329,Shai-Hope,01.jpg,Fake,No,,Yes,Yes,Yes,,No,2026-08-07T18:44:29,2026-08-07T18:44:37
ID000329,Shai-Hope,1.png,Fake,Yes,,Yes,Yes,No,,Yes,2026-08-07T18:44:37,2026-08-07T18:44:45
ID000022,Angelina-Jolie,01.jpg,Real,Yes,Yes,Yes,Yes,,,Yes,2026-08-07T18:44:46,2026-08-07T18:44:54
ID000022,Angelina-Jolie,02.jpg,Real,Yes,Yes,Yes,Yes,,,Yes,2026-08-07T18:44:54,2026-08-07T18:44:57
ID000022,Angelina-Jolie,03.jpg,Real,Yes,Yes,Yes,Yes,,,Yes,2026-08-07T18:44:57,2026-08-07T18:45:00
ID000022,Angelina-Jolie,01.jpg,Fake,Yes,,Yes,Yes,Yes,,Yes,2026-08-07T18:45:02,2026-08-07T18:45:07
ID000022,Angelina-Jolie,02.jpg,Fake,Yes,,Yes,Yes,Yes,,Yes,2026-08-07T18:45:07,2026-08-07T18:45:10
ID000022,Angelina-Jolie,03.jpg,Fake,Yes,,Yes,Yes,Yes,,No,2026-08-07T18:45:10,2026-08-07T18:45:14
ID000022,Angelina-Jolie,04.jpg,Fake,No,,Yes,Yes,Yes,,No,2026-08-07T18:45:14,2026-08-07T18:45:18
ID000022,Angelina-Jolie,05.jpg,Fake,Yes,,Yes,Yes,Yes,,Yes,2026-08-07T18:45:18,2026-08-07T18:45:20
ID000022,Angelina-Jolie,06.png,Fake,No,,Yes,Yes,No,,No,2026-08-07T18:45:21,2026-08-07T18:45:24
ID000022,Angelina-Jolie,07.jpg,Fake,Yes,,No,Yes,Yes,,No,2026-08-07T18:45:24,2026-08-07T18:45:30
ID000068,Chloe-Kim,01.jpg,Real,Yes,Yes,Yes,Yes,,,Yes,2026-08-07T18:45:41,2026-08-07T18:48:07
ID000068,Chloe-Kim,02.png,Real,Yes,Yes,Yes,Yes,,,Yes,2026-08-07T18:48:07,2026-08-07T18:48:11
ID000068,Chloe-Kim,02.png,Fake,Yes,,Yes,Yes,No,,Yes,2026-08-07T18:48:13,2026-08-07T18:48:21
ID000223,Laura-Wolvaardt,01.png,Real,Yes,Yes,Yes,Yes,,,Yes,2026-08-07T18:48:23,2026-08-07T19:05:28
ID000223,Laura-Wolvaardt,02.png,Real,Yes,Yes,Yes,Yes,,,Yes,2026-08-07T19:05:28,2026-08-07T19:05:31
ID000223,Laura-Wolvaardt,03.jpg,Real,Yes,Yes,No,Yes,,,No,2026-08-07T19:05:31,2026-08-07T19:05:38
ID000223,Laura-Wolvaardt,01.jpg,Fake,No,,Yes,Yes,No,,No,2026-08-07T19:05:39,2026-08-07T19:05:49
ID000223,Laura-Wolvaardt,730732270_2118144989085113_1710785244193473374_n.jpg,Fake,Yes,,Yes,Yes,Yes,body shape is different,Yes,2026-08-07T19:05:49,2026-08-07T19:06:13
ID000223,Laura-Wolvaardt,images (1).jpg,Fake,Yes,,Yes,Yes,Yes,,Yes,2026-08-07T19:06:13,2026-08-07T19:06:19
ID000223,Laura-Wolvaardt,images.jpg,Fake,Yes,,Yes,Yes,Yes,,Yes,2026-08-07T19:06:19,2026-08-07T19:06:28
ID000340,Steve-Zahn,01.jpg,Real,Yes,Yes,Yes,Yes,,,Yes,2026-08-07T19:06:31,2026-08-07T19:06:54
ID000340,Steve-Zahn,02.jpg,Real,Yes,Yes,Yes,Yes,,,Yes,2026-08-07T19:06:54,2026-08-07T19:06:57
ID000340,Steve-Zahn,01.jpg,Fake,No,,Yes,Yes,Yes,,No,2026-08-07T19:06:58,2026-08-07T19:07:03
ID000360,Vera-Farmiga,01.jpg,Real,Yes,Yes,Yes,Yes,,,Yes,2026-08-07T19:07:04,2026-08-07T19:07:15
ID000360,Vera-Farmiga,02.jpg,Real,Yes,Yes,Yes,Yes,,,Yes,2026-08-07T19:07:15,2026-08-07T19:07:21
ID000360,Vera-Farmiga,01.jpg,Fake,Yes,,Yes,Yes,Yes,,Yes,2026-08-07T19:07:22,2026-08-07T19:07:27
ID000360,Vera-Farmiga,02.jpg,Fake,No,,Yes,Yes,No,,No,2026-08-07T19:07:28,2026-08-07T19:07:33
ID000313,Ronaldo-Nazario,01.jpg,Real,Yes,Yes,Yes,Yes,,,Yes,2026-08-07T19:07:34,2026-08-07T19:07:58
ID000313,Ronaldo-Nazario,02.jpg,Real,Yes,Yes,Yes,Yes,,,Yes,2026-08-07T19:07:58,2026-08-07T19:08:01
ID000313,Ronaldo-Nazario,03.jpg,Real,Yes,Yes,Yes,Yes,,,Yes,2026-08-07T19:08:01,2026-08-07T19:08:05
ID000313,Ronaldo-Nazario,01.jpg,Fake,No,,Yes,Yes,Yes,,No,2026-08-07T19:08:06,2026-08-07T19:08:11
ID000313,Ronaldo-Nazario,02.jpg,Fake,No,,Yes,Yes,No,,No,2026-08-07T19:08:11,2026-08-07T19:08:20
ID000313,Ronaldo-Nazario,03.jpg,Fake,No,,Yes,Yes,Yes,,No,2026-08-07T19:08:20,2026-08-07T19:08:25
ID000313,Ronaldo-Nazario,05.png,Fake,Yes,,Yes,Yes,No,,Yes,2026-08-07T19:08:25,2026-08-07T19:08:29
ID000227,Liam-Hemsworth,01.jpg,Real,Yes,Yes,Yes,Yes,,,Yes,2026-08-07T19:08:30,2026-08-07T19:08:35
ID000227,Liam-Hemsworth,02.jpg,Real,Yes,Yes,Yes,Yes,,,Yes,2026-08-07T19:08:35,2026-08-07T19:08:38
ID000227,Liam-Hemsworth,01.jpg,Fake,Yes,,Yes,Yes,Yes,,Yes,2026-08-07T19:08:39,2026-08-07T19:08:44
ID000227,Liam-Hemsworth,02.jpg,Fake,No,,Yes,Yes,Yes,,No,2026-08-07T19:08:44,2026-08-07T19:08:47
ID000227,Liam-Hemsworth,03.png,Fake,No,,Yes,Yes,No,,No,2026-08-07T19:08:47,2026-08-07T19:08:57
ID000227,Liam-Hemsworth,04.png,Fake,Yes,,Yes,Yes,No,,Yes,2026-08-07T19:08:57,2026-08-07T19:09:01
ID000227,Liam-Hemsworth,05.jpg,Fake,Yes,,No,Yes,No,,No,2026-08-07T19:09:01,2026-08-07T19:09:08
ID000111,Ewan-McGregor,01.jpg,Real,Yes,Yes,Yes,Yes,,,Yes,2026-08-07T19:09:09,2026-08-07T19:09:22
ID000111,Ewan-McGregor,02.jpg,Real,Yes,Yes,Yes,Yes,,,Yes,2026-08-07T19:09:22,2026-08-07T19:09:25
ID000111,Ewan-McGregor,03.jpg,Real,Yes,Yes,Yes,Yes,,,Yes,2026-08-07T19:09:25,2026-08-07T19:09:29
ID000111,Ewan-McGregor,01.jpg,Fake,No,,No,Yes,Yes,,No,2026-08-07T19:09:30,2026-08-07T19:09:41
ID000003,Abdel-Fattah-el-Sisi,01.jpg,Real,Yes,Yes,Yes,Yes,,,Yes,2026-08-07T19:09:43,2026-08-07T19:10:13
ID000003,Abdel-Fattah-el-Sisi,01.jpg,Fake,No,,Yes,Yes,No,,No,2026-08-07T19:10:14,2026-08-07T19:10:23
ID000003,Abdel-Fattah-el-Sisi,02.jpg,Fake,No,,Yes,Yes,No,,No,2026-08-07T19:10:23,2026-08-07T19:10:28
ID000003,Abdel-Fattah-el-Sisi,03.jpg,Fake,No,,Yes,Yes,Yes,fingers distorted,No,2026-08-07T19:10:29,2026-08-07T19:10:41
ID000003,Abdel-Fattah-el-Sisi,04.png,Fake,Yes,,Yes,Yes,No,,Yes,2026-08-07T19:10:41,2026-08-07T19:10:47
ID000003,Abdel-Fattah-el-Sisi,05.jpg,Fake,No,,Yes,Yes,No,,No,2026-08-07T19:10:47,2026-08-07T19:10:53
ID000287,Olivia-Rodrigo,01.jpg,Real,Yes,Yes,Yes,Yes,,,Yes,2026-08-07T19:10:53,2026-08-07T19:11:06
ID000287,Olivia-Rodrigo,02.jpg,Real,Yes,Yes,Yes,Yes,,,Yes,2026-08-07T19:11:06,2026-08-07T19:11:14
ID000287,Olivia-Rodrigo,01 (2).jpg,Fake,No,,Yes,Yes,Yes,,No,2026-08-07T19:11:15,2026-08-07T19:11:20
ID000287,Olivia-Rodrigo,01.jpg,Fake,No,,Yes,Yes,Yes,eyes distorted,No,2026-08-07T19:11:20,2026-08-07T19:11:30
ID000287,Olivia-Rodrigo,02.jpg,Fake,Yes,,Yes,Yes,Yes,,Yes,2026-08-07T19:11:31,2026-08-07T19:11:35
ID000287,Olivia-Rodrigo,03.jpg,Fake,No,,Yes,Yes,Yes,,No,2026-08-07T19:11:35,2026-08-07T19:11:51
ID000287,Olivia-Rodrigo,04.png,Fake,Yes,,Yes,Yes,No,,Yes,2026-08-07T19:11:51,2026-08-07T19:11:55
ID000355,Tina-Fey,01.jpg,Real,Yes,Yes,Yes,Yes,,,Yes,2026-08-07T19:11:57,2026-08-07T19:12:07
ID000355,Tina-Fey,02.jpg,Real,Yes,Yes,Yes,Yes,,,Yes,2026-08-07T19:12:07,2026-08-07T19:12:10
ID000355,Tina-Fey,01.png,Fake,No,,Yes,Yes,No,,No,2026-08-07T19:12:11,2026-08-07T19:12:16
ID000355,Tina-Fey,02.jpg,Fake,No,,Yes,Yes,No,,No,2026-08-07T19:12:16,2026-08-07T19:12:21
ID000355,Tina-Fey,04.jpg,Fake,No,,Yes,Yes,No,,No,2026-08-07T19:12:21,2026-08-07T19:12:25
ID000305,Robert-Downey-Jr,01.jpg,Real,Yes,Yes,Yes,Yes,,,Yes,2026-08-07T19:12:26,2026-08-07T19:12:31
ID000305,Robert-Downey-Jr,02.png,Real,Yes,Yes,Yes,Yes,,,Yes,2026-08-07T19:12:31,2026-08-07T19:12:34
ID000305,Robert-Downey-Jr,03.jpg,Real,Yes,Yes,Yes,Yes,,,Yes,2026-08-07T19:12:34,2026-08-07T19:12:37
ID000305,Robert-Downey-Jr,01.jpg,Fake,Yes,,Yes,Yes,Yes,,Yes,2026-08-07T19:12:49,2026-08-07T19:12:50
ID000305,Robert-Downey-Jr,02.jpg,Fake,Yes,,Yes,Yes,Yes,,Yes,2026-08-07T19:12:51,2026-08-07T19:12:54
ID000305,Robert-Downey-Jr,03.jpg,Fake,Yes,,Yes,Yes,Yes,eyes dont match,No,2026-08-07T19:12:54,2026-08-07T19:13:06
ID000305,Robert-Downey-Jr,04.png,Fake,Yes,,Yes,Yes,No,,Yes,2026-08-07T19:13:06,2026-08-07T19:13:11
ID000180,Joaquin-Phoenix,01.jpg,Real,Yes,Yes,Yes,Yes,,,Yes,2026-08-07T19:13:18,2026-08-07T19:13:27
ID000180,Joaquin-Phoenix,01.jpg,Fake,No,,Yes,Yes,No,,No,2026-08-07T19:13:28,2026-08-07T19:13:33
ID000180,Joaquin-Phoenix,02.jpg,Fake,Yes,,Yes,Yes,No,,Yes,2026-08-07T19:13:34,2026-08-07T19:14:08
ID000180,Joaquin-Phoenix,03.jpg,Fake,No,,Yes,Yes,No,,No,2026-08-07T19:14:08,2026-08-07T19:14:14
ID000180,Joaquin-Phoenix,04.png,Fake,No,,Yes,Yes,No,,No,2026-08-07T19:14:14,2026-08-07T19:14:18
ID000180,Joaquin-Phoenix,05.jpg,Fake,Yes,,Yes,Yes,No,,Yes,2026-08-07T19:14:59,2026-08-07T19:15:03
ID000012,Alex-Cooper,01.jpg,Real,Yes,Yes,No,Yes,,,No,2026-08-07T19:15:04,2026-08-07T19:15:22
ID000012,Alex-Cooper,02.jpg,Real,Yes,Yes,Yes,Yes,,,Yes,2026-08-07T19:15:22,2026-08-07T19:15:41
ID000012,Alex-Cooper,03.jpg,Real,Yes,Yes,Yes,Yes,,,Yes,2026-08-07T19:15:41,2026-08-07T19:15:45
ID000012,Alex-Cooper,01.jpg,Fake,No,,Yes,Yes,No,,No,2026-08-07T19:15:47,2026-08-07T19:15:53
ID000012,Alex-Cooper,02.png,Fake,No,,Yes,Yes,No,,No,2026-08-07T19:15:53,2026-08-07T19:15:57
ID000163,Jason-Clarke,01.jpg,Real,Yes,Yes,Yes,Yes,,,Yes,2026-08-07T19:15:58,2026-08-07T19:16:09
ID000163,Jason-Clarke,02.jpg,Real,Yes,Yes,Yes,Yes,,,Yes,2026-08-07T19:16:09,2026-08-07T19:16:23
ID000163,Jason-Clarke,03.jpg,Real,Yes,Yes,Yes,Yes,,,Yes,2026-08-07T19:16:23,2026-08-07T19:16:26
ID000163,Jason-Clarke,01.png,Fake,No,,Yes,Yes,Yes,,No,2026-08-07T19:16:27,2026-08-07T19:16:31
ID000163,Jason-Clarke,02.png,Fake,No,,Yes,Yes,No,,No,2026-08-07T19:16:31,2026-08-07T19:16:39
ID000186,John-Travolta,01.jpg,Real,Yes,Yes,Yes,Yes,,,Yes,2026-08-07T19:16:40,2026-08-07T19:16:50
ID000186,John-Travolta,02.jpg,Real,Yes,Yes,Yes,Yes,,,Yes,2026-08-07T19:16:50,2026-08-07T19:16:53
ID000186,John-Travolta,03.jpg,Real,Yes,Yes,Yes,Yes,,,Yes,2026-08-07T19:16:53,2026-08-07T19:17:02
ID000186,John-Travolta,01.jpg,Fake,No,,Yes,Yes,Yes,,No,2026-08-07T19:17:03,2026-08-07T19:17:06
ID000186,John-Travolta,02.jpg,Fake,No,,Yes,Yes,Yes,,No,2026-08-07T19:17:07,2026-08-07T19:17:10
ID000186,John-Travolta,03.jpg,Fake,No,,Yes,Yes,Yes,,No,2026-08-07T19:17:10,2026-08-07T19:17:13
ID000186,John-Travolta,05.jpg,Fake,Yes,,Yes,Yes,Yes,,Yes,2026-08-07T19:17:13,2026-08-07T19:17:20
ID000186,John-Travolta,06.jpg,Fake,No,,Yes,Yes,Yes,skin is too smooth,No,2026-08-07T19:17:21,2026-08-07T19:17:35
ID000294,Pedro-Pascal,01.jpg,Real,Yes,Yes,Yes,Yes,,,Yes,2026-08-07T19:17:36,2026-08-07T19:17:41
ID000294,Pedro-Pascal,02.jpg,Real,Yes,Yes,Yes,Yes,,,Yes,2026-08-07T19:17:41,2026-08-07T19:17:44
ID000294,Pedro-Pascal,01.jpg,Fake,No,,Yes,Yes,Yes,background,No,2026-08-07T19:17:45,2026-08-07T19:18:00
ID000294,Pedro-Pascal,02.jpg,Fake,Yes,,Yes,Yes,Yes,,Yes,2026-08-07T19:18:00,2026-08-07T19:18:05
ID000294,Pedro-Pascal,03.jpg,Fake,No,,Yes,Yes,Yes,,No,2026-08-07T19:18:05,2026-08-07T19:18:10
ID000144,ID000582-Nicole-Kidman,01.jpg,Real,Yes,Yes,Yes,Yes,,,Yes,2026-08-07T19:18:11,2026-08-07T19:18:22
ID000144,ID000582-Nicole-Kidman,02.png,Real,Yes,Yes,Yes,Yes,,,Yes,2026-08-07T19:18:22,2026-08-07T19:18:24
ID000144,ID000582-Nicole-Kidman,01.jpg,Fake,Yes,,Yes,Yes,Yes,,No,2026-08-07T19:18:26,2026-08-07T19:18:31
ID000144,ID000582-Nicole-Kidman,02.jpg,Fake,Yes,,Yes,Yes,No,,Yes,2026-08-07T19:18:31,2026-08-07T19:18:35
ID000144,ID000582-Nicole-Kidman,03.jpg,Fake,Yes,,Yes,Yes,No,,Yes,2026-08-07T19:18:35,2026-08-07T19:18:41
ID000144,ID000582-Nicole-Kidman,04.jpg,Fake,No,,Yes,Yes,No,,No,2026-08-07T19:18:41,2026-08-07T19:18:45
ID000144,ID000582-Nicole-Kidman,05.png,Fake,Yes,,Yes,Yes,No,,Yes,2026-08-07T19:18:45,2026-08-07T19:18:49
ID000001,Aaron-Judge,01.jpg,Real,Yes,Yes,Yes,Yes,,,Yes,2026-08-07T19:18:54,2026-08-07T19:19:07
ID000001,Aaron-Judge,01.jpg,Fake,Yes,,Yes,Yes,Yes,,Yes,2026-08-07T19:19:08,2026-08-07T19:19:15
ID000001,Aaron-Judge,02.jpg,Fake,No,,Yes,Yes,No,,No,2026-08-07T19:19:15,2026-08-07T19:19:22
ID000035,Audrey-Tautou,01.jpg,Real,Yes,Yes,Yes,Yes,,,Yes,2026-08-07T19:19:23,2026-08-07T19:19:34
ID000035,Audrey-Tautou,02.jpg,Real,Yes,Yes,Yes,Yes,,,Yes,2026-08-07T19:19:34,2026-08-07T19:19:41
ID000035,Audrey-Tautou,01.jpg,Fake,No,,Yes,Yes,Yes,,No,2026-08-07T19:19:42,2026-08-07T19:19:47
ID000035,Audrey-Tautou,02.jpg,Fake,No,,Yes,Yes,Yes,,No,2026-08-07T19:19:47,2026-08-07T19:19:51
ID000035,Audrey-Tautou,03.jpg,Fake,Yes,,Yes,Yes,Yes,,Yes,2026-08-07T19:19:51,2026-08-07T19:19:59
ID000127,Gregory-Peck,01.jpg,Real,Yes,Yes,Yes,Yes,,,Yes,2026-08-07T19:20:00,2026-08-07T19:20:10
ID000127,Gregory-Peck,01.jpg,Fake,No,,Yes,Yes,Yes,,No,2026-08-07T19:20:11,2026-08-07T19:20:15
ID000127,Gregory-Peck,02.png,Fake,No,,Yes,Yes,No,,No,2026-08-07T19:20:15,2026-08-07T19:20:19
ID000127,Gregory-Peck,03.png,Fake,No,,Yes,Yes,Yes,,No,2026-08-07T19:20:19,2026-08-07T19:20:25
ID000247,Marques-Brownlee-MKBHD,01.jpg,Real,Yes,Yes,Yes,Yes,,,Yes,2026-08-07T19:20:25,2026-08-07T19:20:35
ID000247,Marques-Brownlee-MKBHD,02.png,Real,Yes,Yes,Yes,Yes,,,Yes,2026-08-07T19:20:35,2026-08-07T19:20:42
ID000247,Marques-Brownlee-MKBHD,01.jpg,Fake,Yes,,No,Yes,Yes,,No,2026-08-07T19:20:44,2026-08-07T19:20:51
ID000050,Blair-Parry-Okeden,01.jpg,Real,Yes,Yes,Yes,Yes,,,Yes,2026-08-07T19:20:52,2026-08-07T19:21:21
ID000050,Blair-Parry-Okeden,02.jpg,Real,Yes,Yes,Yes,Yes,,,Yes,2026-08-07T19:21:21,2026-08-07T19:21:26
ID000050,Blair-Parry-Okeden,01.jpg,Fake,No,,Yes,Yes,No,,No,2026-08-07T19:21:27,2026-08-07T19:21:33
ID000050,Blair-Parry-Okeden,02.jpg,Fake,No,,Yes,Yes,No,,No,2026-08-07T19:21:33,2026-08-07T19:21:36
ID000050,Blair-Parry-Okeden,03.jpg,Fake,No,,Yes,Yes,No,,No,2026-08-07T19:21:36,2026-08-07T19:21:40
ID000273,Nancy-Pelosi,01.jpg,Real,Yes,Yes,Yes,Yes,,,Yes,2026-08-07T19:21:42,2026-08-07T19:21:55
ID000273,Nancy-Pelosi,02.jpg,Real,Yes,Yes,Yes,Yes,,,Yes,2026-08-07T19:21:55,2026-08-07T19:21:58
ID000273,Nancy-Pelosi,03.jpg,Real,Yes,Yes,Yes,Yes,,,Yes,2026-08-07T19:21:58,2026-08-07T19:22:05
ID000273,Nancy-Pelosi,01.jpg,Fake,Yes,,Yes,Yes,Yes,,No,2026-08-07T19:22:07,2026-08-07T19:22:14
ID000273,Nancy-Pelosi,02.jpg,Fake,Yes,,Yes,Yes,Yes,,Yes,2026-08-07T19:22:15,2026-08-07T19:22:19
ID000273,Nancy-Pelosi,03.jpg,Fake,Yes,,Yes,Yes,No,,Yes,2026-08-07T19:22:19,2026-08-07T19:22:24
ID000273,Nancy-Pelosi,04.png,Fake,Yes,,Yes,Yes,Yes,,No,2026-08-07T19:22:24,2026-08-07T19:22:33
ID000386,meryl-streep,01.jpg,Real,Yes,Yes,Yes,Yes,,,Yes,2026-08-07T19:22:41,2026-08-07T19:22:47
ID000386,meryl-streep,01.jpg,Fake,Yes,,Yes,Yes,Yes,,No,2026-08-07T19:22:48,2026-08-07T19:22:56
ID000386,meryl-streep,02.png,Fake,Yes,,Yes,Yes,Yes,,Yes,2026-08-07T19:22:56,2026-08-07T19:23:00
ID000311,Rohit-Paudel,01.jpg,Real,Yes,Yes,Yes,Yes,,,Yes,2026-08-07T19:23:02,2026-08-07T19:23:15
ID000311,Rohit-Paudel,02.webp,Real,Yes,Yes,Yes,Yes,,,Yes,2026-08-07T19:23:15,2026-08-07T19:23:23
ID000311,Rohit-Paudel,03.png,Real,Yes,Yes,Yes,Yes,,,Yes,2026-08-07T19:23:23,2026-08-07T19:23:26
ID000311,Rohit-Paudel,1.png,Fake,Yes,,Yes,Yes,No,,Yes,2026-08-07T19:23:27,2026-08-07T19:23:37
ID000021,Andy-Jassy,01.jpg,Real,Yes,Yes,Yes,Yes,,,Yes,2026-08-07T19:23:38,2026-08-07T19:23:55
ID000021,Andy-Jassy,02.jpg,Real,Yes,Yes,Yes,Yes,,,Yes,2026-08-07T19:23:55,2026-08-07T19:23:57
ID000021,Andy-Jassy,01.jpg,Fake,No,,Yes,Yes,No,,No,2026-08-07T19:23:58,2026-08-07T19:24:09
ID000096,Elizabeth-Banks,01.jpg,Real,Yes,Yes,Yes,Yes,,,Yes,2026-08-07T19:24:11,2026-08-07T19:24:21
ID000096,Elizabeth-Banks,02.jpg,Real,Yes,Yes,Yes,Yes,,,Yes,2026-08-07T19:24:21,2026-08-07T19:24:26
ID000096,Elizabeth-Banks,01.jpg,Fake,No,,Yes,Yes,Yes,,No,2026-08-07T19:24:27,2026-08-07T19:24:33
ID000096,Elizabeth-Banks,02.jpg,Fake,No,,Yes,Yes,Yes,,No,2026-08-07T19:24:33,2026-08-07T19:24:39
ID000096,Elizabeth-Banks,03.jpg,Fake,No,,Yes,Yes,No,,No,2026-08-07T19:24:39,2026-08-07T19:24:42
ID000096,Elizabeth-Banks,04.jpg,Fake,No,,Yes,Yes,No,,No,2026-08-07T19:24:42,2026-08-07T19:24:45
ID000017,Amber-Heard,01.jpg,Real,Yes,Yes,Yes,Yes,,,Yes,2026-08-07T19:24:46,2026-08-07T19:24:52
ID000017,Amber-Heard,01.jpg,Fake,Yes,,Yes,Yes,Yes,,Yes,2026-08-07T19:24:52,2026-08-07T19:24:58
ID000017,Amber-Heard,02.jpg,Fake,Yes,,Yes,Yes,Yes,,Yes,2026-08-07T19:24:58,2026-08-07T19:25:02
ID000017,Amber-Heard,03.jpg,Fake,No,,Yes,Yes,Yes,,No,2026-08-07T19:25:02,2026-08-07T19:25:06
ID000017,Amber-Heard,04.jpg,Fake,No,,Yes,Yes,Yes,,No,2026-08-07T19:25:06,2026-08-07T19:25:10
ID000155,Jack-Lemmon,01.jpg,Real,Yes,Yes,Yes,Yes,,,Yes,2026-08-07T19:25:13,2026-08-07T19:25:31
ID000155,Jack-Lemmon,02.jpg,Real,Yes,Yes,Yes,Yes,,,Yes,2026-08-07T19:25:31,2026-08-07T19:25:34
ID000155,Jack-Lemmon,03.jpg,Real,Yes,Yes,Yes,Yes,,,Yes,2026-08-07T19:25:34,2026-08-07T19:25:40
ID000155,Jack-Lemmon,01.jpg,Fake,No,,Yes,Yes,Yes,,No,2026-08-07T19:25:41,2026-08-07T19:25:46
ID000155,Jack-Lemmon,02.png,Fake,Yes,,Yes,Yes,No,,Yes,2026-08-07T19:25:46,2026-08-07T19:26:01
ID000155,Jack-Lemmon,03.png,Fake,No,,Yes,Yes,No,,No,2026-08-07T19:26:01,2026-08-07T19:26:10
ID000384,kriti-sanon,01.jpg,Real,Yes,Yes,Yes,Yes,,,Yes,2026-08-07T19:26:11,2026-08-07T19:26:16
ID000384,kriti-sanon,01.jpg,Fake,Yes,,Yes,Yes,Yes,shadow under eyes not natural,Yes,2026-08-07T19:26:16,2026-08-07T19:26:40
ID000384,kriti-sanon,02.jpg,Fake,Yes,,Yes,Yes,Yes,hands distorted,Yes,2026-08-07T19:26:40,2026-08-07T19:26:54
ID000244,Mark-Wahlberg,01.jpg,Real,Yes,Yes,Yes,Yes,,,Yes,2026-08-07T19:26:56,2026-08-07T19:27:05
ID000338,Song-Hye-Kyo,01.jpg,Real,Yes,Yes,Yes,Yes,,,Yes,2026-08-07T19:27:06,2026-08-07T19:27:21
ID000338,Song-Hye-Kyo,02.jpg,Real,Yes,Yes,Yes,Yes,,,Yes,2026-08-07T19:27:21,2026-08-07T19:27:36
ID000338,Song-Hye-Kyo,01.jpg,Fake,Yes,,Yes,Yes,No,,Yes,2026-08-07T19:27:37,2026-08-07T19:27:47
ID000338,Song-Hye-Kyo,02.jpg,Fake,Yes,,Yes,Yes,No,,Yes,2026-08-07T19:27:47,2026-08-07T19:27:55
ID000338,Song-Hye-Kyo,05.png,Fake,Yes,,Yes,Yes,No,,Yes,2026-08-07T19:27:55,2026-08-07T19:28:03
ID000034,Audrey-Hepburn,01.jpg,Real,Yes,Yes,Yes,Yes,,,Yes,2026-08-07T19:28:05,2026-08-07T19:28:15
ID000034,Audrey-Hepburn,02.jpg,Real,Yes,Yes,Yes,Yes,,,Yes,2026-08-07T19:28:15,2026-08-07T19:28:19
ID000034,Audrey-Hepburn,03.jpg,Real,Yes,Yes,Yes,Yes,,,Yes,2026-08-07T19:28:19,2026-08-07T19:28:23
ID000034,Audrey-Hepburn,01.jpg,Fake,Yes,,Yes,Yes,No,,Yes,2026-08-07T19:28:25,2026-08-07T19:28:31
ID000034,Audrey-Hepburn,02.jpg,Fake,Yes,,Yes,Yes,Yes,dog's body is cut off,Yes,2026-08-07T19:28:31,2026-08-07T19:28:52
ID000034,Audrey-Hepburn,03.jpg,Fake,Yes,,Yes,Yes,Yes,head is too big compared to the rest of the body,Yes,2026-08-07T19:28:52,2026-08-07T19:29:18
ID000034,Audrey-Hepburn,04.jpg,Fake,No,,No,No,Yes,,No,2026-08-07T19:29:18,2026-08-07T19:29:30
ID000391,sally-bundock,01.jpg,Real,Yes,Yes,Yes,Yes,,,Yes,2026-08-07T19:29:31,2026-08-07T19:29:43
ID000391,sally-bundock,02.jpg,Real,Yes,Yes,Yes,Yes,,,Yes,2026-08-07T19:29:43,2026-08-07T19:29:47
ID000391,sally-bundock,01.png,Fake,Yes,,No,Yes,No,,No,2026-08-07T19:29:48,2026-08-07T19:30:01
ID000391,sally-bundock,02.png,Fake,Yes,,Yes,Yes,No,,Yes,2026-08-07T19:30:20,2026-08-07T19:30:22
ID000209,Kevin-Bacon,01.jpg,Real,Yes,Yes,Yes,Yes,,,Yes,2026-08-07T19:30:23,2026-08-07T19:30:33
ID000209,Kevin-Bacon,02.jpg,Real,Yes,Yes,Yes,Yes,,,Yes,2026-08-07T19:30:33,2026-08-07T19:30:36
ID000209,Kevin-Bacon,03.jpg,Real,Yes,Yes,Yes,Yes,,,Yes,2026-08-07T19:30:37,2026-08-07T19:30:40
ID000209,Kevin-Bacon,01.jpg,Fake,No,,Yes,Yes,No,,No,2026-08-07T19:30:41,2026-08-07T19:30:48
ID000209,Kevin-Bacon,02.jpg,Fake,No,,Yes,Yes,Yes,nose and hand not real,No,2026-08-07T19:30:48,2026-08-07T19:31:20
ID000209,Kevin-Bacon,03.png,Fake,Yes,,Yes,Yes,Yes,,Yes,2026-08-07T19:31:20,2026-08-07T19:31:26
ID000209,Kevin-Bacon,04.png,Fake,Yes,,Yes,Yes,Yes,,Yes,2026-08-07T19:31:26,2026-08-07T19:31:31
ID000209,Kevin-Bacon,05.png,Fake,No,,Yes,Yes,Yes,,No,2026-08-07T19:31:31,2026-08-07T19:31:36
ID000135,Hardik-Panday,01.jpg,Real,Yes,Yes,Yes,Yes,,,Yes,2026-08-07T19:31:37,2026-08-07T19:31:48
ID000135,Hardik-Panday,1.png,Fake,Yes,,No,Yes,No,,No,2026-08-07T19:31:49,2026-08-07T19:32:05
ID000135,Hardik-Panday,2.jpg,Fake,Yes,,No,Yes,No,,No,2026-08-07T19:32:06,2026-08-07T19:32:14
ID000182,John-Cusack,01.jpg,Real,Yes,Yes,Yes,Yes,,,Yes,2026-08-07T19:32:15,2026-08-07T19:32:27
ID000182,John-Cusack,02.jpg,Real,Yes,Yes,Yes,Yes,,,Yes,2026-08-07T19:32:27,2026-08-07T19:32:36
ID000182,John-Cusack,01.jpg,Fake,Yes,,Yes,Yes,Yes,,Yes,2026-08-07T19:32:36,2026-08-07T19:32:40
ID000182,John-Cusack,02.jpg,Fake,No,,Yes,Yes,Yes,,No,2026-08-07T19:32:41,2026-08-07T19:32:45
ID000182,John-Cusack,03.jpg,Fake,No,,Yes,Yes,No,,No,2026-08-07T19:32:45,2026-08-07T19:32:51
ID000182,John-Cusack,04.jpg,Fake,No,,Yes,Yes,Yes,eyes are distorted,No,2026-08-07T19:32:51,2026-08-07T19:33:03
ID000320,Salma-Hayek,01.jpg,Real,Yes,Yes,Yes,Yes,,,Yes,2026-08-07T19:33:04,2026-08-07T19:33:10
ID000320,Salma-Hayek,02.jpg,Real,Yes,Yes,Yes,Yes,,,Yes,2026-08-07T19:33:10,2026-08-07T19:33:15
ID000320,Salma-Hayek,01.jpg,Fake,Yes,,Yes,Yes,Yes,,Yes,2026-08-07T19:33:16,2026-08-07T19:33:20
ID000320,Salma-Hayek,03.jpg,Fake,No,,Yes,Yes,No,,No,2026-08-07T19:33:20,2026-08-07T19:33:24
ID000320,Salma-Hayek,04.png,Fake,No,,Yes,Yes,No,,No,2026-08-07T19:33:24,2026-08-07T19:33:31
ID000320,Salma-Hayek,05.jpg,Fake,No,,Yes,Yes,Yes,,No,2026-08-07T19:33:31,2026-08-07T19:33:34
ID000366,Will-Ferrell,01.jpg,Real,Yes,Yes,Yes,Yes,,,Yes,2026-08-07T19:33:36,2026-08-07T19:33:46
ID000366,Will-Ferrell,02.jpg,Real,Yes,Yes,Yes,Yes,,,Yes,2026-08-07T19:33:46,2026-08-07T19:33:50
ID000366,Will-Ferrell,01.jpg,Fake,No,,Yes,Yes,Yes,,No,2026-08-07T19:33:52,2026-08-07T19:33:57
ID000366,Will-Ferrell,02.jpg,Fake,No,,Yes,Yes,No,,No,2026-08-07T19:33:57,2026-08-07T19:34:07
ID000366,Will-Ferrell,04.jpg,Fake,Yes,,Yes,Yes,Yes,,Yes,2026-08-07T19:34:08,2026-08-07T19:34:14
ID000390,riya-ulan,01 (2).png,Real,Yes,Yes,Yes,Yes,,,Yes,2026-08-07T19:34:15,2026-08-07T19:34:21
ID000390,riya-ulan,01.png,Fake,Yes,,No,Yes,No,,No,2026-08-07T19:34:23,2026-08-07T19:34:30
ID000390,riya-ulan,120.png,Fake,Yes,,Yes,Yes,Yes,,Yes,2026-08-07T19:34:30,2026-08-07T19:34:38
ID000266,Mina,01.jpg,Real,Yes,Yes,Yes,Yes,,,Yes,2026-08-07T19:34:39,2026-08-07T19:35:28
ID000266,Mina,02.jpg,Real,Yes,Yes,Yes,Yes,,,Yes,2026-08-07T19:35:28,2026-08-07T19:35:31
ID000266,Mina,01.jpg,Fake,No,,Yes,Yes,Yes,,No,2026-08-07T19:35:32,2026-08-07T19:35:36
ID000266,Mina,02.jpg,Fake,No,,Yes,Yes,Yes,,No,2026-08-07T19:35:36,2026-08-07T19:35:40
ID000266,Mina,03.jpg,Fake,No,,Yes,Yes,Yes,,No,2026-08-07T19:35:40,2026-08-07T19:35:43
ID000197,Juliette-Binoche,01.jpg,Real,Yes,Yes,Yes,Yes,,,Yes,2026-08-07T19:35:44,2026-08-07T19:38:19
ID000197,Juliette-Binoche,01.jpg,Fake,No,,Yes,Yes,Yes,,No,2026-08-07T19:38:21,2026-08-07T19:38:26
ID000197,Juliette-Binoche,02.jpg,Fake,Yes,,Yes,Yes,Yes,,Yes,2026-08-07T19:38:26,2026-08-07T19:38:40
ID000197,Juliette-Binoche,03.jpg,Fake,Yes,,Yes,Yes,Yes,,Yes,2026-08-07T19:38:40,2026-08-07T19:38:43
ID000188,Johnny-Depp,01.jpg,Real,Yes,Yes,Yes,Yes,,,Yes,2026-08-07T19:38:44,2026-08-07T19:38:49
ID000188,Johnny-Depp,02.jpg,Real,Yes,Yes,Yes,Yes,,,Yes,2026-08-07T19:38:49,2026-08-07T19:38:52
ID000188,Johnny-Depp,03.jpg,Real,Yes,Yes,Yes,Yes,,,Yes,2026-08-07T19:38:53,2026-08-07T19:38:57
ID000188,Johnny-Depp,01.jpg,Fake,Yes,,Yes,Yes,Yes,,Yes,2026-08-07T19:38:58,2026-08-07T19:39:02
ID000128,Guy-Pearce,01.jpg,Real,Yes,Yes,Yes,Yes,,,Yes,2026-08-07T19:39:03,2026-08-07T19:39:15
ID000128,Guy-Pearce,01.jpg,Fake,No,,Yes,Yes,No,,No,2026-08-07T19:39:16,2026-08-07T19:39:22
ID000128,Guy-Pearce,03.jpg,Fake,No,,Yes,Yes,Yes,,No,2026-08-07T19:39:22,2026-08-07T19:39:26
ID000128,Guy-Pearce,05.jpg,Fake,Yes,,Yes,Yes,Yes,,Yes,2026-08-07T19:39:26,2026-08-07T19:39:44
ID000128,Guy-Pearce,06.png,Fake,No,,Yes,Yes,No,,No,2026-08-07T19:39:44,2026-08-07T19:39:49
ID000128,Guy-Pearce,07.png,Fake,No,,Yes,Yes,No,,No,2026-08-07T19:39:49,2026-08-07T19:39:52
ID000128,Guy-Pearce,08.png,Fake,No,,Yes,Yes,Yes,backgroung and chest skin abnormal,No,2026-08-07T19:39:52,2026-08-07T19:40:23
ID000194,Josh-Hutcherson,01.jpg,Real,Yes,Yes,Yes,Yes,,,Yes,2026-08-07T19:40:24,2026-08-07T19:40:48
ID000194,Josh-Hutcherson,02.jpg,Real,Yes,Yes,Yes,Yes,,,Yes,2026-08-07T19:40:48,2026-08-07T19:40:50
ID000194,Josh-Hutcherson,01.jpg,Fake,Yes,,No,Yes,Yes,,No,2026-08-07T19:40:51,2026-08-07T19:40:57
ID000194,Josh-Hutcherson,02.jpg,Fake,Yes,,Yes,Yes,Yes,,Yes,2026-08-07T19:40:57,2026-08-07T19:41:04
ID000067,Charlton-Heston,01.jpg,Real,Yes,Yes,Yes,Yes,,,Yes,2026-08-07T19:41:06,2026-08-07T19:41:33
ID000067,Charlton-Heston,02.jpg,Real,Yes,Yes,Yes,Yes,,,Yes,2026-08-07T19:41:33,2026-08-07T19:41:43
ID000067,Charlton-Heston,01.jpg,Fake,No,,Yes,Yes,Yes,,No,2026-08-07T19:41:47,2026-08-07T19:42:13
ID000067,Charlton-Heston,02.jpg,Fake,No,,Yes,Yes,Yes,,No,2026-08-07T19:42:13,2026-08-07T19:42:18
ID000067,Charlton-Heston,03.jpg,Fake,No,,No,Yes,Yes,,No,2026-08-07T19:42:18,2026-08-07T19:43:02
ID000067,Charlton-Heston,04.jpg,Fake,No,,Yes,Yes,Yes,,No,2026-08-07T19:43:03,2026-08-07T19:43:11
ID000067,Charlton-Heston,05.jpg,Fake,No,,Yes,Yes,Yes,fingers distorted,No,2026-08-07T19:43:11,2026-08-07T19:43:31
ID000067,Charlton-Heston,06.png,Fake,No,,Yes,Yes,No,,No,2026-08-07T19:43:31,2026-08-07T19:43:37
ID000067,Charlton-Heston,07.png,Fake,No,,Yes,Yes,No,,No,2026-08-07T19:43:37,2026-08-07T19:43:41
ID000067,Charlton-Heston,08.png,Fake,No,,Yes,Yes,No,,No,2026-08-07T19:43:41,2026-08-07T19:43:45
ID000055,Bukayo-Saka,01.jpg,Real,Yes,Yes,Yes,Yes,,,Yes,2026-08-07T19:43:46,2026-08-07T19:43:58
ID000055,Bukayo-Saka,02.png,Real,Yes,Yes,Yes,Yes,,,Yes,2026-08-07T19:43:58,2026-08-07T19:44:06
ID000055,Bukayo-Saka,03.jpg,Real,Yes,Yes,Yes,Yes,,,Yes,2026-08-07T19:44:06,2026-08-07T19:44:10
ID000055,Bukayo-Saka,1.webp,Fake,No,,Yes,Yes,No,,No,2026-08-07T19:44:11,2026-08-07T19:44:17
ID000016,Alix-Earle,01.png,Real,Yes,Yes,Yes,Yes,,,Yes,2026-08-07T19:44:18,2026-08-07T19:44:37
ID000016,Alix-Earle,02.jpg,Real,Yes,Yes,Yes,Yes,,,Yes,2026-08-07T19:44:37,2026-08-07T19:44:41
ID000016,Alix-Earle,02.png,Fake,No,,Yes,Yes,No,,No,2026-08-07T19:44:42,2026-08-07T19:44:50
ID000016,Alix-Earle,03.jpg,Fake,No,,No,Yes,No,,No,2026-08-07T19:44:50,2026-08-07T19:45:00
ID000058,Caleb-Williams,01.png,Real,Yes,Yes,Yes,Yes,,,Yes,2026-08-07T19:45:01,2026-08-07T19:45:18
ID000058,Caleb-Williams,02.jpg,Real,Yes,Yes,Yes,Yes,,,Yes,2026-08-07T19:45:18,2026-08-07T19:45:24
ID000058,Caleb-Williams,01.jpg,Fake,No,,No,Yes,No,,No,2026-08-07T19:45:26,2026-08-07T19:45:33
ID000058,Caleb-Williams,02.jpg,Fake,No,,Yes,Yes,No,,No,2026-08-07T19:45:33,2026-08-07T19:45:40
ID000058,Caleb-Williams,03.jpg,Fake,Yes,,Yes,Yes,No,,Yes,2026-08-07T19:45:40,2026-08-07T19:46:09
ID000290,Patrick-Wilson,01.jpg,Real,Yes,Yes,Yes,Yes,,,Yes,2026-08-07T19:46:10,2026-08-07T19:46:19
ID000290,Patrick-Wilson,02.jpg,Real,Yes,Yes,Yes,Yes,,,Yes,2026-08-07T19:46:20,2026-08-07T19:46:23
ID000290,Patrick-Wilson,01.jpg,Fake,Yes,,Yes,Yes,Yes,,Yes,2026-08-07T19:46:25,2026-08-07T19:46:29
ID000181,Jodie-Foster,01.jpg,Real,Yes,Yes,Yes,Yes,,,Yes,2026-08-07T19:46:30,2026-08-07T19:46:43
ID000181,Jodie-Foster,01.jpg,Fake,No,,Yes,Yes,Yes,,No,2026-08-07T19:46:44,2026-08-07T19:46:50
ID000181,Jodie-Foster,02.jpg,Fake,Yes,,Yes,Yes,No,,Yes,2026-08-07T19:46:50,2026-08-07T19:46:55
ID000181,Jodie-Foster,03.jpg,Fake,No,,Yes,Yes,Yes,,No,2026-08-07T19:46:55,2026-08-07T19:46:59
ID000181,Jodie-Foster,04.jpg,Fake,Yes,,Yes,Yes,Yes,,Yes,2026-08-07T19:46:59,2026-08-07T19:47:03
ID000181,Jodie-Foster,05.jpg,Fake,Yes,,Yes,Yes,No,,Yes,2026-08-07T19:47:03,2026-08-07T19:47:08
ID000181,Jodie-Foster,06.jpg,Fake,No,,Yes,Yes,No,,No,2026-08-07T19:47:08,2026-08-07T19:47:15
ID000133,Hania-Amir,01.jpg,Real,Yes,Yes,Yes,Yes,,,Yes,2026-08-07T19:47:17,2026-08-07T19:47:22
ID000133,Hania-Amir,02.jpg,Real,Yes,Yes,Yes,Yes,,,Yes,2026-08-07T19:47:22,2026-08-07T19:47:26
ID000133,Hania-Amir,03.png,Real,Yes,Yes,Yes,Yes,,,Yes,2026-08-07T19:47:26,2026-08-07T19:47:29
ID000133,Hania-Amir,01.jpg,Fake,Yes,,Yes,Yes,No,,Yes,2026-08-07T19:47:31,2026-08-07T19:47:36
ID000133,Hania-Amir,02.jpg,Fake,Yes,,Yes,Yes,No,,Yes,2026-08-07T19:47:36,2026-08-07T19:47:52
ID000133,Hania-Amir,03.jpg,Fake,No,,Yes,Yes,No,,No,2026-08-07T19:47:52,2026-08-07T19:47:59
ID000133,Hania-Amir,04.jpg,Fake,No,,Yes,Yes,No,,No,2026-08-07T19:47:59,2026-08-07T19:48:06
ID000133,Hania-Amir,05.png,Fake,Yes,,Yes,Yes,No,,Yes,2026-08-07T19:48:06,2026-08-07T19:48:10
ID000230,Lionel-Messi,01.jpg,Real,Yes,Yes,Yes,Yes,,,Yes,2026-08-07T19:48:11,2026-08-07T19:48:16
ID000230,Lionel-Messi,02.jpg,Real,Yes,Yes,Yes,Yes,,,Yes,2026-08-07T19:48:16,2026-08-07T19:48:19
ID000230,Lionel-Messi,01.jpg,Fake,No,,Yes,Yes,Yes,ear distorted,No,2026-08-07T19:48:20,2026-08-07T19:48:36
ID000230,Lionel-Messi,02.jpg,Fake,Yes,,Yes,Yes,Yes,,Yes,2026-08-07T19:48:36,2026-08-07T19:48:41
ID000230,Lionel-Messi,03.jpg,Fake,Yes,,Yes,Yes,Yes,,Yes,2026-08-07T19:48:41,2026-08-07T19:48:48
ID000240,Maria-Corina-Machado,01.jpg,Real,Yes,Yes,Yes,Yes,,,Yes,2026-08-07T19:48:49,2026-08-07T20:20:13
ID000240,Maria-Corina-Machado,01.jpg,Fake,No,,Yes,Yes,No,,No,2026-08-07T20:20:29,2026-08-07T20:20:46
ID000240,Maria-Corina-Machado,02.jpg,Fake,No,,Yes,Yes,Yes,flags are in the air,No,2026-08-07T20:20:46,2026-08-07T20:21:03
ID000279,Nicholas-Galitzine,01.jpg,Real,Yes,Yes,Yes,Yes,,,Yes,2026-08-07T20:21:05,2026-08-07T20:21:38
ID000279,Nicholas-Galitzine,02.jpg,Real,Yes,Yes,Yes,Yes,,,Yes,2026-08-07T20:21:38,2026-08-07T20:21:41
ID000279,Nicholas-Galitzine,03.jpg,Real,Yes,Yes,Yes,Yes,,,Yes,2026-08-07T20:21:41,2026-08-07T20:21:45
ID000279,Nicholas-Galitzine,01.jpg,Fake,No,,Yes,Yes,No,,No,2026-08-07T20:21:47,2026-08-07T20:21:52
ID000279,Nicholas-Galitzine,02.jpg,Fake,No,,Yes,Yes,No,,No,2026-08-07T20:21:52,2026-08-07T20:21:57
ID000212,Kevin-Spacey,01.jpg,Real,Yes,Yes,Yes,Yes,,,Yes,2026-08-07T20:21:58,2026-08-07T20:22:08
ID000212,Kevin-Spacey,02.jpg,Real,Yes,Yes,Yes,Yes,,,Yes,2026-08-07T20:22:08,2026-08-07T20:22:11
ID000212,Kevin-Spacey,03.jpg,Real,Yes,Yes,Yes,Yes,,,Yes,2026-08-07T20:22:11,2026-08-07T20:22:14
ID000212,Kevin-Spacey,01.jpg,Fake,Yes,,Yes,Yes,Yes,,Yes,2026-08-07T20:22:18,2026-08-07T20:22:25
ID000212,Kevin-Spacey,02.png,Fake,No,,Yes,Yes,No,,No,2026-08-07T20:22:25,2026-08-07T20:22:28
ID000212,Kevin-Spacey,03.png,Fake,No,,Yes,Yes,Yes,,No,2026-08-07T20:22:29,2026-08-07T20:22:34
ID000389,narendra-modi,01.jpg,Real,Yes,Yes,Yes,Yes,,,Yes,2026-08-07T20:22:35,2026-08-07T20:22:39
ID000389,narendra-modi,02.jpg,Real,Yes,Yes,Yes,Yes,,,Yes,2026-08-07T20:22:39,2026-08-07T20:22:42
ID000389,narendra-modi,03.jpg,Real,Yes,Yes,Yes,Yes,,,Yes,2026-08-07T20:22:43,2026-08-07T20:22:46
ID000389,narendra-modi,01.jpg,Fake,No,,Yes,Yes,No,,No,2026-08-07T20:22:48,2026-08-07T20:22:52
ID000389,narendra-modi,01.png,Fake,Yes,,Yes,Yes,Yes,,Yes,2026-08-07T20:22:52,2026-08-07T20:23:04
ID000389,narendra-modi,02.jpg,Fake,Yes,,Yes,Yes,Yes,background,Yes,2026-08-07T20:23:04,2026-08-07T20:23:20
ID000389,narendra-modi,63.png,Fake,Yes,,Yes,Yes,No,,Yes,2026-08-07T20:23:20,2026-08-07T20:23:24
ID000301,Richard-Gere,01.jpg,Real,Yes,Yes,Yes,Yes,,,Yes,2026-08-07T20:23:27,2026-08-07T20:23:38
ID000301,Richard-Gere,01.jpg,Fake,Yes,,Yes,Yes,Yes,,Yes,2026-08-07T20:23:40,2026-08-07T20:24:02
ID000301,Richard-Gere,02.jpg,Fake,No,,Yes,Yes,No,,No,2026-08-07T20:24:02,2026-08-07T20:24:06
ID000301,Richard-Gere,03.jpg,Fake,No,,Yes,Yes,Yes,,No,2026-08-07T20:24:06,2026-08-07T20:24:13
ID000301,Richard-Gere,04.jpg,Fake,Yes,,Yes,Yes,Yes,,Yes,2026-08-07T20:24:13,2026-08-07T20:24:16
ID000301,Richard-Gere,05.jpg,Fake,No,,Yes,Yes,Yes,,No,2026-08-07T20:24:21,2026-08-07T20:24:22
ID000166,Jean-Claude-Van-Damme,01.jpg,Real,Yes,Yes,Yes,Yes,,,Yes,2026-08-07T20:24:24,2026-08-07T20:24:37
ID000166,Jean-Claude-Van-Damme,02.jpg,Real,Yes,Yes,Yes,Yes,,,Yes,2026-08-07T20:24:37,2026-08-07T20:24:44
ID000166,Jean-Claude-Van-Damme,03.jpg,Real,Yes,Yes,Yes,Yes,,,Yes,2026-08-07T20:24:44,2026-08-07T20:24:51
ID000166,Jean-Claude-Van-Damme,01.jpg,Fake,Yes,,Yes,Yes,Yes,hands distorted,Yes,2026-08-07T20:24:52,2026-08-07T20:25:16
ID000334,Shreya-GhoshalI,01.jpg,Real,Yes,Yes,Yes,Yes,,,Yes,2026-08-07T20:25:17,2026-08-07T20:25:26
ID000334,Shreya-GhoshalI,02.jpg,Real,Yes,Yes,Yes,Yes,,,Yes,2026-08-07T20:25:26,2026-08-07T20:25:35
ID000334,Shreya-GhoshalI,03.jpg,Real,Yes,Yes,Yes,Yes,,,Yes,2026-08-07T20:25:35,2026-08-07T20:25:45
ID000334,Shreya-GhoshalI,05.jpg,Fake,No,,Yes,Yes,No,,No,2026-08-07T20:25:46,2026-08-07T20:25:52
ID000334,Shreya-GhoshalI,05.png,Fake,Yes,,Yes,Yes,No,,Yes,2026-08-07T20:25:52,2026-08-07T20:25:59
ID000029,Antonio-Guterres,01.jpg,Real,Yes,Yes,Yes,Yes,,,Yes,2026-08-07T20:26:00,2026-08-07T20:26:18
ID000029,Antonio-Guterres,02.jpg,Fake,Yes,,Yes,Yes,No,,Yes,2026-08-07T20:26:20,2026-08-07T20:26:26
ID000029,Antonio-Guterres,03.jpg,Fake,No,,Yes,Yes,No,,No,2026-08-07T20:26:26,2026-08-07T20:26:33
ID000029,Antonio-Guterres,04.jpg,Fake,Yes,,No,Yes,No,,No,2026-08-07T20:26:33,2026-08-07T20:26:43
ID000156,Jack-Nicholson,01.jpg,Real,Yes,Yes,Yes,Yes,,,Yes,2026-08-07T20:26:45,2026-08-07T20:27:00
ID000156,Jack-Nicholson,01.jpg,Fake,Yes,,Yes,Yes,No,,Yes,2026-08-07T20:27:01,2026-08-07T20:27:15
ID000156,Jack-Nicholson,02.jpg,Fake,No,,Yes,Yes,No,,No,2026-08-07T20:27:15,2026-08-07T20:27:20
ID000156,Jack-Nicholson,03.jpg,Fake,No,,Yes,Yes,No,,No,2026-08-07T20:27:20,2026-08-07T20:27:26
ID000156,Jack-Nicholson,04.jpg,Fake,No,,Yes,Yes,No,,No,2026-08-07T20:27:26,2026-08-07T20:27:32
ID000156,Jack-Nicholson,05.jpg,Fake,No,,Yes,Yes,No,,No,2026-08-07T20:27:32,2026-08-07T20:27:36
ID000395,tom-holland,01.jpg,Real,Yes,Yes,Yes,Yes,,,Yes,2026-08-07T20:27:37,2026-08-07T20:27:41
ID000395,tom-holland,02.jpg,Real,Yes,Yes,Yes,Yes,,,Yes,2026-08-07T20:27:41,2026-08-07T20:27:46
ID000395,tom-holland,03.jpg,Real,Yes,Yes,Yes,Yes,,,Yes,2026-08-07T20:27:46,2026-08-07T20:27:50
ID000395,tom-holland,01.jpg,Fake,Yes,,Yes,Yes,Yes,,No,2026-08-07T20:27:51,2026-08-07T20:28:03
ID000395,tom-holland,02.jpg,Fake,Yes,,Yes,Yes,Yes,hands distortion,Yes,2026-08-07T20:28:03,2026-08-07T20:28:14
ID000395,tom-holland,03.png,Fake,Yes,,Yes,Yes,Yes,,Yes,2026-08-07T20:28:14,2026-08-07T20:28:21
ID000395,tom-holland,04.jpg,Fake,Yes,,Yes,Yes,Yes,,No,2026-08-07T20:28:21,2026-08-07T20:28:25
ID000395,tom-holland,05.jpg,Fake,Yes,,Yes,Yes,No,,No,2026-08-07T20:28:25,2026-08-07T20:28:29
ID000047,Beyonacca,01.png,Real,Yes,Yes,Yes,Yes,,,Yes,2026-08-07T20:28:38,2026-08-07T20:28:50
ID000047,Beyonacca,01.png,Fake,No,,Yes,Yes,No,,No,2026-08-07T20:28:51,2026-08-07T20:28:57
ID000047,Beyonacca,02.jpg,Fake,Yes,,Yes,Yes,Yes,,Yes,2026-08-07T20:28:57,2026-08-07T20:29:01
ID000047,Beyonacca,03.jpg,Fake,No,,Yes,Yes,Yes,,No,2026-08-07T20:29:01,2026-08-07T20:29:04
ID000316,Rose-Byrne,01.jpg,Real,Yes,Yes,Yes,Yes,,,Yes,2026-08-07T20:29:05,2026-08-07T20:29:12
ID000316,Rose-Byrne,02.jpg,Real,Yes,Yes,Yes,Yes,,,Yes,2026-08-07T20:29:13,2026-08-07T20:29:16
ID000316,Rose-Byrne,01.jpg,Fake,No,,Yes,Yes,No,,No,2026-08-07T20:29:17,2026-08-07T20:29:23
ID000308,Robert-Redford,01.jpg,Real,Yes,Yes,Yes,Yes,,,Yes,2026-08-07T20:29:24,2026-08-07T20:29:32
ID000308,Robert-Redford,02.jpg,Real,Yes,Yes,Yes,Yes,,,Yes,2026-08-07T20:29:32,2026-08-07T20:29:35
ID000308,Robert-Redford,03.jpg,Real,Yes,Yes,Yes,Yes,,,Yes,2026-08-07T20:29:35,2026-08-07T20:29:39
ID000308,Robert-Redford,01.jpg,Fake,Yes,,Yes,Yes,No,,Yes,2026-08-07T20:29:40,2026-08-07T20:29:46
ID000308,Robert-Redford,02.jpg,Fake,No,,Yes,Yes,Yes,,No,2026-08-07T20:29:46,2026-08-07T20:29:50
ID000308,Robert-Redford,03.jpg,Fake,Yes,,Yes,Yes,Yes,,Yes,2026-08-07T20:29:50,2026-08-07T20:29:54
ID000005,Adam-Sandler,01.jpg,Real,Yes,Yes,Yes,Yes,,,Yes,2026-08-07T20:29:55,2026-08-07T20:30:00
ID000005,Adam-Sandler,02.jpg,Real,Yes,Yes,Yes,Yes,,,Yes,2026-08-07T20:30:00,2026-08-07T20:30:10
ID000005,Adam-Sandler,01.jpg,Fake,No,,Yes,Yes,Yes,,No,2026-08-07T20:30:11,2026-08-07T20:30:15
ID000005,Adam-Sandler,03.jpg,Fake,Yes,,Yes,Yes,No,,Yes,2026-08-07T20:30:15,2026-08-07T20:30:19
ID000005,Adam-Sandler,04.jpg,Fake,No,,Yes,Yes,No,,No,2026-08-07T20:30:20,2026-08-07T20:30:24
ID000234,Maggie-Smith,01.jpg,Real,Yes,Yes,Yes,Yes,,,Yes,2026-08-07T20:30:25,2026-08-07T20:32:15
ID000234,Maggie-Smith,01.jpg,Fake,No,,Yes,Yes,Yes,,No,2026-08-07T20:32:16,2026-08-07T20:32:23
ID000234,Maggie-Smith,02.jpg,Fake,No,,Yes,Yes,Yes,,No,2026-08-07T20:32:23,2026-08-07T20:32:27
ID000234,Maggie-Smith,03.jpg,Fake,No,,Yes,Yes,Yes,,No,2026-08-07T20:32:27,2026-08-07T20:32:30
ID000063,Carlos-Alcaraz,01.jpg,Real,Yes,Yes,Yes,Yes,,,Yes,2026-08-07T20:32:31,2026-08-07T20:32:42
ID000063,Carlos-Alcaraz,02.jpg,Real,Yes,Yes,Yes,Yes,,,Yes,2026-08-07T20:32:42,2026-08-07T20:33:15
ID000063,Carlos-Alcaraz,03.webp,Real,Yes,Yes,Yes,Yes,,,Yes,2026-08-07T20:33:15,2026-08-07T20:33:21
ID000063,Carlos-Alcaraz,01.jpg,Fake,No,,Yes,Yes,No,,No,2026-08-07T20:33:22,2026-08-07T20:33:26
ID000063,Carlos-Alcaraz,02.jpg,Fake,No,,No,Yes,No,,No,2026-08-07T20:33:26,2026-08-07T20:33:32
ID000216,Kirsten-Dunst,01.jpg,Real,Yes,Yes,Yes,Yes,,,Yes,2026-08-07T20:33:33,2026-08-07T20:34:02
ID000216,Kirsten-Dunst,01.jpg,Fake,Yes,,Yes,Yes,Yes,,Yes,2026-08-07T20:34:30,2026-08-07T20:34:33
ID000216,Kirsten-Dunst,02.jpg,Fake,No,,Yes,Yes,Yes,,No,2026-08-07T20:34:33,2026-08-07T20:34:34
ID000216,Kirsten-Dunst,03.jpg,Fake,No,,Yes,Yes,No,,No,2026-08-07T20:34:34,2026-08-07T20:34:35
ID000139,Helena-Bonham-Carter,01.jpg,Real,Yes,Yes,Yes,Yes,,,Yes,2026-08-07T20:34:37,2026-08-07T20:34:45
ID000139,Helena-Bonham-Carter,02.jpg,Real,Yes,Yes,Yes,Yes,,,Yes,2026-08-07T20:34:45,2026-08-07T20:34:49
ID000139,Helena-Bonham-Carter,01.jpg,Fake,No,,Yes,Yes,Yes,,No,2026-08-07T20:34:53,2026-08-07T20:35:01
ID000139,Helena-Bonham-Carter,02.jpg,Fake,No,,Yes,Yes,Yes,,No,2026-08-07T20:35:01,2026-08-07T20:35:05
ID000139,Helena-Bonham-Carter,03.jpg,Fake,No,,Yes,Yes,Yes,,No,2026-08-07T20:35:05,2026-08-07T20:35:08
ID000139,Helena-Bonham-Carter,04.jpg,Fake,No,,Yes,Yes,Yes,,No,2026-08-07T20:35:08,2026-08-07T20:35:12
ID000139,Helena-Bonham-Carter,05.jpg,Fake,Yes,,Yes,Yes,Yes,,Yes,2026-08-07T20:35:12,2026-08-07T20:35:18
ID000139,Helena-Bonham-Carter,06.jpg,Fake,No,,Yes,Yes,Yes,,No,2026-08-07T20:35:18,2026-08-07T20:35:23
ID000139,Helena-Bonham-Carter,07.jpg,Fake,No,,Yes,Yes,Yes,,No,2026-08-07T20:35:23,2026-08-07T20:35:27
ID000139,Helena-Bonham-Carter,08.jpg,Fake,Yes,,Yes,Yes,Yes,,Yes,2026-08-07T20:35:27,2026-08-07T20:35:33
ID000365,Walter-Matthau,01.jpg,Real,Yes,Yes,Yes,Yes,,,Yes,2026-08-07T20:35:34,2026-08-07T20:36:54
ID000365,Walter-Matthau,02.jpg,Real,Yes,Yes,Yes,Yes,,,Yes,2026-08-07T20:36:54,2026-08-07T20:36:59
ID000365,Walter-Matthau,01.png,Fake,No,,Yes,Yes,Yes,,No,2026-08-07T20:37:01,2026-08-07T20:37:06
ID000365,Walter-Matthau,02.png,Fake,No,,Yes,Yes,Yes,,No,2026-08-07T20:37:06,2026-08-07T20:37:09
ID000365,Walter-Matthau,04.png,Fake,No,,Yes,Yes,Yes,,No,2026-08-07T20:37:09,2026-08-07T20:37:12
ID000299,Reese-Witherspoon,01.jpg,Real,Yes,Yes,Yes,Yes,,,Yes,2026-08-07T20:37:13,2026-08-07T20:37:18
ID000299,Reese-Witherspoon,01.jpg,Fake,Yes,,Yes,Yes,Yes,skin too smooth,Yes,2026-08-07T20:37:19,2026-08-07T20:37:32
ID000299,Reese-Witherspoon,03.jpg,Fake,No,,Yes,Yes,No,,No,2026-08-07T20:37:32,2026-08-07T20:37:37
ID000299,Reese-Witherspoon,04.png,Fake,Yes,,Yes,Yes,No,,Yes,2026-08-07T20:37:37,2026-08-07T20:37:43
ID000084,David-Miller,01.png,Real,Yes,Yes,Yes,Yes,,,Yes,2026-08-07T20:37:44,2026-08-07T20:39:04
ID000084,David-Miller,01.jpg,Fake,No,,Yes,Yes,No,,No,2026-08-07T20:39:05,2026-08-07T20:39:11
ID000084,David-Miller,02.jpg,Fake,Yes,,Yes,Yes,No,,Yes,2026-08-07T20:39:11,2026-08-07T20:39:18
ID000250,Matt-Damon,01.jpg,Real,Yes,Yes,Yes,Yes,,,Yes,2026-08-07T20:39:19,2026-08-07T20:39:27
ID000250,Matt-Damon,02.jpg,Real,Yes,Yes,Yes,Yes,,,Yes,2026-08-07T20:39:27,2026-08-07T20:39:31
ID000250,Matt-Damon,03.jpg,Real,Yes,Yes,Yes,Yes,,,Yes,2026-08-07T20:39:31,2026-08-07T20:39:36
ID000250,Matt-Damon,01.jpg,Fake,Yes,,Yes,Yes,Yes,eyes are too puffy,Yes,2026-08-07T20:39:38,2026-08-07T20:39:53
ID000250,Matt-Damon,02.jpg,Fake,Yes,,Yes,Yes,Yes,,Yes,2026-08-07T20:39:53,2026-08-07T20:40:02
ID000080,Daniel-Day-Lewis,01.jpg,Real,Yes,Yes,Yes,Yes,,,Yes,2026-08-07T20:40:03,2026-08-07T20:40:23
ID000080,Daniel-Day-Lewis,02.jpg,Real,Yes,Yes,Yes,Yes,,,Yes,2026-08-07T20:40:23,2026-08-07T20:40:27
ID000080,Daniel-Day-Lewis,01.jpg,Fake,Yes,,Yes,Yes,Yes,,Yes,2026-08-07T20:40:38,2026-08-07T20:40:45
ID000080,Daniel-Day-Lewis,02.jpg,Fake,No,,Yes,Yes,Yes,,No,2026-08-07T20:40:45,2026-08-07T20:40:51
ID000080,Daniel-Day-Lewis,03.jpg,Fake,Yes,,Yes,Yes,Yes,,Yes,2026-08-07T20:40:51,2026-08-07T20:40:56
ID000176,Jet-Li,01.jpg,Real,Yes,Yes,Yes,Yes,,,Yes,2026-08-07T20:40:57,2026-08-07T20:41:08
ID000176,Jet-Li,02.jpg,Real,Yes,Yes,Yes,Yes,,,Yes,2026-08-07T20:41:08,2026-08-07T20:41:11
ID000176,Jet-Li,01.jpg,Fake,No,,Yes,Yes,No,,No,2026-08-07T20:41:12,2026-08-07T20:41:19
ID000176,Jet-Li,02.png,Fake,Yes,,Yes,Yes,Yes,,Yes,2026-08-07T20:41:19,2026-08-07T20:41:25
ID000024,Anna-Wintour,01.jpg,Real,Yes,Yes,Yes,Yes,,,Yes,2026-08-07T20:41:26,2026-08-07T20:41:50
ID000024,Anna-Wintour,02.jpg,Real,Yes,Yes,Yes,Yes,,,Yes,2026-08-07T20:41:51,2026-08-07T20:41:54
ID000024,Anna-Wintour,01.jpg,Fake,No,,Yes,Yes,No,,No,2026-08-07T20:41:55,2026-08-07T20:42:00
ID000024,Anna-Wintour,02.jpg,Fake,Yes,,Yes,Yes,No,,Yes,2026-08-07T20:42:01,2026-08-07T20:42:04
ID000024,Anna-Wintour,03.jpg,Fake,Yes,,Yes,Yes,Yes,different body shape,Yes,2026-08-07T20:42:04,2026-08-07T20:42:18
ID000072,Christian-Bale,01.jpg,Real,Yes,Yes,Yes,Yes,,,Yes,2026-08-07T20:42:19,2026-08-07T20:42:25
ID000072,Christian-Bale,01.jpg,Fake,Yes,,Yes,Yes,Yes,,Yes,2026-08-07T20:42:26,2026-08-07T20:42:33
ID000072,Christian-Bale,02.jpg,Fake,No,,Yes,Yes,Yes,,No,2026-08-07T20:42:33,2026-08-07T20:42:37
ID000072,Christian-Bale,03.jpg,Fake,No,,Yes,Yes,Yes,,No,2026-08-07T20:42:37,2026-08-07T20:42:42
ID000072,Christian-Bale,04.jpg,Fake,No,,Yes,Yes,No,,No,2026-08-07T20:42:42,2026-08-07T20:42:46
ID000072,Christian-Bale,05.jpg,Fake,Yes,,Yes,Yes,No,,Yes,2026-08-07T20:42:46,2026-08-07T20:42:51
ID000369,William-Shatner,01.jpg,Real,Yes,Yes,Yes,Yes,,,Yes,2026-08-07T20:42:52,2026-08-07T20:45:23
ID000369,William-Shatner,02.jpg,Real,Yes,Yes,Yes,Yes,,,Yes,2026-08-07T20:45:24,2026-08-07T20:45:31
ID000369,William-Shatner,01.jpg,Fake,Yes,,Yes,Yes,No,,Yes,2026-08-07T20:45:36,2026-08-07T20:45:44
ID000369,William-Shatner,02.jpg,Fake,Yes,,Yes,Yes,No,,Yes,2026-08-07T20:45:44,2026-08-07T20:45:47
ID000369,William-Shatner,03.jpg,Fake,No,,Yes,Yes,No,,No,2026-08-07T20:45:47,2026-08-07T20:45:59
ID000143,Humphrey-Bogart,01.jpg,Real,Yes,Yes,Yes,Yes,,,Yes,2026-08-07T20:46:00,2026-08-07T20:46:20
ID000143,Humphrey-Bogart,02.jpg,Real,Yes,Yes,Yes,Yes,,,Yes,2026-08-07T20:46:20,2026-08-07T20:46:27
ID000143,Humphrey-Bogart,03.jpg,Real,Yes,Yes,Yes,Yes,,,Yes,2026-08-07T20:46:27,2026-08-07T20:46:32
ID000143,Humphrey-Bogart,01.jpg,Fake,Yes,,Yes,Yes,Yes,,Yes,2026-08-07T20:46:32,2026-08-07T20:46:47
ID000143,Humphrey-Bogart,02.jpg,Fake,No,,Yes,Yes,Yes,,No,2026-08-07T20:46:47,2026-08-07T20:46:51
ID000352,Tim-Curry,01.jpg,Real,Yes,Yes,Yes,Yes,,,Yes,2026-08-07T20:46:52,2026-08-07T20:47:01
ID000352,Tim-Curry,02.jpg,Real,Yes,Yes,Yes,Yes,,,Yes,2026-08-07T20:47:01,2026-08-07T20:47:04
ID000352,Tim-Curry,03.jpg,Real,No,Yes,Yes,Yes,,,No,2026-08-07T20:47:04,2026-08-07T20:47:10
ID000352,Tim-Curry,01.jpg,Fake,No,,Yes,Yes,No,,No,2026-08-07T20:47:12,2026-08-07T20:47:17
ID000352,Tim-Curry,02.png,Fake,No,,Yes,Yes,No,,No,2026-08-07T20:47:17,2026-08-07T20:47:22
ID000352,Tim-Curry,03.jpg,Fake,No,,Yes,Yes,Yes,,No,2026-08-07T20:47:22,2026-08-07T20:47:25
ID000352,Tim-Curry,04.jpg,Fake,Yes,,Yes,Yes,Yes,,Yes,2026-08-07T20:47:26,2026-08-07T20:47:32
ID000352,Tim-Curry,05.jpg,Fake,No,,Yes,Yes,No,,No,2026-08-07T20:47:32,2026-08-07T20:47:35
ID000252,Matt-Rife,01.jpg,Real,Yes,Yes,Yes,Yes,,,Yes,2026-08-07T20:47:36,2026-08-07T20:47:41
ID000252,Matt-Rife,02.jpg,Real,Yes,Yes,Yes,Yes,,,Yes,2026-08-07T20:47:41,2026-08-07T20:47:45
ID000252,Matt-Rife,03.jpg,Real,Yes,Yes,Yes,Yes,,,Yes,2026-08-07T20:47:45,2026-08-07T20:47:49
ID000252,Matt-Rife,01.jpg,Fake,Yes,,Yes,Yes,Yes,the chest is abnormal,Yes,2026-08-07T20:47:50,2026-08-07T20:48:12
ID000109,Eva-Green,01.jpg,Real,Yes,Yes,Yes,Yes,,,Yes,2026-08-07T20:48:14,2026-08-07T20:48:45
ID000109,Eva-Green,01.jpg,Fake,Yes,,Yes,Yes,Yes,,Yes,2026-08-07T20:48:46,2026-08-07T20:48:50
ID000109,Eva-Green,02.jpg,Fake,Yes,,Yes,Yes,Yes,,Yes,2026-08-07T20:48:50,2026-08-07T20:48:55
ID000378,captin-pat-cumins,01.jpg,Real,Yes,Yes,Yes,Yes,,,Yes,2026-08-07T20:48:56,2026-08-07T20:49:51
ID000378,captin-pat-cumins,02.jpg,Real,Yes,Yes,Yes,Yes,,,Yes,2026-08-07T20:49:51,2026-08-07T20:49:57
ID000378,captin-pat-cumins,03.jpg,Real,Yes,Yes,Yes,Yes,,,Yes,2026-08-07T20:49:57,2026-08-07T20:50:04
ID000378,captin-pat-cumins,01.jpg,Fake,No,,Yes,Yes,No,,No,2026-08-07T20:50:05,2026-08-07T20:50:10
ID000210,Kevin-Costner,01.jpg,Real,Yes,Yes,Yes,Yes,,,Yes,2026-08-07T20:50:12,2026-08-07T20:50:21
ID000210,Kevin-Costner,02.jpg,Real,Yes,Yes,Yes,Yes,,,Yes,2026-08-07T20:50:21,2026-08-07T20:50:25
ID000210,Kevin-Costner,01.jpg,Fake,Yes,,Yes,Yes,Yes,,Yes,2026-08-07T20:50:26,2026-08-07T20:50:35
ID000210,Kevin-Costner,02.jpg,Fake,Yes,,Yes,Yes,No,,Yes,2026-08-07T20:50:35,2026-08-07T20:50:42
ID000210,Kevin-Costner,03.jpg,Fake,No,,Yes,Yes,Yes,,No,2026-08-07T20:50:42,2026-08-07T20:50:46
ID000364,Walt-Disney,01.jpg,Real,Yes,Yes,Yes,Yes,,,Yes,2026-08-07T20:50:47,2026-08-07T20:50:55
ID000364,Walt-Disney,01.png,Fake,No,,No,Yes,Yes,,No,2026-08-07T20:50:56,2026-08-07T20:51:05
ID000364,Walt-Disney,02.jpg,Fake,No,,Yes,Yes,No,,No,2026-08-07T20:51:05,2026-08-07T20:51:09
ID000025,Anthony-Hopkins,01.jpg,Real,Yes,Yes,Yes,Yes,,,Yes,2026-08-07T20:51:10,2026-08-07T20:51:18
ID000025,Anthony-Hopkins,02.jpg,Real,Yes,Yes,Yes,Yes,,,Yes,2026-08-07T20:51:18,2026-08-07T20:51:21
ID000025,Anthony-Hopkins,03.jpg,Real,Yes,Yes,Yes,Yes,,,Yes,2026-08-07T20:51:21,2026-08-07T20:51:27
ID000025,Anthony-Hopkins,01.jpg,Fake,Yes,,Yes,Yes,No,,Yes,2026-08-07T20:51:28,2026-08-07T20:51:33
ID000025,Anthony-Hopkins,02.jpg,Fake,Yes,,Yes,Yes,Yes,,Yes,2026-08-07T20:51:33,2026-08-07T20:51:37
ID000025,Anthony-Hopkins,03.jpg,Fake,Yes,,Yes,Yes,No,,Yes,2026-08-07T20:51:37,2026-08-07T20:51:43
ID000025,Anthony-Hopkins,05.jpg,Fake,Yes,,Yes,Yes,Yes,,No,2026-08-07T20:51:44,2026-08-07T20:51:52
ID000025,Anthony-Hopkins,06.jpg,Fake,No,,Yes,Yes,No,,No,2026-08-07T20:51:52,2026-08-07T20:51:56
ID000101,Emma-Roberts,01.jpg,Real,Yes,Yes,Yes,Yes,,,Yes,2026-08-07T20:52:11,2026-08-07T20:52:27
ID000101,Emma-Roberts,02.jpg,Real,Yes,Yes,Yes,Yes,,,Yes,2026-08-07T20:52:27,2026-08-07T20:52:31
ID000101,Emma-Roberts,01.jpg,Fake,Yes,,Yes,Yes,Yes,,Yes,2026-08-07T20:52:31,2026-08-07T20:52:35
ID000101,Emma-Roberts,02.jpg,Fake,No,,Yes,Yes,Yes,,No,2026-08-07T20:52:36,2026-08-07T20:52:39
ID000101,Emma-Roberts,04.jpg,Fake,Yes,,Yes,Yes,No,,Yes,2026-08-07T20:52:39,2026-08-07T20:52:45
ID000101,Emma-Roberts,05.jpg,Fake,Yes,,Yes,Yes,No,,Yes,2026-08-07T20:52:45,2026-08-07T20:52:49
ID000172,Jennifer-Garner,01.jpg,Real,Yes,Yes,Yes,Yes,,,Yes,2026-08-07T20:52:50,2026-08-07T20:52:55
ID000172,Jennifer-Garner,02.jpg,Real,Yes,Yes,Yes,Yes,,,Yes,2026-08-07T20:52:55,2026-08-07T20:53:05
ID000172,Jennifer-Garner,01.jpg,Fake,No,,Yes,Yes,No,,No,2026-08-07T20:53:07,2026-08-07T20:53:13
ID000172,Jennifer-Garner,02.jpg,Fake,No,,Yes,Yes,No,,No,2026-08-07T20:53:13,2026-08-07T20:53:17
ID000151,Ioan-Gruffudd,01.jpg,Real,Yes,Yes,Yes,Yes,,,Yes,2026-08-07T20:53:18,2026-08-07T20:53:24
ID000151,Ioan-Gruffudd,02.jpg,Real,Yes,Yes,Yes,Yes,,,Yes,2026-08-07T20:53:24,2026-08-07T20:53:27
ID000151,Ioan-Gruffudd,01.jpg,Fake,No,,Yes,Yes,Yes,background,No,2026-08-07T20:53:28,2026-08-07T20:53:43
ID000151,Ioan-Gruffudd,02.jpg,Fake,No,,Yes,Yes,Yes,,No,2026-08-07T20:53:43,2026-08-07T20:54:00
ID000190,Jon-Stewart,01.jpg,Real,Yes,Yes,Yes,Yes,,,Yes,2026-08-07T20:54:01,2026-08-07T20:54:11
ID000190,Jon-Stewart,11.png,Fake,No,,Yes,Yes,Yes,legs are merged,No,2026-08-07T20:54:12,2026-08-07T20:54:27
ID000043,Benedict-Cumberbatch,01.jpg,Real,Yes,Yes,Yes,Yes,,,Yes,2026-08-07T20:54:32,2026-08-07T20:54:37
ID000043,Benedict-Cumberbatch,02.jpg,Real,Yes,Yes,Yes,Yes,,,Yes,2026-08-07T20:54:37,2026-08-07T20:54:41
ID000043,Benedict-Cumberbatch,01.jpg,Fake,Yes,,Yes,Yes,Yes,,Yes,2026-08-07T20:54:42,2026-08-07T20:54:47
ID000043,Benedict-Cumberbatch,02.jpg,Fake,No,,Yes,Yes,Yes,,No,2026-08-07T20:54:47,2026-08-07T20:54:52
ID000043,Benedict-Cumberbatch,03.jpg,Fake,No,,Yes,Yes,Yes,,No,2026-08-07T20:54:52,2026-08-07T20:54:58
ID000043,Benedict-Cumberbatch,04.webp,Fake,Yes,,Yes,Yes,Yes,,Yes,2026-08-07T20:54:58,2026-08-07T20:55:04
ID000117,Gabriel-Boric,01.jpg,Real,Yes,Yes,Yes,Yes,,,Yes,2026-08-07T20:55:06,2026-08-07T20:55:45
ID000117,Gabriel-Boric,02.jpg,Real,Yes,Yes,Yes,Yes,,,Yes,2026-08-07T20:55:45,2026-08-07T20:55:51
ID000117,Gabriel-Boric,01.png,Fake,Yes,,No,Yes,No,,No,2026-08-07T20:55:52,2026-08-07T20:56:02
ID000387,mr-beast,01.jpg,Real,Yes,Yes,Yes,Yes,,,Yes,2026-08-07T20:56:04,2026-08-07T20:56:10
ID000387,mr-beast,02.jpg,Real,Yes,Yes,Yes,Yes,,,Yes,2026-08-07T20:56:10,2026-08-07T20:56:13
ID000387,mr-beast,01.jpg,Fake,No,,Yes,Yes,Yes,,No,2026-08-07T20:56:14,2026-08-07T20:56:17
ID000387,mr-beast,02.jpg,Fake,No,,Yes,Yes,Yes,,No,2026-08-07T20:56:23,2026-08-07T20:56:27
ID000387,mr-beast,03.jpg,Fake,Yes,,Yes,Yes,No,,Yes,2026-08-07T20:56:27,2026-08-07T20:56:30
ID000387,mr-beast,05.png,Fake,Yes,,Yes,Yes,No,,Yes,2026-08-07T20:56:30,2026-08-07T20:56:34
ID000217,Kristen-Stewart,01.jpg,Real,Yes,Yes,Yes,Yes,,,Yes,2026-08-07T20:56:35,2026-08-07T20:56:40
ID000217,Kristen-Stewart,02.jpg,Real,Yes,Yes,Yes,Yes,,,Yes,2026-08-07T20:56:40,2026-08-07T20:56:44
ID000217,Kristen-Stewart,01.jpg,Fake,Yes,,Yes,Yes,Yes,,Yes,2026-08-07T20:56:47,2026-08-07T20:56:56
ID000217,Kristen-Stewart,03.jpg,Fake,No,,Yes,Yes,Yes,,No,2026-08-07T20:56:56,2026-08-07T20:57:00
ID000327,Selena-Gomez,01.jpg,Real,Yes,Yes,Yes,Yes,,,Yes,2026-08-07T20:57:02,2026-08-07T20:57:24
ID000327,Selena-Gomez,02.jpg,Real,Yes,Yes,Yes,Yes,,,Yes,2026-08-07T20:57:24,2026-08-07T20:57:26
ID000327,Selena-Gomez,03.jpg,Real,Yes,Yes,Yes,Yes,,,Yes,2026-08-07T20:57:26,2026-08-07T20:57:30
ID000327,Selena-Gomez,01.png,Fake,Yes,,Yes,Yes,Yes,,Yes,2026-08-07T20:57:32,2026-08-07T20:57:36
ID000327,Selena-Gomez,04.jpg,Fake,No,,Yes,Yes,Yes,,No,2026-08-07T20:57:36,2026-08-07T20:57:39
ID000327,Selena-Gomez,05.jpg,Fake,Yes,,Yes,Yes,Yes,,Yes,2026-08-07T20:57:39,2026-08-07T20:57:44
ID000015,Alina-Amir,01.jpg,Real,Yes,Yes,Yes,Yes,,,Yes,2026-08-07T20:57:45,2026-08-07T20:57:54
ID000015,Alina-Amir,01.png,Fake,Yes,,No,Yes,No,,No,2026-08-07T20:57:55,2026-08-07T20:58:05
ID000015,Alina-Amir,02.jpg,Fake,Yes,,Yes,Yes,No,,Yes,2026-08-07T20:58:05,2026-08-07T20:58:10
ID000015,Alina-Amir,04.png,Fake,Yes,,Yes,Yes,No,,Yes,2026-08-07T20:58:10,2026-08-07T20:58:14
ID000367,Will-Smith,01.jpg,Real,Yes,Yes,Yes,Yes,,,Yes,2026-08-07T20:58:15,2026-08-07T20:58:20
ID000367,Will-Smith,02.jpg,Real,Yes,Yes,Yes,Yes,,,Yes,2026-08-07T20:58:20,2026-08-07T20:58:23
ID000367,Will-Smith,03.jpg,Real,Yes,Yes,Yes,Yes,,,Yes,2026-08-07T20:58:23,2026-08-07T20:58:26
ID000367,Will-Smith,01.jpg,Fake,Yes,,No,Yes,Yes,,No,2026-08-07T20:58:27,2026-08-07T20:58:41
ID000367,Will-Smith,02.jpg,Fake,Yes,,Yes,Yes,No,,Yes,2026-08-07T20:58:41,2026-08-07T20:58:47
ID000367,Will-Smith,03.jpg,Fake,Yes,,Yes,Yes,No,,Yes,2026-08-07T20:58:47,2026-08-07T20:58:51
ID000367,Will-Smith,04.jpg,Fake,Yes,,Yes,Yes,Yes,,Yes,2026-08-07T20:58:51,2026-08-07T20:58:57
ID000004,Abdulnasser-Bin-Kalban,01.jpg,Real,Yes,Yes,Yes,Yes,,,Yes,2026-08-07T20:58:58,2026-08-07T20:59:12
ID000004,Abdulnasser-Bin-Kalban,02.jpg,Real,Yes,Yes,Yes,Yes,,,Yes,2026-08-07T20:59:12,2026-08-07T20:59:16
ID000004,Abdulnasser-Bin-Kalban,01.jpg,Fake,No,,No,Yes,No,,No,2026-08-07T20:59:19,2026-08-07T20:59:27
ID000057,Caitlin-Clark,01.png,Real,Yes,Yes,Yes,Yes,,,Yes,2026-08-07T20:59:29,2026-08-07T20:59:41
ID000057,Caitlin-Clark,01.jpg,Fake,Yes,,Yes,Yes,No,,Yes,2026-08-07T20:59:42,2026-08-07T20:59:47
ID000057,Caitlin-Clark,02.jpg,Fake,Yes,,Yes,Yes,No,,Yes,2026-08-07T20:59:47,2026-08-07T20:59:53
ID000057,Caitlin-Clark,03.png,Fake,Yes,,Yes,Yes,No,,Yes,2026-08-07T20:59:53,2026-08-07T21:00:06
ID000057,Caitlin-Clark,04.png,Fake,Yes,,Yes,Yes,Yes,body shape is changed,No,2026-08-07T21:00:06,2026-08-07T21:00:18
ID000322,Sanna-Marin,01.jpg,Real,Yes,Yes,Yes,Yes,,,Yes,2026-08-07T21:00:24,2026-08-07T21:00:38
ID000322,Sanna-Marin,02.jpg,Real,Yes,Yes,Yes,Yes,,,Yes,2026-08-07T21:00:38,2026-08-07T21:00:47
ID000322,Sanna-Marin,01.jpg,Fake,No,,Yes,Yes,No,,No,2026-08-07T21:00:48,2026-08-07T21:00:54
ID000322,Sanna-Marin,04.png,Fake,No,,Yes,Yes,No,,No,2026-08-07T21:00:54,2026-08-07T21:00:59
ID000322,Sanna-Marin,05.jpg,Fake,No,,Yes,Yes,No,,No,2026-08-07T21:00:59,2026-08-07T21:01:05
ID000225,LeBron-James,01.jpg,Real,Yes,Yes,Yes,Yes,,,Yes,2026-08-07T21:01:06,2026-08-07T21:01:22
ID000225,LeBron-James,02.png,Real,Yes,Yes,Yes,Yes,,,Yes,2026-08-07T21:01:22,2026-08-07T21:01:26
ID000225,LeBron-James,03.jpg,Real,Yes,Yes,Yes,Yes,,,Yes,2026-08-07T21:01:26,2026-08-07T21:01:32
ID000225,LeBron-James,01.jpg,Fake,Yes,,Yes,Yes,Yes,,Yes,2026-08-07T21:01:46,2026-08-07T21:01:54
ID000225,LeBron-James,02.jpg,Fake,No,,No,No,Yes,,No,2026-08-07T21:01:54,2026-08-07T21:02:01
ID000225,LeBron-James,06.png,Fake,Yes,,Yes,Yes,No,,Yes,2026-08-07T21:02:01,2026-08-07T21:02:06
ID000107,Ethan-Hawke,01.jpg,Real,Yes,Yes,Yes,Yes,,,Yes,2026-08-07T21:02:07,2026-08-07T21:02:16
ID000107,Ethan-Hawke,02.jpg,Real,Yes,Yes,Yes,Yes,,,Yes,2026-08-07T21:02:16,2026-08-07T21:02:24
ID000107,Ethan-Hawke,01.jpg,Fake,Yes,,Yes,Yes,No,,Yes,2026-08-07T21:02:25,2026-08-07T21:02:30
ID000107,Ethan-Hawke,02.jpg,Fake,No,,No,Yes,No,,No,2026-08-07T21:02:30,2026-08-07T21:02:38
ID000107,Ethan-Hawke,03.jpg,Fake,No,,Yes,Yes,No,,No,2026-08-07T21:02:38,2026-08-07T21:02:43
ID000107,Ethan-Hawke,04.jpg,Fake,Yes,,Yes,Yes,No,,Yes,2026-08-07T21:02:43,2026-08-07T21:02:49
ID000107,Ethan-Hawke,05.jpg,Fake,Yes,,Yes,Yes,Yes,,Yes,2026-08-07T21:02:49,2026-08-07T21:02:53
ID000174,Jessica-Alba,01.jpg,Real,Yes,Yes,Yes,Yes,,,Yes,2026-08-07T21:02:55,2026-08-07T21:03:07
ID000174,Jessica-Alba,02.jpg,Real,Yes,Yes,Yes,Yes,,,Yes,2026-08-07T21:03:07,2026-08-07T21:03:11
ID000174,Jessica-Alba,03.jpg,Real,Yes,Yes,Yes,Yes,,,Yes,2026-08-07T21:03:11,2026-08-07T21:03:15
ID000174,Jessica-Alba,01.jpg,Fake,No,,Yes,Yes,Yes,,No,2026-08-07T21:03:17,2026-08-07T21:03:24
ID000174,Jessica-Alba,02.jpg,Fake,No,,Yes,Yes,Yes,,No,2026-08-07T21:03:24,2026-08-07T21:03:31
ID000174,Jessica-Alba,03.jpg,Fake,Yes,,Yes,Yes,No,,Yes,2026-08-07T21:04:01,2026-08-07T21:04:02
ID000221,Lamar-Jackson,01.png,Real,Yes,Yes,Yes,Yes,,,Yes,2026-08-07T21:04:03,2026-08-07T21:04:14
ID000221,Lamar-Jackson,01.jpg,Fake,No,,Yes,Yes,Yes,,No,2026-08-07T21:04:15,2026-08-07T21:04:20
ID000221,Lamar-Jackson,02.jpg,Fake,No,,Yes,Yes,No,,No,2026-08-07T21:04:20,2026-08-07T21:04:26
ID000192,Josh-Brolin,01.jpg,Real,Yes,Yes,Yes,Yes,,,Yes,2026-08-07T21:04:27,2026-08-07T21:04:37
ID000192,Josh-Brolin,01.png,Fake,No,,Yes,Yes,No,,No,2026-08-07T21:04:38,2026-08-07T21:04:44
ID000192,Josh-Brolin,02.jpg,Fake,No,,Yes,Yes,No,,No,2026-08-07T21:04:44,2026-08-07T21:04:48
ID000192,Josh-Brolin,03.jpg,Fake,Yes,,Yes,Yes,Yes,,Yes,2026-08-07T21:04:48,2026-08-07T21:04:52
ID000192,Josh-Brolin,04.jpg,Fake,Yes,,Yes,Yes,No,,Yes,2026-08-07T21:04:52,2026-08-07T21:04:58
ID000140,Hilary-Duff,01.jpg,Real,Yes,Yes,Yes,Yes,,,Yes,2026-08-07T21:04:59,2026-08-07T21:05:05
ID000140,Hilary-Duff,01.jpg,Fake,Yes,,Yes,Yes,Yes,,Yes,2026-08-07T21:05:06,2026-08-07T21:05:11
ID000140,Hilary-Duff,02.jpg,Fake,Yes,,Yes,Yes,Yes,,Yes,2026-08-07T21:05:11,2026-08-07T21:05:14
ID000140,Hilary-Duff,03.jpg,Fake,No,,Yes,Yes,No,,No,2026-08-07T21:05:15,2026-08-07T21:05:18
ID000065,Charles-Chaplin,01.jpg,Real,Yes,Yes,Yes,Yes,,,Yes,2026-08-07T21:05:19,2026-08-07T21:05:31
ID000065,Charles-Chaplin,02.jpg,Real,Yes,Yes,Yes,Yes,,,Yes,2026-08-07T21:05:31,2026-08-07T21:05:33
ID000065,Charles-Chaplin,01.jpg,Fake,Yes,,Yes,Yes,Yes,,Yes,2026-08-07T21:05:34,2026-08-07T21:05:41
ID000065,Charles-Chaplin,02.jpg,Fake,No,,No,Yes,Yes,,No,2026-08-07T21:05:41,2026-08-07T21:05:48
ID000065,Charles-Chaplin,03.jpg,Fake,Yes,,Yes,Yes,No,,Yes,2026-08-07T21:05:48,2026-08-07T21:05:51
ID000206,Keanu-Reeves,01.jpg,Real,Yes,Yes,Yes,Yes,,,Yes,2026-08-07T21:05:53,2026-08-07T21:05:58
ID000206,Keanu-Reeves,02.jpg,Real,Yes,Yes,Yes,Yes,,,Yes,2026-08-07T21:05:58,2026-08-07T21:06:02
ID000206,Keanu-Reeves,01.jpg,Fake,Yes,,Yes,Yes,No,,Yes,2026-08-07T21:06:03,2026-08-07T21:06:06
ID000206,Keanu-Reeves,02.png,Fake,Yes,,Yes,Yes,No,,Yes,2026-08-07T21:06:06,2026-08-07T21:06:09
ID000171,Jennifer-Connelly,01.png,Real,Yes,Yes,Yes,Yes,,,Yes,2026-08-07T21:06:11,2026-08-07T21:06:16
ID000171,Jennifer-Connelly,02.jpg,Real,Yes,Yes,Yes,Yes,,,Yes,2026-08-07T21:06:16,2026-08-07T21:06:20
ID000171,Jennifer-Connelly,01.jpg,Fake,Yes,,Yes,Yes,Yes,,Yes,2026-08-07T21:06:21,2026-08-07T21:06:26
ID000171,Jennifer-Connelly,02.jpg,Fake,Yes,,Yes,Yes,No,,Yes,2026-08-07T21:06:26,2026-08-07T21:06:30
ID000171,Jennifer-Connelly,03.jpg,Fake,No,,Yes,Yes,No,,No,2026-08-07T21:06:30,2026-08-07T21:06:36
ID000171,Jennifer-Connelly,04.jpg,Fake,Yes,,Yes,Yes,Yes,skin too smooth,Yes,2026-08-07T21:06:36,2026-08-07T21:06:53
ID000104,Emma-Mackey,01.jpg,Real,Yes,Yes,Yes,Yes,,,Yes,2026-08-07T21:06:54,2026-08-07T21:07:03
ID000104,Emma-Mackey,02.jpg,Real,Yes,Yes,Yes,Yes,,,Yes,2026-08-07T21:07:03,2026-08-07T21:07:06
ID000104,Emma-Mackey,01.jpg,Fake,No,,Yes,Yes,Yes,,No,2026-08-07T21:07:07,2026-08-07T21:07:11
ID000104,Emma-Mackey,02.jpg,Fake,Yes,,Yes,Yes,No,,Yes,2026-08-07T21:07:11,2026-08-07T21:07:17
ID000104,Emma-Mackey,03.jpg,Fake,No,,Yes,Yes,Yes,cigars distorted,No,2026-08-07T21:07:17,2026-08-07T21:07:33
ID000104,Emma-Mackey,04.jpg,Fake,Yes,,Yes,Yes,No,,Yes,2026-08-07T21:07:34,2026-08-07T21:07:38
ID000104,Emma-Mackey,05.jpg,Fake,No,,Yes,Yes,No,,No,2026-08-07T21:07:38,2026-08-07T21:07:43
ID000104,Emma-Mackey,06.png,Fake,Yes,,Yes,Yes,No,,Yes,2026-08-07T21:07:44,2026-08-07T21:07:49
ID000270,Monica-Bellucci,01.jpg,Real,Yes,Yes,Yes,Yes,,,Yes,2026-08-07T21:07:50,2026-08-07T21:08:11
ID000270,Monica-Bellucci,01.jpg,Fake,No,,Yes,Yes,Yes,,No,2026-08-07T21:08:12,2026-08-07T21:08:17
ID000270,Monica-Bellucci,02.jpg,Fake,No,,Yes,Yes,No,,No,2026-08-07T21:08:17,2026-08-07T21:08:23
ID000270,Monica-Bellucci,03.jpg,Fake,No,,Yes,Yes,Yes,,No,2026-08-07T21:08:24,2026-08-07T21:08:36
ID000270,Monica-Bellucci,04.jpg,Fake,No,,No,Yes,Yes,,No,2026-08-07T21:08:36,2026-08-07T21:08:46
ID000141,Hiroyuki-Sanada,01.jpg,Real,Yes,Yes,Yes,Yes,,,Yes,2026-08-07T21:08:47,2026-08-07T21:09:05
ID000141,Hiroyuki-Sanada,02.jpg,Real,Yes,Yes,Yes,Yes,,,Yes,2026-08-07T21:09:05,2026-08-07T21:09:08
ID000141,Hiroyuki-Sanada,01.png,Fake,Yes,,Yes,Yes,Yes,background,Yes,2026-08-07T21:09:09,2026-08-07T21:09:21
ID000141,Hiroyuki-Sanada,02.jpg,Fake,Yes,,Yes,Yes,No,,Yes,2026-08-07T21:09:21,2026-08-07T21:09:27
ID000268,Mohammad-Ahmed,01.jpg,Real,Yes,Yes,Yes,Yes,,,Yes,2026-08-07T21:09:28,2026-08-07T21:09:32
ID000268,Mohammad-Ahmed,02.png,Real,Yes,Yes,Yes,Yes,,,Yes,2026-08-07T21:09:32,2026-08-07T21:09:36
ID000268,Mohammad-Ahmed,03.jpg,Real,Yes,Yes,Yes,Yes,,,Yes,2026-08-07T21:09:36,2026-08-07T21:09:40
ID000268,Mohammad-Ahmed,1.png,Fake,Yes,,Yes,Yes,Yes,,Yes,2026-08-07T21:09:41,2026-08-07T21:09:47
ID000214,Kiefer-Sutherland,01.jpg,Real,Yes,Yes,Yes,Yes,,,Yes,2026-08-07T21:09:48,2026-08-07T21:09:58
ID000214,Kiefer-Sutherland,02.jpg,Real,Yes,Yes,Yes,Yes,,,Yes,2026-08-07T21:09:58,2026-08-07T21:10:01
ID000214,Kiefer-Sutherland,01.jpg,Fake,No,,No,Yes,Yes,,No,2026-08-07T21:10:03,2026-08-07T21:10:07
ID000214,Kiefer-Sutherland,02.jpg,Fake,No,,Yes,Yes,Yes,background and hair,No,2026-08-07T21:10:15,2026-08-07T21:10:24
ID000214,Kiefer-Sutherland,03.jpg,Fake,No,,Yes,Yes,Yes,car is distorted,No,2026-08-07T21:10:24,2026-08-07T21:10:45
ID000214,Kiefer-Sutherland,04.jpg,Fake,Yes,,Yes,Yes,Yes,hands distorted,Yes,2026-08-07T21:10:45,2026-08-07T21:11:02
ID000214,Kiefer-Sutherland,05.jpg,Fake,No,,Yes,Yes,No,,No,2026-08-07T21:11:02,2026-08-07T21:11:06
ID000347,Tate-McRae,01.jpg,Real,Yes,Yes,Yes,Yes,,,Yes,2026-08-07T21:11:07,2026-08-07T21:11:28
ID000347,Tate-McRae,01.png,Fake,Yes,,No,Yes,No,,No,2026-08-07T21:11:30,2026-08-07T21:11:37
ID000347,Tate-McRae,02.jpg,Fake,No,,Yes,Yes,Yes,,No,2026-08-07T21:11:38,2026-08-07T21:11:43
ID000347,Tate-McRae,03.jpg,Fake,No,,Yes,Yes,No,,No,2026-08-07T21:11:43,2026-08-07T21:12:47
ID000347,Tate-McRae,04.png,Fake,Yes,,Yes,Yes,No,,Yes,2026-08-07T21:12:47,2026-08-07T21:12:52
ID000092,Dwayne-Johnson,01.png,Real,Yes,Yes,Yes,Yes,,,Yes,2026-08-07T21:12:53,2026-08-07T21:13:00
ID000092,Dwayne-Johnson,02.jpg,Real,Yes,Yes,Yes,Yes,,,Yes,2026-08-07T21:13:00,2026-08-07T21:13:04
ID000092,Dwayne-Johnson,02.png,Fake,Yes,,Yes,Yes,No,,Yes,2026-08-07T21:13:05,2026-08-07T21:13:13
ID000092,Dwayne-Johnson,03.jpg,Fake,No,,Yes,Yes,No,,No,2026-08-07T21:13:13,2026-08-07T21:13:17
ID000092,Dwayne-Johnson,04.jpg,Fake,Yes,,Yes,Yes,Yes,,Yes,2026-08-07T21:13:17,2026-08-07T21:13:21
ID000092,Dwayne-Johnson,05.jpg,Fake,No,,Yes,Yes,Yes,,No,2026-08-07T21:13:21,2026-08-07T21:13:25
ID000333,Shohei-Ohtani,01.jpg,Real,Yes,Yes,Yes,Yes,,,Yes,2026-08-07T21:13:26,2026-08-07T21:15:00
ID000333,Shohei-Ohtani,01.jpg,Fake,No,,Yes,Yes,Yes,cartoon like animation,No,2026-08-07T21:15:01,2026-08-07T21:15:17
ID000333,Shohei-Ohtani,02.jpg,Fake,No,,Yes,Yes,Yes,,No,2026-08-07T21:15:17,2026-08-07T21:15:26
ID000333,Shohei-Ohtani,03.jpg,Fake,Yes,,Yes,Yes,Yes,face features are too sharp,Yes,2026-08-07T21:15:26,2026-08-07T21:15:48
ID000333,Shohei-Ohtani,04.png,Fake,Yes,,Yes,Yes,No,,Yes,2026-08-07T21:15:48,2026-08-07T21:15:54
ID000064,Carrie-Anne-Moss,01.jpg,Real,Yes,Yes,Yes,Yes,,,Yes,2026-08-07T21:15:55,2026-08-07T21:16:09
ID000064,Carrie-Anne-Moss,02.jpg,Real,Yes,Yes,Yes,Yes,,,Yes,2026-08-07T21:16:09,2026-08-07T21:16:26
ID000064,Carrie-Anne-Moss,03.jpg,Real,Yes,Yes,Yes,Yes,,,Yes,2026-08-07T21:16:26,2026-08-07T21:16:33
ID000064,Carrie-Anne-Moss,01.jpg,Fake,Yes,,Yes,Yes,No,,Yes,2026-08-07T21:16:34,2026-08-07T21:16:42
ID000064,Carrie-Anne-Moss,02.jpg,Fake,Yes,,Yes,Yes,Yes,facial skin too smooth,Yes,2026-08-07T21:16:42,2026-08-07T21:17:12
ID000064,Carrie-Anne-Moss,03.jpg,Fake,No,,Yes,Yes,No,,No,2026-08-07T21:17:12,2026-08-07T21:17:17
ID000064,Carrie-Anne-Moss,04.jpg,Fake,No,,Yes,No,Yes,,No,2026-08-07T21:17:17,2026-08-07T21:17:27
ID000237,Marc-Benioff,01.jpg,Real,Yes,Yes,Yes,Yes,,,Yes,2026-08-07T21:17:28,2026-08-07T21:18:08
ID000237,Marc-Benioff,01.jpg,Fake,No,,Yes,Yes,No,,No,2026-08-07T21:18:09,2026-08-07T21:18:15
ID000237,Marc-Benioff,02.jpg,Fake,No,,Yes,Yes,No,,No,2026-08-07T21:18:15,2026-08-07T21:18:20
ID000249,Martin-Ødegaard,01.jpg,Real,Yes,Yes,Yes,Yes,,,Yes,2026-08-07T21:18:22,2026-08-07T21:18:33
ID000249,Martin-Ødegaard,01.jpg,Fake,No,,Yes,Yes,Yes,feet as a hand,No,2026-08-07T21:18:36,2026-08-07T21:18:56
ID000267,Mohamed-Salah,01.jpg,Real,Yes,Yes,Yes,Yes,,,Yes,2026-08-07T21:18:57,2026-08-07T21:19:06
ID000267,Mohamed-Salah,02.jpg,Real,Yes,Yes,Yes,Yes,,,Yes,2026-08-07T21:19:06,2026-08-07T21:19:09
ID000267,Mohamed-Salah,01.png,Fake,No,,Yes,Yes,Yes,body coming out of ground,No,2026-08-07T21:19:10,2026-08-07T21:19:28
ID000267,Mohamed-Salah,02.png,Fake,No,,Yes,Yes,No,,No,2026-08-07T21:19:28,2026-08-07T21:19:34
ID000146,Ibrahim-Traoré,01.jpg,Real,Yes,Yes,Yes,Yes,,,Yes,2026-08-07T21:19:35,2026-08-07T21:19:49
ID000146,Ibrahim-Traoré,02.jpg,Fake,Yes,,Yes,Yes,Yes,,Yes,2026-08-07T21:19:50,2026-08-07T21:19:58
ID000379,denzel-washington,01.jpg,Real,Yes,Yes,Yes,Yes,,,Yes,2026-08-07T21:19:59,2026-08-07T21:20:08
ID000379,denzel-washington,01.jpg,Fake,Yes,,Yes,Yes,Yes,,Yes,2026-08-07T21:20:09,2026-08-07T21:20:12
ID000379,denzel-washington,02.jpg,Fake,Yes,,Yes,Yes,Yes,,No,2026-08-07T21:20:12,2026-08-07T21:20:15
ID000379,denzel-washington,03.jpg,Fake,Yes,,Yes,Yes,Yes,,Yes,2026-08-07T21:20:15,2026-08-07T21:20:19
ID000379,denzel-washington,04.jpg,Fake,No,,Yes,Yes,Yes,,No,2026-08-07T21:20:19,2026-08-07T21:20:25
ID000379,denzel-washington,05.jpg,Fake,No,,Yes,Yes,Yes,,No,2026-08-07T21:20:25,2026-08-07T21:20:33
ID000379,denzel-washington,06.jpg,Fake,Yes,,Yes,Yes,No,,Yes,2026-08-07T21:20:34,2026-08-07T21:20:38
ID000116,G-Dragon,01.jpg,Real,Yes,Yes,Yes,Yes,,,Yes,2026-08-07T21:20:45,2026-08-07T21:20:56
ID000116,G-Dragon,02.jpg,Real,Yes,Yes,Yes,Yes,,,Yes,2026-08-07T21:20:56,2026-08-07T21:21:07
ID000116,G-Dragon,03.jpg,Real,Yes,Yes,Yes,Yes,,,Yes,2026-08-07T21:21:07,2026-08-07T21:21:15
ID000116,G-Dragon,01.jpg,Fake,No,,Yes,Yes,Yes,,No,2026-08-07T21:21:17,2026-08-07T21:21:27
ID000116,G-Dragon,02.png,Fake,Yes,,Yes,Yes,No,,Yes,2026-08-07T21:21:27,2026-08-07T21:21:31
ID000278,Neymar,01.jpg,Real,Yes,Yes,Yes,Yes,,,Yes,2026-08-07T21:21:32,2026-08-07T21:22:01
ID000278,Neymar,02.jpg,Real,Yes,Yes,Yes,Yes,,,Yes,2026-08-07T21:22:01,2026-08-07T21:22:11
ID000278,Neymar,01.jpg,Fake,Yes,,Yes,Yes,Yes,hair,No,2026-08-07T21:22:11,2026-08-07T21:45:10
ID000278,Neymar,110.png,Fake,Yes,,Yes,Yes,No,,Yes,2026-08-07T21:45:11,2026-08-07T21:45:35
ID000184,John-Malkovich,01.jpg,Real,Yes,Yes,Yes,Yes,,,Yes,2026-08-07T21:45:38,2026-08-07T21:45:51
ID000184,John-Malkovich,02.jpg,Real,Yes,Yes,Yes,Yes,,,Yes,2026-08-07T21:45:51,2026-08-07T21:45:59
ID000184,John-Malkovich,01.png,Fake,No,,Yes,Yes,No,,No,2026-08-07T21:46:00,2026-08-07T21:46:05
ID000184,John-Malkovich,02.jpg,Fake,Yes,,Yes,Yes,Yes,,Yes,2026-08-07T21:46:05,2026-08-07T21:46:15
ID000184,John-Malkovich,03.jpg,Fake,No,,Yes,Yes,Yes,,No,2026-08-07T21:46:15,2026-08-07T21:46:27
ID000255,Michael-Caine,01.jpg,Real,Yes,Yes,Yes,Yes,,,Yes,2026-08-07T21:46:28,2026-08-07T21:46:33
ID000255,Michael-Caine,02.jpg,Real,Yes,Yes,Yes,Yes,,,Yes,2026-08-07T21:46:33,2026-08-07T21:46:35
ID000255,Michael-Caine,01.png,Fake,Yes,,Yes,Yes,No,,Yes,2026-08-07T21:46:37,2026-08-07T21:46:44
ID000255,Michael-Caine,02.jpg,Fake,Yes,,Yes,Yes,No,,Yes,2026-08-07T21:46:45,2026-08-07T21:46:50
ID000255,Michael-Caine,03.jpg,Fake,Yes,,Yes,Yes,No,,Yes,2026-08-07T21:46:50,2026-08-07T21:46:55
ID000292,Paul-Rudd,01.jpg,Real,Yes,Yes,Yes,Yes,,,Yes,2026-08-07T21:46:56,2026-08-07T21:47:01
ID000292,Paul-Rudd,01.jpg,Fake,Yes,,Yes,Yes,Yes,,Yes,2026-08-07T21:47:02,2026-08-07T21:47:06
ID000292,Paul-Rudd,02.jpg,Fake,No,,No,No,Yes,,No,2026-08-07T21:47:06,2026-08-07T21:47:12
ID000292,Paul-Rudd,03.jpg,Fake,Yes,,Yes,Yes,Yes,eyes distorted,Yes,2026-08-07T21:47:12,2026-08-07T21:47:24
ID000292,Paul-Rudd,04.jpg,Fake,No,,Yes,Yes,Yes,,No,2026-08-07T21:47:24,2026-08-07T21:47:29
ID000292,Paul-Rudd,05.jpg,Fake,No,,Yes,Yes,No,,No,2026-08-07T21:47:29,2026-08-07T21:47:38
ID000293,Paul-Walker,01.jpg,Real,Yes,Yes,Yes,Yes,,,Yes,2026-08-07T21:47:39,2026-08-07T21:47:44
ID000293,Paul-Walker,02.jpg,Real,Yes,Yes,Yes,Yes,,,Yes,2026-08-07T21:47:45,2026-08-07T21:47:48
ID000293,Paul-Walker,03.jpg,Real,Yes,Yes,Yes,Yes,,,Yes,2026-08-07T21:47:48,2026-08-07T21:47:51
ID000293,Paul-Walker,01.jpg,Fake,Yes,,Yes,Yes,Yes,,Yes,2026-08-07T21:47:53,2026-08-07T21:47:56
ID000293,Paul-Walker,02.png,Fake,No,,Yes,Yes,Yes,,No,2026-08-07T21:47:56,2026-08-07T21:48:05
ID000293,Paul-Walker,03.jpg,Fake,Yes,,Yes,Yes,Yes,,Yes,2026-08-07T21:48:05,2026-08-07T21:48:10
ID000293,Paul-Walker,04.jpg,Fake,Yes,,Yes,Yes,Yes,,Yes,2026-08-07T21:48:11,2026-08-07T21:48:14
ID000008,Aishwarya-Rai,01.jpg,Real,Yes,Yes,Yes,Yes,,,Yes,2026-08-07T21:48:17,2026-08-07T21:48:22
ID000008,Aishwarya-Rai,02.jpg,Real,Yes,Yes,Yes,Yes,,,Yes,2026-08-07T21:48:22,2026-08-07T21:48:26
ID000008,Aishwarya-Rai,01.jpg,Fake,Yes,,Yes,Yes,Yes,,Yes,2026-08-07T21:48:27,2026-08-07T21:48:32
ID000008,Aishwarya-Rai,02.jpg,Fake,No,,Yes,Yes,Yes,,No,2026-08-07T21:48:32,2026-08-07T21:48:36
ID000008,Aishwarya-Rai,03.jpg,Fake,No,,Yes,Yes,No,,No,2026-08-07T21:48:36,2026-08-07T21:48:40
ID000008,Aishwarya-Rai,04.jpg,Fake,Yes,,No,Yes,No,,No,2026-08-07T21:48:40,2026-08-07T21:48:45
ID000008,Aishwarya-Rai,05.png,Fake,Yes,,Yes,Yes,No,,Yes,2026-08-07T21:48:45,2026-08-07T21:48:54
ID000371,Woody-Allen,01.jpg,Real,Yes,Yes,Yes,Yes,,,Yes,2026-08-07T21:48:55,2026-08-07T21:49:03
ID000371,Woody-Allen,01.jpg,Fake,Yes,,Yes,Yes,Yes,,Yes,2026-08-07T21:49:04,2026-08-07T21:49:09
ID000371,Woody-Allen,02.jpg,Fake,Yes,,Yes,Yes,Yes,,Yes,2026-08-07T21:49:09,2026-08-07T21:49:14
ID000371,Woody-Allen,03.jpg,Fake,No,,Yes,Yes,Yes,,No,2026-08-07T21:49:14,2026-08-07T21:49:19
ID000371,Woody-Allen,04.jpg,Fake,No,,Yes,Yes,Yes,,No,2026-08-07T21:49:19,2026-08-07T21:49:23
ID000371,Woody-Allen,05.jpg,Fake,Yes,,Yes,Yes,Yes,,No,2026-08-07T21:49:23,2026-08-07T21:49:26
ID000371,Woody-Allen,06.jpg,Fake,Yes,,Yes,Yes,Yes,,Yes,2026-08-07T21:49:26,2026-08-07T21:49:34
ID000150,Inde-Navarrette,01.jpg,Real,Yes,Yes,Yes,Yes,,,Yes,2026-08-07T21:49:45,2026-08-07T21:49:55
ID000150,Inde-Navarrette,02.jpg,Real,Yes,Yes,Yes,Yes,,,Yes,2026-08-07T21:49:55,2026-08-07T21:49:59
ID000150,Inde-Navarrette,03.jpg,Real,Yes,Yes,Yes,Yes,,,Yes,2026-08-07T21:50:00,2026-08-07T21:50:16
ID000150,Inde-Navarrette,01.jpg,Fake,No,,Yes,Yes,No,,No,2026-08-07T21:50:18,2026-08-07T21:50:23
ID000150,Inde-Navarrette,02.png,Fake,No,,No,Yes,No,,No,2026-08-07T21:50:23,2026-08-07T21:50:29
ID000150,Inde-Navarrette,03.jpg,Fake,Yes,,Yes,Yes,No,,Yes,2026-08-07T21:50:29,2026-08-07T21:50:34
ID000284,Ning-Yizhuo,01.png,Real,Yes,Yes,Yes,Yes,,,Yes,2026-08-07T21:50:35,2026-08-07T21:50:52
ID000284,Ning-Yizhuo,02.jpg,Real,Yes,Yes,Yes,Yes,,,Yes,2026-08-07T21:50:52,2026-08-07T21:50:57
ID000284,Ning-Yizhuo,03.jpg,Real,Yes,Yes,Yes,Yes,,,Yes,2026-08-07T21:50:57,2026-08-07T21:51:08
ID000284,Ning-Yizhuo,01.jpg,Fake,No,,Yes,Yes,No,,No,2026-08-07T21:51:09,2026-08-07T21:51:17
ID000284,Ning-Yizhuo,02.png,Fake,Yes,,Yes,Yes,No,,Yes,2026-08-07T21:51:17,2026-08-07T21:51:22
ID000045,Benjamin-Netanyahu,01.jpg,Real,Yes,Yes,Yes,Yes,,,Yes,2026-08-07T21:51:23,2026-08-07T21:51:29
ID000045,Benjamin-Netanyahu,02.jpg,Real,Yes,Yes,Yes,Yes,,,Yes,2026-08-07T21:51:29,2026-08-07T21:51:32
ID000045,Benjamin-Netanyahu,03.jpg,Real,Yes,Yes,Yes,No,,,No,2026-08-07T21:51:32,2026-08-07T21:51:36
ID000045,Benjamin-Netanyahu,01.webp,Fake,Yes,,Yes,Yes,No,,Yes,2026-08-07T21:51:39,2026-08-07T21:51:47
ID000045,Benjamin-Netanyahu,02.jpg,Fake,No,,No,Yes,No,,No,2026-08-07T21:51:47,2026-08-07T21:51:55
ID000045,Benjamin-Netanyahu,03.png,Fake,Yes,,No,No,No,,No,2026-08-07T21:51:55,2026-08-07T21:52:05
ID000045,Benjamin-Netanyahu,04.png,Fake,Yes,,Yes,No,Yes,fingers are distorted,No,2026-08-07T21:52:05,2026-08-07T21:52:27
ID000045,Benjamin-Netanyahu,05.jpg,Fake,Yes,,No,Yes,No,,No,2026-08-07T21:52:28,2026-08-07T21:52:43
ID000264,Mickey-Rourke,01.jpg,Real,Yes,Yes,Yes,Yes,,,Yes,2026-08-07T21:52:44,2026-08-07T21:52:55
ID000264,Mickey-Rourke,02.jpg,Real,Yes,Yes,Yes,Yes,,,Yes,2026-08-07T21:52:55,2026-08-07T21:52:58
ID000264,Mickey-Rourke,01.jpg,Fake,No,,Yes,Yes,Yes,,No,2026-08-07T21:53:00,2026-08-07T21:53:04
ID000264,Mickey-Rourke,03.jpg,Fake,Yes,,Yes,Yes,No,,Yes,2026-08-07T21:53:05,2026-08-07T21:53:12
ID000040,Ben-Affleck,01.jpg,Real,Yes,Yes,Yes,Yes,,,Yes,2026-08-07T21:53:13,2026-08-07T21:53:17
ID000040,Ben-Affleck,01.jpg,Fake,Yes,,Yes,Yes,Yes,animation,Yes,2026-08-07T21:53:19,2026-08-07T21:53:29
ID000040,Ben-Affleck,02.jpg,Fake,No,,Yes,Yes,Yes,,No,2026-08-07T21:53:29,2026-08-07T21:53:34
ID000040,Ben-Affleck,03.jpg,Fake,No,,Yes,Yes,Yes,,No,2026-08-07T21:53:34,2026-08-07T21:53:38
ID000040,Ben-Affleck,04.jpg,Fake,Yes,,Yes,Yes,Yes,,Yes,2026-08-07T21:53:38,2026-08-07T21:53:46
ID000040,Ben-Affleck,05.jpg,Fake,No,,Yes,Yes,Yes,,No,2026-08-07T21:53:47,2026-08-07T21:53:52
ID000260,Michael-Jackson,01.jpg,Real,Yes,Yes,Yes,Yes,,,Yes,2026-08-07T21:53:54,2026-08-07T21:53:58
ID000260,Michael-Jackson,02.png,Real,Yes,Yes,Yes,Yes,,,Yes,2026-08-07T21:53:58,2026-08-07T21:54:02
ID000260,Michael-Jackson,01.jpg,Fake,Yes,,Yes,Yes,Yes,,Yes,2026-08-07T21:54:03,2026-08-07T21:54:08
ID000260,Michael-Jackson,02.jpg,Fake,Yes,,Yes,Yes,Yes,,Yes,2026-08-07T21:54:08,2026-08-07T21:54:11
ID000260,Michael-Jackson,03.jpg,Fake,No,,Yes,Yes,No,,No,2026-08-07T21:54:11,2026-08-07T21:54:15
ID000260,Michael-Jackson,04.png,Fake,No,,Yes,Yes,No,,No,2026-08-07T21:54:15,2026-08-07T21:54:18
ID000260,Michael-Jackson,05.jpg,Fake,Yes,,Yes,Yes,Yes,,Yes,2026-08-07T21:54:18,2026-08-07T21:54:21
ID000254,Mesut-Ozil,01.jpg,Real,Yes,Yes,Yes,Yes,,,Yes,2026-08-07T21:54:23,2026-08-07T21:54:34
ID000254,Mesut-Ozil,02.jpg,Real,Yes,Yes,Yes,Yes,,,Yes,2026-08-07T21:54:34,2026-08-07T21:54:37
ID000254,Mesut-Ozil,01.jpg,Fake,Yes,,Yes,Yes,Yes,,Yes,2026-08-07T21:54:41,2026-08-07T21:54:47
ID000254,Mesut-Ozil,02.jpg,Fake,Yes,,Yes,Yes,No,,Yes,2026-08-07T21:54:47,2026-08-07T21:54:52
ID000131,Halle-Berry,01.jpg,Real,Yes,Yes,Yes,Yes,,,Yes,2026-08-07T21:54:53,2026-08-07T21:54:57
ID000131,Halle-Berry,02.jpg,Real,Yes,Yes,Yes,Yes,,,Yes,2026-08-07T21:54:57,2026-08-07T21:55:00
ID000131,Halle-Berry,01.jpg,Fake,No,,Yes,No,Yes,,No,2026-08-07T21:55:10,2026-08-07T21:55:12
ID000131,Halle-Berry,02.jpg,Fake,Yes,,Yes,Yes,No,,Yes,2026-08-07T21:55:12,2026-08-07T21:55:15
ID000131,Halle-Berry,03.jpg,Fake,Yes,,Yes,Yes,Yes,,No,2026-08-07T21:55:15,2026-08-07T21:55:20
ID000167,Jeff-Bridges,01.jpg,Real,Yes,Yes,Yes,Yes,,,Yes,2026-08-07T21:55:24,2026-08-07T21:56:14
ID000167,Jeff-Bridges,02.jpg,Real,Yes,Yes,Yes,Yes,,,Yes,2026-08-07T21:56:14,2026-08-07T21:56:21
ID000167,Jeff-Bridges,01.webp,Fake,No,,Yes,Yes,Yes,,No,2026-08-07T21:56:23,2026-08-07T21:56:36
ID000167,Jeff-Bridges,02.jpg,Fake,Yes,,Yes,Yes,Yes,,Yes,2026-08-07T21:56:36,2026-08-07T21:56:40
ID000167,Jeff-Bridges,03.jpg,Fake,No,,Yes,Yes,Yes,eyes are too thin,No,2026-08-07T21:56:41,2026-08-07T21:56:54
ID000231,Lisa,01.jpg,Real,Yes,Yes,Yes,Yes,,,Yes,2026-08-07T21:56:55,2026-08-07T21:57:04
ID000231,Lisa,55.png,Real,Yes,Yes,Yes,Yes,,,Yes,2026-08-07T21:57:04,2026-08-07T21:57:08
ID000231,Lisa,02.jpg,Fake,No,,Yes,Yes,Yes,,No,2026-08-07T21:57:09,2026-08-07T21:57:13
ID000231,Lisa,03.jpg,Fake,No,,Yes,Yes,Yes,,No,2026-08-07T21:57:13,2026-08-07T21:57:18
ID000231,Lisa,55.png,Fake,Yes,,Yes,Yes,No,,Yes,2026-08-07T21:57:18,2026-08-07T21:57:25
ID000113,Faye-Dunaway,01.jpg,Real,Yes,Yes,Yes,Yes,,,Yes,2026-08-07T21:57:27,2026-08-07T21:58:04
ID000113,Faye-Dunaway,03.jpg,Fake,Yes,,Yes,Yes,Yes,body proportions look abnormal,Yes,2026-08-07T21:58:05,2026-08-07T21:58:43
ID000113,Faye-Dunaway,04.jpg,Fake,Yes,,Yes,Yes,No,,Yes,2026-08-07T21:58:43,2026-08-07T21:59:11
ID000087,Devon-Conway,01.png,Real,Yes,Yes,Yes,Yes,,,Yes,2026-08-07T21:59:12,2026-08-07T21:59:22
ID000087,Devon-Conway,02.webp,Real,Yes,Yes,Yes,Yes,,,Yes,2026-08-07T21:59:22,2026-08-07T21:59:26
ID000087,Devon-Conway,1.jpg,Fake,Yes,,Yes,Yes,No,,Yes,2026-08-07T21:59:27,2026-08-07T21:59:33
ID000245,Mark-Zukerberg,01.jpg,Real,Yes,Yes,Yes,Yes,,,Yes,2026-08-07T21:59:34,2026-08-07T21:59:38
ID000245,Mark-Zukerberg,02.jpg,Real,Yes,Yes,Yes,Yes,,,Yes,2026-08-07T21:59:38,2026-08-07T21:59:43
ID000245,Mark-Zukerberg,03.jpg,Real,Yes,Yes,Yes,Yes,,,Yes,2026-08-07T21:59:43,2026-08-07T21:59:47
ID000245,Mark-Zukerberg,01.jpg,Fake,Yes,,Yes,Yes,Yes,,Yes,2026-08-07T21:59:48,2026-08-07T21:59:54
ID000245,Mark-Zukerberg,02.jpg,Fake,Yes,,Yes,Yes,Yes,,Yes,2026-08-07T21:59:54,2026-08-07T21:59:58
ID000245,Mark-Zukerberg,03.jpg,Fake,Yes,,Yes,Yes,No,,Yes,2026-08-07T21:59:58,2026-08-07T22:00:11
ID000288,Patricia-Arquette,01.jpg,Real,Yes,Yes,Yes,Yes,,,Yes,2026-08-07T22:00:12,2026-08-07T22:00:20
ID000288,Patricia-Arquette,02.jpg,Real,Yes,Yes,Yes,Yes,,,Yes,2026-08-07T22:00:20,2026-08-07T22:00:23
ID000288,Patricia-Arquette,03.jpg,Real,Yes,Yes,Yes,Yes,,,Yes,2026-08-07T22:00:23,2026-08-07T22:00:30
ID000288,Patricia-Arquette,01.jpg,Fake,No,,Yes,Yes,Yes,hands distorted,No,2026-08-07T22:00:31,2026-08-07T22:00:50
ID000288,Patricia-Arquette,02.jpg,Fake,No,,Yes,Yes,No,,No,2026-08-07T22:00:50,2026-08-07T22:01:04
ID000288,Patricia-Arquette,03.jpg,Fake,No,,Yes,Yes,No,,No,2026-08-07T22:01:04,2026-08-07T22:01:08
ID000288,Patricia-Arquette,04.jpg,Fake,No,,Yes,Yes,Yes,,No,2026-08-07T22:01:08,2026-08-07T22:01:17
ID000261,Michele-Morrone,01.jpg,Real,Yes,Yes,Yes,Yes,,,Yes,2026-08-07T22:01:17,2026-08-07T22:01:22
ID000261,Michele-Morrone,02.jpg,Real,Yes,Yes,Yes,Yes,,,Yes,2026-08-07T22:01:22,2026-08-07T22:01:24
ID000261,Michele-Morrone,03.jpg,Real,Yes,Yes,Yes,Yes,,,Yes,2026-08-07T22:01:25,2026-08-07T22:01:28
ID000261,Michele-Morrone,01.jpg,Fake,No,,Yes,Yes,Yes,hair,No,2026-08-07T22:01:29,2026-08-07T22:01:48
ID000261,Michele-Morrone,02.jpg,Fake,No,,Yes,Yes,No,,No,2026-08-07T22:01:48,2026-08-07T22:01:52
ID000261,Michele-Morrone,03.jpg,Fake,No,,Yes,Yes,Yes,hair,No,2026-08-07T22:01:52,2026-08-07T22:02:02
ID000261,Michele-Morrone,04.jpg,Fake,No,,Yes,Yes,Yes,,No,2026-08-07T22:02:02,2026-08-07T22:02:10
ID000394,taylor-swift,01.png,Real,Yes,Yes,Yes,Yes,,,Yes,2026-08-07T22:02:12,2026-08-07T22:02:16
ID000394,taylor-swift,02.jpg,Real,Yes,Yes,Yes,Yes,,,Yes,2026-08-07T22:02:17,2026-08-07T22:02:20
ID000394,taylor-swift,01.jpg,Fake,Yes,,Yes,Yes,Yes,,No,2026-08-07T22:02:21,2026-08-07T22:02:26
ID000394,taylor-swift,02.png,Fake,Yes,,Yes,Yes,No,,Yes,2026-08-07T22:02:26,2026-08-07T22:02:29
ID000052,Brad-Pitt,01.jpg,Real,Yes,Yes,Yes,Yes,,,Yes,2026-08-07T22:02:32,2026-08-07T22:02:37
ID000052,Brad-Pitt,02.jpg,Real,Yes,Yes,Yes,Yes,,,Yes,2026-08-07T22:02:37,2026-08-07T22:02:40
ID000052,Brad-Pitt,03.jpg,Real,Yes,Yes,Yes,Yes,,,Yes,2026-08-07T22:02:41,2026-08-07T22:02:45
ID000052,Brad-Pitt,01.jpg,Fake,Yes,,Yes,Yes,Yes,,Yes,2026-08-07T22:02:48,2026-08-07T22:02:58
ID000052,Brad-Pitt,02.jpg,Fake,Yes,,Yes,Yes,Yes,cartoon like image,Yes,2026-08-07T22:02:58,2026-08-07T22:03:11
ID000052,Brad-Pitt,03.jpg,Fake,No,,Yes,Yes,No,,No,2026-08-07T22:03:11,2026-08-07T22:03:15
ID000052,Brad-Pitt,04.jpg,Fake,Yes,,Yes,Yes,Yes,medical equipment distorted,Yes,2026-08-07T22:03:15,2026-08-07T22:03:34
ID000383,keiko-kitagawa,01.jpg,Real,Yes,Yes,Yes,Yes,,,Yes,2026-08-07T22:03:37,2026-08-07T22:03:48
ID000383,keiko-kitagawa,02.jpg,Real,Yes,Yes,Yes,Yes,,,Yes,2026-08-07T22:03:48,2026-08-07T22:03:51
ID000383,keiko-kitagawa,03.jpg,Real,Yes,Yes,Yes,Yes,,,Yes,2026-08-07T22:03:51,2026-08-07T22:03:57
ID000383,keiko-kitagawa,01.jpg,Fake,No,,Yes,Yes,No,,No,2026-08-07T22:03:58,2026-08-07T22:04:11
ID000383,keiko-kitagawa,02.jpg,Fake,No,,Yes,Yes,Yes,anime like image,No,2026-08-07T22:04:11,2026-08-07T22:04:21
ID000383,keiko-kitagawa,03.jpg,Fake,Yes,,Yes,Yes,No,,Yes,2026-08-07T22:04:22,2026-08-07T22:04:28
ID000002,Abbie-Cornish,01.jpg,Real,Yes,Yes,Yes,Yes,,,Yes,2026-08-07T22:04:29,2026-08-07T22:04:33
ID000002,Abbie-Cornish,01.jpg,Fake,Yes,,Yes,Yes,Yes,,Yes,2026-08-07T22:04:35,2026-08-07T22:04:40
ID000002,Abbie-Cornish,02.jpg,Fake,Yes,,Yes,Yes,Yes,,Yes,2026-08-07T22:04:40,2026-08-07T22:04:45
ID000372,XI-Jinping,01.jpg,Real,Yes,Yes,Yes,Yes,,,Yes,2026-08-07T22:04:47,2026-08-07T22:04:52
ID000372,XI-Jinping,02.jpg,Real,Yes,Yes,Yes,Yes,,,Yes,2026-08-07T22:04:52,2026-08-07T22:04:56
ID000372,XI-Jinping,01.jpg,Fake,No,,Yes,Yes,Yes,,No,2026-08-07T22:04:57,2026-08-07T22:05:02
ID000372,XI-Jinping,02.jpg,Fake,No,,Yes,Yes,Yes,,No,2026-08-07T22:05:03,2026-08-07T22:05:10
ID000372,XI-Jinping,03.png,Fake,Yes,,Yes,Yes,No,,Yes,2026-08-07T22:05:10,2026-08-07T22:05:14
ID000175,Jessica-Biel,01.jpg,Real,Yes,Yes,Yes,Yes,,,Yes,2026-08-07T22:05:15,2026-08-07T22:06:06
ID000175,Jessica-Biel,02.jpg,Real,Yes,Yes,Yes,Yes,,,Yes,2026-08-07T22:06:06,2026-08-07T22:06:13
ID000175,Jessica-Biel,01.jpg,Fake,Yes,,Yes,Yes,Yes,cartoon like features,Yes,2026-08-07T22:06:14,2026-08-07T22:06:37
ID000175,Jessica-Biel,02.jpg,Fake,Yes,,Yes,Yes,Yes,body shape is completely different,No,2026-08-07T22:06:37,2026-08-07T22:06:58
ID000175,Jessica-Biel,03.jpg,Fake,Yes,,Yes,Yes,Yes,body shape is changed,Yes,2026-08-07T22:06:58,2026-08-07T22:07:19
ID000175,Jessica-Biel,05.jpg,Fake,No,,Yes,Yes,No,,No,2026-08-07T22:07:19,2026-08-07T22:07:25
ID000175,Jessica-Biel,07.jpg,Fake,Yes,,Yes,Yes,No,,Yes,2026-08-07T22:07:25,2026-08-07T22:07:30
ID000175,Jessica-Biel,08.jpg,Fake,Yes,,Yes,Yes,Yes,,No,2026-08-07T22:07:30,2026-08-07T22:07:34
ID000162,Jason-Biggs,01.jpg,Real,Yes,Yes,Yes,Yes,,,Yes,2026-08-07T22:07:42,2026-08-07T22:07:51
ID000162,Jason-Biggs,01.jpg,Fake,No,,Yes,Yes,No,,No,2026-08-07T22:07:52,2026-08-07T22:07:57
ID000162,Jason-Biggs,02.jpg,Fake,No,,Yes,Yes,No,,No,2026-08-07T22:07:57,2026-08-07T22:08:01
ID000162,Jason-Biggs,03.jpg,Fake,No,,Yes,Yes,No,,No,2026-08-07T22:08:02,2026-08-07T22:08:06
ID000134,Hannah-Stocking,01.png,Real,Yes,Yes,Yes,Yes,,,Yes,2026-08-07T22:08:07,2026-08-07T22:08:29
ID000134,Hannah-Stocking,02.jpg,Real,Yes,Yes,Yes,Yes,,,Yes,2026-08-07T22:08:30,2026-08-07T22:08:32
ID000134,Hannah-Stocking,01.jpg,Fake,No,,Yes,Yes,No,,No,2026-08-07T22:08:34,2026-08-07T22:08:39
ID000134,Hannah-Stocking,02.jpg,Fake,No,,Yes,Yes,No,,No,2026-08-07T22:08:39,2026-08-07T22:08:49
ID000134,Hannah-Stocking,03.jpg,Fake,Yes,,Yes,Yes,No,,Yes,2026-08-07T22:08:49,2026-08-07T22:08:54
ID000134,Hannah-Stocking,04.jpg,Fake,No,,Yes,Yes,Yes,bandages are distorted on the body,No,2026-08-07T22:08:54,2026-08-07T22:09:19
ID000125,Glenn-Maxwell,01.jpg,Real,Yes,Yes,Yes,Yes,,,Yes,2026-08-07T22:09:20,2026-08-07T22:09:31
ID000125,Glenn-Maxwell,02.png,Real,Yes,Yes,Yes,Yes,,,Yes,2026-08-07T22:09:31,2026-08-07T22:09:35
ID000125,Glenn-Maxwell,1.jpg,Fake,Yes,,No,Yes,Yes,hands are distorted,No,2026-08-07T22:09:36,2026-08-07T22:09:55
ID000069,Chlo-Grace-Moretz,01.jpg,Real,Yes,Yes,Yes,Yes,,,Yes,2026-08-07T22:09:57,2026-08-07T22:10:06
ID000069,Chlo-Grace-Moretz,02.jpg,Real,Yes,Yes,Yes,Yes,,,Yes,2026-08-07T22:10:06,2026-08-07T22:10:10
ID000069,Chlo-Grace-Moretz,03.jpg,Real,Yes,Yes,Yes,Yes,,,Yes,2026-08-07T22:10:10,2026-08-07T22:10:14
ID000069,Chlo-Grace-Moretz,01.jpg,Fake,Yes,,Yes,Yes,Yes,,No,2026-08-07T22:10:16,2026-08-07T22:10:21
ID000069,Chlo-Grace-Moretz,02.jpg,Fake,No,,Yes,Yes,No,,No,2026-08-07T22:10:21,2026-08-07T22:10:24
ID000069,Chlo-Grace-Moretz,03.jpg,Fake,Yes,,Yes,Yes,No,,Yes,2026-08-07T22:10:24,2026-08-07T22:10:27
ID000069,Chlo-Grace-Moretz,04.jpg,Fake,Yes,,Yes,Yes,No,,Yes,2026-08-07T22:10:27,2026-08-07T22:10:30
ID000069,Chlo-Grace-Moretz,05.jpg,Fake,No,,Yes,Yes,Yes,,No,2026-08-07T22:10:30,2026-08-07T22:10:34
ID000069,Chlo-Grace-Moretz,06.jpg,Fake,Yes,,Yes,Yes,Yes,,Yes,2026-08-07T22:10:34,2026-08-07T22:10:38
ID000350,Tian-Xi-Wei,01.jpg,Real,Yes,Yes,Yes,Yes,,,Yes,2026-08-07T22:10:42,2026-08-07T22:11:12
ID000350,Tian-Xi-Wei,01.png,Fake,Yes,,Yes,Yes,No,,Yes,2026-08-07T22:11:14,2026-08-07T22:11:32
ID000136,Harry-Kane,01.jpg,Real,Yes,Yes,Yes,Yes,,,Yes,2026-08-07T22:11:33,2026-08-07T22:11:42
ID000136,Harry-Kane,01.jpg,Fake,Yes,,Yes,Yes,Yes,,Yes,2026-08-07T22:11:43,2026-08-07T22:11:48
ID000136,Harry-Kane,03.png,Fake,Yes,,Yes,Yes,No,,Yes,2026-08-07T22:11:48,2026-08-07T22:11:52
ID000136,Harry-Kane,04.png,Fake,Yes,,No,Yes,No,,No,2026-08-07T22:11:52,2026-08-07T22:11:59
ID000110,Eva-Mendes,01.jpg,Real,Yes,Yes,Yes,Yes,,,Yes,2026-08-07T22:12:00,2026-08-07T22:12:15
ID000110,Eva-Mendes,02.jpg,Real,Yes,Yes,Yes,Yes,,,Yes,2026-08-07T22:12:15,2026-08-07T22:12:18
ID000110,Eva-Mendes,01.jpg,Fake,Yes,,Yes,Yes,No,,Yes,2026-08-07T22:12:19,2026-08-07T22:12:25
ID000110,Eva-Mendes,02.jpg,Fake,Yes,,Yes,Yes,No,,Yes,2026-08-07T22:12:25,2026-08-07T22:12:30
ID000110,Eva-Mendes,03.jpg,Fake,Yes,,Yes,Yes,No,,Yes,2026-08-07T22:12:30,2026-08-07T22:12:33
ID000123,Giorgia-Meloni,01.jpg,Real,Yes,Yes,Yes,Yes,,,Yes,2026-08-07T22:12:35,2026-08-07T22:12:43
ID000123,Giorgia-Meloni,02.jpg,Real,Yes,Yes,Yes,Yes,,,Yes,2026-08-07T22:12:43,2026-08-07T22:12:53
ID000123,Giorgia-Meloni,01.jpg,Fake,No,,No,Yes,No,,No,2026-08-07T22:12:54,2026-08-07T22:13:03
ID000123,Giorgia-Meloni,02.jpg,Fake,Yes,,Yes,Yes,No,,Yes,2026-08-07T22:13:03,2026-08-07T22:13:17
ID000123,Giorgia-Meloni,03.png,Fake,Yes,,Yes,Yes,No,,Yes,2026-08-07T22:13:18,2026-08-07T22:13:23
ID000157,Jack-MA,1.jpg,Real,Yes,Yes,Yes,Yes,,,Yes,2026-08-07T22:13:24,2026-08-07T22:13:49
ID000157,Jack-MA,01.jpg,Fake,No,,Yes,Yes,Yes,,No,2026-08-07T22:13:50,2026-08-07T22:13:54
ID000157,Jack-MA,1.jpg,Fake,Yes,,Yes,Yes,Yes,,Yes,2026-08-07T22:13:54,2026-08-07T22:14:00
ID000257,Michael-J-Fox,01.jpg,Real,Yes,Yes,Yes,Yes,,,Yes,2026-08-07T22:14:01,2026-08-07T22:14:44
ID000257,Michael-J-Fox,02.jpg,Real,Yes,Yes,Yes,Yes,,,Yes,2026-08-07T22:14:44,2026-08-07T22:14:47
ID000257,Michael-J-Fox,03.jpg,Real,Yes,Yes,Yes,Yes,,,Yes,2026-08-07T22:14:47,2026-08-07T22:14:54
ID000257,Michael-J-Fox,01.jpg,Fake,No,,Yes,Yes,Yes,,No,2026-08-07T22:14:55,2026-08-07T22:15:01
ID000257,Michael-J-Fox,02.jpg,Fake,No,,Yes,Yes,No,,No,2026-08-07T22:15:01,2026-08-07T22:15:05
ID000257,Michael-J-Fox,03.jpg,Fake,No,,Yes,Yes,Yes,,No,2026-08-07T22:15:05,2026-08-07T22:15:09
ID000257,Michael-J-Fox,04.jpg,Fake,No,,Yes,Yes,Yes,,No,2026-08-07T22:15:09,2026-08-07T22:15:15
ID000218,Kristin-Scott-Thomas,01.jpg,Real,Yes,Yes,Yes,Yes,,,Yes,2026-08-07T22:15:16,2026-08-07T22:15:28
ID000218,Kristin-Scott-Thomas,01.jpg,Fake,Yes,,Yes,Yes,Yes,,Yes,2026-08-07T22:15:30,2026-08-07T22:15:34
ID000397,Álvaro-Morte,01.jpg,Real,Yes,Yes,Yes,Yes,,,Yes,2026-08-07T22:15:35,2026-08-07T22:15:47
ID000397,Álvaro-Morte,02.jpg,Real,Yes,Yes,Yes,Yes,,,Yes,2026-08-07T22:15:47,2026-08-07T22:15:52
ID000397,Álvaro-Morte,03.jpg,Real,Yes,Yes,Yes,Yes,,,Yes,2026-08-07T22:15:52,2026-08-07T22:15:55
ID000397,Álvaro-Morte,01.png,Fake,Yes,,Yes,Yes,No,,Yes,2026-08-07T22:15:58,2026-08-07T22:16:02
ID000397,Álvaro-Morte,02.png,Fake,Yes,,Yes,Yes,No,,Yes,2026-08-07T22:16:02,2026-08-07T22:16:06
ID000073,Christian-Clavier,01.jpg,Real,Yes,Yes,Yes,Yes,,,Yes,2026-08-07T22:16:07,2026-08-07T22:16:28
ID000073,Christian-Clavier,02.jpg,Real,Yes,Yes,Yes,Yes,,,Yes,2026-08-07T22:16:28,2026-08-07T22:16:32
ID000073,Christian-Clavier,01.jpg,Fake,Yes,,No,Yes,No,,No,2026-08-07T22:16:53,2026-08-07T22:17:02
ID000226,Lee-Min-ho,01.jpg,Real,Yes,Yes,Yes,Yes,,,Yes,2026-08-07T22:17:03,2026-08-07T22:17:18
ID000226,Lee-Min-ho,01.jpg,Fake,Yes,,Yes,Yes,No,,Yes,2026-08-07T22:17:22,2026-08-07T22:17:29
ID000226,Lee-Min-ho,02.jpg,Fake,Yes,,Yes,Yes,No,,Yes,2026-08-07T22:17:30,2026-08-07T22:17:34
ID000226,Lee-Min-ho,06.png,Fake,No,,Yes,Yes,Yes,handcolor distorsion,No,2026-08-07T22:17:34,2026-08-07T22:17:52
ID000262,Michelle-Pfeiffer,01.jpg,Real,Yes,Yes,Yes,Yes,,,Yes,2026-08-07T22:17:54,2026-08-07T22:18:03
ID000262,Michelle-Pfeiffer,02.jpg,Real,Yes,Yes,Yes,Yes,,,Yes,2026-08-07T22:18:03,2026-08-07T22:18:16
ID000262,Michelle-Pfeiffer,01.jpg,Fake,Yes,,Yes,Yes,Yes,hands distorted,Yes,2026-08-07T22:18:18,2026-08-07T22:18:33
ID000262,Michelle-Pfeiffer,02.jpg,Fake,Yes,,Yes,Yes,No,,Yes,2026-08-07T22:18:33,2026-08-07T22:18:40
ID000262,Michelle-Pfeiffer,03.jpg,Fake,Yes,,Yes,Yes,Yes,cartoon like image,Yes,2026-08-07T22:18:40,2026-08-07T22:18:57
ID000262,Michelle-Pfeiffer,04.jpg,Fake,No,,Yes,Yes,No,,No,2026-08-07T22:18:58,2026-08-07T22:19:08
ID000036,Auston-Matthews,01.jpg,Real,Yes,Yes,Yes,Yes,,,Yes,2026-08-07T22:19:10,2026-08-07T22:19:23
ID000036,Auston-Matthews,01.jpg,Fake,No,,Yes,Yes,Yes,trophy is distorted,No,2026-08-07T22:19:24,2026-08-07T22:19:42
ID000036,Auston-Matthews,02.jpg,Fake,No,,Yes,Yes,Yes,trophy is distorted,No,2026-08-07T22:19:42,2026-08-07T22:20:06
ID000309,Roberto-Benigni,01.jpg,Real,Yes,Yes,Yes,Yes,,,Yes,2026-08-07T22:20:08,2026-08-07T22:20:18
ID000309,Roberto-Benigni,01.jpg,Fake,Yes,,Yes,Yes,Yes,,Yes,2026-08-07T22:20:19,2026-08-07T22:20:25
ID000161,Jamie-Lee-Curtis,01.jpg,Real,Yes,Yes,Yes,Yes,,,Yes,2026-08-07T22:20:26,2026-08-07T22:20:35
ID000161,Jamie-Lee-Curtis,02.jpg,Real,Yes,Yes,Yes,Yes,,,Yes,2026-08-07T22:20:35,2026-08-07T22:20:39
ID000161,Jamie-Lee-Curtis,01.jpg,Fake,Yes,,Yes,Yes,Yes,forehead is abnormally big,Yes,2026-08-07T22:20:41,2026-08-07T22:20:59
ID000161,Jamie-Lee-Curtis,02.jpg,Fake,Yes,,Yes,No,No,,No,2026-08-07T22:21:12,2026-08-07T22:21:14
ID000161,Jamie-Lee-Curtis,03.jpg,Fake,No,,Yes,Yes,Yes,,No,2026-08-07T22:21:14,2026-08-07T22:21:17
ID000161,Jamie-Lee-Curtis,04.jpg,Fake,Yes,,Yes,Yes,No,,Yes,2026-08-07T22:21:17,2026-08-07T22:21:21
ID000362,Vin-Diesel,01.jpg,Real,Yes,Yes,Yes,Yes,,,Yes,2026-08-07T22:21:23,2026-08-07T22:21:28
ID000362,Vin-Diesel,02.jpg,Real,Yes,Yes,Yes,Yes,,,Yes,2026-08-07T22:21:28,2026-08-07T22:21:33
ID000362,Vin-Diesel,01.png,Fake,No,,Yes,Yes,Yes,,No,2026-08-07T22:21:34,2026-08-07T22:21:38
ID000362,Vin-Diesel,02.jpg,Fake,Yes,,Yes,Yes,Yes,,Yes,2026-08-07T22:21:39,2026-08-07T22:21:45
ID000362,Vin-Diesel,03.jpg,Fake,No,,Yes,Yes,No,,No,2026-08-07T22:21:45,2026-08-07T22:21:48
ID000339,Sophie-Devine,01.jpg,Real,Yes,Yes,Yes,Yes,,,Yes,2026-08-07T22:21:51,2026-08-07T22:22:12
ID000339,Sophie-Devine,02.png,Real,Yes,Yes,Yes,No,,,No,2026-08-07T22:22:12,2026-08-07T22:22:27
ID000339,Sophie-Devine,01.jpg,Fake,No,,Yes,Yes,Yes,,No,2026-08-07T22:22:28,2026-08-07T22:22:32
ID000339,Sophie-Devine,02.jpg,Fake,No,,Yes,Yes,Yes,,No,2026-08-07T22:22:32,2026-08-07T22:22:36
ID000377,angela-merkel,01.jpg,Real,Yes,Yes,Yes,Yes,,,Yes,2026-08-07T22:22:37,2026-08-07T22:22:47
ID000377,angela-merkel,02.jpg,Real,Yes,Yes,Yes,Yes,,,Yes,2026-08-07T22:22:47,2026-08-07T22:22:51
ID000377,angela-merkel,01.jpg,Fake,Yes,,Yes,Yes,No,,Yes,2026-08-07T22:22:53,2026-08-07T22:23:07
ID000098,Ellyse-Perry,01.jpg,Real,Yes,Yes,Yes,Yes,,,Yes,2026-08-07T22:23:08,2026-08-07T22:23:29
ID000098,Ellyse-Perry,02.jpg,Real,Yes,Yes,Yes,Yes,,,Yes,2026-08-07T22:23:29,2026-08-07T22:23:32
ID000098,Ellyse-Perry,1.jpg,Fake,Yes,,No,Yes,No,,No,2026-08-07T22:23:32,2026-08-07T22:23:43
ID000098,Ellyse-Perry,2.jpg,Fake,Yes,,Yes,Yes,No,,Yes,2026-08-07T22:23:43,2026-08-07T22:23:51
ID000098,Ellyse-Perry,3.jpg,Fake,Yes,,No,Yes,No,,No,2026-08-07T22:23:51,2026-08-07T22:23:57
ID000062,Carla-Gugino,01.jpg,Real,Yes,Yes,Yes,Yes,,,Yes,2026-08-07T22:23:58,2026-08-07T22:24:07
ID000062,Carla-Gugino,02.jpg,Real,Yes,Yes,Yes,Yes,,,Yes,2026-08-07T22:24:07,2026-08-07T22:24:10
ID000062,Carla-Gugino,01.jpg,Fake,No,,Yes,Yes,Yes,clothes are distorted,No,2026-08-07T22:24:11,2026-08-07T22:24:36
ID000062,Carla-Gugino,02.jpg,Fake,No,,Yes,Yes,No,,No,2026-08-07T22:24:37,2026-08-07T22:24:43
ID000062,Carla-Gugino,03.jpg,Fake,No,,Yes,Yes,No,,No,2026-08-07T22:24:43,2026-08-07T22:24:51
ID000059,Cameron-Diaz,01.jpg,Real,Yes,Yes,Yes,Yes,,,Yes,2026-08-07T22:24:52,2026-08-07T22:25:13
ID000059,Cameron-Diaz,01.jpg,Fake,Yes,,Yes,Yes,Yes,,Yes,2026-08-07T22:25:14,2026-08-07T22:25:19
ID000059,Cameron-Diaz,02.jpg,Fake,Yes,,Yes,Yes,No,,Yes,2026-08-07T22:25:19,2026-08-07T22:25:24
ID000059,Cameron-Diaz,03.jpg,Fake,Yes,,Yes,Yes,Yes,body distorsion,Yes,2026-08-07T22:25:24,2026-08-07T22:25:35
ID000059,Cameron-Diaz,04.jpg,Fake,No,,Yes,Yes,Yes,,No,2026-08-07T22:25:35,2026-08-07T22:25:40
ID000119,Gene-Wilder,01.jpg,Real,Yes,Yes,Yes,Yes,,,Yes,2026-08-07T22:25:41,2026-08-07T22:25:53
ID000119,Gene-Wilder,02.jpg,Real,Yes,Yes,Yes,Yes,,,Yes,2026-08-07T22:25:53,2026-08-07T22:25:58
ID000119,Gene-Wilder,03.jpg,Real,Yes,Yes,Yes,Yes,,,Yes,2026-08-07T22:25:58,2026-08-07T22:26:19
ID000119,Gene-Wilder,01.jpg,Fake,Yes,,Yes,Yes,No,,Yes,2026-08-07T22:26:21,2026-08-07T22:26:25
ID000119,Gene-Wilder,02.jpg,Fake,Yes,,Yes,Yes,Yes,features are too smooth,Yes,2026-08-07T22:26:25,2026-08-07T22:26:44
ID000048,Bill-Paxton,01.jpg,Real,Yes,Yes,Yes,Yes,,,Yes,2026-08-07T22:26:45,2026-08-07T22:26:54
ID000048,Bill-Paxton,02.jpg,Real,Yes,Yes,Yes,Yes,,,Yes,2026-08-07T22:26:54,2026-08-07T22:26:57
ID000048,Bill-Paxton,03.jpg,Real,Yes,Yes,Yes,Yes,,,Yes,2026-08-07T22:26:57,2026-08-07T22:27:05
ID000048,Bill-Paxton,01.jpg,Fake,No,,Yes,Yes,No,,No,2026-08-07T22:27:06,2026-08-07T22:27:10
ID000048,Bill-Paxton,02.jpg,Fake,No,,Yes,Yes,No,,No,2026-08-07T22:27:11,2026-08-07T22:27:16
ID000336,Sigourney-Weaver,01.jpg,Real,Yes,Yes,Yes,Yes,,,Yes,2026-08-07T22:27:17,2026-08-07T22:27:34
ID000336,Sigourney-Weaver,02.jpg,Real,Yes,Yes,Yes,Yes,,,Yes,2026-08-07T22:27:34,2026-08-07T22:27:39
ID000336,Sigourney-Weaver,01.jpg,Fake,Yes,,Yes,Yes,Yes,features are cartoon like n background is not real,Yes,2026-08-07T22:27:41,2026-08-07T22:28:13
ID000336,Sigourney-Weaver,02.jpg,Fake,Yes,,Yes,Yes,Yes,,Yes,2026-08-07T22:28:13,2026-08-07T22:28:18
ID000336,Sigourney-Weaver,03.jpg,Fake,No,,Yes,Yes,No,,No,2026-08-07T22:28:18,2026-08-07T22:28:22
ID000336,Sigourney-Weaver,04.jpg,Fake,No,,Yes,Yes,No,,No,2026-08-07T22:28:22,2026-08-07T22:28:26
ID000344,Sydney-Sweeney,01.jpg,Real,Yes,Yes,Yes,Yes,,,Yes,2026-08-07T22:28:27,2026-08-07T22:28:32
ID000344,Sydney-Sweeney,02.jpg,Real,Yes,Yes,Yes,Yes,,,Yes,2026-08-07T22:28:33,2026-08-07T22:28:36
ID000344,Sydney-Sweeney,01.jpg,Fake,No,,Yes,Yes,Yes,cartton like features,No,2026-08-07T22:28:37,2026-08-07T22:28:53
ID000344,Sydney-Sweeney,04.jpg,Fake,Yes,,Yes,Yes,No,,Yes,2026-08-07T22:28:53,2026-08-07T22:28:59
ID000344,Sydney-Sweeney,06.png,Fake,Yes,,Yes,Yes,No,,Yes,2026-08-07T22:28:59,2026-08-07T22:29:02
ID000196,Julianne-Moore,01.jpg,Real,Yes,Yes,Yes,Yes,,,Yes,2026-08-07T22:29:04,2026-08-07T22:29:14
ID000196,Julianne-Moore,02.jpg,Real,Yes,Yes,Yes,Yes,,,Yes,2026-08-07T22:29:14,2026-08-07T22:29:20
ID000196,Julianne-Moore,03.jpg,Real,Yes,Yes,Yes,Yes,,,Yes,2026-08-07T22:29:20,2026-08-07T22:29:46
ID000196,Julianne-Moore,01.jpg,Fake,No,,Yes,Yes,Yes,,No,2026-08-07T22:29:47,2026-08-07T22:29:54
ID000196,Julianne-Moore,02.jpg,Fake,Yes,,Yes,Yes,No,,Yes,2026-08-07T22:29:54,2026-08-07T22:30:00
ID000196,Julianne-Moore,03.jpg,Fake,Yes,,Yes,Yes,Yes,,No,2026-08-07T22:30:00,2026-08-07T22:30:03
ID000196,Julianne-Moore,04.jpg,Fake,No,,Yes,Yes,No,,No,2026-08-07T22:30:03,2026-08-07T22:30:06
ID000196,Julianne-Moore,05.jpg,Fake,Yes,,Yes,Yes,Yes,,Yes,2026-08-07T22:30:06,2026-08-07T22:30:09
ID000246,Marlon-Brando,01.jpg,Real,Yes,Yes,Yes,Yes,,,Yes,2026-08-07T22:30:13,2026-08-07T22:30:23
ID000246,Marlon-Brando,02.jpg,Real,Yes,Yes,Yes,Yes,,,Yes,2026-08-07T22:30:23,2026-08-07T22:30:31
ID000246,Marlon-Brando,01.jpg,Fake,No,,Yes,Yes,Yes,features are too smooth,No,2026-08-07T22:30:33,2026-08-07T22:30:48
ID000246,Marlon-Brando,02.jpg,Fake,No,,Yes,Yes,Yes,cartoonish feels,No,2026-08-07T22:30:48,2026-08-07T22:31:05
ID000246,Marlon-Brando,03.jpg,Fake,No,,Yes,Yes,No,,No,2026-08-07T22:31:05,2026-08-07T22:31:09
ID000246,Marlon-Brando,04.jpg,Fake,No,,Yes,Yes,No,,No,2026-08-07T22:31:09,2026-08-07T22:31:13
ID000246,Marlon-Brando,05.jpg,Fake,No,,Yes,Yes,Yes,,No,2026-08-07T22:31:13,2026-08-07T22:31:18
ID000246,Marlon-Brando,06.jpg,Fake,Yes,,Yes,Yes,No,,Yes,2026-08-07T22:31:18,2026-08-07T22:31:23
ID000246,Marlon-Brando,07.png,Fake,No,,Yes,Yes,Yes,too many wrinkles looks fake,No,2026-08-07T22:31:23,2026-08-07T22:31:40
ID000396,virat-kohli,01.jpg,Real,Yes,Yes,Yes,Yes,,,Yes,2026-08-07T22:31:42,2026-08-07T22:31:48
ID000396,virat-kohli,02.webp,Real,Yes,Yes,Yes,Yes,,,Yes,2026-08-07T22:31:48,2026-08-07T22:31:51
ID000396,virat-kohli,01.jpg,Fake,No,,Yes,Yes,Yes,cartoon like image,No,2026-08-07T22:31:51,2026-08-07T22:32:07
ID000396,virat-kohli,02.png,Fake,Yes,,Yes,Yes,No,,Yes,2026-08-07T22:32:07,2026-08-07T22:32:16
ID000396,virat-kohli,04.jpg,Fake,Yes,,Yes,Yes,No,,Yes,2026-08-07T22:32:16,2026-08-07T22:32:21
ID000027,Antoine-Griezmann,01.jpg,Real,Yes,Yes,Yes,Yes,,,Yes,2026-08-07T22:32:22,2026-08-07T22:32:33
ID000027,Antoine-Griezmann,02.png,Real,Yes,Yes,Yes,Yes,,,Yes,2026-08-07T22:32:33,2026-08-07T22:32:39
ID000027,Antoine-Griezmann,03.jpg,Real,Yes,Yes,Yes,Yes,,,Yes,2026-08-07T22:32:39,2026-08-07T22:32:47
ID000027,Antoine-Griezmann,01.jpg,Fake,Yes,,Yes,Yes,Yes,background,Yes,2026-08-07T22:32:48,2026-08-07T22:33:03
ID000027,Antoine-Griezmann,02.jpg,Fake,Yes,,Yes,Yes,No,,Yes,2026-08-07T22:33:03,2026-08-07T22:33:12
ID000027,Antoine-Griezmann,03.jpg,Fake,Yes,,Yes,Yes,Yes,,Yes,2026-08-07T22:33:12,2026-08-07T22:33:17
ID000201,Kate-Beckinsale,01.jpg,Real,Yes,Yes,Yes,Yes,,,Yes,2026-08-07T22:33:19,2026-08-07T22:33:29
ID000201,Kate-Beckinsale,02.jpg,Real,Yes,Yes,Yes,Yes,,,Yes,2026-08-07T22:33:29,2026-08-07T22:33:37
ID000201,Kate-Beckinsale,01.jpg,Fake,No,,Yes,Yes,Yes,,No,2026-08-07T22:33:41,2026-08-07T22:33:49
ID000201,Kate-Beckinsale,02.jpg,Fake,No,,Yes,Yes,No,,No,2026-08-07T22:33:49,2026-08-07T22:33:54
ID000201,Kate-Beckinsale,03.jpg,Fake,Yes,,Yes,Yes,Yes,,Yes,2026-08-07T22:33:54,2026-08-07T22:34:05
ID000201,Kate-Beckinsale,04.jpg,Fake,No,,Yes,Yes,No,,No,2026-08-07T22:34:05,2026-08-07T22:34:10
