ID,Celebrity,Image,Type,Identity,Reliable,SingleFace,Quality,Artifact,Artifact_Explanation,Selected,AnnotationStart,AnnotationEnd
ID000076,Clint-Eastwood,01.jpg,Real,Yes,Yes,Yes,Yes,,,Yes,2026-08-07T13:04:55,2026-08-07T13:05:15
ID000076,Clint-Eastwood,02.jpg,Real,Yes,Yes,Yes,Yes,,,Yes,2026-08-07T13:05:15,2026-08-07T13:05:28
ID000076,Clint-Eastwood,01.png,Fake,No,,Yes,No,Yes,,No,2026-08-07T13:05:42,2026-08-07T13:06:26
ID000076,Clint-Eastwood,02.jpg,Fake,Yes,,Yes,Yes,Yes,,Yes,2026-08-07T13:06:26,2026-08-07T13:07:22
ID000076,Clint-Eastwood,03.jpg,Fake,Yes,,Yes,Yes,Yes,,Yes,2026-08-07T13:07:22,2026-08-07T13:07:49
ID000028,Antonio-Banderas,01.jpg,Real,Yes,Yes,Yes,Yes,,,Yes,2026-08-07T13:07:59,2026-08-07T13:08:31
ID000028,Antonio-Banderas,02.jpg,Real,Yes,Yes,Yes,Yes,,,Yes,2026-08-07T13:08:31,2026-08-07T13:09:26
ID000028,Antonio-Banderas,01.jpg,Fake,Yes,,Yes,No,Yes,,No,2026-08-07T13:09:28,2026-08-07T13:09:52
ID000028,Antonio-Banderas,02.jpg,Fake,Yes,,Yes,No,Yes,,No,2026-08-07T13:09:52,2026-08-07T13:10:01
ID000028,Antonio-Banderas,03.jpg,Fake,Yes,,Yes,No,Yes,,No,2026-08-07T13:10:01,2026-08-07T13:10:06
ID000028,Antonio-Banderas,04.jpg,Fake,Yes,,Yes,No,Yes,,No,2026-08-07T13:10:06,2026-08-07T13:10:12
ID000028,Antonio-Banderas,05.png,Fake,Yes,,Yes,Yes,No,Very realistic but deepfake,Yes,2026-08-07T13:10:12,2026-08-07T13:11:44
ID000268,Mohammad-Ahmed,01.jpg,Real,Yes,Yes,Yes,Yes,,,Yes,2026-08-07T13:11:46,2026-08-07T13:11:53
ID000268,Mohammad-Ahmed,02.png,Real,Yes,Yes,Yes,Yes,,,Yes,2026-08-07T13:11:53,2026-08-07T13:12:12
ID000268,Mohammad-Ahmed,03.jpg,Real,Yes,Yes,Yes,Yes,,,Yes,2026-08-07T13:12:12,2026-08-07T13:12:16
ID000268,Mohammad-Ahmed,1.png,Fake,Yes,,No,No,Yes,,No,2026-08-07T13:13:25,2026-08-07T13:13:36
ID000152,Iqra-Kanwal,01.jpg,Real,Yes,Yes,Yes,Yes,,,Yes,2026-08-07T13:13:38,2026-08-07T13:14:42
ID000152,Iqra-Kanwal,02.jpg,Real,Yes,Yes,Yes,Yes,,,Yes,2026-08-07T13:14:42,2026-08-07T13:14:46
ID000152,Iqra-Kanwal,04.png,Fake,Yes,,Yes,Yes,Yes,Seems blurry. Likely AI.,Yes,2026-08-07T13:14:47,2026-08-07T13:15:31
ID000184,John-Malkovich,01.jpg,Real,Yes,Yes,Yes,Yes,,,Yes,2026-08-07T13:15:32,2026-08-07T13:16:58
ID000184,John-Malkovich,02.jpg,Real,Yes,Yes,Yes,Yes,,,Yes,2026-08-07T13:17:26,2026-08-07T13:17:28
ID000184,John-Malkovich,01.png,Fake,No,,Yes,No,No,,No,2026-08-07T13:17:29,2026-08-07T13:18:04
ID000184,John-Malkovich,02.jpg,Fake,Yes,,Yes,Yes,Yes,,Yes,2026-08-07T13:18:04,2026-08-07T13:18:24
ID000184,John-Malkovich,03.jpg,Fake,Yes,,Yes,Yes,Yes,,Yes,2026-08-07T13:18:24,2026-08-07T13:18:34
ID000111,Ewan-McGregor,01.jpg,Real,Yes,Yes,Yes,Yes,,,Yes,2026-08-07T13:18:36,2026-08-07T13:18:45
ID000111,Ewan-McGregor,02.jpg,Real,Yes,Yes,Yes,Yes,,,Yes,2026-08-07T13:18:45,2026-08-07T13:18:49
ID000111,Ewan-McGregor,03.jpg,Real,Yes,Yes,Yes,No,,,No,2026-08-07T13:18:49,2026-08-07T13:19:09
ID000111,Ewan-McGregor,01.jpg,Fake,Yes,,Yes,Yes,Yes,,Yes,2026-08-07T13:19:12,2026-08-07T13:19:17
ID000015,Alina-Amir,01.jpg,Real,Yes,Yes,Yes,Yes,,,Yes,2026-08-07T13:19:18,2026-08-07T13:19:44
ID000015,Alina-Amir,01.png,Fake,Yes,,No,No,Yes,,No,2026-08-07T13:19:46,2026-08-07T13:20:38
ID000015,Alina-Amir,02.jpg,Fake,Yes,,Yes,No,Yes,,No,2026-08-07T13:20:38,2026-08-07T13:20:48
ID000015,Alina-Amir,04.png,Fake,Yes,,Yes,No,Yes,Seems edited. Not natural looking.,No,2026-08-07T13:20:48,2026-08-07T13:21:40
ID000370,Winona-Ryder,01.jpg,Real,Yes,Yes,Yes,Yes,,,Yes,2026-08-07T13:21:42,2026-08-07T13:22:07
ID000370,Winona-Ryder,01.jpg,Fake,Yes,,Yes,No,Yes,,No,2026-08-07T13:22:09,2026-08-07T13:22:16
ID000370,Winona-Ryder,04.jpg,Fake,Yes,,No,No,Yes,,No,2026-08-07T13:22:17,2026-08-07T13:22:54
ID000249,Martin-Ødegaard,01.jpg,Real,Yes,Yes,Yes,Yes,,,Yes,2026-08-07T13:22:55,2026-08-07T13:23:04
ID000249,Martin-Ødegaard,01.jpg,Fake,No,,Yes,No,Yes,,No,2026-08-07T13:23:07,2026-08-07T13:23:24
ID000038,Barack-obamam,01.jpg,Real,Yes,Yes,Yes,Yes,,,Yes,2026-08-07T13:23:25,2026-08-07T13:23:49
ID000038,Barack-obamam,02.jpg,Real,Yes,Yes,Yes,Yes,,,Yes,2026-08-07T13:23:49,2026-08-07T13:23:54
ID000038,Barack-obamam,02.jpg,Fake,Yes,,Yes,No,Yes,,No,2026-08-07T13:23:55,2026-08-07T13:24:09
ID000038,Barack-obamam,04.jpg,Fake,Yes,,Yes,No,Yes,,No,2026-08-07T13:24:09,2026-08-07T13:24:16
ID000038,Barack-obamam,05.png,Fake,Yes,,Yes,No,Yes,,No,2026-08-07T13:24:16,2026-08-07T13:24:24
ID000157,Jack-MA,1.jpg,Real,Yes,Yes,Yes,Yes,,,Yes,2026-08-07T13:24:26,2026-08-07T13:24:34
ID000157,Jack-MA,01.jpg,Fake,Yes,,Yes,No,Yes,,No,2026-08-07T13:25:03,2026-08-07T13:25:06
ID000157,Jack-MA,1.jpg,Fake,Yes,,Yes,No,Yes,,No,2026-08-07T13:25:06,2026-08-07T13:25:12
ID000090,Domhnall-Gleeson,01.jpg,Real,Yes,Yes,Yes,Yes,,,Yes,2026-08-07T13:25:13,2026-08-07T13:25:30
ID000090,Domhnall-Gleeson,02.jpg,Real,Yes,Yes,Yes,Yes,,,Yes,2026-08-07T13:25:30,2026-08-07T13:25:34
ID000090,Domhnall-Gleeson,01.jpg,Fake,No,,Yes,Yes,No,Different Person,No,2026-08-07T13:26:17,2026-08-07T13:26:18
ID000090,Domhnall-Gleeson,02.jpg,Fake,Yes,,Yes,Yes,Yes,,Yes,2026-08-07T13:26:20,2026-08-07T13:26:21
ID000090,Domhnall-Gleeson,03.jpg,Fake,Yes,,Yes,Yes,Yes,,Yes,2026-08-07T13:26:21,2026-08-07T13:26:25
ID000090,Domhnall-Gleeson,04.jpg,Fake,Yes,,Yes,Yes,Yes,,No,2026-08-07T13:26:25,2026-08-07T13:26:31
ID000090,Domhnall-Gleeson,05.jpg,Fake,Yes,,Yes,No,Yes,,No,2026-08-07T13:26:31,2026-08-07T13:26:37
ID000090,Domhnall-Gleeson,06.jpg,Fake,Yes,,Yes,Yes,Yes,,Yes,2026-08-07T13:26:37,2026-08-07T13:26:50
ID000194,Josh-Hutcherson,01.jpg,Real,Yes,Yes,Yes,Yes,,,Yes,2026-08-07T13:27:05,2026-08-07T13:27:11
ID000194,Josh-Hutcherson,02.jpg,Real,Yes,Yes,Yes,Yes,,,Yes,2026-08-07T13:27:11,2026-08-07T13:27:17
ID000194,Josh-Hutcherson,01.jpg,Fake,Yes,,Yes,No,Yes,,No,2026-08-07T13:27:19,2026-08-07T13:27:26
ID000194,Josh-Hutcherson,02.jpg,Fake,Yes,,Yes,No,Yes,,No,2026-08-07T13:27:26,2026-08-07T13:27:38
ID000167,Jeff-Bridges,01.jpg,Real,Yes,Yes,Yes,Yes,,,Yes,2026-08-07T13:27:47,2026-08-07T13:28:16
ID000167,Jeff-Bridges,02.jpg,Real,Yes,Yes,Yes,Yes,,,Yes,2026-08-07T13:28:16,2026-08-07T13:28:42
ID000167,Jeff-Bridges,01.webp,Fake,Yes,,Yes,Yes,Yes,,Yes,2026-08-07T13:28:44,2026-08-07T13:29:07
ID000167,Jeff-Bridges,02.jpg,Fake,Yes,,Yes,Yes,Yes,,Yes,2026-08-07T13:29:07,2026-08-07T13:29:22
ID000167,Jeff-Bridges,03.jpg,Fake,Yes,,Yes,No,Yes,,No,2026-08-07T13:29:22,2026-08-07T13:29:46
ID000374,Zhong-Huijuan,01.jpg,Real,Yes,Yes,Yes,Yes,,,Yes,2026-08-07T13:29:47,2026-08-07T13:29:56
ID000374,Zhong-Huijuan,02.jpg,Real,Yes,Yes,Yes,Yes,,,Yes,2026-08-07T13:29:56,2026-08-07T13:30:01
ID000374,Zhong-Huijuan,03.jpg,Real,Yes,Yes,Yes,Yes,,,Yes,2026-08-07T13:30:01,2026-08-07T13:30:13
ID000374,Zhong-Huijuan,01.png,Fake,No,,No,Yes,Yes,,No,2026-08-07T13:30:14,2026-08-07T13:30:24
ID000113,Faye-Dunaway,01.jpg,Real,Yes,Yes,Yes,Yes,,,Yes,2026-08-07T13:30:25,2026-08-07T13:30:40
ID000113,Faye-Dunaway,03.jpg,Fake,Yes,,Yes,Yes,Yes,,Yes,2026-08-07T13:30:41,2026-08-07T13:30:49
ID000113,Faye-Dunaway,04.jpg,Fake,Yes,,Yes,Yes,Yes,,Yes,2026-08-07T13:30:49,2026-08-07T13:30:54
ID000270,Monica-Bellucci,01.jpg,Real,Yes,Yes,Yes,Yes,,,Yes,2026-08-07T13:30:57,2026-08-07T13:31:02
ID000270,Monica-Bellucci,01.jpg,Fake,Yes,,Yes,Yes,Yes,,Yes,2026-08-07T13:31:03,2026-08-07T13:31:08
ID000270,Monica-Bellucci,02.jpg,Fake,Yes,,Yes,Yes,Yes,,Yes,2026-08-07T13:31:08,2026-08-07T13:31:12
ID000270,Monica-Bellucci,03.jpg,Fake,Yes,,Yes,Yes,Yes,,No,2026-08-07T13:31:12,2026-08-07T13:31:15
ID000270,Monica-Bellucci,04.jpg,Fake,Yes,,Yes,Yes,Yes,,Yes,2026-08-07T13:31:15,2026-08-07T13:31:25
ID000322,Sanna-Marin,01.jpg,Real,Yes,Yes,Yes,Yes,,,Yes,2026-08-07T13:31:32,2026-08-07T13:31:38
ID000322,Sanna-Marin,02.jpg,Real,Yes,Yes,Yes,Yes,,,Yes,2026-08-07T13:31:38,2026-08-07T13:31:57
ID000322,Sanna-Marin,01.jpg,Fake,No,,Yes,Yes,Yes,,No,2026-08-07T13:31:58,2026-08-07T13:32:06
ID000322,Sanna-Marin,04.png,Fake,Yes,,Yes,Yes,Yes,,Yes,2026-08-07T13:32:06,2026-08-07T13:32:18
ID000322,Sanna-Marin,05.jpg,Fake,Yes,,Yes,No,No,,No,2026-08-07T13:32:18,2026-08-07T13:32:32
ID000395,tom-holland,01.jpg,Real,Yes,Yes,Yes,Yes,,,Yes,2026-08-07T13:32:34,2026-08-07T14:09:20
ID000395,tom-holland,02.jpg,Real,Yes,Yes,Yes,Yes,,,Yes,2026-08-07T14:09:20,2026-08-07T14:09:29
ID000395,tom-holland,03.jpg,Real,Yes,Yes,Yes,Yes,,,Yes,2026-08-07T14:09:29,2026-08-07T14:09:32
ID000395,tom-holland,01.jpg,Fake,Yes,,Yes,Yes,Yes,,Yes,2026-08-07T14:09:33,2026-08-07T14:09:38
ID000395,tom-holland,02.jpg,Fake,Yes,,Yes,Yes,Yes,,Yes,2026-08-07T14:09:38,2026-08-07T14:09:46
ID000395,tom-holland,03.png,Fake,Yes,,Yes,Yes,Yes,,No,2026-08-07T14:09:46,2026-08-07T14:09:51
ID000395,tom-holland,04.jpg,Fake,No,,Yes,Yes,Yes,,No,2026-08-07T14:09:51,2026-08-07T14:10:01
ID000395,tom-holland,05.jpg,Fake,Yes,,Yes,Yes,No,,Yes,2026-08-07T14:10:01,2026-08-07T14:10:18
ID000043,Benedict-Cumberbatch,01.jpg,Real,Yes,Yes,Yes,Yes,,,Yes,2026-08-07T14:10:43,2026-08-07T14:10:49
ID000043,Benedict-Cumberbatch,02.jpg,Real,Yes,Yes,Yes,Yes,,,Yes,2026-08-07T14:10:49,2026-08-07T14:10:53
ID000043,Benedict-Cumberbatch,01.jpg,Fake,Yes,,Yes,Yes,Yes,,Yes,2026-08-07T14:10:54,2026-08-07T14:10:57
ID000043,Benedict-Cumberbatch,02.jpg,Fake,Yes,,Yes,Yes,Yes,,Yes,2026-08-07T14:10:58,2026-08-07T14:11:03
ID000043,Benedict-Cumberbatch,03.jpg,Fake,Yes,,Yes,Yes,Yes,,Yes,2026-08-07T14:11:03,2026-08-07T14:11:08
ID000043,Benedict-Cumberbatch,04.webp,Fake,Yes,,Yes,No,Yes,,No,2026-08-07T14:11:08,2026-08-07T14:11:14
ID000154,Ishan-Kishan,01.jpg,Real,Yes,Yes,Yes,Yes,,,Yes,2026-08-07T14:11:16,2026-08-07T14:11:22
ID000154,Ishan-Kishan,01.png,Real,Yes,Yes,Yes,Yes,,,Yes,2026-08-07T14:11:22,2026-08-07T14:11:24
ID000154,Ishan-Kishan,images (2).jpg,Real,Yes,Yes,Yes,Yes,,,Yes,2026-08-07T14:11:24,2026-08-07T14:11:27
ID000154,Ishan-Kishan,04.webp,Fake,Yes,,Yes,Yes,No,,Yes,2026-08-07T14:11:28,2026-08-07T14:11:42
ID000154,Ishan-Kishan,images (1).jpg,Fake,Yes,,Yes,Yes,Yes,,Yes,2026-08-07T14:11:42,2026-08-07T14:11:52
ID000154,Ishan-Kishan,images.jpg,Fake,Yes,,Yes,Yes,No,,Yes,2026-08-07T14:11:52,2026-08-07T14:11:59
ID000154,Ishan-Kishan,photo-with-ishan-kishan-ipl-stadium-1-optimized.webp,Fake,Yes,,Yes,Yes,Yes,,No,2026-08-07T14:11:59,2026-08-07T14:12:03
ID000308,Robert-Redford,01.jpg,Real,Yes,Yes,Yes,Yes,,,Yes,2026-08-07T14:12:10,2026-08-07T14:12:15
ID000308,Robert-Redford,02.jpg,Real,Yes,Yes,Yes,Yes,,,Yes,2026-08-07T14:12:15,2026-08-07T14:12:19
ID000308,Robert-Redford,03.jpg,Real,Yes,Yes,Yes,Yes,,,Yes,2026-08-07T14:12:19,2026-08-07T14:12:22
ID000308,Robert-Redford,01.jpg,Fake,Yes,,Yes,Yes,No,,Yes,2026-08-07T14:12:23,2026-08-07T14:12:35
ID000308,Robert-Redford,02.jpg,Fake,Yes,,Yes,Yes,Yes,,Yes,2026-08-07T14:12:35,2026-08-07T14:12:42
ID000308,Robert-Redford,03.jpg,Fake,Yes,,Yes,Yes,Yes,,Yes,2026-08-07T14:12:42,2026-08-07T14:12:45
ID000240,Maria-Corina-Machado,01.jpg,Real,Yes,Yes,Yes,Yes,,,Yes,2026-08-07T14:12:47,2026-08-07T14:12:58
ID000240,Maria-Corina-Machado,01.jpg,Fake,Yes,,Yes,Yes,Yes,,Yes,2026-08-07T14:13:00,2026-08-07T14:13:07
ID000240,Maria-Corina-Machado,02.jpg,Fake,Yes,,Yes,Yes,Yes,,Yes,2026-08-07T14:13:07,2026-08-07T14:13:10
ID000045,Benjamin-Netanyahu,01.jpg,Real,Yes,Yes,Yes,Yes,,,Yes,2026-08-07T14:13:11,2026-08-07T14:13:17
ID000045,Benjamin-Netanyahu,02.jpg,Real,Yes,Yes,Yes,Yes,,,Yes,2026-08-07T14:13:17,2026-08-07T14:13:20
ID000045,Benjamin-Netanyahu,03.jpg,Real,Yes,Yes,Yes,Yes,,,Yes,2026-08-07T14:13:20,2026-08-07T14:13:25
ID000045,Benjamin-Netanyahu,01.webp,Fake,Yes,,Yes,No,No,,No,2026-08-07T14:13:27,2026-08-07T14:13:34
ID000045,Benjamin-Netanyahu,02.jpg,Fake,No,,No,No,No,,No,2026-08-07T14:13:34,2026-08-07T14:13:48
ID000045,Benjamin-Netanyahu,03.png,Fake,Yes,,No,No,Yes,,No,2026-08-07T14:13:48,2026-08-07T14:14:03
ID000045,Benjamin-Netanyahu,04.png,Fake,Yes,,Yes,No,No,,No,2026-08-07T14:14:03,2026-08-07T14:14:19
ID000045,Benjamin-Netanyahu,05.jpg,Fake,Yes,,Yes,Yes,Yes,,Yes,2026-08-07T14:14:19,2026-08-07T14:14:33
ID000346,Taeyeon,01.jpg,Real,Yes,Yes,Yes,Yes,,,Yes,2026-08-07T14:14:35,2026-08-07T14:14:39
ID000346,Taeyeon,01.jpg,Fake,Yes,,Yes,Yes,Yes,,No,2026-08-07T14:14:40,2026-08-07T14:14:45
ID000346,Taeyeon,02.jpg,Fake,Yes,,Yes,Yes,Yes,,No,2026-08-07T14:14:45,2026-08-07T14:14:50
ID000346,Taeyeon,03.jpg,Fake,Yes,,Yes,Yes,No,,Yes,2026-08-07T14:14:50,2026-08-07T14:14:54
ID000346,Taeyeon,04.jpg,Fake,Yes,,Yes,Yes,No,,Yes,2026-08-07T14:14:54,2026-08-07T14:14:59
ID000346,Taeyeon,05.jpg,Fake,Yes,,Yes,Yes,Yes,,Yes,2026-08-07T14:14:59,2026-08-07T14:15:06
ID000346,Taeyeon,06.png,Fake,Yes,,Yes,Yes,Yes,,No,2026-08-07T14:15:06,2026-08-07T14:15:09
ID000389,narendra-modi,01.jpg,Real,Yes,Yes,Yes,Yes,,,Yes,2026-08-07T14:15:30,2026-08-07T14:15:34
ID000389,narendra-modi,02.jpg,Real,Yes,Yes,Yes,Yes,,,Yes,2026-08-07T14:15:34,2026-08-07T14:15:37
ID000389,narendra-modi,03.jpg,Real,Yes,Yes,Yes,Yes,,,Yes,2026-08-07T14:15:37,2026-08-07T14:15:41
ID000389,narendra-modi,01.jpg,Fake,No,,Yes,No,Yes,,No,2026-08-07T14:15:42,2026-08-07T14:15:50
ID000389,narendra-modi,01.png,Fake,Yes,,Yes,Yes,Yes,,Yes,2026-08-07T14:15:50,2026-08-07T14:15:59
ID000389,narendra-modi,02.jpg,Fake,Yes,,Yes,Yes,Yes,,Yes,2026-08-07T14:15:59,2026-08-07T14:16:04
ID000389,narendra-modi,63.png,Fake,Yes,,Yes,Yes,Yes,,Yes,2026-08-07T14:16:04,2026-08-07T14:16:07
ID000332,Shia-LaBeouf,01.jpg,Real,Yes,Yes,Yes,Yes,,,Yes,2026-08-07T14:16:09,2026-08-07T14:16:19
ID000332,Shia-LaBeouf,02.jpg,Real,Yes,Yes,Yes,Yes,,,Yes,2026-08-07T14:16:19,2026-08-07T14:16:24
ID000332,Shia-LaBeouf,03.jpg,Real,Yes,Yes,Yes,Yes,,,Yes,2026-08-07T14:16:24,2026-08-07T14:16:27
ID000332,Shia-LaBeouf,01.jpg,Fake,Yes,,Yes,Yes,Yes,,Yes,2026-08-07T14:16:29,2026-08-07T14:16:33
ID000332,Shia-LaBeouf,02.jpg,Fake,No,,Yes,Yes,No,,No,2026-08-07T14:16:33,2026-08-07T14:16:42
ID000017,Amber-Heard,01.jpg,Real,Yes,Yes,Yes,Yes,,,Yes,2026-08-07T14:16:44,2026-08-07T14:16:49
ID000017,Amber-Heard,01.jpg,Fake,Yes,,Yes,Yes,Yes,,Yes,2026-08-07T14:16:54,2026-08-07T14:16:57
ID000017,Amber-Heard,02.jpg,Fake,Yes,,Yes,Yes,Yes,,No,2026-08-07T14:16:57,2026-08-07T14:17:00
ID000017,Amber-Heard,03.jpg,Fake,Yes,,Yes,Yes,Yes,,No,2026-08-07T14:17:00,2026-08-07T14:17:03
ID000017,Amber-Heard,04.jpg,Fake,Yes,,Yes,Yes,Yes,,No,2026-08-07T14:17:03,2026-08-07T14:17:06
ID000218,Kristin-Scott-Thomas,01.jpg,Real,Yes,Yes,Yes,Yes,,,Yes,2026-08-07T14:17:20,2026-08-07T14:17:24
ID000218,Kristin-Scott-Thomas,01.jpg,Fake,Yes,,Yes,Yes,Yes,,Yes,2026-08-07T14:17:25,2026-08-07T14:17:30
ID000376,aane-Hathaway,01.jpg,Real,Yes,Yes,Yes,Yes,,,Yes,2026-08-07T14:17:32,2026-08-07T14:17:35
ID000376,aane-Hathaway,02.jpg,Real,Yes,Yes,Yes,Yes,,,Yes,2026-08-07T14:17:35,2026-08-07T14:17:37
ID000376,aane-Hathaway,01.jpg,Fake,Yes,,Yes,Yes,Yes,,Yes,2026-08-07T14:17:38,2026-08-07T14:17:42
ID000376,aane-Hathaway,02.jpg,Fake,Yes,,Yes,Yes,Yes,,Yes,2026-08-07T14:17:42,2026-08-07T14:17:45
ID000376,aane-Hathaway,03.jpg,Fake,Yes,,Yes,Yes,Yes,,Yes,2026-08-07T14:17:45,2026-08-07T14:17:52
ID000072,Christian-Bale,01.jpg,Real,Yes,Yes,Yes,Yes,,,Yes,2026-08-07T14:17:55,2026-08-07T14:17:59
ID000072,Christian-Bale,01.jpg,Fake,Yes,,Yes,Yes,Yes,,No,2026-08-07T14:18:00,2026-08-07T14:18:03
ID000072,Christian-Bale,02.jpg,Fake,Yes,,Yes,Yes,Yes,,No,2026-08-07T14:18:03,2026-08-07T14:18:05
ID000072,Christian-Bale,03.jpg,Fake,Yes,,Yes,Yes,Yes,,No,2026-08-07T14:18:05,2026-08-07T14:18:09
ID000072,Christian-Bale,04.jpg,Fake,No,,Yes,Yes,Yes,,No,2026-08-07T14:18:09,2026-08-07T14:18:19
ID000072,Christian-Bale,05.jpg,Fake,Yes,,Yes,Yes,Yes,,Yes,2026-08-07T14:18:19,2026-08-07T14:18:24
ID000012,Alex-Cooper,01.jpg,Real,Yes,Yes,Yes,Yes,,,Yes,2026-08-07T14:18:33,2026-08-07T14:19:33
ID000012,Alex-Cooper,02.jpg,Real,Yes,Yes,Yes,Yes,,,Yes,2026-08-07T14:19:33,2026-08-07T14:19:36
ID000012,Alex-Cooper,03.jpg,Real,Yes,Yes,Yes,Yes,,,Yes,2026-08-07T14:19:36,2026-08-07T14:19:43
ID000012,Alex-Cooper,01.jpg,Fake,Yes,,Yes,No,No,,No,2026-08-07T14:19:45,2026-08-07T14:19:56
ID000012,Alex-Cooper,02.png,Fake,No,,Yes,No,Yes,,No,2026-08-07T14:19:56,2026-08-07T14:20:02
ID000050,Blair-Parry-Okeden,01.jpg,Real,Yes,Yes,Yes,Yes,,,Yes,2026-08-07T14:20:04,2026-08-07T14:20:15
ID000050,Blair-Parry-Okeden,02.jpg,Real,Yes,Yes,Yes,Yes,,,Yes,2026-08-07T14:20:15,2026-08-07T14:20:17
ID000050,Blair-Parry-Okeden,01.jpg,Fake,No,,Yes,Yes,No,,No,2026-08-07T14:20:50,2026-08-07T14:20:56
ID000050,Blair-Parry-Okeden,02.jpg,Fake,No,,Yes,Yes,Yes,,No,2026-08-07T14:21:00,2026-08-07T14:21:00
ID000050,Blair-Parry-Okeden,03.jpg,Fake,No,,Yes,Yes,No,,No,2026-08-07T14:21:00,2026-08-07T14:21:04
ID000291,Paul-Newman,01.jpg,Real,Yes,Yes,Yes,Yes,,,Yes,2026-08-07T14:21:05,2026-08-07T14:21:09
ID000291,Paul-Newman,02.jpg,Real,Yes,Yes,Yes,Yes,,,Yes,2026-08-07T14:21:10,2026-08-07T14:21:13
ID000291,Paul-Newman,01.jpg,Fake,Yes,,Yes,Yes,Yes,,Yes,2026-08-07T14:21:14,2026-08-07T14:21:17
ID000291,Paul-Newman,02.jpg,Fake,No,,Yes,Yes,Yes,,No,2026-08-07T14:21:18,2026-08-07T14:21:21
ID000291,Paul-Newman,03.jpg,Fake,Yes,,Yes,Yes,Yes,,Yes,2026-08-07T14:21:21,2026-08-07T14:21:29
ID000290,Patrick-Wilson,01.jpg,Real,Yes,Yes,Yes,Yes,,,Yes,2026-08-07T14:21:31,2026-08-07T14:21:36
ID000290,Patrick-Wilson,02.jpg,Real,Yes,Yes,Yes,Yes,,,Yes,2026-08-07T14:21:36,2026-08-07T14:21:41
ID000290,Patrick-Wilson,01.jpg,Fake,Yes,,Yes,Yes,Yes,,Yes,2026-08-07T14:21:43,2026-08-07T14:21:47
ID000121,George-Clooney,01.jpg,Real,Yes,Yes,Yes,Yes,,,Yes,2026-08-07T14:21:49,2026-08-07T14:21:52
ID000121,George-Clooney,02.jpg,Real,Yes,Yes,Yes,Yes,,,Yes,2026-08-07T14:21:52,2026-08-07T14:21:56
ID000121,George-Clooney,03.png,Real,Yes,Yes,Yes,Yes,,,Yes,2026-08-07T14:21:56,2026-08-07T14:22:21
ID000121,George-Clooney,01.jpg,Fake,Yes,,Yes,Yes,Yes,,No,2026-08-07T14:22:22,2026-08-07T14:22:26
ID000121,George-Clooney,02.jpg,Fake,Yes,,Yes,Yes,Yes,,Yes,2026-08-07T14:22:26,2026-08-07T14:22:28
ID000121,George-Clooney,03.jpg,Fake,Yes,,Yes,Yes,Yes,,Yes,2026-08-07T14:22:28,2026-08-07T14:22:32
ID000121,George-Clooney,04.jpg,Fake,Yes,,Yes,Yes,Yes,,Yes,2026-08-07T14:22:32,2026-08-07T14:22:37
ID000121,George-Clooney,05.jpg,Fake,Yes,,Yes,Yes,Yes,,No,2026-08-07T14:22:37,2026-08-07T14:22:40
ID000034,Audrey-Hepburn,01.jpg,Real,Yes,Yes,Yes,Yes,,,Yes,2026-08-07T14:22:45,2026-08-07T14:22:49
ID000034,Audrey-Hepburn,02.jpg,Real,Yes,Yes,Yes,Yes,,,Yes,2026-08-07T14:22:49,2026-08-07T14:22:52
ID000034,Audrey-Hepburn,03.jpg,Real,Yes,Yes,Yes,Yes,,,Yes,2026-08-07T14:22:52,2026-08-07T14:22:57
ID000034,Audrey-Hepburn,01.jpg,Fake,Yes,,Yes,Yes,No,,Yes,2026-08-07T14:22:58,2026-08-07T14:23:06
ID000034,Audrey-Hepburn,02.jpg,Fake,Yes,,Yes,Yes,Yes,,No,2026-08-07T14:23:06,2026-08-07T14:23:18
ID000034,Audrey-Hepburn,03.jpg,Fake,Yes,,Yes,Yes,Yes,,No,2026-08-07T14:23:18,2026-08-07T14:23:22
ID000034,Audrey-Hepburn,04.jpg,Fake,Yes,,Yes,Yes,Yes,,No,2026-08-07T14:23:22,2026-08-07T14:23:26
ID000183,John-Leguizamo,01.jpg,Real,Yes,Yes,Yes,Yes,,,Yes,2026-08-07T14:23:33,2026-08-07T14:23:40
ID000183,John-Leguizamo,02.jpg,Real,Yes,Yes,Yes,Yes,,,Yes,2026-08-07T14:23:40,2026-08-07T14:23:45
ID000183,John-Leguizamo,01.jpg,Fake,Yes,,Yes,Yes,Yes,,Yes,2026-08-07T14:23:46,2026-08-07T14:23:53
ID000183,John-Leguizamo,02.jpg,Fake,No,,Yes,Yes,Yes,,No,2026-08-07T14:23:54,2026-08-07T14:24:00
ID000348,Thomas-Jane,01.jpg,Real,Yes,Yes,Yes,Yes,,,Yes,2026-08-07T14:24:01,2026-08-07T14:24:05
ID000348,Thomas-Jane,02.jpg,Real,Yes,Yes,Yes,Yes,,,Yes,2026-08-07T14:24:05,2026-08-07T14:24:08
ID000348,Thomas-Jane,03.jpg,Real,Yes,Yes,Yes,Yes,,,Yes,2026-08-07T14:24:08,2026-08-07T14:24:11
ID000348,Thomas-Jane,01.jpg,Fake,Yes,,Yes,Yes,No,,Yes,2026-08-07T14:24:12,2026-08-07T14:24:19
ID000348,Thomas-Jane,03.jpg,Fake,Yes,,Yes,Yes,Yes,,No,2026-08-07T14:24:19,2026-08-07T14:24:22
ID000348,Thomas-Jane,04.jpg,Fake,Yes,,Yes,Yes,Yes,,No,2026-08-07T14:24:22,2026-08-07T14:24:26
ID000356,Tom-Cruise,01.jpg,Real,Yes,Yes,Yes,Yes,,,Yes,2026-08-07T14:24:30,2026-08-07T14:24:34
ID000356,Tom-Cruise,02.jpg,Real,Yes,Yes,Yes,Yes,,,Yes,2026-08-07T14:24:34,2026-08-07T14:24:37
ID000356,Tom-Cruise,03.jpg,Real,Yes,Yes,Yes,Yes,,,Yes,2026-08-07T14:24:37,2026-08-07T14:24:39
ID000356,Tom-Cruise,01.jpg,Fake,Yes,,Yes,Yes,Yes,,Yes,2026-08-07T14:24:41,2026-08-07T14:24:49
ID000349,Thomas-Jeffrey-Hanks,01.jpg,Real,Yes,Yes,Yes,Yes,,,Yes,2026-08-07T14:24:50,2026-08-07T14:24:53
ID000349,Thomas-Jeffrey-Hanks,02.jpg,Real,Yes,Yes,Yes,Yes,,,Yes,2026-08-07T14:24:53,2026-08-07T14:24:55
ID000349,Thomas-Jeffrey-Hanks,01.webp,Fake,Yes,,Yes,Yes,No,,Yes,2026-08-07T14:24:56,2026-08-07T14:25:14
ID000349,Thomas-Jeffrey-Hanks,04.jpg,Fake,Yes,,No,Yes,No,,No,2026-08-07T14:25:14,2026-08-07T14:25:29
ID000349,Thomas-Jeffrey-Hanks,05.jpg,Fake,Yes,,Yes,No,Yes,,No,2026-08-07T14:25:29,2026-08-07T14:25:38
ID000349,Thomas-Jeffrey-Hanks,05.png,Fake,Yes,,Yes,No,Yes,,No,2026-08-07T14:25:38,2026-08-07T14:25:45
ID000271,Mlanie-Laurent,01.jpg,Real,Yes,Yes,Yes,Yes,,,Yes,2026-08-07T14:25:46,2026-08-07T14:26:08
ID000271,Mlanie-Laurent,01.jpg,Fake,Yes,,Yes,Yes,No,,Yes,2026-08-07T14:26:09,2026-08-07T14:26:14
ID000271,Mlanie-Laurent,02.jpg,Fake,No,,Yes,Yes,Yes,,No,2026-08-07T14:26:14,2026-08-07T14:26:22
ID000271,Mlanie-Laurent,03.jpg,Fake,No,,Yes,Yes,Yes,,No,2026-08-07T14:26:22,2026-08-07T14:26:28
ID000317,Rupert-Grint,01.jpg,Real,Yes,Yes,Yes,Yes,,,Yes,2026-08-07T14:26:29,2026-08-07T14:26:35
ID000317,Rupert-Grint,02.jpg,Real,Yes,Yes,Yes,Yes,,,Yes,2026-08-07T14:26:35,2026-08-07T14:26:38
ID000317,Rupert-Grint,01.jpg,Fake,No,,Yes,Yes,Yes,,No,2026-08-07T14:26:39,2026-08-07T14:26:49
ID000317,Rupert-Grint,02.png,Fake,No,,Yes,Yes,No,,No,2026-08-07T14:26:49,2026-08-07T14:26:57
ID000317,Rupert-Grint,03.jpg,Fake,No,,Yes,Yes,Yes,,No,2026-08-07T14:26:57,2026-08-07T14:27:05
ID000317,Rupert-Grint,04.jpg,Fake,Yes,,Yes,Yes,Yes,,Yes,2026-08-07T14:27:05,2026-08-07T14:27:13
ID000295,Phil-Salt,01.webp,Real,Yes,Yes,Yes,Yes,,,Yes,2026-08-07T14:27:14,2026-08-07T14:27:18
ID000295,Phil-Salt,1.jpg,Fake,Yes,,Yes,Yes,Yes,,Yes,2026-08-07T14:27:19,2026-08-07T14:27:27
ID000070,Chris-Cooper,01.jpg,Real,Yes,Yes,Yes,Yes,,,Yes,2026-08-07T14:27:28,2026-08-07T14:27:32
ID000070,Chris-Cooper,02.webp,Real,Yes,Yes,Yes,Yes,,,Yes,2026-08-07T14:27:32,2026-08-07T14:27:48
ID000070,Chris-Cooper,02.png,Fake,No,,Yes,Yes,Yes,,No,2026-08-07T14:27:49,2026-08-07T14:28:01
ID000226,Lee-Min-ho,01.jpg,Real,Yes,Yes,Yes,Yes,,,Yes,2026-08-07T14:28:03,2026-08-07T14:28:09
ID000226,Lee-Min-ho,01.jpg,Fake,Yes,,Yes,Yes,No,,Yes,2026-08-07T14:28:10,2026-08-07T14:28:16
ID000226,Lee-Min-ho,02.jpg,Fake,Yes,,Yes,Yes,Yes,,Yes,2026-08-07T14:28:16,2026-08-07T14:28:21
ID000226,Lee-Min-ho,06.png,Fake,Yes,,Yes,Yes,Yes,,Yes,2026-08-07T14:28:21,2026-08-07T14:28:26
ID000129,Grard-Depardieu,01.jpg,Real,Yes,Yes,Yes,Yes,,,Yes,2026-08-07T14:28:28,2026-08-07T14:28:32
ID000129,Grard-Depardieu,01.jpg,Fake,Yes,,Yes,Yes,Yes,,Yes,2026-08-07T14:28:33,2026-08-07T14:28:39
ID000129,Grard-Depardieu,02.jpg,Fake,Yes,,No,No,Yes,,No,2026-08-07T14:28:39,2026-08-07T14:28:51
ID000129,Grard-Depardieu,03.jpg,Fake,Yes,,Yes,Yes,Yes,,Yes,2026-08-07T14:28:51,2026-08-07T14:28:57
ID000129,Grard-Depardieu,04.png,Fake,Yes,,Yes,Yes,Yes,,Yes,2026-08-07T14:28:57,2026-08-07T14:29:00
ID000055,Bukayo-Saka,01.jpg,Real,Yes,Yes,Yes,Yes,,,Yes,2026-08-07T14:29:01,2026-08-07T14:29:04
ID000055,Bukayo-Saka,02.png,Real,Yes,Yes,Yes,Yes,,,Yes,2026-08-07T14:29:04,2026-08-07T14:29:07
ID000055,Bukayo-Saka,03.jpg,Real,Yes,Yes,Yes,Yes,,,Yes,2026-08-07T14:29:07,2026-08-07T14:29:11
ID000055,Bukayo-Saka,1.webp,Fake,No,,Yes,Yes,Yes,,No,2026-08-07T14:29:14,2026-08-07T14:29:18
ID000392,salman-khan,01.jpg,Real,Yes,Yes,Yes,Yes,,,Yes,2026-08-07T14:29:19,2026-08-07T14:29:25
ID000392,salman-khan,02.jpg,Real,Yes,Yes,Yes,Yes,,,Yes,2026-08-07T14:29:25,2026-08-07T14:29:28
ID000392,salman-khan,01.jpg,Fake,Yes,,Yes,Yes,Yes,,Yes,2026-08-07T14:29:29,2026-08-07T14:29:33
ID000392,salman-khan,02.jpg,Fake,Yes,,Yes,Yes,Yes,,Yes,2026-08-07T14:29:33,2026-08-07T14:29:37
ID000299,Reese-Witherspoon,01.jpg,Real,Yes,Yes,Yes,Yes,,,Yes,2026-08-07T14:29:38,2026-08-07T14:29:42
ID000299,Reese-Witherspoon,01.jpg,Fake,Yes,,Yes,Yes,Yes,,Yes,2026-08-07T14:29:43,2026-08-07T14:29:46
ID000299,Reese-Witherspoon,03.jpg,Fake,Yes,,Yes,Yes,Yes,,Yes,2026-08-07T14:29:46,2026-08-07T14:29:49
ID000299,Reese-Witherspoon,04.png,Fake,Yes,,Yes,Yes,Yes,,Yes,2026-08-07T14:29:49,2026-08-07T14:29:52
ID000023,Anna-Faris,01.jpg,Real,Yes,Yes,Yes,Yes,,,Yes,2026-08-07T14:29:53,2026-08-07T14:29:58
ID000023,Anna-Faris,01.jpg,Fake,Yes,,Yes,Yes,Yes,,Yes,2026-08-07T14:29:59,2026-08-07T14:30:05
ID000023,Anna-Faris,02.jpg,Fake,Yes,,Yes,Yes,Yes,,Yes,2026-08-07T14:30:05,2026-08-07T14:30:11
ID000093,Dylan-O,01.jpg,Real,Yes,Yes,Yes,Yes,,,Yes,2026-08-07T14:30:12,2026-08-07T14:30:16
ID000093,Dylan-O,01.jpg,Fake,Yes,,Yes,Yes,No,,Yes,2026-08-07T14:30:17,2026-08-07T14:30:23
ID000093,Dylan-O,02.jpg,Fake,Yes,,Yes,Yes,No,,Yes,2026-08-07T14:30:23,2026-08-07T14:30:26
ID000093,Dylan-O,03.jpg,Fake,No,,No,Yes,No,,No,2026-08-07T14:30:26,2026-08-07T14:30:40
ID000345,Sylvester-Stallone,01.jpg,Real,Yes,Yes,Yes,Yes,,,Yes,2026-08-07T14:30:41,2026-08-07T14:30:44
ID000345,Sylvester-Stallone,02.jpg,Real,Yes,Yes,Yes,Yes,,,Yes,2026-08-07T14:30:44,2026-08-07T14:30:47
ID000345,Sylvester-Stallone,01.jpg,Fake,Yes,,Yes,Yes,Yes,,No,2026-08-07T14:30:48,2026-08-07T14:30:51
ID000345,Sylvester-Stallone,02.jpg,Fake,Yes,,Yes,Yes,Yes,,No,2026-08-07T14:30:51,2026-08-07T14:30:56
ID000345,Sylvester-Stallone,03.jpg,Fake,Yes,,Yes,Yes,Yes,,No,2026-08-07T14:30:56,2026-08-07T14:30:59
ID000345,Sylvester-Stallone,04.jpg,Fake,Yes,,Yes,Yes,Yes,,Yes,2026-08-07T14:30:59,2026-08-07T14:31:03
ID000345,Sylvester-Stallone,05.jpg,Fake,Yes,,Yes,Yes,Yes,,No,2026-08-07T14:31:03,2026-08-07T14:31:07
ID000247,Marques-Brownlee-MKBHD,01.jpg,Real,Yes,Yes,Yes,Yes,,,Yes,2026-08-07T14:31:12,2026-08-07T14:31:18
ID000247,Marques-Brownlee-MKBHD,02.png,Real,Yes,Yes,Yes,Yes,,,No,2026-08-07T14:31:50,2026-08-07T14:31:57
ID000247,Marques-Brownlee-MKBHD,01.jpg,Fake,Yes,,No,Yes,Yes,,No,2026-08-07T14:32:09,2026-08-07T14:32:12
ID000068,Chloe-Kim,01.jpg,Real,Yes,Yes,Yes,Yes,,,Yes,2026-08-07T14:32:12,2026-08-07T14:32:24
ID000068,Chloe-Kim,02.png,Real,Yes,Yes,Yes,Yes,,,Yes,2026-08-07T14:32:24,2026-08-07T14:32:31
ID000068,Chloe-Kim,02.png,Fake,Yes,,Yes,Yes,No,,Yes,2026-08-07T14:32:32,2026-08-07T14:32:38
ID000148,Imane-Anys-Pokimane,01.jpg,Real,Yes,Yes,Yes,Yes,,,Yes,2026-08-07T14:32:39,2026-08-07T14:32:45
ID000148,Imane-Anys-Pokimane,01.jpg,Fake,Yes,,Yes,Yes,Yes,,Yes,2026-08-07T14:32:46,2026-08-07T14:32:50
ID000148,Imane-Anys-Pokimane,02.jpg,Fake,Yes,,Yes,Yes,Yes,,Yes,2026-08-07T14:32:50,2026-08-07T14:32:53
ID000021,Andy-Jassy,01.jpg,Real,Yes,Yes,Yes,Yes,,,Yes,2026-08-07T14:32:54,2026-08-07T14:33:00
ID000021,Andy-Jassy,02.jpg,Real,Yes,Yes,Yes,Yes,,,Yes,2026-08-07T14:33:00,2026-08-07T14:33:07
ID000021,Andy-Jassy,01.jpg,Fake,Yes,,Yes,Yes,Yes,Background seems artificial,Yes,2026-08-07T14:33:08,2026-08-07T14:33:34
ID000051,Bob-Dylan,01.jpg,Real,Yes,Yes,Yes,Yes,,,Yes,2026-08-07T14:33:35,2026-08-07T14:33:38
ID000051,Bob-Dylan,02.png,Real,Yes,Yes,Yes,Yes,,,Yes,2026-08-07T14:33:38,2026-08-07T14:33:43
ID000051,Bob-Dylan,01.jpg,Fake,Yes,,Yes,Yes,Yes,,No,2026-08-07T14:33:44,2026-08-07T14:33:57
ID000051,Bob-Dylan,02.jpg,Fake,Yes,,Yes,Yes,Yes,,No,2026-08-07T14:33:57,2026-08-07T14:34:00
ID000051,Bob-Dylan,03.jpg,Fake,Yes,,Yes,Yes,Yes,,No,2026-08-07T14:34:00,2026-08-07T14:34:03
ID000051,Bob-Dylan,04.jpg,Fake,Yes,,Yes,Yes,Yes,,Yes,2026-08-07T14:34:03,2026-08-07T14:34:06
ID000193,Josh-Hartnett,01.jpg,Real,Yes,Yes,Yes,Yes,,,Yes,2026-08-07T14:34:11,2026-08-07T14:34:15
ID000193,Josh-Hartnett,01.jpg,Fake,Yes,,Yes,Yes,Yes,,Yes,2026-08-07T14:34:16,2026-08-07T14:34:27
ID000193,Josh-Hartnett,02.jpg,Fake,Yes,,Yes,Yes,Yes,,Yes,2026-08-07T14:34:27,2026-08-07T14:34:32
ID000193,Josh-Hartnett,03.jpg,Fake,No,,Yes,Yes,No,,No,2026-08-07T14:34:32,2026-08-07T14:34:36
ID000193,Josh-Hartnett,04.jpg,Fake,Yes,,Yes,Yes,Yes,,Yes,2026-08-07T14:34:36,2026-08-07T14:34:45
ID000024,Anna-Wintour,01.jpg,Real,Yes,Yes,Yes,Yes,,,Yes,2026-08-07T14:34:48,2026-08-07T14:35:00
ID000024,Anna-Wintour,02.jpg,Real,Yes,Yes,Yes,Yes,,,Yes,2026-08-07T14:35:00,2026-08-07T14:35:05
ID000024,Anna-Wintour,01.jpg,Fake,Yes,,Yes,Yes,Yes,,Yes,2026-08-07T14:35:06,2026-08-07T14:35:13
ID000024,Anna-Wintour,02.jpg,Fake,Yes,,Yes,Yes,Yes,,Yes,2026-08-07T14:35:13,2026-08-07T14:35:23
ID000024,Anna-Wintour,03.jpg,Fake,Yes,,Yes,Yes,Yes,,Yes,2026-08-07T14:35:23,2026-08-07T14:35:27
ID000064,Carrie-Anne-Moss,01.jpg,Real,Yes,Yes,Yes,Yes,,,Yes,2026-08-07T14:35:28,2026-08-07T14:35:33
ID000064,Carrie-Anne-Moss,02.jpg,Real,Yes,Yes,Yes,Yes,,,Yes,2026-08-07T14:35:33,2026-08-07T14:35:36
ID000064,Carrie-Anne-Moss,03.jpg,Real,Yes,Yes,Yes,Yes,,,Yes,2026-08-07T14:35:36,2026-08-07T14:35:38
ID000064,Carrie-Anne-Moss,01.jpg,Fake,Yes,,Yes,Yes,Yes,,No,2026-08-07T14:35:39,2026-08-07T14:35:42
ID000064,Carrie-Anne-Moss,02.jpg,Fake,Yes,,Yes,Yes,No,,Yes,2026-08-07T14:35:42,2026-08-07T14:35:50
ID000064,Carrie-Anne-Moss,03.jpg,Fake,No,,Yes,No,Yes,,No,2026-08-07T14:35:50,2026-08-07T14:35:57
ID000064,Carrie-Anne-Moss,04.jpg,Fake,No,,Yes,Yes,Yes,,No,2026-08-07T14:35:57,2026-08-07T14:36:08
ID000334,Shreya-GhoshalI,01.jpg,Real,Yes,Yes,Yes,Yes,,,Yes,2026-08-07T14:36:13,2026-08-07T14:36:18
ID000334,Shreya-GhoshalI,02.jpg,Real,Yes,Yes,Yes,Yes,,,Yes,2026-08-07T14:36:18,2026-08-07T14:36:21
ID000334,Shreya-GhoshalI,03.jpg,Real,Yes,Yes,Yes,Yes,,,Yes,2026-08-07T14:36:21,2026-08-07T14:36:24
ID000334,Shreya-GhoshalI,05.jpg,Fake,No,,Yes,Yes,Yes,,No,2026-08-07T14:36:25,2026-08-07T14:36:35
ID000334,Shreya-GhoshalI,05.png,Fake,Yes,,Yes,Yes,No,,Yes,2026-08-07T14:36:35,2026-08-07T14:36:44
ID000004,Abdulnasser-Bin-Kalban,01.jpg,Real,Yes,Yes,Yes,Yes,,,Yes,2026-08-07T14:36:45,2026-08-07T14:36:49
ID000004,Abdulnasser-Bin-Kalban,02.jpg,Real,Yes,Yes,Yes,Yes,,,Yes,2026-08-07T14:36:50,2026-08-07T14:37:10
ID000004,Abdulnasser-Bin-Kalban,01.jpg,Fake,No,,No,Yes,Yes,,No,2026-08-07T14:37:10,2026-08-07T14:37:18
ID000320,Salma-Hayek,01.jpg,Real,Yes,Yes,Yes,Yes,,,Yes,2026-08-07T14:37:19,2026-08-07T14:37:23
ID000320,Salma-Hayek,02.jpg,Real,Yes,Yes,Yes,Yes,,,Yes,2026-08-07T14:37:23,2026-08-07T14:37:26
ID000320,Salma-Hayek,01.jpg,Fake,Yes,,Yes,Yes,Yes,,Yes,2026-08-07T14:37:27,2026-08-07T14:37:33
ID000320,Salma-Hayek,03.jpg,Fake,No,,Yes,Yes,Yes,,No,2026-08-07T14:37:38,2026-08-07T14:37:38
ID000320,Salma-Hayek,04.png,Fake,Yes,,Yes,Yes,Yes,,Yes,2026-08-07T14:37:38,2026-08-07T14:37:53
ID000320,Salma-Hayek,05.jpg,Fake,No,,Yes,Yes,Yes,,No,2026-08-07T14:37:53,2026-08-07T14:37:57
ID000179,Jim-Sturgess,01.jpg,Real,Yes,Yes,Yes,Yes,,,Yes,2026-08-07T14:38:02,2026-08-07T14:38:04
ID000179,Jim-Sturgess,02.jpg,Real,Yes,Yes,Yes,Yes,,,Yes,2026-08-07T14:38:04,2026-08-07T14:38:07
ID000179,Jim-Sturgess,01.jpg,Fake,Yes,,No,Yes,Yes,,No,2026-08-07T14:38:08,2026-08-07T14:38:22
ID000232,Livvy-Dunne,1.jpg,Real,Yes,Yes,Yes,Yes,,,Yes,2026-08-07T14:38:23,2026-08-07T14:38:32
ID000232,Livvy-Dunne,01.jpg,Fake,Yes,,Yes,Yes,No,,Yes,2026-08-07T14:38:32,2026-08-07T14:38:38
ID000232,Livvy-Dunne,02.jpg,Fake,Yes,,Yes,Yes,Yes,,No,2026-08-07T14:38:38,2026-08-07T14:38:47
ID000232,Livvy-Dunne,03.jpg,Fake,Yes,,Yes,Yes,No,,Yes,2026-08-07T14:38:47,2026-08-07T14:38:51
ID000232,Livvy-Dunne,04.jpg,Fake,Yes,,Yes,Yes,Yes,,No,2026-08-07T14:38:51,2026-08-07T14:38:55
ID000232,Livvy-Dunne,05.jpg,Fake,No,,Yes,Yes,Yes,,No,2026-08-07T14:38:55,2026-08-07T14:39:00
ID000232,Livvy-Dunne,1.png,Fake,Yes,,Yes,No,No,,No,2026-08-07T14:39:00,2026-08-07T14:39:15
ID000108,Eugenio-Derbez,01.png,Real,Yes,Yes,Yes,Yes,,,Yes,2026-08-07T14:39:20,2026-08-07T14:39:29
ID000108,Eugenio-Derbez,02.jpg,Real,Yes,Yes,Yes,Yes,,,Yes,2026-08-07T14:39:29,2026-08-07T14:39:35
ID000108,Eugenio-Derbez,03.jpg,Real,Yes,Yes,Yes,Yes,,,Yes,2026-08-07T14:39:35,2026-08-07T14:39:49
ID000108,Eugenio-Derbez,01.jpg,Fake,Yes,,Yes,Yes,Yes,,No,2026-08-07T14:39:50,2026-08-07T14:39:59
ID000108,Eugenio-Derbez,02.jpg,Fake,Yes,,Yes,Yes,Yes,,No,2026-08-07T14:39:59,2026-08-07T14:40:03
ID000108,Eugenio-Derbez,03.jpg,Fake,Yes,,Yes,Yes,Yes,,No,2026-08-07T14:40:03,2026-08-07T14:40:07
ID000108,Eugenio-Derbez,04.png,Fake,Yes,,Yes,Yes,Yes,Face seems unnatural,Yes,2026-08-07T14:40:07,2026-08-07T14:40:40
ID000242,Mario-Götze,01.jpg,Real,Yes,Yes,Yes,Yes,,,Yes,2026-08-07T14:40:46,2026-08-07T14:40:50
ID000242,Mario-Götze,02.jpg,Real,Yes,Yes,Yes,Yes,,,Yes,2026-08-07T14:40:50,2026-08-07T14:40:53
ID000242,Mario-Götze,03.jpg,Real,Yes,Yes,Yes,Yes,,,Yes,2026-08-07T14:40:53,2026-08-07T14:40:57
ID000242,Mario-Götze,01.jpg,Fake,Yes,,Yes,Yes,Yes,,Yes,2026-08-07T14:40:58,2026-08-07T14:41:01
ID000242,Mario-Götze,02.jpg,Fake,Yes,,Yes,Yes,Yes,,Yes,2026-08-07T14:41:01,2026-08-07T14:41:07
ID000003,Abdel-Fattah-el-Sisi,01.jpg,Real,Yes,Yes,Yes,Yes,,,Yes,2026-08-07T14:41:08,2026-08-07T14:41:12
ID000003,Abdel-Fattah-el-Sisi,01.jpg,Fake,Yes,,Yes,Yes,Yes,,No,2026-08-07T14:41:13,2026-08-07T14:41:21
ID000003,Abdel-Fattah-el-Sisi,02.jpg,Fake,Yes,,Yes,Yes,Yes,,No,2026-08-07T14:41:21,2026-08-07T14:41:24
ID000003,Abdel-Fattah-el-Sisi,03.jpg,Fake,Yes,,Yes,Yes,Yes,,Yes,2026-08-07T14:41:24,2026-08-07T14:41:27
ID000003,Abdel-Fattah-el-Sisi,04.png,Fake,Yes,,Yes,Yes,No,,Yes,2026-08-07T14:41:27,2026-08-07T14:41:34
ID000003,Abdel-Fattah-el-Sisi,05.jpg,Fake,Yes,,Yes,Yes,Yes,,No,2026-08-07T14:41:34,2026-08-07T14:41:43
ID000379,denzel-washington,01.jpg,Real,Yes,Yes,Yes,Yes,,,Yes,2026-08-07T14:41:49,2026-08-07T14:41:52
ID000379,denzel-washington,01.jpg,Fake,Yes,,Yes,Yes,Yes,,No,2026-08-07T14:41:53,2026-08-07T14:41:56
ID000379,denzel-washington,02.jpg,Fake,Yes,,Yes,Yes,Yes,,No,2026-08-07T14:42:03,2026-08-07T14:42:04
ID000379,denzel-washington,03.jpg,Fake,Yes,,Yes,Yes,Yes,,No,2026-08-07T14:42:04,2026-08-07T14:42:07
ID000379,denzel-washington,04.jpg,Fake,No,,Yes,Yes,Yes,,No,2026-08-07T14:42:07,2026-08-07T14:42:11
ID000379,denzel-washington,05.jpg,Fake,Yes,,Yes,Yes,Yes,,No,2026-08-07T14:42:11,2026-08-07T14:42:14
ID000379,denzel-washington,06.jpg,Fake,Yes,,Yes,Yes,No,,Yes,2026-08-07T14:42:14,2026-08-07T14:42:21
ID000343,Susan-Sarandon,01.jpg,Real,Yes,Yes,Yes,Yes,,,Yes,2026-08-07T14:42:24,2026-08-07T14:42:29
ID000343,Susan-Sarandon,01.jpg,Fake,Yes,,Yes,Yes,Yes,,Yes,2026-08-07T14:42:30,2026-08-07T14:42:34
ID000343,Susan-Sarandon,02.jpg,Fake,Yes,,Yes,Yes,No,,Yes,2026-08-07T14:42:34,2026-08-07T14:42:41
ID000343,Susan-Sarandon,03.jpg,Fake,Yes,,Yes,Yes,Yes,,Yes,2026-08-07T14:42:41,2026-08-07T14:42:44
ID000325,Sediqullah-Atal,01.webp,Real,Yes,Yes,Yes,Yes,,,Yes,2026-08-07T14:42:44,2026-08-07T14:42:56
ID000325,Sediqullah-Atal,1.jpg,Fake,Yes,,No,No,No,,No,2026-08-07T14:42:57,2026-08-07T14:43:20
ID000139,Helena-Bonham-Carter,01.jpg,Real,Yes,Yes,Yes,Yes,,,Yes,2026-08-07T14:43:21,2026-08-07T14:43:26
ID000139,Helena-Bonham-Carter,02.jpg,Real,Yes,Yes,Yes,Yes,,,Yes,2026-08-07T14:43:26,2026-08-07T14:43:29
ID000139,Helena-Bonham-Carter,01.jpg,Fake,Yes,,Yes,Yes,Yes,,No,2026-08-07T14:43:30,2026-08-07T14:43:37
ID000139,Helena-Bonham-Carter,02.jpg,Fake,Yes,,Yes,Yes,Yes,,No,2026-08-07T14:43:37,2026-08-07T14:43:41
ID000139,Helena-Bonham-Carter,03.jpg,Fake,No,,Yes,Yes,Yes,,No,2026-08-07T14:43:41,2026-08-07T14:43:45
ID000139,Helena-Bonham-Carter,04.jpg,Fake,No,,Yes,No,Yes,,No,2026-08-07T14:43:45,2026-08-07T14:43:58
ID000139,Helena-Bonham-Carter,05.jpg,Fake,No,,Yes,Yes,Yes,,No,2026-08-07T14:43:58,2026-08-07T14:44:05
ID000139,Helena-Bonham-Carter,06.jpg,Fake,No,,Yes,Yes,Yes,,No,2026-08-07T14:44:05,2026-08-07T14:44:10
ID000139,Helena-Bonham-Carter,07.jpg,Fake,No,,Yes,Yes,Yes,,No,2026-08-07T14:44:10,2026-08-07T14:44:16
ID000139,Helena-Bonham-Carter,08.jpg,Fake,Yes,,Yes,Yes,Yes,,Yes,2026-08-07T14:44:16,2026-08-07T14:44:27
ID000058,Caleb-Williams,01.png,Real,Yes,Yes,Yes,Yes,,,Yes,2026-08-07T14:44:34,2026-08-07T14:44:38
ID000058,Caleb-Williams,02.jpg,Real,Yes,Yes,Yes,Yes,,,Yes,2026-08-07T14:44:38,2026-08-07T14:44:41
ID000058,Caleb-Williams,01.jpg,Fake,Yes,,No,Yes,No,,No,2026-08-07T14:44:41,2026-08-07T14:45:00
ID000058,Caleb-Williams,02.jpg,Fake,Yes,,Yes,Yes,Yes,,Yes,2026-08-07T14:45:00,2026-08-07T14:45:05
ID000058,Caleb-Williams,03.jpg,Fake,Yes,,Yes,Yes,Yes,,Yes,2026-08-07T14:45:05,2026-08-07T14:45:09
ID000010,Alec-Baldwin,01.jpg,Real,Yes,Yes,Yes,Yes,,,Yes,2026-08-07T14:45:10,2026-08-07T14:45:17
ID000010,Alec-Baldwin,02.jpg,Real,Yes,Yes,Yes,Yes,,,Yes,2026-08-07T14:45:17,2026-08-07T14:45:22
ID000010,Alec-Baldwin,03.jpg,Real,Yes,Yes,Yes,Yes,,,Yes,2026-08-07T14:45:22,2026-08-07T14:45:29
ID000010,Alec-Baldwin,01.jpg,Fake,No,,Yes,Yes,Yes,,No,2026-08-07T14:45:31,2026-08-07T14:45:41
ID000010,Alec-Baldwin,02.jpg,Fake,Yes,,Yes,Yes,Yes,,Yes,2026-08-07T14:45:41,2026-08-07T14:45:44
ID000057,Caitlin-Clark,01.png,Real,Yes,Yes,Yes,Yes,,,Yes,2026-08-07T14:45:45,2026-08-07T14:45:52
ID000057,Caitlin-Clark,01.jpg,Fake,Yes,,Yes,No,No,,No,2026-08-07T14:45:53,2026-08-07T14:46:01
ID000057,Caitlin-Clark,02.jpg,Fake,Yes,,Yes,Yes,No,,Yes,2026-08-07T14:46:01,2026-08-07T14:46:17
ID000057,Caitlin-Clark,03.png,Fake,Yes,,Yes,Yes,Yes,,No,2026-08-07T14:46:17,2026-08-07T14:46:27
ID000057,Caitlin-Clark,04.png,Fake,Yes,,Yes,Yes,Yes,,No,2026-08-07T14:46:27,2026-08-07T14:46:31
ID000077,Colin-Farrell,01.jpg,Real,Yes,Yes,Yes,Yes,,,Yes,2026-08-07T14:46:37,2026-08-07T14:46:41
ID000077,Colin-Farrell,01.jpg,Fake,No,,Yes,Yes,Yes,,No,2026-08-07T14:46:42,2026-08-07T14:46:55
ID000077,Colin-Farrell,02.jpg,Fake,Yes,,No,Yes,Yes,,No,2026-08-07T14:46:55,2026-08-07T14:47:00
ID000077,Colin-Farrell,03.png,Fake,No,,Yes,Yes,Yes,,No,2026-08-07T14:47:00,2026-08-07T14:47:05
ID000203,Katharine-Hepburn,01.jpg,Real,Yes,Yes,Yes,Yes,,,Yes,2026-08-07T14:47:05,2026-08-07T14:47:09
ID000203,Katharine-Hepburn,01.jpg,Fake,Yes,,Yes,Yes,Yes,,No,2026-08-07T14:47:11,2026-08-07T14:47:17
ID000203,Katharine-Hepburn,02.jpg,Fake,Yes,,Yes,Yes,Yes,,No,2026-08-07T14:47:17,2026-08-07T14:47:20
ID000203,Katharine-Hepburn,03.jpg,Fake,Yes,,Yes,Yes,Yes,Face too smooth,No,2026-08-07T14:47:20,2026-08-07T14:47:36
ID000203,Katharine-Hepburn,04.jpg,Fake,Yes,,Yes,Yes,No,,No,2026-08-07T14:47:36,2026-08-07T14:47:42
ID000203,Katharine-Hepburn,05.jpg,Fake,Yes,,Yes,Yes,No,,Yes,2026-08-07T14:47:43,2026-08-07T14:47:49
ID000203,Katharine-Hepburn,06.jpg,Fake,Yes,,Yes,Yes,No,,Yes,2026-08-07T14:47:49,2026-08-07T14:47:55
ID000252,Matt-Rife,01.jpg,Real,Yes,Yes,Yes,Yes,,,Yes,2026-08-07T14:48:02,2026-08-07T14:48:12
ID000252,Matt-Rife,02.jpg,Real,Yes,Yes,Yes,Yes,,,Yes,2026-08-07T14:48:12,2026-08-07T14:48:16
ID000252,Matt-Rife,03.jpg,Real,Yes,Yes,Yes,Yes,,,Yes,2026-08-07T14:48:16,2026-08-07T14:48:22
ID000252,Matt-Rife,01.jpg,Fake,Yes,,Yes,Yes,Yes,,Yes,2026-08-07T14:48:23,2026-08-07T14:48:27
ID000296,Pierce-Brosnan,01.jpg,Real,Yes,Yes,Yes,Yes,,,Yes,2026-08-07T14:48:28,2026-08-07T14:48:32
ID000296,Pierce-Brosnan,02.jpg,Real,Yes,Yes,Yes,Yes,,,Yes,2026-08-07T14:48:32,2026-08-07T14:48:35
ID000296,Pierce-Brosnan,01.jpg,Fake,Yes,,Yes,Yes,Yes,,No,2026-08-07T14:48:35,2026-08-07T14:48:39
ID000296,Pierce-Brosnan,02.jpg,Fake,Yes,,Yes,Yes,Yes,,No,2026-08-07T14:48:39,2026-08-07T14:48:42
ID000296,Pierce-Brosnan,04.jpg,Fake,Yes,,Yes,Yes,Yes,,No,2026-08-07T14:48:42,2026-08-07T14:48:45
ID000296,Pierce-Brosnan,05.jpg,Fake,Yes,,Yes,Yes,Yes,,Yes,2026-08-07T14:48:45,2026-08-07T14:48:48
ID000367,Will-Smith,01.jpg,Real,Yes,Yes,Yes,Yes,,,Yes,2026-08-07T14:48:55,2026-08-07T14:48:59
ID000367,Will-Smith,02.jpg,Real,Yes,Yes,Yes,Yes,,,Yes,2026-08-07T14:48:59,2026-08-07T14:49:03
ID000367,Will-Smith,03.jpg,Real,Yes,Yes,Yes,Yes,,,Yes,2026-08-07T14:49:03,2026-08-07T14:49:06
ID000367,Will-Smith,01.jpg,Fake,Yes,,Yes,No,Yes,,No,2026-08-07T14:49:06,2026-08-07T14:49:16
ID000367,Will-Smith,02.jpg,Fake,Yes,,Yes,No,Yes,,No,2026-08-07T14:49:16,2026-08-07T14:49:30
ID000367,Will-Smith,03.jpg,Fake,Yes,,Yes,Yes,No,,Yes,2026-08-07T14:49:30,2026-08-07T14:49:34
ID000367,Will-Smith,04.jpg,Fake,Yes,,Yes,Yes,Yes,,No,2026-08-07T14:49:34,2026-08-07T14:49:41
ID000197,Juliette-Binoche,01.jpg,Real,Yes,Yes,Yes,Yes,,,Yes,2026-08-07T14:49:44,2026-08-07T14:49:51
ID000197,Juliette-Binoche,01.jpg,Fake,No,,Yes,Yes,Yes,,No,2026-08-07T14:49:53,2026-08-07T14:49:59
ID000197,Juliette-Binoche,02.jpg,Fake,Yes,,Yes,Yes,Yes,,Yes,2026-08-07T14:49:59,2026-08-07T14:50:04
ID000197,Juliette-Binoche,03.jpg,Fake,Yes,,Yes,Yes,Yes,,Yes,2026-08-07T14:50:04,2026-08-07T14:50:08
ID000283,Nico-Paz,1.jpg,Real,Yes,Yes,Yes,Yes,,,Yes,2026-08-07T14:50:08,2026-08-07T14:50:12
ID000283,Nico-Paz,01.jpg,Fake,No,,Yes,Yes,Yes,,No,2026-08-07T14:50:13,2026-08-07T14:50:19
ID000283,Nico-Paz,1.jpg,Fake,Yes,,Yes,No,Yes,,No,2026-08-07T14:50:19,2026-08-07T14:50:33
ID000283,Nico-Paz,2.jpg,Fake,Yes,,No,No,Yes,,No,2026-08-07T14:50:33,2026-08-07T14:50:45
ID000178,Jim-Parsons,01.jpg,Real,Yes,Yes,Yes,Yes,,,Yes,2026-08-07T14:50:46,2026-08-07T14:50:52
ID000178,Jim-Parsons,02.jpg,Real,Yes,Yes,Yes,Yes,,,Yes,2026-08-07T14:50:52,2026-08-07T14:50:54
ID000178,Jim-Parsons,03.jpg,Real,Yes,Yes,Yes,Yes,,,Yes,2026-08-07T14:50:55,2026-08-07T14:50:57
ID000178,Jim-Parsons,01.jpg,Fake,Yes,,Yes,No,Yes,,No,2026-08-07T14:51:12,2026-08-07T14:51:31
ID000178,Jim-Parsons,02.jpg,Fake,Yes,,Yes,Yes,Yes,,Yes,2026-08-07T14:51:31,2026-08-07T14:51:41
ID000178,Jim-Parsons,03.jpg,Fake,Yes,,Yes,Yes,Yes,,Yes,2026-08-07T14:51:41,2026-08-07T14:51:45
ID000178,Jim-Parsons,04.jpg,Fake,Yes,,Yes,Yes,Yes,,Yes,2026-08-07T14:51:45,2026-08-07T14:51:48
ID000318,Russell-Crowe,01.jpg,Real,Yes,Yes,Yes,Yes,,,Yes,2026-08-07T14:51:49,2026-08-07T14:51:52
ID000318,Russell-Crowe,01.jpg,Fake,Yes,,Yes,Yes,Yes,,No,2026-08-07T14:51:52,2026-08-07T14:51:56
ID000318,Russell-Crowe,02.jpg,Fake,Yes,,Yes,Yes,Yes,,Yes,2026-08-07T14:51:56,2026-08-07T14:52:01
ID000318,Russell-Crowe,03.jpg,Fake,Yes,,Yes,No,Yes,,No,2026-08-07T14:52:01,2026-08-07T14:52:07
ID000318,Russell-Crowe,05.jpg,Fake,Yes,,Yes,Yes,Yes,,No,2026-08-07T14:52:07,2026-08-07T14:52:12
ID000209,Kevin-Bacon,01.jpg,Real,Yes,Yes,Yes,Yes,,,Yes,2026-08-07T14:52:23,2026-08-07T14:52:28
ID000209,Kevin-Bacon,02.jpg,Real,Yes,Yes,Yes,Yes,,,Yes,2026-08-07T14:52:28,2026-08-07T14:52:34
ID000209,Kevin-Bacon,03.jpg,Real,Yes,Yes,Yes,Yes,,,Yes,2026-08-07T14:52:34,2026-08-07T14:52:36
ID000209,Kevin-Bacon,01.jpg,Fake,No,,Yes,Yes,Yes,,No,2026-08-07T14:52:37,2026-08-07T14:52:41
ID000209,Kevin-Bacon,02.jpg,Fake,Yes,,Yes,Yes,Yes,,No,2026-08-07T14:52:41,2026-08-07T14:52:46
ID000209,Kevin-Bacon,03.png,Fake,Yes,,Yes,Yes,Yes,,No,2026-08-07T14:52:46,2026-08-07T14:52:49
ID000209,Kevin-Bacon,04.png,Fake,Yes,,Yes,Yes,Yes,,Yes,2026-08-07T14:52:49,2026-08-07T14:52:52
ID000209,Kevin-Bacon,05.png,Fake,Yes,,Yes,Yes,Yes,,No,2026-08-07T14:52:53,2026-08-07T14:52:55
ID000009,Albert-Eienstain,01.jpg,Real,Yes,Yes,Yes,Yes,,,Yes,2026-08-07T14:53:00,2026-08-07T14:53:11
ID000009,Albert-Eienstain,02.jpg,Real,Yes,Yes,Yes,Yes,,,Yes,2026-08-07T14:53:11,2026-08-07T14:53:14
ID000009,Albert-Eienstain,01.jpg,Fake,Yes,,Yes,Yes,Yes,,No,2026-08-07T14:53:15,2026-08-07T14:53:24
ID000009,Albert-Eienstain,03.jpg,Fake,Yes,,Yes,Yes,Yes,,No,2026-08-07T14:53:24,2026-08-07T14:53:27
ID000009,Albert-Eienstain,04.jpg,Fake,Yes,,Yes,Yes,No,,Yes,2026-08-07T14:53:27,2026-08-07T14:53:34
ID000009,Albert-Eienstain,05.png,Fake,Yes,,Yes,Yes,Yes,,No,2026-08-07T14:53:34,2026-08-07T14:53:42
ID000307,Robert-Englund,01.jpg,Real,Yes,Yes,Yes,Yes,,,Yes,2026-08-07T14:53:45,2026-08-07T14:54:38
ID000307,Robert-Englund,01.jpg,Fake,No,,No,Yes,Yes,,No,2026-08-07T14:54:39,2026-08-07T14:54:49
ID000307,Robert-Englund,02.png,Fake,No,,Yes,Yes,Yes,,No,2026-08-07T14:54:49,2026-08-07T14:54:55
ID000123,Giorgia-Meloni,01.jpg,Real,Yes,Yes,Yes,Yes,,,Yes,2026-08-07T14:54:56,2026-08-07T14:55:01
ID000123,Giorgia-Meloni,02.jpg,Real,Yes,Yes,Yes,Yes,,,Yes,2026-08-07T14:55:01,2026-08-07T14:55:04
ID000123,Giorgia-Meloni,01.jpg,Fake,Yes,,No,No,No,,No,2026-08-07T14:55:05,2026-08-07T14:55:21
ID000123,Giorgia-Meloni,02.jpg,Fake,Yes,,Yes,Yes,No,,Yes,2026-08-07T14:55:21,2026-08-07T14:55:27
ID000123,Giorgia-Meloni,03.png,Fake,Yes,,Yes,No,No,,No,2026-08-07T14:55:37,2026-08-07T14:55:40
ID000214,Kiefer-Sutherland,01.jpg,Real,Yes,Yes,Yes,Yes,,,Yes,2026-08-07T14:55:42,2026-08-07T14:55:46
ID000214,Kiefer-Sutherland,02.jpg,Real,Yes,Yes,Yes,Yes,,,Yes,2026-08-07T14:55:46,2026-08-07T14:55:49
ID000214,Kiefer-Sutherland,01.jpg,Fake,Yes,,Yes,Yes,Yes,,No,2026-08-07T14:55:50,2026-08-07T14:55:59
ID000214,Kiefer-Sutherland,02.jpg,Fake,Yes,,Yes,Yes,Yes,,No,2026-08-07T14:55:59,2026-08-07T14:56:03
ID000214,Kiefer-Sutherland,03.jpg,Fake,Yes,,Yes,Yes,Yes,,Yes,2026-08-07T14:56:03,2026-08-07T14:56:07
ID000214,Kiefer-Sutherland,04.jpg,Fake,Yes,,Yes,Yes,Yes,,Yes,2026-08-07T14:56:07,2026-08-07T14:56:10
ID000214,Kiefer-Sutherland,05.jpg,Fake,Yes,,Yes,Yes,Yes,,Yes,2026-08-07T14:56:11,2026-08-07T14:56:13
ID000046,Benson-Boone,01.png,Real,Yes,Yes,Yes,Yes,,,Yes,2026-08-07T14:56:22,2026-08-07T14:56:29
ID000046,Benson-Boone,02.jpg,Real,Yes,Yes,Yes,Yes,,,Yes,2026-08-07T14:56:29,2026-08-07T14:56:31
ID000046,Benson-Boone,01.jpg,Fake,No,,Yes,Yes,No,,No,2026-08-07T14:56:32,2026-08-07T14:56:39
ID000046,Benson-Boone,02.jpg,Fake,No,,No,Yes,Yes,,No,2026-08-07T14:56:39,2026-08-07T14:56:48
ID000046,Benson-Boone,03.jpg,Fake,No,,No,Yes,No,,No,2026-08-07T14:56:48,2026-08-07T14:57:12
ID000046,Benson-Boone,04.png,Fake,Yes,,Yes,Yes,Yes,,Yes,2026-08-07T14:57:12,2026-08-07T14:57:17
ID000289,Patrick-Stewart,01.jpg,Real,Yes,Yes,Yes,Yes,,,Yes,2026-08-07T14:57:18,2026-08-07T14:57:23
ID000289,Patrick-Stewart,02.jpg,Real,Yes,Yes,Yes,Yes,,,Yes,2026-08-07T14:57:23,2026-08-07T14:57:26
ID000289,Patrick-Stewart,01.jpg,Fake,Yes,,Yes,Yes,Yes,,Yes,2026-08-07T14:57:27,2026-08-07T14:57:31
ID000289,Patrick-Stewart,02.jpg,Fake,Yes,,Yes,Yes,Yes,,Yes,2026-08-07T14:57:31,2026-08-07T14:57:34
ID000289,Patrick-Stewart,03.jpg,Fake,Yes,,No,No,Yes,,No,2026-08-07T14:57:34,2026-08-07T14:57:46
ID000289,Patrick-Stewart,04.jpg,Fake,Yes,,Yes,Yes,Yes,,Yes,2026-08-07T14:57:46,2026-08-07T14:57:49
ID000029,Antonio-Guterres,01.jpg,Real,Yes,Yes,Yes,Yes,,,Yes,2026-08-07T14:57:51,2026-08-07T14:57:55
ID000029,Antonio-Guterres,02.jpg,Fake,Yes,,Yes,Yes,No,,Yes,2026-08-07T14:57:56,2026-08-07T14:58:01
ID000029,Antonio-Guterres,03.jpg,Fake,Yes,,Yes,Yes,Yes,,Yes,2026-08-07T14:58:02,2026-08-07T14:58:06
ID000029,Antonio-Guterres,04.jpg,Fake,Yes,,Yes,Yes,Yes,,Yes,2026-08-07T14:58:06,2026-08-07T14:58:13
ID000158,Jackie-Chan,01.jpg,Real,Yes,Yes,Yes,Yes,,,Yes,2026-08-07T14:58:15,2026-08-07T14:58:18
ID000158,Jackie-Chan,02.jpg,Real,Yes,Yes,Yes,Yes,,,Yes,2026-08-07T14:58:18,2026-08-07T14:58:22
ID000158,Jackie-Chan,03.jpg,Real,Yes,Yes,Yes,Yes,,,Yes,2026-08-07T14:58:22,2026-08-07T14:58:32
ID000158,Jackie-Chan,01.jpg,Fake,Yes,,Yes,Yes,Yes,,No,2026-08-07T14:58:43,2026-08-07T14:58:45
ID000158,Jackie-Chan,02.jpg,Fake,Yes,,Yes,No,Yes,,No,2026-08-07T14:58:45,2026-08-07T14:58:48
ID000158,Jackie-Chan,03.jpg,Fake,Yes,,Yes,Yes,Yes,,No,2026-08-07T14:58:48,2026-08-07T14:58:51
ID000158,Jackie-Chan,04.jpg,Fake,Yes,,Yes,Yes,No,,Yes,2026-08-07T14:58:51,2026-08-07T14:58:59
ID000319,Sally-Field,01.jpg,Real,Yes,Yes,Yes,Yes,,,Yes,2026-08-07T14:59:02,2026-08-07T14:59:08
ID000319,Sally-Field,02.jpg,Real,Yes,Yes,Yes,Yes,,,Yes,2026-08-07T14:59:08,2026-08-07T14:59:11
ID000319,Sally-Field,03.jpg,Real,Yes,Yes,Yes,Yes,,,Yes,2026-08-07T14:59:11,2026-08-07T14:59:15
ID000319,Sally-Field,01.jpg,Fake,Yes,,Yes,Yes,Yes,,No,2026-08-07T14:59:16,2026-08-07T14:59:21
ID000319,Sally-Field,02.jpg,Fake,Yes,,Yes,Yes,Yes,,No,2026-08-07T14:59:21,2026-08-07T14:59:24
ID000319,Sally-Field,03.jpg,Fake,Yes,,Yes,Yes,Yes,,No,2026-08-07T14:59:24,2026-08-07T14:59:29
ID000319,Sally-Field,04.jpg,Fake,Yes,,Yes,Yes,Yes,,Yes,2026-08-07T14:59:29,2026-08-07T14:59:32
ID000339,Sophie-Devine,01.jpg,Real,Yes,Yes,Yes,Yes,,,Yes,2026-08-07T14:59:44,2026-08-07T14:59:54
ID000339,Sophie-Devine,02.png,Real,Yes,Yes,Yes,Yes,,,Yes,2026-08-07T14:59:54,2026-08-07T14:59:57
ID000339,Sophie-Devine,01.jpg,Fake,No,,Yes,Yes,Yes,,No,2026-08-07T14:59:58,2026-08-07T15:00:01
ID000339,Sophie-Devine,02.jpg,Fake,No,,Yes,Yes,Yes,,No,2026-08-07T15:00:01,2026-08-07T15:00:04
ID000241,Marilyn-Monroe,01.jpg,Real,Yes,Yes,Yes,Yes,,,Yes,2026-08-07T15:00:05,2026-08-07T15:00:11
ID000241,Marilyn-Monroe,02.jpg,Real,Yes,Yes,Yes,Yes,,,Yes,2026-08-07T15:00:11,2026-08-07T15:00:14
ID000241,Marilyn-Monroe,01.jpg,Fake,Yes,,Yes,Yes,Yes,,No,2026-08-07T15:00:15,2026-08-07T15:00:21
ID000241,Marilyn-Monroe,02.jpg,Fake,Yes,,Yes,Yes,No,,Yes,2026-08-07T15:00:21,2026-08-07T15:00:33
ID000241,Marilyn-Monroe,03.png,Fake,Yes,,Yes,Yes,No,,Yes,2026-08-07T15:00:33,2026-08-07T15:00:37
ID000241,Marilyn-Monroe,04.jpg,Fake,Yes,,Yes,Yes,Yes,,No,2026-08-07T15:00:37,2026-08-07T15:00:42
ID000330,Shakira-Isabel-Mebarak-Ripoll,01.jpg,Real,Yes,Yes,Yes,Yes,,,Yes,2026-08-07T15:00:45,2026-08-07T15:00:51
ID000330,Shakira-Isabel-Mebarak-Ripoll,02.jpg,Real,Yes,Yes,Yes,Yes,,,Yes,2026-08-07T15:00:51,2026-08-07T15:00:54
ID000330,Shakira-Isabel-Mebarak-Ripoll,03.jpg,Real,Yes,Yes,Yes,Yes,,,Yes,2026-08-07T15:00:55,2026-08-07T15:01:00
ID000330,Shakira-Isabel-Mebarak-Ripoll,01.jpg,Fake,No,,Yes,Yes,Yes,,No,2026-08-07T15:01:01,2026-08-07T15:01:09
ID000330,Shakira-Isabel-Mebarak-Ripoll,04.png,Fake,Yes,,Yes,Yes,Yes,,Yes,2026-08-07T15:01:09,2026-08-07T15:01:12
ID000049,Billy-Bob-Thornton,01.jpg,Real,Yes,Yes,Yes,Yes,,,Yes,2026-08-07T15:01:13,2026-08-07T15:16:40
ID000049,Billy-Bob-Thornton,02.jpg,Real,Yes,Yes,Yes,Yes,,,No,2026-08-07T15:17:04,2026-08-07T15:17:04
ID000049,Billy-Bob-Thornton,03.jpg,Real,Yes,Yes,Yes,Yes,,,Yes,2026-08-07T15:17:05,2026-08-07T15:17:08
ID000049,Billy-Bob-Thornton,01.jpg,Fake,Yes,,Yes,Yes,Yes,,Yes,2026-08-07T15:17:13,2026-08-07T15:17:14
ID000049,Billy-Bob-Thornton,02.png,Fake,Yes,,Yes,Yes,No,,Yes,2026-08-07T15:17:14,2026-08-07T15:17:21
ID000049,Billy-Bob-Thornton,03.jpg,Fake,No,,Yes,Yes,No,,No,2026-08-07T15:17:21,2026-08-07T15:17:29
ID000049,Billy-Bob-Thornton,05.jpg,Fake,Yes,,Yes,Yes,Yes,,Yes,2026-08-07T15:17:29,2026-08-07T15:17:32
ID000337,Song-Kang-ho,01.jpg,Real,Yes,Yes,Yes,Yes,,,Yes,2026-08-07T15:17:33,2026-08-07T15:17:39
ID000337,Song-Kang-ho,02.jpg,Real,Yes,Yes,Yes,Yes,,,Yes,2026-08-07T15:17:39,2026-08-07T15:17:42
ID000337,Song-Kang-ho,01.jpg,Fake,No,,Yes,Yes,No,,No,2026-08-07T15:17:44,2026-08-07T15:17:49
ID000065,Charles-Chaplin,01.jpg,Real,Yes,Yes,Yes,Yes,,,Yes,2026-08-07T15:17:50,2026-08-07T15:17:57
ID000065,Charles-Chaplin,02.jpg,Real,Yes,Yes,Yes,Yes,,,Yes,2026-08-07T15:17:57,2026-08-07T15:18:00
ID000065,Charles-Chaplin,01.jpg,Fake,Yes,,Yes,Yes,Yes,,Yes,2026-08-07T15:18:01,2026-08-07T15:18:07
ID000065,Charles-Chaplin,02.jpg,Fake,Yes,,No,Yes,Yes,,No,2026-08-07T15:18:07,2026-08-07T15:18:10
ID000065,Charles-Chaplin,03.jpg,Fake,Yes,,Yes,Yes,No,,Yes,2026-08-07T15:18:11,2026-08-07T15:18:26
ID000081,Daniel-Radcliffe,01.jpg,Real,Yes,Yes,Yes,Yes,,,Yes,2026-08-07T15:18:27,2026-08-07T15:18:30
ID000081,Daniel-Radcliffe,02.jpg,Real,Yes,Yes,Yes,Yes,,,Yes,2026-08-07T15:18:30,2026-08-07T15:18:32
ID000081,Daniel-Radcliffe,01.jpg,Fake,Yes,,Yes,Yes,Yes,,No,2026-08-07T15:18:33,2026-08-07T15:18:39
ID000081,Daniel-Radcliffe,02.jpg,Fake,Yes,,Yes,Yes,Yes,,No,2026-08-07T15:18:39,2026-08-07T15:18:42
ID000081,Daniel-Radcliffe,03.jpg,Fake,Yes,,Yes,Yes,Yes,,Yes,2026-08-07T15:18:43,2026-08-07T15:18:46
ID000081,Daniel-Radcliffe,04.jpg,Fake,Yes,,Yes,Yes,Yes,,No,2026-08-07T15:18:46,2026-08-07T15:18:50
ID000081,Daniel-Radcliffe,05.jpg,Fake,Yes,,Yes,Yes,Yes,,No,2026-08-07T15:18:50,2026-08-07T15:18:55
ID000081,Daniel-Radcliffe,06.jpg,Fake,Yes,,Yes,Yes,Yes,,No,2026-08-07T15:18:55,2026-08-07T15:19:06
ID000040,Ben-Affleck,01.jpg,Real,Yes,Yes,Yes,Yes,,,Yes,2026-08-07T15:19:11,2026-08-07T15:19:33
ID000040,Ben-Affleck,01.jpg,Fake,Yes,,Yes,Yes,Yes,,No,2026-08-07T15:19:33,2026-08-07T15:19:37
ID000040,Ben-Affleck,02.jpg,Fake,Yes,,Yes,Yes,Yes,,No,2026-08-07T15:19:45,2026-08-07T15:19:46
ID000040,Ben-Affleck,03.jpg,Fake,No,,Yes,Yes,Yes,,No,2026-08-07T15:19:46,2026-08-07T15:20:08
ID000040,Ben-Affleck,04.jpg,Fake,Yes,,Yes,Yes,Yes,,Yes,2026-08-07T15:20:08,2026-08-07T15:20:15
ID000040,Ben-Affleck,05.jpg,Fake,Yes,,Yes,Yes,Yes,,Yes,2026-08-07T15:20:15,2026-08-07T15:20:26
ID000143,Humphrey-Bogart,01.jpg,Real,Yes,Yes,Yes,Yes,,,Yes,2026-08-07T15:20:38,2026-08-07T15:20:49
ID000143,Humphrey-Bogart,02.jpg,Real,Yes,Yes,Yes,Yes,,,Yes,2026-08-07T15:20:49,2026-08-07T15:20:51
ID000143,Humphrey-Bogart,03.jpg,Real,Yes,Yes,Yes,Yes,,,Yes,2026-08-07T15:20:51,2026-08-07T15:21:02
ID000143,Humphrey-Bogart,01.jpg,Fake,Yes,,Yes,Yes,Yes,,Yes,2026-08-07T15:21:04,2026-08-07T15:21:08
ID000143,Humphrey-Bogart,02.jpg,Fake,Yes,,Yes,Yes,Yes,,Yes,2026-08-07T15:21:08,2026-08-07T15:21:11
ID000208,Kenan-Yildiz,01.jpg,Real,Yes,Yes,Yes,Yes,,,Yes,2026-08-07T15:21:12,2026-08-07T15:21:32
ID000208,Kenan-Yildiz,01.jpg,Fake,Yes,,Yes,Yes,Yes,Face looks deepfake,Yes,2026-08-07T15:21:35,2026-08-07T15:22:00
ID000208,Kenan-Yildiz,02.jpg,Fake,Yes,,Yes,Yes,Yes,,No,2026-08-07T15:22:00,2026-08-07T15:22:03
ID000042,Ben-Kingsley,01.jpg,Real,Yes,Yes,Yes,Yes,,,Yes,2026-08-07T15:22:07,2026-08-07T15:22:10
ID000042,Ben-Kingsley,02.jpg,Real,Yes,Yes,Yes,Yes,,,No,2026-08-07T15:22:18,2026-08-07T15:22:20
ID000042,Ben-Kingsley,01.jpg,Fake,Yes,,Yes,Yes,Yes,,Yes,2026-08-07T15:22:20,2026-08-07T15:22:25
ID000042,Ben-Kingsley,02.jpg,Fake,No,,Yes,Yes,Yes,,No,2026-08-07T15:22:25,2026-08-07T15:22:28
ID000220,Lady-gagga,01.jpg,Real,Yes,Yes,Yes,Yes,,,Yes,2026-08-07T15:22:31,2026-08-07T15:22:36
ID000220,Lady-gagga,02.jpg,Real,Yes,Yes,Yes,Yes,,,Yes,2026-08-07T15:22:36,2026-08-07T15:22:38
ID000220,Lady-gagga,01.png,Fake,Yes,,Yes,Yes,No,,No,2026-08-07T15:22:40,2026-08-07T15:22:49
ID000220,Lady-gagga,02.jpg,Fake,Yes,,Yes,Yes,Yes,,No,2026-08-07T15:22:49,2026-08-07T15:22:54
ID000220,Lady-gagga,03.jpg,Fake,Yes,,Yes,Yes,Yes,,No,2026-08-07T15:22:54,2026-08-07T15:22:57
ID000220,Lady-gagga,48.png,Fake,Yes,,Yes,Yes,No,,Yes,2026-08-07T15:22:57,2026-08-07T15:23:01
ID000227,Liam-Hemsworth,01.jpg,Real,Yes,Yes,Yes,Yes,,,Yes,2026-08-07T15:23:05,2026-08-07T15:23:10
ID000227,Liam-Hemsworth,02.jpg,Real,Yes,Yes,Yes,Yes,,,Yes,2026-08-07T15:23:10,2026-08-07T15:23:12
ID000227,Liam-Hemsworth,01.jpg,Fake,Yes,,Yes,Yes,Yes,,No,2026-08-07T15:23:13,2026-08-07T15:23:19
ID000227,Liam-Hemsworth,02.jpg,Fake,Yes,,Yes,Yes,Yes,,No,2026-08-07T15:23:19,2026-08-07T15:23:21
ID000227,Liam-Hemsworth,03.png,Fake,Yes,,Yes,Yes,Yes,,No,2026-08-07T15:23:22,2026-08-07T15:23:27
ID000227,Liam-Hemsworth,04.png,Fake,Yes,,Yes,Yes,Yes,,Yes,2026-08-07T15:23:27,2026-08-07T15:23:30
ID000227,Liam-Hemsworth,05.jpg,Fake,Yes,,No,Yes,Yes,,No,2026-08-07T15:23:30,2026-08-07T15:23:37
ID000257,Michael-J-Fox,01.jpg,Real,Yes,Yes,Yes,Yes,,,Yes,2026-08-07T15:23:43,2026-08-07T15:23:50
ID000257,Michael-J-Fox,02.jpg,Real,Yes,Yes,Yes,Yes,,,Yes,2026-08-07T15:23:50,2026-08-07T15:23:53
ID000257,Michael-J-Fox,03.jpg,Real,Yes,Yes,Yes,Yes,,,Yes,2026-08-07T15:23:53,2026-08-07T15:23:57
ID000257,Michael-J-Fox,01.jpg,Fake,Yes,,Yes,Yes,Yes,,Yes,2026-08-07T15:24:12,2026-08-07T15:24:15
ID000257,Michael-J-Fox,02.jpg,Fake,No,,Yes,Yes,Yes,,No,2026-08-07T15:24:15,2026-08-07T15:24:21
ID000257,Michael-J-Fox,03.jpg,Fake,No,,Yes,Yes,Yes,,No,2026-08-07T15:24:21,2026-08-07T15:24:30
ID000257,Michael-J-Fox,04.jpg,Fake,No,,Yes,Yes,Yes,,No,2026-08-07T15:24:30,2026-08-07T15:24:35
ID000171,Jennifer-Connelly,01.png,Real,Yes,Yes,Yes,Yes,,,Yes,2026-08-07T15:24:36,2026-08-07T15:24:40
ID000171,Jennifer-Connelly,02.jpg,Real,Yes,Yes,Yes,Yes,,,Yes,2026-08-07T15:24:40,2026-08-07T15:24:42
ID000171,Jennifer-Connelly,01.jpg,Fake,Yes,,Yes,Yes,Yes,,No,2026-08-07T15:24:43,2026-08-07T15:24:46
ID000171,Jennifer-Connelly,02.jpg,Fake,Yes,,Yes,Yes,No,,Yes,2026-08-07T15:24:46,2026-08-07T15:25:01
ID000171,Jennifer-Connelly,03.jpg,Fake,No,,Yes,Yes,No,,No,2026-08-07T15:25:01,2026-08-07T15:25:05
ID000171,Jennifer-Connelly,04.jpg,Fake,Yes,,Yes,Yes,Yes,,No,2026-08-07T15:25:06,2026-08-07T15:25:10
ID000261,Michele-Morrone,01.jpg,Real,Yes,Yes,Yes,Yes,,,Yes,2026-08-07T15:25:13,2026-08-07T15:25:17
ID000261,Michele-Morrone,02.jpg,Real,Yes,Yes,Yes,Yes,,,Yes,2026-08-07T15:25:17,2026-08-07T15:25:21
ID000261,Michele-Morrone,03.jpg,Real,Yes,Yes,Yes,Yes,,,Yes,2026-08-07T15:25:21,2026-08-07T15:25:24
ID000261,Michele-Morrone,01.jpg,Fake,Yes,,Yes,Yes,Yes,,No,2026-08-07T15:25:25,2026-08-07T15:25:32
ID000261,Michele-Morrone,02.jpg,Fake,Yes,,Yes,Yes,Yes,,No,2026-08-07T15:25:32,2026-08-07T15:25:37
ID000261,Michele-Morrone,03.jpg,Fake,Yes,,Yes,Yes,Yes,,No,2026-08-07T15:25:37,2026-08-07T15:25:40
ID000261,Michele-Morrone,04.jpg,Fake,Yes,,Yes,Yes,Yes,,Yes,2026-08-07T15:25:40,2026-08-07T15:25:43
ID000207,Keira-Knightley,01.jpg,Real,Yes,Yes,Yes,Yes,,,Yes,2026-08-07T15:25:47,2026-08-07T15:25:51
ID000207,Keira-Knightley,02.jpg,Real,Yes,Yes,Yes,Yes,,,Yes,2026-08-07T15:25:51,2026-08-07T15:25:54
ID000207,Keira-Knightley,03.png,Real,Yes,Yes,Yes,Yes,,,Yes,2026-08-07T15:25:54,2026-08-07T15:25:57
ID000207,Keira-Knightley,01.jpg,Fake,Yes,,Yes,Yes,Yes,,No,2026-08-07T15:25:58,2026-08-07T15:26:00
ID000207,Keira-Knightley,02.jpg,Fake,Yes,,Yes,Yes,Yes,,No,2026-08-07T15:26:00,2026-08-07T15:26:03
ID000207,Keira-Knightley,03.jpg,Fake,Yes,,Yes,Yes,Yes,,Yes,2026-08-07T15:26:03,2026-08-07T15:26:07
ID000207,Keira-Knightley,04.jpg,Fake,No,,Yes,Yes,Yes,,No,2026-08-07T15:26:07,2026-08-07T15:26:12
ID000207,Keira-Knightley,05.jpg,Fake,Yes,,Yes,Yes,Yes,,No,2026-08-07T15:26:12,2026-08-07T15:26:17
ID000207,Keira-Knightley,06.jpg,Fake,Yes,,Yes,Yes,Yes,,No,2026-08-07T15:26:18,2026-08-07T15:26:23
ID000067,Charlton-Heston,01.jpg,Real,Yes,Yes,Yes,Yes,,,Yes,2026-08-07T15:26:28,2026-08-07T15:26:36
ID000067,Charlton-Heston,02.jpg,Real,Yes,Yes,Yes,Yes,,,Yes,2026-08-07T15:26:36,2026-08-07T15:26:38
ID000067,Charlton-Heston,01.jpg,Fake,Yes,,Yes,Yes,Yes,,No,2026-08-07T15:26:39,2026-08-07T15:26:42
ID000067,Charlton-Heston,02.jpg,Fake,Yes,,Yes,Yes,Yes,,No,2026-08-07T15:26:42,2026-08-07T15:26:44
ID000067,Charlton-Heston,03.jpg,Fake,Yes,,Yes,Yes,Yes,,No,2026-08-07T15:26:44,2026-08-07T15:26:48
ID000067,Charlton-Heston,04.jpg,Fake,Yes,,Yes,Yes,Yes,,No,2026-08-07T15:26:48,2026-08-07T15:26:51
ID000067,Charlton-Heston,05.jpg,Fake,Yes,,Yes,Yes,Yes,,No,2026-08-07T15:26:51,2026-08-07T15:26:56
ID000067,Charlton-Heston,06.png,Fake,Yes,,Yes,Yes,No,,No,2026-08-07T15:26:56,2026-08-07T15:27:03
ID000067,Charlton-Heston,07.png,Fake,Yes,,Yes,Yes,No,,Yes,2026-08-07T15:27:03,2026-08-07T15:27:09
ID000067,Charlton-Heston,08.png,Fake,No,,Yes,Yes,No,,No,2026-08-07T15:27:09,2026-08-07T15:27:15
ID000228,Lindsay-Lohan,01.jpg,Real,Yes,Yes,Yes,Yes,,,Yes,2026-08-07T15:27:24,2026-08-07T15:27:29
ID000228,Lindsay-Lohan,02.jpg,Real,Yes,Yes,Yes,Yes,,,Yes,2026-08-07T15:27:30,2026-08-07T15:27:33
ID000228,Lindsay-Lohan,01.jpg,Fake,Yes,,Yes,Yes,Yes,,Yes,2026-08-07T15:27:37,2026-08-07T15:27:40
ID000228,Lindsay-Lohan,04.jpg,Fake,No,,Yes,Yes,Yes,,No,2026-08-07T15:27:40,2026-08-07T15:27:45
ID000228,Lindsay-Lohan,05.jpg,Fake,No,,Yes,Yes,Yes,,No,2026-08-07T15:27:45,2026-08-07T15:27:51
ID000342,Suryakumar-Yadav,01.jpg,Real,Yes,Yes,Yes,Yes,,,Yes,2026-08-07T15:27:52,2026-08-07T15:27:55
ID000342,Suryakumar-Yadav,01.jpg,Fake,No,,Yes,Yes,Yes,,No,2026-08-07T15:27:56,2026-08-07T15:28:02
ID000342,Suryakumar-Yadav,1.jpg,Fake,Yes,,No,Yes,Yes,,No,2026-08-07T15:28:02,2026-08-07T15:28:14
ID000342,Suryakumar-Yadav,2.jpg,Fake,Yes,,Yes,Yes,No,,Yes,2026-08-07T15:28:14,2026-08-07T15:28:24
ID000216,Kirsten-Dunst,01.jpg,Real,Yes,Yes,Yes,Yes,,,Yes,2026-08-07T15:28:25,2026-08-07T15:28:29
ID000216,Kirsten-Dunst,01.jpg,Fake,Yes,,Yes,Yes,Yes,,Yes,2026-08-07T15:28:30,2026-08-07T15:28:34
ID000216,Kirsten-Dunst,02.jpg,Fake,No,,Yes,Yes,Yes,,No,2026-08-07T15:28:34,2026-08-07T15:28:38
ID000216,Kirsten-Dunst,03.jpg,Fake,No,,Yes,Yes,Yes,,No,2026-08-07T15:28:39,2026-08-07T15:28:42
ID000239,Margot-Robie,01.jpg,Real,Yes,Yes,Yes,Yes,,,Yes,2026-08-07T15:28:43,2026-08-07T15:28:48
ID000239,Margot-Robie,02.jpg,Real,Yes,Yes,Yes,Yes,,,Yes,2026-08-07T15:28:49,2026-08-07T15:28:51
ID000239,Margot-Robie,01.jpg,Fake,Yes,,Yes,Yes,Yes,,No,2026-08-07T15:28:52,2026-08-07T15:29:04
ID000239,Margot-Robie,02.jpg,Fake,Yes,,Yes,Yes,Yes,,No,2026-08-07T15:29:04,2026-08-07T15:29:07
ID000239,Margot-Robie,03.jpg,Fake,Yes,,Yes,Yes,Yes,,No,2026-08-07T15:29:07,2026-08-07T15:29:10
ID000239,Margot-Robie,04.png,Fake,Yes,,Yes,Yes,No,,Yes,2026-08-07T15:29:10,2026-08-07T15:29:14
ID000239,Margot-Robie,05.jpg,Fake,Yes,,Yes,Yes,Yes,,No,2026-08-07T15:29:14,2026-08-07T15:29:19
ID000239,Margot-Robie,06.png,Fake,Yes,,Yes,Yes,No,,Yes,2026-08-07T15:29:19,2026-08-07T15:29:22
ID000244,Mark-Wahlberg,01.jpg,Real,Yes,Yes,Yes,Yes,,,Yes,2026-08-07T15:29:27,2026-08-07T15:29:30
ID000094,Dylan-Dreyer,01.jpg,Real,Yes,Yes,Yes,Yes,,,Yes,2026-08-07T15:29:40,2026-08-07T15:29:43
ID000094,Dylan-Dreyer,01.jpg,Fake,Yes,,Yes,No,No,,No,2026-08-07T15:29:44,2026-08-07T15:29:54
ID000094,Dylan-Dreyer,images (1).jpg,Fake,Yes,,Yes,Yes,Yes,,Yes,2026-08-07T15:29:54,2026-08-07T15:29:59
ID000094,Dylan-Dreyer,images.jpg,Fake,Yes,,Yes,Yes,Yes,,Yes,2026-08-07T15:29:59,2026-08-07T15:30:02
ID000288,Patricia-Arquette,01.jpg,Real,Yes,Yes,Yes,Yes,,,Yes,2026-08-07T15:30:06,2026-08-07T15:30:19
ID000288,Patricia-Arquette,02.jpg,Real,Yes,Yes,Yes,Yes,,,Yes,2026-08-07T15:30:19,2026-08-07T15:30:23
ID000288,Patricia-Arquette,03.jpg,Real,Yes,Yes,Yes,Yes,,,Yes,2026-08-07T15:30:23,2026-08-07T15:30:26
ID000288,Patricia-Arquette,01.jpg,Fake,Yes,,Yes,Yes,Yes,,Yes,2026-08-07T15:30:27,2026-08-07T15:30:35
ID000288,Patricia-Arquette,02.jpg,Fake,Yes,,Yes,Yes,Yes,,No,2026-08-07T15:30:35,2026-08-07T15:30:38
ID000288,Patricia-Arquette,03.jpg,Fake,No,,Yes,Yes,Yes,,No,2026-08-07T15:30:38,2026-08-07T15:30:50
ID000288,Patricia-Arquette,04.jpg,Fake,Yes,,Yes,Yes,Yes,,No,2026-08-07T15:30:50,2026-08-07T15:30:57
ID000110,Eva-Mendes,01.jpg,Real,Yes,Yes,Yes,Yes,,,Yes,2026-08-07T15:31:03,2026-08-07T15:31:06
ID000110,Eva-Mendes,02.jpg,Real,Yes,Yes,Yes,Yes,,,Yes,2026-08-07T15:31:06,2026-08-07T15:31:08
ID000110,Eva-Mendes,01.jpg,Fake,Yes,,Yes,Yes,Yes,,Yes,2026-08-07T15:31:09,2026-08-07T15:31:19
ID000110,Eva-Mendes,02.jpg,Fake,Yes,,Yes,Yes,No,,Yes,2026-08-07T15:31:19,2026-08-07T15:31:25
ID000110,Eva-Mendes,03.jpg,Fake,Yes,,Yes,Yes,No,,Yes,2026-08-07T15:31:25,2026-08-07T15:31:32
ID000136,Harry-Kane,01.jpg,Real,Yes,Yes,Yes,Yes,,,Yes,2026-08-07T15:31:38,2026-08-07T15:31:41
ID000136,Harry-Kane,01.jpg,Fake,Yes,,Yes,Yes,Yes,,No,2026-08-07T15:31:42,2026-08-07T15:31:46
ID000136,Harry-Kane,03.png,Fake,Yes,,Yes,Yes,Yes,,Yes,2026-08-07T15:31:46,2026-08-07T15:31:48
ID000136,Harry-Kane,04.png,Fake,Yes,,No,Yes,No,,No,2026-08-07T15:31:48,2026-08-07T15:32:01
ID000168,Jenna-Ortega,01.jpg,Real,Yes,Yes,Yes,Yes,,,Yes,2026-08-07T15:32:03,2026-08-07T15:32:07
ID000168,Jenna-Ortega,02.jpg,Real,Yes,Yes,Yes,Yes,,,Yes,2026-08-07T15:32:07,2026-08-07T15:32:09
ID000168,Jenna-Ortega,03.jpg,Real,Yes,Yes,Yes,Yes,,,Yes,2026-08-07T15:32:09,2026-08-07T15:32:14
ID000168,Jenna-Ortega,01.jpg,Fake,Yes,,Yes,Yes,Yes,,No,2026-08-07T15:32:15,2026-08-07T15:32:24
ID000168,Jenna-Ortega,02.jpg,Fake,No,,Yes,Yes,No,,No,2026-08-07T15:32:24,2026-08-07T15:32:36
ID000168,Jenna-Ortega,03.jpg,Fake,Yes,,Yes,Yes,No,,Yes,2026-08-07T15:32:36,2026-08-07T15:32:42
ID000168,Jenna-Ortega,04.jpg,Fake,Yes,,Yes,Yes,No,,Yes,2026-08-07T15:32:42,2026-08-07T15:32:46
ID000168,Jenna-Ortega,05.jpg,Fake,Yes,,Yes,Yes,No,,Yes,2026-08-07T15:32:46,2026-08-07T15:32:50
ID000222,Lamine-yaml,01.jpg,Real,Yes,Yes,Yes,Yes,,,Yes,2026-08-07T15:32:55,2026-08-07T15:32:58
ID000222,Lamine-yaml,5.jpg,Fake,Yes,,Yes,Yes,Yes,,Yes,2026-08-07T15:32:59,2026-08-07T15:33:03
ID000026,Anthony-Edwards,01.png,Real,Yes,Yes,Yes,Yes,,,Yes,2026-08-07T15:33:04,2026-08-07T15:33:10
ID000026,Anthony-Edwards,02.jpg,Real,Yes,Yes,Yes,Yes,,,Yes,2026-08-07T15:33:10,2026-08-07T15:33:12
ID000026,Anthony-Edwards,01.jpg,Fake,No,,Yes,Yes,Yes,,No,2026-08-07T15:33:13,2026-08-07T15:33:22
ID000026,Anthony-Edwards,02.jpg,Fake,No,,Yes,Yes,No,,No,2026-08-07T15:33:22,2026-08-07T15:33:29
ID000124,Glenn-Close,01.jpg,Real,Yes,Yes,Yes,Yes,,,Yes,2026-08-07T15:33:30,2026-08-07T15:33:34
ID000124,Glenn-Close,02.jpg,Real,Yes,Yes,Yes,Yes,,,Yes,2026-08-07T15:33:34,2026-08-07T15:33:37
ID000124,Glenn-Close,03.jpg,Real,Yes,Yes,Yes,Yes,,,Yes,2026-08-07T15:33:37,2026-08-07T15:33:41
ID000124,Glenn-Close,01.jpg,Fake,Yes,,Yes,Yes,Yes,,No,2026-08-07T15:33:56,2026-08-07T15:33:56
ID000124,Glenn-Close,02.jpg,Fake,Yes,,Yes,Yes,Yes,,No,2026-08-07T15:34:01,2026-08-07T15:34:01
ID000124,Glenn-Close,03.jpg,Fake,Yes,,Yes,Yes,Yes,,Yes,2026-08-07T15:34:02,2026-08-07T15:34:04
ID000124,Glenn-Close,04.jpg,Fake,No,,Yes,Yes,Yes,,No,2026-08-07T15:34:04,2026-08-07T15:34:12
ID000124,Glenn-Close,05.png,Fake,No,,Yes,Yes,Yes,,No,2026-08-07T15:34:12,2026-08-07T15:34:18
ID000275,Nasser-Al-Huqbani,01.jpg,Real,Yes,Yes,Yes,Yes,,,Yes,2026-08-07T15:34:26,2026-08-07T15:34:30
ID000275,Nasser-Al-Huqbani,02.jpg,Real,Yes,Yes,Yes,Yes,,,Yes,2026-08-07T15:34:30,2026-08-07T15:34:34
ID000275,Nasser-Al-Huqbani,03.jpg,Real,Yes,Yes,Yes,Yes,,,Yes,2026-08-07T15:34:34,2026-08-07T15:34:36
ID000275,Nasser-Al-Huqbani,01.jpg,Fake,No,,Yes,Yes,No,,No,2026-08-07T15:34:37,2026-08-07T15:34:44
ID000275,Nasser-Al-Huqbani,02.jpg,Fake,Yes,,Yes,Yes,No,,Yes,2026-08-07T15:34:44,2026-08-07T15:35:02
ID000215,Kim-Jong-Un,01.jpg,Real,Yes,Yes,Yes,Yes,,,Yes,2026-08-07T15:35:03,2026-08-07T15:35:06
ID000215,Kim-Jong-Un,02.jpg,Real,Yes,Yes,Yes,Yes,,,Yes,2026-08-07T15:35:06,2026-08-07T15:35:09
ID000215,Kim-Jong-Un,03.jpg,Real,Yes,Yes,Yes,Yes,,,Yes,2026-08-07T15:35:09,2026-08-07T15:35:12
ID000215,Kim-Jong-Un,01.jpg,Fake,Yes,,Yes,Yes,Yes,,No,2026-08-07T15:35:14,2026-08-07T15:35:16
ID000215,Kim-Jong-Un,02.png,Fake,Yes,,Yes,Yes,Yes,,No,2026-08-07T15:35:16,2026-08-07T15:35:19
ID000215,Kim-Jong-Un,03.png,Fake,Yes,,Yes,Yes,No,,Yes,2026-08-07T15:35:19,2026-08-07T15:35:23
ID000215,Kim-Jong-Un,04.jpg,Fake,Yes,,Yes,Yes,Yes,,No,2026-08-07T15:35:23,2026-08-07T15:35:26
ID000044,Benicio-del-Toro,01.jpg,Real,Yes,Yes,Yes,Yes,,,Yes,2026-08-07T15:35:28,2026-08-07T15:35:32
ID000044,Benicio-del-Toro,02.jpg,Real,Yes,Yes,Yes,Yes,,,Yes,2026-08-07T15:35:32,2026-08-07T15:35:35
ID000044,Benicio-del-Toro,03.jpg,Real,Yes,Yes,Yes,Yes,,,Yes,2026-08-07T15:35:35,2026-08-07T15:35:38
ID000044,Benicio-del-Toro,02.jpg,Fake,Yes,,Yes,Yes,Yes,,Yes,2026-08-07T15:35:39,2026-08-07T15:35:42
ID000044,Benicio-del-Toro,03.jpg,Fake,Yes,,Yes,Yes,Yes,,Yes,2026-08-07T15:35:42,2026-08-07T15:35:47
ID000044,Benicio-del-Toro,04.jpg,Fake,No,,Yes,Yes,Yes,,No,2026-08-07T15:35:47,2026-08-07T15:35:51
ID000246,Marlon-Brando,01.jpg,Real,Yes,Yes,Yes,Yes,,,Yes,2026-08-07T15:35:53,2026-08-07T15:36:07
ID000246,Marlon-Brando,02.jpg,Real,Yes,Yes,Yes,Yes,,,Yes,2026-08-07T15:36:07,2026-08-07T15:36:11
ID000246,Marlon-Brando,01.jpg,Fake,Yes,,Yes,Yes,Yes,,No,2026-08-07T15:36:12,2026-08-07T15:36:16
ID000246,Marlon-Brando,02.jpg,Fake,Yes,,Yes,Yes,Yes,,No,2026-08-07T15:36:16,2026-08-07T15:36:19
ID000246,Marlon-Brando,03.jpg,Fake,Yes,,Yes,No,Yes,,No,2026-08-07T15:36:19,2026-08-07T15:36:30
ID000246,Marlon-Brando,04.jpg,Fake,No,,Yes,No,Yes,,No,2026-08-07T15:36:30,2026-08-07T15:36:39
ID000246,Marlon-Brando,05.jpg,Fake,No,,No,No,Yes,,No,2026-08-07T15:36:39,2026-08-07T15:36:52
ID000246,Marlon-Brando,06.jpg,Fake,Yes,,Yes,Yes,No,,Yes,2026-08-07T15:36:53,2026-08-07T15:36:56
ID000246,Marlon-Brando,07.png,Fake,No,,Yes,Yes,Yes,,No,2026-08-07T15:36:56,2026-08-07T15:37:06
ID000368,William,01.jpg,Real,Yes,Yes,Yes,Yes,,,Yes,2026-08-07T15:37:10,2026-08-07T15:37:27
ID000368,William,02.jpg,Real,Yes,Yes,Yes,Yes,,,Yes,2026-08-07T15:37:27,2026-08-07T15:37:30
ID000368,William,02.jpg,Fake,Yes,,Yes,Yes,Yes,,Yes,2026-08-07T15:37:31,2026-08-07T15:37:35
ID000368,William,1.jpg,Fake,No,,Yes,Yes,Yes,,No,2026-08-07T15:37:35,2026-08-07T15:37:40
ID000398,úrsula-corberó,01.jpg,Real,Yes,Yes,Yes,Yes,,,Yes,2026-08-07T15:37:41,2026-08-07T15:37:48
ID000398,úrsula-corberó,01.jpg,Fake,No,,Yes,Yes,Yes,,No,2026-08-07T15:37:49,2026-08-07T15:38:11
ID000398,úrsula-corberó,02.jpg,Fake,No,,Yes,Yes,No,,No,2026-08-07T15:38:11,2026-08-07T15:38:24
ID000398,úrsula-corberó,03.jpg,Fake,Yes,,Yes,No,No,,No,2026-08-07T15:38:24,2026-08-07T15:38:33
ID000398,úrsula-corberó,Úrsula Corberó money heist.png,Fake,Yes,,Yes,Yes,No,,Yes,2026-08-07T15:38:33,2026-08-07T15:38:43
ID000187,John-Wayne,01.jpg,Real,Yes,Yes,Yes,Yes,,,Yes,2026-08-07T15:38:44,2026-08-07T15:42:45
ID000187,John-Wayne,02.jpg,Real,Yes,Yes,Yes,Yes,,,Yes,2026-08-07T15:42:45,2026-08-07T15:42:48
ID000187,John-Wayne,03.jpg,Real,Yes,Yes,Yes,Yes,,,Yes,2026-08-07T15:42:48,2026-08-07T15:42:57
ID000187,John-Wayne,01.jpg,Fake,Yes,,Yes,Yes,Yes,,Yes,2026-08-07T15:42:59,2026-08-07T15:43:02
ID000187,John-Wayne,02.jpg,Fake,No,,Yes,No,Yes,,No,2026-08-07T15:43:17,2026-08-07T15:43:17
ID000187,John-Wayne,03.jpg,Fake,No,,Yes,No,Yes,,No,2026-08-07T15:43:18,2026-08-07T15:43:22
ID000187,John-Wayne,04.jpg,Fake,Yes,,Yes,Yes,Yes,,Yes,2026-08-07T15:43:22,2026-08-07T15:43:26
ID000302,Rihanna,01.png,Real,Yes,Yes,Yes,Yes,,,Yes,2026-08-07T15:43:28,2026-08-07T15:43:32
ID000302,Rihanna,02.jpg,Real,Yes,Yes,Yes,Yes,,,Yes,2026-08-07T15:43:32,2026-08-07T15:43:34
ID000302,Rihanna,01.jpg,Fake,No,,Yes,Yes,Yes,,No,2026-08-07T15:43:35,2026-08-07T15:43:48
ID000302,Rihanna,02.jpg,Fake,Yes,,Yes,Yes,Yes,,No,2026-08-07T15:43:48,2026-08-07T15:43:51
ID000302,Rihanna,03.jpg,Fake,Yes,,Yes,Yes,Yes,,No,2026-08-07T15:44:02,2026-08-07T15:44:03
ID000302,Rihanna,1.jpg,Fake,Yes,,Yes,Yes,No,,Yes,2026-08-07T15:44:03,2026-08-07T15:44:04
ID000073,Christian-Clavier,01.jpg,Real,Yes,Yes,Yes,Yes,,,Yes,2026-08-07T15:44:09,2026-08-07T15:44:13
ID000073,Christian-Clavier,02.jpg,Real,Yes,Yes,Yes,Yes,,,Yes,2026-08-07T15:44:13,2026-08-07T15:44:16
ID000073,Christian-Clavier,01.jpg,Fake,Yes,,Yes,Yes,Yes,,Yes,2026-08-07T15:44:17,2026-08-07T15:44:26
ID000122,Gerard-Butler,01.jpg,Real,Yes,Yes,Yes,Yes,,,Yes,2026-08-07T15:44:27,2026-08-07T15:44:32
ID000122,Gerard-Butler,02.jpg,Real,Yes,Yes,Yes,Yes,,,Yes,2026-08-07T15:44:32,2026-08-07T15:44:35
ID000122,Gerard-Butler,01.jpg,Fake,Yes,,Yes,Yes,Yes,,Yes,2026-08-07T15:44:36,2026-08-07T15:44:39
ID000122,Gerard-Butler,02.jpg,Fake,Yes,,Yes,Yes,Yes,,No,2026-08-07T15:44:39,2026-08-07T15:44:41
ID000122,Gerard-Butler,05.jpg,Fake,No,,Yes,Yes,Yes,,No,2026-08-07T15:44:42,2026-08-07T15:45:01
ID000122,Gerard-Butler,06.jpg,Fake,No,,Yes,Yes,Yes,,No,2026-08-07T15:45:01,2026-08-07T15:45:08
ID000122,Gerard-Butler,07.jpg,Fake,No,,Yes,Yes,Yes,,No,2026-08-07T15:45:08,2026-08-07T15:45:13
ID000122,Gerard-Butler,08.jpg,Fake,No,,Yes,Yes,Yes,,No,2026-08-07T15:45:13,2026-08-07T15:45:15
ID000267,Mohamed-Salah,01.jpg,Real,Yes,Yes,Yes,Yes,,,Yes,2026-08-07T15:45:22,2026-08-07T15:46:15
ID000267,Mohamed-Salah,02.jpg,Real,Yes,Yes,Yes,Yes,,,Yes,2026-08-07T15:46:16,2026-08-07T15:46:18
ID000267,Mohamed-Salah,01.png,Fake,No,,Yes,Yes,Yes,,No,2026-08-07T15:46:19,2026-08-07T15:46:27
ID000267,Mohamed-Salah,02.png,Fake,Yes,,Yes,No,Yes,,No,2026-08-07T15:46:27,2026-08-07T15:46:36
ID000201,Kate-Beckinsale,01.jpg,Real,Yes,Yes,Yes,Yes,,,Yes,2026-08-07T15:46:37,2026-08-07T15:46:43
ID000201,Kate-Beckinsale,02.jpg,Real,Yes,Yes,Yes,Yes,,,Yes,2026-08-07T15:46:43,2026-08-07T15:46:45
ID000201,Kate-Beckinsale,01.jpg,Fake,Yes,,Yes,Yes,Yes,,No,2026-08-07T15:46:46,2026-08-07T15:46:50
ID000201,Kate-Beckinsale,02.jpg,Fake,No,,Yes,No,Yes,,No,2026-08-07T15:46:50,2026-08-07T15:46:56
ID000201,Kate-Beckinsale,03.jpg,Fake,Yes,,Yes,Yes,Yes,,Yes,2026-08-07T15:46:56,2026-08-07T15:47:03
ID000201,Kate-Beckinsale,04.jpg,Fake,No,,Yes,Yes,No,,No,2026-08-07T15:47:03,2026-08-07T15:47:12
ID000361,Victor-Osimhen,01.jpg,Real,Yes,Yes,Yes,Yes,,,Yes,2026-08-07T15:47:16,2026-08-07T15:47:20
ID000361,Victor-Osimhen,02.jpg,Real,Yes,Yes,No,Yes,,,No,2026-08-07T15:47:20,2026-08-07T15:47:31
ID000361,Victor-Osimhen,01.jpg,Fake,Yes,,No,Yes,No,,No,2026-08-07T15:47:32,2026-08-07T15:47:41
ID000361,Victor-Osimhen,02.png,Fake,Yes,,No,Yes,No,,No,2026-08-07T15:47:41,2026-08-07T15:47:52
ID000361,Victor-Osimhen,04.jpg,Fake,Yes,,Yes,Yes,No,,Yes,2026-08-07T15:47:52,2026-08-07T15:48:05
ID000361,Victor-Osimhen,05.jpg,Fake,Yes,,Yes,Yes,Yes,,No,2026-08-07T15:48:05,2026-08-07T15:48:23
ID000361,Victor-Osimhen,images.jpg,Fake,Yes,,Yes,Yes,No,,Yes,2026-08-07T15:48:23,2026-08-07T15:48:28
ID000361,Victor-Osimhen,photo-with-victor-osimhen-1-optimized.webp,Fake,Yes,,Yes,Yes,Yes,,No,2026-08-07T15:48:28,2026-08-07T15:48:31
ID000172,Jennifer-Garner,01.jpg,Real,Yes,Yes,Yes,Yes,,,Yes,2026-08-07T15:48:35,2026-08-07T15:48:39
ID000172,Jennifer-Garner,02.jpg,Real,Yes,Yes,Yes,Yes,,,Yes,2026-08-07T15:48:39,2026-08-07T15:48:42
ID000172,Jennifer-Garner,01.jpg,Fake,No,,Yes,Yes,Yes,,No,2026-08-07T15:48:43,2026-08-07T15:48:50
ID000172,Jennifer-Garner,02.jpg,Fake,No,,Yes,Yes,No,,No,2026-08-07T15:48:50,2026-08-07T15:48:58
ID000109,Eva-Green,01.jpg,Real,Yes,Yes,Yes,Yes,,,Yes,2026-08-07T15:48:58,2026-08-07T15:49:02
ID000109,Eva-Green,01.jpg,Fake,Yes,,Yes,Yes,Yes,,Yes,2026-08-07T15:49:03,2026-08-07T15:49:06
ID000109,Eva-Green,02.jpg,Fake,Yes,,Yes,Yes,Yes,,Yes,2026-08-07T15:49:06,2026-08-07T15:49:10
ID000397,Álvaro-Morte,01.jpg,Real,Yes,Yes,Yes,Yes,,,Yes,2026-08-07T15:49:11,2026-08-07T15:49:16
ID000397,Álvaro-Morte,02.jpg,Real,Yes,Yes,Yes,Yes,,,Yes,2026-08-07T15:49:16,2026-08-07T15:49:19
ID000397,Álvaro-Morte,03.jpg,Real,Yes,Yes,Yes,Yes,,,Yes,2026-08-07T15:49:19,2026-08-07T15:49:21
ID000397,Álvaro-Morte,01.png,Fake,Yes,,Yes,Yes,No,,Yes,2026-08-07T15:49:22,2026-08-07T15:49:28
ID000397,Álvaro-Morte,02.png,Fake,Yes,,Yes,Yes,No,,No,2026-08-07T15:49:28,2026-08-07T15:49:33
ID000221,Lamar-Jackson,01.png,Real,Yes,Yes,Yes,Yes,,,Yes,2026-08-07T15:49:35,2026-08-07T15:49:39
ID000221,Lamar-Jackson,01.jpg,Fake,No,,Yes,Yes,Yes,,No,2026-08-07T15:49:40,2026-08-07T15:49:43
ID000221,Lamar-Jackson,02.jpg,Fake,No,,Yes,Yes,No,,No,2026-08-07T15:49:43,2026-08-07T15:49:48
ID000363,Vladimir-Vladimirovich-Putin-i,01.jpg,Real,Yes,Yes,Yes,Yes,,,Yes,2026-08-07T15:49:48,2026-08-07T15:49:51
ID000363,Vladimir-Vladimirovich-Putin-i,02.jpg,Real,Yes,Yes,Yes,Yes,,,Yes,2026-08-07T15:49:51,2026-08-07T15:49:54
ID000363,Vladimir-Vladimirovich-Putin-i,01.jpg,Fake,Yes,,Yes,Yes,Yes,,No,2026-08-07T15:49:55,2026-08-07T15:50:00
ID000363,Vladimir-Vladimirovich-Putin-i,02.jpg,Fake,Yes,,Yes,No,No,,No,2026-08-07T15:50:00,2026-08-07T15:50:06
ID000363,Vladimir-Vladimirovich-Putin-i,03.jpg,Fake,Yes,,Yes,Yes,Yes,,No,2026-08-07T15:50:06,2026-08-07T15:50:10
ID000363,Vladimir-Vladimirovich-Putin-i,04.jpg,Fake,Yes,,Yes,Yes,No,,Yes,2026-08-07T15:50:14,2026-08-07T15:50:18
ID000363,Vladimir-Vladimirovich-Putin-i,05.png,Fake,Yes,,Yes,Yes,Yes,,No,2026-08-07T15:50:18,2026-08-07T15:50:23
ID000363,Vladimir-Vladimirovich-Putin-i,06.png,Fake,Yes,,Yes,Yes,No,,Yes,2026-08-07T15:50:23,2026-08-07T15:50:29
ID000363,Vladimir-Vladimirovich-Putin-i,07.webp,Fake,Yes,,Yes,Yes,Yes,,No,2026-08-07T15:50:29,2026-08-07T15:50:33
ID000312,Romain-Duris,01.jpg,Real,Yes,Yes,Yes,Yes,,,Yes,2026-08-07T15:50:37,2026-08-07T15:50:40
ID000312,Romain-Duris,02.jpg,Real,Yes,Yes,Yes,Yes,,,Yes,2026-08-07T15:50:40,2026-08-07T15:50:44
ID000312,Romain-Duris,01.jpg,Fake,No,,Yes,Yes,No,,No,2026-08-07T15:50:45,2026-08-07T15:50:50
ID000312,Romain-Duris,02.jpg,Fake,No,,No,No,Yes,,No,2026-08-07T15:50:51,2026-08-07T15:50:59
ID000031,Arnold-Schwarzenegger,01.jpg,Real,Yes,Yes,Yes,Yes,,,Yes,2026-08-07T15:51:00,2026-08-07T15:51:03
ID000031,Arnold-Schwarzenegger,01.jpg,Fake,Yes,,Yes,Yes,Yes,,No,2026-08-07T15:51:04,2026-08-07T15:51:09
ID000031,Arnold-Schwarzenegger,02.jpg,Fake,Yes,,Yes,Yes,Yes,,No,2026-08-07T15:51:09,2026-08-07T15:51:12
ID000031,Arnold-Schwarzenegger,03.jpg,Fake,Yes,,Yes,Yes,Yes,,Yes,2026-08-07T15:51:12,2026-08-07T15:51:15
ID000031,Arnold-Schwarzenegger,04.jpg,Fake,Yes,,Yes,Yes,Yes,,No,2026-08-07T15:51:15,2026-08-07T15:51:18
ID000031,Arnold-Schwarzenegger,05.png,Fake,No,,Yes,Yes,Yes,,No,2026-08-07T15:51:18,2026-08-07T15:51:23
ID000031,Arnold-Schwarzenegger,06.jpg,Fake,Yes,,Yes,Yes,Yes,,No,2026-08-07T15:51:23,2026-08-07T15:51:33
ID000138,Helen-Mirren,01.jpg,Real,Yes,Yes,Yes,Yes,,,Yes,2026-08-07T15:51:37,2026-08-07T15:51:52
ID000138,Helen-Mirren,02.jpg,Real,Yes,Yes,Yes,Yes,,,Yes,2026-08-07T15:51:52,2026-08-07T15:51:55
ID000138,Helen-Mirren,01.jpg,Fake,No,,Yes,Yes,Yes,,No,2026-08-07T15:51:56,2026-08-07T15:52:01
ID000138,Helen-Mirren,02.jpg,Fake,No,,Yes,Yes,Yes,,No,2026-08-07T15:52:01,2026-08-07T15:52:09
ID000138,Helen-Mirren,04.jpg,Fake,No,,Yes,Yes,Yes,,No,2026-08-07T15:52:09,2026-08-07T15:52:13
ID000138,Helen-Mirren,05.jpg,Fake,Yes,,Yes,Yes,Yes,,Yes,2026-08-07T15:52:13,2026-08-07T15:52:17
ID000153,Isabella-Gaze,01.webp,Real,Yes,Yes,Yes,Yes,,,Yes,2026-08-07T15:52:18,2026-08-07T15:52:21
ID000153,Isabella-Gaze,02.png,Real,Yes,Yes,Yes,Yes,,,Yes,2026-08-07T15:52:21,2026-08-07T15:52:24
ID000153,Isabella-Gaze,03.jpg,Real,Yes,Yes,Yes,Yes,,,Yes,2026-08-07T15:52:24,2026-08-07T15:52:28
ID000153,Isabella-Gaze,01.jpg,Fake,No,,Yes,Yes,Yes,,No,2026-08-07T15:52:29,2026-08-07T15:52:32
ID000153,Isabella-Gaze,02.jpg,Fake,No,,Yes,Yes,Yes,,No,2026-08-07T15:52:32,2026-08-07T15:52:36
ID000153,Isabella-Gaze,1.png,Fake,No,,Yes,Yes,Yes,,No,2026-08-07T15:52:42,2026-08-07T15:52:44
ID000293,Paul-Walker,01.jpg,Real,Yes,Yes,Yes,Yes,,,Yes,2026-08-07T15:52:44,2026-08-07T15:52:47
ID000293,Paul-Walker,02.jpg,Real,Yes,Yes,Yes,Yes,,,Yes,2026-08-07T15:52:47,2026-08-07T15:52:50
ID000293,Paul-Walker,03.jpg,Real,Yes,Yes,Yes,Yes,,,Yes,2026-08-07T15:52:50,2026-08-07T15:52:53
ID000293,Paul-Walker,01.jpg,Fake,Yes,,Yes,Yes,Yes,,Yes,2026-08-07T15:52:54,2026-08-07T15:52:58
ID000293,Paul-Walker,02.png,Fake,No,,Yes,Yes,Yes,,No,2026-08-07T15:52:58,2026-08-07T15:53:02
ID000293,Paul-Walker,03.jpg,Fake,Yes,,Yes,Yes,Yes,,Yes,2026-08-07T15:53:02,2026-08-07T15:53:05
ID000293,Paul-Walker,04.jpg,Fake,Yes,,Yes,Yes,Yes,,Yes,2026-08-07T15:53:05,2026-08-07T15:53:07
ID000286,Olga-Loiek,01.jpg,Real,Yes,Yes,Yes,Yes,,,Yes,2026-08-07T15:53:08,2026-08-07T15:53:14
ID000286,Olga-Loiek,02.png,Real,Yes,Yes,Yes,Yes,,,Yes,2026-08-07T15:53:14,2026-08-07T15:53:17
ID000286,Olga-Loiek,01.jpg,Fake,Yes,,Yes,Yes,Yes,,Yes,2026-08-07T15:53:18,2026-08-07T15:53:28
ID000286,Olga-Loiek,02.jpg,Fake,Yes,,Yes,Yes,Yes,,Yes,2026-08-07T15:53:28,2026-08-07T15:53:40
ID000286,Olga-Loiek,03.png,Fake,Yes,,Yes,Yes,Yes,,Yes,2026-08-07T15:53:40,2026-08-07T15:53:51
ID000137,Heath-Ledger,01.jpg,Real,Yes,Yes,Yes,Yes,,,Yes,2026-08-07T15:53:52,2026-08-07T15:53:55
ID000137,Heath-Ledger,02.jpg,Real,Yes,Yes,Yes,Yes,,,Yes,2026-08-07T15:53:55,2026-08-07T15:53:58
ID000137,Heath-Ledger,03.jpg,Real,Yes,Yes,Yes,Yes,,,Yes,2026-08-07T15:53:58,2026-08-07T15:54:01
ID000137,Heath-Ledger,01.jpg,Fake,Yes,,Yes,Yes,Yes,,No,2026-08-07T15:54:03,2026-08-07T15:54:07
ID000137,Heath-Ledger,02.jpg,Fake,Yes,,Yes,Yes,Yes,,No,2026-08-07T15:54:07,2026-08-07T15:54:11
ID000137,Heath-Ledger,03.jpg,Fake,Yes,,Yes,Yes,Yes,,No,2026-08-07T15:54:11,2026-08-07T15:54:13
ID000137,Heath-Ledger,04.jpg,Fake,Yes,,Yes,Yes,No,,Yes,2026-08-07T15:54:13,2026-08-07T15:54:20
ID000137,Heath-Ledger,05.jpg,Fake,Yes,,Yes,Yes,Yes,,No,2026-08-07T15:54:20,2026-08-07T15:54:23
ID000052,Brad-Pitt,01.jpg,Real,Yes,Yes,Yes,Yes,,,Yes,2026-08-07T15:54:26,2026-08-07T15:54:29
ID000052,Brad-Pitt,02.jpg,Real,Yes,Yes,Yes,Yes,,,Yes,2026-08-07T15:54:30,2026-08-07T15:54:32
ID000052,Brad-Pitt,03.jpg,Real,Yes,Yes,Yes,Yes,,,Yes,2026-08-07T15:54:33,2026-08-07T15:54:35
ID000052,Brad-Pitt,01.jpg,Fake,Yes,,Yes,Yes,Yes,,Yes,2026-08-07T15:54:36,2026-08-07T15:54:38
ID000052,Brad-Pitt,02.jpg,Fake,Yes,,Yes,Yes,Yes,,Yes,2026-08-07T15:54:38,2026-08-07T15:54:41
ID000052,Brad-Pitt,03.jpg,Fake,No,,Yes,Yes,No,,No,2026-08-07T15:54:41,2026-08-07T15:54:45
ID000052,Brad-Pitt,04.jpg,Fake,Yes,,Yes,No,Yes,,No,2026-08-07T15:54:45,2026-08-07T15:54:51
ID000127,Gregory-Peck,01.jpg,Real,Yes,Yes,Yes,Yes,,,Yes,2026-08-07T15:54:56,2026-08-07T15:55:01
ID000127,Gregory-Peck,01.jpg,Fake,Yes,,Yes,Yes,Yes,,Yes,2026-08-07T15:55:02,2026-08-07T15:55:11
ID000127,Gregory-Peck,02.png,Fake,No,,Yes,Yes,Yes,,No,2026-08-07T15:55:23,2026-08-07T15:55:27
ID000127,Gregory-Peck,03.png,Fake,Yes,,Yes,Yes,Yes,,Yes,2026-08-07T15:55:27,2026-08-07T15:55:36
ID000248,Martin-Lewis,01.jpg,Real,Yes,Yes,Yes,Yes,,,Yes,2026-08-07T15:55:37,2026-08-07T15:55:44
ID000248,Martin-Lewis,02.jpg,Real,Yes,Yes,Yes,Yes,,,Yes,2026-08-07T15:55:44,2026-08-07T15:55:46
ID000248,Martin-Lewis,03.jpg,Fake,Yes,,No,No,No,,No,2026-08-07T15:55:47,2026-08-07T15:55:55
ID000248,Martin-Lewis,06.png,Fake,Yes,,Yes,No,No,,No,2026-08-07T15:55:55,2026-08-07T15:56:03
ID000005,Adam-Sandler,01.jpg,Real,Yes,Yes,Yes,Yes,,,Yes,2026-08-07T15:56:04,2026-08-07T15:56:08
ID000005,Adam-Sandler,02.jpg,Real,Yes,Yes,Yes,Yes,,,Yes,2026-08-07T15:56:08,2026-08-07T15:56:11
ID000005,Adam-Sandler,01.jpg,Fake,Yes,,Yes,Yes,Yes,,Yes,2026-08-07T15:56:13,2026-08-07T15:56:16
ID000005,Adam-Sandler,03.jpg,Fake,Yes,,Yes,Yes,Yes,,Yes,2026-08-07T15:56:16,2026-08-07T15:56:19
ID000005,Adam-Sandler,04.jpg,Fake,Yes,,Yes,Yes,Yes,,Yes,2026-08-07T15:56:19,2026-08-07T15:56:22
ID000130,Hadika-Kyani,01.jpg,Real,Yes,Yes,Yes,Yes,,,Yes,2026-08-07T15:56:23,2026-08-07T15:56:26
ID000130,Hadika-Kyani,01.png,Fake,Yes,,Yes,Yes,Yes,,Yes,2026-08-07T15:56:28,2026-08-07T15:56:32
ID000101,Emma-Roberts,01.jpg,Real,Yes,Yes,Yes,Yes,,,Yes,2026-08-07T15:56:33,2026-08-07T15:56:37
ID000101,Emma-Roberts,02.jpg,Real,Yes,Yes,Yes,Yes,,,Yes,2026-08-07T15:56:37,2026-08-07T15:56:40
ID000101,Emma-Roberts,01.jpg,Fake,Yes,,Yes,Yes,Yes,,Yes,2026-08-07T15:56:41,2026-08-07T15:56:46
ID000101,Emma-Roberts,02.jpg,Fake,No,,Yes,Yes,Yes,,No,2026-08-07T15:56:46,2026-08-07T15:56:52
ID000101,Emma-Roberts,04.jpg,Fake,Yes,,Yes,Yes,Yes,,Yes,2026-08-07T15:56:52,2026-08-07T15:56:58
ID000101,Emma-Roberts,05.jpg,Fake,Yes,,Yes,No,Yes,,No,2026-08-07T15:56:58,2026-08-07T15:57:11
ID000365,Walter-Matthau,01.jpg,Real,Yes,Yes,Yes,Yes,,,Yes,2026-08-07T15:57:13,2026-08-07T15:57:17
ID000365,Walter-Matthau,02.jpg,Real,Yes,Yes,Yes,Yes,,,Yes,2026-08-07T15:57:17,2026-08-07T15:57:21
ID000365,Walter-Matthau,01.png,Fake,Yes,,Yes,Yes,Yes,,Yes,2026-08-07T15:57:22,2026-08-07T15:57:31
ID000365,Walter-Matthau,02.png,Fake,Yes,,Yes,Yes,Yes,,Yes,2026-08-07T15:57:31,2026-08-07T15:57:33
ID000365,Walter-Matthau,04.png,Fake,No,,Yes,Yes,Yes,,No,2026-08-07T15:57:33,2026-08-07T15:57:38
ID000315,Rosario-Dawson,01.jpg,Real,Yes,Yes,Yes,Yes,,,Yes,2026-08-07T15:57:40,2026-08-07T15:57:46
ID000315,Rosario-Dawson,02.jpg,Real,Yes,Yes,Yes,Yes,,,Yes,2026-08-07T15:57:46,2026-08-07T15:57:49
ID000315,Rosario-Dawson,01.jpg,Fake,Yes,,Yes,Yes,Yes,,Yes,2026-08-07T15:57:49,2026-08-07T15:57:53
ID000359,V-BTS,01.jpg,Real,Yes,Yes,Yes,Yes,,,Yes,2026-08-07T15:57:54,2026-08-07T15:57:57
ID000359,V-BTS,02.jpg,Real,Yes,Yes,Yes,Yes,,,Yes,2026-08-07T15:57:57,2026-08-07T15:58:02
ID000359,V-BTS,01.jpg,Fake,Yes,,Yes,Yes,Yes,,No,2026-08-07T15:58:03,2026-08-07T15:58:10
ID000359,V-BTS,02.jpg,Fake,Yes,,Yes,Yes,Yes,,No,2026-08-07T15:58:10,2026-08-07T15:58:12
ID000359,V-BTS,03.jpg,Fake,Yes,,Yes,Yes,Yes,,No,2026-08-07T15:58:12,2026-08-07T15:58:18
ID000359,V-BTS,04.png,Fake,Yes,,Yes,Yes,Yes,,Yes,2026-08-07T15:58:18,2026-08-07T15:58:21
ID000251,Matt-Dillon,01.jpg,Real,Yes,Yes,Yes,Yes,,,Yes,2026-08-07T15:58:27,2026-08-07T15:58:34
ID000251,Matt-Dillon,02.jpg,Real,Yes,Yes,Yes,Yes,,,Yes,2026-08-07T15:58:34,2026-08-07T15:58:37
ID000251,Matt-Dillon,01.jpg,Fake,No,,No,Yes,Yes,,No,2026-08-07T15:58:38,2026-08-07T15:58:46
ID000254,Mesut-Ozil,01.jpg,Real,Yes,Yes,Yes,Yes,,,Yes,2026-08-07T15:58:47,2026-08-07T15:58:50
ID000254,Mesut-Ozil,02.jpg,Real,Yes,Yes,Yes,Yes,,,Yes,2026-08-07T15:58:50,2026-08-07T15:58:52
ID000254,Mesut-Ozil,01.jpg,Fake,Yes,,Yes,Yes,Yes,,Yes,2026-08-07T15:58:53,2026-08-07T15:58:57
ID000254,Mesut-Ozil,02.jpg,Fake,Yes,,Yes,Yes,No,,Yes,2026-08-07T15:58:57,2026-08-07T15:59:02
ID000186,John-Travolta,01.jpg,Real,Yes,Yes,Yes,Yes,,,Yes,2026-08-07T15:59:03,2026-08-07T15:59:07
ID000186,John-Travolta,02.jpg,Real,Yes,Yes,Yes,Yes,,,Yes,2026-08-07T15:59:07,2026-08-07T15:59:10
ID000186,John-Travolta,03.jpg,Real,Yes,Yes,Yes,Yes,,,Yes,2026-08-07T15:59:10,2026-08-07T15:59:18
ID000186,John-Travolta,01.jpg,Fake,Yes,,Yes,Yes,Yes,,No,2026-08-07T15:59:19,2026-08-07T15:59:22
ID000186,John-Travolta,02.jpg,Fake,Yes,,No,No,Yes,,No,2026-08-07T15:59:23,2026-08-07T15:59:30
ID000186,John-Travolta,03.jpg,Fake,Yes,,Yes,Yes,Yes,,Yes,2026-08-07T15:59:30,2026-08-07T15:59:40
ID000186,John-Travolta,05.jpg,Fake,Yes,,Yes,Yes,Yes,,No,2026-08-07T15:59:40,2026-08-07T15:59:43
ID000186,John-Travolta,06.jpg,Fake,No,,Yes,Yes,Yes,,No,2026-08-07T15:59:43,2026-08-07T15:59:46
ID000144,ID000582-Nicole-Kidman,01.jpg,Real,Yes,Yes,Yes,Yes,,,Yes,2026-08-07T15:59:50,2026-08-07T15:59:54
ID000144,ID000582-Nicole-Kidman,02.png,Real,Yes,Yes,Yes,Yes,,,Yes,2026-08-07T15:59:55,2026-08-07T15:59:57
ID000144,ID000582-Nicole-Kidman,01.jpg,Fake,Yes,,Yes,Yes,Yes,,No,2026-08-07T16:00:02,2026-08-07T16:00:07
ID000144,ID000582-Nicole-Kidman,02.jpg,Fake,Yes,,Yes,Yes,Yes,,No,2026-08-07T16:00:07,2026-08-07T16:00:11
ID000144,ID000582-Nicole-Kidman,03.jpg,Fake,Yes,,Yes,No,No,,No,2026-08-07T16:00:11,2026-08-07T16:00:17
ID000144,ID000582-Nicole-Kidman,04.jpg,Fake,No,,Yes,Yes,No,,No,2026-08-07T16:00:17,2026-08-07T16:00:26
ID000144,ID000582-Nicole-Kidman,05.png,Fake,Yes,,Yes,Yes,No,,Yes,2026-08-07T16:00:26,2026-08-07T16:00:29
ID000142,Holly-Hunter,01.jpg,Real,Yes,Yes,Yes,Yes,,,Yes,2026-08-07T16:00:33,2026-08-07T16:00:39
ID000142,Holly-Hunter,02.jpg,Real,Yes,Yes,Yes,Yes,,,Yes,2026-08-07T16:00:39,2026-08-07T16:00:42
ID000142,Holly-Hunter,01.png,Fake,Yes,,Yes,Yes,Yes,,Yes,2026-08-07T16:00:42,2026-08-07T16:00:48
ID000185,John-Terry,01.jpg,Real,Yes,Yes,Yes,Yes,,,Yes,2026-08-07T16:00:49,2026-08-07T16:00:52
ID000185,John-Terry,02.jpg,Real,Yes,Yes,Yes,Yes,,,Yes,2026-08-07T16:00:52,2026-08-07T16:00:55
ID000185,John-Terry,01.jpg,Fake,No,,Yes,Yes,Yes,,No,2026-08-07T16:00:56,2026-08-07T16:01:00
ID000263,Michelle-Yeoh,01.jpg,Real,Yes,Yes,Yes,Yes,,,Yes,2026-08-07T16:01:01,2026-08-07T16:01:05
ID000263,Michelle-Yeoh,01.jpg,Fake,No,,Yes,Yes,Yes,,No,2026-08-07T16:01:06,2026-08-07T16:01:09
ID000263,Michelle-Yeoh,02.jpg,Fake,Yes,,Yes,Yes,Yes,,Yes,2026-08-07T16:01:09,2026-08-07T16:01:17
ID000140,Hilary-Duff,01.jpg,Real,Yes,Yes,Yes,Yes,,,Yes,2026-08-07T16:01:18,2026-08-07T16:01:22
ID000140,Hilary-Duff,01.jpg,Fake,Yes,,Yes,Yes,Yes,,Yes,2026-08-07T16:01:23,2026-08-07T16:02:03
ID000140,Hilary-Duff,02.jpg,Fake,Yes,,Yes,Yes,Yes,,Yes,2026-08-07T16:02:03,2026-08-07T16:02:07
ID000140,Hilary-Duff,03.jpg,Fake,No,,Yes,Yes,No,,No,2026-08-07T16:02:07,2026-08-07T16:02:12
ID000164,Jason-Statham,01.jpg,Real,Yes,Yes,Yes,Yes,,,Yes,2026-08-07T16:02:13,2026-08-07T16:02:16
ID000164,Jason-Statham,01.jpg,Fake,Yes,,Yes,Yes,Yes,,Yes,2026-08-07T16:02:17,2026-08-07T16:02:20
ID000273,Nancy-Pelosi,01.jpg,Real,Yes,Yes,Yes,Yes,,,Yes,2026-08-07T16:02:22,2026-08-07T16:02:29
ID000273,Nancy-Pelosi,02.jpg,Real,Yes,Yes,Yes,Yes,,,Yes,2026-08-07T16:02:29,2026-08-07T16:02:32
ID000273,Nancy-Pelosi,03.jpg,Real,Yes,Yes,Yes,Yes,,,Yes,2026-08-07T16:02:32,2026-08-07T16:02:39
ID000273,Nancy-Pelosi,01.jpg,Fake,Yes,,Yes,Yes,Yes,,No,2026-08-07T16:02:40,2026-08-07T16:02:50
ID000273,Nancy-Pelosi,02.jpg,Fake,Yes,,Yes,Yes,Yes,,No,2026-08-07T16:02:50,2026-08-07T16:03:01
ID000273,Nancy-Pelosi,03.jpg,Fake,Yes,,Yes,Yes,No,,No,2026-08-07T16:03:01,2026-08-07T16:03:07
ID000273,Nancy-Pelosi,04.png,Fake,Yes,,Yes,Yes,No,,Yes,2026-08-07T16:03:07,2026-08-07T16:03:22
ID000323,Sarah-Michelle-Gellar,01.jpg,Real,Yes,Yes,Yes,Yes,,,Yes,2026-08-07T16:03:24,2026-08-07T16:03:29
ID000323,Sarah-Michelle-Gellar,02.jpg,Real,Yes,Yes,Yes,Yes,,,Yes,2026-08-07T16:03:29,2026-08-07T16:03:33
ID000323,Sarah-Michelle-Gellar,01.jpg,Fake,Yes,,Yes,Yes,Yes,,No,2026-08-07T16:03:34,2026-08-07T16:03:40
ID000323,Sarah-Michelle-Gellar,02.jpg,Fake,Yes,,Yes,Yes,Yes,,No,2026-08-07T16:03:40,2026-08-07T16:03:43
ID000323,Sarah-Michelle-Gellar,03.jpg,Fake,Yes,,Yes,Yes,Yes,Eyes seem off,Yes,2026-08-07T16:03:56,2026-08-07T16:03:57
ID000323,Sarah-Michelle-Gellar,04.jpg,Fake,Yes,,Yes,Yes,Yes,,No,2026-08-07T16:03:57,2026-08-07T16:03:59
ID000300,Rhett-McLaughlin,01.jpg,Real,Yes,Yes,Yes,Yes,,,Yes,2026-08-07T16:04:02,2026-08-07T16:04:09
ID000300,Rhett-McLaughlin,02.jpg,Real,Yes,Yes,Yes,Yes,,,Yes,2026-08-07T16:04:09,2026-08-07T16:04:11
ID000300,Rhett-McLaughlin,01.png,Fake,Yes,,No,No,Yes,,No,2026-08-07T16:04:13,2026-08-07T16:04:24
ID000300,Rhett-McLaughlin,02.jpg,Fake,No,,Yes,No,Yes,,No,2026-08-07T16:04:24,2026-08-07T16:04:30
ID000300,Rhett-McLaughlin,03.png,Fake,No,,No,Yes,Yes,,No,2026-08-07T16:04:31,2026-08-07T16:04:40
ID000300,Rhett-McLaughlin,04.jpg,Fake,Yes,,Yes,Yes,Yes,,Yes,2026-08-07T16:04:40,2026-08-07T16:04:46
ID000176,Jet-Li,01.jpg,Real,Yes,Yes,Yes,Yes,,,Yes,2026-08-07T16:04:48,2026-08-07T16:04:56
ID000176,Jet-Li,02.jpg,Real,Yes,Yes,Yes,Yes,,,Yes,2026-08-07T16:04:56,2026-08-07T16:04:59
ID000176,Jet-Li,01.jpg,Fake,Yes,,Yes,Yes,Yes,,Yes,2026-08-07T16:05:00,2026-08-07T16:05:07
ID000176,Jet-Li,02.png,Fake,Yes,,Yes,Yes,Yes,,Yes,2026-08-07T16:05:07,2026-08-07T16:05:10
ID000388,mukesh-ambani,01.jpg,Real,Yes,Yes,Yes,Yes,,,Yes,2026-08-07T16:05:12,2026-08-07T16:05:16
ID000388,mukesh-ambani,01.png,Fake,Yes,,Yes,Yes,Yes,,No,2026-08-07T16:05:17,2026-08-07T16:05:22
ID000388,mukesh-ambani,02.jpg,Fake,Yes,,Yes,Yes,Yes,,No,2026-08-07T16:05:22,2026-08-07T16:05:26
ID000388,mukesh-ambani,03.jpg,Fake,Yes,,Yes,Yes,Yes,,No,2026-08-07T16:05:26,2026-08-07T16:05:29
ID000388,mukesh-ambani,81.png,Fake,Yes,,Yes,Yes,Yes,,Yes,2026-08-07T16:05:29,2026-08-07T16:05:33
ID000001,Aaron-Judge,01.jpg,Real,Yes,Yes,Yes,Yes,,,Yes,2026-08-07T16:05:37,2026-08-07T16:06:16
ID000001,Aaron-Judge,01.jpg,Fake,Yes,,Yes,Yes,Yes,,Yes,2026-08-07T16:06:17,2026-08-07T16:06:20
ID000001,Aaron-Judge,02.jpg,Fake,Yes,,Yes,Yes,Yes,,Yes,2026-08-07T16:06:20,2026-08-07T16:06:29
ID000088,Diane-Kruger,01.jpg,Real,Yes,Yes,Yes,Yes,,,Yes,2026-08-07T16:06:30,2026-08-07T16:06:36
ID000088,Diane-Kruger,02.jpg,Real,Yes,Yes,Yes,Yes,,,Yes,2026-08-07T16:06:36,2026-08-07T16:06:39
ID000088,Diane-Kruger,01.jpg,Fake,Yes,,Yes,Yes,Yes,,No,2026-08-07T16:06:40,2026-08-07T16:06:42
ID000088,Diane-Kruger,02.jpg,Fake,Yes,,Yes,Yes,Yes,,No,2026-08-07T16:06:42,2026-08-07T16:06:45
ID000088,Diane-Kruger,03.jpg,Fake,Yes,,Yes,Yes,Yes,,No,2026-08-07T16:06:45,2026-08-07T16:06:56
ID000088,Diane-Kruger,04.jpg,Fake,Yes,,Yes,Yes,Yes,,No,2026-08-07T16:06:56,2026-08-07T16:07:02
ID000088,Diane-Kruger,05.jpg,Fake,Yes,,Yes,Yes,No,,Yes,2026-08-07T16:07:02,2026-08-07T16:07:06
ID000088,Diane-Kruger,06.jpg,Fake,Yes,,Yes,Yes,Yes,,No,2026-08-07T16:07:06,2026-08-07T16:07:09
ID000088,Diane-Kruger,07.png,Fake,Yes,,Yes,Yes,Yes,,No,2026-08-07T16:07:19,2026-08-07T16:07:21
ID000088,Diane-Kruger,08.png,Fake,Yes,,Yes,Yes,Yes,,No,2026-08-07T16:07:21,2026-08-07T16:07:27
ID000352,Tim-Curry,01.jpg,Real,Yes,Yes,Yes,Yes,,,Yes,2026-08-07T16:07:31,2026-08-07T16:07:36
ID000352,Tim-Curry,02.jpg,Real,Yes,Yes,Yes,Yes,,,Yes,2026-08-07T16:07:36,2026-08-07T16:07:39
ID000352,Tim-Curry,03.jpg,Real,Yes,Yes,Yes,Yes,,,Yes,2026-08-07T16:07:39,2026-08-07T16:07:46
ID000352,Tim-Curry,01.jpg,Fake,No,,Yes,Yes,No,,No,2026-08-07T16:07:47,2026-08-07T16:07:58
ID000352,Tim-Curry,02.png,Fake,No,,Yes,Yes,Yes,,No,2026-08-07T16:07:58,2026-08-07T16:08:03
ID000352,Tim-Curry,03.jpg,Fake,No,,Yes,Yes,Yes,,No,2026-08-07T16:08:03,2026-08-07T16:08:08
ID000352,Tim-Curry,04.jpg,Fake,Yes,,Yes,Yes,Yes,,Yes,2026-08-07T16:08:08,2026-08-07T16:08:12
ID000352,Tim-Curry,05.jpg,Fake,Yes,,Yes,Yes,Yes,,Yes,2026-08-07T16:08:12,2026-08-07T16:08:15
ID000297,Pope-Francis,01.jpg,Real,Yes,Yes,Yes,Yes,,,Yes,2026-08-07T16:08:17,2026-08-07T16:08:22
ID000297,Pope-Francis,01.jpg,Fake,Yes,,No,No,Yes,,No,2026-08-07T16:08:23,2026-08-07T16:08:32
ID000297,Pope-Francis,02.png,Fake,Yes,,Yes,Yes,Yes,,No,2026-08-07T16:08:32,2026-08-07T16:08:38
ID000297,Pope-Francis,04.jpg,Fake,Yes,,Yes,Yes,No,,Yes,2026-08-07T16:08:38,2026-08-07T16:08:43
ID000066,Charlize-Theron,01.jpg,Real,Yes,Yes,Yes,Yes,,,Yes,2026-08-07T16:08:46,2026-08-07T16:08:49
ID000066,Charlize-Theron,02.jpg,Real,Yes,Yes,Yes,Yes,,,Yes,2026-08-07T16:08:49,2026-08-07T16:08:52
ID000066,Charlize-Theron,03.jpg,Real,Yes,Yes,Yes,Yes,,,Yes,2026-08-07T16:08:52,2026-08-07T16:08:56
ID000066,Charlize-Theron,01.jpg,Fake,Yes,,Yes,Yes,Yes,,No,2026-08-07T16:08:58,2026-08-07T16:09:01
ID000066,Charlize-Theron,02.jpg,Fake,Yes,,Yes,Yes,Yes,,No,2026-08-07T16:09:01,2026-08-07T16:09:04
ID000066,Charlize-Theron,03.jpg,Fake,Yes,,Yes,Yes,Yes,,No,2026-08-07T16:09:04,2026-08-07T16:09:07
ID000066,Charlize-Theron,04.jpg,Fake,Yes,,Yes,Yes,Yes,,Yes,2026-08-07T16:09:07,2026-08-07T16:09:10
ID000066,Charlize-Theron,05.jpg,Fake,Yes,,Yes,Yes,Yes,,No,2026-08-07T16:09:10,2026-08-07T16:09:13
ID000347,Tate-McRae,01.jpg,Real,Yes,Yes,Yes,Yes,,,Yes,2026-08-07T16:09:17,2026-08-07T16:09:22
ID000347,Tate-McRae,01.png,Fake,No,,No,Yes,Yes,,No,2026-08-07T16:09:23,2026-08-07T16:09:30
ID000347,Tate-McRae,02.jpg,Fake,No,,Yes,Yes,Yes,,No,2026-08-07T16:09:30,2026-08-07T16:09:41
ID000347,Tate-McRae,03.jpg,Fake,No,,Yes,Yes,No,,No,2026-08-07T16:09:41,2026-08-07T16:09:47
ID000347,Tate-McRae,04.png,Fake,Yes,,Yes,Yes,Yes,,Yes,2026-08-07T16:09:47,2026-08-07T16:09:52
ID000166,Jean-Claude-Van-Damme,01.jpg,Real,Yes,Yes,Yes,Yes,,,Yes,2026-08-07T16:09:54,2026-08-07T16:09:59
ID000166,Jean-Claude-Van-Damme,02.jpg,Real,Yes,Yes,Yes,Yes,,,Yes,2026-08-07T16:09:59,2026-08-07T16:10:01
ID000166,Jean-Claude-Van-Damme,03.jpg,Real,Yes,Yes,Yes,Yes,,,Yes,2026-08-07T16:10:02,2026-08-07T16:10:07
ID000166,Jean-Claude-Van-Damme,01.jpg,Fake,Yes,,Yes,Yes,Yes,,Yes,2026-08-07T16:10:08,2026-08-07T16:10:15
ID000112,Fawad-Khan,01.jpg,Real,Yes,Yes,Yes,Yes,,,Yes,2026-08-07T16:10:15,2026-08-07T16:10:20
ID000112,Fawad-Khan,02.jpg,Real,Yes,Yes,Yes,Yes,,,Yes,2026-08-07T16:10:20,2026-08-07T16:10:23
ID000112,Fawad-Khan,01.jpg,Fake,Yes,,Yes,Yes,No,,No,2026-08-07T16:10:23,2026-08-07T16:10:38
ID000112,Fawad-Khan,02.png,Fake,Yes,,Yes,Yes,No,,Yes,2026-08-07T16:10:38,2026-08-07T16:10:45
ID000321,Sam-Rockwell,01.jpg,Real,Yes,Yes,Yes,Yes,,,Yes,2026-08-07T16:10:47,2026-08-07T16:10:50
ID000321,Sam-Rockwell,01.jpg,Fake,Yes,,Yes,Yes,Yes,,Yes,2026-08-07T16:10:51,2026-08-07T16:10:54
ID000321,Sam-Rockwell,02.jpg,Fake,No,,Yes,Yes,Yes,,No,2026-08-07T16:10:54,2026-08-07T16:11:00
ID000264,Mickey-Rourke,01.jpg,Real,Yes,Yes,Yes,Yes,,,Yes,2026-08-07T16:11:02,2026-08-07T16:11:07
ID000264,Mickey-Rourke,02.jpg,Real,Yes,Yes,Yes,Yes,,,Yes,2026-08-07T16:11:07,2026-08-07T16:11:09
ID000264,Mickey-Rourke,01.jpg,Fake,Yes,,Yes,Yes,Yes,,Yes,2026-08-07T16:11:10,2026-08-07T16:11:24
ID000264,Mickey-Rourke,03.jpg,Fake,Yes,,Yes,Yes,Yes,,Yes,2026-08-07T16:11:24,2026-08-07T16:11:27
ID000278,Neymar,01.jpg,Real,Yes,Yes,Yes,Yes,,,Yes,2026-08-07T16:11:28,2026-08-07T16:11:32
ID000278,Neymar,02.jpg,Real,Yes,Yes,Yes,Yes,,,Yes,2026-08-07T16:11:33,2026-08-07T16:11:36
ID000278,Neymar,01.jpg,Fake,Yes,,Yes,No,Yes,,No,2026-08-07T16:11:43,2026-08-07T16:11:44
ID000278,Neymar,110.png,Fake,Yes,,Yes,Yes,Yes,,Yes,2026-08-07T16:11:44,2026-08-07T16:11:49
ID000189,Johnny-Knoxville,01.jpg,Real,Yes,Yes,Yes,Yes,,,Yes,2026-08-07T16:11:50,2026-08-07T16:12:06
ID000189,Johnny-Knoxville,02.jpg,Real,Yes,Yes,Yes,Yes,,,Yes,2026-08-07T16:12:06,2026-08-07T16:12:09
ID000189,Johnny-Knoxville,01.jpg,Fake,Yes,,Yes,Yes,Yes,,Yes,2026-08-07T16:12:09,2026-08-07T16:12:12
ID000056,Burak-Özçivit,01.jpg,Real,Yes,Yes,Yes,Yes,,,Yes,2026-08-07T16:12:13,2026-08-07T16:12:18
ID000056,Burak-Özçivit,01.jpg,Fake,Yes,,Yes,Yes,Yes,,Yes,2026-08-07T16:12:19,2026-08-07T16:12:26
ID000056,Burak-Özçivit,02.jpg,Fake,Yes,,Yes,Yes,Yes,,Yes,2026-08-07T16:12:26,2026-08-07T16:12:29
ID000056,Burak-Özçivit,03.jpg,Fake,Yes,,Yes,Yes,Yes,,Yes,2026-08-07T16:12:29,2026-08-07T16:12:34
ID000039,Bashar-al-Assad,01.jpg,Real,Yes,Yes,Yes,Yes,,,Yes,2026-08-07T16:12:35,2026-08-07T16:12:39
ID000039,Bashar-al-Assad,02.jpg,Real,Yes,Yes,Yes,Yes,,,Yes,2026-08-07T16:12:39,2026-08-07T16:12:44
ID000039,Bashar-al-Assad,01.jpg,Fake,Yes,,Yes,Yes,Yes,,No,2026-08-07T16:12:45,2026-08-07T16:12:49
ID000039,Bashar-al-Assad,02.jpg,Fake,Yes,,Yes,Yes,Yes,,No,2026-08-07T16:12:49,2026-08-07T16:13:14
ID000039,Bashar-al-Assad,03.jpg,Fake,Yes,,Yes,Yes,Yes,Suit looks off,Yes,2026-08-07T16:13:14,2026-08-07T16:13:30
ID000204,Kathy-Bates,01.jpg,Real,Yes,Yes,Yes,Yes,,,Yes,2026-08-07T16:13:36,2026-08-07T16:13:41
ID000204,Kathy-Bates,02.jpg,Real,Yes,Yes,Yes,Yes,,,Yes,2026-08-07T16:13:41,2026-08-07T16:13:43
ID000204,Kathy-Bates,01.jpg,Fake,Yes,,Yes,Yes,No,,Yes,2026-08-07T16:13:44,2026-08-07T16:13:53
ID000204,Kathy-Bates,02.png,Fake,No,,Yes,Yes,No,,No,2026-08-07T16:13:53,2026-08-07T16:14:00
ID000002,Abbie-Cornish,01.jpg,Real,Yes,Yes,Yes,Yes,,,Yes,2026-08-07T16:14:01,2026-08-07T16:14:06
ID000002,Abbie-Cornish,01.jpg,Fake,Yes,,Yes,Yes,Yes,,Yes,2026-08-07T16:14:07,2026-08-07T16:14:10
ID000002,Abbie-Cornish,02.jpg,Fake,Yes,,Yes,Yes,Yes,,Yes,2026-08-07T16:14:10,2026-08-07T16:14:13
ID000387,mr-beast,01.jpg,Real,Yes,Yes,Yes,Yes,,,Yes,2026-08-07T16:14:14,2026-08-07T16:14:18
ID000387,mr-beast,02.jpg,Real,Yes,Yes,Yes,Yes,,,Yes,2026-08-07T16:14:18,2026-08-07T16:14:21
ID000387,mr-beast,01.jpg,Fake,Yes,,Yes,Yes,Yes,,No,2026-08-07T16:14:22,2026-08-07T16:14:25
ID000387,mr-beast,02.jpg,Fake,Yes,,Yes,Yes,Yes,,No,2026-08-07T16:14:25,2026-08-07T16:14:28
ID000387,mr-beast,03.jpg,Fake,Yes,,Yes,Yes,No,,Yes,2026-08-07T16:14:29,2026-08-07T16:14:33
ID000387,mr-beast,05.png,Fake,Yes,,Yes,Yes,No,,Yes,2026-08-07T16:14:33,2026-08-07T16:14:36
ID000048,Bill-Paxton,01.jpg,Real,Yes,Yes,Yes,Yes,,,Yes,2026-08-07T16:14:39,2026-08-07T16:14:44
ID000048,Bill-Paxton,02.jpg,Real,Yes,Yes,Yes,Yes,,,Yes,2026-08-07T16:14:44,2026-08-07T16:14:47
ID000048,Bill-Paxton,03.jpg,Real,Yes,Yes,Yes,Yes,,,Yes,2026-08-07T16:14:47,2026-08-07T16:14:50
ID000048,Bill-Paxton,01.jpg,Fake,No,,Yes,Yes,Yes,,No,2026-08-07T16:14:52,2026-08-07T16:14:56
ID000048,Bill-Paxton,02.jpg,Fake,Yes,,Yes,Yes,No,,Yes,2026-08-07T16:14:56,2026-08-07T16:15:17
ID000280,Nick-DiGiovanni,01.jpg,Real,Yes,Yes,Yes,Yes,,,Yes,2026-08-07T16:15:17,2026-08-07T16:15:23
ID000280,Nick-DiGiovanni,02.png,Real,Yes,Yes,Yes,Yes,,,Yes,2026-08-07T16:15:23,2026-08-07T16:15:26
ID000280,Nick-DiGiovanni,03.jpg,Real,Yes,Yes,Yes,Yes,,,Yes,2026-08-07T16:15:26,2026-08-07T16:15:31
ID000280,Nick-DiGiovanni,1.jpg,Fake,Yes,,Yes,Yes,Yes,,Yes,2026-08-07T16:15:32,2026-08-07T16:15:39
ID000280,Nick-DiGiovanni,2.webp,Fake,Yes,,Yes,Yes,Yes,,Yes,2026-08-07T16:15:39,2026-08-07T16:15:42
ID000125,Glenn-Maxwell,01.jpg,Real,Yes,Yes,Yes,Yes,,,Yes,2026-08-07T16:15:45,2026-08-07T16:15:48
ID000125,Glenn-Maxwell,02.png,Real,Yes,Yes,Yes,Yes,,,Yes,2026-08-07T16:15:48,2026-08-07T16:15:50
ID000125,Glenn-Maxwell,1.jpg,Fake,Yes,,Yes,Yes,Yes,,Yes,2026-08-07T16:15:51,2026-08-07T16:16:00
ID000146,Ibrahim-Traoré,01.jpg,Real,Yes,Yes,Yes,Yes,,,Yes,2026-08-07T16:16:00,2026-08-07T16:16:06
ID000146,Ibrahim-Traoré,02.jpg,Fake,Yes,,Yes,Yes,No,,Yes,2026-08-07T16:16:07,2026-08-07T16:16:12
ID000314,Rooney-Mara,01.jpg,Real,Yes,Yes,Yes,Yes,,,Yes,2026-08-07T16:16:13,2026-08-07T16:16:18
ID000314,Rooney-Mara,02.jpg,Real,Yes,Yes,Yes,Yes,,,Yes,2026-08-07T16:16:18,2026-08-07T16:16:21
ID000314,Rooney-Mara,01.jpg,Fake,Yes,,Yes,Yes,No,,Yes,2026-08-07T16:16:22,2026-08-07T16:16:28
ID000314,Rooney-Mara,02.jpg,Fake,Yes,,Yes,Yes,Yes,,No,2026-08-07T16:16:28,2026-08-07T16:16:31
ID000314,Rooney-Mara,03.png,Fake,Yes,,Yes,Yes,Yes,,No,2026-08-07T16:16:31,2026-08-07T16:16:34
ID000314,Rooney-Mara,04.png,Fake,No,,Yes,Yes,Yes,,No,2026-08-07T16:16:35,2026-08-07T16:16:39
ID000006,Agatha-moreira,01.jpg,Real,Yes,Yes,Yes,Yes,,,Yes,2026-08-07T16:16:42,2026-08-07T16:16:49
ID000006,Agatha-moreira,02.jpg,Real,Yes,Yes,Yes,Yes,,,Yes,2026-08-07T16:16:49,2026-08-07T16:16:52
ID000006,Agatha-moreira,03.jpg,Real,Yes,Yes,Yes,Yes,,,Yes,2026-08-07T16:16:52,2026-08-07T16:16:56
ID000006,Agatha-moreira,01.jpg,Fake,Yes,,Yes,Yes,Yes,,Yes,2026-08-07T16:16:58,2026-08-07T16:17:09
ID000006,Agatha-moreira,02.jpg,Fake,No,,Yes,Yes,Yes,,No,2026-08-07T16:17:09,2026-08-07T16:17:12
ID000006,Agatha-moreira,03.png,Fake,No,,Yes,Yes,Yes,,No,2026-08-07T16:17:12,2026-08-07T16:17:16
ID000141,Hiroyuki-Sanada,01.jpg,Real,Yes,Yes,Yes,Yes,,,Yes,2026-08-07T16:17:18,2026-08-07T16:17:21
ID000141,Hiroyuki-Sanada,02.jpg,Real,Yes,Yes,Yes,Yes,,,Yes,2026-08-07T16:17:21,2026-08-07T16:17:24
ID000141,Hiroyuki-Sanada,01.png,Fake,Yes,,Yes,Yes,Yes,,Yes,2026-08-07T16:17:25,2026-08-07T16:17:28
ID000141,Hiroyuki-Sanada,02.jpg,Fake,Yes,,Yes,Yes,No,,Yes,2026-08-07T16:17:28,2026-08-07T16:17:32
ID000053,Brenda-Tau,01.jpg,Real,Yes,Yes,Yes,No,,,No,2026-08-07T16:17:33,2026-08-07T16:17:47
ID000053,Brenda-Tau,02.jpg,Real,Yes,Yes,Yes,Yes,,,Yes,2026-08-07T16:17:47,2026-08-07T16:17:52
ID000053,Brenda-Tau,01.jpg,Fake,No,,Yes,Yes,No,,No,2026-08-07T16:17:58,2026-08-07T16:18:08
ID000119,Gene-Wilder,01.jpg,Real,Yes,Yes,Yes,Yes,,,Yes,2026-08-07T16:18:09,2026-08-07T16:18:14
ID000119,Gene-Wilder,02.jpg,Real,Yes,Yes,Yes,Yes,,,Yes,2026-08-07T16:18:14,2026-08-07T16:18:17
ID000119,Gene-Wilder,03.jpg,Real,Yes,Yes,Yes,Yes,,,Yes,2026-08-07T16:18:17,2026-08-07T16:18:20
ID000119,Gene-Wilder,01.jpg,Fake,Yes,,Yes,Yes,No,,Yes,2026-08-07T16:18:21,2026-08-07T16:18:24
ID000119,Gene-Wilder,02.jpg,Fake,Yes,,Yes,Yes,Yes,,Yes,2026-08-07T16:18:24,2026-08-07T16:18:27
ID000159,Jake-Gyllenhaal,01.jpg,Real,Yes,Yes,Yes,Yes,,,Yes,2026-08-07T16:18:29,2026-08-07T16:18:33
ID000159,Jake-Gyllenhaal,02.jpg,Real,Yes,Yes,Yes,Yes,,,Yes,2026-08-07T16:18:33,2026-08-07T16:18:37
ID000159,Jake-Gyllenhaal,01.jpg,Fake,No,,Yes,Yes,Yes,,No,2026-08-07T16:18:38,2026-08-07T16:18:45
ID000159,Jake-Gyllenhaal,02.jpg,Fake,No,,Yes,No,Yes,,No,2026-08-07T16:18:45,2026-08-07T16:18:50
ID000159,Jake-Gyllenhaal,03.jpg,Fake,No,,Yes,Yes,Yes,,No,2026-08-07T16:18:51,2026-08-07T16:18:55
ID000159,Jake-Gyllenhaal,04.jpg,Fake,No,,Yes,Yes,Yes,,No,2026-08-07T16:18:56,2026-08-07T16:19:01
ID000190,Jon-Stewart,01.jpg,Real,Yes,Yes,Yes,Yes,,,Yes,2026-08-07T16:19:02,2026-08-07T16:19:06
ID000190,Jon-Stewart,11.png,Fake,Yes,,Yes,Yes,No,,Yes,2026-08-07T16:19:08,2026-08-07T16:19:16
ID000256,Michael-Cera,01.jpg,Real,Yes,Yes,Yes,Yes,,,Yes,2026-08-07T16:19:17,2026-08-07T16:19:22
ID000256,Michael-Cera,01.jpg,Fake,No,,Yes,Yes,Yes,,No,2026-08-07T16:19:23,2026-08-07T16:19:32
ID000256,Michael-Cera,02.png,Fake,No,,Yes,Yes,Yes,,No,2026-08-07T16:19:32,2026-08-07T16:19:46
ID000071,Chris-Tucker,01.jpg,Real,Yes,Yes,Yes,Yes,,,Yes,2026-08-07T16:19:47,2026-08-07T16:19:51
ID000071,Chris-Tucker,01.jpg,Fake,No,,Yes,Yes,No,,No,2026-08-07T16:19:51,2026-08-07T16:19:58
ID000071,Chris-Tucker,02.jpg,Fake,No,,Yes,Yes,Yes,,No,2026-08-07T16:19:58,2026-08-07T16:20:06
ID000310,Roger-Moore,01.jpg,Real,Yes,Yes,Yes,Yes,,,Yes,2026-08-07T16:20:06,2026-08-07T16:20:10
ID000310,Roger-Moore,01.jpg,Fake,Yes,,Yes,Yes,Yes,,Yes,2026-08-07T16:20:11,2026-08-07T16:20:17
ID000310,Roger-Moore,03.jpg,Fake,Yes,,Yes,Yes,Yes,,Yes,2026-08-07T16:20:17,2026-08-07T16:20:21
ID000210,Kevin-Costner,01.jpg,Real,Yes,Yes,Yes,Yes,,,Yes,2026-08-07T16:20:43,2026-08-07T16:20:49
ID000210,Kevin-Costner,02.jpg,Real,Yes,Yes,Yes,Yes,,,Yes,2026-08-07T16:20:49,2026-08-07T16:20:52
ID000210,Kevin-Costner,01.jpg,Fake,Yes,,Yes,Yes,No,,Yes,2026-08-07T16:20:53,2026-08-07T16:21:06
ID000210,Kevin-Costner,02.jpg,Fake,Yes,,Yes,Yes,No,,Yes,2026-08-07T16:21:06,2026-08-07T16:21:15
ID000210,Kevin-Costner,03.jpg,Fake,Yes,,Yes,Yes,Yes,,No,2026-08-07T16:21:15,2026-08-07T16:21:21
ID000098,Ellyse-Perry,01.jpg,Real,Yes,Yes,Yes,Yes,,,Yes,2026-08-07T16:21:24,2026-08-07T16:21:30
ID000098,Ellyse-Perry,02.jpg,Real,Yes,Yes,Yes,Yes,,,Yes,2026-08-07T16:21:30,2026-08-07T16:21:48
ID000098,Ellyse-Perry,1.jpg,Fake,Yes,,Yes,No,No,,No,2026-08-07T16:21:50,2026-08-07T16:22:06
ID000098,Ellyse-Perry,2.jpg,Fake,Yes,,Yes,No,Yes,,No,2026-08-07T16:22:06,2026-08-07T16:22:15
ID000098,Ellyse-Perry,3.jpg,Fake,Yes,,Yes,Yes,Yes,,Yes,2026-08-07T16:22:15,2026-08-07T16:22:42
ID000309,Roberto-Benigni,01.jpg,Real,Yes,Yes,Yes,Yes,,,Yes,2026-08-07T16:22:43,2026-08-07T16:22:47
ID000309,Roberto-Benigni,01.jpg,Fake,Yes,,Yes,Yes,Yes,Lighting seems off,Yes,2026-08-07T16:22:48,2026-08-07T16:23:02
ID000089,Diane-Lane,01.jpg,Real,Yes,Yes,Yes,Yes,,,Yes,2026-08-07T16:23:03,2026-08-07T16:23:08
ID000089,Diane-Lane,01.jpg,Fake,No,,Yes,Yes,Yes,,No,2026-08-07T16:23:09,2026-08-07T16:23:14
ID000089,Diane-Lane,02.jpg,Fake,No,,Yes,Yes,Yes,,No,2026-08-07T16:23:14,2026-08-07T16:23:17
ID000089,Diane-Lane,03.jpg,Fake,No,,Yes,Yes,Yes,,No,2026-08-07T16:23:17,2026-08-07T16:23:20
ID000089,Diane-Lane,04.jpg,Fake,No,,Yes,Yes,Yes,,No,2026-08-07T16:23:20,2026-08-07T16:23:25
ID000327,Selena-Gomez,01.jpg,Real,Yes,Yes,Yes,Yes,,,Yes,2026-08-07T16:23:26,2026-08-07T16:23:30
ID000327,Selena-Gomez,02.jpg,Real,Yes,Yes,Yes,Yes,,,Yes,2026-08-07T16:23:30,2026-08-07T16:23:33
ID000327,Selena-Gomez,03.jpg,Real,Yes,Yes,Yes,Yes,,,Yes,2026-08-07T16:23:33,2026-08-07T16:23:37
ID000327,Selena-Gomez,01.png,Fake,Yes,,Yes,Yes,Yes,,Yes,2026-08-07T16:23:38,2026-08-07T16:23:42
ID000327,Selena-Gomez,04.jpg,Fake,No,,Yes,Yes,Yes,,No,2026-08-07T16:23:42,2026-08-07T16:23:47
ID000327,Selena-Gomez,05.jpg,Fake,No,,Yes,Yes,Yes,,No,2026-08-07T16:23:47,2026-08-07T16:23:50
ID000284,Ning-Yizhuo,01.png,Real,Yes,Yes,Yes,Yes,,,Yes,2026-08-07T16:23:51,2026-08-07T16:23:55
ID000284,Ning-Yizhuo,02.jpg,Real,Yes,Yes,Yes,Yes,,,Yes,2026-08-07T16:23:55,2026-08-07T16:23:57
ID000284,Ning-Yizhuo,03.jpg,Real,Yes,Yes,Yes,Yes,,,Yes,2026-08-07T16:23:57,2026-08-07T16:24:00
ID000284,Ning-Yizhuo,01.jpg,Fake,Yes,,Yes,Yes,Yes,,Yes,2026-08-07T16:24:01,2026-08-07T16:24:08
ID000284,Ning-Yizhuo,02.png,Fake,Yes,,Yes,Yes,Yes,,Yes,2026-08-07T16:24:08,2026-08-07T16:24:12
ID000054,Bruce-Willis,01.jpg,Real,Yes,Yes,Yes,Yes,,,Yes,2026-08-07T16:24:13,2026-08-07T16:24:18
ID000054,Bruce-Willis,02.jpg,Real,Yes,Yes,Yes,Yes,,,Yes,2026-08-07T16:24:18,2026-08-07T16:24:23
ID000054,Bruce-Willis,01.jpg,Fake,Yes,,Yes,No,Yes,,No,2026-08-07T16:24:24,2026-08-07T16:24:33
ID000061,Carey-Mulligan,01.jpg,Real,Yes,Yes,Yes,Yes,,,Yes,2026-08-07T16:24:34,2026-08-07T16:24:39
ID000061,Carey-Mulligan,02.jpg,Real,Yes,Yes,Yes,Yes,,,Yes,2026-08-07T16:24:39,2026-08-07T16:24:41
ID000061,Carey-Mulligan,01.png,Fake,No,,Yes,Yes,No,,No,2026-08-07T16:24:42,2026-08-07T16:24:47
ID000061,Carey-Mulligan,02.png,Fake,No,,Yes,Yes,Yes,,No,2026-08-07T16:24:47,2026-08-07T16:24:52
ID000014,Alia-Butt,01.jpg,Real,Yes,Yes,Yes,Yes,,,Yes,2026-08-07T16:24:53,2026-08-07T16:24:56
ID000014,Alia-Butt,02.jpg,Real,Yes,Yes,Yes,Yes,,,Yes,2026-08-07T16:24:56,2026-08-07T16:24:59
ID000014,Alia-Butt,03.jpg,Real,Yes,Yes,Yes,Yes,,,Yes,2026-08-07T16:24:59,2026-08-07T16:25:02
ID000014,Alia-Butt,01.jpg,Fake,Yes,,Yes,Yes,Yes,,Yes,2026-08-07T16:25:04,2026-08-07T16:25:16
ID000014,Alia-Butt,02.jpg,Fake,Yes,,Yes,Yes,Yes,,Yes,2026-08-07T16:25:16,2026-08-07T16:25:19
ID000014,Alia-Butt,03.jpg,Fake,Yes,,Yes,No,No,,No,2026-08-07T16:25:19,2026-08-07T16:25:29
ID000014,Alia-Butt,04.png,Fake,Yes,,Yes,Yes,Yes,,Yes,2026-08-07T16:25:29,2026-08-07T16:25:38
ID000277,Nelson-Mendala,01.jpg,Real,Yes,Yes,Yes,Yes,,,Yes,2026-08-07T16:25:41,2026-08-07T16:25:48
ID000277,Nelson-Mendala,02.jpg,Real,Yes,Yes,Yes,Yes,,,Yes,2026-08-07T16:25:48,2026-08-07T16:25:52
ID000277,Nelson-Mendala,03.jpg,Real,Yes,Yes,Yes,Yes,,,Yes,2026-08-07T16:25:52,2026-08-07T16:25:55
ID000277,Nelson-Mendala,01.jpg,Fake,Yes,,Yes,Yes,Yes,,No,2026-08-07T16:26:12,2026-08-07T16:26:13
ID000277,Nelson-Mendala,02.jpg,Fake,Yes,,Yes,Yes,No,,Yes,2026-08-07T16:26:13,2026-08-07T16:26:18
ID000265,Miles-Teller,01.jpg,Real,Yes,Yes,Yes,Yes,,,Yes,2026-08-07T16:26:20,2026-08-07T16:26:23
ID000265,Miles-Teller,01.jpg,Fake,Yes,,Yes,Yes,Yes,,No,2026-08-07T16:26:24,2026-08-07T16:26:29
ID000265,Miles-Teller,02.jpg,Fake,Yes,,Yes,Yes,Yes,,Yes,2026-08-07T16:26:29,2026-08-07T16:26:32
ID000265,Miles-Teller,03.jpg,Fake,No,,Yes,Yes,Yes,,No,2026-08-07T16:26:32,2026-08-07T16:26:35
ID000265,Miles-Teller,04.png,Fake,No,,Yes,Yes,Yes,,No,2026-08-07T16:26:35,2026-08-07T16:26:39
ID000265,Miles-Teller,05.jpg,Fake,Yes,,Yes,Yes,Yes,,No,2026-08-07T16:26:39,2026-08-07T16:26:44
ID000234,Maggie-Smith,01.jpg,Real,Yes,Yes,Yes,Yes,,,Yes,2026-08-07T16:26:48,2026-08-07T16:26:51
ID000234,Maggie-Smith,01.jpg,Fake,Yes,,Yes,Yes,Yes,,Yes,2026-08-07T16:26:52,2026-08-07T16:26:57
ID000234,Maggie-Smith,02.jpg,Fake,Yes,,Yes,Yes,Yes,,Yes,2026-08-07T16:26:57,2026-08-07T16:27:00
ID000234,Maggie-Smith,03.jpg,Fake,Yes,,Yes,Yes,Yes,,Yes,2026-08-07T16:27:00,2026-08-07T16:27:02
ID000230,Lionel-Messi,01.jpg,Real,Yes,Yes,Yes,Yes,,,Yes,2026-08-07T16:27:03,2026-08-07T16:27:06
ID000230,Lionel-Messi,02.jpg,Real,Yes,Yes,Yes,Yes,,,Yes,2026-08-07T16:27:06,2026-08-07T16:27:08
ID000230,Lionel-Messi,01.jpg,Fake,Yes,,Yes,Yes,Yes,,No,2026-08-07T16:27:09,2026-08-07T16:27:11
ID000230,Lionel-Messi,02.jpg,Fake,Yes,,Yes,Yes,Yes,,No,2026-08-07T16:27:11,2026-08-07T16:27:14
ID000230,Lionel-Messi,03.jpg,Fake,Yes,,Yes,Yes,No,,Yes,2026-08-07T16:27:14,2026-08-07T16:27:18
ID000199,Justin-Timberlake,01.jpg,Real,Yes,Yes,Yes,Yes,,,Yes,2026-08-07T16:27:21,2026-08-07T16:27:24
ID000199,Justin-Timberlake,02.png,Real,Yes,Yes,Yes,Yes,,,Yes,2026-08-07T16:27:24,2026-08-07T16:27:26
ID000199,Justin-Timberlake,03.jpg,Real,Yes,Yes,Yes,Yes,,,Yes,2026-08-07T16:27:26,2026-08-07T16:27:29
ID000199,Justin-Timberlake,02.jpg,Fake,Yes,,No,Yes,No,,No,2026-08-07T16:27:30,2026-08-07T16:27:38
ID000199,Justin-Timberlake,03.jpg,Fake,No,,Yes,Yes,Yes,,No,2026-08-07T16:27:38,2026-08-07T16:27:42
ID000305,Robert-Downey-Jr,01.jpg,Real,Yes,Yes,Yes,Yes,,,Yes,2026-08-07T16:27:43,2026-08-07T16:27:45
ID000305,Robert-Downey-Jr,02.png,Real,Yes,Yes,Yes,Yes,,,Yes,2026-08-07T16:27:46,2026-08-07T16:27:48
ID000305,Robert-Downey-Jr,03.jpg,Real,Yes,Yes,Yes,Yes,,,Yes,2026-08-07T16:27:48,2026-08-07T16:27:51
ID000305,Robert-Downey-Jr,01.jpg,Fake,Yes,,Yes,Yes,Yes,,No,2026-08-07T16:27:52,2026-08-07T16:27:55
ID000305,Robert-Downey-Jr,02.jpg,Fake,Yes,,Yes,Yes,Yes,,No,2026-08-07T16:27:55,2026-08-07T16:27:57
ID000305,Robert-Downey-Jr,03.jpg,Fake,Yes,,Yes,Yes,Yes,,No,2026-08-07T16:27:58,2026-08-07T16:28:00
ID000305,Robert-Downey-Jr,04.png,Fake,Yes,,Yes,Yes,No,,Yes,2026-08-07T16:28:00,2026-08-07T16:28:05
ID000149,Imran-Kahn,01.jpg,Real,Yes,Yes,Yes,Yes,,,Yes,2026-08-07T16:28:07,2026-08-07T16:28:09
ID000149,Imran-Kahn,02.jpg,Real,Yes,Yes,Yes,Yes,,,Yes,2026-08-07T16:28:10,2026-08-07T16:28:12
ID000149,Imran-Kahn,01.jpg,Fake,Yes,,Yes,Yes,Yes,,No,2026-08-07T16:28:13,2026-08-07T16:28:16
ID000149,Imran-Kahn,03.jpg,Fake,Yes,,Yes,Yes,Yes,,No,2026-08-07T16:28:17,2026-08-07T16:28:19
ID000149,Imran-Kahn,06.png,Fake,Yes,,Yes,Yes,Yes,,Yes,2026-08-07T16:28:19,2026-08-07T16:28:23
ID000033,Ashton-Kutcher,01.jpg,Real,Yes,Yes,Yes,Yes,,,Yes,2026-08-07T16:28:29,2026-08-07T16:28:34
ID000033,Ashton-Kutcher,02.jpg,Real,Yes,Yes,Yes,Yes,,,Yes,2026-08-07T16:28:34,2026-08-07T16:28:37
ID000033,Ashton-Kutcher,01.jpg,Fake,Yes,,Yes,Yes,Yes,,Yes,2026-08-07T16:28:38,2026-08-07T16:28:41
ID000033,Ashton-Kutcher,02.jpg,Fake,No,,Yes,Yes,Yes,,No,2026-08-07T16:28:41,2026-08-07T16:28:44
ID000258,Michael-Keaton,01.jpg,Real,Yes,Yes,Yes,Yes,,,Yes,2026-08-07T16:28:45,2026-08-07T16:28:48
ID000258,Michael-Keaton,02.jpg,Real,Yes,Yes,Yes,Yes,,,Yes,2026-08-07T16:28:48,2026-08-07T16:28:54
ID000258,Michael-Keaton,01.jpg,Fake,No,,Yes,No,Yes,,No,2026-08-07T16:28:55,2026-08-07T16:29:03
ID000258,Michael-Keaton,02.jpg,Fake,Yes,,Yes,Yes,Yes,,Yes,2026-08-07T16:29:03,2026-08-07T16:29:17
ID000338,Song-Hye-Kyo,01.jpg,Real,Yes,Yes,Yes,Yes,,,Yes,2026-08-07T16:29:18,2026-08-07T16:29:21
ID000338,Song-Hye-Kyo,02.jpg,Real,Yes,Yes,Yes,Yes,,,Yes,2026-08-07T16:29:21,2026-08-07T16:29:26
ID000338,Song-Hye-Kyo,01.jpg,Fake,Yes,,Yes,Yes,No,,Yes,2026-08-07T16:29:27,2026-08-07T16:29:37
ID000338,Song-Hye-Kyo,02.jpg,Fake,Yes,,Yes,Yes,No,,Yes,2026-08-07T16:29:37,2026-08-07T16:29:43
ID000338,Song-Hye-Kyo,05.png,Fake,Yes,,Yes,Yes,Yes,,No,2026-08-07T16:29:43,2026-08-07T16:29:48
ID000096,Elizabeth-Banks,01.jpg,Real,Yes,Yes,Yes,Yes,,,Yes,2026-08-07T16:29:52,2026-08-07T16:29:56
ID000096,Elizabeth-Banks,02.jpg,Real,Yes,Yes,Yes,Yes,,,Yes,2026-08-07T16:29:56,2026-08-07T16:29:59
ID000096,Elizabeth-Banks,01.jpg,Fake,Yes,,Yes,Yes,Yes,,No,2026-08-07T16:30:00,2026-08-07T16:30:03
ID000096,Elizabeth-Banks,02.jpg,Fake,Yes,,Yes,Yes,Yes,,Yes,2026-08-07T16:30:03,2026-08-07T16:30:06
ID000096,Elizabeth-Banks,03.jpg,Fake,No,,Yes,Yes,No,,No,2026-08-07T16:30:07,2026-08-07T16:30:20
ID000096,Elizabeth-Banks,04.jpg,Fake,No,,Yes,Yes,No,,No,2026-08-07T16:30:20,2026-08-07T16:30:27
ID000135,Hardik-Panday,01.jpg,Real,Yes,Yes,Yes,Yes,,,Yes,2026-08-07T16:30:30,2026-08-07T16:30:33
ID000135,Hardik-Panday,1.png,Fake,Yes,,Yes,Yes,Yes,,Yes,2026-08-07T16:30:34,2026-08-07T16:30:40
ID000135,Hardik-Panday,2.jpg,Fake,Yes,,Yes,Yes,Yes,,No,2026-08-07T16:30:40,2026-08-07T16:30:43
ID000350,Tian-Xi-Wei,01.jpg,Real,Yes,Yes,Yes,Yes,,,Yes,2026-08-07T16:30:49,2026-08-07T16:30:53
ID000350,Tian-Xi-Wei,01.png,Fake,Yes,,Yes,Yes,Yes,,Yes,2026-08-07T16:30:55,2026-08-07T16:30:59
ID000358,Tony-Leung-Chiu-Wai,01.jpg,Real,Yes,Yes,Yes,Yes,,,Yes,2026-08-07T16:31:00,2026-08-07T16:31:05
ID000358,Tony-Leung-Chiu-Wai,02.jpg,Real,Yes,Yes,Yes,Yes,,,Yes,2026-08-07T16:31:06,2026-08-07T16:31:10
ID000358,Tony-Leung-Chiu-Wai,03.jpg,Real,Yes,Yes,Yes,Yes,,,Yes,2026-08-07T16:31:11,2026-08-07T16:31:15
ID000358,Tony-Leung-Chiu-Wai,01.jpg,Fake,Yes,,Yes,Yes,No,,Yes,2026-08-07T16:31:18,2026-08-07T16:31:22
ID000358,Tony-Leung-Chiu-Wai,02.jpg,Fake,Yes,,Yes,Yes,No,,Yes,2026-08-07T16:31:23,2026-08-07T16:31:26
ID000329,Shai-Hope,01.jpg,Real,Yes,Yes,Yes,Yes,,,Yes,2026-08-07T16:31:27,2026-08-07T16:31:34
ID000329,Shai-Hope,02.png,Real,Yes,Yes,Yes,Yes,,,Yes,2026-08-07T16:31:34,2026-08-07T16:31:37
ID000329,Shai-Hope,03.jpg,Real,Yes,Yes,Yes,Yes,,,Yes,2026-08-07T16:31:37,2026-08-07T16:31:41
ID000329,Shai-Hope,01.jpg,Fake,No,,Yes,Yes,Yes,,No,2026-08-07T16:31:43,2026-08-07T16:31:49
ID000329,Shai-Hope,1.png,Fake,Yes,,Yes,Yes,No,,Yes,2026-08-07T16:31:49,2026-08-07T16:31:56
ID000198,Jungkook,01.png,Real,Yes,Yes,Yes,Yes,,,Yes,2026-08-07T16:31:57,2026-08-07T16:32:00
ID000198,Jungkook,02.jpg,Real,Yes,Yes,Yes,Yes,,,Yes,2026-08-07T16:32:00,2026-08-07T16:32:03
ID000198,Jungkook,01.jpg,Fake,Yes,,Yes,Yes,Yes,,No,2026-08-07T16:32:04,2026-08-07T16:32:06
ID000198,Jungkook,02.jpg,Fake,Yes,,Yes,Yes,Yes,,No,2026-08-07T16:32:07,2026-08-07T16:32:09
ID000198,Jungkook,03.jpg,Fake,Yes,,Yes,Yes,Yes,,No,2026-08-07T16:32:09,2026-08-07T16:32:13
ID000198,Jungkook,04.png,Fake,Yes,,Yes,Yes,No,,Yes,2026-08-07T16:32:14,2026-08-07T16:32:17
ID000092,Dwayne-Johnson,01.png,Real,Yes,Yes,Yes,Yes,,,Yes,2026-08-07T16:32:20,2026-08-07T16:32:23
ID000092,Dwayne-Johnson,02.jpg,Real,Yes,Yes,Yes,Yes,,,Yes,2026-08-07T16:32:23,2026-08-07T16:32:25
ID000092,Dwayne-Johnson,02.png,Fake,Yes,,Yes,Yes,No,,Yes,2026-08-07T16:32:26,2026-08-07T16:32:31
ID000092,Dwayne-Johnson,03.jpg,Fake,Yes,,Yes,Yes,Yes,,No,2026-08-07T16:32:31,2026-08-07T16:32:34
ID000092,Dwayne-Johnson,04.jpg,Fake,Yes,,Yes,Yes,Yes,,No,2026-08-07T16:32:34,2026-08-07T16:32:37
ID000092,Dwayne-Johnson,05.jpg,Fake,Yes,,Yes,Yes,Yes,,No,2026-08-07T16:32:37,2026-08-07T16:32:40
ID000075,Christopher-Nolan,01.jpg,Real,Yes,Yes,Yes,Yes,,,Yes,2026-08-07T16:32:42,2026-08-07T16:32:47
ID000075,Christopher-Nolan,02.jpg,Real,Yes,Yes,Yes,Yes,,,Yes,2026-08-07T16:32:47,2026-08-07T16:32:50
ID000075,Christopher-Nolan,03.jpg,Real,Yes,Yes,Yes,Yes,,,Yes,2026-08-07T16:32:50,2026-08-07T16:32:53
ID000075,Christopher-Nolan,01.jpg,Fake,No,,No,Yes,Yes,,No,2026-08-07T16:32:55,2026-08-07T16:33:04
ID000075,Christopher-Nolan,02.jpg,Fake,Yes,,Yes,Yes,Yes,,Yes,2026-08-07T16:33:04,2026-08-07T16:33:11
ID000075,Christopher-Nolan,03.jpg,Fake,No,,Yes,Yes,Yes,,No,2026-08-07T16:33:11,2026-08-07T16:33:20
ID000161,Jamie-Lee-Curtis,01.jpg,Real,Yes,Yes,Yes,Yes,,,Yes,2026-08-07T16:33:21,2026-08-07T16:33:25
ID000161,Jamie-Lee-Curtis,02.jpg,Real,Yes,Yes,Yes,Yes,,,Yes,2026-08-07T16:33:25,2026-08-07T16:33:27
ID000161,Jamie-Lee-Curtis,01.jpg,Fake,Yes,,Yes,Yes,Yes,,Yes,2026-08-07T16:33:30,2026-08-07T16:33:35
ID000161,Jamie-Lee-Curtis,02.jpg,Fake,Yes,,Yes,Yes,No,,Yes,2026-08-07T16:33:35,2026-08-07T16:33:38
ID000161,Jamie-Lee-Curtis,03.jpg,Fake,No,,Yes,Yes,Yes,,No,2026-08-07T16:33:38,2026-08-07T16:33:41
ID000161,Jamie-Lee-Curtis,04.jpg,Fake,Yes,,Yes,Yes,No,,Yes,2026-08-07T16:33:41,2026-08-07T16:33:45
ID000281,Nick-Nolte,01.jpg,Real,Yes,Yes,Yes,Yes,,,Yes,2026-08-07T16:33:46,2026-08-07T16:33:52
ID000281,Nick-Nolte,02.jpg,Real,Yes,Yes,Yes,Yes,,,Yes,2026-08-07T16:33:52,2026-08-07T16:33:55
ID000281,Nick-Nolte,03.jpg,Real,Yes,Yes,Yes,Yes,,,Yes,2026-08-07T16:33:55,2026-08-07T16:33:59
ID000281,Nick-Nolte,01.jpg,Fake,Yes,,Yes,Yes,Yes,,Yes,2026-08-07T16:34:00,2026-08-07T16:34:02
ID000281,Nick-Nolte,02.jpg,Fake,Yes,,Yes,Yes,Yes,,Yes,2026-08-07T16:34:02,2026-08-07T16:34:06
ID000219,Kurt-Russell,01.jpg,Real,Yes,Yes,Yes,Yes,,,Yes,2026-08-07T16:34:06,2026-08-07T16:34:10
ID000219,Kurt-Russell,01.jpg,Fake,Yes,,Yes,Yes,Yes,,Yes,2026-08-07T16:34:31,2026-08-07T16:34:32
ID000219,Kurt-Russell,02.jpg,Fake,No,,Yes,Yes,Yes,,No,2026-08-07T16:34:32,2026-08-07T16:34:33
ID000132,Hande-Ercel,01.jpg,Real,Yes,Yes,Yes,Yes,,,Yes,2026-08-07T16:34:33,2026-08-07T16:34:39
ID000132,Hande-Ercel,02.jpg,Real,Yes,Yes,Yes,Yes,,,Yes,2026-08-07T16:34:39,2026-08-07T16:34:41
ID000132,Hande-Ercel,01.jpg,Fake,Yes,,Yes,Yes,No,,Yes,2026-08-07T16:34:42,2026-08-07T16:34:46
ID000132,Hande-Ercel,02.jpg,Fake,Yes,,Yes,Yes,No,,Yes,2026-08-07T16:34:46,2026-08-07T16:34:49
ID000132,Hande-Ercel,04.png,Fake,Yes,,Yes,Yes,No,,Yes,2026-08-07T16:34:49,2026-08-07T16:34:53
ID000084,David-Miller,01.png,Real,Yes,Yes,Yes,Yes,,,Yes,2026-08-07T16:34:54,2026-08-07T16:34:59
ID000084,David-Miller,01.jpg,Fake,No,,Yes,Yes,Yes,,No,2026-08-07T16:35:00,2026-08-07T16:35:06
ID000084,David-Miller,02.jpg,Fake,Yes,,Yes,Yes,Yes,,Yes,2026-08-07T16:35:06,2026-08-07T16:35:11
ID000145,IU,01.jpg,Real,Yes,Yes,Yes,Yes,,,Yes,2026-08-07T16:35:11,2026-08-07T16:35:15
ID000145,IU,01.jpg,Fake,Yes,,Yes,Yes,No,,Yes,2026-08-07T16:35:25,2026-08-07T16:35:29
ID000145,IU,02.jpg,Fake,Yes,,Yes,Yes,Yes,,No,2026-08-07T16:35:29,2026-08-07T16:35:30
ID000145,IU,03.jpg,Fake,Yes,,Yes,Yes,Yes,,No,2026-08-07T16:35:30,2026-08-07T16:35:38
ID000145,IU,04.jpg,Fake,Yes,,Yes,Yes,Yes,,No,2026-08-07T16:35:38,2026-08-07T16:35:42
ID000059,Cameron-Diaz,01.jpg,Real,Yes,Yes,Yes,Yes,,,Yes,2026-08-07T16:35:45,2026-08-07T16:35:48
ID000059,Cameron-Diaz,01.jpg,Fake,Yes,,Yes,Yes,Yes,,No,2026-08-07T16:35:49,2026-08-07T16:35:52
ID000059,Cameron-Diaz,02.jpg,Fake,Yes,,Yes,Yes,No,,Yes,2026-08-07T16:35:52,2026-08-07T16:35:55
ID000059,Cameron-Diaz,03.jpg,Fake,Yes,,Yes,Yes,Yes,,No,2026-08-07T16:35:55,2026-08-07T16:35:58
ID000059,Cameron-Diaz,04.jpg,Fake,Yes,,Yes,Yes,Yes,,No,2026-08-07T16:35:58,2026-08-07T16:36:01
ID000069,Chlo-Grace-Moretz,01.jpg,Real,Yes,Yes,Yes,Yes,,,Yes,2026-08-07T16:36:04,2026-08-07T16:36:11
ID000069,Chlo-Grace-Moretz,02.jpg,Real,Yes,Yes,Yes,Yes,,,Yes,2026-08-07T16:36:11,2026-08-07T16:36:14
ID000069,Chlo-Grace-Moretz,03.jpg,Real,Yes,Yes,Yes,Yes,,,Yes,2026-08-07T16:36:14,2026-08-07T16:36:17
ID000069,Chlo-Grace-Moretz,01.jpg,Fake,Yes,,Yes,Yes,Yes,,No,2026-08-07T16:36:17,2026-08-07T16:36:20
ID000069,Chlo-Grace-Moretz,02.jpg,Fake,Yes,,Yes,Yes,Yes,,No,2026-08-07T16:36:20,2026-08-07T16:36:24
ID000069,Chlo-Grace-Moretz,03.jpg,Fake,Yes,,Yes,Yes,No,,Yes,2026-08-07T16:36:24,2026-08-07T16:36:28
ID000069,Chlo-Grace-Moretz,04.jpg,Fake,Yes,,Yes,Yes,No,,Yes,2026-08-07T16:36:28,2026-08-07T16:36:32
ID000069,Chlo-Grace-Moretz,05.jpg,Fake,Yes,,Yes,Yes,Yes,,No,2026-08-07T16:36:32,2026-08-07T16:36:35
ID000069,Chlo-Grace-Moretz,06.jpg,Fake,Yes,,Yes,Yes,Yes,,No,2026-08-07T16:36:35,2026-08-07T16:36:38
ID000235,Mahatma-Gandhi,01.jpg,Real,Yes,Yes,Yes,Yes,,,Yes,2026-08-07T16:36:42,2026-08-07T16:36:46
ID000235,Mahatma-Gandhi,02.jpg,Real,Yes,Yes,Yes,Yes,,,Yes,2026-08-07T16:36:46,2026-08-07T16:36:53
ID000235,Mahatma-Gandhi,03.jpg,Real,Yes,Yes,Yes,Yes,,,Yes,2026-08-07T16:36:53,2026-08-07T16:37:11
ID000235,Mahatma-Gandhi,01.jpg,Fake,Yes,,Yes,Yes,Yes,,Yes,2026-08-07T16:37:14,2026-08-07T16:37:18
ID000235,Mahatma-Gandhi,02.png,Fake,Yes,,Yes,Yes,Yes,,Yes,2026-08-07T16:37:18,2026-08-07T16:37:22
ID000344,Sydney-Sweeney,01.jpg,Real,Yes,Yes,Yes,Yes,,,Yes,2026-08-07T16:37:23,2026-08-07T16:37:29
ID000344,Sydney-Sweeney,02.jpg,Real,Yes,Yes,Yes,Yes,,,Yes,2026-08-07T16:37:29,2026-08-07T16:37:32
ID000344,Sydney-Sweeney,01.jpg,Fake,No,,Yes,Yes,Yes,,No,2026-08-07T16:37:34,2026-08-07T16:37:37
ID000344,Sydney-Sweeney,04.jpg,Fake,Yes,,Yes,Yes,No,,Yes,2026-08-07T16:37:37,2026-08-07T16:37:41
ID000344,Sydney-Sweeney,06.png,Fake,Yes,,Yes,Yes,Yes,,No,2026-08-07T16:37:41,2026-08-07T16:37:45
ID000245,Mark-Zukerberg,01.jpg,Real,Yes,Yes,Yes,Yes,,,Yes,2026-08-07T16:37:49,2026-08-07T16:37:51
ID000245,Mark-Zukerberg,02.jpg,Real,Yes,Yes,Yes,Yes,,,Yes,2026-08-07T16:37:51,2026-08-07T16:37:54
ID000245,Mark-Zukerberg,03.jpg,Real,Yes,Yes,Yes,Yes,,,Yes,2026-08-07T16:37:54,2026-08-07T16:37:56
ID000245,Mark-Zukerberg,01.jpg,Fake,Yes,,Yes,Yes,Yes,,No,2026-08-07T16:37:57,2026-08-07T16:38:00
ID000245,Mark-Zukerberg,02.jpg,Fake,Yes,,Yes,Yes,Yes,,No,2026-08-07T16:38:00,2026-08-07T16:38:02
ID000245,Mark-Zukerberg,03.jpg,Fake,Yes,,Yes,Yes,No,,Yes,2026-08-07T16:38:02,2026-08-07T16:38:06
ID000250,Matt-Damon,01.jpg,Real,Yes,Yes,Yes,Yes,,,Yes,2026-08-07T16:38:09,2026-08-07T16:38:12
ID000250,Matt-Damon,02.jpg,Real,Yes,Yes,Yes,Yes,,,Yes,2026-08-07T16:38:12,2026-08-07T16:38:15
ID000250,Matt-Damon,03.jpg,Real,Yes,Yes,Yes,Yes,,,Yes,2026-08-07T16:38:15,2026-08-07T16:38:17
ID000250,Matt-Damon,01.jpg,Fake,Yes,,Yes,Yes,Yes,,Yes,2026-08-07T16:38:19,2026-08-07T16:38:21
ID000250,Matt-Damon,02.jpg,Fake,Yes,,Yes,Yes,Yes,,Yes,2026-08-07T16:38:21,2026-08-07T16:38:24
ID000253,Matthew-Broderick,01.jpg,Real,Yes,Yes,Yes,Yes,,,Yes,2026-08-07T16:38:26,2026-08-07T16:38:30
ID000253,Matthew-Broderick,02.jpg,Real,Yes,Yes,Yes,Yes,,,Yes,2026-08-07T16:38:30,2026-08-07T16:38:33
ID000253,Matthew-Broderick,01.jpg,Fake,Yes,,No,Yes,Yes,,No,2026-08-07T16:38:36,2026-08-07T16:38:41
ID000253,Matthew-Broderick,02.jpg,Fake,Yes,,Yes,Yes,Yes,,Yes,2026-08-07T16:38:41,2026-08-07T16:38:46
ID000373,Xiao-Zhan,01.jpg,Real,Yes,Yes,Yes,Yes,,,Yes,2026-08-07T16:38:47,2026-08-07T16:38:50
ID000373,Xiao-Zhan,02.jpg,Real,Yes,Yes,Yes,Yes,,,Yes,2026-08-07T16:38:51,2026-08-07T16:38:53
ID000373,Xiao-Zhan,03.jpg,Real,Yes,Yes,Yes,Yes,,,Yes,2026-08-07T16:38:53,2026-08-07T16:38:56
ID000373,Xiao-Zhan,01.jpg,Fake,Yes,,Yes,Yes,No,,Yes,2026-08-07T16:38:57,2026-08-07T16:39:03
ID000373,Xiao-Zhan,02.jpg,Fake,Yes,,Yes,Yes,Yes,,No,2026-08-07T16:39:03,2026-08-07T16:39:06
ID000373,Xiao-Zhan,03.jpg,Fake,Yes,,Yes,Yes,Yes,,No,2026-08-07T16:39:06,2026-08-07T16:39:08
ID000105,Engin Altan,01.jpg,Real,Yes,Yes,Yes,Yes,,,Yes,2026-08-07T16:39:13,2026-08-07T16:39:17
ID000105,Engin Altan,02.jpg,Real,Yes,Yes,Yes,Yes,,,Yes,2026-08-07T16:39:17,2026-08-07T16:39:19
ID000105,Engin Altan,03.jpg,Real,Yes,Yes,Yes,Yes,,,Yes,2026-08-07T16:39:19,2026-08-07T16:39:24
ID000105,Engin Altan,01.jpg,Fake,No,,Yes,Yes,No,,No,2026-08-07T16:39:25,2026-08-07T16:39:36
ID000105,Engin Altan,01.png,Fake,Yes,,Yes,Yes,No,,Yes,2026-08-07T16:39:36,2026-08-07T16:39:41
ID000105,Engin Altan,02.jpg,Fake,No,,Yes,Yes,Yes,,No,2026-08-07T16:39:41,2026-08-07T16:39:46
ID000047,Beyonacca,01.png,Real,Yes,Yes,Yes,Yes,,,Yes,2026-08-07T16:39:47,2026-08-07T16:39:52
ID000047,Beyonacca,01.png,Fake,Yes,,Yes,Yes,No,,Yes,2026-08-07T16:39:53,2026-08-07T16:39:58
ID000047,Beyonacca,02.jpg,Fake,Yes,,Yes,Yes,Yes,,Yes,2026-08-07T16:39:58,2026-08-07T16:40:01
ID000047,Beyonacca,03.jpg,Fake,No,,Yes,Yes,Yes,,No,2026-08-07T16:40:01,2026-08-07T16:40:04
ID000326,Seerna-William,01.jpg,Real,Yes,Yes,Yes,Yes,,,Yes,2026-08-07T16:40:05,2026-08-07T16:40:09
ID000326,Seerna-William,1.png,Fake,Yes,,Yes,Yes,Yes,,Yes,2026-08-07T16:40:10,2026-08-07T16:40:13
ID000192,Josh-Brolin,01.jpg,Real,Yes,Yes,Yes,Yes,,,Yes,2026-08-07T16:40:14,2026-08-07T16:40:17
ID000192,Josh-Brolin,01.png,Fake,No,,Yes,Yes,Yes,,No,2026-08-07T16:40:18,2026-08-07T16:40:25
ID000192,Josh-Brolin,02.jpg,Fake,No,,Yes,Yes,Yes,,No,2026-08-07T16:40:26,2026-08-07T16:40:31
ID000192,Josh-Brolin,03.jpg,Fake,Yes,,Yes,Yes,Yes,,Yes,2026-08-07T16:40:32,2026-08-07T16:40:35
ID000192,Josh-Brolin,04.jpg,Fake,Yes,,Yes,Yes,Yes,,Yes,2026-08-07T16:40:35,2026-08-07T16:40:38
ID000336,Sigourney-Weaver,01.jpg,Real,Yes,Yes,Yes,Yes,,,Yes,2026-08-07T16:40:39,2026-08-07T16:40:53
ID000336,Sigourney-Weaver,02.jpg,Real,Yes,Yes,Yes,Yes,,,Yes,2026-08-07T16:40:53,2026-08-07T16:40:55
ID000336,Sigourney-Weaver,01.jpg,Fake,Yes,,Yes,Yes,Yes,,Yes,2026-08-07T16:40:57,2026-08-07T16:40:59
ID000336,Sigourney-Weaver,02.jpg,Fake,Yes,,Yes,Yes,Yes,,Yes,2026-08-07T16:40:59,2026-08-07T16:41:02
ID000336,Sigourney-Weaver,03.jpg,Fake,No,,Yes,Yes,Yes,,No,2026-08-07T16:41:02,2026-08-07T16:41:12
ID000336,Sigourney-Weaver,04.jpg,Fake,No,,Yes,Yes,Yes,,No,2026-08-07T16:41:13,2026-08-07T16:41:18
ID000311,Rohit-Paudel,01.jpg,Real,Yes,Yes,Yes,Yes,,,Yes,2026-08-07T16:41:20,2026-08-07T16:41:25
ID000311,Rohit-Paudel,02.webp,Real,Yes,Yes,Yes,Yes,,,Yes,2026-08-07T16:41:25,2026-08-07T16:41:28
ID000311,Rohit-Paudel,03.png,Real,Yes,Yes,Yes,Yes,,,Yes,2026-08-07T16:41:28,2026-08-07T16:41:32
ID000311,Rohit-Paudel,1.png,Fake,Yes,,Yes,Yes,No,,Yes,2026-08-07T16:41:33,2026-08-07T16:41:37
ID000391,sally-bundock,01.jpg,Real,Yes,Yes,Yes,Yes,,,Yes,2026-08-07T16:41:38,2026-08-07T16:41:43
ID000391,sally-bundock,02.jpg,Real,Yes,Yes,Yes,Yes,,,Yes,2026-08-07T16:41:43,2026-08-07T16:41:47
ID000391,sally-bundock,01.png,Fake,Yes,,Yes,Yes,No,,No,2026-08-07T16:41:48,2026-08-07T16:41:54
ID000391,sally-bundock,02.png,Fake,Yes,,Yes,Yes,No,,Yes,2026-08-07T16:41:54,2026-08-07T16:41:59
ID000225,LeBron-James,01.jpg,Real,Yes,Yes,Yes,Yes,,,Yes,2026-08-07T16:42:04,2026-08-07T16:42:07
ID000225,LeBron-James,02.png,Real,Yes,Yes,Yes,Yes,,,Yes,2026-08-07T16:42:07,2026-08-07T16:42:10
ID000225,LeBron-James,03.jpg,Real,Yes,Yes,Yes,Yes,,,Yes,2026-08-07T16:42:10,2026-08-07T16:42:12
ID000225,LeBron-James,01.jpg,Fake,Yes,,Yes,Yes,Yes,,Yes,2026-08-07T16:42:13,2026-08-07T16:42:16
ID000225,LeBron-James,02.jpg,Fake,No,,No,Yes,Yes,,No,2026-08-07T16:42:16,2026-08-07T16:42:26
ID000225,LeBron-James,06.png,Fake,Yes,,Yes,No,No,,No,2026-08-07T16:42:26,2026-08-07T16:42:32
ID000371,Woody-Allen,01.jpg,Real,Yes,Yes,Yes,Yes,,,Yes,2026-08-07T16:42:34,2026-08-07T16:42:37
ID000371,Woody-Allen,01.jpg,Fake,Yes,,Yes,Yes,Yes,,No,2026-08-07T16:42:38,2026-08-07T16:42:42
ID000371,Woody-Allen,02.jpg,Fake,Yes,,Yes,Yes,Yes,,No,2026-08-07T16:42:42,2026-08-07T16:42:45
ID000371,Woody-Allen,03.jpg,Fake,No,,Yes,Yes,Yes,,No,2026-08-07T16:42:45,2026-08-07T16:42:49
ID000371,Woody-Allen,04.jpg,Fake,Yes,,Yes,Yes,Yes,,Yes,2026-08-07T16:42:49,2026-08-07T16:42:52
ID000371,Woody-Allen,05.jpg,Fake,Yes,,Yes,Yes,Yes,,No,2026-08-07T16:42:52,2026-08-07T16:42:55
ID000371,Woody-Allen,06.jpg,Fake,Yes,,Yes,Yes,Yes,,No,2026-08-07T16:42:55,2026-08-07T16:42:57
ID000182,John-Cusack,01.jpg,Real,Yes,Yes,Yes,Yes,,,Yes,2026-08-07T16:43:05,2026-08-07T16:43:09
ID000182,John-Cusack,02.jpg,Real,Yes,Yes,Yes,Yes,,,Yes,2026-08-07T16:43:09,2026-08-07T16:43:12
ID000182,John-Cusack,01.jpg,Fake,Yes,,Yes,Yes,Yes,,Yes,2026-08-07T16:43:13,2026-08-07T16:43:15
ID000182,John-Cusack,02.jpg,Fake,No,,Yes,Yes,Yes,,No,2026-08-07T16:43:15,2026-08-07T16:43:20
ID000182,John-Cusack,03.jpg,Fake,No,,Yes,Yes,Yes,,No,2026-08-07T16:43:20,2026-08-07T16:43:27
ID000182,John-Cusack,04.jpg,Fake,No,,Yes,Yes,Yes,,No,2026-08-07T16:43:27,2026-08-07T16:43:35
ID000262,Michelle-Pfeiffer,01.jpg,Real,Yes,Yes,Yes,Yes,,,Yes,2026-08-07T16:43:36,2026-08-07T16:43:39
ID000262,Michelle-Pfeiffer,02.jpg,Real,Yes,Yes,Yes,Yes,,,Yes,2026-08-07T16:43:39,2026-08-07T16:43:42
ID000262,Michelle-Pfeiffer,01.jpg,Fake,No,,Yes,Yes,Yes,,No,2026-08-07T16:43:43,2026-08-07T16:43:46
ID000262,Michelle-Pfeiffer,02.jpg,Fake,Yes,,Yes,Yes,No,,Yes,2026-08-07T16:43:46,2026-08-07T16:43:51
ID000262,Michelle-Pfeiffer,03.jpg,Fake,Yes,,Yes,Yes,Yes,,Yes,2026-08-07T16:43:51,2026-08-07T16:43:54
ID000262,Michelle-Pfeiffer,04.jpg,Fake,No,,Yes,Yes,No,,No,2026-08-07T16:43:54,2026-08-07T16:44:08
ID000394,taylor-swift,01.png,Real,Yes,Yes,Yes,Yes,,,Yes,2026-08-07T16:44:09,2026-08-07T16:44:12
ID000394,taylor-swift,02.jpg,Real,Yes,Yes,Yes,Yes,,,Yes,2026-08-07T16:44:13,2026-08-07T16:44:16
ID000394,taylor-swift,01.jpg,Fake,Yes,,Yes,Yes,Yes,,No,2026-08-07T16:44:17,2026-08-07T16:44:20
ID000394,taylor-swift,02.png,Fake,Yes,,Yes,Yes,No,,Yes,2026-08-07T16:44:20,2026-08-07T16:44:22
ID000231,Lisa,01.jpg,Real,Yes,Yes,Yes,Yes,,,Yes,2026-08-07T16:44:25,2026-08-07T16:44:30
ID000231,Lisa,55.png,Real,Yes,Yes,Yes,Yes,,,Yes,2026-08-07T16:44:30,2026-08-07T16:44:33
ID000231,Lisa,02.jpg,Fake,Yes,,Yes,Yes,Yes,,No,2026-08-07T16:44:33,2026-08-07T16:44:39
ID000231,Lisa,03.jpg,Fake,Yes,,Yes,Yes,Yes,,No,2026-08-07T16:44:39,2026-08-07T16:44:42
ID000231,Lisa,55.png,Fake,Yes,,Yes,Yes,No,,Yes,2026-08-07T16:44:42,2026-08-07T16:44:46
ID000301,Richard-Gere,01.jpg,Real,Yes,Yes,Yes,Yes,,,Yes,2026-08-07T16:44:48,2026-08-07T16:44:52
ID000301,Richard-Gere,01.jpg,Fake,Yes,,Yes,Yes,Yes,,Yes,2026-08-07T16:44:52,2026-08-07T16:44:55
ID000301,Richard-Gere,02.jpg,Fake,No,,Yes,Yes,Yes,,No,2026-08-07T16:44:55,2026-08-07T16:45:00
ID000301,Richard-Gere,03.jpg,Fake,Yes,,Yes,Yes,Yes,,Yes,2026-08-07T16:45:00,2026-08-07T16:45:04
ID000301,Richard-Gere,04.jpg,Fake,Yes,,Yes,Yes,Yes,,Yes,2026-08-07T16:45:04,2026-08-07T16:45:06
ID000301,Richard-Gere,05.jpg,Fake,No,,Yes,Yes,Yes,,No,2026-08-07T16:45:06,2026-08-07T16:45:10
ID000174,Jessica-Alba,01.jpg,Real,Yes,Yes,Yes,Yes,,,Yes,2026-08-07T16:45:19,2026-08-07T16:45:20
ID000174,Jessica-Alba,02.jpg,Real,Yes,Yes,Yes,Yes,,,Yes,2026-08-07T16:45:20,2026-08-07T16:45:20
ID000174,Jessica-Alba,03.jpg,Real,Yes,Yes,Yes,Yes,,,Yes,2026-08-07T16:45:20,2026-08-07T16:45:24
ID000174,Jessica-Alba,01.jpg,Fake,Yes,,Yes,Yes,Yes,,No,2026-08-07T16:45:25,2026-08-07T16:45:28
ID000174,Jessica-Alba,02.jpg,Fake,No,,Yes,Yes,Yes,,No,2026-08-07T16:45:28,2026-08-07T16:45:33
ID000174,Jessica-Alba,03.jpg,Fake,Yes,,Yes,Yes,Yes,,Yes,2026-08-07T16:45:34,2026-08-07T16:45:40
ID000383,keiko-kitagawa,01.jpg,Real,Yes,Yes,Yes,Yes,,,Yes,2026-08-07T16:45:43,2026-08-07T16:46:22
ID000383,keiko-kitagawa,02.jpg,Real,Yes,Yes,Yes,Yes,,,Yes,2026-08-07T16:46:22,2026-08-07T16:46:24
ID000383,keiko-kitagawa,03.jpg,Real,Yes,Yes,Yes,Yes,,,Yes,2026-08-07T16:46:24,2026-08-07T16:46:27
ID000383,keiko-kitagawa,01.jpg,Fake,Yes,,Yes,Yes,Yes,,No,2026-08-07T16:46:28,2026-08-07T16:46:33
ID000383,keiko-kitagawa,02.jpg,Fake,Yes,,Yes,Yes,Yes,,No,2026-08-07T16:46:33,2026-08-07T16:46:37
ID000383,keiko-kitagawa,03.jpg,Fake,Yes,,Yes,Yes,No,,Yes,2026-08-07T16:46:37,2026-08-07T16:46:46
ID000134,Hannah-Stocking,01.png,Real,Yes,Yes,Yes,Yes,,,Yes,2026-08-07T16:46:50,2026-08-07T16:46:55
ID000134,Hannah-Stocking,02.jpg,Real,Yes,Yes,Yes,Yes,,,Yes,2026-08-07T16:46:56,2026-08-07T16:46:58
ID000134,Hannah-Stocking,01.jpg,Fake,Yes,,Yes,Yes,Yes,,No,2026-08-07T16:47:00,2026-08-07T16:47:09
ID000134,Hannah-Stocking,02.jpg,Fake,Yes,,Yes,Yes,Yes,,No,2026-08-07T16:47:09,2026-08-07T16:47:18
ID000134,Hannah-Stocking,03.jpg,Fake,Yes,,Yes,Yes,Yes,,Yes,2026-08-07T16:47:18,2026-08-07T16:47:25
ID000134,Hannah-Stocking,04.jpg,Fake,No,,Yes,Yes,Yes,,No,2026-08-07T16:47:25,2026-08-07T16:47:35
ID000378,captin-pat-cumins,01.jpg,Real,Yes,Yes,Yes,Yes,,,Yes,2026-08-07T16:47:42,2026-08-07T16:47:45
ID000378,captin-pat-cumins,02.jpg,Real,Yes,Yes,Yes,Yes,,,Yes,2026-08-07T16:47:45,2026-08-07T16:47:48
ID000378,captin-pat-cumins,03.jpg,Real,Yes,Yes,Yes,Yes,,,Yes,2026-08-07T16:47:48,2026-08-07T16:47:51
ID000378,captin-pat-cumins,01.jpg,Fake,No,,Yes,Yes,Yes,,No,2026-08-07T16:47:53,2026-08-07T16:48:05
ID000324,Sean-Penn,01.jpg,Real,Yes,Yes,Yes,Yes,,,Yes,2026-08-07T16:48:07,2026-08-07T16:48:11
ID000324,Sean-Penn,02.jpg,Real,Yes,Yes,Yes,Yes,,,Yes,2026-08-07T16:48:11,2026-08-07T16:48:15
ID000324,Sean-Penn,01.jpg,Fake,Yes,,Yes,Yes,Yes,,Yes,2026-08-07T16:48:15,2026-08-07T16:48:23
ID000324,Sean-Penn,02.png,Fake,No,,Yes,Yes,No,,No,2026-08-07T16:48:23,2026-08-07T16:48:28
ID000324,Sean-Penn,03.jpg,Fake,No,,Yes,Yes,Yes,,No,2026-08-07T16:48:28,2026-08-07T16:48:43
ID000285,Norman-Swan,01.jpg,Real,Yes,Yes,Yes,Yes,,,Yes,2026-08-07T16:48:44,2026-08-07T16:48:49
ID000285,Norman-Swan,02.jpg,Real,Yes,Yes,Yes,Yes,,,Yes,2026-08-07T16:48:49,2026-08-07T16:48:51
ID000285,Norman-Swan,03.jpg,Real,Yes,Yes,Yes,Yes,,,Yes,2026-08-07T16:48:51,2026-08-07T16:48:54
ID000285,Norman-Swan,02.jpg,Fake,Yes,,Yes,Yes,No,,No,2026-08-07T16:48:55,2026-08-07T16:48:59
ID000285,Norman-Swan,03.png,Fake,Yes,,Yes,Yes,No,,Yes,2026-08-07T16:48:59,2026-08-07T16:49:02
ID000377,angela-merkel,01.jpg,Real,Yes,Yes,Yes,Yes,,,Yes,2026-08-07T16:49:04,2026-08-07T16:49:09
ID000377,angela-merkel,02.jpg,Real,Yes,Yes,Yes,Yes,,,Yes,2026-08-07T16:49:09,2026-08-07T16:49:12
ID000377,angela-merkel,01.jpg,Fake,Yes,,Yes,Yes,Yes,,Yes,2026-08-07T16:49:14,2026-08-07T16:49:22
ID000354,Timothée-Chalamet,01.jpg,Real,Yes,Yes,Yes,Yes,,,Yes,2026-08-07T16:49:23,2026-08-07T16:49:27
ID000354,Timothée-Chalamet,02.jpg,Real,Yes,Yes,Yes,Yes,,,Yes,2026-08-07T16:49:27,2026-08-07T16:49:30
ID000354,Timothée-Chalamet,03.jpg,Real,Yes,Yes,Yes,Yes,,,Yes,2026-08-07T16:49:30,2026-08-07T16:49:33
ID000354,Timothée-Chalamet,01.jpg,Fake,Yes,,Yes,Yes,Yes,,No,2026-08-07T16:49:35,2026-08-07T16:49:38
ID000354,Timothée-Chalamet,02.jpg,Fake,Yes,,Yes,Yes,Yes,,No,2026-08-07T16:49:38,2026-08-07T16:49:40
ID000354,Timothée-Chalamet,03.jpg,Fake,Yes,,Yes,Yes,Yes,,No,2026-08-07T16:49:40,2026-08-07T16:49:44
ID000354,Timothée-Chalamet,04.jpg,Fake,Yes,,Yes,Yes,Yes,,No,2026-08-07T16:49:44,2026-08-07T16:49:47
ID000354,Timothée-Chalamet,05.png,Fake,Yes,,Yes,Yes,No,,Yes,2026-08-07T16:49:47,2026-08-07T16:49:51
ID000266,Mina,01.jpg,Real,Yes,Yes,Yes,Yes,,,Yes,2026-08-07T16:49:53,2026-08-07T16:49:56
ID000266,Mina,02.jpg,Real,Yes,Yes,Yes,Yes,,,Yes,2026-08-07T16:49:56,2026-08-07T16:49:59
ID000266,Mina,01.jpg,Fake,No,,Yes,Yes,Yes,,No,2026-08-07T16:50:00,2026-08-07T16:50:04
ID000266,Mina,02.jpg,Fake,No,,Yes,Yes,Yes,,No,2026-08-07T16:50:04,2026-08-07T16:50:08
ID000266,Mina,03.jpg,Fake,No,,Yes,Yes,Yes,,No,2026-08-07T16:50:08,2026-08-07T16:50:13
ID000020,Andrew-Garfield,01.jpg,Real,Yes,Yes,Yes,Yes,,,Yes,2026-08-07T16:50:13,2026-08-07T16:50:16
ID000020,Andrew-Garfield,02.jpg,Real,Yes,Yes,Yes,Yes,,,Yes,2026-08-07T16:50:16,2026-08-07T16:50:20
ID000020,Andrew-Garfield,01.jpg,Fake,Yes,,Yes,Yes,Yes,,Yes,2026-08-07T16:50:20,2026-08-07T16:50:24
ID000020,Andrew-Garfield,02.jpg,Fake,Yes,,Yes,Yes,Yes,,Yes,2026-08-07T16:50:24,2026-08-07T16:50:27
ID000382,florence-pugh,01.jpg,Real,Yes,Yes,Yes,Yes,,,Yes,2026-08-07T16:50:28,2026-08-07T16:50:31
ID000382,florence-pugh,02.jpg,Real,Yes,Yes,Yes,Yes,,,Yes,2026-08-07T16:50:31,2026-08-07T16:50:34
ID000382,florence-pugh,03.jpg,Real,Yes,Yes,Yes,Yes,,,Yes,2026-08-07T16:50:34,2026-08-07T16:50:37
ID000382,florence-pugh,01.jpg,Fake,Yes,,Yes,Yes,Yes,,No,2026-08-07T16:50:38,2026-08-07T16:50:41
ID000382,florence-pugh,02.png,Fake,Yes,,Yes,Yes,No,,Yes,2026-08-07T16:50:41,2026-08-07T16:50:45
ID000382,florence-pugh,03.jpg,Fake,Yes,,Yes,Yes,Yes,,No,2026-08-07T16:50:45,2026-08-07T16:50:48
ID000206,Keanu-Reeves,01.jpg,Real,Yes,Yes,Yes,Yes,,,Yes,2026-08-07T16:50:51,2026-08-07T16:50:54
ID000206,Keanu-Reeves,02.jpg,Real,Yes,Yes,Yes,Yes,,,Yes,2026-08-07T16:50:54,2026-08-07T16:50:56
ID000206,Keanu-Reeves,01.jpg,Fake,Yes,,Yes,Yes,No,,Yes,2026-08-07T16:50:57,2026-08-07T16:51:03
ID000206,Keanu-Reeves,02.png,Fake,Yes,,Yes,Yes,No,,Yes,2026-08-07T16:51:03,2026-08-07T16:51:06
ID000133,Hania-Amir,01.jpg,Real,Yes,Yes,Yes,Yes,,,Yes,2026-08-07T16:51:07,2026-08-07T16:51:11
ID000133,Hania-Amir,02.jpg,Real,Yes,Yes,Yes,Yes,,,Yes,2026-08-07T16:51:11,2026-08-07T16:51:14
ID000133,Hania-Amir,03.png,Real,Yes,Yes,Yes,Yes,,,No,2026-08-07T16:51:14,2026-08-07T16:51:19
ID000133,Hania-Amir,01.jpg,Fake,Yes,,Yes,Yes,No,,Yes,2026-08-07T16:51:22,2026-08-07T16:51:26
ID000133,Hania-Amir,02.jpg,Fake,Yes,,Yes,Yes,Yes,,No,2026-08-07T16:51:26,2026-08-07T16:51:29
ID000133,Hania-Amir,03.jpg,Fake,No,,Yes,Yes,Yes,,No,2026-08-07T16:51:29,2026-08-07T16:51:32
ID000133,Hania-Amir,04.jpg,Fake,No,,Yes,Yes,Yes,,No,2026-08-07T16:51:32,2026-08-07T16:51:35
ID000133,Hania-Amir,05.png,Fake,Yes,,Yes,Yes,Yes,,No,2026-08-07T16:51:35,2026-08-07T16:51:38
ID000223,Laura-Wolvaardt,01.png,Real,Yes,Yes,Yes,Yes,,,Yes,2026-08-07T16:51:42,2026-08-07T16:51:46
ID000223,Laura-Wolvaardt,02.png,Real,Yes,Yes,Yes,Yes,,,Yes,2026-08-07T16:51:46,2026-08-07T16:51:48
ID000223,Laura-Wolvaardt,03.jpg,Real,Yes,Yes,Yes,Yes,,,Yes,2026-08-07T16:51:49,2026-08-07T16:51:52
ID000223,Laura-Wolvaardt,01.jpg,Fake,No,,Yes,Yes,No,,No,2026-08-07T16:51:53,2026-08-07T16:51:57
ID000223,Laura-Wolvaardt,730732270_2118144989085113_1710785244193473374_n.jpg,Fake,Yes,,Yes,Yes,Yes,,No,2026-08-07T16:51:57,2026-08-07T16:52:02
ID000223,Laura-Wolvaardt,images (1).jpg,Fake,Yes,,Yes,Yes,Yes,,Yes,2026-08-07T16:52:12,2026-08-07T16:52:17
ID000223,Laura-Wolvaardt,images.jpg,Fake,Yes,,Yes,No,Yes,,No,2026-08-07T16:52:17,2026-08-07T16:52:18
ID000384,kriti-sanon,01.jpg,Real,Yes,Yes,Yes,Yes,,,Yes,2026-08-07T16:52:23,2026-08-07T16:52:28
ID000384,kriti-sanon,01.jpg,Fake,Yes,,Yes,Yes,Yes,,Yes,2026-08-07T16:52:32,2026-08-07T16:52:35
ID000384,kriti-sanon,02.jpg,Fake,Yes,,Yes,Yes,Yes,,No,2026-08-07T16:52:35,2026-08-07T16:52:41
ID000131,Halle-Berry,01.jpg,Real,Yes,Yes,Yes,Yes,,,Yes,2026-08-07T16:52:43,2026-08-07T16:52:46
ID000131,Halle-Berry,02.jpg,Real,Yes,Yes,Yes,Yes,,,Yes,2026-08-07T16:52:46,2026-08-07T16:52:49
ID000131,Halle-Berry,01.jpg,Fake,No,,Yes,No,Yes,,No,2026-08-07T16:53:00,2026-08-07T16:53:02
ID000131,Halle-Berry,02.jpg,Fake,Yes,,Yes,Yes,Yes,,Yes,2026-08-07T16:53:02,2026-08-07T16:53:05
ID000131,Halle-Berry,03.jpg,Fake,Yes,,Yes,Yes,Yes,,No,2026-08-07T16:53:05,2026-08-07T16:53:14
ID000080,Daniel-Day-Lewis,01.jpg,Real,Yes,Yes,Yes,Yes,,,Yes,2026-08-07T16:53:21,2026-08-07T16:53:24
ID000080,Daniel-Day-Lewis,02.jpg,Real,Yes,Yes,Yes,Yes,,,Yes,2026-08-07T16:53:24,2026-08-07T16:53:27
ID000080,Daniel-Day-Lewis,01.jpg,Fake,Yes,,Yes,Yes,Yes,,No,2026-08-07T16:53:28,2026-08-07T16:53:32
ID000080,Daniel-Day-Lewis,02.jpg,Fake,Yes,,Yes,Yes,Yes,,No,2026-08-07T16:53:32,2026-08-07T16:53:35
ID000080,Daniel-Day-Lewis,03.jpg,Fake,Yes,,Yes,Yes,Yes,,Yes,2026-08-07T16:53:35,2026-08-07T16:53:37
ID000037,Babar-Azam,01.jpg,Real,Yes,Yes,Yes,Yes,,,Yes,2026-08-07T16:53:40,2026-08-07T16:53:43
ID000037,Babar-Azam,02.png,Real,Yes,Yes,Yes,Yes,,,Yes,2026-08-07T16:53:43,2026-08-07T16:53:46
ID000037,Babar-Azam,01.jpg,Fake,Yes,,Yes,Yes,Yes,,No,2026-08-07T16:53:47,2026-08-07T16:53:52
ID000037,Babar-Azam,04.png,Fake,Yes,,Yes,Yes,No,,Yes,2026-08-07T16:53:52,2026-08-07T16:53:56
ID000083,David-Arquette,01.jpg,Real,Yes,Yes,Yes,Yes,,,Yes,2026-08-07T16:53:59,2026-08-07T16:54:03
ID000083,David-Arquette,01.jpg,Fake,Yes,,Yes,Yes,Yes,,Yes,2026-08-07T16:54:04,2026-08-07T16:54:08
ID000083,David-Arquette,02.jpg,Fake,No,,Yes,Yes,Yes,,No,2026-08-07T16:54:08,2026-08-07T16:54:12
ID000083,David-Arquette,03.jpg,Fake,No,,Yes,Yes,Yes,,No,2026-08-07T16:54:12,2026-08-07T16:54:20
ID000027,Antoine-Griezmann,01.jpg,Real,Yes,Yes,Yes,Yes,,,Yes,2026-08-07T16:54:21,2026-08-07T16:54:24
ID000027,Antoine-Griezmann,02.png,Real,Yes,Yes,Yes,Yes,,,Yes,2026-08-07T16:54:29,2026-08-07T16:54:30
ID000027,Antoine-Griezmann,03.jpg,Real,Yes,Yes,Yes,Yes,,,Yes,2026-08-07T16:54:30,2026-08-07T16:54:33
ID000027,Antoine-Griezmann,01.jpg,Fake,No,,Yes,Yes,Yes,,No,2026-08-07T16:54:33,2026-08-07T16:54:38
ID000027,Antoine-Griezmann,02.jpg,Fake,Yes,,Yes,Yes,Yes,,Yes,2026-08-07T16:54:38,2026-08-07T16:54:49
ID000027,Antoine-Griezmann,03.jpg,Fake,Yes,,Yes,Yes,Yes,,Yes,2026-08-07T16:54:49,2026-08-07T16:54:52
ID000357,Tom-Hardy,01.jpg,Real,Yes,Yes,Yes,Yes,,,Yes,2026-08-07T16:54:55,2026-08-07T16:55:00
ID000357,Tom-Hardy,01.jpg,Fake,Yes,,Yes,Yes,Yes,,No,2026-08-07T16:55:01,2026-08-07T16:55:05
ID000357,Tom-Hardy,02.jpg,Fake,Yes,,Yes,Yes,Yes,,No,2026-08-07T16:55:05,2026-08-07T16:55:08
ID000357,Tom-Hardy,03.jpg,Fake,Yes,,Yes,Yes,Yes,,No,2026-08-07T16:55:08,2026-08-07T16:55:11
ID000357,Tom-Hardy,04.jpg,Fake,Yes,,Yes,Yes,Yes,,Yes,2026-08-07T16:55:11,2026-08-07T16:55:14
ID000357,Tom-Hardy,05.jpg,Fake,No,,Yes,Yes,Yes,,No,2026-08-07T16:55:14,2026-08-07T16:55:25
ID000019,Andrea-Pirlo,01.jpg,Real,Yes,Yes,Yes,Yes,,,Yes,2026-08-07T16:55:29,2026-08-07T16:55:32
ID000019,Andrea-Pirlo,1.jpg,Real,Yes,Yes,Yes,Yes,,,Yes,2026-08-07T16:55:33,2026-08-07T16:55:36
ID000019,Andrea-Pirlo,02.jpg,Fake,Yes,,Yes,Yes,Yes,,No,2026-08-07T16:55:49,2026-08-07T16:55:52
ID000019,Andrea-Pirlo,1.jpg,Fake,Yes,,Yes,Yes,Yes,,Yes,2026-08-07T16:55:52,2026-08-07T16:55:59
ID000196,Julianne-Moore,01.jpg,Real,Yes,Yes,Yes,Yes,,,Yes,2026-08-07T16:56:02,2026-08-07T16:56:05
ID000196,Julianne-Moore,02.jpg,Real,Yes,Yes,Yes,Yes,,,Yes,2026-08-07T16:56:05,2026-08-07T16:56:07
ID000196,Julianne-Moore,03.jpg,Real,Yes,Yes,Yes,Yes,,,Yes,2026-08-07T16:56:07,2026-08-07T16:56:10
ID000196,Julianne-Moore,01.jpg,Fake,Yes,,Yes,Yes,Yes,,No,2026-08-07T16:56:12,2026-08-07T16:56:14
ID000196,Julianne-Moore,02.jpg,Fake,Yes,,Yes,Yes,No,,Yes,2026-08-07T16:56:14,2026-08-07T16:56:19
ID000196,Julianne-Moore,03.jpg,Fake,Yes,,Yes,Yes,No,,Yes,2026-08-07T16:56:19,2026-08-07T16:56:23
ID000196,Julianne-Moore,04.jpg,Fake,Yes,,Yes,Yes,Yes,,No,2026-08-07T16:56:23,2026-08-07T16:56:29
ID000196,Julianne-Moore,05.jpg,Fake,Yes,,Yes,Yes,Yes,,No,2026-08-07T16:56:29,2026-08-07T16:56:34
ID000313,Ronaldo-Nazario,01.jpg,Real,Yes,Yes,Yes,Yes,,,Yes,2026-08-07T16:56:38,2026-08-07T16:56:42
ID000313,Ronaldo-Nazario,02.jpg,Real,Yes,Yes,Yes,Yes,,,Yes,2026-08-07T16:56:42,2026-08-07T16:56:45
ID000313,Ronaldo-Nazario,03.jpg,Real,Yes,Yes,Yes,Yes,,,Yes,2026-08-07T16:56:45,2026-08-07T16:56:47
ID000313,Ronaldo-Nazario,01.jpg,Fake,No,,Yes,Yes,Yes,,No,2026-08-07T16:56:49,2026-08-07T16:56:56
ID000313,Ronaldo-Nazario,02.jpg,Fake,No,,Yes,Yes,Yes,,No,2026-08-07T16:56:56,2026-08-07T16:57:00
ID000313,Ronaldo-Nazario,03.jpg,Fake,No,,Yes,Yes,Yes,,No,2026-08-07T16:57:00,2026-08-07T16:57:04
ID000313,Ronaldo-Nazario,05.png,Fake,Yes,,Yes,Yes,Yes,,Yes,2026-08-07T16:57:04,2026-08-07T16:57:10
ID000341,Steven-Seagal,01.jpg,Real,Yes,Yes,Yes,Yes,,,Yes,2026-08-07T16:57:11,2026-08-07T16:57:19
ID000341,Steven-Seagal,02.jpg,Real,Yes,Yes,Yes,Yes,,,Yes,2026-08-07T16:57:19,2026-08-07T16:57:22
ID000341,Steven-Seagal,01.jpg,Fake,Yes,,Yes,Yes,Yes,Eye at forehead is a giveaway,Yes,2026-08-07T16:57:23,2026-08-07T16:57:44
ID000341,Steven-Seagal,02.jpg,Fake,Yes,,Yes,Yes,Yes,,Yes,2026-08-07T16:57:44,2026-08-07T16:57:50
ID000341,Steven-Seagal,03.jpg,Fake,Yes,,Yes,Yes,Yes,,Yes,2026-08-07T16:57:50,2026-08-07T16:57:53
ID000074,Christopher-Walken,01.jpg,Real,Yes,Yes,Yes,Yes,,,Yes,2026-08-07T16:57:54,2026-08-07T16:57:59
ID000074,Christopher-Walken,02.jpg,Real,Yes,Yes,Yes,Yes,,,Yes,2026-08-07T16:57:59,2026-08-07T16:58:01
ID000074,Christopher-Walken,03.jpg,Real,Yes,Yes,Yes,Yes,,,Yes,2026-08-07T16:58:01,2026-08-07T16:58:06
ID000074,Christopher-Walken,01.jpg,Fake,Yes,,Yes,Yes,Yes,,No,2026-08-07T16:58:07,2026-08-07T16:58:10
ID000074,Christopher-Walken,03.png,Fake,Yes,,Yes,Yes,Yes,Background seems off,Yes,2026-08-07T16:58:10,2026-08-07T16:58:23
ID000074,Christopher-Walken,04.jpg,Fake,Yes,,Yes,Yes,Yes,,No,2026-08-07T16:58:23,2026-08-07T16:58:27
ID000074,Christopher-Walken,05.jpg,Fake,Yes,,Yes,Yes,Yes,,Yes,2026-08-07T16:58:27,2026-08-07T16:58:33
ID000025,Anthony-Hopkins,01.jpg,Real,Yes,Yes,Yes,Yes,,,Yes,2026-08-07T16:58:38,2026-08-07T16:58:42
ID000025,Anthony-Hopkins,02.jpg,Real,Yes,Yes,Yes,Yes,,,Yes,2026-08-07T16:58:42,2026-08-07T16:58:45
ID000025,Anthony-Hopkins,03.jpg,Real,Yes,Yes,Yes,Yes,,,Yes,2026-08-07T16:58:45,2026-08-07T16:58:47
ID000025,Anthony-Hopkins,01.jpg,Fake,Yes,,Yes,Yes,No,,Yes,2026-08-07T16:58:49,2026-08-07T16:58:52
ID000025,Anthony-Hopkins,02.jpg,Fake,Yes,,Yes,Yes,Yes,,No,2026-08-07T16:58:53,2026-08-07T16:58:55
ID000025,Anthony-Hopkins,03.jpg,Fake,Yes,,Yes,Yes,No,,Yes,2026-08-07T16:58:55,2026-08-07T16:58:59
ID000025,Anthony-Hopkins,05.jpg,Fake,Yes,,Yes,Yes,Yes,,No,2026-08-07T16:58:59,2026-08-07T16:59:03
ID000025,Anthony-Hopkins,06.jpg,Fake,No,,Yes,Yes,Yes,,No,2026-08-07T16:59:03,2026-08-07T16:59:07
ID000340,Steve-Zahn,01.jpg,Real,Yes,Yes,Yes,Yes,,,Yes,2026-08-07T16:59:33,2026-08-07T16:59:34
ID000340,Steve-Zahn,02.jpg,Real,Yes,Yes,Yes,Yes,,,Yes,2026-08-07T16:59:34,2026-08-07T16:59:34
ID000340,Steve-Zahn,01.jpg,Fake,No,,Yes,Yes,Yes,,No,2026-08-07T16:59:35,2026-08-07T16:59:40
ID000287,Olivia-Rodrigo,01.jpg,Real,Yes,Yes,Yes,Yes,,,Yes,2026-08-07T16:59:41,2026-08-07T16:59:44
ID000287,Olivia-Rodrigo,02.jpg,Real,Yes,Yes,Yes,Yes,,,Yes,2026-08-07T16:59:44,2026-08-07T16:59:47
ID000287,Olivia-Rodrigo,01 (2).jpg,Fake,No,,Yes,Yes,Yes,,No,2026-08-07T16:59:48,2026-08-07T16:59:51
ID000287,Olivia-Rodrigo,01.jpg,Fake,Yes,,Yes,Yes,Yes,,No,2026-08-07T16:59:51,2026-08-07T16:59:57
ID000287,Olivia-Rodrigo,02.jpg,Fake,Yes,,Yes,Yes,Yes,,No,2026-08-07T16:59:57,2026-08-07T17:00:00
ID000287,Olivia-Rodrigo,03.jpg,Fake,No,,Yes,Yes,Yes,,No,2026-08-07T17:00:00,2026-08-07T17:00:03
ID000287,Olivia-Rodrigo,04.png,Fake,Yes,,Yes,Yes,No,,Yes,2026-08-07T17:00:03,2026-08-07T17:00:08
ID000212,Kevin-Spacey,01.jpg,Real,Yes,Yes,Yes,Yes,,,Yes,2026-08-07T17:00:11,2026-08-07T17:00:15
ID000212,Kevin-Spacey,02.jpg,Real,Yes,Yes,Yes,Yes,,,Yes,2026-08-07T17:00:15,2026-08-07T17:00:18
ID000212,Kevin-Spacey,03.jpg,Real,Yes,Yes,Yes,Yes,,,Yes,2026-08-07T17:00:18,2026-08-07T17:00:20
ID000212,Kevin-Spacey,01.jpg,Fake,Yes,,Yes,Yes,Yes,,Yes,2026-08-07T17:00:26,2026-08-07T17:00:33
ID000212,Kevin-Spacey,02.png,Fake,No,,Yes,Yes,Yes,,No,2026-08-07T17:00:34,2026-08-07T17:00:38
ID000212,Kevin-Spacey,03.png,Fake,Yes,,Yes,Yes,Yes,,Yes,2026-08-07T17:00:38,2026-08-07T17:00:43
ID000163,Jason-Clarke,01.jpg,Real,Yes,Yes,Yes,Yes,,,Yes,2026-08-07T17:00:44,2026-08-07T17:00:49
ID000163,Jason-Clarke,02.jpg,Real,Yes,Yes,Yes,Yes,,,Yes,2026-08-07T17:00:49,2026-08-07T17:00:52
ID000163,Jason-Clarke,03.jpg,Real,Yes,Yes,Yes,Yes,,,Yes,2026-08-07T17:00:52,2026-08-07T17:00:55
ID000163,Jason-Clarke,01.png,Fake,No,,Yes,Yes,Yes,,No,2026-08-07T17:00:55,2026-08-07T17:01:01
ID000163,Jason-Clarke,02.png,Fake,No,,Yes,Yes,Yes,,No,2026-08-07T17:01:01,2026-08-07T17:01:04
ID000217,Kristen-Stewart,01.jpg,Real,Yes,Yes,Yes,Yes,,,Yes,2026-08-07T17:01:05,2026-08-07T17:01:09
ID000217,Kristen-Stewart,02.jpg,Real,Yes,Yes,Yes,Yes,,,Yes,2026-08-07T17:01:09,2026-08-07T17:01:11
ID000217,Kristen-Stewart,01.jpg,Fake,Yes,,Yes,Yes,Yes,,Yes,2026-08-07T17:01:13,2026-08-07T17:01:18
ID000217,Kristen-Stewart,03.jpg,Fake,Yes,,Yes,Yes,Yes,,No,2026-08-07T17:01:18,2026-08-07T17:01:20
ID000085,Demet-Özdemir,01.jpg,Real,Yes,Yes,Yes,Yes,,,Yes,2026-08-07T17:01:22,2026-08-07T17:01:27
ID000085,Demet-Özdemir,02.jpg,Real,Yes,Yes,Yes,Yes,,,Yes,2026-08-07T17:01:27,2026-08-07T17:01:31
ID000085,Demet-Özdemir,01.jpg,Fake,Yes,,Yes,Yes,No,,Yes,2026-08-07T17:01:32,2026-08-07T17:01:34
ID000085,Demet-Özdemir,02.png,Fake,Yes,,Yes,Yes,Yes,,No,2026-08-07T17:01:35,2026-08-07T17:01:44
ID000022,Angelina-Jolie,01.jpg,Real,Yes,Yes,Yes,Yes,,,Yes,2026-08-07T17:01:46,2026-08-07T17:01:51
ID000022,Angelina-Jolie,02.jpg,Real,Yes,Yes,Yes,Yes,,,Yes,2026-08-07T17:01:51,2026-08-07T17:01:56
ID000022,Angelina-Jolie,03.jpg,Real,Yes,Yes,Yes,Yes,,,Yes,2026-08-07T17:01:56,2026-08-07T17:01:59
ID000022,Angelina-Jolie,01.jpg,Fake,Yes,,Yes,Yes,Yes,,No,2026-08-07T17:02:00,2026-08-07T17:02:02
ID000022,Angelina-Jolie,02.jpg,Fake,Yes,,Yes,Yes,Yes,,Yes,2026-08-07T17:02:02,2026-08-07T17:02:06
ID000022,Angelina-Jolie,03.jpg,Fake,Yes,,Yes,Yes,Yes,,No,2026-08-07T17:02:06,2026-08-07T17:02:08
ID000022,Angelina-Jolie,04.jpg,Fake,Yes,,Yes,Yes,Yes,,No,2026-08-07T17:02:08,2026-08-07T17:02:11
ID000022,Angelina-Jolie,05.jpg,Fake,Yes,,Yes,Yes,Yes,,No,2026-08-07T17:02:11,2026-08-07T17:02:16
ID000022,Angelina-Jolie,06.png,Fake,Yes,,Yes,Yes,Yes,,No,2026-08-07T17:02:16,2026-08-07T17:02:35
ID000022,Angelina-Jolie,07.jpg,Fake,Yes,,Yes,Yes,Yes,,Yes,2026-08-07T17:02:35,2026-08-07T17:02:39
ID000255,Michael-Caine,01.jpg,Real,Yes,Yes,Yes,Yes,,,Yes,2026-08-07T17:02:49,2026-08-07T17:02:53
ID000255,Michael-Caine,02.jpg,Real,Yes,Yes,Yes,Yes,,,Yes,2026-08-07T17:02:53,2026-08-07T17:03:05
ID000255,Michael-Caine,01.png,Fake,Yes,,Yes,Yes,No,,Yes,2026-08-07T17:03:06,2026-08-07T17:03:20
ID000255,Michael-Caine,02.jpg,Fake,Yes,,Yes,Yes,No,,Yes,2026-08-07T17:03:20,2026-08-07T17:03:25
ID000255,Michael-Caine,03.jpg,Fake,Yes,,Yes,Yes,No,,Yes,2026-08-07T17:03:25,2026-08-07T17:03:29
ID000103,Emma-Watson,01.jpg,Real,Yes,Yes,Yes,Yes,,,Yes,2026-08-07T17:03:35,2026-08-07T17:03:40
ID000103,Emma-Watson,02.jpg,Real,Yes,Yes,Yes,Yes,,,Yes,2026-08-07T17:03:40,2026-08-07T17:03:43
ID000103,Emma-Watson,03.jpg,Real,Yes,Yes,Yes,Yes,,,Yes,2026-08-07T17:03:43,2026-08-07T17:03:47
ID000103,Emma-Watson,01.jpg,Fake,Yes,,Yes,Yes,Yes,,No,2026-08-07T17:03:49,2026-08-07T17:03:52
ID000103,Emma-Watson,02.jpg,Fake,Yes,,Yes,Yes,No,,Yes,2026-08-07T17:03:52,2026-08-07T17:03:55
ID000103,Emma-Watson,02.png,Fake,Yes,,Yes,Yes,Yes,,No,2026-08-07T17:03:55,2026-08-07T17:03:58
ID000103,Emma-Watson,03.jpg,Fake,No,,Yes,Yes,Yes,,No,2026-08-07T17:03:58,2026-08-07T17:04:04
ID000103,Emma-Watson,04.jpg,Fake,Yes,,Yes,Yes,No,,Yes,2026-08-07T17:04:04,2026-08-07T17:04:07
ID000103,Emma-Watson,05.jpg,Fake,Yes,,Yes,Yes,Yes,,No,2026-08-07T17:04:07,2026-08-07T17:04:14
ID000103,Emma-Watson,56.png,Fake,Yes,,Yes,Yes,No,,Yes,2026-08-07T17:04:15,2026-08-07T17:04:17
ID000181,Jodie-Foster,01.jpg,Real,Yes,Yes,Yes,Yes,,,Yes,2026-08-07T17:04:22,2026-08-07T17:04:25
ID000181,Jodie-Foster,01.jpg,Fake,Yes,,Yes,Yes,Yes,,No,2026-08-07T17:04:27,2026-08-07T17:04:30
ID000181,Jodie-Foster,02.jpg,Fake,Yes,,Yes,Yes,No,,Yes,2026-08-07T17:04:30,2026-08-07T17:04:33
ID000181,Jodie-Foster,03.jpg,Fake,Yes,,Yes,Yes,Yes,,No,2026-08-07T17:04:33,2026-08-07T17:04:35
ID000181,Jodie-Foster,04.jpg,Fake,Yes,,Yes,Yes,Yes,,No,2026-08-07T17:04:35,2026-08-07T17:04:38
ID000181,Jodie-Foster,05.jpg,Fake,Yes,,Yes,Yes,No,,Yes,2026-08-07T17:04:38,2026-08-07T17:04:42
ID000181,Jodie-Foster,06.jpg,Fake,No,,Yes,Yes,No,,No,2026-08-07T17:04:42,2026-08-07T17:04:47
ID000180,Joaquin-Phoenix,01.jpg,Real,Yes,Yes,Yes,Yes,,,Yes,2026-08-07T17:04:52,2026-08-07T17:04:55
ID000180,Joaquin-Phoenix,01.jpg,Fake,Yes,,Yes,Yes,Yes,,No,2026-08-07T17:04:56,2026-08-07T17:05:00
ID000180,Joaquin-Phoenix,02.jpg,Fake,Yes,,Yes,Yes,Yes,,No,2026-08-07T17:05:00,2026-08-07T17:05:05
ID000180,Joaquin-Phoenix,03.jpg,Fake,Yes,,Yes,Yes,Yes,,No,2026-08-07T17:05:05,2026-08-07T17:05:08
ID000180,Joaquin-Phoenix,04.png,Fake,Yes,,Yes,Yes,No,,Yes,2026-08-07T17:05:08,2026-08-07T17:05:18
ID000180,Joaquin-Phoenix,05.jpg,Fake,Yes,,Yes,Yes,Yes,,No,2026-08-07T17:05:18,2026-08-07T17:05:23
ID000099,Elon-Musk,01.png,Real,Yes,Yes,Yes,Yes,,,Yes,2026-08-07T17:05:26,2026-08-07T17:05:31
ID000099,Elon-Musk,01.jpg,Fake,Yes,,Yes,Yes,Yes,,No,2026-08-07T17:05:32,2026-08-07T17:05:35
ID000099,Elon-Musk,02.png,Fake,Yes,,Yes,Yes,Yes,,No,2026-08-07T17:05:35,2026-08-07T17:05:38
ID000099,Elon-Musk,03.jpg,Fake,Yes,,Yes,Yes,Yes,,No,2026-08-07T17:05:38,2026-08-07T17:05:40
ID000099,Elon-Musk,03.png,Fake,Yes,,Yes,Yes,Yes,,Yes,2026-08-07T17:05:40,2026-08-07T17:05:43
ID000169,Jennie,01.jpg,Real,Yes,Yes,Yes,Yes,,,Yes,2026-08-07T17:05:46,2026-08-07T17:05:51
ID000169,Jennie,02.jpg,Real,Yes,Yes,Yes,Yes,,,Yes,2026-08-07T17:05:51,2026-08-07T17:05:54
ID000169,Jennie,03.jpg,Real,Yes,Yes,Yes,Yes,,,Yes,2026-08-07T17:05:54,2026-08-07T17:05:57
ID000169,Jennie,01.png,Fake,Yes,,Yes,Yes,No,,Yes,2026-08-07T17:05:58,2026-08-07T17:06:01
ID000169,Jennie,02.jpg,Fake,Yes,,Yes,Yes,Yes,,No,2026-08-07T17:06:02,2026-08-07T17:06:05
ID000316,Rose-Byrne,01.jpg,Real,Yes,Yes,Yes,Yes,,,Yes,2026-08-07T17:06:09,2026-08-07T17:06:14
ID000316,Rose-Byrne,02.jpg,Real,Yes,Yes,Yes,Yes,,,Yes,2026-08-07T17:06:14,2026-08-07T17:06:17
ID000316,Rose-Byrne,01.jpg,Fake,No,,Yes,Yes,Yes,,No,2026-08-07T17:06:17,2026-08-07T17:06:22
ID000269,Mohammad-Albuty,01.jpg,Real,Yes,Yes,Yes,Yes,,,Yes,2026-08-07T17:06:23,2026-08-07T17:06:29
ID000269,Mohammad-Albuty,02.jpg,Real,Yes,Yes,Yes,Yes,,,Yes,2026-08-07T17:06:29,2026-08-07T17:06:32
ID000269,Mohammad-Albuty,01.jpg,Fake,No,,Yes,Yes,Yes,,No,2026-08-07T17:06:34,2026-08-07T17:06:38
ID000292,Paul-Rudd,01.jpg,Real,Yes,Yes,Yes,Yes,,,Yes,2026-08-07T17:06:39,2026-08-07T17:06:42
ID000292,Paul-Rudd,01.jpg,Fake,Yes,,Yes,Yes,Yes,,Yes,2026-08-07T17:06:44,2026-08-07T17:06:46
ID000292,Paul-Rudd,02.jpg,Fake,Yes,,No,No,Yes,,No,2026-08-07T17:06:46,2026-08-07T17:06:51
ID000292,Paul-Rudd,03.jpg,Fake,Yes,,Yes,No,Yes,,No,2026-08-07T17:06:51,2026-08-07T17:07:00
ID000292,Paul-Rudd,04.jpg,Fake,Yes,,Yes,No,Yes,,No,2026-08-07T17:07:00,2026-08-07T17:07:11
ID000292,Paul-Rudd,05.jpg,Fake,No,,No,Yes,Yes,,No,2026-08-07T17:07:22,2026-08-07T17:07:24
ID000060,Cameron-Green,01.jpg,Real,Yes,Yes,Yes,Yes,,,Yes,2026-08-07T17:07:24,2026-08-07T17:07:28
ID000060,Cameron-Green,03.jpg,Fake,No,,Yes,Yes,No,,No,2026-08-07T17:07:29,2026-08-07T17:07:35
ID000060,Cameron-Green,04.jpg,Fake,Yes,,Yes,Yes,Yes,,Yes,2026-08-07T17:07:35,2026-08-07T17:07:41
ID000177,Jim-Carrey,01.jpg,Real,Yes,Yes,Yes,Yes,,,Yes,2026-08-07T17:07:42,2026-08-07T17:07:44
ID000177,Jim-Carrey,02.jpg,Real,Yes,Yes,Yes,Yes,,,Yes,2026-08-07T17:07:44,2026-08-07T17:07:46
ID000177,Jim-Carrey,01.jpg,Fake,Yes,,Yes,Yes,Yes,,No,2026-08-07T17:07:47,2026-08-07T17:07:52
ID000177,Jim-Carrey,02.jpg,Fake,Yes,,Yes,Yes,Yes,,Yes,2026-08-07T17:07:52,2026-08-07T17:07:55
ID000177,Jim-Carrey,03.jpg,Fake,Yes,,Yes,Yes,Yes,,No,2026-08-07T17:07:56,2026-08-07T17:07:58
ID000091,Dustin-Hoffman,01.jpg,Real,Yes,Yes,Yes,Yes,,,Yes,2026-08-07T17:08:02,2026-08-07T17:08:06
ID000091,Dustin-Hoffman,01.jpg,Fake,Yes,,Yes,Yes,Yes,,Yes,2026-08-07T17:08:07,2026-08-07T17:08:11
ID000091,Dustin-Hoffman,02.jpg,Fake,No,,No,Yes,Yes,,No,2026-08-07T17:08:11,2026-08-07T17:08:19
ID000062,Carla-Gugino,01.jpg,Real,Yes,Yes,Yes,Yes,,,Yes,2026-08-07T17:08:20,2026-08-07T17:08:31
ID000062,Carla-Gugino,02.jpg,Real,Yes,Yes,Yes,Yes,,,Yes,2026-08-07T17:08:31,2026-08-07T17:08:34
ID000062,Carla-Gugino,01.jpg,Fake,Yes,,Yes,Yes,Yes,,No,2026-08-07T17:08:35,2026-08-07T17:08:39
ID000062,Carla-Gugino,02.jpg,Fake,No,,Yes,Yes,Yes,,No,2026-08-07T17:08:39,2026-08-07T17:08:43
ID000062,Carla-Gugino,03.jpg,Fake,Yes,,Yes,Yes,No,,Yes,2026-08-07T17:08:58,2026-08-07T17:08:59
ID000331,Sharlto-Copley,01.jpg,Real,Yes,Yes,Yes,Yes,,,Yes,2026-08-07T17:09:02,2026-08-07T17:09:05
ID000331,Sharlto-Copley,02.jpg,Real,Yes,Yes,Yes,Yes,,,Yes,2026-08-07T17:09:05,2026-08-07T17:09:08
ID000331,Sharlto-Copley,03.jpg,Real,Yes,Yes,Yes,Yes,,,Yes,2026-08-07T17:09:08,2026-08-07T17:09:13
ID000331,Sharlto-Copley,01.jpg,Fake,No,,Yes,Yes,Yes,,No,2026-08-07T17:09:15,2026-08-07T17:09:19
ID000331,Sharlto-Copley,02.png,Fake,Yes,,Yes,Yes,Yes,,Yes,2026-08-07T17:09:19,2026-08-07T17:09:24
ID000331,Sharlto-Copley,03.png,Fake,No,,Yes,Yes,Yes,,No,2026-08-07T17:09:25,2026-08-07T17:09:28
ID000173,Jennifer-Lopez,01.jpg,Real,Yes,Yes,Yes,Yes,,,Yes,2026-08-07T17:09:30,2026-08-07T17:09:33
ID000173,Jennifer-Lopez,01.jpg,Fake,Yes,,Yes,Yes,Yes,,No,2026-08-07T17:09:34,2026-08-07T17:09:37
ID000173,Jennifer-Lopez,02.png,Fake,Yes,,Yes,Yes,Yes,,Yes,2026-08-07T17:09:37,2026-08-07T17:09:42
ID000173,Jennifer-Lopez,03.jpg,Fake,Yes,,Yes,Yes,Yes,,No,2026-08-07T17:09:42,2026-08-07T17:09:45
ID000170,Jennifer-Aniston,01.jpg,Real,Yes,Yes,Yes,Yes,,,Yes,2026-08-07T17:09:48,2026-08-07T17:09:52
ID000170,Jennifer-Aniston,02.jpg,Real,Yes,Yes,Yes,Yes,,,Yes,2026-08-07T17:09:52,2026-08-07T17:09:54
ID000170,Jennifer-Aniston,03.jpg,Real,Yes,Yes,Yes,Yes,,,Yes,2026-08-07T17:09:55,2026-08-07T17:09:58
ID000170,Jennifer-Aniston,01.jpg,Fake,Yes,,Yes,Yes,Yes,,Yes,2026-08-07T17:10:00,2026-08-07T17:10:04
ID000151,Ioan-Gruffudd,01.jpg,Real,Yes,Yes,Yes,Yes,,,Yes,2026-08-07T17:10:05,2026-08-07T17:10:15
ID000151,Ioan-Gruffudd,02.jpg,Real,Yes,Yes,Yes,Yes,,,Yes,2026-08-07T17:10:15,2026-08-07T17:10:19
ID000151,Ioan-Gruffudd,01.jpg,Fake,No,,Yes,Yes,Yes,,No,2026-08-07T17:10:19,2026-08-07T17:10:23
ID000151,Ioan-Gruffudd,02.jpg,Fake,Yes,,Yes,Yes,Yes,,Yes,2026-08-07T17:10:23,2026-08-07T17:10:27
ID000294,Pedro-Pascal,01.jpg,Real,Yes,Yes,Yes,Yes,,,Yes,2026-08-07T17:10:28,2026-08-07T17:10:32
ID000294,Pedro-Pascal,02.jpg,Real,Yes,Yes,Yes,Yes,,,Yes,2026-08-07T17:10:32,2026-08-07T17:10:34
ID000294,Pedro-Pascal,01.jpg,Fake,Yes,,Yes,Yes,Yes,,Yes,2026-08-07T17:10:35,2026-08-07T17:10:46
ID000294,Pedro-Pascal,02.jpg,Fake,Yes,,Yes,Yes,Yes,,Yes,2026-08-07T17:10:46,2026-08-07T17:11:14
ID000294,Pedro-Pascal,03.jpg,Fake,No,,Yes,Yes,Yes,,No,2026-08-07T17:11:14,2026-08-07T17:11:41
ID000306,Robert-Duvall,01.jpg,Real,Yes,Yes,Yes,Yes,,,Yes,2026-08-07T17:11:43,2026-08-07T17:11:46
ID000306,Robert-Duvall,01.jpg,Fake,No,,No,Yes,Yes,,No,2026-08-07T17:11:50,2026-08-07T17:11:56
ID000086,Derrick-Henry,01.png,Real,Yes,Yes,Yes,Yes,,,Yes,2026-08-07T17:11:57,2026-08-07T17:12:00
ID000086,Derrick-Henry,01.jpg,Fake,Yes,,Yes,Yes,Yes,Shirt numbers seem off,Yes,2026-08-07T17:12:01,2026-08-07T17:12:21
ID000086,Derrick-Henry,02.jpg,Fake,Yes,,Yes,Yes,Yes,,Yes,2026-08-07T17:12:21,2026-08-07T17:12:24
ID000104,Emma-Mackey,01.jpg,Real,Yes,Yes,Yes,Yes,,,Yes,2026-08-07T17:12:25,2026-08-07T17:12:29
ID000104,Emma-Mackey,02.jpg,Real,Yes,Yes,Yes,Yes,,,Yes,2026-08-07T17:12:29,2026-08-07T17:12:32
ID000104,Emma-Mackey,01.jpg,Fake,No,,Yes,Yes,Yes,,No,2026-08-07T17:12:33,2026-08-07T17:12:36
ID000104,Emma-Mackey,02.jpg,Fake,Yes,,Yes,Yes,Yes,,Yes,2026-08-07T17:12:36,2026-08-07T17:12:40
ID000104,Emma-Mackey,03.jpg,Fake,No,,Yes,Yes,Yes,,No,2026-08-07T17:12:40,2026-08-07T17:12:44
ID000104,Emma-Mackey,04.jpg,Fake,Yes,,Yes,Yes,Yes,,Yes,2026-08-07T17:12:44,2026-08-07T17:12:49
ID000104,Emma-Mackey,05.jpg,Fake,No,,Yes,Yes,Yes,,No,2026-08-07T17:12:49,2026-08-07T17:12:53
ID000104,Emma-Mackey,06.png,Fake,Yes,,Yes,Yes,No,,Yes,2026-08-07T17:12:53,2026-08-07T17:12:58
ID000032,Ashley-Judd,01.jpg,Real,Yes,Yes,Yes,Yes,,,Yes,2026-08-07T17:13:03,2026-08-07T17:13:09
ID000032,Ashley-Judd,02.jpg,Real,Yes,Yes,Yes,Yes,,,Yes,2026-08-07T17:13:09,2026-08-07T17:13:12
ID000032,Ashley-Judd,02.jpg,Fake,Yes,,Yes,Yes,Yes,,Yes,2026-08-07T17:13:13,2026-08-07T17:13:16
ID000032,Ashley-Judd,03.jpg,Fake,Yes,,Yes,Yes,Yes,,Yes,2026-08-07T17:13:16,2026-08-07T17:13:19
ID000162,Jason-Biggs,01.jpg,Real,Yes,Yes,Yes,Yes,,,Yes,2026-08-07T17:13:21,2026-08-07T17:13:27
ID000162,Jason-Biggs,01.jpg,Fake,No,,Yes,Yes,Yes,,No,2026-08-07T17:13:28,2026-08-07T17:13:39
ID000162,Jason-Biggs,02.jpg,Fake,No,,Yes,Yes,Yes,,No,2026-08-07T17:13:44,2026-08-07T17:13:46
ID000162,Jason-Biggs,03.jpg,Fake,No,,Yes,Yes,Yes,,No,2026-08-07T17:13:46,2026-08-07T17:13:52
ID000351,Tim-Allen,01.jpg,Real,Yes,Yes,Yes,Yes,,,Yes,2026-08-07T17:13:54,2026-08-07T17:13:59
ID000351,Tim-Allen,02.jpg,Real,Yes,Yes,Yes,Yes,,,Yes,2026-08-07T17:13:59,2026-08-07T17:14:01
ID000351,Tim-Allen,01.jpg,Fake,Yes,,Yes,Yes,Yes,,Yes,2026-08-07T17:14:02,2026-08-07T17:14:09
ID000351,Tim-Allen,02.jpg,Fake,No,,Yes,Yes,Yes,,No,2026-08-07T17:14:09,2026-08-07T17:14:13
ID000390,riya-ulan,01 (2).png,Real,Yes,Yes,Yes,Yes,,,Yes,2026-08-07T17:14:14,2026-08-07T17:14:18
ID000390,riya-ulan,01.png,Fake,Yes,,Yes,Yes,Yes,,Yes,2026-08-07T17:14:19,2026-08-07T17:14:28
ID000390,riya-ulan,120.png,Fake,Yes,,Yes,Yes,Yes,,Yes,2026-08-07T17:14:28,2026-08-07T17:14:43
ID000369,William-Shatner,01.jpg,Real,Yes,Yes,Yes,Yes,,,Yes,2026-08-07T17:14:44,2026-08-07T17:14:54
ID000369,William-Shatner,02.jpg,Real,Yes,Yes,Yes,Yes,,,Yes,2026-08-07T17:14:54,2026-08-07T17:14:58
ID000369,William-Shatner,01.jpg,Fake,Yes,,Yes,Yes,Yes,,No,2026-08-07T17:14:59,2026-08-07T17:15:10
ID000369,William-Shatner,02.jpg,Fake,Yes,,Yes,Yes,No,,Yes,2026-08-07T17:15:10,2026-08-07T17:15:14
ID000369,William-Shatner,03.jpg,Fake,Yes,,Yes,Yes,Yes,,No,2026-08-07T17:15:14,2026-08-07T17:15:17
ID000116,G-Dragon,01.jpg,Real,Yes,Yes,Yes,Yes,,,Yes,2026-08-07T17:15:21,2026-08-07T17:15:24
ID000116,G-Dragon,02.jpg,Real,Yes,Yes,Yes,Yes,,,Yes,2026-08-07T17:15:24,2026-08-07T17:15:31
ID000116,G-Dragon,03.jpg,Real,Yes,Yes,Yes,Yes,,,Yes,2026-08-07T17:15:31,2026-08-07T17:15:49
ID000116,G-Dragon,01.jpg,Fake,Yes,,Yes,Yes,Yes,,Yes,2026-08-07T17:15:50,2026-08-07T17:15:53
ID000116,G-Dragon,02.png,Fake,Yes,,Yes,Yes,Yes,,Yes,2026-08-07T17:15:53,2026-08-07T17:15:56
ID000380,dua-lipa,01.jpg,Real,Yes,Yes,Yes,Yes,,,Yes,2026-08-07T17:15:57,2026-08-07T17:16:02
ID000380,dua-lipa,01.jpg,Fake,Yes,,Yes,Yes,Yes,,No,2026-08-07T17:16:03,2026-08-07T17:16:09
ID000380,dua-lipa,02.jpg,Fake,Yes,,Yes,Yes,Yes,Smile seems off,Yes,2026-08-07T17:16:09,2026-08-07T17:16:21
ID000380,dua-lipa,03.jpg,Fake,No,,Yes,Yes,Yes,,No,2026-08-07T17:16:21,2026-08-07T17:16:26
ID000380,dua-lipa,04.png,Fake,Yes,,Yes,Yes,Yes,,No,2026-08-07T17:16:26,2026-08-07T17:16:31
ID000175,Jessica-Biel,01.jpg,Real,Yes,Yes,Yes,Yes,,,Yes,2026-08-07T17:16:34,2026-08-07T17:16:39
ID000175,Jessica-Biel,02.jpg,Real,Yes,Yes,Yes,Yes,,,Yes,2026-08-07T17:16:39,2026-08-07T17:16:42
ID000175,Jessica-Biel,01.jpg,Fake,Yes,,Yes,Yes,Yes,,No,2026-08-07T17:16:44,2026-08-07T17:16:46
ID000175,Jessica-Biel,02.jpg,Fake,Yes,,Yes,Yes,Yes,,No,2026-08-07T17:16:46,2026-08-07T17:16:51
ID000175,Jessica-Biel,03.jpg,Fake,Yes,,Yes,Yes,Yes,,No,2026-08-07T17:16:51,2026-08-07T17:16:54
ID000175,Jessica-Biel,05.jpg,Fake,Yes,,Yes,Yes,Yes,,No,2026-08-07T17:16:54,2026-08-07T17:16:57
ID000175,Jessica-Biel,07.jpg,Fake,Yes,,Yes,Yes,Yes,,No,2026-08-07T17:16:57,2026-08-07T17:16:59
ID000175,Jessica-Biel,08.jpg,Fake,Yes,,Yes,Yes,No,,Yes,2026-08-07T17:16:59,2026-08-07T17:17:04
ID000237,Marc-Benioff,01.jpg,Real,Yes,Yes,Yes,Yes,,,Yes,2026-08-07T17:17:06,2026-08-07T17:17:10
ID000237,Marc-Benioff,01.jpg,Fake,Yes,,Yes,Yes,Yes,,Yes,2026-08-07T17:17:12,2026-08-07T17:17:16
ID000237,Marc-Benioff,02.jpg,Fake,Yes,,Yes,Yes,Yes,,Yes,2026-08-07T17:17:16,2026-08-07T17:17:23
ID000202,Kate-Winslet,01.jpg,Real,Yes,Yes,Yes,Yes,,,Yes,2026-08-07T17:17:25,2026-08-07T17:17:30
ID000202,Kate-Winslet,02.jpg,Real,Yes,Yes,Yes,Yes,,,Yes,2026-08-07T17:17:30,2026-08-07T17:17:32
ID000202,Kate-Winslet,01.jpg,Fake,Yes,,Yes,Yes,Yes,,No,2026-08-07T17:17:34,2026-08-07T17:17:40
ID000202,Kate-Winslet,02.jpg,Fake,Yes,,Yes,Yes,Yes,,No,2026-08-07T17:17:40,2026-08-07T17:17:44
ID000202,Kate-Winslet,04.jpg,Fake,Yes,,Yes,Yes,Yes,,Yes,2026-08-07T17:17:44,2026-08-07T17:17:48
ID000202,Kate-Winslet,05.jpg,Fake,Yes,,Yes,Yes,Yes,,No,2026-08-07T17:17:48,2026-08-07T17:17:50
ID000202,Kate-Winslet,06.png,Fake,Yes,,Yes,Yes,Yes,,No,2026-08-07T17:17:51,2026-08-07T17:18:04
ID000233,Luis-Díaz,01.jpg,Real,Yes,Yes,Yes,Yes,,,Yes,2026-08-07T17:18:09,2026-08-07T17:18:13
ID000233,Luis-Díaz,02.jpg,Real,Yes,Yes,Yes,Yes,,,Yes,2026-08-07T17:18:13,2026-08-07T17:18:17
ID000233,Luis-Díaz,01.jpg,Fake,No,,Yes,Yes,Yes,,No,2026-08-07T17:18:18,2026-08-07T17:18:22
ID000008,Aishwarya-Rai,01.jpg,Real,Yes,Yes,Yes,Yes,,,Yes,2026-08-07T17:18:24,2026-08-07T17:18:28
ID000008,Aishwarya-Rai,02.jpg,Real,Yes,Yes,Yes,Yes,,,Yes,2026-08-07T17:18:28,2026-08-07T17:18:32
ID000008,Aishwarya-Rai,01.jpg,Fake,Yes,,Yes,Yes,Yes,,No,2026-08-07T17:18:32,2026-08-07T17:18:36
ID000008,Aishwarya-Rai,02.jpg,Fake,Yes,,Yes,Yes,Yes,,No,2026-08-07T17:18:37,2026-08-07T17:18:39
ID000008,Aishwarya-Rai,03.jpg,Fake,Yes,,Yes,Yes,Yes,,Yes,2026-08-07T17:18:39,2026-08-07T17:18:45
ID000008,Aishwarya-Rai,04.jpg,Fake,Yes,,Yes,Yes,Yes,,No,2026-08-07T17:18:45,2026-08-07T17:18:49
ID000008,Aishwarya-Rai,05.png,Fake,Yes,,Yes,Yes,Yes,,Yes,2026-08-07T17:18:49,2026-08-07T17:18:53
ID000279,Nicholas-Galitzine,01.jpg,Real,Yes,Yes,Yes,Yes,,,Yes,2026-08-07T17:18:59,2026-08-07T17:19:02
ID000279,Nicholas-Galitzine,02.jpg,Real,Yes,Yes,Yes,Yes,,,Yes,2026-08-07T17:19:03,2026-08-07T17:19:06
ID000279,Nicholas-Galitzine,03.jpg,Real,Yes,Yes,Yes,Yes,,,Yes,2026-08-07T17:19:06,2026-08-07T17:19:08
ID000279,Nicholas-Galitzine,01.jpg,Fake,Yes,,Yes,Yes,Yes,,No,2026-08-07T17:19:13,2026-08-07T17:19:16
ID000279,Nicholas-Galitzine,02.jpg,Fake,Yes,,Yes,Yes,No,,Yes,2026-08-07T17:19:16,2026-08-07T17:19:21
ID000013,Alexandria-Ocasio-Cortez,01.jpg,Real,Yes,Yes,Yes,Yes,,,Yes,2026-08-07T17:19:23,2026-08-07T17:19:29
ID000013,Alexandria-Ocasio-Cortez,02.jpg,Real,Yes,Yes,Yes,Yes,,,Yes,2026-08-07T17:19:29,2026-08-07T17:19:31
ID000013,Alexandria-Ocasio-Cortez,1.png,Fake,Yes,,Yes,Yes,No,,Yes,2026-08-07T17:19:32,2026-08-07T17:19:35
ID000030,Antony,01.jpg,Real,Yes,Yes,Yes,Yes,,,Yes,2026-08-07T17:19:36,2026-08-07T17:19:40
ID000030,Antony,02.jpg,Real,Yes,Yes,Yes,Yes,,,Yes,2026-08-07T17:19:40,2026-08-07T17:19:43
ID000030,Antony,01.jpg,Fake,No,,Yes,Yes,Yes,,No,2026-08-07T17:19:44,2026-08-07T17:19:48
ID000030,Antony,02.jpg,Fake,Yes,,Yes,Yes,No,,Yes,2026-08-07T17:19:48,2026-08-07T17:19:59
ID000366,Will-Ferrell,01.jpg,Real,Yes,Yes,Yes,Yes,,,Yes,2026-08-07T17:20:00,2026-08-07T17:20:03
ID000366,Will-Ferrell,02.jpg,Real,Yes,Yes,Yes,Yes,,,Yes,2026-08-07T17:20:03,2026-08-07T17:20:06
ID000366,Will-Ferrell,01.jpg,Fake,No,,Yes,No,Yes,,No,2026-08-07T17:20:07,2026-08-07T17:20:14
ID000366,Will-Ferrell,02.jpg,Fake,No,,No,Yes,Yes,,No,2026-08-07T17:20:14,2026-08-07T17:20:39
ID000366,Will-Ferrell,04.jpg,Fake,Yes,,Yes,Yes,Yes,,Yes,2026-08-07T17:20:39,2026-08-07T17:21:00
ID000362,Vin-Diesel,01.jpg,Real,Yes,Yes,Yes,Yes,,,Yes,2026-08-07T17:21:01,2026-08-07T17:21:07
ID000362,Vin-Diesel,02.jpg,Real,Yes,Yes,Yes,Yes,,,Yes,2026-08-07T17:21:07,2026-08-07T17:21:11
ID000362,Vin-Diesel,01.png,Fake,No,,Yes,Yes,Yes,,No,2026-08-07T17:21:12,2026-08-07T17:21:16
ID000362,Vin-Diesel,02.jpg,Fake,Yes,,Yes,Yes,Yes,,Yes,2026-08-07T17:21:16,2026-08-07T17:21:26
ID000362,Vin-Diesel,03.jpg,Fake,No,,Yes,Yes,Yes,,No,2026-08-07T17:21:26,2026-08-07T17:21:33
ID000381,ema-watson,01.jpg,Real,Yes,Yes,Yes,Yes,,,Yes,2026-08-07T17:21:34,2026-08-07T17:21:38
ID000381,ema-watson,01.png,Fake,Yes,,Yes,Yes,Yes,,Yes,2026-08-07T17:21:40,2026-08-07T17:21:50
ID000381,ema-watson,02.png,Fake,Yes,,Yes,Yes,Yes,,Yes,2026-08-07T17:21:50,2026-08-07T17:21:58
ID000381,ema-watson,03.jpg,Fake,Yes,,Yes,Yes,Yes,,Yes,2026-08-07T17:21:58,2026-08-07T17:22:02
ID000191,Jonah-Hill,01.jpg,Real,Yes,Yes,Yes,Yes,,,Yes,2026-08-07T17:22:03,2026-08-07T17:22:06
ID000191,Jonah-Hill,02.jpg,Real,Yes,Yes,Yes,Yes,,,Yes,2026-08-07T17:22:06,2026-08-07T17:22:08
ID000191,Jonah-Hill,03.jpg,Real,Yes,Yes,Yes,Yes,,,Yes,2026-08-07T17:22:08,2026-08-07T17:22:11
ID000191,Jonah-Hill,01.png,Fake,No,,Yes,Yes,No,,No,2026-08-07T17:22:12,2026-08-07T17:22:19
ID000078,Cristanio-Ronaldo,01.jpg,Real,Yes,Yes,Yes,Yes,,,Yes,2026-08-07T17:22:20,2026-08-07T17:22:24
ID000078,Cristanio-Ronaldo,02.jpg,Real,Yes,Yes,Yes,Yes,,,Yes,2026-08-07T17:22:24,2026-08-07T17:22:26
ID000078,Cristanio-Ronaldo,01.jpg,Fake,Yes,,Yes,Yes,Yes,,No,2026-08-07T17:22:27,2026-08-07T17:22:36
ID000078,Cristanio-Ronaldo,02.jpg,Fake,Yes,,Yes,Yes,Yes,,No,2026-08-07T17:22:36,2026-08-07T17:22:46
ID000078,Cristanio-Ronaldo,03.jpg,Fake,Yes,,Yes,Yes,Yes,,No,2026-08-07T17:22:46,2026-08-07T17:22:50
ID000078,Cristanio-Ronaldo,04.png,Fake,Yes,,Yes,Yes,No,,Yes,2026-08-07T17:22:50,2026-08-07T17:22:57
ID000360,Vera-Farmiga,01.jpg,Real,Yes,Yes,Yes,Yes,,,Yes,2026-08-07T17:22:58,2026-08-07T17:23:03
ID000360,Vera-Farmiga,02.jpg,Real,Yes,Yes,Yes,Yes,,,Yes,2026-08-07T17:23:03,2026-08-07T17:23:06
ID000360,Vera-Farmiga,01.jpg,Fake,Yes,,Yes,Yes,Yes,,No,2026-08-07T17:23:07,2026-08-07T17:23:23
ID000360,Vera-Farmiga,02.jpg,Fake,Yes,,Yes,Yes,Yes,,Yes,2026-08-07T17:23:23,2026-08-07T17:23:27
ID000114,Florian-Wirtz,01.jpg,Real,Yes,Yes,Yes,Yes,,,Yes,2026-08-07T17:23:29,2026-08-07T17:23:34
ID000114,Florian-Wirtz,1.jpg,Real,Yes,Yes,Yes,Yes,,,Yes,2026-08-07T17:23:34,2026-08-07T17:23:36
ID000114,Florian-Wirtz,01.jpg,Fake,Yes,,Yes,No,Yes,,No,2026-08-07T17:23:37,2026-08-07T17:23:45
ID000114,Florian-Wirtz,02.jpg,Fake,Yes,,Yes,Yes,Yes,,No,2026-08-07T17:23:45,2026-08-07T17:23:52
ID000114,Florian-Wirtz,03.jpg,Fake,No,,Yes,Yes,Yes,,No,2026-08-07T17:23:52,2026-08-07T17:23:57
ID000114,Florian-Wirtz,04.jpg,Fake,Yes,,Yes,Yes,No,,Yes,2026-08-07T17:23:57,2026-08-07T17:24:02
ID000114,Florian-Wirtz,05.jpg,Fake,Yes,,Yes,Yes,No,,Yes,2026-08-07T17:24:02,2026-08-07T17:24:06
ID000333,Shohei-Ohtani,01.jpg,Real,Yes,Yes,Yes,Yes,,,Yes,2026-08-07T17:24:10,2026-08-07T17:24:14
ID000333,Shohei-Ohtani,01.jpg,Fake,No,,Yes,Yes,Yes,,No,2026-08-07T17:24:21,2026-08-07T17:24:23
ID000333,Shohei-Ohtani,02.jpg,Fake,No,,Yes,Yes,Yes,,No,2026-08-07T17:24:24,2026-08-07T17:24:26
ID000333,Shohei-Ohtani,03.jpg,Fake,Yes,,Yes,Yes,Yes,,No,2026-08-07T17:24:26,2026-08-07T17:24:32
ID000333,Shohei-Ohtani,04.png,Fake,Yes,,Yes,Yes,No,,Yes,2026-08-07T17:24:32,2026-08-07T17:24:36
ID000160,James-Caan,01.jpg,Real,Yes,Yes,Yes,Yes,,,Yes,2026-08-07T17:24:39,2026-08-07T17:24:42
ID000160,James-Caan,01.png,Fake,No,,Yes,Yes,No,,No,2026-08-07T17:24:43,2026-08-07T17:24:56
ID000160,James-Caan,02.png,Fake,No,,Yes,Yes,Yes,,No,2026-08-07T17:24:56,2026-08-07T17:25:12
ID000035,Audrey-Tautou,01.jpg,Real,Yes,Yes,Yes,Yes,,,Yes,2026-08-07T17:25:13,2026-08-07T17:25:18
ID000035,Audrey-Tautou,02.jpg,Real,Yes,Yes,Yes,Yes,,,Yes,2026-08-07T17:25:18,2026-08-07T17:25:22
ID000035,Audrey-Tautou,01.jpg,Fake,No,,Yes,Yes,Yes,,No,2026-08-07T17:25:23,2026-08-07T17:25:28
ID000035,Audrey-Tautou,02.jpg,Fake,No,,Yes,Yes,Yes,,No,2026-08-07T17:25:28,2026-08-07T17:25:30
ID000035,Audrey-Tautou,03.jpg,Fake,No,,Yes,Yes,Yes,,No,2026-08-07T17:25:30,2026-08-07T17:25:36
ID000118,Gene-Hackman,01.jpg,Real,Yes,Yes,Yes,Yes,,,Yes,2026-08-07T17:25:37,2026-08-07T17:25:42
ID000118,Gene-Hackman,02.jpg,Real,Yes,Yes,Yes,Yes,,,Yes,2026-08-07T17:25:42,2026-08-07T17:25:46
ID000118,Gene-Hackman,03.jpg,Real,Yes,Yes,Yes,Yes,,,Yes,2026-08-07T17:25:46,2026-08-07T17:25:49
ID000118,Gene-Hackman,01.jpg,Fake,Yes,,Yes,Yes,Yes,,Yes,2026-08-07T17:25:51,2026-08-07T17:25:55
ID000118,Gene-Hackman,02.jpg,Fake,Yes,,Yes,Yes,Yes,,Yes,2026-08-07T17:25:55,2026-08-07T17:25:58
ID000118,Gene-Hackman,03.jpg,Fake,Yes,,Yes,Yes,Yes,,Yes,2026-08-07T17:25:58,2026-08-07T17:26:01
ID000118,Gene-Hackman,04.png,Fake,No,,Yes,Yes,Yes,,No,2026-08-07T17:26:37,2026-08-07T17:26:38
ID000118,Gene-Hackman,05.png,Fake,No,,Yes,Yes,Yes,,No,2026-08-07T17:26:38,2026-08-07T17:26:38
ID000118,Gene-Hackman,06.png,Fake,No,,Yes,Yes,Yes,,No,2026-08-07T17:26:38,2026-08-07T17:26:39
ID000260,Michael-Jackson,01.jpg,Real,Yes,Yes,Yes,Yes,,,Yes,2026-08-07T17:26:39,2026-08-07T17:26:47
ID000260,Michael-Jackson,02.png,Real,Yes,Yes,Yes,Yes,,,Yes,2026-08-07T17:26:47,2026-08-07T17:26:50
ID000260,Michael-Jackson,01.jpg,Fake,Yes,,Yes,Yes,Yes,,No,2026-08-07T17:26:51,2026-08-07T17:26:54
ID000260,Michael-Jackson,02.jpg,Fake,Yes,,Yes,Yes,Yes,,No,2026-08-07T17:26:54,2026-08-07T17:26:57
ID000260,Michael-Jackson,03.jpg,Fake,Yes,,Yes,Yes,Yes,,Yes,2026-08-07T17:26:57,2026-08-07T17:27:01
ID000260,Michael-Jackson,04.png,Fake,No,,Yes,Yes,Yes,,No,2026-08-07T17:27:01,2026-08-07T17:27:10
ID000260,Michael-Jackson,05.jpg,Fake,Yes,,Yes,Yes,Yes,,No,2026-08-07T17:27:10,2026-08-07T17:27:13
ID000304,Robert-De-Niro,01.jpg,Real,Yes,Yes,Yes,Yes,,,Yes,2026-08-07T17:27:17,2026-08-07T17:27:20
ID000304,Robert-De-Niro,02.jpg,Real,Yes,Yes,Yes,Yes,,,Yes,2026-08-07T17:27:21,2026-08-07T17:27:23
ID000304,Robert-De-Niro,03.jpg,Real,Yes,Yes,Yes,Yes,,,Yes,2026-08-07T17:27:23,2026-08-07T17:27:26
ID000304,Robert-De-Niro,01.jpg,Fake,Yes,,Yes,Yes,Yes,,No,2026-08-07T17:27:28,2026-08-07T17:27:33
ID000304,Robert-De-Niro,02.jpg,Fake,Yes,,Yes,Yes,Yes,,No,2026-08-07T17:27:33,2026-08-07T17:27:37
ID000304,Robert-De-Niro,03.jpg,Fake,Yes,,Yes,Yes,Yes,,Yes,2026-08-07T17:27:37,2026-08-07T17:27:40
ID000304,Robert-De-Niro,04.jpg,Fake,Yes,,Yes,Yes,Yes,,No,2026-08-07T17:27:40,2026-08-07T17:27:43
ID000304,Robert-De-Niro,05.jpg,Fake,Yes,,Yes,Yes,Yes,,No,2026-08-07T17:27:43,2026-08-07T17:27:45
ID000364,Walt-Disney,01.jpg,Real,Yes,Yes,Yes,Yes,,,Yes,2026-08-07T17:27:48,2026-08-07T17:27:51
ID000364,Walt-Disney,01.png,Fake,Yes,,Yes,Yes,Yes,,Yes,2026-08-07T17:27:52,2026-08-07T17:27:56
ID000364,Walt-Disney,02.jpg,Fake,No,,Yes,Yes,Yes,,No,2026-08-07T17:27:56,2026-08-07T17:28:00
ID000156,Jack-Nicholson,01.jpg,Real,Yes,Yes,Yes,Yes,,,Yes,2026-08-07T17:28:01,2026-08-07T17:28:06
ID000156,Jack-Nicholson,01.jpg,Fake,Yes,,Yes,Yes,Yes,,No,2026-08-07T17:28:06,2026-08-07T17:28:09
ID000156,Jack-Nicholson,02.jpg,Fake,Yes,,Yes,Yes,Yes,,No,2026-08-07T17:28:09,2026-08-07T17:28:14
ID000156,Jack-Nicholson,03.jpg,Fake,No,,Yes,Yes,Yes,,No,2026-08-07T17:28:14,2026-08-07T17:28:16
ID000156,Jack-Nicholson,04.jpg,Fake,Yes,,Yes,Yes,Yes,,Yes,2026-08-07T17:28:17,2026-08-07T17:28:20
ID000156,Jack-Nicholson,05.jpg,Fake,Yes,,Yes,Yes,Yes,,Yes,2026-08-07T17:28:20,2026-08-07T17:28:25
ID000063,Carlos-Alcaraz,01.jpg,Real,Yes,Yes,Yes,Yes,,,Yes,2026-08-07T17:28:29,2026-08-07T17:28:34
ID000063,Carlos-Alcaraz,02.jpg,Real,Yes,Yes,Yes,Yes,,,Yes,2026-08-07T17:28:34,2026-08-07T17:28:37
ID000063,Carlos-Alcaraz,03.webp,Real,Yes,Yes,Yes,Yes,,,Yes,2026-08-07T17:28:37,2026-08-07T17:28:41
ID000063,Carlos-Alcaraz,01.jpg,Fake,No,,Yes,Yes,Yes,,No,2026-08-07T17:28:42,2026-08-07T17:28:46
ID000063,Carlos-Alcaraz,02.jpg,Fake,No,,Yes,Yes,Yes,,No,2026-08-07T17:28:46,2026-08-07T17:28:50
ID000274,Naomi-Watts,01.jpg,Real,Yes,Yes,Yes,Yes,,,Yes,2026-08-07T17:28:51,2026-08-07T17:28:54
ID000274,Naomi-Watts,01.jpg,Fake,Yes,,Yes,Yes,Yes,,Yes,2026-08-07T17:28:55,2026-08-07T17:28:59
ID000097,Elizabeth-Taylor,01.jpg,Real,Yes,Yes,Yes,Yes,,,Yes,2026-08-07T17:29:00,2026-08-07T17:29:04
ID000097,Elizabeth-Taylor,02.jpg,Real,Yes,Yes,Yes,Yes,,,Yes,2026-08-07T17:29:04,2026-08-07T17:29:07
ID000097,Elizabeth-Taylor,02.jpg,Fake,Yes,,Yes,Yes,Yes,,Yes,2026-08-07T17:29:08,2026-08-07T17:29:11
ID000018,Ana-de-Armas,01.jpg,Real,Yes,Yes,Yes,Yes,,,Yes,2026-08-07T17:29:13,2026-08-07T17:29:17
ID000018,Ana-de-Armas,02.jpg,Real,Yes,Yes,Yes,Yes,,,Yes,2026-08-07T17:29:17,2026-08-07T17:29:19
ID000018,Ana-de-Armas,01.jpg,Fake,No,,Yes,Yes,Yes,,No,2026-08-07T17:29:20,2026-08-07T17:29:23
ID000018,Ana-de-Armas,02.jpg,Fake,No,,Yes,Yes,Yes,,No,2026-08-07T17:29:23,2026-08-07T17:29:27
ID000018,Ana-de-Armas,03.jpg,Fake,No,,Yes,Yes,Yes,,No,2026-08-07T17:29:27,2026-08-07T17:29:30
ID000018,Ana-de-Armas,04.jpg,Fake,Yes,,Yes,Yes,No,,Yes,2026-08-07T17:29:30,2026-08-07T17:29:35
ID000018,Ana-de-Armas,06.jpg,Fake,No,,Yes,Yes,Yes,,No,2026-08-07T17:29:35,2026-08-07T17:29:40
ID000018,Ana-de-Armas,07.png,Fake,Yes,,Yes,Yes,No,,Yes,2026-08-07T17:29:40,2026-08-07T17:29:45
ID000200,Justin-Trudeau,01.jpg,Real,Yes,Yes,Yes,Yes,,,Yes,2026-08-07T17:29:46,2026-08-07T17:29:58
ID000200,Justin-Trudeau,01.jpg,Fake,Yes,,Yes,Yes,No,,Yes,2026-08-07T17:30:12,2026-08-07T17:30:14
ID000200,Justin-Trudeau,02.jpg,Fake,Yes,,Yes,Yes,Yes,,No,2026-08-07T17:30:14,2026-08-07T17:30:15
ID000200,Justin-Trudeau,03.jpg,Fake,Yes,,Yes,Yes,Yes,,No,2026-08-07T17:30:15,2026-08-07T17:30:18
ID000150,Inde-Navarrette,01.jpg,Real,Yes,Yes,Yes,Yes,,,Yes,2026-08-07T17:30:22,2026-08-07T17:30:28
ID000150,Inde-Navarrette,02.jpg,Real,Yes,Yes,Yes,Yes,,,Yes,2026-08-07T17:30:28,2026-08-07T17:30:32
ID000150,Inde-Navarrette,03.jpg,Real,Yes,Yes,Yes,Yes,,,No,2026-08-07T17:30:32,2026-08-07T17:30:37
ID000150,Inde-Navarrette,01.jpg,Fake,No,,Yes,Yes,Yes,,No,2026-08-07T17:30:41,2026-08-07T17:30:47
ID000150,Inde-Navarrette,02.png,Fake,No,,Yes,Yes,Yes,,No,2026-08-07T17:30:47,2026-08-07T17:30:51
ID000150,Inde-Navarrette,03.jpg,Fake,Yes,,Yes,Yes,No,,Yes,2026-08-07T17:30:52,2026-08-07T17:30:58
ID000276,Neha-Kakka,01.jpg,Real,Yes,Yes,Yes,No,,,No,2026-08-07T17:31:13,2026-08-07T17:31:20
ID000276,Neha-Kakka,02.jpg,Real,Yes,Yes,Yes,Yes,,,Yes,2026-08-07T17:31:20,2026-08-07T17:31:22
ID000276,Neha-Kakka,03.jpg,Real,Yes,Yes,No,No,,,No,2026-08-07T17:31:22,2026-08-07T17:31:30
ID000276,Neha-Kakka,01.jpg,Fake,Yes,,Yes,Yes,No,,Yes,2026-08-07T17:31:31,2026-08-07T17:31:36
ID000276,Neha-Kakka,02.png,Fake,Yes,,Yes,Yes,No,,Yes,2026-08-07T17:31:36,2026-08-07T17:31:39
ID000155,Jack-Lemmon,01.jpg,Real,Yes,Yes,Yes,Yes,,,Yes,2026-08-07T17:31:41,2026-08-07T17:31:45
ID000155,Jack-Lemmon,02.jpg,Real,Yes,Yes,Yes,Yes,,,Yes,2026-08-07T17:31:45,2026-08-07T17:31:48
ID000155,Jack-Lemmon,03.jpg,Real,Yes,Yes,Yes,Yes,,,Yes,2026-08-07T17:31:48,2026-08-07T17:31:51
ID000155,Jack-Lemmon,01.jpg,Fake,Yes,,Yes,Yes,Yes,,No,2026-08-07T17:31:52,2026-08-07T17:31:56
ID000155,Jack-Lemmon,02.png,Fake,Yes,,Yes,Yes,Yes,,Yes,2026-08-07T17:31:56,2026-08-07T17:31:59
ID000155,Jack-Lemmon,03.png,Fake,Yes,,Yes,Yes,Yes,,No,2026-08-07T17:31:59,2026-08-07T17:32:04
ID000229,Link-Neal,01.jpg,Real,Yes,Yes,Yes,Yes,,,Yes,2026-08-07T17:32:08,2026-08-07T17:32:13
ID000229,Link-Neal,02.jpg,Real,Yes,Yes,Yes,Yes,,,Yes,2026-08-07T17:32:13,2026-08-07T17:32:15
ID000229,Link-Neal,01.jpg,Fake,Yes,,Yes,Yes,No,,Yes,2026-08-07T17:32:17,2026-08-07T17:32:22
ID000117,Gabriel-Boric,01.jpg,Real,Yes,Yes,Yes,Yes,,,Yes,2026-08-07T17:32:26,2026-08-07T17:32:31
ID000117,Gabriel-Boric,02.jpg,Real,Yes,Yes,Yes,Yes,,,Yes,2026-08-07T17:32:32,2026-08-07T17:32:37
ID000117,Gabriel-Boric,01.png,Fake,Yes,,Yes,Yes,No,,Yes,2026-08-07T17:32:39,2026-08-07T17:32:43
ID000128,Guy-Pearce,01.jpg,Real,Yes,Yes,Yes,Yes,,,Yes,2026-08-07T17:32:44,2026-08-07T17:32:47
ID000128,Guy-Pearce,01.jpg,Fake,Yes,,Yes,Yes,No,,Yes,2026-08-07T17:32:48,2026-08-07T17:32:52
ID000128,Guy-Pearce,03.jpg,Fake,Yes,,Yes,Yes,Yes,,Yes,2026-08-07T17:32:52,2026-08-07T17:32:55
ID000128,Guy-Pearce,05.jpg,Fake,Yes,,Yes,Yes,Yes,,Yes,2026-08-07T17:33:11,2026-08-07T17:33:15
ID000128,Guy-Pearce,06.png,Fake,No,,Yes,Yes,Yes,,No,2026-08-07T17:33:15,2026-08-07T17:33:18
ID000128,Guy-Pearce,07.png,Fake,No,,Yes,Yes,Yes,,No,2026-08-07T17:33:18,2026-08-07T17:33:19
ID000128,Guy-Pearce,08.png,Fake,No,,Yes,Yes,Yes,,No,2026-08-07T17:33:19,2026-08-07T17:33:23
ID000100,Emily-Blunt,01.jpg,Real,Yes,Yes,Yes,Yes,,,Yes,2026-08-07T17:33:24,2026-08-07T17:33:30
ID000100,Emily-Blunt,01.jpg,Fake,No,,Yes,Yes,Yes,,No,2026-08-07T17:33:30,2026-08-07T17:33:34
ID000100,Emily-Blunt,02.jpg,Fake,Yes,,Yes,No,No,,No,2026-08-07T17:33:34,2026-08-07T17:33:38
ID000100,Emily-Blunt,03.jpg,Fake,Yes,,Yes,No,Yes,,No,2026-08-07T17:33:38,2026-08-07T17:33:48
ID000100,Emily-Blunt,04.jpg,Fake,Yes,,Yes,Yes,Yes,,Yes,2026-08-07T17:33:48,2026-08-07T17:33:52
ID000036,Auston-Matthews,01.jpg,Real,Yes,Yes,Yes,Yes,,,Yes,2026-08-07T17:33:53,2026-08-07T17:33:57
ID000036,Auston-Matthews,01.jpg,Fake,Yes,,Yes,Yes,No,,Yes,2026-08-07T17:33:58,2026-08-07T17:34:09
ID000036,Auston-Matthews,02.jpg,Fake,Yes,,Yes,Yes,Yes,,No,2026-08-07T17:34:09,2026-08-07T17:34:14
ID000106,Eric-Bana,01.jpg,Real,Yes,Yes,Yes,Yes,,,Yes,2026-08-07T17:34:16,2026-08-07T17:34:21
ID000106,Eric-Bana,02.jpg,Real,Yes,Yes,Yes,Yes,,,Yes,2026-08-07T17:34:21,2026-08-07T17:34:24
ID000106,Eric-Bana,01.jpg,Fake,Yes,,Yes,Yes,Yes,,Yes,2026-08-07T17:34:26,2026-08-07T17:34:31
ID000106,Eric-Bana,02.png,Fake,Yes,,Yes,Yes,Yes,,No,2026-08-07T17:34:31,2026-08-07T17:34:35
ID000106,Eric-Bana,03.png,Fake,Yes,,Yes,Yes,Yes,,No,2026-08-07T17:34:35,2026-08-07T17:34:37
ID000106,Eric-Bana,04.png,Fake,Yes,,Yes,Yes,Yes,,No,2026-08-07T17:34:37,2026-08-07T17:34:40
ID000303,Rinko-Kikuchi,01.jpg,Real,Yes,Yes,Yes,Yes,,,Yes,2026-08-07T17:34:45,2026-08-07T17:34:49
ID000303,Rinko-Kikuchi,02.jpg,Real,Yes,Yes,Yes,Yes,,,Yes,2026-08-07T17:34:50,2026-08-07T17:34:52
ID000303,Rinko-Kikuchi,01.jpg,Fake,Yes,,Yes,Yes,Yes,,No,2026-08-07T17:34:53,2026-08-07T17:34:57
ID000303,Rinko-Kikuchi,02.png,Fake,Yes,,Yes,Yes,Yes,,No,2026-08-07T17:34:57,2026-08-07T17:35:03
ID000303,Rinko-Kikuchi,03.jpg,Fake,Yes,,Yes,No,No,,No,2026-08-07T17:35:03,2026-08-07T17:35:10
ID000303,Rinko-Kikuchi,04.jpg,Fake,Yes,,Yes,Yes,Yes,,No,2026-08-07T17:35:10,2026-08-07T17:35:13
ID000303,Rinko-Kikuchi,05.jpg,Fake,Yes,,Yes,Yes,Yes,,Yes,2026-08-07T17:35:13,2026-08-07T17:35:18
ID000087,Devon-Conway,01.png,Real,Yes,Yes,Yes,Yes,,,Yes,2026-08-07T17:35:22,2026-08-07T17:35:26
ID000087,Devon-Conway,02.webp,Real,Yes,Yes,Yes,Yes,,,Yes,2026-08-07T17:35:26,2026-08-07T17:35:30
ID000087,Devon-Conway,1.jpg,Fake,Yes,,Yes,Yes,Yes,,Yes,2026-08-07T17:35:32,2026-08-07T17:35:37
ID000396,virat-kohli,01.jpg,Real,Yes,Yes,Yes,Yes,,,Yes,2026-08-07T17:35:38,2026-08-07T17:35:50
ID000396,virat-kohli,02.webp,Real,Yes,Yes,Yes,Yes,,,Yes,2026-08-07T17:35:50,2026-08-07T17:35:54
ID000396,virat-kohli,01.jpg,Fake,No,,Yes,Yes,Yes,,No,2026-08-07T17:35:55,2026-08-07T17:36:00
ID000396,virat-kohli,02.png,Fake,Yes,,Yes,Yes,Yes,,No,2026-08-07T17:36:00,2026-08-07T17:36:07
ID000396,virat-kohli,04.jpg,Fake,Yes,,Yes,Yes,No,,Yes,2026-08-07T17:36:07,2026-08-07T17:36:11
ID000107,Ethan-Hawke,01.jpg,Real,Yes,Yes,Yes,Yes,,,Yes,2026-08-07T17:36:14,2026-08-07T17:36:17
ID000107,Ethan-Hawke,02.jpg,Real,Yes,Yes,Yes,Yes,,,Yes,2026-08-07T17:36:17,2026-08-07T17:36:19
ID000107,Ethan-Hawke,01.jpg,Fake,Yes,,Yes,Yes,No,,Yes,2026-08-07T17:36:21,2026-08-07T17:36:27
ID000107,Ethan-Hawke,02.jpg,Fake,Yes,,Yes,Yes,Yes,,No,2026-08-07T17:36:27,2026-08-07T17:36:31
ID000107,Ethan-Hawke,03.jpg,Fake,No,,No,Yes,Yes,,No,2026-08-07T17:36:31,2026-08-07T17:36:45
ID000107,Ethan-Hawke,04.jpg,Fake,Yes,,Yes,No,Yes,,No,2026-08-07T17:36:45,2026-08-07T17:36:50
ID000107,Ethan-Hawke,05.jpg,Fake,Yes,,Yes,Yes,Yes,,No,2026-08-07T17:36:50,2026-08-07T17:36:54
ID000082,Dasun-Shanaka,01.webp,Real,Yes,Yes,Yes,Yes,,,Yes,2026-08-07T17:36:58,2026-08-07T17:37:05
ID000082,Dasun-Shanaka,02.png,Real,Yes,Yes,Yes,Yes,,,Yes,2026-08-07T17:37:05,2026-08-07T17:37:10
ID000082,Dasun-Shanaka,1.png,Fake,Yes,,Yes,Yes,No,,Yes,2026-08-07T17:37:27,2026-08-07T17:37:29
ID000188,Johnny-Depp,01.jpg,Real,Yes,Yes,Yes,Yes,,,Yes,2026-08-07T17:37:30,2026-08-07T17:37:32
ID000188,Johnny-Depp,02.jpg,Real,Yes,Yes,Yes,Yes,,,Yes,2026-08-07T17:37:32,2026-08-07T17:37:35
ID000188,Johnny-Depp,03.jpg,Real,Yes,Yes,Yes,Yes,,,Yes,2026-08-07T17:37:35,2026-08-07T17:37:43
ID000188,Johnny-Depp,01.jpg,Fake,Yes,,Yes,Yes,Yes,,Yes,2026-08-07T17:37:50,2026-08-07T17:38:06
ID000282,Nicky-Campbell,01.jpg,Real,No,Yes,Yes,Yes,,,No,2026-08-07T17:38:07,2026-08-07T17:38:24
ID000282,Nicky-Campbell,02.jpg,Real,No,Yes,Yes,Yes,,,No,2026-08-07T17:38:24,2026-08-07T17:38:34
ID000282,Nicky-Campbell,03.jpg,Real,Yes,Yes,Yes,Yes,,,Yes,2026-08-07T17:38:34,2026-08-07T17:38:51
ID000282,Nicky-Campbell,01.jpg,Fake,No,,Yes,No,Yes,,No,2026-08-07T17:38:52,2026-08-07T17:39:03
ID000282,Nicky-Campbell,02.jpg,Fake,No,,Yes,Yes,Yes,,No,2026-08-07T17:39:27,2026-08-07T17:39:28
ID000282,Nicky-Campbell,03.jpg,Fake,No,,Yes,Yes,No,,No,2026-08-07T17:39:28,2026-08-07T17:39:29
ID000016,Alix-Earle,01.png,Real,Yes,Yes,Yes,Yes,,,Yes,2026-08-07T17:39:29,2026-08-07T17:39:37
ID000016,Alix-Earle,02.jpg,Real,Yes,Yes,Yes,Yes,,,Yes,2026-08-07T17:39:37,2026-08-07T17:39:41
ID000016,Alix-Earle,02.png,Fake,Yes,,Yes,Yes,No,,Yes,2026-08-07T17:39:41,2026-08-07T17:39:45
ID000016,Alix-Earle,03.jpg,Fake,Yes,,Yes,Yes,Yes,,No,2026-08-07T17:39:45,2026-08-07T17:39:49
ID000195,Josh-Inglis,01.png,Real,Yes,Yes,Yes,Yes,,,Yes,2026-08-07T17:39:51,2026-08-07T17:39:56
ID000195,Josh-Inglis,02.png,Real,Yes,Yes,Yes,Yes,,,Yes,2026-08-07T17:39:56,2026-08-07T17:39:58
ID000195,Josh-Inglis,01.jpg,Fake,Yes,,Yes,Yes,No,,Yes,2026-08-07T17:39:59,2026-08-07T17:40:04
ID000195,Josh-Inglis,02.jpg,Fake,Yes,,Yes,Yes,Yes,,No,2026-08-07T17:40:04,2026-08-07T17:40:08
ID000079,Dan-Aykroyd,01.jpg,Real,Yes,Yes,Yes,Yes,,,Yes,2026-08-07T17:40:21,2026-08-07T17:40:22
ID000079,Dan-Aykroyd,02.jpg,Real,Yes,Yes,Yes,Yes,,,Yes,2026-08-07T17:40:22,2026-08-07T17:40:22
ID000079,Dan-Aykroyd,01.jpg,Fake,Yes,,Yes,Yes,Yes,,Yes,2026-08-07T17:40:23,2026-08-07T17:40:26
ID000355,Tina-Fey,01.jpg,Real,Yes,Yes,Yes,Yes,,,Yes,2026-08-07T17:40:26,2026-08-07T17:40:30
ID000355,Tina-Fey,02.jpg,Real,Yes,Yes,Yes,Yes,,,Yes,2026-08-07T17:40:30,2026-08-07T17:40:33
ID000355,Tina-Fey,01.png,Fake,No,,Yes,Yes,Yes,,No,2026-08-07T17:40:34,2026-08-07T17:40:37
ID000355,Tina-Fey,02.jpg,Fake,No,,Yes,No,Yes,,No,2026-08-07T17:40:37,2026-08-07T17:40:42
ID000355,Tina-Fey,04.jpg,Fake,No,,Yes,No,Yes,,No,2026-08-07T17:40:42,2026-08-07T17:40:47
ID000372,XI-Jinping,01.jpg,Real,Yes,Yes,Yes,Yes,,,Yes,2026-08-07T17:41:23,2026-08-07T17:41:24
ID000372,XI-Jinping,02.jpg,Real,Yes,Yes,Yes,Yes,,,Yes,2026-08-07T17:41:24,2026-08-07T17:41:24
ID000372,XI-Jinping,01.jpg,Fake,Yes,,Yes,Yes,Yes,,Yes,2026-08-07T17:41:25,2026-08-07T17:41:25
ID000372,XI-Jinping,02.jpg,Fake,Yes,,Yes,Yes,Yes,,Yes,2026-08-07T17:41:25,2026-08-07T17:41:25
ID000372,XI-Jinping,03.png,Fake,Yes,,Yes,Yes,No,,Yes,2026-08-07T17:41:26,2026-08-07T17:41:27
ID000213,Kevin-Xu,01.png,Real,Yes,Yes,Yes,Yes,,,Yes,2026-08-07T17:41:27,2026-08-07T17:41:33
ID000213,Kevin-Xu,01.webp,Real,Yes,Yes,Yes,Yes,,,Yes,2026-08-07T17:41:33,2026-08-07T17:41:37
ID000213,Kevin-Xu,02.jpg,Real,Yes,Yes,Yes,Yes,,,Yes,2026-08-07T17:41:37,2026-08-07T17:41:40
ID000213,Kevin-Xu,01.jpg,Fake,Yes,,Yes,Yes,No,,Yes,2026-08-07T17:41:41,2026-08-07T17:41:48
ID000335,Shubman-Gill,01.jpg,Real,Yes,Yes,Yes,Yes,,,Yes,2026-08-07T17:41:49,2026-08-07T17:41:56
ID000335,Shubman-Gill,02.png,Real,Yes,Yes,Yes,Yes,,,Yes,2026-08-07T17:41:56,2026-08-07T17:41:59
ID000335,Shubman-Gill,03.webp,Real,Yes,Yes,Yes,Yes,,,Yes,2026-08-07T17:41:59,2026-08-07T17:42:03
ID000335,Shubman-Gill,01.jpg,Fake,No,,No,Yes,Yes,,No,2026-08-07T17:42:04,2026-08-07T17:42:14
ID000335,Shubman-Gill,1.jpg,Fake,Yes,,Yes,Yes,Yes,,Yes,2026-08-07T17:42:14,2026-08-07T17:42:20
ID000335,Shubman-Gill,2.jpg,Fake,Yes,,Yes,Yes,No,,Yes,2026-08-07T17:42:20,2026-08-07T17:42:25
ID000386,meryl-streep,01.jpg,Real,Yes,Yes,Yes,Yes,,,Yes,2026-08-07T17:42:29,2026-08-07T17:42:33
ID000386,meryl-streep,01.jpg,Fake,Yes,,Yes,Yes,Yes,,Yes,2026-08-07T17:42:33,2026-08-07T17:42:37
ID000386,meryl-streep,02.png,Fake,Yes,,Yes,Yes,Yes,,Yes,2026-08-07T17:42:37,2026-08-07T17:42:39
