ID,Celebrity,Image,Type,Identity,Reliable,SingleFace,Quality,Artifact,Artifact_Explanation,Selected,AnnotationStart,AnnotationEnd
ID000302,Rihanna,01.png,Real,Yes,Yes,Yes,Yes,,,Yes,2026-08-03T13:24:50,2026-08-03T13:25:19
ID000302,Rihanna,02.jpg,Real,Yes,Yes,Yes,Yes,,,Yes,2026-08-03T13:25:19,2026-08-03T13:25:39
ID000302,Rihanna,01.jpg,Fake,No,,Yes,Yes,Yes,unnatural facial features,No,2026-08-03T13:25:45,2026-08-03T13:27:22
ID000302,Rihanna,02.jpg,Fake,Yes,,Yes,Yes,Yes,,Yes,2026-08-03T13:27:22,2026-08-03T13:27:56
ID000302,Rihanna,03.jpg,Fake,Yes,,Yes,Yes,Yes,,Yes,2026-08-03T13:27:56,2026-08-03T13:28:30
ID000302,Rihanna,1.jpg,Fake,Yes,,Yes,Yes,Yes,,No,2026-08-03T13:28:30,2026-08-03T13:28:57
ID000130,Hadika-Kyani,01.jpg,Real,Yes,Yes,Yes,Yes,,,Yes,2026-08-03T13:29:09,2026-08-04T11:46:23
ID000130,Hadika-Kyani,01.png,Fake,Yes,,Yes,Yes,Yes,,Yes,2026-08-04T11:46:27,2026-08-04T11:46:37
ID000111,Ewan-McGregor,01.jpg,Real,Yes,Yes,Yes,Yes,,,Yes,2026-08-04T11:46:40,2026-08-04T11:47:03
ID000111,Ewan-McGregor,02.jpg,Real,Yes,Yes,Yes,Yes,,,Yes,2026-08-04T11:47:03,2026-08-04T11:47:09
ID000111,Ewan-McGregor,03.jpg,Real,Yes,Yes,Yes,Yes,,,Yes,2026-08-04T11:47:10,2026-08-04T11:47:18
ID000111,Ewan-McGregor,01.jpg,Fake,Yes,,Yes,Yes,Yes,,Yes,2026-08-04T11:47:20,2026-08-04T11:48:01
ID000156,Jack-Nicholson,01.jpg,Real,Yes,Yes,Yes,Yes,,,Yes,2026-08-04T11:48:23,2026-08-04T11:48:46
ID000156,Jack-Nicholson,01.jpg,Fake,Yes,,Yes,Yes,Yes,,Yes,2026-08-04T11:48:48,2026-08-04T12:45:48
ID000156,Jack-Nicholson,02.jpg,Fake,Yes,,Yes,Yes,Yes,,No,2026-08-04T12:45:48,2026-08-04T12:46:27
ID000156,Jack-Nicholson,03.jpg,Fake,Yes,,Yes,Yes,Yes,,Yes,2026-08-04T12:46:27,2026-08-04T12:47:11
ID000156,Jack-Nicholson,04.jpg,Fake,No,,Yes,Yes,Yes,,No,2026-08-04T12:47:11,2026-08-04T14:26:09
ID000156,Jack-Nicholson,05.jpg,Fake,No,,Yes,Yes,No,,No,2026-08-04T14:26:09,2026-08-04T14:26:50
ID000150,Inde-Navarrette,01.jpg,Real,Yes,Yes,Yes,Yes,,,Yes,2026-08-04T14:26:59,2026-08-05T18:05:00
ID000150,Inde-Navarrette,02.jpg,Real,Yes,Yes,Yes,Yes,,,Yes,2026-08-05T18:05:01,2026-08-05T18:05:08
ID000150,Inde-Navarrette,03.jpg,Real,Yes,Yes,Yes,Yes,,,Yes,2026-08-05T18:05:09,2026-08-05T18:05:18
ID000150,Inde-Navarrette,01.jpg,Fake,No,,Yes,Yes,Yes,,No,2026-08-05T18:05:20,2026-08-05T18:05:44
ID000150,Inde-Navarrette,02.png,Fake,No,,No,Yes,Yes,,No,2026-08-05T18:05:44,2026-08-05T18:05:59
ID000150,Inde-Navarrette,03.jpg,Fake,Yes,,Yes,Yes,Yes,,Yes,2026-08-05T18:05:59,2026-08-05T18:06:12
ID000169,Jennie,01.jpg,Real,Yes,Yes,Yes,Yes,,,Yes,2026-08-05T18:06:24,2026-08-05T18:06:56
ID000169,Jennie,02.jpg,Real,Yes,Yes,Yes,Yes,,,Yes,2026-08-05T18:06:56,2026-08-05T18:07:33
ID000169,Jennie,03.jpg,Real,Yes,Yes,Yes,Yes,,,Yes,2026-08-05T18:07:33,2026-08-05T18:07:50
ID000169,Jennie,01.png,Fake,Yes,,Yes,Yes,No,,Yes,2026-08-05T18:07:51,2026-08-05T18:08:04
ID000169,Jennie,02.jpg,Fake,Yes,,Yes,Yes,Yes,,Yes,2026-08-05T18:08:04,2026-08-05T18:08:11
ID000118,Gene-Hackman,01.jpg,Real,Yes,Yes,Yes,Yes,,,Yes,2026-08-05T18:08:12,2026-08-05T18:09:04
ID000118,Gene-Hackman,02.jpg,Real,No,Yes,Yes,Yes,,,No,2026-08-05T18:09:04,2026-08-05T18:09:21
ID000118,Gene-Hackman,03.jpg,Real,Yes,Yes,Yes,Yes,,,Yes,2026-08-05T18:09:21,2026-08-05T18:09:52
ID000118,Gene-Hackman,01.jpg,Fake,Yes,,Yes,Yes,Yes,,Yes,2026-08-05T18:10:03,2026-08-05T18:10:11
ID000118,Gene-Hackman,02.jpg,Fake,Yes,,Yes,No,Yes,,No,2026-08-05T18:10:11,2026-08-05T18:10:17
ID000118,Gene-Hackman,03.jpg,Fake,Yes,,Yes,Yes,Yes,,Yes,2026-08-05T18:10:46,2026-08-05T18:10:47
ID000118,Gene-Hackman,04.png,Fake,No,,Yes,Yes,Yes,,No,2026-08-05T18:10:47,2026-08-05T18:10:49
ID000118,Gene-Hackman,05.png,Fake,No,,Yes,Yes,Yes,,No,2026-08-05T18:10:49,2026-08-05T18:10:58
ID000118,Gene-Hackman,06.png,Fake,No,,Yes,Yes,Yes,,No,2026-08-05T18:10:58,2026-08-05T18:11:03
ID000213,Kevin-Xu,01.png,Real,Yes,Yes,Yes,Yes,,,Yes,2026-08-05T18:11:10,2026-08-05T18:11:16
ID000213,Kevin-Xu,01.webp,Real,No,Yes,Yes,Yes,,,No,2026-08-05T18:11:16,2026-08-05T18:12:21
ID000213,Kevin-Xu,02.jpg,Real,Yes,Yes,Yes,Yes,,,Yes,2026-08-05T18:12:21,2026-08-05T18:12:28
ID000213,Kevin-Xu,01.jpg,Fake,Yes,,Yes,Yes,Yes,,Yes,2026-08-05T18:12:31,2026-08-05T18:12:43
ID000073,Christian-Clavier,01.jpg,Real,Yes,Yes,Yes,Yes,,,Yes,2026-08-05T18:12:45,2026-08-05T18:12:52
ID000073,Christian-Clavier,02.jpg,Real,Yes,Yes,Yes,Yes,,,Yes,2026-08-05T18:12:52,2026-08-05T18:12:58
ID000073,Christian-Clavier,01.jpg,Fake,No,,Yes,Yes,Yes,,No,2026-08-05T18:13:00,2026-08-05T18:13:09
ID000030,Antony,01.jpg,Real,Yes,Yes,Yes,Yes,,,Yes,2026-08-05T18:13:15,2026-08-05T18:13:25
ID000030,Antony,02.jpg,Real,Yes,Yes,Yes,Yes,,,Yes,2026-08-05T18:13:25,2026-08-05T18:13:29
ID000030,Antony,01.jpg,Fake,Yes,,Yes,Yes,Yes,,Yes,2026-08-05T18:13:31,2026-08-05T18:13:37
ID000030,Antony,02.jpg,Fake,Yes,,Yes,Yes,Yes,,No,2026-08-05T18:13:37,2026-08-05T18:13:43
ID000167,Jeff-Bridges,01.jpg,Real,Yes,Yes,Yes,Yes,,,Yes,2026-08-05T18:13:47,2026-08-05T18:13:55
ID000167,Jeff-Bridges,02.jpg,Real,Yes,Yes,Yes,Yes,,,Yes,2026-08-05T18:13:55,2026-08-05T18:14:09
ID000167,Jeff-Bridges,01.webp,Fake,Yes,,Yes,Yes,Yes,,Yes,2026-08-05T18:14:10,2026-08-05T18:14:18
ID000167,Jeff-Bridges,02.jpg,Fake,Yes,,Yes,Yes,Yes,,Yes,2026-08-05T18:14:19,2026-08-05T18:14:22
ID000167,Jeff-Bridges,03.jpg,Fake,Yes,,Yes,Yes,Yes,,Yes,2026-08-05T18:14:22,2026-08-05T18:14:29
ID000273,Nancy-Pelosi,01.jpg,Real,Yes,Yes,Yes,Yes,,,Yes,2026-08-05T18:14:33,2026-08-05T18:14:38
ID000273,Nancy-Pelosi,02.jpg,Real,Yes,Yes,Yes,Yes,,,Yes,2026-08-05T18:14:38,2026-08-05T18:14:42
ID000273,Nancy-Pelosi,03.jpg,Real,Yes,Yes,Yes,Yes,,,Yes,2026-08-05T18:14:42,2026-08-05T18:14:48
ID000273,Nancy-Pelosi,01.jpg,Fake,Yes,,Yes,Yes,Yes,,No,2026-08-05T18:14:50,2026-08-05T18:14:55
ID000273,Nancy-Pelosi,02.jpg,Fake,Yes,,Yes,Yes,Yes,,Yes,2026-08-05T18:14:55,2026-08-05T18:15:01
ID000273,Nancy-Pelosi,03.jpg,Fake,Yes,,Yes,Yes,No,,Yes,2026-08-05T18:15:01,2026-08-05T18:15:17
ID000273,Nancy-Pelosi,04.png,Fake,Yes,,Yes,Yes,Yes,,Yes,2026-08-05T18:15:17,2026-08-05T18:15:22
ID000036,Auston-Matthews,01.jpg,Real,Yes,No,Yes,Yes,,,No,2026-08-05T18:15:28,2026-08-05T18:15:52
ID000036,Auston-Matthews,01.jpg,Fake,No,,Yes,Yes,Yes,,No,2026-08-05T18:15:55,2026-08-05T18:16:04
ID000036,Auston-Matthews,02.jpg,Fake,No,,Yes,Yes,Yes,,No,2026-08-05T18:16:04,2026-08-05T18:16:20
ID000323,Sarah-Michelle-Gellar,01.jpg,Real,Yes,Yes,Yes,Yes,,,Yes,2026-08-05T18:16:21,2026-08-05T18:16:26
ID000323,Sarah-Michelle-Gellar,02.jpg,Real,Yes,Yes,Yes,Yes,,,Yes,2026-08-05T18:16:26,2026-08-05T18:16:29
ID000323,Sarah-Michelle-Gellar,01.jpg,Fake,Yes,,Yes,Yes,Yes,,No,2026-08-05T18:16:31,2026-08-05T18:16:37
ID000323,Sarah-Michelle-Gellar,02.jpg,Fake,Yes,,Yes,Yes,Yes,,Yes,2026-08-05T18:16:37,2026-08-05T18:16:41
ID000323,Sarah-Michelle-Gellar,03.jpg,Fake,Yes,,Yes,Yes,Yes,,Yes,2026-08-05T18:16:41,2026-08-05T18:16:44
ID000323,Sarah-Michelle-Gellar,04.jpg,Fake,Yes,,Yes,Yes,Yes,,Yes,2026-08-05T18:16:44,2026-08-05T18:16:48
ID000021,Andy-Jassy,01.jpg,Real,Yes,Yes,Yes,Yes,,,Yes,2026-08-05T18:16:59,2026-08-05T18:17:04
ID000021,Andy-Jassy,02.jpg,Real,Yes,Yes,Yes,Yes,,,Yes,2026-08-05T18:17:04,2026-08-05T18:17:08
ID000021,Andy-Jassy,01.jpg,Fake,No,,Yes,Yes,Yes,,No,2026-08-05T18:17:09,2026-08-05T18:17:19
ID000365,Walter-Matthau,01.jpg,Real,Yes,Yes,Yes,Yes,,,Yes,2026-08-05T18:17:20,2026-08-05T18:17:25
ID000365,Walter-Matthau,02.jpg,Real,Yes,Yes,Yes,Yes,,,Yes,2026-08-05T18:17:25,2026-08-05T18:17:36
ID000365,Walter-Matthau,01.png,Fake,Yes,,Yes,No,Yes,,No,2026-08-05T18:17:38,2026-08-05T18:17:50
ID000365,Walter-Matthau,02.png,Fake,Yes,,Yes,No,Yes,,No,2026-08-05T18:17:50,2026-08-05T18:17:56
ID000365,Walter-Matthau,04.png,Fake,No,,Yes,No,Yes,,No,2026-08-05T18:17:56,2026-08-05T18:18:03
ID000015,Alina-Amir,01.jpg,Real,Yes,No,Yes,Yes,,,No,2026-08-05T18:18:04,2026-08-05T18:18:34
ID000015,Alina-Amir,01.png,Fake,Yes,,No,No,No,,No,2026-08-05T18:18:35,2026-08-05T18:19:04
ID000015,Alina-Amir,02.jpg,Fake,Yes,,Yes,Yes,Yes,,Yes,2026-08-05T18:19:04,2026-08-05T18:19:12
ID000015,Alina-Amir,04.png,Fake,Yes,,Yes,No,Yes,,No,2026-08-05T18:19:12,2026-08-05T18:19:21
ID000222,Lamine-yaml,01.jpg,Real,Yes,Yes,Yes,Yes,,,Yes,2026-08-05T18:19:22,2026-08-05T18:19:44
ID000222,Lamine-yaml,5.jpg,Fake,Yes,,Yes,Yes,Yes,,Yes,2026-08-05T18:19:45,2026-08-05T18:19:51
ID000125,Glenn-Maxwell,01.jpg,Real,Yes,Yes,Yes,Yes,,,Yes,2026-08-05T18:19:52,2026-08-05T18:20:00
ID000125,Glenn-Maxwell,02.png,Real,Yes,Yes,Yes,Yes,,,Yes,2026-08-05T18:20:00,2026-08-05T18:20:04
ID000125,Glenn-Maxwell,1.jpg,Fake,Yes,,Yes,Yes,Yes,,Yes,2026-08-05T18:20:05,2026-08-05T18:20:27
ID000251,Matt-Dillon,01.jpg,Real,Yes,Yes,Yes,Yes,,,Yes,2026-08-05T18:20:43,2026-08-05T18:20:44
ID000251,Matt-Dillon,02.jpg,Real,Yes,Yes,Yes,Yes,,,Yes,2026-08-05T18:20:44,2026-08-05T18:20:48
ID000251,Matt-Dillon,01.jpg,Fake,No,,Yes,No,Yes,,No,2026-08-05T18:20:50,2026-08-05T18:20:56
ID000253,Matthew-Broderick,01.jpg,Real,Yes,Yes,Yes,Yes,,,Yes,2026-08-05T18:20:58,2026-08-05T18:21:03
ID000253,Matthew-Broderick,02.jpg,Real,Yes,Yes,Yes,Yes,,,Yes,2026-08-05T18:21:03,2026-08-05T18:21:07
ID000253,Matthew-Broderick,01.jpg,Fake,Yes,,Yes,Yes,Yes,,Yes,2026-08-05T18:21:12,2026-08-05T18:21:49
ID000253,Matthew-Broderick,02.jpg,Fake,Yes,,Yes,Yes,Yes,,Yes,2026-08-05T18:21:49,2026-08-05T18:22:04
ID000283,Nico-Paz,1.jpg,Real,Yes,Yes,Yes,Yes,,,Yes,2026-08-05T18:22:05,2026-08-05T18:22:12
ID000283,Nico-Paz,01.jpg,Fake,Yes,,Yes,Yes,Yes,,No,2026-08-05T18:22:13,2026-08-05T18:22:19
ID000283,Nico-Paz,1.jpg,Fake,Yes,,Yes,Yes,Yes,,Yes,2026-08-05T18:22:19,2026-08-05T18:22:23
ID000283,Nico-Paz,2.jpg,Fake,Yes,,Yes,Yes,Yes,,Yes,2026-08-05T18:22:23,2026-08-05T18:22:31
ID000290,Patrick-Wilson,01.jpg,Real,Yes,Yes,Yes,Yes,,,Yes,2026-08-05T18:22:34,2026-08-05T18:22:41
ID000290,Patrick-Wilson,02.jpg,Real,Yes,Yes,Yes,Yes,,,Yes,2026-08-05T18:22:41,2026-08-05T18:22:50
ID000290,Patrick-Wilson,01.jpg,Fake,Yes,,Yes,Yes,Yes,,Yes,2026-08-05T18:22:51,2026-08-05T18:22:56
ID000182,John-Cusack,01.jpg,Real,Yes,Yes,Yes,Yes,,,Yes,2026-08-05T18:22:58,2026-08-05T18:23:03
ID000182,John-Cusack,02.jpg,Real,Yes,Yes,Yes,Yes,,,Yes,2026-08-05T18:23:03,2026-08-05T18:23:07
ID000182,John-Cusack,01.jpg,Fake,Yes,,Yes,Yes,Yes,,Yes,2026-08-05T18:23:18,2026-08-05T18:23:22
ID000182,John-Cusack,02.jpg,Fake,No,,Yes,Yes,Yes,,No,2026-08-05T18:23:22,2026-08-05T18:23:47
ID000182,John-Cusack,03.jpg,Fake,No,,Yes,Yes,Yes,,No,2026-08-05T18:23:47,2026-08-05T18:23:55
ID000182,John-Cusack,04.jpg,Fake,No,,Yes,Yes,Yes,,No,2026-08-05T18:23:55,2026-08-05T18:24:01
ID000025,Anthony-Hopkins,01.jpg,Real,Yes,Yes,Yes,Yes,,,Yes,2026-08-05T18:24:02,2026-08-05T18:24:09
ID000025,Anthony-Hopkins,02.jpg,Real,Yes,Yes,Yes,Yes,,,Yes,2026-08-05T18:24:09,2026-08-05T18:24:14
ID000025,Anthony-Hopkins,03.jpg,Real,Yes,Yes,Yes,Yes,,,Yes,2026-08-05T18:24:14,2026-08-05T18:24:19
ID000025,Anthony-Hopkins,01.jpg,Fake,Yes,,Yes,Yes,No,,Yes,2026-08-05T18:24:20,2026-08-05T18:24:30
ID000025,Anthony-Hopkins,02.jpg,Fake,Yes,,Yes,Yes,Yes,,No,2026-08-05T18:24:30,2026-08-05T18:24:34
ID000025,Anthony-Hopkins,03.jpg,Fake,Yes,,Yes,Yes,No,,Yes,2026-08-05T18:24:34,2026-08-05T18:24:39
ID000025,Anthony-Hopkins,05.jpg,Fake,Yes,,Yes,Yes,Yes,,Yes,2026-08-05T18:24:39,2026-08-05T18:24:46
ID000025,Anthony-Hopkins,06.jpg,Fake,No,,Yes,Yes,Yes,,No,2026-08-05T18:24:46,2026-08-05T18:24:52
ID000269,Mohammad-Albuty,01.jpg,Real,Yes,Yes,Yes,Yes,,,Yes,2026-08-05T18:25:00,2026-08-05T18:25:03
ID000269,Mohammad-Albuty,02.jpg,Real,Yes,Yes,Yes,Yes,,,Yes,2026-08-05T18:25:04,2026-08-05T18:25:10
ID000269,Mohammad-Albuty,01.jpg,Fake,No,,Yes,Yes,Yes,,No,2026-08-05T18:25:13,2026-08-05T18:25:18
ID000131,Halle-Berry,01.jpg,Real,Yes,Yes,Yes,Yes,,,Yes,2026-08-05T18:25:19,2026-08-05T18:25:26
ID000131,Halle-Berry,02.jpg,Real,Yes,Yes,Yes,Yes,,,Yes,2026-08-05T18:25:26,2026-08-05T18:25:36
ID000131,Halle-Berry,01.jpg,Fake,No,,Yes,No,Yes,,No,2026-08-05T18:25:37,2026-08-05T18:25:46
ID000131,Halle-Berry,02.jpg,Fake,Yes,,Yes,Yes,Yes,,Yes,2026-08-05T18:25:46,2026-08-05T18:25:51
ID000131,Halle-Berry,03.jpg,Fake,Yes,,Yes,Yes,Yes,,Yes,2026-08-05T18:25:51,2026-08-05T18:25:56
ID000351,Tim-Allen,01.jpg,Real,Yes,Yes,Yes,Yes,,,Yes,2026-08-05T18:25:57,2026-08-05T18:26:09
ID000351,Tim-Allen,02.jpg,Real,Yes,Yes,Yes,Yes,,,Yes,2026-08-05T18:26:09,2026-08-05T18:26:14
ID000351,Tim-Allen,01.jpg,Fake,Yes,,Yes,Yes,No,,Yes,2026-08-05T18:26:15,2026-08-05T18:26:32
ID000351,Tim-Allen,02.jpg,Fake,No,,Yes,Yes,No,,No,2026-08-05T18:26:32,2026-08-05T18:26:44
ID000092,Dwayne-Johnson,01.png,Real,Yes,Yes,Yes,Yes,,,Yes,2026-08-05T18:26:45,2026-08-05T18:26:50
ID000092,Dwayne-Johnson,02.jpg,Real,Yes,Yes,Yes,Yes,,,Yes,2026-08-05T18:26:50,2026-08-05T18:26:55
ID000092,Dwayne-Johnson,02.png,Fake,Yes,,Yes,Yes,No,,Yes,2026-08-05T18:26:56,2026-08-05T18:27:08
ID000092,Dwayne-Johnson,03.jpg,Fake,Yes,,Yes,Yes,Yes,,No,2026-08-05T18:27:08,2026-08-05T18:27:13
ID000092,Dwayne-Johnson,04.jpg,Fake,Yes,,Yes,Yes,Yes,,Yes,2026-08-05T18:27:13,2026-08-05T18:27:17
ID000092,Dwayne-Johnson,05.jpg,Fake,Yes,,Yes,Yes,Yes,,Yes,2026-08-05T18:27:17,2026-08-05T18:27:20
ID000193,Josh-Hartnett,01.jpg,Real,Yes,Yes,Yes,Yes,,,Yes,2026-08-05T18:27:28,2026-08-05T18:27:33
ID000193,Josh-Hartnett,01.jpg,Fake,Yes,,Yes,Yes,Yes,,Yes,2026-08-05T18:27:35,2026-08-05T18:27:41
ID000193,Josh-Hartnett,02.jpg,Fake,No,,Yes,Yes,Yes,,No,2026-08-05T18:27:42,2026-08-05T18:27:49
ID000193,Josh-Hartnett,03.jpg,Fake,No,,No,Yes,Yes,,No,2026-08-05T18:27:49,2026-08-05T18:27:59
ID000193,Josh-Hartnett,04.jpg,Fake,Yes,,Yes,Yes,Yes,,No,2026-08-05T18:27:59,2026-08-05T18:28:07
ID000113,Faye-Dunaway,01.jpg,Real,Yes,Yes,Yes,Yes,,,Yes,2026-08-05T18:28:11,2026-08-05T18:28:15
ID000113,Faye-Dunaway,03.jpg,Fake,Yes,,Yes,Yes,Yes,,Yes,2026-08-05T18:28:16,2026-08-05T18:28:22
ID000113,Faye-Dunaway,04.jpg,Fake,Yes,,Yes,Yes,Yes,,Yes,2026-08-05T18:28:22,2026-08-05T18:28:29
ID000260,Michael-Jackson,01.jpg,Real,Yes,Yes,Yes,Yes,,,Yes,2026-08-05T18:28:31,2026-08-05T18:28:37
ID000260,Michael-Jackson,02.png,Real,Yes,Yes,Yes,Yes,,,Yes,2026-08-05T18:28:37,2026-08-05T18:28:42
ID000260,Michael-Jackson,01.jpg,Fake,Yes,,Yes,Yes,Yes,,Yes,2026-08-05T18:28:43,2026-08-05T18:28:48
ID000260,Michael-Jackson,02.jpg,Fake,Yes,,Yes,Yes,Yes,,Yes,2026-08-05T18:28:48,2026-08-05T18:28:51
ID000260,Michael-Jackson,03.jpg,Fake,Yes,,Yes,Yes,No,,Yes,2026-08-05T18:28:51,2026-08-05T18:28:56
ID000260,Michael-Jackson,04.png,Fake,Yes,,Yes,Yes,Yes,,No,2026-08-05T18:28:56,2026-08-05T18:29:01
ID000260,Michael-Jackson,05.jpg,Fake,Yes,,Yes,Yes,Yes,,No,2026-08-05T18:29:01,2026-08-05T18:29:06
ID000324,Sean-Penn,01.jpg,Real,Yes,Yes,Yes,Yes,,,Yes,2026-08-05T18:29:21,2026-08-05T18:29:26
ID000324,Sean-Penn,02.jpg,Real,Yes,Yes,Yes,Yes,,,Yes,2026-08-05T18:29:26,2026-08-05T18:29:29
ID000324,Sean-Penn,01.jpg,Fake,No,,Yes,Yes,Yes,,No,2026-08-05T18:29:34,2026-08-05T18:29:43
ID000324,Sean-Penn,02.png,Fake,No,,Yes,Yes,Yes,,No,2026-08-05T18:29:43,2026-08-05T18:29:50
ID000324,Sean-Penn,03.jpg,Fake,No,,Yes,No,Yes,,No,2026-08-05T18:29:50,2026-08-05T18:30:02
ID000033,Ashton-Kutcher,01.jpg,Real,Yes,Yes,Yes,Yes,,,Yes,2026-08-05T18:30:03,2026-08-05T18:30:09
ID000033,Ashton-Kutcher,02.jpg,Real,Yes,Yes,Yes,Yes,,,Yes,2026-08-05T18:30:09,2026-08-05T18:30:14
ID000033,Ashton-Kutcher,01.jpg,Fake,Yes,,Yes,Yes,Yes,,Yes,2026-08-05T18:30:15,2026-08-05T18:30:20
ID000033,Ashton-Kutcher,02.jpg,Fake,Yes,,Yes,Yes,Yes,,Yes,2026-08-05T18:30:20,2026-08-05T18:30:24
ID000299,Reese-Witherspoon,01.jpg,Real,Yes,Yes,Yes,Yes,,,Yes,2026-08-05T18:30:26,2026-08-05T18:30:30
ID000299,Reese-Witherspoon,01.jpg,Fake,Yes,,Yes,Yes,Yes,,Yes,2026-08-05T18:30:31,2026-08-05T18:30:36
ID000299,Reese-Witherspoon,03.jpg,Fake,Yes,,Yes,Yes,Yes,,Yes,2026-08-05T18:30:36,2026-08-05T18:30:42
ID000299,Reese-Witherspoon,04.png,Fake,Yes,,Yes,Yes,No,,Yes,2026-08-05T18:30:42,2026-08-05T18:30:49
ID000160,James-Caan,01.jpg,Real,Yes,Yes,Yes,Yes,,,Yes,2026-08-05T18:30:53,2026-08-05T18:30:57
ID000160,James-Caan,01.png,Fake,No,,No,Yes,No,,No,2026-08-05T18:30:58,2026-08-05T18:31:09
ID000160,James-Caan,02.png,Fake,No,,Yes,Yes,Yes,,No,2026-08-05T18:31:09,2026-08-05T18:31:16
ID000046,Benson-Boone,01.png,Real,Yes,Yes,Yes,Yes,,,Yes,2026-08-05T18:31:17,2026-08-05T18:31:28
ID000046,Benson-Boone,02.jpg,Real,Yes,Yes,Yes,Yes,,,Yes,2026-08-05T18:31:28,2026-08-05T18:31:34
ID000046,Benson-Boone,01.jpg,Fake,No,,No,Yes,No,,No,2026-08-05T18:31:35,2026-08-05T18:31:43
ID000046,Benson-Boone,02.jpg,Fake,No,,Yes,Yes,Yes,,No,2026-08-05T18:31:43,2026-08-05T18:31:49
ID000046,Benson-Boone,03.jpg,Fake,No,,No,Yes,Yes,,No,2026-08-05T18:31:49,2026-08-05T18:31:54
ID000046,Benson-Boone,04.png,Fake,Yes,,Yes,Yes,Yes,,Yes,2026-08-05T18:31:54,2026-08-05T18:31:59
ID000345,Sylvester-Stallone,01.jpg,Real,Yes,Yes,Yes,Yes,,,Yes,2026-08-05T18:32:00,2026-08-05T18:32:04
ID000345,Sylvester-Stallone,02.jpg,Real,Yes,Yes,Yes,Yes,,,Yes,2026-08-05T18:32:05,2026-08-05T18:32:08
ID000345,Sylvester-Stallone,01.jpg,Fake,Yes,,Yes,Yes,Yes,,Yes,2026-08-05T18:32:09,2026-08-05T18:32:13
ID000345,Sylvester-Stallone,02.jpg,Fake,Yes,,Yes,Yes,Yes,,Yes,2026-08-05T18:32:13,2026-08-05T18:32:18
ID000345,Sylvester-Stallone,03.jpg,Fake,Yes,,Yes,Yes,Yes,,No,2026-08-05T18:32:18,2026-08-05T18:32:22
ID000345,Sylvester-Stallone,04.jpg,Fake,Yes,,Yes,Yes,Yes,,No,2026-08-05T18:32:22,2026-08-05T18:32:26
ID000345,Sylvester-Stallone,05.jpg,Fake,Yes,,Yes,Yes,Yes,,Yes,2026-08-05T18:32:26,2026-08-05T18:32:29
ID000278,Neymar,01.jpg,Real,Yes,Yes,Yes,Yes,,,Yes,2026-08-05T18:32:37,2026-08-05T18:32:42
ID000278,Neymar,02.jpg,Real,Yes,Yes,Yes,Yes,,,Yes,2026-08-05T18:32:42,2026-08-05T18:32:46
ID000278,Neymar,01.jpg,Fake,Yes,,Yes,Yes,Yes,,Yes,2026-08-05T18:32:47,2026-08-05T18:32:52
ID000278,Neymar,110.png,Fake,Yes,,Yes,Yes,No,,Yes,2026-08-05T18:32:52,2026-08-05T18:32:58
ID000254,Mesut-Ozil,01.jpg,Real,Yes,Yes,Yes,Yes,,,Yes,2026-08-05T18:32:59,2026-08-05T18:33:04
ID000254,Mesut-Ozil,02.jpg,Real,Yes,Yes,Yes,Yes,,,Yes,2026-08-05T18:33:04,2026-08-05T18:33:09
ID000254,Mesut-Ozil,01.jpg,Fake,Yes,,Yes,Yes,Yes,,Yes,2026-08-05T18:33:10,2026-08-05T18:33:14
ID000254,Mesut-Ozil,02.jpg,Fake,Yes,,Yes,Yes,Yes,,Yes,2026-08-05T18:33:32,2026-08-05T18:33:36
ID000374,Zhong-Huijuan,01.jpg,Real,Yes,Yes,Yes,Yes,,,Yes,2026-08-05T18:33:37,2026-08-05T18:34:15
ID000374,Zhong-Huijuan,02.jpg,Real,Yes,Yes,Yes,Yes,,,Yes,2026-08-05T18:34:15,2026-08-05T18:34:20
ID000374,Zhong-Huijuan,03.jpg,Real,Yes,Yes,Yes,Yes,,,Yes,2026-08-05T18:34:20,2026-08-05T18:34:25
ID000374,Zhong-Huijuan,01.png,Fake,No,,No,Yes,Yes,,No,2026-08-05T18:34:27,2026-08-05T18:34:33
ID000352,Tim-Curry,01.jpg,Real,Yes,Yes,Yes,No,,,No,2026-08-05T18:34:34,2026-08-05T18:34:41
ID000352,Tim-Curry,02.jpg,Real,Yes,Yes,Yes,Yes,,,Yes,2026-08-05T18:34:41,2026-08-05T18:34:45
ID000352,Tim-Curry,03.jpg,Real,Yes,Yes,Yes,Yes,,,No,2026-08-05T18:34:45,2026-08-05T18:35:28
ID000352,Tim-Curry,01.jpg,Fake,No,,Yes,Yes,No,,No,2026-08-05T18:35:30,2026-08-05T18:35:39
ID000352,Tim-Curry,02.png,Fake,No,,Yes,Yes,No,,No,2026-08-05T18:35:39,2026-08-05T18:35:45
ID000352,Tim-Curry,03.jpg,Fake,No,,No,No,No,,No,2026-08-05T18:35:45,2026-08-05T18:35:52
ID000352,Tim-Curry,04.jpg,Fake,Yes,,Yes,Yes,Yes,,Yes,2026-08-05T18:35:52,2026-08-05T18:35:57
ID000352,Tim-Curry,05.jpg,Fake,No,,Yes,Yes,Yes,,No,2026-08-05T18:35:57,2026-08-05T18:36:06
ID000121,George-Clooney,01.jpg,Real,Yes,Yes,Yes,Yes,,,Yes,2026-08-05T18:36:07,2026-08-05T18:36:11
ID000121,George-Clooney,02.jpg,Real,Yes,Yes,Yes,Yes,,,Yes,2026-08-05T18:36:11,2026-08-05T18:36:15
ID000121,George-Clooney,03.png,Real,Yes,Yes,Yes,Yes,,,Yes,2026-08-05T18:36:15,2026-08-05T18:36:20
ID000121,George-Clooney,01.jpg,Fake,Yes,,Yes,Yes,Yes,,Yes,2026-08-05T18:36:21,2026-08-05T18:36:27
ID000121,George-Clooney,02.jpg,Fake,Yes,,Yes,Yes,Yes,,Yes,2026-08-05T18:36:27,2026-08-05T18:36:36
ID000121,George-Clooney,03.jpg,Fake,No,,Yes,Yes,Yes,,No,2026-08-05T18:36:36,2026-08-05T18:36:48
ID000121,George-Clooney,04.jpg,Fake,Yes,,Yes,Yes,Yes,,Yes,2026-08-05T18:36:48,2026-08-05T18:36:53
ID000121,George-Clooney,05.jpg,Fake,Yes,,Yes,Yes,Yes,,No,2026-08-05T18:36:53,2026-08-05T18:36:59
ID000072,Christian-Bale,01.jpg,Real,Yes,Yes,Yes,Yes,,,Yes,2026-08-05T18:37:10,2026-08-05T18:42:26
ID000072,Christian-Bale,01.jpg,Fake,No,,Yes,Yes,Yes,,No,2026-08-05T18:42:27,2026-08-05T18:42:33
ID000072,Christian-Bale,02.jpg,Fake,Yes,,Yes,No,Yes,,No,2026-08-05T18:42:33,2026-08-05T18:42:43
ID000072,Christian-Bale,03.jpg,Fake,Yes,,Yes,Yes,Yes,,Yes,2026-08-05T18:42:44,2026-08-05T18:42:49
ID000072,Christian-Bale,04.jpg,Fake,Yes,,Yes,Yes,Yes,,No,2026-08-05T18:42:49,2026-08-05T18:43:02
ID000072,Christian-Bale,05.jpg,Fake,Yes,,Yes,Yes,Yes,,Yes,2026-08-05T18:43:02,2026-08-05T18:43:08
ID000327,Selena-Gomez,01.jpg,Real,Yes,Yes,Yes,Yes,,,Yes,2026-08-05T18:43:11,2026-08-05T18:43:17
ID000327,Selena-Gomez,02.jpg,Real,Yes,Yes,Yes,Yes,,,Yes,2026-08-05T18:43:18,2026-08-05T18:43:23
ID000327,Selena-Gomez,03.jpg,Real,Yes,Yes,Yes,Yes,,,Yes,2026-08-05T18:43:23,2026-08-05T18:43:28
ID000327,Selena-Gomez,01.png,Fake,Yes,,Yes,Yes,Yes,,Yes,2026-08-05T18:43:29,2026-08-05T18:43:35
ID000327,Selena-Gomez,04.jpg,Fake,Yes,,Yes,Yes,Yes,,Yes,2026-08-05T18:43:35,2026-08-05T18:43:44
ID000327,Selena-Gomez,05.jpg,Fake,Yes,,Yes,Yes,Yes,,Yes,2026-08-05T18:43:44,2026-08-05T18:43:49
ID000098,Ellyse-Perry,01.jpg,Real,Yes,Yes,Yes,Yes,,,Yes,2026-08-05T18:43:51,2026-08-05T18:43:58
ID000098,Ellyse-Perry,02.jpg,Real,Yes,Yes,Yes,Yes,,,Yes,2026-08-05T18:43:58,2026-08-05T18:44:03
ID000098,Ellyse-Perry,1.jpg,Fake,Yes,,Yes,Yes,Yes,,Yes,2026-08-05T18:44:05,2026-08-05T18:44:22
ID000098,Ellyse-Perry,2.jpg,Fake,Yes,,Yes,Yes,Yes,,Yes,2026-08-05T18:44:22,2026-08-05T18:44:29
ID000098,Ellyse-Perry,3.jpg,Fake,Yes,,Yes,Yes,Yes,,Yes,2026-08-05T18:44:30,2026-08-05T18:44:34
ID000362,Vin-Diesel,01.jpg,Real,Yes,Yes,Yes,Yes,,,Yes,2026-08-05T18:44:36,2026-08-05T18:44:52
ID000362,Vin-Diesel,02.jpg,Real,Yes,Yes,Yes,Yes,,,No,2026-08-05T18:44:52,2026-08-05T18:44:59
ID000362,Vin-Diesel,01.png,Fake,No,,No,No,Yes,,No,2026-08-05T18:45:04,2026-08-05T18:45:10
ID000362,Vin-Diesel,02.jpg,Fake,Yes,,Yes,Yes,Yes,,Yes,2026-08-05T18:45:10,2026-08-05T18:45:15
ID000362,Vin-Diesel,03.jpg,Fake,No,,Yes,Yes,Yes,,No,2026-08-05T18:45:15,2026-08-05T18:45:24
ID000105,Engin Altan,01.jpg,Real,Yes,Yes,Yes,Yes,,,Yes,2026-08-05T18:45:25,2026-08-05T18:45:29
ID000105,Engin Altan,02.jpg,Real,Yes,Yes,Yes,Yes,,,Yes,2026-08-05T18:45:29,2026-08-05T18:45:35
ID000105,Engin Altan,03.jpg,Real,Yes,Yes,Yes,Yes,,,Yes,2026-08-05T18:45:35,2026-08-05T18:45:39
ID000105,Engin Altan,01.jpg,Fake,No,,Yes,Yes,Yes,,No,2026-08-05T18:45:40,2026-08-05T18:45:46
ID000105,Engin Altan,01.png,Fake,Yes,,Yes,Yes,Yes,,Yes,2026-08-05T18:45:46,2026-08-05T18:46:01
ID000105,Engin Altan,02.jpg,Fake,No,,Yes,Yes,Yes,,No,2026-08-05T18:46:01,2026-08-05T18:46:07
ID000201,Kate-Beckinsale,01.jpg,Real,Yes,Yes,Yes,Yes,,,Yes,2026-08-05T18:46:08,2026-08-05T18:46:13
ID000201,Kate-Beckinsale,02.jpg,Real,Yes,Yes,Yes,Yes,,,Yes,2026-08-05T18:46:13,2026-08-05T18:46:18
ID000201,Kate-Beckinsale,01.jpg,Fake,Yes,,Yes,Yes,Yes,,Yes,2026-08-05T18:46:19,2026-08-05T18:46:23
ID000201,Kate-Beckinsale,02.jpg,Fake,No,,Yes,Yes,Yes,,No,2026-08-05T18:46:23,2026-08-05T18:46:28
ID000201,Kate-Beckinsale,03.jpg,Fake,Yes,,Yes,Yes,Yes,,Yes,2026-08-05T18:46:28,2026-08-05T18:46:39
ID000201,Kate-Beckinsale,04.jpg,Fake,No,,Yes,Yes,Yes,,No,2026-08-05T18:46:39,2026-08-05T18:46:46
ID000027,Antoine-Griezmann,01.jpg,Real,Yes,Yes,Yes,Yes,,,Yes,2026-08-05T18:46:51,2026-08-05T18:47:01
ID000027,Antoine-Griezmann,02.png,Real,Yes,Yes,Yes,Yes,,,Yes,2026-08-05T18:47:01,2026-08-05T18:47:07
ID000027,Antoine-Griezmann,03.jpg,Real,Yes,Yes,Yes,Yes,,,Yes,2026-08-05T18:47:07,2026-08-05T18:47:11
ID000027,Antoine-Griezmann,01.jpg,Fake,No,,Yes,Yes,Yes,,No,2026-08-05T18:47:13,2026-08-05T18:47:19
ID000027,Antoine-Griezmann,02.jpg,Fake,Yes,,Yes,Yes,Yes,,Yes,2026-08-05T18:47:19,2026-08-05T18:47:28
ID000027,Antoine-Griezmann,03.jpg,Fake,Yes,,Yes,Yes,Yes,,Yes,2026-08-05T18:47:28,2026-08-05T18:47:31
ID000221,Lamar-Jackson,01.png,Real,Yes,Yes,Yes,Yes,,,Yes,2026-08-05T18:47:33,2026-08-05T18:47:37
ID000221,Lamar-Jackson,01.jpg,Fake,No,,Yes,Yes,Yes,,No,2026-08-05T18:47:38,2026-08-05T18:47:42
ID000221,Lamar-Jackson,02.jpg,Fake,No,,Yes,Yes,Yes,,No,2026-08-05T18:47:42,2026-08-05T18:47:47
ID000368,William,01.jpg,Real,Yes,Yes,Yes,Yes,,,Yes,2026-08-05T18:47:48,2026-08-05T18:47:53
ID000368,William,02.jpg,Real,Yes,Yes,Yes,Yes,,,Yes,2026-08-05T18:47:53,2026-08-05T18:47:58
ID000368,William,02.jpg,Fake,Yes,,Yes,Yes,Yes,,Yes,2026-08-05T18:47:59,2026-08-05T18:48:04
ID000368,William,1.jpg,Fake,No,,Yes,Yes,Yes,,No,2026-08-05T18:48:04,2026-08-05T18:48:08
ID000081,Daniel-Radcliffe,01.jpg,Real,Yes,Yes,Yes,Yes,,,Yes,2026-08-05T18:48:09,2026-08-05T18:48:17
ID000081,Daniel-Radcliffe,02.jpg,Real,Yes,Yes,Yes,Yes,,,Yes,2026-08-05T18:48:17,2026-08-05T18:48:23
ID000081,Daniel-Radcliffe,01.jpg,Fake,Yes,,Yes,Yes,Yes,,Yes,2026-08-05T18:48:25,2026-08-05T18:48:29
ID000081,Daniel-Radcliffe,02.jpg,Fake,Yes,,Yes,Yes,Yes,,No,2026-08-05T18:48:29,2026-08-05T18:48:33
ID000081,Daniel-Radcliffe,03.jpg,Fake,Yes,,Yes,Yes,Yes,,No,2026-08-05T18:48:33,2026-08-05T18:48:37
ID000081,Daniel-Radcliffe,04.jpg,Fake,Yes,,Yes,Yes,Yes,,Yes,2026-08-05T18:48:37,2026-08-05T18:48:41
ID000081,Daniel-Radcliffe,05.jpg,Fake,No,,Yes,Yes,Yes,,No,2026-08-05T18:48:41,2026-08-05T18:48:45
ID000081,Daniel-Radcliffe,06.jpg,Fake,Yes,,Yes,Yes,Yes,,Yes,2026-08-05T18:48:45,2026-08-05T18:48:49
ID000344,Sydney-Sweeney,01.jpg,Real,Yes,Yes,Yes,Yes,,,Yes,2026-08-05T18:49:07,2026-08-05T18:49:13
ID000344,Sydney-Sweeney,02.jpg,Real,Yes,Yes,Yes,Yes,,,Yes,2026-08-05T18:49:13,2026-08-05T18:49:18
ID000344,Sydney-Sweeney,01.jpg,Fake,Yes,,Yes,Yes,Yes,,Yes,2026-08-05T18:49:19,2026-08-05T18:49:29
ID000344,Sydney-Sweeney,04.jpg,Fake,No,,Yes,Yes,Yes,,No,2026-08-05T18:49:29,2026-08-05T18:49:38
ID000344,Sydney-Sweeney,06.png,Fake,Yes,,Yes,Yes,Yes,,Yes,2026-08-05T18:49:39,2026-08-05T18:49:43
ID000204,Kathy-Bates,01.jpg,Real,Yes,Yes,Yes,Yes,,,Yes,2026-08-05T18:49:45,2026-08-05T18:49:49
ID000204,Kathy-Bates,02.jpg,Real,Yes,Yes,Yes,Yes,,,Yes,2026-08-05T18:49:50,2026-08-05T18:49:54
ID000204,Kathy-Bates,01.jpg,Fake,No,,Yes,Yes,Yes,,No,2026-08-05T18:49:55,2026-08-05T18:50:07
ID000204,Kathy-Bates,02.png,Fake,No,,Yes,Yes,Yes,,No,2026-08-05T18:50:07,2026-08-05T18:50:12
ID000303,Rinko-Kikuchi,01.jpg,Real,Yes,Yes,Yes,Yes,,,Yes,2026-08-05T18:50:13,2026-08-05T18:50:19
ID000303,Rinko-Kikuchi,02.jpg,Real,Yes,Yes,Yes,Yes,,,Yes,2026-08-05T18:50:19,2026-08-05T18:50:23
ID000303,Rinko-Kikuchi,01.jpg,Fake,No,,Yes,Yes,Yes,,No,2026-08-05T18:50:25,2026-08-05T18:50:36
ID000303,Rinko-Kikuchi,02.png,Fake,No,,No,Yes,Yes,,No,2026-08-05T18:50:37,2026-08-05T18:50:56
ID000303,Rinko-Kikuchi,03.jpg,Fake,Yes,,Yes,Yes,Yes,,Yes,2026-08-05T18:50:56,2026-08-05T18:51:05
ID000303,Rinko-Kikuchi,04.jpg,Fake,Yes,,Yes,Yes,Yes,,Yes,2026-08-05T18:51:05,2026-08-05T18:51:09
ID000303,Rinko-Kikuchi,05.jpg,Fake,Yes,,Yes,Yes,Yes,,Yes,2026-08-05T18:51:09,2026-08-05T18:51:15
ID000207,Keira-Knightley,01.jpg,Real,Yes,Yes,Yes,Yes,,,Yes,2026-08-05T18:51:18,2026-08-05T18:51:25
ID000207,Keira-Knightley,02.jpg,Real,Yes,Yes,Yes,Yes,,,Yes,2026-08-05T18:51:25,2026-08-05T18:51:31
ID000207,Keira-Knightley,03.png,Real,Yes,Yes,Yes,Yes,,,Yes,2026-08-05T18:51:31,2026-08-05T18:51:34
ID000207,Keira-Knightley,01.jpg,Fake,Yes,,Yes,Yes,Yes,,Yes,2026-08-05T18:51:37,2026-08-05T18:51:41
ID000207,Keira-Knightley,02.jpg,Fake,Yes,,Yes,Yes,Yes,,No,2026-08-05T18:51:41,2026-08-05T18:51:55
ID000207,Keira-Knightley,03.jpg,Fake,Yes,,Yes,Yes,Yes,,Yes,2026-08-05T18:51:55,2026-08-05T18:51:59
ID000207,Keira-Knightley,04.jpg,Fake,Yes,,Yes,Yes,Yes,,Yes,2026-08-05T18:52:00,2026-08-05T18:52:04
ID000207,Keira-Knightley,05.jpg,Fake,Yes,,Yes,Yes,Yes,,No,2026-08-05T18:52:04,2026-08-05T18:52:11
ID000207,Keira-Knightley,06.jpg,Fake,Yes,,Yes,Yes,Yes,,No,2026-08-05T18:52:11,2026-08-05T18:52:16
ID000148,Imane-Anys-Pokimane,01.jpg,Real,Yes,Yes,Yes,Yes,,,Yes,2026-08-05T18:52:24,2026-08-05T18:52:29
ID000148,Imane-Anys-Pokimane,01.jpg,Fake,Yes,,Yes,Yes,Yes,,Yes,2026-08-05T18:52:30,2026-08-05T18:52:36
ID000148,Imane-Anys-Pokimane,02.jpg,Fake,No,,Yes,Yes,Yes,,No,2026-08-05T18:52:36,2026-08-05T18:52:42
ID000053,Brenda-Tau,01.jpg,Real,Yes,Yes,Yes,Yes,,,Yes,2026-08-05T18:52:43,2026-08-05T18:52:48
ID000053,Brenda-Tau,02.jpg,Real,Yes,Yes,Yes,Yes,,,Yes,2026-08-05T18:52:48,2026-08-05T18:52:52
ID000053,Brenda-Tau,01.jpg,Fake,No,,Yes,Yes,Yes,,No,2026-08-05T18:52:54,2026-08-05T18:52:58
ID000107,Ethan-Hawke,01.jpg,Real,Yes,Yes,Yes,Yes,,,Yes,2026-08-05T18:52:59,2026-08-05T18:53:03
ID000107,Ethan-Hawke,02.jpg,Real,Yes,Yes,Yes,Yes,,,Yes,2026-08-05T18:53:03,2026-08-05T18:53:07
ID000107,Ethan-Hawke,01.jpg,Fake,Yes,,Yes,Yes,Yes,,Yes,2026-08-05T18:53:09,2026-08-05T18:53:20
ID000107,Ethan-Hawke,02.jpg,Fake,No,,Yes,Yes,Yes,,No,2026-08-05T18:53:20,2026-08-05T18:53:26
ID000107,Ethan-Hawke,03.jpg,Fake,No,,Yes,Yes,Yes,,No,2026-08-05T18:53:26,2026-08-05T18:53:30
ID000107,Ethan-Hawke,04.jpg,Fake,Yes,,Yes,Yes,Yes,,Yes,2026-08-05T18:53:30,2026-08-05T18:53:36
ID000107,Ethan-Hawke,05.jpg,Fake,Yes,,Yes,Yes,Yes,,Yes,2026-08-05T18:53:36,2026-08-05T18:53:42
ID000093,Dylan-O,01.jpg,Real,Yes,Yes,Yes,Yes,,,Yes,2026-08-05T18:53:45,2026-08-05T18:53:53
ID000093,Dylan-O,01.jpg,Fake,Yes,,Yes,Yes,Yes,,Yes,2026-08-05T18:53:54,2026-08-05T18:53:59
ID000093,Dylan-O,02.jpg,Fake,Yes,,Yes,Yes,Yes,,Yes,2026-08-05T18:53:59,2026-08-05T18:54:03
ID000093,Dylan-O,03.jpg,Fake,No,,No,Yes,Yes,,No,2026-08-05T18:54:04,2026-08-05T18:54:09
ID000209,Kevin-Bacon,01.jpg,Real,Yes,Yes,Yes,Yes,,,Yes,2026-08-05T18:54:11,2026-08-05T18:54:14
ID000209,Kevin-Bacon,02.jpg,Real,Yes,Yes,Yes,Yes,,,Yes,2026-08-05T18:54:15,2026-08-05T18:54:22
ID000209,Kevin-Bacon,03.jpg,Real,Yes,Yes,Yes,Yes,,,Yes,2026-08-05T18:54:22,2026-08-05T18:54:26
ID000209,Kevin-Bacon,01.jpg,Fake,No,,Yes,Yes,Yes,,No,2026-08-05T18:54:27,2026-08-05T18:54:35
ID000209,Kevin-Bacon,02.jpg,Fake,Yes,,Yes,Yes,Yes,,Yes,2026-08-05T18:54:35,2026-08-05T18:54:40
ID000209,Kevin-Bacon,03.png,Fake,Yes,,Yes,Yes,Yes,,Yes,2026-08-05T18:54:40,2026-08-05T18:54:44
ID000209,Kevin-Bacon,04.png,Fake,Yes,,Yes,Yes,Yes,,No,2026-08-05T18:54:44,2026-08-05T18:54:47
ID000209,Kevin-Bacon,05.png,Fake,Yes,,Yes,Yes,Yes,,Yes,2026-08-05T18:54:48,2026-08-05T18:54:52
ID000277,Nelson-Mendala,01.jpg,Real,Yes,Yes,Yes,Yes,,,Yes,2026-08-05T18:55:03,2026-08-05T18:55:07
ID000277,Nelson-Mendala,02.jpg,Real,Yes,Yes,Yes,Yes,,,Yes,2026-08-05T18:55:08,2026-08-05T18:55:11
ID000277,Nelson-Mendala,03.jpg,Real,Yes,Yes,Yes,Yes,,,Yes,2026-08-05T18:55:11,2026-08-05T18:55:15
ID000277,Nelson-Mendala,01.jpg,Fake,Yes,,Yes,Yes,Yes,,Yes,2026-08-05T18:55:16,2026-08-05T18:55:21
ID000277,Nelson-Mendala,02.jpg,Fake,Yes,,Yes,Yes,No,,Yes,2026-08-05T18:55:22,2026-08-05T18:55:27
ID000358,Tony-Leung-Chiu-Wai,01.jpg,Real,Yes,Yes,Yes,Yes,,,Yes,2026-08-05T18:55:30,2026-08-05T18:55:34
ID000358,Tony-Leung-Chiu-Wai,02.jpg,Real,Yes,Yes,Yes,Yes,,,Yes,2026-08-05T18:55:35,2026-08-05T18:55:42
ID000358,Tony-Leung-Chiu-Wai,03.jpg,Real,Yes,Yes,Yes,Yes,,,Yes,2026-08-05T18:55:44,2026-08-05T18:55:49
ID000358,Tony-Leung-Chiu-Wai,01.jpg,Fake,Yes,,Yes,Yes,Yes,,Yes,2026-08-05T18:55:56,2026-08-05T18:56:09
ID000358,Tony-Leung-Chiu-Wai,02.jpg,Fake,Yes,,Yes,Yes,No,,Yes,2026-08-05T18:56:10,2026-08-05T18:56:16
ID000322,Sanna-Marin,01.jpg,Real,Yes,Yes,Yes,Yes,,,Yes,2026-08-05T18:56:17,2026-08-05T18:56:22
ID000322,Sanna-Marin,02.jpg,Real,Yes,Yes,Yes,Yes,,,Yes,2026-08-05T18:56:22,2026-08-05T18:56:26
ID000322,Sanna-Marin,01.jpg,Fake,No,,Yes,Yes,Yes,,No,2026-08-05T18:56:28,2026-08-05T18:56:37
ID000322,Sanna-Marin,04.png,Fake,Yes,,Yes,Yes,Yes,,Yes,2026-08-05T18:56:37,2026-08-05T18:56:41
ID000322,Sanna-Marin,05.jpg,Fake,Yes,,Yes,Yes,No,,Yes,2026-08-05T18:56:41,2026-08-05T18:56:51
ID000088,Diane-Kruger,01.jpg,Real,Yes,Yes,Yes,Yes,,,Yes,2026-08-05T18:56:53,2026-08-05T18:56:58
ID000088,Diane-Kruger,02.jpg,Real,Yes,Yes,Yes,Yes,,,Yes,2026-08-05T18:56:58,2026-08-05T18:57:03
ID000088,Diane-Kruger,01.jpg,Fake,Yes,,Yes,Yes,Yes,,No,2026-08-05T18:57:04,2026-08-05T18:57:10
ID000088,Diane-Kruger,02.jpg,Fake,Yes,,Yes,Yes,Yes,,Yes,2026-08-05T18:57:10,2026-08-05T18:57:28
ID000088,Diane-Kruger,03.jpg,Fake,Yes,,Yes,Yes,Yes,,Yes,2026-08-05T18:57:28,2026-08-05T18:57:45
ID000088,Diane-Kruger,04.jpg,Fake,No,,Yes,Yes,Yes,,No,2026-08-05T18:57:45,2026-08-05T18:57:56
ID000088,Diane-Kruger,05.jpg,Fake,No,,Yes,Yes,Yes,,No,2026-08-05T18:57:56,2026-08-05T18:58:10
ID000088,Diane-Kruger,06.jpg,Fake,Yes,,Yes,Yes,Yes,,No,2026-08-05T18:58:11,2026-08-05T18:58:17
ID000088,Diane-Kruger,07.png,Fake,No,,Yes,Yes,Yes,,No,2026-08-05T18:58:17,2026-08-05T18:58:25
ID000088,Diane-Kruger,08.png,Fake,Yes,,Yes,Yes,Yes,,Yes,2026-08-05T18:58:25,2026-08-05T18:58:29
ID000339,Sophie-Devine,01.jpg,Real,Yes,Yes,Yes,Yes,,,Yes,2026-08-05T18:58:40,2026-08-05T18:59:05
ID000339,Sophie-Devine,02.png,Real,Yes,Yes,Yes,Yes,,,Yes,2026-08-05T18:59:05,2026-08-05T18:59:09
ID000339,Sophie-Devine,01.jpg,Fake,No,,Yes,Yes,Yes,,No,2026-08-05T18:59:12,2026-08-05T18:59:17
ID000339,Sophie-Devine,02.jpg,Fake,No,,Yes,Yes,Yes,,No,2026-08-05T18:59:17,2026-08-05T18:59:21
ID000284,Ning-Yizhuo,01.png,Real,Yes,Yes,Yes,Yes,,,Yes,2026-08-05T18:59:22,2026-08-05T18:59:27
ID000284,Ning-Yizhuo,02.jpg,Real,Yes,Yes,Yes,Yes,,,Yes,2026-08-05T18:59:27,2026-08-05T18:59:31
ID000284,Ning-Yizhuo,03.jpg,Real,Yes,Yes,Yes,Yes,,,Yes,2026-08-05T18:59:31,2026-08-05T18:59:35
ID000284,Ning-Yizhuo,01.jpg,Fake,No,,Yes,Yes,Yes,,No,2026-08-05T18:59:36,2026-08-05T18:59:49
ID000284,Ning-Yizhuo,02.png,Fake,Yes,,Yes,Yes,Yes,,Yes,2026-08-05T18:59:49,2026-08-05T18:59:54
ID000366,Will-Ferrell,01.jpg,Real,Yes,Yes,Yes,Yes,,,Yes,2026-08-05T18:59:56,2026-08-05T19:00:00
ID000366,Will-Ferrell,02.jpg,Real,Yes,Yes,No,Yes,,,No,2026-08-05T19:00:14,2026-08-05T19:00:18
ID000366,Will-Ferrell,01.jpg,Fake,No,,Yes,Yes,Yes,,No,2026-08-05T19:00:19,2026-08-05T19:00:28
ID000366,Will-Ferrell,02.jpg,Fake,No,,Yes,Yes,Yes,,No,2026-08-05T19:00:28,2026-08-05T19:00:50
ID000366,Will-Ferrell,04.jpg,Fake,Yes,,Yes,Yes,Yes,,Yes,2026-08-05T19:00:50,2026-08-05T19:00:55
ID000388,mukesh-ambani,01.jpg,Real,Yes,Yes,Yes,Yes,,,Yes,2026-08-05T19:00:56,2026-08-05T19:01:00
ID000388,mukesh-ambani,01.png,Fake,Yes,,No,Yes,Yes,,No,2026-08-05T19:01:02,2026-08-05T19:01:15
ID000388,mukesh-ambani,02.jpg,Fake,Yes,,Yes,Yes,Yes,,Yes,2026-08-05T19:01:15,2026-08-05T19:01:20
ID000388,mukesh-ambani,03.jpg,Fake,Yes,,No,Yes,Yes,,No,2026-08-05T19:01:20,2026-08-05T19:01:26
ID000388,mukesh-ambani,81.png,Fake,Yes,,Yes,Yes,Yes,,Yes,2026-08-05T19:01:26,2026-08-05T19:01:31
ID000257,Michael-J-Fox,01.jpg,Real,Yes,Yes,Yes,Yes,,,Yes,2026-08-05T19:01:32,2026-08-05T19:01:37
ID000257,Michael-J-Fox,02.jpg,Real,Yes,Yes,Yes,Yes,,,Yes,2026-08-05T19:01:37,2026-08-05T19:01:41
ID000257,Michael-J-Fox,03.jpg,Real,Yes,Yes,Yes,Yes,,,Yes,2026-08-05T19:01:41,2026-08-05T19:01:45
ID000257,Michael-J-Fox,01.jpg,Fake,Yes,,Yes,Yes,Yes,,Yes,2026-08-05T19:01:47,2026-08-05T19:01:53
ID000257,Michael-J-Fox,02.jpg,Fake,No,,Yes,Yes,Yes,,No,2026-08-05T19:01:53,2026-08-05T19:01:58
ID000257,Michael-J-Fox,03.jpg,Fake,Yes,,Yes,Yes,Yes,,No,2026-08-05T19:01:58,2026-08-05T19:02:05
ID000257,Michael-J-Fox,04.jpg,Fake,Yes,,Yes,Yes,Yes,,Yes,2026-08-05T19:02:05,2026-08-05T19:02:12
ID000112,Fawad-Khan,01.jpg,Real,Yes,Yes,Yes,Yes,,,Yes,2026-08-05T19:02:16,2026-08-05T19:02:20
ID000112,Fawad-Khan,02.jpg,Real,Yes,Yes,Yes,Yes,,,Yes,2026-08-05T19:02:20,2026-08-05T19:02:24
ID000112,Fawad-Khan,01.jpg,Fake,Yes,,Yes,Yes,Yes,,Yes,2026-08-05T19:02:26,2026-08-05T19:02:33
ID000112,Fawad-Khan,02.png,Fake,Yes,,Yes,Yes,Yes,,Yes,2026-08-05T19:02:33,2026-08-05T19:02:39
ID000179,Jim-Sturgess,01.jpg,Real,Yes,Yes,Yes,Yes,,,Yes,2026-08-05T19:02:45,2026-08-05T19:02:49
ID000179,Jim-Sturgess,02.jpg,Real,Yes,Yes,Yes,Yes,,,Yes,2026-08-05T19:02:50,2026-08-05T19:02:53
ID000179,Jim-Sturgess,01.jpg,Fake,No,,Yes,No,Yes,,No,2026-08-05T19:02:55,2026-08-05T19:03:00
ID000355,Tina-Fey,01.jpg,Real,Yes,Yes,Yes,Yes,,,Yes,2026-08-05T19:03:02,2026-08-05T19:03:07
ID000355,Tina-Fey,02.jpg,Real,Yes,Yes,Yes,Yes,,,Yes,2026-08-05T19:03:07,2026-08-05T19:03:11
ID000355,Tina-Fey,01.png,Fake,No,,Yes,Yes,Yes,,No,2026-08-05T19:03:13,2026-08-05T19:03:19
ID000355,Tina-Fey,02.jpg,Fake,No,,Yes,Yes,Yes,,No,2026-08-05T19:03:19,2026-08-05T19:03:25
ID000355,Tina-Fey,04.jpg,Fake,No,,Yes,Yes,Yes,,No,2026-08-05T19:03:25,2026-08-05T19:03:33
ID000004,Abdulnasser-Bin-Kalban,01.jpg,Real,Yes,Yes,Yes,Yes,,,Yes,2026-08-05T19:03:34,2026-08-05T19:03:40
ID000004,Abdulnasser-Bin-Kalban,02.jpg,Real,Yes,Yes,Yes,Yes,,,Yes,2026-08-05T19:03:41,2026-08-05T19:03:45
ID000004,Abdulnasser-Bin-Kalban,01.jpg,Fake,No,,No,Yes,Yes,,No,2026-08-05T19:03:46,2026-08-05T19:03:51
ID000057,Caitlin-Clark,01.png,Real,Yes,Yes,Yes,Yes,,,Yes,2026-08-05T19:03:53,2026-08-05T19:03:57
ID000057,Caitlin-Clark,01.jpg,Fake,Yes,,Yes,Yes,Yes,,Yes,2026-08-05T19:03:58,2026-08-05T19:04:02
ID000057,Caitlin-Clark,02.jpg,Fake,Yes,,Yes,Yes,Yes,,Yes,2026-08-05T19:04:02,2026-08-05T19:04:06
ID000057,Caitlin-Clark,03.png,Fake,Yes,,Yes,Yes,Yes,,Yes,2026-08-05T19:04:06,2026-08-05T19:04:10
ID000057,Caitlin-Clark,04.png,Fake,No,,Yes,Yes,Yes,,No,2026-08-05T19:04:10,2026-08-05T19:04:18
ID000335,Shubman-Gill,01.jpg,Real,Yes,Yes,Yes,Yes,,,Yes,2026-08-05T19:04:22,2026-08-05T19:04:27
ID000335,Shubman-Gill,02.png,Real,Yes,Yes,Yes,Yes,,,Yes,2026-08-05T19:04:27,2026-08-05T19:04:33
ID000335,Shubman-Gill,03.webp,Real,Yes,Yes,Yes,Yes,,,Yes,2026-08-05T19:04:33,2026-08-05T19:04:40
ID000335,Shubman-Gill,01.jpg,Fake,No,,No,Yes,Yes,,No,2026-08-05T19:04:41,2026-08-05T19:04:48
ID000335,Shubman-Gill,1.jpg,Fake,Yes,,Yes,Yes,Yes,,Yes,2026-08-05T19:04:48,2026-08-05T19:04:56
ID000335,Shubman-Gill,2.jpg,Fake,Yes,,Yes,Yes,Yes,,Yes,2026-08-05T19:04:56,2026-08-05T19:05:03
ID000104,Emma-Mackey,01.jpg,Real,Yes,Yes,Yes,Yes,,,Yes,2026-08-05T19:05:05,2026-08-05T19:05:21
ID000104,Emma-Mackey,02.jpg,Real,Yes,Yes,Yes,Yes,,,Yes,2026-08-05T19:05:21,2026-08-05T19:05:24
ID000104,Emma-Mackey,01.jpg,Fake,No,,Yes,Yes,Yes,,No,2026-08-05T19:05:55,2026-08-05T19:05:56
ID000104,Emma-Mackey,02.jpg,Fake,Yes,,Yes,Yes,Yes,,Yes,2026-08-05T19:05:56,2026-08-05T19:05:57
ID000104,Emma-Mackey,03.jpg,Fake,No,,Yes,Yes,Yes,,No,2026-08-05T19:05:57,2026-08-05T19:06:17
ID000104,Emma-Mackey,04.jpg,Fake,Yes,,Yes,Yes,Yes,,Yes,2026-08-05T19:06:17,2026-08-05T19:06:22
ID000104,Emma-Mackey,05.jpg,Fake,No,,Yes,Yes,Yes,,No,2026-08-05T19:06:22,2026-08-05T19:06:28
ID000104,Emma-Mackey,06.png,Fake,Yes,,Yes,Yes,Yes,,No,2026-08-05T19:06:29,2026-08-05T19:06:33
ID000203,Katharine-Hepburn,01.jpg,Real,Yes,Yes,Yes,Yes,,,Yes,2026-08-05T19:06:37,2026-08-05T19:06:40
ID000203,Katharine-Hepburn,01.jpg,Fake,Yes,,Yes,Yes,Yes,,Yes,2026-08-05T19:06:42,2026-08-05T19:06:45
ID000203,Katharine-Hepburn,02.jpg,Fake,Yes,,Yes,Yes,Yes,,No,2026-08-05T19:06:45,2026-08-05T19:06:49
ID000203,Katharine-Hepburn,03.jpg,Fake,Yes,,Yes,Yes,Yes,,Yes,2026-08-05T19:06:49,2026-08-05T19:06:53
ID000203,Katharine-Hepburn,04.jpg,Fake,Yes,,Yes,Yes,Yes,,Yes,2026-08-05T19:06:54,2026-08-05T19:06:58
ID000203,Katharine-Hepburn,05.jpg,Fake,No,,Yes,Yes,Yes,,No,2026-08-05T19:06:58,2026-08-05T19:07:06
ID000203,Katharine-Hepburn,06.jpg,Fake,No,,Yes,Yes,Yes,,No,2026-08-05T19:07:06,2026-08-05T19:07:12
ID000321,Sam-Rockwell,01.jpg,Real,Yes,Yes,Yes,Yes,,,Yes,2026-08-05T19:07:18,2026-08-05T19:07:23
ID000321,Sam-Rockwell,01.jpg,Fake,No,,Yes,Yes,Yes,,No,2026-08-05T19:07:24,2026-08-05T19:08:02
ID000321,Sam-Rockwell,02.jpg,Fake,No,,Yes,Yes,Yes,,No,2026-08-05T19:08:02,2026-08-05T19:08:06
ID000119,Gene-Wilder,01.jpg,Real,Yes,Yes,Yes,Yes,,,Yes,2026-08-05T19:08:07,2026-08-05T19:08:26
ID000119,Gene-Wilder,02.jpg,Real,Yes,Yes,Yes,Yes,,,Yes,2026-08-05T19:08:26,2026-08-05T19:08:30
ID000119,Gene-Wilder,03.jpg,Real,Yes,Yes,Yes,Yes,,,Yes,2026-08-05T19:08:30,2026-08-05T19:08:34
ID000119,Gene-Wilder,01.jpg,Fake,Yes,,Yes,Yes,No,,Yes,2026-08-05T19:08:35,2026-08-05T19:08:41
ID000119,Gene-Wilder,02.jpg,Fake,Yes,,Yes,Yes,Yes,,Yes,2026-08-05T19:08:41,2026-08-05T19:08:44
ID000376,aane-Hathaway,01.jpg,Real,Yes,Yes,Yes,Yes,,,Yes,2026-08-05T19:08:46,2026-08-05T19:08:53
ID000376,aane-Hathaway,02.jpg,Real,Yes,Yes,Yes,Yes,,,Yes,2026-08-05T19:08:53,2026-08-05T19:08:59
ID000376,aane-Hathaway,01.jpg,Fake,Yes,,Yes,Yes,Yes,,No,2026-08-05T19:09:00,2026-08-05T19:09:12
ID000376,aane-Hathaway,02.jpg,Fake,Yes,,Yes,Yes,Yes,,Yes,2026-08-05T19:09:12,2026-08-05T19:09:15
ID000376,aane-Hathaway,03.jpg,Fake,Yes,,Yes,Yes,Yes,,Yes,2026-08-05T19:09:15,2026-08-05T19:09:19
ID000373,Xiao-Zhan,01.jpg,Real,Yes,Yes,Yes,Yes,,,Yes,2026-08-05T19:09:22,2026-08-05T19:09:26
ID000373,Xiao-Zhan,02.jpg,Real,Yes,Yes,Yes,Yes,,,Yes,2026-08-05T19:09:26,2026-08-05T19:09:31
ID000373,Xiao-Zhan,03.jpg,Real,Yes,Yes,Yes,Yes,,,Yes,2026-08-05T19:09:31,2026-08-05T19:09:35
ID000373,Xiao-Zhan,01.jpg,Fake,No,,Yes,Yes,Yes,,No,2026-08-05T19:09:37,2026-08-05T19:09:49
ID000373,Xiao-Zhan,02.jpg,Fake,Yes,,No,Yes,Yes,,No,2026-08-05T19:09:49,2026-08-05T19:09:58
ID000373,Xiao-Zhan,03.jpg,Fake,Yes,,Yes,Yes,Yes,,Yes,2026-08-05T19:09:58,2026-08-05T19:10:03
ID000195,Josh-Inglis,01.png,Real,Yes,Yes,Yes,Yes,,,Yes,2026-08-05T19:10:04,2026-08-05T19:10:09
ID000195,Josh-Inglis,02.png,Real,Yes,Yes,Yes,Yes,,,Yes,2026-08-05T19:10:09,2026-08-05T19:10:13
ID000195,Josh-Inglis,01.jpg,Fake,Yes,,Yes,Yes,Yes,,Yes,2026-08-05T19:10:14,2026-08-05T19:10:22
ID000195,Josh-Inglis,02.jpg,Fake,No,,Yes,Yes,Yes,,No,2026-08-05T19:10:22,2026-08-05T19:10:27
ID000196,Julianne-Moore,01.jpg,Real,Yes,Yes,Yes,Yes,,,Yes,2026-08-05T19:10:28,2026-08-05T19:10:33
ID000196,Julianne-Moore,02.jpg,Real,Yes,Yes,Yes,Yes,,,Yes,2026-08-05T19:10:33,2026-08-05T19:10:36
ID000196,Julianne-Moore,03.jpg,Real,Yes,Yes,Yes,Yes,,,Yes,2026-08-05T19:10:37,2026-08-05T19:10:40
ID000196,Julianne-Moore,01.jpg,Fake,No,,Yes,Yes,Yes,,No,2026-08-05T19:10:42,2026-08-05T19:10:47
ID000196,Julianne-Moore,02.jpg,Fake,Yes,,Yes,Yes,Yes,,Yes,2026-08-05T19:10:47,2026-08-05T19:10:51
ID000196,Julianne-Moore,03.jpg,Fake,Yes,,Yes,Yes,Yes,,Yes,2026-08-05T19:10:51,2026-08-05T19:10:55
ID000196,Julianne-Moore,04.jpg,Fake,Yes,,Yes,Yes,Yes,,Yes,2026-08-05T19:10:55,2026-08-05T19:10:59
ID000196,Julianne-Moore,05.jpg,Fake,Yes,,Yes,Yes,Yes,,No,2026-08-05T19:10:59,2026-08-05T19:11:02
ID000218,Kristin-Scott-Thomas,01.jpg,Real,Yes,Yes,Yes,Yes,,,Yes,2026-08-05T19:11:10,2026-08-05T19:11:14
ID000218,Kristin-Scott-Thomas,01.jpg,Fake,Yes,,Yes,Yes,Yes,,Yes,2026-08-05T19:11:15,2026-08-05T19:11:19
ID000106,Eric-Bana,01.jpg,Real,Yes,Yes,Yes,Yes,,,Yes,2026-08-05T19:11:21,2026-08-05T19:11:25
ID000106,Eric-Bana,02.jpg,Real,Yes,Yes,Yes,Yes,,,Yes,2026-08-05T19:11:25,2026-08-05T19:11:31
ID000106,Eric-Bana,01.jpg,Fake,No,,Yes,Yes,Yes,,No,2026-08-05T19:11:33,2026-08-05T19:11:49
ID000106,Eric-Bana,02.png,Fake,No,,Yes,Yes,Yes,,No,2026-08-05T19:11:49,2026-08-05T19:11:56
ID000106,Eric-Bana,03.png,Fake,No,,Yes,Yes,Yes,,No,2026-08-05T19:11:56,2026-08-05T19:12:01
ID000106,Eric-Bana,04.png,Fake,No,,Yes,Yes,Yes,,No,2026-08-05T19:12:02,2026-08-05T19:12:05
ID000395,tom-holland,01.jpg,Real,Yes,Yes,Yes,Yes,,,Yes,2026-08-05T19:12:06,2026-08-05T19:12:11
ID000395,tom-holland,02.jpg,Real,Yes,Yes,Yes,Yes,,,Yes,2026-08-05T19:12:11,2026-08-05T19:12:15
ID000395,tom-holland,03.jpg,Real,Yes,Yes,Yes,Yes,,,Yes,2026-08-05T19:12:15,2026-08-05T19:12:20
ID000395,tom-holland,01.jpg,Fake,Yes,,Yes,Yes,Yes,,Yes,2026-08-05T19:12:21,2026-08-05T19:12:30
ID000395,tom-holland,02.jpg,Fake,Yes,,Yes,Yes,Yes,,Yes,2026-08-05T19:12:30,2026-08-05T19:12:45
ID000395,tom-holland,03.png,Fake,Yes,,Yes,Yes,Yes,,No,2026-08-05T19:12:45,2026-08-05T19:12:50
ID000395,tom-holland,04.jpg,Fake,Yes,,Yes,Yes,Yes,,No,2026-08-05T19:12:50,2026-08-05T19:12:55
ID000395,tom-holland,05.jpg,Fake,Yes,,Yes,Yes,Yes,,Yes,2026-08-05T19:12:55,2026-08-05T19:13:01
ID000173,Jennifer-Lopez,01.jpg,Real,Yes,Yes,Yes,Yes,,,Yes,2026-08-05T19:13:07,2026-08-05T19:13:12
ID000173,Jennifer-Lopez,01.jpg,Fake,Yes,,Yes,Yes,Yes,,Yes,2026-08-05T19:13:17,2026-08-05T19:13:21
ID000173,Jennifer-Lopez,02.png,Fake,Yes,,Yes,Yes,Yes,,No,2026-08-05T19:13:21,2026-08-05T19:13:27
ID000173,Jennifer-Lopez,03.jpg,Fake,Yes,,Yes,Yes,Yes,,Yes,2026-08-05T19:13:27,2026-08-05T19:13:33
ID000248,Martin-Lewis,01.jpg,Real,Yes,Yes,Yes,Yes,,,Yes,2026-08-05T19:13:36,2026-08-05T19:13:42
ID000248,Martin-Lewis,02.jpg,Real,Yes,Yes,Yes,Yes,,,Yes,2026-08-05T19:13:42,2026-08-05T19:13:46
ID000248,Martin-Lewis,03.jpg,Fake,Yes,,No,Yes,No,,No,2026-08-05T19:13:47,2026-08-05T19:13:58
ID000248,Martin-Lewis,06.png,Fake,Yes,,Yes,Yes,No,,Yes,2026-08-05T19:13:58,2026-08-05T19:14:05
ID000023,Anna-Faris,01.jpg,Real,Yes,Yes,Yes,No,,,No,2026-08-05T19:14:06,2026-08-05T19:42:44
ID000023,Anna-Faris,01.jpg,Fake,Yes,,Yes,Yes,Yes,,No,2026-08-05T19:42:49,2026-08-05T19:43:03
ID000023,Anna-Faris,02.jpg,Fake,Yes,,Yes,Yes,Yes,,Yes,2026-08-05T19:43:03,2026-08-05T19:43:10
ID000276,Neha-Kakka,01.jpg,Real,Yes,Yes,Yes,No,,,No,2026-08-05T19:43:48,2026-08-05T19:43:57
ID000276,Neha-Kakka,02.jpg,Real,Yes,Yes,Yes,Yes,,,Yes,2026-08-05T19:43:57,2026-08-05T19:44:10
ID000276,Neha-Kakka,03.jpg,Real,No,Yes,Yes,No,,,No,2026-08-05T19:44:10,2026-08-05T19:44:38
ID000276,Neha-Kakka,01.jpg,Fake,Yes,,Yes,Yes,Yes,,Yes,2026-08-05T19:44:42,2026-08-05T19:45:01
ID000276,Neha-Kakka,02.png,Fake,Yes,,Yes,Yes,No,,Yes,2026-08-05T19:45:01,2026-08-05T19:45:12
ID000214,Kiefer-Sutherland,01.jpg,Real,Yes,Yes,Yes,Yes,,,Yes,2026-08-05T19:45:17,2026-08-05T19:45:44
ID000214,Kiefer-Sutherland,02.jpg,Real,Yes,Yes,Yes,Yes,,,Yes,2026-08-05T19:45:44,2026-08-05T19:45:53
ID000214,Kiefer-Sutherland,01.jpg,Fake,No,,Yes,Yes,Yes,,No,2026-08-05T19:45:57,2026-08-05T19:46:07
ID000214,Kiefer-Sutherland,02.jpg,Fake,No,,Yes,Yes,No,,No,2026-08-05T19:46:07,2026-08-05T19:46:16
ID000214,Kiefer-Sutherland,03.jpg,Fake,Yes,,Yes,Yes,Yes,,Yes,2026-08-05T19:46:16,2026-08-05T19:46:32
ID000214,Kiefer-Sutherland,04.jpg,Fake,Yes,,Yes,Yes,Yes,,Yes,2026-08-05T19:46:32,2026-08-05T19:46:41
ID000214,Kiefer-Sutherland,05.jpg,Fake,Yes,,Yes,Yes,Yes,,Yes,2026-08-05T19:46:41,2026-08-05T19:46:49
ID000210,Kevin-Costner,01.jpg,Real,Yes,Yes,Yes,Yes,,,Yes,2026-08-05T19:47:04,2026-08-05T19:47:14
ID000210,Kevin-Costner,02.jpg,Real,Yes,Yes,Yes,Yes,,,Yes,2026-08-05T19:47:14,2026-08-05T19:47:25
ID000210,Kevin-Costner,01.jpg,Fake,No,,No,Yes,Yes,,No,2026-08-05T19:47:27,2026-08-05T19:47:41
ID000210,Kevin-Costner,02.jpg,Fake,No,,No,Yes,Yes,,No,2026-08-05T19:47:42,2026-08-05T19:47:56
ID000210,Kevin-Costner,03.jpg,Fake,No,,Yes,Yes,Yes,,No,2026-08-05T19:48:28,2026-08-05T19:48:36
ID000293,Paul-Walker,01.jpg,Real,Yes,Yes,Yes,Yes,,,Yes,2026-08-05T19:48:45,2026-08-05T19:48:55
ID000293,Paul-Walker,02.jpg,Real,Yes,Yes,Yes,Yes,,,Yes,2026-08-05T19:48:55,2026-08-05T19:49:05
ID000293,Paul-Walker,03.jpg,Real,Yes,Yes,Yes,Yes,,,Yes,2026-08-05T19:49:05,2026-08-05T19:49:13
ID000293,Paul-Walker,01.jpg,Fake,Yes,,Yes,Yes,Yes,,Yes,2026-08-05T19:49:21,2026-08-05T19:49:31
ID000293,Paul-Walker,02.png,Fake,No,,Yes,No,Yes,,No,2026-08-05T19:49:32,2026-08-05T19:49:46
ID000293,Paul-Walker,03.jpg,Fake,Yes,,Yes,Yes,Yes,,Yes,2026-08-05T19:49:46,2026-08-05T19:49:54
ID000293,Paul-Walker,04.jpg,Fake,Yes,,Yes,Yes,Yes,,Yes,2026-08-05T19:49:54,2026-08-05T19:50:04
ID000220,Lady-gagga,01.jpg,Real,Yes,Yes,Yes,Yes,,,Yes,2026-08-05T19:50:08,2026-08-05T20:20:51
ID000220,Lady-gagga,02.jpg,Real,Yes,Yes,Yes,Yes,,,Yes,2026-08-05T20:20:51,2026-08-05T20:21:00
ID000220,Lady-gagga,01.png,Fake,Yes,,Yes,Yes,Yes,,Yes,2026-08-05T20:21:04,2026-08-05T20:21:36
ID000220,Lady-gagga,02.jpg,Fake,Yes,,Yes,Yes,Yes,,No,2026-08-05T20:21:36,2026-08-05T20:21:41
ID000220,Lady-gagga,03.jpg,Fake,Yes,,Yes,Yes,Yes,,Yes,2026-08-05T20:21:41,2026-08-05T20:21:46
ID000220,Lady-gagga,48.png,Fake,Yes,,Yes,Yes,Yes,,Yes,2026-08-05T20:21:46,2026-08-05T20:21:51
ID000249,Martin-Ødegaard,01.jpg,Real,Yes,Yes,Yes,Yes,,,Yes,2026-08-05T20:21:58,2026-08-05T20:22:02
ID000249,Martin-Ødegaard,01.jpg,Fake,Yes,,Yes,Yes,Yes,,Yes,2026-08-05T20:22:04,2026-08-05T20:22:15
ID000176,Jet-Li,01.jpg,Real,Yes,Yes,Yes,Yes,,,Yes,2026-08-05T20:22:17,2026-08-05T20:22:21
ID000176,Jet-Li,02.jpg,Real,Yes,Yes,Yes,Yes,,,Yes,2026-08-05T20:22:21,2026-08-05T20:22:26
ID000176,Jet-Li,01.jpg,Fake,Yes,,Yes,Yes,Yes,,Yes,2026-08-05T20:22:27,2026-08-05T20:22:37
ID000176,Jet-Li,02.png,Fake,Yes,,Yes,Yes,Yes,,Yes,2026-08-05T20:22:37,2026-08-05T20:22:46
ID000342,Suryakumar-Yadav,01.jpg,Real,Yes,Yes,Yes,Yes,,,Yes,2026-08-05T20:22:48,2026-08-05T20:22:53
ID000342,Suryakumar-Yadav,01.jpg,Fake,No,,Yes,Yes,Yes,,No,2026-08-05T20:22:55,2026-08-05T20:23:00
ID000342,Suryakumar-Yadav,1.jpg,Fake,Yes,,Yes,Yes,Yes,,Yes,2026-08-05T20:23:15,2026-08-05T20:23:17
ID000342,Suryakumar-Yadav,2.jpg,Fake,Yes,,Yes,Yes,Yes,,Yes,2026-08-05T20:23:17,2026-08-05T20:23:23
ID000013,Alexandria-Ocasio-Cortez,01.jpg,Real,Yes,Yes,Yes,Yes,,,Yes,2026-08-05T20:23:25,2026-08-05T20:23:32
ID000013,Alexandria-Ocasio-Cortez,02.jpg,Real,Yes,Yes,Yes,Yes,,,Yes,2026-08-05T20:23:32,2026-08-05T20:23:36
ID000013,Alexandria-Ocasio-Cortez,1.png,Fake,Yes,,Yes,No,Yes,,No,2026-08-05T20:23:38,2026-08-05T20:23:46
ID000304,Robert-De-Niro,01.jpg,Real,Yes,Yes,Yes,Yes,,,Yes,2026-08-05T20:23:47,2026-08-05T20:23:51
ID000304,Robert-De-Niro,02.jpg,Real,Yes,Yes,Yes,Yes,,,Yes,2026-08-05T20:23:52,2026-08-05T20:23:55
ID000304,Robert-De-Niro,03.jpg,Real,Yes,Yes,Yes,Yes,,,Yes,2026-08-05T20:23:56,2026-08-05T20:23:59
ID000304,Robert-De-Niro,01.jpg,Fake,Yes,,Yes,Yes,Yes,,Yes,2026-08-05T20:24:01,2026-08-05T20:24:09
ID000304,Robert-De-Niro,02.jpg,Fake,Yes,,Yes,Yes,Yes,,Yes,2026-08-05T20:24:09,2026-08-05T20:24:13
ID000304,Robert-De-Niro,03.jpg,Fake,Yes,,Yes,Yes,Yes,,No,2026-08-05T20:24:14,2026-08-05T20:24:18
ID000304,Robert-De-Niro,04.jpg,Fake,Yes,,Yes,Yes,Yes,,Yes,2026-08-05T20:24:18,2026-08-05T20:24:23
ID000304,Robert-De-Niro,05.jpg,Fake,Yes,,Yes,Yes,Yes,,No,2026-08-05T20:24:23,2026-08-05T20:24:26
ID000068,Chloe-Kim,01.jpg,Real,Yes,Yes,Yes,Yes,,,Yes,2026-08-05T20:24:36,2026-08-05T20:24:42
ID000068,Chloe-Kim,02.png,Real,Yes,Yes,Yes,Yes,,,Yes,2026-08-05T20:24:42,2026-08-05T20:24:51
ID000068,Chloe-Kim,02.png,Fake,Yes,,Yes,Yes,Yes,,Yes,2026-08-05T20:24:53,2026-08-05T20:25:02
ID000239,Margot-Robie,01.jpg,Real,Yes,Yes,Yes,Yes,,,Yes,2026-08-05T20:25:05,2026-08-05T20:25:10
ID000239,Margot-Robie,02.jpg,Real,Yes,Yes,Yes,Yes,,,Yes,2026-08-05T20:25:10,2026-08-05T20:25:24
ID000239,Margot-Robie,01.jpg,Fake,Yes,,Yes,Yes,Yes,,Yes,2026-08-05T20:25:26,2026-08-05T20:25:30
ID000239,Margot-Robie,02.jpg,Fake,Yes,,Yes,Yes,Yes,,Yes,2026-08-05T20:25:31,2026-08-05T20:25:35
ID000239,Margot-Robie,03.jpg,Fake,Yes,,Yes,Yes,Yes,,No,2026-08-05T20:25:35,2026-08-05T20:25:39
ID000239,Margot-Robie,04.png,Fake,Yes,,Yes,Yes,Yes,,No,2026-08-05T20:25:39,2026-08-05T20:25:47
ID000239,Margot-Robie,05.jpg,Fake,Yes,,Yes,Yes,Yes,,No,2026-08-05T20:25:47,2026-08-05T20:25:54
ID000239,Margot-Robie,06.png,Fake,Yes,,Yes,Yes,Yes,,Yes,2026-08-05T20:25:54,2026-08-05T20:25:59
ID000052,Brad-Pitt,01.jpg,Real,Yes,Yes,Yes,Yes,,,Yes,2026-08-05T20:26:18,2026-08-05T20:26:21
ID000052,Brad-Pitt,02.jpg,Real,Yes,Yes,Yes,Yes,,,Yes,2026-08-05T20:26:22,2026-08-05T20:26:27
ID000052,Brad-Pitt,03.jpg,Real,Yes,Yes,Yes,Yes,,,Yes,2026-08-05T20:26:27,2026-08-05T20:26:31
ID000052,Brad-Pitt,01.jpg,Fake,Yes,,Yes,Yes,Yes,,Yes,2026-08-05T20:26:32,2026-08-05T20:26:37
ID000052,Brad-Pitt,02.jpg,Fake,Yes,,Yes,No,Yes,,No,2026-08-05T20:26:37,2026-08-05T20:26:46
ID000052,Brad-Pitt,03.jpg,Fake,No,,Yes,Yes,Yes,,No,2026-08-05T20:26:46,2026-08-05T20:26:53
ID000052,Brad-Pitt,04.jpg,Fake,Yes,,No,No,Yes,,No,2026-08-05T20:26:53,2026-08-05T20:27:01
ID000077,Colin-Farrell,01.jpg,Real,Yes,Yes,Yes,Yes,,,Yes,2026-08-05T20:27:03,2026-08-05T20:27:08
ID000077,Colin-Farrell,01.jpg,Fake,Yes,,Yes,Yes,Yes,,Yes,2026-08-05T20:27:10,2026-08-05T20:27:23
ID000077,Colin-Farrell,02.jpg,Fake,Yes,,Yes,Yes,Yes,,Yes,2026-08-05T20:27:23,2026-08-05T20:27:27
ID000077,Colin-Farrell,03.png,Fake,No,,Yes,Yes,Yes,,No,2026-08-05T20:27:28,2026-08-05T20:27:33
ID000100,Emily-Blunt,01.jpg,Real,Yes,Yes,Yes,Yes,,,Yes,2026-08-05T20:27:35,2026-08-05T20:27:42
ID000100,Emily-Blunt,01.jpg,Fake,Yes,,Yes,Yes,Yes,,Yes,2026-08-05T20:27:43,2026-08-05T20:27:47
ID000100,Emily-Blunt,02.jpg,Fake,Yes,,Yes,Yes,No,,Yes,2026-08-05T20:27:47,2026-08-05T20:27:53
ID000100,Emily-Blunt,03.jpg,Fake,No,,Yes,Yes,No,,No,2026-08-05T20:27:53,2026-08-05T20:28:02
ID000100,Emily-Blunt,04.jpg,Fake,Yes,,Yes,Yes,Yes,,Yes,2026-08-05T20:28:02,2026-08-05T20:28:09
ID000286,Olga-Loiek,01.jpg,Real,Yes,Yes,Yes,Yes,,,Yes,2026-08-05T20:28:12,2026-08-05T20:28:17
ID000286,Olga-Loiek,02.png,Real,Yes,Yes,Yes,Yes,,,Yes,2026-08-05T20:28:17,2026-08-05T20:28:20
ID000286,Olga-Loiek,01.jpg,Fake,Yes,,Yes,Yes,Yes,,Yes,2026-08-05T20:28:21,2026-08-05T20:28:32
ID000286,Olga-Loiek,02.jpg,Fake,Yes,,Yes,Yes,Yes,,Yes,2026-08-05T20:28:32,2026-08-05T20:28:38
ID000286,Olga-Loiek,03.png,Fake,Yes,,Yes,Yes,Yes,,Yes,2026-08-05T20:28:38,2026-08-05T20:28:43
ID000245,Mark-Zukerberg,01.jpg,Real,Yes,Yes,Yes,Yes,,,Yes,2026-08-05T20:28:47,2026-08-05T20:28:52
ID000245,Mark-Zukerberg,02.jpg,Real,Yes,Yes,Yes,Yes,,,Yes,2026-08-05T20:28:52,2026-08-05T20:28:58
ID000245,Mark-Zukerberg,03.jpg,Real,Yes,Yes,Yes,Yes,,,Yes,2026-08-05T20:28:58,2026-08-05T20:29:02
ID000245,Mark-Zukerberg,01.jpg,Fake,Yes,,Yes,No,Yes,,No,2026-08-05T20:29:04,2026-08-05T20:29:11
ID000245,Mark-Zukerberg,02.jpg,Fake,Yes,,No,No,Yes,,No,2026-08-05T20:29:11,2026-08-05T20:29:17
ID000245,Mark-Zukerberg,03.jpg,Fake,Yes,,Yes,Yes,Yes,,Yes,2026-08-05T20:29:17,2026-08-05T20:29:21
ID000139,Helena-Bonham-Carter,01.jpg,Real,Yes,Yes,Yes,Yes,,,Yes,2026-08-05T20:29:23,2026-08-05T20:29:28
ID000139,Helena-Bonham-Carter,02.jpg,Real,Yes,Yes,Yes,Yes,,,Yes,2026-08-05T20:29:28,2026-08-05T20:29:36
ID000139,Helena-Bonham-Carter,01.jpg,Fake,Yes,,Yes,Yes,Yes,,Yes,2026-08-05T20:29:37,2026-08-05T20:29:41
ID000139,Helena-Bonham-Carter,02.jpg,Fake,Yes,,Yes,Yes,Yes,,Yes,2026-08-05T20:29:41,2026-08-05T20:29:45
ID000139,Helena-Bonham-Carter,03.jpg,Fake,No,,Yes,Yes,Yes,,No,2026-08-05T20:29:45,2026-08-05T20:29:50
ID000139,Helena-Bonham-Carter,04.jpg,Fake,No,,Yes,No,Yes,,No,2026-08-05T20:29:50,2026-08-05T20:29:57
ID000139,Helena-Bonham-Carter,05.jpg,Fake,Yes,,Yes,Yes,Yes,,No,2026-08-05T20:29:58,2026-08-05T20:30:02
ID000139,Helena-Bonham-Carter,06.jpg,Fake,Yes,,Yes,Yes,Yes,,Yes,2026-08-05T20:30:03,2026-08-05T20:30:06
ID000139,Helena-Bonham-Carter,07.jpg,Fake,No,,Yes,Yes,Yes,,No,2026-08-05T20:30:06,2026-08-05T20:30:11
ID000139,Helena-Bonham-Carter,08.jpg,Fake,Yes,,Yes,Yes,Yes,,No,2026-08-05T20:30:12,2026-08-05T20:30:15
ID000309,Roberto-Benigni,01.jpg,Real,Yes,Yes,Yes,Yes,,,Yes,2026-08-05T20:30:26,2026-08-05T20:30:30
ID000309,Roberto-Benigni,01.jpg,Fake,Yes,,Yes,Yes,Yes,,Yes,2026-08-05T20:30:32,2026-08-05T20:30:38
ID000114,Florian-Wirtz,01.jpg,Real,Yes,Yes,Yes,Yes,,,Yes,2026-08-05T20:30:40,2026-08-05T20:30:44
ID000114,Florian-Wirtz,1.jpg,Real,Yes,Yes,Yes,Yes,,,Yes,2026-08-05T20:30:44,2026-08-05T20:30:50
ID000114,Florian-Wirtz,01.jpg,Fake,No,,Yes,Yes,Yes,,No,2026-08-05T20:30:51,2026-08-05T20:30:58
ID000114,Florian-Wirtz,02.jpg,Fake,Yes,,Yes,Yes,Yes,,No,2026-08-05T20:30:59,2026-08-05T20:31:15
ID000114,Florian-Wirtz,03.jpg,Fake,No,,Yes,Yes,Yes,,No,2026-08-05T20:31:15,2026-08-05T20:31:22
ID000114,Florian-Wirtz,04.jpg,Fake,Yes,,Yes,Yes,Yes,,Yes,2026-08-05T20:31:22,2026-08-05T20:31:33
ID000114,Florian-Wirtz,05.jpg,Fake,Yes,,Yes,Yes,Yes,,Yes,2026-08-05T20:31:33,2026-08-05T20:31:37
ID000164,Jason-Statham,01.jpg,Real,Yes,Yes,Yes,Yes,,,Yes,2026-08-05T20:31:41,2026-08-05T20:31:46
ID000164,Jason-Statham,01.jpg,Fake,Yes,,Yes,No,Yes,,No,2026-08-05T20:31:48,2026-08-05T20:31:55
ID000122,Gerard-Butler,01.jpg,Real,Yes,Yes,Yes,Yes,,,Yes,2026-08-05T20:31:56,2026-08-05T20:32:02
ID000122,Gerard-Butler,02.jpg,Real,Yes,Yes,Yes,Yes,,,Yes,2026-08-05T20:32:02,2026-08-05T20:32:06
ID000122,Gerard-Butler,01.jpg,Fake,Yes,,Yes,Yes,Yes,,Yes,2026-08-05T20:32:08,2026-08-05T20:32:13
ID000122,Gerard-Butler,02.jpg,Fake,Yes,,Yes,Yes,Yes,,Yes,2026-08-05T20:32:13,2026-08-05T20:32:17
ID000122,Gerard-Butler,05.jpg,Fake,Yes,,Yes,Yes,Yes,,Yes,2026-08-05T20:32:17,2026-08-05T20:32:32
ID000122,Gerard-Butler,06.jpg,Fake,No,,Yes,Yes,Yes,,No,2026-08-05T20:32:33,2026-08-05T20:32:40
ID000122,Gerard-Butler,07.jpg,Fake,No,,Yes,Yes,Yes,,No,2026-08-05T20:32:41,2026-08-05T20:32:50
ID000122,Gerard-Butler,08.jpg,Fake,No,,Yes,Yes,Yes,,No,2026-08-05T20:32:50,2026-08-05T20:32:56
ID000225,LeBron-James,01.jpg,Real,Yes,Yes,Yes,Yes,,,Yes,2026-08-05T20:33:00,2026-08-05T20:33:04
ID000225,LeBron-James,02.png,Real,Yes,Yes,Yes,Yes,,,Yes,2026-08-05T20:33:04,2026-08-05T20:33:10
ID000225,LeBron-James,03.jpg,Real,Yes,Yes,Yes,Yes,,,Yes,2026-08-05T20:33:10,2026-08-05T20:33:14
ID000225,LeBron-James,01.jpg,Fake,Yes,,Yes,Yes,Yes,,Yes,2026-08-05T20:33:15,2026-08-05T20:33:22
ID000225,LeBron-James,02.jpg,Fake,No,,No,No,Yes,,No,2026-08-05T20:33:22,2026-08-05T20:33:28
ID000225,LeBron-James,06.png,Fake,Yes,,Yes,Yes,Yes,,Yes,2026-08-05T20:33:28,2026-08-05T20:33:32
ID000219,Kurt-Russell,01.jpg,Real,Yes,Yes,Yes,Yes,,,Yes,2026-08-05T20:33:33,2026-08-05T20:34:13
ID000219,Kurt-Russell,01.jpg,Fake,Yes,,Yes,Yes,Yes,,Yes,2026-08-05T20:34:14,2026-08-05T20:34:19
ID000219,Kurt-Russell,02.jpg,Fake,Yes,,Yes,No,Yes,,No,2026-08-05T20:34:19,2026-08-05T20:34:30
ID000363,Vladimir-Vladimirovich-Putin-i,01.jpg,Real,Yes,Yes,Yes,Yes,,,Yes,2026-08-05T20:34:32,2026-08-05T20:34:35
ID000363,Vladimir-Vladimirovich-Putin-i,02.jpg,Real,Yes,Yes,Yes,Yes,,,Yes,2026-08-05T20:34:35,2026-08-05T20:34:39
ID000363,Vladimir-Vladimirovich-Putin-i,01.jpg,Fake,Yes,,Yes,Yes,Yes,,Yes,2026-08-05T20:34:40,2026-08-05T20:34:44
ID000363,Vladimir-Vladimirovich-Putin-i,02.jpg,Fake,Yes,,Yes,No,Yes,,No,2026-08-05T20:34:44,2026-08-05T20:34:49
ID000363,Vladimir-Vladimirovich-Putin-i,03.jpg,Fake,Yes,,Yes,Yes,Yes,,No,2026-08-05T20:34:49,2026-08-05T20:34:53
ID000363,Vladimir-Vladimirovich-Putin-i,04.jpg,Fake,Yes,,Yes,Yes,Yes,,Yes,2026-08-05T20:34:53,2026-08-05T20:34:57
ID000363,Vladimir-Vladimirovich-Putin-i,05.png,Fake,Yes,,Yes,Yes,Yes,,No,2026-08-05T20:34:57,2026-08-05T20:35:01
ID000363,Vladimir-Vladimirovich-Putin-i,06.png,Fake,Yes,,Yes,Yes,Yes,,Yes,2026-08-05T20:35:01,2026-08-05T20:35:05
ID000363,Vladimir-Vladimirovich-Putin-i,07.webp,Fake,Yes,,Yes,Yes,Yes,,No,2026-08-05T20:35:05,2026-08-05T20:35:09
ID000350,Tian-Xi-Wei,01.jpg,Real,Yes,Yes,Yes,Yes,,,Yes,2026-08-05T20:35:17,2026-08-05T20:35:20
ID000350,Tian-Xi-Wei,01.png,Fake,Yes,,Yes,Yes,Yes,,Yes,2026-08-05T20:35:22,2026-08-05T20:35:25
ID000381,ema-watson,01.jpg,Real,Yes,Yes,Yes,Yes,,,Yes,2026-08-05T20:35:27,2026-08-05T20:35:30
ID000381,ema-watson,01.png,Fake,Yes,,Yes,Yes,Yes,,Yes,2026-08-05T20:35:33,2026-08-05T20:35:38
ID000381,ema-watson,02.png,Fake,Yes,,Yes,Yes,Yes,,Yes,2026-08-05T20:35:38,2026-08-05T20:35:41
ID000381,ema-watson,03.jpg,Fake,Yes,,Yes,Yes,Yes,,Yes,2026-08-05T20:35:41,2026-08-05T20:35:45
ID000391,sally-bundock,01.jpg,Real,Yes,Yes,Yes,Yes,,,Yes,2026-08-05T20:35:47,2026-08-05T20:35:53
ID000391,sally-bundock,02.jpg,Real,Yes,Yes,Yes,Yes,,,Yes,2026-08-05T20:35:53,2026-08-05T20:35:57
ID000391,sally-bundock,01.png,Fake,Yes,,Yes,No,No,,No,2026-08-05T20:35:58,2026-08-05T20:36:07
ID000391,sally-bundock,02.png,Fake,Yes,,Yes,Yes,Yes,,Yes,2026-08-05T20:36:07,2026-08-05T20:36:17
ID000029,Antonio-Guterres,01.jpg,Real,Yes,Yes,Yes,Yes,,,Yes,2026-08-05T20:38:00,2026-08-05T20:38:04
ID000029,Antonio-Guterres,02.jpg,Fake,Yes,,Yes,Yes,No,,Yes,2026-08-05T20:38:08,2026-08-05T20:38:10
ID000029,Antonio-Guterres,03.jpg,Fake,Yes,,Yes,Yes,No,,Yes,2026-08-05T20:38:11,2026-08-05T20:38:12
ID000029,Antonio-Guterres,04.jpg,Fake,Yes,,Yes,Yes,Yes,,Yes,2026-08-05T20:38:12,2026-08-05T20:38:13
ID000129,Grard-Depardieu,01.jpg,Real,Yes,Yes,Yes,Yes,,,Yes,2026-08-05T20:38:14,2026-08-05T20:38:24
ID000129,Grard-Depardieu,01.jpg,Fake,Yes,,Yes,Yes,Yes,,Yes,2026-08-05T20:38:25,2026-08-05T20:38:29
ID000129,Grard-Depardieu,02.jpg,Fake,No,,No,No,Yes,,No,2026-08-05T20:38:29,2026-08-05T20:38:37
ID000129,Grard-Depardieu,03.jpg,Fake,Yes,,Yes,Yes,Yes,,Yes,2026-08-05T20:38:37,2026-08-05T20:38:42
ID000129,Grard-Depardieu,04.png,Fake,Yes,,Yes,No,Yes,,No,2026-08-05T20:38:42,2026-08-05T20:38:51
ID000281,Nick-Nolte,01.jpg,Real,Yes,Yes,Yes,Yes,,,Yes,2026-08-05T20:38:53,2026-08-05T20:39:00
ID000281,Nick-Nolte,02.jpg,Real,Yes,Yes,Yes,Yes,,,Yes,2026-08-05T20:39:00,2026-08-05T20:39:06
ID000281,Nick-Nolte,03.jpg,Real,Yes,Yes,Yes,Yes,,,Yes,2026-08-05T20:39:06,2026-08-05T20:39:13
ID000281,Nick-Nolte,01.jpg,Fake,Yes,,Yes,Yes,Yes,,Yes,2026-08-05T20:39:24,2026-08-05T20:39:30
ID000281,Nick-Nolte,02.jpg,Fake,No,,Yes,Yes,Yes,,No,2026-08-05T20:39:31,2026-08-05T20:39:40
ID000059,Cameron-Diaz,01.jpg,Real,Yes,Yes,Yes,Yes,,,Yes,2026-08-05T20:39:41,2026-08-05T20:39:46
ID000059,Cameron-Diaz,01.jpg,Fake,Yes,,Yes,Yes,Yes,,Yes,2026-08-05T20:39:47,2026-08-05T20:39:50
ID000059,Cameron-Diaz,02.jpg,Fake,Yes,,Yes,Yes,Yes,,Yes,2026-08-05T20:39:51,2026-08-05T20:39:54
ID000059,Cameron-Diaz,03.jpg,Fake,Yes,,Yes,Yes,Yes,,Yes,2026-08-05T20:39:54,2026-08-05T20:39:58
ID000059,Cameron-Diaz,04.jpg,Fake,Yes,,Yes,Yes,Yes,,No,2026-08-05T20:39:59,2026-08-05T20:40:04
ID000349,Thomas-Jeffrey-Hanks,01.jpg,Real,Yes,Yes,Yes,Yes,,,Yes,2026-08-05T20:40:09,2026-08-05T20:40:15
ID000349,Thomas-Jeffrey-Hanks,02.jpg,Real,Yes,Yes,Yes,Yes,,,Yes,2026-08-05T20:40:15,2026-08-05T20:40:18
ID000349,Thomas-Jeffrey-Hanks,01.webp,Fake,Yes,,Yes,Yes,Yes,,No,2026-08-05T20:40:20,2026-08-05T20:41:40
ID000349,Thomas-Jeffrey-Hanks,04.jpg,Fake,Yes,,Yes,Yes,Yes,,Yes,2026-08-05T20:41:40,2026-08-05T20:41:46
ID000349,Thomas-Jeffrey-Hanks,05.jpg,Fake,Yes,,Yes,Yes,Yes,,Yes,2026-08-05T20:41:46,2026-08-05T20:41:51
ID000349,Thomas-Jeffrey-Hanks,05.png,Fake,Yes,,Yes,Yes,Yes,,Yes,2026-08-05T20:41:51,2026-08-05T20:41:56
ID000226,Lee-Min-ho,01.jpg,Real,Yes,Yes,Yes,Yes,,,Yes,2026-08-05T20:42:00,2026-08-05T20:42:03
ID000226,Lee-Min-ho,01.jpg,Fake,Yes,,Yes,Yes,Yes,,Yes,2026-08-05T20:42:05,2026-08-05T20:42:10
ID000226,Lee-Min-ho,02.jpg,Fake,Yes,,Yes,Yes,Yes,,Yes,2026-08-05T20:42:10,2026-08-05T20:42:15
ID000226,Lee-Min-ho,06.png,Fake,No,,Yes,Yes,Yes,,No,2026-08-05T20:42:15,2026-08-05T20:42:27
ID000096,Elizabeth-Banks,01.jpg,Real,Yes,Yes,Yes,Yes,,,Yes,2026-08-05T20:42:28,2026-08-05T20:42:32
ID000096,Elizabeth-Banks,02.jpg,Real,Yes,Yes,Yes,Yes,,,Yes,2026-08-05T20:42:32,2026-08-05T20:42:37
ID000096,Elizabeth-Banks,01.jpg,Fake,No,,Yes,Yes,Yes,,No,2026-08-05T20:42:38,2026-08-05T20:42:44
ID000096,Elizabeth-Banks,02.jpg,Fake,Yes,,Yes,Yes,Yes,,Yes,2026-08-05T20:42:44,2026-08-05T20:42:48
ID000096,Elizabeth-Banks,03.jpg,Fake,No,,Yes,Yes,Yes,,No,2026-08-05T20:42:48,2026-08-05T20:42:52
ID000096,Elizabeth-Banks,04.jpg,Fake,No,,Yes,Yes,Yes,,No,2026-08-05T20:42:53,2026-08-05T20:42:56
ID000271,Mlanie-Laurent,01.jpg,Real,Yes,Yes,Yes,Yes,,,Yes,2026-08-05T20:42:58,2026-08-05T20:43:02
ID000271,Mlanie-Laurent,01.jpg,Fake,No,,Yes,Yes,Yes,,No,2026-08-05T20:43:03,2026-08-05T20:43:21
ID000271,Mlanie-Laurent,02.jpg,Fake,No,,Yes,Yes,Yes,,No,2026-08-05T20:43:21,2026-08-05T20:43:26
ID000271,Mlanie-Laurent,03.jpg,Fake,No,,Yes,Yes,Yes,,No,2026-08-05T20:43:26,2026-08-05T20:43:32
ID000343,Susan-Sarandon,01.jpg,Real,Yes,Yes,Yes,Yes,,,Yes,2026-08-05T20:43:33,2026-08-05T20:43:38
ID000343,Susan-Sarandon,01.jpg,Fake,No,,Yes,No,Yes,,No,2026-08-05T20:43:39,2026-08-05T20:43:44
ID000343,Susan-Sarandon,02.jpg,Fake,Yes,,Yes,Yes,No,,Yes,2026-08-05T20:43:56,2026-08-05T20:43:58
ID000343,Susan-Sarandon,03.jpg,Fake,Yes,,Yes,Yes,Yes,,Yes,2026-08-05T20:43:58,2026-08-05T20:44:04
ID000330,Shakira-Isabel-Mebarak-Ripoll,01.jpg,Real,Yes,Yes,Yes,Yes,,,Yes,2026-08-05T20:44:05,2026-08-05T20:44:12
ID000330,Shakira-Isabel-Mebarak-Ripoll,02.jpg,Real,Yes,Yes,Yes,Yes,,,Yes,2026-08-05T20:44:12,2026-08-05T20:44:17
ID000330,Shakira-Isabel-Mebarak-Ripoll,03.jpg,Real,Yes,Yes,Yes,Yes,,,Yes,2026-08-05T20:44:17,2026-08-05T20:44:21
ID000330,Shakira-Isabel-Mebarak-Ripoll,01.jpg,Fake,Yes,,Yes,Yes,Yes,,Yes,2026-08-05T20:44:24,2026-08-05T20:44:29
ID000330,Shakira-Isabel-Mebarak-Ripoll,04.png,Fake,Yes,,Yes,Yes,No,,Yes,2026-08-05T20:44:29,2026-08-05T20:44:47
ID000326,Seerna-William,01.jpg,Real,Yes,Yes,Yes,Yes,,,Yes,2026-08-05T20:44:49,2026-08-05T20:44:53
ID000326,Seerna-William,1.png,Fake,Yes,,Yes,Yes,Yes,,Yes,2026-08-05T20:44:54,2026-08-05T20:44:58
ID000103,Emma-Watson,01.jpg,Real,Yes,Yes,Yes,Yes,,,Yes,2026-08-05T20:44:59,2026-08-05T20:45:02
ID000103,Emma-Watson,02.jpg,Real,Yes,Yes,Yes,Yes,,,Yes,2026-08-05T20:45:02,2026-08-05T20:45:05
ID000103,Emma-Watson,03.jpg,Real,Yes,Yes,Yes,Yes,,,Yes,2026-08-05T20:45:05,2026-08-05T20:45:09
ID000103,Emma-Watson,01.jpg,Fake,Yes,,Yes,Yes,Yes,,Yes,2026-08-05T20:45:10,2026-08-05T20:45:13
ID000103,Emma-Watson,02.jpg,Fake,Yes,,Yes,Yes,No,,No,2026-08-05T20:45:36,2026-08-05T20:45:40
ID000103,Emma-Watson,02.png,Fake,Yes,,Yes,Yes,Yes,,No,2026-08-05T20:45:40,2026-08-05T20:45:41
ID000103,Emma-Watson,03.jpg,Fake,Yes,,Yes,Yes,Yes,,No,2026-08-05T20:45:41,2026-08-05T20:45:42
ID000103,Emma-Watson,04.jpg,Fake,Yes,,Yes,Yes,Yes,,Yes,2026-08-05T20:45:42,2026-08-05T20:45:46
ID000103,Emma-Watson,05.jpg,Fake,No,,Yes,No,Yes,,No,2026-08-05T20:45:46,2026-08-05T20:45:58
ID000103,Emma-Watson,56.png,Fake,Yes,,Yes,Yes,No,,Yes,2026-08-05T20:45:58,2026-08-05T20:46:07
ID000317,Rupert-Grint,01.jpg,Real,Yes,Yes,Yes,Yes,,,Yes,2026-08-05T20:46:15,2026-08-05T20:46:32
ID000317,Rupert-Grint,02.jpg,Real,Yes,Yes,Yes,Yes,,,Yes,2026-08-05T20:46:32,2026-08-05T20:46:36
ID000317,Rupert-Grint,01.jpg,Fake,No,,Yes,Yes,Yes,,No,2026-08-05T20:46:38,2026-08-05T20:47:09
ID000317,Rupert-Grint,02.png,Fake,No,,Yes,Yes,No,,No,2026-08-05T20:47:10,2026-08-05T20:47:15
ID000317,Rupert-Grint,03.jpg,Fake,No,,Yes,Yes,Yes,,No,2026-08-05T20:47:15,2026-08-05T20:47:21
ID000317,Rupert-Grint,04.jpg,Fake,Yes,,Yes,Yes,Yes,,Yes,2026-08-05T20:47:22,2026-08-05T20:47:26
ID000037,Babar-Azam,01.jpg,Real,Yes,Yes,Yes,Yes,,,Yes,2026-08-05T20:47:27,2026-08-05T20:47:32
ID000037,Babar-Azam,02.png,Real,Yes,Yes,Yes,Yes,,,Yes,2026-08-05T20:47:32,2026-08-05T20:47:36
ID000037,Babar-Azam,01.jpg,Fake,Yes,,Yes,Yes,Yes,,Yes,2026-08-05T20:47:37,2026-08-05T20:47:44
ID000037,Babar-Azam,04.png,Fake,Yes,,Yes,Yes,Yes,,Yes,2026-08-05T20:47:44,2026-08-05T20:47:48
ID000181,Jodie-Foster,01.jpg,Real,Yes,Yes,Yes,Yes,,,Yes,2026-08-05T20:47:50,2026-08-05T20:47:56
ID000181,Jodie-Foster,01.jpg,Fake,No,,Yes,No,Yes,,No,2026-08-05T20:47:57,2026-08-05T20:48:03
ID000181,Jodie-Foster,02.jpg,Fake,No,,Yes,Yes,Yes,,No,2026-08-05T20:48:03,2026-08-05T20:48:10
ID000181,Jodie-Foster,03.jpg,Fake,No,,Yes,Yes,Yes,,No,2026-08-05T20:48:11,2026-08-05T20:48:32
ID000181,Jodie-Foster,04.jpg,Fake,Yes,,Yes,Yes,Yes,,Yes,2026-08-05T20:48:32,2026-08-05T20:48:36
ID000181,Jodie-Foster,05.jpg,Fake,No,,Yes,Yes,No,,No,2026-08-05T20:48:37,2026-08-05T20:48:42
ID000181,Jodie-Foster,06.jpg,Fake,No,,Yes,Yes,No,,No,2026-08-05T20:48:43,2026-08-05T20:48:50
ID000153,Isabella-Gaze,01.webp,Real,Yes,Yes,Yes,Yes,,,Yes,2026-08-05T20:48:51,2026-08-05T20:48:59
ID000153,Isabella-Gaze,02.png,Real,Yes,Yes,Yes,Yes,,,Yes,2026-08-05T20:48:59,2026-08-05T20:49:02
ID000153,Isabella-Gaze,03.jpg,Real,Yes,Yes,Yes,Yes,,,Yes,2026-08-05T20:49:02,2026-08-05T20:49:08
ID000153,Isabella-Gaze,01.jpg,Fake,No,,Yes,Yes,Yes,,No,2026-08-05T20:49:10,2026-08-05T20:49:15
ID000153,Isabella-Gaze,02.jpg,Fake,No,,Yes,Yes,Yes,,No,2026-08-05T20:49:15,2026-08-05T20:49:19
ID000153,Isabella-Gaze,1.png,Fake,No,,Yes,Yes,No,,No,2026-08-05T20:49:19,2026-08-05T20:49:30
ID000347,Tate-McRae,01.jpg,Real,Yes,Yes,Yes,Yes,,,Yes,2026-08-05T20:49:31,2026-08-05T20:49:35
ID000347,Tate-McRae,01.png,Fake,Yes,,Yes,Yes,No,,Yes,2026-08-05T20:49:36,2026-08-05T20:49:45
ID000347,Tate-McRae,02.jpg,Fake,No,,Yes,No,Yes,,No,2026-08-05T20:49:45,2026-08-05T20:49:52
ID000347,Tate-McRae,03.jpg,Fake,No,,Yes,Yes,Yes,,No,2026-08-05T20:49:53,2026-08-05T20:50:02
ID000347,Tate-McRae,04.png,Fake,Yes,,Yes,Yes,Yes,,Yes,2026-08-05T20:50:02,2026-08-05T20:50:08
ID000082,Dasun-Shanaka,01.webp,Real,Yes,Yes,Yes,Yes,,,Yes,2026-08-05T20:50:10,2026-08-05T20:50:15
ID000082,Dasun-Shanaka,02.png,Real,Yes,Yes,Yes,Yes,,,Yes,2026-08-05T20:50:15,2026-08-05T20:50:19
ID000082,Dasun-Shanaka,1.png,Fake,Yes,,Yes,Yes,Yes,,Yes,2026-08-05T20:50:20,2026-08-05T20:50:26
ID000099,Elon-Musk,01.png,Real,Yes,Yes,Yes,Yes,,,Yes,2026-08-05T20:50:27,2026-08-05T20:50:31
ID000099,Elon-Musk,01.jpg,Fake,Yes,,Yes,No,Yes,,No,2026-08-05T20:50:32,2026-08-05T20:50:57
ID000099,Elon-Musk,02.png,Fake,Yes,,Yes,No,Yes,,No,2026-08-05T20:50:57,2026-08-05T20:51:01
ID000099,Elon-Musk,03.jpg,Fake,Yes,,Yes,No,Yes,,No,2026-08-05T20:51:01,2026-08-05T20:51:09
ID000099,Elon-Musk,03.png,Fake,Yes,,Yes,Yes,Yes,,Yes,2026-08-05T20:51:09,2026-08-05T20:51:13
ID000012,Alex-Cooper,01.jpg,Real,Yes,Yes,Yes,Yes,,,No,2026-08-05T20:51:14,2026-08-05T20:51:21
ID000012,Alex-Cooper,02.jpg,Real,Yes,Yes,Yes,Yes,,,Yes,2026-08-05T20:51:21,2026-08-05T20:51:25
ID000012,Alex-Cooper,03.jpg,Real,Yes,Yes,Yes,Yes,,,Yes,2026-08-05T20:51:26,2026-08-05T20:51:30
ID000012,Alex-Cooper,01.jpg,Fake,No,,Yes,Yes,Yes,,No,2026-08-05T20:51:32,2026-08-05T20:51:38
ID000012,Alex-Cooper,02.png,Fake,Yes,,Yes,Yes,Yes,,Yes,2026-08-05T20:51:38,2026-08-05T20:51:48
ID000058,Caleb-Williams,01.png,Real,Yes,Yes,Yes,Yes,,,Yes,2026-08-05T20:51:50,2026-08-05T20:51:54
ID000058,Caleb-Williams,02.jpg,Real,Yes,Yes,Yes,Yes,,,Yes,2026-08-05T20:51:54,2026-08-05T20:52:00
ID000058,Caleb-Williams,01.jpg,Fake,Yes,,Yes,Yes,Yes,,Yes,2026-08-05T20:52:02,2026-08-05T20:52:08
ID000058,Caleb-Williams,02.jpg,Fake,Yes,,Yes,Yes,Yes,,Yes,2026-08-05T20:52:08,2026-08-05T20:52:12
ID000058,Caleb-Williams,03.jpg,Fake,Yes,,Yes,Yes,Yes,,Yes,2026-08-05T20:52:12,2026-08-05T20:52:16
ID000110,Eva-Mendes,01.jpg,Real,Yes,Yes,Yes,Yes,,,Yes,2026-08-05T20:52:18,2026-08-05T20:52:22
ID000110,Eva-Mendes,02.jpg,Real,Yes,Yes,Yes,Yes,,,Yes,2026-08-05T20:52:22,2026-08-05T20:52:26
ID000110,Eva-Mendes,01.jpg,Fake,Yes,,Yes,Yes,Yes,,Yes,2026-08-05T20:52:26,2026-08-05T20:52:31
ID000110,Eva-Mendes,02.jpg,Fake,Yes,,Yes,Yes,Yes,,Yes,2026-08-05T20:52:31,2026-08-05T20:52:35
ID000110,Eva-Mendes,03.jpg,Fake,Yes,,Yes,Yes,Yes,,Yes,2026-08-05T20:52:35,2026-08-05T20:52:41
ID000065,Charles-Chaplin,01.jpg,Real,Yes,Yes,Yes,Yes,,,Yes,2026-08-05T20:52:46,2026-08-05T20:52:55
ID000065,Charles-Chaplin,02.jpg,Real,Yes,Yes,Yes,Yes,,,Yes,2026-08-05T20:52:55,2026-08-05T20:53:00
ID000065,Charles-Chaplin,01.jpg,Fake,Yes,,Yes,Yes,Yes,,Yes,2026-08-05T20:53:01,2026-08-05T20:53:05
ID000065,Charles-Chaplin,02.jpg,Fake,Yes,,Yes,Yes,Yes,,Yes,2026-08-05T20:53:06,2026-08-05T20:53:09
ID000065,Charles-Chaplin,03.jpg,Fake,Yes,,Yes,Yes,Yes,,Yes,2026-08-05T20:53:09,2026-08-05T20:53:14
ID000038,Barack-obamam,01.jpg,Real,Yes,Yes,Yes,Yes,,,Yes,2026-08-05T20:53:16,2026-08-05T20:53:21
ID000038,Barack-obamam,02.jpg,Real,Yes,Yes,Yes,Yes,,,Yes,2026-08-05T20:53:21,2026-08-05T20:53:26
ID000038,Barack-obamam,02.jpg,Fake,Yes,,Yes,Yes,Yes,,Yes,2026-08-05T20:53:27,2026-08-05T20:53:31
ID000038,Barack-obamam,04.jpg,Fake,Yes,,Yes,Yes,Yes,,Yes,2026-08-05T20:53:31,2026-08-05T20:53:36
ID000038,Barack-obamam,05.png,Fake,Yes,,Yes,Yes,Yes,,Yes,2026-08-05T20:53:36,2026-08-05T20:53:39
ID000258,Michael-Keaton,01.jpg,Real,Yes,Yes,Yes,Yes,,,Yes,2026-08-05T20:53:41,2026-08-05T20:53:45
ID000258,Michael-Keaton,02.jpg,Real,Yes,Yes,Yes,Yes,,,Yes,2026-08-05T20:53:45,2026-08-05T20:53:49
ID000258,Michael-Keaton,01.jpg,Fake,Yes,,Yes,No,Yes,,No,2026-08-05T20:54:18,2026-08-05T20:54:30
ID000258,Michael-Keaton,02.jpg,Fake,Yes,,Yes,Yes,No,,Yes,2026-08-05T20:54:30,2026-08-05T20:54:40
ID000031,Arnold-Schwarzenegger,01.jpg,Real,Yes,Yes,Yes,Yes,,,Yes,2026-08-05T20:54:41,2026-08-05T20:54:45
ID000031,Arnold-Schwarzenegger,01.jpg,Fake,Yes,,Yes,No,Yes,,No,2026-08-05T20:54:48,2026-08-05T20:54:57
ID000031,Arnold-Schwarzenegger,02.jpg,Fake,Yes,,Yes,Yes,Yes,,Yes,2026-08-05T20:54:57,2026-08-05T20:55:01
ID000031,Arnold-Schwarzenegger,03.jpg,Fake,No,,Yes,Yes,No,,No,2026-08-05T20:55:02,2026-08-05T20:55:06
ID000031,Arnold-Schwarzenegger,04.jpg,Fake,Yes,,Yes,Yes,Yes,,Yes,2026-08-05T20:55:07,2026-08-05T20:55:11
ID000031,Arnold-Schwarzenegger,05.png,Fake,Yes,,Yes,Yes,Yes,,Yes,2026-08-05T20:55:11,2026-08-05T20:55:15
ID000031,Arnold-Schwarzenegger,06.jpg,Fake,No,,Yes,Yes,Yes,,No,2026-08-05T20:55:15,2026-08-05T20:55:22
ID000163,Jason-Clarke,01.jpg,Real,Yes,Yes,Yes,Yes,,,Yes,2026-08-05T20:55:24,2026-08-05T20:55:33
ID000163,Jason-Clarke,02.jpg,Real,Yes,Yes,Yes,Yes,,,Yes,2026-08-05T20:55:33,2026-08-05T20:55:48
ID000163,Jason-Clarke,03.jpg,Real,Yes,Yes,Yes,Yes,,,Yes,2026-08-05T20:55:48,2026-08-05T20:55:53
ID000163,Jason-Clarke,01.png,Fake,No,,Yes,Yes,Yes,,No,2026-08-05T20:55:55,2026-08-05T20:56:02
ID000163,Jason-Clarke,02.png,Fake,No,,Yes,Yes,Yes,,No,2026-08-05T20:56:02,2026-08-05T20:56:06
ID000242,Mario-Götze,01.jpg,Real,Yes,Yes,Yes,Yes,,,Yes,2026-08-05T20:56:08,2026-08-05T20:58:03
ID000242,Mario-Götze,02.jpg,Real,Yes,Yes,Yes,Yes,,,Yes,2026-08-05T20:58:03,2026-08-05T20:58:07
ID000242,Mario-Götze,03.jpg,Real,Yes,Yes,Yes,Yes,,,Yes,2026-08-05T20:58:07,2026-08-05T20:58:11
ID000242,Mario-Götze,01.jpg,Fake,Yes,,Yes,Yes,Yes,,Yes,2026-08-05T20:58:12,2026-08-05T20:58:17
ID000242,Mario-Götze,02.jpg,Fake,Yes,,Yes,Yes,Yes,,Yes,2026-08-05T20:58:17,2026-08-05T20:58:21
ID000161,Jamie-Lee-Curtis,01.jpg,Real,Yes,Yes,Yes,Yes,,,Yes,2026-08-05T20:58:22,2026-08-05T20:58:26
ID000161,Jamie-Lee-Curtis,02.jpg,Real,Yes,Yes,Yes,Yes,,,Yes,2026-08-05T20:58:26,2026-08-05T20:58:30
ID000161,Jamie-Lee-Curtis,01.jpg,Fake,Yes,,Yes,Yes,Yes,,Yes,2026-08-05T20:58:31,2026-08-05T20:58:36
ID000161,Jamie-Lee-Curtis,02.jpg,Fake,Yes,,Yes,Yes,No,,Yes,2026-08-05T20:58:36,2026-08-05T20:58:42
ID000161,Jamie-Lee-Curtis,03.jpg,Fake,Yes,,Yes,Yes,Yes,,Yes,2026-08-05T20:58:43,2026-08-05T20:58:48
ID000161,Jamie-Lee-Curtis,04.jpg,Fake,Yes,,Yes,Yes,No,,No,2026-08-05T20:58:48,2026-08-05T20:58:52
ID000377,angela-merkel,01.jpg,Real,Yes,Yes,Yes,Yes,,,Yes,2026-08-05T20:59:02,2026-08-05T20:59:08
ID000377,angela-merkel,02.jpg,Real,Yes,Yes,Yes,Yes,,,Yes,2026-08-05T20:59:08,2026-08-05T20:59:11
ID000377,angela-merkel,01.jpg,Fake,Yes,,Yes,Yes,Yes,,Yes,2026-08-05T20:59:13,2026-08-05T20:59:17
ID000117,Gabriel-Boric,01.jpg,Real,Yes,Yes,Yes,Yes,,,Yes,2026-08-05T20:59:18,2026-08-05T20:59:27
ID000117,Gabriel-Boric,02.jpg,Real,Yes,Yes,Yes,Yes,,,Yes,2026-08-05T20:59:28,2026-08-05T20:59:33
ID000117,Gabriel-Boric,01.png,Fake,Yes,,Yes,Yes,No,,Yes,2026-08-05T20:59:34,2026-08-05T20:59:41
ID000185,John-Terry,01.jpg,Real,Yes,Yes,Yes,Yes,,,Yes,2026-08-05T20:59:42,2026-08-05T20:59:46
ID000185,John-Terry,02.jpg,Real,Yes,Yes,Yes,Yes,,,Yes,2026-08-05T20:59:46,2026-08-05T20:59:50
ID000185,John-Terry,01.jpg,Fake,Yes,,Yes,Yes,Yes,,Yes,2026-08-05T20:59:51,2026-08-05T20:59:58
ID000387,mr-beast,01.jpg,Real,Yes,Yes,Yes,Yes,,,Yes,2026-08-05T20:59:59,2026-08-05T21:00:03
ID000387,mr-beast,02.jpg,Real,Yes,Yes,Yes,Yes,,,Yes,2026-08-05T21:00:03,2026-08-05T21:00:10
ID000387,mr-beast,01.jpg,Fake,Yes,,Yes,No,Yes,,No,2026-08-05T21:00:11,2026-08-05T21:00:22
ID000387,mr-beast,02.jpg,Fake,Yes,,Yes,Yes,Yes,,No,2026-08-05T21:00:22,2026-08-05T21:00:28
ID000387,mr-beast,03.jpg,Fake,Yes,,Yes,Yes,Yes,,Yes,2026-08-05T21:00:28,2026-08-05T21:00:32
ID000387,mr-beast,05.png,Fake,Yes,,Yes,Yes,No,,Yes,2026-08-05T21:00:39,2026-08-05T21:00:41
ID000019,Andrea-Pirlo,01.jpg,Real,Yes,Yes,Yes,Yes,,,Yes,2026-08-05T21:00:46,2026-08-05T21:00:50
ID000019,Andrea-Pirlo,1.jpg,Real,Yes,Yes,Yes,Yes,,,Yes,2026-08-05T21:00:51,2026-08-05T21:00:54
ID000019,Andrea-Pirlo,02.jpg,Fake,Yes,,Yes,Yes,Yes,,Yes,2026-08-05T21:00:56,2026-08-05T21:01:01
ID000019,Andrea-Pirlo,1.jpg,Fake,Yes,,Yes,Yes,No,,Yes,2026-08-05T21:01:02,2026-08-05T21:01:05
ID000383,keiko-kitagawa,01.jpg,Real,Yes,Yes,Yes,Yes,,,Yes,2026-08-05T21:01:07,2026-08-05T21:01:13
ID000383,keiko-kitagawa,02.jpg,Real,Yes,Yes,Yes,Yes,,,Yes,2026-08-05T21:01:13,2026-08-05T21:01:17
ID000383,keiko-kitagawa,03.jpg,Real,Yes,Yes,Yes,Yes,,,Yes,2026-08-05T21:01:17,2026-08-05T21:01:22
ID000383,keiko-kitagawa,01.jpg,Fake,Yes,,Yes,Yes,Yes,,Yes,2026-08-05T21:01:23,2026-08-05T21:01:26
ID000383,keiko-kitagawa,02.jpg,Fake,No,,Yes,Yes,Yes,,No,2026-08-05T21:01:26,2026-08-05T21:01:31
ID000383,keiko-kitagawa,03.jpg,Fake,Yes,,Yes,Yes,No,,Yes,2026-08-05T21:01:31,2026-08-05T21:01:42
ID000171,Jennifer-Connelly,01.png,Real,Yes,Yes,Yes,Yes,,,Yes,2026-08-05T21:01:44,2026-08-05T21:01:47
ID000171,Jennifer-Connelly,02.jpg,Real,Yes,Yes,Yes,Yes,,,Yes,2026-08-05T21:01:47,2026-08-05T21:01:50
ID000171,Jennifer-Connelly,01.jpg,Fake,Yes,,Yes,Yes,Yes,,No,2026-08-05T21:01:51,2026-08-05T21:01:55
ID000171,Jennifer-Connelly,02.jpg,Fake,Yes,,Yes,Yes,Yes,,Yes,2026-08-05T21:01:55,2026-08-05T21:01:58
ID000171,Jennifer-Connelly,03.jpg,Fake,Yes,,Yes,Yes,Yes,,Yes,2026-08-05T21:01:58,2026-08-05T21:02:07
ID000171,Jennifer-Connelly,04.jpg,Fake,Yes,,Yes,Yes,Yes,,Yes,2026-08-05T21:02:07,2026-08-05T21:02:11
ID000206,Keanu-Reeves,01.jpg,Real,Yes,Yes,Yes,Yes,,,Yes,2026-08-05T21:02:16,2026-08-05T21:02:21
ID000206,Keanu-Reeves,02.jpg,Real,Yes,Yes,Yes,Yes,,,Yes,2026-08-05T21:02:21,2026-08-05T21:02:26
ID000206,Keanu-Reeves,01.jpg,Fake,Yes,,Yes,Yes,No,,Yes,2026-08-05T21:02:27,2026-08-05T21:02:39
ID000206,Keanu-Reeves,02.png,Fake,Yes,,Yes,Yes,No,,Yes,2026-08-05T21:02:39,2026-08-05T21:02:44
ID000022,Angelina-Jolie,01.jpg,Real,Yes,Yes,Yes,Yes,,,Yes,2026-08-05T21:02:45,2026-08-05T21:02:49
ID000022,Angelina-Jolie,02.jpg,Real,Yes,Yes,Yes,Yes,,,Yes,2026-08-05T21:02:49,2026-08-05T21:02:52
ID000022,Angelina-Jolie,03.jpg,Real,Yes,Yes,Yes,Yes,,,Yes,2026-08-05T21:02:52,2026-08-05T21:02:55
ID000022,Angelina-Jolie,01.jpg,Fake,Yes,,Yes,Yes,Yes,,Yes,2026-08-05T21:02:57,2026-08-05T21:03:00
ID000022,Angelina-Jolie,02.jpg,Fake,Yes,,Yes,Yes,Yes,,Yes,2026-08-05T21:03:00,2026-08-05T21:03:06
ID000022,Angelina-Jolie,03.jpg,Fake,Yes,,Yes,Yes,Yes,,No,2026-08-05T21:03:06,2026-08-05T21:03:11
ID000022,Angelina-Jolie,04.jpg,Fake,Yes,,Yes,Yes,Yes,,Yes,2026-08-05T21:03:11,2026-08-05T21:03:14
ID000022,Angelina-Jolie,05.jpg,Fake,Yes,,Yes,Yes,Yes,,No,2026-08-05T21:03:14,2026-08-05T21:03:18
ID000022,Angelina-Jolie,06.png,Fake,No,,Yes,Yes,No,,No,2026-08-05T21:03:18,2026-08-05T21:03:26
ID000022,Angelina-Jolie,07.jpg,Fake,No,,Yes,Yes,No,,No,2026-08-05T21:03:26,2026-08-05T21:03:32
ID000078,Cristanio-Ronaldo,01.jpg,Real,Yes,Yes,Yes,Yes,,,Yes,2026-08-05T21:03:41,2026-08-05T21:03:44
ID000078,Cristanio-Ronaldo,02.jpg,Real,Yes,Yes,Yes,Yes,,,Yes,2026-08-05T21:03:44,2026-08-05T21:03:47
ID000078,Cristanio-Ronaldo,01.jpg,Fake,Yes,,Yes,Yes,Yes,,Yes,2026-08-05T21:03:48,2026-08-05T21:03:52
ID000078,Cristanio-Ronaldo,02.jpg,Fake,No,,Yes,Yes,Yes,,No,2026-08-05T21:03:52,2026-08-05T21:03:58
ID000078,Cristanio-Ronaldo,03.jpg,Fake,Yes,,Yes,Yes,Yes,,Yes,2026-08-05T21:03:58,2026-08-05T21:04:03
ID000078,Cristanio-Ronaldo,04.png,Fake,Yes,,Yes,Yes,No,,Yes,2026-08-05T21:04:03,2026-08-05T21:04:10
ID000280,Nick-DiGiovanni,01.jpg,Real,Yes,Yes,Yes,Yes,,,Yes,2026-08-05T21:04:13,2026-08-05T21:04:18
ID000280,Nick-DiGiovanni,02.png,Real,Yes,Yes,Yes,Yes,,,Yes,2026-08-05T21:04:18,2026-08-05T21:04:23
ID000280,Nick-DiGiovanni,03.jpg,Real,Yes,Yes,Yes,Yes,,,Yes,2026-08-05T21:04:23,2026-08-05T21:04:26
ID000280,Nick-DiGiovanni,1.jpg,Fake,Yes,,Yes,Yes,Yes,,Yes,2026-08-05T21:04:28,2026-08-05T21:04:32
ID000280,Nick-DiGiovanni,2.webp,Fake,Yes,,Yes,Yes,Yes,,Yes,2026-08-05T21:04:32,2026-08-05T21:04:35
ID000372,XI-Jinping,01.jpg,Real,Yes,Yes,Yes,Yes,,,Yes,2026-08-05T21:04:36,2026-08-05T21:04:39
ID000372,XI-Jinping,02.jpg,Real,Yes,Yes,Yes,Yes,,,Yes,2026-08-05T21:04:39,2026-08-05T21:04:43
ID000372,XI-Jinping,01.jpg,Fake,Yes,,Yes,Yes,Yes,,Yes,2026-08-05T21:04:46,2026-08-05T21:05:07
ID000372,XI-Jinping,02.jpg,Fake,Yes,,Yes,Yes,Yes,,Yes,2026-08-05T21:05:07,2026-08-05T21:05:12
ID000372,XI-Jinping,03.png,Fake,Yes,,Yes,Yes,Yes,,Yes,2026-08-05T21:05:12,2026-08-05T21:05:16
ID000140,Hilary-Duff,01.jpg,Real,Yes,Yes,Yes,Yes,,,Yes,2026-08-05T21:05:17,2026-08-05T21:05:23
ID000140,Hilary-Duff,01.jpg,Fake,Yes,,Yes,Yes,Yes,,Yes,2026-08-05T21:05:26,2026-08-05T21:05:44
ID000140,Hilary-Duff,02.jpg,Fake,Yes,,Yes,Yes,Yes,,Yes,2026-08-05T21:05:44,2026-08-05T21:05:48
ID000140,Hilary-Duff,03.jpg,Fake,No,,Yes,Yes,Yes,,No,2026-08-05T21:05:48,2026-08-05T21:05:53
ID000186,John-Travolta,01.jpg,Real,Yes,Yes,Yes,Yes,,,Yes,2026-08-05T21:05:54,2026-08-05T21:05:58
ID000186,John-Travolta,02.jpg,Real,Yes,Yes,Yes,Yes,,,Yes,2026-08-05T21:05:58,2026-08-05T21:06:35
ID000186,John-Travolta,03.jpg,Real,Yes,Yes,Yes,Yes,,,Yes,2026-08-05T21:06:35,2026-08-05T21:06:39
ID000186,John-Travolta,01.jpg,Fake,Yes,,Yes,Yes,Yes,,Yes,2026-08-05T21:06:41,2026-08-05T21:06:43
ID000186,John-Travolta,02.jpg,Fake,Yes,,No,No,Yes,,No,2026-08-05T21:06:44,2026-08-05T21:06:50
ID000186,John-Travolta,03.jpg,Fake,No,,Yes,No,Yes,,No,2026-08-05T21:06:50,2026-08-05T21:07:15
ID000186,John-Travolta,05.jpg,Fake,No,,Yes,No,Yes,,No,2026-08-05T21:07:15,2026-08-05T21:07:31
ID000186,John-Travolta,06.jpg,Fake,No,,Yes,Yes,Yes,,No,2026-08-05T21:07:31,2026-08-05T21:07:38
ID000055,Bukayo-Saka,01.jpg,Real,Yes,Yes,Yes,Yes,,,Yes,2026-08-05T21:07:41,2026-08-05T21:07:46
ID000055,Bukayo-Saka,02.png,Real,Yes,Yes,Yes,Yes,,,Yes,2026-08-05T21:07:46,2026-08-05T21:07:51
ID000055,Bukayo-Saka,03.jpg,Real,Yes,Yes,Yes,Yes,,,Yes,2026-08-05T21:07:51,2026-08-05T21:07:54
ID000055,Bukayo-Saka,1.webp,Fake,Yes,,Yes,Yes,Yes,,Yes,2026-08-05T21:07:56,2026-08-05T21:08:04
ID000123,Giorgia-Meloni,01.jpg,Real,Yes,Yes,Yes,Yes,,,Yes,2026-08-05T21:08:05,2026-08-05T21:08:17
ID000123,Giorgia-Meloni,02.jpg,Real,Yes,Yes,Yes,Yes,,,Yes,2026-08-05T21:08:17,2026-08-05T21:08:20
ID000123,Giorgia-Meloni,01.jpg,Fake,No,,No,No,Yes,,No,2026-08-05T21:08:22,2026-08-05T21:08:29
ID000123,Giorgia-Meloni,02.jpg,Fake,Yes,,Yes,Yes,Yes,,Yes,2026-08-05T21:08:29,2026-08-05T21:08:33
ID000123,Giorgia-Meloni,03.png,Fake,Yes,,Yes,No,Yes,,No,2026-08-05T21:08:33,2026-08-05T21:08:40
ID000216,Kirsten-Dunst,01.jpg,Real,Yes,Yes,Yes,Yes,,,Yes,2026-08-05T21:08:42,2026-08-05T21:08:46
ID000216,Kirsten-Dunst,01.jpg,Fake,No,,Yes,No,Yes,,No,2026-08-05T21:08:48,2026-08-05T21:08:52
ID000216,Kirsten-Dunst,02.jpg,Fake,No,,Yes,Yes,Yes,,No,2026-08-05T21:08:52,2026-08-05T21:09:01
ID000216,Kirsten-Dunst,03.jpg,Fake,No,,Yes,Yes,Yes,,No,2026-08-05T21:09:02,2026-08-05T21:09:09
ID000090,Domhnall-Gleeson,01.jpg,Real,Yes,Yes,Yes,Yes,,,Yes,2026-08-05T21:09:10,2026-08-05T21:09:14
ID000090,Domhnall-Gleeson,02.jpg,Real,Yes,Yes,Yes,Yes,,,Yes,2026-08-05T21:09:14,2026-08-05T21:09:18
ID000090,Domhnall-Gleeson,01.jpg,Fake,No,,Yes,Yes,Yes,,No,2026-08-05T21:10:12,2026-08-05T21:10:23
ID000090,Domhnall-Gleeson,02.jpg,Fake,Yes,,Yes,Yes,Yes,,Yes,2026-08-05T21:10:23,2026-08-05T21:10:30
ID000090,Domhnall-Gleeson,03.jpg,Fake,Yes,,Yes,Yes,No,,Yes,2026-08-05T21:10:30,2026-08-05T21:10:37
ID000090,Domhnall-Gleeson,04.jpg,Fake,Yes,,Yes,Yes,Yes,,Yes,2026-08-05T21:10:37,2026-08-05T21:10:44
ID000090,Domhnall-Gleeson,05.jpg,Fake,No,,Yes,Yes,Yes,,No,2026-08-05T21:10:44,2026-08-05T21:10:53
ID000090,Domhnall-Gleeson,06.jpg,Fake,No,,Yes,Yes,Yes,,No,2026-08-05T21:10:53,2026-08-05T21:10:58
ID000291,Paul-Newman,01.jpg,Real,Yes,Yes,Yes,Yes,,,Yes,2026-08-05T21:11:00,2026-08-05T21:11:50
ID000291,Paul-Newman,02.jpg,Real,Yes,Yes,Yes,Yes,,,Yes,2026-08-05T21:11:50,2026-08-05T21:11:55
ID000291,Paul-Newman,01.jpg,Fake,Yes,,Yes,Yes,Yes,,Yes,2026-08-05T21:11:57,2026-08-05T21:12:04
ID000291,Paul-Newman,02.jpg,Fake,No,,Yes,No,No,,No,2026-08-05T21:12:04,2026-08-05T21:12:12
ID000291,Paul-Newman,03.jpg,Fake,Yes,,Yes,Yes,Yes,,Yes,2026-08-05T21:12:12,2026-08-05T21:12:17
ID000109,Eva-Green,01.jpg,Real,Yes,Yes,Yes,Yes,,,Yes,2026-08-05T21:12:19,2026-08-05T21:12:25
ID000109,Eva-Green,01.jpg,Fake,Yes,,Yes,Yes,Yes,,Yes,2026-08-05T21:12:26,2026-08-05T21:12:35
ID000109,Eva-Green,02.jpg,Fake,Yes,,Yes,Yes,Yes,,Yes,2026-08-05T21:12:35,2026-08-05T21:12:43
ID000295,Phil-Salt,01.webp,Real,Yes,Yes,Yes,Yes,,,Yes,2026-08-05T21:12:45,2026-08-05T21:12:49
ID000295,Phil-Salt,1.jpg,Fake,Yes,,Yes,Yes,Yes,,Yes,2026-08-05T21:12:51,2026-08-05T21:12:59
ID000279,Nicholas-Galitzine,01.jpg,Real,Yes,Yes,Yes,Yes,,,Yes,2026-08-05T21:13:01,2026-08-05T21:13:33
ID000279,Nicholas-Galitzine,02.jpg,Real,Yes,Yes,Yes,Yes,,,Yes,2026-08-05T21:13:33,2026-08-05T21:13:39
ID000279,Nicholas-Galitzine,03.jpg,Real,Yes,Yes,Yes,Yes,,,Yes,2026-08-05T21:13:39,2026-08-05T21:13:43
ID000279,Nicholas-Galitzine,01.jpg,Fake,Yes,,Yes,Yes,Yes,,Yes,2026-08-05T21:13:44,2026-08-05T21:13:53
ID000279,Nicholas-Galitzine,02.jpg,Fake,No,,Yes,Yes,Yes,,No,2026-08-05T21:13:53,2026-08-05T21:13:58
ID000336,Sigourney-Weaver,01.jpg,Real,Yes,Yes,Yes,Yes,,,Yes,2026-08-05T21:13:59,2026-08-05T21:14:03
ID000336,Sigourney-Weaver,02.jpg,Real,Yes,Yes,Yes,Yes,,,Yes,2026-08-05T21:14:03,2026-08-05T21:14:07
ID000336,Sigourney-Weaver,01.jpg,Fake,Yes,,Yes,Yes,Yes,,Yes,2026-08-05T21:14:08,2026-08-05T21:14:35
ID000336,Sigourney-Weaver,02.jpg,Fake,Yes,,Yes,Yes,Yes,,Yes,2026-08-05T21:14:35,2026-08-05T21:14:39
ID000336,Sigourney-Weaver,03.jpg,Fake,No,,Yes,No,Yes,,No,2026-08-05T21:14:39,2026-08-05T21:14:51
ID000336,Sigourney-Weaver,04.jpg,Fake,No,,Yes,Yes,No,,No,2026-08-05T21:14:51,2026-08-05T21:15:20
ID000016,Alix-Earle,01.png,Real,Yes,Yes,Yes,Yes,,,Yes,2026-08-05T21:15:23,2026-08-05T21:15:28
ID000016,Alix-Earle,02.jpg,Real,Yes,Yes,Yes,Yes,,,Yes,2026-08-05T21:15:28,2026-08-05T21:15:34
ID000016,Alix-Earle,02.png,Fake,Yes,,Yes,Yes,No,,Yes,2026-08-05T21:15:35,2026-08-05T21:16:54
ID000016,Alix-Earle,03.jpg,Fake,No,,No,Yes,Yes,,No,2026-08-05T21:16:54,2026-08-05T21:17:04
ID000127,Gregory-Peck,01.jpg,Real,Yes,Yes,Yes,Yes,,,Yes,2026-08-05T21:17:05,2026-08-05T21:17:08
ID000127,Gregory-Peck,01.jpg,Fake,No,,Yes,Yes,Yes,,No,2026-08-05T21:17:09,2026-08-05T21:17:30
ID000127,Gregory-Peck,02.png,Fake,No,,Yes,Yes,No,,No,2026-08-05T21:17:30,2026-08-05T21:17:43
ID000127,Gregory-Peck,03.png,Fake,No,,No,No,Yes,,No,2026-08-05T21:17:43,2026-08-05T21:17:54
ID000270,Monica-Bellucci,01.jpg,Real,Yes,Yes,Yes,Yes,,,Yes,2026-08-05T21:17:55,2026-08-05T21:18:00
ID000270,Monica-Bellucci,01.jpg,Fake,Yes,,Yes,Yes,Yes,,Yes,2026-08-05T21:18:00,2026-08-05T21:18:06
ID000270,Monica-Bellucci,02.jpg,Fake,No,,Yes,Yes,Yes,,No,2026-08-05T21:18:06,2026-08-05T21:18:11
ID000270,Monica-Bellucci,03.jpg,Fake,Yes,,Yes,Yes,Yes,,Yes,2026-08-05T21:18:11,2026-08-05T21:18:16
ID000270,Monica-Bellucci,04.jpg,Fake,Yes,,No,Yes,Yes,,No,2026-08-05T21:18:16,2026-08-05T21:18:25
ID000002,Abbie-Cornish,01.jpg,Real,Yes,Yes,Yes,Yes,,,Yes,2026-08-05T21:18:27,2026-08-05T21:18:31
ID000002,Abbie-Cornish,01.jpg,Fake,Yes,,Yes,Yes,Yes,,Yes,2026-08-05T21:18:32,2026-08-05T21:18:46
ID000002,Abbie-Cornish,02.jpg,Fake,Yes,,Yes,Yes,Yes,,Yes,2026-08-05T21:18:46,2026-08-05T21:18:50
ID000097,Elizabeth-Taylor,01.jpg,Real,Yes,Yes,Yes,Yes,,,Yes,2026-08-05T21:18:52,2026-08-05T21:18:55
ID000097,Elizabeth-Taylor,02.jpg,Real,Yes,Yes,Yes,Yes,,,Yes,2026-08-05T21:18:55,2026-08-05T21:18:59
ID000097,Elizabeth-Taylor,02.jpg,Fake,Yes,,Yes,Yes,Yes,,Yes,2026-08-05T21:19:00,2026-08-05T21:19:07
ID000166,Jean-Claude-Van-Damme,01.jpg,Real,Yes,Yes,Yes,Yes,,,Yes,2026-08-05T21:19:08,2026-08-05T21:19:12
ID000166,Jean-Claude-Van-Damme,02.jpg,Real,Yes,Yes,Yes,Yes,,,Yes,2026-08-05T21:19:12,2026-08-05T21:19:47
ID000166,Jean-Claude-Van-Damme,03.jpg,Real,No,Yes,Yes,Yes,,,No,2026-08-05T21:19:47,2026-08-05T21:19:57
ID000166,Jean-Claude-Van-Damme,01.jpg,Fake,Yes,,Yes,Yes,Yes,,Yes,2026-08-05T21:19:59,2026-08-05T21:20:03
ID000313,Ronaldo-Nazario,01.jpg,Real,Yes,Yes,Yes,Yes,,,Yes,2026-08-05T21:20:04,2026-08-05T21:20:09
ID000313,Ronaldo-Nazario,02.jpg,Real,Yes,Yes,Yes,Yes,,,Yes,2026-08-05T21:20:09,2026-08-05T21:20:12
ID000313,Ronaldo-Nazario,03.jpg,Real,Yes,Yes,Yes,Yes,,,Yes,2026-08-05T21:20:12,2026-08-05T21:20:21
ID000313,Ronaldo-Nazario,01.jpg,Fake,Yes,,Yes,Yes,Yes,,Yes,2026-08-05T21:20:22,2026-08-05T21:20:31
ID000313,Ronaldo-Nazario,02.jpg,Fake,No,,Yes,Yes,Yes,,No,2026-08-05T21:20:31,2026-08-05T21:20:35
ID000313,Ronaldo-Nazario,03.jpg,Fake,No,,Yes,Yes,Yes,,No,2026-08-05T21:20:35,2026-08-05T21:20:38
ID000313,Ronaldo-Nazario,05.png,Fake,No,,Yes,Yes,Yes,,No,2026-08-05T21:20:38,2026-08-05T21:20:43
ID000051,Bob-Dylan,01.jpg,Real,Yes,Yes,Yes,Yes,,,Yes,2026-08-05T21:20:45,2026-08-05T21:20:48
ID000051,Bob-Dylan,02.png,Real,Yes,Yes,Yes,Yes,,,Yes,2026-08-05T21:20:49,2026-08-05T21:20:55
ID000051,Bob-Dylan,01.jpg,Fake,Yes,,Yes,Yes,Yes,,Yes,2026-08-05T21:20:56,2026-08-05T21:21:01
ID000051,Bob-Dylan,02.jpg,Fake,Yes,,Yes,Yes,Yes,,Yes,2026-08-05T21:21:01,2026-08-05T21:21:05
ID000051,Bob-Dylan,03.jpg,Fake,Yes,,Yes,Yes,Yes,,No,2026-08-05T21:21:05,2026-08-05T21:21:12
ID000051,Bob-Dylan,04.jpg,Fake,Yes,,Yes,Yes,Yes,,Yes,2026-08-05T21:21:12,2026-08-05T21:21:16
ID000087,Devon-Conway,01.png,Real,Yes,Yes,Yes,No,,,No,2026-08-05T21:21:22,2026-08-05T21:21:26
ID000087,Devon-Conway,02.webp,Real,Yes,Yes,Yes,Yes,,,Yes,2026-08-05T21:21:27,2026-08-05T21:21:31
ID000087,Devon-Conway,1.jpg,Fake,Yes,,Yes,No,No,,No,2026-08-05T21:21:32,2026-08-05T21:21:41
ID000154,Ishan-Kishan,01.jpg,Real,Yes,Yes,Yes,Yes,,,Yes,2026-08-05T21:21:42,2026-08-05T21:21:46
ID000154,Ishan-Kishan,01.png,Real,Yes,Yes,Yes,Yes,,,Yes,2026-08-05T21:21:46,2026-08-05T21:21:55
ID000154,Ishan-Kishan,images (2).jpg,Real,Yes,Yes,Yes,Yes,,,Yes,2026-08-05T21:21:55,2026-08-05T21:22:02
ID000154,Ishan-Kishan,04.webp,Fake,Yes,,Yes,Yes,Yes,,Yes,2026-08-05T21:22:05,2026-08-05T21:22:20
ID000154,Ishan-Kishan,images (1).jpg,Fake,Yes,,Yes,Yes,Yes,,Yes,2026-08-05T21:22:20,2026-08-05T21:22:28
ID000154,Ishan-Kishan,images.jpg,Fake,Yes,,Yes,Yes,No,,Yes,2026-08-05T21:22:49,2026-08-05T21:22:53
ID000154,Ishan-Kishan,photo-with-ishan-kishan-ipl-stadium-1-optimized.webp,Fake,No,,Yes,Yes,Yes,,No,2026-08-05T21:22:53,2026-08-05T21:23:00
ID000158,Jackie-Chan,01.jpg,Real,Yes,Yes,Yes,Yes,,,Yes,2026-08-05T21:23:01,2026-08-05T21:23:06
ID000158,Jackie-Chan,02.jpg,Real,Yes,Yes,Yes,Yes,,,Yes,2026-08-05T21:23:06,2026-08-05T21:23:09
ID000158,Jackie-Chan,03.jpg,Real,Yes,Yes,Yes,Yes,,,Yes,2026-08-05T21:23:09,2026-08-05T21:23:13
ID000158,Jackie-Chan,01.jpg,Fake,Yes,,Yes,Yes,Yes,,Yes,2026-08-05T21:23:14,2026-08-05T21:23:18
ID000158,Jackie-Chan,02.jpg,Fake,No,,Yes,No,Yes,,No,2026-08-05T21:23:18,2026-08-05T21:23:23
ID000158,Jackie-Chan,03.jpg,Fake,Yes,,Yes,Yes,Yes,,Yes,2026-08-05T21:23:24,2026-08-05T21:23:27
ID000158,Jackie-Chan,04.jpg,Fake,Yes,,Yes,Yes,No,,Yes,2026-08-05T21:23:27,2026-08-05T21:23:32
ID000244,Mark-Wahlberg,01.jpg,Real,Yes,Yes,Yes,Yes,,,Yes,2026-08-05T21:23:33,2026-08-05T21:23:38
ID000014,Alia-Butt,01.jpg,Real,Yes,Yes,Yes,Yes,,,Yes,2026-08-05T21:23:40,2026-08-05T21:23:55
ID000014,Alia-Butt,02.jpg,Real,Yes,Yes,Yes,Yes,,,Yes,2026-08-05T21:23:55,2026-08-05T21:24:02
ID000014,Alia-Butt,03.jpg,Real,Yes,Yes,Yes,Yes,,,Yes,2026-08-05T21:24:02,2026-08-05T21:24:09
ID000014,Alia-Butt,01.jpg,Fake,Yes,,Yes,Yes,Yes,,Yes,2026-08-05T21:24:10,2026-08-05T21:24:17
ID000014,Alia-Butt,02.jpg,Fake,No,,Yes,Yes,Yes,,No,2026-08-05T21:24:17,2026-08-05T21:24:23
ID000014,Alia-Butt,03.jpg,Fake,Yes,,Yes,No,Yes,,No,2026-08-05T21:24:23,2026-08-05T21:24:32
ID000014,Alia-Butt,04.png,Fake,Yes,,Yes,Yes,Yes,,Yes,2026-08-05T21:24:32,2026-08-05T21:24:37
ID000234,Maggie-Smith,01.jpg,Real,Yes,Yes,Yes,Yes,,,Yes,2026-08-05T21:24:39,2026-08-05T21:25:23
ID000234,Maggie-Smith,01.jpg,Fake,Yes,,Yes,Yes,Yes,,Yes,2026-08-05T21:25:25,2026-08-05T21:25:37
ID000234,Maggie-Smith,02.jpg,Fake,Yes,,Yes,Yes,Yes,,Yes,2026-08-05T21:25:37,2026-08-05T21:25:43
ID000234,Maggie-Smith,03.jpg,Fake,Yes,,Yes,Yes,Yes,,No,2026-08-05T21:25:43,2026-08-05T21:25:48
ID000159,Jake-Gyllenhaal,01.jpg,Real,Yes,Yes,Yes,Yes,,,Yes,2026-08-05T21:25:51,2026-08-05T21:26:06
ID000159,Jake-Gyllenhaal,02.jpg,Real,Yes,Yes,Yes,Yes,,,Yes,2026-08-05T21:26:06,2026-08-05T21:26:10
ID000159,Jake-Gyllenhaal,01.jpg,Fake,Yes,,Yes,Yes,Yes,,Yes,2026-08-05T21:26:11,2026-08-05T21:26:15
ID000159,Jake-Gyllenhaal,02.jpg,Fake,No,,Yes,Yes,Yes,,No,2026-08-05T21:26:15,2026-08-05T21:26:21
ID000159,Jake-Gyllenhaal,03.jpg,Fake,No,,Yes,Yes,Yes,,No,2026-08-05T21:26:21,2026-08-05T21:26:25
ID000159,Jake-Gyllenhaal,04.jpg,Fake,No,,Yes,Yes,Yes,,No,2026-08-05T21:26:26,2026-08-05T21:26:30
ID000177,Jim-Carrey,01.jpg,Real,Yes,Yes,Yes,Yes,,,Yes,2026-08-05T21:26:31,2026-08-05T21:26:35
ID000177,Jim-Carrey,02.jpg,Real,Yes,Yes,Yes,Yes,,,Yes,2026-08-05T21:26:35,2026-08-05T21:26:39
ID000177,Jim-Carrey,01.jpg,Fake,No,,Yes,Yes,Yes,,No,2026-08-05T21:26:42,2026-08-05T21:27:00
ID000177,Jim-Carrey,02.jpg,Fake,No,,Yes,Yes,Yes,,No,2026-08-05T21:27:00,2026-08-05T21:27:06
ID000177,Jim-Carrey,03.jpg,Fake,Yes,,Yes,Yes,Yes,,Yes,2026-08-05T21:27:06,2026-08-05T21:27:14
ID000064,Carrie-Anne-Moss,01.jpg,Real,Yes,Yes,Yes,Yes,,,Yes,2026-08-05T21:27:16,2026-08-05T21:27:21
ID000064,Carrie-Anne-Moss,02.jpg,Real,Yes,Yes,Yes,Yes,,,Yes,2026-08-05T21:27:21,2026-08-05T21:27:35
ID000064,Carrie-Anne-Moss,03.jpg,Real,Yes,Yes,Yes,Yes,,,Yes,2026-08-05T21:27:35,2026-08-05T21:27:39
ID000064,Carrie-Anne-Moss,01.jpg,Fake,No,,Yes,Yes,Yes,,No,2026-08-05T21:27:41,2026-08-05T21:27:52
ID000064,Carrie-Anne-Moss,02.jpg,Fake,No,,Yes,Yes,Yes,,No,2026-08-05T21:27:52,2026-08-05T21:27:57
ID000064,Carrie-Anne-Moss,03.jpg,Fake,No,,Yes,Yes,No,,No,2026-08-05T21:27:57,2026-08-05T21:28:05
ID000064,Carrie-Anne-Moss,04.jpg,Fake,No,,No,Yes,Yes,,No,2026-08-05T21:28:05,2026-08-05T21:28:10
ID000337,Song-Kang-ho,01.jpg,Real,Yes,Yes,Yes,Yes,,,Yes,2026-08-05T21:28:11,2026-08-05T21:28:15
ID000337,Song-Kang-ho,02.jpg,Real,Yes,Yes,Yes,Yes,,,Yes,2026-08-05T21:28:15,2026-08-05T21:28:19
ID000337,Song-Kang-ho,01.jpg,Fake,No,,Yes,Yes,Yes,,No,2026-08-05T21:28:20,2026-08-05T21:28:26
ID000264,Mickey-Rourke,01.jpg,Real,Yes,Yes,Yes,Yes,,,Yes,2026-08-05T21:28:27,2026-08-05T21:28:55
ID000264,Mickey-Rourke,02.jpg,Real,No,Yes,Yes,No,,,No,2026-08-05T21:28:55,2026-08-05T21:29:07
ID000264,Mickey-Rourke,01.jpg,Fake,Yes,,Yes,Yes,Yes,,No,2026-08-05T21:29:08,2026-08-05T21:29:16
ID000264,Mickey-Rourke,03.jpg,Fake,Yes,,Yes,Yes,Yes,,Yes,2026-08-05T21:29:16,2026-08-05T21:29:20
ID000149,Imran-Kahn,01.jpg,Real,Yes,Yes,Yes,Yes,,,Yes,2026-08-05T21:29:24,2026-08-05T21:29:27
ID000149,Imran-Kahn,02.jpg,Real,Yes,Yes,Yes,Yes,,,Yes,2026-08-05T21:29:27,2026-08-05T21:29:31
ID000149,Imran-Kahn,01.jpg,Fake,Yes,,Yes,Yes,Yes,,Yes,2026-08-05T21:29:32,2026-08-05T21:29:40
ID000149,Imran-Kahn,03.jpg,Fake,No,,Yes,Yes,Yes,,No,2026-08-05T21:29:40,2026-08-05T21:29:46
ID000149,Imran-Kahn,06.png,Fake,Yes,,Yes,Yes,Yes,,Yes,2026-08-05T21:29:46,2026-08-05T21:29:52
ID000056,Burak-Özçivit,01.jpg,Real,Yes,Yes,Yes,Yes,,,Yes,2026-08-05T21:29:53,2026-08-05T21:29:57
ID000056,Burak-Özçivit,01.jpg,Fake,No,,Yes,Yes,Yes,,No,2026-08-05T21:29:58,2026-08-05T21:30:03
ID000056,Burak-Özçivit,02.jpg,Fake,No,,Yes,Yes,Yes,,No,2026-08-05T21:30:03,2026-08-05T21:30:08
ID000056,Burak-Özçivit,03.jpg,Fake,Yes,,Yes,Yes,Yes,,Yes,2026-08-05T21:30:08,2026-08-05T21:30:17
ID000040,Ben-Affleck,01.jpg,Real,Yes,Yes,Yes,Yes,,,Yes,2026-08-05T21:30:18,2026-08-05T21:30:22
ID000040,Ben-Affleck,01.jpg,Fake,Yes,,Yes,Yes,Yes,,Yes,2026-08-05T21:30:23,2026-08-05T21:30:31
ID000040,Ben-Affleck,02.jpg,Fake,No,,Yes,Yes,Yes,,No,2026-08-05T21:30:31,2026-08-05T21:30:36
ID000040,Ben-Affleck,03.jpg,Fake,No,,Yes,Yes,Yes,,No,2026-08-05T21:30:36,2026-08-05T21:30:41
ID000040,Ben-Affleck,04.jpg,Fake,No,,Yes,Yes,Yes,,No,2026-08-05T21:30:41,2026-08-05T21:30:49
ID000040,Ben-Affleck,05.jpg,Fake,Yes,,Yes,Yes,Yes,,Yes,2026-08-05T21:30:49,2026-08-05T21:30:56
ID000212,Kevin-Spacey,01.jpg,Real,Yes,Yes,Yes,Yes,,,Yes,2026-08-05T21:30:58,2026-08-05T21:31:03
ID000212,Kevin-Spacey,02.jpg,Real,Yes,Yes,Yes,Yes,,,Yes,2026-08-05T21:31:03,2026-08-05T21:31:07
ID000212,Kevin-Spacey,03.jpg,Real,Yes,Yes,Yes,Yes,,,Yes,2026-08-05T21:31:07,2026-08-05T21:31:13
ID000212,Kevin-Spacey,01.jpg,Fake,Yes,,Yes,Yes,Yes,,No,2026-08-05T21:31:15,2026-08-05T21:31:19
ID000212,Kevin-Spacey,02.png,Fake,No,,Yes,Yes,No,,No,2026-08-05T21:31:19,2026-08-05T21:31:25
ID000212,Kevin-Spacey,03.png,Fake,Yes,,Yes,Yes,Yes,,Yes,2026-08-05T21:31:25,2026-08-05T21:31:29
ID000008,Aishwarya-Rai,01.jpg,Real,Yes,Yes,Yes,Yes,,,Yes,2026-08-05T21:31:31,2026-08-05T21:31:35
ID000008,Aishwarya-Rai,02.jpg,Real,Yes,Yes,Yes,Yes,,,Yes,2026-08-05T21:31:35,2026-08-05T21:31:39
ID000008,Aishwarya-Rai,01.jpg,Fake,Yes,,Yes,Yes,Yes,,Yes,2026-08-05T21:31:40,2026-08-05T21:31:45
ID000008,Aishwarya-Rai,02.jpg,Fake,Yes,,Yes,Yes,Yes,,No,2026-08-05T21:31:45,2026-08-05T21:31:51
ID000008,Aishwarya-Rai,03.jpg,Fake,Yes,,Yes,Yes,Yes,,Yes,2026-08-05T21:31:51,2026-08-05T21:31:55
ID000008,Aishwarya-Rai,04.jpg,Fake,Yes,,Yes,Yes,Yes,,No,2026-08-05T21:31:55,2026-08-05T21:32:08
ID000008,Aishwarya-Rai,05.png,Fake,Yes,,Yes,Yes,Yes,,Yes,2026-08-05T21:32:08,2026-08-05T21:32:18
ID000189,Johnny-Knoxville,01.jpg,Real,Yes,Yes,Yes,Yes,,,Yes,2026-08-05T21:32:33,2026-08-05T21:32:55
ID000189,Johnny-Knoxville,02.jpg,Real,Yes,Yes,Yes,Yes,,,Yes,2026-08-05T21:32:55,2026-08-05T21:33:01
ID000189,Johnny-Knoxville,01.jpg,Fake,No,,Yes,Yes,Yes,,No,2026-08-05T21:33:02,2026-08-05T21:33:15
ID000266,Mina,01.jpg,Real,Yes,Yes,Yes,Yes,,,Yes,2026-08-05T21:33:16,2026-08-05T21:33:20
ID000266,Mina,02.jpg,Real,Yes,Yes,Yes,Yes,,,Yes,2026-08-05T21:33:20,2026-08-05T21:33:24
ID000266,Mina,01.jpg,Fake,No,,Yes,Yes,Yes,,No,2026-08-05T21:33:25,2026-08-05T21:33:30
ID000266,Mina,02.jpg,Fake,No,,Yes,Yes,Yes,,No,2026-08-05T21:33:30,2026-08-05T21:33:34
ID000266,Mina,03.jpg,Fake,No,,Yes,Yes,Yes,,No,2026-08-05T21:33:34,2026-08-05T21:33:40
ID000138,Helen-Mirren,01.jpg,Real,Yes,Yes,Yes,Yes,,,Yes,2026-08-05T21:33:41,2026-08-05T21:33:45
ID000138,Helen-Mirren,02.jpg,Real,Yes,Yes,Yes,Yes,,,Yes,2026-08-05T21:33:46,2026-08-05T21:33:51
ID000138,Helen-Mirren,01.jpg,Fake,Yes,,Yes,Yes,Yes,,Yes,2026-08-05T21:33:53,2026-08-05T21:34:11
ID000138,Helen-Mirren,02.jpg,Fake,Yes,,Yes,Yes,Yes,,Yes,2026-08-05T21:34:11,2026-08-05T21:34:15
ID000138,Helen-Mirren,04.jpg,Fake,Yes,,Yes,Yes,Yes,,No,2026-08-05T21:34:15,2026-08-05T21:34:22
ID000138,Helen-Mirren,05.jpg,Fake,Yes,,Yes,Yes,Yes,,Yes,2026-08-05T21:34:22,2026-08-05T21:34:25
ID000282,Nicky-Campbell,01.jpg,Real,No,Yes,Yes,Yes,,,No,2026-08-05T21:34:31,2026-08-05T21:34:54
ID000282,Nicky-Campbell,02.jpg,Real,No,Yes,Yes,Yes,,,No,2026-08-05T21:34:54,2026-08-05T21:35:05
ID000282,Nicky-Campbell,03.jpg,Real,Yes,Yes,Yes,Yes,,,Yes,2026-08-05T21:35:05,2026-08-05T21:35:12
ID000282,Nicky-Campbell,01.jpg,Fake,No,,Yes,Yes,No,,No,2026-08-05T21:35:13,2026-08-05T21:35:28
ID000282,Nicky-Campbell,02.jpg,Fake,No,,Yes,Yes,Yes,,No,2026-08-05T21:35:28,2026-08-05T21:35:37
ID000282,Nicky-Campbell,03.jpg,Fake,No,,Yes,Yes,No,,No,2026-08-05T21:35:37,2026-08-05T21:35:45
ID000360,Vera-Farmiga,01.jpg,Real,Yes,Yes,Yes,Yes,,,Yes,2026-08-05T21:35:46,2026-08-05T21:35:56
ID000360,Vera-Farmiga,02.jpg,Real,Yes,Yes,Yes,Yes,,,Yes,2026-08-05T21:35:56,2026-08-05T21:36:00
ID000360,Vera-Farmiga,01.jpg,Fake,Yes,,Yes,Yes,Yes,,Yes,2026-08-05T21:36:01,2026-08-05T21:36:07
ID000360,Vera-Farmiga,02.jpg,Fake,Yes,,Yes,Yes,No,,Yes,2026-08-05T21:36:07,2026-08-05T21:36:14
ID000026,Anthony-Edwards,01.png,Real,Yes,Yes,Yes,Yes,,,Yes,2026-08-05T21:36:15,2026-08-05T21:36:21
ID000026,Anthony-Edwards,02.jpg,Real,Yes,Yes,Yes,Yes,,,Yes,2026-08-05T21:36:21,2026-08-05T21:36:25
ID000026,Anthony-Edwards,01.jpg,Fake,Yes,,Yes,Yes,Yes,,Yes,2026-08-05T21:36:27,2026-08-05T21:36:31
ID000026,Anthony-Edwards,02.jpg,Fake,No,,Yes,Yes,No,,No,2026-08-05T21:36:39,2026-08-05T21:36:44
ID000312,Romain-Duris,01.jpg,Real,Yes,Yes,Yes,Yes,,,Yes,2026-08-05T21:36:44,2026-08-05T21:36:52
ID000312,Romain-Duris,02.jpg,Real,Yes,Yes,Yes,Yes,,,Yes,2026-08-05T21:36:52,2026-08-05T21:36:56
ID000312,Romain-Duris,01.jpg,Fake,No,,Yes,Yes,No,,No,2026-08-05T21:36:57,2026-08-05T21:37:16
ID000312,Romain-Duris,02.jpg,Fake,No,,No,Yes,No,,No,2026-08-05T21:37:16,2026-08-05T21:37:25
ID000357,Tom-Hardy,01.jpg,Real,Yes,Yes,Yes,Yes,,,Yes,2026-08-05T21:37:26,2026-08-05T21:37:30
ID000357,Tom-Hardy,01.jpg,Fake,Yes,,Yes,Yes,Yes,,Yes,2026-08-05T21:37:31,2026-08-05T21:37:38
ID000357,Tom-Hardy,02.jpg,Fake,Yes,,Yes,Yes,Yes,,Yes,2026-08-05T21:37:38,2026-08-05T21:37:42
ID000357,Tom-Hardy,03.jpg,Fake,No,,Yes,Yes,Yes,,No,2026-08-05T21:37:42,2026-08-05T21:37:47
ID000357,Tom-Hardy,04.jpg,Fake,No,,Yes,Yes,No,,No,2026-08-05T21:37:47,2026-08-05T21:37:55
ID000357,Tom-Hardy,05.jpg,Fake,No,,Yes,Yes,Yes,,No,2026-08-05T21:37:55,2026-08-05T21:38:03
ID000240,Maria-Corina-Machado,01.jpg,Real,Yes,Yes,Yes,Yes,,,Yes,2026-08-05T21:38:05,2026-08-05T21:57:41
ID000240,Maria-Corina-Machado,01.jpg,Fake,No,,Yes,Yes,Yes,,No,2026-08-05T21:57:43,2026-08-05T21:57:48
ID000240,Maria-Corina-Machado,02.jpg,Fake,No,,Yes,Yes,Yes,,No,2026-08-05T21:57:48,2026-08-05T21:57:52
ID000287,Olivia-Rodrigo,01.jpg,Real,Yes,Yes,Yes,Yes,,,Yes,2026-08-05T21:58:09,2026-08-05T21:58:10
ID000287,Olivia-Rodrigo,02.jpg,Real,Yes,Yes,Yes,Yes,,,Yes,2026-08-05T21:58:10,2026-08-05T21:58:14
ID000287,Olivia-Rodrigo,01 (2).jpg,Fake,No,,Yes,Yes,Yes,,No,2026-08-05T21:58:15,2026-08-05T21:58:20
ID000287,Olivia-Rodrigo,01.jpg,Fake,No,,Yes,Yes,Yes,,No,2026-08-05T21:58:20,2026-08-05T21:58:23
ID000287,Olivia-Rodrigo,02.jpg,Fake,Yes,,Yes,Yes,Yes,,Yes,2026-08-05T21:58:24,2026-08-05T21:58:32
ID000287,Olivia-Rodrigo,03.jpg,Fake,Yes,,Yes,Yes,Yes,,Yes,2026-08-05T21:58:32,2026-08-05T21:58:37
ID000287,Olivia-Rodrigo,04.png,Fake,Yes,,Yes,Yes,Yes,,Yes,2026-08-05T21:58:37,2026-08-05T21:58:42
ID000332,Shia-LaBeouf,01.jpg,Real,Yes,Yes,Yes,Yes,,,Yes,2026-08-05T21:58:44,2026-08-05T21:58:47
ID000332,Shia-LaBeouf,02.jpg,Real,Yes,Yes,Yes,Yes,,,Yes,2026-08-05T21:58:47,2026-08-05T21:58:51
ID000332,Shia-LaBeouf,03.jpg,Real,Yes,Yes,Yes,Yes,,,Yes,2026-08-05T21:58:51,2026-08-05T21:58:55
ID000332,Shia-LaBeouf,01.jpg,Fake,No,,No,Yes,Yes,,No,2026-08-05T21:58:57,2026-08-05T21:59:09
ID000332,Shia-LaBeouf,02.jpg,Fake,No,,Yes,Yes,No,,No,2026-08-05T21:59:09,2026-08-05T21:59:15
ID000274,Naomi-Watts,01.jpg,Real,Yes,Yes,Yes,Yes,,,Yes,2026-08-05T21:59:17,2026-08-05T21:59:23
ID000274,Naomi-Watts,01.jpg,Fake,No,,Yes,Yes,Yes,,No,2026-08-05T21:59:24,2026-08-05T21:59:28
ID000187,John-Wayne,01.jpg,Real,Yes,Yes,Yes,Yes,,,Yes,2026-08-05T21:59:30,2026-08-05T21:59:49
ID000187,John-Wayne,02.jpg,Real,Yes,Yes,Yes,Yes,,,Yes,2026-08-05T21:59:49,2026-08-05T21:59:52
ID000187,John-Wayne,03.jpg,Real,Yes,Yes,Yes,Yes,,,Yes,2026-08-05T21:59:53,2026-08-05T22:00:05
ID000187,John-Wayne,01.jpg,Fake,Yes,,Yes,Yes,Yes,,Yes,2026-08-05T22:00:06,2026-08-05T22:00:14
ID000187,John-Wayne,02.jpg,Fake,No,,Yes,Yes,Yes,,No,2026-08-05T22:00:14,2026-08-05T22:00:18
ID000187,John-Wayne,03.jpg,Fake,No,,Yes,Yes,Yes,,No,2026-08-05T22:00:19,2026-08-05T22:00:28
ID000187,John-Wayne,04.jpg,Fake,Yes,,Yes,Yes,Yes,,Yes,2026-08-05T22:00:28,2026-08-05T22:00:32
ID000067,Charlton-Heston,01.jpg,Real,Yes,Yes,Yes,Yes,,,Yes,2026-08-05T22:00:33,2026-08-05T22:00:37
ID000067,Charlton-Heston,02.jpg,Real,Yes,Yes,Yes,Yes,,,Yes,2026-08-05T22:00:37,2026-08-05T22:00:41
ID000067,Charlton-Heston,01.jpg,Fake,Yes,,Yes,Yes,Yes,,Yes,2026-08-05T22:00:43,2026-08-05T22:00:46
ID000067,Charlton-Heston,02.jpg,Fake,No,,Yes,Yes,Yes,,No,2026-08-05T22:00:47,2026-08-05T22:00:50
ID000067,Charlton-Heston,03.jpg,Fake,No,,Yes,Yes,Yes,,No,2026-08-05T22:00:50,2026-08-05T22:00:54
ID000067,Charlton-Heston,04.jpg,Fake,Yes,,Yes,Yes,Yes,,Yes,2026-08-05T22:00:54,2026-08-05T22:01:05
ID000067,Charlton-Heston,05.jpg,Fake,No,,Yes,Yes,Yes,,No,2026-08-05T22:01:05,2026-08-05T22:01:09
ID000067,Charlton-Heston,06.png,Fake,No,,Yes,Yes,Yes,,No,2026-08-05T22:01:09,2026-08-05T22:01:15
ID000067,Charlton-Heston,07.png,Fake,No,,Yes,Yes,No,,No,2026-08-05T22:01:15,2026-08-05T22:01:21
ID000067,Charlton-Heston,08.png,Fake,No,,Yes,Yes,No,,No,2026-08-05T22:01:21,2026-08-05T22:01:25
ID000145,IU,01.jpg,Real,Yes,Yes,Yes,Yes,,,Yes,2026-08-05T22:01:27,2026-08-05T22:01:31
ID000145,IU,01.jpg,Fake,Yes,,Yes,Yes,Yes,,Yes,2026-08-05T22:01:32,2026-08-05T22:01:37
ID000145,IU,02.jpg,Fake,No,,Yes,Yes,Yes,,No,2026-08-05T22:01:37,2026-08-05T22:01:44
ID000145,IU,03.jpg,Fake,Yes,,Yes,Yes,Yes,,Yes,2026-08-05T22:01:44,2026-08-05T22:01:49
ID000145,IU,04.jpg,Fake,Yes,,Yes,Yes,Yes,,Yes,2026-08-05T22:01:49,2026-08-05T22:01:54
ID000384,kriti-sanon,01.jpg,Real,Yes,Yes,Yes,Yes,,,Yes,2026-08-05T22:01:56,2026-08-05T22:02:00
ID000384,kriti-sanon,01.jpg,Fake,Yes,,Yes,Yes,Yes,,Yes,2026-08-05T22:02:02,2026-08-05T22:02:23
ID000384,kriti-sanon,02.jpg,Fake,No,,Yes,Yes,Yes,,No,2026-08-05T22:02:23,2026-08-05T22:02:27
ID000151,Ioan-Gruffudd,01.jpg,Real,Yes,Yes,Yes,Yes,,,Yes,2026-08-05T22:02:28,2026-08-05T22:02:32
ID000151,Ioan-Gruffudd,02.jpg,Real,Yes,Yes,Yes,Yes,,,Yes,2026-08-05T22:02:32,2026-08-05T22:02:35
ID000151,Ioan-Gruffudd,01.jpg,Fake,No,,Yes,Yes,Yes,,No,2026-08-05T22:02:36,2026-08-05T22:02:40
ID000151,Ioan-Gruffudd,02.jpg,Fake,Yes,,Yes,Yes,Yes,,Yes,2026-08-05T22:02:40,2026-08-05T22:02:45
ID000390,riya-ulan,01 (2).png,Real,Yes,Yes,Yes,Yes,,,Yes,2026-08-05T22:02:46,2026-08-05T22:02:51
ID000390,riya-ulan,01.png,Fake,Yes,,Yes,Yes,Yes,,Yes,2026-08-05T22:02:52,2026-08-05T22:03:03
ID000390,riya-ulan,120.png,Fake,Yes,,Yes,No,Yes,,No,2026-08-05T22:03:03,2026-08-05T22:03:11
ID000069,Chlo-Grace-Moretz,01.jpg,Real,Yes,Yes,Yes,Yes,,,Yes,2026-08-05T22:03:13,2026-08-05T22:03:19
ID000069,Chlo-Grace-Moretz,02.jpg,Real,Yes,Yes,Yes,Yes,,,Yes,2026-08-05T22:03:19,2026-08-05T22:03:23
ID000069,Chlo-Grace-Moretz,03.jpg,Real,Yes,Yes,Yes,Yes,,,Yes,2026-08-05T22:03:23,2026-08-05T22:03:31
ID000069,Chlo-Grace-Moretz,01.jpg,Fake,Yes,,Yes,Yes,Yes,,Yes,2026-08-05T22:03:33,2026-08-05T22:03:38
ID000069,Chlo-Grace-Moretz,02.jpg,Fake,No,,Yes,Yes,No,,No,2026-08-05T22:03:38,2026-08-05T22:03:43
ID000069,Chlo-Grace-Moretz,03.jpg,Fake,Yes,,Yes,Yes,No,,Yes,2026-08-05T22:03:44,2026-08-05T22:03:48
ID000069,Chlo-Grace-Moretz,04.jpg,Fake,No,,Yes,Yes,No,,No,2026-08-05T22:03:58,2026-08-05T22:04:11
ID000069,Chlo-Grace-Moretz,05.jpg,Fake,No,,Yes,Yes,Yes,,No,2026-08-05T22:04:11,2026-08-05T22:04:16
ID000069,Chlo-Grace-Moretz,06.jpg,Fake,Yes,,Yes,Yes,Yes,,Yes,2026-08-05T22:04:16,2026-08-05T22:04:21
ID000071,Chris-Tucker,01.jpg,Real,Yes,Yes,Yes,Yes,,,Yes,2026-08-05T22:04:23,2026-08-05T22:04:27
ID000071,Chris-Tucker,01.jpg,Fake,No,,Yes,Yes,No,,No,2026-08-05T22:04:28,2026-08-05T22:04:40
ID000071,Chris-Tucker,02.jpg,Fake,No,,Yes,Yes,Yes,,No,2026-08-05T22:04:40,2026-08-05T22:04:46
ID000152,Iqra-Kanwal,01.jpg,Real,Yes,Yes,Yes,Yes,,,Yes,2026-08-05T22:04:47,2026-08-05T22:04:57
ID000152,Iqra-Kanwal,02.jpg,Real,Yes,Yes,Yes,Yes,,,Yes,2026-08-05T22:04:57,2026-08-05T22:05:00
ID000152,Iqra-Kanwal,04.png,Fake,Yes,,Yes,Yes,No,,Yes,2026-08-05T22:05:01,2026-08-05T22:05:09
ID000367,Will-Smith,01.jpg,Real,Yes,Yes,Yes,Yes,,,Yes,2026-08-05T22:05:11,2026-08-05T22:05:15
ID000367,Will-Smith,02.jpg,Real,Yes,Yes,Yes,Yes,,,Yes,2026-08-05T22:05:15,2026-08-05T22:05:20
ID000367,Will-Smith,03.jpg,Real,Yes,Yes,Yes,Yes,,,Yes,2026-08-05T22:05:20,2026-08-05T22:05:24
ID000367,Will-Smith,01.jpg,Fake,Yes,,Yes,Yes,No,,Yes,2026-08-05T22:05:26,2026-08-05T22:05:39
ID000367,Will-Smith,02.jpg,Fake,Yes,,Yes,Yes,Yes,,No,2026-08-05T22:05:39,2026-08-05T22:05:45
ID000367,Will-Smith,03.jpg,Fake,Yes,,Yes,Yes,No,,Yes,2026-08-05T22:05:46,2026-08-05T22:05:50
ID000367,Will-Smith,04.jpg,Fake,Yes,,Yes,Yes,No,,Yes,2026-08-05T22:05:50,2026-08-05T22:05:58
ID000183,John-Leguizamo,01.jpg,Real,Yes,Yes,Yes,Yes,,,Yes,2026-08-05T22:06:04,2026-08-05T22:06:08
ID000183,John-Leguizamo,02.jpg,Real,Yes,Yes,Yes,Yes,,,Yes,2026-08-05T22:06:08,2026-08-05T22:06:12
ID000183,John-Leguizamo,01.jpg,Fake,No,,Yes,Yes,Yes,,No,2026-08-05T22:06:14,2026-08-05T22:06:22
ID000183,John-Leguizamo,02.jpg,Fake,No,,Yes,Yes,Yes,,No,2026-08-05T22:06:22,2026-08-05T22:06:26
ID000340,Steve-Zahn,01.jpg,Real,Yes,Yes,Yes,Yes,,,Yes,2026-08-05T22:06:28,2026-08-05T22:06:32
ID000340,Steve-Zahn,02.jpg,Real,Yes,Yes,Yes,Yes,,,Yes,2026-08-05T22:06:32,2026-08-05T22:06:36
ID000340,Steve-Zahn,01.jpg,Fake,No,,Yes,Yes,Yes,,No,2026-08-05T22:06:37,2026-08-05T22:06:42
ID000223,Laura-Wolvaardt,01.png,Real,Yes,Yes,Yes,Yes,,,Yes,2026-08-05T22:06:43,2026-08-05T22:06:49
ID000223,Laura-Wolvaardt,02.png,Real,Yes,Yes,Yes,Yes,,,Yes,2026-08-05T22:06:49,2026-08-05T22:06:53
ID000223,Laura-Wolvaardt,03.jpg,Real,Yes,Yes,Yes,Yes,,,Yes,2026-08-05T22:06:53,2026-08-05T22:06:59
ID000223,Laura-Wolvaardt,01.jpg,Fake,No,,Yes,Yes,No,,No,2026-08-05T22:07:00,2026-08-05T22:07:05
ID000223,Laura-Wolvaardt,730732270_2118144989085113_1710785244193473374_n.jpg,Fake,Yes,,Yes,Yes,Yes,,Yes,2026-08-05T22:07:05,2026-08-05T22:07:19
ID000223,Laura-Wolvaardt,images (1).jpg,Fake,Yes,,Yes,Yes,No,,Yes,2026-08-05T22:07:19,2026-08-05T22:07:26
ID000223,Laura-Wolvaardt,images.jpg,Fake,Yes,,Yes,Yes,Yes,,Yes,2026-08-05T22:07:27,2026-08-05T22:07:31
ID000083,David-Arquette,01.jpg,Real,Yes,Yes,Yes,Yes,,,Yes,2026-08-05T22:07:33,2026-08-05T22:07:37
ID000083,David-Arquette,01.jpg,Fake,No,,Yes,Yes,Yes,,No,2026-08-05T22:07:39,2026-08-05T22:07:42
ID000083,David-Arquette,02.jpg,Fake,No,,Yes,Yes,Yes,,No,2026-08-05T22:07:42,2026-08-05T22:07:46
ID000083,David-Arquette,03.jpg,Fake,No,,Yes,Yes,Yes,,No,2026-08-05T22:07:46,2026-08-05T22:07:50
ID000075,Christopher-Nolan,01.jpg,Real,Yes,Yes,Yes,Yes,,,Yes,2026-08-05T22:07:52,2026-08-05T22:07:57
ID000075,Christopher-Nolan,02.jpg,Real,Yes,Yes,Yes,Yes,,,Yes,2026-08-05T22:07:57,2026-08-05T22:08:01
ID000075,Christopher-Nolan,03.jpg,Real,Yes,Yes,Yes,No,,,No,2026-08-05T22:08:02,2026-08-05T22:08:09
ID000075,Christopher-Nolan,01.jpg,Fake,No,,Yes,Yes,Yes,,No,2026-08-05T22:08:10,2026-08-05T22:08:23
ID000075,Christopher-Nolan,02.jpg,Fake,Yes,,Yes,Yes,Yes,,Yes,2026-08-05T22:08:23,2026-08-05T22:08:28
ID000075,Christopher-Nolan,03.jpg,Fake,No,,Yes,Yes,Yes,,No,2026-08-05T22:08:29,2026-08-05T22:08:35
ID000191,Jonah-Hill,01.jpg,Real,Yes,Yes,Yes,Yes,,,Yes,2026-08-05T22:08:36,2026-08-05T22:08:41
ID000191,Jonah-Hill,02.jpg,Real,Yes,Yes,Yes,Yes,,,Yes,2026-08-05T22:08:42,2026-08-05T22:08:46
ID000191,Jonah-Hill,03.jpg,Real,Yes,Yes,Yes,Yes,,,Yes,2026-08-05T22:08:46,2026-08-05T22:08:54
ID000191,Jonah-Hill,01.png,Fake,No,,Yes,Yes,No,,No,2026-08-05T22:08:56,2026-08-05T22:09:07
ID000101,Emma-Roberts,01.jpg,Real,Yes,Yes,Yes,Yes,,,Yes,2026-08-05T22:09:08,2026-08-05T22:09:15
ID000101,Emma-Roberts,02.jpg,Real,Yes,Yes,Yes,Yes,,,Yes,2026-08-05T22:09:15,2026-08-05T22:09:19
ID000101,Emma-Roberts,01.jpg,Fake,Yes,,Yes,Yes,Yes,,Yes,2026-08-05T22:09:20,2026-08-05T22:09:27
ID000101,Emma-Roberts,02.jpg,Fake,No,,Yes,Yes,Yes,,No,2026-08-05T22:09:27,2026-08-05T22:09:53
ID000101,Emma-Roberts,04.jpg,Fake,Yes,,Yes,Yes,No,,Yes,2026-08-05T22:09:53,2026-08-05T22:10:08
ID000101,Emma-Roberts,05.jpg,Fake,Yes,,Yes,No,No,,No,2026-08-05T22:10:08,2026-08-05T22:10:14
ID000017,Amber-Heard,01.jpg,Real,Yes,Yes,Yes,Yes,,,Yes,2026-08-05T22:10:16,2026-08-05T22:10:23
ID000017,Amber-Heard,01.jpg,Fake,Yes,,Yes,No,Yes,,No,2026-08-05T22:10:24,2026-08-05T22:10:33
ID000017,Amber-Heard,02.jpg,Fake,Yes,,Yes,Yes,Yes,,Yes,2026-08-05T22:10:33,2026-08-05T22:10:38
ID000017,Amber-Heard,03.jpg,Fake,No,,Yes,Yes,Yes,,No,2026-08-05T22:10:38,2026-08-05T22:10:46
ID000017,Amber-Heard,04.jpg,Fake,No,,No,No,Yes,,No,2026-08-05T22:10:46,2026-08-05T22:10:53
ID000229,Link-Neal,01.jpg,Real,Yes,Yes,Yes,Yes,,,Yes,2026-08-05T22:10:55,2026-08-05T22:10:59
ID000229,Link-Neal,02.jpg,Real,Yes,Yes,Yes,Yes,,,Yes,2026-08-05T22:10:59,2026-08-05T22:11:04
ID000229,Link-Neal,01.jpg,Fake,No,,No,Yes,No,,No,2026-08-05T22:11:05,2026-08-05T22:11:16
ID000035,Audrey-Tautou,01.jpg,Real,Yes,Yes,Yes,Yes,,,Yes,2026-08-05T22:11:17,2026-08-05T22:11:21
ID000035,Audrey-Tautou,02.jpg,Real,Yes,Yes,Yes,Yes,,,Yes,2026-08-05T22:11:21,2026-08-05T22:17:16
ID000035,Audrey-Tautou,01.jpg,Fake,Yes,,Yes,Yes,Yes,,Yes,2026-08-05T22:17:17,2026-08-05T22:17:24
ID000035,Audrey-Tautou,02.jpg,Fake,No,,Yes,Yes,Yes,,No,2026-08-05T22:17:24,2026-08-05T22:17:28
ID000035,Audrey-Tautou,03.jpg,Fake,Yes,,Yes,Yes,Yes,,Yes,2026-08-05T22:17:28,2026-08-05T22:17:33
ID000397,Álvaro-Morte,01.jpg,Real,Yes,Yes,Yes,Yes,,,Yes,2026-08-05T22:17:36,2026-08-05T22:17:41
ID000397,Álvaro-Morte,02.jpg,Real,Yes,Yes,Yes,Yes,,,Yes,2026-08-05T22:17:41,2026-08-05T22:17:45
ID000397,Álvaro-Morte,03.jpg,Real,Yes,Yes,Yes,Yes,,,Yes,2026-08-05T22:17:45,2026-08-05T22:17:55
ID000397,Álvaro-Morte,01.png,Fake,Yes,,Yes,Yes,No,,Yes,2026-08-05T22:17:57,2026-08-05T22:18:05
ID000397,Álvaro-Morte,02.png,Fake,Yes,,Yes,Yes,Yes,,Yes,2026-08-05T22:18:05,2026-08-05T22:18:10
ID000134,Hannah-Stocking,01.png,Real,Yes,Yes,Yes,Yes,,,Yes,2026-08-05T22:18:11,2026-08-05T22:18:15
ID000134,Hannah-Stocking,02.jpg,Real,Yes,Yes,Yes,Yes,,,Yes,2026-08-05T22:18:16,2026-08-05T22:18:19
ID000134,Hannah-Stocking,01.jpg,Fake,No,,Yes,Yes,No,,No,2026-08-05T22:18:21,2026-08-05T22:18:27
ID000134,Hannah-Stocking,02.jpg,Fake,No,,No,No,Yes,,No,2026-08-05T22:18:27,2026-08-05T22:18:42
ID000134,Hannah-Stocking,03.jpg,Fake,Yes,,Yes,Yes,Yes,,Yes,2026-08-05T22:18:42,2026-08-05T22:18:49
ID000134,Hannah-Stocking,04.jpg,Fake,No,,Yes,Yes,Yes,,No,2026-08-05T22:18:49,2026-08-05T22:18:54
ID000228,Lindsay-Lohan,01.jpg,Real,Yes,Yes,Yes,Yes,,,Yes,2026-08-05T22:18:57,2026-08-05T22:19:03
ID000228,Lindsay-Lohan,02.jpg,Real,Yes,Yes,Yes,Yes,,,Yes,2026-08-05T22:19:04,2026-08-05T22:19:10
ID000228,Lindsay-Lohan,01.jpg,Fake,Yes,,Yes,Yes,Yes,,Yes,2026-08-05T22:19:11,2026-08-05T22:19:17
ID000228,Lindsay-Lohan,04.jpg,Fake,No,,Yes,Yes,Yes,,No,2026-08-05T22:19:17,2026-08-05T22:19:22
ID000228,Lindsay-Lohan,05.jpg,Fake,No,,Yes,No,Yes,,No,2026-08-05T22:19:22,2026-08-05T22:19:31
ID000050,Blair-Parry-Okeden,01.jpg,Real,No,No,Yes,Yes,,,No,2026-08-05T22:21:55,2026-08-05T22:21:59
ID000050,Blair-Parry-Okeden,02.jpg,Real,No,Yes,Yes,No,,,No,2026-08-05T22:21:59,2026-08-05T22:22:06
ID000050,Blair-Parry-Okeden,01.jpg,Fake,No,,Yes,Yes,Yes,,No,2026-08-05T22:22:07,2026-08-05T22:22:13
ID000050,Blair-Parry-Okeden,02.jpg,Fake,No,,Yes,Yes,Yes,,No,2026-08-05T22:22:13,2026-08-05T22:22:17
ID000050,Blair-Parry-Okeden,03.jpg,Fake,No,,Yes,Yes,Yes,,No,2026-08-05T22:22:17,2026-08-05T22:22:21
ID000297,Pope-Francis,01.jpg,Real,Yes,Yes,Yes,Yes,,,Yes,2026-08-05T22:22:22,2026-08-05T22:22:26
ID000297,Pope-Francis,01.jpg,Fake,Yes,,Yes,Yes,Yes,,Yes,2026-08-05T22:22:26,2026-08-05T22:22:35
ID000297,Pope-Francis,02.png,Fake,Yes,,Yes,Yes,Yes,,No,2026-08-05T22:22:35,2026-08-05T22:22:43
ID000297,Pope-Francis,04.jpg,Fake,Yes,,Yes,Yes,Yes,,Yes,2026-08-05T22:22:43,2026-08-05T22:22:55
ID000155,Jack-Lemmon,01.jpg,Real,Yes,Yes,Yes,Yes,,,Yes,2026-08-05T22:22:59,2026-08-05T22:23:04
ID000155,Jack-Lemmon,02.jpg,Real,Yes,Yes,Yes,Yes,,,Yes,2026-08-05T22:23:04,2026-08-05T22:23:09
ID000155,Jack-Lemmon,03.jpg,Real,Yes,Yes,Yes,Yes,,,Yes,2026-08-05T22:23:09,2026-08-05T22:23:14
ID000155,Jack-Lemmon,01.jpg,Fake,No,,Yes,Yes,Yes,,No,2026-08-05T22:23:15,2026-08-05T22:23:20
ID000155,Jack-Lemmon,02.png,Fake,Yes,,Yes,Yes,Yes,,Yes,2026-08-05T22:23:20,2026-08-05T22:23:29
ID000155,Jack-Lemmon,03.png,Fake,No,,Yes,Yes,Yes,,No,2026-08-05T22:23:29,2026-08-05T22:26:21
ID000394,taylor-swift,01.png,Real,Yes,Yes,Yes,Yes,,,Yes,2026-08-05T22:26:22,2026-08-05T22:26:27
ID000394,taylor-swift,02.jpg,Real,Yes,Yes,Yes,Yes,,,Yes,2026-08-05T22:26:27,2026-08-05T22:26:31
ID000394,taylor-swift,01.jpg,Fake,Yes,,Yes,No,Yes,,No,2026-08-05T22:26:32,2026-08-05T22:26:39
ID000394,taylor-swift,02.png,Fake,Yes,,Yes,No,No,,No,2026-08-05T22:26:39,2026-08-05T22:26:47
ID000346,Taeyeon,01.jpg,Real,Yes,Yes,Yes,Yes,,,Yes,2026-08-05T22:26:48,2026-08-05T22:26:52
ID000346,Taeyeon,01.jpg,Fake,No,,Yes,Yes,Yes,,No,2026-08-05T22:26:52,2026-08-05T22:27:16
ID000346,Taeyeon,02.jpg,Fake,Yes,,Yes,No,Yes,,No,2026-08-05T22:27:16,2026-08-05T22:27:28
ID000346,Taeyeon,03.jpg,Fake,Yes,,Yes,Yes,Yes,,Yes,2026-08-05T22:27:28,2026-08-05T22:27:32
ID000346,Taeyeon,04.jpg,Fake,No,,Yes,Yes,No,,No,2026-08-05T22:27:32,2026-08-05T22:27:39
ID000346,Taeyeon,05.jpg,Fake,No,,Yes,Yes,Yes,,No,2026-08-05T22:27:39,2026-08-05T22:27:48
ID000346,Taeyeon,06.png,Fake,No,,Yes,Yes,No,,No,2026-08-05T22:27:48,2026-08-05T22:27:55
ID000199,Justin-Timberlake,01.jpg,Real,Yes,Yes,Yes,Yes,,,Yes,2026-08-05T22:27:56,2026-08-05T22:28:02
ID000199,Justin-Timberlake,02.png,Real,Yes,Yes,Yes,Yes,,,Yes,2026-08-05T22:28:02,2026-08-05T22:28:08
ID000199,Justin-Timberlake,03.jpg,Real,No,Yes,Yes,Yes,,,No,2026-08-05T22:28:08,2026-08-05T22:28:16
ID000199,Justin-Timberlake,02.jpg,Fake,Yes,,No,Yes,No,,No,2026-08-05T22:28:17,2026-08-05T22:28:26
ID000199,Justin-Timberlake,03.jpg,Fake,No,,Yes,Yes,Yes,,No,2026-08-05T22:28:26,2026-08-05T22:28:31
ID000063,Carlos-Alcaraz,01.jpg,Real,Yes,Yes,Yes,Yes,,,Yes,2026-08-05T22:28:33,2026-08-05T22:28:38
ID000063,Carlos-Alcaraz,02.jpg,Real,Yes,Yes,Yes,Yes,,,Yes,2026-08-05T22:29:22,2026-08-05T22:29:25
ID000063,Carlos-Alcaraz,03.webp,Real,Yes,Yes,No,Yes,,,No,2026-08-05T22:29:25,2026-08-05T22:29:32
ID000063,Carlos-Alcaraz,01.jpg,Fake,No,,Yes,Yes,Yes,,No,2026-08-05T22:29:34,2026-08-05T22:29:40
ID000063,Carlos-Alcaraz,02.jpg,Fake,No,,Yes,Yes,Yes,,No,2026-08-05T22:29:41,2026-08-05T22:29:45
ID000359,V-BTS,01.jpg,Real,Yes,Yes,Yes,Yes,,,Yes,2026-08-05T22:29:46,2026-08-05T22:29:50
ID000359,V-BTS,02.jpg,Real,Yes,Yes,Yes,Yes,,,Yes,2026-08-05T22:29:50,2026-08-05T22:29:54
ID000359,V-BTS,01.jpg,Fake,Yes,,Yes,Yes,Yes,,Yes,2026-08-05T22:29:55,2026-08-05T22:29:59
ID000359,V-BTS,02.jpg,Fake,Yes,,Yes,Yes,Yes,,Yes,2026-08-05T22:30:00,2026-08-05T22:30:03
ID000359,V-BTS,03.jpg,Fake,Yes,,Yes,Yes,Yes,,Yes,2026-08-05T22:30:03,2026-08-05T22:30:07
ID000359,V-BTS,04.png,Fake,Yes,,Yes,No,No,,No,2026-08-05T22:30:07,2026-08-05T22:30:17
ID000215,Kim-Jong-Un,01.jpg,Real,Yes,Yes,Yes,Yes,,,Yes,2026-08-05T22:30:18,2026-08-05T22:30:22
ID000215,Kim-Jong-Un,02.jpg,Real,Yes,Yes,Yes,Yes,,,Yes,2026-08-05T22:30:22,2026-08-05T22:30:26
ID000215,Kim-Jong-Un,03.jpg,Real,Yes,Yes,Yes,Yes,,,Yes,2026-08-05T22:30:26,2026-08-05T22:30:31
ID000215,Kim-Jong-Un,01.jpg,Fake,Yes,,Yes,Yes,Yes,,Yes,2026-08-05T22:30:33,2026-08-05T22:30:36
ID000215,Kim-Jong-Un,02.png,Fake,No,,Yes,No,Yes,,No,2026-08-05T22:30:36,2026-08-05T22:30:53
ID000215,Kim-Jong-Un,03.png,Fake,Yes,,Yes,Yes,No,,Yes,2026-08-05T22:30:53,2026-08-05T22:30:59
ID000215,Kim-Jong-Un,04.jpg,Fake,Yes,,Yes,Yes,Yes,,Yes,2026-08-05T22:30:59,2026-08-05T22:31:03
ID000263,Michelle-Yeoh,01.jpg,Real,Yes,Yes,Yes,Yes,,,Yes,2026-08-05T22:31:06,2026-08-05T22:31:11
ID000263,Michelle-Yeoh,01.jpg,Fake,Yes,,Yes,Yes,Yes,,Yes,2026-08-05T22:31:20,2026-08-05T22:31:26
ID000263,Michelle-Yeoh,02.jpg,Fake,Yes,,Yes,Yes,Yes,,Yes,2026-08-05T22:31:27,2026-08-05T22:31:35
ID000396,virat-kohli,01.jpg,Real,Yes,Yes,Yes,Yes,,,Yes,2026-08-05T22:31:36,2026-08-05T22:31:42
ID000396,virat-kohli,02.webp,Real,Yes,Yes,Yes,Yes,,,Yes,2026-08-05T22:31:42,2026-08-05T22:31:47
ID000396,virat-kohli,01.jpg,Fake,No,,Yes,Yes,Yes,,No,2026-08-05T22:31:49,2026-08-05T22:31:54
ID000396,virat-kohli,02.png,Fake,Yes,,Yes,Yes,Yes,,Yes,2026-08-05T22:31:54,2026-08-05T22:32:17
ID000396,virat-kohli,04.jpg,Fake,Yes,,Yes,No,No,,No,2026-08-05T22:32:17,2026-08-05T22:32:30
ID000141,Hiroyuki-Sanada,01.jpg,Real,Yes,Yes,Yes,Yes,,,Yes,2026-08-05T22:32:32,2026-08-05T22:32:43
ID000141,Hiroyuki-Sanada,02.jpg,Real,Yes,Yes,Yes,No,,,No,2026-08-05T22:32:43,2026-08-05T22:32:49
ID000141,Hiroyuki-Sanada,01.png,Fake,No,,Yes,Yes,Yes,,No,2026-08-05T22:32:50,2026-08-05T22:32:56
ID000141,Hiroyuki-Sanada,02.jpg,Fake,Yes,,Yes,Yes,Yes,,Yes,2026-08-05T22:32:57,2026-08-05T22:33:03
ID000001,Aaron-Judge,01.jpg,Real,Yes,Yes,Yes,Yes,,,Yes,2026-08-05T22:33:04,2026-08-05T22:33:09
ID000001,Aaron-Judge,01.jpg,Fake,No,,Yes,Yes,Yes,,No,2026-08-05T22:33:09,2026-08-05T22:33:16
ID000001,Aaron-Judge,02.jpg,Fake,Yes,,Yes,Yes,Yes,,Yes,2026-08-05T22:33:16,2026-08-05T22:33:26
ID000184,John-Malkovich,01.jpg,Real,Yes,Yes,Yes,Yes,,,Yes,2026-08-05T22:33:29,2026-08-05T22:33:39
ID000184,John-Malkovich,02.jpg,Real,Yes,Yes,Yes,Yes,,,Yes,2026-08-05T22:33:39,2026-08-05T22:33:44
ID000184,John-Malkovich,01.png,Fake,No,,Yes,No,Yes,,No,2026-08-05T22:33:45,2026-08-05T22:33:58
ID000184,John-Malkovich,02.jpg,Fake,No,,Yes,Yes,Yes,,No,2026-08-05T22:33:58,2026-08-05T22:34:10
ID000184,John-Malkovich,03.jpg,Fake,No,,Yes,Yes,Yes,,No,2026-08-05T22:34:10,2026-08-05T22:34:19
ID000128,Guy-Pearce,01.jpg,Real,Yes,Yes,Yes,No,,,No,2026-08-05T22:34:20,2026-08-05T22:34:48
ID000128,Guy-Pearce,01.jpg,Fake,No,,Yes,Yes,No,,No,2026-08-05T22:34:50,2026-08-05T22:34:58
ID000128,Guy-Pearce,03.jpg,Fake,No,,Yes,Yes,Yes,,No,2026-08-05T22:34:58,2026-08-05T22:35:03
ID000128,Guy-Pearce,05.jpg,Fake,Yes,,Yes,Yes,Yes,,Yes,2026-08-05T22:35:03,2026-08-05T22:35:10
ID000128,Guy-Pearce,06.png,Fake,No,,Yes,Yes,Yes,,No,2026-08-05T22:35:10,2026-08-05T22:35:15
ID000128,Guy-Pearce,07.png,Fake,No,,Yes,Yes,Yes,,No,2026-08-05T22:35:15,2026-08-05T22:35:19
ID000128,Guy-Pearce,08.png,Fake,No,,Yes,Yes,Yes,,No,2026-08-05T22:35:19,2026-08-05T22:35:22
ID000086,Derrick-Henry,01.png,Real,Yes,Yes,Yes,Yes,,,Yes,2026-08-05T22:35:24,2026-08-05T22:35:41
ID000086,Derrick-Henry,01.jpg,Fake,Yes,,Yes,No,Yes,,No,2026-08-05T22:35:46,2026-08-05T22:36:10
ID000086,Derrick-Henry,02.jpg,Fake,Yes,,Yes,Yes,Yes,,Yes,2026-08-05T22:36:10,2026-08-05T22:36:21
ID000288,Patricia-Arquette,01.jpg,Real,Yes,Yes,Yes,Yes,,,Yes,2026-08-05T22:36:25,2026-08-05T22:36:43
ID000288,Patricia-Arquette,02.jpg,Real,Yes,Yes,Yes,Yes,,,Yes,2026-08-05T22:36:43,2026-08-05T22:37:01
ID000288,Patricia-Arquette,03.jpg,Real,Yes,Yes,Yes,No,,,No,2026-08-05T22:37:02,2026-08-05T22:37:25
ID000288,Patricia-Arquette,01.jpg,Fake,No,,Yes,Yes,Yes,,No,2026-08-05T22:37:28,2026-08-05T22:37:41
ID000288,Patricia-Arquette,02.jpg,Fake,No,,Yes,Yes,Yes,,No,2026-08-05T22:37:41,2026-08-05T22:37:53
ID000288,Patricia-Arquette,03.jpg,Fake,No,,Yes,Yes,Yes,,No,2026-08-05T22:37:54,2026-08-05T22:37:59
ID000288,Patricia-Arquette,04.jpg,Fake,No,,Yes,Yes,Yes,,No,2026-08-05T22:37:59,2026-08-05T22:38:05
ID000136,Harry-Kane,01.jpg,Real,Yes,Yes,Yes,Yes,,,Yes,2026-08-05T22:38:06,2026-08-05T22:38:10
ID000136,Harry-Kane,01.jpg,Fake,Yes,,Yes,Yes,Yes,,Yes,2026-08-05T22:38:11,2026-08-05T22:38:15
ID000136,Harry-Kane,03.png,Fake,Yes,,Yes,Yes,Yes,,Yes,2026-08-05T22:38:15,2026-08-05T22:38:19
ID000136,Harry-Kane,04.png,Fake,Yes,,Yes,Yes,Yes,,Yes,2026-08-05T22:38:19,2026-08-05T22:38:27
ID000333,Shohei-Ohtani,01.jpg,Real,Yes,Yes,Yes,Yes,,,Yes,2026-08-05T22:38:28,2026-08-05T22:38:32
ID000333,Shohei-Ohtani,01.jpg,Fake,No,,Yes,Yes,Yes,,No,2026-08-05T22:38:33,2026-08-05T22:38:39
ID000333,Shohei-Ohtani,02.jpg,Fake,No,,Yes,Yes,Yes,,No,2026-08-05T22:38:39,2026-08-05T22:38:44
ID000333,Shohei-Ohtani,03.jpg,Fake,Yes,,Yes,Yes,Yes,,Yes,2026-08-05T22:38:44,2026-08-05T22:38:49
ID000333,Shohei-Ohtani,04.png,Fake,Yes,,Yes,Yes,No,,Yes,2026-08-05T22:38:49,2026-08-05T22:39:01
ID000003,Abdel-Fattah-el-Sisi,01.jpg,Real,Yes,Yes,Yes,Yes,,,Yes,2026-08-05T22:39:02,2026-08-05T22:39:06
ID000003,Abdel-Fattah-el-Sisi,01.jpg,Fake,No,,Yes,Yes,Yes,,No,2026-08-05T22:39:07,2026-08-05T22:39:12
ID000003,Abdel-Fattah-el-Sisi,02.jpg,Fake,No,,Yes,Yes,Yes,,No,2026-08-05T22:39:12,2026-08-05T22:39:18
ID000003,Abdel-Fattah-el-Sisi,03.jpg,Fake,No,,Yes,Yes,Yes,,No,2026-08-05T22:39:18,2026-08-05T22:39:27
ID000003,Abdel-Fattah-el-Sisi,04.png,Fake,Yes,,Yes,Yes,Yes,,Yes,2026-08-05T22:39:27,2026-08-05T22:39:31
ID000003,Abdel-Fattah-el-Sisi,05.jpg,Fake,No,,Yes,Yes,Yes,,No,2026-08-05T22:39:31,2026-08-05T22:39:36
ID000364,Walt-Disney,01.jpg,Real,Yes,Yes,Yes,Yes,,,Yes,2026-08-05T22:39:38,2026-08-05T22:39:43
ID000364,Walt-Disney,01.png,Fake,Yes,,Yes,Yes,Yes,,Yes,2026-08-05T22:39:44,2026-08-05T22:39:49
ID000364,Walt-Disney,02.jpg,Fake,No,,Yes,Yes,Yes,,No,2026-08-05T22:39:49,2026-08-05T22:39:57
ID000005,Adam-Sandler,01.jpg,Real,Yes,Yes,Yes,Yes,,,Yes,2026-08-05T22:39:58,2026-08-05T22:40:03
ID000005,Adam-Sandler,02.jpg,Real,Yes,Yes,Yes,Yes,,,Yes,2026-08-05T22:40:04,2026-08-05T22:40:15
ID000005,Adam-Sandler,01.jpg,Fake,No,,Yes,Yes,Yes,,No,2026-08-05T22:40:17,2026-08-05T22:40:22
ID000005,Adam-Sandler,03.jpg,Fake,Yes,,Yes,Yes,Yes,,Yes,2026-08-05T22:40:22,2026-08-05T22:40:34
ID000005,Adam-Sandler,04.jpg,Fake,No,,Yes,No,Yes,,No,2026-08-05T22:40:34,2026-08-05T22:40:41
ID000306,Robert-Duvall,01.jpg,Real,Yes,Yes,Yes,Yes,,,Yes,2026-08-05T22:40:42,2026-08-05T22:40:45
ID000306,Robert-Duvall,01.jpg,Fake,No,,No,Yes,Yes,,No,2026-08-05T22:40:49,2026-08-05T22:40:58
ID000289,Patrick-Stewart,01.jpg,Real,Yes,Yes,Yes,Yes,,,Yes,2026-08-05T22:41:00,2026-08-05T22:41:06
ID000289,Patrick-Stewart,02.jpg,Real,Yes,Yes,Yes,Yes,,,Yes,2026-08-05T22:41:06,2026-08-05T22:41:09
ID000289,Patrick-Stewart,01.jpg,Fake,Yes,,Yes,No,Yes,,No,2026-08-05T22:41:10,2026-08-05T22:41:18
ID000289,Patrick-Stewart,02.jpg,Fake,Yes,,Yes,No,Yes,,No,2026-08-05T22:41:18,2026-08-05T22:41:24
ID000289,Patrick-Stewart,03.jpg,Fake,No,,No,No,Yes,,No,2026-08-05T22:41:24,2026-08-05T22:41:32
ID000289,Patrick-Stewart,04.jpg,Fake,Yes,,Yes,Yes,Yes,,Yes,2026-08-05T22:41:32,2026-08-05T22:41:37
ID000307,Robert-Englund,01.jpg,Real,Yes,Yes,Yes,Yes,,,Yes,2026-08-05T22:41:39,2026-08-05T22:42:00
ID000307,Robert-Englund,01.jpg,Fake,No,,No,No,Yes,,No,2026-08-05T22:42:01,2026-08-05T22:42:11
ID000307,Robert-Englund,02.png,Fake,No,,Yes,Yes,Yes,,No,2026-08-05T22:42:11,2026-08-05T22:42:16
ID000039,Bashar-al-Assad,01.jpg,Real,Yes,Yes,Yes,Yes,,,Yes,2026-08-05T22:42:17,2026-08-05T22:42:23
ID000039,Bashar-al-Assad,02.jpg,Real,Yes,Yes,Yes,Yes,,,Yes,2026-08-05T22:42:23,2026-08-05T22:42:29
ID000039,Bashar-al-Assad,01.jpg,Fake,Yes,,Yes,No,Yes,,No,2026-08-05T22:42:31,2026-08-05T22:42:39
ID000039,Bashar-al-Assad,02.jpg,Fake,Yes,,Yes,Yes,Yes,,Yes,2026-08-05T22:42:39,2026-08-05T22:42:53
ID000039,Bashar-al-Assad,03.jpg,Fake,Yes,,Yes,Yes,Yes,,Yes,2026-08-05T22:42:53,2026-08-05T22:43:10
ID000048,Bill-Paxton,01.jpg,Real,Yes,Yes,Yes,Yes,,,Yes,2026-08-05T22:43:11,2026-08-05T22:43:15
ID000048,Bill-Paxton,02.jpg,Real,Yes,Yes,Yes,Yes,,,Yes,2026-08-05T22:43:15,2026-08-05T22:43:20
ID000048,Bill-Paxton,03.jpg,Real,Yes,Yes,Yes,Yes,,,Yes,2026-08-05T22:43:20,2026-08-05T22:43:24
ID000048,Bill-Paxton,01.jpg,Fake,No,,Yes,Yes,No,,No,2026-08-05T22:43:25,2026-08-05T22:43:32
ID000048,Bill-Paxton,02.jpg,Fake,No,,Yes,Yes,Yes,,No,2026-08-05T22:43:32,2026-08-05T22:43:42
ID000217,Kristen-Stewart,01.jpg,Real,Yes,Yes,Yes,Yes,,,Yes,2026-08-05T22:43:44,2026-08-05T22:43:49
ID000217,Kristen-Stewart,02.jpg,Real,Yes,Yes,Yes,Yes,,,Yes,2026-08-05T22:43:49,2026-08-05T22:43:54
ID000217,Kristen-Stewart,01.jpg,Fake,Yes,,Yes,Yes,Yes,,Yes,2026-08-05T22:43:55,2026-08-05T22:43:59
ID000217,Kristen-Stewart,03.jpg,Fake,Yes,,Yes,No,Yes,,No,2026-08-05T22:43:59,2026-08-05T22:44:08
ID000380,dua-lipa,01.jpg,Real,Yes,Yes,Yes,Yes,,,Yes,2026-08-05T22:45:21,2026-08-05T22:45:25
ID000380,dua-lipa,01.jpg,Fake,Yes,,Yes,Yes,Yes,,Yes,2026-08-05T22:45:26,2026-08-05T22:45:31
ID000380,dua-lipa,02.jpg,Fake,No,,Yes,Yes,Yes,,No,2026-08-05T22:45:31,2026-08-05T22:45:39
ID000380,dua-lipa,03.jpg,Fake,No,,Yes,Yes,Yes,,No,2026-08-05T22:45:39,2026-08-05T22:45:44
ID000380,dua-lipa,04.png,Fake,Yes,,Yes,No,Yes,,No,2026-08-05T22:45:44,2026-08-05T22:45:58
ID000045,Benjamin-Netanyahu,01.jpg,Real,Yes,Yes,Yes,Yes,,,Yes,2026-08-05T22:45:59,2026-08-05T22:46:06
ID000045,Benjamin-Netanyahu,02.jpg,Real,Yes,Yes,Yes,Yes,,,Yes,2026-08-05T22:46:06,2026-08-05T22:46:10
ID000045,Benjamin-Netanyahu,03.jpg,Real,Yes,Yes,Yes,Yes,,,Yes,2026-08-05T22:46:10,2026-08-05T22:46:14
ID000045,Benjamin-Netanyahu,01.webp,Fake,Yes,,No,No,Yes,,No,2026-08-05T22:46:15,2026-08-05T22:46:27
ID000045,Benjamin-Netanyahu,02.jpg,Fake,No,,No,No,No,,No,2026-08-05T22:46:27,2026-08-05T22:46:43
ID000045,Benjamin-Netanyahu,03.png,Fake,Yes,,No,No,No,,No,2026-08-05T22:46:43,2026-08-05T22:46:57
ID000045,Benjamin-Netanyahu,04.png,Fake,Yes,,Yes,Yes,Yes,,Yes,2026-08-05T22:46:57,2026-08-05T22:47:16
ID000045,Benjamin-Netanyahu,05.jpg,Fake,Yes,,Yes,Yes,Yes,,Yes,2026-08-05T22:47:17,2026-08-05T22:47:29
ID000247,Marques-Brownlee-MKBHD,01.jpg,Real,Yes,Yes,Yes,Yes,,,Yes,2026-08-05T22:47:31,2026-08-05T22:47:37
ID000247,Marques-Brownlee-MKBHD,02.png,Real,Yes,Yes,Yes,Yes,,,Yes,2026-08-05T22:47:37,2026-08-05T22:47:41
ID000247,Marques-Brownlee-MKBHD,01.jpg,Fake,Yes,,Yes,Yes,Yes,,Yes,2026-08-05T22:47:43,2026-08-05T22:47:57
ID000230,Lionel-Messi,01.jpg,Real,Yes,Yes,Yes,Yes,,,Yes,2026-08-05T22:47:58,2026-08-05T22:48:14
ID000230,Lionel-Messi,02.jpg,Real,Yes,Yes,Yes,Yes,,,Yes,2026-08-05T22:48:15,2026-08-05T22:48:19
ID000230,Lionel-Messi,01.jpg,Fake,No,,Yes,Yes,Yes,,No,2026-08-05T22:48:20,2026-08-05T22:48:28
ID000230,Lionel-Messi,02.jpg,Fake,Yes,,Yes,Yes,Yes,,Yes,2026-08-05T22:48:28,2026-08-05T22:48:32
ID000230,Lionel-Messi,03.jpg,Fake,Yes,,Yes,Yes,Yes,,Yes,2026-08-05T22:48:32,2026-08-05T22:48:37
ID000157,Jack-MA,1.jpg,Real,Yes,Yes,Yes,Yes,,,Yes,2026-08-05T22:48:38,2026-08-05T22:48:42
ID000157,Jack-MA,01.jpg,Fake,Yes,,Yes,No,Yes,,No,2026-08-05T22:48:44,2026-08-05T22:48:51
ID000157,Jack-MA,1.jpg,Fake,Yes,,Yes,No,Yes,,No,2026-08-05T22:48:51,2026-08-05T22:49:02
ID000006,Agatha-moreira,01.jpg,Real,Yes,Yes,Yes,Yes,,,Yes,2026-08-05T22:49:04,2026-08-05T22:49:09
ID000006,Agatha-moreira,02.jpg,Real,Yes,Yes,Yes,Yes,,,Yes,2026-08-05T22:49:09,2026-08-05T22:49:17
ID000006,Agatha-moreira,03.jpg,Real,Yes,Yes,Yes,Yes,,,Yes,2026-08-05T22:49:17,2026-08-05T22:49:21
ID000006,Agatha-moreira,01.jpg,Fake,No,,Yes,Yes,No,,No,2026-08-05T22:49:26,2026-08-05T22:49:31
ID000006,Agatha-moreira,02.jpg,Fake,No,,Yes,Yes,No,,No,2026-08-05T22:49:31,2026-08-05T22:49:35
ID000006,Agatha-moreira,03.png,Fake,Yes,,Yes,Yes,Yes,,Yes,2026-08-05T22:49:35,2026-08-05T22:49:40
ID000135,Hardik-Panday,01.jpg,Real,Yes,Yes,Yes,Yes,,,Yes,2026-08-05T22:49:42,2026-08-05T22:49:45
ID000135,Hardik-Panday,1.png,Fake,Yes,,Yes,Yes,No,,Yes,2026-08-05T22:49:47,2026-08-05T22:50:14
ID000135,Hardik-Panday,2.jpg,Fake,Yes,,Yes,Yes,Yes,,Yes,2026-08-05T22:50:14,2026-08-05T22:50:21
ID000252,Matt-Rife,01.jpg,Real,Yes,Yes,Yes,Yes,,,Yes,2026-08-05T22:50:23,2026-08-05T22:50:28
ID000252,Matt-Rife,02.jpg,Real,Yes,Yes,Yes,Yes,,,Yes,2026-08-05T22:50:28,2026-08-05T22:50:32
ID000252,Matt-Rife,03.jpg,Real,Yes,Yes,Yes,Yes,,,Yes,2026-08-05T22:50:32,2026-08-05T22:50:36
ID000252,Matt-Rife,01.jpg,Fake,Yes,,Yes,Yes,Yes,,Yes,2026-08-05T22:50:36,2026-08-05T22:50:42
ID000202,Kate-Winslet,01.jpg,Real,Yes,Yes,Yes,Yes,,,Yes,2026-08-05T22:50:44,2026-08-05T22:50:49
ID000202,Kate-Winslet,02.jpg,Real,Yes,Yes,Yes,Yes,,,Yes,2026-08-05T22:50:49,2026-08-05T22:50:53
ID000202,Kate-Winslet,01.jpg,Fake,Yes,,Yes,Yes,Yes,,Yes,2026-08-05T22:50:54,2026-08-05T22:50:59
ID000202,Kate-Winslet,02.jpg,Fake,No,,Yes,Yes,Yes,,No,2026-08-05T22:50:59,2026-08-05T22:51:03
ID000202,Kate-Winslet,04.jpg,Fake,No,,Yes,Yes,Yes,,No,2026-08-05T22:51:03,2026-08-05T22:51:07
ID000202,Kate-Winslet,05.jpg,Fake,Yes,,Yes,Yes,Yes,,Yes,2026-08-05T22:51:07,2026-08-05T22:51:14
ID000202,Kate-Winslet,06.png,Fake,Yes,,Yes,Yes,Yes,,Yes,2026-08-05T22:51:14,2026-08-05T22:51:18
ID000255,Michael-Caine,01.jpg,Real,Yes,Yes,Yes,Yes,,,Yes,2026-08-05T22:51:20,2026-08-05T22:52:57
ID000255,Michael-Caine,02.jpg,Real,Yes,Yes,Yes,Yes,,,Yes,2026-08-05T22:52:57,2026-08-05T22:53:01
ID000255,Michael-Caine,01.png,Fake,Yes,,Yes,Yes,No,,Yes,2026-08-05T22:53:29,2026-08-05T22:53:31
ID000255,Michael-Caine,02.jpg,Fake,Yes,,Yes,Yes,No,,Yes,2026-08-05T22:53:35,2026-08-05T22:53:36
ID000255,Michael-Caine,03.jpg,Fake,Yes,,Yes,Yes,No,,Yes,2026-08-05T22:53:36,2026-08-05T22:53:43
ID000076,Clint-Eastwood,01.jpg,Real,No,Yes,Yes,No,,,No,2026-08-05T22:53:44,2026-08-05T22:53:53
ID000076,Clint-Eastwood,02.jpg,Real,No,Yes,Yes,Yes,,,No,2026-08-05T22:53:53,2026-08-05T22:53:59
ID000076,Clint-Eastwood,01.png,Fake,Yes,,Yes,Yes,Yes,,Yes,2026-08-05T22:54:00,2026-08-05T22:54:09
ID000076,Clint-Eastwood,02.jpg,Fake,No,,Yes,Yes,Yes,,No,2026-08-05T22:54:10,2026-08-05T22:54:25
ID000076,Clint-Eastwood,03.jpg,Fake,Yes,,Yes,Yes,Yes,,No,2026-08-05T22:54:25,2026-08-05T22:54:32
ID000116,G-Dragon,01.jpg,Real,Yes,Yes,Yes,Yes,,,Yes,2026-08-05T22:54:34,2026-08-05T22:54:41
ID000116,G-Dragon,02.jpg,Real,Yes,Yes,Yes,Yes,,,Yes,2026-08-05T22:54:41,2026-08-05T22:54:45
ID000116,G-Dragon,03.jpg,Real,No,Yes,Yes,Yes,,,No,2026-08-05T22:54:45,2026-08-05T22:54:54
ID000116,G-Dragon,01.jpg,Fake,No,,Yes,Yes,Yes,,No,2026-08-05T22:54:55,2026-08-05T22:55:01
ID000116,G-Dragon,02.png,Fake,Yes,,Yes,Yes,Yes,,Yes,2026-08-05T22:55:01,2026-08-05T22:55:14
ID000197,Juliette-Binoche,01.jpg,Real,Yes,Yes,Yes,Yes,,,Yes,2026-08-05T22:55:15,2026-08-05T22:55:19
ID000197,Juliette-Binoche,01.jpg,Fake,No,,No,Yes,Yes,,No,2026-08-05T22:55:20,2026-08-05T22:55:28
ID000197,Juliette-Binoche,02.jpg,Fake,Yes,,Yes,Yes,Yes,,Yes,2026-08-05T22:55:28,2026-08-05T22:55:37
ID000197,Juliette-Binoche,03.jpg,Fake,No,,Yes,Yes,Yes,,No,2026-08-05T22:55:37,2026-08-05T22:55:49
ID000261,Michele-Morrone,01.jpg,Real,Yes,Yes,Yes,Yes,,,Yes,2026-08-05T22:55:50,2026-08-05T22:55:56
ID000261,Michele-Morrone,02.jpg,Real,Yes,Yes,Yes,Yes,,,Yes,2026-08-05T22:55:56,2026-08-05T22:56:03
ID000261,Michele-Morrone,03.jpg,Real,Yes,Yes,Yes,Yes,,,Yes,2026-08-05T22:56:03,2026-08-05T22:56:07
ID000261,Michele-Morrone,01.jpg,Fake,No,,Yes,Yes,Yes,,No,2026-08-05T22:56:08,2026-08-05T22:56:13
ID000261,Michele-Morrone,02.jpg,Fake,No,,Yes,Yes,Yes,,No,2026-08-05T22:56:13,2026-08-05T22:56:20
ID000261,Michele-Morrone,03.jpg,Fake,No,,Yes,Yes,Yes,,No,2026-08-05T22:56:20,2026-08-05T22:56:26
ID000261,Michele-Morrone,04.jpg,Fake,No,,Yes,Yes,Yes,,No,2026-08-05T22:56:26,2026-08-05T22:56:31
ID000009,Albert-Eienstain,01.jpg,Real,Yes,Yes,Yes,Yes,,,Yes,2026-08-05T22:56:31,2026-08-05T22:56:37
ID000009,Albert-Eienstain,02.jpg,Real,Yes,Yes,Yes,Yes,,,Yes,2026-08-05T22:56:37,2026-08-05T22:56:42
ID000009,Albert-Eienstain,01.jpg,Fake,Yes,,Yes,Yes,Yes,,Yes,2026-08-05T22:56:43,2026-08-05T22:56:49
ID000009,Albert-Eienstain,03.jpg,Fake,Yes,,Yes,Yes,Yes,,Yes,2026-08-05T22:56:49,2026-08-05T22:56:55
ID000009,Albert-Eienstain,04.jpg,Fake,Yes,,Yes,No,Yes,,No,2026-08-05T22:56:55,2026-08-05T22:57:16
ID000009,Albert-Eienstain,05.png,Fake,Yes,,Yes,Yes,Yes,,Yes,2026-08-05T22:57:16,2026-08-05T22:57:21
ID000235,Mahatma-Gandhi,01.jpg,Real,Yes,Yes,Yes,Yes,,,Yes,2026-08-05T22:57:25,2026-08-05T22:57:36
ID000235,Mahatma-Gandhi,02.jpg,Real,Yes,Yes,Yes,Yes,,,Yes,2026-08-05T22:57:36,2026-08-05T22:57:41
ID000235,Mahatma-Gandhi,03.jpg,Real,Yes,Yes,Yes,Yes,,,Yes,2026-08-05T22:57:42,2026-08-05T22:57:49
ID000235,Mahatma-Gandhi,01.jpg,Fake,Yes,,Yes,Yes,Yes,,Yes,2026-08-05T22:57:51,2026-08-05T22:57:56
ID000235,Mahatma-Gandhi,02.png,Fake,No,,Yes,Yes,Yes,,No,2026-08-05T22:57:57,2026-08-05T22:58:01
ID000300,Rhett-McLaughlin,01.jpg,Real,Yes,Yes,Yes,Yes,,,Yes,2026-08-05T22:58:03,2026-08-05T22:58:15
ID000300,Rhett-McLaughlin,02.jpg,Real,Yes,Yes,Yes,Yes,,,Yes,2026-08-05T22:58:15,2026-08-05T22:58:21
ID000300,Rhett-McLaughlin,01.png,Fake,No,,No,No,Yes,,No,2026-08-05T22:58:23,2026-08-05T22:58:29
ID000300,Rhett-McLaughlin,02.jpg,Fake,No,,Yes,Yes,Yes,,No,2026-08-05T22:58:29,2026-08-05T22:58:37
ID000300,Rhett-McLaughlin,03.png,Fake,No,,No,No,Yes,,No,2026-08-05T22:58:37,2026-08-05T22:58:46
ID000300,Rhett-McLaughlin,04.jpg,Fake,Yes,,Yes,Yes,Yes,,Yes,2026-08-05T22:58:46,2026-08-05T22:58:52
ID000310,Roger-Moore,01.jpg,Real,Yes,Yes,Yes,Yes,,,Yes,2026-08-05T22:58:53,2026-08-05T22:59:17
ID000310,Roger-Moore,01.jpg,Fake,No,,Yes,Yes,Yes,,No,2026-08-05T22:59:18,2026-08-05T22:59:23
ID000310,Roger-Moore,03.jpg,Fake,Yes,,Yes,Yes,Yes,,Yes,2026-08-05T22:59:23,2026-08-05T22:59:29
ID000329,Shai-Hope,01.jpg,Real,Yes,Yes,Yes,Yes,,,Yes,2026-08-05T22:59:30,2026-08-05T22:59:46
ID000329,Shai-Hope,02.png,Real,Yes,Yes,Yes,Yes,,,Yes,2026-08-05T22:59:46,2026-08-05T22:59:50
ID000329,Shai-Hope,03.jpg,Real,Yes,Yes,Yes,Yes,,,Yes,2026-08-05T22:59:50,2026-08-05T22:59:54
ID000329,Shai-Hope,01.jpg,Fake,No,,Yes,Yes,Yes,,No,2026-08-05T23:00:00,2026-08-05T23:00:07
ID000329,Shai-Hope,1.png,Fake,Yes,,Yes,Yes,No,,Yes,2026-08-05T23:00:07,2026-08-05T23:00:13
ID000237,Marc-Benioff,01.jpg,Real,Yes,Yes,Yes,Yes,,,Yes,2026-08-05T23:00:14,2026-08-05T23:00:19
ID000237,Marc-Benioff,01.jpg,Fake,No,,Yes,Yes,No,,No,2026-08-05T23:00:21,2026-08-05T23:00:26
ID000237,Marc-Benioff,02.jpg,Fake,No,,Yes,Yes,Yes,,No,2026-08-05T23:00:26,2026-08-05T23:00:34
ID000246,Marlon-Brando,01.jpg,Real,Yes,Yes,Yes,Yes,,,Yes,2026-08-05T23:00:36,2026-08-05T23:00:45
ID000246,Marlon-Brando,02.jpg,Real,Yes,Yes,Yes,Yes,,,Yes,2026-08-05T23:00:45,2026-08-05T23:00:50
ID000246,Marlon-Brando,01.jpg,Fake,Yes,,Yes,Yes,Yes,,Yes,2026-08-05T23:00:59,2026-08-05T23:01:01
ID000246,Marlon-Brando,02.jpg,Fake,Yes,,Yes,Yes,Yes,,Yes,2026-08-05T23:01:01,2026-08-05T23:01:08
ID000246,Marlon-Brando,03.jpg,Fake,No,,No,No,Yes,,No,2026-08-05T23:01:24,2026-08-05T23:01:32
ID000246,Marlon-Brando,04.jpg,Fake,No,,Yes,Yes,No,,No,2026-08-05T23:01:32,2026-08-05T23:01:43
ID000246,Marlon-Brando,05.jpg,Fake,No,,Yes,No,Yes,,No,2026-08-05T23:01:43,2026-08-05T23:01:53
ID000246,Marlon-Brando,06.jpg,Fake,Yes,,Yes,Yes,Yes,,Yes,2026-08-05T23:01:53,2026-08-05T23:01:59
ID000246,Marlon-Brando,07.png,Fake,No,,Yes,Yes,Yes,,No,2026-08-05T23:01:59,2026-08-05T23:02:02
ID000049,Billy-Bob-Thornton,01.jpg,Real,Yes,Yes,Yes,Yes,,,Yes,2026-08-05T23:02:04,2026-08-05T23:02:11
ID000049,Billy-Bob-Thornton,02.jpg,Real,Yes,Yes,Yes,Yes,,,Yes,2026-08-05T23:02:11,2026-08-05T23:02:15
ID000049,Billy-Bob-Thornton,03.jpg,Real,Yes,Yes,Yes,No,,,No,2026-08-05T23:02:15,2026-08-05T23:02:20
ID000049,Billy-Bob-Thornton,01.jpg,Fake,Yes,,Yes,Yes,Yes,,Yes,2026-08-05T23:02:21,2026-08-05T23:02:26
ID000049,Billy-Bob-Thornton,02.png,Fake,Yes,,Yes,Yes,No,,Yes,2026-08-05T23:02:27,2026-08-05T23:02:31
ID000049,Billy-Bob-Thornton,03.jpg,Fake,No,,Yes,No,No,,No,2026-08-05T23:02:31,2026-08-05T23:02:39
ID000049,Billy-Bob-Thornton,05.jpg,Fake,No,,Yes,Yes,Yes,,No,2026-08-05T23:02:39,2026-08-05T23:02:49
ID000275,Nasser-Al-Huqbani,01.jpg,Real,Yes,Yes,Yes,Yes,,,Yes,2026-08-05T23:02:51,2026-08-05T23:02:58
ID000275,Nasser-Al-Huqbani,02.jpg,Real,Yes,Yes,Yes,Yes,,,Yes,2026-08-05T23:02:58,2026-08-05T23:03:03
ID000275,Nasser-Al-Huqbani,03.jpg,Real,Yes,Yes,Yes,Yes,,,Yes,2026-08-05T23:03:03,2026-08-05T23:03:07
ID000275,Nasser-Al-Huqbani,01.jpg,Fake,No,,Yes,Yes,Yes,,No,2026-08-05T23:03:08,2026-08-05T23:03:15
ID000275,Nasser-Al-Huqbani,02.jpg,Fake,No,,Yes,Yes,No,,No,2026-08-05T23:03:15,2026-08-05T23:03:24
ID000080,Daniel-Day-Lewis,01.jpg,Real,No,Yes,Yes,Yes,,,No,2026-08-05T23:03:26,2026-08-05T23:03:33
ID000080,Daniel-Day-Lewis,02.jpg,Real,No,Yes,Yes,Yes,,,No,2026-08-05T23:03:33,2026-08-05T23:03:40
ID000080,Daniel-Day-Lewis,01.jpg,Fake,No,,Yes,Yes,Yes,,No,2026-08-05T23:03:48,2026-08-05T23:03:51
ID000080,Daniel-Day-Lewis,02.jpg,Fake,No,,Yes,Yes,Yes,,No,2026-08-05T23:03:51,2026-08-05T23:03:57
ID000080,Daniel-Day-Lewis,03.jpg,Fake,No,,Yes,Yes,Yes,,No,2026-08-05T23:03:57,2026-08-05T23:04:02
ID000325,Sediqullah-Atal,01.webp,Real,Yes,Yes,Yes,Yes,,,Yes,2026-08-05T23:04:03,2026-08-05T23:04:09
ID000325,Sediqullah-Atal,1.jpg,Fake,Yes,,No,No,No,,No,2026-08-05T23:04:11,2026-08-05T23:04:20
ID000079,Dan-Aykroyd,01.jpg,Real,Yes,Yes,Yes,Yes,,,Yes,2026-08-05T23:04:21,2026-08-05T23:04:30
ID000079,Dan-Aykroyd,02.jpg,Real,No,Yes,Yes,Yes,,,No,2026-08-05T23:04:30,2026-08-05T23:04:35
ID000079,Dan-Aykroyd,01.jpg,Fake,Yes,,Yes,Yes,Yes,,Yes,2026-08-05T23:04:36,2026-08-05T23:04:43
ID000190,Jon-Stewart,01.jpg,Real,Yes,Yes,Yes,Yes,,,Yes,2026-08-05T23:04:45,2026-08-05T23:04:48
ID000190,Jon-Stewart,11.png,Fake,No,,Yes,No,No,,No,2026-08-05T23:04:49,2026-08-05T23:04:58
ID000094,Dylan-Dreyer,01.jpg,Real,Yes,Yes,Yes,Yes,,,Yes,2026-08-05T23:04:59,2026-08-05T23:05:09
ID000094,Dylan-Dreyer,01.jpg,Fake,Yes,,Yes,Yes,Yes,,Yes,2026-08-05T23:05:11,2026-08-05T23:05:15
ID000094,Dylan-Dreyer,images (1).jpg,Fake,Yes,,Yes,Yes,Yes,,Yes,2026-08-05T23:05:15,2026-08-05T23:05:20
ID000094,Dylan-Dreyer,images.jpg,Fake,Yes,,Yes,Yes,Yes,,Yes,2026-08-05T23:05:20,2026-08-05T23:05:23
ID000227,Liam-Hemsworth,01.jpg,Real,Yes,Yes,Yes,Yes,,,Yes,2026-08-05T23:05:25,2026-08-05T23:05:33
ID000227,Liam-Hemsworth,02.jpg,Real,Yes,Yes,Yes,Yes,,,Yes,2026-08-05T23:05:33,2026-08-05T23:05:36
ID000227,Liam-Hemsworth,01.jpg,Fake,Yes,,Yes,Yes,Yes,,Yes,2026-08-05T23:05:37,2026-08-05T23:05:41
ID000227,Liam-Hemsworth,02.jpg,Fake,No,,Yes,Yes,Yes,,No,2026-08-05T23:05:41,2026-08-05T23:05:46
ID000227,Liam-Hemsworth,03.png,Fake,Yes,,Yes,Yes,Yes,,Yes,2026-08-05T23:05:46,2026-08-05T23:05:53
ID000227,Liam-Hemsworth,04.png,Fake,Yes,,Yes,Yes,Yes,,Yes,2026-08-05T23:05:53,2026-08-05T23:05:57
ID000227,Liam-Hemsworth,05.jpg,Fake,Yes,,Yes,Yes,Yes,,No,2026-08-05T23:05:57,2026-08-05T23:06:02
ID000371,Woody-Allen,01.jpg,Real,Yes,Yes,Yes,Yes,,,Yes,2026-08-05T23:06:12,2026-08-05T23:06:16
ID000371,Woody-Allen,01.jpg,Fake,Yes,,Yes,Yes,Yes,,Yes,2026-08-05T23:06:17,2026-08-05T23:06:22
ID000371,Woody-Allen,02.jpg,Fake,Yes,,Yes,Yes,Yes,,No,2026-08-05T23:06:22,2026-08-05T23:06:26
ID000371,Woody-Allen,03.jpg,Fake,No,,Yes,Yes,Yes,,No,2026-08-05T23:06:26,2026-08-05T23:06:31
ID000371,Woody-Allen,04.jpg,Fake,Yes,,Yes,Yes,Yes,,Yes,2026-08-05T23:06:31,2026-08-05T23:06:38
ID000371,Woody-Allen,05.jpg,Fake,Yes,,Yes,Yes,Yes,,Yes,2026-08-05T23:06:38,2026-08-05T23:06:43
ID000371,Woody-Allen,06.jpg,Fake,No,,Yes,Yes,Yes,,No,2026-08-05T23:06:43,2026-08-05T23:06:49
ID000315,Rosario-Dawson,01.jpg,Real,Yes,Yes,Yes,Yes,,,Yes,2026-08-05T23:06:58,2026-08-05T23:07:02
ID000315,Rosario-Dawson,02.jpg,Real,Yes,Yes,Yes,Yes,,,Yes,2026-08-05T23:07:02,2026-08-05T23:07:05
ID000315,Rosario-Dawson,01.jpg,Fake,No,,Yes,Yes,Yes,,No,2026-08-05T23:07:07,2026-08-05T23:07:12
ID000378,captin-pat-cumins,01.jpg,Real,Yes,Yes,Yes,Yes,,,Yes,2026-08-05T23:07:14,2026-08-05T23:07:18
ID000378,captin-pat-cumins,02.jpg,Real,Yes,Yes,Yes,Yes,,,Yes,2026-08-05T23:07:18,2026-08-05T23:07:22
ID000378,captin-pat-cumins,03.jpg,Real,Yes,Yes,Yes,Yes,,,Yes,2026-08-05T23:07:22,2026-08-05T23:07:27
ID000378,captin-pat-cumins,01.jpg,Fake,No,,Yes,Yes,Yes,,No,2026-08-05T23:07:28,2026-08-05T23:07:43
ID000194,Josh-Hutcherson,01.jpg,Real,Yes,Yes,Yes,Yes,,,Yes,2026-08-05T23:07:44,2026-08-05T23:07:48
ID000194,Josh-Hutcherson,02.jpg,Real,Yes,Yes,Yes,Yes,,,Yes,2026-08-05T23:07:48,2026-08-05T23:07:53
ID000194,Josh-Hutcherson,01.jpg,Fake,Yes,,Yes,Yes,Yes,,Yes,2026-08-05T23:07:54,2026-08-05T23:07:58
ID000194,Josh-Hutcherson,02.jpg,Fake,Yes,,Yes,Yes,Yes,,Yes,2026-08-05T23:07:59,2026-08-05T23:08:03
ID000018,Ana-de-Armas,01.jpg,Real,Yes,Yes,Yes,Yes,,,Yes,2026-08-05T23:08:05,2026-08-05T23:08:09
ID000018,Ana-de-Armas,02.jpg,Real,Yes,Yes,Yes,Yes,,,Yes,2026-08-05T23:08:09,2026-08-05T23:08:14
ID000018,Ana-de-Armas,01.jpg,Fake,No,,Yes,Yes,Yes,,No,2026-08-05T23:08:15,2026-08-05T23:08:20
ID000018,Ana-de-Armas,02.jpg,Fake,No,,Yes,Yes,Yes,,No,2026-08-05T23:08:20,2026-08-05T23:08:29
ID000018,Ana-de-Armas,03.jpg,Fake,No,,Yes,Yes,Yes,,No,2026-08-05T23:08:29,2026-08-05T23:08:33
ID000018,Ana-de-Armas,04.jpg,Fake,Yes,,Yes,Yes,Yes,,Yes,2026-08-05T23:08:33,2026-08-05T23:08:43
ID000018,Ana-de-Armas,06.jpg,Fake,No,,Yes,Yes,Yes,,No,2026-08-05T23:08:43,2026-08-05T23:08:47
ID000018,Ana-de-Armas,07.png,Fake,Yes,,Yes,Yes,Yes,,Yes,2026-08-05T23:08:47,2026-08-05T23:08:57
ID000301,Richard-Gere,01.jpg,Real,Yes,Yes,Yes,Yes,,,Yes,2026-08-05T23:08:58,2026-08-05T23:09:02
ID000301,Richard-Gere,01.jpg,Fake,Yes,,Yes,Yes,Yes,,Yes,2026-08-05T23:09:03,2026-08-05T23:09:09
ID000301,Richard-Gere,02.jpg,Fake,No,,Yes,Yes,No,,No,2026-08-05T23:09:09,2026-08-05T23:09:14
ID000301,Richard-Gere,03.jpg,Fake,No,,No,No,Yes,,No,2026-08-05T23:09:14,2026-08-05T23:09:27
ID000301,Richard-Gere,04.jpg,Fake,Yes,,Yes,Yes,Yes,,Yes,2026-08-05T23:09:27,2026-08-05T23:09:34
ID000301,Richard-Gere,05.jpg,Fake,No,,Yes,Yes,Yes,,No,2026-08-05T23:09:34,2026-08-05T23:09:39
ID000268,Mohammad-Ahmed,01.jpg,Real,Yes,Yes,No,Yes,,,No,2026-08-05T23:09:41,2026-08-05T23:09:50
ID000268,Mohammad-Ahmed,02.png,Real,Yes,Yes,Yes,Yes,,,Yes,2026-08-05T23:09:50,2026-08-05T23:09:55
ID000268,Mohammad-Ahmed,03.jpg,Real,Yes,Yes,Yes,Yes,,,Yes,2026-08-05T23:09:55,2026-08-05T23:09:59
ID000268,Mohammad-Ahmed,1.png,Fake,Yes,,Yes,Yes,Yes,,Yes,2026-08-05T23:10:01,2026-08-05T23:10:06
ID000200,Justin-Trudeau,01.jpg,Real,Yes,Yes,Yes,Yes,,,Yes,2026-08-05T23:10:07,2026-08-05T23:10:12
ID000200,Justin-Trudeau,01.jpg,Fake,Yes,,Yes,Yes,No,,Yes,2026-08-05T23:10:13,2026-08-05T23:10:19
ID000200,Justin-Trudeau,02.jpg,Fake,Yes,,Yes,Yes,Yes,,No,2026-08-05T23:10:19,2026-08-05T23:10:26
ID000200,Justin-Trudeau,03.jpg,Fake,Yes,,Yes,Yes,Yes,,Yes,2026-08-05T23:10:26,2026-08-05T23:10:29
ID000175,Jessica-Biel,01.jpg,Real,Yes,Yes,Yes,Yes,,,Yes,2026-08-05T23:10:35,2026-08-05T23:10:40
ID000175,Jessica-Biel,02.jpg,Real,Yes,Yes,Yes,Yes,,,Yes,2026-08-05T23:10:40,2026-08-05T23:10:44
ID000175,Jessica-Biel,01.jpg,Fake,No,,Yes,Yes,Yes,,No,2026-08-05T23:10:45,2026-08-05T23:10:50
ID000175,Jessica-Biel,02.jpg,Fake,No,,Yes,Yes,Yes,,No,2026-08-05T23:10:50,2026-08-05T23:10:55
ID000175,Jessica-Biel,03.jpg,Fake,No,,Yes,Yes,Yes,,No,2026-08-05T23:10:55,2026-08-05T23:10:59
ID000175,Jessica-Biel,05.jpg,Fake,No,,Yes,Yes,Yes,,No,2026-08-05T23:10:59,2026-08-05T23:11:04
ID000175,Jessica-Biel,07.jpg,Fake,Yes,,Yes,Yes,Yes,,Yes,2026-08-05T23:11:04,2026-08-05T23:11:08
ID000175,Jessica-Biel,08.jpg,Fake,No,,Yes,Yes,Yes,,No,2026-08-05T23:11:09,2026-08-05T23:11:13
ID000341,Steven-Seagal,01.jpg,Real,Yes,Yes,Yes,Yes,,,Yes,2026-08-05T23:11:15,2026-08-05T23:11:19
ID000341,Steven-Seagal,02.jpg,Real,Yes,Yes,Yes,Yes,,,Yes,2026-08-05T23:11:19,2026-08-05T23:11:27
ID000341,Steven-Seagal,01.jpg,Fake,Yes,,Yes,Yes,Yes,,Yes,2026-08-05T23:11:28,2026-08-05T23:11:39
ID000341,Steven-Seagal,02.jpg,Fake,Yes,,Yes,Yes,No,,Yes,2026-08-05T23:11:39,2026-08-05T23:11:43
ID000341,Steven-Seagal,03.jpg,Fake,Yes,,Yes,Yes,Yes,,Yes,2026-08-05T23:11:43,2026-08-05T23:11:50
ID000318,Russell-Crowe,01.jpg,Real,Yes,Yes,Yes,Yes,,,Yes,2026-08-05T23:11:51,2026-08-05T23:11:55
ID000318,Russell-Crowe,01.jpg,Fake,Yes,,Yes,Yes,Yes,,Yes,2026-08-05T23:11:56,2026-08-05T23:12:00
ID000318,Russell-Crowe,02.jpg,Fake,Yes,,Yes,Yes,Yes,,Yes,2026-08-05T23:12:00,2026-08-05T23:12:07
ID000318,Russell-Crowe,03.jpg,Fake,No,,No,No,Yes,,No,2026-08-05T23:12:07,2026-08-05T23:12:19
ID000318,Russell-Crowe,05.jpg,Fake,Yes,,Yes,Yes,Yes,,Yes,2026-08-05T23:12:19,2026-08-05T23:12:23
ID000089,Diane-Lane,01.jpg,Real,Yes,Yes,Yes,Yes,,,Yes,2026-08-05T23:12:24,2026-08-05T23:12:31
ID000089,Diane-Lane,01.jpg,Fake,No,,Yes,Yes,Yes,,No,2026-08-05T23:12:32,2026-08-05T23:12:37
ID000089,Diane-Lane,02.jpg,Fake,No,,Yes,Yes,Yes,,No,2026-08-05T23:12:37,2026-08-05T23:12:45
ID000089,Diane-Lane,03.jpg,Fake,No,,Yes,Yes,Yes,,No,2026-08-05T23:12:45,2026-08-05T23:12:49
ID000089,Diane-Lane,04.jpg,Fake,No,,Yes,Yes,Yes,,No,2026-08-05T23:12:49,2026-08-05T23:13:03
ID000172,Jennifer-Garner,01.jpg,Real,Yes,Yes,Yes,Yes,,,Yes,2026-08-05T23:13:04,2026-08-05T23:13:09
ID000172,Jennifer-Garner,02.jpg,Real,Yes,Yes,Yes,Yes,,,Yes,2026-08-05T23:13:09,2026-08-05T23:13:12
ID000172,Jennifer-Garner,01.jpg,Fake,Yes,,Yes,Yes,Yes,,Yes,2026-08-05T23:13:14,2026-08-05T23:13:21
ID000172,Jennifer-Garner,02.jpg,Fake,No,,Yes,Yes,No,,No,2026-08-05T23:13:21,2026-08-05T23:13:25
ID000231,Lisa,01.jpg,Real,Yes,Yes,Yes,Yes,,,Yes,2026-08-05T23:13:26,2026-08-05T23:13:31
ID000231,Lisa,55.png,Real,Yes,Yes,Yes,Yes,,,Yes,2026-08-05T23:13:31,2026-08-05T23:13:36
ID000231,Lisa,02.jpg,Fake,Yes,,Yes,Yes,Yes,,Yes,2026-08-05T23:13:37,2026-08-05T23:13:43
ID000231,Lisa,03.jpg,Fake,Yes,,Yes,Yes,Yes,,Yes,2026-08-05T23:13:43,2026-08-05T23:13:48
ID000231,Lisa,55.png,Fake,No,,Yes,Yes,No,,No,2026-08-05T23:13:48,2026-08-05T23:13:53
ID000198,Jungkook,01.png,Real,Yes,Yes,Yes,Yes,,,Yes,2026-08-05T23:13:55,2026-08-05T23:14:05
ID000198,Jungkook,02.jpg,Real,Yes,Yes,Yes,Yes,,,Yes,2026-08-05T23:14:05,2026-08-05T23:14:09
ID000198,Jungkook,01.jpg,Fake,Yes,,Yes,Yes,Yes,,Yes,2026-08-05T23:14:11,2026-08-05T23:14:14
ID000198,Jungkook,02.jpg,Fake,Yes,,Yes,Yes,Yes,,Yes,2026-08-05T23:14:15,2026-08-05T23:14:19
ID000198,Jungkook,03.jpg,Fake,Yes,,Yes,Yes,Yes,,Yes,2026-08-05T23:14:19,2026-08-05T23:14:23
ID000198,Jungkook,04.png,Fake,Yes,,Yes,Yes,Yes,,No,2026-08-05T23:14:24,2026-08-05T23:14:32
ID000178,Jim-Parsons,01.jpg,Real,Yes,Yes,Yes,Yes,,,Yes,2026-08-05T23:14:38,2026-08-05T23:14:43
ID000178,Jim-Parsons,02.jpg,Real,Yes,Yes,Yes,Yes,,,Yes,2026-08-05T23:14:43,2026-08-05T23:14:47
ID000178,Jim-Parsons,03.jpg,Real,Yes,Yes,Yes,Yes,,,Yes,2026-08-05T23:14:47,2026-08-05T23:14:52
ID000178,Jim-Parsons,01.jpg,Fake,No,,Yes,Yes,Yes,,No,2026-08-05T23:14:57,2026-08-05T23:15:05
ID000178,Jim-Parsons,02.jpg,Fake,No,,Yes,Yes,Yes,,No,2026-08-05T23:15:05,2026-08-05T23:15:09
ID000178,Jim-Parsons,03.jpg,Fake,No,,Yes,Yes,Yes,,No,2026-08-05T23:15:10,2026-08-05T23:15:14
ID000178,Jim-Parsons,04.jpg,Fake,Yes,,Yes,Yes,Yes,,Yes,2026-08-05T23:15:22,2026-08-05T23:15:27
ID000208,Kenan-Yildiz,01.jpg,Real,Yes,Yes,Yes,Yes,,,Yes,2026-08-05T23:15:28,2026-08-05T23:15:33
ID000208,Kenan-Yildiz,01.jpg,Fake,No,,Yes,Yes,No,,No,2026-08-05T23:15:34,2026-08-05T23:15:42
ID000208,Kenan-Yildiz,02.jpg,Fake,Yes,,Yes,Yes,Yes,,Yes,2026-08-05T23:15:42,2026-08-05T23:15:49
ID000308,Robert-Redford,01.jpg,Real,Yes,Yes,Yes,Yes,,,Yes,2026-08-05T23:15:50,2026-08-05T23:15:54
ID000308,Robert-Redford,02.jpg,Real,Yes,Yes,Yes,Yes,,,Yes,2026-08-05T23:15:54,2026-08-05T23:15:58
ID000308,Robert-Redford,03.jpg,Real,Yes,Yes,Yes,Yes,,,Yes,2026-08-05T23:15:58,2026-08-05T23:16:02
ID000308,Robert-Redford,01.jpg,Fake,Yes,,Yes,Yes,No,,Yes,2026-08-05T23:16:03,2026-08-05T23:16:11
ID000308,Robert-Redford,02.jpg,Fake,Yes,,Yes,Yes,Yes,,Yes,2026-08-05T23:16:11,2026-08-05T23:16:19
ID000308,Robert-Redford,03.jpg,Fake,Yes,,Yes,Yes,Yes,,Yes,2026-08-05T23:16:19,2026-08-05T23:16:23
ID000265,Miles-Teller,01.jpg,Real,Yes,Yes,Yes,Yes,,,Yes,2026-08-05T23:16:24,2026-08-05T23:16:31
ID000265,Miles-Teller,01.jpg,Fake,No,,Yes,Yes,Yes,,No,2026-08-05T23:16:32,2026-08-05T23:16:36
ID000265,Miles-Teller,02.jpg,Fake,Yes,,Yes,Yes,Yes,,Yes,2026-08-05T23:16:36,2026-08-05T23:16:45
ID000265,Miles-Teller,03.jpg,Fake,No,,Yes,Yes,Yes,,No,2026-08-05T23:16:45,2026-08-05T23:17:10
ID000265,Miles-Teller,04.png,Fake,No,,Yes,Yes,No,,No,2026-08-05T23:17:10,2026-08-05T23:17:23
ID000265,Miles-Teller,05.jpg,Fake,Yes,,Yes,Yes,Yes,,No,2026-08-05T23:17:23,2026-08-05T23:17:37
ID000379,denzel-washington,01.jpg,Real,Yes,Yes,Yes,Yes,,,Yes,2026-08-05T23:17:41,2026-08-05T23:17:46
ID000379,denzel-washington,01.jpg,Fake,Yes,,Yes,Yes,Yes,,Yes,2026-08-05T23:17:47,2026-08-05T23:17:51
ID000379,denzel-washington,02.jpg,Fake,Yes,,Yes,Yes,Yes,,Yes,2026-08-05T23:17:51,2026-08-05T23:17:55
ID000379,denzel-washington,03.jpg,Fake,Yes,,Yes,Yes,Yes,,Yes,2026-08-05T23:17:56,2026-08-05T23:17:59
ID000379,denzel-washington,04.jpg,Fake,No,,Yes,No,No,,No,2026-08-05T23:17:59,2026-08-05T23:18:06
ID000379,denzel-washington,05.jpg,Fake,Yes,,Yes,Yes,Yes,,No,2026-08-05T23:18:06,2026-08-05T23:18:13
ID000379,denzel-washington,06.jpg,Fake,Yes,,No,No,No,,No,2026-08-05T23:18:13,2026-08-05T23:18:25
ID000162,Jason-Biggs,01.jpg,Real,Yes,Yes,Yes,Yes,,,Yes,2026-08-05T23:18:32,2026-08-05T23:18:49
ID000162,Jason-Biggs,01.jpg,Fake,No,,Yes,No,No,,No,2026-08-05T23:18:52,2026-08-05T23:19:02
ID000162,Jason-Biggs,02.jpg,Fake,No,,Yes,Yes,No,,No,2026-08-05T23:19:03,2026-08-05T23:19:08
ID000162,Jason-Biggs,03.jpg,Fake,No,,Yes,Yes,No,,No,2026-08-05T23:19:08,2026-08-05T23:19:15
ID000296,Pierce-Brosnan,01.jpg,Real,Yes,Yes,Yes,Yes,,,Yes,2026-08-05T23:19:17,2026-08-05T23:19:22
ID000296,Pierce-Brosnan,02.jpg,Real,Yes,Yes,Yes,Yes,,,Yes,2026-08-05T23:19:22,2026-08-05T23:19:28
ID000296,Pierce-Brosnan,01.jpg,Fake,No,,Yes,Yes,Yes,,No,2026-08-05T23:19:29,2026-08-05T23:19:36
ID000296,Pierce-Brosnan,02.jpg,Fake,Yes,,Yes,Yes,Yes,,Yes,2026-08-05T23:19:36,2026-08-05T23:19:41
ID000296,Pierce-Brosnan,04.jpg,Fake,Yes,,Yes,Yes,Yes,,Yes,2026-08-05T23:19:41,2026-08-05T23:19:45
ID000296,Pierce-Brosnan,05.jpg,Fake,Yes,,Yes,Yes,Yes,,Yes,2026-08-05T23:19:45,2026-08-05T23:19:49
ID000314,Rooney-Mara,01.jpg,Real,Yes,Yes,Yes,Yes,,,Yes,2026-08-05T23:19:50,2026-08-05T23:19:53
ID000314,Rooney-Mara,02.jpg,Real,Yes,Yes,Yes,Yes,,,Yes,2026-08-05T23:19:53,2026-08-05T23:19:59
ID000314,Rooney-Mara,01.jpg,Fake,Yes,,Yes,Yes,No,,Yes,2026-08-05T23:20:01,2026-08-05T23:20:06
ID000314,Rooney-Mara,02.jpg,Fake,Yes,,Yes,Yes,Yes,,Yes,2026-08-05T23:20:06,2026-08-05T23:20:10
ID000314,Rooney-Mara,03.png,Fake,No,,Yes,Yes,Yes,,No,2026-08-05T23:20:10,2026-08-05T23:20:14
ID000314,Rooney-Mara,04.png,Fake,No,,Yes,Yes,Yes,,No,2026-08-05T23:20:14,2026-08-05T23:20:20
ID000034,Audrey-Hepburn,01.jpg,Real,Yes,Yes,Yes,Yes,,,Yes,2026-08-05T23:20:21,2026-08-05T23:20:25
ID000034,Audrey-Hepburn,02.jpg,Real,Yes,Yes,Yes,Yes,,,Yes,2026-08-05T23:20:25,2026-08-05T23:20:28
ID000034,Audrey-Hepburn,03.jpg,Real,Yes,Yes,Yes,No,,,No,2026-08-05T23:20:28,2026-08-05T23:20:32
ID000034,Audrey-Hepburn,01.jpg,Fake,Yes,,Yes,Yes,No,,Yes,2026-08-05T23:20:33,2026-08-05T23:20:38
ID000034,Audrey-Hepburn,02.jpg,Fake,Yes,,Yes,Yes,Yes,,Yes,2026-08-05T23:20:38,2026-08-05T23:20:43
ID000034,Audrey-Hepburn,03.jpg,Fake,Yes,,Yes,Yes,No,,Yes,2026-08-05T23:20:43,2026-08-05T23:20:47
ID000034,Audrey-Hepburn,04.jpg,Fake,No,,No,Yes,Yes,,No,2026-08-05T23:20:47,2026-08-05T23:20:59
ID000020,Andrew-Garfield,01.jpg,Real,Yes,Yes,Yes,Yes,,,Yes,2026-08-05T23:21:00,2026-08-05T23:21:04
ID000020,Andrew-Garfield,02.jpg,Real,Yes,Yes,Yes,Yes,,,Yes,2026-08-05T23:21:04,2026-08-05T23:21:09
ID000020,Andrew-Garfield,01.jpg,Fake,Yes,,Yes,Yes,Yes,,Yes,2026-08-05T23:21:10,2026-08-05T23:21:15
ID000020,Andrew-Garfield,02.jpg,Fake,Yes,,Yes,Yes,Yes,,Yes,2026-08-05T23:21:16,2026-08-05T23:21:21
ID000124,Glenn-Close,01.jpg,Real,Yes,Yes,Yes,Yes,,,Yes,2026-08-05T23:21:23,2026-08-05T23:21:26
ID000124,Glenn-Close,02.jpg,Real,Yes,Yes,Yes,Yes,,,Yes,2026-08-05T23:21:26,2026-08-05T23:21:29
ID000124,Glenn-Close,03.jpg,Real,Yes,Yes,Yes,No,,,No,2026-08-05T23:21:29,2026-08-05T23:21:33
ID000124,Glenn-Close,01.jpg,Fake,Yes,,Yes,Yes,Yes,,Yes,2026-08-05T23:21:35,2026-08-05T23:21:40
ID000124,Glenn-Close,02.jpg,Fake,Yes,,Yes,Yes,Yes,,Yes,2026-08-05T23:21:40,2026-08-05T23:21:43
ID000124,Glenn-Close,03.jpg,Fake,Yes,,Yes,Yes,Yes,,Yes,2026-08-05T23:21:43,2026-08-05T23:21:49
ID000124,Glenn-Close,04.jpg,Fake,Yes,,Yes,Yes,Yes,,No,2026-08-05T23:21:49,2026-08-05T23:21:53
ID000124,Glenn-Close,05.png,Fake,No,,Yes,Yes,Yes,,No,2026-08-05T23:22:01,2026-08-05T23:22:02
ID000091,Dustin-Hoffman,01.jpg,Real,Yes,Yes,Yes,Yes,,,Yes,2026-08-05T23:22:07,2026-08-05T23:22:10
ID000091,Dustin-Hoffman,01.jpg,Fake,No,,Yes,Yes,Yes,,No,2026-08-05T23:22:12,2026-08-05T23:22:17
ID000091,Dustin-Hoffman,02.jpg,Fake,No,,Yes,Yes,Yes,,No,2026-08-05T23:22:17,2026-08-05T23:22:20
ID000386,meryl-streep,01.jpg,Real,Yes,Yes,Yes,Yes,,,Yes,2026-08-05T23:22:22,2026-08-05T23:22:25
ID000386,meryl-streep,01.jpg,Fake,Yes,,Yes,Yes,Yes,,Yes,2026-08-05T23:22:27,2026-08-05T23:22:31
ID000386,meryl-streep,02.png,Fake,Yes,,Yes,Yes,Yes,,Yes,2026-08-05T23:22:31,2026-08-05T23:22:37
ID000320,Salma-Hayek,01.jpg,Real,Yes,Yes,Yes,Yes,,,Yes,2026-08-05T23:22:39,2026-08-05T23:22:44
ID000320,Salma-Hayek,02.jpg,Real,Yes,Yes,Yes,Yes,,,Yes,2026-08-05T23:22:44,2026-08-05T23:22:47
ID000320,Salma-Hayek,01.jpg,Fake,No,,Yes,Yes,Yes,,No,2026-08-05T23:22:48,2026-08-05T23:22:53
ID000320,Salma-Hayek,03.jpg,Fake,No,,Yes,Yes,No,,No,2026-08-05T23:22:53,2026-08-05T23:22:58
ID000320,Salma-Hayek,04.png,Fake,No,,Yes,Yes,Yes,,No,2026-08-05T23:23:04,2026-08-05T23:23:07
ID000320,Salma-Hayek,05.jpg,Fake,No,,Yes,Yes,Yes,,No,2026-08-05T23:23:07,2026-08-05T23:23:15
ID000060,Cameron-Green,01.jpg,Real,Yes,Yes,Yes,Yes,,,Yes,2026-08-05T23:23:17,2026-08-05T23:23:22
ID000060,Cameron-Green,03.jpg,Fake,No,,Yes,Yes,No,,No,2026-08-05T23:23:23,2026-08-05T23:23:27
ID000060,Cameron-Green,04.jpg,Fake,Yes,,Yes,Yes,Yes,,Yes,2026-08-05T23:23:27,2026-08-05T23:23:34
ID000348,Thomas-Jane,01.jpg,Real,Yes,Yes,Yes,Yes,,,Yes,2026-08-05T23:23:35,2026-08-05T23:23:39
ID000348,Thomas-Jane,02.jpg,Real,Yes,Yes,Yes,Yes,,,Yes,2026-08-05T23:23:39,2026-08-05T23:23:42
ID000348,Thomas-Jane,03.jpg,Real,Yes,Yes,Yes,Yes,,,Yes,2026-08-05T23:23:43,2026-08-05T23:23:51
ID000348,Thomas-Jane,01.jpg,Fake,No,,No,No,No,,No,2026-08-05T23:23:52,2026-08-05T23:24:01
ID000348,Thomas-Jane,03.jpg,Fake,No,,Yes,Yes,Yes,,No,2026-08-05T23:24:01,2026-08-05T23:24:06
ID000348,Thomas-Jane,04.jpg,Fake,No,,No,No,Yes,,No,2026-08-05T23:24:07,2026-08-05T23:24:13
ID000132,Hande-Ercel,01.jpg,Real,No,Yes,Yes,Yes,,,No,2026-08-05T23:24:28,2026-08-05T23:24:34
ID000132,Hande-Ercel,02.jpg,Real,Yes,Yes,Yes,Yes,,,Yes,2026-08-05T23:24:34,2026-08-05T23:24:37
ID000132,Hande-Ercel,01.jpg,Fake,Yes,,Yes,Yes,No,,Yes,2026-08-05T23:24:38,2026-08-05T23:24:42
ID000132,Hande-Ercel,02.jpg,Fake,No,,Yes,Yes,Yes,,No,2026-08-05T23:24:42,2026-08-05T23:24:49
ID000132,Hande-Ercel,04.png,Fake,Yes,,Yes,Yes,Yes,,Yes,2026-08-05T23:24:49,2026-08-05T23:24:57
ID000250,Matt-Damon,01.jpg,Real,Yes,Yes,Yes,Yes,,,Yes,2026-08-05T23:24:59,2026-08-05T23:25:03
ID000250,Matt-Damon,02.jpg,Real,Yes,Yes,Yes,Yes,,,Yes,2026-08-05T23:25:03,2026-08-05T23:25:06
ID000250,Matt-Damon,03.jpg,Real,Yes,Yes,Yes,No,,,No,2026-08-05T23:25:06,2026-08-05T23:25:10
ID000250,Matt-Damon,01.jpg,Fake,Yes,,Yes,Yes,Yes,,Yes,2026-08-05T23:25:11,2026-08-05T23:25:14
ID000250,Matt-Damon,02.jpg,Fake,Yes,,Yes,Yes,Yes,,Yes,2026-08-05T23:25:14,2026-08-05T23:25:19
ID000232,Livvy-Dunne,1.jpg,Real,Yes,Yes,Yes,Yes,,,Yes,2026-08-05T23:25:20,2026-08-05T23:25:23
ID000232,Livvy-Dunne,01.jpg,Fake,Yes,,Yes,Yes,No,,Yes,2026-08-05T23:25:24,2026-08-05T23:25:29
ID000232,Livvy-Dunne,02.jpg,Fake,Yes,,Yes,Yes,Yes,,Yes,2026-08-05T23:25:29,2026-08-05T23:25:37
ID000232,Livvy-Dunne,03.jpg,Fake,Yes,,Yes,Yes,Yes,,No,2026-08-05T23:25:37,2026-08-05T23:25:43
ID000232,Livvy-Dunne,04.jpg,Fake,Yes,,Yes,Yes,No,,Yes,2026-08-05T23:25:43,2026-08-05T23:25:47
ID000232,Livvy-Dunne,05.jpg,Fake,No,,Yes,Yes,Yes,,No,2026-08-05T23:25:47,2026-08-05T23:25:52
ID000232,Livvy-Dunne,1.png,Fake,No,,Yes,No,No,,No,2026-08-05T23:25:52,2026-08-05T23:26:03
ID000233,Luis-Díaz,01.jpg,Real,Yes,Yes,Yes,No,,,No,2026-08-05T23:26:09,2026-08-05T23:26:17
ID000233,Luis-Díaz,02.jpg,Real,Yes,Yes,Yes,Yes,,,Yes,2026-08-05T23:26:17,2026-08-05T23:26:21
ID000233,Luis-Díaz,01.jpg,Fake,No,,Yes,Yes,No,,No,2026-08-05T23:26:23,2026-08-05T23:26:32
ID000334,Shreya-GhoshalI,01.jpg,Real,Yes,Yes,Yes,Yes,,,Yes,2026-08-05T23:26:34,2026-08-05T23:26:41
ID000334,Shreya-GhoshalI,02.jpg,Real,Yes,Yes,Yes,Yes,,,Yes,2026-08-05T23:26:41,2026-08-05T23:26:44
ID000334,Shreya-GhoshalI,03.jpg,Real,Yes,Yes,Yes,Yes,,,Yes,2026-08-05T23:26:45,2026-08-05T23:26:48
ID000334,Shreya-GhoshalI,05.jpg,Fake,No,,Yes,Yes,No,,No,2026-08-05T23:26:51,2026-08-05T23:26:59
ID000334,Shreya-GhoshalI,05.png,Fake,Yes,,Yes,Yes,No,,Yes,2026-08-05T23:27:00,2026-08-05T23:27:07
ID000241,Marilyn-Monroe,01.jpg,Real,Yes,Yes,Yes,Yes,,,Yes,2026-08-05T23:27:09,2026-08-05T23:27:13
ID000241,Marilyn-Monroe,02.jpg,Real,Yes,Yes,Yes,Yes,,,Yes,2026-08-05T23:27:13,2026-08-05T23:27:16
ID000241,Marilyn-Monroe,01.jpg,Fake,Yes,,Yes,Yes,Yes,,Yes,2026-08-05T23:27:18,2026-08-05T23:27:22
ID000241,Marilyn-Monroe,02.jpg,Fake,Yes,,Yes,Yes,No,,Yes,2026-08-05T23:27:22,2026-08-05T23:27:25
ID000241,Marilyn-Monroe,03.png,Fake,Yes,,Yes,No,No,,No,2026-08-05T23:27:25,2026-08-05T23:27:32
ID000241,Marilyn-Monroe,04.jpg,Fake,Yes,,Yes,Yes,Yes,,Yes,2026-08-05T23:27:32,2026-08-05T23:27:35
ID000070,Chris-Cooper,01.jpg,Real,Yes,Yes,Yes,Yes,,,Yes,2026-08-05T23:27:37,2026-08-05T23:27:40
ID000070,Chris-Cooper,02.webp,Real,No,Yes,Yes,Yes,,,No,2026-08-05T23:27:41,2026-08-05T23:27:46
ID000070,Chris-Cooper,02.png,Fake,No,,Yes,Yes,No,,No,2026-08-05T23:27:48,2026-08-05T23:27:53
ID000043,Benedict-Cumberbatch,01.jpg,Real,Yes,Yes,Yes,Yes,,,Yes,2026-08-05T23:27:54,2026-08-05T23:27:58
ID000043,Benedict-Cumberbatch,02.jpg,Real,Yes,Yes,Yes,Yes,,,Yes,2026-08-05T23:27:58,2026-08-05T23:28:02
ID000043,Benedict-Cumberbatch,01.jpg,Fake,Yes,,Yes,Yes,Yes,,Yes,2026-08-05T23:28:04,2026-08-05T23:28:07
ID000043,Benedict-Cumberbatch,02.jpg,Fake,No,,Yes,Yes,Yes,,No,2026-08-05T23:28:07,2026-08-05T23:28:11
ID000043,Benedict-Cumberbatch,03.jpg,Fake,No,,Yes,Yes,Yes,,No,2026-08-05T23:28:12,2026-08-05T23:28:15
ID000043,Benedict-Cumberbatch,04.webp,Fake,Yes,,Yes,No,No,,No,2026-08-05T23:28:15,2026-08-05T23:28:22
ID000319,Sally-Field,01.jpg,Real,Yes,Yes,Yes,Yes,,,Yes,2026-08-05T23:28:23,2026-08-05T23:28:27
ID000319,Sally-Field,02.jpg,Real,Yes,Yes,Yes,Yes,,,Yes,2026-08-05T23:28:27,2026-08-05T23:28:30
ID000319,Sally-Field,03.jpg,Real,Yes,Yes,Yes,Yes,,,Yes,2026-08-05T23:28:30,2026-08-05T23:28:40
ID000319,Sally-Field,01.jpg,Fake,Yes,,Yes,Yes,Yes,,Yes,2026-08-05T23:28:42,2026-08-05T23:28:45
ID000319,Sally-Field,02.jpg,Fake,Yes,,Yes,Yes,Yes,,Yes,2026-08-05T23:28:45,2026-08-05T23:28:49
ID000319,Sally-Field,03.jpg,Fake,Yes,,Yes,Yes,Yes,,No,2026-08-05T23:28:49,2026-08-05T23:28:53
ID000319,Sally-Field,04.jpg,Fake,Yes,,Yes,Yes,Yes,,Yes,2026-08-05T23:28:54,2026-08-05T23:28:58
ID000192,Josh-Brolin,01.jpg,Real,Yes,Yes,Yes,Yes,,,Yes,2026-08-05T23:29:04,2026-08-05T23:29:14
ID000192,Josh-Brolin,01.png,Fake,No,,Yes,Yes,No,,No,2026-08-05T23:29:15,2026-08-05T23:29:20
ID000192,Josh-Brolin,02.jpg,Fake,No,,Yes,Yes,No,,No,2026-08-05T23:29:20,2026-08-05T23:29:24
ID000192,Josh-Brolin,03.jpg,Fake,No,,Yes,Yes,Yes,,No,2026-08-05T23:29:24,2026-08-05T23:29:29
ID000192,Josh-Brolin,04.jpg,Fake,No,,Yes,Yes,Yes,,No,2026-08-05T23:29:29,2026-08-05T23:29:33
ID000061,Carey-Mulligan,01.jpg,Real,No,Yes,Yes,Yes,,,No,2026-08-05T23:29:34,2026-08-05T23:29:50
ID000061,Carey-Mulligan,02.jpg,Real,No,Yes,Yes,Yes,,,No,2026-08-05T23:29:50,2026-08-05T23:29:55
ID000061,Carey-Mulligan,01.png,Fake,No,,Yes,Yes,Yes,,No,2026-08-05T23:29:56,2026-08-05T23:30:02
ID000061,Carey-Mulligan,02.png,Fake,No,,Yes,Yes,Yes,,No,2026-08-05T23:30:02,2026-08-05T23:30:06
ID000062,Carla-Gugino,01.jpg,Real,Yes,Yes,Yes,Yes,,,Yes,2026-08-05T23:30:17,2026-08-05T23:30:18
ID000062,Carla-Gugino,02.jpg,Real,Yes,Yes,Yes,Yes,,,Yes,2026-08-05T23:30:19,2026-08-05T23:30:22
ID000062,Carla-Gugino,01.jpg,Fake,No,,Yes,Yes,Yes,,No,2026-08-05T23:30:22,2026-08-05T23:30:28
ID000062,Carla-Gugino,02.jpg,Fake,No,,Yes,Yes,Yes,,No,2026-08-05T23:30:28,2026-08-05T23:30:32
ID000062,Carla-Gugino,03.jpg,Fake,No,,Yes,Yes,No,,No,2026-08-05T23:30:32,2026-08-05T23:30:38
ID000054,Bruce-Willis,01.jpg,Real,Yes,Yes,Yes,Yes,,,Yes,2026-08-05T23:30:39,2026-08-05T23:30:44
ID000054,Bruce-Willis,02.jpg,Real,Yes,Yes,Yes,Yes,,,Yes,2026-08-05T23:30:44,2026-08-05T23:30:48
ID000054,Bruce-Willis,01.jpg,Fake,No,,No,No,Yes,,No,2026-08-05T23:30:50,2026-08-05T23:30:56
ID000311,Rohit-Paudel,01.jpg,Real,Yes,Yes,Yes,Yes,,,Yes,2026-08-05T23:30:57,2026-08-05T23:31:02
ID000311,Rohit-Paudel,02.webp,Real,Yes,Yes,Yes,Yes,,,Yes,2026-08-05T23:31:02,2026-08-05T23:31:06
ID000311,Rohit-Paudel,03.png,Real,Yes,Yes,Yes,No,,,No,2026-08-05T23:31:06,2026-08-05T23:31:12
ID000311,Rohit-Paudel,1.png,Fake,Yes,,Yes,No,No,,No,2026-08-05T23:31:13,2026-08-05T23:31:18
ID000146,Ibrahim-Traoré,01.jpg,Real,Yes,Yes,Yes,Yes,,,Yes,2026-08-05T23:31:19,2026-08-05T23:31:24
ID000146,Ibrahim-Traoré,02.jpg,Fake,Yes,,Yes,No,No,,No,2026-08-05T23:31:24,2026-08-05T23:31:32
ID000316,Rose-Byrne,01.jpg,Real,Yes,Yes,Yes,Yes,,,Yes,2026-08-05T23:31:33,2026-08-05T23:31:38
ID000316,Rose-Byrne,02.jpg,Real,Yes,Yes,Yes,Yes,,,Yes,2026-08-05T23:31:38,2026-08-05T23:31:42
ID000316,Rose-Byrne,01.jpg,Fake,No,,Yes,Yes,Yes,,No,2026-08-05T23:31:43,2026-08-05T23:31:50
ID000144,ID000582-Nicole-Kidman,01.jpg,Real,Yes,Yes,Yes,Yes,,,Yes,2026-08-05T23:31:51,2026-08-05T23:31:56
ID000144,ID000582-Nicole-Kidman,02.png,Real,Yes,Yes,Yes,Yes,,,Yes,2026-08-05T23:31:56,2026-08-05T23:32:00
ID000144,ID000582-Nicole-Kidman,01.jpg,Fake,No,,Yes,Yes,Yes,,No,2026-08-05T23:32:01,2026-08-05T23:32:05
ID000144,ID000582-Nicole-Kidman,02.jpg,Fake,Yes,,Yes,Yes,Yes,,Yes,2026-08-05T23:32:05,2026-08-05T23:32:11
ID000144,ID000582-Nicole-Kidman,03.jpg,Fake,Yes,,No,No,No,,No,2026-08-05T23:32:11,2026-08-05T23:32:21
ID000144,ID000582-Nicole-Kidman,04.jpg,Fake,No,,Yes,No,No,,No,2026-08-05T23:32:22,2026-08-05T23:32:32
ID000144,ID000582-Nicole-Kidman,05.png,Fake,Yes,,Yes,Yes,No,,Yes,2026-08-05T23:32:32,2026-08-05T23:32:38
ID000084,David-Miller,01.png,Real,Yes,Yes,Yes,Yes,,,Yes,2026-08-05T23:32:39,2026-08-05T23:32:43
ID000084,David-Miller,01.jpg,Fake,No,,Yes,No,No,,No,2026-08-05T23:32:43,2026-08-05T23:32:48
ID000084,David-Miller,02.jpg,Fake,Yes,,Yes,Yes,Yes,,Yes,2026-08-05T23:32:48,2026-08-05T23:32:54
ID000047,Beyonacca,01.png,Real,Yes,Yes,Yes,Yes,,,Yes,2026-08-05T23:32:54,2026-08-05T23:32:58
ID000047,Beyonacca,01.png,Fake,Yes,,Yes,Yes,No,,Yes,2026-08-05T23:32:59,2026-08-05T23:33:05
ID000047,Beyonacca,02.jpg,Fake,Yes,,Yes,Yes,Yes,,Yes,2026-08-05T23:33:05,2026-08-05T23:33:09
ID000047,Beyonacca,03.jpg,Fake,No,,Yes,Yes,Yes,,No,2026-08-05T23:33:09,2026-08-05T23:33:15
ID000369,William-Shatner,01.jpg,Real,Yes,Yes,Yes,Yes,,,Yes,2026-08-05T23:33:17,2026-08-05T23:33:23
ID000369,William-Shatner,02.jpg,Real,Yes,Yes,Yes,No,,,No,2026-08-05T23:33:23,2026-08-05T23:33:36
ID000369,William-Shatner,01.jpg,Fake,Yes,,Yes,No,No,,No,2026-08-05T23:33:37,2026-08-05T23:33:53
ID000369,William-Shatner,02.jpg,Fake,Yes,,Yes,Yes,No,,Yes,2026-08-05T23:33:53,2026-08-05T23:33:57
ID000369,William-Shatner,03.jpg,Fake,No,,Yes,Yes,No,,No,2026-08-05T23:33:57,2026-08-05T23:34:02
ID000108,Eugenio-Derbez,01.png,Real,No,Yes,Yes,No,,,No,2026-08-05T23:34:03,2026-08-05T23:34:12
ID000108,Eugenio-Derbez,02.jpg,Real,Yes,Yes,Yes,Yes,,,Yes,2026-08-05T23:34:12,2026-08-05T23:34:17
ID000108,Eugenio-Derbez,03.jpg,Real,Yes,Yes,Yes,Yes,,,Yes,2026-08-05T23:34:17,2026-08-05T23:34:21
ID000108,Eugenio-Derbez,01.jpg,Fake,No,,Yes,Yes,No,,No,2026-08-05T23:34:22,2026-08-05T23:34:28
ID000108,Eugenio-Derbez,02.jpg,Fake,No,,Yes,Yes,Yes,,No,2026-08-05T23:34:29,2026-08-05T23:34:34
ID000108,Eugenio-Derbez,03.jpg,Fake,Yes,,Yes,Yes,Yes,,Yes,2026-08-05T23:34:34,2026-08-05T23:34:39
ID000108,Eugenio-Derbez,04.png,Fake,No,,Yes,Yes,No,,No,2026-08-05T23:34:39,2026-08-05T23:34:47
ID000294,Pedro-Pascal,01.jpg,Real,Yes,Yes,Yes,Yes,,,Yes,2026-08-05T23:34:48,2026-08-05T23:34:54
ID000294,Pedro-Pascal,02.jpg,Real,Yes,Yes,Yes,Yes,,,Yes,2026-08-05T23:34:54,2026-08-05T23:34:58
ID000294,Pedro-Pascal,01.jpg,Fake,Yes,,Yes,Yes,Yes,,Yes,2026-08-05T23:34:59,2026-08-05T23:35:04
ID000294,Pedro-Pascal,02.jpg,Fake,Yes,,Yes,Yes,Yes,,Yes,2026-08-05T23:35:04,2026-08-05T23:35:09
ID000294,Pedro-Pascal,03.jpg,Fake,No,,Yes,Yes,Yes,,No,2026-08-05T23:35:10,2026-08-05T23:35:14
ID000074,Christopher-Walken,01.jpg,Real,Yes,Yes,Yes,Yes,,,Yes,2026-08-05T23:35:16,2026-08-05T23:35:20
ID000074,Christopher-Walken,02.jpg,Real,Yes,Yes,Yes,No,,,No,2026-08-05T23:35:20,2026-08-05T23:35:26
ID000074,Christopher-Walken,03.jpg,Real,Yes,Yes,Yes,Yes,,,Yes,2026-08-05T23:35:26,2026-08-05T23:35:31
ID000074,Christopher-Walken,01.jpg,Fake,Yes,,Yes,Yes,Yes,,Yes,2026-08-05T23:35:32,2026-08-05T23:35:36
ID000074,Christopher-Walken,03.png,Fake,Yes,,Yes,No,Yes,,No,2026-08-05T23:35:36,2026-08-05T23:35:43
ID000074,Christopher-Walken,04.jpg,Fake,No,,Yes,Yes,Yes,,No,2026-08-05T23:35:43,2026-08-05T23:35:49
ID000074,Christopher-Walken,05.jpg,Fake,Yes,,Yes,Yes,Yes,,Yes,2026-08-05T23:35:49,2026-08-05T23:35:56
ID000188,Johnny-Depp,01.jpg,Real,Yes,Yes,Yes,Yes,,,Yes,2026-08-05T23:35:57,2026-08-05T23:36:01
ID000188,Johnny-Depp,02.jpg,Real,Yes,Yes,Yes,Yes,,,Yes,2026-08-05T23:36:01,2026-08-05T23:36:05
ID000188,Johnny-Depp,03.jpg,Real,Yes,Yes,Yes,Yes,,,Yes,2026-08-05T23:36:05,2026-08-05T23:36:10
ID000188,Johnny-Depp,01.jpg,Fake,Yes,,Yes,Yes,Yes,,Yes,2026-08-05T23:36:12,2026-08-05T23:36:16
ID000066,Charlize-Theron,01.jpg,Real,Yes,Yes,Yes,Yes,,,Yes,2026-08-05T23:36:17,2026-08-05T23:36:22
ID000066,Charlize-Theron,02.jpg,Real,Yes,Yes,Yes,Yes,,,Yes,2026-08-05T23:36:22,2026-08-05T23:36:27
ID000066,Charlize-Theron,03.jpg,Real,Yes,Yes,Yes,Yes,,,Yes,2026-08-05T23:36:27,2026-08-05T23:36:30
ID000066,Charlize-Theron,01.jpg,Fake,Yes,,Yes,No,Yes,,No,2026-08-05T23:36:31,2026-08-05T23:36:40
ID000066,Charlize-Theron,02.jpg,Fake,Yes,,Yes,Yes,Yes,,Yes,2026-08-05T23:36:40,2026-08-05T23:36:45
ID000066,Charlize-Theron,03.jpg,Fake,Yes,,Yes,Yes,Yes,,Yes,2026-08-05T23:36:45,2026-08-05T23:36:48
ID000066,Charlize-Theron,04.jpg,Fake,Yes,,Yes,Yes,Yes,,Yes,2026-08-05T23:36:48,2026-08-05T23:36:53
ID000066,Charlize-Theron,05.jpg,Fake,No,,Yes,Yes,Yes,,No,2026-08-05T23:36:53,2026-08-05T23:37:02
ID000024,Anna-Wintour,01.jpg,Real,Yes,Yes,Yes,Yes,,,Yes,2026-08-05T23:37:07,2026-08-05T23:37:15
ID000024,Anna-Wintour,02.jpg,Real,Yes,Yes,Yes,Yes,,,Yes,2026-08-05T23:37:15,2026-08-05T23:37:18
ID000024,Anna-Wintour,01.jpg,Fake,Yes,,Yes,Yes,Yes,,Yes,2026-08-05T23:37:19,2026-08-05T23:37:24
ID000024,Anna-Wintour,02.jpg,Fake,Yes,,Yes,Yes,No,,Yes,2026-08-05T23:37:24,2026-08-05T23:37:29
ID000024,Anna-Wintour,03.jpg,Fake,Yes,,Yes,Yes,Yes,,Yes,2026-08-05T23:37:29,2026-08-05T23:37:37
ID000032,Ashley-Judd,01.jpg,Real,Yes,Yes,Yes,Yes,,,Yes,2026-08-05T23:37:38,2026-08-05T23:37:42
ID000032,Ashley-Judd,02.jpg,Real,Yes,Yes,Yes,Yes,,,Yes,2026-08-05T23:37:42,2026-08-05T23:37:46
ID000032,Ashley-Judd,02.jpg,Fake,No,,No,Yes,Yes,,No,2026-08-05T23:37:48,2026-08-05T23:37:57
ID000032,Ashley-Judd,03.jpg,Fake,Yes,,Yes,Yes,Yes,,Yes,2026-08-05T23:37:57,2026-08-05T23:38:01
ID000174,Jessica-Alba,01.jpg,Real,Yes,Yes,Yes,Yes,,,Yes,2026-08-05T23:38:02,2026-08-05T23:38:06
ID000174,Jessica-Alba,02.jpg,Real,Yes,Yes,Yes,Yes,,,Yes,2026-08-05T23:38:06,2026-08-05T23:38:09
ID000174,Jessica-Alba,03.jpg,Real,Yes,Yes,Yes,Yes,,,Yes,2026-08-05T23:38:15,2026-08-05T23:38:19
ID000174,Jessica-Alba,01.jpg,Fake,No,,Yes,Yes,Yes,,No,2026-08-05T23:38:20,2026-08-05T23:38:25
ID000174,Jessica-Alba,02.jpg,Fake,No,,Yes,Yes,Yes,,No,2026-08-05T23:38:25,2026-08-05T23:38:30
ID000174,Jessica-Alba,03.jpg,Fake,No,,Yes,No,No,,No,2026-08-05T23:38:30,2026-08-05T23:38:39
ID000170,Jennifer-Aniston,01.jpg,Real,Yes,Yes,Yes,Yes,,,Yes,2026-08-05T23:38:41,2026-08-05T23:38:45
ID000170,Jennifer-Aniston,02.jpg,Real,Yes,Yes,Yes,Yes,,,Yes,2026-08-05T23:38:45,2026-08-05T23:38:49
ID000170,Jennifer-Aniston,03.jpg,Real,Yes,Yes,Yes,Yes,,,Yes,2026-08-05T23:38:50,2026-08-05T23:38:55
ID000170,Jennifer-Aniston,01.jpg,Fake,Yes,,Yes,Yes,No,,Yes,2026-08-05T23:38:57,2026-08-05T23:39:03
ID000262,Michelle-Pfeiffer,01.jpg,Real,Yes,Yes,Yes,Yes,,,Yes,2026-08-05T23:39:04,2026-08-05T23:39:15
ID000262,Michelle-Pfeiffer,02.jpg,Real,Yes,Yes,Yes,No,,,No,2026-08-05T23:39:15,2026-08-05T23:39:23
ID000262,Michelle-Pfeiffer,01.jpg,Fake,No,,Yes,Yes,Yes,,No,2026-08-05T23:39:32,2026-08-05T23:39:38
ID000262,Michelle-Pfeiffer,02.jpg,Fake,Yes,,Yes,Yes,No,,Yes,2026-08-05T23:39:38,2026-08-05T23:39:42
ID000262,Michelle-Pfeiffer,03.jpg,Fake,Yes,,Yes,Yes,Yes,,Yes,2026-08-05T23:39:42,2026-08-05T23:39:45
ID000262,Michelle-Pfeiffer,04.jpg,Fake,No,,Yes,Yes,No,,No,2026-08-05T23:39:45,2026-08-05T23:39:57
ID000133,Hania-Amir,01.jpg,Real,Yes,Yes,Yes,Yes,,,Yes,2026-08-05T23:39:58,2026-08-05T23:40:04
ID000133,Hania-Amir,02.jpg,Real,Yes,Yes,Yes,Yes,,,Yes,2026-08-05T23:40:04,2026-08-05T23:40:08
ID000133,Hania-Amir,03.png,Real,Yes,Yes,Yes,No,,,No,2026-08-05T23:40:08,2026-08-05T23:40:14
ID000133,Hania-Amir,01.jpg,Fake,Yes,,Yes,No,No,,No,2026-08-05T23:40:15,2026-08-05T23:40:20
ID000133,Hania-Amir,02.jpg,Fake,Yes,,Yes,No,No,,No,2026-08-05T23:40:21,2026-08-05T23:40:30
ID000133,Hania-Amir,03.jpg,Fake,No,,Yes,Yes,No,,No,2026-08-05T23:40:30,2026-08-05T23:40:39
ID000133,Hania-Amir,04.jpg,Fake,No,,Yes,Yes,Yes,,No,2026-08-05T23:40:39,2026-08-05T23:40:46
ID000133,Hania-Amir,05.png,Fake,Yes,,Yes,No,No,,No,2026-08-05T23:40:46,2026-08-05T23:40:53
ID000085,Demet-Özdemir,01.jpg,Real,Yes,Yes,Yes,Yes,,,Yes,2026-08-05T23:40:54,2026-08-05T23:40:58
ID000085,Demet-Özdemir,02.jpg,Real,Yes,Yes,Yes,No,,,No,2026-08-05T23:40:58,2026-08-05T23:41:04
ID000085,Demet-Özdemir,01.jpg,Fake,Yes,,Yes,No,No,,No,2026-08-05T23:41:05,2026-08-05T23:41:10
ID000085,Demet-Özdemir,02.png,Fake,Yes,,Yes,Yes,Yes,,Yes,2026-08-05T23:41:10,2026-08-05T23:41:14
ID000354,Timothée-Chalamet,01.jpg,Real,Yes,Yes,Yes,Yes,,,Yes,2026-08-05T23:41:15,2026-08-05T23:41:19
ID000354,Timothée-Chalamet,02.jpg,Real,Yes,Yes,Yes,Yes,,,Yes,2026-08-05T23:41:19,2026-08-05T23:41:23
ID000354,Timothée-Chalamet,03.jpg,Real,Yes,Yes,Yes,Yes,,,Yes,2026-08-05T23:41:23,2026-08-05T23:41:28
ID000354,Timothée-Chalamet,01.jpg,Fake,Yes,,Yes,Yes,Yes,,Yes,2026-08-05T23:41:30,2026-08-05T23:41:35
ID000354,Timothée-Chalamet,02.jpg,Fake,Yes,,Yes,Yes,Yes,,No,2026-08-05T23:41:35,2026-08-05T23:41:40
ID000354,Timothée-Chalamet,03.jpg,Fake,Yes,,Yes,Yes,Yes,,Yes,2026-08-05T23:41:40,2026-08-05T23:41:46
ID000354,Timothée-Chalamet,04.jpg,Fake,Yes,,Yes,Yes,Yes,,No,2026-08-05T23:41:46,2026-08-05T23:41:50
ID000354,Timothée-Chalamet,05.png,Fake,Yes,,Yes,Yes,No,,Yes,2026-08-05T23:41:50,2026-08-05T23:41:56
ID000168,Jenna-Ortega,01.jpg,Real,Yes,Yes,Yes,Yes,,,Yes,2026-08-05T23:42:10,2026-08-05T23:42:16
ID000168,Jenna-Ortega,02.jpg,Real,Yes,Yes,Yes,Yes,,,Yes,2026-08-05T23:42:16,2026-08-05T23:42:21
ID000168,Jenna-Ortega,03.jpg,Real,Yes,Yes,Yes,Yes,,,Yes,2026-08-05T23:42:21,2026-08-05T23:42:25
ID000168,Jenna-Ortega,01.jpg,Fake,No,,Yes,No,No,,No,2026-08-05T23:42:26,2026-08-05T23:42:34
ID000168,Jenna-Ortega,02.jpg,Fake,No,,Yes,Yes,No,,No,2026-08-05T23:42:34,2026-08-05T23:42:39
ID000168,Jenna-Ortega,03.jpg,Fake,Yes,,Yes,Yes,No,,Yes,2026-08-05T23:42:39,2026-08-05T23:42:43
ID000168,Jenna-Ortega,04.jpg,Fake,Yes,,Yes,Yes,No,,Yes,2026-08-05T23:42:43,2026-08-05T23:42:47
ID000168,Jenna-Ortega,05.jpg,Fake,Yes,,Yes,Yes,No,,Yes,2026-08-05T23:42:47,2026-08-05T23:42:51
ID000028,Antonio-Banderas,01.jpg,Real,Yes,Yes,Yes,Yes,,,Yes,2026-08-05T23:42:52,2026-08-05T23:42:55
ID000028,Antonio-Banderas,02.jpg,Real,Yes,Yes,Yes,Yes,,,Yes,2026-08-05T23:42:55,2026-08-05T23:42:58
ID000028,Antonio-Banderas,01.jpg,Fake,No,,Yes,Yes,Yes,,No,2026-08-05T23:42:59,2026-08-05T23:43:03
ID000028,Antonio-Banderas,02.jpg,Fake,No,,Yes,Yes,Yes,,No,2026-08-05T23:43:03,2026-08-05T23:43:08
ID000028,Antonio-Banderas,03.jpg,Fake,Yes,,Yes,Yes,Yes,,Yes,2026-08-05T23:43:08,2026-08-05T23:43:12
ID000028,Antonio-Banderas,04.jpg,Fake,No,,Yes,Yes,Yes,,No,2026-08-05T23:43:12,2026-08-05T23:43:16
ID000028,Antonio-Banderas,05.png,Fake,Yes,,Yes,Yes,Yes,,Yes,2026-08-05T23:43:16,2026-08-05T23:43:21
ID000256,Michael-Cera,01.jpg,Real,Yes,Yes,Yes,Yes,,,Yes,2026-08-05T23:43:22,2026-08-05T23:43:27
ID000256,Michael-Cera,01.jpg,Fake,No,,Yes,No,Yes,,No,2026-08-05T23:43:28,2026-08-05T23:43:37
ID000256,Michael-Cera,02.png,Fake,No,,Yes,Yes,Yes,,No,2026-08-05T23:43:37,2026-08-05T23:43:46
ID000042,Ben-Kingsley,01.jpg,Real,Yes,Yes,Yes,Yes,,,Yes,2026-08-05T23:43:47,2026-08-05T23:43:50
ID000042,Ben-Kingsley,02.jpg,Real,Yes,Yes,Yes,Yes,,,Yes,2026-08-05T23:43:50,2026-08-05T23:43:54
ID000042,Ben-Kingsley,01.jpg,Fake,Yes,,Yes,Yes,Yes,,Yes,2026-08-05T23:43:55,2026-08-05T23:43:58
ID000042,Ben-Kingsley,02.jpg,Fake,No,,Yes,Yes,Yes,,No,2026-08-05T23:43:58,2026-08-05T23:44:03
ID000370,Winona-Ryder,01.jpg,Real,Yes,Yes,Yes,Yes,,,Yes,2026-08-05T23:44:05,2026-08-05T23:44:11
ID000370,Winona-Ryder,01.jpg,Fake,No,,Yes,No,Yes,,No,2026-08-05T23:44:12,2026-08-05T23:44:17
ID000370,Winona-Ryder,04.jpg,Fake,No,,No,No,No,,No,2026-08-05T23:44:17,2026-08-05T23:44:22
ID000142,Holly-Hunter,01.jpg,Real,Yes,Yes,Yes,No,,,No,2026-08-05T23:44:22,2026-08-05T23:44:28
ID000142,Holly-Hunter,02.jpg,Real,Yes,Yes,Yes,Yes,,,Yes,2026-08-05T23:44:28,2026-08-05T23:44:33
ID000142,Holly-Hunter,01.png,Fake,No,,Yes,No,No,,No,2026-08-05T23:44:33,2026-08-05T23:44:41
ID000010,Alec-Baldwin,01.jpg,Real,Yes,Yes,Yes,No,,,No,2026-08-05T23:44:42,2026-08-05T23:44:54
ID000010,Alec-Baldwin,02.jpg,Real,Yes,Yes,Yes,Yes,,,Yes,2026-08-05T23:44:54,2026-08-05T23:44:59
ID000010,Alec-Baldwin,03.jpg,Real,Yes,Yes,Yes,Yes,,,Yes,2026-08-05T23:45:00,2026-08-05T23:45:05
ID000010,Alec-Baldwin,01.jpg,Fake,No,,Yes,Yes,Yes,,No,2026-08-05T23:45:06,2026-08-05T23:45:12
ID000010,Alec-Baldwin,02.jpg,Fake,No,,Yes,Yes,Yes,,No,2026-08-05T23:45:12,2026-08-05T23:45:19
ID000305,Robert-Downey-Jr,01.jpg,Real,Yes,Yes,Yes,Yes,,,Yes,2026-08-05T23:45:20,2026-08-05T23:45:25
ID000305,Robert-Downey-Jr,02.png,Real,Yes,Yes,Yes,Yes,,,Yes,2026-08-05T23:45:25,2026-08-05T23:45:29
ID000305,Robert-Downey-Jr,03.jpg,Real,Yes,Yes,Yes,Yes,,,Yes,2026-08-05T23:45:29,2026-08-05T23:45:32
ID000305,Robert-Downey-Jr,01.jpg,Fake,Yes,,Yes,Yes,Yes,,Yes,2026-08-05T23:45:33,2026-08-05T23:45:39
ID000305,Robert-Downey-Jr,02.jpg,Fake,Yes,,Yes,Yes,Yes,,Yes,2026-08-05T23:45:39,2026-08-05T23:45:49
ID000305,Robert-Downey-Jr,03.jpg,Fake,Yes,,Yes,Yes,Yes,,Yes,2026-08-05T23:45:49,2026-08-05T23:45:53
ID000305,Robert-Downey-Jr,04.png,Fake,No,,Yes,No,No,,No,2026-08-05T23:45:53,2026-08-05T23:46:00
ID000143,Humphrey-Bogart,01.jpg,Real,Yes,Yes,Yes,Yes,,,Yes,2026-08-05T23:46:01,2026-08-05T23:46:06
ID000143,Humphrey-Bogart,02.jpg,Real,Yes,Yes,Yes,Yes,,,Yes,2026-08-05T23:46:06,2026-08-05T23:46:10
ID000143,Humphrey-Bogart,03.jpg,Real,Yes,Yes,Yes,Yes,,,Yes,2026-08-05T23:46:10,2026-08-05T23:46:16
ID000143,Humphrey-Bogart,01.jpg,Fake,Yes,,Yes,Yes,Yes,,Yes,2026-08-05T23:46:17,2026-08-05T23:46:24
ID000143,Humphrey-Bogart,02.jpg,Fake,No,,Yes,Yes,Yes,,No,2026-08-05T23:46:24,2026-08-05T23:46:32
ID000267,Mohamed-Salah,01.jpg,Real,Yes,Yes,Yes,Yes,,,Yes,2026-08-05T23:46:33,2026-08-05T23:46:41
ID000267,Mohamed-Salah,02.jpg,Real,Yes,Yes,Yes,Yes,,,Yes,2026-08-05T23:46:41,2026-08-05T23:46:49
ID000267,Mohamed-Salah,01.png,Fake,No,,No,No,Yes,,No,2026-08-05T23:46:50,2026-08-05T23:46:57
ID000267,Mohamed-Salah,02.png,Fake,No,,Yes,Yes,No,,No,2026-08-05T23:46:57,2026-08-05T23:47:03
ID000389,narendra-modi,01.jpg,Real,Yes,Yes,Yes,Yes,,,Yes,2026-08-05T23:47:05,2026-08-05T23:47:09
ID000389,narendra-modi,02.jpg,Real,Yes,Yes,Yes,Yes,,,Yes,2026-08-05T23:47:09,2026-08-05T23:47:13
ID000389,narendra-modi,03.jpg,Real,Yes,Yes,Yes,Yes,,,Yes,2026-08-05T23:47:13,2026-08-05T23:47:23
ID000389,narendra-modi,01.jpg,Fake,No,,Yes,No,No,,No,2026-08-05T23:47:23,2026-08-05T23:47:29
ID000389,narendra-modi,01.png,Fake,Yes,,Yes,Yes,Yes,,Yes,2026-08-05T23:47:29,2026-08-05T23:47:36
ID000389,narendra-modi,02.jpg,Fake,Yes,,Yes,Yes,Yes,,Yes,2026-08-05T23:47:36,2026-08-05T23:47:41
ID000389,narendra-modi,63.png,Fake,Yes,,Yes,Yes,Yes,,Yes,2026-08-05T23:47:41,2026-08-05T23:47:54
ID000044,Benicio-del-Toro,01.jpg,Real,Yes,Yes,Yes,Yes,,,Yes,2026-08-05T23:47:55,2026-08-05T23:47:59
ID000044,Benicio-del-Toro,02.jpg,Real,Yes,Yes,Yes,Yes,,,Yes,2026-08-05T23:47:59,2026-08-05T23:48:04
ID000044,Benicio-del-Toro,03.jpg,Real,Yes,Yes,Yes,Yes,,,Yes,2026-08-05T23:48:04,2026-08-05T23:48:10
ID000044,Benicio-del-Toro,02.jpg,Fake,No,,Yes,No,Yes,,No,2026-08-05T23:48:11,2026-08-05T23:48:20
ID000044,Benicio-del-Toro,03.jpg,Fake,Yes,,Yes,Yes,Yes,,Yes,2026-08-05T23:48:20,2026-08-05T23:48:25
ID000044,Benicio-del-Toro,04.jpg,Fake,No,,Yes,Yes,Yes,,No,2026-08-05T23:48:25,2026-08-05T23:48:30
ID000285,Norman-Swan,01.jpg,Real,Yes,Yes,Yes,Yes,,,Yes,2026-08-05T23:48:33,2026-08-05T23:48:38
ID000285,Norman-Swan,02.jpg,Real,Yes,Yes,Yes,Yes,,,Yes,2026-08-05T23:48:38,2026-08-05T23:48:44
ID000285,Norman-Swan,03.jpg,Real,Yes,Yes,Yes,Yes,,,Yes,2026-08-05T23:48:44,2026-08-05T23:48:48
ID000285,Norman-Swan,02.jpg,Fake,Yes,,Yes,Yes,No,,Yes,2026-08-05T23:48:48,2026-08-05T23:48:54
ID000285,Norman-Swan,03.png,Fake,Yes,,Yes,No,No,,No,2026-08-05T23:48:54,2026-08-05T23:48:58
ID000292,Paul-Rudd,01.jpg,Real,Yes,Yes,Yes,Yes,,,Yes,2026-08-05T23:48:59,2026-08-05T23:49:04
ID000292,Paul-Rudd,01.jpg,Fake,Yes,,Yes,Yes,Yes,,Yes,2026-08-05T23:49:04,2026-08-05T23:49:09
ID000292,Paul-Rudd,02.jpg,Fake,No,,No,No,Yes,,No,2026-08-05T23:49:09,2026-08-05T23:49:15
ID000292,Paul-Rudd,03.jpg,Fake,Yes,,Yes,Yes,Yes,,No,2026-08-05T23:49:15,2026-08-05T23:49:27
ID000292,Paul-Rudd,04.jpg,Fake,Yes,,Yes,Yes,Yes,,Yes,2026-08-05T23:49:27,2026-08-05T23:49:31
ID000292,Paul-Rudd,05.jpg,Fake,No,,Yes,Yes,No,,No,2026-08-05T23:49:31,2026-08-05T23:49:35
ID000180,Joaquin-Phoenix,01.jpg,Real,Yes,Yes,Yes,Yes,,,Yes,2026-08-05T23:49:40,2026-08-05T23:49:43
ID000180,Joaquin-Phoenix,01.jpg,Fake,Yes,,Yes,Yes,Yes,,Yes,2026-08-05T23:49:44,2026-08-05T23:49:50
ID000180,Joaquin-Phoenix,02.jpg,Fake,Yes,,Yes,Yes,No,,Yes,2026-08-05T23:49:50,2026-08-05T23:49:58
ID000180,Joaquin-Phoenix,03.jpg,Fake,Yes,,Yes,Yes,No,,Yes,2026-08-05T23:49:58,2026-08-05T23:50:02
ID000180,Joaquin-Phoenix,04.png,Fake,Yes,,Yes,Yes,No,,No,2026-08-05T23:50:02,2026-08-05T23:50:06
ID000180,Joaquin-Phoenix,05.jpg,Fake,Yes,,Yes,Yes,No,,No,2026-08-05T23:50:06,2026-08-05T23:50:12
ID000398,úrsula-corberó,01.jpg,Real,Yes,Yes,Yes,Yes,,,Yes,2026-08-05T23:50:17,2026-08-05T23:50:20
ID000398,úrsula-corberó,01.jpg,Fake,No,,Yes,Yes,Yes,,No,2026-08-05T23:50:21,2026-08-05T23:50:25
ID000398,úrsula-corberó,02.jpg,Fake,No,,No,Yes,No,,No,2026-08-05T23:50:25,2026-08-05T23:50:33
ID000398,úrsula-corberó,03.jpg,Fake,Yes,,Yes,No,No,,No,2026-08-05T23:50:33,2026-08-05T23:50:48
ID000398,úrsula-corberó,Úrsula Corberó money heist.png,Fake,Yes,,Yes,Yes,No,,Yes,2026-08-05T23:50:48,2026-08-05T23:50:52
ID000338,Song-Hye-Kyo,01.jpg,Real,Yes,Yes,Yes,Yes,,,Yes,2026-08-05T23:50:53,2026-08-05T23:50:59
ID000338,Song-Hye-Kyo,02.jpg,Real,Yes,Yes,Yes,Yes,,,Yes,2026-08-05T23:50:59,2026-08-05T23:51:03
ID000338,Song-Hye-Kyo,01.jpg,Fake,No,,No,No,No,,No,2026-08-05T23:51:03,2026-08-05T23:51:14
ID000338,Song-Hye-Kyo,02.jpg,Fake,No,,Yes,Yes,No,,No,2026-08-05T23:51:14,2026-08-05T23:51:20
ID000338,Song-Hye-Kyo,05.png,Fake,No,,Yes,Yes,No,,No,2026-08-05T23:51:20,2026-08-05T23:51:26
ID000392,salman-khan,01.jpg,Real,Yes,Yes,Yes,Yes,,,Yes,2026-08-05T23:51:27,2026-08-05T23:51:32
ID000392,salman-khan,02.jpg,Real,Yes,Yes,Yes,Yes,,,Yes,2026-08-05T23:51:32,2026-08-05T23:51:36
ID000392,salman-khan,01.jpg,Fake,No,,Yes,No,Yes,,No,2026-08-05T23:51:38,2026-08-05T23:51:57
ID000392,salman-khan,02.jpg,Fake,Yes,,Yes,No,No,,No,2026-08-05T23:51:57,2026-08-05T23:52:13
ID000137,Heath-Ledger,01.jpg,Real,Yes,Yes,Yes,Yes,,,Yes,2026-08-05T23:52:13,2026-08-05T23:52:20
ID000137,Heath-Ledger,02.jpg,Real,Yes,Yes,Yes,Yes,,,Yes,2026-08-05T23:52:20,2026-08-05T23:52:23
ID000137,Heath-Ledger,03.jpg,Real,Yes,Yes,Yes,Yes,,,Yes,2026-08-05T23:52:23,2026-08-05T23:52:27
ID000137,Heath-Ledger,01.jpg,Fake,Yes,,Yes,Yes,Yes,,Yes,2026-08-05T23:52:28,2026-08-05T23:52:34
ID000137,Heath-Ledger,02.jpg,Fake,Yes,,Yes,Yes,Yes,,No,2026-08-05T23:52:34,2026-08-05T23:52:42
ID000137,Heath-Ledger,03.jpg,Fake,No,,Yes,Yes,Yes,,No,2026-08-05T23:52:42,2026-08-05T23:52:48
ID000137,Heath-Ledger,04.jpg,Fake,Yes,,Yes,Yes,No,,Yes,2026-08-05T23:52:48,2026-08-05T23:53:00
ID000137,Heath-Ledger,05.jpg,Fake,Yes,,Yes,Yes,No,,Yes,2026-08-05T23:53:00,2026-08-05T23:53:05
ID000382,florence-pugh,01.jpg,Real,Yes,Yes,Yes,Yes,,,Yes,2026-08-05T23:53:12,2026-08-05T23:53:20
ID000382,florence-pugh,02.jpg,Real,Yes,Yes,Yes,Yes,,,Yes,2026-08-05T23:53:20,2026-08-05T23:53:24
ID000382,florence-pugh,03.jpg,Real,Yes,Yes,Yes,Yes,,,Yes,2026-08-05T23:53:25,2026-08-05T23:53:36
ID000382,florence-pugh,01.jpg,Fake,No,,Yes,Yes,No,,No,2026-08-05T23:53:37,2026-08-05T23:53:48
ID000382,florence-pugh,02.png,Fake,Yes,,Yes,Yes,No,,Yes,2026-08-05T23:53:48,2026-08-05T23:53:53
ID000382,florence-pugh,03.jpg,Fake,Yes,,Yes,Yes,Yes,,Yes,2026-08-05T23:53:53,2026-08-05T23:53:57
ID000331,Sharlto-Copley,01.jpg,Real,Yes,Yes,Yes,Yes,,,Yes,2026-08-05T23:53:57,2026-08-05T23:54:03
ID000331,Sharlto-Copley,02.jpg,Real,Yes,Yes,Yes,Yes,,,Yes,2026-08-05T23:54:03,2026-08-05T23:54:07
ID000331,Sharlto-Copley,03.jpg,Real,Yes,Yes,Yes,Yes,,,Yes,2026-08-05T23:54:07,2026-08-05T23:54:11
ID000331,Sharlto-Copley,01.jpg,Fake,No,,Yes,Yes,Yes,,No,2026-08-05T23:54:11,2026-08-05T23:54:16
ID000331,Sharlto-Copley,02.png,Fake,No,,Yes,Yes,Yes,,No,2026-08-05T23:54:16,2026-08-05T23:54:24
ID000331,Sharlto-Copley,03.png,Fake,No,,Yes,Yes,Yes,,No,2026-08-05T23:54:25,2026-08-05T23:54:28
ID000361,Victor-Osimhen,01.jpg,Real,Yes,Yes,Yes,Yes,,,Yes,2026-08-05T23:54:29,2026-08-05T23:54:39
ID000361,Victor-Osimhen,02.jpg,Real,Yes,Yes,Yes,Yes,,,Yes,2026-08-05T23:54:39,2026-08-05T23:54:43
ID000361,Victor-Osimhen,01.jpg,Fake,Yes,,Yes,Yes,No,,Yes,2026-08-05T23:54:45,2026-08-05T23:54:54
ID000361,Victor-Osimhen,02.png,Fake,Yes,,No,No,No,,No,2026-08-05T23:54:54,2026-08-05T23:55:00
ID000361,Victor-Osimhen,04.jpg,Fake,Yes,,Yes,No,Yes,,No,2026-08-05T23:55:00,2026-08-05T23:55:15
ID000361,Victor-Osimhen,05.jpg,Fake,Yes,,Yes,Yes,Yes,,Yes,2026-08-05T23:55:23,2026-08-05T23:55:28
ID000361,Victor-Osimhen,images.jpg,Fake,Yes,,Yes,Yes,Yes,,No,2026-08-05T23:55:28,2026-08-05T23:55:37
ID000361,Victor-Osimhen,photo-with-victor-osimhen-1-optimized.webp,Fake,Yes,,Yes,Yes,Yes,,Yes,2026-08-05T23:55:37,2026-08-05T23:55:44
ID000356,Tom-Cruise,01.jpg,Real,Yes,Yes,Yes,Yes,,,Yes,2026-08-05T23:55:51,2026-08-05T23:55:57
ID000356,Tom-Cruise,02.jpg,Real,Yes,Yes,Yes,Yes,,,Yes,2026-08-05T23:55:57,2026-08-05T23:56:01
ID000356,Tom-Cruise,03.jpg,Real,Yes,Yes,Yes,Yes,,,Yes,2026-08-05T23:56:01,2026-08-05T23:56:05
ID000356,Tom-Cruise,01.jpg,Fake,Yes,,No,Yes,Yes,,No,2026-08-05T23:56:06,2026-08-05T23:56:19
