ID,Celebrity,Image,Type,Identity,Reliable,SingleFace,Quality,Artifact,Artifact_Explanation,Selected,AnnotationStart,AnnotationEnd
ID000291,Paul-Newman,01.jpg,Real,Yes,Yes,Yes,Yes,,,Yes,2026-08-07T11:02:14,2026-08-07T11:10:49
ID000291,Paul-Newman,02.jpg,Real,Yes,Yes,Yes,Yes,,,Yes,2026-08-07T11:10:49,2026-08-07T11:11:21
ID000291,Paul-Newman,01.jpg,Fake,Yes,,Yes,Yes,Yes,,Yes,2026-08-07T11:11:36,2026-08-07T11:12:57
ID000291,Paul-Newman,02.jpg,Fake,No,,Yes,Yes,No,,No,2026-08-07T11:12:57,2026-08-07T11:15:42
ID000291,Paul-Newman,03.jpg,Fake,Yes,,Yes,Yes,Yes,,Yes,2026-08-07T11:15:43,2026-08-07T11:16:40
ID000384,kriti-sanon,01.jpg,Real,Yes,Yes,Yes,Yes,,,Yes,2026-08-07T11:16:42,2026-08-07T11:18:28
ID000384,kriti-sanon,01.jpg,Fake,Yes,,Yes,Yes,Yes,,Yes,2026-08-07T11:18:30,2026-08-07T11:18:57
ID000384,kriti-sanon,02.jpg,Fake,Yes,,Yes,Yes,Yes,,Yes,2026-08-07T11:18:57,2026-08-07T11:19:21
ID000237,Marc-Benioff,01.jpg,Real,Yes,Yes,Yes,Yes,,,Yes,2026-08-07T11:19:22,2026-08-07T11:19:49
ID000237,Marc-Benioff,01.jpg,Fake,No,,Yes,Yes,No,,No,2026-08-07T11:19:50,2026-08-07T11:20:10
ID000237,Marc-Benioff,02.jpg,Fake,Yes,,Yes,Yes,Yes,,Yes,2026-08-07T11:20:10,2026-08-07T11:22:34
ID000110,Eva-Mendes,01.jpg,Real,Yes,Yes,Yes,Yes,,,Yes,2026-08-07T11:22:35,2026-08-07T11:23:14
ID000110,Eva-Mendes,02.jpg,Real,Yes,Yes,Yes,Yes,,,Yes,2026-08-07T11:23:14,2026-08-07T11:24:03
ID000110,Eva-Mendes,01.jpg,Fake,Yes,,Yes,Yes,Yes,,Yes,2026-08-07T11:24:04,2026-08-07T11:24:16
ID000110,Eva-Mendes,02.jpg,Fake,Yes,,Yes,Yes,No,,Yes,2026-08-07T11:24:16,2026-08-07T11:24:26
ID000110,Eva-Mendes,03.jpg,Fake,Yes,,Yes,Yes,No,,Yes,2026-08-07T11:24:26,2026-08-07T11:24:34
ID000134,Hannah-Stocking,01.png,Real,Yes,Yes,Yes,Yes,,,Yes,2026-08-07T11:24:37,2026-08-07T11:25:39
ID000134,Hannah-Stocking,02.jpg,Real,Yes,Yes,Yes,Yes,,,Yes,2026-08-07T11:25:40,2026-08-07T11:25:46
ID000134,Hannah-Stocking,01.jpg,Fake,No,,Yes,Yes,No,,No,2026-08-07T11:25:48,2026-08-07T11:25:59
ID000134,Hannah-Stocking,02.jpg,Fake,No,,Yes,Yes,No,,No,2026-08-07T11:25:59,2026-08-07T11:26:26
ID000134,Hannah-Stocking,03.jpg,Fake,Yes,,Yes,Yes,Yes,,Yes,2026-08-07T11:26:27,2026-08-07T11:26:35
ID000134,Hannah-Stocking,04.jpg,Fake,No,,Yes,Yes,Yes,,No,2026-08-07T11:26:35,2026-08-07T11:26:55
ID000141,Hiroyuki-Sanada,01.jpg,Real,Yes,Yes,Yes,Yes,,,Yes,2026-08-07T11:26:57,2026-08-07T11:27:15
ID000141,Hiroyuki-Sanada,02.jpg,Real,Yes,Yes,Yes,Yes,,,Yes,2026-08-07T11:27:15,2026-08-07T11:27:20
ID000141,Hiroyuki-Sanada,01.png,Fake,No,,Yes,Yes,Yes,,No,2026-08-07T11:27:22,2026-08-07T11:27:36
ID000141,Hiroyuki-Sanada,02.jpg,Fake,Yes,,Yes,Yes,No,,Yes,2026-08-07T11:27:37,2026-08-07T11:27:46
ID000347,Tate-McRae,01.jpg,Real,No,Yes,Yes,Yes,,,No,2026-08-07T11:27:48,2026-08-07T11:30:09
ID000347,Tate-McRae,01.png,Fake,Yes,,Yes,Yes,No,,Yes,2026-08-07T11:30:12,2026-08-07T11:31:39
ID000347,Tate-McRae,02.jpg,Fake,No,,Yes,Yes,No,,No,2026-08-07T11:31:40,2026-08-07T11:32:29
ID000347,Tate-McRae,03.jpg,Fake,Yes,,Yes,Yes,No,,Yes,2026-08-07T11:32:30,2026-08-07T11:33:26
ID000347,Tate-McRae,04.png,Fake,No,,Yes,Yes,Yes,,No,2026-08-07T11:33:27,2026-08-07T11:33:44
ID000365,Walter-Matthau,01.jpg,Real,Yes,Yes,Yes,Yes,,,Yes,2026-08-07T11:33:46,2026-08-07T11:34:01
ID000365,Walter-Matthau,02.jpg,Real,Yes,Yes,Yes,Yes,,,Yes,2026-08-07T11:34:01,2026-08-07T11:34:06
ID000365,Walter-Matthau,01.png,Fake,Yes,,Yes,Yes,Yes,,Yes,2026-08-07T11:34:07,2026-08-07T11:34:22
ID000365,Walter-Matthau,02.png,Fake,Yes,,Yes,Yes,Yes,,Yes,2026-08-07T11:34:22,2026-08-07T11:34:31
ID000365,Walter-Matthau,04.png,Fake,No,,Yes,Yes,Yes,,No,2026-08-07T11:34:31,2026-08-07T11:34:39
ID000081,Daniel-Radcliffe,01.jpg,Real,Yes,Yes,Yes,Yes,,,Yes,2026-08-07T11:34:42,2026-08-07T11:34:53
ID000081,Daniel-Radcliffe,02.jpg,Real,Yes,Yes,Yes,Yes,,,Yes,2026-08-07T11:34:53,2026-08-07T11:34:59
ID000081,Daniel-Radcliffe,01.jpg,Fake,Yes,,Yes,Yes,Yes,,No,2026-08-07T11:35:01,2026-08-07T11:35:07
ID000081,Daniel-Radcliffe,02.jpg,Fake,Yes,,Yes,Yes,Yes,,No,2026-08-07T11:35:08,2026-08-07T11:35:26
ID000081,Daniel-Radcliffe,03.jpg,Fake,No,,Yes,Yes,Yes,,No,2026-08-07T11:35:26,2026-08-07T11:35:37
ID000081,Daniel-Radcliffe,04.jpg,Fake,Yes,,Yes,Yes,Yes,,No,2026-08-07T11:35:37,2026-08-07T11:35:56
ID000081,Daniel-Radcliffe,05.jpg,Fake,Yes,,Yes,Yes,Yes,,No,2026-08-07T11:35:56,2026-08-07T11:36:06
ID000081,Daniel-Radcliffe,06.jpg,Fake,Yes,,Yes,Yes,Yes,,Yes,2026-08-07T11:36:06,2026-08-07T11:36:13
ID000100,Emily-Blunt,01.jpg,Real,Yes,Yes,Yes,Yes,,,Yes,2026-08-07T11:36:40,2026-08-07T11:37:04
ID000100,Emily-Blunt,01.jpg,Fake,Yes,,Yes,Yes,Yes,,No,2026-08-07T11:37:05,2026-08-07T11:37:15
ID000100,Emily-Blunt,02.jpg,Fake,Yes,,Yes,Yes,Yes,,Yes,2026-08-07T11:37:15,2026-08-07T11:37:49
ID000100,Emily-Blunt,03.jpg,Fake,Yes,,Yes,Yes,Yes,,No,2026-08-07T11:37:49,2026-08-07T11:37:55
ID000100,Emily-Blunt,04.jpg,Fake,Yes,,Yes,Yes,No,,No,2026-08-07T11:37:55,2026-08-07T11:38:07
ID000091,Dustin-Hoffman,01.jpg,Real,Yes,Yes,Yes,Yes,,,Yes,2026-08-07T11:38:37,2026-08-07T11:39:02
ID000091,Dustin-Hoffman,01.jpg,Fake,No,,Yes,Yes,Yes,,No,2026-08-07T11:39:03,2026-08-07T11:39:26
ID000091,Dustin-Hoffman,02.jpg,Fake,No,,Yes,Yes,Yes,,No,2026-08-07T11:39:26,2026-08-07T11:39:40
ID000142,Holly-Hunter,01.jpg,Real,Yes,Yes,Yes,Yes,,,Yes,2026-08-07T11:39:41,2026-08-07T11:39:52
ID000142,Holly-Hunter,02.jpg,Real,Yes,Yes,Yes,Yes,,,Yes,2026-08-07T11:39:52,2026-08-07T11:39:57
ID000142,Holly-Hunter,01.png,Fake,No,,Yes,Yes,No,,No,2026-08-07T11:39:59,2026-08-07T11:40:08
ID000132,Hande-Ercel,01.jpg,Real,Yes,Yes,Yes,Yes,,,Yes,2026-08-07T11:40:09,2026-08-07T11:40:20
ID000132,Hande-Ercel,02.jpg,Real,Yes,Yes,Yes,Yes,,,Yes,2026-08-07T11:40:20,2026-08-07T11:40:28
ID000132,Hande-Ercel,01.jpg,Fake,Yes,,Yes,Yes,Yes,,Yes,2026-08-07T11:40:30,2026-08-07T11:40:38
ID000132,Hande-Ercel,02.jpg,Fake,Yes,,Yes,Yes,Yes,,Yes,2026-08-07T11:40:38,2026-08-07T11:40:50
ID000132,Hande-Ercel,04.png,Fake,Yes,,Yes,Yes,No,,Yes,2026-08-07T11:40:50,2026-08-07T11:40:57
ID000357,Tom-Hardy,01.jpg,Real,Yes,Yes,Yes,Yes,,,Yes,2026-08-07T11:40:59,2026-08-07T11:41:30
ID000357,Tom-Hardy,01.jpg,Fake,Yes,,Yes,Yes,Yes,,No,2026-08-07T11:41:32,2026-08-07T11:41:37
ID000357,Tom-Hardy,02.jpg,Fake,Yes,,Yes,Yes,Yes,,No,2026-08-07T11:41:38,2026-08-07T11:41:44
ID000357,Tom-Hardy,03.jpg,Fake,Yes,,Yes,Yes,No,,Yes,2026-08-07T11:41:44,2026-08-07T11:41:53
ID000357,Tom-Hardy,04.jpg,Fake,Yes,,Yes,Yes,No,,No,2026-08-07T11:41:54,2026-08-07T11:42:01
ID000357,Tom-Hardy,05.jpg,Fake,No,,Yes,Yes,No,,No,2026-08-07T11:42:01,2026-08-07T11:42:10
ID000033,Ashton-Kutcher,01.jpg,Real,No,Yes,Yes,Yes,,,No,2026-08-07T11:42:22,2026-08-07T11:42:49
ID000033,Ashton-Kutcher,02.jpg,Real,No,Yes,Yes,Yes,,,No,2026-08-07T11:42:49,2026-08-07T11:43:00
ID000033,Ashton-Kutcher,01.jpg,Fake,Yes,,Yes,Yes,Yes,,Yes,2026-08-07T11:43:02,2026-08-07T11:43:10
ID000033,Ashton-Kutcher,02.jpg,Fake,Yes,,Yes,Yes,Yes,,Yes,2026-08-07T11:43:10,2026-08-07T11:43:16
ID000131,Halle-Berry,01.jpg,Real,Yes,Yes,Yes,Yes,,,Yes,2026-08-07T11:43:18,2026-08-07T11:43:24
ID000131,Halle-Berry,02.jpg,Real,Yes,Yes,Yes,Yes,,,Yes,2026-08-07T11:43:24,2026-08-07T11:43:29
ID000131,Halle-Berry,01.jpg,Fake,Yes,,Yes,Yes,Yes,,Yes,2026-08-07T11:43:31,2026-08-07T11:43:39
ID000131,Halle-Berry,02.jpg,Fake,Yes,,Yes,Yes,Yes,,Yes,2026-08-07T11:43:40,2026-08-07T11:43:45
ID000131,Halle-Berry,03.jpg,Fake,Yes,,Yes,Yes,Yes,,Yes,2026-08-07T11:43:45,2026-08-07T11:43:51
ID000169,Jennie,01.jpg,Real,Yes,Yes,Yes,Yes,,,Yes,2026-08-07T11:43:53,2026-08-07T11:44:00
ID000169,Jennie,02.jpg,Real,Yes,Yes,Yes,Yes,,,Yes,2026-08-07T11:44:00,2026-08-07T11:44:05
ID000169,Jennie,03.jpg,Real,Yes,Yes,Yes,Yes,,,Yes,2026-08-07T11:44:05,2026-08-07T11:44:10
ID000169,Jennie,01.png,Fake,Yes,,Yes,Yes,No,,Yes,2026-08-07T11:44:11,2026-08-07T11:44:18
ID000169,Jennie,02.jpg,Fake,Yes,,Yes,Yes,Yes,,Yes,2026-08-07T11:44:18,2026-08-07T11:44:24
ID000026,Anthony-Edwards,01.png,Real,Yes,Yes,Yes,Yes,,,Yes,2026-08-07T11:44:26,2026-08-07T11:44:33
ID000026,Anthony-Edwards,02.jpg,Real,Yes,Yes,Yes,Yes,,,Yes,2026-08-07T11:44:34,2026-08-07T11:44:39
ID000026,Anthony-Edwards,01.jpg,Fake,Yes,,Yes,Yes,Yes,,Yes,2026-08-07T11:44:40,2026-08-07T11:44:47
ID000026,Anthony-Edwards,02.jpg,Fake,No,,Yes,Yes,No,,No,2026-08-07T11:44:47,2026-08-07T11:44:55
ID000022,Angelina-Jolie,01.jpg,Real,Yes,Yes,Yes,Yes,,,Yes,2026-08-07T11:44:57,2026-08-07T11:45:02
ID000022,Angelina-Jolie,02.jpg,Real,Yes,Yes,Yes,Yes,,,Yes,2026-08-07T11:45:03,2026-08-07T11:45:07
ID000022,Angelina-Jolie,03.jpg,Real,Yes,Yes,Yes,Yes,,,Yes,2026-08-07T11:45:07,2026-08-07T11:45:13
ID000022,Angelina-Jolie,01.jpg,Fake,Yes,,Yes,Yes,Yes,,No,2026-08-07T11:45:15,2026-08-07T11:45:21
ID000022,Angelina-Jolie,02.jpg,Fake,Yes,,Yes,Yes,Yes,,No,2026-08-07T11:45:22,2026-08-07T11:45:27
ID000022,Angelina-Jolie,03.jpg,Fake,Yes,,Yes,Yes,Yes,,No,2026-08-07T11:45:28,2026-08-07T11:45:33
ID000022,Angelina-Jolie,04.jpg,Fake,Yes,,Yes,Yes,Yes,,No,2026-08-07T11:45:33,2026-08-07T11:45:38
ID000022,Angelina-Jolie,05.jpg,Fake,Yes,,Yes,Yes,Yes,,No,2026-08-07T11:45:38,2026-08-07T11:45:43
ID000022,Angelina-Jolie,06.png,Fake,Yes,,Yes,Yes,Yes,,Yes,2026-08-07T11:45:43,2026-08-07T11:45:49
ID000022,Angelina-Jolie,07.jpg,Fake,Yes,,Yes,Yes,Yes,,No,2026-08-07T11:45:49,2026-08-07T11:45:57
ID000269,Mohammad-Albuty,01.jpg,Real,Yes,Yes,Yes,Yes,,,Yes,2026-08-07T11:46:03,2026-08-07T11:46:09
ID000269,Mohammad-Albuty,02.jpg,Real,Yes,Yes,Yes,Yes,,,Yes,2026-08-07T11:46:09,2026-08-07T11:46:14
ID000269,Mohammad-Albuty,01.jpg,Fake,No,,Yes,Yes,Yes,,No,2026-08-07T11:46:16,2026-08-07T11:46:25
ID000383,keiko-kitagawa,01.jpg,Real,Yes,Yes,Yes,Yes,,,Yes,2026-08-07T11:46:27,2026-08-07T11:46:33
ID000383,keiko-kitagawa,02.jpg,Real,Yes,Yes,Yes,Yes,,,Yes,2026-08-07T11:46:33,2026-08-07T11:46:38
ID000383,keiko-kitagawa,03.jpg,Real,Yes,Yes,Yes,Yes,,,Yes,2026-08-07T11:46:38,2026-08-07T11:46:43
ID000383,keiko-kitagawa,01.jpg,Fake,Yes,,Yes,Yes,Yes,,Yes,2026-08-07T11:46:45,2026-08-07T11:46:51
ID000383,keiko-kitagawa,02.jpg,Fake,No,,Yes,Yes,Yes,,No,2026-08-07T11:46:51,2026-08-07T11:46:58
ID000383,keiko-kitagawa,03.jpg,Fake,Yes,,Yes,Yes,No,,Yes,2026-08-07T11:46:59,2026-08-07T11:47:08
ID000320,Salma-Hayek,01.jpg,Real,Yes,Yes,Yes,Yes,,,Yes,2026-08-07T11:47:10,2026-08-07T11:47:16
ID000320,Salma-Hayek,02.jpg,Real,Yes,Yes,Yes,Yes,,,Yes,2026-08-07T11:47:16,2026-08-07T11:47:22
ID000320,Salma-Hayek,01.jpg,Fake,Yes,,Yes,Yes,Yes,,Yes,2026-08-07T11:47:24,2026-08-07T11:47:32
ID000320,Salma-Hayek,03.jpg,Fake,No,,Yes,Yes,No,,No,2026-08-07T11:47:32,2026-08-07T11:47:39
ID000320,Salma-Hayek,04.png,Fake,No,,Yes,Yes,Yes,,No,2026-08-07T11:47:39,2026-08-07T11:47:49
ID000320,Salma-Hayek,05.jpg,Fake,No,,Yes,Yes,Yes,,No,2026-08-07T11:47:50,2026-08-07T11:47:59
ID000072,Christian-Bale,01.jpg,Real,Yes,Yes,Yes,Yes,,,Yes,2026-08-07T11:48:00,2026-08-07T11:48:26
ID000072,Christian-Bale,01.jpg,Fake,Yes,,Yes,Yes,Yes,,Yes,2026-08-07T11:48:27,2026-08-07T11:48:33
ID000072,Christian-Bale,02.jpg,Fake,Yes,,Yes,Yes,Yes,,Yes,2026-08-07T11:48:33,2026-08-07T11:48:38
ID000072,Christian-Bale,03.jpg,Fake,No,,Yes,Yes,No,,No,2026-08-07T11:48:38,2026-08-07T11:48:45
ID000072,Christian-Bale,04.jpg,Fake,No,,Yes,Yes,No,,No,2026-08-07T11:48:45,2026-08-07T11:48:53
ID000072,Christian-Bale,05.jpg,Fake,No,,Yes,Yes,No,,No,2026-08-07T11:48:53,2026-08-07T11:49:00
ID000262,Michelle-Pfeiffer,01.jpg,Real,No,Yes,Yes,Yes,,,No,2026-08-07T11:49:02,2026-08-07T11:49:14
ID000262,Michelle-Pfeiffer,02.jpg,Real,No,Yes,Yes,Yes,,,No,2026-08-07T11:49:14,2026-08-07T11:49:25
ID000262,Michelle-Pfeiffer,01.jpg,Fake,No,,Yes,Yes,Yes,,No,2026-08-07T11:49:26,2026-08-07T11:49:37
ID000262,Michelle-Pfeiffer,02.jpg,Fake,No,,Yes,Yes,No,,No,2026-08-07T11:49:37,2026-08-07T11:49:50
ID000262,Michelle-Pfeiffer,03.jpg,Fake,Yes,,Yes,Yes,Yes,,Yes,2026-08-07T11:49:50,2026-08-07T11:49:58
ID000262,Michelle-Pfeiffer,04.jpg,Fake,No,,Yes,Yes,No,,No,2026-08-07T11:49:58,2026-08-07T11:50:09
ID000361,Victor-Osimhen,01.jpg,Real,Yes,Yes,Yes,Yes,,,Yes,2026-08-07T11:50:13,2026-08-07T11:50:21
ID000361,Victor-Osimhen,02.jpg,Real,Yes,Yes,Yes,Yes,,,Yes,2026-08-07T11:50:21,2026-08-07T11:50:28
ID000361,Victor-Osimhen,01.jpg,Fake,Yes,,Yes,Yes,No,,No,2026-08-07T11:50:30,2026-08-07T11:50:44
ID000361,Victor-Osimhen,02.png,Fake,Yes,,Yes,Yes,No,,No,2026-08-07T11:50:44,2026-08-07T11:50:51
ID000361,Victor-Osimhen,04.jpg,Fake,Yes,,Yes,Yes,No,,No,2026-08-07T11:50:51,2026-08-07T11:50:57
ID000361,Victor-Osimhen,05.jpg,Fake,Yes,,Yes,Yes,Yes,,Yes,2026-08-07T11:50:57,2026-08-07T11:51:03
ID000361,Victor-Osimhen,images.jpg,Fake,Yes,,Yes,Yes,No,,No,2026-08-07T11:51:03,2026-08-07T11:51:14
ID000361,Victor-Osimhen,photo-with-victor-osimhen-1-optimized.webp,Fake,Yes,,Yes,Yes,No,,No,2026-08-07T11:51:14,2026-08-07T11:51:21
ID000069,Chlo-Grace-Moretz,01.jpg,Real,Yes,Yes,Yes,Yes,,,Yes,2026-08-07T11:51:26,2026-08-07T11:51:36
ID000069,Chlo-Grace-Moretz,02.jpg,Real,Yes,Yes,Yes,Yes,,,Yes,2026-08-07T11:51:36,2026-08-07T11:51:41
ID000069,Chlo-Grace-Moretz,03.jpg,Real,Yes,Yes,Yes,Yes,,,Yes,2026-08-07T11:51:41,2026-08-07T11:51:47
ID000069,Chlo-Grace-Moretz,01.jpg,Fake,Yes,,Yes,Yes,Yes,,No,2026-08-07T11:51:49,2026-08-07T11:51:57
ID000069,Chlo-Grace-Moretz,02.jpg,Fake,Yes,,Yes,Yes,No,,No,2026-08-07T11:51:58,2026-08-07T11:52:05
ID000069,Chlo-Grace-Moretz,03.jpg,Fake,Yes,,Yes,Yes,No,,No,2026-08-07T11:52:05,2026-08-07T11:52:11
ID000069,Chlo-Grace-Moretz,04.jpg,Fake,Yes,,Yes,Yes,No,,Yes,2026-08-07T11:52:11,2026-08-07T11:52:16
ID000069,Chlo-Grace-Moretz,05.jpg,Fake,Yes,,Yes,Yes,Yes,,No,2026-08-07T11:52:16,2026-08-07T11:52:22
ID000069,Chlo-Grace-Moretz,06.jpg,Fake,Yes,,Yes,Yes,Yes,,No,2026-08-07T11:52:22,2026-08-07T11:52:28
ID000316,Rose-Byrne,01.jpg,Real,Yes,Yes,Yes,Yes,,,Yes,2026-08-07T11:52:32,2026-08-07T11:52:40
ID000316,Rose-Byrne,02.jpg,Real,Yes,Yes,Yes,Yes,,,Yes,2026-08-07T11:52:40,2026-08-07T11:52:45
ID000316,Rose-Byrne,01.jpg,Fake,No,,Yes,Yes,No,,No,2026-08-07T11:52:47,2026-08-07T11:52:58
ID000200,Justin-Trudeau,01.jpg,Real,Yes,Yes,Yes,Yes,,,Yes,2026-08-07T11:52:59,2026-08-07T11:53:25
ID000200,Justin-Trudeau,01.jpg,Fake,Yes,,Yes,Yes,No,,Yes,2026-08-07T11:53:27,2026-08-07T11:53:34
ID000200,Justin-Trudeau,02.jpg,Fake,No,,Yes,Yes,Yes,,No,2026-08-07T11:53:34,2026-08-07T11:53:40
ID000200,Justin-Trudeau,03.jpg,Fake,Yes,,Yes,Yes,Yes,,Yes,2026-08-07T11:53:41,2026-08-07T11:53:47
ID000146,Ibrahim-Traoré,01.jpg,Real,Yes,Yes,Yes,Yes,,,Yes,2026-08-07T11:53:50,2026-08-07T11:54:12
ID000146,Ibrahim-Traoré,02.jpg,Fake,Yes,,Yes,Yes,Yes,,Yes,2026-08-07T11:54:14,2026-08-07T11:54:21
ID000162,Jason-Biggs,01.jpg,Real,Yes,Yes,Yes,Yes,,,Yes,2026-08-07T11:54:23,2026-08-07T11:54:45
ID000162,Jason-Biggs,01.jpg,Fake,No,,Yes,Yes,No,,No,2026-08-07T11:54:46,2026-08-07T11:54:56
ID000162,Jason-Biggs,02.jpg,Fake,No,,Yes,Yes,Yes,,No,2026-08-07T11:54:57,2026-08-07T11:55:02
ID000162,Jason-Biggs,03.jpg,Fake,No,,Yes,Yes,No,,No,2026-08-07T11:55:02,2026-08-07T11:55:09
ID000314,Rooney-Mara,01.jpg,Real,Yes,Yes,Yes,Yes,,,Yes,2026-08-07T11:55:10,2026-08-07T11:55:30
ID000314,Rooney-Mara,02.jpg,Real,Yes,Yes,Yes,Yes,,,Yes,2026-08-07T11:55:30,2026-08-07T11:55:37
ID000314,Rooney-Mara,01.jpg,Fake,Yes,,Yes,Yes,Yes,,Yes,2026-08-07T11:55:39,2026-08-07T11:55:44
ID000314,Rooney-Mara,02.jpg,Fake,Yes,,Yes,Yes,Yes,,Yes,2026-08-07T11:55:44,2026-08-07T11:55:51
ID000314,Rooney-Mara,03.png,Fake,No,,Yes,Yes,No,,No,2026-08-07T11:55:51,2026-08-07T11:56:01
ID000314,Rooney-Mara,04.png,Fake,No,,Yes,Yes,No,,No,2026-08-07T11:56:01,2026-08-07T11:56:08
ID000227,Liam-Hemsworth,01.jpg,Real,Yes,Yes,Yes,Yes,,,Yes,2026-08-07T11:56:09,2026-08-07T11:56:20
ID000227,Liam-Hemsworth,02.jpg,Real,Yes,Yes,Yes,Yes,,,Yes,2026-08-07T11:56:20,2026-08-07T11:56:26
ID000227,Liam-Hemsworth,01.jpg,Fake,Yes,,Yes,Yes,Yes,,No,2026-08-07T11:56:28,2026-08-07T11:56:34
ID000227,Liam-Hemsworth,02.jpg,Fake,Yes,,Yes,Yes,Yes,,No,2026-08-07T11:56:35,2026-08-07T11:56:43
ID000227,Liam-Hemsworth,03.png,Fake,Yes,,Yes,Yes,Yes,,Yes,2026-08-07T11:56:43,2026-08-07T11:56:50
ID000227,Liam-Hemsworth,04.png,Fake,Yes,,Yes,Yes,Yes,,No,2026-08-07T11:56:50,2026-08-07T11:56:56
ID000227,Liam-Hemsworth,05.jpg,Fake,Yes,,Yes,Yes,Yes,,No,2026-08-07T11:56:56,2026-08-07T11:57:01
ID000215,Kim-Jong-Un,01.jpg,Real,Yes,Yes,Yes,Yes,,,Yes,2026-08-07T11:57:06,2026-08-07T11:57:12
ID000215,Kim-Jong-Un,02.jpg,Real,Yes,Yes,Yes,Yes,,,Yes,2026-08-07T11:57:12,2026-08-07T11:57:16
ID000215,Kim-Jong-Un,03.jpg,Real,Yes,Yes,Yes,Yes,,,Yes,2026-08-07T11:57:17,2026-08-07T11:57:22
ID000215,Kim-Jong-Un,01.jpg,Fake,Yes,,Yes,Yes,Yes,,No,2026-08-07T11:57:24,2026-08-07T11:57:30
ID000215,Kim-Jong-Un,02.png,Fake,Yes,,Yes,Yes,Yes,,No,2026-08-07T11:57:31,2026-08-07T11:57:36
ID000215,Kim-Jong-Un,03.png,Fake,Yes,,Yes,Yes,No,,No,2026-08-07T11:57:37,2026-08-07T11:57:44
ID000215,Kim-Jong-Un,04.jpg,Fake,Yes,,Yes,Yes,Yes,,Yes,2026-08-07T11:57:44,2026-08-07T11:57:50
ID000101,Emma-Roberts,01.jpg,Real,Yes,Yes,Yes,Yes,,,Yes,2026-08-07T11:57:53,2026-08-07T11:58:00
ID000101,Emma-Roberts,02.jpg,Real,Yes,Yes,Yes,Yes,,,Yes,2026-08-07T11:58:00,2026-08-07T11:58:06
ID000101,Emma-Roberts,01.jpg,Fake,Yes,,Yes,Yes,Yes,,No,2026-08-07T11:58:07,2026-08-07T11:58:13
ID000101,Emma-Roberts,02.jpg,Fake,Yes,,Yes,Yes,Yes,,No,2026-08-07T11:58:13,2026-08-07T11:58:22
ID000101,Emma-Roberts,04.jpg,Fake,Yes,,Yes,Yes,No,,No,2026-08-07T11:58:22,2026-08-07T11:58:28
ID000101,Emma-Roberts,05.jpg,Fake,Yes,,Yes,Yes,No,,Yes,2026-08-07T11:58:28,2026-08-07T11:58:33
ID000315,Rosario-Dawson,01.jpg,Real,Yes,Yes,Yes,Yes,,,Yes,2026-08-07T11:58:39,2026-08-07T11:58:45
ID000315,Rosario-Dawson,02.jpg,Real,Yes,Yes,Yes,Yes,,,Yes,2026-08-07T11:58:45,2026-08-07T11:58:49
ID000315,Rosario-Dawson,01.jpg,Fake,Yes,,Yes,Yes,Yes,,Yes,2026-08-07T11:58:51,2026-08-07T11:58:56
ID000341,Steven-Seagal,01.jpg,Real,Yes,Yes,Yes,Yes,,,Yes,2026-08-07T11:58:58,2026-08-07T11:59:25
ID000341,Steven-Seagal,02.jpg,Real,Yes,Yes,Yes,Yes,,,Yes,2026-08-07T11:59:25,2026-08-07T11:59:29
ID000341,Steven-Seagal,01.jpg,Fake,Yes,,Yes,Yes,No,,Yes,2026-08-07T11:59:31,2026-08-07T11:59:37
ID000341,Steven-Seagal,02.jpg,Fake,Yes,,Yes,Yes,No,,Yes,2026-08-07T11:59:38,2026-08-07T11:59:42
ID000341,Steven-Seagal,03.jpg,Fake,Yes,,Yes,Yes,No,,Yes,2026-08-07T11:59:42,2026-08-07T11:59:49
ID000390,riya-ulan,01 (2).png,Real,No,No,Yes,Yes,,,No,2026-08-07T11:59:50,2026-08-07T12:00:05
ID000390,riya-ulan,01.png,Fake,Yes,,Yes,Yes,No,,Yes,2026-08-07T12:00:07,2026-08-07T12:00:13
ID000390,riya-ulan,120.png,Fake,Yes,,Yes,Yes,Yes,,Yes,2026-08-07T12:00:13,2026-08-07T12:00:20
ID000362,Vin-Diesel,01.jpg,Real,Yes,Yes,Yes,Yes,,,Yes,2026-08-07T12:00:22,2026-08-07T12:00:36
ID000362,Vin-Diesel,02.jpg,Real,Yes,Yes,Yes,Yes,,,Yes,2026-08-07T12:00:36,2026-08-07T12:00:41
ID000362,Vin-Diesel,01.png,Fake,No,,Yes,Yes,Yes,,No,2026-08-07T12:00:43,2026-08-07T12:00:50
ID000362,Vin-Diesel,02.jpg,Fake,Yes,,Yes,Yes,Yes,,Yes,2026-08-07T12:00:51,2026-08-07T12:00:55
ID000362,Vin-Diesel,03.jpg,Fake,Yes,,Yes,Yes,No,,Yes,2026-08-07T12:00:55,2026-08-07T12:01:12
ID000303,Rinko-Kikuchi,01.jpg,Real,Yes,Yes,Yes,Yes,,,Yes,2026-08-07T12:01:14,2026-08-07T12:01:23
ID000303,Rinko-Kikuchi,02.jpg,Real,Yes,Yes,Yes,Yes,,,Yes,2026-08-07T12:01:23,2026-08-07T12:01:29
ID000303,Rinko-Kikuchi,01.jpg,Fake,Yes,,Yes,Yes,Yes,,No,2026-08-07T12:01:31,2026-08-07T12:01:37
ID000303,Rinko-Kikuchi,02.png,Fake,Yes,,Yes,Yes,Yes,,No,2026-08-07T12:01:38,2026-08-07T12:01:43
ID000303,Rinko-Kikuchi,03.jpg,Fake,Yes,,Yes,Yes,No,,Yes,2026-08-07T12:01:43,2026-08-07T12:01:50
ID000303,Rinko-Kikuchi,04.jpg,Fake,Yes,,Yes,Yes,Yes,,No,2026-08-07T12:01:50,2026-08-07T12:01:58
ID000303,Rinko-Kikuchi,05.jpg,Fake,Yes,,Yes,Yes,Yes,,No,2026-08-07T12:01:58,2026-08-07T12:02:04
ID000345,Sylvester-Stallone,01.jpg,Real,Yes,Yes,Yes,Yes,,,Yes,2026-08-07T12:02:07,2026-08-07T12:02:20
ID000345,Sylvester-Stallone,02.jpg,Real,Yes,Yes,Yes,Yes,,,Yes,2026-08-07T12:02:20,2026-08-07T12:02:25
ID000345,Sylvester-Stallone,01.jpg,Fake,Yes,,Yes,Yes,Yes,,No,2026-08-07T12:02:27,2026-08-07T12:02:32
ID000345,Sylvester-Stallone,02.jpg,Fake,Yes,,Yes,Yes,No,,No,2026-08-07T12:02:32,2026-08-07T12:02:40
ID000345,Sylvester-Stallone,03.jpg,Fake,Yes,,Yes,Yes,No,,Yes,2026-08-07T12:02:40,2026-08-07T12:02:45
ID000345,Sylvester-Stallone,04.jpg,Fake,Yes,,Yes,Yes,No,,No,2026-08-07T12:02:45,2026-08-07T12:02:50
ID000345,Sylvester-Stallone,05.jpg,Fake,Yes,,Yes,Yes,Yes,,No,2026-08-07T12:02:50,2026-08-07T12:02:54
ID000045,Benjamin-Netanyahu,01.jpg,Real,Yes,Yes,Yes,Yes,,,Yes,2026-08-07T12:02:58,2026-08-07T12:03:04
ID000045,Benjamin-Netanyahu,02.jpg,Real,Yes,Yes,Yes,Yes,,,Yes,2026-08-07T12:03:04,2026-08-07T12:03:10
ID000045,Benjamin-Netanyahu,03.jpg,Real,Yes,Yes,Yes,Yes,,,Yes,2026-08-07T12:03:10,2026-08-07T12:03:15
ID000045,Benjamin-Netanyahu,01.webp,Fake,Yes,,Yes,Yes,No,,No,2026-08-07T12:03:17,2026-08-07T12:03:21
ID000045,Benjamin-Netanyahu,02.jpg,Fake,Yes,,Yes,Yes,No,,No,2026-08-07T12:03:22,2026-08-07T12:03:27
ID000045,Benjamin-Netanyahu,03.png,Fake,Yes,,No,No,No,,No,2026-08-07T12:03:28,2026-08-07T12:03:36
ID000045,Benjamin-Netanyahu,04.png,Fake,Yes,,Yes,Yes,No,,Yes,2026-08-07T12:03:36,2026-08-07T12:03:42
ID000045,Benjamin-Netanyahu,05.jpg,Fake,Yes,,Yes,Yes,No,,No,2026-08-07T12:03:42,2026-08-07T12:03:48
ID000247,Marques-Brownlee-MKBHD,01.jpg,Real,Yes,Yes,Yes,Yes,,,Yes,2026-08-07T12:03:51,2026-08-07T12:03:56
ID000247,Marques-Brownlee-MKBHD,02.png,Real,Yes,Yes,Yes,Yes,,,Yes,2026-08-07T12:03:56,2026-08-07T12:04:01
ID000247,Marques-Brownlee-MKBHD,01.jpg,Fake,Yes,,Yes,Yes,Yes,,Yes,2026-08-07T12:04:03,2026-08-07T12:04:07
ID000277,Nelson-Mendala,01.jpg,Real,Yes,Yes,Yes,Yes,,,Yes,2026-08-07T12:04:09,2026-08-07T12:04:15
ID000277,Nelson-Mendala,02.jpg,Real,Yes,Yes,Yes,Yes,,,Yes,2026-08-07T12:04:15,2026-08-07T12:04:20
ID000277,Nelson-Mendala,03.jpg,Real,Yes,Yes,Yes,Yes,,,Yes,2026-08-07T12:04:20,2026-08-07T12:04:25
ID000277,Nelson-Mendala,01.jpg,Fake,Yes,,Yes,Yes,No,,Yes,2026-08-07T12:04:27,2026-08-07T12:04:34
ID000277,Nelson-Mendala,02.jpg,Fake,Yes,,Yes,Yes,No,,Yes,2026-08-07T12:04:34,2026-08-07T12:04:39
ID000337,Song-Kang-ho,01.jpg,Real,Yes,Yes,Yes,Yes,,,Yes,2026-08-07T12:04:41,2026-08-07T12:04:52
ID000337,Song-Kang-ho,02.jpg,Real,Yes,Yes,Yes,Yes,,,Yes,2026-08-07T12:04:52,2026-08-07T12:04:56
ID000337,Song-Kang-ho,01.jpg,Fake,No,,Yes,Yes,Yes,,No,2026-08-07T12:04:59,2026-08-07T12:05:05
ID000222,Lamine-yaml,01.jpg,Real,Yes,Yes,Yes,Yes,,,Yes,2026-08-07T12:05:07,2026-08-07T12:05:16
ID000222,Lamine-yaml,5.jpg,Fake,Yes,,Yes,Yes,Yes,,Yes,2026-08-07T12:05:18,2026-08-07T12:05:28
ID000372,XI-Jinping,01.jpg,Real,Yes,Yes,Yes,Yes,,,Yes,2026-08-07T12:05:29,2026-08-07T12:05:37
ID000372,XI-Jinping,02.jpg,Real,Yes,Yes,Yes,Yes,,,Yes,2026-08-07T12:05:37,2026-08-07T12:05:43
ID000372,XI-Jinping,01.jpg,Fake,Yes,,Yes,Yes,Yes,,Yes,2026-08-07T12:05:44,2026-08-07T12:05:49
ID000372,XI-Jinping,02.jpg,Fake,Yes,,Yes,Yes,Yes,,Yes,2026-08-07T12:05:49,2026-08-07T12:05:54
ID000372,XI-Jinping,03.png,Fake,Yes,,Yes,Yes,No,,Yes,2026-08-07T12:05:54,2026-08-07T12:05:59
ID000019,Andrea-Pirlo,01.jpg,Real,Yes,Yes,Yes,Yes,,,Yes,2026-08-07T12:06:02,2026-08-07T12:06:07
ID000019,Andrea-Pirlo,1.jpg,Real,Yes,Yes,Yes,Yes,,,Yes,2026-08-07T12:06:09,2026-08-07T12:06:16
ID000019,Andrea-Pirlo,02.jpg,Fake,Yes,,Yes,Yes,Yes,,Yes,2026-08-07T12:06:20,2026-08-07T12:06:25
ID000019,Andrea-Pirlo,1.jpg,Fake,Yes,,Yes,Yes,No,,Yes,2026-08-07T12:06:26,2026-08-07T12:06:36
ID000191,Jonah-Hill,01.jpg,Real,Yes,Yes,Yes,Yes,,,Yes,2026-08-07T12:06:38,2026-08-07T12:06:46
ID000191,Jonah-Hill,02.jpg,Real,Yes,Yes,Yes,Yes,,,Yes,2026-08-07T12:06:46,2026-08-07T12:06:52
ID000191,Jonah-Hill,03.jpg,Real,Yes,Yes,Yes,Yes,,,Yes,2026-08-07T12:06:52,2026-08-07T12:06:59
ID000191,Jonah-Hill,01.png,Fake,No,,Yes,Yes,No,,No,2026-08-07T12:07:01,2026-08-07T12:07:07
ID000103,Emma-Watson,01.jpg,Real,Yes,Yes,Yes,Yes,,,Yes,2026-08-07T12:07:09,2026-08-07T12:07:19
ID000103,Emma-Watson,02.jpg,Real,Yes,Yes,Yes,Yes,,,Yes,2026-08-07T12:07:19,2026-08-07T12:07:25
ID000103,Emma-Watson,03.jpg,Real,Yes,Yes,Yes,Yes,,,Yes,2026-08-07T12:07:25,2026-08-07T12:07:30
ID000103,Emma-Watson,01.jpg,Fake,Yes,,Yes,Yes,Yes,,No,2026-08-07T12:07:32,2026-08-07T12:07:37
ID000103,Emma-Watson,02.jpg,Fake,Yes,,Yes,Yes,Yes,,No,2026-08-07T12:07:37,2026-08-07T12:07:43
ID000103,Emma-Watson,02.png,Fake,Yes,,Yes,Yes,Yes,,No,2026-08-07T12:07:44,2026-08-07T12:07:48
ID000103,Emma-Watson,03.jpg,Fake,Yes,,Yes,Yes,Yes,,No,2026-08-07T12:07:48,2026-08-07T12:07:53
ID000103,Emma-Watson,04.jpg,Fake,Yes,,Yes,Yes,Yes,,No,2026-08-07T12:07:53,2026-08-07T12:07:58
ID000103,Emma-Watson,05.jpg,Fake,Yes,,Yes,Yes,No,,No,2026-08-07T12:07:58,2026-08-07T12:08:04
ID000103,Emma-Watson,56.png,Fake,Yes,,Yes,Yes,No,,Yes,2026-08-07T12:08:04,2026-08-07T12:08:09
ID000369,William-Shatner,01.jpg,Real,Yes,Yes,Yes,Yes,,,Yes,2026-08-07T12:08:13,2026-08-07T12:08:18
ID000369,William-Shatner,02.jpg,Real,Yes,Yes,Yes,Yes,,,Yes,2026-08-07T12:08:18,2026-08-07T12:08:24
ID000369,William-Shatner,01.jpg,Fake,Yes,,Yes,Yes,No,,Yes,2026-08-07T12:08:26,2026-08-07T12:08:31
ID000369,William-Shatner,02.jpg,Fake,Yes,,Yes,Yes,No,,Yes,2026-08-07T12:08:31,2026-08-07T12:08:36
ID000369,William-Shatner,03.jpg,Fake,Yes,,Yes,Yes,Yes,,Yes,2026-08-07T12:08:36,2026-08-07T12:08:43
ID000221,Lamar-Jackson,01.png,Real,Yes,Yes,Yes,Yes,,,Yes,2026-08-07T12:08:45,2026-08-07T12:08:52
ID000221,Lamar-Jackson,01.jpg,Fake,No,,Yes,Yes,Yes,,No,2026-08-07T12:08:53,2026-08-07T12:09:07
ID000221,Lamar-Jackson,02.jpg,Fake,No,,Yes,Yes,No,,No,2026-08-07T12:09:07,2026-08-07T12:09:17
ID000324,Sean-Penn,01.jpg,Real,Yes,Yes,Yes,Yes,,,Yes,2026-08-07T12:09:19,2026-08-07T12:09:24
ID000324,Sean-Penn,02.jpg,Real,Yes,Yes,Yes,Yes,,,Yes,2026-08-07T12:09:24,2026-08-07T12:09:29
ID000324,Sean-Penn,01.jpg,Fake,No,,Yes,Yes,No,,No,2026-08-07T12:09:31,2026-08-07T12:09:40
ID000324,Sean-Penn,02.png,Fake,No,,Yes,Yes,No,,No,2026-08-07T12:09:40,2026-08-07T12:09:46
ID000324,Sean-Penn,03.jpg,Fake,Yes,,Yes,Yes,Yes,,Yes,2026-08-07T12:09:47,2026-08-07T12:09:53
ID000235,Mahatma-Gandhi,01.jpg,Real,Yes,Yes,Yes,Yes,,,Yes,2026-08-07T12:09:55,2026-08-07T12:10:05
ID000235,Mahatma-Gandhi,02.jpg,Real,Yes,Yes,Yes,Yes,,,Yes,2026-08-07T12:10:06,2026-08-07T12:10:10
ID000235,Mahatma-Gandhi,03.jpg,Real,Yes,Yes,Yes,Yes,,,Yes,2026-08-07T12:10:11,2026-08-07T12:10:15
ID000235,Mahatma-Gandhi,01.jpg,Fake,Yes,,Yes,Yes,Yes,,Yes,2026-08-07T12:10:17,2026-08-07T12:10:23
ID000235,Mahatma-Gandhi,02.png,Fake,Yes,,Yes,Yes,Yes,,Yes,2026-08-07T12:10:24,2026-08-07T12:10:31
ID000038,Barack-obamam,01.jpg,Real,Yes,Yes,Yes,Yes,,,Yes,2026-08-07T12:10:33,2026-08-07T12:10:38
ID000038,Barack-obamam,02.jpg,Real,Yes,Yes,Yes,Yes,,,Yes,2026-08-07T12:10:38,2026-08-07T12:10:43
ID000038,Barack-obamam,02.jpg,Fake,Yes,,Yes,Yes,Yes,,Yes,2026-08-07T12:10:45,2026-08-07T12:10:50
ID000038,Barack-obamam,04.jpg,Fake,Yes,,Yes,Yes,Yes,,Yes,2026-08-07T12:10:50,2026-08-07T12:10:55
ID000038,Barack-obamam,05.png,Fake,Yes,,Yes,Yes,Yes,,Yes,2026-08-07T12:10:55,2026-08-07T12:11:00
ID000128,Guy-Pearce,01.jpg,Real,Yes,Yes,Yes,Yes,,,Yes,2026-08-07T12:11:02,2026-08-07T12:11:08
ID000128,Guy-Pearce,01.jpg,Fake,Yes,,Yes,Yes,No,,No,2026-08-07T12:11:09,2026-08-07T12:11:17
ID000128,Guy-Pearce,03.jpg,Fake,Yes,,Yes,Yes,Yes,,No,2026-08-07T12:11:17,2026-08-07T12:11:23
ID000128,Guy-Pearce,05.jpg,Fake,Yes,,Yes,Yes,No,,No,2026-08-07T12:11:23,2026-08-07T12:11:29
ID000128,Guy-Pearce,06.png,Fake,Yes,,Yes,Yes,Yes,,No,2026-08-07T12:11:29,2026-08-07T12:11:39
ID000128,Guy-Pearce,07.png,Fake,Yes,,Yes,Yes,No,,No,2026-08-07T12:11:39,2026-08-07T12:11:49
ID000128,Guy-Pearce,08.png,Fake,Yes,,Yes,Yes,Yes,,Yes,2026-08-07T12:11:49,2026-08-07T12:11:53
ID000182,John-Cusack,01.jpg,Real,Yes,Yes,Yes,Yes,,,Yes,2026-08-07T12:11:58,2026-08-07T12:12:04
ID000182,John-Cusack,02.jpg,Real,Yes,Yes,Yes,Yes,,,Yes,2026-08-07T12:12:04,2026-08-07T12:12:09
ID000182,John-Cusack,01.jpg,Fake,Yes,,Yes,Yes,Yes,,Yes,2026-08-07T12:12:10,2026-08-07T12:12:15
ID000182,John-Cusack,02.jpg,Fake,Yes,,Yes,Yes,Yes,,Yes,2026-08-07T12:12:15,2026-08-07T12:12:20
ID000182,John-Cusack,03.jpg,Fake,Yes,,Yes,Yes,Yes,,Yes,2026-08-07T12:12:20,2026-08-07T12:12:24
ID000182,John-Cusack,04.jpg,Fake,No,,Yes,Yes,No,,No,2026-08-07T12:12:24,2026-08-07T12:12:34
ID000029,Antonio-Guterres,01.jpg,Real,Yes,Yes,Yes,Yes,,,Yes,2026-08-07T12:12:36,2026-08-07T12:12:42
ID000029,Antonio-Guterres,02.jpg,Fake,Yes,,Yes,Yes,No,,Yes,2026-08-07T12:12:44,2026-08-07T12:12:50
ID000029,Antonio-Guterres,03.jpg,Fake,No,,Yes,Yes,No,,No,2026-08-07T12:12:50,2026-08-07T12:12:57
ID000029,Antonio-Guterres,04.jpg,Fake,Yes,,Yes,Yes,No,,Yes,2026-08-07T12:12:57,2026-08-07T12:13:04
ID000061,Carey-Mulligan,01.jpg,Real,Yes,Yes,Yes,Yes,,,Yes,2026-08-07T12:13:06,2026-08-07T12:13:12
ID000061,Carey-Mulligan,02.jpg,Real,Yes,Yes,Yes,Yes,,,Yes,2026-08-07T12:13:12,2026-08-07T12:13:16
ID000061,Carey-Mulligan,01.png,Fake,Yes,,Yes,Yes,Yes,,Yes,2026-08-07T12:13:18,2026-08-07T12:13:23
ID000061,Carey-Mulligan,02.png,Fake,No,,Yes,Yes,Yes,,No,2026-08-07T12:13:23,2026-08-07T12:13:29
ID000089,Diane-Lane,01.jpg,Real,Yes,Yes,Yes,Yes,,,Yes,2026-08-07T12:13:30,2026-08-07T12:13:36
ID000089,Diane-Lane,01.jpg,Fake,Yes,,Yes,Yes,Yes,,No,2026-08-07T12:13:38,2026-08-07T12:13:42
ID000089,Diane-Lane,02.jpg,Fake,Yes,,Yes,Yes,Yes,,No,2026-08-07T12:13:42,2026-08-07T12:13:47
ID000089,Diane-Lane,03.jpg,Fake,Yes,,Yes,Yes,Yes,,No,2026-08-07T12:13:47,2026-08-07T12:13:52
ID000089,Diane-Lane,04.jpg,Fake,Yes,,Yes,Yes,Yes,,Yes,2026-08-07T12:13:52,2026-08-07T12:14:03
ID000285,Norman-Swan,01.jpg,Real,Yes,Yes,Yes,Yes,,,Yes,2026-08-07T12:14:06,2026-08-07T12:14:12
ID000285,Norman-Swan,02.jpg,Real,Yes,Yes,Yes,Yes,,,Yes,2026-08-07T12:14:12,2026-08-07T12:14:18
ID000285,Norman-Swan,03.jpg,Real,Yes,Yes,Yes,Yes,,,Yes,2026-08-07T12:14:18,2026-08-07T12:14:24
ID000285,Norman-Swan,02.jpg,Fake,Yes,,Yes,Yes,No,,Yes,2026-08-07T12:14:26,2026-08-07T12:14:31
ID000285,Norman-Swan,03.png,Fake,Yes,,Yes,Yes,No,,Yes,2026-08-07T12:14:31,2026-08-07T12:14:36
ID000092,Dwayne-Johnson,01.png,Real,Yes,Yes,Yes,Yes,,,Yes,2026-08-07T12:14:37,2026-08-07T12:14:45
ID000092,Dwayne-Johnson,02.jpg,Real,Yes,Yes,Yes,Yes,,,Yes,2026-08-07T12:14:45,2026-08-07T12:14:50
ID000092,Dwayne-Johnson,02.png,Fake,Yes,,Yes,Yes,No,,No,2026-08-07T12:14:52,2026-08-07T12:14:57
ID000092,Dwayne-Johnson,03.jpg,Fake,Yes,,Yes,Yes,No,,No,2026-08-07T12:14:57,2026-08-07T12:15:01
ID000092,Dwayne-Johnson,04.jpg,Fake,Yes,,Yes,Yes,Yes,,Yes,2026-08-07T12:15:02,2026-08-07T12:15:07
ID000092,Dwayne-Johnson,05.jpg,Fake,Yes,,Yes,Yes,Yes,,No,2026-08-07T12:15:07,2026-08-07T12:15:12
ID000004,Abdulnasser-Bin-Kalban,01.jpg,Real,Yes,Yes,Yes,Yes,,,Yes,2026-08-07T12:15:15,2026-08-07T12:15:22
ID000004,Abdulnasser-Bin-Kalban,02.jpg,Real,Yes,Yes,Yes,Yes,,,Yes,2026-08-07T12:15:22,2026-08-07T12:15:27
ID000004,Abdulnasser-Bin-Kalban,01.jpg,Fake,No,,No,Yes,Yes,,No,2026-08-07T12:15:29,2026-08-07T12:15:38
ID000039,Bashar-al-Assad,01.jpg,Real,Yes,Yes,Yes,Yes,,,Yes,2026-08-07T12:15:40,2026-08-07T12:15:45
ID000039,Bashar-al-Assad,02.jpg,Real,Yes,Yes,Yes,Yes,,,Yes,2026-08-07T12:15:45,2026-08-07T12:15:50
ID000039,Bashar-al-Assad,01.jpg,Fake,Yes,,Yes,Yes,Yes,,Yes,2026-08-07T12:15:52,2026-08-07T12:15:58
ID000039,Bashar-al-Assad,02.jpg,Fake,Yes,,Yes,Yes,Yes,,Yes,2026-08-07T12:15:58,2026-08-07T12:16:04
ID000039,Bashar-al-Assad,03.jpg,Fake,Yes,,Yes,Yes,Yes,,Yes,2026-08-07T12:16:04,2026-08-07T12:16:08
ID000321,Sam-Rockwell,01.jpg,Real,Yes,Yes,Yes,Yes,,,Yes,2026-08-07T12:16:10,2026-08-07T12:16:15
ID000321,Sam-Rockwell,01.jpg,Fake,Yes,,Yes,Yes,Yes,,Yes,2026-08-07T12:16:16,2026-08-07T12:16:22
ID000321,Sam-Rockwell,02.jpg,Fake,No,,Yes,Yes,Yes,,No,2026-08-07T12:16:22,2026-08-07T12:16:29
ID000074,Christopher-Walken,01.jpg,Real,Yes,Yes,Yes,Yes,,,Yes,2026-08-07T12:16:31,2026-08-07T12:16:36
ID000074,Christopher-Walken,02.jpg,Real,Yes,Yes,Yes,Yes,,,Yes,2026-08-07T12:16:36,2026-08-07T12:16:41
ID000074,Christopher-Walken,03.jpg,Real,Yes,Yes,Yes,Yes,,,Yes,2026-08-07T12:16:41,2026-08-07T12:16:46
ID000074,Christopher-Walken,01.jpg,Fake,Yes,,Yes,Yes,Yes,,No,2026-08-07T12:16:47,2026-08-07T12:16:53
ID000074,Christopher-Walken,03.png,Fake,Yes,,Yes,Yes,No,,Yes,2026-08-07T12:16:53,2026-08-07T12:16:59
ID000074,Christopher-Walken,04.jpg,Fake,Yes,,Yes,Yes,Yes,,No,2026-08-07T12:16:59,2026-08-07T12:17:04
ID000074,Christopher-Walken,05.jpg,Fake,Yes,,Yes,Yes,Yes,,No,2026-08-07T12:17:04,2026-08-07T12:17:09
ID000312,Romain-Duris,01.jpg,Real,Yes,Yes,Yes,Yes,,,Yes,2026-08-07T12:17:12,2026-08-07T12:17:19
ID000312,Romain-Duris,02.jpg,Real,Yes,Yes,Yes,Yes,,,Yes,2026-08-07T12:17:20,2026-08-07T12:17:25
ID000312,Romain-Duris,01.jpg,Fake,No,,Yes,Yes,No,,No,2026-08-07T12:17:27,2026-08-07T12:17:38
ID000312,Romain-Duris,02.jpg,Fake,No,,No,Yes,No,,No,2026-08-07T12:17:38,2026-08-07T12:17:48
ID000003,Abdel-Fattah-el-Sisi,01.jpg,Real,Yes,Yes,Yes,Yes,,,Yes,2026-08-07T12:17:49,2026-08-07T12:17:55
ID000003,Abdel-Fattah-el-Sisi,01.jpg,Fake,Yes,,Yes,Yes,Yes,,No,2026-08-07T12:17:56,2026-08-07T12:18:02
ID000003,Abdel-Fattah-el-Sisi,02.jpg,Fake,No,,Yes,Yes,Yes,,No,2026-08-07T12:18:02,2026-08-07T12:18:08
ID000003,Abdel-Fattah-el-Sisi,03.jpg,Fake,Yes,,Yes,Yes,Yes,,No,2026-08-07T12:18:08,2026-08-07T12:18:13
ID000003,Abdel-Fattah-el-Sisi,04.png,Fake,Yes,,Yes,Yes,Yes,,Yes,2026-08-07T12:18:13,2026-08-07T12:18:19
ID000003,Abdel-Fattah-el-Sisi,05.jpg,Fake,Yes,,Yes,Yes,Yes,,No,2026-08-07T12:18:19,2026-08-07T12:18:25
ID000168,Jenna-Ortega,01.jpg,Real,Yes,Yes,Yes,Yes,,,Yes,2026-08-07T12:18:28,2026-08-07T12:18:35
ID000168,Jenna-Ortega,02.jpg,Real,Yes,Yes,Yes,Yes,,,Yes,2026-08-07T12:18:35,2026-08-07T12:18:40
ID000168,Jenna-Ortega,03.jpg,Real,Yes,Yes,Yes,Yes,,,Yes,2026-08-07T12:18:41,2026-08-07T12:18:44
ID000168,Jenna-Ortega,01.jpg,Fake,Yes,,Yes,Yes,No,,No,2026-08-07T12:18:46,2026-08-07T12:18:52
ID000168,Jenna-Ortega,02.jpg,Fake,Yes,,Yes,Yes,Yes,,No,2026-08-07T12:18:52,2026-08-07T12:18:57
ID000168,Jenna-Ortega,03.jpg,Fake,Yes,,Yes,Yes,No,,Yes,2026-08-07T12:18:57,2026-08-07T12:19:04
ID000168,Jenna-Ortega,04.jpg,Fake,Yes,,Yes,Yes,No,,No,2026-08-07T12:19:04,2026-08-07T12:19:09
ID000168,Jenna-Ortega,05.jpg,Fake,Yes,,Yes,Yes,No,,No,2026-08-07T12:19:09,2026-08-07T12:19:15
ID000250,Matt-Damon,01.jpg,Real,Yes,Yes,Yes,Yes,,,Yes,2026-08-07T12:19:18,2026-08-07T12:19:26
ID000250,Matt-Damon,02.jpg,Real,Yes,Yes,Yes,Yes,,,Yes,2026-08-07T12:19:26,2026-08-07T12:19:34
ID000250,Matt-Damon,03.jpg,Real,Yes,Yes,Yes,Yes,,,Yes,2026-08-07T12:19:34,2026-08-07T12:19:41
ID000250,Matt-Damon,01.jpg,Fake,Yes,,Yes,Yes,Yes,,Yes,2026-08-07T12:19:43,2026-08-07T12:19:48
ID000250,Matt-Damon,02.jpg,Fake,Yes,,Yes,Yes,Yes,,Yes,2026-08-07T12:19:48,2026-08-07T12:19:53
ID000275,Nasser-Al-Huqbani,01.jpg,Real,Yes,Yes,Yes,Yes,,,Yes,2026-08-07T12:19:55,2026-08-07T12:20:03
ID000275,Nasser-Al-Huqbani,02.jpg,Real,Yes,Yes,Yes,Yes,,,Yes,2026-08-07T12:20:03,2026-08-07T12:20:15
ID000275,Nasser-Al-Huqbani,03.jpg,Real,Yes,Yes,Yes,Yes,,,Yes,2026-08-07T12:20:15,2026-08-07T12:20:20
ID000275,Nasser-Al-Huqbani,01.jpg,Fake,Yes,,Yes,Yes,Yes,,Yes,2026-08-07T12:20:22,2026-08-07T12:20:27
ID000275,Nasser-Al-Huqbani,02.jpg,Fake,No,,Yes,Yes,No,,No,2026-08-07T12:20:27,2026-08-07T12:20:35
ID000301,Richard-Gere,01.jpg,Real,Yes,Yes,Yes,Yes,,,Yes,2026-08-07T12:20:37,2026-08-07T12:20:43
ID000301,Richard-Gere,01.jpg,Fake,Yes,,Yes,Yes,Yes,,Yes,2026-08-07T12:20:44,2026-08-07T12:20:51
ID000301,Richard-Gere,02.jpg,Fake,No,,Yes,Yes,No,,No,2026-08-07T12:20:51,2026-08-07T12:20:59
ID000301,Richard-Gere,03.jpg,Fake,Yes,,Yes,Yes,Yes,,Yes,2026-08-07T12:20:59,2026-08-07T12:21:04
ID000301,Richard-Gere,04.jpg,Fake,Yes,,Yes,Yes,Yes,,Yes,2026-08-07T12:21:04,2026-08-07T12:21:10
ID000301,Richard-Gere,05.jpg,Fake,No,,Yes,Yes,Yes,,No,2026-08-07T12:21:10,2026-08-07T12:21:18
ID000343,Susan-Sarandon,01.jpg,Real,Yes,Yes,Yes,Yes,,,Yes,2026-08-07T12:21:20,2026-08-07T12:21:27
ID000343,Susan-Sarandon,01.jpg,Fake,No,,Yes,Yes,Yes,,No,2026-08-07T12:21:29,2026-08-07T12:21:38
ID000343,Susan-Sarandon,02.jpg,Fake,No,,Yes,Yes,No,,No,2026-08-07T12:21:38,2026-08-07T12:21:47
ID000343,Susan-Sarandon,03.jpg,Fake,Yes,,Yes,Yes,Yes,,Yes,2026-08-07T12:21:48,2026-08-07T12:21:53
ID000297,Pope-Francis,01.jpg,Real,Yes,Yes,Yes,Yes,,,Yes,2026-08-07T12:21:54,2026-08-07T12:21:59
ID000297,Pope-Francis,01.jpg,Fake,Yes,,Yes,Yes,No,,Yes,2026-08-07T12:22:01,2026-08-07T12:22:07
ID000297,Pope-Francis,02.png,Fake,Yes,,Yes,Yes,Yes,,Yes,2026-08-07T12:22:07,2026-08-07T12:22:13
ID000297,Pope-Francis,04.jpg,Fake,Yes,,Yes,Yes,Yes,,Yes,2026-08-07T12:22:13,2026-08-07T12:22:18
ID000296,Pierce-Brosnan,01.jpg,Real,Yes,Yes,Yes,Yes,,,Yes,2026-08-07T12:22:21,2026-08-07T12:22:26
ID000296,Pierce-Brosnan,02.jpg,Real,Yes,Yes,Yes,Yes,,,Yes,2026-08-07T12:22:26,2026-08-07T12:22:32
ID000296,Pierce-Brosnan,01.jpg,Fake,Yes,,Yes,Yes,Yes,,No,2026-08-07T12:22:34,2026-08-07T12:22:39
ID000296,Pierce-Brosnan,02.jpg,Fake,Yes,,Yes,Yes,Yes,,No,2026-08-07T12:22:39,2026-08-07T12:22:44
ID000296,Pierce-Brosnan,04.jpg,Fake,Yes,,Yes,Yes,Yes,,Yes,2026-08-07T12:22:45,2026-08-07T12:22:50
ID000296,Pierce-Brosnan,05.jpg,Fake,Yes,,Yes,Yes,Yes,,No,2026-08-07T12:22:50,2026-08-07T12:22:55
ID000062,Carla-Gugino,01.jpg,Real,Yes,Yes,Yes,Yes,,,Yes,2026-08-07T12:22:57,2026-08-07T12:23:03
ID000062,Carla-Gugino,02.jpg,Real,Yes,Yes,Yes,Yes,,,Yes,2026-08-07T12:23:03,2026-08-07T12:23:10
ID000062,Carla-Gugino,01.jpg,Fake,No,,Yes,Yes,Yes,,No,2026-08-07T12:23:11,2026-08-07T12:23:20
ID000062,Carla-Gugino,02.jpg,Fake,No,,Yes,Yes,No,,No,2026-08-07T12:23:20,2026-08-07T12:23:28
ID000062,Carla-Gugino,03.jpg,Fake,No,,Yes,Yes,Yes,,No,2026-08-07T12:23:28,2026-08-07T12:23:33
ID000380,dua-lipa,01.jpg,Real,Yes,Yes,Yes,Yes,,,Yes,2026-08-07T12:23:35,2026-08-07T12:23:41
ID000380,dua-lipa,01.jpg,Fake,Yes,,Yes,Yes,Yes,,No,2026-08-07T12:23:43,2026-08-07T12:23:49
ID000380,dua-lipa,02.jpg,Fake,Yes,,Yes,Yes,No,,Yes,2026-08-07T12:23:49,2026-08-07T12:23:54
ID000380,dua-lipa,03.jpg,Fake,Yes,,Yes,Yes,Yes,,No,2026-08-07T12:23:55,2026-08-07T12:24:00
ID000380,dua-lipa,04.png,Fake,Yes,,Yes,Yes,Yes,,No,2026-08-07T12:24:00,2026-08-07T12:24:06
ID000264,Mickey-Rourke,01.jpg,Real,Yes,Yes,Yes,Yes,,,Yes,2026-08-07T12:24:10,2026-08-07T12:24:18
ID000264,Mickey-Rourke,02.jpg,Real,Yes,Yes,Yes,Yes,,,Yes,2026-08-07T12:24:18,2026-08-07T12:24:22
ID000264,Mickey-Rourke,01.jpg,Fake,Yes,,Yes,Yes,Yes,,Yes,2026-08-07T12:24:24,2026-08-07T12:24:32
ID000264,Mickey-Rourke,03.jpg,Fake,Yes,,Yes,Yes,Yes,,Yes,2026-08-07T12:24:32,2026-08-07T12:24:38
ID000047,Beyonacca,01.png,Real,Yes,Yes,Yes,Yes,,,Yes,2026-08-07T12:24:52,2026-08-07T12:24:58
ID000047,Beyonacca,01.png,Fake,Yes,,Yes,Yes,No,,Yes,2026-08-07T12:25:00,2026-08-07T12:25:08
ID000047,Beyonacca,02.jpg,Fake,Yes,,Yes,Yes,Yes,,Yes,2026-08-07T12:25:08,2026-08-07T12:25:16
ID000047,Beyonacca,03.jpg,Fake,Yes,,Yes,Yes,Yes,,Yes,2026-08-07T12:25:17,2026-08-07T12:25:24
ID000278,Neymar,01.jpg,Real,Yes,Yes,Yes,Yes,,,Yes,2026-08-07T12:25:26,2026-08-07T12:25:32
ID000278,Neymar,02.jpg,Real,Yes,Yes,Yes,Yes,,,Yes,2026-08-07T12:25:33,2026-08-07T12:25:38
ID000278,Neymar,01.jpg,Fake,Yes,,Yes,Yes,Yes,,Yes,2026-08-07T12:25:39,2026-08-07T12:25:48
ID000278,Neymar,110.png,Fake,No,,Yes,Yes,No,,No,2026-08-07T12:25:48,2026-08-07T12:25:55
ID000351,Tim-Allen,01.jpg,Real,Yes,Yes,Yes,Yes,,,Yes,2026-08-07T12:25:57,2026-08-07T12:26:05
ID000351,Tim-Allen,02.jpg,Real,Yes,Yes,Yes,Yes,,,Yes,2026-08-07T12:26:05,2026-08-07T12:26:10
ID000351,Tim-Allen,01.jpg,Fake,No,,Yes,Yes,No,,No,2026-08-07T12:26:11,2026-08-07T12:26:19
ID000351,Tim-Allen,02.jpg,Fake,No,,Yes,Yes,No,,No,2026-08-07T12:26:19,2026-08-07T12:26:26
ID000036,Auston-Matthews,01.jpg,Real,Yes,Yes,Yes,Yes,,,Yes,2026-08-07T12:26:27,2026-08-07T12:26:33
ID000036,Auston-Matthews,01.jpg,Fake,Yes,,Yes,Yes,No,,Yes,2026-08-07T12:26:35,2026-08-07T12:26:42
ID000036,Auston-Matthews,02.jpg,Fake,Yes,,Yes,Yes,Yes,,Yes,2026-08-07T12:26:42,2026-08-07T12:26:50
ID000148,Imane-Anys-Pokimane,01.jpg,Real,Yes,Yes,Yes,Yes,,,Yes,2026-08-07T12:26:51,2026-08-07T12:26:57
ID000148,Imane-Anys-Pokimane,01.jpg,Fake,Yes,,Yes,Yes,Yes,,Yes,2026-08-07T12:26:59,2026-08-07T12:27:07
ID000148,Imane-Anys-Pokimane,02.jpg,Fake,Yes,,Yes,Yes,No,,Yes,2026-08-07T12:27:07,2026-08-07T12:27:13
ID000258,Michael-Keaton,01.jpg,Real,Yes,Yes,Yes,Yes,,,Yes,2026-08-07T12:27:15,2026-08-07T12:27:29
ID000258,Michael-Keaton,02.jpg,Real,Yes,Yes,Yes,Yes,,,Yes,2026-08-07T12:27:29,2026-08-07T12:27:34
ID000258,Michael-Keaton,01.jpg,Fake,Yes,,Yes,Yes,Yes,,Yes,2026-08-07T12:27:35,2026-08-07T12:27:44
ID000258,Michael-Keaton,02.jpg,Fake,Yes,,Yes,Yes,No,,Yes,2026-08-07T12:27:44,2026-08-07T12:27:51
ID000323,Sarah-Michelle-Gellar,01.jpg,Real,Yes,Yes,Yes,Yes,,,Yes,2026-08-07T12:27:52,2026-08-07T12:27:57
ID000323,Sarah-Michelle-Gellar,02.jpg,Real,Yes,Yes,Yes,Yes,,,Yes,2026-08-07T12:27:57,2026-08-07T12:28:02
ID000323,Sarah-Michelle-Gellar,01.jpg,Fake,Yes,,Yes,Yes,Yes,,No,2026-08-07T12:28:03,2026-08-07T12:28:08
ID000323,Sarah-Michelle-Gellar,02.jpg,Fake,Yes,,Yes,Yes,Yes,,Yes,2026-08-07T12:28:09,2026-08-07T12:28:13
ID000323,Sarah-Michelle-Gellar,03.jpg,Fake,Yes,,Yes,Yes,Yes,,No,2026-08-07T12:28:13,2026-08-07T12:28:17
ID000323,Sarah-Michelle-Gellar,04.jpg,Fake,Yes,,Yes,Yes,Yes,,No,2026-08-07T12:28:17,2026-08-07T12:28:22
ID000288,Patricia-Arquette,01.jpg,Real,Yes,Yes,Yes,Yes,,,Yes,2026-08-07T12:28:26,2026-08-07T12:28:30
ID000288,Patricia-Arquette,02.jpg,Real,Yes,Yes,Yes,Yes,,,Yes,2026-08-07T12:28:30,2026-08-07T12:28:35
ID000288,Patricia-Arquette,03.jpg,Real,Yes,Yes,Yes,Yes,,,Yes,2026-08-07T12:28:36,2026-08-07T12:28:41
ID000288,Patricia-Arquette,01.jpg,Fake,Yes,,Yes,Yes,Yes,,Yes,2026-08-07T12:28:42,2026-08-07T12:28:46
ID000288,Patricia-Arquette,02.jpg,Fake,Yes,,Yes,Yes,Yes,,Yes,2026-08-07T12:28:46,2026-08-07T12:28:51
ID000288,Patricia-Arquette,03.jpg,Fake,No,,Yes,Yes,Yes,,No,2026-08-07T12:28:51,2026-08-07T12:28:57
ID000288,Patricia-Arquette,04.jpg,Fake,Yes,,Yes,Yes,Yes,,Yes,2026-08-07T12:28:57,2026-08-07T12:29:02
ID000067,Charlton-Heston,01.jpg,Real,Yes,Yes,Yes,Yes,,,Yes,2026-08-07T12:29:04,2026-08-07T12:29:11
ID000067,Charlton-Heston,02.jpg,Real,Yes,Yes,Yes,Yes,,,Yes,2026-08-07T12:29:11,2026-08-07T12:29:15
ID000067,Charlton-Heston,01.jpg,Fake,Yes,,Yes,Yes,Yes,,Yes,2026-08-07T12:29:17,2026-08-07T12:29:22
ID000067,Charlton-Heston,02.jpg,Fake,Yes,,Yes,Yes,Yes,,No,2026-08-07T12:29:22,2026-08-07T12:29:29
ID000067,Charlton-Heston,03.jpg,Fake,Yes,,Yes,Yes,Yes,,No,2026-08-07T12:29:29,2026-08-07T12:29:34
ID000067,Charlton-Heston,04.jpg,Fake,Yes,,Yes,Yes,Yes,,No,2026-08-07T12:29:34,2026-08-07T12:29:39
ID000067,Charlton-Heston,05.jpg,Fake,Yes,,Yes,Yes,Yes,,No,2026-08-07T12:29:39,2026-08-07T12:29:44
ID000067,Charlton-Heston,06.png,Fake,No,,Yes,Yes,Yes,,No,2026-08-07T12:29:44,2026-08-07T12:29:50
ID000067,Charlton-Heston,07.png,Fake,No,,Yes,Yes,Yes,,No,2026-08-07T12:29:50,2026-08-07T12:29:57
ID000067,Charlton-Heston,08.png,Fake,No,,Yes,Yes,Yes,,No,2026-08-07T12:29:57,2026-08-07T12:30:02
ID000305,Robert-Downey-Jr,01.jpg,Real,Yes,Yes,Yes,Yes,,,Yes,2026-08-07T12:30:06,2026-08-07T12:30:12
ID000305,Robert-Downey-Jr,02.png,Real,Yes,Yes,Yes,Yes,,,Yes,2026-08-07T12:30:12,2026-08-07T12:30:17
ID000305,Robert-Downey-Jr,03.jpg,Real,Yes,Yes,Yes,Yes,,,Yes,2026-08-07T12:30:18,2026-08-07T12:30:23
ID000305,Robert-Downey-Jr,01.jpg,Fake,Yes,,Yes,Yes,Yes,,No,2026-08-07T12:30:24,2026-08-07T12:30:30
ID000305,Robert-Downey-Jr,02.jpg,Fake,Yes,,Yes,Yes,Yes,,No,2026-08-07T12:30:30,2026-08-07T12:30:35
ID000305,Robert-Downey-Jr,03.jpg,Fake,Yes,,Yes,Yes,Yes,,Yes,2026-08-07T12:30:35,2026-08-07T12:30:39
ID000305,Robert-Downey-Jr,04.png,Fake,Yes,,Yes,Yes,No,,No,2026-08-07T12:30:39,2026-08-07T12:30:44
ID000300,Rhett-McLaughlin,01.jpg,Real,Yes,Yes,Yes,Yes,,,Yes,2026-08-07T12:30:47,2026-08-07T12:30:53
ID000300,Rhett-McLaughlin,02.jpg,Real,Yes,Yes,Yes,Yes,,,Yes,2026-08-07T12:30:53,2026-08-07T12:30:58
ID000300,Rhett-McLaughlin,01.png,Fake,No,,No,No,Yes,,No,2026-08-07T12:30:59,2026-08-07T12:31:09
ID000300,Rhett-McLaughlin,02.jpg,Fake,No,,Yes,Yes,Yes,,No,2026-08-07T12:31:09,2026-08-07T12:31:19
ID000300,Rhett-McLaughlin,03.png,Fake,Yes,,No,Yes,Yes,,No,2026-08-07T12:31:20,2026-08-07T12:31:30
ID000300,Rhett-McLaughlin,04.jpg,Fake,Yes,,Yes,Yes,Yes,,Yes,2026-08-07T12:31:30,2026-08-07T12:31:36
ID000333,Shohei-Ohtani,01.jpg,Real,Yes,Yes,Yes,Yes,,,Yes,2026-08-07T12:31:38,2026-08-07T12:31:44
ID000333,Shohei-Ohtani,01.jpg,Fake,Yes,,Yes,Yes,Yes,,No,2026-08-07T12:31:46,2026-08-07T12:31:58
ID000333,Shohei-Ohtani,02.jpg,Fake,Yes,,Yes,Yes,Yes,,No,2026-08-07T12:31:58,2026-08-07T12:32:03
ID000333,Shohei-Ohtani,03.jpg,Fake,Yes,,Yes,Yes,Yes,,Yes,2026-08-07T12:32:03,2026-08-07T12:32:08
ID000333,Shohei-Ohtani,04.png,Fake,Yes,,Yes,Yes,Yes,,No,2026-08-07T12:32:08,2026-08-07T12:32:13
ID000170,Jennifer-Aniston,01.jpg,Real,Yes,Yes,Yes,Yes,,,Yes,2026-08-07T12:32:16,2026-08-07T12:32:22
ID000170,Jennifer-Aniston,02.jpg,Real,Yes,Yes,Yes,Yes,,,Yes,2026-08-07T12:32:22,2026-08-07T12:32:27
ID000170,Jennifer-Aniston,03.jpg,Real,Yes,Yes,Yes,Yes,,,Yes,2026-08-07T12:32:28,2026-08-07T12:32:33
ID000170,Jennifer-Aniston,01.jpg,Fake,Yes,,Yes,Yes,No,,Yes,2026-08-07T12:32:36,2026-08-07T12:32:49
ID000388,mukesh-ambani,01.jpg,Real,Yes,Yes,Yes,Yes,,,Yes,2026-08-07T12:32:50,2026-08-07T12:33:01
ID000388,mukesh-ambani,01.png,Fake,Yes,,No,Yes,Yes,,No,2026-08-07T12:33:03,2026-08-07T12:33:09
ID000388,mukesh-ambani,02.jpg,Fake,Yes,,Yes,Yes,Yes,,Yes,2026-08-07T12:33:09,2026-08-07T12:33:14
ID000388,mukesh-ambani,03.jpg,Fake,Yes,,Yes,Yes,Yes,,Yes,2026-08-07T12:33:14,2026-08-07T12:33:21
ID000388,mukesh-ambani,81.png,Fake,Yes,,Yes,Yes,Yes,,Yes,2026-08-07T12:33:21,2026-08-07T12:33:27
ID000139,Helena-Bonham-Carter,01.jpg,Real,Yes,Yes,Yes,Yes,,,Yes,2026-08-07T12:33:29,2026-08-07T12:33:35
ID000139,Helena-Bonham-Carter,02.jpg,Real,Yes,Yes,Yes,Yes,,,Yes,2026-08-07T12:33:35,2026-08-07T12:33:40
ID000139,Helena-Bonham-Carter,01.jpg,Fake,Yes,,Yes,Yes,Yes,,No,2026-08-07T12:33:41,2026-08-07T12:33:47
ID000139,Helena-Bonham-Carter,02.jpg,Fake,Yes,,Yes,Yes,Yes,,No,2026-08-07T12:33:47,2026-08-07T12:33:51
ID000139,Helena-Bonham-Carter,03.jpg,Fake,Yes,,Yes,Yes,Yes,,Yes,2026-08-07T12:33:51,2026-08-07T12:33:55
ID000139,Helena-Bonham-Carter,04.jpg,Fake,No,,Yes,Yes,No,,No,2026-08-07T12:33:55,2026-08-07T12:34:03
ID000139,Helena-Bonham-Carter,05.jpg,Fake,Yes,,Yes,Yes,Yes,,No,2026-08-07T12:34:03,2026-08-07T12:34:10
ID000139,Helena-Bonham-Carter,06.jpg,Fake,Yes,,Yes,Yes,Yes,,No,2026-08-07T12:34:10,2026-08-07T12:34:17
ID000139,Helena-Bonham-Carter,07.jpg,Fake,No,,Yes,Yes,Yes,,No,2026-08-07T12:34:17,2026-08-07T12:34:24
ID000139,Helena-Bonham-Carter,08.jpg,Fake,Yes,,Yes,Yes,Yes,,No,2026-08-07T12:34:25,2026-08-07T12:34:31
ID000149,Imran-Kahn,01.jpg,Real,Yes,Yes,Yes,Yes,,,Yes,2026-08-07T12:34:35,2026-08-07T12:34:39
ID000149,Imran-Kahn,02.jpg,Real,Yes,Yes,Yes,Yes,,,Yes,2026-08-07T12:34:40,2026-08-07T12:34:44
ID000149,Imran-Kahn,01.jpg,Fake,Yes,,Yes,Yes,Yes,,Yes,2026-08-07T12:34:45,2026-08-07T12:34:51
ID000149,Imran-Kahn,03.jpg,Fake,Yes,,Yes,Yes,Yes,,Yes,2026-08-07T12:34:51,2026-08-07T12:34:56
ID000149,Imran-Kahn,06.png,Fake,Yes,,Yes,Yes,Yes,,Yes,2026-08-07T12:34:56,2026-08-07T12:35:03
ID000208,Kenan-Yildiz,01.jpg,Real,Yes,Yes,Yes,Yes,,,Yes,2026-08-07T12:35:04,2026-08-07T12:35:10
ID000208,Kenan-Yildiz,01.jpg,Fake,No,,Yes,Yes,Yes,,No,2026-08-07T12:35:12,2026-08-07T12:35:20
ID000208,Kenan-Yildiz,02.jpg,Fake,Yes,,Yes,Yes,Yes,,Yes,2026-08-07T12:35:20,2026-08-07T12:35:25
ID000119,Gene-Wilder,01.jpg,Real,Yes,Yes,Yes,Yes,,,Yes,2026-08-07T12:35:26,2026-08-07T12:35:33
ID000119,Gene-Wilder,02.jpg,Real,Yes,Yes,Yes,Yes,,,Yes,2026-08-07T12:35:33,2026-08-07T12:35:38
ID000119,Gene-Wilder,03.jpg,Real,Yes,Yes,Yes,Yes,,,Yes,2026-08-07T12:35:38,2026-08-07T12:35:45
ID000119,Gene-Wilder,01.jpg,Fake,Yes,,Yes,Yes,Yes,,Yes,2026-08-07T12:35:46,2026-08-07T12:35:51
ID000119,Gene-Wilder,02.jpg,Fake,Yes,,Yes,Yes,Yes,,Yes,2026-08-07T12:35:51,2026-08-07T12:35:56
ID000049,Billy-Bob-Thornton,01.jpg,Real,Yes,Yes,Yes,Yes,,,Yes,2026-08-07T12:35:57,2026-08-07T12:36:03
ID000049,Billy-Bob-Thornton,02.jpg,Real,Yes,Yes,Yes,Yes,,,Yes,2026-08-07T12:36:03,2026-08-07T12:36:08
ID000049,Billy-Bob-Thornton,03.jpg,Real,Yes,Yes,Yes,Yes,,,Yes,2026-08-07T12:36:08,2026-08-07T12:36:12
ID000049,Billy-Bob-Thornton,01.jpg,Fake,No,,Yes,Yes,Yes,,No,2026-08-07T12:36:14,2026-08-07T12:36:23
ID000049,Billy-Bob-Thornton,02.png,Fake,Yes,,Yes,Yes,Yes,,Yes,2026-08-07T12:36:23,2026-08-07T12:36:28
ID000049,Billy-Bob-Thornton,03.jpg,Fake,No,,Yes,Yes,No,,No,2026-08-07T12:36:28,2026-08-07T12:36:35
ID000049,Billy-Bob-Thornton,05.jpg,Fake,No,,Yes,Yes,Yes,,No,2026-08-07T12:36:35,2026-08-07T12:36:44
ID000290,Patrick-Wilson,01.jpg,Real,Yes,Yes,Yes,Yes,,,Yes,2026-08-07T12:36:46,2026-08-07T12:37:01
ID000290,Patrick-Wilson,02.jpg,Real,Yes,Yes,Yes,Yes,,,Yes,2026-08-07T12:37:01,2026-08-07T12:37:09
ID000290,Patrick-Wilson,01.jpg,Fake,Yes,,Yes,Yes,Yes,,Yes,2026-08-07T12:37:11,2026-08-07T12:37:16
ID000232,Livvy-Dunne,1.jpg,Real,Yes,Yes,Yes,Yes,,,Yes,2026-08-07T12:37:18,2026-08-07T12:37:24
ID000232,Livvy-Dunne,01.jpg,Fake,Yes,,Yes,Yes,No,,No,2026-08-07T12:37:26,2026-08-07T12:37:32
ID000232,Livvy-Dunne,02.jpg,Fake,Yes,,Yes,Yes,No,,No,2026-08-07T12:37:32,2026-08-07T12:37:39
ID000232,Livvy-Dunne,03.jpg,Fake,Yes,,Yes,Yes,Yes,,Yes,2026-08-07T12:37:39,2026-08-07T12:38:23
ID000232,Livvy-Dunne,04.jpg,Fake,Yes,,Yes,Yes,Yes,,No,2026-08-07T12:38:23,2026-08-07T12:38:30
ID000232,Livvy-Dunne,05.jpg,Fake,No,,Yes,Yes,Yes,,No,2026-08-07T12:38:30,2026-08-07T12:38:40
ID000232,Livvy-Dunne,1.png,Fake,Yes,,Yes,Yes,No,,No,2026-08-07T12:38:40,2026-08-07T12:38:47
ID000171,Jennifer-Connelly,01.png,Real,Yes,Yes,Yes,Yes,,,Yes,2026-08-07T12:38:50,2026-08-07T12:38:56
ID000171,Jennifer-Connelly,02.jpg,Real,Yes,Yes,Yes,Yes,,,Yes,2026-08-07T12:38:56,2026-08-07T12:39:00
ID000171,Jennifer-Connelly,01.jpg,Fake,No,,Yes,Yes,Yes,,No,2026-08-07T12:39:02,2026-08-07T12:39:09
ID000171,Jennifer-Connelly,02.jpg,Fake,Yes,,Yes,Yes,No,,Yes,2026-08-07T12:39:09,2026-08-07T12:39:17
ID000171,Jennifer-Connelly,03.jpg,Fake,Yes,,Yes,Yes,No,,Yes,2026-08-07T12:39:17,2026-08-07T12:39:30
ID000171,Jennifer-Connelly,04.jpg,Fake,No,,Yes,Yes,Yes,,No,2026-08-07T12:39:30,2026-08-07T12:39:44
ID000042,Ben-Kingsley,01.jpg,Real,Yes,Yes,Yes,Yes,,,Yes,2026-08-07T12:39:46,2026-08-07T12:39:53
ID000042,Ben-Kingsley,02.jpg,Real,Yes,Yes,Yes,Yes,,,Yes,2026-08-07T12:39:53,2026-08-07T12:39:59
ID000042,Ben-Kingsley,01.jpg,Fake,Yes,,Yes,Yes,Yes,,Yes,2026-08-07T12:40:01,2026-08-07T12:40:05
ID000042,Ben-Kingsley,02.jpg,Fake,Yes,,Yes,Yes,Yes,,Yes,2026-08-07T12:40:06,2026-08-07T12:40:17
ID000307,Robert-Englund,01.jpg,Real,Yes,Yes,Yes,Yes,,,Yes,2026-08-07T12:40:19,2026-08-07T12:40:25
ID000307,Robert-Englund,01.jpg,Fake,No,,Yes,Yes,Yes,,No,2026-08-07T12:40:26,2026-08-07T12:40:33
ID000307,Robert-Englund,02.png,Fake,No,,Yes,Yes,Yes,,No,2026-08-07T12:40:33,2026-08-07T12:40:39
ID000350,Tian-Xi-Wei,01.jpg,Real,Yes,Yes,Yes,Yes,,,Yes,2026-08-07T12:40:41,2026-08-07T12:40:46
ID000350,Tian-Xi-Wei,01.png,Fake,Yes,,Yes,Yes,Yes,,Yes,2026-08-07T12:40:48,2026-08-07T12:40:54
ID000326,Seerna-William,01.jpg,Real,Yes,Yes,Yes,Yes,,,Yes,2026-08-07T12:40:56,2026-08-07T12:41:02
ID000326,Seerna-William,1.png,Fake,Yes,,Yes,Yes,Yes,,Yes,2026-08-07T12:41:03,2026-08-07T12:41:10
ID000252,Matt-Rife,01.jpg,Real,Yes,Yes,Yes,Yes,,,Yes,2026-08-07T12:41:11,2026-08-07T12:41:16
ID000252,Matt-Rife,02.jpg,Real,Yes,Yes,Yes,Yes,,,Yes,2026-08-07T12:41:17,2026-08-07T12:41:21
ID000252,Matt-Rife,03.jpg,Real,Yes,Yes,Yes,Yes,,,Yes,2026-08-07T12:41:21,2026-08-07T12:41:27
ID000252,Matt-Rife,01.jpg,Fake,Yes,,Yes,Yes,Yes,,Yes,2026-08-07T12:41:29,2026-08-07T12:41:35
ID000070,Chris-Cooper,01.jpg,Real,Yes,Yes,Yes,Yes,,,Yes,2026-08-07T12:41:37,2026-08-07T12:41:50
ID000070,Chris-Cooper,02.webp,Real,Yes,Yes,Yes,Yes,,,Yes,2026-08-07T12:41:50,2026-08-07T12:41:55
ID000070,Chris-Cooper,02.png,Fake,No,,Yes,Yes,Yes,,No,2026-08-07T12:41:57,2026-08-07T12:42:05
ID000336,Sigourney-Weaver,01.jpg,Real,Yes,Yes,Yes,Yes,,,Yes,2026-08-07T12:42:07,2026-08-07T12:42:13
ID000336,Sigourney-Weaver,02.jpg,Real,Yes,Yes,Yes,Yes,,,Yes,2026-08-07T12:42:14,2026-08-07T12:42:19
ID000336,Sigourney-Weaver,01.jpg,Fake,Yes,,Yes,Yes,Yes,,Yes,2026-08-07T12:42:20,2026-08-07T12:42:27
ID000336,Sigourney-Weaver,02.jpg,Fake,Yes,,Yes,Yes,Yes,,No,2026-08-07T12:42:27,2026-08-07T12:42:32
ID000336,Sigourney-Weaver,03.jpg,Fake,Yes,,Yes,Yes,Yes,,No,2026-08-07T12:42:33,2026-08-07T12:42:38
ID000336,Sigourney-Weaver,04.jpg,Fake,Yes,,Yes,Yes,No,,No,2026-08-07T12:42:39,2026-08-07T12:42:47
ID000060,Cameron-Green,01.jpg,Real,Yes,Yes,Yes,Yes,,,Yes,2026-08-07T12:42:51,2026-08-07T12:42:57
ID000060,Cameron-Green,03.jpg,Fake,No,,Yes,Yes,No,,No,2026-08-07T12:42:59,2026-08-07T12:43:08
ID000060,Cameron-Green,04.jpg,Fake,Yes,,Yes,Yes,Yes,,Yes,2026-08-07T12:43:08,2026-08-07T12:43:14
ID000374,Zhong-Huijuan,01.jpg,Real,Yes,Yes,Yes,Yes,,,Yes,2026-08-07T12:43:15,2026-08-07T12:43:23
ID000374,Zhong-Huijuan,02.jpg,Real,Yes,Yes,Yes,Yes,,,Yes,2026-08-07T12:43:23,2026-08-07T12:43:46
ID000374,Zhong-Huijuan,03.jpg,Real,Yes,Yes,Yes,Yes,,,Yes,2026-08-07T12:43:46,2026-08-07T12:43:51
ID000374,Zhong-Huijuan,01.png,Fake,No,,No,Yes,Yes,,No,2026-08-07T12:43:52,2026-08-07T12:44:02
ID000196,Julianne-Moore,01.jpg,Real,Yes,Yes,Yes,Yes,,,Yes,2026-08-07T12:44:04,2026-08-07T12:44:09
ID000196,Julianne-Moore,02.jpg,Real,Yes,Yes,Yes,Yes,,,Yes,2026-08-07T12:44:09,2026-08-07T12:44:14
ID000196,Julianne-Moore,03.jpg,Real,Yes,Yes,Yes,Yes,,,Yes,2026-08-07T12:44:14,2026-08-07T12:44:19
ID000196,Julianne-Moore,01.jpg,Fake,No,,Yes,Yes,Yes,,No,2026-08-07T12:44:21,2026-08-07T12:44:31
ID000196,Julianne-Moore,02.jpg,Fake,Yes,,Yes,Yes,Yes,,No,2026-08-07T12:44:31,2026-08-07T12:44:38
ID000196,Julianne-Moore,03.jpg,Fake,Yes,,Yes,Yes,Yes,,No,2026-08-07T12:44:38,2026-08-07T12:44:43
ID000196,Julianne-Moore,04.jpg,Fake,Yes,,Yes,Yes,Yes,,No,2026-08-07T12:44:43,2026-08-07T12:44:48
ID000196,Julianne-Moore,05.jpg,Fake,Yes,,Yes,Yes,Yes,,Yes,2026-08-07T12:44:48,2026-08-07T12:44:54
ID000281,Nick-Nolte,01.jpg,Real,Yes,Yes,Yes,Yes,,,Yes,2026-08-07T12:44:57,2026-08-07T12:45:04
ID000281,Nick-Nolte,02.jpg,Real,Yes,Yes,Yes,Yes,,,Yes,2026-08-07T12:45:04,2026-08-07T12:45:09
ID000281,Nick-Nolte,03.jpg,Real,Yes,Yes,Yes,Yes,,,Yes,2026-08-07T12:45:09,2026-08-07T12:45:15
ID000281,Nick-Nolte,01.jpg,Fake,Yes,,Yes,Yes,Yes,,Yes,2026-08-07T12:45:18,2026-08-07T12:45:26
ID000281,Nick-Nolte,02.jpg,Fake,No,,Yes,Yes,Yes,,No,2026-08-07T12:45:26,2026-08-07T12:45:34
ID000276,Neha-Kakka,01.jpg,Real,Yes,Yes,Yes,Yes,,,Yes,2026-08-07T12:45:36,2026-08-07T12:45:43
ID000276,Neha-Kakka,02.jpg,Real,Yes,Yes,Yes,Yes,,,Yes,2026-08-07T12:45:43,2026-08-07T12:45:48
ID000276,Neha-Kakka,03.jpg,Real,Yes,Yes,Yes,Yes,,,Yes,2026-08-07T12:45:48,2026-08-07T12:45:53
ID000276,Neha-Kakka,01.jpg,Fake,Yes,,Yes,Yes,No,,Yes,2026-08-07T12:45:54,2026-08-07T12:46:04
ID000276,Neha-Kakka,02.png,Fake,Yes,,Yes,Yes,Yes,,Yes,2026-08-07T12:46:04,2026-08-07T12:46:08
ID000233,Luis-Díaz,01.jpg,Real,Yes,Yes,Yes,Yes,,,Yes,2026-08-07T12:46:10,2026-08-07T12:46:17
ID000233,Luis-Díaz,02.jpg,Real,Yes,Yes,Yes,Yes,,,Yes,2026-08-07T12:46:17,2026-08-07T12:46:22
ID000233,Luis-Díaz,01.jpg,Fake,No,,No,Yes,Yes,,No,2026-08-07T12:46:24,2026-08-07T12:46:37
ID000204,Kathy-Bates,01.jpg,Real,Yes,Yes,Yes,Yes,,,Yes,2026-08-07T12:46:39,2026-08-07T12:46:45
ID000204,Kathy-Bates,02.jpg,Real,Yes,Yes,Yes,Yes,,,Yes,2026-08-07T12:46:45,2026-08-07T12:46:49
ID000204,Kathy-Bates,01.jpg,Fake,Yes,,Yes,Yes,No,,Yes,2026-08-07T12:46:51,2026-08-07T12:46:57
ID000204,Kathy-Bates,02.png,Fake,No,,Yes,Yes,No,,No,2026-08-07T12:46:58,2026-08-07T12:47:08
ID000166,Jean-Claude-Van-Damme,01.jpg,Real,Yes,Yes,Yes,Yes,,,Yes,2026-08-07T12:47:11,2026-08-07T12:47:17
ID000166,Jean-Claude-Van-Damme,02.jpg,Real,Yes,Yes,Yes,Yes,,,Yes,2026-08-07T12:47:17,2026-08-07T12:47:21
ID000166,Jean-Claude-Van-Damme,03.jpg,Real,Yes,Yes,Yes,Yes,,,Yes,2026-08-07T12:47:21,2026-08-07T12:47:25
ID000166,Jean-Claude-Van-Damme,01.jpg,Fake,Yes,,Yes,Yes,Yes,,Yes,2026-08-07T12:47:27,2026-08-07T12:47:33
ID000079,Dan-Aykroyd,01.jpg,Real,Yes,Yes,Yes,Yes,,,Yes,2026-08-07T12:47:36,2026-08-07T12:47:49
ID000079,Dan-Aykroyd,02.jpg,Real,Yes,Yes,Yes,Yes,,,Yes,2026-08-07T12:47:50,2026-08-07T12:47:55
ID000079,Dan-Aykroyd,01.jpg,Fake,Yes,,Yes,Yes,Yes,,Yes,2026-08-07T12:47:57,2026-08-07T12:48:01
ID000090,Domhnall-Gleeson,01.jpg,Real,No,Yes,Yes,Yes,,,No,2026-08-07T12:48:03,2026-08-07T12:48:16
ID000090,Domhnall-Gleeson,02.jpg,Real,Yes,Yes,Yes,Yes,,,Yes,2026-08-07T12:48:16,2026-08-07T12:48:27
ID000090,Domhnall-Gleeson,01.jpg,Fake,No,,Yes,Yes,No,,No,2026-08-07T12:48:30,2026-08-07T12:48:57
ID000090,Domhnall-Gleeson,02.jpg,Fake,Yes,,Yes,Yes,Yes,,No,2026-08-07T12:48:57,2026-08-07T12:49:03
ID000090,Domhnall-Gleeson,03.jpg,Fake,Yes,,Yes,Yes,Yes,,No,2026-08-07T12:49:03,2026-08-07T12:49:08
ID000090,Domhnall-Gleeson,04.jpg,Fake,Yes,,Yes,Yes,Yes,,Yes,2026-08-07T12:49:08,2026-08-07T12:49:12
ID000090,Domhnall-Gleeson,05.jpg,Fake,Yes,,Yes,Yes,Yes,,No,2026-08-07T12:49:12,2026-08-07T12:49:17
ID000090,Domhnall-Gleeson,06.jpg,Fake,Yes,,Yes,Yes,Yes,,No,2026-08-07T12:49:17,2026-08-07T12:49:23
ID000031,Arnold-Schwarzenegger,01.jpg,Real,Yes,Yes,Yes,Yes,,,Yes,2026-08-07T12:49:26,2026-08-07T12:49:31
ID000031,Arnold-Schwarzenegger,01.jpg,Fake,Yes,,Yes,Yes,Yes,,No,2026-08-07T12:49:34,2026-08-07T12:49:40
ID000031,Arnold-Schwarzenegger,02.jpg,Fake,Yes,,Yes,Yes,Yes,,No,2026-08-07T12:49:41,2026-08-07T12:49:45
ID000031,Arnold-Schwarzenegger,03.jpg,Fake,Yes,,Yes,Yes,Yes,,Yes,2026-08-07T12:49:46,2026-08-07T12:49:50
ID000031,Arnold-Schwarzenegger,04.jpg,Fake,Yes,,Yes,Yes,Yes,,No,2026-08-07T12:49:51,2026-08-07T12:49:59
ID000031,Arnold-Schwarzenegger,05.png,Fake,Yes,,Yes,Yes,No,,No,2026-08-07T12:49:59,2026-08-07T12:50:06
ID000031,Arnold-Schwarzenegger,06.jpg,Fake,Yes,,Yes,Yes,No,,No,2026-08-07T12:50:07,2026-08-07T12:50:11
ID000085,Demet-Özdemir,01.jpg,Real,Yes,Yes,Yes,Yes,,,Yes,2026-08-07T12:50:14,2026-08-07T12:50:18
ID000085,Demet-Özdemir,02.jpg,Real,Yes,Yes,Yes,Yes,,,Yes,2026-08-07T12:50:18,2026-08-07T12:50:24
ID000085,Demet-Özdemir,01.jpg,Fake,Yes,,Yes,Yes,No,,Yes,2026-08-07T12:50:25,2026-08-07T12:50:30
ID000085,Demet-Özdemir,02.png,Fake,Yes,,Yes,Yes,Yes,,Yes,2026-08-07T12:50:30,2026-08-07T12:50:35
ID000034,Audrey-Hepburn,01.jpg,Real,Yes,Yes,Yes,Yes,,,Yes,2026-08-07T12:50:37,2026-08-07T12:50:44
ID000034,Audrey-Hepburn,02.jpg,Real,Yes,Yes,Yes,Yes,,,Yes,2026-08-07T12:50:44,2026-08-07T12:50:48
ID000034,Audrey-Hepburn,03.jpg,Real,Yes,Yes,Yes,Yes,,,Yes,2026-08-07T12:50:49,2026-08-07T12:50:54
ID000034,Audrey-Hepburn,01.jpg,Fake,Yes,,Yes,Yes,Yes,,No,2026-08-07T12:50:55,2026-08-07T12:51:01
ID000034,Audrey-Hepburn,02.jpg,Fake,Yes,,Yes,Yes,Yes,,No,2026-08-07T12:51:01,2026-08-07T12:51:06
ID000034,Audrey-Hepburn,03.jpg,Fake,Yes,,Yes,Yes,Yes,,Yes,2026-08-07T12:51:06,2026-08-07T12:51:11
ID000034,Audrey-Hepburn,04.jpg,Fake,Yes,,Yes,Yes,Yes,,No,2026-08-07T12:51:11,2026-08-07T12:51:17
ID000394,taylor-swift,01.png,Real,Yes,Yes,Yes,Yes,,,Yes,2026-08-07T12:51:20,2026-08-07T12:51:29
ID000394,taylor-swift,02.jpg,Real,Yes,Yes,Yes,Yes,,,Yes,2026-08-07T12:51:29,2026-08-07T12:51:33
ID000394,taylor-swift,01.jpg,Fake,Yes,,Yes,Yes,Yes,,Yes,2026-08-07T12:51:35,2026-08-07T12:51:40
ID000394,taylor-swift,02.png,Fake,Yes,,Yes,Yes,Yes,,Yes,2026-08-07T12:51:40,2026-08-07T12:51:46
ID000054,Bruce-Willis,01.jpg,Real,Yes,Yes,Yes,Yes,,,Yes,2026-08-07T12:51:47,2026-08-07T12:51:54
ID000054,Bruce-Willis,02.jpg,Real,Yes,Yes,Yes,Yes,,,Yes,2026-08-07T12:51:54,2026-08-07T12:52:02
ID000054,Bruce-Willis,01.jpg,Fake,No,,No,No,Yes,,No,2026-08-07T12:52:04,2026-08-07T12:52:13
ID000270,Monica-Bellucci,01.jpg,Real,Yes,Yes,Yes,Yes,,,Yes,2026-08-07T12:52:14,2026-08-07T12:52:20
ID000270,Monica-Bellucci,01.jpg,Fake,No,,Yes,Yes,Yes,,No,2026-08-07T12:52:21,2026-08-07T12:52:27
ID000270,Monica-Bellucci,02.jpg,Fake,No,,Yes,Yes,Yes,,No,2026-08-07T12:52:27,2026-08-07T12:52:36
ID000270,Monica-Bellucci,03.jpg,Fake,Yes,,Yes,Yes,Yes,,Yes,2026-08-07T12:52:36,2026-08-07T12:52:43
ID000270,Monica-Bellucci,04.jpg,Fake,Yes,,Yes,Yes,Yes,,Yes,2026-08-07T12:52:43,2026-08-07T12:52:48
ID000080,Daniel-Day-Lewis,01.jpg,Real,Yes,Yes,Yes,Yes,,,Yes,2026-08-07T12:52:50,2026-08-07T12:52:59
ID000080,Daniel-Day-Lewis,02.jpg,Real,Yes,Yes,Yes,Yes,,,Yes,2026-08-07T12:52:59,2026-08-07T12:53:09
ID000080,Daniel-Day-Lewis,01.jpg,Fake,Yes,,Yes,Yes,Yes,,Yes,2026-08-07T12:53:11,2026-08-07T12:53:17
ID000080,Daniel-Day-Lewis,02.jpg,Fake,Yes,,Yes,Yes,Yes,,Yes,2026-08-07T12:53:17,2026-08-07T12:53:21
ID000080,Daniel-Day-Lewis,03.jpg,Fake,Yes,,Yes,Yes,Yes,,Yes,2026-08-07T12:53:21,2026-08-07T12:53:27
ID000342,Suryakumar-Yadav,01.jpg,Real,Yes,Yes,Yes,Yes,,,Yes,2026-08-07T12:53:28,2026-08-07T12:53:34
ID000342,Suryakumar-Yadav,01.jpg,Fake,No,,Yes,Yes,Yes,,No,2026-08-07T12:53:36,2026-08-07T12:53:47
ID000342,Suryakumar-Yadav,1.jpg,Fake,Yes,,No,Yes,Yes,,No,2026-08-07T12:53:47,2026-08-07T12:53:55
ID000342,Suryakumar-Yadav,2.jpg,Fake,Yes,,No,Yes,No,,No,2026-08-07T12:53:55,2026-08-07T12:54:02
ID000214,Kiefer-Sutherland,01.jpg,Real,Yes,Yes,Yes,Yes,,,Yes,2026-08-07T12:54:04,2026-08-07T12:54:10
ID000214,Kiefer-Sutherland,02.jpg,Real,Yes,Yes,Yes,Yes,,,Yes,2026-08-07T12:54:10,2026-08-07T12:54:15
ID000214,Kiefer-Sutherland,01.jpg,Fake,Yes,,Yes,Yes,Yes,,No,2026-08-07T12:54:16,2026-08-07T12:54:22
ID000214,Kiefer-Sutherland,02.jpg,Fake,Yes,,Yes,Yes,Yes,,No,2026-08-07T12:54:22,2026-08-07T12:54:28
ID000214,Kiefer-Sutherland,03.jpg,Fake,Yes,,Yes,Yes,Yes,,Yes,2026-08-07T12:54:28,2026-08-07T12:54:35
ID000214,Kiefer-Sutherland,04.jpg,Fake,Yes,,Yes,Yes,Yes,,No,2026-08-07T12:54:35,2026-08-07T12:54:41
ID000214,Kiefer-Sutherland,05.jpg,Fake,Yes,,Yes,Yes,Yes,,No,2026-08-07T12:54:41,2026-08-07T12:54:51
ID000144,ID000582-Nicole-Kidman,01.jpg,Real,Yes,Yes,Yes,Yes,,,Yes,2026-08-07T12:54:55,2026-08-07T12:55:06
ID000144,ID000582-Nicole-Kidman,02.png,Real,Yes,Yes,Yes,Yes,,,Yes,2026-08-07T12:55:06,2026-08-07T12:55:13
ID000144,ID000582-Nicole-Kidman,01.jpg,Fake,Yes,,Yes,Yes,Yes,,No,2026-08-07T12:55:14,2026-08-07T12:55:20
ID000144,ID000582-Nicole-Kidman,02.jpg,Fake,Yes,,Yes,Yes,Yes,,No,2026-08-07T12:55:20,2026-08-07T12:55:25
ID000144,ID000582-Nicole-Kidman,03.jpg,Fake,Yes,,Yes,Yes,No,,Yes,2026-08-07T12:55:25,2026-08-07T12:55:31
ID000144,ID000582-Nicole-Kidman,04.jpg,Fake,Yes,,Yes,Yes,No,,No,2026-08-07T12:55:31,2026-08-07T12:55:36
ID000144,ID000582-Nicole-Kidman,05.png,Fake,Yes,,Yes,Yes,No,,No,2026-08-07T12:55:36,2026-08-07T12:55:42
ID000123,Giorgia-Meloni,01.jpg,Real,Yes,Yes,Yes,Yes,,,Yes,2026-08-07T12:55:44,2026-08-07T12:55:50
ID000123,Giorgia-Meloni,02.jpg,Real,Yes,Yes,Yes,Yes,,,Yes,2026-08-07T12:55:50,2026-08-07T12:55:55
ID000123,Giorgia-Meloni,01.jpg,Fake,Yes,,Yes,Yes,No,,Yes,2026-08-07T12:55:57,2026-08-07T12:56:03
ID000123,Giorgia-Meloni,02.jpg,Fake,Yes,,Yes,Yes,No,,Yes,2026-08-07T12:56:03,2026-08-07T12:56:08
ID000123,Giorgia-Meloni,03.png,Fake,Yes,,Yes,Yes,No,,Yes,2026-08-07T12:56:08,2026-08-07T12:56:14
ID000376,aane-Hathaway,01.jpg,Real,Yes,Yes,Yes,Yes,,,Yes,2026-08-07T12:56:16,2026-08-07T12:56:23
ID000376,aane-Hathaway,02.jpg,Real,Yes,Yes,Yes,Yes,,,Yes,2026-08-07T12:56:23,2026-08-07T12:56:28
ID000376,aane-Hathaway,01.jpg,Fake,Yes,,Yes,Yes,Yes,,Yes,2026-08-07T12:56:30,2026-08-07T12:56:36
ID000376,aane-Hathaway,02.jpg,Fake,Yes,,Yes,Yes,Yes,,Yes,2026-08-07T12:56:36,2026-08-07T12:56:42
ID000376,aane-Hathaway,03.jpg,Fake,Yes,,Yes,Yes,Yes,,Yes,2026-08-07T12:56:42,2026-08-07T12:56:48
ID000158,Jackie-Chan,01.jpg,Real,Yes,Yes,Yes,Yes,,,Yes,2026-08-07T12:56:50,2026-08-07T12:56:56
ID000158,Jackie-Chan,02.jpg,Real,Yes,Yes,Yes,Yes,,,Yes,2026-08-07T12:56:57,2026-08-07T12:57:02
ID000158,Jackie-Chan,03.jpg,Real,Yes,Yes,Yes,Yes,,,Yes,2026-08-07T12:57:02,2026-08-07T12:57:06
ID000158,Jackie-Chan,01.jpg,Fake,Yes,,Yes,Yes,Yes,,No,2026-08-07T12:57:09,2026-08-07T12:57:16
ID000158,Jackie-Chan,02.jpg,Fake,Yes,,Yes,Yes,Yes,,No,2026-08-07T12:57:16,2026-08-07T12:57:21
ID000158,Jackie-Chan,03.jpg,Fake,Yes,,Yes,Yes,Yes,,Yes,2026-08-07T12:57:21,2026-08-07T12:57:25
ID000158,Jackie-Chan,04.jpg,Fake,Yes,,Yes,Yes,No,,No,2026-08-07T12:57:25,2026-08-07T12:57:30
ID000330,Shakira-Isabel-Mebarak-Ripoll,01.jpg,Real,Yes,Yes,Yes,Yes,,,Yes,2026-08-07T12:57:33,2026-08-07T12:57:41
ID000330,Shakira-Isabel-Mebarak-Ripoll,02.jpg,Real,Yes,Yes,Yes,Yes,,,Yes,2026-08-07T12:57:41,2026-08-07T12:57:47
ID000330,Shakira-Isabel-Mebarak-Ripoll,03.jpg,Real,Yes,Yes,Yes,Yes,,,Yes,2026-08-07T12:57:48,2026-08-07T12:57:53
ID000330,Shakira-Isabel-Mebarak-Ripoll,01.jpg,Fake,Yes,,Yes,Yes,Yes,,Yes,2026-08-07T12:57:55,2026-08-07T12:58:01
ID000330,Shakira-Isabel-Mebarak-Ripoll,04.png,Fake,Yes,,Yes,Yes,No,,Yes,2026-08-07T12:58:01,2026-08-07T12:58:06
ID000309,Roberto-Benigni,01.jpg,Real,Yes,Yes,Yes,Yes,,,Yes,2026-08-07T12:58:08,2026-08-07T12:58:12
ID000309,Roberto-Benigni,01.jpg,Fake,Yes,,Yes,Yes,Yes,,Yes,2026-08-07T12:58:14,2026-08-07T12:58:20
ID000249,Martin-Ødegaard,01.jpg,Real,Yes,Yes,Yes,Yes,,,Yes,2026-08-07T12:58:22,2026-08-07T12:58:27
ID000249,Martin-Ødegaard,01.jpg,Fake,Yes,,Yes,Yes,Yes,,Yes,2026-08-07T12:58:28,2026-08-07T12:58:34
ID000239,Margot-Robie,01.jpg,Real,Yes,Yes,Yes,Yes,,,Yes,2026-08-07T12:58:35,2026-08-07T12:58:41
ID000239,Margot-Robie,02.jpg,Real,Yes,Yes,Yes,Yes,,,Yes,2026-08-07T12:58:41,2026-08-07T12:58:45
ID000239,Margot-Robie,01.jpg,Fake,Yes,,Yes,Yes,Yes,,No,2026-08-07T12:58:47,2026-08-07T12:58:52
ID000239,Margot-Robie,02.jpg,Fake,Yes,,Yes,Yes,Yes,,No,2026-08-07T12:58:52,2026-08-07T12:58:56
ID000239,Margot-Robie,03.jpg,Fake,Yes,,Yes,Yes,Yes,,No,2026-08-07T12:58:56,2026-08-07T12:59:00
ID000239,Margot-Robie,04.png,Fake,Yes,,Yes,Yes,Yes,,Yes,2026-08-07T12:59:00,2026-08-07T12:59:04
ID000239,Margot-Robie,05.jpg,Fake,Yes,,Yes,Yes,Yes,,No,2026-08-07T12:59:04,2026-08-07T12:59:09
ID000239,Margot-Robie,06.png,Fake,Yes,,Yes,Yes,Yes,,No,2026-08-07T12:59:09,2026-08-07T12:59:13
ID000183,John-Leguizamo,01.jpg,Real,Yes,Yes,Yes,Yes,,,Yes,2026-08-07T12:59:16,2026-08-07T12:59:24
ID000183,John-Leguizamo,02.jpg,Real,Yes,Yes,Yes,Yes,,,Yes,2026-08-07T12:59:24,2026-08-07T12:59:31
ID000183,John-Leguizamo,01.jpg,Fake,Yes,,Yes,Yes,Yes,,Yes,2026-08-07T12:59:32,2026-08-07T12:59:41
ID000183,John-Leguizamo,02.jpg,Fake,No,,Yes,Yes,Yes,,No,2026-08-07T12:59:41,2026-08-07T12:59:47
ID000228,Lindsay-Lohan,01.jpg,Real,Yes,Yes,Yes,Yes,,,Yes,2026-08-07T12:59:50,2026-08-07T13:00:00
ID000228,Lindsay-Lohan,02.jpg,Real,Yes,Yes,Yes,Yes,,,Yes,2026-08-07T13:00:01,2026-08-07T13:00:07
ID000228,Lindsay-Lohan,01.jpg,Fake,Yes,,Yes,Yes,Yes,,Yes,2026-08-07T13:00:10,2026-08-07T13:00:15
ID000228,Lindsay-Lohan,04.jpg,Fake,Yes,,Yes,Yes,Yes,,Yes,2026-08-07T13:00:15,2026-08-07T13:00:20
ID000228,Lindsay-Lohan,05.jpg,Fake,No,,Yes,Yes,No,,No,2026-08-07T13:00:20,2026-08-07T13:00:27
ID000137,Heath-Ledger,01.jpg,Real,Yes,Yes,Yes,Yes,,,Yes,2026-08-07T13:00:29,2026-08-07T13:00:34
ID000137,Heath-Ledger,02.jpg,Real,Yes,Yes,Yes,Yes,,,Yes,2026-08-07T13:00:34,2026-08-07T13:00:39
ID000137,Heath-Ledger,03.jpg,Real,Yes,Yes,Yes,Yes,,,Yes,2026-08-07T13:00:39,2026-08-07T13:00:44
ID000137,Heath-Ledger,01.jpg,Fake,Yes,,Yes,Yes,Yes,,No,2026-08-07T13:00:45,2026-08-07T13:00:50
ID000137,Heath-Ledger,02.jpg,Fake,Yes,,Yes,Yes,Yes,,No,2026-08-07T13:00:50,2026-08-07T13:00:54
ID000137,Heath-Ledger,03.jpg,Fake,Yes,,Yes,Yes,Yes,,Yes,2026-08-07T13:00:54,2026-08-07T13:01:00
ID000137,Heath-Ledger,04.jpg,Fake,Yes,,Yes,Yes,Yes,,No,2026-08-07T13:01:00,2026-08-07T13:01:06
ID000137,Heath-Ledger,05.jpg,Fake,Yes,,Yes,Yes,Yes,,No,2026-08-07T13:01:06,2026-08-07T13:01:11
ID000189,Johnny-Knoxville,01.jpg,Real,No,Yes,Yes,Yes,,,No,2026-08-07T13:01:37,2026-08-07T13:01:39
ID000189,Johnny-Knoxville,02.jpg,Real,No,Yes,Yes,Yes,,,No,2026-08-07T13:01:40,2026-08-07T13:01:45
ID000189,Johnny-Knoxville,01.jpg,Fake,Yes,,Yes,Yes,Yes,,Yes,2026-08-07T13:01:46,2026-08-07T13:01:52
ID000368,William,01.jpg,Real,Yes,Yes,Yes,Yes,,,Yes,2026-08-07T13:01:54,2026-08-07T13:02:05
ID000368,William,02.jpg,Real,Yes,Yes,Yes,Yes,,,Yes,2026-08-07T13:02:06,2026-08-07T13:02:12
ID000368,William,02.jpg,Fake,Yes,,Yes,Yes,Yes,,Yes,2026-08-07T13:02:13,2026-08-07T13:02:19
ID000368,William,1.jpg,Fake,No,,Yes,Yes,Yes,,No,2026-08-07T13:02:19,2026-08-07T13:02:26
ID000366,Will-Ferrell,01.jpg,Real,Yes,Yes,Yes,Yes,,,Yes,2026-08-07T13:02:28,2026-08-07T13:02:38
ID000366,Will-Ferrell,02.jpg,Real,Yes,Yes,Yes,Yes,,,Yes,2026-08-07T13:02:38,2026-08-07T13:02:45
ID000366,Will-Ferrell,01.jpg,Fake,No,,Yes,Yes,Yes,,No,2026-08-07T13:02:46,2026-08-07T13:02:55
ID000366,Will-Ferrell,02.jpg,Fake,No,,Yes,Yes,No,,No,2026-08-07T13:02:55,2026-08-07T13:03:03
ID000366,Will-Ferrell,04.jpg,Fake,Yes,,Yes,Yes,Yes,,Yes,2026-08-07T13:03:03,2026-08-07T13:03:09
ID000154,Ishan-Kishan,01.jpg,Real,Yes,Yes,Yes,Yes,,,Yes,2026-08-07T13:03:11,2026-08-07T13:03:18
ID000154,Ishan-Kishan,01.png,Real,Yes,Yes,Yes,Yes,,,Yes,2026-08-07T13:03:18,2026-08-07T13:03:23
ID000154,Ishan-Kishan,images (2).jpg,Real,Yes,Yes,Yes,Yes,,,Yes,2026-08-07T13:03:23,2026-08-07T13:03:28
ID000154,Ishan-Kishan,04.webp,Fake,Yes,,No,Yes,No,,No,2026-08-07T13:03:30,2026-08-07T13:03:38
ID000154,Ishan-Kishan,images (1).jpg,Fake,Yes,,No,Yes,Yes,,No,2026-08-07T13:03:38,2026-08-07T13:03:46
ID000154,Ishan-Kishan,images.jpg,Fake,Yes,,No,Yes,No,,No,2026-08-07T13:03:46,2026-08-07T13:03:53
ID000154,Ishan-Kishan,photo-with-ishan-kishan-ipl-stadium-1-optimized.webp,Fake,Yes,,No,Yes,Yes,,No,2026-08-07T13:03:53,2026-08-07T13:03:59
ID000084,David-Miller,01.png,Real,Yes,Yes,Yes,Yes,,,Yes,2026-08-07T13:04:00,2026-08-07T13:04:08
ID000084,David-Miller,01.jpg,Fake,No,,Yes,Yes,No,,No,2026-08-07T13:04:09,2026-08-07T13:04:19
ID000084,David-Miller,02.jpg,Fake,Yes,,Yes,Yes,Yes,,Yes,2026-08-07T13:04:19,2026-08-07T13:04:25
ID000020,Andrew-Garfield,01.jpg,Real,Yes,Yes,Yes,Yes,,,Yes,2026-08-07T13:04:27,2026-08-07T13:04:34
ID000020,Andrew-Garfield,02.jpg,Real,Yes,Yes,Yes,Yes,,,Yes,2026-08-07T13:04:34,2026-08-07T13:04:39
ID000020,Andrew-Garfield,01.jpg,Fake,Yes,,Yes,Yes,Yes,,Yes,2026-08-07T13:04:40,2026-08-07T13:04:47
ID000020,Andrew-Garfield,02.jpg,Fake,Yes,,Yes,Yes,Yes,,Yes,2026-08-07T13:04:47,2026-08-07T13:04:52
ID000078,Cristanio-Ronaldo,01.jpg,Real,Yes,Yes,Yes,Yes,,,Yes,2026-08-07T13:04:54,2026-08-07T13:04:58
ID000078,Cristanio-Ronaldo,02.jpg,Real,Yes,Yes,Yes,Yes,,,Yes,2026-08-07T13:04:58,2026-08-07T13:05:02
ID000078,Cristanio-Ronaldo,01.jpg,Fake,Yes,,Yes,Yes,Yes,,No,2026-08-07T13:05:04,2026-08-07T13:05:09
ID000078,Cristanio-Ronaldo,02.jpg,Fake,Yes,,Yes,Yes,Yes,,No,2026-08-07T13:05:09,2026-08-07T13:05:14
ID000078,Cristanio-Ronaldo,03.jpg,Fake,Yes,,Yes,Yes,Yes,,No,2026-08-07T13:05:14,2026-08-07T13:05:19
ID000078,Cristanio-Ronaldo,04.png,Fake,Yes,,Yes,Yes,Yes,,Yes,2026-08-07T13:05:19,2026-08-07T13:05:23
ID000161,Jamie-Lee-Curtis,01.jpg,Real,Yes,Yes,Yes,Yes,,,Yes,2026-08-07T13:05:26,2026-08-07T13:05:31
ID000161,Jamie-Lee-Curtis,02.jpg,Real,Yes,Yes,Yes,Yes,,,Yes,2026-08-07T13:05:31,2026-08-07T13:05:35
ID000161,Jamie-Lee-Curtis,01.jpg,Fake,Yes,,Yes,Yes,Yes,,No,2026-08-07T13:05:38,2026-08-07T13:05:42
ID000161,Jamie-Lee-Curtis,02.jpg,Fake,Yes,,Yes,Yes,Yes,,No,2026-08-07T13:05:42,2026-08-07T13:05:47
ID000161,Jamie-Lee-Curtis,03.jpg,Fake,Yes,,Yes,Yes,Yes,,No,2026-08-07T13:05:47,2026-08-07T13:05:51
ID000161,Jamie-Lee-Curtis,04.jpg,Fake,Yes,,Yes,Yes,Yes,,Yes,2026-08-07T13:05:51,2026-08-07T13:05:55
ID000194,Josh-Hutcherson,01.jpg,Real,Yes,Yes,Yes,Yes,,,Yes,2026-08-07T13:05:58,2026-08-07T13:06:03
ID000194,Josh-Hutcherson,02.jpg,Real,Yes,Yes,Yes,Yes,,,Yes,2026-08-07T13:06:03,2026-08-07T13:06:09
ID000194,Josh-Hutcherson,01.jpg,Fake,Yes,,Yes,Yes,Yes,,Yes,2026-08-07T13:06:10,2026-08-07T13:06:15
ID000194,Josh-Hutcherson,02.jpg,Fake,Yes,,Yes,Yes,Yes,,Yes,2026-08-07T13:06:15,2026-08-07T13:06:20
ID000064,Carrie-Anne-Moss,01.jpg,Real,Yes,Yes,Yes,Yes,,,Yes,2026-08-07T13:06:22,2026-08-07T13:06:27
ID000064,Carrie-Anne-Moss,02.jpg,Real,Yes,Yes,Yes,Yes,,,Yes,2026-08-07T13:06:27,2026-08-07T13:06:31
ID000064,Carrie-Anne-Moss,03.jpg,Real,Yes,Yes,Yes,Yes,,,Yes,2026-08-07T13:06:31,2026-08-07T13:06:35
ID000064,Carrie-Anne-Moss,01.jpg,Fake,Yes,,Yes,Yes,Yes,,Yes,2026-08-07T13:06:37,2026-08-07T13:06:41
ID000064,Carrie-Anne-Moss,02.jpg,Fake,Yes,,Yes,Yes,Yes,,Yes,2026-08-07T13:06:41,2026-08-07T13:06:45
ID000064,Carrie-Anne-Moss,03.jpg,Fake,No,,Yes,Yes,No,,No,2026-08-07T13:06:46,2026-08-07T13:06:53
ID000064,Carrie-Anne-Moss,04.jpg,Fake,Yes,,Yes,Yes,Yes,,Yes,2026-08-07T13:06:53,2026-08-07T13:06:58
ID000159,Jake-Gyllenhaal,01.jpg,Real,Yes,Yes,Yes,Yes,,,Yes,2026-08-07T13:07:00,2026-08-07T13:07:06
ID000159,Jake-Gyllenhaal,02.jpg,Real,Yes,Yes,Yes,Yes,,,Yes,2026-08-07T13:07:06,2026-08-07T13:07:11
ID000159,Jake-Gyllenhaal,01.jpg,Fake,Yes,,Yes,Yes,Yes,,No,2026-08-07T13:07:12,2026-08-07T13:07:17
ID000159,Jake-Gyllenhaal,02.jpg,Fake,Yes,,Yes,Yes,Yes,,No,2026-08-07T13:07:17,2026-08-07T13:07:23
ID000159,Jake-Gyllenhaal,03.jpg,Fake,Yes,,Yes,Yes,Yes,,Yes,2026-08-07T13:07:23,2026-08-07T13:07:28
ID000159,Jake-Gyllenhaal,04.jpg,Fake,Yes,,Yes,Yes,Yes,,No,2026-08-07T13:07:29,2026-08-07T13:07:33
ID000220,Lady-gagga,01.jpg,Real,Yes,Yes,Yes,Yes,,,Yes,2026-08-07T13:07:38,2026-08-07T13:07:44
ID000220,Lady-gagga,02.jpg,Real,Yes,Yes,Yes,Yes,,,Yes,2026-08-07T13:07:44,2026-08-07T13:07:49
ID000220,Lady-gagga,01.png,Fake,Yes,,Yes,Yes,Yes,,No,2026-08-07T13:07:51,2026-08-07T13:07:57
ID000220,Lady-gagga,02.jpg,Fake,Yes,,Yes,Yes,Yes,,No,2026-08-07T13:07:57,2026-08-07T13:08:02
ID000220,Lady-gagga,03.jpg,Fake,Yes,,Yes,Yes,Yes,,No,2026-08-07T13:08:02,2026-08-07T13:08:07
ID000220,Lady-gagga,48.png,Fake,Yes,,Yes,Yes,Yes,,Yes,2026-08-07T13:08:07,2026-08-07T13:08:11
ID000286,Olga-Loiek,01.jpg,Real,Yes,Yes,Yes,Yes,,,Yes,2026-08-07T13:08:13,2026-08-07T13:08:20
ID000286,Olga-Loiek,02.png,Real,Yes,Yes,Yes,Yes,,,Yes,2026-08-07T13:08:20,2026-08-07T13:08:27
ID000286,Olga-Loiek,01.jpg,Fake,Yes,,Yes,Yes,Yes,,Yes,2026-08-07T13:08:29,2026-08-07T13:08:40
ID000286,Olga-Loiek,02.jpg,Fake,Yes,,Yes,Yes,No,,Yes,2026-08-07T13:08:40,2026-08-07T13:08:48
ID000286,Olga-Loiek,03.png,Fake,Yes,,Yes,Yes,No,,Yes,2026-08-07T13:08:48,2026-08-07T13:08:55
ID000257,Michael-J-Fox,01.jpg,Real,Yes,Yes,Yes,Yes,,,Yes,2026-08-07T13:08:57,2026-08-07T13:09:02
ID000257,Michael-J-Fox,02.jpg,Real,Yes,Yes,Yes,Yes,,,Yes,2026-08-07T13:09:02,2026-08-07T13:09:07
ID000257,Michael-J-Fox,03.jpg,Real,Yes,Yes,Yes,Yes,,,Yes,2026-08-07T13:09:07,2026-08-07T13:09:11
ID000257,Michael-J-Fox,01.jpg,Fake,Yes,,Yes,Yes,Yes,,Yes,2026-08-07T13:09:13,2026-08-07T13:09:18
ID000257,Michael-J-Fox,02.jpg,Fake,Yes,,Yes,Yes,No,,Yes,2026-08-07T13:09:18,2026-08-07T13:09:26
ID000257,Michael-J-Fox,03.jpg,Fake,No,,Yes,Yes,Yes,,No,2026-08-07T13:09:26,2026-08-07T13:09:31
ID000257,Michael-J-Fox,04.jpg,Fake,Yes,,Yes,Yes,Yes,,Yes,2026-08-07T13:09:31,2026-08-07T13:09:36
ID000035,Audrey-Tautou,01.jpg,Real,Yes,Yes,Yes,Yes,,,Yes,2026-08-07T13:09:37,2026-08-07T13:10:41
ID000035,Audrey-Tautou,02.jpg,Real,Yes,Yes,Yes,Yes,,,Yes,2026-08-07T13:10:41,2026-08-07T13:10:56
ID000035,Audrey-Tautou,01.jpg,Fake,Yes,,Yes,Yes,Yes,,Yes,2026-08-07T13:10:57,2026-08-07T13:11:02
ID000035,Audrey-Tautou,02.jpg,Fake,Yes,,Yes,Yes,Yes,,Yes,2026-08-07T13:11:02,2026-08-07T13:11:07
ID000035,Audrey-Tautou,03.jpg,Fake,Yes,,Yes,Yes,Yes,,Yes,2026-08-07T13:11:07,2026-08-07T13:11:12
ID000138,Helen-Mirren,01.jpg,Real,Yes,Yes,Yes,Yes,,,Yes,2026-08-07T13:11:13,2026-08-07T13:11:25
ID000138,Helen-Mirren,02.jpg,Real,Yes,Yes,Yes,Yes,,,Yes,2026-08-07T13:11:25,2026-08-07T13:11:33
ID000138,Helen-Mirren,01.jpg,Fake,Yes,,Yes,Yes,Yes,,No,2026-08-07T13:11:35,2026-08-07T13:11:40
ID000138,Helen-Mirren,02.jpg,Fake,Yes,,Yes,Yes,Yes,,No,2026-08-07T13:11:40,2026-08-07T13:11:44
ID000138,Helen-Mirren,04.jpg,Fake,Yes,,Yes,Yes,Yes,,No,2026-08-07T13:11:45,2026-08-07T13:11:51
ID000138,Helen-Mirren,05.jpg,Fake,Yes,,Yes,Yes,Yes,,Yes,2026-08-07T13:11:51,2026-08-07T13:11:56
ID000234,Maggie-Smith,01.jpg,Real,Yes,Yes,Yes,Yes,,,Yes,2026-08-07T13:11:59,2026-08-07T13:12:04
ID000234,Maggie-Smith,01.jpg,Fake,Yes,,Yes,Yes,Yes,,Yes,2026-08-07T13:12:07,2026-08-07T13:12:12
ID000234,Maggie-Smith,02.jpg,Fake,Yes,,Yes,Yes,Yes,,Yes,2026-08-07T13:12:13,2026-08-07T13:12:16
ID000234,Maggie-Smith,03.jpg,Fake,Yes,,Yes,Yes,Yes,,Yes,2026-08-07T13:12:17,2026-08-07T13:12:20
ID000319,Sally-Field,01.jpg,Real,Yes,Yes,Yes,Yes,,,Yes,2026-08-07T13:12:22,2026-08-07T13:12:28
ID000319,Sally-Field,02.jpg,Real,Yes,Yes,Yes,Yes,,,Yes,2026-08-07T13:12:28,2026-08-07T13:12:31
ID000319,Sally-Field,03.jpg,Real,Yes,Yes,Yes,Yes,,,Yes,2026-08-07T13:12:32,2026-08-07T13:12:37
ID000319,Sally-Field,01.jpg,Fake,Yes,,Yes,Yes,Yes,,No,2026-08-07T13:12:39,2026-08-07T13:12:45
ID000319,Sally-Field,02.jpg,Fake,Yes,,Yes,Yes,Yes,,No,2026-08-07T13:12:45,2026-08-07T13:12:49
ID000319,Sally-Field,03.jpg,Fake,Yes,,Yes,Yes,Yes,,No,2026-08-07T13:12:49,2026-08-07T13:12:55
ID000319,Sally-Field,04.jpg,Fake,Yes,,Yes,Yes,Yes,,Yes,2026-08-07T13:12:56,2026-08-07T13:13:00
ID000284,Ning-Yizhuo,01.png,Real,Yes,Yes,Yes,Yes,,,Yes,2026-08-07T13:13:03,2026-08-07T13:13:10
ID000284,Ning-Yizhuo,02.jpg,Real,Yes,Yes,Yes,Yes,,,Yes,2026-08-07T13:13:10,2026-08-07T13:13:15
ID000284,Ning-Yizhuo,03.jpg,Real,Yes,Yes,Yes,Yes,,,Yes,2026-08-07T13:13:15,2026-08-07T13:13:20
ID000284,Ning-Yizhuo,01.jpg,Fake,Yes,,Yes,Yes,No,,Yes,2026-08-07T13:13:21,2026-08-07T13:13:27
ID000284,Ning-Yizhuo,02.png,Fake,Yes,,Yes,Yes,Yes,,Yes,2026-08-07T13:13:27,2026-08-07T13:13:42
ID000087,Devon-Conway,01.png,Real,Yes,Yes,Yes,Yes,,,Yes,2026-08-07T13:13:45,2026-08-07T13:13:52
ID000087,Devon-Conway,02.webp,Real,Yes,Yes,Yes,Yes,,,Yes,2026-08-07T13:13:52,2026-08-07T13:13:57
ID000087,Devon-Conway,1.jpg,Fake,Yes,,Yes,Yes,No,,Yes,2026-08-07T13:14:01,2026-08-07T13:14:07
ID000289,Patrick-Stewart,01.jpg,Real,Yes,Yes,Yes,Yes,,,Yes,2026-08-07T13:14:09,2026-08-07T13:14:18
ID000289,Patrick-Stewart,02.jpg,Real,Yes,Yes,Yes,Yes,,,Yes,2026-08-07T13:14:18,2026-08-07T13:14:23
ID000289,Patrick-Stewart,01.jpg,Fake,Yes,,Yes,Yes,Yes,,Yes,2026-08-07T13:14:25,2026-08-07T13:14:31
ID000289,Patrick-Stewart,02.jpg,Fake,Yes,,Yes,Yes,Yes,,Yes,2026-08-07T13:14:31,2026-08-07T13:14:36
ID000289,Patrick-Stewart,03.jpg,Fake,Yes,,No,Yes,Yes,,No,2026-08-07T13:14:36,2026-08-07T13:14:44
ID000289,Patrick-Stewart,04.jpg,Fake,Yes,,Yes,Yes,Yes,,Yes,2026-08-07T13:14:44,2026-08-07T13:14:51
ID000356,Tom-Cruise,01.jpg,Real,Yes,Yes,Yes,Yes,,,Yes,2026-08-07T13:14:54,2026-08-07T13:15:00
ID000356,Tom-Cruise,02.jpg,Real,Yes,Yes,Yes,Yes,,,Yes,2026-08-07T13:15:00,2026-08-07T13:15:05
ID000356,Tom-Cruise,03.jpg,Real,Yes,Yes,Yes,Yes,,,Yes,2026-08-07T13:15:05,2026-08-07T13:15:09
ID000356,Tom-Cruise,01.jpg,Fake,Yes,,Yes,Yes,Yes,,Yes,2026-08-07T13:15:11,2026-08-07T13:15:17
ID000173,Jennifer-Lopez,01.jpg,Real,Yes,Yes,Yes,Yes,,,Yes,2026-08-07T13:15:18,2026-08-07T13:15:23
ID000173,Jennifer-Lopez,01.jpg,Fake,Yes,,Yes,Yes,Yes,,Yes,2026-08-07T13:15:25,2026-08-07T13:15:30
ID000173,Jennifer-Lopez,02.png,Fake,Yes,,Yes,Yes,Yes,,Yes,2026-08-07T13:15:30,2026-08-07T13:15:35
ID000173,Jennifer-Lopez,03.jpg,Fake,Yes,,Yes,Yes,Yes,,Yes,2026-08-07T13:15:35,2026-08-07T13:15:39
ID000178,Jim-Parsons,01.jpg,Real,Yes,Yes,Yes,Yes,,,Yes,2026-08-07T13:15:41,2026-08-07T13:15:48
ID000178,Jim-Parsons,02.jpg,Real,Yes,Yes,Yes,Yes,,,Yes,2026-08-07T13:15:48,2026-08-07T13:15:56
ID000178,Jim-Parsons,03.jpg,Real,Yes,Yes,Yes,Yes,,,Yes,2026-08-07T13:15:56,2026-08-07T13:16:04
ID000178,Jim-Parsons,01.jpg,Fake,No,,Yes,Yes,Yes,,No,2026-08-07T13:16:11,2026-08-07T13:16:17
ID000178,Jim-Parsons,02.jpg,Fake,Yes,,Yes,Yes,Yes,,Yes,2026-08-07T13:16:18,2026-08-07T13:16:23
ID000178,Jim-Parsons,03.jpg,Fake,Yes,,Yes,Yes,Yes,,Yes,2026-08-07T13:16:23,2026-08-07T13:16:28
ID000178,Jim-Parsons,04.jpg,Fake,Yes,,Yes,Yes,Yes,,Yes,2026-08-07T13:16:28,2026-08-07T13:16:34
ID000002,Abbie-Cornish,01.jpg,Real,Yes,Yes,Yes,Yes,,,Yes,2026-08-07T13:16:35,2026-08-07T13:16:40
ID000002,Abbie-Cornish,01.jpg,Fake,Yes,,Yes,Yes,Yes,,Yes,2026-08-07T13:16:41,2026-08-07T13:16:47
ID000002,Abbie-Cornish,02.jpg,Fake,Yes,,Yes,Yes,Yes,,Yes,2026-08-07T13:16:47,2026-08-07T13:16:52
ID000267,Mohamed-Salah,01.jpg,Real,Yes,Yes,Yes,Yes,,,Yes,2026-08-07T13:16:54,2026-08-07T13:17:00
ID000267,Mohamed-Salah,02.jpg,Real,Yes,Yes,Yes,Yes,,,Yes,2026-08-07T13:17:00,2026-08-07T13:17:05
ID000267,Mohamed-Salah,01.png,Fake,Yes,,Yes,Yes,Yes,,Yes,2026-08-07T13:17:07,2026-08-07T13:17:17
ID000267,Mohamed-Salah,02.png,Fake,No,,Yes,Yes,No,,No,2026-08-07T13:17:18,2026-08-07T13:17:30
ID000077,Colin-Farrell,01.jpg,Real,Yes,Yes,Yes,Yes,,,Yes,2026-08-07T13:17:32,2026-08-07T13:17:37
ID000077,Colin-Farrell,01.jpg,Fake,No,,Yes,Yes,Yes,,No,2026-08-07T13:17:39,2026-08-07T13:17:52
ID000077,Colin-Farrell,02.jpg,Fake,No,,No,Yes,Yes,,No,2026-08-07T13:17:52,2026-08-07T13:18:00
ID000077,Colin-Farrell,03.png,Fake,No,,Yes,Yes,Yes,,No,2026-08-07T13:18:00,2026-08-07T13:18:07
ID000012,Alex-Cooper,01.jpg,Real,Yes,Yes,No,Yes,,,No,2026-08-07T13:18:08,2026-08-07T13:18:17
ID000012,Alex-Cooper,02.jpg,Real,Yes,Yes,Yes,Yes,,,Yes,2026-08-07T13:18:17,2026-08-07T13:18:22
ID000012,Alex-Cooper,03.jpg,Real,Yes,Yes,Yes,Yes,,,Yes,2026-08-07T13:18:22,2026-08-07T13:18:27
ID000012,Alex-Cooper,01.jpg,Fake,No,,Yes,Yes,No,,No,2026-08-07T13:18:29,2026-08-07T13:18:36
ID000012,Alex-Cooper,02.png,Fake,No,,Yes,Yes,No,,No,2026-08-07T13:18:36,2026-08-07T13:18:44
ID000265,Miles-Teller,01.jpg,Real,Yes,Yes,Yes,Yes,,,Yes,2026-08-07T13:18:45,2026-08-07T13:18:52
ID000265,Miles-Teller,01.jpg,Fake,Yes,,Yes,Yes,Yes,,No,2026-08-07T13:18:54,2026-08-07T13:18:58
ID000265,Miles-Teller,02.jpg,Fake,Yes,,Yes,Yes,Yes,,No,2026-08-07T13:18:58,2026-08-07T13:19:05
ID000265,Miles-Teller,03.jpg,Fake,Yes,,Yes,Yes,Yes,,Yes,2026-08-07T13:19:05,2026-08-07T13:19:11
ID000265,Miles-Teller,04.png,Fake,Yes,,Yes,Yes,Yes,,No,2026-08-07T13:19:11,2026-08-07T13:19:16
ID000265,Miles-Teller,05.jpg,Fake,Yes,,Yes,Yes,Yes,,No,2026-08-07T13:19:16,2026-08-07T13:19:22
ID000127,Gregory-Peck,01.jpg,Real,Yes,Yes,Yes,Yes,,,Yes,2026-08-07T13:19:25,2026-08-07T13:19:34
ID000127,Gregory-Peck,01.jpg,Fake,Yes,,Yes,Yes,Yes,,Yes,2026-08-07T13:19:36,2026-08-07T13:19:42
ID000127,Gregory-Peck,02.png,Fake,Yes,,Yes,Yes,Yes,,No,2026-08-07T13:19:42,2026-08-07T13:19:47
ID000127,Gregory-Peck,03.png,Fake,Yes,,Yes,Yes,Yes,,Yes,2026-08-07T13:19:47,2026-08-07T13:19:52
ID000248,Martin-Lewis,01.jpg,Real,Yes,Yes,Yes,Yes,,,Yes,2026-08-07T13:19:58,2026-08-07T13:20:04
ID000248,Martin-Lewis,02.jpg,Real,Yes,Yes,Yes,Yes,,,Yes,2026-08-07T13:20:04,2026-08-07T13:20:09
ID000248,Martin-Lewis,03.jpg,Fake,Yes,,No,Yes,No,,No,2026-08-07T13:20:10,2026-08-07T13:20:24
ID000248,Martin-Lewis,06.png,Fake,Yes,,Yes,Yes,No,,Yes,2026-08-07T13:20:24,2026-08-07T13:20:30
ID000210,Kevin-Costner,01.jpg,Real,Yes,Yes,Yes,Yes,,,Yes,2026-08-07T13:20:31,2026-08-07T13:20:36
ID000210,Kevin-Costner,02.jpg,Real,Yes,Yes,Yes,Yes,,,Yes,2026-08-07T13:20:36,2026-08-07T13:20:40
ID000210,Kevin-Costner,01.jpg,Fake,Yes,,No,Yes,Yes,,No,2026-08-07T13:20:41,2026-08-07T13:20:50
ID000210,Kevin-Costner,02.jpg,Fake,Yes,,No,Yes,No,,No,2026-08-07T13:20:50,2026-08-07T13:20:59
ID000210,Kevin-Costner,03.jpg,Fake,Yes,,Yes,Yes,Yes,,Yes,2026-08-07T13:20:59,2026-08-07T13:21:05
ID000156,Jack-Nicholson,01.jpg,Real,Yes,Yes,Yes,Yes,,,Yes,2026-08-07T13:21:07,2026-08-07T13:21:13
ID000156,Jack-Nicholson,01.jpg,Fake,Yes,,Yes,Yes,Yes,,No,2026-08-07T13:21:15,2026-08-07T13:21:23
ID000156,Jack-Nicholson,02.jpg,Fake,Yes,,Yes,Yes,Yes,,No,2026-08-07T13:21:23,2026-08-07T13:21:28
ID000156,Jack-Nicholson,03.jpg,Fake,Yes,,Yes,Yes,Yes,,No,2026-08-07T13:21:28,2026-08-07T13:21:33
ID000156,Jack-Nicholson,04.jpg,Fake,Yes,,Yes,Yes,No,,Yes,2026-08-07T13:21:33,2026-08-07T13:21:39
ID000156,Jack-Nicholson,05.jpg,Fake,Yes,,Yes,Yes,Yes,,No,2026-08-07T13:21:39,2026-08-07T13:21:44
ID000354,Timothée-Chalamet,01.jpg,Real,Yes,Yes,Yes,Yes,,,Yes,2026-08-07T13:21:46,2026-08-07T13:21:53
ID000354,Timothée-Chalamet,02.jpg,Real,Yes,Yes,Yes,Yes,,,Yes,2026-08-07T13:21:54,2026-08-07T13:21:59
ID000354,Timothée-Chalamet,03.jpg,Real,Yes,Yes,Yes,Yes,,,Yes,2026-08-07T13:21:59,2026-08-07T13:22:05
ID000354,Timothée-Chalamet,01.jpg,Fake,No,,Yes,Yes,Yes,,No,2026-08-07T13:22:07,2026-08-07T13:22:15
ID000354,Timothée-Chalamet,02.jpg,Fake,Yes,,Yes,Yes,Yes,,No,2026-08-07T13:22:15,2026-08-07T13:22:21
ID000354,Timothée-Chalamet,03.jpg,Fake,Yes,,Yes,Yes,Yes,,No,2026-08-07T13:22:21,2026-08-07T13:22:27
ID000354,Timothée-Chalamet,04.jpg,Fake,Yes,,Yes,Yes,Yes,,No,2026-08-07T13:22:27,2026-08-07T13:22:33
ID000354,Timothée-Chalamet,05.png,Fake,Yes,,Yes,Yes,Yes,,Yes,2026-08-07T13:22:33,2026-08-07T13:22:38
ID000370,Winona-Ryder,01.jpg,Real,Yes,Yes,Yes,Yes,,,Yes,2026-08-07T13:22:40,2026-08-07T13:22:46
ID000370,Winona-Ryder,01.jpg,Fake,No,,Yes,Yes,Yes,,No,2026-08-07T13:22:49,2026-08-07T13:22:55
ID000370,Winona-Ryder,04.jpg,Fake,Yes,,Yes,Yes,No,,Yes,2026-08-07T13:22:55,2026-08-07T13:23:04
ID000392,salman-khan,01.jpg,Real,Yes,Yes,Yes,Yes,,,Yes,2026-08-07T13:23:05,2026-08-07T13:23:11
ID000392,salman-khan,02.jpg,Real,Yes,Yes,Yes,Yes,,,Yes,2026-08-07T13:23:11,2026-08-07T13:23:16
ID000392,salman-khan,01.jpg,Fake,Yes,,Yes,Yes,Yes,,Yes,2026-08-07T13:23:17,2026-08-07T13:23:22
ID000392,salman-khan,02.jpg,Fake,Yes,,Yes,Yes,Yes,,Yes,2026-08-07T13:23:22,2026-08-07T13:23:26
ID000382,florence-pugh,01.jpg,Real,Yes,Yes,Yes,Yes,,,Yes,2026-08-07T13:23:28,2026-08-07T13:23:32
ID000382,florence-pugh,02.jpg,Real,Yes,Yes,Yes,Yes,,,Yes,2026-08-07T13:23:32,2026-08-07T13:23:36
ID000382,florence-pugh,03.jpg,Real,Yes,Yes,Yes,Yes,,,Yes,2026-08-07T13:23:36,2026-08-07T13:23:40
ID000382,florence-pugh,01.jpg,Fake,Yes,,Yes,Yes,Yes,,Yes,2026-08-07T13:23:42,2026-08-07T13:23:46
ID000382,florence-pugh,02.png,Fake,Yes,,Yes,Yes,No,,Yes,2026-08-07T13:23:46,2026-08-07T13:23:53
ID000382,florence-pugh,03.jpg,Fake,Yes,,Yes,Yes,Yes,,Yes,2026-08-07T13:23:53,2026-08-07T13:23:58
ID000071,Chris-Tucker,01.jpg,Real,Yes,Yes,Yes,Yes,,,Yes,2026-08-07T13:24:00,2026-08-07T13:24:07
ID000071,Chris-Tucker,01.jpg,Fake,No,,Yes,Yes,No,,No,2026-08-07T13:24:09,2026-08-07T13:24:19
ID000071,Chris-Tucker,02.jpg,Fake,No,,Yes,Yes,Yes,,No,2026-08-07T13:24:19,2026-08-07T13:24:27
ID000203,Katharine-Hepburn,01.jpg,Real,Yes,Yes,Yes,Yes,,,Yes,2026-08-07T13:24:29,2026-08-07T13:24:35
ID000203,Katharine-Hepburn,01.jpg,Fake,Yes,,Yes,Yes,Yes,,No,2026-08-07T13:24:36,2026-08-07T13:24:43
ID000203,Katharine-Hepburn,02.jpg,Fake,Yes,,Yes,Yes,Yes,,No,2026-08-07T13:24:44,2026-08-07T13:24:48
ID000203,Katharine-Hepburn,03.jpg,Fake,Yes,,Yes,Yes,No,,No,2026-08-07T13:24:48,2026-08-07T13:24:53
ID000203,Katharine-Hepburn,04.jpg,Fake,Yes,,Yes,Yes,No,,Yes,2026-08-07T13:24:53,2026-08-07T13:24:59
ID000203,Katharine-Hepburn,05.jpg,Fake,No,,Yes,Yes,No,,No,2026-08-07T13:24:59,2026-08-07T13:25:13
ID000203,Katharine-Hepburn,06.jpg,Fake,Yes,,Yes,Yes,No,,No,2026-08-07T13:25:13,2026-08-07T13:25:19
ID000274,Naomi-Watts,01.jpg,Real,Yes,Yes,Yes,Yes,,,Yes,2026-08-07T13:25:23,2026-08-07T13:25:29
ID000274,Naomi-Watts,01.jpg,Fake,Yes,,Yes,Yes,Yes,,Yes,2026-08-07T13:25:31,2026-08-07T13:25:36
ID000317,Rupert-Grint,01.jpg,Real,Yes,Yes,Yes,Yes,,,Yes,2026-08-07T13:25:38,2026-08-07T13:25:45
ID000317,Rupert-Grint,02.jpg,Real,Yes,Yes,Yes,Yes,,,Yes,2026-08-07T13:25:45,2026-08-07T13:25:51
ID000317,Rupert-Grint,01.jpg,Fake,No,,No,Yes,Yes,,No,2026-08-07T13:25:52,2026-08-07T13:25:59
ID000317,Rupert-Grint,02.png,Fake,Yes,,Yes,Yes,No,,Yes,2026-08-07T13:25:59,2026-08-07T13:26:05
ID000317,Rupert-Grint,03.jpg,Fake,No,,Yes,Yes,Yes,,No,2026-08-07T13:26:05,2026-08-07T13:26:14
ID000317,Rupert-Grint,04.jpg,Fake,Yes,,Yes,Yes,Yes,,Yes,2026-08-07T13:26:14,2026-08-07T13:26:20
ID000043,Benedict-Cumberbatch,01.jpg,Real,Yes,Yes,Yes,Yes,,,Yes,2026-08-07T13:26:22,2026-08-07T13:26:27
ID000043,Benedict-Cumberbatch,02.jpg,Real,Yes,Yes,Yes,Yes,,,Yes,2026-08-07T13:26:27,2026-08-07T13:26:32
ID000043,Benedict-Cumberbatch,01.jpg,Fake,No,,Yes,Yes,Yes,,No,2026-08-07T13:26:34,2026-08-07T13:26:48
ID000043,Benedict-Cumberbatch,02.jpg,Fake,No,,Yes,Yes,No,,No,2026-08-07T13:26:48,2026-08-07T13:26:56
ID000043,Benedict-Cumberbatch,03.jpg,Fake,No,,Yes,Yes,No,,No,2026-08-07T13:26:56,2026-08-07T13:27:06
ID000043,Benedict-Cumberbatch,04.webp,Fake,Yes,,Yes,Yes,No,,Yes,2026-08-07T13:27:07,2026-08-07T13:27:12
ID000006,Agatha-moreira,01.jpg,Real,Yes,Yes,Yes,Yes,,,Yes,2026-08-07T13:27:13,2026-08-07T13:27:19
ID000006,Agatha-moreira,02.jpg,Real,Yes,Yes,Yes,Yes,,,Yes,2026-08-07T13:27:19,2026-08-07T13:27:24
ID000006,Agatha-moreira,03.jpg,Real,Yes,Yes,Yes,Yes,,,Yes,2026-08-07T13:27:24,2026-08-07T13:27:30
ID000006,Agatha-moreira,01.jpg,Fake,No,,Yes,Yes,Yes,,No,2026-08-07T13:27:31,2026-08-07T13:27:38
ID000006,Agatha-moreira,02.jpg,Fake,No,,Yes,Yes,No,,No,2026-08-07T13:27:38,2026-08-07T13:27:45
ID000006,Agatha-moreira,03.png,Fake,Yes,,Yes,Yes,No,,Yes,2026-08-07T13:27:45,2026-08-07T13:27:53
ID000185,John-Terry,01.jpg,Real,Yes,Yes,Yes,Yes,,,Yes,2026-08-07T13:27:54,2026-08-07T13:28:01
ID000185,John-Terry,02.jpg,Real,Yes,Yes,Yes,Yes,,,Yes,2026-08-07T13:28:01,2026-08-07T13:28:06
ID000185,John-Terry,01.jpg,Fake,Yes,,Yes,Yes,Yes,,Yes,2026-08-07T13:28:08,2026-08-07T13:28:16
ID000050,Blair-Parry-Okeden,01.jpg,Real,Yes,Yes,Yes,Yes,,,Yes,2026-08-07T13:28:18,2026-08-07T13:28:23
ID000050,Blair-Parry-Okeden,02.jpg,Real,Yes,Yes,Yes,Yes,,,Yes,2026-08-07T13:28:23,2026-08-07T13:28:27
ID000050,Blair-Parry-Okeden,01.jpg,Fake,No,,Yes,Yes,Yes,,No,2026-08-07T13:28:29,2026-08-07T13:28:36
ID000050,Blair-Parry-Okeden,02.jpg,Fake,No,,Yes,Yes,No,,No,2026-08-07T13:28:36,2026-08-07T13:28:44
ID000050,Blair-Parry-Okeden,03.jpg,Fake,No,,Yes,Yes,Yes,,No,2026-08-07T13:28:44,2026-08-07T13:28:53
ID000186,John-Travolta,01.jpg,Real,No,Yes,Yes,Yes,,,No,2026-08-07T13:28:54,2026-08-07T13:29:04
ID000186,John-Travolta,02.jpg,Real,No,Yes,Yes,Yes,,,No,2026-08-07T13:29:04,2026-08-07T13:29:10
ID000186,John-Travolta,03.jpg,Real,Yes,Yes,Yes,Yes,,,Yes,2026-08-07T13:29:10,2026-08-07T13:29:20
ID000186,John-Travolta,01.jpg,Fake,No,,Yes,Yes,Yes,,No,2026-08-07T13:29:22,2026-08-07T13:29:29
ID000186,John-Travolta,02.jpg,Fake,No,,No,No,Yes,,No,2026-08-07T13:29:29,2026-08-07T13:29:38
ID000186,John-Travolta,03.jpg,Fake,Yes,,Yes,Yes,No,,Yes,2026-08-07T13:29:38,2026-08-07T13:29:45
ID000186,John-Travolta,05.jpg,Fake,No,,Yes,Yes,Yes,,No,2026-08-07T13:29:45,2026-08-07T13:29:55
ID000186,John-Travolta,06.jpg,Fake,No,,Yes,Yes,Yes,,No,2026-08-07T13:29:55,2026-08-07T13:30:02
ID000280,Nick-DiGiovanni,01.jpg,Real,Yes,Yes,Yes,Yes,,,Yes,2026-08-07T13:30:03,2026-08-07T13:30:10
ID000280,Nick-DiGiovanni,02.png,Real,Yes,Yes,Yes,Yes,,,Yes,2026-08-07T13:30:10,2026-08-07T13:30:15
ID000280,Nick-DiGiovanni,03.jpg,Real,Yes,Yes,Yes,Yes,,,Yes,2026-08-07T13:30:15,2026-08-07T13:30:21
ID000280,Nick-DiGiovanni,1.jpg,Fake,Yes,,Yes,Yes,Yes,,Yes,2026-08-07T13:30:23,2026-08-07T13:30:28
ID000280,Nick-DiGiovanni,2.webp,Fake,Yes,,No,Yes,Yes,,No,2026-08-07T13:30:29,2026-08-07T13:30:35
ID000063,Carlos-Alcaraz,01.jpg,Real,Yes,Yes,Yes,Yes,,,Yes,2026-08-07T13:30:36,2026-08-07T13:30:41
ID000063,Carlos-Alcaraz,02.jpg,Real,Yes,Yes,Yes,Yes,,,Yes,2026-08-07T13:30:42,2026-08-07T13:30:47
ID000063,Carlos-Alcaraz,03.webp,Real,Yes,Yes,Yes,Yes,,,Yes,2026-08-07T13:30:47,2026-08-07T13:30:53
ID000063,Carlos-Alcaraz,01.jpg,Fake,No,,Yes,Yes,Yes,,No,2026-08-07T13:30:56,2026-08-07T13:31:05
ID000063,Carlos-Alcaraz,02.jpg,Fake,No,,No,Yes,Yes,,No,2026-08-07T13:31:05,2026-08-07T13:31:16
ID000226,Lee-Min-ho,01.jpg,Real,Yes,Yes,Yes,Yes,,,Yes,2026-08-07T13:31:17,2026-08-07T13:31:25
ID000226,Lee-Min-ho,01.jpg,Fake,Yes,,Yes,Yes,Yes,,Yes,2026-08-07T13:31:27,2026-08-07T13:31:32
ID000226,Lee-Min-ho,02.jpg,Fake,Yes,,Yes,Yes,Yes,,Yes,2026-08-07T13:31:32,2026-08-07T13:31:37
ID000226,Lee-Min-ho,06.png,Fake,Yes,,Yes,Yes,Yes,,Yes,2026-08-07T13:31:37,2026-08-07T13:31:41
ID000381,ema-watson,01.jpg,Real,Yes,Yes,Yes,Yes,,,Yes,2026-08-07T13:31:43,2026-08-07T13:31:49
ID000381,ema-watson,01.png,Fake,Yes,,Yes,Yes,No,,Yes,2026-08-07T13:31:51,2026-08-07T13:31:56
ID000381,ema-watson,02.png,Fake,Yes,,Yes,Yes,Yes,,Yes,2026-08-07T13:31:56,2026-08-07T13:32:01
ID000381,ema-watson,03.jpg,Fake,Yes,,Yes,Yes,Yes,,Yes,2026-08-07T13:32:02,2026-08-07T13:32:06
ID000363,Vladimir-Vladimirovich-Putin-i,01.jpg,Real,Yes,Yes,Yes,Yes,,,Yes,2026-08-07T13:32:07,2026-08-07T13:32:12
ID000363,Vladimir-Vladimirovich-Putin-i,02.jpg,Real,Yes,Yes,Yes,Yes,,,Yes,2026-08-07T13:32:12,2026-08-07T13:32:17
ID000363,Vladimir-Vladimirovich-Putin-i,01.jpg,Fake,Yes,,Yes,Yes,Yes,,No,2026-08-07T13:32:19,2026-08-07T13:32:24
ID000363,Vladimir-Vladimirovich-Putin-i,02.jpg,Fake,Yes,,Yes,Yes,Yes,,No,2026-08-07T13:32:24,2026-08-07T13:32:30
ID000363,Vladimir-Vladimirovich-Putin-i,03.jpg,Fake,Yes,,Yes,Yes,Yes,,No,2026-08-07T13:32:30,2026-08-07T13:32:36
ID000363,Vladimir-Vladimirovich-Putin-i,04.jpg,Fake,Yes,,Yes,Yes,Yes,,Yes,2026-08-07T13:32:36,2026-08-07T13:32:41
ID000363,Vladimir-Vladimirovich-Putin-i,05.png,Fake,Yes,,Yes,Yes,Yes,,No,2026-08-07T13:32:41,2026-08-07T13:32:47
ID000363,Vladimir-Vladimirovich-Putin-i,06.png,Fake,Yes,,Yes,Yes,No,,No,2026-08-07T13:32:47,2026-08-07T13:32:53
ID000363,Vladimir-Vladimirovich-Putin-i,07.webp,Fake,Yes,,No,Yes,Yes,,No,2026-08-07T13:32:53,2026-08-07T13:33:02
ID000021,Andy-Jassy,01.jpg,Real,Yes,Yes,Yes,Yes,,,Yes,2026-08-07T15:52:11,2026-08-07T15:58:14
ID000021,Andy-Jassy,02.jpg,Real,Yes,Yes,Yes,Yes,,,Yes,2026-08-07T15:58:14,2026-08-07T15:58:25
ID000021,Andy-Jassy,01.jpg,Fake,No,,Yes,Yes,No,,No,2026-08-07T15:58:27,2026-08-07T15:58:42
ID000201,Kate-Beckinsale,01.jpg,Real,Yes,Yes,Yes,Yes,,,Yes,2026-08-07T15:58:44,2026-08-07T15:58:54
ID000201,Kate-Beckinsale,02.jpg,Real,Yes,Yes,Yes,Yes,,,Yes,2026-08-07T15:58:54,2026-08-07T15:58:58
ID000201,Kate-Beckinsale,01.jpg,Fake,Yes,,Yes,Yes,Yes,,Yes,2026-08-07T15:59:00,2026-08-07T15:59:06
ID000201,Kate-Beckinsale,02.jpg,Fake,No,,Yes,Yes,No,,No,2026-08-07T15:59:06,2026-08-07T15:59:12
ID000201,Kate-Beckinsale,03.jpg,Fake,Yes,,Yes,Yes,Yes,,Yes,2026-08-07T15:59:12,2026-08-07T15:59:18
ID000201,Kate-Beckinsale,04.jpg,Fake,No,,Yes,Yes,No,,No,2026-08-07T15:59:18,2026-08-07T15:59:29
ID000117,Gabriel-Boric,01.jpg,Real,Yes,Yes,Yes,Yes,,,Yes,2026-08-07T15:59:30,2026-08-07T15:59:37
ID000117,Gabriel-Boric,02.jpg,Real,Yes,Yes,Yes,Yes,,,Yes,2026-08-07T15:59:37,2026-08-07T15:59:44
ID000117,Gabriel-Boric,01.png,Fake,Yes,,Yes,Yes,Yes,,Yes,2026-08-07T15:59:46,2026-08-07T15:59:50
ID000293,Paul-Walker,01.jpg,Real,Yes,Yes,Yes,Yes,,,Yes,2026-08-07T15:59:52,2026-08-07T15:59:58
ID000293,Paul-Walker,02.jpg,Real,Yes,Yes,Yes,Yes,,,Yes,2026-08-07T15:59:58,2026-08-07T16:00:03
ID000293,Paul-Walker,03.jpg,Real,Yes,Yes,Yes,Yes,,,Yes,2026-08-07T16:00:03,2026-08-07T16:00:08
ID000293,Paul-Walker,01.jpg,Fake,Yes,,Yes,Yes,Yes,,Yes,2026-08-07T16:00:10,2026-08-07T16:00:14
ID000293,Paul-Walker,02.png,Fake,No,,Yes,Yes,No,,No,2026-08-07T16:00:15,2026-08-07T16:00:26
ID000293,Paul-Walker,03.jpg,Fake,Yes,,Yes,Yes,Yes,,Yes,2026-08-07T16:00:26,2026-08-07T16:00:35
ID000293,Paul-Walker,04.jpg,Fake,Yes,,Yes,Yes,Yes,,Yes,2026-08-07T16:00:35,2026-08-07T16:00:40
ID000151,Ioan-Gruffudd,01.jpg,Real,Yes,Yes,Yes,Yes,,,Yes,2026-08-07T16:00:42,2026-08-07T16:00:48
ID000151,Ioan-Gruffudd,02.jpg,Real,Yes,Yes,Yes,Yes,,,Yes,2026-08-07T16:00:48,2026-08-07T16:00:52
ID000151,Ioan-Gruffudd,01.jpg,Fake,Yes,,Yes,Yes,Yes,,Yes,2026-08-07T16:00:54,2026-08-07T16:01:02
ID000151,Ioan-Gruffudd,02.jpg,Fake,Yes,,Yes,Yes,Yes,,Yes,2026-08-07T16:01:02,2026-08-07T16:01:09
ID000266,Mina,01.jpg,Real,Yes,Yes,Yes,Yes,,,Yes,2026-08-07T16:01:10,2026-08-07T16:01:59
ID000266,Mina,02.jpg,Real,Yes,Yes,Yes,Yes,,,Yes,2026-08-07T16:01:59,2026-08-07T16:02:04
ID000266,Mina,01.jpg,Fake,No,,Yes,Yes,Yes,,No,2026-08-07T16:02:05,2026-08-07T16:02:12
ID000266,Mina,02.jpg,Fake,No,,Yes,Yes,Yes,,No,2026-08-07T16:02:12,2026-08-07T16:02:21
ID000266,Mina,03.jpg,Fake,No,,Yes,Yes,Yes,,No,2026-08-07T16:02:21,2026-08-07T16:02:26
ID000008,Aishwarya-Rai,01.jpg,Real,Yes,Yes,Yes,Yes,,,Yes,2026-08-07T16:02:28,2026-08-07T16:05:15
ID000008,Aishwarya-Rai,02.jpg,Real,Yes,Yes,Yes,Yes,,,Yes,2026-08-07T16:05:15,2026-08-07T16:05:19
ID000008,Aishwarya-Rai,01.jpg,Fake,Yes,,Yes,Yes,Yes,,No,2026-08-07T16:05:21,2026-08-07T16:05:26
ID000008,Aishwarya-Rai,02.jpg,Fake,Yes,,Yes,Yes,Yes,,No,2026-08-07T16:05:26,2026-08-07T16:05:31
ID000008,Aishwarya-Rai,03.jpg,Fake,Yes,,Yes,Yes,Yes,,Yes,2026-08-07T16:05:31,2026-08-07T16:05:36
ID000008,Aishwarya-Rai,04.jpg,Fake,Yes,,Yes,Yes,No,,No,2026-08-07T16:05:36,2026-08-07T16:05:42
ID000008,Aishwarya-Rai,05.png,Fake,Yes,,Yes,Yes,No,,No,2026-08-07T16:05:42,2026-08-07T16:05:46
ID000053,Brenda-Tau,01.jpg,Real,Yes,Yes,Yes,Yes,,,Yes,2026-08-07T16:05:50,2026-08-07T16:12:34
ID000053,Brenda-Tau,02.jpg,Real,Yes,Yes,Yes,Yes,,,Yes,2026-08-07T16:12:35,2026-08-07T16:12:43
ID000053,Brenda-Tau,01.jpg,Fake,No,,Yes,Yes,No,,No,2026-08-07T16:12:44,2026-08-07T16:12:52
ID000282,Nicky-Campbell,01.jpg,Real,No,Yes,Yes,Yes,,,No,2026-08-07T16:12:54,2026-08-07T16:13:04
ID000282,Nicky-Campbell,02.jpg,Real,No,Yes,Yes,Yes,,,No,2026-08-07T16:13:04,2026-08-07T16:13:13
ID000282,Nicky-Campbell,03.jpg,Real,Yes,Yes,Yes,Yes,,,Yes,2026-08-07T16:13:13,2026-08-07T16:13:22
ID000282,Nicky-Campbell,01.jpg,Fake,No,,Yes,Yes,No,,No,2026-08-07T16:13:24,2026-08-07T16:13:32
ID000282,Nicky-Campbell,02.jpg,Fake,No,,Yes,Yes,Yes,,No,2026-08-07T16:13:32,2026-08-07T16:13:39
ID000282,Nicky-Campbell,03.jpg,Fake,No,,Yes,Yes,No,,No,2026-08-07T16:13:39,2026-08-07T16:13:47
ID000359,V-BTS,01.jpg,Real,Yes,Yes,Yes,Yes,,,Yes,2026-08-07T16:13:48,2026-08-07T17:08:40
ID000359,V-BTS,02.jpg,Real,Yes,Yes,Yes,Yes,,,Yes,2026-08-07T17:08:41,2026-08-07T17:08:46
ID000359,V-BTS,01.jpg,Fake,Yes,,Yes,Yes,Yes,,No,2026-08-07T17:08:47,2026-08-07T17:08:53
ID000359,V-BTS,02.jpg,Fake,Yes,,Yes,Yes,Yes,,No,2026-08-07T17:08:53,2026-08-07T17:08:58
ID000359,V-BTS,03.jpg,Fake,Yes,,Yes,Yes,Yes,,No,2026-08-07T17:08:59,2026-08-07T17:09:03
ID000359,V-BTS,04.png,Fake,Yes,,Yes,Yes,No,,Yes,2026-08-07T17:09:03,2026-08-07T17:09:07
ID000023,Anna-Faris,01.jpg,Real,Yes,Yes,Yes,Yes,,,Yes,2026-08-07T17:09:11,2026-08-07T17:09:15
ID000023,Anna-Faris,01.jpg,Fake,Yes,,Yes,Yes,Yes,,Yes,2026-08-07T17:09:17,2026-08-07T17:09:24
ID000023,Anna-Faris,02.jpg,Fake,Yes,,Yes,Yes,Yes,,Yes,2026-08-07T17:09:24,2026-08-07T17:09:33
ID000223,Laura-Wolvaardt,01.png,Real,Yes,Yes,Yes,Yes,,,Yes,2026-08-07T17:09:35,2026-08-07T17:09:44
ID000223,Laura-Wolvaardt,02.png,Real,Yes,Yes,Yes,Yes,,,Yes,2026-08-07T17:09:44,2026-08-07T17:09:49
ID000223,Laura-Wolvaardt,03.jpg,Real,Yes,Yes,No,Yes,,,No,2026-08-07T17:09:49,2026-08-07T17:10:01
ID000223,Laura-Wolvaardt,01.jpg,Fake,No,,Yes,Yes,No,,No,2026-08-07T17:10:03,2026-08-07T17:10:10
ID000223,Laura-Wolvaardt,730732270_2118144989085113_1710785244193473374_n.jpg,Fake,Yes,,Yes,Yes,No,,Yes,2026-08-07T17:10:10,2026-08-07T17:10:16
ID000223,Laura-Wolvaardt,images (1).jpg,Fake,Yes,,Yes,Yes,No,,Yes,2026-08-07T17:10:16,2026-08-07T17:10:22
ID000223,Laura-Wolvaardt,images.jpg,Fake,Yes,,Yes,Yes,No,,Yes,2026-08-07T17:10:22,2026-08-07T17:10:28
ID000025,Anthony-Hopkins,01.jpg,Real,Yes,Yes,Yes,Yes,,,Yes,2026-08-07T17:10:29,2026-08-07T17:10:36
ID000025,Anthony-Hopkins,02.jpg,Real,Yes,Yes,Yes,Yes,,,Yes,2026-08-07T17:10:36,2026-08-07T17:10:40
ID000025,Anthony-Hopkins,03.jpg,Real,No,Yes,Yes,Yes,,,No,2026-08-07T17:10:40,2026-08-07T17:10:51
ID000025,Anthony-Hopkins,01.jpg,Fake,Yes,,Yes,Yes,No,,No,2026-08-07T17:10:52,2026-08-07T17:10:58
ID000025,Anthony-Hopkins,02.jpg,Fake,Yes,,Yes,Yes,Yes,,No,2026-08-07T17:10:58,2026-08-07T17:11:02
ID000025,Anthony-Hopkins,03.jpg,Fake,Yes,,Yes,Yes,Yes,,No,2026-08-07T17:11:03,2026-08-07T17:11:07
ID000025,Anthony-Hopkins,05.jpg,Fake,Yes,,Yes,Yes,Yes,,Yes,2026-08-07T17:11:07,2026-08-07T17:11:12
ID000025,Anthony-Hopkins,06.jpg,Fake,Yes,,Yes,Yes,Yes,,No,2026-08-07T17:11:12,2026-08-07T17:11:20
ID000283,Nico-Paz,1.jpg,Real,Yes,Yes,Yes,Yes,,,Yes,2026-08-07T17:11:23,2026-08-07T17:12:19
ID000283,Nico-Paz,01.jpg,Fake,Yes,,Yes,Yes,Yes,,Yes,2026-08-07T17:12:21,2026-08-07T17:12:26
ID000283,Nico-Paz,1.jpg,Fake,Yes,,Yes,Yes,Yes,,Yes,2026-08-07T17:12:26,2026-08-07T17:12:34
ID000283,Nico-Paz,2.jpg,Fake,Yes,,Yes,Yes,Yes,,Yes,2026-08-07T17:12:34,2026-08-07T17:12:39
ID000073,Christian-Clavier,01.jpg,Real,Yes,Yes,Yes,Yes,,,Yes,2026-08-07T17:12:41,2026-08-07T17:12:47
ID000073,Christian-Clavier,02.jpg,Real,Yes,Yes,Yes,Yes,,,Yes,2026-08-07T17:12:47,2026-08-07T17:12:51
ID000073,Christian-Clavier,01.jpg,Fake,No,,Yes,Yes,Yes,,No,2026-08-07T17:12:53,2026-08-07T17:13:00
ID000143,Humphrey-Bogart,01.jpg,Real,Yes,Yes,Yes,Yes,,,Yes,2026-08-07T17:13:02,2026-08-07T17:13:08
ID000143,Humphrey-Bogart,02.jpg,Real,Yes,Yes,Yes,Yes,,,Yes,2026-08-07T17:13:08,2026-08-07T17:13:13
ID000143,Humphrey-Bogart,03.jpg,Real,Yes,Yes,Yes,Yes,,,Yes,2026-08-07T17:13:13,2026-08-07T17:13:17
ID000143,Humphrey-Bogart,01.jpg,Fake,Yes,,Yes,Yes,Yes,,Yes,2026-08-07T17:13:19,2026-08-07T17:13:25
ID000143,Humphrey-Bogart,02.jpg,Fake,Yes,,Yes,Yes,Yes,,Yes,2026-08-07T17:13:25,2026-08-07T17:13:30
ID000122,Gerard-Butler,01.jpg,Real,Yes,Yes,Yes,Yes,,,Yes,2026-08-07T17:13:31,2026-08-07T17:13:43
ID000122,Gerard-Butler,02.jpg,Real,Yes,Yes,Yes,Yes,,,Yes,2026-08-07T17:13:43,2026-08-07T17:13:49
ID000122,Gerard-Butler,01.jpg,Fake,Yes,,Yes,Yes,Yes,,No,2026-08-07T17:13:51,2026-08-07T17:13:55
ID000122,Gerard-Butler,02.jpg,Fake,Yes,,Yes,Yes,Yes,,No,2026-08-07T17:13:56,2026-08-07T17:14:00
ID000122,Gerard-Butler,05.jpg,Fake,No,,Yes,Yes,Yes,,No,2026-08-07T17:14:00,2026-08-07T17:14:09
ID000122,Gerard-Butler,06.jpg,Fake,Yes,,Yes,Yes,Yes,,Yes,2026-08-07T17:14:09,2026-08-07T17:14:14
ID000122,Gerard-Butler,07.jpg,Fake,Yes,,Yes,Yes,Yes,,No,2026-08-07T17:14:14,2026-08-07T17:14:20
ID000122,Gerard-Butler,08.jpg,Fake,Yes,,Yes,Yes,Yes,,No,2026-08-07T17:14:20,2026-08-07T17:14:25
ID000187,John-Wayne,01.jpg,Real,Yes,Yes,Yes,Yes,,,Yes,2026-08-07T17:14:29,2026-08-07T17:14:34
ID000187,John-Wayne,02.jpg,Real,Yes,Yes,Yes,Yes,,,Yes,2026-08-07T17:14:34,2026-08-07T17:14:39
ID000187,John-Wayne,03.jpg,Real,Yes,Yes,Yes,Yes,,,Yes,2026-08-07T17:14:39,2026-08-07T17:14:44
ID000187,John-Wayne,01.jpg,Fake,Yes,,Yes,Yes,Yes,,No,2026-08-07T17:14:46,2026-08-07T17:14:53
ID000187,John-Wayne,02.jpg,Fake,Yes,,Yes,Yes,Yes,,No,2026-08-07T17:14:53,2026-08-07T17:14:58
ID000187,John-Wayne,03.jpg,Fake,Yes,,Yes,Yes,Yes,,No,2026-08-07T17:14:58,2026-08-07T17:15:03
ID000187,John-Wayne,04.jpg,Fake,Yes,,Yes,Yes,Yes,,Yes,2026-08-07T17:15:04,2026-08-07T17:15:09
ID000195,Josh-Inglis,01.png,Real,Yes,Yes,Yes,Yes,,,Yes,2026-08-07T17:15:12,2026-08-07T17:15:20
ID000195,Josh-Inglis,02.png,Real,Yes,Yes,Yes,Yes,,,Yes,2026-08-07T17:15:20,2026-08-07T17:15:24
ID000195,Josh-Inglis,01.jpg,Fake,Yes,,Yes,Yes,Yes,,Yes,2026-08-07T17:15:26,2026-08-07T17:15:31
ID000195,Josh-Inglis,02.jpg,Fake,Yes,,Yes,Yes,Yes,,Yes,2026-08-07T17:15:31,2026-08-07T17:15:35
ID000133,Hania-Amir,01.jpg,Real,Yes,Yes,Yes,Yes,,,Yes,2026-08-07T17:15:37,2026-08-07T17:30:58
ID000133,Hania-Amir,02.jpg,Real,Yes,Yes,Yes,Yes,,,Yes,2026-08-07T17:30:59,2026-08-07T17:31:04
ID000133,Hania-Amir,03.png,Real,Yes,Yes,Yes,Yes,,,Yes,2026-08-07T17:31:05,2026-08-07T17:31:11
ID000133,Hania-Amir,01.jpg,Fake,Yes,,Yes,Yes,No,,Yes,2026-08-07T17:31:13,2026-08-07T17:31:20
ID000133,Hania-Amir,02.jpg,Fake,Yes,,Yes,Yes,No,,Yes,2026-08-07T17:31:20,2026-08-07T17:31:26
ID000133,Hania-Amir,03.jpg,Fake,No,,Yes,Yes,No,,No,2026-08-07T17:31:26,2026-08-07T17:31:38
ID000133,Hania-Amir,04.jpg,Fake,No,,Yes,Yes,Yes,,No,2026-08-07T17:31:38,2026-08-07T17:31:50
ID000133,Hania-Amir,05.png,Fake,Yes,,Yes,Yes,No,,Yes,2026-08-07T17:31:51,2026-08-07T17:31:57
ID000338,Song-Hye-Kyo,01.jpg,Real,Yes,Yes,Yes,Yes,,,Yes,2026-08-07T17:31:59,2026-08-07T17:32:09
ID000338,Song-Hye-Kyo,02.jpg,Real,Yes,Yes,Yes,Yes,,,Yes,2026-08-07T17:32:09,2026-08-07T17:32:14
ID000338,Song-Hye-Kyo,01.jpg,Fake,Yes,,Yes,Yes,No,,Yes,2026-08-07T17:32:16,2026-08-07T17:32:24
ID000338,Song-Hye-Kyo,02.jpg,Fake,Yes,,Yes,Yes,No,,Yes,2026-08-07T17:32:25,2026-08-07T17:32:32
ID000338,Song-Hye-Kyo,05.png,Fake,Yes,,Yes,Yes,No,,Yes,2026-08-07T17:32:32,2026-08-07T17:32:39
ID000057,Caitlin-Clark,01.png,Real,Yes,Yes,Yes,Yes,,,Yes,2026-08-07T17:32:41,2026-08-07T17:32:47
ID000057,Caitlin-Clark,01.jpg,Fake,Yes,,Yes,Yes,No,,Yes,2026-08-07T17:32:48,2026-08-07T17:32:56
ID000057,Caitlin-Clark,02.jpg,Fake,Yes,,Yes,Yes,No,,Yes,2026-08-07T17:32:56,2026-08-07T17:33:03
ID000057,Caitlin-Clark,03.png,Fake,Yes,,Yes,Yes,Yes,,Yes,2026-08-07T17:33:04,2026-08-07T17:33:16
ID000057,Caitlin-Clark,04.png,Fake,No,,Yes,Yes,Yes,,No,2026-08-07T17:33:16,2026-08-07T17:33:29
ID000251,Matt-Dillon,01.jpg,Real,Yes,Yes,Yes,Yes,,,Yes,2026-08-07T17:33:32,2026-08-07T17:33:40
ID000251,Matt-Dillon,02.jpg,Real,Yes,Yes,Yes,Yes,,,Yes,2026-08-07T17:33:40,2026-08-07T17:33:45
ID000251,Matt-Dillon,01.jpg,Fake,Yes,,Yes,Yes,Yes,,Yes,2026-08-07T17:33:47,2026-08-07T17:33:53
ID000241,Marilyn-Monroe,01.jpg,Real,Yes,Yes,Yes,Yes,,,Yes,2026-08-07T17:33:56,2026-08-07T17:34:04
ID000241,Marilyn-Monroe,02.jpg,Real,Yes,Yes,Yes,Yes,,,Yes,2026-08-07T17:34:04,2026-08-07T17:34:10
ID000241,Marilyn-Monroe,01.jpg,Fake,Yes,,Yes,Yes,Yes,,No,2026-08-07T17:34:12,2026-08-07T17:34:17
ID000241,Marilyn-Monroe,02.jpg,Fake,Yes,,Yes,Yes,Yes,,No,2026-08-07T17:34:17,2026-08-07T17:34:23
ID000241,Marilyn-Monroe,03.png,Fake,Yes,,Yes,Yes,Yes,,No,2026-08-07T17:34:23,2026-08-07T17:34:28
ID000241,Marilyn-Monroe,04.jpg,Fake,Yes,,Yes,Yes,Yes,,Yes,2026-08-07T17:34:28,2026-08-07T17:34:32
ID000294,Pedro-Pascal,01.jpg,Real,Yes,Yes,Yes,Yes,,,Yes,2026-08-07T17:34:36,2026-08-07T17:34:41
ID000294,Pedro-Pascal,02.jpg,Real,Yes,Yes,Yes,Yes,,,Yes,2026-08-07T17:34:41,2026-08-07T17:34:47
ID000294,Pedro-Pascal,01.jpg,Fake,Yes,,Yes,Yes,Yes,,Yes,2026-08-07T17:34:49,2026-08-07T17:34:53
ID000294,Pedro-Pascal,02.jpg,Fake,Yes,,Yes,Yes,Yes,,Yes,2026-08-07T17:34:53,2026-08-07T17:34:59
ID000294,Pedro-Pascal,03.jpg,Fake,Yes,,Yes,Yes,Yes,,Yes,2026-08-07T17:34:59,2026-08-07T17:35:05
ID000308,Robert-Redford,01.jpg,Real,Yes,Yes,Yes,Yes,,,Yes,2026-08-07T17:35:08,2026-08-07T17:35:14
ID000308,Robert-Redford,02.jpg,Real,Yes,Yes,Yes,Yes,,,Yes,2026-08-07T17:35:14,2026-08-07T17:35:21
ID000308,Robert-Redford,03.jpg,Real,Yes,Yes,Yes,Yes,,,Yes,2026-08-07T17:35:21,2026-08-07T17:35:29
ID000308,Robert-Redford,01.jpg,Fake,Yes,,Yes,Yes,Yes,,Yes,2026-08-07T17:35:31,2026-08-07T17:35:38
ID000308,Robert-Redford,02.jpg,Fake,Yes,,Yes,Yes,Yes,,Yes,2026-08-07T17:35:38,2026-08-07T17:35:45
ID000308,Robert-Redford,03.jpg,Fake,Yes,,Yes,Yes,Yes,,Yes,2026-08-07T17:35:45,2026-08-07T17:35:51
ID000373,Xiao-Zhan,01.jpg,Real,Yes,Yes,Yes,Yes,,,Yes,2026-08-07T17:35:53,2026-08-07T17:36:00
ID000373,Xiao-Zhan,02.jpg,Real,Yes,Yes,Yes,Yes,,,Yes,2026-08-07T17:36:00,2026-08-07T17:36:06
ID000373,Xiao-Zhan,03.jpg,Real,Yes,Yes,Yes,Yes,,,Yes,2026-08-07T17:36:07,2026-08-07T17:36:16
ID000373,Xiao-Zhan,01.jpg,Fake,Yes,,Yes,Yes,No,,Yes,2026-08-07T17:36:18,2026-08-07T17:36:26
ID000373,Xiao-Zhan,02.jpg,Fake,Yes,,No,Yes,No,,No,2026-08-07T17:36:26,2026-08-07T17:36:34
ID000373,Xiao-Zhan,03.jpg,Fake,Yes,,Yes,Yes,Yes,,Yes,2026-08-07T17:36:34,2026-08-07T17:36:43
ID000097,Elizabeth-Taylor,01.jpg,Real,Yes,Yes,Yes,Yes,,,Yes,2026-08-07T17:36:45,2026-08-07T17:40:15
ID000097,Elizabeth-Taylor,02.jpg,Real,Yes,Yes,Yes,Yes,,,Yes,2026-08-07T17:40:15,2026-08-07T17:40:20
ID000097,Elizabeth-Taylor,02.jpg,Fake,Yes,,Yes,Yes,Yes,,Yes,2026-08-07T17:40:22,2026-08-07T17:40:27
ID000160,James-Caan,01.jpg,Real,Yes,Yes,Yes,Yes,,,Yes,2026-08-07T17:40:28,2026-08-07T17:40:33
ID000160,James-Caan,01.png,Fake,No,,Yes,Yes,No,,No,2026-08-07T17:40:34,2026-08-07T17:40:41
ID000160,James-Caan,02.png,Fake,No,,Yes,Yes,No,,No,2026-08-07T17:40:41,2026-08-07T17:40:47
ID000032,Ashley-Judd,01.jpg,Real,Yes,Yes,Yes,Yes,,,Yes,2026-08-07T17:40:49,2026-08-07T17:40:53
ID000032,Ashley-Judd,02.jpg,Real,Yes,Yes,Yes,Yes,,,Yes,2026-08-07T17:40:53,2026-08-07T17:40:59
ID000032,Ashley-Judd,02.jpg,Fake,Yes,,Yes,Yes,No,,Yes,2026-08-07T17:41:01,2026-08-07T17:41:09
ID000032,Ashley-Judd,03.jpg,Fake,Yes,,Yes,Yes,Yes,,Yes,2026-08-07T17:41:09,2026-08-07T17:41:15
ID000212,Kevin-Spacey,01.jpg,Real,Yes,Yes,Yes,Yes,,,Yes,2026-08-07T17:41:16,2026-08-07T17:41:22
ID000212,Kevin-Spacey,02.jpg,Real,Yes,Yes,Yes,Yes,,,Yes,2026-08-07T17:41:23,2026-08-07T17:41:27
ID000212,Kevin-Spacey,03.jpg,Real,Yes,Yes,Yes,Yes,,,Yes,2026-08-07T17:41:27,2026-08-07T17:41:31
ID000212,Kevin-Spacey,01.jpg,Fake,Yes,,Yes,Yes,Yes,,Yes,2026-08-07T17:41:34,2026-08-07T17:41:39
ID000212,Kevin-Spacey,02.png,Fake,No,,Yes,Yes,No,,No,2026-08-07T17:41:40,2026-08-07T17:41:47
ID000212,Kevin-Spacey,03.png,Fake,Yes,,Yes,Yes,Yes,,Yes,2026-08-07T17:41:47,2026-08-07T17:41:52
ID000242,Mario-Götze,01.jpg,Real,Yes,Yes,Yes,Yes,,,Yes,2026-08-07T17:41:54,2026-08-07T17:41:59
ID000242,Mario-Götze,02.jpg,Real,Yes,Yes,Yes,Yes,,,Yes,2026-08-07T17:41:59,2026-08-07T17:42:06
ID000242,Mario-Götze,03.jpg,Real,Yes,Yes,Yes,Yes,,,Yes,2026-08-07T17:42:06,2026-08-07T17:42:13
ID000242,Mario-Götze,01.jpg,Fake,Yes,,Yes,Yes,No,,Yes,2026-08-07T17:42:15,2026-08-07T17:42:22
ID000242,Mario-Götze,02.jpg,Fake,Yes,,Yes,Yes,No,,Yes,2026-08-07T17:42:22,2026-08-07T17:42:32
ID000197,Juliette-Binoche,01.jpg,Real,Yes,Yes,Yes,Yes,,,Yes,2026-08-07T17:42:34,2026-08-07T17:42:39
ID000197,Juliette-Binoche,01.jpg,Fake,No,,Yes,Yes,Yes,,No,2026-08-07T17:42:41,2026-08-07T17:42:53
ID000197,Juliette-Binoche,02.jpg,Fake,Yes,,Yes,Yes,Yes,,Yes,2026-08-07T17:42:53,2026-08-07T17:43:05
ID000197,Juliette-Binoche,03.jpg,Fake,Yes,,Yes,Yes,Yes,,Yes,2026-08-07T17:43:05,2026-08-07T17:43:11
ID000055,Bukayo-Saka,01.jpg,Real,Yes,Yes,Yes,Yes,,,Yes,2026-08-07T17:43:14,2026-08-07T17:43:23
ID000055,Bukayo-Saka,02.png,Real,Yes,Yes,Yes,Yes,,,Yes,2026-08-07T17:43:23,2026-08-07T17:43:28
ID000055,Bukayo-Saka,03.jpg,Real,Yes,Yes,Yes,Yes,,,Yes,2026-08-07T17:43:28,2026-08-07T17:43:33
ID000055,Bukayo-Saka,1.webp,Fake,No,,Yes,Yes,Yes,,No,2026-08-07T17:43:35,2026-08-07T17:43:48
ID000152,Iqra-Kanwal,01.jpg,Real,Yes,Yes,Yes,Yes,,,Yes,2026-08-07T17:43:50,2026-08-07T17:43:57
ID000152,Iqra-Kanwal,02.jpg,Real,Yes,Yes,Yes,Yes,,,Yes,2026-08-07T17:43:57,2026-08-07T17:44:03
ID000152,Iqra-Kanwal,04.png,Fake,Yes,,Yes,Yes,Yes,,Yes,2026-08-07T17:44:04,2026-08-07T17:44:11
ID000177,Jim-Carrey,01.jpg,Real,Yes,Yes,Yes,Yes,,,Yes,2026-08-07T17:44:13,2026-08-07T17:44:20
ID000177,Jim-Carrey,02.jpg,Real,Yes,Yes,Yes,Yes,,,Yes,2026-08-07T17:44:20,2026-08-07T17:44:25
ID000177,Jim-Carrey,01.jpg,Fake,Yes,,Yes,Yes,Yes,,Yes,2026-08-07T17:44:26,2026-08-07T17:44:32
ID000177,Jim-Carrey,02.jpg,Fake,Yes,,Yes,Yes,Yes,,Yes,2026-08-07T17:44:32,2026-08-07T17:44:37
ID000177,Jim-Carrey,03.jpg,Fake,Yes,,Yes,Yes,Yes,,Yes,2026-08-07T17:44:37,2026-08-07T17:44:42
ID000075,Christopher-Nolan,01.jpg,Real,Yes,Yes,Yes,Yes,,,Yes,2026-08-07T17:44:44,2026-08-07T17:44:50
ID000075,Christopher-Nolan,02.jpg,Real,Yes,Yes,Yes,Yes,,,Yes,2026-08-07T17:44:50,2026-08-07T17:44:55
ID000075,Christopher-Nolan,03.jpg,Real,Yes,Yes,Yes,Yes,,,Yes,2026-08-07T17:44:55,2026-08-07T17:45:00
ID000075,Christopher-Nolan,01.jpg,Fake,No,,No,Yes,No,,No,2026-08-07T17:45:02,2026-08-07T17:45:13
ID000075,Christopher-Nolan,02.jpg,Fake,Yes,,Yes,Yes,Yes,,Yes,2026-08-07T17:45:13,2026-08-07T17:45:20
ID000075,Christopher-Nolan,03.jpg,Fake,Yes,,Yes,Yes,No,,Yes,2026-08-07T17:45:20,2026-08-07T17:45:27
ID000005,Adam-Sandler,01.jpg,Real,Yes,Yes,Yes,Yes,,,Yes,2026-08-07T17:45:28,2026-08-07T17:45:34
ID000005,Adam-Sandler,02.jpg,Real,Yes,Yes,Yes,Yes,,,Yes,2026-08-07T17:45:34,2026-08-07T17:45:38
ID000005,Adam-Sandler,01.jpg,Fake,Yes,,Yes,Yes,Yes,,Yes,2026-08-07T17:45:40,2026-08-07T17:45:45
ID000005,Adam-Sandler,03.jpg,Fake,Yes,,Yes,Yes,Yes,,Yes,2026-08-07T17:45:45,2026-08-07T17:45:49
ID000005,Adam-Sandler,04.jpg,Fake,Yes,,Yes,Yes,No,,Yes,2026-08-07T17:45:49,2026-08-07T17:45:54
ID000111,Ewan-McGregor,01.jpg,Real,Yes,Yes,Yes,Yes,,,Yes,2026-08-07T17:54:35,2026-08-07T17:55:50
ID000111,Ewan-McGregor,02.jpg,Real,Yes,Yes,Yes,Yes,,,Yes,2026-08-07T17:55:50,2026-08-07T17:55:55
ID000111,Ewan-McGregor,03.jpg,Real,Yes,Yes,Yes,Yes,,,Yes,2026-08-07T17:55:55,2026-08-07T17:56:00
ID000111,Ewan-McGregor,01.jpg,Fake,Yes,,Yes,Yes,Yes,,Yes,2026-08-07T17:56:04,2026-08-07T18:01:19
ID000059,Cameron-Diaz,01.jpg,Real,Yes,Yes,Yes,Yes,,,Yes,2026-08-07T18:01:22,2026-08-07T18:01:28
ID000059,Cameron-Diaz,01.jpg,Fake,Yes,,Yes,Yes,Yes,,No,2026-08-07T18:01:29,2026-08-07T18:01:36
ID000059,Cameron-Diaz,02.jpg,Fake,Yes,,Yes,Yes,Yes,,Yes,2026-08-07T18:01:36,2026-08-07T18:01:58
ID000059,Cameron-Diaz,03.jpg,Fake,Yes,,Yes,Yes,Yes,,No,2026-08-07T18:01:59,2026-08-07T18:02:04
ID000059,Cameron-Diaz,04.jpg,Fake,Yes,,Yes,Yes,Yes,,No,2026-08-07T18:02:05,2026-08-07T18:02:11
ID000386,meryl-streep,01.jpg,Real,Yes,Yes,Yes,Yes,,,Yes,2026-08-07T18:02:15,2026-08-07T18:02:21
ID000386,meryl-streep,01.jpg,Fake,Yes,,Yes,Yes,Yes,,Yes,2026-08-07T18:02:23,2026-08-07T18:02:27
ID000386,meryl-streep,02.png,Fake,Yes,,Yes,Yes,Yes,,Yes,2026-08-07T18:02:27,2026-08-07T18:02:32
ID000114,Florian-Wirtz,01.jpg,Real,Yes,Yes,Yes,Yes,,,Yes,2026-08-07T18:02:34,2026-08-07T18:02:41
ID000114,Florian-Wirtz,1.jpg,Real,Yes,Yes,Yes,Yes,,,Yes,2026-08-07T18:02:41,2026-08-07T18:02:45
ID000114,Florian-Wirtz,01.jpg,Fake,Yes,,Yes,Yes,Yes,,No,2026-08-07T18:02:48,2026-08-07T18:02:53
ID000114,Florian-Wirtz,02.jpg,Fake,Yes,,Yes,Yes,Yes,,No,2026-08-07T18:02:53,2026-08-07T18:03:03
ID000114,Florian-Wirtz,03.jpg,Fake,Yes,,Yes,Yes,Yes,,Yes,2026-08-07T18:03:04,2026-08-07T18:03:15
ID000114,Florian-Wirtz,04.jpg,Fake,Yes,,Yes,Yes,No,,No,2026-08-07T18:03:15,2026-08-07T18:03:22
ID000114,Florian-Wirtz,05.jpg,Fake,Yes,,Yes,Yes,No,,No,2026-08-07T18:03:22,2026-08-07T18:03:27
ID000015,Alina-Amir,01.jpg,Real,Yes,Yes,Yes,Yes,,,Yes,2026-08-07T18:03:30,2026-08-07T18:03:37
ID000015,Alina-Amir,01.png,Fake,Yes,,No,Yes,No,,No,2026-08-07T18:03:39,2026-08-07T18:03:45
ID000015,Alina-Amir,02.jpg,Fake,Yes,,Yes,Yes,No,,Yes,2026-08-07T18:03:46,2026-08-07T18:03:53
ID000015,Alina-Amir,04.png,Fake,Yes,,Yes,Yes,No,,Yes,2026-08-07T18:03:53,2026-08-07T18:03:59
ID000268,Mohammad-Ahmed,01.jpg,Real,Yes,Yes,Yes,Yes,,,Yes,2026-08-07T18:04:01,2026-08-07T18:04:06
ID000268,Mohammad-Ahmed,02.png,Real,Yes,Yes,Yes,Yes,,,Yes,2026-08-07T18:04:06,2026-08-07T18:04:11
ID000268,Mohammad-Ahmed,03.jpg,Real,Yes,Yes,Yes,Yes,,,Yes,2026-08-07T18:04:12,2026-08-07T18:04:17
ID000268,Mohammad-Ahmed,1.png,Fake,Yes,,Yes,Yes,Yes,,Yes,2026-08-07T18:04:19,2026-08-07T18:04:25
ID000322,Sanna-Marin,01.jpg,Real,Yes,Yes,Yes,Yes,,,Yes,2026-08-07T18:04:26,2026-08-07T18:04:32
ID000322,Sanna-Marin,02.jpg,Real,Yes,Yes,Yes,Yes,,,Yes,2026-08-07T18:04:32,2026-08-07T18:04:37
ID000322,Sanna-Marin,01.jpg,Fake,Yes,,Yes,Yes,Yes,,Yes,2026-08-07T18:04:38,2026-08-07T18:04:44
ID000322,Sanna-Marin,04.png,Fake,Yes,,Yes,Yes,Yes,,Yes,2026-08-07T18:04:44,2026-08-07T18:04:52
ID000322,Sanna-Marin,05.jpg,Fake,Yes,,Yes,Yes,Yes,,Yes,2026-08-07T18:04:52,2026-08-07T18:05:00
ID000066,Charlize-Theron,01.jpg,Real,Yes,Yes,Yes,Yes,,,Yes,2026-08-07T18:05:02,2026-08-07T18:05:07
ID000066,Charlize-Theron,02.jpg,Real,Yes,Yes,Yes,Yes,,,Yes,2026-08-07T18:05:07,2026-08-07T18:05:12
ID000066,Charlize-Theron,03.jpg,Real,Yes,Yes,Yes,Yes,,,Yes,2026-08-07T18:05:12,2026-08-07T18:05:19
ID000066,Charlize-Theron,01.jpg,Fake,Yes,,Yes,Yes,Yes,,No,2026-08-07T18:05:21,2026-08-07T18:05:27
ID000066,Charlize-Theron,02.jpg,Fake,Yes,,Yes,Yes,Yes,,No,2026-08-07T18:05:27,2026-08-07T18:05:34
ID000066,Charlize-Theron,03.jpg,Fake,Yes,,Yes,Yes,Yes,,No,2026-08-07T18:05:34,2026-08-07T18:05:41
ID000066,Charlize-Theron,04.jpg,Fake,Yes,,Yes,Yes,No,,Yes,2026-08-07T18:05:41,2026-08-07T18:06:07
ID000066,Charlize-Theron,05.jpg,Fake,Yes,,Yes,Yes,No,,No,2026-08-07T18:06:07,2026-08-07T18:06:14
ID000105,Engin Altan,01.jpg,Real,Yes,Yes,Yes,Yes,,,Yes,2026-08-07T18:06:18,2026-08-07T18:06:27
ID000105,Engin Altan,02.jpg,Real,Yes,Yes,Yes,Yes,,,Yes,2026-08-07T18:06:27,2026-08-07T18:06:33
ID000105,Engin Altan,03.jpg,Real,Yes,Yes,Yes,Yes,,,Yes,2026-08-07T18:06:33,2026-08-07T18:06:38
ID000105,Engin Altan,01.jpg,Fake,No,,Yes,Yes,No,,No,2026-08-07T18:06:40,2026-08-07T18:06:48
ID000105,Engin Altan,01.png,Fake,Yes,,Yes,Yes,Yes,,Yes,2026-08-07T18:06:48,2026-08-07T18:06:53
ID000105,Engin Altan,02.jpg,Fake,No,,Yes,Yes,Yes,,No,2026-08-07T18:06:53,2026-08-07T18:07:06
ID000155,Jack-Lemmon,01.jpg,Real,Yes,Yes,Yes,Yes,,,Yes,2026-08-07T18:07:08,2026-08-07T18:07:16
ID000155,Jack-Lemmon,02.jpg,Real,Yes,Yes,Yes,Yes,,,Yes,2026-08-07T18:07:16,2026-08-07T18:07:21
ID000155,Jack-Lemmon,03.jpg,Real,Yes,Yes,Yes,Yes,,,Yes,2026-08-07T18:07:21,2026-08-07T18:07:26
ID000155,Jack-Lemmon,01.jpg,Fake,Yes,,Yes,Yes,Yes,,Yes,2026-08-07T18:07:28,2026-08-07T18:07:35
ID000155,Jack-Lemmon,02.png,Fake,Yes,,Yes,Yes,Yes,,Yes,2026-08-07T18:07:35,2026-08-07T18:07:40
ID000155,Jack-Lemmon,03.png,Fake,Yes,,No,Yes,Yes,,No,2026-08-07T18:07:40,2026-08-07T18:07:46
ID000348,Thomas-Jane,01.jpg,Real,Yes,Yes,Yes,Yes,,,Yes,2026-08-07T18:07:48,2026-08-07T18:09:36
ID000348,Thomas-Jane,02.jpg,Real,Yes,Yes,Yes,Yes,,,Yes,2026-08-07T18:09:36,2026-08-07T18:09:41
ID000348,Thomas-Jane,03.jpg,Real,No,Yes,Yes,Yes,,,No,2026-08-07T18:09:41,2026-08-07T18:09:50
ID000348,Thomas-Jane,01.jpg,Fake,No,,Yes,Yes,Yes,,No,2026-08-07T18:09:52,2026-08-07T18:10:00
ID000348,Thomas-Jane,03.jpg,Fake,Yes,,Yes,Yes,Yes,,Yes,2026-08-07T18:10:00,2026-08-07T18:10:10
ID000348,Thomas-Jane,04.jpg,Fake,No,,Yes,Yes,Yes,,No,2026-08-07T18:10:10,2026-08-07T18:10:22
ID000253,Matthew-Broderick,01.jpg,Real,Yes,Yes,Yes,Yes,,,Yes,2026-08-07T18:10:24,2026-08-07T18:10:30
ID000253,Matthew-Broderick,02.jpg,Real,Yes,Yes,Yes,Yes,,,Yes,2026-08-07T18:10:31,2026-08-07T18:23:36
ID000253,Matthew-Broderick,01.jpg,Fake,Yes,,Yes,Yes,Yes,,Yes,2026-08-07T18:23:39,2026-08-07T18:23:45
ID000253,Matthew-Broderick,02.jpg,Fake,Yes,,Yes,Yes,Yes,,Yes,2026-08-07T18:23:45,2026-08-07T18:23:50
ID000140,Hilary-Duff,01.jpg,Real,Yes,Yes,Yes,Yes,,,Yes,2026-08-07T18:23:52,2026-08-07T18:23:57
ID000140,Hilary-Duff,01.jpg,Fake,Yes,,Yes,Yes,Yes,,Yes,2026-08-07T18:23:59,2026-08-07T18:24:06
ID000140,Hilary-Duff,02.jpg,Fake,Yes,,Yes,Yes,Yes,,Yes,2026-08-07T18:24:07,2026-08-07T18:24:14
ID000140,Hilary-Duff,03.jpg,Fake,Yes,,Yes,Yes,Yes,,Yes,2026-08-07T18:24:15,2026-08-07T18:24:20
ID000107,Ethan-Hawke,01.jpg,Real,Yes,Yes,Yes,Yes,,,Yes,2026-08-07T18:24:22,2026-08-07T18:24:29
ID000107,Ethan-Hawke,02.jpg,Real,Yes,Yes,Yes,Yes,,,Yes,2026-08-07T18:24:29,2026-08-07T18:24:34
ID000107,Ethan-Hawke,01.jpg,Fake,Yes,,Yes,Yes,No,,No,2026-08-07T18:24:35,2026-08-07T18:24:41
ID000107,Ethan-Hawke,02.jpg,Fake,Yes,,Yes,Yes,Yes,,No,2026-08-07T18:24:41,2026-08-07T18:24:48
ID000107,Ethan-Hawke,03.jpg,Fake,No,,No,Yes,No,,No,2026-08-07T18:24:48,2026-08-07T18:24:55
ID000107,Ethan-Hawke,04.jpg,Fake,Yes,,Yes,Yes,No,,Yes,2026-08-07T18:24:56,2026-08-07T18:25:02
ID000107,Ethan-Hawke,05.jpg,Fake,Yes,,Yes,Yes,Yes,,No,2026-08-07T18:25:03,2026-08-07T18:25:09
ID000304,Robert-De-Niro,01.jpg,Real,Yes,Yes,Yes,Yes,,,Yes,2026-08-07T18:25:13,2026-08-07T18:25:18
ID000304,Robert-De-Niro,02.jpg,Real,Yes,Yes,Yes,Yes,,,Yes,2026-08-07T18:25:18,2026-08-07T18:25:22
ID000304,Robert-De-Niro,03.jpg,Real,Yes,Yes,Yes,Yes,,,Yes,2026-08-07T18:25:23,2026-08-07T18:25:27
ID000304,Robert-De-Niro,01.jpg,Fake,Yes,,Yes,Yes,Yes,,No,2026-08-07T18:25:30,2026-08-07T18:25:35
ID000304,Robert-De-Niro,02.jpg,Fake,Yes,,Yes,Yes,Yes,,No,2026-08-07T18:25:35,2026-08-07T18:25:39
ID000304,Robert-De-Niro,03.jpg,Fake,Yes,,Yes,Yes,No,,Yes,2026-08-07T18:25:39,2026-08-07T18:25:44
ID000304,Robert-De-Niro,04.jpg,Fake,Yes,,Yes,Yes,Yes,,No,2026-08-07T18:25:44,2026-08-07T18:25:52
ID000304,Robert-De-Niro,05.jpg,Fake,Yes,,Yes,Yes,Yes,,No,2026-08-07T18:25:52,2026-08-07T18:25:58
ID000048,Bill-Paxton,01.jpg,Real,Yes,Yes,Yes,Yes,,,Yes,2026-08-07T18:26:02,2026-08-07T18:26:09
ID000048,Bill-Paxton,02.jpg,Real,Yes,Yes,Yes,Yes,,,Yes,2026-08-07T18:26:09,2026-08-07T18:26:13
ID000048,Bill-Paxton,03.jpg,Real,Yes,Yes,Yes,Yes,,,Yes,2026-08-07T18:26:13,2026-08-07T18:26:17
ID000048,Bill-Paxton,01.jpg,Fake,Yes,,Yes,Yes,No,,Yes,2026-08-07T18:26:19,2026-08-07T18:26:25
ID000048,Bill-Paxton,02.jpg,Fake,No,,Yes,Yes,No,,No,2026-08-07T18:26:26,2026-08-07T18:26:35
ID000332,Shia-LaBeouf,01.jpg,Real,Yes,Yes,Yes,Yes,,,Yes,2026-08-07T18:26:38,2026-08-07T18:26:44
ID000332,Shia-LaBeouf,02.jpg,Real,Yes,Yes,Yes,Yes,,,Yes,2026-08-07T18:26:44,2026-08-07T18:26:50
ID000332,Shia-LaBeouf,03.jpg,Real,Yes,Yes,Yes,Yes,,,Yes,2026-08-07T18:26:50,2026-08-07T18:26:55
ID000332,Shia-LaBeouf,01.jpg,Fake,No,,Yes,Yes,Yes,,No,2026-08-07T18:26:58,2026-08-07T18:27:06
ID000332,Shia-LaBeouf,02.jpg,Fake,No,,Yes,Yes,Yes,,No,2026-08-07T18:27:06,2026-08-07T18:27:17
ID000216,Kirsten-Dunst,01.jpg,Real,Yes,Yes,Yes,Yes,,,Yes,2026-08-07T18:27:18,2026-08-07T18:36:15
ID000216,Kirsten-Dunst,01.jpg,Fake,Yes,,Yes,Yes,Yes,,Yes,2026-08-07T18:36:18,2026-08-07T18:36:23
ID000216,Kirsten-Dunst,02.jpg,Fake,No,,Yes,Yes,No,,No,2026-08-07T18:36:23,2026-08-07T18:36:30
ID000216,Kirsten-Dunst,03.jpg,Fake,Yes,,Yes,Yes,Yes,,Yes,2026-08-07T18:36:30,2026-08-07T18:36:38
ID000378,captin-pat-cumins,01.jpg,Real,Yes,Yes,Yes,Yes,,,Yes,2026-08-07T18:36:42,2026-08-07T18:36:48
ID000378,captin-pat-cumins,02.jpg,Real,Yes,Yes,Yes,Yes,,,Yes,2026-08-07T18:36:48,2026-08-07T18:36:54
ID000378,captin-pat-cumins,03.jpg,Real,Yes,Yes,Yes,Yes,,,Yes,2026-08-07T18:36:54,2026-08-07T18:36:59
ID000378,captin-pat-cumins,01.jpg,Fake,Yes,,Yes,Yes,No,,Yes,2026-08-07T18:37:01,2026-08-07T18:37:10
ID000302,Rihanna,01.png,Real,Yes,Yes,Yes,Yes,,,Yes,2026-08-07T18:37:12,2026-08-07T18:37:18
ID000302,Rihanna,02.jpg,Real,Yes,Yes,Yes,Yes,,,Yes,2026-08-07T18:37:18,2026-08-07T18:37:24
ID000302,Rihanna,01.jpg,Fake,Yes,,Yes,Yes,Yes,,No,2026-08-07T18:37:25,2026-08-07T18:37:30
ID000302,Rihanna,02.jpg,Fake,Yes,,Yes,Yes,Yes,,No,2026-08-07T18:37:30,2026-08-07T18:37:36
ID000302,Rihanna,03.jpg,Fake,Yes,,Yes,Yes,No,,No,2026-08-07T18:37:36,2026-08-07T18:37:41
ID000302,Rihanna,1.jpg,Fake,Yes,,Yes,Yes,Yes,,Yes,2026-08-07T18:37:41,2026-08-07T18:37:46
ID000389,narendra-modi,01.jpg,Real,Yes,Yes,Yes,Yes,,,Yes,2026-08-07T18:37:49,2026-08-07T18:37:54
ID000389,narendra-modi,02.jpg,Real,Yes,Yes,Yes,Yes,,,Yes,2026-08-07T18:37:55,2026-08-07T18:38:00
ID000389,narendra-modi,03.jpg,Real,Yes,Yes,Yes,Yes,,,Yes,2026-08-07T18:38:01,2026-08-07T18:38:05
ID000389,narendra-modi,01.jpg,Fake,Yes,,Yes,Yes,No,,No,2026-08-07T18:38:07,2026-08-07T18:38:13
ID000389,narendra-modi,01.png,Fake,Yes,,Yes,Yes,No,,No,2026-08-07T18:38:14,2026-08-07T18:38:20
ID000389,narendra-modi,02.jpg,Fake,Yes,,Yes,Yes,Yes,,Yes,2026-08-07T18:38:20,2026-08-07T18:38:25
ID000389,narendra-modi,63.png,Fake,Yes,,Yes,Yes,Yes,,No,2026-08-07T18:38:25,2026-08-07T18:38:30
ID000355,Tina-Fey,01.jpg,Real,Yes,Yes,Yes,Yes,,,Yes,2026-08-07T18:38:34,2026-08-07T18:38:39
ID000355,Tina-Fey,02.jpg,Real,Yes,Yes,Yes,Yes,,,Yes,2026-08-07T18:38:39,2026-08-07T18:38:55
ID000355,Tina-Fey,01.png,Fake,No,,Yes,Yes,No,,No,2026-08-07T18:38:57,2026-08-07T18:39:08
ID000355,Tina-Fey,02.jpg,Fake,No,,Yes,Yes,No,,No,2026-08-07T18:39:08,2026-08-07T18:39:14
ID000355,Tina-Fey,04.jpg,Fake,No,,Yes,Yes,No,,No,2026-08-07T18:39:15,2026-08-07T18:39:23
ID000163,Jason-Clarke,01.jpg,Real,No,Yes,Yes,Yes,,,No,2026-08-07T18:39:35,2026-08-07T18:39:38
ID000163,Jason-Clarke,02.jpg,Real,No,Yes,Yes,Yes,,,No,2026-08-07T18:39:39,2026-08-07T18:39:46
ID000163,Jason-Clarke,03.jpg,Real,Yes,Yes,Yes,Yes,,,Yes,2026-08-07T18:39:46,2026-08-07T18:39:52
ID000163,Jason-Clarke,01.png,Fake,No,,Yes,Yes,Yes,,No,2026-08-07T18:39:54,2026-08-07T18:40:01
ID000163,Jason-Clarke,02.png,Fake,No,,Yes,Yes,Yes,,No,2026-08-07T18:40:01,2026-08-07T18:40:06
ID000056,Burak-Özçivit,01.jpg,Real,Yes,Yes,Yes,Yes,,,Yes,2026-08-07T18:40:08,2026-08-07T18:40:14
ID000056,Burak-Özçivit,01.jpg,Fake,Yes,,Yes,Yes,Yes,,Yes,2026-08-07T18:40:17,2026-08-07T18:40:25
ID000056,Burak-Özçivit,02.jpg,Fake,Yes,,Yes,Yes,Yes,,Yes,2026-08-07T18:40:25,2026-08-07T18:40:30
ID000056,Burak-Özçivit,03.jpg,Fake,Yes,,Yes,Yes,Yes,,Yes,2026-08-07T18:40:30,2026-08-07T18:40:36
ID000125,Glenn-Maxwell,01.jpg,Real,Yes,Yes,Yes,Yes,,,Yes,2026-08-07T18:40:38,2026-08-07T18:40:43
ID000125,Glenn-Maxwell,02.png,Real,Yes,Yes,Yes,Yes,,,Yes,2026-08-07T18:40:43,2026-08-07T18:40:51
ID000125,Glenn-Maxwell,1.jpg,Fake,Yes,,No,Yes,Yes,,No,2026-08-07T18:40:53,2026-08-07T18:41:01
ID000318,Russell-Crowe,01.jpg,Real,Yes,Yes,Yes,Yes,,,Yes,2026-08-07T18:41:03,2026-08-07T18:41:09
ID000318,Russell-Crowe,01.jpg,Fake,Yes,,Yes,Yes,Yes,,Yes,2026-08-07T18:41:11,2026-08-07T18:41:17
ID000318,Russell-Crowe,02.jpg,Fake,Yes,,Yes,Yes,Yes,,Yes,2026-08-07T18:41:17,2026-08-07T18:41:22
ID000318,Russell-Crowe,03.jpg,Fake,Yes,,Yes,No,No,,No,2026-08-07T18:41:22,2026-08-07T18:41:29
ID000318,Russell-Crowe,05.jpg,Fake,Yes,,Yes,Yes,Yes,,Yes,2026-08-07T18:41:29,2026-08-07T18:41:35
ID000153,Isabella-Gaze,01.webp,Real,Yes,Yes,Yes,Yes,,,Yes,2026-08-07T18:41:36,2026-08-07T18:43:59
ID000153,Isabella-Gaze,02.png,Real,Yes,Yes,Yes,Yes,,,Yes,2026-08-07T18:44:00,2026-08-07T18:44:04
ID000153,Isabella-Gaze,03.jpg,Real,Yes,Yes,Yes,Yes,,,Yes,2026-08-07T18:44:04,2026-08-07T18:44:09
ID000153,Isabella-Gaze,01.jpg,Fake,No,,Yes,Yes,Yes,,No,2026-08-07T18:44:11,2026-08-07T18:44:17
ID000153,Isabella-Gaze,02.jpg,Fake,No,,Yes,Yes,Yes,,No,2026-08-07T18:44:17,2026-08-07T18:44:22
ID000153,Isabella-Gaze,1.png,Fake,No,,Yes,Yes,No,,No,2026-08-07T18:44:22,2026-08-07T18:44:31
ID000009,Albert-Eienstain,01.jpg,Real,Yes,Yes,Yes,Yes,,,Yes,2026-08-07T18:44:32,2026-08-07T18:44:40
ID000009,Albert-Eienstain,02.jpg,Real,Yes,Yes,Yes,Yes,,,Yes,2026-08-07T18:44:40,2026-08-07T18:44:45
ID000009,Albert-Eienstain,01.jpg,Fake,Yes,,Yes,Yes,Yes,,No,2026-08-07T18:44:47,2026-08-07T18:44:56
ID000009,Albert-Eienstain,03.jpg,Fake,Yes,,Yes,Yes,Yes,,No,2026-08-07T18:45:05,2026-08-07T18:45:11
ID000009,Albert-Eienstain,04.jpg,Fake,Yes,,Yes,Yes,No,,Yes,2026-08-07T18:45:12,2026-08-07T18:45:19
ID000009,Albert-Eienstain,05.png,Fake,Yes,,Yes,Yes,Yes,,No,2026-08-07T18:45:20,2026-08-07T18:58:03
ID000397,Álvaro-Morte,01.jpg,Real,Yes,Yes,Yes,Yes,,,Yes,2026-08-07T18:58:09,2026-08-07T18:58:15
ID000397,Álvaro-Morte,02.jpg,Real,Yes,Yes,Yes,Yes,,,Yes,2026-08-07T18:58:16,2026-08-07T18:58:20
ID000397,Álvaro-Morte,03.jpg,Real,Yes,Yes,Yes,Yes,,,Yes,2026-08-07T18:58:20,2026-08-07T18:58:24
ID000397,Álvaro-Morte,01.png,Fake,Yes,,Yes,Yes,Yes,,Yes,2026-08-07T18:58:26,2026-08-07T18:58:30
ID000397,Álvaro-Morte,02.png,Fake,Yes,,Yes,Yes,Yes,,Yes,2026-08-07T18:58:30,2026-08-07T18:58:35
ID000193,Josh-Hartnett,01.jpg,Real,Yes,Yes,Yes,Yes,,,Yes,2026-08-07T18:58:36,2026-08-07T18:58:41
ID000193,Josh-Hartnett,01.jpg,Fake,No,,Yes,Yes,No,,No,2026-08-07T18:58:43,2026-08-07T18:58:57
ID000193,Josh-Hartnett,02.jpg,Fake,Yes,,Yes,Yes,No,,Yes,2026-08-07T18:58:57,2026-08-07T18:59:03
ID000193,Josh-Hartnett,03.jpg,Fake,No,,Yes,Yes,No,,No,2026-08-07T18:59:03,2026-08-07T18:59:11
ID000193,Josh-Hartnett,04.jpg,Fake,No,,Yes,Yes,No,,No,2026-08-07T18:59:11,2026-08-07T18:59:24
ID000086,Derrick-Henry,01.png,Real,Yes,Yes,Yes,Yes,,,Yes,2026-08-07T18:59:26,2026-08-07T18:59:35
ID000086,Derrick-Henry,01.jpg,Fake,Yes,,Yes,Yes,Yes,,Yes,2026-08-07T18:59:36,2026-08-07T18:59:42
ID000086,Derrick-Henry,02.jpg,Fake,Yes,,Yes,Yes,Yes,,Yes,2026-08-07T18:59:42,2026-08-07T18:59:49
ID000287,Olivia-Rodrigo,01.jpg,Real,Yes,Yes,Yes,Yes,,,Yes,2026-08-07T18:59:51,2026-08-07T18:59:57
ID000287,Olivia-Rodrigo,02.jpg,Real,Yes,Yes,Yes,Yes,,,Yes,2026-08-07T18:59:57,2026-08-07T19:00:02
ID000287,Olivia-Rodrigo,01 (2).jpg,Fake,Yes,,Yes,Yes,Yes,,No,2026-08-07T19:00:03,2026-08-07T19:00:11
ID000287,Olivia-Rodrigo,01.jpg,Fake,Yes,,Yes,Yes,Yes,,No,2026-08-07T19:00:12,2026-08-07T19:00:16
ID000287,Olivia-Rodrigo,02.jpg,Fake,Yes,,Yes,Yes,Yes,,Yes,2026-08-07T19:00:16,2026-08-07T19:00:21
ID000287,Olivia-Rodrigo,03.jpg,Fake,Yes,,Yes,Yes,Yes,,No,2026-08-07T19:00:21,2026-08-07T19:00:26
ID000287,Olivia-Rodrigo,04.png,Fake,No,,Yes,Yes,Yes,,No,2026-08-07T19:00:26,2026-08-07T19:00:34
ID000027,Antoine-Griezmann,01.jpg,Real,No,Yes,Yes,Yes,,,No,2026-08-07T19:00:37,2026-08-07T19:00:57
ID000027,Antoine-Griezmann,02.png,Real,No,Yes,Yes,Yes,,,No,2026-08-07T19:00:57,2026-08-07T19:01:05
ID000027,Antoine-Griezmann,03.jpg,Real,Yes,Yes,Yes,Yes,,,Yes,2026-08-07T19:01:05,2026-08-07T19:01:11
ID000027,Antoine-Griezmann,01.jpg,Fake,Yes,,Yes,Yes,Yes,,Yes,2026-08-07T19:01:13,2026-08-07T19:01:20
ID000027,Antoine-Griezmann,02.jpg,Fake,Yes,,Yes,Yes,Yes,,Yes,2026-08-07T19:01:20,2026-08-07T19:01:26
ID000027,Antoine-Griezmann,03.jpg,Fake,Yes,,Yes,Yes,Yes,,Yes,2026-08-07T19:01:26,2026-08-07T19:01:30
ID000254,Mesut-Ozil,01.jpg,Real,Yes,Yes,Yes,Yes,,,Yes,2026-08-07T19:01:32,2026-08-07T19:01:38
ID000254,Mesut-Ozil,02.jpg,Real,Yes,Yes,Yes,Yes,,,Yes,2026-08-07T19:01:38,2026-08-07T19:01:43
ID000254,Mesut-Ozil,01.jpg,Fake,Yes,,Yes,Yes,Yes,,Yes,2026-08-07T19:01:46,2026-08-07T19:01:51
ID000254,Mesut-Ozil,02.jpg,Fake,Yes,,Yes,Yes,No,,Yes,2026-08-07T19:01:51,2026-08-07T19:01:58
ID000129,Grard-Depardieu,01.jpg,Real,Yes,Yes,Yes,Yes,,,Yes,2026-08-07T19:01:59,2026-08-07T19:02:10
ID000129,Grard-Depardieu,01.jpg,Fake,Yes,,Yes,Yes,Yes,,Yes,2026-08-07T19:02:12,2026-08-07T19:02:18
ID000129,Grard-Depardieu,02.jpg,Fake,No,,No,No,Yes,,No,2026-08-07T19:02:18,2026-08-07T19:02:23
ID000129,Grard-Depardieu,03.jpg,Fake,Yes,,Yes,Yes,Yes,,Yes,2026-08-07T19:02:23,2026-08-07T19:02:29
ID000129,Grard-Depardieu,04.png,Fake,Yes,,Yes,Yes,Yes,,Yes,2026-08-07T19:02:29,2026-08-07T19:02:36
ID000013,Alexandria-Ocasio-Cortez,01.jpg,Real,Yes,Yes,Yes,Yes,,,Yes,2026-08-07T19:02:38,2026-08-07T19:02:43
ID000013,Alexandria-Ocasio-Cortez,02.jpg,Real,Yes,Yes,Yes,Yes,,,Yes,2026-08-07T19:02:43,2026-08-07T19:02:48
ID000013,Alexandria-Ocasio-Cortez,1.png,Fake,Yes,,Yes,Yes,Yes,,Yes,2026-08-07T19:02:50,2026-08-07T19:02:56
ID000244,Mark-Wahlberg,01.jpg,Real,Yes,Yes,Yes,Yes,,,Yes,2026-08-07T19:02:57,2026-08-07T19:03:02
ID000358,Tony-Leung-Chiu-Wai,01.jpg,Real,Yes,Yes,Yes,Yes,,,Yes,2026-08-07T19:03:06,2026-08-07T19:03:20
ID000358,Tony-Leung-Chiu-Wai,02.jpg,Real,Yes,Yes,Yes,Yes,,,Yes,2026-08-07T19:03:21,2026-08-07T19:03:27
ID000358,Tony-Leung-Chiu-Wai,03.jpg,Real,Yes,Yes,Yes,Yes,,,Yes,2026-08-07T19:03:29,2026-08-07T19:03:35
ID000358,Tony-Leung-Chiu-Wai,01.jpg,Fake,Yes,,Yes,Yes,Yes,,Yes,2026-08-07T19:03:40,2026-08-07T19:03:52
ID000358,Tony-Leung-Chiu-Wai,02.jpg,Fake,Yes,,Yes,Yes,Yes,,Yes,2026-08-07T19:03:54,2026-08-07T19:04:00
ID000121,George-Clooney,01.jpg,Real,Yes,Yes,Yes,Yes,,,Yes,2026-08-07T19:04:02,2026-08-07T19:04:10
ID000121,George-Clooney,02.jpg,Real,Yes,Yes,Yes,Yes,,,Yes,2026-08-07T19:04:10,2026-08-07T19:04:15
ID000121,George-Clooney,03.png,Real,Yes,Yes,Yes,Yes,,,Yes,2026-08-07T19:04:15,2026-08-07T19:04:31
ID000121,George-Clooney,01.jpg,Fake,Yes,,Yes,Yes,Yes,,Yes,2026-08-07T19:04:33,2026-08-07T19:04:42
ID000121,George-Clooney,02.jpg,Fake,No,,Yes,Yes,Yes,,No,2026-08-07T19:04:42,2026-08-07T19:04:49
ID000121,George-Clooney,03.jpg,Fake,No,,Yes,Yes,Yes,,No,2026-08-07T19:04:50,2026-08-07T19:04:57
ID000121,George-Clooney,04.jpg,Fake,Yes,,Yes,Yes,Yes,,Yes,2026-08-07T19:04:57,2026-08-07T19:05:04
ID000121,George-Clooney,05.jpg,Fake,Yes,,Yes,Yes,Yes,,Yes,2026-08-07T19:05:04,2026-08-07T19:05:09
ID000184,John-Malkovich,01.jpg,Real,Yes,Yes,Yes,Yes,,,Yes,2026-08-07T19:16:42,2026-08-07T19:16:50
ID000184,John-Malkovich,02.jpg,Real,Yes,Yes,Yes,Yes,,,Yes,2026-08-07T19:16:50,2026-08-07T19:16:55
ID000184,John-Malkovich,01.png,Fake,Yes,,Yes,Yes,No,,Yes,2026-08-07T19:16:57,2026-08-07T19:17:06
ID000184,John-Malkovich,02.jpg,Fake,No,,Yes,Yes,Yes,,No,2026-08-07T19:17:07,2026-08-07T19:17:13
ID000184,John-Malkovich,03.jpg,Fake,No,,Yes,Yes,Yes,,No,2026-08-07T19:17:14,2026-08-07T19:17:19
ID000108,Eugenio-Derbez,01.png,Real,Yes,Yes,Yes,Yes,,,Yes,2026-08-07T19:17:20,2026-08-07T19:17:36
ID000108,Eugenio-Derbez,02.jpg,Real,Yes,Yes,Yes,Yes,,,Yes,2026-08-07T19:17:36,2026-08-07T19:17:41
ID000108,Eugenio-Derbez,03.jpg,Real,Yes,Yes,Yes,Yes,,,Yes,2026-08-07T19:17:41,2026-08-07T19:17:46
ID000108,Eugenio-Derbez,01.jpg,Fake,No,,Yes,Yes,No,,No,2026-08-07T19:17:48,2026-08-07T19:17:55
ID000108,Eugenio-Derbez,02.jpg,Fake,No,,Yes,Yes,Yes,,No,2026-08-07T19:17:55,2026-08-07T19:18:06
ID000108,Eugenio-Derbez,03.jpg,Fake,Yes,,Yes,Yes,Yes,,Yes,2026-08-07T19:18:06,2026-08-07T19:18:14
ID000108,Eugenio-Derbez,04.png,Fake,Yes,,Yes,Yes,Yes,,Yes,2026-08-07T19:18:14,2026-08-07T19:18:22
ID000104,Emma-Mackey,01.jpg,Real,Yes,Yes,Yes,Yes,,,Yes,2026-08-07T19:18:24,2026-08-07T19:18:35
ID000104,Emma-Mackey,02.jpg,Real,Yes,Yes,Yes,Yes,,,Yes,2026-08-07T19:18:35,2026-08-07T19:18:40
ID000104,Emma-Mackey,01.jpg,Fake,No,,Yes,Yes,Yes,,No,2026-08-07T19:18:42,2026-08-07T19:18:51
ID000104,Emma-Mackey,02.jpg,Fake,Yes,,Yes,Yes,Yes,,No,2026-08-07T19:18:51,2026-08-07T19:19:03
ID000104,Emma-Mackey,03.jpg,Fake,Yes,,Yes,Yes,Yes,,No,2026-08-07T19:19:03,2026-08-07T19:19:09
ID000104,Emma-Mackey,04.jpg,Fake,Yes,,Yes,Yes,Yes,,Yes,2026-08-07T19:19:09,2026-08-07T19:19:15
ID000104,Emma-Mackey,05.jpg,Fake,Yes,,Yes,Yes,Yes,,No,2026-08-07T19:19:15,2026-08-07T19:19:21
ID000104,Emma-Mackey,06.png,Fake,Yes,,Yes,Yes,No,,No,2026-08-07T19:19:21,2026-08-07T19:19:26
ID000037,Babar-Azam,01.jpg,Real,Yes,Yes,Yes,Yes,,,Yes,2026-08-07T19:19:30,2026-08-07T19:19:35
ID000037,Babar-Azam,02.png,Real,Yes,Yes,Yes,Yes,,,Yes,2026-08-07T19:19:35,2026-08-07T19:19:39
ID000037,Babar-Azam,01.jpg,Fake,Yes,,Yes,Yes,Yes,,Yes,2026-08-07T19:19:41,2026-08-07T19:19:47
ID000037,Babar-Azam,04.png,Fake,Yes,,Yes,Yes,Yes,,Yes,2026-08-07T19:19:47,2026-08-07T19:19:53
ID000099,Elon-Musk,01.png,Real,Yes,Yes,Yes,Yes,,,Yes,2026-08-07T19:19:55,2026-08-07T19:20:01
ID000099,Elon-Musk,01.jpg,Fake,No,,Yes,Yes,Yes,,No,2026-08-07T19:20:03,2026-08-07T19:20:08
ID000099,Elon-Musk,02.png,Fake,Yes,,Yes,Yes,Yes,,Yes,2026-08-07T19:20:08,2026-08-07T19:20:14
ID000099,Elon-Musk,03.jpg,Fake,Yes,,Yes,Yes,Yes,,Yes,2026-08-07T19:20:14,2026-08-07T19:20:20
ID000099,Elon-Musk,03.png,Fake,Yes,,Yes,Yes,Yes,,Yes,2026-08-07T19:20:20,2026-08-07T19:20:25
ID000335,Shubman-Gill,01.jpg,Real,Yes,Yes,Yes,Yes,,,Yes,2026-08-07T19:20:26,2026-08-07T19:20:38
ID000335,Shubman-Gill,02.png,Real,Yes,Yes,Yes,Yes,,,Yes,2026-08-07T19:20:38,2026-08-07T19:20:42
ID000335,Shubman-Gill,03.webp,Real,Yes,Yes,Yes,Yes,,,Yes,2026-08-07T19:20:42,2026-08-07T19:20:47
ID000335,Shubman-Gill,01.jpg,Fake,No,,No,Yes,Yes,,No,2026-08-07T19:20:50,2026-08-07T19:20:59
ID000335,Shubman-Gill,1.jpg,Fake,Yes,,Yes,Yes,Yes,,Yes,2026-08-07T19:20:59,2026-08-07T19:21:05
ID000335,Shubman-Gill,2.jpg,Fake,Yes,,Yes,Yes,Yes,,Yes,2026-08-07T19:21:06,2026-08-07T19:21:11
ID000387,mr-beast,01.jpg,Real,Yes,Yes,Yes,Yes,,,Yes,2026-08-07T19:21:13,2026-08-07T19:21:19
ID000387,mr-beast,02.jpg,Real,Yes,Yes,Yes,Yes,,,Yes,2026-08-07T19:21:19,2026-08-07T19:21:24
ID000387,mr-beast,01.jpg,Fake,No,,No,Yes,Yes,,No,2026-08-07T19:21:25,2026-08-07T19:21:38
ID000387,mr-beast,02.jpg,Fake,Yes,,Yes,Yes,Yes,,Yes,2026-08-07T19:21:38,2026-08-07T19:21:45
ID000387,mr-beast,03.jpg,Fake,Yes,,Yes,Yes,No,,Yes,2026-08-07T19:21:45,2026-08-07T19:21:50
ID000387,mr-beast,05.png,Fake,Yes,,Yes,Yes,No,,Yes,2026-08-07T19:21:50,2026-08-07T19:21:57
ID000360,Vera-Farmiga,01.jpg,Real,Yes,Yes,Yes,Yes,,,Yes,2026-08-07T19:21:59,2026-08-07T19:22:06
ID000360,Vera-Farmiga,02.jpg,Real,Yes,Yes,Yes,Yes,,,Yes,2026-08-07T19:22:06,2026-08-07T19:22:12
ID000360,Vera-Farmiga,01.jpg,Fake,Yes,,Yes,Yes,Yes,,Yes,2026-08-07T19:22:14,2026-08-07T19:22:21
ID000360,Vera-Farmiga,02.jpg,Fake,Yes,,Yes,Yes,No,,Yes,2026-08-07T19:22:21,2026-08-07T19:22:27
ID000150,Inde-Navarrette,01.jpg,Real,Yes,Yes,Yes,Yes,,,Yes,2026-08-07T19:22:29,2026-08-07T19:22:35
ID000150,Inde-Navarrette,02.jpg,Real,Yes,Yes,Yes,Yes,,,Yes,2026-08-07T19:22:36,2026-08-07T19:22:43
ID000150,Inde-Navarrette,03.jpg,Real,Yes,Yes,Yes,Yes,,,Yes,2026-08-07T19:22:44,2026-08-07T19:22:48
ID000150,Inde-Navarrette,01.jpg,Fake,No,,Yes,Yes,Yes,,No,2026-08-07T19:22:51,2026-08-07T19:23:00
ID000150,Inde-Navarrette,02.png,Fake,No,,No,Yes,Yes,,No,2026-08-07T19:23:01,2026-08-07T19:23:09
ID000150,Inde-Navarrette,03.jpg,Fake,Yes,,Yes,Yes,No,,Yes,2026-08-07T19:23:09,2026-08-07T19:23:18
ID000094,Dylan-Dreyer,01.jpg,Real,Yes,Yes,Yes,Yes,,,Yes,2026-08-07T19:23:20,2026-08-07T19:23:24
ID000094,Dylan-Dreyer,01.jpg,Fake,Yes,,Yes,Yes,No,,Yes,2026-08-07T19:23:26,2026-08-07T19:23:32
ID000094,Dylan-Dreyer,images (1).jpg,Fake,Yes,,Yes,Yes,No,,Yes,2026-08-07T19:23:32,2026-08-07T19:23:37
ID000094,Dylan-Dreyer,images.jpg,Fake,Yes,,Yes,Yes,No,,Yes,2026-08-07T19:23:37,2026-08-07T19:23:42
ID000106,Eric-Bana,01.jpg,Real,Yes,Yes,Yes,Yes,,,Yes,2026-08-07T19:23:44,2026-08-07T19:23:50
ID000106,Eric-Bana,02.jpg,Real,Yes,Yes,Yes,Yes,,,Yes,2026-08-07T19:23:50,2026-08-07T19:23:55
ID000106,Eric-Bana,01.jpg,Fake,Yes,,Yes,Yes,Yes,,No,2026-08-07T19:23:56,2026-08-07T19:24:01
ID000106,Eric-Bana,02.png,Fake,Yes,,Yes,Yes,Yes,,No,2026-08-07T19:24:01,2026-08-07T19:24:07
ID000106,Eric-Bana,03.png,Fake,Yes,,Yes,Yes,Yes,,No,2026-08-07T19:24:08,2026-08-07T19:24:15
ID000106,Eric-Bana,04.png,Fake,Yes,,Yes,Yes,Yes,,Yes,2026-08-07T19:24:15,2026-08-07T19:24:20
ID000010,Alec-Baldwin,01.jpg,Real,Yes,Yes,Yes,Yes,,,Yes,2026-08-07T19:24:23,2026-08-07T19:24:28
ID000010,Alec-Baldwin,02.jpg,Real,Yes,Yes,Yes,Yes,,,Yes,2026-08-07T19:24:28,2026-08-07T19:24:34
ID000010,Alec-Baldwin,03.jpg,Real,Yes,Yes,Yes,Yes,,,Yes,2026-08-07T19:24:34,2026-08-07T19:24:39
ID000010,Alec-Baldwin,01.jpg,Fake,Yes,,Yes,Yes,No,,Yes,2026-08-07T19:24:41,2026-08-07T19:24:49
ID000010,Alec-Baldwin,02.jpg,Fake,Yes,,Yes,Yes,Yes,,Yes,2026-08-07T19:24:49,2026-08-07T19:24:53
ID000346,Taeyeon,01.jpg,Real,Yes,Yes,Yes,Yes,,,Yes,2026-08-07T19:24:56,2026-08-07T19:25:01
ID000346,Taeyeon,01.jpg,Fake,Yes,,Yes,Yes,Yes,,No,2026-08-07T19:25:03,2026-08-07T19:25:08
ID000346,Taeyeon,02.jpg,Fake,Yes,,Yes,Yes,Yes,,No,2026-08-07T19:25:08,2026-08-07T19:25:16
ID000346,Taeyeon,03.jpg,Fake,Yes,,Yes,Yes,No,,No,2026-08-07T19:25:16,2026-08-07T19:25:22
ID000346,Taeyeon,04.jpg,Fake,Yes,,Yes,Yes,No,,Yes,2026-08-07T19:25:22,2026-08-07T19:25:27
ID000346,Taeyeon,05.jpg,Fake,Yes,,Yes,Yes,Yes,,No,2026-08-07T19:25:27,2026-08-07T19:25:32
ID000346,Taeyeon,06.png,Fake,Yes,,Yes,Yes,No,,No,2026-08-07T19:25:32,2026-08-07T19:25:39
ID000313,Ronaldo-Nazario,01.jpg,Real,Yes,Yes,Yes,Yes,,,Yes,2026-08-07T20:15:36,2026-08-07T20:15:49
ID000313,Ronaldo-Nazario,02.jpg,Real,Yes,Yes,Yes,Yes,,,Yes,2026-08-07T20:15:49,2026-08-07T20:15:56
ID000313,Ronaldo-Nazario,03.jpg,Real,Yes,Yes,Yes,Yes,,,Yes,2026-08-07T20:15:56,2026-08-07T20:16:02
ID000313,Ronaldo-Nazario,01.jpg,Fake,No,,Yes,Yes,Yes,,No,2026-08-07T20:16:03,2026-08-07T20:16:14
ID000313,Ronaldo-Nazario,02.jpg,Fake,No,,Yes,Yes,Yes,,No,2026-08-07T20:16:15,2026-08-07T20:16:21
ID000313,Ronaldo-Nazario,03.jpg,Fake,No,,Yes,Yes,Yes,,No,2026-08-07T20:16:21,2026-08-07T20:16:28
ID000313,Ronaldo-Nazario,05.png,Fake,Yes,,Yes,Yes,Yes,,Yes,2026-08-07T20:16:28,2026-08-07T20:16:36
ID000181,Jodie-Foster,01.jpg,Real,Yes,Yes,Yes,Yes,,,Yes,2026-08-07T20:16:37,2026-08-07T20:16:43
ID000181,Jodie-Foster,01.jpg,Fake,No,,Yes,Yes,Yes,,No,2026-08-07T20:16:45,2026-08-07T20:16:53
ID000181,Jodie-Foster,02.jpg,Fake,Yes,,Yes,Yes,No,,No,2026-08-07T20:16:53,2026-08-07T20:17:02
ID000181,Jodie-Foster,03.jpg,Fake,Yes,,Yes,Yes,Yes,,No,2026-08-07T20:17:02,2026-08-07T20:17:08
ID000181,Jodie-Foster,04.jpg,Fake,Yes,,Yes,Yes,Yes,,No,2026-08-07T20:17:09,2026-08-07T20:17:15
ID000181,Jodie-Foster,05.jpg,Fake,Yes,,Yes,Yes,No,,Yes,2026-08-07T20:17:15,2026-08-07T20:17:23
ID000181,Jodie-Foster,06.jpg,Fake,No,,Yes,Yes,No,,No,2026-08-07T20:17:23,2026-08-07T20:17:31
ID000339,Sophie-Devine,01.jpg,Real,Yes,Yes,Yes,Yes,,,Yes,2026-08-07T20:17:35,2026-08-07T20:17:42
ID000339,Sophie-Devine,02.png,Real,Yes,Yes,Yes,Yes,,,Yes,2026-08-07T20:17:42,2026-08-07T20:17:47
ID000339,Sophie-Devine,01.jpg,Fake,No,,Yes,Yes,Yes,,No,2026-08-07T20:17:49,2026-08-07T20:17:58
ID000339,Sophie-Devine,02.jpg,Fake,No,,Yes,Yes,Yes,,No,2026-08-07T20:17:58,2026-08-07T20:19:42
ID000299,Reese-Witherspoon,01.jpg,Real,Yes,Yes,Yes,Yes,,,Yes,2026-08-07T20:19:43,2026-08-07T20:19:51
ID000299,Reese-Witherspoon,01.jpg,Fake,Yes,,Yes,Yes,Yes,,Yes,2026-08-07T20:19:53,2026-08-07T20:19:59
ID000299,Reese-Witherspoon,03.jpg,Fake,Yes,,Yes,Yes,Yes,,Yes,2026-08-07T20:19:59,2026-08-07T20:20:04
ID000299,Reese-Witherspoon,04.png,Fake,Yes,,Yes,Yes,No,,Yes,2026-08-07T20:20:04,2026-08-07T20:20:15
ID000292,Paul-Rudd,01.jpg,Real,Yes,Yes,Yes,Yes,,,Yes,2026-08-07T20:20:17,2026-08-07T20:20:23
ID000292,Paul-Rudd,01.jpg,Fake,Yes,,Yes,Yes,Yes,,Yes,2026-08-07T20:20:25,2026-08-07T20:20:30
ID000292,Paul-Rudd,02.jpg,Fake,No,,No,No,Yes,,No,2026-08-07T20:20:31,2026-08-07T20:22:59
ID000292,Paul-Rudd,03.jpg,Fake,Yes,,Yes,Yes,Yes,,Yes,2026-08-07T20:22:59,2026-08-07T20:23:05
ID000292,Paul-Rudd,04.jpg,Fake,Yes,,Yes,Yes,Yes,,Yes,2026-08-07T20:23:05,2026-08-07T20:23:10
ID000292,Paul-Rudd,05.jpg,Fake,No,,Yes,Yes,No,,No,2026-08-07T20:23:11,2026-08-07T20:23:27
ID000349,Thomas-Jeffrey-Hanks,01.jpg,Real,Yes,Yes,Yes,Yes,,,Yes,2026-08-07T20:23:30,2026-08-07T20:23:35
ID000349,Thomas-Jeffrey-Hanks,02.jpg,Real,Yes,Yes,Yes,Yes,,,Yes,2026-08-07T20:23:35,2026-08-07T20:24:54
ID000349,Thomas-Jeffrey-Hanks,01.webp,Fake,Yes,,No,Yes,No,,No,2026-08-07T20:24:56,2026-08-07T20:26:06
ID000349,Thomas-Jeffrey-Hanks,04.jpg,Fake,Yes,,No,Yes,No,,No,2026-08-07T20:26:07,2026-08-07T20:26:28
ID000349,Thomas-Jeffrey-Hanks,05.jpg,Fake,Yes,,Yes,Yes,No,,Yes,2026-08-07T20:26:28,2026-08-07T20:26:57
ID000349,Thomas-Jeffrey-Hanks,05.png,Fake,Yes,,Yes,Yes,No,,Yes,2026-08-07T20:26:57,2026-08-07T20:27:04
ID000188,Johnny-Depp,01.jpg,Real,Yes,Yes,Yes,Yes,,,Yes,2026-08-07T20:27:05,2026-08-07T20:27:12
ID000188,Johnny-Depp,02.jpg,Real,Yes,Yes,Yes,Yes,,,Yes,2026-08-07T20:27:12,2026-08-07T20:27:17
ID000188,Johnny-Depp,03.jpg,Real,No,Yes,Yes,Yes,,,No,2026-08-07T20:27:17,2026-08-07T20:27:26
ID000188,Johnny-Depp,01.jpg,Fake,Yes,,Yes,Yes,Yes,,Yes,2026-08-07T20:27:28,2026-08-07T20:27:34
ID000145,IU,01.jpg,Real,Yes,Yes,Yes,Yes,,,Yes,2026-08-07T20:27:36,2026-08-07T20:27:41
ID000145,IU,01.jpg,Fake,Yes,,Yes,Yes,No,,No,2026-08-07T20:27:43,2026-08-07T20:27:49
ID000145,IU,02.jpg,Fake,Yes,,Yes,Yes,Yes,,No,2026-08-07T20:27:50,2026-08-07T20:27:55
ID000145,IU,03.jpg,Fake,Yes,,Yes,Yes,Yes,,Yes,2026-08-07T20:27:56,2026-08-07T20:28:02
ID000145,IU,04.jpg,Fake,Yes,,Yes,Yes,Yes,,No,2026-08-07T20:28:02,2026-08-07T20:28:07
ID000325,Sediqullah-Atal,01.webp,Real,Yes,Yes,Yes,Yes,,,Yes,2026-08-07T20:28:11,2026-08-07T20:28:17
ID000325,Sediqullah-Atal,1.jpg,Fake,Yes,,Yes,Yes,No,,Yes,2026-08-07T20:28:25,2026-08-07T20:28:34
ID000246,Marlon-Brando,01.jpg,Real,Yes,Yes,Yes,Yes,,,Yes,2026-08-07T20:28:36,2026-08-07T20:28:43
ID000246,Marlon-Brando,02.jpg,Real,Yes,Yes,Yes,Yes,,,Yes,2026-08-07T20:28:43,2026-08-07T20:28:56
ID000246,Marlon-Brando,01.jpg,Fake,Yes,,Yes,Yes,Yes,,No,2026-08-07T20:28:58,2026-08-07T20:29:05
ID000246,Marlon-Brando,02.jpg,Fake,Yes,,Yes,Yes,Yes,,No,2026-08-07T20:29:05,2026-08-07T20:29:22
ID000246,Marlon-Brando,03.jpg,Fake,No,,Yes,Yes,No,,No,2026-08-07T20:29:22,2026-08-07T20:29:31
ID000246,Marlon-Brando,04.jpg,Fake,No,,Yes,Yes,No,,No,2026-08-07T20:29:31,2026-08-07T20:30:03
ID000246,Marlon-Brando,05.jpg,Fake,No,,Yes,Yes,Yes,,No,2026-08-07T20:30:03,2026-08-07T20:30:15
ID000246,Marlon-Brando,06.jpg,Fake,Yes,,Yes,Yes,No,,No,2026-08-07T20:30:16,2026-08-07T20:30:25
ID000246,Marlon-Brando,07.png,Fake,Yes,,Yes,Yes,Yes,,Yes,2026-08-07T20:30:25,2026-08-07T20:30:42
ID000017,Amber-Heard,01.jpg,Real,Yes,Yes,Yes,Yes,,,Yes,2026-08-07T20:30:45,2026-08-07T20:30:50
ID000017,Amber-Heard,01.jpg,Fake,Yes,,Yes,Yes,Yes,,Yes,2026-08-07T20:30:52,2026-08-07T20:31:00
ID000017,Amber-Heard,02.jpg,Fake,No,,Yes,Yes,Yes,,No,2026-08-07T20:31:00,2026-08-07T20:31:21
ID000017,Amber-Heard,03.jpg,Fake,No,,Yes,Yes,Yes,,No,2026-08-07T20:31:21,2026-08-07T20:31:27
ID000017,Amber-Heard,04.jpg,Fake,No,,Yes,Yes,No,,No,2026-08-07T20:31:28,2026-08-07T20:31:41
ID000192,Josh-Brolin,01.jpg,Real,Yes,Yes,Yes,Yes,,,Yes,2026-08-07T20:31:43,2026-08-07T20:31:50
ID000192,Josh-Brolin,01.png,Fake,No,,No,Yes,No,,No,2026-08-07T20:31:53,2026-08-07T20:32:19
ID000192,Josh-Brolin,02.jpg,Fake,Yes,,Yes,Yes,No,,Yes,2026-08-07T20:32:19,2026-08-07T20:32:26
ID000192,Josh-Brolin,03.jpg,Fake,Yes,,Yes,Yes,Yes,,Yes,2026-08-07T20:32:26,2026-08-07T20:32:33
ID000192,Josh-Brolin,04.jpg,Fake,Yes,,Yes,Yes,No,,Yes,2026-08-07T20:32:33,2026-08-07T20:43:33
ID000088,Diane-Kruger,01.jpg,Real,Yes,Yes,Yes,Yes,,,Yes,2026-08-07T20:43:36,2026-08-07T20:43:43
ID000088,Diane-Kruger,02.jpg,Real,Yes,Yes,Yes,Yes,,,Yes,2026-08-07T20:43:43,2026-08-07T20:43:48
ID000088,Diane-Kruger,01.jpg,Fake,Yes,,Yes,Yes,Yes,,No,2026-08-07T20:43:51,2026-08-07T20:43:56
ID000088,Diane-Kruger,02.jpg,Fake,Yes,,Yes,Yes,Yes,,No,2026-08-07T20:43:56,2026-08-07T20:44:50
ID000088,Diane-Kruger,03.jpg,Fake,Yes,,Yes,Yes,No,,No,2026-08-07T20:44:50,2026-08-07T20:44:57
ID000088,Diane-Kruger,04.jpg,Fake,Yes,,Yes,Yes,No,,Yes,2026-08-07T20:44:57,2026-08-07T20:45:33
ID000088,Diane-Kruger,05.jpg,Fake,Yes,,Yes,Yes,No,,No,2026-08-07T20:45:33,2026-08-07T20:45:40
ID000088,Diane-Kruger,06.jpg,Fake,Yes,,Yes,Yes,Yes,,No,2026-08-07T20:45:40,2026-08-07T20:45:47
ID000088,Diane-Kruger,07.png,Fake,Yes,,Yes,Yes,Yes,,No,2026-08-07T20:45:47,2026-08-07T20:45:51
ID000088,Diane-Kruger,08.png,Fake,Yes,,Yes,Yes,Yes,,No,2026-08-07T20:45:52,2026-08-07T20:45:57
ID000202,Kate-Winslet,01.jpg,Real,Yes,Yes,Yes,Yes,,,Yes,2026-08-07T20:46:02,2026-08-07T20:46:17
ID000202,Kate-Winslet,02.jpg,Real,Yes,Yes,Yes,Yes,,,Yes,2026-08-07T20:46:17,2026-08-07T20:46:23
ID000202,Kate-Winslet,01.jpg,Fake,Yes,,Yes,Yes,Yes,,No,2026-08-07T20:46:25,2026-08-07T20:46:34
ID000202,Kate-Winslet,02.jpg,Fake,Yes,,Yes,Yes,Yes,,No,2026-08-07T20:46:34,2026-08-07T20:46:39
ID000202,Kate-Winslet,04.jpg,Fake,Yes,,Yes,Yes,No,,No,2026-08-07T20:46:39,2026-08-07T20:46:44
ID000202,Kate-Winslet,05.jpg,Fake,Yes,,Yes,Yes,Yes,,Yes,2026-08-07T20:46:45,2026-08-07T20:46:50
ID000202,Kate-Winslet,06.png,Fake,Yes,,Yes,Yes,No,,No,2026-08-07T20:46:50,2026-08-07T20:46:55
ID000174,Jessica-Alba,01.jpg,Real,Yes,Yes,Yes,Yes,,,Yes,2026-08-07T20:46:58,2026-08-07T20:47:05
ID000174,Jessica-Alba,02.jpg,Real,Yes,Yes,Yes,Yes,,,Yes,2026-08-07T20:47:05,2026-08-07T20:47:09
ID000174,Jessica-Alba,03.jpg,Real,Yes,Yes,Yes,Yes,,,Yes,2026-08-07T20:47:09,2026-08-07T20:47:14
ID000174,Jessica-Alba,01.jpg,Fake,Yes,,Yes,Yes,Yes,,Yes,2026-08-07T20:47:16,2026-08-07T20:47:24
ID000174,Jessica-Alba,02.jpg,Fake,Yes,,Yes,Yes,Yes,,Yes,2026-08-07T20:47:24,2026-08-07T20:47:29
ID000174,Jessica-Alba,03.jpg,Fake,Yes,,Yes,Yes,No,,Yes,2026-08-07T20:47:29,2026-08-07T20:47:47
ID000367,Will-Smith,01.jpg,Real,Yes,Yes,Yes,Yes,,,Yes,2026-08-07T20:47:52,2026-08-07T20:47:59
ID000367,Will-Smith,02.jpg,Real,Yes,Yes,Yes,Yes,,,Yes,2026-08-07T20:47:59,2026-08-07T20:48:04
ID000367,Will-Smith,03.jpg,Real,Yes,Yes,Yes,Yes,,,Yes,2026-08-07T20:48:04,2026-08-07T20:48:12
ID000367,Will-Smith,01.jpg,Fake,Yes,,Yes,Yes,No,,No,2026-08-07T20:48:14,2026-08-07T20:48:23
ID000367,Will-Smith,02.jpg,Fake,Yes,,Yes,Yes,No,,No,2026-08-07T20:48:23,2026-08-07T20:48:28
ID000367,Will-Smith,03.jpg,Fake,Yes,,Yes,Yes,No,,No,2026-08-07T20:48:28,2026-08-07T20:48:35
ID000367,Will-Smith,04.jpg,Fake,Yes,,Yes,Yes,No,,Yes,2026-08-07T20:48:36,2026-08-07T20:48:41
ID000112,Fawad-Khan,01.jpg,Real,Yes,Yes,Yes,Yes,,,Yes,2026-08-07T20:48:44,2026-08-07T20:49:27
ID000112,Fawad-Khan,02.jpg,Real,Yes,Yes,Yes,Yes,,,Yes,2026-08-07T20:49:27,2026-08-07T20:49:31
ID000112,Fawad-Khan,01.jpg,Fake,Yes,,Yes,Yes,No,,Yes,2026-08-07T20:49:33,2026-08-07T20:49:39
ID000112,Fawad-Khan,02.png,Fake,Yes,,Yes,Yes,No,,Yes,2026-08-07T20:49:39,2026-08-07T20:49:45
ID000179,Jim-Sturgess,01.jpg,Real,Yes,Yes,Yes,Yes,,,Yes,2026-08-07T20:49:46,2026-08-07T21:00:53
ID000179,Jim-Sturgess,02.jpg,Real,Yes,Yes,Yes,Yes,,,Yes,2026-08-07T21:00:53,2026-08-07T21:01:00
ID000179,Jim-Sturgess,01.jpg,Fake,No,,Yes,Yes,Yes,,No,2026-08-07T21:01:01,2026-08-07T21:01:13
ID000310,Roger-Moore,01.jpg,Real,Yes,Yes,Yes,Yes,,,Yes,2026-08-08T04:51:00,2026-08-08T04:51:11
ID000310,Roger-Moore,01.jpg,Fake,Yes,,Yes,Yes,Yes,,Yes,2026-08-08T04:51:12,2026-08-08T04:51:20
ID000310,Roger-Moore,03.jpg,Fake,Yes,,Yes,Yes,Yes,,Yes,2026-08-08T04:51:20,2026-08-08T04:51:24
ID000172,Jennifer-Garner,01.jpg,Real,Yes,Yes,Yes,Yes,,,Yes,2026-08-08T04:51:26,2026-08-08T04:51:32
ID000172,Jennifer-Garner,02.jpg,Real,Yes,Yes,Yes,Yes,,,Yes,2026-08-08T04:51:32,2026-08-08T04:51:37
ID000172,Jennifer-Garner,01.jpg,Fake,Yes,,Yes,Yes,Yes,,Yes,2026-08-08T04:51:38,2026-08-08T04:51:45
ID000172,Jennifer-Garner,02.jpg,Fake,No,,Yes,Yes,No,,No,2026-08-08T04:51:45,2026-08-08T04:51:51
ID000130,Hadika-Kyani,01.jpg,Real,Yes,Yes,Yes,Yes,,,Yes,2026-08-08T04:51:53,2026-08-08T04:51:59
ID000130,Hadika-Kyani,01.png,Fake,Yes,,Yes,Yes,Yes,,Yes,2026-08-08T04:52:01,2026-08-08T04:52:07
ID000175,Jessica-Biel,01.jpg,Real,Yes,Yes,Yes,Yes,,,Yes,2026-08-08T04:52:09,2026-08-08T04:52:13
ID000175,Jessica-Biel,02.jpg,Real,Yes,Yes,Yes,Yes,,,Yes,2026-08-08T04:52:13,2026-08-08T04:52:17
ID000175,Jessica-Biel,01.jpg,Fake,Yes,,Yes,Yes,Yes,,No,2026-08-08T04:52:19,2026-08-08T04:52:24
ID000175,Jessica-Biel,02.jpg,Fake,Yes,,Yes,Yes,Yes,,No,2026-08-08T04:52:25,2026-08-08T04:52:30
ID000175,Jessica-Biel,03.jpg,Fake,Yes,,Yes,Yes,Yes,,Yes,2026-08-08T04:52:30,2026-08-08T04:52:34
ID000175,Jessica-Biel,05.jpg,Fake,Yes,,Yes,Yes,Yes,,No,2026-08-08T04:52:34,2026-08-08T04:52:39
ID000175,Jessica-Biel,07.jpg,Fake,Yes,,Yes,Yes,Yes,,No,2026-08-08T04:52:39,2026-08-08T04:52:43
ID000175,Jessica-Biel,08.jpg,Fake,Yes,,Yes,Yes,No,,No,2026-08-08T04:52:43,2026-08-08T04:52:48
ID000206,Keanu-Reeves,01.jpg,Real,Yes,Yes,Yes,Yes,,,Yes,2026-08-08T04:52:52,2026-08-08T04:52:58
ID000206,Keanu-Reeves,02.jpg,Real,Yes,Yes,Yes,Yes,,,Yes,2026-08-08T04:52:58,2026-08-08T04:53:03
ID000206,Keanu-Reeves,01.jpg,Fake,Yes,,Yes,Yes,No,,Yes,2026-08-08T04:53:05,2026-08-08T04:53:13
ID000206,Keanu-Reeves,02.png,Fake,Yes,,Yes,Yes,No,,Yes,2026-08-08T04:53:13,2026-08-08T04:53:38
ID000263,Michelle-Yeoh,01.jpg,Real,Yes,Yes,Yes,Yes,,,Yes,2026-08-08T04:53:38,2026-08-08T04:53:45
ID000263,Michelle-Yeoh,01.jpg,Fake,Yes,,Yes,Yes,Yes,,Yes,2026-08-08T04:53:46,2026-08-08T04:53:52
ID000263,Michelle-Yeoh,02.jpg,Fake,Yes,,Yes,Yes,Yes,,Yes,2026-08-08T04:53:52,2026-08-08T04:54:00
ID000113,Faye-Dunaway,01.jpg,Real,Yes,Yes,Yes,Yes,,,Yes,2026-08-08T04:54:02,2026-08-08T04:54:07
ID000113,Faye-Dunaway,03.jpg,Fake,Yes,,Yes,Yes,Yes,,Yes,2026-08-08T04:54:09,2026-08-08T04:54:25
ID000113,Faye-Dunaway,04.jpg,Fake,Yes,,Yes,Yes,Yes,,Yes,2026-08-08T04:54:26,2026-08-08T04:54:32
ID000044,Benicio-del-Toro,01.jpg,Real,Yes,Yes,Yes,Yes,,,Yes,2026-08-08T04:54:34,2026-08-08T04:54:40
ID000044,Benicio-del-Toro,02.jpg,Real,Yes,Yes,Yes,Yes,,,Yes,2026-08-08T04:54:40,2026-08-08T04:54:44
ID000044,Benicio-del-Toro,03.jpg,Real,Yes,Yes,Yes,Yes,,,Yes,2026-08-08T04:54:44,2026-08-08T04:54:49
ID000044,Benicio-del-Toro,02.jpg,Fake,Yes,,Yes,Yes,Yes,,Yes,2026-08-08T04:54:50,2026-08-08T04:54:54
ID000044,Benicio-del-Toro,03.jpg,Fake,Yes,,Yes,Yes,Yes,,Yes,2026-08-08T04:54:54,2026-08-08T04:54:59
ID000044,Benicio-del-Toro,04.jpg,Fake,Yes,,Yes,Yes,Yes,,Yes,2026-08-08T04:59:59,2026-08-08T05:00:09
ID000116,G-Dragon,01.jpg,Real,Yes,Yes,Yes,Yes,,,Yes,2026-08-08T05:03:10,2026-08-08T05:03:16
ID000116,G-Dragon,02.jpg,Real,Yes,Yes,Yes,Yes,,,Yes,2026-08-08T05:03:16,2026-08-08T05:03:21
ID000116,G-Dragon,03.jpg,Real,Yes,Yes,Yes,Yes,,,Yes,2026-08-08T05:03:21,2026-08-08T05:03:26
ID000116,G-Dragon,01.jpg,Fake,Yes,,Yes,Yes,Yes,,Yes,2026-08-08T05:03:27,2026-08-08T05:03:32
ID000116,G-Dragon,02.png,Fake,Yes,,Yes,Yes,Yes,,Yes,2026-08-08T05:03:32,2026-08-08T05:03:37
ID000046,Benson-Boone,01.png,Real,Yes,Yes,Yes,Yes,,,Yes,2026-08-08T05:03:38,2026-08-08T05:03:43
ID000046,Benson-Boone,02.jpg,Real,Yes,Yes,Yes,Yes,,,Yes,2026-08-08T05:03:43,2026-08-08T05:03:48
ID000046,Benson-Boone,01.jpg,Fake,Yes,,Yes,Yes,Yes,,Yes,2026-08-08T05:03:49,2026-08-08T05:03:54
ID000046,Benson-Boone,02.jpg,Fake,No,,No,Yes,No,,No,2026-08-08T05:03:54,2026-08-08T05:04:02
ID000046,Benson-Boone,03.jpg,Fake,No,,Yes,Yes,No,,No,2026-08-08T05:04:02,2026-08-08T05:04:10
ID000046,Benson-Boone,04.png,Fake,Yes,,Yes,Yes,No,,Yes,2026-08-08T05:04:10,2026-08-08T05:04:16
ID000295,Phil-Salt,01.webp,Real,Yes,Yes,Yes,Yes,,,Yes,2026-08-08T05:04:17,2026-08-08T05:04:22
ID000295,Phil-Salt,1.jpg,Fake,Yes,,Yes,Yes,Yes,,Yes,2026-08-08T05:04:24,2026-08-08T05:04:29
ID000396,virat-kohli,01.jpg,Real,Yes,Yes,Yes,Yes,,,Yes,2026-08-08T05:04:31,2026-08-08T05:04:38
ID000396,virat-kohli,02.webp,Real,Yes,Yes,Yes,Yes,,,Yes,2026-08-08T05:04:38,2026-08-08T05:04:43
ID000396,virat-kohli,01.jpg,Fake,Yes,,Yes,Yes,Yes,,Yes,2026-08-08T05:04:45,2026-08-08T05:04:50
ID000396,virat-kohli,02.png,Fake,Yes,,Yes,Yes,No,,Yes,2026-08-08T05:04:50,2026-08-08T05:04:56
ID000396,virat-kohli,04.jpg,Fake,Yes,,Yes,Yes,No,,Yes,2026-08-08T05:04:56,2026-08-08T05:05:01
ID000083,David-Arquette,01.jpg,Real,Yes,Yes,Yes,Yes,,,Yes,2026-08-08T05:05:01,2026-08-08T05:05:11
ID000083,David-Arquette,01.jpg,Fake,Yes,,Yes,Yes,Yes,,Yes,2026-08-08T05:05:12,2026-08-08T05:05:20
ID000083,David-Arquette,02.jpg,Fake,No,,Yes,Yes,Yes,,No,2026-08-08T05:05:20,2026-08-08T05:05:26
ID000083,David-Arquette,03.jpg,Fake,No,,Yes,Yes,Yes,,No,2026-08-08T05:05:26,2026-08-08T05:05:34
ID000395,tom-holland,01.jpg,Real,Yes,Yes,Yes,Yes,,,Yes,2026-08-08T05:05:36,2026-08-08T05:05:45
ID000395,tom-holland,02.jpg,Real,Yes,Yes,Yes,Yes,,,Yes,2026-08-08T05:05:45,2026-08-08T05:05:53
ID000395,tom-holland,03.jpg,Real,Yes,Yes,Yes,Yes,,,Yes,2026-08-08T05:05:53,2026-08-08T05:05:58
ID000395,tom-holland,01.jpg,Fake,Yes,,Yes,Yes,Yes,,No,2026-08-08T05:06:00,2026-08-08T05:06:06
ID000395,tom-holland,02.jpg,Fake,Yes,,Yes,Yes,Yes,,No,2026-08-08T05:06:06,2026-08-08T05:06:15
ID000395,tom-holland,03.png,Fake,Yes,,Yes,Yes,Yes,,No,2026-08-08T05:06:15,2026-08-08T05:06:21
ID000395,tom-holland,04.jpg,Fake,Yes,,Yes,Yes,Yes,,Yes,2026-08-08T05:06:22,2026-08-08T05:06:27
ID000395,tom-holland,05.jpg,Fake,Yes,,No,Yes,No,,No,2026-08-08T05:06:27,2026-08-08T05:06:35
ID000225,LeBron-James,01.jpg,Real,Yes,Yes,Yes,Yes,,,Yes,2026-08-08T05:06:38,2026-08-08T05:06:46
ID000225,LeBron-James,02.png,Real,Yes,Yes,Yes,Yes,,,Yes,2026-08-08T05:06:46,2026-08-08T05:06:52
ID000225,LeBron-James,03.jpg,Real,Yes,Yes,Yes,Yes,,,Yes,2026-08-08T05:06:52,2026-08-08T05:06:59
ID000225,LeBron-James,01.jpg,Fake,No,,Yes,No,Yes,,No,2026-08-08T05:07:01,2026-08-08T05:07:12
ID000225,LeBron-James,02.jpg,Fake,No,,No,No,Yes,,No,2026-08-08T05:07:12,2026-08-08T05:07:21
ID000225,LeBron-James,06.png,Fake,Yes,,Yes,Yes,No,,Yes,2026-08-08T05:07:22,2026-08-08T05:07:29
ID000279,Nicholas-Galitzine,01.jpg,Real,Yes,Yes,Yes,Yes,,,Yes,2026-08-08T05:07:30,2026-08-08T05:07:54
ID000279,Nicholas-Galitzine,02.jpg,Real,Yes,Yes,Yes,Yes,,,Yes,2026-08-08T05:07:55,2026-08-08T05:08:00
ID000279,Nicholas-Galitzine,03.jpg,Real,Yes,Yes,Yes,Yes,,,Yes,2026-08-08T05:08:00,2026-08-08T05:08:05
ID000279,Nicholas-Galitzine,01.jpg,Fake,Yes,,Yes,Yes,Yes,,Yes,2026-08-08T05:08:07,2026-08-08T05:08:13
ID000279,Nicholas-Galitzine,02.jpg,Fake,Yes,,Yes,Yes,Yes,,Yes,2026-08-08T05:08:13,2026-08-08T05:08:18
ID000135,Hardik-Panday,01.jpg,Real,Yes,Yes,Yes,Yes,,,Yes,2026-08-08T05:08:19,2026-08-08T05:08:24
ID000135,Hardik-Panday,1.png,Fake,Yes,,Yes,Yes,No,,Yes,2026-08-08T05:08:25,2026-08-08T05:08:31
ID000135,Hardik-Panday,2.jpg,Fake,Yes,,No,Yes,No,,No,2026-08-08T05:08:32,2026-08-08T05:08:40
ID000124,Glenn-Close,01.jpg,Real,Yes,Yes,Yes,Yes,,,Yes,2026-08-08T05:08:42,2026-08-08T05:08:49
ID000124,Glenn-Close,02.jpg,Real,Yes,Yes,Yes,Yes,,,Yes,2026-08-08T05:08:49,2026-08-08T05:08:56
ID000124,Glenn-Close,03.jpg,Real,Yes,Yes,Yes,Yes,,,Yes,2026-08-08T05:08:56,2026-08-08T05:09:01
ID000124,Glenn-Close,01.jpg,Fake,Yes,,Yes,Yes,Yes,,No,2026-08-08T05:09:03,2026-08-08T05:09:09
ID000124,Glenn-Close,02.jpg,Fake,Yes,,Yes,Yes,Yes,,No,2026-08-08T05:09:09,2026-08-08T05:09:14
ID000124,Glenn-Close,03.jpg,Fake,Yes,,Yes,Yes,Yes,,Yes,2026-08-08T05:09:14,2026-08-08T05:09:20
ID000124,Glenn-Close,04.jpg,Fake,Yes,,Yes,Yes,Yes,,No,2026-08-08T05:09:20,2026-08-08T05:09:26
ID000124,Glenn-Close,05.png,Fake,No,,Yes,Yes,Yes,,No,2026-08-08T05:09:26,2026-08-08T05:09:33
ID000190,Jon-Stewart,01.jpg,Real,Yes,Yes,Yes,Yes,,,Yes,2026-08-08T05:09:36,2026-08-08T05:09:41
ID000190,Jon-Stewart,11.png,Fake,Yes,,Yes,Yes,No,,Yes,2026-08-08T05:09:42,2026-08-08T05:09:49
ID000016,Alix-Earle,01.png,Real,Yes,Yes,Yes,Yes,,,Yes,2026-08-08T05:09:50,2026-08-08T05:09:56
ID000016,Alix-Earle,02.jpg,Real,Yes,Yes,Yes,Yes,,,Yes,2026-08-08T05:09:56,2026-08-08T05:10:02
ID000016,Alix-Earle,02.png,Fake,Yes,,Yes,Yes,Yes,,Yes,2026-08-08T05:10:04,2026-08-08T05:10:09
ID000016,Alix-Earle,03.jpg,Fake,Yes,,Yes,Yes,Yes,,Yes,2026-08-08T05:10:09,2026-08-08T05:10:15
ID000096,Elizabeth-Banks,01.jpg,Real,Yes,Yes,Yes,Yes,,,Yes,2026-08-08T05:10:18,2026-08-08T05:10:23
ID000096,Elizabeth-Banks,02.jpg,Real,Yes,Yes,Yes,Yes,,,Yes,2026-08-08T05:10:23,2026-08-08T05:10:29
ID000096,Elizabeth-Banks,01.jpg,Fake,No,,Yes,Yes,Yes,,No,2026-08-08T05:10:30,2026-08-08T05:10:36
ID000096,Elizabeth-Banks,02.jpg,Fake,Yes,,Yes,Yes,Yes,,Yes,2026-08-08T05:10:36,2026-08-08T05:10:44
ID000096,Elizabeth-Banks,03.jpg,Fake,Yes,,Yes,Yes,No,,Yes,2026-08-08T05:10:44,2026-08-08T05:10:50
ID000096,Elizabeth-Banks,04.jpg,Fake,No,,Yes,Yes,No,,No,2026-08-08T05:10:51,2026-08-08T05:10:58
ID000273,Nancy-Pelosi,01.jpg,Real,Yes,Yes,Yes,Yes,,,Yes,2026-08-08T05:11:00,2026-08-08T05:11:05
ID000273,Nancy-Pelosi,02.jpg,Real,Yes,Yes,Yes,Yes,,,Yes,2026-08-08T05:11:05,2026-08-08T05:11:11
ID000273,Nancy-Pelosi,03.jpg,Real,Yes,Yes,Yes,Yes,,,Yes,2026-08-08T05:11:11,2026-08-08T05:11:19
ID000273,Nancy-Pelosi,01.jpg,Fake,Yes,,Yes,Yes,Yes,,Yes,2026-08-08T05:11:21,2026-08-08T05:11:27
ID000273,Nancy-Pelosi,02.jpg,Fake,Yes,,Yes,Yes,Yes,,Yes,2026-08-08T05:11:27,2026-08-08T05:11:33
ID000273,Nancy-Pelosi,03.jpg,Fake,Yes,,Yes,Yes,No,,Yes,2026-08-08T05:11:33,2026-08-08T05:11:42
ID000273,Nancy-Pelosi,04.png,Fake,Yes,,No,Yes,No,,No,2026-08-08T05:11:43,2026-08-08T05:11:48
ID000028,Antonio-Banderas,01.jpg,Real,No,Yes,Yes,Yes,,,No,2026-08-08T05:11:50,2026-08-08T05:12:02
ID000028,Antonio-Banderas,02.jpg,Real,No,Yes,Yes,Yes,,,No,2026-08-08T05:12:02,2026-08-08T05:12:09
ID000028,Antonio-Banderas,01.jpg,Fake,No,,Yes,Yes,Yes,,No,2026-08-08T05:12:11,2026-08-08T05:12:20
ID000028,Antonio-Banderas,02.jpg,Fake,No,,Yes,Yes,Yes,,No,2026-08-08T05:12:20,2026-08-08T05:12:33
ID000028,Antonio-Banderas,03.jpg,Fake,No,,Yes,Yes,Yes,,No,2026-08-08T05:12:33,2026-08-08T05:12:43
ID000028,Antonio-Banderas,04.jpg,Fake,No,,Yes,Yes,Yes,,No,2026-08-08T05:12:43,2026-08-08T05:12:51
ID000028,Antonio-Banderas,05.png,Fake,Yes,,Yes,Yes,No,,Yes,2026-08-08T05:12:51,2026-08-08T05:12:58
ID000199,Justin-Timberlake,01.jpg,Real,Yes,Yes,Yes,Yes,,,Yes,2026-08-08T05:13:02,2026-08-08T05:13:08
ID000199,Justin-Timberlake,02.png,Real,Yes,Yes,Yes,Yes,,,Yes,2026-08-08T05:13:08,2026-08-08T05:13:16
ID000199,Justin-Timberlake,03.jpg,Real,Yes,Yes,Yes,Yes,,,Yes,2026-08-08T05:13:16,2026-08-08T05:13:24
ID000199,Justin-Timberlake,02.jpg,Fake,Yes,,Yes,Yes,Yes,,Yes,2026-08-08T05:13:25,2026-08-08T05:13:37
ID000199,Justin-Timberlake,03.jpg,Fake,Yes,,Yes,Yes,Yes,,Yes,2026-08-08T05:13:38,2026-08-08T05:13:45
ID000157,Jack-MA,1.jpg,Real,Yes,Yes,Yes,Yes,,,Yes,2026-08-08T05:13:47,2026-08-08T05:13:53
ID000157,Jack-MA,01.jpg,Fake,Yes,,Yes,Yes,Yes,,Yes,2026-08-08T05:13:54,2026-08-08T05:13:59
ID000157,Jack-MA,1.jpg,Fake,Yes,,Yes,Yes,Yes,,Yes,2026-08-08T05:13:59,2026-08-08T05:14:04
ID000311,Rohit-Paudel,01.jpg,Real,Yes,Yes,Yes,Yes,,,Yes,2026-08-08T05:14:06,2026-08-08T05:14:11
ID000311,Rohit-Paudel,02.webp,Real,Yes,Yes,Yes,Yes,,,Yes,2026-08-08T05:14:11,2026-08-08T05:14:18
ID000311,Rohit-Paudel,03.png,Real,Yes,Yes,Yes,Yes,,,Yes,2026-08-08T05:14:18,2026-08-08T05:14:23
ID000311,Rohit-Paudel,1.png,Fake,Yes,,Yes,Yes,No,,Yes,2026-08-08T05:14:25,2026-08-08T05:14:31
ID000093,Dylan-O,01.jpg,Real,Yes,Yes,Yes,Yes,,,Yes,2026-08-08T05:14:33,2026-08-08T05:14:38
ID000093,Dylan-O,01.jpg,Fake,Yes,,Yes,Yes,Yes,,Yes,2026-08-08T05:14:40,2026-08-08T05:14:47
ID000093,Dylan-O,02.jpg,Fake,Yes,,Yes,Yes,Yes,,Yes,2026-08-08T05:14:47,2026-08-08T05:14:54
ID000093,Dylan-O,03.jpg,Fake,Yes,,No,Yes,No,,No,2026-08-08T05:14:54,2026-08-08T05:15:06
ID000245,Mark-Zukerberg,01.jpg,Real,Yes,Yes,Yes,Yes,,,Yes,2026-08-08T05:15:08,2026-08-08T05:15:15
ID000245,Mark-Zukerberg,02.jpg,Real,Yes,Yes,Yes,Yes,,,Yes,2026-08-08T05:15:15,2026-08-08T05:15:23
ID000245,Mark-Zukerberg,03.jpg,Real,Yes,Yes,Yes,Yes,,,Yes,2026-08-08T05:15:23,2026-08-08T05:15:29
ID000245,Mark-Zukerberg,01.jpg,Fake,Yes,,Yes,Yes,Yes,,Yes,2026-08-08T05:15:30,2026-08-08T05:15:35
ID000245,Mark-Zukerberg,02.jpg,Fake,Yes,,Yes,Yes,Yes,,Yes,2026-08-08T05:15:35,2026-08-08T05:15:41
ID000245,Mark-Zukerberg,03.jpg,Fake,Yes,,Yes,Yes,No,,Yes,2026-08-08T05:15:41,2026-08-08T05:15:47
ID000014,Alia-Butt,01.jpg,Real,Yes,Yes,Yes,Yes,,,Yes,2026-08-08T05:15:49,2026-08-08T05:15:55
ID000014,Alia-Butt,02.jpg,Real,Yes,Yes,Yes,Yes,,,Yes,2026-08-08T05:15:55,2026-08-08T05:16:00
ID000014,Alia-Butt,03.jpg,Real,Yes,Yes,Yes,Yes,,,Yes,2026-08-08T05:16:00,2026-08-08T05:16:04
ID000014,Alia-Butt,01.jpg,Fake,Yes,,Yes,Yes,Yes,,Yes,2026-08-08T05:16:07,2026-08-08T05:16:15
ID000014,Alia-Butt,02.jpg,Fake,No,,Yes,Yes,Yes,,No,2026-08-08T05:16:15,2026-08-08T05:16:23
ID000014,Alia-Butt,03.jpg,Fake,Yes,,Yes,Yes,Yes,,Yes,2026-08-08T05:16:23,2026-08-08T05:16:34
ID000014,Alia-Butt,04.png,Fake,Yes,,Yes,Yes,Yes,,Yes,2026-08-08T05:16:34,2026-08-08T05:16:42
ID000058,Caleb-Williams,01.png,Real,Yes,Yes,Yes,Yes,,,Yes,2026-08-08T05:16:43,2026-08-08T05:16:50
ID000058,Caleb-Williams,02.jpg,Real,Yes,Yes,Yes,Yes,,,Yes,2026-08-08T05:16:51,2026-08-08T05:16:55
ID000058,Caleb-Williams,01.jpg,Fake,No,,No,Yes,No,,No,2026-08-08T05:16:57,2026-08-08T05:17:10
ID000058,Caleb-Williams,02.jpg,Fake,Yes,,Yes,Yes,No,,Yes,2026-08-08T05:17:10,2026-08-08T05:17:18
ID000058,Caleb-Williams,03.jpg,Fake,Yes,,Yes,Yes,No,,Yes,2026-08-08T05:17:18,2026-08-08T05:17:26
ID000180,Joaquin-Phoenix,01.jpg,Real,Yes,Yes,Yes,Yes,,,Yes,2026-08-08T05:17:27,2026-08-08T05:17:36
ID000180,Joaquin-Phoenix,01.jpg,Fake,No,,Yes,Yes,Yes,,No,2026-08-08T05:17:37,2026-08-08T05:17:45
ID000180,Joaquin-Phoenix,02.jpg,Fake,Yes,,Yes,Yes,No,,Yes,2026-08-08T05:17:45,2026-08-08T05:18:27
ID000180,Joaquin-Phoenix,03.jpg,Fake,No,,Yes,Yes,Yes,,No,2026-08-08T05:18:27,2026-08-08T05:18:39
ID000180,Joaquin-Phoenix,04.png,Fake,Yes,,Yes,Yes,Yes,,Yes,2026-08-08T05:18:39,2026-08-08T05:18:49
ID000180,Joaquin-Phoenix,05.jpg,Fake,Yes,,Yes,Yes,No,,Yes,2026-08-08T05:18:49,2026-08-08T05:18:56
ID000334,Shreya-GhoshalI,01.jpg,Real,Yes,Yes,Yes,Yes,,,Yes,2026-08-08T05:19:16,2026-08-08T05:19:19
ID000334,Shreya-GhoshalI,02.jpg,Real,Yes,Yes,Yes,Yes,,,Yes,2026-08-08T05:19:19,2026-08-08T05:19:32
ID000334,Shreya-GhoshalI,03.jpg,Real,Yes,Yes,Yes,Yes,,,Yes,2026-08-08T05:19:32,2026-08-08T05:19:37
ID000334,Shreya-GhoshalI,05.jpg,Fake,No,,Yes,Yes,Yes,,No,2026-08-08T05:19:39,2026-08-08T05:19:50
ID000334,Shreya-GhoshalI,05.png,Fake,Yes,,Yes,Yes,No,,Yes,2026-08-08T05:19:50,2026-08-08T05:19:57
ID000118,Gene-Hackman,01.jpg,Real,No,Yes,Yes,Yes,,,No,2026-08-08T05:19:59,2026-08-08T05:20:10
ID000118,Gene-Hackman,02.jpg,Real,No,Yes,Yes,Yes,,,No,2026-08-08T05:20:10,2026-08-08T05:20:17
ID000118,Gene-Hackman,03.jpg,Real,No,Yes,Yes,Yes,,,No,2026-08-08T05:20:17,2026-08-08T05:20:24
ID000118,Gene-Hackman,01.jpg,Fake,No,,Yes,Yes,Yes,,No,2026-08-08T05:20:25,2026-08-08T05:20:33
ID000118,Gene-Hackman,02.jpg,Fake,Yes,,Yes,Yes,Yes,,Yes,2026-08-08T05:20:33,2026-08-08T05:20:42
ID000118,Gene-Hackman,03.jpg,Fake,No,,Yes,Yes,Yes,,No,2026-08-08T05:20:42,2026-08-08T05:20:54
ID000118,Gene-Hackman,04.png,Fake,Yes,,Yes,Yes,Yes,,Yes,2026-08-08T05:20:54,2026-08-08T05:21:01
ID000118,Gene-Hackman,05.png,Fake,No,,Yes,Yes,Yes,,No,2026-08-08T05:21:01,2026-08-08T05:21:09
ID000118,Gene-Hackman,06.png,Fake,Yes,,Yes,Yes,Yes,,Yes,2026-08-08T05:21:09,2026-08-08T05:21:15
ID000219,Kurt-Russell,01.jpg,Real,Yes,Yes,Yes,Yes,,,Yes,2026-08-08T05:21:16,2026-08-08T05:21:22
ID000219,Kurt-Russell,01.jpg,Fake,Yes,,Yes,Yes,Yes,,Yes,2026-08-08T05:21:23,2026-08-08T05:21:29
ID000219,Kurt-Russell,02.jpg,Fake,No,,Yes,Yes,No,,No,2026-08-08T05:21:29,2026-08-08T05:21:40
ID000377,angela-merkel,01.jpg,Real,Yes,Yes,Yes,Yes,,,Yes,2026-08-08T05:21:41,2026-08-08T05:21:47
ID000377,angela-merkel,02.jpg,Real,Yes,Yes,Yes,Yes,,,Yes,2026-08-08T05:21:48,2026-08-08T05:21:54
ID000377,angela-merkel,01.jpg,Fake,Yes,,Yes,Yes,No,,Yes,2026-08-08T05:21:55,2026-08-08T05:22:03
ID000213,Kevin-Xu,01.png,Real,Yes,Yes,Yes,Yes,,,Yes,2026-08-08T05:22:04,2026-08-08T05:22:10
ID000213,Kevin-Xu,01.webp,Real,Yes,Yes,Yes,Yes,,,Yes,2026-08-08T05:22:10,2026-08-08T05:22:15
ID000213,Kevin-Xu,02.jpg,Real,Yes,Yes,Yes,Yes,,,Yes,2026-08-08T05:22:15,2026-08-08T05:22:21
ID000213,Kevin-Xu,01.jpg,Fake,Yes,,No,Yes,No,,No,2026-08-08T05:22:23,2026-08-08T05:22:32
ID000052,Brad-Pitt,01.jpg,Real,Yes,Yes,Yes,Yes,,,Yes,2026-08-08T05:22:33,2026-08-08T05:22:39
ID000052,Brad-Pitt,02.jpg,Real,Yes,Yes,Yes,Yes,,,Yes,2026-08-08T05:22:39,2026-08-08T05:22:46
ID000052,Brad-Pitt,03.jpg,Real,Yes,Yes,Yes,Yes,,,Yes,2026-08-08T05:22:46,2026-08-08T05:22:52
ID000052,Brad-Pitt,01.jpg,Fake,Yes,,Yes,Yes,Yes,,Yes,2026-08-08T05:22:54,2026-08-08T05:23:00
ID000052,Brad-Pitt,02.jpg,Fake,Yes,,Yes,Yes,Yes,,Yes,2026-08-08T05:23:00,2026-08-08T05:23:05
ID000052,Brad-Pitt,03.jpg,Fake,No,,No,Yes,No,,No,2026-08-08T05:23:15,2026-08-08T05:23:27
ID000052,Brad-Pitt,04.jpg,Fake,Yes,,Yes,No,Yes,,No,2026-08-08T05:23:27,2026-08-08T05:23:35
ID000136,Harry-Kane,01.jpg,Real,Yes,Yes,Yes,Yes,,,Yes,2026-08-08T05:23:36,2026-08-08T05:23:43
ID000136,Harry-Kane,01.jpg,Fake,Yes,,Yes,Yes,Yes,,Yes,2026-08-08T05:23:44,2026-08-08T05:23:53
ID000136,Harry-Kane,03.png,Fake,Yes,,Yes,Yes,No,,Yes,2026-08-08T05:23:53,2026-08-08T05:24:00
ID000136,Harry-Kane,04.png,Fake,No,,No,Yes,No,,No,2026-08-08T05:24:00,2026-08-08T05:24:09
ID000327,Selena-Gomez,01.jpg,Real,Yes,Yes,Yes,Yes,,,Yes,2026-08-08T05:24:11,2026-08-08T05:24:18
ID000327,Selena-Gomez,02.jpg,Real,Yes,Yes,Yes,Yes,,,Yes,2026-08-08T05:24:18,2026-08-08T05:24:24
ID000327,Selena-Gomez,03.jpg,Real,Yes,Yes,Yes,Yes,,,Yes,2026-08-08T05:24:24,2026-08-08T05:24:28
ID000327,Selena-Gomez,01.png,Fake,Yes,,Yes,Yes,Yes,,Yes,2026-08-08T05:24:30,2026-08-08T05:24:38
ID000327,Selena-Gomez,04.jpg,Fake,Yes,,Yes,Yes,Yes,,Yes,2026-08-08T05:24:38,2026-08-08T05:24:44
ID000327,Selena-Gomez,05.jpg,Fake,Yes,,Yes,Yes,Yes,,Yes,2026-08-08T05:24:44,2026-08-08T05:24:49
ID000018,Ana-de-Armas,01.jpg,Real,Yes,Yes,Yes,Yes,,,Yes,2026-08-08T05:24:51,2026-08-08T05:24:57
ID000018,Ana-de-Armas,02.jpg,Real,Yes,Yes,Yes,Yes,,,Yes,2026-08-08T05:24:57,2026-08-08T05:25:03
ID000018,Ana-de-Armas,01.jpg,Fake,No,,Yes,Yes,Yes,,No,2026-08-08T05:25:04,2026-08-08T05:25:14
ID000018,Ana-de-Armas,02.jpg,Fake,Yes,,Yes,Yes,Yes,,No,2026-08-08T05:25:14,2026-08-08T05:25:20
ID000018,Ana-de-Armas,03.jpg,Fake,Yes,,Yes,Yes,Yes,,No,2026-08-08T05:25:20,2026-08-08T05:25:26
ID000018,Ana-de-Armas,04.jpg,Fake,Yes,,Yes,Yes,Yes,,Yes,2026-08-08T05:25:26,2026-08-08T05:25:32
ID000018,Ana-de-Armas,06.jpg,Fake,Yes,,Yes,Yes,Yes,,No,2026-08-08T05:25:32,2026-08-08T05:25:40
ID000018,Ana-de-Armas,07.png,Fake,Yes,,Yes,Yes,Yes,,No,2026-08-08T05:25:40,2026-08-08T05:25:46
ID000198,Jungkook,01.png,Real,Yes,Yes,Yes,Yes,,,Yes,2026-08-08T05:25:49,2026-08-08T05:25:55
ID000198,Jungkook,02.jpg,Real,Yes,Yes,Yes,Yes,,,Yes,2026-08-08T05:25:55,2026-08-08T05:26:02
ID000198,Jungkook,01.jpg,Fake,Yes,,Yes,Yes,Yes,,Yes,2026-08-08T05:26:04,2026-08-08T05:26:11
ID000198,Jungkook,02.jpg,Fake,Yes,,No,Yes,Yes,,No,2026-08-08T05:26:11,2026-08-08T05:26:18
ID000198,Jungkook,03.jpg,Fake,Yes,,No,Yes,Yes,,No,2026-08-08T05:26:18,2026-08-08T05:26:24
ID000198,Jungkook,04.png,Fake,Yes,,Yes,Yes,No,,Yes,2026-08-08T05:26:25,2026-08-08T05:26:31
ID000167,Jeff-Bridges,01.jpg,Real,Yes,Yes,Yes,Yes,,,Yes,2026-08-08T05:26:32,2026-08-08T05:26:38
ID000167,Jeff-Bridges,02.jpg,Real,Yes,Yes,Yes,Yes,,,Yes,2026-08-08T05:26:38,2026-08-08T05:26:43
ID000167,Jeff-Bridges,01.webp,Fake,Yes,,Yes,Yes,Yes,,Yes,2026-08-08T05:26:45,2026-08-08T05:26:50
ID000167,Jeff-Bridges,02.jpg,Fake,Yes,,Yes,Yes,Yes,,Yes,2026-08-08T05:26:50,2026-08-08T05:26:56
ID000167,Jeff-Bridges,03.jpg,Fake,Yes,,Yes,Yes,No,,Yes,2026-08-08T05:26:56,2026-08-08T05:27:03
ID000207,Keira-Knightley,01.jpg,Real,Yes,Yes,Yes,Yes,,,Yes,2026-08-08T05:31:01,2026-08-08T05:31:11
ID000207,Keira-Knightley,02.jpg,Real,Yes,Yes,Yes,Yes,,,Yes,2026-08-08T05:31:12,2026-08-08T05:31:16
ID000207,Keira-Knightley,03.png,Real,Yes,Yes,Yes,Yes,,,Yes,2026-08-08T05:31:16,2026-08-08T05:31:22
ID000207,Keira-Knightley,01.jpg,Fake,Yes,,Yes,Yes,Yes,,No,2026-08-08T05:31:24,2026-08-08T05:31:30
ID000207,Keira-Knightley,02.jpg,Fake,Yes,,Yes,Yes,Yes,,No,2026-08-08T05:31:30,2026-08-08T05:31:35
ID000207,Keira-Knightley,03.jpg,Fake,Yes,,Yes,Yes,Yes,,Yes,2026-08-08T05:31:35,2026-08-08T05:31:42
ID000207,Keira-Knightley,04.jpg,Fake,Yes,,Yes,Yes,Yes,,No,2026-08-08T05:31:42,2026-08-08T05:31:47
ID000207,Keira-Knightley,05.jpg,Fake,Yes,,Yes,Yes,Yes,,No,2026-08-08T05:31:47,2026-08-08T05:31:54
ID000207,Keira-Knightley,06.jpg,Fake,Yes,,Yes,Yes,Yes,,No,2026-08-08T05:31:54,2026-08-08T05:32:00
ID000260,Michael-Jackson,01.jpg,Real,Yes,Yes,Yes,Yes,,,Yes,2026-08-08T05:32:03,2026-08-08T05:32:10
ID000260,Michael-Jackson,02.png,Real,Yes,Yes,Yes,Yes,,,Yes,2026-08-08T05:32:10,2026-08-08T05:32:15
ID000260,Michael-Jackson,01.jpg,Fake,Yes,,Yes,Yes,Yes,,No,2026-08-08T05:32:17,2026-08-08T05:32:22
ID000260,Michael-Jackson,02.jpg,Fake,Yes,,Yes,Yes,Yes,,No,2026-08-08T05:32:22,2026-08-08T05:32:26
ID000260,Michael-Jackson,03.jpg,Fake,No,,Yes,Yes,Yes,,No,2026-08-08T05:32:26,2026-08-08T05:32:33
ID000260,Michael-Jackson,04.png,Fake,Yes,,Yes,Yes,No,,No,2026-08-08T05:32:33,2026-08-08T05:32:39
ID000260,Michael-Jackson,05.jpg,Fake,Yes,,Yes,Yes,Yes,,Yes,2026-08-08T05:32:39,2026-08-08T05:32:43
ID000051,Bob-Dylan,01.jpg,Real,Yes,Yes,Yes,Yes,,,Yes,2026-08-08T05:32:47,2026-08-08T05:32:53
ID000051,Bob-Dylan,02.png,Real,Yes,Yes,Yes,Yes,,,Yes,2026-08-08T05:32:53,2026-08-08T05:32:58
ID000051,Bob-Dylan,01.jpg,Fake,Yes,,Yes,Yes,Yes,,No,2026-08-08T05:32:59,2026-08-08T05:33:04
ID000051,Bob-Dylan,02.jpg,Fake,Yes,,Yes,Yes,Yes,,No,2026-08-08T05:33:05,2026-08-08T05:33:39
ID000051,Bob-Dylan,03.jpg,Fake,Yes,,Yes,Yes,Yes,,No,2026-08-08T05:33:39,2026-08-08T05:33:46
ID000051,Bob-Dylan,04.jpg,Fake,Yes,,Yes,Yes,Yes,,Yes,2026-08-08T05:33:46,2026-08-08T05:33:51
ID000098,Ellyse-Perry,01.jpg,Real,Yes,Yes,Yes,Yes,,,Yes,2026-08-08T05:33:54,2026-08-08T05:34:01
ID000098,Ellyse-Perry,02.jpg,Real,Yes,Yes,Yes,Yes,,,Yes,2026-08-08T05:34:01,2026-08-08T05:34:07
ID000098,Ellyse-Perry,1.jpg,Fake,Yes,,No,Yes,No,,No,2026-08-08T05:34:09,2026-08-08T05:34:14
ID000098,Ellyse-Perry,2.jpg,Fake,Yes,,Yes,Yes,No,,Yes,2026-08-08T05:34:15,2026-08-08T05:34:21
ID000098,Ellyse-Perry,3.jpg,Fake,Yes,,No,Yes,No,,No,2026-08-08T05:34:21,2026-08-08T05:34:28
ID000040,Ben-Affleck,01.jpg,Real,Yes,Yes,Yes,Yes,,,Yes,2026-08-08T05:34:30,2026-08-08T05:34:35
ID000040,Ben-Affleck,01.jpg,Fake,Yes,,Yes,Yes,Yes,,No,2026-08-08T05:34:36,2026-08-08T05:34:41
ID000040,Ben-Affleck,02.jpg,Fake,Yes,,Yes,Yes,Yes,,No,2026-08-08T05:34:41,2026-08-08T05:34:47
ID000040,Ben-Affleck,03.jpg,Fake,Yes,,Yes,Yes,Yes,,Yes,2026-08-08T05:34:47,2026-08-08T05:34:53
ID000040,Ben-Affleck,04.jpg,Fake,Yes,,Yes,Yes,No,,No,2026-08-08T05:34:53,2026-08-08T05:34:59
ID000040,Ben-Affleck,05.jpg,Fake,Yes,,Yes,Yes,Yes,,No,2026-08-08T05:34:59,2026-08-08T05:35:04
ID000331,Sharlto-Copley,01.jpg,Real,Yes,Yes,Yes,Yes,,,Yes,2026-08-08T05:35:08,2026-08-08T05:35:15
ID000331,Sharlto-Copley,02.jpg,Real,Yes,Yes,Yes,Yes,,,Yes,2026-08-08T05:35:15,2026-08-08T05:35:20
ID000331,Sharlto-Copley,03.jpg,Real,Yes,Yes,Yes,Yes,,,Yes,2026-08-08T05:35:21,2026-08-08T05:35:25
ID000331,Sharlto-Copley,01.jpg,Fake,No,,Yes,Yes,Yes,,No,2026-08-08T05:35:27,2026-08-08T05:35:35
ID000331,Sharlto-Copley,02.png,Fake,No,,Yes,Yes,Yes,,No,2026-08-08T05:35:35,2026-08-08T05:35:43
ID000331,Sharlto-Copley,03.png,Fake,No,,Yes,Yes,Yes,,No,2026-08-08T05:35:43,2026-08-08T05:35:49
ID000364,Walt-Disney,01.jpg,Real,Yes,Yes,Yes,Yes,,,Yes,2026-08-08T05:35:50,2026-08-08T05:35:57
ID000364,Walt-Disney,01.png,Fake,No,,Yes,Yes,Yes,,No,2026-08-08T05:35:59,2026-08-08T05:36:09
ID000364,Walt-Disney,02.jpg,Fake,No,,Yes,Yes,No,,No,2026-08-08T05:36:09,2026-08-08T05:36:16
ID000261,Michele-Morrone,01.jpg,Real,Yes,Yes,Yes,Yes,,,Yes,2026-08-08T05:36:17,2026-08-08T05:36:22
ID000261,Michele-Morrone,02.jpg,Real,Yes,Yes,Yes,Yes,,,Yes,2026-08-08T05:36:22,2026-08-08T05:36:27
ID000261,Michele-Morrone,03.jpg,Real,Yes,Yes,Yes,Yes,,,Yes,2026-08-08T05:36:28,2026-08-08T05:36:32
ID000261,Michele-Morrone,01.jpg,Fake,Yes,,Yes,Yes,Yes,,Yes,2026-08-08T05:36:34,2026-08-08T05:36:39
ID000261,Michele-Morrone,02.jpg,Fake,No,,Yes,Yes,No,,No,2026-08-08T05:36:40,2026-08-08T05:36:47
ID000261,Michele-Morrone,03.jpg,Fake,No,,Yes,Yes,Yes,,No,2026-08-08T05:36:47,2026-08-08T05:36:56
ID000261,Michele-Morrone,04.jpg,Fake,No,,Yes,Yes,Yes,,No,2026-08-08T05:36:56,2026-08-08T05:37:01
ID000001,Aaron-Judge,01.jpg,Real,Yes,Yes,Yes,Yes,,,Yes,2026-08-08T05:37:03,2026-08-08T05:37:11
ID000001,Aaron-Judge,01.jpg,Fake,Yes,,Yes,Yes,Yes,,Yes,2026-08-08T05:37:13,2026-08-08T05:37:24
ID000001,Aaron-Judge,02.jpg,Fake,Yes,,Yes,Yes,No,,Yes,2026-08-08T05:37:24,2026-08-08T05:37:30
ID000109,Eva-Green,01.jpg,Real,Yes,Yes,Yes,Yes,,,Yes,2026-08-08T05:37:32,2026-08-08T05:37:37
ID000109,Eva-Green,01.jpg,Fake,Yes,,Yes,Yes,Yes,,Yes,2026-08-08T05:37:39,2026-08-08T05:37:44
ID000109,Eva-Green,02.jpg,Fake,Yes,,Yes,Yes,Yes,,Yes,2026-08-08T05:37:45,2026-08-08T05:37:50
ID000024,Anna-Wintour,01.jpg,Real,Yes,Yes,Yes,Yes,,,Yes,2026-08-08T05:37:52,2026-08-08T05:38:00
ID000024,Anna-Wintour,02.jpg,Real,Yes,Yes,Yes,Yes,,,Yes,2026-08-08T05:38:00,2026-08-08T05:38:04
ID000024,Anna-Wintour,01.jpg,Fake,Yes,,Yes,Yes,No,,Yes,2026-08-08T05:38:06,2026-08-08T05:38:15
ID000024,Anna-Wintour,02.jpg,Fake,Yes,,Yes,Yes,Yes,,Yes,2026-08-08T05:38:15,2026-08-08T05:38:22
ID000024,Anna-Wintour,03.jpg,Fake,Yes,,Yes,Yes,Yes,,Yes,2026-08-08T05:38:22,2026-08-08T05:38:29
ID000256,Michael-Cera,01.jpg,Real,Yes,Yes,Yes,Yes,,,Yes,2026-08-08T05:38:30,2026-08-08T05:38:36
ID000256,Michael-Cera,01.jpg,Fake,Yes,,Yes,Yes,No,,Yes,2026-08-08T05:38:38,2026-08-08T05:38:45
ID000256,Michael-Cera,02.png,Fake,No,,Yes,Yes,Yes,,No,2026-08-08T05:38:45,2026-08-08T05:38:51
ID000230,Lionel-Messi,01.jpg,Real,Yes,Yes,Yes,Yes,,,Yes,2026-08-08T05:38:52,2026-08-08T05:38:59
ID000230,Lionel-Messi,02.jpg,Real,Yes,Yes,Yes,Yes,,,Yes,2026-08-08T05:38:59,2026-08-08T05:39:04
ID000230,Lionel-Messi,01.jpg,Fake,Yes,,Yes,Yes,Yes,,Yes,2026-08-08T05:39:06,2026-08-08T05:39:12
ID000230,Lionel-Messi,02.jpg,Fake,Yes,,Yes,Yes,Yes,,Yes,2026-08-08T05:39:12,2026-08-08T05:39:17
ID000230,Lionel-Messi,03.jpg,Fake,Yes,,Yes,Yes,Yes,,Yes,2026-08-08T05:39:17,2026-08-08T05:39:22
ID000209,Kevin-Bacon,01.jpg,Real,Yes,Yes,Yes,Yes,,,Yes,2026-08-08T05:39:24,2026-08-08T05:39:31
ID000209,Kevin-Bacon,02.jpg,Real,Yes,Yes,Yes,Yes,,,Yes,2026-08-08T05:39:31,2026-08-08T05:39:36
ID000209,Kevin-Bacon,03.jpg,Real,Yes,Yes,Yes,Yes,,,Yes,2026-08-08T05:39:36,2026-08-08T05:39:41
ID000209,Kevin-Bacon,01.jpg,Fake,No,,Yes,Yes,No,,No,2026-08-08T05:39:43,2026-08-08T05:39:50
ID000209,Kevin-Bacon,02.jpg,Fake,Yes,,Yes,Yes,Yes,,No,2026-08-08T05:39:50,2026-08-08T05:39:56
ID000209,Kevin-Bacon,03.png,Fake,Yes,,Yes,Yes,Yes,,No,2026-08-08T05:39:56,2026-08-08T05:40:04
ID000209,Kevin-Bacon,04.png,Fake,Yes,,Yes,Yes,Yes,,No,2026-08-08T05:40:04,2026-08-08T05:40:11
ID000209,Kevin-Bacon,05.png,Fake,Yes,,Yes,Yes,Yes,,Yes,2026-08-08T05:40:11,2026-08-08T05:40:16
ID000340,Steve-Zahn,01.jpg,Real,Yes,Yes,Yes,Yes,,,Yes,2026-08-08T05:40:19,2026-08-08T05:40:25
ID000340,Steve-Zahn,02.jpg,Real,Yes,Yes,Yes,Yes,,,Yes,2026-08-08T05:40:25,2026-08-08T05:40:32
ID000340,Steve-Zahn,01.jpg,Fake,No,,Yes,Yes,Yes,,No,2026-08-08T05:40:33,2026-08-08T05:40:40
ID000329,Shai-Hope,01.jpg,Real,Yes,Yes,Yes,Yes,,,Yes,2026-08-08T05:40:42,2026-08-08T05:40:47
ID000329,Shai-Hope,02.png,Real,Yes,Yes,Yes,Yes,,,Yes,2026-08-08T05:40:47,2026-08-08T05:40:52
ID000329,Shai-Hope,03.jpg,Real,Yes,Yes,Yes,Yes,,,Yes,2026-08-08T05:40:52,2026-08-08T05:40:57
ID000329,Shai-Hope,01.jpg,Fake,No,,Yes,Yes,Yes,,No,2026-08-08T05:40:58,2026-08-08T05:41:04
ID000329,Shai-Hope,1.png,Fake,Yes,,Yes,Yes,No,,Yes,2026-08-08T05:41:04,2026-08-08T05:41:10
ID000176,Jet-Li,01.jpg,Real,Yes,Yes,Yes,Yes,,,Yes,2026-08-08T05:41:11,2026-08-08T05:41:22
ID000176,Jet-Li,02.jpg,Real,Yes,Yes,Yes,Yes,,,Yes,2026-08-08T05:41:22,2026-08-08T05:41:28
ID000176,Jet-Li,01.jpg,Fake,Yes,,Yes,Yes,Yes,,Yes,2026-08-08T05:41:34,2026-08-08T05:41:40
ID000176,Jet-Li,02.png,Fake,Yes,,Yes,Yes,Yes,,Yes,2026-08-08T05:41:41,2026-08-08T05:41:48
ID000371,Woody-Allen,01.jpg,Real,Yes,Yes,Yes,Yes,,,Yes,2026-08-08T05:41:48,2026-08-08T05:41:54
ID000371,Woody-Allen,01.jpg,Fake,Yes,,Yes,Yes,Yes,,No,2026-08-08T05:41:55,2026-08-08T05:42:02
ID000371,Woody-Allen,02.jpg,Fake,Yes,,Yes,Yes,Yes,,No,2026-08-08T05:42:03,2026-08-08T05:42:07
ID000371,Woody-Allen,03.jpg,Fake,Yes,,Yes,Yes,Yes,,No,2026-08-08T05:42:07,2026-08-08T05:42:12
ID000371,Woody-Allen,04.jpg,Fake,Yes,,Yes,Yes,Yes,,Yes,2026-08-08T05:42:12,2026-08-08T05:42:17
ID000371,Woody-Allen,05.jpg,Fake,Yes,,Yes,Yes,Yes,,No,2026-08-08T05:42:17,2026-08-08T05:42:23
ID000371,Woody-Allen,06.jpg,Fake,Yes,,Yes,Yes,Yes,,No,2026-08-08T05:42:23,2026-08-08T05:42:29
ID000352,Tim-Curry,01.jpg,Real,Yes,Yes,Yes,Yes,,,Yes,2026-08-08T05:42:31,2026-08-08T05:42:39
ID000352,Tim-Curry,02.jpg,Real,Yes,Yes,Yes,Yes,,,Yes,2026-08-08T05:42:39,2026-08-08T05:42:45
ID000352,Tim-Curry,03.jpg,Real,No,Yes,Yes,Yes,,,No,2026-08-08T05:42:45,2026-08-08T05:42:52
ID000352,Tim-Curry,01.jpg,Fake,No,,Yes,Yes,No,,No,2026-08-08T05:42:54,2026-08-08T05:43:00
ID000352,Tim-Curry,02.png,Fake,No,,Yes,Yes,No,,No,2026-08-08T05:43:00,2026-08-08T05:43:06
ID000352,Tim-Curry,03.jpg,Fake,No,,No,Yes,Yes,,No,2026-08-08T05:43:07,2026-08-08T05:43:17
ID000352,Tim-Curry,04.jpg,Fake,Yes,,Yes,Yes,Yes,,Yes,2026-08-08T05:43:17,2026-08-08T05:43:25
ID000352,Tim-Curry,05.jpg,Fake,No,,Yes,Yes,Yes,,No,2026-08-08T05:43:25,2026-08-08T05:43:31
ID000217,Kristen-Stewart,01.jpg,Real,Yes,Yes,Yes,Yes,,,Yes,2026-08-08T05:43:32,2026-08-08T05:43:42
ID000217,Kristen-Stewart,02.jpg,Real,Yes,Yes,Yes,Yes,,,Yes,2026-08-08T05:43:42,2026-08-08T05:43:47
ID000217,Kristen-Stewart,01.jpg,Fake,Yes,,Yes,Yes,Yes,,Yes,2026-08-08T05:43:49,2026-08-08T05:43:54
ID000217,Kristen-Stewart,03.jpg,Fake,Yes,,Yes,Yes,Yes,,Yes,2026-08-08T05:43:54,2026-08-08T05:44:06
ID000306,Robert-Duvall,01.jpg,Real,Yes,Yes,Yes,Yes,,,Yes,2026-08-08T05:44:07,2026-08-08T05:44:12
ID000306,Robert-Duvall,01.jpg,Fake,No,,No,Yes,Yes,,No,2026-08-08T05:44:14,2026-08-08T05:44:22
ID000030,Antony,01.jpg,Real,Yes,Yes,Yes,Yes,,,Yes,2026-08-08T05:44:23,2026-08-08T05:44:29
ID000030,Antony,02.jpg,Real,Yes,Yes,Yes,Yes,,,Yes,2026-08-08T05:44:29,2026-08-08T05:44:33
ID000030,Antony,01.jpg,Fake,Yes,,Yes,Yes,Yes,,Yes,2026-08-08T05:44:35,2026-08-08T05:44:41
ID000030,Antony,02.jpg,Fake,Yes,,Yes,Yes,Yes,,Yes,2026-08-08T05:44:41,2026-08-08T05:44:46
ID000231,Lisa,01.jpg,Real,Yes,Yes,Yes,Yes,,,Yes,2026-08-08T05:44:47,2026-08-08T05:44:55
ID000231,Lisa,55.png,Real,Yes,Yes,Yes,Yes,,,Yes,2026-08-08T05:44:55,2026-08-08T05:45:00
ID000231,Lisa,02.jpg,Fake,No,,Yes,Yes,Yes,,No,2026-08-08T05:45:02,2026-08-08T05:45:08
ID000231,Lisa,03.jpg,Fake,No,,Yes,Yes,Yes,,No,2026-08-08T05:45:08,2026-08-08T05:45:16
ID000231,Lisa,55.png,Fake,Yes,,Yes,Yes,No,,Yes,2026-08-08T05:45:16,2026-08-08T05:45:23
ID000068,Chloe-Kim,01.jpg,Real,Yes,Yes,Yes,Yes,,,Yes,2026-08-08T05:45:25,2026-08-08T05:45:34
ID000068,Chloe-Kim,02.png,Real,Yes,Yes,Yes,Yes,,,Yes,2026-08-08T05:45:34,2026-08-08T05:45:39
ID000068,Chloe-Kim,02.png,Fake,Yes,,Yes,Yes,No,,Yes,2026-08-08T05:45:41,2026-08-08T05:45:49
ID000255,Michael-Caine,01.jpg,Real,Yes,Yes,Yes,Yes,,,Yes,2026-08-08T05:45:51,2026-08-08T05:45:57
ID000255,Michael-Caine,02.jpg,Real,Yes,Yes,Yes,Yes,,,Yes,2026-08-08T05:45:57,2026-08-08T05:46:03
ID000255,Michael-Caine,01.png,Fake,Yes,,Yes,Yes,No,,Yes,2026-08-08T05:46:04,2026-08-08T05:46:11
ID000255,Michael-Caine,02.jpg,Fake,Yes,,Yes,Yes,No,,Yes,2026-08-08T05:46:11,2026-08-08T05:46:18
ID000255,Michael-Caine,03.jpg,Fake,Yes,,Yes,Yes,No,,Yes,2026-08-08T05:46:18,2026-08-08T05:46:23
ID000271,Mlanie-Laurent,01.jpg,Real,Yes,Yes,Yes,Yes,,,Yes,2026-08-08T05:46:25,2026-08-08T05:46:31
ID000271,Mlanie-Laurent,01.jpg,Fake,Yes,,Yes,Yes,No,,Yes,2026-08-08T05:46:32,2026-08-08T05:46:38
ID000271,Mlanie-Laurent,02.jpg,Fake,Yes,,Yes,Yes,No,,Yes,2026-08-08T05:46:38,2026-08-08T05:46:44
ID000271,Mlanie-Laurent,03.jpg,Fake,No,,Yes,Yes,No,,No,2026-08-08T05:46:44,2026-08-08T05:46:49
ID000398,úrsula-corberó,01.jpg,Real,Yes,Yes,Yes,Yes,,,Yes,2026-08-08T05:46:51,2026-08-08T05:46:58
ID000398,úrsula-corberó,01.jpg,Fake,No,,Yes,Yes,Yes,,No,2026-08-08T05:46:59,2026-08-08T05:47:11
ID000398,úrsula-corberó,02.jpg,Fake,No,,No,No,No,,No,2026-08-08T05:47:11,2026-08-08T05:47:20
ID000398,úrsula-corberó,03.jpg,Fake,Yes,,Yes,Yes,No,,Yes,2026-08-08T05:47:20,2026-08-08T05:47:26
ID000398,úrsula-corberó,Úrsula Corberó money heist.png,Fake,Yes,,Yes,Yes,No,,Yes,2026-08-08T05:47:26,2026-08-08T05:47:31
ID000065,Charles-Chaplin,01.jpg,Real,Yes,Yes,Yes,Yes,,,Yes,2026-08-08T05:47:33,2026-08-08T05:47:38
ID000065,Charles-Chaplin,02.jpg,Real,Yes,Yes,Yes,Yes,,,Yes,2026-08-08T05:47:38,2026-08-08T05:47:43
ID000065,Charles-Chaplin,01.jpg,Fake,Yes,,Yes,Yes,No,,Yes,2026-08-08T05:47:45,2026-08-08T05:47:52
ID000065,Charles-Chaplin,02.jpg,Fake,Yes,,Yes,Yes,No,,Yes,2026-08-08T05:47:52,2026-08-08T05:47:59
ID000065,Charles-Chaplin,03.jpg,Fake,Yes,,Yes,Yes,No,,Yes,2026-08-08T05:47:59,2026-08-08T05:48:06
ID000379,denzel-washington,01.jpg,Real,Yes,Yes,Yes,Yes,,,Yes,2026-08-08T05:48:07,2026-08-08T05:48:12
ID000379,denzel-washington,01.jpg,Fake,Yes,,Yes,Yes,Yes,,No,2026-08-08T05:48:13,2026-08-08T05:48:19
ID000379,denzel-washington,02.jpg,Fake,Yes,,Yes,Yes,Yes,,No,2026-08-08T05:48:19,2026-08-08T05:48:26
ID000379,denzel-washington,03.jpg,Fake,Yes,,Yes,Yes,Yes,,Yes,2026-08-08T05:48:26,2026-08-08T05:48:32
ID000379,denzel-washington,04.jpg,Fake,Yes,,Yes,Yes,No,,No,2026-08-08T05:48:32,2026-08-08T05:48:38
ID000379,denzel-washington,05.jpg,Fake,Yes,,Yes,Yes,Yes,,No,2026-08-08T05:48:38,2026-08-08T05:48:46
ID000379,denzel-washington,06.jpg,Fake,Yes,,Yes,Yes,No,,No,2026-08-08T05:48:46,2026-08-08T05:48:55
ID000076,Clint-Eastwood,01.jpg,Real,No,Yes,Yes,Yes,,,No,2026-08-08T05:48:58,2026-08-08T05:49:05
ID000076,Clint-Eastwood,02.jpg,Real,No,Yes,Yes,Yes,,,No,2026-08-08T05:49:05,2026-08-08T05:49:11
ID000076,Clint-Eastwood,01.png,Fake,Yes,,Yes,Yes,No,,Yes,2026-08-08T05:49:13,2026-08-08T05:49:18
ID000076,Clint-Eastwood,02.jpg,Fake,Yes,,Yes,Yes,Yes,,Yes,2026-08-08T05:49:19,2026-08-08T05:49:24
ID000076,Clint-Eastwood,03.jpg,Fake,Yes,,Yes,Yes,Yes,,Yes,2026-08-08T05:49:24,2026-08-08T05:49:29
ID000218,Kristin-Scott-Thomas,01.jpg,Real,Yes,Yes,Yes,Yes,,,Yes,2026-08-08T05:49:30,2026-08-08T05:49:38
ID000218,Kristin-Scott-Thomas,01.jpg,Fake,Yes,,Yes,Yes,Yes,,Yes,2026-08-08T05:49:39,2026-08-08T05:49:44
ID000391,sally-bundock,01.jpg,Real,Yes,Yes,Yes,Yes,,,Yes,2026-08-08T05:49:45,2026-08-08T05:49:51
ID000391,sally-bundock,02.jpg,Real,Yes,Yes,Yes,Yes,,,Yes,2026-08-08T05:49:51,2026-08-08T05:49:55
ID000391,sally-bundock,01.png,Fake,Yes,,No,Yes,No,,No,2026-08-08T05:49:56,2026-08-08T05:50:10
ID000391,sally-bundock,02.png,Fake,Yes,,Yes,Yes,No,,Yes,2026-08-08T05:50:10,2026-08-08T05:50:15
ID000082,Dasun-Shanaka,01.webp,Real,Yes,Yes,Yes,Yes,,,Yes,2026-08-08T05:50:17,2026-08-08T05:50:24
ID000082,Dasun-Shanaka,02.png,Real,Yes,Yes,Yes,Yes,,,Yes,2026-08-08T05:50:24,2026-08-08T05:50:30
ID000082,Dasun-Shanaka,1.png,Fake,Yes,,Yes,Yes,No,,Yes,2026-08-08T05:50:31,2026-08-08T05:50:39
ID000229,Link-Neal,01.jpg,Real,Yes,Yes,Yes,Yes,,,Yes,2026-08-08T05:50:40,2026-08-08T05:50:46
ID000229,Link-Neal,02.jpg,Real,Yes,Yes,Yes,Yes,,,Yes,2026-08-08T05:50:46,2026-08-08T05:50:50
ID000229,Link-Neal,01.jpg,Fake,Yes,,Yes,Yes,No,,Yes,2026-08-08T05:50:52,2026-08-08T05:51:00
ID000344,Sydney-Sweeney,01.jpg,Real,Yes,Yes,Yes,Yes,,,Yes,2026-08-08T05:51:02,2026-08-08T05:51:07
ID000344,Sydney-Sweeney,02.jpg,Real,Yes,Yes,Yes,Yes,,,Yes,2026-08-08T05:51:08,2026-08-08T05:51:18
ID000344,Sydney-Sweeney,01.jpg,Fake,Yes,,Yes,Yes,Yes,,Yes,2026-08-08T05:51:20,2026-08-08T05:51:26
ID000344,Sydney-Sweeney,04.jpg,Fake,Yes,,Yes,Yes,Yes,,Yes,2026-08-08T05:51:26,2026-08-08T05:51:32
ID000344,Sydney-Sweeney,06.png,Fake,Yes,,Yes,Yes,Yes,,Yes,2026-08-08T05:51:33,2026-08-08T05:51:39
ID000164,Jason-Statham,01.jpg,Real,Yes,Yes,Yes,Yes,,,Yes,2026-08-08T05:51:40,2026-08-08T05:51:48
ID000164,Jason-Statham,01.jpg,Fake,Yes,,Yes,Yes,Yes,,Yes,2026-08-08T05:51:49,2026-08-08T05:51:57
ID000240,Maria-Corina-Machado,01.jpg,Real,Yes,Yes,Yes,Yes,,,Yes,2026-08-08T05:51:58,2026-08-08T05:52:04
ID000240,Maria-Corina-Machado,01.jpg,Fake,Yes,,Yes,Yes,Yes,,Yes,2026-08-08T05:52:06,2026-08-08T05:52:13
ID000240,Maria-Corina-Machado,02.jpg,Fake,Yes,,Yes,Yes,Yes,,Yes,2026-08-08T05:52:14,2026-08-08T05:52:20
