ID,Celebrity,Image,Type,Identity,Reliable,SingleFace,Quality,Artifact,Artifact_Explanation,Selected,AnnotationStart,AnnotationEnd
ID000174,Jessica-Alba,01.jpg,Real,Yes,Yes,Yes,Yes,,,Yes,2026-08-05T20:41:07,2026-08-05T21:40:38
ID000174,Jessica-Alba,02.jpg,Real,Yes,Yes,Yes,Yes,,,Yes,2026-08-05T21:40:38,2026-08-05T21:42:39
ID000174,Jessica-Alba,03.jpg,Real,Yes,Yes,Yes,Yes,,,Yes,2026-08-05T21:42:40,2026-08-05T21:46:40
ID000174,Jessica-Alba,01.jpg,Fake,Yes,,Yes,Yes,Yes,,Yes,2026-08-05T21:46:50,2026-08-05T21:50:59
ID000174,Jessica-Alba,02.jpg,Fake,No,,Yes,Yes,Yes,,No,2026-08-05T21:50:59,2026-08-05T21:51:15
ID000174,Jessica-Alba,03.jpg,Fake,Yes,,Yes,No,No,,No,2026-08-05T21:51:15,2026-08-05T22:07:49
ID000305,Robert-Downey-Jr,01.jpg,Real,Yes,Yes,Yes,Yes,,,Yes,2026-08-05T22:07:54,2026-08-05T22:09:03
ID000305,Robert-Downey-Jr,02.png,Real,Yes,Yes,Yes,Yes,,,Yes,2026-08-05T22:09:03,2026-08-05T22:10:07
ID000305,Robert-Downey-Jr,03.jpg,Real,Yes,Yes,Yes,Yes,,,Yes,2026-08-05T22:10:07,2026-08-05T22:11:44
ID000305,Robert-Downey-Jr,01.jpg,Fake,Yes,,Yes,No,Yes,,No,2026-08-05T22:11:48,2026-08-05T22:12:21
ID000305,Robert-Downey-Jr,02.jpg,Fake,Yes,,Yes,Yes,Yes,"The skin looks too smooth, with weird lightning and blurred background details.",Yes,2026-08-05T22:12:21,2026-08-05T22:14:49
ID000305,Robert-Downey-Jr,03.jpg,Fake,Yes,,Yes,Yes,Yes,,Yes,2026-08-05T22:14:49,2026-08-05T22:15:02
ID000305,Robert-Downey-Jr,04.png,Fake,Yes,,Yes,Yes,No,,No,2026-08-05T22:15:02,2026-08-05T22:16:14
ID000026,Anthony-Edwards,01.png,Real,Yes,Yes,Yes,Yes,,,Yes,2026-08-05T22:16:53,2026-08-05T22:17:56
ID000026,Anthony-Edwards,02.jpg,Real,Yes,Yes,Yes,Yes,,,Yes,2026-08-05T22:17:56,2026-08-05T22:18:17
ID000026,Anthony-Edwards,01.jpg,Fake,Yes,,Yes,Yes,Yes,,Yes,2026-08-05T22:18:19,2026-08-05T22:18:59
ID000026,Anthony-Edwards,02.jpg,Fake,No,,Yes,Yes,Yes,,No,2026-08-05T22:18:59,2026-08-05T22:20:01
ID000227,Liam-Hemsworth,01.jpg,Real,Yes,Yes,Yes,Yes,,,Yes,2026-08-05T22:20:04,2026-08-05T22:21:16
ID000227,Liam-Hemsworth,02.jpg,Real,Yes,Yes,Yes,Yes,,,Yes,2026-08-05T22:22:00,2026-08-05T22:22:03
ID000227,Liam-Hemsworth,01.jpg,Fake,Yes,,Yes,Yes,Yes,The hand holding the green ball looks slightly off (4 fingers instead of 5).,Yes,2026-08-05T22:22:05,2026-08-05T22:25:09
ID000227,Liam-Hemsworth,02.jpg,Fake,Yes,,Yes,Yes,Yes,,No,2026-08-05T22:25:09,2026-08-05T22:25:23
ID000227,Liam-Hemsworth,03.png,Fake,Yes,,Yes,Yes,No,,Yes,2026-08-05T22:25:23,2026-08-05T22:25:32
ID000227,Liam-Hemsworth,04.png,Fake,Yes,,Yes,Yes,No,,No,2026-08-05T22:25:32,2026-08-05T22:25:43
ID000227,Liam-Hemsworth,05.jpg,Fake,Yes,,No,Yes,No,,No,2026-08-05T22:25:43,2026-08-05T22:26:00
ID000022,Angelina-Jolie,01.jpg,Real,Yes,Yes,Yes,Yes,,,Yes,2026-08-05T22:26:18,2026-08-05T22:26:48
ID000022,Angelina-Jolie,02.jpg,Real,Yes,Yes,Yes,Yes,,,Yes,2026-08-05T22:26:48,2026-08-05T22:27:16
ID000022,Angelina-Jolie,03.jpg,Real,Yes,Yes,Yes,Yes,,,Yes,2026-08-05T22:27:16,2026-08-05T22:28:06
ID000022,Angelina-Jolie,01.jpg,Fake,Yes,,Yes,Yes,Yes,,Yes,2026-08-05T22:28:08,2026-08-05T22:28:17
ID000022,Angelina-Jolie,02.jpg,Fake,Yes,,Yes,Yes,Yes,,Yes,2026-08-05T22:28:17,2026-08-05T22:29:16
ID000022,Angelina-Jolie,03.jpg,Fake,Yes,,Yes,Yes,Yes,background distortions,Yes,2026-08-05T22:29:16,2026-08-05T22:29:59
ID000022,Angelina-Jolie,04.jpg,Fake,Yes,,Yes,Yes,Yes,,No,2026-08-05T22:29:59,2026-08-05T22:30:15
ID000022,Angelina-Jolie,05.jpg,Fake,No,,Yes,Yes,Yes,,No,2026-08-05T22:30:15,2026-08-05T22:30:26
ID000022,Angelina-Jolie,06.png,Fake,Yes,,Yes,No,No,,No,2026-08-05T22:30:27,2026-08-05T22:30:49
ID000022,Angelina-Jolie,07.jpg,Fake,No,,No,Yes,Yes,,No,2026-08-05T22:30:49,2026-08-05T22:31:07
ID000295,Phil-Salt,01.webp,Real,Yes,Yes,Yes,Yes,,,Yes,2026-08-05T22:31:16,2026-08-05T22:31:59
ID000295,Phil-Salt,1.jpg,Fake,Yes,,Yes,Yes,Yes,,Yes,2026-08-05T22:32:01,2026-08-05T22:32:21
ID000331,Sharlto-Copley,01.jpg,Real,Yes,Yes,Yes,No,,,No,2026-08-05T22:32:23,2026-08-05T22:32:54
ID000331,Sharlto-Copley,02.jpg,Real,Yes,Yes,Yes,Yes,,,Yes,2026-08-05T22:32:54,2026-08-05T22:33:38
ID000331,Sharlto-Copley,03.jpg,Real,Yes,Yes,Yes,Yes,,,Yes,2026-08-05T22:34:42,2026-08-05T22:34:48
ID000331,Sharlto-Copley,01.jpg,Fake,No,,Yes,Yes,Yes,,No,2026-08-05T22:34:49,2026-08-05T22:35:09
ID000331,Sharlto-Copley,02.png,Fake,Yes,,Yes,Yes,Yes,,Yes,2026-08-05T22:35:09,2026-08-05T22:35:39
ID000331,Sharlto-Copley,03.png,Fake,No,,Yes,Yes,Yes,,No,2026-08-05T22:35:39,2026-08-05T22:35:46
ID000333,Shohei-Ohtani,01.jpg,Real,Yes,Yes,Yes,Yes,,,Yes,2026-08-05T22:35:49,2026-08-05T22:36:51
ID000333,Shohei-Ohtani,01.jpg,Fake,No,,Yes,Yes,Yes,,No,2026-08-05T22:36:53,2026-08-05T22:37:00
ID000333,Shohei-Ohtani,02.jpg,Fake,No,,Yes,Yes,Yes,,No,2026-08-05T22:37:00,2026-08-05T22:37:08
ID000333,Shohei-Ohtani,03.jpg,Fake,No,,Yes,Yes,Yes,,No,2026-08-05T22:37:08,2026-08-05T22:37:23
ID000333,Shohei-Ohtani,04.png,Fake,Yes,,Yes,Yes,No,,Yes,2026-08-05T22:37:23,2026-08-05T22:37:36
ID000292,Paul-Rudd,01.jpg,Real,Yes,Yes,Yes,Yes,,,Yes,2026-08-05T22:37:38,2026-08-05T22:38:18
ID000292,Paul-Rudd,01.jpg,Fake,Yes,,Yes,Yes,Yes,,Yes,2026-08-05T22:38:20,2026-08-05T22:38:33
ID000292,Paul-Rudd,02.jpg,Fake,No,,No,No,Yes,,No,2026-08-05T22:38:33,2026-08-05T22:38:44
ID000292,Paul-Rudd,03.jpg,Fake,Yes,,Yes,Yes,Yes,,Yes,2026-08-05T22:38:45,2026-08-05T22:38:57
ID000292,Paul-Rudd,04.jpg,Fake,Yes,,Yes,Yes,Yes,,Yes,2026-08-05T22:38:57,2026-08-05T22:39:13
ID000292,Paul-Rudd,05.jpg,Fake,No,,No,No,No,,No,2026-08-05T22:39:13,2026-08-05T22:39:48
ID000085,Demet-Özdemir,01.jpg,Real,Yes,Yes,Yes,Yes,,,Yes,2026-08-05T22:39:52,2026-08-05T22:40:45
ID000085,Demet-Özdemir,02.jpg,Real,Yes,Yes,Yes,Yes,,,Yes,2026-08-05T22:40:45,2026-08-05T22:41:01
ID000085,Demet-Özdemir,01.jpg,Fake,Yes,,Yes,No,No,,No,2026-08-05T22:41:03,2026-08-05T22:41:18
ID000085,Demet-Özdemir,02.png,Fake,Yes,,Yes,Yes,Yes,,Yes,2026-08-05T22:41:18,2026-08-05T22:41:46
ID000113,Faye-Dunaway,01.jpg,Real,Yes,Yes,Yes,Yes,,,Yes,2026-08-06T12:05:35,2026-08-06T12:06:45
ID000113,Faye-Dunaway,03.jpg,Fake,Yes,,Yes,Yes,Yes,,Yes,2026-08-06T12:06:47,2026-08-06T12:07:02
ID000113,Faye-Dunaway,04.jpg,Fake,Yes,,Yes,Yes,Yes,,Yes,2026-08-06T12:07:03,2026-08-06T12:07:11
ID000080,Daniel-Day-Lewis,01.jpg,Real,Yes,Yes,Yes,Yes,,,Yes,2026-08-06T12:07:13,2026-08-06T12:09:08
ID000080,Daniel-Day-Lewis,02.jpg,Real,Yes,Yes,Yes,Yes,,,Yes,2026-08-06T12:09:08,2026-08-06T12:18:02
ID000080,Daniel-Day-Lewis,01.jpg,Fake,Yes,,Yes,Yes,Yes,,Yes,2026-08-06T12:18:04,2026-08-06T12:18:35
ID000080,Daniel-Day-Lewis,02.jpg,Fake,Yes,,Yes,Yes,Yes,,Yes,2026-08-06T12:18:35,2026-08-06T12:18:49
ID000080,Daniel-Day-Lewis,03.jpg,Fake,No,,Yes,Yes,Yes,,No,2026-08-06T12:18:49,2026-08-06T12:20:47
ID000140,Hilary-Duff,01.jpg,Real,Yes,Yes,Yes,Yes,,,Yes,2026-08-06T12:20:49,2026-08-06T12:21:28
ID000140,Hilary-Duff,01.jpg,Fake,Yes,,Yes,Yes,Yes,,Yes,2026-08-06T12:21:30,2026-08-06T12:21:42
ID000140,Hilary-Duff,02.jpg,Fake,Yes,,Yes,Yes,Yes,,Yes,2026-08-06T12:21:42,2026-08-06T12:27:00
ID000140,Hilary-Duff,03.jpg,Fake,No,,Yes,Yes,No,,No,2026-08-06T12:27:00,2026-08-06T12:27:34
ID000248,Martin-Lewis,01.jpg,Real,Yes,Yes,Yes,Yes,,,Yes,2026-08-06T12:27:35,2026-08-06T12:28:17
ID000248,Martin-Lewis,02.jpg,Real,Yes,Yes,Yes,Yes,,,Yes,2026-08-06T12:28:17,2026-08-06T12:28:48
ID000248,Martin-Lewis,03.jpg,Fake,No,,No,No,No,,No,2026-08-06T12:28:49,2026-08-06T12:29:15
ID000248,Martin-Lewis,06.png,Fake,Yes,,Yes,No,No,,No,2026-08-06T12:29:15,2026-08-06T12:30:17
ID000087,Devon-Conway,01.png,Real,Yes,Yes,Yes,No,,,No,2026-08-06T12:30:20,2026-08-06T12:31:07
ID000087,Devon-Conway,02.webp,Real,Yes,Yes,Yes,Yes,,,Yes,2026-08-06T12:31:07,2026-08-06T12:32:57
ID000087,Devon-Conway,1.jpg,Fake,Yes,,Yes,No,No,,No,2026-08-06T12:33:00,2026-08-06T12:33:14
ID000368,William,01.jpg,Real,Yes,Yes,Yes,Yes,,,Yes,2026-08-06T12:33:17,2026-08-06T12:33:25
ID000368,William,02.jpg,Real,Yes,Yes,Yes,Yes,,,Yes,2026-08-06T12:33:25,2026-08-06T12:33:42
ID000368,William,02.jpg,Fake,Yes,,Yes,Yes,Yes,,Yes,2026-08-06T12:33:43,2026-08-06T12:33:54
ID000368,William,1.jpg,Fake,No,,Yes,Yes,Yes,,No,2026-08-06T12:33:54,2026-08-06T12:34:01
ID000190,Jon-Stewart,01.jpg,Real,Yes,Yes,Yes,Yes,,,Yes,2026-08-06T12:34:02,2026-08-06T12:34:19
ID000190,Jon-Stewart,11.png,Fake,Yes,,Yes,No,No,,No,2026-08-06T12:34:20,2026-08-06T12:35:00
ID000015,Alina-Amir,01.jpg,Real,Yes,No,Yes,Yes,,,No,2026-08-06T12:35:02,2026-08-06T12:36:03
ID000015,Alina-Amir,01.png,Fake,Yes,,No,No,No,,No,2026-08-06T12:36:08,2026-08-06T12:36:25
ID000015,Alina-Amir,02.jpg,Fake,Yes,,Yes,Yes,No,,Yes,2026-08-06T12:36:25,2026-08-06T12:36:33
ID000015,Alina-Amir,04.png,Fake,Yes,,Yes,No,No,,No,2026-08-06T12:36:33,2026-08-06T12:36:42
ID000341,Steven-Seagal,01.jpg,Real,Yes,Yes,Yes,Yes,,,Yes,2026-08-06T12:36:54,2026-08-06T12:37:31
ID000341,Steven-Seagal,02.jpg,Real,Yes,Yes,Yes,Yes,,,Yes,2026-08-06T12:37:47,2026-08-06T12:37:53
ID000341,Steven-Seagal,01.jpg,Fake,Yes,,Yes,Yes,No,,Yes,2026-08-06T12:37:53,2026-08-06T12:38:31
ID000341,Steven-Seagal,02.jpg,Fake,Yes,,Yes,Yes,No,,Yes,2026-08-06T12:38:31,2026-08-06T12:39:01
ID000341,Steven-Seagal,03.jpg,Fake,Yes,,Yes,Yes,Yes,,Yes,2026-08-06T12:39:02,2026-08-06T12:41:02
ID000277,Nelson-Mendala,01.jpg,Real,Yes,Yes,Yes,Yes,,,Yes,2026-08-06T12:41:04,2026-08-06T12:41:28
ID000277,Nelson-Mendala,02.jpg,Real,Yes,Yes,Yes,Yes,,,Yes,2026-08-06T12:41:29,2026-08-06T12:43:32
ID000277,Nelson-Mendala,03.jpg,Real,Yes,Yes,Yes,Yes,,,Yes,2026-08-06T12:43:32,2026-08-06T12:43:53
ID000277,Nelson-Mendala,01.jpg,Fake,Yes,,Yes,Yes,Yes,,Yes,2026-08-06T12:43:54,2026-08-06T12:44:02
ID000277,Nelson-Mendala,02.jpg,Fake,Yes,,Yes,Yes,No,,No,2026-08-06T12:44:02,2026-08-06T12:44:13
ID000201,Kate-Beckinsale,01.jpg,Real,Yes,Yes,Yes,Yes,,,Yes,2026-08-06T12:44:19,2026-08-06T12:46:48
ID000201,Kate-Beckinsale,02.jpg,Real,Yes,Yes,Yes,Yes,,,Yes,2026-08-06T12:46:48,2026-08-06T12:47:59
ID000201,Kate-Beckinsale,01.jpg,Fake,Yes,,Yes,Yes,Yes,,Yes,2026-08-06T12:48:00,2026-08-06T12:48:10
ID000201,Kate-Beckinsale,02.jpg,Fake,No,,Yes,No,No,,No,2026-08-06T12:48:10,2026-08-06T12:48:25
ID000201,Kate-Beckinsale,03.jpg,Fake,Yes,,Yes,Yes,Yes,,Yes,2026-08-06T12:48:25,2026-08-06T12:48:37
ID000201,Kate-Beckinsale,04.jpg,Fake,No,,Yes,Yes,No,,No,2026-08-06T12:48:37,2026-08-06T12:48:49
ID000226,Lee-Min-ho,01.jpg,Real,Yes,Yes,Yes,Yes,,,Yes,2026-08-06T12:48:52,2026-08-06T12:49:22
ID000226,Lee-Min-ho,01.jpg,Fake,Yes,,Yes,Yes,Yes,,Yes,2026-08-06T12:49:23,2026-08-06T12:49:31
ID000226,Lee-Min-ho,02.jpg,Fake,Yes,,Yes,Yes,Yes,,Yes,2026-08-06T12:49:31,2026-08-06T12:49:41
ID000226,Lee-Min-ho,06.png,Fake,Yes,,Yes,Yes,Yes,,Yes,2026-08-06T12:49:41,2026-08-06T12:51:54
ID000170,Jennifer-Aniston,01.jpg,Real,Yes,Yes,Yes,Yes,,,Yes,2026-08-06T12:51:58,2026-08-06T12:52:17
ID000170,Jennifer-Aniston,02.jpg,Real,Yes,Yes,Yes,Yes,,,Yes,2026-08-06T12:52:17,2026-08-06T12:52:32
ID000170,Jennifer-Aniston,03.jpg,Real,Yes,Yes,Yes,Yes,,,Yes,2026-08-06T12:52:33,2026-08-06T12:52:59
ID000170,Jennifer-Aniston,01.jpg,Fake,Yes,,No,No,No,,No,2026-08-06T12:53:01,2026-08-06T12:53:19
ID000059,Cameron-Diaz,01.jpg,Real,Yes,Yes,Yes,Yes,,,Yes,2026-08-06T12:53:51,2026-08-06T12:54:15
ID000059,Cameron-Diaz,01.jpg,Fake,Yes,,Yes,Yes,Yes,,Yes,2026-08-06T12:54:16,2026-08-06T12:54:22
ID000059,Cameron-Diaz,02.jpg,Fake,Yes,,Yes,Yes,Yes,,Yes,2026-08-06T12:54:22,2026-08-06T12:54:28
ID000059,Cameron-Diaz,03.jpg,Fake,Yes,,Yes,Yes,Yes,,Yes,2026-08-06T12:54:28,2026-08-06T12:54:34
ID000059,Cameron-Diaz,04.jpg,Fake,No,,Yes,Yes,Yes,,No,2026-08-06T12:54:34,2026-08-06T12:54:44
ID000349,Thomas-Jeffrey-Hanks,01.jpg,Real,Yes,Yes,Yes,Yes,,,Yes,2026-08-06T12:54:45,2026-08-06T12:55:02
ID000349,Thomas-Jeffrey-Hanks,02.jpg,Real,Yes,Yes,Yes,Yes,,,Yes,2026-08-06T12:55:02,2026-08-06T12:55:32
ID000349,Thomas-Jeffrey-Hanks,01.webp,Fake,No,,No,No,No,,No,2026-08-06T12:55:33,2026-08-06T12:55:45
ID000349,Thomas-Jeffrey-Hanks,04.jpg,Fake,No,,No,Yes,No,,No,2026-08-06T12:55:45,2026-08-06T12:55:55
ID000349,Thomas-Jeffrey-Hanks,05.jpg,Fake,Yes,,Yes,No,No,,No,2026-08-06T12:55:55,2026-08-06T12:56:04
ID000349,Thomas-Jeffrey-Hanks,05.png,Fake,Yes,,Yes,No,No,,No,2026-08-06T12:56:16,2026-08-06T12:56:22
ID000327,Selena-Gomez,01.jpg,Real,Yes,Yes,Yes,Yes,,,Yes,2026-08-06T12:56:22,2026-08-06T12:56:33
ID000327,Selena-Gomez,02.jpg,Real,Yes,Yes,Yes,Yes,,,Yes,2026-08-06T12:56:33,2026-08-06T12:56:43
ID000327,Selena-Gomez,03.jpg,Real,Yes,Yes,Yes,Yes,,,Yes,2026-08-06T12:56:43,2026-08-06T12:56:49
ID000327,Selena-Gomez,01.png,Fake,Yes,,Yes,Yes,Yes,,Yes,2026-08-06T12:56:50,2026-08-06T12:56:57
ID000327,Selena-Gomez,04.jpg,Fake,Yes,,Yes,Yes,Yes,,No,2026-08-06T12:56:57,2026-08-06T12:57:08
ID000327,Selena-Gomez,05.jpg,Fake,Yes,,Yes,Yes,Yes,,Yes,2026-08-06T12:57:08,2026-08-06T12:57:15
ID000141,Hiroyuki-Sanada,01.jpg,Real,Yes,Yes,Yes,Yes,,,Yes,2026-08-06T12:57:19,2026-08-06T12:57:38
ID000141,Hiroyuki-Sanada,02.jpg,Real,Yes,Yes,Yes,Yes,,,Yes,2026-08-06T12:57:38,2026-08-06T12:57:46
ID000141,Hiroyuki-Sanada,01.png,Fake,Yes,,Yes,Yes,Yes,,Yes,2026-08-06T12:57:47,2026-08-06T12:57:54
ID000141,Hiroyuki-Sanada,02.jpg,Fake,Yes,,Yes,Yes,No,,Yes,2026-08-06T12:57:54,2026-08-06T12:59:41
ID000214,Kiefer-Sutherland,01.jpg,Real,Yes,Yes,Yes,Yes,,,Yes,2026-08-06T12:59:55,2026-08-06T13:00:25
ID000214,Kiefer-Sutherland,02.jpg,Real,Yes,Yes,Yes,Yes,,,Yes,2026-08-06T13:00:25,2026-08-06T13:00:42
ID000214,Kiefer-Sutherland,01.jpg,Fake,Yes,,Yes,Yes,Yes,,Yes,2026-08-06T13:00:44,2026-08-06T13:00:58
ID000214,Kiefer-Sutherland,02.jpg,Fake,Yes,,Yes,Yes,Yes,,Yes,2026-08-06T13:00:58,2026-08-06T13:01:05
ID000214,Kiefer-Sutherland,03.jpg,Fake,Yes,,Yes,Yes,Yes,,Yes,2026-08-06T13:01:05,2026-08-06T13:01:14
ID000214,Kiefer-Sutherland,04.jpg,Fake,Yes,,Yes,Yes,Yes,,No,2026-08-06T13:01:14,2026-08-06T13:01:29
ID000214,Kiefer-Sutherland,05.jpg,Fake,No,,Yes,Yes,Yes,,No,2026-08-06T13:01:30,2026-08-06T13:01:38
ID000384,kriti-sanon,01.jpg,Real,Yes,Yes,Yes,Yes,,,Yes,2026-08-06T13:01:46,2026-08-06T13:01:57
ID000384,kriti-sanon,01.jpg,Fake,Yes,,Yes,Yes,Yes,,Yes,2026-08-06T13:01:58,2026-08-06T13:02:07
ID000384,kriti-sanon,02.jpg,Fake,Yes,,Yes,Yes,Yes,,Yes,2026-08-06T13:02:07,2026-08-06T13:02:17
ID000334,Shreya-GhoshalI,01.jpg,Real,Yes,Yes,Yes,No,,,No,2026-08-06T13:02:18,2026-08-06T13:02:47
ID000334,Shreya-GhoshalI,02.jpg,Real,Yes,Yes,Yes,No,,,No,2026-08-06T13:02:47,2026-08-06T13:03:06
ID000334,Shreya-GhoshalI,03.jpg,Real,Yes,Yes,Yes,Yes,,,Yes,2026-08-06T13:03:50,2026-08-06T13:03:53
ID000334,Shreya-GhoshalI,05.jpg,Fake,No,,Yes,Yes,Yes,,No,2026-08-06T13:03:54,2026-08-06T13:04:11
ID000334,Shreya-GhoshalI,05.png,Fake,Yes,,Yes,Yes,Yes,,Yes,2026-08-06T13:04:11,2026-08-06T13:04:18
ID000009,Albert-Eienstain,01.jpg,Real,Yes,Yes,Yes,Yes,,,Yes,2026-08-06T13:04:19,2026-08-06T13:04:30
ID000009,Albert-Eienstain,02.jpg,Real,Yes,Yes,Yes,Yes,,,Yes,2026-08-06T13:04:30,2026-08-06T13:04:38
ID000009,Albert-Eienstain,01.jpg,Fake,Yes,,Yes,Yes,Yes,,Yes,2026-08-06T13:04:39,2026-08-06T13:04:45
ID000009,Albert-Eienstain,03.jpg,Fake,Yes,,Yes,Yes,Yes,,Yes,2026-08-06T13:04:45,2026-08-06T13:04:51
ID000009,Albert-Eienstain,04.jpg,Fake,Yes,,Yes,Yes,Yes,,No,2026-08-06T13:04:51,2026-08-06T13:04:58
ID000009,Albert-Eienstain,05.png,Fake,Yes,,Yes,Yes,Yes,,Yes,2026-08-06T13:04:58,2026-08-06T13:05:04
ID000207,Keira-Knightley,01.jpg,Real,Yes,Yes,Yes,Yes,,,Yes,2026-08-06T13:05:11,2026-08-06T13:05:49
ID000207,Keira-Knightley,02.jpg,Real,Yes,Yes,Yes,Yes,,,Yes,2026-08-06T13:05:49,2026-08-06T13:06:52
ID000207,Keira-Knightley,03.png,Real,Yes,Yes,Yes,Yes,,,Yes,2026-08-06T13:06:52,2026-08-06T13:06:58
ID000207,Keira-Knightley,01.jpg,Fake,Yes,,Yes,Yes,Yes,,Yes,2026-08-06T13:06:59,2026-08-06T13:07:06
ID000207,Keira-Knightley,02.jpg,Fake,Yes,,Yes,Yes,Yes,,Yes,2026-08-06T13:07:06,2026-08-06T13:07:12
ID000207,Keira-Knightley,03.jpg,Fake,Yes,,Yes,Yes,No,,No,2026-08-06T13:07:12,2026-08-06T13:07:21
ID000207,Keira-Knightley,04.jpg,Fake,Yes,,Yes,Yes,No,,No,2026-08-06T13:07:21,2026-08-06T13:07:30
ID000207,Keira-Knightley,05.jpg,Fake,Yes,,Yes,Yes,Yes,,Yes,2026-08-06T13:07:30,2026-08-06T13:07:37
ID000207,Keira-Knightley,06.jpg,Fake,Yes,,Yes,Yes,Yes,,No,2026-08-06T13:07:37,2026-08-06T13:07:44
ID000245,Mark-Zukerberg,01.jpg,Real,Yes,Yes,Yes,Yes,,,Yes,2026-08-06T13:08:01,2026-08-06T13:08:39
ID000245,Mark-Zukerberg,02.jpg,Real,Yes,Yes,Yes,Yes,,,Yes,2026-08-06T13:08:39,2026-08-06T13:08:50
ID000245,Mark-Zukerberg,03.jpg,Real,Yes,Yes,Yes,Yes,,,Yes,2026-08-06T13:08:50,2026-08-06T13:09:01
ID000245,Mark-Zukerberg,01.jpg,Fake,Yes,,No,Yes,Yes,,No,2026-08-06T13:09:03,2026-08-06T13:09:12
ID000245,Mark-Zukerberg,02.jpg,Fake,Yes,,Yes,Yes,Yes,,Yes,2026-08-06T13:09:13,2026-08-06T13:09:25
ID000245,Mark-Zukerberg,03.jpg,Fake,Yes,,Yes,Yes,No,,No,2026-08-06T13:09:25,2026-08-06T13:09:33
ID000183,John-Leguizamo,01.jpg,Real,Yes,Yes,Yes,Yes,,,Yes,2026-08-06T13:09:38,2026-08-06T13:10:06
ID000183,John-Leguizamo,02.jpg,Real,Yes,Yes,Yes,Yes,,,Yes,2026-08-06T13:10:06,2026-08-06T13:10:25
ID000183,John-Leguizamo,01.jpg,Fake,Yes,,Yes,Yes,No,,No,2026-08-06T13:10:26,2026-08-06T13:10:41
ID000183,John-Leguizamo,02.jpg,Fake,No,,Yes,Yes,Yes,,No,2026-08-06T13:10:41,2026-08-06T13:10:53
ID000177,Jim-Carrey,01.jpg,Real,Yes,Yes,Yes,Yes,,,Yes,2026-08-06T13:11:17,2026-08-06T13:11:34
ID000177,Jim-Carrey,02.jpg,Real,Yes,Yes,Yes,Yes,,,Yes,2026-08-06T13:11:34,2026-08-06T13:11:40
ID000177,Jim-Carrey,01.jpg,Fake,No,,Yes,Yes,Yes,,No,2026-08-06T13:11:41,2026-08-06T13:11:50
ID000177,Jim-Carrey,02.jpg,Fake,Yes,,Yes,Yes,No,,Yes,2026-08-06T13:11:50,2026-08-06T13:11:57
ID000177,Jim-Carrey,03.jpg,Fake,Yes,,Yes,Yes,Yes,,Yes,2026-08-06T13:11:58,2026-08-06T13:12:10
ID000254,Mesut-Ozil,01.jpg,Real,Yes,Yes,Yes,Yes,,,Yes,2026-08-06T13:12:13,2026-08-06T13:12:40
ID000254,Mesut-Ozil,02.jpg,Real,Yes,Yes,Yes,Yes,,,Yes,2026-08-06T13:12:40,2026-08-06T13:12:45
ID000254,Mesut-Ozil,01.jpg,Fake,Yes,,Yes,Yes,Yes,,Yes,2026-08-06T13:12:46,2026-08-06T13:12:56
ID000254,Mesut-Ozil,02.jpg,Fake,Yes,,Yes,Yes,No,,No,2026-08-06T13:12:56,2026-08-06T13:13:05
ID000329,Shai-Hope,01.jpg,Real,Yes,Yes,Yes,Yes,,,Yes,2026-08-06T13:13:17,2026-08-06T13:13:35
ID000329,Shai-Hope,02.png,Real,Yes,Yes,Yes,No,,,No,2026-08-06T13:13:35,2026-08-06T13:13:48
ID000329,Shai-Hope,03.jpg,Real,Yes,Yes,Yes,Yes,,,Yes,2026-08-06T13:13:49,2026-08-06T13:13:57
ID000329,Shai-Hope,01.jpg,Fake,No,,Yes,Yes,Yes,,No,2026-08-06T13:13:58,2026-08-06T13:14:06
ID000329,Shai-Hope,1.png,Fake,Yes,,Yes,Yes,No,,Yes,2026-08-06T13:14:06,2026-08-06T13:14:16
ID000336,Sigourney-Weaver,01.jpg,Real,Yes,Yes,Yes,Yes,,,Yes,2026-08-06T13:14:17,2026-08-06T13:15:31
ID000336,Sigourney-Weaver,02.jpg,Real,Yes,Yes,Yes,Yes,,,Yes,2026-08-06T13:15:31,2026-08-06T13:15:48
ID000336,Sigourney-Weaver,01.jpg,Fake,Yes,,Yes,Yes,Yes,,Yes,2026-08-06T13:15:51,2026-08-06T13:16:00
ID000336,Sigourney-Weaver,02.jpg,Fake,Yes,,Yes,Yes,Yes,,Yes,2026-08-06T13:16:00,2026-08-06T13:16:24
ID000336,Sigourney-Weaver,03.jpg,Fake,No,,Yes,No,No,,No,2026-08-06T13:16:24,2026-08-06T13:16:35
ID000336,Sigourney-Weaver,04.jpg,Fake,No,,Yes,No,No,,No,2026-08-06T13:16:35,2026-08-06T13:16:46
ID000039,Bashar-al-Assad,01.jpg,Real,Yes,Yes,Yes,Yes,,,Yes,2026-08-06T13:16:48,2026-08-06T13:17:16
ID000039,Bashar-al-Assad,02.jpg,Real,Yes,Yes,Yes,Yes,,,Yes,2026-08-06T13:17:16,2026-08-06T13:17:49
ID000039,Bashar-al-Assad,01.jpg,Fake,Yes,,Yes,Yes,Yes,,Yes,2026-08-06T13:17:50,2026-08-06T13:18:00
ID000039,Bashar-al-Assad,02.jpg,Fake,Yes,,Yes,Yes,Yes,,Yes,2026-08-06T13:18:00,2026-08-06T13:19:10
ID000039,Bashar-al-Assad,03.jpg,Fake,Yes,,Yes,Yes,Yes,,Yes,2026-08-06T13:19:10,2026-08-06T13:19:18
ID000281,Nick-Nolte,01.jpg,Real,Yes,Yes,Yes,Yes,,,Yes,2026-08-06T13:19:23,2026-08-06T13:22:52
ID000281,Nick-Nolte,02.jpg,Real,Yes,Yes,Yes,Yes,,,Yes,2026-08-06T13:22:53,2026-08-06T13:23:35
ID000281,Nick-Nolte,03.jpg,Real,Yes,Yes,Yes,Yes,,,Yes,2026-08-06T13:23:35,2026-08-06T13:24:39
ID000281,Nick-Nolte,01.jpg,Fake,Yes,,Yes,Yes,Yes,,Yes,2026-08-06T13:24:41,2026-08-06T13:24:48
ID000281,Nick-Nolte,02.jpg,Fake,No,,Yes,Yes,No,,No,2026-08-06T13:24:48,2026-08-06T13:24:58
ID000138,Helen-Mirren,01.jpg,Real,Yes,Yes,Yes,Yes,,,Yes,2026-08-06T13:24:59,2026-08-06T13:25:28
ID000138,Helen-Mirren,02.jpg,Real,Yes,Yes,Yes,Yes,,,Yes,2026-08-06T13:25:28,2026-08-06T13:25:40
ID000138,Helen-Mirren,01.jpg,Fake,Yes,,Yes,Yes,Yes,,Yes,2026-08-06T13:25:41,2026-08-06T13:25:49
ID000138,Helen-Mirren,02.jpg,Fake,Yes,,Yes,Yes,Yes,,No,2026-08-06T13:25:49,2026-08-06T13:25:58
ID000138,Helen-Mirren,04.jpg,Fake,Yes,,Yes,Yes,Yes,,Yes,2026-08-06T13:25:58,2026-08-06T13:26:04
ID000138,Helen-Mirren,05.jpg,Fake,Yes,,Yes,Yes,No,,Yes,2026-08-06T13:26:04,2026-08-06T13:26:16
ID000280,Nick-DiGiovanni,01.jpg,Real,Yes,Yes,Yes,Yes,,,Yes,2026-08-06T13:26:24,2026-08-06T13:26:53
ID000280,Nick-DiGiovanni,02.png,Real,Yes,Yes,Yes,Yes,,,Yes,2026-08-06T13:26:53,2026-08-06T13:32:15
ID000280,Nick-DiGiovanni,03.jpg,Real,Yes,Yes,Yes,Yes,,,Yes,2026-08-06T13:32:16,2026-08-06T13:32:32
ID000280,Nick-DiGiovanni,1.jpg,Fake,Yes,,No,Yes,Yes,,No,2026-08-06T13:32:33,2026-08-06T13:32:47
ID000280,Nick-DiGiovanni,2.webp,Fake,Yes,,No,Yes,Yes,,No,2026-08-06T13:32:48,2026-08-06T13:33:01
ID000267,Mohamed-Salah,01.jpg,Real,Yes,Yes,Yes,Yes,,,Yes,2026-08-06T13:33:02,2026-08-06T13:33:18
ID000267,Mohamed-Salah,02.jpg,Real,Yes,Yes,Yes,Yes,,,Yes,2026-08-06T13:33:18,2026-08-06T13:33:24
ID000267,Mohamed-Salah,01.png,Fake,No,,No,No,Yes,,No,2026-08-06T13:33:26,2026-08-06T13:33:39
ID000267,Mohamed-Salah,02.png,Fake,No,,Yes,Yes,No,,No,2026-08-06T13:33:39,2026-08-06T13:33:55
ID000379,denzel-washington,01.jpg,Real,Yes,Yes,Yes,Yes,,,Yes,2026-08-06T13:33:56,2026-08-06T13:34:35
ID000379,denzel-washington,01.jpg,Fake,Yes,,Yes,Yes,Yes,,Yes,2026-08-06T13:34:36,2026-08-06T13:34:43
ID000379,denzel-washington,02.jpg,Fake,Yes,,Yes,Yes,Yes,,Yes,2026-08-06T13:34:43,2026-08-06T13:34:51
ID000379,denzel-washington,03.jpg,Fake,Yes,,Yes,Yes,Yes,,Yes,2026-08-06T13:34:51,2026-08-06T13:34:57
ID000379,denzel-washington,04.jpg,Fake,Yes,,Yes,Yes,No,,No,2026-08-06T13:34:57,2026-08-06T13:35:09
ID000379,denzel-washington,05.jpg,Fake,Yes,,Yes,Yes,Yes,,No,2026-08-06T13:35:09,2026-08-06T13:35:29
ID000379,denzel-washington,06.jpg,Fake,Yes,,Yes,No,No,,No,2026-08-06T13:35:29,2026-08-06T13:35:36
ID000173,Jennifer-Lopez,01.jpg,Real,Yes,Yes,Yes,Yes,,,Yes,2026-08-06T13:35:43,2026-08-06T13:36:00
ID000173,Jennifer-Lopez,01.jpg,Fake,Yes,,Yes,Yes,Yes,,Yes,2026-08-06T13:36:01,2026-08-06T13:36:06
ID000173,Jennifer-Lopez,02.png,Fake,Yes,,Yes,Yes,No,,No,2026-08-06T13:36:06,2026-08-06T13:36:19
ID000173,Jennifer-Lopez,03.jpg,Fake,Yes,,Yes,No,Yes,,No,2026-08-06T13:36:19,2026-08-06T13:36:26
ID000065,Charles-Chaplin,01.jpg,Real,Yes,Yes,Yes,Yes,,,Yes,2026-08-06T13:36:30,2026-08-06T13:37:19
ID000065,Charles-Chaplin,02.jpg,Real,Yes,Yes,Yes,Yes,,,Yes,2026-08-06T13:37:19,2026-08-06T13:37:27
ID000065,Charles-Chaplin,01.jpg,Fake,Yes,,Yes,Yes,No,,Yes,2026-08-06T13:37:29,2026-08-06T13:37:38
ID000065,Charles-Chaplin,02.jpg,Fake,Yes,,Yes,Yes,Yes,,Yes,2026-08-06T13:37:38,2026-08-06T13:37:49
ID000065,Charles-Chaplin,03.jpg,Fake,Yes,,Yes,Yes,No,,Yes,2026-08-06T13:37:49,2026-08-06T13:37:55
ID000381,ema-watson,01.jpg,Real,Yes,Yes,Yes,Yes,,,Yes,2026-08-06T13:37:58,2026-08-06T13:41:24
ID000381,ema-watson,01.png,Fake,Yes,,Yes,No,No,,No,2026-08-06T13:41:27,2026-08-06T13:41:44
ID000381,ema-watson,02.png,Fake,Yes,,Yes,Yes,No,,Yes,2026-08-06T13:41:44,2026-08-06T13:41:54
ID000381,ema-watson,03.jpg,Fake,Yes,,Yes,Yes,Yes,,Yes,2026-08-06T13:41:55,2026-08-06T13:42:01
ID000047,Beyonacca,01.png,Real,Yes,Yes,Yes,Yes,,,Yes,2026-08-06T13:42:06,2026-08-06T13:42:56
ID000047,Beyonacca,01.png,Fake,Yes,,Yes,Yes,No,,Yes,2026-08-06T13:42:57,2026-08-06T13:43:06
ID000047,Beyonacca,02.jpg,Fake,Yes,,Yes,Yes,Yes,,Yes,2026-08-06T13:43:07,2026-08-06T13:43:13
ID000047,Beyonacca,03.jpg,Fake,No,,Yes,Yes,Yes,,No,2026-08-06T13:43:13,2026-08-06T13:43:20
ID000187,John-Wayne,01.jpg,Real,Yes,Yes,Yes,Yes,,,Yes,2026-08-06T13:43:22,2026-08-06T13:43:44
ID000187,John-Wayne,02.jpg,Real,Yes,Yes,Yes,Yes,,,Yes,2026-08-06T13:43:44,2026-08-06T13:43:53
ID000187,John-Wayne,03.jpg,Real,Yes,Yes,Yes,Yes,,,Yes,2026-08-06T13:43:53,2026-08-06T13:44:14
ID000187,John-Wayne,01.jpg,Fake,Yes,,Yes,Yes,No,,Yes,2026-08-06T13:44:15,2026-08-06T13:44:28
ID000187,John-Wayne,02.jpg,Fake,No,,Yes,Yes,No,,No,2026-08-06T13:44:28,2026-08-06T13:44:44
ID000187,John-Wayne,03.jpg,Fake,No,,Yes,Yes,No,,No,2026-08-06T13:44:44,2026-08-06T13:44:52
ID000187,John-Wayne,04.jpg,Fake,Yes,,Yes,Yes,Yes,,Yes,2026-08-06T13:44:52,2026-08-06T13:44:58
ID000234,Maggie-Smith,01.jpg,Real,Yes,Yes,Yes,Yes,,,Yes,2026-08-06T13:45:00,2026-08-06T13:46:01
ID000234,Maggie-Smith,01.jpg,Fake,Yes,,Yes,Yes,Yes,,Yes,2026-08-06T13:46:02,2026-08-06T13:46:08
ID000234,Maggie-Smith,02.jpg,Fake,Yes,,Yes,Yes,Yes,,Yes,2026-08-06T13:46:08,2026-08-06T13:46:15
ID000234,Maggie-Smith,03.jpg,Fake,Yes,,Yes,Yes,Yes,,No,2026-08-06T13:46:15,2026-08-06T13:46:30
ID000056,Burak-Özçivit,01.jpg,Real,Yes,Yes,Yes,Yes,,,Yes,2026-08-06T13:46:35,2026-08-06T13:47:04
ID000056,Burak-Özçivit,01.jpg,Fake,No,,Yes,Yes,No,,No,2026-08-06T13:47:05,2026-08-06T13:47:17
ID000056,Burak-Özçivit,02.jpg,Fake,No,,Yes,Yes,Yes,,No,2026-08-06T13:47:17,2026-08-06T13:47:26
ID000056,Burak-Özçivit,03.jpg,Fake,Yes,,Yes,Yes,No,,Yes,2026-08-06T13:47:27,2026-08-06T13:47:36
ID000367,Will-Smith,01.jpg,Real,Yes,Yes,Yes,Yes,,,Yes,2026-08-06T13:47:36,2026-08-06T13:47:51
ID000367,Will-Smith,02.jpg,Real,Yes,Yes,Yes,Yes,,,Yes,2026-08-06T13:47:51,2026-08-06T13:48:00
ID000367,Will-Smith,03.jpg,Real,Yes,Yes,Yes,Yes,,,Yes,2026-08-06T13:48:00,2026-08-06T13:48:10
ID000367,Will-Smith,01.jpg,Fake,Yes,,No,Yes,No,,No,2026-08-06T13:48:12,2026-08-06T13:48:30
ID000367,Will-Smith,02.jpg,Fake,Yes,,Yes,Yes,No,,Yes,2026-08-06T13:48:30,2026-08-06T13:48:38
ID000367,Will-Smith,03.jpg,Fake,Yes,,Yes,Yes,No,,Yes,2026-08-06T13:48:38,2026-08-06T13:48:44
ID000367,Will-Smith,04.jpg,Fake,Yes,,Yes,No,No,,No,2026-08-06T13:48:45,2026-08-06T13:48:55
ID000014,Alia-Butt,01.jpg,Real,Yes,Yes,Yes,Yes,,,Yes,2026-08-06T13:48:56,2026-08-06T13:49:07
ID000014,Alia-Butt,02.jpg,Real,Yes,Yes,Yes,Yes,,,Yes,2026-08-06T13:49:07,2026-08-06T13:49:14
ID000014,Alia-Butt,03.jpg,Real,Yes,Yes,Yes,Yes,,,Yes,2026-08-06T13:49:14,2026-08-06T13:49:22
ID000014,Alia-Butt,01.jpg,Fake,No,,Yes,Yes,No,,No,2026-08-06T13:49:24,2026-08-06T13:51:08
ID000014,Alia-Butt,02.jpg,Fake,No,,Yes,Yes,No,,No,2026-08-06T13:51:08,2026-08-06T13:51:18
ID000014,Alia-Butt,03.jpg,Fake,Yes,,Yes,No,No,,No,2026-08-06T13:51:18,2026-08-06T13:51:25
ID000014,Alia-Butt,04.png,Fake,Yes,,Yes,Yes,No,,Yes,2026-08-06T13:51:25,2026-08-06T13:51:36
ID000284,Ning-Yizhuo,01.png,Real,Yes,Yes,Yes,Yes,,,Yes,2026-08-06T13:51:37,2026-08-06T13:51:50
ID000284,Ning-Yizhuo,02.jpg,Real,Yes,Yes,Yes,Yes,,,Yes,2026-08-06T13:51:50,2026-08-06T13:52:07
ID000284,Ning-Yizhuo,03.jpg,Real,Yes,Yes,Yes,Yes,,,Yes,2026-08-06T13:52:07,2026-08-06T13:52:10
ID000284,Ning-Yizhuo,01.jpg,Fake,No,,Yes,No,No,,No,2026-08-06T13:52:12,2026-08-06T13:52:41
ID000284,Ning-Yizhuo,02.png,Fake,Yes,,Yes,Yes,No,,Yes,2026-08-06T13:52:41,2026-08-06T13:52:49
ID000110,Eva-Mendes,01.jpg,Real,Yes,Yes,Yes,Yes,,,Yes,2026-08-06T13:52:50,2026-08-06T13:53:10
ID000110,Eva-Mendes,02.jpg,Real,Yes,Yes,Yes,Yes,,,Yes,2026-08-06T13:53:10,2026-08-06T13:53:16
ID000110,Eva-Mendes,01.jpg,Fake,Yes,,Yes,Yes,Yes,,Yes,2026-08-06T13:53:17,2026-08-06T13:53:26
ID000110,Eva-Mendes,02.jpg,Fake,Yes,,Yes,Yes,No,,Yes,2026-08-06T13:53:26,2026-08-06T13:53:38
ID000110,Eva-Mendes,03.jpg,Fake,Yes,,Yes,No,No,,No,2026-08-06T13:53:38,2026-08-06T13:53:55
ID000178,Jim-Parsons,01.jpg,Real,Yes,Yes,Yes,Yes,,,Yes,2026-08-06T13:53:57,2026-08-06T13:54:43
ID000178,Jim-Parsons,02.jpg,Real,Yes,Yes,Yes,Yes,,,Yes,2026-08-06T13:54:43,2026-08-06T13:55:05
ID000178,Jim-Parsons,03.jpg,Real,Yes,Yes,Yes,Yes,,,Yes,2026-08-06T13:55:05,2026-08-06T13:55:20
ID000178,Jim-Parsons,01.jpg,Fake,Yes,,Yes,Yes,Yes,,No,2026-08-06T13:55:21,2026-08-06T13:55:27
ID000178,Jim-Parsons,02.jpg,Fake,Yes,,Yes,Yes,Yes,,Yes,2026-08-06T13:55:27,2026-08-06T13:55:34
ID000178,Jim-Parsons,03.jpg,Fake,Yes,,Yes,Yes,Yes,,Yes,2026-08-06T13:55:34,2026-08-06T13:55:40
ID000178,Jim-Parsons,04.jpg,Fake,Yes,,Yes,Yes,Yes,,Yes,2026-08-06T13:55:40,2026-08-06T13:55:44
ID000203,Katharine-Hepburn,01.jpg,Real,Yes,Yes,Yes,Yes,,,Yes,2026-08-06T13:55:59,2026-08-06T13:56:17
ID000203,Katharine-Hepburn,01.jpg,Fake,Yes,,Yes,Yes,Yes,,Yes,2026-08-06T13:56:17,2026-08-06T13:56:23
ID000203,Katharine-Hepburn,02.jpg,Fake,Yes,,Yes,Yes,Yes,,Yes,2026-08-06T13:56:23,2026-08-06T13:56:29
ID000203,Katharine-Hepburn,03.jpg,Fake,Yes,,Yes,Yes,No,,Yes,2026-08-06T13:56:29,2026-08-06T13:56:35
ID000203,Katharine-Hepburn,04.jpg,Fake,Yes,,Yes,Yes,Yes,,No,2026-08-06T13:56:35,2026-08-06T13:56:40
ID000203,Katharine-Hepburn,05.jpg,Fake,No,,Yes,Yes,No,,No,2026-08-06T13:56:40,2026-08-06T13:56:47
ID000203,Katharine-Hepburn,06.jpg,Fake,No,,Yes,Yes,No,,No,2026-08-06T13:56:47,2026-08-06T13:57:01
ID000159,Jake-Gyllenhaal,01.jpg,Real,Yes,Yes,Yes,Yes,,,Yes,2026-08-06T13:57:06,2026-08-06T13:57:27
ID000159,Jake-Gyllenhaal,02.jpg,Real,Yes,Yes,Yes,Yes,,,Yes,2026-08-06T13:57:27,2026-08-06T13:57:33
ID000159,Jake-Gyllenhaal,01.jpg,Fake,Yes,,Yes,Yes,Yes,,Yes,2026-08-06T13:57:34,2026-08-06T13:57:41
ID000159,Jake-Gyllenhaal,02.jpg,Fake,No,,Yes,Yes,No,,No,2026-08-06T13:57:41,2026-08-06T13:57:48
ID000159,Jake-Gyllenhaal,03.jpg,Fake,No,,Yes,Yes,Yes,,No,2026-08-06T13:57:48,2026-08-06T13:57:55
ID000159,Jake-Gyllenhaal,04.jpg,Fake,No,,Yes,Yes,Yes,,No,2026-08-06T13:57:55,2026-08-06T13:58:01
ID000325,Sediqullah-Atal,01.webp,Real,Yes,Yes,Yes,Yes,,,Yes,2026-08-06T13:58:02,2026-08-06T13:58:15
ID000325,Sediqullah-Atal,1.jpg,Fake,No,,No,No,Yes,,No,2026-08-06T13:58:16,2026-08-06T13:58:27
ID000071,Chris-Tucker,01.jpg,Real,Yes,Yes,Yes,Yes,,,Yes,2026-08-06T13:58:28,2026-08-06T13:58:42
ID000071,Chris-Tucker,01.jpg,Fake,No,,Yes,Yes,No,,No,2026-08-06T13:58:43,2026-08-06T13:58:49
ID000071,Chris-Tucker,02.jpg,Fake,No,,Yes,Yes,Yes,,No,2026-08-06T13:58:49,2026-08-06T13:59:05
ID000016,Alix-Earle,01.png,Real,Yes,Yes,Yes,Yes,,,Yes,2026-08-06T13:59:06,2026-08-06T13:59:18
ID000016,Alix-Earle,02.jpg,Real,Yes,Yes,Yes,Yes,,,Yes,2026-08-06T13:59:18,2026-08-06T13:59:27
ID000016,Alix-Earle,02.png,Fake,Yes,,Yes,Yes,No,,Yes,2026-08-06T13:59:28,2026-08-06T13:59:41
ID000016,Alix-Earle,03.jpg,Fake,No,,No,Yes,No,,No,2026-08-06T13:59:41,2026-08-06T13:59:56
ID000067,Charlton-Heston,01.jpg,Real,Yes,Yes,Yes,Yes,,,Yes,2026-08-06T13:59:57,2026-08-06T14:00:13
ID000067,Charlton-Heston,02.jpg,Real,Yes,Yes,Yes,Yes,,,Yes,2026-08-06T14:00:30,2026-08-06T14:02:09
ID000067,Charlton-Heston,01.jpg,Fake,Yes,,Yes,Yes,Yes,,Yes,2026-08-06T14:02:14,2026-08-06T14:02:22
ID000067,Charlton-Heston,02.jpg,Fake,Yes,,Yes,Yes,Yes,,Yes,2026-08-06T14:02:22,2026-08-06T14:04:08
ID000067,Charlton-Heston,03.jpg,Fake,Yes,,Yes,Yes,Yes,,No,2026-08-06T14:04:08,2026-08-06T14:04:16
ID000067,Charlton-Heston,04.jpg,Fake,Yes,,Yes,Yes,Yes,,No,2026-08-06T14:04:16,2026-08-06T14:04:41
ID000067,Charlton-Heston,05.jpg,Fake,No,,Yes,Yes,No,,No,2026-08-06T14:04:41,2026-08-06T14:05:05
ID000067,Charlton-Heston,06.png,Fake,No,,Yes,Yes,No,,No,2026-08-06T14:05:05,2026-08-06T14:05:14
ID000067,Charlton-Heston,07.png,Fake,No,,Yes,Yes,No,,No,2026-08-06T14:05:15,2026-08-06T14:05:22
ID000067,Charlton-Heston,08.png,Fake,No,,Yes,Yes,No,,No,2026-08-06T14:05:22,2026-08-06T14:05:29
ID000357,Tom-Hardy,01.jpg,Real,Yes,Yes,Yes,Yes,,,Yes,2026-08-06T14:05:33,2026-08-06T14:06:02
ID000357,Tom-Hardy,01.jpg,Fake,Yes,,Yes,Yes,Yes,,Yes,2026-08-06T14:06:03,2026-08-06T14:06:19
ID000357,Tom-Hardy,02.jpg,Fake,Yes,,Yes,Yes,Yes,,Yes,2026-08-06T14:06:19,2026-08-06T14:06:29
ID000357,Tom-Hardy,03.jpg,Fake,No,,Yes,Yes,No,,No,2026-08-06T14:06:29,2026-08-06T14:06:51
ID000357,Tom-Hardy,04.jpg,Fake,No,,Yes,Yes,No,,No,2026-08-06T14:06:51,2026-08-06T14:07:02
ID000357,Tom-Hardy,05.jpg,Fake,No,,Yes,Yes,No,,No,2026-08-06T14:07:02,2026-08-06T14:07:09
ID000066,Charlize-Theron,01.jpg,Real,Yes,Yes,Yes,Yes,,,Yes,2026-08-06T14:49:54,2026-08-06T14:51:36
ID000066,Charlize-Theron,02.jpg,Real,Yes,Yes,Yes,Yes,,,Yes,2026-08-06T14:51:36,2026-08-06T14:51:48
ID000066,Charlize-Theron,03.jpg,Real,Yes,Yes,Yes,Yes,,,Yes,2026-08-06T14:51:48,2026-08-06T14:52:23
ID000066,Charlize-Theron,01.jpg,Fake,Yes,,Yes,Yes,Yes,,Yes,2026-08-06T14:52:25,2026-08-06T14:52:36
ID000066,Charlize-Theron,02.jpg,Fake,Yes,,Yes,Yes,Yes,,No,2026-08-06T14:52:37,2026-08-06T14:52:52
ID000066,Charlize-Theron,03.jpg,Fake,Yes,,Yes,Yes,Yes,,Yes,2026-08-06T14:52:52,2026-08-06T14:52:57
ID000066,Charlize-Theron,04.jpg,Fake,Yes,,Yes,Yes,No,,Yes,2026-08-06T14:52:57,2026-08-06T14:53:02
ID000066,Charlize-Theron,05.jpg,Fake,Yes,,Yes,Yes,No,,No,2026-08-06T14:53:02,2026-08-06T14:53:14
ID000137,Heath-Ledger,01.jpg,Real,Yes,Yes,Yes,Yes,,,Yes,2026-08-06T14:53:22,2026-08-06T14:53:33
ID000137,Heath-Ledger,02.jpg,Real,Yes,Yes,Yes,Yes,,,Yes,2026-08-06T14:53:33,2026-08-06T14:53:41
ID000137,Heath-Ledger,03.jpg,Real,Yes,Yes,Yes,Yes,,,Yes,2026-08-06T14:53:41,2026-08-06T14:53:45
ID000137,Heath-Ledger,01.jpg,Fake,Yes,,Yes,Yes,Yes,,Yes,2026-08-06T14:53:48,2026-08-06T14:53:53
ID000137,Heath-Ledger,02.jpg,Fake,No,,Yes,Yes,Yes,,No,2026-08-06T14:53:54,2026-08-06T14:56:39
ID000137,Heath-Ledger,03.jpg,Fake,No,,Yes,Yes,Yes,,No,2026-08-06T14:56:39,2026-08-06T14:56:52
ID000137,Heath-Ledger,04.jpg,Fake,Yes,,Yes,Yes,No,,Yes,2026-08-06T14:56:52,2026-08-06T14:57:33
ID000137,Heath-Ledger,05.jpg,Fake,Yes,,Yes,Yes,No,,Yes,2026-08-06T14:57:33,2026-08-06T14:57:39
ID000312,Romain-Duris,01.jpg,Real,Yes,Yes,Yes,Yes,,,Yes,2026-08-06T14:57:44,2026-08-06T14:58:15
ID000312,Romain-Duris,02.jpg,Real,Yes,Yes,Yes,Yes,,,Yes,2026-08-06T14:58:16,2026-08-06T14:58:23
ID000312,Romain-Duris,01.jpg,Fake,No,,Yes,Yes,No,,No,2026-08-06T14:58:25,2026-08-06T14:58:52
ID000312,Romain-Duris,02.jpg,Fake,No,,No,No,No,,No,2026-08-06T14:58:52,2026-08-06T14:59:01
ID000073,Christian-Clavier,01.jpg,Real,Yes,Yes,Yes,Yes,,,Yes,2026-08-06T14:59:03,2026-08-06T15:00:14
ID000073,Christian-Clavier,02.jpg,Real,Yes,Yes,Yes,Yes,,,Yes,2026-08-06T15:00:14,2026-08-06T15:00:23
ID000073,Christian-Clavier,01.jpg,Fake,No,,Yes,Yes,Yes,,No,2026-08-06T15:00:40,2026-08-06T15:00:40
ID000265,Miles-Teller,01.jpg,Real,Yes,Yes,Yes,Yes,,,Yes,2026-08-06T15:00:41,2026-08-06T15:01:22
ID000265,Miles-Teller,01.jpg,Fake,Yes,,Yes,Yes,Yes,,Yes,2026-08-06T15:01:23,2026-08-06T15:01:29
ID000265,Miles-Teller,02.jpg,Fake,Yes,,Yes,Yes,Yes,,Yes,2026-08-06T15:01:29,2026-08-06T15:01:35
ID000265,Miles-Teller,03.jpg,Fake,No,,Yes,Yes,Yes,,No,2026-08-06T15:01:36,2026-08-06T15:01:42
ID000265,Miles-Teller,04.png,Fake,No,,Yes,Yes,No,,No,2026-08-06T15:01:43,2026-08-06T15:01:49
ID000265,Miles-Teller,05.jpg,Fake,Yes,,Yes,Yes,Yes,,Yes,2026-08-06T15:01:49,2026-08-06T15:02:00
ID000046,Benson-Boone,01.png,Real,Yes,Yes,Yes,Yes,,,Yes,2026-08-06T15:02:02,2026-08-06T15:03:18
ID000046,Benson-Boone,02.jpg,Real,Yes,Yes,Yes,Yes,,,Yes,2026-08-06T15:03:18,2026-08-06T15:03:31
ID000046,Benson-Boone,01.jpg,Fake,No,,Yes,Yes,No,,No,2026-08-06T15:03:32,2026-08-06T15:03:40
ID000046,Benson-Boone,02.jpg,Fake,No,,No,Yes,No,,No,2026-08-06T15:03:40,2026-08-06T15:03:51
ID000046,Benson-Boone,03.jpg,Fake,No,,No,Yes,No,,No,2026-08-06T15:03:51,2026-08-06T15:04:01
ID000046,Benson-Boone,04.png,Fake,Yes,,Yes,Yes,Yes,,Yes,2026-08-06T15:04:01,2026-08-06T15:04:11
ID000142,Holly-Hunter,01.jpg,Real,Yes,Yes,Yes,Yes,,,Yes,2026-08-06T15:04:13,2026-08-06T15:04:26
ID000142,Holly-Hunter,02.jpg,Real,Yes,Yes,Yes,Yes,,,Yes,2026-08-06T15:04:26,2026-08-06T15:04:39
ID000142,Holly-Hunter,01.png,Fake,No,,Yes,No,No,,No,2026-08-06T15:04:55,2026-08-06T15:05:07
ID000340,Steve-Zahn,01.jpg,Real,Yes,Yes,Yes,Yes,,,Yes,2026-08-06T15:05:09,2026-08-06T15:05:39
ID000340,Steve-Zahn,02.jpg,Real,Yes,Yes,Yes,Yes,,,Yes,2026-08-06T15:05:39,2026-08-06T15:05:52
ID000340,Steve-Zahn,01.jpg,Fake,No,,Yes,Yes,Yes,,No,2026-08-06T15:05:53,2026-08-06T15:05:59
ID000139,Helena-Bonham-Carter,01.jpg,Real,Yes,Yes,Yes,Yes,,,Yes,2026-08-06T15:06:00,2026-08-06T15:06:25
ID000139,Helena-Bonham-Carter,02.jpg,Real,Yes,Yes,Yes,Yes,,,Yes,2026-08-06T15:06:25,2026-08-06T15:06:32
ID000139,Helena-Bonham-Carter,01.jpg,Fake,Yes,,Yes,Yes,Yes,,Yes,2026-08-06T15:06:34,2026-08-06T15:06:39
ID000139,Helena-Bonham-Carter,02.jpg,Fake,Yes,,Yes,Yes,Yes,,Yes,2026-08-06T15:06:39,2026-08-06T15:06:45
ID000139,Helena-Bonham-Carter,03.jpg,Fake,No,,Yes,Yes,Yes,,No,2026-08-06T15:06:45,2026-08-06T15:06:51
ID000139,Helena-Bonham-Carter,04.jpg,Fake,No,,Yes,No,No,,No,2026-08-06T15:06:51,2026-08-06T15:06:57
ID000139,Helena-Bonham-Carter,05.jpg,Fake,Yes,,Yes,Yes,Yes,,Yes,2026-08-06T15:06:57,2026-08-06T15:07:06
ID000139,Helena-Bonham-Carter,06.jpg,Fake,Yes,,Yes,Yes,Yes,,No,2026-08-06T15:07:06,2026-08-06T15:07:12
ID000139,Helena-Bonham-Carter,07.jpg,Fake,No,,Yes,Yes,Yes,,No,2026-08-06T15:07:12,2026-08-06T15:07:21
ID000139,Helena-Bonham-Carter,08.jpg,Fake,No,,Yes,Yes,No,,No,2026-08-06T15:07:21,2026-08-06T15:07:28
ID000383,keiko-kitagawa,01.jpg,Real,Yes,Yes,Yes,Yes,,,Yes,2026-08-06T15:07:34,2026-08-06T15:08:08
ID000383,keiko-kitagawa,02.jpg,Real,Yes,Yes,Yes,Yes,,,Yes,2026-08-06T15:08:09,2026-08-06T15:08:15
ID000383,keiko-kitagawa,03.jpg,Real,Yes,Yes,Yes,Yes,,,Yes,2026-08-06T15:08:15,2026-08-06T15:08:29
ID000383,keiko-kitagawa,01.jpg,Fake,Yes,,Yes,Yes,Yes,,Yes,2026-08-06T15:08:30,2026-08-06T15:08:40
ID000383,keiko-kitagawa,02.jpg,Fake,No,,Yes,Yes,Yes,,No,2026-08-06T15:08:40,2026-08-06T15:08:46
ID000383,keiko-kitagawa,03.jpg,Fake,Yes,,Yes,Yes,No,,Yes,2026-08-06T15:08:46,2026-08-06T15:08:56
ID000143,Humphrey-Bogart,01.jpg,Real,Yes,Yes,Yes,Yes,,,Yes,2026-08-06T15:08:58,2026-08-06T15:09:27
ID000143,Humphrey-Bogart,02.jpg,Real,Yes,Yes,Yes,Yes,,,Yes,2026-08-06T15:09:28,2026-08-06T15:09:36
ID000143,Humphrey-Bogart,03.jpg,Real,Yes,Yes,Yes,Yes,,,Yes,2026-08-06T15:09:36,2026-08-06T15:09:45
ID000143,Humphrey-Bogart,01.jpg,Fake,No,,Yes,Yes,Yes,,No,2026-08-06T15:09:46,2026-08-06T15:09:55
ID000143,Humphrey-Bogart,02.jpg,Fake,Yes,,Yes,Yes,Yes,,Yes,2026-08-06T15:09:55,2026-08-06T15:10:06
ID000198,Jungkook,01.png,Real,Yes,Yes,Yes,Yes,,,Yes,2026-08-06T15:10:07,2026-08-06T15:10:19
ID000198,Jungkook,02.jpg,Real,Yes,Yes,Yes,Yes,,,Yes,2026-08-06T15:10:19,2026-08-06T15:10:26
ID000198,Jungkook,01.jpg,Fake,Yes,,Yes,Yes,Yes,,Yes,2026-08-06T15:10:27,2026-08-06T15:10:39
ID000198,Jungkook,02.jpg,Fake,No,,No,Yes,Yes,,No,2026-08-06T15:10:39,2026-08-06T15:10:53
ID000198,Jungkook,03.jpg,Fake,No,,No,Yes,Yes,,No,2026-08-06T15:10:53,2026-08-06T15:10:59
ID000198,Jungkook,04.png,Fake,No,,Yes,Yes,No,,No,2026-08-06T15:10:59,2026-08-06T15:11:26
ID000182,John-Cusack,01.jpg,Real,Yes,Yes,Yes,Yes,,,Yes,2026-08-06T15:11:28,2026-08-06T15:13:05
ID000182,John-Cusack,02.jpg,Real,Yes,Yes,Yes,Yes,,,Yes,2026-08-06T15:13:06,2026-08-06T15:13:29
ID000182,John-Cusack,01.jpg,Fake,Yes,,No,Yes,Yes,,No,2026-08-06T15:13:31,2026-08-06T15:13:40
ID000182,John-Cusack,02.jpg,Fake,No,,Yes,Yes,Yes,,No,2026-08-06T15:13:40,2026-08-06T15:13:48
ID000182,John-Cusack,03.jpg,Fake,No,,Yes,Yes,No,,No,2026-08-06T15:13:48,2026-08-06T15:13:55
ID000182,John-Cusack,04.jpg,Fake,No,,Yes,Yes,No,,No,2026-08-06T15:13:55,2026-08-06T15:14:03
ID000247,Marques-Brownlee-MKBHD,01.jpg,Real,Yes,Yes,Yes,Yes,,,Yes,2026-08-06T15:14:04,2026-08-06T15:15:03
ID000247,Marques-Brownlee-MKBHD,02.png,Real,Yes,Yes,Yes,Yes,,,Yes,2026-08-06T15:15:04,2026-08-06T15:15:17
ID000247,Marques-Brownlee-MKBHD,01.jpg,Fake,No,,No,Yes,Yes,,No,2026-08-06T15:15:18,2026-08-06T15:15:28
ID000117,Gabriel-Boric,01.jpg,Real,Yes,Yes,Yes,Yes,,,Yes,2026-08-06T15:15:29,2026-08-06T15:15:53
ID000117,Gabriel-Boric,02.jpg,Real,Yes,Yes,Yes,Yes,,,Yes,2026-08-06T15:15:54,2026-08-06T15:16:20
ID000117,Gabriel-Boric,01.png,Fake,Yes,,Yes,Yes,No,,Yes,2026-08-06T15:16:21,2026-08-06T15:16:28
ID000219,Kurt-Russell,01.jpg,Real,Yes,Yes,Yes,Yes,,,Yes,2026-08-06T15:16:29,2026-08-06T15:16:52
ID000219,Kurt-Russell,01.jpg,Fake,No,,Yes,Yes,Yes,,No,2026-08-06T15:16:53,2026-08-06T15:16:59
ID000219,Kurt-Russell,02.jpg,Fake,No,,Yes,Yes,No,,No,2026-08-06T15:16:59,2026-08-06T15:17:07
ID000266,Mina,01.jpg,Real,Yes,Yes,Yes,Yes,,,Yes,2026-08-06T15:17:09,2026-08-06T15:17:29
ID000266,Mina,02.jpg,Real,Yes,Yes,Yes,Yes,,,Yes,2026-08-06T15:17:29,2026-08-06T15:17:47
ID000266,Mina,01.jpg,Fake,No,,Yes,Yes,Yes,,No,2026-08-06T15:17:48,2026-08-06T15:17:54
ID000266,Mina,02.jpg,Fake,No,,Yes,Yes,Yes,,No,2026-08-06T15:17:54,2026-08-06T15:18:26
ID000266,Mina,03.jpg,Fake,No,,Yes,Yes,Yes,,No,2026-08-06T15:18:26,2026-08-06T15:18:30
ID000108,Eugenio-Derbez,01.png,Real,Yes,Yes,Yes,Yes,,,Yes,2026-08-06T15:18:31,2026-08-06T15:18:55
ID000108,Eugenio-Derbez,02.jpg,Real,Yes,Yes,Yes,Yes,,,Yes,2026-08-06T15:18:55,2026-08-06T15:19:02
ID000108,Eugenio-Derbez,03.jpg,Real,Yes,Yes,Yes,Yes,,,Yes,2026-08-06T15:19:02,2026-08-06T15:19:10
ID000108,Eugenio-Derbez,01.jpg,Fake,No,,Yes,Yes,No,,No,2026-08-06T15:19:11,2026-08-06T15:19:15
ID000108,Eugenio-Derbez,02.jpg,Fake,Yes,,Yes,Yes,Yes,,Yes,2026-08-06T15:19:15,2026-08-06T15:19:23
ID000108,Eugenio-Derbez,03.jpg,Fake,Yes,,Yes,Yes,Yes,,Yes,2026-08-06T15:19:23,2026-08-06T15:19:26
ID000108,Eugenio-Derbez,04.png,Fake,No,,Yes,Yes,No,,No,2026-08-06T15:19:26,2026-08-06T15:19:30
ID000118,Gene-Hackman,01.jpg,Real,Yes,Yes,Yes,Yes,,,Yes,2026-08-06T15:19:31,2026-08-06T15:19:46
ID000118,Gene-Hackman,02.jpg,Real,Yes,Yes,Yes,Yes,,,Yes,2026-08-06T15:19:46,2026-08-06T15:20:01
ID000118,Gene-Hackman,03.jpg,Real,Yes,Yes,Yes,Yes,,,Yes,2026-08-06T15:20:01,2026-08-06T15:20:20
ID000118,Gene-Hackman,01.jpg,Fake,No,,Yes,Yes,Yes,,No,2026-08-06T15:20:22,2026-08-06T15:20:34
ID000118,Gene-Hackman,02.jpg,Fake,No,,Yes,Yes,Yes,,No,2026-08-06T15:20:34,2026-08-06T15:20:40
ID000118,Gene-Hackman,03.jpg,Fake,No,,Yes,Yes,Yes,,No,2026-08-06T15:20:40,2026-08-06T15:20:45
ID000118,Gene-Hackman,04.png,Fake,No,,Yes,Yes,Yes,,No,2026-08-06T15:20:45,2026-08-06T15:20:52
ID000118,Gene-Hackman,05.png,Fake,No,,Yes,Yes,No,,No,2026-08-06T15:20:52,2026-08-06T15:20:56
ID000118,Gene-Hackman,06.png,Fake,No,,Yes,Yes,No,,No,2026-08-06T15:20:56,2026-08-06T15:21:10
ID000215,Kim-Jong-Un,01.jpg,Real,Yes,Yes,Yes,Yes,,,Yes,2026-08-06T15:21:11,2026-08-06T15:21:24
ID000215,Kim-Jong-Un,02.jpg,Real,Yes,Yes,Yes,Yes,,,Yes,2026-08-06T15:21:24,2026-08-06T15:21:27
ID000215,Kim-Jong-Un,03.jpg,Real,Yes,Yes,Yes,Yes,,,Yes,2026-08-06T15:21:27,2026-08-06T15:21:30
ID000215,Kim-Jong-Un,01.jpg,Fake,Yes,,Yes,Yes,Yes,,Yes,2026-08-06T15:21:31,2026-08-06T15:21:35
ID000215,Kim-Jong-Un,02.png,Fake,No,,Yes,Yes,Yes,,No,2026-08-06T15:21:35,2026-08-06T15:21:57
ID000215,Kim-Jong-Un,03.png,Fake,Yes,,Yes,Yes,No,,Yes,2026-08-06T15:21:57,2026-08-06T15:22:02
ID000215,Kim-Jong-Un,04.jpg,Fake,Yes,,Yes,Yes,Yes,,Yes,2026-08-06T15:22:02,2026-08-06T15:22:05
ID000278,Neymar,01.jpg,Real,Yes,Yes,Yes,Yes,,,Yes,2026-08-06T15:22:08,2026-08-06T15:23:16
ID000278,Neymar,02.jpg,Real,Yes,Yes,Yes,Yes,,,Yes,2026-08-06T15:23:16,2026-08-06T15:23:20
ID000278,Neymar,01.jpg,Fake,Yes,,Yes,Yes,Yes,,No,2026-08-06T15:23:21,2026-08-06T15:23:25
ID000278,Neymar,110.png,Fake,Yes,,Yes,Yes,No,,Yes,2026-08-06T15:23:25,2026-08-06T15:23:28
ID000282,Nicky-Campbell,01.jpg,Real,Yes,Yes,Yes,Yes,,,Yes,2026-08-06T15:23:36,2026-08-06T15:24:02
ID000282,Nicky-Campbell,02.jpg,Real,No,Yes,Yes,Yes,,,No,2026-08-06T15:24:03,2026-08-06T15:24:31
ID000282,Nicky-Campbell,03.jpg,Real,Yes,Yes,Yes,Yes,,,Yes,2026-08-06T15:24:31,2026-08-06T15:24:48
ID000282,Nicky-Campbell,01.jpg,Fake,No,,Yes,Yes,No,,No,2026-08-06T15:24:50,2026-08-06T15:25:00
ID000282,Nicky-Campbell,02.jpg,Fake,No,,Yes,Yes,No,,No,2026-08-06T15:25:00,2026-08-06T15:25:04
ID000282,Nicky-Campbell,03.jpg,Fake,No,,Yes,Yes,No,,No,2026-08-06T15:25:04,2026-08-06T15:25:08
ID000210,Kevin-Costner,01.jpg,Real,Yes,Yes,Yes,Yes,,,Yes,2026-08-06T15:25:10,2026-08-06T15:26:04
ID000210,Kevin-Costner,02.jpg,Real,Yes,Yes,Yes,Yes,,,Yes,2026-08-06T15:26:05,2026-08-06T15:26:14
ID000210,Kevin-Costner,01.jpg,Fake,No,,No,Yes,Yes,,No,2026-08-06T15:26:15,2026-08-06T15:26:24
ID000210,Kevin-Costner,02.jpg,Fake,Yes,,No,Yes,No,,No,2026-08-06T15:26:24,2026-08-06T15:26:46
ID000210,Kevin-Costner,03.jpg,Fake,No,,Yes,Yes,Yes,,No,2026-08-06T15:26:47,2026-08-06T15:27:00
ID000004,Abdulnasser-Bin-Kalban,01.jpg,Real,Yes,Yes,Yes,Yes,,,Yes,2026-08-06T15:27:02,2026-08-06T15:27:20
ID000004,Abdulnasser-Bin-Kalban,02.jpg,Real,Yes,Yes,Yes,Yes,,,Yes,2026-08-06T15:27:20,2026-08-06T15:27:24
ID000004,Abdulnasser-Bin-Kalban,01.jpg,Fake,No,,No,Yes,Yes,,No,2026-08-06T15:27:25,2026-08-06T15:27:31
ID000339,Sophie-Devine,01.jpg,Real,Yes,Yes,Yes,Yes,,,Yes,2026-08-06T15:27:32,2026-08-06T15:28:29
ID000339,Sophie-Devine,02.png,Real,Yes,Yes,Yes,Yes,,,Yes,2026-08-06T15:28:29,2026-08-06T15:28:33
ID000339,Sophie-Devine,01.jpg,Fake,No,,Yes,Yes,Yes,,No,2026-08-06T15:28:34,2026-08-06T15:28:38
ID000339,Sophie-Devine,02.jpg,Fake,No,,Yes,Yes,Yes,,No,2026-08-06T15:28:39,2026-08-06T15:28:42
ID000249,Martin-Ødegaard,01.jpg,Real,Yes,Yes,Yes,Yes,,,Yes,2026-08-06T15:28:43,2026-08-06T15:29:12
ID000249,Martin-Ødegaard,01.jpg,Fake,Yes,,No,Yes,Yes,,No,2026-08-06T15:29:13,2026-08-06T15:29:29
ID000358,Tony-Leung-Chiu-Wai,01.jpg,Real,Yes,Yes,Yes,Yes,,,Yes,2026-08-06T15:29:31,2026-08-06T15:29:47
ID000358,Tony-Leung-Chiu-Wai,02.jpg,Real,Yes,Yes,Yes,Yes,,,Yes,2026-08-06T15:29:48,2026-08-06T15:29:52
ID000358,Tony-Leung-Chiu-Wai,03.jpg,Real,Yes,Yes,Yes,Yes,,,Yes,2026-08-06T15:29:53,2026-08-06T15:30:02
ID000358,Tony-Leung-Chiu-Wai,01.jpg,Fake,Yes,,Yes,Yes,No,,Yes,2026-08-06T15:30:04,2026-08-06T15:30:31
ID000358,Tony-Leung-Chiu-Wai,02.jpg,Fake,Yes,,Yes,Yes,No,,Yes,2026-08-06T15:30:32,2026-08-06T15:30:36
ID000208,Kenan-Yildiz,01.jpg,Real,Yes,Yes,Yes,Yes,,,Yes,2026-08-06T15:30:37,2026-08-06T15:30:59
ID000208,Kenan-Yildiz,01.jpg,Fake,No,,Yes,Yes,No,,No,2026-08-06T15:31:00,2026-08-06T15:31:05
ID000208,Kenan-Yildiz,02.jpg,Fake,Yes,,Yes,Yes,Yes,,Yes,2026-08-06T15:31:06,2026-08-06T15:31:10
ID000275,Nasser-Al-Huqbani,01.jpg,Real,Yes,Yes,Yes,Yes,,,Yes,2026-08-06T15:31:11,2026-08-06T15:32:27
ID000275,Nasser-Al-Huqbani,02.jpg,Real,Yes,Yes,Yes,Yes,,,Yes,2026-08-06T15:32:27,2026-08-06T15:32:33
ID000275,Nasser-Al-Huqbani,03.jpg,Real,Yes,Yes,Yes,Yes,,,Yes,2026-08-06T15:32:33,2026-08-06T15:32:38
ID000275,Nasser-Al-Huqbani,01.jpg,Fake,No,,Yes,Yes,Yes,,No,2026-08-06T15:32:39,2026-08-06T15:32:50
ID000275,Nasser-Al-Huqbani,02.jpg,Fake,No,,Yes,Yes,No,,No,2026-08-06T15:32:50,2026-08-06T15:32:56
ID000352,Tim-Curry,01.jpg,Real,Yes,Yes,Yes,Yes,,,Yes,2026-08-06T15:32:58,2026-08-06T15:33:51
ID000352,Tim-Curry,02.jpg,Real,Yes,Yes,Yes,Yes,,,Yes,2026-08-06T15:33:51,2026-08-06T15:34:02
ID000352,Tim-Curry,03.jpg,Real,Yes,Yes,Yes,Yes,,,No,2026-08-06T15:34:02,2026-08-06T15:56:47
ID000352,Tim-Curry,01.jpg,Fake,No,,Yes,Yes,No,,No,2026-08-06T15:56:51,2026-08-06T15:57:02
ID000352,Tim-Curry,02.png,Fake,No,,Yes,Yes,No,,No,2026-08-06T15:57:02,2026-08-06T15:57:31
ID000352,Tim-Curry,03.jpg,Fake,No,,No,Yes,No,,No,2026-08-06T15:57:31,2026-08-06T15:57:39
ID000352,Tim-Curry,04.jpg,Fake,Yes,,Yes,Yes,Yes,,Yes,2026-08-06T15:57:39,2026-08-06T15:57:49
ID000352,Tim-Curry,05.jpg,Fake,No,,Yes,Yes,Yes,,No,2026-08-06T15:57:49,2026-08-06T15:57:59
ID000089,Diane-Lane,01.jpg,Real,Yes,Yes,Yes,Yes,,,Yes,2026-08-06T15:58:00,2026-08-06T16:01:07
ID000089,Diane-Lane,01.jpg,Fake,No,,Yes,Yes,No,,No,2026-08-06T16:01:09,2026-08-06T16:01:19
ID000089,Diane-Lane,02.jpg,Fake,Yes,,Yes,Yes,Yes,,Yes,2026-08-06T16:01:19,2026-08-06T16:01:30
ID000089,Diane-Lane,03.jpg,Fake,No,,Yes,Yes,Yes,,No,2026-08-06T16:01:30,2026-08-06T16:01:35
ID000089,Diane-Lane,04.jpg,Fake,Yes,,Yes,Yes,No,,Yes,2026-08-06T16:01:35,2026-08-06T16:01:42
ID000001,Aaron-Judge,01.jpg,Real,Yes,Yes,Yes,Yes,,,Yes,2026-08-06T16:01:43,2026-08-06T16:02:13
ID000001,Aaron-Judge,01.jpg,Fake,Yes,,Yes,Yes,Yes,,No,2026-08-06T16:02:14,2026-08-06T16:02:20
ID000001,Aaron-Judge,02.jpg,Fake,Yes,,Yes,Yes,Yes,,Yes,2026-08-06T16:02:20,2026-08-06T16:02:23
ID000171,Jennifer-Connelly,01.png,Real,Yes,Yes,Yes,Yes,,,Yes,2026-08-06T16:02:26,2026-08-06T16:02:43
ID000171,Jennifer-Connelly,02.jpg,Real,Yes,Yes,Yes,Yes,,,Yes,2026-08-06T16:02:43,2026-08-06T16:02:57
ID000171,Jennifer-Connelly,01.jpg,Fake,Yes,,Yes,Yes,Yes,,Yes,2026-08-06T16:02:58,2026-08-06T16:03:04
ID000171,Jennifer-Connelly,02.jpg,Fake,Yes,,Yes,Yes,No,,Yes,2026-08-06T16:03:04,2026-08-06T16:03:07
ID000171,Jennifer-Connelly,03.jpg,Fake,No,,Yes,Yes,No,,No,2026-08-06T16:03:07,2026-08-06T16:03:13
ID000171,Jennifer-Connelly,04.jpg,Fake,Yes,,Yes,Yes,Yes,,No,2026-08-06T16:03:13,2026-08-06T16:03:22
ID000031,Arnold-Schwarzenegger,01.jpg,Real,Yes,Yes,Yes,Yes,,,Yes,2026-08-06T16:03:30,2026-08-06T16:03:55
ID000031,Arnold-Schwarzenegger,01.jpg,Fake,No,,Yes,Yes,Yes,,No,2026-08-06T16:03:57,2026-08-06T16:04:10
ID000031,Arnold-Schwarzenegger,02.jpg,Fake,Yes,,Yes,Yes,Yes,,Yes,2026-08-06T16:04:10,2026-08-06T16:04:13
ID000031,Arnold-Schwarzenegger,03.jpg,Fake,Yes,,Yes,Yes,No,,Yes,2026-08-06T16:04:14,2026-08-06T16:04:18
ID000031,Arnold-Schwarzenegger,04.jpg,Fake,Yes,,Yes,Yes,Yes,,No,2026-08-06T16:04:18,2026-08-06T16:04:26
ID000031,Arnold-Schwarzenegger,05.png,Fake,Yes,,Yes,Yes,No,,No,2026-08-06T16:04:26,2026-08-06T16:04:31
ID000031,Arnold-Schwarzenegger,06.jpg,Fake,Yes,,Yes,Yes,No,,Yes,2026-08-06T16:04:31,2026-08-06T16:04:36
ID000076,Clint-Eastwood,01.jpg,Real,Yes,Yes,Yes,Yes,,,Yes,2026-08-06T16:04:56,2026-08-06T16:05:11
ID000076,Clint-Eastwood,02.jpg,Real,Yes,Yes,Yes,Yes,,,Yes,2026-08-06T16:05:11,2026-08-06T16:05:22
ID000076,Clint-Eastwood,01.png,Fake,Yes,,Yes,Yes,Yes,,No,2026-08-06T16:05:23,2026-08-06T16:05:44
ID000076,Clint-Eastwood,02.jpg,Fake,Yes,,Yes,Yes,Yes,,Yes,2026-08-06T16:05:44,2026-08-06T16:05:48
ID000076,Clint-Eastwood,03.jpg,Fake,Yes,,Yes,Yes,Yes,,Yes,2026-08-06T16:05:48,2026-08-06T16:05:52
ID000348,Thomas-Jane,01.jpg,Real,Yes,Yes,Yes,Yes,,,Yes,2026-08-06T16:05:54,2026-08-06T16:06:07
ID000348,Thomas-Jane,02.jpg,Real,Yes,Yes,Yes,Yes,,,Yes,2026-08-06T16:06:08,2026-08-06T16:06:10
ID000348,Thomas-Jane,03.jpg,Real,Yes,Yes,Yes,Yes,,,Yes,2026-08-06T16:06:10,2026-08-06T16:06:19
ID000348,Thomas-Jane,01.jpg,Fake,Yes,,Yes,Yes,Yes,,Yes,2026-08-06T16:06:20,2026-08-06T16:06:31
ID000348,Thomas-Jane,03.jpg,Fake,Yes,,Yes,Yes,No,,No,2026-08-06T16:06:31,2026-08-06T16:06:36
ID000348,Thomas-Jane,04.jpg,Fake,Yes,,No,Yes,Yes,,No,2026-08-06T16:06:36,2026-08-06T16:06:43
ID000145,IU,01.jpg,Real,Yes,Yes,Yes,Yes,,,Yes,2026-08-06T16:06:47,2026-08-06T16:07:00
ID000145,IU,01.jpg,Fake,Yes,,Yes,Yes,Yes,,Yes,2026-08-06T16:07:04,2026-08-06T16:07:12
ID000145,IU,02.jpg,Fake,Yes,,Yes,Yes,Yes,,Yes,2026-08-06T16:07:13,2026-08-06T16:07:16
ID000145,IU,03.jpg,Fake,Yes,,Yes,Yes,Yes,,No,2026-08-06T16:07:16,2026-08-06T16:07:21
ID000145,IU,04.jpg,Fake,Yes,,Yes,Yes,No,,Yes,2026-08-06T16:07:21,2026-08-06T16:08:26
ID000106,Eric-Bana,01.jpg,Real,Yes,Yes,Yes,Yes,,,Yes,2026-08-06T16:08:34,2026-08-06T16:08:46
ID000106,Eric-Bana,02.jpg,Real,Yes,Yes,Yes,Yes,,,Yes,2026-08-06T16:08:46,2026-08-06T16:08:56
ID000106,Eric-Bana,01.jpg,Fake,Yes,,Yes,Yes,Yes,,Yes,2026-08-06T16:08:57,2026-08-06T16:09:08
ID000106,Eric-Bana,02.png,Fake,Yes,,Yes,Yes,Yes,,Yes,2026-08-06T16:09:08,2026-08-06T16:09:12
ID000106,Eric-Bana,03.png,Fake,Yes,,Yes,Yes,Yes,,Yes,2026-08-06T16:09:13,2026-08-06T16:09:16
ID000106,Eric-Bana,04.png,Fake,Yes,,Yes,Yes,Yes,,No,2026-08-06T16:09:16,2026-08-06T16:09:23
ID000034,Audrey-Hepburn,01.jpg,Real,Yes,Yes,Yes,Yes,,,Yes,2026-08-06T16:09:28,2026-08-06T16:09:45
ID000034,Audrey-Hepburn,02.jpg,Real,Yes,Yes,Yes,Yes,,,Yes,2026-08-06T16:09:45,2026-08-06T16:09:48
ID000034,Audrey-Hepburn,03.jpg,Real,Yes,Yes,Yes,Yes,,,Yes,2026-08-06T16:09:48,2026-08-06T16:09:51
ID000034,Audrey-Hepburn,01.jpg,Fake,Yes,,Yes,Yes,Yes,,Yes,2026-08-06T16:09:53,2026-08-06T16:09:56
ID000034,Audrey-Hepburn,02.jpg,Fake,Yes,,Yes,Yes,No,,Yes,2026-08-06T16:09:56,2026-08-06T16:10:00
ID000034,Audrey-Hepburn,03.jpg,Fake,Yes,,Yes,Yes,Yes,,Yes,2026-08-06T16:10:00,2026-08-06T16:10:03
ID000034,Audrey-Hepburn,04.jpg,Fake,No,,No,Yes,Yes,,No,2026-08-06T16:10:03,2026-08-06T16:10:13
ID000025,Anthony-Hopkins,01.jpg,Real,Yes,Yes,Yes,Yes,,,Yes,2026-08-06T16:10:16,2026-08-06T16:10:48
ID000025,Anthony-Hopkins,02.jpg,Real,Yes,Yes,Yes,Yes,,,Yes,2026-08-06T16:10:48,2026-08-06T16:10:52
ID000025,Anthony-Hopkins,03.jpg,Real,Yes,Yes,Yes,Yes,,,Yes,2026-08-06T16:10:52,2026-08-06T16:11:04
ID000025,Anthony-Hopkins,01.jpg,Fake,Yes,,Yes,Yes,No,,No,2026-08-06T16:11:05,2026-08-06T16:11:11
ID000025,Anthony-Hopkins,02.jpg,Fake,Yes,,Yes,Yes,No,,Yes,2026-08-06T16:11:11,2026-08-06T16:11:14
ID000025,Anthony-Hopkins,03.jpg,Fake,Yes,,Yes,Yes,No,,Yes,2026-08-06T16:11:14,2026-08-06T16:11:17
ID000025,Anthony-Hopkins,05.jpg,Fake,Yes,,Yes,Yes,Yes,,Yes,2026-08-06T16:11:17,2026-08-06T16:11:23
ID000025,Anthony-Hopkins,06.jpg,Fake,No,,Yes,Yes,Yes,,No,2026-08-06T16:11:23,2026-08-06T16:11:27
ID000111,Ewan-McGregor,01.jpg,Real,Yes,Yes,Yes,Yes,,,Yes,2026-08-06T16:11:36,2026-08-06T16:12:11
ID000111,Ewan-McGregor,02.jpg,Real,Yes,Yes,Yes,Yes,,,Yes,2026-08-06T16:12:11,2026-08-06T16:12:18
ID000111,Ewan-McGregor,03.jpg,Real,Yes,Yes,Yes,Yes,,,Yes,2026-08-06T16:12:18,2026-08-06T16:12:29
ID000111,Ewan-McGregor,01.jpg,Fake,Yes,,Yes,Yes,Yes,,Yes,2026-08-06T16:12:30,2026-08-06T16:12:35
ID000061,Carey-Mulligan,01.jpg,Real,Yes,Yes,Yes,Yes,,,Yes,2026-08-06T16:12:36,2026-08-06T16:13:06
ID000061,Carey-Mulligan,02.jpg,Real,Yes,Yes,Yes,Yes,,,Yes,2026-08-06T16:13:06,2026-08-06T16:13:09
ID000061,Carey-Mulligan,01.png,Fake,Yes,,Yes,Yes,Yes,,Yes,2026-08-06T16:13:10,2026-08-06T16:13:14
ID000061,Carey-Mulligan,02.png,Fake,No,,Yes,Yes,No,,No,2026-08-06T16:13:14,2026-08-06T16:13:21
ID000006,Agatha-moreira,01.jpg,Real,Yes,Yes,Yes,Yes,,,Yes,2026-08-06T16:13:22,2026-08-06T16:13:54
ID000006,Agatha-moreira,02.jpg,Real,Yes,Yes,Yes,Yes,,,Yes,2026-08-06T16:13:54,2026-08-06T16:14:23
ID000006,Agatha-moreira,03.jpg,Real,Yes,Yes,Yes,Yes,,,Yes,2026-08-06T16:14:23,2026-08-06T16:14:35
ID000006,Agatha-moreira,01.jpg,Fake,No,,Yes,Yes,No,,No,2026-08-06T16:14:36,2026-08-06T16:14:43
ID000006,Agatha-moreira,02.jpg,Fake,No,,Yes,Yes,No,,No,2026-08-06T16:14:43,2026-08-06T16:14:47
ID000006,Agatha-moreira,03.png,Fake,No,,Yes,Yes,No,,No,2026-08-06T16:14:47,2026-08-06T16:14:51
ID000134,Hannah-Stocking,01.png,Real,Yes,Yes,Yes,Yes,,,Yes,2026-08-06T16:14:53,2026-08-06T16:15:32
ID000134,Hannah-Stocking,02.jpg,Real,Yes,Yes,Yes,Yes,,,Yes,2026-08-06T16:15:32,2026-08-06T16:15:35
ID000134,Hannah-Stocking,01.jpg,Fake,No,,Yes,Yes,No,,No,2026-08-06T16:15:37,2026-08-06T16:15:41
ID000134,Hannah-Stocking,02.jpg,Fake,No,,Yes,Yes,No,,No,2026-08-06T16:15:41,2026-08-06T16:15:48
ID000134,Hannah-Stocking,03.jpg,Fake,Yes,,Yes,Yes,Yes,,Yes,2026-08-06T16:15:48,2026-08-06T16:15:51
ID000134,Hannah-Stocking,04.jpg,Fake,No,,Yes,Yes,No,,No,2026-08-06T16:15:52,2026-08-06T16:15:56
ID000338,Song-Hye-Kyo,01.jpg,Real,Yes,Yes,Yes,Yes,,,Yes,2026-08-06T16:15:57,2026-08-06T16:16:22
ID000338,Song-Hye-Kyo,02.jpg,Real,Yes,Yes,Yes,Yes,,,Yes,2026-08-06T16:16:22,2026-08-06T16:16:25
ID000338,Song-Hye-Kyo,01.jpg,Fake,No,,No,No,No,,No,2026-08-06T16:16:26,2026-08-06T16:16:35
ID000338,Song-Hye-Kyo,02.jpg,Fake,Yes,,Yes,Yes,No,,Yes,2026-08-06T16:16:35,2026-08-06T16:16:51
ID000338,Song-Hye-Kyo,05.png,Fake,Yes,,Yes,No,No,,No,2026-08-06T16:16:51,2026-08-06T16:17:01
ID000030,Antony,01.jpg,Real,Yes,Yes,Yes,Yes,,,Yes,2026-08-06T16:17:03,2026-08-06T16:17:21
ID000030,Antony,02.jpg,Real,Yes,Yes,Yes,Yes,,,Yes,2026-08-06T16:17:21,2026-08-06T16:17:24
ID000030,Antony,01.jpg,Fake,No,,Yes,Yes,Yes,,No,2026-08-06T16:17:25,2026-08-06T16:17:30
ID000030,Antony,02.jpg,Fake,Yes,,Yes,Yes,No,,Yes,2026-08-06T16:17:30,2026-08-06T16:17:36
ID000199,Justin-Timberlake,01.jpg,Real,Yes,Yes,Yes,Yes,,,Yes,2026-08-06T16:17:37,2026-08-06T16:17:56
ID000199,Justin-Timberlake,02.png,Real,Yes,Yes,Yes,Yes,,,Yes,2026-08-06T16:17:56,2026-08-06T16:17:59
ID000199,Justin-Timberlake,03.jpg,Real,Yes,Yes,Yes,Yes,,,No,2026-08-06T16:17:59,2026-08-06T16:18:30
ID000199,Justin-Timberlake,02.jpg,Fake,Yes,,Yes,Yes,Yes,,Yes,2026-08-06T16:18:34,2026-08-06T16:18:39
ID000199,Justin-Timberlake,03.jpg,Fake,Yes,,Yes,Yes,Yes,,Yes,2026-08-06T16:18:39,2026-08-06T16:18:42
ID000112,Fawad-Khan,01.jpg,Real,Yes,Yes,Yes,Yes,,,Yes,2026-08-06T16:18:45,2026-08-06T16:18:53
ID000112,Fawad-Khan,02.jpg,Real,Yes,Yes,Yes,Yes,,,Yes,2026-08-06T16:18:53,2026-08-06T16:18:56
ID000112,Fawad-Khan,01.jpg,Fake,Yes,,No,Yes,Yes,,No,2026-08-06T16:18:57,2026-08-06T16:19:08
ID000112,Fawad-Khan,02.png,Fake,Yes,,Yes,Yes,Yes,,Yes,2026-08-06T16:19:08,2026-08-06T16:19:15
ID000020,Andrew-Garfield,01.jpg,Real,Yes,Yes,Yes,Yes,,,Yes,2026-08-06T16:19:16,2026-08-06T16:19:22
ID000020,Andrew-Garfield,02.jpg,Real,Yes,Yes,Yes,Yes,,,Yes,2026-08-06T16:19:22,2026-08-06T16:19:29
ID000020,Andrew-Garfield,01.jpg,Fake,Yes,,Yes,Yes,Yes,,Yes,2026-08-06T16:19:30,2026-08-06T16:19:34
ID000020,Andrew-Garfield,02.jpg,Fake,Yes,,Yes,Yes,Yes,,Yes,2026-08-06T16:19:34,2026-08-06T16:19:38
ID000242,Mario-Götze,01.jpg,Real,Yes,Yes,Yes,Yes,,,Yes,2026-08-06T16:19:39,2026-08-06T16:19:53
ID000242,Mario-Götze,02.jpg,Real,Yes,Yes,Yes,Yes,,,Yes,2026-08-06T16:19:53,2026-08-06T16:20:02
ID000242,Mario-Götze,03.jpg,Real,Yes,Yes,Yes,Yes,,,Yes,2026-08-06T16:20:02,2026-08-06T16:20:09
ID000242,Mario-Götze,01.jpg,Fake,Yes,,Yes,Yes,Yes,,Yes,2026-08-06T16:20:11,2026-08-06T16:20:17
ID000242,Mario-Götze,02.jpg,Fake,No,,Yes,Yes,Yes,,No,2026-08-06T16:20:17,2026-08-06T16:20:22
ID000255,Michael-Caine,01.jpg,Real,Yes,Yes,Yes,Yes,,,Yes,2026-08-06T16:20:24,2026-08-06T16:20:41
ID000255,Michael-Caine,02.jpg,Real,Yes,Yes,Yes,Yes,,,Yes,2026-08-06T16:20:41,2026-08-06T16:20:44
ID000255,Michael-Caine,01.png,Fake,Yes,,Yes,Yes,No,,No,2026-08-06T16:20:44,2026-08-06T16:21:05
ID000255,Michael-Caine,02.jpg,Fake,Yes,,Yes,Yes,Yes,,Yes,2026-08-06T16:21:05,2026-08-06T16:21:11
ID000255,Michael-Caine,03.jpg,Fake,Yes,,Yes,Yes,No,,Yes,2026-08-06T16:21:11,2026-08-06T16:21:15
ID000258,Michael-Keaton,01.jpg,Real,Yes,Yes,Yes,Yes,,,Yes,2026-08-06T16:21:20,2026-08-06T16:21:36
ID000258,Michael-Keaton,02.jpg,Real,Yes,Yes,Yes,Yes,,,Yes,2026-08-06T16:21:36,2026-08-06T16:21:40
ID000258,Michael-Keaton,01.jpg,Fake,No,,No,Yes,Yes,,No,2026-08-06T16:21:41,2026-08-06T16:21:46
ID000258,Michael-Keaton,02.jpg,Fake,No,,Yes,Yes,Yes,,No,2026-08-06T16:21:46,2026-08-06T16:21:52
ID000246,Marlon-Brando,01.jpg,Real,Yes,Yes,Yes,Yes,,,Yes,2026-08-06T16:21:53,2026-08-06T16:22:17
ID000246,Marlon-Brando,02.jpg,Real,Yes,Yes,Yes,Yes,,,Yes,2026-08-06T16:22:17,2026-08-06T16:22:30
ID000246,Marlon-Brando,01.jpg,Fake,Yes,,Yes,Yes,Yes,,Yes,2026-08-06T16:22:31,2026-08-06T16:22:35
ID000246,Marlon-Brando,02.jpg,Fake,No,,Yes,Yes,Yes,,No,2026-08-06T16:22:35,2026-08-06T16:22:39
ID000246,Marlon-Brando,03.jpg,Fake,No,,Yes,Yes,No,,No,2026-08-06T16:22:39,2026-08-06T16:22:42
ID000246,Marlon-Brando,04.jpg,Fake,No,,Yes,Yes,No,,No,2026-08-06T16:22:42,2026-08-06T16:22:47
ID000246,Marlon-Brando,05.jpg,Fake,No,,Yes,Yes,No,,No,2026-08-06T16:22:47,2026-08-06T16:22:50
ID000246,Marlon-Brando,06.jpg,Fake,No,,Yes,Yes,No,,No,2026-08-06T16:22:50,2026-08-06T16:23:01
ID000246,Marlon-Brando,07.png,Fake,No,,Yes,Yes,No,,No,2026-08-06T16:23:01,2026-08-06T16:23:06
ID000365,Walter-Matthau,01.jpg,Real,Yes,Yes,Yes,Yes,,,Yes,2026-08-06T16:23:07,2026-08-06T16:24:09
ID000365,Walter-Matthau,02.jpg,Real,Yes,Yes,Yes,Yes,,,Yes,2026-08-06T16:24:09,2026-08-06T16:24:12
ID000365,Walter-Matthau,01.png,Fake,Yes,,Yes,Yes,Yes,,Yes,2026-08-06T16:24:14,2026-08-06T16:24:21
ID000365,Walter-Matthau,02.png,Fake,Yes,,Yes,Yes,Yes,,Yes,2026-08-06T16:24:22,2026-08-06T16:24:26
ID000365,Walter-Matthau,04.png,Fake,No,,Yes,Yes,Yes,,No,2026-08-06T16:24:26,2026-08-06T16:24:30
ID000293,Paul-Walker,01.jpg,Real,Yes,Yes,Yes,Yes,,,Yes,2026-08-06T16:24:32,2026-08-06T16:24:54
ID000293,Paul-Walker,02.jpg,Real,Yes,Yes,Yes,Yes,,,Yes,2026-08-06T16:24:54,2026-08-06T16:24:59
ID000293,Paul-Walker,03.jpg,Real,Yes,Yes,Yes,Yes,,,Yes,2026-08-06T16:24:59,2026-08-06T16:25:02
ID000293,Paul-Walker,01.jpg,Fake,Yes,,Yes,Yes,Yes,,Yes,2026-08-06T16:25:03,2026-08-06T16:25:09
ID000293,Paul-Walker,02.png,Fake,No,,Yes,Yes,No,,No,2026-08-06T16:25:09,2026-08-06T16:25:14
ID000293,Paul-Walker,03.jpg,Fake,Yes,,Yes,Yes,Yes,,No,2026-08-06T16:25:14,2026-08-06T16:25:21
ID000293,Paul-Walker,04.jpg,Fake,Yes,,Yes,Yes,Yes,,Yes,2026-08-06T16:25:21,2026-08-06T16:25:25
ID000366,Will-Ferrell,01.jpg,Real,Yes,Yes,Yes,Yes,,,Yes,2026-08-06T16:25:34,2026-08-06T16:26:04
ID000366,Will-Ferrell,02.jpg,Real,Yes,Yes,Yes,Yes,,,Yes,2026-08-06T16:26:04,2026-08-06T16:26:09
ID000366,Will-Ferrell,01.jpg,Fake,No,,Yes,Yes,Yes,,No,2026-08-06T16:26:13,2026-08-06T16:26:16
ID000366,Will-Ferrell,02.jpg,Fake,No,,Yes,Yes,Yes,,No,2026-08-06T16:26:17,2026-08-06T16:26:37
ID000366,Will-Ferrell,04.jpg,Fake,No,,Yes,Yes,Yes,,No,2026-08-06T16:26:37,2026-08-06T16:26:41
ID000374,Zhong-Huijuan,01.jpg,Real,Yes,Yes,Yes,Yes,,,Yes,2026-08-06T16:26:42,2026-08-06T16:28:10
ID000374,Zhong-Huijuan,02.jpg,Real,Yes,Yes,Yes,Yes,,,Yes,2026-08-06T16:28:10,2026-08-06T16:28:16
ID000374,Zhong-Huijuan,03.jpg,Real,Yes,Yes,Yes,Yes,,,Yes,2026-08-06T16:28:17,2026-08-06T16:28:21
ID000374,Zhong-Huijuan,01.png,Fake,No,,No,Yes,Yes,,No,2026-08-06T16:28:22,2026-08-06T16:28:27
ID000160,James-Caan,01.jpg,Real,Yes,Yes,Yes,Yes,,,Yes,2026-08-06T16:28:28,2026-08-06T16:28:49
ID000160,James-Caan,01.png,Fake,No,,Yes,Yes,No,,No,2026-08-06T16:28:50,2026-08-06T16:29:00
ID000160,James-Caan,02.png,Fake,No,,Yes,Yes,No,,No,2026-08-06T16:29:00,2026-08-06T16:29:05
ID000228,Lindsay-Lohan,01.jpg,Real,Yes,Yes,Yes,Yes,,,Yes,2026-08-06T16:29:06,2026-08-06T16:29:32
ID000228,Lindsay-Lohan,02.jpg,Real,Yes,Yes,Yes,Yes,,,Yes,2026-08-06T16:29:32,2026-08-06T16:29:35
ID000228,Lindsay-Lohan,01.jpg,Fake,No,,Yes,Yes,Yes,,No,2026-08-06T16:29:37,2026-08-06T16:29:42
ID000228,Lindsay-Lohan,04.jpg,Fake,No,,Yes,Yes,Yes,,No,2026-08-06T16:29:42,2026-08-06T16:29:46
ID000228,Lindsay-Lohan,05.jpg,Fake,No,,Yes,Yes,Yes,,No,2026-08-06T16:29:46,2026-08-06T16:29:49
ID000317,Rupert-Grint,01.jpg,Real,Yes,Yes,Yes,Yes,,,Yes,2026-08-06T16:29:50,2026-08-06T16:30:04
ID000317,Rupert-Grint,02.jpg,Real,Yes,Yes,Yes,Yes,,,Yes,2026-08-06T16:30:04,2026-08-06T16:30:07
ID000317,Rupert-Grint,01.jpg,Fake,No,,Yes,Yes,Yes,,No,2026-08-06T16:30:09,2026-08-06T16:30:18
ID000317,Rupert-Grint,02.png,Fake,Yes,,Yes,No,No,,No,2026-08-06T16:30:18,2026-08-06T16:30:36
ID000317,Rupert-Grint,03.jpg,Fake,Yes,,Yes,Yes,Yes,,Yes,2026-08-06T16:30:36,2026-08-06T16:30:47
ID000317,Rupert-Grint,04.jpg,Fake,Yes,,Yes,Yes,Yes,,Yes,2026-08-06T16:30:47,2026-08-06T16:30:51
ID000121,George-Clooney,01.jpg,Real,Yes,Yes,Yes,Yes,,,Yes,2026-08-06T16:30:53,2026-08-06T16:31:12
ID000121,George-Clooney,02.jpg,Real,Yes,Yes,Yes,Yes,,,Yes,2026-08-06T16:31:12,2026-08-06T16:31:14
ID000121,George-Clooney,03.png,Real,Yes,Yes,Yes,Yes,,,Yes,2026-08-06T16:31:14,2026-08-06T16:31:17
ID000121,George-Clooney,01.jpg,Fake,No,,Yes,Yes,Yes,,No,2026-08-06T16:31:18,2026-08-06T16:31:22
ID000121,George-Clooney,02.jpg,Fake,No,,Yes,Yes,Yes,,No,2026-08-06T16:31:22,2026-08-06T16:31:25
ID000121,George-Clooney,03.jpg,Fake,No,,Yes,Yes,Yes,,No,2026-08-06T16:31:25,2026-08-06T16:31:28
ID000121,George-Clooney,04.jpg,Fake,Yes,,Yes,Yes,No,,Yes,2026-08-06T16:31:28,2026-08-06T16:31:37
ID000121,George-Clooney,05.jpg,Fake,Yes,,No,No,Yes,,No,2026-08-06T16:31:37,2026-08-06T16:31:47
ID000018,Ana-de-Armas,01.jpg,Real,Yes,Yes,Yes,Yes,,,Yes,2026-08-06T16:31:49,2026-08-06T16:32:05
ID000018,Ana-de-Armas,02.jpg,Real,Yes,Yes,Yes,Yes,,,Yes,2026-08-06T16:32:05,2026-08-06T16:32:07
ID000018,Ana-de-Armas,01.jpg,Fake,No,,Yes,Yes,Yes,,No,2026-08-06T16:32:08,2026-08-06T16:32:13
ID000018,Ana-de-Armas,02.jpg,Fake,Yes,,Yes,Yes,Yes,,Yes,2026-08-06T16:32:13,2026-08-06T16:32:21
ID000018,Ana-de-Armas,03.jpg,Fake,No,,Yes,Yes,Yes,,No,2026-08-06T16:32:21,2026-08-06T16:32:26
ID000018,Ana-de-Armas,04.jpg,Fake,Yes,,Yes,Yes,No,,Yes,2026-08-06T16:32:26,2026-08-06T16:32:31
ID000018,Ana-de-Armas,06.jpg,Fake,No,,Yes,Yes,Yes,,No,2026-08-06T16:32:31,2026-08-06T16:32:35
ID000018,Ana-de-Armas,07.png,Fake,Yes,,Yes,Yes,Yes,,Yes,2026-08-06T16:32:36,2026-08-06T16:32:43
ID000216,Kirsten-Dunst,01.jpg,Real,Yes,Yes,Yes,Yes,,,Yes,2026-08-06T16:32:46,2026-08-06T16:33:07
ID000216,Kirsten-Dunst,01.jpg,Fake,Yes,,Yes,Yes,Yes,,Yes,2026-08-06T16:33:08,2026-08-06T16:33:21
ID000216,Kirsten-Dunst,02.jpg,Fake,No,,Yes,Yes,Yes,,No,2026-08-06T16:33:21,2026-08-06T16:33:25
ID000216,Kirsten-Dunst,03.jpg,Fake,No,,Yes,Yes,Yes,,No,2026-08-06T16:33:25,2026-08-06T16:33:29
ID000301,Richard-Gere,01.jpg,Real,Yes,Yes,Yes,Yes,,,Yes,2026-08-06T16:33:30,2026-08-06T16:34:02
ID000301,Richard-Gere,01.jpg,Fake,Yes,,Yes,Yes,Yes,,Yes,2026-08-06T16:34:03,2026-08-06T16:34:08
ID000301,Richard-Gere,02.jpg,Fake,No,,Yes,Yes,No,,No,2026-08-06T16:34:08,2026-08-06T16:34:11
ID000301,Richard-Gere,03.jpg,Fake,No,,Yes,Yes,No,,No,2026-08-06T16:34:11,2026-08-06T16:34:15
ID000301,Richard-Gere,04.jpg,Fake,Yes,,Yes,Yes,Yes,,Yes,2026-08-06T16:34:16,2026-08-06T16:34:21
ID000301,Richard-Gere,05.jpg,Fake,No,,Yes,Yes,Yes,,No,2026-08-06T16:34:21,2026-08-06T16:34:24
ID000023,Anna-Faris,01.jpg,Real,Yes,Yes,Yes,Yes,,,Yes,2026-08-06T17:09:17,2026-08-06T17:11:05
ID000023,Anna-Faris,01.jpg,Fake,Yes,,Yes,Yes,Yes,,Yes,2026-08-06T17:11:07,2026-08-06T17:11:12
ID000023,Anna-Faris,02.jpg,Fake,Yes,,Yes,Yes,Yes,,Yes,2026-08-06T17:11:12,2026-08-06T17:11:18
ID000122,Gerard-Butler,01.jpg,Real,Yes,Yes,Yes,Yes,,,Yes,2026-08-06T17:11:19,2026-08-06T17:11:43
ID000122,Gerard-Butler,02.jpg,Real,Yes,Yes,Yes,Yes,,,Yes,2026-08-06T17:11:43,2026-08-06T17:12:07
ID000122,Gerard-Butler,01.jpg,Fake,No,,Yes,Yes,Yes,,No,2026-08-06T17:12:09,2026-08-06T17:12:15
ID000122,Gerard-Butler,02.jpg,Fake,Yes,,Yes,Yes,Yes,,Yes,2026-08-06T17:12:15,2026-08-06T17:12:19
ID000122,Gerard-Butler,05.jpg,Fake,No,,Yes,Yes,No,,No,2026-08-06T17:12:19,2026-08-06T17:12:23
ID000122,Gerard-Butler,06.jpg,Fake,No,,Yes,Yes,No,,No,2026-08-06T17:12:24,2026-08-06T17:12:26
ID000122,Gerard-Butler,07.jpg,Fake,No,,Yes,Yes,No,,No,2026-08-06T17:12:27,2026-08-06T17:12:29
ID000122,Gerard-Butler,08.jpg,Fake,Yes,,Yes,Yes,Yes,,Yes,2026-08-06T17:12:29,2026-08-06T17:12:37
ID000390,riya-ulan,01 (2).png,Real,Yes,Yes,Yes,Yes,,,Yes,2026-08-06T17:12:38,2026-08-06T17:12:58
ID000390,riya-ulan,01.png,Fake,No,,No,Yes,Yes,,No,2026-08-06T17:12:59,2026-08-06T17:13:14
ID000390,riya-ulan,120.png,Fake,No,,Yes,Yes,Yes,,No,2026-08-06T17:13:14,2026-08-06T17:13:21
ID000136,Harry-Kane,01.jpg,Real,Yes,Yes,Yes,Yes,,,Yes,2026-08-06T17:13:22,2026-08-06T17:13:47
ID000136,Harry-Kane,01.jpg,Fake,Yes,,Yes,Yes,Yes,,Yes,2026-08-06T17:13:49,2026-08-06T17:13:52
ID000136,Harry-Kane,03.png,Fake,Yes,,Yes,No,No,,No,2026-08-06T17:13:52,2026-08-06T17:13:58
ID000136,Harry-Kane,04.png,Fake,No,,No,Yes,No,,No,2026-08-06T17:13:58,2026-08-06T17:14:05
ID000155,Jack-Lemmon,01.jpg,Real,Yes,Yes,Yes,Yes,,,Yes,2026-08-06T17:14:06,2026-08-06T17:14:28
ID000155,Jack-Lemmon,02.jpg,Real,Yes,Yes,Yes,Yes,,,Yes,2026-08-06T17:14:28,2026-08-06T17:14:36
ID000155,Jack-Lemmon,03.jpg,Real,Yes,Yes,Yes,Yes,,,Yes,2026-08-06T17:14:36,2026-08-06T17:14:41
ID000155,Jack-Lemmon,01.jpg,Fake,No,,Yes,Yes,Yes,,No,2026-08-06T17:14:43,2026-08-06T17:14:47
ID000155,Jack-Lemmon,02.png,Fake,Yes,,Yes,Yes,Yes,,Yes,2026-08-06T17:14:47,2026-08-06T17:14:50
ID000155,Jack-Lemmon,03.png,Fake,Yes,,No,Yes,No,,No,2026-08-06T17:14:50,2026-08-06T17:14:58
ID000394,taylor-swift,01.png,Real,Yes,Yes,Yes,Yes,,,Yes,2026-08-06T17:14:59,2026-08-06T17:15:15
ID000394,taylor-swift,02.jpg,Real,Yes,Yes,Yes,Yes,,,Yes,2026-08-06T17:15:15,2026-08-06T17:15:18
ID000394,taylor-swift,01.jpg,Fake,Yes,,No,Yes,Yes,,No,2026-08-06T17:15:19,2026-08-06T17:15:25
ID000394,taylor-swift,02.png,Fake,Yes,,Yes,No,Yes,,No,2026-08-06T17:15:25,2026-08-06T17:15:30
ID000202,Kate-Winslet,01.jpg,Real,Yes,Yes,Yes,Yes,,,Yes,2026-08-06T17:15:31,2026-08-06T17:15:41
ID000202,Kate-Winslet,02.jpg,Real,Yes,Yes,Yes,Yes,,,Yes,2026-08-06T17:15:41,2026-08-06T17:15:44
ID000202,Kate-Winslet,01.jpg,Fake,Yes,,Yes,Yes,Yes,,Yes,2026-08-06T17:15:46,2026-08-06T17:15:49
ID000202,Kate-Winslet,02.jpg,Fake,Yes,,Yes,Yes,Yes,,No,2026-08-06T17:15:49,2026-08-06T17:15:53
ID000202,Kate-Winslet,04.jpg,Fake,Yes,,No,Yes,No,,No,2026-08-06T17:15:53,2026-08-06T17:16:14
ID000202,Kate-Winslet,05.jpg,Fake,Yes,,Yes,Yes,Yes,,Yes,2026-08-06T17:16:14,2026-08-06T17:16:18
ID000202,Kate-Winslet,06.png,Fake,Yes,,Yes,Yes,Yes,,Yes,2026-08-06T17:16:18,2026-08-06T17:16:24
ID000223,Laura-Wolvaardt,01.png,Real,Yes,Yes,Yes,Yes,,,Yes,2026-08-06T17:16:29,2026-08-06T17:16:45
ID000223,Laura-Wolvaardt,02.png,Real,Yes,Yes,Yes,Yes,,,Yes,2026-08-06T17:16:45,2026-08-06T17:16:48
ID000223,Laura-Wolvaardt,03.jpg,Real,Yes,Yes,No,Yes,,,No,2026-08-06T17:16:48,2026-08-06T17:16:57
ID000223,Laura-Wolvaardt,01.jpg,Fake,No,,Yes,Yes,No,,No,2026-08-06T17:16:58,2026-08-06T17:17:08
ID000223,Laura-Wolvaardt,730732270_2118144989085113_1710785244193473374_n.jpg,Fake,No,,Yes,Yes,No,,No,2026-08-06T17:17:08,2026-08-06T17:17:12
ID000223,Laura-Wolvaardt,images (1).jpg,Fake,Yes,,Yes,Yes,Yes,,Yes,2026-08-06T17:17:12,2026-08-06T17:17:20
ID000223,Laura-Wolvaardt,images.jpg,Fake,Yes,,Yes,Yes,No,,Yes,2026-08-06T17:17:20,2026-08-06T17:17:26
ID000172,Jennifer-Garner,01.jpg,Real,Yes,Yes,Yes,Yes,,,Yes,2026-08-06T17:17:28,2026-08-06T17:17:40
ID000172,Jennifer-Garner,02.jpg,Real,Yes,Yes,Yes,Yes,,,Yes,2026-08-06T17:17:40,2026-08-06T17:17:43
ID000172,Jennifer-Garner,01.jpg,Fake,Yes,,Yes,Yes,Yes,,Yes,2026-08-06T17:17:44,2026-08-06T17:17:48
ID000172,Jennifer-Garner,02.jpg,Fake,No,,Yes,Yes,No,,No,2026-08-06T17:17:48,2026-08-06T17:17:52
ID000220,Lady-gagga,01.jpg,Real,Yes,Yes,Yes,Yes,,,Yes,2026-08-06T17:17:53,2026-08-06T17:18:49
ID000220,Lady-gagga,02.jpg,Real,Yes,Yes,Yes,Yes,,,Yes,2026-08-06T17:18:49,2026-08-06T17:18:52
ID000220,Lady-gagga,01.png,Fake,No,,No,Yes,Yes,,No,2026-08-06T17:18:53,2026-08-06T17:19:02
ID000220,Lady-gagga,02.jpg,Fake,No,,Yes,Yes,Yes,,No,2026-08-06T17:19:02,2026-08-06T17:19:08
ID000220,Lady-gagga,03.jpg,Fake,No,,Yes,Yes,Yes,,No,2026-08-06T17:19:08,2026-08-06T17:19:12
ID000220,Lady-gagga,48.png,Fake,No,,Yes,Yes,Yes,,No,2026-08-06T17:19:12,2026-08-06T17:19:18
ID000086,Derrick-Henry,01.png,Real,Yes,Yes,Yes,Yes,,,Yes,2026-08-06T17:19:19,2026-08-06T17:19:31
ID000086,Derrick-Henry,01.jpg,Fake,No,,Yes,Yes,No,,No,2026-08-06T17:19:32,2026-08-06T17:19:38
ID000086,Derrick-Henry,02.jpg,Fake,Yes,,Yes,Yes,Yes,,Yes,2026-08-06T17:19:38,2026-08-06T17:19:44
ID000162,Jason-Biggs,01.jpg,Real,Yes,Yes,Yes,Yes,,,Yes,2026-08-06T17:19:44,2026-08-06T17:20:00
ID000162,Jason-Biggs,01.jpg,Fake,No,,No,Yes,No,,No,2026-08-06T17:20:02,2026-08-06T17:20:08
ID000162,Jason-Biggs,02.jpg,Fake,No,,Yes,Yes,No,,No,2026-08-06T17:20:08,2026-08-06T17:20:13
ID000162,Jason-Biggs,03.jpg,Fake,No,,Yes,Yes,No,,No,2026-08-06T17:20:14,2026-08-06T17:20:18
ID000291,Paul-Newman,01.jpg,Real,Yes,Yes,Yes,Yes,,,Yes,2026-08-06T17:20:19,2026-08-06T17:20:35
ID000291,Paul-Newman,02.jpg,Real,Yes,Yes,Yes,Yes,,,Yes,2026-08-06T17:20:35,2026-08-06T17:20:38
ID000291,Paul-Newman,01.jpg,Fake,Yes,,Yes,Yes,Yes,,Yes,2026-08-06T17:20:39,2026-08-06T17:20:43
ID000291,Paul-Newman,02.jpg,Fake,No,,Yes,Yes,No,,No,2026-08-06T17:20:43,2026-08-06T17:20:49
ID000291,Paul-Newman,03.jpg,Fake,Yes,,Yes,Yes,Yes,,Yes,2026-08-06T17:20:49,2026-08-06T17:21:01
ID000306,Robert-Duvall,01.jpg,Real,Yes,Yes,Yes,Yes,,,Yes,2026-08-06T17:21:02,2026-08-06T17:21:17
ID000306,Robert-Duvall,01.jpg,Fake,No,,No,Yes,Yes,,No,2026-08-06T17:21:18,2026-08-06T17:21:25
ID000153,Isabella-Gaze,01.webp,Real,Yes,Yes,Yes,Yes,,,Yes,2026-08-06T17:21:26,2026-08-06T17:21:37
ID000153,Isabella-Gaze,02.png,Real,Yes,Yes,Yes,Yes,,,No,2026-08-06T17:21:37,2026-08-06T17:21:41
ID000153,Isabella-Gaze,03.jpg,Real,Yes,Yes,Yes,Yes,,,Yes,2026-08-06T17:21:41,2026-08-06T17:21:45
ID000153,Isabella-Gaze,01.jpg,Fake,No,,Yes,Yes,Yes,,No,2026-08-06T17:21:48,2026-08-06T17:21:55
ID000153,Isabella-Gaze,02.jpg,Fake,No,,Yes,Yes,Yes,,No,2026-08-06T17:21:55,2026-08-06T17:22:00
ID000153,Isabella-Gaze,1.png,Fake,No,,Yes,No,No,,No,2026-08-06T17:22:00,2026-08-06T17:22:06
ID000151,Ioan-Gruffudd,01.jpg,Real,Yes,Yes,Yes,Yes,,,Yes,2026-08-06T17:22:07,2026-08-06T17:22:28
ID000151,Ioan-Gruffudd,02.jpg,Real,Yes,Yes,Yes,Yes,,,Yes,2026-08-06T17:22:28,2026-08-06T17:22:32
ID000151,Ioan-Gruffudd,01.jpg,Fake,Yes,,Yes,Yes,Yes,,Yes,2026-08-06T17:22:33,2026-08-06T17:22:40
ID000151,Ioan-Gruffudd,02.jpg,Fake,Yes,,Yes,Yes,Yes,,Yes,2026-08-06T17:22:41,2026-08-06T17:22:44
ID000252,Matt-Rife,01.jpg,Real,Yes,Yes,Yes,Yes,,,Yes,2026-08-06T17:22:45,2026-08-06T17:22:58
ID000252,Matt-Rife,02.jpg,Real,Yes,Yes,Yes,Yes,,,Yes,2026-08-06T17:22:58,2026-08-06T17:23:01
ID000252,Matt-Rife,03.jpg,Real,Yes,Yes,Yes,Yes,,,Yes,2026-08-06T17:23:01,2026-08-06T17:23:05
ID000252,Matt-Rife,01.jpg,Fake,Yes,,Yes,Yes,Yes,,Yes,2026-08-06T17:23:06,2026-08-06T17:23:11
ID000156,Jack-Nicholson,01.jpg,Real,Yes,Yes,Yes,Yes,,,Yes,2026-08-06T17:23:13,2026-08-06T17:23:39
ID000156,Jack-Nicholson,01.jpg,Fake,No,,Yes,Yes,Yes,,No,2026-08-06T17:23:41,2026-08-06T17:23:46
ID000156,Jack-Nicholson,02.jpg,Fake,No,,Yes,Yes,Yes,,No,2026-08-06T17:23:46,2026-08-06T17:23:50
ID000156,Jack-Nicholson,03.jpg,Fake,No,,Yes,Yes,No,,No,2026-08-06T17:23:50,2026-08-06T17:24:02
ID000156,Jack-Nicholson,04.jpg,Fake,No,,Yes,Yes,No,,No,2026-08-06T17:24:02,2026-08-06T17:24:06
ID000156,Jack-Nicholson,05.jpg,Fake,Yes,,Yes,Yes,No,,Yes,2026-08-06T17:24:06,2026-08-06T17:24:25
ID000395,tom-holland,01.jpg,Real,Yes,Yes,Yes,Yes,,,Yes,2026-08-06T17:24:26,2026-08-06T17:24:33
ID000395,tom-holland,02.jpg,Real,Yes,Yes,Yes,Yes,,,Yes,2026-08-06T17:24:33,2026-08-06T17:24:37
ID000395,tom-holland,03.jpg,Real,Yes,Yes,Yes,Yes,,,Yes,2026-08-06T17:24:37,2026-08-06T17:24:42
ID000395,tom-holland,01.jpg,Fake,Yes,,Yes,Yes,No,,Yes,2026-08-06T17:24:43,2026-08-06T17:24:47
ID000395,tom-holland,02.jpg,Fake,Yes,,Yes,Yes,No,,Yes,2026-08-06T17:24:47,2026-08-06T17:24:52
ID000395,tom-holland,03.png,Fake,No,,Yes,Yes,No,,No,2026-08-06T17:24:52,2026-08-06T17:24:59
ID000395,tom-holland,04.jpg,Fake,No,,Yes,Yes,Yes,,No,2026-08-06T17:24:59,2026-08-06T17:25:04
ID000395,tom-holland,05.jpg,Fake,Yes,,No,Yes,Yes,,No,2026-08-06T17:25:04,2026-08-06T17:25:17
ID000303,Rinko-Kikuchi,01.jpg,Real,Yes,Yes,Yes,Yes,,,Yes,2026-08-06T17:25:18,2026-08-06T17:25:43
ID000303,Rinko-Kikuchi,02.jpg,Real,Yes,Yes,Yes,Yes,,,Yes,2026-08-06T17:25:43,2026-08-06T17:25:51
ID000303,Rinko-Kikuchi,01.jpg,Fake,No,,Yes,Yes,Yes,,No,2026-08-06T17:25:52,2026-08-06T17:26:07
ID000303,Rinko-Kikuchi,02.png,Fake,No,,No,Yes,Yes,,No,2026-08-06T17:26:07,2026-08-06T17:26:17
ID000303,Rinko-Kikuchi,03.jpg,Fake,Yes,,Yes,Yes,No,,Yes,2026-08-06T17:26:17,2026-08-06T17:26:24
ID000303,Rinko-Kikuchi,04.jpg,Fake,Yes,,Yes,Yes,Yes,,Yes,2026-08-06T17:26:24,2026-08-06T17:26:37
ID000303,Rinko-Kikuchi,05.jpg,Fake,Yes,,Yes,Yes,No,,Yes,2026-08-06T17:26:37,2026-08-06T17:26:42
ID000083,David-Arquette,01.jpg,Real,Yes,Yes,Yes,Yes,,,Yes,2026-08-06T17:26:44,2026-08-06T17:26:57
ID000083,David-Arquette,01.jpg,Fake,No,,Yes,Yes,Yes,,No,2026-08-06T17:26:58,2026-08-06T17:27:02
ID000083,David-Arquette,02.jpg,Fake,No,,Yes,Yes,No,,No,2026-08-06T17:27:02,2026-08-06T17:27:10
ID000083,David-Arquette,03.jpg,Fake,No,,Yes,Yes,No,,No,2026-08-06T17:27:10,2026-08-06T17:27:14
ID000378,captin-pat-cumins,01.jpg,Real,Yes,Yes,Yes,Yes,,,Yes,2026-08-06T17:27:15,2026-08-06T17:27:29
ID000378,captin-pat-cumins,02.jpg,Real,Yes,Yes,Yes,Yes,,,Yes,2026-08-06T17:27:30,2026-08-06T17:27:33
ID000378,captin-pat-cumins,03.jpg,Real,Yes,Yes,Yes,Yes,,,Yes,2026-08-06T17:27:33,2026-08-06T17:27:37
ID000378,captin-pat-cumins,01.jpg,Fake,No,,Yes,Yes,Yes,,No,2026-08-06T17:27:38,2026-08-06T17:27:49
ID000090,Domhnall-Gleeson,01.jpg,Real,Yes,Yes,Yes,Yes,,,Yes,2026-08-06T17:27:50,2026-08-06T17:28:08
ID000090,Domhnall-Gleeson,02.jpg,Real,Yes,Yes,Yes,Yes,,,Yes,2026-08-06T17:28:08,2026-08-06T17:28:12
ID000090,Domhnall-Gleeson,01.jpg,Fake,No,,Yes,Yes,No,,No,2026-08-06T17:28:13,2026-08-06T17:28:21
ID000090,Domhnall-Gleeson,02.jpg,Fake,Yes,,Yes,Yes,Yes,,Yes,2026-08-06T17:28:21,2026-08-06T17:28:27
ID000090,Domhnall-Gleeson,03.jpg,Fake,Yes,,Yes,Yes,Yes,,Yes,2026-08-06T17:28:27,2026-08-06T17:28:30
ID000090,Domhnall-Gleeson,04.jpg,Fake,Yes,,Yes,Yes,Yes,,Yes,2026-08-06T17:28:31,2026-08-06T17:28:36
ID000090,Domhnall-Gleeson,05.jpg,Fake,No,,Yes,Yes,Yes,,No,2026-08-06T17:28:36,2026-08-06T17:28:41
ID000090,Domhnall-Gleeson,06.jpg,Fake,No,,Yes,Yes,Yes,,No,2026-08-06T17:28:41,2026-08-06T17:28:46
ID000310,Roger-Moore,01.jpg,Real,Yes,Yes,Yes,Yes,,,Yes,2026-08-06T17:28:47,2026-08-06T17:29:03
ID000310,Roger-Moore,01.jpg,Fake,Yes,,Yes,Yes,Yes,,Yes,2026-08-06T17:29:03,2026-08-06T17:29:08
ID000310,Roger-Moore,03.jpg,Fake,Yes,,Yes,Yes,Yes,,Yes,2026-08-06T17:29:08,2026-08-06T17:29:12
ID000133,Hania-Amir,01.jpg,Real,Yes,Yes,Yes,Yes,,,Yes,2026-08-06T17:29:13,2026-08-06T17:29:19
ID000133,Hania-Amir,02.jpg,Real,Yes,Yes,Yes,Yes,,,Yes,2026-08-06T17:29:19,2026-08-06T17:29:23
ID000133,Hania-Amir,03.png,Real,Yes,Yes,Yes,No,,,No,2026-08-06T17:29:23,2026-08-06T17:29:30
ID000133,Hania-Amir,01.jpg,Fake,Yes,,Yes,Yes,No,,Yes,2026-08-06T17:29:31,2026-08-06T17:29:39
ID000133,Hania-Amir,02.jpg,Fake,Yes,,Yes,No,Yes,,No,2026-08-06T17:29:39,2026-08-06T17:29:47
ID000133,Hania-Amir,03.jpg,Fake,No,,Yes,Yes,No,,No,2026-08-06T17:29:47,2026-08-06T17:29:54
ID000133,Hania-Amir,04.jpg,Fake,No,,Yes,Yes,Yes,,No,2026-08-06T17:29:54,2026-08-06T17:30:00
ID000133,Hania-Amir,05.png,Fake,Yes,,Yes,Yes,Yes,,Yes,2026-08-06T17:30:00,2026-08-06T17:30:08
ID000148,Imane-Anys-Pokimane,01.jpg,Real,Yes,Yes,Yes,Yes,,,Yes,2026-08-06T17:30:09,2026-08-06T17:30:25
ID000148,Imane-Anys-Pokimane,01.jpg,Fake,Yes,,Yes,Yes,Yes,,Yes,2026-08-06T17:30:27,2026-08-06T17:30:30
ID000148,Imane-Anys-Pokimane,02.jpg,Fake,No,,Yes,Yes,No,,No,2026-08-06T17:30:30,2026-08-06T17:30:35
ID000093,Dylan-O,01.jpg,Real,Yes,Yes,Yes,Yes,,,Yes,2026-08-06T17:30:36,2026-08-06T17:30:53
ID000093,Dylan-O,01.jpg,Fake,Yes,,Yes,Yes,Yes,,Yes,2026-08-06T17:30:54,2026-08-06T17:30:58
ID000093,Dylan-O,02.jpg,Fake,Yes,,Yes,Yes,Yes,,Yes,2026-08-06T17:30:58,2026-08-06T17:31:03
ID000093,Dylan-O,03.jpg,Fake,No,,No,No,No,,No,2026-08-06T17:31:03,2026-08-06T17:31:08
ID000279,Nicholas-Galitzine,01.jpg,Real,Yes,Yes,Yes,Yes,,,Yes,2026-08-06T17:31:09,2026-08-06T17:31:23
ID000279,Nicholas-Galitzine,02.jpg,Real,Yes,Yes,Yes,Yes,,,Yes,2026-08-06T17:31:23,2026-08-06T17:31:27
ID000279,Nicholas-Galitzine,03.jpg,Real,Yes,Yes,Yes,Yes,,,Yes,2026-08-06T17:31:27,2026-08-06T17:31:30
ID000279,Nicholas-Galitzine,01.jpg,Fake,Yes,,Yes,Yes,Yes,,Yes,2026-08-06T17:31:31,2026-08-06T17:31:37
ID000279,Nicholas-Galitzine,02.jpg,Fake,Yes,,Yes,Yes,Yes,,Yes,2026-08-06T17:31:37,2026-08-06T17:31:42
ID000233,Luis-Díaz,01.jpg,Real,Yes,Yes,Yes,Yes,,,Yes,2026-08-06T17:31:43,2026-08-06T17:32:27
ID000233,Luis-Díaz,02.jpg,Real,Yes,Yes,Yes,Yes,,,Yes,2026-08-06T17:32:27,2026-08-06T17:32:31
ID000233,Luis-Díaz,01.jpg,Fake,No,,No,Yes,Yes,,No,2026-08-06T17:32:32,2026-08-06T17:32:37
ID000364,Walt-Disney,01.jpg,Real,Yes,Yes,Yes,Yes,,,Yes,2026-08-06T17:32:38,2026-08-06T17:32:52
ID000364,Walt-Disney,01.png,Fake,Yes,,Yes,Yes,Yes,,Yes,2026-08-06T17:32:52,2026-08-06T17:33:02
ID000364,Walt-Disney,02.jpg,Fake,No,,Yes,Yes,No,,No,2026-08-06T17:33:02,2026-08-06T17:33:07
ID000397,Álvaro-Morte,01.jpg,Real,Yes,Yes,Yes,Yes,,,Yes,2026-08-06T17:33:08,2026-08-06T17:33:25
ID000397,Álvaro-Morte,02.jpg,Real,Yes,Yes,Yes,Yes,,,Yes,2026-08-06T17:33:25,2026-08-06T17:33:35
ID000397,Álvaro-Morte,03.jpg,Real,Yes,Yes,Yes,Yes,,,Yes,2026-08-06T17:33:35,2026-08-06T17:33:39
ID000397,Álvaro-Morte,01.png,Fake,Yes,,Yes,Yes,No,,Yes,2026-08-06T17:33:40,2026-08-06T17:33:45
ID000397,Álvaro-Morte,02.png,Fake,Yes,,Yes,Yes,No,,Yes,2026-08-06T17:33:45,2026-08-06T17:33:49
ID000370,Winona-Ryder,01.jpg,Real,Yes,Yes,Yes,Yes,,,Yes,2026-08-06T17:33:50,2026-08-06T17:34:36
ID000370,Winona-Ryder,01.jpg,Fake,No,,Yes,Yes,Yes,,No,2026-08-06T17:34:38,2026-08-06T17:34:44
ID000370,Winona-Ryder,04.jpg,Fake,No,,No,No,No,,No,2026-08-06T17:34:44,2026-08-06T17:34:50
ID000008,Aishwarya-Rai,01.jpg,Real,Yes,Yes,Yes,Yes,,,Yes,2026-08-06T17:34:51,2026-08-06T17:34:57
ID000008,Aishwarya-Rai,02.jpg,Real,Yes,Yes,Yes,Yes,,,Yes,2026-08-06T17:34:57,2026-08-06T17:35:01
ID000008,Aishwarya-Rai,01.jpg,Fake,Yes,,Yes,Yes,Yes,,Yes,2026-08-06T17:35:01,2026-08-06T17:35:12
ID000008,Aishwarya-Rai,02.jpg,Fake,Yes,,Yes,Yes,Yes,,No,2026-08-06T17:35:13,2026-08-06T17:35:18
ID000008,Aishwarya-Rai,03.jpg,Fake,Yes,,Yes,Yes,Yes,,Yes,2026-08-06T17:35:18,2026-08-06T17:35:22
ID000008,Aishwarya-Rai,04.jpg,Fake,Yes,,No,Yes,Yes,,No,2026-08-06T17:35:23,2026-08-06T17:35:32
ID000008,Aishwarya-Rai,05.png,Fake,Yes,,Yes,Yes,No,,Yes,2026-08-06T17:35:32,2026-08-06T17:35:39
ID000109,Eva-Green,01.jpg,Real,Yes,Yes,Yes,Yes,,,Yes,2026-08-06T17:35:46,2026-08-06T17:36:04
ID000109,Eva-Green,01.jpg,Fake,Yes,,Yes,Yes,Yes,,Yes,2026-08-06T17:36:06,2026-08-06T17:36:10
ID000109,Eva-Green,02.jpg,Fake,Yes,,Yes,Yes,Yes,,Yes,2026-08-06T17:36:10,2026-08-06T17:36:17
ID000040,Ben-Affleck,01.jpg,Real,Yes,Yes,Yes,Yes,,,Yes,2026-08-06T17:36:18,2026-08-06T17:36:34
ID000040,Ben-Affleck,01.jpg,Fake,No,,Yes,Yes,Yes,,No,2026-08-06T17:36:35,2026-08-06T17:36:40
ID000040,Ben-Affleck,02.jpg,Fake,No,,Yes,Yes,Yes,,No,2026-08-06T17:36:40,2026-08-06T17:36:44
ID000040,Ben-Affleck,03.jpg,Fake,No,,Yes,Yes,Yes,,No,2026-08-06T17:36:44,2026-08-06T17:37:01
ID000040,Ben-Affleck,04.jpg,Fake,Yes,,Yes,Yes,No,,Yes,2026-08-06T17:37:01,2026-08-06T17:37:12
ID000040,Ben-Affleck,05.jpg,Fake,No,,Yes,Yes,Yes,,No,2026-08-06T17:37:12,2026-08-06T17:37:18
ID000179,Jim-Sturgess,01.jpg,Real,Yes,Yes,Yes,Yes,,,Yes,2026-08-06T17:37:19,2026-08-06T17:37:52
ID000179,Jim-Sturgess,02.jpg,Real,Yes,Yes,Yes,Yes,,,Yes,2026-08-06T17:37:52,2026-08-06T17:38:05
ID000179,Jim-Sturgess,01.jpg,Fake,No,,No,Yes,Yes,,No,2026-08-06T17:38:06,2026-08-06T17:38:14
ID000213,Kevin-Xu,01.png,Real,Yes,Yes,Yes,No,,,No,2026-08-06T17:38:15,2026-08-06T17:39:15
ID000213,Kevin-Xu,01.webp,Real,No,Yes,Yes,Yes,,,No,2026-08-06T17:39:15,2026-08-06T17:39:25
ID000213,Kevin-Xu,02.jpg,Real,Yes,Yes,Yes,Yes,,,Yes,2026-08-06T17:39:25,2026-08-06T17:39:31
ID000213,Kevin-Xu,01.jpg,Fake,Yes,,No,Yes,No,,No,2026-08-06T17:39:32,2026-08-06T17:39:40
ID000354,Timothée-Chalamet,01.jpg,Real,Yes,Yes,Yes,Yes,,,Yes,2026-08-06T17:39:41,2026-08-06T17:39:58
ID000354,Timothée-Chalamet,02.jpg,Real,Yes,Yes,Yes,Yes,,,Yes,2026-08-06T17:39:59,2026-08-06T17:40:02
ID000354,Timothée-Chalamet,03.jpg,Real,Yes,Yes,Yes,Yes,,,Yes,2026-08-06T17:40:02,2026-08-06T17:40:05
ID000354,Timothée-Chalamet,01.jpg,Fake,Yes,,Yes,Yes,Yes,,Yes,2026-08-06T17:40:06,2026-08-06T17:40:10
ID000354,Timothée-Chalamet,02.jpg,Fake,Yes,,Yes,Yes,Yes,,No,2026-08-06T17:40:10,2026-08-06T17:40:19
ID000354,Timothée-Chalamet,03.jpg,Fake,Yes,,Yes,Yes,Yes,,Yes,2026-08-06T17:40:19,2026-08-06T17:40:23
ID000354,Timothée-Chalamet,04.jpg,Fake,Yes,,Yes,Yes,Yes,,No,2026-08-06T17:40:24,2026-08-06T17:40:27
ID000354,Timothée-Chalamet,05.png,Fake,No,,Yes,Yes,Yes,,No,2026-08-06T17:40:27,2026-08-06T17:40:32
ID000175,Jessica-Biel,01.jpg,Real,Yes,Yes,Yes,Yes,,,Yes,2026-08-06T17:40:39,2026-08-06T17:40:53
ID000175,Jessica-Biel,02.jpg,Real,Yes,Yes,Yes,Yes,,,Yes,2026-08-06T17:40:53,2026-08-06T17:40:57
ID000175,Jessica-Biel,01.jpg,Fake,Yes,,Yes,Yes,Yes,,Yes,2026-08-06T17:40:58,2026-08-06T17:41:03
ID000175,Jessica-Biel,02.jpg,Fake,Yes,,Yes,Yes,Yes,,No,2026-08-06T17:41:03,2026-08-06T17:41:17
ID000175,Jessica-Biel,03.jpg,Fake,Yes,,Yes,Yes,Yes,,No,2026-08-06T17:41:17,2026-08-06T17:41:26
ID000175,Jessica-Biel,05.jpg,Fake,No,,Yes,Yes,No,,No,2026-08-06T17:41:26,2026-08-06T17:41:33
ID000175,Jessica-Biel,07.jpg,Fake,Yes,,Yes,Yes,Yes,,Yes,2026-08-06T17:41:33,2026-08-06T17:41:37
ID000175,Jessica-Biel,08.jpg,Fake,Yes,,Yes,Yes,No,,Yes,2026-08-06T17:41:37,2026-08-06T17:41:41
ID000391,sally-bundock,01.jpg,Real,Yes,Yes,Yes,Yes,,,Yes,2026-08-06T17:41:55,2026-08-06T17:42:17
ID000391,sally-bundock,02.jpg,Real,Yes,Yes,Yes,Yes,,,Yes,2026-08-06T17:42:17,2026-08-06T17:42:20
ID000391,sally-bundock,01.png,Fake,Yes,,No,Yes,No,,No,2026-08-06T17:42:21,2026-08-06T17:42:32
ID000391,sally-bundock,02.png,Fake,Yes,,Yes,No,No,,No,2026-08-06T17:42:32,2026-08-06T17:42:37
ID000044,Benicio-del-Toro,01.jpg,Real,Yes,Yes,Yes,Yes,,,Yes,2026-08-06T17:42:38,2026-08-06T17:43:03
ID000044,Benicio-del-Toro,02.jpg,Real,Yes,Yes,Yes,Yes,,,Yes,2026-08-06T17:43:03,2026-08-06T17:43:06
ID000044,Benicio-del-Toro,03.jpg,Real,Yes,Yes,Yes,Yes,,,Yes,2026-08-06T17:43:06,2026-08-06T17:43:10
ID000044,Benicio-del-Toro,02.jpg,Fake,Yes,,Yes,Yes,Yes,,Yes,2026-08-06T17:43:11,2026-08-06T17:43:15
ID000044,Benicio-del-Toro,03.jpg,Fake,Yes,,Yes,Yes,Yes,,Yes,2026-08-06T17:43:15,2026-08-06T17:43:18
ID000044,Benicio-del-Toro,04.jpg,Fake,No,,Yes,Yes,Yes,,No,2026-08-06T17:43:18,2026-08-06T17:43:28
ID000285,Norman-Swan,01.jpg,Real,Yes,Yes,Yes,Yes,,,Yes,2026-08-06T17:43:29,2026-08-06T17:43:43
ID000285,Norman-Swan,02.jpg,Real,Yes,Yes,Yes,Yes,,,Yes,2026-08-06T17:43:43,2026-08-06T17:43:47
ID000285,Norman-Swan,03.jpg,Real,Yes,Yes,Yes,Yes,,,Yes,2026-08-06T17:43:47,2026-08-06T17:43:54
ID000285,Norman-Swan,02.jpg,Fake,Yes,,Yes,Yes,Yes,,Yes,2026-08-06T17:43:55,2026-08-06T17:44:06
ID000285,Norman-Swan,03.png,Fake,Yes,,Yes,Yes,No,,Yes,2026-08-06T17:44:06,2026-08-06T17:44:09
ID000326,Seerna-William,01.jpg,Real,Yes,Yes,Yes,Yes,,,Yes,2026-08-06T17:44:10,2026-08-06T17:44:21
ID000326,Seerna-William,1.png,Fake,Yes,,Yes,Yes,Yes,,Yes,2026-08-06T17:44:22,2026-08-06T17:44:26
ID000154,Ishan-Kishan,01.jpg,Real,Yes,Yes,Yes,Yes,,,Yes,2026-08-06T17:44:27,2026-08-06T17:44:42
ID000154,Ishan-Kishan,01.png,Real,Yes,Yes,Yes,No,,,No,2026-08-06T17:44:42,2026-08-06T17:44:49
ID000154,Ishan-Kishan,images (2).jpg,Real,Yes,Yes,Yes,Yes,,,Yes,2026-08-06T17:44:49,2026-08-06T17:44:53
ID000154,Ishan-Kishan,04.webp,Fake,No,,No,Yes,Yes,,No,2026-08-06T17:44:54,2026-08-06T17:45:02
ID000154,Ishan-Kishan,images (1).jpg,Fake,No,,No,Yes,Yes,,No,2026-08-06T17:45:02,2026-08-06T17:45:09
ID000154,Ishan-Kishan,images.jpg,Fake,No,,No,Yes,Yes,,No,2026-08-06T17:45:09,2026-08-06T17:45:18
ID000154,Ishan-Kishan,photo-with-ishan-kishan-ipl-stadium-1-optimized.webp,Fake,No,,No,Yes,Yes,,No,2026-08-06T17:45:18,2026-08-06T17:45:21
ID000316,Rose-Byrne,01.jpg,Real,Yes,Yes,Yes,Yes,,,Yes,2026-08-06T17:45:22,2026-08-06T17:45:39
ID000316,Rose-Byrne,02.jpg,Real,Yes,Yes,Yes,Yes,,,Yes,2026-08-06T17:45:39,2026-08-06T17:45:43
ID000316,Rose-Byrne,01.jpg,Fake,No,,Yes,Yes,Yes,,No,2026-08-06T17:45:44,2026-08-06T17:45:49
ID000081,Daniel-Radcliffe,01.jpg,Real,Yes,Yes,Yes,Yes,,,Yes,2026-08-06T17:45:50,2026-08-06T17:45:54
ID000081,Daniel-Radcliffe,02.jpg,Real,Yes,Yes,Yes,Yes,,,Yes,2026-08-06T17:45:54,2026-08-06T17:46:03
ID000081,Daniel-Radcliffe,01.jpg,Fake,Yes,,Yes,Yes,Yes,,Yes,2026-08-06T17:46:04,2026-08-06T17:46:07
ID000081,Daniel-Radcliffe,02.jpg,Fake,Yes,,Yes,Yes,Yes,,Yes,2026-08-06T17:46:08,2026-08-06T17:46:11
ID000081,Daniel-Radcliffe,03.jpg,Fake,Yes,,Yes,Yes,Yes,,Yes,2026-08-06T17:46:11,2026-08-06T17:46:16
ID000081,Daniel-Radcliffe,04.jpg,Fake,Yes,,Yes,Yes,Yes,,No,2026-08-06T17:46:16,2026-08-06T17:46:20
ID000081,Daniel-Radcliffe,05.jpg,Fake,No,,Yes,Yes,No,,No,2026-08-06T17:46:20,2026-08-06T17:46:27
ID000081,Daniel-Radcliffe,06.jpg,Fake,Yes,,Yes,Yes,Yes,,No,2026-08-06T17:46:27,2026-08-06T17:46:35
ID000024,Anna-Wintour,01.jpg,Real,Yes,Yes,Yes,Yes,,,Yes,2026-08-06T17:46:44,2026-08-06T17:47:43
ID000024,Anna-Wintour,02.jpg,Real,Yes,Yes,Yes,Yes,,,Yes,2026-08-06T17:47:44,2026-08-06T17:47:49
ID000024,Anna-Wintour,01.jpg,Fake,Yes,,Yes,Yes,Yes,,No,2026-08-06T17:47:50,2026-08-06T17:47:56
ID000024,Anna-Wintour,02.jpg,Fake,Yes,,Yes,Yes,No,,Yes,2026-08-06T17:47:56,2026-08-06T17:48:02
ID000024,Anna-Wintour,03.jpg,Fake,Yes,,Yes,Yes,No,,Yes,2026-08-06T17:48:02,2026-08-06T17:48:08
ID000100,Emily-Blunt,01.jpg,Real,Yes,Yes,Yes,Yes,,,Yes,2026-08-06T17:48:13,2026-08-06T17:48:34
ID000100,Emily-Blunt,01.jpg,Fake,No,,Yes,Yes,Yes,,No,2026-08-06T17:48:34,2026-08-06T17:48:40
ID000100,Emily-Blunt,02.jpg,Fake,Yes,,Yes,Yes,No,,No,2026-08-06T17:48:40,2026-08-06T17:48:54
ID000100,Emily-Blunt,03.jpg,Fake,Yes,,Yes,Yes,No,,Yes,2026-08-06T17:48:54,2026-08-06T17:49:01
ID000100,Emily-Blunt,04.jpg,Fake,Yes,,Yes,Yes,Yes,,Yes,2026-08-06T17:49:01,2026-08-06T17:49:09
ID000074,Christopher-Walken,01.jpg,Real,Yes,Yes,Yes,Yes,,,Yes,2026-08-06T17:49:15,2026-08-06T17:49:29
ID000074,Christopher-Walken,02.jpg,Real,Yes,Yes,Yes,Yes,,,Yes,2026-08-06T17:49:29,2026-08-06T17:49:37
ID000074,Christopher-Walken,03.jpg,Real,Yes,Yes,Yes,Yes,,,Yes,2026-08-06T17:49:37,2026-08-06T17:49:42
ID000074,Christopher-Walken,01.jpg,Fake,Yes,,Yes,Yes,Yes,,Yes,2026-08-06T17:49:43,2026-08-06T17:49:48
ID000074,Christopher-Walken,03.png,Fake,Yes,,Yes,Yes,No,,No,2026-08-06T17:49:48,2026-08-06T17:49:58
ID000074,Christopher-Walken,04.jpg,Fake,Yes,,Yes,Yes,No,,Yes,2026-08-06T17:49:59,2026-08-06T17:50:04
ID000074,Christopher-Walken,05.jpg,Fake,Yes,,Yes,Yes,Yes,,Yes,2026-08-06T17:50:04,2026-08-06T17:50:10
ID000359,V-BTS,01.jpg,Real,Yes,Yes,Yes,Yes,,,Yes,2026-08-06T17:50:15,2026-08-06T17:50:29
ID000359,V-BTS,02.jpg,Real,Yes,Yes,Yes,Yes,,,Yes,2026-08-06T17:50:29,2026-08-06T17:50:37
ID000359,V-BTS,01.jpg,Fake,Yes,,Yes,Yes,Yes,,Yes,2026-08-06T17:50:38,2026-08-06T17:50:42
ID000359,V-BTS,02.jpg,Fake,Yes,,Yes,Yes,Yes,,Yes,2026-08-06T17:50:42,2026-08-06T17:50:46
ID000359,V-BTS,03.jpg,Fake,Yes,,Yes,Yes,Yes,,Yes,2026-08-06T17:50:46,2026-08-06T17:50:58
ID000359,V-BTS,04.png,Fake,Yes,,Yes,Yes,No,,No,2026-08-06T17:50:58,2026-08-06T17:51:03
ID000116,G-Dragon,01.jpg,Real,Yes,Yes,Yes,Yes,,,Yes,2026-08-06T17:51:10,2026-08-06T17:51:28
ID000116,G-Dragon,02.jpg,Real,Yes,Yes,Yes,Yes,,,Yes,2026-08-06T17:51:28,2026-08-06T17:51:33
ID000116,G-Dragon,03.jpg,Real,Yes,Yes,Yes,No,,,No,2026-08-06T17:51:33,2026-08-06T17:51:43
ID000116,G-Dragon,01.jpg,Fake,No,,Yes,Yes,Yes,,No,2026-08-06T17:51:44,2026-08-06T17:51:50
ID000116,G-Dragon,02.png,Fake,Yes,,Yes,Yes,Yes,,Yes,2026-08-06T17:51:50,2026-08-06T17:52:00
ID000157,Jack-MA,1.jpg,Real,Yes,Yes,Yes,Yes,,,Yes,2026-08-06T17:52:01,2026-08-06T17:52:21
ID000157,Jack-MA,01.jpg,Fake,Yes,,Yes,Yes,Yes,,No,2026-08-06T17:52:23,2026-08-06T17:52:31
ID000157,Jack-MA,1.jpg,Fake,Yes,,Yes,Yes,Yes,,Yes,2026-08-06T17:52:31,2026-08-06T17:52:35
ID000287,Olivia-Rodrigo,01.jpg,Real,Yes,Yes,Yes,Yes,,,Yes,2026-08-06T17:52:40,2026-08-06T17:52:53
ID000287,Olivia-Rodrigo,02.jpg,Real,Yes,Yes,Yes,Yes,,,Yes,2026-08-06T17:52:53,2026-08-06T17:53:04
ID000287,Olivia-Rodrigo,01 (2).jpg,Fake,No,,Yes,Yes,Yes,,No,2026-08-06T17:53:05,2026-08-06T17:53:11
ID000287,Olivia-Rodrigo,01.jpg,Fake,No,,Yes,Yes,Yes,,No,2026-08-06T17:53:12,2026-08-06T17:53:17
ID000287,Olivia-Rodrigo,02.jpg,Fake,No,,Yes,Yes,Yes,,No,2026-08-06T17:53:17,2026-08-06T17:53:21
ID000287,Olivia-Rodrigo,03.jpg,Fake,No,,Yes,Yes,Yes,,No,2026-08-06T17:53:21,2026-08-06T17:53:25
ID000287,Olivia-Rodrigo,04.png,Fake,No,,Yes,Yes,Yes,,No,2026-08-06T17:53:25,2026-08-06T17:53:29
ID000038,Barack-obamam,01.jpg,Real,Yes,Yes,Yes,Yes,,,Yes,2026-08-06T17:53:30,2026-08-06T17:53:34
ID000038,Barack-obamam,02.jpg,Real,Yes,Yes,Yes,Yes,,,Yes,2026-08-06T17:53:34,2026-08-06T17:53:38
ID000038,Barack-obamam,02.jpg,Fake,Yes,,Yes,Yes,Yes,,Yes,2026-08-06T17:53:39,2026-08-06T17:53:45
ID000038,Barack-obamam,04.jpg,Fake,Yes,,Yes,Yes,Yes,,Yes,2026-08-06T17:53:45,2026-08-06T17:53:50
ID000038,Barack-obamam,05.png,Fake,Yes,,Yes,Yes,Yes,,Yes,2026-08-06T17:53:50,2026-08-06T17:53:55
ID000240,Maria-Corina-Machado,01.jpg,Real,Yes,Yes,Yes,Yes,,,Yes,2026-08-06T17:54:04,2026-08-06T17:54:16
ID000240,Maria-Corina-Machado,01.jpg,Fake,Yes,,Yes,Yes,Yes,,Yes,2026-08-06T17:54:17,2026-08-06T17:54:39
ID000240,Maria-Corina-Machado,02.jpg,Fake,No,,Yes,Yes,Yes,,No,2026-08-06T17:54:39,2026-08-06T17:54:44
ID000002,Abbie-Cornish,01.jpg,Real,Yes,Yes,Yes,Yes,,,Yes,2026-08-06T17:54:45,2026-08-06T17:55:07
ID000002,Abbie-Cornish,01.jpg,Fake,No,,Yes,Yes,Yes,,No,2026-08-06T17:55:08,2026-08-06T17:55:17
ID000002,Abbie-Cornish,02.jpg,Fake,Yes,,Yes,Yes,Yes,,Yes,2026-08-06T17:55:17,2026-08-06T17:55:24
ID000200,Justin-Trudeau,01.jpg,Real,Yes,Yes,Yes,Yes,,,Yes,2026-08-06T17:55:25,2026-08-06T17:55:31
ID000200,Justin-Trudeau,01.jpg,Fake,Yes,,Yes,Yes,No,,Yes,2026-08-06T17:55:32,2026-08-06T17:55:37
ID000200,Justin-Trudeau,02.jpg,Fake,Yes,,Yes,Yes,Yes,,Yes,2026-08-06T17:55:37,2026-08-06T17:55:44
ID000200,Justin-Trudeau,03.jpg,Fake,Yes,,Yes,Yes,Yes,,Yes,2026-08-06T17:55:44,2026-08-06T17:55:51
ID000299,Reese-Witherspoon,01.jpg,Real,Yes,Yes,Yes,Yes,,,Yes,2026-08-06T17:55:52,2026-08-06T17:56:15
ID000299,Reese-Witherspoon,01.jpg,Fake,Yes,,Yes,Yes,Yes,,Yes,2026-08-06T17:56:15,2026-08-06T17:56:24
ID000299,Reese-Witherspoon,03.jpg,Fake,Yes,,Yes,Yes,Yes,,Yes,2026-08-06T17:56:25,2026-08-06T17:56:30
ID000299,Reese-Witherspoon,04.png,Fake,Yes,,Yes,Yes,No,,Yes,2026-08-06T17:56:30,2026-08-06T17:56:37
ID000372,XI-Jinping,01.jpg,Real,Yes,Yes,Yes,Yes,,,Yes,2026-08-06T17:56:38,2026-08-06T17:56:56
ID000372,XI-Jinping,02.jpg,Real,Yes,Yes,Yes,Yes,,,Yes,2026-08-06T17:56:56,2026-08-06T17:57:02
ID000372,XI-Jinping,01.jpg,Fake,Yes,,Yes,Yes,Yes,,Yes,2026-08-06T17:57:03,2026-08-06T17:57:24
ID000372,XI-Jinping,02.jpg,Fake,Yes,,Yes,Yes,Yes,,Yes,2026-08-06T17:57:24,2026-08-06T17:57:40
ID000372,XI-Jinping,03.png,Fake,Yes,,Yes,Yes,Yes,,Yes,2026-08-06T17:57:40,2026-08-06T17:57:50
ID000045,Benjamin-Netanyahu,01.jpg,Real,Yes,Yes,Yes,Yes,,,Yes,2026-08-06T17:57:53,2026-08-06T17:58:02
ID000045,Benjamin-Netanyahu,02.jpg,Real,Yes,Yes,Yes,Yes,,,Yes,2026-08-06T17:58:02,2026-08-06T17:58:07
ID000045,Benjamin-Netanyahu,03.jpg,Real,Yes,Yes,Yes,Yes,,,Yes,2026-08-06T17:58:07,2026-08-06T17:58:11
ID000045,Benjamin-Netanyahu,01.webp,Fake,Yes,,No,No,No,,No,2026-08-06T17:58:12,2026-08-06T17:58:33
ID000045,Benjamin-Netanyahu,02.jpg,Fake,No,,No,No,No,,No,2026-08-06T17:58:34,2026-08-06T17:58:42
ID000045,Benjamin-Netanyahu,03.png,Fake,No,,No,No,No,,No,2026-08-06T17:58:42,2026-08-06T17:58:48
ID000045,Benjamin-Netanyahu,04.png,Fake,Yes,,Yes,No,No,,No,2026-08-06T17:58:48,2026-08-06T17:59:00
ID000045,Benjamin-Netanyahu,05.jpg,Fake,Yes,,Yes,Yes,No,,Yes,2026-08-06T17:59:00,2026-08-06T17:59:13
ID000125,Glenn-Maxwell,01.jpg,Real,Yes,Yes,Yes,Yes,,,Yes,2026-08-06T17:59:14,2026-08-06T17:59:37
ID000125,Glenn-Maxwell,02.png,Real,Yes,Yes,Yes,No,,,No,2026-08-06T17:59:37,2026-08-06T17:59:46
ID000125,Glenn-Maxwell,1.jpg,Fake,No,,No,Yes,Yes,,No,2026-08-06T17:59:47,2026-08-06T17:59:58
ID000063,Carlos-Alcaraz,01.jpg,Real,Yes,Yes,Yes,Yes,,,Yes,2026-08-06T18:00:00,2026-08-06T18:00:12
ID000063,Carlos-Alcaraz,02.jpg,Real,No,Yes,No,No,,,No,2026-08-06T18:00:12,2026-08-06T18:00:27
ID000063,Carlos-Alcaraz,03.webp,Real,No,Yes,Yes,Yes,,,No,2026-08-06T18:00:27,2026-08-06T18:00:54
ID000063,Carlos-Alcaraz,01.jpg,Fake,No,,Yes,Yes,Yes,,No,2026-08-06T18:00:55,2026-08-06T18:01:01
ID000063,Carlos-Alcaraz,02.jpg,Fake,No,,No,Yes,Yes,,No,2026-08-06T18:01:01,2026-08-06T18:01:07
ID000036,Auston-Matthews,01.jpg,Real,Yes,Yes,Yes,Yes,,,Yes,2026-08-06T18:01:07,2026-08-06T18:01:28
ID000036,Auston-Matthews,01.jpg,Fake,No,,Yes,Yes,No,,No,2026-08-06T18:01:29,2026-08-06T18:01:34
ID000036,Auston-Matthews,02.jpg,Fake,No,,No,Yes,Yes,,No,2026-08-06T18:01:34,2026-08-06T18:01:44
ID000204,Kathy-Bates,01.jpg,Real,Yes,Yes,Yes,Yes,,,Yes,2026-08-06T18:01:44,2026-08-06T18:01:57
ID000204,Kathy-Bates,02.jpg,Real,Yes,Yes,Yes,Yes,,,Yes,2026-08-06T18:01:57,2026-08-06T18:02:05
ID000204,Kathy-Bates,01.jpg,Fake,Yes,,Yes,Yes,No,,Yes,2026-08-06T18:02:07,2026-08-06T18:02:17
ID000204,Kathy-Bates,02.png,Fake,No,,Yes,Yes,No,,No,2026-08-06T18:02:17,2026-08-06T18:02:21
ID000206,Keanu-Reeves,01.jpg,Real,Yes,Yes,Yes,Yes,,,Yes,2026-08-06T18:02:22,2026-08-06T18:02:36
ID000206,Keanu-Reeves,02.jpg,Real,Yes,Yes,Yes,Yes,,,Yes,2026-08-06T18:02:36,2026-08-06T18:02:39
ID000206,Keanu-Reeves,01.jpg,Fake,Yes,,Yes,Yes,No,,Yes,2026-08-06T18:02:40,2026-08-06T18:02:44
ID000206,Keanu-Reeves,02.png,Fake,Yes,,Yes,Yes,No,,Yes,2026-08-06T18:02:44,2026-08-06T18:02:48
ID000057,Caitlin-Clark,01.png,Real,Yes,Yes,Yes,Yes,,,Yes,2026-08-06T18:02:50,2026-08-06T18:03:02
ID000057,Caitlin-Clark,01.jpg,Fake,No,,Yes,No,Yes,,No,2026-08-06T18:03:04,2026-08-06T18:03:10
ID000057,Caitlin-Clark,02.jpg,Fake,No,,Yes,No,No,,No,2026-08-06T18:03:11,2026-08-06T18:03:20
ID000057,Caitlin-Clark,03.png,Fake,Yes,,Yes,Yes,Yes,,Yes,2026-08-06T18:03:20,2026-08-06T18:03:31
ID000057,Caitlin-Clark,04.png,Fake,No,,Yes,Yes,Yes,,No,2026-08-06T18:03:31,2026-08-06T18:03:37
ID000185,John-Terry,01.jpg,Real,Yes,Yes,Yes,Yes,,,Yes,2026-08-06T18:03:38,2026-08-06T18:03:49
ID000185,John-Terry,02.jpg,Real,Yes,Yes,Yes,Yes,,,Yes,2026-08-06T18:03:49,2026-08-06T18:03:53
ID000185,John-Terry,01.jpg,Fake,No,,Yes,Yes,Yes,,No,2026-08-06T18:03:59,2026-08-06T18:04:05
ID000097,Elizabeth-Taylor,01.jpg,Real,Yes,Yes,Yes,Yes,,,Yes,2026-08-06T18:04:06,2026-08-06T18:04:22
ID000097,Elizabeth-Taylor,02.jpg,Real,Yes,Yes,Yes,Yes,,,Yes,2026-08-06T18:04:22,2026-08-06T18:04:26
ID000097,Elizabeth-Taylor,02.jpg,Fake,Yes,,Yes,Yes,Yes,,Yes,2026-08-06T18:04:27,2026-08-06T18:04:31
ID000324,Sean-Penn,01.jpg,Real,Yes,Yes,Yes,Yes,,,Yes,2026-08-06T18:35:25,2026-08-06T18:35:54
ID000324,Sean-Penn,02.jpg,Real,Yes,Yes,Yes,Yes,,,Yes,2026-08-06T18:35:55,2026-08-06T18:35:57
ID000324,Sean-Penn,01.jpg,Fake,No,,Yes,Yes,Yes,,No,2026-08-06T18:35:59,2026-08-06T18:36:03
ID000324,Sean-Penn,02.png,Fake,No,,Yes,Yes,No,,No,2026-08-06T18:36:03,2026-08-06T18:36:07
ID000324,Sean-Penn,03.jpg,Fake,Yes,,Yes,Yes,Yes,,Yes,2026-08-06T18:36:07,2026-08-06T18:36:17
ID000028,Antonio-Banderas,01.jpg,Real,Yes,Yes,Yes,Yes,,,Yes,2026-08-06T18:36:18,2026-08-06T18:36:31
ID000028,Antonio-Banderas,02.jpg,Real,Yes,Yes,Yes,Yes,,,Yes,2026-08-06T18:36:32,2026-08-06T18:36:36
ID000028,Antonio-Banderas,01.jpg,Fake,No,,Yes,Yes,Yes,,No,2026-08-06T18:36:36,2026-08-06T18:36:41
ID000028,Antonio-Banderas,02.jpg,Fake,Yes,,Yes,Yes,Yes,,Yes,2026-08-06T18:36:41,2026-08-06T18:36:48
ID000028,Antonio-Banderas,03.jpg,Fake,No,,Yes,Yes,Yes,,No,2026-08-06T18:36:48,2026-08-06T18:36:57
ID000028,Antonio-Banderas,04.jpg,Fake,No,,Yes,Yes,Yes,,No,2026-08-06T18:36:57,2026-08-06T18:37:01
ID000028,Antonio-Banderas,05.png,Fake,No,,Yes,Yes,No,,No,2026-08-06T18:37:01,2026-08-06T18:37:07
ID000188,Johnny-Depp,01.jpg,Real,Yes,Yes,Yes,Yes,,,Yes,2026-08-06T18:37:08,2026-08-06T18:37:12
ID000188,Johnny-Depp,02.jpg,Real,Yes,Yes,Yes,Yes,,,Yes,2026-08-06T18:37:12,2026-08-06T18:37:15
ID000188,Johnny-Depp,03.jpg,Real,Yes,Yes,Yes,Yes,,,Yes,2026-08-06T18:37:15,2026-08-06T18:37:21
ID000188,Johnny-Depp,01.jpg,Fake,Yes,,Yes,Yes,Yes,,Yes,2026-08-06T18:37:22,2026-08-06T18:37:26
ID000392,salman-khan,01.jpg,Real,Yes,Yes,Yes,Yes,,,Yes,2026-08-06T18:37:27,2026-08-06T18:37:31
ID000392,salman-khan,02.jpg,Real,Yes,Yes,Yes,Yes,,,Yes,2026-08-06T18:37:31,2026-08-06T18:37:35
ID000392,salman-khan,01.jpg,Fake,No,,Yes,Yes,Yes,,No,2026-08-06T18:37:37,2026-08-06T18:37:44
ID000392,salman-khan,02.jpg,Fake,Yes,,Yes,Yes,No,,Yes,2026-08-06T18:37:44,2026-08-06T18:37:52
ID000128,Guy-Pearce,01.jpg,Real,Yes,Yes,Yes,Yes,,,Yes,2026-08-06T18:37:53,2026-08-06T18:38:29
ID000128,Guy-Pearce,01.jpg,Fake,No,,Yes,Yes,No,,No,2026-08-06T18:38:30,2026-08-06T18:38:37
ID000128,Guy-Pearce,03.jpg,Fake,No,,Yes,Yes,Yes,,No,2026-08-06T18:38:37,2026-08-06T18:39:00
ID000128,Guy-Pearce,05.jpg,Fake,No,,Yes,Yes,Yes,,No,2026-08-06T18:39:00,2026-08-06T18:39:12
ID000128,Guy-Pearce,06.png,Fake,No,,Yes,Yes,Yes,,No,2026-08-06T18:39:12,2026-08-06T18:39:19
ID000128,Guy-Pearce,07.png,Fake,No,,Yes,Yes,Yes,,No,2026-08-06T18:39:19,2026-08-06T18:39:26
ID000128,Guy-Pearce,08.png,Fake,No,,Yes,Yes,Yes,,No,2026-08-06T18:39:26,2026-08-06T18:39:34
ID000132,Hande-Ercel,01.jpg,Real,Yes,Yes,Yes,Yes,,,Yes,2026-08-06T18:39:35,2026-08-06T18:39:40
ID000132,Hande-Ercel,02.jpg,Real,Yes,Yes,Yes,Yes,,,Yes,2026-08-06T18:39:40,2026-08-06T18:39:43
ID000132,Hande-Ercel,01.jpg,Fake,Yes,,Yes,Yes,Yes,,Yes,2026-08-06T18:39:44,2026-08-06T18:39:50
ID000132,Hande-Ercel,02.jpg,Fake,No,,Yes,Yes,No,,No,2026-08-06T18:39:51,2026-08-06T18:39:57
ID000132,Hande-Ercel,04.png,Fake,Yes,,Yes,Yes,Yes,,Yes,2026-08-06T18:39:57,2026-08-06T18:40:04
ID000119,Gene-Wilder,01.jpg,Real,Yes,Yes,Yes,Yes,,,Yes,2026-08-06T18:40:05,2026-08-06T18:40:19
ID000119,Gene-Wilder,02.jpg,Real,Yes,Yes,Yes,Yes,,,Yes,2026-08-06T18:40:19,2026-08-06T18:40:23
ID000119,Gene-Wilder,03.jpg,Real,Yes,Yes,Yes,Yes,,,Yes,2026-08-06T18:40:23,2026-08-06T18:40:28
ID000119,Gene-Wilder,01.jpg,Fake,Yes,,Yes,Yes,No,,Yes,2026-08-06T18:40:29,2026-08-06T18:40:34
ID000119,Gene-Wilder,02.jpg,Fake,Yes,,Yes,Yes,No,,Yes,2026-08-06T18:40:34,2026-08-06T18:40:37
ID000302,Rihanna,01.png,Real,Yes,Yes,Yes,Yes,,,Yes,2026-08-06T18:40:39,2026-08-06T18:40:43
ID000302,Rihanna,02.jpg,Real,Yes,Yes,Yes,Yes,,,Yes,2026-08-06T18:40:43,2026-08-06T18:40:46
ID000302,Rihanna,01.jpg,Fake,No,,Yes,Yes,Yes,,No,2026-08-06T18:40:48,2026-08-06T18:40:52
ID000302,Rihanna,02.jpg,Fake,Yes,,Yes,Yes,Yes,,No,2026-08-06T18:40:52,2026-08-06T18:40:56
ID000302,Rihanna,03.jpg,Fake,Yes,,Yes,Yes,Yes,,Yes,2026-08-06T18:40:56,2026-08-06T18:41:00
ID000302,Rihanna,1.jpg,Fake,Yes,,Yes,Yes,No,,Yes,2026-08-06T18:41:01,2026-08-06T18:41:06
ID000114,Florian-Wirtz,01.jpg,Real,Yes,Yes,Yes,Yes,,,Yes,2026-08-06T18:41:10,2026-08-06T18:41:13
ID000114,Florian-Wirtz,1.jpg,Real,Yes,Yes,Yes,Yes,,,Yes,2026-08-06T18:41:13,2026-08-06T18:41:17
ID000114,Florian-Wirtz,01.jpg,Fake,No,,Yes,Yes,Yes,,No,2026-08-06T18:41:18,2026-08-06T18:41:21
ID000114,Florian-Wirtz,02.jpg,Fake,No,,Yes,Yes,Yes,,No,2026-08-06T18:41:21,2026-08-06T18:41:25
ID000114,Florian-Wirtz,03.jpg,Fake,No,,Yes,Yes,No,,No,2026-08-06T18:41:25,2026-08-06T18:41:42
ID000114,Florian-Wirtz,04.jpg,Fake,Yes,,Yes,Yes,No,,Yes,2026-08-06T18:41:43,2026-08-06T18:41:50
ID000114,Florian-Wirtz,05.jpg,Fake,Yes,,Yes,Yes,No,,Yes,2026-08-06T18:41:50,2026-08-06T18:41:54
ID000321,Sam-Rockwell,01.jpg,Real,Yes,Yes,Yes,Yes,,,Yes,2026-08-06T18:41:56,2026-08-06T18:42:06
ID000321,Sam-Rockwell,01.jpg,Fake,Yes,,Yes,Yes,Yes,,Yes,2026-08-06T18:42:08,2026-08-06T18:42:11
ID000321,Sam-Rockwell,02.jpg,Fake,No,,Yes,Yes,Yes,,No,2026-08-06T18:42:11,2026-08-06T18:42:16
ID000304,Robert-De-Niro,01.jpg,Real,Yes,Yes,Yes,Yes,,,Yes,2026-08-06T18:42:18,2026-08-06T18:42:31
ID000304,Robert-De-Niro,02.jpg,Real,Yes,Yes,Yes,Yes,,,Yes,2026-08-06T18:42:31,2026-08-06T18:42:35
ID000304,Robert-De-Niro,03.jpg,Real,Yes,Yes,Yes,Yes,,,Yes,2026-08-06T18:42:35,2026-08-06T18:42:38
ID000304,Robert-De-Niro,01.jpg,Fake,Yes,,Yes,Yes,Yes,,Yes,2026-08-06T18:42:40,2026-08-06T18:42:44
ID000304,Robert-De-Niro,02.jpg,Fake,Yes,,Yes,Yes,Yes,,Yes,2026-08-06T18:42:44,2026-08-06T18:42:47
ID000304,Robert-De-Niro,03.jpg,Fake,Yes,,Yes,Yes,No,,No,2026-08-06T18:42:48,2026-08-06T18:42:52
ID000304,Robert-De-Niro,04.jpg,Fake,Yes,,Yes,Yes,No,,No,2026-08-06T18:42:52,2026-08-06T18:42:56
ID000304,Robert-De-Niro,05.jpg,Fake,Yes,,Yes,Yes,Yes,,Yes,2026-08-06T18:42:56,2026-08-06T18:43:00
ID000263,Michelle-Yeoh,01.jpg,Real,Yes,Yes,Yes,Yes,,,Yes,2026-08-06T18:43:09,2026-08-06T18:44:05
ID000263,Michelle-Yeoh,01.jpg,Fake,Yes,,Yes,Yes,Yes,,Yes,2026-08-06T18:44:06,2026-08-06T18:44:10
ID000263,Michelle-Yeoh,02.jpg,Fake,Yes,,Yes,Yes,Yes,,Yes,2026-08-06T18:44:10,2026-08-06T18:44:13
ID000241,Marilyn-Monroe,01.jpg,Real,Yes,Yes,Yes,Yes,,,Yes,2026-08-06T18:44:15,2026-08-06T18:44:28
ID000241,Marilyn-Monroe,02.jpg,Real,Yes,Yes,Yes,Yes,,,Yes,2026-08-06T18:44:28,2026-08-06T18:44:33
ID000241,Marilyn-Monroe,01.jpg,Fake,Yes,,Yes,Yes,Yes,,Yes,2026-08-06T18:44:34,2026-08-06T18:44:39
ID000241,Marilyn-Monroe,02.jpg,Fake,Yes,,Yes,Yes,No,,Yes,2026-08-06T18:44:39,2026-08-06T18:44:44
ID000241,Marilyn-Monroe,03.png,Fake,Yes,,Yes,Yes,No,,Yes,2026-08-06T18:44:44,2026-08-06T18:44:48
ID000241,Marilyn-Monroe,04.jpg,Fake,Yes,,Yes,Yes,Yes,,No,2026-08-06T18:44:48,2026-08-06T18:44:54
ID000180,Joaquin-Phoenix,01.jpg,Real,Yes,Yes,Yes,Yes,,,Yes,2026-08-06T18:44:59,2026-08-06T18:45:17
ID000180,Joaquin-Phoenix,01.jpg,Fake,Yes,,Yes,Yes,Yes,,Yes,2026-08-06T18:45:18,2026-08-06T18:45:23
ID000180,Joaquin-Phoenix,02.jpg,Fake,Yes,,Yes,Yes,Yes,,No,2026-08-06T18:45:23,2026-08-06T18:45:43
ID000180,Joaquin-Phoenix,03.jpg,Fake,Yes,,Yes,Yes,Yes,,Yes,2026-08-06T18:45:43,2026-08-06T18:45:49
ID000180,Joaquin-Phoenix,04.png,Fake,Yes,,Yes,Yes,No,,Yes,2026-08-06T18:45:49,2026-08-06T18:45:55
ID000180,Joaquin-Phoenix,05.jpg,Fake,Yes,,Yes,Yes,No,,No,2026-08-06T18:45:55,2026-08-06T18:46:01
ID000123,Giorgia-Meloni,01.jpg,Real,Yes,Yes,Yes,Yes,,,Yes,2026-08-06T18:46:07,2026-08-06T18:46:20
ID000123,Giorgia-Meloni,02.jpg,Real,Yes,Yes,Yes,Yes,,,Yes,2026-08-06T18:46:20,2026-08-06T18:46:24
ID000123,Giorgia-Meloni,01.jpg,Fake,No,,No,No,Yes,,No,2026-08-06T18:46:25,2026-08-06T18:46:33
ID000123,Giorgia-Meloni,02.jpg,Fake,Yes,,Yes,Yes,No,,Yes,2026-08-06T18:46:33,2026-08-06T18:46:40
ID000123,Giorgia-Meloni,03.png,Fake,Yes,,Yes,No,No,,No,2026-08-06T18:46:40,2026-08-06T18:46:49
ID000342,Suryakumar-Yadav,01.jpg,Real,Yes,Yes,Yes,Yes,,,Yes,2026-08-06T18:46:50,2026-08-06T18:47:01
ID000342,Suryakumar-Yadav,01.jpg,Fake,No,,Yes,Yes,Yes,,No,2026-08-06T18:47:02,2026-08-06T18:47:08
ID000342,Suryakumar-Yadav,1.jpg,Fake,No,,No,Yes,Yes,,No,2026-08-06T18:47:09,2026-08-06T18:47:13
ID000342,Suryakumar-Yadav,2.jpg,Fake,No,,No,Yes,Yes,,No,2026-08-06T18:47:13,2026-08-06T18:47:27
ID000283,Nico-Paz,1.jpg,Real,Yes,Yes,Yes,Yes,,,Yes,2026-08-06T18:47:28,2026-08-06T18:47:38
ID000283,Nico-Paz,01.jpg,Fake,No,,Yes,Yes,Yes,,No,2026-08-06T18:47:39,2026-08-06T18:47:44
ID000283,Nico-Paz,1.jpg,Fake,Yes,,Yes,Yes,Yes,,Yes,2026-08-06T18:47:44,2026-08-06T18:47:51
ID000283,Nico-Paz,2.jpg,Fake,No,,No,Yes,Yes,,No,2026-08-06T18:47:51,2026-08-06T18:47:58
ID000237,Marc-Benioff,01.jpg,Real,Yes,Yes,Yes,Yes,,,Yes,2026-08-06T18:47:59,2026-08-06T18:48:08
ID000237,Marc-Benioff,01.jpg,Fake,No,,Yes,Yes,No,,No,2026-08-06T18:48:09,2026-08-06T18:48:26
ID000237,Marc-Benioff,02.jpg,Fake,Yes,,Yes,Yes,No,,Yes,2026-08-06T18:48:27,2026-08-06T18:48:32
ID000169,Jennie,01.jpg,Real,Yes,Yes,Yes,Yes,,,Yes,2026-08-06T18:48:33,2026-08-06T18:48:43
ID000169,Jennie,02.jpg,Real,Yes,Yes,Yes,Yes,,,Yes,2026-08-06T18:48:44,2026-08-06T18:48:47
ID000169,Jennie,03.jpg,Real,Yes,Yes,Yes,Yes,,,Yes,2026-08-06T18:48:47,2026-08-06T18:48:51
ID000169,Jennie,01.png,Fake,Yes,,Yes,Yes,No,,Yes,2026-08-06T18:48:52,2026-08-06T18:48:57
ID000169,Jennie,02.jpg,Fake,Yes,,Yes,Yes,No,,Yes,2026-08-06T18:48:58,2026-08-06T18:49:02
ID000269,Mohammad-Albuty,01.jpg,Real,Yes,Yes,Yes,Yes,,,Yes,2026-08-06T18:49:03,2026-08-06T18:49:13
ID000269,Mohammad-Albuty,02.jpg,Real,Yes,Yes,Yes,Yes,,,Yes,2026-08-06T18:49:14,2026-08-06T18:49:17
ID000269,Mohammad-Albuty,01.jpg,Fake,No,,Yes,Yes,Yes,,No,2026-08-06T18:49:18,2026-08-06T18:49:21
ID000347,Tate-McRae,01.jpg,Real,Yes,Yes,Yes,Yes,,,Yes,2026-08-06T18:49:22,2026-08-06T18:49:33
ID000347,Tate-McRae,01.png,Fake,No,,No,Yes,No,,No,2026-08-06T18:49:34,2026-08-06T18:49:40
ID000347,Tate-McRae,02.jpg,Fake,No,,No,Yes,No,,No,2026-08-06T18:49:40,2026-08-06T18:49:51
ID000347,Tate-McRae,03.jpg,Fake,No,,Yes,Yes,No,,No,2026-08-06T18:49:51,2026-08-06T18:49:56
ID000347,Tate-McRae,04.png,Fake,Yes,,Yes,Yes,Yes,,Yes,2026-08-06T18:49:56,2026-08-06T18:50:04
ID000152,Iqra-Kanwal,01.jpg,Real,Yes,Yes,Yes,Yes,,,Yes,2026-08-06T18:50:04,2026-08-06T18:50:17
ID000152,Iqra-Kanwal,02.jpg,Real,Yes,Yes,Yes,Yes,,,Yes,2026-08-06T18:50:18,2026-08-06T18:50:21
ID000152,Iqra-Kanwal,04.png,Fake,Yes,,Yes,Yes,No,,Yes,2026-08-06T18:50:22,2026-08-06T18:50:28
ID000351,Tim-Allen,01.jpg,Real,Yes,Yes,Yes,Yes,,,Yes,2026-08-06T18:50:29,2026-08-06T18:50:41
ID000351,Tim-Allen,02.jpg,Real,Yes,Yes,Yes,Yes,,,Yes,2026-08-06T18:50:41,2026-08-06T18:50:45
ID000351,Tim-Allen,01.jpg,Fake,No,,Yes,Yes,Yes,,No,2026-08-06T18:50:46,2026-08-06T18:50:52
ID000351,Tim-Allen,02.jpg,Fake,No,,Yes,Yes,No,,No,2026-08-06T18:50:52,2026-08-06T18:50:58
ID000017,Amber-Heard,01.jpg,Real,Yes,Yes,Yes,Yes,,,Yes,2026-08-06T18:50:59,2026-08-06T18:51:09
ID000017,Amber-Heard,01.jpg,Fake,Yes,,Yes,Yes,Yes,,Yes,2026-08-06T18:51:10,2026-08-06T18:51:15
ID000017,Amber-Heard,02.jpg,Fake,Yes,,Yes,Yes,Yes,,Yes,2026-08-06T18:51:15,2026-08-06T18:51:19
ID000017,Amber-Heard,03.jpg,Fake,Yes,,Yes,Yes,Yes,,Yes,2026-08-06T18:51:19,2026-08-06T18:51:23
ID000017,Amber-Heard,04.jpg,Fake,No,,Yes,Yes,Yes,,No,2026-08-06T18:51:23,2026-08-06T18:51:30
ID000262,Michelle-Pfeiffer,01.jpg,Real,Yes,Yes,Yes,Yes,,,Yes,2026-08-06T18:51:31,2026-08-06T18:51:55
ID000262,Michelle-Pfeiffer,02.jpg,Real,Yes,Yes,Yes,Yes,,,Yes,2026-08-06T18:51:55,2026-08-06T18:51:59
ID000262,Michelle-Pfeiffer,01.jpg,Fake,Yes,,Yes,Yes,Yes,,Yes,2026-08-06T18:52:00,2026-08-06T18:52:04
ID000262,Michelle-Pfeiffer,02.jpg,Fake,Yes,,Yes,Yes,Yes,,Yes,2026-08-06T18:52:04,2026-08-06T18:52:07
ID000262,Michelle-Pfeiffer,03.jpg,Fake,Yes,,Yes,Yes,Yes,,Yes,2026-08-06T18:52:07,2026-08-06T18:52:10
ID000262,Michelle-Pfeiffer,04.jpg,Fake,No,,No,Yes,No,,No,2026-08-06T18:52:10,2026-08-06T18:52:17
ID000330,Shakira-Isabel-Mebarak-Ripoll,01.jpg,Real,Yes,Yes,Yes,Yes,,,Yes,2026-08-06T18:52:18,2026-08-06T18:52:22
ID000330,Shakira-Isabel-Mebarak-Ripoll,02.jpg,Real,Yes,Yes,Yes,Yes,,,Yes,2026-08-06T18:52:22,2026-08-06T18:52:27
ID000330,Shakira-Isabel-Mebarak-Ripoll,03.jpg,Real,Yes,Yes,Yes,Yes,,,Yes,2026-08-06T18:52:27,2026-08-06T18:52:31
ID000330,Shakira-Isabel-Mebarak-Ripoll,01.jpg,Fake,Yes,,Yes,Yes,Yes,,No,2026-08-06T18:52:32,2026-08-06T18:52:41
ID000330,Shakira-Isabel-Mebarak-Ripoll,04.png,Fake,Yes,,Yes,Yes,No,,Yes,2026-08-06T18:52:41,2026-08-06T18:52:46
ID000232,Livvy-Dunne,1.jpg,Real,Yes,Yes,Yes,Yes,,,Yes,2026-08-06T18:52:49,2026-08-06T18:53:02
ID000232,Livvy-Dunne,01.jpg,Fake,Yes,,Yes,Yes,No,,Yes,2026-08-06T18:53:03,2026-08-06T18:53:12
ID000232,Livvy-Dunne,02.jpg,Fake,Yes,,No,No,No,,No,2026-08-06T18:53:12,2026-08-06T18:53:24
ID000232,Livvy-Dunne,03.jpg,Fake,Yes,,Yes,Yes,No,,Yes,2026-08-06T18:53:24,2026-08-06T18:53:35
ID000232,Livvy-Dunne,04.jpg,Fake,Yes,,Yes,Yes,No,,No,2026-08-06T18:53:35,2026-08-06T18:54:36
ID000232,Livvy-Dunne,05.jpg,Fake,No,,Yes,Yes,Yes,,No,2026-08-06T18:54:36,2026-08-06T18:54:43
ID000232,Livvy-Dunne,1.png,Fake,Yes,,Yes,Yes,No,,Yes,2026-08-06T18:54:43,2026-08-06T18:54:49
ID000019,Andrea-Pirlo,01.jpg,Real,Yes,Yes,Yes,Yes,,,Yes,2026-08-06T18:54:55,2026-08-06T18:55:06
ID000019,Andrea-Pirlo,1.jpg,Real,Yes,Yes,Yes,Yes,,,Yes,2026-08-06T18:55:07,2026-08-06T18:55:12
ID000019,Andrea-Pirlo,02.jpg,Fake,Yes,,Yes,Yes,Yes,,Yes,2026-08-06T18:55:14,2026-08-06T18:55:19
ID000019,Andrea-Pirlo,1.jpg,Fake,Yes,,Yes,Yes,Yes,,Yes,2026-08-06T18:55:20,2026-08-06T18:55:25
ID000257,Michael-J-Fox,01.jpg,Real,Yes,Yes,Yes,Yes,,,Yes,2026-08-06T18:55:26,2026-08-06T18:55:38
ID000257,Michael-J-Fox,02.jpg,Real,Yes,Yes,Yes,Yes,,,Yes,2026-08-06T18:55:38,2026-08-06T18:55:42
ID000257,Michael-J-Fox,03.jpg,Real,Yes,Yes,Yes,Yes,,,Yes,2026-08-06T18:55:42,2026-08-06T18:55:47
ID000257,Michael-J-Fox,01.jpg,Fake,Yes,,Yes,Yes,Yes,,Yes,2026-08-06T18:55:48,2026-08-06T18:55:53
ID000257,Michael-J-Fox,02.jpg,Fake,No,,Yes,Yes,Yes,,No,2026-08-06T18:55:53,2026-08-06T18:56:04
ID000257,Michael-J-Fox,03.jpg,Fake,No,,Yes,Yes,Yes,,No,2026-08-06T18:56:04,2026-08-06T18:56:10
ID000257,Michael-J-Fox,04.jpg,Fake,No,,Yes,Yes,No,,No,2026-08-06T18:56:10,2026-08-06T18:56:15
ID000300,Rhett-McLaughlin,01.jpg,Real,Yes,Yes,Yes,Yes,,,Yes,2026-08-06T18:56:16,2026-08-06T18:56:27
ID000300,Rhett-McLaughlin,02.jpg,Real,Yes,Yes,Yes,Yes,,,Yes,2026-08-06T18:56:27,2026-08-06T18:56:31
ID000300,Rhett-McLaughlin,01.png,Fake,No,,No,No,Yes,,No,2026-08-06T18:56:32,2026-08-06T18:56:37
ID000300,Rhett-McLaughlin,02.jpg,Fake,No,,Yes,No,Yes,,No,2026-08-06T18:56:37,2026-08-06T18:56:45
ID000300,Rhett-McLaughlin,03.png,Fake,No,,No,Yes,Yes,,No,2026-08-06T18:56:45,2026-08-06T18:56:52
ID000300,Rhett-McLaughlin,04.jpg,Fake,Yes,,Yes,Yes,Yes,,Yes,2026-08-06T18:56:52,2026-08-06T18:57:01
ID000271,Mlanie-Laurent,01.jpg,Real,Yes,Yes,Yes,Yes,,,Yes,2026-08-06T18:57:01,2026-08-06T18:57:48
ID000271,Mlanie-Laurent,01.jpg,Fake,Yes,,Yes,Yes,Yes,,Yes,2026-08-06T18:57:50,2026-08-06T18:57:54
ID000271,Mlanie-Laurent,02.jpg,Fake,No,,Yes,Yes,No,,No,2026-08-06T18:57:54,2026-08-06T18:58:00
ID000271,Mlanie-Laurent,03.jpg,Fake,No,,Yes,Yes,No,,No,2026-08-06T18:58:00,2026-08-06T18:58:05
ID000075,Christopher-Nolan,01.jpg,Real,Yes,Yes,Yes,Yes,,,Yes,2026-08-06T18:58:06,2026-08-06T18:58:17
ID000075,Christopher-Nolan,02.jpg,Real,Yes,Yes,Yes,Yes,,,Yes,2026-08-06T18:58:17,2026-08-06T18:58:21
ID000075,Christopher-Nolan,03.jpg,Real,Yes,Yes,Yes,Yes,,,Yes,2026-08-06T18:58:21,2026-08-06T18:58:25
ID000075,Christopher-Nolan,01.jpg,Fake,No,,No,Yes,Yes,,No,2026-08-06T18:58:26,2026-08-06T18:58:34
ID000075,Christopher-Nolan,02.jpg,Fake,Yes,,Yes,Yes,Yes,,Yes,2026-08-06T18:58:34,2026-08-06T18:58:39
ID000075,Christopher-Nolan,03.jpg,Fake,No,,Yes,Yes,Yes,,No,2026-08-06T18:58:39,2026-08-06T18:58:44
ID000048,Bill-Paxton,01.jpg,Real,Yes,Yes,Yes,Yes,,,Yes,2026-08-06T18:58:45,2026-08-06T18:58:55
ID000048,Bill-Paxton,02.jpg,Real,Yes,Yes,Yes,Yes,,,Yes,2026-08-06T18:58:55,2026-08-06T18:58:58
ID000048,Bill-Paxton,03.jpg,Real,Yes,Yes,Yes,Yes,,,Yes,2026-08-06T18:58:58,2026-08-06T18:59:01
ID000048,Bill-Paxton,01.jpg,Fake,Yes,,Yes,Yes,No,,Yes,2026-08-06T18:59:03,2026-08-06T18:59:15
ID000048,Bill-Paxton,02.jpg,Fake,No,,Yes,Yes,No,,No,2026-08-06T18:59:15,2026-08-06T18:59:19
ID000274,Naomi-Watts,01.jpg,Real,Yes,Yes,Yes,Yes,,,Yes,2026-08-06T18:59:20,2026-08-06T18:59:41
ID000274,Naomi-Watts,01.jpg,Fake,No,,Yes,Yes,Yes,,No,2026-08-06T18:59:43,2026-08-06T18:59:49
ID000149,Imran-Kahn,01.jpg,Real,Yes,Yes,Yes,Yes,,,Yes,2026-08-06T18:59:50,2026-08-06T18:59:58
ID000149,Imran-Kahn,02.jpg,Real,Yes,Yes,Yes,Yes,,,Yes,2026-08-06T18:59:58,2026-08-06T19:00:05
ID000149,Imran-Kahn,01.jpg,Fake,Yes,,Yes,Yes,Yes,,Yes,2026-08-06T19:00:06,2026-08-06T19:00:16
ID000149,Imran-Kahn,03.jpg,Fake,No,,Yes,Yes,Yes,,No,2026-08-06T19:00:17,2026-08-06T19:00:24
ID000149,Imran-Kahn,06.png,Fake,Yes,,Yes,Yes,No,,Yes,2026-08-06T19:00:24,2026-08-06T19:00:36
ID000323,Sarah-Michelle-Gellar,01.jpg,Real,Yes,Yes,Yes,Yes,,,Yes,2026-08-06T19:00:38,2026-08-06T19:00:51
ID000323,Sarah-Michelle-Gellar,02.jpg,Real,Yes,Yes,Yes,Yes,,,Yes,2026-08-06T19:00:51,2026-08-06T19:00:56
ID000323,Sarah-Michelle-Gellar,01.jpg,Fake,Yes,,Yes,Yes,Yes,,Yes,2026-08-06T19:00:58,2026-08-06T19:01:04
ID000323,Sarah-Michelle-Gellar,02.jpg,Fake,Yes,,Yes,Yes,Yes,,Yes,2026-08-06T19:01:04,2026-08-06T19:01:10
ID000323,Sarah-Michelle-Gellar,03.jpg,Fake,Yes,,Yes,Yes,Yes,,No,2026-08-06T19:01:10,2026-08-06T19:01:17
ID000323,Sarah-Michelle-Gellar,04.jpg,Fake,Yes,,Yes,Yes,Yes,,Yes,2026-08-06T19:01:17,2026-08-06T19:01:23
ID000225,LeBron-James,01.jpg,Real,Yes,Yes,Yes,Yes,,,Yes,2026-08-06T19:01:29,2026-08-06T19:01:41
ID000225,LeBron-James,02.png,Real,Yes,Yes,Yes,Yes,,,Yes,2026-08-06T19:01:41,2026-08-06T19:01:52
ID000225,LeBron-James,03.jpg,Real,Yes,Yes,Yes,Yes,,,Yes,2026-08-06T19:01:52,2026-08-06T19:01:56
ID000225,LeBron-James,01.jpg,Fake,Yes,,Yes,Yes,Yes,,Yes,2026-08-06T19:01:57,2026-08-06T19:02:03
ID000225,LeBron-James,02.jpg,Fake,No,,No,No,Yes,,No,2026-08-06T19:02:04,2026-08-06T19:02:10
ID000225,LeBron-James,06.png,Fake,Yes,,Yes,Yes,No,,Yes,2026-08-06T19:02:10,2026-08-06T19:02:15
ID000235,Mahatma-Gandhi,01.jpg,Real,Yes,Yes,Yes,Yes,,,Yes,2026-08-06T19:02:16,2026-08-06T19:02:21
ID000235,Mahatma-Gandhi,02.jpg,Real,Yes,Yes,Yes,Yes,,,No,2026-08-06T19:02:22,2026-08-06T19:02:35
ID000235,Mahatma-Gandhi,03.jpg,Real,Yes,Yes,Yes,Yes,,,Yes,2026-08-06T19:02:35,2026-08-06T19:02:40
ID000235,Mahatma-Gandhi,01.jpg,Fake,Yes,,Yes,Yes,Yes,,Yes,2026-08-06T19:02:47,2026-08-06T19:02:51
ID000235,Mahatma-Gandhi,02.png,Fake,No,,Yes,Yes,Yes,,No,2026-08-06T19:02:51,2026-08-06T19:02:55
ID000043,Benedict-Cumberbatch,01.jpg,Real,Yes,Yes,Yes,Yes,,,Yes,2026-08-06T19:02:57,2026-08-06T19:03:01
ID000043,Benedict-Cumberbatch,02.jpg,Real,Yes,Yes,Yes,Yes,,,Yes,2026-08-06T19:03:01,2026-08-06T19:03:04
ID000043,Benedict-Cumberbatch,01.jpg,Fake,Yes,,Yes,Yes,Yes,,Yes,2026-08-06T19:03:06,2026-08-06T19:03:13
ID000043,Benedict-Cumberbatch,02.jpg,Fake,No,,Yes,Yes,No,,No,2026-08-06T19:03:13,2026-08-06T19:03:23
ID000043,Benedict-Cumberbatch,03.jpg,Fake,No,,Yes,Yes,No,,No,2026-08-06T19:03:23,2026-08-06T19:03:27
ID000043,Benedict-Cumberbatch,04.webp,Fake,No,,Yes,No,No,,No,2026-08-06T19:03:27,2026-08-06T19:03:35
ID000129,Grard-Depardieu,01.jpg,Real,Yes,Yes,Yes,Yes,,,Yes,2026-08-06T19:03:36,2026-08-06T19:03:44
ID000129,Grard-Depardieu,01.jpg,Fake,Yes,,Yes,Yes,Yes,,Yes,2026-08-06T19:03:45,2026-08-06T19:03:50
ID000129,Grard-Depardieu,02.jpg,Fake,No,,No,No,Yes,,No,2026-08-06T19:03:50,2026-08-06T19:03:56
ID000129,Grard-Depardieu,03.jpg,Fake,Yes,,Yes,Yes,Yes,,Yes,2026-08-06T19:03:56,2026-08-06T19:04:02
ID000129,Grard-Depardieu,04.png,Fake,No,,No,Yes,Yes,,No,2026-08-06T19:04:02,2026-08-06T19:04:06
ID000319,Sally-Field,01.jpg,Real,Yes,Yes,Yes,Yes,,,Yes,2026-08-06T19:04:07,2026-08-06T19:04:24
ID000319,Sally-Field,02.jpg,Real,Yes,Yes,Yes,Yes,,,Yes,2026-08-06T19:04:24,2026-08-06T19:04:28
ID000319,Sally-Field,03.jpg,Real,Yes,Yes,Yes,Yes,,,Yes,2026-08-06T19:04:28,2026-08-06T19:04:31
ID000319,Sally-Field,01.jpg,Fake,Yes,,Yes,Yes,Yes,,Yes,2026-08-06T19:04:32,2026-08-06T19:04:37
ID000319,Sally-Field,02.jpg,Fake,Yes,,Yes,Yes,Yes,,Yes,2026-08-06T19:04:37,2026-08-06T19:04:41
ID000319,Sally-Field,03.jpg,Fake,Yes,,Yes,Yes,Yes,,No,2026-08-06T19:04:41,2026-08-06T19:04:50
ID000319,Sally-Field,04.jpg,Fake,Yes,,Yes,Yes,Yes,,Yes,2026-08-06T19:04:50,2026-08-06T19:04:55
ID000135,Hardik-Panday,01.jpg,Real,Yes,Yes,Yes,Yes,,,Yes,2026-08-06T19:04:59,2026-08-06T19:05:03
ID000135,Hardik-Panday,1.png,Fake,Yes,,Yes,No,No,,No,2026-08-06T19:05:04,2026-08-06T19:05:14
ID000135,Hardik-Panday,2.jpg,Fake,Yes,,No,Yes,Yes,,No,2026-08-06T19:05:14,2026-08-06T19:05:22
ID000130,Hadika-Kyani,01.jpg,Real,Yes,Yes,Yes,Yes,,,Yes,2026-08-06T19:05:23,2026-08-06T19:05:28
ID000130,Hadika-Kyani,01.png,Fake,Yes,,Yes,Yes,Yes,,Yes,2026-08-06T19:05:30,2026-08-06T19:05:34
ID000376,aane-Hathaway,01.jpg,Real,Yes,Yes,Yes,Yes,,,Yes,2026-08-06T19:05:35,2026-08-06T19:05:38
ID000376,aane-Hathaway,02.jpg,Real,Yes,Yes,Yes,Yes,,,Yes,2026-08-06T19:05:39,2026-08-06T19:05:43
ID000376,aane-Hathaway,01.jpg,Fake,No,,Yes,Yes,Yes,,No,2026-08-06T19:05:43,2026-08-06T19:05:48
ID000376,aane-Hathaway,02.jpg,Fake,Yes,,Yes,Yes,Yes,,No,2026-08-06T19:05:48,2026-08-06T19:05:54
ID000376,aane-Hathaway,03.jpg,Fake,Yes,,Yes,Yes,Yes,,Yes,2026-08-06T19:05:54,2026-08-06T19:06:00
ID000270,Monica-Bellucci,01.jpg,Real,Yes,Yes,Yes,Yes,,,Yes,2026-08-06T19:06:04,2026-08-06T19:06:49
ID000270,Monica-Bellucci,01.jpg,Fake,Yes,,Yes,Yes,Yes,,Yes,2026-08-06T19:06:50,2026-08-06T19:07:05
ID000270,Monica-Bellucci,02.jpg,Fake,No,,Yes,Yes,Yes,,No,2026-08-06T19:07:05,2026-08-06T19:07:10
ID000270,Monica-Bellucci,03.jpg,Fake,No,,Yes,Yes,Yes,,No,2026-08-06T19:07:10,2026-08-06T19:07:13
ID000270,Monica-Bellucci,04.jpg,Fake,Yes,,No,No,Yes,,No,2026-08-06T19:07:13,2026-08-06T19:07:24
ID000176,Jet-Li,01.jpg,Real,Yes,Yes,Yes,Yes,,,Yes,2026-08-06T19:07:26,2026-08-06T19:07:36
ID000176,Jet-Li,02.jpg,Real,Yes,Yes,Yes,Yes,,,Yes,2026-08-06T19:07:36,2026-08-06T19:07:41
ID000176,Jet-Li,01.jpg,Fake,Yes,,Yes,Yes,Yes,,Yes,2026-08-06T19:07:42,2026-08-06T19:07:46
ID000176,Jet-Li,02.png,Fake,Yes,,Yes,Yes,Yes,,Yes,2026-08-06T19:07:46,2026-08-06T19:07:53
ID000320,Salma-Hayek,01.jpg,Real,Yes,Yes,Yes,Yes,,,Yes,2026-08-06T19:07:54,2026-08-06T19:08:03
ID000320,Salma-Hayek,02.jpg,Real,Yes,Yes,Yes,Yes,,,Yes,2026-08-06T19:08:03,2026-08-06T19:08:07
ID000320,Salma-Hayek,01.jpg,Fake,No,,Yes,Yes,No,,No,2026-08-06T19:08:08,2026-08-06T19:08:24
ID000320,Salma-Hayek,03.jpg,Fake,No,,Yes,Yes,No,,No,2026-08-06T19:08:24,2026-08-06T19:08:29
ID000320,Salma-Hayek,04.png,Fake,No,,Yes,Yes,No,,No,2026-08-06T19:08:29,2026-08-06T19:08:32
ID000320,Salma-Hayek,05.jpg,Fake,No,,Yes,Yes,No,,No,2026-08-06T19:08:32,2026-08-06T19:08:40
ID000322,Sanna-Marin,01.jpg,Real,Yes,Yes,Yes,Yes,,,Yes,2026-08-06T19:08:41,2026-08-06T19:08:53
ID000322,Sanna-Marin,02.jpg,Real,Yes,Yes,Yes,Yes,,,Yes,2026-08-06T19:08:53,2026-08-06T19:08:56
ID000322,Sanna-Marin,01.jpg,Fake,No,,Yes,Yes,Yes,,No,2026-08-06T19:08:58,2026-08-06T19:09:04
ID000322,Sanna-Marin,04.png,Fake,Yes,,Yes,Yes,Yes,,Yes,2026-08-06T19:09:04,2026-08-06T19:09:17
ID000322,Sanna-Marin,05.jpg,Fake,Yes,,Yes,Yes,No,,Yes,2026-08-06T19:09:18,2026-08-06T19:09:24
ID000062,Carla-Gugino,01.jpg,Real,Yes,Yes,Yes,Yes,,,Yes,2026-08-06T19:09:24,2026-08-06T19:11:56
ID000062,Carla-Gugino,02.jpg,Real,Yes,Yes,Yes,Yes,,,Yes,2026-08-06T19:11:56,2026-08-06T19:12:01
ID000062,Carla-Gugino,01.jpg,Fake,No,,Yes,Yes,Yes,,No,2026-08-06T19:12:02,2026-08-06T19:12:11
ID000062,Carla-Gugino,02.jpg,Fake,No,,Yes,Yes,No,,No,2026-08-06T19:12:11,2026-08-06T19:12:21
ID000062,Carla-Gugino,03.jpg,Fake,No,,Yes,Yes,No,,No,2026-08-06T19:12:21,2026-08-06T19:12:26
ID000350,Tian-Xi-Wei,01.jpg,Real,Yes,Yes,Yes,Yes,,,Yes,2026-08-06T19:12:27,2026-08-06T19:12:40
ID000350,Tian-Xi-Wei,01.png,Fake,Yes,,Yes,Yes,Yes,,Yes,2026-08-06T19:12:41,2026-08-06T19:12:45
ID000196,Julianne-Moore,01.jpg,Real,Yes,Yes,Yes,Yes,,,Yes,2026-08-06T19:12:46,2026-08-06T19:13:40
ID000196,Julianne-Moore,02.jpg,Real,Yes,Yes,Yes,Yes,,,Yes,2026-08-06T19:13:40,2026-08-06T19:13:44
ID000196,Julianne-Moore,03.jpg,Real,Yes,Yes,Yes,Yes,,,Yes,2026-08-06T19:13:44,2026-08-06T19:13:48
ID000196,Julianne-Moore,01.jpg,Fake,No,,Yes,Yes,Yes,,No,2026-08-06T19:13:53,2026-08-06T19:14:00
ID000196,Julianne-Moore,02.jpg,Fake,Yes,,Yes,Yes,Yes,,Yes,2026-08-06T19:14:00,2026-08-06T19:14:05
ID000196,Julianne-Moore,03.jpg,Fake,Yes,,Yes,Yes,No,,Yes,2026-08-06T19:14:06,2026-08-06T19:14:11
ID000196,Julianne-Moore,04.jpg,Fake,Yes,,Yes,Yes,Yes,,No,2026-08-06T19:14:11,2026-08-06T19:14:22
ID000196,Julianne-Moore,05.jpg,Fake,Yes,,Yes,Yes,Yes,,Yes,2026-08-06T19:14:22,2026-08-06T19:14:27
ID000035,Audrey-Tautou,01.jpg,Real,Yes,Yes,Yes,Yes,,,Yes,2026-08-06T19:14:32,2026-08-06T19:14:49
ID000035,Audrey-Tautou,02.jpg,Real,Yes,Yes,Yes,Yes,,,Yes,2026-08-06T19:14:49,2026-08-06T19:14:53
ID000035,Audrey-Tautou,01.jpg,Fake,Yes,,Yes,Yes,Yes,,Yes,2026-08-06T19:14:54,2026-08-06T19:14:59
ID000035,Audrey-Tautou,02.jpg,Fake,Yes,,Yes,Yes,Yes,,Yes,2026-08-06T19:15:00,2026-08-06T19:15:05
ID000035,Audrey-Tautou,03.jpg,Fake,Yes,,Yes,Yes,Yes,,Yes,2026-08-06T19:15:05,2026-08-06T19:15:09
ID000276,Neha-Kakka,01.jpg,Real,Yes,Yes,Yes,No,,,No,2026-08-06T19:15:10,2026-08-06T19:15:23
ID000276,Neha-Kakka,02.jpg,Real,Yes,Yes,Yes,Yes,,,Yes,2026-08-06T19:15:23,2026-08-06T19:15:27
ID000276,Neha-Kakka,03.jpg,Real,Yes,Yes,Yes,Yes,,,Yes,2026-08-06T19:15:27,2026-08-06T19:15:32
ID000276,Neha-Kakka,01.jpg,Fake,Yes,,Yes,Yes,No,,Yes,2026-08-06T19:15:33,2026-08-06T19:15:38
ID000276,Neha-Kakka,02.png,Fake,Yes,,Yes,Yes,No,,Yes,2026-08-06T19:15:38,2026-08-06T19:15:44
ID000050,Blair-Parry-Okeden,01.jpg,Real,Yes,Yes,Yes,Yes,,,Yes,2026-08-06T19:15:44,2026-08-06T19:15:56
ID000050,Blair-Parry-Okeden,02.jpg,Real,Yes,Yes,Yes,Yes,,,Yes,2026-08-06T19:15:56,2026-08-06T19:15:59
ID000050,Blair-Parry-Okeden,01.jpg,Fake,No,,Yes,Yes,No,,No,2026-08-06T19:16:02,2026-08-06T19:16:07
ID000050,Blair-Parry-Okeden,02.jpg,Fake,No,,Yes,Yes,No,,No,2026-08-06T19:16:07,2026-08-06T19:16:11
ID000050,Blair-Parry-Okeden,03.jpg,Fake,No,,Yes,Yes,No,,No,2026-08-06T19:16:11,2026-08-06T19:16:17
ID000184,John-Malkovich,01.jpg,Real,Yes,Yes,Yes,Yes,,,Yes,2026-08-06T19:16:25,2026-08-06T19:16:42
ID000184,John-Malkovich,02.jpg,Real,Yes,Yes,Yes,Yes,,,Yes,2026-08-06T19:16:42,2026-08-06T19:16:45
ID000184,John-Malkovich,01.png,Fake,No,,Yes,Yes,No,,No,2026-08-06T19:16:46,2026-08-06T19:16:52
ID000184,John-Malkovich,02.jpg,Fake,No,,Yes,Yes,Yes,,No,2026-08-06T19:16:52,2026-08-06T19:16:58
ID000184,John-Malkovich,03.jpg,Fake,Yes,,Yes,Yes,Yes,,Yes,2026-08-06T19:16:58,2026-08-06T19:17:08
ID000360,Vera-Farmiga,01.jpg,Real,Yes,Yes,Yes,Yes,,,Yes,2026-08-06T19:17:08,2026-08-06T19:17:15
ID000360,Vera-Farmiga,02.jpg,Real,Yes,Yes,Yes,Yes,,,Yes,2026-08-06T19:17:15,2026-08-06T19:17:20
ID000360,Vera-Farmiga,01.jpg,Fake,Yes,,Yes,Yes,Yes,,No,2026-08-06T19:17:21,2026-08-06T19:17:25
ID000360,Vera-Farmiga,02.jpg,Fake,Yes,,Yes,Yes,No,,Yes,2026-08-06T19:17:26,2026-08-06T19:17:29
ID000313,Ronaldo-Nazario,01.jpg,Real,Yes,Yes,Yes,Yes,,,Yes,2026-08-08T01:43:39,2026-08-08T01:43:51
ID000313,Ronaldo-Nazario,02.jpg,Real,Yes,Yes,Yes,Yes,,,Yes,2026-08-08T01:43:51,2026-08-08T01:43:56
ID000313,Ronaldo-Nazario,03.jpg,Real,Yes,Yes,Yes,Yes,,,Yes,2026-08-08T01:43:56,2026-08-08T01:44:01
ID000313,Ronaldo-Nazario,01.jpg,Fake,Yes,,Yes,Yes,Yes,,Yes,2026-08-08T01:44:03,2026-08-08T01:44:09
ID000313,Ronaldo-Nazario,02.jpg,Fake,No,,Yes,Yes,Yes,,No,2026-08-08T01:44:09,2026-08-08T01:44:13
ID000313,Ronaldo-Nazario,03.jpg,Fake,No,,Yes,Yes,Yes,,No,2026-08-08T01:44:14,2026-08-08T01:44:17
ID000313,Ronaldo-Nazario,05.png,Fake,No,,Yes,Yes,Yes,,No,2026-08-08T01:44:17,2026-08-08T01:44:20
ID000192,Josh-Brolin,01.jpg,Real,Yes,Yes,Yes,Yes,,,Yes,2026-08-08T01:44:22,2026-08-08T01:44:28
ID000192,Josh-Brolin,01.png,Fake,Yes,,Yes,Yes,No,,Yes,2026-08-08T01:44:29,2026-08-08T01:44:34
ID000192,Josh-Brolin,02.jpg,Fake,Yes,,Yes,Yes,No,,Yes,2026-08-08T01:44:34,2026-08-08T01:44:37
ID000192,Josh-Brolin,03.jpg,Fake,No,,Yes,Yes,No,,No,2026-08-08T01:44:38,2026-08-08T01:44:42
ID000192,Josh-Brolin,04.jpg,Fake,No,,Yes,Yes,No,,No,2026-08-08T01:44:42,2026-08-08T01:44:46
ID000144,ID000582-Nicole-Kidman,01.jpg,Real,Yes,Yes,Yes,Yes,,,Yes,2026-08-08T01:44:47,2026-08-08T01:44:54
ID000144,ID000582-Nicole-Kidman,02.png,Real,Yes,Yes,Yes,Yes,,,Yes,2026-08-08T01:44:54,2026-08-08T01:44:59
ID000144,ID000582-Nicole-Kidman,01.jpg,Fake,No,,Yes,Yes,Yes,,No,2026-08-08T01:45:00,2026-08-08T01:45:04
ID000144,ID000582-Nicole-Kidman,02.jpg,Fake,Yes,,Yes,Yes,Yes,,Yes,2026-08-08T01:45:04,2026-08-08T01:45:09
ID000144,ID000582-Nicole-Kidman,03.jpg,Fake,No,,Yes,Yes,Yes,,No,2026-08-08T01:45:09,2026-08-08T01:45:12
ID000144,ID000582-Nicole-Kidman,04.jpg,Fake,No,,Yes,Yes,Yes,,No,2026-08-08T01:45:12,2026-08-08T01:45:15
ID000144,ID000582-Nicole-Kidman,05.png,Fake,No,,Yes,Yes,Yes,,No,2026-08-08T01:45:15,2026-08-08T01:45:20
ID000290,Patrick-Wilson,01.jpg,Real,Yes,Yes,Yes,Yes,,,Yes,2026-08-08T01:45:21,2026-08-08T01:45:27
ID000290,Patrick-Wilson,02.jpg,Real,Yes,Yes,Yes,Yes,,,Yes,2026-08-08T01:45:28,2026-08-08T01:45:32
ID000290,Patrick-Wilson,01.jpg,Fake,Yes,,Yes,Yes,Yes,,Yes,2026-08-08T01:45:33,2026-08-08T01:45:41
ID000398,úrsula-corberó,01.jpg,Real,Yes,Yes,Yes,Yes,,,Yes,2026-08-08T01:45:42,2026-08-08T01:45:47
ID000398,úrsula-corberó,01.jpg,Fake,No,,Yes,Yes,Yes,,No,2026-08-08T01:45:48,2026-08-08T01:45:54
ID000398,úrsula-corberó,02.jpg,Fake,No,,No,No,No,,No,2026-08-08T01:45:54,2026-08-08T01:46:02
ID000398,úrsula-corberó,03.jpg,Fake,Yes,,Yes,No,No,,No,2026-08-08T01:46:02,2026-08-08T01:46:11
ID000398,úrsula-corberó,Úrsula Corberó money heist.png,Fake,Yes,,Yes,Yes,No,,Yes,2026-08-08T01:46:11,2026-08-08T01:46:16
ID000387,mr-beast,01.jpg,Real,Yes,Yes,Yes,Yes,,,Yes,2026-08-08T01:46:17,2026-08-08T01:46:24
ID000387,mr-beast,02.jpg,Real,Yes,Yes,Yes,Yes,,,Yes,2026-08-08T01:46:24,2026-08-08T01:46:27
ID000387,mr-beast,01.jpg,Fake,No,,No,Yes,Yes,,No,2026-08-08T01:46:28,2026-08-08T01:46:33
ID000387,mr-beast,02.jpg,Fake,Yes,,Yes,Yes,Yes,,Yes,2026-08-08T01:46:33,2026-08-08T01:46:38
ID000387,mr-beast,03.jpg,Fake,No,,Yes,Yes,Yes,,No,2026-08-08T01:46:38,2026-08-08T01:46:43
ID000387,mr-beast,05.png,Fake,Yes,,Yes,No,No,,No,2026-08-08T01:46:43,2026-08-08T01:46:51
ID000296,Pierce-Brosnan,01.jpg,Real,Yes,Yes,Yes,Yes,,,Yes,2026-08-08T01:46:51,2026-08-08T01:46:57
ID000296,Pierce-Brosnan,02.jpg,Real,Yes,Yes,Yes,Yes,,,Yes,2026-08-08T01:46:57,2026-08-08T01:47:00
ID000296,Pierce-Brosnan,01.jpg,Fake,No,,Yes,Yes,Yes,,No,2026-08-08T01:47:01,2026-08-08T01:47:05
ID000296,Pierce-Brosnan,02.jpg,Fake,No,,Yes,Yes,No,,No,2026-08-08T01:47:05,2026-08-08T01:47:11
ID000296,Pierce-Brosnan,04.jpg,Fake,No,,Yes,Yes,Yes,,No,2026-08-08T01:47:11,2026-08-08T01:47:15
ID000296,Pierce-Brosnan,05.jpg,Fake,No,,Yes,Yes,Yes,,No,2026-08-08T01:47:16,2026-08-08T01:47:19
ID000164,Jason-Statham,01.jpg,Real,Yes,Yes,Yes,Yes,,,Yes,2026-08-08T01:47:21,2026-08-08T01:47:26
ID000164,Jason-Statham,01.jpg,Fake,Yes,,Yes,Yes,Yes,,Yes,2026-08-08T01:47:27,2026-08-08T01:47:34
ID000307,Robert-Englund,01.jpg,Real,Yes,Yes,Yes,Yes,,,Yes,2026-08-08T01:47:35,2026-08-08T01:47:42
ID000307,Robert-Englund,01.jpg,Fake,No,,No,No,No,,No,2026-08-08T01:47:43,2026-08-08T01:47:52
ID000307,Robert-Englund,02.png,Fake,No,,Yes,No,No,,No,2026-08-08T01:47:52,2026-08-08T01:47:58
ID000268,Mohammad-Ahmed,01.jpg,Real,Yes,Yes,Yes,Yes,,,Yes,2026-08-08T01:47:58,2026-08-08T01:48:03
ID000268,Mohammad-Ahmed,02.png,Real,Yes,Yes,Yes,Yes,,,Yes,2026-08-08T01:48:03,2026-08-08T01:48:07
ID000268,Mohammad-Ahmed,03.jpg,Real,Yes,Yes,Yes,Yes,,,Yes,2026-08-08T01:48:07,2026-08-08T01:48:11
ID000268,Mohammad-Ahmed,1.png,Fake,Yes,,Yes,Yes,Yes,,Yes,2026-08-08T01:48:13,2026-08-08T01:48:22
ID000052,Brad-Pitt,01.jpg,Real,Yes,Yes,Yes,Yes,,,Yes,2026-08-08T01:48:23,2026-08-08T01:48:27
ID000052,Brad-Pitt,02.jpg,Real,Yes,Yes,Yes,Yes,,,Yes,2026-08-08T01:48:27,2026-08-08T01:48:31
ID000052,Brad-Pitt,03.jpg,Real,Yes,Yes,Yes,Yes,,,Yes,2026-08-08T01:48:31,2026-08-08T01:48:34
ID000052,Brad-Pitt,01.jpg,Fake,Yes,,Yes,Yes,Yes,,Yes,2026-08-08T01:48:35,2026-08-08T01:48:42
ID000052,Brad-Pitt,02.jpg,Fake,No,,Yes,Yes,Yes,,No,2026-08-08T01:48:42,2026-08-08T01:48:48
ID000052,Brad-Pitt,03.jpg,Fake,No,,Yes,Yes,Yes,,No,2026-08-08T01:48:48,2026-08-08T01:48:51
ID000052,Brad-Pitt,04.jpg,Fake,Yes,,No,No,Yes,,No,2026-08-08T01:48:51,2026-08-08T01:48:58
ID000078,Cristanio-Ronaldo,01.jpg,Real,Yes,Yes,Yes,Yes,,,Yes,2026-08-08T01:48:59,2026-08-08T01:49:03
ID000078,Cristanio-Ronaldo,02.jpg,Real,Yes,Yes,Yes,Yes,,,Yes,2026-08-08T01:49:03,2026-08-08T01:49:06
ID000078,Cristanio-Ronaldo,01.jpg,Fake,No,,Yes,Yes,Yes,,No,2026-08-08T01:49:07,2026-08-08T01:49:13
ID000078,Cristanio-Ronaldo,02.jpg,Fake,No,,Yes,Yes,Yes,,No,2026-08-08T01:49:13,2026-08-08T01:49:17
ID000078,Cristanio-Ronaldo,03.jpg,Fake,No,,Yes,Yes,Yes,,No,2026-08-08T01:49:17,2026-08-08T01:49:20
ID000078,Cristanio-Ronaldo,04.png,Fake,Yes,,Yes,Yes,No,,Yes,2026-08-08T01:49:20,2026-08-08T01:49:25
ID000355,Tina-Fey,01.jpg,Real,Yes,Yes,Yes,Yes,,,Yes,2026-08-08T02:01:17,2026-08-08T02:01:41
ID000355,Tina-Fey,02.jpg,Real,Yes,Yes,Yes,Yes,,,Yes,2026-08-08T02:01:42,2026-08-08T02:01:45
ID000355,Tina-Fey,01.png,Fake,No,,Yes,Yes,No,,No,2026-08-08T02:01:47,2026-08-08T02:01:54
ID000355,Tina-Fey,02.jpg,Fake,No,,Yes,Yes,No,,No,2026-08-08T02:01:54,2026-08-08T02:02:00
ID000355,Tina-Fey,04.jpg,Fake,No,,Yes,Yes,No,,No,2026-08-08T02:02:00,2026-08-08T02:02:04
ID000318,Russell-Crowe,01.jpg,Real,Yes,Yes,Yes,Yes,,,Yes,2026-08-08T02:04:52,2026-08-08T02:04:58
ID000318,Russell-Crowe,01.jpg,Fake,Yes,,Yes,Yes,Yes,,Yes,2026-08-08T02:05:00,2026-08-08T02:05:08
ID000318,Russell-Crowe,02.jpg,Fake,Yes,,Yes,Yes,No,,Yes,2026-08-08T02:05:08,2026-08-08T02:05:15
ID000318,Russell-Crowe,03.jpg,Fake,No,,No,No,No,,No,2026-08-08T02:05:16,2026-08-08T02:05:22
ID000318,Russell-Crowe,05.jpg,Fake,Yes,,Yes,Yes,No,,Yes,2026-08-08T02:05:22,2026-08-08T02:05:30
ID000363,Vladimir-Vladimirovich-Putin-i,01.jpg,Real,Yes,Yes,Yes,Yes,,,Yes,2026-08-08T02:05:31,2026-08-08T02:05:35
ID000363,Vladimir-Vladimirovich-Putin-i,02.jpg,Real,Yes,Yes,Yes,Yes,,,Yes,2026-08-08T02:05:35,2026-08-08T02:05:39
ID000363,Vladimir-Vladimirovich-Putin-i,01.jpg,Fake,Yes,,Yes,Yes,Yes,,Yes,2026-08-08T02:05:40,2026-08-08T02:05:45
ID000363,Vladimir-Vladimirovich-Putin-i,02.jpg,Fake,Yes,,Yes,No,No,,No,2026-08-08T02:05:45,2026-08-08T02:05:52
ID000363,Vladimir-Vladimirovich-Putin-i,03.jpg,Fake,Yes,,Yes,Yes,Yes,,Yes,2026-08-08T02:05:52,2026-08-08T02:06:00
ID000363,Vladimir-Vladimirovich-Putin-i,04.jpg,Fake,Yes,,Yes,Yes,No,,Yes,2026-08-08T02:06:00,2026-08-08T02:06:05
ID000363,Vladimir-Vladimirovich-Putin-i,05.png,Fake,No,,Yes,Yes,No,,No,2026-08-08T02:06:05,2026-08-08T02:06:10
ID000363,Vladimir-Vladimirovich-Putin-i,06.png,Fake,Yes,,No,No,No,,No,2026-08-08T02:06:10,2026-08-08T02:06:20
ID000363,Vladimir-Vladimirovich-Putin-i,07.webp,Fake,Yes,,No,Yes,Yes,,No,2026-08-08T02:06:20,2026-08-08T02:06:40
ID000194,Josh-Hutcherson,01.jpg,Real,Yes,Yes,Yes,Yes,,,Yes,2026-08-08T02:06:44,2026-08-08T02:06:49
ID000194,Josh-Hutcherson,02.jpg,Real,Yes,Yes,Yes,Yes,,,Yes,2026-08-08T02:06:49,2026-08-08T02:06:54
ID000194,Josh-Hutcherson,01.jpg,Fake,Yes,,No,Yes,Yes,,No,2026-08-08T02:06:54,2026-08-08T02:07:01
ID000194,Josh-Hutcherson,02.jpg,Fake,Yes,,Yes,Yes,Yes,,Yes,2026-08-08T02:07:01,2026-08-08T02:07:08
ID000212,Kevin-Spacey,01.jpg,Real,Yes,Yes,Yes,Yes,,,Yes,2026-08-08T02:07:09,2026-08-08T02:07:13
ID000212,Kevin-Spacey,02.jpg,Real,Yes,Yes,Yes,Yes,,,Yes,2026-08-08T02:07:13,2026-08-08T02:07:17
ID000212,Kevin-Spacey,03.jpg,Real,Yes,Yes,Yes,Yes,,,Yes,2026-08-08T02:07:17,2026-08-08T02:07:21
ID000212,Kevin-Spacey,01.jpg,Fake,No,,No,Yes,Yes,,No,2026-08-08T02:07:22,2026-08-08T02:07:28
ID000212,Kevin-Spacey,02.png,Fake,No,,No,No,No,,No,2026-08-08T02:07:28,2026-08-08T02:07:34
ID000212,Kevin-Spacey,03.png,Fake,No,,Yes,Yes,No,,No,2026-08-08T02:07:34,2026-08-08T02:07:41
ID000191,Jonah-Hill,01.jpg,Real,Yes,Yes,Yes,Yes,,,Yes,2026-08-08T02:07:42,2026-08-08T02:07:46
ID000191,Jonah-Hill,02.jpg,Real,Yes,Yes,Yes,Yes,,,Yes,2026-08-08T02:07:46,2026-08-08T02:07:49
ID000191,Jonah-Hill,03.jpg,Real,Yes,Yes,Yes,Yes,,,Yes,2026-08-08T02:07:49,2026-08-08T02:07:55
ID000191,Jonah-Hill,01.png,Fake,No,,Yes,Yes,No,,No,2026-08-08T02:07:56,2026-08-08T02:08:05
ID000382,florence-pugh,01.jpg,Real,Yes,Yes,Yes,Yes,,,Yes,2026-08-08T02:08:06,2026-08-08T02:08:10
ID000382,florence-pugh,02.jpg,Real,Yes,Yes,Yes,Yes,,,Yes,2026-08-08T02:08:10,2026-08-08T02:08:14
ID000382,florence-pugh,03.jpg,Real,Yes,Yes,Yes,Yes,,,Yes,2026-08-08T02:08:14,2026-08-08T02:08:18
ID000382,florence-pugh,01.jpg,Fake,Yes,,Yes,Yes,No,,Yes,2026-08-08T02:08:19,2026-08-08T02:08:24
ID000382,florence-pugh,02.png,Fake,Yes,,Yes,Yes,No,,Yes,2026-08-08T02:08:24,2026-08-08T02:08:29
ID000382,florence-pugh,03.jpg,Fake,No,,Yes,Yes,Yes,,No,2026-08-08T02:08:29,2026-08-08T02:08:36
ID000315,Rosario-Dawson,01.jpg,Real,Yes,Yes,Yes,Yes,,,Yes,2026-08-08T02:08:38,2026-08-08T02:08:44
ID000315,Rosario-Dawson,02.jpg,Real,Yes,Yes,Yes,Yes,,,Yes,2026-08-08T02:08:44,2026-08-08T02:08:48
ID000315,Rosario-Dawson,01.jpg,Fake,Yes,,Yes,Yes,Yes,,Yes,2026-08-08T02:08:49,2026-08-08T02:09:02
ID000373,Xiao-Zhan,01.jpg,Real,Yes,Yes,Yes,Yes,,,Yes,2026-08-08T02:09:03,2026-08-08T02:09:07
ID000373,Xiao-Zhan,02.jpg,Real,Yes,Yes,Yes,Yes,,,No,2026-08-08T02:09:07,2026-08-08T02:09:10
ID000373,Xiao-Zhan,03.jpg,Real,Yes,Yes,Yes,Yes,,,Yes,2026-08-08T02:09:10,2026-08-08T02:09:14
ID000373,Xiao-Zhan,01.jpg,Fake,No,,Yes,No,No,,No,2026-08-08T02:09:17,2026-08-08T02:09:24
ID000373,Xiao-Zhan,02.jpg,Fake,No,,No,No,No,,No,2026-08-08T02:09:24,2026-08-08T02:09:31
ID000373,Xiao-Zhan,03.jpg,Fake,No,,No,Yes,No,,No,2026-08-08T02:09:31,2026-08-08T02:09:39
ID000250,Matt-Damon,01.jpg,Real,Yes,Yes,Yes,Yes,,,Yes,2026-08-08T02:09:39,2026-08-08T02:09:44
ID000250,Matt-Damon,02.jpg,Real,Yes,Yes,Yes,Yes,,,Yes,2026-08-08T02:09:44,2026-08-08T02:09:48
ID000250,Matt-Damon,03.jpg,Real,Yes,Yes,Yes,Yes,,,Yes,2026-08-08T02:09:48,2026-08-08T02:09:52
ID000250,Matt-Damon,01.jpg,Fake,Yes,,Yes,Yes,No,,Yes,2026-08-08T02:09:52,2026-08-08T02:09:58
ID000250,Matt-Damon,02.jpg,Fake,Yes,,Yes,Yes,Yes,,Yes,2026-08-08T02:09:58,2026-08-08T02:10:03
ID000389,narendra-modi,01.jpg,Real,Yes,Yes,Yes,Yes,,,Yes,2026-08-08T02:10:04,2026-08-08T02:10:08
ID000389,narendra-modi,02.jpg,Real,Yes,Yes,Yes,Yes,,,No,2026-08-08T02:10:08,2026-08-08T02:10:12
ID000389,narendra-modi,03.jpg,Real,Yes,Yes,Yes,Yes,,,Yes,2026-08-08T02:10:12,2026-08-08T02:10:23
ID000389,narendra-modi,01.jpg,Fake,No,,Yes,No,No,,No,2026-08-08T02:10:34,2026-08-08T02:10:41
ID000389,narendra-modi,01.png,Fake,Yes,,No,No,No,,No,2026-08-08T02:10:41,2026-08-08T02:10:49
ID000389,narendra-modi,02.jpg,Fake,Yes,,No,Yes,Yes,,No,2026-08-08T02:10:49,2026-08-08T02:10:59
ID000389,narendra-modi,63.png,Fake,Yes,,Yes,Yes,Yes,,Yes,2026-08-08T02:10:59,2026-08-08T02:11:07
ID000273,Nancy-Pelosi,01.jpg,Real,Yes,Yes,Yes,Yes,,,Yes,2026-08-08T02:11:08,2026-08-08T02:11:13
ID000273,Nancy-Pelosi,02.jpg,Real,Yes,Yes,Yes,Yes,,,Yes,2026-08-08T02:11:13,2026-08-08T02:11:16
ID000273,Nancy-Pelosi,03.jpg,Real,Yes,Yes,Yes,Yes,,,Yes,2026-08-08T02:11:17,2026-08-08T02:11:21
ID000273,Nancy-Pelosi,01.jpg,Fake,No,,Yes,No,Yes,,No,2026-08-08T02:11:23,2026-08-08T02:11:30
ID000273,Nancy-Pelosi,02.jpg,Fake,Yes,,Yes,Yes,Yes,,Yes,2026-08-08T02:11:30,2026-08-08T02:11:39
ID000273,Nancy-Pelosi,03.jpg,Fake,Yes,,Yes,No,No,,No,2026-08-08T02:11:40,2026-08-08T02:11:45
ID000273,Nancy-Pelosi,04.png,Fake,Yes,,Yes,Yes,No,,Yes,2026-08-08T02:11:45,2026-08-08T02:11:54
ID000289,Patrick-Stewart,01.jpg,Real,Yes,Yes,Yes,Yes,,,Yes,2026-08-08T02:11:55,2026-08-08T02:12:00
ID000289,Patrick-Stewart,02.jpg,Real,Yes,Yes,Yes,Yes,,,Yes,2026-08-08T02:12:00,2026-08-08T02:12:10
ID000289,Patrick-Stewart,01.jpg,Fake,Yes,,Yes,Yes,Yes,,Yes,2026-08-08T02:12:11,2026-08-08T02:12:25
ID000289,Patrick-Stewart,02.jpg,Fake,Yes,,Yes,Yes,Yes,,Yes,2026-08-08T02:12:25,2026-08-08T02:12:30
ID000289,Patrick-Stewart,03.jpg,Fake,No,,No,No,Yes,,No,2026-08-08T02:12:30,2026-08-08T02:12:43
ID000289,Patrick-Stewart,04.jpg,Fake,Yes,,Yes,No,Yes,,No,2026-08-08T02:12:43,2026-08-08T02:12:49
ID000221,Lamar-Jackson,01.png,Real,Yes,Yes,Yes,Yes,,,Yes,2026-08-08T02:12:50,2026-08-08T02:13:10
ID000221,Lamar-Jackson,01.jpg,Fake,No,,Yes,Yes,Yes,,No,2026-08-08T02:13:11,2026-08-08T02:13:18
ID000221,Lamar-Jackson,02.jpg,Fake,No,,Yes,Yes,No,,No,2026-08-08T02:13:18,2026-08-08T02:13:22
ID000308,Robert-Redford,01.jpg,Real,Yes,Yes,Yes,Yes,,,Yes,2026-08-08T02:13:23,2026-08-08T02:13:27
ID000308,Robert-Redford,02.jpg,Real,Yes,Yes,Yes,Yes,,,Yes,2026-08-08T02:13:27,2026-08-08T02:13:30
ID000308,Robert-Redford,03.jpg,Real,Yes,Yes,Yes,Yes,,,Yes,2026-08-08T02:13:30,2026-08-08T02:13:34
ID000308,Robert-Redford,01.jpg,Fake,No,,Yes,Yes,Yes,,No,2026-08-08T02:13:35,2026-08-08T02:13:41
ID000308,Robert-Redford,02.jpg,Fake,Yes,,Yes,Yes,Yes,,Yes,2026-08-08T02:13:41,2026-08-08T02:13:45
ID000308,Robert-Redford,03.jpg,Fake,Yes,,Yes,Yes,Yes,,Yes,2026-08-08T02:13:45,2026-08-08T02:13:49
ID000332,Shia-LaBeouf,01.jpg,Real,Yes,Yes,Yes,Yes,,,Yes,2026-08-08T02:13:50,2026-08-08T02:13:54
ID000332,Shia-LaBeouf,02.jpg,Real,Yes,Yes,Yes,Yes,,,Yes,2026-08-08T02:13:54,2026-08-08T02:13:58
ID000332,Shia-LaBeouf,03.jpg,Real,Yes,Yes,Yes,Yes,,,Yes,2026-08-08T02:13:58,2026-08-08T02:14:02
ID000332,Shia-LaBeouf,01.jpg,Fake,No,,Yes,No,Yes,,No,2026-08-08T02:14:03,2026-08-08T02:14:14
ID000332,Shia-LaBeouf,02.jpg,Fake,No,,Yes,No,Yes,,No,2026-08-08T02:14:14,2026-08-08T02:14:19
ID000193,Josh-Hartnett,01.jpg,Real,Yes,Yes,Yes,Yes,,,Yes,2026-08-08T02:14:21,2026-08-08T02:14:26
ID000193,Josh-Hartnett,01.jpg,Fake,Yes,,Yes,Yes,Yes,,Yes,2026-08-08T02:14:27,2026-08-08T02:14:33
ID000193,Josh-Hartnett,02.jpg,Fake,No,,Yes,Yes,No,,No,2026-08-08T02:14:33,2026-08-08T02:14:39
ID000193,Josh-Hartnett,03.jpg,Fake,No,,Yes,Yes,No,,No,2026-08-08T02:14:39,2026-08-08T02:14:44
ID000193,Josh-Hartnett,04.jpg,Fake,Yes,,Yes,Yes,No,,Yes,2026-08-08T02:14:44,2026-08-08T02:14:54
ID000377,angela-merkel,01.jpg,Real,Yes,Yes,Yes,Yes,,,Yes,2026-08-08T02:14:55,2026-08-08T02:14:59
ID000377,angela-merkel,02.jpg,Real,Yes,Yes,Yes,Yes,,,Yes,2026-08-08T02:14:59,2026-08-08T02:15:03
ID000377,angela-merkel,01.jpg,Fake,Yes,,Yes,Yes,Yes,,Yes,2026-08-08T02:15:04,2026-08-08T02:15:07
ID000217,Kristen-Stewart,01.jpg,Real,Yes,Yes,Yes,Yes,,,Yes,2026-08-08T02:15:08,2026-08-08T02:15:12
ID000217,Kristen-Stewart,02.jpg,Real,Yes,Yes,Yes,Yes,,,Yes,2026-08-08T02:15:12,2026-08-08T02:15:15
ID000217,Kristen-Stewart,01.jpg,Fake,Yes,,Yes,Yes,Yes,,Yes,2026-08-08T02:15:17,2026-08-08T02:15:22
ID000217,Kristen-Stewart,03.jpg,Fake,No,,Yes,Yes,No,,No,2026-08-08T02:15:22,2026-08-08T02:15:28
ID000264,Mickey-Rourke,01.jpg,Real,Yes,Yes,Yes,Yes,,,Yes,2026-08-08T02:15:30,2026-08-08T02:15:43
ID000264,Mickey-Rourke,02.jpg,Real,Yes,Yes,Yes,Yes,,,Yes,2026-08-08T02:15:43,2026-08-08T02:15:46
ID000264,Mickey-Rourke,01.jpg,Fake,No,,Yes,Yes,Yes,,No,2026-08-08T02:15:47,2026-08-08T02:15:52
ID000264,Mickey-Rourke,03.jpg,Fake,No,,Yes,Yes,Yes,,No,2026-08-08T02:15:52,2026-08-08T02:15:58
ID000297,Pope-Francis,01.jpg,Real,Yes,Yes,Yes,Yes,,,Yes,2026-08-08T02:15:59,2026-08-08T02:16:03
ID000297,Pope-Francis,01.jpg,Fake,Yes,,No,No,No,,No,2026-08-08T02:16:05,2026-08-08T02:16:14
ID000297,Pope-Francis,02.png,Fake,Yes,,No,Yes,Yes,,No,2026-08-08T02:16:14,2026-08-08T02:16:24
ID000297,Pope-Francis,04.jpg,Fake,Yes,,Yes,Yes,No,,Yes,2026-08-08T02:16:24,2026-08-08T02:16:32
ID000253,Matthew-Broderick,01.jpg,Real,Yes,Yes,Yes,Yes,,,Yes,2026-08-08T02:16:33,2026-08-08T02:16:38
ID000253,Matthew-Broderick,02.jpg,Real,Yes,Yes,Yes,Yes,,,Yes,2026-08-08T02:16:38,2026-08-08T02:16:41
ID000253,Matthew-Broderick,01.jpg,Fake,No,,No,Yes,Yes,,No,2026-08-08T02:16:43,2026-08-08T02:16:48
ID000253,Matthew-Broderick,02.jpg,Fake,Yes,,Yes,No,Yes,,No,2026-08-08T02:16:48,2026-08-08T02:16:52
ID000288,Patricia-Arquette,01.jpg,Real,Yes,Yes,Yes,Yes,,,Yes,2026-08-08T02:16:53,2026-08-08T02:16:57
ID000288,Patricia-Arquette,02.jpg,Real,Yes,Yes,Yes,Yes,,,Yes,2026-08-08T02:16:57,2026-08-08T02:17:01
ID000288,Patricia-Arquette,03.jpg,Real,Yes,Yes,Yes,Yes,,,Yes,2026-08-08T02:17:01,2026-08-08T02:17:04
ID000288,Patricia-Arquette,01.jpg,Fake,Yes,,Yes,Yes,Yes,,Yes,2026-08-08T02:17:05,2026-08-08T02:17:12
ID000288,Patricia-Arquette,02.jpg,Fake,Yes,,Yes,Yes,Yes,,Yes,2026-08-08T02:17:12,2026-08-08T02:17:16
ID000288,Patricia-Arquette,03.jpg,Fake,No,,Yes,Yes,No,,No,2026-08-08T02:17:16,2026-08-08T02:17:21
ID000288,Patricia-Arquette,04.jpg,Fake,No,,Yes,Yes,No,,No,2026-08-08T02:17:22,2026-08-08T02:17:25
ID000286,Olga-Loiek,01.jpg,Real,Yes,Yes,Yes,Yes,,,Yes,2026-08-08T02:17:26,2026-08-08T02:17:40
ID000286,Olga-Loiek,02.png,Real,Yes,Yes,Yes,Yes,,,Yes,2026-08-08T02:17:40,2026-08-08T02:17:44
ID000286,Olga-Loiek,01.jpg,Fake,No,,No,Yes,No,,No,2026-08-08T02:17:45,2026-08-08T02:17:52
ID000286,Olga-Loiek,02.jpg,Fake,Yes,,No,Yes,No,,No,2026-08-08T02:17:52,2026-08-08T02:17:57
ID000286,Olga-Loiek,03.png,Fake,Yes,,Yes,Yes,No,,Yes,2026-08-08T02:17:57,2026-08-08T02:18:09
ID000362,Vin-Diesel,01.jpg,Real,Yes,Yes,Yes,Yes,,,Yes,2026-08-08T02:18:10,2026-08-08T02:18:13
ID000362,Vin-Diesel,02.jpg,Real,Yes,Yes,Yes,Yes,,,No,2026-08-08T02:18:13,2026-08-08T02:18:30
ID000362,Vin-Diesel,01.png,Fake,No,,Yes,Yes,Yes,,No,2026-08-08T02:18:34,2026-08-08T02:18:40
ID000362,Vin-Diesel,02.jpg,Fake,No,,Yes,Yes,Yes,,No,2026-08-08T02:18:40,2026-08-08T02:18:45
ID000362,Vin-Diesel,03.jpg,Fake,No,,Yes,Yes,No,,No,2026-08-08T02:18:45,2026-08-08T02:18:51
ID000337,Song-Kang-ho,01.jpg,Real,Yes,Yes,Yes,Yes,,,Yes,2026-08-08T02:18:52,2026-08-08T02:18:56
ID000337,Song-Kang-ho,02.jpg,Real,Yes,Yes,Yes,Yes,,,Yes,2026-08-08T02:18:56,2026-08-08T02:19:04
ID000337,Song-Kang-ho,01.jpg,Fake,No,,Yes,Yes,No,,No,2026-08-08T02:19:05,2026-08-08T02:19:09
ID000386,meryl-streep,01.jpg,Real,Yes,Yes,Yes,Yes,,,Yes,2026-08-08T02:19:11,2026-08-08T02:19:14
ID000386,meryl-streep,01.jpg,Fake,No,,Yes,Yes,No,,No,2026-08-08T02:19:15,2026-08-08T02:19:20
ID000386,meryl-streep,02.png,Fake,No,,Yes,Yes,No,,No,2026-08-08T02:19:20,2026-08-08T02:19:23
ID000244,Mark-Wahlberg,01.jpg,Real,Yes,Yes,Yes,Yes,,,Yes,2026-08-08T02:19:24,2026-08-08T02:19:28
ID000186,John-Travolta,01.jpg,Real,No,Yes,Yes,No,,,No,2026-08-08T02:20:09,2026-08-08T02:20:16
ID000186,John-Travolta,02.jpg,Real,Yes,Yes,Yes,Yes,,,Yes,2026-08-08T02:20:35,2026-08-08T02:20:37
ID000186,John-Travolta,03.jpg,Real,Yes,Yes,Yes,Yes,,,Yes,2026-08-08T02:20:37,2026-08-08T02:20:38
ID000186,John-Travolta,01.jpg,Fake,Yes,,Yes,Yes,Yes,,Yes,2026-08-08T02:20:39,2026-08-08T02:20:46
ID000186,John-Travolta,02.jpg,Fake,No,,No,No,Yes,,No,2026-08-08T02:20:46,2026-08-08T02:20:52
ID000186,John-Travolta,03.jpg,Fake,No,,No,No,Yes,,No,2026-08-08T02:20:52,2026-08-08T02:20:56
ID000186,John-Travolta,05.jpg,Fake,No,,No,No,Yes,,No,2026-08-08T02:20:56,2026-08-08T02:21:01
ID000186,John-Travolta,06.jpg,Fake,No,,No,No,Yes,,No,2026-08-08T02:21:01,2026-08-08T02:21:05
ID000260,Michael-Jackson,01.jpg,Real,Yes,Yes,Yes,Yes,,,Yes,2026-08-08T02:21:06,2026-08-08T02:21:10
ID000260,Michael-Jackson,02.png,Real,Yes,Yes,Yes,Yes,,,Yes,2026-08-08T02:21:10,2026-08-08T02:21:14
ID000260,Michael-Jackson,01.jpg,Fake,Yes,,Yes,Yes,Yes,,Yes,2026-08-08T02:21:15,2026-08-08T02:21:19
ID000260,Michael-Jackson,02.jpg,Fake,Yes,,Yes,Yes,Yes,,Yes,2026-08-08T02:21:19,2026-08-08T02:21:24
ID000260,Michael-Jackson,03.jpg,Fake,No,,Yes,Yes,No,,No,2026-08-08T02:21:24,2026-08-08T02:21:30
ID000260,Michael-Jackson,04.png,Fake,Yes,,Yes,Yes,No,,No,2026-08-08T02:21:30,2026-08-08T02:21:35
ID000260,Michael-Jackson,05.jpg,Fake,Yes,,Yes,Yes,Yes,,Yes,2026-08-08T02:21:35,2026-08-08T02:21:40
ID000195,Josh-Inglis,01.png,Real,Yes,Yes,Yes,Yes,,,Yes,2026-08-08T02:21:47,2026-08-08T02:21:52
ID000195,Josh-Inglis,02.png,Real,Yes,Yes,Yes,Yes,,,Yes,2026-08-08T02:21:52,2026-08-08T02:21:55
ID000195,Josh-Inglis,01.jpg,Fake,No,,Yes,Yes,No,,No,2026-08-08T02:21:56,2026-08-08T02:22:01
ID000195,Josh-Inglis,02.jpg,Fake,No,,Yes,Yes,No,,No,2026-08-08T02:22:01,2026-08-08T02:22:05
ID000345,Sylvester-Stallone,01.jpg,Real,Yes,Yes,Yes,Yes,,,Yes,2026-08-08T02:22:06,2026-08-08T02:22:11
ID000345,Sylvester-Stallone,02.jpg,Real,Yes,Yes,Yes,Yes,,,Yes,2026-08-08T02:22:11,2026-08-08T02:22:15
ID000345,Sylvester-Stallone,01.jpg,Fake,No,,No,Yes,Yes,,No,2026-08-08T02:22:17,2026-08-08T02:22:25
ID000345,Sylvester-Stallone,02.jpg,Fake,Yes,,Yes,Yes,No,,Yes,2026-08-08T02:22:25,2026-08-08T02:22:32
ID000345,Sylvester-Stallone,03.jpg,Fake,Yes,,Yes,Yes,No,,No,2026-08-08T02:22:32,2026-08-08T02:22:36
ID000345,Sylvester-Stallone,04.jpg,Fake,Yes,,Yes,Yes,No,,Yes,2026-08-08T02:22:36,2026-08-08T02:22:40
ID000345,Sylvester-Stallone,05.jpg,Fake,Yes,,Yes,Yes,No,,Yes,2026-08-08T02:22:41,2026-08-08T02:22:45
ID000371,Woody-Allen,01.jpg,Real,Yes,Yes,Yes,Yes,,,Yes,2026-08-08T02:22:54,2026-08-08T02:22:58
ID000371,Woody-Allen,01.jpg,Fake,Yes,,Yes,Yes,Yes,,Yes,2026-08-08T02:22:59,2026-08-08T02:23:04
ID000371,Woody-Allen,02.jpg,Fake,Yes,,Yes,Yes,Yes,,Yes,2026-08-08T02:23:04,2026-08-08T02:23:07
ID000371,Woody-Allen,03.jpg,Fake,No,,Yes,Yes,No,,No,2026-08-08T02:23:07,2026-08-08T02:23:11
ID000371,Woody-Allen,04.jpg,Fake,No,,Yes,Yes,Yes,,No,2026-08-08T02:23:12,2026-08-08T02:23:15
ID000371,Woody-Allen,05.jpg,Fake,Yes,,Yes,Yes,Yes,,Yes,2026-08-08T02:23:15,2026-08-08T02:23:21
ID000371,Woody-Allen,06.jpg,Fake,No,,Yes,Yes,Yes,,No,2026-08-08T02:23:21,2026-08-08T02:23:27
ID000256,Michael-Cera,01.jpg,Real,Yes,Yes,Yes,Yes,,,Yes,2026-08-08T02:23:29,2026-08-08T02:23:33
ID000256,Michael-Cera,01.jpg,Fake,No,,Yes,Yes,Yes,,No,2026-08-08T02:23:35,2026-08-08T02:23:39
ID000256,Michael-Cera,02.png,Fake,No,,Yes,Yes,No,,No,2026-08-08T02:23:39,2026-08-08T02:23:45
ID000343,Susan-Sarandon,01.jpg,Real,Yes,Yes,Yes,Yes,,,Yes,2026-08-08T02:23:46,2026-08-08T02:23:52
ID000343,Susan-Sarandon,01.jpg,Fake,No,,Yes,Yes,Yes,,No,2026-08-08T02:23:53,2026-08-08T02:23:58
ID000343,Susan-Sarandon,02.jpg,Fake,No,,Yes,Yes,Yes,,No,2026-08-08T02:23:58,2026-08-08T02:24:01
ID000343,Susan-Sarandon,03.jpg,Fake,No,,Yes,Yes,Yes,,No,2026-08-08T02:24:01,2026-08-08T02:24:05
ID000396,virat-kohli,01.jpg,Real,Yes,Yes,Yes,Yes,,,Yes,2026-08-08T02:24:06,2026-08-08T02:24:09
ID000396,virat-kohli,02.webp,Real,Yes,Yes,Yes,Yes,,,Yes,2026-08-08T02:24:10,2026-08-08T02:24:12
ID000396,virat-kohli,01.jpg,Fake,No,,No,Yes,Yes,,No,2026-08-08T02:24:13,2026-08-08T02:24:19
ID000396,virat-kohli,02.png,Fake,Yes,,Yes,Yes,Yes,,Yes,2026-08-08T02:24:19,2026-08-08T02:24:31
ID000396,virat-kohli,04.jpg,Fake,Yes,,Yes,No,No,,No,2026-08-08T02:24:31,2026-08-08T02:24:37
ID000346,Taeyeon,01.jpg,Real,Yes,Yes,Yes,Yes,,,Yes,2026-08-08T02:24:38,2026-08-08T02:24:42
ID000346,Taeyeon,01.jpg,Fake,Yes,,Yes,Yes,Yes,,Yes,2026-08-08T02:24:43,2026-08-08T02:24:49
ID000346,Taeyeon,02.jpg,Fake,No,,Yes,No,No,,No,2026-08-08T02:24:49,2026-08-08T02:24:56
ID000346,Taeyeon,03.jpg,Fake,Yes,,Yes,Yes,No,,Yes,2026-08-08T02:24:56,2026-08-08T02:25:03
ID000346,Taeyeon,04.jpg,Fake,No,,Yes,No,No,,No,2026-08-08T02:25:03,2026-08-08T02:25:09
ID000346,Taeyeon,05.jpg,Fake,No,,Yes,No,No,,No,2026-08-08T02:25:09,2026-08-08T02:25:13
ID000346,Taeyeon,06.png,Fake,Yes,,Yes,No,No,,No,2026-08-08T02:25:13,2026-08-08T02:25:19
ID000356,Tom-Cruise,01.jpg,Real,Yes,Yes,Yes,Yes,,,Yes,2026-08-08T02:25:20,2026-08-08T02:25:26
ID000356,Tom-Cruise,02.jpg,Real,Yes,Yes,Yes,Yes,,,Yes,2026-08-08T02:25:26,2026-08-08T02:25:30
ID000356,Tom-Cruise,03.jpg,Real,Yes,Yes,Yes,Yes,,,Yes,2026-08-08T02:25:30,2026-08-08T02:25:33
ID000356,Tom-Cruise,01.jpg,Fake,No,,Yes,Yes,Yes,,No,2026-08-08T02:25:34,2026-08-08T02:25:38
ID000239,Margot-Robie,01.jpg,Real,Yes,Yes,Yes,Yes,,,Yes,2026-08-08T02:25:40,2026-08-08T02:25:44
ID000239,Margot-Robie,02.jpg,Real,Yes,Yes,Yes,Yes,,,Yes,2026-08-08T02:25:44,2026-08-08T02:25:47
ID000239,Margot-Robie,01.jpg,Fake,Yes,,Yes,Yes,Yes,,Yes,2026-08-08T02:25:49,2026-08-08T02:25:59
ID000239,Margot-Robie,02.jpg,Fake,Yes,,Yes,Yes,No,,Yes,2026-08-08T02:25:59,2026-08-08T02:26:05
ID000239,Margot-Robie,03.jpg,Fake,Yes,,Yes,Yes,No,,No,2026-08-08T02:26:05,2026-08-08T02:26:12
ID000239,Margot-Robie,04.png,Fake,Yes,,Yes,No,No,,No,2026-08-08T02:26:12,2026-08-08T02:26:18
ID000239,Margot-Robie,05.jpg,Fake,Yes,,Yes,Yes,No,,Yes,2026-08-08T02:26:18,2026-08-08T02:26:24
ID000239,Margot-Robie,06.png,Fake,Yes,,Yes,Yes,No,,No,2026-08-08T02:26:24,2026-08-08T02:26:29
ID000335,Shubman-Gill,01.jpg,Real,Yes,Yes,Yes,Yes,,,No,2026-08-08T02:26:35,2026-08-08T02:26:39
ID000335,Shubman-Gill,02.png,Real,Yes,Yes,Yes,Yes,,,Yes,2026-08-08T02:26:39,2026-08-08T02:26:43
ID000335,Shubman-Gill,03.webp,Real,Yes,Yes,Yes,Yes,,,Yes,2026-08-08T02:26:43,2026-08-08T02:26:46
ID000335,Shubman-Gill,01.jpg,Fake,No,,No,Yes,Yes,,No,2026-08-08T02:26:52,2026-08-08T02:26:59
ID000335,Shubman-Gill,1.jpg,Fake,Yes,,Yes,Yes,No,,Yes,2026-08-08T02:26:59,2026-08-08T02:27:13
ID000335,Shubman-Gill,2.jpg,Fake,Yes,,Yes,Yes,Yes,,Yes,2026-08-08T02:27:13,2026-08-08T02:27:18
ID000197,Juliette-Binoche,01.jpg,Real,Yes,Yes,Yes,Yes,,,Yes,2026-08-08T02:27:19,2026-08-08T02:27:23
ID000197,Juliette-Binoche,01.jpg,Fake,No,,Yes,Yes,No,,No,2026-08-08T02:27:25,2026-08-08T02:27:31
ID000197,Juliette-Binoche,02.jpg,Fake,No,,Yes,Yes,No,,No,2026-08-08T02:27:31,2026-08-08T02:27:36
ID000197,Juliette-Binoche,03.jpg,Fake,Yes,,Yes,Yes,No,,Yes,2026-08-08T02:27:36,2026-08-08T02:27:42
ID000229,Link-Neal,01.jpg,Real,Yes,Yes,Yes,Yes,,,Yes,2026-08-08T02:27:43,2026-08-08T02:27:48
ID000229,Link-Neal,02.jpg,Real,Yes,Yes,Yes,Yes,,,Yes,2026-08-08T02:27:48,2026-08-08T02:27:52
ID000229,Link-Neal,01.jpg,Fake,No,,Yes,Yes,No,,No,2026-08-08T02:27:53,2026-08-08T02:27:58
ID000344,Sydney-Sweeney,01.jpg,Real,Yes,Yes,Yes,Yes,,,Yes,2026-08-08T02:27:59,2026-08-08T02:28:03
ID000344,Sydney-Sweeney,02.jpg,Real,Yes,Yes,Yes,Yes,,,Yes,2026-08-08T02:28:03,2026-08-08T02:28:08
ID000344,Sydney-Sweeney,01.jpg,Fake,Yes,,Yes,Yes,Yes,,Yes,2026-08-08T02:28:09,2026-08-08T02:28:21
ID000344,Sydney-Sweeney,04.jpg,Fake,Yes,,Yes,Yes,No,,Yes,2026-08-08T02:28:22,2026-08-08T02:28:27
ID000344,Sydney-Sweeney,06.png,Fake,Yes,,Yes,Yes,No,,Yes,2026-08-08T02:28:27,2026-08-08T02:28:32
ID000251,Matt-Dillon,01.jpg,Real,Yes,Yes,Yes,Yes,,,Yes,2026-08-08T02:28:33,2026-08-08T02:28:37
ID000251,Matt-Dillon,02.jpg,Real,Yes,Yes,Yes,No,,,No,2026-08-08T02:28:37,2026-08-08T02:28:51
ID000251,Matt-Dillon,01.jpg,Fake,No,,Yes,Yes,Yes,,No,2026-08-08T02:28:52,2026-08-08T02:29:01
ID000369,William-Shatner,01.jpg,Real,Yes,Yes,Yes,Yes,,,Yes,2026-08-08T02:29:02,2026-08-08T02:29:11
ID000369,William-Shatner,02.jpg,Real,Yes,Yes,Yes,No,,,No,2026-08-08T02:29:11,2026-08-08T02:29:17
ID000369,William-Shatner,01.jpg,Fake,Yes,,Yes,No,No,,No,2026-08-08T02:29:17,2026-08-08T02:29:35
ID000369,William-Shatner,02.jpg,Fake,Yes,,Yes,Yes,No,,Yes,2026-08-08T02:29:35,2026-08-08T02:29:41
ID000369,William-Shatner,03.jpg,Fake,No,,Yes,Yes,No,,No,2026-08-08T02:29:42,2026-08-08T02:29:47
ID000361,Victor-Osimhen,01.jpg,Real,Yes,Yes,Yes,Yes,,,Yes,2026-08-08T02:29:48,2026-08-08T02:29:51
ID000361,Victor-Osimhen,02.jpg,Real,Yes,Yes,Yes,Yes,,,Yes,2026-08-08T02:29:51,2026-08-08T02:29:57
ID000361,Victor-Osimhen,01.jpg,Fake,No,,No,Yes,No,,No,2026-08-08T02:29:58,2026-08-08T02:30:05
ID000361,Victor-Osimhen,02.png,Fake,No,,No,No,No,,No,2026-08-08T02:30:05,2026-08-08T02:30:12
ID000361,Victor-Osimhen,04.jpg,Fake,No,,No,No,No,,No,2026-08-08T02:30:12,2026-08-08T02:30:18
ID000361,Victor-Osimhen,05.jpg,Fake,Yes,,No,No,No,,No,2026-08-08T02:30:18,2026-08-08T02:30:24
ID000361,Victor-Osimhen,images.jpg,Fake,Yes,,No,No,No,,No,2026-08-08T02:30:24,2026-08-08T02:30:30
ID000361,Victor-Osimhen,photo-with-victor-osimhen-1-optimized.webp,Fake,Yes,,No,Yes,No,,No,2026-08-08T02:30:30,2026-08-08T02:30:36
ID000230,Lionel-Messi,01.jpg,Real,Yes,Yes,Yes,Yes,,,Yes,2026-08-08T02:30:37,2026-08-08T02:30:41
ID000230,Lionel-Messi,02.jpg,Real,Yes,Yes,Yes,Yes,,,Yes,2026-08-08T02:30:41,2026-08-08T02:30:45
ID000230,Lionel-Messi,01.jpg,Fake,No,,Yes,Yes,Yes,,No,2026-08-08T02:30:46,2026-08-08T02:30:54
ID000230,Lionel-Messi,02.jpg,Fake,Yes,,Yes,Yes,Yes,,Yes,2026-08-08T02:30:54,2026-08-08T02:31:02
ID000230,Lionel-Messi,03.jpg,Fake,Yes,,Yes,Yes,No,,Yes,2026-08-08T02:31:02,2026-08-08T02:31:06
ID000222,Lamine-yaml,01.jpg,Real,Yes,Yes,Yes,Yes,,,Yes,2026-08-08T02:31:07,2026-08-08T02:31:11
ID000222,Lamine-yaml,5.jpg,Fake,Yes,,Yes,Yes,No,,Yes,2026-08-08T02:31:13,2026-08-08T02:31:18
ID000314,Rooney-Mara,01.jpg,Real,Yes,Yes,Yes,Yes,,,Yes,2026-08-08T02:31:18,2026-08-08T02:31:23
ID000314,Rooney-Mara,02.jpg,Real,Yes,Yes,Yes,Yes,,,Yes,2026-08-08T02:31:23,2026-08-08T02:31:29
ID000314,Rooney-Mara,01.jpg,Fake,Yes,,Yes,Yes,No,,Yes,2026-08-08T02:31:30,2026-08-08T02:31:35
ID000314,Rooney-Mara,02.jpg,Fake,Yes,,Yes,Yes,No,,Yes,2026-08-08T02:31:35,2026-08-08T02:31:38
ID000314,Rooney-Mara,03.png,Fake,Yes,,No,Yes,Yes,,No,2026-08-08T02:31:38,2026-08-08T02:31:46
ID000314,Rooney-Mara,04.png,Fake,No,,Yes,Yes,No,,No,2026-08-08T02:31:46,2026-08-08T02:31:51
ID000311,Rohit-Paudel,01.jpg,Real,Yes,Yes,Yes,Yes,,,Yes,2026-08-08T02:31:53,2026-08-08T02:31:57
ID000311,Rohit-Paudel,02.webp,Real,Yes,Yes,Yes,Yes,,,Yes,2026-08-08T02:31:57,2026-08-08T02:32:02
ID000311,Rohit-Paudel,03.png,Real,Yes,Yes,No,No,,,No,2026-08-08T02:32:02,2026-08-08T02:37:33
ID000311,Rohit-Paudel,1.png,Fake,Yes,,Yes,No,No,,No,2026-08-08T02:37:34,2026-08-08T02:46:58
ID000189,Johnny-Knoxville,01.jpg,Real,Yes,Yes,Yes,Yes,,,Yes,2026-08-08T02:46:59,2026-08-08T02:47:06
ID000189,Johnny-Knoxville,02.jpg,Real,Yes,Yes,Yes,Yes,,,Yes,2026-08-08T02:47:06,2026-08-08T02:47:11
ID000189,Johnny-Knoxville,01.jpg,Fake,No,,Yes,Yes,No,,No,2026-08-08T02:47:13,2026-08-08T02:47:18
ID000231,Lisa,01.jpg,Real,Yes,Yes,Yes,Yes,,,Yes,2026-08-08T02:47:19,2026-08-08T02:47:23
ID000231,Lisa,55.png,Real,Yes,Yes,Yes,Yes,,,Yes,2026-08-08T02:47:24,2026-08-08T02:47:27
ID000231,Lisa,02.jpg,Fake,Yes,,Yes,Yes,No,,Yes,2026-08-08T02:47:28,2026-08-08T02:47:32
ID000231,Lisa,03.jpg,Fake,Yes,,Yes,Yes,Yes,,Yes,2026-08-08T02:47:32,2026-08-08T02:47:36
ID000231,Lisa,55.png,Fake,No,,Yes,Yes,No,,No,2026-08-08T02:47:36,2026-08-08T02:47:42
ID000209,Kevin-Bacon,01.jpg,Real,Yes,Yes,Yes,Yes,,,Yes,2026-08-08T02:47:43,2026-08-08T02:47:47
ID000209,Kevin-Bacon,02.jpg,Real,Yes,Yes,Yes,Yes,,,Yes,2026-08-08T02:47:47,2026-08-08T02:47:52
ID000209,Kevin-Bacon,03.jpg,Real,Yes,Yes,Yes,Yes,,,Yes,2026-08-08T02:47:52,2026-08-08T02:47:56
ID000209,Kevin-Bacon,01.jpg,Fake,No,,Yes,Yes,Yes,,No,2026-08-08T02:47:57,2026-08-08T02:48:03
ID000209,Kevin-Bacon,02.jpg,Fake,No,,Yes,Yes,Yes,,No,2026-08-08T02:48:03,2026-08-08T02:48:08
ID000209,Kevin-Bacon,03.png,Fake,Yes,,Yes,Yes,No,,Yes,2026-08-08T02:48:08,2026-08-08T02:48:14
ID000209,Kevin-Bacon,04.png,Fake,Yes,,No,No,No,,No,2026-08-08T02:48:14,2026-08-08T02:48:19
ID000209,Kevin-Bacon,05.png,Fake,Yes,,Yes,Yes,Yes,,Yes,2026-08-08T02:48:19,2026-08-08T02:48:23
ID000388,mukesh-ambani,01.jpg,Real,Yes,Yes,Yes,Yes,,,Yes,2026-08-08T02:48:24,2026-08-08T02:48:28
ID000388,mukesh-ambani,01.png,Fake,No,,No,No,Yes,,No,2026-08-08T02:48:30,2026-08-08T02:48:39
ID000388,mukesh-ambani,02.jpg,Fake,No,,No,Yes,Yes,,No,2026-08-08T02:48:39,2026-08-08T02:48:47
ID000388,mukesh-ambani,03.jpg,Fake,Yes,,No,Yes,Yes,,No,2026-08-08T02:48:47,2026-08-08T02:48:55
ID000388,mukesh-ambani,81.png,Fake,Yes,,Yes,Yes,No,,Yes,2026-08-08T02:48:55,2026-08-08T02:49:00
ID000380,dua-lipa,01.jpg,Real,Yes,Yes,Yes,Yes,,,Yes,2026-08-08T02:49:01,2026-08-08T02:49:05
ID000380,dua-lipa,01.jpg,Fake,Yes,,Yes,Yes,Yes,,Yes,2026-08-08T02:49:07,2026-08-08T02:49:12
ID000380,dua-lipa,02.jpg,Fake,Yes,,Yes,Yes,No,,Yes,2026-08-08T02:49:12,2026-08-08T02:49:17
ID000380,dua-lipa,03.jpg,Fake,Yes,,Yes,Yes,No,,Yes,2026-08-08T02:49:17,2026-08-08T02:49:21
ID000380,dua-lipa,04.png,Fake,Yes,,Yes,Yes,No,,No,2026-08-08T02:49:21,2026-08-08T02:49:26
ID000218,Kristin-Scott-Thomas,01.jpg,Real,Yes,Yes,Yes,Yes,,,Yes,2026-08-08T02:49:33,2026-08-08T02:49:37
ID000218,Kristin-Scott-Thomas,01.jpg,Fake,Yes,,Yes,Yes,Yes,,Yes,2026-08-08T02:49:40,2026-08-08T02:49:46
ID000294,Pedro-Pascal,01.jpg,Real,Yes,Yes,Yes,Yes,,,Yes,2026-08-08T02:49:47,2026-08-08T02:49:50
ID000294,Pedro-Pascal,02.jpg,Real,Yes,Yes,Yes,Yes,,,Yes,2026-08-08T02:49:51,2026-08-08T02:49:55
ID000294,Pedro-Pascal,01.jpg,Fake,Yes,,Yes,Yes,Yes,,Yes,2026-08-08T02:49:56,2026-08-08T02:50:01
ID000294,Pedro-Pascal,02.jpg,Fake,Yes,,Yes,No,No,,No,2026-08-08T02:50:01,2026-08-08T02:50:06
ID000294,Pedro-Pascal,03.jpg,Fake,Yes,,Yes,No,No,,No,2026-08-08T02:50:06,2026-08-08T02:50:12
ID000261,Michele-Morrone,01.jpg,Real,Yes,Yes,Yes,Yes,,,Yes,2026-08-08T02:50:13,2026-08-08T02:50:19
ID000261,Michele-Morrone,02.jpg,Real,Yes,Yes,Yes,Yes,,,Yes,2026-08-08T02:50:19,2026-08-08T02:50:23
ID000261,Michele-Morrone,03.jpg,Real,Yes,Yes,Yes,Yes,,,Yes,2026-08-08T02:50:23,2026-08-08T02:50:30
ID000261,Michele-Morrone,01.jpg,Fake,No,,Yes,Yes,No,,No,2026-08-08T02:50:31,2026-08-08T02:50:37
ID000261,Michele-Morrone,02.jpg,Fake,No,,Yes,Yes,No,,No,2026-08-08T02:50:38,2026-08-08T02:50:43
ID000261,Michele-Morrone,03.jpg,Fake,No,,Yes,Yes,No,,No,2026-08-08T02:50:43,2026-08-08T02:50:47
ID000261,Michele-Morrone,04.jpg,Fake,No,,Yes,Yes,No,,No,2026-08-08T02:50:48,2026-08-08T02:50:53
ID000309,Roberto-Benigni,01.jpg,Real,Yes,Yes,Yes,Yes,,,Yes,2026-08-08T02:50:54,2026-08-08T02:50:57
ID000309,Roberto-Benigni,01.jpg,Fake,Yes,,Yes,Yes,Yes,,Yes,2026-08-08T02:50:59,2026-08-08T02:51:06
ID000049,Billy-Bob-Thornton,01.jpg,Real,Yes,Yes,Yes,Yes,,,Yes,2026-08-08T09:13:42,2026-08-08T09:14:25
ID000049,Billy-Bob-Thornton,02.jpg,Real,Yes,Yes,Yes,Yes,,,Yes,2026-08-08T09:14:25,2026-08-08T09:14:42
ID000049,Billy-Bob-Thornton,03.jpg,Real,Yes,Yes,Yes,Yes,,,Yes,2026-08-08T09:14:42,2026-08-08T09:15:06
ID000049,Billy-Bob-Thornton,01.jpg,Fake,Yes,,Yes,No,Yes,,No,2026-08-08T09:15:08,2026-08-08T09:15:17
ID000049,Billy-Bob-Thornton,02.png,Fake,Yes,,Yes,No,No,,No,2026-08-08T09:15:17,2026-08-08T09:15:36
ID000049,Billy-Bob-Thornton,03.jpg,Fake,No,,No,No,No,,No,2026-08-08T09:15:36,2026-08-08T09:15:48
ID000049,Billy-Bob-Thornton,05.jpg,Fake,Yes,,Yes,Yes,Yes,,Yes,2026-08-08T09:15:48,2026-08-08T09:15:56
ID000167,Jeff-Bridges,01.jpg,Real,Yes,Yes,Yes,No,,,No,2026-08-08T09:15:58,2026-08-08T09:16:06
ID000167,Jeff-Bridges,02.jpg,Real,Yes,Yes,Yes,Yes,,,Yes,2026-08-08T09:16:07,2026-08-08T09:16:14
ID000167,Jeff-Bridges,01.webp,Fake,No,,Yes,Yes,No,,No,2026-08-08T09:16:16,2026-08-08T09:16:25
ID000167,Jeff-Bridges,02.jpg,Fake,Yes,,Yes,Yes,Yes,,Yes,2026-08-08T09:16:25,2026-08-08T09:16:37
ID000167,Jeff-Bridges,03.jpg,Fake,No,,Yes,No,Yes,,No,2026-08-08T09:16:37,2026-08-08T09:16:49
ID000098,Ellyse-Perry,01.jpg,Real,Yes,Yes,Yes,Yes,,,Yes,2026-08-08T09:16:50,2026-08-08T09:17:00
ID000098,Ellyse-Perry,02.jpg,Real,Yes,Yes,Yes,No,,,No,2026-08-08T09:17:00,2026-08-08T09:17:11
ID000098,Ellyse-Perry,1.jpg,Fake,Yes,,No,Yes,No,,No,2026-08-08T09:17:12,2026-08-08T09:17:25
ID000098,Ellyse-Perry,2.jpg,Fake,Yes,,Yes,Yes,No,,Yes,2026-08-08T09:17:25,2026-08-08T09:17:33
ID000098,Ellyse-Perry,3.jpg,Fake,Yes,,No,Yes,No,,No,2026-08-08T09:17:33,2026-08-08T09:17:47
ID000099,Elon-Musk,01.png,Real,Yes,Yes,Yes,Yes,,,Yes,2026-08-08T09:17:48,2026-08-08T09:18:00
ID000099,Elon-Musk,01.jpg,Fake,Yes,,Yes,Yes,Yes,,Yes,2026-08-08T09:18:01,2026-08-08T09:18:09
ID000099,Elon-Musk,02.png,Fake,Yes,,No,No,Yes,,No,2026-08-08T09:18:09,2026-08-08T09:18:17
ID000099,Elon-Musk,03.jpg,Fake,Yes,,Yes,Yes,No,,Yes,2026-08-08T09:18:17,2026-08-08T09:18:25
ID000099,Elon-Musk,03.png,Fake,Yes,,Yes,Yes,No,,Yes,2026-08-08T09:18:25,2026-08-08T09:18:34
ID000163,Jason-Clarke,01.jpg,Real,Yes,Yes,Yes,Yes,,,Yes,2026-08-08T09:18:35,2026-08-08T09:18:45
ID000163,Jason-Clarke,02.jpg,Real,Yes,Yes,Yes,Yes,,,Yes,2026-08-08T09:18:45,2026-08-08T09:18:52
ID000163,Jason-Clarke,03.jpg,Real,Yes,Yes,Yes,Yes,,,Yes,2026-08-08T09:18:52,2026-08-08T09:18:58
ID000163,Jason-Clarke,01.png,Fake,No,,Yes,No,Yes,,No,2026-08-08T09:18:59,2026-08-08T09:19:08
ID000163,Jason-Clarke,02.png,Fake,No,,Yes,Yes,Yes,,No,2026-08-08T09:19:08,2026-08-08T09:19:17
ID000181,Jodie-Foster,01.jpg,Real,Yes,Yes,Yes,Yes,,,Yes,2026-08-08T09:19:19,2026-08-08T09:19:37
ID000181,Jodie-Foster,01.jpg,Fake,No,,Yes,No,Yes,,No,2026-08-08T09:19:38,2026-08-08T09:19:50
ID000181,Jodie-Foster,02.jpg,Fake,Yes,,Yes,Yes,No,,Yes,2026-08-08T09:19:50,2026-08-08T09:20:03
ID000181,Jodie-Foster,03.jpg,Fake,Yes,,Yes,No,Yes,,No,2026-08-08T09:20:03,2026-08-08T09:20:16
ID000181,Jodie-Foster,04.jpg,Fake,Yes,,Yes,No,Yes,,No,2026-08-08T09:20:16,2026-08-08T09:20:25
ID000181,Jodie-Foster,05.jpg,Fake,Yes,,Yes,No,Yes,,No,2026-08-08T09:20:25,2026-08-08T09:20:41
ID000181,Jodie-Foster,06.jpg,Fake,Yes,,Yes,Yes,No,,Yes,2026-08-08T09:20:41,2026-08-08T09:20:51
ID000021,Andy-Jassy,01.jpg,Real,Yes,Yes,Yes,Yes,,,Yes,2026-08-08T09:20:52,2026-08-08T09:21:00
ID000021,Andy-Jassy,02.jpg,Real,Yes,Yes,Yes,Yes,,,Yes,2026-08-08T09:21:00,2026-08-08T09:21:08
ID000021,Andy-Jassy,01.jpg,Fake,Yes,,Yes,Yes,Yes,,Yes,2026-08-08T09:21:10,2026-08-08T09:21:17
ID000070,Chris-Cooper,01.jpg,Real,Yes,Yes,Yes,Yes,,,Yes,2026-08-08T09:21:18,2026-08-08T09:21:26
ID000070,Chris-Cooper,02.webp,Real,Yes,Yes,Yes,No,,,No,2026-08-08T09:21:26,2026-08-08T09:21:36
ID000070,Chris-Cooper,02.png,Fake,No,,Yes,Yes,Yes,,No,2026-08-08T09:21:37,2026-08-08T09:21:47
ID000084,David-Miller,01.png,Real,Yes,Yes,Yes,Yes,,,Yes,2026-08-08T09:21:51,2026-08-08T09:22:00
ID000084,David-Miller,01.jpg,Fake,No,,Yes,Yes,Yes,,No,2026-08-08T09:22:01,2026-08-08T09:22:11
ID000084,David-Miller,02.jpg,Fake,Yes,,No,Yes,Yes,,No,2026-08-08T09:22:11,2026-08-08T09:22:19
ID000051,Bob-Dylan,01.jpg,Real,Yes,Yes,Yes,No,,,No,2026-08-08T09:22:20,2026-08-08T09:22:29
ID000051,Bob-Dylan,02.png,Real,Yes,Yes,Yes,Yes,,,Yes,2026-08-08T09:22:29,2026-08-08T09:22:37
ID000051,Bob-Dylan,01.jpg,Fake,Yes,,Yes,Yes,Yes,,Yes,2026-08-08T09:22:38,2026-08-08T09:22:49
ID000051,Bob-Dylan,02.jpg,Fake,Yes,,Yes,No,Yes,,No,2026-08-08T09:22:49,2026-08-08T09:23:01
ID000051,Bob-Dylan,03.jpg,Fake,Yes,,Yes,No,Yes,,No,2026-08-08T09:23:01,2026-08-08T09:23:09
ID000051,Bob-Dylan,04.jpg,Fake,Yes,,Yes,Yes,Yes,,Yes,2026-08-08T09:23:09,2026-08-08T09:23:18
ID000069,Chlo-Grace-Moretz,01.jpg,Real,Yes,Yes,Yes,Yes,,,Yes,2026-08-08T09:23:19,2026-08-08T09:23:27
ID000069,Chlo-Grace-Moretz,02.jpg,Real,Yes,Yes,Yes,Yes,,,Yes,2026-08-08T09:23:28,2026-08-08T09:23:36
ID000069,Chlo-Grace-Moretz,03.jpg,Real,Yes,Yes,Yes,Yes,,,Yes,2026-08-08T09:23:36,2026-08-08T09:23:43
ID000069,Chlo-Grace-Moretz,01.jpg,Fake,Yes,,Yes,Yes,Yes,,No,2026-08-08T09:23:44,2026-08-08T09:23:53
ID000069,Chlo-Grace-Moretz,02.jpg,Fake,Yes,,Yes,Yes,Yes,,Yes,2026-08-08T09:23:53,2026-08-08T09:24:00
ID000069,Chlo-Grace-Moretz,03.jpg,Fake,Yes,,Yes,Yes,Yes,,No,2026-08-08T09:24:00,2026-08-08T09:24:09
ID000069,Chlo-Grace-Moretz,04.jpg,Fake,Yes,,Yes,Yes,Yes,,No,2026-08-08T09:24:09,2026-08-08T09:24:22
ID000069,Chlo-Grace-Moretz,05.jpg,Fake,Yes,,Yes,Yes,Yes,,No,2026-08-08T09:24:22,2026-08-08T09:24:31
ID000069,Chlo-Grace-Moretz,06.jpg,Fake,Yes,,Yes,Yes,Yes,,No,2026-08-08T09:24:31,2026-08-08T09:24:39
ID000064,Carrie-Anne-Moss,01.jpg,Real,Yes,Yes,Yes,Yes,,,Yes,2026-08-08T09:25:04,2026-08-08T09:25:13
ID000064,Carrie-Anne-Moss,02.jpg,Real,Yes,Yes,Yes,Yes,,,Yes,2026-08-08T09:25:13,2026-08-08T09:25:19
ID000064,Carrie-Anne-Moss,03.jpg,Real,Yes,Yes,Yes,Yes,,,Yes,2026-08-08T09:25:19,2026-08-08T09:25:25
ID000064,Carrie-Anne-Moss,01.jpg,Fake,Yes,,Yes,Yes,Yes,,Yes,2026-08-08T09:25:27,2026-08-08T09:25:33
ID000064,Carrie-Anne-Moss,02.jpg,Fake,Yes,,Yes,Yes,Yes,,Yes,2026-08-08T09:25:33,2026-08-08T09:25:39
ID000064,Carrie-Anne-Moss,03.jpg,Fake,No,,No,No,No,,No,2026-08-08T09:25:40,2026-08-08T09:25:47
ID000064,Carrie-Anne-Moss,04.jpg,Fake,No,,No,No,No,,No,2026-08-08T09:25:47,2026-08-08T09:25:53
ID000158,Jackie-Chan,01.jpg,Real,Yes,Yes,Yes,Yes,,,Yes,2026-08-08T09:25:57,2026-08-08T09:26:06
ID000158,Jackie-Chan,02.jpg,Real,Yes,Yes,Yes,Yes,,,Yes,2026-08-08T09:26:06,2026-08-08T09:26:12
ID000158,Jackie-Chan,03.jpg,Real,Yes,Yes,No,Yes,,,No,2026-08-08T09:26:12,2026-08-08T09:26:23
ID000158,Jackie-Chan,01.jpg,Fake,Yes,,Yes,Yes,Yes,,Yes,2026-08-08T09:26:26,2026-08-08T09:26:36
ID000158,Jackie-Chan,02.jpg,Fake,Yes,,Yes,Yes,No,,Yes,2026-08-08T09:26:36,2026-08-08T09:26:45
ID000158,Jackie-Chan,03.jpg,Fake,Yes,,Yes,Yes,Yes,,Yes,2026-08-08T09:26:45,2026-08-08T09:26:53
ID000158,Jackie-Chan,04.jpg,Fake,Yes,,No,No,Yes,,No,2026-08-08T09:26:53,2026-08-08T09:27:07
ID000161,Jamie-Lee-Curtis,01.jpg,Real,Yes,Yes,Yes,Yes,,,Yes,2026-08-08T09:27:09,2026-08-08T09:27:17
ID000161,Jamie-Lee-Curtis,02.jpg,Real,Yes,Yes,Yes,Yes,,,Yes,2026-08-08T09:27:17,2026-08-08T09:27:23
ID000161,Jamie-Lee-Curtis,01.jpg,Fake,Yes,,Yes,Yes,Yes,,Yes,2026-08-08T09:27:24,2026-08-08T09:27:32
ID000161,Jamie-Lee-Curtis,02.jpg,Fake,Yes,,Yes,No,Yes,,No,2026-08-08T09:27:32,2026-08-08T09:27:40
ID000161,Jamie-Lee-Curtis,03.jpg,Fake,Yes,,Yes,No,Yes,,No,2026-08-08T09:27:40,2026-08-08T09:27:48
ID000161,Jamie-Lee-Curtis,04.jpg,Fake,No,,No,No,No,,No,2026-08-08T09:27:48,2026-08-08T09:27:55
ID000005,Adam-Sandler,01.jpg,Real,Yes,Yes,Yes,Yes,,,Yes,2026-08-08T09:27:56,2026-08-08T09:28:05
ID000005,Adam-Sandler,02.jpg,Real,Yes,Yes,Yes,Yes,,,Yes,2026-08-08T09:28:05,2026-08-08T09:28:12
ID000005,Adam-Sandler,01.jpg,Fake,Yes,,Yes,Yes,Yes,,Yes,2026-08-08T09:28:13,2026-08-08T09:28:22
ID000005,Adam-Sandler,03.jpg,Fake,No,,Yes,Yes,No,,No,2026-08-08T09:28:22,2026-08-08T09:28:31
ID000005,Adam-Sandler,04.jpg,Fake,No,,Yes,Yes,No,,No,2026-08-08T09:28:31,2026-08-08T09:28:39
ID000127,Gregory-Peck,01.jpg,Real,Yes,Yes,Yes,No,,,No,2026-08-08T09:28:41,2026-08-08T09:28:48
ID000127,Gregory-Peck,01.jpg,Fake,Yes,,Yes,Yes,Yes,,Yes,2026-08-08T09:28:50,2026-08-08T09:28:59
ID000127,Gregory-Peck,02.png,Fake,No,,No,No,No,,No,2026-08-08T09:28:59,2026-08-08T09:29:18
ID000127,Gregory-Peck,03.png,Fake,Yes,,Yes,Yes,Yes,,No,2026-08-08T09:29:18,2026-08-08T09:29:33
ID000055,Bukayo-Saka,01.jpg,Real,Yes,Yes,Yes,Yes,,,Yes,2026-08-08T09:29:36,2026-08-08T09:29:53
ID000055,Bukayo-Saka,02.png,Real,Yes,Yes,Yes,Yes,,,Yes,2026-08-08T09:29:53,2026-08-08T09:30:00
ID000055,Bukayo-Saka,03.jpg,Real,Yes,Yes,Yes,Yes,,,Yes,2026-08-08T09:30:00,2026-08-08T09:30:07
ID000055,Bukayo-Saka,1.webp,Fake,Yes,,Yes,Yes,Yes,,Yes,2026-08-08T09:30:08,2026-08-08T09:30:31
ID000146,Ibrahim-Traoré,01.jpg,Real,Yes,Yes,Yes,Yes,,,Yes,2026-08-08T09:30:33,2026-08-08T09:30:42
ID000146,Ibrahim-Traoré,02.jpg,Fake,Yes,,Yes,Yes,Yes,,Yes,2026-08-08T09:30:43,2026-08-08T09:30:49
ID000037,Babar-Azam,01.jpg,Real,Yes,Yes,Yes,Yes,,,Yes,2026-08-08T09:30:50,2026-08-08T09:30:59
ID000037,Babar-Azam,02.png,Real,Yes,Yes,Yes,No,,,No,2026-08-08T09:30:59,2026-08-08T09:31:05
ID000037,Babar-Azam,01.jpg,Fake,Yes,,Yes,No,Yes,,No,2026-08-08T09:31:07,2026-08-08T09:31:15
ID000037,Babar-Azam,04.png,Fake,Yes,,Yes,No,No,,No,2026-08-08T09:31:15,2026-08-08T09:31:25
ID000010,Alec-Baldwin,01.jpg,Real,Yes,Yes,Yes,Yes,,,Yes,2026-08-08T09:31:26,2026-08-08T09:31:37
ID000010,Alec-Baldwin,02.jpg,Real,Yes,Yes,Yes,Yes,,,Yes,2026-08-08T09:31:37,2026-08-08T09:31:44
ID000010,Alec-Baldwin,03.jpg,Real,Yes,Yes,Yes,Yes,,,Yes,2026-08-08T09:31:44,2026-08-08T09:31:53
ID000010,Alec-Baldwin,01.jpg,Fake,No,,Yes,Yes,No,,No,2026-08-08T09:31:56,2026-08-08T09:32:11
ID000010,Alec-Baldwin,02.jpg,Fake,Yes,,Yes,Yes,Yes,,Yes,2026-08-08T09:32:11,2026-08-08T09:32:19
ID000168,Jenna-Ortega,01.jpg,Real,Yes,Yes,Yes,Yes,,,Yes,2026-08-08T09:32:20,2026-08-08T09:32:31
ID000168,Jenna-Ortega,02.jpg,Real,Yes,Yes,Yes,Yes,,,Yes,2026-08-08T09:32:31,2026-08-08T09:32:37
ID000168,Jenna-Ortega,03.jpg,Real,Yes,Yes,Yes,Yes,,,Yes,2026-08-08T09:32:37,2026-08-08T09:32:44
ID000168,Jenna-Ortega,01.jpg,Fake,Yes,,Yes,Yes,Yes,,Yes,2026-08-08T09:32:45,2026-08-08T09:32:54
ID000168,Jenna-Ortega,02.jpg,Fake,Yes,,Yes,No,Yes,,No,2026-08-08T09:32:54,2026-08-08T09:33:01
ID000168,Jenna-Ortega,03.jpg,Fake,Yes,,Yes,Yes,Yes,,Yes,2026-08-08T09:33:01,2026-08-08T09:33:07
ID000168,Jenna-Ortega,04.jpg,Fake,Yes,,Yes,Yes,Yes,,Yes,2026-08-08T09:33:07,2026-08-08T09:33:13
ID000168,Jenna-Ortega,05.jpg,Fake,No,,Yes,No,No,,No,2026-08-08T09:33:13,2026-08-08T09:33:20
ID000107,Ethan-Hawke,01.jpg,Real,Yes,Yes,Yes,Yes,,,Yes,2026-08-08T09:33:21,2026-08-08T09:33:29
ID000107,Ethan-Hawke,02.jpg,Real,Yes,Yes,Yes,Yes,,,Yes,2026-08-08T09:33:29,2026-08-08T09:33:37
ID000107,Ethan-Hawke,01.jpg,Fake,Yes,,Yes,No,No,,No,2026-08-08T09:33:38,2026-08-08T09:34:03
ID000107,Ethan-Hawke,02.jpg,Fake,Yes,,No,No,Yes,,No,2026-08-08T09:34:03,2026-08-08T09:34:15
ID000107,Ethan-Hawke,03.jpg,Fake,No,,No,No,No,,No,2026-08-08T09:34:15,2026-08-08T09:34:24
ID000107,Ethan-Hawke,04.jpg,Fake,No,,No,No,No,,No,2026-08-08T09:34:24,2026-08-08T09:34:37
ID000107,Ethan-Hawke,05.jpg,Fake,Yes,,Yes,Yes,Yes,,Yes,2026-08-08T09:34:37,2026-08-08T09:34:44
ID000072,Christian-Bale,01.jpg,Real,Yes,Yes,Yes,Yes,,,Yes,2026-08-08T09:34:45,2026-08-08T09:34:56
ID000072,Christian-Bale,01.jpg,Fake,Yes,,No,Yes,Yes,,No,2026-08-08T09:34:57,2026-08-08T09:35:07
ID000072,Christian-Bale,02.jpg,Fake,Yes,,Yes,No,Yes,,No,2026-08-08T09:35:07,2026-08-08T09:35:14
ID000072,Christian-Bale,03.jpg,Fake,No,,Yes,Yes,No,,No,2026-08-08T09:35:14,2026-08-08T09:35:27
ID000072,Christian-Bale,04.jpg,Fake,No,,Yes,Yes,No,,No,2026-08-08T09:35:27,2026-08-08T09:35:37
ID000072,Christian-Bale,05.jpg,Fake,Yes,,Yes,Yes,Yes,,Yes,2026-08-08T09:35:37,2026-08-08T09:35:44
ID000029,Antonio-Guterres,01.jpg,Real,Yes,Yes,Yes,Yes,,,Yes,2026-08-08T09:35:46,2026-08-08T09:35:54
ID000029,Antonio-Guterres,02.jpg,Fake,Yes,,Yes,Yes,No,,Yes,2026-08-08T09:35:55,2026-08-08T09:36:06
ID000029,Antonio-Guterres,03.jpg,Fake,Yes,,Yes,Yes,Yes,,Yes,2026-08-08T09:36:06,2026-08-08T09:36:14
ID000029,Antonio-Guterres,04.jpg,Fake,Yes,,No,Yes,Yes,,No,2026-08-08T09:36:14,2026-08-08T09:36:25
ID000088,Diane-Kruger,01.jpg,Real,Yes,Yes,Yes,Yes,,,Yes,2026-08-08T09:36:26,2026-08-08T09:36:34
ID000088,Diane-Kruger,02.jpg,Real,Yes,Yes,Yes,Yes,,,Yes,2026-08-08T09:36:34,2026-08-08T09:36:43
ID000088,Diane-Kruger,01.jpg,Fake,Yes,,No,No,Yes,,No,2026-08-08T09:36:44,2026-08-08T09:36:57
ID000088,Diane-Kruger,02.jpg,Fake,Yes,,Yes,Yes,Yes,,No,2026-08-08T09:36:57,2026-08-08T09:37:04
ID000088,Diane-Kruger,03.jpg,Fake,Yes,,Yes,No,Yes,,No,2026-08-08T09:37:04,2026-08-08T09:37:12
ID000088,Diane-Kruger,04.jpg,Fake,Yes,,Yes,Yes,No,,No,2026-08-08T09:37:12,2026-08-08T09:37:21
ID000088,Diane-Kruger,05.jpg,Fake,Yes,,Yes,Yes,Yes,,Yes,2026-08-08T09:37:21,2026-08-08T09:37:28
ID000088,Diane-Kruger,06.jpg,Fake,Yes,,Yes,Yes,Yes,,No,2026-08-08T09:37:28,2026-08-08T09:37:35
ID000088,Diane-Kruger,07.png,Fake,Yes,,No,No,Yes,,No,2026-08-08T09:37:35,2026-08-08T09:37:45
ID000088,Diane-Kruger,08.png,Fake,Yes,,Yes,Yes,Yes,,Yes,2026-08-08T09:37:45,2026-08-08T09:37:53
ID000105,Engin Altan,01.jpg,Real,Yes,Yes,Yes,No,,,No,2026-08-08T09:38:13,2026-08-08T09:38:21
ID000105,Engin Altan,02.jpg,Real,Yes,Yes,Yes,Yes,,,Yes,2026-08-08T09:38:30,2026-08-08T09:38:32
ID000105,Engin Altan,03.jpg,Real,Yes,Yes,No,Yes,,,No,2026-08-08T09:38:32,2026-08-08T09:38:39
ID000105,Engin Altan,01.jpg,Fake,No,,Yes,Yes,No,,No,2026-08-08T09:38:40,2026-08-08T09:38:48
ID000105,Engin Altan,01.png,Fake,Yes,,Yes,Yes,No,,Yes,2026-08-08T09:38:48,2026-08-08T09:38:57
ID000105,Engin Altan,02.jpg,Fake,No,,Yes,Yes,No,,No,2026-08-08T09:38:57,2026-08-08T09:39:07
ID000027,Antoine-Griezmann,01.jpg,Real,Yes,Yes,Yes,Yes,,,Yes,2026-08-08T09:39:08,2026-08-08T09:39:21
ID000027,Antoine-Griezmann,02.png,Real,Yes,Yes,Yes,Yes,,,Yes,2026-08-08T09:39:21,2026-08-08T09:39:27
ID000027,Antoine-Griezmann,03.jpg,Real,Yes,Yes,Yes,Yes,,,Yes,2026-08-08T09:39:27,2026-08-08T09:39:35
ID000027,Antoine-Griezmann,01.jpg,Fake,Yes,,Yes,Yes,Yes,,Yes,2026-08-08T09:39:36,2026-08-08T09:39:42
ID000027,Antoine-Griezmann,02.jpg,Fake,Yes,,Yes,Yes,Yes,,Yes,2026-08-08T09:39:42,2026-08-08T09:39:49
ID000027,Antoine-Griezmann,03.jpg,Fake,No,,Yes,No,Yes,,No,2026-08-08T09:39:49,2026-08-08T09:39:57
ID000033,Ashton-Kutcher,01.jpg,Real,Yes,Yes,Yes,Yes,,,Yes,2026-08-08T09:39:58,2026-08-08T09:40:04
ID000033,Ashton-Kutcher,02.jpg,Real,Yes,Yes,Yes,Yes,,,Yes,2026-08-08T09:40:04,2026-08-08T09:40:10
ID000033,Ashton-Kutcher,01.jpg,Fake,Yes,,Yes,Yes,No,,No,2026-08-08T09:40:11,2026-08-08T09:40:18
ID000033,Ashton-Kutcher,02.jpg,Fake,Yes,,Yes,Yes,Yes,,Yes,2026-08-08T09:40:18,2026-08-08T09:40:25
ID000104,Emma-Mackey,01.jpg,Real,Yes,Yes,Yes,Yes,,,Yes,2026-08-08T09:40:29,2026-08-08T09:40:40
ID000104,Emma-Mackey,02.jpg,Real,Yes,Yes,Yes,Yes,,,Yes,2026-08-08T09:40:40,2026-08-08T09:40:47
ID000104,Emma-Mackey,01.jpg,Fake,No,,Yes,No,Yes,,No,2026-08-08T09:40:48,2026-08-08T09:40:55
ID000104,Emma-Mackey,02.jpg,Fake,Yes,,Yes,Yes,No,,No,2026-08-08T09:40:55,2026-08-08T09:41:06
ID000104,Emma-Mackey,03.jpg,Fake,No,,Yes,Yes,No,,No,2026-08-08T09:41:06,2026-08-08T09:41:14
ID000104,Emma-Mackey,04.jpg,Fake,Yes,,Yes,Yes,Yes,,No,2026-08-08T09:41:14,2026-08-08T09:41:24
ID000104,Emma-Mackey,05.jpg,Fake,Yes,,Yes,Yes,Yes,,No,2026-08-08T09:41:24,2026-08-08T09:41:32
ID000104,Emma-Mackey,06.png,Fake,Yes,,Yes,Yes,Yes,,Yes,2026-08-08T09:41:32,2026-08-08T09:41:39
ID000094,Dylan-Dreyer,01.jpg,Real,Yes,Yes,Yes,Yes,,,Yes,2026-08-08T09:41:46,2026-08-08T09:41:57
ID000094,Dylan-Dreyer,01.jpg,Fake,Yes,,Yes,Yes,No,,No,2026-08-08T09:41:59,2026-08-08T09:42:09
ID000094,Dylan-Dreyer,images (1).jpg,Fake,Yes,,Yes,Yes,Yes,,Yes,2026-08-08T09:42:09,2026-08-08T09:42:16
ID000094,Dylan-Dreyer,images.jpg,Fake,Yes,,Yes,Yes,Yes,,Yes,2026-08-08T09:42:16,2026-08-08T09:42:23
ID000079,Dan-Aykroyd,01.jpg,Real,Yes,Yes,Yes,Yes,,,Yes,2026-08-08T09:42:27,2026-08-08T09:42:34
ID000079,Dan-Aykroyd,02.jpg,Real,Yes,Yes,Yes,Yes,,,No,2026-08-08T09:42:34,2026-08-08T09:42:41
ID000079,Dan-Aykroyd,01.jpg,Fake,No,,Yes,No,Yes,,No,2026-08-08T09:42:44,2026-08-08T09:42:52
ID000131,Halle-Berry,01.jpg,Real,Yes,Yes,Yes,Yes,,,Yes,2026-08-08T09:42:54,2026-08-08T09:43:02
ID000131,Halle-Berry,02.jpg,Real,Yes,Yes,Yes,Yes,,,Yes,2026-08-08T09:43:02,2026-08-08T09:43:08
ID000131,Halle-Berry,01.jpg,Fake,No,,No,No,Yes,,No,2026-08-08T09:43:09,2026-08-08T09:43:19
ID000131,Halle-Berry,02.jpg,Fake,Yes,,Yes,Yes,Yes,,Yes,2026-08-08T09:43:19,2026-08-08T09:43:28
ID000131,Halle-Berry,03.jpg,Fake,No,,Yes,No,Yes,,No,2026-08-08T09:43:28,2026-08-08T09:43:37
ID000082,Dasun-Shanaka,01.webp,Real,Yes,Yes,Yes,Yes,,,Yes,2026-08-08T09:43:38,2026-08-08T09:43:48
ID000082,Dasun-Shanaka,02.png,Real,Yes,Yes,Yes,Yes,,,Yes,2026-08-08T09:43:48,2026-08-08T09:43:55
ID000082,Dasun-Shanaka,1.png,Fake,Yes,,Yes,Yes,Yes,,Yes,2026-08-08T09:43:56,2026-08-08T09:44:02
ID000091,Dustin-Hoffman,01.jpg,Real,Yes,Yes,Yes,Yes,,,Yes,2026-08-08T09:44:03,2026-08-08T09:44:10
ID000091,Dustin-Hoffman,01.jpg,Fake,No,,Yes,No,Yes,,No,2026-08-08T09:44:11,2026-08-08T09:44:25
ID000091,Dustin-Hoffman,02.jpg,Fake,No,,Yes,Yes,Yes,,No,2026-08-08T09:44:25,2026-08-08T09:44:33
ID000077,Colin-Farrell,01.jpg,Real,Yes,Yes,Yes,Yes,,,Yes,2026-08-08T09:44:34,2026-08-08T09:44:42
ID000077,Colin-Farrell,01.jpg,Fake,Yes,,Yes,Yes,Yes,,Yes,2026-08-08T09:44:42,2026-08-08T09:44:51
ID000077,Colin-Farrell,02.jpg,Fake,Yes,,No,Yes,Yes,,No,2026-08-08T09:44:51,2026-08-08T09:45:01
ID000077,Colin-Farrell,03.png,Fake,No,,Yes,Yes,Yes,,No,2026-08-08T09:45:01,2026-08-08T09:45:13
ID000058,Caleb-Williams,01.png,Real,Yes,Yes,Yes,Yes,,,Yes,2026-08-08T09:45:14,2026-08-08T09:45:23
ID000058,Caleb-Williams,02.jpg,Real,Yes,Yes,No,Yes,,,No,2026-08-08T09:45:23,2026-08-08T09:45:29
ID000058,Caleb-Williams,01.jpg,Fake,Yes,,No,No,No,,No,2026-08-08T09:45:31,2026-08-08T09:45:39
ID000058,Caleb-Williams,02.jpg,Fake,Yes,,Yes,Yes,Yes,,Yes,2026-08-08T09:45:39,2026-08-08T09:45:46
ID000058,Caleb-Williams,03.jpg,Fake,Yes,,Yes,Yes,Yes,,Yes,2026-08-08T09:45:46,2026-08-08T09:45:53
ID000003,Abdel-Fattah-el-Sisi,01.jpg,Real,Yes,Yes,Yes,Yes,,,Yes,2026-08-08T09:45:55,2026-08-08T09:46:02
ID000003,Abdel-Fattah-el-Sisi,01.jpg,Fake,Yes,,Yes,Yes,Yes,,Yes,2026-08-08T09:46:03,2026-08-08T09:46:09
ID000003,Abdel-Fattah-el-Sisi,02.jpg,Fake,Yes,,Yes,Yes,Yes,,No,2026-08-08T09:46:09,2026-08-08T09:46:14
ID000003,Abdel-Fattah-el-Sisi,03.jpg,Fake,Yes,,Yes,Yes,Yes,,No,2026-08-08T09:46:14,2026-08-08T09:46:22
ID000003,Abdel-Fattah-el-Sisi,04.png,Fake,Yes,,Yes,Yes,Yes,,Yes,2026-08-08T09:46:22,2026-08-08T09:46:28
ID000003,Abdel-Fattah-el-Sisi,05.jpg,Fake,Yes,,Yes,Yes,Yes,,Yes,2026-08-08T09:46:28,2026-08-08T09:46:34
ID000054,Bruce-Willis,01.jpg,Real,Yes,Yes,Yes,Yes,,,Yes,2026-08-08T09:46:50,2026-08-08T09:46:58
ID000054,Bruce-Willis,02.jpg,Real,Yes,Yes,No,Yes,,,No,2026-08-08T09:46:58,2026-08-08T09:47:06
ID000054,Bruce-Willis,01.jpg,Fake,No,,No,No,Yes,,No,2026-08-08T09:47:08,2026-08-08T09:47:20
ID000042,Ben-Kingsley,01.jpg,Real,Yes,Yes,Yes,Yes,,,Yes,2026-08-08T09:47:21,2026-08-08T09:47:28
ID000042,Ben-Kingsley,02.jpg,Real,Yes,Yes,Yes,Yes,,,Yes,2026-08-08T09:47:28,2026-08-08T09:47:36
ID000042,Ben-Kingsley,01.jpg,Fake,Yes,,Yes,Yes,Yes,,Yes,2026-08-08T09:47:37,2026-08-08T09:47:43
ID000042,Ben-Kingsley,02.jpg,Fake,Yes,,Yes,Yes,Yes,,Yes,2026-08-08T09:47:43,2026-08-08T09:47:48
ID000060,Cameron-Green,01.jpg,Real,Yes,Yes,Yes,Yes,,,Yes,2026-08-08T09:47:49,2026-08-08T09:47:56
ID000060,Cameron-Green,03.jpg,Fake,No,,Yes,Yes,No,,No,2026-08-08T09:47:58,2026-08-08T09:48:08
ID000060,Cameron-Green,04.jpg,Fake,Yes,,No,No,No,,No,2026-08-08T09:48:08,2026-08-08T09:48:19
ID000124,Glenn-Close,01.jpg,Real,Yes,Yes,Yes,Yes,,,Yes,2026-08-08T09:48:20,2026-08-08T09:48:29
ID000124,Glenn-Close,02.jpg,Real,Yes,Yes,Yes,Yes,,,Yes,2026-08-08T09:48:29,2026-08-08T09:48:35
ID000124,Glenn-Close,03.jpg,Real,Yes,Yes,Yes,No,,,No,2026-08-08T09:48:35,2026-08-08T09:48:51
ID000124,Glenn-Close,01.jpg,Fake,Yes,,Yes,Yes,Yes,,No,2026-08-08T09:48:53,2026-08-08T09:49:10
ID000124,Glenn-Close,02.jpg,Fake,Yes,,Yes,Yes,Yes,,No,2026-08-08T09:49:10,2026-08-08T09:49:22
ID000124,Glenn-Close,03.jpg,Fake,Yes,,Yes,Yes,Yes,,Yes,2026-08-08T09:49:22,2026-08-08T09:49:28
ID000124,Glenn-Close,04.jpg,Fake,Yes,,Yes,Yes,Yes,,Yes,2026-08-08T09:49:28,2026-08-08T09:49:35
ID000124,Glenn-Close,05.png,Fake,No,,Yes,Yes,No,,No,2026-08-08T09:49:35,2026-08-08T09:49:43
ID000013,Alexandria-Ocasio-Cortez,01.jpg,Real,Yes,Yes,Yes,Yes,,,Yes,2026-08-08T09:49:48,2026-08-08T09:49:59
ID000013,Alexandria-Ocasio-Cortez,02.jpg,Real,Yes,Yes,Yes,Yes,,,Yes,2026-08-08T09:49:59,2026-08-08T09:50:05
ID000013,Alexandria-Ocasio-Cortez,1.png,Fake,Yes,,Yes,Yes,Yes,,Yes,2026-08-08T09:50:06,2026-08-08T09:50:14
ID000092,Dwayne-Johnson,01.png,Real,Yes,Yes,Yes,Yes,,,Yes,2026-08-08T09:50:15,2026-08-08T09:50:23
ID000092,Dwayne-Johnson,02.jpg,Real,Yes,Yes,Yes,Yes,,,Yes,2026-08-08T09:50:23,2026-08-08T09:50:30
ID000092,Dwayne-Johnson,02.png,Fake,Yes,,No,No,No,,No,2026-08-08T09:50:31,2026-08-08T09:50:41
ID000092,Dwayne-Johnson,03.jpg,Fake,Yes,,Yes,Yes,No,,Yes,2026-08-08T09:50:41,2026-08-08T09:50:48
ID000092,Dwayne-Johnson,04.jpg,Fake,Yes,,Yes,Yes,Yes,,Yes,2026-08-08T09:50:48,2026-08-08T09:50:57
ID000092,Dwayne-Johnson,05.jpg,Fake,Yes,,Yes,No,Yes,,No,2026-08-08T09:50:57,2026-08-08T09:51:05
ID000053,Brenda-Tau,01.jpg,Real,Yes,Yes,No,No,,,No,2026-08-08T09:51:06,2026-08-08T09:51:17
ID000053,Brenda-Tau,02.jpg,Real,Yes,Yes,Yes,Yes,,,Yes,2026-08-08T09:51:17,2026-08-08T09:51:26
ID000053,Brenda-Tau,01.jpg,Fake,No,,Yes,Yes,Yes,,No,2026-08-08T09:51:27,2026-08-08T09:51:37
ID000166,Jean-Claude-Van-Damme,01.jpg,Real,Yes,Yes,Yes,Yes,,,Yes,2026-08-08T09:51:38,2026-08-08T09:51:45
ID000166,Jean-Claude-Van-Damme,02.jpg,Real,Yes,Yes,Yes,Yes,,,Yes,2026-08-08T09:51:45,2026-08-08T09:51:51
ID000166,Jean-Claude-Van-Damme,03.jpg,Real,Yes,Yes,Yes,Yes,,,Yes,2026-08-08T09:51:51,2026-08-08T09:51:59
ID000166,Jean-Claude-Van-Damme,01.jpg,Fake,Yes,,Yes,Yes,Yes,,Yes,2026-08-08T09:52:00,2026-08-08T09:52:07
ID000068,Chloe-Kim,01.jpg,Real,Yes,Yes,Yes,Yes,,,Yes,2026-08-08T09:52:08,2026-08-08T09:52:17
ID000068,Chloe-Kim,02.png,Real,Yes,Yes,Yes,Yes,,,Yes,2026-08-08T09:52:18,2026-08-08T09:52:25
ID000068,Chloe-Kim,02.png,Fake,Yes,,Yes,No,Yes,,No,2026-08-08T09:52:26,2026-08-08T09:52:35
ID000150,Inde-Navarrette,01.jpg,Real,Yes,Yes,Yes,Yes,,,Yes,2026-08-08T09:52:36,2026-08-08T09:52:47
ID000150,Inde-Navarrette,02.jpg,Real,Yes,Yes,Yes,Yes,,,Yes,2026-08-08T09:52:47,2026-08-08T09:52:53
ID000150,Inde-Navarrette,03.jpg,Real,Yes,Yes,Yes,No,,,No,2026-08-08T09:52:53,2026-08-08T09:53:01
ID000150,Inde-Navarrette,01.jpg,Fake,No,,Yes,Yes,No,,No,2026-08-08T09:53:03,2026-08-08T09:53:14
ID000150,Inde-Navarrette,02.png,Fake,No,,No,No,No,,No,2026-08-08T09:53:14,2026-08-08T09:53:21
ID000150,Inde-Navarrette,03.jpg,Fake,Yes,,Yes,Yes,Yes,,Yes,2026-08-08T09:53:21,2026-08-08T09:53:28
ID000103,Emma-Watson,01.jpg,Real,Yes,Yes,Yes,Yes,,,Yes,2026-08-08T09:53:29,2026-08-08T09:53:38
ID000103,Emma-Watson,02.jpg,Real,Yes,Yes,Yes,Yes,,,Yes,2026-08-08T09:53:38,2026-08-08T09:53:44
ID000103,Emma-Watson,03.jpg,Real,Yes,Yes,Yes,Yes,,,Yes,2026-08-08T09:53:44,2026-08-08T09:53:52
ID000103,Emma-Watson,01.jpg,Fake,Yes,,Yes,Yes,Yes,,No,2026-08-08T09:53:55,2026-08-08T09:54:03
ID000103,Emma-Watson,02.jpg,Fake,No,,No,No,No,,No,2026-08-08T09:54:03,2026-08-08T09:54:11
ID000103,Emma-Watson,02.png,Fake,Yes,,Yes,Yes,Yes,,No,2026-08-08T09:54:11,2026-08-08T09:54:17
ID000103,Emma-Watson,03.jpg,Fake,Yes,,Yes,No,Yes,,No,2026-08-08T09:54:17,2026-08-08T09:54:27
ID000103,Emma-Watson,04.jpg,Fake,Yes,,No,No,No,,No,2026-08-08T09:54:27,2026-08-08T09:54:37
ID000103,Emma-Watson,05.jpg,Fake,Yes,,Yes,Yes,Yes,,No,2026-08-08T09:54:37,2026-08-08T09:54:44
ID000103,Emma-Watson,56.png,Fake,Yes,,Yes,Yes,Yes,,Yes,2026-08-08T09:54:44,2026-08-08T09:54:52
ID000101,Emma-Roberts,01.jpg,Real,Yes,Yes,Yes,Yes,,,Yes,2026-08-08T09:54:55,2026-08-08T09:55:01
ID000101,Emma-Roberts,02.jpg,Real,Yes,Yes,Yes,Yes,,,Yes,2026-08-08T09:55:01,2026-08-08T09:55:10
ID000101,Emma-Roberts,01.jpg,Fake,Yes,,No,No,Yes,,No,2026-08-08T09:55:11,2026-08-08T09:55:20
ID000101,Emma-Roberts,02.jpg,Fake,Yes,,Yes,Yes,Yes,,Yes,2026-08-08T09:55:20,2026-08-08T09:55:27
ID000101,Emma-Roberts,04.jpg,Fake,Yes,,Yes,Yes,Yes,,No,2026-08-08T09:55:27,2026-08-08T09:55:34
ID000101,Emma-Roberts,05.jpg,Fake,Yes,,Yes,Yes,Yes,,Yes,2026-08-08T09:55:34,2026-08-08T09:55:41
ID000032,Ashley-Judd,01.jpg,Real,Yes,Yes,Yes,Yes,,,Yes,2026-08-08T09:55:47,2026-08-08T09:55:54
ID000032,Ashley-Judd,02.jpg,Real,Yes,Yes,Yes,Yes,,,Yes,2026-08-08T09:55:54,2026-08-08T09:56:00
ID000032,Ashley-Judd,02.jpg,Fake,Yes,,Yes,Yes,Yes,,Yes,2026-08-08T09:56:02,2026-08-08T09:56:09
ID000032,Ashley-Judd,03.jpg,Fake,No,,No,No,Yes,,No,2026-08-08T09:56:09,2026-08-08T09:56:16
ID000096,Elizabeth-Banks,01.jpg,Real,Yes,Yes,Yes,Yes,,,Yes,2026-08-08T09:56:17,2026-08-08T09:56:25
ID000096,Elizabeth-Banks,02.jpg,Real,Yes,Yes,Yes,Yes,,,Yes,2026-08-08T09:56:25,2026-08-08T09:56:33
ID000096,Elizabeth-Banks,01.jpg,Fake,Yes,,Yes,No,Yes,,No,2026-08-08T09:56:34,2026-08-08T09:56:44
ID000096,Elizabeth-Banks,02.jpg,Fake,Yes,,Yes,Yes,Yes,,Yes,2026-08-08T09:56:44,2026-08-08T09:56:50
ID000096,Elizabeth-Banks,03.jpg,Fake,No,,Yes,Yes,No,,No,2026-08-08T09:56:50,2026-08-08T09:56:58
ID000096,Elizabeth-Banks,04.jpg,Fake,No,,No,No,No,,No,2026-08-08T09:56:58,2026-08-08T09:57:05
ID000012,Alex-Cooper,01.jpg,Real,Yes,Yes,No,Yes,,,No,2026-08-08T09:57:06,2026-08-08T09:57:18
ID000012,Alex-Cooper,02.jpg,Real,Yes,Yes,Yes,Yes,,,Yes,2026-08-08T09:57:18,2026-08-08T09:57:26
ID000012,Alex-Cooper,03.jpg,Real,Yes,Yes,Yes,Yes,,,Yes,2026-08-08T09:57:26,2026-08-08T09:57:33
ID000012,Alex-Cooper,01.jpg,Fake,No,,Yes,Yes,Yes,,No,2026-08-08T09:57:34,2026-08-08T09:57:43
ID000012,Alex-Cooper,02.png,Fake,Yes,,Yes,Yes,Yes,,Yes,2026-08-08T09:57:43,2026-08-08T09:57:50
