Query_ID,Identity_ID,Name,Image_Type,Search_Query,Rank,Title,Image_URL,Source_Page_URL,Display_Link,Trust_Tier,Score,Face_Count,Face_Box,Face_Area_Ratio
Q000001,ID000001,Aaron Judge,Real,Aaron Judge,1,Aaron Judge - Wikipedia,https://upload.wikimedia.org/wikipedia/commons/thumb/b/b1/Aaron_Judge_posing_with_Donald_Trump_2025-09-11_%28cropped%29.jpg/960px-Aaron_Judge_posing_with_Donald_Trump_2025-09-11_%28cropped%29.jpg,https://en.wikipedia.org/wiki/Aaron_Judge,en.wikipedia.org,tier2,nan,1,"(279.8445739746094, 229.17437744140625, 722.6011352539062, 772.3198852539062)",0.18048
Q000002,ID000001,Aaron Judge,Fake,Aaron Judge AI generated,2,"Judge Aaron - Aaron Judge in Colonial Portrait, Detailed Con...",https://creator.nightcafe.studio/jobs/cM1SDor7qd5nyMauUuBr/cM1SDor7qd5nyMauUuBr--3--lvyfi.jpg,https://creator.nightcafe.studio/creation/cM1SDor7qd5nyMauUuBr,creator.nightcafe.studio,nan,5.0,1,"(188.64349365234375, 8.580351829528809, 269.6448059082031, 116.84644317626953)",0.03345
Q000003,ID000001,Aaron Judge,Fake,Aaron Judge deepfake,26,Courts face growing threat from AI-generated deepfakes as experts warn  safeguards lag,https://abcnews4.com/resources/media2/16x9/778/800/0x75/80/c912859a-535a-4e61-a18a-5379f8b938a8-Screenshot20251218160300.png,https://abcnews4.com/news/nation-world/courts-face-growing-threat-from-ai-generated-deepfakes-as-experts-warn-safeguards-lag-california-evidence-law-judges-plaintiffs-testimony-security,abcnews4.com,nan,5.0,1,"(251.0044708251953, 45.083065032958984, 509.9579772949219, 364.7614440917969)",0.22995
Q000003,ID000001,Aaron Judge,Fake,Aaron Judge deepfake,48,A California judge opens the door to election deepfakes - POLITICO,https://static.politico.com/64/85/2d4a6f714c98982e2d163be57839/california-budget-21711.jpg,https://www.politico.com/newsletters/digital-future-daily/2025/08/07/a-california-judge-opens-the-door-to-election-deepfakes-00498484,www.politico.com,nan,5.0,1,"(1529.6851806640625, 341.4664001464844, 2124.690673828125, 1209.9588623046875)",0.03415
Q000009,ID000002,Abbie Cornish,Real,Abbie Cornish,4,Abbie Cornish - Wikipedia,https://upload.wikimedia.org/wikipedia/commons/thumb/8/8d/Abbie_Cornish_by_Gage_Skidmore.jpg/250px-Abbie_Cornish_by_Gage_Skidmore.jpg,https://en.wikipedia.org/wiki/Abbie_Cornish,en.wikipedia.org,tier2,nan,1,"(65.2231216430664, 40.68686294555664, 155.0825653076172, 157.07388305664062)",0.14526
Q000010,ID000002,Abbie Cornish,Fake,Abbie Cornish AI generated,1,Sequin-Clad Abbie Cornish | Stable Diffusion 在线,https://imgcdn.stablediffusionweb.com/2024/4/6/f5ca2437-41f0-4bd8-81bb-da14b44d1e5f.jpg,https://stablediffusionweb.com/zh-cn/image/4780964-sequin-clad-abbie-cornish,stablediffusionweb.com,nan,7.0,1,"(368.8860168457031, 228.35801696777344, 649.6776123046875, 617.0070190429688)",0.10407
Q000012,ID000002,Abbie Cornish,Fake,Abbie Cornish AI image,3,"Rugged Abbie Cornish Acrylic Portrait, Brian Mahon Style | Stable Diffusion  Online",https://imgcdn.stablediffusionweb.com/2024/3/19/c7b680bc-0002-41c7-ace1-174c619019eb.jpg,https://stablediffusionweb.com/image/3391505-rugged-abbie-cornish-acrylic-portrait-brian-mahon-style,stablediffusionweb.com,nan,7.0,1,"(317.1292724609375, 206.07119750976562, 663.24365234375, 672.7774047851562)",0.15405
Q000017,ID000003,Abdel-Fattah-el-Sisi,Real,Abdel-Fattah-el-Sisi,1,Abdel Fattah el-Sisi - Wikipedia,https://upload.wikimedia.org/wikipedia/commons/8/85/AbdelFattah_Elsisi_%28cropped%29.jpg,https://en.wikipedia.org/wiki/Abdel_Fattah_el-Sisi,en.wikipedia.org,tier2,nan,1,"(218.48109436035156, 109.96745300292969, 433.67523193359375, 408.88427734375)",0.10339
Q000018,ID000003,Abdel-Fattah-el-Sisi,Fake,Abdel-Fattah-el-Sisi AI generated,1,abdel fattah el sisi president of egypt Prompts | Stable Diffusion Online,https://imgcdn.stablediffusionweb.com/2024/11/28/5705fb96-0d89-47ae-a15e-d83ff77fe957.jpg,https://stablediffusionweb.com/prompts/abdel-fattah-el-sisi-president-of-egypt,stablediffusionweb.com,nan,7.0,1,"(232.67726135253906, 125.46394348144531, 707.454833984375, 777.6505126953125)",0.2953
Q000022,ID000003,Abdel-Fattah-el-Sisi,Fake,Abdel-Fattah-el-Sisi synthetic face,49,Abdel Fattah El Sisi with Mustache | Stable Diffusion Online,https://imgcdn.stablediffusionweb.com/2024/12/1/6eb94493-9ee0-4fe1-b067-fe8f000db72c.jpg,https://stablediffusionweb.com/image/24185585-abdel-fattah-el-sisi-with-mustache,stablediffusionweb.com,nan,7.0,1,"(246.15261840820312, 130.6809844970703, 691.6478881835938, 778.566162109375)",0.27526
Q000024,ID000003,Abdel-Fattah-el-Sisi,Fake,Abdel-Fattah-el-Sisi Midjourney,39,abdel fattah al sisi Prompts | Stable Diffusion Online,https://imgcdn.stablediffusionweb.com/2024/5/25/6c651a04-d2a1-436d-a5a5-a56557dd66c3.jpg,https://stablediffusionweb.com/prompts/abdel-fattah-al-sisi,stablediffusionweb.com,nan,7.0,1,"(480.63104248046875, 71.0663833618164, 686.13525390625, 360.0194396972656)",0.05663
Q000025,ID000004,Abdulnasser-Bin-Kalban,Real,Abdulnasser-Bin-Kalban,1,Abdulnasser Bin Kalban | EGA America,https://www.egaamerica.com/media/ud0jnt35/abdulnasser-bin-kalban.jpg?width=750&height=450&v=1db87baa31dd630,https://www.egaamerica.com/en/about-us/leadership/abdulnasser-bin-kalban,www.egaamerica.com,tier2,nan,1,"(301.15850830078125, 103.85154724121094, 448.7287292480469, 296.2503662109375)",0.08413
Q000025,ID000004,Abdulnasser-Bin-Kalban,Real,Abdulnasser-Bin-Kalban,2,Abdulnasser Bin Kalban - Top 100 CEOs 2023 in the Middle East- Forbes Lists,https://forbesme-prestaging-media.s3.us-east-2.amazonaws.com/lists/uploads/2024/01/03074718/22-Abdulnasser-Bin-Kalban-2-1.jpg,https://www.forbesmiddleeast.com/lists/top-100-ceos-2023/abdulnasser-bin-kalban/,www.forbesmiddleeast.com,tier2,nan,1,"(730.7328491210938, 282.2964782714844, 1324.64990234375, 1019.485107421875)",0.11123
Q000025,ID000004,Abdulnasser-Bin-Kalban,Real,Abdulnasser-Bin-Kalban,3,Abdulnasser Bin Kalban | EGA,https://www.ega.ae/media/yegiyriq/abdulnasser.png?width=1200&height=600&bgcolor=white,https://www.ega.ae/en/about-us/our-leadership/abdulnasser-bin-kalban,www.ega.ae,tier2,nan,1,"(363.4215393066406, -407.67218017578125, 862.4691162109375, 332.818115234375)",0.51325
Q000031,ID000004,Abdulnasser-Bin-Kalban,Fake,Abdulnasser-Bin-Kalban Stable Diffusion,19,The Man behind Stable Diffusion,https://i.ytimg.com/vi/YQ2QtKcK2dA/maxresdefault.jpg,https://www.youtube.com/watch?v=YQ2QtKcK2dA,www.youtube.com,nan,3.0,1,"(920.3364868164062, 160.7266082763672, 1218.017578125, 565.9780883789062)",0.1309
Q000031,ID000004,Abdulnasser-Bin-Kalban,Fake,Abdulnasser-Bin-Kalban Stable Diffusion,27,Stable Diffusion & Friends: High-Resolution Image Synthesis via Two-Stage  Generative Models - YouTube,https://i.ytimg.com/vi/iNeauvp3JU0/sddefault.jpg,https://www.youtube.com/watch?v=iNeauvp3JU0,www.youtube.com,nan,3.0,1,"(412.25689697265625, 173.9767608642578, 544.8535766601562, 348.2413330078125)",0.07522
Q000033,ID000005,Adam Sandler,Real,Adam Sandler,1,Adam Sandler - Wikipedia,https://upload.wikimedia.org/wikipedia/commons/thumb/1/1f/Jackie_Sandler_Adam_Sandler_Jay_Kelly-36_%283x4%29.jpg/960px-Jackie_Sandler_Adam_Sandler_Jay_Kelly-36_%283x4%29.jpg,https://en.wikipedia.org/wiki/Adam_Sandler,en.wikipedia.org,tier2,nan,1,"(129.1046905517578, 250.43455505371094, 647.983154296875, 1007.9873046875)",0.29101
Q000033,ID000005,Adam Sandler,Real,Adam Sandler,2,"Adam Sandler - Movies, Wife & Age",https://hips.hearstapps.com/hmg-prod/images/adam-sandler-gettyimages-481511486.jpg,https://www.biography.com/actors/adam-sandler,www.biography.com,tier2,nan,1,"(329.9271240234375, 190.3850555419922, 654.4459228515625, 666.0717163085938)",0.13559
Q000034,ID000005,Adam Sandler,Fake,Adam Sandler AI generated,1,Adam Sandler Portrait in Artstation Style - AI Art,https://creator.nightcafe.studio/jobs/BL3lDu7s7leIUc8gmhjm/BL3lDu7s7leIUc8gmhjm--1--rrgfi.jpg,https://creator.nightcafe.studio/creation/BL3lDu7s7leIUc8gmhjm,creator.nightcafe.studio,nan,8.0,1,"(367.61138916015625, 148.3626708984375, 721.890625, 697.7227172851562)",0.18561
Q000034,ID000005,Adam Sandler,Fake,Adam Sandler AI generated,2,AI Generated Adamsandler Photos and Artwork | Deep Dream Generator,https://d1joui61864gj3.cloudfront.net/2176838/md_wxfo67_62c6c5e3d1ca5610711ccf58423da75157882d02.jpg,https://deepdreamgenerator.com/tags/adamsandler,deepdreamgenerator.com,nan,3.0,1,"(290.52789306640625, 193.9752197265625, 518.9004516601562, 512.0630493164062)",0.0908
Q000035,ID000005,Adam Sandler,Fake,Adam Sandler deepfake,1,Adam Sandler Becomes the Bear Jew in Must-See Inglourious Basterds Deepfake,https://img.pastemagazine.com/wp-content/uploads/2022/06/20185458/AdamSandlerDeepfake-Header1.jpg,https://www.pastemagazine.com/article/adam-sandler-inglourious-basterds-deepfake,www.pastemagazine.com,nan,7.0,1,"(256.8755187988281, 41.620018005371094, 346.46746826171875, 157.7464599609375)",0.04617
Q000037,ID000005,Adam Sandler,Fake,Adam Sandler viral deepfake,46,Scarlett Johansson warns of dangers of AI after Kanye West deepfake goes  viral | AI (artificial intelligence) | The Guardian,https://i.guim.co.uk/img/media/d3ad4cf8061803a61b207140448d89bb66550630/0_39_5371_3223/master/5371.jpg?width=1200&height=1200&quality=85&auto=format&fit=crop&s=283964583a1fac0edaaf5d13a00859be,https://www.theguardian.com/technology/2025/feb/13/scarlett-johansson-ai-kanye-west-deepfake,www.theguardian.com,nan,5.0,1,"(348.8182067871094, 150.63552856445312, 728.5440673828125, 642.5545654296875)",0.12972
Q000037,ID000005,Adam Sandler,Fake,Adam Sandler viral deepfake,14,Adam Sandler goes on vacation [Deepfake] - YouTube,https://i.ytimg.com/vi/UFtKTd6kiL8/sddefault.jpg,https://www.youtube.com/watch?v=UFtKTd6kiL8,www.youtube.com,nan,3.0,1,"(156.10939025878906, 79.05842590332031, 317.5795593261719, 286.66436767578125)",0.10912
Q000041,ID000006,Agatha-moreira,Real,Agatha-moreira,1,Agatha Moreira - Wikipedia,https://upload.wikimedia.org/wikipedia/commons/d/d3/AgathaMoreira.jpg,https://en.wikipedia.org/wiki/Agatha_Moreira,en.wikipedia.org,tier2,nan,1,"(136.3432159423828, 63.09874725341797, 264.7879943847656, 246.64894104003906)",0.22379
Q000041,ID000006,Agatha-moreira,Real,Agatha-moreira,2,Agatha Moreira - IMDb,https://m.media-amazon.com/images/M/MV5BNjY5MjE4ZWEtYjQyNC00NzRhLTljNzgtYWQ1YjExMDYyOGRkXkEyXkFqcGc@._V1_.jpg,https://www.imdb.com/name/nm5221342/,www.imdb.com,tier2,nan,1,"(260.025390625, 143.0577850341797, 685.3949584960938, 706.3976440429688)",0.26329
Q000041,ID000006,Agatha-moreira,Real,Agatha-moreira,6,Agatha Moreira (Creator) - TV Tropes,https://mediaproxy.tvtropes.org/width/1200/https://static.tvtropes.org/pmwiki/pub/images/1000065593_9.jpg,https://tvtropes.org/pmwiki/pmwiki.php/Creator/AgathaMoreira,tvtropes.org,tier2,nan,1,"(378.18792724609375, 173.79702758789062, 739.4784545898438, 664.9308471679688)",0.09858
Q000043,ID000006,Agatha-moreira,Fake,Agatha-moreira deepfake,19,Did the BBC make an Agatha Christie deepfake? | Mashable,https://helios-i.mashable.com/imagery/articles/03vDnXOZozm2rDiNjQFTuOp/hero-image.fill.size_1248x702.v1746134069.jpg,https://mashable.com/article/agatha-christie-artificial-intelligence-deepfake-controversy-bbc-maestro,mashable.com,nan,5.0,1,"(706.2830200195312, 94.6928482055664, 853.4816284179688, 302.0845031738281)",0.03485
Q000043,ID000006,Agatha-moreira,Fake,Agatha-moreira deepfake,42,Did the BBC make an Agatha Christie deepfake? | Mashable,https://helios-i.mashable.com/imagery/authors/01B50WYJv6qIekM8haNgEad/image.fill.size_1406x1406.v1744924400.jpg,https://mashable.com/article/agatha-christie-artificial-intelligence-deepfake-controversy-bbc-maestro,mashable.com,nan,5.0,1,"(379.1148681640625, 240.32798767089844, 998.5900268554688, 1022.4340209960938)",0.24509
Q000057,ID000008,Aishwarya-Rai,Real,Aishwarya-Rai,1,Aishwarya Rai - Wikipedia,https://upload.wikimedia.org/wikipedia/commons/3/3a/Aishwarya_Rai_Cannes_2017.jpg,https://en.wikipedia.org/wiki/Aishwarya_Rai,en.wikipedia.org,tier2,nan,1,"(207.5723419189453, 104.9210205078125, 376.85687255859375, 318.5902404785156)",0.07988
Q000057,ID000008,Aishwarya-Rai,Real,Aishwarya-Rai,2,Aishwarya Rai - Wikipedia,https://upload.wikimedia.org/wikipedia/commons/thumb/9/9b/AishwaryaRai.jpg/250px-AishwaryaRai.jpg,https://en.wikipedia.org/wiki/Aishwarya_Rai,en.wikipedia.org,tier2,nan,1,"(66.5995864868164, 44.49598693847656, 176.81143188476562, 186.65032958984375)",0.16028
Q000058,ID000008,Aishwarya-Rai,Fake,Aishwarya-Rai AI generated,2,Actress aishwarya rai - Aishwarya Rai Portrait in Hyperdetai...,https://creator.nightcafe.studio/jobs/ixbnMsPKcXquhIbxUVcn/ixbnMsPKcXquhIbxUVcn--2--purt8.jpg,https://creator.nightcafe.studio/creation/QzIxQw9E8nQR8bvDYtMu,creator.nightcafe.studio,nan,8.0,1,"(171.5077667236328, -7.188299179077148, 268.51544189453125, 120.0979232788086)",0.05383
Q000058,ID000008,Aishwarya-Rai,Fake,Aishwarya-Rai AI generated,7,Actress aishwarya rai - Aishwarya Rai Portrait in Hyperdetai...,https://creator.nightcafe.studio/jobs/ixbnMsPKcXquhIbxUVcn/ixbnMsPKcXquhIbxUVcn--3--mo7sy.jpg,https://creator.nightcafe.studio/creation/LbTbKZznxfrX2PoRrVtm,creator.nightcafe.studio,nan,8.0,1,"(178.49478149414062, 2.1761655807495117, 270.22149658203125, 110.37431335449219)",0.04327
Q000058,ID000008,Aishwarya-Rai,Fake,Aishwarya-Rai AI generated,44,Aishwarya Rai Bikini Portrait in Studio Lighting - AI Art,https://creator.nightcafe.studio/jobs/z3Py3JZxE5oAXEohGUXj/z3Py3JZxE5oAXEohGUXj--1--d16le.jpg,https://creator.nightcafe.studio/creation/z3Py3JZxE5oAXEohGUXj,creator.nightcafe.studio,nan,8.0,1,"(177.64952087402344, 87.31780242919922, 333.9515380859375, 302.0883483886719)",0.12806
Q000065,ID000009,Albert-Eienstain,Real,Albert-Eienstain,2,Albert Einstein - Wikipedia,https://upload.wikimedia.org/wikipedia/commons/thumb/4/46/Albert_Einstein_sticks_his_tongue.jpg/250px-Albert_Einstein_sticks_his_tongue.jpg,https://en.wikipedia.org/wiki/Albert_Einstein,en.wikipedia.org,tier2,nan,1,"(52.22639465332031, 79.00239562988281, 184.98341369628906, 259.1599426269531)",0.2999
Q000065,ID000009,Albert-Eienstain,Real,Albert-Eienstain,3,"Albert Einstein | Biography, Relativity, Education, Discoveries, & Facts |  Britannica",https://cdn.britannica.com/09/75509-050-86D8CBBF/Albert-Einstein.jpg,https://www.britannica.com/biography/Albert-Einstein,www.britannica.com,tier2,nan,1,"(286.6681213378906, 280.4101867675781, 616.7943725585938, 710.221435546875)",0.08219
Q000066,ID000009,Albert-Eienstain,Fake,Albert-Eienstain AI generated,43,Hyperrealistic 3D Model of Albert Einstein - AI Art,"https://images.nightcafe.studio/ik-seo/jobs/JchVo9Yx7Oh9nyH6J3uX/JchVo9Yx7Oh9nyH6J3uX--1--6l1d3_4x/albert-einstein-hyper-realistic-cinematic-3d-model.jpg?tr=w-1600,c-at_max",https://creator.nightcafe.studio/creation/JchVo9Yx7Oh9nyH6J3uX,creator.nightcafe.studio,nan,8.0,1,"(515.3295288085938, 389.6552734375, 1045.8807373046875, 1181.2342529296875)",0.16405
Q000066,ID000009,Albert-Eienstain,Fake,Albert-Eienstain AI generated,2,"Download Ai Generated, Albert Einstein, Science. Royalty-Free Stock  Illustration Image - Pixabay",https://cdn.pixabay.com/photo/2023/09/30/17/30/ai-generated-8286112_1280.jpg,https://pixabay.com/illustrations/ai-generated-albert-einstein-science-8286112/,pixabay.com,nan,7.0,1,"(582.7210083007812, 146.46469116210938, 784.8532104492188, 439.4949035644531)",0.064
Q000066,ID000009,Albert-Eienstain,Fake,Albert-Eienstain AI generated,3,"Download Ai Generated, Einstein, Albert Einstein. Royalty-Free Stock  Illustration Image - Pixabay",https://cdn.pixabay.com/photo/2024/06/06/16/53/ai-generated-8813119_1280.jpg,https://pixabay.com/illustrations/ai-generated-einstein-8813119/,pixabay.com,nan,7.0,1,"(436.270751953125, 117.24046325683594, 924.3975219726562, 775.13134765625)",0.26134
Q000069,ID000009,Albert-Eienstain,Fake,Albert-Eienstain viral deepfake,2,TikTok-linked AI project creates deepfake video from single image,https://i.ytimg.com/vi/4GRyt0GIcl4/maxresdefault.jpg,https://nypost.com/2025/02/06/tech/tiktok-linked-ai-project-creates-deepfake-video-from-single-image/,nypost.com,nan,5.0,1,"(641.8019409179688, 180.9808349609375, 822.0949096679688, 433.2188415527344)",0.04935
Q000073,ID000010,Alec Baldwin,Real,Alec Baldwin,1,Alec Baldwin - IMDb,https://m.media-amazon.com/images/M/MV5BMjE1Njg4MzY3M15BMl5BanBnXkFtZTcwNTY3MjE3NA@@._V1_.jpg,https://www.imdb.com/name/nm0000285/,www.imdb.com,tier2,nan,1,"(328.19952392578125, 402.20452880859375, 1022.5362548828125, 1291.846923828125)",0.2208
Q000073,ID000010,Alec Baldwin,Real,Alec Baldwin,3,Alec Baldwin - Guild Hall,https://www.guildhall.org/wp-content/uploads/2018/06/Alec-Baldwin.jpg,https://www.guildhall.org/people/alec-baldwin/,www.guildhall.org,tier2,nan,1,"(363.5428771972656, 176.25567626953125, 695.1315307617188, 627.912841796875)",0.14489
Q000073,ID000010,Alec Baldwin,Real,Alec Baldwin,5,Alec Baldwin: The Hunk From 'Hunt',https://www.rollingstone.com/wp-content/uploads/2018/06/rs-183281-52181599.jpg?w=1581&h=1054&crop=1,https://www.rollingstone.com/tv-movies/tv-movie-news/alec-baldwin-the-hunk-from-hunt-240924/2/,www.rollingstone.com,tier2,nan,1,"(488.7325439453125, 105.85465240478516, 1038.02734375, 835.6973266601562)",0.24058
Q000075,ID000010,Alec Baldwin,Fake,Alec Baldwin deepfake,23,Deepfake' AI Trump impersonator highlights election fake news threat,https://image.cnbcfm.com/api/v1/image/104121087-GettyImages-621447404.jpg?v=1729097332&w=1920&h=1080,https://www.cnbc.com/2018/12/07/deepfake-ai-trump-impersonator-highlights-election-fake-news-threat.html,www.cnbc.com,nan,5.0,1,"(757.015869140625, 47.56999206542969, 1114.9632568359375, 565.8705444335938)",0.08947
Q000076,ID000010,Alec Baldwin,Fake,Alec Baldwin AI image,5,Alec Baldwin Wielding a Crossbow | Stable Diffusion Online,https://imgcdn.stablediffusionweb.com/2024/3/22/7fdc7efd-ebb6-4784-92a6-7dc2ba79b0a7.jpg,https://stablediffusionweb.com/image/3623541-alec-baldwin-wielding-a-crossbow,stablediffusionweb.com,nan,7.0,1,"(450.90447998046875, 158.39295959472656, 689.7482299804688, 470.6626892089844)",0.07113
Q000081,ID000011,Alessandro,Real,Alessandro,4,Alessandro Volta - Wikipedia,https://upload.wikimedia.org/wikipedia/commons/5/52/Alessandro_Volta.jpeg,https://en.wikipedia.org/wiki/Alessandro_Volta,en.wikipedia.org,tier2,nan,1,"(131.80723571777344, 51.769222259521484, 222.48060607910156, 187.97642517089844)",0.06597
Q000086,ID000011,Alessandro,Fake,Alessandro synthetic face,12,Synthetic Intelligence - with Zdenka Kuncic,https://i.ytimg.com/vi/c3EVUogQr6k/maxresdefault.jpg,https://www.youtube.com/watch?v=c3EVUogQr6k,www.youtube.com,nan,3.0,1,"(733.9369506835938, 168.9607391357422, 996.7335205078125, 524.8804321289062)",0.10149
Q000093,ID000012,Alex-Cooper,Fake,Alex-Cooper viral deepfake,43,"In A New Era Of Deepfakes, AI Makes Real News Anchors Report Fake Stories",https://imageio.forbes.com/specials-images/imageserve/65273b70315bc4a553daff29//0x0.jpg?format=jpg&height=1080&width=1080,https://www.forbes.com/sites/alexandralevine/2023/10/12/in-a-new-era-of-deepfakes-ai-makes-real-news-anchors-report-fake-stories/,www.forbes.com,nan,5.0,1,"(567.7755737304688, 171.287841796875, 751.9706420898438, 418.3930358886719)",0.03902
Q000097,ID000013,Alexandria Ocasio-Cortez,Real,Alexandria Ocasio-Cortez,2,Alexandria Ocasio-Cortez on the 2020 Presidential Race and Trump's Crisis  at the Border | The New Yorker,https://media.newyorker.com/photos/5d25f1f6c107e5000918e49d/master/w_2560%2Cc_limit/TNY-AOC.jpg,https://www.newyorker.com/news/the-new-yorker-interview/alexandria-ocasio-cortez-on-the-2020-presidential-race-and-trumps-crisis-at-the-border,www.newyorker.com,tier2,nan,1,"(1264.55712890625, 191.19052124023438, 1630.9337158203125, 694.5992431640625)",0.03918
Q000097,ID000013,Alexandria Ocasio-Cortez,Real,Alexandria Ocasio-Cortez,4,Alexandria Ocasio-Cortez Is Under Investigation By House Ethics Committee,https://imageio.forbes.com/specials-images/imageserve/6390e4838d918ea530d22210/The-2021-Met-Gala-Celebrating-In-America--A-Lexicon-Of-Fashion---Street-Sightings/1960x0.jpg?format=jpg&width=960,https://www.forbes.com/sites/zacheverson/2022/12/07/alexandria-ocasio-cortez-is-under-investigation-by-house-ethics-committee/,www.forbes.com,tier2,nan,1,"(349.6416015625, 89.6111068725586, 561.693359375, 378.39556884765625)",0.07443
Q000098,ID000013,Alexandria Ocasio-Cortez,Fake,Alexandria Ocasio-Cortez AI generated,2,AOC's Personal Experience With Deepfake AI Porn Inspired Her To Act,https://www.rollingstone.com/wp-content/uploads/2024/04/A3-crop.jpg,https://www.rollingstone.com/culture/culture-features/aoc-deepfake-ai-porn-personal-experience-defiance-act-1234998491/,www.rollingstone.com,nan,5.0,1,"(269.62591552734375, 370.8677978515625, 1608.53662109375, 2037.0579833984375)",0.55344
Q000099,ID000013,Alexandria Ocasio-Cortez,Fake,Alexandria Ocasio-Cortez deepfake,2,Scoop: Momentum builds for AI deepfake bills,https://images.axios.com/1TFGyU2nmo-5MrQxOXvvVA-fKbU=/0x0:4758x2676/1920x1080/2025/05/20/1747756379487.jpg,https://www.axios.com/pro/tech-policy/2025/05/20/ai-deepfake-bill-momentum,www.axios.com,nan,5.0,1,"(659.3641967773438, 153.92507934570312, 1127.385498046875, 769.1031494140625)",0.13885
Q000099,ID000013,Alexandria Ocasio-Cortez,Fake,Alexandria Ocasio-Cortez deepfake,3,AOC facing trauma over 'deepfake' porn depicting her: 'Digitizing violent  humiliation',https://katu.com/resources/media2/16x9/full/1174/center/80/6c493a33-7855-41ac-afc4-aef1383080f9-large16x9_Alexandriaocasiocortez.JPG,https://katu.com/news/nation-world/aoc-facing-trauma-over-deepfake-porn-depicting-her-digitizing-violent-humiliation-alexandria-ocasio-cortez-d-ny-new-york-squad-sexual-assault-violence-adult-content-pornography,katu.com,nan,5.0,1,"(349.2886962890625, 21.715843200683594, 630.7265014648438, 380.40875244140625)",0.13028
Q000105,ID000014,Alia-Butt,Real,Alia-Butt,1,Alia Bhatt - Wikipedia,https://upload.wikimedia.org/wikipedia/commons/thumb/5/54/Alia_Bhatt_at_the_Filmfare_OTT_Awards_2025_%28Upscaled%29.jpg/250px-Alia_Bhatt_at_the_Filmfare_OTT_Awards_2025_%28Upscaled%29.jpg,https://en.wikipedia.org/wiki/Alia_Bhatt,en.wikipedia.org,tier2,nan,1,"(78.2640151977539, 58.732147216796875, 160.94595336914062, 170.7101593017578)",0.094
Q000105,ID000014,Alia-Butt,Real,Alia-Butt,2,Alia Bhatt - Wikipedia,https://upload.wikimedia.org/wikipedia/commons/thumb/a/ae/Alia_Bhatt_2016.jpg/250px-Alia_Bhatt_2016.jpg,https://en.wikipedia.org/wiki/Alia_Bhatt,en.wikipedia.org,tier2,nan,1,"(86.68907928466797, 44.72938919067383, 183.27597045898438, 174.45921325683594)",0.14444
Q000105,ID000014,Alia-Butt,Real,Alia-Butt,3,Alia Bhatt - IMDb,https://m.media-amazon.com/images/M/MV5BNTQ2MDBlMzYtMGQxYy00NzUwLTlkYTUtNDkzOWM0ZDJmYjQyXkEyXkFqcGc@._V1_.jpg,https://www.imdb.com/name/nm1017633/,www.imdb.com,tier2,nan,1,"(1952.1744384765625, 514.3763427734375, 2933.336669921875, 1853.358154296875)",0.08141
Q000107,ID000014,Alia-Butt,Fake,Alia-Butt deepfake,21,"रश्मिका-कटरीना के बाद Deepfake का शिकार हुईं आलिया भट्ट, बोल्ड वीडियो देख  भड़के लोग - Alia bhatt deepfake bold video goes viral rashmika mandanna  katrina kaif kajol sara tendulkar also became ...",https://cf-img-a-in.tosshub.com/sites/visualstory/wp/2023/11/alia-deepfake.png?size=*:900,https://www.aajtak.in/visualstories/entertainment/alia-bhatt-deepfake-bold-video-goes-viral-rashmika-mandanna-katrina-kaif-kajol-sara-tendulkar-also-became-victim-tmovf-78405-27-11-2023,www.aajtak.in,nan,7.0,1,"(142.28062438964844, 209.59585571289062, 288.6253967285156, 389.1736755371094)",0.04695
Q000108,ID000014,Alia-Butt,Fake,Alia-Butt AI image,50,Alia Bhatt Portrait | Stable Diffusion Online,https://imgcdn.stablediffusionweb.com/2024/12/15/51d53141-1f7c-4d48-ac07-264221d2856d.jpg,https://stablediffusionweb.com/image/25547879-alia-bhatt-portrait,stablediffusionweb.com,nan,7.0,1,"(380.3646545410156, 106.17633056640625, 744.7291259765625, 622.8314208984375)",0.17953
Q000109,ID000014,Alia-Butt,Fake,Alia-Butt viral deepfake,30,"Alia Bhatt falls prey to deepfake, obscene video sparks concerns over the  use of AI | Hindi Movie News - The Times of India","https://static.toiimg.com/thumb/msid-105519158,imgsize-28618,width-400,resizemode-4/alia-deepfake.jpg",https://timesofindia.indiatimes.com/entertainment/hindi/bollywood/news/alia-bhatt-falls-prey-to-deepfake-obscene-video-sparks-concerns-over-the-use-of-ai/articleshow/105519162.cms,timesofindia.indiatimes.com,nan,7.0,1,"(152.86260986328125, 31.145503997802734, 217.41604614257812, 116.14750671386719)",0.06097
Q000113,ID000015,Alina-Amir,Real,Alina-Amir,10,Alina Amir | The Black List,https://files.blcklst.com/member_avatars/150743.jpg?v=1728604108,https://blcklst.com/profile/alina-amir,blcklst.com,tier2,nan,1,"(431.8192138671875, 150.66940307617188, 587.6024169921875, 378.4106750488281)",0.03548
Q000113,ID000015,Alina-Amir,Real,Alina-Amir,13,Alina Amir | Tatler Asia,https://cdn.tatlerasia.com/tatlerasia/i/2021/11/19172815-alina-amir-by-khairul-imran-0521-10_cover_1350x1800.jpg,https://www.tatlerasia.com/people/alina-amir,www.tatlerasia.com,tier2,nan,1,"(435.3385925292969, 54.095298767089844, 858.8233642578125, 663.602294921875)",0.10622
Q000114,ID000015,Alina-Amir,Fake,Alina-Amir AI generated,20,Alina Amir Breaks Silence on Deepfake Video | DESIblitz,https://www.desiblitz.com/wp-content/uploads/2026/01/Alina-Amir-Breaks-Silence-on-Deepfake-Video.jpg,https://www.desiblitz.com/content/alina-amir-breaks-silence-on-deepfake-video,www.desiblitz.com,nan,7.0,1,"(261.3642883300781, 51.48038101196289, 377.5431823730469, 201.78591918945312)",0.07587
Q000114,ID000015,Alina-Amir,Fake,Alina-Amir AI generated,50,TikToker Alina Amir breaks silence on AI-generated deepfake video | 24NewsHD,https://www.24newshd.tv/digital_images/large/2026-01-26/tiktoker-alina-amir-breaks-silence-ai-generated-deepfake-video-1769406143-9168.png,https://www.24newshd.tv/26-Jan-2026/tiktoker-alina-amir-breaks-silence-ai-generated-deepfake-video,www.24newshd.tv,nan,7.0,1,"(162.7171630859375, 47.30528259277344, 294.57366943359375, 220.12881469726562)",0.0715
Q000115,ID000015,Alina-Amir,Fake,Alina-Amir deepfake,47,TikToker Alina Amir breaks silence on AI-generated deepfake video | 24NewsHD,https://www.24newshd.tv/digital_images/large/2026-01-26/tiktoker-alina-amir-breaks-silence-ai-generated-deepfake-video-1769406143-3355.png,https://www.24newshd.tv/26-Jan-2026/tiktoker-alina-amir-breaks-silence-ai-generated-deepfake-video,www.24newshd.tv,nan,7.0,1,"(176.06507873535156, 78.66126251220703, 305.9229736328125, 246.2471466064453)",0.07246
Q000121,ID000016,Alix-Earle,Real,Alix-Earle,2,Alix Earle - Wikipedia,https://upload.wikimedia.org/wikipedia/commons/a/a5/Alix_Earle_in_2023.png,https://en.wikipedia.org/wiki/Alix_Earle,en.wikipedia.org,tier2,nan,1,"(47.214073181152344, 51.15528106689453, 156.4126434326172, 190.48587036132812)",0.20957
Q000121,ID000016,Alix-Earle,Real,Alix-Earle,3,Alix Earle Just Had the Best Response to a Comment About Ex Braxton Berrios,"https://images2.minutemediacdn.com/image/upload/c_crop,x_0,y_59,w_1808,h_1017/c_fill,w_720,ar_16:9,f_auto,q_auto,g_auto/images/voltaxMediaLibrary/mmsport/si_lifestyle/01ky2m76b5cxnm57z2r7.png",https://lifestyle.si.com/celebrities/alix-earle-best-response-comment-about-ex-braxton-berrios,lifestyle.si.com,tier2,nan,1,"(293.5069580078125, 58.40586471557617, 429.06298828125, 237.60606384277344)",0.0833
Q000123,ID000016,Alix-Earle,Fake,Alix-Earle deepfake,44,"Deepfake scams are creeping into reality, putting Texas consumers at risk",https://cbsaustin.com/resources/media2/16x9/1920/400/center/80/d733f99e-7164-4c79-9a4f-168094fe3c17-86b546f75b214434ac99a13f8a35ed99.png,https://cbsaustin.com/news/local/deepfake-scams-are-creeping-into-reality-putting-texas-consumers-at-risk,cbsaustin.com,nan,5.0,1,"(182.29244995117188, 18.903522491455078, 251.82943725585938, 118.90762329101562)",0.07727
Q000129,ID000017,Amber Heard,Real,Amber Heard,1,Amber Heard - Wikipedia,https://upload.wikimedia.org/wikipedia/commons/thumb/9/9a/Amber_Heard_by_Gage_Skidmore.jpg/960px-Amber_Heard_by_Gage_Skidmore.jpg,https://en.wikipedia.org/wiki/Amber_Heard,en.wikipedia.org,tier2,nan,1,"(265.7364807128906, 181.75779724121094, 590.93408203125, 610.1322021484375)",0.1007
Q000130,ID000017,Amber Heard,Fake,Amber Heard AI generated,4,Amber Heard Photograph: Detailed Matte Painting - AI Art,https://creator.nightcafe.studio/jobs/SPSemg1VYtwPFYO4QSMS/SPSemg1VYtwPFYO4QSMS--1--58y0d.jpg,https://creator.nightcafe.studio/creation/3gbXfEQl22EdVee9J3TH,creator.nightcafe.studio,nan,8.0,1,"(163.1197509765625, 19.934772491455078, 291.00274658203125, 180.9387664794922)",0.07854
Q000130,ID000017,Amber Heard,Fake,Amber Heard AI generated,28,Amber Heard in Cyberpunk Style Photograph - AI Art,"https://images.nightcafe.studio/jobs/dLD56ss5z6Kk6f1q66Yr/ewJDWF318dhOhgpWWy4F--2--9mp63_4x_3.9063x.jpg?tr=w-1600,c-at_max",https://creator.nightcafe.studio/creation/nBKkJ9zCKUKe5a7Pol68,creator.nightcafe.studio,nan,8.0,1,"(450.6284484863281, 335.29888916015625, 1122.1297607421875, 1298.9542236328125)",0.25277
Q000130,ID000017,Amber Heard,Fake,Amber Heard AI generated,35,Amber Heard in Maid Outfit: Digital Art - AI Art,https://creator.nightcafe.studio/jobs/FDkA412bu7bViTPkgYLk/FDkA412bu7bViTPkgYLk--3--a6yq1.jpg,https://creator.nightcafe.studio/creation/jsNhK82rcODO15abBUuP,creator.nightcafe.studio,nan,8.0,1,"(206.87026977539062, 96.49542236328125, 330.2621765136719, 262.7746276855469)",0.07827
Q000131,ID000017,Amber Heard,Fake,Amber Heard deepfake,37,JOHNNY DEPP zastępuje AMBER HEARD w roli Mery w żartobliwym deepfake'u,https://film.org.pl/wp-content/uploads/2025/09/JOHNNY-DEPP-zastepuje-AMBER-HEARD-w-roli-Mery-w-zartobliwym-deepfakeu.jpg,https://film.org.pl/a/johnny-depp-zastepuje-amber-heard-w-roli-mery-w-zartobliwym-deepfakeu-251992,film.org.pl,nan,7.0,1,"(623.3917236328125, 52.009735107421875, 908.6585083007812, 442.66802978515625)",0.09521
Q000137,ID000018,Ana-de-Armas,Real,Ana-de-Armas,1,Ana de Armas - Wikipedia,https://upload.wikimedia.org/wikipedia/commons/c/c4/Ana_de_Armas_%2854462619561%29_%28cropped_3%29.jpg,https://en.wikipedia.org/wiki/Ana_de_Armas,en.wikipedia.org,tier2,nan,1,"(275.19439697265625, 234.35018920898438, 705.7301635742188, 812.4296264648438)",0.16926
Q000137,ID000018,Ana-de-Armas,Real,Ana-de-Armas,2,Ana de Armas - Wikipedia,https://upload.wikimedia.org/wikipedia/commons/thumb/e/e4/Ana_de_Armas_at_the_2024_Toronto_International_Film_Festival_05_%28cropped%29.jpg/250px-Ana_de_Armas_at_the_2024_Toronto_International_Film_Festival_05_%28cropped%29.jpg,https://en.wikipedia.org/wiki/Ana_de_Armas,en.wikipedia.org,tier2,nan,1,"(79.72161102294922, 31.233861923217773, 176.0908203125, 165.2498321533203)",0.1476
Q000138,ID000018,Ana-de-Armas,Fake,Ana-de-Armas AI generated,5,Ana De Armas - Collection of AI Generated Art by Artificial Intelligence  Artist - NightCafe,"https://images.nightcafe.studio/jobs/sgcyVVsbdVvWsfIWL3SC/sgcyVVsbdVvWsfIWL3SC--4--jnbbx_15.625x.jpg?tr=w-1600,c-at_max",https://creator.nightcafe.studio/collection/u0K7Ti7j1lJNS86QmE6u,creator.nightcafe.studio,nan,8.0,1,"(789.9571533203125, 304.79522705078125, 1191.583984375, 841.7264404296875)",0.08424
Q000138,ID000018,Ana-de-Armas,Fake,Ana-de-Armas AI generated,16,Ana de Armas Kneeling Portrait | Stable Diffusion Online,https://imgcdn.stablediffusionweb.com/2024/4/19/e8f6d573-cd29-4aff-b9f0-f81450642f4a.jpg,https://stablediffusionweb.com/image/5657421-ana-de-armas-kneeling-portrait,stablediffusionweb.com,nan,7.0,1,"(343.9001159667969, 202.5518798828125, 530.5003051757812, 448.5193176269531)",0.04377
Q000138,ID000018,Ana-de-Armas,Fake,Ana-de-Armas AI generated,18,Actress Ana de Armas | Stable Diffusion Online,https://imgcdn.stablediffusionweb.com/2024/4/23/d5c1bf5b-8cbd-4110-bc3f-9c341c72f55c.jpg,https://stablediffusionweb.com/image/5923839-actress-ana-de-armas,stablediffusionweb.com,nan,7.0,1,"(190.51707458496094, 280.34051513671875, 503.37286376953125, 709.8881225585938)",0.13283
Q000139,ID000018,Ana-de-Armas,Fake,Ana-de-Armas deepfake,36,Ana De Armas Deepfakes Xxx Media Collection 2026: Vids & Pics #779,https://media.gq-magazin.de/photos/632d849693c428d557786ba3/16:9/w_2560%2Cc_limit/GettyImages-1423558662.jpg,https://samplechat.aldine.edu.in/pbuzsmvv/ana-de-armas-deepfakes-xxx/,samplechat.aldine.edu.in,nan,5.0,1,"(926.1564331054688, 236.66677856445312, 1526.5294189453125, 1051.1209716796875)",0.13264
Q000139,ID000018,Ana-de-Armas,Fake,Ana-de-Armas deepfake,18,Ana De Armas Faceset,https://www.deepfakevfx.com/wp-content/uploads/celebrity-facesets/6098/faceset-sample-6098.jpg,https://www.deepfakevfx.com/celebrity-facesets/ana-de-armas-6098/,www.deepfakevfx.com,nan,4.0,1,"(114.883056640625, 46.58095169067383, 390.3117370605469, 433.5064697265625)",0.40653
Q000140,ID000018,Ana-de-Armas,Fake,Ana-de-Armas AI image,7,Ana De Armas as Wonder Woman | Stable Diffusion Online,https://imgcdn.stablediffusionweb.com/2024/9/27/8037305c-1742-47e2-aed4-86fc3c5a3fe0.jpg,https://stablediffusionweb.com/image/18315847-ana-de-armas-as-wonder-woman,stablediffusionweb.com,nan,7.0,1,"(396.1011047363281, 154.36146545410156, 634.0873413085938, 465.298583984375)",0.07057
Q000141,ID000018,Ana-de-Armas,Fake,Ana-de-Armas viral deepfake,25,Shocking celebrity deepfakes and victims from Taylor Swift to Piers Morgan  – PrestigeOnline Singapore,https://images.prestigeonline.com/wp-content/uploads/sites/4/2024/06/18134515/celebrity-deepfakes-victims-deepfake-taylor-swift-hero-1-1600x900-1.png,https://www.prestigeonline.com/id/lifestyle/gadgets/celebrity-deepfakes-victims-scandal-taylor-swift-piers-morgan-oprah-winfrey/,www.prestigeonline.com,nan,7.0,1,"(933.160888671875, 49.36945343017578, 1114.3377685546875, 286.66400146484375)",0.04098
Q000145,ID000019,Andrea Pirlo,Real,Andrea Pirlo,1,Andrea Pirlo - Biography - IMDb,https://m.media-amazon.com/images/M/MV5BZWFhN2Q5YjktYmNjYS00MzhlLTg3YmMtNmQwYjYzMGYzMGU4XkEyXkFqcGc@._V1_.jpg,https://www.imdb.com/name/nm2312479/bio/,www.imdb.com,tier2,nan,1,"(1142.6622314453125, 924.813232421875, 2368.045166015625, 2630.346435546875)",0.10112
Q000147,ID000019,Andrea Pirlo,Fake,Andrea Pirlo deepfake,45,Giorgia Meloni: Italian PM seeks damages over deepfake porn videos,https://ichef.bbci.co.uk/news/1024/branded_news/2271/production/_132971880_6b4b93db0139ac5a03862f0b90f74e24b54e2c850_72_2639_14852639x1485.jpg,https://www.bbc.com/news/world-europe-68615474,www.bbc.com,nan,3.0,1,"(422.1557922363281, 118.81123352050781, 615.8182983398438, 402.5755615234375)",0.09317
Q000151,ID000019,Andrea Pirlo,Fake,Andrea Pirlo Stable Diffusion,2,pirlo messi Prompts | Stable Diffusion Online,https://imgcdn.stablediffusionweb.com/2025/3/17/cc70ce29-04ce-4397-be91-cefd223e4c62.jpg,https://stablediffusionweb.com/prompts/pirlo-messi,stablediffusionweb.com,nan,7.0,1,"(869.297119140625, 77.32170867919922, 1047.3037109375, 322.5074157714844)",0.0444
Q000153,ID000020,Andrew Garfield,Real,Andrew Garfield,1,Andrew Garfield - Wikipedia,https://upload.wikimedia.org/wikipedia/commons/thumb/5/53/Andrew_Garfield_82nd_Venice_Film_Festival_%28cropped%29.jpg/250px-Andrew_Garfield_82nd_Venice_Film_Festival_%28cropped%29.jpg,https://en.wikipedia.org/wiki/Andrew_Garfield,en.wikipedia.org,tier2,nan,1,"(103.46385192871094, 70.35775756835938, 184.51107788085938, 185.59027099609375)",0.10613
Q000153,ID000020,Andrew Garfield,Real,Andrew Garfield,2,Andrew Garfield - IMDb,https://m.media-amazon.com/images/M/MV5BYWQyNzhiZjYtNjJlOS00MTRlLWI0YTYtZjg1YzJmNTc2YjQwXkEyXkFqcGc@._V1_FMjpg_UX1000_.jpg,https://www.imdb.com/name/nm1940449/,www.imdb.com,tier2,nan,1,"(288.8069763183594, 148.93812561035156, 577.7972412109375, 536.4593505859375)",0.07471
Q000154,ID000020,Andrew Garfield,Fake,Andrew Garfield AI generated,16,andrew garfield as spiderman Prompts | Stable Diffusion Online,https://imgcdn.stablediffusionweb.com/2024/12/2/cc65cb1a-cc07-4377-9b9f-7b88133977f7.jpg,https://stablediffusionweb.com/prompts/andrew-garfield-as-spiderman,stablediffusionweb.com,nan,7.0,1,"(351.7191467285156, 201.69886779785156, 697.83544921875, 662.5675048828125)",0.15212
Q000154,ID000020,Andrew Garfield,Fake,Andrew Garfield AI generated,27,andrew garfield as spiderman Prompts | Stable Diffusion Online,https://imgcdn.stablediffusionweb.com/2024/12/2/6af816f5-d553-45b7-8477-1645a2716e72.jpg,https://stablediffusionweb.com/prompts/andrew-garfield-as-spiderman,stablediffusionweb.com,nan,7.0,1,"(326.5816955566406, 203.22479248046875, 745.6220703125, 799.7225952148438)",0.23838
Q000157,ID000020,Andrew Garfield,Fake,Andrew Garfield viral deepfake,27,Deepfake Tom Cruise videos are going viral on TikTok,https://media-cldnry.s-nbcnews.com/image/upload/MSNBC/Components/Video/202103/1614864774542_tdy_pop_8a_daly_tom_cruise_deepfake_210304_1920x1080.jpg,https://www.today.com/video/deepfake-tom-cruise-videos-are-going-viral-on-tiktok-102029381527,www.today.com,nan,7.0,1,"(735.87548828125, 283.8443298339844, 1121.49169921875, 755.8404541015625)",0.08777
Q000161,ID000021,Andy-Jassy,Real,Andy-Jassy,1,Andy Jassy - Wikipedia,https://upload.wikimedia.org/wikipedia/commons/thumb/0/07/Andy_Jassy.jpg/1280px-Andy_Jassy.jpg,https://en.wikipedia.org/wiki/Andy_Jassy,en.wikipedia.org,tier2,nan,1,"(468.66064453125, 232.0079803466797, 817.5953369140625, 734.8262329101562)",0.10709
Q000161,ID000021,Andy-Jassy,Real,Andy-Jassy,3,Amazon CEO Andy Jassy on the key to success,https://assets.aboutamazon.com/f9/03/2a81d44b4ce2ba213136415da45e/andy-jassy-amazon-employees-aagm-hero.jpg,https://www.aboutamazon.com/news/workplace/amazon-ceo-andy-jassy-advice-key-to-success,www.aboutamazon.com,tier2,nan,1,"(861.4994506835938, 98.04429626464844, 1151.0391845703125, 490.0758361816406)",0.04931
Q000168,ID000021,Andy-Jassy,Fake,Andy-Jassy Midjourney,29,"AI News: Fable Banned, New Open-Source Leader, Midjourney Shocker",https://i.ytimg.com/vi/Db260rUuKJg/sddefault.jpg,https://daily.dev/posts/ai-news-fable-banned-new-open-source-leader-midjourney-shocker-agmqdtqtu,daily.dev,nan,5.0,1,"(401.7627258300781, 92.3450927734375, 594.8893432617188, 346.5893859863281)",0.15984
Q000169,ID000022,Angelina Jolie,Real,Angelina Jolie,1,Angelina Jolie - Wikipedia,https://upload.wikimedia.org/wikipedia/commons/thumb/1/12/Angelina_Jolie-643531_%28cropped%29.jpg/960px-Angelina_Jolie-643531_%28cropped%29.jpg,https://en.wikipedia.org/wiki/Angelina_Jolie,en.wikipedia.org,tier2,nan,1,"(330.1410217285156, 170.64306640625, 668.025390625, 649.8331298828125)",0.13135
Q000169,ID000022,Angelina Jolie,Real,Angelina Jolie,2,Angelina Jolie - IMDb,https://m.media-amazon.com/images/M/MV5BNjcxYzIyZWItZWRiOS00ODliLWI3ZTEtZTA4NTg4OGQwZDY1XkEyXkFqcGc@._V1_.jpg,https://www.imdb.com/name/nm0001401/,www.imdb.com,tier2,nan,1,"(382.8409729003906, 66.89667510986328, 530.4500732421875, 261.2410583496094)",0.03075
Q000170,ID000022,Angelina Jolie,Fake,Angelina Jolie AI generated,9,Young Angelina Jolie in Photorealistic Portrait - AI Art,https://creator.nightcafe.studio/jobs/r9Rlh2hBgPrfUgly98K4/r9Rlh2hBgPrfUgly98K4--0--mwkr9.jpg,https://creator.nightcafe.studio/creation/r9Rlh2hBgPrfUgly98K4/create-angelina-joli-super-realistic-when-she-was-joung,creator.nightcafe.studio,nan,8.0,1,"(346.8179931640625, 181.83006286621094, 646.2161254882812, 595.4446411132812)",0.1181
Q000170,ID000022,Angelina Jolie,Fake,Angelina Jolie AI generated,17,Gem Goddess: Angelina Jolie in Digital Art - AI Art,"https://images.nightcafe.studio/ik-seo/jobs/JjVzmujGAkbFaFd74sol/JjVzmujGAkbFaFd74sol--1--ms0m1/pretty-angelina-jolie-a-goddess-made-of-gems-epic-cinematic-brilliant-stunning-intricate-meticulousl.jpg?tr=w-1600,c-at_max",https://creator.nightcafe.studio/creation/JjVzmujGAkbFaFd74sol,creator.nightcafe.studio,nan,8.0,1,"(181.1917724609375, 118.30903625488281, 335.550048828125, 331.66558837890625)",0.12563
Q000170,ID000022,Angelina Jolie,Fake,Angelina Jolie AI generated,14,Angelina Jolie's Style | Stable Diffusion Online,https://imgcdn.stablediffusionweb.com/2024/5/18/25c1b861-e10b-4547-8fb7-b2b0be157659.jpg,https://stablediffusionweb.com/image/7551539-angelina-jolie-s-style,stablediffusionweb.com,nan,7.0,1,"(378.08197021484375, 124.79501342773438, 709.9683227539062, 597.4620361328125)",0.1496
Q000172,ID000022,Angelina Jolie,Fake,Angelina Jolie AI image,24,Angelina Jolie - CINENJAMBRE AI Art Collection,"https://images.nightcafe.studio/ik-seo/jobs/fYWBnfnyMk3D72s1vWaC/fYWBnfnyMk3D72s1vWaC--1--dou8b_15.625x/angelina-jolie-cinenjambre-ai-art-collection.jpg?tr=w-1600,c-at_max",https://creator.nightcafe.studio/creation/fYWBnfnyMk3D72s1vWaC,creator.nightcafe.studio,nan,10.0,1,"(465.9241638183594, -55.75127410888672, 1165.7335205078125, 910.25)",0.26407
Q000172,ID000022,Angelina Jolie,Fake,Angelina Jolie AI image,21,Angelina Jolie as Classic Pin-Up Art - AI Art,https://creator.nightcafe.studio/jobs/OhqF8qVG4l6zD4PtA8DJ/OhqF8qVG4l6zD4PtA8DJ--1--oh0ib.jpg,https://creator.nightcafe.studio/creation/OhqF8qVG4l6zD4PtA8DJ,creator.nightcafe.studio,nan,8.0,1,"(217.68923950195312, 170.45982360839844, 606.529296875, 764.6932373046875)",0.22386
Q000177,ID000023,Anna Faris,Real,Anna Faris,2,Anna Faris Movies & TV Shows List | Rotten Tomatoes | Rotten Tomatoes,https://resizing.flixster.com/DFTor7h6GP60Kz7xILZdMtT5DU8=/fit-in/705x460/v2/https://resizing.flixster.com/-XZAfHZM39UwaGJIFWKAE8fS0ak=/v3/t/assets/198450_v9_bd.jpg,https://www.rottentomatoes.com/celebrity/anna_faris,www.rottentomatoes.com,tier2,nan,1,"(112.77372741699219, 35.11811065673828, 229.52774047851562, 188.5698699951172)",0.11289
Q000183,ID000023,Anna Faris,Fake,Anna Faris Stable Diffusion,1,anna faris Prompts | Stable Diffusion Online,https://imgcdn.stablediffusionweb.com/2024/10/12/491bdb52-1f26-4af4-8cc0-e84661930708.jpg,https://stablediffusionweb.com/prompts/anna-faris,stablediffusionweb.com,nan,7.0,1,"(389.7898254394531, 124.33914184570312, 595.1511840820312, 383.7917785644531)",0.05081
Q000183,ID000023,Anna Faris,Fake,Anna Faris Stable Diffusion,15,anna faris Prompts | Stable Diffusion Online,https://imgcdn.stablediffusionweb.com/2024/10/12/6cd4f04f-4a31-45f5-affb-ea138e094ec1.jpg,https://stablediffusionweb.com/prompts/anna-faris,stablediffusionweb.com,nan,7.0,1,"(579.6647338867188, 195.6729278564453, 773.05908203125, 447.9334411621094)",0.04653
Q000185,ID000024,Anna Wintour,Real,Anna Wintour,2,"Anna Wintour - Simple English Wikipedia, the free encyclopedia",https://upload.wikimedia.org/wikipedia/commons/8/8c/Anna_Wintour_in_2024_%28cropped%29.jpg,https://simple.wikipedia.org/wiki/Anna_Wintour,simple.wikipedia.org,tier2,nan,1,"(110.59751892089844, 154.4019775390625, 279.848876953125, 385.8594055175781)",0.1451
Q000185,ID000024,Anna Wintour,Real,Anna Wintour,3,Anna Wintour: The Icon Who Shaped the Met Gala and Redefined Fashion |  Vogue College of Fashion,https://www.voguecollege.com/wp-content/uploads/2025/04/Anna-Wintour_Vogue-College-of-Fashion_1280x1920px.jpg,https://www.voguecollege.com/articles/madrid/anna-wintour-the-icon-who-shaped-the-met-gala-and-redefined-fashion/,www.voguecollege.com,tier2,nan,1,"(851.1450805664062, 234.67283630371094, 1111.330078125, 540.8425903320312)",0.03241
Q000190,ID000024,Anna Wintour,Fake,Anna Wintour synthetic face,10,Wintour by Belle Tress | Heat Friendly Lace Front Synthetic Wig | Mono Top,https://www.wigstudio1.com/cdn/shop/files/wintour-by-belle-tress-heat-friendly-synthetic-wig-mono-top-2260465.jpg?v=1767835634,https://www.wigstudio1.com/products/wintour-ht-wig-by-belletress-heat-friendly-synthetic-hair-average-cap?srsltid=AfmBOopeh_oDntLwlHZB7RfzgetpXc0c2TaET3L2q8IfB8pXN-MqxamG,www.wigstudio1.com,nan,7.0,1,"(246.3115997314453, 167.45863342285156, 481.8697509765625, 498.958740234375)",0.10051
Q000193,ID000025,Anthony Hopkins,Real,Anthony Hopkins,1,Anthony Hopkins - Wikipedia,https://upload.wikimedia.org/wikipedia/commons/thumb/6/63/Anthony_Hopkins_Red_Sea_Festival_2025_Portrait_%28cropped%29.jpg/1280px-Anthony_Hopkins_Red_Sea_Festival_2025_Portrait_%28cropped%29.jpg,https://en.wikipedia.org/wiki/Anthony_Hopkins,en.wikipedia.org,tier2,nan,1,"(433.4472961425781, 218.01968383789062, 897.21923828125, 859.2877807617188)",0.15117
Q000193,ID000025,Anthony Hopkins,Real,Anthony Hopkins,2,Anthony Hopkins - IMDb,https://m.media-amazon.com/images/M/MV5BMTg5ODk1NTc5Ml5BMl5BanBnXkFtZTYwMjAwOTI4._V1_FMjpg_UX1000_.jpg,https://www.imdb.com/name/nm0000164/,www.imdb.com,tier2,nan,1,"(302.38861083984375, 208.89259338378906, 738.5442504882812, 806.4630737304688)",0.18697
Q000193,ID000025,Anthony Hopkins,Real,Anthony Hopkins,3,"Anthony Hopkins, the reluctant actor – archive, 1969 | Anthony Hopkins |  The Guardian",https://i.guim.co.uk/img/media/744e980d68ca9597e6daaf7541b8c642bb5936b1/20_89_2427_1456/master/2427.jpg?width=1200&height=1200&quality=85&auto=format&fit=crop&s=01f9e709df4e69ae7ae32ff1bad35180,https://www.theguardian.com/film/2019/oct/22/anthony-hopkins-the-reluctant-actor-archive-1969,www.theguardian.com,tier2,nan,1,"(833.605712890625, 95.33300018310547, 1097.3095703125, 445.9314880371094)",0.0642
Q000194,ID000025,Anthony Hopkins,Fake,Anthony Hopkins AI generated,2,"An AI-generated TV show will happen soon, says director of Slow Horses and  One Life | Film Stories",https://spaces.filmstories.co.uk/uploads/2023/09/One-Life.jpg,https://filmstories.co.uk/news/an-ai-generated-tv-show-will-happen-soon-says-director-slow-horses-and-one-life/,filmstories.co.uk,nan,5.0,1,"(501.2691955566406, 123.72079467773438, 730.11962890625, 432.48797607421875)",0.12038
Q000194,ID000025,Anthony Hopkins,Fake,Anthony Hopkins AI generated,3,Anthony Hopkins - Anthony Hopkins as Odin: Professional Phot...,https://creator.nightcafe.studio/jobs/jWftihW2P768t3ybYE2W/jWftihW2P768t3ybYE2W--1--g4q9k.jpg,https://creator.nightcafe.studio/creation/jWftihW2P768t3ybYE2W,creator.nightcafe.studio,nan,5.0,1,"(113.48693084716797, 50.99238204956055, 335.8553771972656, 308.67242431640625)",0.21858
Q000194,ID000025,Anthony Hopkins,Fake,Anthony Hopkins AI generated,12,"One Life' director predicts AI-generated shows are 'inevitable,' could be  here in 3-5 years | Fox News",https://a57.foxnews.com/static.foxnews.com/foxnews.com/content/uploads/2024/02/1200/675/AnthonyHopkins.jpg?ve=1&tl=1,https://www.foxnews.com/entertainment/one-life-director-predicts-ai-generated-shows-inevitable-could-be-here-three-five-years,www.foxnews.com,nan,5.0,1,"(430.25408935546875, 139.23672485351562, 707.4461059570312, 495.37579345703125)",0.12188
Q000195,ID000025,Anthony Hopkins,Fake,Anthony Hopkins deepfake,27,The rise of the deepfake | Sight and Sound,https://i.ytimg.com/vi/IvY-Abd2FfM/maxresdefault.jpg,https://www.bfi.org.uk/sight-and-sound/features/rise-deepfake-tom-cruise-tiktok,www.bfi.org.uk,nan,5.0,1,"(896.6869506835938, 91.80644989013672, 1134.2930908203125, 423.72381591796875)",0.08557
Q000196,ID000025,Anthony Hopkins,Fake,Anthony Hopkins AI image,6,Anthony Hopkins' Career | Stable Diffusion Online,https://imgcdn.stablediffusionweb.com/2024/3/11/3e13e5dd-486b-413f-8632-ab3c2e8544f7.jpg,https://stablediffusionweb.com/image/2771443-anthony-hopkins-career,stablediffusionweb.com,nan,7.0,1,"(436.68450927734375, 114.4471664428711, 705.1151123046875, 490.6016845703125)",0.09629
Q000196,ID000025,Anthony Hopkins,Fake,Anthony Hopkins AI image,11,Gandalf as Anthony Hopkins' Character | Stable Diffusion Online,https://imgcdn.stablediffusionweb.com/2024/11/22/b215eedb-9c31-4e24-9460-e53f12d71fb8.jpg,https://stablediffusionweb.com/image/23419376-gandalf-as-anthony-hopkins-character,stablediffusionweb.com,nan,7.0,1,"(373.46221923828125, 122.25337219238281, 688.9122924804688, 561.9472045898438)",0.13228
Q000197,ID000025,Anthony Hopkins,Fake,Anthony Hopkins viral deepfake,29,The rise of the deepfake | Sight and Sound,https://i.ytimg.com/vi/3vHvOyZ0GbY/maxresdefault.jpg,https://www.bfi.org.uk/sight-and-sound/features/rise-deepfake-tom-cruise-tiktok,www.bfi.org.uk,nan,5.0,1,"(752.1971435546875, 69.093994140625, 1105.5386962890625, 579.6041259765625)",0.19573
Q000197,ID000025,Anthony Hopkins,Fake,Anthony Hopkins viral deepfake,31,The rise of the deepfake | Sight and Sound,https://i.ytimg.com/vi/alc6R_UfPkc/maxresdefault.jpg,https://www.bfi.org.uk/sight-and-sound/features/rise-deepfake-tom-cruise-tiktok,www.bfi.org.uk,nan,5.0,1,"(840.3529052734375, 60.917415618896484, 1130.5760498046875, 452.8970031738281)",0.12344
Q000201,ID000026,Anthony-Edwards,Real,Anthony-Edwards,1,Anthony Edwards - Minnesota Timberwolves Guard - ESPN,https://a.espncdn.com/i/headshots/nba/players/full/4594268.png,https://www.espn.com/nba/player/_/id/4594268/anthony-edwards,www.espn.com,tier2,nan,1,"(218.11436462402344, 95.14862823486328, 376.20361328125, 288.271484375)",0.11671
Q000201,ID000026,Anthony-Edwards,Real,Anthony-Edwards,2,Anthony Edwards (basketball) - Wikipedia,https://upload.wikimedia.org/wikipedia/commons/thumb/3/35/Anthony_Edwards_Argentina_v_Egypt_7_July_2026-069_%28cropped%29.jpg/250px-Anthony_Edwards_Argentina_v_Egypt_7_July_2026-069_%28cropped%29.jpg,https://en.wikipedia.org/wiki/Anthony_Edwards_(basketball),en.wikipedia.org,tier2,nan,1,"(69.3693618774414, 73.80264282226562, 181.29830932617188, 216.982177734375)",0.17094
Q000201,ID000026,Anthony-Edwards,Real,Anthony-Edwards,3,Anthony Edwards (actor) - Wikipedia,https://upload.wikimedia.org/wikipedia/commons/3/34/AnthonyEdwards-byPhilipRomano.jpg,https://en.wikipedia.org/wiki/Anthony_Edwards_(actor),en.wikipedia.org,tier2,nan,1,"(920.30224609375, 814.223876953125, 2849.70654296875, 3412.43310546875)",0.20598
Q000207,ID000026,Anthony-Edwards,Fake,Anthony-Edwards Stable Diffusion,2,anthony edwards Prompts | Stable Diffusion Online,https://imgcdn.stablediffusionweb.com/2025/7/23/3852236f-a4df-4516-8408-342a9029fced.jpg,https://stablediffusionweb.com/prompts/anthony-edwards,stablediffusionweb.com,nan,7.0,1,"(326.445556640625, 175.62265014648438, 666.981201171875, 627.55322265625)",0.14677
Q000207,ID000026,Anthony-Edwards,Fake,Anthony-Edwards Stable Diffusion,5,anthony edwards nba dressed as a caveman Prompts | Stable Diffusion Online,https://imgcdn.stablediffusionweb.com/2025/7/23/5f281957-a9d5-4f08-a3ad-cf3888aea2c8.jpg,https://stablediffusionweb.com/prompts/anthony-edwards-nba-dressed-as-a-caveman,stablediffusionweb.com,nan,7.0,1,"(368.8453369140625, 125.19776916503906, 636.851318359375, 491.0911560058594)",0.09352
Q000209,ID000027,Antoine-Griezmann,Real,Antoine-Griezmann,1,Antoine Griezmann - Wikipedia,https://upload.wikimedia.org/wikipedia/commons/thumb/6/6e/FRA-ARG_%2810%29_%28cropped%29.jpg/250px-FRA-ARG_%2810%29_%28cropped%29.jpg,https://en.wikipedia.org/wiki/Antoine_Griezmann,en.wikipedia.org,tier2,nan,1,"(94.52009582519531, 42.48062515258789, 201.04342651367188, 185.5539093017578)",0.20253
Q000209,ID000027,Antoine-Griezmann,Real,Antoine-Griezmann,2,"Antoine Griezmann - Soccer News, Rumors, & Updates | FOX Sports",https://b.fssta.com/uploads/application/soccer/headshots/901.png,https://www.foxsports.com/soccer/antoine-griezmann-player,www.foxsports.com,tier2,nan,1,"(336.99163818359375, 277.0876159667969, 668.78173828125, 715.10986328125)",0.11971
Q000209,ID000027,Antoine-Griezmann,Real,Antoine-Griezmann,3,Antoine Griezmann - Player profile 2026 | Transfermarkt,https://img.a.transfermarkt.technology/portrait/big/125781-1775233998.jpg?lm=1,https://www.transfermarkt.us/antoine-griezmann/profil/spieler/125781,www.transfermarkt.us,tier2,nan,1,"(41.93462371826172, 47.95948028564453, 245.7909698486328, 297.1103820800781)",0.43411
Q000212,ID000027,Antoine-Griezmann,Fake,Antoine-Griezmann AI image,4,Antoine Griezmann in Soccer Prime | Stable Diffusion Online,https://imgcdn.stablediffusionweb.com/2024/9/20/6cf4549d-477e-4a70-af70-c10079a52469.jpg,https://stablediffusionweb.com/image/17554333-antoine-griezmann-in-soccer-prime,stablediffusionweb.com,nan,7.0,1,"(440.46435546875, 191.02735900878906, 601.2271728515625, 401.371337890625)",0.03225
Q000215,ID000027,Antoine-Griezmann,Fake,Antoine-Griezmann Stable Diffusion,50,antoine griezmann showing love gesture with finger Prompts | Stable  Diffusion Online,https://imgcdn.stablediffusionweb.com/2024/9/29/d9787d52-6748-4857-aa19-333960ae6d64.jpg,https://stablediffusionweb.com/prompts/antoine-griezmann-showing-love-gesture-with-finger,stablediffusionweb.com,nan,4.0,1,"(416.4829406738281, 185.0331573486328, 613.565185546875, 456.6478271484375)",0.05105
Q000216,ID000027,Antoine-Griezmann,Fake,Antoine-Griezmann Midjourney,50,Antoine Griezmann [Footballer] - v1.0 | Tensor.Art | Tensor.Art,"https://image.tensorartassets.com/cdn-cgi/image/anim=true,plain=false,w=500,q=85/model_showcase/716488613547758602/2e3eec61-7db7-55ed-fb98-70ade094e294.jpeg",https://tensor.art/models/716488613547758602,tensor.art,nan,5.0,1,"(201.1256866455078, 64.69322204589844, 310.623291015625, 212.13343811035156)",0.04305
Q000217,ID000028,Antonio Banderas,Real,Antonio Banderas,1,Antonio Banderas - IMDb,https://m.media-amazon.com/images/M/MV5BMTUyOTQ3NTYyNF5BMl5BanBnXkFtZTcwMTY2NjIzNQ@@._V1_.jpg,https://www.imdb.com/name/nm0000104/,www.imdb.com,tier2,nan,1,"(268.80548095703125, 397.0174865722656, 1063.0235595703125, 1440.099853515625)",0.297
Q000217,ID000028,Antonio Banderas,Real,Antonio Banderas,4,"Happy Birthday to this handsome Desperado, Antonio Banderas! Born today, in  1960. Favorite roles or quotes? : r/OldSchoolCool",https://preview.redd.it/happy-birthday-to-this-handsome-desperado-antonio-banderas-v0-xble4od4iug91.jpg?width=400&format=pjpg&auto=webp&s=f01a0c3296caaca29f7e9b36760312593e76f996,https://www.reddit.com/r/OldSchoolCool/comments/wkrvmr/happy_birthday_to_this_handsome_desperado_antonio/,www.reddit.com,tier2,nan,1,"(146.48455810546875, 118.6373291015625, 280.24407958984375, 303.0207214355469)",0.10276
Q000218,ID000028,Antonio Banderas,Fake,Antonio Banderas AI generated,1,Is it Antonio Banderas ? - Antonio Banderas Lookalike in Tai...,https://creator.nightcafe.studio/jobs/0f4kZDEm53OflWYmQYXM/0f4kZDEm53OflWYmQYXM--0--k069d.jpg,https://creator.nightcafe.studio/creation/0f4kZDEm53OflWYmQYXM/is-it-antonio-banderas,creator.nightcafe.studio,nan,5.0,1,"(395.7898254394531, 172.20736694335938, 601.8822631835938, 464.53173828125)",0.05745
Q000218,ID000028,Antonio Banderas,Fake,Antonio Banderas AI generated,2,Gomez Addams Based on Antonio Banderas,https://creator.nightcafe.studio/jobs/WlBS8xzdiDTpNx3yvDRj/WlBS8xzdiDTpNx3yvDRj--1--mzxyq_1.5x-clty-upscale-ws2l4.jpg,https://creator.nightcafe.studio/creation/WlBS8xzdiDTpNx3yvDRj,creator.nightcafe.studio,nan,5.0,1,"(558.2633056640625, 259.1297607421875, 1148.213623046875, 1085.9171142578125)",0.20674
Q000220,ID000028,Antonio Banderas,Fake,Antonio Banderas AI image,3,Antonio Banderas Culinary Pursuits | Stable Diffusion Online,https://imgcdn.stablediffusionweb.com/2024/4/29/c3c40df1-1ae1-4f99-89ae-f38b40adca08.jpg,https://stablediffusionweb.com/image/6352776-antonio-banderas-culinary-pursuits,stablediffusionweb.com,nan,7.0,1,"(514.5415649414062, 135.72463989257812, 750.2361450195312, 429.4541931152344)",0.06602
Q000220,ID000028,Antonio Banderas,Fake,Antonio Banderas AI image,10,Antonio Banderas Sporting a Ginger Beard | Stable Diffusion Online,https://imgcdn.stablediffusionweb.com/2024/4/25/f797d488-feac-4dc9-a8bd-d58f03ea5589.jpg,https://stablediffusionweb.com/image/6106668-antonio-banderas-sporting-a-ginger-beard,stablediffusionweb.com,nan,7.0,1,"(304.9429016113281, 191.29336547851562, 673.0579833984375, 695.849609375)",0.17713
Q000224,ID000028,Antonio Banderas,Fake,Antonio Banderas Midjourney,2,Audition Photos from Cancelled 90s Indiana Jones Reboot : r/midjourney,https://preview.redd.it/audition-photos-from-cancelled-90s-indiana-jones-reboot-v0-qr6g7bucdh9b1.png?width=640&crop=smart&auto=webp&s=1bdc33b6f0bc5cfaeabec462f0a3b0bd3480574b,https://www.reddit.com/r/midjourney/comments/14of4ku/audition_photos_from_cancelled_90s_indiana_jones/,www.reddit.com,nan,5.0,1,"(187.5540771484375, 182.36312866210938, 449.820556640625, 517.78759765625)",0.17182
Q000225,ID000029,Antonio-Guterres,Real,Antonio-Guterres,3,António Guterres Prime Minister of Portugal,https://clubmadrid.org/wp-content/uploads/2017/10/Guterres-Antonio2taken-online-scaled.jpg,https://clubmadrid.org/who/members/guterres-antonio/,clubmadrid.org,tier2,nan,1,"(988.2125244140625, 356.0804748535156, 1513.9267578125, 1082.21484375)",0.08331
Q000226,ID000029,Antonio-Guterres,Fake,Antonio-Guterres AI generated,1,Photo Allegedly Showing An AI-generated Congratulatory Message From António  Guterres Is Fabricated | Mythdetector.com,https://mythdetector.com/wp-content/uploads/2025/01/Photo-allegedly-showing-an-AI-generated-congratulatory-message-from-Antonio-Guterres-is-fabricated.jpg,https://mythdetector.com/en/antonio-guterres-is-fabricated/,mythdetector.com,nan,5.0,1,"(91.60702514648438, 216.13821411132812, 253.72447204589844, 431.6099853515625)",0.06628
Q000227,ID000029,Antonio-Guterres,Fake,Antonio-Guterres deepfake,50,Tecnología deepfake contra Estados Unidos y a favor de China,https://www.segurilatam.com/wp-content/uploads/sites/5/2023/02/antonio-guterres-entrevista.jpg,https://www.segurilatam.com/actualidad/tecnologia-deepfake-contra-estados-unidos-y-a-favor-de-china_20230214.html,www.segurilatam.com,nan,5.0,1,"(634.3035888671875, 208.96896362304688, 887.6172485351562, 583.8345947265625)",0.06331
Q000229,ID000029,Antonio-Guterres,Fake,Antonio-Guterres viral deepfake,42,AI 'resurrects' long dead dictator in murky new era of deepfake  electioneering | CNN,"https://media.cnn.com/api/v1/images/stellar/prod/date-ai-generated-image-image-name-16x9.jpg?c=original&q=w_860,c_fill",https://www.cnn.com/2024/02/12/asia/suharto-deepfake-ai-scam-indonesia-election-hnk-intl,www.cnn.com,nan,7.0,1,"(392.0070495605469, 120.23627471923828, 506.8408203125, 252.63211059570312)",0.03653
Q000232,ID000029,Antonio-Guterres,Fake,Antonio-Guterres Midjourney,19,Do you want to know how the UN is funded? Read on. | How is the UN  Secretary-General selected? | AI for Health: MidJourney Full-Body Scan,https://substack-video.s3.amazonaws.com/video_upload/post/203440352/46269b19-a7bc-4840-8055-bb40ee3f094f/transcoded-04600.png,https://theunbrief.substack.com/p/do-you-want-to-know-how-the-un-is,theunbrief.substack.com,nan,3.0,1,"(889.81982421875, 249.9244842529297, 1165.311767578125, 632.342041015625)",0.05081
Q000233,ID000030,Antony,Real,Antony,1,"Antony (footballer, born 2000) - Wikipedia",https://upload.wikimedia.org/wikipedia/commons/a/a9/Antony_2022.jpg,"https://en.wikipedia.org/wiki/Antony_(footballer,_born_2000)",en.wikipedia.org,tier2,nan,1,"(182.73330688476562, 95.83555603027344, 324.2736511230469, 280.65289306640625)",0.03807
Q000233,ID000030,Antony,Real,Antony,2,Antony - Player profile 26/27 | Transfermarkt,https://img.a.transfermarkt.technology/portrait/big/602105-1758783018.jpg?lm=1,https://www.transfermarkt.us/antony/profil/spieler/602105,www.transfermarkt.us,tier2,nan,1,"(74.98893737792969, 45.33250427246094, 291.2771301269531, 342.49664306640625)",0.54934
Q000235,ID000030,Antony,Fake,Antony deepfake,5,Anthony Bourdain Deepfake Controversy Highlights AI Pitfalls,https://static-www.adweek.com/wp-content/uploads/2021/07/anthony-bourdain-deepfake-controversy-2021.jpg?w=1200,https://www.adweek.com/brand-marketing/anthony-bourdain-controversy-ai-generated-content/,www.adweek.com,nan,7.0,1,"(448.44659423828125, 58.54185104370117, 795.9019775390625, 525.1298828125)",0.21444
Q000242,ID000031,Arnold Schwarzenegger,Fake,Arnold Schwarzenegger AI generated,20,Arnold Schwarzenegger as President | Stable Diffusion Online,https://imgcdn.stablediffusionweb.com/2024/3/22/7fe12335-eea5-462b-a306-3943f4e1ae18.jpg,https://stablediffusionweb.com/image/3678732-arnold-schwarzenegger-as-president,stablediffusionweb.com,nan,7.0,1,"(251.21978759765625, 175.17457580566406, 502.2944641113281, 510.5325927734375)",0.0803
Q000242,ID000031,Arnold Schwarzenegger,Fake,Arnold Schwarzenegger AI generated,13,Arnold Schwarzenegger - Arnold Schwarzenegger as Pregnant Fa...,https://creator.nightcafe.studio/jobs/ad6t5biX7pi91tAxQIdu/ad6t5biX7pi91tAxQIdu--1--y7p15.jpg,https://creator.nightcafe.studio/creation/ad6t5biX7pi91tAxQIdu,creator.nightcafe.studio,nan,5.0,1,"(168.6387939453125, 67.1346435546875, 246.37191772460938, 168.26402282714844)",0.03046
Q000243,ID000031,Arnold Schwarzenegger,Fake,Arnold Schwarzenegger deepfake,1,This viral Schwarzenegger deepfake isn't just entertaining. It's a warning.,"https://media-cldnry.s-nbcnews.com/image/upload/t_fit-1500w,f_auto,q_auto:best/newscms/2019_51/2893441/190612-bill-hader-deepfake-ew-158p.jpg",https://www.nbcnews.com/tech/tech-news/viral-schwarzenegger-deepfake-isn-t-just-entertaining-it-s-warning-n1016851,www.nbcnews.com,nan,7.0,1,"(745.4971923828125, 108.66703033447266, 938.2781372070312, 376.0465393066406)",0.04096
Q000243,ID000031,Arnold Schwarzenegger,Fake,Arnold Schwarzenegger deepfake,6,Unpopular Opinion: I love Arnold's DeepFake in Salvation. : r/Terminator,https://i.redd.it/unpopular-opinion-i-love-arnolds-deepfake-in-salvation-v0-ctlw5u6hrqza1.jpg?width=1520&format=pjpg&auto=webp&s=0a0c4666877aced99d36839cb2d7d6aa32378b40,https://www.reddit.com/r/Terminator/comments/13h4nuf/unpopular_opinion_i_love_arnolds_deepfake_in/,www.reddit.com,nan,7.0,1,"(570.5728149414062, 29.33565902709961, 808.6823120117188, 342.05157470703125)",0.06804
Q000243,ID000031,Arnold Schwarzenegger,Fake,Arnold Schwarzenegger deepfake,7,Deepfake of Arnold Schwarzenegger in 'No Country for Old Men' will mess you  up,https://sm.mashable.com/mashable_sea/fun/d/deepfake-o/deepfake-of-arnold-schwarzenegger-in-no-country-for-old-men_ksj2.png,https://sea.mashable.com/culture/7337/deepfake-of-arnold-schwarzenegger-in-no-country-for-old-men-will-mess-you-up,sea.mashable.com,nan,7.0,1,"(382.05389404296875, 82.843994140625, 631.3871459960938, 413.0355224609375)",0.12206
Q000245,ID000031,Arnold Schwarzenegger,Fake,Arnold Schwarzenegger viral deepfake,1,This viral Schwarzenegger deepfake isn't just entertaining. It's a warning.,"https://media-cldnry.s-nbcnews.com/image/upload/t_nbcnews-fp-1024-512,f_auto,q_auto:best/newscms/2019_51/2893441/190612-bill-hader-deepfake-ew-158p.jpg",https://www.nbcnews.com/tech/tech-news/viral-schwarzenegger-deepfake-isn-t-just-entertaining-it-s-warning-n1016851,www.nbcnews.com,nan,7.0,1,"(511.0491943359375, 69.0408706665039, 645.8790893554688, 252.08575439453125)",0.04707
Q000249,ID000032,Ashley Judd,Real,Ashley Judd,1,Ashley Judd - Wikipedia,https://upload.wikimedia.org/wikipedia/commons/a/af/Ashley_Judd_SXSW_2024.jpg,https://en.wikipedia.org/wiki/Ashley_Judd,en.wikipedia.org,tier2,nan,1,"(413.77667236328125, 280.9937438964844, 963.47265625, 1029.8463134765625)",0.16334
Q000249,ID000032,Ashley Judd,Real,Ashley Judd,3,Ashley Judd Movies & TV Shows List | Rotten Tomatoes | Rotten Tomatoes,https://resizing.flixster.com/90PiOJnjAOwj58R9niSDR4xqNeA=/fit-in/352x330/v2/https://resizing.flixster.com/-XZAfHZM39UwaGJIFWKAE8fS0ak=/v3/t/assets/6572_v9_ba.jpg,https://www.rottentomatoes.com/celebrity/ashley_judd,www.rottentomatoes.com,tier2,nan,1,"(62.0446891784668, 47.454994201660156, 172.5535125732422, 200.21871948242188)",0.20628
Q000252,ID000032,Ashley Judd,Fake,Ashley Judd AI image,1,Ashley Judd with Cats in Exquisite Costumes | Stable Diffusion Online,https://imgcdn.stablediffusionweb.com/2024/9/19/a500c4df-62ed-4732-898d-17f7b15aec67.jpg,https://stablediffusionweb.com/image/17435199-ashley-judd-with-cats-in-exquisite-costumes,stablediffusionweb.com,nan,7.0,1,"(394.68084716796875, 146.13766479492188, 623.6864013671875, 458.673095703125)",0.06826
Q000255,ID000032,Ashley Judd,Fake,Ashley Judd Stable Diffusion,22,ashley judd Prompts | Stable Diffusion Online,https://imgcdn.stablediffusionweb.com/2024/12/28/cc65dcf1-ee15-4dda-9a6b-0d1710ca8dca.jpg,https://stablediffusionweb.com/prompts/ashley-judd,stablediffusionweb.com,nan,7.0,1,"(388.265380859375, 200.22097778320312, 659.4266357421875, 531.7457885742188)",0.08573
Q000255,ID000032,Ashley Judd,Fake,Ashley Judd Stable Diffusion,40,ashley judd Prompts | Stable Diffusion Online,https://imgcdn.stablediffusionweb.com/2025/2/5/483bed8b-8f6b-4246-8f3c-97a4665017fe.jpg,https://stablediffusionweb.com/prompts/ashley-judd,stablediffusionweb.com,nan,7.0,1,"(346.0544738769531, 233.20138549804688, 673.8092041015625, 665.15625)",0.13502
Q000257,ID000033,Ashton Kutcher,Real,Ashton Kutcher,1,Ashton Kutcher - Wikipedia,https://upload.wikimedia.org/wikipedia/commons/2/2e/Ashton_Kutcher_-_2023_-_P060603-362041_%28cropped%29.jpg,https://en.wikipedia.org/wiki/Ashton_Kutcher,en.wikipedia.org,tier2,nan,1,"(84.5584716796875, 148.37059020996094, 338.112548828125, 473.5062561035156)",0.24968
Q000257,ID000033,Ashton Kutcher,Real,Ashton Kutcher,2,Ashton Kutcher - Wikipedia,https://upload.wikimedia.org/wikipedia/commons/thumb/8/85/Ashton_Kutcher_by_David_Shankbone_2010_NYC.jpg/250px-Ashton_Kutcher_by_David_Shankbone_2010_NYC.jpg,https://en.wikipedia.org/wiki/Ashton_Kutcher,en.wikipedia.org,tier2,nan,1,"(71.94960021972656, 74.47613525390625, 172.24151611328125, 197.68138122558594)",0.15255
Q000265,ID000034,Audrey Hepburn,Real,Audrey Hepburn,1,Audrey Hepburn - Wikipedia,https://upload.wikimedia.org/wikipedia/commons/thumb/7/74/AudreyKHepburn.jpg/250px-AudreyKHepburn.jpg,https://en.wikipedia.org/wiki/Audrey_Hepburn,en.wikipedia.org,tier2,nan,1,"(93.8191146850586, 43.722816467285156, 166.85885620117188, 140.69252014160156)",0.08188
Q000265,ID000034,Audrey Hepburn,Real,Audrey Hepburn,2,Audrey Hepburn - IMDb,https://m.media-amazon.com/images/M/MV5BMWUzODRjYzItY2ZlOC00NDgxLThhM2EtZGRjZDcyZDljOWUxXkEyXkFqcGc@._V1_FMjpg_UX1000_.jpg,https://www.imdb.com/name/nm0000030/,www.imdb.com,tier2,nan,1,"(186.522216796875, 247.9123077392578, 840.0974731445312, 1047.6280517578125)",0.42016
Q000265,ID000034,Audrey Hepburn,Real,Audrey Hepburn,3,"Audrey Hepburn | Biography, Movies, Sabrina, Breakfast at Tiffany's, &  Facts | Britannica",https://cdn.britannica.com/32/68032-050-26C49C30/Audrey-Hepburn-1955.jpg,https://www.britannica.com/biography/Audrey-Hepburn,www.britannica.com,tier2,nan,1,"(396.41485595703125, 248.11163330078125, 863.3490600585938, 836.6141967773438)",0.13652
Q000266,ID000034,Audrey Hepburn,Fake,Audrey Hepburn AI generated,2,Ai Generated Woman Audrey Hepburn - Free photo on Pixabay,https://cdn.pixabay.com/photo/2023/03/28/07/19/ai-generated-7882498_1280.jpg,https://pixabay.com/photos/ai-generated-woman-audrey-hepburn-7882498/,pixabay.com,nan,7.0,1,"(66.92236328125, 285.5845031738281, 464.420166015625, 797.3427734375)",0.22165
Q000266,ID000034,Audrey Hepburn,Fake,Audrey Hepburn AI generated,19,Ai Generated Dog Audrey Hepburn - Free photo on Pixabay,https://cdn.pixabay.com/photo/2023/02/24/15/37/ai-generated-7811407_1280.jpg,https://pixabay.com/photos/ai-generated-dog-audrey-hepburn-7811407/,pixabay.com,nan,7.0,1,"(564.1788330078125, -133.65333557128906, 981.4994506835938, 412.7877502441406)",0.20886
Q000266,ID000034,Audrey Hepburn,Fake,Audrey Hepburn AI generated,25,Audrey Hepburn in Red Decorated Dress | Stable Diffusion Online,https://imgcdn.stablediffusionweb.com/2024/4/4/ded171c4-acac-4557-8b41-62779a39e5ae.jpg,https://stablediffusionweb.com/image/4620878-audrey-hepburn-in-red-decorated-dress,stablediffusionweb.com,nan,7.0,1,"(375.4875793457031, 277.223876953125, 687.3060302734375, 657.7972412109375)",0.11317
Q000267,ID000034,Audrey Hepburn,Fake,Audrey Hepburn deepfake,6,The troubling rise of 'deep fakes': How AI is making it hard to know what's  real,https://www.telegraph.co.uk/content/dam/technology/2018/10/27/audrey-hepburndeepfake_trans_NvBQzQNjv4Bq8dtJ7DqCNwUVG9vhuIaLO0VpHyNYRbpracOOEdgER0A.PNG?imwidth=350,https://www.telegraph.co.uk/technology/2018/10/27/troubling-rise-deep-fakes-ai-making-hard-know-real/,www.telegraph.co.uk,nan,7.0,1,"(187.19187927246094, 35.36442565917969, 262.6063232421875, 130.95164489746094)",0.09405
Q000267,ID000034,Audrey Hepburn,Fake,Audrey Hepburn deepfake,43,"Facebook, Microsoft Back Contest to Better Detect Deepfakes | WIRED",https://media.wired.com/photos/5d705aafb8a4ff000808d0e9/3:2/w_2560%2Cc_limit/Deep-Fake-Facebook-Contest-57519848.jpg,https://www.wired.com/story/facebook-microsoft-contest-better-detect-deepfakes/,www.wired.com,nan,7.0,1,"(807.47216796875, 312.7962646484375, 1166.076416015625, 758.031982421875)",0.0584
Q000273,ID000035,Audrey Tautou,Real,Audrey Tautou,1,Audrey Tautou - IMDb,https://m.media-amazon.com/images/M/MV5BMTYzOTgyNjk1Nl5BMl5BanBnXkFtZTcwNjMwMjI1OQ@@._V1_FMjpg_UX1000_.jpg,https://www.imdb.com/name/nm0851582/,www.imdb.com,tier2,nan,1,"(271.767333984375, 374.771240234375, 641.1805419921875, 829.8060302734375)",0.11199
Q000273,ID000035,Audrey Tautou,Real,Audrey Tautou,3,Audrey Tautou Movies List | Rotten Tomatoes | Rotten Tomatoes,https://resizing.flixster.com/8xsr6xarcHb1dimD9BVYIhNtaBs=/fit-in/705x460/v2/https://resizing.flixster.com/-XZAfHZM39UwaGJIFWKAE8fS0ak=/v3/t/assets/211167_v9_be.jpg,https://www.rottentomatoes.com/celebrity/audrey_tautou,www.rottentomatoes.com,tier2,nan,1,"(98.20227813720703, 121.09159088134766, 244.25173950195312, 309.8837585449219)",0.17374
Q000274,ID000035,Audrey Tautou,Fake,Audrey Tautou AI generated,1,Audrey Tautou with Orange and Blue Colors | Stable Diffusion Online,https://imgcdn.stablediffusionweb.com/2024/9/5/0dcd04b9-82b9-4093-b830-307d32e33919.jpg,https://stablediffusionweb.com/image/15891105-audrey-tautou-with-orange-and-blue-colors,stablediffusionweb.com,nan,7.0,1,"(490.0409851074219, 102.02720642089844, 826.2420043945312, 516.7786865234375)",0.13783
Q000274,ID000035,Audrey Tautou,Fake,Audrey Tautou AI generated,10,audrey tautou Prompts | Stable Diffusion Online,https://imgcdn.stablediffusionweb.com/2024/5/17/5dd7ae4a-d73b-47fd-9992-46678751ee7d.jpg,https://stablediffusionweb.com/prompts/audrey-tautou,stablediffusionweb.com,nan,7.0,1,"(245.5626220703125, 139.349609375, 806.14892578125, 837.19775390625)",0.37308
Q000274,ID000035,Audrey Tautou,Fake,Audrey Tautou AI generated,37,audrey tautou Prompts | Stable Diffusion Online,https://imgcdn.stablediffusionweb.com/2024/10/23/f81cc912-71ed-478e-b5c0-25f1107b7200.jpg,https://stablediffusionweb.com/prompts/audrey-tautou,stablediffusionweb.com,nan,7.0,1,"(396.0771484375, 295.93707275390625, 704.3050537109375, 677.26025390625)",0.11209
Q000282,ID000036,Auston-Matthews,Fake,Auston-Matthews AI generated,4,Auston Matthews Holds Stanley Cup | Stable Diffusion Online,https://imgcdn.stablediffusionweb.com/2024/10/26/6d704083-0d06-4d4d-b104-a38d22beb379.jpg,https://stablediffusionweb.com/image/21002644-auston-matthews-holds-stanley-cup,stablediffusionweb.com,nan,7.0,1,"(496.18939208984375, 236.46542358398438, 659.7046508789062, 449.9183654785156)",0.03329
Q000289,ID000037,Babar-Azam,Real,Babar-Azam,1,Babar Azam - Wikipedia,https://upload.wikimedia.org/wikipedia/commons/4/43/Babar_azam_2023.jpg,https://en.wikipedia.org/wiki/Babar_Azam,en.wikipedia.org,tier2,nan,1,"(199.74131774902344, 147.5155487060547, 358.0345153808594, 349.48956298828125)",0.10268
Q000289,ID000037,Babar-Azam,Real,Babar-Azam,3,"Babar Azam Profile - Cricket Player Pakistan | Stats, Records, Video","https://img1.hscicdn.com/image/upload/f_auto,t_ds_square_w_320,q_50/lsci/db/PICTURES/CMS/320400/320448.1.png",https://www.cricinfo.com/cricketers/babar-azam-348144,www.cricinfo.com,tier2,nan,1,"(78.44029235839844, 77.92623901367188, 236.87738037109375, 292.1227722167969)",0.33141
Q000290,ID000037,Babar-Azam,Fake,Babar-Azam AI generated,27,Babar Azam as King: AI Generated Portrait - AI Art,https://creator.nightcafe.studio/api/og-creation.jpg?id=2Z6AVt83iEwwESkFV2vi,https://creator.nightcafe.studio/creation/2Z6AVt83iEwwESkFV2vi,creator.nightcafe.studio,nan,8.0,1,"(450.371337890625, 191.89247131347656, 635.0077514648438, 420.1812744140625)",0.05575
Q000290,ID000037,Babar-Azam,Fake,Babar-Azam AI generated,31,Babar Azam as King: AI Generated Portrait - AI Art,https://creator.nightcafe.studio/users/PjweZ1wWKEWF1rm64KzFZuHZj3n2/uploads/tua13kBzasxwWWQzC2O0.png,https://creator.nightcafe.studio/creation/2Z6AVt83iEwwESkFV2vi,creator.nightcafe.studio,nan,8.0,1,"(363.6863098144531, 125.92463684082031, 715.5194091796875, 576.7525634765625)",0.15127
Q000291,ID000037,Babar-Azam,Fake,Babar-Azam deepfake,32,"Gautam Gambhir gets serious on 'fake Gambhirs', moves court over AI deepfake  misuse | Off the field News - The Times of India","https://static.toiimg.com/thumb/msid-129676920,imgsize-30894,width-400,resizemode-4/p-84.jpg",https://timesofindia.indiatimes.com/sports/off-the-field/gautam-gets-serious-on-fake-gambhirs-moves-court-over-ai-deepfake-misuse/articleshow/129676635.cms,timesofindia.indiatimes.com,nan,5.0,1,"(172.06309509277344, 55.54248046875, 258.4879455566406, 177.2803955078125)",0.1169
Q000297,ID000038,Barack-obamam,Real,Barack-obamam,1,Barack Obama - Wikipedia,https://upload.wikimedia.org/wikipedia/commons/thumb/8/8d/President_Barack_Obama.jpg/1280px-President_Barack_Obama.jpg,https://en.wikipedia.org/wiki/Barack_Obama,en.wikipedia.org,tier2,nan,1,"(476.2503662109375, 101.50508880615234, 781.6543579101562, 539.0576782226562)",0.06529
Q000297,ID000038,Barack-obamam,Real,Barack-obamam,3,File:Official portrait of Barack Obama.jpg - Wikipedia,https://upload.wikimedia.org/wikipedia/commons/e/e9/Official_portrait_of_Barack_Obama.jpg,https://en.wikipedia.org/wiki/File:Official_portrait_of_Barack_Obama.jpg,en.wikipedia.org,tier2,nan,1,"(774.5120849609375, 493.1605529785156, 1513.401611328125, 1514.209228515625)",0.15098
Q000297,ID000038,Barack-obamam,Real,Barack-obamam,4,Barack H. Obama – Facts - NobelPrize.org,https://www.nobelprize.org/images/obama-15143-portrait-medium.jpg,https://www.nobelprize.org/prizes/peace/2009/obama/facts/,www.nobelprize.org,tier2,nan,1,"(101.7034683227539, 100.09046936035156, 389.9554443359375, 471.67633056640625)",0.29025
Q000298,ID000038,Barack-obamam,Fake,Barack-obamam AI generated,47,Obama in Van Gogh Style: Moonlit Portrait - AI Art,"https://images.nightcafe.studio/ik-seo/jobs/SOZDlSd7xE2yALDaquQm/SOZDlSd7xE2yALDaquQm--1--ymiic_6.9444x/moonlit-portrait-of-obama-hyperdetailed-intricately-detailed-warm-colors-deep-color-van-gogh.jpg?tr=w-1600,c-at_max",https://creator.nightcafe.studio/creation/SOZDlSd7xE2yALDaquQm,creator.nightcafe.studio,nan,8.0,1,"(457.27484130859375, 180.20948791503906, 1085.5069580078125, 993.1234741210938)",0.25637
Q000299,ID000038,Barack-obamam,Fake,Barack-obamam deepfake,23,Deepfake of President Barack Obama made with Lip-Sync Technique [5] |  Download Scientific Diagram,https://www.researchgate.net/publication/343062903/figure/fig1/AS:915219089981440@1595216643606/Deepfake-of-President-Barack-Obama-made-with-Lip-Sync-Technique-5_Q320.jpg,https://www.researchgate.net/figure/Deepfake-of-President-Barack-Obama-made-with-Lip-Sync-Technique-5_fig1_343062903,www.researchgate.net,nan,7.0,1,"(243.09564208984375, 43.763450622558594, 375.97344970703125, 209.34487915039062)",0.21486
Q000299,ID000038,Barack-obamam,Fake,Barack-obamam deepfake,24,Deep dive into deepfakes: Frighteningly real and sometimes used for the  wrong things - CNA,"https://dam.mediacorp.sg/image/upload/s--Exo5WBEF--/f_auto,q_auto/c_fill,g_center,h_598,w_747/v1/mediacorp/cna/image/2021/10/19/deepfake_barack_obama.jpg?itok=rkPIK9cs",https://www.channelnewsasia.com/singapore/deepfakes-ai-security-threat-face-swapping-2252161,www.channelnewsasia.com,nan,7.0,1,"(201.6062774658203, 99.3936767578125, 469.55877685546875, 470.7447814941406)",0.22275
Q000300,ID000038,Barack-obamam,Fake,Barack-obamam AI image,4,AI Art Pop Art Superstars Barack Obama 2 by TOPARTGALLERY Wall Art,https://www.pictorem.com/uploads/collection/L/LA2ITU5FOL/900_TOPARTGALLERY_713223_AI_Art_Pop_Art_Superstars_Barack_Obama_2.jpg,https://www.pictorem.com/2089636/ai-art-pop-art-superstars-barack-obama-2/?srsltid=AfmBOopILO_kEawxNZ8Q2_o37VvDdn3aY-Xo3YWnnAxwWKfZHskEuYw2,www.pictorem.com,nan,5.0,1,"(296.5561828613281, 59.21028518676758, 423.2981872558594, 225.0155029296875)",0.03247
Q000305,ID000039,Bashar-al-Assad,Real,Bashar-al-Assad,1,Bashar al-Assad - Wikipedia,https://upload.wikimedia.org/wikipedia/commons/thumb/7/77/Bashar_al-Assad_%282018-05-17%29_02_%28cropped%29.jpg/960px-Bashar_al-Assad_%282018-05-17%29_02_%28cropped%29.jpg,https://en.wikipedia.org/wiki/Bashar_al-Assad,en.wikipedia.org,tier2,nan,1,"(332.9991149902344, 206.009765625, 723.6819458007812, 758.5888671875)",0.17582
Q000305,ID000039,Bashar-al-Assad,Real,Bashar-al-Assad,3,Who Is Bashar al-Assad? - ABC News,https://s.abcnews.com/images/International/GTY_bashar_al_assad_balcony_tk_130829_16x9_1600.jpg,https://abcnews.com/International/bashar-assad-things-syrias-president/story?id=20110282,abcnews.com,tier2,nan,1,"(796.6353759765625, 95.51561737060547, 1026.993896484375, 389.6448669433594)",0.04705
Q000306,ID000039,Bashar-al-Assad,Fake,Bashar-al-Assad AI generated,4,Image of Bashar Al Assad | Stable Diffusion Online,https://imgcdn.stablediffusionweb.com/2024/11/28/7076bf7c-43ad-4c7d-9675-cd51bdb8228d.jpg,https://stablediffusionweb.com/image/23975929-image-of-bashar-al-assad,stablediffusionweb.com,nan,7.0,1,"(292.01922607421875, 227.28582763671875, 738.221435546875, 839.0906372070312)",0.26034
Q000306,ID000039,Bashar-al-Assad,Fake,Bashar-al-Assad AI generated,5,Photo of Bashar al-Assad | Stable Diffusion Online,https://imgcdn.stablediffusionweb.com/2024/11/28/fdeafc3f-57c4-4ade-a420-69f830c73d07.jpg,https://stablediffusionweb.com/image/23976099-photo-of-bashar-al-assad,stablediffusionweb.com,nan,7.0,1,"(366.855224609375, 129.25889587402344, 635.4485473632812, 509.1637878417969)",0.09731
Q000306,ID000039,Bashar-al-Assad,Fake,Bashar-al-Assad AI generated,7,Syrian President Bashar al-Assad | Stable Diffusion Online,https://imgcdn.stablediffusionweb.com/2024/12/11/bf53184d-388d-480f-bc82-5c5d33cead74.jpg,https://stablediffusionweb.com/image/25165774-syrian-president-bashar-al-assad,stablediffusionweb.com,nan,7.0,1,"(301.1290283203125, 113.32475280761719, 606.8692016601562, 545.0711059570312)",0.12589
Q000313,ID000040,Ben Affleck,Real,Ben Affleck,2,Ben Affleck - IMDb,https://m.media-amazon.com/images/M/MV5BNTFjZDU5NmYtYzZlMy00YThmLTg5ZjUtYjkyZWI2OTk2Mjc1XkEyXkFqcGc@._V1_FMjpg_UX1000_.jpg,https://www.imdb.com/name/nm0000255/,www.imdb.com,tier2,nan,1,"(270.71673583984375, 176.19200134277344, 638.9832153320312, 666.5508422851562)",0.13547
Q000314,ID000040,Ben Affleck,Fake,Ben Affleck AI generated,5,Ben Affleck as Superman - AI generated : r/DC_Cinematic,https://i.redd.it/ben-affleck-as-superman-ai-generated-v0-u57qc1edqgr91.jpg?width=1080&format=pjpg&auto=webp&s=86b677665d7b2e84602f75fd08062f528f3f597c,https://www.reddit.com/r/DC_Cinematic/comments/xu0tge/ben_affleck_as_superman_ai_generated/,www.reddit.com,nan,7.0,1,"(342.77911376953125, 113.64105224609375, 619.9133911132812, 486.1727294921875)",0.08851
Q000314,ID000040,Ben Affleck,Fake,Ben Affleck AI generated,8,Ben Affleck as Superman - AI generated : r/DC_Cinematic,https://i.redd.it/ben-affleck-as-superman-ai-generated-v0-u7ssz0jdqgr91.jpg?width=512&format=pjpg&auto=webp&s=572d8ef7f9516d55f29f3db23108db5fe0084a9e,https://www.reddit.com/r/DC_Cinematic/comments/xu0tge/ben_affleck_as_superman_ai_generated/,www.reddit.com,nan,7.0,1,"(179.7661590576172, 42.349098205566406, 309.8678894042969, 200.57330322265625)",0.07853
Q000314,ID000040,Ben Affleck,Fake,Ben Affleck AI generated,1,Ben Affleck,https://creator.nightcafe.studio/jobs/ZW5o6katv2IrTJ2LcM1m/ZW5o6katv2IrTJ2LcM1m--1--y5f98.jpg,https://creator.nightcafe.studio/creation/ZW5o6katv2IrTJ2LcM1m,creator.nightcafe.studio,nan,5.0,1,"(163.408935546875, 146.50119018554688, 332.27801513671875, 379.9945983886719)",0.1528
Q000315,ID000040,Ben Affleck,Fake,Ben Affleck deepfake,1,Ben Affleck as Bruce Wayne in The Batman movie. Deepfake by StryderHD,https://external-preview.redd.it/ben-affleck-as-bruce-wayne-in-the-batman-movie-deepfake-by-v0-nGR_BLTLIIM14HXymuOBoIh7K1Z1o9CoYUgfUSqUsv4.png?format=pjpg&auto=webp&s=a61382e41fcb52ef45406c000b09f928e60e6695,https://www.reddit.com/r/DC_Cinematic/comments/uuy5l4/ben_affleck_as_bruce_wayne_in_the_batman_movie/,www.reddit.com,nan,5.0,1,"(676.8916625976562, 245.81719970703125, 1072.6243896484375, 754.8321533203125)",0.09714
Q000316,ID000040,Ben Affleck,Fake,Ben Affleck AI image,34,Ben Affleck,https://creator.nightcafe.studio/jobs/8ZpL1aL3p4qHL1Ht7Dst/8ZpL1aL3p4qHL1Ht7Dst--1--fgvf9.jpg,https://creator.nightcafe.studio/creation/8ZpL1aL3p4qHL1Ht7Dst,creator.nightcafe.studio,nan,5.0,1,"(21.734542846679688, 94.50112915039062, 281.34722900390625, 464.4575500488281)",0.3722
Q000317,ID000040,Ben Affleck,Fake,Ben Affleck viral deepfake,10,Deepfake Tom Cruise videos are going viral on TikTok,"https://media-cldnry.s-nbcnews.com/image/upload/t_fit-1500w,f_auto,q_auto:good:444,e_sharpen:60/MSNBC/Components/Video/202103/1614864774542_tdy_pop_8a_daly_tom_cruise_deepfake_210304_1920x1080.jpg",https://www.today.com/video/deepfake-tom-cruise-videos-are-going-viral-on-tiktok-102029381527,www.today.com,nan,7.0,1,"(570.2288818359375, 225.36251831054688, 874.3760986328125, 590.0656127929688)",0.08762
Q000321,ID000041,Ben Foster,Real,Ben Foster,2,Is Leave No Trace Our First Look at the Real Ben Foster?,https://pyxis.nymag.com/v1/imgs/b7f/b3d/88fdc553df7777d5868159b8d2c560a40f-02-ben-foster-leave-no-trace.rsocial.w1200.jpg,https://www.vulture.com/2018/07/is-leave-no-trace-our-first-look-at-the-real-ben-foster.html,www.vulture.com,tier2,nan,1,"(342.04168701171875, 120.3797607421875, 554.9490356445312, 416.6505126953125)",0.08344
Q000321,ID000041,Ben Foster,Real,Ben Foster,3,Ben Foster Gets Candid About the Reasons Why He Left L.A. for Nashville,https://people.com/thmb/lqos15rEIuXg_OqBusSrGUYk6yc=/1500x0/filters:no_upscale():max_bytes(150000):strip_icc():focal(999x0:1001x2)/ben-foster-091225-afcb5084837c41a783389a2db65048e7.jpg,https://people.com/ben-foster-gets-candid-about-the-reasons-why-he-left-los-angeles-for-nashville-11809006,people.com,tier2,nan,1,"(628.4561767578125, 131.4007110595703, 864.8832397460938, 472.0729064941406)",0.0537
Q000329,ID000042,Ben Kingsley,Real,Ben Kingsley,1,Ben Kingsley - IMDb,https://m.media-amazon.com/images/M/MV5BOTU2Njg2NzM4M15BMl5BanBnXkFtZTgwNjYwNjQwMTI@._V1_FMjpg_UX1000_.jpg,https://www.imdb.com/name/nm0001426/,www.imdb.com,tier2,nan,1,"(153.93748474121094, 93.3621826171875, 706.838134765625, 858.7638549804688)",0.31209
Q000329,ID000042,Ben Kingsley,Real,Ben Kingsley,2,Ben Kingsley Movies & TV Shows List | Rotten Tomatoes | Rotten Tomatoes,https://resizing.flixster.com/-Q_94zCaiHleDZSiLDG2LjYsOpA=/fit-in/705x460/v2/https://resizing.flixster.com/-XZAfHZM39UwaGJIFWKAE8fS0ak=/v3/t/assets/7576_v9_bc.jpg,https://www.rottentomatoes.com/celebrity/ben_kingsley,www.rottentomatoes.com,tier2,nan,1,"(73.12754821777344, 62.061153411865234, 277.964111328125, 348.6042175292969)",0.36985
Q000332,ID000042,Ben Kingsley,Fake,Ben Kingsley AI image,5,"Ben Kingsley as Spider-Man villain The Vulture, concept 3",https://creator.nightcafe.studio/jobs/Nye04EXWeql0dwt6RK9q/Nye04EXWeql0dwt6RK9q--2--myo51.jpg,https://creator.nightcafe.studio/creation/5vq043h4xxd7ERoksfw9,creator.nightcafe.studio,nan,5.0,1,"(281.6979675292969, 169.6260986328125, 535.7425537109375, 485.4959716796875)",0.07653
Q000335,ID000042,Ben Kingsley,Fake,Ben Kingsley Stable Diffusion,2,bald ben 10 Prompts | Stable Diffusion Online,https://imgcdn.stablediffusionweb.com/2025/1/28/e6fd0f23-690f-43bd-ba1d-536920e85747.jpg,https://stablediffusionweb.com/prompts/bald-ben-10,stablediffusionweb.com,nan,7.0,1,"(406.4493713378906, 69.9261474609375, 621.7105102539062, 384.3612976074219)",0.06455
Q000337,ID000043,Benedict Cumberbatch,Real,Benedict Cumberbatch,1,Benedict Cumberbatch - IMDb,https://m.media-amazon.com/images/M/MV5BMjE0MDkzMDQwOF5BMl5BanBnXkFtZTgwOTE1Mjg1MzE@._V1_.jpg,https://www.imdb.com/name/nm1212722/,www.imdb.com,tier2,nan,1,"(334.5814514160156, 344.4129943847656, 972.8546142578125, 1219.7154541015625)",0.19292
Q000337,ID000043,Benedict Cumberbatch,Real,Benedict Cumberbatch,3,Benedict Cumberbatch - Wikipedia,https://upload.wikimedia.org/wikipedia/commons/thumb/c/cd/Benedict_Cumberbatch_filming_Sherlock_cropped.jpg/250px-Benedict_Cumberbatch_filming_Sherlock_cropped.jpg,https://en.wikipedia.org/wiki/Benedict_Cumberbatch,en.wikipedia.org,tier2,nan,1,"(53.998111724853516, 52.00654602050781, 161.56837463378906, 189.8621368408203)",0.18195
Q000338,ID000043,Benedict Cumberbatch,Fake,Benedict Cumberbatch AI generated,13,"Sherlock Holmes, Magnifying Glass, Alcohol Ink Sty... - AI Art",https://creator.nightcafe.studio/jobs/fFnvQcn2ZjdkjXeJzEGA/fFnvQcn2ZjdkjXeJzEGA--2--3c0yo.jpg,https://creator.nightcafe.studio/creation/cQSCRODCCETRKkcvJhoS,creator.nightcafe.studio,nan,8.0,1,"(165.14883422851562, 63.549373626708984, 264.3605041503906, 206.25372314453125)",0.05401
Q000339,ID000043,Benedict Cumberbatch,Fake,Benedict Cumberbatch deepfake,29,El perturbador deepfake de Benedict Cumberbatch en 'La burbuja' de Netflix,https://imagenes.20minutos.es/files/image_640_auto/uploads/imagenes/2022/04/06/benedict-cumberbatch-en-la-burbuja-de-netflix.jpeg,https://www.20minutos.es/cinemania/noticias/el-perturbador-deepfake-de-benedict-cumberbatch-en-la-burbuja-de-netflix-4982368/,www.20minutos.es,nan,5.0,1,"(268.41766357421875, 60.988037109375, 403.04791259765625, 236.98056030273438)",0.10284
Q000339,ID000043,Benedict Cumberbatch,Fake,Benedict Cumberbatch deepfake,1,Benedict Cumberbatch Arrives as Tony Stark Iron Man | Marvel Studios  DeepFake,https://i.ytimg.com/vi/Md2kHlhhiKg/maxresdefault.jpg,https://www.youtube.com/watch?v=Md2kHlhhiKg,www.youtube.com,nan,3.0,1,"(525.1917724609375, 105.42530822753906, 853.9848022460938, 541.7780151367188)",0.15567
Q000339,ID000043,Benedict Cumberbatch,Fake,Benedict Cumberbatch deepfake,4,Benedict Cumberbatch As Iron Man Meets Doctor Strange | First Look | Marvel  Studios Deepfake,https://i.ytimg.com/vi/NeIXKXOmUTs/maxresdefault.jpg,https://www.youtube.com/watch?v=NeIXKXOmUTs,www.youtube.com,nan,3.0,1,"(318.8489074707031, 99.9107894897461, 667.4144287109375, 554.116455078125)",0.17179
Q000345,ID000044,Benicio del Toro,Real,Benicio del Toro,1,Benicio Del Toro - IMDb,https://m.media-amazon.com/images/M/MV5BMTkzODQ4NzU1N15BMl5BanBnXkFtZTcwOTUzMzc5Mg@@._V1_FMjpg_UX1000_.jpg,https://www.imdb.com/name/nm0001125/,www.imdb.com,tier2,nan,1,"(176.27850341796875, 259.0354309082031, 660.0863037109375, 915.2562866210938)",0.23413
Q000345,ID000044,Benicio del Toro,Real,Benicio del Toro,2,Benicio del Toro - Golden Globes,https://goldenglobes.com/wp-content/uploads/2025/12/MotionPicture_26672_1000_OneBattleAfterAnother_BenicioDelToro_SenseiSergioStCarlos_Headshot.jpg?w=500?w=600,https://goldenglobes.com/person/benicio-del-toro/,goldenglobes.com,tier2,nan,1,"(142.89405822753906, 121.85028076171875, 319.3662109375, 339.3864440917969)",0.12285
Q000345,ID000044,Benicio del Toro,Real,Benicio del Toro,4,Benicio del Toro — The Movie Database (TMDB),https://image.tmdb.org/t/p/w500/aYomJWx0B2B8ra6Rmgt8lr0XCrw.jpg,https://www.themoviedb.org/person/1121-benicio-del-toro,www.themoviedb.org,tier2,nan,1,"(103.6846694946289, 193.54425048828125, 371.6595153808594, 538.0796508789062)",0.2462
Q000346,ID000044,Benicio del Toro,Fake,Benicio del Toro AI generated,3,"Here Are All The Scary AI-Generated Images Of Jho Low, Najib & Rosmah In  'Man On The Run'",https://images.says.com/uploads/story_source/source_image/1206091/8c93.png,https://says.com/my/fun/scary-ai-generated-jho-low-najib-rosmah-man-on-the-run-netflix-documentary,says.com,nan,5.0,1,"(1837.9014892578125, 200.17730712890625, 2546.876708984375, 1115.803955078125)",0.16623
Q000346,ID000044,Benicio del Toro,Fake,Benicio del Toro AI generated,8,lora:Impasto1:1.3>(portrait of Benicio del Toro),https://creator.nightcafe.studio/jobs/Cr3YiuInGulvjhnQuZJh/Cr3YiuInGulvjhnQuZJh--1--nd1ff.jpg,https://creator.nightcafe.studio/creation/Cr3YiuInGulvjhnQuZJh,creator.nightcafe.studio,nan,5.0,1,"(278.6609191894531, 234.6062469482422, 695.2611694335938, 782.0225830078125)",0.21749
Q000348,ID000044,Benicio del Toro,Fake,Benicio del Toro AI image,5,Benicio del Toro with Cats in Exquisite Details | Stable Diffusion Online,https://imgcdn.stablediffusionweb.com/2024/11/5/f53ba438-7d29-4cf2-873a-4512c8e00ea3.jpg,https://stablediffusionweb.com/image/21894819-benicio-del-toro-with-cats-in-exquisite-details,stablediffusionweb.com,nan,7.0,1,"(321.08392333984375, 212.22335815429688, 651.016845703125, 625.7053833007812)",0.1301
Q000352,ID000044,Benicio del Toro,Fake,Benicio del Toro Midjourney,37,Photorealistic Images of People Who Lived Before the Advent of Photography  : r/midjourney,https://preview.redd.it/photorealistic-images-of-people-who-lived-before-the-advent-v0-jqy9nupqz5vc1.jpg?width=640&crop=smart&auto=webp&s=081892ec35ba47592a0c8cab786f1bcfc4a70bf5,https://www.reddit.com/r/midjourney/comments/1c6ufeo/photorealistic_images_of_people_who_lived_before/,www.reddit.com,nan,5.0,1,"(183.47091674804688, 106.0838394165039, 401.1546936035156, 398.4012145996094)",0.15535
Q000353,ID000045,Benjamin-Netanyahu,Real,Benjamin-Netanyahu,1,Benjamin Netanyahu - Wikipedia,https://upload.wikimedia.org/wikipedia/commons/thumb/7/74/Benjamin_Netanyahu%2C_February_2023.jpg/960px-Benjamin_Netanyahu%2C_February_2023.jpg,https://en.wikipedia.org/wiki/Benjamin_Netanyahu,en.wikipedia.org,tier2,nan,1,"(335.3940124511719, 170.1584930419922, 603.4080200195312, 566.2340698242188)",0.0791
Q000353,ID000045,Benjamin-Netanyahu,Real,Benjamin-Netanyahu,2,"Benjamin Netanyahu: Prime Minister of Israel, Background, Facts",https://hips.hearstapps.com/hmg-prod/images/israels-prime-minister-benjamin-netanyahu-meets-italian-news-photo-1719255509.jpg,https://www.biography.com/political-figures/benjamin-netanyahu,www.biography.com,tier2,nan,1,"(511.35009765625, 92.2313003540039, 715.4842529296875, 380.0703430175781)",0.08401
Q000353,ID000045,Benjamin-Netanyahu,Real,Benjamin-Netanyahu,3,Benjamin Netanyahu's Complex Histories | The New Yorker,https://media.newyorker.com/photos/6408e5fca79eee60d137a8ff/master/w_2560%2Cc_limit/ra1140.jpg,https://www.newyorker.com/magazine/1998/05/25/benjamin-netanyahu-the-outsider,www.newyorker.com,tier2,nan,1,"(506.35552978515625, 451.84991455078125, 1608.8896484375, 1912.9639892578125)",0.32554
Q000354,ID000045,Benjamin-Netanyahu,Fake,Benjamin-Netanyahu AI generated,16,Fact-Check: AI-Generated Image Viral as Benjamin Netanyahu Killed in  Iranian Strikes,https://cf-images.assettype.com/thequint%2F2026-03-12%2Fnz3pjd5q%2FKHUSHI-WQ-NEW-14.png?auto=format%2Ccompress&fmt=webp&width=720&w=1200,https://www.thequint.com/news/webqoof/ai-generated-image-viral-as-benjamin-netanyahu-dead-fact-check,www.thequint.com,nan,5.0,1,"(509.1695556640625, 217.2174835205078, 652.7268676757812, 400.2017517089844)",0.03243
Q000361,ID000046,Benson-Boone,Real,Benson-Boone,1,Benson Boone - Wikipedia,https://upload.wikimedia.org/wikipedia/commons/1/11/Benson_Boone_Press_Copy_Warner_Records_%28cropped%29.png,https://en.wikipedia.org/wiki/Benson_Boone,en.wikipedia.org,tier2,nan,1,"(131.70852661132812, 79.12621307373047, 264.0710144042969, 249.61082458496094)",0.10984
Q000361,ID000046,Benson-Boone,Real,Benson-Boone,4,"Benson Boone: “If My Younger Self Could See Me Now, They Wouldn't Believe  It” - Notion",https://d2ljoqkkoec4f6.cloudfront.net/wp-content/uploads/2022/10/25123117/bensonbanner.jpg,https://notion.online/benson-boone-interview/,notion.online,tier2,nan,1,"(564.6401977539062, 440.4919738769531, 929.0079345703125, 890.8764038085938)",0.04533
Q000370,ID000047,Beyonacca,Fake,Beyonacca AI generated,24,Beyoncé as Futuristic Cyborg: AI Portrait - AI Art,https://creator.nightcafe.studio/jobs/LW1InxtNcHRnS1pVNcSK/LW1InxtNcHRnS1pVNcSK--1--daoey.jpg,https://creator.nightcafe.studio/creation/LW1InxtNcHRnS1pVNcSK,creator.nightcafe.studio,nan,8.0,1,"(125.48765563964844, 52.16129684448242, 358.69061279296875, 385.3382873535156)",0.3011
Q000370,ID000047,Beyonacca,Fake,Beyonacca AI generated,26,Generate an AI image depicting Beyoncé embodying the...,https://cdn.openart.ai/published/xyKbZsSUEbV7PF61T5fV/F_g1vPYb_1wOw_raw.jpg,https://openart.ai/community/QuIsl5YlaRqp7RpjI9Fh,openart.ai,nan,8.0,1,"(355.6322021484375, 268.6361999511719, 673.1531982421875, 721.8680419921875)",0.13724
Q000298,ID000038,Barack-obamam,Fake,Barack-obamam AI generated,21,AI generated facial landmark identifications. (A) Facial landmarks... |  Download Scientific Diagram,https://www.researchgate.net/publication/358079442/figure/fig1/AS:1116631224848384@1643237038013/AI-generated-facial-landmark-identifications-A-Facial-landmarks-identifications-ID.png,https://www.researchgate.net/figure/AI-generated-facial-landmark-identifications-A-Facial-landmarks-identifications-ID_fig1_358079442,www.researchgate.net,nan,7.0,1,"(539.2041625976562, 78.75814819335938, 714.7236328125, 323.6588439941406)",0.12334
Q000371,ID000047,Beyonacca,Fake,Beyonacca deepfake,3,How to spot a deepfake - SoSafe,https://sosafe-awareness.com/sosafe-files/uploads/2022/08/Header_image_deepfake_blogpost-1.jpg,https://sosafe-awareness.com/blog/how-to-spot-a-deepfake/,sosafe-awareness.com,nan,7.0,1,"(403.3856201171875, 85.00670623779297, 677.7017822265625, 445.2026672363281)",0.14255
Q000372,ID000047,Beyonacca,Fake,Beyonacca AI image,47,Beyoncé as Futuristic Cyborg: AI Portrait - AI Art,https://creator.nightcafe.studio/jobs/WR7Tng8xxHRYr77qYyj9/knfFIFihCm7MCJib1ZmM--3--v9wjx_7.8125x.jpg,https://creator.nightcafe.studio/creation/LW1InxtNcHRnS1pVNcSK,creator.nightcafe.studio,nan,8.0,1,"(456.364013671875, 221.715087890625, 1158.4486083984375, 1158.3560791015625)",0.1644
Q000377,ID000048,Bill Paxton,Real,Bill Paxton,1,Bill Paxton - IMDb,https://m.media-amazon.com/images/M/MV5BNjY2NTQwOTAyNV5BMl5BanBnXkFtZTcwNTUyNjYwMw@@._V1_.jpg,https://www.imdb.com/name/nm0000200/,www.imdb.com,tier2,nan,1,"(57.51359939575195, 61.483497619628906, 195.884765625, 258.20343017578125)",0.23466
Q000377,ID000048,Bill Paxton,Real,Bill Paxton,2,Bill Paxton | Texas Cultural Trust,https://cdn.txculturaltrust.org/content/uploads/2020/04/2011_BIll-Paxton.jpg,https://txculturaltrust.org/bio/bill-paxton/,txculturaltrust.org,tier2,nan,1,"(307.6265563964844, 80.73538208007812, 501.4803466796875, 351.6275634765625)",0.05144
Q000377,ID000048,Bill Paxton,Real,Bill Paxton,3,Bill Paxton obituary | Movies | The Guardian,https://i.guim.co.uk/img/media/8bc8793aa9257762b986f4817d076a980c88e83a/0_462_2319_1391/master/2319.jpg?width=465&dpr=1&s=none&crop=none,https://www.theguardian.com/film/2017/feb/27/bill-paxton-obituary,www.theguardian.com,tier2,nan,1,"(164.03562927246094, 72.97059631347656, 284.71624755859375, 231.6007080078125)",0.14756
Q000379,ID000048,Bill Paxton,Fake,Bill Paxton deepfake,1,Are the Deepfake Fears Overblown?,https://pyxis.nymag.com/v1/imgs/edc/9c8/c09251413785ea516b60bf72b789ae08bf-13-bill-hader-deepfake.rsquare.w400.jpg,https://nymag.com/intelligencer/2019/06/are-the-deepfake-fears-overblown.html,nymag.com,nan,7.0,1,"(158.11891174316406, 59.51320266723633, 253.30426025390625, 189.14990234375)",0.07712
Q000379,ID000048,Bill Paxton,Fake,Bill Paxton deepfake,6,Republicans release AI deepfake of James Talarico as phony videos  proliferate in midterm races | CNN Politics,"https://media.cnn.com/api/v1/images/stellar/prod/3x2-ai-generated-image-image-name-copy-2-20260313151917317.jpg?c=original&q=w_860,c_fill",https://www.cnn.com/2026/03/13/politics/james-talarico-ai-deepfake-republicans-midterms,www.cnn.com,nan,7.0,1,"(283.52020263671875, 32.48814010620117, 537.701171875, 367.44390869140625)",0.17247
Q000381,ID000048,Bill Paxton,Fake,Bill Paxton viral deepfake,29,Advocacy groups urge House panel to pass anti-deepfake porn bill,https://i0.wp.com/thehill.com/wp-content/uploads/sites/2/2024/06/takeitdownact_061824gn01_w.jpg?w=2000&ssl=1,https://thehill.com/policy/technology/5211624-advocacy-groups-urge-house-panel-to-pass-anti-deepfake-porn-bill/,thehill.com,nan,5.0,1,"(218.30433654785156, -218.76071166992188, 463.36932373046875, 166.85923767089844)",0.08577
Q000385,ID000049,Billy Bob Thornton,Real,Billy Bob Thornton,1,Billy Bob Thornton - Wikipedia,https://upload.wikimedia.org/wikipedia/commons/thumb/0/00/Billy_Bob_Thornton_2017_%28cropped%29.jpg/250px-Billy_Bob_Thornton_2017_%28cropped%29.jpg,https://en.wikipedia.org/wiki/Billy_Bob_Thornton,en.wikipedia.org,tier2,nan,1,"(52.45310592651367, 61.04054260253906, 183.79478454589844, 238.24078369140625)",0.26447
Q000385,ID000049,Billy Bob Thornton,Real,Billy Bob Thornton,2,Billy Bob Thornton - IMDb,https://m.media-amazon.com/images/M/MV5BMTcxOTUwMDI0OF5BMl5BanBnXkFtZTcwNjIyNzkzNw@@._V1_FMjpg_UX1000_.jpg,https://www.imdb.com/name/nm0000671/,www.imdb.com,tier2,nan,1,"(260.1281433105469, 221.77297973632812, 733.7407836914062, 886.3577880859375)",0.20984
Q000385,ID000049,Billy Bob Thornton,Real,Billy Bob Thornton,4,Billy Bob Thornton Reveals He Once Recorded a Duet With Johnny Cash,https://www.rollingstone.com/wp-content/uploads/2025/01/GettyImages-2183844831.jpg?w=1581&h=1054&crop=1,https://www.rollingstone.com/music/music-news/billy-bob-thornton-johnny-cash-duet-1235239050/,www.rollingstone.com,tier2,nan,1,"(658.02294921875, 261.228271484375, 1107.352294921875, 802.3978881835938)",0.14592
Q000388,ID000049,Billy Bob Thornton,Fake,Billy Bob Thornton AI image,1,Billy Bob Thornton Laughing: Hyperrealistic Splash... - AI Art,https://creator.nightcafe.studio/jobs/42M7QLZTDlSrqUg60LEO/42M7QLZTDlSrqUg60LEO--1--cip3a.jpg,https://creator.nightcafe.studio/creation/42M7QLZTDlSrqUg60LEO,creator.nightcafe.studio,nan,8.0,1,"(194.79391479492188, 73.71403503417969, 307.8896789550781, 222.0629119873047)",0.064
Q000388,ID000049,Billy Bob Thornton,Fake,Billy Bob Thornton AI image,11,Billy Bob Thornton dismisses claims he is leaving 'Landman' as 'AI-generated'  reports,https://i.tribune.com.pk/media/images/billy-bob-thornton1762703022-0/billy-bob-thornton1762703022-0.png,https://tribune.com.pk/story/2587813/billy-bob-thornton-dismisses-claims-he-is-leaving-landman-as-ai-generated-reports,tribune.com.pk,nan,5.0,1,"(236.45651245117188, 156.59246826171875, 696.8451538085938, 714.2791137695312)",0.23773
Q000389,ID000049,Billy Bob Thornton,Fake,Billy Bob Thornton viral deepfake,12,Billy Bob Thorton & Kelly Clarkson get real about their AI deepfakes -  YouTube,https://i.ytimg.com/vi/3NgjRDhpYmk/oardefault.jpg?sqp=-oaymwEYCJUDENAFSFqQAgHyq4qpAwcIARUAAIhC&rs=AOn4CLAW66HkKV37NEDWVY0zFaU9kMg5NA&usqp=CCk,https://www.youtube.com/shorts/3NgjRDhpYmk,www.youtube.com,nan,3.0,1,"(119.68610382080078, 152.74288940429688, 320.39825439453125, 437.1302795410156)",0.19575
Q000389,ID000049,Billy Bob Thornton,Fake,Billy Bob Thornton viral deepfake,17,Billy Bob Thorton & Kelly Clarkson get real about their AI deepfakes -  YouTube,https://i.ytimg.com/vi/3NgjRDhpYmk/maxresdefault.jpg,https://www.youtube.com/shorts/3NgjRDhpYmk,www.youtube.com,nan,3.0,1,"(549.500244140625, 147.08157348632812, 751.4644775390625, 434.677490234375)",0.06303
Q000391,ID000049,Billy Bob Thornton,Fake,Billy Bob Thornton Stable Diffusion,7,Billy Bob Thornton Cocaine Use | Stable Diffusion Online,https://imgcdn.stablediffusionweb.com/2024/8/17/c259603c-4325-4150-bdb3-7774d72c69fe.jpg,https://stablediffusionweb.com/image/13940513-billy-bob-thornton-cocaine-use,stablediffusionweb.com,nan,7.0,1,"(338.9209899902344, 285.848876953125, 672.3545532226562, 724.720947265625)",0.13956
Q000393,ID000050,Blair-Parry-Okeden,Real,Blair-Parry-Okeden,1,"39. Blair Parry-Okeden, $10.8 billion - 2017-01-18 - Richest Women 2016  Forbes 400",https://imageio.forbes.com/specials-images/imageserve/57ec089b4bbe6f2c8eb9380a/0x0.jpg?format=jpg&height=1200&width=400&fit=bounds,https://www.forbes.com/pictures/fkgd45gdki/39-blair-parry-okeden/,www.forbes.com,tier2,nan,1,"(127.89532470703125, 40.24128723144531, 223.31016540527344, 173.35739135742188)",0.1134
Q000393,ID000050,Blair-Parry-Okeden,Real,Blair-Parry-Okeden,2,"39. Blair Parry-Okeden, $10.8 billion - 2017-01-18 - Richest Women 2016  Forbes 400",https://imageio.forbes.com/specials-images/imageserve/57ec084ea7ea431dc3ee1e3e/0x0.jpg?format=jpg&height=1200&width=400&fit=bounds,https://www.forbes.com/pictures/fkgd45gdki/39-blair-parry-okeden/,www.forbes.com,tier2,nan,1,"(141.59423828125, 61.54252243041992, 266.3865051269531, 220.812744140625)",0.17746
Q000398,ID000050,Blair-Parry-Okeden,Fake,Blair-Parry-Okeden synthetic face,26,Blair | Synthetic Lace Front Wig (Mono Part),https://www.wigs.com/cdn/shop/products/2405-Blair--Maple-Frost-2.jpg?v=1676040952&width=1445,https://www.wigs.com/products/blair-synthetic-wig-rene-of-paris?srsltid=AfmBOoomfAN1woRlIYcnWeRyWjsYbUvAZeAVaVsGaj1hDEEUNM3QBEvp,www.wigs.com,nan,5.0,1,"(175.03904724121094, 91.66425323486328, 374.7811279296875, 402.15997314453125)",0.16876
Q000398,ID000050,Blair-Parry-Okeden,Fake,Blair-Parry-Okeden synthetic face,33,Blair | Synthetic Lace Front Wig (Mono Part),https://www.wigs.com/cdn/shop/products/2405-Blair-Maple-Frost.jpg?v=1676040952&width=1445,https://www.wigs.com/products/blair-synthetic-wig-rene-of-paris?srsltid=AfmBOopPmPU8RUQi17GBTYTRLggkky-klyD6q0INzsoI1q6LV5sZ4c76,www.wigs.com,nan,5.0,1,"(127.76325988769531, 69.72659301757812, 343.6067810058594, 363.5136413574219)",0.17255
Q000398,ID000050,Blair-Parry-Okeden,Fake,Blair-Parry-Okeden synthetic face,37,Blair | Synthetic Lace Front Wig (Mono Part),https://www.wigs.com/cdn/shop/products/Blair-Bronze-Hazelnut-R-3.jpg?v=1676040952&width=1445,https://www.wigs.com/products/blair-synthetic-wig-rene-of-paris?srsltid=AfmBOoo17Yegk_IrA5pK4EM6HwZaZu-OZPrwEyfx1CcXcw1QTrUDjK3Z,www.wigs.com,nan,5.0,1,"(113.319580078125, 92.67919158935547, 309.3505554199219, 378.4676513671875)",0.15244
Q000401,ID000051,Bob Dylan,Real,Bob Dylan,3,Bob Dylan discography - Wikipedia,https://upload.wikimedia.org/wikipedia/commons/thumb/2/2d/Bob_Dylan_%281965%29.jpg/1280px-Bob_Dylan_%281965%29.jpg,https://en.wikipedia.org/wiki/Bob_Dylan_discography,en.wikipedia.org,tier2,nan,1,"(446.6945495605469, 330.33160400390625, 823.9557495117188, 822.9631958007812)",0.09434
Q000401,ID000051,Bob Dylan,Real,Bob Dylan,4,Shapeshifter: The Never-Ending Enigma of Bob Dylan,"https://hips.hearstapps.com/hmg-prod/images/1047-001-67a9faabb742d.png?crop=0.982xw:1.00xh;0.00962xw,0&resize=1200:*",https://www.esquire.com/uk/culture/a63700174/bob-dylan/,www.esquire.com,tier2,nan,1,"(381.4365234375, 216.2993927001953, 684.6533813476562, 592.2479248046875)",0.07923
Q000402,ID000051,Bob Dylan,Fake,Bob Dylan AI generated,44,AI-Generated Dylan Portrait : r/bobdylan,https://preview.redd.it/ai-generated-dylan-portrait-v0-0j9fxi3eoyf91.jpg?width=640&crop=smart&auto=webp&s=dde3ae8c47b8ec69612b78437ec4eccda6b35ef9,https://www.reddit.com/r/bobdylan/comments/wh6mi1/aigenerated_dylan_portrait/,www.reddit.com,nan,7.0,1,"(244.43348693847656, 110.9486083984375, 529.9921264648438, 509.5240173339844)",0.27787
Q000404,ID000051,Bob Dylan,Fake,Bob Dylan AI image,37,Bob Dylan Portrait in Watercolor Pop Art Style - AI Art,https://creator.nightcafe.studio/jobs/iraTk5arK4FpY8nB7BPv/iraTk5arK4FpY8nB7BPv--1--p7361.jpg,https://creator.nightcafe.studio/creation/iraTk5arK4FpY8nB7BPv,creator.nightcafe.studio,nan,8.0,1,"(720.7092895507812, 177.63072204589844, 947.8966674804688, 496.6619873046875)",0.07022
Q000404,ID000051,Bob Dylan,Fake,Bob Dylan AI image,49,Bob Dylan Pop Art Portrait with Fantasy Mural - AI Art,https://creator.nightcafe.studio/jobs/xyox0Ukg9jd3Khj6UTM1/xyox0Ukg9jd3Khj6UTM1--1--nkodz.jpg,https://creator.nightcafe.studio/creation/xyox0Ukg9jd3Khj6UTM1,creator.nightcafe.studio,nan,8.0,1,"(745.1064453125, 228.99777221679688, 1070.8406982421875, 692.3482055664062)",0.14622
Q000405,ID000051,Bob Dylan,Fake,Bob Dylan viral deepfake,6,"Michigan targets 'deepfakes,' campaign ads that use artificial intelligence  - Bridge Michigan",https://i0.wp.com/bridgemi.com/wp-content/uploads/2023/10/desantis-trump-iowa-ad.png?fit=1920%2C1080&ssl=1,https://bridgemi.com/michigan-government/michigan-targets-deepfakes-campaign-ads-use-artificial-intelligence/,bridgemi.com,nan,5.0,1,"(123.20747375488281, 107.53097534179688, 552.0719604492188, 639.274169921875)",0.10998
Q000409,ID000052,Brad Pitt,Real,Brad Pitt,1,Brad Pitt - Wikipedia,https://upload.wikimedia.org/wikipedia/commons/9/90/Brad_Pitt-69858.jpg,https://en.wikipedia.org/wiki/Brad_Pitt,en.wikipedia.org,tier2,nan,1,"(559.6532592773438, 356.447021484375, 1161.234619140625, 1155.178955078125)",0.12723
Q000409,ID000052,Brad Pitt,Real,Brad Pitt,2,Brad Pitt - IMDb,https://m.media-amazon.com/images/M/MV5BMjA1MjE2MTQ2MV5BMl5BanBnXkFtZTcwMjE5MDY0Nw@@._V1_FMjpg_UX1000_.jpg,https://www.imdb.com/name/nm0000093/,www.imdb.com,tier2,nan,1,"(296.54107666015625, 217.63522338867188, 712.9711303710938, 743.4443969726562)",0.14568
Q000409,ID000052,Brad Pitt,Real,Brad Pitt,3,Brad Pitt filmography - Wikipedia,https://upload.wikimedia.org/wikipedia/commons/thumb/4/4c/Brad_Pitt_2019_by_Glenn_Francis.jpg/960px-Brad_Pitt_2019_by_Glenn_Francis.jpg,https://en.wikipedia.org/wiki/Brad_Pitt_filmography,en.wikipedia.org,tier2,nan,1,"(281.21453857421875, 248.9423065185547, 709.7164306640625, 807.649169921875)",0.17318
Q000410,ID000052,Brad Pitt,Fake,Brad Pitt AI generated,7,"Brad Pitt, - Brad Pitt,",https://creator.nightcafe.studio/jobs/BK3kd6ukE1VwlnuueRrL/BK3kd6ukE1VwlnuueRrL--1--6of71.jpg,https://creator.nightcafe.studio/creation/BK3kd6ukE1VwlnuueRrL,creator.nightcafe.studio,nan,5.0,1,"(342.6288757324219, 203.38720703125, 729.5237426757812, 709.8041381835938)",0.18685
Q000410,ID000052,Brad Pitt,Fake,Brad Pitt AI generated,16,Brad pitt - Comic Book Art Portrait of a Man,https://creator.nightcafe.studio/jobs/506S5uTdxRELIAVdDYsP/506S5uTdxRELIAVdDYsP--1--yvw1p.jpg,https://creator.nightcafe.studio/creation/506S5uTdxRELIAVdDYsP,creator.nightcafe.studio,nan,5.0,1,"(200.6144256591797, 30.130640029907227, 302.5921630859375, 169.25439453125)",0.05412
Q000411,ID000052,Brad Pitt,Fake,Brad Pitt deepfake,26,THE ROOM Deepfake Casts Brad Pitt as Johnny - Nerdist,https://cdn.nerdist.com/wp-content/uploads/2019/11/13070307/The-Room-Brad-Pitt-Deepfake-Feature-Image-11272019.jpg,https://nerdist.com/article/the-room-deepfake-brad-pitt-johnny/,nerdist.com,nan,7.0,1,"(719.7942504882812, 27.770862579345703, 899.3363037109375, 274.4342346191406)",0.05459
Q000412,ID000052,Brad Pitt,Fake,Brad Pitt AI image,40,Scammer uses AI-generated images of Brad Pitt to swindle over $850K from  53-year-old French woman | Tom's Hardware,"https://cdn.mos.cms.futurecdn.net/v2/t:0,l:201,cw:518,ch:518,q:80,w:518/StjLeuGuUNcW27oPqEMNh7.jpg",https://www.tomshardware.com/tech-industry/artificial-intelligence/scammer-uses-ai-generated-images-of-brad-pitt-to-swindle-over-usd850k-from-53-year-old-french-woman,www.tomshardware.com,nan,5.0,1,"(270.9947509765625, 96.92318725585938, 515.5826416015625, 405.12615966796875)",0.28094
Q000417,ID000053,Brenda-Tau,Real,Brenda-Tau,2,Who is Brenda Tau | Bio | Stats | Papua New Guinea Player - Female Cricket,https://femalecricket.com/wp-content/uploads/2017/02/Brenda-Hoi-Tau-female-cricket-1200x900.jpg,https://femalecricket.com/women-cricket-teams/64-east-asia-pacific-teams/papua-new-guinea-women-s-national-cricket-team/683-brenda-tau.html,femalecricket.com,tier2,nan,1,"(409.7059020996094, 151.07254028320312, 724.3386840820312, 569.9347534179688)",0.12203
Q000417,ID000053,Brenda-Tau,Real,Brenda-Tau,8,BRENDA TAU,https://i.ytimg.com/vi/1sLXP7ywC3A/hq720.jpg?sqp=-oaymwEhCK4FEIIDSFryq4qpAxMIARUAAAAAGAElAADIQj0AgKJD&rs=AOn4CLADypcw5NHi2NqOw_d0Y1Aa3PJQzQ,https://www.youtube.com/watch?v=1sLXP7ywC3A,www.youtube.com,tier2,nan,1,"(131.82528686523438, 53.59212875366211, 268.6543884277344, 241.33059692382812)",0.09701
Q000418,ID000053,Brenda-Tau,Fake,Brenda-Tau AI generated,5,Ivona Tau reconstructs her family history using AI tools,https://assets.leonardo.ai/afna_cBOoF08xn7w_Maskgroup.jpg?auto=compress%2Cformat&q=80&fit=max&w=2560,https://leonardo.ai/news/ivona-tau-reconstructs-her-family-history-using-ai-tools,leonardo.ai,nan,5.0,1,"(514.2861938476562, 178.36190795898438, 919.1195068359375, 673.1947631835938)",0.10002
Q000425,ID000054,Bruce Willis,Real,Bruce Willis,1,Bruce Willis - Wikipedia,https://upload.wikimedia.org/wikipedia/commons/thumb/c/c4/Bruce_Willis_by_Gage_Skidmore_3.jpg/250px-Bruce_Willis_by_Gage_Skidmore_3.jpg,https://en.wikipedia.org/wiki/Bruce_Willis,en.wikipedia.org,tier2,nan,1,"(39.71300506591797, 41.46058654785156, 177.6780242919922, 234.5043182373047)",0.30265
Q000425,ID000054,Bruce Willis,Real,Bruce Willis,2,How's Bruce Willis?,https://fox8.com/wp-content/uploads/sites/12/2025/08/GettyImages-2173527914.jpg?w=594,https://fox8.com/news/bruce-willis-wife-says-actors-brain-is-failing-him/,fox8.com,tier2,nan,1,"(141.1505584716797, 118.58296966552734, 231.72752380371094, 241.86814880371094)",0.04206
Q000428,ID000054,Bruce Willis,Fake,Bruce Willis AI image,47,Bruce Willis Oil Painting in Gurney Style - AI Art,"https://images.nightcafe.studio/ik-seo/jobs/mKlQzwT0jRiL480001oU/mKlQzwT0jRiL480001oU/bruce-willis-in-bruce-willis-starring-bruce-willis-and-bruce-willis-featuring-bruce-willis.jpg?tr=w-1600,c-at_max",https://creator.nightcafe.studio/creation/mKlQzwT0jRiL480001oU,creator.nightcafe.studio,nan,8.0,1,"(261.4193115234375, -82.87500762939453, 425.75537109375, 168.18167114257812)",0.15739
Q000433,ID000055,Bukayo Saka,Real,Bukayo Saka,3,Bukayo Saka | Arsenal FC Official Website | Arsenal.com,https://assets.arsenal.com/prod/images/square_1000_1000/8477ef76d028-7-bukayo-saka.png,https://www.arsenal.com/fixtures/men/players/bukayo-saka-alSZJ1E2zPCV,www.arsenal.com,tier2,nan,1,"(368.6476745605469, 110.22378540039062, 566.8331298828125, 362.5623779296875)",0.05001
Q000433,ID000055,Bukayo Saka,Real,Bukayo Saka,4,Bukayo Saka - Player profile 26/27 | Transfermarkt,https://img.a.transfermarkt.technology/portrait/big/433177-1684155052.jpg?lm=1,https://www.transfermarkt.us/bukayo-saka/profil/spieler/433177,www.transfermarkt.us,tier2,nan,1,"(37.934608459472656, 91.20068359375, 239.17282104492188, 343.6777038574219)",0.43426
Q000441,ID000056,Burak-Özçivit,Real,Burak-Özçivit,4,Burak Özçivit — The Movie Database (TMDB),https://media.themoviedb.org/t/p/w235_and_h235_face/pF8EHDM2ETDT2X2Pwg3Ak0ZCPAY.jpg,https://www.themoviedb.org/person/1424928-burak-oezcivit,www.themoviedb.org,tier2,nan,1,"(59.99832534790039, 31.948986053466797, 181.96182250976562, 205.21092224121094)",0.38265
Q000442,ID000056,Burak-Özçivit,Fake,Burak-Özçivit AI generated,16,burak özçivit Prompts | Stable Diffusion Online,https://imgcdn.stablediffusionweb.com/2025/8/11/fd20f45b-8755-478a-9026-661a04c4c726.jpg,https://stablediffusionweb.com/prompts/burak-%C3%B6z%C3%A7ivit,stablediffusionweb.com,nan,7.0,1,"(319.4002990722656, 85.85993194580078, 475.7135925292969, 311.0820007324219)",0.03411
Q000444,ID000056,Burak-Özçivit,Fake,Burak-Özçivit AI image,11,Muscular Man in Gym with Burak Ozcivit Face | Stable Diffusion Online,https://imgcdn.stablediffusionweb.com/2025/8/11/1fdf625b-375c-4718-8115-5aaa1b861889.jpg,https://stablediffusionweb.com/image/45708917-muscular-man-in-gym-with-burak-ozcivit-face,stablediffusionweb.com,nan,7.0,1,"(335.7222595214844, 199.95022583007812, 515.4469604492188, 444.0591735839844)",0.0425
Q000449,ID000057,Caitlin-Clark,Real,Caitlin-Clark,4,Caitlin Clark - USA Basketball,https://www.usab.com/imgproxy/hBKmOBsKpFzTrE010HtUhnxg7OgxVpmNUPDtYk6PHcU/rs:fit:3000:0:0/g:ce/q:90/aHR0cHM6Ly9zdG9yYWdlLmdvb2dsZWFwaXMuY29tL3VzYWItY29tLXByb2QvdXBsb2FkLzIwMjYvMDMvMjUvNDQ5NzY5ODYtMDc0OC00Y2MzLWFkYzQtOTdmMTY1MTljZDM1LmpwZw.png,https://www.usab.com/players/caitlin-clark,www.usab.com,tier2,nan,1,"(205.53799438476562, 75.38419342041016, 359.8268127441406, 302.21343994140625)",0.09329
Q000450,ID000057,Caitlin-Clark,Fake,Caitlin-Clark AI generated,48,"When posting unverified, AI-generated, fake, etc. photos, please include a  disclaimer. : r/CaitlinClark",https://i.redd.it/when-posting-unverified-ai-generated-fake-etc-photos-please-v0-ah2onhuxck6f1.jpg?width=391&format=pjpg&auto=webp&s=699365741a6c09eb8e72279e157161b997bbebc6,https://www.reddit.com/r/CaitlinClark/comments/1l9yftw/when_posting_unverified_aigenerated_fake_etc/,www.reddit.com,nan,7.0,1,"(140.5584259033203, 53.29258728027344, 209.32969665527344, 157.34982299804688)",0.05829
Q000451,ID000057,Caitlin-Clark,Fake,Caitlin-Clark deepfake,23,Deepfake AI Video of WNBA Star Caitlyn Clark Gets Over 9 Million Views on  Elon Musk's X Platform - MeidasTouch,https://meidasnews.com/.image/MjE0NDU2ODE5NzM1NjAyOTgw/ai.jpg?profile=default,https://meidasnews.com/news/deepfake-ai-video-of-wnba-star-caitlyn-clark-gets-over-9-million-views-on-elon-musks-x-platform,meidasnews.com,nan,5.0,1,"(776.603759765625, 89.95773315429688, 1216.712158203125, 697.5074462890625)",0.1198
Q000457,ID000058,Caleb Williams,Real,Caleb Williams,1,Caleb Williams - Chicago Bears Quarterback - ESPN,https://a.espncdn.com/i/headshots/nfl/players/full/4431611.png,https://www.espn.com/nfl/player/_/id/4431611/caleb-williams,www.espn.com,tier2,nan,1,"(221.3970489501953, 97.30479431152344, 368.8661193847656, 283.06671142578125)",0.10472
Q000457,ID000058,Caleb Williams,Real,Caleb Williams,2,Caleb Williams - Wikipedia,https://upload.wikimedia.org/wikipedia/commons/8/87/Caleb_Williams_%2854858668366%29_%28cropped%29.jpg,https://en.wikipedia.org/wiki/Caleb_Williams,en.wikipedia.org,tier2,nan,1,"(626.7843627929688, 235.9491729736328, 1029.974853515625, 725.4086303710938)",0.03531
Q000458,ID000058,Caleb Williams,Fake,Caleb Williams AI generated,40,Caleb Williams AI Generated Future Highlights : r/LisanalCaleb,https://external-preview.redd.it/caleb-williams-ai-generated-future-highlights-v0-I9Lyq4-3iZSwMHK0Wkk1dhLNiD04_gk3nhaHjHoy6M0.jpg?format=pjpg&auto=webp&s=d59ec50af19b0c75c1ebabcd2bde436358b8d79e,https://www.reddit.com/r/LisanalCaleb/comments/1bntiqd/caleb_williams_ai_generated_future_highlights/,www.reddit.com,nan,7.0,1,"(272.8420715332031, 109.34746551513672, 355.61492919921875, 206.14007568359375)",0.04636
Q000460,ID000058,Caleb Williams,Fake,Caleb Williams AI image,40,Caleb Williams Wins Super Bowl | Stable Diffusion Online,https://imgcdn.stablediffusionweb.com/2024/4/30/2e685008-1622-4629-9941-2f495bd11c48.jpg,https://stablediffusionweb.com/image/6382257-caleb-williams-wins-super-bowl,stablediffusionweb.com,nan,7.0,1,"(307.8507080078125, 201.20562744140625, 578.478271484375, 574.3978881835938)",0.09632
Q000465,ID000059,Cameron Diaz,Real,Cameron Diaz,2,Cameron Diaz - IMDb,https://m.media-amazon.com/images/M/MV5BMTkxNTI5NzM4MV5BMl5BanBnXkFtZTcwMTI3ODY3Mg@@._V1_FMjpg_UX1000_.jpg,https://www.imdb.com/name/nm0000139/,www.imdb.com,tier2,nan,1,"(263.0557556152344, 244.3843231201172, 746.1229858398438, 876.9973754882812)",0.20704
Q000466,ID000059,Cameron Diaz,Fake,Cameron Diaz AI generated,4,Cameron Diaz's Porcelain-like Skin | Stable Diffusion Online,https://imgcdn.stablediffusionweb.com/2024/4/22/4ae92a48-6b5b-4f02-a4d6-ecab1de82fb0.jpg,https://stablediffusionweb.com/image/5860046-cameron-diaz-s-porcelain-like-skin,stablediffusionweb.com,nan,7.0,1,"(210.85171508789062, 223.30560302734375, 594.9888916015625, 719.1046752929688)",0.18163
Q000466,ID000059,Cameron Diaz,Fake,Cameron Diaz AI generated,7,Cameron Diaz Portrait | Stable Diffusion Online,https://imgcdn.stablediffusionweb.com/2024/12/27/6c501304-5bf6-4b62-9ff3-e2b164434ece.jpg,https://stablediffusionweb.com/image/26650056-cameron-diaz-portrait,stablediffusionweb.com,nan,7.0,1,"(242.13270568847656, 212.20980834960938, 801.1568603515625, 914.1248168945312)",0.37421
Q000466,ID000059,Cameron Diaz,Fake,Cameron Diaz AI generated,11,Cameron Diaz Full Frontal Scenes | Stable Diffusion Online,https://imgcdn.stablediffusionweb.com/2024/4/22/0efdfa97-093c-4c16-9cb6-87f5001169cc.jpg,https://stablediffusionweb.com/image/5860003-cameron-diaz-full-frontal-scenes,stablediffusionweb.com,nan,7.0,1,"(360.94525146484375, 104.68820190429688, 544.0153198242188, 356.0373229980469)",0.04388
Q000468,ID000059,Cameron Diaz,Fake,Cameron Diaz AI image,32,"Cameron Diaz as Manga Hero, My Hero Academia Style - AI Art",https://creator.nightcafe.studio/jobs/pGq4fDtUMxU5KkRChWHo/pGq4fDtUMxU5KkRChWHo--1--3oawh.jpg,https://creator.nightcafe.studio/creation/pGq4fDtUMxU5KkRChWHo,creator.nightcafe.studio,nan,8.0,1,"(371.295654296875, 200.41397094726562, 736.3480834960938, 630.03955078125)",0.14957
Q000473,ID000060,Cameron-Green,Real,Cameron-Green,4,"Cameron Green (Australia) IPL Career Stats, 1029 Runs | IPL",https://img.ipl.com/upload/20260206/d9be1e65bf16db344f42e3b25d54c773.jpg,https://www.ipl.com/cricket/series/cameron-green/,www.ipl.com,tier2,nan,1,"(224.5109100341797, 50.38253402709961, 347.0623474121094, 217.83909606933594)",0.04858
Q000477,ID000060,Cameron-Green,Fake,Cameron-Green viral deepfake,13,The Biden Deepfake Robocall Is Only the Beginning | WIRED,https://media.wired.com/photos/65af0d250976c452c613dfd3/3:2/w_2560%2Cc_limit/politics_audio_deepfake_election.jpg,https://www.wired.com/story/biden-robocall-deepfake-danger/,www.wired.com,nan,7.0,1,"(1058.478759765625, -984.6786499023438, 2481.324951171875, 939.9788818359375)",1.00173
Q000478,ID000060,Cameron-Green,Fake,Cameron-Green synthetic face,21,Cameron Lite | Synthetic Lace Front Wig (Mono Top),https://www.wigs.com/cdn/shop/files/Untitled_design_-_2024-11-11T191217.273.jpg?v=1731442705&width=1946,https://www.wigs.com/products/cameron-lite-synthetic-wig-jon-renau?srsltid=AfmBOoono-YOOWmurkunRhud-oIv7kgGbrRnX391igwhTotU4ykQU9nc,www.wigs.com,nan,5.0,1,"(146.09619140625, 168.88941955566406, 406.2841796875, 531.6689453125)",0.25685
Q000478,ID000060,Cameron-Green,Fake,Cameron-Green synthetic face,24,Cameron Lite | Synthetic Lace Front Wig (Mono Top),https://www.wigs.com/cdn/shop/files/IMG_0406pp_550878b9-d017-4d47-bef7-111c172baae5.jpg?v=1726175223&width=1946,https://www.wigs.com/products/cameron-lite-synthetic-wig-jon-renau?srsltid=AfmBOopigrIWkYPAU7wpLoaSO85XljBspC8kFsp1XXDJU2GKtUojdT4A,www.wigs.com,nan,5.0,1,"(165.24105834960938, 184.1291961669922, 338.5484619140625, 418.02862548828125)",0.1103
Q000481,ID000061,Carey Mulligan,Real,Carey Mulligan,1,Carey Mulligan - IMDb,https://m.media-amazon.com/images/M/MV5BOGEyMWZlYTItZmRiOS00M2JmLThmNTktYmVhNjUzOWVlM2UwXkEyXkFqcGc@._V1_.jpg,https://www.imdb.com/name/nm1659547/,www.imdb.com,tier2,nan,1,"(148.68812561035156, 146.834228515625, 344.8333435058594, 421.7323913574219)",0.17804
Q000481,ID000061,Carey Mulligan,Real,Carey Mulligan,2,"Carey Mulligan | Biography, Movies, Plays, & Facts | Britannica",https://cdn.britannica.com/96/216396-050-264684CB/English-actress-Carey-Mulligan-2019.jpg,https://www.britannica.com/biography/Carey-Mulligan,www.britannica.com,tier2,nan,1,"(380.2535705566406, 275.1929016113281, 1015.4974975585938, 1077.7625732421875)",0.26075
Q000488,ID000061,Carey Mulligan,Fake,Carey Mulligan Midjourney,48,A few screenshots of Netflix's Dragon Ball Z movie! : r/midjourney,https://preview.redd.it/a-few-screenshots-of-netflixs-dragon-ball-z-movie-v0-h1e0c7rmoboc1.png?width=640&crop=smart&auto=webp&s=700a02ccc03e580e1f95ca5862788db7ae6c47e3,https://www.reddit.com/r/midjourney/comments/1beopn3/a_few_screenshots_of_netflixs_dragon_ball_z_movie/,www.reddit.com,nan,5.0,1,"(337.0661926269531, 59.952754974365234, 447.5708923339844, 195.40371704101562)",0.06533
Q000488,ID000061,Carey Mulligan,Fake,Carey Mulligan Midjourney,49,A few screenshots of Netflix's Dragon Ball Z movie! : r/midjourney,https://i.redd.it/a-few-screenshots-of-netflixs-dragon-ball-z-movie-v0-38padvomoboc1.png?width=1456&format=png&auto=webp&s=f6d992a3fd8315fbf9902ca2e8ea0c51625c7baa,https://www.reddit.com/r/midjourney/comments/1beopn3/a_few_screenshots_of_netflixs_dragon_ball_z_movie/,www.reddit.com,nan,5.0,1,"(785.59716796875, 224.27774047851562, 1031.2967529296875, 546.9029541015625)",0.06672
Q000489,ID000062,Carla Gugino,Real,Carla Gugino,2,Carla Gugino - IMDb,https://m.media-amazon.com/images/M/MV5BNzQyNTgzOTI2OF5BMl5BanBnXkFtZTgwNTMyMDk0NjE@._V1_FMjpg_UX1000_.jpg,https://www.imdb.com/name/nm0001303/,www.imdb.com,tier2,nan,1,"(286.2196960449219, 357.0878601074219, 719.6138916015625, 934.01220703125)",0.1657
Q000489,ID000062,Carla Gugino,Real,Carla Gugino,3,Carla Gugino — The Movie Database (TMDB),https://image.tmdb.org/t/p/w500/dAqGOsHSzlP6RhaUURX2NrwITaq.jpg,https://www.themoviedb.org/person/17832-carla-gugino,www.themoviedb.org,tier2,nan,1,"(170.12351989746094, 112.8780517578125, 360.57391357421875, 385.29168701171875)",0.13817
Q000490,ID000062,Carla Gugino,Fake,Carla Gugino AI generated,41,carla gugino Prompts | Stable Diffusion Online,https://imgcdn.stablediffusionweb.com/2025/1/3/6dc34436-3283-428e-8cb6-0c968608069b.jpg,https://stablediffusionweb.com/prompts/carla-gugino,stablediffusionweb.com,nan,7.0,1,"(387.2169189453125, 158.74484252929688, 588.8263549804688, 406.41290283203125)",0.04762
Q000494,ID000062,Carla Gugino,Fake,Carla Gugino synthetic face,25,Carla Gugino Faceset,https://www.deepfakevfx.com/wp-content/uploads/celebrity-facesets/6156/faceset-sample-6156-300x300.jpg,https://www.deepfakevfx.com/celebrity-facesets/carla-gugino-6119/,www.deepfakevfx.com,nan,4.0,1,"(73.54592895507812, 43.160037994384766, 224.67141723632812, 251.04605102539062)",0.34908
Q000495,ID000062,Carla Gugino,Fake,Carla Gugino Stable Diffusion,44,carla gugino Prompts | Stable Diffusion Online,https://imgcdn.stablediffusionweb.com/2025/9/11/3f97b391-9f42-4640-b0fa-dfc0edb99602.jpg,https://stablediffusionweb.com/prompts/carla-gugino,stablediffusionweb.com,nan,7.0,1,"(330.72674560546875, 144.64788818359375, 644.2034912109375, 608.57177734375)",0.13869
Q000497,ID000063,Carlos Alcaraz,Real,Carlos Alcaraz,2,Carlos Alcaraz - Wikipedia,https://upload.wikimedia.org/wikipedia/commons/thumb/d/d4/25th_Laureus_World_Sports_Awards_-_Red_Carpet_-_Carlos_Alcaraz_-_240422_192324_%28cropped%29.jpg/960px-25th_Laureus_World_Sports_Awards_-_Red_Carpet_-_Carlos_Alcaraz_-_240422_192324_%28cropped%29.jpg,https://en.wikipedia.org/wiki/Carlos_Alcaraz,en.wikipedia.org,tier2,nan,1,"(200.08973693847656, 221.79830932617188, 627.87548828125, 722.97509765625)",0.16729
Q000497,ID000063,Carlos Alcaraz,Real,Carlos Alcaraz,6,Carlos Alcaraz Debuts Braided Hairstyle in Dramatic Transformation Ahead of  US Open,https://people.com/thmb/gnUmDIlII78C7hH7xNfdnUls_fM=/4000x0/filters:no_upscale():max_bytes(150000):strip_icc():focal(749x0:751x2)/carlos-alcaraz-3-073026-276b68340d864b3a9e06f2dd4ebf5ce3.jpg,https://people.com/carlos-alcaraz-debuts-braided-hairstyle-in-dramatic-transformation-ahead-of-us-open-12031318,people.com,tier2,nan,1,"(262.0567321777344, 182.7632293701172, 549.1333618164062, 571.093994140625)",0.07432
Q000497,ID000063,Carlos Alcaraz,Real,Carlos Alcaraz,7,Carlos Alcaraz looks a new man as two-time Wimbledon champ shows off  dramatic new look ahead of US Open,https://www.thesun.co.uk/wp-content/uploads/2026/07/carlos-alcaraz-looks-new-man-1098465244.jpg,https://www.the-sun.com/sport/16770594/carlos-alcaraz-hair-cornrows-wimbledon-tennis/,www.the-sun.com,tier2,nan,1,"(297.0990295410156, 253.98318481445312, 474.0263671875, 517.6368408203125)",0.07199
Q000503,ID000063,Carlos Alcaraz,Fake,Carlos Alcaraz Stable Diffusion,4,Carlos Alcaraz as a Baby | Stable Diffusion Online,https://imgcdn.stablediffusionweb.com/2025/9/3/db15ce28-8808-4e9e-86f8-2747bf64cb76.jpg,https://stablediffusionweb.com/ru/image/48027920-carlos-alcaraz-as-a-baby,stablediffusionweb.com,nan,7.0,1,"(406.77093505859375, 197.20338439941406, 616.330078125, 452.19287109375)",0.05096
Q000505,ID000064,Carrie-Anne Moss,Real,Carrie-Anne Moss,1,Carrie-Anne Moss - Wikipedia,https://upload.wikimedia.org/wikipedia/commons/thumb/1/15/Carrie-Anne_Moss_May_2016.jpg/960px-Carrie-Anne_Moss_May_2016.jpg,https://en.wikipedia.org/wiki/Carrie-Anne_Moss,en.wikipedia.org,tier2,nan,1,"(271.5878601074219, 213.72303771972656, 718.1975708007812, 846.29052734375)",0.21847
Q000505,ID000064,Carrie-Anne Moss,Real,Carrie-Anne Moss,2,Carrie-Anne Moss - Actress,https://ntvb.tmsimg.com/assets/assets/78172_v9_bb.jpg,https://www.tvinsider.com/people/carrie-anne-moss/,www.tvinsider.com,tier2,nan,1,"(260.7105712890625, 195.13058471679688, 786.39404296875, 954.4976806640625)",0.25668
Q000505,ID000064,Carrie-Anne Moss,Real,Carrie-Anne Moss,3,Carrie-Anne Moss: 'I cried and cried… my heart hadn't gotten tough yet' |  The Independent,"https://static.independent.co.uk/2025/03/07/8/36/shutterstock_editorial_14479334cy.jpeg?crop=1365,1365,x341.6,y0&width=1200&height=1200",https://www.independent.co.uk/arts-entertainment/films/features/carrie-anne-moss-interview-die-alone-matrix-b2710759.html,www.independent.co.uk,tier2,nan,1,"(292.9744873046875, 62.557308197021484, 828.2054443359375, 938.1001586914062)",0.32543
Q000506,ID000064,Carrie-Anne Moss,Fake,Carrie-Anne Moss AI generated,2,Young Robin Wright and Carrie-Anne Moss as Female Rogue in RPG Portrait |  Stable Diffusion Online,https://imgcdn.stablediffusionweb.com/2024/5/19/ae6b7471-8582-4692-b524-85b57fb559bc.jpg,https://stablediffusionweb.com/image/7617086-young-robin-wright-and-carrie-anne-moss-as-female-rogue-in-rpg-portrait,stablediffusionweb.com,nan,7.0,1,"(245.66827392578125, 121.50484466552734, 806.0560302734375, 879.0242309570312)",0.40484
Q000506,ID000064,Carrie-Anne Moss,Fake,Carrie-Anne Moss AI generated,4,Carrie Anne Moss in Latex | Stable Diffusion Online,https://imgcdn.stablediffusionweb.com/2025/6/6/ccd6ef56-a2cd-4de6-9394-67b16adffcd4.jpg,https://stablediffusionweb.com/image/40892039-carrie-anne-moss-in-latex,stablediffusionweb.com,nan,7.0,1,"(462.2728271484375, 147.30613708496094, 660.1642456054688, 422.71514892578125)",0.05198
Q000507,ID000064,Carrie-Anne Moss,Fake,Carrie-Anne Moss deepfake,14,Office Matrix [Deepfake],https://i.ytimg.com/vi/3ALCnXi1BeA/hq720.jpg?sqp=-oaymwEhCK4FEIIDSFryq4qpAxMIARUAAAAAGAElAADIQj0AgKJD&rs=AOn4CLDWD8pYMnYktod_bqNBa2Etr5U6jQ,https://www.youtube.com/watch?v=3ALCnXi1BeA,www.youtube.com,nan,3.0,1,"(345.5567321777344, 64.10266876220703, 537.473388671875, 311.7552490234375)",0.17949
Q000508,ID000064,Carrie-Anne Moss,Fake,Carrie-Anne Moss AI image,5,Carrie Anne Moss at Sunset Beach | Stable Diffusion Online,https://imgcdn.stablediffusionweb.com/2024/9/20/d4406ab7-11ac-4548-9d0c-2a462633e53f.jpg,https://stablediffusionweb.com/image/17528737-carrie-anne-moss-at-sunset-beach,stablediffusionweb.com,nan,7.0,1,"(502.02587890625, 140.07272338867188, 645.5175170898438, 388.47430419921875)",0.03399
Q000513,ID000065,Charles Chaplin,Real,Charles Chaplin,1,Charlie Chaplin - Wikipedia,https://upload.wikimedia.org/wikipedia/commons/thumb/8/82/Charlie_Chaplin_portrait_Getty_1739411952.jpg/960px-Charlie_Chaplin_portrait_Getty_1739411952.jpg,https://en.wikipedia.org/wiki/Charlie_Chaplin,en.wikipedia.org,tier2,nan,1,"(266.12030029296875, 289.72967529296875, 650.19580078125, 786.6272583007812)",0.14532
Q000513,ID000065,Charles Chaplin,Real,Charles Chaplin,2,Charles Chaplin - IMDb,https://m.media-amazon.com/images/M/MV5BNDcwMDc0ODAzOF5BMl5BanBnXkFtZTgwNTY2OTI1MDE@._V1_FMjpg_UX1000_.jpg,https://www.imdb.com/name/nm0000122/,www.imdb.com,tier2,nan,1,"(253.93576049804688, 370.2197265625, 752.30810546875, 1060.1719970703125)",0.22241
Q000514,ID000065,Charles Chaplin,Fake,Charles Chaplin AI generated,25,Charlie Chaplin and Striped Kitten Photo | Stable Diffusion Online,https://imgcdn.stablediffusionweb.com/2024/5/17/c4a19418-ecfa-4da7-ae7d-e7c4e7be9d14.jpg,https://stablediffusionweb.com/image/7457192-charlie-chaplin-and-striped-kitten-photo,stablediffusionweb.com,nan,7.0,1,"(372.63458251953125, 196.66229248046875, 675.3670043945312, 584.712646484375)",0.11203
Q000514,ID000065,Charles Chaplin,Fake,Charles Chaplin AI generated,6,Charlie Chaplin - Charlie Chaplin as The Tramp in Charcoal,https://creator.nightcafe.studio/jobs/p1QUtu3lAf8RGefjpiHp/p1QUtu3lAf8RGefjpiHp--1--v7czn.jpg,https://creator.nightcafe.studio/creation/p1QUtu3lAf8RGefjpiHp,creator.nightcafe.studio,nan,5.0,1,"(332.70245361328125, 316.8233947753906, 695.1578369140625, 800.9310302734375)",0.16999
Q000518,ID000065,Charles Chaplin,Fake,Charles Chaplin synthetic face,15,BIRD'S MIND Synthetic Wood Wall Hanging Charlie Chaplin Photo Framed Poster  For Living Room Home Decor Bedroom Office Wall Art Frames L x H 9.5 Inches  ...,https://m.media-amazon.com/images/I/71iSARviunS.jpg,https://www.amazon.in/BIRDS-MIND-Synthetic-Hanging-Charlie/dp/B096VHH7T3,www.amazon.in,nan,5.0,1,"(748.064208984375, 702.7374267578125, 1438.760498046875, 1578.950439453125)",0.12635
Q000521,ID000066,Charlize Theron,Real,Charlize Theron,1,Charlize Theron - IMDb,https://m.media-amazon.com/images/M/MV5BMTk5Mzc4ODU0Ml5BMl5BanBnXkFtZTcwNjU1NTI0Mw@@._V1_.jpg,https://www.imdb.com/name/nm0000234/,www.imdb.com,tier2,nan,1,"(64.25361633300781, 86.66822814941406, 209.4024658203125, 285.3863220214844)",0.24036
Q000521,ID000066,Charlize Theron,Real,Charlize Theron,2,Charlize Theron - Wikipedia,https://upload.wikimedia.org/wikipedia/commons/thumb/0/08/Charlize_Theron_WonderCon_2012_%28Straighten_Crop%29.jpg/250px-Charlize_Theron_WonderCon_2012_%28Straighten_Crop%29.jpg,https://en.wikipedia.org/wiki/Charlize_Theron,en.wikipedia.org,tier2,nan,1,"(67.0377426147461, 47.10851287841797, 162.93394470214844, 181.91978454589844)",0.14649
Q000521,ID000066,Charlize Theron,Real,Charlize Theron,3,Charlize Theron at 50: The Hollywood star who escaped tragedy to break down  prejudices | Culture | EL PAÍS English,https://imagenes.elpais.com/resizer/v2/NFME7AZLZVBDVGO4R3HS5YDQMI.jpg?auth=1016801bcdf532a6971a3523016f679066205075327b868996f3cae35025b9b2&width=1960&height=1470&focal=2705%2C1493,https://english.elpais.com/culture/2025-08-07/charlize-theron-at-50-the-hollywood-star-who-escaped-tragedy-to-break-down-prejudices.html,english.elpais.com,tier2,nan,1,"(726.2337646484375, 258.4046936035156, 1311.8809814453125, 1028.3355712890625)",0.1565
Q000522,ID000066,Charlize Theron,Fake,Charlize Theron AI generated,15,Charlize Theron as Circe | Stable Diffusion Online,https://imgcdn.stablediffusionweb.com/2025/3/23/a25e4903-b7e9-4da3-852e-2d6406644723.jpg,https://stablediffusionweb.com/image/35137460-charlize-theron-as-circe,stablediffusionweb.com,nan,7.0,1,"(165.1581268310547, 190.42750549316406, 511.13287353515625, 652.9100341796875)",0.16142
Q000522,ID000066,Charlize Theron,Fake,Charlize Theron AI generated,1,Charlize Theron - Charlize Theron as Nurse: Hyperrealistic P...,https://creator.nightcafe.studio/jobs/EmtsckB0f67bJz4COC9J/EmtsckB0f67bJz4COC9J--1--kcm5x.jpg,https://creator.nightcafe.studio/creation/EmtsckB0f67bJz4COC9J,creator.nightcafe.studio,nan,5.0,1,"(106.44174194335938, 109.72940063476562, 324.79571533203125, 400.0946044921875)",0.24186
Q000522,ID000066,Charlize Theron,Fake,Charlize Theron AI generated,2,"Inspired Charlize Theron AI generated art"" Photographic Print by Medly |  Redbubble","https://ih1.redbubble.net/image.4094543219.9642/flat,750x,075,f-pad,750x1000,f8f8f8.u6.jpg",https://www.redbubble.com/i/photographic-print/Inspired-Charlize-Theron-AI-generated-art-by-Medly/122809642/zltf,www.redbubble.com,nan,5.0,1,"(142.8818817138672, 224.4188232421875, 563.2052612304688, 813.46728515625)",0.33012
Q000524,ID000066,Charlize Theron,Fake,Charlize Theron AI image,9,Charlize Theron Portrait | Stable Diffusion Online,https://imgcdn.stablediffusionweb.com/2024/9/28/bffc06a1-9812-455a-a5a5-6860137b5b36.jpg,https://stablediffusionweb.com/image/18453497-charlize-theron-portrait,stablediffusionweb.com,nan,7.0,1,"(276.9234619140625, 228.08258056640625, 693.5263671875, 802.553466796875)",0.22824
Q000524,ID000066,Charlize Theron,Fake,Charlize Theron AI image,19,Young Charlize Theron with Glasses | Stable Diffusion Online,https://imgcdn.stablediffusionweb.com/2024/10/13/0d0c5d30-3c14-4389-a378-ca6d591a3d9d.jpg,https://stablediffusionweb.com/image/19903729-young-charlize-theron-with-glasses,stablediffusionweb.com,nan,7.0,1,"(280.41326904296875, 225.15631103515625, 736.4087524414062, 820.9793701171875)",0.25911
Q000529,ID000067,Charlton Heston,Real,Charlton Heston,1,Charlton Heston's Best Actor Win for Ben-Hur. Robbery or Underrated? :  r/oscarrace,https://preview.redd.it/charlton-hestons-best-actor-win-for-ben-hur-robbery-or-v0-dofkv47kz20d1.jpeg?width=640&crop=smart&auto=webp&s=e0cf304ffcfe15bf12694324ac99a50091c9620a,https://www.reddit.com/r/oscarrace/comments/1cql9is/charlton_hestons_best_actor_win_for_benhur/,www.reddit.com,tier2,nan,1,"(278.3831481933594, 135.5323028564453, 393.849853515625, 299.19720458984375)",0.03575
Q000529,ID000067,Charlton Heston,Real,Charlton Heston,2,Charlton Heston - IMDb,https://m.media-amazon.com/images/M/MV5BMmZkZDU3ZTktMTMxNS00MTI5LTlkNzItNzk2Y2I3OGRhYWY2XkEyXkFqcGc@._V1_.jpg,https://www.imdb.com/name/nm0000032/,www.imdb.com,tier2,nan,1,"(578.2767944335938, 804.9693603515625, 1791.9556884765625, 2410.328369140625)",0.28598
Q000530,ID000067,Charlton Heston,Fake,Charlton Heston AI generated,3,Charlton Heston as Navy Seal | Stable Diffusion Online,https://imgcdn.stablediffusionweb.com/2024/4/11/aa12bfd3-dc20-4492-a49a-0b2953453492.jpg,https://stablediffusionweb.com/image/5133896-charlton-heston-as-navy-seal,stablediffusionweb.com,nan,7.0,1,"(377.20257568359375, 132.980224609375, 670.4491577148438, 542.0571899414062)",0.1144
Q000532,ID000067,Charlton Heston,Fake,Charlton Heston AI image,7,Ancient Greek Historian Charlton Heston | Stable Diffusion Online,https://imgcdn.stablediffusionweb.com/2024/9/20/5449e191-2d39-482f-bc03-dcf0632ded69.jpg,https://stablediffusionweb.com/image/17537742-ancient-greek-historian-charlton-heston,stablediffusionweb.com,nan,7.0,1,"(405.4748840332031, 137.90054321289062, 605.0699462890625, 418.135009765625)",0.05334
Q000535,ID000067,Charlton Heston,Fake,Charlton Heston Stable Diffusion,37,charlton heston Prompts | Stable Diffusion Online,https://imgcdn.stablediffusionweb.com/2024/12/28/8b25b220-ecbd-4f16-b3a3-2554b36dde71.jpg,https://stablediffusionweb.com/prompts/charlton-heston,stablediffusionweb.com,nan,7.0,1,"(416.174560546875, 173.05674743652344, 619.77685546875, 444.294189453125)",0.05267
Q000535,ID000067,Charlton Heston,Fake,Charlton Heston Stable Diffusion,40,charlton heston documentary style Prompts | Stable Diffusion Online,https://imgcdn.stablediffusionweb.com/2025/8/29/f971794b-ea93-492a-8c41-2ac049aab920.jpg,https://stablediffusionweb.com/prompts/charlton-heston-documentary-style,stablediffusionweb.com,nan,7.0,1,"(315.64459228515625, 205.0619659423828, 488.901611328125, 442.0479431152344)",0.03916
Q000535,ID000067,Charlton Heston,Fake,Charlton Heston Stable Diffusion,45,charlton heston Prompts | Stable Diffusion Online,https://imgcdn.stablediffusionweb.com/2025/8/23/3e0e0250-9490-4608-9d3a-fed3d6985bb8.jpg,https://stablediffusionweb.com/prompts/charlton-heston,stablediffusionweb.com,nan,7.0,1,"(307.3943786621094, 51.00270080566406, 671.7381591796875, 556.5408935546875)",0.17566
Q000536,ID000067,Charlton Heston,Fake,Charlton Heston Midjourney,10,Portraits Of Historical Figures : r/midjourney,https://preview.redd.it/portraits-of-historical-figures-v0-7jo8wuc5bxwc1.png?width=640&crop=smart&auto=webp&s=effb61a32767e466f4a1f150e2cc705e3723c1d7,https://www.reddit.com/r/midjourney/comments/1ce31cv/portraits_of_historical_figures/,www.reddit.com,nan,5.0,1,"(224.93487548828125, 228.42971801757812, 357.64947509765625, 406.42437744140625)",0.05767
Q000536,ID000067,Charlton Heston,Fake,Charlton Heston Midjourney,26,Portraits Of Historical Figures : r/midjourney,https://preview.redd.it/portraits-of-historical-figures-v0-10d5zkvuaxwc1.png?width=640&crop=smart&auto=webp&s=e83f323c108e6b618c29eafe964f9ccdd3e8f51e,https://www.reddit.com/r/midjourney/comments/1ce31cv/portraits_of_historical_figures/,www.reddit.com,nan,5.0,1,"(216.3875274658203, 174.60983276367188, 398.0683288574219, 416.6875915527344)",0.10738
Q000536,ID000067,Charlton Heston,Fake,Charlton Heston Midjourney,34,Portraits Of Historical Figures : r/midjourney,https://preview.redd.it/portraits-of-historical-figures-v0-y35m8pwzaxwc1.png?width=640&crop=smart&auto=webp&s=7e463d3dc7829ae009f273e3e2ef9316d49c2f78,https://www.reddit.com/r/midjourney/comments/1ce31cv/portraits_of_historical_figures/,www.reddit.com,nan,5.0,1,"(223.61434936523438, 213.85511779785156, 405.97113037109375, 442.9841003417969)",0.10201
Q000537,ID000068,Chloe-Kim,Real,Chloe-Kim,2,Chloe Kim,https://www.usskiandsnowboard.org/sites/default/files/styles/athlete_headshot_node/public/images/athletes/head-shots/2026-01/ChloeKim.jpg?itok=As0bRBoG,https://www.usskiandsnowboard.org/athletes/chloe-kim,www.usskiandsnowboard.org,tier2,nan,1,"(118.34837341308594, 58.6749153137207, 216.63853454589844, 199.24136352539062)",0.11952
Q000537,ID000068,Chloe-Kim,Real,Chloe-Kim,4,Chloe Kim | Team USA,https://res.cloudinary.com/usopc-prod/image/upload/v1687662447/TeamUSA%20Assets/Athlete%20Profiles/batch%20images/kim_c_hero_UNKNOWN.png,https://www.teamusa.com/profiles/chloe-kim,www.teamusa.com,tier2,nan,1,"(520.3912353515625, 110.32491302490234, 801.41552734375, 497.1279296875)",0.04493
Q000539,ID000068,Chloe-Kim,Fake,Chloe-Kim deepfake,50,Who's Afraid of Deepfake Kim Kardashian? | Frieze,https://static.frieze.com/files/styles/hero_image/public/article/main/christopher-kulendran-thomas-finesse-2022-23.jpg?VersionId=w9vHmNFpOXjys_5hCRGecCYt1UZPLqlw&itok=mNhyAM-F,https://www.frieze.com/article/whos-afraid-deepfake-kim-kardashian,www.frieze.com,nan,5.0,1,"(744.1048583984375, 133.1485137939453, 906.6221923828125, 360.27789306640625)",0.04394
Q000545,ID000069,Chlo� Grace Moretz,Real,Chlo� Grace Moretz,1,Chloë Grace Moretz - Wikipedia,https://upload.wikimedia.org/wikipedia/commons/a/a0/Chlo%C3%AB_Grace_Moretz_The_Peripheral_NYCC_2022_%28cropped%29.jpg,https://en.wikipedia.org/wiki/Chlo%C3%AB_Grace_Moretz,en.wikipedia.org,tier2,nan,1,"(214.93063354492188, 177.32017517089844, 556.0014038085938, 600.3897094726562)",0.17595
Q000545,ID000069,Chlo� Grace Moretz,Real,Chlo� Grace Moretz,2,Chloë Grace Moretz - IMDb,https://m.media-amazon.com/images/M/MV5BMTIyMzYyMjItNGE3YS00N2NiLWFkNGEtZDhiZTI2ODk4Zjc0XkEyXkFqcGc@._V1_FMjpg_UX1000_.jpg,https://www.imdb.com/name/nm1631269/,www.imdb.com,tier2,nan,1,"(341.1433410644531, 150.57888793945312, 697.27783203125, 636.2653198242188)",0.13838
Q000545,ID000069,Chlo� Grace Moretz,Real,Chlo� Grace Moretz,3,Chloë Grace Moretz - Wikipedia,https://upload.wikimedia.org/wikipedia/commons/thumb/0/05/Chlo%C3%AB_Grace_Moretz%2C_Elle_Style_Awards%2C_2013_%28straight_crop%29.jpg/250px-Chlo%C3%AB_Grace_Moretz%2C_Elle_Style_Awards%2C_2013_%28straight_crop%29.jpg,https://en.wikipedia.org/wiki/Chlo%C3%AB_Grace_Moretz,en.wikipedia.org,tier2,nan,1,"(80.09135437011719, 75.9154281616211, 185.29779052734375, 214.70199584960938)",0.15914
Q000546,ID000069,Chlo� Grace Moretz,Fake,Chlo� Grace Moretz AI generated,16,Chloe Grace Moretz on Unclad Beach | Stable Diffusion Online,https://imgcdn.stablediffusionweb.com/2025/2/5/7cc23f36-a88a-4584-8359-4cfb140a125f.jpg,https://stablediffusionweb.com/image/30740853-chloe-grace-moretz-on-unclad-beach,stablediffusionweb.com,nan,7.0,1,"(294.14093017578125, 191.8039093017578, 593.0525512695312, 563.0364990234375)",0.10583
Q000546,ID000069,Chlo� Grace Moretz,Fake,Chlo� Grace Moretz AI generated,7,Chloë Grace Moretz - Fantasy Portrait of a Woman on a Windy ...,https://creator.nightcafe.studio/jobs/Yz8anK2e0vq3cENrewcX/Yz8anK2e0vq3cENrewcX--1--rzwxe.jpg,https://creator.nightcafe.studio/creation/Yz8anK2e0vq3cENrewcX,creator.nightcafe.studio,nan,5.0,1,"(391.36395263671875, 102.70353698730469, 608.2763061523438, 389.3733215332031)",0.06024
Q000547,ID000069,Chlo� Grace Moretz,Fake,Chlo� Grace Moretz deepfake,1,Chloe Grace Moretz Faceset,https://www.deepfakevfx.com/wp-content/uploads/celebrity-facesets/6170/faceset-sample-6170.jpg,https://www.deepfakevfx.com/celebrity-facesets/chloe-grace-moretz-6170/,www.deepfakevfx.com,nan,4.0,1,"(116.67654418945312, 61.2579345703125, 387.6877136230469, 423.5445861816406)",0.37454
Q000547,ID000069,Chlo� Grace Moretz,Fake,Chlo� Grace Moretz deepfake,2,Chloe Grace Moretz Faceset,https://www.deepfakevfx.com/wp-content/uploads/celebrity-facesets/6169/faceset-sample-6169.jpg,https://www.deepfakevfx.com/celebrity-facesets/chloe-grace-moretz-6169/,www.deepfakevfx.com,nan,4.0,1,"(174.34359741210938, 95.15003967285156, 601.2021484375, 641.2378540039062)",0.39521
Q000548,ID000069,Chlo� Grace Moretz,Fake,Chlo� Grace Moretz AI image,26,Chloe Grace Moretz as Harley Quinn - AI Art,https://creator.nightcafe.studio/jobs/spQeL7umZabRvrTsBSae/spQeL7umZabRvrTsBSae--1--u3erq.jpg,https://creator.nightcafe.studio/creation/spQeL7umZabRvrTsBSae,creator.nightcafe.studio,nan,8.0,1,"(179.71278381347656, 191.24058532714844, 527.2954711914062, 683.4563598632812)",0.16575
Q000548,ID000069,Chlo� Grace Moretz,Fake,Chlo� Grace Moretz AI image,41,Chloe Grace Moretz as Marilyn Monroe | Stable Diffusion Online,https://imgcdn.stablediffusionweb.com/2024/11/22/9d6e8022-113a-429e-bbe8-5cba402309a4.jpg,https://stablediffusionweb.com/image/23367794-chloe-grace-moretz-as-marilyn-monroe,stablediffusionweb.com,nan,7.0,1,"(317.8305358886719, 107.05577087402344, 492.3825988769531, 331.4597473144531)",0.03872
Q000553,ID000070,Chris Cooper,Real,Chris Cooper,1,Chris Cooper - Wikipedia,https://upload.wikimedia.org/wikipedia/commons/thumb/5/53/Chris_Cooper_at_the_2009_Tribeca_Film_Festival.jpg/960px-Chris_Cooper_at_the_2009_Tribeca_Film_Festival.jpg,https://en.wikipedia.org/wiki/Chris_Cooper,en.wikipedia.org,tier2,nan,1,"(277.855712890625, 291.5742492675781, 679.4713745117188, 820.7984619140625)",0.16449
Q000553,ID000070,Chris Cooper,Real,Chris Cooper,3,"Chris Cooper: Craft, Hallucinations, and the Intensity of Acting —  PhotoBook Magazine",https://images.squarespace-cdn.com/content/v1/5c55184293a6324e1f793b37/4d728ae9-cdd7-4323-bcff-e520119d6722/CHRIS+COOPER+INDIVIDUAL-01.jpg,https://www.photobookmagazine.com/features/chris-cooper-photographed-and-interviewed-by-howard-schatz,www.photobookmagazine.com,tier2,nan,1,"(983.6929931640625, 557.5070190429688, 1716.8602294921875, 1607.0186767578125)",0.09673
Q000557,ID000070,Chris Cooper,Fake,Chris Cooper viral deepfake,8,Viral Chinese app replaces your face with Leonardo DiCaprio's in “deepfake”  videos – The Denver Post,https://www.denverpost.com/wp-content/uploads/2019/09/GettyImages-1170276649.jpg,https://www.denverpost.com/2019/09/08/viral-chinese-app-replaces-your-face-with-leonardo-dicaprios-in-deepfake-videos/,www.denverpost.com,nan,5.0,1,"(1083.1107177734375, 367.9408264160156, 1806.871337890625, 1268.131103515625)",0.10859
Q000560,ID000070,Chris Cooper,Fake,Chris Cooper Midjourney,36,Actors As Rockstars : r/midjourney,https://preview.redd.it/actors-as-rockstars-v0-vjuay25xiwpa1.png?width=640&crop=smart&auto=webp&s=3035997398c2dda470e95bd5298cd094f88e9e48,https://www.reddit.com/r/midjourney/comments/121oy4s/actors_as_rockstars/,www.reddit.com,nan,5.0,1,"(198.95535278320312, 95.01898193359375, 424.8860778808594, 424.753173828125)",0.18188
Q000561,ID000071,Chris Tucker,Real,Chris Tucker,4,Chris Tucker at Improv,https://i.ticketweb.com/i/00/07/11/15/21/Original.jpg?v=1,https://improv.com/comic/chris+tucker/,improv.com,tier2,nan,1,"(452.9206237792969, 73.69749450683594, 702.37841796875, 421.74951171875)",0.08039
Q000563,ID000071,Chris Tucker,Fake,Chris Tucker deepfake,37,NewsNation's Cuomo falls for AOC Sydney Sweeney deepfake - Salon.com,https://www.salon.com/app/uploads/2022/08/chris-cuomo-0803221.jpg,https://www.salon.com/2025/08/06/newsnations-cuomo-falls-for-aoc-sydney-sweeney-deepfake/,www.salon.com,nan,5.0,1,"(677.6497802734375, 366.220947265625, 1031.0714111328125, 858.6773071289062)",0.09119
Q000564,ID000071,Chris Tucker,Fake,Chris Tucker AI image,30,Chris Tucker as COG Soldier: Detailed Matte Painti... - AI Art,"https://images.nightcafe.studio//assets/avatars/vincent.jpg?tr=w-1600,c-at_max",https://creator.nightcafe.studio/creation/zQuRrozlHhlFkPI3xeSp,creator.nightcafe.studio,nan,8.0,1,"(540.04833984375, 347.5996398925781, 1336.4632568359375, 1505.734130859375)",0.3603
Q000569,ID000072,Christian Bale,Real,Christian Bale,2,Christian Bale - IMDb,https://m.media-amazon.com/images/M/MV5BMTkxMzk4MjQ4MF5BMl5BanBnXkFtZTcwMzExODQxOA@@._V1_FMjpg_UX1000_.jpg,https://www.imdb.com/name/nm0000288/,www.imdb.com,tier2,nan,1,"(145.0750274658203, 318.5934143066406, 812.678466796875, 1262.745361328125)",0.41937
Q000570,ID000072,Christian Bale,Fake,Christian Bale AI generated,2,AI generated Christian Bale,https://i.pinimg.com/736x/3e/6b/1e/3e6b1ee3d86dccbeec120d081013f569.jpg,https://www.pinterest.com/pin/ai-generated-christian-bale--1022457921630038195/,www.pinterest.com,nan,5.0,1,"(-300.0831298828125, 237.15032958984375, 369.7405090332031, 1107.470458984375)",0.6656
Q000570,ID000072,Christian Bale,Fake,Christian Bale AI generated,3,Christian Bale - Christian Bale,https://creator.nightcafe.studio/jobs/zzUEux9wizyGyg3POkml/zzUEux9wizyGyg3POkml--1--36ezw.jpg,https://creator.nightcafe.studio/creation/zzUEux9wizyGyg3POkml,creator.nightcafe.studio,nan,5.0,1,"(146.87698364257812, 102.02059936523438, 355.7561950683594, 354.94390869140625)",0.20153
Q000571,ID000072,Christian Bale,Fake,Christian Bale deepfake,14,Tom Cruise Deepfaked Into American Psycho Sex Scene | Futurism,https://futurism.com/wp-content/uploads/2019/08/deepfaked-tom-cruise-american-psycho-sex.jpg,https://futurism.com/the-byte/deepfaked-tom-cruise-american-psycho-sex,futurism.com,nan,7.0,1,"(755.115966796875, 82.45018005371094, 954.95849609375, 359.252685546875)",0.07317
Q000571,ID000072,Christian Bale,Fake,Christian Bale deepfake,15,Robert Pattinson Replaced Christian Bale in Batman Begins DeepFake –  TVovermind,https://tvovermind.com/wp-content/uploads/2020/02/Batman-DeepFake.jpg,https://tvovermind.com/robert-pattinson-replaced-christian-bale-in-batman-begins-deepfake/,tvovermind.com,nan,7.0,1,"(203.97817993164062, -4.6746063232421875, 483.214111328125, 375.8885192871094)",0.33105
Q000572,ID000072,Christian Bale,Fake,Christian Bale AI image,9,Christian Bale body transformation series: Batman Begins,https://creator.nightcafe.studio/jobs/s94S2ok9hwXC9fqcX10v/s94S2ok9hwXC9fqcX10v--1--pw7u9.jpg,https://creator.nightcafe.studio/creation/s94S2ok9hwXC9fqcX10v,creator.nightcafe.studio,nan,5.0,1,"(505.7757873535156, 86.80644226074219, 684.8237915039062, 333.1696472167969)",0.04207
Q000577,ID000073,Christian Clavier,Real,Christian Clavier,2,Christian Clavier - IMDb,https://m.media-amazon.com/images/M/MV5BMTY0NjU5MDUzOF5BMl5BanBnXkFtZTYwNTYzODk2._V1_.jpg,https://www.imdb.com/name/nm0002010/,www.imdb.com,tier2,nan,1,"(157.1208953857422, 78.40876007080078, 289.6371154785156, 243.76808166503906)",0.07225
Q000577,ID000073,Christian Clavier,Real,Christian Clavier,3,Christian Clavier (Creator) - TV Tropes,https://mediaproxy.tvtropes.org/width/1200/https://static.tvtropes.org/pmwiki/pub/images/christianclavier.png,https://tvtropes.org/pmwiki/pmwiki.php/Creator/ChristianClavier,tvtropes.org,tier2,nan,1,"(271.788330078125, 303.06134033203125, 910.8864135742188, 1170.2467041015625)",0.27507
Q000580,ID000073,Christian Clavier,Fake,Christian Clavier AI image,1,The Matrix's Neo Reimagined with Christian Clavier | Stable Diffusion Online,https://imgcdn.stablediffusionweb.com/2024/3/16/d724a777-6356-4c1a-8d98-ac2ae3b0e5fc.jpg,https://stablediffusionweb.com/image/3171494-the-matrix-s-neo-reimagined-with-christian-clavier,stablediffusionweb.com,nan,7.0,1,"(419.6382141113281, 171.7477264404297, 576.9596557617188, 382.38421630859375)",0.0316
Q000585,ID000074,Christopher Walken,Real,Christopher Walken,1,Christopher Walken - IMDb,https://m.media-amazon.com/images/M/MV5BMjA4ODUyNDQ2NV5BMl5BanBnXkFtZTYwODk2MTYz._V1_.jpg,https://www.imdb.com/name/nm0000686/,www.imdb.com,tier2,nan,1,"(54.33736801147461, 74.10289001464844, 204.83303833007812, 280.23077392578125)",0.27897
Q000585,ID000074,Christopher Walken,Real,Christopher Walken,2,Christopher Walken - The Talks,https://the-talks.com/wp-content/uploads/2013/01/Christopher-Walken-01-690x360.jpg,https://the-talks.com/interview/christopher-walken/,the-talks.com,tier2,nan,1,"(287.1589660644531, 52.43029022216797, 417.82861328125, 225.27584838867188)",0.09092
Q000585,ID000074,Christopher Walken,Real,Christopher Walken,5,"Christopher Walken A to Z: The Man, the Movies, the Legend: Schnakenberg,  Robert: 9781594742590: Amazon.com: Books","https://m.media-amazon.com/images/I/81wMrGThcML._AC_UF1000,1000_QL80_.jpg",https://www.amazon.com/Christopher-Walken-Man-Movies-Legend/dp/1594742596,www.amazon.com,tier2,nan,1,"(132.85707092285156, 204.6385955810547, 402.5196533203125, 553.5390625)",0.14299
Q000586,ID000074,Christopher Walken,Fake,Christopher Walken AI generated,7,Christopher Walken as Beetlejuice - Christopher Walken as Be...,https://creator.nightcafe.studio/jobs/bhQyKakxMerbP5os40xn/bhQyKakxMerbP5os40xn--1--r27rf.jpg,https://creator.nightcafe.studio/creation/bhQyKakxMerbP5os40xn,creator.nightcafe.studio,nan,5.0,1,"(468.623779296875, 160.13372802734375, 638.572509765625, 387.86578369140625)",0.03691
Q000586,ID000074,Christopher Walken,Fake,Christopher Walken AI generated,32,Christopher Walken as the President of the United States giving the State  of the Union address,https://creator.nightcafe.studio/jobs/HV6c6sexRyGnQpI8PpTJ/HV6c6sexRyGnQpI8PpTJ--1--h3yk6.jpg,https://creator.nightcafe.studio/creation/E8oJqWyAuKkXTedSwEWD,creator.nightcafe.studio,nan,5.0,1,"(556.9322509765625, 354.742431640625, 811.5346069335938, 708.4360961914062)",0.08724
Q000587,ID000074,Christopher Walken,Fake,Christopher Walken deepfake,1,Deepfake Awareness Training for the Legal Industry,https://i1.wp.com/savvytraining.com/wp-content/uploads/2021/08/Screen-Shot-2021-08-13-at-7.17.54-AM.png?fit=626%2C496&ssl=1,https://savvytraining.com/deepfake-awareness-training/,savvytraining.com,nan,5.0,1,"(272.6224060058594, 107.16796112060547, 359.9482421875, 224.04257202148438)",0.03287
Q000588,ID000074,Christopher Walken,Fake,Christopher Walken AI image,15,17th Century Man Portrait in Rembrandt Style - AI Art,https://creator.nightcafe.studio/jobs/EHpeY62U2LtRlMKstN3x/EHpeY62U2LtRlMKstN3x--1--nbmyo.jpg,https://creator.nightcafe.studio/creation/EHpeY62U2LtRlMKstN3x,creator.nightcafe.studio,nan,8.0,1,"(414.90185546875, 139.57150268554688, 689.1673583984375, 519.2471923828125)",0.09931
Q000588,ID000074,Christopher Walken,Fake,Christopher Walken AI image,30,Monochromatic Vampire Portrait with Intense Gaze - AI Art,https://creator.nightcafe.studio/jobs/zdFDtqHesXa5QoMTqXcE/zdFDtqHesXa5QoMTqXcE--vbkre.jpg,https://creator.nightcafe.studio/creation/zdFDtqHesXa5QoMTqXcE,creator.nightcafe.studio,nan,8.0,1,"(498.03558349609375, 287.8463134765625, 1002.4249877929688, 966.6767578125)",0.14513
Q000589,ID000074,Christopher Walken,Fake,Christopher Walken viral deepfake,46,Deepfake videos fool Utah voters across the political spectrum,https://i.ytimg.com/vi/EkjV-Ugakfg/maxresdefault.jpg,https://www.youtube.com/watch?v=EkjV-Ugakfg,www.youtube.com,nan,3.0,1,"(585.7637329101562, 182.59689331054688, 815.0458984375, 492.960693359375)",0.07721
Q000593,ID000075,Christopher-Nolan,Real,Christopher-Nolan,1,"Christopher Nolan | Movies, The Odyssey, Batman, Brother, Next Movie,  Biography, Oppenheimer, & Facts | Britannica",https://cdn.britannica.com/37/255737-050-9BB3FEDA/Christopher-Nolan-Movie-film-director-Oppenheimer-UK-premiere-2023.jpg,https://www.britannica.com/biography/Christopher-Nolan-British-director,www.britannica.com,tier2,nan,1,"(336.12213134765625, 330.39093017578125, 885.236328125, 1027.277099609375)",0.20407
Q000593,ID000075,Christopher-Nolan,Real,Christopher-Nolan,2,Christopher Nolan (Creator) - TV Tropes,https://mediaproxy.tvtropes.org/width/1200/https://static.tvtropes.org/pmwiki/pub/images/nolan_christopher.jpg,https://tvtropes.org/pmwiki/pmwiki.php/Creator/ChristopherNolan,tvtropes.org,tier2,nan,1,"(425.885009765625, 275.892333984375, 724.7183227539062, 671.373779296875)",0.06155
Q000593,ID000075,Christopher-Nolan,Real,Christopher-Nolan,5,Christopher Nolan - Wikidata,https://upload.wikimedia.org/wikipedia/commons/thumb/4/49/ChrisNolanBFI150224_%2810_of_12%29_%2853532289710%29_%28cropped2%29.jpg/250px-ChrisNolanBFI150224_%2810_of_12%29_%2853532289710%29_%28cropped2%29.jpg?utm_source=www.wikidata.org&utm_campaign=index&utm_content=thumbnail,https://www.wikidata.org/wiki/Q25191,www.wikidata.org,tier2,nan,1,"(69.82293701171875, 38.42803955078125, 158.22048950195312, 152.13522338867188)",0.12221
Q000594,ID000075,Christopher-Nolan,Fake,Christopher-Nolan AI generated,6,"Download Ai Generated, Christopher Nolan, Director. Royalty-Free Stock  Illustration Image - Pixabay",https://cdn.pixabay.com/photo/2023/08/02/03/26/ai-generated-8164217_1280.jpg,https://pixabay.com/illustrations/ai-generated-christopher-nolan-8164217/,pixabay.com,nan,7.0,1,"(700.177978515625, 275.23968505859375, 1010.9855346679688, 694.743896484375)",0.07958
Q000594,ID000075,Christopher-Nolan,Fake,Christopher-Nolan AI generated,1,Critics of Christopher Nolan's 'The Odyssey' turn to AI-generated film,"https://media-cldnry.s-nbcnews.com/image/upload/t_fit-560w,f_auto,q_auto:best/rockcms/2026-07/260717-odysseus-the-fall-odyssey-mn-2315-8e370c.jpg",https://www.nbcnews.com/tech/tech-news/the-odyssey-christopher-nolan-critics-turn-to-ai-generated-version-rcna587943,www.nbcnews.com,nan,5.0,1,"(342.67779541015625, 80.2658462524414, 455.6517639160156, 257.56182861328125)",0.09589
Q000595,ID000075,Christopher-Nolan,Fake,Christopher-Nolan deepfake,24,"Reel To Real: Scientists recreate Nolan's 'Inception' concept, implant fake  memories using deepfakes – Firstpost","https://images.firstpost.com/uploads/2023/07/Reel-To-Real_-Scientists-recreate-Nolans-%E2%80%98Inception-concept-implant-fake-memories-using-deepfakes.jpg?im=FitAndFill=(596,336)",https://www.firstpost.com/tech/world/reel-to-real-scientists-recreate-nolans-inception-concept-implant-fake-memories-using-deepfakes-12919302.html,www.firstpost.com,nan,7.0,1,"(226.609619140625, 43.243980407714844, 344.4577331542969, 188.09901428222656)",0.08525
Q000601,ID000076,Clint Eastwood,Real,Clint Eastwood,1,Clint Eastwood - Wikipedia,https://upload.wikimedia.org/wikipedia/commons/9/9d/Clint_Eastwood_visits_MCB_Camp_Pendleton_%281%29_%28cropped%29.jpg,https://en.wikipedia.org/wiki/Clint_Eastwood,en.wikipedia.org,tier2,nan,1,"(120.20923614501953, 161.79360961914062, 474.417724609375, 633.0830688476562)",0.19891
Q000601,ID000076,Clint Eastwood,Real,Clint Eastwood,2,Happy 94th birthday Clint Eastwood: his best films – ranked! | Clint  Eastwood | The Guardian,https://i.guim.co.uk/img/media/f3a0561febd63e1cb7cce52238b50ea079f2e7e4/81_53_5389_3234/master/5389.jpg?width=1200&height=900&quality=85&auto=format&fit=crop&s=63d85de2b51b8f1b4cc48a387dbd7b56,https://www.theguardian.com/film/article/2024/may/30/happy-94th-birthday-clint-eastwood-his-best-films-ranked,www.theguardian.com,tier2,nan,1,"(551.117431640625, 265.7987060546875, 822.9935913085938, 555.2852783203125)",0.07287
Q000603,ID000076,Clint Eastwood,Fake,Clint Eastwood deepfake,10,See Scott Eastwood as the perfect new Wolverine in deepfake - CNET,"https://www.cnet.com/wp-content/uploads/sites/2/2c26cb46-d033-4822-8946-e9655821beb8.png?resize=1200,1200",https://www.cnet.com/culture/entertainment/see-scott-eastwood-as-the-perfect-new-wolverine-in-deepfake/,www.cnet.com,nan,5.0,1,"(392.01617431640625, 228.82254028320312, 806.1423950195312, 762.3448486328125)",0.15343
Q000603,ID000076,Clint Eastwood,Fake,Clint Eastwood deepfake,13,Clint Eastwood (AI art) by 3D1viner on DeviantArt,"https://images-wixmp-ed30a86b8c4ca887773594c2.wixmp.com/f/9f3f9bd9-0673-4276-bb34-71ece2a5820e/dfrwrzl-ff15714d-c010-4079-93b9-3cb201b39632.png/v1/fill/w_1920,h_1920,q_80,strp/clint_eastwood__ai_art__by_3d1viner_dfrwrzl-fullview.jpg?token=eyJ0eXAiOiJKV1QiLCJhbGciOiJIUzI1NiJ9.eyJzdWIiOiJ1cm46YXBwOjdlMGQxODg5ODIyNjQzNzNhNWYwZDQxNWVhMGQyNmUwIiwiaXNzIjoidXJuOmFwcDo3ZTBkMTg4OTgyMjY0MzczYTVmMGQ0MTVlYTBkMjZlMCIsIm9iaiI6W1t7ImhlaWdodCI6Ijw9MTkyMCIsInBhdGgiOiIvZi85ZjNmOWJkOS0wNjczLTQyNzYtYmIzNC03MWVjZTJhNTgyMGUvZGZyd3J6bC1mZjE1NzE0ZC1jMDEwLTQwNzktOTNiOS0zY2IyMDFiMzk2MzIucG5nIiwid2lkdGgiOiI8PTE5MjAifV1dLCJhdWQiOlsidXJuOnNlcnZpY2U6aW1hZ2Uub3BlcmF0aW9ucyJdfQ.N3fAPQ0u1KeYD4vT__o2tRomox2pd0A6pp10rU3-v2M",https://www.deviantart.com/3d1viner/art/Clint-Eastwood-AI-art-953871537,www.deviantart.com,nan,5.0,1,"(548.2010498046875, 435.12396240234375, 1396.1368408203125, 1506.322509765625)",0.24639
Q000604,ID000076,Clint Eastwood,Fake,Clint Eastwood AI image,23,Clint Eastwood Western Portrait Hyper-Realistic Ci... - AI Art,"https://images.nightcafe.studio/ik-seo/jobs/Op5hufwmMUm2X3dFh84n/Op5hufwmMUm2X3dFh84n--1--xg2rt_1.5x-clty-upscale-o95qp/a-hyper-realistic-close-up-portrait-image-of-clint-eastwood-a-hollywood-actor-in-a-western-cinematic.jpg?tr=w-1600,c-at_max",https://creator.nightcafe.studio/creation/Op5hufwmMUm2X3dFh84n/a-hyper-realistic-close-up-portrait-image-of-clint-eastwood-a-hollywood-actor-in-a-western-cinematic,creator.nightcafe.studio,nan,8.0,1,"(355.9918518066406, 331.231689453125, 1105.4869384765625, 1296.785888671875)",0.30673
Q000609,ID000077,Colin Farrell,Real,Colin Farrell,2,Colin Farrell - IMDb,https://m.media-amazon.com/images/M/MV5BMTg4NzM5NDk0MV5BMl5BanBnXkFtZTcwNzAzMTUxNw@@._V1_.jpg,https://www.imdb.com/name/nm0268199/,www.imdb.com,tier2,nan,1,"(307.5983581542969, 403.41021728515625, 962.45068359375, 1360.273681640625)",0.21411
Q000610,ID000077,Colin Farrell,Fake,Colin Farrell AI generated,3,Colin Farrell with Streaked Long Hair and Beard | Stable Diffusion Online,https://imgcdn.stablediffusionweb.com/2024/4/26/b125f423-e808-481f-aa52-902fd2bc5ab7.jpg,https://stablediffusionweb.com/image/6185706-colin-farrell-with-streaked-long-hair-and-beard,stablediffusionweb.com,nan,7.0,1,"(298.83447265625, 186.11463928222656, 705.1128540039062, 732.8035278320312)",0.21182
Q000612,ID000077,Colin Farrell,Fake,Colin Farrell AI image,7,Colin Farrell as a Shepherd Dog | Stable Diffusion Online,https://imgcdn.stablediffusionweb.com/2024/11/19/4fc9be9a-b145-499d-9659-3d65a889fb37.jpg,https://stablediffusionweb.com/image/23069429-colin-farrell-as-a-shepherd-dog,stablediffusionweb.com,nan,7.0,1,"(338.6855163574219, 191.83111572265625, 585.8253784179688, 511.6371765136719)",0.07538
Q000616,ID000077,Colin Farrell,Fake,Colin Farrell Midjourney,19,"the most stereotypical person in [country]"" : r/midjourney",https://preview.redd.it/the-most-stereotypical-person-in-country-v0-csspc0lhcc0b1.png?width=640&crop=smart&auto=webp&s=bf773a36651dd1e9be911f14b8e660ad48c43c61,https://www.reddit.com/r/midjourney/comments/13jukrf/the_most_stereotypical_person_in_country/,www.reddit.com,nan,5.0,1,"(242.68727111816406, 80.5670166015625, 380.1080017089844, 256.71875)",0.0591
Q000617,ID000078,Cristanio-Ronaldo,Real,Cristanio-Ronaldo,1,Cristiano Ronaldo - Wikipedia,https://upload.wikimedia.org/wikipedia/commons/thumb/2/26/Cristiano_Ronaldo_Croatia_v_Portugal_2_July_2026-075_%28cropped%29.jpg/960px-Cristiano_Ronaldo_Croatia_v_Portugal_2_July_2026-075_%28cropped%29.jpg,https://en.wikipedia.org/wiki/Cristiano_Ronaldo,en.wikipedia.org,tier2,nan,1,"(335.1009521484375, 149.22610473632812, 631.2296752929688, 561.9591064453125)",0.08847
Q000617,ID000078,Cristanio-Ronaldo,Real,Cristanio-Ronaldo,4,Cristiano Ronaldo - Player profile 26/27 | Transfermarkt,https://img.a.transfermarkt.technology/portrait/big/8198-1748102259.jpg?lm=1,https://www.transfermarkt.us/cristiano-ronaldo/profil/spieler/8198,www.transfermarkt.us,tier2,nan,1,"(55.76381301879883, 74.23844146728516, 262.428955078125, 334.7944030761719)",0.46024
Q000618,ID000078,Cristanio-Ronaldo,Fake,Cristanio-Ronaldo AI generated,18,Cristiano Ronaldo Helps AI Style | Stable Diffusion Online,https://imgcdn.stablediffusionweb.com/2024/10/14/71e4b533-ba8f-41ee-892a-223d2cf648c4.jpg,https://stablediffusionweb.com/image/19999877-cristiano-ronaldo-helps-ai-style,stablediffusionweb.com,nan,7.0,1,"(408.62066650390625, 75.77651977539062, 606.2098388671875, 341.92584228515625)",0.05015
Q000618,ID000078,Cristanio-Ronaldo,Fake,Cristanio-Ronaldo AI generated,37,ronaldo as ai Prompts | Stable Diffusion Online,https://imgcdn.stablediffusionweb.com/2024/3/3/30342b40-9d35-411f-b229-49a798086f14.jpg,https://stablediffusionweb.com/prompts/ronaldo-as-ai,stablediffusionweb.com,nan,7.0,1,"(382.66680908203125, 172.7552032470703, 568.3867797851562, 402.8902282714844)",0.04076
Q000620,ID000078,Cristanio-Ronaldo,Fake,Cristanio-Ronaldo AI image,4,Cristiano Ronaldo - Cristiano Ronaldo,https://creator.nightcafe.studio/jobs/25zKuCTKa1mLfAXpxxU7/25zKuCTKa1mLfAXpxxU7--1--t0orm.jpg,https://creator.nightcafe.studio/creation/25zKuCTKa1mLfAXpxxU7,creator.nightcafe.studio,nan,5.0,1,"(219.99989318847656, 67.56231689453125, 305.2571716308594, 184.62155151367188)",0.03807
Q000625,ID000079,Dan Aykroyd,Real,Dan Aykroyd,2,"Dan Aykroyd - Comedian, Actor, Musician",https://ntvb.tmsimg.com/assets/assets/76_v9_bb.jpg?w=360&h=480,https://www.tvinsider.com/people/dan-aykroyd/,www.tvinsider.com,tier2,nan,1,"(79.04341888427734, 106.79735565185547, 266.154052734375, 356.2038269042969)",0.27006
Q000625,ID000079,Dan Aykroyd,Real,Dan Aykroyd,4,Dan Aykroyd Doesn't Think OG 'Ghostbusters' Cast Will Continue in the  Franchise,https://people.com/thmb/QHyFRkXiknARi-q38ozgiA8zPSg=/1500x0/filters:no_upscale():max_bytes(150000):strip_icc():focal(399x0:401x2)/dan-aykroyd-01-800-4c9d95db1c0b4c64aeb9afc79fcae635.jpg,https://people.com/dan-aykroyd-does-not-think-original-ghostbusters-cast-will-return-franchise-movies-8746845,people.com,tier2,nan,1,"(345.0849304199219, 95.43974304199219, 484.3913879394531, 296.6029052734375)",0.05838
Q000628,ID000079,Dan Aykroyd,Fake,Dan Aykroyd AI image,26,Dan Aykroyd,https://creator.nightcafe.studio/jobs/r23gWyujhZfebnsj2a5j/r23gWyujhZfebnsj2a5j--1--q2hay.jpg,https://creator.nightcafe.studio/creation/r23gWyujhZfebnsj2a5j,creator.nightcafe.studio,nan,5.0,1,"(337.6031494140625, 228.3645782470703, 742.4439697265625, 749.3549194335938)",0.20115
Q000633,ID000080,Daniel Day-Lewis,Real,Daniel Day-Lewis,1,Daniel Day-Lewis - IMDb,https://m.media-amazon.com/images/M/MV5BMjE2NDY2NDc1Ml5BMl5BanBnXkFtZTcwNjAyMjkwOQ@@._V1_FMjpg_UX1000_.jpg,https://www.imdb.com/name/nm0000358/,www.imdb.com,tier2,nan,1,"(307.68408203125, 238.22991943359375, 727.2078247070312, 807.7582397460938)",0.18156
Q000633,ID000080,Daniel Day-Lewis,Real,Daniel Day-Lewis,3,Daniel Day-Lewis: an extraordinary career of acting artistry – is it really  all over? | Daniel Day-Lewis | The Guardian,https://i.guim.co.uk/img/media/a1caae40d62ebcd4be7e3baf6a169cad435bacd4/24_100_2927_1756/master/2927.jpg?width=1200&height=1200&quality=85&auto=format&fit=crop&s=9b32da9e416d7236e3398de1ffca33ba,https://www.theguardian.com/film/2017/jun/21/daniel-day-lewis-an-extraordinary-career-of-acting-artistry-is-it-really-all-over,www.theguardian.com,tier2,nan,1,"(489.187255859375, 170.53355407714844, 948.3541259765625, 812.106689453125)",0.20458
Q000634,ID000080,Daniel Day-Lewis,Fake,Daniel Day-Lewis AI generated,1,The Butcher. Psychedelic. - Daniel Day Lewis as The Butcher...,"https://images.nightcafe.studio/ik-seo/jobs/AzrlTOeZ2OgxMTXALwng/AzrlTOeZ2OgxMTXALwng--1--irdgd_2x/the-butcher-psychedelic.jpg?tr=w-1600,c-at_max",https://creator.nightcafe.studio/creation/AzrlTOeZ2OgxMTXALwng,creator.nightcafe.studio,nan,5.0,1,"(411.144287109375, 230.86328125, 1077.8076171875, 1114.406982421875)",0.23009
Q000634,ID000080,Daniel Day-Lewis,Fake,Daniel Day-Lewis AI generated,4,Daniel Day Lewis 2 - Intense Portrait Inspired by Street Pho...,https://creator.nightcafe.studio/jobs/hKCfwHMFgmAqlX7uzmd0/hKCfwHMFgmAqlX7uzmd0--2--1vvzl.jpg,https://creator.nightcafe.studio/creation/xVQjcGb4IN9etTTCgj4C,creator.nightcafe.studio,nan,5.0,1,"(210.33810424804688, 85.99205017089844, 456.09613037109375, 388.547119140625)",0.28364
Q000640,ID000080,Daniel Day-Lewis,Fake,Daniel Day-Lewis Midjourney,7,Daniel Day-Lewis in: Kraven the Hunter : r/midjourney,https://preview.redd.it/daniel-day-lewis-in-kraven-the-hunter-v0-c773r61woilb1.jpg?width=640&crop=smart&auto=webp&s=046b19f151723f23405a482be5fb6cc1e28b8f68,https://www.reddit.com/r/midjourney/comments/166ob9j/daniel_daylewis_in_kraven_the_hunter/,www.reddit.com,nan,5.0,1,"(289.37261962890625, 86.20896911621094, 398.18792724609375, 236.1792449951172)",0.03984
Q000641,ID000081,Daniel Radcliffe,Real,Daniel Radcliffe,2,Daniel Radcliffe - IMDb,https://m.media-amazon.com/images/M/MV5BYzVmYjIxMzgtZWU2Ny00MjAyLTk5ZWUtZDEyMTliYjczMmIxXkEyXkFqcGc@._V1_FMjpg_UX1000_.jpg,https://www.imdb.com/name/nm0705356/,www.imdb.com,tier2,nan,1,"(203.95059204101562, 277.4599304199219, 585.8621826171875, 752.2678833007812)",0.12089
Q000641,ID000081,Daniel Radcliffe,Real,Daniel Radcliffe,3,"Daniel Radcliffe | Biography, Movies, Broadway, Musical, & Tony | Britannica",https://cdn.britannica.com/43/237443-050-C81087AD/Daniel-Radcliffe-2022-London-England.jpg,https://www.britannica.com/biography/Daniel-Radcliffe,www.britannica.com,tier2,nan,1,"(671.0635986328125, 257.56842041015625, 1049.1287841796875, 741.2266845703125)",0.08275
Q000642,ID000081,Daniel Radcliffe,Fake,Daniel Radcliffe AI generated,50,Daniel Radcliffe Portrait in Art Nouveau Style - AI Art,"https://images.nightcafe.studio/ik-seo/jobs/WDtD02BzL0sTN0YhdS1G/WDtD02BzL0sTN0YhdS1G--1--dw3nx/daniel-radcliffe-head-and-shoulders-portrait-8k-resolution-concept-art-portrait-by-greg-rutkowski-ar.jpg?tr=w-1600,c-at_max",https://creator.nightcafe.studio/creation/WDtD02BzL0sTN0YhdS1G,creator.nightcafe.studio,nan,8.0,1,"(301.04022216796875, 168.3629150390625, 726.2776489257812, 724.998779296875)",0.22574
Q000642,ID000081,Daniel Radcliffe,Fake,Daniel Radcliffe AI generated,10,Auror Harry Potter 231110A - Daniel Radcliffe as Wizard in A...,https://creator.nightcafe.studio/jobs/LidS4DHifd5nYcMbebwi/LidS4DHifd5nYcMbebwi--1--uzsf5.jpg,https://creator.nightcafe.studio/creation/LidS4DHifd5nYcMbebwi,creator.nightcafe.studio,nan,5.0,1,"(381.4762878417969, 137.12625122070312, 645.4363403320312, 491.71826171875)",0.08926
Q000644,ID000081,Daniel Radcliffe,Fake,Daniel Radcliffe AI image,16,Side Profile View of Daniel Radcliffe as Harry Potter | Stable Diffusion  Online,https://imgcdn.stablediffusionweb.com/2024/12/14/06617c40-7e1a-4bb7-bd76-4eeb61751c9e.jpg,https://stablediffusionweb.com/image/25446936-side-profile-view-of-daniel-radcliffe-as-harry-potter,stablediffusionweb.com,nan,7.0,1,"(299.7663879394531, 236.54791259765625, 629.432861328125, 687.6732788085938)",0.14183
Q000644,ID000081,Daniel Radcliffe,Fake,Daniel Radcliffe AI image,21,Daniel Radcliffe as Harry Potter in Hogwarts | Stable Diffusion Online,https://imgcdn.stablediffusionweb.com/2024/9/5/263f4070-8068-4302-b788-2c28e8d6b527.jpg,https://stablediffusionweb.com/image/15859062-daniel-radcliffe-as-harry-potter-in-hogwarts,stablediffusionweb.com,nan,7.0,1,"(255.17567443847656, 250.74392700195312, 424.66741943359375, 462.5791015625)",0.03478
Q000645,ID000081,Daniel Radcliffe,Fake,Daniel Radcliffe viral deepfake,1,Marvel's Wolverine with Daniel Radcliffe (New Movie Deepfake),https://i.ytimg.com/vi/_4tkOLB81bw/hq720.jpg?sqp=-oaymwEhCK4FEIIDSFryq4qpAxMIARUAAAAAGAElAADIQj0AgKJD&rs=AOn4CLCRI7M1tHljcHfqTEdS_spewk7fCg,https://www.youtube.com/watch?v=_4tkOLB81bw,www.youtube.com,nan,3.0,1,"(304.40625, 25.98112678527832, 535.488037109375, 316.4632263183594)",0.2535
Q000645,ID000081,Daniel Radcliffe,Fake,Daniel Radcliffe viral deepfake,4,DEADPOOL 3 - Teaser Trailer | Daniel Radcliffe As Marvel Wolverine Variant  | AI + Deepfake,https://i.ytimg.com/vi/LTURdYT94vQ/hq720.jpg?sqp=-oaymwEhCK4FEIIDSFryq4qpAxMIARUAAAAAGAElAADIQj0AgKJD&rs=AOn4CLD3UqGBNJtXrQNiyqoEnCMDBblZUw,https://www.youtube.com/watch?v=LTURdYT94vQ,www.youtube.com,nan,3.0,1,"(255.4576416015625, 76.46344757080078, 411.68682861328125, 275.360595703125)",0.11735
Q000649,ID000082,Dasun-Shanaka,Real,Dasun-Shanaka,1,Dasun Shanaka | Player Profile | ICC,https://images.icc-cricket.com/image/upload/t_player-headshot-portrait-lg-webp/prd/assets/players/generic/colored/59067.png,https://www.icc-cricket.com/rankings/59067/dasun-shanaka,www.icc-cricket.com,tier2,nan,1,"(115.72618865966797, 72.9913330078125, 223.51544189453125, 206.8908233642578)",0.05855
Q000649,ID000082,Dasun-Shanaka,Real,Dasun-Shanaka,5,Dasun Shanaka | Dubai Capitals | International League T20,https://www.gmrsports.in/static-assets/images/players/other_domestic/3382/59067.png?v=2.86,https://www.gmrsports.in/dubai-capitals/players/dasun-shanaka-profile-59067,www.gmrsports.in,tier2,nan,1,"(253.30230712890625, 64.59158325195312, 350.1031188964844, 186.3429718017578)",0.03274
Q000657,ID000083,David Arquette,Real,David Arquette,2,David Arquette - IMDb,https://m.media-amazon.com/images/M/MV5BMjEzODYyNjg3NV5BMl5BanBnXkFtZTcwMzYwOTgyNg@@._V1_.jpg,https://www.imdb.com/name/nm0000274/,www.imdb.com,tier2,nan,1,"(447.6382141113281, 407.8261413574219, 1061.615966796875, 1284.0810546875)",0.16605
Q000664,ID000083,David Arquette,Fake,David Arquette Midjourney,39,Star Trek Next Generation as Star Wars! : r/midjourney,https://i.redd.it/star-trek-next-generation-as-star-wars-v0-qgirszxb1bib1.jpg?width=1024&format=pjpg&auto=webp&s=551d69282ff7f9ae25138ac232251b8cd612a758,https://www.reddit.com/r/midjourney/comments/15ry56p/star_trek_next_generation_as_star_wars/,www.reddit.com,nan,5.0,1,"(423.33538818359375, 129.52383422851562, 604.632568359375, 374.2921447753906)",0.04232
Q000664,ID000083,David Arquette,Fake,David Arquette Midjourney,40,Star Trek Next Generation as Star Wars! : r/midjourney,https://i.redd.it/star-trek-next-generation-as-star-wars-v0-1ktmplvb1bib1.jpg?width=1024&format=pjpg&auto=webp&s=cfd75a6e1f3895392de0c09499127d1b08aefe10,https://www.reddit.com/r/midjourney/comments/15ry56p/star_trek_next_generation_as_star_wars/,www.reddit.com,nan,5.0,1,"(423.0044250488281, 150.21827697753906, 604.0327758789062, 394.1370849609375)",0.04211
Q000664,ID000083,David Arquette,Fake,David Arquette Midjourney,43,Barbieheimer — Cillian Murphy wears explosive ensemble : r/midjourney,https://preview.redd.it/barbieheimer-cillian-murphy-wears-explosive-ensemble-v0-n380b2857r9b1.jpg?width=818&format=pjpg&auto=webp&s=099061fbe4bc7b17a2462e183faaab221504b1de,https://www.reddit.com/r/midjourney/comments/14pjf6u/barbieheimer_cillian_murphy_wears_explosive/,www.reddit.com,nan,5.0,1,"(243.6996307373047, 224.3003692626953, 558.3352661132812, 647.7467651367188)",0.13274
Q000665,ID000084,David Miller,Real,David Miller,1,"David Miller: 'As you get older, you understand your game a lot better. You  think more clearly under pressure'",https://p.imgci.com/db/PICTURES/CMS/388000/388018.5.png,https://www.thecricketmonthly.com/story/1452549/david-miller---as-you-get-older--you-understand-your-game-a-lot-better--you-think-more-clearly-under-pressure,www.thecricketmonthly.com,tier2,nan,1,"(376.47796630859375, 126.86431121826172, 697.299072265625, 541.45654296875)",0.1123
Q000666,ID000084,David Miller,Fake,David Miller AI generated,4,"David Miller, Author at AI-ARTS",https://ai-arts.org/wp-content/peepso/users/186/9e4721e25c-avatar-full.jpg,https://ai-arts.org/author/dagmardave/,ai-arts.org,nan,4.0,1,"(89.4166259765625, 26.993427276611328, 175.61709594726562, 137.2533721923828)",0.15207
Q000669,ID000084,David Miller,Fake,David Miller viral deepfake,45,"Makers of deepfake videos should be on the sex offenders register, says  former Culture Secretary",https://www.telegraph.co.uk/content/dam/news/2021/12/04/TELEMMGLPICT000244637048_trans_NvBQzQNjv4Bqqeu1EEj63qgC2KauuzlUjBa306WnPHVE_UdBq2uCdwc.jpeg?impolicy=OG-Standard,https://www.telegraph.co.uk/news/2021/12/04/makers-deepfake-videos-should-sex-offenders-register-says-former/,www.telegraph.co.uk,nan,5.0,1,"(507.4634094238281, 116.15634155273438, 775.8566284179688, 449.8945617675781)",0.09719
Q000673,ID000085,Demet-Özdemir,Real,Demet-Özdemir,5,"Demet Ozdemir: Tv Series, Biography - Turkish Drama",https://www.turkishdrama.com/wp-content/uploads/2014/02/demet-ozdemir-turkish-actress.jpg,https://www.turkishdrama.com/demet-ozdemir.html,www.turkishdrama.com,tier2,nan,1,"(110.81510925292969, 40.723915100097656, 267.8161315917969, 277.9979248046875)",0.2041
Q000673,ID000085,Demet-Özdemir,Real,Demet-Özdemir,6,Demet Özdemir — The Movie Database (TMDB),https://image.tmdb.org/t/p/w500/2nOPPPxPjz11N1RcpDXiTiyDYv2.jpg,https://www.themoviedb.org/person/1729378-demet-ozdemir,www.themoviedb.org,tier2,nan,1,"(137.12652587890625, 63.880699157714844, 339.1564025878906, 362.408447265625)",0.16083
Q000678,ID000085,Demet-Özdemir,Fake,Demet-Özdemir synthetic face,11,Demet Ozdemir Faceset,https://www.deepfakevfx.com/wp-content/uploads/celebrity-facesets/6183/faceset-sample-6183.jpg,https://www.deepfakevfx.com/celebrity-facesets/demet-ozdemir-6183/,www.deepfakevfx.com,nan,4.0,1,"(106.43826293945312, 57.93473434448242, 385.0660705566406, 432.0274963378906)",0.39762
Q000681,ID000086,Derrick-Henry,Real,Derrick-Henry,2,Derrick Henry - Baltimore Ravens Running Back - ESPN,https://a.espncdn.com/i/headshots/nfl/players/full/3043078.png,https://www.espn.com/nfl/player/_/id/3043078/derrick-henry,www.espn.com,tier2,nan,1,"(219.7709503173828, 84.53884887695312, 376.22344970703125, 287.14691162109375)",0.12117
Q000682,ID000086,Derrick-Henry,Fake,Derrick-Henry AI generated,1,Derrick Henry: Dynamic Sports Image in Vibrant Oil... - AI Art,https://creator.nightcafe.studio/jobs/LUswj2AA54iZ9RNcAvJY/LUswj2AA54iZ9RNcAvJY--1--5mj1j.jpg,https://creator.nightcafe.studio/creation/LUswj2AA54iZ9RNcAvJY,creator.nightcafe.studio,nan,8.0,1,"(333.74993896484375, 203.7364959716797, 509.2735595703125, 421.31243896484375)",0.037
Q000687,ID000086,Derrick-Henry,Fake,Derrick-Henry Stable Diffusion,46,derrick henry standing confidently on the field Prompts | Stable Diffusion  Online,https://imgcdn.stablediffusionweb.com/2025/9/8/978ef826-af55-4bcc-b1fe-c84716e2d704.jpg,https://stablediffusionweb.com/prompts/derrick-henry-standing-confidently-on-the-field,stablediffusionweb.com,nan,7.0,1,"(463.9571228027344, 211.63941955566406, 634.7996215820312, 423.8178405761719)",0.03457
Q000689,ID000087,Devon Conway,Real,Devon Conway,1,"Devon Conway Profile - Cricket Player New Zealand | Stats, Records, Video","https://img1.hscicdn.com/image/upload/f_auto,t_ds_square_w_320,q_50/lsci/db/PICTURES/CMS/383100/383148.1.png",https://www.cricinfo.com/cricketers/devon-conway-379140,www.cricinfo.com,tier2,nan,1,"(72.1817855834961, 57.3140869140625, 220.74485778808594, 257.1503601074219)",0.28992
Q000689,ID000087,Devon Conway,Real,Devon Conway,3,Devon Conway | Player Rankings | ICC,https://images.icc-cricket.com/image/upload/t_player-headshot-portrait-lg-webp/prd/assets/players/8322/13177.png,https://www.icc-cricket.com/tournaments/champions-trophy-2025/teams/5/players/13177/devon-conway,www.icc-cricket.com,tier2,nan,1,"(120.52595520019531, 67.17499542236328, 226.61895751953125, 215.6007080078125)",0.06388
Q000697,ID000088,Diane Kruger,Real,Diane Kruger,1,Diane Kruger - Wikipedia,https://upload.wikimedia.org/wikipedia/commons/thumb/b/b9/Diane_Kruger_66%C3%A8me_Festival_de_Venise_%28Mostra%29_2_color.jpg/250px-Diane_Kruger_66%C3%A8me_Festival_de_Venise_%28Mostra%29_2_color.jpg,https://en.wikipedia.org/wiki/Diane_Kruger,en.wikipedia.org,tier2,nan,1,"(51.050750732421875, 50.683773040771484, 185.2643585205078, 222.05113220214844)",0.24599
Q000697,ID000088,Diane Kruger,Real,Diane Kruger,3,Diane Kruger Says There Are 'More Opportunities for Women My Age' Nowadays  (Exclusive),https://people.com/thmb/_NVTfpJB4HawOUKJMGOCFbuJ3UA=/1500x0/filters:no_upscale():max_bytes(150000):strip_icc():focal(759x345:761x347)/diane-kruger-christmas-windows-event-120425-953270a2c9b34b86a6c4f58b8a63a318.jpg,https://people.com/diane-kruger-says-there-are-more-opportunities-for-women-my-age-nowadays-exclusive-11862363,people.com,tier2,nan,1,"(633.4430541992188, 95.63456726074219, 932.0655517578125, 516.2967529296875)",0.08375
Q000698,ID000088,Diane Kruger,Fake,Diane Kruger AI generated,1,Diane Kruger,https://creator.nightcafe.studio/jobs/umCfJuf49aVq0IWb6tOm/umCfJuf49aVq0IWb6tOm--1--82pky.jpg,https://creator.nightcafe.studio/creation/umCfJuf49aVq0IWb6tOm,creator.nightcafe.studio,nan,5.0,1,"(85.43902587890625, -13.254375457763672, 364.978271484375, 364.16986083984375)",0.40886
Q000698,ID000088,Diane Kruger,Fake,Diane Kruger AI generated,5,AI Generated Art: Diane Kruger as a Bond Girl 👱‍♀️ 🔫 🍾 🃏,https://i.ytimg.com/vi/1VE5LxCNePo/sddefault.jpg,https://www.youtube.com/watch?v=1VE5LxCNePo,www.youtube.com,nan,3.0,1,"(451.7113037109375, 102.36589050292969, 551.9902954101562, 233.60592651367188)",0.04284
Q000699,ID000088,Diane Kruger,Fake,Diane Kruger deepfake,4,I always thought Diane Kruger would make a good Emma Frost in the MCU. I  loved her in Inglorious Basterds. Here's my not quite perfected deepfake of  Kruger as the White Queen.,https://external-preview.redd.it/i-always-thought-diane-kruger-would-make-a-good-emma-frost-v0-0SfKvc4SQxNOALu439jClLKMYMA1ol8TyRsyGl67Ep4.png?width=1080&crop=smart&format=pjpg&auto=webp&s=da652cef1979a69cc49497a8db670c898e063a02,https://www.reddit.com/r/marvelstudios/comments/mwgcu6/i_always_thought_diane_kruger_would_make_a_good/,www.reddit.com,nan,3.0,1,"(560.3206787109375, 68.97425079345703, 691.2861328125, 238.37344360351562)",0.03384
Q000699,ID000088,Diane Kruger,Fake,Diane Kruger deepfake,41,Deepfake: Diane Kruger as Igraine from Excalibur. 👑 - YouTube,https://i.ytimg.com/vi/c2eLO7TvvLw/maxresdefault.jpg,https://www.youtube.com/shorts/c2eLO7TvvLw,www.youtube.com,nan,3.0,1,"(508.970703125, 198.30711364746094, 828.5054931640625, 616.8240966796875)",0.14511
Q000700,ID000088,Diane Kruger,Fake,Diane Kruger AI image,10,Diane Kruger Kneeling | Stable Diffusion 在线,https://imgcdn.stablediffusionweb.com/2025/10/18/22d2f0d3-9038-47c7-9db9-a76617b02053.jpg,https://stablediffusionweb.com/zh-cn/image/52924515-diane-kruger-kneeling,stablediffusionweb.com,nan,7.0,1,"(323.3685607910156, 99.4248046875, 663.779052734375, 554.0916137695312)",0.1476
Q000703,ID000088,Diane Kruger,Fake,Diane Kruger Stable Diffusion,25,young diane kruger Prompts | Stable Diffusion Online,https://imgcdn.stablediffusionweb.com/2024/5/25/b012f26f-f381-4577-9072-6c7a027edf51.jpg,https://stablediffusionweb.com/prompts/young-diane-kruger,stablediffusionweb.com,nan,7.0,1,"(354.2475891113281, 138.33212280273438, 694.2012329101562, 578.0403442382812)",0.14256
Q000704,ID000088,Diane Kruger,Fake,Diane Kruger Midjourney,1,Best yoga Midjourney Prompts | PromptHero,https://cdn.prompthero.com/p2d5ji2dtelbwzya5yxvmr1vxdi5-midjourney-52-masterpiece-best-quality-detailed-outdoor-arena-windlift-diane-kruger-in-cyberpunk-yoga-clothes-wearing-glasses-realistic1-3-ar-916.png,https://prompthero.com/search?model=Midjourney&q=yoga&sort=newest,prompthero.com,nan,12.0,1,"(172.49032592773438, 245.84814453125, 493.80047607421875, 636.8824462890625)",0.10575
Q000705,ID000089,Diane Lane,Real,Diane Lane,3,Diane Lane Movies & TV Shows List | Rotten Tomatoes | Rotten Tomatoes,https://resizing.flixster.com/_g57XtofEQ3Dct462CWnRZmnch8=/fit-in/705x460/v2/https://resizing.flixster.com/-XZAfHZM39UwaGJIFWKAE8fS0ak=/v3/t/assets/GNLZZGG002G26ZN.jpg,https://www.rottentomatoes.com/celebrity/diane_lane_3,www.rottentomatoes.com,tier2,nan,1,"(119.78633117675781, 47.85045623779297, 241.31243896484375, 224.71070861816406)",0.13543
Q000706,ID000089,Diane Lane,Fake,Diane Lane AI generated,1,Diane Lane - Diane Lane,https://creator.nightcafe.studio/jobs/Ba9GmuPAMLJVGUVsHJdi/Ba9GmuPAMLJVGUVsHJdi--1--ex5cb.jpg,https://creator.nightcafe.studio/creation/Ba9GmuPAMLJVGUVsHJdi,creator.nightcafe.studio,nan,5.0,1,"(136.375, 13.01800537109375, 355.4975891113281, 340.90191650390625)",0.27842
Q000706,ID000089,Diane Lane,Fake,Diane Lane AI generated,2,Diane Lane - Diane Lane,https://creator.nightcafe.studio/jobs/Vt0nlh7owxEIOQt1PexZ/Vt0nlh7owxEIOQt1PexZ--1--luoar.jpg,https://creator.nightcafe.studio/creation/Vt0nlh7owxEIOQt1PexZ,creator.nightcafe.studio,nan,5.0,1,"(87.78810119628906, 46.645687103271484, 317.7789611816406, 368.0789489746094)",0.28648
Q000706,ID000089,Diane Lane,Fake,Diane Lane AI generated,3,young Diane Lane - Ethereal Portrait in Art Nouveau Style,https://creator.nightcafe.studio/jobs/R6aI42moehUnwlUgR8mT/R6aI42moehUnwlUgR8mT--1--01ryp.jpg,https://creator.nightcafe.studio/creation/R6aI42moehUnwlUgR8mT,creator.nightcafe.studio,nan,5.0,1,"(186.91683959960938, 54.668251037597656, 319.4390869140625, 242.47793579101562)",0.09494
Q000708,ID000089,Diane Lane,Fake,Diane Lane AI image,7,Diane Lane at Dinner Table | Stable Diffusion Online,https://imgcdn.stablediffusionweb.com/2024/5/21/9c0d6bfa-e83d-438c-a60a-6b3888bd5702.jpg,https://stablediffusionweb.com/image/7722712-diane-lane-at-dinner-table,stablediffusionweb.com,nan,7.0,1,"(389.16943359375, 131.02752685546875, 609.1937255859375, 454.04473876953125)",0.06778
Q000225,ID000029,Antonio-Guterres,Real,Antonio-Guterres,2,"António Guterres - Simple English Wikipedia, the free encyclopedia",https://upload.wikimedia.org/wikipedia/commons/b/b7/Beate_Meinl-Reisinger_New-York_visit_-_March_2025_-_MGR8622_%28cropped_1%29.jpg,https://simple.wikipedia.org/wiki/Ant%C3%B3nio_Guterres,simple.wikipedia.org,tier2,nan,1,"(171.6769256591797, 133.20956420898438, 450.6434020996094, 522.4363403320312)",0.20839
Q000313,ID000040,Ben Affleck,Real,Ben Affleck,1,Ben Affleck - Wikipedia,https://upload.wikimedia.org/wikipedia/commons/b/b6/Ben_Affleck_on_the_Red_Carpet%2C_SXSW_2023_%28cropped%29.jpg,https://en.wikipedia.org/wiki/Ben_Affleck,en.wikipedia.org,tier2,nan,1,"(300.0431213378906, 239.5699462890625, 918.9049682617188, 1084.0089111328125)",0.28612
Q000433,ID000055,Bukayo Saka,Real,Bukayo Saka,1,Bukayo Saka - Wikipedia,https://upload.wikimedia.org/wikipedia/commons/1/1e/Bukayo_Saka_England_v_Panama_27_June_26-108_%28cropped%29.jpg,https://en.wikipedia.org/wiki/Bukayo_Saka,en.wikipedia.org,tier2,nan,1,"(812.612548828125, 378.63214111328125, 1360.93994140625, 1073.0201416015625)",0.0742
Q000713,ID000090,Domhnall Gleeson,Real,Domhnall Gleeson,1,Domhnall Gleeson - Wikipedia,https://upload.wikimedia.org/wikipedia/commons/thumb/1/1c/Domhnall_Gleeson_-_Walk_of_Fame.jpg/960px-Domhnall_Gleeson_-_Walk_of_Fame.jpg,https://en.wikipedia.org/wiki/Domhnall_Gleeson,en.wikipedia.org,tier2,nan,1,"(314.4102478027344, 201.14431762695312, 694.318115234375, 711.6482543945312)",0.16835
Q000713,ID000090,Domhnall Gleeson,Real,Domhnall Gleeson,3,Domhnall Gleeson - Wikipedia,https://upload.wikimedia.org/wikipedia/commons/thumb/1/14/Domhnall_Gleeson_by_Gage_Skidmore.jpg/250px-Domhnall_Gleeson_by_Gage_Skidmore.jpg,https://en.wikipedia.org/wiki/Domhnall_Gleeson,en.wikipedia.org,tier2,nan,1,"(32.57069396972656, 71.26221466064453, 173.9173583984375, 256.3997802734375)",0.27839
Q000715,ID000090,Domhnall Gleeson,Fake,Domhnall Gleeson deepfake,27,George Lucas Reacts To New 'Star Wars' Trailer In Deepfake Video - Heroic  Hollywood,https://heroichollywood.com/wp-content/uploads/2019/08/Star_Wars_The_Rise_Of_Skywalker_D23_Daisy_Ridley.jpg,https://heroichollywood.com/george-lucas-star-wars-the-rise-of-skywalker-deepfake/,heroichollywood.com,nan,5.0,1,"(357.4268493652344, 48.44451904296875, 564.531494140625, 332.12493896484375)",0.14166
Q000719,ID000090,Domhnall Gleeson,Fake,Domhnall Gleeson Stable Diffusion,1,antman classic version played by domhnall gleeson Prompts | Stable Diffusion  Online,https://imgcdn.stablediffusionweb.com/2024/10/16/f61d2344-e9a3-4e13-a758-7d8ac496a14d.jpg,https://stablediffusionweb.com/prompts/antman-classic-version-played-by-domhnall-gleeson,stablediffusionweb.com,nan,7.0,1,"(385.4372863769531, 93.47370147705078, 590.736328125, 372.4480285644531)",0.05462
Q000719,ID000090,Domhnall Gleeson,Fake,Domhnall Gleeson Stable Diffusion,2,antman classic version played by domhnall gleeson Prompts | Stable Diffusion  Online,https://imgcdn.stablediffusionweb.com/2024/10/16/e2b72326-91d6-416c-a2fd-a3663f89eba8.jpg,https://stablediffusionweb.com/prompts/antman-classic-version-played-by-domhnall-gleeson,stablediffusionweb.com,nan,7.0,1,"(324.2864990234375, 176.94219970703125, 741.4353637695312, 756.9201049804688)",0.23073
Q000719,ID000090,Domhnall Gleeson,Fake,Domhnall Gleeson Stable Diffusion,3,antman classic version played by domhnall gleeson Prompts | Stable Diffusion  Online,https://imgcdn.stablediffusionweb.com/2024/10/16/4b79f2f8-f41d-41ee-84ec-90444abbaff1.jpg,https://stablediffusionweb.com/prompts/antman-classic-version-played-by-domhnall-gleeson,stablediffusionweb.com,nan,7.0,1,"(132.18980407714844, 200.5107421875, 558.8565673828125, 807.9890747070312)",0.26148
Q000720,ID000090,Domhnall Gleeson,Fake,Domhnall Gleeson Midjourney,20,James Bond as originally described by Ian Fleming from the books : r/ midjourney,https://i.redd.it/v1szn8pb1fvc1.jpeg,https://www.reddit.com/r/midjourney/comments/1c7tsde/james_bond_as_originally_described_by_ian_fleming/,www.reddit.com,nan,5.0,1,"(620.2901000976562, 454.625732421875, 1555.76806640625, 1732.15869140625)",0.28493
Q000720,ID000090,Domhnall Gleeson,Fake,Domhnall Gleeson Midjourney,31,Irish Justice League : r/midjourney,https://preview.redd.it/irish-justice-league-v0-ouehptsqsbbb1.jpg?width=640&crop=smart&auto=webp&s=c347466022894c9036ccb30a34f3fccbe3624c70,https://www.reddit.com/r/midjourney/comments/14wpec0/irish_justice_league/,www.reddit.com,nan,5.0,1,"(235.11605834960938, 87.2945556640625, 357.6866149902344, 250.8056640625)",0.04893
Q000721,ID000091,Dustin Hoffman,Real,Dustin Hoffman,2,Dustin Hoffman - IMDb,https://m.media-amazon.com/images/M/MV5BMTc3NzU0ODczMF5BMl5BanBnXkFtZTcwODEyMDY5Mg@@._V1_.jpg,https://www.imdb.com/name/nm0000163/,www.imdb.com,tier2,nan,1,"(80.20333862304688, 80.58373260498047, 214.48809814453125, 267.8332824707031)",0.21095
Q000722,ID000091,Dustin Hoffman,Fake,Dustin Hoffman AI generated,24,Dustin Hoffman as Professor X in Kubrick Style - AI Art,https://creator.nightcafe.studio/jobs/V1sPhOZ77YUJ4Zccz9a2/V1sPhOZ77YUJ4Zccz9a2--1--fhz5n.jpg,https://creator.nightcafe.studio/creation/1GgchjUS3yUa88X3DjQt,creator.nightcafe.studio,nan,8.0,1,"(377.6528625488281, 312.305908203125, 652.9528198242188, 671.812744140625)",0.09439
Q000727,ID000091,Dustin Hoffman,Fake,Dustin Hoffman Stable Diffusion,31,Dustin Hoffman as Joker | Stable Diffusion 온라인,https://imgcdn.stablediffusionweb.com/2025/7/27/c165ed44-1351-4858-aa16-a1e29a8b3f59.jpg,https://stablediffusionweb.com/ko/image/44565422-dustin-hoffman-as-joker,stablediffusionweb.com,nan,7.0,1,"(233.63319396972656, 270.5403137207031, 587.3160400390625, 742.23828125)",0.1649
Q000729,ID000092,Dwayne Johnson,Real,Dwayne Johnson,2,"Dwayne ""The Rock"" Johnson | WWE",https://www.wwe.com/f/styles/talent_champion_lg/public/all/2024/03/The_Rock_PROFILE--927b15797eefad54a3bca4d2a15e4921.png,https://www.wwe.com/superstars/the-rock,www.wwe.com,tier2,nan,1,"(429.2427062988281, 85.0064697265625, 584.5361938476562, 314.1005859375)",0.05032
Q000729,ID000092,Dwayne Johnson,Real,Dwayne Johnson,3,"Dwayne Johnson | Biography, Wrestling, Films, & Facts | Britannica",https://cdn.britannica.com/36/147936-050-8E84B614/Dwayne-Johnson.jpg,https://www.britannica.com/biography/Dwayne-Johnson,www.britannica.com,tier2,nan,1,"(406.6322021484375, 78.78231048583984, 948.2400512695312, 826.1199340820312)",0.18893
Q000730,ID000092,Dwayne Johnson,Fake,Dwayne Johnson AI generated,12,Disney Scrapped Dwayne Johnson AI Image For 'Moana',https://deadline.com/wp-content/uploads/2025/08/moana-tron-ares.jpg?w=681&h=383&crop=1,https://deadline.com/2025/08/disney-dwayne-johnson-deepfake-moana-ai-generated-tron-ares-1236478167/,deadline.com,nan,5.0,1,"(103.08248901367188, 101.55915069580078, 233.30494689941406, 229.39181518554688)",0.06382
Q000731,ID000092,Dwayne Johnson,Fake,Dwayne Johnson deepfake,2,Deepfake alert: US actor Dwayne Johnson isn't promoting 'new way' to make  money on YouTube - Africa Check,https://africacheck.org/sites/default/files/inline-images/NigeriaDeepfake_False.png,https://africacheck.org/fact-checks/meta-programme-fact-checks/deepfake-alert-us-actor-dwayne-johnson-isnt-promoting-new,africacheck.org,nan,7.0,1,"(348.998291015625, 34.26209259033203, 517.318603515625, 261.9261169433594)",0.0308
Q000731,ID000092,Dwayne Johnson,Fake,Dwayne Johnson deepfake,19,This 'It's Always Sunny' deepfake with Dwayne Johnson is seriously weird,https://images.entertainment.ie/uploads/2019/11/20102332/Dwayne-Johnson-Its-Always-Sunne-deepfake.jpg?w=640&h=384&q=high,https://entertainment.ie/trending/this-its-always-sunny-deepfake-with-dwayne-johnson-is-seriously-weird-430454/,entertainment.ie,nan,7.0,1,"(332.32537841796875, 54.04924011230469, 460.66180419921875, 224.6408233642578)",0.08908
Q000732,ID000092,Dwayne Johnson,Fake,Dwayne Johnson AI image,32,Realistic Dwayne 'The Rock' Johnson Portrait | Stable Diffusion Online,https://imgcdn.stablediffusionweb.com/2024/5/9/4b1940f3-33fb-4bb8-ae94-b5deb07e65fb.jpg,https://stablediffusionweb.com/image/6993125-realistic-dwayne-the-rock-johnson-portrait,stablediffusionweb.com,nan,7.0,1,"(326.0495910644531, 102.70957946777344, 745.6904296875, 690.1234130859375)",0.23508
Q000732,ID000092,Dwayne Johnson,Fake,Dwayne Johnson AI image,37,Dwayne 'The Rock' Johnson | Stable Diffusion Online,https://imgcdn.stablediffusionweb.com/2024/4/19/d8163386-f0cd-4f48-8a2f-f01c429b4499.jpg,https://stablediffusionweb.com/image/5665588-dwayne-the-rock-johnson,stablediffusionweb.com,nan,7.0,1,"(430.8375549316406, 94.58334350585938, 622.0076293945312, 355.8823547363281)",0.04764
Q000737,ID000093,Dylan O,Real,Dylan O,2,Dylan O'Brien - IMDb,https://m.media-amazon.com/images/M/MV5BYTFiNDQ1YWMtYjE4Ny00YzViLWJhMzgtNTA1ODdhYmMyMDcyXkEyXkFqcGc@._V1_FMjpg_UX1000_.jpg,https://www.imdb.com/name/nm3729721/,www.imdb.com,tier2,nan,1,"(356.8577880859375, 146.2167510986328, 584.9696655273438, 455.8384704589844)",0.04956
Q000738,ID000093,Dylan O,Fake,Dylan O AI generated,7,Dylan O'Brien Portrait Photo | Stable Diffusion Online,https://imgcdn.stablediffusionweb.com/2024/11/3/2cc98e89-eb67-41da-8509-ebe121e3e648.jpg,https://stablediffusionweb.com/image/21701701-dylan-o-brien-portrait-photo,stablediffusionweb.com,nan,7.0,1,"(308.0818786621094, 113.4210433959961, 564.2659912109375, 467.6961975097656)",0.08656
Q000738,ID000093,Dylan O,Fake,Dylan O AI generated,8,Dylan O'Brien Portrait | Stable Diffusion Online,https://imgcdn.stablediffusionweb.com/2024/12/4/8b0247de-30c2-41f3-9589-7953b122a58a.jpg,https://stablediffusionweb.com/image/24534062-dylan-o-brien-portrait,stablediffusionweb.com,nan,7.0,1,"(246.9062957763672, 99.24315643310547, 701.0861206054688, 730.9066162109375)",0.2736
Q000741,ID000093,Dylan O,Fake,Dylan O viral deepfake,25,Welcome to Chechnya' Brings Deepfake Technology to Documentaries - The New  York Times,https://static01.nyt.com/images/2020/06/30/arts/30deepfake-doc1/merlin_172968585_3f263ec7-dc7e-4cff-9994-7a6cc16c6d32-articleLarge.jpg?quality=75&auto=webp&disable=upscale,https://www.nytimes.com/2020/07/01/movies/deepfakes-documentary-welcome-to-chechnya.html,www.nytimes.com,nan,7.0,1,"(393.8934631347656, -94.67001342773438, 622.1328125, 195.56761169433594)",0.32665
Q000753,ID000095,Eberechi Eze,Real,Eberechi Eze,1,Eberechi Eze - Player profile 26/27 | Transfermarkt,https://img.a.transfermarkt.technology/portrait/big/479999-1761083931.jpg?lm=1,https://www.transfermarkt.us/eberechi-eze/profil/spieler/479999,www.transfermarkt.us,tier2,nan,1,"(53.175086975097656, 70.05828094482422, 261.111083984375, 345.3646240234375)",0.48928
Q000753,ID000095,Eberechi Eze,Real,Eberechi Eze,2,Eberechi Eze: My time to shine is now following return to Arsenal | The  Independent,https://static.independent.co.uk/2025/09/07/23/10640ea6d531b16286d3f64a49d57096Y29udGVudHNlYXJjaGFwaSwxNzU3MzU5MDI1-2.81508181.jpg,https://www.independent.co.uk/sport/football/eberechi-eze-england-gunners-andorra-thierry-henry-b2821944.html,www.independent.co.uk,tier2,nan,1,"(1050.4114990234375, 182.10629272460938, 1383.18408203125, 644.894775390625)",0.04031
Q000753,ID000095,Eberechi Eze,Real,Eberechi Eze,3,Eberechi Eze :: 2026/2027 - Arsenal - Player Profile & Stats,https://cdn-img.staticzz.com/img/jogadores/new/68/92/546892_eberechi_eze_20251027105428.png,https://www.playmakerstats.com/player/eberechi-eze/546892,www.playmakerstats.com,tier2,nan,1,"(113.4617919921875, 40.60849380493164, 365.712158203125, 353.93878173828125)",0.31615
Q000761,ID000096,Elizabeth Banks,Real,Elizabeth Banks,1,Elizabeth Banks - IMDb,https://m.media-amazon.com/images/M/MV5BODNlYzdjZTUtYTQ2ZC00ZmQ1LWI2Y2EtNTY4ZjlmY2ZkNDA4XkEyXkFqcGc@._V1_.jpg,https://www.imdb.com/name/nm0006969/,www.imdb.com,tier2,nan,1,"(632.4586181640625, 233.38186645507812, 1019.9039916992188, 772.689208984375)",0.03483
Q000761,ID000096,Elizabeth Banks,Real,Elizabeth Banks,3,"Elizabeth Banks - Husband, Movies & Age",https://hips.hearstapps.com/hmg-prod/images/martini-and-the-moms-celebrate-release-of-people-like-us-with-elizabeth-banks.jpg,https://www.biography.com/actors/elizabeth-banks,www.biography.com,tier2,nan,1,"(111.5590591430664, 88.09505462646484, 284.0530090332031, 315.2945556640625)",0.24251
Q000762,ID000096,Elizabeth Banks,Fake,Elizabeth Banks AI generated,4,Elizabeth Banks,https://creator.nightcafe.studio/jobs/p0EUhY9QDOekyyw5xpn6/p0EUhY9QDOekyyw5xpn6--1--g84i8.jpg,https://creator.nightcafe.studio/creation/p0EUhY9QDOekyyw5xpn6,creator.nightcafe.studio,nan,5.0,1,"(101.05458068847656, 105.16368103027344, 246.1398162841797, 292.8215026855469)",0.10551
Q000764,ID000096,Elizabeth Banks,Fake,Elizabeth Banks AI image,5,Elizabeth Banks Portrait | Stable Diffusion Online,https://imgcdn.stablediffusionweb.com/2024/10/26/13fa9595-8bdc-416b-b513-45e8812e4b0e.jpg,https://stablediffusionweb.com/image/20997057-elizabeth-banks-portrait,stablediffusionweb.com,nan,7.0,1,"(142.4134979248047, 206.99435424804688, 638.428466796875, 919.3941650390625)",0.34234
Q000765,ID000096,Elizabeth Banks,Fake,Elizabeth Banks viral deepfake,10,"X blocks searches for ""Taylor Swift"" after explicit deepfakes go viral -  CBS News",https://assets1.cbsnewsstatic.com/hub/i/r/2024/01/09/772c2398-3dc5-4d12-ae45-4616fa9d270a/thumbnail/1200x630/e6eb3b6122c92dc80e6bbc74b805155d/gettyimages-1917155445.jpg,https://www.cbsnews.com/news/taylor-swift-deepfakes-x-search-block-twitter/,www.cbsnews.com,nan,5.0,1,"(487.4716491699219, 40.00007629394531, 891.9553833007812, 576.587158203125)",0.28709
Q000765,ID000096,Elizabeth Banks,Fake,Elizabeth Banks viral deepfake,44,"Italian Prime Minister Giorgia Meloni Seeking $100,000 Over Deepfake Porn  Videos","https://imageio.forbes.com/specials-images/imageserve/65fb087d5ce0354b4d91d30c/0x0.jpg?format=jpg&crop=2470,1390,x0,y146,safe&height=900&width=1600&fit=bounds",https://www.forbes.com/sites/maryroeloffs/2024/03/20/italian-prime-minister-seeks-over-100000-after-deepfake-porn-videos-were-viewed-millions-of-times/,www.forbes.com,nan,5.0,1,"(1026.8795166015625, 215.3870086669922, 1336.03125, 635.373046875)",0.09022
Q000769,ID000097,Elizabeth Taylor,Real,Elizabeth Taylor,2,"Elizabeth Taylor | Biography, Movies, Academy Awards, & Facts | Britannica",https://cdn.britannica.com/36/222036-050-E61A7CBB/American-actress-Elizabeth-Taylor-late-1950s.jpg,https://www.britannica.com/biography/Elizabeth-Taylor,www.britannica.com,tier2,nan,1,"(304.289794921875, 318.6009521484375, 816.0337524414062, 1004.4879150390625)",0.19657
Q000769,ID000097,Elizabeth Taylor,Real,Elizabeth Taylor,3,"Elizabeth Taylor | Biography, Movies, Academy Awards, & Facts | Britannica",https://cdn.britannica.com/57/148157-050-D6E65300/Elizabeth-Taylor-White-Diamonds.jpg,https://www.britannica.com/biography/Elizabeth-Taylor,www.britannica.com,tier2,nan,1,"(596.242919921875, 345.5809326171875, 900.4199829101562, 740.5179443359375)",0.05679
Q000771,ID000097,Elizabeth Taylor,Fake,Elizabeth Taylor deepfake,4,What to know about how lawmakers are addressing deepfakes like the ones  that victimized Taylor Swift | Fox 59,https://fox59.com/wp-content/uploads/sites/21/2024/01/65babe4f68f3e1.77340113.jpeg?strip=1,https://fox59.com/news/national-world/ap-us-news/ap-what-to-know-about-how-lawmakers-are-addressing-deepfakes-like-the-ones-that-victimized-taylor-swift/,fox59.com,nan,5.0,1,"(2400.86279296875, 459.4902648925781, 4356.39453125, 2829.058837890625)",0.19307
Q000772,ID000097,Elizabeth Taylor,Fake,Elizabeth Taylor AI image,15,Elizabeth Taylor in Black Widow Suit | Stable Diffusion Online,https://imgcdn.stablediffusionweb.com/2024/5/17/2f49de72-e0ab-4e36-8509-b398049db252.jpg,https://stablediffusionweb.com/image/7494285-elizabeth-taylor-in-black-widow-suit,stablediffusionweb.com,nan,7.0,1,"(328.806396484375, 145.59918212890625, 648.1566162109375, 584.9111328125)",0.1338
Q000773,ID000097,Elizabeth Taylor,Fake,Elizabeth Taylor viral deepfake,29,A Deepfake Taylor Swift is Teaching Math to Kids on TikTok | PetaPixel,https://petapixel.com/assets/uploads/2024/01/taylor-swift-deepfake-politics-law-550x288.jpg,https://petapixel.com/2024/04/02/a-deepfake-taylor-swift-is-teaching-math-to-kids-on-tiktok/,petapixel.com,nan,7.0,1,"(246.59263610839844, 54.35555648803711, 354.92095947265625, 192.86334228515625)",0.09472
Q000777,ID000098,Ellyse Perry,Real,Ellyse Perry,3,Ellyse Perry - IMDb,https://m.media-amazon.com/images/M/MV5BZTFhOGZmZGItYmQwZi00N2UwLWFjMzktODhmOWNlYjJkODIzXkEyXkFqcGc@._V1_.jpg,https://www.imdb.com/name/nm3959857/,www.imdb.com,tier2,nan,1,"(171.57363891601562, 67.04126739501953, 282.45733642578125, 221.7058868408203)",0.06868
Q000777,ID000098,Ellyse Perry,Real,Ellyse Perry,4,Ellyse the incredible,https://p.imgci.com/db/PICTURES/CMS/265600/265613.21.jpg,https://www.thecricketmonthly.com/story/1109957/ellyse-the-incredible,www.thecricketmonthly.com,tier2,nan,1,"(348.03314208984375, 42.26764678955078, 512.5313720703125, 302.023681640625)",0.03956
Q000783,ID000098,Ellyse Perry,Fake,Ellyse Perry Stable Diffusion,6,virat kohli with ellyse perry Prompts | Stable Diffusion Online,https://imgcdn.stablediffusionweb.com/2025/10/10/7a780d4c-442a-49c6-a11a-d7e9049e4ca6.jpg,https://stablediffusionweb.com/prompts/virat-kohli-with-ellyse-perry,stablediffusionweb.com,nan,7.0,1,"(355.0471496582031, 135.71719360351562, 607.0982055664062, 463.1584777832031)",0.07871
Q000783,ID000098,Ellyse Perry,Fake,Ellyse Perry Stable Diffusion,35,virat kohli with ellyse perry Prompts | Stable Diffusion Online,https://imgcdn.stablediffusionweb.com/2025/10/10/c9ae9b61-cf49-41dc-b7b5-b9023e4f3fac.jpg,https://stablediffusionweb.com/prompts/virat-kohli-with-ellyse-perry,stablediffusionweb.com,nan,7.0,1,"(392.7160949707031, 123.49654388427734, 627.2379760742188, 432.7187805175781)",0.06916
Q000785,ID000099,Elon-Musk,Real,Elon-Musk,2,"Elon Musk: Business Icon, Innovator, and Controversial Leader",https://www.investopedia.com/thmb/IubEp21i35VbEX26PJ2L5wn-hpk=/1500x0/filters:no_upscale():max_bytes(150000):strip_icc()/InvestopediaStructuredContent-ElonMusk-final-266adfdf942a462fa4c7ff09ac633ad3.png,https://www.investopedia.com/articles/personal-finance/061015/how-elon-musk-became-elon-musk.asp,www.investopedia.com,tier2,nan,1,"(359.4049072265625, 185.57191467285156, 703.7344360351562, 678.6201782226562)",0.11173
Q000786,ID000099,Elon-Musk,Fake,Elon-Musk AI generated,31,"Download Ai Generated, Elon Musk, Tesla. Royalty-Free Stock Illustration  Image - Pixabay",https://cdn.pixabay.com/photo/2023/08/01/06/37/ai-generated-8162220_1280.jpg,https://pixabay.com/illustrations/ai-generated-elon-musk-tesla-ceo-8162220/,pixabay.com,nan,7.0,1,"(339.0025634765625, 57.72206115722656, 910.7127685546875, 904.7066650390625)",0.29555
Q000786,ID000099,Elon-Musk,Fake,Elon-Musk AI generated,40,"Download Ai Generated, Man, Elon Musk. Royalty-Free Stock Illustration  Image - Pixabay",https://cdn.pixabay.com/photo/2023/08/30/16/47/ai-generated-8223753_1280.png,https://pixabay.com/illustrations/ai-generated-man-elon-musk-8223753/,pixabay.com,nan,7.0,1,"(232.15347290039062, 307.5045471191406, 764.1762084960938, 1069.1468505859375)",0.24732
Q000787,ID000099,Elon-Musk,Fake,Elon-Musk deepfake,17,"Baby Elon Musk, rapping Kim Kardashian: Welcome to the world of silly  deepfakes | CNN Business","https://media.cnn.com/api/v1/images/stellar/prod/190619192533-02-baby-elon-deepfake.jpg?q=x_122,y_44,h_1269,w_2256,c_crop/w_800",https://www.cnn.com/2019/06/22/tech/deepfake-for-fun,www.cnn.com,nan,7.0,1,"(292.0804748535156, 30.02301788330078, 536.575927734375, 348.9772644042969)",0.21662
Q000789,ID000099,Elon-Musk,Fake,Elon-Musk viral deepfake,5,Kamala Harris deepfake shared by Musk sparks free speech debate,"https://media-cldnry.s-nbcnews.com/image/upload/t_fit-560w,f_auto,q_auto:best/rockcms/2024-07/240730-satire-deepfake-lr-7bb187.jpg",https://www.nbcnews.com/tech/misinformation/kamala-harris-deepfake-shared-musk-sparks-free-speech-debate-rcna164119,www.nbcnews.com,nan,7.0,1,"(179.60137939453125, 73.91983795166016, 272.9517517089844, 205.9283905029297)",0.059
Q000793,ID000100,Emily Blunt,Real,Emily Blunt,2,Emily Blunt reflects on her 1st audition for ‘The Devil Wears Prada’,https://s.abcnews.com/images/GMA/Emily-Blunt-4-ap-jm-240918_1726684829603_hpMain_1x1_608.jpg,https://www.goodmorningamerica.com/culture/story/emily-blunt-reflects-devil-wears-prada-quiet-place-113816407,www.goodmorningamerica.com,tier2,nan,1,"(287.28033447265625, 48.97726821899414, 397.3866271972656, 207.37965393066406)",0.04718
Q000794,ID000100,Emily Blunt,Fake,Emily Blunt AI generated,1,"Emily Blunt #1 - Dramatic Portrait of a Young Woman, Hyperre...",https://creator.nightcafe.studio/jobs/DJqHBghPhylJYcFRDlRU/DJqHBghPhylJYcFRDlRU--1--0zzov.jpg,https://creator.nightcafe.studio/creation/DJqHBghPhylJYcFRDlRU,creator.nightcafe.studio,nan,5.0,1,"(386.8584899902344, 145.9417724609375, 721.8767700195312, 618.9627075195312)",0.15113
Q000794,ID000100,Emily Blunt,Fake,Emily Blunt AI generated,8,"Emily Blunt Calls AI-Generated Actress Tilly Norwood ""Terrifying""",https://static0.srcdn.com/wordpress/wp-content/uploads/2024/06/untitled-28.jpg?w=1600&h=900&fit=crop,https://screenrant.com/emily-blunt-ai-generated-actress-tilly-norwood-terrifying/,screenrant.com,nan,5.0,1,"(645.3400268554688, 125.03136444091797, 983.5406494140625, 566.840087890625)",0.10376
Q000795,ID000100,Emily Blunt,Fake,Emily Blunt deepfake,6,How Hollywood is tackling the deepfake menace - India Today,https://akm-img-a-in.tosshub.com/indiatoday/images/story/202311/emily-blunts-deepfake-as-the-black-widow-in-mcu-084226330-3x4.jpg?VersionId=XP_LWS6cnSShUDcu6LiK3OcJy50K6RTW,https://www.indiatoday.in/movies/hollywood/story/how-hollywood-is-tackling-the-deepfake-menace-emily-blunt-katrina-kaif-rashmika-mandanna-2460359-2023-11-08,www.indiatoday.in,nan,7.0,1,"(55.147682189941406, 55.79169464111328, 221.4748077392578, 269.601806640625)",0.27934
Q000796,ID000100,Emily Blunt,Fake,Emily Blunt AI image,18,Emily Blunt inspired female figure | Stable Diffusion Online,https://imgcdn.stablediffusionweb.com/2024/9/7/f453ddf2-9f84-4491-9d89-ef41f27ce1da.jpg,https://stablediffusionweb.com/image/16079641-emily-blunt-inspired-female-figure,stablediffusionweb.com,nan,7.0,1,"(363.4886474609375, 140.799560546875, 831.0154418945312, 816.9921875)",0.30149
Q000801,ID000101,Emma Roberts,Real,Emma Roberts,1,Emma Roberts - Wikipedia,https://upload.wikimedia.org/wikipedia/commons/thumb/3/30/Emma_Robert_2016_Comic_Con.jpg/250px-Emma_Robert_2016_Comic_Con.jpg,https://en.wikipedia.org/wiki/Emma_Roberts,en.wikipedia.org,tier2,nan,1,"(73.254638671875, 47.95344924926758, 175.81454467773438, 194.35484313964844)",0.17928
Q000801,ID000101,Emma Roberts,Real,Emma Roberts,2,Emma Roberts - IMDb,https://m.media-amazon.com/images/M/MV5BNTEzNWU5YzEtNTE2MS00ZDg4LWJhZTEtZTFjN2JlYjMzZGZmXkEyXkFqcGc@._V1_FMjpg_UX1000_.jpg,https://www.imdb.com/name/nm0731075/,www.imdb.com,tier2,nan,1,"(247.61370849609375, 228.05722045898438, 767.9583740234375, 946.5769653320312)",0.28069
Q000802,ID000101,Emma Roberts,Fake,Emma Roberts AI generated,2,Emma Roberts as Ghost Spider Gwen Stacy - AI Art,https://creator.nightcafe.studio/jobs/Sm6N7FBC749uoS1fKxq9/Sm6N7FBC749uoS1fKxq9--1--v6je9.jpg,https://creator.nightcafe.studio/creation/Sm6N7FBC749uoS1fKxq9,creator.nightcafe.studio,nan,8.0,1,"(374.6840515136719, 73.2728271484375, 534.31298828125, 300.526123046875)",0.03514
Q000802,ID000101,Emma Roberts,Fake,Emma Roberts AI generated,3,Emma Roberts as Cinematic Killer Frost - AI Art,https://creator.nightcafe.studio/jobs/GBSnc33VrYKTdUcdAzb8/GBSnc33VrYKTdUcdAzb8--chrkn_adetailer-face_yolov8n-3epqw.jpg,https://creator.nightcafe.studio/creation/GBSnc33VrYKTdUcdAzb8,creator.nightcafe.studio,nan,8.0,1,"(245.57809448242188, 144.2559051513672, 609.133544921875, 624.013916015625)",0.1724
Q000803,ID000101,Emma Roberts,Fake,Emma Roberts deepfake,26,Oxford university calls for tighter controls to tackle rise in deepfakes,https://www.thetimes.com/imageserver/image/77d3bc20-e4d9-4e03-8298-401009c6178b.jpg?strip=all&format=webp&crop=2588px%2C1456px%2C434px%2C116px&resize=2360,https://www.thetimes.com/uk/technology-uk/article/oxford-university-calls-for-tighter-controls-to-tackle-rise-in-deepfakes-ljvstnrmj,www.thetimes.com,nan,5.0,1,"(867.3170776367188, 203.15394592285156, 1444.5010986328125, 974.0877075195312)",0.14209
Q000803,ID000101,Emma Roberts,Fake,Emma Roberts deepfake,30,Explore the Best Deepfake Art | DeviantArt,"https://images-wixmp-ed30a86b8c4ca887773594c2.wixmp.com/f/9cbf51f8-bb7e-4655-8528-b0b4d095d51d/dkkm3rb-36919f61-75e4-4182-a4e3-6bc79e77b66a.gif/v1/fill/w_400,h_600,q_85,strp/emma_roberts_beach_gif__by_qtaertai_dkkm3rb-fullview.jpg?token=eyJ0eXAiOiJKV1QiLCJhbGciOiJIUzI1NiJ9.eyJzdWIiOiJ1cm46YXBwOjdlMGQxODg5ODIyNjQzNzNhNWYwZDQxNWVhMGQyNmUwIiwiaXNzIjoidXJuOmFwcDo3ZTBkMTg4OTgyMjY0MzczYTVmMGQ0MTVlYTBkMjZlMCIsIm9iaiI6W1t7ImhlaWdodCI6Ijw9NjAwIiwicGF0aCI6Ii9mLzljYmY1MWY4LWJiN2UtNDY1NS04NTI4LWIwYjRkMDk1ZDUxZC9ka2ttM3JiLTM2OTE5ZjYxLTc1ZTQtNDE4Mi1hNGUzLTZiYzc5ZTc3YjY2YS5naWYiLCJ3aWR0aCI6Ijw9NDAwIn1dXSwiYXVkIjpbInVybjpzZXJ2aWNlOmltYWdlLm9wZXJhdGlvbnMiXX0.MfzamFHS1q4i6ZDRa4oeJ5alx4ls6BNypvbTyqWcVVQ",https://www.deviantart.com/tag/deepfake?page=10,www.deviantart.com,nan,5.0,1,"(150.27493286132812, 63.62553405761719, 237.66046142578125, 173.3806915283203)",0.03996
Q000805,ID000101,Emma Roberts,Fake,Emma Roberts viral deepfake,6,Emma Roberts Faceset,https://www.deepfakevfx.com/wp-content/uploads/celebrity-facesets/8593/faceset-sample-8593.jpg,https://www.deepfakevfx.com/celebrity-facesets/emma-roberts-8593/,www.deepfakevfx.com,nan,4.0,1,"(245.4698486328125, 156.15374755859375, 815.400146484375, 904.0100708007812)",0.36542
Q000805,ID000101,Emma Roberts,Fake,Emma Roberts viral deepfake,11,The Jenna Ortega Deepfake Controversy Explained: What Happened To The  Wednesday Star? - IMDb,https://m.media-amazon.com/images/M/MV5BNTdjNjM1N2MtZTQ2Mi00MDk5LTkyNDYtNDgyMTdhOGQwYzJiXkEyXkFqcGc@._V1_.jpg,https://www.imdb.com/fr/news/ni65297247/,www.imdb.com,nan,3.0,1,"(501.181640625, 76.09454345703125, 664.8827514648438, 285.25457763671875)",0.04529
Q000809,ID000102,Emma Thompson,Real,Emma Thompson,1,Emma Thompson - Wikipedia,https://upload.wikimedia.org/wikipedia/commons/thumb/9/9e/Emma_Thompson_at_the_78th_Locarno_Film_Festival_photocall_01_%28cropped%29.jpg/250px-Emma_Thompson_at_the_78th_Locarno_Film_Festival_photocall_01_%28cropped%29.jpg,https://en.wikipedia.org/wiki/Emma_Thompson,en.wikipedia.org,tier2,nan,1,"(75.85673522949219, 56.84044647216797, 164.97714233398438, 176.7069549560547)",0.12832
Q000809,ID000102,Emma Thompson,Real,Emma Thompson,2,Emma Thompson - IMDb,https://m.media-amazon.com/images/M/MV5BMTMwNTAyOTg0MF5BMl5BanBnXkFtZTcwNTg0MzY1Mw@@._V1_FMjpg_UX1000_.jpg,https://www.imdb.com/name/nm0000668/,www.imdb.com,tier2,nan,1,"(209.98193359375, 163.1806640625, 667.6250610351562, 789.9298706054688)",0.21231
Q000809,ID000102,Emma Thompson,Real,Emma Thompson,3,"Emma Thompson | Biography, Movies, & Facts | Britannica",https://cdn.britannica.com/40/205240-050-31BB8996/Emma-Thompson-2013.jpg,https://www.britannica.com/biography/Emma-Thompson,www.britannica.com,tier2,nan,1,"(314.47100830078125, 299.981689453125, 848.2080078125, 993.0261840820312)",0.19202
Q000817,ID000103,Emma Watson,Real,Emma Watson,1,Emma Watson - Wikipedia,https://upload.wikimedia.org/wikipedia/commons/7/7f/Emma_Watson_2013.jpg,https://en.wikipedia.org/wiki/Emma_Watson,en.wikipedia.org,tier2,nan,1,"(91.36692810058594, 97.61700439453125, 361.4508972167969, 465.3161315917969)",0.30583
Q000817,ID000103,Emma Watson,Real,Emma Watson,2,Emma Watson - IMDb,https://m.media-amazon.com/images/M/MV5BMTQ3ODE2NTMxMV5BMl5BanBnXkFtZTgwOTIzOTQzMjE@._V1_.jpg,https://www.imdb.com/name/nm0914612/,www.imdb.com,tier2,nan,1,"(196.77780151367188, 124.89833068847656, 747.4136352539062, 893.7850341796875)",0.31865
Q000817,ID000103,Emma Watson,Real,Emma Watson,3,Emma Watson - IMDb,https://m.media-amazon.com/images/M/MV5BNWMzOTkyNzctZDU2OC00NTE3LTllZTAtOGE2MzUxOGEwYjA1XkEyXkFqcGc@._V1_.jpg,https://www.imdb.com/name/nm0914612/,www.imdb.com,tier2,nan,1,"(429.8463134765625, 199.22555541992188, 1005.690673828125, 955.2962036132812)",0.22213
Q000819,ID000103,Emma Watson,Fake,Emma Watson deepfake,2,Emma Watson’s face used in sexual deepfake on social media,https://media13.s-nbcnews.com/i/mpx/2704722219/2023_03/1678298225323_now_daily_a_watson_deepfake_230307_1920x1080-ry5ynx.jpg,https://www.nbcnews.com/now/video/emma-watson-s-face-used-in-sexual-deepfake-on-social-media-164715589707,www.nbcnews.com,nan,7.0,1,"(1076.991455078125, 208.443115234375, 1412.733154296875, 658.0510864257812)",0.0728
Q000819,ID000103,Emma Watson,Fake,Emma Watson deepfake,16,Deepfake audio: Emma Watson's case is proof voice-cloning is a problem set  to rise,https://hips.hearstapps.com/hmg-prod/images/emma-watson-deepfake-1675423103.jpg,https://www.cosmopolitan.com/uk/reports/a42728762/emma-watson-deepfake/,www.cosmopolitan.com,nan,7.0,1,"(155.11123657226562, 41.252159118652344, 453.2607421875, 435.50323486328125)",0.25315
Q000825,ID000104,Emma-Mackey,Real,Emma-Mackey,2,Emma Mackey - IMDb,"https://m.media-amazon.com/images/M/MV5BYjg5ODUyM2UtMzllNi00ZDFiLWE3MjktMDZlNDRjNzlhZTZiXkEyXkFqcGc@._V1_CR59,72,522,784_FMjpg_UX1000_.jpg",https://www.imdb.com/name/nm8076281/,www.imdb.com,tier2,nan,1,"(380.60931396484375, 235.21023559570312, 613.1345825195312, 520.85546875)",0.04422
Q000825,ID000104,Emma-Mackey,Real,Emma-Mackey,3,Emma Mackey - IMDb,https://m.media-amazon.com/images/M/MV5BMzVhMTI3NTktOTBkNi00NmMwLWJiZWMtNDBhMDdjNTgwMjRkXkEyXkFqcGc@._V1_.jpg,https://www.imdb.com/name/nm8076281/,www.imdb.com,tier2,nan,1,"(217.91680908203125, 211.0380401611328, 477.2745361328125, 567.056396484375)",0.09093
Q000826,ID000104,Emma-Mackey,Fake,Emma-Mackey AI generated,2,Emma Mackey,"https://images.nightcafe.studio/ik-seo/jobs/E9WBXR3J59dFuB0Nmx03/E9WBXR3J59dFuB0Nmx03--2--ck67q_15.625x/emma-mackey.jpg?tr=w-1600,c-at_max",https://creator.nightcafe.studio/creation/e0Nztfuqi1gdeChLMbL2,creator.nightcafe.studio,nan,5.0,1,"(443.6992492675781, 260.69921875, 1173.16064453125, 1286.4605712890625)",0.29229
Q000828,ID000104,Emma-Mackey,Fake,Emma-Mackey AI image,2,Here is another Midjourney AI Art Piece that I have modified with Reface  and Faceapp of Emma Mackey as Gwen Stacy from Marvel's Spider-Man :  r/Fancast,https://preview.redd.it/here-is-another-midjourney-ai-art-piece-that-i-have-v0-6uur966udedc1.jpeg?width=640&crop=smart&auto=webp&s=1810efe2f6c4a7fa75d8152abf91836f40637286,https://www.reddit.com/r/Fancast/comments/19aixc9/here_is_another_midjourney_ai_art_piece_that_i/,www.reddit.com,nan,7.0,1,"(206.27609252929688, 113.62711334228516, 373.07598876953125, 336.27496337890625)",0.09067
Q000828,ID000104,Emma-Mackey,Fake,Emma-Mackey AI image,3,Emma Mackey as Maeve Wiley on a City Street | Stable Diffusion Online,https://imgcdn.stablediffusionweb.com/2024/11/22/51eab4e6-f17f-482d-9fe9-408207568028.jpg,https://stablediffusionweb.com/image/23363555-emma-mackey-as-maeve-wiley-on-a-city-street,stablediffusionweb.com,nan,7.0,1,"(372.698486328125, 180.6088104248047, 711.125732421875, 641.9013671875)",0.14888
Q000828,ID000104,Emma-Mackey,Fake,Emma-Mackey AI image,5,Here is a new Midjourney AI Art Piece that I have modified with Reface and  Faceapp of Emma Mackey as Gwen Stacy from Marvel's Spider-Man : r/Fancast,https://preview.redd.it/here-is-a-new-midjourney-ai-art-piece-that-i-have-modified-v0-rglyhcghh8dc1.jpeg?auto=webp&s=2c7f58a593e8f2cb120a8f7e0808af0687225c01,https://www.reddit.com/r/Fancast/comments/199vjdw/here_is_a_new_midjourney_ai_art_piece_that_i_have/,www.reddit.com,nan,7.0,1,"(842.9215698242188, 436.2437744140625, 1424.8431396484375, 1184.31298828125)",0.10379
Q000831,ID000104,Emma-Mackey,Fake,Emma-Mackey Stable Diffusion,10,emma mackey Prompts | Stable Diffusion Online,https://imgcdn.stablediffusionweb.com/2024/12/4/254ac737-ce6c-4b7b-8914-bf90682f84cd.jpg,https://stablediffusionweb.com/prompts/emma-mackey,stablediffusionweb.com,nan,7.0,1,"(524.678955078125, 35.394100189208984, 711.1756591796875, 237.7510986328125)",0.03599
Q000831,ID000104,Emma-Mackey,Fake,Emma-Mackey Stable Diffusion,49,Emma Mackey,https://creator.nightcafe.studio/jobs/E9WBXR3J59dFuB0Nmx03/E9WBXR3J59dFuB0Nmx03--2--ck67q_15.625x.jpg,https://creator.nightcafe.studio/creation/e0Nztfuqi1gdeChLMbL2,creator.nightcafe.studio,nan,5.0,1,"(563.9974975585938, 410.17181396484375, 1454.2113037109375, 1600.3343505859375)",0.26487
Q000833,ID000105,Engin_Altan,Real,Engin_Altan,1,Engin Altan Düzyatan - Wikipedia,https://upload.wikimedia.org/wikipedia/commons/3/3b/Engin_Altan_D%C3%BCzyatan_%C4%B0zmir_01_%28cropped%29_01.jpg,https://en.wikipedia.org/wiki/Engin_Altan_D%C3%BCzyatan,en.wikipedia.org,tier2,nan,1,"(66.86973571777344, 45.17495346069336, 135.87998962402344, 130.02825927734375)",0.09615
Q000833,ID000105,Engin_Altan,Real,Engin_Altan,3,Engin Altan Düzyatan Movies & TV Shows List | Rotten Tomatoes | Rotten  Tomatoes,https://resizing.flixster.com/pdkf9Gwuc45sZYl_YJudSdongrk=/fit-in/352x330/v2/https://resizing.flixster.com/-XZAfHZM39UwaGJIFWKAE8fS0ak=/v3/t/assets/701835_v9_aa.jpg,https://www.rottentomatoes.com/celebrity/engin_altan,www.rottentomatoes.com,tier2,nan,1,"(72.78630065917969, 43.377532958984375, 177.77622985839844, 193.99867248535156)",0.19323
Q000833,ID000105,Engin_Altan,Real,Engin_Altan,6,Top 10 Amazing Facts about Engin Altan Duzyatan - Discover Walks Blog,https://www.discoverwalks.com/blog/wp-content/uploads/2022/06/engin_altan-1.jpg,https://www.discoverwalks.com/blog/istanbul/top-10-amazing-facts-about-engin-altan-duzyatan/,www.discoverwalks.com,tier2,nan,1,"(117.85977172851562, 98.58843994140625, 270.12127685546875, 319.3077087402344)",0.13831
Q000835,ID000105,Engin_Altan,Fake,Engin_Altan deepfake,8,Incredible AI deepfake technology compiles every philanthropist into one  man : r/jerma985,https://preview.redd.it/incredible-ai-deepfake-technology-compiles-every-v0-nynzmibmvi491.jpg?auto=webp&s=d4028f084d6517856597b034d2db772d930e4ede,https://www.reddit.com/r/jerma985/comments/v88hju/incredible_ai_deepfake_technology_compiles_every/,www.reddit.com,nan,7.0,1,"(434.6481018066406, 122.61799621582031, 696.2094116210938, 488.7926330566406)",0.09807
Q000835,ID000105,Engin_Altan,Fake,Engin_Altan deepfake,12,Incredible AI deepfake technology compiles every impostor into one man. :  r/jerma985,https://preview.redd.it/incredible-ai-deepfake-technology-compiles-every-impostor-v0-pqhjhqdll7381.jpg?width=640&crop=smart&auto=webp&s=6b5bfdaa3a6778a1170a5a0d460f8f99ef84d23d,https://www.reddit.com/r/jerma985/comments/r7jn3i/incredible_ai_deepfake_technology_compiles_every/,www.reddit.com,nan,7.0,1,"(251.14942932128906, 90.76036071777344, 389.5530700683594, 279.2673645019531)",0.08121
Q000841,ID000106,Eric Bana,Real,Eric Bana,1,Eric Bana - Wikipedia,https://upload.wikimedia.org/wikipedia/commons/f/fe/Eric_Bana_at_the_2009_Tribeca_Film_Festival.jpg,https://en.wikipedia.org/wiki/Eric_Bana,en.wikipedia.org,tier2,nan,1,"(474.87335205078125, 377.633544921875, 1129.555419921875, 1269.1630859375)",0.18169
Q000841,ID000106,Eric Bana,Real,Eric Bana,2,Eric Bana - IMDb,https://m.media-amazon.com/images/M/MV5BYmVkOWFjMGUtNTVhNi00NGE0LWFhMjctOTc3ZDQ1ZjFiODk5XkEyXkFqcGc@._V1_.jpg,https://www.imdb.com/name/nm0051509/,www.imdb.com,tier2,nan,1,"(98.77996826171875, 72.47962951660156, 347.386962890625, 411.6521301269531)",0.28917
Q000847,ID000106,Eric Bana,Fake,Eric Bana Stable Diffusion,49,eric bana Prompts | Stable Diffusion Online,https://imgcdn.stablediffusionweb.com/2025/8/26/502798e4-f6af-4656-af9d-0d0b19b00c43.jpg,https://stablediffusionweb.com/prompts/eric-bana,stablediffusionweb.com,nan,7.0,1,"(468.9957275390625, 101.79579162597656, 650.4548950195312, 344.9997253417969)",0.04209
Q000848,ID000106,Eric Bana,Fake,Eric Bana Midjourney,27,My attempt at using AI (Midjourney v4) to create fan art of Darrow and  Cassius! Tbh the last 2 are supposed to be Cassius but I feel like they  could go either,https://i.redd.it/my-attempt-at-using-ai-midjourney-v4-to-create-fan-art-of-v0-a9yldo3bgcz91.png?width=1024&format=png&auto=webp&s=5e7f353346319c82cec67163c3948ad3a4c74dc9,https://www.reddit.com/r/redrising/comments/yseime/my_attempt_at_using_ai_midjourney_v4_to_create/,www.reddit.com,nan,7.0,1,"(382.4240417480469, 80.87289428710938, 683.5363159179688, 472.2195739746094)",0.11238
Q000848,ID000106,Eric Bana,Fake,Eric Bana Midjourney,28,My attempt at using AI (Midjourney v4) to create fan art of Darrow and  Cassius! Tbh the last 2 are supposed to be Cassius but I feel like they  could go either,https://preview.redd.it/my-attempt-at-using-ai-midjourney-v4-to-create-fan-art-of-v0-ogwg7d2kfcz91.png?width=640&crop=smart&auto=webp&s=effe8c2d12b7b642025a3e1a605357acddab2e8f,https://www.reddit.com/r/redrising/comments/yseime/my_attempt_at_using_ai_midjourney_v4_to_create/,www.reddit.com,nan,7.0,1,"(209.2835693359375, 72.17020416259766, 423.9502868652344, 368.0789489746094)",0.15508
Q000848,ID000106,Eric Bana,Fake,Eric Bana Midjourney,30,My attempt at using AI (Midjourney v4) to create fan art of Darrow and  Cassius! Tbh the last 2 are supposed to be Cassius but I feel like they  could go either,https://i.redd.it/my-attempt-at-using-ai-midjourney-v4-to-create-fan-art-of-v0-97jvna2kfcz91.png?width=1024&format=png&auto=webp&s=79c5498981acd8fb64b670d3e183d6a9e91edc64,https://www.reddit.com/r/redrising/comments/yseime/my_attempt_at_using_ai_midjourney_v4_to_create/,www.reddit.com,nan,7.0,1,"(338.6951599121094, 4.114044189453125, 579.1195678710938, 326.9660339355469)",0.07403
Q000849,ID000107,Ethan Hawke,Real,Ethan Hawke,1,Ethan Hawke - Wikipedia,https://upload.wikimedia.org/wikipedia/commons/thumb/4/4e/BlueMoonBFILFF161025-53_%2854875551295%29_%28cropped_2%29.jpg/250px-BlueMoonBFILFF161025-53_%2854875551295%29_%28cropped_2%29.jpg,https://en.wikipedia.org/wiki/Ethan_Hawke,en.wikipedia.org,tier2,nan,1,"(76.54414367675781, 78.86165618896484, 166.92385864257812, 197.52090454101562)",0.13159
Q000849,ID000107,Ethan Hawke,Real,Ethan Hawke,3,Ethan Hawke - Wikipedia,https://upload.wikimedia.org/wikipedia/commons/thumb/e/e2/Ethan_Hawke_Blue_Moon-28_%28cropped%29.jpg/250px-Ethan_Hawke_Blue_Moon-28_%28cropped%29.jpg,https://en.wikipedia.org/wiki/Ethan_Hawke,en.wikipedia.org,tier2,nan,1,"(89.10597229003906, 52.48212814331055, 172.7530059814453, 169.36997985839844)",0.11745
Q000850,ID000107,Ethan Hawke,Fake,Ethan Hawke AI generated,1,Ethan Hawke defends human creativity in the age of AI art - Upworthy,https://www.upworthy.com/wp-content/uploads/sites/2/2026/03/ANNIE-TOP-SPLASH-111.jpg?w=900,https://www.upworthy.com/ethan-hawke-beautifully-explains-why-ai-art-cant-replace-imperfect-human-creativity/,www.upworthy.com,nan,5.0,1,"(217.11672973632812, 71.5713882446289, 520.4365234375, 460.9305114746094)",0.2187
Q000852,ID000107,Ethan Hawke,Fake,Ethan Hawke AI image,25,Ethan Hawke as Batman | Stable Diffusion Online,https://imgcdn.stablediffusionweb.com/2024/10/13/75f75c10-8f49-4505-b63f-de56bd876c12.jpg,https://stablediffusionweb.com/image/19912002-ethan-hawke-as-batman,stablediffusionweb.com,nan,7.0,1,"(317.215087890625, 348.2021789550781, 688.4979858398438, 786.4630126953125)",0.15518
Q000852,ID000107,Ethan Hawke,Fake,Ethan Hawke AI image,37,Why AI generated art is not real art,https://img.youtube.com/vi/UWh40BoDd1Y/hqdefault.jpg,https://www.upworthy.com/ethan-hawke-beautifully-explains-why-ai-art-cant-replace-imperfect-human-creativity/,www.upworthy.com,nan,5.0,1,"(213.34579467773438, 57.798954010009766, 289.2267150878906, 165.0316925048828)",0.04709
Q000854,ID000107,Ethan Hawke,Fake,Ethan Hawke synthetic face,1,Synthetic Blood Substitute Fails Horrifically (Ethan Hawke Scene) |  Daybreakers,https://i.ytimg.com/vi/TPQR0mOh4CY/hq720.jpg?sqp=-oaymwEhCK4FEIIDSFryq4qpAxMIARUAAAAAGAElAADIQj0AgKJD&rs=AOn4CLDAm9DSyZjyELK2QfzR6Ordbrpg-Q,https://www.youtube.com/watch?v=TPQR0mOh4CY,www.youtube.com,nan,3.0,1,"(301.7509765625, 74.08821868896484, 423.0997314453125, 253.62962341308594)",0.08228
Q000855,ID000107,Ethan Hawke,Fake,Ethan Hawke Stable Diffusion,2,ethan hawke as batman Prompts | Stable Diffusion Online,https://imgcdn.stablediffusionweb.com/2024/11/2/fcc48c4d-3045-4df0-b544-f73df026e6d6.jpg,https://stablediffusionweb.com/prompts/ethan-hawke-as-batman,stablediffusionweb.com,nan,7.0,1,"(236.14764404296875, 159.93002319335938, 724.4044799804688, 850.4864501953125)",0.32155
Q000857,ID000108,Eugenio-Derbez,Real,Eugenio-Derbez,1,Eugenio Derbez - Wikipedia,https://upload.wikimedia.org/wikipedia/commons/thumb/7/7c/Eugenio_Derbez.png/250px-Eugenio_Derbez.png,https://en.wikipedia.org/wiki/Eugenio_Derbez,en.wikipedia.org,tier2,nan,1,"(55.65961837768555, 69.06980895996094, 197.23057556152344, 258.9344482421875)",0.31164
Q000857,ID000108,Eugenio-Derbez,Real,Eugenio-Derbez,2,Eugenio Derbez Movies & TV Shows List | Rotten Tomatoes | Rotten Tomatoes,https://resizing.flixster.com/gHskLYIerLHDLIk_cSLUPNV3YVY=/fit-in/705x460/v2/https://resizing.flixster.com/-XZAfHZM39UwaGJIFWKAE8fS0ak=/v3/t/assets/154314_v9_bb.jpg,https://www.rottentomatoes.com/celebrity/eugenio_derbez,www.rottentomatoes.com,tier2,nan,1,"(66.86593627929688, 99.19232940673828, 252.8452911376953, 339.667724609375)",0.28181
Q000857,ID000108,Eugenio-Derbez,Real,Eugenio-Derbez,4,Why Eugenio Derbez Followed in His Mother's Footsteps,https://m.media-amazon.com/images/M/MV5BYWFmZmQ2MzQtMTkyOS00ZmFkLWJiMzUtNGI2OWE5MGEzZjkxXkEyXkFqcGdeQWFsZWxvZw@@._V1_.jpg,https://www.imdb.com/name/nm0220240/,www.imdb.com,tier2,nan,1,"(938.0045776367188, 193.6478271484375, 1329.017333984375, 709.3526611328125)",0.09724
Q000859,ID000108,Eugenio-Derbez,Fake,Eugenio-Derbez deepfake,1,Así 'revivieron' al Chavo del 8 con tecnología deep fake para un comercial  con Eugenio Derbez - Emprendedor,https://emprendedor.com/wp-content/uploads/2022/03/revivieron-al-chavo-del-8-comercial-dish-latino-eugenio-derbez.jpg,https://emprendedor.com/asi-revivieron-al-chavo-del-8-para-comercial-eugenio-derbez-dish-latino-deep-fake/,emprendedor.com,nan,5.0,1,"(813.0504760742188, 206.18008422851562, 1212.8170166015625, 758.2012939453125)",0.08278
Q000860,ID000108,Eugenio-Derbez,Fake,Eugenio-Derbez AI image,1,Eugenio Derbez Portrait | Stable Diffusion Online,https://imgcdn.stablediffusionweb.com/2024/10/13/92e96b0c-2571-48c7-8a0a-be577fc1c7d3.jpg,https://stablediffusionweb.com/image/19848760-eugenio-derbez-portrait,stablediffusionweb.com,nan,7.0,1,"(317.6239013671875, 219.87802124023438, 707.2828369140625, 742.3029174804688)",0.19414
Q000863,ID000108,Eugenio-Derbez,Fake,Eugenio-Derbez Stable Diffusion,2,eugenio derbez descalzo mostrando sus pies anchos y poco sucios Prompts | Stable  Diffusion Online,https://imgcdn.stablediffusionweb.com/2025/1/4/5429b0fd-0ed4-411e-80b7-1f6b825cb469.jpg,https://stablediffusionweb.com/prompts/eugenio-derbez-descalzo-mostrando-sus-pies-anchos-y-poco-sucios,stablediffusionweb.com,nan,4.0,1,"(403.3658447265625, 166.43728637695312, 603.7140502929688, 445.7960510253906)",0.05338
Q000865,ID000109,Eva Green,Real,Eva Green,2,Everything To Know About Wednesday Star Eva Green,https://images.bauerhosting.com/celebrity/sites/3/2025/11/GettyImages-2169659856-min.jpg?ar=16%3A9&fit=crop&crop=top&auto=format&w=1440&q=80,https://graziadaily.co.uk/celebrity/news/who-is-eva-green/,graziadaily.co.uk,tier2,nan,1,"(712.0296020507812, 161.69815063476562, 905.2105102539062, 416.5301208496094)",0.04221
Q000866,ID000109,Eva Green,Fake,Eva Green AI generated,10,Eva Green in Latex Outfit: Fantasy Illustration - AI Art,https://creator.nightcafe.studio/jobs/QfhVazxwaHp31ryLdvBr/QfhVazxwaHp31ryLdvBr--1--ilvyr.jpg,https://creator.nightcafe.studio/creation/QfhVazxwaHp31ryLdvBr,creator.nightcafe.studio,nan,8.0,1,"(455.26776123046875, 104.63487243652344, 777.4476928710938, 551.420166015625)",0.13946
Q000866,ID000109,Eva Green,Fake,Eva Green AI generated,8,Artificial Limbed Assassin Eva Green | Stable Diffusion Online,https://imgcdn.stablediffusionweb.com/2024/3/19/69ea8d35-a616-437b-a174-8ea788f24338.jpg,https://stablediffusionweb.com/image/3425004-artificial-limbed-assassin-eva-green,stablediffusionweb.com,nan,7.0,1,"(362.6328125, 161.85482788085938, 589.6752319335938, 447.0030822753906)",0.06174
Q000873,ID000110,Eva Mendes,Real,Eva Mendes,1,Eva Mendes - Wikipedia,https://upload.wikimedia.org/wikipedia/commons/1/11/Eva_Mendes_2009.jpg,https://en.wikipedia.org/wiki/Eva_Mendes,en.wikipedia.org,tier2,nan,1,"(141.90292358398438, 180.111083984375, 429.4756774902344, 571.1954345703125)",0.2343
Q000873,ID000110,Eva Mendes,Real,Eva Mendes,2,Eva Mendes - IMDb,https://m.media-amazon.com/images/M/MV5BMjA0MDQwMDI4NF5BMl5BanBnXkFtZTcwMjc1OTU1NA@@._V1_FMjpg_UX1000_.jpg,https://www.imdb.com/name/nm0578949/,www.imdb.com,tier2,nan,1,"(360.50372314453125, 290.0867004394531, 661.037109375, 671.4172973632812)",0.07625
Q000874,ID000110,Eva Mendes,Fake,Eva Mendes AI generated,12,Eva Mendes in Eyeglasses and Latex Nightgown | Stable Diffusion Online,https://imgcdn.stablediffusionweb.com/2024/8/22/fbee0862-4856-4c06-9904-e3acf83059f5.jpg,https://stablediffusionweb.com/image/14403922-eva-mendes-in-eyeglasses-and-latex-nightgown,stablediffusionweb.com,nan,7.0,1,"(351.8268737792969, 121.05414581298828, 561.6643676757812, 407.787109375)",0.05829
Q000875,ID000110,Eva Mendes,Fake,Eva Mendes deepfake,32,Rashmika Mandanna reacts to her viral deepfake video | Tamil Movie News -  The Times of India,"https://static.toiimg.com/thumb/imgsize-519298,msid-129366667,width-375,resizemode-4/129366667.jpg",https://timesofindia.indiatimes.com/entertainment/tamil/movies/news/rashmika-mandanna-reacts-to-her-viral-deepfake-video/articleshow/105009444.cms,timesofindia.indiatimes.com,nan,5.0,1,"(147.25857543945312, 68.66492462158203, 220.59075927734375, 164.70770263671875)",0.08901
Q000875,ID000110,Eva Mendes,Fake,Eva Mendes deepfake,34,Ryan Gosling: 'Fake': Eva Mendes calls out AI-generated image falsely  showing Ryan Gosling and Johnny Depp together at Comic-Con | English Movie  News - The Times of India,"https://static.toiimg.com/thumb/width-400,resizemode-4,msid-132699824/eva-mendes-shuts-down-fake-ai-image-featuring-ryan-gosling-and-johnny-depp.jpg",https://timesofindia.indiatimes.com/entertainment/english/hollywood/news/fake-eva-mendes-calls-out-ai-generated-image-falsely-showing-ryan-gosling-and-johnny-depp-together-at-comic-con/articleshow/132699721.cms,timesofindia.indiatimes.com,nan,5.0,1,"(75.33641815185547, 15.399223327636719, 190.44483947753906, 145.3499298095703)",0.1662
Q000877,ID000110,Eva Mendes,Fake,Eva Mendes viral deepfake,19,Ryan Gosling: 'Fake': Eva Mendes calls out AI-generated image falsely  showing Ryan Gosling and Johnny Depp together at Comic-Con | English Movie  News - The Times of India,https://static.toiimg.com/thumb/132699824.jpg?photoid=132699824&width=600&resizemode=4,https://timesofindia.indiatimes.com/entertainment/english/hollywood/news/fake-eva-mendes-calls-out-ai-generated-image-falsely-showing-ryan-gosling-and-johnny-depp-together-at-comic-con/articleshow/132699721.cms,timesofindia.indiatimes.com,nan,5.0,1,"(120.04655456542969, 34.34111404418945, 294.5894775390625, 224.5516815185547)",0.16371
Q000881,ID000111,Ewan McGregor,Real,Ewan McGregor,1,Ewan McGregor - Wikipedia,https://upload.wikimedia.org/wikipedia/commons/thumb/9/9c/Ewan_McGregor_-_Los_Angeles_Comic_Con_2024.jpg/960px-Ewan_McGregor_-_Los_Angeles_Comic_Con_2024.jpg,https://en.wikipedia.org/wiki/Ewan_McGregor,en.wikipedia.org,tier2,nan,1,"(340.7734375, 193.55752563476562, 655.5839233398438, 612.6408081054688)",0.11452
Q000881,ID000111,Ewan McGregor,Real,Ewan McGregor,2,Ewan McGregor - IMDb,https://m.media-amazon.com/images/M/MV5BMTg1MjQ0MDg0Nl5BMl5BanBnXkFtZTcwNjYyNjI5Mg@@._V1_FMjpg_UX1000_.jpg,https://www.imdb.com/name/nm0000191/,www.imdb.com,tier2,nan,1,"(232.94076538085938, 328.6742858886719, 728.6728515625, 1016.8430786132812)",0.22942
Q000881,ID000111,Ewan McGregor,Real,Ewan McGregor,3,Ewan McGregor - Wikipedia,https://upload.wikimedia.org/wikipedia/commons/thumb/2/24/Ewan_McGregor_in_2022.jpg/250px-Ewan_McGregor_in_2022.jpg,https://en.wikipedia.org/wiki/Ewan_McGregor,en.wikipedia.org,tier2,nan,1,"(67.98015594482422, 67.61416625976562, 175.8419952392578, 213.5006561279297)",0.18622
Q000884,ID000111,Ewan McGregor,Fake,Ewan McGregor AI image,1,Ewan McGregor in a Gritty Film Noir Alleyway - AI Art,https://creator.nightcafe.studio/jobs/O4lUifm05TEEPAiHmQAM/O4lUifm05TEEPAiHmQAM--0--9tetn.jpg,https://creator.nightcafe.studio/creation/O4lUifm05TEEPAiHmQAM/film-noir-with-ewan-mcgregor-as-a-private-detective,creator.nightcafe.studio,nan,8.0,1,"(479.3448486328125, 192.08157348632812, 640.93603515625, 390.75146484375)",0.03062
Q000889,ID000112,Fawad-Khan,Real,Fawad-Khan,1,Fawad Khan - Wikipedia,https://upload.wikimedia.org/wikipedia/commons/0/0f/Fawad_khan_at_grazia_young_faishon_awards.jpg,https://en.wikipedia.org/wiki/Fawad_Khan,en.wikipedia.org,tier2,nan,1,"(244.70220947265625, 81.7110595703125, 357.8067321777344, 237.12045288085938)",0.03422
Q000889,ID000112,Fawad-Khan,Real,Fawad-Khan,4,Fawad Khan — The Movie Database (TMDB),https://image.tmdb.org/t/p/w500/zHvstgZfyb5AwEQfrWHV3bsjKV1.jpg,https://www.themoviedb.org/person/131845-fawad-khan,www.themoviedb.org,tier2,nan,1,"(111.05728149414062, 216.95335388183594, 335.255859375, 485.0696716308594)",0.1603
Q000890,ID000112,Fawad-Khan,Fake,Fawad-Khan AI generated,10,Fawad Khan As Batman Breaks Internet In AI-Generated Pic; Mahira Khan As  Barbara Gordon,https://mxp-media.ilnmedia.com/media/content/2023/Jul/main-image-credit---Fawad-Khan-Instagram_64b7aa9cbc228.jpeg,https://www.mensxp.com/entertainment/celebrities/139455-ai-generated-picture-fawad-khan-batman-bruce-wayne-breaks-internet-people-react.html,www.mensxp.com,nan,5.0,1,"(453.8981628417969, 75.82923889160156, 617.4063720703125, 267.2135009765625)",0.05535
Q000891,ID000112,Fawad-Khan,Fake,Fawad-Khan deepfake,45,Aamir Khan Deepfake: What the Bollywood Actor Said About the Viral Video |  Lok Sabha Election 2024,https://i.ytimg.com/vi/KSmwhVbADjA/maxresdefault.jpg,https://www.youtube.com/watch?v=KSmwhVbADjA,www.youtube.com,nan,3.0,1,"(478.9268493652344, 254.32362365722656, 719.2564086914062, 572.1447143554688)",0.08288
Q000893,ID000112,Fawad-Khan,Fake,Fawad-Khan viral deepfake,28,Deepfake video of Aamir Khan promoting a political party goes viral - The  Hindu,https://th-i.thgim.com/public/incoming/fywdx8/article68078475.ece/alternates/FREE_1200/IMG_24DE_Aamir_khan_2_1_CTBPO249.jpg,https://www.thehindu.com/news/cities/mumbai/deepfake-video-of-aamir-khan-promoting-a-political-party-viral-mumbai-police-register-fir/article68078442.ece,www.thehindu.com,nan,5.0,1,"(437.3125, 196.13934326171875, 730.0215454101562, 583.3655395507812)",0.11792
Q000893,ID000112,Fawad-Khan,Fake,Fawad-Khan viral deepfake,35,"After Aamir Khan, Ranveer Singh's deepfake video promoting a political  party goes viral | - Times of India","https://static.toiimg.com/thumb/msid-109406627,imgsize-44858,width-400,resizemode-4/109406627.jpg",https://timesofindia.indiatimes.com/entertainment/hindi/bollywood/news/after-aamir-khan-ranveer-singhs-deepfake-video-promoting-a-political-party-goes-viral/articleshow/109406627.cms,timesofindia.indiatimes.com,nan,5.0,1,"(142.5489959716797, 60.466941833496094, 251.91238403320312, 205.5498809814453)",0.1763
Q000897,ID000113,Faye Dunaway,Real,Faye Dunaway,3,Faye Dunaway - IMDb,https://m.media-amazon.com/images/M/MV5BYTc0NGUyYzAtOGFjNS00YzZhLWI2YjYtZDIwOGQzMjRiMGYwXkEyXkFqcGc@._V1_.jpg,https://www.imdb.com/name/nm0001159/,www.imdb.com,tier2,nan,1,"(1236.0223388671875, 342.8020935058594, 2047.601806640625, 1510.32470703125)",0.14514
Q000899,ID000113,Faye Dunaway,Fake,Faye Dunaway deepfake,16,Megan Thee Stallion breaks down in court during deepfake porn civil trial,https://nbcmontana.com/resources/media2/16x9/3205/1174/364x157/80/08b7f96b-7337-48b2-b4ba-18809d6e0268-GettyImages1193466484.jpg,https://nbcmontana.com/news/entertainment/megan-thee-stallion-breaks-down-in-court-during-deepfake-porn-civil-trial,nbcmontana.com,nan,5.0,1,"(497.2615051269531, 66.06689453125, 696.53759765625, 346.0056457519531)",0.072
Q000899,ID000113,Faye Dunaway,Fake,Faye Dunaway deepfake,25,Megan Thee Stallion breaks down in court during deepfake porn civil trial,https://nbcmontana.com/resources/media2/16x9/5139/6000/493x228/90/9c6acf6e-93a4-4c05-b3a4-cc916b7cd69e-GettyImages2148895221.jpg,https://nbcmontana.com/news/entertainment/megan-thee-stallion-breaks-down-in-court-during-deepfake-porn-civil-trial,nbcmontana.com,nan,5.0,1,"(2161.359375, 377.8890075683594, 3316.789306640625, 2014.349365234375)",0.09337
Q000900,ID000113,Faye Dunaway,Fake,Faye Dunaway AI image,2,Faye Dunaway in Karate Combat | Stable Diffusion Online,https://imgcdn.stablediffusionweb.com/2024/4/3/e9781c92-886e-4b22-9449-6abd6ab70815.jpg,https://stablediffusionweb.com/image/4537824-faye-dunaway-in-karate-combat,stablediffusionweb.com,nan,7.0,1,"(323.732666015625, 128.23587036132812, 483.3795166015625, 353.70709228515625)",0.03558
Q000900,ID000113,Faye Dunaway,Fake,Faye Dunaway AI image,6,Faye Dunaway in Young Military Attire | Stable Diffusion Online,https://imgcdn.stablediffusionweb.com/2024/11/4/869dcc8f-9b6b-492c-8657-874db35875ae.jpg,https://stablediffusionweb.com/image/21784527-faye-dunaway-in-young-military-attire,stablediffusionweb.com,nan,7.0,1,"(264.2833251953125, 180.037353515625, 566.1087646484375, 586.5711059570312)",0.11888
Q000905,ID000114,Florian Wirtz,Real,Florian Wirtz,2,Florian Wirtz - Wikipedia,https://upload.wikimedia.org/wikipedia/commons/thumb/1/1d/Florian_Wirtz_04012026_%283%29_%28extracted%29.jpg/250px-Florian_Wirtz_04012026_%283%29_%28extracted%29.jpg,https://en.wikipedia.org/wiki/Florian_Wirtz,en.wikipedia.org,tier2,nan,1,"(94.71586608886719, 67.63726043701172, 195.82435607910156, 192.11904907226562)",0.13461
Q000911,ID000114,Florian Wirtz,Fake,Florian Wirtz Stable Diffusion,17,florian wirtz a young german football player Prompts | Stable Diffusion  Online,https://imgcdn.stablediffusionweb.com/2025/6/5/38e9b80c-a6e4-455d-9afb-851a2d27603c.jpg,https://stablediffusionweb.com/prompts/florian-wirtz-a-young-german-football-player,stablediffusionweb.com,nan,7.0,1,"(357.09326171875, 174.9245147705078, 570.1461181640625, 491.84478759765625)",0.06439
Q000911,ID000114,Florian Wirtz,Fake,Florian Wirtz Stable Diffusion,18,florian wirtz a young german football player Prompts | Stable Diffusion  Online,https://imgcdn.stablediffusionweb.com/2024/12/17/519bdaee-c8cd-48d0-9c21-47f42c26eb9c.jpg,https://stablediffusionweb.com/prompts/florian-wirtz-a-young-german-football-player,stablediffusionweb.com,nan,7.0,1,"(257.49462890625, 407.1985778808594, 521.4068603515625, 795.6746826171875)",0.10343
Q000911,ID000114,Florian Wirtz,Fake,Florian Wirtz Stable Diffusion,34,florian wirtz a young german football player Prompts | Stable Diffusion  Online,https://imgcdn.stablediffusionweb.com/2025/6/20/1913d2ae-4217-4b8a-8d32-120a57b256c6.jpg,https://stablediffusionweb.com/prompts/florian-wirtz-a-young-german-football-player,stablediffusionweb.com,nan,7.0,1,"(310.72991943359375, 152.943115234375, 629.9302368164062, 573.0072631835938)",0.12787
Q000913,ID000115,Fran�ois Cluzet,Real,Fran�ois Cluzet,1,François Cluzet - IMDb,https://m.media-amazon.com/images/M/MV5BMTkyNjcyNjE0Nl5BMl5BanBnXkFtZTcwMTY5NTc1NA@@._V1_FMjpg_UX1000_.jpg,https://www.imdb.com/name/nm0167388/,www.imdb.com,tier2,nan,1,"(255.82156372070312, 297.2508544921875, 785.901123046875, 1028.1302490234375)",0.25777
Q000913,ID000115,Fran�ois Cluzet,Real,Fran�ois Cluzet,2,François Cluzet Movies List | Rotten Tomatoes | Rotten Tomatoes,https://resizing.flixster.com/hqzNJOAnfk0oE-WY0fM_1LL_p4o=/fit-in/705x460/v2/https://resizing.flixster.com/-XZAfHZM39UwaGJIFWKAE8fS0ak=/v3/t/assets/71794_v9_bc.jpg,https://www.rottentomatoes.com/celebrity/francois_cluzet,www.rottentomatoes.com,tier2,nan,1,"(110.11771392822266, 64.51162719726562, 237.9402313232422, 232.067138671875)",0.13496
Q000921,ID000116,G-Dragon,Real,G-Dragon,4,G-Dragon Tickets & 2026 Concert Tour Dates | SeatGeek,https://seatgeekimages.com/performers-landscape/g-dragon-304717/143560/1100x1900.jpg?auto=avif%2Cwebp&width=3840&quality=75,https://seatgeek.com/g-dragon-tickets,seatgeek.com,tier2,nan,1,"(326.95806884765625, 285.05029296875, 780.6821899414062, 910.1604614257812)",0.13571
Q000921,ID000116,G-Dragon,Real,G-Dragon,6,"K-pop's G-Dragon is proving his 'super idol' status with chart-toppers,  sell-out shows | South China Morning Post",https://cdn.i-scmp.com/sites/default/files/styles/1020x680/public/d8/images/canvas/2025/03/14/f4004919-8255-46ff-90c0-a80616bc0549_8420c4f0.jpg?itok=j-6SpAAd&v=1741925132,https://www.scmp.com/lifestyle/entertainment/article/3302330/k-pops-g-dragon-proving-his-super-idol-status-chart-toppers-sell-out-shows,www.scmp.com,tier2,nan,1,"(296.36529541015625, 104.80384826660156, 626.8157958984375, 508.89349365234375)",0.19252
Q000924,ID000116,G-Dragon,Fake,G-Dragon AI image,4,G-Dragon as Blade Runner in Akiman's Art | Stable Diffusion 온라인,https://imgcdn.stablediffusionweb.com/2024/4/24/7d40f147-df85-4933-a750-9f2b529eeb8b.jpg,https://stablediffusionweb.com/ko/image/6041387-g-dragon-as-blade-runner-in-akiman-s-art,stablediffusionweb.com,nan,7.0,1,"(224.89271545410156, 268.8270568847656, 622.580078125, 783.46142578125)",0.19518
Q000929,ID000117,Gabriel-Boric,Real,Gabriel-Boric,3,"Gabriel Boric, a moment of reflection: 'The left that only blames its  adversary is doomed to fade away' | International | EL PAÍS English",https://imagenes.elpais.com/resizer/v2/C65WNWL2VJFMJOP3W2QQN3OPYI.jpg?auth=1abc8e521c33006c6eaab9424c03da283b4b727546cb2a4c0800bdba7883731d&width=414,https://english.elpais.com/international/2026-01-13/gabriel-boric-a-moment-of-reflection-the-left-that-only-blames-its-adversary-is-doomed-to-fade-away.html,english.elpais.com,tier2,nan,1,"(96.3708267211914, 110.05207061767578, 192.51943969726562, 217.82598876953125)",0.04832
Q000931,ID000117,Gabriel-Boric,Fake,Gabriel-Boric deepfake,12,"Forget Politics. For Now, Deepfakes Are for Bullies | WIRED","https://media.wired.com/photos/5d6f0fd19f6a6800085503c7/4:3/w_2400,h_1800,c_limit/Zao-Deepfake-App-1164150255.jpg",https://www.wired.com/story/forget-politics-deepfakes-bullies/,www.wired.com,nan,7.0,1,"(939.021484375, 528.8643188476562, 1372.3624267578125, 1059.604248046875)",0.05324
Q000937,ID000118,Gene Hackman,Real,Gene Hackman,1,"Gene Hackman, Dead at 95, Redefined the Leading Man - The Atlantic",https://cdn.theatlantic.com/thumbor/kT7M7fkUs7X1ltSGATE21ITpTc4=/0x1:1400x1751/648x810/media/img/2025/02/27/Untitled_2/original.jpg,https://www.theatlantic.com/culture/archive/2025/02/gene-hackman-death-best-roles/681854/,www.theatlantic.com,tier2,nan,1,"(181.02301025390625, 135.62322998046875, 418.07989501953125, 475.46710205078125)",0.15349
Q000937,ID000118,Gene Hackman,Real,Gene Hackman,2,Gene Hackman - IMDb,https://m.media-amazon.com/images/M/MV5BMTE5Njk0NDQ4OV5BMl5BanBnXkFtZTYwNjA0Mzc1._V1_FMjpg_UX1000_.jpg,https://www.imdb.com/name/nm0000432/,www.imdb.com,tier2,nan,1,"(271.5326843261719, 281.8427734375, 734.2432250976562, 925.6966552734375)",0.20405
Q000937,ID000118,Gene Hackman,Real,Gene Hackman,3,Gene Hackman - Wikipedia,https://upload.wikimedia.org/wikipedia/commons/thumb/4/4d/GeneHackmanJun08.jpg/250px-GeneHackmanJun08.jpg,https://en.wikipedia.org/wiki/Gene_Hackman,en.wikipedia.org,tier2,nan,1,"(74.39478302001953, 38.862831115722656, 178.0460968017578, 178.14208984375)",0.16641
Q000938,ID000118,Gene Hackman,Fake,Gene Hackman AI generated,1,Gene Hackman as Lex Luthor,https://creator.nightcafe.studio/jobs/LFJOquE0gi5ZhgCpThak/LFJOquE0gi5ZhgCpThak--1--mdsof.jpg,https://creator.nightcafe.studio/creation/LFJOquE0gi5ZhgCpThak,creator.nightcafe.studio,nan,5.0,1,"(421.6062927246094, 60.7618293762207, 605.49609375, 307.201416015625)",0.04322
Q000938,ID000118,Gene Hackman,Fake,Gene Hackman AI generated,17,"Gene Hackman, portrait in charcoal - Gene Hackman, portrait ...",https://creator.nightcafe.studio/jobs/Yv0kCKfpL3Rnh9MLPGzQ/Yv0kCKfpL3Rnh9MLPGzQ-E7LxL.jpg,https://creator.nightcafe.studio/creation/Yv0kCKfpL3Rnh9MLPGzQ,creator.nightcafe.studio,nan,5.0,1,"(353.96673583984375, 189.54483032226562, 783.8104858398438, 802.190185546875)",0.25114
Q000940,ID000118,Gene Hackman,Fake,Gene Hackman AI image,1,Gene Hackman Portrait | Stable Diffusion Online,https://imgcdn.stablediffusionweb.com/2025/2/28/29d1b617-84cd-4a9c-aaf5-bed9b544b90f.jpg,https://stablediffusionweb.com/image/33051749-gene-hackman-portrait,stablediffusionweb.com,nan,7.0,1,"(250.4174041748047, 197.3984832763672, 775.6522216796875, 909.5418701171875)",0.35671
Q000944,ID000118,Gene Hackman,Fake,Gene Hackman Midjourney,1,Napoleon directed by Stanley Kubrick : r/midjourney,https://preview.redd.it/napoleon-directed-by-stanley-kubrick-v0-1ki1h2a755db1.png?width=640&crop=smart&auto=webp&s=34e067dd9e4b18fac4eeafde07b0da9c47739f08,https://www.reddit.com/r/midjourney/comments/154utft/napoleon_directed_by_stanley_kubrick/,www.reddit.com,nan,5.0,1,"(207.58856201171875, 138.83302307128906, 416.4804992675781, 439.3695373535156)",0.15327
Q000944,ID000118,Gene Hackman,Fake,Gene Hackman Midjourney,10,Napoleon directed by Stanley Kubrick : r/midjourney,https://preview.redd.it/napoleon-directed-by-stanley-kubrick-v0-v674qca255db1.png?width=640&crop=smart&auto=webp&s=ddc6ba424358ca7586f9839a58216ae674825237,https://www.reddit.com/r/midjourney/comments/154utft/napoleon_directed_by_stanley_kubrick/,www.reddit.com,nan,5.0,1,"(269.51483154296875, 123.58429718017578, 461.0452575683594, 392.5408935546875)",0.12577
Q000944,ID000118,Gene Hackman,Fake,Gene Hackman Midjourney,13,Napoleon directed by Stanley Kubrick : r/midjourney,https://preview.redd.it/napoleon-directed-by-stanley-kubrick-v0-bawsiz9755db1.png?width=640&crop=smart&auto=webp&s=ca03db147fb780c6f4c77e5f887453a9f79a0982,https://www.reddit.com/r/midjourney/comments/154utft/napoleon_directed_by_stanley_kubrick/,www.reddit.com,nan,5.0,1,"(258.3757019042969, 132.3402099609375, 403.36322021484375, 309.95556640625)",0.06287
Q000945,ID000119,Gene Wilder,Real,Gene Wilder,1,Gene Wilder - Wikipedia,https://upload.wikimedia.org/wikipedia/commons/9/9e/Gene_Wilder_1970.JPG,https://en.wikipedia.org/wiki/Gene_Wilder,en.wikipedia.org,tier2,nan,1,"(147.272216796875, 245.07025146484375, 524.0132446289062, 720.3938598632812)",0.27985
Q000945,ID000119,Gene Wilder,Real,Gene Wilder,2,Gene Wilder - IMDb,https://m.media-amazon.com/images/M/MV5BMTIzMTAxMzczNl5BMl5BanBnXkFtZTYwMjEwOTg2._V1_FMjpg_UX1000_.jpg,https://www.imdb.com/name/nm0000698/,www.imdb.com,tier2,nan,1,"(218.66232299804688, 279.02191162109375, 596.302978515625, 779.4722290039062)",0.12641
Q000945,ID000119,Gene Wilder,Real,Gene Wilder,3,Gene Wilder Dead: 'Willy Wonka' Star Was 83,https://www.hollywoodreporter.com/wp-content/uploads/2016/08/gene_wilder_an_evening_with_gene_wilder_event_getty_h_2016.jpg,https://www.hollywoodreporter.com/news/general-news/gene-wilder-dead-willy-wonka-828477/,www.hollywoodreporter.com,tier2,nan,1,"(498.40911865234375, 97.65302276611328, 794.5068969726562, 504.66326904296875)",0.12738
Q000947,ID000119,Gene Wilder,Fake,Gene Wilder deepfake,17,Wonka Netflix show faces backlash for AI-generated Gene Wilder voice - BBC  News,https://ichef.bbci.co.uk/ace/standard/670/cpsprodpb/f624/live/ed6342c0-7543-11f1-81d0-b57b06d692af.jpg,https://www.bbc.co.uk/news/articles/cdxdgpgn0zwo,www.bbc.co.uk,nan,3.0,1,"(276.3305358886719, 148.8536834716797, 396.9732666015625, 303.4247131347656)",0.07383
Q000948,ID000119,Gene Wilder,Fake,Gene Wilder AI image,38,Gene Wilder as Doctor Who Film Still | Stable Diffusion Online,https://imgcdn.stablediffusionweb.com/2024/4/9/042544af-e0d5-4bbd-a31b-5790997681e4.jpg,https://stablediffusionweb.com/image/4981531-gene-wilder-as-doctor-who-film-still,stablediffusionweb.com,nan,7.0,1,"(371.4403076171875, 343.38128662109375, 629.9420776367188, 692.4357299804688)",0.08605
Q000950,ID000119,Gene Wilder,Fake,Gene Wilder synthetic face,22,Wonka Netflix show faces backlash for AI-generated Gene Wilder voice :  r/technology,https://external-preview.redd.it/wonka-netflix-show-faces-backlash-for-ai-generated-gene-v0-vS8Cf1Ja-V5-_gk0mELyJDfmUQbebC_QRWwHmMPHagU.jpeg?width=640&crop=smart&auto=webp&s=852baa87a8ad1ce8272af92f5c75f1b81ad580df,https://www.reddit.com/r/technology/comments/1ulklrp/wonka_netflix_show_faces_backlash_for_aigenerated/,www.reddit.com,nan,7.0,1,"(267.602294921875, 141.59515380859375, 381.6312561035156, 289.044189453125)",0.07298
Q000953,ID000120,George C. Scott,Real,George C. Scott,2,George C. Scott - IMDb,https://m.media-amazon.com/images/M/MV5BODEwNzMyOTM5M15BMl5BanBnXkFtZTYwMDIwOTQ2._V1_.jpg,https://www.imdb.com/name/nm0001715/,www.imdb.com,tier2,nan,1,"(68.03608703613281, 61.77542495727539, 241.71389770507812, 286.0377197265625)",0.24043
Q000953,ID000120,George C. Scott,Real,George C. Scott,3,"George C. Scott - Actor, Director, Producer",https://ntvb.tmsimg.com/assets/assets/23195_v9_ba.jpg?w=360&h=480,https://www.tvinsider.com/people/george-c-scott/,www.tvinsider.com,tier2,nan,1,"(105.55424499511719, 87.84349060058594, 265.8477478027344, 322.87255859375)",0.21802
Q000961,ID000121,George Clooney,Real,George Clooney,1,George Clooney - Wikipedia,https://upload.wikimedia.org/wikipedia/commons/thumb/7/7a/George_Clooney_Jay_Kelly-19_%28cropped%29.jpg/960px-George_Clooney_Jay_Kelly-19_%28cropped%29.jpg,https://en.wikipedia.org/wiki/George_Clooney,en.wikipedia.org,tier2,nan,1,"(241.6732177734375, 158.3163604736328, 721.4375, 818.3749389648438)",0.25791
Q000961,ID000121,George Clooney,Real,George Clooney,2,George Clooney - IMDb,https://m.media-amazon.com/images/M/MV5BMjEyMTEyOTQ0MV5BMl5BanBnXkFtZTcwNzU3NTMzNw@@._V1_.jpg,https://www.imdb.com/name/nm0000123/,www.imdb.com,tier2,nan,1,"(440.5265808105469, 245.23199462890625, 1062.031982421875, 1070.6051025390625)",0.16621
Q000961,ID000121,George Clooney,Real,George Clooney,3,George Clooney : Clooney Foundation for Justice,https://cfj.org/wp-content/uploads/2023/07/George-Clooney.png,https://cfj.org/person/george-clooney/,cfj.org,tier2,nan,1,"(210.67047119140625, 133.82081604003906, 449.71087646484375, 452.68890380859375)",0.14524
Q000962,ID000121,George Clooney,Fake,George Clooney AI generated,14,George Clooney Dressed as a Fairy | Stable Diffusion Online,https://imgcdn.stablediffusionweb.com/2024/3/19/0608cf67-6906-4b0a-be71-f28745058a43.jpg,https://stablediffusionweb.com/image/3406452-george-clooney-dressed-as-a-fairy,stablediffusionweb.com,nan,7.0,1,"(378.597900390625, 128.61883544921875, 591.9480590820312, 397.0252380371094)",0.05461
Q000962,ID000121,George Clooney,Fake,George Clooney AI generated,17,George Clooney as Moustached Thomas Wayne | Stable Diffusion Online,https://imgcdn.stablediffusionweb.com/2024/3/16/1ff59adb-51d2-44b8-a244-43cc9cc37419.jpg,https://stablediffusionweb.com/image/3160862-george-clooney-as-moustached-thomas-wayne,stablediffusionweb.com,nan,7.0,1,"(166.95774841308594, 138.02969360351562, 686.9976196289062, 830.017333984375)",0.34319
Q000962,ID000121,George Clooney,Fake,George Clooney AI generated,1,George Clooney - George Clooney,https://creator.nightcafe.studio/jobs/dzAlkKNTiEwKwO4BKanc/dzAlkKNTiEwKwO4BKanc--1--mnfn7.jpg,https://creator.nightcafe.studio/creation/dzAlkKNTiEwKwO4BKanc,creator.nightcafe.studio,nan,5.0,1,"(114.77643585205078, 24.762380599975586, 398.6672668457031, 390.0931701660156)",0.39564
Q000963,ID000121,George Clooney,Fake,George Clooney deepfake,9,"AI George Clooney Asks Argentine Woman for £10,000 to 'Divorce His Wife':  How to Avoid Deepfake Scams | IBTimes UK",https://d.ibtimes.co.uk/en/full/1739978/ai-george-clooney.jpg?w=736&f=e1f5152555f8e495d4133098d4cc9632,https://www.ibtimes.co.uk/ai-george-clooney-asks-argentine-woman-10000-divorce-his-wife-how-avoid-deepfake-scams-1733881,www.ibtimes.co.uk,nan,5.0,1,"(221.26589965820312, 165.0880889892578, 466.365966796875, 502.87078857421875)",0.19804
Q000964,ID000121,George Clooney,Fake,George Clooney AI image,12,George Clooney at the Pier | Stable Diffusion Online,https://imgcdn.stablediffusionweb.com/2024/10/8/b469a5c8-2266-4df7-a14b-5e7a667e463f.jpg,https://stablediffusionweb.com/image/19381178-george-clooney-at-the-pier,stablediffusionweb.com,nan,7.0,1,"(343.00152587890625, 118.44954681396484, 528.7933959960938, 357.5431213378906)",0.04304
Q000965,ID000121,George Clooney,Fake,George Clooney viral deepfake,1,AI Deepfake Scam Impersonates George Clooney - OECD.AI,https://www.clarin.com/img/2025/05/12/RFW6Dk_6E_2000x1500__1.jpg,https://oecd.ai/en/incidents/2025-05-12-5902,oecd.ai,nan,3.0,1,"(439.14678955078125, 317.0623779296875, 1507.022705078125, 1813.681884765625)",0.53273
Q000969,ID000122,Gerard Butler,Real,Gerard Butler,1,Gerard Butler - Wikipedia,https://upload.wikimedia.org/wikipedia/commons/5/53/Gerard_Butler_%2829681162176%29.jpg,https://en.wikipedia.org/wiki/Gerard_Butler,en.wikipedia.org,tier2,nan,1,"(157.2200469970703, 167.80335998535156, 474.8536071777344, 570.3306274414062)",0.19036
Q000969,ID000122,Gerard Butler,Real,Gerard Butler,2,Gerard Butler - IMDb,https://m.media-amazon.com/images/M/MV5BMjE4NDMwMzc4Ml5BMl5BanBnXkFtZTcwMDg4Nzg4Mg@@._V1_FMjpg_UX1000_.jpg,https://www.imdb.com/name/nm0124930/,www.imdb.com,tier2,nan,1,"(139.761474609375, 346.6163330078125, 778.373046875, 1154.387451171875)",0.36742
Q000970,ID000122,Gerard Butler,Fake,Gerard Butler AI generated,1,Gerard Butler,"https://images.nightcafe.studio/jobs/CmEAWf9Akw6Ppk27jwz5/CmEAWf9Akw6Ppk27jwz5--1--vkrgc.jpg?tr=w-1600,c-at_max",https://creator.nightcafe.studio/creation/CmEAWf9Akw6Ppk27jwz5,creator.nightcafe.studio,nan,5.0,1,"(277.63922119140625, 171.199462890625, 782.66455078125, 825.7649536132812)",0.31526
Q000970,ID000122,Gerard Butler,Fake,Gerard Butler AI generated,2,"gerard butler in olympus has fallen, in a Tim Burton style cartoon digital  illustration",https://creator.nightcafe.studio/jobs/ijlzyorpTnxHs3lblSJ2/ijlzyorpTnxHs3lblSJ2--1--091d7.jpg,https://creator.nightcafe.studio/creation/ijlzyorpTnxHs3lblSJ2,creator.nightcafe.studio,nan,5.0,1,"(352.3031921386719, 114.88565826416016, 589.84814453125, 434.868896484375)",0.07364
Q000970,ID000122,Gerard Butler,Fake,Gerard Butler AI generated,14,Gerard Butler,https://creator.nightcafe.studio/users/x52IJIxol3h3DOFiEmSjThzS9jo2/uploads/EHmZThPoCodi9xbpGDmj.png,https://creator.nightcafe.studio/creation/CmEAWf9Akw6Ppk27jwz5,creator.nightcafe.studio,nan,5.0,1,"(292.5081787109375, 183.97247314453125, 440.67779541015625, 361.9875183105469)",0.07318
Q000971,ID000122,Gerard Butler,Fake,Gerard Butler deepfake,49,Coming Soon - [BRAVEHEART] Gerard Butler as William Wallace : r/SFWdeepfakes,https://i.ytimg.com/vi/Kfci8YGZ1rQ/maxresdefault.jpg,https://www.reddit.com/r/SFWdeepfakes/comments/dihi4i/coming_soon_braveheart_gerard_butler_as_william/,www.reddit.com,nan,5.0,1,"(649.9237670898438, 142.07876586914062, 896.45166015625, 469.80316162109375)",0.08767
Q000971,ID000122,Gerard Butler,Fake,Gerard Butler deepfake,1,BRAVEHEART - Gerard Butler as William Wallace [DeepFake],https://i.ytimg.com/vi/FJIGRzU_QTY/maxresdefault.jpg,https://www.youtube.com/watch?v=FJIGRzU_QTY,www.youtube.com,nan,3.0,1,"(743.2734375, 126.05548095703125, 1077.811279296875, 599.5558471679688)",0.17188
Q000972,ID000122,Gerard Butler,Fake,Gerard Butler AI image,3,Gerard Butler as Kratos | Stable Diffusion Online,https://imgcdn.stablediffusionweb.com/2024/12/26/a292ceea-a4a1-4fbb-a989-ab7f399cae33.jpg,https://stablediffusionweb.com/image/26474900-gerard-butler-as-kratos,stablediffusionweb.com,nan,7.0,1,"(298.5510559082031, 137.55673217773438, 643.2276000976562, 604.8870849609375)",0.15362
Q000972,ID000122,Gerard Butler,Fake,Gerard Butler AI image,6,Bald Gerard Butler as Kratos Image | Stable Diffusion Online,https://imgcdn.stablediffusionweb.com/2024/4/8/73a7b274-eb56-40a4-837d-d848baa76be8.jpg,https://stablediffusionweb.com/image/4910216-bald-gerard-butler-as-kratos-image,stablediffusionweb.com,nan,7.0,1,"(295.3468933105469, 111.3145751953125, 615.6441040039062, 546.4719848632812)",0.13777
Q000975,ID000122,Gerard Butler,Fake,Gerard Butler Stable Diffusion,3,Bearded Gerard Butler as Kratos | Stable Diffusion Online,https://imgcdn.stablediffusionweb.com/2024/4/8/e81f93ab-ca85-4d69-981d-9831ab2d0261.jpg,https://stablediffusionweb.com/image/4910252-bearded-gerard-butler-as-kratos,stablediffusionweb.com,nan,7.0,1,"(151.26950073242188, 152.0990447998047, 660.548095703125, 849.353515625)",0.34402
Q000977,ID000123,Giorgia-Meloni,Real,Giorgia-Meloni,1,Giorgia Meloni - Wikipedia,https://upload.wikimedia.org/wikipedia/commons/9/96/Giorgia_Meloni_Official_2024_%28cropped%29.jpg,https://en.wikipedia.org/wiki/Giorgia_Meloni,en.wikipedia.org,tier2,nan,1,"(260.42547607421875, 181.1375274658203, 525.1444702148438, 526.9483642578125)",0.12061
Q000977,ID000123,Giorgia-Meloni,Real,Giorgia-Meloni,3,"Giorgia Meloni | Party, Policies, & Italy | Britannica",https://cdn.britannica.com/86/236886-050-74E4B089/Prime-Minister-Italy-Handover-Ceremony-Giorgia-Meloni-October-23-2022.jpg,https://www.britannica.com/biography/Giorgia-Meloni,www.britannica.com,tier2,nan,1,"(489.770751953125, 393.6614685058594, 871.498291015625, 926.778564453125)",0.12494
Q000978,ID000123,Giorgia-Meloni,Fake,Giorgia-Meloni AI generated,7,"Meloni slams AI-generated images of herself, calling deepfakes a 'dangerous  tool' | Euronews",https://images.euronews.com/articles/stories/09/74/85/29/1536x864_cmsv2_a8f52a65-1e46-5784-93e2-fd9c3690a5db-9748529.jpg,https://www.euronews.com/my-europe/2026/05/06/meloni-deepfake-showing-underwear-fuels-backlash-and-ai-concerns,www.euronews.com,nan,5.0,1,"(799.0864868164062, 119.79264068603516, 993.819091796875, 381.9956359863281)",0.03847
Q000979,ID000123,Giorgia-Meloni,Fake,Giorgia-Meloni deepfake,4,Italy's Meloni denounces deepfake photo as a political attack | Courthouse  News Service,https://courthousenews.com/wp-content/uploads/2026/05/cyprus-eu-summit-800x600.jpg,https://www.courthousenews.com/italys-meloni-denounces-deepfake-photo-as-a-political-attack/,www.courthousenews.com,nan,5.0,1,"(326.373779296875, 96.80403137207031, 472.87213134765625, 297.19549560546875)",0.06116
Q000979,ID000123,Giorgia-Meloni,Fake,Giorgia-Meloni deepfake,7,Why is the Italian prime minister suing over deepfake porn?,https://fournews-assets-prod-s3-ew1-nmprod.s3.amazonaws.com/media/2024/09/C4GFX-Ai-Meloni-Thumbnail-V5.jpg-1920x1080.jpg,https://www.channel4.com/news/why-is-the-italian-prime-minister-suing-over-deepfake-porn,www.channel4.com,nan,5.0,1,"(986.9132690429688, 122.26863098144531, 1638.68310546875, 991.8046875)",0.27331
Q000979,ID000123,Giorgia-Meloni,Fake,Giorgia-Meloni deepfake,15,"Italian Prime Minister Giorgia Meloni seeking damages of $108,200 in  deepfake porn trial | CNN","https://media.cnn.com/api/v1/images/stellar/prod/shutterstock-editorial-14364467w.jpg?c=original&q=w_860,c_fill",https://www.cnn.com/2024/03/22/europe/giorgia-meloni-italy-deepfake-porn-intl,www.cnn.com,nan,5.0,1,"(381.2950439453125, 62.51236343383789, 487.3780517578125, 205.73040771484375)",0.03078
Q000980,ID000123,Giorgia-Meloni,Fake,Giorgia-Meloni AI image,20,Italy PM Meloni warns over AI deepfakes after false photos of her circulate  | South China Morning Post,https://cdn.i-scmp.com/sites/default/files/styles/1020x680/public/d8/images/canvas/2026/05/06/0f3afa81-0127-4521-b27d-8ebf4d4f3c87_fd4d9afc.jpg?itok=NtGNr_UI&v=1778005550,https://www.scmp.com/news/world/europe/article/3352540/italy-pm-meloni-warns-over-ai-deepfakes-after-false-photos-her-circulate,www.scmp.com,nan,5.0,1,"(371.8053894042969, 57.31999969482422, 609.8894653320312, 377.1726379394531)",0.10979
Q000981,ID000123,Giorgia-Meloni,Fake,Giorgia-Meloni viral deepfake,6,Italy's Meloni denounces deepfake photo as a political attack,https://cloudfront-us-east-1.images.arcpublishing.com/gmg/RHGQ2KXYLRCWLALWNGUJWVXPFI.jpg,https://www.clickorlando.com/tech/2026/05/05/italys-meloni-denounces-deepfake-photo-as-a-political-attack/,www.clickorlando.com,nan,5.0,1,"(2176.12939453125, 536.5459594726562, 2959.213623046875, 1711.224853515625)",0.0528
Q000985,ID000124,Glenn Close,Real,Glenn Close,1,Glenn Close - Wikipedia,https://upload.wikimedia.org/wikipedia/commons/thumb/a/a6/Glenn_Close_TIFF_2025_%28cropped%29.jpg/960px-Glenn_Close_TIFF_2025_%28cropped%29.jpg,https://en.wikipedia.org/wiki/Glenn_Close,en.wikipedia.org,tier2,nan,1,"(274.7167663574219, 286.2539978027344, 678.6365966796875, 805.3121948242188)",0.15177
Q000985,ID000124,Glenn Close,Real,Glenn Close,2,Glenn Close - IMDb,https://m.media-amazon.com/images/M/MV5BMTEwNDk5MTU2NTNeQTJeQWpwZ15BbWU3MDczNjEzMTM@._V1_FMjpg_UX1000_.jpg,https://www.imdb.com/name/nm0000335/,www.imdb.com,tier2,nan,1,"(264.508544921875, 281.6783447265625, 708.4715576171875, 872.1227416992188)",0.19859
Q000985,ID000124,Glenn Close,Real,Glenn Close,3,Glenn Close: 'You lose power if you get angry' | Glenn Close | The Guardian,https://i.guim.co.uk/img/media/dacc478bfb9e01014f44e1930a369dfc120318c0/31_71_2559_3171/master/2559.jpg?width=445&dpr=1&s=none&crop=none,https://www.theguardian.com/film/2017/dec/16/glenn-close-harvey-weinstein-mental-illness-cult-fatal-attraction,www.theguardian.com,tier2,nan,1,"(166.8766632080078, 78.72056579589844, 314.7179870605469, 281.7205505371094)",0.1224
Q000986,ID000124,Glenn Close,Fake,Glenn Close AI generated,1,Glenn Close in Fatal Attraction Scene - AI Art,https://creator.nightcafe.studio/jobs/gbBdTvF1LHrzvQbdfgOL/gbBdTvF1LHrzvQbdfgOL--1--8eev3_adetailer-face_yolov8n-p0k7q.jpg,https://creator.nightcafe.studio/creation/gbBdTvF1LHrzvQbdfgOL,creator.nightcafe.studio,nan,8.0,1,"(475.92047119140625, 216.60411071777344, 636.2902221679688, 414.4925231933594)",0.03027
Q000986,ID000124,Glenn Close,Fake,Glenn Close AI generated,14,Glenn Close in Fatal Attraction Scene - AI Art,https://creator.nightcafe.studio/api/og-creation.jpg?id=gbBdTvF1LHrzvQbdfgOL,https://creator.nightcafe.studio/creation/gbBdTvF1LHrzvQbdfgOL,creator.nightcafe.studio,nan,8.0,1,"(554.6510009765625, 212.85855102539062, 743.1527099609375, 439.9859924316406)",0.05663
Q000988,ID000124,Glenn Close,Fake,Glenn Close AI image,4,Actress Glenn Close Peering at House in Fatal Attraction | Stable Diffusion  Online,https://imgcdn.stablediffusionweb.com/2024/6/7/b2f7f5b8-d292-44e6-9f29-d5fb1fcdbec5.jpg,https://stablediffusionweb.com/image/8940397-actress-glenn-close-peering-at-house-in-fatal-attraction,stablediffusionweb.com,nan,7.0,1,"(372.9827575683594, 203.54397583007812, 603.590576171875, 508.0030212402344)",0.06696
Q000991,ID000124,Glenn Close,Fake,Glenn Close Stable Diffusion,1,Glenn Close Film Icon Montage | Stable Diffusion Online,https://imgcdn.stablediffusionweb.com/2024/9/12/271ebde8-9064-4a6e-b715-4f8fc41c620e.jpg,https://stablediffusionweb.com/image/16680780-glenn-close-film-icon-montage,stablediffusionweb.com,nan,7.0,1,"(405.45196533203125, 149.67604064941406, 598.0712890625, 420.0886535644531)",0.04967
Q000992,ID000124,Glenn Close,Fake,Glenn Close Midjourney,24,X-Men Super Panavision 70 : r/midjourney,https://preview.redd.it/x-men-super-panavision-70-v0-ukyt38mxsavc1.png?width=640&crop=smart&auto=webp&s=21370580b5b4a96ab1b3d15f6d09221b266500d9,https://www.reddit.com/r/midjourney/comments/1c7du6u/xmen_super_panavision_70/,www.reddit.com,nan,5.0,1,"(189.58326721191406, 14.621926307678223, 444.9937744140625, 348.6592712402344)",0.37237
Q000993,ID000125,Glenn Maxwell,Real,Glenn Maxwell,1,Glenn Maxwell - Wikipedia,https://upload.wikimedia.org/wikipedia/commons/3/3d/Glen_Maxwell_2026_%28cropped%29.jpg,https://en.wikipedia.org/wiki/Glenn_Maxwell,en.wikipedia.org,tier2,nan,1,"(784.93994140625, 282.8326110839844, 1107.3829345703125, 718.9398193359375)",0.03217
Q000993,ID000125,Glenn Maxwell,Real,Glenn Maxwell,2,"Glenn Maxwell Profile - Cricket Player Australia | Stats, Records, Video","https://img1.hscicdn.com/image/upload/f_auto,t_ds_square_w_320,q_50/lsci/db/PICTURES/CMS/389500/389563.5.png",https://www.cricinfo.com/cricketers/glenn-maxwell-325026,www.cricinfo.com,tier2,nan,1,"(86.66922760009766, 59.89681625366211, 230.74713134765625, 260.6382141113281)",0.28245
Q001001,ID000126,Greg Kinnear,Real,Greg Kinnear,1,Greg Kinnear - IMDb,https://m.media-amazon.com/images/M/MV5BMTcwNzE5MDM1NV5BMl5BanBnXkFtZTcwMTAzMjM3NA@@._V1_FMjpg_UX1000_.jpg,https://www.imdb.com/name/nm0001427/,www.imdb.com,tier2,nan,1,"(291.90533447265625, 329.2276611328125, 737.976318359375, 931.989501953125)",0.2002
Q001001,ID000126,Greg Kinnear,Real,Greg Kinnear,2,Greg Kinnear Biography | Broadway Buzz | Broadway.com,https://imaging.broadway.com/images/regular-43/w735/116874-12.jpg,https://www.broadway.com/buzz/stars/greg-kinnear/profile/,www.broadway.com,tier2,nan,1,"(258.0935974121094, 95.44902801513672, 454.0159912109375, 351.8493347167969)",0.12404
Q001009,ID000127,Gregory Peck,Real,Gregory Peck,1,Gregory Peck - IMDb,https://m.media-amazon.com/images/M/MV5BYWU1YTkwOGEtZTdjOC00ZDEyLThkZWUtMzY4ZjYzYWQyM2FlXkEyXkFqcGc@._V1_FMjpg_UX1000_.jpg,https://www.imdb.com/name/nm0000060/,www.imdb.com,tier2,nan,1,"(185.90492248535156, 238.34060668945312, 762.9862060546875, 994.7904052734375)",0.34701
Q001010,ID000127,Gregory Peck,Fake,Gregory Peck AI generated,10,"Fooling around with an AI Image Generator, here's what it generated for  various Classic Era stars as Superman. The AI tends to ""buff up"" the  actors, but not always. : r/classicfilms",https://i.redd.it/fooling-around-with-an-ai-image-generator-heres-what-it-v0-kmz6dmkbuew91.jpg?width=815&format=pjpg&auto=webp&s=d5159d2bea3e6549dba81b6cfb8391ee97ddcbb4,https://www.reddit.com/r/classicfilms/comments/yf2wwp/fooling_around_with_an_ai_image_generator_heres/,www.reddit.com,nan,3.0,1,"(158.7533721923828, 148.2884521484375, 552.5633544921875, 646.6469116210938)",0.23088
Q001011,ID000127,Gregory Peck,Fake,Gregory Peck deepfake,24,Here's Jimmy! The Most Iconic Scene from 'The Shining' Gets Deepfaked,https://nofilmschool.com/media-library/screenshot-2019-07-12-09.png?id=34067106&width=980,https://nofilmschool.com/Jim-Carrey-The-Shining-Deepfake,nofilmschool.com,nan,5.0,1,"(316.9479064941406, -108.56090545654297, 682.5476684570312, 464.6070556640625)",0.41927
Q001016,ID000127,Gregory Peck,Fake,Gregory Peck Midjourney,22,Old Hollywood MCU : r/midjourney,https://preview.redd.it/old-hollywood-mcu-v0-4eq1e1t1sk0a1.png?width=640&crop=smart&auto=webp&s=76c7b127a49c426896151833e39808711b9ddf32,https://www.reddit.com/r/midjourney/comments/yy1quw/old_hollywood_mcu/,www.reddit.com,nan,5.0,1,"(100.22006225585938, 84.51409912109375, 353.2095947265625, 437.7725830078125)",0.21819
Q001018,ID000128,Guy Pearce,Fake,Guy Pearce AI generated,49,Drew Pearce Talks About The Dangers of A.I. and Deepfakes in 'The Fall Guy',https://www.hollywoodreporter.com/wp-content/uploads/2024/04/Drew-Pearce.jpg,https://www.hollywoodreporter.com/video/drew-pearce-the-dangers-of-ai-and-deepfakes-the-fall-guy/,www.hollywoodreporter.com,nan,5.0,1,"(655.3616333007812, 229.86822509765625, 1138.708984375, 892.5127563476562)",0.15446
Q001019,ID000128,Guy Pearce,Fake,Guy Pearce deepfake,42,Drew Pearce Talks About The Dangers of A.I. and Deepfakes in 'The Fall Guy'  - YouTube,https://i.ytimg.com/vi/8ZHqKrCcCK8/hqdefault.jpg,https://www.youtube.com/watch?v=8ZHqKrCcCK8,www.youtube.com,nan,3.0,1,"(164.97967529296875, 101.44381713867188, 285.1780700683594, 269.7389221191406)",0.11706
Q001020,ID000128,Guy Pearce,Fake,Guy Pearce AI image,1,"Actor Guy Pierce on a sunny day by Gil Elvgren, Alex Ross and and CGSociety  and",https://creator.nightcafe.studio/jobs/ZBYPAYQ63rPWELVgLg19/ZBYPAYQ63rPWELVgLg19--1--pwomq.jpg,https://creator.nightcafe.studio/creation/ZBYPAYQ63rPWELVgLg19,creator.nightcafe.studio,nan,5.0,1,"(344.2621765136719, 127.09498596191406, 586.7830810546875, 438.0742492675781)",0.07193
Q001021,ID000128,Guy Pearce,Fake,Guy Pearce viral deepfake,31,Drew Pearce Talks About The Dangers of A.I. and Deepfakes in 'The Fall Guy',https://www.hollywoodreporter.com/wp-content/uploads/2024/04/Drew-Pearce.jpg?w=681&h=383&crop=1,https://www.hollywoodreporter.com/video/drew-pearce-the-dangers-of-ai-and-deepfakes-the-fall-guy/,www.hollywoodreporter.com,nan,5.0,1,"(232.82733154296875, 82.83856964111328, 403.8077087402344, 316.4830017089844)",0.15316
Q001023,ID000128,Guy Pearce,Fake,Guy Pearce Stable Diffusion,1,Guy Pearce Excited Facial Expression | Stable Diffusion en línea,https://imgcdn.stablediffusionweb.com/2024/10/3/7d030427-f8d1-4612-9b58-c445c514ad7e.jpg,https://stablediffusionweb.com/es/image/18955085-guy-pearce-excited-facial-expression,stablediffusionweb.com,nan,7.0,1,"(246.224853515625, 190.73184204101562, 612.6376953125, 686.537109375)",0.17957
Q001024,ID000128,Guy Pearce,Fake,Guy Pearce Midjourney,1,The Avengers Visit the '80s : r/midjourney,https://preview.redd.it/the-avengers-visit-the-80s-v0-kiukfprqb6tb1.png?width=640&crop=smart&auto=webp&s=b668708b555a8e8b1a48d33d58b1a9bb5ff60d0a,https://www.reddit.com/r/midjourney/comments/173r161/the_avengers_visit_the_80s/,www.reddit.com,nan,5.0,1,"(210.3735809326172, 130.4775848388672, 365.0240173339844, 332.3241271972656)",0.07621
Q001024,ID000128,Guy Pearce,Fake,Guy Pearce Midjourney,9,Who's your favorite Dude? : r/midjourney,https://preview.redd.it/whos-your-favorite-dude-v0-y07dyydlvl7b1.png?width=640&crop=smart&auto=webp&s=6c7be07fa0a1aa42f10ee1276599a5909b911f23,https://www.reddit.com/r/midjourney/comments/14g9pdm/whos_your_favorite_dude/,www.reddit.com,nan,5.0,1,"(272.0203552246094, 78.27198791503906, 458.76397705078125, 318.6610107421875)",0.1096
Q001024,ID000128,Guy Pearce,Fake,Guy Pearce Midjourney,18,Who's your favorite Dude? : r/midjourney,https://preview.redd.it/whos-your-favorite-dude-v0-o9n4gsdlvl7b1.png?width=640&crop=smart&auto=webp&s=511a3f2e473ea0adfe83dd82f1b3037d19b26ea9,https://www.reddit.com/r/midjourney/comments/14g9pdm/whos_your_favorite_dude/,www.reddit.com,nan,5.0,1,"(259.1583557128906, 93.6412582397461, 423.0684509277344, 301.86090087890625)",0.08332
Q001025,ID000129,G�rard Depardieu,Real,G�rard Depardieu,3,Gérard Depardieu - IMDb,https://m.media-amazon.com/images/M/MV5BMTgwMDU4OTk5MF5BMl5BanBnXkFtZTYwNTUwODY0._V1_FMjpg_UX1000_.jpg,https://www.imdb.com/name/nm0000367/,www.imdb.com,tier2,nan,1,"(296.78192138671875, 260.08160400390625, 802.8430786132812, 906.237060546875)",0.21096
Q001026,ID000129,G�rard Depardieu,Fake,G�rard Depardieu AI generated,1,Cyrano outtake - Gerard Depardieu as Cyrano with Exaggerated...,"https://images.nightcafe.studio/ik-seo/jobs/w7rkotIeFLzYHsxnNzo2/w7rkotIeFLzYHsxnNzo2--4--26ep0_5.9524x/cyrano-outtake.jpg?tr=w-1600,c-at_max",https://creator.nightcafe.studio/creation/w7rkotIeFLzYHsxnNzo2,creator.nightcafe.studio,nan,5.0,1,"(365.8067932128906, 6.9398651123046875, 934.90087890625, 769.512451171875)",0.29676
Q001028,ID000129,G�rard Depardieu,Fake,G�rard Depardieu AI image,42,Gorilla with Gérard Depardieu's Face: AI Portrait - AI Art,"https://images.nightcafe.studio/ik-seo/jobs/qqsUmjAJgwiYhY6X5cXp/qqsUmjAJgwiYhY6X5cXp/gorilla-with-a-gerard-depardieu-face.jpg?tr=w-1600,c-at_max",https://creator.nightcafe.studio/creation/qqsUmjAJgwiYhY6X5cXp,creator.nightcafe.studio,nan,8.0,1,"(70.232421875, 103.55064392089844, 245.07766723632812, 328.5636291503906)",0.24589
Q001031,ID000129,G�rard Depardieu,Fake,G�rard Depardieu Stable Diffusion,43,gerard depardieu Prompts | Stable Diffusion Online,https://imgcdn.stablediffusionweb.com/2025/7/31/72d1f5d9-a7a2-4160-a371-1b5af7820a90.jpg,https://stablediffusionweb.com/prompts/gerard-depardieu,stablediffusionweb.com,nan,7.0,1,"(373.6758728027344, 111.6725845336914, 676.0838623046875, 508.8323669433594)",0.11454
Q001032,ID000129,G�rard Depardieu,Fake,G�rard Depardieu Midjourney,40,Gérard Depardieu as a masters of the universe action figure : r/midjourney,https://preview.redd.it/g%C3%A9rard-depardieu-as-a-masters-of-the-universe-action-figure-v0-761b29g238l91.png?width=640&crop=smart&auto=webp&s=9228e24a1c4ba9b841ee33a6bde7a2bb67372f41,https://www.reddit.com/r/midjourney/comments/x33uy7/g%C3%A9rard_depardieu_as_a_masters_of_the_universe/,www.reddit.com,nan,5.0,1,"(253.56497192382812, 4.6672515869140625, 351.69976806640625, 135.7001953125)",0.03139
Q001033,ID000130,Hadika-Kyani,Real,Hadika-Kyani,3,Stream Unique Doll | Listen to hadika kyani...jannan playlist online for  free on SoundCloud,https://i1.sndcdn.com/artworks-000103321963-86psx0-t500x500.jpg,https://soundcloud.com/unique-doll-601352432/sets/hadika-kyani-jannan,soundcloud.com,tier2,nan,1,"(139.32289123535156, 6.827801704406738, 293.63446044921875, 214.22166442871094)",0.12801
Q001041,ID000131,Halle Berry,Real,Halle Berry,2,Halle Berry - IMDb,https://m.media-amazon.com/images/M/MV5BMjIxNzc5MDAzOV5BMl5BanBnXkFtZTcwMDUxMjMxMw@@._V1_FMjpg_UX1000_.jpg,https://www.imdb.com/name/nm0000932/,www.imdb.com,tier2,nan,1,"(234.25131225585938, 421.4171447753906, 696.8616943359375, 1048.8978271484375)",0.2155
Q001041,ID000131,Halle Berry,Real,Halle Berry,3,"Halle Berry | Biography, Movies, Catwoman, & Facts | Britannica",https://cdn.britannica.com/13/249513-050-E68587E6/Halle-Berry.jpg,https://www.britannica.com/biography/Halle-Berry,www.britannica.com,tier2,nan,1,"(561.7615966796875, 269.3331298828125, 992.0779418945312, 815.9616088867188)",0.11291
Q001043,ID000131,Halle Berry,Fake,Halle Berry deepfake,10,injustice 2 halle berry as catwoman deepfakes by kingcapricorn688 on  DeviantArt,"https://images-wixmp-ed30a86b8c4ca887773594c2.wixmp.com/f/8f55c567-0a9d-49a8-97ed-a65ec7a9355f/deaufq3-4b40d6c0-a0ed-4e16-97d9-20be2dccf15e.jpg/v1/crop/w_125,h_125,x_24,y_0,scl_0.11574074074074,q_70,strp/injustice_2_michelle_pfeiffer_as_catwoman_deepfake_by_kingcapricorn688_deaufq3-125s.jpg?token=eyJ0eXAiOiJKV1QiLCJhbGciOiJIUzI1NiJ9.eyJzdWIiOiJ1cm46YXBwOjdlMGQxODg5ODIyNjQzNzNhNWYwZDQxNWVhMGQyNmUwIiwiaXNzIjoidXJuOmFwcDo3ZTBkMTg4OTgyMjY0MzczYTVmMGQ0MTVlYTBkMjZlMCIsIm9iaiI6W1t7ImhlaWdodCI6Ijw9NzIwIiwicGF0aCI6Ii9mLzhmNTVjNTY3LTBhOWQtNDlhOC05N2VkLWE2NWVjN2E5MzU1Zi9kZWF1ZnEzLTRiNDBkNmMwLWEwZWQtNGUxNi05N2Q5LTIwYmUyZGNjZjE1ZS5qcGciLCJ3aWR0aCI6Ijw9MTI4MCJ9XV0sImF1ZCI6WyJ1cm46c2VydmljZTppbWFnZS5vcGVyYXRpb25zIl19.ozD-UxytP8bGByQO-qLD-YMq75YFYZUjiBgaRyUYQ2M",https://www.deviantart.com/kingcapricorn688/art/injustice-2-halle-berry-as-catwoman-deepfakes-864742826,www.deviantart.com,nan,7.0,1,"(-2.3003416061401367, 29.89153289794922, 63.73053741455078, 108.25003051757812)",0.33114
Q001044,ID000131,Halle Berry,Fake,Halle Berry AI image,27,Halle Berry Caricature Portrait in Comic Book Styl... - AI Art,"https://images.nightcafe.studio/ik-seo/jobs/tBk0jtB4Z0RIoVK9r3qz/tBk0jtB4Z0RIoVK9r3qz--1--znq9u/caricature-art-halle-berry-long-nick.jpg?tr=w-1600,c-at_max",https://creator.nightcafe.studio/creation/tBk0jtB4Z0RIoVK9r3qz,creator.nightcafe.studio,nan,8.0,1,"(431.5498046875, 288.12689208984375, 772.229736328125, 764.9472045898438)",0.15492
Q001044,ID000131,Halle Berry,Fake,Halle Berry AI image,14,Halle Berry Image | Stable Diffusion Online,https://imgcdn.stablediffusionweb.com/2024/10/27/04adc3f4-29b6-45ff-bfcc-d9b3118cc82a.jpg,https://stablediffusionweb.com/image/21106455-halle-berry-image,stablediffusionweb.com,nan,7.0,1,"(267.5243225097656, 262.62603759765625, 598.6900024414062, 704.9189453125)",0.14478
Q001045,ID000131,Halle Berry,Fake,Halle Berry viral deepfake,49,"Scarlett Johansson Condemns AI Deepfake, Demands Action | EasternEye",https://www.easterneye.biz/media-library/scarlett-johansson-speaks-out-against-ai-deepfake-misuse-after-a-viral-video-falsely-depicts-her-in-an-anti-kanye-west-campaign.jpg?id=56490159&width=1245&height=700&quality=60&coordinates=0%2C375%2C0%2C1391,https://www.easterneye.biz/scarlett-johansson-ai-deepfake-misinformation/,www.easterneye.biz,nan,7.0,1,"(612.6408081054688, 33.88285827636719, 795.7788696289062, 322.9801940917969)",0.06075
Q001049,ID000132,Hande-Ercel,Real,Hande-Ercel,1,Hande Erçel - Wikipedia,https://upload.wikimedia.org/wikipedia/commons/thumb/3/34/Hande_Er%C3%A7el.jpg/250px-Hande_Er%C3%A7el.jpg,https://en.wikipedia.org/wiki/Hande_Er%C3%A7el,en.wikipedia.org,tier2,nan,1,"(83.46868133544922, 39.69759750366211, 152.72946166992188, 135.8748779296875)",0.07701
Q001049,ID000132,Hande-Ercel,Real,Hande-Ercel,2,Hande Erçel — The Movie Database (TMDB),https://image.tmdb.org/t/p/w500/jrUvWNqOpfDm3D0KhbuRwQOy8Nu.jpg,https://www.themoviedb.org/person/1522703-hande-ercel,www.themoviedb.org,tier2,nan,1,"(132.0099639892578, 125.48130798339844, 380.0296630859375, 488.0586853027344)",0.2398
Q000897,ID000113,Faye Dunaway,Real,Faye Dunaway,1,Faye Dunaway - Wikipedia,https://upload.wikimedia.org/wikipedia/commons/thumb/d/de/Faye_Dunaway_2024.jpg/960px-Faye_Dunaway_2024.jpg,https://en.wikipedia.org/wiki/Faye_Dunaway,en.wikipedia.org,tier2,nan,1,"(280.782470703125, 328.3704528808594, 692.2520141601562, 843.656005859375)",0.16062
Q000905,ID000114,Florian Wirtz,Real,Florian Wirtz,3,Florian Wirtz - Wikipedia,https://upload.wikimedia.org/wikipedia/commons/thumb/5/5d/Florian_Wirtz%2C_2022-07-31%2C_Saisoner%C3%B6ffnung_Bayer_04%2C_Leverkusen_%281%29_%28cropped%29.jpg/250px-Florian_Wirtz%2C_2022-07-31%2C_Saisoner%C3%B6ffnung_Bayer_04%2C_Leverkusen_%281%29_%28cropped%29.jpg,https://en.wikipedia.org/wiki/Florian_Wirtz,en.wikipedia.org,tier2,nan,1,"(70.25799560546875, 68.87895202636719, 180.58314514160156, 213.55471801757812)",0.17735
Q001017,ID000128,Guy Pearce,Real,Guy Pearce,2,Guy Pearce - Wikipedia,https://upload.wikimedia.org/wikipedia/commons/thumb/7/77/GuyPearce07TIFF.jpg/250px-GuyPearce07TIFF.jpg,https://en.wikipedia.org/wiki/Guy_Pearce,en.wikipedia.org,tier2,nan,1,"(88.35127258300781, 69.42155456542969, 179.48574829101562, 192.47145080566406)",0.16613
Q001025,ID000129,G�rard Depardieu,Real,G�rard Depardieu,1,Gérard Depardieu - Wikipedia,https://upload.wikimedia.org/wikipedia/commons/thumb/6/6d/G%C3%A9rard_Depardieu_%28Berlin_Film_Festival_2010%29.jpg/960px-G%C3%A9rard_Depardieu_%28Berlin_Film_Festival_2010%29.jpg,https://en.wikipedia.org/wiki/G%C3%A9rard_Depardieu,en.wikipedia.org,tier2,nan,1,"(361.9656982421875, 191.1742706298828, 706.2545776367188, 647.548828125)",0.12187
Q001050,ID000132,Hande-Ercel,Fake,Hande-Ercel AI generated,21,HANDE ERÇEL - AI generated video 🌝 [#handeerçel #burakdeniz #youtube  #edit] at metgala,https://i.ytimg.com/vi/vPWNfPjuNLg/oardefault.jpg?sqp=-oaymwEiCOIEENAFSFqQAgHyq4qpAxEIARUAAAAAJQAAyEI9AICiQw==&rs=AOn4CLB0cuo8fbJobgto-W_zwHDMbWeMYA&usqp=CCk,https://www.youtube.com/shorts/vPWNfPjuNLg,www.youtube.com,nan,3.0,1,"(267.626708984375, 28.3624324798584, 364.3961486816406, 168.9297637939453)",0.03097
Q001052,ID000132,Hande-Ercel,Fake,Hande-Ercel AI image,24,Turkish Actress Hande Erçel in Dagestan | Stable Diffusion Online,https://imgcdn.stablediffusionweb.com/2025/8/19/7348704a-bf04-434d-bbda-bfc166f52016.jpg,https://stablediffusionweb.com/image/46394864-turkish-actress-hande-er-el-in-dagestan,stablediffusionweb.com,nan,7.0,1,"(313.0784912109375, 224.22201538085938, 578.5205688476562, 589.4830322265625)",0.09583
Q001057,ID000133,Hania-Amir,Real,Hania-Amir,1,Hania Aamir - Wikipedia,https://upload.wikimedia.org/wikipedia/commons/2/2c/Hania_Aamir.png,https://en.wikipedia.org/wiki/Hania_Aamir,en.wikipedia.org,tier2,nan,1,"(128.4297332763672, 50.24872589111328, 228.1532440185547, 185.67880249023438)",0.15573
Q001058,ID000133,Hania-Amir,Fake,Hania-Amir AI generated,32,Hania Aamir falls Victim to Deepfake Videos | DESIblitz,https://www.desiblitz.com/wp-content/uploads/2024/09/Hania-Aamir-falls-Victim-to-Deepfake-Videos-f.jpg,https://www.desiblitz.com/content/hania-aamir-falls-victim-to-deepfake-videos,www.desiblitz.com,nan,7.0,1,"(252.9697723388672, 9.62071418762207, 390.73712158203125, 193.28890991210938)",0.10994
Q001058,ID000133,Hania-Amir,Fake,Hania-Amir AI generated,33,Hania Aamir AI Generated Bold Videos from India Disturb Her & Her Fans |  Reviewit.pk,https://reviewit.pk/wp-content/uploads/2024/09/hania-Aamir-deep-fake-1024x631.jpg,https://reviewit.pk/hania-aamir-ai-generated-bold-videos-from-india-disturb-her-her-fans/,reviewit.pk,nan,7.0,1,"(461.42718505859375, 43.69554138183594, 619.47900390625, 268.50732421875)",0.05499
Q001058,ID000133,Hania-Amir,Fake,Hania-Amir AI generated,45,hania amir Prompts | Stable Diffusion Online,https://imgcdn.stablediffusionweb.com/2025/9/6/ef2759bb-1c08-4da3-a894-be79a52f7dae.jpg,https://stablediffusionweb.com/prompts/hania-amir,stablediffusionweb.com,nan,7.0,1,"(398.45458984375, 139.51470947265625, 677.7083129882812, 539.6630859375)",0.10657
Q001060,ID000133,Hania-Amir,Fake,Hania-Amir AI image,20,Hania Amir Pop Art Portrait | Stable Diffusion Online,https://imgcdn.stablediffusionweb.com/2024/9/30/777bd32d-bc96-4f41-ae1b-8df385e22591.jpg,https://stablediffusionweb.com/image/18653408-hania-amir-pop-art-portrait,stablediffusionweb.com,nan,7.0,1,"(220.36065673828125, 164.6656494140625, 622.4874877929688, 754.5840454101562)",0.22623
Q001065,ID000134,Hannah Stocking,Real,Hannah Stocking,1,Hannah Stocking - Wikipedia,https://upload.wikimedia.org/wikipedia/commons/8/8d/Hannah_Stocking.png,https://en.wikipedia.org/wiki/Hannah_Stocking,en.wikipedia.org,tier2,nan,1,"(232.85670471191406, 187.36781311035156, 597.9204711914062, 673.3858032226562)",0.19746
Q001065,ID000134,Hannah Stocking,Real,Hannah Stocking,2,Hannah Stocking - IMDb,https://m.media-amazon.com/images/M/MV5BN2NiMDM5YzctY2E0Zi00OTUxLTk4YWItNDRjMDRlN2RiMjMwXkEyXkFqcGc@._V1_.jpg,https://www.imdb.com/name/nm7826465/,www.imdb.com,tier2,nan,1,"(974.0642700195312, 356.459716796875, 1960.418701171875, 1736.9761962890625)",0.12177
Q001067,ID000134,Hannah Stocking,Fake,Hannah Stocking deepfake,10,Woman's deepfake betrayal by friend: 'Every moment became porn',https://c.files.bbci.co.uk/3af5/live/daafdab0-e5f9-11ef-a819-277e390a7a08.jpg,https://www.bbc.com/news/articles/cm21j341m31o,www.bbc.com,nan,3.0,1,"(1537.2255859375, 239.17587280273438, 2368.94775390625, 1383.4873046875)",0.1136
Q001067,ID000134,Hannah Stocking,Fake,Hannah Stocking deepfake,27,Woman's deepfake betrayal by friend: 'Every moment became porn' - BBC News,https://ichef.bbci.co.uk/ace/standard/641/cpsprodpb/3a8a/live/583ef380-e5fa-11ef-a319-fb4e7360c4ec.jpg,https://www.bbc.co.uk/news/articles/cm21j341m31o,www.bbc.co.uk,nan,3.0,1,"(164.25563049316406, 33.236114501953125, 249.0913848876953, 153.60507202148438)",0.04425
Q001068,ID000134,Hannah Stocking,Fake,Hannah Stocking AI image,24,Hannah Waddingham Stocking Scene | Stable Diffusion Online,https://imgcdn.stablediffusionweb.com/2026/7/25/d68a470755d849c2a8b084315bbaa8cb.jpg,https://stablediffusionweb.com/image/22901285-hannah-waddingham-stocking-scene,stablediffusionweb.com,nan,7.0,1,"(333.1514892578125, 73.31600189208984, 541.3475952148438, 316.9102783203125)",0.04913
Q001071,ID000134,Hannah Stocking,Fake,Hannah Stocking Stable Diffusion,20,Hannah Waddingham Stocking Scene | Stable Diffusion Online,https://imgcdn.stablediffusionweb.com/2024/11/17/23309006-0bcd-4afc-8308-13cd61a3d4fc.jpg,https://stablediffusionweb.com/image/22901285-hannah-waddingham-stocking-scene,stablediffusionweb.com,nan,7.0,1,"(259.10675048828125, 130.2830352783203, 454.8199462890625, 410.46807861328125)",0.05313
Q001073,ID000135,Hardik-Panday,Real,Hardik-Panday,1,Hardik Pandya - Wikipedia,https://upload.wikimedia.org/wikipedia/commons/f/fc/Hardik_Pandya_in_PMO_New_Delhi.jpg,https://en.wikipedia.org/wiki/Hardik_Pandya,en.wikipedia.org,tier2,nan,1,"(261.9798278808594, 118.88871002197266, 473.0159912109375, 411.55450439453125)",0.12749
Q001076,ID000135,Hardik-Panday,Fake,Hardik-Panday AI image,3,Hardik Pandya Cricket Profile | Stable Diffusion Online,https://imgcdn.stablediffusionweb.com/2024/9/19/07dcce76-909a-4549-a7f1-ad3a835754fa.jpg,https://stablediffusionweb.com/image/17448400-hardik-pandya-cricket-profile,stablediffusionweb.com,nan,7.0,1,"(329.5271911621094, 142.62269592285156, 671.5740356445312, 645.948486328125)",0.16419
Q001076,ID000135,Hardik-Panday,Fake,Hardik-Panday AI image,19,3D Baby Hardik Pandya in Stadium | Stable Diffusion Online,https://imgcdn.stablediffusionweb.com/2025/10/16/0038f328-8c2a-4675-818b-d51b9e5d2464.jpg,https://stablediffusionweb.com/image/52817842-3d-baby-hardik-pandya-in-stadium,stablediffusionweb.com,nan,7.0,1,"(179.73324584960938, 288.9561767578125, 395.1485290527344, 550.1259155273438)",0.09538
Q001076,ID000135,Hardik-Panday,Fake,Hardik-Panday AI image,49,hardik pandya portraits Prompts | Stable Diffusion Online,https://imgcdn.stablediffusionweb.com/2025/10/15/f0706aaf-1e75-42ac-913a-acfe05b31c36.jpg,https://stablediffusionweb.com/prompts/hardik-pandya-portraits,stablediffusionweb.com,nan,7.0,1,"(352.3285827636719, 139.49085998535156, 642.9178466796875, 542.6321411132812)",0.11172
Q001081,ID000136,Harry-Kane,Real,Harry-Kane,3,Harry Kane - IMDb,https://m.media-amazon.com/images/M/MV5BN2EzNjA0Y2YtMTJmMy00OTI3LTkwMmItOGQ5YzE3NDU5Y2Y3XkEyXkFqcGc@._V1_FMjpg_UX1000_.jpg,https://www.imdb.com/name/nm7613498/,www.imdb.com,tier2,nan,1,"(360.46221923828125, 161.60069274902344, 639.1559448242188, 538.187255859375)",0.06992
Q001082,ID000136,Harry-Kane,Fake,Harry-Kane AI generated,8,Harry Kane,https://creator.nightcafe.studio/jobs/j7qnFozBDIINQnrAWqMV/j7qnFozBDIINQnrAWqMV--4--qxh19.jpg,https://creator.nightcafe.studio/creation/ce9RoXUS0AEEw6E2QFv6,creator.nightcafe.studio,nan,5.0,1,"(126.80667877197266, -9.406360626220703, 384.499267578125, 340.2762756347656)",0.34374
Q001082,ID000136,Harry-Kane,Fake,Harry-Kane AI generated,12,Presenting Tottenham Hotspur players as AI-generated Pokemon | Cartilage  Free Captain,"https://platform.cartilagefreecaptain.sbnation.com/wp-content/uploads/sites/60/chorus/uploads/chorus_asset/file/24063427/Harry_Kane.png?quality=90&strip=all&crop=0,0,100,100",https://cartilagefreecaptain.sbnation.com/2022/9/29/23377887/presenting-tottenham-hotpsur-players-as-ai-generated-pokemon,cartilagefreecaptain.sbnation.com,nan,5.0,1,"(170.42503356933594, 17.594865798950195, 263.1508483886719, 143.49571228027344)",0.04453
Q001089,ID000137,Heath Ledger,Real,Heath Ledger,1,Heath Ledger - Wikipedia,https://upload.wikimedia.org/wikipedia/commons/e/ea/Heath_Ledger_%282%29.jpg,https://en.wikipedia.org/wiki/Heath_Ledger,en.wikipedia.org,tier2,nan,1,"(224.384765625, 64.94796752929688, 765.6672973632812, 785.2352294921875)",0.41441
Q001089,ID000137,Heath Ledger,Real,Heath Ledger,2,"Heath Ledger - Joker, Movies & Death","https://hips.hearstapps.com/hmg-prod/images/heath_ledger_getty_images_photo_bob_riha_jr_wireimage_116948085.jpg?crop=1xw:0.75xh;center,top&resize=1200:*",https://www.biography.com/actors/heath-ledger,www.biography.com,tier2,nan,1,"(267.569580078125, 208.9427947998047, 688.76318359375, 783.3609008789062)",0.32259
Q001089,ID000137,Heath Ledger,Real,Heath Ledger,3,Heath Ledger | Films & Biography | Britannica,https://cdn.britannica.com/42/123642-050-7D2AD1BF/Heath-Ledger-2006.jpg,https://www.britannica.com/biography/Heath-Ledger,www.britannica.com,tier2,nan,1,"(462.7386474609375, 284.31109619140625, 863.422119140625, 815.4085693359375)",0.10391
Q001090,ID000137,Heath Ledger,Fake,Heath Ledger AI generated,29,The Joker Dark Knight Concept Art - AI Art,"https://images.nightcafe.studio/ik-seo/jobs/qFXLMvSj1Gf8HRGC55E6/qFXLMvSj1Gf8HRGC55E6--1--flr3w_2x_2x/the-joker-heath-ledger-the-dark-knight-8k-resolution-concept-art-by-karol-bak-and-michael-divine-wlo.jpg?tr=w-1600,c-at_max",https://creator.nightcafe.studio/creation/qFXLMvSj1Gf8HRGC55E6,creator.nightcafe.studio,nan,8.0,1,"(515.4989013671875, 354.7178649902344, 1053.1126708984375, 1085.1446533203125)",0.15339
Q001090,ID000137,Heath Ledger,Fake,Heath Ledger AI generated,13,"Heath Ledger with Red Eyes, Beard, and Long Hair | Stable Diffusion Online",https://imgcdn.stablediffusionweb.com/2024/4/23/0aae178d-7a41-437e-89f1-e52f318e870d.jpg,https://stablediffusionweb.com/image/5939849-heath-ledger-with-red-eyes-beard-and-long-hair,stablediffusionweb.com,nan,7.0,1,"(316.5953063964844, 222.30628967285156, 689.7610473632812, 751.731201171875)",0.18841
Q001090,ID000137,Heath Ledger,Fake,Heath Ledger AI generated,18,Joker's Heath Ledger Portrayal | Stable Diffusion Online,https://imgcdn.stablediffusionweb.com/2024/5/21/7494c26c-d961-4518-958f-9eec1b1051d4.jpg,https://stablediffusionweb.com/image/7733705-joker-s-heath-ledger-portrayal,stablediffusionweb.com,nan,7.0,1,"(185.8181915283203, 209.1847686767578, 435.2030334472656, 547.8471069335938)",0.08182
Q001091,ID000137,Heath Ledger,Fake,Heath Ledger deepfake,24,Viral AI-generated video shows Heath Ledger's Joker without makeup and  scars. Watch | Trending,https://images.hindustantimes.com/rf/image_size_630x354/HT/p2/2020/07/18/Pictures/_69894a0a-c908-11ea-beba-1c34f54d5354.jpg,https://www.hindustantimes.com/trending/viral-ai-generated-video-shows-heath-ledger-s-joker-without-makeup-and-scars-watch-101680519789904.html,www.hindustantimes.com,nan,5.0,1,"(195.37513732910156, 73.54957580566406, 350.8115539550781, 256.17681884765625)",0.12728
Q001092,ID000137,Heath Ledger,Fake,Heath Ledger AI image,47,Heath Ledger Joker Waving Happy | Stable Diffusion Online,https://imgcdn.stablediffusionweb.com/2024/9/22/9fa1e08b-13bc-4dd8-9b4e-189ea3d45e1f.jpg,https://stablediffusionweb.com/image/17751174-heath-ledger-joker-waving-happy,stablediffusionweb.com,nan,7.0,1,"(328.68670654296875, 246.87652587890625, 732.9364013671875, 751.4749145507812)",0.19453
Q001097,ID000138,Helen Mirren,Real,Helen Mirren,1,Helen Mirren - IMDb,https://m.media-amazon.com/images/M/MV5BMjA4MzY2ODU2MV5BMl5BanBnXkFtZTcwOTQ3ODY4OQ@@._V1_.jpg,https://www.imdb.com/name/nm0000545/,www.imdb.com,tier2,nan,1,"(315.5609436035156, 403.2118835449219, 1148.483154296875, 1455.236572265625)",0.2646
Q001097,ID000138,Helen Mirren,Real,Helen Mirren,2,Helen Mirren Movies & TV Shows List | Rotten Tomatoes | Rotten Tomatoes,https://resizing.flixster.com/LWI3y225x5j30vzrIUFnI1KHhXQ=/fit-in/705x460/v2/https://resizing.flixster.com/-XZAfHZM39UwaGJIFWKAE8fS0ak=/v3/t/assets/74573_v9_bd.jpg,https://www.rottentomatoes.com/celebrity/helen_mirren,www.rottentomatoes.com,tier2,nan,1,"(106.32957458496094, 57.51171875, 244.44091796875, 251.81298828125)",0.16909
Q001098,ID000138,Helen Mirren,Fake,Helen Mirren AI generated,10,Young Helen Mirren | Stable Diffusion Online,https://imgcdn.stablediffusionweb.com/2024/11/14/be0be8d2-e4c9-4232-bd60-5ae1837c597c.jpg,https://stablediffusionweb.com/image/22680637-young-helen-mirren,stablediffusionweb.com,nan,7.0,1,"(116.72312927246094, 208.64024353027344, 643.4231567382812, 898.5572509765625)",0.35205
Q001098,ID000138,Helen Mirren,Fake,Helen Mirren AI generated,12,Helen Mirren at the Beach | Stable Diffusion Online,https://imgcdn.stablediffusionweb.com/2025/1/16/4b650283-0293-4992-b7df-7c1937ce5a39.jpg,https://stablediffusionweb.com/image/28639094-helen-mirren-at-the-beach,stablediffusionweb.com,nan,7.0,1,"(264.1966857910156, 205.7344970703125, 423.71478271484375, 423.6005859375)",0.03435
Q001099,ID000138,Helen Mirren,Fake,Helen Mirren deepfake,42,Helen Mirren Rips Up AI-Generated Speech To Shreds At Awards Function |  WATCH,https://i.ytimg.com/vi/xppdBGXfLW4/maxresdefault.jpg,https://www.youtube.com/watch?v=xppdBGXfLW4,www.youtube.com,nan,3.0,1,"(539.5527954101562, 106.89623260498047, 683.69970703125, 305.862548828125)",0.03112
Q001103,ID000138,Helen Mirren,Fake,Helen Mirren Stable Diffusion,39,Helen Mirren Young | Stable Diffusion Online,https://imgcdn.stablediffusionweb.com/2024/12/28/c69a314e-df5f-4bac-937b-39105d46343d.jpg,https://stablediffusionweb.com/image/26663140-helen-mirren-young,stablediffusionweb.com,nan,7.0,1,"(192.11798095703125, 277.7439270019531, 593.5016479492188, 830.9983520507812)",0.21514
Q001103,ID000138,Helen Mirren,Fake,Helen Mirren Stable Diffusion,40,helen mirren actress Prompts | Stable Diffusion Online,https://imgcdn.stablediffusionweb.com/2025/4/19/dd0d58f4-4299-4eb2-84cf-e937c04b8334.jpg,https://stablediffusionweb.com/prompts/helen-mirren-actress,stablediffusionweb.com,nan,7.0,1,"(222.73068237304688, 143.4639129638672, 446.7730407714844, 472.5844421386719)",0.07439
Q001105,ID000139,Helena Bonham Carter,Real,Helena Bonham Carter,2,Helena Bonham Carter - IMDb,https://m.media-amazon.com/images/M/MV5BMTc2OTMxNDIzMF5BMl5BanBnXkFtZTcwNDU1MjA1NA@@._V1_FMjpg_UX1000_.jpg,https://www.imdb.com/name/nm0000307/,www.imdb.com,tier2,nan,1,"(350.0077209472656, 347.6886901855469, 675.8609008789062, 791.697509765625)",0.09613
Q001105,ID000139,Helena Bonham Carter,Real,Helena Bonham Carter,3,"Helena Bonham Carter: '​I've got so many issues, but as you get older you  go: whatever' | Helena Bonham Carter | The Guardian",https://i.guim.co.uk/img/media/36b2b42c970de684bda4be533468898ab988caa7/0_124_3300_1979/master/3300.jpg?width=1200&height=900&quality=85&auto=format&fit=crop&s=24b5ab29f114659fb8f55cfe9f6215fa,https://www.theguardian.com/film/2023/jan/29/helena-bonham-carter-nolly-noele-gordon-crossroads-russell-t-davies-interview,www.theguardian.com,tier2,nan,1,"(282.291748046875, 139.93492126464844, 720.330078125, 760.1807861328125)",0.25157
Q001106,ID000139,Helena Bonham Carter,Fake,Helena Bonham Carter AI generated,8,Dramatic Portrait of Woman Surrounded by Bats - AI Art,https://creator.nightcafe.studio/jobs/m5AGXxGzw8XI5nhjtwxg/m5AGXxGzw8XI5nhjtwxg--1--jykr3.jpg,https://creator.nightcafe.studio/creation/m5AGXxGzw8XI5nhjtwxg,creator.nightcafe.studio,nan,8.0,1,"(450.2276916503906, 293.00390625, 614.787841796875, 501.490478515625)",0.03272
Q001106,ID000139,Helena Bonham Carter,Fake,Helena Bonham Carter AI generated,13,Dramatic Portrait of Woman Surrounded by Bats - AI Art,https://creator.nightcafe.studio/jobs/WEaXjknlIxgC1lLfL4Qh/WEaXjknlIxgC1lLfL4Qh--1--90i9e.jpg,https://creator.nightcafe.studio/creation/m5AGXxGzw8XI5nhjtwxg,creator.nightcafe.studio,nan,8.0,1,"(382.1103820800781, 176.08033752441406, 576.2550659179688, 440.580078125)",0.04897
Q001106,ID000139,Helena Bonham Carter,Fake,Helena Bonham Carter AI generated,6,Helena Bonham Carter as Dark Viking Peasant | Stable Diffusion Online,https://imgcdn.stablediffusionweb.com/2024/5/5/8a71c207-226c-4ecf-9250-882573feeffa.jpg,https://stablediffusionweb.com/image/6724509-helena-bonham-carter-as-dark-viking-peasant,stablediffusionweb.com,nan,7.0,1,"(239.10910034179688, 270.14923095703125, 549.6525268554688, 672.9083862304688)",0.12117
Q001107,ID000139,Helena Bonham Carter,Fake,Helena Bonham Carter deepfake,17,This Harry Potter Deepfake With American Actors Is Too Good,https://imgix.bustle.com/fatherly/2021/05/harry-potter-deepfake.jpg?w=1200&h=1200&fit=crop&crop=faces&fm=jpg,https://www.fatherly.com/play/harry-potter-deepfake-trailer-american-actors,www.fatherly.com,nan,7.0,1,"(345.5035400390625, 178.2841033935547, 711.0388793945312, 740.985107421875)",0.14284
Q001108,ID000139,Helena Bonham Carter,Fake,Helena Bonham Carter AI image,1,Helena Bonham Carter as Viking Character | Stable Diffusion Online,https://imgcdn.stablediffusionweb.com/2024/5/5/e8049b4b-f385-4b9c-b2e7-d66e7f4c0502.jpg,https://stablediffusionweb.com/image/6724489-helena-bonham-carter-as-viking-character,stablediffusionweb.com,nan,7.0,1,"(238.25738525390625, 231.05630493164062, 559.02099609375, 655.2446899414062)",0.13182
Q001108,ID000139,Helena Bonham Carter,Fake,Helena Bonham Carter AI image,2,Helena Bonham Carter Portrait | Stable Diffusion Online,https://imgcdn.stablediffusionweb.com/2024/11/14/aecf3b02-13fd-437e-9795-828ca3b57cbd.jpg,https://stablediffusionweb.com/image/22683331-helena-bonham-carter-portrait,stablediffusionweb.com,nan,7.0,1,"(342.5711364746094, 204.64889526367188, 589.3472900390625, 540.3301391601562)",0.08025
Q001111,ID000139,Helena Bonham Carter,Fake,Helena Bonham Carter Stable Diffusion,47,helena bonham carter Prompts | Stable Diffusion Online,https://imgcdn.stablediffusionweb.com/2025/5/21/afb4ad2d-941d-4f91-ac3f-9289832b12b6.jpg,https://stablediffusionweb.com/prompts/helena-bonham-carter,stablediffusionweb.com,nan,7.0,1,"(374.86358642578125, 187.519775390625, 686.0443115234375, 623.4961547851562)",0.12938
Q001112,ID000139,Helena Bonham Carter,Fake,Helena Bonham Carter Midjourney,6,"Galeriedruck for Sale mit ""Queen of Steampunk Artificial Intelligence Art  von Midjourney (inspiriert von Helena Bonham Carter)"" von ONIZUMA |  Redbubble","https://ih1.redbubble.net/image.3939689641.0844/fposter,small,wall_texture,square_product,600x600.jpg",https://www.redbubble.com/de/i/galeriedruck/Queen-of-Steampunk-Artificial-Intelligence-Art-von-Midjourney-inspiriert-von-Helena-Bonham-Carter-von-ONIZUMA/119120844.JUXJO,www.redbubble.com,nan,5.0,1,"(243.66720581054688, 173.69573974609375, 418.7961120605469, 390.31610107421875)",0.10538
Q001113,ID000140,Hilary Duff,Real,Hilary Duff,4,"Hilary Duff Interview: New Album, Motherhood, Being a Millennial",https://www.rollingstone.com/wp-content/uploads/2026/02/Hillary-Duff_RS-WEB-LEAD.jpg,https://www.rollingstone.com/music/music-features/hilary-duff-interview-new-album-luck-or-something-1235511649/,www.rollingstone.com,tier2,nan,1,"(291.55145263671875, 244.14828491210938, 967.0949096679688, 1200.6353759765625)",0.20192
Q001114,ID000140,Hilary Duff,Fake,Hilary Duff AI generated,1,Ask the AI: Hilary Duff,https://creator.nightcafe.studio/jobs/SmsomKkZIrBq8b8O1zKw/SmsomKkZIrBq8b8O1zKw--1--wlqo3.jpg,https://creator.nightcafe.studio/creation/SmsomKkZIrBq8b8O1zKw,creator.nightcafe.studio,nan,5.0,1,"(154.40830993652344, 34.933746337890625, 354.64410400390625, 319.78466796875)",0.21758
Q001114,ID000140,Hilary Duff,Fake,Hilary Duff AI generated,5,Hilary Duff as a female vampire - Hilary Duff as a Vampire: ...,"https://images.nightcafe.studio/ik-seo/jobs/CzJGsJshnUuJtQoeZuU1/CzJGsJshnUuJtQoeZuU1--1--qm6uc/hilary-duff-as-a-female-vampire.jpg?tr=w-1600,c-at_max",https://creator.nightcafe.studio/creation/CzJGsJshnUuJtQoeZuU1,creator.nightcafe.studio,nan,5.0,1,"(370.7882995605469, 129.9167022705078, 624.6219482421875, 471.66790771484375)",0.08273
Q001115,ID000140,Hilary Duff,Fake,Hilary Duff deepfake,30,Punished & Blacked DeepFake Porn — Elle Fanning | Last.fm,https://lastfm.freetls.fastly.net/i/u/ar0/1cab5418dcb8116158c478f7012297ea.jpg,https://www.last.fm/music/Elle+Fanning/_/Punished+&+Blacked+DeepFake+Porn,www.last.fm,nan,5.0,1,"(222.7520751953125, 86.22747802734375, 579.9898071289062, 477.17266845703125)",0.19233
Q001121,ID000141,Hiroyuki-Sanada,Real,Hiroyuki-Sanada,1,Hiroyuki Sanada - IMDb,https://m.media-amazon.com/images/M/MV5BMGZhYTgwYmItZTI0NC00ZDNjLTkyZDgtNjc0YjQzNGY0ZjNhXkEyXkFqcGc@._V1_FMjpg_UX1000_.jpg,https://www.imdb.com/name/nm0760796/,www.imdb.com,tier2,nan,1,"(497.9657897949219, 350.4079284667969, 757.5691528320312, 686.3541259765625)",0.05814
Q001121,ID000141,Hiroyuki-Sanada,Real,Hiroyuki-Sanada,7,Hiroyuki Sanada - Wikipedia,https://upload.wikimedia.org/wikipedia/commons/thumb/2/2c/Hiroyuki_Sanada_20240220.jpg/250px-Hiroyuki_Sanada_20240220.jpg,https://en.wikipedia.org/wiki/Hiroyuki_Sanada,en.wikipedia.org,tier2,nan,1,"(101.36980438232422, 59.726993560791016, 181.72906494140625, 158.88552856445312)",0.09543
Q001129,ID000142,Holly Hunter,Real,Holly Hunter,2,Holly Hunter - Wikipedia,https://upload.wikimedia.org/wikipedia/commons/8/8f/Holly_Hunter_Emmy_crop.jpg,https://en.wikipedia.org/wiki/Holly_Hunter,en.wikipedia.org,tier2,nan,1,"(91.67866516113281, 50.45498275756836, 173.4913787841797, 153.813232421875)",0.07146
Q001129,ID000142,Holly Hunter,Real,Holly Hunter,3,Holly Hunter - New Georgia Encyclopedia,https://bunny-wp-pullzone-cjamrcljf0.b-cdn.net/wp-content/uploads/2021/02/holly-hunter_001-768x1024.jpg,https://www.georgiaencyclopedia.org/articles/arts-culture/holly-hunter-b-1958/,www.georgiaencyclopedia.org,tier2,nan,1,"(266.1453857421875, 73.19754028320312, 567.9656982421875, 487.2607421875)",0.15891
Q001131,ID000142,Holly Hunter,Fake,Holly Hunter deepfake,33,"Even doctors can be fooled by deepfake X-ray images, posing risk to  cybersecurity & health",https://wcti12.com/resources/media2/16x9/1061/800/0x6/80/a4b0f1c5-9530-4581-81f1-ae71528fb7f5-serenasullivan.PNG,https://wcti12.com/news/spotlight-on-america/doctors-fooled-deepfake-x-ray-images-posing-cybersecurity-health-risks-ai-medical-images-artificial-intelligence-deepfakes-radiology-medical-imaging-cyber-security-healthcare-hospital-security-xray-fraud,wcti12.com,nan,5.0,1,"(276.4247741699219, 107.76741027832031, 479.43988037109375, 390.7763366699219)",0.1596
Q001137,ID000143,Humphrey Bogart,Real,Humphrey Bogart,1,Humphrey Bogart - Wikipedia,https://upload.wikimedia.org/wikipedia/commons/thumb/8/84/Humphrey_Bogart_1940.jpg/250px-Humphrey_Bogart_1940.jpg,https://en.wikipedia.org/wiki/Humphrey_Bogart,en.wikipedia.org,tier2,nan,1,"(95.02474975585938, 69.6386489868164, 191.091796875, 191.82015991210938)",0.13263
Q001137,ID000143,Humphrey Bogart,Real,Humphrey Bogart,2,"Humphrey Bogart | Biography, Movies, & Facts | Britannica",https://cdn.britannica.com/35/61835-004-72790E36/Humphrey-Bogart-Sahara.jpg,https://www.britannica.com/biography/Humphrey-Bogart,www.britannica.com,tier2,nan,1,"(29.324052810668945, 38.872947692871094, 113.70733642578125, 156.96450805664062)",0.13898
Q001137,ID000143,Humphrey Bogart,Real,Humphrey Bogart,3,Humphrey Bogart,https://static.tcm.com/tcm/files/default_images/starofthemonth_humphreybogart_article.jpg?w=1200,https://www.tcm.com/articles/featured-actors/021651/star-of-the-month-humphrey-bogart,www.tcm.com,tier2,nan,1,"(348.8769226074219, 107.45268249511719, 757.7015380859375, 687.4761352539062)",0.24732
Q001138,ID000143,Humphrey Bogart,Fake,Humphrey Bogart AI generated,1,Humphrey Bogart,https://creator.nightcafe.studio/jobs/B7DDQtD5mLFZffkvYf0w/B7DDQtD5mLFZffkvYf0w--1--3m3x8.jpg,https://creator.nightcafe.studio/creation/B7DDQtD5mLFZffkvYf0w,creator.nightcafe.studio,nan,5.0,1,"(155.3614959716797, 59.12025451660156, 342.4853210449219, 307.5919189453125)",0.18018
Q001140,ID000143,Humphrey Bogart,Fake,Humphrey Bogart AI image,3,Humphrey Bogart as Rick Blaine: Detailed Matte Pai... - AI Art,https://creator.nightcafe.studio/jobs/h7bj0MgVkjyCkhmnIJbR/h7bj0MgVkjyCkhmnIJbR--1--nu2sb.jpg,https://creator.nightcafe.studio/creation/h7bj0MgVkjyCkhmnIJbR,creator.nightcafe.studio,nan,8.0,1,"(419.1139221191406, 128.32901000976562, 631.29296875, 432.3612060546875)",0.06152
Q001145,ID000144,ID000582-Nicole Kidman,Real,ID000582-Nicole Kidman,3,"A daring photo of actress Nicole Kidman, 58, is causing a stir online.",https://www.ma-grande-taille.com/wp-content/uploads/2026/03/@nicolekidman-_-Instagram.jpg,https://www.ma-grande-taille.com/en/people/a-photo-of-actress-nicole-kidman-sparks-reactions-online-436779,www.ma-grande-taille.com,tier2,nan,1,"(780.7313232421875, 220.99041748046875, 1097.864501953125, 683.4888305664062)",0.07073
Q001146,ID000144,ID000582-Nicole Kidman,Fake,ID000582-Nicole Kidman AI generated,10,Nicole Kidman,https://creator.nightcafe.studio/jobs/5Xubj4LcMArgDTil8vwN/5Xubj4LcMArgDTil8vwN--1--euxxc.jpg,https://creator.nightcafe.studio/creation/5Xubj4LcMArgDTil8vwN,creator.nightcafe.studio,nan,5.0,1,"(313.5470275878906, 177.09120178222656, 704.5768432617188, 740.4180908203125)",0.21007
Q001146,ID000144,ID000582-Nicole Kidman,Fake,ID000582-Nicole Kidman AI generated,17,Nicole Kidman - Young Woman Portrait with Studio Lighting,https://creator.nightcafe.studio/jobs/eDlAQnKkrJvIWQilygPM/eDlAQnKkrJvIWQilygPM--1--bco7p.jpg,https://creator.nightcafe.studio/creation/eDlAQnKkrJvIWQilygPM,creator.nightcafe.studio,nan,5.0,1,"(101.76319885253906, 32.29098892211914, 380.5072937011719, 405.5121765136719)",0.39686
Q001147,ID000144,ID000582-Nicole Kidman,Fake,ID000582-Nicole Kidman deepfake,2,Stream Deepfake Nicole Kidman by Tallboy Palmer | Listen online for free on  SoundCloud,https://i1.sndcdn.com/artworks-CeNA1KpNWotXawza-E27LbA-t500x500.jpg,https://soundcloud.com/tallboypalmer/deepfake-nicole-kidman,soundcloud.com,nan,5.0,1,"(103.86616516113281, 107.98906707763672, 311.65386962890625, 373.7044677734375)",0.22085
Q001149,ID000144,ID000582-Nicole Kidman,Fake,ID000582-Nicole Kidman viral deepfake,47,Deepfake news - Today's latest updates - CBS News,https://assets2.cbsnewsstatic.com/hub/i/r/2026/01/15/f06a0c5b-5023-414f-8609-12ec7f88c4b9/thumbnail/640x360/0b5abc1ab96db21e774a39694ce142cb/cbsn-fusion-ashley-st-clair-mother-elon-musk-children-sues-xai-deepfake-images-thumbnail.jpg,https://www.cbsnews.com/tag/deepfake/,www.cbsnews.com,nan,7.0,1,"(249.71827697753906, 57.91750717163086, 399.5049743652344, 268.4548645019531)",0.13687
Q001153,ID000145,IU,Real,IU,3,IU - DramaWiki,https://wiki.d-addicts.com/images/4/4c/IU.jpg,https://wiki.d-addicts.com/IU,wiki.d-addicts.com,tier2,nan,1,"(368.3683776855469, 251.6497802734375, 796.9881591796875, 846.2935791015625)",0.13655
Q001154,ID000145,IU,Fake,IU AI generated,19,IU ai generated images - 88stacks,https://image.civitai.com/xG1nkqKTMzGDvpLrqFT7WA/b7792af3-7c31-44a9-4579-f20e718abc00/width=450/166462.jpeg,https://api.88stacks.com/models/pr7JpCwB0e8m--IU,api.88stacks.com,nan,3.0,1,"(150.5516815185547, 69.34392547607422, 336.83660888671875, 336.8160095214844)",0.24605
Q001154,ID000145,IU,Fake,IU AI generated,26,IU ai generated images - 88stacks,https://image.civitai.com/xG1nkqKTMzGDvpLrqFT7WA/6340c9f6-652d-4bad-7e27-a69e2af4dd00/width=450/163414.jpeg,https://api.88stacks.com/models/pr7JpCwB0e8m--IU,api.88stacks.com,nan,3.0,1,"(111.47730255126953, 87.5440673828125, 259.54071044921875, 296.38409423828125)",0.1527
Q001156,ID000145,IU,Fake,IU AI image,11,korean actress and singer iu Prompts | Stable Diffusion Online,https://imgcdn.stablediffusionweb.com/2024/2/23/bced8682-8ef4-4a77-a9fb-2f0f4e00896f.jpg,https://stablediffusionweb.com/prompts/korean-actress-and-singer-iu,stablediffusionweb.com,nan,7.0,1,"(328.9767150878906, 244.45559692382812, 554.4131469726562, 553.5850830078125)",0.06888
Q001156,ID000145,IU,Fake,IU AI image,20,IU ai generated images - 88stacks,https://image.civitai.com/xG1nkqKTMzGDvpLrqFT7WA/fc3296c1-538f-4043-80d4-fcd37a123600/width=450/166461.jpeg,https://api.88stacks.com/models/pr7JpCwB0e8m--IU,api.88stacks.com,nan,3.0,1,"(152.70399475097656, 69.73383331298828, 331.822998046875, 294.4781494140625)",0.19879
Q001161,ID000146,Ibrahim-Traoré,Real,Ibrahim-Traoré,3,Ibrahim Traoré - Wikipedia,https://upload.wikimedia.org/wikipedia/commons/thumb/0/09/Ibrahim_Traor%C3%A9-.jpg/250px-Ibrahim_Traor%C3%A9-.jpg,https://en.wikipedia.org/wiki/Ibrahim_Traor%C3%A9,en.wikipedia.org,tier2,nan,1,"(83.38764190673828, 51.20692443847656, 161.43096923828125, 146.9729766845703)",0.09899
Q001162,ID000146,Ibrahim-Traoré,Fake,Ibrahim-Traoré AI generated,16,Deepfakes Help Spread False Information in Africa - Africa Defense Forum,https://adf-magazine.com/wp-content/uploads/2025/09/GettyImages-2213785836.jpg,https://adf-magazine.com/2025/09/deepfakes-help-spread-false-information-in-africa/,adf-magazine.com,nan,5.0,1,"(257.1523132324219, 89.03722381591797, 612.303466796875, 533.885986328125)",0.22589
Q001164,ID000146,Ibrahim-Traoré,Fake,Ibrahim-Traoré AI image,42,"Facebook video showing Traore's aide exposing coup, AI-generated - Dubawa",https://i0.wp.com/dubawa.org/wp-content/uploads/2025/06/Traore-Ibrahim.png,https://dubawa.org/facebook-video-showing-traores-aide-exposing-coup-ai-generated/,dubawa.org,nan,5.0,1,"(406.5871887207031, 78.95824432373047, 665.6983032226562, 379.1744384765625)",0.12348
Q001169,ID000147,Iga-Świątek,Real,Iga-Świątek,1,Iga Świątek - Wikipedia,https://upload.wikimedia.org/wikipedia/commons/9/98/Iga_Swiatek_2023_Cropped_%2B_Retouched.jpg,https://en.wikipedia.org/wiki/Iga_%C5%9Awi%C4%85tek,en.wikipedia.org,tier2,nan,1,"(392.9013671875, 157.53526306152344, 638.3960571289062, 487.3972473144531)",0.05448
Q001169,ID000147,Iga-Świątek,Real,Iga-Świątek,2,Iga Swiatek - INDIBA Group (US),https://indiba.com/us/wp-content/uploads/sites/6/2024/01/Iga_Featured-Image.jpg,https://indiba.com/us/hall-of-fame/iga-swiatek/,indiba.com,tier2,nan,1,"(146.53659057617188, 118.33821105957031, 310.10601806640625, 356.71673583984375)",0.1114
Q001177,ID000148,Imane Anys (Pokimane),Real,Imane Anys (Pokimane),1,Pokimane - Wikipedia,https://upload.wikimedia.org/wikipedia/commons/thumb/c/c7/Pokimane_at_the_Creator_Economy_Caucus_launch%2C_2025_%28cropped%29_3.jpg/250px-Pokimane_at_the_Creator_Economy_Caucus_launch%2C_2025_%28cropped%29_3.jpg,https://en.wikipedia.org/wiki/Pokimane,en.wikipedia.org,tier2,nan,1,"(81.74383544921875, 42.14091110229492, 169.2701416015625, 163.58714294433594)",0.10172
Q001178,ID000148,Imane Anys (Pokimane),Fake,Imane Anys (Pokimane) AI generated,22,Fans gush over Twitch star Pokimane's AI-generated 'yearbook' pictures:  'All look so good',https://d2xyxq01uvku0q.cloudfront.net/9bf9eff9-5253-41bd-b296-c69e7dab0b31.jpeg,https://meaww.com/fans-gush-over-twitch-star-pokimanes-ai-generated-yearbook-pictures-all-look-so-good,meaww.com,nan,5.0,1,"(614.7161254882812, 186.93605041503906, 933.4212036132812, 603.4846801757812)",0.07516
Q001179,ID000148,Imane Anys (Pokimane),Fake,Imane Anys (Pokimane) deepfake,11,A Deepfake Porn Scandal Has Rocked Twitch,https://img.buzzfeed.com/buzzfeed-static/static/2023-02/6/13/asset/dfc4ae65eb5b/sub-buzz-618-1675690501-5.jpg?downsize=700%3A%2A&output-quality=auto&output-format=auto,https://www.buzzfeednews.com/article/steven-asarch/twitch-streamers-atrioc-deepfake-porn-sweet-anita,www.buzzfeednews.com,nan,5.0,1,"(315.0741271972656, 162.309814453125, 502.10382080078125, 397.4815673828125)",0.06727
Q001185,ID000149,Imran-Kahn,Real,Imran-Kahn,1,Imran Khan - Wikipedia,https://upload.wikimedia.org/wikipedia/commons/f/f1/Prime_Minister_Imran_Khan_Adresses_the_Forum_01.jpg,https://en.wikipedia.org/wiki/Imran_Khan,en.wikipedia.org,tier2,nan,1,"(267.2668762207031, 218.0684814453125, 561.4177856445312, 639.4841918945312)",0.13838
Q001185,ID000149,Imran-Kahn,Real,Imran-Kahn,3,Imran Khan - IMDb,https://m.media-amazon.com/images/M/MV5BMjhhZWFhOTEtMWEyZi00MGU4LTliMTUtMzM0NjEwZGM2NDMwXkEyXkFqcGc@._V1_FMjpg_UX1000_.jpg,https://www.imdb.com/name/nm0451231/,www.imdb.com,tier2,nan,1,"(399.6150207519531, 146.08847045898438, 617.9434204101562, 440.04901123046875)",0.04811
Q001186,ID000149,Imran-Kahn,Fake,Imran-Kahn AI generated,13,"Imran Khan: Determined in Jail, Hyperrealistic Art - AI Art",https://creator.nightcafe.studio/jobs/tQBE4TWDfjRfOUuxTMlw/tQBE4TWDfjRfOUuxTMlw--1--rcz05.jpg,https://creator.nightcafe.studio/creation/tQBE4TWDfjRfOUuxTMlw,creator.nightcafe.studio,nan,8.0,1,"(305.22967529296875, 136.89492797851562, 632.6550903320312, 596.6610717773438)",0.14357
Q001187,ID000149,Imran-Kahn,Fake,Imran-Kahn deepfake,18,Fact Check: This video of Trump promising to get Imran Khan out of jail is  a DEEPFAKE - India Today,https://akm-img-a-in.tosshub.com/indiatoday/images/story/202411/trump-deepfake-065417101-16x9_0.jpg?VersionId=QFmr7tBcoRmEa.oHwCorKBpyPYPbuYIA,https://www.indiatoday.in/fact-check/story/donald-trump-pakistan-pm-imran-khan-out-of-jail-deepfake-video-us-president-2629371-2024-11-06,www.indiatoday.in,nan,7.0,1,"(221.7265167236328, 112.84146118164062, 518.5256958007812, 495.4357604980469)",0.14019
Q001193,ID000150,Inde Navarrette,Real,Inde Navarrette,1,Inde Navarrette - IMDb,https://m.media-amazon.com/images/M/MV5BODFlMTZmODItNzExZi00ZWJiLTgyMTUtOGFlY2FiZTJiZTExXkEyXkFqcGc@._V1_.jpg,https://www.imdb.com/name/nm9984699/,www.imdb.com,tier2,nan,1,"(1068.23779296875, 1093.3250732421875, 2556.1376953125, 3047.212646484375)",0.14628
Q001193,ID000150,Inde Navarrette,Real,Inde Navarrette,2,"Meet Inde Navarrette, the breakout star of Superman & Lois",https://peopleenespanol.com/thmb/8IiAe_FhiFob8oYheapl9jK1FRI=/1500x0/filters:no_upscale():max_bytes(150000):strip_icc()/Photo-May-12-1-40-51-PM-778d44093d6e44428ba841f3139624d5.jpg,https://peopleenespanol.com/chica/meet-inde-navarrette-the-breakout-star-of-superman-lois/,peopleenespanol.com,tier2,nan,1,"(150.56253051757812, 208.5751953125, 230.30223083496094, 316.2273254394531)",0.04371
Q001193,ID000150,Inde Navarrette,Real,Inde Navarrette,4,Inde Navarrette Editorial Stock Photo - Stock Image | Shutterstock Editorial,https://www.shutterstock.com/editorial/image-editorial/MbT6QdweN2D8Ec45MDcyNTQ=/inde-navarrette-1500w-13916600v.jpg,https://www.shutterstock.com/editorial/image-editorial/inde-navarrette-13916600v,www.shutterstock.com,tier2,nan,1,"(249.5081329345703, 197.35916137695312, 714.8999633789062, 787.261474609375)",0.18302
Q001194,ID000150,Inde Navarrette,Fake,Inde Navarrette AI generated,7,Inde Navarrette | Stable Diffusion Online,https://imgcdn.stablediffusionweb.com/2025/8/12/0123756d-ac8d-45c5-81f2-01509c88fdff.jpg,https://stablediffusionweb.com/image/45724778-inde-navarrette,stablediffusionweb.com,nan,7.0,1,"(280.9387512207031, 178.6247100830078, 455.2031555175781, 396.97381591796875)",0.03839
Q001195,ID000150,Inde Navarrette,Fake,Inde Navarrette deepfake,41,This creepy deepfake music video sees Diplo and Niall Horan's faces morphed,https://helios-i.mashable.com/imagery/videos/06QefqMwxONubEWDslZWxyc/hero-image.fill.size_1248x702.v1614273367.png,https://mashable.com/video/deepfake-diplo-niall-horan,mashable.com,nan,5.0,1,"(539.2320556640625, 162.74044799804688, 833.8624877929688, 555.0219116210938)",0.13192
Q001201,ID000151,Ioan Gruffudd,Real,Ioan Gruffudd,1,Ioan Gruffudd - IMDb,https://m.media-amazon.com/images/M/MV5BOGE2YTYzMmItNmZjOS00N2JjLWFjMWYtNjVmMjI5NjBhNTYwXkEyXkFqcGc@._V1_FMjpg_UX1000_.jpg,https://www.imdb.com/name/nm0344435/,www.imdb.com,tier2,nan,1,"(282.9176025390625, 246.02658081054688, 702.0103759765625, 811.6070556640625)",0.17782
Q001201,ID000151,Ioan Gruffudd,Real,Ioan Gruffudd,2,Ioan Gruffudd — The Movie Database (TMDB),https://image.tmdb.org/t/p/w500/h2pg2XwJPcOWotHgiohXjEZUBLa.jpg,https://www.themoviedb.org/person/65524-ioan-gruffudd,www.themoviedb.org,tier2,nan,1,"(124.61351776123047, 176.68392944335938, 364.6234130859375, 522.7529907226562)",0.22149
Q001204,ID000151,Ioan Gruffudd,Fake,Ioan Gruffudd AI image,4,Ioan Gruffudd at Cardiff Bay Sunset | Stable Diffusion Online,https://imgcdn.stablediffusionweb.com/2024/9/11/a55ae144-063e-4e22-88c0-f7b090ed86bb.jpg,https://stablediffusionweb.com/image/16585075-ioan-gruffudd-at-cardiff-bay-sunset,stablediffusionweb.com,nan,7.0,1,"(379.4593811035156, 158.09091186523438, 572.8887329101562, 419.466552734375)",0.04822
Q001207,ID000151,Ioan Gruffudd,Fake,Ioan Gruffudd Stable Diffusion,37,ioan gruffudd Prompts | Stable Diffusion Online,https://imgcdn.stablediffusionweb.com/2024/10/5/c4083101-9810-4429-92cc-79c4bec05758.jpg,https://stablediffusionweb.com/prompts/ioan-gruffudd,stablediffusionweb.com,nan,7.0,1,"(361.92138671875, 135.997802734375, 584.2948608398438, 450.5995178222656)",0.06672
Q001209,ID000152,Iqra-Kanwal,Real,Iqra-Kanwal,4,"Stream Dr. Iqra kanwal music | Listen to songs, albums, playlists for free  on SoundCloud",https://i1.sndcdn.com/avatars-000585234288-8os22t-t1080x1080.jpg,https://soundcloud.com/poly-plast,soundcloud.com,tier2,nan,1,"(461.2667541503906, 111.52375793457031, 709.6884155273438, 422.8992614746094)",0.06632
Q001209,ID000152,Iqra-Kanwal,Real,Iqra-Kanwal,6,Iqra Kanwal,https://i.pinimg.com/736x/c1/17/76/c1177641898e19221c4e9c1a58fa22fc.jpg,https://www.pinterest.com/pin/iqra-kanwal-captivating-portrait-photography--624452304616288235/,www.pinterest.com,tier2,nan,1,"(353.0743103027344, 263.1964416503906, 622.4576416015625, 596.143798828125)",0.09317
Q001217,ID000153,Isabella Gaze,Real,Isabella Gaze,1,Isabella Gaze | Player Rankings | ICC,https://images.icc-cricket.com/image/upload/t_player-headshot-portrait-lg-webp/prd/assets/players/6422/75544.png,https://www.icc-cricket.com/tournaments/womens-t20-worldcup/teams/1129/players/75544/izzy-gaze,www.icc-cricket.com,tier2,nan,1,"(161.36557006835938, 61.631832122802734, 277.04583740234375, 214.6668243408203)",0.07181
Q001217,ID000153,Isabella Gaze,Real,Isabella Gaze,2,"Isabella Gaze Profile - Cricket Player New Zealand | Stats, Records, Video","https://img1.hscicdn.com/image/upload/f_auto,t_ds_square_w_320,q_50/lsci/db/PICTURES/CMS/375400/375436.1.png",https://www.cricinfo.com/cricketers/isabella-gaze-1211545,www.cricinfo.com,tier2,nan,1,"(71.29249572753906, 42.605567932128906, 251.17648315429688, 273.49432373046875)",0.4056
Q001217,ID000153,Isabella Gaze,Real,Isabella Gaze,3,Isabella Gaze (New Zealand women) Cricket Career Stats & Profile | IPL,https://img.ipl.com/upload/20250925/4d0ebc18b981c4293ff6bd14dfee90c3.jpg,https://www.ipl.com/cricket/series/isabella-gaze/,www.ipl.com,tier2,nan,1,"(185.69699096679688, 72.26719665527344, 301.9150695800781, 233.5062713623047)",0.05027
Q001218,ID000153,Isabella Gaze,Fake,Isabella Gaze AI generated,6,Renaissance Portrait of Queen Isabella with Rosary - AI Art,https://creator.nightcafe.studio/jobs/ORVImOLahaGbBcjgAtIU/ORVImOLahaGbBcjgAtIU--0--52owy.jpg,https://creator.nightcafe.studio/creation/ORVImOLahaGbBcjgAtIU/renaissance-portrait-of-queen-isabella-of-castile-holding-a-rosary,creator.nightcafe.studio,nan,8.0,1,"(401.17669677734375, 179.0824737548828, 604.7063598632812, 453.1949768066406)",0.05321
Q001218,ID000153,Isabella Gaze,Fake,Isabella Gaze AI generated,7,Isabella,"https://images.nightcafe.studio/ik-seo/jobs/ENEjICIdMnSCJ0hULPQ5/ENEjICIdMnSCJ0hULPQ5--1--syk8y_4x/isabella.jpg?tr=w-1600,c-at_max",https://creator.nightcafe.studio/creation/ENEjICIdMnSCJ0hULPQ5,creator.nightcafe.studio,nan,5.0,1,"(569.296142578125, 326.0376281738281, 1098.503662109375, 1020.9974365234375)",0.10392
Q001219,ID000153,Isabella Gaze,Fake,Isabella Gaze deepfake,5,"Deepfakes are getting cheaper, easier and way more convincing | WIRED","https://media.wired.com/photos/65e877e65cf21cf6e8a3029a/4:3/w_2664,h_1998,c_limit/wired-deepfake.jpg",https://www.wired.com/story/deepfakes-cheap-easy/,www.wired.com,nan,7.0,1,"(1077.370361328125, 673.74072265625, 1544.08251953125, 1261.6988525390625)",0.05155
Q001219,ID000153,Isabella Gaze,Fake,Isabella Gaze deepfake,8,"Deepfakes are getting cheaper, easier and way more convincing | WIRED","https://media.wired.com/photos/65e877e65cf21cf6e8a3029a/2:3/w_1332,h_1998,c_limit/wired-deepfake.jpg",https://www.wired.com/story/deepfakes-cheap-easy/,www.wired.com,nan,7.0,1,"(414.4327392578125, 668.8027954101562, 889.3449096679688, 1265.89697265625)",0.10655
Q001225,ID000154,Ishan-Kishan,Real,Ishan-Kishan,1,Ishan Kishan - Wikipedia,https://upload.wikimedia.org/wikipedia/commons/d/d7/Ishan_Kishan.jpg,https://en.wikipedia.org/wiki/Ishan_Kishan,en.wikipedia.org,tier2,nan,1,"(247.40066528320312, 174.98516845703125, 688.4512939453125, 766.7199096679688)",0.22624
Q001233,ID000155,Jack Lemmon,Real,Jack Lemmon,1,Jack Lemmon - Wikipedia,https://upload.wikimedia.org/wikipedia/commons/1/1c/Jack_Lemmon_-_1968.jpg,https://en.wikipedia.org/wiki/Jack_Lemmon,en.wikipedia.org,tier2,nan,1,"(153.23074340820312, 148.6053466796875, 470.9297790527344, 567.8597412109375)",0.23284
Q001233,ID000155,Jack Lemmon,Real,Jack Lemmon,2,Jack Lemmon - IMDb,https://m.media-amazon.com/images/M/MV5BMjU1Yzg5MWQtMDgyOS00MmEyLWFjMjAtYjM0Yzk2ZTBkZmUzXkEyXkFqcGc@._V1_.jpg,https://www.imdb.com/name/nm0000493/,www.imdb.com,tier2,nan,1,"(620.7557983398438, 496.5459289550781, 2435.3955078125, 2725.144287109375)",0.62265
Q001233,ID000155,Jack Lemmon,Real,Jack Lemmon,3,"Jack Lemmon | Biography, Movies, & Facts | Britannica",https://cdn.britannica.com/24/24124-050-4860F8DC/Jack-Lemmon-Mister-Roberts-actor-Oscar.jpg,https://www.britannica.com/biography/Jack-Lemmon,www.britannica.com,tier2,nan,1,"(445.5896301269531, 222.57814025878906, 670.3898315429688, 511.4007873535156)",0.03636
Q001236,ID000155,Jack Lemmon,Fake,Jack Lemmon AI image,4,Jack Lemmon - Jack Lemmon as Surreal Oil Painting,https://creator.nightcafe.studio/jobs/HK8BRcewQ2WgLkY00FC9/HK8BRcewQ2WgLkY00FC9--1--wl9os.jpg,https://creator.nightcafe.studio/creation/HK8BRcewQ2WgLkY00FC9,creator.nightcafe.studio,nan,5.0,1,"(173.8917694091797, 181.73960876464844, 368.099853515625, 415.8221130371094)",0.17342
Q001240,ID000155,Jack Lemmon,Fake,Jack Lemmon Midjourney,8,The Matrix made in 1969 (ChatGPT & Midjourney),https://michaelhoweely.com/wp-content/uploads/2023/06/The-Matrix-made-in-1969-midjourney-28-1024x574.png,https://michaelhoweely.com/2023/06/12/the-matrix-made-in-1969-chatgpt-midjourney/,michaelhoweely.com,nan,7.0,1,"(409.57342529296875, 98.88253021240234, 606.5366821289062, 348.1673278808594)",0.08354
Q001240,ID000155,Jack Lemmon,Fake,Jack Lemmon Midjourney,15,If MCU was created during the golden age of Hollywood : r/midjourney,https://preview.redd.it/if-mcu-was-created-during-the-golden-age-of-hollywood-v0-dm8x2ej2iy8b1.png?width=640&crop=smart&auto=webp&s=a63442bac1c2d17e83ecd6f0c84866083ce9ae9c,https://www.reddit.com/r/midjourney/comments/14m4o2t/if_mcu_was_created_during_the_golden_age_of/,www.reddit.com,nan,5.0,1,"(259.4075622558594, 108.46794891357422, 446.6061096191406, 387.7548828125)",0.09622
Q001241,ID000156,Jack Nicholson,Real,Jack Nicholson,1,Jack Nicholson - Wikipedia,https://upload.wikimedia.org/wikipedia/commons/c/cf/Jack_Nicholson_2002.jpg,https://en.wikipedia.org/wiki/Jack_Nicholson,en.wikipedia.org,tier2,nan,1,"(222.04759216308594, 115.3515853881836, 413.75128173828125, 348.5400695800781)",0.0734
Q001242,ID000156,Jack Nicholson,Fake,Jack Nicholson AI generated,9,Jack Nicholson as Men in Black at Night - AI Art,https://creator.nightcafe.studio/jobs/N07X6hFPXT8LZwXACJGE/N07X6hFPXT8LZwXACJGE--1--xypt4.jpg,https://creator.nightcafe.studio/creation/N07X6hFPXT8LZwXACJGE,creator.nightcafe.studio,nan,8.0,1,"(342.57147216796875, 344.84454345703125, 524.4613647460938, 589.360595703125)",0.04241
Q001242,ID000156,Jack Nicholson,Fake,Jack Nicholson AI generated,10,Jack Nicholson as Joker: Hyperrealistic Splash Art - AI Art,https://creator.nightcafe.studio/jobs/AVLe9nEZGTGiykISokEk/AVLe9nEZGTGiykISokEk--1--kkd1z.jpg,https://creator.nightcafe.studio/creation/AVLe9nEZGTGiykISokEk,creator.nightcafe.studio,nan,8.0,1,"(370.2984924316406, 203.629638671875, 688.255615234375, 615.1387939453125)",0.12478
Q001242,ID000156,Jack Nicholson,Fake,Jack Nicholson AI generated,18,Jack Torrance Peek: Cinematic Overlook Hotel Portr... - AI Art,"https://images.nightcafe.studio/ik-seo/jobs/joKcb0WvicpMsNt3t80l/joKcb0WvicpMsNt3t80l--0--hvqxw/close-up-of-jack-nicholson-as-jack-torrance-cinematic-shot-from-the-shinning-where-he-is-peeking-out.jpg?tr=w-1600,c-at_max",https://creator.nightcafe.studio/creation/joKcb0WvicpMsNt3t80l/close-up-of-jack-nicholson-as-jack-torrance-cinematic-shot-from-the-shinning-where-he-is-peeking-out,creator.nightcafe.studio,nan,8.0,1,"(409.0434875488281, 277.9347229003906, 573.42919921875, 511.528564453125)",0.03662
Q001243,ID000156,Jack Nicholson,Fake,Jack Nicholson deepfake,4,The Shining Replaces Jack Nicholson With Jim Carrey in Deepfake Videos,https://static0.srcdn.com/wordpress/wp-content/uploads/2019/07/The-Shining-Deepfake-Jim-Carrey-e1562852823682.jpg?w=1600&h=1200&fit=crop,https://screenrant.com/shining-deepfake-video-jack-nicholson-jim-carrey/,screenrant.com,nan,7.0,1,"(586.5316162109375, 215.70706176757812, 907.9017333984375, 654.2091674804688)",0.0734
Q001245,ID000156,Jack Nicholson,Fake,Jack Nicholson viral deepfake,29,Deepfake : l'outil de manipulation terrifiant,https://numero.com/wp-content/uploads/2024/06/thumb-cover-deepfake-numero-magazine-1.jpg,https://numero.com/en/culture/deepfake-the-terrifying-tool-for-crowd-manipulation-2/,numero.com,nan,7.0,1,"(129.54489135742188, 51.23651885986328, 266.0835876464844, 231.61314392089844)",0.10743
Q001250,ID000157,Jack-MA,Fake,Jack-MA AI generated,4,Jack Ma,https://creator.nightcafe.studio/jobs/YHefyn2SSzRZayotxrc4/YHefyn2SSzRZayotxrc4--1--eur7x.jpg,https://creator.nightcafe.studio/creation/YHefyn2SSzRZayotxrc4,creator.nightcafe.studio,nan,5.0,1,"(156.1708526611328, 124.42301940917969, 330.6956481933594, 347.4466552734375)",0.14848
Q001251,ID000157,Jack-MA,Fake,Jack-MA deepfake,29,The deepfake avatars who want to sell you everything | MIT Technology Review,https://wp.technologyreview.com/wp-content/uploads/2023/09/deepfake-sales2R.jpg,https://www.technologyreview.com/2023/09/20/1079885/chinese-deepfake-livestream-foreign-language/,www.technologyreview.com,nan,7.0,1,"(1225.2568359375, 227.3086700439453, 1798.3397216796875, 1011.767822265625)",0.08878
Q001257,ID000158,Jackie Chan,Real,Jackie Chan,1,Jackie Chan - Wikipedia,https://upload.wikimedia.org/wikipedia/commons/3/35/Jackie_Chan.jpg,https://en.wikipedia.org/wiki/Jackie_Chan,en.wikipedia.org,tier2,nan,1,"(394.7090759277344, 83.94004821777344, 604.8990478515625, 383.335693359375)",0.06623
Q001257,ID000158,Jackie Chan,Real,Jackie Chan,2,Jackie Chan - IMDb,https://m.media-amazon.com/images/M/MV5BMTk4MDM0MDUzM15BMl5BanBnXkFtZTcwOTI4MzU1Mw@@._V1_FMjpg_UX1000_.jpg,https://www.imdb.com/name/nm0000329/,www.imdb.com,tier2,nan,1,"(234.99673461914062, 320.1590881347656, 743.1067504882812, 935.2018432617188)",0.22499
Q001257,ID000158,Jackie Chan,Real,Jackie Chan,3,Jackie Chan (Creator) - TV Tropes,https://mediaproxy.tvtropes.org/width/1200/https://static.tvtropes.org/pmwiki/pub/images/jackie_chan_news_photo_83389121_1567001252.jpg,https://tvtropes.org/pmwiki/pmwiki.php/Creator/JackieChan,tvtropes.org,tier2,nan,1,"(606.7951049804688, 287.4645080566406, 969.528076171875, 788.60888671875)",0.0992
Q001258,ID000158,Jackie Chan,Fake,Jackie Chan AI generated,3,jackie chan - Hyperdetailed Portrait of Jackie Chan in Unrea...,https://creator.nightcafe.studio/jobs/8Zme2khtHsxnSuHO3d1x/8Zme2khtHsxnSuHO3d1x--1--b300a_2x.jpg,https://creator.nightcafe.studio/creation/8Zme2khtHsxnSuHO3d1x,creator.nightcafe.studio,nan,5.0,1,"(236.73110961914062, 193.82064819335938, 814.4594116210938, 938.38671875)",0.41023
Q001259,ID000158,Jackie Chan,Fake,Jackie Chan deepfake,9,The Rock And Jackie Chan Join Mortal Kombat 11 (Through Deepfake Technology),https://static0.thegamerimages.com/wordpress/wp-content/uploads/2020/02/Mortal-Kombat-11-Jackie-Chan.jpg,https://www.thegamer.com/mortal-kombat-11-deepfake-the-rock-jackie-chan-keanu-reeves/,www.thegamer.com,nan,5.0,1,"(251.62034606933594, 142.07110595703125, 754.2189331054688, 749.3740844726562)",0.19833
Q001260,ID000158,Jackie Chan,Fake,Jackie Chan AI image,37,Jackie Chan as a Japanese Character | Stable Diffusion Online,https://imgcdn.stablediffusionweb.com/2024/4/7/c15860d3-0b37-4894-94fa-4d2a9d78de22.jpg,https://stablediffusionweb.com/image/4823017-jackie-chan-as-a-japanese-character,stablediffusionweb.com,nan,7.0,1,"(388.94378662109375, 139.6285400390625, 650.9088134765625, 506.6649169921875)",0.0917
Q001261,ID000158,Jackie Chan,Fake,Jackie Chan viral deepfake,19,AI-Generated Fake Death Photo of Jackie Chan Sparks Misinformation - OECD.AI,https://img.ltn.com.tw/Upload/ent/page/800/2025/11/18/phpuvyma0.jpg,https://oecd.ai/en/incidents/2025-11-17-2be9,oecd.ai,nan,3.0,1,"(295.2651672363281, 97.50365447998047, 436.26055908203125, 277.2064208984375)",0.03232
Q001265,ID000159,Jake Gyllenhaal,Real,Jake Gyllenhaal,2,"Jake Gyllenhaal Interview: On Fame, Taylor Swift, Heath Ledger, 'Ambulance'",https://hips.hearstapps.com/hmg-prod/images/5-1644954344.jpg?resize=2048:*,https://www.esquire.com/entertainment/movies/a39008068/jake-gyllenhaal-interview-2022/,www.esquire.com,tier2,nan,1,"(954.3291015625, 658.7020874023438, 1340.828369140625, 1206.7913818359375)",0.03994
Q001265,ID000159,Jake Gyllenhaal,Real,Jake Gyllenhaal,4,"Jake Gyllenhaal | Biography, Movies, Roadhouse, & Facts | Britannica",https://cdn.britannica.com/27/217827-050-60BEF3D1/American-actor-Jake-Gyllenhaal-2019.jpg,https://www.britannica.com/biography/Jake-Gyllenhaal,www.britannica.com,tier2,nan,1,"(334.1855773925781, 252.44635009765625, 846.55859375, 980.7169189453125)",0.18992
Q001266,ID000159,Jake Gyllenhaal,Fake,Jake Gyllenhaal AI generated,2,Jake Gyllenhaal as Batman? | Stable Diffusion Online,https://imgcdn.stablediffusionweb.com/2024/4/15/6b3d3e29-08fd-4470-b32b-757b92a59417.jpg,https://stablediffusionweb.com/image/5364493-jake-gyllenhaal-as-batman-,stablediffusionweb.com,nan,7.0,1,"(346.7584228515625, 210.94866943359375, 671.0233764648438, 668.2356567382812)",0.14141
Q001267,ID000159,Jake Gyllenhaal,Fake,Jake Gyllenhaal deepfake,20,Tobey Maguire Replaces Tom Holland In No Way Home Deepfake Video,https://static0.srcdn.com/wordpress/wp-content/uploads/2021/09/Tobey-Maguire-as-Tom-Holland-Spider-Man--No-Way-Home-Deepfake.jpg?w=1200&h=675&fit=crop,https://screenrant.com/tobey-maguire-replaces-tom-holland-in-no-way-home-deepfake-video/,screenrant.com,nan,7.0,1,"(454.93798828125, 85.46282958984375, 710.1585693359375, 429.6364440917969)",0.10844
Q001268,ID000159,Jake Gyllenhaal,Fake,Jake Gyllenhaal AI image,7,Jake Gyllenhaal as Frodo Baggins | Stable Diffusion Online,https://imgcdn.stablediffusionweb.com/2024/4/16/14349e1a-0496-4e9c-8cfd-e1558f96382d.jpg,https://stablediffusionweb.com/image/5420778-jake-gyllenhaal-as-frodo-baggins,stablediffusionweb.com,nan,7.0,1,"(224.2535858154297, 195.1622314453125, 454.8963317871094, 499.1020812988281)",0.06685
Q001269,ID000159,Jake Gyllenhaal,Fake,Jake Gyllenhaal viral deepfake,1,Jake Gyllenhaal as John Dalton in Road House (Deepfake),https://i.ytimg.com/vi/MIZJzENofaE/maxresdefault.jpg,https://www.youtube.com/watch?v=MIZJzENofaE,www.youtube.com,nan,3.0,1,"(589.1737060546875, 51.24297332763672, 901.9443359375, 477.41021728515625)",0.14463
Q001273,ID000160,James Caan,Real,James Caan,2,"James Caan, Oscar nominee for 'The Godfather,' dies at 82 – Winnipeg Free  Press",https://www.winnipegfreepress.com/wp-content/uploads/sites/2/2022/07/17451767.jpg?w=1000,https://www.winnipegfreepress.com/arts-and-life/entertainment/2022/07/07/james-caan-oscar-nominee-for-the-godfather-dies-at-82,www.winnipegfreepress.com,tier2,nan,1,"(344.7349853515625, 200.8477325439453, 723.4244995117188, 721.1041870117188)",0.16432
Q001280,ID000160,James Caan,Fake,James Caan Midjourney,28,Will generative AI transform how we make movies? : r/midjourney,https://preview.redd.it/will-generative-ai-transform-how-we-make-movies-v0-6bd2ii0gzvhe1.png?width=963&format=png&auto=webp&s=033cda0ef3e1f6dcea0ebf93044e14f8405dde32,https://www.reddit.com/r/midjourney/comments/1ikj85g/will_generative_ai_transform_how_we_make_movies/,www.reddit.com,nan,5.0,1,"(118.34306335449219, 97.75125885009766, 278.9727478027344, 307.3310546875)",0.06414
Q001280,ID000160,James Caan,Fake,James Caan Midjourney,29,Will generative AI transform how we make movies? : r/midjourney,https://preview.redd.it/will-generative-ai-transform-how-we-make-movies-v0-62xy2y1ozwhe1.png?width=1080&format=png&auto=webp&s=287a2d1e8f1231d1a606af822234590a8d9913d5,https://www.reddit.com/r/midjourney/comments/1ikj85g/will_generative_ai_transform_how_we_make_movies/,www.reddit.com,nan,5.0,1,"(386.8543395996094, 144.8963623046875, 576.7899169921875, 372.3705749511719)",0.06164
Q001281,ID000161,Jamie Lee Curtis,Real,Jamie Lee Curtis,1,Jamie Lee Curtis - IMDb,https://m.media-amazon.com/images/M/MV5BMjI0MTI0MDk2OV5BMl5BanBnXkFtZTgwODQ4MTE0NDE@._V1_.jpg,https://www.imdb.com/name/nm0000130/,www.imdb.com,tier2,nan,1,"(242.37945556640625, 96.60399627685547, 371.19866943359375, 273.13555908203125)",0.05376
Q001281,ID000161,Jamie Lee Curtis,Real,Jamie Lee Curtis,2,"Jamie Lee Curtis | Movies, The Bear, Halloween, & Facts | Britannica",https://cdn.britannica.com/72/238172-050-05FB9A3C/American-actress-Jamie-Lee-Curtis-2021.jpg,https://www.britannica.com/biography/Jamie-Lee-Curtis,www.britannica.com,tier2,nan,1,"(381.84423828125, 219.31948852539062, 847.201171875, 834.2821655273438)",0.14389
Q001282,ID000161,Jamie Lee Curtis,Fake,Jamie Lee Curtis AI generated,8,Young Jamie Lee Curtis | Stable Diffusion Online,https://imgcdn.stablediffusionweb.com/2024/4/8/614195bb-54bd-4cad-a4c9-84bf8ea4fc0c.jpg,https://stablediffusionweb.com/image/4908486-young-jamie-lee-curtis,stablediffusionweb.com,nan,7.0,1,"(192.43682861328125, 157.8826446533203, 548.8358154296875, 649.5855712890625)",0.16712
Q001283,ID000161,Jamie Lee Curtis,Fake,Jamie Lee Curtis deepfake,21,Jamie Lee Curtis Forces Meta to Remove Deepfake Ad,https://assets.bitdegree.org/images/jamie-lee-curtis-forces-meta-to-remove-deepfake-ad-featured-image.jpg?tr=w-500,https://www.bitdegree.org/crypto/news/jamie-lee-curtis-forces-meta-to-remove-deepfake-ad,www.bitdegree.org,nan,7.0,1,"(215.02735900878906, 45.7928352355957, 308.4806823730469, 171.33447265625)",0.0835
Q001284,ID000161,Jamie Lee Curtis,Fake,Jamie Lee Curtis AI image,15,Jamie Lee Curtis' Youthful Years | Stable Diffusion Online,https://imgcdn.stablediffusionweb.com/2024/5/14/2a250bc1-a9d3-429e-b7bc-945c8bbe2353.jpg,https://stablediffusionweb.com/image/7262096-jamie-lee-curtis-youthful-years,stablediffusionweb.com,nan,7.0,1,"(309.5360412597656, 181.4192657470703, 632.4075927734375, 590.72021484375)",0.12603
Q001285,ID000161,Jamie Lee Curtis,Fake,Jamie Lee Curtis viral deepfake,34,Jamie Lee Curtis Forces Meta to Remove Deepfake Ad,https://assets.bitdegree.org/images/jamie-lee-curtis-forces-meta-to-remove-deepfake-ad-featured-image.jpg,https://www.bitdegree.org/crypto/news/jamie-lee-curtis-forces-meta-to-remove-deepfake-ad,www.bitdegree.org,nan,7.0,1,"(441.2467346191406, 93.02458953857422, 632.101318359375, 347.3340148925781)",0.08229
Q001289,ID000162,Jason Biggs,Real,Jason Biggs,2,Jason Biggs - IMDb,https://m.media-amazon.com/images/M/MV5BMjAzMTM0NzkwM15BMl5BanBnXkFtZTcwMDQwMjU0NA@@._V1_.jpg,https://www.imdb.com/name/nm0004755/,www.imdb.com,tier2,nan,1,"(442.17205810546875, 338.7063903808594, 1010.6215209960938, 1159.375244140625)",0.14569
Q001291,ID000162,Jason Biggs,Fake,Jason Biggs deepfake,26,Take It Down Act: What to do if someone posts revenge porn or a deepfake of  you,https://media.nbcnewyork.com/2025/05/takeitdown.jpg?quality=85&strip=all&resize=850%2C478,https://www.nbcnewyork.com/video/news/local/crime-and-courts/take-it-down-act-explainer-for-victims/6276753/,www.nbcnewyork.com,nan,3.0,1,"(140.40255737304688, 61.15111541748047, 273.5863952636719, 245.8172149658203)",0.06053
Q001296,ID000162,Jason Biggs,Fake,Jason Biggs Midjourney,26,Blend Mode Activated: Name theses celebrity mashups : r/midjourney,https://preview.redd.it/blend-mode-activated-name-theses-celebrity-mashups-v0-a8kk7s7dwdxd1.jpg?width=640&crop=smart&auto=webp&s=35567cbab12e15219a09eb6e8c82ae27d7357de9,https://www.reddit.com/r/midjourney/comments/1gdof33/blend_mode_activated_name_theses_celebrity_mashups/,www.reddit.com,nan,5.0,1,"(136.599853515625, 249.74951171875, 470.2528991699219, 711.8969116210938)",0.22433
Q001296,ID000162,Jason Biggs,Fake,Jason Biggs Midjourney,27,Blend Mode Activated: Name theses celebrity mashups : r/midjourney,https://preview.redd.it/blend-mode-activated-name-theses-celebrity-mashups-v0-0idj1r7dwdxd1.jpg?width=640&crop=smart&auto=webp&s=54b14e6b369cacdf2131d251565cc27fb27228e5,https://www.reddit.com/r/midjourney/comments/1gdof33/blend_mode_activated_name_theses_celebrity_mashups/,www.reddit.com,nan,5.0,1,"(120.12133026123047, 229.03692626953125, 501.5489501953125, 740.2999877929688)",0.28371
Q001297,ID000163,Jason Clarke,Real,Jason Clarke,1,Jason Clarke - IMDb,https://m.media-amazon.com/images/M/MV5BNzU5ODU0MzY1MV5BMl5BanBnXkFtZTcwMTY2MDE4OA@@._V1_FMjpg_UX1000_.jpg,https://www.imdb.com/name/nm0164809/,www.imdb.com,tier2,nan,1,"(265.82672119140625, 232.98379516601562, 725.2064208984375, 841.3307495117188)",0.17972
Q001297,ID000163,Jason Clarke,Real,Jason Clarke,2,Jason Clarke's Body Could Use a Break,https://www.hollywoodreporter.com/wp-content/uploads/2025/10/176597_1214_V1-H-2025.jpg?w=1296&h=730&crop=1,https://www.hollywoodreporter.com/tv/tv-features/jason-clarke-feature-alex-murdaugh-the-last-frontier-1236398100/,www.hollywoodreporter.com,tier2,nan,1,"(491.9674987792969, 135.60989379882812, 774.825927734375, 505.3107604980469)",0.11053
Q001297,ID000163,Jason Clarke,Real,Jason Clarke,3,Jason Clarke Movies & TV Shows List | Rotten Tomatoes | Rotten Tomatoes,https://resizing.flixster.com/zfV35ciAri93beo0MpAmrzRY5tQ=/fit-in/352x330/v2/https://resizing.flixster.com/-XZAfHZM39UwaGJIFWKAE8fS0ak=/v3/t/assets/GNLZZGG002BLMCE.jpg,https://www.rottentomatoes.com/celebrity/jason_clarke,www.rottentomatoes.com,tier2,nan,1,"(67.50121307373047, 55.130027770996094, 178.61724853515625, 193.73831176757812)",0.18819
Q001304,ID000163,Jason Clarke,Fake,Jason Clarke Midjourney,45,When Game of Thrones Meets Pixar : r/midjourney,https://preview.redd.it/when-game-of-thrones-meets-pixar-v0-5e9n5vzaaqcb1.png?width=448&format=png&auto=webp&s=e843fe4593814aa7550298c63c1e69dcea8f3f7d,https://www.reddit.com/r/midjourney/comments/152z17r/when_game_of_thrones_meets_pixar/,www.reddit.com,nan,5.0,1,"(143.2731170654297, 121.10366821289062, 328.0287170410156, 339.15478515625)",0.11255
Q001304,ID000163,Jason Clarke,Fake,Jason Clarke Midjourney,46,Modernized Disney Characters : r/midjourney,https://preview.redd.it/modernized-disney-characters-v0-088e3thdmt9b1.png?width=640&crop=smart&auto=webp&s=93eda23e84be0260a7a2b20fbf3ad4fc1196fd40,https://www.reddit.com/r/midjourney/comments/14pwbk2/modernized_disney_characters/,www.reddit.com,nan,5.0,1,"(256.6493225097656, 128.55067443847656, 403.0555419921875, 330.6557312011719)",0.07224
Q001305,ID000164,Jason Statham,Real,Jason Statham,1,Jason Statham - Wikipedia,https://upload.wikimedia.org/wikipedia/commons/d/d3/Jason_Statham_2018.jpg,https://en.wikipedia.org/wiki/Jason_Statham,en.wikipedia.org,tier2,nan,1,"(248.14947509765625, 111.85284423828125, 481.14202880859375, 442.3977355957031)",0.12225
Q001308,ID000164,Jason Statham,Fake,Jason Statham AI image,19,Special Agent Portrait in Hyperdetailed Style - AI Art,"https://images.nightcafe.studio/ik-seo/jobs/ZClq8EL7cOW91TIZ3fwo/ZClq8EL7cOW91TIZ3fwo--1--o779o_6x/jason-statham-type-character-with-special-agent-gear.jpg?tr=w-1600,c-at_max",https://creator.nightcafe.studio/creation/ZClq8EL7cOW91TIZ3fwo,creator.nightcafe.studio,nan,8.0,1,"(538.19189453125, 344.9331359863281, 1124.56640625, 1152.9818115234375)",0.18509
Q001313,ID000165,Jean Dujardin,Real,Jean Dujardin,1,Jean Dujardin - Wikipedia,https://upload.wikimedia.org/wikipedia/commons/9/96/Christophe_Lambert_et_Jean_Dujardin_%28Cropped%29.jpg,https://en.wikipedia.org/wiki/Jean_Dujardin,en.wikipedia.org,tier2,nan,1,"(101.4183349609375, 100.0521240234375, 348.54766845703125, 453.0116882324219)",0.29436
Q001321,ID000166,Jean-Claude Van Damme,Real,Jean-Claude Van Damme,1,Jean-Claude Van Damme - IMDb,https://m.media-amazon.com/images/M/MV5BMTA2OTE1Njg4NjVeQTJeQWpwZ15BbWU3MDAyNjU4MDM@._V1_.jpg,https://www.imdb.com/name/nm0000241/,www.imdb.com,tier2,nan,1,"(439.2775573730469, 418.781982421875, 1212.7314453125, 1462.07568359375)",0.23679
Q001321,ID000166,Jean-Claude Van Damme,Real,Jean-Claude Van Damme,2,"Jean-Claude Van Damme on Darkness of Man, Retirement, Action Stars",https://www.hollywoodreporter.com/wp-content/uploads/2022/11/Jean-Claude-Van-Damme-7766-16x9crop.jpg?w=1296&h=730&crop=1,https://www.hollywoodreporter.com/movies/movie-features/jean-claude-van-damme-interview-darkness-of-man-1235253293/,www.hollywoodreporter.com,tier2,nan,1,"(517.144287109375, 120.41984558105469, 799.072509765625, 487.188720703125)",0.1093
Q001321,ID000166,Jean-Claude Van Damme,Real,Jean-Claude Van Damme,3,Jean-Claude Van Damme - Wikipedia,https://upload.wikimedia.org/wikipedia/commons/thumb/c/c6/Jean-Claude_Van_Damme_at_Brussels_Comic_Con_2023_DSC19480_Kiri_DxO.jpg/1280px-Jean-Claude_Van_Damme_at_Brussels_Comic_Con_2023_DSC19480_Kiri_DxO.jpg,https://en.wikipedia.org/wiki/Jean-Claude_Van_Damme,en.wikipedia.org,tier2,nan,1,"(552.1481323242188, 350.13616943359375, 892.310791015625, 765.6082763671875)",0.07859
Q001322,ID000166,Jean-Claude Van Damme,Fake,Jean-Claude Van Damme AI generated,14,Jean Claude Van Damme with a Gun | Stable Diffusion Online,https://imgcdn.stablediffusionweb.com/2024/11/27/84b6dc22-b4da-44f5-a8da-1cef9f2a9cd7.jpg,https://stablediffusionweb.com/image/23861676-jean-claude-van-damme-with-a-gun,stablediffusionweb.com,nan,7.0,1,"(372.6328125, 161.1559295654297, 656.0472412109375, 540.6964721679688)",0.10258
Q001329,ID000167,Jeff Bridges,Real,Jeff Bridges,2,Jeff Bridges - IMDb,https://m.media-amazon.com/images/M/MV5BN2FkZjQ1ZmQtNjM1Zi00ZjBkLTkyYjktMjYwMDM1NmVkYThmXkEyXkFqcGc@._V1_.jpg,https://www.imdb.com/name/nm0000313/,www.imdb.com,tier2,nan,1,"(365.4755859375, 76.75196838378906, 507.9898986816406, 261.77911376953125)",0.0412
Q001329,ID000167,Jeff Bridges,Real,Jeff Bridges,4,Back Stories | My Exclusive 2011 Interview With Jeff Bridges - Tinnitist,https://tinnitist.com/wp-content/uploads/2019/01/Jeff_Bridges_by_Gage_Skidmore.jpg,https://tinnitist.com/2019/01/07/back-pages-my-exclusive-2011-interview-with-jeff-bridges/,tinnitist.com,tier2,nan,1,"(317.982421875, 353.7668762207031, 1055.9371337890625, 1352.7674560546875)",0.24063
Q001331,ID000167,Jeff Bridges,Fake,Jeff Bridges deepfake,10,TRON: LEGACY De-Aging VFX Improved with Deepfake Tech — GeekTyrant,https://images.squarespace-cdn.com/content/v1/51b3dc8ee4b051b96ceb10de/1606681994131-Y4767QJZVZ6YCJZIN70Y/tron-legacy-de-aging-vfx-improved-with-deepfake-tech-social.jpg,https://geektyrant.com/news/tron-legacy-de-aging-vfx-improved-with-deepfake-tech,geektyrant.com,nan,7.0,1,"(677.1008911132812, 89.53520202636719, 970.6729736328125, 453.6578369140625)",0.05155
Q001332,ID000167,Jeff Bridges,Fake,Jeff Bridges AI image,9,Gruff Jeff Bridges in Bowling Alley | Stable Diffusion Online,https://imgcdn.stablediffusionweb.com/2024/3/17/a0cbdbba-40f0-4bf9-9703-c0d14b60b229.jpg,https://stablediffusionweb.com/image/3271574-gruff-jeff-bridges-in-bowling-alley,stablediffusionweb.com,nan,7.0,1,"(451.17724609375, 193.11488342285156, 667.1105346679688, 479.3895263671875)",0.05895
Q001333,ID000167,Jeff Bridges,Fake,Jeff Bridges viral deepfake,39,The beginning of my very amateur attempt at using Deepfake to improve the  de aging tech on Jeff Bridges in Tron Legacy.,https://external-preview.redd.it/the-beginning-of-my-very-amateur-attempt-at-using-deepfake-v0-bMNolqwtoQUulPk_XHXXmzXK8huhTUex5dvU5b8SgTk.png?format=pjpg&auto=webp&s=dc423121e0e67b72757632264fb0f036052d1cf6,https://www.reddit.com/r/tron/comments/zyj7tm/the_beginning_of_my_very_amateur_attempt_at_using/,www.reddit.com,nan,5.0,1,"(352.6654357910156, 239.4634246826172, 509.030517578125, 430.76153564453125)",0.04328
Q001337,ID000168,Jenna-Ortega,Real,Jenna-Ortega,1,Jenna Ortega - Wikipedia,https://upload.wikimedia.org/wikipedia/commons/thumb/4/42/Jenna_Ortega-63799_%28cropped%29.jpg/960px-Jenna_Ortega-63799_%28cropped%29.jpg,https://en.wikipedia.org/wiki/Jenna_Ortega,en.wikipedia.org,tier2,nan,1,"(303.52337646484375, 222.08242797851562, 666.9293823242188, 705.0838012695312)",0.14284
Q001337,ID000168,Jenna-Ortega,Real,Jenna-Ortega,2,Jenna Ortega - Golden Globes,https://goldenglobes.com/wp-content/uploads/2023/10/Television_22733_200_Wednesday_JennaOrtega_WednesdayAddams_Headshot_2c335c.jpg,https://goldenglobes.com/person/jenna-ortega/,goldenglobes.com,tier2,nan,1,"(194.45458984375, 148.28526306152344, 355.0257568359375, 359.9137268066406)",0.09062
Q001337,ID000168,Jenna-Ortega,Real,Jenna-Ortega,3,Jenna Ortega — The Movie Database (TMDB),https://image.tmdb.org/t/p/w500/cV4x7jNmsGLdKZn5I6xVF3Ltnmg.jpg,https://www.themoviedb.org/person/974169-jenna-ortega,www.themoviedb.org,tier2,nan,1,"(162.85574340820312, 142.91160583496094, 407.2922668457031, 479.61029052734375)",0.21947
Q001338,ID000168,Jenna-Ortega,Fake,Jenna-Ortega AI generated,43,Jenna Ortega as a baby - AI Image of Baby Likeness of Jenna ...,https://creator.nightcafe.studio/jobs/ibrSzHfDadd52Jjn69Py/ibrSzHfDadd52Jjn69Py--1--e5qqv.jpg,https://creator.nightcafe.studio/creation/ibrSzHfDadd52Jjn69Py,creator.nightcafe.studio,nan,8.0,1,"(316.2204895019531, 26.221023559570312, 522.28076171875, 293.2599792480469)",0.2239
Q000225,ID000029,Antonio-Guterres,Real,Antonio-Guterres,1,António Guterres - Wikipedia,https://upload.wikimedia.org/wikipedia/commons/1/15/U.N._Secretary_General_Antonio_Guterres_%283x4_cropped_b%29.jpg,https://en.wikipedia.org/wiki/Ant%C3%B3nio_Guterres,en.wikipedia.org,tier2,nan,1,"(320.6513671875, 177.19467163085938, 588.2809448242188, 539.8082275390625)",0.0783
Q001338,ID000168,Jenna-Ortega,Fake,Jenna-Ortega AI generated,1,Deepfake app ads on Instagram undressed 16-year-old Jenna Ortega,https://media-cldnry.s-nbcnews.com/image/upload/rockcms/2024-03/240305-deepfake-jenna-ortega-cs-9a3e81.jpg,https://www.nbcnews.com/tech/internet/deepfake-jenna-ortega-fake-nude-image-meta-ig-instagram-facebook-rcna141023,www.nbcnews.com,nan,7.0,1,"(384.597412109375, 254.58343505859375, 667.8562622070312, 632.2711181640625)",0.04667
Q001339,ID000168,Jenna-Ortega,Fake,Jenna-Ortega deepfake,32,Celebrity Deepfake Porn Cases Will Be Investigated by Meta Oversight Board  | WIRED,https://media.wired.com/photos/661db3518e099153c397b98d/3:2/w_2560%2Cc_limit/politics_meta_board_deepfake_porn_celebrity.jpg,https://www.wired.com/story/meta-oversight-board-deepfake-porn-facebook-instagram/,www.wired.com,nan,7.0,1,"(520.123779296875, 69.3886947631836, 835.905029296875, 500.2193908691406)",0.12038
Q001341,ID000168,Jenna-Ortega,Fake,Jenna-Ortega viral deepfake,13,Celebrity Deepfake Porn Cases Will Be Investigated by Meta Oversight Board  | WIRED,"https://media.wired.com/photos/661db3518e099153c397b98d/1:1/w_1030,h_1030,c_limit/politics_meta_board_deepfake_porn_celebrity.jpg",https://www.wired.com/story/meta-oversight-board-deepfake-porn-facebook-instagram/,www.wired.com,nan,7.0,1,"(382.6334228515625, 84.4565200805664, 705.107177734375, 500.5195007324219)",0.12647
Q001345,ID000169,Jennie,Real,Jennie,1,Jennie - Wikidata,https://upload.wikimedia.org/wikipedia/commons/thumb/7/78/Jennie_2026_GDA_1.jpg/250px-Jennie_2026_GDA_1.jpg?utm_source=www.wikidata.org&utm_campaign=index&utm_content=thumbnail,https://www.wikidata.org/wiki/Q26262599,www.wikidata.org,tier2,nan,1,"(94.5933837890625, 54.004215240478516, 178.57080078125, 169.4238739013672)",0.11077
Q001345,ID000169,Jennie,Real,Jennie,2,Jennie (singer) - Wikipedia,https://upload.wikimedia.org/wikipedia/commons/thumb/1/11/Jennie_at_the_Sprite_Waterbomb_Festival_2018_%281%29.jpg/250px-Jennie_at_the_Sprite_Waterbomb_Festival_2018_%281%29.jpg,https://en.wikipedia.org/wiki/Jennie_(singer),en.wikipedia.org,tier2,nan,1,"(87.9085693359375, 37.19719314575195, 160.3814697265625, 128.8839569091797)",0.07749
Q001345,ID000169,Jennie,Real,Jennie,3,Jennie (제니) - MyDramaList,https://i.mydramalist.com/LwQ5Ny_5f.jpg,https://mydramalist.com/people/16338-jennie,mydramalist.com,tier2,nan,1,"(189.26632690429688, 248.97203063964844, 531.0338745117188, 762.0480346679688)",0.29979
Q001347,ID000169,Jennie,Fake,Jennie deepfake,26,Deepfake app ads on Instagram undressed 16-year-old Jenna Ortega,"https://media-cldnry.s-nbcnews.com/image/upload/t_fit-760w,f_auto,q_auto:best/rockcms/2024-03/240305-deepfake-jenna-ortega-cs-9a3e81.jpg",https://www.nbcnews.com/tech/internet/deepfake-jenna-ortega-fake-nude-image-meta-ig-instagram-facebook-rcna141023,www.nbcnews.com,nan,7.0,1,"(244.69667053222656, 166.83624267578125, 441.568115234375, 419.3868408203125)",0.05044
Q001348,ID000169,Jennie,Fake,Jennie AI image,22,Jennie from BLACKPINK - AI Image,https://cdn.gencraft.com/prod/user/709f54d0-d6f4-49b7-8c32-e1a23a4ca843/8dfa7d43-b964-418e-bd50-b44fced41630/image/image1_0.jpg?Expires=1791051001&Signature=QFcMs26Wo75cYvCpsX8ulFg5OuhymLra-rrlGPVnOMlSb5B~gF4kOns-KmJ1xUXFILGNCwnxNFS0I81zOveeImlwOSUrQfEKDLLGP6PgO-8KWdbFqt6rgPAADy-EDeA4K8O2iHO4TWg~FgIHJQhDJbTNYPpn6O92GDc87~wUd0LdjitRP5HZKQAcW2v2lLp3gkRPq8~jQGdyXOoSyHjprEHxotq0HraH0FQ~XEdpyD21NK5jeaTnbsBoHY0R5f1vAH3vzhZLdIbmN1BPFEr7SnjZZCJuW3YQsvXNd9J3TeefRHDxVNSV8Qs-SsNuAqzaLCTPEAHXvMJNyluU7hRkCw__&Key-Pair-Id=K3RDDB1TZ8BHT8,https://gencraft.com/p/IP9H53,gencraft.com,nan,3.0,1,"(374.2104187011719, 148.90090942382812, 638.98486328125, 480.4564208984375)",0.08372
Q001353,ID000170,Jennifer Aniston,Real,Jennifer Aniston,1,Jennifer Aniston - Wikipedia,https://upload.wikimedia.org/wikipedia/commons/1/16/JenniferAnistonHWoFFeb2012.jpg,https://en.wikipedia.org/wiki/Jennifer_Aniston,en.wikipedia.org,tier2,nan,1,"(285.4586181640625, 128.6854248046875, 594.9805908203125, 557.8839111328125)",0.24607
Q001353,ID000170,Jennifer Aniston,Real,Jennifer Aniston,2,Jennifer Aniston - IMDb,https://m.media-amazon.com/images/M/MV5BNjk1MjIxNjUxNF5BMl5BanBnXkFtZTcwODk2NzM4Mg@@._V1_FMjpg_UX1000_.jpg,https://www.imdb.com/name/nm0000098/,www.imdb.com,tier2,nan,1,"(280.27618408203125, 247.98507690429688, 671.2317504882812, 809.0684814453125)",0.15297
Q001353,ID000170,Jennifer Aniston,Real,Jennifer Aniston,3,Jennifer Aniston - IMDb,https://m.media-amazon.com/images/M/MV5BYzhlOGIyZjUtYWFkOS00NmQ4LTk0NmYtZTA0NGY0OWE2YTE4XkEyXkFqcGc@._V1_.jpg,https://www.imdb.com/name/nm0000098/,www.imdb.com,tier2,nan,1,"(2479.35693359375, 462.008544921875, 3183.275390625, 1485.4263916015625)",0.03002
Q001355,ID000170,Jennifer Aniston,Fake,Jennifer Aniston deepfake,4,Jennifer Aniston' deepfake suckers in victims across world including Paul  Davis - and there's 'Brad Pitt' too | PerthNow,https://images.perthnow.com.au/publication/C-19222407/beb4090688ed99c9bb294f5eff65196169cc4c91.jpg?imwidth=668&impolicy=pn_v3,https://www.perthnow.com.au/news/jennifer-aniston-deepfake-suckers-in-victims-across-world-including-paul-davis-and-theres-brad-pitt-too-c-19222407,www.perthnow.com.au,nan,5.0,1,"(81.78008270263672, 535.59619140625, 305.1866149902344, 822.354248046875)",0.06914
Q001361,ID000171,Jennifer Connelly,Real,Jennifer Connelly,1,Jennifer Connelly - Wikipedia,https://upload.wikimedia.org/wikipedia/commons/thumb/6/6d/Jennifer_Connelly_2019_2.png/250px-Jennifer_Connelly_2019_2.png,https://en.wikipedia.org/wiki/Jennifer_Connelly,en.wikipedia.org,tier2,nan,1,"(101.9180908203125, 33.18461227416992, 164.60104370117188, 119.94305419921875)",0.06009
Q001361,ID000171,Jennifer Connelly,Real,Jennifer Connelly,2,Jennifer Connelly — The Movie Database (TMDB),https://image.tmdb.org/t/p/w500/wdmcJagSRJ65AuJ4IUCzuHAdvgy.jpg,https://www.themoviedb.org/person/6161-jennifer-connelly,www.themoviedb.org,tier2,nan,1,"(93.98655700683594, 184.51136779785156, 395.10308837890625, 585.1641235351562)",0.32172
Q001362,ID000171,Jennifer Connelly,Fake,Jennifer Connelly AI generated,17,Jennifer Connelly | Stable Diffusion Online,https://imgcdn.stablediffusionweb.com/2024/11/6/7838afe3-cf5f-4c84-8783-aed5e3880b1c.jpg,https://stablediffusionweb.com/image/22022318-jennifer-connelly,stablediffusionweb.com,nan,7.0,1,"(175.85655212402344, 161.91983032226562, 640.1640625, 789.8792724609375)",0.27806
Q001362,ID000171,Jennifer Connelly,Fake,Jennifer Connelly AI generated,23,Jennifer Connelly Hot | Stable Diffusion Online,https://imgcdn.stablediffusionweb.com/2025/1/4/3f8fd8b5-4f42-4144-b2df-b79b8e624238.jpg,https://stablediffusionweb.com/image/27337463-jennifer-connelly-hot,stablediffusionweb.com,nan,7.0,1,"(245.90557861328125, 103.44851684570312, 424.24481201171875, 351.8706970214844)",0.0447
Q001362,ID000171,Jennifer Connelly,Fake,Jennifer Connelly AI generated,5,Jennifer Connelly,https://creator.nightcafe.studio/jobs/Mk1Pokkac8YFojTQOWVo/Mk1Pokkac8YFojTQOWVo--1--721pb_2x.jpg,https://creator.nightcafe.studio/creation/Mk1Pokkac8YFojTQOWVo,creator.nightcafe.studio,nan,5.0,1,"(337.1304626464844, 316.4493408203125, 739.5595092773438, 879.2769165039062)",0.25601
Q001364,ID000171,Jennifer Connelly,Fake,Jennifer Connelly AI image,17,Young Jennifer Connelly as Xena's Torso | Stable Diffusion Online,https://imgcdn.stablediffusionweb.com/2024/4/9/c22de47f-7110-4fae-a2c0-d775b45fbef2.jpg,https://stablediffusionweb.com/image/4973706-young-jennifer-connelly-as-xena-s-torso,stablediffusionweb.com,nan,7.0,1,"(313.9616394042969, 302.2752685546875, 585.338134765625, 643.3444213867188)",0.09149
Q001369,ID000172,Jennifer Garner,Real,Jennifer Garner,2,Jennifer Garner - IMDb,https://m.media-amazon.com/images/M/MV5BNTA4MDgzMTc1Nl5BMl5BanBnXkFtZTcwNjQyMjIwNQ@@._V1_.jpg,https://www.imdb.com/name/nm0004950/,www.imdb.com,tier2,nan,1,"(444.6595764160156, 418.15521240234375, 1129.39453125, 1353.8060302734375)",0.19938
Q001369,ID000172,Jennifer Garner,Real,Jennifer Garner,3,Everything You Need to Know About Jennifer Garner - PureWow,https://assets.purewow.com/wp-content/uploads/2024/11/jennifer-garner-hub-hero.jpg,https://www.purewow.com/entertainment/jennifer-garner,www.purewow.com,tier2,nan,1,"(811.3820190429688, 105.39507293701172, 1187.14453125, 644.4191284179688)",0.08982
Q001370,ID000172,Jennifer Garner,Fake,Jennifer Garner AI generated,6,Jennifer Garner Realistic Photo | Stable Diffusion Online,https://imgcdn.stablediffusionweb.com/2024/10/31/63321f8b-62b1-490c-8a71-94f86394f115.jpg,https://stablediffusionweb.com/image/21468199-jennifer-garner-realistic-photo,stablediffusionweb.com,nan,7.0,1,"(353.4152526855469, 152.52346801757812, 687.2526245117188, 648.4853515625)",0.1579
Q001373,ID000172,Jennifer Garner,Fake,Jennifer Garner viral deepfake,49,Deepfake Porn Victim Breeze Liu Is Fighting Back with App,https://people.com/thmb/fhrWuGIISMTYCrejXw4jLeccOnw=/1500x0/filters:no_upscale():max_bytes(150000):strip_icc():focal(810x298:812x300)/Breeze-Liu-051524-6a2c779aaaeb4a30b3bca9221238380c.jpg,https://people.com/breeze-liu-fighting-back-against-ai-deepfake-porn-8649589,people.com,nan,5.0,1,"(603.2362060546875, 119.71151733398438, 995.6580810546875, 663.203857421875)",0.14219
Q001377,ID000173,Jennifer Lopez,Real,Jennifer Lopez,2,Jennifer Lopez - IMDb,https://m.media-amazon.com/images/M/MV5BMTY0OTY3ODA3OV5BMl5BanBnXkFtZTcwMzMyMzQ1NQ@@._V1_FMjpg_UX1000_.jpg,https://www.imdb.com/name/nm0000182/,www.imdb.com,tier2,nan,1,"(266.953369140625, 199.85008239746094, 717.0983276367188, 806.0249633789062)",0.23936
Q001378,ID000173,Jennifer Lopez,Fake,Jennifer Lopez AI generated,31,Realistic Image of Jennifer Lopez | Stable Diffusion Online,https://imgcdn.stablediffusionweb.com/2024/4/30/35528dcd-a8dc-4c14-8412-013165e71802.jpg,https://stablediffusionweb.com/image/6440308-realistic-image-of-jennifer-lopez,stablediffusionweb.com,nan,7.0,1,"(292.60125732421875, 128.3443603515625, 582.6099243164062, 530.7249755859375)",0.11129
Q001379,ID000173,Jennifer Lopez,Fake,Jennifer Lopez deepfake,24,Scam alert: deepfake videos are on the rise - Which?,https://media.product.which.co.uk/prod/images/gallery_mobile_image_x2/062883d185d5-jennifer-lopez-ad-1.png,https://www.which.co.uk/news/article/scam-alert-deepfake-videos-are-on-the-rise-aIlx30B9keja,www.which.co.uk,nan,5.0,1,"(231.61782836914062, 322.4306945800781, 363.1129455566406, 505.2315368652344)",0.05705
Q001380,ID000173,Jennifer Lopez,Fake,Jennifer Lopez AI image,44,Jennifer Lopez as Anime Key Visual Portrait - AI Art,https://creator.nightcafe.studio/jobs/1ab38457z53haFS4nwN2/1ab38457z53haFS4nwN2--1--btnx8.jpg,https://creator.nightcafe.studio/creation/1ab38457z53haFS4nwN2,creator.nightcafe.studio,nan,8.0,1,"(386.1415710449219, 177.89183044433594, 728.7862548828125, 650.81591796875)",0.15454
Q001385,ID000174,Jessica Alba,Real,Jessica Alba,1,Jessica Alba - Wikipedia,https://upload.wikimedia.org/wikipedia/commons/8/81/Jessica_Alba_-_Los_Angeles_Comic_Con_2025.jpg,https://en.wikipedia.org/wiki/Jessica_Alba,en.wikipedia.org,tier2,nan,1,"(574.736328125, 277.272216796875, 1065.8057861328125, 891.8497314453125)",0.09431
Q001385,ID000174,Jessica Alba,Real,Jessica Alba,2,Jessica Alba Movies & TV Shows List | Rotten Tomatoes | Rotten Tomatoes,https://resizing.flixster.com/WYRY6pQV_i-J74tcCgVFXjP4H_g=/fit-in/705x460/v2/https://resizing.flixster.com/-XZAfHZM39UwaGJIFWKAE8fS0ak=/v3/t/assets/165531_v9_bc.jpg,https://www.rottentomatoes.com/celebrity/jessica_alba,www.rottentomatoes.com,tier2,nan,1,"(109.00653839111328, 55.800899505615234, 231.77500915527344, 225.807861328125)",0.13152
Q001385,ID000174,Jessica Alba,Real,Jessica Alba,3,"Jessica Alba is an icon of inspiration, a true role model helping  accelerate action",https://s3-us-west-2.amazonaws.com/internationalwomensday/upload/12345-64068.jpg,https://www.internationalwomensday.com/Missions/21435/Jessica-Alba-is-an-icon-of-inspiration-a-true-role-model-helping-accelerate-action,www.internationalwomensday.com,tier2,nan,1,"(153.4366912841797, 155.7671661376953, 616.710693359375, 807.7592163085938)",0.12861
Q001386,ID000174,Jessica Alba,Fake,Jessica Alba AI generated,2,Jessica Alba as Pocahontas: Hyper-Realistic Digita... - AI Art,https://creator.nightcafe.studio/jobs/GL6x40lCZF7VQzWaf7Of/GL6x40lCZF7VQzWaf7Of--0--rejmb.jpg,https://creator.nightcafe.studio/creation/GL6x40lCZF7VQzWaf7Of/create-realistic-full-length-photo-of-jessica-alba-dressed-as-pocahontas-the-legendary-young-native-,creator.nightcafe.studio,nan,8.0,1,"(358.9901123046875, 196.27369689941406, 677.6538696289062, 612.0828247070312)",0.12636
Q001386,ID000174,Jessica Alba,Fake,Jessica Alba AI generated,6,Jessica Alba as Pocahontas: A Breathtaking Photogr... - AI Art,https://creator.nightcafe.studio/jobs/AJCmE2sBWBjqhwtXO92u/AJCmE2sBWBjqhwtXO92u--fvv24.jpg,https://creator.nightcafe.studio/creation/AJCmE2sBWBjqhwtXO92u/create-realistic-full-length-photo-of-jessica-alba-dressed-as-pocahontas-the-legendary-young-native-,creator.nightcafe.studio,nan,8.0,1,"(425.01171875, 108.62388610839844, 669.473876953125, 443.171630859375)",0.078
Q001387,ID000174,Jessica Alba,Fake,Jessica Alba deepfake,5,"Reddit bans hi-tech 'deepfake' pornography, that face-swaps celebrities  into hard-core sex scenes | South China Morning Post",https://cdn.i-scmp.com/sites/default/files/styles/1020x680/public/images/methode/2018/02/09/d0a9b3de-0d3d-11e8-a09e-8861893b1b1a_1280x720_102827.jpg?itok=27g_MT6B,https://www.scmp.com/news/world/article/2132651/reddit-bans-hi-tech-deepfake-pornography-face-swaps-celebrities-hard-core,www.scmp.com,nan,5.0,1,"(441.3528137207031, -9.722625732421875, 620.5313720703125, 241.6303253173828)",0.06493
Q001389,ID000174,Jessica Alba,Fake,Jessica Alba viral deepfake,7,China issues new rules to clamp down on deepfake technologies used to  create and broadcast fake news | South China Morning Post,https://cdn.i-scmp.com/sites/default/files/styles/1020x680/public/d8/images/methode/2019/11/30/9bdb8950-128d-11ea-82cd-148dc44829b8_image_hires_020717.JPG?itok=4y6n9yLf&v=1575050841,https://www.scmp.com/tech/apps-social/article/3039978/china-issues-new-rules-clamp-down-deepfake-technologies-used,www.scmp.com,nan,5.0,1,"(529.6987915039062, -23.572837829589844, 715.7684936523438, 244.68875122070312)",0.07197
Q001393,ID000175,Jessica Biel,Real,Jessica Biel,1,Jessica Biel - IMDb,https://m.media-amazon.com/images/M/MV5BMTQyNjgzODI5OV5BMl5BanBnXkFtZTcwMjI5MTQ1Mw@@._V1_.jpg,https://www.imdb.com/name/nm0004754/,www.imdb.com,tier2,nan,1,"(80.76748657226562, 72.15767669677734, 178.59788513183594, 208.57513427734375)",0.12089
Q001393,ID000175,Jessica Biel,Real,Jessica Biel,3,"Jessica Biel - Age, Family & Movies","https://hips.hearstapps.com/hmg-prod/images/gettyimages-1035119724.jpg?crop=1xw:1.0xh;center,top&resize=640:*",https://www.biography.com/actors/jessica-biel,www.biography.com,tier2,nan,1,"(247.75526428222656, 77.15501403808594, 413.0657653808594, 310.1153869628906)",0.09402
Q001394,ID000175,Jessica Biel,Fake,Jessica Biel AI generated,17,Rainy Gotham Cheerful Jessica Biel | Stable Diffusion Online,https://imgcdn.stablediffusionweb.com/2024/12/18/10d3722a-147a-4509-b3fd-71ba2004f85c.jpg,https://stablediffusionweb.com/image/25778715-rainy-gotham-cheerful-jessica-biel,stablediffusionweb.com,nan,7.0,1,"(377.6646728515625, 100.50100708007812, 566.2772216796875, 386.1583557128906)",0.05138
Q001394,ID000175,Jessica Biel,Fake,Jessica Biel AI generated,19,Cheerful Jessica Biel Weightlifting | Stable Diffusion Online,https://imgcdn.stablediffusionweb.com/2024/12/18/1e52d957-756a-4a8a-980d-237e197e9c72.jpg,https://stablediffusionweb.com/image/25780049-cheerful-jessica-biel-weightlifting,stablediffusionweb.com,nan,7.0,1,"(326.3082580566406, 142.2565155029297, 516.8029174804688, 398.084716796875)",0.04721
Q001394,ID000175,Jessica Biel,Fake,Jessica Biel AI generated,21,Cheerful Jessica Biel in Gotham Weather | Stable Diffusion Online,https://imgcdn.stablediffusionweb.com/2024/12/18/84512c8b-138a-46a3-91e8-7f2e3fdc033b.jpg,https://stablediffusionweb.com/image/25779479-cheerful-jessica-biel-in-gotham-weather,stablediffusionweb.com,nan,7.0,1,"(409.890869140625, 95.84989929199219, 564.57958984375, 323.7480163574219)",0.03362
Q001395,ID000175,Jessica Biel,Fake,Jessica Biel deepfake,4,Jessica Biel Faceset,https://www.deepfakevfx.com/wp-content/uploads/celebrity-facesets/6065/faceset-sample-6065.jpg,https://www.deepfakevfx.com/celebrity-facesets/jessica-biel-6065/,www.deepfakevfx.com,nan,4.0,1,"(118.18536376953125, 48.30963134765625, 385.1114501953125, 429.3005065917969)",0.38794
Q001395,ID000175,Jessica Biel,Fake,Jessica Biel deepfake,48,Jessica Biel Faceset,https://www.deepfakevfx.com/wp-content/uploads/celebrity-facesets/6141/faceset-sample-6141-300x300.jpg,https://www.deepfakevfx.com/celebrity-facesets/jessica-biel-6065/,www.deepfakevfx.com,nan,4.0,1,"(90.5366439819336, 112.5514907836914, 204.04104614257812, 268.4623107910156)",0.19663
Q001395,ID000175,Jessica Biel,Fake,Jessica Biel deepfake,6,Jessica Biel deepfake - YouTube,https://i.ytimg.com/vi/tfKFyzeomc4/hq720.jpg?sqp=-oaymwE7CK4FEIIDSFryq4qpAy0IARUAAAAAGAElAADIQj0AgKJD8AEB-AH-CYAC0AWKAgwIABABGGUgXShVMA8=&rs=AOn4CLAUAUbiADm7NsImlOrIunsXUSyedw,https://www.youtube.com/watch?v=tfKFyzeomc4,www.youtube.com,nan,3.0,1,"(398.29833984375, 15.610453605651855, 495.7769775390625, 156.626953125)",0.05191
Q001396,ID000175,Jessica Biel,Fake,Jessica Biel AI image,11,Jessica Biel in Wild Brown Leather Outfit | Stable Diffusion Online,https://imgcdn.stablediffusionweb.com/2024/5/10/18e58143-c9bd-4473-b5a5-37a1695a8bff.jpg,https://stablediffusionweb.com/image/7059100-jessica-biel-in-wild-brown-leather-outfit,stablediffusionweb.com,nan,7.0,1,"(414.5886535644531, 141.11001586914062, 705.1666259765625, 545.9910278320312)",0.1122
Q001396,ID000175,Jessica Biel,Fake,Jessica Biel AI image,12,Jessica Biel in a Cheery Workout Pose | Stable Diffusion Online,https://imgcdn.stablediffusionweb.com/2024/12/18/112dec2d-6e2f-4650-a273-d417543644c1.jpg,https://stablediffusionweb.com/image/25779753-jessica-biel-in-a-cheery-workout-pose,stablediffusionweb.com,nan,7.0,1,"(311.3818664550781, 126.3460922241211, 472.96258544921875, 356.33905029296875)",0.036
Q001397,ID000175,Jessica Biel,Fake,Jessica Biel viral deepfake,44,Scarlett Johansson calls for deepfake ban after AI video goes viral :  r/technology,https://external-preview.redd.it/scarlett-johansson-calls-for-deepfake-ban-after-ai-video-v0-lt6cfCoSt1CWqJwtjePAtAz135HWW6NiTKzIf1UayEU.jpeg?width=1080&crop=smart&auto=webp&s=f4d0c10a50b662b03fb19c214269beb2e03bf356,https://www.reddit.com/r/technology/comments/1inxxuc/scarlett_johansson_calls_for_deepfake_ban_after/,www.reddit.com,nan,7.0,1,"(463.9119567871094, 28.636188507080078, 651.8519287109375, 295.0269775390625)",0.08263
Q001397,ID000175,Jessica Biel,Fake,Jessica Biel viral deepfake,21,"Creators may find it amusing, consequences are saddening': Himanshi Khurana  on deepfake videos - IMDb",https://m.media-amazon.com/images/M/MV5BZjljZmY3M2UtOGIwMC00NWJlLThjMTQtYjgyZTQyNDJhN2IzXkEyXkFqcGc@._V1_.jpg,https://www.imdb.com/news/ni64347374/,www.imdb.com,nan,3.0,1,"(516.7596435546875, 9.65771484375, 766.7967529296875, 361.9165344238281)",0.10874
Q001401,ID000176,Jet Li,Real,Jet Li,1,Jet Li - Wikipedia,https://upload.wikimedia.org/wikipedia/commons/thumb/4/41/Jet_Li_2009_%28cropped%29.jpg/960px-Jet_Li_2009_%28cropped%29.jpg,https://en.wikipedia.org/wiki/Jet_Li,en.wikipedia.org,tier2,nan,1,"(140.82952880859375, 173.35488891601562, 730.8385620117188, 987.2103271484375)",0.37328
Q001401,ID000176,Jet Li,Real,Jet Li,2,Jet Li (Creator) - TV Tropes,https://mediaproxy.tvtropes.org/width/1200/https://static.tvtropes.org/pmwiki/pub/images/5bb3bf30dffef4c55e99c8b9e64c5df0_jet_li_1.png,https://tvtropes.org/pmwiki/pmwiki.php/Creator/JetLi,tvtropes.org,tier2,nan,1,"(533.1400146484375, 154.45123291015625, 819.7528686523438, 551.9912109375)",0.05968
Q001402,ID000176,Jet Li,Fake,Jet Li AI generated,10,Fist of Legend: Jet Li in Black Safari Suit | Stable Diffusion Online,https://imgcdn.stablediffusionweb.com/2025/2/3/1fddb782-c907-4ed9-9dd8-4b5b11416625.jpg,https://stablediffusionweb.com/image/30481747-fist-of-legend-jet-li-in-black-safari-suit,stablediffusionweb.com,nan,7.0,1,"(266.9686279296875, 147.87460327148438, 519.2386474609375, 492.0284118652344)",0.0828
Q001408,ID000176,Jet Li,Fake,Jet Li Midjourney,2,Dragon Ball Z - The (90s) Movie : r/midjourney,https://preview.redd.it/dragon-ball-z-the-90s-movie-v0-k7hqge9by5ab1.png?width=640&crop=smart&auto=webp&s=b3a42d2a019076dbaea0fd9dee726ee9d04f0c89,https://www.reddit.com/r/midjourney/comments/14re644/dragon_ball_z_the_90s_movie/,www.reddit.com,nan,5.0,1,"(283.9699401855469, 58.385746002197266, 390.0781555175781, 192.31036376953125)",0.06202
Q001409,ID000177,Jim Carrey,Real,Jim Carrey,1,Jim Carrey - Wikipedia,https://upload.wikimedia.org/wikipedia/commons/thumb/8/8d/Jim_Carrey_2020_%28cropped2%29.jpg/250px-Jim_Carrey_2020_%28cropped2%29.jpg,https://en.wikipedia.org/wiki/Jim_Carrey,en.wikipedia.org,tier2,nan,1,"(79.62577056884766, 44.58269500732422, 170.91671752929688, 173.50096130371094)",0.14137
Q001409,ID000177,Jim Carrey,Real,Jim Carrey,2,"Jim Carrey | Grinch, Movies, A Christmas Carol, The Mask, Sonic, & Facts |  Britannica",https://cdn.britannica.com/84/200584-050-7EC3F3F6/Jim-Carrey-2012.jpg,https://www.britannica.com/biography/Jim-Carrey,www.britannica.com,tier2,nan,1,"(283.637451171875, 310.04833984375, 804.097412109375, 1020.8209838867188)",0.21548
Q001410,ID000177,Jim Carrey,Fake,Jim Carrey AI generated,40,Jim Carrey as the Mask! - Jim Carrey as The Mask in Comic Bo...,https://creator.nightcafe.studio/jobs/yyF9Moe3B0FdlSJ5hQTc/yyF9Moe3B0FdlSJ5hQTc--1--o7mpw.jpg,https://creator.nightcafe.studio/creation/yyF9Moe3B0FdlSJ5hQTc,creator.nightcafe.studio,nan,5.0,1,"(466.448486328125, 160.5297393798828, 805.5827026367188, 620.0836181640625)",0.15099
Q001411,ID000177,Jim Carrey,Fake,Jim Carrey deepfake,8,Joker Deepfake Video Replaces Joaquin Phoenix With Jim Carrey,https://static0.srcdn.com/wordpress/wp-content/uploads/2020/11/Jim-Carrey-As-Joker-Deepfake.jpg,https://screenrant.com/joker-movie-jim-carrey-deepfake-trailer-video/,screenrant.com,nan,7.0,1,"(495.0992736816406, 57.168460845947266, 828.0785522460938, 505.8182373046875)",0.15244
Q001412,ID000177,Jim Carrey,Fake,Jim Carrey AI image,8,"Jim Carrey in 4D Aurora, Hyperdetailed Digital Art - AI Art",https://creator.nightcafe.studio/jobs/hUg4NQzgiRnXtfh82y6r/hUg4NQzgiRnXtfh82y6r--1--J4Q6T.jpg,https://creator.nightcafe.studio/creation/hUg4NQzgiRnXtfh82y6r,creator.nightcafe.studio,nan,8.0,1,"(126.73532104492188, 88.06446838378906, 382.0806884765625, 444.17474365234375)",0.34687
Q001417,ID000178,Jim Parsons,Real,Jim Parsons,1,Jim Parsons - Wikipedia,https://upload.wikimedia.org/wikipedia/commons/thumb/9/99/JimParsons-byPhilipRomano.jpg/960px-JimParsons-byPhilipRomano.jpg,https://en.wikipedia.org/wiki/Jim_Parsons,en.wikipedia.org,tier2,nan,1,"(268.15380859375, 238.61964416503906, 688.7192993164062, 805.8737182617188)",0.17222
Q001417,ID000178,Jim Parsons,Real,Jim Parsons,2,Jim Parsons - IMDb,https://m.media-amazon.com/images/M/MV5BMTg1MTkxODgzMF5BMl5BanBnXkFtZTgwMjExMjgyNzM@._V1_FMjpg_UX1000_.jpg,https://www.imdb.com/name/nm1433588/,www.imdb.com,tier2,nan,1,"(294.6280517578125, 239.167236328125, 632.8897705078125, 683.9072875976562)",0.10029
Q001417,ID000178,Jim Parsons,Real,Jim Parsons,4,Jim Parsons - Wikipedia,https://upload.wikimedia.org/wikipedia/commons/thumb/7/7a/Jim_Parsons_at_PaleyFest_2013.jpg/250px-Jim_Parsons_at_PaleyFest_2013.jpg,https://en.wikipedia.org/wiki/Jim_Parsons,en.wikipedia.org,tier2,nan,1,"(84.0273208618164, 70.43111419677734, 181.67330932617188, 204.6382598876953)",0.13978
Q001418,ID000178,Jim Parsons,Fake,Jim Parsons AI generated,1,"Zombie Sheldon Cooper (Jim Parsons) from ""The Big ... - AI Art",https://creator.nightcafe.studio/jobs/V6qSxYkbtXFuUF9VVVjk/V6qSxYkbtXFuUF9VVVjk--1--ul0n6.jpg,https://creator.nightcafe.studio/creation/V6qSxYkbtXFuUF9VVVjk,creator.nightcafe.studio,nan,8.0,1,"(207.29824829101562, 45.61240768432617, 403.5169677734375, 319.9087219238281)",0.20531
Q001418,ID000178,Jim Parsons,Fake,Jim Parsons AI generated,2,Fantasy Portrait of Jim Parsons | Stable Diffusion Online,https://imgcdn.stablediffusionweb.com/2024/9/20/539d403f-0abe-4fd3-9a3a-a975e5e8e266.jpg,https://stablediffusionweb.com/image/17584553-fantasy-portrait-of-jim-parsons,stablediffusionweb.com,nan,7.0,1,"(231.37335205078125, 227.13795471191406, 466.034423828125, 538.3106689453125)",0.07074
Q001420,ID000178,Jim Parsons,Fake,Jim Parsons AI image,4,Jim Parsons Elf Warrior | Stable Diffusion Online,https://imgcdn.stablediffusionweb.com/2024/12/6/35543abd-4e7a-4597-bbb3-3da79478a1ec.jpg,https://stablediffusionweb.com/image/24652723-jim-parsons-elf-warrior,stablediffusionweb.com,nan,7.0,1,"(324.63812255859375, 162.4563446044922, 737.3744506835938, 726.7623901367188)",0.22212
Q001425,ID000179,Jim Sturgess,Real,Jim Sturgess,1,Jim Sturgess - Wikipedia,https://upload.wikimedia.org/wikipedia/commons/thumb/1/1f/Jim_Sturgess_%288122044956%29.jpg/250px-Jim_Sturgess_%288122044956%29.jpg,https://en.wikipedia.org/wiki/Jim_Sturgess,en.wikipedia.org,tier2,nan,1,"(84.33245086669922, 91.2281723022461, 206.12118530273438, 256.8952941894531)",0.24236
Q001425,ID000179,Jim Sturgess,Real,Jim Sturgess,3,Jim Sturgess interview: 'There are people you hope never make a comeback' |  The Independent,https://static.independent.co.uk/2021/06/10/10/shutterstock_editorial_10217225ay%20copy.jpg,https://www.independent.co.uk/arts-entertainment/tv/features/jim-sturgess-interview-home-before-dark-b1863206.html,www.independent.co.uk,tier2,nan,1,"(710.9501342773438, 331.1431884765625, 1371.1805419921875, 1310.6282958984375)",0.20558
Q001428,ID000179,Jim Sturgess,Fake,Jim Sturgess AI image,32,Dramatic Black and White Film Noir Still of Jim Sturgess Art - Playground,https://images.playgroundai.com/53c924f7-ebfc-4a0d-9ea8-c6777cd5f9c1.jpeg?c=1,https://playgroundai.com/design/template/dramatic-black-and-white-film-noir-still-of-jim-sturgess-art-cm04bds3s03u5u0mbfexzy8fk,playgroundai.com,nan,5.0,1,"(295.2543640136719, 186.89523315429688, 707.5157470703125, 740.603515625)",0.2177
Q001433,ID000180,Joaquin Phoenix,Real,Joaquin Phoenix,2,Joaquin Phoenix - Wikipedia,https://upload.wikimedia.org/wikipedia/commons/thumb/d/d6/Joaquin_Phoenix_at_Cannes_2000.jpg/250px-Joaquin_Phoenix_at_Cannes_2000.jpg,https://en.wikipedia.org/wiki/Joaquin_Phoenix,en.wikipedia.org,tier2,nan,1,"(42.538963317871094, 78.47949981689453, 185.379150390625, 263.2012023925781)",0.29564
Q001434,ID000180,Joaquin Phoenix,Fake,Joaquin Phoenix AI generated,18,Joaquin Phoenix as Joker | Stable Diffusion Online,https://imgcdn.stablediffusionweb.com/2024/9/6/fb4a0ae6-4b8f-43a4-aa39-45f219bb7b7f.jpg,https://stablediffusionweb.com/image/16040949-joaquin-phoenix-as-joker,stablediffusionweb.com,nan,7.0,1,"(377.2607727050781, 109.83702087402344, 538.9121704101562, 321.6844482421875)",0.03266
Q001435,ID000180,Joaquin Phoenix,Fake,Joaquin Phoenix deepfake,1,Joker Deepfake Video Replaces Joaquin Phoenix With Jim Carrey,https://static0.srcdn.com/wordpress/wp-content/uploads/2020/11/Jim-Carrey-As-Joker-Deepfake.jpg?w=1200&h=675&fit=crop,https://screenrant.com/joker-movie-jim-carrey-deepfake-trailer-video/,screenrant.com,nan,7.0,1,"(410.5360412597656, 60.89912796020508, 735.0828857421875, 487.4063720703125)",0.17089
Q001436,ID000180,Joaquin Phoenix,Fake,Joaquin Phoenix AI image,10,Joaquin Phoenix as Joker | Stable Diffusion Online,https://imgcdn.stablediffusionweb.com/2024/10/2/7c88fec2-9af0-4b03-a5e3-1a8601be4717.jpg,https://stablediffusionweb.com/image/18856348-joaquin-phoenix-as-joker,stablediffusionweb.com,nan,7.0,1,"(290.55572509765625, 241.95278930664062, 678.6998291015625, 733.4638061523438)",0.18194
Q001437,ID000180,Joaquin Phoenix,Fake,Joaquin Phoenix viral deepfake,4,Jim Carrey Replaces Joaquin Phoenix as JOKER in New Deepfake Video —  GeekTyrant,http://static1.squarespace.com/static/51b3dc8ee4b051b96ceb10de/51ce6099e4b0d911b4489b79/5fb2b9bc434ba75ffa76dfcf/1605965406619/jim-carrey-replaces-joaquin-phoenix-as-joker-in-new-deepfake-video-social.jpg?format=1500w,https://geektyrant.com/news/jim-carrey-replaces-joaquin-phoenix-as-joker-in-new-deepfake-video,geektyrant.com,nan,7.0,1,"(807.4983520507812, 112.95658874511719, 1025.755126953125, 386.1229248046875)",0.04709
Q001437,ID000180,Joaquin Phoenix,Fake,Joaquin Phoenix viral deepfake,2,"Joker Deepfake Replaces Joaquin Phoenix With Jim Carrey, And I Can't Look  Away | Cinemablend",https://cdn.mos.cms.futurecdn.net/ByVHKNKpJ3agHr2TvpektC-1200-80.png,https://www.cinemablend.com/news/2558793/joker-deepfake-replaces-joaquin-phoenix-with-jim-carrey-and-i-cant-look-away,www.cinemablend.com,nan,5.0,1,"(460.3348388671875, 99.40670776367188, 757.802734375, 510.4814147949219)",0.16984
Q001441,ID000181,Jodie Foster,Real,Jodie Foster,2,Jodie Foster (Creator) - TV Tropes,https://mediaproxy.tvtropes.org/width/1200/https://static.tvtropes.org/pmwiki/pub/images/img_4621_6.jpeg,https://tvtropes.org/pmwiki/pmwiki.php/Creator/JodieFoster,tvtropes.org,tier2,nan,1,"(563.3449096679688, 106.04026794433594, 833.2692260742188, 453.2303771972656)",0.04884
Q001442,ID000181,Jodie Foster,Fake,Jodie Foster AI generated,17,Jodie Foster - Jodie Foster Portrait in Comic Book Art Style,"https://images.nightcafe.studio/ik-seo/jobs/H5BOYjWdZpfkqHVBF0TN/H5BOYjWdZpfkqHVBF0TN--1--2mlwv/jodie-foster.jpg?tr=w-1600,c-at_max",https://creator.nightcafe.studio/creation/ZTo1F89V7AykAQD8udTJ,creator.nightcafe.studio,nan,5.0,1,"(202.62066650390625, 85.49081420898438, 318.121826171875, 241.80026245117188)",0.06887
Q001443,ID000181,Jodie Foster,Fake,Jodie Foster deepfake,46,Jodie Foster in Hannibal [DeepFake] [Extended] : r/SFWdeepfakes,https://external-preview.redd.it/jodie-foster-in-hannibal-deepfake-extended-v0-xp-khL900VYKzaNRfvvlS4sqagOfHXBtNqgBi-gpkUw.jpg?format=pjpg&auto=webp&s=74f4db761ad3292f0d06767edf909f05b9d8cc39,https://www.reddit.com/r/SFWdeepfakes/comments/1dq7isd/jodie_foster_in_hannibal_deepfake_extended/,www.reddit.com,nan,7.0,1,"(640.7233276367188, 84.67442321777344, 913.375732421875, 438.96142578125)",0.10481
Q001444,ID000181,Jodie Foster,Fake,Jodie Foster AI image,2,Jodie Foster in Blue Noir with Gangster Hat | Stable Diffusion Online,https://imgcdn.stablediffusionweb.com/2024/3/17/4d727632-effd-445f-9cd9-2a470a6414e8.jpg,https://stablediffusionweb.com/image/3209411-jodie-foster-in-blue-noir-with-gangster-hat,stablediffusionweb.com,nan,7.0,1,"(428.76129150390625, 189.5889434814453, 606.0557861328125, 405.5758361816406)",0.03652
Q001444,ID000181,Jodie Foster,Fake,Jodie Foster AI image,31,Jodie Foster as Taxi Driver in NYC 🎦🎞️,https://creator.nightcafe.studio/jobs/GXwDFNoZcnk3oqsganlx/GXwDFNoZcnk3oqsganlx--1--41nt5.jpg,https://creator.nightcafe.studio/creation/GXwDFNoZcnk3oqsganlx,creator.nightcafe.studio,nan,5.0,1,"(496.3552551269531, 162.4798583984375, 739.61865234375, 476.2392578125)",0.07279
Q001444,ID000181,Jodie Foster,Fake,Jodie Foster AI image,49,Jodie Foster compares Brad Pitt's F1 to AI-generated storytelling,https://images.mid-day.com/images/images/2026/jul/joide-afp-july-1783304191412_d.png,https://www.mid-day.com/entertainment/hollywood-news/article/jodie-foster-says-f1-followed-an-ai-like-structure-despite-its-box-office-success-23638407,www.mid-day.com,nan,3.0,1,"(479.1783752441406, 170.7890625, 783.5480346679688, 569.43212890625)",0.13166
Q001445,ID000181,Jodie Foster,Fake,Jodie Foster viral deepfake,31,Scarlett Johansson Speaks Out Against AI-Generated Anti-Kanye West Video:  'The Potential for Hate Speech Multiplied by AI Is a Far Greater Threat' -  IMDb,"https://m.media-amazon.com/images/M/MV5BOWNkZjZlNTYtNDljOC00ODYxLWJkNDYtNDQyNTgyZjNjNTdjXkEyXkFqcGc@._V1_QL75_UX500_CR0,26,500,281_.jpg",https://www.imdb.com/es-es/news/ni65124032/,www.imdb.com,nan,3.0,1,"(192.87477111816406, 33.392913818359375, 347.2922058105469, 238.33050537109375)",0.22524
Q001449,ID000182,John Cusack,Real,John Cusack,2,John Cusack - IMDb,https://m.media-amazon.com/images/M/MV5BYjE2ZTJiZDAtODE4Yy00MmE5LWE3ZTYtNzIyMjM3NDY2MzYxXkEyXkFqcGc@._V1_.jpg,https://www.imdb.com/name/nm0000131/,www.imdb.com,tier2,nan,1,"(319.6558837890625, 255.52365112304688, 718.2687377929688, 839.2361450195312)",0.16158
Q001449,ID000182,John Cusack,Real,John Cusack,3,John Cusack makes rare comment about why he stopped making movies,https://ew.com/thmb/WTX0aIZgRMyqP6Hz4VdSzxQQr-Y=/1500x0/filters:no_upscale():max_bytes(150000):strip_icc()/john-cusack-072426-13ea37fe24ed4dd0a74624dc30c195b5.jpg,https://ew.com/john-cusack-makes-rare-comment-about-why-he-stopped-making-movies-12026875?srsltid=AfmBOop10h-R2dnMuNERKJJmJr-3yOGBV5wyAejbjDdGPgjp0H9Tj1LB,ew.com,tier2,nan,1,"(595.2116088867188, 114.9767074584961, 919.49853515625, 594.5496215820312)",0.10368
Q001452,ID000182,John Cusack,Fake,John Cusack AI image,30,"Vaporwave Lloyd Dobler from the 80's movie ""Say Anything"", played by John  Cusack","https://images.nightcafe.studio/ik-seo/jobs/8YVU4iDPuL9eqe84uHnC/8YVU4iDPuL9eqe84uHnC--1--ww3fz_7.8125x/vaporwave-lloyd-dobler-from-the-80s-movie-say-anything-played-by-john-cusack.jpg?tr=w-1600,c-at_max",https://creator.nightcafe.studio/creation/8YVU4iDPuL9eqe84uHnC,creator.nightcafe.studio,nan,5.0,1,"(522.8267822265625, 262.8102111816406, 810.577880859375, 639.0198364257812)",0.04229
Q001456,ID000182,John Cusack,Fake,John Cusack Midjourney,8,In Another Multiverse - 1980's Avengers : r/midjourney,https://preview.redd.it/in-another-multiverse-1980s-avengers-v0-5xv5d48cseab1.jpg?width=640&crop=smart&auto=webp&s=c40aa9261634d0ec1d12cb37b770a65e0853bd98,https://www.reddit.com/r/midjourney/comments/14slmwz/in_another_multiverse_1980s_avengers/,www.reddit.com,nan,5.0,1,"(247.3745880126953, 80.25191497802734, 375.0648498535156, 259.3553466796875)",0.05583
Q001456,ID000182,John Cusack,Fake,John Cusack Midjourney,9,Avengers in the 90s : r/midjourney,https://preview.redd.it/avengers-in-the-90s-v0-b0hb4ogo76pa1.jpg?width=640&crop=smart&auto=webp&s=843625e0a9376b754b0f600924ec83d1579ae232,https://www.reddit.com/r/midjourney/comments/11xxmue/avengers_in_the_90s/,www.reddit.com,nan,5.0,1,"(274.3857421875, 24.426483154296875, 350.66375732421875, 121.28730010986328)",0.03225
Q001456,ID000182,John Cusack,Fake,John Cusack Midjourney,12,Avengers in the 90s : r/midjourney,https://preview.redd.it/avengers-in-the-90s-v0-r35oypgo76pa1.jpg?width=640&crop=smart&auto=webp&s=7af47b8d12d95650627ffbec80bee4c69b56c69e,https://www.reddit.com/r/midjourney/comments/11xxmue/avengers_in_the_90s/,www.reddit.com,nan,5.0,1,"(351.2467956542969, 70.8555908203125, 446.47802734375, 197.6790313720703)",0.05271
Q001457,ID000183,John Leguizamo,Real,John Leguizamo,1,John Leguizamo - IMDb,https://m.media-amazon.com/images/M/MV5BNTEyMjMxNDg5NF5BMl5BanBnXkFtZTcwNzczOTY4MQ@@._V1_FMjpg_UX1000_.jpg,https://www.imdb.com/name/nm0000491/,www.imdb.com,tier2,nan,1,"(278.2808837890625, 220.75326538085938, 708.6824340820312, 828.7382202148438)",0.21257
Q001457,ID000183,John Leguizamo,Real,John Leguizamo,3,John Leguizamo Movies & TV Shows List | Rotten Tomatoes | Rotten Tomatoes,https://resizing.flixster.com/lm17-cYJHubshyHa9xAuHM1vFQ0=/fit-in/352x330/v2/https://resizing.flixster.com/-XZAfHZM39UwaGJIFWKAE8fS0ak=/v3/t/assets/33104_v9_bd.jpg,https://www.rottentomatoes.com/celebrity/john_leguizamo,www.rottentomatoes.com,tier2,nan,1,"(73.0573501586914, 56.84235382080078, 181.86009216308594, 202.6444854736328)",0.19384
Q001464,ID000183,John Leguizamo,Fake,John Leguizamo Midjourney,49,Something's wrong with MidJourney 5.2! I really tried making happy clowns…  🤡 : r/midjourney,https://i.redd.it/somethings-wrong-with-midjourney-5-2-i-really-tried-making-v0-m2vmrios9t7b1.jpg?width=1024&format=pjpg&auto=webp&s=2fa48a5aebb8900fbea077a71a3e601bdd33368b,https://www.reddit.com/r/midjourney/comments/14h5yjq/somethings_wrong_with_midjourney_52_i_really/,www.reddit.com,nan,7.0,1,"(400.24053955078125, 230.74046325683594, 601.3001098632812, 464.6304931640625)",0.04485
Q001464,ID000183,John Leguizamo,Fake,John Leguizamo Midjourney,15,lost Super Mario horror film : r/midjourney,https://preview.redd.it/lost-super-mario-horror-film-v0-56gd4mg4r8ta1.jpg?width=640&crop=smart&auto=webp&s=0761c111293856db50e8740099d3f65bdcf9a426,https://www.reddit.com/r/midjourney/comments/12igv40/lost_super_mario_horror_film/,www.reddit.com,nan,5.0,1,"(361.66876220703125, 29.318771362304688, 518.4484252929688, 215.85711669921875)",0.10727
Q001465,ID000184,John Malkovich,Real,John Malkovich,1,John Malkovich - IMDb,https://m.media-amazon.com/images/M/MV5BMTcwMDM5ODUwOF5BMl5BanBnXkFtZTYwMzEwOTI4._V1_FMjpg_UX1000_.jpg,https://www.imdb.com/name/nm0000518/,www.imdb.com,tier2,nan,1,"(203.1875, 185.81890869140625, 815.1011352539062, 1062.454833984375)",0.40638
Q001465,ID000184,John Malkovich,Real,John Malkovich,2,John Malkovich - Wikipedia,https://upload.wikimedia.org/wikipedia/commons/thumb/b/b1/John_Malkovich%2C1994_01.jpg/250px-John_Malkovich%2C1994_01.jpg,https://en.wikipedia.org/wiki/John_Malkovich,en.wikipedia.org,tier2,nan,1,"(100.01077270507812, 58.43008041381836, 160.7730255126953, 141.83668518066406)",0.04932
Q001467,ID000184,John Malkovich,Fake,John Malkovich deepfake,3,"Witness the Horrors of Deepfake by Watching an Impressionist Become John  Malkovich, Bryan Cranston and Robert De Niro │ Exclaim!",https://assets.exclaim.ca/image/upload/v1704045816/deepfake_sham00k.png,https://exclaim.ca/film/article/impressionist_uses_deepfake_tech_to_become_john_malkovich_bryan_cranston_robert_deniro_christopher_walken_and_more,exclaim.ca,nan,7.0,1,"(183.66749572753906, 31.231767654418945, 320.4873352050781, 219.4405517578125)",0.06969
Q001468,ID000184,John Malkovich,Fake,John Malkovich AI image,2,John Malkovich's 80s Victorian Likeness with a Smile | Stable Diffusion  Online,https://imgcdn.stablediffusionweb.com/2024/5/10/5a6a8179-ae4f-4f31-a060-44cafedbfe72.jpg,https://stablediffusionweb.com/image/7065489-john-malkovich-s-80s-victorian-likeness-with-a-smile,stablediffusionweb.com,nan,7.0,1,"(347.29669189453125, 221.9921875, 728.6870727539062, 703.970458984375)",0.17531
Q001471,ID000184,John Malkovich,Fake,John Malkovich Stable Diffusion,1,john malkovich Prompts | Stable Diffusion Online,https://imgcdn.stablediffusionweb.com/2024/5/10/cea5b335-cc4f-4922-92f4-5a8deec1ad41.jpg,https://stablediffusionweb.com/prompts/john-malkovich,stablediffusionweb.com,nan,7.0,1,"(256.9049072265625, 121.65750122070312, 746.1455078125, 804.6923828125)",0.31869
Q001473,ID000185,John Terry,Real,John Terry,1,John Terry - Wikipedia,https://upload.wikimedia.org/wikipedia/commons/c/c3/John_Terry_at_pro-am_Wentworth_golf_course_September_2023_%28cropped%29.jpg,https://en.wikipedia.org/wiki/John_Terry,en.wikipedia.org,tier2,nan,1,"(320.1121520996094, 239.12673950195312, 875.0315551757812, 1017.9635009765625)",0.23679
Q001473,ID000185,John Terry,Real,John Terry,4,John Terry - IMDb,https://m.media-amazon.com/images/M/MV5BMzFjOTEzMmUtMzUzOC00M2ZlLWEyNzEtNGRmNTlmOWVmOWRkXkEyXkFqcGc@._V1_.jpg,https://www.imdb.com/name/nm1635867/,www.imdb.com,tier2,nan,1,"(578.829345703125, 142.31756591796875, 795.4601440429688, 431.50762939453125)",0.06092
Q001474,ID000185,John Terry,Fake,John Terry AI generated,47,"Ellen Terry as Titania, Sargent-Style Portrait - AI Art","https://images.nightcafe.studio/ik-seo/jobs/lctjd9QmmphxqWnWNEEe/lctjd9QmmphxqWnWNEEe--1--a0zaq/style-of-john-singer-sargent-ellen-terry-dressed-as-titania.jpg?tr=w-1600,c-at_max",https://creator.nightcafe.studio/creation/lctjd9QmmphxqWnWNEEe,creator.nightcafe.studio,nan,8.0,1,"(335.5844421386719, 223.63662719726562, 639.3143920898438, 620.174560546875)",0.11486
Q001481,ID000186,John Travolta,Real,John Travolta,1,John Travolta - IMDb,https://m.media-amazon.com/images/M/MV5BNWUyNDZiMjItMjQzMy00YmQyLTliOTYtOGRkYzNhZTk5NDBiXkEyXkFqcGc@._V1_.jpg,https://www.imdb.com/name/nm0000237/,www.imdb.com,tier2,nan,1,"(536.208740234375, 258.1090087890625, 1305.5843505859375, 1260.2862548828125)",0.19683
Q001481,ID000186,John Travolta,Real,John Travolta,2,John Travolta - Wikipedia,https://upload.wikimedia.org/wikipedia/commons/thumb/2/2b/John_Travolta_1997.jpg/250px-John_Travolta_1997.jpg,https://en.wikipedia.org/wiki/John_Travolta,en.wikipedia.org,tier2,nan,1,"(70.3890151977539, 73.02313232421875, 177.05235290527344, 218.0098419189453)",0.17088
Q001481,ID000186,John Travolta,Real,John Travolta,3,"John Travolta - Movies, Age & Wife",https://hips.hearstapps.com/hmg-prod/images/gettyimages-498386018.jpg,https://www.biography.com/actors/john-travolta,www.biography.com,tier2,nan,1,"(187.41929626464844, 36.77165603637695, 324.6863708496094, 229.60260009765625)",0.10588
Q001482,ID000186,John Travolta,Fake,John Travolta AI generated,3,Hyperrealistic Portrait of John Travolta as in Gre... - AI Art,https://creator.nightcafe.studio/jobs/gBYyKQaTyQ0grr4tBv5l/gBYyKQaTyQ0grr4tBv5l--1--bll3e.jpg,https://creator.nightcafe.studio/creation/gBYyKQaTyQ0grr4tBv5l,creator.nightcafe.studio,nan,8.0,1,"(317.6323547363281, 255.00350952148438, 611.9144897460938, 669.7073364257812)",0.11639
Q001482,ID000186,John Travolta,Fake,John Travolta AI generated,9,AI generated art - #36 by notehorn - The Lounge - Elektronauts,https://eu5.dh-cdn.net/uploads/db8181/original/3X/1/d/1d1a22ce0add3dfca33b5f06eb1e5084a79c3a5f.jpeg,https://www.elektronauts.com/t/ai-generated-art/175830/36,www.elektronauts.com,nan,5.0,1,"(116.28526306152344, 110.85873413085938, 348.12994384765625, 423.8301696777344)",0.1588
Q001483,ID000186,John Travolta,Fake,John Travolta deepfake,14,John Travolta Deepfaked As Forrest Gump - borninspace,https://www.borninspace.com/wp-content/uploads/2020/06/john-travolta-forrest-gump-deepfake-1068x570.jpg,https://www.borninspace.com/john-travolta-deepfaked-as-forrest-gump/,www.borninspace.com,nan,7.0,1,"(465.018798828125, 49.8632698059082, 646.4412841796875, 299.6515197753906)",0.07444
Q001483,ID000186,John Travolta,Fake,John Travolta deepfake,2,John Travolta Is Forrest Gump in Reality-Altering DeepFake Video,https://static0.moviewebimages.com/wordpress/wp-content/uploads/article/uy3qTbH5DPDrHKVZWpwD8mwpBimDSp.jpg,https://movieweb.com/forrest-gump-john-travolta-deepfake-video/,movieweb.com,nan,5.0,1,"(720.7243041992188, 145.03143310546875, 1098.1983642578125, 670.5455322265625)",0.11525
Q001484,ID000186,John Travolta,Fake,John Travolta AI image,5,"Handsome Man, John Travolta-esque, World Transform... - AI Art","https://images.nightcafe.studio/ik-seo/jobs/gy4o0MWEyKXlDY6NmJ68/gy4o0MWEyKXlDY6NmJ68--1--ijb47/handsome-guy-john-travolta-phenomenon-ost-change-the-world.jpg?tr=w-1600,c-at_max",https://creator.nightcafe.studio/creation/gy4o0MWEyKXlDY6NmJ68,creator.nightcafe.studio,nan,8.0,1,"(209.32725524902344, 76.67150115966797, 291.93585205078125, 189.1629638671875)",0.03545
Q001484,ID000186,John Travolta,Fake,John Travolta AI image,7,Timeless Grease Icon John Travolta in Vintage Phot... - AI Art,"https://images.nightcafe.studio/ik-seo/jobs/7ZLJVQGA6OwD973OYMKb/7ZLJVQGA6OwD973OYMKb--0--dr4vr/1131-hertz-mystical-eternal-image-encoding-grease-movie-number-four-john-travolta-photo-reel-from-mo.jpg?tr=w-1600,c-at_max",https://creator.nightcafe.studio/creation/7ZLJVQGA6OwD973OYMKb/1131-hertz-mystical-eternal-image-encoding-grease-movie-number-four-john-travolta-photo-reel-from-mo,creator.nightcafe.studio,nan,8.0,1,"(401.505126953125, 189.34140014648438, 580.859619140625, 407.5060119628906)",0.03732
Q001489,ID000187,John Wayne,Real,John Wayne,1,"John Wayne | Biography, Movies, & Facts | Britannica",https://cdn.britannica.com/82/136182-050-6BB308B7/John-Wayne.jpg,https://www.britannica.com/biography/John-Wayne,www.britannica.com,tier2,nan,1,"(414.0567321777344, 505.11083984375, 914.7610473632812, 1128.1470947265625)",0.15736
Q001489,ID000187,John Wayne,Real,John Wayne,2,John Wayne - Wikipedia,https://upload.wikimedia.org/wikipedia/commons/7/7b/John_Wayne_-_still_portrait.jpg,https://en.wikipedia.org/wiki/John_Wayne,en.wikipedia.org,tier2,nan,1,"(176.50808715820312, 186.09812927246094, 580.2070922851562, 754.1847534179688)",0.33776
Q001489,ID000187,John Wayne,Real,John Wayne,3,Dress of Duke - John Wayne Enterprises,https://www.johnwayne.com/wp-content/uploads/2020/04/breck-coleman-e1686271779357.jpg,https://www.johnwayne.com/journal/duke/dress-of-duke/,www.johnwayne.com,tier2,nan,1,"(253.73599243164062, 102.85691833496094, 389.008056640625, 275.04229736328125)",0.04234
Q001490,ID000187,John Wayne,Fake,John Wayne AI generated,8,John Wayne Portrait: Wisdom and History in Sepia - AI Art,https://creator.nightcafe.studio/jobs/PMQfFKtX40ZxoLiVSrWd/PMQfFKtX40ZxoLiVSrWd--1--8facq.jpg,https://creator.nightcafe.studio/creation/PMQfFKtX40ZxoLiVSrWd,creator.nightcafe.studio,nan,8.0,1,"(308.62652587890625, 181.2704620361328, 776.6237182617188, 801.9393310546875)",0.27702
Q001491,ID000187,John Wayne,Fake,John Wayne deepfake,19,Robert Pattinson as Bruce Wayne (DeepFake) 🦇 : r/TheBatmanFilm,https://preview.redd.it/robert-pattinson-as-bruce-wayne-deepfake-v0-2ezmw3u868r71.jpg?width=640&crop=smart&auto=webp&s=b3be51413bac9c5e0962aefd468cc494f94ae591,https://www.reddit.com/r/TheBatmanFilm/comments/q0gd4j/robert_pattinson_as_bruce_wayne_deepfake/,www.reddit.com,nan,7.0,1,"(191.23036193847656, 104.12752532958984, 387.004638671875, 354.018310546875)",0.156
Q001491,ID000187,John Wayne,Fake,John Wayne deepfake,32,Robert Pattinson as Bruce Wayne (DeepFake) 🦇 : r/TheBatmanFilm,https://preview.redd.it/robert-pattinson-as-bruce-wayne-deepfake-v0-y32pnc0968r71.jpg?width=640&crop=smart&auto=webp&s=b2a002ca3a2297b0131f0e4a07cd37e918c32372,https://www.reddit.com/r/TheBatmanFilm/comments/q0gd4j/robert_pattinson_as_bruce_wayne_deepfake/,www.reddit.com,nan,7.0,1,"(254.09869384765625, 110.67596435546875, 438.8291320800781, 347.3392639160156)",0.12745
Q001492,ID000187,John Wayne,Fake,John Wayne AI image,5,John Wayne - Western Legend in an AI Portrait Throw Pillow by Retro Movie  Art - Retro Movie Art Official Website,https://images.pixels.com/images/artworkimages/medium/3/john-wayne-western-legend-in-an-ai-portrait-retro-movie-posters.jpg,https://retromovieart.pixels.com/featured/john-wayne-western-legend-in-an-ai-portrait-retro-movie-posters.html?product=throw-pillow,retromovieart.pixels.com,nan,7.0,1,"(173.7123260498047, 123.72827911376953, 410.449462890625, 443.4421081542969)",0.21024
Q001497,ID000188,Johnny Depp,Real,Johnny Depp,1,Johnny Depp - IMDb,https://m.media-amazon.com/images/M/MV5BZjA3NzZiZDktZjc2My00MzY2LThhOWMtZGFjYzg4ZDI2ZWVmXkEyXkFqcGc@._V1_FMjpg_UX1000_.jpg,https://www.imdb.com/name/nm0000136/,www.imdb.com,tier2,nan,1,"(296.3734436035156, 367.93804931640625, 688.029052734375, 829.0908203125)",0.12262
Q001497,ID000188,Johnny Depp,Real,Johnny Depp,2,Johnny Depp - Wikipedia,https://upload.wikimedia.org/wikipedia/commons/2/21/Johnny_Depp_2020.jpg,https://en.wikipedia.org/wiki/Johnny_Depp,en.wikipedia.org,tier2,nan,1,"(121.26567840576172, 123.8668212890625, 287.34136962890625, 322.6646423339844)",0.15007
Q001497,ID000188,Johnny Depp,Real,Johnny Depp,4,The fall of Johnny Depp: how the world's most beautiful movie star turned  very ugly | Johnny Depp | The Guardian,https://i.guim.co.uk/img/media/d6c54e67b75214846385420e0106979b118fa006/0_0_1606_2229/master/1606.jpg?width=445&dpr=1&s=none&crop=none,https://www.theguardian.com/film/2020/nov/03/the-fall-of-johnny-depp-how-the-worlds-most-beautiful-movie-star-turned-very-ugly,www.theguardian.com,tier2,nan,1,"(126.59400939941406, 142.318359375, 309.7844543457031, 400.454345703125)",0.17195
Q001500,ID000188,Johnny Depp,Fake,Johnny Depp AI image,35,Johnny Depp as Cyberpunk Character Portrait - AI Art,https://creator.nightcafe.studio/jobs/LXlHFJXB51XPWjpmRRb6/LXlHFJXB51XPWjpmRRb6--1--topul.jpg,https://creator.nightcafe.studio/creation/LXlHFJXB51XPWjpmRRb6,creator.nightcafe.studio,nan,8.0,1,"(348.3128662109375, 198.29159545898438, 574.8338012695312, 496.13641357421875)",0.06434
Q001505,ID000189,Johnny Knoxville,Real,Johnny Knoxville,1,Johnny Knoxville - Wikipedia,https://upload.wikimedia.org/wikipedia/commons/thumb/4/47/Johnny-Knoxville.jpg/960px-Johnny-Knoxville.jpg,https://en.wikipedia.org/wiki/Johnny_Knoxville,en.wikipedia.org,tier2,nan,1,"(121.27812194824219, 173.0111541748047, 556.5286254882812, 785.5360107421875)",0.21612
Q001505,ID000189,Johnny Knoxville,Real,Johnny Knoxville,2,Johnny Knoxville — The Movie Database (TMDB),https://image.tmdb.org/t/p/w500/7XDKsHsLC4uNYaGsuWG1tQXWRnu.jpg,https://www.themoviedb.org/person/9656-johnny-knoxville,www.themoviedb.org,tier2,nan,1,"(156.41932678222656, 167.74073791503906, 388.77459716796875, 486.87396240234375)",0.19774
Q001506,ID000189,Johnny Knoxville,Fake,Johnny Knoxville AI generated,1,Johnny Knoxville,https://creator.nightcafe.studio/jobs/ZYYpivtvARzSLTk8swft/ZYYpivtvARzSLTk8swft--1--3ca83.jpg,https://creator.nightcafe.studio/creation/ZYYpivtvARzSLTk8swft,creator.nightcafe.studio,nan,5.0,1,"(184.5551300048828, 41.4237060546875, 269.5617370605469, 147.77499389648438)",0.03503
Q001521,ID000191,Jonah Hill,Real,Jonah Hill,1,Jonah Hill - IMDb,https://m.media-amazon.com/images/M/MV5BMTUyNDU0NzAwNl5BMl5BanBnXkFtZTcwMzQxMzIzNw@@._V1_FMjpg_UX1000_.jpg,https://www.imdb.com/name/nm1706767/,www.imdb.com,tier2,nan,1,"(295.5189514160156, 113.85237884521484, 714.2369384765625, 658.7161865234375)",0.194
Q001521,ID000191,Jonah Hill,Real,Jonah Hill,2,Jonah Hill - Wikipedia,https://upload.wikimedia.org/wikipedia/commons/thumb/2/2e/Jonah_Hill_-_001.jpg/250px-Jonah_Hill_-_001.jpg,https://en.wikipedia.org/wiki/Jonah_Hill,en.wikipedia.org,tier2,nan,1,"(75.55896759033203, 78.85813903808594, 175.68801879882812, 201.41812133789062)",0.14741
Q001521,ID000191,Jonah Hill,Real,Jonah Hill,4,Jonah Hill: Was Outcome Inspired By His Life and Career?,https://www.hollywoodreporter.com/wp-content/uploads/2026/04/GettyImages-2270135702.jpg?crop=0px%2C107px%2C4995px%2C2798px&resize=2000%2C1126,https://www.hollywoodreporter.com/movies/movie-features/jonah-hill-outcome-life-career-1236561864/,www.hollywoodreporter.com,tier2,nan,1,"(684.85107421875, 262.4632873535156, 1170.609130859375, 886.8079833984375)",0.13467
Q001523,ID000191,Jonah Hill,Fake,Jonah Hill deepfake,14,"Keanu Reeves Says Deepfakes Are Scary, Confirms His Film Contracts Ban  Digital Edits to His Acting : r/movies",https://external-preview.redd.it/keanu-reeves-says-deepfakes-are-scary-confirms-his-film-v0-Y_3umbxZNKEJnnX-M9GLIWfsg32X0LWBDYijA9GEWEI.png?auto=webp&s=7366c2d557305be78cb849711d10a1a4847f2d7b,https://www.reddit.com/r/movies/comments/1130ocr/keanu_reeves_says_deepfakes_are_scary_confirms/,www.reddit.com,nan,7.0,1,"(384.3031005859375, 67.34367370605469, 593.2001953125, 380.5343322753906)",0.11621
Q001529,ID000192,Josh Brolin,Real,Josh Brolin,2,Josh Brolin - IMDb,https://m.media-amazon.com/images/M/MV5BMTQ1MzYyMjQ0Nl5BMl5BanBnXkFtZTcwMTA0ODkyMg@@._V1_FMjpg_UX1000_.jpg,https://www.imdb.com/name/nm0000982/,www.imdb.com,tier2,nan,1,"(202.14268493652344, 315.7986145019531, 753.5367431640625, 1088.3370361328125)",0.28323
Q001531,ID000192,Josh Brolin,Fake,Josh Brolin deepfake,33,The Running Man Addresses The Ongoing AI/Deepfake Controversy In The  Perfect Way,https://www.slashfilm.com/img/gallery/the-running-man-addresses-the-ongoing-aideepfake-controversy-in-the-perfect-way/l-intro-1762981667.jpg,https://www.slashfilm.com/2025098/the-running-man-ai-deepfake-controversy-ben-richards/,www.slashfilm.com,nan,7.0,1,"(672.76220703125, 114.76821899414062, 1131.2825927734375, 706.1461791992188)",0.18851
Q001531,ID000192,Josh Brolin,Fake,Josh Brolin deepfake,28,Schwarzenegger Plays 'No Country for Old Men' Villain in Deepfake Video,https://texashillcountry.com/wp-content/uploads/video.png,https://texashillcountry.com/schwarzenegger-villain-deepfake-video/,texashillcountry.com,nan,5.0,1,"(674.53759765625, 83.65875244140625, 816.66650390625, 269.34808349609375)",0.05495
Q001532,ID000192,Josh Brolin,Fake,Josh Brolin AI image,6,Anime Josh Brolin Muscular | Stable Diffusion Online,https://imgcdn.stablediffusionweb.com/2025/6/25/348e1fa5-eb48-44b1-a956-c806b17c62d1.jpg,https://stablediffusionweb.com/image/42240991-anime-josh-brolin-muscular,stablediffusionweb.com,nan,7.0,1,"(445.5077819824219, 106.97306823730469, 596.5291748046875, 321.3039855957031)",0.03087
Q001535,ID000192,Josh Brolin,Fake,Josh Brolin Stable Diffusion,1,"Arthur Morgan played by Josh Brolin, made with Stable Diffusion :  r/reddeadredemption2",https://preview.redd.it/arthur-morgan-played-by-josh-brolin-made-with-stable-v0-6d32r29e2vua1.jpg?width=640&crop=smart&auto=webp&s=1e03abab48dd193e65844ee7e6d56156b585aff2,https://www.reddit.com/r/reddeadredemption2/comments/12ryiu0/arthur_morgan_played_by_josh_brolin_made_with/,www.reddit.com,nan,3.0,1,"(162.07933044433594, 178.75112915039062, 398.2840881347656, 473.54486083984375)",0.17
Q001537,ID000193,Josh Hartnett,Real,Josh Hartnett,1,What Happened to Josh Hartnett? | AnotherMan,https://images.anothermanmag.com/640/azure/anotherman-prod/370/3/373724.jpg,https://www.anothermanmag.com/life-culture/10706/what-happened-to-josh-hartnett,www.anothermanmag.com,tier2,nan,1,"(252.15451049804688, 125.36213684082031, 419.4102478027344, 373.91253662109375)",0.06594
Q001538,ID000193,Josh Hartnett,Fake,Josh Hartnett AI generated,28,josh hartnett flying Prompts | Stable Diffusion Online,https://imgcdn.stablediffusionweb.com/2024/10/5/dd8757f8-1f45-4297-8290-2aef47147de1.jpg,https://stablediffusionweb.com/prompts/josh-hartnett-flying,stablediffusionweb.com,nan,7.0,1,"(253.50299072265625, 164.18873596191406, 530.928955078125, 535.8185424804688)",0.09988
Q001538,ID000193,Josh Hartnett,Fake,Josh Hartnett AI generated,38,josh hartnett Prompts | Stable Diffusion Online,https://imgcdn.stablediffusionweb.com/2024/10/10/7d3caebb-c3fd-40bd-8e44-8e1894c7f102.jpg,https://stablediffusionweb.com/prompts/josh-hartnett,stablediffusionweb.com,nan,7.0,1,"(330.3518371582031, 171.46449279785156, 629.8267211914062, 553.80322265625)",0.1092
Q001539,ID000193,Josh Hartnett,Fake,Josh Hartnett deepfake,21,Fall: Deepfake-style technology was used to remove F-bombs from thriller,https://www.joblo.com/wp-content/uploads/2022/08/fall-deepfake-featured.jpg,https://www.joblo.com/fall-deepfake-f-bombs/,www.joblo.com,nan,7.0,1,"(493.7205810546875, 36.8798713684082, 773.94384765625, 403.5430603027344)",0.13591
Q001543,ID000193,Josh Hartnett,Fake,Josh Hartnett Stable Diffusion,42,josh hartnett transforms into a car Prompts | Stable Diffusion Online,https://imgcdn.stablediffusionweb.com/2024/9/30/f5a804f1-e27f-4ffc-bda1-5e64907bfbed.jpg,https://stablediffusionweb.com/prompts/josh-hartnett-transforms-into-a-car,stablediffusionweb.com,nan,7.0,1,"(265.0305480957031, 451.218017578125, 507.30743408203125, 802.322021484375)",0.08408
Q001545,ID000194,Josh Hutcherson,Real,Josh Hutcherson,2,Josh Hutcherson — The Movie Database (TMDB),https://image.tmdb.org/t/p/w500/f0eosZ1Fx0VBUyspq8K2f8sUSBn.jpg,https://www.themoviedb.org/person/27972-josh-hutcherson,www.themoviedb.org,tier2,nan,1,"(127.1485366821289, 122.33431243896484, 386.1181945800781, 439.3448181152344)",0.21892
Q001545,ID000194,Josh Hutcherson,Real,Josh Hutcherson,3,Josh Hutcherson on The Hunger Games' Peeta: “I've Never Felt More Right for  a Character in My Whole Life” | Vanity Fair,https://media.vanityfair.com/photos/54cc00c11ca1cf0a23ad2de2/master/w_2560%2Cc_limit/image.jpg,https://www.vanityfair.com/news/2011/11/QA-Josh-Hutcherson-on-The-Hunger-Games-Peeta?srsltid=AfmBOooX1pm3NVYtDPnxLuUf58komT_hxviFVMZgsiWG3wMie5ZHaS5f,www.vanityfair.com,tier2,nan,1,"(803.84326171875, 149.2610626220703, 1032.8050537109375, 431.68408203125)",0.05737
Q001546,ID000194,Josh Hutcherson,Fake,Josh Hutcherson AI generated,2,Josh hutcherson with pinkie pie AI generated,https://i.pinimg.com/736x/74/c7/f3/74c7f31dc2675a88bb5865f0e14ee752.jpg,https://www.pinterest.com/pin/923871311060108764/,www.pinterest.com,nan,3.0,1,"(357.3138122558594, 263.7057800292969, 568.9013671875, 541.3428955078125)",0.10845
Q001546,ID000194,Josh Hutcherson,Fake,Josh Hutcherson AI generated,3,Ai images of Josh Hutcherson 🤭 (the last ones are mine) : r/JoshHutcherson,https://i.redd.it/ai-images-of-josh-hutcherson-the-last-ones-are-mine-v0-3bjlhff71l0c1.jpg?width=1284&format=pjpg&auto=webp&s=8b10226b61276b636111a3e18015a8ac77a44ffb,https://www.reddit.com/r/JoshHutcherson/comments/17w4se2/ai_images_of_josh_hutcherson_the_last_ones_are/,www.reddit.com,nan,3.0,1,"(475.03369140625, 128.15835571289062, 701.840087890625, 422.68475341796875)",0.04116
Q001547,ID000194,Josh Hutcherson,Fake,Josh Hutcherson deepfake,9,Ai images of Josh Hutcherson 🤭 (the last ones are mine) : r/JoshHutcherson,https://preview.redd.it/ai-images-of-josh-hutcherson-the-last-ones-are-mine-v0-3bjlhff71l0c1.jpg?width=640&crop=smart&auto=webp&s=7ed6a6e8893166b2d80dffaf38abbf789d9564f9,https://www.reddit.com/r/JoshHutcherson/comments/17w4se2/ai_images_of_josh_hutcherson_the_last_ones_are/,www.reddit.com,nan,3.0,1,"(236.7228546142578, 58.31385040283203, 357.2831115722656, 217.9541473388672)",0.04773
Q001553,ID000195,Josh-Inglis,Real,Josh-Inglis,1,Josh Inglis - Wikipedia,https://upload.wikimedia.org/wikipedia/commons/9/95/Josh_Inglis_The_Test_clip.png,https://en.wikipedia.org/wiki/Josh_Inglis,en.wikipedia.org,tier2,nan,1,"(93.45890808105469, 145.34036254882812, 271.58221435546875, 408.6007080078125)",0.18152
Q001553,ID000195,Josh-Inglis,Real,Josh-Inglis,2,"Josh Inglis Profile - Cricket Player Australia | Stats, Records, Video","https://img1.hscicdn.com/image/upload/f_auto,t_ds_square_w_320,q_50/lsci/db/PICTURES/CMS/324200/324232.2.png",https://www.cricinfo.com/cricketers/josh-inglis-662235,www.cricinfo.com,tier2,nan,1,"(88.41490936279297, 64.65840148925781, 238.27244567871094, 271.4562683105469)",0.30264
Q001562,ID000196,Julianne Moore,Fake,Julianne Moore AI generated,48,Futuristic Soldier Nun in Warhammer 40k Style - AI Art,"https://images.nightcafe.studio/ik-seo/jobs/Rykz5rhzpGb2mKVT1IiI/Rykz5rhzpGb2mKVT1IiI--1--gpydr/warhammer-40k-space-marine-futuristic-soldier-beautiful-young-woman-young-julianne-moore-white-skin-.jpg?tr=w-1600,c-at_max",https://creator.nightcafe.studio/creation/Rykz5rhzpGb2mKVT1IiI,creator.nightcafe.studio,nan,8.0,1,"(228.5687255859375, 293.10040283203125, 636.489013671875, 884.2560424804688)",0.23835
Q001567,ID000196,Julianne Moore,Fake,Julianne Moore Stable Diffusion,1,julianne moore Prompts | Stable Diffusion Online,https://imgcdn.stablediffusionweb.com/2025/8/4/9165cdbb-452a-41eb-b7ec-9ec01035fad0.jpg,https://stablediffusionweb.com/prompts/julianne-moore,stablediffusionweb.com,nan,7.0,1,"(318.6029052734375, 91.81635284423828, 520.470703125, 372.201171875)",0.05398
Q001567,ID000196,Julianne Moore,Fake,Julianne Moore Stable Diffusion,2,julianne moore Prompts | Stable Diffusion Online,https://imgcdn.stablediffusionweb.com/2025/8/16/a9212bf2-baab-4bea-8e37-cecb0ba284d0.jpg,https://stablediffusionweb.com/prompts/julianne-moore,stablediffusionweb.com,nan,7.0,1,"(216.23577880859375, 225.05792236328125, 622.1282348632812, 750.0638427734375)",0.20645
Q001567,ID000196,Julianne Moore,Fake,Julianne Moore Stable Diffusion,3,julianne moore flexing biceps Prompts | Stable Diffusion Online,https://imgcdn.stablediffusionweb.com/2024/12/16/3127c73f-55d0-4a11-b530-f40d7890dbf8.jpg,https://stablediffusionweb.com/prompts/julianne-moore-flexing-biceps,stablediffusionweb.com,nan,7.0,1,"(427.52447509765625, 213.70127868652344, 580.7010498046875, 428.0740966796875)",0.03132
Q001554,ID000195,Josh-Inglis,Fake,Josh-Inglis AI generated,36,AI Generated Josh Inglis 🔥 85 Runs in 33 Balls 🤯 LSG Beast Mode 💙 #AI# JoshInglis #LSG#IPL2026#Shorts - YouTube,https://i.ytimg.com/vi/btgMstlBVjY/oar2.jpg?sqp=-oaymwEYCJUDENAFSFqQAgHyq4qpAwcIARUAAIhC&rs=AOn4CLDzDGShVkP9tp6Tr1S3nhcqiGJNdA&usqp=CCk,https://www.youtube.com/shorts/btgMstlBVjY,www.youtube.com,nan,3.0,1,"(248.7491455078125, 177.38125610351562, 348.4867858886719, 314.76226806640625)",0.04699
Q001561,ID000196,Julianne Moore,Real,Julianne Moore,1,"Julianne Moore: Biography, Actor, 2024 Golden Globe Nomiee","https://hips.hearstapps.com/hmg-prod/images/julianne-moore-attends-the-2023-academy-museum-gala-at-news-photo-1704657365.jpg?crop=1.00xw:0.668xh;0,0.0372xh&resize=640:*",https://www.biography.com/actors/julianne-moore,www.biography.com,tier2,nan,1,"(219.1920166015625, 52.051918029785156, 392.5628356933594, 289.62481689453125)",0.1004
Q001561,ID000196,Julianne Moore,Real,Julianne Moore,2,Julianne Moore - Wikipedia,https://upload.wikimedia.org/wikipedia/commons/thumb/5/56/Julianne_Moore_Venice_2009_crop.jpg/250px-Julianne_Moore_Venice_2009_crop.jpg,https://en.wikipedia.org/wiki/Julianne_Moore,en.wikipedia.org,tier2,nan,1,"(48.70530700683594, 49.49193572998047, 174.19313049316406, 220.9641876220703)",0.23014
Q001561,ID000196,Julianne Moore,Real,Julianne Moore,3,Julianne Moore — The Movie Database (TMDB),https://image.tmdb.org/t/p/w500/3YF19rWusxWfEI59ZM33dFhasRq.jpg,https://www.themoviedb.org/person/1231-julianne-moore,www.themoviedb.org,tier2,nan,1,"(138.13201904296875, 123.0936279296875, 378.41571044921875, 456.2489318847656)",0.21347
Q001564,ID000196,Julianne Moore,Fake,Julianne Moore AI image,5,julianne moore in utterly revealing vintage laced lingerie showing butt and  groin covered in ooze Prompts | Stable Diffusion Online,https://imgcdn.stablediffusionweb.com/2024/5/10/4259c753-0aca-4d74-8e59-64a12e21c971.jpg,https://stablediffusionweb.com/prompts/julianne-moore-in-utterly-revealing-vintage-laced-lingerie-showing-butt-and-groin-covered-in-ooze,stablediffusionweb.com,nan,7.0,1,"(189.93788146972656, 220.88299560546875, 563.4688720703125, 753.4493408203125)",0.19273
Q001569,ID000197,Juliette Binoche,Real,Juliette Binoche,1,Juliette Binoche - Wikipedia,https://upload.wikimedia.org/wikipedia/commons/thumb/b/b3/Juliette_Binoche_at_Berlinale_2026-2.jpg/960px-Juliette_Binoche_at_Berlinale_2026-2.jpg,https://en.wikipedia.org/wiki/Juliette_Binoche,en.wikipedia.org,tier2,nan,1,"(230.4875946044922, 230.24099731445312, 627.9932250976562, 751.74267578125)",0.17817
Q001570,ID000197,Juliette Binoche,Fake,Juliette Binoche AI generated,24,"Slender 23-year-old Juliette Binoche lost in soft focus, dark stockings,  crossing her legs on luxurious white satin sheets, her serene expre...",https://creator.nightcafe.studio/jobs/h7xpWL7RGP11RuhT46ah/h7xpWL7RGP11RuhT46ah--1--vmjyc_2x-clty-upscale-cc6uw.jpg,https://creator.nightcafe.studio/creation/BIVu2qDAjybDQH8bXQot,creator.nightcafe.studio,nan,5.0,1,"(778.5052490234375, 411.78167724609375, 1595.6455078125, 1465.136962890625)",0.21518
Q001572,ID000197,Juliette Binoche,Fake,Juliette Binoche AI image,1,Juliette Binoche Impasto Oil Portrait by James Gur... - AI Art,"https://images.nightcafe.studio/ik-seo/jobs/sPKIAL7oEaApV5CJqHcU/sPKIAL7oEaApV5CJqHcU--1--mkbet/lessloraimpasto113greaterportrait-of-juliette-binoche.jpg?tr=w-1600,c-at_max",https://creator.nightcafe.studio/creation/sPKIAL7oEaApV5CJqHcU,creator.nightcafe.studio,nan,8.0,1,"(309.0307922363281, 217.85308837890625, 645.8770141601562, 667.7529296875)",0.14453
Q001572,ID000197,Juliette Binoche,Fake,Juliette Binoche AI image,4,Juliette Binoche with Cats in Exquisite Details | Stable Diffusion Online,https://imgcdn.stablediffusionweb.com/2024/10/2/34367875-9cde-4828-9233-bba08c29bd4f.jpg,https://stablediffusionweb.com/image/18844619-juliette-binoche-with-cats-in-exquisite-details,stablediffusionweb.com,nan,7.0,1,"(408.4425048828125, 283.2491760253906, 654.9138793945312, 621.5653076171875)",0.07952
Q001577,ID000198,Jungkook,Real,Jungkook,1,Jung Kook - Wikipedia,https://upload.wikimedia.org/wikipedia/commons/f/f6/Jung_Kook_of_BTS%2C_February_12%2C_2026_%281%29.png,https://en.wikipedia.org/wiki/Jung_Kook,en.wikipedia.org,tier2,nan,1,"(356.11474609375, 335.606689453125, 1068.1195068359375, 1226.7080078125)",0.22579
Q001577,ID000198,Jungkook,Real,Jungkook,2,Jungkook (BTS) Profile,https://cdn.shopify.com/s/files/1/0469/3927/5428/files/6cedc232d4a7425abf1e4776657dccd8.jpg?v=1724138670,https://nolae.eu/blogs/kunstler/jungkook-bts-profil,nolae.eu,tier2,nan,1,"(236.49696350097656, 269.58380126953125, 520.8348388671875, 619.4692993164062)",0.10334
Q001578,ID000198,Jungkook,Fake,Jungkook AI generated,1,Jungkook from bts,https://creator.nightcafe.studio/jobs/6MEKSLIT9LcExghpJbPw/6MEKSLIT9LcExghpJbPw-mThJt.jpeg,https://creator.nightcafe.studio/creation/6MEKSLIT9LcExghpJbPw,creator.nightcafe.studio,nan,5.0,1,"(414.0504455566406, 134.8516845703125, 799.9310913085938, 669.1288452148438)",0.19662
Q001579,ID000198,Jungkook,Fake,Jungkook deepfake,33,"HYBEProtectJungkook"" trends as ARMYs urge legal action amid rising deepfake  and stalking incidents",https://staticg.sportskeeda.com/editor/2025/11/98dbd-17630120073461-1920.jpg,https://www.sportskeeda.com/us/k-pop/news-hybeprotectjungkook-trends-armys-urge-legal-action-amid-rising-deepfake-stalking-incidents,www.sportskeeda.com,nan,5.0,1,"(1319.511474609375, 205.2166748046875, 1650.3837890625, 623.5457153320312)",0.06675
Q001585,ID000199,Justin Timberlake,Real,Justin Timberlake,1,"Justin Timberlake: Biography, Musician, Actor, *NSYNC Singer","https://hips.hearstapps.com/hmg-prod/images/justin-timberlake-attends-the-2024-vanity-fair-oscar-party-news-photo-1710784167.jpg?crop=0.641xw:0.933xh;0.236xw,0.0668xh&resize=640:*",https://www.biography.com/musicians/justin-timberlake,www.biography.com,tier2,nan,1,"(202.10025024414062, 64.41363525390625, 351.77569580078125, 259.8675537109375)",0.07153
Q001585,ID000199,Justin Timberlake,Real,Justin Timberlake,3,Justin Timberlake | Songwriters Hall of Fame,https://d4ln1n73rozgf.cloudfront.net/prod/assets/Justin-Timberlake_SHOF_2019-Contemporary-Icon_2025-03-06-175108_tzqw.png,https://www.songhall.org/profiles/justin-timberlake,www.songhall.org,tier2,nan,1,"(221.197509765625, 113.15072631835938, 432.9776306152344, 393.61297607421875)",0.10851
Q001585,ID000199,Justin Timberlake,Real,Justin Timberlake,4,"Justin Timberlake: Biography, Musician, Actor, *NSYNC Singer","https://hips.hearstapps.com/hmg-prod/images/studio-portrait-of-american-actor-and-mouseketeer-justin-news-photo-1705607449.jpg?crop=0.968xw:0.966xh;0,0.0340xh&resize=980:*",https://www.biography.com/musicians/justin-timberlake,www.biography.com,tier2,nan,1,"(244.01382446289062, 228.81858825683594, 613.2473754882812, 709.891845703125)",0.18514
Q001586,ID000199,Justin Timberlake,Fake,Justin Timberlake AI generated,41,Fake AI-generated video of Justin Timberlake drinking beer amid DWI arrest  leaves fans stunned: 'Where do we go from here?' | Daily Mail Online,https://i.dailymail.co.uk/1s/2024/06/27/18/86659613-0-A_fake_AI_generated_video_of_Justin_Timberlake_drinking_beer_ami-a-55_1719509965253.jpg,https://www.dailymail.com/tvshowbiz/article-13577063/justin-timberlake-drink-beer-fake-ai-video.html,www.dailymail.com,nan,5.0,1,"(139.3543701171875, -76.54421997070312, 513.763916015625, 515.7144775390625)",0.91272
Q001587,ID000199,Justin Timberlake,Fake,Justin Timberlake deepfake,38,AI-generated video of Justin Timberlake drinking beer shocks fans,https://nypost.com/wp-content/uploads/sites/2/2024/06/fake-ai-generated-video-justin-84551975.jpg?w=838,https://nypost.com/2024/06/27/us-news/fake-ai-generated-video-of-justin-timberlake-drinking-beer-shocks-fans/,nypost.com,nan,7.0,1,"(204.1541290283203, 255.13021850585938, 668.2195434570312, 871.53466796875)",0.33368
Q001588,ID000199,Justin Timberlake,Fake,Justin Timberlake AI image,2,Realistic Portrait of AI Justin Timberlake | Stable Diffusion Online,https://imgcdn.stablediffusionweb.com/2024/11/16/6f696496-ec0c-4d71-8743-e4559a59103d.jpg,https://stablediffusionweb.com/image/22856375-realistic-portrait-of-ai-justin-timberlake,stablediffusionweb.com,nan,7.0,1,"(215.11703491210938, 209.46820068359375, 521.6575317382812, 611.2726440429688)",0.12851
Q001593,ID000200,Justin Trudeau,Real,Justin Trudeau,1,Justin Trudeau - Wikipedia,https://upload.wikimedia.org/wikipedia/commons/3/32/Prime_Minister_Trudeau%27s_message_on_Christmas_2023_%280m29s%29_%28cropped%29.jpg,https://en.wikipedia.org/wiki/Justin_Trudeau,en.wikipedia.org,tier2,nan,1,"(200.52163696289062, 164.6821746826172, 520.4482421875, 588.35107421875)",0.18452
Q001594,ID000200,Justin Trudeau,Fake,Justin Trudeau AI generated,2,Justin Trudeau deepfake ad promoting 'robot trader' pulled off YouTube -  National | Globalnews.ca,https://globalnews.ca/wp-content/uploads/2024/03/Trudeau-deepfake.jpg?quality=65&strip=all,https://globalnews.ca/news/10389187/justin-trudeau-deepfake-youtube-ad/,globalnews.ca,nan,7.0,1,"(2330.982421875, 973.5994262695312, 4156.98583984375, 3489.7666015625)",0.16105
Q001596,ID000200,Justin Trudeau,Fake,Justin Trudeau AI image,41,Justin Trudeau and Paddington Bear Presidential Po... - AI Art,https://creator.nightcafe.studio/jobs/nhvHdxFxpMWzdyEy77Al/nhvHdxFxpMWzdyEy77Al--1--nx6mk.jpg,https://creator.nightcafe.studio/creation/nhvHdxFxpMWzdyEy77Al,creator.nightcafe.studio,nan,8.0,1,"(188.79150390625, 98.44882202148438, 304.666748046875, 247.66917419433594)",0.06596
Q001596,ID000200,Justin Trudeau,Fake,Justin Trudeau AI image,47,Justin Trudeau Caricature | Stable Diffusion Online,https://imgcdn.stablediffusionweb.com/2024/5/17/e0727835-baba-4bdf-9fc1-0f587935e690.jpg,https://stablediffusionweb.com/image/7474661-justin-trudeau-caricature,stablediffusionweb.com,nan,7.0,1,"(190.97972106933594, 238.9160614013672, 784.3298950195312, 955.4835205078125)",0.40548
Q000609,ID000077,Colin Farrell,Real,Colin Farrell,1,Colin Farrell - Wikipedia,https://upload.wikimedia.org/wikipedia/commons/7/72/2025_Colin_Farrell_-_2_%28cropped%29.jpg,https://en.wikipedia.org/wiki/Colin_Farrell,en.wikipedia.org,tier2,nan,1,"(389.8786926269531, 541.8319702148438, 1331.89013671875, 1819.0672607421875)",0.31707
Q000921,ID000116,G-Dragon,Real,G-Dragon,5,G-Dragon - Wikidata,https://upload.wikimedia.org/wikipedia/commons/d/d1/G-Dragon_in_February_2025.png?utm_source=www.wikidata.org&utm_campaign=index&utm_content=thumbnail_unscaled,https://www.wikidata.org/wiki/Q495577,www.wikidata.org,tier2,nan,1,"(220.3278045654297, 214.7616729736328, 513.1460571289062, 564.0355224609375)",0.12282
Q001241,ID000156,Jack Nicholson,Real,Jack Nicholson,2,Jack Nicholson - California Museum,https://californiamuseum.org/wp-content/uploads/NicholsonOscar-cropped-black-and-white-cropped-again.jpg,https://californiamuseum.org/inductee/jack-nicholson/,californiamuseum.org,tier2,nan,1,"(914.0076904296875, 445.8544616699219, 1599.7823486328125, 1340.221923828125)",0.13297
Q001513,ID000190,Jon Stewart,Real,Jon Stewart,1,Jon Stewart - Wikipedia,https://upload.wikimedia.org/wikipedia/commons/thumb/1/13/Jon-stewart-cropped-portrait-2025.jpg/250px-Jon-stewart-cropped-portrait-2025.jpg,https://en.wikipedia.org/wiki/Jon_Stewart,en.wikipedia.org,tier2,nan,1,"(51.82102966308594, 76.55663299560547, 225.99664306640625, 327.5530090332031)",0.45539
Q001601,ID000201,Kate Beckinsale,Real,Kate Beckinsale,3,Kate Beckinsale says she's going through 'deeply painful' time after fan  questions her weight loss | The Independent,"https://static.independent.co.uk/2025/07/02/12/45/Kate-Beckinsale.jpeg?crop=1331.2,1331.2,x1495.1,y70.9&width=1200&height=1200",https://www.independent.co.uk/life-style/kate-beckinsale-weight-loss-photos-instagram-underworld-b2781657.html,www.independent.co.uk,tier2,nan,1,"(453.37896728515625, 280.4141845703125, 720.4146728515625, 650.9863891601562)",0.06872
Q001601,ID000201,Kate Beckinsale,Real,Kate Beckinsale,5,Kate Beckinsale Movies & TV Shows List | Rotten Tomatoes | Rotten Tomatoes,https://resizing.flixster.com/K291UTljlyk89KNnMSlxi43cE5c=/fit-in/705x460/v2/https://resizing.flixster.com/-XZAfHZM39UwaGJIFWKAE8fS0ak=/v3/t/assets/75538_v9_bb.jpg,https://www.rottentomatoes.com/celebrity/kate_beckinsale,www.rottentomatoes.com,tier2,nan,1,"(100.08070373535156, 86.06205749511719, 272.12652587890625, 324.2772521972656)",0.25825
Q001602,ID000201,Kate Beckinsale,Fake,Kate Beckinsale AI generated,5,Kate Beckinsale,https://creator.nightcafe.studio/jobs/jUb9N9wm2uLARrxj9Ilo/jUb9N9wm2uLARrxj9Ilo--1--7ti7u.jpg,https://creator.nightcafe.studio/creation/jUb9N9wm2uLARrxj9Ilo,creator.nightcafe.studio,nan,5.0,1,"(147.70816040039062, 60.35340881347656, 303.95465087890625, 296.7301330566406)",0.14312
Q001603,ID000201,Kate Beckinsale,Fake,Kate Beckinsale deepfake,45,Pete Davidson Deepfake on to Kate Beckinsale and Larry King,https://external-preview.redd.it/pete-davidson-deepfake-on-to-kate-beckinsale-and-larry-king-v0-Taj96NuDY8KSpOkEWTjmRuxRuKW6J5GhXlhXAtGLun0.jpg?format=pjpg&auto=webp&s=b6f0c469df66bb504d3fb07c9fd14d73f8900771,https://www.reddit.com/r/SFWdeepfakes/comments/axrf3e/pete_davidson_deepfake_on_to_kate_beckinsale_and/,www.reddit.com,nan,7.0,1,"(224.62586975097656, 98.86138153076172, 296.17803955078125, 197.09410095214844)",0.04068
Q001604,ID000201,Kate Beckinsale,Fake,Kate Beckinsale AI image,11,Kate Beckinsale as an Elf | Stable Diffusion Online,https://imgcdn.stablediffusionweb.com/2024/5/21/32398050-fc55-4436-8009-e182c0a73994.jpg,https://stablediffusionweb.com/image/7770232-kate-beckinsale-as-an-elf,stablediffusionweb.com,nan,7.0,1,"(400.73895263671875, 216.30526733398438, 726.4326782226562, 668.183837890625)",0.14036
Q001605,ID000201,Kate Beckinsale,Fake,Kate Beckinsale viral deepfake,11,"Days after Rashmika Mandanna's deepfake video went viral on the internet,  Delhi police registers FIR in the case | Hindi Movie News - The Times of  India","https://static.toiimg.com/thumb/msid-105133555,width-1280,height-720,imgsize-20958,resizemode-6,overlay-toi_sw,pt-32,y_pad-40/photo.jpg",https://timesofindia.indiatimes.com/entertainment/hindi/bollywood/news/days-after-rashmika-mandannas-deepfake-video-went-viral-on-the-internet-delhi-police-registers-fir-in-the-case/articleshow/105133555.cms,timesofindia.indiatimes.com,nan,5.0,1,"(577.8270263671875, 67.30384826660156, 1137.9991455078125, 716.1478881835938)",0.39438
Q001609,ID000202,Kate-Winslet,Real,Kate-Winslet,1,Kate Winslet - Wikipedia,https://upload.wikimedia.org/wikipedia/commons/5/53/KateWinslet_%28cropped%29.jpg,https://en.wikipedia.org/wiki/Kate_Winslet,en.wikipedia.org,tier2,nan,1,"(377.884521484375, 163.4039306640625, 743.5151977539062, 668.2608642578125)",0.12375
Q001609,ID000202,Kate-Winslet,Real,Kate-Winslet,3,"Kate Winslet | Biography, Filmography, Lee, Movies, Titanic, & Facts |  Britannica",https://cdn.britannica.com/38/130638-050-DBCE19EE/Kate-Winslet.jpg,https://www.britannica.com/biography/Kate-Winslet,www.britannica.com,tier2,nan,1,"(464.328857421875, 261.7451477050781, 988.060791015625, 962.0805053710938)",0.1602
Q001610,ID000202,Kate-Winslet,Fake,Kate-Winslet AI generated,10,Kate Winslet Kazakh Version | Stable Diffusion Online,https://imgcdn.stablediffusionweb.com/2024/10/7/4da04f09-fe49-4688-b7a4-5f8c89d8ca1d.jpg,https://stablediffusionweb.com/image/19276515-kate-winslet-kazakh-version,stablediffusionweb.com,nan,7.0,1,"(277.36273193359375, 232.13565063476562, 618.8544921875, 696.8182983398438)",0.15685
Q001610,ID000202,Kate-Winslet,Fake,Kate-Winslet AI generated,13,Kate Winslet in Kazakh Version | Stable Diffusion Online,https://imgcdn.stablediffusionweb.com/2024/10/7/a86a5c55-b978-4c39-9b4e-b7889fc84705.jpg,https://stablediffusionweb.com/image/19276645-kate-winslet-in-kazakh-version,stablediffusionweb.com,nan,7.0,1,"(197.6324462890625, 191.49569702148438, 712.9359130859375, 892.6399536132812)",0.35712
Q001611,ID000202,Kate-Winslet,Fake,Kate-Winslet deepfake,1,A 'deep fake' app will make us film stars – but will we regret our  narcissism? | Apps | The Guardian,https://i.guim.co.uk/img/media/c1613d6eb5f78baba52cf308ab1bad041a9c6721/0_0_5333_3200/master/5333.jpg?width=1200&quality=85&auto=format&fit=max&s=e3be400e58d8db4bba44deda4c99b0e6,https://www.theguardian.com/technology/2019/sep/04/a-deep-fake-app-will-make-us-film-stars-but-will-we-regret-our-narcissism,www.theguardian.com,nan,5.0,1,"(679.4277954101562, 188.52392578125, 893.5276489257812, 475.34619140625)",0.07107
Q001611,ID000202,Kate-Winslet,Fake,Kate-Winslet deepfake,2,A 'deep fake' app will make us film stars – but will we regret our  narcissism? | Apps | The Guardian,https://i.guim.co.uk/img/media/c1613d6eb5f78baba52cf308ab1bad041a9c6721/0_0_5333_3200/master/5333.jpg?width=1200&height=1200&quality=85&auto=format&fit=crop&s=f052fc29cf1fb20b12c06951393f4416,https://www.theguardian.com/technology/2019/sep/04/a-deep-fake-app-will-make-us-film-stars-but-will-we-regret-our-narcissism,www.theguardian.com,nan,5.0,1,"(720.1110229492188, 301.7314453125, 1099.573486328125, 806.7355346679688)",0.13308
Q001612,ID000202,Kate-Winslet,Fake,Kate-Winslet AI image,11,Portrait of Young Kate Winslet | Stable Diffusion Online,https://imgcdn.stablediffusionweb.com/2024/9/17/6049123e-e602-4ee6-9444-eb11497c87ee.jpg,https://stablediffusionweb.com/image/17204860-portrait-of-young-kate-winslet,stablediffusionweb.com,nan,7.0,1,"(127.90438842773438, 212.17318725585938, 542.2214965820312, 766.5260009765625)",0.22702
Q001613,ID000202,Kate-Winslet,Fake,Kate-Winslet viral deepfake,1,A 'deep fake' app will make us film stars – but will we regret our  narcissism? | Apps | The Guardian,https://i.guim.co.uk/img/media/c1613d6eb5f78baba52cf308ab1bad041a9c6721/0_0_5333_3200/master/5333.jpg?width=465&dpr=1&s=none&crop=none,https://www.theguardian.com/technology/2019/sep/04/a-deep-fake-app-will-make-us-film-stars-but-will-we-regret-our-narcissism,www.theguardian.com,nan,5.0,1,"(265.0167236328125, 70.97077178955078, 349.0003967285156, 186.15243530273438)",0.07456
Q001617,ID000203,Katharine Hepburn,Real,Katharine Hepburn,1,Katharine Hepburn - Wikipedia,https://upload.wikimedia.org/wikipedia/commons/thumb/8/89/Katharine_Hepburn_publicity_photograph.jpg/960px-Katharine_Hepburn_publicity_photograph.jpg,https://en.wikipedia.org/wiki/Katharine_Hepburn,en.wikipedia.org,tier2,nan,1,"(272.7450866699219, 286.3461608886719, 654.9322509765625, 811.8961791992188)",0.16449
Q001617,ID000203,Katharine Hepburn,Real,Katharine Hepburn,3,The First Woman to Make Feminism Fashionable - UMKC Women's Center,http://info.umkc.edu/womenc/wp-content/uploads/2019/10/Katherine-Hepburn-jpg.png,https://info.umkc.edu/womenc/2019/10/01/the-first-woman-to-make-feminism-fashionable/,info.umkc.edu,tier1,nan,1,"(280.66094970703125, 252.2249755859375, 536.2848510742188, 635.0250244140625)",0.15418
Q001618,ID000203,Katharine Hepburn,Fake,Katharine Hepburn AI generated,1,Katharine Hepburn Portrait in Sepia Tone - AI Art,https://creator.nightcafe.studio/jobs/DcKQC2Y8kaYJJ37FyfQH/DcKQC2Y8kaYJJ37FyfQH--1--dq4qw.jpg,https://creator.nightcafe.studio/creation/DcKQC2Y8kaYJJ37FyfQH,creator.nightcafe.studio,nan,8.0,1,"(277.31951904296875, 184.56150817871094, 719.048828125, 778.8771362304688)",0.25036
Q001618,ID000203,Katharine Hepburn,Fake,Katharine Hepburn AI generated,21,Katharine Hepburn Portrait in Sepia Tone - AI Art,https://creator.nightcafe.studio/api/og-creation.jpg?id=DcKQC2Y8kaYJJ37FyfQH,https://creator.nightcafe.studio/creation/DcKQC2Y8kaYJJ37FyfQH,creator.nightcafe.studio,nan,8.0,1,"(320.1607666015625, -74.24699401855469, 850.30419921875, 684.4603881835938)",0.53204
Q001620,ID000203,Katharine Hepburn,Fake,Katharine Hepburn AI image,3,Katharine Hepburn as a Princess | Stable Diffusion Online,https://imgcdn.stablediffusionweb.com/2024/5/14/6ab50641-cf9b-47a1-9111-387870cf33f5.jpg,https://stablediffusionweb.com/image/7295749-katharine-hepburn-as-a-princess,stablediffusionweb.com,nan,7.0,1,"(218.21517944335938, 147.8205108642578, 576.4093017578125, 612.48828125)",0.16125
Q001623,ID000203,Katharine Hepburn,Fake,Katharine Hepburn Stable Diffusion,47,katherine hepburn Prompts | Stable Diffusion Online,https://imgcdn.stablediffusionweb.com/2024/11/15/25138c48-75d7-49e8-bf17-f0ea1febbb87.jpg,https://stablediffusionweb.com/prompts/katherine-hepburn,stablediffusionweb.com,nan,7.0,1,"(347.0682067871094, 117.59846496582031, 507.85504150390625, 324.5369567871094)",0.03289
Q001624,ID000203,Katharine Hepburn,Fake,Katharine Hepburn Midjourney,3,Audrey Hepburn photos using camera-specific prompts : r/midjourney,https://preview.redd.it/audrey-hepburn-photos-using-camera-specific-prompts-v0-1bxs13uagkuc1.jpg?width=640&crop=smart&auto=webp&s=471a3c2b9487b8e9c73a3dab84c179f0da44d5a7,https://www.reddit.com/r/midjourney/comments/1c4ctdu/audrey_hepburn_photos_using_cameraspecific_prompts/,www.reddit.com,nan,5.0,1,"(305.95684814453125, 53.248477935791016, 413.3873596191406, 213.5127716064453)",0.07515
Q001624,ID000203,Katharine Hepburn,Fake,Katharine Hepburn Midjourney,6,Audrey Hepburn photos using camera-specific prompts : r/midjourney,https://preview.redd.it/audrey-hepburn-photos-using-camera-specific-prompts-v0-3tlh83uagkuc1.jpg?width=640&crop=smart&auto=webp&s=5a842ea0bdbbc828cdf1a4cab494dd8dc811e959,https://www.reddit.com/r/midjourney/comments/1c4ctdu/audrey_hepburn_photos_using_cameraspecific_prompts/,www.reddit.com,nan,5.0,1,"(209.15200805664062, -48.74897003173828, 421.8197326660156, 219.27842712402344)",0.32505
Q001625,ID000204,Kathy Bates,Real,Kathy Bates,2,"Kathy Bates | Biography, Films, TV Shows, & Facts | Britannica",https://cdn.britannica.com/37/266237-050-E64E97CB/actress-kathy-bates-at-76th-primetime-emmy-awards-september-15-2024.jpg,https://www.britannica.com/biography/Kathy-Bates,www.britannica.com,tier2,nan,1,"(627.3805541992188, 220.35862731933594, 966.12451171875, 671.6895751953125)",0.08287
Q001625,ID000204,Kathy Bates,Real,Kathy Bates,3,Kathy Bates - IMDb,https://m.media-amazon.com/images/M/MV5BNTMxMmE5ZDctY2NmMC00ZDhjLWEzOTctOTczODQ1ZDM1NDRiXkEyXkFqcGc@._V1_FMjpg_UX1000_.jpg,https://www.imdb.com/name/nm0000870/,www.imdb.com,tier2,nan,1,"(382.0705261230469, 202.27442932128906, 737.145751953125, 707.29296875)",0.18506
Q001626,ID000204,Kathy Bates,Fake,Kathy Bates AI generated,4,AI generated Billy Strings art. Not what I expected. : r/BillyStrings,https://i.redd.it/fmm5g1xbhun91.jpg,https://www.reddit.com/r/BillyStrings/comments/xe58w6/ai_generated_billy_strings_art_not_what_i_expected/,www.reddit.com,nan,5.0,1,"(185.96142578125, 86.02413940429688, 429.0601501464844, 397.1293640136719)",0.21896
Q001627,ID000204,Kathy Bates,Fake,Kathy Bates deepfake,7,‘Deepfakes are old misogyny amplified by tech’ – Sexism expert,https://fournews-assets-prod-s3-ew1-nmprod.s3.amazonaws.com/media/2025/05/Screenshot-2025-05-24-182721-1179x655.png,https://www.channel4.com/news/deep-fakes-are-old-misogyny-amplified-by-tech-sexism-expert,www.channel4.com,nan,5.0,1,"(505.46282958984375, 110.9063720703125, 673.9395141601562, 348.72454833984375)",0.05188
Q001633,ID000205,Katie Featherston,Real,Katie Featherston,3,Katie Featherston Movies & TV Shows List | Rotten Tomatoes | Rotten Tomatoes,https://resizing.flixster.com/KGZdjmp4d3mlnCQw-urSDnMXXhA=/218x280/v2/https://resizing.flixster.com/-XZAfHZM39UwaGJIFWKAE8fS0ak=/v3/t/assets/554675_v9_ba.jpg,https://www.rottentomatoes.com/celebrity/katie-featherston,www.rottentomatoes.com,tier2,nan,1,"(74.46062469482422, 51.99873352050781, 155.8837890625, 167.6358184814453)",0.15425
Q001633,ID000205,Katie Featherston,Real,Katie Featherston,4,Katie Featherston - Actress,https://media.baselineresearch.com/images/325201/325201_full.jpg,https://www.tvinsider.com/people/katie-featherston/,www.tvinsider.com,tier2,nan,1,"(239.633544921875, 145.9478759765625, 435.8215637207031, 419.550048828125)",0.08024
Q001641,ID000206,Keanu Reeves,Real,Keanu Reeves,2,"Keanu Reeves - Early Life, Movies & 'The Matrix'",https://hips.hearstapps.com/hmg-prod/images/keanu-reeves-9454211-1-402.jpg,https://www.biography.com/actors/keanu-reeves,www.biography.com,tier2,nan,1,"(116.23588562011719, 72.43215942382812, 274.30908203125, 299.70660400390625)",0.22231
Q001641,ID000206,Keanu Reeves,Real,Keanu Reeves,3,"Keanu Reeves | Movies, Sonic, Matrix, & Facts | Britannica",https://cdn.britannica.com/11/215011-050-3127A07E/American-actor-Keanu-Reeves-2014.jpg,https://www.britannica.com/biography/Keanu-Reeves,www.britannica.com,tier2,nan,1,"(157.6177520751953, 283.99481201171875, 731.1578979492188, 1089.5615234375)",0.29052
Q001642,ID000206,Keanu Reeves,Fake,Keanu Reeves AI generated,29,It's Not a Lot of Fun' — Keanu Reeves Hits Out at AI Deepfakes of the John  Wick Star Selling Products Without His Permission,https://sm.ign.com/ign_ap/news/i/its-not-a-/its-not-a-lot-of-fun-keanu-reeves-hits-out-at-ai-deepfakes-o_qqc7.jpg,https://sea.ign.com/john-wick-chapter-4/233881/news/its-not-a-lot-of-fun-keanu-reeves-hits-out-at-ai-deepfakes-of-the-john-wick-star-selling-products-wi,sea.ign.com,nan,7.0,1,"(2507.318115234375, 543.2432861328125, 3417.5029296875, 1915.27685546875)",0.11627
Q001645,ID000206,Keanu Reeves,Fake,Keanu Reeves viral deepfake,4,"Keanu Reeves Says Deepfakes Are Scary, Confirms His Film Contracts Ban  Digital Edits to His Acting : r/movies",https://external-preview.redd.it/keanu-reeves-says-deepfakes-are-scary-confirms-his-film-v0-Y_3umbxZNKEJnnX-M9GLIWfsg32X0LWBDYijA9GEWEI.png?width=640&crop=smart&auto=webp&s=d1fb2de46ad7b0a0be7ec22e5a37f425cecd2a9c,https://www.reddit.com/r/movies/comments/1130ocr/keanu_reeves_says_deepfakes_are_scary_confirms/,www.reddit.com,nan,7.0,1,"(252.1441650390625, 51.192909240722656, 374.626220703125, 237.19491577148438)",0.09888
Q001649,ID000207,Keira Knightley,Real,Keira Knightley,1,Keira Knightley - IMDb,https://m.media-amazon.com/images/M/MV5BMTYwNDM0NDA3M15BMl5BanBnXkFtZTcwNTkzMjQ3OA@@._V1_.jpg,https://www.imdb.com/name/nm0461136/,www.imdb.com,tier2,nan,1,"(391.3009338378906, 317.38494873046875, 1147.9351806640625, 1303.7008056640625)",0.24993
Q001649,ID000207,Keira Knightley,Real,Keira Knightley,2,Keira Knightley - Wikipedia,https://upload.wikimedia.org/wikipedia/commons/thumb/3/3c/Pride_and_Prejudice_004_%287271339306%29.jpg/250px-Pride_and_Prejudice_004_%287271339306%29.jpg,https://en.wikipedia.org/wiki/Keira_Knightley,en.wikipedia.org,tier2,nan,1,"(72.83682250976562, 71.14314270019531, 190.12803649902344, 224.6806182861328)",0.20581
Q001649,ID000207,Keira Knightley,Real,Keira Knightley,3,Keira Knightley - Wikipedia,https://upload.wikimedia.org/wikipedia/commons/b/b1/Knightley_Bafta_2015_07.png,https://en.wikipedia.org/wiki/Keira_Knightley,en.wikipedia.org,tier2,nan,1,"(239.06475830078125, 134.03125, 536.6643676757812, 523.580078125)",0.13888
Q001650,ID000207,Keira Knightley,Fake,Keira Knightley AI generated,23,Photorealistic Portrait in Detailed Matte Painting... - AI Art,https://creator.nightcafe.studio/jobs/CHKtkcmA6SbJKK8cQdt6/CHKtkcmA6SbJKK8cQdt6--1--4j1e7.jpg,https://creator.nightcafe.studio/creation/CHKtkcmA6SbJKK8cQdt6,creator.nightcafe.studio,nan,8.0,1,"(440.0827941894531, 93.04220581054688, 642.7622680664062, 363.3587951660156)",0.05225
Q001650,ID000207,Keira Knightley,Fake,Keira Knightley AI generated,30,Ultrarealistic Portrait of Keira Knightley - AI Art,https://creator.nightcafe.studio/jobs/guTw5tjfCeg1rJv9qMOp/guTw5tjfCeg1rJv9qMOp--1--g6tmu.jpg,https://creator.nightcafe.studio/creation/guTw5tjfCeg1rJv9qMOp,creator.nightcafe.studio,nan,8.0,1,"(333.8925476074219, 109.8153076171875, 502.9815673828125, 339.73370361328125)",0.03843
Q001651,ID000207,Keira Knightley,Fake,Keira Knightley deepfake,7,keira knightley sitting in a loincloth with her thighs spread Prompts |  Stable Diffusion Online,https://imgcdn.stablediffusionweb.com/2025/7/10/00e5a499-8cd3-459f-8024-e3658d718007.jpg,https://stablediffusionweb.com/prompts/keira-knightley-sitting-in-a-loincloth-with-her-thighs-spread,stablediffusionweb.com,nan,7.0,1,"(499.59942626953125, 70.43123626708984, 668.5424194335938, 307.2939147949219)",0.03816
Q001652,ID000207,Keira Knightley,Fake,Keira Knightley AI image,18,Keira Knightley as Witch | Stable Diffusion Online,https://imgcdn.stablediffusionweb.com/2024/8/8/6533d335-c7b3-411d-9cef-9e0dc326b30b.jpg,https://stablediffusionweb.com/image/13212202-keira-knightley-as-witch,stablediffusionweb.com,nan,7.0,1,"(445.6268005371094, 107.91349029541016, 660.9276733398438, 400.479736328125)",0.06007
Q001654,ID000207,Keira Knightley,Fake,Keira Knightley synthetic face,32,"Keira Knightley ultrarealistic face super detailed ultrarealistic face as a  Cyberpunk Rockstar Model, Dark long hair updo, ultrarealistic s...",https://creator.nightcafe.studio/jobs/0URcBJtgv9lZYQxwfBgC/0URcBJtgv9lZYQxwfBgC--1--avw9o.jpg,https://creator.nightcafe.studio/creation/0URcBJtgv9lZYQxwfBgC,creator.nightcafe.studio,nan,5.0,1,"(331.640625, 62.87601852416992, 519.9415893554688, 334.1310729980469)",0.04948
Q001654,ID000207,Keira Knightley,Fake,Keira Knightley synthetic face,45,"Keira Knightley ultrarealistic face super detailed ultrarealistic face as a  Cyberpunk Rockstar Model, Dark long hair updo, ultrarealistic s...",https://creator.nightcafe.studio/api/og-creation.jpg?id=0URcBJtgv9lZYQxwfBgC,https://creator.nightcafe.studio/creation/0URcBJtgv9lZYQxwfBgC,creator.nightcafe.studio,nan,5.0,1,"(519.9675903320312, 57.39055252075195, 817.6561279296875, 477.0638732910156)",0.16525
Q001657,ID000208,Kenan-Yildiz,Real,Kenan-Yildiz,2,Kenan Yıldız - Player profile 26/27 | Transfermarkt,https://img.a.transfermarkt.technology/portrait/big/845654-1759822280.jpg?lm=1,https://www.transfermarkt.us/kenan-yildiz/profil/spieler/845654,www.transfermarkt.us,tier2,nan,1,"(55.56547546386719, 91.8943099975586, 248.9086151123047, 360.4501953125)",0.44379
Q001663,ID000208,Kenan-Yildiz,Fake,Kenan-Yildiz Stable Diffusion,3,kenan yildiz Prompts | Stable Diffusion Online,https://imgcdn.stablediffusionweb.com/2025/8/4/0f793765-b9c3-4fa4-af98-ca22fcb18294.jpg,https://stablediffusionweb.com/prompts/kenan-yildiz,stablediffusionweb.com,nan,7.0,1,"(376.2530822753906, 245.1815185546875, 697.1155395507812, 713.985107421875)",0.14345
Q001665,ID000209,Kevin Bacon,Real,Kevin Bacon,1,Kevin Bacon - Wikipedia,https://upload.wikimedia.org/wikipedia/commons/thumb/1/10/Kevin_Bacon_The_Best_You_Can-55_%28cropped%29.jpg/960px-Kevin_Bacon_The_Best_You_Can-55_%28cropped%29.jpg,https://en.wikipedia.org/wiki/Kevin_Bacon,en.wikipedia.org,tier2,nan,1,"(289.55511474609375, 252.64657592773438, 669.8949584960938, 781.496337890625)",0.16369
Q001665,ID000209,Kevin Bacon,Real,Kevin Bacon,2,"Kevin Bacon | Biography, Movies, Nominations, & Awards | Britannica",https://cdn.britannica.com/49/219049-050-289F17DD/Kevin-Bacon.jpg,https://www.britannica.com/biography/Kevin-Bacon,www.britannica.com,tier2,nan,1,"(396.11065673828125, 352.7164611816406, 864.5775756835938, 994.25390625)",0.14779
Q001665,ID000209,Kevin Bacon,Real,Kevin Bacon,3,Kevin Bacon — The Movie Database (TMDB),https://image.tmdb.org/t/p/w500/rjX2Oz3tCZMfSwOoIAyEhdtXnTE.jpg,https://www.themoviedb.org/person/4724-kevin-bacon,www.themoviedb.org,tier2,nan,1,"(110.89664459228516, 134.59938049316406, 357.3675231933594, 490.44091796875)",0.23419
Q001666,ID000209,Kevin Bacon,Fake,Kevin Bacon AI generated,38,kevin bacon with black skin with afro hair Prompts | Stable Diffusion Online,https://imgcdn.stablediffusionweb.com/2024/2/22/6f93b46b-9b99-4058-8bf2-49453995267f.jpg,https://stablediffusionweb.com/prompts/kevin-bacon-with-black-skin-with-afro-hair,stablediffusionweb.com,nan,7.0,1,"(461.9794921875, 196.64527893066406, 625.3600463867188, 417.5926818847656)",0.03443
Q001671,ID000209,Kevin Bacon,Fake,Kevin Bacon Stable Diffusion,44,kevin bacon is a angry boss in the office Prompts | Stable Diffusion Online,https://imgcdn.stablediffusionweb.com/2024/10/6/6a79006d-3645-4a90-b24d-eb43f646164a.jpg,https://stablediffusionweb.com/prompts/kevin-bacon-is-a-angry-boss-in-the-office,stablediffusionweb.com,nan,7.0,1,"(100.97950744628906, 251.8404541015625, 311.2315979003906, 535.224609375)",0.05772
Q001672,ID000209,Kevin Bacon,Fake,Kevin Bacon Midjourney,4,What if... Kevin Bacon : r/midjourney,https://preview.redd.it/what-if-kevin-bacon-v0-guau38w6evl91.png?width=1664&format=png&auto=webp&s=674afa3fc86fb89155f26b2526057300d10e08c2,https://www.reddit.com/r/midjourney/comments/x5rgw1/what_if_kevin_bacon/,www.reddit.com,nan,5.0,1,"(360.7199401855469, 293.86273193359375, 1085.318603515625, 1207.16552734375)",0.17261
Q001672,ID000209,Kevin Bacon,Fake,Kevin Bacon Midjourney,6,What if... Kevin Bacon : r/midjourney,https://preview.redd.it/what-if-kevin-bacon-v0-km5js8w6evl91.png?width=1664&format=png&auto=webp&s=f632ff1784bc0f25fbce9023440376bbae8253fe,https://www.reddit.com/r/midjourney/comments/x5rgw1/what_if_kevin_bacon/,www.reddit.com,nan,5.0,1,"(409.34600830078125, 276.2092590332031, 1130.506591796875, 1217.1075439453125)",0.17699
Q001672,ID000209,Kevin Bacon,Fake,Kevin Bacon Midjourney,10,What if... Kevin Bacon : r/midjourney,https://preview.redd.it/what-if-kevin-bacon-v0-wyz7j8w6evl91.png?width=1664&format=png&auto=webp&s=08ad1b31262d39b0ecd6bc33477ef5954994238b,https://www.reddit.com/r/midjourney/comments/x5rgw1/what_if_kevin_bacon/,www.reddit.com,nan,5.0,1,"(353.1769714355469, 937.0144653320312, 1159.697509765625, 2023.18310546875)",0.2285
Q001673,ID000210,Kevin Costner,Real,Kevin Costner,2,Kevin Costner - IMDb,https://m.media-amazon.com/images/M/MV5BMTY1ODkwMTQxOF5BMl5BanBnXkFtZTcwNzkwNDcyMw@@._V1_.jpg,https://www.imdb.com/name/nm0000126/,www.imdb.com,tier2,nan,1,"(364.114990234375, 234.39291381835938, 1021.5753173828125, 1108.4320068359375)",0.20556
Q001673,ID000210,Kevin Costner,Real,Kevin Costner,3,"Kevin Costner | Biography, Movies, & Facts | Britannica",https://cdn.britannica.com/19/151519-050-EBA9D19B/Kevin-Costner.jpg,https://www.britannica.com/biography/Kevin-Costner,www.britannica.com,tier2,nan,1,"(348.1287841796875, 262.90020751953125, 912.2196044921875, 1052.2110595703125)",0.21308
Q001674,ID000210,Kevin Costner,Fake,Kevin Costner AI generated,50,Cowboy Portrait in Oil Painting Style - AI Art,https://creator.nightcafe.studio/jobs/MP3j4qNFwmtvby3uWnqF/MP3j4qNFwmtvby3uWnqF--1--7dnmz.jpg,https://creator.nightcafe.studio/creation/MP3j4qNFwmtvby3uWnqF,creator.nightcafe.studio,nan,8.0,1,"(315.9399719238281, 235.358642578125, 797.3792114257812, 813.0084228515625)",0.26522
Q001674,ID000210,Kevin Costner,Fake,Kevin Costner AI generated,8,"I thought I was falling in love with 'Kevin Costner' - but really it was a  con artist using AI to create deepfake videos, voice notes and phone calls  resembling the star |",https://i.dailymail.co.uk/1s/2023/10/10/15/76383557-0-image-a-33_1696948124478.jpg,https://www.dailymail.com/lifestyle/article-12904237/I-thought-falling-love-Kevin-Costner-really-artist-using-AI-create-deepfake-videos-voice-notes-phone-calls-resembling-star.html,www.dailymail.com,nan,5.0,1,"(386.3263854980469, 71.60231018066406, 568.5587158203125, 321.6026306152344)",0.18752
Q001674,ID000210,Kevin Costner,Fake,Kevin Costner AI generated,4,AI Deepfake Kevin Costner Frauds Yellowstone Fans!,https://i.ytimg.com/vi/TFg96v2F_vo/maxresdefault.jpg,https://www.youtube.com/watch?v=TFg96v2F_vo,www.youtube.com,nan,3.0,1,"(802.430419921875, 127.24493408203125, 1149.9322509765625, 585.1669921875)",0.17267
Q001675,ID000210,Kevin Costner,Fake,Kevin Costner deepfake,6,"Yellowstone' Fan Scammed By Deepfake Kevin Costner: ""I Thought It Was  Really Him"" - Wide Open Country",https://www.wideopencountry.com/wp-content/uploads/sites/4/2024/07/Yellowstone-Fan-Scammed-By-Deepfake-Kevin-Costner.jpg,https://www.wideopencountry.com/yellowstone-fan-scammed-by-deepfake-kevin-costner-i-thought-it-was-really-him/,www.wideopencountry.com,nan,7.0,1,"(1182.078857421875, 67.24002075195312, 1559.0843505859375, 592.9205932617188)",0.0465
Q001681,ID000211,Kevin Kline,Real,Kevin Kline,2,Kevin Kline — The Movie Database (TMDB),https://image.tmdb.org/t/p/w500/ArH5dACd9AmWNNMnI6bGEkiFYIM.jpg,https://www.themoviedb.org/person/8945-kevin-kline,www.themoviedb.org,tier2,nan,1,"(130.35043334960938, 154.16574096679688, 438.191162109375, 577.1201171875)",0.34721
Q001681,ID000211,Kevin Kline,Real,Kevin Kline,3,"Kevin Kline Got Booed by a Stadium Full of People, Talks Jimmy Crashing His  Family Dinner (Extended)",https://i.ytimg.com/vi/NmZ1x3JZtLc/maxresdefault.jpg,https://www.youtube.com/watch?v=NmZ1x3JZtLc,www.youtube.com,tier2,nan,1,"(498.86590576171875, 151.01821899414062, 757.266845703125, 470.547607421875)",0.08959
Q001689,ID000212,Kevin Spacey,Real,Kevin Spacey,1,Kevin Spacey - IMDb,https://m.media-amazon.com/images/M/MV5BMTY1NzMyODc3Nl5BMl5BanBnXkFtZTgwNzE2MzA1NDM@._V1_.jpg,https://www.imdb.com/name/nm0000228/,www.imdb.com,tier2,nan,1,"(808.4727783203125, 217.0660400390625, 1127.413818359375, 668.073974609375)",0.05433
Q001689,ID000212,Kevin Spacey,Real,Kevin Spacey,2,Kevin Spacey - Wikipedia,https://upload.wikimedia.org/wikipedia/commons/thumb/8/82/Kevin_Spacey_%2848171134437%29.jpg/250px-Kevin_Spacey_%2848171134437%29.jpg,https://en.wikipedia.org/wiki/Kevin_Spacey,en.wikipedia.org,tier2,nan,1,"(74.13568878173828, 65.12803649902344, 196.29086303710938, 236.74380493164062)",0.24027
Q001689,ID000212,Kevin Spacey,Real,Kevin Spacey,3,Kevin Spacey Movies & TV Shows List | Rotten Tomatoes | Rotten Tomatoes,https://resizing.flixster.com/h5FrgYti_93DOPlQb_AmUZ6Mvuk=/fit-in/352x330/v2/https://resizing.flixster.com/-XZAfHZM39UwaGJIFWKAE8fS0ak=/v3/t/assets/36904_v9_bc.jpg,https://www.rottentomatoes.com/celebrity/kevin_spacey,www.rottentomatoes.com,tier2,nan,1,"(75.16881561279297, 48.520164489746094, 195.5478973388672, 207.54977416992188)",0.23392
Q001690,ID000212,Kevin Spacey,Fake,Kevin Spacey AI generated,32,Kevin Spacey (Dark Impasto) #2 - Kevin Spacey Portrait in Im...,https://creator.nightcafe.studio/jobs/Kvv5M9GtPSBmpByPp9bm/Kvv5M9GtPSBmpByPp9bm--1--fjbyl.jpg,https://creator.nightcafe.studio/creation/Kvv5M9GtPSBmpByPp9bm,creator.nightcafe.studio,nan,5.0,1,"(303.2533264160156, 115.83197021484375, 649.5929565429688, 597.5621948242188)",0.15911
Q001691,ID000212,Kevin Spacey,Fake,Kevin Spacey deepfake,50,Deepfake And What It Could Mean For The Film Industry – VFXwire,https://i0.wp.com/www.vfxwire.com/wp-content/uploads/Deepfake.png?fit=1151%2C515&ssl=1,https://www.vfxwire.com/deepfake-and-what-it-could-mean-for-the-film-industry/,www.vfxwire.com,nan,7.0,1,"(596.2664184570312, 23.885530471801758, 817.8645629882812, 332.0513916015625)",0.1152
Q001692,ID000212,Kevin Spacey,Fake,Kevin Spacey AI image,2,Premium Free ai Images | Iconic Actor: Kevin Spacey,https://yi-ai.s3.eu-central-1.amazonaws.com/prod/0/2/2023/07/14-0013782-64b10c7f64835.png,https://lumenor.ai/ai-generated-images-gallery/kevin-spacey-hBTYMrZPz1/,lumenor.ai,nan,5.0,1,"(223.32020568847656, 161.20306396484375, 685.725341796875, 846.0574340820312)",0.40268
Q001697,ID000213,Kevin-Xu,Real,Kevin-Xu,4,About Kevin Xu — Kevin Xu Initiative,https://images.squarespace-cdn.com/content/v1/650a374d936996258cfcbd33/70b16f13-e39a-4008-96f0-73060d77a066/4ea6045bf741d16e35644d09112d5f7e.JPG,https://www.kevinxuinitiative.org/about,www.kevinxuinitiative.org,tier2,nan,1,"(829.6339721679688, 380.373779296875, 1570.6988525390625, 1369.0799560546875)",0.10681
Q001697,ID000213,Kevin-Xu,Real,Kevin-Xu,5,Sir Jack A Lot returns with a startup for retail traders,https://techcrunch.com/wp-content/uploads/2024/06/founder-headshot-1.jpg?w=1024,https://techcrunch.com/2024/06/22/deal-dive-sir-jack-a-lot-returns-with-a-startup-for-retail-traders/,techcrunch.com,tier2,nan,1,"(444.14532470703125, 244.75286865234375, 580.3687744140625, 419.8884582519531)",0.03038
Q001701,ID000213,Kevin-Xu,Fake,Kevin-Xu viral deepfake,45,Deepfake - Wikipedia,https://upload.wikimedia.org/wikipedia/commons/thumb/9/9c/Dictators_-_Kim_Jong-Un_by_RepresentUs.webm/1280px--Dictators_-_Kim_Jong-Un_by_RepresentUs.webm.jpg,https://en.wikipedia.org/wiki/Deepfake,en.wikipedia.org,nan,5.0,1,"(562.4381103515625, 143.50831604003906, 716.3449096679688, 340.31536865234375)",0.03287
Q001705,ID000214,Kiefer Sutherland,Real,Kiefer Sutherland,2,Kiefer Sutherland - IMDb,https://m.media-amazon.com/images/M/MV5BMjQ1MjI5ODI3Nl5BMl5BanBnXkFtZTcwNTQzOTM0Mw@@._V1_FMjpg_UX1000_.jpg,https://www.imdb.com/name/nm0000662/,www.imdb.com,tier2,nan,1,"(252.00181579589844, 259.3570861816406, 732.4215087890625, 906.5031127929688)",0.22464
Q001705,ID000214,Kiefer Sutherland,Real,Kiefer Sutherland,3,Kiefer Sutherland filmography - Wikipedia,https://upload.wikimedia.org/wikipedia/commons/thumb/6/63/Kiefer_Sutherland_2_SDCC_2014.jpg/250px-Kiefer_Sutherland_2_SDCC_2014.jpg,https://en.wikipedia.org/wiki/Kiefer_Sutherland_filmography,en.wikipedia.org,tier2,nan,1,"(52.34603500366211, 48.494258880615234, 191.7213592529297, 240.03543090820312)",0.28175
Q001706,ID000214,Kiefer Sutherland,Fake,Kiefer Sutherland AI generated,2,Kiefer Sutherland as Albert Wesker in 3D Game Art - AI Art,https://creator.nightcafe.studio/jobs/pjyQ5VKeszvO02b81R9U/pjyQ5VKeszvO02b81R9U--1--wc15u.jpg,https://creator.nightcafe.studio/creation/pjyQ5VKeszvO02b81R9U,creator.nightcafe.studio,nan,8.0,1,"(458.0563049316406, 159.7581329345703, 681.337646484375, 454.8946838378906)",0.06285
Q001706,ID000214,Kiefer Sutherland,Fake,Kiefer Sutherland AI generated,3,"Kiefer Sutherland as vampire David in ""Lost Boys""",https://creator.nightcafe.studio/jobs/QtMDYbix01oLUScKYR7A/QtMDYbix01oLUScKYR7A--1--wsoc5.jpg,https://creator.nightcafe.studio/creation/QtMDYbix01oLUScKYR7A,creator.nightcafe.studio,nan,5.0,1,"(393.904296875, 223.98379516601562, 634.181640625, 546.4880981445312)",0.0739
Q001711,ID000214,Kiefer Sutherland,Fake,Kiefer Sutherland Stable Diffusion,1,Kiefer Sutherland Heli Pilot | Stable Diffusion Online,https://imgcdn.stablediffusionweb.com/2024/11/11/4661e519-03f3-435b-8187-ef0bbde2db85.jpg,https://stablediffusionweb.com/image/22387733-kiefer-sutherland-heli-pilot,stablediffusionweb.com,nan,7.0,1,"(191.8519744873047, 275.9491882324219, 498.9841003417969, 694.6176147460938)",0.12263
Q001711,ID000214,Kiefer Sutherland,Fake,Kiefer Sutherland Stable Diffusion,2,Kiefer Sutherland at a Cannabis Dispensary | Stable Diffusion Online,https://imgcdn.stablediffusionweb.com/2024/10/10/93344005-94ff-40d7-b613-bede2ac94614.jpg,https://stablediffusionweb.com/image/19555432-kiefer-sutherland-at-a-cannabis-dispensary,stablediffusionweb.com,nan,7.0,1,"(429.07513427734375, 182.9232940673828, 607.700439453125, 425.2176513671875)",0.04127
Q001711,ID000214,Kiefer Sutherland,Fake,Kiefer Sutherland Stable Diffusion,44,Kiefer Sutherland at a Cannabis Dispensary | Stable Diffusion Online,https://imgcdn.stablediffusionweb.com/2025/10/6/feb2a950-b626-4cc3-9c85-6fddceb92c97.jpg,https://stablediffusionweb.com/image/19555432-kiefer-sutherland-at-a-cannabis-dispensary,stablediffusionweb.com,nan,7.0,1,"(442.2755432128906, 219.7127685546875, 630.703125, 468.27716064453125)",0.04467
Q001713,ID000215,Kim-Jong-Un,Real,Kim-Jong-Un,1,"Kim Jong-Un | Facts, Biography, & Nuclear Program | Britannica",https://cdn.britannica.com/01/261801-050-58B7375E/north-korean-supreme-leader-kim-jong-un-speaks-during-press-conference-june-19-2024.jpg,https://www.britannica.com/biography/Kim-Jong-Eun,www.britannica.com,tier2,nan,1,"(579.4428100585938, 243.87371826171875, 820.19580078125, 595.991455078125)",0.04821
Q001713,ID000215,Kim-Jong-Un,Real,Kim-Jong-Un,2,Kim Jong-un - Wikipedia,https://upload.wikimedia.org/wikipedia/commons/6/6e/Kim_Jong-un_April_2019_%28cropped%29.jpg,https://sco.wikipedia.org/wiki/Kim_Jong-un,sco.wikipedia.org,tier2,nan,1,"(322.76959228515625, 181.7167205810547, 740.7942504882812, 716.46728515625)",0.15217
Q001713,ID000215,Kim-Jong-Un,Real,Kim-Jong-Un,3,List of Kim Jong Un's titles - Wikipedia,https://upload.wikimedia.org/wikipedia/commons/0/06/Kim_Jong-un_and_Vladimir_Putin_%282023-09-13%29_12_%28cropped%29.jpg,https://en.wikipedia.org/wiki/List_of_Kim_Jong_Un%27s_titles,en.wikipedia.org,tier2,nan,1,"(502.3359069824219, 319.87628173828125, 1246.2381591796875, 1266.2025146484375)",0.18538
Q001714,ID000215,Kim-Jong-Un,Fake,Kim-Jong-Un AI generated,17,North Korean Leader Kim Jong Un Photorealistic | Stable Diffusion Online,https://imgcdn.stablediffusionweb.com/2024/12/4/874350b4-b969-4d29-8ad7-0d7d0a017c19.jpg,https://stablediffusionweb.com/image/24488906-north-korean-leader-kim-jong-un-photorealistic,stablediffusionweb.com,nan,7.0,1,"(294.9389343261719, 174.5419464111328, 723.7756958007812, 751.4154052734375)",0.23592
Q001714,ID000215,Kim-Jong-Un,Fake,Kim-Jong-Un AI generated,42,ai generated art Kim Jong Un as an evil kitty : r/YouTube_startups,https://preview.redd.it/ai-generated-art-kim-jong-un-as-an-evil-kitty-v0-pagvdcsjll1b1.png?width=536&format=png&auto=webp&s=7303cd5898ec24ddb590e2ad1097d52aeea7eefd,https://www.reddit.com/r/YouTube_startups/comments/13prgua/ai_generated_art_kim_jong_un_as_an_evil_kitty/,www.reddit.com,nan,7.0,1,"(108.17053985595703, 70.17497253417969, 417.05975341796875, 453.8898620605469)",0.32001
Q001715,ID000215,Kim-Jong-Un,Fake,Kim-Jong-Un deepfake,1,"‘Deepfake’ technology takes centre stage in campaign ads featuring King  Jong Un, Vladimir Putin",https://media.globalnews.ca/videostatic/news/f71v2uukc7-io5b5jylpy/DeepfakeThumber.jpg,https://globalnews.ca/video/7368827/deepfake-technology-takes-centre-stage-in-campaign-ads-featuring-king-jong-un-vladimir-putin/,globalnews.ca,nan,7.0,1,"(866.0042724609375, 234.27081298828125, 1090.4969482421875, 521.2264404296875)",0.03107
Q001716,ID000215,Kim-Jong-Un,Fake,Kim-Jong-Un AI image,40,Kim Jong-un Portrait | Stable Diffusion Online,https://imgcdn.stablediffusionweb.com/2024/11/28/dd823d29-d64a-4231-b982-5d1fd62968de.jpg,https://stablediffusionweb.com/image/23942818-kim-jong-un-portrait,stablediffusionweb.com,nan,7.0,1,"(324.22161865234375, 171.61598205566406, 784.6807861328125, 782.50146484375)",0.26826
Q001717,ID000215,Kim-Jong-Un,Fake,Kim-Jong-Un viral deepfake,4,Synthetic Sovereign: How Kim Jong Un Could Rule Forever as a Deepfake – The  Diplomat,https://thediplomat.com/wp-content/uploads/2025/07/sizes/td-story-s-2/thediplomat_2025-07-07-152824.jpg,https://thediplomat.com/2025/07/synthetic-sovereign-how-kim-jong-un-could-rule-forever-as-a-deepfake/,thediplomat.com,nan,5.0,1,"(261.0335388183594, 57.831275939941406, 461.5599670410156, 308.95111083984375)",0.20982
Q001721,ID000216,Kirsten Dunst,Real,Kirsten Dunst,1,Kirsten Dunst Movies & TV Shows List | Rotten Tomatoes | Rotten Tomatoes,https://resizing.flixster.com/E3r0GdbcgN_P_3-QPZ1GQhxX5nU=/fit-in/352x330/v2/https://resizing.flixster.com/-XZAfHZM39UwaGJIFWKAE8fS0ak=/v3/t/assets/GNLZZGG002GYL73.jpg,https://www.rottentomatoes.com/celebrity/kirsten_dunst,www.rottentomatoes.com,tier2,nan,1,"(76.99579620361328, 44.83089828491211, 173.21189880371094, 177.3655242919922)",0.15582
Q001723,ID000216,Kirsten Dunst,Fake,Kirsten Dunst deepfake,5,Kirsten Dunst deepfaked in Spider-Man PS4,https://external-preview.redd.it/kirsten-dunst-deepfaked-in-spider-man-ps4-v0-BT7ivSRb_hzugG2jRn9r-F7eUhiyjI0F-dkDdcadv-Y.png?format=pjpg&auto=webp&s=18a886ee997b97dc6f12ab54cedc9a59be5f09d3,https://www.reddit.com/r/Spiderman/comments/ptdapu/kirsten_dunst_deepfaked_in_spiderman_ps4/,www.reddit.com,nan,7.0,1,"(963.8553466796875, 143.21180725097656, 1348.92578125, 655.9650268554688)",0.09522
Q001723,ID000216,Kirsten Dunst,Fake,Kirsten Dunst deepfake,50,"Vídeo deepfake coloca Tobey Maguire, Kirsten Dunst e Willem Dafoe em  Marvel's Spider-Man - Jovem Nerd",https://uploads.jovemnerd.com.br/wp-content/uploads/2020/08/video-deepfake-coloca-tobey-maguire-kirsten-dunst-e-willem-dafoe-em-marvels-spider-man.jpg,https://jovemnerd.com.br/noticias/games/video-deepfake-coloca-tobey-maguire-kirsten-dunst-e-willem-dafoe-em-marvels-spider-man,jovemnerd.com.br,nan,7.0,1,"(470.8678894042969, 27.593862533569336, 734.7962646484375, 391.56964111328125)",0.14594
Q001727,ID000216,Kirsten Dunst,Fake,Kirsten Dunst Stable Diffusion,50,kirsten dunst full body shot Prompts | Stable Diffusion Online,https://imgcdn.stablediffusionweb.com/2024/10/31/124dde30-3bdc-4f8e-96d7-f6ae8e01416f.jpg,https://stablediffusionweb.com/prompts/kirsten-dunst-full-body-shot,stablediffusionweb.com,nan,7.0,1,"(331.19342041015625, 103.83673858642578, 639.8189086914062, 527.2573852539062)",0.12462
Q001729,ID000217,Kristen Stewart,Real,Kristen Stewart,2,Kristen Stewart - IMDb,https://m.media-amazon.com/images/M/MV5BMzczM2U3ZjctYjVjYS00OWJiLTlkMzEtNDc4ZGNjMjRjMjM1XkEyXkFqcGc@._V1_FMjpg_UX1000_.jpg,https://www.imdb.com/name/nm0829576/,www.imdb.com,tier2,nan,1,"(294.58184814453125, 268.18505859375, 595.7674560546875, 668.982421875)",0.11229
Q001729,ID000217,Kristen Stewart,Real,Kristen Stewart,3,Kristen Stewart - Wikipedia,https://upload.wikimedia.org/wikipedia/commons/thumb/e/e8/Kristen_Stewart_Life_Magazine_1.JPG/250px-Kristen_Stewart_Life_Magazine_1.JPG,https://en.wikipedia.org/wiki/Kristen_Stewart,en.wikipedia.org,tier2,nan,1,"(60.93219757080078, 70.77037048339844, 169.4793701171875, 218.57403564453125)",0.17251
Q001730,ID000217,Kristen Stewart,Fake,Kristen Stewart AI generated,9,Kristen Stewart Meets Star Wars Character | Stable Diffusion Online,https://imgcdn.stablediffusionweb.com/2024/10/24/9f8cd530-bfae-4593-9867-e025fd8f82e4.jpg,https://stablediffusionweb.com/image/20883456-kristen-stewart-meets-star-wars-character,stablediffusionweb.com,nan,7.0,1,"(291.85784912109375, 245.46841430664062, 692.7135009765625, 763.4738159179688)",0.19803
Q001731,ID000217,Kristen Stewart,Fake,Kristen Stewart deepfake,21,Scarlett Johansson warns of dangers of AI after Kanye West deepfake goes  viral | AI (artificial intelligence) | The Guardian,https://i.guim.co.uk/img/media/d3ad4cf8061803a61b207140448d89bb66550630/0_39_5371_3223/master/5371.jpg?width=1200&height=900&quality=85&auto=format&fit=crop&s=a0ff0bd3160b1fd1ded67ab6045c1dd1,https://www.theguardian.com/technology/2025/feb/13/scarlett-johansson-ai-kanye-west-deepfake,www.theguardian.com,nan,5.0,1,"(408.053466796875, 109.28691864013672, 699.4710083007812, 484.0908508300781)",0.10113
Q001732,ID000217,Kristen Stewart,Fake,Kristen Stewart AI image,40,Kristen Stewart as Aphrodite in Hyperrealism - AI Art,https://creator.nightcafe.studio/jobs/xD2KuIY2T1gYnF6wvHkE/xD2KuIY2T1gYnF6wvHkE--1--4g5al.jpg,https://creator.nightcafe.studio/creation/xD2KuIY2T1gYnF6wvHkE,creator.nightcafe.studio,nan,8.0,1,"(413.7261657714844, 159.48574829101562, 662.8961791992188, 517.4312744140625)",0.08506
Q001737,ID000218,Kristin Scott Thomas,Real,Kristin Scott Thomas,1,Kristin Scott Thomas - IMDb,https://m.media-amazon.com/images/M/MV5BNDc2MjQ1MzE4NV5BMl5BanBnXkFtZTcwMzU4NDU1OQ@@._V1_FMjpg_UX1000_.jpg,https://www.imdb.com/name/nm0000218/,www.imdb.com,tier2,nan,1,"(281.5610046386719, 309.0870666503906, 685.1882934570312, 834.0671997070312)",0.13411
Q001529,ID000192,Josh Brolin,Real,Josh Brolin,1,Josh Brolin - Wikipedia,https://upload.wikimedia.org/wikipedia/commons/1/10/Josh_Brolin_TIFF_2025_%28cropped%29.jpg,https://en.wikipedia.org/wiki/Josh_Brolin,en.wikipedia.org,tier2,nan,1,"(291.958984375, 282.5643310546875, 865.0709228515625, 1057.52099609375)",0.2144
Q001690,ID000212,Kevin Spacey,Fake,Kevin Spacey AI generated,4,Premium Free ai Images | Powerful Performances: Kevin Spacey,https://yi-ai.s3.eu-central-1.amazonaws.com/prod/0/2/2023/07/14-0013783-64b10c8d35b71.png,https://lumenor.ai/ai-generated-images-gallery/kevin-spacey-hBTYp0KOnT/,lumenor.ai,nan,5.0,1,"(112.7181625366211, 143.16087341308594, 538.1257934570312, 741.31494140625)",0.32356
Q000097,ID000013,Alexandria Ocasio-Cortez,Real,Alexandria Ocasio-Cortez,1,Alexandria Ocasio-Cortez - Wikipedia,https://upload.wikimedia.org/wikipedia/commons/4/4a/Alexandria_Ocasio-Cortez_Official_Portrait.jpg,https://en.wikipedia.org/wiki/Alexandria_Ocasio-Cortez,en.wikipedia.org,tier2,nan,1,"(1123.23291015625, 713.6513671875, 2242.76708984375, 2280.212158203125)",0.12428
Q000241,ID000031,Arnold Schwarzenegger,Real,Arnold Schwarzenegger,4,Arnold Schwarzenegger filmography - Wikipedia,https://upload.wikimedia.org/wikipedia/commons/a/a5/Arnold_Schwarzenegger_by_Gage_Skidmore_3.jpg,https://en.wikipedia.org/wiki/Arnold_Schwarzenegger_filmography,en.wikipedia.org,tier2,nan,1,"(1011.593994140625, 468.6410217285156, 1860.99951171875, 1614.7308349609375)",0.09336
Q000273,ID000035,Audrey Tautou,Real,Audrey Tautou,2,Audrey Tautou - Wikipedia,https://upload.wikimedia.org/wikipedia/commons/7/7a/Audrey_Tautou_Berlin_2015.jpg,https://en.wikipedia.org/wiki/Audrey_Tautou,en.wikipedia.org,tier2,nan,1,"(162.2904052734375, 212.20664978027344, 487.4209899902344, 622.047607421875)",0.18036
Q000337,ID000043,Benedict Cumberbatch,Real,Benedict Cumberbatch,2,Benedict Cumberbatch - Wikipedia,https://upload.wikimedia.org/wikipedia/commons/a/ab/Benedict_Cumberbatch-67555.jpg,https://en.wikipedia.org/wiki/Benedict_Cumberbatch,en.wikipedia.org,tier2,nan,1,"(633.4430541992188, 582.5471801757812, 1613.6553955078125, 1884.3116455078125)",0.16752
Q000425,ID000054,Bruce Willis,Real,Bruce Willis,3,Bruce Willis filmography - Wikipedia,https://upload.wikimedia.org/wikipedia/commons/thumb/0/03/Bruce_Willis_by_Gage_Skidmore.jpg/960px-Bruce_Willis_by_Gage_Skidmore.jpg,https://en.wikipedia.org/wiki/Bruce_Willis_filmography,en.wikipedia.org,tier2,nan,1,"(286.4086608886719, 119.21147155761719, 737.1287841796875, 726.3230590820312)",0.23753
Q000465,ID000059,Cameron Diaz,Real,Cameron Diaz,1,Cameron Diaz - Wikipedia,https://upload.wikimedia.org/wikipedia/commons/9/99/Cameron_Diaz_at_WWD_Style_Awards_2026-1998.jpg,https://en.wikipedia.org/wiki/Cameron_Diaz,en.wikipedia.org,tier2,nan,1,"(496.83270263671875, 364.21978759765625, 1052.9373779296875, 1136.572509765625)",0.13422
Q000473,ID000060,Cameron-Green,Real,Cameron-Green,1,Cameron Green - Wikipedia,https://upload.wikimedia.org/wikipedia/commons/b/b4/Cameron_Green_fielding_Boxing_Day_2022_%28cropped%29.jpg,https://en.wikipedia.org/wiki/Cameron_Green,en.wikipedia.org,tier2,nan,1,"(523.062255859375, 196.16355895996094, 785.6027221679688, 548.10302734375)",0.04138
Q001313,ID000165,Jean Dujardin,Real,Jean Dujardin,3,Jean Dujardin - Wikipedia,https://upload.wikimedia.org/wikipedia/commons/thumb/a/a2/Jean_Dujardin_2016.jpg/250px-Jean_Dujardin_2016.jpg,https://sco.wikipedia.org/wiki/Jean_Dujardin,sco.wikipedia.org,tier2,nan,1,"(76.98859405517578, 55.83246612548828, 206.3496551513672, 239.39889526367188)",0.26908
Q001729,ID000217,Kristen Stewart,Real,Kristen Stewart,1,Kristen Stewart - Wikipedia,https://upload.wikimedia.org/wikipedia/commons/3/3b/Kristen_Stewart_at_WWD_Style_Awards_2026.jpg,https://en.wikipedia.org/wiki/Kristen_Stewart,en.wikipedia.org,tier2,nan,1,"(544.1980590820312, 466.907470703125, 1038.6912841796875, 1128.457763671875)",0.10223
Q001743,ID000218,Kristin Scott Thomas,Fake,Kristin Scott Thomas Stable Diffusion,2,kristin scott thomas Prompts | Stable Diffusion Online,https://imgcdn.stablediffusionweb.com/2024/9/9/89b66c07-3467-4940-bbcc-91d873733a65.jpg,https://stablediffusionweb.com/de/prompts/kristin-scott-thomas,stablediffusionweb.com,nan,7.0,1,"(444.2126159667969, 190.90121459960938, 698.4520263671875, 570.6951293945312)",0.09209
Q001745,ID000219,Kurt Russell,Real,Kurt Russell,2,Kurt Russell — The Movie Database (TMDB),https://image.tmdb.org/t/p/w500/6g1d98oH4miG4k0ZiZWmF3Dt0bO.jpg,https://www.themoviedb.org/person/6856-kurt-russell,www.themoviedb.org,tier2,nan,1,"(123.05573272705078, 144.84567260742188, 383.3570251464844, 513.107177734375)",0.25562
Q001746,ID000219,Kurt Russell,Fake,Kurt Russell AI generated,5,Great Old One Warlock: Young Kurt Russell Portrait - AI Art,https://creator.nightcafe.studio/jobs/DjNBVrGxOvDdQ8zPs6M9/DjNBVrGxOvDdQ8zPs6M9--1--ubhs4.jpg,https://creator.nightcafe.studio/creation/DjNBVrGxOvDdQ8zPs6M9,creator.nightcafe.studio,nan,8.0,1,"(313.56622314453125, 217.8980712890625, 664.0814819335938, 664.2855834960938)",0.14922
Q001747,ID000219,Kurt Russell,Fake,Kurt Russell deepfake,32,Elvis Presley - Blue Moon Of Kentucky (deepfake) Kurt Russell,https://i.ytimg.com/vi/Zr6fdGvo57E/sddefault.jpg,https://www.youtube.com/watch?v=Zr6fdGvo57E,www.youtube.com,nan,3.0,1,"(242.97946166992188, 145.8841552734375, 372.4405517578125, 319.95501708984375)",0.07336
Q001753,ID000220,Lady-gagga,Real,Lady-gagga,1,Lady Gaga - Wikipedia,https://upload.wikimedia.org/wikipedia/commons/thumb/0/0e/Lady_Gaga_at_Joe_Biden%27s_inauguration_%28cropped_5%29.jpg/960px-Lady_Gaga_at_Joe_Biden%27s_inauguration_%28cropped_5%29.jpg,https://en.wikipedia.org/wiki/Lady_Gaga,en.wikipedia.org,tier2,nan,1,"(459.86859130859375, 173.83792114257812, 684.37939453125, 504.0037536621094)",0.05484
Q001753,ID000220,Lady-gagga,Real,Lady-gagga,2,"Lady Gaga: Musician, Grammy-Winning Singer, Oscar-Nominated Actor","https://hips.hearstapps.com/hmg-prod/images/lady-gaga-attends-the-64th-annual-grammy-awards-at-mgm-news-photo-1727455427.jpg?crop=1.00xw:0.667xh;0,0.0477xh&resize=640:*",https://www.biography.com/musicians/lady-gaga,www.biography.com,tier2,nan,1,"(194.83981323242188, 90.10454559326172, 431.99188232421875, 413.8375549316406)",0.18714
Q001754,ID000220,Lady-gagga,Fake,Lady-gagga AI generated,1,"Lady Gaga's New Project, AI-Generated Music and Audience Insights :  r/DefendingAIArt",https://preview.redd.it/lady-gagas-new-project-ai-generated-music-and-audience-v0-0rgnwdtianyd1.png?width=1168&format=png&auto=webp&s=114bc83ee4ec8f1bb87bc5ff00573e59beed31be,https://www.reddit.com/r/DefendingAIArt/comments/1gii5uu/lady_gagas_new_project_aigenerated_music_and/,www.reddit.com,nan,7.0,1,"(392.0840759277344, 210.01475524902344, 815.4569702148438, 728.6971435546875)",0.16152
Q001754,ID000220,Lady-gagga,Fake,Lady-gagga AI generated,25,AI generated Lady Gaga portraits : r/LadyGaga,https://i.redd.it/ai-generated-lady-gaga-portraits-v0-qn604q6fi3p91.jpg?width=512&format=pjpg&auto=webp&s=d9218a6affabfaa78c6b5cee63f1bc87d235bc9c,https://www.reddit.com/r/LadyGaga/comments/xjnonc/ai_generated_lady_gaga_portraits/,www.reddit.com,nan,7.0,1,"(176.72247314453125, 81.78382873535156, 326.3827209472656, 282.5899658203125)",0.11464
Q001754,ID000220,Lady-gagga,Fake,Lady-gagga AI generated,42,AI generated Lady Gaga portraits : r/LadyGaga,https://i.redd.it/ai-generated-lady-gaga-portraits-v0-oplx7q6fi3p91.jpg?width=512&format=pjpg&auto=webp&s=993fefdd99ff39332c66de8ddbb1cb27c265157c,https://www.reddit.com/r/LadyGaga/comments/xjnonc/ai_generated_lady_gaga_portraits/,www.reddit.com,nan,7.0,1,"(154.16807556152344, 14.200443267822266, 419.7702941894531, 400.2645568847656)",0.39116
Q001761,ID000221,Lamar Jackson,Real,Lamar Jackson,1,Lamar Jackson - Baltimore Ravens Quarterback - ESPN,https://a.espncdn.com/i/headshots/nfl/players/full/3916387.png,https://www.espn.com/nfl/player/_/id/3916387/lamar-jackson,www.espn.com,tier2,nan,1,"(223.4456329345703, 89.00641632080078, 373.2915344238281, 286.1067810058594)",0.1129
Q001762,ID000221,Lamar Jackson,Fake,Lamar Jackson AI generated,37,NFL Super Bowl Champion Lamar Jackson Walks Out to... - AI Art,https://creator.nightcafe.studio/jobs/blElISibZ4uuEu1jalE4/blElISibZ4uuEu1jalE4--0--qjhwu.jpg,https://creator.nightcafe.studio/creation/Y36MYqnwEWGrmSmO21DO/lamar-jackson-walking-out-of-the-super-bowl,creator.nightcafe.studio,nan,8.0,1,"(112.21577453613281, 115.81025695800781, 307.46453857421875, 386.2903747558594)",0.19535
Q001763,ID000221,Lamar Jackson,Fake,Lamar Jackson deepfake,25,Do Kendrick Lamar 'Heart Part 5' Deepfakes Violate Copyright Law?,https://www.billboard.com/wp-content/uploads/2022/05/Kendrick-Lamar-The-Heart-Part-5-screenshoot-2022-billboard-1548.jpg,https://www.billboard.com/business/legal/kendrick-lamar-deepfakes-heart-part-5-video-1235070377/,www.billboard.com,nan,5.0,1,"(825.0198364257812, 247.99697875976562, 1067.037353515625, 563.0070190429688)",0.0481
Q001769,ID000222,Lamine-yaml,Real,Lamine-yaml,2,Lamine Yamal: Barcelona star finding new ways to amaze - BBC Sport,https://c.files.bbci.co.uk/fff8/live/359be8f0-fec4-11ef-b075-832bb2d2dcd1.jpg,https://www.bbc.com/sport/football/articles/cdrxne65zd6o,www.bbc.com,tier2,nan,1,"(336.2081604003906, 55.869014739990234, 464.5103454589844, 207.2479705810547)",0.03446
Q001777,ID000223,Laura-Wolvaardt,Real,Laura-Wolvaardt,3,Laura Wolvaardt | Player Profile,https://www.delhicapitals.in/static-assets/images/players/wpl/66176.png?v=2.58,https://www.delhicapitals.in/wpl-players/66176-laura-wolvaardt-profile,www.delhicapitals.in,tier2,nan,1,"(360.1339416503906, 128.8816680908203, 529.8405151367188, 368.96112060546875)",0.03773
Q001781,ID000223,Laura-Wolvaardt,Fake,Laura-Wolvaardt viral deepfake,32,This Video May Not Be Real,https://static01.nyt.com/images/2019/08/16/autossell/14op-deepfakes-claire/14op-deepfakes-claire-superJumbo.jpg,https://www.nytimes.com/2019/08/14/opinion/deepfakes-adele-disinformation.html,www.nytimes.com,nan,4.0,1,"(559.2894287109375, 102.38265228271484, 827.5979614257812, 463.28900146484375)",0.08873
Q001785,ID000224,Lautaro MartÃ­nez,Real,Lautaro MartÃ­nez,1,Lautaro Martínez - Wikipedia,https://upload.wikimedia.org/wikipedia/commons/e/e9/Lautaro_Martinez_Argentina_v_Spain_19_July_2026-049_%28cropped%29.jpg,https://en.wikipedia.org/wiki/Lautaro_Mart%C3%ADnez,en.wikipedia.org,tier2,nan,1,"(419.81610107421875, 283.95904541015625, 1017.4160766601562, 1077.3900146484375)",0.14208
Q001785,ID000224,Lautaro MartÃ­nez,Real,Lautaro MartÃ­nez,3,Lautaro Martínez - Player profile 26/27 | Transfermarkt,https://img.a.transfermarkt.technology/portrait/big/406625-1695024988.jpg?lm=1,https://www.transfermarkt.us/lautaro-martinez/profil/spieler/406625,www.transfermarkt.us,tier2,nan,1,"(48.58067321777344, 93.27946472167969, 262.22076416015625, 362.9563903808594)",0.49243
Q001795,ID000225,LeBron-James,Fake,LeBron-James deepfake,4,Why is LeBron James furious with an AI company? Legal action over deepfake  pregnancy videos explained | NBA News - The Times of India,"https://static.toiimg.com/thumb/msid-122969018,width-1280,height-720,imgsize-45334,resizemode-6,overlay-toi_sw,pt-32,y_pad-40/photo.jpg",https://timesofindia.indiatimes.com/sports/nba/top-stories/why-is-lebron-james-furious-with-an-ai-company-legal-action-over-deepfake-pregnancy-videos-explained/articleshow/122968979.cms,timesofindia.indiatimes.com,nan,5.0,1,"(489.026123046875, 79.81575012207031, 708.43115234375, 382.34857177734375)",0.07202
Q001801,ID000226,Lee-Min-ho,Real,Lee-Min-ho,4,"Lee Min-ho - Simple English Wikipedia, the free encyclopedia",https://upload.wikimedia.org/wikipedia/commons/1/17/20220401_Lee_Min-ho_%EC%9D%B4%EB%AF%BC%ED%98%B8_ELLE_Taiwan_%282%29.jpg,https://simple.wikipedia.org/wiki/Lee_Min-ho,simple.wikipedia.org,tier2,nan,1,"(216.90943908691406, 105.19743347167969, 419.525146484375, 372.61297607421875)",0.12725
Q001802,ID000226,Lee-Min-ho,Fake,Lee-Min-ho AI generated,10,openfree/lee-min-ho · Hugging Face,https://huggingface.co/openfree/lee-min-ho/resolve/main/samples/1746430705853__000001144_1.jpg,https://huggingface.co/openfree/lee-min-ho,huggingface.co,nan,5.0,1,"(288.4012145996094, 128.61495971679688, 571.9815673828125, 478.7212829589844)",0.09468
Q001802,ID000226,Lee-Min-ho,Fake,Lee-Min-ho AI generated,35,openfree/lee-min-ho · Hugging Face,https://huggingface.co/openfree/lee-min-ho/resolve/main/samples/1746430676105__000001144_0.jpg,https://huggingface.co/openfree/lee-min-ho,huggingface.co,nan,5.0,1,"(345.3804931640625, 110.23684692382812, 612.7850952148438, 446.405029296875)",0.08573
Q001803,ID000226,Lee-Min-ho,Fake,Lee-Min-ho deepfake,46,Commentary: PM Lee's deepfake video and the risk when seeing is no longer  believing - CNA,"https://dam.mediacorp.sg/image/upload/s--mOUYrIVn--/f_auto,q_auto/c_fill,g_center,h_598,w_747/v1/mediacorp/cna/image/2023/12/27/untitled.png?itok=VkHY5lUf",https://www.channelnewsasia.com/commentary/deepfake-pm-lee-scam-danger-disinformation-election-4050821,www.channelnewsasia.com,nan,5.0,1,"(511.57830810546875, 113.77959442138672, 650.2630615234375, 308.06536865234375)",0.06032
Q001809,ID000227,Liam Hemsworth,Real,Liam Hemsworth,1,Liam Hemsworth - IMDb,https://m.media-amazon.com/images/M/MV5BYzZhNjVhYzYtODgxZi00MjdmLTk4ZWYtNTA4ZWZmNGY4MzQ3XkEyXkFqcGc@._V1_FMjpg_UX1000_.jpg,https://www.imdb.com/name/nm2955013/,www.imdb.com,tier2,nan,1,"(311.9088134765625, 204.20697021484375, 703.3980712890625, 734.9589233398438)",0.14895
Q001809,ID000227,Liam Hemsworth,Real,Liam Hemsworth,2,Liam Hemsworth - Wikipedia,https://upload.wikimedia.org/wikipedia/commons/thumb/7/79/Liam_Hemsworth_November_2014.jpg/250px-Liam_Hemsworth_November_2014.jpg,https://en.wikipedia.org/wiki/Liam_Hemsworth,en.wikipedia.org,tier2,nan,1,"(68.3198471069336, 61.6552848815918, 190.9362030029297, 224.94390869140625)",0.22817
Q001812,ID000227,Liam Hemsworth,Fake,Liam Hemsworth AI image,8,Liam Hemsworth as Green Lantern Harnesses Cosmic P... - AI Art,"https://images.nightcafe.studio/ik-seo/jobs/0HrAmUHW7XgHQwMiMqZg/0HrAmUHW7XgHQwMiMqZg--1--cglp4_2x/liam-hemsworth-as-green-lantern-charging-his-ring-by-touching-it-to-the-lantern-and-reciting-his-oat.jpg?tr=w-1600,c-at_max",https://creator.nightcafe.studio/creation/0HrAmUHW7XgHQwMiMqZg,creator.nightcafe.studio,nan,8.0,1,"(745.0191040039062, 195.8673095703125, 1039.7938232421875, 607.6631469726562)",0.04742
Q001812,ID000227,Liam Hemsworth,Fake,Liam Hemsworth AI image,10,Acrylic Liam Hemsworth Portrait in Brian Mahon Style | Stable Diffusion  Online,https://imgcdn.stablediffusionweb.com/2024/3/19/72514cb6-7eec-4596-b617-f1b6dffb1aad.jpg,https://stablediffusionweb.com/image/3390752-acrylic-liam-hemsworth-portrait-in-brian-mahon-style,stablediffusionweb.com,nan,7.0,1,"(330.5260314941406, 220.39454650878906, 690.5338745117188, 697.4791870117188)",0.1638
Q001813,ID000227,Liam Hemsworth,Fake,Liam Hemsworth viral deepfake,2,"Liam Hemsworth as Geralt variations [Created by Midjourney AI] idk guys, it  might work. : r/netflixwitcher",https://preview.redd.it/liam-hemsworth-as-geralt-variations-created-by-midjourney-v0-e04kg4rtlmbb1.png?width=1024&format=png&auto=webp&s=b3aae729ce9a036dddc6c7114448dfd69bac4012,https://www.reddit.com/r/netflixwitcher/comments/14y5jps/liam_hemsworth_as_geralt_variations_created_by/,www.reddit.com,nan,5.0,1,"(415.0152282714844, 188.5645294189453, 616.3397827148438, 445.67608642578125)",0.04936
Q001817,ID000228,Lindsay Lohan,Real,Lindsay Lohan,2,Lindsay Lohan - IMDb,https://m.media-amazon.com/images/M/MV5BN2VmNGZjNmItOTQ2Zi00ZjVhLWI2ZGItYzNiMzQ2NjVhZTYxXkEyXkFqcGc@._V1_FMjpg_UX1000_.jpg,https://www.imdb.com/name/nm0517820/,www.imdb.com,tier2,nan,1,"(244.67044067382812, 155.68028259277344, 738.6650390625, 852.6983642578125)",0.26837
Q001817,ID000228,Lindsay Lohan,Real,Lindsay Lohan,3,Lindsay Lohan - IMDb,https://m.media-amazon.com/images/M/MV5BZDg3ZDBlM2UtYzBjZi00NTkwLTkxNWMtNDAwMGQyNWNmMTk3XkEyXkFqcGc@._V1_.jpg,https://www.imdb.com/name/nm0517820/,www.imdb.com,tier2,nan,1,"(758.13916015625, 562.8525390625, 1661.3876953125, 1708.76904296875)",0.06838
Q001818,ID000228,Lindsay Lohan,Fake,Lindsay Lohan AI generated,3,young lindsay lohan with wings Prompts | Stable Diffusion Online,https://imgcdn.stablediffusionweb.com/2024/3/1/06511233-02eb-471b-988a-1f73e7b10e49.jpg,https://stablediffusionweb.com/prompts/young-lindsay-lohan-with-wings,stablediffusionweb.com,nan,7.0,1,"(384.00592041015625, 234.3536376953125, 662.6057739257812, 621.5647583007812)",0.10288
Q001819,ID000228,Lindsay Lohan,Fake,Lindsay Lohan deepfake,40,Jamie Lee Curtis Calls Out Mark Zuckerberg Over Deepfake AI Scam on Meta,https://static0.moviewebimages.com/wordpress/wp-content/uploads/2025/03/jamie-lee-curtis-in-freaky-friday.jpeg?w=1200&h=675&fit=crop,https://movieweb.com/jamie-lee-curtis-ai-deepfake-scam-response-mark-zuckerberg/,movieweb.com,nan,5.0,1,"(413.50445556640625, 145.74769592285156, 774.99169921875, 669.5411376953125)",0.23376
Q001819,ID000228,Lindsay Lohan,Fake,Lindsay Lohan deepfake,46,What the Taylor Swift deepfakes really expose,"https://substackcdn.com/image/fetch/$s_!aCu1!,f_auto,q_auto:good,fl_progressive:steep/https%3A%2F%2Fsubstack-post-media.s3.amazonaws.com%2Fpublic%2Fimages%2F78f77d2d-3354-439f-aaf8-f1f1fb989c6d_6192x4128.jpeg",https://clairecohen.substack.com/p/what-the-taylor-swift-deepfakes-really,clairecohen.substack.com,nan,5.0,1,"(2316.8486328125, 824.8392944335938, 3728.912109375, 2729.3251953125)",0.10521
Q001820,ID000228,Lindsay Lohan,Fake,Lindsay Lohan AI image,48,Lindsay Lohan as a Gothic Disney Witch - AI Art,"https://images.nightcafe.studio/ik-seo/jobs/3dlqYpbeCaNzGCeEOx8j/3dlqYpbeCaNzGCeEOx8j--0--bu4nq/realistic-enchantingly-detailed-visually-stunning-artistic-modern-gothic-but-whimsical-fantasy-drama.jpg?tr=w-1600,c-at_max",https://creator.nightcafe.studio/creation/3dlqYpbeCaNzGCeEOx8j/realistic-enchantingly-detailed-visually-stunning-artistic-modern-gothic-but-whimsical-fantasy-drama,creator.nightcafe.studio,nan,8.0,1,"(380.7892761230469, 136.5795440673828, 603.9107666015625, 430.68890380859375)",0.06258
Q001821,ID000228,Lindsay Lohan,Fake,Lindsay Lohan viral deepfake,6,Andrew Santino as Lindsay Lohan in Parent Trap Deepfake,https://i.ytimg.com/vi/rLHCLJasfmg/maxresdefault.jpg,https://www.youtube.com/watch?v=rLHCLJasfmg,www.youtube.com,nan,3.0,1,"(580.381103515625, 146.06826782226562, 837.5560302734375, 460.5697937011719)",0.08776
Q001825,ID000229,Link-Neal,Real,Link-Neal,1,Link Neal - IMDb,https://m.media-amazon.com/images/M/MV5BYzQ1ZDljZGEtNTliZC00ODkyLTgxODctNDQxNDRiZmI3ZmMyXkEyXkFqcGc@._V1_.jpg,https://www.imdb.com/name/nm0623641/,www.imdb.com,tier2,nan,1,"(243.17930603027344, 339.1663513183594, 775.6568603515625, 1082.44921875)",0.2393
Q001825,ID000229,Link-Neal,Real,Link-Neal,4,Link Neal - Earwolf,https://www.earwolf.com/wp-content/uploads/2014/11/353492.jpg,https://www.earwolf.com/person/link-neal/,www.earwolf.com,tier2,nan,1,"(59.80058670043945, 47.27643585205078, 157.8502197265625, 173.01531982421875)",0.18088
Q001829,ID000229,Link-Neal,Fake,Link-Neal viral deepfake,20,Keir Starmer suffers UK politics' first deepfake moment. It won't be the  last – POLITICO,"https://www.politico.eu/cdn-cgi/image/width=1160,height=773,quality=80,onerror=redirect,format=auto/wp-content/uploads/2023/10/09/GettyImages-1724292667.jpg",https://www.politico.eu/article/uk-keir-starmer-labour-party-deepfake-ai-politics-elections/,www.politico.eu,nan,5.0,1,"(649.8773193359375, 56.659549713134766, 969.8764038085938, 547.0426635742188)",0.175
Q001833,ID000230,Lionel Messi,Real,Lionel Messi,1,Lionel Messi - Wikipedia,https://upload.wikimedia.org/wikipedia/commons/thumb/c/c8/Leo_Messi_Argentina_v_Egypt_7_July_2026-1.jpg/250px-Leo_Messi_Argentina_v_Egypt_7_July_2026-1.jpg,https://en.wikipedia.org/wiki/Lionel_Messi,en.wikipedia.org,tier2,nan,1,"(81.3164291381836, 34.29479217529297, 162.75418090820312, 142.2521209716797)",0.09378
Q001833,ID000230,Lionel Messi,Real,Lionel Messi,2,Lionel Messi,"https://imageio.forbes.com/specials-images/imageserve/663e595b4509f97fdafb95f5/0x0.jpg?format=jpg&crop=383,383,x1045,y23,safe&height=416&width=416&fit=bounds",https://www.forbes.com/profile/lionel-messi/,www.forbes.com,tier2,nan,1,"(148.928466796875, 60.8043212890625, 295.693359375, 254.3135528564453)",0.16411
Q001834,ID000230,Lionel Messi,Fake,Lionel Messi AI generated,12,"Download Ai Generated, Leo Messi, Messi. Royalty-Free Stock Illustration  Image - Pixabay",https://cdn.pixabay.com/photo/2023/08/14/17/15/ai-generated-8190401_1280.jpg,https://pixabay.com/illustrations/ai-generated-leo-messi-messi-soccer-8190401/,pixabay.com,nan,7.0,1,"(696.312255859375, 57.305015563964844, 957.4152221679688, 392.423095703125)",0.09455
Q001836,ID000230,Lionel Messi,Fake,Lionel Messi AI image,10,Lionel Messi Portrait | Stable Diffusion Online,https://imgcdn.stablediffusionweb.com/2024/9/17/4cec4618-ac3b-4174-a8e4-614aa2fcd8b1.jpg,https://stablediffusionweb.com/image/17238715-lionel-messi-portrait,stablediffusionweb.com,nan,7.0,1,"(409.2581481933594, 202.4823760986328, 646.7005615234375, 520.5962524414062)",0.07203
Q001837,ID000230,Lionel Messi,Fake,Lionel Messi viral deepfake,19,Deepfake de Lionel Messi: lo usan para promover app fraudulenta,https://cdn.unotv.com/images/2024/03/deepfake-lionel-messi-074059-1024x576.png,https://www.unotv.com/ciencia-y-tecnologia/deepfake-lionel-messi-promueven-aplicacion-fraudulenta/,www.unotv.com,nan,7.0,1,"(601.2508544921875, 160.1105499267578, 833.0960693359375, 426.466796875)",0.1047
Q001841,ID000231,Lisa,Real,Lisa,3,Lisa (rapper) - Wikipedia,https://upload.wikimedia.org/wikipedia/commons/thumb/c/cb/%28180624%29_BLACKPINK_fansign_event_at_the_AK_Plaza_in_Bundang_017.jpg/250px-%28180624%29_BLACKPINK_fansign_event_at_the_AK_Plaza_in_Bundang_017.jpg,https://en.wikipedia.org/wiki/Lisa_(rapper),en.wikipedia.org,tier2,nan,1,"(88.83550262451172, 86.6330795288086, 154.7086181640625, 172.26364135742188)",0.06447
Q001842,ID000231,Lisa,Fake,Lisa AI generated,9,"Download Ai Generated, Mona Lisa, Painting. Royalty-Free Stock Illustration  Image - Pixabay",https://cdn.pixabay.com/photo/2024/04/25/21/58/ai-generated-8720794_1280.png,https://pixabay.com/illustrations/ai-generated-mona-lisa-painting-8720794/,pixabay.com,nan,7.0,1,"(179.6320037841797, 277.3786315917969, 492.75543212890625, 699.7800903320312)",0.14136
Q001842,ID000231,Lisa,Fake,Lisa AI generated,31,"Download Ai Generated, Lisa, Girl. Royalty-Free Stock Illustration Image -  Pixabay",https://cdn.pixabay.com/photo/2023/07/21/15/25/ai-generated-8141831_1280.jpg,https://pixabay.com/illustrations/ai-generated-lisa-girl-beauty-idol-8141831/,pixabay.com,nan,7.0,1,"(276.32415771484375, 154.25674438476562, 689.2529296875, 706.131103515625)",0.18545
Q001844,ID000231,Lisa,Fake,Lisa AI image,15,Lisa blackpink - Beautiful Portrait of Lisa in Art Nouveau ...,https://creator.nightcafe.studio/jobs/cvmtcpo42x8fYceVhb7e/cvmtcpo42x8fYceVhb7e--1--x87j2.jpg,https://creator.nightcafe.studio/creation/cvmtcpo42x8fYceVhb7e,creator.nightcafe.studio,nan,5.0,1,"(402.3720397949219, 174.7465362548828, 657.3934326171875, 495.44793701171875)",0.078
Q001849,ID000232,Livvy Dunne,Real,Livvy Dunne,1,Livvy Dunne - Wikipedia,https://upload.wikimedia.org/wikipedia/commons/f/f2/Olivia_Dunne_2025_%28cropped%29.jpg,https://en.wikipedia.org/wiki/Livvy_Dunne,en.wikipedia.org,tier2,nan,1,"(1462.343505859375, 504.805419921875, 1956.4229736328125, 1180.446044921875)",0.03912
Q001850,ID000232,Livvy Dunne,Fake,Livvy Dunne AI generated,41,Am I right saying this is an AI generated “portrait” : r/midjourney,https://i.redd.it/am-i-right-saying-this-is-an-ai-generated-portrait-v0-vfqmwnmud24c1.jpg?width=1284&format=pjpg&auto=webp&s=3d9c5d313512804e6a4bc5d5068da4511e74b5f3,https://www.reddit.com/r/midjourney/comments/189rjpm/am_i_right_saying_this_is_an_ai_generated_portrait/,www.reddit.com,nan,7.0,1,"(402.0522155761719, 664.568115234375, 847.6580200195312, 1248.0087890625)",0.07289
Q001850,ID000232,Livvy Dunne,Fake,Livvy Dunne AI generated,34,We're Obsessed With These AI-Generated '90s Yearbook Pics of Olivia Dunne,https://lifestyle.si.com/.image/t_share/MjAxMjU5NDcxNTkzMjg0ODc5/dunne.jpg,https://lifestyle.si.com/news/were-obsessed-with-ai-generated-90s-yearbook-pics-olivia-dunne,lifestyle.si.com,nan,5.0,1,"(443.51470947265625, 127.025634765625, 691.8038330078125, 456.5824890136719)",0.10102
Q001851,ID000232,Livvy Dunne,Fake,Livvy Dunne deepfake,33,Olivia Dunne Deepfake Porn Full Pics & Video Content #754,https://static.foxnews.com/foxnews.com/content/uploads/2023/07/Olivia-Dunne5.jpg,https://samplechat.aldine.edu.in/ertralab/olivia-dunne-deepfake-porn/,samplechat.aldine.edu.in,nan,5.0,1,"(464.9704284667969, 65.4164810180664, 738.0147094726562, 402.0799865722656)",0.09974
Q001855,ID000232,Livvy Dunne,Fake,Livvy Dunne Stable Diffusion,45,Introducing Livvy Dunne | Stable Diffusion Online,https://imgcdn.stablediffusionweb.com/2024/5/18/06fe0922-f8ce-4d31-9369-460fc7f0c5f4.jpg,https://stablediffusionweb.com/image/7535319-introducing-livvy-dunne,stablediffusionweb.com,nan,7.0,1,"(320.9858093261719, 204.298828125, 765.2774047851562, 837.192138671875)",0.26816
Q001855,ID000232,Livvy Dunne,Fake,Livvy Dunne Stable Diffusion,2,Keltezaa/flux-livvy-dunne-influencer · Hugging Face,https://huggingface.co/Keltezaa/flux-livvy-dunne-influencer/resolve/main/32961321.jpeg,https://huggingface.co/Keltezaa/flux-livvy-dunne-influencer,huggingface.co,nan,5.0,1,"(166.05691528320312, 113.27373504638672, 299.09613037109375, 282.09588623046875)",0.07585
Q001857,ID000233,Luis-Díaz,Real,Luis-Díaz,1,"Luis Díaz (footballer, born 1997) - Wikipedia",https://upload.wikimedia.org/wikipedia/commons/c/c7/FC_RB_Salzburg_gegen_FC_Bayern_M%C3%BCnchen_%282026-01-06_Testspiel%29_40_%28Luiz_D%C3%ADaz%29.jpg,"https://en.wikipedia.org/wiki/Luis_D%C3%ADaz_(footballer,_born_1997)",en.wikipedia.org,tier2,nan,1,"(248.26190185546875, 111.2100830078125, 413.6510009765625, 319.21954345703125)",0.0397
Q001857,ID000233,Luis-Díaz,Real,Luis-Díaz,3,Luis Díaz - Player profile 26/27 | Transfermarkt,https://img.a.transfermarkt.technology/portrait/big/480692-1757938077.jpg?lm=1,https://www.transfermarkt.us/luis-diaz/profil/spieler/480692,www.transfermarkt.us,tier2,nan,1,"(70.6536865234375, 89.74378967285156, 263.8692321777344, 336.0083923339844)",0.40669
Q001858,ID000233,Luis-Díaz,Fake,Luis-Díaz AI generated,44,AI Art by Luis Diaz | Deep Dream Generator,https://deepdreamgenerator.com/storage/profile_photos/small_4130657_1725443961.jpg,https://deepdreamgenerator.com/u/4130657,deepdreamgenerator.com,nan,3.0,1,"(50.25589370727539, 43.25977325439453, 110.95878601074219, 122.60070037841797)",0.10921
Q001865,ID000234,Maggie Smith,Real,Maggie Smith,1,Maggie Smith - Wikipedia,https://upload.wikimedia.org/wikipedia/commons/2/28/Maggie_Smith_-_Vintage_%28trim%29.jpg,https://en.wikipedia.org/wiki/Maggie_Smith,en.wikipedia.org,tier2,nan,1,"(260.6403503417969, 342.51397705078125, 747.5941772460938, 977.5864868164062)",0.28094
Q001866,ID000234,Maggie Smith,Fake,Maggie Smith AI generated,1,Maggie Smith,https://creator.nightcafe.studio/jobs/bKG2zeizf5ou2CXdSt9c/bKG2zeizf5ou2CXdSt9c--1--4jquc.jpg,https://creator.nightcafe.studio/creation/bKG2zeizf5ou2CXdSt9c,creator.nightcafe.studio,nan,5.0,1,"(246.4889373779297, 289.68060302734375, 535.2616577148438, 633.5603637695312)",0.09621
Q001866,ID000234,Maggie Smith,Fake,Maggie Smith AI generated,14,Maggie Smith,https://creator.nightcafe.studio/api/og-creation.jpg?id=bKG2zeizf5ou2CXdSt9c,https://creator.nightcafe.studio/creation/bKG2zeizf5ou2CXdSt9c,creator.nightcafe.studio,nan,5.0,1,"(318.0678405761719, 79.98676300048828, 695.12548828125, 542.4297485351562)",0.23065
Q001868,ID000234,Maggie Smith,Fake,Maggie Smith AI image,8,Maggie Smith as an Elven Druid in a Moonlit Forest | Stable Diffusion Online,https://imgcdn.stablediffusionweb.com/2024/5/2/41ca2eab-2544-4199-987b-36cb7eafdb6c.jpg,https://stablediffusionweb.com/image/6531014-maggie-smith-as-an-elven-druid-in-a-moonlit-forest,stablediffusionweb.com,nan,7.0,1,"(290.3648681640625, 218.1999969482422, 568.0216064453125, 603.302978515625)",0.10197
Q001873,ID000235,Mahatma Gandhi,Real,Mahatma Gandhi,1,Mahatma Gandhi - Wikipedia,https://upload.wikimedia.org/wikipedia/commons/7/7a/Mahatma-Gandhi%2C_studio%2C_1931.jpg,https://en.wikipedia.org/wiki/Mahatma_Gandhi,en.wikipedia.org,tier2,nan,1,"(1119.978515625, 217.87644958496094, 1729.100341796875, 1003.1177978515625)",0.05583
Q001873,ID000235,Mahatma Gandhi,Real,Mahatma Gandhi,2,Mahatma Gandhi - Wikipedia,https://upload.wikimedia.org/wikipedia/commons/thumb/0/07/Mahatma-Gandhi_Suedafrika-1906.jpg/250px-Mahatma-Gandhi_Suedafrika-1906.jpg,https://en.wikipedia.org/wiki/Mahatma_Gandhi,en.wikipedia.org,tier2,nan,1,"(98.4699935913086, 22.423892974853516, 161.3649139404297, 106.06673431396484)",0.06854
Q001873,ID000235,Mahatma Gandhi,Real,Mahatma Gandhi,3,Mahatma Gandhi Biography - The Soul Grand,https://i.pinimg.com/736x/ff/40/8c/ff408c4f0cdebc4240b881987eff9152.jpg,https://in.pinterest.com/pin/mahatma-gandhi-biography-the-soul-grand--46232333732310481/,in.pinterest.com,tier2,nan,1,"(156.8292999267578, 89.70431518554688, 466.19012451171875, 536.735595703125)",0.32406
Q001874,ID000235,Mahatma Gandhi,Fake,Mahatma Gandhi AI generated,5,"Download Ai Generated, Mahatama Gandhi, Country. Royalty-Free Stock  Illustration Image - Pixabay",https://cdn.pixabay.com/photo/2023/02/04/23/14/ai-generated-7768378_1280.jpg,https://pixabay.com/illustrations/ai-generated-mahatama-gandhi-country-7768378/,pixabay.com,nan,7.0,1,"(342.95318603515625, 134.1473388671875, 901.0194702148438, 886.4318237304688)",0.25624
Q001874,ID000235,Mahatma Gandhi,Fake,Mahatma Gandhi AI generated,17,"Mahatma Gandhi Ai Art, Mahatma Gandhi, Ai Art, Digital Portrait PNG  Transparent Image and Clipart for Free Download",https://png.pngtree.com/png-clipart/20240903/original/pngtree-mahatma-gandhi-ai-art-png-image_15928227.png,https://pngtree.com/freepng/mahatma-gandhi-ai-art_15928227.html,pngtree.com,nan,7.0,1,"(967.5491333007812, 457.55218505859375, 1630.80419921875, 1395.8165283203125)",0.09957
Q001881,ID000236,Marc Cucurella,Real,Marc Cucurella,1,Marc Cucurella - Wikipedia,https://upload.wikimedia.org/wikipedia/commons/8/8a/Marc_Cucurella_Argentina_v_Spain_19_July_2026-064_%28cropped%29.jpg,https://en.wikipedia.org/wiki/Marc_Cucurella,en.wikipedia.org,tier2,nan,1,"(512.648193359375, 220.6186065673828, 883.7032470703125, 746.3446044921875)",0.07226
Q001881,ID000236,Marc Cucurella,Real,Marc Cucurella,2,Marc Cucurella - Player profile 26/27 | Transfermarkt,https://img.a.transfermarkt.technology/portrait/big/284857-1765185117.jpg?lm=1,https://www.transfermarkt.us/marc-cucurella/profil/spieler/284857,www.transfermarkt.us,tier2,nan,1,"(48.7938232421875, 33.834014892578125, 237.61045837402344, 311.2980651855469)",0.44778
Q001889,ID000237,Marc-Benioff,Real,Marc-Benioff,1,Marc Benioff - Wikipedia,https://upload.wikimedia.org/wikipedia/commons/thumb/1/19/Marc_Benioff.jpg/250px-Marc_Benioff.jpg,https://en.wikipedia.org/wiki/Marc_Benioff,en.wikipedia.org,tier2,nan,1,"(56.27570343017578, 95.33154296875, 183.5877685546875, 273.09515380859375)",0.2414
Q001891,ID000237,Marc-Benioff,Fake,Marc-Benioff deepfake,1,Federal Judge Halts California's New Anti-Deepfakes Law—Musk Says Its  'Score One' For Free Speech,"https://imageio.forbes.com/specials-images/imageserve/66ea9382b7ba183200e7a5a6/Salesforce-CEO-Marc-Benioff-And-NVIDIA-s-CEO-Jensen-Huang-Speak-At-Salesforce-s/0x0.jpg?crop=2868,1614,x0,y45,safe&height=400&width=711&fit=bounds",https://www.forbes.com/sites/siladityaray/2024/10/03/federal-judge-halts-californias-new-anti-deepfakes-law-musk-says-its-score-one-for-free-speech/,www.forbes.com,nan,5.0,1,"(211.59645080566406, 93.86996459960938, 304.1352233886719, 216.70166015625)",0.03997
Q001895,ID000237,Marc-Benioff,Fake,Marc-Benioff Stable Diffusion,1,Founder of Salesforce - Marc Benioff | Stable Diffusion Online,https://imgcdn.stablediffusionweb.com/2024/9/15/3d9fecd5-3fef-45c2-b701-22cd31738944.jpg,https://stablediffusionweb.com/image/16986962-founder-of-salesforce-marc-benioff,stablediffusionweb.com,nan,7.0,1,"(529.6212158203125, 309.2618713378906, 770.0145263671875, 621.1332397460938)",0.0715
Q001897,ID000238,Marcia Gay Harden,Real,Marcia Gay Harden,2,Marcia Gay Harden - Wikipedia,https://upload.wikimedia.org/wikipedia/commons/thumb/2/20/MarciaGayHarden07TIFF.jpg/250px-MarciaGayHarden07TIFF.jpg,https://en.wikipedia.org/wiki/Marcia_Gay_Harden,en.wikipedia.org,tier2,nan,1,"(90.50698852539062, 65.4991683959961, 224.1123504638672, 255.17832946777344)",0.27849
Q001897,ID000238,Marcia Gay Harden,Real,Marcia Gay Harden,3,Marcia Gay Harden | Texas Cultural Trust,https://cdn.txculturaltrust.org/content/uploads/2020/04/2011_Marcia_Gay_Harden.jpg,https://txculturaltrust.org/bio/marcia-gay-harden/,txculturaltrust.org,tier2,nan,1,"(175.1838836669922, 204.71524047851562, 558.46240234375, 706.7060546875)",0.18848
Q001905,ID000239,Margot-Robie,Real,Margot-Robie,1,Margot Robbie - IMDb,https://m.media-amazon.com/images/M/MV5BMTgxNDcwMzU2Nl5BMl5BanBnXkFtZTcwNDc4NzkzOQ@@._V1_FMjpg_UX1000_.jpg,https://www.imdb.com/name/nm3053338/,www.imdb.com,tier2,nan,1,"(332.0453796386719, 274.0714111328125, 681.6358032226562, 732.8230590820312)",0.1204
Q001905,ID000239,Margot-Robie,Real,Margot-Robie,3,Margot Robbie Opens Up About the Barbie Movie For Vogue's Summer Issue  Cover Story | Vogue,https://assets.vogue.com/photos/645d19ef4b2ed368ebfd23c9/master/w_2560%2Cc_limit/VO0623_Cover_Logo.jpg,https://www.vogue.com/article/margot-robbie-barbie-summer-cover-2023-interview,www.vogue.com,tier2,nan,1,"(880.1074829101562, 190.06466674804688, 1358.9447021484375, 852.594482421875)",0.0356
Q001906,ID000239,Margot-Robie,Fake,Margot-Robie AI generated,16,Margot Robbie as Harley Quinn Realistic Photograph - AI Art,https://creator.nightcafe.studio/jobs/TL4T12OLawu5IKridQWh/TL4T12OLawu5IKridQWh--1--dal78_adetailer-face_yolov8n-yxqu1.jpg,https://creator.nightcafe.studio/creation/TL4T12OLawu5IKridQWh,creator.nightcafe.studio,nan,8.0,1,"(392.1597900390625, 149.25167846679688, 564.3727416992188, 365.95745849609375)",0.03559
Q001906,ID000239,Margot-Robie,Fake,Margot-Robie AI generated,17,Realistic Margot Robbie with Long Hair | Stable Diffusion Online,https://imgcdn.stablediffusionweb.com/2024/5/17/063c373f-a27a-4f16-a327-b2846712913b.jpg,https://stablediffusionweb.com/image/7441413-realistic-margot-robbie-with-long-hair,stablediffusionweb.com,nan,7.0,1,"(287.4214782714844, 181.33090209960938, 722.89697265625, 770.279052734375)",0.24459
Q001906,ID000239,Margot-Robie,Fake,Margot-Robie AI generated,30,Margot Robbie in Pink Latex Costume | Stable Diffusion Online,https://imgcdn.stablediffusionweb.com/2024/4/18/d4db821b-a971-4cfe-be7a-1623e4df9886.jpg,https://stablediffusionweb.com/image/5573465-margot-robbie-in-pink-latex-costume,stablediffusionweb.com,nan,7.0,1,"(242.810791015625, 176.68943786621094, 489.38623046875, 505.7397766113281)",0.08185
Q001907,ID000239,Margot-Robie,Fake,Margot-Robie deepfake,30,Amazing Deepfakes of Margot Robbie Are Almost Indistinguishable From Reality,https://futurism.com/wp-content/uploads/2022/06/margot-robbie-deepfakes-real-celeb.png?quality=85&w=1152,https://futurism.com/the-byte/margot-robbie-deepfakes-real-celeb,futurism.com,nan,7.0,1,"(452.63494873046875, 23.591941833496094, 598.8922729492188, 216.02194213867188)",0.04052
Q001908,ID000239,Margot-Robie,Fake,Margot-Robie AI image,13,Margot Robbie Relaxed Pose | Stable Diffusion Online,https://imgcdn.stablediffusionweb.com/2024/5/21/51bd0eb1-98ac-4443-bde8-a1c0b6a5645d.jpg,https://stablediffusionweb.com/image/7791680-margot-robbie-relaxed-pose,stablediffusionweb.com,nan,7.0,1,"(342.2469482421875, 215.59844970703125, 719.597900390625, 643.56787109375)",0.15401
Q001913,ID000240,Maria-Corina-Machado,Real,Maria-Corina-Machado,2,Maria Corina Machado – Facts – 2025 - NobelPrize.org,https://www.nobelprize.org/images/186262-portrait-medium.jpg,https://www.nobelprize.org/prizes/peace/2025/machado/facts/,www.nobelprize.org,tier2,nan,1,"(104.31472778320312, 145.324462890625, 367.1860046386719, 505.616943359375)",0.25665
Q001921,ID000241,Marilyn-Monroe,Real,Marilyn-Monroe,1,Marilyn Monroe - Wikipedia,https://upload.wikimedia.org/wikipedia/commons/4/4e/Monroecirca1953.jpg,https://en.wikipedia.org/wiki/Marilyn_Monroe,en.wikipedia.org,tier2,nan,1,"(557.2981567382812, 340.522216796875, 1292.4625244140625, 1263.946533203125)",0.11457
Q001921,ID000241,Marilyn-Monroe,Real,Marilyn-Monroe,3,"Marilyn Monroe | Movies, Death, Real Name, Height, & Facts | Britannica",https://cdn.britannica.com/60/21560-050-06AF4D74/Marilyn-Monroe.jpg,https://www.britannica.com/biography/Marilyn-Monroe,www.britannica.com,tier2,nan,1,"(446.1277160644531, 228.97718811035156, 910.4005126953125, 816.1964111328125)",0.13312
Q001922,ID000241,Marilyn-Monroe,Fake,Marilyn-Monroe AI generated,12,"Download Ai Generated, Marilyn Monroe, Portrait. Royalty-Free Stock  Illustration Image - Pixabay",https://cdn.pixabay.com/photo/2023/05/30/08/43/ai-generated-8027964_1280.jpg,https://pixabay.com/illustrations/ai-generated-marilyn-monroe-portrait-8027964/,pixabay.com,nan,7.0,1,"(220.181396484375, 156.47738647460938, 540.0818481445312, 598.1192626953125)",0.14316
Q001923,ID000241,Marilyn-Monroe,Fake,Marilyn-Monroe deepfake,3,Marilyn Monroe deepfake by DeepHomage on DeviantArt,"https://images-wixmp-ed30a86b8c4ca887773594c2.wixmp.com/f/c6b33220-db60-43b6-a008-ef63a51b0ea0/de4brcx-eaf2bb0c-8622-462b-9cda-a7c87c7b4b20.jpg/v1/fill/w_1280,h_720,q_75,strp/marilyn_monroe_deepfake_by_deephomage_de4brcx-fullview.jpg?token=eyJ0eXAiOiJKV1QiLCJhbGciOiJIUzI1NiJ9.eyJzdWIiOiJ1cm46YXBwOjdlMGQxODg5ODIyNjQzNzNhNWYwZDQxNWVhMGQyNmUwIiwiaXNzIjoidXJuOmFwcDo3ZTBkMTg4OTgyMjY0MzczYTVmMGQ0MTVlYTBkMjZlMCIsIm9iaiI6W1t7ImhlaWdodCI6Ijw9NzIwIiwicGF0aCI6Ii9mL2M2YjMzMjIwLWRiNjAtNDNiNi1hMDA4LWVmNjNhNTFiMGVhMC9kZTRicmN4LWVhZjJiYjBjLTg2MjItNDYyYi05Y2RhLWE3Yzg3YzdiNGIyMC5qcGciLCJ3aWR0aCI6Ijw9MTI4MCJ9XV0sImF1ZCI6WyJ1cm46c2VydmljZTppbWFnZS5vcGVyYXRpb25zIl19.qY-K1JjNwQQhkDXaSr77eb9JgNMNcog0QTtcAmeC7YA",https://www.deviantart.com/deephomage/art/Marilyn-Monroe-deepfake-853793601,www.deviantart.com,nan,7.0,1,"(517.96044921875, 123.87078857421875, 687.8016357421875, 347.918701171875)",0.04129
Q001929,ID000242,Mario-Götze,Real,Mario-Götze,1,Mario Götze - Wikipedia,https://upload.wikimedia.org/wikipedia/commons/thumb/a/a0/Mario_G%C3%B6tze%2C_Germany_national_football_team_%2807%29.jpg/960px-Mario_G%C3%B6tze%2C_Germany_national_football_team_%2807%29.jpg,https://en.wikipedia.org/wiki/Mario_G%C3%B6tze,en.wikipedia.org,tier2,nan,1,"(281.0211486816406, 218.68089294433594, 654.0226440429688, 723.5028076171875)",0.13621
Q001929,ID000242,Mario-Götze,Real,Mario-Götze,2,"Mario Götze - Simple English Wikipedia, the free encyclopedia",https://upload.wikimedia.org/wikipedia/commons/thumb/8/84/FIFA_WC-qualification_2014_-_Austria_vs._Germany_2012-09-11_-_Mario_G%C3%B6tze_01.JPG/1280px-FIFA_WC-qualification_2014_-_Austria_vs._Germany_2012-09-11_-_Mario_G%C3%B6tze_01.JPG,https://simple.wikipedia.org/wiki/Mario_G%C3%B6tze,simple.wikipedia.org,tier2,nan,1,"(425.3227844238281, 187.8980712890625, 912.7744140625, 852.218505859375)",0.22172
Q001929,ID000242,Mario-Götze,Real,Mario-Götze,3,Mario Götze: the 'once in a century talent' who is now fighting to save his  career | Germany | The Guardian,https://i.guim.co.uk/img/media/a45793d358c553a24a0796c69e2d7e2e852090da/342_569_3809_2285/master/3809.jpg?width=1200&height=1200&quality=85&auto=format&fit=crop&s=0678773feb69f1396af4f956648b5255,https://www.theguardian.com/football/2017/mar/21/mario-gotze-germany-england-world-cup-borussia-dortmund,www.theguardian.com,tier2,nan,1,"(468.0528564453125, 64.70032501220703, 720.4406127929688, 407.66143798828125)",0.06011
Q001930,ID000242,Mario-Götze,Fake,Mario-Götze AI generated,15,Ai generated image of Mario in 1940 : r/Mario,https://i.redd.it/z2lzdfhoxcea1.jpg,https://www.reddit.com/r/Mario/comments/10ljiib/ai_generated_image_of_mario_in_1940/,www.reddit.com,nan,5.0,1,"(172.6540069580078, 69.21949768066406, 427.57843017578125, 379.44500732421875)",0.30168
Q001935,ID000242,Mario-Götze,Fake,Mario-Götze Stable Diffusion,1,mario götze Prompts | Stable Diffusion Online,https://imgcdn.stablediffusionweb.com/2025/7/18/ef5f36b4-ea3f-4d88-b081-2fe469a5afc9.jpg,https://stablediffusionweb.com/prompts/mario-g%C3%B6tze,stablediffusionweb.com,nan,7.0,1,"(434.2430114746094, 26.350982666015625, 647.2576904296875, 320.87646484375)",0.05983
Q001937,ID000243,Mark Ruffalo,Real,Mark Ruffalo,1,Mark Ruffalo - IMDb,https://m.media-amazon.com/images/M/MV5BM2JiYzA0ZGItNmFhYy00MjIyLWEwN2QtMzRmNDUyNjNiZjBiXkEyXkFqcGc@._V1_.jpg,https://www.imdb.com/name/nm0749263/,www.imdb.com,tier2,nan,1,"(1249.327392578125, 1713.4517822265625, 4094.7236328125, 5352.8505859375)",0.28644
Q001937,ID000243,Mark Ruffalo,Real,Mark Ruffalo,2,Mark Ruffalo - Wikipedia,https://upload.wikimedia.org/wikipedia/commons/thumb/2/21/MarkRuffalo07TIFF.jpg/250px-MarkRuffalo07TIFF.jpg,https://en.wikipedia.org/wiki/Mark_Ruffalo,en.wikipedia.org,tier2,nan,1,"(76.02342987060547, 61.39223098754883, 158.05848693847656, 172.11209106445312)",0.10943
Q001937,ID000243,Mark Ruffalo,Real,Mark Ruffalo,4,Mark Ruffalo - The Avengers Guide - IGN,https://oyster.ignimgs.com/mediawiki/apis.ign.com/the-avengers/b/b9/MR.jpg?width=325,https://www.ign.com/wikis/the-avengers/Mark_Ruffalo,www.ign.com,tier2,nan,1,"(88.19672393798828, 74.90721130371094, 234.91729736328125, 280.4196472167969)",0.19867
Q001938,ID000243,Mark Ruffalo,Fake,Mark Ruffalo AI generated,2,Mark Ruffalo Shares Fake AI-Generated Trump 'Epstein Island' Images - OECD. AI,https://www.sarahpalin.com/wp-content/uploads/2024/01/Screen-Shot-2024-01-05-at-12.53.35-PM-1024x576.jpg,https://oecd.ai/en/incidents/2024-01-05-f87e,oecd.ai,nan,3.0,1,"(344.8179931640625, 114.79153442382812, 642.7577514648438, 533.2925415039062)",0.2114
Q001938,ID000243,Mark Ruffalo,Fake,Mark Ruffalo AI generated,47,Mark Ruffalo Shares Fake AI-Generated Trump 'Epstein Island' Images - OECD. AI,https://i.dailymail.co.uk/1s/2024/01/09/02/79776281-0-Actor_Mark_Ruffalo_was_forced_to_apologize_after_sharing_phony_A-a-12_1704766052155.jpg,https://oecd.ai/en/incidents/2024-01-05-f87e,oecd.ai,nan,3.0,1,"(448.88922119140625, 68.23262786865234, 659.380859375, 365.0265808105469)",0.07713
Q001939,ID000243,Mark Ruffalo,Fake,Mark Ruffalo deepfake,8,Incredible Hulk Mark Ruffalo Deepfake Prototype,https://external-preview.redd.it/incredible-hulk-mark-ruffalo-deepfake-prototype-v0-e9ns2Hny_kjo0wyrVOPgaIGwVsmbg9Qi7GwkVrsUbGU.jpeg?format=pjpg&auto=webp&s=fe948d1c9f7593192d1d7de781bf41cc6453d179,https://www.reddit.com/r/marvelstudios/comments/fc0k1u/incredible_hulk_mark_ruffalo_deepfake_prototype/,www.reddit.com,nan,7.0,1,"(178.7191925048828, 113.6680679321289, 279.88079833984375, 255.35638427734375)",0.08295
Q001940,ID000243,Mark Ruffalo,Fake,Mark Ruffalo AI image,41,Mark Ruffalo as Hulk in Funny Cartoon Art | Stable Diffusion Online,https://imgcdn.stablediffusionweb.com/2024/11/27/56f8a672-194a-49aa-a1ba-932411a1b0f0.jpg,https://stablediffusionweb.com/image/23856499-mark-ruffalo-as-hulk-in-funny-cartoon-art,stablediffusionweb.com,nan,7.0,1,"(467.0814208984375, 118.86048126220703, 655.7921752929688, 378.3750915527344)",0.0467
Q001940,ID000243,Mark Ruffalo,Fake,Mark Ruffalo AI image,46,Manga Artist Scammed Half a Million Dollars To Mark Ruffalo Deepfake,https://static0.srcdn.com/wordpress/wp-content/uploads/2022/09/Mark-Ruffalo-as-Bruce-Banner-Smart-Hulk-in-She-Hulk.jpg?w=1200&h=628&fit=crop,https://screenrant.com/mark-ruffalo-scam-artist-manga-deepfake-marvel/,screenrant.com,nan,5.0,1,"(472.64019775390625, 153.28684997558594, 727.4326171875, 462.4338684082031)",0.10452
Q001941,ID000243,Mark Ruffalo,Fake,Mark Ruffalo viral deepfake,1,How a deepfake Mark Ruffalo scammed half a million dollars from a lonely  heart • Graham Cluley,https://grahamcluley.com/wp-content/uploads/2022/10/ruffalo.jpeg,https://grahamcluley.com/how-a-deepfake-mark-ruffalo-scammed-half-a-million-dollars-from-a-lonely-heart/,grahamcluley.com,nan,5.0,1,"(311.8020935058594, 67.5060043334961, 450.2237854003906, 245.92431640625)",0.08903
Q001945,ID000244,Mark Wahlberg,Real,Mark Wahlberg,2,"Mark Wahlberg - Wife, Movies & Facts","https://hips.hearstapps.com/hmg-prod/images/gettyimages-1055320104.jpg?crop=1xw:1.0xh;center,top&resize=640:*",https://www.biography.com/actors/mark-wahlberg,www.biography.com,tier2,nan,1,"(210.40672302246094, 114.53994750976562, 443.3764343261719, 433.2353820800781)",0.18127
Q001953,ID000245,Mark-Zukerberg,Real,Mark-Zukerberg,1,Mark Zuckerberg - Wikipedia,https://upload.wikimedia.org/wikipedia/commons/thumb/0/0e/F20250904AH-2824_%2854778373111%29_%283x4_cropped_on_Zuckerberg_following_the_rule_of_thirds%29.jpg/250px-F20250904AH-2824_%2854778373111%29_%283x4_cropped_on_Zuckerberg_following_the_rule_of_thirds%29.jpg,https://en.wikipedia.org/wiki/Mark_Zuckerberg,en.wikipedia.org,tier2,nan,1,"(49.837158203125, 62.773441314697266, 146.90048217773438, 207.06227111816406)",0.16773
Q001953,ID000245,Mark-Zukerberg,Real,Mark-Zukerberg,2,Mark Zuckerberg,"https://imageio.forbes.com/specials-images/imageserve/5c76b7d331358e35dd2773a9/0x0.jpg?format=jpg&crop=4401,4401,x0,y0,safe&height=416&width=416&fit=bounds",https://www.forbes.com/profile/mark-zuckerberg/,www.forbes.com,tier2,nan,1,"(133.90118408203125, 35.609130859375, 344.6579895019531, 330.3976135253906)",0.35901
Q001953,ID000245,Mark-Zukerberg,Real,Mark-Zukerberg,3,Mark Zuckerberg | Biography & Facts | Britannica Money,https://cdn.britannica.com/99/236599-050-1199AD2C/Mark-Zuckerberg-2019.jpg,https://www.britannica.com/money/Mark-Zuckerberg,www.britannica.com,tier2,nan,1,"(718.4114379882812, 82.84170532226562, 1005.116943359375, 484.6299743652344)",0.06394
Q001954,ID000245,Mark-Zukerberg,Fake,Mark-Zukerberg AI generated,9,"Download Ai Generated, Mark Zuckerberg, Cyborg. Royalty-Free Stock  Illustration Image - Pixabay",https://cdn.pixabay.com/photo/2023/11/22/21/28/ai-generated-8406527_1280.jpg,https://pixabay.com/illustrations/ai-generated-mark-zuckerberg-cyborg-8406527/,pixabay.com,nan,7.0,1,"(257.14398193359375, 227.3917236328125, 655.8082885742188, 802.8801879882812)",0.21013
Q001954,ID000245,Mark-Zukerberg,Fake,Mark-Zukerberg AI generated,14,"Download Ai Generated, Mark Zuckerberg, Cyborg. Royalty-Free Stock  Illustration Image - Pixabay",https://cdn.pixabay.com/photo/2023/11/22/21/28/ai-generated-8406528_1280.jpg,https://pixabay.com/illustrations/ai-generated-mark-zuckerberg-cyborg-8406528/,pixabay.com,nan,7.0,1,"(239.85903930664062, 195.36077880859375, 531.5223388671875, 595.0549926757812)",0.10677
Q001961,ID000246,Marlon Brando,Real,Marlon Brando,2,"Marlon Brando | Biography, Movies, Assessment, & Facts | Britannica",https://cdn.britannica.com/97/90697-050-1AE6A31D/Marlon-Brando-A-Streetcar-Named-Desire.jpg,https://www.britannica.com/biography/Marlon-Brando,www.britannica.com,tier2,nan,1,"(323.4554748535156, 321.1883239746094, 690.7408447265625, 836.9542846679688)",0.08997
Q001961,ID000246,Marlon Brando,Real,Marlon Brando,3,Past Times: Marlon Brando - Revolution Watch,https://revolutionwatch.com/wp-content/uploads/2017/07/01-Marlon-Brandon-in-Wild-One.jpg,https://revolutionwatch.com/past-times-marlon-brando/,revolutionwatch.com,tier2,nan,1,"(256.2535095214844, 175.05502319335938, 411.85638427734375, 375.1202087402344)",0.04543
Q001962,ID000246,Marlon Brando,Fake,Marlon Brando AI generated,1,Marlon Brando (AI art) by 3D1viner on DeviantArt,"https://images-wixmp-ed30a86b8c4ca887773594c2.wixmp.com/f/9f3f9bd9-0673-4276-bb34-71ece2a5820e/dfrwr6f-e3e18aec-6645-4b8c-9ca8-41a9142e347e.png/v1/fill/w_1920,h_1920,q_80,strp/marlon_brando__ai_art__by_3d1viner_dfrwr6f-fullview.jpg?token=eyJ0eXAiOiJKV1QiLCJhbGciOiJIUzI1NiJ9.eyJzdWIiOiJ1cm46YXBwOjdlMGQxODg5ODIyNjQzNzNhNWYwZDQxNWVhMGQyNmUwIiwiaXNzIjoidXJuOmFwcDo3ZTBkMTg4OTgyMjY0MzczYTVmMGQ0MTVlYTBkMjZlMCIsIm9iaiI6W1t7ImhlaWdodCI6Ijw9MTkyMCIsInBhdGgiOiIvZi85ZjNmOWJkOS0wNjczLTQyNzYtYmIzNC03MWVjZTJhNTgyMGUvZGZyd3I2Zi1lM2UxOGFlYy02NjQ1LTRiOGMtOWNhOC00MWE5MTQyZTM0N2UucG5nIiwid2lkdGgiOiI8PTE5MjAifV1dLCJhdWQiOlsidXJuOnNlcnZpY2U6aW1hZ2Uub3BlcmF0aW9ucyJdfQ.2m7OAhyIWzdLhA1FI2-GcHtj9s-MaMEZI5olVfY-YMc",https://www.deviantart.com/3d1viner/art/Marlon-Brando-AI-art-953870487,www.deviantart.com,nan,5.0,1,"(386.8961181640625, 279.8137512207031, 1328.527099609375, 1492.1328125)",0.30967
Q001962,ID000246,Marlon Brando,Fake,Marlon Brando AI generated,2,"Marlon Brando at home, alone... 🎦🎞️",https://creator.nightcafe.studio/jobs/ghRpTZrEvYpENrUBJFsY/ghRpTZrEvYpENrUBJFsY--1--jolff.jpg,https://creator.nightcafe.studio/creation/ghRpTZrEvYpENrUBJFsY,creator.nightcafe.studio,nan,5.0,1,"(466.8013000488281, 123.23262023925781, 637.5646362304688, 351.5270080566406)",0.03718
Q001963,ID000246,Marlon Brando,Fake,Marlon Brando deepfake,2,Marlon Brando as Vito in Godfather 2 : r/SFWdeepfakes,https://i.ytimg.com/vi/_4gzIliFWIs/maxresdefault.jpg,https://www.reddit.com/r/SFWdeepfakes/comments/cib5tf/marlon_brando_as_vito_in_godfather_2/,www.reddit.com,nan,5.0,1,"(722.4212036132812, 136.46652221679688, 905.8362426757812, 381.5553283691406)",0.04878
Q001963,ID000246,Marlon Brando,Fake,Marlon Brando deepfake,13,ArtStation - Godfather Deepfake Marlon Brando,https://cdna.artstation.com/p/assets/video_clips/images/080/286/552/large/s-djamel-eddine-thumb.jpg?1727187343,https://www.artstation.com/artwork/qJe31e,www.artstation.com,nan,3.0,1,"(461.639404296875, 127.7503662109375, 791.4580078125, 565.6937255859375)",0.0653
Q001964,ID000246,Marlon Brando,Fake,Marlon Brando AI image,12,"Marlon Brando in Bowler Hat, Surrealist Portrait - AI Art",https://creator.nightcafe.studio/jobs/jIMv0fTaZQFl5tXypole/jIMv0fTaZQFl5tXypole--1--za5hj.jpg,https://creator.nightcafe.studio/creation/jIMv0fTaZQFl5tXypole,creator.nightcafe.studio,nan,8.0,1,"(149.12767028808594, 82.3939208984375, 335.7789001464844, 319.52294921875)",0.16884
Q001964,ID000246,Marlon Brando,Fake,Marlon Brando AI image,37,Marlon Brando Portrait | Stable Diffusion Online,https://imgcdn.stablediffusionweb.com/2024/10/22/57a4e60f-e953-48c6-be1e-8a1732c23339.jpg,https://stablediffusionweb.com/image/20670655-marlon-brando-portrait,stablediffusionweb.com,nan,7.0,1,"(235.11834716796875, 126.28329467773438, 676.3078002929688, 685.5946044921875)",0.23533
Q001965,ID000246,Marlon Brando,Fake,Marlon Brando viral deepfake,29,The New Age Of Celebrity Deepfakes | by Paul DelSignore | Predict | Medium,https://miro.medium.com/1*0sw74QWUP-dLkQe-Jnj7lg.png,https://medium.com/predict/the-new-age-of-celebrity-deepfakes-d89099c7ea8a,medium.com,nan,5.0,1,"(120.62429809570312, -147.927490234375, 508.4559020996094, 398.9477844238281)",0.53939
Q001969,ID000247,Marques-Brownlee-MKBHD,Real,Marques-Brownlee-MKBHD,4,YouTube tech reviewer Marques Brownlee on Recode Media with Peter Kafka |  Vox,https://platform.vox.com/wp-content/uploads/sites/2/chorus/uploads/chorus_asset/file/10628549/OG.jpg?quality=90&strip=all&crop=27.457264957265%2C5.5332977207977%2C52.368233618234%2C52.368233618234&w=2400,https://www.vox.com/2018/4/12/17223290/marques-brownlee-mkbhd-youtube-tech-video-reviews-recode-media-peter-kafka-podcast,www.vox.com,tier2,nan,1,"(1049.6497802734375, 88.89675903320312, 1467.9940185546875, 627.8132934570312)",0.05871
Q001969,ID000247,Marques-Brownlee-MKBHD,Real,Marques-Brownlee-MKBHD,5,"In 'Rewind: Best Gadgets of 2021,' @MKBHD shares his top picks from Best  Buy - Best Buy Corporate News and Information",https://corporate.bestbuy.com/wp-content/uploads/2021/12/BBY_Blog_BBYxMKBHD.png,https://corporate.bestbuy.com/2021/mkbhd-shares-top-gadget-picks-from-best-buy/,corporate.bestbuy.com,tier2,nan,1,"(362.1879577636719, 123.20755004882812, 483.578125, 280.01055908203125)",0.04334
Q001970,ID000247,Marques-Brownlee-MKBHD,Fake,Marques-Brownlee-MKBHD AI generated,5,AI Generated Videos Just Changed Forever,https://i.ytimg.com/vi/NXpdyAWLDas/maxresdefault.jpg,https://www.youtube.com/watch?v=NXpdyAWLDas,www.youtube.com,nan,3.0,1,"(507.7266540527344, 65.45447540283203, 797.6912841796875, 458.2382507324219)",0.12358
Q001977,ID000248,Martin-Lewis,Real,Martin-Lewis,1,Money-saving expert Martin Lewis tells of childhood trauma | Desert Island  Discs | The Guardian,https://i.guim.co.uk/img/media/341f9453f90b012708c4ae7015b7594c617ca1f7/0_48_4194_2516/master/4194.jpg?width=1200&height=1200&quality=85&auto=format&fit=crop&s=4f22b34630f6f7e42fd32e5377cbc040,https://www.theguardian.com/tv-and-radio/2020/jun/07/money-saving-expert-martin-lewis-tells-of-childhood-trauma,www.theguardian.com,tier2,nan,1,"(492.5213623046875, 163.0733642578125, 798.0357666015625, 592.2886962890625)",0.09106
Q001977,ID000248,Martin-Lewis,Real,Martin-Lewis,2,Martin Lewis | Royal Television Society,https://rts.org.uk/sites/default/files/styles/6_column/public/lewis_martin_for_website_0.jpg?itok=SsWm529z,https://rts.org.uk/person/martin-lewis,rts.org.uk,tier2,nan,1,"(227.05618286132812, 43.18376541137695, 352.8843078613281, 219.3846893310547)",0.09623
Q001979,ID000248,Martin-Lewis,Fake,Martin-Lewis deepfake,25,The Deepfake Threat Is Here: It's Time to Start Building it into Enterprise  Risk Management,https://www.isms.online/app/uploads/2023/09/Deepfakes-blog-1024x491.png,https://www.isms.online/information-security/the-deepfake-threat-is-here-its-time-to-start-building-it-into-enterprise-risk-management/,www.isms.online,nan,7.0,1,"(395.8243408203125, 69.22028350830078, 599.231689453125, 344.3623046875)",0.11131
Q001991,ID000249,Martin-Ødegaard,Fake,Martin-Ødegaard Stable Diffusion,47,martin odegaard lies on the grass Prompts | Stable Diffusion Online,https://imgcdn.stablediffusionweb.com/2025/9/27/1486a0e9-1726-4752-afd2-d728e17c4558.jpg,https://stablediffusionweb.com/prompts/martin-odegaard-lies-on-the-grass,stablediffusionweb.com,nan,7.0,1,"(306.9473571777344, 196.61146545410156, 460.3036193847656, 401.1392822265625)",0.03039
Q001993,ID000250,Matt Damon,Real,Matt Damon,1,Matt Damon - IMDb,https://m.media-amazon.com/images/M/MV5BMTM0NzYzNDgxMl5BMl5BanBnXkFtZTcwMDg2MTMyMw@@._V1_.jpg,https://www.imdb.com/name/nm0000354/,www.imdb.com,tier2,nan,1,"(98.66323852539062, 107.89342498779297, 312.8290100097656, 399.9637756347656)",0.23323
Q001993,ID000250,Matt Damon,Real,Matt Damon,2,"Matt Damon | Biography, Odysseus, Christopher Nolan's The Odyssey, Bourne  Franchise, Movies, & Facts | Britannica",https://cdn.britannica.com/37/242337-050-0B1577DC/Actor-Matt-Damon-Cannes-France-2021.jpg,https://www.britannica.com/biography/Matt-Damon,www.britannica.com,tier2,nan,1,"(501.2174072265625, 204.2105255126953, 1010.77392578125, 856.8927001953125)",0.17497
Q001993,ID000250,Matt Damon,Real,Matt Damon,3,Matt Damon - Wikipedia,https://upload.wikimedia.org/wikipedia/commons/thumb/5/56/MattDamonBU.jpg/250px-MattDamonBU.jpg,https://en.wikipedia.org/wiki/Matt_Damon,en.wikipedia.org,tier2,nan,1,"(67.74246215820312, 84.66712951660156, 192.3067626953125, 245.5500946044922)",0.22454
Q001994,ID000250,Matt Damon,Fake,Matt Damon AI generated,1,Young Matt Damon in Good Will Hunting | Stable Diffusion Online,https://imgcdn.stablediffusionweb.com/2024/9/9/c298950d-3e1a-4b72-af94-b2750ddf6007.jpg,https://stablediffusionweb.com/image/16296523-young-matt-damon-in-good-will-hunting,stablediffusionweb.com,nan,7.0,1,"(214.02696228027344, 189.30477905273438, 792.3917236328125, 952.4775390625)",0.42094
Q001996,ID000250,Matt Damon,Fake,Matt Damon AI image,6,Matt Damon Mermaid Portrait in Ornate Frame | Stable Diffusion Online,https://imgcdn.stablediffusionweb.com/2024/4/24/196ca196-ce44-4471-8c2d-84a0f291aee6.jpg,https://stablediffusionweb.com/image/6007161-matt-damon-mermaid-portrait-in-ornate-frame,stablediffusionweb.com,nan,7.0,1,"(242.34283447265625, 265.235595703125, 669.00390625, 831.713134765625)",0.2389
Q002001,ID000251,Matt Dillon,Real,Matt Dillon,1,Matt Dillon - Wikipedia,https://upload.wikimedia.org/wikipedia/commons/thumb/a/ab/Matt_Dillon_2005.jpg/250px-Matt_Dillon_2005.jpg,https://en.wikipedia.org/wiki/Matt_Dillon,en.wikipedia.org,tier2,nan,1,"(49.73157501220703, 77.14736938476562, 210.5061492919922, 299.6816711425781)",0.37661
Q002001,ID000251,Matt Dillon,Real,Matt Dillon,3,Matt Dillon - IMDb,https://m.media-amazon.com/images/M/MV5BYzZmM2NjMzMtYzQ1Ni00NTJhLTk4M2EtZWY0NjQ3NmZiNDgxXkEyXkFqcGc@._V1_.jpg,https://www.imdb.com/name/nm0000369/,www.imdb.com,tier2,nan,1,"(527.1917114257812, 153.392333984375, 816.8179321289062, 496.3008728027344)",0.11278
Q002004,ID000251,Matt Dillon,Fake,Matt Dillon AI image,3,U.S. Marshall Matt Dillon from Gunsmoke (James Arness) as The Joker from  Batman,https://creator.nightcafe.studio/jobs/c1VUKFxKiHdmKOkcr7el/nYnpEpXe94faeW438w4E--3--nm0cb_2x.jpg,https://creator.nightcafe.studio/creation/c1VUKFxKiHdmKOkcr7el,creator.nightcafe.studio,nan,5.0,1,"(306.36712646484375, 221.5697479248047, 706.8424682617188, 761.3345947265625)",0.20615
Q002009,ID000252,Matt-Rife,Real,Matt-Rife,1,Matt Rife - IMDb,https://m.media-amazon.com/images/M/MV5BYTQ0M2EzNDktMTEwZC00ODZjLWIyNDctYWMyYzQ4NTZjMmZlXkEyXkFqcGc@._V1_FMjpg_UX1000_.jpg,https://www.imdb.com/name/nm5994231/,www.imdb.com,tier2,nan,1,"(462.6141357421875, 143.232177734375, 735.450439453125, 489.8591613769531)",0.14136
Q002009,ID000252,Matt-Rife,Real,Matt-Rife,2,Matt Rife - IMDb,https://m.media-amazon.com/images/M/MV5BMmVkM2M2NjEtNGRhZi00ZjEzLWIwZjctMWNlNWFjNTI1NzI0XkEyXkFqcGc@._V1_.jpg,https://www.imdb.com/name/nm5994231/,www.imdb.com,tier2,nan,1,"(222.49490356445312, 275.96929931640625, 792.4008178710938, 1009.60595703125)",0.23261
Q002009,ID000252,Matt-Rife,Real,Matt-Rife,3,Matt Rife,"https://imageio.forbes.com/specials-images/imageserve/684742b8a3914735fa09da7d/0x0.jpg?format=jpg&crop=1366,1364,x523,y27,safe&height=416&width=416&fit=bounds",https://www.forbes.com/profile/matt-rife/,www.forbes.com,tier2,nan,1,"(111.38861846923828, 72.8916244506836, 290.5785217285156, 292.2236328125)",0.22765
Q002017,ID000253,Matthew Broderick,Real,Matthew Broderick,1,Matthew Broderick - IMDb,https://m.media-amazon.com/images/M/MV5BODQ0ZDUwYTktNzEyYi00MjAyLTkzN2ItZGE1NGIzYzIwMmVhXkEyXkFqcGc@._V1_FMjpg_UX1000_.jpg,https://www.imdb.com/name/nm0000111/,www.imdb.com,tier2,nan,1,"(289.93084716796875, 310.5423583984375, 785.997314453125, 985.6664428710938)",0.2215
Q002017,ID000253,Matthew Broderick,Real,Matthew Broderick,2,Matthew Broderick - Golden Globes,https://goldenglobes.com/wp-content/uploads/2023/10/matthew_broderick.jpg,https://goldenglobes.com/person/matthew-broderick/,goldenglobes.com,tier2,nan,1,"(408.7728271484375, 331.7089538574219, 992.4931030273438, 1119.42822265625)",0.17299
Q002020,ID000253,Matthew Broderick,Fake,Matthew Broderick AI image,5,Matthew Broderick as the Flash | Stable Diffusion Online,https://imgcdn.stablediffusionweb.com/2024/9/13/23e8b6d0-3962-446d-9e5b-7223a895fc64.jpg,https://stablediffusionweb.com/image/16768836-matthew-broderick-as-the-flash,stablediffusionweb.com,nan,7.0,1,"(231.01470947265625, 195.95413208007812, 577.2886352539062, 620.7698974609375)",0.1454
Q002020,ID000253,Matthew Broderick,Fake,Matthew Broderick AI image,7,Matthew Broderick as DC's Robin | Stable Diffusion Online,https://imgcdn.stablediffusionweb.com/2024/10/23/3f9ae48b-8987-4143-b49b-246678b08f98.jpg,https://stablediffusionweb.com/image/20758428-matthew-broderick-as-dc-s-robin,stablediffusionweb.com,nan,7.0,1,"(403.5562744140625, 182.22232055664062, 633.1729125976562, 503.1147766113281)",0.07027
Q002025,ID000254,Mesut Ozil,Real,Mesut Ozil,1,Mesut Özil - Wikipedia,https://upload.wikimedia.org/wikipedia/commons/1/12/Mesut_%C3%96zil_at_Baku_before_2019_UEFA_Europe_League_Final.jpg,https://en.wikipedia.org/wiki/Mesut_%C3%96zil,en.wikipedia.org,tier2,nan,1,"(173.1898651123047, 112.02312469482422, 395.7705078125, 441.1197814941406)",0.2278
Q002025,ID000254,Mesut Ozil,Real,Mesut Ozil,2,Mesut Özil - History and honours | Official website Real Madrid C.F.,https://publish.realmadrid.com/content/dam/portals/realmadrid-com/es-es/sports/football/legendary-players/mesut-ozil/assets/1330819931554.jpg,https://www.realmadrid.com/en-US/the-club/history/football-legends/mesut-ozil,www.realmadrid.com,tier2,nan,1,"(174.2110595703125, 74.95347595214844, 365.3450622558594, 335.5058898925781)",0.1393
Q002026,ID000254,Mesut Ozil,Fake,Mesut Ozil AI generated,6,Mesut Ozil in Funny Baby Cartoon as Soccer Fan's Profile Pic | Stable  Diffusion Online,https://imgcdn.stablediffusionweb.com/2024/6/12/019d4b2f-250f-4b2d-b4fc-748d46521b83.jpg,https://stablediffusionweb.com/image/9325433-mesut-ozil-in-funny-baby-cartoon-as-soccer-fan-s-profile-pic,stablediffusionweb.com,nan,4.0,1,"(242.060302734375, 216.32846069335938, 643.1531982421875, 808.2994384765625)",0.22644
Q000681,ID000086,Derrick-Henry,Real,Derrick-Henry,1,Derrick Henry - Wikipedia,https://upload.wikimedia.org/wikipedia/commons/thumb/0/0a/Derrick_Henry_OCT2022_%28cropped%29.jpg/960px-Derrick_Henry_OCT2022_%28cropped%29.jpg,https://en.wikipedia.org/wiki/Derrick_Henry,en.wikipedia.org,tier2,nan,1,"(499.6605224609375, 170.43661499023438, 785.6842041015625, 533.8877563476562)",0.07525
Q001057,ID000133,Hania-Amir,Real,Hania-Amir,2,Hania Amir gets emotional over overwhelming love from Indian fans,https://www.globalvillagespace.com/wp-content/uploads/2025/05/1472-hania-aamirs-indian-fans-send-her-this-unique-gift-amid-india-pakistan-tensions-post-pahalgam-attack.jpg,https://www.globalvillagespace.com/hania-amir-gets-emotional-over-overwhelming-love-from-indian-fans/,www.globalvillagespace.com,tier2,nan,1,"(424.162353515625, 83.77273559570312, 691.9534301757812, 423.0697326660156)",0.11201
Q001289,ID000162,Jason Biggs,Real,Jason Biggs,1,Jason Biggs - Wikipedia,https://upload.wikimedia.org/wikipedia/commons/5/5b/Jason_Biggs_-_Untitled_Home_Invasion_Romance.jpg,https://en.wikipedia.org/wiki/Jason_Biggs,en.wikipedia.org,tier2,nan,1,"(419.68524169921875, 254.7508544921875, 1160.1572265625, 1256.846435546875)",0.23188
Q001756,ID000220,Lady-gagga,Fake,Lady-gagga AI image,3,Premium Free ai Images | The Enigma of Lady Gaga,https://yi-ai.s3.eu-central-1.amazonaws.com/prod/0/2/2023/07/15-0013919-64b2009376aa8.png,https://lumenor.ai/ai-generated-images-gallery/lady-gaga-hLhfieVgg4/,lumenor.ai,nan,5.0,1,"(159.71405029296875, 215.08396911621094, 611.622314453125, 841.3944091796875)",0.3599
Q001777,ID000223,Laura-Wolvaardt,Real,Laura-Wolvaardt,9,Laura Wolvaardt - Titans,https://www.titans.co.za/wp-content/uploads/2024/08/Untitled-28.png,https://www.titans.co.za/player/laura-wolvaardt/,www.titans.co.za,tier2,nan,1,"(236.41139221191406, 81.89425659179688, 373.0466613769531, 268.39990234375)",0.05716
Q001841,ID000231,Lisa,Real,Lisa,1,"Exclusive Interview: Nike Partners with LISA of BLACKPINK — NIKE, Inc.",https://nmp.about.nike.com/about/prod/2be5c200-0978-458c-ab3c-46b1fe749ad7/lisa-manopal-blackpink-nike-2.jpg?m=eyJlZGl0cyI6eyJqcGVnIjp7InF1YWxpdHkiOjEwMH0sIndlYnAiOnsicXVhbGl0eSI6MTAwfSwiZXh0cmFjdCI6eyJsZWZ0IjoxMDUyLCJ0b3AiOjAsIndpZHRoIjoxMjc1LCJoZWlnaHQiOjIxMjN9LCJyZXNpemUiOnsid2lkdGgiOjM4NDB9fX0%3D&s=2bc4357a46ee16760d670e89405680964202e126c01346c46c1e0268e272d70a,https://about.nike.com/magazine/5-questions-with-international-icon-lisa-of-blackpink,about.nike.com,tier2,nan,1,"(1266.585205078125, 284.6431884765625, 2092.357177734375, 1387.6763916015625)",0.0371
Q001845,ID000231,Lisa,Fake,Lisa viral deepfake,16,Deepfakes generated based on portrait paintingsexample of Mona Lisa... |  Download Scientific Diagram,https://www.researchgate.net/profile/Miljan-Dordevic-2/publication/346158563/figure/fig1/AS:989839109406720@1613007442881/Deepfakes-generated-based-on-portrait-paintingsexample-of-Mona-Lisa-with-detected-face_Q320.jpg,https://www.researchgate.net/figure/Deepfakes-generated-based-on-portrait-paintingsexample-of-Mona-Lisa-with-detected-face_fig1_346158563,www.researchgate.net,nan,7.0,1,"(28.529056549072266, 32.98564529418945, 106.59833526611328, 142.71710205078125)",0.08366
Q001865,ID000234,Maggie Smith,Real,Maggie Smith,2,Remembering Actress Dame Maggie Smith | Masterpiece | Official Site | PBS,https://www.pbs.org/wgbh/masterpiece/media/original_images/maggie_smith_1920x1080-2_hLNAlby.jpg,https://www.pbs.org/wgbh/masterpiece/specialfeatures/remembering-dame-maggie-smith/,www.pbs.org,tier2,nan,1,"(756.1326904296875, 173.4835662841797, 1028.6064453125, 524.9923095703125)",0.04619
Q001936,ID000242,Mario-Götze,Fake,Mario-Götze Midjourney,45,Midjourney 5: The Most Realistic AI Generated Images | Streamline %,https://www.streamline.us/wp-content/uploads/Midjourney-5-Prompt-Person-Halloween-Costume-Dressed-Mario-Donkey-Kong.jpg,https://www.streamline.us/blog/midjourney-5-most-realistic-ai-generated-images/,www.streamline.us,nan,7.0,1,"(363.65765380859375, 172.7528076171875, 577.0960693359375, 434.6864013671875)",0.05332
Q002027,ID000254,Mesut Ozil,Fake,Mesut Ozil deepfake,15,Mesut Özil'in İsmail Kartal Hakkındaki Sözlerinin Deepfake ile Üretildiği  İddiası Doğru mu? | Doğruluk Payı,https://www.dogrulukpayi.com/images/verification/mesut-ozil-in-ismail-kartal-hakkindaki-sozlerinin-deepfake-ile-uretildigi-iddiasi-dogru-mu/mesut-ozil-in-ismail-kartal-hakkindaki-sozlerinin-deepfake-ile-uretildigi-iddiasi-dogru-mu-0.jpg,https://www.dogrulukpayi.com/dogruluk-kontrolu/mesut-ozil-in-ismail-kartal-hakkindaki-sozlerinin-deepfake-ile-uretildigi-iddiasi-dogru-mu,www.dogrulukpayi.com,nan,7.0,1,"(608.1265869140625, 132.39727783203125, 840.4048461914062, 436.0184631347656)",0.06017
Q002033,ID000255,Michael Caine,Real,Michael Caine,2,Michael Caine - Wikipedia,https://upload.wikimedia.org/wikipedia/commons/thumb/3/3d/Michael_Caine_-_Viennale_2012_g_%28cropped%29.jpg/250px-Michael_Caine_-_Viennale_2012_g_%28cropped%29.jpg,https://en.wikipedia.org/wiki/Michael_Caine,en.wikipedia.org,tier2,nan,1,"(8.730520248413086, 61.19428253173828, 173.31004333496094, 267.0735778808594)",0.39981
Q002033,ID000255,Michael Caine,Real,Michael Caine,3,Michael Caine's Life in Photos,https://people.com/thmb/W9hu212ZarEmX3eMRWsS1XrjjPw=/4000x0/filters:no_upscale():max_bytes(150000):strip_icc():focal(749x0:751x2)/michael-caine69-987b236327764608ad200351f28e0881.jpg,https://people.com/movies/michael-caine-life-in-photos/,people.com,tier2,nan,1,"(835.7018432617188, 190.01429748535156, 1367.0205078125, 889.1769409179688)",0.24544
Q002034,ID000255,Michael Caine,Fake,Michael Caine AI generated,4,Michael Caine's AI-Generated Voice to Narrate 'The Odyssey' Audiobook Ahead  of Christopher Nolan's Movie : r/popculturechat,https://external-preview.redd.it/michael-caines-ai-generated-voice-to-narrate-the-odyssey-v0-3tsRDzdJIfm13WmV9qiSCnlt8Tx1QnllgGGL-2YxIpM.png?width=640&crop=smart&auto=webp&s=0f728de9dedd030178fa5224510fb74edf073072,https://www.reddit.com/r/popculturechat/comments/1udgijk/michael_caines_aigenerated_voice_to_narrate_the/,www.reddit.com,nan,7.0,1,"(454.4546203613281, 120.55219268798828, 594.1516723632812, 297.58636474609375)",0.10734
Q002036,ID000255,Michael Caine,Fake,Michael Caine AI image,28,"Oscar Winner, Michael Caine, AI-Generated Voice Used for 'The Odyssey'",https://www.thedailybeast.com/resizer/v2/CRLA5GOHJNAYJAEGV25P42XOIA.JPG?auth=489c5c2699ed6d3ae34d76620fac3ca2cf3cd9021b54d4ae160faa9b9e148565,https://www.thedailybeast.com/oscar-winner-michael-caine-ai-generated-voice-used-for-the-odyssey/,www.thedailybeast.com,nan,5.0,1,"(1332.7783203125, 340.81597900390625, 2206.223388671875, 1575.0277099609375)",0.17248
Q002037,ID000255,Michael Caine,Fake,Michael Caine viral deepfake,13,AI-generated Michael Caine voice to narrate new edition of the 'Odyssey',"https://media-cldnry.s-nbcnews.com/image/upload/t_fit-1500w,f_auto,q_auto:best/mpx/2704722219/2026_06/1782259539930_now_hallie_michael_caine_narration_260623_S3_1920x1080-mf75o2.jpg",https://www.nbcnews.com/video/ai-generated-michael-caine-voice-to-narrate-new-edition-of-the-odyssey-265574469504,www.nbcnews.com,nan,5.0,1,"(608.15087890625, 96.54657745361328, 837.256103515625, 404.1450500488281)",0.05567
Q002041,ID000256,Michael Cera,Real,Michael Cera,1,Michael Cera - Wikipedia,https://upload.wikimedia.org/wikipedia/commons/thumb/3/37/MKr22364_Michael_Cera_%28The_Adults%2C_Berlinale_2023%29.jpg/960px-MKr22364_Michael_Cera_%28The_Adults%2C_Berlinale_2023%29.jpg,https://en.wikipedia.org/wiki/Michael_Cera,en.wikipedia.org,tier2,nan,1,"(297.8686218261719, 267.81268310546875, 604.7288818359375, 647.1582641601562)",0.08426
Q002043,ID000256,Michael Cera,Fake,Michael Cera deepfake,4,You'll Never See 'The Office' the Same Way Again After These Haunting  Deepfakes │ Exclaim!,https://assets.exclaim.ca/image/upload/v1704045593/office-deepfakes-offerman.jpg,https://exclaim.ca/film/article/the_office_deepfakes_nick_offerman_harry_styles_michael_cera,exclaim.ca,nan,7.0,1,"(259.9046630859375, 99.55418395996094, 481.98651123046875, 403.30462646484375)",0.18219
Q002048,ID000256,Michael Cera,Fake,Michael Cera Midjourney,1,Rick and Morty live action : r/midjourney,https://preview.redd.it/rick-and-morty-live-action-v0-sivl56k74mnb1.png?width=640&crop=smart&auto=webp&s=e5eaf70fb10b3abc2ec4632d863f39c6ba474880,https://www.reddit.com/r/midjourney/comments/16fsy5s/rick_and_morty_live_action/,www.reddit.com,nan,5.0,1,"(215.12709045410156, 128.43917846679688, 419.227294921875, 396.23406982421875)",0.13344
Q002049,ID000257,Michael J. Fox,Real,Michael J. Fox,1,Michael J. Fox - Wikipedia,https://upload.wikimedia.org/wikipedia/commons/2/20/Michael_J_Fox_2020.jpg,https://en.wikipedia.org/wiki/Michael_J._Fox,en.wikipedia.org,tier2,nan,1,"(175.18161010742188, 151.75869750976562, 485.77777099609375, 554.8570556640625)",0.17323
Q002049,ID000257,Michael J. Fox,Real,Michael J. Fox,2,"Michael J. Fox | Foundation, Movies, TV Shows, & Parkinson Disease |  Britannica",https://cdn.britannica.com/33/130633-050-DA6DF1CF/Michael-J-Fox-activist.jpg,https://www.britannica.com/biography/Michael-J-Fox,www.britannica.com,tier2,nan,1,"(239.25408935546875, 377.2876892089844, 900.4418334960938, 1216.868408203125)",0.31173
Q002049,ID000257,Michael J. Fox,Real,Michael J. Fox,5,Michael J. Fox Plots Acting Return With 'Shrinking' Season Three Role,https://www.rollingstone.com/wp-content/uploads/2025/05/GettyImages-2210636557.jpg,https://www.rollingstone.com/tv-movies/tv-movie-news/michael-j-fox-acting-return-shrinking-season-three-1235340972/,www.rollingstone.com,tier2,nan,1,"(671.569091796875, 128.9577178955078, 904.854248046875, 455.47833251953125)",0.03527
Q002050,ID000257,Michael J. Fox,Fake,Michael J. Fox AI generated,1,Michael J. Fox 🎦🎞️,https://creator.nightcafe.studio/jobs/XYusrBqRZjBIL7z4p2ib/XYusrBqRZjBIL7z4p2ib--1--ph2bc.jpg,https://creator.nightcafe.studio/creation/XYusrBqRZjBIL7z4p2ib,creator.nightcafe.studio,nan,5.0,1,"(296.1468200683594, 241.44288635253906, 623.7130737304688, 684.4556274414062)",0.13839
Q002051,ID000257,Michael J. Fox,Fake,Michael J. Fox deepfake,1,Marty Mcfly (Michael J. Fox) as Spider-man - Meeting Mysterio [ deepfake ],https://i.ytimg.com/vi/INf4vK25PD8/maxresdefault.jpg,https://www.youtube.com/watch?v=INf4vK25PD8,www.youtube.com,nan,3.0,1,"(526.80029296875, 137.94943237304688, 746.8186645507812, 425.57476806640625)",0.06867
Q002052,ID000257,Michael J. Fox,Fake,Michael J. Fox AI image,14,Michael J. Fox Portrait by John Kenn Mortensen | Stable Diffusion Online,https://imgcdn.stablediffusionweb.com/2024/11/10/eb7a30c2-77b0-44eb-b80b-ca92e0cc2bf1.jpg,https://stablediffusionweb.com/image/22365933-michael-j-fox-portrait-by-john-kenn-mortensen,stablediffusionweb.com,nan,7.0,1,"(281.91851806640625, 236.2377166748047, 685.69287109375, 731.7489013671875)",0.19081
Q002052,ID000257,Michael J. Fox,Fake,Michael J. Fox AI image,24,Michael J Fox as Peter Parker in the 1980s | Stable Diffusion Online,https://imgcdn.stablediffusionweb.com/2024/12/31/a3e80991-823d-4a01-bf8d-d5155075292f.jpg,https://stablediffusionweb.com/image/27025298-michael-j-fox-as-peter-parker-in-the-1980s,stablediffusionweb.com,nan,7.0,1,"(452.5888366699219, 139.7738494873047, 647.1144409179688, 394.783447265625)",0.04731
Q002057,ID000258,Michael Keaton,Real,Michael Keaton,1,Michael Keaton - IMDb,https://m.media-amazon.com/images/M/MV5BMTRlODM4M2QtOTUxMy00Y2NhLTk0ZWMtZGFjYWM2MTdmMzA0XkEyXkFqcGc@._V1_FMjpg_UX1000_.jpg,https://www.imdb.com/name/nm0000474/,www.imdb.com,tier2,nan,1,"(239.0001220703125, 214.30206298828125, 820.8978881835938, 990.2460327148438)",0.27993
Q002057,ID000258,Michael Keaton,Real,Michael Keaton,2,The Rise of Michael Keaton,"https://m.media-amazon.com/images/M/MV5BNWEzNDMyZjAtNGFlMC00ODFjLWEwOWItNjc5ZmRkMzQ2ZDk3XkEyXkFqcGdeQXJoYW5uYWg@._V1_QL75_UX500_CR0,0,500,281_.jpg",https://www.imdb.com/name/nm0000474/,www.imdb.com,tier2,nan,1,"(245.25901794433594, 30.06539535522461, 350.6837158203125, 171.3491668701172)",0.10601
Q002060,ID000258,Michael Keaton,Fake,Michael Keaton AI image,28,Drunk Michael Keaton Portrait in Analog Style - AI Art,https://creator.nightcafe.studio/jobs/K7ZqSp3uojnwYyVNVXpK/K7ZqSp3uojnwYyVNVXpK--2--q26p5.jpg,https://creator.nightcafe.studio/creation/K7ZqSp3uojnwYyVNVXpK,creator.nightcafe.studio,nan,8.0,1,"(168.1085205078125, 64.12544250488281, 258.4869079589844, 177.83717346191406)",0.0392
Q002061,ID000258,Michael Keaton,Fake,Michael Keaton viral deepfake,1,[DEEPFAKE] BATMAN BEGINS STARRING MICHAEL KEATON,https://external-preview.redd.it/deepfake-batman-begins-starring-michael-keaton-v0-Dg8O4jdXXBsgkFTnjYjYdgPslJj96GIakARJHxF7nkI.jpg?format=pjpg&auto=webp&s=92c72166200e074dc93b96aa866ae88a9a501706,https://www.reddit.com/r/SFWdeepfakes/comments/mobikk/deepfake_batman_begins_starring_michael_keaton/,www.reddit.com,nan,7.0,1,"(67.97928619384766, 118.74678039550781, 196.70179748535156, 280.7381286621094)",0.12067
Q002065,ID000259,Michael Nyqvist,Real,Michael Nyqvist,2,Michael Nyqvist - IMDb,https://m.media-amazon.com/images/M/MV5BMTg1MDM4MTg1NV5BMl5BanBnXkFtZTcwMTExOTcwNw@@._V1_.jpg,https://www.imdb.com/name/nm0638824/,www.imdb.com,tier2,nan,1,"(440.46649169921875, 294.36883544921875, 1073.1065673828125, 1110.072021484375)",0.16832
Q002065,ID000259,Michael Nyqvist,Real,Michael Nyqvist,3,Michael Nyqvist Dead: 'The Girl With the Dragon Tattoo' Star Dies,https://variety.com/wp-content/uploads/2017/06/michael-nyqvist-dead.jpg,https://variety.com/2017/film/news/michael-nyqvist-dead-dies-girl-with-the-dragon-tattoo-1202479889/,variety.com,tier1,nan,1,"(536.4400634765625, 88.2348861694336, 766.6073608398438, 446.50048828125)",0.14647
Q002073,ID000260,Michael-Jackson,Real,Michael-Jackson,1,Michael Jackson - IMDb,https://m.media-amazon.com/images/M/MV5BMTM1NjExNjg1OV5BMl5BanBnXkFtZTcwMTQ0NzIwMw@@._V1_FMjpg_UX1000_.jpg,https://www.imdb.com/name/nm0001391/,www.imdb.com,tier2,nan,1,"(184.5084991455078, 278.4975280761719, 595.5687255859375, 807.803466796875)",0.14801
Q002073,ID000260,Michael-Jackson,Real,Michael-Jackson,4,Home - MichaelJackson.com,https://cdn-p.smehost.net/sites/b216384857054ba4a3f60f1ed1d26488/wp-content/uploads/2025/10/home-hero-figure-isolated.png,https://www.michaeljackson.com/,www.michaeljackson.com,tier2,nan,1,"(426.33331298828125, 114.99659729003906, 697.425537109375, 457.7269592285156)",0.06633
Q002074,ID000260,Michael-Jackson,Fake,Michael-Jackson AI generated,30,AI generated painting of Michael : r/MichaelJackson,https://preview.redd.it/ai-generated-painting-of-michael-v0-32oyvidkc6ja1.jpg?width=640&crop=smart&auto=webp&s=1add0da5972898ed073266cf949b7edc0af9cb01,https://www.reddit.com/r/MichaelJackson/comments/1168hgx/ai_generated_painting_of_michael/,www.reddit.com,nan,7.0,1,"(142.96603393554688, 93.25436401367188, 492.3802490234375, 515.5635986328125)",0.36026
Q002074,ID000260,Michael-Jackson,Fake,Michael-Jackson AI generated,40,AI generated Michael Jackson : r/MichaelJackson,https://preview.redd.it/ai-generated-michael-jackson-v0-0uav04ultj4a1.jpg?width=640&crop=smart&auto=webp&s=eba0cf050b6bb1d9b6f9941f3bc7c4afed5fda66,https://www.reddit.com/r/MichaelJackson/comments/zffh2p/ai_generated_michael_jackson/,www.reddit.com,nan,7.0,1,"(80.79647064208984, 318.1847839355469, 422.22906494140625, 751.2424926757812)",0.23744
Q002074,ID000260,Michael-Jackson,Fake,Michael-Jackson AI generated,1,AI generated Michael Jackson : r/MichaelJackson,https://i.redd.it/foyju3aey8ab1.jpg,https://www.reddit.com/r/MichaelJackson/comments/14rtqbn/ai_generated_michael_jackson/,www.reddit.com,nan,5.0,1,"(96.58368682861328, 37.83229064941406, 170.01844787597656, 143.13648986816406)",0.15275
Q002075,ID000260,Michael-Jackson,Fake,Michael-Jackson deepfake,12,MICHAEL BIOPIC: Albums (Deepfake + Edit by me) : r/MichaelTheMovie,https://preview.redd.it/michael-biopic-albums-deepfake-edit-by-me-v0-qm84d5ns3e4e1.png?width=640&crop=smart&auto=webp&s=7fb538d742dadefe643cb962c712824b10ee0986,https://www.reddit.com/r/MichaelTheMovie/comments/1h4q4ld/michael_biopic_albums_deepfake_edit_by_me/,www.reddit.com,nan,7.0,1,"(323.7337951660156, 92.6398696899414, 450.0460510253906, 257.86865234375)",0.05095
Q002076,ID000260,Michael-Jackson,Fake,Michael-Jackson AI image,1,AI Art Pop Art Superstars Michael Jackson 5 by TOPARTGALLERY Wall Art,https://www.pictorem.com/uploads/collection/L/LA2ITU5FOL/900_TOPARTGALLERY_195173_AI_Art_Pop_Art_Superstars_Michael_Jackson_5.jpg,https://www.pictorem.com/2089631/ai-art-pop-art-superstars-michael-jackson-5/?srsltid=AfmBOopSl6jQFN0Bp6rtYx9fowLtBAE4C1fLEjofZb5JJE20t5IZJCXB,www.pictorem.com,nan,5.0,1,"(317.73492431640625, 124.99076843261719, 455.2118225097656, 305.7652282714844)",0.03841
Q002081,ID000261,Michele-Morrone,Real,Michele-Morrone,1,Michele Morrone - Wikipedia,https://upload.wikimedia.org/wikipedia/commons/d/dd/Michele_Morrone_2019.jpg,https://en.wikipedia.org/wiki/Michele_Morrone,en.wikipedia.org,tier2,nan,1,"(49.56022644042969, 105.96051788330078, 361.3241271972656, 514.9642944335938)",0.37637
Q002081,ID000261,Michele-Morrone,Real,Michele-Morrone,2,Michele Morrone - IMDb,https://m.media-amazon.com/images/M/MV5BZTY4ZjVjOTctZjg3OC00YTE2LWIyMzYtN2MxNDIyMDhmMzAwXkEyXkFqcGc@._V1_.jpg,https://www.imdb.com/name/nm9016108/,www.imdb.com,tier2,nan,1,"(281.12579345703125, 70.4908447265625, 558.7897338867188, 454.1966247558594)",0.18774
Q002081,ID000261,Michele-Morrone,Real,Michele-Morrone,4,"Michele Morrone - Actor, Model, Singer, Designer",https://ntvb.tmsimg.com/assets/assets/1100147_v9_ba.jpg,https://www.tvinsider.com/people/michele-morrone/,www.tvinsider.com,tier2,nan,1,"(265.6338806152344, 277.8210754394531, 767.2125854492188, 938.5972900390625)",0.21311
Q002082,ID000261,Michele-Morrone,Fake,Michele-Morrone AI generated,31,michele morrone Prompts | Stable Diffusion Online,https://imgcdn.stablediffusionweb.com/2025/3/20/244b6347-2199-4d99-a591-3a341d3f477e.jpg,https://stablediffusionweb.com/prompts/michele-morrone,stablediffusionweb.com,nan,7.0,1,"(333.14166259765625, 212.40704345703125, 688.1646728515625, 674.8433227539062)",0.15657
Q002082,ID000261,Michele-Morrone,Fake,Michele-Morrone AI generated,44,michele morrone Prompts | Stable Diffusion Online,https://imgcdn.stablediffusionweb.com/2025/8/29/bfacd23c-11b9-4b32-aec6-b935c3476af1.jpg,https://stablediffusionweb.com/prompts/michele-morrone,stablediffusionweb.com,nan,7.0,1,"(373.8237609863281, -89.55111694335938, 823.7028198242188, 509.37261962890625)",0.25696
Q002084,ID000261,Michele-Morrone,Fake,Michele-Morrone AI image,42,michele morrone Prompts | Stable Diffusion Online,https://imgcdn.stablediffusionweb.com/2025/3/20/60d46811-b21b-4a93-9aa3-5e98c3e8df8f.jpg,https://stablediffusionweb.com/prompts/michele-morrone,stablediffusionweb.com,nan,7.0,1,"(391.60198974609375, 190.32090759277344, 692.3488159179688, 598.4480590820312)",0.11706
Q002087,ID000261,Michele-Morrone,Fake,Michele-Morrone Stable Diffusion,2,michele morrone Prompts | Stable Diffusion Online,https://imgcdn.stablediffusionweb.com/2025/3/20/c34e5e9e-abeb-4fa4-abbf-de529ac03294.jpg,https://stablediffusionweb.com/prompts/michele-morrone,stablediffusionweb.com,nan,7.0,1,"(354.8061218261719, 183.13894653320312, 738.552734375, 672.8286743164062)",0.17921
Q002089,ID000262,Michelle Pfeiffer,Real,Michelle Pfeiffer,2,Michelle Pfeiffer - Wikipedia,https://upload.wikimedia.org/wikipedia/commons/thumb/4/49/Michelle_Pfeiffer_-_Studio_Portrait_%281979%29.jpg/250px-Michelle_Pfeiffer_-_Studio_Portrait_%281979%29.jpg,https://en.wikipedia.org/wiki/Michelle_Pfeiffer,en.wikipedia.org,tier2,nan,1,"(67.84583282470703, 47.78534698486328, 169.54458618164062, 183.8290557861328)",0.1652
Q002089,ID000262,Michelle Pfeiffer,Real,Michelle Pfeiffer,4,Life Lessons from Michelle Pfeiffer,https://www.interviewmagazine.com/wp-content/uploads/2021/12/11.19scans-2-scaled.jpg,https://www.interviewmagazine.com/film/life-lessons-from-michelle-pfeiffer,www.interviewmagazine.com,tier2,nan,1,"(694.001220703125, 418.4989013671875, 1507.7095947265625, 1463.03076171875)",0.17456
Q002090,ID000262,Michelle Pfeiffer,Fake,Michelle Pfeiffer AI generated,8,Young Galadriel as Michelle Pfeiffer: AI Portrait - AI Art,"https://images.nightcafe.studio/ik-seo/jobs/69lBXj4vWTJySlo0jmJ9/69lBXj4vWTJySlo0jmJ9--1--bcdbc/michelle-pfeiffer-as-a-young-fullbody-galadriel.jpg?tr=w-1600,c-at_max",https://creator.nightcafe.studio/creation/69lBXj4vWTJySlo0jmJ9,creator.nightcafe.studio,nan,8.0,1,"(432.7545471191406, 116.44496154785156, 607.53271484375, 343.7799072265625)",0.03789
Q002090,ID000262,Michelle Pfeiffer,Fake,Michelle Pfeiffer AI generated,11,Michelle Pfeiffer as a Young Actress | Stable Diffusion Online,https://imgcdn.stablediffusionweb.com/2024/12/21/947177bd-e966-4127-978e-89f4fb311eb4.jpg,https://stablediffusionweb.com/image/26063013-michelle-pfeiffer-as-a-young-actress,stablediffusionweb.com,nan,7.0,1,"(163.54661560058594, 245.90379333496094, 537.7144165039062, 750.2666015625)",0.18283
Q002090,ID000262,Michelle Pfeiffer,Fake,Michelle Pfeiffer AI generated,15,young michelle pfeiffer Prompts | Stable Diffusion Online,https://imgcdn.stablediffusionweb.com/2024/5/11/bf0030aa-e0d1-4f9a-92bd-69ad787de975.jpg,https://stablediffusionweb.com/prompts/young-michelle-pfeiffer,stablediffusionweb.com,nan,7.0,1,"(336.2345275878906, 159.69277954101562, 677.430419921875, 616.8142700195312)",0.14874
Q002091,ID000262,Michelle Pfeiffer,Fake,Michelle Pfeiffer deepfake,28,Deepfake; validation is currency in mildly biting reflection of the digital  age: Tribeca Film Festival Review - The AU Review,https://www.theaureview.com/wp-content/uploads/2026/05/DEEPFAKE-Still.jpg,https://www.theaureview.com/watch/deepfake-tribeca-ff/,www.theaureview.com,nan,7.0,1,"(175.0491943359375, 60.465003967285156, 367.83709716796875, 329.11798095703125)",0.09216
Q002097,ID000263,Michelle Yeoh,Real,Michelle Yeoh,4,"Michelle Yeoh: Actor, Activist, Martial Artist","https://hips.hearstapps.com/hmg-prod/images/malaysian-actress-michelle-yeoh-poses-with-the-oscar-for-news-photo-1690823697.jpg?crop=0.704xw:1.00xh;0.159xw,0&resize=1200:*",https://www.biography.com/actor/michelle-yeoh,www.biography.com,tier2,nan,1,"(438.9656982421875, 174.61228942871094, 693.207763671875, 559.3853759765625)",0.0681
Q002098,ID000263,Michelle Yeoh,Fake,Michelle Yeoh AI generated,2,Michelle Yeoh as Terran Empire Latex Emperor - AI Art,https://creator.nightcafe.studio/jobs/4p06zU937rKX8OJguukI/4p06zU937rKX8OJguukI--1--0wpm5.jpg,https://creator.nightcafe.studio/creation/4p06zU937rKX8OJguukI,creator.nightcafe.studio,nan,8.0,1,"(444.8418273925781, 98.46939086914062, 624.3845825195312, 323.5339050292969)",0.03915
Q002098,ID000263,Michelle Yeoh,Fake,Michelle Yeoh AI generated,9,Michelle Yeoh as Terran Empire Latex Emperor - AI Art,https://creator.nightcafe.studio/jobs/Obe9zO2mWJevEqgvl6mi/Obe9zO2mWJevEqgvl6mi--1--2k992.jpg,https://creator.nightcafe.studio/creation/Obe9zO2mWJevEqgvl6mi,creator.nightcafe.studio,nan,8.0,1,"(658.3540649414062, 122.41651153564453, 874.0846557617188, 421.7190246582031)",0.06255
Q002105,ID000264,Mickey Rourke,Real,Mickey Rourke,1,Mickey Rourke - IMDb,https://m.media-amazon.com/images/M/MV5BMTM0MzYwNDA2MF5BMl5BanBnXkFtZTcwNDYzMjg4Mw@@._V1_FMjpg_UX1000_.jpg,https://www.imdb.com/name/nm0000620/,www.imdb.com,tier2,nan,1,"(285.7754211425781, 184.83294677734375, 599.9700927734375, 642.1121826171875)",0.10054
Q002105,ID000264,Mickey Rourke,Real,Mickey Rourke,2,Mickey Rourke Movies & TV Shows List | Rotten Tomatoes | Rotten Tomatoes,https://resizing.flixster.com/LguBHEvvnQTUpkQ2wUUhF9ux5iI=/218x280/v2/https://resizing.flixster.com/-XZAfHZM39UwaGJIFWKAE8fS0ak=/v3/t/assets/1505_v9_be.jpg,https://www.rottentomatoes.com/celebrity/mickey_rourke,www.rottentomatoes.com,tier2,nan,1,"(61.30997085571289, 68.25200653076172, 166.9182891845703, 195.86465454101562)",0.22079
Q002106,ID000264,Mickey Rourke,Fake,Mickey Rourke AI generated,22,mickey rourke in glasses Prompts | Stable Diffusion Online,https://imgcdn.stablediffusionweb.com/2024/4/28/f59e7a91-5fa9-4fe5-9bad-7a90f1b8c763.jpg,https://stablediffusionweb.com/prompts/mickey-rourke-in-glasses,stablediffusionweb.com,nan,7.0,1,"(333.9007568359375, 288.7852478027344, 654.1611328125, 686.4645385742188)",0.12146
Q002107,ID000264,Mickey Rourke,Fake,Mickey Rourke deepfake,40,Kate Middleton deepfake AI images spark outrage and regulatory probe -  Celebrity News - Entertainment - Daily Express US,https://cdn-images.the-express.com/img/dynamic/21/1200x630/493457.jpg,https://www.the-express.com/entertainment/celebrity-news/195248/kate-middleton-ai-deepfake-scandal,www.the-express.com,nan,5.0,1,"(451.51068115234375, 91.28271484375, 738.2005004882812, 469.2807312011719)",0.14334
Q002108,ID000264,Mickey Rourke,Fake,Mickey Rourke AI image,8,Young Mickey Rourke as Pro Wrestler | Stable Diffusion Online,https://imgcdn.stablediffusionweb.com/2024/9/6/0146739c-9a6a-42bc-b5d9-f96fc8cf1ff9.jpg,https://stablediffusionweb.com/image/15934179-young-mickey-rourke-as-pro-wrestler,stablediffusionweb.com,nan,7.0,1,"(375.0796813964844, 177.83364868164062, 643.2294921875, 558.4888916015625)",0.09734
Q002113,ID000265,Miles Teller,Real,Miles Teller,3,"Miles Teller - Early Life, Car Accident & Movies","https://hips.hearstapps.com/hmg-prod/images/gettyimages-1144626740.jpg?crop=0.6666666666666666xw:1xh;center,top&resize=640:*",https://www.biography.com/actors/miles-alexander-teller,www.biography.com,tier2,nan,1,"(185.8890380859375, 121.49140167236328, 406.26739501953125, 424.9498596191406)",0.16327
Q002114,ID000265,Miles Teller,Fake,Miles Teller AI generated,1,Miles Teller as Green and Silver Prince in Fantasy... - AI Art,https://creator.nightcafe.studio/jobs/xeffrC7VG5dxOw4sUqBp/xeffrC7VG5dxOw4sUqBp--1--7aouq.jpg,https://creator.nightcafe.studio/creation/xeffrC7VG5dxOw4sUqBp,creator.nightcafe.studio,nan,8.0,1,"(503.28948974609375, 160.638916015625, 659.4733276367188, 374.9375915527344)",0.03192
Q002114,ID000265,Miles Teller,Fake,Miles Teller AI generated,2,Miles Teller as the Maker Marvel Character | Stable Diffusion Online,https://imgcdn.stablediffusionweb.com/2024/9/18/1abf2f46-6b01-42fd-ac21-26775af5c504.jpg,https://stablediffusionweb.com/image/17285061-miles-teller-as-the-maker-marvel-character,stablediffusionweb.com,nan,7.0,1,"(356.1859130859375, 128.06976318359375, 793.3394775390625, 774.5940551757812)",0.26954
Q002114,ID000265,Miles Teller,Fake,Miles Teller AI generated,7,Miles Teller as the Maker Marvel Character | Stable Diffusion Online,https://imgcdn.stablediffusionweb.com/2025/5/24/739d330e-6eed-4aef-8da4-dc37750added.jpg,https://stablediffusionweb.com/image/17285061-miles-teller-as-the-maker-marvel-character,stablediffusionweb.com,nan,7.0,1,"(426.3931884765625, 144.9943389892578, 617.9060668945312, 415.047119140625)",0.04932
Q002115,ID000265,Miles Teller,Fake,Miles Teller deepfake,1,Miles Teller As John Branca: Deepfake/Edit by Me : r/MichaelTheMovie,https://i.redd.it/miles-teller-as-john-branca-deepfake-edit-by-me-v0-nlztqt7lsohd1.png?width=2500&format=png&auto=webp&s=b85018071743d6dc60d8690acd9fe9803d2dc7d7,https://www.reddit.com/r/MichaelTheMovie/comments/1eo8lhp/miles_teller_as_john_branca_deepfakeedit_by_me/,www.reddit.com,nan,7.0,1,"(993.6975708007812, 422.9322814941406, 1870.858154296875, 1615.831298828125)",0.13952
Q002116,ID000265,Miles Teller,Fake,Miles Teller AI image,3,Miles Teller as Marvel's Maker | Stable Diffusion Online,https://imgcdn.stablediffusionweb.com/2024/9/18/42d900ae-1c16-4681-9419-fc175eff4b92.jpg,https://stablediffusionweb.com/image/17285237-miles-teller-as-marvel-s-maker,stablediffusionweb.com,nan,7.0,1,"(244.9170379638672, 188.1478271484375, 523.475830078125, 593.4631958007812)",0.10938
Q002117,ID000265,Miles Teller,Fake,Miles Teller viral deepfake,1,Miles Teller As John Branca: Deepfake/Edit by Me : r/MichaelTheMovie,https://preview.redd.it/miles-teller-as-john-branca-deepfake-edit-by-me-v0-qk29wp7lsohd1.png?width=640&crop=smart&auto=webp&s=44ceb4fad8dd5d20b4e04192b52d54aa8ade987f,https://www.reddit.com/r/MichaelTheMovie/comments/1eo8lhp/miles_teller_as_john_branca_deepfakeedit_by_me/,www.reddit.com,nan,7.0,1,"(255.77011108398438, 108.99054718017578, 476.4670104980469, 412.67669677734375)",0.13636
Q002121,ID000266,Mina,Real,Mina,1,Mina (Italian singer) - Wikipedia,https://upload.wikimedia.org/wikipedia/commons/thumb/3/3f/Anna_Maria_Mazzini_%281972%29.jpg/250px-Anna_Maria_Mazzini_%281972%29.jpg,https://en.wikipedia.org/wiki/Mina_(Italian_singer),en.wikipedia.org,tier2,nan,1,"(76.3426284790039, 25.3763427734375, 139.23150634765625, 99.15302276611328)",0.05043
Q002121,ID000266,Mina,Real,Mina,3,Mina (Italian singer) - Wikipedia,https://upload.wikimedia.org/wikipedia/commons/f/f9/Mina_Epoca_1972.jpg,https://en.wikipedia.org/wiki/Mina_(Italian_singer),en.wikipedia.org,tier2,nan,1,"(103.14440155029297, 172.14230346679688, 512.2630004882812, 696.6066284179688)",0.35647
Q002122,ID000266,Mina,Fake,Mina AI generated,29,Mina Myoi of Twice (6/9) - Mina Myoi as Angel: Detailed Digi...,https://creator.nightcafe.studio/jobs/LLggw2X7W6Q1ZaB4aOAV/LLggw2X7W6Q1ZaB4aOAV--1--9kwad.jpg,https://creator.nightcafe.studio/creation/LLggw2X7W6Q1ZaB4aOAV,creator.nightcafe.studio,nan,5.0,1,"(304.3998718261719, 152.43067932128906, 675.6989135742188, 656.2529907226562)",0.1784
Q002124,ID000266,Mina,Fake,Mina AI image,8,Mina AI Art 🎨 (@minaAIart) / X,https://pbs.twimg.com/media/FhCfhufUcAAwNwx.jpg,https://x.com/minaAIart,x.com,nan,3.0,1,"(175.44615173339844, 47.203495025634766, 311.9061584472656, 222.99496459960938)",0.07321
Q002124,ID000266,Mina,Fake,Mina AI image,10,"Mina AI Art 🎨 on X: ""#Mina #TWICE"" / X",https://pbs.twimg.com/media/FjYFIPJaEAAL1sA.jpg,https://x.com/minaAIart/status/1600473663098474496/photo/1,x.com,nan,3.0,1,"(198.84561157226562, 84.96349334716797, 335.4548645019531, 271.5909423828125)",0.07399
Q002129,ID000267,Mohamed Salah,Real,Mohamed Salah,1,Mohamed Salah - Wikipedia,https://upload.wikimedia.org/wikipedia/commons/thumb/a/a6/Mohamed_Salah_Argentina_v_Egypt_7_July_2026-163_%28cropped%29.jpg/960px-Mohamed_Salah_Argentina_v_Egypt_7_July_2026-163_%28cropped%29.jpg,https://en.wikipedia.org/wiki/Mohamed_Salah,en.wikipedia.org,tier2,nan,1,"(242.23733520507812, 146.95579528808594, 700.1329345703125, 787.279541015625)",0.21973
Q002129,ID000267,Mohamed Salah,Real,Mohamed Salah,3,Mohamed Salah - Player profile | Transfermarkt,https://img.a.transfermarkt.technology/portrait/big/148455-1727337594.jpg?lm=1,https://www.transfermarkt.us/mohamed-salah/profil/spieler/148455,www.transfermarkt.us,tier2,nan,1,"(59.66211700439453, 51.78858184814453, 280.14599609375, 336.8404541015625)",0.53717
Q002130,ID000267,Mohamed Salah,Fake,Mohamed Salah AI generated,2,AI generated images of Mo Salah. : r/LiverpoolFC,https://i.redd.it/ai-generated-images-of-mo-salah-v0-1xrtlox7d1g91.png?width=1664&format=png&auto=webp&s=a4a1318b4f7e11778e6a9bb7a4860bffc099a350,https://www.reddit.com/r/LiverpoolFC/comments/whhc53/ai_generated_images_of_mo_salah/,www.reddit.com,nan,7.0,1,"(961.195068359375, 231.92019653320312, 1286.4385986328125, 695.462158203125)",0.05445
Q002137,ID000268,Mohammad-Ahmed,Real,Mohammad-Ahmed,1,Syed Mohammad Ahmed - Wikipedia,https://upload.wikimedia.org/wikipedia/commons/2/27/Mohammad_Ahmed%2C_November_2020.jpg,https://en.wikipedia.org/wiki/Syed_Mohammad_Ahmed,en.wikipedia.org,tier2,nan,1,"(179.11203002929688, 125.19474792480469, 560.5748901367188, 639.8717041015625)",0.29657
Q002137,ID000268,Mohammad-Ahmed,Real,Mohammad-Ahmed,3,"Actor Mohammed Ahmed thinks the drama industry is only interested in  recycling crass plots, characters - Comment - Images",https://i.dawn.com/primary/2023/06/0514414206c6fcc.png,https://images.dawn.com/news/1191831,images.dawn.com,tier2,nan,1,"(368.71710205078125, 139.97262573242188, 714.9846801757812, 620.6195068359375)",0.12717
Q002137,ID000268,Mohammad-Ahmed,Real,Mohammad-Ahmed,5,Mohammad Ahmed is in awe of TikTokers,https://i.tribune.com.pk/media/images/61719688339-5/61719688339-5.jpg,https://tribune.com.pk/story/2475227/mohammad-ahmed-is-in-awe-of-tiktokers,tribune.com.pk,tier2,nan,1,"(304.5682373046875, 72.09860229492188, 468.3710632324219, 267.5239562988281)",0.06669
Q002143,ID000268,Mohammad-Ahmed,Fake,Mohammad-Ahmed Stable Diffusion,16,The Man behind Stable Diffusion,https://i.ytimg.com/vi/YQ2QtKcK2dA/mqdefault.jpg,https://www.youtube.com/watch?v=YQ2QtKcK2dA,www.youtube.com,nan,3.0,1,"(230.42979431152344, 41.7647819519043, 305.2814636230469, 141.80848693847656)",0.13001
Q002143,ID000268,Mohammad-Ahmed,Fake,Mohammad-Ahmed Stable Diffusion,37,"Emad Mostaque — Stable Diffusion, Stability AI, and What's Next - YouTube",https://i.ytimg.com/vi/bG5hTokyh5Q/hqdefault.jpg,https://www.youtube.com/watch?v=bG5hTokyh5Q,www.youtube.com,nan,3.0,1,"(70.80706024169922, 100.59579467773438, 155.18017578125, 214.33314514160156)",0.05553
Q002145,ID000269,Mohammad-Albuty,Real,Mohammad-Albuty,1,Mohammad Albuty - Most Impactful Real Estate Leaders 2025- Forbes Lists,https://forbesme-prestaging-media.s3.us-east-2.amazonaws.com/lists/uploads/2025/04/11074747/015-Mohammad-Albuty-1.jpg,https://www.forbesmiddleeast.com/lists/most-impactful-real-estate-leaders-2025/mohammad-albuty/,www.forbesmiddleeast.com,tier2,nan,1,"(909.3525390625, 538.4602661132812, 1577.8765869140625, 1433.0521240234375)",0.09569
Q002145,ID000269,Mohammad-Albuty,Real,Mohammad-Albuty,2,Mohammad Albuty - Top 100 Real Estate Developers In MENA 2024- Forbes Lists,https://forbesme-prestaging-media.s3.us-east-2.amazonaws.com/lists/uploads/2024/01/31053320/12.-National-Housing-Company-NHC.jpg,https://www.forbesmiddleeast.com/lists/most-impactful-real-estate-leaders-2024/mohammad-albuty/,www.forbesmiddleeast.com,tier2,nan,1,"(899.6722412109375, 475.7373352050781, 1522.3984375, 1328.1024169921875)",0.08493
Q002146,ID000269,Mohammad-Albuty,Fake,Mohammad-Albuty AI generated,12,Prophet Muhammad Portrait in Detailed Matte Painti... - AI Art,https://creator.nightcafe.studio/jobs/Xoh2wNw6I1bToTLFQ0Os/Xoh2wNw6I1bToTLFQ0Os--0--vdkuz.jpg,https://creator.nightcafe.studio/creation/Xoh2wNw6I1bToTLFQ0Os/alrswl-mhmd-hsb-alawsaf-almarwfh-swrh-wadhhh,creator.nightcafe.studio,nan,8.0,1,"(183.82852172851562, 287.18597412109375, 527.2535400390625, 745.0596923828125)",0.15234
Q002153,ID000270,Monica Bellucci,Real,Monica Bellucci,1,Monica Bellucci - IMDb,https://m.media-amazon.com/images/M/MV5BMjM4MTcxMzY3MV5BMl5BanBnXkFtZTgwOTkwODgzNDE@._V1_FMjpg_UX1000_.jpg,https://www.imdb.com/name/nm0000899/,www.imdb.com,tier2,nan,1,"(329.2569885253906, 202.5325469970703, 692.9561157226562, 682.2841796875)",0.11838
Q002154,ID000270,Monica Bellucci,Fake,Monica Bellucci AI generated,12,Monica Bellucci Without Her Iconic Hair | Stable Diffusion Online,https://imgcdn.stablediffusionweb.com/2024/3/20/6d4b9ee5-cd08-4177-a64c-c158ffb8c255.jpg,https://stablediffusionweb.com/image/3463293-monica-bellucci-without-her-iconic-hair,stablediffusionweb.com,nan,7.0,1,"(189.59625244140625, 326.337158203125, 560.7976684570312, 857.3446044921875)",0.19483
Q002154,ID000270,Monica Bellucci,Fake,Monica Bellucci AI generated,14,Young Monica Bellucci | Stable Diffusion Online,https://imgcdn.stablediffusionweb.com/2024/9/8/c316e3e9-081b-4cb5-ab64-cb54e830befd.jpg,https://stablediffusionweb.com/image/16163081-young-monica-bellucci,stablediffusionweb.com,nan,7.0,1,"(433.21051025390625, 208.19515991210938, 767.7371215820312, 645.443359375)",0.1395
Q002156,ID000270,Monica Bellucci,Fake,Monica Bellucci AI image,15,Monica Bellucci as Miranda Lawson: Hyperrealistic ... - AI Art,https://creator.nightcafe.studio/jobs/9kII0vtEgV7ZjqRcSbbp/9kII0vtEgV7ZjqRcSbbp--0--mt05n.jpg,https://creator.nightcafe.studio/creation/9kII0vtEgV7ZjqRcSbbp/monica-bellucci-in-her-late-20s-as-miranda-lawson-from-mass-effect,creator.nightcafe.studio,nan,8.0,1,"(315.6183776855469, 150.5322265625, 645.7880249023438, 611.2479858398438)",0.09671
Q002156,ID000270,Monica Bellucci,Fake,Monica Bellucci AI image,24,Monica Bellucci with Black Cat in Dark Style - AI Art,https://creator.nightcafe.studio/jobs/EGtSbqzUtIfK3LdOLC2K/EGtSbqzUtIfK3LdOLC2K--1--c39ix.jpg,https://creator.nightcafe.studio/creation/EGtSbqzUtIfK3LdOLC2K,creator.nightcafe.studio,nan,8.0,1,"(216.89703369140625, -96.58039855957031, 344.9808654785156, 82.9656753540039)",0.08773
Q002157,ID000270,Monica Bellucci,Fake,Monica Bellucci viral deepfake,47,Girija Oak Addresses Deepfake Abuse After Going Viral: 'I Was Sexualised  Beyond Comfort' — ABP Live,https://media.assettype.com/freepressjournal/2025-11-26/4dkfzl01/FotoJet-1.jpg,https://thetruestory.news/en/world/story/a9079593-ca84-11f0-bef6-a8a1590471b5,thetruestory.news,nan,3.0,1,"(446.48077392578125, 41.40818405151367, 656.6734619140625, 341.9633483886719)",0.07799
Q002162,ID000271,M�lanie Laurent,Fake,M�lanie Laurent AI generated,2,melanie laurent Prompts | Stable Diffusion Online,https://imgcdn.stablediffusionweb.com/2025/1/9/9355ddb1-8e92-4b78-98dd-fdc936482212.jpg,https://stablediffusionweb.com/prompts/melanie-laurent,stablediffusionweb.com,nan,7.0,1,"(334.19970703125, 217.71453857421875, 680.4379272460938, 659.4196166992188)",0.14585
Q002167,ID000271,M�lanie Laurent,Fake,M�lanie Laurent Stable Diffusion,3,melanie laurent Prompts | Stable Diffusion Online,https://imgcdn.stablediffusionweb.com/2025/1/1/dab8a4fd-07bc-4fdb-9293-1f9ecaea8fa4.jpg,https://stablediffusionweb.com/prompts/melanie-laurent,stablediffusionweb.com,nan,7.0,1,"(193.0421600341797, 107.11178588867188, 595.1620483398438, 670.8463745117188)",0.21962
Q002167,ID000271,M�lanie Laurent,Fake,M�lanie Laurent Stable Diffusion,4,melanie laurent Prompts | Stable Diffusion Online,https://imgcdn.stablediffusionweb.com/2025/2/25/02b1085c-cae6-479a-9908-d039ba2df1e4.jpg,https://stablediffusionweb.com/prompts/melanie-laurent,stablediffusionweb.com,nan,7.0,1,"(333.63043212890625, 221.86398315429688, 654.3130493164062, 630.1779174804688)",0.12487
Q002169,ID000272,Nadir-Sami-Al-Koraya,Real,Nadir-Sami-Al-Koraya,1,Nadir Sami Al-Koraya - Top 100 CEOs 2025 - Forbes Lists,https://forbesme-prestaging-media.s3.us-east-2.amazonaws.com/lists/uploads/2025/11/12022938/46.-Nadir-Sami-Al-Koraya.jpg,https://www.forbesmiddleeast.com/lists/top-100-ceos-2025/nadir-sami-al-koraya/,www.forbesmiddleeast.com,tier2,nan,1,"(383.02001953125, 155.07827758789062, 810.7264404296875, 685.5458374023438)",0.15756
Q002169,ID000272,Nadir-Sami-Al-Koraya,Real,Nadir-Sami-Al-Koraya,3,"The Finance Frontier 2026: Nadir S. Al Koraya, President and CEO",https://mena.entrepreneur.com/wp-content/uploads/sites/11/2026/07/ENT-12.png,https://mena.entrepreneur.com/finance/the-finance-frontier-2026-nadir-s-al-koraya-president-and-ceo-riyad-bank,mena.entrepreneur.com,tier2,nan,1,"(733.8699340820312, 389.9366455078125, 1181.574462890625, 945.0557861328125)",0.09246
Q002169,ID000272,Nadir-Sami-Al-Koraya,Real,Nadir-Sami-Al-Koraya,4,"Contact Nadir Al-Koraya, Email: n***@riyadbank.com & Phone Number | Chief  Executive Officer at Riyad Bank - ZoomInfo",https://www.riyadbank.com/en/Images/nadir-s-al-koraya_tcm8-4474.jpg,https://www.zoominfo.com/p/Nadir-Al-koraya/2527883060,www.zoominfo.com,tier2,nan,1,"(79.39596557617188, 26.88456153869629, 147.5607452392578, 114.29205322265625)",0.1281
Q002177,ID000273,Nancy-Pelosi,Real,Nancy-Pelosi,1,Nancy Pelosi - Wikipedia,https://upload.wikimedia.org/wikipedia/commons/a/a5/Official_photo_of_Speaker_Nancy_Pelosi_in_2019.jpg,https://en.wikipedia.org/wiki/Nancy_Pelosi,en.wikipedia.org,tier2,nan,1,"(981.1783447265625, 606.228271484375, 2095.10302734375, 2169.473388671875)",0.15479
Q002177,ID000273,Nancy-Pelosi,Real,Nancy-Pelosi,2,"Nancy Pelosi | Biography, Book, Age, & Facts | Britannica",https://cdn.britannica.com/10/237010-050-0A6B4D36/Nancy-Pelosi-US-Capitol-2022.jpg,https://www.britannica.com/biography/Nancy-Pelosi,www.britannica.com,tier2,nan,1,"(693.4053955078125, 141.0320587158203, 996.1403198242188, 559.013916015625)",0.06558
Q002177,ID000273,Nancy-Pelosi,Real,Nancy-Pelosi,4,Nancy Pelosi,"https://imageio.forbes.com/specials-images/imageserve/61ae3c47048ab0727689772f/0x0.jpg?format=jpg&crop=2229,2229,x873,y236,safe&height=416&width=416&fit=bounds",https://www.forbes.com/profile/nancy-pelosi/,www.forbes.com,tier2,nan,1,"(128.9530792236328, 66.73501586914062, 248.06089782714844, 231.08001708984375)",0.11311
Q002178,ID000273,Nancy-Pelosi,Fake,Nancy-Pelosi AI generated,1,Hyperrealistic Young Nancy Pelosi with Dripping Ca... - AI Art,https://creator.nightcafe.studio/jobs/YO9JJeurj49TTkyaRm5o/YO9JJeurj49TTkyaRm5o--1--ba8rh.jpg,https://creator.nightcafe.studio/creation/YO9JJeurj49TTkyaRm5o,creator.nightcafe.studio,nan,8.0,1,"(194.49429321289062, 73.66082763671875, 295.7808532714844, 218.1754150390625)",0.05584
Q002178,ID000273,Nancy-Pelosi,Fake,Nancy-Pelosi AI generated,27,AI Generated Image of Nancy Pelosi - AI Art,https://creator.nightcafe.studio/jobs/8hG26c8RU5mCYm3KHEAU/8hG26c8RU5mCYm3KHEAU--0--7o6eo.jpg,https://creator.nightcafe.studio/creation/8hG26c8RU5mCYm3KHEAU/imagine-a-picture-in-which-nancy-pelosi,creator.nightcafe.studio,nan,8.0,1,"(434.9744873046875, 129.63214111328125, 630.9935913085938, 404.3000183105469)",0.06846
Q002181,ID000273,Nancy-Pelosi,Fake,Nancy-Pelosi viral deepfake,7,"Doctored Nancy Pelosi video highlights threat of ""deepfake"" tech - CBS News",https://assets2.cbsnewsstatic.com/hub/i/r/2019/05/24/486d9c88-9c19-4cc4-bf79-0a078c5c520d/thumbnail/1200x630/44d847e9b0de5b19aad1b34feef6c48b/cbsn-fusion-slowed-down-videos-of-nancy-pelosi-spread-online-appear-to-make-her-speech-slurred-thumbnail-1857881.jpg,https://www.cbsnews.com/news/doctored-nancy-pelosi-video-highlights-threat-of-deepfake-tech-2019-05-25/,www.cbsnews.com,nan,5.0,1,"(265.48626708984375, 56.678436279296875, 355.3658447265625, 187.46121215820312)",0.05466
Q002185,ID000274,Naomi Watts,Real,Naomi Watts,3,"Naomi Watts – Movies, Bio and Lists on MUBI",https://images.mubicdn.net/images/cast_member/777/cache-1082430-1757334796/image-w856.jpg,https://mubi.com/en/cast/naomi-watts,mubi.com,tier2,nan,1,"(503.172119140625, 121.81034851074219, 773.1034545898438, 497.24609375)",0.05212
Q002186,ID000274,Naomi Watts,Fake,Naomi Watts AI generated,4,Naomi Watts in Desert Scene | Stable Diffusion Online,https://imgcdn.stablediffusionweb.com/2024/3/17/123fb251-7824-4c8f-a3e8-31860daa8173.jpg,https://stablediffusionweb.com/image/3275884-naomi-watts-in-desert-scene,stablediffusionweb.com,nan,7.0,1,"(496.630859375, 303.91412353515625, 711.074462890625, 600.0070190429688)",0.06055
Q002193,ID000275,Nasser-Al-Huqbani,Real,Nasser-Al-Huqbani,1,Nasser Al Huqbani Top Healthcare Leaders 2025 Executives - Forbes Lists,https://forbesme-prestaging-media.s3.us-east-2.amazonaws.com/lists/uploads/2025/10/19123413/1.-Nasser-Al-Huqbani-1.jpg,https://www.forbesmiddleeast.com/lists/top-healthcare-leaders-2025-executives/nasser-al-huqbani/,www.forbesmiddleeast.com,tier2,nan,1,"(552.3223266601562, 327.5555419921875, 1094.74609375, 1059.8751220703125)",0.1226
Q002193,ID000275,Nasser-Al-Huqbani,Real,Nasser-Al-Huqbani,4,Nasser Mohammed Al Huqbani - Top CEOs In The Middle East - Forbes Lists,https://forbesme-prestaging-media.s3.us-east-2.amazonaws.com/lists/uploads/2021/03/03191754/90-Nasser-Mohammed-Al-Huqbani.jpg,https://www.forbesmiddleeast.com/lists/top-ceos-in-the-middle-east/nasser-mohammed-al-huqbani/,www.forbesmiddleeast.com,tier2,nan,1,"(390.64410400390625, 196.96791076660156, 807.107177734375, 762.7492065429688)",0.16363
Q002193,ID000275,Nasser-Al-Huqbani,Real,Nasser-Al-Huqbani,12,REVEALED: Most influential Arabs of 2023 in the construction landscape -  Construction Week Online,https://www.arabianbusiness.com/cloud/2023/05/03/Nasser-Al-Huqbani-min-1024x683.jpg,https://www.constructionweekonline.com/business/revealed-most-influential-arabs-of-2023-in-the-construction-landscape,www.constructionweekonline.com,tier2,nan,1,"(373.2659912109375, 204.81747436523438, 640.46337890625, 533.7521362304688)",0.12567
Q002194,ID000275,Nasser-Al-Huqbani,Fake,Nasser-Al-Huqbani AI generated,13,AI generated handsome arabian muslim man wearing white kandura with  generative ai 37477256 Stock Photo at Vecteezy,https://static.vecteezy.com/system/resources/previews/037/477/256/large_2x/ai-generated-handsome-arabian-muslim-man-wearing-white-kandura-with-generative-ai-free-photo.jpeg,https://www.vecteezy.com/photo/37477256-ai-generated-handsome-arabian-muslim-man-wearing-white-kandura-with-generative-ai,www.vecteezy.com,nan,7.0,1,"(1316.546630859375, 483.25823974609375, 1694.9881591796875, 1013.9734497070312)",0.03485
Q002195,ID000275,Nasser-Al-Huqbani,Fake,Nasser-Al-Huqbani deepfake,7,"In Age of AI, World's Leading Deepfake Expert No Longer Trusts His Own Eyes  - The New York Times",https://static01.nyt.com/images/2026/06/10/farid-deepfakes-89637-cover/farid-deepfakes-89637-cover-verticalTwoByThree735.jpg,https://www.nytimes.com/2026/06/14/us/ai-deepfake-hany-farid.html,www.nytimes.com,nan,7.0,1,"(288.6512756347656, 282.2834777832031, 545.6161499023438, 614.2977905273438)",0.10524
Q002201,ID000276,Neha-Kakka,Real,Neha-Kakka,1,Neha Kakkar - Wikipedia,https://upload.wikimedia.org/wikipedia/commons/thumb/6/6f/Neha_Kakkar_in_January_2020.jpg/250px-Neha_Kakkar_in_January_2020.jpg,https://en.wikipedia.org/wiki/Neha_Kakkar,en.wikipedia.org,tier2,nan,1,"(97.7400894165039, 34.35911560058594, 159.57223510742188, 120.58553314208984)",0.06463
Q002201,ID000276,Neha-Kakka,Real,Neha-Kakka,3,Book Neha Kakkar for Events | Black Hat Talent Solutions,https://blackhattalent.com/wp-content/uploads/2024/07/Neha-Kakkar1.jpeg,https://blackhattalent.com/talent/book-neha-kakkar/,blackhattalent.com,tier2,nan,1,"(326.2420349121094, 101.457763671875, 542.2927856445312, 395.482177734375)",0.06182
Q002201,ID000276,Neha-Kakka,Real,Neha-Kakka,4,Neha Kakkar - Wikipedia,https://upload.wikimedia.org/wikipedia/commons/thumb/e/ee/Neha_Kakkar_at_Cinemax.jpg/250px-Neha_Kakkar_at_Cinemax.jpg,https://en.wikipedia.org/wiki/Neha_Kakkar,en.wikipedia.org,tier2,nan,1,"(89.32464599609375, 42.36796569824219, 157.60891723632812, 140.51304626464844)",0.08325
Q002202,ID000276,Neha-Kakka,Fake,Neha-Kakka AI generated,8,Fact Check: Singer Neha Kakkar Arrested In Trading Scam Case? AI-Generated  Fake Photos Go Viral | Movies News - News18,https://images.news18.com/ibnlive/uploads/2025/01/neha-kakkar-2025-01-15476b7f014ff2977cff153bdb9162ef.jpg,https://www.news18.com/movies/fact-check-singer-neha-kakkar-arrested-in-trading-scam-case-ai-generated-fake-photos-go-viral-9188415.html,www.news18.com,nan,5.0,1,"(532.8406372070312, 93.73773193359375, 727.6912231445312, 362.1387634277344)",0.04842
Q002203,ID000276,Neha-Kakka,Fake,Neha-Kakka deepfake,18,"Deep Fake | AVS TV Network - Bollywood and Hollywood latest News, Movies,  Songs, Videos & Photos - All Rights Reserved",https://www.avstv.com/wp-content/uploads/2025/01/NehaKakar_FakeScam.jpg,https://www.avstv.com/bollywood/deep-fake/,www.avstv.com,nan,5.0,1,"(438.2171936035156, 69.94076538085938, 598.3272705078125, 295.9254455566406)",0.07936
Q002208,ID000276,Neha-Kakka,Fake,Neha-Kakka Midjourney,49,MID JOURNEY Artificial Intelligence | AI Art Tutorial | Inside Motion  Pictures | 2022,https://i.ytimg.com/vi/e7Ypw2r0Chs/hq720.jpg?sqp=-oaymwEhCK4FEIIDSFryq4qpAxMIARUAAAAAGAElAADIQj0AgKJD&rs=AOn4CLD5Dr3h_HLHzLVSe0d3ghTSb8bmWw,https://www.youtube.com/watch?v=e7Ypw2r0Chs,www.youtube.com,nan,3.0,1,"(493.3837585449219, 86.2035140991211, 574.2166748046875, 186.55987548828125)",0.03064
Q002209,ID000277,Nelson-Mendala,Real,Nelson-Mendala,1,Nelson Mandela - Wikipedia,https://upload.wikimedia.org/wikipedia/commons/0/02/Nelson_Mandela_1994.jpg,https://en.wikipedia.org/wiki/Nelson_Mandela,en.wikipedia.org,tier2,nan,1,"(413.5918273925781, 564.392333984375, 1061.9849853515625, 1440.6282958984375)",0.19524
Q002209,ID000277,Nelson-Mendala,Real,Nelson-Mendala,2,"Nelson Mandela, 1918-2013: An Appreciation | National Geographic",https://i.natgeofe.com/n/6784d56f-a792-4d57-9a05-f6a9500dd2f2/68382.jpg,https://www.nationalgeographic.com/culture/article/131205-mandela-south-africa-apartheid-appreciation,www.nationalgeographic.com,tier2,nan,1,"(478.8660583496094, 531.5358276367188, 1299.533935546875, 1678.2913818359375)",0.14929
Q002209,ID000277,Nelson-Mendala,Real,Nelson-Mendala,3,"Nelson Mandela, a giant of our time | The UNESCO Courier",https://articles.unesco.org/sites/default/files/courier/photos/nelson_mandela.jpg,https://courier.unesco.org/en/articles/nelson-mandela-giant-our-time,courier.unesco.org,tier2,nan,1,"(206.24032592773438, -19.568359375, 489.43524169921875, 375.709228515625)",0.52187
Q002210,ID000277,Nelson-Mendala,Fake,Nelson-Mendala AI generated,9,Nelson Mandela - AI Portrait of Nelson Mandela,https://creator.nightcafe.studio/jobs/alrL3rRHzgONF9Yg7GKY/alrL3rRHzgONF9Yg7GKY--1--i8z6k.jpg,https://creator.nightcafe.studio/creation/alrL3rRHzgONF9Yg7GKY,creator.nightcafe.studio,nan,8.0,1,"(286.07550048828125, 172.15151977539062, 752.053466796875, 790.9491577148438)",0.27499
Q002213,ID000277,Nelson-Mendala,Fake,Nelson-Mendala viral deepfake,20,AI-Generated Mandela TikTok Videos Spark Laughter and Concern | Bona  Magazine,https://www.bona.co.za/wp-content/uploads/2025/10/nelson_mandela-850x628.jpg,https://www.bona.co.za/entertainment/ai-mandela-tiktok-reactions/,www.bona.co.za,nan,3.0,1,"(107.54580688476562, -8.931791305541992, 408.0453186035156, 386.8817138671875)",0.64596
Q002217,ID000278,Neymar,Real,Neymar,1,Neymar - Wikipedia,https://upload.wikimedia.org/wikipedia/commons/thumb/c/c0/Neymar_Junior_Brazil_V_Morocco_13_June_2026-40.jpg/960px-Neymar_Junior_Brazil_V_Morocco_13_June_2026-40.jpg,https://en.wikipedia.org/wiki/Neymar,en.wikipedia.org,tier2,nan,1,"(303.73553466796875, 181.40919494628906, 689.7304077148438, 698.5872802734375)",0.14441
Q002217,ID000278,Neymar,Real,Neymar,3,Football | Neymar Jr.,https://images.ctfassets.net/3mv54pzvptwz/55YLwKPDnRXkqMBITRpWbC/0c2aefc04afa455c20e9ca0d209698e0/53174188191_42d4c831ae_o.jpg,https://www.neymarjr.com/en/football,www.neymarjr.com,tier2,nan,1,"(1393.242431640625, 295.423828125, 1906.011962890625, 1059.209228515625)",0.0468
Q002218,ID000278,Neymar,Fake,Neymar AI generated,13,Sharing this for good luck - AI Generated Neymar : r/worldcup,https://preview.redd.it/sharing-this-for-good-luck-ai-generated-neymar-v0-hne3s0mcl24a1.jpg?auto=webp&s=83fec1dee823ae25e2ca999d1fd598de148e5f24,https://www.reddit.com/r/worldcup/comments/zd5457/sharing_this_for_good_luck_ai_generated_neymar/,www.reddit.com,nan,7.0,1,"(307.3567199707031, 286.34930419921875, 722.0437622070312, 855.493896484375)",0.22508
Q002225,ID000279,Nicholas-Galitzine,Real,Nicholas-Galitzine,1,Nicholas Galitzine - Wikipedia,https://upload.wikimedia.org/wikipedia/commons/a/a2/Nicholas_Galitzine_on_Dulce_Osuna.jpg,https://en.wikipedia.org/wiki/Nicholas_Galitzine,en.wikipedia.org,tier2,nan,1,"(371.6140441894531, 193.59176635742188, 676.352294921875, 626.9805297851562)",0.11369
Q002225,ID000279,Nicholas-Galitzine,Real,Nicholas-Galitzine,2,Nicholas Galitzine - IMDb,https://m.media-amazon.com/images/M/MV5BZDI0MWFhMDgtOTY0MS00MWRkLTljYmItYTBlNDg3NzI0N2U1XkEyXkFqcGc@._V1_FMjpg_UX1000_.jpg,https://www.imdb.com/name/nm5954280/,www.imdb.com,tier2,nan,1,"(429.1103820800781, 358.74462890625, 648.2874145507812, 663.193359375)",0.0533
Q002225,ID000279,Nicholas-Galitzine,Real,Nicholas-Galitzine,3,Nicholas Galitzine — The Movie Database (TMDB),https://image.tmdb.org/t/p/w500/hG4rH7eBMs117746bBOd8fUa4PA.jpg,https://www.themoviedb.org/person/1425934-nicholas-galitzine,www.themoviedb.org,tier2,nan,1,"(118.54157257080078, 147.05783081054688, 383.9593200683594, 513.8511352539062)",0.25961
Q002231,ID000279,Nicholas-Galitzine,Fake,Nicholas-Galitzine Stable Diffusion,48,galit Prompts | Stable Diffusion Online,https://imgcdn.stablediffusionweb.com/2025/8/16/d4085212-2122-4e6b-b81f-fbe1de9b4f2b.jpg,https://stablediffusionweb.com/prompts/-galit-,stablediffusionweb.com,nan,7.0,1,"(168.7991943359375, -12.795269012451172, 783.8648071289062, 807.1640625)",0.48097
Q002231,ID000279,Nicholas-Galitzine,Fake,Nicholas-Galitzine Stable Diffusion,49,nicholas galitzine with miguel angel on the beach Prompts | Stable Diffusion  Online,https://imgcdn.stablediffusionweb.com/2025/8/16/0d094455-fb31-4704-aade-75d51b1f3b85.jpg,https://stablediffusionweb.com/prompts/nicholas-galitzine-with-miguel-angel-on-the-beach,stablediffusionweb.com,nan,7.0,1,"(295.083251953125, 185.39340209960938, 717.654052734375, 770.429931640625)",0.23577
Q002233,ID000280,Nick DiGiovanni,Real,Nick DiGiovanni,1,Nick DiGiovanni Signs With WME (EXCLUSIVE),https://variety.com/wp-content/uploads/2024/04/Nick-DiGiovanni-Headshot-by-Sarah-Partain577510-e1713376803840.jpg,https://variety.com/2024/tv/news/nick-digiovanni-agency-wme-1235974167/,variety.com,tier1,nan,1,"(2066.8173828125, 818.9406127929688, 3852.220703125, 3178.05322265625)",0.25135
Q002233,ID000280,Nick DiGiovanni,Real,Nick DiGiovanni,2,Nick DiGiovanni: Harvard Chef Goes Viral,https://pub-f59dc7a7d1bb4f49b64dcfeeada933e6.r2.dev/Nick-DiGiovanni.png,https://www.castmagic.io/creators/nick-digiovanni,www.castmagic.io,tier2,nan,1,"(173.55104064941406, 77.89983367919922, 305.81689453125, 251.02490234375)",0.09159
Q002233,ID000280,Nick DiGiovanni,Real,Nick DiGiovanni,3,Nick DiGiovanni - Wikipedia,https://upload.wikimedia.org/wikipedia/commons/thumb/d/d5/Nick_DiGiovanni_In_Kitchen_2024_%283x4_cropped%29.jpg/250px-Nick_DiGiovanni_In_Kitchen_2024_%283x4_cropped%29.jpg,https://en.wikipedia.org/wiki/Nick_DiGiovanni,en.wikipedia.org,tier2,nan,1,"(65.23788452148438, 64.2638168334961, 171.19039916992188, 199.10745239257812)",0.17059
Q002235,ID000280,Nick DiGiovanni,Fake,Nick DiGiovanni deepfake,43,DEEPFAKE: This Whimsical Dystopia Narrative Gets Buried in its Own  Algorithm — Moviejawn,https://images.squarespace-cdn.com/content/v1/56cdc4478259b5c112bb2285/7a440bec-0a19-48cb-8a87-248df47f3077/DEEPFAKE+Still.png,https://www.moviejawn.com/home/2026/06/16/tribecafilmfest2026-deepfake-review?srsltid=AfmBOor5VVAMKKCIDqrKGbhI_jjzNHr7cj7DRlUZAqTTPA1s2qLLeq1F,www.moviejawn.com,nan,7.0,1,"(437.0473327636719, 161.3653564453125, 912.4578247070312, 825.4326171875)",0.08975
Q002241,ID000281,Nick Nolte,Real,Nick Nolte,1,Nick Nolte - IMDb,https://m.media-amazon.com/images/M/MV5BMTU1ODAzMDk3Ml5BMl5BanBnXkFtZTYwOTEzMzE0._V1_FMjpg_UX1000_.jpg,https://www.imdb.com/name/nm0000560/,www.imdb.com,tier2,nan,1,"(353.2302551269531, 267.3540344238281, 767.05517578125, 823.1572265625)",0.15583
Q002241,ID000281,Nick Nolte,Real,Nick Nolte,2,Nick Nolte's Life in Photos: From Young Acclaimed Actor to Father of 2,https://people.com/thmb/W_sshnGCNCv9UB1zZBCMrmItQuU=/1500x0/filters:no_upscale():max_bytes(150000):strip_icc():focal(739x464:741x466)/Nick-Nolte-1977-020626-38f7ab72b09b451882168ba6a27eca3d.jpg,https://people.com/nick-nolte-life-in-photos-11901490,people.com,tier2,nan,1,"(574.9984130859375, 151.61631774902344, 917.1506958007812, 601.5676879882812)",0.10263
Q002241,ID000281,Nick Nolte,Real,Nick Nolte,4,Nick Nolte - Wikipedia,https://upload.wikimedia.org/wikipedia/commons/thumb/3/37/Nick_Nolte_Tom_Jordache_Rich_Man_Poor_Man_1976.JPG/250px-Nick_Nolte_Tom_Jordache_Rich_Man_Poor_Man_1976.JPG,https://en.wikipedia.org/wiki/Nick_Nolte,en.wikipedia.org,tier2,nan,1,"(80.23677062988281, 97.88841247558594, 190.03250122070312, 232.8979949951172)",0.15812
Q002242,ID000281,Nick Nolte,Fake,Nick Nolte AI generated,1,Nick Nolte - Nick Nolte,https://creator.nightcafe.studio/jobs/61uhOnxBVGZpKYYOeQfy/61uhOnxBVGZpKYYOeQfy--1--2h4ey.jpg,https://creator.nightcafe.studio/creation/61uhOnxBVGZpKYYOeQfy,creator.nightcafe.studio,nan,5.0,1,"(85.10087585449219, 81.38097381591797, 369.05059814453125, 486.7886047363281)",0.4461
Q002248,ID000281,Nick Nolte,Fake,Nick Nolte Midjourney,15,Tried to ruin several film names by changing one letter... Who knew one  small letter change could cause such chaos in the film world? (Got inspired  by Remix73) : r/midjourney,https://preview.redd.it/tried-to-ruin-several-film-names-by-changing-one-letter-who-v0-6cxcxj6jt5ga1.jpg?width=640&crop=smart&auto=webp&s=0d14cd3264b0f474dd6a18e786652f48a772f1c0,https://www.reddit.com/r/midjourney/comments/10tem9b/tried_to_ruin_several_film_names_by_changing_one/,www.reddit.com,nan,5.0,1,"(139.03158569335938, 138.07571411132812, 495.373291015625, 601.9360961914062)",0.32284
Q002249,ID000282,Nicky-Campbell,Real,Nicky-Campbell,2,BBC Radio 5 Live - Nicky Campbell,https://ichef.bbci.co.uk/images/ic/1200x675/p0n0p4nc.jpg,https://www.bbc.co.uk/programmes/m00119mc,www.bbc.co.uk,tier2,nan,1,"(585.4315795898438, 151.3504180908203, 838.2225952148438, 496.3111572265625)",0.10766
Q002249,ID000282,Nicky-Campbell,Real,Nicky-Campbell,3,Nicky Campbell Named Dean of Students | The University of the South |  Sewanee,https://new.sewanee.edu/files/resources/portrait-full-xsml-nicky-hospital-headshot.jpeg,https://new.sewanee.edu/news/campbell-named-dean-of-students/,new.sewanee.edu,tier1,nan,1,"(155.03836059570312, 75.16838073730469, 261.6052551269531, 222.4519500732422)",0.08371
Q002249,ID000282,Nicky-Campbell,Real,Nicky-Campbell,4,Nicky Campbell - Wikipedia,https://upload.wikimedia.org/wikipedia/commons/d/d1/Illegal_Wildlife_Trade_Conference_London_2018_%2844354608375%29_%28cropped%29.jpg,https://en.wikipedia.org/wiki/Nicky_Campbell,en.wikipedia.org,tier2,nan,1,"(843.1934814453125, 433.07586669921875, 1349.003662109375, 1234.733154296875)",0.05214
Q002251,ID000282,Nicky-Campbell,Fake,Nicky-Campbell deepfake,3,Slew of deepfake video adverts of Sunak on Facebook raises alarm over AI  risk to election | Deepfake | The Guardian,https://i.guim.co.uk/img/media/9d5e9162023d9ccd0cbd76fb9081df1df2fb2e4e/0_111_3000_1800/master/3000.jpg?width=1200&quality=85&auto=format&fit=max&s=048bac90840929622eb2faaae44974ff,https://www.theguardian.com/technology/2024/jan/12/deepfake-video-adverts-sunak-facebook-alarm-ai-risk-election,www.theguardian.com,nan,5.0,1,"(512.3622436523438, 113.70935821533203, 740.4680786132812, 422.6453552246094)",0.08156
Q002251,ID000282,Nicky-Campbell,Fake,Nicky-Campbell deepfake,10,Deepfake' voice tech used for good in David Beckham malaria campaign,https://cached.imagescaler.hbpl.co.uk/resize/scaleHeight/815/cached.offlinehbpl.hbpl.co.uk/news/OMC/db-20190408021656632.jpg,https://www.campaignlive.co.uk/article/deepfake-voice-tech-used-good-david-beckham-malaria-campaign/1581378,www.campaignlive.co.uk,nan,5.0,1,"(517.572509765625, 101.83109283447266, 703.8700561523438, 339.04339599609375)",0.04437
Q002251,ID000282,Nicky-Campbell,Fake,Nicky-Campbell deepfake,13,"Keanu Reeves on ""Scary"" Deepfake Tech After Bruce Willis Digital Twin",https://www.hollywoodreporter.com/wp-content/uploads/2023/02/GettyImages-1359830357.jpg?w=1296&h=730&crop=1,https://www.hollywoodreporter.com/news/general-news/keanu-reeves-deepfake-bruce-willis-digital-twin-1235325500/,www.hollywoodreporter.com,nan,5.0,1,"(466.56573486328125, 134.9863739013672, 804.427734375, 627.1571655273438)",0.17576
Q002260,ID000283,Nico Paz,Fake,Nico Paz AI image,1,Anime Football Player Nico Paz | Stable Diffusion Online,https://imgcdn.stablediffusionweb.com/2025/9/13/8fe9406a-c660-4522-b0d5-bc2928fb611c.jpg,https://stablediffusionweb.com/ru/image/49178366-anime-football-player-nico-paz,stablediffusionweb.com,nan,7.0,1,"(495.2879638671875, 95.62004089355469, 722.0919799804688, 397.29205322265625)",0.06629
Q002265,ID000284,Ning-Yizhuo,Real,Ning-Yizhuo,1,Ningning - Wikipedia,https://upload.wikimedia.org/wikipedia/commons/6/6b/Ningning_at_Mise-en-Scene_event_on_19022026_%282%29.png,https://en.wikipedia.org/wiki/Ningning,en.wikipedia.org,tier2,nan,1,"(275.9076232910156, 261.7362976074219, 756.6947021484375, 862.4384155273438)",0.16679
Q002265,ID000284,Ning-Yizhuo,Real,Ning-Yizhuo,2,Ning Ning (닝닝) - MyDramaList,https://i.mydramalist.com/3oZDKd_5f.jpg,https://mydramalist.com/people/56983-ningning,mydramalist.com,tier2,nan,1,"(230.43350219726562, 334.400146484375, 689.167724609375, 971.8368530273438)",0.30084
Q002265,ID000284,Ning-Yizhuo,Real,Ning-Yizhuo,7,Ning Yizhuo (Ningning) - Complicit in Apartheid | Reverse Canary Mission,https://archive.reversecanarymission.org/submissions/profile/temp-1764029705859/7be5b75d-0c5b-4967-a68d-0ef27bb69bd8.jpg,https://www.reversecanarymission.org/person/ning-yizhuo-ningning-6924f5c23db664da113b45e3,www.reversecanarymission.org,tier2,nan,1,"(145.77581787109375, 120.25083923339844, 314.0478515625, 360.913818359375)",0.13012
Q002272,ID000284,Ning-Yizhuo,Fake,Ning-Yizhuo Midjourney,33,Midjourney放大招！專注二次元Niji模型上線，人人都會畫畫的時代要來了| T客邦,https://cdn0.techbang.com/system/images/694319/original/3616a376571a247ea2d8f1dd7642e6b1.jpg?1697705442,https://www.techbang.com/posts/110415-midjourney-enlarged-the-move-and-the-niji-model-focusing-on,www.techbang.com,nan,5.0,1,"(484.54248046875, 78.76201629638672, 621.4493408203125, 247.32965087890625)",0.04103
Q002273,ID000285,Norman-Swan,Real,Norman-Swan,1,Norman Swan - Wikipedia,https://upload.wikimedia.org/wikipedia/commons/0/0e/Norman_Swan.jpg,https://en.wikipedia.org/wiki/Norman_Swan,en.wikipedia.org,tier2,nan,1,"(152.32029724121094, 258.01812744140625, 568.3944702148438, 830.9563598632812)",0.22073
Q002273,ID000285,Norman-Swan,Real,Norman-Swan,2,Norman Swan (@normanswan) / X,https://pbs.twimg.com/profile_images/1252864241750601732/agN2JRBh_400x400.jpg,https://x.com/normanswan,x.com,tier2,nan,1,"(106.7152328491211, 87.2287368774414, 229.87767028808594, 248.37689208984375)",0.12405
Q002273,ID000285,Norman-Swan,Real,Norman-Swan,4,Norman Swan: 'I tried very hard to do the opposite of what I experienced as  a child' | Life and style | The Guardian,https://i.guim.co.uk/img/media/484feea84d418e48dd2174f0b6b823a23913c9a9/0_0_8192_5464/master/8192.jpg?width=700&quality=85&auto=format&fit=max&s=a996be50fe0241fd5dd35c69aaf0a33e,https://www.theguardian.com/lifeandstyle/article/2024/aug/03/norman-swan-interview-so-you-want-to-know-whats-good-for-your-kids-book,www.theguardian.com,tier2,nan,1,"(230.5704803466797, 97.7276840209961, 354.80377197265625, 271.3769836425781)",0.06599
Q002281,ID000286,Olga-Loiek,Real,Olga-Loiek,2,How AI turned a Ukrainian YouTuber into a Russian,https://ichef.bbci.co.uk/news/1024/branded_news/4ea0/live/70da2290-11c8-11ef-bee9-6125e244a4cd.jpg,https://www.bbc.com/news/articles/c25rre8ww57o,www.bbc.com,tier2,nan,1,"(433.0828857421875, 58.405181884765625, 664.0836181640625, 369.92828369140625)",0.12201
Q002289,ID000287,Olivia-Rodrigo,Real,Olivia-Rodrigo,3,Olivia Rodrigo - Wikipedia,https://upload.wikimedia.org/wikipedia/commons/thumb/6/68/Glasto2025-546_%28cropped%29_2.jpg/250px-Glasto2025-546_%28cropped%29_2.jpg,https://en.wikipedia.org/wiki/Olivia_Rodrigo,en.wikipedia.org,tier2,nan,1,"(77.19477081298828, 33.04194259643555, 143.7425537109375, 122.54122161865234)",0.06474
Q002289,ID000287,Olivia-Rodrigo,Real,Olivia-Rodrigo,5,Olivia Rodrigo Best Style Moments: See the Photos,https://wwd.com/wp-content/uploads/2022/03/AP21326024519313-1-2.jpg?crop=0px%2C290px%2C2173px%2C1219px&resize=1000%2C563,https://wwd.com/fashion-news/fashion-scoops/olivia-rodrigo-best-style-moments-1235141472/,wwd.com,tier2,nan,1,"(442.2856750488281, 35.81439971923828, 556.4754638671875, 192.63858032226562)",0.03181
Q002290,ID000287,Olivia-Rodrigo,Fake,Olivia-Rodrigo AI generated,9,Olivia Rodrigo's Surprised Expression | Stable Diffusion Online,https://imgcdn.stablediffusionweb.com/2024/3/21/d24833ee-6098-4d5f-889c-eecc7b6be1b9.jpg,https://stablediffusionweb.com/image/3551550-olivia-rodrigo-s-surprised-expression,stablediffusionweb.com,nan,7.0,1,"(104.38928985595703, 110.78408813476562, 759.0535888671875, 964.982421875)",0.54177
Q000489,ID000062,Carla Gugino,Real,Carla Gugino,1,Carla Gugino - Wikipedia,https://upload.wikimedia.org/wikipedia/commons/5/57/2025-05-10_15-19-29_ILCE-7C_DSC13060_Kiri.jpg,https://en.wikipedia.org/wiki/Carla_Gugino,en.wikipedia.org,tier2,nan,1,"(679.4598388671875, 1084.481689453125, 1613.6036376953125, 2281.9287109375)",0.05522
Q000721,ID000091,Dustin Hoffman,Real,Dustin Hoffman,3,Dustin Hoffman - Wikipedia,https://upload.wikimedia.org/wikipedia/commons/c/cd/Dustin_Hoffman_02.jpg,https://eml.wikipedia.org/wiki/Dustin_Hoffman,eml.wikipedia.org,tier2,nan,1,"(518.61669921875, 581.5661010742188, 1346.261962890625, 1673.4278564453125)",0.17814
Q000877,ID000110,Eva Mendes,Fake,Eva Mendes viral deepfake,28,Rashmika Mandanna reacts to her viral deepfake video | Tamil Movie News -  The Times of India,https://timesofindia.indiatimes.com/photo/msid-105009444/105009444.jpg?resizemode=4,https://timesofindia.indiatimes.com/entertainment/tamil/movies/news/rashmika-mandanna-reacts-to-her-viral-deepfake-video/articleshow/105009444.cms,timesofindia.indiatimes.com,nan,5.0,1,"(476.2402648925781, 94.8077392578125, 727.0755004882812, 420.3907470703125)",0.08862
Q000913,ID000115,Fran�ois Cluzet,Real,Fran�ois Cluzet,3,François Cluzet - Wikidata,https://upload.wikimedia.org/wikipedia/commons/1/14/FrancoisCluzet-StudioHarcourt-1987.png?utm_source=www.wikidata.org&utm_campaign=index&utm_content=thumbnail_unscaled,https://www.wikidata.org/wiki/Q600051,www.wikidata.org,tier2,nan,1,"(132.21029663085938, 96.94988250732422, 243.92420959472656, 253.73728942871094)",0.13709
Q002041,ID000256,Michael Cera,Real,Michael Cera,3,"Michael Cera – Movies, Bio and Lists on MUBI",https://images.mubicdn.net/images/cast_member/2801/cache-590021-1600900173/image-w856.jpg,https://mubi.com/en/cast/michael-cera,mubi.com,tier2,nan,1,"(322.29638671875, 313.6277770996094, 901.515380859375, 1043.3697509765625)",0.21739
Q002211,ID000277,Nelson-Mendala,Fake,Nelson-Mendala deepfake,35,Deepfake of renowned SA physician used to promote bogus heart medicine,https://cdn.dailymaverick.co.za/dailymaverick/wp-content/uploads/2025/07/Anso-Bhekisisa-podcast-2.jpg,https://www.dailymaverick.co.za/article/2025-07-01-deepfake-ai-video-of-renowned-prof-salim-abdool-karim-used-to-promote-bogus-heart-medicine/,www.dailymaverick.co.za,nan,5.0,1,"(353.0544738769531, -284.286865234375, 1333.4219970703125, 1002.8588256835938)",0.63328
Q002290,ID000287,Olivia-Rodrigo,Fake,Olivia-Rodrigo AI generated,1,An AI creation of singer and actress Olivia Rodrigo,https://creator.nightcafe.studio/jobs/YCePfqykKwCubljpbUGG/YCePfqykKwCubljpbUGG--1--3lhov.jpg,https://creator.nightcafe.studio/creation/YCePfqykKwCubljpbUGG,creator.nightcafe.studio,nan,5.0,1,"(256.46075439453125, 152.5333251953125, 535.3932495117188, 523.5692138671875)",0.10798
Q002290,ID000287,Olivia-Rodrigo,Fake,Olivia-Rodrigo AI generated,2,Olivia Rodrigo Ai art : r/OliviaRodrigo,https://preview.redd.it/olivia-rodrigo-ai-art-v0-ttqxkl4no9ra1.jpg?width=640&crop=smart&auto=webp&s=40b9b8ac5798f227cab0cdc1811bf29b83572d4f,https://www.reddit.com/r/OliviaRodrigo/comments/128es65/olivia_rodrigo_ai_art/,www.reddit.com,nan,5.0,1,"(184.0786590576172, 55.78166961669922, 476.8910217285156, 479.2018127441406)",0.30269
Q002291,ID000287,Olivia-Rodrigo,Fake,Olivia-Rodrigo deepfake,27,Olivia Rodrigo Deepfake: Unraveling The Truth And Potential Implications -  Star Flow,https://it.buzz.mlga.ek.gov.ng/uploads/olivia-rodrigo-deepfake-unraveling-the-truth-and-potential-implications_720.jpg,https://it.buzz.mlga.ek.gov.ng/olivia-rodrigo-deepfake-unraveling-the-truth-and-potential-implication.html,it.buzz.mlga.ek.gov.ng,nan,7.0,1,"(212.52052307128906, 3.022367477416992, 479.29144287109375, 374.27960205078125)",0.34049
Q002293,ID000287,Olivia-Rodrigo,Fake,Olivia-Rodrigo viral deepfake,29,Olivia Rodrigo Deepfake Lip Sync Compilation | TikTok,https://p16-common-sign.tiktokcdn-us.com/tos-alisg-p-0037/ocfsEmBpBgCIlkRxmEAUfBDALykDCFkU5U9loE~tplv-photomode-video-share-card:630:630:20.jpeg?dr=9616&refresh_token=5fd5bc6a&x-expires=1816819200&x-signature=YNRsZUm6GELHCgD8G8obYpIxhlA%3D&t=4d5b0474&ps=13740610&shp=55bbe6a9&shcp=f07906a3&idc=useast5&ftpl=1,https://www.tiktok.com/@mia..f/video/7569307706964708626,www.tiktok.com,nan,3.0,1,"(263.6129455566406, 97.03638458251953, 390.6681823730469, 273.4493103027344)",0.05647
Q002296,ID000287,Olivia-Rodrigo,Fake,Olivia-Rodrigo Midjourney,8,Olivia Rodrigo Ai art : r/OliviaRodrigo,https://preview.redd.it/olivia-rodrigo-ai-art-v0-ttqxkl4no9ra1.jpg?width=1080&crop=smart&auto=webp&s=52490f1738c3dde3d346b8856bc27825acd47787,https://www.reddit.com/r/OliviaRodrigo/comments/128es65/olivia_rodrigo_ai_art/,www.reddit.com,nan,5.0,1,"(315.76470947265625, 94.78921508789062, 811.2822265625, 797.5919799804688)",0.29857
Q002297,ID000288,Patricia Arquette,Real,Patricia Arquette,1,Patricia Arquette - Wikipedia,https://upload.wikimedia.org/wikipedia/commons/thumb/3/3b/PatriciaArquette.jpg/960px-PatriciaArquette.jpg,https://en.wikipedia.org/wiki/Patricia_Arquette,en.wikipedia.org,tier2,nan,1,"(222.60696411132812, 251.51943969726562, 762.069580078125, 972.94140625)",0.28153
Q002297,ID000288,Patricia Arquette,Real,Patricia Arquette,2,Patricia Arquette - IMDb,https://m.media-amazon.com/images/M/MV5BMTQ5Njg0NjkxMV5BMl5BanBnXkFtZTcwMzc0NTI5NA@@._V1_.jpg,https://www.imdb.com/name/nm0000099/,www.imdb.com,tier2,nan,1,"(379.2945556640625, 341.92596435546875, 892.5098266601562, 1036.296630859375)",0.12591
Q002297,ID000288,Patricia Arquette,Real,Patricia Arquette,3,Patricia Arquette | Career Retrospective,"https://m.media-amazon.com/images/M/MV5BYjBmNDg4OTAtZjBjNi00YWVkLWJjYTAtZDQ2YmZjNTIxNDEwXkEyXkFqcGdeQW1pYnJ5YW50._V1_QL75_UX500_CR0,0,500,281_.jpg",https://www.imdb.com/name/nm0000099/,www.imdb.com,tier2,nan,1,"(304.0172119140625, 39.14403533935547, 370.3978576660156, 134.0857391357422)",0.04486
Q002299,ID000288,Patricia Arquette,Fake,Patricia Arquette deepfake,6,Patricia Arquette,https://creator.nightcafe.studio/jobs/hL72VQSUDaezqGsJfSqp/hL72VQSUDaezqGsJfSqp--1--z4a6g.jpg,https://creator.nightcafe.studio/creation/hL72VQSUDaezqGsJfSqp,creator.nightcafe.studio,nan,5.0,1,"(298.762451171875, 142.73046875, 486.49163818359375, 411.4515686035156)",0.04986
Q002300,ID000288,Patricia Arquette,Fake,Patricia Arquette AI image,32,Patricia Arquette,https://creator.nightcafe.studio/api/og-creation.jpg?id=hL72VQSUDaezqGsJfSqp,https://creator.nightcafe.studio/creation/hL72VQSUDaezqGsJfSqp,creator.nightcafe.studio,nan,5.0,1,"(418.8587951660156, 113.9400405883789, 710.0156860351562, 511.7279968261719)",0.1532
Q002303,ID000288,Patricia Arquette,Fake,Patricia Arquette Stable Diffusion,2,blonde avec des yeux bleus Prompts | Stable Diffusion Online,https://imgcdn.stablediffusionweb.com/2025/9/7/edfdeda8-59ad-48c6-83ab-0f1de270a5e6.jpg,https://stablediffusionweb.com/prompts/blonde-avec-des-yeux-bleus,stablediffusionweb.com,nan,7.0,1,"(154.2773895263672, 169.96963500976562, 739.7171020507812, 942.1289672851562)",0.44682
Q002303,ID000288,Patricia Arquette,Fake,Patricia Arquette Stable Diffusion,28,patricia arquette Prompts | Stable Diffusion en línea,https://imgcdn.stablediffusionweb.com/2025/1/28/e1b63dae-5fda-4e38-a8af-18d93b331246.jpg,https://stablediffusionweb.com/es/prompts/patricia-arquette,stablediffusionweb.com,nan,7.0,1,"(375.6830139160156, 188.45596313476562, 666.4027709960938, 604.375)",0.11531
Q002305,ID000289,Patrick Stewart,Real,Patrick Stewart,1,Patrick Stewart - IMDb,https://m.media-amazon.com/images/M/MV5BMTc0MzU5ODQ5OF5BMl5BanBnXkFtZTYwODIwODk1._V1_FMjpg_UX1000_.jpg,https://www.imdb.com/name/nm0001772/,www.imdb.com,tier2,nan,1,"(254.6251678466797, 131.5482635498047, 781.1307373046875, 872.91162109375)",0.27527
Q002305,ID000289,Patrick Stewart,Real,Patrick Stewart,2,"Patrick Stewart | Biography, Movies, TV Shows, & Facts | Britannica",https://cdn.britannica.com/31/214231-050-09A8CFC7/publicity-still-Patrick-Stewart-2020.jpg,https://www.britannica.com/biography/Patrick-Stewart,www.britannica.com,tier2,nan,1,"(686.2471313476562, 129.3828582763672, 971.593505859375, 551.1956787109375)",0.04936
Q002306,ID000289,Patrick Stewart,Fake,Patrick Stewart AI generated,3,Patrick Stewart as 1940s US Air Force Pilot - AI Art,https://creator.nightcafe.studio/jobs/YYaobZUXu5RxYt4nG2kl/YYaobZUXu5RxYt4nG2kl--1--prycc.jpg,https://creator.nightcafe.studio/creation/YYaobZUXu5RxYt4nG2kl,creator.nightcafe.studio,nan,8.0,1,"(132.34072875976562, 57.04695129394531, 364.186767578125, 388.608642578125)",0.29324
Q002306,ID000289,Patrick Stewart,Fake,Patrick Stewart AI generated,1,Patrick Stewart - Patrick Stewart's Time Travel Adventure i...,https://creator.nightcafe.studio/jobs/PAKL5yrii7ATMt2p6B3r/PAKL5yrii7ATMt2p6B3r--1--qj1o5.jpg,https://creator.nightcafe.studio/creation/PAKL5yrii7ATMt2p6B3r,creator.nightcafe.studio,nan,5.0,1,"(126.14734649658203, 53.279937744140625, 354.4798889160156, 378.3829345703125)",0.33561
Q002307,ID000289,Patrick Stewart,Fake,Patrick Stewart deepfake,3,Star Trek Nemesis Deepfake Replaces Tom Hardy With Patrick Stewart,https://static0.srcdn.com/wordpress/wp-content/uploads/2019/06/Tom-Hardy-as-Shinzon-and-Patrick-Stewart-as-Picard-in-Star-Trek-Nemesis.jpg?w=1200&h=675&fit=crop,https://screenrant.com/star-trek-nemesis-deepfake-tom-hardy-patrick-stewart/,screenrant.com,nan,5.0,1,"(132.94044494628906, 89.54827117919922, 474.1490173339844, 523.3242797851562)",0.18273
Q002308,ID000289,Patrick Stewart,Fake,Patrick Stewart AI image,33,Patrick Stewart as 1940s US Air Force Pilot - AI Art,"https://images.nightcafe.studio/ik-seo/jobs/exiuc4KSUQ2TiU7fSRR1/exiuc4KSUQ2TiU7fSRR1--1--z94vu/patrick-stewart-as-us-air-force-pilot-1940s.jpg?tr=w-1600,c-at_max",https://creator.nightcafe.studio/creation/exiuc4KSUQ2TiU7fSRR1,creator.nightcafe.studio,nan,8.0,1,"(113.09953308105469, 57.59724426269531, 294.3129577636719, 301.2269287109375)",0.16841
Q002313,ID000290,Patrick Wilson,Real,Patrick Wilson,1,Patrick Wilson - Wikipedia,https://upload.wikimedia.org/wikipedia/commons/6/68/Patrick_Wilson_at_Sundance_Film_Festival_2026-3_%28cropped%29.jpg,https://en.wikipedia.org/wiki/Patrick_Wilson,en.wikipedia.org,tier2,nan,1,"(219.95248413085938, 266.1654052734375, 722.052490234375, 983.7378540039062)",0.27634
Q002313,ID000290,Patrick Wilson,Real,Patrick Wilson,2,Patrick Wilson - IMDb,https://m.media-amazon.com/images/M/MV5BMjlkZTA3ZjctOTQxNS00MGZmLTk5MmEtNzQ5NGNjNDZkYjJhXkEyXkFqcGc@._V1_.jpg,https://www.imdb.com/name/nm0933940/,www.imdb.com,tier2,nan,1,"(705.9454956054688, 610.89453125, 1216.3258056640625, 1326.919189453125)",0.06079
Q002316,ID000290,Patrick Wilson,Fake,Patrick Wilson AI image,5,Patrick Wilson as American Politician | Stable Diffusion Online,https://imgcdn.stablediffusionweb.com/2024/9/23/3f054c76-a92e-4400-a2e0-c866f6e17f24.jpg,https://stablediffusionweb.com/image/17920392-patrick-wilson-as-american-politician,stablediffusionweb.com,nan,7.0,1,"(604.5795288085938, 111.5457992553711, 961.2334594726562, 628.342529296875)",0.17857
Q002321,ID000291,Paul Newman,Real,Paul Newman,1,"Paul Newman - Movies, Wife & Children","https://hips.hearstapps.com/hmg-prod/images/gettyimages-860265006.jpg?crop=1xw:1.0xh;center,top&resize=640:*",https://www.biography.com/actors/paul-newman,www.biography.com,tier2,nan,1,"(210.3424072265625, 133.42999267578125, 492.9066162109375, 514.7857055664062)",0.26308
Q002321,ID000291,Paul Newman,Real,Paul Newman,2,Paul Newman - Wikipedia,https://upload.wikimedia.org/wikipedia/commons/thumb/3/3d/U.S._Navy_portrait_of_Paul_Newman.jpg/250px-U.S._Navy_portrait_of_Paul_Newman.jpg,https://en.wikipedia.org/wiki/Paul_Newman,en.wikipedia.org,tier2,nan,1,"(40.40966033935547, 74.33585357666016, 204.12088012695312, 304.2521057128906)",0.41476
Q002322,ID000291,Paul Newman,Fake,Paul Newman AI generated,1,Portrait of Paul Newman,https://creator.nightcafe.studio/jobs/lZbLE2t5Rd1iW3p6s64k/lZbLE2t5Rd1iW3p6s64k--1--t8njh.jpg,https://creator.nightcafe.studio/creation/lZbLE2t5Rd1iW3p6s64k,creator.nightcafe.studio,nan,5.0,1,"(239.181884765625, 138.6365203857422, 763.66845703125, 867.123046875)",0.36438
Q002323,ID000291,Paul Newman,Fake,Paul Newman deepfake,48,Channel 4 star among 250 UK celebs victimised by deepfake porn | Metro News,https://metro.co.uk/wp-content/uploads/2024/03/SEI_196925671-5d8e-e1711121745142.jpg?quality=90&strip=all&w=646,https://metro.co.uk/2024/03/22/channel-4-star-among-250-uk-celebs-victimised-deepfake-porn-20513749/,metro.co.uk,nan,5.0,1,"(245.46783447265625, 8.205602645874023, 445.1393737792969, 282.3811950683594)",0.20976
Q002324,ID000291,Paul Newman,Fake,Paul Newman AI image,15,Paul Newman Hustler Billiards Portrait - AI Art,https://creator.nightcafe.studio/jobs/QWi2iMufgeFjurJdmO5M/QWi2iMufgeFjurJdmO5M--1--qeypv.jpg,https://creator.nightcafe.studio/creation/QWi2iMufgeFjurJdmO5M,creator.nightcafe.studio,nan,8.0,1,"(471.8410339355469, 193.3226776123047, 624.8798217773438, 404.07122802734375)",0.03076
Q002329,ID000292,Paul Rudd,Real,Paul Rudd,2,Paul Rudd - IMDb,https://m.media-amazon.com/images/M/MV5BMTY4NTEwNDg1MV5BMl5BanBnXkFtZTgwODMwMDA0ODE@._V1_.jpg,https://www.imdb.com/name/nm0748620/,www.imdb.com,tier2,nan,1,"(284.253173828125, 295.2768859863281, 1308.485107421875, 1817.249267578125)",0.46469
Q002330,ID000292,Paul Rudd,Fake,Paul Rudd AI generated,2,"Paul Rudd as Antman V2, by Lord Elboron.","https://images.nightcafe.studio/ik-seo/jobs/8IczJBN5skF00nYkhvqb/8IczJBN5skF00nYkhvqb--16--lcd5v_15.625x/paul-rudd-as-antman-v2-by-lord-elboron.jpg?tr=w-1600,c-at_max",https://creator.nightcafe.studio/creation/8IczJBN5skF00nYkhvqb,creator.nightcafe.studio,nan,5.0,1,"(508.5449523925781, -145.20660400390625, 1541.1575927734375, 1393.7928466796875)",0.62078
Q002332,ID000292,Paul Rudd,Fake,Paul Rudd AI image,5,Paul Rudd's Utter Boredom Captured on TV - AI Art,"https://images.nightcafe.studio/ik-seo/jobs/8ECwLmU0pjoSOpZ7TAhx/8ECwLmU0pjoSOpZ7TAhx/paul-rudd-is-watching-tv-he-is-bored-out-of-his-mind.jpg?tr=w-1600,c-at_max",https://creator.nightcafe.studio/creation/8ECwLmU0pjoSOpZ7TAhx,creator.nightcafe.studio,nan,8.0,1,"(161.56802368164062, 155.53233337402344, 246.7772674560547, 265.7347412109375)",0.05869
Q002332,ID000292,Paul Rudd,Fake,Paul Rudd AI image,11,Paul Rudd as Goku in Dragon Ball Saga | Stable Diffusion Online,https://imgcdn.stablediffusionweb.com/2024/3/20/3937b7fb-5165-4b7c-bdc5-fe393de83278.jpg,https://stablediffusionweb.com/image/3449306-paul-rudd-as-goku-in-dragon-ball-saga,stablediffusionweb.com,nan,7.0,1,"(263.38385009765625, 169.10012817382812, 514.8502197265625, 500.18853759765625)",0.0794
Q002332,ID000292,Paul Rudd,Fake,Paul Rudd AI image,13,Paul Rudd as an Ancient Greek with Auburn Hair and Beard | Stable Diffusion  Online,https://imgcdn.stablediffusionweb.com/2024/4/13/c05c76bc-71e4-413d-a2c3-6fef580deacc.jpg,https://stablediffusionweb.com/image/5282938-paul-rudd-as-an-ancient-greek-with-auburn-hair-and-beard,stablediffusionweb.com,nan,7.0,1,"(325.3813171386719, 248.84242248535156, 618.733642578125, 677.1104125976562)",0.11981
Q002333,ID000292,Paul Rudd,Fake,Paul Rudd viral deepfake,6,Paul Rudd Deep Fake Disaster,https://i.ytimg.com/vi/oobCE8_gGlk/oar2.jpg?sqp=-oaymwEYCJUDENAFSFqQAgHyq4qpAwcIARUAAIhC&rs=AOn4CLBWUrQ0H6lSxVLPUC8afWQIzEnZ1g&usqp=CCk,https://www.youtube.com/shorts/oobCE8_gGlk,www.youtube.com,nan,3.0,1,"(21.273235321044922, 66.9967269897461, 186.4201202392578, 276.2870788574219)",0.11853
Q002337,ID000293,Paul Walker,Real,Paul Walker,1,Paul Walker's Death: What to Know About the Star's Final Moments,https://people.com/thmb/S0sL9Em_3DOPIHCqsn4kR0lAJx8=/1500x0/filters:no_upscale():max_bytes(150000):strip_icc():focal(749x0:751x2)/Paul-Walker-113023-f369eb5c883c45b294ac5808438f667b.jpg,https://people.com/paul-walker-death-what-to-know-11856926,people.com,tier2,nan,1,"(598.2698364257812, 120.41497039794922, 917.4432983398438, 544.15234375)",0.09016
Q002337,ID000293,Paul Walker,Real,Paul Walker,2,Paul Walker Movies & TV Shows List | Rotten Tomatoes | Rotten Tomatoes,https://resizing.flixster.com/SUNi3Uvz3UXy60iLeWsevLeHZbs=/fit-in/705x460/v2/http://media.baselineresearch.com/images/231240/231240_full.jpg,https://www.rottentomatoes.com/celebrity/paul_walker,www.rottentomatoes.com,tier2,nan,1,"(77.2495346069336, 104.44959259033203, 216.06234741210938, 287.21466064453125)",0.13892
Q002337,ID000293,Paul Walker,Real,Paul Walker,3,Paul Walker - IMDb,https://m.media-amazon.com/images/M/MV5BMjIwODc0OTk2Nl5BMl5BanBnXkFtZTcwOTQ5MDA0Mg@@._V1_.jpg,https://www.imdb.com/name/nm0908094/,www.imdb.com,tier2,nan,1,"(50.63059997558594, 65.21063232421875, 196.34478759765625, 255.63262939453125)",0.26177
Q002338,ID000293,Paul Walker,Fake,Paul Walker AI generated,2,Paul Walker Mini Series - Detailed Portrait of a Blonde Man ...,https://creator.nightcafe.studio/jobs/J8SDFGoN3HZJLxuh0YCA/J8SDFGoN3HZJLxuh0YCA--3--u3qn9.jpg,https://creator.nightcafe.studio/creation/J8SDFGoN3HZJLxuh0YCA,creator.nightcafe.studio,nan,5.0,1,"(277.398681640625, 143.22430419921875, 474.2257995605469, 409.3133239746094)",0.05464
Q002339,ID000293,Paul Walker,Fake,Paul Walker deepfake,22,"The world's top deepfake artist: 'Wow, this is developing more rapidly than  I thought.' | MIT Technology Review",https://wp.technologyreview.com/wp-content/uploads/2019/09/putindeepfake-10.png,https://www.technologyreview.com/2019/09/18/132961/the-worlds-top-deepfake-artist-wow-this-is-developing-more-rapidly-than-i-thought/,www.technologyreview.com,nan,7.0,1,"(1590.3992919921875, 233.1956787109375, 2206.1259765625, 1100.5107421875)",0.07087
Q002340,ID000293,Paul Walker,Fake,Paul Walker AI image,32,Paul Walker Call of Duty Mobile | Stable Diffusion Online,https://imgcdn.stablediffusionweb.com/2024/9/20/a60fc444-04db-4c19-a4fa-f45f644f4fe4.jpg,https://stablediffusionweb.com/image/17554116-paul-walker-call-of-duty-mobile,stablediffusionweb.com,nan,7.0,1,"(218.67312622070312, 272.14892578125, 543.7142333984375, 709.0091552734375)",0.14325
Q002340,ID000293,Paul Walker,Fake,Paul Walker AI image,38,Paul Walker Portrayed While Intoxicated | Stable Diffusion 온라인,https://imgcdn.stablediffusionweb.com/2024/4/11/5937769d-eb22-4fb7-b8ce-d50ed82541e2.jpg,https://stablediffusionweb.com/ko/image/5105885-paul-walker-portrayed-while-intoxicated,stablediffusionweb.com,nan,7.0,1,"(344.67608642578125, 136.29721069335938, 717.4631958007812, 650.80224609375)",0.18292
Q002345,ID000294,Pedro-Pascal,Real,Pedro-Pascal,2,Pedro Pascal - IMDb,https://m.media-amazon.com/images/M/MV5BZWNlYmQ3MzctNTM4OC00Mjk5LTlmM2EtNTU4MjgxMjNiZGEyXkEyXkFqcGc@._V1_FMjpg_UX1000_.jpg,https://www.imdb.com/name/nm0050959/,www.imdb.com,tier2,nan,1,"(319.39410400390625, 126.50523376464844, 543.702392578125, 386.64276123046875)",0.04759
Q002345,ID000294,Pedro-Pascal,Real,Pedro-Pascal,3,Pedro Pascal,https://variety.com/wp-content/uploads/2023/06/Variety-Actors-on-Actors-16x9-Pedro-Pascal.jpg?w=1024,https://variety.com/t/pedro-pascal/,variety.com,tier1,nan,1,"(419.71307373046875, 107.1413345336914, 628.7800903320312, 395.4505615234375)",0.10219
Q002346,ID000294,Pedro-Pascal,Fake,Pedro-Pascal AI generated,16,Pedro Pascal's Career Overview | Stable Diffusion Online,https://imgcdn.stablediffusionweb.com/2024/3/19/51f27d1e-bacf-48f8-a88d-a7bf8f1fce7e.jpg,https://stablediffusionweb.com/image/3404914-pedro-pascal-s-career-overview,stablediffusionweb.com,nan,7.0,1,"(347.6144714355469, 182.02337646484375, 696.9470825195312, 671.5989990234375)",0.1631
Q002346,ID000294,Pedro-Pascal,Fake,Pedro-Pascal AI generated,24,AI Generated Pedro Perfection😍 : r/Pedro_Pascal,https://i.redd.it/ai-generated-pedro-perfection-v0-fcs0rffqzeqa1.jpg?width=1024&format=pjpg&auto=webp&s=268ff8aac95044f9170bae801d342c0fbb03bfa2,https://www.reddit.com/r/Pedro_Pascal/comments/124e5s2/ai_generated_pedro_perfection/,www.reddit.com,nan,7.0,1,"(367.5260925292969, -30.280563354492188, 865.3948364257812, 614.0609741210938)",0.30594
Q002348,ID000294,Pedro-Pascal,Fake,Pedro-Pascal AI image,38,Pedro Pascal as Mr. Fantastic in Comic Art - AI Art,https://creator.nightcafe.studio/jobs/ex6WLDsFvDSDH4Am9KkF/ex6WLDsFvDSDH4Am9KkF--1--i9no5.jpg,https://creator.nightcafe.studio/creation/ex6WLDsFvDSDH4Am9KkF,creator.nightcafe.studio,nan,8.0,1,"(112.35295104980469, 60.45667266845703, 263.11126708984375, 241.80958557128906)",0.1043
Q002353,ID000295,Phil Salt,Real,Phil Salt,7,Phil Salt | Player Profile | ICC,https://images.icc-cricket.com/image/upload/t_player-headshot-portrait-lg-webp/prd/assets/players/generic/colored/65632.png,https://www.icc-cricket.com/rankings/65632/phil-salt,www.icc-cricket.com,tier2,nan,1,"(121.00090789794922, 55.889495849609375, 226.54173278808594, 196.85321044921875)",0.06035
Q002355,ID000295,Phil Salt,Fake,Phil Salt deepfake,19,Doctor says AI deepfake video falsely endorsed weight loss gimmick,https://assets3.cbsnewsstatic.com/hub/i/r/2025/09/08/278c0e4f-e329-40ae-81df-18e419b36479/thumbnail/1024x576/305528da1c2a2e20fbaa0d62aeb41096/35052b1a338b73e295f157d327c400e7-0-1757335265053.png,https://www.cbsnews.com/newyork/video/doctor-says-ai-deepfake-video-falsely-endorsed-weight-loss-gimmick/,www.cbsnews.com,nan,5.0,1,"(340.5563659667969, 93.28678131103516, 490.560791015625, 292.5743713378906)",0.05068
Q002355,ID000295,Phil Salt,Fake,Phil Salt deepfake,25,"Complaints about deepfake AI videos more than doubled this year, FBI says.  Here are warnings from experts. - CBS New York",https://assets3.cbsnewsstatic.com/hub/i/r/2025/09/08/af603662-d64e-4a59-8bf2-ffbc031dd0d3/thumbnail/1200x630/c7a731ac57dfbcf3dc1ae7ce04a9527c/11-rozner-image-5-720.jpg,https://www.cbsnews.com/newyork/news/deepfake-artificial-intelligence-videos/,www.cbsnews.com,nan,5.0,1,"(307.7917785644531, 59.583194732666016, 386.3379211425781, 171.9521942138672)",0.03243
Q002357,ID000295,Phil Salt,Fake,Phil Salt viral deepfake,15,"Complaints about deepfake AI videos more than doubled this year, FBI says.  Here are warnings from experts. - CBS New York",https://assets2.cbsnewsstatic.com/hub/i/r/2025/09/08/556a126a-68a5-46ce-ab38-386dec4405bc/thumbnail/640x360/d5b9af12fc0dd8fc9051938a678a67f2/11-rozner-image-4-720.jpg,https://www.cbsnews.com/newyork/news/deepfake-artificial-intelligence-videos/,www.cbsnews.com,nan,5.0,1,"(263.9927062988281, 61.72187423706055, 334.3763427734375, 165.76913452148438)",0.03178
Q002357,ID000295,Phil Salt,Fake,Phil Salt viral deepfake,21,Doctor says AI deepfake video falsely endorsed weight loss gimmick,https://assets3.cbsnewsstatic.com/hub/i/r/2025/09/08/278c0e4f-e329-40ae-81df-18e419b36479/thumbnail/1280x720/dac7688e9f29e4139217174e88508137/35052b1a338b73e295f157d327c400e7-0-1757335265053.png,https://www.cbsnews.com/newyork/video/doctor-says-ai-deepfake-video-falsely-endorsed-weight-loss-gimmick/,www.cbsnews.com,nan,5.0,1,"(423.0950622558594, 120.2824478149414, 599.1556396484375, 358.5817565917969)",0.04552
Q002361,ID000296,Pierce Brosnan,Real,Pierce Brosnan,1,Pierce Brosnan - IMDb,https://m.media-amazon.com/images/M/MV5BMTMwMjMxNzM4OV5BMl5BanBnXkFtZTcwNDM5NzkxMw@@._V1_FMjpg_UX1000_.jpg,https://www.imdb.com/name/nm0000112/,www.imdb.com,tier2,nan,1,"(293.21160888671875, 226.4871826171875, 700.0142822265625, 784.8826904296875)",0.16642
Q002361,ID000296,Pierce Brosnan,Real,Pierce Brosnan,3,Actor - Pierce Brosnan,https://www.piercebrosnan.com/wp-content/uploads/2017/05/pb2.jpg,https://www.piercebrosnan.com/actor/,www.piercebrosnan.com,tier2,nan,1,"(616.287841796875, 166.115234375, 1020.7899780273438, 724.2659912109375)",0.15052
Q002362,ID000296,Pierce Brosnan,Fake,Pierce Brosnan AI generated,42,Pierce Brosnan in 1990s Balenciaga Commercial - AI Art,https://creator.nightcafe.studio/jobs/fRet5rPObdeQfKhSaVUX/fRet5rPObdeQfKhSaVUX--1--lrfs4.jpg,https://creator.nightcafe.studio/creation/fRet5rPObdeQfKhSaVUX,creator.nightcafe.studio,nan,8.0,1,"(199.87017822265625, 29.695819854736328, 302.3343200683594, 174.928466796875)",0.05677
Q002362,ID000296,Pierce Brosnan,Fake,Pierce Brosnan AI generated,26,Pierce Brosnan in Gold and Royal Blue Briefs | Stable Diffusion Online,https://imgcdn.stablediffusionweb.com/2024/9/18/8e18203a-47bf-483f-83bc-484dcfea6abc.jpg,https://stablediffusionweb.com/image/17313352-pierce-brosnan-in-gold-and-royal-blue-briefs,stablediffusionweb.com,nan,7.0,1,"(372.4200134277344, 138.23727416992188, 582.1792602539062, 432.2664794921875)",0.05882
Q002363,ID000296,Pierce Brosnan,Fake,Pierce Brosnan deepfake,4,Jim Carrey Replaces Pierce Brosnan As James Bond in Deepfake,https://static0.srcdn.com/wordpress/wp-content/uploads/2021/06/Jim-Carrey-James-Bond-Deepfake.jpg?w=1200&h=675&fit=crop,https://screenrant.com/jim-carrey-pierce-brosnan-james-bond-deepfake-video/,screenrant.com,nan,7.0,1,"(402.0166320800781, 130.2386932373047, 625.5621948242188, 420.04833984375)",0.07998
Q002364,ID000296,Pierce Brosnan,Fake,Pierce Brosnan AI image,4,Pierce Brosnan in a Suits | Stable Diffusion Online,https://imgcdn.stablediffusionweb.com/2024/9/13/82646372-78ff-4f00-8037-b958705d06a3.jpg,https://stablediffusionweb.com/image/16759690-pierce-brosnan-in-a-suits,stablediffusionweb.com,nan,7.0,1,"(473.0017395019531, 169.84573364257812, 762.2630615234375, 573.9815673828125)",0.11149
Q002364,ID000296,Pierce Brosnan,Fake,Pierce Brosnan AI image,9,Pierce Brosnan in Karate Kick with Long Hair | Stable Diffusion Online,https://imgcdn.stablediffusionweb.com/2024/4/29/ad8d5c74-b9eb-4986-b96b-40df40d8548d.jpg,https://stablediffusionweb.com/image/6323896-pierce-brosnan-in-karate-kick-with-long-hair,stablediffusionweb.com,nan,7.0,1,"(415.14801025390625, 145.83168029785156, 601.5492553710938, 391.71417236328125)",0.04371
Q002365,ID000296,Pierce Brosnan,Fake,Pierce Brosnan viral deepfake,18,"Someone Made A James Bond Deepfake With Jim Carrey Replacing Pierce Brosnan,  And It's Wild | Cinemablend",https://cdn.mos.cms.futurecdn.net/z5kPoj2P6E9aJXdUK3rSNK.jpg,https://www.cinemablend.com/news/2569499/someone-made-james-bond-deepfake-jim-carrey-replacing-pierce-brosnan-wild-the-world-is-not-enough,www.cinemablend.com,nan,5.0,1,"(385.23065185546875, 99.54234313964844, 637.1298217773438, 421.3284606933594)",0.11258
Q002369,ID000297,Pope-Francis,Real,Pope-Francis,1,Pope Francis - Wikipedia,https://upload.wikimedia.org/wikipedia/commons/thumb/8/8b/Pope_Francis_Korea_Haemi_Castle_19_%284x5_cropped%29.jpg/960px-Pope_Francis_Korea_Haemi_Castle_19_%284x5_cropped%29.jpg,https://en.wikipedia.org/wiki/Pope_Francis,en.wikipedia.org,tier2,nan,1,"(384.8354187011719, 170.07240295410156, 646.617431640625, 550.0030517578125)",0.08605
Q002378,ID000298,Ralph Fiennes,Fake,Ralph Fiennes AI generated,5,Ralph Fiennes as Voldemort | Stable Diffusion Online,https://imgcdn.stablediffusionweb.com/2024/9/5/8fd241be-73b0-49d2-bedd-6a4138ea51e9.jpg,https://stablediffusionweb.com/image/15868097-ralph-fiennes-as-voldemort,stablediffusionweb.com,nan,7.0,1,"(101.66724395751953, 171.42288208007812, 610.6339721679688, 860.9098510742188)",0.33998
Q002379,ID000298,Ralph Fiennes,Fake,Ralph Fiennes deepfake,28,Bizarre Harry Potter Deepfake Adds American Actors Like Meryl Streep And  Adam Driver | Cinemablend,https://cdn.mos.cms.futurecdn.net/EZZBMQ3B5v43CJYduWqYkF.png,https://www.cinemablend.com/news/2567774/bizarre-harry-potter-deepfake-actors-meryl-streep-adam-driver,www.cinemablend.com,nan,5.0,1,"(487.397216796875, 114.19596099853516, 674.49951171875, 366.92523193359375)",0.06568
Q002380,ID000298,Ralph Fiennes,Fake,Ralph Fiennes AI image,2,Portrait of Clean-Shaven Ralph Fiennes | Stable Diffusion Online,https://imgcdn.stablediffusionweb.com/2024/6/1/28c1b72b-a828-4a16-b706-c0fdef7ad4d6.jpg,https://stablediffusionweb.com/image/8507187-portrait-of-clean-shaven-ralph-fiennes,stablediffusionweb.com,nan,7.0,1,"(284.5975341796875, 209.07508850097656, 747.5895385742188, 856.1052856445312)",0.28569
Q002383,ID000298,Ralph Fiennes,Fake,Ralph Fiennes Stable Diffusion,48,ralph fiennes Prompts | Stable Diffusion Online,https://imgcdn.stablediffusionweb.com/2024/12/4/6e372888-9c9c-405d-b7fb-f3f3c778be88.jpg,https://stablediffusionweb.com/prompts/ralph-fiennes,stablediffusionweb.com,nan,7.0,1,"(366.458984375, 198.59686279296875, 659.4999389648438, 575.8610229492188)",0.10543
Q002385,ID000299,Reese Witherspoon,Real,Reese Witherspoon,1,"Reese Witherspoon | Movies, Book Club, Age, & Facts | Britannica",https://cdn.britannica.com/73/240073-050-D0A8FF08/American-actress-producer-Reese-Witherspoon-2022.jpg,https://www.britannica.com/biography/Reese-Witherspoon,www.britannica.com,tier2,nan,1,"(313.820068359375, 241.1411590576172, 772.4002685546875, 865.0385131835938)",0.16759
Q002386,ID000299,Reese Witherspoon,Fake,Reese Witherspoon AI generated,2,Reese Witherspoon - Beautiful Blonde Teenage Girl Portrait ...,"https://images.nightcafe.studio/ik-seo/jobs/NP9SQCtyv69ozIoArWGC/NP9SQCtyv69ozIoArWGC--1--1zrji_2x/reese-witherspoon.jpg?tr=w-1600,c-at_max",https://creator.nightcafe.studio/creation/NP9SQCtyv69ozIoArWGC,creator.nightcafe.studio,nan,5.0,1,"(827.0335083007812, 228.0711669921875, 1136.5625, 658.9990844726562)",0.03764
Q002387,ID000299,Reese Witherspoon,Fake,Reese Witherspoon deepfake,3,The Guide #189: Your new celebrity best friend? It's just a deepfake trying  to con you | Culture | The Guardian,https://i.guim.co.uk/img/media/64462a1155fd6883162971029f31b05c3a70f28f/0_177_5306_3183/master/5306.jpg?width=445&dpr=1&s=none&crop=none,https://www.theguardian.com/culture/2025/may/02/your-new-celebrity-best-friend-its-just-a-deepfake-trying-to-con-you,www.theguardian.com,nan,5.0,1,"(140.77867126464844, 34.51055145263672, 227.119873046875, 156.54554748535156)",0.08868
Q002388,ID000299,Reese Witherspoon,Fake,Reese Witherspoon AI image,7,Bluetooth Eyes and Reese Witherspoon | Stable Diffusion Online,https://imgcdn.stablediffusionweb.com/2024/3/31/48852d20-f636-4225-a0ed-e3cfd5356a4e.jpg,https://stablediffusionweb.com/image/4298059-bluetooth-eyes-and-reese-witherspoon,stablediffusionweb.com,nan,7.0,1,"(262.1230163574219, 159.85232543945312, 775.3892211914062, 851.8045043945312)",0.3387
Q002392,ID000299,Reese Witherspoon,Fake,Reese Witherspoon Midjourney,41,Actors cast in the wrong movies (v5) : r/midjourney,https://preview.redd.it/actors-cast-in-the-wrong-movies-v5-v0-clnkom59z1oa1.png?width=640&crop=smart&auto=webp&s=b072d08d5f74a8ea6f442c7e953c9d4f50ba8414,https://www.reddit.com/r/midjourney/comments/11sn70b/actors_cast_in_the_wrong_movies_v5/,www.reddit.com,nan,5.0,1,"(120.51219177246094, 23.976245880126953, 328.78607177734375, 300.1007385253906)",0.26122
Q002393,ID000300,Rhett-McLaughlin,Real,Rhett-McLaughlin,1,Rhett McLaughlin - IMDb,https://m.media-amazon.com/images/M/MV5BNDk5NDQ5MDQtZDg3My00MjMwLWFjMTgtMzM0MzkxYzAzYzUyXkEyXkFqcGc@._V1_FMjpg_UX1000_.jpg,https://www.imdb.com/name/nm2561248/,www.imdb.com,tier2,nan,1,"(332.64019775390625, 295.34002685546875, 750.341552734375, 872.8526611328125)",0.1895
Q002393,ID000300,Rhett-McLaughlin,Real,Rhett-McLaughlin,3,Rhett McLaughlin - Earwolf,https://www.earwolf.com/wp-content/uploads/2014/11/941710700f687c12a53f695b431f1099.jpg,https://www.earwolf.com/person/rhett-mclaughlin/,www.earwolf.com,tier2,nan,1,"(136.203857421875, 101.00869750976562, 299.36981201171875, 333.0993347167969)",0.13857
Q002401,ID000301,Richard Gere,Real,Richard Gere,1,Richard Gere - Wikipedia,https://upload.wikimedia.org/wikipedia/commons/thumb/9/99/Richard_Gere-69101.jpg/960px-Richard_Gere-69101.jpg,https://en.wikipedia.org/wiki/Richard_Gere,en.wikipedia.org,tier2,nan,1,"(299.56744384765625, 264.4356689453125, 676.5060424804688, 801.9943237304688)",0.1649
Q002402,ID000301,Richard Gere,Fake,Richard Gere AI generated,31,Attractive Younger Looking Richard Gere-like British Person | Stable  Diffusion 在线,https://imgcdn.stablediffusionweb.com/2024/5/26/7d48fecd-af4a-4afc-8ae3-f22aaf8da604.jpg,https://stablediffusionweb.com/zh-cn/image/8085507-attractive-younger-looking-richard-gere-like-british-person,stablediffusionweb.com,nan,4.0,1,"(261.082763671875, 206.7586212158203, 646.1315307617188, 766.2376098632812)",0.20545
Q002403,ID000301,Richard Gere,Fake,Richard Gere deepfake,5,Bruce Willis Becomes First Actor to Sell Rights to Deepfake Firm to Create  a 'Digital Twin' : r/movies,https://external-preview.redd.it/bruce-willis-becomes-first-actor-to-sell-rights-to-deepfake-v0-SzCre_fi9LRxDYkmGJNRY1V11YBhBLPSSLITEdWmHwI.jpg?width=640&crop=smart&auto=webp&s=9bde133e4fb4120a8aa477e9d28b79efe30b5eac,https://www.reddit.com/r/movies/comments/xrd294/bruce_willis_becomes_first_actor_to_sell_rights/,www.reddit.com,nan,5.0,1,"(253.46435546875, -1.3680763244628906, 455.7589416503906, 280.7730407714844)",0.24772
Q002404,ID000301,Richard Gere,Fake,Richard Gere AI image,4,Richard Gere - Intense Portrait in the Style of Lee Jeffries,https://creator.nightcafe.studio/jobs/yOHs2BehT5CkrNQzwOqe/yOHs2BehT5CkrNQzwOqe--3--sjk4b.jpg,https://creator.nightcafe.studio/creation/yOHs2BehT5CkrNQzwOqe,creator.nightcafe.studio,nan,5.0,1,"(73.74128723144531, 36.24628829956055, 426.00390625, 517.6727905273438)",0.64693
Q002407,ID000301,Richard Gere,Fake,Richard Gere Stable Diffusion,49,richard gere Prompts | Stable Diffusion Online,https://imgcdn.stablediffusionweb.com/2025/7/5/262d5410-931f-48c2-ad0b-0c376584ba31.jpg,https://stablediffusionweb.com/prompts/richard-gere,stablediffusionweb.com,nan,7.0,1,"(138.2917938232422, 288.66119384765625, 589.0628662109375, 933.2615966796875)",0.29314
Q002408,ID000301,Richard Gere,Fake,Richard Gere Midjourney,10,In Another Multiverse - 1980's Avengers : r/midjourney,https://preview.redd.it/in-another-multiverse-1980s-avengers-v0-7cni858cseab1.jpg?width=640&crop=smart&auto=webp&s=9e1e65168b965d016d211fb0b064c4b0c7353a98,https://www.reddit.com/r/midjourney/comments/14slmwz/in_another_multiverse_1980s_avengers/,www.reddit.com,nan,5.0,1,"(289.2816162109375, 55.958030700683594, 398.09417724609375, 207.4347381591797)",0.04024
Q002409,ID000302,Rihanna,Real,Rihanna,1,Rihanna - Wikipedia,https://upload.wikimedia.org/wikipedia/commons/c/c2/Rihanna_Fenty_2018.png,https://en.wikipedia.org/wiki/Rihanna,en.wikipedia.org,tier2,nan,1,"(276.6084899902344, 124.72267150878906, 467.66864013671875, 381.7616882324219)",0.08701
Q002409,ID000302,Rihanna,Real,Rihanna,3,Rihanna - Wikipedia,https://upload.wikimedia.org/wikipedia/commons/1/16/Rihanna_visits_U.S._Embassy_in_Barbados_2024_%28cropped%29.jpg,https://gpe.wikipedia.org/wiki/Rihanna,gpe.wikipedia.org,tier2,nan,1,"(70.42085266113281, 68.40821838378906, 169.33506774902344, 203.8086700439453)",0.13382
Q002410,ID000302,Rihanna,Fake,Rihanna AI generated,16,AI generated realism of my Rep - Rihanna : r/replika,https://i.redd.it/ai-generated-realism-of-my-rep-rihanna-v0-0jcpa1e5ysna1.jpg?width=960&format=pjpg&auto=webp&s=0c0efc2896c2b75399f4b1e2a1c8799ae7ad1468,https://www.reddit.com/r/replika/comments/11rh3uz/ai_generated_realism_of_my_rep_rihanna/,www.reddit.com,nan,7.0,1,"(245.75961303710938, 314.3571472167969, 669.4483032226562, 910.8104248046875)",0.16788
Q002410,ID000302,Rihanna,Fake,Rihanna AI generated,29,Surreal Portrait: Robotic Rihanna | Stable Diffusion Online,https://imgcdn.stablediffusionweb.com/2024/5/7/69186e33-98cf-4ee2-8346-269118fe695e.jpg,https://stablediffusionweb.com/image/6861529-surreal-portrait-robotic-rihanna,stablediffusionweb.com,nan,7.0,1,"(194.5242156982422, 378.14849853515625, 581.3345336914062, 906.82470703125)",0.19812
Q002412,ID000302,Rihanna,Fake,Rihanna AI image,36,Rihanna - Realistic AI Portrait of Rihanna,"https://images.nightcafe.studio/ik-seo/jobs/mdnRIywYBAYMMlKQJvlP/mdnRIywYBAYMMlKQJvlP--wDiK-adjusted/rihanna.jpg?tr=w-1600,c-at_max",https://creator.nightcafe.studio/creation/mdnRIywYBAYMMlKQJvlP/rihanna,creator.nightcafe.studio,nan,8.0,1,"(391.28729248046875, 166.51902770996094, 674.1901245117188, 593.0658569335938)",0.11508
Q002417,ID000303,Rinko-Kikuchi,Real,Rinko-Kikuchi,1,Rinko Kikuchi - IMDb,https://m.media-amazon.com/images/M/MV5BMTI5NjE0MjcwN15BMl5BanBnXkFtZTYwMDcxNTA1._V1_.jpg,https://www.imdb.com/name/nm0452860/,www.imdb.com,tier2,nan,1,"(43.785400390625, 78.22581481933594, 195.9952850341797, 283.068603515625)",0.29194
Q002417,ID000303,Rinko-Kikuchi,Real,Rinko-Kikuchi,4,Rinko Kikuchi - IMDb,https://m.media-amazon.com/images/M/MV5BNzE3NTNlZjMtOTA1MC00ZGM2LTkxYjgtZDhkYWVjNWM4YzRkXkEyXkFqcGc@._V1_.jpg,https://www.imdb.com/name/nm0452860/,www.imdb.com,tier2,nan,1,"(900.7501220703125, 269.8587341308594, 1229.7490234375, 712.2738037109375)",0.05923
Q002418,ID000303,Rinko-Kikuchi,Fake,Rinko-Kikuchi AI generated,27,Rinko Kikuchi in a live action Ghost In The Shell movie : r/midjourney,https://i.redd.it/rinko-kikuchi-in-a-live-action-ghost-in-the-shell-movie-v0-duwpdaom0rta1.jpg?width=1024&format=pjpg&auto=webp&s=8d0c2d8fd4ec880b1a8c11018a363476c0faa4a5,https://www.reddit.com/r/midjourney/comments/12ldvh1/rinko_kikuchi_in_a_live_action_ghost_in_the_shell/,www.reddit.com,nan,5.0,1,"(430.85076904296875, 236.51185607910156, 773.1920776367188, 707.6240234375)",0.15381
Q002419,ID000303,Rinko-Kikuchi,Fake,Rinko-Kikuchi deepfake,6,Ghost in the Shell starring Rinko Kikuchi [DeepFake],https://i.ytimg.com/vi/IGRKv0Ybf78/hqdefault.jpg,https://www.youtube.com/watch?v=IGRKv0Ybf78,www.youtube.com,nan,3.0,1,"(152.35137939453125, 97.85954284667969, 228.64459228515625, 205.86949157714844)",0.04769
Q002425,ID000304,Robert De Niro,Real,Robert De Niro,1,Robert De Niro - Wikipedia,https://upload.wikimedia.org/wikipedia/commons/c/c1/Robert_de_Niro_Cannes_Film_Festival_%283x4_cropped%29.jpg,https://en.wikipedia.org/wiki/Robert_De_Niro,en.wikipedia.org,tier2,nan,1,"(655.6180419921875, 554.7669067382812, 1714.14208984375, 1946.6629638671875)",0.19929
Q002425,ID000304,Robert De Niro,Real,Robert De Niro,2,Robert De Niro - IMDb,https://m.media-amazon.com/images/M/MV5BMjAwNDU3MzcyOV5BMl5BanBnXkFtZTcwMjc0MTIxMw@@._V1_FMjpg_UX1000_.jpg,https://www.imdb.com/name/nm0000134/,www.imdb.com,tier2,nan,1,"(285.4435729980469, 209.3079376220703, 725.8558959960938, 822.2866821289062)",0.20452
Q002425,ID000304,Robert De Niro,Real,Robert De Niro,3,"Robert De Niro | Biography, Films, Movies, & Facts | Britannica",https://cdn.britannica.com/00/213300-050-ADF31CD9/American-actor-Robert-De-Niro-2019.jpg,https://www.britannica.com/biography/Robert-De-Niro,www.britannica.com,tier2,nan,1,"(319.65625, 286.69366455078125, 879.1046142578125, 1045.161865234375)",0.2199
Q002426,ID000304,Robert De Niro,Fake,Robert De Niro AI generated,1,Robert De Niro,https://creator.nightcafe.studio/jobs/EdXDArbcwdA1YLhnMnYb/EdXDArbcwdA1YLhnMnYb--1--klafd.jpg,https://creator.nightcafe.studio/creation/EdXDArbcwdA1YLhnMnYb,creator.nightcafe.studio,nan,5.0,1,"(99.49638366699219, 130.67828369140625, 362.23309326171875, 505.39501953125)",0.38153
Q002426,ID000304,Robert De Niro,Fake,Robert De Niro AI generated,3,Robert De Niro,https://creator.nightcafe.studio/jobs/rUkfM6NJl0sZrtVggeoY/rUkfM6NJl0sZrtVggeoY--1--hsgvg.jpg,https://creator.nightcafe.studio/creation/rUkfM6NJl0sZrtVggeoY,creator.nightcafe.studio,nan,5.0,1,"(118.26673889160156, 62.7950553894043, 384.8686828613281, 456.54827880859375)",0.40681
Q002427,ID000304,Robert De Niro,Fake,Robert De Niro deepfake,4,Irishman De-Aging Deepfake Is Better Than The Original Movie,https://static0.srcdn.com/wordpress/wp-content/uploads/2020/08/Robert-de-Niro-Irishman-Deepfake-1.jpg,https://screenrant.com/irishman-robert-de-niro-deepfake-aging-fan-edit/,screenrant.com,nan,7.0,1,"(407.1545104980469, 98.02381896972656, 672.9267578125, 462.1202392578125)",0.09874
Q002428,ID000304,Robert De Niro,Fake,Robert De Niro AI image,11,Robert De Niro on a Black Background | Stable Diffusion Online,https://imgcdn.stablediffusionweb.com/2024/9/15/4c98e792-d259-4dd8-9a49-75207cd56f36.jpg,https://stablediffusionweb.com/image/17030035-robert-de-niro-on-a-black-background,stablediffusionweb.com,nan,7.0,1,"(148.75360107421875, 143.8333282470703, 567.2158203125, 717.912841796875)",0.24236
Q002428,ID000304,Robert De Niro,Fake,Robert De Niro AI image,49,Portrait de Robert De Niro au crayon de papier | Stable Diffusion Online,https://imgcdn.stablediffusionweb.com/2024/10/1/b08d8beb-70cb-4c37-90b0-1108744eceae.jpg,https://stablediffusionweb.com/image/18676527-portrait-de-robert-de-niro-au-crayon-de-papier,stablediffusionweb.com,nan,7.0,1,"(190.87411499023438, 73.81725311279297, 825.634765625, 947.651123046875)",0.52898
Q002433,ID000305,Robert Downey Jr.,Real,Robert Downey Jr.,1,Robert Downey Jr. - IMDb,https://m.media-amazon.com/images/M/MV5BNzg1MTUyNDYxOF5BMl5BanBnXkFtZTgwNTQ4MTE2MjE@._V1_.jpg,https://www.imdb.com/name/nm0000375/,www.imdb.com,tier2,nan,1,"(432.1641540527344, 278.622802734375, 879.3711547851562, 910.100830078125)",0.10132
Q002433,ID000305,Robert Downey Jr.,Real,Robert Downey Jr.,2,Robert Downey Jr. - California Museum,https://californiamuseum.org/wp-content/uploads/robertdowneyjr_cahalloffameinductee.png,https://californiamuseum.org/inductee/robert-downey-jr/,californiamuseum.org,tier2,nan,1,"(190.0958251953125, 62.491634368896484, 496.9012451171875, 489.1499328613281)",0.36361
Q002433,ID000305,Robert Downey Jr.,Real,Robert Downey Jr.,3,Robert Downey Jr. Movies & TV Shows List | Rotten Tomatoes | Rotten Tomatoes,https://resizing.flixster.com/iYBJuxcNM1Kt5-HodRFwq5ysASI=/fit-in/352x330/v2/https://resizing.flixster.com/-XZAfHZM39UwaGJIFWKAE8fS0ak=/v3/t/assets/67369_v9_bd.jpg,https://www.rottentomatoes.com/celebrity/robert_downey_jr,www.rottentomatoes.com,tier2,nan,1,"(61.08332824707031, 51.775394439697266, 174.14088439941406, 202.96368408203125)",0.20886
Q002434,ID000305,Robert Downey Jr.,Fake,Robert Downey Jr. AI generated,3,"Download Ai Generated, Robert Downey Jr, Iron Man. Royalty-Free Stock  Illustration Image - Pixabay",https://cdn.pixabay.com/photo/2023/04/17/15/31/ai-generated-7932706_1280.jpg,https://pixabay.com/illustrations/ai-generated-robert-downey-jr-7932706/,pixabay.com,nan,7.0,1,"(214.3296356201172, 66.64786529541016, 406.748291015625, 320.9635314941406)",0.05974
Q002434,ID000305,Robert Downey Jr.,Fake,Robert Downey Jr. AI generated,10,AI Generated images of MCU actors as DC characters. : r/marvelmemes,https://preview.redd.it/ai-generated-images-of-mcu-actors-as-dc-characters-v0-6urccxn1oiwa1.jpg?width=640&crop=smart&auto=webp&s=d2e83d3267cb9999482c542550681eef705eb24d,https://www.reddit.com/r/marvelmemes/comments/131bx00/ai_generated_images_of_mcu_actors_as_dc_characters/,www.reddit.com,nan,7.0,1,"(248.51937866210938, 109.99029541015625, 395.70758056640625, 322.4070129394531)",0.07633
Q002434,ID000305,Robert Downey Jr.,Fake,Robert Downey Jr. AI generated,4,AI-Generated Portrait Of Robert Downey Jr,https://i.pinimg.com/736x/e9/88/bc/e988bc6760c5175aff90ef8217db3b3b.jpg,https://www.pinterest.com/pin/pinterest--787637422351630418/,www.pinterest.com,nan,3.0,1,"(192.2170867919922, 0.5569496154785156, 627.683349609375, 677.9678955078125)",0.30642
Q002435,ID000305,Robert Downey Jr.,Fake,Robert Downey Jr. deepfake,1,This deepfake of Robert Downey Jr. in 'Back To The Future' is incredible,https://images.entertainment.ie/uploads/2020/02/16143720/Robert-Downey-Jr-deepfake-Back-To-The-Future.png?w=1280&h=768&q=high,https://entertainment.ie/movies/movie-news/deepfake-robert-downey-jr-doc-brown-441444/,entertainment.ie,nan,7.0,1,"(540.1981811523438, 144.61862182617188, 818.3739013671875, 501.70703125)",0.10105
Q002441,ID000306,Robert Duvall,Real,Robert Duvall,2,"Robert Duvall | Movies, Age, Godfather, TV Shows, Oscar, & Facts |  Britannica",https://cdn.britannica.com/18/284718-050-C0A25334/Robert-Duvall-2015.jpg,https://www.britannica.com/biography/Robert-Duvall,www.britannica.com,tier2,nan,1,"(378.2361145019531, 190.42849731445312, 883.89111328125, 830.3201293945312)",0.16063
Q002443,ID000306,Robert Duvall,Fake,Robert Duvall deepfake,37,Deepfakes: The Looming Threat Of 2020,https://eu-images.contentstack.com/v3/assets/blt0bbd1b20253587c0/blt3eb5c0902bcc93e4/6514175b9dd51b21879a2e23/Deepfakes_small.jpg?width=1280&auto=webp&quality=80&format=jpg&disable=upscale,https://www.designnews.com/artificial-intelligence/deepfakes-the-looming-threat-of-2020,www.designnews.com,nan,7.0,1,"(270.42645263671875, 144.18246459960938, 392.3038024902344, 297.1728515625)",0.04365
Q002449,ID000307,Robert Englund,Real,Robert Englund,3,Robert Englund - Classic Monsters,https://www.classic-monsters.com/wp-content/uploads/2019/05/Robert-Englund.jpg,https://www.classic-monsters.com/robert-englund/,www.classic-monsters.com,tier2,nan,1,"(159.0226593017578, 44.64179229736328, 278.9635314941406, 206.30618286132812)",0.10453
Q002452,ID000307,Robert Englund,Fake,Robert Englund AI image,8,"Asked midjourney to make a ""young female Robert Englund."" AI, what are ya  smokin'? Also I'm traumatized now. : r/NightmareOnElmStreet",https://preview.redd.it/asked-midjourney-to-make-a-young-female-robert-englund-ai-v0-9izervt1zfhe1.jpeg?width=640&crop=smart&auto=webp&s=ebdf4d373ec2e2495800e808a48b84905f406de8,https://www.reddit.com/r/NightmareOnElmStreet/comments/1iito2h/asked_midjourney_to_make_a_young_female_robert/,www.reddit.com,nan,7.0,1,"(378.8206481933594, 78.91841888427734, 464.71990966796875, 183.2281036376953)",0.03911
Q002456,ID000307,Robert Englund,Fake,Robert Englund Midjourney,29,"I plugged yesterday's ChatGPT post of Morrowind fan casting into Midjourney,  and... : r/Morrowind",https://preview.redd.it/i-plugged-yesterdays-chatgpt-post-of-morrowind-fan-casting-v0-sivwchwegirb1.png?width=640&crop=smart&auto=webp&s=365c4b4319aa6ea11ec1a93b971fd0bca1224697,https://www.reddit.com/r/Morrowind/comments/16wqhxv/i_plugged_yesterdays_chatgpt_post_of_morrowind/,www.reddit.com,nan,3.0,1,"(246.18345642089844, 115.68953704833984, 416.7885437011719, 339.82501220703125)",0.09336
Q002457,ID000308,Robert Redford,Real,Robert Redford,1,"Robert Redford, film icon, Oscar-winning director and activist, dead at 89  - ABC News",https://i.abcnewsfe.com/a/2f7e6dae-f247-48cf-b8ab-f6effa51ca8a/robert-redford-gty-lv-230906-3_1694019143923_hpMain_16x9.jpg?w=1600,https://abcnews.com/US/robert-redford-film-icon-oscar-winning-director-activist/story?id=102964746,abcnews.com,tier2,nan,1,"(473.28851318359375, 24.110595703125, 1104.1817626953125, 823.7186889648438)",0.35032
Q002457,ID000308,Robert Redford,Real,Robert Redford,2,Robert Redford: the incandescently handsome star who changed Hollywood  forever | Robert Redford | The Guardian,https://i.guim.co.uk/img/media/3364c1580675d633367a6a779c03d8ee1acda217/99_86_1368_1093/master/1368.jpg?width=465&dpr=1&s=none&crop=none,https://www.theguardian.com/film/filmblog/2025/sep/16/robert-redford-the-incandescently-handsome-star-who-changed-hollywood-forever,www.theguardian.com,tier2,nan,1,"(193.40023803710938, 75.12257385253906, 293.5828857421875, 200.2743682861328)",0.07248
Q002457,ID000308,Robert Redford,Real,Robert Redford,3,Robert Redford and the Perils of Perfection | The New Yorker,"https://media.newyorker.com/photos/68cb22b40da252e0ef79417f/1:1/w_1713,h_1713,c_limit/LANE---POSTSCRIPT---ROBERT-REDFORD-MBDQUSH_EC001.jpg",https://www.newyorker.com/culture/postscript/robert-redford-and-the-perils-of-perfection,www.newyorker.com,tier2,nan,1,"(284.0564880371094, 379.93597412109375, 873.5892944335938, 1116.9375)",0.14807
Q002459,ID000308,Robert Redford,Fake,Robert Redford deepfake,9,"I deepfake di Robert Redford fanno arrabbiare la figlia: ""L'intelligenza  artificiale sta violando il nostro lutto""",https://staticfanpage.akamaized.net/wp-content/uploads/sites/25/2025/09/robert-redford-patrimonio-1200x675.jpg,https://www.fanpage.it/spettacolo/personaggi/i-deepfake-di-robert-redford-fanno-arrabbiare-la-figli-lintelligenza-artificiale-sta-violando-il-nostro-lutto/,www.fanpage.it,nan,5.0,1,"(388.21337890625, 156.79515075683594, 674.5303955078125, 522.7666625976562)",0.12936
Q002460,ID000308,Robert Redford,Fake,Robert Redford AI image,4,Iconic Robert Redford Portrait in Shepard Fairey S... - AI Art,"https://images.nightcafe.studio/ik-seo/jobs/4M4JD0xI4JHoVJHU2Sdq/4M4JD0xI4JHoVJHU2Sdq--0--dwv5s/a-striking-iconic-portrait-of-robert-redford-in-the-style-of-shepard-fairey-bold-graphic-stencil-lim.jpg?tr=w-1600,c-at_max",https://creator.nightcafe.studio/creation/4M4JD0xI4JHoVJHU2Sdq/a-striking-iconic-portrait-of-robert-redford-in-the-style-of-shepard-fairey-bold-graphic-stencil-lim,creator.nightcafe.studio,nan,8.0,1,"(231.75732421875, 273.4613952636719, 630.307373046875, 835.4110107421875)",0.21698
Q002460,ID000308,Robert Redford,Fake,Robert Redford AI image,6,Photorealistic Steve-like Robert Redford Man | Stable Diffusion Online,https://imgcdn.stablediffusionweb.com/2024/10/18/e62b6db2-4a2c-4814-988a-14658326a2c0.jpg,https://stablediffusionweb.com/image/20368575-photorealistic-steve-like-robert-redford-man,stablediffusionweb.com,nan,7.0,1,"(325.88165283203125, 254.705322265625, 723.0165405273438, 796.0571899414062)",0.20503
Q002465,ID000309,Roberto Benigni,Real,Roberto Benigni,2,Roberto Benigni — The Movie Database (TMDB),https://image.tmdb.org/t/p/w500/ba1Sg02XxCphu6E1dWDMAH1GzeE.jpg,https://www.themoviedb.org/person/4818-roberto-benigni,www.themoviedb.org,tier2,nan,1,"(115.19276428222656, 132.9366912841797, 363.25787353515625, 473.7934265136719)",0.22548
Q002468,ID000309,Roberto Benigni,Fake,Roberto Benigni AI image,19,roberto benigni Prompts | Stable Diffusion Online,https://imgcdn.stablediffusionweb.com/2024/12/29/9cac313a-6647-42f7-9d3e-ce6f91a78d25.jpg,https://stablediffusionweb.com/prompts/roberto-benigni,stablediffusionweb.com,nan,7.0,1,"(279.6112976074219, 235.4936981201172, 500.0325012207031, 558.6364135742188)",0.0704
Q002473,ID000310,Roger Moore,Real,Roger Moore,4,Roger Moore Dead: 'James Bond' Actor Dies at 89 | Billboard,https://www.billboard.com/wp-content/uploads/media/roger-moore-billboard-1548.jpg,https://www.billboard.com/music/music-news/roger-moore-dead-james-bond-actor-7808444/,www.billboard.com,tier2,nan,1,"(517.4932250976562, 147.57470703125, 859.9844970703125, 593.079833984375)",0.09626
Q002474,ID000310,Roger Moore,Fake,Roger Moore AI generated,28,"Roger Moore as Simon Templar, looking up at small round glowing ring above  his head, white jacket, black bow tie, cocktail in one hand , lug...",https://creator.nightcafe.studio/jobs/xQdlwDEJ3vEdb6W0iUH5/xQdlwDEJ3vEdb6W0iUH5--1--70b8i.jpg,https://creator.nightcafe.studio/creation/xQdlwDEJ3vEdb6W0iUH5,creator.nightcafe.studio,nan,5.0,1,"(196.44989013671875, 124.87548828125, 302.7934265136719, 278.0434265136719)",0.06214
Q002475,ID000310,Roger Moore,Fake,Roger Moore deepfake,14,Henry Cavill is James Bond in This Intriguing New Deepfake | Den of Geek,https://www.denofgeek.com/wp-content/uploads/2021/10/henry-cavill-bond-deepfake-timothy-dalton.jpg?fit=1200%2C680,https://www.denofgeek.com/movies/henry-cavill-james-bond-deepfake/,www.denofgeek.com,nan,7.0,1,"(503.296875, 102.92256164550781, 692.253173828125, 367.1173095703125)",0.06118
Q002476,ID000310,Roger Moore,Fake,Roger Moore AI image,3,Roger Moore as James Bond Lifestyle | Stable Diffusion Online,https://imgcdn.stablediffusionweb.com/2024/9/20/9d68c881-9442-4220-a473-fb17bb73bba1.jpg,https://stablediffusionweb.com/image/17519915-roger-moore-as-james-bond-lifestyle,stablediffusionweb.com,nan,7.0,1,"(240.07737731933594, 145.73532104492188, 497.5294189453125, 503.3672180175781)",0.0892
Q002477,ID000310,Roger Moore,Fake,Roger Moore viral deepfake,36,"Someone Made A James Bond Deepfake With Jim Carrey Replacing Pierce  Brosnan, And It's Wild | Cinemablend",https://i.ytimg.com/vi/dro9t1IykFk/maxresdefault.jpg,https://www.cinemablend.com/news/2569499/someone-made-james-bond-deepfake-jim-carrey-replacing-pierce-brosnan-wild-the-world-is-not-enough,www.cinemablend.com,nan,5.0,1,"(800.7604370117188, 111.9111328125, 1098.5654296875, 491.74371337890625)",0.12274
Q002481,ID000311,Rohit-Paudel,Real,Rohit-Paudel,1,Rohit Paudel - Wikipedia,https://upload.wikimedia.org/wikipedia/commons/c/c5/Rohit-Paudel-Pic.jpg,https://en.wikipedia.org/wiki/Rohit_Paudel,en.wikipedia.org,tier2,nan,1,"(498.46844482421875, 341.7374267578125, 869.5313110351562, 813.658447265625)",0.06264
Q002481,ID000311,Rohit-Paudel,Real,Rohit-Paudel,2,Rohit Paudel | Player Rankings | ICC,https://images.icc-cricket.com/image/upload/t_player-headshot-portrait-lg-webp/prd/assets/players/13203/68435.png,https://www.icc-cricket.com/tournaments/mens-t20-world-cup-2026/teams/637/players/68435/rohit-paudel,www.icc-cricket.com,tier2,nan,1,"(116.57941436767578, 74.61351013183594, 222.01025390625, 205.83641052246094)",0.05612
Q002481,ID000311,Rohit-Paudel,Real,Rohit-Paudel,3,"Rohit Paudel Profile - Cricket Player Nepal | Stats, Records, Video","https://img1.hscicdn.com/image/upload/f_auto,t_ds_square_w_320,q_50/lsci/db/PICTURES/CMS/386700/386763.5.png",https://www.cricinfo.com/cricketers/rohit-paudel-1072488,www.cricinfo.com,tier2,nan,1,"(91.31059265136719, 65.0623550415039, 257.0958557128906, 288.08050537109375)",0.36107
Q002489,ID000312,Romain Duris,Real,Romain Duris,1,Romain Duris - Wikipedia,https://upload.wikimedia.org/wikipedia/commons/thumb/5/50/Romain_Duris_2014.jpg/250px-Romain_Duris_2014.jpg,https://en.wikipedia.org/wiki/Romain_Duris,en.wikipedia.org,tier2,nan,1,"(51.10980987548828, 63.292232513427734, 172.15850830078125, 231.7247314453125)",0.23038
Q002489,ID000312,Romain Duris,Real,Romain Duris,2,Romain Duris - IMDb,https://m.media-amazon.com/images/M/MV5BMTY5NjUwNDA4OF5BMl5BanBnXkFtZTcwMDc1NzU1Mw@@._V1_.jpg,https://www.imdb.com/name/nm0244151/,www.imdb.com,tier2,nan,1,"(427.95391845703125, -80.4822998046875, 1166.274658203125, 884.2234497070312)",0.25479
Q002491,ID000312,Romain Duris,Fake,Romain Duris deepfake,21,Retour vers le futur : Robert Downey Jr. et Tom Holland dans un incroyable  deepfake ! - Actus Ciné - AlloCiné,https://fr.web.img5.acsta.net/newsv7/20/02/18/10/37/1936126.jpg,https://www.allocine.fr/article/fichearticle_gen_carticle=18687847.html,www.allocine.fr,nan,3.0,1,"(671.6491088867188, 129.37596130371094, 923.1807861328125, 462.9178466796875)",0.09103
Q002491,ID000312,Romain Duris,Fake,Romain Duris deepfake,23,"Le Cauchemar des ""deepfakes"" pornographiques - Film documentaire 2023 -  AlloCiné",https://fr.web.img4.acsta.net/pictures/23/11/29/17/53/4539359.jpg,https://www.allocine.fr/film/fichefilm_gen_cfilm=313476.html,www.allocine.fr,nan,3.0,1,"(161.36830139160156, 184.77162170410156, 905.3189086914062, 1131.5511474609375)",0.40761
Q002497,ID000313,Ronaldo-Nazario,Real,Ronaldo-Nazario,1,Ronaldo (Brazilian footballer) - Wikipedia,https://upload.wikimedia.org/wikipedia/commons/thumb/7/78/Ronaldo_Lu%C3%ADs_Naz%C3%A1rio_de_Lima_2019_%283x4_cropped%29.jpg/250px-Ronaldo_Lu%C3%ADs_Naz%C3%A1rio_de_Lima_2019_%283x4_cropped%29.jpg,https://en.wikipedia.org/wiki/Ronaldo_(Brazilian_footballer),en.wikipedia.org,tier2,nan,1,"(69.54843139648438, 59.67692565917969, 173.3617401123047, 206.55657958984375)",0.18316
Q002497,ID000313,Ronaldo-Nazario,Real,Ronaldo-Nazario,2,Ronaldo Luis Nazario de Lima - History and honours | Official website Real  Madrid C.F.,https://publish.realmadrid.com/content/dam/portals/realmadrid-com/es-es/sports/football/legendary-players/ronaldo-luis-nazario-de-lima/assets/1330186262469.jpg,https://www.realmadrid.com/en-US/the-club/history/football-legends/ronaldo-luis-nazario-de-lima,www.realmadrid.com,tier2,nan,1,"(176.06231689453125, 56.59683609008789, 392.5396728515625, 353.4790344238281)",0.17977
Q002497,ID000313,Ronaldo-Nazario,Real,Ronaldo-Nazario,4,"Is Ronaldo Nazario Truly the Greatest Number 9 of All Time, as Everyone  Praises? | by Enrylzala | Medium",https://miro.medium.com/1*Y_6oxc7Hce-f-E0vc-1GTw.jpeg,https://medium.com/@aorusrtx2080ti/is-ronaldo-nazario-truly-the-greatest-number-9-of-all-time-as-everyone-praises-7d567b7ca1f0,medium.com,tier2,nan,1,"(310.73846435546875, 450.6200256347656, 654.711669921875, 907.0390014648438)",0.10768
Q002498,ID000313,Ronaldo-Nazario,Fake,Ronaldo-Nazario AI generated,3,Ronaldo Nazario's Connection to Brazil | Stable Diffusion Online,https://imgcdn.stablediffusionweb.com/2024/3/19/2c4cdb8b-bd6a-4bb4-a53b-a3022c946187.jpg,https://stablediffusionweb.com/image/3410254-ronaldo-nazario-s-connection-to-brazil,stablediffusionweb.com,nan,7.0,1,"(357.1875, 202.9571533203125, 655.60791015625, 604.6608276367188)",0.11432
Q002498,ID000313,Ronaldo-Nazario,Fake,Ronaldo-Nazario AI generated,5,Ronaldo Luis Nazario without Shirt | Stable Diffusion Online,https://imgcdn.stablediffusionweb.com/2024/9/28/0afb2eb2-5ac7-493f-a77a-49c4f936a793.jpg,https://stablediffusionweb.com/image/18460291-ronaldo-luis-nazario-without-shirt,stablediffusionweb.com,nan,7.0,1,"(311.7896728515625, 116.94993591308594, 491.1477355957031, 354.9602966308594)",0.04219
Q002498,ID000313,Ronaldo-Nazario,Fake,Ronaldo-Nazario AI generated,7,Ronaldo Nazario: Low-Quality Discord Profile Picture | Stable Diffusion  Online,https://imgcdn.stablediffusionweb.com/2024/4/19/10befc3a-cd6f-499d-86fd-7b8d6348d6c4.jpg,https://stablediffusionweb.com/image/5667915-ronaldo-nazario-low-quality-discord-profile-picture,stablediffusionweb.com,nan,7.0,1,"(314.53839111328125, 188.37796020507812, 647.4159545898438, 616.9109497070312)",0.13604
Q002505,ID000314,Rooney Mara,Real,Rooney Mara,1,Rooney Mara - Wikipedia,https://upload.wikimedia.org/wikipedia/commons/thumb/c/c6/Rooney_Mara_at_Berlinale_2024-3.jpg/960px-Rooney_Mara_at_Berlinale_2024-3.jpg,https://en.wikipedia.org/wiki/Rooney_Mara,en.wikipedia.org,tier2,nan,1,"(332.0374450683594, 234.95562744140625, 688.9235229492188, 706.4169921875)",0.13921
Q002505,ID000314,Rooney Mara,Real,Rooney Mara,3,Rooney Mara - IMDb,https://m.media-amazon.com/images/M/MV5BNzFhYjAwNzktNDBiMy00OWVmLTk4ZjEtMGJiMzUxYzE1NjIyXkEyXkFqcGc@._V1_.jpg,https://www.imdb.com/name/nm1913734/,www.imdb.com,tier2,nan,1,"(153.57907104492188, 107.2942886352539, 380.55303955078125, 391.9666748046875)",0.19942
Q002508,ID000314,Rooney Mara,Fake,Rooney Mara AI image,2,Rooney Mara Leather Shirt in Game of Thrones Style | Stable Diffusion Online,https://imgcdn.stablediffusionweb.com/2024/5/21/1b879a71-f460-403c-86b9-d3be5f9d4072.jpg,https://stablediffusionweb.com/image/7718624-rooney-mara-leather-shirt-in-game-of-thrones-style,stablediffusionweb.com,nan,7.0,1,"(400.2176818847656, 117.74018096923828, 640.3045654296875, 439.5641174316406)",0.07369
Q002508,ID000314,Rooney Mara,Fake,Rooney Mara AI image,19,Rooney Mara as Targaryen in Black Leather Armor | Stable Diffusion 온라인,https://imgcdn.stablediffusionweb.com/2024/5/21/848e0965-98e0-4715-bf08-45a4c997252d.jpg,https://stablediffusionweb.com/ko/image/7718454-rooney-mara-as-targaryen-in-black-leather-armor,stablediffusionweb.com,nan,7.0,1,"(376.25152587890625, 118.8676528930664, 669.4613037109375, 518.73681640625)",0.11181
Q002512,ID000314,Rooney Mara,Fake,Rooney Mara Midjourney,30,Midjourney film / Apple TV series casting (AI) : r/Neuromancer,https://preview.redd.it/midjourney-film-apple-tv-series-casting-ai-v0-1cm28gbn9sza1.png?width=640&crop=smart&auto=webp&s=95dcb5b4bdff4adf228014465272bfb63c1554da,https://www.reddit.com/r/Neuromancer/comments/13h9vtp/midjourney_film_apple_tv_series_casting_ai/,www.reddit.com,nan,7.0,1,"(186.08917236328125, 172.52786254882812, 445.1836853027344, 502.63922119140625)",0.20881
Q002512,ID000314,Rooney Mara,Fake,Rooney Mara Midjourney,35,Midjourney film / Apple TV series casting (AI) : r/Neuromancer,https://i.redd.it/midjourney-film-apple-tv-series-casting-ai-v0-v2pwy3gn9sza1.png?width=1024&format=png&auto=webp&s=8e28a40c67c7dde14dc7be69e658d67baed912ba,https://www.reddit.com/r/Neuromancer/comments/13h9vtp/midjourney_film_apple_tv_series_casting_ai/,www.reddit.com,nan,7.0,1,"(432.31622314453125, 232.9363250732422, 709.2756958007812, 615.5720825195312)",0.10107
Q002513,ID000315,Rosario Dawson,Real,Rosario Dawson,1,Rosario Dawson - Wikipedia,https://upload.wikimedia.org/wikipedia/commons/d/d0/Rosario_Dawson_2025.jpg,https://en.wikipedia.org/wiki/Rosario_Dawson,en.wikipedia.org,tier2,nan,1,"(585.7831420898438, 222.3981475830078, 1050.842041015625, 781.0383911132812)",0.10939
Q002513,ID000315,Rosario Dawson,Real,Rosario Dawson,2,Rosario Dawson - Wikipedia,https://upload.wikimedia.org/wikipedia/commons/thumb/c/c6/416px_cropped_Rosario_Dawson.jpg/250px-416px_cropped_Rosario_Dawson.jpg,https://en.wikipedia.org/wiki/Rosario_Dawson,en.wikipedia.org,tier2,nan,1,"(70.59632110595703, 41.46889877319336, 176.75885009765625, 192.22280883789062)",0.22075
Q002513,ID000315,Rosario Dawson,Real,Rosario Dawson,3,Rosario Dawson (Creator) - TV Tropes,https://mediaproxy.tvtropes.org/width/1200/https://static.tvtropes.org/pmwiki/pub/images/rosario_dawson_photoshoot_2004_am_2.jpg,https://tvtropes.org/pmwiki/pmwiki.php/Creator/RosarioDawson,tvtropes.org,tier2,nan,1,"(505.9584045410156, 248.67941284179688, 827.5546264648438, 665.5682373046875)",0.07468
Q002514,ID000315,Rosario Dawson,Fake,Rosario Dawson AI generated,49,"Rosario Dawson™©®, Masterplayer, unofficial #1","https://images.nightcafe.studio/ik-seo/jobs/4A1tzcyga1qRvk94VVdL/4A1tzcyga1qRvk94VVdL--1--2hljf_15.625x/rosario-dawsontmcr-masterplayer-unofficial-1.jpg?tr=w-1600,c-at_max",https://creator.nightcafe.studio/creation/4A1tzcyga1qRvk94VVdL,creator.nightcafe.studio,nan,5.0,1,"(487.3123474121094, 188.85284423828125, 1222.278076171875, 1192.91064453125)",0.28826
Q002515,ID000315,Rosario Dawson,Fake,Rosario Dawson deepfake,2,Rosario Dawson fights deepfakes in new election campaign,https://rollingout.com/wp-content/uploads/2018/01/Rosario-Dawson-shutterstock_623746253.jpg,https://rollingout.com/2024/10/22/rosario-dawson-fights-deepfakes-in-ad/,rollingout.com,nan,5.0,1,"(498.9598388671875, 104.61325073242188, 699.0648193359375, 382.6217041015625)",0.07781
Q002516,ID000315,Rosario Dawson,Fake,Rosario Dawson AI image,5,Rosario Dawson World Premiere Ai Artificial Stock Photo 187802555 |  Shutterstock,https://www.shutterstock.com/shutterstock/photos/187802555/display_1500/stock-photo-rosario-dawson-at-world-premiere-of-ai-artificial-intelligence-ny-187802555.jpg,https://www.shutterstock.com/image-photo/rosario-dawson-world-premiere-ai-artificial-187802555,www.shutterstock.com,nan,7.0,1,"(191.5555419921875, 403.032958984375, 730.5103149414062, 1040.16064453125)",0.21312
Q002521,ID000316,Rose Byrne,Real,Rose Byrne,1,Rose Byrne - IMDb,https://m.media-amazon.com/images/M/MV5BMTc0MDA2Njc0OF5BMl5BanBnXkFtZTcwNzc3NDU3Mw@@._V1_FMjpg_UX1000_.jpg,https://www.imdb.com/name/nm0126284/,www.imdb.com,tier2,nan,1,"(192.521240234375, 133.71119689941406, 654.8492431640625, 784.6378784179688)",0.21744
Q002521,ID000316,Rose Byrne,Real,Rose Byrne,2,Rose Byrne - Wikipedia,https://upload.wikimedia.org/wikipedia/commons/thumb/1/1c/Rose_Byrne_4%2C_2013.jpg/250px-Rose_Byrne_4%2C_2013.jpg,https://en.wikipedia.org/wiki/Rose_Byrne,en.wikipedia.org,tier2,nan,1,"(34.340721130371094, 82.06504821777344, 186.625244140625, 292.76806640625)",0.34226
Q002524,ID000316,Rose Byrne,Fake,Rose Byrne AI image,2,rose byrne Prompts | Stable Diffusion Online,https://imgcdn.stablediffusionweb.com/2025/1/13/6e28b10b-e02c-43da-a87e-1ec0d4697b0c.jpg,https://stablediffusionweb.com/prompts/rose-byrne,stablediffusionweb.com,nan,7.0,1,"(387.93902587890625, 202.33209228515625, 647.8065185546875, 558.972900390625)",0.08839
Q000537,ID000068,Chloe-Kim,Real,Chloe-Kim,1,Chloe Kim - Wikipedia,https://upload.wikimedia.org/wikipedia/commons/7/77/Chloe_Kim_PCSFN_Headshot_2023.jpg,https://en.wikipedia.org/wiki/Chloe_Kim,en.wikipedia.org,tier2,nan,1,"(272.992431640625, 253.0465850830078, 503.62322998046875, 572.4586181640625)",0.11799
Q000561,ID000071,Chris Tucker,Real,Chris Tucker,1,Chris Tucker - Wikipedia,https://upload.wikimedia.org/wikipedia/commons/7/73/Chris_Tucker_by_Gage_Skidmore.jpg,https://en.wikipedia.org/wiki/Chris_Tucker,en.wikipedia.org,tier2,nan,1,"(895.779541015625, 645.6603393554688, 2279.48974609375, 2497.783447265625)",0.19261
Q001690,ID000212,Kevin Spacey,Fake,Kevin Spacey AI generated,45,Premium Free ai Images | Kevin Spacey: Shaping Hollywood's Legacy,https://yi-ai.s3.eu-central-1.amazonaws.com/prod/0/2/2023/07/14-0013779-64b10c552c39f.png,https://lumenor.ai/ai-generated-images-gallery/kevin-spacey-hBTYoQxPvC/,lumenor.ai,nan,5.0,1,"(261.1856689453125, 198.3033447265625, 585.4385986328125, 662.484130859375)",0.19139
Q002441,ID000306,Robert Duvall,Real,Robert Duvall,1,Robert Duvall - Wikipedia,https://upload.wikimedia.org/wikipedia/commons/thumb/f/f9/Robert_Duvall_%28actor%2C_at_home%2C_New_York_City_apartment%2C_1984%29_%28cropped%29.jpg/960px-Robert_Duvall_%28actor%2C_at_home%2C_New_York_City_apartment%2C_1984%29_%28cropped%29.jpg,https://en.wikipedia.org/wiki/Robert_Duvall,en.wikipedia.org,tier2,nan,1,"(285.977294921875, 199.35711669921875, 682.5048828125, 772.059814453125)",0.18466
Q002449,ID000307,Robert Englund,Real,Robert Englund,2,Robert Englund - Wikipedia,https://upload.wikimedia.org/wikipedia/commons/thumb/4/47/Robert_englund.jpg/250px-Robert_englund.jpg,https://en.wikipedia.org/wiki/Robert_Englund,en.wikipedia.org,tier2,nan,1,"(48.68574523925781, 55.88007354736328, 169.2952880859375, 216.98080444335938)",0.22994
Q002459,ID000308,Robert Redford,Fake,Robert Redford deepfake,6,Hollywood - Tochter von Robert Redford wehrt sich gegen Deepfakes,https://bilder.deutschlandfunk.de/aa/5f/b7/5a/aa5fb75a-7321-48ba-bbc6-527ae6784b7a/robert-redford-schauspieler-100-1920x1080.jpg,https://www.deutschlandfunk.de/tochter-von-robert-redford-wehrt-sich-gegen-deepfakes-102.html,www.deutschlandfunk.de,nan,5.0,1,"(732.9144287109375, 285.36248779296875, 1245.9677734375, 922.448974609375)",0.15763
Q002529,ID000317,Rupert Grint,Real,Rupert Grint,1,Rupert Grint - Wikipedia,https://upload.wikimedia.org/wikipedia/commons/2/27/Rupert_Grint_at_Berlin_Film_Festival_2026%2C_%28P1230675%29_%28cropped2%29.jpg,https://en.wikipedia.org/wiki/Rupert_Grint,en.wikipedia.org,tier2,nan,1,"(316.8387756347656, 290.430908203125, 1360.7183837890625, 1550.803466796875)",0.28434
Q002529,ID000317,Rupert Grint,Real,Rupert Grint,2,Rupert Grint - IMDb,https://m.media-amazon.com/images/M/MV5BODUwOTc5N2MtNTVmZi00MWE0LWE0Y2QtOTAyOTEzZDg1NGFiXkEyXkFqcGc@._V1_.jpg,https://www.imdb.com/name/nm0342488/,www.imdb.com,tier2,nan,1,"(710.444580078125, 422.31378173828125, 1502.8988037109375, 1426.636962890625)",0.09212
Q002530,ID000317,Rupert Grint,Fake,Rupert Grint AI generated,48,Harry Potter AI Art Imagines Harry & Ron As Babies (& It's Unsettling),https://static0.srcdn.com/wordpress/wp-content/uploads/2023/05/harry-potter-baby-ai-art.jpg,https://screenrant.com/harry-potter-ron-weasley-ai-art-babies/,screenrant.com,nan,7.0,1,"(522.1060180664062, 133.5428009033203, 807.4285888671875, 502.0510559082031)",0.10729
Q002531,ID000317,Rupert Grint,Fake,Rupert Grint deepfake,49,Lucasfilm hires YouTuber who deepfaked 'The Mandalorian' | Mashable,https://helios-i.mashable.com/imagery/articles/061WeEfAV7EQ26FygCsU9RH/hero-image.fill.size_1200x1200.v1627395312.png,https://mashable.com/article/lucasfilm-youtuber-deepfake-the-mandalorian-luke-skywalker,mashable.com,nan,5.0,1,"(333.87213134765625, 214.64630126953125, 920.917236328125, 945.316162109375)",0.29787
Q002532,ID000317,Rupert Grint,Fake,Rupert Grint AI image,13,Rupert Grint as Ron Weasley in Gryffindor Uniform | Stable Diffusion Online,https://imgcdn.stablediffusionweb.com/2024/9/15/ca6aa914-b0d6-43ca-9dc6-aaef211f7d09.jpg,https://stablediffusionweb.com/image/16995001-rupert-grint-as-ron-weasley-in-gryffindor-uniform,stablediffusionweb.com,nan,7.0,1,"(407.39306640625, 190.66615295410156, 624.5670166015625, 465.2790832519531)",0.05688
Q002535,ID000317,Rupert Grint,Fake,Rupert Grint Stable Diffusion,44,rupert grint with freckles Prompts | Stable Diffusion Online,https://imgcdn.stablediffusionweb.com/2024/3/21/ac416921-e9a3-4b96-a8bc-1cdfe1e44b58.jpg,https://stablediffusionweb.com/prompts/rupert-grint-with-freckles,stablediffusionweb.com,nan,7.0,1,"(432.719970703125, 229.81851196289062, 786.661865234375, 671.1824951171875)",0.14898
Q002537,ID000318,Russell Crowe,Real,Russell Crowe,2,Russell Crowe - IMDb,https://m.media-amazon.com/images/M/MV5BMTQyMTExNTMxOF5BMl5BanBnXkFtZTcwNDg1NzkzNw@@._V1_.jpg,https://www.imdb.com/name/nm0000128/,www.imdb.com,tier2,nan,1,"(372.74224853515625, 314.6017761230469, 975.932861328125, 1132.002685546875)",0.17637
Q002538,ID000318,Russell Crowe,Fake,Russell Crowe AI generated,7,Russell Crowe with Distended Waist | Stable Diffusion Online,https://imgcdn.stablediffusionweb.com/2024/10/11/5a6c20ca-e830-465f-8b65-17eb260ed4ee.jpg,https://stablediffusionweb.com/image/19705584-russell-crowe-with-distended-waist,stablediffusionweb.com,nan,7.0,1,"(427.13665771484375, 108.30960845947266, 631.4038696289062, 380.30377197265625)",0.05299
Q002538,ID000318,Russell Crowe,Fake,Russell Crowe AI generated,11,Russell Crowe Bald in Golden Briefs | Stable Diffusion Online,https://imgcdn.stablediffusionweb.com/2024/9/18/5ff675a6-2197-483f-ac1a-ad020b7511ad.jpg,https://stablediffusionweb.com/image/17328902-russell-crowe-bald-in-golden-briefs,stablediffusionweb.com,nan,7.0,1,"(363.0261535644531, 65.70761108398438, 551.6233520507812, 317.6838684082031)",0.04532
Q002539,ID000318,Russell Crowe,Fake,Russell Crowe deepfake,43,Fall: Deepfake-style technology was used to remove F-bombs from thriller,https://www.joblo.com/wp-content/uploads/2022/08/fall-deepfake-featured-1280x720.jpg,https://www.joblo.com/fall-deepfake-f-bombs/,www.joblo.com,nan,7.0,1,"(519.1856689453125, 46.355098724365234, 823.5419311523438, 461.701171875)",0.13717
Q002539,ID000318,Russell Crowe,Fake,Russell Crowe deepfake,2,Russell Crowe was just deepfaked and the results are disturbing | Metro News,https://metro.co.uk/wp-content/uploads/2024/01/SEI_188229563-2c91-e1705944550827.jpg?quality=90&strip=all&crop=112px%2C0px%2C1626px%2C854px&resize=1200%2C630,https://metro.co.uk/2024/01/22/russell-crowe-warns-fans-deepfake-advert-using-face-20154585/,metro.co.uk,nan,5.0,1,"(497.8649597167969, 123.79141998291016, 711.5300903320312, 410.8143615722656)",0.08112
Q002540,ID000318,Russell Crowe,Fake,Russell Crowe AI image,6,Russell Crowe as a Roman Slave | Stable Diffusion Online,https://imgcdn.stablediffusionweb.com/2024/11/20/4ba12d6a-418c-43dc-8b23-f3f2b836a2a6.jpg,https://stablediffusionweb.com/image/23171990-russell-crowe-as-a-roman-slave,stablediffusionweb.com,nan,7.0,1,"(556.3557739257812, 90.99644470214844, 776.7299194335938, 392.0295104980469)",0.06427
Q002541,ID000318,Russell Crowe,Fake,Russell Crowe viral deepfake,2,Russell Crowe Warns Fans After Getting Caught Up In A Deepfake Ad Scam - B&T,https://www.bandt.com.au/information/uploads/2024/01/Screen-Shot-2024-01-23-at-9.18.19-am.png,https://www.bandt.com.au/russell-crowe-warns-fans-after-getting-caught-up-in-a-deepfake-ad-scam/,www.bandt.com.au,nan,5.0,1,"(350.6192932128906, 80.02318572998047, 486.9494934082031, 273.791259765625)",0.07462
Q002545,ID000319,Sally Field,Real,Sally Field,1,Sally Field - IMDb,https://m.media-amazon.com/images/M/MV5BMTQwOTMyMDI4MV5BMl5BanBnXkFtZTcwMDYzMTM5OA@@._V1_FMjpg_UX1000_.jpg,https://www.imdb.com/name/nm0000398/,www.imdb.com,tier2,nan,1,"(364.4112854003906, 188.41400146484375, 637.1763305664062, 541.571044921875)",0.07016
Q002545,ID000319,Sally Field,Real,Sally Field,2,"Sally Field | Biography, Movies, TV Shows, & Facts | Britannica",https://cdn.britannica.com/38/239838-050-BBF348BD/Actress-Sally-Field-34th-Annual-Palm-Springs-International-Film-Festival-2023.jpg,https://www.britannica.com/biography/Sally-Field,www.britannica.com,tier2,nan,1,"(633.708984375, 207.42724609375, 1024.80810546875, 711.2273559570312)",0.11673
Q002545,ID000319,Sally Field,Real,Sally Field,3,Sally Field Photos - A Look at Sally Field's Iconic Life in Photos,"https://hips.hearstapps.com/hmg-prod/images/sally-field-news-photo-534298420-1540336362.jpg?crop=0.798xw:1.00xh;0,0&resize=1200:*",https://www.goodhousekeeping.com/life/g24082934/sally-field-photos-young/,www.goodhousekeeping.com,tier2,nan,1,"(225.96302795410156, 161.87643432617188, 395.726806640625, 353.33306884765625)",0.04893
Q002546,ID000319,Sally Field,Fake,Sally Field AI generated,4,Ultra Realistic Elderly Sally Field Portrait | Stable Diffusion Online,https://imgcdn.stablediffusionweb.com/2024/12/24/90945733-dd7e-47db-9b78-7e427c366c05.jpg,https://stablediffusionweb.com/image/26313424-ultra-realistic-elderly-sally-field-portrait,stablediffusionweb.com,nan,7.0,1,"(310.865478515625, 132.18902587890625, 484.4771423339844, 352.0186462402344)",0.03772
Q002546,ID000319,Sally Field,Fake,Sally Field AI generated,1,Sally Field - Wildflower Portrait in Alluring Illustration S...,https://creator.nightcafe.studio/jobs/1oDa8dDB7FxhSSFfW1d8/1oDa8dDB7FxhSSFfW1d8--1--3k8uz.jpg,https://creator.nightcafe.studio/creation/1oDa8dDB7FxhSSFfW1d8,creator.nightcafe.studio,nan,5.0,1,"(205.94252014160156, 100.74356842041016, 310.94873046875, 225.82852172851562)",0.0501
Q002546,ID000319,Sally Field,Fake,Sally Field AI generated,2,Hyper-realistic illustration drawing of Sally Field smiling!,https://creator.nightcafe.studio/jobs/7XHGhf8XGQzfZKr9PCGc/7XHGhf8XGQzfZKr9PCGc--1--dcye7.jpg,https://creator.nightcafe.studio/creation/7XHGhf8XGQzfZKr9PCGc,creator.nightcafe.studio,nan,5.0,1,"(319.91864013671875, 297.5447082519531, 633.809814453125, 692.4586791992188)",0.12009
Q002548,ID000319,Sally Field,Fake,Sally Field AI image,5,Sally Field with Bombay Cat amidst Flora | Stable Diffusion Online,https://imgcdn.stablediffusionweb.com/2024/11/5/c9d60182-6868-422c-b835-a624da72f10a.jpg,https://stablediffusionweb.com/image/21893802-sally-field-with-bombay-cat-amidst-flora,stablediffusionweb.com,nan,7.0,1,"(416.4485168457031, 209.42959594726562, 653.6239013671875, 514.0778198242188)",0.06891
Q002553,ID000320,Salma Hayek,Real,Salma Hayek,1,Salma Hayek - Wikipedia,https://upload.wikimedia.org/wikipedia/commons/thumb/8/80/MKr383631_Salma_Hayek_%28Women_In_Motion%2C_Cannes_2025%29_crop.jpg/250px-MKr383631_Salma_Hayek_%28Women_In_Motion%2C_Cannes_2025%29_crop.jpg,https://en.wikipedia.org/wiki/Salma_Hayek,en.wikipedia.org,tier2,nan,1,"(69.46247863769531, 69.87030029296875, 171.7337646484375, 218.79530334472656)",0.16246
Q002553,ID000320,Salma Hayek,Real,Salma Hayek,3,Salma Hayek Reveals Her Real-Life Superpower in ELLE Women in Hollywood  Speech,"https://hips.hearstapps.com/hmg-prod/images/salma-hayek-gettyimages-1235970041.jpg?crop=1xw:0.7456591639871383xh;center,top&resize=1200:*",https://www.elle.com/culture/celebrities/a38009361/salma-hayek-elle-women-in-hollywood-2021-speech/,www.elle.com,tier2,nan,1,"(511.5094299316406, 74.8153076171875, 744.8650512695312, 391.095703125)",0.06834
Q002554,ID000320,Salma Hayek,Fake,Salma Hayek AI generated,12,Salma Hayek's Career | Stable Diffusion Online,https://imgcdn.stablediffusionweb.com/2024/4/22/e08e2d06-8a53-4ea6-b3f3-745f6fb5c3e4.jpg,https://stablediffusionweb.com/image/5851878-salma-hayek-s-career,stablediffusionweb.com,nan,7.0,1,"(404.06884765625, 132.56423950195312, 633.18212890625, 466.36224365234375)",0.07293
Q002555,ID000320,Salma Hayek,Fake,Salma Hayek deepfake,1,Why some celebrities are embracing Artificial Intelligence deepfakes,https://ichef.bbci.co.uk/news/1024/branded_news/059E/production/_130183410_aaaaqfa3b6haqofh7zbfvipolgbt5ku-bkndsttedaciktjwhjrzthlpww-0afeimombx7zejjqxdcvapy9mlypgrzx84cf8pmal_uic1h_fmqmfjpbs_md0xsmqfs_hkd-h8hp31a7smho7bioqm0t0mnbb.jpg,https://www.bbc.com/news/business-65995089,www.bbc.com,nan,3.0,1,"(530.58056640625, 51.60280227661133, 663.81884765625, 236.5674285888672)",0.04178
Q002555,ID000320,Salma Hayek,Fake,Salma Hayek deepfake,22,Singapore actress and model Jamie Yeo has embraced AI deepfakes,https://ichef.bbci.co.uk/images/ic/1232x1232/p0g1nk4x.jpg,https://www.bbc.com/news/av/business-66242058,www.bbc.com,nan,3.0,1,"(272.1100769042969, 203.95863342285156, 837.2822265625, 930.9660034179688)",0.27071
Q002555,ID000320,Salma Hayek,Fake,Salma Hayek deepfake,32,Singapore actress and model Jamie Yeo has embraced AI deepfakes,https://ichef.bbci.co.uk/news/1024/branded_news/EF38/production/_130204216_jamie.jpg,https://www.bbc.com/news/av/business-66242058,www.bbc.com,nan,3.0,1,"(374.5335998535156, 107.0755844116211, 609.2760009765625, 424.1007385253906)",0.12617
Q002556,ID000320,Salma Hayek,Fake,Salma Hayek AI image,7,Salma Hayek | Stable Diffusion Online,https://imgcdn.stablediffusionweb.com/2024/12/1/559ad960-ab4e-4f8c-9671-44e7d302ab5b.jpg,https://stablediffusionweb.com/image/24216961-salma-hayek,stablediffusionweb.com,nan,7.0,1,"(311.8313903808594, 156.21963500976562, 629.7717895507812, 575.796142578125)",0.12722
Q002557,ID000320,Salma Hayek,Fake,Salma Hayek viral deepfake,48,Changing faces: What you should know about the world's deepfake problem,https://console.kr-asia.com/wp-content/uploads/2023/10/Zao-Promotion.jpg,https://kr-asia.com/changing-faces-what-you-should-know-about-the-worlds-deepfake-problem,kr-asia.com,nan,5.0,1,"(802.2276611328125, 242.43313598632812, 1230.9515380859375, 737.9196166992188)",0.08644
Q002561,ID000321,Sam Rockwell,Real,Sam Rockwell,2,Sam Rockwell Movies & TV Shows List | Rotten Tomatoes | Rotten Tomatoes,https://resizing.flixster.com/fFWaYh-DeRGKLuJ4cO8HZ_NJghI=/fit-in/352x330/v2/https://resizing.flixster.com/-XZAfHZM39UwaGJIFWKAE8fS0ak=/v3/t/assets/57663_v9_bd.jpg,https://www.rottentomatoes.com/celebrity/sam_rockwell,www.rottentomatoes.com,tier2,nan,1,"(60.31547927856445, 70.26476287841797, 171.3356475830078, 220.4580841064453)",0.20374
Q002568,ID000321,Sam Rockwell,Fake,Sam Rockwell Midjourney,21,Red Dead Redemption adapted to the big screen with an all-star cast : r/ midjourney,https://preview.redd.it/red-dead-redemption-adapted-to-the-big-screen-with-an-all-v0-vzxld1s2xh4b1.jpg?width=640&crop=smart&auto=webp&s=7a15dfec25f2493ccc6c7618890a68a5a80ec97c,https://www.reddit.com/r/midjourney/comments/142z168/red_dead_redemption_adapted_to_the_big_screen/,www.reddit.com,nan,5.0,1,"(174.7248077392578, 156.555908203125, 315.7621154785156, 330.58990478515625)",0.04794
Q002568,ID000321,Sam Rockwell,Fake,Sam Rockwell Midjourney,25,Red Dead Redemption adapted to the big screen with an all-star cast : r/ midjourney,https://preview.redd.it/red-dead-redemption-adapted-to-the-big-screen-with-an-all-v0-qcheb9x2xh4b1.jpg?width=640&crop=smart&auto=webp&s=57dc770cf70e6572108374e34e8110010d967f52,https://www.reddit.com/r/midjourney/comments/142z168/red_dead_redemption_adapted_to_the_big_screen/,www.reddit.com,nan,5.0,1,"(203.71762084960938, 166.42218017578125, 338.3287353515625, 350.2058410644531)",0.04832
Q002569,ID000322,Sanna-Marin,Real,Sanna-Marin,1,Sanna Marin - Wikipedia,https://upload.wikimedia.org/wikipedia/commons/thumb/e/e3/Sanna_Marin_at_the_European_Commission_-_2025_-_P065828-802783_%28cropped%29.jpg/250px-Sanna_Marin_at_the_European_Commission_-_2025_-_P065828-802783_%28cropped%29.jpg,https://en.wikipedia.org/wiki/Sanna_Marin,en.wikipedia.org,tier2,nan,1,"(62.177486419677734, 41.52751159667969, 157.34031677246094, 161.7075958251953)",0.14341
Q002569,ID000322,Sanna-Marin,Real,Sanna-Marin,2,Sanna Marin Led Finland Through Covid and Russian Threats. But She's Famous  for a Shimmy. - The New York Times,https://static01.nyt.com/images/2025/11/18/multimedia/00Int-Finland-PM-profile-01-hgmz/00Int-Finland-PM-profile-01-hgmz-articleLarge.jpg?quality=75&auto=webp&disable=upscale,https://www.nytimes.com/2025/11/21/world/europe/sanna-marin-finland-prime-minister.html,www.nytimes.com,tier2,nan,1,"(164.85861206054688, 138.90878295898438, 286.48443603515625, 286.5643615722656)",0.03329
Q002569,ID000322,Sanna-Marin,Real,Sanna-Marin,3,Former PM Sanna Marin quits Finnish politics to join Tony Blair Institute | Sanna  Marin | The Guardian,https://i.guim.co.uk/img/media/bc90b5e49b59168dacd6722d4c2086b64c89369a/0_45_5120_3072/master/5120.jpg?width=1200&height=900&quality=85&auto=format&fit=crop&s=da684dfdbbf346db4860d2c6ff03a1b3,https://www.theguardian.com/world/2023/sep/07/sanna-marin-finland-prime-minister-tony-blair-institute,www.theguardian.com,tier2,nan,1,"(459.8753967285156, 136.45115661621094, 749.9946899414062, 558.0689086914062)",0.11326
Q002570,ID000322,Sanna-Marin,Fake,Sanna-Marin AI generated,1,Sanna Marin: Leather Dress and Sword Portrait - AI Art,https://creator.nightcafe.studio/jobs/PPkE5OeDy6sgMm8MQuvT/PPkE5OeDy6sgMm8MQuvT--0--7m09d.jpg,https://creator.nightcafe.studio/creation/PPkE5OeDy6sgMm8MQuvT/finland-former-pm-sana-marin-in-leather-dress-with-sword-strapped-on-her-back,creator.nightcafe.studio,nan,8.0,1,"(435.5281982421875, 107.14750671386719, 595.8218383789062, 314.9824523925781)",0.03177
Q002570,ID000322,Sanna-Marin,Fake,Sanna-Marin AI generated,4,Finnish Prime Minister Sanna Marin | Stable Diffusion Online,https://imgcdn.stablediffusionweb.com/2024/4/13/68888d48-0bfa-4e35-b65e-1cb3f0a24155.jpg,https://stablediffusionweb.com/image/5253922-finnish-prime-minister-sanna-marin,stablediffusionweb.com,nan,7.0,1,"(414.8572692871094, 318.8533020019531, 608.4362182617188, 567.7391357421875)",0.04595
Q002573,ID000322,Sanna-Marin,Fake,Sanna-Marin viral deepfake,47,"AI, Deepfakes, and Misinformation with American Sunlight Project",https://image.pbs.org/video-assets/OdxGdnv-asset-mezzanine-16x9-JJilQWw.jpg,https://www.pbs.org/video/ai-deepfakes-and-misinformation-with-american-sunlight-project-upfdgo/,www.pbs.org,nan,5.0,1,"(1287.5921630859375, 266.1120300292969, 1528.9735107421875, 615.8546142578125)",0.04071
Q002577,ID000323,Sarah Michelle Gellar,Real,Sarah Michelle Gellar,1,Sarah Michelle Gellar - IMDb,https://m.media-amazon.com/images/M/MV5BNzA5MDA4MTEwOV5BMl5BanBnXkFtZTcwNzY2MjcyNw@@._V1_FMjpg_UX1000_.jpg,https://www.imdb.com/name/nm0001264/,www.imdb.com,tier2,nan,1,"(337.46160888671875, 300.5649108886719, 836.1112060546875, 985.1170654296875)",0.22757
Q002577,ID000323,Sarah Michelle Gellar,Real,Sarah Michelle Gellar,3,Sarah Michelle Gellar - Wikipedia,https://upload.wikimedia.org/wikipedia/commons/f/fb/Sarah_Michelle_Gellar_Comic-Con%2C_2011.jpg,https://en.wikipedia.org/wiki/Sarah_Michelle_Gellar,en.wikipedia.org,tier2,nan,1,"(265.5483093261719, 144.41351318359375, 565.0675048828125, 575.6749877929688)",0.17576
Q002578,ID000323,Sarah Michelle Gellar,Fake,Sarah Michelle Gellar AI generated,1,Sarah Michelle Gellar as Jeannie: 3D Digital Art - AI Art,https://creator.nightcafe.studio/jobs/fzbMgXYFHcYBNZ6xPU5n/fzbMgXYFHcYBNZ6xPU5n--1--375r3.jpg,https://creator.nightcafe.studio/creation/fzbMgXYFHcYBNZ6xPU5n,creator.nightcafe.studio,nan,8.0,1,"(322.7630615234375, 150.7276611328125, 605.5003051757812, 531.083740234375)",0.10256
Q002580,ID000323,Sarah Michelle Gellar,Fake,Sarah Michelle Gellar AI image,1,Sarah Michelle Gellar as Cinderella | Stable Diffusion Online,https://imgcdn.stablediffusionweb.com/2024/5/7/165fc77e-54f5-4f24-902f-d84c7e74483c.jpg,https://stablediffusionweb.com/image/6874481-sarah-michelle-gellar-as-cinderella,stablediffusionweb.com,nan,7.0,1,"(426.69622802734375, 206.4254913330078, 663.879150390625, 517.4747924804688)",0.07036
Q002583,ID000323,Sarah Michelle Gellar,Fake,Sarah Michelle Gellar Stable Diffusion,3,sarah michelle gellar Prompts | Stable Diffusion Online,https://imgcdn.stablediffusionweb.com/2025/8/8/6ab2ac9d-8358-4fa9-8a96-53169c32501b.jpg,https://stablediffusionweb.com/prompts/sarah-michelle-gellar,stablediffusionweb.com,nan,7.0,1,"(306.9343566894531, 179.01089477539062, 492.97039794921875, 433.71661376953125)",0.04684
Q002583,ID000323,Sarah Michelle Gellar,Fake,Sarah Michelle Gellar Stable Diffusion,5,Sarah Michelle Gellar as Wicked Queen | Stable Diffusion Online,https://imgcdn.stablediffusionweb.com/2024/5/7/412c3b2d-3894-4f20-b9f2-c09d647e53ac.jpg,https://stablediffusionweb.com/image/6874288-sarah-michelle-gellar-as-wicked-queen,stablediffusionweb.com,nan,7.0,1,"(400.68408203125, 190.93576049804688, 572.6944580078125, 425.6474914550781)",0.0385
Q002585,ID000324,Sean Penn,Real,Sean Penn,1,Sean Penn - IMDb,https://m.media-amazon.com/images/M/MV5BMTc1NjMzMjY3NF5BMl5BanBnXkFtZTcwMzkxNjQzMg@@._V1_FMjpg_UX1000_.jpg,https://www.imdb.com/name/nm0000576/,www.imdb.com,tier2,nan,1,"(250.11984252929688, 368.666015625, 763.7289428710938, 1067.3603515625)",0.24395
Q002585,ID000324,Sean Penn,Real,Sean Penn,3,Sean Penn Let Himself Get Away With Things for 15 Years. Not Anymore. - The  New York Times,https://static01.nyt.com/images/2025/10/05/magazine/05mag-interview-penn-06/05mag-interview-penn-06-videoSixteenByNine3000.jpg,https://www.nytimes.com/2025/09/27/magazine/sean-penn-interview.html,www.nytimes.com,tier2,nan,1,"(1169.011962890625, 392.9384765625, 1722.2169189453125, 1154.8077392578125)",0.08323
Q002591,ID000324,Sean Penn,Fake,Sean Penn Stable Diffusion,33,Serene Sean Clifford in Autumn Stadium | Stable Diffusion Online,https://imgcdn.stablediffusionweb.com/2024/9/7/d55a2b8a-da92-4e61-b939-89e8d614b8b8.jpg,https://stablediffusionweb.com/image/16098309-serene-sean-clifford-in-autumn-stadium,stablediffusionweb.com,nan,7.0,1,"(410.53350830078125, 315.0440368652344, 596.5407104492188, 541.5969848632812)",0.04019
Q002592,ID000324,Sean Penn,Fake,Sean Penn Midjourney,37,Lost Indiana Jones Audition Photos (1980) : r/midjourney,https://preview.redd.it/lost-indiana-jones-audition-photos-1980-v0-63dwzmj2s99b1.png?width=640&crop=smart&auto=webp&s=f6b2a6fc82af7b871b5701241f351bdf2f0e8d83,https://www.reddit.com/r/midjourney/comments/14nk0bg/lost_indiana_jones_audition_photos_1980/,www.reddit.com,nan,5.0,1,"(233.30831909179688, 179.6862030029297, 384.9425354003906, 381.83685302734375)",0.05987
Q002592,ID000324,Sean Penn,Fake,Sean Penn Midjourney,39,Finished page of the Tell Tale Heart by Edgar Allen Poe staring Mads  Mikelsen and other stuff : r/midjourney,https://preview.redd.it/finished-page-of-the-tell-tale-heart-by-edgar-allen-poe-v0-laql3tmdbqm91.jpg?width=640&crop=smart&auto=webp&s=2f21b219795cf679fe69ec26279b0744c438ca08,https://www.reddit.com/r/midjourney/comments/x9guad/finished_page_of_the_tell_tale_heart_by_edgar/,www.reddit.com,nan,5.0,1,"(164.60308837890625, 34.47968292236328, 454.9466247558594, 419.1028137207031)",0.27264
Q002593,ID000325,Sediqullah Atal,Real,Sediqullah Atal,8,Sediqullah Atal | Player Rankings | ICC,https://images.icc-cricket.com/image/upload/t_player-headshot-portrait-lg-webp/prd/assets/players/8322/70227.png,https://www.icc-cricket.com/tournaments/champions-trophy-2025/teams/1188/players/70227/sediq-atal,www.icc-cricket.com,tier2,nan,1,"(118.42599487304688, 73.99813842773438, 230.1277313232422, 216.0425567626953)",0.06436
Q002601,ID000326,Seerna-William,Real,Seerna-William,3,"Serena Williams | Comeback, Age, Children, Sister, Height, Grand Slams,  Biography, Titles, & Facts | Britannica",https://cdn.britannica.com/29/234629-138-ADD4F54E/who-is-Serena-Williams.jpg?w=800&h=450&c=crop,https://www.britannica.com/biography/Serena-Williams,www.britannica.com,tier2,nan,1,"(311.0292053222656, 52.539615631103516, 467.89556884765625, 252.53475952148438)",0.08715
Q002603,ID000326,Seerna-William,Fake,Seerna-William deepfake,37,"Even doctors can be fooled by deepfake X-ray images, posing risk to  cybersecurity & health",https://ktxs.com/resources/media2/16x9/1061/800/0x6/80/a4b0f1c5-9530-4581-81f1-ae71528fb7f5-serenasullivan.PNG,https://ktxs.com/news/spotlight-on-america/doctors-fooled-deepfake-x-ray-images-posing-cybersecurity-health-risks-ai-medical-images-artificial-intelligence-deepfakes-radiology-medical-imaging-cyber-security-healthcare-hospital-security-xray-fraud,ktxs.com,nan,5.0,1,"(276.4247741699219, 107.76741027832031, 479.43988037109375, 390.7763366699219)",0.1596
Q002603,ID000326,Seerna-William,Fake,Seerna-William deepfake,41,Sabrina Javellana Was a Rising Star in Florida Politics. Then the Deepfakes  Started. - The New York Times,https://static01.nyt.com/images/2024/08/11/magazine/11mag-deepfakes/11mag-deepfakes-articleLarge.jpg?quality=75&auto=webp&disable=upscale,https://www.nytimes.com/2024/07/31/magazine/sabrina-javellana-florida-politics-ai-porn.html,www.nytimes.com,nan,5.0,1,"(78.768798828125, 164.25274658203125, 299.0497131347656, 444.6972961425781)",0.13728
Q002603,ID000326,Seerna-William,Fake,Seerna-William deepfake,47,Senate Introduces New Bill to Protect Artists From Deepfakes,https://www.rollingstone.com/wp-content/uploads/2024/07/scarlet-j-ai-bill.jpg?w=1581&h=1054&crop=1,https://www.rollingstone.com/music/music-news/senators-introduce-bill-protect-artists-ai-deepfakes-1235071525/,www.rollingstone.com,nan,5.0,1,"(601.3111572265625, 146.9492645263672, 900.8111572265625, 548.6438598632812)",0.0722
Q002605,ID000326,Seerna-William,Fake,Seerna-William viral deepfake,27,Sabrina Javellana Was a Rising Star in Florida Politics. Then the Deepfakes  Started. - The New York Times,https://static01.nyt.com/images/2024/08/11/magazine/11mag-deepfakes/11mag-deepfakes-mediumSquareAt3X.jpg,https://www.nytimes.com/2024/07/31/magazine/sabrina-javellana-florida-politics-ai-porn.html,www.nytimes.com,nan,5.0,1,"(243.68301391601562, 295.1205749511719, 899.3641967773438, 1135.0477294921875)",0.16998
Q002609,ID000327,Selena Gomez,Real,Selena Gomez,1,Selena Gomez - Wikipedia,https://upload.wikimedia.org/wikipedia/commons/thumb/8/81/Selena_Gomez_at_the_2024_Toronto_International_Film_Festival_10_%28cropped%29.jpg/960px-Selena_Gomez_at_the_2024_Toronto_International_Film_Festival_10_%28cropped%29.jpg,https://en.wikipedia.org/wiki/Selena_Gomez,en.wikipedia.org,tier2,nan,1,"(333.873779296875, 203.67462158203125, 689.831298828125, 672.1201782226562)",0.13423
Q002609,ID000327,Selena Gomez,Real,Selena Gomez,5,Selena Gomez - Wikipedia,https://upload.wikimedia.org/wikipedia/commons/thumb/8/85/Selena_Gomez_-_Walmart_Soundcheck_Concert.jpg/250px-Selena_Gomez_-_Walmart_Soundcheck_Concert.jpg,https://en.wikipedia.org/wiki/Selena_Gomez,en.wikipedia.org,tier2,nan,1,"(93.02742004394531, 27.183679580688477, 161.8171844482422, 119.89264678955078)",0.08364
Q002609,ID000327,Selena Gomez,Real,Selena Gomez,6,Selena Gomez - IMDb,https://m.media-amazon.com/images/M/MV5BMjAwNTE2MDMyMl5BMl5BanBnXkFtZTgwMjAyODM3MTI@._V1_FMjpg_UX1000_.jpg,https://www.imdb.com/name/nm1411125/,www.imdb.com,tier2,nan,1,"(282.94720458984375, 206.8264617919922, 738.4552612304688, 811.88916015625)",0.2066
Q002610,ID000327,Selena Gomez,Fake,Selena Gomez AI generated,3,Selena Gomez AI Art - AI-Generated Text To Image Examples,https://globalowls.com/wp-content/uploads/2023/12/Selena-Gomez-AI-Art-in-a-garden-sun-shining-bright-at-night-volumetric-lighting-flat-lighting-photo-oil-painting.png,https://globalowls.com/marketing-examples/selena-gomez-ai-art-examples/,globalowls.com,nan,7.0,1,"(243.85704040527344, 80.1504135131836, 346.27093505859375, 222.40274047851562)",0.05557
Q002611,ID000327,Selena Gomez,Fake,Selena Gomez deepfake,2,Facebook_Selena-Gomez-FB-deepfake-Le-Creuset-ad_FORMATTED_41s - Ad Age,https://d3qtc8km8dvw1x.cloudfront.net/03-04-2025/t_961a7d6dc0784bb0b6e5ba755b3a97f9_name_poster_6344687625112.jpg,https://adage.com/video/facebook-selena-gomez-fb-deepfake-le-creuset-ad-formatted-41s/,adage.com,nan,5.0,1,"(536.3071899414062, 171.69717407226562, 791.5282592773438, 531.664794921875)",0.09969
Q002611,ID000327,Selena Gomez,Fake,Selena Gomez deepfake,19,Le Creuset giveaway scam features deepfaked Taylor Swift | Mashable,https://helios-i.mashable.com/imagery/articles/027WKL6uOsXyUUoau0vwfiG/hero-image.fill.size_1248x702.v1705340924.jpg,https://mashable.com/article/taylor-swift-selena-gomez-le-creuset-deepfake-scam,mashable.com,nan,5.0,1,"(650.0054931640625, 73.43949890136719, 835.8717651367188, 322.89031982421875)",0.05292
Q002612,ID000327,Selena Gomez,Fake,Selena Gomez AI image,10,Selena Gomez as a Synthwave Cyborg Robot - AI Art,https://creator.nightcafe.studio/jobs/6IN3xjkiEkhmP6bPjV74/6IN3xjkiEkhmP6bPjV74--1--vb2d9.jpg,https://creator.nightcafe.studio/creation/6IN3xjkiEkhmP6bPjV74,creator.nightcafe.studio,nan,8.0,1,"(487.1861877441406, 271.4237365722656, 675.4093627929688, 525.2323608398438)",0.04556
Q002612,ID000327,Selena Gomez,Fake,Selena Gomez AI image,35,Selena Gomez as Disney Princess: Photorealistic Po... - AI Art,https://creator.nightcafe.studio/jobs/z4dnsOmNWX10hSQcQL6t/z4dnsOmNWX10hSQcQL6t--1--zed6s.jpg,https://creator.nightcafe.studio/creation/z4dnsOmNWX10hSQcQL6t,creator.nightcafe.studio,nan,8.0,1,"(483.6605529785156, 278.12957763671875, 673.05615234375, 537.1226806640625)",0.04678
Q002625,ID000329,Shai-Hope,Real,Shai-Hope,1,Shai Hope - Wikipedia,https://upload.wikimedia.org/wikipedia/commons/c/c3/Shai_Hope.jpg,https://en.wikipedia.org/wiki/Shai_Hope,en.wikipedia.org,tier2,nan,1,"(210.21742248535156, 85.34534454345703, 343.2217102050781, 244.27587890625)",0.09896
Q002625,ID000329,Shai-Hope,Real,Shai-Hope,2,"Shai Hope Profile - Cricket Player West Indies | Stats, Records, Video","https://img1.hscicdn.com/image/upload/f_auto,t_ds_square_w_320,q_50/lsci/db/PICTURES/CMS/320100/320122.1.png",https://www.cricinfo.com/cricketers/shai-hope-581379,www.cricinfo.com,tier2,nan,1,"(73.79780578613281, 64.41478729248047, 225.52120971679688, 279.17730712890625)",0.31821
Q002625,ID000329,Shai-Hope,Real,Shai-Hope,4,"Shai Hope stats, news, videos and records | West Indies players",https://cricviz-westindies-production.s3.amazonaws.com/images/8b301330-801a-469b-9bd5-3c7b83c2eec3.original.jpg,https://www.windiescricket.com/players/shai-hope-3445/,www.windiescricket.com,tier2,nan,1,"(1174.1292724609375, 575.898193359375, 1917.5662841796875, 1554.9017333984375)",0.05686
Q002626,ID000329,Shai-Hope,Fake,Shai-Hope AI generated,40,Shattered Hope: An AI-Generated Interpretation - AI Art,https://creator.nightcafe.studio/jobs/DvKhlJ60npcG99qSxOk2/DvKhlJ60npcG99qSxOk2--1--sbn60.jpg,https://creator.nightcafe.studio/creation/DvKhlJ60npcG99qSxOk2,creator.nightcafe.studio,nan,8.0,1,"(402.6133728027344, 197.0125274658203, 610.3460083007812, 470.8931884765625)",0.05426
Q002633,ID000330,Shakira-Isabel-Mebarak-Ripoll,Real,Shakira-Isabel-Mebarak-Ripoll,1,Shakira - Wikipedia,https://upload.wikimedia.org/wikipedia/commons/b/b8/2023-11-16_Gala_de_los_Latin_Grammy%2C_03_%28cropped%2902.jpg,https://en.wikipedia.org/wiki/Shakira,en.wikipedia.org,tier2,nan,1,"(608.9932861328125, 305.8053283691406, 1194.8057861328125, 1122.25927734375)",0.14189
Q002633,ID000330,Shakira-Isabel-Mebarak-Ripoll,Real,Shakira-Isabel-Mebarak-Ripoll,2,Colombian Singer Songwriter Shakira Shakira Isabel Editorial Stock Photo -  Stock Image | Shutterstock Editorial,https://www.shutterstock.com/editorial/image-editorial/MbT5Qey7M0j6c420NjE5MTI=/colombian-singer-songwriter-shakira-isabel-mebarak-ripoll-440nw-14097161z.jpg,https://www.shutterstock.com/editorial/image-editorial/colombian-singer-songwriter-shakira-isabel-mebarak-ripoll-14097161z,www.shutterstock.com,tier2,nan,1,"(143.00927734375, 48.02339172363281, 228.204833984375, 160.184814453125)",0.06581
Q002633,ID000330,Shakira-Isabel-Mebarak-Ripoll,Real,Shakira-Isabel-Mebarak-Ripoll,3,"Shakira Isabel Mebarak Ripoll Discography: Vinyl, CDs, & More | Discogs",https://i.discogs.com/EjDg6Dk56-gToDTNWHIDdrVN5OtzpCWRW1QgC-fnIIw/rs:fit/g:sm/q:90/h:600/w:429/czM6Ly9kaXNjb2dz/LWRhdGFiYXNlLWlt/YWdlcy9BLTQ1NDg1/MDEtMTQ3MzUxMTA3/Ny01MzM5LmpwZWc.jpeg,https://www.discogs.com/artist/4548501-Shakira-Isabel-Mebarak-Ripoll?srsltid=AfmBOor2BwcwtPI3ihr_E8lu983rm_P2A2UAE7Lk7nPSFPq5b69sKtG-,www.discogs.com,tier2,nan,1,"(195.2607421875, 44.1766242980957, 274.2095947265625, 147.60116577148438)",0.03172
Q002634,ID000330,Shakira-Isabel-Mebarak-Ripoll,Fake,Shakira-Isabel-Mebarak-Ripoll AI generated,1,Shakira in 2000 (age 23) - Shakira Isabel Mebarak Ripoll,https://creator.nightcafe.studio/jobs/p0wa52gNhfmFOvBxfTGZ/p0wa52gNhfmFOvBxfTGZ--1--f8fx4.jpg,https://creator.nightcafe.studio/creation/p0wa52gNhfmFOvBxfTGZ,creator.nightcafe.studio,nan,5.0,1,"(133.36871337890625, 83.96612548828125, 362.3460693359375, 376.1922302246094)",0.25525
Q002634,ID000330,Shakira-Isabel-Mebarak-Ripoll,Fake,Shakira-Isabel-Mebarak-Ripoll AI generated,2,Shakira in 2010 (age 33) - Shakira Isabel Mebarak Ripoll,https://creator.nightcafe.studio/jobs/M8WZor70sSTyoJcpwVMi/M8WZor70sSTyoJcpwVMi--1--585c5.jpg,https://creator.nightcafe.studio/creation/M8WZor70sSTyoJcpwVMi,creator.nightcafe.studio,nan,5.0,1,"(182.05894470214844, 22.474380493164062, 325.8984069824219, 219.21115112304688)",0.10795
Q002634,ID000330,Shakira-Isabel-Mebarak-Ripoll,Fake,Shakira-Isabel-Mebarak-Ripoll AI generated,9,Shakira in 2000 (age 23) - Shakira Isabel Mebarak Ripoll,https://creator.nightcafe.studio/api/og-creation.jpg?id=p0wa52gNhfmFOvBxfTGZ,https://creator.nightcafe.studio/creation/p0wa52gNhfmFOvBxfTGZ,creator.nightcafe.studio,nan,5.0,1,"(280.82196044921875, -131.31422424316406, 843.3716430664062, 586.37646484375)",0.53404
Q002637,ID000330,Shakira-Isabel-Mebarak-Ripoll,Fake,Shakira-Isabel-Mebarak-Ripoll viral deepfake,49,Shakira Deep Fake Happy Easter Video | TikTok,https://p16-common-sign.tiktokcdn-us.com/tos-maliva-p-0068/0c2b1fb8d53743ab88619965f7451abc_1617550068~tplv-photomode-video-share-card:630:630:20.jpeg?dr=9616&refresh_token=ca7e157b&x-expires=1816999200&x-signature=4x74AVVOctgN4EXKk%2F4EeGwQ7TM%3D&t=4d5b0474&ps=13740610&shp=55bbe6a9&shcp=f07906a3&idc=useast5&ftpl=1,https://www.tiktok.com/@shakira/video/6947324617052769541,www.tiktok.com,nan,3.0,1,"(292.3616638183594, 162.71717834472656, 410.3357849121094, 318.73651123046875)",0.04638
Q002641,ID000331,Sharlto Copley,Real,Sharlto Copley,1,Sharlto Copley - Wikipedia,https://upload.wikimedia.org/wikipedia/commons/thumb/b/b1/Sharlto_Copley_on_the_Green_Carpet_at_the_2025_Zurich_Film_Festival_01.jpg/250px-Sharlto_Copley_on_the_Green_Carpet_at_the_2025_Zurich_Film_Festival_01.jpg,https://en.wikipedia.org/wiki/Sharlto_Copley,en.wikipedia.org,tier2,nan,1,"(83.39884948730469, 71.99737548828125, 170.18077087402344, 186.7182159423828)",0.10619
Q002641,ID000331,Sharlto Copley,Real,Sharlto Copley,2,Sharlto Copley — The Movie Database (TMDB),https://image.tmdb.org/t/p/w500/em89OJJvBRX7kNJJPASmNKQujsC.jpg,https://www.themoviedb.org/person/82191-sharlto-copley,www.themoviedb.org,tier2,nan,1,"(163.72450256347656, 167.30215454101562, 403.54498291015625, 529.55029296875)",0.23167
Q002641,ID000331,Sharlto Copley,Real,Sharlto Copley,3,Sharlto Copley - IMDb,https://m.media-amazon.com/images/M/MV5BMTU1MjU2MzkzNF5BMl5BanBnXkFtZTgwNDIzMjIwMjI@._V1_.jpg,https://www.imdb.com/name/nm1663205/,www.imdb.com,tier2,nan,1,"(883.19921875, 264.4633483886719, 1161.106689453125, 659.5031127929688)",0.0355
Q002648,ID000331,Sharlto Copley,Fake,Sharlto Copley Midjourney,5,The Art of AI: Top 10 Characters Reimagined in Midjourney v5.1 | by Cezary  Gesikowski | Bootcamp | Medium,https://miro.medium.com/1*hTXh0_hYoOt5f8Jq5m2jMQ.jpeg,https://medium.com/design-bootcamp/the-art-of-ai-top-10-characters-reimagined-in-midjourney-v5-1-41033da9327,medium.com,nan,5.0,1,"(291.2879638671875, 201.76197814941406, 689.35107421875, 714.2131958007812)",0.19454
Q002648,ID000331,Sharlto Copley,Fake,Sharlto Copley Midjourney,6,The Art of AI: Top 10 Characters Reimagined in Midjourney v5.1 | by Cezary  Gesikowski | Bootcamp | Medium,https://miro.medium.com/v2/resize:fit:1400/1*MdO08QB7USqTdit1UrndQA.png,https://medium.com/design-bootcamp/the-art-of-ai-top-10-characters-reimagined-in-midjourney-v5-1-41033da9327,medium.com,nan,5.0,1,"(311.07183837890625, 193.0729522705078, 642.66259765625, 637.2845458984375)",0.14047
Q002648,ID000331,Sharlto Copley,Fake,Sharlto Copley Midjourney,16,The Art of AI: Top 10 Characters Reimagined in Midjourney v5.1 | by Cezary  Gesikowski | Bootcamp | Medium,https://miro.medium.com/v2/resize:fit:1400/1*1IiTiiW1h4OuZr7Qsl7VSg.png,https://medium.com/design-bootcamp/the-art-of-ai-top-10-characters-reimagined-in-midjourney-v5-1-41033da9327,medium.com,nan,5.0,1,"(418.34149169921875, 148.1122589111328, 693.379150390625, 506.51507568359375)",0.09401
Q002649,ID000332,Shia LaBeouf,Real,Shia LaBeouf,1,Shia LaBeouf - Wikipedia,https://upload.wikimedia.org/wikipedia/commons/a/a9/Shia_LaBeouf_2022.jpg,https://en.wikipedia.org/wiki/Shia_LaBeouf,en.wikipedia.org,tier2,nan,1,"(464.77587890625, 626.855712890625, 1404.69091796875, 1929.2662353515625)",0.30556
Q002649,ID000332,Shia LaBeouf,Real,Shia LaBeouf,2,Shia LaBeouf - IMDb,https://m.media-amazon.com/images/M/MV5BZDE2ZjkwYzQtOGEzYy00NDExLTgzZGQtZDFjNWI5ZTk3ODliXkEyXkFqcGc@._V1_.jpg,https://www.imdb.com/name/nm0479471/,www.imdb.com,tier2,nan,1,"(371.0934753417969, 306.27392578125, 889.3460083007812, 986.3995361328125)",0.16755
Q002649,ID000332,Shia LaBeouf,Real,Shia LaBeouf,3,Shia LaBeouf Movies & TV Shows List | Rotten Tomatoes | Rotten Tomatoes,https://resizing.flixster.com/stHhRciSC2Pwn1DTTBd3qsvVjUg=/fit-in/352x330/v2/https://resizing.flixster.com/-XZAfHZM39UwaGJIFWKAE8fS0ak=/v3/t/assets/189825_v9_bc.jpg,https://www.rottentomatoes.com/celebrity/shia_labeouf,www.rottentomatoes.com,tier2,nan,1,"(53.54509735107422, 52.56141662597656, 188.1461639404297, 229.54161071777344)",0.29108
Q002652,ID000332,Shia LaBeouf,Fake,Shia LaBeouf AI image,20,Chia Labeouf - Green-Skinned Shia LaBeouf as a Chia Pet in W...,"https://images.nightcafe.studio/ik-seo/jobs/RNw0R8C6I6WLBqF8ELjJ/creative-upscale-qsts8_1x-clty-upscale-vwkju/chia-labeouf.jpg?tr=w-1600,c-at_max",https://creator.nightcafe.studio/creation/RNw0R8C6I6WLBqF8ELjJ/chia-labeouf,creator.nightcafe.studio,nan,5.0,1,"(839.0398559570312, 172.86285400390625, 1110.2723388671875, 514.9210205078125)",0.06493
Q002656,ID000332,Shia LaBeouf,Fake,Shia LaBeouf Midjourney,33,Warner Bros. Joins Studios' AI Copyright Battle Against Midjourney - IMDb,https://m.media-amazon.com/images/M/MV5BZWZlNzMzODQtOGNlNy00MjU0LTk1YjMtNzdiN2I5NDFhMGRiXkEyXkFqcGc@._V1_.jpg,https://www.imdb.com/news/ni65461246/,www.imdb.com,nan,3.0,1,"(1047.1632080078125, 317.07562255859375, 1230.18994140625, 564.3186645507812)",0.03139
Q002657,ID000333,Shohei-Ohtani,Real,Shohei-Ohtani,2,"Shohei Ohtani | WBC, Wife, Contract, Height, Stats, Salary, Age, Game 4,  Biography, MLB, Facts, & Family | Britannica",https://cdn.britannica.com/53/280453-050-BD4794EC/Shohei-Ohtani-LA-Dodgers-portrait-2024.jpg,https://www.britannica.com/biography/Shohei-Ohtani,www.britannica.com,tier2,nan,1,"(659.8363037109375, 145.0543212890625, 940.2918090820312, 481.5567626953125)",0.04234
Q002658,ID000333,Shohei-Ohtani,Fake,Shohei-Ohtani AI generated,40,Shohei Ohtani as a Hyper Detailed Concept Art Port... - AI Art,https://creator.nightcafe.studio/api/og-creation.jpg?id=bpyUsZykcziRF1LB0dcf,https://creator.nightcafe.studio/creation/bpyUsZykcziRF1LB0dcf/la-dodgers-baseball-outfielder-and-pitcher-shohei-ohtani,creator.nightcafe.studio,nan,8.0,1,"(466.6742858886719, 119.89431762695312, 632.603759765625, 320.2442932128906)",0.04397
Q002660,ID000333,Shohei-Ohtani,Fake,Shohei-Ohtani AI image,3,Created some Ohtani AI generated images : r/angelsbaseball,https://preview.redd.it/created-some-ohtani-ai-generated-images-v0-75rirv1rri8a1.jpg?width=1024&format=pjpg&auto=webp&s=c82db24072b8f80932f8431afbbe01829bb2209b,https://www.reddit.com/r/angelsbaseball/comments/zwsquj/created_some_ohtani_ai_generated_images/,www.reddit.com,nan,7.0,1,"(393.6313781738281, 211.76454162597656, 776.10400390625, 677.9989624023438)",0.17006
Q002666,ID000334,Shreya-GhoshalI,Fake,Shreya-GhoshalI AI generated,9,Shreya Ghoshal issues warning against AI-generated ads and fake links using  her image. 'I cannot do anything about it' - The Economic Times,"https://img.etimg.com/thumb/width-640,height-480,imgsize-59260,resizemode-75,msid-120042144/magazines/panache/shreya-ghoshal-issues-warning-against-ai-generated-ads-and-fake-links-i-cannot-do-anything-about-it/singer-shreya-ghoshal.jpg",https://m.economictimes.com/magazines/panache/shreya-ghoshal-issues-warning-against-ai-generated-ads-and-fake-links-i-cannot-do-anything-about-it/articleshow/120041935.cms,m.economictimes.com,nan,7.0,1,"(349.3183898925781, 36.78593826293945, 442.388427734375, 162.81790161132812)",0.03818
Q002666,ID000334,Shreya-GhoshalI,Fake,Shreya-GhoshalI AI generated,14,Shreya Ghoshal warns fans against 'weird' Twitter ads using her AI-generated  pictures: 'Many celebs are facing this' | Hindustan Times,https://www.hindustantimes.com/ht-img/img/2025/04/06/960x540/Shreya_Ghoshal_Twitter_fake_ads_1743944034066_1743944054838.jpg,https://www.hindustantimes.com/entertainment/music/shreya-ghoshal-warns-fans-against-weird-twitter-ads-using-her-ai-generated-pictures-many-celebs-are-facing-this-101743943553548.html,www.hindustantimes.com,nan,5.0,1,"(410.2650451660156, 42.07762908935547, 558.1726684570312, 237.99000549316406)",0.05596
Q002666,ID000334,Shreya-GhoshalI,Fake,Shreya-GhoshalI AI generated,24,"Shreya Ghoshal Regains Her X Account, Warns Fans Against Clicking On 'Spam  And Fraudulent Links': AI-Generated Or... | Times Now","https://images.timesnownews.com/thumb/msid-151359358,thumbsize-30174,width-400,height-225,resizemode-75/151359358.jpg",https://www.timesnownews.com/entertainment-news/bollywood/shreya-ghoshal-regains-her-x-account-warns-fans-against-clicking-on-spam-and-fraudulent-links-ai-generated-or-article-151359253,www.timesnownews.com,nan,5.0,1,"(169.23948669433594, 39.89216995239258, 258.8417663574219, 165.69522094726562)",0.12525
Q002667,ID000334,Shreya-GhoshalI,Fake,Shreya-GhoshalI deepfake,42,Shreya Ghoshal issues warning against AI-generated ads and fake links using  her image. 'I cannot do anything about it' - The Economic Times,"https://img.etimg.com/thumb/width-420,height-315,imgsize-59260,resizemode-75,msid-120042144/magazines/panache/shreya-ghoshal-issues-warning-against-ai-generated-ads-and-fake-links-i-cannot-do-anything-about-it/singer-shreya-ghoshal.jpg",https://m.economictimes.com/magazines/panache/shreya-ghoshal-issues-warning-against-ai-generated-ads-and-fake-links-i-cannot-do-anything-about-it/articleshow/120041935.cms,m.economictimes.com,nan,7.0,1,"(230.22222900390625, 25.040416717529297, 290.61767578125, 107.57923889160156)",0.03768
Q002668,ID000334,Shreya-GhoshalI,Fake,Shreya-GhoshalI AI image,35,Shreya Ghosal in Deep Cut Top and Hot Pants | Stable Diffusion Online,https://imgcdn.stablediffusionweb.com/2025/7/13/bb5052a1-6fed-45cb-8334-49efcf088e16.jpg,https://stablediffusionweb.com/image/43556703-shreya-ghosal-in-deep-cut-top-and-hot-pants,stablediffusionweb.com,nan,7.0,1,"(245.29031372070312, 109.04691314697266, 434.3467712402344, 367.6827697753906)",0.04737
Q002673,ID000335,Shubman Gill,Real,Shubman Gill,1,Shubman Gill - Wikipedia,https://upload.wikimedia.org/wikipedia/commons/3/34/Shubman_Gill_2023_%28cropped%29.jpg,https://en.wikipedia.org/wiki/Shubman_Gill,en.wikipedia.org,tier2,nan,1,"(54.12469482421875, 44.336090087890625, 118.71854400634766, 130.18341064453125)",0.10123
Q002673,ID000335,Shubman Gill,Real,Shubman Gill,3,Shubman Gill IPL Profile,https://www.gujarattitansipl.com/static-assets/images/players/66818.png?v=6.76,https://www.gujarattitansipl.com/players/shubman-gill-66818-profile,www.gujarattitansipl.com,tier2,nan,1,"(466.2001953125, 142.6234130859375, 726.965576171875, 480.07000732421875)",0.06111
Q002673,ID000335,Shubman Gill,Real,Shubman Gill,5,Shubman Gill | Player Profile | ICC,https://images.icc-cricket.com/image/upload/t_player-headshot-portrait-lg-webp/prd/assets/players/generic/colored/66818.png,https://www.icc-cricket.com/rankings/66818/shubman-gill,www.icc-cricket.com,tier2,nan,1,"(113.1883544921875, 72.00735473632812, 222.0922088623047, 209.77191162109375)",0.06086
Q002676,ID000335,Shubman Gill,Fake,Shubman Gill AI image,16,Virat Kohli and Shubman Gill Intimate Moment | Stable Diffusion Online,https://imgcdn.stablediffusionweb.com/2024/10/3/b34e6f40-2967-41bc-84e0-42bd199a6a9c.jpg,https://stablediffusionweb.com/image/18903819-virat-kohli-and-shubman-gill-intimate-moment,stablediffusionweb.com,nan,7.0,1,"(497.2522888183594, 179.65257263183594, 708.5592651367188, 404.481201171875)",0.04531
Q002681,ID000336,Sigourney Weaver,Real,Sigourney Weaver,1,Sigourney Weaver - Wikipedia,https://upload.wikimedia.org/wikipedia/commons/b/b9/Sigourney_Weaver_at_the_2025_Toronto_International_Film_Festival_%28cropped%29.jpg,https://en.wikipedia.org/wiki/Sigourney_Weaver,en.wikipedia.org,tier2,nan,1,"(484.7851257324219, 455.66522216796875, 1202.7431640625, 1426.2781982421875)",0.14868
Q002681,ID000336,Sigourney Weaver,Real,Sigourney Weaver,3,Sigourney Weaver — The Movie Database (TMDB),https://image.tmdb.org/t/p/w500/wTSnfktNBLd6kwQxgvkqYw6vEon.jpg,https://www.themoviedb.org/person/10205-sigourney-weaver,www.themoviedb.org,tier2,nan,1,"(126.27391815185547, 111.16560363769531, 388.0400085449219, 483.92327880859375)",0.26055
Q002682,ID000336,Sigourney Weaver,Fake,Sigourney Weaver AI generated,8,Sigourney Weaver as Princess Leia: Hyperdetailed P... - AI Art,https://creator.nightcafe.studio/jobs/ZGicqyPsGQj2lUmAIJYN/ZGicqyPsGQj2lUmAIJYN--3--jynww.jpg,https://creator.nightcafe.studio/creation/ZGicqyPsGQj2lUmAIJYN,creator.nightcafe.studio,nan,8.0,1,"(395.1864013671875, 165.5218505859375, 627.8450317382812, 522.0088500976562)",0.08035
Q002682,ID000336,Sigourney Weaver,Fake,Sigourney Weaver AI generated,13,"Sigourney Weaver as Ripley in Space, Papercraft - AI Art",https://creator.nightcafe.studio/jobs/27Q7SoXSBFxs5Ygxnuht/27Q7SoXSBFxs5Ygxnuht--1--krt2g.jpg,https://creator.nightcafe.studio/creation/27Q7SoXSBFxs5Ygxnuht,creator.nightcafe.studio,nan,8.0,1,"(362.05029296875, 157.67250061035156, 566.783447265625, 417.77667236328125)",0.05079
Q002683,ID000336,Sigourney Weaver,Fake,Sigourney Weaver deepfake,2,"bouphe on X: ""I think I got the deepfake AI Sigourney Weaver almost perfect  for future movies in the Alien franchise"" / X",https://pbs.twimg.com/media/GVtOj9nWYAAkD-m.jpg,https://x.com/bouphe/status/1827140456964100382,x.com,nan,3.0,1,"(287.2574462890625, 178.28280639648438, 490.17877197265625, 443.52978515625)",0.06817
Q002683,ID000336,Sigourney Weaver,Fake,Sigourney Weaver deepfake,40,"Sigourney Weaver/Ellen Ripley in ""The Thing [2011]"" - (Deepfake)",https://i.ytimg.com/vi/HpdHvb9RYi8/maxresdefault.jpg,https://www.youtube.com/watch?v=HpdHvb9RYi8,www.youtube.com,nan,3.0,1,"(667.0486450195312, 120.99545288085938, 930.8374633789062, 498.1667785644531)",0.10796
Q002685,ID000336,Sigourney Weaver,Fake,Sigourney Weaver viral deepfake,15,"Sigourney Weaver/Ellen Ripley in ""The Thing [2011]"" - (Deepfake)",https://i.ytimg.com/vi/HpdHvb9RYi8/hq720.jpg?sqp=-oaymwEhCK4FEIIDSFryq4qpAxMIARUAAAAAGAElAADIQj0AgKJD&rs=AOn4CLCnwPd1E8s6vhbpZaL_7TBIb8NRbA,https://www.youtube.com/watch?v=HpdHvb9RYi8,www.youtube.com,nan,3.0,1,"(360.0857238769531, 73.11502075195312, 493.8108825683594, 263.9739990234375)",0.09639
Q002689,ID000337,Song Kang-ho,Real,Song Kang-ho,1,Song Kang-ho - Wikipedia,https://upload.wikimedia.org/wikipedia/commons/d/df/Song_Gangho_2016.jpg,https://en.wikipedia.org/wiki/Song_Kang-ho,en.wikipedia.org,tier2,nan,1,"(143.73602294921875, 126.46692657470703, 342.86505126953125, 396.4017028808594)",0.19357
Q002689,ID000337,Song Kang-ho,Real,Song Kang-ho,2,Song Kang-ho - IMDb,https://m.media-amazon.com/images/M/MV5BYmI2OTQwMmItMDI5OS00OGQxLWIyZGUtNThlNjRjODkwMTI1XkEyXkFqcGc@._V1_.jpg,https://www.imdb.com/name/nm0814280/,www.imdb.com,tier2,nan,1,"(630.1170654296875, 477.40899658203125, 1178.4827880859375, 1162.25)",0.06259
Q002695,ID000337,Song Kang-ho,Fake,Song Kang-ho Stable Diffusion,40,Song Kang Korean Actor | Stable Diffusion 在线,https://imgcdn.stablediffusionweb.com/2024/9/11/761b2d9c-80e0-4e4c-ac05-4c8e0243aa6c.jpg,https://stablediffusionweb.com/zh-cn/image/16589175-song-kang-korean-actor,stablediffusionweb.com,nan,7.0,1,"(353.8790588378906, 189.69354248046875, 603.8639526367188, 519.9957275390625)",0.07875
Q002697,ID000338,Song-Hye-Kyo,Real,Song-Hye-Kyo,1,Song Hye-kyo - Wikipedia,https://upload.wikimedia.org/wikipedia/commons/5/53/Song_Hye_Kyo_2025_%EC%86%A1%ED%98%9C%EA%B5%90_04.jpg,https://en.wikipedia.org/wiki/Song_Hye-kyo,en.wikipedia.org,tier2,nan,1,"(259.689208984375, 127.19964599609375, 488.8885192871094, 427.9447021484375)",0.10361
Q002697,ID000338,Song-Hye-Kyo,Real,Song-Hye-Kyo,3,Song Hye-kyo filmography - Wikipedia,https://upload.wikimedia.org/wikipedia/commons/thumb/8/89/%28Marie_Claire_Korea%29_THE_Princess_with_Song_Hye_Kyo_%281%29.jpg/250px-%28Marie_Claire_Korea%29_THE_Princess_with_Song_Hye_Kyo_%281%29.jpg,https://en.wikipedia.org/wiki/Song_Hye-kyo_filmography,en.wikipedia.org,tier2,nan,1,"(74.14442443847656, 48.617584228515625, 166.30615234375, 175.8323974609375)",0.18759
Q002699,ID000338,Song-Hye-Kyo,Fake,Song-Hye-Kyo deepfake,9,"Song Hye Kyo tràn ngập ảnh, video nhạy cảm trên mạng xã hội, thủ phạm lại  là Deepfake",https://kenh14cdn.com/2020/10/1/deepfake14-16015662426651619752610.jpg,https://kenh14.vn/song-hye-kyo-tran-ngap-anh-video-nhay-cam-tren-mang-xa-hoi-thu-pham-lai-la-deepfake-2020100102162912.chn,kenh14.vn,nan,7.0,1,"(497.4739685058594, 19.715362548828125, 699.6519775390625, 296.7298583984375)",0.08859
Q002699,ID000338,Song-Hye-Kyo,Fake,Song-Hye-Kyo deepfake,10,"Song Hye Kyo tràn ngập ảnh, video nhạy cảm trên mạng xã hội, thủ phạm lại  là Deepfake",https://kenh14cdn.com/2020/10/1/deepfake16thumb-1601491686484969530835.jpg,https://kenh14.vn/song-hye-kyo-tran-ngap-anh-video-nhay-cam-tren-mang-xa-hoi-thu-pham-lai-la-deepfake-2020100102162912.chn,kenh14.vn,nan,7.0,1,"(222.93130493164062, 134.51683044433594, 584.4900512695312, 604.2249755859375)",0.19673
Q002705,ID000339,Sophie-Devine,Real,Sophie-Devine,1,Sophie Devine - Wikipedia,https://upload.wikimedia.org/wikipedia/commons/4/43/Sophie_Devine_ONZM_%28cropped%29.jpg,https://en.wikipedia.org/wiki/Sophie_Devine,en.wikipedia.org,tier2,nan,1,"(233.12750244140625, 82.42854309082031, 469.345703125, 415.7190246582031)",0.12883
Q002705,ID000339,Sophie-Devine,Real,Sophie-Devine,3,"Sophie Devine Profile - Cricket Player New Zealand | Stats, Records, Video","https://img1.hscicdn.com/image/upload/f_auto,t_ds_square_w_320,q_50/lsci/db/PICTURES/CMS/320500/320551.1.png",https://www.cricinfo.com/cricketers/sophie-devine-231740,www.cricinfo.com,tier2,nan,1,"(92.60704040527344, 55.833740234375, 239.23890686035156, 258.9346618652344)",0.29083
Q002706,ID000339,Sophie-Devine,Fake,Sophie-Devine AI generated,4,Ai generated Sophie portrait : r/KeeperoftheLostCities,https://preview.redd.it/ai-generated-sophie-portrait-v0-kdh7hqotyned1.jpg?width=640&crop=smart&auto=webp&s=431e3697156049a4eb73e0ef94338b01ce325c8f,https://www.reddit.com/r/KeeperoftheLostCities/comments/1ebuf8q/ai_generated_sophie_portrait/,www.reddit.com,nan,7.0,1,"(212.992919921875, 124.41016387939453, 477.06402587890625, 486.7300720214844)",0.18525
Q002706,ID000339,Sophie-Devine,Fake,Sophie-Devine AI generated,32,Ai generated Sophie portrait : r/KeeperoftheLostCities,https://preview.redd.it/ai-generated-sophie-portrait-v0-m36rfpotyned1.jpg?width=1080&crop=smart&auto=webp&s=6ee1a0a396f84d911fd3ff198dc43634ec7fc5f6,https://www.reddit.com/r/KeeperoftheLostCities/comments/1ebuf8q/ai_generated_sophie_portrait/,www.reddit.com,nan,7.0,1,"(353.4505615234375, 201.67787170410156, 802.5545043945312, 830.3551025390625)",0.1918
Q002707,ID000339,Sophie-Devine,Fake,Sophie-Devine deepfake,5,Sophie Parsons - Navigating the World of Deepfakes - FM Conway,https://www.fmconway.co.uk/files/library/images/Blogs/Blog-Images.jpg,https://www.fmconway.co.uk/news-and-media/blog/sophie-parsons-navigating-the-world-of-deepfakes,www.fmconway.co.uk,nan,5.0,1,"(3498.828125, 418.2164306640625, 7559.5078125, 5907.77734375)",0.36861
Q002709,ID000339,Sophie-Devine,Fake,Sophie-Devine viral deepfake,48,Facebook and Microsoft help set up deepfake detection contest,https://cdn.geekwire.com/wp-content/uploads/2019/09/190906-deepfake-630x614.jpg,https://www.geekwire.com/2019/facebook-microsoft-join-researchers-set-contest-deepfake-detection/,www.geekwire.com,nan,7.0,1,"(205.93202209472656, 165.43663024902344, 399.75750732421875, 409.96978759765625)",0.12253
Q002713,ID000340,Steve Zahn,Real,Steve Zahn,1,Steve Zahn - Wikipedia,https://upload.wikimedia.org/wikipedia/commons/thumb/1/17/Steve_Zahn_She_Dances-48_%28cropped%29.jpg/250px-Steve_Zahn_She_Dances-48_%28cropped%29.jpg,https://en.wikipedia.org/wiki/Steve_Zahn,en.wikipedia.org,tier2,nan,1,"(82.09861755371094, 48.9548225402832, 158.72406005859375, 147.5237579345703)",0.09073
Q002713,ID000340,Steve Zahn,Real,Steve Zahn,2,Steve Zahn - IMDb,https://m.media-amazon.com/images/M/MV5BNjNkOTc4ZWYtM2Q2Yi00NDQzLThlMzEtMTBiYzUzN2NlZDBmXkEyXkFqcGc@._V1_FMjpg_UX1000_.jpg,https://www.imdb.com/name/nm0001872/,www.imdb.com,tier2,nan,1,"(304.8106689453125, 248.280029296875, 677.4619750976562, 746.722412109375)",0.13997
Q002720,ID000340,Steve Zahn,Fake,Steve Zahn Midjourney,26,In Another Multiverse - 1980's Avengers : r/midjourney,https://preview.redd.it/in-another-multiverse-1980s-avengers-v0-aaxj148cseab1.jpg?width=640&crop=smart&auto=webp&s=03c54f22dd75fe3ea5344c7c34e7b1e37fbb9ea3,https://www.reddit.com/r/midjourney/comments/14slmwz/in_another_multiverse_1980s_avengers/,www.reddit.com,nan,5.0,1,"(281.0133056640625, 109.26728820800781, 388.3761901855469, 258.8138427734375)",0.0392
Q002721,ID000341,Steven Seagal,Real,Steven Seagal,2,Steven Seagal - IMDb,https://m.media-amazon.com/images/M/MV5BMTczNTU4ODcyMV5BMl5BanBnXkFtZTYwMzkyMjA1._V1_.jpg,https://www.imdb.com/name/nm0000219/,www.imdb.com,tier2,nan,1,"(91.64598083496094, 57.797882080078125, 200.69406127929688, 210.53135681152344)",0.14163
Q002721,ID000341,Steven Seagal,Real,Steven Seagal,3,Steven Seagal - IMDb,https://m.media-amazon.com/images/M/MV5BZWZhODQ4M2MtMTlhOS00MGYzLTliY2YtZDljOTY0Njc0Yzg1XkEyXkFqcGc@._V1_.jpg,https://www.imdb.com/name/nm0000219/,www.imdb.com,tier2,nan,1,"(377.6009826660156, 184.9978790283203, 1271.542236328125, 1344.76513671875)",0.29342
Q002723,ID000341,Steven Seagal,Fake,Steven Seagal deepfake,3,STEVEN SEAGAL jako Geralt w WIEDŹMINIE. Filmik z cyklu DeepFake,https://film.org.pl/wp-content/uploads/2025/10/STEVEN-SEAGAL-jako-Geralt-w-WIEDZMINIE-Filmik-z-cyklu-DeepFake.jpg,https://film.org.pl/a/steven-seagal-jako-geralt-w-wiedzminie-filmik-z-cyklu-deepfake-229542,film.org.pl,nan,7.0,1,"(367.0011901855469, 90.1781005859375, 466.9688415527344, 218.9010772705078)",0.035
Q002723,ID000341,Steven Seagal,Fake,Steven Seagal deepfake,26,Steven Seagal jako Wiedźmin. Zabawny deep fake trafił do sieci - EskaROCK.pl,https://cdn.galleries.smcloud.net/t/galleries/gf-moC6-5h2z-rCtL_ilustracja-do-artykulu-664x442.jpg,https://www.eskarock.pl/rozrywka/steven-seagal-jako-wiedzmin-zabawny-deep-fake-trafil-do-sieci-aa-kZFT-mK6Q-WvCZ.html,www.eskarock.pl,nan,5.0,1,"(216.6088104248047, 46.49522018432617, 349.7574157714844, 229.67428588867188)",0.08298
Q002726,ID000341,Steven Seagal,Fake,Steven Seagal synthetic face,34,dougduggarts/steven-seagal · Hugging Face,https://huggingface.co/dougduggarts/steven-seagal/resolve/main/29501073.jpeg,https://huggingface.co/dougduggarts/steven-seagal,huggingface.co,nan,5.0,1,"(108.4039535522461, 112.04682159423828, 329.0107727050781, 445.3924255371094)",0.27236
Q002729,ID000342,Suryakumar Yadav,Real,Suryakumar Yadav,1,Suryakumar Yadav - Wikipedia,https://upload.wikimedia.org/wikipedia/commons/b/b7/Suryakumar_Yadav_in_PMO_New_Delhi.jpg,https://en.wikipedia.org/wiki/Suryakumar_Yadav,en.wikipedia.org,tier2,nan,1,"(196.48779296875, 134.76397705078125, 375.33367919921875, 373.1334533691406)",0.10632
Q002732,ID000342,Suryakumar Yadav,Fake,Suryakumar Yadav AI image,16,Suryakumar Yadav Celebrates Asia Cup Victory | Stable Diffusion Online,https://imgcdn.stablediffusionweb.com/2025/9/2/5f131940-2057-4bd0-9ea8-1b53bfccaaf6.jpg,https://stablediffusionweb.com/image/47977305-suryakumar-yadav-celebrates-asia-cup-victory,stablediffusionweb.com,nan,7.0,1,"(494.6883239746094, 180.42945861816406, 687.78515625, 417.2761535644531)",0.04362
Q002737,ID000343,Susan Sarandon,Real,Susan Sarandon,1,Susan Sarandon - IMDb,https://m.media-amazon.com/images/M/MV5BMDI3MjE3ZTgtNGY0Ny00MDNhLWI3MDItZTAxMjQwMTdhNjI5XkEyXkFqcGc@._V1_.jpg,https://www.imdb.com/name/nm0000215/,www.imdb.com,tier2,nan,1,"(587.8895263671875, 111.13196563720703, 935.455810546875, 591.7962036132812)",0.09618
Q002737,ID000343,Susan Sarandon,Real,Susan Sarandon,2,Susan Sarandon filmography - Wikipedia,https://upload.wikimedia.org/wikipedia/commons/0/03/Susan_Sarandon_at_the_set_of_%27American_Mirror%27_cropped_and_edited.jpg,https://en.wikipedia.org/wiki/Susan_Sarandon_filmography,en.wikipedia.org,tier2,nan,1,"(245.7412109375, 172.0355224609375, 535.8487548828125, 538.4003295898438)",0.11881
Q002738,ID000343,Susan Sarandon,Fake,Susan Sarandon AI generated,2,Susan Sarandon as the Enchantress Mother Gothel in... - AI Art,"https://images.nightcafe.studio/ik-seo/jobs/Uipiu3RfHA6XDFm3OMLp/Uipiu3RfHA6XDFm3OMLp--0--0j4cl/susan-sarandon-as-the-manipulative-and-self-absorbed-and-narcissistic-and-selfish-and-greedy-and-cru.jpg?tr=w-1600,c-at_max",https://creator.nightcafe.studio/creation/Uipiu3RfHA6XDFm3OMLp/susan-sarandon-as-the-manipulative-and-self-absorbed-and-narcissistic-and-selfish-and-greedy-and-cru,creator.nightcafe.studio,nan,8.0,1,"(401.7804870605469, 157.8699493408203, 605.290283203125, 410.1253967285156)",0.04896
Q002739,ID000343,Susan Sarandon,Fake,Susan Sarandon deepfake,15,Deep Fake (2023),https://m.media-amazon.com/images/M/MV5BMWIxNjVkMDktOGNiMi00NTcxLThmYjMtM2MxZGU4ZjQwNzkzXkEyXkFqcGc@._V1_FMjpg_UX1000_.jpg,https://www.imdb.com/title/tt23049300/mediaviewer/rm3422834689?ft0=name&fv0=nm0000215&ft1=image_type&fv1=still_frame,www.imdb.com,nan,3.0,1,"(450.2015075683594, 109.42054748535156, 576.2741088867188, 272.00958251953125)",0.03647
Q002740,ID000343,Susan Sarandon,Fake,Susan Sarandon AI image,4,Smiling Susan Sarandon with Cat in Literary Poster Style | Stable Diffusion  Online,https://imgcdn.stablediffusionweb.com/2024/10/3/df1c0f82-7b5a-4c15-88e6-dcef1b17aecb.jpg,https://stablediffusionweb.com/image/18924823-smiling-susan-sarandon-with-cat-in-literary-poster-style,stablediffusionweb.com,nan,7.0,1,"(385.26654052734375, 197.19419860839844, 577.8641357421875, 466.6578063964844)",0.04949
Q002745,ID000344,Sydney-Sweeney,Real,Sydney-Sweeney,1,Sydney Sweeney - Wikipedia,https://upload.wikimedia.org/wikipedia/commons/f/f8/Sydney_Sweeney_at_the_2024_Toronto_International_Film_Festival_01_%283x4_cropped_and_rotated%29.jpg,https://en.wikipedia.org/wiki/Sydney_Sweeney,en.wikipedia.org,tier2,nan,1,"(786.6325073242188, 377.1724548339844, 1357.538330078125, 1176.656494140625)",0.08909
Q002745,ID000344,Sydney-Sweeney,Real,Sydney-Sweeney,4,Sydney Sweeney - IMDb,https://m.media-amazon.com/images/M/MV5BZTIwYmNjMjctYTAyZi00Njg0LWJmZWQtZTc1MmZjZjBiMmQ4XkEyXkFqcGc@._V1_.jpg,https://www.imdb.com/name/nm2858875/,www.imdb.com,tier2,nan,1,"(476.2828674316406, 230.22283935546875, 1201.0364990234375, 1218.5491943359375)",0.13429
Q002746,ID000344,Sydney-Sweeney,Fake,Sydney-Sweeney AI generated,45,Tinkerbell's Hot Spring Bath - Sydney Sweeney | Stable Diffusion Online,https://imgcdn.stablediffusionweb.com/2024/3/11/72d2000b-8751-465a-bf86-cd790dd6455b.jpg,https://stablediffusionweb.com/image/2778366-tinkerbell-s-hot-spring-bath-sydney-sweeney,stablediffusionweb.com,nan,7.0,1,"(296.50933837890625, 239.8260040283203, 547.6196899414062, 582.667236328125)",0.0821
Q002747,ID000344,Sydney-Sweeney,Fake,Sydney-Sweeney deepfake,2,"Sen. Klobuchar warns of AI's dangers after Sydney Sweeney ""deepfake"" video  surfaces - CBS Minnesota",https://assets3.cbsnewsstatic.com/hub/i/r/2025/08/21/286b4692-1128-4480-8eaf-53178eb5a8f6/thumbnail/1200x630/8593c342939673d6bf38685963949792/sydney-sweeney.jpg,https://www.cbsnews.com/minnesota/news/amy-klobuchar-sydney-sweeney-deepfake/,www.cbsnews.com,nan,5.0,1,"(524.5139770507812, 82.05497741699219, 752.7959594726562, 401.90576171875)",0.09658
Q002747,ID000344,Sydney-Sweeney,Fake,Sydney-Sweeney deepfake,16,"Klobuchar speaks out over Sydney Sweeney deep fake, and more headlines",https://assets2.cbsnewsstatic.com/hub/i/r/2025/08/21/360ee9ef-9c1e-462f-a25c-ceccbe1b091d/thumbnail/1280x720/7787742100b11ac53338f3d76b90b244/1927c930e288a1b7c6b146162d026d79.jpg,https://www.cbsnews.com/minnesota/video/klobuchar-speaks-out-over-sydney-sweeney-deep-fake-and-more-headlines/,www.cbsnews.com,nan,5.0,1,"(294.2662048339844, 67.26091766357422, 585.2396850585938, 469.6467590332031)",0.12704
Q002747,ID000344,Sydney-Sweeney,Fake,Sydney-Sweeney deepfake,18,Creating a Sydney Sweeney Deepfake Video,"https://substackcdn.com/image/fetch/$s_!Eb-u!,f_auto,q_auto:good,fl_progressive:steep/https%3A%2F%2Fsubstack-post-media.s3.amazonaws.com%2Fpublic%2Fimages%2F2923f680-55e6-431f-9859-453067dddaa2_2133x1200.png",https://read.first1000.co/p/sydney-sweeney-deepfake-video,read.first1000.co,nan,5.0,1,"(896.6632690429688, 146.8292999267578, 1258.4725341796875, 634.9817504882812)",0.069
Q002753,ID000345,Sylvester Stallone,Real,Sylvester Stallone,1,Sylvester Stallone - IMDb,https://m.media-amazon.com/images/M/MV5BMTA3MDY2ODk4ODVeQTJeQWpwZ15BbWU4MDY1ODc3MTgx._V1_FMjpg_UX1000_.jpg,https://www.imdb.com/name/nm0000230/,www.imdb.com,tier2,nan,1,"(283.94537353515625, 192.51437377929688, 654.8558349609375, 713.4625244140625)",0.15025
Q002753,ID000345,Sylvester Stallone,Real,Sylvester Stallone,2,"Sylvester Stallone on “Rocky”, 1976 – Out of the Archives - Golden Globes",https://goldenglobes.com/wp-content/uploads/2023/10/sylvester-stallone-c-hfpa-1978.jpg,https://goldenglobes.com/articles/sylvester-stallone-on-rocky-1976-out-of-the-archives/,goldenglobes.com,tier2,nan,1,"(558.196044921875, 259.8802185058594, 977.19775390625, 792.4788208007812)",0.09379
Q002754,ID000345,Sylvester Stallone,Fake,Sylvester Stallone AI generated,2,Sylvester Stallone,https://creator.nightcafe.studio/jobs/4r5gzQkUiS8JMLUiLn9P/4r5gzQkUiS8JMLUiLn9P--4--mc1sk.jpg,https://creator.nightcafe.studio/creation/hWSq34IQA96VL9zf4f7A,creator.nightcafe.studio,nan,5.0,1,"(75.60586547851562, 35.964744567871094, 236.2808074951172, 239.58734130859375)",0.14792
Q002755,ID000345,Sylvester Stallone,Fake,Sylvester Stallone deepfake,3,Stallone in 'Terminator 2': How Deep Fake Could Change Movies Forever,https://nofilmschool.com/media-library/deep-fake-videos.jpg?id=34067386&width=1245&height=700&coordinates=56%2C0%2C194%2C0,https://nofilmschool.com/Deep-Fake-Terminator-2,nofilmschool.com,nan,7.0,1,"(529.2984008789062, 141.8493194580078, 726.6884155273438, 418.5639343261719)",0.06258
Q002755,ID000345,Sylvester Stallone,Fake,Sylvester Stallone deepfake,4,Sylvester Stallone Deepfaked as 'The Terminator',https://laughingsquid.com/wp-content/uploads/2022/06/Sylvester-Stallone-as-the-Terminator-Deepfake.jpeg,https://laughingsquid.com/sylvester-stallone-deepfaked-as-the-terminator/,laughingsquid.com,nan,7.0,1,"(364.84332275390625, 138.10205078125, 636.8202514648438, 469.328369140625)",0.15273
Q002755,ID000345,Sylvester Stallone,Fake,Sylvester Stallone deepfake,6,These Creepily Accurate Deepfakes of Sylvester Stallone as 'The Terminator'  Will Blow Your Mind - Maxim,https://www.maxim.com/cdn-cgi/image/width=788%2Cheight=444%2Cfit=crop%2Cquality=75%2Cgravity=auto%2Csharpen=1%2Cmetadata=none%2Cformat=auto%2Conerror=redirect/wp-content/uploads/2021/05/terminator-2-starring-sylvester-stallone-deepfake-1280x720-1.jpg,https://www.maxim.com/entertainment/deepfakes-sylvester-stallone-the-terminator-2019-6/,www.maxim.com,nan,7.0,1,"(364.55987548828125, 37.50067901611328, 515.4986572265625, 236.47679138183594)",0.08584
Q002756,ID000345,Sylvester Stallone,Fake,Sylvester Stallone AI image,15,Sylvester Stallone Red Muscle Photo | Stable Diffusion Online,https://imgcdn.stablediffusionweb.com/2024/12/13/caccba9e-3875-4a59-bb33-8ecedf095825.jpg,https://stablediffusionweb.com/image/25353290-sylvester-stallone-red-muscle-photo,stablediffusionweb.com,nan,7.0,1,"(300.1837158203125, 149.2459716796875, 525.5798950195312, 472.2569274902344)",0.07196
Q002761,ID000346,Taeyeon,Real,Taeyeon,1,Taeyeon - Wikipedia,https://upload.wikimedia.org/wikipedia/commons/8/80/250307_Taeyeon_%40_-The_Tense-_in_Seoul_Day_1_%2854371295597%29_%28cropped%29.jpg,https://en.wikipedia.org/wiki/Taeyeon,en.wikipedia.org,tier2,nan,1,"(637.3211059570312, 245.3490447998047, 1312.10791015625, 1188.4757080078125)",0.10726
Q002761,ID000346,Taeyeon,Real,Taeyeon,9,Taeyeon - Wikipedia,https://upload.wikimedia.org/wikipedia/commons/thumb/d/df/Kim_Tae-yeon_at_Starfield_Hanam_G-SHOCK_fan_signing_on_April_16%2C_2017_%282%29.jpg/250px-Kim_Tae-yeon_at_Starfield_Hanam_G-SHOCK_fan_signing_on_April_16%2C_2017_%282%29.jpg,https://en.wikipedia.org/wiki/Taeyeon,en.wikipedia.org,tier2,nan,1,"(87.64704132080078, 38.36363983154297, 158.07437133789062, 143.8421173095703)",0.08119
Q002762,ID000346,Taeyeon,Fake,Taeyeon AI generated,14,Girls' Generation's Taeyeon Hits Back At People Calling Her Bubble Messages  Soulless And AI-Generated! | Hauterrfly,https://hauterrfly.com/wp-content/uploads/2026/01/K-pop-Girls-Generation-Taeyeon-Slams-People-Calling-Her-Bubble-Chats-Soulless-AI-Generated-350x210.jpg,https://hauterrfly.com/entertainment/k-pop-girls-generation-taeyeon-slams-people-calling-her-bubble-chats-soulless-ai-generated/,hauterrfly.com,nan,7.0,1,"(123.05545806884766, 33.01004409790039, 185.4392547607422, 123.72016906738281)",0.07699
Q002762,ID000346,Taeyeon,Fake,Taeyeon AI generated,12,Not SNSD - Taeyeon FLUX - V1.0 - Free AI Model | Tensor.Art | Tensor.Art,"https://image.tensorartassets.com/cdn-cgi/image/anim=true,plain=false,w=500,q=85/workflow_template_showcase/0/4a4c3f56-8102-590f-e5c5-8d1bd9eab652.png",https://tensor.art/models/786419344075690024,tensor.art,nan,5.0,1,"(121.16397857666016, 104.1523208618164, 366.8729248046875, 450.8312683105469)",0.22715
Q002762,ID000346,Taeyeon,Fake,Taeyeon AI generated,20,Not SNSD - Taeyeon FLUX - V1.0 - Free AI Model | Tensor.Art | Tensor.Art,"https://image.tensorartassets.com/cdn-cgi/image/anim=true,plain=false,w=500,q=85/workflow_template_showcase/0/13622e25-d1c9-38c6-6bc4-cc76af5ac682.png",https://tensor.art/models/786419344075690024,tensor.art,nan,5.0,1,"(155.6642303466797, 98.42391967773438, 365.800048828125, 424.3953857421875)",0.18266
Q002763,ID000346,Taeyeon,Fake,Taeyeon deepfake,48,not beby tsabina is Taeyeon #deepfake #deepfacelab #faceswap,https://i.ytimg.com/vi/AtXYLv8UQwc/maxresdefault.jpg,https://www.youtube.com/watch?v=AtXYLv8UQwc,www.youtube.com,nan,3.0,1,"(402.9758605957031, -34.239166259765625, 966.0848388671875, 751.6549682617188)",0.48019
Q002763,ID000346,Taeyeon,Fake,Taeyeon deepfake,50,Deepfake - TAEYEON - Voice - YouTube,https://i.ytimg.com/vi/5F82ROa7rH0/sddefault.jpg,https://www.youtube.com/watch?v=5F82ROa7rH0,www.youtube.com,nan,3.0,1,"(486.33294677734375, 125.97384643554688, 595.9717407226562, 275.24688720703125)",0.05328
Q002769,ID000347,Tate-McRae,Real,Tate-McRae,1,Tate McRae Talks Her Newfound Fame: 'I Feel Like Hannah Montana',https://people.com/thmb/jorhEsFcXQ_rwEB8q763F4TEcdc=/4000x0/filters:no_upscale():max_bytes(150000):strip_icc():focal(1079x613:1081x615)/tate-mcrae-2000-b0fc7d2666dc43b0abed50a98b6f1987.jpg,https://people.com/music/tate-mcrae-talks-balancing-teen-life-with-newfound-fame-i-feel-like-im-hannah-montana/,people.com,tier2,nan,1,"(783.65478515625, 186.47677612304688, 1362.9947509765625, 965.1792602539062)",0.11375
Q000577,ID000073,Christian Clavier,Real,Christian Clavier,1,Christian Clavier - Wikipedia,https://upload.wikimedia.org/wikipedia/commons/f/fd/Christian_Clavier_Cannes_2013.jpg,https://en.wikipedia.org/wiki/Christian_Clavier,en.wikipedia.org,tier2,nan,1,"(126.82002258300781, 108.1401596069336, 347.7529296875, 411.3281555175781)",0.1482
Q000801,ID000101,Emma Roberts,Real,Emma Roberts,3,emma roberts Facts For Kids | DIY.org,https://upload.wikimedia.org/wikipedia/commons/a/a1/Emma_Roberts_After_The_Hunt-06_%28cropped%29.jpg,https://www.diy.org/article/emma_roberts,www.diy.org,tier2,nan,1,"(513.1363525390625, 215.2340087890625, 1018.8076171875, 899.9993286132812)",0.1073
Q002531,ID000317,Rupert Grint,Fake,Rupert Grint deepfake,28,Stranger Things star Millie Bobby Brown poses as Harry Potter's Hermione in  new deepfake video – Firstpost,"https://images.firstpost.com/wp-content/uploads/large_file_plugin/2021/03/1616660185_millie640.jpg?im=FitAndFill=(1200,675)",https://www.firstpost.com/entertainment/stranger-things-star-millie-bobby-brown-poses-as-harry-potters-hermione-in-new-deepfake-video-9462211.html,www.firstpost.com,nan,5.0,1,"(506.50677490234375, 48.520057678222656, 644.49365234375, 227.97027587890625)",0.03057
Q002771,ID000347,Tate-McRae,Fake,Tate-McRae deepfake,33,"Google, Deepfake Porn Trend and Effects on Women | Hypebae",https://image-cdn.hypb.st/https%3A%2F%2Fbae.hypebeast.com%2Ffiles%2F2024%2F03%2Fdeepfake-porn-trend-1.jpg?q=90&w=800&cbr=1&fit=max,https://hypebae.com/2024/3/google-deepfake-porn-dmca-takedown-taylor-swift-ai,hypebae.com,nan,7.0,1,"(385.40972900390625, 28.150257110595703, 484.81744384765625, 172.89407348632812)",0.03374
Q002771,ID000347,Tate-McRae,Fake,Tate-McRae deepfake,19,Troye Sivan and Tate McRae on their deepfake music video,https://media.i-d.co/wp-content/uploads/2024/05/1622074007139-troyetate.png,https://i-d.co/article/troye-sivan-tate-mcrae-you-interview/,i-d.co,nan,3.0,1,"(321.0263671875, 143.84100341796875, 552.1751708984375, 426.6899719238281)",0.03153
Q002772,ID000347,Tate-McRae,Fake,Tate-McRae AI image,36,Grace the Human as Tate Mcrae: Detailed Matte Pain... - AI Art,"https://images.nightcafe.studio/ik-seo/jobs/k5jg5DZS90t8aW4jqgFe/k5jg5DZS90t8aW4jqgFe--1--uafhi/grace-the-human-as-real-life-popular-singersong-writer-tate-mcrae.jpg?tr=w-1600,c-at_max",https://creator.nightcafe.studio/creation/k5jg5DZS90t8aW4jqgFe,creator.nightcafe.studio,nan,8.0,1,"(220.80516052246094, 51.13929748535156, 309.0444641113281, 174.42666625976562)",0.0415
Q002772,ID000347,Tate-McRae,Fake,Tate-McRae AI image,48,Tate McRae Portrait | Stable Diffusion Online,https://imgcdn.stablediffusionweb.com/2024/10/13/4ca0542f-f6da-4740-9a3d-06819388f9b3.jpg,https://stablediffusionweb.com/image/19871342-tate-mcrae-portrait,stablediffusionweb.com,nan,7.0,1,"(273.0946044921875, 124.05780792236328, 762.4324340820312, 779.2852783203125)",0.30577
Q002773,ID000347,Tate-McRae,Fake,Tate-McRae viral deepfake,16,"Google, Deepfake Porn Trend and Effects on Women | Hypebae",https://image-cdn.hypb.st/https%3A%2F%2Fbae.hypebeast.com%2Ffiles%2F2024%2F03%2Fdeepfake-porn-trend-0.jpg?w=960&cbr=1&q=90&fit=max,https://hypebae.com/2024/3/google-deepfake-porn-dmca-takedown-taylor-swift-ai,hypebae.com,nan,7.0,1,"(467.1582336425781, 34.30564880371094, 587.021240234375, 205.5643768310547)",0.03341
Q002777,ID000348,Thomas Jane,Real,Thomas Jane,1,Thomas Jane - Wikipedia,https://upload.wikimedia.org/wikipedia/commons/thumb/1/1c/Thomas_Jane_2019_by_Glenn_Francis.jpg/960px-Thomas_Jane_2019_by_Glenn_Francis.jpg,https://en.wikipedia.org/wiki/Thomas_Jane,en.wikipedia.org,tier2,nan,1,"(271.96160888671875, 223.1724853515625, 692.2764282226562, 803.0194702148438)",0.1763
Q002777,ID000348,Thomas Jane,Real,Thomas Jane,2,Thomas Jane - IMDb,https://m.media-amazon.com/images/M/MV5BOTgwMjMwNzAxNF5BMl5BanBnXkFtZTcwNzIwMDg4Ng@@._V1_.jpg,https://www.imdb.com/name/nm0005048/,www.imdb.com,tier2,nan,1,"(398.7237548828125, 486.0452880859375, 999.9696655273438, 1308.1865234375)",0.17682
Q002777,ID000348,Thomas Jane,Real,Thomas Jane,3,Thomas Jane - IMDb,https://m.media-amazon.com/images/M/MV5BOTFmNTZjMWYtYWI2My00NzE1LTk0YWQtMWQwYjE1ZDBhN2QyXkEyXkFqcGc@._V1_.jpg,https://www.imdb.com/name/nm0005048/,www.imdb.com,tier2,nan,1,"(799.5228271484375, 774.94677734375, 1546.1109619140625, 1818.9952392578125)",0.09025
Q002778,ID000348,Thomas Jane,Fake,Thomas Jane AI generated,3,thomas jane Prompts | Stable Diffusion Online,https://imgcdn.stablediffusionweb.com/2025/8/12/5073bf21-cbc1-4c7c-9088-c942b77d0da2.jpg,https://stablediffusionweb.com/prompts/thomas-jane,stablediffusionweb.com,nan,7.0,1,"(230.37954711914062, 284.4508361816406, 506.16961669921875, 660.4544067382812)",0.1025
Q002779,ID000348,Thomas Jane,Fake,Thomas Jane deepfake,11,Deepfake presidents used in Russia-Ukraine war - BBC News,https://ichef.bbci.co.uk/ace/standard/976/cpsprodpb/130E6/production/_123745087_deepfake2.png,https://www.bbc.co.uk/news/technology-60780142,www.bbc.co.uk,nan,5.0,1,"(377.4458923339844, 30.388507843017578, 547.0905151367188, 237.67654418945312)",0.06563
Q002780,ID000348,Thomas Jane,Fake,Thomas Jane AI image,1,Handsome Thomas Jane Lookalike in 80s Studio | Stable Diffusion Online,https://imgcdn.stablediffusionweb.com/2024/10/24/f96f5070-13bb-4453-a95b-f5e9c6586f8f.jpg,https://stablediffusionweb.com/image/20823441-handsome-thomas-jane-lookalike-in-80s-studio,stablediffusionweb.com,nan,7.0,1,"(565.4486694335938, 95.25901794433594, 760.559814453125, 342.8843994140625)",0.04681
Q002781,ID000348,Thomas Jane,Fake,Thomas Jane viral deepfake,3,Law Enforcement in the Era of Deepfakes - Police Chief Magazine,https://www.policechiefmagazine.org/wp-content/uploads/faceGettyImages-924879090_crx-825x510.jpg,https://www.policechiefmagazine.org/law-enforcement-era-deepfakes/,www.policechiefmagazine.org,nan,5.0,1,"(278.36834716796875, 73.50353240966797, 547.474609375, 385.1370849609375)",0.19932
Q002781,ID000348,Thomas Jane,Fake,Thomas Jane viral deepfake,4,Deepfake presidents used in Russia-Ukraine war - BBC News,https://ichef.bbci.co.uk/ace/branded_news/1200/cpsprodpb/D89E/production/_123745455_deepfake2.png,https://www.bbc.co.uk/news/technology-60780142,www.bbc.co.uk,nan,5.0,1,"(461.7679443359375, 38.046791076660156, 668.786865234375, 304.2872314453125)",0.06805
Q002785,ID000349,Thomas-Jeffrey-Hanks,Real,Thomas-Jeffrey-Hanks,1,Tom Hanks - Wikipedia,https://upload.wikimedia.org/wikipedia/commons/3/39/TomHanksPrincEdw031223_%2811_of_41%29_%28cropped%29.jpg,https://en.wikipedia.org/wiki/Tom_Hanks,en.wikipedia.org,tier2,nan,1,"(343.33062744140625, 170.33815002441406, 790.8197631835938, 822.864013671875)",0.16602
Q002785,ID000349,Thomas-Jeffrey-Hanks,Real,Thomas-Jeffrey-Hanks,2,Tom Hanks - IMDb,https://m.media-amazon.com/images/M/MV5BMTQ2MjMwNDA3Nl5BMl5BanBnXkFtZTcwMTA2NDY3NQ@@._V1_.jpg,https://www.imdb.com/name/nm0000158/,www.imdb.com,tier2,nan,1,"(425.48931884765625, 318.63818359375, 1110.989501953125, 1269.1153564453125)",0.22452
Q002785,ID000349,Thomas-Jeffrey-Hanks,Real,Thomas-Jeffrey-Hanks,3,Tom Hanks Biography - The Kennedy Center,https://cdn2.kennedy-center.org/images/slideshow/TomHanks2014_slideshow.jpg,https://www.kennedy-center.org/artists/h/ha-hn/tom-hanks/,www.kennedy-center.org,tier2,nan,1,"(258.5245056152344, 122.2973403930664, 505.0465393066406, 464.9913635253906)",0.21551
Q002786,ID000349,Thomas-Jeffrey-Hanks,Fake,Thomas-Jeffrey-Hanks AI generated,24,tom hanks: Tom Hanks warns fans about his AI-generated version in fake  advertisement. Know what happened - The Economic Times,"https://img.etimg.com/thumb/width-1600,height-900,imgsize-15098,resizemode-75,msid-104111951/news/international/us/tom-hanks-warns-fans-about-his-ai-generated-version-in-fake-advertisement-know-what-happened.jpg",https://m.economictimes.com/news/international/us/tom-hanks-warns-fans-about-his-ai-generated-version-in-fake-advertisement-know-what-happened/articleshow/104111951.cms,m.economictimes.com,nan,7.0,1,"(703.0884399414062, 86.10763549804688, 966.6829223632812, 462.6156005859375)",0.06892
Q002786,ID000349,Thomas-Jeffrey-Hanks,Fake,Thomas-Jeffrey-Hanks AI generated,18,"Tom Hanks warns followers about AI-generated ads using his name, likeness  and voice - ABC News",https://i.abcnewsfe.com/a/12246ba7-d36f-4d49-84c6-dbd04aabec47/tom-hanks-gty-thg-240830_1725029208250_hpMain_1x1.jpg?w=992,https://abcnews.com/GMA/Culture/tom-hanks-warns-followers-ai-generated-ads/story?id=113272901,abcnews.com,nan,5.0,1,"(388.6073913574219, 93.46026611328125, 556.4407348632812, 348.39141845703125)",0.04348
Q002787,ID000349,Thomas-Jeffrey-Hanks,Fake,Thomas-Jeffrey-Hanks deepfake,14,How state lawmakers are acting to stop the harm of AI-generated deepfakes —  Transparency Coalition. Legislation for Transparency in AI Now.,https://images.squarespace-cdn.com/content/v1/6578d6032532c06f62ef47ce/f6a45676-3fa8-419c-a15d-1f45353143cf/Tom+Hanks+deepfake+example.jpg,https://www.transparencycoalition.ai/news/deepfake-how-state-lawmakers-are-acting-to-stop-deepfakes,www.transparencycoalition.ai,nan,7.0,1,"(1101.6103515625, 64.3631362915039, 1458.5865478515625, 569.7335815429688)",0.055
Q002787,ID000349,Thomas-Jeffrey-Hanks,Fake,Thomas-Jeffrey-Hanks deepfake,22,"Cheap, Easy Deepfakes Are Getting Closer to the Real Thing | WIRED",https://media.wired.com/photos/5f29bde151a37c312e424bae/master/w_1600%2Cc_limit/business_deepfake_tom-hanks.jpg,https://www.wired.com/story/cheap-easy-deepfakes-closer-real-thing/,www.wired.com,nan,7.0,1,"(126.32928466796875, 66.74469757080078, 394.5486145019531, 444.3811340332031)",0.38639
Q002788,ID000349,Thomas-Jeffrey-Hanks,Fake,Thomas-Jeffrey-Hanks AI image,41,tom hanks: Tom Hanks warns fans about his AI-generated version in fake  advertisement. Know what happened - The Economic Times,"https://img.etimg.com/thumb/width-420,height-315,imgsize-15098,resizemode-75,msid-104112044/news/international/us/tom-hanks-warns-fans-about-his-ai-generated-version-in-fake-advertisement-know-what-happened.jpg",https://m.economictimes.com/news/international/us/tom-hanks-warns-fans-about-his-ai-generated-version-in-fake-advertisement-know-what-happened/articleshow/104111951.cms,m.economictimes.com,nan,7.0,1,"(178.04141235351562, 32.16309356689453, 265.51263427734375, 162.60220336914062)",0.08645
Q002788,ID000349,Thomas-Jeffrey-Hanks,Fake,Thomas-Jeffrey-Hanks AI image,42,Tom Hanks warns fans not to fall for deepfake advert using his face | Ents  & Arts News | Sky News,https://e3.365dm.com/23/10/1600x900/skynews-tom-hanks-actor_6305904.jpg?20231002100946,https://news.sky.com/story/tom-hanks-warns-fans-not-to-fall-for-deepfake-advert-using-his-face-12974902,news.sky.com,nan,5.0,1,"(647.7557373046875, 123.00833892822266, 970.3197021484375, 585.5950317382812)",0.10362
Q002789,ID000349,Thomas-Jeffrey-Hanks,Fake,Thomas-Jeffrey-Hanks viral deepfake,1,Tom Hanks Warns of Deepfake Hanks Dental Ad - Voicebot.ai,http://voicebot.ai/wp-content/uploads/2023/10/deepfake-tom-hanks.png,https://voicebot.ai/2023/10/02/tom-hanks-warns-of-deepfake-hanks-dental-ad/,voicebot.ai,nan,7.0,1,"(251.68812561035156, 34.188209533691406, 342.4981384277344, 167.1673126220703)",0.05032
Q002793,ID000350,Tian-Xi-Wei,Real,Tian-Xi-Wei,2,Tian Xi Wei - Movies & TV Shows,https://1.vikiplatform.com/pr/22601pr/929eb56be6.jpg?x=b,https://www.viki.com/celebrities/22601pr-tian-xi-wei,www.viki.com,tier2,nan,1,"(606.9691162109375, 309.4123229980469, 920.9014282226562, 737.3867797851562)",0.10411
Q002793,ID000350,Tian-Xi-Wei,Real,Tian-Xi-Wei,4,Xiwei Tian - IMDb,https://m.media-amazon.com/images/M/MV5BNjkyZGRkM2QtYjdmNC00ZjM0LTg4ZjAtMDk3YmI1YjkyYzBjXkEyXkFqcGc@._V1_.jpg,https://www.imdb.com/name/nm11793833/,www.imdb.com,tier2,nan,1,"(378.4340515136719, 466.31085205078125, 864.2618408203125, 1055.8408203125)",0.09939
Q002801,ID000351,Tim Allen,Real,Tim Allen,1,Tim Allen,"https://hips.hearstapps.com/hmg-prod/images/tim-allen-attends-fox-summer-tca-2018-all-star-party-at-news-photo-1700145941.jpg?crop=0.641xw:0.964xh;0.249xw,0.0364xh&resize=640:*",https://www.biography.com/actors/a45860872/tim-allen,www.biography.com,tier2,nan,1,"(170.8997802734375, 100.18489837646484, 402.5154724121094, 440.8201904296875)",0.19262
Q002805,ID000351,Tim Allen,Fake,Tim Allen viral deepfake,10,Intel's deepfake detector tested on real and fake videos - BBC News,http://c.files.bbci.co.uk/F809/production/_130479436_mediaitem130479434.jpg,https://www.bbc.co.uk/news/technology-66267961,www.bbc.co.uk,nan,3.0,1,"(404.21240234375, 135.69100952148438, 552.2649536132812, 350.7927551269531)",0.05943
Q002805,ID000351,Tim Allen,Fake,Tim Allen viral deepfake,28,Intel's deepfake detector tested on real and fake videos - BBC News,https://ichef.bbci.co.uk/images/ic/320x180/p0g2c4bw.jpg,https://www.bbc.co.uk/news/technology-66267961,www.bbc.co.uk,nan,3.0,1,"(141.75758361816406, -19.318233489990234, 209.57460021972656, 72.79290008544922)",0.10845
Q002809,ID000352,Tim Curry,Real,Tim Curry,1,Tim Curry - Wikipedia,https://upload.wikimedia.org/wikipedia/commons/thumb/7/77/Tim_Curry_-_Rocky_Horror_50th.jpg/250px-Tim_Curry_-_Rocky_Horror_50th.jpg,https://en.wikipedia.org/wiki/Tim_Curry,en.wikipedia.org,tier2,nan,1,"(90.8226318359375, 34.37834167480469, 154.33973693847656, 120.4288101196289)",0.07007
Q002809,ID000352,Tim Curry,Real,Tim Curry,2,Tim Curry - IMDb,https://m.media-amazon.com/images/M/MV5BMTc5MTQ2OTYwOF5BMl5BanBnXkFtZTYwMzEzMTA1._V1_FMjpg_UX1000_.jpg,https://www.imdb.com/name/nm0000347/,www.imdb.com,tier2,nan,1,"(232.68994140625, 281.06640625, 736.4176025390625, 1031.6181640625)",0.25138
Q002809,ID000352,Tim Curry,Real,Tim Curry,3,"An ode to Tim Curry, one of the true kings of genre",https://www.syfy.com/sites/syfy/files/2020/07/tim-curry-rocky-horror.jpg,https://www.syfy.com/syfy-wire/tim-curry-true-king-of-genre,www.syfy.com,tier2,nan,1,"(275.46490478515625, -95.71085357666016, 778.052490234375, 619.6089477539062)",0.44253
Q002811,ID000352,Tim Curry,Fake,Tim Curry deepfake,31,"And Finally, Here's Jim Carrey in the ""Here's Johnny!"" Scene from the  Deepfake Version of 'The Shining' - Bloody Disgusting",https://bloody-disgusting.com/wp-content/uploads/2019/07/the-shining-deepfake.png,https://bloody-disgusting.com/videos/3572454/finally-heres-jim-carrey-heres-johnny-scene-deepfake-version-shining/,bloody-disgusting.com,nan,7.0,1,"(377.936279296875, -107.8974838256836, 917.6851806640625, 674.3244018554688)",0.47747
Q002811,ID000352,Tim Curry,Fake,Tim Curry deepfake,19,Jacksonville Bold for 4.9.25: Brooke Curry deepfake causes real pain,https://floridapolitics.com/wp-content/uploads/2025/04/Brooke-Curry.-Image-via-AG-Gancarski-scaled.jpg,https://floridapolitics.com/archives/731125-jacksonville-bold-for-4-9-25-brooke-curry-deepfake-causes-real-pain/,floridapolitics.com,nan,5.0,1,"(1170.2578125, 452.4053649902344, 1589.1751708984375, 970.385986328125)",0.04415
Q002811,ID000352,Tim Curry,Fake,Tim Curry deepfake,33,"I learned to make a lip-syncing deepfake in just a few hours (and you can,  too) | The Verge","https://platform.theverge.com/wp-content/uploads/sites/2/chorus/uploads/chorus_asset/file/11713851/VRG_ILLO_2727_002.jpg?quality=90&strip=all&crop=0,0,100,100",https://www.theverge.com/21428653/lip-sync-ai-deepfake-wav2lip-code-how-to,www.theverge.com,nan,5.0,1,"(591.69970703125, 214.94961547851562, 1300.4874267578125, 1115.9996337890625)",0.2302
Q002815,ID000352,Tim Curry,Fake,Tim Curry Stable Diffusion,42,tim curry actor Prompts | Stable Diffusion Online,https://imgcdn.stablediffusionweb.com/2025/3/5/49e30363-c87b-433c-ba6b-f98da38cd80f.jpg,https://stablediffusionweb.com/prompts/tim-curry-actor,stablediffusionweb.com,nan,7.0,1,"(447.4833679199219, 146.4496307373047, 665.3094482421875, 468.3067321777344)",0.06686
Q002815,ID000352,Tim Curry,Fake,Tim Curry Stable Diffusion,44,tim curry actor Prompts | Stable Diffusion Online,https://imgcdn.stablediffusionweb.com/2025/10/20/da523129-a55f-4813-8113-22635f73ffa8.jpg,https://stablediffusionweb.com/prompts/tim-curry-actor,stablediffusionweb.com,nan,7.0,1,"(283.3139953613281, 184.74307250976562, 689.0304565429688, 727.9920654296875)",0.21019
Q002817,ID000353,Tim Robbins,Real,Tim Robbins,3,Tim Robbins - IMDb,https://m.media-amazon.com/images/M/MV5BMTI1OTYxNzAxOF5BMl5BanBnXkFtZTYwNTE5ODI4._V1_.jpg,https://www.imdb.com/name/nm0000209/,www.imdb.com,tier2,nan,1,"(98.45279693603516, 54.508609771728516, 214.3887939453125, 216.3101348876953)",0.15079
Q002817,ID000353,Tim Robbins,Real,Tim Robbins,5,Tim Robbins Movies & TV Shows List | Rotten Tomatoes | Rotten Tomatoes,https://resizing.flixster.com/rw8ddfgnGP1MeGL34fsTE140q7w=/fit-in/705x460/v2/https://resizing.flixster.com/-XZAfHZM39UwaGJIFWKAE8fS0ak=/v3/t/assets/1473_v9_bc.jpg,https://www.rottentomatoes.com/celebrity/tim_robbins,www.rottentomatoes.com,tier2,nan,1,"(102.61609649658203, 82.99406433105469, 259.2408752441406, 302.4068908691406)",0.21654
Q002825,ID000354,Timothée-Chalamet,Real,Timothée-Chalamet,1,Timothée Chalamet - IMDb,https://m.media-amazon.com/images/M/MV5BZTIyZWY4ZjktOGJiZi00NGFkLTllMjctZjJjMmNiMjIxOTY2XkEyXkFqcGc@._V1_FMjpg_UX1000_.jpg,https://www.imdb.com/name/nm3154303/,www.imdb.com,tier2,nan,1,"(370.540771484375, 149.65304565429688, 593.8033447265625, 459.7000732421875)",0.09168
Q002825,ID000354,Timothée-Chalamet,Real,Timothée-Chalamet,2,Timothée Chalamet - Wikipedia,https://upload.wikimedia.org/wikipedia/commons/5/5c/Timoth%C3%A9e_Chalamet-63482_%28cropped%29.jpg,https://en.wikipedia.org/wiki/Timoth%C3%A9e_Chalamet,en.wikipedia.org,tier2,nan,1,"(331.125, 714.0135498046875, 1341.4678955078125, 1958.2166748046875)",0.24897
Q002825,ID000354,Timothée-Chalamet,Real,Timothée-Chalamet,3,"Timothée Chalamet | Oscar, Marty Supreme, Biography, Movies, Dune, Sister,  & Call Me by Your Name | Britannica",https://cdn.britannica.com/36/231936-050-63D849FB/Timothee-Chalamet-2021.jpg,https://www.britannica.com/biography/Timothee-Chalamet,www.britannica.com,tier2,nan,1,"(425.3792724609375, 262.7220764160156, 789.2454223632812, 746.955078125)",0.08719
Q002826,ID000354,Timothée-Chalamet,Fake,Timothée-Chalamet AI generated,1,Timothee Chalamet,https://creator.nightcafe.studio/jobs/6TjIafwwUNS7GlxB5fp6/6TjIafwwUNS7GlxB5fp6--1--wjx6q.jpg,https://creator.nightcafe.studio/creation/6TjIafwwUNS7GlxB5fp6,creator.nightcafe.studio,nan,5.0,1,"(312.069580078125, 196.10427856445312, 630.0741577148438, 597.5095825195312)",0.12174
Q002826,ID000354,Timothée-Chalamet,Fake,Timothée-Chalamet AI generated,5,Timothee Chalamet,https://creator.nightcafe.studio/jobs/srqzTxpT9F5ItxY32Fas/srqzTxpT9F5ItxY32Fas--1--02uwn.jpg,https://creator.nightcafe.studio/creation/srqzTxpT9F5ItxY32Fas,creator.nightcafe.studio,nan,5.0,1,"(309.992431640625, 169.2822265625, 689.5673217773438, 677.4788208007812)",0.18396
Q002828,ID000354,Timothée-Chalamet,Fake,Timothée-Chalamet AI image,21,Timothee Chalamet as Robin in Superhero Suit | Stable Diffusion Online,https://imgcdn.stablediffusionweb.com/2024/3/19/e670d107-485c-421e-9f26-6289c3f5043a.jpg,https://stablediffusionweb.com/image/3362651-timothee-chalamet-as-robin-in-superhero-suit,stablediffusionweb.com,nan,7.0,1,"(318.6681213378906, 232.63645935058594, 634.108642578125, 657.7783813476562)",0.12992
Q002828,ID000354,Timothée-Chalamet,Fake,Timothée-Chalamet AI image,38,Realistic Portrayal of Timothée Chalamet | Stable Diffusion Online,https://imgcdn.stablediffusionweb.com/2024/10/13/c554bc46-51e2-4922-a7c8-9e2389bedcb1.jpg,https://stablediffusionweb.com/image/19847012-realistic-portrayal-of-timoth-e-chalamet,stablediffusionweb.com,nan,7.0,1,"(342.5273742675781, 136.60870361328125, 562.2606811523438, 446.993896484375)",0.06504
Q002833,ID000355,Tina Fey,Real,Tina Fey,1,Tina Fey - IMDb,https://m.media-amazon.com/images/M/MV5BZDQ3OWVkOGUtMjY1Yi00MjNjLThiMTYtYWMyN2ZhMmE4ZTA1XkEyXkFqcGc@._V1_.jpg,https://www.imdb.com/name/nm0275486/,www.imdb.com,tier2,nan,1,"(458.1087646484375, 251.2151336669922, 912.6478271484375, 911.4523315429688)",0.21634
Q002833,ID000355,Tina Fey,Real,Tina Fey,2,"Tina Fey | Biography, SNL, TV Shows, Movies, & Facts | Britannica",https://cdn.britannica.com/27/229027-050-0A70084F/American-writer-and-actress-Tina-Fey-2019.jpg,https://www.britannica.com/biography/Tina-Fey,www.britannica.com,tier2,nan,1,"(277.8925476074219, 287.43316650390625, 773.7152709960938, 921.3480224609375)",0.17232
Q002835,ID000355,Tina Fey,Fake,Tina Fey deepfake,5,California's “Deepfake” Bill is a Bad Omen - Institute For Free Speech,https://www.ifs.org/wp-content/uploads/2019/07/Buscemi-Lawrence-Deepfake.png,https://www.ifs.org/blog/californias-deepfake-bill-is-a-bad-omen/,www.ifs.org,nan,7.0,1,"(370.1695556640625, 82.28395080566406, 462.83123779296875, 213.35720825195312)",0.03459
Q002835,ID000355,Tina Fey,Fake,Tina Fey deepfake,11,Mother Accused of Using ‘Deepfake' Videos to Cyberbully Members of  Cheerleading Squad,https://media.nbcphiladelphia.com/2021/03/7949967617-1080pnbcstations.jpg?quality=85&strip=all&resize=850%2C478,https://www.nbcphiladelphia.com/video/news/local/mother-accused-of-using-deepfake-videos-to-cyberbully-members-of-cheerleading-squad/2742493/,www.nbcphiladelphia.com,nan,5.0,1,"(353.18597412109375, 140.3745574951172, 592.0108032226562, 470.0746154785156)",0.1938
Q002837,ID000355,Tina Fey,Fake,Tina Fey viral deepfake,5,Mother Accused of Using ‘Deepfake' Videos to Cyberbully Members of  Cheerleading Squad,https://media.nbcphiladelphia.com/2021/03/7949967617-1080pnbcstations.jpg?quality=85&strip=all,https://www.nbcphiladelphia.com/video/news/local/mother-accused-of-using-deepfake-videos-to-cyberbully-members-of-cheerleading-squad/2742493/,www.nbcphiladelphia.com,nan,5.0,1,"(785.571533203125, 320.01190185546875, 1348.5325927734375, 1072.64208984375)",0.20433
Q002837,ID000355,Tina Fey,Fake,Tina Fey viral deepfake,48,"Creators may find it amusing, consequences are saddening': Himanshi Khurana  on deepfake videos - IMDb","https://m.media-amazon.com/images/M/MV5BZjljZmY3M2UtOGIwMC00NWJlLThjMTQtYjgyZTQyNDJhN2IzXkEyXkFqcGc@._V1_QL75_UX500_CR0,0,500,281_.jpg",https://www.imdb.com/es/news/ni64347377/,www.imdb.com,nan,3.0,1,"(211.71681213378906, 3.2108049392700195, 321.79559326171875, 154.82350158691406)",0.11879
Q002841,ID000356,Tom Cruise,Real,Tom Cruise,1,Tom Cruise - IMDb,https://m.media-amazon.com/images/M/MV5BMmU1YWU1NmMtMjAyMi00MjFiLWFmZmUtOTc1ZjI5ODkxYmQyXkEyXkFqcGc@._V1_FMjpg_UX1000_.jpg,https://www.imdb.com/name/nm0000129/,www.imdb.com,tier2,nan,1,"(263.2091064453125, 318.45648193359375, 753.342529296875, 978.6869506835938)",0.2397
Q002841,ID000356,Tom Cruise,Real,Tom Cruise,2,"Tom Cruise - Simple English Wikipedia, the free encyclopedia",https://upload.wikimedia.org/wikipedia/commons/b/b5/Tom_Cruise-2428.jpg,https://simple.wikipedia.org/wiki/Tom_Cruise,simple.wikipedia.org,tier2,nan,1,"(871.61279296875, 837.2169189453125, 1820.6444091796875, 2024.60986328125)",0.10993
Q002841,ID000356,Tom Cruise,Real,Tom Cruise,4,"Tom Cruise – Movies, Bio and Lists on MUBI",https://images.mubicdn.net/images/cast_member/2184/cache-2992-1547409411/image-w856.jpg,https://mubi.com/en/cast/tom-cruise,mubi.com,tier2,nan,1,"(315.0125427246094, 277.3698425292969, 925.741943359375, 1125.467041015625)",0.2664
Q002844,ID000356,Tom Cruise,Fake,Tom Cruise AI image,50,Hyperrealistic Movie Poster: Young Tom Cruise as B... - AI Art,https://creator.nightcafe.studio/jobs/I93X5Po2CTUsaVZUpTCT/I93X5Po2CTUsaVZUpTCT--1--8zkhw.jpg,https://creator.nightcafe.studio/creation/I93X5Po2CTUsaVZUpTCT,creator.nightcafe.studio,nan,8.0,1,"(384.88934326171875, 156.87820434570312, 584.3514404296875, 432.54754638671875)",0.05244
Q002849,ID000357,Tom Hardy,Real,Tom Hardy,2,Tom Hardy - Actor,https://ntvb.tmsimg.com/assets/assets/269411_v9_bd.jpg,https://www.tvinsider.com/people/tom-hardy/,www.tvinsider.com,tier2,nan,1,"(240.92013549804688, 285.61895751953125, 824.3511962890625, 1041.6546630859375)",0.28363
Q002850,ID000357,Tom Hardy,Fake,Tom Hardy AI generated,19,Imitation of Tom Hardy's Appearance | Stable Diffusion Online,https://imgcdn.stablediffusionweb.com/2024/3/23/2064a2cc-ee55-43cd-8368-1f13000b2c93.jpg,https://stablediffusionweb.com/image/3734192-imitation-of-tom-hardy-s-appearance,stablediffusionweb.com,nan,7.0,1,"(446.9340515136719, 114.42396545410156, 824.4588623046875, 640.1904907226562)",0.18929
Q002852,ID000357,Tom Hardy,Fake,Tom Hardy AI image,8,Tom Hardy as a Powerful Mage | Stable Diffusion Online,https://imgcdn.stablediffusionweb.com/2024/11/22/6e450b2b-b774-45ad-99d4-dfd70d4b7b10.jpg,https://stablediffusionweb.com/image/23358001-tom-hardy-as-a-powerful-mage,stablediffusionweb.com,nan,7.0,1,"(388.38360595703125, 109.0833969116211, 621.4644775390625, 424.308349609375)",0.07007
Q002853,ID000357,Tom Hardy,Fake,Tom Hardy viral deepfake,27,Tom Holland Goes Emo in Amazing Spider-Man 3 Deepfake Video,https://static0.moviewebimages.com/wordpress/wp-content/uploads/article/46lV3nwrnKz9VWcULZJQMkITKUZk5j.jpg,https://movieweb.com/spider-man-3-deepfake-tom-holland-emo-peter-parker/,movieweb.com,nan,5.0,1,"(127.36905670166016, 36.65163803100586, 478.349609375, 514.8300170898438)",0.19454
Q002853,ID000357,Tom Hardy,Fake,Tom Hardy viral deepfake,1,Tom Hardy meets Tom Hardy’s. [Deepfake],https://i.ytimg.com/vi/QZmYNJmmh3s/hq720.jpg?sqp=-oaymwEhCK4FEIIDSFryq4qpAxMIARUAAAAAGAElAADIQj0AgKJD&rs=AOn4CLDw5p00JQjzC8uX8dMN6iC8PrepVw,https://www.youtube.com/watch?v=QZmYNJmmh3s,www.youtube.com,nan,3.0,1,"(270.9549560546875, 82.46908569335938, 418.4066162109375, 279.9575500488281)",0.10997
Q002853,ID000357,Tom Hardy,Fake,Tom Hardy viral deepfake,4,Tom Hardy as James Bond [Deepfake],https://i.ytimg.com/vi/atl_aqM77yY/maxresdefault.jpg,https://www.youtube.com/watch?v=atl_aqM77yY,www.youtube.com,nan,3.0,1,"(325.2734680175781, 63.413307189941406, 623.990478515625, 459.7507019042969)",0.12846
Q002857,ID000358,Tony Leung Chiu-Wai,Real,Tony Leung Chiu-Wai,1,Tony Leung Chiu-wai - Wikipedia,https://upload.wikimedia.org/wikipedia/commons/4/40/Tony_Leung_as_the_President_of_the_International_Competition_Jury_at_Opening_Ceremony_of_the_Tokyo_International_Film_Festival_2024_%2854578353950%29.jpg,https://en.wikipedia.org/wiki/Tony_Leung_Chiu-wai,en.wikipedia.org,tier2,nan,1,"(1600.8082275390625, 1235.3197021484375, 3566.154296875, 3727.927490234375)",0.10944
Q002857,ID000358,Tony Leung Chiu-Wai,Real,Tony Leung Chiu-Wai,2,Tony Leung Chiu-wai - IMDb,https://m.media-amazon.com/images/M/MV5BODYzNjYzMzk0Ml5BMl5BanBnXkFtZTYwNDUzMDU0._V1_.jpg,https://www.imdb.com/name/nm0504897/,www.imdb.com,tier2,nan,1,"(92.24737548828125, 68.64615631103516, 224.8182373046875, 247.04571533203125)",0.22145
Q002857,ID000358,Tony Leung Chiu-Wai,Real,Tony Leung Chiu-Wai,3,Hong Kong Legend Tony Leung Tries His Hand at Hollywood | GQ,https://media.gq.com/photos/612cfc2d8b1bbd1f81c7441e/16:9/w_2560%2Cc_limit/tony-leung-gq-october-2021-07.jpg,https://www.gq.com/story/tony-leung-tries-his-hand-at-hollywood,www.gq.com,tier2,nan,1,"(919.819580078125, 575.5555419921875, 1503.064453125, 1373.5750732421875)",0.09309
Q002860,ID000358,Tony Leung Chiu-Wai,Fake,Tony Leung Chiu-Wai AI image,30,"38 Tony Leung Chiu Wai Portrait Session Stock Photos, High-Res Pictures,  and Images - Getty Images",https://media.gettyimages.com/id/161444506/photo/berlin-germany-actor-tony-leung-chiu-wai-is-photographed-for-self-assignment-on-february-7.jpg?s=612x612&w=gi&k=20&c=x2nr-rTjMzRLk1bga1RBnYxD4wWpaBmGf9BW1z4A_qg=,https://www.gettyimages.com/photos/tony-leung-chiu-wai-portrait-session,www.gettyimages.com,nan,5.0,1,"(196.8899383544922, 195.421875, 383.76953125, 445.1810302734375)",0.12462
Q002860,ID000358,Tony Leung Chiu-Wai,Fake,Tony Leung Chiu-Wai AI image,36,"38 Tony Leung Chiu Wai Portrait Session Stock Photos, High-Res Pictures,  and Images - Getty Images",https://media.gettyimages.com/id/161444457/photo/berlin-germany-actor-tony-leung-chiu-wai-is-photographed-for-self-assignment-on-february-7.jpg?s=612x612&w=gi&k=20&c=Evh-54DZWAXkvHLHWR9YUQEq5qGdtfhRvWFIMYauNqg=,https://www.gettyimages.com/photos/tony-leung-chiu-wai-portrait-session,www.gettyimages.com,nan,5.0,1,"(136.56263732910156, 175.33425903320312, 276.6708679199219, 367.705810546875)",0.09595
Q002863,ID000358,Tony Leung Chiu-Wai,Fake,Tony Leung Chiu-Wai Stable Diffusion,48,"38 Tony Leung Chiu Wai Portrait Session Stock Photos, High-Res Pictures,  and Images - Getty Images",https://media.gettyimages.com/id/161444503/photo/berlin-germany-actor-tony-leung-chiu-wai-is-photographed-for-self-assignment-on-february-7.jpg?s=612x612&w=gi&k=20&c=Tb--oOeuuUWyXfCT4KG0KwBICM1Q8Mi3igdQvW9P6LE=,https://www.gettyimages.com/photos/tony-leung-chiu-wai-portrait-session,www.gettyimages.com,nan,5.0,1,"(166.4553985595703, 200.2194061279297, 268.6938781738281, 346.596435546875)",0.0541
Q002865,ID000359,V-BTS,Real,V-BTS,1,V (singer) - Wikipedia,https://upload.wikimedia.org/wikipedia/commons/d/d4/BTS%27s_V_20251004_04.jpg,https://en.wikipedia.org/wiki/V_(singer),en.wikipedia.org,tier2,nan,1,"(216.52059936523438, 68.86490631103516, 411.366943359375, 317.05828857421875)",0.11288
Q002865,ID000359,V-BTS,Real,V-BTS,2,V (singer) - Wikipedia,https://upload.wikimedia.org/wikipedia/commons/thumb/4/4d/BTS_V_military_discharge_%281%29.jpg/250px-BTS_V_military_discharge_%281%29.jpg,https://en.wikipedia.org/wiki/V_(singer),en.wikipedia.org,tier2,nan,1,"(83.59796142578125, 46.34501266479492, 150.92652893066406, 126.40238952636719)",0.05629
Q002865,ID000359,V-BTS,Real,V-BTS,3,"BTS-V, bts, bts v, HD phone wallpaper | Peakpx",https://w0.peakpx.com/wallpaper/862/205/HD-wallpaper-bts-v-bts-bts-v.jpg,https://www.peakpx.com/en/hd-wallpaper-desktop-kjgaw,www.peakpx.com,tier2,nan,1,"(294.58135986328125, 138.30038452148438, 573.7730712890625, 466.21697998046875)",0.09537
Q002868,ID000359,V-BTS,Fake,V-BTS AI image,1,Taehyung AI generated,https://i.pinimg.com/736x/ff/59/b2/ff59b216bb27c018942a2385136cd12d.jpg,https://jp.pinterest.com/pin/1115485401438578399/,jp.pinterest.com,nan,3.0,1,"(167.26626586914062, 290.474609375, 668.0672607421875, 930.1951904296875)",0.2781
Q002868,ID000359,V-BTS,Fake,V-BTS AI image,5,Taehyung ai generated,https://i.pinimg.com/736x/d7/cd/76/d7cd7665760a43155e7d3959bf15cdfd.jpg,https://ru.pinterest.com/pin/587719820162464409/,ru.pinterest.com,nan,3.0,1,"(240.2063446044922, 253.8736572265625, 479.56475830078125, 567.1685791015625)",0.06232
Q002873,ID000360,Vera Farmiga,Real,Vera Farmiga,2,Vera Farmiga | Career Retrospective,https://m.media-amazon.com/images/M/MV5BNDQ3NDYxMDQyN15BMl5BanBnXkFtZTgwMjA1MDkwOTE@._V1_.jpg,https://www.imdb.com/name/nm0267812/,www.imdb.com,tier2,nan,1,"(727.9275512695312, 155.57244873046875, 1232.3629150390625, 832.0784301757812)",0.14464
Q002873,ID000360,Vera Farmiga,Real,Vera Farmiga,3,Vera Farmiga | Emmy Awards and Nominations | Television Academy,https://www.televisionacademy.com/files/assets_r/containers/assets/Archives/2013/08/Vera-Farmiga_0_0.jpg/62d00c8e3175da1e08c10bf22746c4c0/Vera-Farmiga_0_0.jpg,https://www.televisionacademy.com/bios/vera-farmiga,www.televisionacademy.com,tier2,nan,1,"(59.18292999267578, 49.859466552734375, 237.01820373535156, 307.03277587890625)",0.41354
Q002874,ID000360,Vera Farmiga,Fake,Vera Farmiga AI generated,1,Vera Farmiga - Detailed Portrait in Fantasy Art Style,https://creator.nightcafe.studio/jobs/67zVE2M4E9IGradrIwRi/67zVE2M4E9IGradrIwRi--4--gc9ss.jpg,https://creator.nightcafe.studio/creation/JwQMCTJsAMFFxKfqj1Lc,creator.nightcafe.studio,nan,5.0,1,"(68.69453430175781, -246.9237060546875, 740.5408325195312, 651.9931030273438)",0.57596
Q002879,ID000360,Vera Farmiga,Fake,Vera Farmiga Stable Diffusion,46,vera farmiga outfit Prompts | Stable Diffusion Online,https://imgcdn.stablediffusionweb.com/2025/8/7/cd37fbb7-2801-4d55-956e-1fb6eae6a52a.jpg,https://stablediffusionweb.com/prompts/vera-farmiga-outfit,stablediffusionweb.com,nan,7.0,1,"(434.6729431152344, 76.22794342041016, 694.7307739257812, 436.8165588378906)",0.09539
Q002881,ID000361,Victor-Osimhen,Real,Victor-Osimhen,1,Victor Osimhen - Wikipedia,https://upload.wikimedia.org/wikipedia/commons/thumb/3/34/Victor-osimhen-nigeria-2024-3-4.jpg/250px-Victor-osimhen-nigeria-2024-3-4.jpg,https://en.wikipedia.org/wiki/Victor_Osimhen,en.wikipedia.org,tier2,nan,1,"(84.32280731201172, 40.798316955566406, 189.1233367919922, 177.94131469726562)",0.17213
Q002881,ID000361,Victor-Osimhen,Real,Victor-Osimhen,2,Victor Osimhen: Manchester United ruled out signing Nigeria striker  'because of Afcon' - BBC Sport,https://ichef.bbci.co.uk/ace/standard/3840/cpsprodpb/f8a5/live/2b905000-10e1-11f1-b4ca-a9a29eb10e90.jpg,https://www.bbc.com/sport/football/articles/cp8rz2klmv1o,www.bbc.com,tier2,nan,1,"(1435.29052734375, 378.100341796875, 2319.197509765625, 1549.5538330078125)",0.12484
Q002889,ID000362,Vin Diesel,Real,Vin Diesel,1,Vin Diesel - IMDb,https://m.media-amazon.com/images/M/MV5BMjExNzA4MDYxN15BMl5BanBnXkFtZTcwOTI1MDAxOQ@@._V1_.jpg,https://www.imdb.com/name/nm0004874/,www.imdb.com,tier2,nan,1,"(450.0880126953125, 226.83914184570312, 1060.1787109375, 1102.627685546875)",0.17664
Q002889,ID000362,Vin Diesel,Real,Vin Diesel,4,Vin Diesel hits back at body-shamers in Instagram photos showing his abs -  BBC News,https://ichef.bbci.co.uk/ace/standard/976/cpsprodpb/16935/production/_86096429_vindiesel.jpg,https://www.bbc.com/news/newsbeat-34513388,www.bbc.com,tier2,nan,1,"(425.4461364746094, 48.644752502441406, 550.433349609375, 212.70423889160156)",0.03232
Q002890,ID000362,Vin Diesel,Fake,Vin Diesel AI generated,41,"Download Ai Generated, Man, Vin Diesel. Royalty-Free Stock Illustration  Image - Pixabay",https://cdn.pixabay.com/photo/2024/01/20/12/12/ai-generated-8520972_640.png,https://pixabay.com/illustrations/ai-generated-man-vin-diesel-warrior-8155630/,pixabay.com,nan,7.0,1,"(185.66725158691406, 141.9702911376953, 424.45428466796875, 451.6411437988281)",0.18053
Q002892,ID000362,Vin Diesel,Fake,Vin Diesel AI image,17,Vin Diesel as Sigma from Mega Man X | Stable Diffusion Online,https://imgcdn.stablediffusionweb.com/2025/1/12/a01911b8-082d-43e1-af31-90afdd29e267.jpg,https://stablediffusionweb.com/image/28254552-vin-diesel-as-sigma-from-mega-man-x,stablediffusionweb.com,nan,7.0,1,"(291.53265380859375, 201.15032958984375, 754.1934204101562, 877.6138916015625)",0.29847
Q002893,ID000362,Vin Diesel,Fake,Vin Diesel viral deepfake,7,Tyler1 being nice. Tyler1 - Vin Diesel [Deepfake],https://i.ytimg.com/vi/DTEF3IFo_ZU/hqdefault.jpg,https://www.youtube.com/watch?v=DTEF3IFo_ZU,www.youtube.com,nan,3.0,1,"(198.73753356933594, 116.4361343383789, 291.3808898925781, 247.0218963623047)",0.07001
Q002897,ID000363,Vladimir-Vladimirovich-Putin-i,Real,Vladimir-Vladimirovich-Putin-i,1,Vladimir Putin - Wikipedia,https://upload.wikimedia.org/wikipedia/commons/thumb/6/65/%D0%92%D0%BB%D0%B0%D0%B4%D0%B8%D0%BC%D0%B8%D1%80_%D0%9F%D1%83%D1%82%D0%B8%D0%BD_%2808-03-2024%29_%28cropped%29_%28higher_res%29_2.jpg/960px-%D0%92%D0%BB%D0%B0%D0%B4%D0%B8%D0%BC%D0%B8%D1%80_%D0%9F%D1%83%D1%82%D0%B8%D0%BD_%2808-03-2024%29_%28cropped%29_%28higher_res%29_2.jpg,https://en.wikipedia.org/wiki/Vladimir_Putin,en.wikipedia.org,tier2,nan,1,"(222.33851623535156, 163.75485229492188, 714.025390625, 821.6586303710938)",0.26325
Q002897,ID000363,Vladimir-Vladimirovich-Putin-i,Real,Vladimir-Vladimirovich-Putin-i,3,President of Russia,https://ireland.mid.ru/%D0%A4%D0%B0%D0%B9%D0%BB%D1%8B%20%D0%B4%D0%BB%D1%8F%20%D0%B7%D0%B0%D0%BF%D0%BE%D0%BB%D0%BD%D0%B5%D0%BD%D0%B8%D1%8F%20%D0%BA%D0%BE%D0%BD%D1%82%D0%B5%D0%BD%D1%82%D0%B0/%D0%9A%D0%BE%D0%BD%D1%82%D0%B5%D0%BD%D1%82%20%D1%84%D0%B0%D0%B9%D0%BB%D1%8B%20%D1%81%D0%B0%D0%B9%D1%82%D0%B0%20%D0%9F%D0%BE%D1%81%D0%BE%D0%BB%D1%8C%D1%81%D1%82%D0%B2%D0%BE%20%D0%A0%D0%A4%20%D0%B2%20%D0%98%D1%80%D0%BB%D0%B0%D0%BD%D0%B4%D0%B8%D0%B8%20(p3)71d7efaea23e486331fadc4c91c0104b279bfaeb.jpg,https://ireland.mid.ru/en/russia_and_ireland/president_of_russia/,ireland.mid.ru,tier2,nan,1,"(80.60466003417969, 75.82811737060547, 238.37611389160156, 290.88751220703125)",0.24275
Q002898,ID000363,Vladimir-Vladimirovich-Putin-i,Fake,Vladimir-Vladimirovich-Putin-i AI generated,9,Vladimir Putin Portrait | Stable Diffusion Online,https://imgcdn.stablediffusionweb.com/2024/9/12/f641c09a-e6cd-402d-b8de-0161941ef668.jpg,https://stablediffusionweb.com/image/16688507-vladimir-putin-portrait,stablediffusionweb.com,nan,7.0,1,"(370.11297607421875, 104.65969848632812, 611.4789428710938, 436.6027526855469)",0.07641
Q002899,ID000363,Vladimir-Vladimirovich-Putin-i,Fake,Vladimir-Vladimirovich-Putin-i deepfake,17,Polish Filmmaker Deepfaked an Entire Movie 'Starring' Vladimir Putin and  Screened It for Ukrainian Troops,https://static0.mltimages.com/wordpress/wp-content/uploads/2024-02/1time%20putin%20movie%20deepfake%201200.jpg?&fit=crop&w=1200&h=675,https://www.military.com/off-duty/movies/2024/02/07/polish-filmmaker-deepfaked-entire-movie-starring-vladimir-putin-and-screened-it-ukrainian-troops.html,www.military.com,nan,7.0,1,"(538.6324462890625, 58.11375427246094, 674.390380859375, 239.64285278320312)",0.03042
Q002900,ID000363,Vladimir-Vladimirovich-Putin-i,Fake,Vladimir-Vladimirovich-Putin-i AI image,11,Vladimir Putin Portrait | Stable Diffusion Online,https://imgcdn.stablediffusionweb.com/2024/12/11/fce3b3c4-0c9b-4df3-8709-494dcf1206ee.jpg,https://stablediffusionweb.com/image/25159435-vladimir-putin-portrait,stablediffusionweb.com,nan,7.0,1,"(263.36175537109375, 126.31854248046875, 711.0680541992188, 722.3333129882812)",0.25448
Q002900,ID000363,Vladimir-Vladimirovich-Putin-i,Fake,Vladimir-Vladimirovich-Putin-i AI image,18,AI deepfake Putin film sells big at Cannes - The Korea Times,https://newsimg.koreatimes.co.kr/2024/05/19/1e6644f4-340d-4972-9dbe-91ae41bb4522.jpg?w=728,https://www.koreatimes.co.kr/world/20240519/ai-deepfake-putin-film-sells-big-at-cannes,www.koreatimes.co.kr,nan,5.0,1,"(343.600341796875, 92.51793670654297, 434.960693359375, 227.58145141601562)",0.03495
Q002905,ID000364,Walt-Disney,Real,Walt-Disney,1,Walt Disney - Wikipedia,https://upload.wikimedia.org/wikipedia/commons/5/50/Walt_Disney_1946_%28cropped2%29.JPG,https://en.wikipedia.org/wiki/Walt_Disney,en.wikipedia.org,tier2,nan,1,"(111.75138854980469, 107.93888092041016, 352.1824951171875, 442.0706787109375)",0.29754
Q002906,ID000364,Walt-Disney,Fake,Walt-Disney AI generated,1,🐭 Is Disney Creating Their Own AI Art Generator? 🏰 | by Jim the AI  Whisperer | Bootcamp | Medium,https://miro.medium.com/v2/resize:fit:1400/1*etapQFp3RKUtKhPbJ3RmJQ.png,https://medium.com/design-bootcamp/is-disney-creating-their-own-ai-art-generator-ff30facf643e,medium.com,nan,5.0,1,"(359.8461608886719, 108.55023193359375, 613.79833984375, 458.2545166015625)",0.08469
Q002907,ID000364,Walt-Disney,Fake,Walt-Disney deepfake,11,Anyone else think that the deepfake technology Disney used for Luke in Book  of Boba Fett could have great potential in a horror movie? Like as an  effect when a shapeshifter is,https://external-preview.redd.it/anyone-else-think-that-the-deepfake-technology-disney-used-v0-1SRJToQ0WXfrCMK1yquWS2b-sDk6ktNxWL0zK2OiJUs.jpg?width=640&crop=smart&auto=webp&s=74bd8e6a54f6bfb3291f6ce082f6db23ca7050e7,https://www.reddit.com/r/TwoBestFriendsPlay/comments/u33wt6/anyone_else_think_that_the_deepfake_technology/,www.reddit.com,nan,7.0,1,"(250.67405700683594, 69.81298828125, 380.7091979980469, 240.7733612060547)",0.09676
Q002907,ID000364,Walt-Disney,Fake,Walt-Disney deepfake,15,Race to defuse deepfake videos: UC Berkeley researchers creating software  for newsrooms - ABC7 San Francisco,"https://cdn.abcotvs.com/dip/images/5383425_070719-kgo-deepfake-detection-software-img_Image_23-16-25,01.jpg",https://abc7news.com/post/uc-berkeley-researchers-creating-software-to-defuse-deepfake-videos/5383400/,abc7news.com,nan,7.0,1,"(453.88458251953125, 135.27655029296875, 804.7188720703125, 567.9921264648438)",0.16473
Q002913,ID000365,Walter Matthau,Real,Walter Matthau,1,Walter Matthau - IMDb,https://m.media-amazon.com/images/M/MV5BZWE2NmRkYTctYTdhYS00ZTRkLTk0NTgtZmYzYmNiOTYzZjQ2XkEyXkFqcGc@._V1_FMjpg_UX1000_.jpg,https://www.imdb.com/name/nm0000527/,www.imdb.com,tier2,nan,1,"(251.04901123046875, 421.8809814453125, 772.9017333984375, 1090.6429443359375)",0.25928
Q002913,ID000365,Walter Matthau,Real,Walter Matthau,3,Walter Matthau Movies & TV Shows List | Rotten Tomatoes | Rotten Tomatoes,https://resizing.flixster.com/CPaxvMUOCs5DUFG7komFCZiS92E=/fit-in/705x460/v2/https://resizing.flixster.com/-XZAfHZM39UwaGJIFWKAE8fS0ak=/v3/t/assets/65453_v9_ba.jpg,https://www.rottentomatoes.com/celebrity/walter_matthau,www.rottentomatoes.com,tier2,nan,1,"(92.45487213134766, 62.000179290771484, 253.44216918945312, 269.3473205566406)",0.21034
Q002914,ID000365,Walter Matthau,Fake,Walter Matthau AI generated,31,AI-generated art of Saul Goodman : r/betterCallSaul,https://i.redd.it/ai-generated-art-of-saul-goodman-v0-uhh4kcxkdzf91.png?width=1024&format=png&auto=webp&s=869402eac552463edc504fe3a3a967b439be131d,https://www.reddit.com/r/betterCallSaul/comments/wh9s3j/aigenerated_art_of_saul_goodman/,www.reddit.com,nan,7.0,1,"(307.9690856933594, 137.9387664794922, 718.5126342773438, 735.505126953125)",0.23396
Q002915,ID000365,Walter Matthau,Fake,Walter Matthau deepfake,7,AI-generated art of Saul Goodman : r/betterCallSaul,https://i.redd.it/ai-generated-art-of-saul-goodman-v0-4mk01jfzczf91.png?width=1024&format=png&auto=webp&s=1801c06453c2f3cedc8a5db9af629f3ee0240b36,https://www.reddit.com/r/betterCallSaul/comments/wh9s3j/aigenerated_art_of_saul_goodman/,www.reddit.com,nan,7.0,1,"(258.02801513671875, 145.51531982421875, 672.0062255859375, 742.83056640625)",0.23582
Q002915,ID000365,Walter Matthau,Fake,Walter Matthau deepfake,12,"As deepfakes grow, Facebook, Twitter and Google are working to detect and  prevent them",https://image.cnbcfm.com/api/v1/image/106151428-deepfake_image_01.jpg?v=1569532242,https://www.cnbc.com/2019/10/02/alphabet-jigsaw-rd-head-yasmin-green-on-deepfakes-2020-election.html,www.cnbc.com,nan,7.0,1,"(748.35888671875, 208.11009216308594, 1152.369140625, 786.9122314453125)",0.11277
Q002920,ID000365,Walter Matthau,Fake,Walter Matthau Midjourney,25,Mr Bean recast : r/midjourney,https://preview.redd.it/mr-bean-recast-v0-ct8d5985lkz91.png?width=640&crop=smart&auto=webp&s=ceac84e91712b911f7388293140e68491b73c3dc,https://www.reddit.com/r/midjourney/comments/yt88ss/mr_bean_recast/,www.reddit.com,nan,5.0,1,"(127.8396987915039, 110.10909271240234, 463.1539306640625, 526.0662841796875)",0.34052
Q002921,ID000366,Will Ferrell,Real,Will Ferrell,1,Will Ferrell - Wikipedia,https://upload.wikimedia.org/wikipedia/commons/thumb/5/57/Will_Ferrell_at_the_2024_Toronto_International_Film_Festival_5_%28cropped%29.jpg/960px-Will_Ferrell_at_the_2024_Toronto_International_Film_Festival_5_%28cropped%29.jpg,https://en.wikipedia.org/wiki/Will_Ferrell,en.wikipedia.org,tier2,nan,1,"(271.3993225097656, 273.48614501953125, 645.0014038085938, 799.9154663085938)",0.14227
Q002921,ID000366,Will Ferrell,Real,Will Ferrell,3,Will Ferrell,"https://hips.hearstapps.com/hmg-prod/images/will-ferrell-9542601-1-402.jpg?crop=1xw:0.75xh;center,top&resize=1200:*",https://www.biography.com/actors/will-ferrell,www.biography.com,tier2,nan,1,"(101.01237487792969, 110.60383605957031, 286.6117248535156, 367.69024658203125)",0.39303
Q002922,ID000366,Will Ferrell,Fake,Will Ferrell AI generated,9,Will Ferrell as Will.I.am: a Cosmic Logo - AI Art,"https://images.nightcafe.studio/ik-seo/jobs/eJNROW4MOF0oHPadoASn/eJNROW4MOF0oHPadoASn--1--269hx/png-logo-of-will-ferrell-dressed-as-william-from-black-eyed-peas.jpg?tr=w-1600,c-at_max",https://creator.nightcafe.studio/creation/eJNROW4MOF0oHPadoASn,creator.nightcafe.studio,nan,8.0,1,"(144.19046020507812, 88.07313537597656, 392.00537109375, 433.9725646972656)",0.32699
Q002923,ID000366,Will Ferrell,Fake,Will Ferrell deepfake,30,Deepfake Legislation: What the Law Covers Today and Where It's Going |  Traverse Legal,https://www.traverselegal.com/wp-content/uploads/2025/12/Deepfake-Legislation.jpg,https://www.traverselegal.com/blog/deepfake-legislation-current-laws/,www.traverselegal.com,nan,7.0,1,"(261.9806213378906, 186.52882385253906, 524.8480224609375, 538.214111328125)",0.05878
Q002923,ID000366,Will Ferrell,Fake,Will Ferrell deepfake,10,This Step Brothers Deepfake With Arnold Schwarzenegger Replacing Will  Ferrell Is A Mind Trip | Cinemablend,https://cdn.mos.cms.futurecdn.net/eeiPHS6Q6bsLeqdB2H8E3i.jpg,https://www.cinemablend.com/news/2558491/this-step-brothers-deepfake-with-arnold-schwarzenegger-replacing-will-ferrell-is-a-mind-trip,www.cinemablend.com,nan,5.0,1,"(742.2548828125, 111.9036636352539, 1014.960205078125, 481.3668212890625)",0.13994
Q002924,ID000366,Will Ferrell,Fake,Will Ferrell AI image,1,Will Ferrell as Will.I.am: Comic Book Art Logo - AI Art,https://creator.nightcafe.studio/jobs/6l6SOaw4edq7ttXyaFYy/6l6SOaw4edq7ttXyaFYy--1--ceb9u.jpg,https://creator.nightcafe.studio/creation/6l6SOaw4edq7ttXyaFYy,creator.nightcafe.studio,nan,8.0,1,"(201.86874389648438, 89.44760131835938, 305.7112121582031, 227.55572509765625)",0.05471
Q002929,ID000367,Will Smith,Real,Will Smith,1,Will Smith - Wikipedia,https://upload.wikimedia.org/wikipedia/commons/thumb/5/55/TechCrunch_Disrupt_San_Francisco_2019_-_Day_1_%2848834070763%29_%28cropped%29.jpg/250px-TechCrunch_Disrupt_San_Francisco_2019_-_Day_1_%2848834070763%29_%28cropped%29.jpg,https://en.wikipedia.org/wiki/Will_Smith,en.wikipedia.org,tier2,nan,1,"(63.63568115234375, 37.90818786621094, 176.93536376953125, 187.84957885742188)",0.20105
Q002929,ID000367,Will Smith,Real,Will Smith,2,Will Smith - IMDb,https://m.media-amazon.com/images/M/MV5BNTczMzk1MjU1MV5BMl5BanBnXkFtZTcwNDk2MzAyMg@@._V1_FMjpg_UX1000_.jpg,https://www.imdb.com/name/nm0000226/,www.imdb.com,tier2,nan,1,"(216.27366638183594, 139.86660766601562, 757.3426513671875, 871.0863037109375)",0.27304
Q002929,ID000367,Will Smith,Real,Will Smith,4,Will Smith - Wikipedia,https://upload.wikimedia.org/wikipedia/commons/thumb/7/75/Will_Smith_%2832335923807%29.jpg/250px-Will_Smith_%2832335923807%29.jpg,https://en.wikipedia.org/wiki/Will_Smith,en.wikipedia.org,tier2,nan,1,"(67.34364318847656, 87.02809143066406, 178.94969177246094, 231.01072692871094)",0.18631
Q002930,ID000367,Will Smith,Fake,Will Smith AI generated,13,Will Smith parodies viral AI-generated video by actually eating spaghetti -  Ars Technica,https://cdn.arstechnica.net/wp-content/uploads/2024/02/will_smith_parody_hero.jpg,https://arstechnica.com/information-technology/2024/02/will-smith-parodies-viral-ai-generated-video-by-actually-eating-spaghetti/,arstechnica.com,nan,5.0,1,"(401.1644287109375, 53.749000549316406, 666.0440673828125, 375.58807373046875)",0.10525
Q002931,ID000367,Will Smith,Fake,Will Smith deepfake,3,"Will Smith Is Neo In ""The Matrix"" Thanks To New Deepfake | Futurism",https://futurism.com/wp-content/uploads/2019/09/deepfake-will-smith-the-matrix.jpg,https://futurism.com/the-byte/deepfake-will-smith-the-matrix,futurism.com,nan,7.0,1,"(556.6253051757812, 137.253662109375, 687.0856323242188, 316.8192138671875)",0.03099
Q002932,ID000367,Will Smith,Fake,Will Smith AI image,47,Will Smith's self-inflicted PR nightmare won't end after appearing to use AI-generated  crowds to promote his rap comeback | Fortune,https://fortune.com/img-assets/wp-content/uploads/2025/08/GettyImages-1445892465-e1756230808219.jpg,https://fortune.com/2025/08/27/will-smith-ai-crowds-rap-comeback-public-image-nightmare/,fortune.com,nan,3.0,1,"(1033.68017578125, 232.58380126953125, 1760.733642578125, 1186.0469970703125)",0.12537
Q002937,ID000368,William,Real,William,2,"Prince William: Biography, Prince of Wales, British Royal Family",https://hips.hearstapps.com/hmg-prod/images/prince-william-prince-of-wales-attends-the-2024-news-photo-1710451123.jpg,https://www.biography.com/royalty/prince-william,www.biography.com,tier2,nan,1,"(404.5672607421875, 132.80645751953125, 620.5968017578125, 440.1177673339844)",0.07086
Q002937,ID000368,William,Real,William,3,Prince William “Won't Be Pushed Around” As He Gets Closer to Becoming King,https://www.instyle.com/thmb/plz4rE598Q8S7bM-H8ddDGvvWwk=/1500x0/filters:no_upscale():max_bytes(150000):strip_icc()/WilliamLead-bb68c7fc35c34f1aa0cb93ea7b6aa162.jpg,https://www.instyle.com/prince-william-wont-be-pushed-around-11759097,www.instyle.com,tier2,nan,1,"(399.08502197265625, 237.62863159179688, 966.7130126953125, 910.5233764648438)",0.24159
Q002938,ID000368,William,Fake,William AI generated,12,"Download Ai Generated, William Tyndale, Reformation. Royalty-Free Stock  Illustration Image - Pixabay",https://cdn.pixabay.com/photo/2024/09/20/23/26/ai-generated-9062580_1280.jpg,https://pixabay.com/illustrations/ai-generated-william-tyndale-9062580/,pixabay.com,nan,7.0,1,"(543.7015380859375, 75.21700286865234, 875.1927490234375, 565.9843139648438)",0.17387
Q002940,ID000368,William,Fake,William AI image,10,Prince William Angry Photo | Stable Diffusion Online,https://imgcdn.stablediffusionweb.com/2024/10/31/8b915b39-787e-472c-8f58-7d1594565e52.jpg,https://stablediffusionweb.com/image/21481213-prince-william-angry-photo,stablediffusionweb.com,nan,7.0,1,"(357.95904541015625, 202.64544677734375, 646.3975830078125, 635.8468627929688)",0.11916
Q002941,ID000368,William,Fake,William viral deepfake,15,This viral Schwarzenegger deepfake isn't just entertaining. It's a warning.,https://media-cldnry.s-nbcnews.com/image/upload/newscms/2019_51/2893441/190612-bill-hader-deepfake-ew-158p.jpg,https://www.nbcnews.com/tech/tech-news/viral-schwarzenegger-deepfake-isn-t-just-entertaining-it-s-warning-n1016851,www.nbcnews.com,nan,7.0,1,"(745.4299926757812, 108.84640502929688, 938.2326049804688, 376.4972839355469)",0.041
Q002945,ID000369,William Shatner,Real,William Shatner,1,William Shatner - Wikipedia,https://upload.wikimedia.org/wikipedia/commons/8/86/William_Shatner_Photo_Op_GalaxyCon_Richmond_2026.jpg,https://en.wikipedia.org/wiki/William_Shatner,en.wikipedia.org,tier2,nan,1,"(249.81625366210938, 211.39622497558594, 626.4549560546875, 714.7554321289062)",0.17706
Q002945,ID000369,William Shatner,Real,William Shatner,5,William Shatner | Movies & TV Moments,https://m.media-amazon.com/images/M/MV5BODhmNmM0ZDctZTNiMi00ZjAwLWEzMmItYTg0Nzk0YzE2NDA5XkEyXkFqcGdeQW1pYnJ5YW50._V1_.jpg,https://www.imdb.com/name/nm0000638/,www.imdb.com,tier2,nan,1,"(553.16455078125, 118.23251342773438, 838.3817749023438, 516.442138671875)",0.05477
Q002946,ID000369,William Shatner,Fake,William Shatner AI generated,12,William Shatner calls out AI-generated account that posts 'fake news'  stories about him : r/Fauxmoi,https://preview.redd.it/william-shatner-calls-out-ai-generated-account-that-posts-v0-zhdhki7sswsg1.jpg?width=640&crop=smart&auto=webp&s=bc08803f6aedb2527fe117c16c238806358da7dd,https://www.reddit.com/r/Fauxmoi/comments/1sb4jgw/william_shatner_calls_out_aigenerated_account/,www.reddit.com,nan,7.0,1,"(218.26943969726562, -2.1778812408447266, 417.9229431152344, 258.0506286621094)",0.09528
Q002946,ID000369,William Shatner,Fake,William Shatner AI generated,13,William Shatner Slams AI-Generated News Stories Claiming He's Dying,https://people.com/thmb/-SmaqWSB-pttl1OZJwM4TAzRXW8=/1500x0/filters:no_upscale():max_bytes(150000):strip_icc():focal(988x409:990x411)/William-Shatner-attends-the-53rd-Annual-Saturn-Awards-040226-19bb2ddbea4848c4827aec86a27979f4.jpg,https://people.com/william-shatner-warns-fans-bizarre-ai-generated-fake-news-stories-11941410,people.com,nan,5.0,1,"(586.3765258789062, 127.95343780517578, 887.5348510742188, 508.0246887207031)",0.07631
Q002947,ID000369,William Shatner,Fake,William Shatner deepfake,14,STAR TREK Deepfake Switches Original and Modern Actors - Nerdist,https://cdn.nerdist.com/wp-content/uploads/2020/09/13021118/deepfake-captain-kirk.jpg,https://nerdist.com/article/star-trek-deepfake-chris-pine-william-shatner/,nerdist.com,nan,7.0,1,"(816.094482421875, 32.045494079589844, 1254.135009765625, 616.805908203125)",0.16593
Q002948,ID000369,William Shatner,Fake,William Shatner AI image,27,William Shatner calls out AI-generated account that posts 'fake news'  stories about him : r/Fauxmoi,https://preview.redd.it/william-shatner-calls-out-ai-generated-account-that-posts-v0-t2i31l7sswsg1.jpg?width=640&crop=smart&auto=webp&s=13475c7867717e670a3145feb27ce4096866c628,https://www.reddit.com/r/Fauxmoi/comments/1sb4jgw/william_shatner_calls_out_aigenerated_account/,www.reddit.com,nan,7.0,1,"(257.9010009765625, 177.84120178222656, 424.75347900390625, 399.1007995605469)",0.06908
Q002953,ID000370,Winona Ryder,Real,Winona Ryder,3,"I'd Kind of Hate to Be 22 Right Now”: Winona Ryder, by Tavi Gevinson",https://www.interviewmagazine.com/wp-content/uploads/2025/11/Interview_Issue-564_Winter-2025_Winona-Ryder_3_web.jpg,https://www.interviewmagazine.com/culture/id-kind-of-hate-to-be-22-right-now-winona-ryder-by-tavi-gevinson,www.interviewmagazine.com,tier2,nan,1,"(728.9965209960938, 327.23175048828125, 1137.3551025390625, 853.906982421875)",0.04319
Q002954,ID000370,Winona Ryder,Fake,Winona Ryder AI generated,2,Winona Ryder as a Tremere Vampire - AI Art,https://creator.nightcafe.studio/jobs/DZt2hDW8XVPW330hs3sB/DZt2hDW8XVPW330hs3sB--1--1svlm.jpg,https://creator.nightcafe.studio/creation/DZt2hDW8XVPW330hs3sB,creator.nightcafe.studio,nan,8.0,1,"(400.92388916015625, 160.13803100585938, 613.2349853515625, 447.4376525878906)",0.05817
Q002955,ID000370,Winona Ryder,Fake,Winona Ryder deepfake,28,Jenna Ortega löschte Twitter-Account wegen Deepfake-Pornografie - DER  SPIEGEL,https://cdn.prod.www.spiegel.de/images/5c12284e-a2f0-48a6-a55c-0303aeb8c3f8_w520_r1.33_fpx44_fpy50.jpg,https://www.spiegel.de/kultur/jenna-ortega-loeschte-twitter-account-wegen-deepfake-pornografie-a-394ceb51-9be4-4cf5-8b75-3d5fd81ee806,www.spiegel.de,nan,5.0,1,"(225.04917907714844, 75.582763671875, 353.341796875, 246.8428955078125)",0.10806
Q002955,ID000370,Winona Ryder,Fake,Winona Ryder deepfake,48,What Will Actually Bring an End to Grok's Deepfakes? | Vogue,"https://assets.vogue.com/photos/6966b5b1d29621850769118c/16:9/w_5328,h_2997,c_limit/scan_kya_george@condenast.jpg",https://www.vogue.com/article/grok-deepfakes-trend-essay,www.vogue.com,nan,5.0,1,"(2647.88134765625, -508.84100341796875, 4965.3779296875, 2773.926513671875)",0.47644
Q002957,ID000370,Winona Ryder,Fake,Winona Ryder viral deepfake,25,Alien: Romulus - Controversial AI Deepfake Resurrection of Ian Holm Sparks  Debate | VIVE Blog,https://blog.vive.com/express_media/images/A_scene_from_Alien_-_Romulus_pays_homage_to_a_.width-800.jpg,https://blog.vive.com/us/alien-romulus-controversial-ai-resurrection-sparks-debate/,blog.vive.com,nan,3.0,1,"(567.517578125, 186.76669311523438, 680.0845336914062, 327.71014404296875)",0.04407
Q002961,ID000371,Woody Allen,Real,Woody Allen,1,Woody Allen - Wikipedia,https://upload.wikimedia.org/wikipedia/commons/8/89/Woody_Allen_Cannes_2016.jpg,https://en.wikipedia.org/wiki/Woody_Allen,en.wikipedia.org,tier2,nan,1,"(258.5856018066406, 114.91749572753906, 443.33258056640625, 356.8428039550781)",0.09888
Q002962,ID000371,Woody Allen,Fake,Woody Allen AI generated,1,Woody Allen Joke: Hyperrealistic Splash Art Portra... - AI Art,https://creator.nightcafe.studio/jobs/BT7KQaigwRsDT5F3HGTj/BT7KQaigwRsDT5F3HGTj--1--fes89.jpg,https://creator.nightcafe.studio/creation/BT7KQaigwRsDT5F3HGTj,creator.nightcafe.studio,nan,8.0,1,"(298.2294921875, 82.69551849365234, 678.7308349609375, 633.4014892578125)",0.19984
Q002962,ID000371,Woody Allen,Fake,Woody Allen AI generated,17,Tom Hanks Imagined As Toy Story's Woody In Unnerving AI Art,https://static0.srcdn.com/wordpress/wp-content/uploads/2023/04/woody-with-tom-hanks-face-looking-scary-in-ai-art.jpg?w=1200&h=675&fit=crop,https://screenrant.com/toy-story-movie-tom-hanks-woody-ai-art/,screenrant.com,nan,7.0,1,"(197.34405517578125, -21.356201171875, 737.9680786132812, 669.5789794921875)",0.46116
Q002962,ID000371,Woody Allen,Fake,Woody Allen AI generated,3,woody allen - Woody Allen in Geometric Pop Art Cityscape,https://creator.nightcafe.studio/jobs/Jf1OeI825gcfdWE3WLkd/Jf1OeI825gcfdWE3WLkd--1--5goq6.jpg,https://creator.nightcafe.studio/creation/Jf1OeI825gcfdWE3WLkd,creator.nightcafe.studio,nan,5.0,1,"(208.95057678222656, 253.51759338378906, 313.4588928222656, 397.4776916503906)",0.05739
Q002964,ID000371,Woody Allen,Fake,Woody Allen AI image,3,Woody Allen Portrait in Pencil Drawing Style - AI Art,https://creator.nightcafe.studio/jobs/eC8vSyalwtKUJ2GglN8V/eC8vSyalwtKUJ2GglN8V--1--t5swp.jpg,https://creator.nightcafe.studio/creation/eC8vSyalwtKUJ2GglN8V,creator.nightcafe.studio,nan,8.0,1,"(255.36541748046875, 180.1881561279297, 726.0625, 824.361083984375)",0.28916
Q002967,ID000371,Woody Allen,Fake,Woody Allen Stable Diffusion,41,woody allen Prompts | Stable Diffusion Online,https://imgcdn.stablediffusionweb.com/2025/4/4/cff84cff-00ef-4421-9781-03785ccebc7e.jpg,https://stablediffusionweb.com/prompts/woody-allen,stablediffusionweb.com,nan,7.0,1,"(336.12701416015625, 77.1014404296875, 635.7804565429688, 486.5297546386719)",0.117
Q002967,ID000371,Woody Allen,Fake,Woody Allen Stable Diffusion,42,woody allen Prompts | Stable Diffusion Online,https://imgcdn.stablediffusionweb.com/2025/1/25/d1b292c7-4431-418e-af59-b38b212f131b.jpg,https://stablediffusionweb.com/prompts/woody-allen,stablediffusionweb.com,nan,7.0,1,"(530.675537109375, 214.83404541015625, 734.6768188476562, 472.4396057128906)",0.05012
Q002969,ID000372,XI-Jinping,Real,XI-Jinping,1,Xi Jinping - Wikipedia,https://upload.wikimedia.org/wikipedia/commons/thumb/7/7e/Xi_Jinping_meets_Putin_May_2026.jpg/250px-Xi_Jinping_meets_Putin_May_2026.jpg,https://en.wikipedia.org/wiki/Xi_Jinping,en.wikipedia.org,tier2,nan,1,"(72.70667266845703, 57.371551513671875, 178.91441345214844, 194.4733123779297)",0.17491
Q002969,ID000372,XI-Jinping,Real,XI-Jinping,2,"Xi Jinping | Biography, Education, Age, Wife, Peng Liyuan, & Facts |  Britannica",https://cdn.britannica.com/69/226469-050-1CD010B8/President-of-China-Xi-Jinping.jpg,https://www.britannica.com/biography/Xi-Jinping,www.britannica.com,tier2,nan,1,"(445.1485290527344, 171.99386596679688, 879.3741455078125, 730.4296264648438)",0.12163
Q002970,ID000372,XI-Jinping,Fake,XI-Jinping AI generated,5,Xi Jinping Smiling Half-Portrait | Stable Diffusion Online,https://imgcdn.stablediffusionweb.com/2024/11/12/bd59a6f9-e24c-4a81-b6d2-5ed89a58d57b.jpg,https://stablediffusionweb.com/image/22464387-xi-jinping-smiling-half-portrait,stablediffusionweb.com,nan,7.0,1,"(303.7646179199219, 129.71852111816406, 689.0377807617188, 642.65283203125)",0.18846
Q002970,ID000372,XI-Jinping,Fake,XI-Jinping AI generated,9,Xi Jinping Portrait | Stable Diffusion Online,https://imgcdn.stablediffusionweb.com/2024/5/22/d57efa32-bffb-4093-875c-1cb765ebddb2.jpg,https://stablediffusionweb.com/image/7840189-xi-jinping-portrait,stablediffusionweb.com,nan,7.0,1,"(308.11029052734375, 241.38510131835938, 721.9905395507812, 789.5955200195312)",0.21638
Q000657,ID000083,David Arquette,Real,David Arquette,1,David Arquette - Wikipedia,https://upload.wikimedia.org/wikipedia/commons/4/43/David_Arquette_Alpha1_2019_%28cropped%29.jpg,https://en.wikipedia.org/wiki/David_Arquette,en.wikipedia.org,tier2,nan,1,"(569.2190551757812, 595.5475463867188, 1574.2353515625, 1869.1790771484375)",0.16143
Q002801,ID000351,Tim Allen,Real,Tim Allen,3,"Tim Allen - Actor, Comedian",https://ntvb.tmsimg.com/assets/assets/27_v9_bb.jpg?w=360&h=480,https://www.tvinsider.com/people/tim-allen/,www.tvinsider.com,tier2,nan,1,"(84.36360931396484, 68.72433471679688, 273.61627197265625, 340.716552734375)",0.29789
Q002933,ID000367,Will Smith,Fake,Will Smith viral deepfake,2,Will Smith oder KI? So lustig nimmt der Star seine Deepfakes auf die  Schippe | STERN.de,https://image.stern.de/34483484/t/Hs/v4/w1440/r1.3333/-/will-smith-spaghetti-insta.jpg,https://www.stern.de/digital/online/will-smith-oder-ki--so-lustig-nimmt-der-star-seine-deepfakes-auf-die-schippe-34480046.html,www.stern.de,nan,5.0,1,"(662.0625610351562, 324.5752258300781, 1030.022705078125, 765.392822265625)",0.1043
Q002977,ID000373,Xiao-Zhan,Real,Xiao-Zhan,1,Xiao Zhan - Wikipedia,https://upload.wikimedia.org/wikipedia/commons/1/15/Xiao_Zhan_at_the_Weibo_Night_Ceremony_January_11_2020.jpg,https://en.wikipedia.org/wiki/Xiao_Zhan,en.wikipedia.org,tier2,nan,1,"(595.7850341796875, 200.67715454101562, 901.1834106445312, 588.8257446289062)",0.03394
Q002977,ID000373,Xiao-Zhan,Real,Xiao-Zhan,2,Xiao Zhan (肖战) - MyDramaList,https://i.mydramalist.com/VX3Ddv_5c.jpg,https://mydramalist.com/people/13346-xiao-zhan,mydramalist.com,tier2,nan,1,"(65.0137939453125, 98.01573181152344, 231.97764587402344, 321.9188232421875)",0.34615
Q002977,ID000373,Xiao-Zhan,Real,Xiao-Zhan,3,Zhan Xiao - IMDb,https://m.media-amazon.com/images/M/MV5BYjc2YWZkNjctOTE0Yy00MDk1LWEzYzQtNTkwN2JmYjkwNDJmXkEyXkFqcGc@._V1_FMjpg_UX1000_.jpg,https://www.imdb.com/name/nm9751810/,www.imdb.com,tier2,nan,1,"(266.9351501464844, 282.59686279296875, 574.4209594726562, 681.0807495117188)",0.08169
Q002978,ID000373,Xiao-Zhan,Fake,Xiao-Zhan AI generated,17,photo so unreal it looks AI generated.. wdym that's the wang yibo and xiao  zhan in the same frame 🚶‍♂️,https://pbs.twimg.com/profile_images/1942904434402455552/fsZ9_mIq.jpg,https://x.com/Zhan0Bo/status/2003472914960777694,x.com,nan,3.0,1,"(107.15794372558594, 88.58765411376953, 280.97186279296875, 293.0615234375)",0.22213
Q002978,ID000373,Xiao-Zhan,Fake,Xiao-Zhan AI generated,27,Is Xiao Zhan's New Drama Really Premiering in June AI Generated Images of  Wang Yibo & Xiao Zhan Stir - YouTube,https://i.ytimg.com/vi/eOVKQi9WqGA/hq720.jpg?sqp=-oaymwEhCK4FEIIDSFryq4qpAxMIARUAAAAAGAElAADIQj0AgKJD&rs=AOn4CLDpI6eb_9ScTWlGblng0cgSWr3FLQ,https://www.youtube.com/watch?v=eOVKQi9WqGA,www.youtube.com,nan,3.0,1,"(354.7121887207031, 79.34355163574219, 567.9219360351562, 295.0128173828125)",0.17365
Q002980,ID000373,Xiao-Zhan,Fake,Xiao-Zhan AI image,15,Xiao Zhan in Ancient Costumes | Stable Diffusion Online,https://imgcdn.stablediffusionweb.com/2024/9/30/e851dc2f-868c-43f2-ae36-59e31d32baa9.jpg,https://stablediffusionweb.com/image/18617684-xiao-zhan-in-ancient-costumes,stablediffusionweb.com,nan,7.0,1,"(406.0200500488281, 182.09632873535156, 591.3582763671875, 428.6449279785156)",0.04358
Q002985,ID000374,Zhong-Huijuan,Real,Zhong-Huijuan,1,Zhong Huijuan,"https://imageio.forbes.com/specials-images/imageserve/5e9f5b3df0b8cf0006295fec/0x0.jpg?format=jpg&crop=594,594,x1080,y936,safe&height=416&width=416&fit=bounds",https://www.forbes.com/profile/zhong-huijuan/,www.forbes.com,tier2,nan,1,"(153.1847686767578, 48.810176849365234, 260.2439880371094, 190.10121154785156)",0.08741
Q002985,ID000374,Zhong-Huijuan,Real,Zhong-Huijuan,2,"Real-life Breaking Bad, without the crime? Meet the world's richest  self-made female billionaire Zhong Huijuan, the chemistry teacher who made  her fortune in pharmaceuticals | South China Morning Post",https://cdn.i-scmp.com/sites/default/files/styles/768x768/public/d8/images/methode/2020/10/21/8d698c14-11bf-11eb-88e1-abf0a3fa7ebf_image_hires_175322.jpg?itok=sTPUEnWH&v=1603274009,https://www.scmp.com/magazines/style/news-trends/article/3106486/real-life-breaking-bad-without-crime-meet-worlds,www.scmp.com,tier2,nan,1,"(272.95074462890625, 77.13290405273438, 609.54638671875, 527.98486328125)",0.25729
Q002985,ID000374,Zhong-Huijuan,Real,Zhong-Huijuan,3,"Story of Zhong Huijuan, from chemistry teacher to Queen Asian Pharma |  IDNFinancials",https://photos.idnfinancials.com/static/web/2024/Ilustrasi%20adhy/Zhong%20Huijuan.JPG,https://www.idnfinancials.com/news/59519/story-of-zhong-huijuan-from-chemistry-teacher-to-queen-asian-pharma,www.idnfinancials.com,tier2,nan,1,"(400.68487548828125, 53.51806640625, 619.18212890625, 346.81640625)",0.11403
Q003001,ID000376,aane-Hathaway,Real,aane-Hathaway,2,"Anne Hathaway | Movies, The Odyssey, Devil Wears Prada 2, Catwoman,  Husband, Biography, & Facts | Britannica",https://cdn.britannica.com/49/258149-050-767F0B62/Anne-Hathaway-SXSW-Conference.jpg,https://www.britannica.com/biography/Anne-Hathaway-American-actress,www.britannica.com,tier2,nan,1,"(457.2619934082031, 230.533203125, 922.89599609375, 815.5084228515625)",0.11938
Q003001,ID000376,aane-Hathaway,Real,aane-Hathaway,4,Anne Hathaway - Wikipedia,https://upload.wikimedia.org/wikipedia/commons/thumb/8/87/Anne_Hathaway-68408_%28cropped%29.jpg/250px-Anne_Hathaway-68408_%28cropped%29.jpg,https://en.wikipedia.org/wiki/Anne_Hathaway,en.wikipedia.org,tier2,nan,1,"(73.96055603027344, 43.27846908569336, 163.55032348632812, 159.86105346679688)",0.12471
Q003002,ID000376,aane-Hathaway,Fake,aane-Hathaway AI generated,25,Anne Hathaway - CINENJAMBRE AI Art Collection,"https://images.nightcafe.studio/ik-seo/jobs/9oJtk3cPxZ2LPSbsNlV9/9oJtk3cPxZ2LPSbsNlV9--1--l68c5_15.625x/anne-hathaway-cinenjambre-ai-art-collection.jpg?tr=w-1600,c-at_max",https://creator.nightcafe.studio/creation/9oJtk3cPxZ2LPSbsNlV9,creator.nightcafe.studio,nan,10.0,1,"(565.653076171875, 10.62714958190918, 1228.208251953125, 907.8447265625)",0.23221
Q003002,ID000376,aane-Hathaway,Fake,aane-Hathaway AI generated,5,Anne Hathaway Showered in Yogurt - AI Art,https://creator.nightcafe.studio/jobs/SiWfzPSjyGOfxUcZaRof/SiWfzPSjyGOfxUcZaRof--0--475wr.jpg,https://creator.nightcafe.studio/creation/SiWfzPSjyGOfxUcZaRof/anne-hathaway-nua-fent-una-dutxa-de-iogurt,creator.nightcafe.studio,nan,8.0,1,"(344.8791809082031, 162.5055694580078, 620.774658203125, 541.4099731445312)",0.0997
Q003009,ID000377,angela-merkel,Real,angela-merkel,1,Angela Merkel - Wikipedia,https://upload.wikimedia.org/wikipedia/commons/thumb/0/0f/Angela_Merkel_2019_cropped.jpg/250px-Angela_Merkel_2019_cropped.jpg,https://en.wikipedia.org/wiki/Angela_Merkel,en.wikipedia.org,tier2,nan,1,"(61.799163818359375, 54.12335968017578, 183.97256469726562, 210.5721435546875)",0.21907
Q003009,ID000377,angela-merkel,Real,angela-merkel,2,Angela Merkel - Biography - IMDb,https://m.media-amazon.com/images/M/MV5BZDQ0ODI2NjMtODAwMi00Y2Q5LWFjMjQtNzdkNjRlZDM4NjA1XkEyXkFqcGc@._V1_FMjpg_UX1000_.jpg,https://www.imdb.com/name/nm1361767/bio/,www.imdb.com,tier2,nan,1,"(257.40338134765625, 331.6914978027344, 676.384033203125, 839.3079223632812)",0.14179
Q003011,ID000377,angela-merkel,Fake,angela-merkel deepfake,2,Deepfake: Angela Merkel wirbt für Stromanbieter in TV-Spot – Unternehmen  weist auf Fälschung hin,https://www.rnd.de/resizer/v2/OZATFP5IK5FLVFMVQY6YKVAFDQ.jpg?auth=1a57058732bbe4bdabb5004fb33d16cf21ee0a31eeaf1045fc53016533ebc80e&quality=70&width=1441&height=1441&smart=true,https://www.rnd.de/medien/deepfake-angela-merkel-wirbt-fuer-stromanbieter-in-tv-spot-unternehmen-weist-auf-faelschung-hin-5VXLOZN3FJHB7MTTRIPBNZOQZY.html,www.rnd.de,nan,5.0,1,"(572.939697265625, 323.1572570800781, 844.0172119140625, 682.375244140625)",0.04689
Q003017,ID000378,captin-pat-cumins,Real,captin-pat-cumins,1,Pat Cummins - Wikipedia,https://upload.wikimedia.org/wikipedia/commons/6/69/Pat_Cummins_fielding_Ashes_2021_%28cropped%29.jpg,https://en.wikipedia.org/wiki/Pat_Cummins,en.wikipedia.org,tier2,nan,1,"(653.78369140625, 312.7129211425781, 954.6414184570312, 716.572021484375)",0.03158
Q003017,ID000378,captin-pat-cumins,Real,captin-pat-cumins,2,The Ashes 2021-22 - Can captain Pat Cummins buck the bowler-leader trend? |  Cricinfo,https://img1.hscicdn.com/image/upload/f_auto/lsci/db/PICTURES/CMS/331500/331576.6.jpg,https://www.cricinfo.com/story/the-ashes-2021-22-can-captain-pat-cummins-buck-the-bowler-leader-trend-1292570,www.cricinfo.com,tier2,nan,1,"(611.546142578125, 84.20032501220703, 812.1570434570312, 344.7276306152344)",0.05532
Q003017,ID000378,captin-pat-cumins,Real,captin-pat-cumins,3,Ashes 2025: Australia captain Pat Cummins to take risks with rehab - BBC  Sport,https://ichef.bbci.co.uk/ace/standard/926/cpsprodpb/7e97/live/a2e6c720-88a5-11f0-8b3f-67b2e7d47fb0.jpg,https://www.bbc.com/sport/cricket/articles/clyjyylvj90o,www.bbc.com,tier2,nan,1,"(381.0199279785156, 53.443294525146484, 515.2147827148438, 211.8240509033203)",0.04405
Q003023,ID000378,captin-pat-cumins,Fake,captin-pat-cumins Stable Diffusion,1,australian cricket cap Prompts | Stable Diffusion Online,https://imgcdn.stablediffusionweb.com/2025/1/1/08bf4c43-cf40-4086-9ad8-a160c569ac3c.jpg,https://stablediffusionweb.com/prompts/australian-cricket-cap,stablediffusionweb.com,nan,7.0,1,"(377.0353088378906, 147.6480712890625, 605.4051513671875, 448.03765869140625)",0.06542
Q003025,ID000379,denzel washington,Real,denzel washington,3,Denzel Washington — The Movie Database (TMDB),https://image.tmdb.org/t/p/w500/jj2Gcobpopokal0YstuCQW0ldJ4.jpg,https://www.themoviedb.org/person/5292-denzel-washington,www.themoviedb.org,tier2,nan,1,"(103.66151428222656, 108.910400390625, 360.83111572265625, 450.3392028808594)",0.23415
Q003026,ID000379,denzel washington,Fake,denzel washington AI generated,9,Denzel Washington as Singer in White Bathrobe - AI Art,"https://images.nightcafe.studio/ik-seo/jobs/CBIQMQdfYLHjOTZjPGMi/CBIQMQdfYLHjOTZjPGMi--1--aj1n2_4x/denzel-washington-singer-smiling-in-a-white-bathrobe-with-an-athletic-physique-and-a-smiling-gaze-wi.jpg?tr=w-1600,c-at_max",https://creator.nightcafe.studio/creation/CBIQMQdfYLHjOTZjPGMi,creator.nightcafe.studio,nan,8.0,1,"(522.486328125, 203.26889038085938, 945.6023559570312, 803.0259399414062)",0.0771
Q003026,ID000379,denzel washington,Fake,denzel washington AI generated,1,Denzel Washington,https://creator.nightcafe.studio/jobs/RrQ6NS3WoR2V5OAp4NUu/RrQ6NS3WoR2V5OAp4NUu--1--xrkff.jpg,https://creator.nightcafe.studio/creation/RrQ6NS3WoR2V5OAp4NUu,creator.nightcafe.studio,nan,5.0,1,"(87.41706848144531, 70.46182250976562, 386.99261474609375, 471.774658203125)",0.4659
Q003026,ID000379,denzel washington,Fake,denzel washington AI generated,2,Denzel Washington,https://creator.nightcafe.studio/jobs/hB2Q7HWGfhMwR7Hzg0GM/hB2Q7HWGfhMwR7Hzg0GM--1--uetfr.jpg,https://creator.nightcafe.studio/creation/hB2Q7HWGfhMwR7Hzg0GM,creator.nightcafe.studio,nan,5.0,1,"(133.7604217529297, 40.23125457763672, 407.6212463378906, 441.8857727050781)",0.42627
Q003027,ID000379,denzel washington,Fake,denzel washington deepfake,31,Denzel Washington Deep Fake via Jay Pharoah Impression on Jimmy Kimmel |  MARS Magazine,https://i0.wp.com/www.marsmag.com/wp-content/uploads/2019/06/dnzldpfk.jpg?resize=950%2C530&ssl=1,https://www.marsmag.com/2019/06/28/denzel-washington-deep-fake-via-jay-pharoah-impression-on-jimmy-kimmel/,www.marsmag.com,nan,5.0,1,"(398.2941589355469, 65.9805908203125, 579.8729248046875, 313.2227783203125)",0.08916
Q003028,ID000379,denzel washington,Fake,denzel washington AI image,48,Denzel Washington as Magneto in Comic Book Art - AI Art,https://creator.nightcafe.studio/jobs/I2Vqpq7G3Ok9lxICbOCn/I2Vqpq7G3Ok9lxICbOCn--1--7ov5f.jpg,https://creator.nightcafe.studio/creation/I2Vqpq7G3Ok9lxICbOCn,creator.nightcafe.studio,nan,8.0,1,"(432.7999267578125, 98.51288604736328, 665.7145385742188, 431.010986328125)",0.07386
Q003033,ID000380,dua-lipa,Real,dua-lipa,3,Dua Lipa - IMDb,https://m.media-amazon.com/images/M/MV5BYmRjM2RlZjItMDZhNS00MTM2LThiZDUtZDQxMmVjYjQ2ZmM4XkEyXkFqcGc@._V1_.jpg,https://www.imdb.com/name/nm7645984/,www.imdb.com,tier2,nan,1,"(182.3863525390625, 151.07188415527344, 433.8342590332031, 500.90679931640625)",0.1629
Q003034,ID000380,dua-lipa,Fake,dua-lipa AI generated,8,Dua Lipa as Hermione | Stable Diffusion Online,https://imgcdn.stablediffusionweb.com/2024/3/18/2bb6d4ca-a19b-4223-8568-d6053a3b2194.jpg,https://stablediffusionweb.com/image/3321271-dua-lipa-as-hermione,stablediffusionweb.com,nan,7.0,1,"(355.6423645019531, 148.03201293945312, 670.9932861328125, 578.5289916992188)",0.12947
Q003035,ID000380,dua-lipa,Fake,dua-lipa deepfake,2,Dua Lipa Faceset,https://www.deepfakevfx.com/wp-content/uploads/celebrity-facesets/8012/faceset-sample-8012.jpg,https://www.deepfakevfx.com/celebrity-facesets/dua-lipa-8012/,www.deepfakevfx.com,nan,4.0,1,"(110.83136749267578, 42.88811492919922, 379.9610595703125, 432.45751953125)",0.39995
Q003036,ID000380,dua-lipa,Fake,dua-lipa AI image,44,Dua Lipa Mind Control Art | Stable Diffusion Online,https://imgcdn.stablediffusionweb.com/2024/11/29/a77fea74-1723-4091-82a7-02e04718e3ea.jpg,https://stablediffusionweb.com/image/24064136-dua-lipa-mind-control-art,stablediffusionweb.com,nan,7.0,1,"(321.5220642089844, 196.5928192138672, 645.6890869140625, 641.1921997070312)",0.13745
Q003041,ID000381,ema-watson,Real,ema-watson,2,"Emma Watson Is Happy, Independent, and Focused on Education at 35 | Vanity  Fair","https://media.vanityfair.com/photos/686e7c6a401ae79f342dcefe/1:1/w_3166,h_3166,c_limit/GettyImages-1693596089.jpg",https://www.vanityfair.com/hollywood/story/emma-watson-life-oxford?srsltid=AfmBOop2ysH-RghsaUqi3_gD9HFNxGNojBhV8_foUn5DCjDMI4d4OAzP,www.vanityfair.com,tier2,nan,1,"(1023.0977783203125, 719.7523803710938, 1630.0889892578125, 1574.89501953125)",0.05178
Q003043,ID000381,ema-watson,Fake,ema-watson deepfake,37,emma-watson-deepfake-porn,https://nithyanandatruth.org/wp-content/uploads/2018/02/emma-watson-deepfake-porn.png,https://nithyanandatruth.org/2018/01/31/dangerous-impact-of-deep-fake-technology-on-human-psyche/emma-watson-deepfake-porn/,nithyanandatruth.org,nan,7.0,1,"(225.4049530029297, 64.0733642578125, 321.0908508300781, 195.1044921875)",0.04952
Q003049,ID000382,florence-pugh,Real,florence-pugh,1,Florence Pugh - Wikipedia,https://upload.wikimedia.org/wikipedia/commons/thumb/9/9e/Florence_Pugh_at_the_2024_Toronto_International_Film_Festival_13_%28cropped_2_%E2%80%93_color_adjusted%29.jpg/250px-Florence_Pugh_at_the_2024_Toronto_International_Film_Festival_13_%28cropped_2_%E2%80%93_color_adjusted%29.jpg,https://en.wikipedia.org/wiki/Florence_Pugh,en.wikipedia.org,tier2,nan,1,"(76.71479034423828, 46.58080291748047, 157.33489990234375, 156.0689239501953)",0.10031
Q003049,ID000382,florence-pugh,Real,florence-pugh,2,Florence Pugh - IMDb,https://m.media-amazon.com/images/M/MV5BZmIxMTFkZTctYzhkZi00MmQ4LThhYzEtMmQwMGZjNzA5MDg0XkEyXkFqcGc@._V1_FMjpg_UX1000_.jpg,https://www.imdb.com/name/nm6073955/,www.imdb.com,tier2,nan,1,"(202.26104736328125, 442.4393005371094, 488.1303405761719, 826.92626953125)",0.08202
Q003049,ID000382,florence-pugh,Real,florence-pugh,3,"Florence Pugh on Thunderbolts Tackling Depression, Avengers: Doomsday",https://variety.com/wp-content/uploads/2025/05/MCDTHUN_WD002.jpg?w=1000&h=667&crop=1,https://variety.com/2025/film/features/florence-pugh-thunderbolts-interview-1236385097/,variety.com,tier1,nan,1,"(399.119140625, 83.64576721191406, 691.0020751953125, 477.5509338378906)",0.17238
Q003050,ID000382,florence-pugh,Fake,florence-pugh AI generated,10,Florence Pugh Actress | Stable Diffusion Online,https://imgcdn.stablediffusionweb.com/2024/11/29/350b8e24-b67e-408d-9e04-591983cbab9c.jpg,https://stablediffusionweb.com/image/24008400-florence-pugh-actress,stablediffusionweb.com,nan,7.0,1,"(284.45758056640625, 159.174072265625, 716.85986328125, 729.9542236328125)",0.23537
Q003051,ID000382,florence-pugh,Fake,florence-pugh deepfake,2,Florence Pugh in “The Last Screenwriter”: Exploring Deepfake Narratives and  Ethical Reflections | by Alan Nafzger | Medium,https://miro.medium.com/0*BT6vCW4Qg4mewt2A.jpg,https://medium.com/@alan.nafzger/florence-pugh-in-the-last-screenwriter-exploring-deepfake-narratives-and-ethical-reflections-8e1f0a297dd0,medium.com,nan,5.0,1,"(241.669921875, 520.489501953125, 579.4387817382812, 980.1513061523438)",0.08127
Q003052,ID000382,florence-pugh,Fake,florence-pugh AI image,4,Platinum Blonde Sniper Portrait: Professional Phot... - AI Art,https://creator.nightcafe.studio/jobs/TVultMptmjbnShVq8fHq/TVultMptmjbnShVq8fHq--1--rjme7.jpg,https://creator.nightcafe.studio/creation/TVultMptmjbnShVq8fHq,creator.nightcafe.studio,nan,8.0,1,"(504.7911682128906, 132.02145385742188, 763.4837036132812, 467.6207580566406)",0.0828
Q003057,ID000383,keiko kitagawa,Real,keiko kitagawa,1,Keiko Kitagawa - IMDb,https://m.media-amazon.com/images/M/MV5BMTc5OTQxODY0NV5BMl5BanBnXkFtZTcwNDQzNzMxOA@@._V1_FMjpg_UX1000_.jpg,https://www.imdb.com/name/nm1487136/,www.imdb.com,tier2,nan,1,"(328.0914001464844, 263.8155212402344, 642.15673828125, 693.1674194335938)",0.08984
Q003057,ID000383,keiko kitagawa,Real,keiko kitagawa,2,Keiko Kitagawa — The Movie Database (TMDB),https://image.tmdb.org/t/p/w500/hbFxLjMvFnbdPA81RnJ5F9Pdi91.jpg,https://www.themoviedb.org/person/120923,www.themoviedb.org,tier2,nan,1,"(106.79918670654297, 149.52508544921875, 362.17877197265625, 489.2394714355469)",0.23135
Q003057,ID000383,keiko kitagawa,Real,keiko kitagawa,3,"8 Keiko kitagawa ideas in 2026 | keiko kitagawa, fast and furious, japanese  girl",https://i.pinimg.com/736x/d6/7c/8b/d67c8b3109543d5d3b3d59ecc58ae9a0.jpg,https://in.pinterest.com/mosesriordan/keiko-kitagawa/,in.pinterest.com,tier2,nan,1,"(204.9532012939453, 40.300750732421875, 361.9761657714844, 249.76919555664062)",0.05206
Q003058,ID000383,keiko kitagawa,Fake,keiko kitagawa AI generated,2,Keiko Kitagawa Closes Her Eyes | Stable Diffusion 온라인,https://imgcdn.stablediffusionweb.com/2024/4/4/434c317c-e156-4290-8779-1326e99fd9f6.jpg,https://stablediffusionweb.com/ko/image/4649104-keiko-kitagawa-closes-her-eyes,stablediffusionweb.com,nan,7.0,1,"(115.74810791015625, 138.968994140625, 572.2028198242188, 741.8338623046875)",0.26243
Q003058,ID000383,keiko kitagawa,Fake,keiko kitagawa AI generated,40,kitagawa keiko Prompts | Stable Diffusion Online,https://imgcdn.stablediffusionweb.com/2024/12/31/0e258cbf-bccd-439c-817b-c228dc219f97.jpg,https://stablediffusionweb.com/prompts/kitagawa-keiko,stablediffusionweb.com,nan,7.0,1,"(359.4244689941406, 246.7340850830078, 667.3692626953125, 628.7265625)",0.11218
Q003065,ID000384,kriti-sanon,Real,kriti-sanon,3,Kriti Sanon - Wikipedia,https://upload.wikimedia.org/wikipedia/commons/thumb/8/87/Kriti_Sanon_at_the_press_conference_for_%27Bachchhan_Paandey%27_%281%29.jpg/250px-Kriti_Sanon_at_the_press_conference_for_%27Bachchhan_Paandey%27_%281%29.jpg,https://en.wikipedia.org/wiki/Kriti_Sanon,en.wikipedia.org,tier2,nan,1,"(89.17500305175781, 42.29621505737305, 150.15646362304688, 126.1749267578125)",0.05636
Q003066,ID000384,kriti-sanon,Fake,kriti-sanon AI generated,4,"Kriti Sanon, bodybuilder pose, < - Kriti Sanon as Bodybuilde...",https://creator.nightcafe.studio/jobs/wHmxMUjaCzksd2YAeTfh/wHmxMUjaCzksd2YAeTfh--1--zqvlm.jpg,https://creator.nightcafe.studio/creation/wHmxMUjaCzksd2YAeTfh,creator.nightcafe.studio,nan,5.0,1,"(424.3542175292969, 72.36913299560547, 606.6054077148438, 334.2571716308594)",0.04552
Q003066,ID000384,kriti-sanon,Fake,kriti-sanon AI generated,9,"lora:Test 2 kriti:1.0> Kriti Sanon,",https://creator.nightcafe.studio/jobs/YJhp1YWiWi2PrBfUuc2u/YJhp1YWiWi2PrBfUuc2u--1--5ju4j.jpg,https://creator.nightcafe.studio/creation/YJhp1YWiWi2PrBfUuc2u,creator.nightcafe.studio,nan,5.0,1,"(388.0498352050781, 255.0284881591797, 633.3716430664062, 583.8307495117188)",0.07693
Q003074,ID000385,lamine-yamal,Fake,lamine-yamal AI generated,29,The U.S. Politician Who Thought Lionel Messi and Lamine Yamal's Viral Photo  Was AI-Generated | beIN SPORTS,https://prod-media.beinsports.com/image/Lionel_Messi-Lamine_Yamal.jpg?ver=03-06-2025,https://www.beinsports.com/en-us/soccer/fifa-world-cup-2026/articles/the-u-s-politician-who-thought-lionel-messi-and-lamine-yamal-s-viral-photo-was-ai-generated-2026-07-16,www.beinsports.com,nan,5.0,1,"(604.7096557617188, 765.966552734375, 904.4485473632812, 1141.1611328125)",0.05423
Q003081,ID000386,meryl streep,Real,meryl streep,1,Meryl Streep - IMDb,https://m.media-amazon.com/images/M/MV5BMTU4Mjk5MDExOF5BMl5BanBnXkFtZTcwOTU1MTMyMw@@._V1_FMjpg_UX1000_.jpg,https://www.imdb.com/name/nm0000658/,www.imdb.com,tier2,nan,1,"(279.32720947265625, 298.4136962890625, 755.7979736328125, 958.5054931640625)",0.22385
Q003082,ID000386,meryl streep,Fake,meryl streep AI generated,2,Meryl Streep,https://creator.nightcafe.studio/jobs/IWAclSrJCvTbnZc6mu0l/IWAclSrJCvTbnZc6mu0l--1--9wmgj.jpg,https://creator.nightcafe.studio/creation/IWAclSrJCvTbnZc6mu0l,creator.nightcafe.studio,nan,5.0,1,"(342.86407470703125, 180.5356903076172, 719.1510620117188, 693.725341796875)",0.18416
Q003083,ID000386,meryl streep,Fake,meryl streep deepfake,36,Deepfake Doctors: AI-Generated Medical Ad Scams,https://cdn.aarp.net/content/dam/aarpe/en/home/podcasts/the-perfect-scam/ai-deepfake-doctors-scam/_jcr_content/root/container_main/container_body_main/container_body1/container_body_cf/container_additional_1/container_2123475527/featuredlist/tabItem/bonus-episode-avoiding-tax-scams2.coreimg.50.932.jpeg/content/dam/aarp/money/podcasts/the-perfect-scam/s23-bonus-episode/tps-s23xbonus-org.jpg,https://www.aarp.org/podcasts/the-perfect-scam/ai-deepfake-doctors-scam.html,www.aarp.org,nan,7.0,1,"(356.8337707519531, 63.23846435546875, 517.19287109375, 268.4754333496094)",0.06601
Q003089,ID000387,mr-beast,Real,mr-beast,1,MrBeast - Wikipedia,https://upload.wikimedia.org/wikipedia/commons/thumb/c/ce/MrBeast_2023_%28cropped%29.jpg/250px-MrBeast_2023_%28cropped%29.jpg,https://en.wikipedia.org/wiki/MrBeast,en.wikipedia.org,tier2,nan,1,"(68.94074249267578, 43.335330963134766, 163.45188903808594, 163.08074951171875)",0.13594
Q003089,ID000387,mr-beast,Real,mr-beast,2,MrBeast - IMDb,"https://m.media-amazon.com/images/M/MV5BZjQyZmFiYTktZjFmZS00ZGNlLTgyNjUtMGNjNmY4MDA4MmMwXkEyXkFqcGc@._V1_CR455,168,1016,1524_FMjpg_UX1000_.jpg",https://www.imdb.com/name/nm10055663/,www.imdb.com,tier2,nan,1,"(301.4801025390625, 232.99908447265625, 649.058349609375, 708.1687622070312)",0.11011
Q003090,ID000387,mr-beast,Fake,mr-beast AI generated,26,Mr Beast. - AI Generated Image From Simple Prompt,https://creator.nightcafe.studio/jobs/eAS91ENYH2iKMBrPucE0/eAS91ENYH2iKMBrPucE0--1--sm2ii.jpg,https://creator.nightcafe.studio/creation/eAS91ENYH2iKMBrPucE0,creator.nightcafe.studio,nan,8.0,1,"(182.99002075195312, 178.4591827392578, 338.67376708984375, 403.6211853027344)",0.13372
Q003090,ID000387,mr-beast,Fake,mr-beast AI generated,38,MrBeast AI Art Job Amasses Fierce Backlash,https://assets.fragmnt.com/sites/5/sites/5/2024/09/mrbeast-ai-artist-job-listing-pulled.jpg?auto=compress%2Cformat,https://passionfru.it/mrbeast-ai-job-89253/,passionfru.it,nan,5.0,1,"(442.4028625488281, -30.967918395996094, 924.65576171875, 626.8555297851562)",0.39165
Q003091,ID000387,mr-beast,Fake,mr-beast deepfake,14,This TikTok ad deepfake of MrBeast is definitely gonna cause some problems.,https://external-preview.redd.it/this-tiktok-ad-deepfake-of-mrbeast-is-definitely-gonna-v0-ZTd1ejc2ZWd5d3JiMfgLm4Ct-BJb1NQNrlpsYEhnSzCqPQbLs4HxOYi2HvBp.png?format=pjpg&auto=webp&s=6fe599a523ed6ee18c4af84ad7f36988f27acadf,https://www.reddit.com/r/LinusTechTips/comments/16yi9uy/this_tiktok_ad_deepfake_of_mrbeast_is_definitely/,www.reddit.com,nan,7.0,1,"(176.4762725830078, 261.2940368652344, 375.9422607421875, 514.0604858398438)",0.09726
Q003093,ID000387,mr-beast,Fake,mr-beast viral deepfake,12,When AI Plays Tricks: Compilation of AI Deepfakes and Scams [+ How to Stay  Safe] | Tidio,https://www.tidio.com/wp-content/uploads/mr-beast-deepfake.png,https://www.tidio.com/blog/ai-deepfakes-and-scams-how-to-stay-safe/,www.tidio.com,nan,7.0,1,"(572.1993408203125, 56.68770980834961, 850.0045166015625, 385.0698547363281)",0.08186
Q003097,ID000388,mukesh-ambani,Real,mukesh-ambani,1,Mukesh Ambani - Wikipedia,https://upload.wikimedia.org/wikipedia/commons/6/69/Mukesh_Ambani.jpg,https://en.wikipedia.org/wiki/Mukesh_Ambani,en.wikipedia.org,tier2,nan,1,"(75.02680206298828, 59.440513610839844, 184.4659881591797, 209.7877960205078)",0.17294
Q003105,ID000389,narendra-modi,Real,narendra-modi,1,Narendra Modi - Wikipedia,https://upload.wikimedia.org/wikipedia/commons/5/5f/The_official_portrait_of_Shri_Narendra_Modi%2C_the_Prime_Minister_of_the_Republic_of_India.jpg,https://en.wikipedia.org/wiki/Narendra_Modi,en.wikipedia.org,tier2,nan,1,"(117.68347930908203, 56.548927307128906, 248.40882873535156, 216.6759490966797)",0.12186
Q003105,ID000389,narendra-modi,Real,narendra-modi,2,"Fast-track courts, strict punishment: PM Modi announces major crackdown on  paper leak mafia",https://i.ytimg.com/vi/8X7Lz8HarE8/oardefault.jpg?sqp=-oaymwEYCJUDENAFSFqQAgHyq4qpAwcIARUAAIhC&rs=AOn4CLCctAav1398r_CVItUhYACgpP-DSA&usqp=CCk,https://www.youtube.com/shorts/8X7Lz8HarE8,www.youtube.com,tier2,nan,1,"(91.80160522460938, 259.5111389160156, 303.19793701171875, 533.046630859375)",0.1983
Q003105,ID000389,narendra-modi,Real,narendra-modi,5,Premiership of Narendra Modi - Wikipedia,https://upload.wikimedia.org/wikipedia/commons/8/83/Narendra_Modi_2021_2_%28cropped%29.jpg,https://en.wikipedia.org/wiki/Premiership_of_Narendra_Modi,en.wikipedia.org,tier2,nan,1,"(327.96026611328125, 207.9839324951172, 902.7280883789062, 978.5595092773438)",0.18936
Q003107,ID000389,narendra-modi,Fake,narendra-modi deepfake,15,PM Narendra Modi deepfake doppelganger Vikas Mahante instagram  clarification viral video - India Today,https://akm-img-a-in.tosshub.com/indiatoday/images/story/202311/pm-narendra-modi-deepfake-doppelganger-clarification-230604944-16x9_0.png?VersionId=VfQBLkUJcxXa3c_CqTMIwMa_oUVi.Tya&size=690:388,https://www.indiatoday.in/india/story/pm-narendra-modi-deepfake-doppelganger-vikas-mahante-clarification-instagram-video-statement-2466453-2023-11-23,www.indiatoday.in,nan,7.0,1,"(257.8997497558594, 38.536224365234375, 432.68634033203125, 272.1976318359375)",0.15255
Q003113,ID000390,riya-ulan,Real,riya-ulan,4,AI videos of sexualised black women removed from TikTok after BBC  investigation - BBC News,https://ichef.bbci.co.uk/ace/standard/976/cpsprodpb/374e/live/100efcf0-23b0-11f1-934f-036468834728.png,https://www.bbc.co.uk/news/articles/c070e283k8vo,www.bbc.co.uk,tier2,nan,1,"(136.09759521484375, 95.871337890625, 337.3157958984375, 371.0639953613281)",0.10334
Q003120,ID000390,riya-ulan,Fake,riya-ulan Midjourney,19,How to get consistently great results with Midjourney,https://6155957.fs1.hubspotusercontent-na1.net/hubfs/6155957/Portrait_female_Midjourney.jpg,https://www.redsharknews.com/how-to-get-great-results-with-midjourney,www.redsharknews.com,nan,7.0,1,"(352.6065673828125, -180.28616333007812, 992.691650390625, 604.639892578125)",0.54516
Q003120,ID000390,riya-ulan,Fake,riya-ulan Midjourney,20,The Ultimate Guide to Photorealism in Midjourney : r/Aiarty,https://preview.redd.it/the-ultimate-guide-to-photorealism-in-midjourney-v0-rv7opmxninhg1.png?width=640&crop=smart&auto=webp&s=0cc750d5391aba88e41cfb68cc5e49a2217258ba,https://www.reddit.com/r/Aiarty/comments/1qwhkpe/the_ultimate_guide_to_photorealism_in_midjourney/,www.reddit.com,nan,7.0,1,"(245.84339904785156, 225.6607666015625, 388.007080078125, 397.5257873535156)",0.04497
Q003120,ID000390,riya-ulan,Fake,riya-ulan Midjourney,25,How to get consistently great results with Midjourney,https://www.redsharknews.com/hs-fs/hubfs/Female_surfer_midjourney.jpg?width=1280&height=717&name=Female_surfer_midjourney.jpg,https://www.redsharknews.com/how-to-get-great-results-with-midjourney,www.redsharknews.com,nan,7.0,1,"(519.3766479492188, 146.8123016357422, 872.8069458007812, 597.4898681640625)",0.17356
Q003121,ID000391,sally-bundock,Real,sally-bundock,2,BBC News - World Business Report - Sally Bundock,https://ichef.bbci.co.uk/images/ic/480xn/p02x2l6x.jpg,https://www.bbc.co.uk/programmes/profiles/3G7WfM3jN5YfZJf0TbjMWX9/sally-bundock,www.bbc.co.uk,tier2,nan,1,"(155.35360717773438, 101.97206115722656, 343.9941101074219, 356.240966796875)",0.11715
Q003121,ID000391,sally-bundock,Real,sally-bundock,3,Sally Bundock (@SallyBundockBBC) / X,https://pbs.twimg.com/profile_images/1714154014101622784/OhIQcDp3_400x400.jpg,https://x.com/SallyBundockBBC,x.com,tier2,nan,1,"(155.4447479248047, 141.5191192626953, 283.82867431640625, 327.7904052734375)",0.14946
Q003123,ID000391,sally-bundock,Fake,sally-bundock deepfake,49,Estate Planning In the Age of Deepfakes,https://eu-images.contentstack.com/v3/assets/bltabaa95ef14172c61/blt132cb8b9f83f6213/691ccb080d31a0d75f9b8742/deepfake-Tero-Vesalainen-iStock-Getty-Images.jpg,https://www.wealthmanagement.com/estate-planning/digital-deceptions-estate-planning-in-the-age-of-deepfakes,www.wealthmanagement.com,nan,7.0,1,"(909.2213745117188, 254.61912536621094, 1182.318359375, 623.2390747070312)",0.06991
Q003122,ID000391,sally-bundock,Fake,sally-bundock AI generated,24,MrBeast and BBC stars used in deepfake scam videos - BBC News,https://ichef.bbci.co.uk/ace/standard/976/cpsprodpb/43DC/production/_131327371_1.png,https://www.bbc.co.uk/news/technology-66993651,www.bbc.co.uk,nan,3.0,1,"(386.4806213378906, -12.17916488647461, 610.4573974609375, 256.6528625488281)",0.11237
Q003129,ID000392,salman-khan,Real,salman-khan,1,Salman Khan - Wikipedia,https://upload.wikimedia.org/wikipedia/commons/a/a4/Salman_Khan_snapped_at_the_Angry_Young_Men_trailer_launch.jpg,https://en.wikipedia.org/wiki/Salman_Khan,en.wikipedia.org,tier2,nan,1,"(176.0740203857422, 98.86361694335938, 335.8576354980469, 325.8725891113281)",0.13226
Q003129,ID000392,salman-khan,Real,salman-khan,2,Salman Khan - IMDb,https://m.media-amazon.com/images/M/MV5BMjMwNTIxODg0OF5BMl5BanBnXkFtZTgwODg2NzM0OTE@._V1_.jpg,https://www.imdb.com/name/nm0006795/,www.imdb.com,tier2,nan,1,"(417.7806396484375, 412.81396484375, 1116.68896484375, 1402.9705810546875)",0.22187
Q003130,ID000392,salman-khan,Fake,salman-khan AI generated,11,Medieval Warrior in Detailed Fantasy Concept Art - AI Art,https://creator.nightcafe.studio/jobs/ADzGedElGm34gXhia0B1/ADzGedElGm34gXhia0B1--1--c7xn7.jpg,https://creator.nightcafe.studio/creation/ADzGedElGm34gXhia0B1,creator.nightcafe.studio,nan,8.0,1,"(197.00241088867188, 50.93521499633789, 273.2268371582031, 155.2522735595703)",0.03033
Q003131,ID000392,salman-khan,Fake,salman-khan deepfake,1,"Pepsi leverages deepfake tech for Salman's double role in new ad,  ETBrandEquity","https://etimg.etb2bimg.com/thumb/msid-90048824,imgsize-18504,width-1200,height=627,overlay-etbrandequity,resizemode-75/research/advertising/salman-khan-pepsi-ad-prem-hum-aapke-hain-kaun-bollywood-deepfake-technology.jpg",https://brandequity.economictimes.indiatimes.com/news/research/advertising/salman-khan-pepsi-ad-prem-hum-aapke-hain-kaun-bollywood-deepfake-technology/90048824,brandequity.economictimes.indiatimes.com,nan,7.0,1,"(495.03436279296875, 87.1904296875, 710.4453735351562, 384.0146179199219)",0.08498
Q003145,ID000394,taylor-swift,Real,taylor-swift,1,Taylor Swift - Wikipedia,https://upload.wikimedia.org/wikipedia/commons/thumb/b/b1/Taylor_Swift_at_the_2023_MTV_Video_Music_Awards_%283%29.png/960px-Taylor_Swift_at_the_2023_MTV_Video_Music_Awards_%283%29.png,https://en.wikipedia.org/wiki/Taylor_Swift,en.wikipedia.org,tier2,nan,1,"(403.0063171386719, 250.70388793945312, 733.1138916015625, 674.4761962890625)",0.10675
Q003145,ID000394,taylor-swift,Real,taylor-swift,3,Taylor Swift - IMDb,https://m.media-amazon.com/images/M/MV5BYWYwYzYzMjUtNWE0MS00NmJlLTljNGMtNzliYjg5NzQ1OWY5XkEyXkFqcGc@._V1_.jpg,https://www.imdb.com/name/nm2357847/,www.imdb.com,tier2,nan,1,"(437.7235107421875, 306.6331787109375, 903.8868408203125, 946.655029296875)",0.1214
Q003146,ID000394,taylor-swift,Fake,taylor-swift AI generated,44,Taylor Swift AI Generated. by GreenYoshi749 on DeviantArt,"https://images-wixmp-ed30a86b8c4ca887773594c2.wixmp.com/f/fac7dad4-d44d-4a64-891f-ce334b9d6f51/dfr2zt6-2e04dc27-0e28-438e-887b-230c4dd8c9c1.png/v1/fill/w_273,h_508,q_80,strp/taylor_swift_ai_generated__by_greenyoshi749_dfr2zt6-fullview.jpg?token=eyJ0eXAiOiJKV1QiLCJhbGciOiJIUzI1NiJ9.eyJzdWIiOiJ1cm46YXBwOjdlMGQxODg5ODIyNjQzNzNhNWYwZDQxNWVhMGQyNmUwIiwiaXNzIjoidXJuOmFwcDo3ZTBkMTg4OTgyMjY0MzczYTVmMGQ0MTVlYTBkMjZlMCIsIm9iaiI6W1t7ImhlaWdodCI6Ijw9NTA4IiwicGF0aCI6Ii9mL2ZhYzdkYWQ0LWQ0NGQtNGE2NC04OTFmLWNlMzM0YjlkNmY1MS9kZnIyenQ2LTJlMDRkYzI3LTBlMjgtNDM4ZS04ODdiLTIzMGM0ZGQ4YzljMS5wbmciLCJ3aWR0aCI6Ijw9MjczIn1dXSwiYXVkIjpbInVybjpzZXJ2aWNlOmltYWdlLm9wZXJhdGlvbnMiXX0.qFs7Ewlq2D9_NAkZvoPhIBtHok0Dq1-LI2wT3ntrQjA",https://www.deviantart.com/greenyoshi749/art/Taylor-Swift-AI-Generated-952481994,www.deviantart.com,nan,7.0,1,"(113.2433853149414, 42.99223327636719, 195.48944091796875, 147.97579956054688)",0.06226
Q003147,ID000394,taylor-swift,Fake,taylor-swift deepfake,9,Taylor Swift AI images & the rise of the deepfakes problem,https://www.gzeromedia.com/media-library/taylor-swift-deepfakes-ai-created-ai-promoted-gzero-ai.jpg?id=51393177&width=1245&height=700&coordinates=0%2C0%2C0%2C0,https://www.gzeromedia.com/video/gzero-ai-video/taylor-swift-ai-images-the-rise-of-deepfakes-problem,www.gzeromedia.com,nan,7.0,1,"(787.1861572265625, 80.88703918457031, 1169.6783447265625, 602.7930908203125)",0.22906
Q003147,ID000394,taylor-swift,Fake,taylor-swift deepfake,19,Taylor Swift AI images & the rise of the deepfakes problem,https://www.gzeromedia.com/media-library/taylor-swift-deepfakes-ai-created-ai-promoted-gzero-ai.jpg?id=51393177&width=2000&height=1500&coordinates=320%2C0%2C0%2C0,https://www.gzeromedia.com/video/gzero-ai-video/taylor-swift-ai-images-the-rise-of-deepfakes-problem,www.gzeromedia.com,nan,7.0,1,"(903.0682373046875, 138.52603149414062, 1778.07373046875, 1306.3775634765625)",0.34063
Q003148,ID000394,taylor-swift,Fake,taylor-swift AI image,2,Taylor Swift calls out AI deepfakes in Harris endorsement,https://cyberscoop.com/wp-content/uploads/sites/3/2024/09/GettyImages-2166943469.jpg,https://cyberscoop.com/taylor-swift-ai-deepfake-trump-post-kamala-harris-endorsement/,cyberscoop.com,nan,5.0,1,"(462.791259765625, 142.9698944091797, 602.851806640625, 337.1266174316406)",0.03976
Q003149,ID000394,taylor-swift,Fake,taylor-swift viral deepfake,24,Taylor Swift content now unsearchable on X after pornographic deepfakes go  viral | The Seattle Times,https://images.seattletimes.com/wp-content/uploads/2024/01/202401271858MCT_____PHOTO____ENTER-MUS-SWIFT-DEEPFAKE-GET.jpg?d=780x554,https://www.seattletimes.com/entertainment/taylor-swift-content-now-unsearchable-on-x-after-pornographic-deepfakes-go-viral/,www.seattletimes.com,nan,7.0,1,"(325.7492980957031, 94.64982604980469, 457.73980712890625, 262.7451171875)",0.05134
Q003153,ID000395,tom-holland,Real,tom-holland,1,Tom Holland - Wikipedia,https://upload.wikimedia.org/wikipedia/commons/thumb/f/f6/Tom_Holland_during_pro-am_Wentworth_golf_club_2023-2_%28cropped%29.jpg/250px-Tom_Holland_during_pro-am_Wentworth_golf_club_2023-2_%28cropped%29.jpg,https://en.wikipedia.org/wiki/Tom_Holland,en.wikipedia.org,tier2,nan,1,"(62.397499084472656, 78.0091552734375, 192.04176330566406, 242.31805419921875)",0.22722
Q003153,ID000395,tom-holland,Real,tom-holland,3,"Tom Holland on Spider-Man's Future, Zendaya, and His Paparazzi Nightmares |  GQ",https://media.gq.com/photos/618d556416d317dbdd5f613f/master/w_1600%2Cc_limit/tom-holland-gq-cover-men-of-the-year-2021.jpg,https://www.gq.com/story/tom-holland-superhero-of-the-year-2021,www.gq.com,tier2,nan,1,"(682.6088256835938, 247.4575653076172, 964.5354614257812, 623.8738403320312)",0.03049
Q003153,ID000395,tom-holland,Real,tom-holland,4,"Tom Holland | Movies, Zendaya, Spider-Man, TV Shows, The Odyssey, Age, Lip  Sync Battle, & Biography | Britannica",https://cdn.britannica.com/27/222527-050-282DF901/Tom-Holland-2019.jpg,https://www.britannica.com/biography/Tom-Holland,www.britannica.com,tier2,nan,1,"(296.2113952636719, 263.72784423828125, 790.6508178710938, 891.9055786132812)",0.18594
Q003155,ID000395,tom-holland,Fake,tom-holland deepfake,16,New Lord Of The Rings 'Trailer' Casts Tom Holland As Frodo In A Hilarious  Deepfake,https://www.looper.com/img/gallery/new-lord-of-the-rings-trailer-casts-tom-holland-as-frodo-in-a-hilarious-deepfake/l-intro-1715125627.jpg,https://www.looper.com/1577779/new-lord-of-the-rings-trailer-casts-tom-holland-frodo-deepfake/,www.looper.com,nan,7.0,1,"(526.5975341796875, 147.85971069335938, 937.9791259765625, 648.6224975585938)",0.1429
Q003156,ID000395,tom-holland,Fake,tom-holland AI image,8,Tom Holland by the Pool | Stable Diffusion Online,https://imgcdn.stablediffusionweb.com/2024/11/4/f921d0f0-823a-4d27-aa62-e27ca2567622.jpg,https://stablediffusionweb.com/image/21836056-tom-holland-by-the-pool,stablediffusionweb.com,nan,7.0,1,"(263.0975646972656, 101.30833435058594, 453.8538513183594, 349.2383728027344)",0.04771
Q003161,ID000396,virat-kohli,Real,virat-kohli,1,Virat Kohli - Wikipedia,https://upload.wikimedia.org/wikipedia/commons/e/ef/Virat_Kohli_during_the_India_vs_Aus_4th_Test_match_at_Narendra_Modi_Stadium_on_09_March_2023.jpg,https://en.wikipedia.org/wiki/Virat_Kohli,en.wikipedia.org,tier2,nan,1,"(176.97744750976562, 83.55853271484375, 320.01953125, 265.6827697753906)",0.07602
Q003161,ID000396,virat-kohli,Real,virat-kohli,2,Virat Kohli | Player Profile | ICC,https://images.icc-cricket.com/image/upload/t_player-headshot-portrait-lg-webp/prd/assets/players/generic/colored/3993.png,https://www.icc-cricket.com/rankings/3993/virat-kohli,www.icc-cricket.com,tier2,nan,1,"(122.81999969482422, 68.4649658203125, 229.1095733642578, 206.0775146484375)",0.05933
Q003169,ID000397,Álvaro-Morte,Real,Álvaro-Morte,1,Álvaro Morte - Wikipedia,https://upload.wikimedia.org/wikipedia/commons/d/dc/%C3%81lvaro_Morte%2C_2020_%28cropped%29.jpg,https://en.wikipedia.org/wiki/%C3%81lvaro_Morte,en.wikipedia.org,tier2,nan,1,"(268.7176513671875, 322.6831359863281, 687.803466796875, 883.6519775390625)",0.15921
Q003169,ID000397,Álvaro-Morte,Real,Álvaro-Morte,2,Álvaro Morte - IMDb,https://m.media-amazon.com/images/M/MV5BZWRjNmZmNzctNTA3NC00NGU1LWJhMTMtOTA4MzA2ZGM1MjkxXkEyXkFqcGc@._V1_.jpg,https://www.imdb.com/name/nm1486647/,www.imdb.com,tier2,nan,1,"(97.42072296142578, 159.29885864257812, 378.69390869140625, 522.3539428710938)",0.2508
Q003169,ID000397,Álvaro-Morte,Real,Álvaro-Morte,3,Álvaro Morte: 'Money Heist' Professor Challenges Villain Stereotypes -  Netflix Tudum,https://dnm.nflximg.net/api/v6/BvVbc2Wxr2w6QuoANoSpJKEIWjQ/AAAAQahorlCEgjtlJtjLuZGET4o-f_w4KawbWjBHLe9qIPP7FMyz2XIzW8P41Y9qV697-MlQTRA_Gj4lZ5izSYi_oQ75hgvyxJuhLo0F_OrlMd8Qa9Pvmp9dhKPwjFSwZLZ236sykUTRcDebGuFF9Gu8ByuDKRQ.jpg?r=616,https://www.netflix.com/tudum/articles/money-heist-professor-alvaro-morte-villain-stereotypes,www.netflix.com,tier2,nan,1,"(360.37237548828125, 59.67079544067383, 502.8409423828125, 234.7755889892578)",0.06499
Q003171,ID000397,Álvaro-Morte,Fake,Álvaro-Morte deepfake,3,Deepfake | Shahrukh Khan as Professor | Money Heist,https://i.ytimg.com/vi/KN44OcdNCVE/hqdefault.jpg,https://www.youtube.com/watch?v=KN44OcdNCVE,www.youtube.com,nan,3.0,1,"(214.49288940429688, 128.2951202392578, 302.3190002441406, 239.9480438232422)",0.05675
Q003171,ID000397,Álvaro-Morte,Fake,Álvaro-Morte deepfake,39,Alvaro Morte de Profesor Jirafales en Chavo del 8 DeepFake,https://i.ytimg.com/vi/oTqP85JnLyo/hq720.jpg?sqp=-oaymwEhCK4FEIIDSFryq4qpAxMIARUAAAAAGAElAADIQj0AgKJD&rs=AOn4CLDzU8ghQ3kGV3t4-GK7T57oyUvrCQ,https://www.youtube.com/watch?v=oTqP85JnLyo,www.youtube.com,nan,3.0,1,"(315.96844482421875, 75.84659576416016, 393.72796630859375, 183.19891357421875)",0.03152
Q003179,ID000398,úrsula-corberó,Fake,úrsula-corberó deepfake,5,Celebrity Look-Alike Deepfake: Ursula Corbero as Sabrina | TikTok,https://p16-common-sign.tiktokcdn-us.com/tos-alisg-p-0037/e2cc4609355e437286ff72f08751cc84_1607616955~tplv-photomode-video-share-card:630:630:20.jpeg?dr=9616&refresh_token=5d53cade&x-expires=1816970400&x-signature=EAQyxn3McAsWBtDfk2T1wI1FBuw%3D&t=4d5b0474&ps=13740610&shp=55bbe6a9&shcp=f07906a3&idc=useast8&ftpl=1,https://www.tiktok.com/@sophiehannah/video/6904662229497449729,www.tiktok.com,nan,3.0,1,"(227.8663330078125, 145.239501953125, 402.4693298339844, 376.6040344238281)",0.10178
Q003181,ID000398,úrsula-corberó,Fake,úrsula-corberó viral deepfake,45,The Tom Cruise deepfake that set off 'terror' in the heart of Washington DC  - ABC News,https://i.ytimg.com/vi/6o5USjLnX2s/maxresdefault.jpg,https://www.abc.net.au/news/2021-06-24/tom-cruise-deepfake-chris-ume-security-washington-dc/100234772,www.abc.net.au,nan,5.0,1,"(618.10986328125, -39.65977478027344, 1025.2041015625, 514.470703125)",0.24477
Q003183,ID000398,úrsula-corberó,Fake,úrsula-corberó Stable Diffusion,30,ursula van der leyden Prompts | Stable Diffusion Online,https://imgcdn.stablediffusionweb.com/2025/1/15/b8d977f2-3437-46b5-87ae-aaba05cc4db9.jpg,https://stablediffusionweb.com/prompts/ursula-van-der-leyden,stablediffusionweb.com,nan,7.0,1,"(240.60690307617188, 210.5071258544922, 755.2352294921875, 864.888916015625)",0.32116
Q000561,ID000071,Chris Tucker,Real,Chris Tucker,2,Chris Tucker - Wikipedia,https://upload.wikimedia.org/wikipedia/commons/thumb/b/be/Chris_Tucker_1996.jpg/250px-Chris_Tucker_1996.jpg,https://en.wikipedia.org/wiki/Chris_Tucker,en.wikipedia.org,tier2,nan,1,"(56.163978576660156, 54.79690170288086, 218.06301879882812, 281.9145812988281)",0.42756
Q000569,ID000072,Christian Bale,Real,Christian Bale,1,Christian Bale - Wikipedia,https://upload.wikimedia.org/wikipedia/commons/0/0a/Christian_Bale-7837.jpg,https://en.wikipedia.org/wiki/Christian_Bale,en.wikipedia.org,tier2,nan,1,"(814.6461181640625, 818.9917602539062, 1885.8900146484375, 2277.48193359375)",0.15234
Q000729,ID000092,Dwayne Johnson,Real,Dwayne Johnson,1,Dwayne Johnson - Wikipedia,https://upload.wikimedia.org/wikipedia/commons/7/7e/Dwayne_Johnson-1764_%284x5_cropped_with_moderate_headroom%29.jpg,https://en.wikipedia.org/wiki/Dwayne_Johnson,en.wikipedia.org,tier2,nan,1,"(904.9766845703125, 347.8188781738281, 2277.387451171875, 2134.402099609375)",0.17292
Q000737,ID000093,Dylan O,Real,Dylan O,1,Dylan O'Brien - Wikipedia,https://upload.wikimedia.org/wikipedia/commons/4/48/2025_Dylan_O%27Brien_%28cropped%29.jpg,https://en.wikipedia.org/wiki/Dylan_O%27Brien,en.wikipedia.org,tier2,nan,1,"(437.9052734375, 459.066162109375, 1316.926025390625, 1594.6890869140625)",0.22736
Q000745,ID000094,Dylan-Dreyer,Real,Dylan-Dreyer,2,Dylan Dreyer - Wikipedia,https://upload.wikimedia.org/wikipedia/commons/a/a1/Actress_Malin_Akerman_Visits_TODAY_Show_%2850026255087%29_%28cropped2%29.jpg,https://en.wikipedia.org/wiki/Dylan_Dreyer,en.wikipedia.org,tier2,nan,1,"(108.1510009765625, 47.179039001464844, 211.96142578125, 189.83956909179688)",0.1007
Q000777,ID000098,Ellyse Perry,Real,Ellyse Perry,1,Ellyse Perry - Wikipedia,https://upload.wikimedia.org/wikipedia/commons/5/5f/2017%E2%80%9318_W_Ashes_A_v_E_Test_17-11-09_Perry_portrait_%2802%29.jpg,https://en.wikipedia.org/wiki/Ellyse_Perry,en.wikipedia.org,tier2,nan,1,"(681.7044677734375, 438.551513671875, 1218.133544921875, 1052.7684326171875)",0.06423
Q000825,ID000104,Emma-Mackey,Real,Emma-Mackey,1,Emma Mackey - Wikipedia,https://upload.wikimedia.org/wikipedia/commons/7/78/MKr385780_Emma_Mackey_%28Alpha%2C_Cannes_2025%29.jpg,https://en.wikipedia.org/wiki/Emma_Mackey,en.wikipedia.org,tier2,nan,1,"(594.6179809570312, 650.0045166015625, 1706.2098388671875, 2323.70751953125)",0.1872
Q000929,ID000117,Gabriel-Boric,Real,Gabriel-Boric,1,Gabriel Boric - Wikipedia,https://upload.wikimedia.org/wikipedia/commons/b/b4/Retrato_Oficial_Presidente_Boric_Font.jpg,https://en.wikipedia.org/wiki/Gabriel_Boric,en.wikipedia.org,tier2,nan,1,"(718.6614379882812, 306.0940856933594, 1015.9849853515625, 710.6223754882812)",0.04068
Q000953,ID000120,George C. Scott,Real,George C. Scott,1,George C. Scott - Wikipedia,https://upload.wikimedia.org/wikipedia/commons/0/07/George_C._Scott_-_publicity.JPG,https://en.wikipedia.org/wiki/George_C._Scott,en.wikipedia.org,tier2,nan,1,"(145.18142700195312, 90.51432800292969, 356.09466552734375, 374.5305480957031)",0.14095
Q001017,ID000128,Guy Pearce,Real,Guy Pearce,1,Guy Pearce - Wikipedia,https://upload.wikimedia.org/wikipedia/commons/8/88/Crew_members_of_the_movie_%22Genius%22_at_the_Berlinale_party_%2825036107966%29_%28cropped%29.jpg,https://en.wikipedia.org/wiki/Guy_Pearce,en.wikipedia.org,tier2,nan,1,"(283.4033508300781, 257.5450439453125, 642.5870361328125, 754.5732421875)",0.15377
Q001641,ID000206,Keanu Reeves,Real,Keanu Reeves,1,Keanu Reeves - Wikipedia,https://upload.wikimedia.org/wikipedia/commons/b/b4/Keanu_Reeves_at_TIFF_2025_02_%28Cropped%29.jpg,https://en.wikipedia.org/wiki/Keanu_Reeves,en.wikipedia.org,tier2,nan,1,"(643.200927734375, 519.7190551757812, 1602.219482421875, 2001.0789794921875)",0.20893
Q001737,ID000218,Kristin Scott Thomas,Real,Kristin Scott Thomas,3,Kristin Scott Thomas - Alain Elkann Interviews,https://www.alainelkanninterviews.com/wp-content/uploads/2018/01/1794-KST-600x640.jpg,https://www.alainelkanninterviews.com/kristin-scott-thomas/,www.alainelkanninterviews.com,tier2,nan,1,"(190.14854431152344, 62.743621826171875, 426.1881408691406, 362.86700439453125)",0.18448
Q003025,ID000379,denzel washington,Real,denzel washington,1,Denzel Washington - Wikipedia,https://upload.wikimedia.org/wikipedia/commons/thumb/c/cc/Denzel_Washington_at_the_2025_Cannes_Film_Festival.jpg/960px-Denzel_Washington_at_the_2025_Cannes_Film_Festival.jpg,https://en.wikipedia.org/wiki/Denzel_Washington,en.wikipedia.org,tier2,nan,1,"(249.63677978515625, 226.171142578125, 725.9344482421875, 905.320068359375)",0.25071
Q003033,ID000380,dua-lipa,Real,dua-lipa,1,Dua Lipa - Wikipedia,https://upload.wikimedia.org/wikipedia/commons/6/66/Dua_Lipa-69798_%28cropped%29.jpg,https://en.wikipedia.org/wiki/Dua_Lipa,en.wikipedia.org,tier2,nan,1,"(486.0224914550781, 389.52276611328125, 1309.12109375, 1514.951904296875)",0.19014
Q003101,ID000388,mukesh-ambani,Fake,mukesh-ambani viral deepfake,46,"Mumbai: Doctor Duped with Deepfake Mukesh Ambani Video, Loses Rs 7 Lakh -  www.lokmattimes.com",https://d3pc1xvrcw35tl.cloudfront.net/ln/images/1200x900/mukesh-ambani-deepfake-_202406759037.jpg,https://www.lokmattimes.com/mumbai/mumbai-doctor-duped-with-deepfake-mukesh-ambani-video-loses-rs-7-lakh-a510/,www.lokmattimes.com,nan,7.0,1,"(184.6751708984375, 199.66136169433594, 435.5440979003906, 556.4613037109375)",0.08288
Q003107,ID000389,narendra-modi,Fake,narendra-modi deepfake,5,Deepfake videos are a possible election threat - GZERO Media,https://www.gzeromedia.com/media-library/polymath-synthetic-media-solutions-shows-a-demo-video-to-potential-customers-that-shows-indian-prime-minister-narendra-modi-spea.jpg?id=53780324&width=400&height=261,https://www.gzeromedia.com/gzero-ai/deepfake-videos-are-a-possible-election-threat,www.gzeromedia.com,nan,7.0,1,"(118.64427947998047, 56.86527633666992, 183.2364044189453, 156.75961303710938)",0.0618
Q003177,ID000398,úrsula-corberó,Real,úrsula-corberó,5,Úrsula Corberó (Creator) - TV Tropes,https://mediaproxy.tvtropes.org/width/1200/https://static.tvtropes.org/pmwiki/pub/images/jc_48.jpg,https://tvtropes.org/pmwiki/pmwiki.php/Creator/UrsulaCorbero,tvtropes.org,tier2,nan,1,"(358.63311767578125, 191.1154022216797, 803.3573608398438, 801.19873046875)",0.18842
Q003179,ID000398,úrsula-corberó,Fake,úrsula-corberó deepfake,17,deepfake ursula corbero,http://aws-br-pic.kwai.net/bs2/overseaHead/20230807033539_BMTUwMDAxMjA2MzI4ODQ1_s.jpg,https://www.kwai.com/search/deepfake-ursula-corbero/video/5224607146931467497?lang=id,www.kwai.com,nan,5.0,1,"(65.50631713867188, 37.43374252319336, 130.8054962158203, 119.99812316894531)",0.13478
