Query_ID,Status,Search_Time,Results_Returned
Q000001,success,2026-07-31T12:43:44,3
Q000002,success,2026-07-31T12:43:50,1
Q000003,success,2026-07-31T12:43:53,3
Q000004,success,2026-07-31T12:43:56,3
Q000005,success,2026-07-31T12:43:59,2
Q000006,no_results,2026-07-31T12:44:02,0
Q000007,no_results,2026-07-31T12:44:05,0
Q000008,success,2026-07-31T12:44:09,3
Q000009,success,2026-07-31T12:44:12,3
Q000010,success,2026-07-31T12:44:15,1
Q000011,no_results,2026-07-31T12:44:18,0
Q000012,success,2026-07-31T12:44:23,3
Q000013,no_results,2026-07-31T12:44:26,0
Q000014,no_results,2026-07-31T12:44:29,0
Q000015,no_results,2026-07-31T12:44:32,0
Q000016,success,2026-07-31T12:44:35,2
Q000017,success,2026-07-31T12:44:38,3
Q000018,success,2026-07-31T12:44:41,3
Q000019,no_results,2026-07-31T12:44:44,0
Q000020,success,2026-07-31T12:44:47,3
Q000021,no_results,2026-07-31T12:44:50,0
Q000022,success,2026-07-31T12:44:53,2
Q000023,no_results,2026-07-31T12:44:58,0
Q000024,success,2026-07-31T12:45:01,3
Q000025,success,2026-07-31T12:45:04,3
Q000026,no_results,2026-07-31T12:45:07,0
Q000027,success,2026-07-31T12:45:10,3
Q000028,no_results,2026-07-31T12:45:13,0
Q000029,success,2026-07-31T12:45:16,3
Q000030,no_results,2026-07-31T12:45:19,0
Q000031,success,2026-07-31T12:45:23,2
Q000032,success,2026-07-31T12:45:26,3
Q000033,success,2026-07-31T12:45:29,3
Q000034,success,2026-07-31T12:45:34,3
Q000035,success,2026-07-31T12:45:37,3
Q000036,success,2026-07-31T12:45:40,3
Q000037,success,2026-07-31T12:45:43,3
Q000038,skipped_target_met,2026-07-31T12:45:46,0
Q000039,skipped_target_met,2026-07-31T12:45:46,0
Q000040,skipped_target_met,2026-07-31T12:45:46,0
Q000041,success,2026-07-31T12:45:46,3
Q000042,no_results,2026-07-31T12:45:49,0
Q000043,success,2026-07-31T12:45:52,3
Q000044,no_results,2026-07-31T12:45:56,0
Q000045,success,2026-07-31T12:45:59,2
Q000046,no_results,2026-07-31T12:46:02,0
Q000047,no_results,2026-07-31T12:46:08,0
Q000048,no_results,2026-07-31T12:46:11,0
Q000049,success,2026-07-31T12:46:15,3
Q000050,success,2026-07-31T12:46:18,1
Q000051,no_results,2026-07-31T12:46:21,0
Q000052,success,2026-07-31T12:46:24,1
Q000053,no_results,2026-07-31T12:46:27,0
Q000054,no_results,2026-07-31T12:46:31,0
Q000055,no_results,2026-07-31T12:46:34,0
Q000056,success,2026-07-31T12:46:37,3
Q000057,success,2026-07-31T12:46:42,3
Q000058,success,2026-07-31T12:46:45,3
Q000059,success,2026-07-31T12:46:48,3
Q000060,success,2026-07-31T12:46:51,3
Q000061,success,2026-07-31T12:46:55,3
Q000062,skipped_target_met,2026-07-31T12:46:58,0
Q000063,skipped_target_met,2026-07-31T12:46:58,0
Q000064,skipped_target_met,2026-07-31T12:46:58,0
Q000065,success,2026-07-31T12:46:58,3
Q000066,success,2026-07-31T12:47:01,3
Q000067,success,2026-07-31T12:47:05,3
Q000068,success,2026-07-31T12:47:08,3
Q000069,success,2026-07-31T12:47:11,3
Q000070,skipped_target_met,2026-07-31T12:47:18,0
Q000071,skipped_target_met,2026-07-31T12:47:18,0
Q000072,skipped_target_met,2026-07-31T12:47:18,0
Q000073,success,2026-07-31T12:47:18,3
Q000074,success,2026-07-31T12:47:22,3
Q000075,success,2026-07-31T12:47:26,3
Q000076,success,2026-07-31T12:47:29,3
Q000077,success,2026-07-31T12:47:32,3
Q000078,skipped_target_met,2026-07-31T12:47:35,0
Q000079,skipped_target_met,2026-07-31T12:47:35,0
Q000080,skipped_target_met,2026-07-31T12:47:35,0
Q000081,success,2026-07-31T12:47:35,3
Q000082,success,2026-07-31T12:47:39,2
Q000083,success,2026-07-31T12:47:42,3
Q000084,no_results,2026-07-31T12:47:45,0
Q000085,success,2026-07-31T12:47:55,3
Q000086,success,2026-07-31T12:48:00,3
Q000087,skipped_target_met,2026-07-31T12:48:04,0
Q000088,skipped_target_met,2026-07-31T12:48:04,0
Q000089,success,2026-07-31T12:48:04,3
Q000090,no_results,2026-07-31T12:48:07,0
Q000091,success,2026-07-31T12:48:10,1
Q000092,success,2026-07-31T12:48:14,1
Q000093,success,2026-07-31T12:48:18,2
Q000094,no_results,2026-07-31T12:48:20,0
Q000095,no_results,2026-07-31T12:48:25,0
Q000096,success,2026-07-31T12:48:28,3
Q000097,success,2026-07-31T12:48:31,3
Q000098,success,2026-07-31T12:48:35,3
Q000099,success,2026-07-31T12:48:38,3
Q000100,success,2026-07-31T12:48:41,3
Q000101,success,2026-07-31T12:48:44,3
Q000102,skipped_target_met,2026-07-31T12:48:47,0
Q000103,skipped_target_met,2026-07-31T12:48:47,0
Q000104,skipped_target_met,2026-07-31T12:48:47,0
Q000105,success,2026-07-31T12:48:47,3
Q000106,success,2026-07-31T12:48:51,3
Q000107,success,2026-07-31T12:48:54,3
Q000108,success,2026-07-31T12:48:59,3
Q000109,success,2026-07-31T12:49:02,3
Q000110,skipped_target_met,2026-07-31T12:49:05,0
Q000111,skipped_target_met,2026-07-31T12:49:05,0
Q000112,skipped_target_met,2026-07-31T12:49:05,0
Q000113,success,2026-07-31T12:49:05,3
Q000114,success,2026-07-31T12:49:08,3
Q000115,success,2026-07-31T12:49:11,3
Q000116,success,2026-07-31T12:49:14,3
Q000117,success,2026-07-31T12:49:17,3
Q000118,skipped_target_met,2026-07-31T12:49:21,0
Q000119,skipped_target_met,2026-07-31T12:49:21,0
Q000120,skipped_target_met,2026-07-31T12:49:21,0
Q000121,success,2026-07-31T12:49:21,3
Q000122,no_results,2026-07-31T12:49:23,0
Q000123,success,2026-07-31T12:49:27,2
Q000124,success,2026-07-31T12:49:32,2
Q000125,no_results,2026-07-31T12:49:35,0
Q000126,no_results,2026-07-31T12:49:38,0
Q000127,no_results,2026-07-31T12:49:41,0
Q000128,no_results,2026-07-31T12:49:44,0
Q000129,success,2026-07-31T12:49:47,3
Q000130,success,2026-07-31T12:49:50,3
Q000131,success,2026-07-31T12:49:54,3
Q000132,success,2026-07-31T12:49:57,3
Q000133,success,2026-07-31T12:49:59,3
Q000134,skipped_target_met,2026-07-31T12:50:02,0
Q000135,skipped_target_met,2026-07-31T12:50:02,0
Q000136,skipped_target_met,2026-07-31T12:50:02,0
Q000137,success,2026-07-31T12:50:02,3
Q000138,success,2026-07-31T12:50:07,3
Q000139,success,2026-07-31T12:50:10,3
Q000140,success,2026-07-31T12:50:13,3
Q000141,success,2026-07-31T12:50:17,3
Q000142,skipped_target_met,2026-07-31T12:50:20,0
Q000143,skipped_target_met,2026-07-31T12:50:20,0
Q000144,skipped_target_met,2026-07-31T12:50:20,0
Q000145,success,2026-07-31T12:50:20,3
Q000146,no_results,2026-07-31T12:50:23,0
Q000147,success,2026-07-31T12:50:26,1
Q000148,success,2026-07-31T12:50:29,1
Q000149,success,2026-07-31T12:50:33,1
Q000150,no_results,2026-07-31T12:50:36,0
Q000151,success,2026-07-31T12:50:41,3
Q000152,no_results,2026-07-31T12:50:45,0
Q000153,success,2026-07-31T12:50:51,3
Q000154,success,2026-07-31T12:50:54,3
Q000155,success,2026-07-31T12:50:57,3
Q000156,success,2026-07-31T12:51:01,3
Q000157,success,2026-07-31T12:51:04,3
Q000158,skipped_target_met,2026-07-31T12:51:06,0
Q000159,skipped_target_met,2026-07-31T12:51:06,0
Q000160,skipped_target_met,2026-07-31T12:51:06,0
Q000161,success,2026-07-31T12:51:06,3
Q000162,no_results,2026-07-31T12:51:10,0
Q000163,no_results,2026-07-31T12:51:16,0
Q000164,no_results,2026-07-31T12:51:19,0
Q000165,no_results,2026-07-31T12:51:22,0
Q000166,no_results,2026-07-31T12:51:25,0
Q000167,no_results,2026-07-31T12:51:28,0
Q000168,success,2026-07-31T12:51:31,1
Q000169,success,2026-07-31T12:51:34,3
Q000170,success,2026-07-31T12:51:38,3
Q000171,success,2026-07-31T12:51:41,3
Q000172,success,2026-07-31T12:51:44,3
Q000173,success,2026-07-31T12:51:49,3
Q000174,skipped_target_met,2026-07-31T12:51:52,0
Q000175,skipped_target_met,2026-07-31T12:51:52,0
Q000176,skipped_target_met,2026-07-31T12:51:52,0
Q000177,success,2026-07-31T12:51:52,3
Q000178,success,2026-07-31T12:51:55,3
Q000179,no_results,2026-07-31T12:51:58,0
Q000180,success,2026-07-31T12:52:01,3
Q000181,no_results,2026-07-31T12:52:05,0
Q000182,no_results,2026-07-31T12:52:08,0
Q000183,success,2026-07-31T12:52:11,3
Q000184,no_results,2026-07-31T12:52:14,0
Q000185,success,2026-07-31T12:52:17,3
Q000186,success,2026-07-31T12:52:22,3
Q000187,success,2026-07-31T12:52:25,3
Q000188,success,2026-07-31T12:52:28,1
Q000189,success,2026-07-31T12:52:31,2
Q000190,success,2026-07-31T12:52:34,3
Q000191,skipped_target_met,2026-07-31T12:52:37,0
Q000192,skipped_target_met,2026-07-31T12:52:37,0
Q000193,success,2026-07-31T12:52:37,3
Q000194,success,2026-07-31T12:52:44,3
Q000195,success,2026-07-31T12:52:47,3
Q000196,success,2026-07-31T12:52:50,3
Q000197,success,2026-07-31T12:52:55,2
Q000198,skipped_target_met,2026-07-31T12:52:58,0
Q000199,skipped_target_met,2026-07-31T12:52:58,0
Q000200,skipped_target_met,2026-07-31T12:52:58,0
Q000201,success,2026-07-31T12:52:58,3
Q000202,success,2026-07-31T12:53:02,2
Q000203,no_results,2026-07-31T12:53:14,0
Q000204,success,2026-07-31T12:53:18,1
Q000205,no_results,2026-07-31T12:53:21,0
Q000206,no_results,2026-07-31T12:53:24,0
Q000207,success,2026-07-31T12:53:29,3
Q000208,success,2026-07-31T12:53:32,3
Q000209,success,2026-07-31T12:53:35,3
Q000210,success,2026-07-31T12:53:38,1
Q000211,success,2026-07-31T12:53:41,2
Q000212,success,2026-07-31T12:53:44,1
Q000213,success,2026-07-31T12:53:47,2
Q000214,no_results,2026-07-31T12:53:51,0
Q000215,success,2026-07-31T12:53:53,3
Q000216,success,2026-07-31T12:53:56,1
Q000217,success,2026-07-31T12:54:00,3
Q000218,success,2026-07-31T12:54:04,3
Q000219,success,2026-07-31T12:54:07,1
Q000220,success,2026-07-31T12:54:11,3
Q000221,no_results,2026-07-31T12:54:14,0
Q000222,success,2026-07-31T12:54:17,1
Q000223,no_results,2026-07-31T12:54:21,0
Q000224,success,2026-07-31T12:54:24,3
Q000225,success,2026-07-31T12:54:27,3
Q000226,success,2026-07-31T12:54:30,3
Q000227,success,2026-07-31T12:54:33,1
Q000228,no_results,2026-07-31T12:54:38,0
Q000229,success,2026-07-31T12:54:41,2
Q000230,no_results,2026-07-31T12:54:44,0
Q000231,success,2026-07-31T12:54:47,1
Q000232,success,2026-07-31T12:54:50,3
Q000233,success,2026-07-31T12:54:53,3
Q000234,success,2026-07-31T12:54:57,3
Q000235,success,2026-07-31T12:55:00,3
Q000236,success,2026-07-31T12:55:03,3
Q000237,success,2026-07-31T12:55:06,1
Q000238,skipped_target_met,2026-07-31T12:55:10,0
Q000239,skipped_target_met,2026-07-31T12:55:11,0
Q000240,skipped_target_met,2026-07-31T12:55:11,0
Q000241,success,2026-07-31T12:55:11,3
Q000242,success,2026-07-31T12:55:14,3
Q000243,success,2026-07-31T12:55:17,3
Q000244,success,2026-07-31T12:55:20,3
Q000245,success,2026-07-31T12:55:23,3
Q000246,skipped_target_met,2026-07-31T12:55:26,0
Q000247,skipped_target_met,2026-07-31T12:55:26,0
Q000248,skipped_target_met,2026-07-31T12:55:26,0
Q000249,success,2026-07-31T12:55:26,3
Q000250,no_results,2026-07-31T12:55:29,0
Q000251,success,2026-07-31T12:55:32,3
Q000252,success,2026-07-31T12:55:35,1
Q000253,success,2026-07-31T12:55:39,1
Q000254,no_results,2026-07-31T12:55:44,0
Q000255,success,2026-07-31T12:55:47,3
Q000256,success,2026-07-31T12:55:50,3
Q000257,success,2026-07-31T12:55:53,3
Q000258,no_results,2026-07-31T12:55:56,0
Q000259,success,2026-07-31T12:56:00,1
Q000260,no_results,2026-07-31T12:56:04,0
Q000261,no_results,2026-07-31T12:56:07,0
Q000262,no_results,2026-07-31T12:56:10,0
Q000263,success,2026-07-31T12:56:14,1
Q000264,success,2026-07-31T12:56:18,2
Q000265,success,2026-07-31T12:56:21,3
Q000266,success,2026-07-31T12:56:24,3
Q000267,success,2026-07-31T12:56:27,3
Q000268,success,2026-07-31T12:56:30,3
Q000269,success,2026-07-31T12:56:33,3
Q000270,skipped_target_met,2026-07-31T12:56:36,0
Q000271,skipped_target_met,2026-07-31T12:56:36,0
Q000272,skipped_target_met,2026-07-31T12:56:36,0
Q000273,success,2026-07-31T12:56:36,3
Q000274,success,2026-07-31T12:56:40,3
Q000275,no_results,2026-07-31T12:56:43,0
Q000276,success,2026-07-31T12:56:46,3
Q000277,no_results,2026-07-31T12:56:49,0
Q000278,no_results,2026-07-31T12:56:54,0
Q000279,success,2026-07-31T12:56:57,3
Q000280,success,2026-07-31T12:57:00,2
Q000281,success,2026-07-31T12:57:04,3
Q000282,success,2026-07-31T12:57:07,3
Q000283,success,2026-07-31T12:57:10,1
Q000284,success,2026-07-31T12:57:14,3
Q000285,no_results,2026-07-31T12:57:17,0
Q000286,no_results,2026-07-31T12:57:20,0
Q000287,success,2026-07-31T12:57:25,2
Q000288,success,2026-07-31T12:57:28,2
Q000289,success,2026-07-31T12:57:31,3
Q000290,success,2026-07-31T12:57:34,3
Q000291,success,2026-07-31T12:57:37,1
Q000292,success,2026-07-31T12:57:40,3
Q000293,success,2026-07-31T12:57:48,2
Q000294,no_results,2026-07-31T12:57:52,0
Q000295,success,2026-07-31T12:57:55,1
Q000296,skipped_target_met,2026-07-31T12:57:59,0
Q000297,success,2026-07-31T12:57:59,3
Q000298,success,2026-07-31T12:58:02,3
Q000299,success,2026-07-31T12:58:06,3
Q000300,success,2026-07-31T12:58:09,3
Q000301,success,2026-07-31T12:58:12,3
Q000302,skipped_target_met,2026-07-31T12:58:16,0
Q000303,skipped_target_met,2026-07-31T12:58:16,0
Q000304,skipped_target_met,2026-07-31T12:58:16,0
Q000305,success,2026-07-31T12:58:16,3
Q000306,success,2026-07-31T12:58:20,3
Q000307,success,2026-07-31T12:58:23,3
Q000308,success,2026-07-31T12:58:26,3
Q000309,success,2026-07-31T12:58:29,3
Q000310,skipped_target_met,2026-07-31T12:58:34,0
Q000311,skipped_target_met,2026-07-31T12:58:34,0
Q000312,skipped_target_met,2026-07-31T12:58:34,0
Q000313,success,2026-07-31T12:58:34,3
Q000314,success,2026-07-31T12:58:37,3
Q000315,success,2026-07-31T12:58:40,3
Q000316,success,2026-07-31T12:58:43,3
Q000317,success,2026-07-31T12:58:46,3
Q000318,skipped_target_met,2026-07-31T12:58:49,0
Q000319,skipped_target_met,2026-07-31T12:58:49,0
Q000320,skipped_target_met,2026-07-31T12:58:49,0
Q000321,success,2026-07-31T12:58:49,3
Q000322,no_results,2026-07-31T12:58:52,0
Q000323,no_results,2026-07-31T12:58:55,0
Q000324,no_results,2026-07-31T12:58:58,0
Q000325,success,2026-07-31T12:59:02,2
Q000326,no_results,2026-07-31T12:59:07,0
Q000327,success,2026-07-31T12:59:10,1
Q000328,success,2026-07-31T12:59:14,3
Q000329,success,2026-07-31T12:59:17,3
Q000330,no_results,2026-07-31T12:59:20,0
Q000331,success,2026-07-31T12:59:23,1
Q000332,success,2026-07-31T12:59:26,2
Q000333,no_results,2026-07-31T12:59:29,0
Q000334,no_results,2026-07-31T12:59:32,0
Q000335,success,2026-07-31T12:59:35,2
Q000336,success,2026-07-31T12:59:40,1
Q000337,success,2026-07-31T12:59:43,3
Q000338,success,2026-07-31T12:59:46,3
Q000339,success,2026-07-31T12:59:49,3
Q000340,success,2026-07-31T12:59:52,3
Q000341,success,2026-07-31T12:59:55,2
Q000342,skipped_target_met,2026-07-31T12:59:58,0
Q000343,skipped_target_met,2026-07-31T12:59:58,0
Q000344,skipped_target_met,2026-07-31T12:59:58,0
Q000345,success,2026-07-31T12:59:58,3
Q000346,success,2026-07-31T13:00:01,3
Q000347,success,2026-07-31T13:00:04,1
Q000348,success,2026-07-31T13:00:07,3
Q000349,no_results,2026-07-31T13:00:10,0
Q000350,no_results,2026-07-31T13:00:15,0
Q000351,no_results,2026-07-31T13:00:18,0
Q000352,success,2026-07-31T13:00:21,3
Q000353,success,2026-07-31T13:00:24,3
Q000354,success,2026-07-31T13:00:27,3
Q000355,success,2026-07-31T13:00:30,3
Q000356,success,2026-07-31T13:00:33,3
Q000357,success,2026-07-31T13:00:40,3
Q000358,skipped_target_met,2026-07-31T13:00:43,0
Q000359,skipped_target_met,2026-07-31T13:00:43,0
Q000360,skipped_target_met,2026-07-31T13:00:43,0
Q000361,success,2026-07-31T13:00:43,3
Q000362,no_results,2026-07-31T13:00:48,0
Q000363,no_results,2026-07-31T13:00:52,0
Q000364,success,2026-07-31T13:00:56,1
Q000365,no_results,2026-07-31T13:00:59,0
Q000366,no_results,2026-07-31T13:01:02,0
Q000367,success,2026-07-31T13:01:05,3
Q000368,no_results,2026-07-31T13:01:08,0
Q000369,success,2026-07-31T13:01:11,3
Q000370,success,2026-07-31T13:01:19,3
Q000371,success,2026-07-31T13:01:23,3
Q000372,success,2026-07-31T13:01:27,3
Q000373,success,2026-07-31T13:01:30,3
Q000374,skipped_target_met,2026-07-31T13:01:33,0
Q000375,skipped_target_met,2026-07-31T13:01:33,0
Q000376,skipped_target_met,2026-07-31T13:01:33,0
Q000377,success,2026-07-31T13:01:33,3
Q000378,success,2026-07-31T13:01:36,1
Q000379,success,2026-07-31T13:01:39,3
Q000380,no_results,2026-07-31T13:01:44,0
Q000381,success,2026-07-31T13:01:47,1
Q000382,no_results,2026-07-31T13:01:51,0
Q000383,no_results,2026-07-31T13:02:05,0
Q000384,success,2026-07-31T13:02:08,1
Q000385,success,2026-07-31T13:02:11,3
Q000386,success,2026-07-31T13:02:14,3
Q000387,no_results,2026-07-31T13:02:17,0
Q000388,success,2026-07-31T13:02:20,3
Q000389,success,2026-07-31T13:02:24,3
Q000390,no_results,2026-07-31T13:02:34,0
Q000391,success,2026-07-31T13:02:38,1
Q000392,skipped_target_met,2026-07-31T13:02:40,0
Q000393,success,2026-07-31T13:02:40,3
Q000394,no_results,2026-07-31T13:02:43,0
Q000395,success,2026-07-31T13:02:46,3
Q000396,no_results,2026-07-31T13:02:50,0
Q000397,success,2026-07-31T13:02:53,3
Q000398,success,2026-07-31T13:02:56,3
Q000399,no_results,2026-07-31T13:03:04,0
Q000400,success,2026-07-31T13:03:08,3
Q000401,success,2026-07-31T13:03:11,3
Q000402,success,2026-07-31T13:03:14,3
Q000403,success,2026-07-31T13:03:17,3
Q000404,success,2026-07-31T13:03:20,3
Q000405,success,2026-07-31T13:03:22,3
Q000406,skipped_target_met,2026-07-31T13:03:26,0
Q000407,skipped_target_met,2026-07-31T13:03:26,0
Q000408,skipped_target_met,2026-07-31T13:03:26,0
Q000409,success,2026-07-31T13:03:26,3
Q000410,success,2026-07-31T13:03:29,3
Q000411,success,2026-07-31T13:03:32,3
Q000412,success,2026-07-31T13:03:35,3
Q000413,success,2026-07-31T13:03:40,3
Q000414,skipped_target_met,2026-07-31T13:03:43,0
Q000415,skipped_target_met,2026-07-31T13:03:43,0
Q000416,skipped_target_met,2026-07-31T13:03:43,0
Q000417,success,2026-07-31T13:03:43,3
Q000418,success,2026-07-31T13:03:46,1
Q000419,success,2026-07-31T13:03:49,3
Q000420,success,2026-07-31T13:03:52,1
Q000421,success,2026-07-31T13:03:55,3
Q000422,success,2026-07-31T13:03:58,3
Q000423,skipped_target_met,2026-07-31T13:04:02,0
Q000424,skipped_target_met,2026-07-31T13:04:02,0
Q000425,success,2026-07-31T13:04:02,3
Q000426,success,2026-07-31T13:04:05,3
Q000427,success,2026-07-31T13:04:08,3
Q000428,success,2026-07-31T13:04:14,3
Q000429,success,2026-07-31T13:04:17,3
Q000430,skipped_target_met,2026-07-31T13:04:19,0
Q000431,skipped_target_met,2026-07-31T13:04:19,0
Q000432,skipped_target_met,2026-07-31T13:04:19,0
Q000433,success,2026-07-31T13:04:19,3
Q000434,success,2026-07-31T13:04:23,3
Q000435,success,2026-07-31T13:04:26,2
Q000436,success,2026-07-31T13:04:29,3
Q000437,no_results,2026-07-31T13:04:32,0
Q000438,no_results,2026-07-31T13:04:37,0
Q000439,no_results,2026-07-31T13:04:40,0
Q000440,success,2026-07-31T13:04:46,3
Q000441,success,2026-07-31T13:04:49,3
Q000442,success,2026-07-31T13:04:52,2
Q000443,success,2026-07-31T13:04:56,1
Q000444,success,2026-07-31T13:05:03,3
Q000445,no_results,2026-07-31T13:05:06,0
Q000446,success,2026-07-31T13:05:09,3
Q000447,no_results,2026-07-31T13:05:12,0
Q000448,no_results,2026-07-31T13:05:15,0
Q000449,success,2026-07-31T13:05:18,3
Q000450,success,2026-07-31T13:05:21,3
Q000451,success,2026-07-31T13:05:24,3
Q000452,success,2026-07-31T13:05:27,1
Q000453,success,2026-07-31T13:05:31,1
Q000454,no_results,2026-07-31T13:05:34,0
Q000455,success,2026-07-31T13:05:37,1
Q000456,success,2026-07-31T13:05:40,3
Q000457,success,2026-07-31T13:05:43,3
Q000458,success,2026-07-31T13:05:46,1
Q000459,no_results,2026-07-31T13:05:50,0
Q000460,success,2026-07-31T13:05:55,1
Q000461,no_results,2026-07-31T13:05:58,0
Q000462,no_results,2026-07-31T13:06:03,0
Q000463,success,2026-07-31T13:06:06,3
Q000464,success,2026-07-31T13:06:09,3
Q000465,success,2026-07-31T13:06:12,3
Q000466,success,2026-07-31T13:06:15,3
Q000467,success,2026-07-31T13:06:18,3
Q000468,success,2026-07-31T13:06:22,3
Q000469,success,2026-07-31T13:06:27,3
Q000470,skipped_target_met,2026-07-31T13:06:29,0
Q000471,skipped_target_met,2026-07-31T13:06:29,0
Q000472,skipped_target_met,2026-07-31T13:06:29,0
Q000473,success,2026-07-31T13:06:29,3
Q000474,success,2026-07-31T13:06:33,3
Q000475,success,2026-07-31T13:06:36,3
Q000476,no_results,2026-07-31T13:06:39,0
Q000477,success,2026-07-31T13:06:42,3
Q000478,success,2026-07-31T13:06:45,3
Q000479,skipped_target_met,2026-07-31T13:06:48,0
Q000480,skipped_target_met,2026-07-31T13:06:48,0
Q000481,success,2026-07-31T13:06:48,3
Q000482,success,2026-07-31T13:06:52,1
Q000483,no_results,2026-07-31T13:06:55,0
Q000484,success,2026-07-31T13:06:58,1
Q000485,no_results,2026-07-31T13:07:02,0
Q000486,no_results,2026-07-31T13:07:06,0
Q000487,no_results,2026-07-31T13:07:09,0
Q000488,success,2026-07-31T13:07:13,3
Q000489,success,2026-07-31T13:07:16,3
Q000490,success,2026-07-31T13:07:19,2
Q000491,success,2026-07-31T13:07:22,1
Q000492,success,2026-07-31T13:07:26,2
Q000493,success,2026-07-31T13:07:30,1
Q000494,success,2026-07-31T13:07:36,3
Q000495,success,2026-07-31T13:07:39,3
Q000496,skipped_target_met,2026-07-31T13:07:42,0
Q000497,success,2026-07-31T13:07:42,3
Q000498,success,2026-07-31T13:07:45,2
Q000499,success,2026-07-31T13:07:48,1
Q000500,success,2026-07-31T13:07:51,1
Q000501,no_results,2026-07-31T13:07:54,0
Q000502,no_results,2026-07-31T13:07:57,0
Q000503,success,2026-07-31T13:08:01,1
Q000504,success,2026-07-31T13:08:04,2
Q000505,success,2026-07-31T13:08:09,3
Q000506,success,2026-07-31T13:08:12,3
Q000507,success,2026-07-31T13:08:15,3
Q000508,success,2026-07-31T13:08:18,3
Q000509,success,2026-07-31T13:08:22,3
Q000510,skipped_target_met,2026-07-31T13:08:25,0
Q000511,skipped_target_met,2026-07-31T13:08:25,0
Q000512,skipped_target_met,2026-07-31T13:08:25,0
Q000513,success,2026-07-31T13:08:25,3
Q000514,success,2026-07-31T13:08:28,3
Q000515,success,2026-07-31T13:08:32,3
Q000516,success,2026-07-31T13:08:35,3
Q000517,no_results,2026-07-31T13:08:37,0
Q000518,success,2026-07-31T13:08:43,3
Q000519,skipped_target_met,2026-07-31T13:08:46,0
Q000520,skipped_target_met,2026-07-31T13:08:46,0
Q000521,success,2026-07-31T13:08:46,3
Q000522,success,2026-07-31T13:08:49,3
Q000523,success,2026-07-31T13:08:52,3
Q000524,success,2026-07-31T13:08:55,3
Q000525,success,2026-07-31T13:08:58,3
Q000526,skipped_target_met,2026-07-31T13:09:01,0
Q000527,skipped_target_met,2026-07-31T13:09:01,0
Q000528,skipped_target_met,2026-07-31T13:09:01,0
Q000529,success,2026-07-31T13:09:01,3
Q000530,success,2026-07-31T13:09:05,3
Q000531,no_results,2026-07-31T13:09:09,0
Q000532,success,2026-07-31T13:09:12,3
Q000533,no_results,2026-07-31T13:09:19,0
Q000534,no_results,2026-07-31T13:09:22,0
Q000535,success,2026-07-31T13:09:29,3
Q000536,success,2026-07-31T13:09:32,3
Q000537,success,2026-07-31T13:09:35,3
Q000538,no_results,2026-07-31T13:09:38,0
Q000539,success,2026-07-31T13:09:45,1
Q000540,no_results,2026-07-31T13:09:50,0
Q000541,no_results,2026-07-31T13:09:53,0
Q000542,no_results,2026-07-31T13:09:56,0
Q000543,no_results,2026-07-31T13:09:59,0
Q000544,no_results,2026-07-31T13:10:02,0
Q000545,success,2026-07-31T13:10:05,3
Q000546,success,2026-07-31T13:10:10,3
Q000547,success,2026-07-31T13:10:13,3
Q000548,success,2026-07-31T13:10:17,3
Q000549,success,2026-07-31T13:10:20,1
Q000550,skipped_target_met,2026-07-31T13:10:25,0
Q000551,skipped_target_met,2026-07-31T13:10:25,0
Q000552,skipped_target_met,2026-07-31T13:10:25,0
Q000553,success,2026-07-31T13:10:25,3
Q000554,no_results,2026-07-31T13:10:29,0
Q000555,success,2026-07-31T13:10:37,3
Q000556,no_results,2026-07-31T13:10:40,0
Q000557,success,2026-07-31T13:10:43,3
Q000558,no_results,2026-07-31T13:10:46,0
Q000559,no_results,2026-07-31T13:10:49,0
Q000560,success,2026-07-31T13:10:52,3
Q000561,success,2026-07-31T13:10:55,3
Q000562,no_results,2026-07-31T13:11:00,0
Q000563,success,2026-07-31T13:11:03,2
Q000564,success,2026-07-31T13:11:06,3
Q000565,success,2026-07-31T13:11:10,2
Q000566,no_results,2026-07-31T13:11:13,0
Q000567,success,2026-07-31T13:11:16,3
Q000568,skipped_target_met,2026-07-31T13:11:19,0
Q000569,success,2026-07-31T13:11:19,3
Q000570,success,2026-07-31T13:11:22,3
Q000571,success,2026-07-31T13:11:25,3
Q000572,success,2026-07-31T13:11:29,3
Q000573,success,2026-07-31T13:11:34,3
Q000574,skipped_target_met,2026-07-31T13:11:37,0
Q000575,skipped_target_met,2026-07-31T13:11:37,0
Q000576,skipped_target_met,2026-07-31T13:11:37,0
Q000577,success,2026-07-31T13:11:37,3
Q000578,no_results,2026-07-31T13:11:40,0
Q000579,success,2026-07-31T13:11:43,2
Q000580,success,2026-07-31T13:11:46,2
Q000581,no_results,2026-07-31T13:11:49,0
Q000582,no_results,2026-07-31T13:11:52,0
Q000583,success,2026-07-31T13:11:55,2
Q000584,no_results,2026-07-31T13:11:57,0
Q000585,success,2026-07-31T13:12:00,3
Q000586,success,2026-07-31T13:12:05,2
Q000587,success,2026-07-31T13:12:09,3
Q000588,success,2026-07-31T13:12:12,3
Q000589,success,2026-07-31T13:12:16,2
Q000590,skipped_target_met,2026-07-31T13:12:19,0
Q000591,skipped_target_met,2026-07-31T13:12:19,0
Q000592,skipped_target_met,2026-07-31T13:12:19,0
Q000593,success,2026-07-31T13:12:19,3
Q000594,success,2026-07-31T13:12:22,3
Q000595,success,2026-07-31T13:12:25,3
Q000596,success,2026-07-31T13:12:28,1
Q000597,success,2026-07-31T13:12:31,3
Q000598,skipped_target_met,2026-07-31T13:12:35,0
Q000599,skipped_target_met,2026-07-31T13:12:35,0
Q000600,skipped_target_met,2026-07-31T13:12:35,0
Q000601,success,2026-07-31T13:12:35,3
Q000602,success,2026-07-31T13:12:43,3
Q000603,success,2026-07-31T13:12:46,3
Q000604,success,2026-07-31T13:12:49,3
Q000605,success,2026-07-31T13:12:52,2
Q000606,skipped_target_met,2026-07-31T13:12:55,0
Q000607,skipped_target_met,2026-07-31T13:12:55,0
Q000608,skipped_target_met,2026-07-31T13:12:55,0
Q000609,success,2026-07-31T13:12:55,3
Q000610,success,2026-07-31T13:12:59,1
Q000611,success,2026-07-31T13:13:02,1
Q000612,success,2026-07-31T13:13:05,3
Q000613,success,2026-07-31T13:13:08,1
Q000614,no_results,2026-07-31T13:13:11,0
Q000615,success,2026-07-31T13:13:14,1
Q000616,success,2026-07-31T13:13:17,3
Q000617,success,2026-07-31T13:13:20,3
Q000618,success,2026-07-31T13:13:23,3
Q000619,success,2026-07-31T13:13:29,3
Q000620,success,2026-07-31T13:13:32,3
Q000621,success,2026-07-31T13:13:36,3
Q000622,skipped_target_met,2026-07-31T13:13:39,0
Q000623,skipped_target_met,2026-07-31T13:13:39,0
Q000624,skipped_target_met,2026-07-31T13:13:39,0
Q000625,success,2026-07-31T13:13:39,3
Q000626,success,2026-07-31T13:13:42,1
Q000627,success,2026-07-31T13:13:45,3
Q000628,success,2026-07-31T13:13:49,2
Q000629,success,2026-07-31T13:13:52,2
Q000630,no_results,2026-07-31T13:13:56,0
Q000631,success,2026-07-31T13:14:04,1
Q000632,success,2026-07-31T13:14:07,3
Q000633,success,2026-07-31T13:14:10,3
Q000634,success,2026-07-31T13:14:13,3
Q000635,success,2026-07-31T13:14:17,1
Q000636,success,2026-07-31T13:14:22,3
Q000637,no_results,2026-07-31T13:14:25,0
Q000638,no_results,2026-07-31T13:14:29,0
Q000639,no_results,2026-07-31T13:14:32,0
Q000640,success,2026-07-31T13:14:36,2
Q000641,success,2026-07-31T13:14:44,3
Q000642,success,2026-07-31T13:14:47,3
Q000643,success,2026-07-31T13:14:50,3
Q000644,success,2026-07-31T13:14:53,3
Q000645,success,2026-07-31T13:14:57,3
Q000646,skipped_target_met,2026-07-31T13:15:00,0
Q000647,skipped_target_met,2026-07-31T13:15:00,0
Q000648,skipped_target_met,2026-07-31T13:15:00,0
Q000649,success,2026-07-31T13:15:00,3
Q000650,no_results,2026-07-31T13:15:04,0
Q000651,success,2026-07-31T13:15:08,3
Q000652,no_results,2026-07-31T13:15:12,0
Q000653,success,2026-07-31T13:15:15,3
Q000654,no_results,2026-07-31T13:15:18,0
Q000655,no_results,2026-07-31T13:15:21,0
Q000656,success,2026-07-31T13:15:24,3
Q000657,success,2026-07-31T13:15:27,3
Q000658,no_results,2026-07-31T13:15:31,0
Q000659,no_results,2026-07-31T13:15:34,0
Q000660,no_results,2026-07-31T13:15:37,0
Q000661,no_results,2026-07-31T13:15:42,0
Q000662,no_results,2026-07-31T13:15:46,0
Q000663,no_results,2026-07-31T13:15:50,0
Q000664,success,2026-07-31T13:15:53,3
Q000665,success,2026-07-31T13:15:57,3
Q000666,success,2026-07-31T13:16:00,3
Q000667,success,2026-07-31T13:16:03,3
Q000668,success,2026-07-31T13:16:06,3
Q000669,success,2026-07-31T13:16:09,3
Q000670,skipped_target_met,2026-07-31T13:16:14,0
Q000671,skipped_target_met,2026-07-31T13:16:14,0
Q000672,skipped_target_met,2026-07-31T13:16:14,0
Q000673,success,2026-07-31T13:16:14,3
Q000674,success,2026-07-31T13:16:19,1
Q000675,success,2026-07-31T13:16:23,3
Q000676,success,2026-07-31T13:16:26,1
Q000677,success,2026-07-31T13:16:29,3
Q000678,success,2026-07-31T13:16:32,1
Q000679,success,2026-07-31T13:16:35,2
Q000680,skipped_target_met,2026-07-31T13:16:38,0
Q000681,success,2026-07-31T13:16:38,3
Q000682,success,2026-07-31T13:16:41,3
Q000683,no_results,2026-07-31T13:16:45,0
Q000684,success,2026-07-31T13:16:48,3
Q000685,no_results,2026-07-31T13:16:53,0
Q000686,no_results,2026-07-31T13:16:56,0
Q000687,success,2026-07-31T13:16:59,1
Q000688,success,2026-07-31T13:17:01,3
Q000689,success,2026-07-31T13:17:04,3
Q000690,no_results,2026-07-31T13:17:12,0
Q000691,success,2026-07-31T13:17:15,1
Q000692,no_results,2026-07-31T13:17:18,0
Q000693,no_results,2026-07-31T13:17:21,0
Q000694,no_results,2026-07-31T13:17:26,0
Q000695,no_results,2026-07-31T13:17:29,0
Q000696,no_results,2026-07-31T13:17:32,0
Q000697,success,2026-07-31T13:17:36,3
Q000698,success,2026-07-31T13:17:39,3
Q000699,success,2026-07-31T13:17:42,2
Q000700,success,2026-07-31T13:17:46,3
Q000701,error,2026-07-31T13:17:49,0
Q000702,no_results,2026-07-31T13:18:05,0
Q000703,success,2026-07-31T13:18:08,1
Q000704,success,2026-07-31T13:18:13,3
Q000705,success,2026-07-31T13:18:16,3
Q000706,success,2026-07-31T13:18:20,3
Q000707,success,2026-07-31T13:18:27,2
Q000708,success,2026-07-31T13:18:31,3
Q000709,success,2026-07-31T13:18:35,2
Q000710,skipped_target_met,2026-07-31T13:18:39,0
Q000711,skipped_target_met,2026-07-31T13:18:39,0
Q000712,skipped_target_met,2026-07-31T13:18:39,0
Q000713,success,2026-07-31T13:18:39,3
Q000714,no_results,2026-07-31T13:18:43,0
Q000715,success,2026-07-31T13:18:46,3
Q000716,no_results,2026-07-31T13:18:49,0
Q000717,no_results,2026-07-31T13:18:52,0
Q000718,no_results,2026-07-31T13:18:55,0
Q000719,success,2026-07-31T13:18:58,3
Q000720,success,2026-07-31T13:19:01,2
Q000721,success,2026-07-31T13:19:05,3
Q000722,success,2026-07-31T13:19:08,3
Q000723,success,2026-07-31T13:19:13,3
Q000724,success,2026-07-31T13:19:16,3
Q000725,no_results,2026-07-31T13:19:19,0
Q000726,no_results,2026-07-31T13:19:22,0
Q000727,success,2026-07-31T13:19:26,2
Q000728,skipped_target_met,2026-07-31T13:19:29,0
Q000729,success,2026-07-31T13:19:29,3
Q000730,success,2026-07-31T13:19:35,3
Q000731,success,2026-07-31T13:19:38,3
Q000732,success,2026-07-31T13:19:41,3
Q000733,success,2026-07-31T13:19:46,3
Q000734,skipped_target_met,2026-07-31T13:19:48,0
Q000735,skipped_target_met,2026-07-31T13:19:48,0
Q000736,skipped_target_met,2026-07-31T13:19:48,0
Q000737,success,2026-07-31T13:19:48,3
Q000738,success,2026-07-31T13:19:52,3
Q000739,success,2026-07-31T13:19:56,3
Q000740,success,2026-07-31T13:19:59,3
Q000741,success,2026-07-31T13:20:02,3
Q000742,skipped_target_met,2026-07-31T13:20:06,0
Q000743,skipped_target_met,2026-07-31T13:20:06,0
Q000744,skipped_target_met,2026-07-31T13:20:06,0
Q000745,success,2026-07-31T13:20:06,3
Q000746,success,2026-07-31T13:20:09,1
Q000747,success,2026-07-31T13:20:12,3
Q000748,success,2026-07-31T13:20:15,1
Q000749,no_results,2026-07-31T13:20:19,0
Q000750,no_results,2026-07-31T13:20:22,0
Q000751,no_results,2026-07-31T13:20:27,0
Q000752,no_results,2026-07-31T13:20:30,0
Q000753,success,2026-07-31T13:20:33,3
Q000754,no_results,2026-07-31T13:20:36,0
Q000755,no_results,2026-07-31T13:20:39,0
Q000756,no_results,2026-07-31T13:20:42,0
Q000757,no_results,2026-07-31T13:20:48,0
Q000758,no_results,2026-07-31T13:20:54,0
Q000759,no_results,2026-07-31T13:20:57,0
Q000760,no_results,2026-07-31T13:21:00,0
Q000761,success,2026-07-31T13:21:04,3
Q000762,success,2026-07-31T13:21:07,3
Q000763,success,2026-07-31T13:21:12,3
Q000764,success,2026-07-31T13:21:15,3
Q000765,success,2026-07-31T13:21:18,3
Q000766,skipped_target_met,2026-07-31T13:21:22,0
Q000767,skipped_target_met,2026-07-31T13:21:22,0
Q000768,skipped_target_met,2026-07-31T13:21:22,0
Q000769,success,2026-07-31T13:21:22,3
Q000770,success,2026-07-31T13:21:26,3
Q000771,success,2026-07-31T13:21:29,3
Q000772,success,2026-07-31T13:21:32,3
Q000773,success,2026-07-31T13:21:35,3
Q000774,skipped_target_met,2026-07-31T13:21:38,0
Q000775,skipped_target_met,2026-07-31T13:21:38,0
Q000776,skipped_target_met,2026-07-31T13:21:38,0
Q000777,success,2026-07-31T13:21:38,3
Q000778,success,2026-07-31T13:21:42,3
Q000779,success,2026-07-31T13:21:46,1
Q000780,success,2026-07-31T13:21:49,2
Q000781,success,2026-07-31T13:21:52,1
Q000782,no_results,2026-07-31T13:21:55,0
Q000783,success,2026-07-31T13:22:00,3
Q000784,skipped_target_met,2026-07-31T13:22:03,0
Q000785,success,2026-07-31T13:22:03,3
Q000786,success,2026-07-31T13:22:07,3
Q000787,success,2026-07-31T13:22:11,3
Q000788,success,2026-07-31T13:22:15,2
Q000789,success,2026-07-31T13:22:19,3
Q000790,skipped_target_met,2026-07-31T13:22:22,0
Q000791,skipped_target_met,2026-07-31T13:22:22,0
Q000792,skipped_target_met,2026-07-31T13:22:22,0
Q000793,success,2026-07-31T13:22:22,3
Q000794,success,2026-07-31T13:22:26,3
Q000795,success,2026-07-31T13:22:29,3
Q000796,success,2026-07-31T13:22:34,3
Q000797,success,2026-07-31T13:22:38,3
Q000798,skipped_target_met,2026-07-31T13:22:42,0
Q000799,skipped_target_met,2026-07-31T13:22:42,0
Q000800,skipped_target_met,2026-07-31T13:22:42,0
Q000801,success,2026-07-31T13:22:42,3
Q000802,success,2026-07-31T13:22:46,3
Q000803,success,2026-07-31T13:22:52,3
Q000804,success,2026-07-31T13:22:56,3
Q000805,success,2026-07-31T13:22:59,3
Q000806,skipped_target_met,2026-07-31T13:23:02,0
Q000807,skipped_target_met,2026-07-31T13:23:02,0
Q000808,skipped_target_met,2026-07-31T13:23:02,0
Q000809,success,2026-07-31T13:23:02,3
Q000810,no_results,2026-07-31T13:23:05,0
Q000811,success,2026-07-31T13:23:10,3
Q000812,success,2026-07-31T13:23:13,1
Q000813,success,2026-07-31T13:23:16,2
Q000814,no_results,2026-07-31T13:23:19,0
Q000815,no_results,2026-07-31T13:23:22,0
Q000816,no_results,2026-07-31T13:23:26,0
Q000817,success,2026-07-31T13:23:28,3
Q000818,success,2026-07-31T13:23:34,3
Q000819,success,2026-07-31T13:23:37,3
Q000820,success,2026-07-31T13:23:42,3
Q000821,success,2026-07-31T13:23:46,3
Q000822,skipped_target_met,2026-07-31T13:23:49,0
Q000823,skipped_target_met,2026-07-31T13:23:49,0
Q000824,skipped_target_met,2026-07-31T13:23:49,0
Q000825,success,2026-07-31T13:23:49,3
Q000826,success,2026-07-31T13:23:52,2
Q000827,success,2026-07-31T13:23:55,1
Q000828,success,2026-07-31T13:24:01,3
Q000829,success,2026-07-31T13:24:11,3
Q000830,no_results,2026-07-31T13:24:18,0
Q000831,success,2026-07-31T13:24:21,3
Q000832,skipped_target_met,2026-07-31T13:24:25,0
Q000833,success,2026-07-31T13:24:25,3
Q000834,no_results,2026-07-31T13:24:27,0
Q000835,success,2026-07-31T13:24:31,3
Q000836,no_results,2026-07-31T13:24:35,0
Q000837,success,2026-07-31T13:24:39,3
Q000838,success,2026-07-31T13:24:42,3
Q000839,no_results,2026-07-31T13:24:46,0
Q000840,no_results,2026-07-31T13:24:51,0
Q000841,success,2026-07-31T13:24:53,3
Q000842,no_results,2026-07-31T13:24:56,0
Q000843,success,2026-07-31T13:24:59,2
Q000844,success,2026-07-31T13:25:02,1
Q000845,success,2026-07-31T13:25:06,1
Q000846,no_results,2026-07-31T13:25:09,0
Q000847,success,2026-07-31T13:25:12,2
Q000848,success,2026-07-31T13:25:16,3
Q000849,success,2026-07-31T13:25:19,3
Q000850,success,2026-07-31T13:25:24,2
Q000851,success,2026-07-31T13:25:27,2
Q000852,success,2026-07-31T13:25:30,3
Q000853,no_results,2026-07-31T13:25:32,0
Q000854,success,2026-07-31T13:25:36,2
Q000855,success,2026-07-31T13:25:39,3
Q000856,skipped_target_met,2026-07-31T13:25:43,0
Q000857,success,2026-07-31T13:25:43,3
Q000858,no_results,2026-07-31T13:25:46,0
Q000859,success,2026-07-31T13:25:49,1
Q000860,success,2026-07-31T13:25:52,1
Q000861,success,2026-07-31T13:25:57,1
Q000862,no_results,2026-07-31T13:26:00,0
Q000863,success,2026-07-31T13:26:02,3
Q000864,no_results,2026-07-31T13:26:06,0
Q000865,success,2026-07-31T13:26:09,3
Q000866,success,2026-07-31T13:26:12,3
Q000867,success,2026-07-31T13:26:15,3
Q000868,success,2026-07-31T13:26:18,3
Q000869,success,2026-07-31T13:26:21,3
Q000870,skipped_target_met,2026-07-31T13:26:28,0
Q000871,skipped_target_met,2026-07-31T13:26:28,0
Q000872,skipped_target_met,2026-07-31T13:26:28,0
Q000873,success,2026-07-31T13:26:28,3
Q000874,success,2026-07-31T13:26:34,3
Q000875,success,2026-07-31T13:26:37,3
Q000876,success,2026-07-31T13:26:41,3
Q000877,success,2026-07-31T13:26:44,3
Q000878,skipped_target_met,2026-07-31T13:26:49,0
Q000879,skipped_target_met,2026-07-31T13:26:49,0
Q000880,skipped_target_met,2026-07-31T13:26:49,0
Q000881,success,2026-07-31T13:26:49,3
Q000882,success,2026-07-31T13:26:52,3
Q000883,success,2026-07-31T13:26:56,3
Q000884,success,2026-07-31T13:27:04,3
Q000885,success,2026-07-31T13:27:07,3
Q000886,skipped_target_met,2026-07-31T13:27:10,0
Q000887,skipped_target_met,2026-07-31T13:27:10,0
Q000888,skipped_target_met,2026-07-31T13:27:10,0
Q000889,success,2026-07-31T13:27:10,3
Q000890,success,2026-07-31T13:27:13,3
Q000891,success,2026-07-31T13:27:16,3
Q000892,success,2026-07-31T13:27:19,3
Q000893,success,2026-07-31T13:27:23,3
Q000894,skipped_target_met,2026-07-31T13:27:26,0
Q000895,skipped_target_met,2026-07-31T13:27:26,0
Q000896,skipped_target_met,2026-07-31T13:27:26,0
Q000897,success,2026-07-31T13:27:26,3
Q000898,no_results,2026-07-31T13:27:29,0
Q000899,success,2026-07-31T13:27:32,3
Q000900,success,2026-07-31T13:27:35,3
Q000901,no_results,2026-07-31T13:27:40,0
Q000902,no_results,2026-07-31T13:27:43,0
Q000903,success,2026-07-31T13:27:46,1
Q000904,no_results,2026-07-31T13:27:52,0
Q000905,success,2026-07-31T13:27:56,3
Q000906,no_results,2026-07-31T13:27:59,0
Q000907,no_results,2026-07-31T13:28:02,0
Q000908,no_results,2026-07-31T13:28:05,0
Q000909,no_results,2026-07-31T13:28:08,0
Q000910,no_results,2026-07-31T13:28:13,0
Q000911,success,2026-07-31T13:28:16,3
Q000912,no_results,2026-07-31T13:28:19,0
Q000913,success,2026-07-31T13:28:23,3
Q000914,no_results,2026-07-31T13:28:26,0
Q000915,no_results,2026-07-31T13:28:29,0
Q000916,no_results,2026-07-31T13:28:32,0
Q000917,no_results,2026-07-31T13:28:35,0
Q000918,no_results,2026-07-31T13:28:38,0
Q000919,success,2026-07-31T13:28:42,2
Q000920,no_results,2026-07-31T13:28:47,0
Q000921,success,2026-07-31T13:28:54,3
Q000922,success,2026-07-31T13:29:00,3
Q000923,success,2026-07-31T13:29:03,1
Q000924,success,2026-07-31T13:29:06,3
Q000925,success,2026-07-31T13:29:09,2
Q000926,no_results,2026-07-31T13:29:12,0
Q000927,success,2026-07-31T13:29:18,1
Q000928,skipped_target_met,2026-07-31T13:29:21,0
Q000929,success,2026-07-31T13:29:21,3
Q000930,success,2026-07-31T13:29:24,1
Q000931,success,2026-07-31T13:29:27,3
Q000932,success,2026-07-31T13:29:30,1
Q000933,success,2026-07-31T13:29:33,2
Q000934,success,2026-07-31T13:29:38,1
Q000935,no_results,2026-07-31T13:29:41,0
Q000936,no_results,2026-07-31T13:29:44,0
Q000937,success,2026-07-31T13:29:47,3
Q000938,success,2026-07-31T13:29:50,2
Q000939,no_results,2026-07-31T13:30:02,0
Q000940,success,2026-07-31T13:30:06,3
Q000941,no_results,2026-07-31T13:30:12,0
Q000942,no_results,2026-07-31T13:30:15,0
Q000943,success,2026-07-31T13:30:18,3
Q000944,success,2026-07-31T13:30:21,3
Q000945,success,2026-07-31T13:30:24,3
Q000946,success,2026-07-31T13:30:27,3
Q000947,success,2026-07-31T13:30:30,3
Q000948,success,2026-07-31T13:30:34,3
Q000949,no_results,2026-07-31T13:30:37,0
Q000950,success,2026-07-31T13:30:40,1
Q000951,skipped_target_met,2026-07-31T13:30:45,0
Q000952,skipped_target_met,2026-07-31T13:30:45,0
Q000953,success,2026-07-31T13:30:45,3
Q000954,no_results,2026-07-31T13:30:48,0
Q000955,no_results,2026-07-31T13:30:51,0
Q000956,no_results,2026-07-31T13:30:54,0
Q000957,success,2026-07-31T13:30:57,3
Q000958,no_results,2026-07-31T13:31:00,0
Q000959,no_results,2026-07-31T13:31:03,0
Q000960,success,2026-07-31T13:31:06,3
Q000961,success,2026-07-31T13:31:10,3
Q000962,success,2026-07-31T13:31:14,3
Q000963,success,2026-07-31T13:31:18,3
Q000964,success,2026-07-31T13:31:21,3
Q000965,success,2026-07-31T13:31:24,3
Q000966,skipped_target_met,2026-07-31T13:31:27,0
Q000967,skipped_target_met,2026-07-31T13:31:27,0
Q000968,skipped_target_met,2026-07-31T13:31:27,0
Q000969,success,2026-07-31T13:31:27,3
Q000970,success,2026-07-31T13:31:31,3
Q000971,success,2026-07-31T13:31:34,3
Q000972,success,2026-07-31T13:31:37,3
Q000973,no_results,2026-07-31T13:31:40,0
Q000974,no_results,2026-07-31T13:31:44,0
Q000975,success,2026-07-31T13:31:47,2
Q000976,skipped_target_met,2026-07-31T13:31:53,0
Q000977,success,2026-07-31T13:31:53,3
Q000978,success,2026-07-31T13:31:56,3
Q000979,success,2026-07-31T13:31:59,3
Q000980,success,2026-07-31T13:32:03,3
Q000981,success,2026-07-31T13:32:06,3
Q000982,skipped_target_met,2026-07-31T13:32:09,0
Q000983,skipped_target_met,2026-07-31T13:32:09,0
Q000984,skipped_target_met,2026-07-31T13:32:09,0
Q000985,success,2026-07-31T13:32:09,3
Q000986,success,2026-07-31T13:32:12,3
Q000987,success,2026-07-31T13:32:15,1
Q000988,success,2026-07-31T13:32:17,3
Q000989,no_results,2026-07-31T13:32:21,0
Q000990,no_results,2026-07-31T13:32:23,0
Q000991,success,2026-07-31T13:32:29,2
Q000992,success,2026-07-31T13:32:32,3
Q000993,success,2026-07-31T13:32:35,3
Q000994,success,2026-07-31T13:32:38,3
Q000995,success,2026-07-31T13:32:41,3
Q000996,success,2026-07-31T13:32:44,3
Q000997,success,2026-07-31T13:32:47,3
Q000998,skipped_target_met,2026-07-31T13:32:50,0
Q000999,skipped_target_met,2026-07-31T13:32:50,0
Q001000,skipped_target_met,2026-07-31T13:32:50,0
Q001001,success,2026-07-31T13:32:50,3
Q001002,no_results,2026-07-31T13:32:54,0
Q001003,no_results,2026-07-31T13:32:57,0
Q001004,no_results,2026-07-31T13:33:02,0
Q001005,no_results,2026-07-31T13:33:05,0
Q001006,no_results,2026-07-31T13:33:08,0
Q001007,no_results,2026-07-31T13:33:11,0
Q001008,no_results,2026-07-31T13:33:15,0
Q001009,success,2026-07-31T13:33:18,3
Q001010,success,2026-07-31T13:33:22,2
Q001011,success,2026-07-31T13:33:25,1
Q001012,success,2026-07-31T13:33:27,3
Q001013,no_results,2026-07-31T13:33:31,0
Q001014,no_results,2026-07-31T13:33:38,0
Q001015,no_results,2026-07-31T13:33:42,0
Q001016,success,2026-07-31T13:33:45,3
Q001017,success,2026-07-31T13:33:48,3
Q001018,success,2026-07-31T13:33:51,1
Q001019,success,2026-07-31T13:33:54,2
Q001020,success,2026-07-31T13:33:57,1
Q001021,success,2026-07-31T13:34:01,1
Q001022,no_results,2026-07-31T13:34:04,0
Q001023,success,2026-07-31T13:34:07,1
Q001024,success,2026-07-31T13:34:12,3
Q001025,success,2026-07-31T13:34:15,3
Q001026,success,2026-07-31T13:34:19,1
Q001027,no_results,2026-07-31T13:34:22,0
Q001028,success,2026-07-31T13:34:26,3
Q001029,no_results,2026-07-31T13:34:29,0
Q001030,no_results,2026-07-31T13:34:32,0
Q001031,success,2026-07-31T13:34:35,2
Q001032,success,2026-07-31T13:34:39,3
Q001033,success,2026-07-31T13:34:42,3
Q001034,no_results,2026-07-31T13:34:45,0
Q001035,no_results,2026-07-31T13:34:48,0
Q001036,no_results,2026-07-31T13:34:51,0
Q001037,no_results,2026-07-31T13:34:54,0
Q001038,no_results,2026-07-31T13:34:57,0
Q001039,no_results,2026-07-31T13:35:01,0
Q001040,success,2026-07-31T13:35:04,1
Q001041,success,2026-07-31T13:35:07,3
Q001042,success,2026-07-31T13:35:11,3
Q001043,success,2026-07-31T13:35:14,3
Q001044,success,2026-07-31T13:35:16,3
Q001045,success,2026-07-31T13:35:20,3
Q001046,skipped_target_met,2026-07-31T13:35:23,0
Q001047,skipped_target_met,2026-07-31T13:35:23,0
Q001048,skipped_target_met,2026-07-31T13:35:23,0
Q001049,success,2026-07-31T13:35:23,3
Q001050,success,2026-07-31T13:35:26,3
Q001051,success,2026-07-31T13:35:29,3
Q001052,success,2026-07-31T13:35:32,3
Q001053,success,2026-07-31T13:35:35,3
Q001054,skipped_target_met,2026-07-31T13:35:39,0
Q001055,skipped_target_met,2026-07-31T13:35:39,0
Q001056,skipped_target_met,2026-07-31T13:35:39,0
Q001057,success,2026-07-31T13:35:39,3
Q001058,success,2026-07-31T13:35:42,3
Q001059,success,2026-07-31T13:35:45,3
Q001060,success,2026-07-31T13:35:49,3
Q001061,success,2026-07-31T13:35:53,3
Q001062,skipped_target_met,2026-07-31T13:35:56,0
Q001063,skipped_target_met,2026-07-31T13:35:56,0
Q001064,skipped_target_met,2026-07-31T13:35:56,0
Q001065,success,2026-07-31T13:35:56,3
Q001066,success,2026-07-31T13:35:59,1
Q001067,success,2026-07-31T13:36:03,3
Q001068,success,2026-07-31T13:36:06,1
Q001069,success,2026-07-31T13:36:09,2
Q001070,no_results,2026-07-31T13:36:12,0
Q001071,success,2026-07-31T13:36:15,3
Q001072,skipped_target_met,2026-07-31T13:36:26,0
Q001073,success,2026-07-31T13:36:26,3
Q001074,success,2026-07-31T13:36:29,3
Q001075,success,2026-07-31T13:36:32,3
Q001076,success,2026-07-31T13:36:35,3
Q001077,success,2026-07-31T13:36:41,3
Q001078,skipped_target_met,2026-07-31T13:36:53,0
Q001079,skipped_target_met,2026-07-31T13:36:53,0
Q001080,skipped_target_met,2026-07-31T13:36:53,0
Q001081,success,2026-07-31T13:36:53,3
Q001082,success,2026-07-31T13:36:57,3
Q001083,success,2026-07-31T13:37:00,3
Q001084,success,2026-07-31T13:37:03,3
Q001085,success,2026-07-31T13:37:06,3
Q001086,skipped_target_met,2026-07-31T13:37:09,0
Q001087,skipped_target_met,2026-07-31T13:37:09,0
Q001088,skipped_target_met,2026-07-31T13:37:09,0
Q001089,success,2026-07-31T13:37:09,3
Q001090,success,2026-07-31T13:37:12,3
Q001091,success,2026-07-31T13:37:16,3
Q001092,success,2026-07-31T13:37:19,3
Q001093,success,2026-07-31T13:37:22,3
Q001094,skipped_target_met,2026-07-31T13:37:25,0
Q001095,skipped_target_met,2026-07-31T13:37:25,0
Q001096,skipped_target_met,2026-07-31T13:37:25,0
Q001097,success,2026-07-31T13:37:25,3
Q001098,success,2026-07-31T13:37:28,3
Q001099,success,2026-07-31T13:37:32,1
Q001100,success,2026-07-31T13:37:35,3
Q001101,success,2026-07-31T13:37:38,2
Q001102,no_results,2026-07-31T13:37:41,0
Q001103,success,2026-07-31T13:37:45,3
Q001104,skipped_target_met,2026-07-31T13:37:47,0
Q001105,success,2026-07-31T13:37:47,3
Q001106,success,2026-07-31T13:37:51,3
Q001107,success,2026-07-31T13:37:54,1
Q001108,success,2026-07-31T13:37:57,3
Q001109,no_results,2026-07-31T13:38:00,0
Q001110,no_results,2026-07-31T13:38:03,0
Q001111,success,2026-07-31T13:38:06,1
Q001112,success,2026-07-31T13:38:09,3
Q001113,success,2026-07-31T13:38:13,3
Q001114,success,2026-07-31T13:38:16,3
Q001115,success,2026-07-31T13:38:20,3
Q001116,success,2026-07-31T13:38:23,3
Q001117,success,2026-07-31T13:38:26,3
Q001118,skipped_target_met,2026-07-31T13:38:29,0
Q001119,skipped_target_met,2026-07-31T13:38:29,0
Q001120,skipped_target_met,2026-07-31T13:38:29,0
Q001121,success,2026-07-31T13:38:29,3
Q001122,success,2026-07-31T13:38:33,1
Q001123,no_results,2026-07-31T13:38:36,0
Q001124,no_results,2026-07-31T13:38:39,0
Q001125,no_results,2026-07-31T13:38:42,0
Q001126,no_results,2026-07-31T13:38:46,0
Q001127,no_results,2026-07-31T13:38:49,0
Q001128,success,2026-07-31T13:38:53,1
Q001129,success,2026-07-31T13:38:56,3
Q001130,no_results,2026-07-31T13:38:59,0
Q001131,success,2026-07-31T13:39:05,3
Q001132,no_results,2026-07-31T13:39:08,0
Q001133,no_results,2026-07-31T13:39:12,0
Q001134,no_results,2026-07-31T13:39:19,0
Q001135,no_results,2026-07-31T13:39:22,0
Q001136,success,2026-07-31T13:39:25,3
Q001137,success,2026-07-31T13:39:29,3
Q001138,success,2026-07-31T13:39:32,3
Q001139,success,2026-07-31T13:39:36,3
Q001140,success,2026-07-31T13:39:39,3
Q001141,success,2026-07-31T13:39:43,1
Q001142,skipped_target_met,2026-07-31T13:39:46,0
Q001143,skipped_target_met,2026-07-31T13:39:46,0
Q001144,skipped_target_met,2026-07-31T13:39:46,0
Q001145,success,2026-07-31T13:39:46,3
Q001146,success,2026-07-31T13:39:49,3
Q001147,success,2026-07-31T13:39:52,2
Q001148,success,2026-07-31T13:39:55,3
Q001149,success,2026-07-31T13:39:58,3
Q001150,skipped_target_met,2026-07-31T13:40:01,0
Q001151,skipped_target_met,2026-07-31T13:40:01,0
Q001152,skipped_target_met,2026-07-31T13:40:01,0
Q001153,success,2026-07-31T13:40:01,3
Q001154,success,2026-07-31T13:40:04,3
Q001155,success,2026-07-31T13:40:10,3
Q001156,success,2026-07-31T13:40:13,3
Q001157,success,2026-07-31T13:40:16,3
Q001158,skipped_target_met,2026-07-31T13:40:19,0
Q001159,skipped_target_met,2026-07-31T13:40:19,0
Q001160,skipped_target_met,2026-07-31T13:40:19,0
Q001161,success,2026-07-31T13:40:19,3
Q001162,success,2026-07-31T13:40:27,3
Q001163,success,2026-07-31T13:40:30,3
Q001164,success,2026-07-31T13:40:33,3
Q001165,success,2026-07-31T13:40:36,3
Q001166,skipped_target_met,2026-07-31T13:40:39,0
Q001167,skipped_target_met,2026-07-31T13:40:39,0
Q001168,skipped_target_met,2026-07-31T13:40:39,0
Q001169,success,2026-07-31T13:40:39,3
Q001170,success,2026-07-31T13:40:42,2
Q001171,success,2026-07-31T13:40:45,3
Q001172,success,2026-07-31T13:40:48,2
Q001173,success,2026-07-31T13:40:51,1
Q001174,no_results,2026-07-31T13:40:54,0
Q001175,success,2026-07-31T13:40:58,3
Q001176,skipped_target_met,2026-07-31T13:41:01,0
Q001177,success,2026-07-31T13:41:01,3
Q001178,success,2026-07-31T13:41:05,3
Q001179,success,2026-07-31T13:41:11,3
Q001180,success,2026-07-31T13:41:14,2
Q001181,success,2026-07-31T13:41:17,2
Q001182,skipped_target_met,2026-07-31T13:41:21,0
Q001183,skipped_target_met,2026-07-31T13:41:21,0
Q001184,skipped_target_met,2026-07-31T13:41:21,0
Q001185,success,2026-07-31T13:41:21,3
Q001186,success,2026-07-31T13:41:24,3
Q001187,success,2026-07-31T13:41:34,3
Q001188,success,2026-07-31T13:41:37,3
Q001189,success,2026-07-31T13:41:40,3
Q001190,skipped_target_met,2026-07-31T13:41:44,0
Q001191,skipped_target_met,2026-07-31T13:41:44,0
Q001192,skipped_target_met,2026-07-31T13:41:44,0
Q001193,success,2026-07-31T13:41:44,3
Q001194,success,2026-07-31T13:41:47,1
Q001195,success,2026-07-31T13:41:50,3
Q001196,success,2026-07-31T13:41:53,1
Q001197,success,2026-07-31T13:41:56,3
Q001198,no_results,2026-07-31T13:41:59,0
Q001199,success,2026-07-31T13:42:02,3
Q001200,skipped_target_met,2026-07-31T13:42:05,0
Q001201,success,2026-07-31T13:42:05,3
Q001202,success,2026-07-31T13:42:09,1
Q001203,no_results,2026-07-31T13:42:12,0
Q001204,success,2026-07-31T13:42:16,2
Q001205,no_results,2026-07-31T13:42:19,0
Q001206,no_results,2026-07-31T13:42:22,0
Q001207,success,2026-07-31T13:42:32,3
Q001208,no_results,2026-07-31T13:42:36,0
Q001209,success,2026-07-31T13:42:39,3
Q001210,no_results,2026-07-31T13:42:42,0
Q001211,success,2026-07-31T13:42:45,3
Q001212,no_results,2026-07-31T13:42:49,0
Q001213,success,2026-07-31T13:42:52,3
Q001214,no_results,2026-07-31T13:42:55,0
Q001215,no_results,2026-07-31T13:42:59,0
Q001216,no_results,2026-07-31T13:43:02,0
Q001217,success,2026-07-31T13:43:06,3
Q001218,success,2026-07-31T13:43:13,3
Q001219,success,2026-07-31T13:43:16,3
Q001220,success,2026-07-31T13:43:19,2
Q001221,success,2026-07-31T13:43:22,3
Q001222,skipped_target_met,2026-07-31T13:43:25,0
Q001223,skipped_target_met,2026-07-31T13:43:25,0
Q001224,skipped_target_met,2026-07-31T13:43:25,0
Q001225,success,2026-07-31T13:43:25,3
Q001226,success,2026-07-31T13:43:29,3
Q001227,success,2026-07-31T13:43:32,3
Q001228,success,2026-07-31T13:43:35,3
Q001229,success,2026-07-31T13:43:38,3
Q001230,skipped_target_met,2026-07-31T13:43:42,0
Q001231,skipped_target_met,2026-07-31T13:43:42,0
Q001232,skipped_target_met,2026-07-31T13:43:42,0
Q001233,success,2026-07-31T13:43:42,3
Q001234,no_results,2026-07-31T13:43:45,0
Q001235,no_results,2026-07-31T13:43:48,0
Q001236,success,2026-07-31T13:43:51,1
Q001237,no_results,2026-07-31T13:43:54,0
Q001238,no_results,2026-07-31T13:43:57,0
Q001239,no_results,2026-07-31T13:44:00,0
Q001240,success,2026-07-31T13:44:04,3
Q001241,success,2026-07-31T13:44:07,3
Q001242,success,2026-07-31T13:44:10,3
Q001243,success,2026-07-31T13:44:13,3
Q001244,success,2026-07-31T13:44:17,3
Q001245,success,2026-07-31T13:44:21,3
Q001246,skipped_target_met,2026-07-31T13:44:24,0
Q001247,skipped_target_met,2026-07-31T13:44:24,0
Q001248,skipped_target_met,2026-07-31T13:44:24,0
Q001249,success,2026-07-31T13:44:24,3
Q001250,success,2026-07-31T13:44:29,3
Q001251,success,2026-07-31T13:44:32,3
Q001252,success,2026-07-31T13:44:36,2
Q001253,success,2026-07-31T13:44:40,3
Q001254,skipped_target_met,2026-07-31T13:44:43,0
Q001255,skipped_target_met,2026-07-31T13:44:43,0
Q001256,skipped_target_met,2026-07-31T13:44:43,0
Q001257,success,2026-07-31T13:44:43,3
Q001258,success,2026-07-31T13:44:46,3
Q001259,success,2026-07-31T13:44:49,3
Q001260,success,2026-07-31T13:44:53,3
Q001261,success,2026-07-31T13:44:57,3
Q001262,skipped_target_met,2026-07-31T13:45:00,0
Q001263,skipped_target_met,2026-07-31T13:45:00,0
Q001264,skipped_target_met,2026-07-31T13:45:00,0
Q001265,success,2026-07-31T13:45:00,3
Q001266,success,2026-07-31T13:45:03,1
Q001267,success,2026-07-31T13:45:06,3
Q001268,success,2026-07-31T13:45:10,3
Q001269,success,2026-07-31T13:45:13,3
Q001270,skipped_target_met,2026-07-31T13:45:17,0
Q001271,skipped_target_met,2026-07-31T13:45:17,0
Q001272,skipped_target_met,2026-07-31T13:45:17,0
Q001273,success,2026-07-31T13:45:17,3
Q001274,no_results,2026-07-31T13:45:20,0
Q001275,success,2026-07-31T13:45:23,1
Q001276,success,2026-07-31T13:45:26,1
Q001277,no_results,2026-07-31T13:45:30,0
Q001278,no_results,2026-07-31T13:45:33,0
Q001279,success,2026-07-31T13:45:37,1
Q001280,success,2026-07-31T13:45:40,3
Q001281,success,2026-07-31T13:45:43,3
Q001282,success,2026-07-31T13:45:47,3
Q001283,success,2026-07-31T13:45:50,3
Q001284,success,2026-07-31T13:45:53,3
Q001285,success,2026-07-31T13:45:56,3
Q001286,skipped_target_met,2026-07-31T13:46:00,0
Q001287,skipped_target_met,2026-07-31T13:46:00,0
Q001288,skipped_target_met,2026-07-31T13:46:00,0
Q001289,success,2026-07-31T13:46:00,3
Q001290,no_results,2026-07-31T13:46:03,0
Q001291,success,2026-07-31T13:46:07,2
Q001292,no_results,2026-07-31T13:46:10,0
Q001293,no_results,2026-07-31T13:46:14,0
Q001294,no_results,2026-07-31T13:46:17,0
Q001295,no_results,2026-07-31T13:46:20,0
Q001296,success,2026-07-31T13:46:23,3
Q001297,success,2026-07-31T13:46:26,3
Q001298,no_results,2026-07-31T13:46:30,0
Q001299,success,2026-07-31T13:46:33,3
Q001300,no_results,2026-07-31T13:46:36,0
Q001301,no_results,2026-07-31T13:46:44,0
Q001302,no_results,2026-07-31T13:46:47,0
Q001303,no_results,2026-07-31T13:46:50,0
Q001304,success,2026-07-31T13:46:53,3
Q001305,success,2026-07-31T13:46:57,3
Q001306,success,2026-07-31T13:47:00,3
Q001307,success,2026-07-31T13:47:04,3
Q001308,success,2026-07-31T13:47:07,3
Q001309,success,2026-07-31T13:47:10,3
Q001310,skipped_target_met,2026-07-31T13:47:14,0
Q001311,skipped_target_met,2026-07-31T13:47:14,0
Q001312,skipped_target_met,2026-07-31T13:47:14,0
Q001313,success,2026-07-31T13:47:14,3
Q001314,success,2026-07-31T13:47:17,3
Q001315,success,2026-07-31T13:47:20,3
Q001316,success,2026-07-31T13:47:23,2
Q001317,success,2026-07-31T13:47:26,3
Q001318,skipped_target_met,2026-07-31T13:47:30,0
Q001319,skipped_target_met,2026-07-31T13:47:30,0
Q001320,skipped_target_met,2026-07-31T13:47:30,0
Q001321,success,2026-07-31T13:47:30,3
Q001322,success,2026-07-31T13:47:33,3
Q001323,success,2026-07-31T13:47:36,3
Q001324,success,2026-07-31T13:47:40,3
Q001325,no_results,2026-07-31T13:47:43,0
Q001326,no_results,2026-07-31T13:47:47,0
Q001327,success,2026-07-31T13:47:50,3
Q001328,skipped_target_met,2026-07-31T13:47:53,0
Q001329,success,2026-07-31T13:47:53,3
Q001330,success,2026-07-31T13:47:57,1
Q001331,success,2026-07-31T13:48:00,3
Q001332,success,2026-07-31T13:48:03,3
Q001333,success,2026-07-31T13:48:07,3
Q001334,skipped_target_met,2026-07-31T13:48:11,0
Q001335,skipped_target_met,2026-07-31T13:48:11,0
Q001336,skipped_target_met,2026-07-31T13:48:11,0
Q001337,success,2026-07-31T13:48:11,3
Q001338,success,2026-07-31T13:48:15,3
Q001339,success,2026-07-31T13:48:21,3
Q001340,success,2026-07-31T13:48:24,3
Q001341,success,2026-07-31T13:48:27,3
Q001342,skipped_target_met,2026-07-31T13:48:30,0
Q001343,skipped_target_met,2026-07-31T13:48:30,0
Q001344,skipped_target_met,2026-07-31T13:48:30,0
Q001345,success,2026-07-31T13:48:30,3
Q001346,success,2026-07-31T13:48:33,3
Q001347,success,2026-07-31T13:48:36,3
Q001348,success,2026-07-31T13:48:40,3
Q001349,success,2026-07-31T13:48:43,3
Q001350,skipped_target_met,2026-07-31T13:48:46,0
Q001351,skipped_target_met,2026-07-31T13:48:46,0
Q001352,skipped_target_met,2026-07-31T13:48:46,0
Q001353,success,2026-07-31T13:48:46,3
Q001354,success,2026-07-31T13:48:49,3
Q001355,success,2026-07-31T13:48:54,3
Q001356,success,2026-07-31T13:48:57,3
Q001357,success,2026-07-31T13:48:59,3
Q001358,skipped_target_met,2026-07-31T13:49:03,0
Q001359,skipped_target_met,2026-07-31T13:49:03,0
Q001360,skipped_target_met,2026-07-31T13:49:03,0
Q001361,success,2026-07-31T13:49:03,3
Q001362,success,2026-07-31T13:49:06,3
Q001363,success,2026-07-31T13:49:09,3
Q001364,success,2026-07-31T13:49:12,3
Q001365,success,2026-07-31T13:49:15,1
Q001366,skipped_target_met,2026-07-31T13:49:19,0
Q001367,skipped_target_met,2026-07-31T13:49:19,0
Q001368,skipped_target_met,2026-07-31T13:49:19,0
Q001369,success,2026-07-31T13:49:19,3
Q001370,success,2026-07-31T13:49:22,3
Q001371,success,2026-07-31T13:49:25,3
Q001372,success,2026-07-31T13:49:28,3
Q001373,success,2026-07-31T13:49:31,3
Q001374,skipped_target_met,2026-07-31T13:49:34,0
Q001375,skipped_target_met,2026-07-31T13:49:34,0
Q001376,skipped_target_met,2026-07-31T13:49:34,0
Q001377,success,2026-07-31T13:49:34,3
Q001378,success,2026-07-31T13:49:38,3
Q001379,success,2026-07-31T13:49:41,3
Q001380,success,2026-07-31T13:49:45,3
Q001381,success,2026-07-31T13:49:48,3
Q001382,skipped_target_met,2026-07-31T13:49:53,0
Q001383,skipped_target_met,2026-07-31T13:49:54,0
Q001384,skipped_target_met,2026-07-31T13:49:54,0
Q001385,success,2026-07-31T13:49:54,3
Q001386,success,2026-07-31T13:49:57,3
Q001387,success,2026-07-31T13:50:00,3
Q001388,success,2026-07-31T13:50:07,3
Q001389,success,2026-07-31T13:50:10,3
Q001390,skipped_target_met,2026-07-31T13:50:13,0
Q001391,skipped_target_met,2026-07-31T13:50:13,0
Q001392,skipped_target_met,2026-07-31T13:50:13,0
Q001393,success,2026-07-31T13:50:13,3
Q001394,success,2026-07-31T13:50:17,3
Q001395,success,2026-07-31T13:50:20,3
Q001396,success,2026-07-31T13:50:23,3
Q001397,success,2026-07-31T13:50:26,3
Q001398,skipped_target_met,2026-07-31T13:50:30,0
Q001399,skipped_target_met,2026-07-31T13:50:30,0
Q001400,skipped_target_met,2026-07-31T13:50:30,0
Q001401,success,2026-07-31T13:50:30,3
Q001402,success,2026-07-31T13:50:33,3
Q001403,no_results,2026-07-31T13:50:37,0
Q001404,success,2026-07-31T13:50:40,3
Q001405,no_results,2026-07-31T13:50:44,0
Q001406,no_results,2026-07-31T13:50:46,0
Q001407,success,2026-07-31T13:50:50,3
Q001408,success,2026-07-31T13:50:53,3
Q001409,success,2026-07-31T13:50:56,3
Q001410,success,2026-07-31T13:50:59,3
Q001411,success,2026-07-31T13:51:02,3
Q001412,success,2026-07-31T13:51:06,3
Q001413,success,2026-07-31T13:51:09,3
Q001414,skipped_target_met,2026-07-31T13:51:14,0
Q001415,skipped_target_met,2026-07-31T13:51:14,0
Q001416,skipped_target_met,2026-07-31T13:51:14,0
Q001417,success,2026-07-31T13:51:14,3
Q001418,success,2026-07-31T13:51:17,3
Q001419,success,2026-07-31T13:51:20,3
Q001420,success,2026-07-31T13:51:23,3
Q001421,success,2026-07-31T13:51:27,1
Q001422,skipped_target_met,2026-07-31T13:51:30,0
Q001423,skipped_target_met,2026-07-31T13:51:30,0
Q001424,skipped_target_met,2026-07-31T13:51:30,0
Q001425,success,2026-07-31T13:51:30,3
Q001426,no_results,2026-07-31T13:51:34,0
Q001427,no_results,2026-07-31T13:51:37,0
Q001428,success,2026-07-31T13:51:40,1
Q001429,no_results,2026-07-31T13:51:43,0
Q001430,no_results,2026-07-31T13:51:46,0
Q001431,no_results,2026-07-31T13:51:49,0
Q001432,no_results,2026-07-31T13:51:52,0
Q001433,success,2026-07-31T13:51:55,3
Q001434,success,2026-07-31T13:51:59,3
Q001435,success,2026-07-31T13:52:02,3
Q001436,success,2026-07-31T13:52:05,3
Q001437,success,2026-07-31T13:52:08,3
Q001438,skipped_target_met,2026-07-31T13:52:11,0
Q001439,skipped_target_met,2026-07-31T13:52:11,0
Q001440,skipped_target_met,2026-07-31T13:52:11,0
Q001441,success,2026-07-31T13:52:11,3
Q001442,success,2026-07-31T13:52:14,3
Q001443,success,2026-07-31T13:52:17,3
Q001444,success,2026-07-31T13:52:20,3
Q001445,success,2026-07-31T13:52:24,2
Q001446,skipped_target_met,2026-07-31T13:52:27,0
Q001447,skipped_target_met,2026-07-31T13:52:27,0
Q001448,skipped_target_met,2026-07-31T13:52:27,0
Q001449,success,2026-07-31T13:52:27,3
Q001450,no_results,2026-07-31T13:52:30,0
Q001451,success,2026-07-31T13:52:33,3
Q001452,success,2026-07-31T13:52:36,1
Q001453,no_results,2026-07-31T13:52:39,0
Q001454,no_results,2026-07-31T13:52:42,0
Q001455,no_results,2026-07-31T13:52:46,0
Q001456,success,2026-07-31T13:52:49,3
Q001457,success,2026-07-31T13:52:52,3
Q001458,no_results,2026-07-31T13:52:55,0
Q001459,success,2026-07-31T13:53:01,1
Q001460,no_results,2026-07-31T13:53:04,0
Q001461,no_results,2026-07-31T13:53:07,0
Q001462,no_results,2026-07-31T13:53:10,0
Q001463,no_results,2026-07-31T13:53:13,0
Q001464,success,2026-07-31T13:53:17,2
Q001465,success,2026-07-31T13:53:20,3
Q001466,no_results,2026-07-31T13:53:23,0
Q001467,success,2026-07-31T13:53:27,3
Q001468,success,2026-07-31T13:53:30,3
Q001469,no_results,2026-07-31T13:53:33,0
Q001470,no_results,2026-07-31T13:53:36,0
Q001471,success,2026-07-31T13:53:40,3
Q001472,success,2026-07-31T13:53:43,3
Q001473,success,2026-07-31T13:53:46,3
Q001474,success,2026-07-31T13:53:49,1
Q001475,no_results,2026-07-31T13:53:53,0
Q001476,no_results,2026-07-31T13:53:56,0
Q001477,no_results,2026-07-31T13:53:59,0
Q001478,no_results,2026-07-31T13:54:02,0
Q001479,no_results,2026-07-31T13:54:05,0
Q001480,success,2026-07-31T13:54:08,3
Q001481,success,2026-07-31T13:54:11,3
Q001482,success,2026-07-31T13:54:14,3
Q001483,success,2026-07-31T13:54:18,3
Q001484,success,2026-07-31T13:54:21,3
Q001485,success,2026-07-31T13:54:24,3
Q001486,skipped_target_met,2026-07-31T13:54:27,0
Q001487,skipped_target_met,2026-07-31T13:54:27,0
Q001488,skipped_target_met,2026-07-31T13:54:27,0
Q001489,success,2026-07-31T13:54:27,3
Q001490,success,2026-07-31T13:54:31,3
Q001491,success,2026-07-31T13:54:33,3
Q001492,success,2026-07-31T13:54:36,3
Q001493,success,2026-07-31T13:54:40,3
Q001494,skipped_target_met,2026-07-31T13:54:43,0
Q001495,skipped_target_met,2026-07-31T13:54:43,0
Q001496,skipped_target_met,2026-07-31T13:54:43,0
Q001497,success,2026-07-31T13:54:43,3
Q001498,success,2026-07-31T13:54:46,3
Q001499,success,2026-07-31T13:54:49,3
Q001500,success,2026-07-31T13:54:53,3
Q001501,success,2026-07-31T13:54:56,3
Q001502,skipped_target_met,2026-07-31T13:54:59,0
Q001503,skipped_target_met,2026-07-31T13:54:59,0
Q001504,skipped_target_met,2026-07-31T13:54:59,0
Q001505,success,2026-07-31T13:54:59,3
Q001506,success,2026-07-31T13:55:02,3
Q001507,success,2026-07-31T13:55:05,1
Q001508,success,2026-07-31T13:55:08,3
Q001509,no_results,2026-07-31T13:55:12,0
Q001510,no_results,2026-07-31T13:55:15,0
Q001511,success,2026-07-31T13:55:18,1
Q001512,success,2026-07-31T13:55:21,2
Q001513,success,2026-07-31T13:55:24,3
Q001514,success,2026-07-31T13:55:27,1
Q001515,success,2026-07-31T13:55:30,3
Q001516,success,2026-07-31T13:55:33,2
Q001517,success,2026-07-31T13:55:37,3
Q001518,no_results,2026-07-31T13:55:41,0
Q001519,success,2026-07-31T13:55:44,3
Q001520,skipped_target_met,2026-07-31T13:55:47,0
Q001521,success,2026-07-31T13:55:47,3
Q001522,success,2026-07-31T13:55:51,3
Q001523,success,2026-07-31T13:55:56,1
Q001524,success,2026-07-31T13:55:59,3
Q001525,success,2026-07-31T13:56:02,2
Q001526,no_results,2026-07-31T13:56:05,0
Q001527,success,2026-07-31T13:56:09,3
Q001528,skipped_target_met,2026-07-31T13:56:11,0
Q001529,success,2026-07-31T13:56:11,3
Q001530,success,2026-07-31T13:56:15,3
Q001531,success,2026-07-31T13:56:22,3
Q001532,success,2026-07-31T13:56:26,3
Q001533,no_results,2026-07-31T13:56:30,0
Q001534,no_results,2026-07-31T13:56:33,0
Q001535,success,2026-07-31T13:56:36,2
Q001536,skipped_target_met,2026-07-31T13:56:39,0
Q001537,success,2026-07-31T13:56:39,3
Q001538,success,2026-07-31T13:56:42,3
Q001539,success,2026-07-31T13:56:45,3
Q001540,success,2026-07-31T13:56:48,3
Q001541,no_results,2026-07-31T13:56:51,0
Q001542,no_results,2026-07-31T13:56:54,0
Q001543,success,2026-07-31T13:56:58,2
Q001544,skipped_target_met,2026-07-31T13:57:01,0
Q001545,success,2026-07-31T13:57:02,3
Q001546,success,2026-07-31T13:57:06,3
Q001547,success,2026-07-31T13:57:09,3
Q001548,success,2026-07-31T13:57:12,3
Q001549,no_results,2026-07-31T13:57:15,0
Q001550,no_results,2026-07-31T13:57:18,0
Q001551,success,2026-07-31T13:57:21,3
Q001552,skipped_target_met,2026-07-31T13:57:24,0
Q001553,success,2026-07-31T13:57:24,3
Q001554,error,2026-07-31T13:57:28,0
Q001555,error,2026-07-31T13:57:30,0
Q001556,error,2026-07-31T13:57:32,0
Q001557,error,2026-07-31T13:57:34,0
Q001558,error,2026-07-31T13:57:36,0
Q001559,success,2026-07-31T13:57:38,2
Q001560,error,2026-07-31T13:57:41,0
Q001561,error,2026-07-31T13:57:43,0
Q001562,success,2026-07-31T13:57:49,3
Q001563,error,2026-07-31T13:57:54,0
Q001564,error,2026-07-31T13:57:56,0
Q001565,error,2026-07-31T13:57:58,0
Q001566,error,2026-07-31T13:58:00,0
Q001567,success,2026-07-31T13:58:02,3
Q001568,error,2026-07-31T13:58:05,0
Q001569,error,2026-07-31T13:58:08,0
Q001570,error,2026-07-31T13:58:10,0
Q001571,error,2026-07-31T13:58:12,0
Q001572,error,2026-07-31T13:58:14,0
Q001573,error,2026-07-31T13:58:16,0
Q001574,error,2026-07-31T13:58:18,0
Q001575,error,2026-07-31T13:58:20,0
Q001576,error,2026-07-31T13:58:22,0
Q001577,error,2026-07-31T13:58:24,0
Q001578,error,2026-07-31T13:58:26,0
Q001579,error,2026-07-31T13:58:28,0
Q001580,error,2026-07-31T13:58:30,0
Q001581,error,2026-07-31T13:58:32,0
Q001582,error,2026-07-31T13:58:34,0
Q001583,error,2026-07-31T13:58:36,0
Q001584,error,2026-07-31T13:58:39,0
Q001585,error,2026-07-31T13:58:41,0
Q001586,error,2026-07-31T13:58:43,0
Q001587,error,2026-07-31T13:58:51,0
Q001588,error,2026-07-31T13:58:53,0
Q000701,skipped_target_met,2026-07-31T14:02:26,0
Q001554,error,2026-07-31T14:02:26,0
Q001555,error,2026-07-31T14:02:28,0
Q001556,error,2026-07-31T14:02:30,0
Q001557,error,2026-07-31T14:02:32,0
Q001558,error,2026-07-31T14:02:34,0
Q001560,error,2026-07-31T14:02:36,0
Q001561,error,2026-07-31T14:02:38,0
Q001554,success,2026-07-31T14:04:51,1
Q001555,no_results,2026-07-31T14:04:54,0
Q001556,success,2026-07-31T14:04:57,1
Q001557,no_results,2026-07-31T14:05:00,0
Q001558,no_results,2026-07-31T14:05:05,0
Q001560,success,2026-07-31T14:05:09,1
Q001561,success,2026-07-31T14:05:13,3
Q001563,success,2026-07-31T14:05:16,2
Q001564,success,2026-07-31T14:05:19,3
Q001565,skipped_target_met,2026-07-31T14:05:22,0
Q001566,skipped_target_met,2026-07-31T14:05:22,0
Q001568,skipped_target_met,2026-07-31T14:05:22,0
Q001569,success,2026-07-31T14:05:22,3
Q001570,success,2026-07-31T14:05:25,3
Q001571,success,2026-07-31T14:05:29,1
Q001572,success,2026-07-31T14:05:33,3
Q001573,no_results,2026-07-31T14:05:36,0
Q001574,no_results,2026-07-31T14:05:39,0
Q001575,success,2026-07-31T14:05:42,1
Q001576,success,2026-07-31T14:05:45,2
Q001577,success,2026-07-31T14:05:49,3
Q001578,success,2026-07-31T14:05:52,3
Q001579,success,2026-07-31T14:05:55,3
Q001580,success,2026-07-31T14:05:58,3
Q001581,success,2026-07-31T14:06:01,3
Q001582,skipped_target_met,2026-07-31T14:06:04,0
Q001583,skipped_target_met,2026-07-31T14:06:04,0
Q001584,skipped_target_met,2026-07-31T14:06:04,0
Q001585,success,2026-07-31T14:06:04,3
Q001586,success,2026-07-31T14:06:08,3
Q001587,success,2026-07-31T14:06:11,3
Q001588,success,2026-07-31T14:06:14,3
Q001589,success,2026-07-31T14:06:17,3
Q001590,skipped_target_met,2026-07-31T14:06:20,0
Q001591,skipped_target_met,2026-07-31T14:06:20,0
Q001592,skipped_target_met,2026-07-31T14:06:20,0
Q001593,success,2026-07-31T14:06:20,3
Q001594,success,2026-07-31T14:06:23,3
Q001595,success,2026-07-31T14:06:27,3
Q001596,success,2026-07-31T14:06:30,3
Q001597,success,2026-07-31T14:06:34,3
Q001598,skipped_target_met,2026-07-31T14:06:37,0
Q001599,skipped_target_met,2026-07-31T14:06:37,0
Q001600,skipped_target_met,2026-07-31T14:06:37,0
Q001601,success,2026-07-31T14:06:37,3
Q001602,success,2026-07-31T14:06:41,3
Q001603,success,2026-07-31T14:06:43,3
Q001604,success,2026-07-31T14:06:47,3
Q001605,success,2026-07-31T14:06:50,3
Q001606,skipped_target_met,2026-07-31T14:06:54,0
Q001607,skipped_target_met,2026-07-31T14:06:54,0
Q001608,skipped_target_met,2026-07-31T14:06:54,0
Q001609,success,2026-07-31T14:06:54,3
Q001610,success,2026-07-31T14:06:57,3
Q001611,success,2026-07-31T14:07:01,3
Q001612,success,2026-07-31T14:07:04,3
Q001613,success,2026-07-31T14:07:07,3
Q001614,skipped_target_met,2026-07-31T14:07:10,0
Q001615,skipped_target_met,2026-07-31T14:07:10,0
Q001616,skipped_target_met,2026-07-31T14:07:10,0
Q001617,success,2026-07-31T14:07:10,3
Q001618,success,2026-07-31T14:07:14,3
Q001619,success,2026-07-31T14:07:17,1
Q001620,success,2026-07-31T14:07:20,3
Q001621,no_results,2026-07-31T14:07:23,0
Q001622,no_results,2026-07-31T14:07:26,0
Q001623,success,2026-07-31T14:07:29,1
Q001624,success,2026-07-31T14:07:33,3
Q001625,success,2026-07-31T14:07:36,3
Q001626,success,2026-07-31T14:07:39,1
Q001627,success,2026-07-31T14:07:42,1
Q001628,success,2026-07-31T14:07:46,1
Q001629,success,2026-07-31T14:07:50,1
Q001630,no_results,2026-07-31T14:07:53,0
Q001631,success,2026-07-31T14:07:56,3
Q001632,success,2026-07-31T14:07:59,3
Q001633,success,2026-07-31T14:08:03,3
Q001634,no_results,2026-07-31T14:08:06,0
Q001635,no_results,2026-07-31T14:08:09,0
Q001636,no_results,2026-07-31T14:08:13,0
Q001637,no_results,2026-07-31T14:08:16,0
Q001638,no_results,2026-07-31T14:08:19,0
Q001639,no_results,2026-07-31T14:08:22,0
Q001640,no_results,2026-07-31T14:08:25,0
Q001641,success,2026-07-31T14:08:28,3
Q001642,success,2026-07-31T14:08:31,3
Q001643,success,2026-07-31T14:08:35,3
Q001644,success,2026-07-31T14:08:38,3
Q001645,success,2026-07-31T14:08:41,3
Q001646,skipped_target_met,2026-07-31T14:08:44,0
Q001647,skipped_target_met,2026-07-31T14:08:44,0
Q001648,skipped_target_met,2026-07-31T14:08:44,0
Q001649,success,2026-07-31T14:08:44,3
Q001650,success,2026-07-31T14:08:47,3
Q001651,success,2026-07-31T14:08:50,3
Q001652,success,2026-07-31T14:08:54,3
Q001653,no_results,2026-07-31T14:08:58,0
Q001654,success,2026-07-31T14:09:01,2
Q001655,skipped_target_met,2026-07-31T14:09:04,0
Q001656,skipped_target_met,2026-07-31T14:09:04,0
Q001657,success,2026-07-31T14:09:04,3
Q001658,no_results,2026-07-31T14:09:07,0
Q001659,no_results,2026-07-31T14:09:10,0
Q001660,success,2026-07-31T14:09:14,2
Q001661,no_results,2026-07-31T14:09:17,0
Q001662,no_results,2026-07-31T14:09:20,0
Q001663,success,2026-07-31T14:09:23,3
Q001664,no_results,2026-07-31T14:09:27,0
Q001665,success,2026-07-31T14:09:30,3
Q001666,success,2026-07-31T14:09:34,3
Q001667,no_results,2026-07-31T14:09:37,0
Q001668,success,2026-07-31T14:09:39,3
Q001669,no_results,2026-07-31T14:09:43,0
Q001670,no_results,2026-07-31T14:09:46,0
Q001671,success,2026-07-31T14:09:49,1
Q001672,success,2026-07-31T14:09:52,3
Q001673,success,2026-07-31T14:09:55,3
Q001674,success,2026-07-31T14:09:59,3
Q001675,success,2026-07-31T14:10:02,3
Q001676,success,2026-07-31T14:10:04,3
Q001677,success,2026-07-31T14:10:08,3
Q001678,skipped_target_met,2026-07-31T14:10:12,0
Q001679,skipped_target_met,2026-07-31T14:10:12,0
Q001680,skipped_target_met,2026-07-31T14:10:12,0
Q001681,success,2026-07-31T14:10:12,3
Q001682,no_results,2026-07-31T14:10:15,0
Q001683,success,2026-07-31T14:10:19,3
Q001684,no_results,2026-07-31T14:10:22,0
Q001685,no_results,2026-07-31T14:10:25,0
Q001686,no_results,2026-07-31T14:10:28,0
Q001687,no_results,2026-07-31T14:10:31,0
Q001688,success,2026-07-31T14:10:35,2
Q001689,success,2026-07-31T14:10:38,3
Q001690,success,2026-07-31T14:10:41,3
Q001691,success,2026-07-31T14:10:45,3
Q001692,success,2026-07-31T14:10:48,3
Q001693,no_results,2026-07-31T14:10:51,0
Q001694,no_results,2026-07-31T14:10:55,0
Q001695,success,2026-07-31T14:10:58,1
Q001696,skipped_target_met,2026-07-31T14:11:01,0
Q001697,success,2026-07-31T14:11:01,3
Q001698,success,2026-07-31T14:11:04,1
Q001699,success,2026-07-31T14:11:08,3
Q001700,no_results,2026-07-31T14:11:10,0
Q001701,success,2026-07-31T14:11:13,3
Q001702,no_results,2026-07-31T14:11:17,0
Q001703,no_results,2026-07-31T14:11:20,0
Q001704,no_results,2026-07-31T14:11:23,0
Q001705,success,2026-07-31T14:11:26,3
Q001706,success,2026-07-31T14:11:29,3
Q001707,success,2026-07-31T14:11:33,3
Q001708,success,2026-07-31T14:11:36,3
Q001709,no_results,2026-07-31T14:11:38,0
Q001710,no_results,2026-07-31T14:11:41,0
Q001711,success,2026-07-31T14:11:45,3
Q001712,skipped_target_met,2026-07-31T14:11:48,0
Q001713,success,2026-07-31T14:11:48,3
Q001714,success,2026-07-31T14:11:50,3
Q001715,success,2026-07-31T14:11:54,3
Q001716,success,2026-07-31T14:11:57,3
Q001717,success,2026-07-31T14:12:00,3
Q001718,skipped_target_met,2026-07-31T14:12:09,0
Q001719,skipped_target_met,2026-07-31T14:12:09,0
Q001720,skipped_target_met,2026-07-31T14:12:09,0
Q001721,success,2026-07-31T14:12:09,3
Q001722,no_results,2026-07-31T14:12:14,0
Q001723,success,2026-07-31T14:12:23,3
Q001724,success,2026-07-31T14:12:26,3
Q001725,success,2026-07-31T14:12:29,3
Q001726,no_results,2026-07-31T14:12:32,0
Q001727,success,2026-07-31T14:12:36,1
Q001728,skipped_target_met,2026-07-31T14:12:40,0
Q001729,success,2026-07-31T14:12:40,3
Q001730,success,2026-07-31T14:12:43,3
Q001731,success,2026-07-31T14:12:47,3
Q001732,success,2026-07-31T14:12:50,3
Q001733,success,2026-07-31T14:12:53,3
Q001734,skipped_target_met,2026-07-31T14:12:56,0
Q001735,skipped_target_met,2026-07-31T14:12:56,0
Q001736,skipped_target_met,2026-07-31T14:12:56,0
Q001737,success,2026-07-31T14:12:56,3
Q001738,no_results,2026-07-31T14:12:59,0
Q001739,no_results,2026-07-31T14:13:04,0
Q001740,success,2026-07-31T14:13:07,1
Q001741,no_results,2026-07-31T14:13:10,0
Q001742,no_results,2026-07-31T19:09:57,0
Q001743,success,2026-07-31T19:10:01,3
Q001744,no_results,2026-07-31T19:10:04,0
Q001745,success,2026-07-31T19:10:07,3
Q001746,success,2026-07-31T19:10:11,3
Q001747,success,2026-07-31T19:10:14,2
Q001748,success,2026-07-31T19:10:17,3
Q001749,success,2026-07-31T19:10:20,1
Q001750,no_results,2026-07-31T19:10:24,0
Q001751,success,2026-07-31T19:10:28,2
Q001752,skipped_target_met,2026-07-31T19:10:31,0
Q001753,success,2026-07-31T19:10:31,3
Q001754,success,2026-07-31T19:10:34,3
Q001755,success,2026-07-31T19:10:38,3
Q001756,success,2026-07-31T19:10:41,3
Q001757,success,2026-07-31T19:10:53,3
Q001758,skipped_target_met,2026-07-31T19:10:56,0
Q001759,skipped_target_met,2026-07-31T19:10:56,0
Q001760,skipped_target_met,2026-07-31T19:10:56,0
Q001761,success,2026-07-31T19:10:56,3
Q001762,success,2026-07-31T19:10:59,3
Q001763,success,2026-07-31T19:11:04,1
Q001764,success,2026-07-31T19:11:07,3
Q001765,no_results,2026-07-31T19:11:10,0
Q001766,no_results,2026-07-31T19:11:14,0
Q001767,success,2026-07-31T19:11:17,3
Q001768,skipped_target_met,2026-07-31T19:11:20,0
Q001769,success,2026-07-31T19:11:20,3
Q001770,success,2026-07-31T19:11:23,3
Q001771,no_results,2026-07-31T19:11:27,0
Q001772,success,2026-07-31T19:11:30,2
Q001773,no_results,2026-07-31T19:11:35,0
Q001774,no_results,2026-07-31T19:11:38,0
Q001775,success,2026-07-31T19:11:42,3
Q001776,no_results,2026-07-31T19:11:46,0
Q001777,success,2026-07-31T19:11:51,3
Q001778,no_results,2026-07-31T19:11:54,0
Q001779,success,2026-07-31T19:11:57,3
Q001780,no_results,2026-07-31T19:12:00,0
Q001781,success,2026-07-31T19:12:03,3
Q001782,no_results,2026-07-31T19:12:06,0
Q001783,no_results,2026-07-31T19:12:10,0
Q001784,success,2026-07-31T19:12:14,1
Q001785,success,2026-07-31T19:12:16,3
Q001786,no_results,2026-07-31T19:12:19,0
Q001787,no_results,2026-07-31T19:12:23,0
Q001788,no_results,2026-07-31T19:12:26,0
Q001789,no_results,2026-07-31T19:12:30,0
Q001790,no_results,2026-07-31T19:12:33,0
Q001791,no_results,2026-07-31T19:12:36,0
Q001792,no_results,2026-07-31T19:12:39,0
Q001793,success,2026-07-31T19:12:44,3
Q001794,success,2026-07-31T19:12:47,3
Q001795,success,2026-07-31T19:12:51,3
Q001796,success,2026-07-31T19:12:54,3
Q001797,success,2026-07-31T19:12:57,3
Q001798,skipped_target_met,2026-07-31T19:13:00,0
Q001799,skipped_target_met,2026-07-31T19:13:00,0
Q001800,skipped_target_met,2026-07-31T19:13:00,0
Q001801,success,2026-07-31T19:13:00,3
Q001802,success,2026-07-31T19:13:03,3
Q001803,success,2026-07-31T19:13:06,3
Q001804,success,2026-07-31T19:13:10,3
Q001805,no_results,2026-07-31T19:13:13,0
Q001806,no_results,2026-07-31T19:13:18,0
Q001807,success,2026-07-31T19:13:21,2
Q001808,skipped_target_met,2026-07-31T19:13:24,0
Q001809,success,2026-07-31T19:13:24,3
Q001810,success,2026-07-31T19:13:28,3
Q001811,success,2026-07-31T19:13:31,3
Q001812,success,2026-07-31T19:13:34,3
Q001813,success,2026-07-31T19:13:37,3
Q001814,skipped_target_met,2026-07-31T19:13:40,0
Q001815,skipped_target_met,2026-07-31T19:13:40,0
Q001816,skipped_target_met,2026-07-31T19:13:40,0
Q001817,success,2026-07-31T19:13:40,3
Q001818,success,2026-07-31T19:13:43,3
Q001819,success,2026-07-31T19:13:46,3
Q001820,success,2026-07-31T19:13:50,3
Q001821,success,2026-07-31T19:13:54,1
Q001822,skipped_target_met,2026-07-31T19:13:57,0
Q001823,skipped_target_met,2026-07-31T19:13:57,0
Q001824,skipped_target_met,2026-07-31T19:13:57,0
Q001825,success,2026-07-31T19:13:57,3
Q001826,success,2026-07-31T19:14:00,3
Q001827,success,2026-07-31T19:14:03,3
Q001828,success,2026-07-31T19:14:07,1
Q001829,success,2026-07-31T19:14:10,3
Q001830,skipped_target_met,2026-07-31T19:14:13,0
Q001831,skipped_target_met,2026-07-31T19:14:13,0
Q001832,skipped_target_met,2026-07-31T19:14:13,0
Q001833,success,2026-07-31T19:14:13,3
Q001834,success,2026-07-31T19:14:16,3
Q001835,success,2026-07-31T19:14:20,3
Q001836,success,2026-07-31T19:14:24,3
Q001837,success,2026-07-31T19:14:27,3
Q001838,skipped_target_met,2026-07-31T19:14:30,0
Q001839,skipped_target_met,2026-07-31T19:14:30,0
Q001840,skipped_target_met,2026-07-31T19:14:30,0
Q001841,success,2026-07-31T19:14:30,3
Q001842,success,2026-07-31T19:14:34,3
Q001843,success,2026-07-31T19:14:38,3
Q001844,success,2026-07-31T19:14:42,3
Q001845,success,2026-07-31T19:14:45,3
Q001846,skipped_target_met,2026-07-31T19:14:49,0
Q001847,skipped_target_met,2026-07-31T19:14:49,0
Q001848,skipped_target_met,2026-07-31T19:14:49,0
Q001849,success,2026-07-31T19:14:49,3
Q001850,success,2026-07-31T19:14:52,3
Q001851,success,2026-07-31T19:14:57,3
Q001852,no_results,2026-07-31T19:15:00,0
Q001853,success,2026-07-31T19:15:03,2
Q001854,no_results,2026-07-31T19:15:06,0
Q001855,success,2026-07-31T19:15:09,3
Q001856,skipped_target_met,2026-07-31T19:15:12,0
Q001857,success,2026-07-31T19:15:12,3
Q001858,success,2026-07-31T19:15:16,1
Q001859,success,2026-07-31T19:15:19,2
Q001860,success,2026-07-31T19:15:22,2
Q001861,no_results,2026-07-31T19:15:25,0
Q001862,no_results,2026-07-31T19:15:30,0
Q001863,success,2026-07-31T19:15:33,1
Q001864,success,2026-07-31T19:15:37,2
Q001865,success,2026-07-31T19:15:40,3
Q001866,success,2026-07-31T19:15:43,3
Q001867,no_results,2026-07-31T19:15:46,0
Q001868,success,2026-07-31T19:15:49,3
Q001869,no_results,2026-07-31T19:15:52,0
Q001870,no_results,2026-07-31T19:15:55,0
Q001871,success,2026-07-31T19:15:59,1
Q001872,success,2026-07-31T19:16:02,3
Q001873,success,2026-07-31T19:16:06,3
Q001874,success,2026-07-31T19:16:10,3
Q001875,success,2026-07-31T19:16:13,3
Q001876,success,2026-07-31T19:16:18,3
Q001877,success,2026-07-31T19:16:21,3
Q001878,skipped_target_met,2026-07-31T19:16:24,0
Q001879,skipped_target_met,2026-07-31T19:16:24,0
Q001880,skipped_target_met,2026-07-31T19:16:24,0
Q001881,success,2026-07-31T19:16:24,3
Q001882,no_results,2026-07-31T19:16:28,0
Q001883,no_results,2026-07-31T19:16:31,0
Q001884,no_results,2026-07-31T19:16:33,0
Q001885,no_results,2026-07-31T19:16:38,0
Q001886,no_results,2026-07-31T19:16:41,0
Q001887,no_results,2026-07-31T19:16:44,0
Q001888,no_results,2026-07-31T19:16:48,0
Q001889,success,2026-07-31T19:16:51,3
Q001890,no_results,2026-07-31T19:16:54,0
Q001891,success,2026-07-31T19:16:57,3
Q001892,no_results,2026-07-31T19:17:01,0
Q001893,no_results,2026-07-31T19:17:04,0
Q001894,no_results,2026-07-31T19:17:07,0
Q001895,success,2026-07-31T19:17:11,1
Q001896,no_results,2026-07-31T19:17:14,0
Q001897,success,2026-07-31T19:17:18,3
Q001898,no_results,2026-07-31T19:17:20,0
Q001899,no_results,2026-07-31T19:17:24,0
Q001900,no_results,2026-07-31T19:17:27,0
Q001901,no_results,2026-07-31T19:17:30,0
Q001902,no_results,2026-07-31T19:17:34,0
Q001903,no_results,2026-07-31T19:17:37,0
Q001904,no_results,2026-07-31T19:17:40,0
Q001905,success,2026-07-31T19:17:44,3
Q001906,success,2026-07-31T19:17:48,3
Q001907,success,2026-07-31T19:17:51,3
Q001908,success,2026-07-31T19:17:54,3
Q001909,success,2026-07-31T19:17:57,3
Q001910,skipped_target_met,2026-07-31T19:18:01,0
Q001911,skipped_target_met,2026-07-31T19:18:01,0
Q001912,skipped_target_met,2026-07-31T19:18:01,0
Q001913,success,2026-07-31T19:18:01,3
Q001914,no_results,2026-07-31T19:18:04,0
Q001915,no_results,2026-07-31T19:18:07,0
Q001916,success,2026-07-31T19:18:10,2
Q001917,no_results,2026-07-31T19:18:14,0
Q001918,no_results,2026-07-31T19:18:18,0
Q001919,success,2026-07-31T19:18:22,1
Q001920,no_results,2026-07-31T19:18:25,0
Q001921,success,2026-07-31T19:18:28,3
Q001922,success,2026-07-31T19:18:31,3
Q001923,success,2026-07-31T19:18:34,3
Q001924,success,2026-07-31T19:18:37,3
Q001925,success,2026-07-31T19:18:41,3
Q001926,skipped_target_met,2026-07-31T19:18:44,0
Q001927,skipped_target_met,2026-07-31T19:18:44,0
Q001928,skipped_target_met,2026-07-31T19:18:44,0
Q001929,success,2026-07-31T19:18:44,3
Q001930,success,2026-07-31T19:18:47,3
Q001931,no_results,2026-07-31T19:18:52,0
Q001932,no_results,2026-07-31T19:18:55,0
Q001933,no_results,2026-07-31T19:18:58,0
Q001934,no_results,2026-07-31T19:19:01,0
Q001935,success,2026-07-31T19:19:05,1
Q001936,success,2026-07-31T19:19:09,3
Q001937,success,2026-07-31T19:19:12,3
Q001938,success,2026-07-31T19:19:15,2
Q001939,success,2026-07-31T19:19:18,3
Q001940,success,2026-07-31T19:19:21,3
Q001941,success,2026-07-31T19:19:26,3
Q001942,skipped_target_met,2026-07-31T19:19:29,0
Q001943,skipped_target_met,2026-07-31T19:19:29,0
Q001944,skipped_target_met,2026-07-31T19:19:29,0
Q001945,success,2026-07-31T19:19:29,3
Q001946,success,2026-07-31T19:19:32,3
Q001947,success,2026-07-31T19:19:35,3
Q001948,success,2026-07-31T19:19:38,3
Q001949,success,2026-07-31T19:19:42,1
Q001950,skipped_target_met,2026-07-31T19:19:49,0
Q001951,skipped_target_met,2026-07-31T19:19:49,0
Q001952,skipped_target_met,2026-07-31T19:19:49,0
Q001953,success,2026-07-31T19:19:49,3
Q001954,success,2026-07-31T19:19:52,3
Q001955,success,2026-07-31T19:19:55,3
Q001956,success,2026-07-31T19:19:59,3
Q001957,success,2026-07-31T19:20:04,3
Q001958,skipped_target_met,2026-07-31T19:20:08,0
Q001959,skipped_target_met,2026-07-31T19:20:08,0
Q001960,skipped_target_met,2026-07-31T19:20:08,0
Q001961,success,2026-07-31T19:20:08,3
Q001962,success,2026-07-31T19:20:12,3
Q001963,success,2026-07-31T19:20:16,3
Q001964,success,2026-07-31T19:20:20,3
Q001965,success,2026-07-31T19:20:23,1
Q001966,skipped_target_met,2026-07-31T19:20:27,0
Q001967,skipped_target_met,2026-07-31T19:20:27,0
Q001968,skipped_target_met,2026-07-31T19:20:27,0
Q001969,success,2026-07-31T19:20:27,3
Q001970,success,2026-07-31T19:20:31,2
Q001971,no_results,2026-07-31T19:20:34,0
Q001972,success,2026-07-31T19:20:38,1
Q001973,no_results,2026-07-31T19:20:41,0
Q001974,no_results,2026-07-31T19:20:44,0
Q001975,no_results,2026-07-31T19:20:47,0
Q001976,no_results,2026-07-31T19:20:50,0
Q001977,success,2026-07-31T19:20:53,3
Q001978,success,2026-07-31T19:20:56,3
Q001979,success,2026-07-31T19:20:59,3
Q001980,success,2026-07-31T19:21:05,3
Q001981,success,2026-07-31T19:21:09,3
Q001982,skipped_target_met,2026-07-31T19:21:12,0
Q001983,skipped_target_met,2026-07-31T19:21:12,0
Q001984,skipped_target_met,2026-07-31T19:21:12,0
Q001985,success,2026-07-31T19:21:12,3
Q001986,no_results,2026-07-31T19:21:15,0
Q001987,success,2026-07-31T19:21:18,1
Q001988,success,2026-07-31T19:21:21,1
Q001989,no_results,2026-07-31T19:21:25,0
Q001990,no_results,2026-07-31T19:21:28,0
Q001991,success,2026-07-31T19:21:31,3
Q001992,no_results,2026-07-31T19:21:34,0
Q001993,success,2026-07-31T19:21:39,3
Q001994,success,2026-07-31T19:21:43,3
Q001995,success,2026-07-31T19:21:46,3
Q001996,success,2026-07-31T19:21:49,3
Q001997,success,2026-07-31T19:21:52,3
Q001998,skipped_target_met,2026-07-31T19:21:55,0
Q001999,skipped_target_met,2026-07-31T19:21:55,0
Q002000,skipped_target_met,2026-07-31T19:21:55,0
Q002001,success,2026-07-31T19:21:55,3
Q002002,success,2026-07-31T19:21:59,2
Q002003,success,2026-07-31T19:22:02,3
Q002004,success,2026-07-31T19:22:05,2
Q002005,no_results,2026-07-31T19:22:08,0
Q002006,no_results,2026-07-31T19:22:14,0
Q002007,no_results,2026-07-31T19:22:17,0
Q002008,success,2026-07-31T19:22:20,3
Q002009,success,2026-07-31T19:22:23,3
Q002010,no_results,2026-07-31T19:22:26,0
Q002011,no_results,2026-07-31T19:22:29,0
Q002012,no_results,2026-07-31T19:22:32,0
Q002013,no_results,2026-07-31T19:22:35,0
Q002014,no_results,2026-07-31T19:22:39,0
Q002015,no_results,2026-07-31T19:22:42,0
Q002016,success,2026-07-31T19:22:46,2
Q002017,success,2026-07-31T19:22:50,3
Q002018,no_results,2026-07-31T19:22:53,0
Q002019,success,2026-07-31T19:22:57,3
Q002020,success,2026-07-31T19:23:00,3
Q002021,no_results,2026-07-31T19:23:03,0
Q002022,no_results,2026-07-31T19:23:06,0
Q002023,success,2026-07-31T19:23:09,1
Q002024,success,2026-07-31T19:23:12,3
Q002025,success,2026-07-31T19:23:16,3
Q002026,success,2026-07-31T19:23:20,1
Q002027,success,2026-07-31T19:23:24,2
Q002028,success,2026-07-31T19:23:27,2
Q002029,no_results,2026-07-31T19:23:30,0
Q002030,no_results,2026-07-31T19:23:33,0
Q002031,success,2026-07-31T19:23:36,2
Q002032,no_results,2026-07-31T19:23:39,0
Q002033,success,2026-07-31T19:23:43,3
Q002034,success,2026-07-31T19:23:46,3
Q002035,success,2026-07-31T19:23:49,3
Q002036,success,2026-07-31T19:23:53,3
Q002037,success,2026-07-31T19:23:57,3
Q002038,skipped_target_met,2026-07-31T19:24:00,0
Q002039,skipped_target_met,2026-07-31T19:24:00,0
Q002040,skipped_target_met,2026-07-31T19:24:00,0
Q002041,success,2026-07-31T19:24:00,3
Q002042,success,2026-07-31T19:24:03,3
Q002043,success,2026-07-31T19:24:07,3
Q002044,success,2026-07-31T19:24:10,3
Q002045,no_results,2026-07-31T19:24:14,0
Q002046,no_results,2026-07-31T19:24:19,0
Q002047,no_results,2026-07-31T19:24:22,0
Q002048,success,2026-07-31T19:24:27,3
Q002049,success,2026-07-31T19:24:30,3
Q002050,success,2026-07-31T19:24:33,3
Q002051,success,2026-07-31T19:24:37,2
Q002052,success,2026-07-31T19:24:41,3
Q002053,success,2026-07-31T19:24:44,2
Q002054,skipped_target_met,2026-07-31T19:24:47,0
Q002055,skipped_target_met,2026-07-31T19:24:47,0
Q002056,skipped_target_met,2026-07-31T19:24:47,0
Q002057,success,2026-07-31T19:24:47,3
Q002058,success,2026-07-31T19:24:50,3
Q002059,success,2026-07-31T19:24:53,3
Q002060,success,2026-07-31T19:24:56,3
Q002061,success,2026-07-31T19:25:01,1
Q002062,skipped_target_met,2026-07-31T19:25:04,0
Q002063,skipped_target_met,2026-07-31T19:25:04,0
Q002064,skipped_target_met,2026-07-31T19:25:04,0
Q002065,success,2026-07-31T19:25:04,3
Q002066,no_results,2026-07-31T19:25:07,0
Q002067,success,2026-07-31T19:25:10,2
Q002068,no_results,2026-07-31T19:25:14,0
Q002069,no_results,2026-07-31T19:25:17,0
Q002070,no_results,2026-07-31T19:25:21,0
Q002071,no_results,2026-07-31T19:25:25,0
Q002072,success,2026-07-31T19:25:28,1
Q002073,success,2026-07-31T19:25:31,3
Q002074,success,2026-07-31T19:25:36,3
Q002075,success,2026-07-31T19:25:39,3
Q002076,success,2026-07-31T19:25:42,3
Q002077,success,2026-07-31T19:25:45,3
Q002078,skipped_target_met,2026-07-31T19:25:49,0
Q002079,skipped_target_met,2026-07-31T19:25:49,0
Q002080,skipped_target_met,2026-07-31T19:25:49,0
Q002081,success,2026-07-31T19:25:49,3
Q002082,success,2026-07-31T19:25:53,3
Q002083,success,2026-07-31T19:25:56,3
Q002084,success,2026-07-31T19:25:59,3
Q002085,no_results,2026-07-31T19:26:02,0
Q002086,no_results,2026-07-31T19:26:07,0
Q002087,success,2026-07-31T19:26:10,3
Q002088,skipped_target_met,2026-07-31T19:26:13,0
Q002089,success,2026-07-31T19:26:13,3
Q002090,success,2026-07-31T19:26:16,3
Q002091,success,2026-07-31T19:26:19,3
Q002092,success,2026-07-31T19:26:22,3
Q002093,success,2026-07-31T19:26:25,3
Q002094,skipped_target_met,2026-07-31T19:26:28,0
Q002095,skipped_target_met,2026-07-31T19:26:28,0
Q002096,skipped_target_met,2026-07-31T19:26:28,0
Q002097,success,2026-07-31T19:26:28,3
Q002098,success,2026-07-31T19:26:31,3
Q002099,success,2026-07-31T19:26:35,3
Q002100,success,2026-07-31T19:26:37,3
Q002101,success,2026-07-31T19:26:42,1
Q002102,skipped_target_met,2026-07-31T19:26:45,0
Q002103,skipped_target_met,2026-07-31T19:26:45,0
Q002104,skipped_target_met,2026-07-31T19:26:45,0
Q002105,success,2026-07-31T19:26:45,3
Q002106,success,2026-07-31T19:26:48,1
Q002107,success,2026-07-31T19:26:51,3
Q002108,success,2026-07-31T19:26:54,3
Q002109,no_results,2026-07-31T19:26:57,0
Q002110,no_results,2026-07-31T19:27:00,0
Q002111,success,2026-07-31T19:27:04,3
Q002112,skipped_target_met,2026-07-31T19:27:07,0
Q002113,success,2026-07-31T19:27:07,3
Q002114,success,2026-07-31T19:27:10,3
Q002115,success,2026-07-31T19:27:15,2
Q002116,success,2026-07-31T19:27:18,3
Q002117,success,2026-07-31T19:27:21,1
Q002118,no_results,2026-07-31T19:27:24,0
Q002119,success,2026-07-31T19:27:28,1
Q002120,skipped_target_met,2026-07-31T19:27:31,0
Q002121,success,2026-07-31T19:27:31,3
Q002122,success,2026-07-31T19:27:33,3
Q002123,success,2026-07-31T19:27:37,3
Q002124,success,2026-07-31T19:27:40,3
Q002125,success,2026-07-31T19:27:43,3
Q002126,skipped_target_met,2026-07-31T19:27:46,0
Q002127,skipped_target_met,2026-07-31T19:27:46,0
Q002128,skipped_target_met,2026-07-31T19:27:46,0
Q002129,success,2026-07-31T19:27:46,3
Q002130,success,2026-07-31T19:27:50,3
Q002131,success,2026-07-31T19:27:53,3
Q002132,success,2026-07-31T19:27:56,3
Q002133,success,2026-07-31T19:27:59,3
Q002134,skipped_target_met,2026-07-31T19:28:04,0
Q002135,skipped_target_met,2026-07-31T19:28:04,0
Q002136,skipped_target_met,2026-07-31T19:28:04,0
Q002137,success,2026-07-31T19:28:04,3
Q002138,no_results,2026-07-31T19:28:07,0
Q002139,success,2026-07-31T19:28:11,3
Q002140,no_results,2026-07-31T19:28:14,0
Q002141,success,2026-07-31T19:28:17,3
Q002142,success,2026-07-31T19:28:20,2
Q002143,success,2026-07-31T19:28:23,3
Q002144,skipped_target_met,2026-07-31T19:28:26,0
Q002145,success,2026-07-31T19:28:26,3
Q002146,success,2026-07-31T19:28:29,3
Q002147,success,2026-07-31T19:28:33,3
Q002148,success,2026-07-31T19:28:38,1
Q002149,success,2026-07-31T19:28:41,3
Q002150,skipped_target_met,2026-07-31T19:28:44,0
Q002151,skipped_target_met,2026-07-31T19:28:44,0
Q002152,skipped_target_met,2026-07-31T19:28:44,0
Q002153,success,2026-07-31T19:28:44,3
Q002154,success,2026-07-31T19:28:48,3
Q002155,success,2026-07-31T19:28:51,3
Q002156,success,2026-07-31T19:28:54,3
Q002157,success,2026-07-31T19:28:57,3
Q002158,skipped_target_met,2026-07-31T19:29:01,0
Q002159,skipped_target_met,2026-07-31T19:29:01,0
Q002160,skipped_target_met,2026-07-31T19:29:01,0
Q002161,success,2026-07-31T19:29:01,3
Q002162,success,2026-07-31T19:29:04,1
Q002163,no_results,2026-07-31T19:29:07,0
Q002164,no_results,2026-07-31T19:29:11,0
Q002165,success,2026-07-31T19:29:15,3
Q002166,no_results,2026-07-31T19:29:18,0
Q002167,success,2026-07-31T19:29:21,3
Q002168,no_results,2026-07-31T19:29:24,0
Q002169,success,2026-07-31T19:29:28,3
Q002170,success,2026-07-31T19:29:31,3
Q002171,success,2026-07-31T19:29:34,3
Q002172,no_results,2026-07-31T19:29:37,0
Q002173,success,2026-07-31T19:29:40,3
Q002174,success,2026-07-31T19:29:45,3
Q002175,skipped_target_met,2026-07-31T19:29:48,0
Q002176,skipped_target_met,2026-07-31T19:29:48,0
Q002177,success,2026-07-31T19:29:48,3
Q002178,success,2026-07-31T19:29:52,3
Q002179,success,2026-07-31T19:29:55,3
Q002180,success,2026-07-31T19:29:58,3
Q002181,success,2026-07-31T19:30:01,3
Q002182,skipped_target_met,2026-07-31T19:30:04,0
Q002183,skipped_target_met,2026-07-31T19:30:04,0
Q002184,skipped_target_met,2026-07-31T19:30:04,0
Q002185,success,2026-07-31T19:30:04,3
Q002186,success,2026-07-31T19:30:07,3
Q002187,success,2026-07-31T19:30:11,3
Q002188,success,2026-07-31T19:30:14,3
Q002189,success,2026-07-31T19:30:19,3
Q002190,skipped_target_met,2026-07-31T19:30:22,0
Q002191,skipped_target_met,2026-07-31T19:30:22,0
Q002192,skipped_target_met,2026-07-31T19:30:22,0
Q002193,success,2026-07-31T19:30:22,3
Q002194,success,2026-07-31T19:30:25,3
Q002195,success,2026-07-31T19:30:28,3
Q002196,no_results,2026-07-31T19:30:32,0
Q002197,success,2026-07-31T19:30:35,3
Q002198,success,2026-07-31T19:30:38,3
Q002199,skipped_target_met,2026-07-31T19:30:42,0
Q002200,skipped_target_met,2026-07-31T19:30:42,0
Q002201,success,2026-07-31T19:30:42,3
Q002202,success,2026-07-31T19:30:45,2
Q002203,success,2026-07-31T19:30:48,3
Q002204,no_results,2026-07-31T19:30:53,0
Q002205,success,2026-07-31T19:30:57,2
Q002206,no_results,2026-07-31T19:31:00,0
Q002207,no_results,2026-07-31T19:31:03,0
Q002208,success,2026-07-31T19:31:06,1
Q002209,success,2026-07-31T19:31:09,3
Q002210,success,2026-07-31T19:31:12,3
Q002211,success,2026-07-31T19:31:15,3
Q002212,success,2026-07-31T19:31:21,3
Q002213,success,2026-07-31T19:31:25,2
Q002214,skipped_target_met,2026-07-31T19:31:28,0
Q002215,skipped_target_met,2026-07-31T19:31:28,0
Q002216,skipped_target_met,2026-07-31T19:31:28,0
Q002217,success,2026-07-31T19:31:28,3
Q002218,success,2026-07-31T19:31:32,3
Q002219,error,2026-07-31T19:31:35,0
Q002220,success,2026-07-31T19:31:47,3
Q002221,success,2026-07-31T19:31:50,2
Q002222,no_results,2026-07-31T19:31:53,0
Q002223,success,2026-07-31T19:31:56,3
Q002224,skipped_target_met,2026-07-31T19:32:01,0
Q002225,success,2026-07-31T19:32:01,3
Q002226,success,2026-07-31T19:32:04,1
Q002227,no_results,2026-07-31T19:32:07,0
Q002228,success,2026-07-31T19:32:11,2
Q002229,no_results,2026-07-31T19:32:14,0
Q002230,no_results,2026-07-31T19:32:18,0
Q002231,success,2026-07-31T19:32:21,2
Q002232,no_results,2026-07-31T19:32:25,0
Q002233,success,2026-07-31T19:32:29,3
Q002234,no_results,2026-07-31T19:32:33,0
Q002235,success,2026-07-31T19:32:36,3
Q002236,no_results,2026-07-31T19:32:40,0
Q002237,no_results,2026-07-31T19:32:43,0
Q002238,no_results,2026-07-31T19:32:46,0
Q002239,no_results,2026-07-31T19:32:49,0
Q002240,no_results,2026-07-31T19:32:52,0
Q002241,success,2026-07-31T19:32:56,3
Q002242,success,2026-07-31T19:32:59,1
Q002243,success,2026-07-31T19:33:02,1
Q002244,success,2026-07-31T19:33:06,1
Q002245,no_results,2026-07-31T19:33:10,0
Q002246,no_results,2026-07-31T19:33:14,0
Q002247,success,2026-07-31T19:33:18,1
Q002248,success,2026-07-31T19:33:21,3
Q002249,success,2026-07-31T19:33:24,3
Q002250,no_results,2026-07-31T19:33:27,0
Q002251,success,2026-07-31T19:33:30,3
Q002252,no_results,2026-07-31T19:33:34,0
Q002253,success,2026-07-31T19:33:37,2
Q002254,no_results,2026-07-31T19:33:42,0
Q002255,no_results,2026-07-31T19:33:45,0
Q002256,success,2026-07-31T19:33:48,3
Q002257,success,2026-07-31T19:33:51,3
Q002258,no_results,2026-07-31T19:33:54,0
Q002259,no_results,2026-07-31T19:33:57,0
Q002260,success,2026-07-31T19:34:00,1
Q002261,no_results,2026-07-31T19:34:03,0
Q002262,no_results,2026-07-31T19:34:06,0
Q002263,success,2026-07-31T19:34:09,1
Q002264,no_results,2026-07-31T19:34:14,0
Q002265,success,2026-07-31T19:34:17,3
Q002266,success,2026-07-31T19:34:20,1
Q002267,success,2026-07-31T19:34:23,1
Q002268,no_results,2026-07-31T19:34:26,0
Q002269,success,2026-07-31T19:34:29,1
Q002270,no_results,2026-07-31T19:34:32,0
Q002271,no_results,2026-07-31T19:34:39,0
Q002272,success,2026-07-31T19:34:42,2
Q002273,success,2026-07-31T19:34:45,3
Q002274,success,2026-07-31T19:34:50,3
Q002275,success,2026-07-31T19:34:53,3
Q002276,success,2026-07-31T19:34:56,1
Q002277,success,2026-07-31T19:34:59,3
Q002278,skipped_target_met,2026-07-31T19:35:02,0
Q002279,skipped_target_met,2026-07-31T19:35:02,0
Q002280,skipped_target_met,2026-07-31T19:35:02,0
Q002281,success,2026-07-31T19:35:02,3
Q002282,success,2026-07-31T19:35:05,3
Q002283,success,2026-07-31T19:35:08,3
Q002284,success,2026-07-31T19:35:11,3
Q002285,success,2026-07-31T19:35:14,3
Q002286,skipped_target_met,2026-07-31T19:35:18,0
Q002287,skipped_target_met,2026-07-31T19:35:18,0
Q002288,skipped_target_met,2026-07-31T19:35:18,0
Q002289,success,2026-07-31T19:35:18,3
Q002290,success,2026-07-31T19:35:22,3
Q002291,success,2026-07-31T19:35:25,1
Q002292,success,2026-07-31T19:35:29,3
Q002293,success,2026-07-31T19:35:32,1
Q002294,no_results,2026-07-31T19:35:34,0
Q002295,no_results,2026-07-31T19:35:37,0
Q002296,success,2026-07-31T19:35:41,3
Q002297,success,2026-07-31T19:35:44,3
Q002298,no_results,2026-07-31T19:35:47,0
Q002299,success,2026-07-31T19:35:51,1
Q002300,success,2026-07-31T19:35:55,3
Q002301,no_results,2026-07-31T19:35:58,0
Q002302,no_results,2026-07-31T19:36:02,0
Q002303,success,2026-07-31T19:36:06,3
Q002304,no_results,2026-07-31T19:36:09,0
Q002305,success,2026-07-31T19:36:12,3
Q002306,success,2026-07-31T19:36:15,3
Q002307,success,2026-07-31T19:36:18,3
Q002308,success,2026-07-31T19:36:22,3
Q002309,success,2026-07-31T19:36:25,3
Q002310,skipped_target_met,2026-07-31T19:36:33,0
Q002311,skipped_target_met,2026-07-31T19:36:33,0
Q002312,skipped_target_met,2026-07-31T19:36:33,0
Q002313,success,2026-07-31T19:36:33,3
Q002314,no_results,2026-07-31T19:36:37,0
Q002315,no_results,2026-07-31T19:36:40,0
Q002316,success,2026-07-31T19:36:43,3
Q002317,no_results,2026-07-31T19:36:47,0
Q002318,no_results,2026-07-31T19:36:50,0
Q002319,success,2026-07-31T19:36:53,1
Q002320,success,2026-07-31T19:36:56,3
Q002321,success,2026-07-31T19:36:59,3
Q002322,success,2026-07-31T19:37:05,3
Q002323,success,2026-07-31T19:37:08,3
Q002324,success,2026-07-31T19:37:12,3
Q002325,no_results,2026-07-31T19:37:15,0
Q002326,no_results,2026-07-31T19:37:18,0
Q002327,success,2026-07-31T19:37:21,1
Q002328,skipped_target_met,2026-07-31T19:37:24,0
Q002329,success,2026-07-31T19:37:24,3
Q002330,success,2026-07-31T19:37:27,3
Q002331,success,2026-07-31T19:37:30,3
Q002332,success,2026-07-31T19:37:33,3
Q002333,success,2026-07-31T19:37:38,3
Q002334,skipped_target_met,2026-07-31T19:37:41,0
Q002335,skipped_target_met,2026-07-31T19:37:41,0
Q002336,skipped_target_met,2026-07-31T19:37:41,0
Q002337,success,2026-07-31T19:37:41,3
Q002338,success,2026-07-31T19:37:44,3
Q002339,success,2026-07-31T19:37:47,3
Q002340,success,2026-07-31T19:37:51,3
Q002341,success,2026-07-31T19:37:54,3
Q002342,skipped_target_met,2026-07-31T19:37:57,0
Q002343,skipped_target_met,2026-07-31T19:37:57,0
Q002344,skipped_target_met,2026-07-31T19:37:57,0
Q002345,success,2026-07-31T19:37:57,3
Q002346,success,2026-07-31T19:38:00,3
Q002347,success,2026-07-31T19:38:03,3
Q002348,success,2026-07-31T19:38:07,3
Q002349,success,2026-07-31T19:38:11,3
Q002350,skipped_target_met,2026-07-31T19:38:15,0
Q002351,skipped_target_met,2026-07-31T19:38:15,0
Q002352,skipped_target_met,2026-07-31T19:38:15,0
Q002353,success,2026-07-31T19:38:15,3
Q002354,no_results,2026-07-31T19:38:18,0
Q002355,success,2026-07-31T19:38:21,3
Q002356,no_results,2026-07-31T19:38:24,0
Q002357,success,2026-07-31T19:38:27,3
Q002358,no_results,2026-07-31T19:38:30,0
Q002359,no_results,2026-07-31T19:38:33,0
Q002360,success,2026-07-31T19:38:36,3
Q002361,success,2026-07-31T19:38:40,3
Q002362,success,2026-07-31T19:38:43,3
Q002363,success,2026-07-31T19:38:47,3
Q002364,success,2026-07-31T19:38:51,3
Q002365,success,2026-07-31T19:38:54,3
Q002366,skipped_target_met,2026-07-31T19:38:58,0
Q002367,skipped_target_met,2026-07-31T19:38:58,0
Q002368,skipped_target_met,2026-07-31T19:38:58,0
Q002369,success,2026-07-31T19:38:58,3
Q002370,success,2026-07-31T19:39:00,3
Q002371,success,2026-07-31T19:39:04,3
Q002372,success,2026-07-31T19:39:07,3
Q002373,success,2026-07-31T19:39:10,3
Q002374,skipped_target_met,2026-07-31T19:39:13,0
Q002375,skipped_target_met,2026-07-31T19:39:13,0
Q002376,skipped_target_met,2026-07-31T19:39:13,0
Q002377,success,2026-07-31T19:39:13,3
Q002378,success,2026-07-31T19:39:16,3
Q002379,success,2026-07-31T19:39:22,3
Q002380,success,2026-07-31T19:39:25,3
Q002381,no_results,2026-07-31T19:39:28,0
Q002382,no_results,2026-07-31T19:39:31,0
Q002383,success,2026-07-31T19:39:34,1
Q002384,skipped_target_met,2026-07-31T19:39:38,0
Q002385,success,2026-07-31T19:39:38,3
Q002386,success,2026-07-31T19:39:41,2
Q002387,success,2026-07-31T19:39:44,3
Q002388,success,2026-07-31T19:39:47,3
Q002389,success,2026-07-31T19:39:50,1
Q002390,no_results,2026-07-31T19:39:55,0
Q002391,no_results,2026-07-31T19:39:58,0
Q002392,success,2026-07-31T19:40:01,1
Q002393,success,2026-07-31T19:40:04,3
Q002394,success,2026-07-31T19:40:07,3
Q002395,no_results,2026-07-31T19:40:10,0
Q002396,success,2026-07-31T19:40:14,3
Q002397,no_results,2026-07-31T19:40:17,0
Q002398,success,2026-07-31T19:40:20,1
Q002399,success,2026-07-31T19:40:23,2
Q002400,success,2026-07-31T19:40:28,3
Q002401,success,2026-07-31T19:40:31,3
Q002402,success,2026-07-31T19:40:35,3
Q002403,success,2026-07-31T19:40:38,1
Q002404,success,2026-07-31T19:40:41,3
Q002405,no_results,2026-07-31T19:40:44,0
Q002406,no_results,2026-07-31T19:40:48,0
Q002407,success,2026-07-31T19:40:51,2
Q002408,success,2026-07-31T19:40:54,3
Q002409,success,2026-07-31T19:40:57,3
Q002410,success,2026-07-31T19:41:02,3
Q002411,success,2026-07-31T19:41:05,3
Q002412,success,2026-07-31T19:41:12,3
Q002413,success,2026-07-31T19:41:15,3
Q002414,skipped_target_met,2026-07-31T19:41:18,0
Q002415,skipped_target_met,2026-07-31T19:41:18,0
Q002416,skipped_target_met,2026-07-31T19:41:18,0
Q002417,success,2026-07-31T19:41:18,3
Q002418,success,2026-07-31T19:41:21,2
Q002419,success,2026-07-31T19:41:25,1
Q002420,success,2026-07-31T19:41:27,1
Q002421,success,2026-07-31T19:41:31,1
Q002422,no_results,2026-07-31T19:41:36,0
Q002423,no_results,2026-07-31T19:41:39,0
Q002424,success,2026-07-31T19:41:42,3
Q002425,success,2026-07-31T19:41:45,3
Q002426,success,2026-07-31T19:41:48,3
Q002427,success,2026-07-31T19:41:51,3
Q002428,success,2026-07-31T19:41:54,3
Q002429,success,2026-07-31T19:41:57,3
Q002430,skipped_target_met,2026-07-31T19:42:00,0
Q002431,skipped_target_met,2026-07-31T19:42:00,0
Q002432,skipped_target_met,2026-07-31T19:42:00,0
Q002433,success,2026-07-31T19:42:00,3
Q002434,success,2026-07-31T19:42:04,3
Q002435,success,2026-07-31T19:42:09,3
Q002436,success,2026-07-31T19:42:11,3
Q002437,success,2026-07-31T19:42:15,3
Q002438,skipped_target_met,2026-07-31T19:42:18,0
Q002439,skipped_target_met,2026-07-31T19:42:18,0
Q002440,skipped_target_met,2026-07-31T19:42:18,0
Q002441,success,2026-07-31T19:42:18,3
Q002442,success,2026-07-31T19:42:21,1
Q002443,success,2026-07-31T19:42:24,3
Q002444,success,2026-07-31T19:42:28,1
Q002445,no_results,2026-07-31T19:42:31,0
Q002446,no_results,2026-07-31T19:42:34,0
Q002447,success,2026-07-31T19:42:37,1
Q002448,success,2026-07-31T19:42:42,3
Q002449,success,2026-07-31T19:42:45,3
Q002450,no_results,2026-07-31T19:42:49,0
Q002451,success,2026-07-31T19:42:52,1
Q002452,success,2026-07-31T19:42:55,1
Q002453,no_results,2026-07-31T19:42:58,0
Q002454,no_results,2026-07-31T19:43:01,0
Q002455,no_results,2026-07-31T19:43:04,0
Q002456,success,2026-07-31T19:43:07,3
Q002457,success,2026-07-31T19:43:10,3
Q002458,success,2026-07-31T19:43:13,1
Q002459,success,2026-07-31T19:43:18,3
Q002460,success,2026-07-31T19:43:21,3
Q002461,success,2026-07-31T19:43:24,1
Q002462,no_results,2026-07-31T19:43:27,0
Q002463,no_results,2026-07-31T19:43:31,0
Q002464,success,2026-07-31T19:43:34,3
Q002465,success,2026-07-31T19:43:37,3
Q002466,no_results,2026-07-31T19:43:40,0
Q002467,no_results,2026-07-31T19:43:43,0
Q002468,success,2026-07-31T19:43:46,2
Q002469,success,2026-07-31T19:43:51,1
Q002470,no_results,2026-07-31T19:43:54,0
Q002471,success,2026-07-31T19:43:57,3
Q002472,no_results,2026-07-31T19:44:00,0
Q002473,success,2026-07-31T19:44:03,3
Q002474,success,2026-07-31T19:44:07,1
Q002475,success,2026-07-31T19:44:11,3
Q002476,success,2026-07-31T19:44:14,3
Q002477,success,2026-07-31T19:44:17,2
Q002478,no_results,2026-07-31T19:44:20,0
Q002479,success,2026-07-31T19:44:25,1
Q002480,skipped_target_met,2026-07-31T19:44:28,0
Q002481,success,2026-07-31T19:44:28,3
Q002482,success,2026-07-31T19:44:31,1
Q002483,success,2026-07-31T19:44:34,1
Q002484,success,2026-07-31T19:44:37,1
Q002485,success,2026-07-31T19:44:40,3
Q002486,no_results,2026-07-31T19:44:43,0
Q002487,no_results,2026-07-31T19:44:46,0
Q002488,no_results,2026-07-31T19:44:50,0
Q002489,success,2026-07-31T19:44:53,3
Q002490,no_results,2026-07-31T19:44:58,0
Q002491,success,2026-07-31T19:45:01,2
Q002492,no_results,2026-07-31T19:45:05,0
Q002493,no_results,2026-07-31T19:45:08,0
Q002494,no_results,2026-07-31T19:45:11,0
Q002495,no_results,2026-07-31T19:45:14,0
Q002496,no_results,2026-07-31T19:45:17,0
Q002497,success,2026-07-31T19:45:20,3
Q002498,success,2026-07-31T19:45:24,3
Q002499,success,2026-07-31T19:45:28,3
Q002500,success,2026-07-31T19:45:33,3
Q002501,success,2026-07-31T19:45:36,3
Q002502,skipped_target_met,2026-07-31T19:45:39,0
Q002503,skipped_target_met,2026-07-31T19:45:39,0
Q002504,skipped_target_met,2026-07-31T19:45:39,0
Q002505,success,2026-07-31T19:45:39,3
Q002506,no_results,2026-07-31T19:45:42,0
Q002507,success,2026-07-31T19:45:46,1
Q002508,success,2026-07-31T19:45:50,3
Q002509,no_results,2026-07-31T19:45:54,0
Q002510,no_results,2026-07-31T19:45:57,0
Q002511,success,2026-07-31T19:46:01,1
Q002512,success,2026-07-31T19:46:05,3
Q002513,success,2026-07-31T19:46:08,3
Q002514,success,2026-07-31T19:46:11,3
Q002515,success,2026-07-31T19:46:15,3
Q002516,success,2026-07-31T19:46:19,3
Q002517,success,2026-07-31T19:46:23,3
Q002518,skipped_target_met,2026-07-31T19:46:26,0
Q002519,skipped_target_met,2026-07-31T19:46:26,0
Q002520,skipped_target_met,2026-07-31T19:46:26,0
Q002521,success,2026-07-31T19:46:26,3
Q002522,success,2026-07-31T19:46:29,2
Q002523,no_results,2026-07-31T19:46:33,0
Q002524,success,2026-07-31T19:46:36,3
Q002525,no_results,2026-07-31T19:46:41,0
Q002526,no_results,2026-07-31T19:46:44,0
Q002527,no_results,2026-07-31T19:46:46,0
Q002528,success,2026-07-31T19:46:50,3
Q002529,success,2026-07-31T19:46:53,3
Q002530,success,2026-07-31T19:46:56,3
Q002531,success,2026-07-31T19:46:59,3
Q002532,success,2026-07-31T19:47:02,3
Q002533,no_results,2026-07-31T19:47:05,0
Q002534,no_results,2026-07-31T19:47:09,0
Q002535,success,2026-07-31T19:47:13,3
Q002536,skipped_target_met,2026-07-31T19:47:16,0
Q002537,success,2026-07-31T19:47:16,3
Q002538,success,2026-07-31T19:47:20,3
Q002539,success,2026-07-31T19:47:23,3
Q002540,success,2026-07-31T19:47:26,3
Q002541,success,2026-07-31T19:47:29,3
Q002542,skipped_target_met,2026-07-31T19:47:33,0
Q002543,skipped_target_met,2026-07-31T19:47:33,0
Q002544,skipped_target_met,2026-07-31T19:47:33,0
Q002545,success,2026-07-31T19:47:33,3
Q002546,success,2026-07-31T19:47:36,3
Q002547,success,2026-07-31T19:47:39,3
Q002548,success,2026-07-31T19:47:42,3
Q002549,success,2026-07-31T19:47:47,1
Q002550,skipped_target_met,2026-07-31T19:47:50,0
Q002551,skipped_target_met,2026-07-31T19:47:50,0
Q002552,skipped_target_met,2026-07-31T19:47:50,0
Q002553,success,2026-07-31T19:47:50,3
Q002554,success,2026-07-31T19:47:54,3
Q002555,success,2026-07-31T19:47:57,3
Q002556,success,2026-07-31T19:48:00,3
Q002557,success,2026-07-31T19:48:04,3
Q002558,skipped_target_met,2026-07-31T19:48:07,0
Q002559,skipped_target_met,2026-07-31T19:48:07,0
Q002560,skipped_target_met,2026-07-31T19:48:07,0
Q002561,success,2026-07-31T19:48:07,3
Q002562,no_results,2026-07-31T19:48:10,0
Q002563,success,2026-07-31T19:48:13,1
Q002564,success,2026-07-31T19:48:16,1
Q002565,no_results,2026-07-31T19:48:19,0
Q002566,no_results,2026-07-31T19:48:23,0
Q002567,success,2026-07-31T19:48:26,1
Q002568,success,2026-07-31T19:48:29,3
Q002569,success,2026-07-31T19:48:33,3
Q002570,success,2026-07-31T19:48:38,3
Q002571,no_results,2026-07-31T19:48:41,0
Q002572,success,2026-07-31T19:48:44,3
Q002573,success,2026-07-31T19:48:47,1
Q002574,no_results,2026-07-31T19:48:50,0
Q002575,no_results,2026-07-31T19:48:54,0
Q002576,success,2026-07-31T19:48:57,1
Q002577,success,2026-07-31T19:49:00,3
Q002578,success,2026-07-31T19:49:02,3
Q002579,success,2026-07-31T19:49:06,3
Q002580,success,2026-07-31T19:49:11,3
Q002581,no_results,2026-07-31T19:49:15,0
Q002582,no_results,2026-07-31T19:49:18,0
Q002583,success,2026-07-31T19:49:21,3
Q002584,skipped_target_met,2026-07-31T19:49:24,0
Q002585,success,2026-07-31T19:49:24,3
Q002586,no_results,2026-07-31T19:49:27,0
Q002587,success,2026-07-31T19:49:30,3
Q002588,no_results,2026-07-31T19:49:34,0
Q002589,no_results,2026-07-31T19:49:37,0
Q002590,no_results,2026-07-31T19:49:40,0
Q002591,success,2026-07-31T19:49:44,2
Q002592,success,2026-07-31T19:49:52,3
Q002593,success,2026-07-31T19:49:55,3
Q002594,no_results,2026-07-31T19:49:58,0
Q002595,no_results,2026-07-31T19:50:01,0
Q002596,no_results,2026-07-31T19:50:04,0
Q002597,no_results,2026-07-31T19:50:08,0
Q002598,no_results,2026-07-31T19:50:11,0
Q002599,no_results,2026-07-31T19:50:14,0
Q002600,success,2026-07-31T19:50:18,3
Q002601,success,2026-07-31T19:50:22,3
Q002602,success,2026-07-31T19:50:25,3
Q002603,success,2026-07-31T19:50:28,3
Q002604,success,2026-07-31T19:50:31,3
Q002605,success,2026-07-31T19:50:33,3
Q002606,skipped_target_met,2026-07-31T19:50:37,0
Q002607,skipped_target_met,2026-07-31T19:50:37,0
Q002608,skipped_target_met,2026-07-31T19:50:37,0
Q002609,success,2026-07-31T19:50:37,3
Q002610,success,2026-07-31T19:50:40,3
Q002611,success,2026-07-31T19:50:44,3
Q002612,success,2026-07-31T19:50:47,3
Q002613,success,2026-07-31T19:50:52,3
Q002614,skipped_target_met,2026-07-31T19:50:56,0
Q002615,skipped_target_met,2026-07-31T19:50:56,0
Q002616,skipped_target_met,2026-07-31T19:50:56,0
Q002617,success,2026-07-31T19:50:56,3
Q002618,success,2026-07-31T19:50:59,1
Q002619,success,2026-07-31T19:51:02,1
Q002620,success,2026-07-31T19:51:05,1
Q002621,success,2026-07-31T19:51:09,1
Q002622,no_results,2026-07-31T19:51:12,0
Q002623,no_results,2026-07-31T19:51:16,0
Q002624,success,2026-07-31T19:51:20,1
Q002625,success,2026-07-31T19:51:24,3
Q002626,success,2026-07-31T19:51:27,1
Q002627,success,2026-07-31T19:51:31,3
Q002628,no_results,2026-07-31T19:51:34,0
Q002629,success,2026-07-31T19:51:37,3
Q002630,no_results,2026-07-31T19:51:40,0
Q002631,no_results,2026-07-31T19:51:44,0
Q002632,success,2026-07-31T19:51:47,3
Q002633,success,2026-07-31T19:51:50,3
Q002634,success,2026-07-31T19:51:53,3
Q002635,success,2026-07-31T19:51:56,3
Q002636,success,2026-07-31T19:52:01,3
Q002637,success,2026-07-31T19:52:04,1
Q002638,skipped_target_met,2026-07-31T19:52:07,0
Q002639,skipped_target_met,2026-07-31T19:52:07,0
Q002640,skipped_target_met,2026-07-31T19:52:07,0
Q002641,success,2026-07-31T19:52:07,3
Q002642,no_results,2026-07-31T19:52:11,0
Q002643,no_results,2026-07-31T19:52:14,0
Q002644,no_results,2026-07-31T19:52:17,0
Q002645,no_results,2026-07-31T19:52:20,0
Q002646,no_results,2026-07-31T19:52:23,0
Q002647,no_results,2026-07-31T19:52:27,0
Q002648,success,2026-07-31T19:52:30,3
Q002649,success,2026-07-31T19:52:35,3
Q002650,no_results,2026-07-31T19:52:38,0
Q002651,success,2026-07-31T19:52:42,1
Q002652,success,2026-07-31T19:52:45,1
Q002653,no_results,2026-07-31T19:52:48,0
Q002654,no_results,2026-07-31T19:52:51,0
Q002655,success,2026-07-31T19:52:55,1
Q002656,success,2026-07-31T19:52:58,3
Q002657,success,2026-07-31T19:53:01,3
Q002658,success,2026-07-31T19:53:06,3
Q002659,no_results,2026-07-31T19:53:09,0
Q002660,success,2026-07-31T19:53:12,3
Q002661,no_results,2026-07-31T19:53:15,0
Q002662,no_results,2026-07-31T19:53:18,0
Q002663,no_results,2026-07-31T19:53:21,0
Q002664,success,2026-07-31T19:53:24,3
Q002665,success,2026-07-31T19:53:27,3
Q002666,success,2026-07-31T19:53:30,3
Q002667,success,2026-07-31T19:53:34,3
Q002668,success,2026-07-31T19:53:37,3
Q002669,success,2026-07-31T19:53:42,3
Q002670,skipped_target_met,2026-07-31T19:53:45,0
Q002671,skipped_target_met,2026-07-31T19:53:45,0
Q002672,skipped_target_met,2026-07-31T19:53:45,0
Q002673,success,2026-07-31T19:53:45,3
Q002674,success,2026-07-31T19:53:48,3
Q002675,success,2026-07-31T19:53:52,3
Q002676,success,2026-07-31T19:53:55,3
Q002677,success,2026-07-31T19:53:58,3
Q002678,skipped_target_met,2026-07-31T19:54:03,0
Q002679,skipped_target_met,2026-07-31T19:54:03,0
Q002680,skipped_target_met,2026-07-31T19:54:03,0
Q002681,success,2026-07-31T19:54:03,3
Q002682,success,2026-07-31T19:54:06,3
Q002683,success,2026-07-31T19:54:08,3
Q002684,success,2026-07-31T19:54:11,3
Q002685,success,2026-07-31T19:54:16,2
Q002686,skipped_target_met,2026-07-31T19:54:19,0
Q002687,skipped_target_met,2026-07-31T19:54:19,0
Q002688,skipped_target_met,2026-07-31T19:54:19,0
Q002689,success,2026-07-31T19:54:19,3
Q002690,no_results,2026-07-31T19:54:22,0
Q002691,no_results,2026-07-31T19:54:25,0
Q002692,no_results,2026-07-31T19:54:28,0
Q002693,success,2026-07-31T19:54:31,1
Q002694,no_results,2026-07-31T19:54:35,0
Q002695,success,2026-07-31T19:54:38,1
Q002696,no_results,2026-07-31T19:54:41,0
Q002697,success,2026-07-31T19:54:44,3
Q002698,no_results,2026-07-31T19:54:48,0
Q002699,success,2026-07-31T19:54:52,3
Q002700,no_results,2026-07-31T19:54:55,0
Q002701,success,2026-07-31T19:54:58,3
Q002702,no_results,2026-07-31T19:55:01,0
Q002703,no_results,2026-07-31T19:55:04,0
Q002704,success,2026-07-31T19:55:08,3
Q002705,success,2026-07-31T19:55:11,3
Q002706,success,2026-07-31T19:55:14,2
Q002707,success,2026-07-31T19:55:17,3
Q002708,no_results,2026-07-31T19:55:21,0
Q002709,success,2026-07-31T19:55:24,3
Q002710,success,2026-07-31T19:55:28,1
Q002711,no_results,2026-07-31T19:55:31,0
Q002712,success,2026-07-31T19:55:34,3
Q002713,success,2026-07-31T19:55:37,3
Q002714,no_results,2026-07-31T19:55:40,0
Q002715,no_results,2026-07-31T19:55:43,0
Q002716,no_results,2026-07-31T19:55:47,0
Q002717,no_results,2026-07-31T19:55:50,0
Q002718,no_results,2026-07-31T19:55:55,0
Q002719,no_results,2026-07-31T19:55:58,0
Q002720,success,2026-07-31T19:56:02,3
Q002721,success,2026-07-31T19:56:05,3
Q002722,success,2026-07-31T19:56:09,3
Q002723,success,2026-07-31T19:56:12,3
Q002724,success,2026-07-31T19:56:16,3
Q002725,no_results,2026-07-31T19:56:19,0
Q002726,success,2026-07-31T19:56:22,2
Q002727,skipped_target_met,2026-07-31T19:56:25,0
Q002728,skipped_target_met,2026-07-31T19:56:25,0
Q002729,success,2026-07-31T19:56:25,3
Q002730,success,2026-07-31T19:56:30,3
Q002731,success,2026-07-31T19:56:34,2
Q002732,success,2026-07-31T19:56:37,3
Q002733,no_results,2026-07-31T19:56:40,0
Q002734,no_results,2026-07-31T19:56:43,0
Q002735,success,2026-07-31T19:56:46,3
Q002736,skipped_target_met,2026-07-31T19:56:49,0
Q002737,success,2026-07-31T19:56:49,3
Q002738,success,2026-07-31T19:56:52,3
Q002739,success,2026-07-31T19:56:56,1
Q002740,success,2026-07-31T19:56:59,3
Q002741,success,2026-07-31T19:57:02,3
Q002742,skipped_target_met,2026-07-31T19:57:05,0
Q002743,skipped_target_met,2026-07-31T19:57:05,0
Q002744,skipped_target_met,2026-07-31T19:57:05,0
Q002745,success,2026-07-31T19:57:05,3
Q002746,success,2026-07-31T19:57:08,3
Q002747,success,2026-07-31T19:57:11,3
Q002748,success,2026-07-31T19:57:14,3
Q002749,success,2026-07-31T19:57:20,3
Q002750,skipped_target_met,2026-07-31T19:57:23,0
Q002751,skipped_target_met,2026-07-31T19:57:23,0
Q002752,skipped_target_met,2026-07-31T19:57:23,0
Q002753,success,2026-07-31T19:57:23,3
Q002754,success,2026-07-31T19:57:26,3
Q002755,success,2026-07-31T19:57:29,3
Q002756,success,2026-07-31T19:57:32,3
Q002757,success,2026-07-31T19:57:35,3
Q002758,skipped_target_met,2026-07-31T19:57:38,0
Q002759,skipped_target_met,2026-07-31T19:57:38,0
Q002760,skipped_target_met,2026-07-31T19:57:38,0
Q002761,success,2026-07-31T19:57:38,3
Q002762,success,2026-07-31T19:57:42,3
Q002763,success,2026-07-31T19:57:45,3
Q002764,success,2026-07-31T19:57:48,3
Q002765,success,2026-07-31T19:57:53,3
Q002766,skipped_target_met,2026-07-31T19:57:56,0
Q002767,skipped_target_met,2026-07-31T19:57:56,0
Q002768,skipped_target_met,2026-07-31T19:57:56,0
Q002769,success,2026-07-31T19:57:56,3
Q002770,no_results,2026-07-31T19:58:00,0
Q002771,success,2026-07-31T19:58:03,3
Q002772,success,2026-07-31T19:58:08,3
Q002773,success,2026-07-31T19:58:12,3
Q002774,no_results,2026-07-31T19:58:16,0
Q002775,no_results,2026-07-31T19:58:20,0
Q002776,no_results,2026-07-31T19:58:23,0
Q002777,success,2026-07-31T19:58:28,3
Q002778,success,2026-07-31T19:58:31,3
Q002779,success,2026-07-31T19:58:34,3
Q002780,success,2026-07-31T19:58:37,3
Q002781,success,2026-07-31T19:58:40,3
Q002782,skipped_target_met,2026-07-31T19:58:43,0
Q002783,skipped_target_met,2026-07-31T19:58:43,0
Q002784,skipped_target_met,2026-07-31T19:58:43,0
Q002785,success,2026-07-31T19:58:43,3
Q002786,success,2026-07-31T19:58:48,3
Q002787,success,2026-07-31T19:58:53,3
Q002788,success,2026-07-31T19:58:57,3
Q002789,success,2026-07-31T19:59:01,3
Q002790,skipped_target_met,2026-07-31T19:59:04,0
Q002791,skipped_target_met,2026-07-31T19:59:04,0
Q002792,skipped_target_met,2026-07-31T19:59:04,0
Q002793,success,2026-07-31T19:59:04,3
Q002794,no_results,2026-07-31T19:59:07,0
Q002795,success,2026-07-31T19:59:10,3
Q002796,no_results,2026-07-31T19:59:13,0
Q002797,success,2026-07-31T19:59:17,3
Q002798,no_results,2026-07-31T19:59:20,0
Q002799,no_results,2026-07-31T19:59:23,0
Q002800,no_results,2026-07-31T19:59:27,0
Q002801,success,2026-07-31T19:59:29,3
Q002802,no_results,2026-07-31T19:59:34,0
Q002803,success,2026-07-31T19:59:38,3
Q002804,no_results,2026-07-31T19:59:41,0
Q002805,success,2026-07-31T19:59:44,3
Q002806,no_results,2026-07-31T19:59:47,0
Q002807,no_results,2026-07-31T19:59:51,0
Q002808,success,2026-07-31T19:59:54,3
Q002809,success,2026-07-31T19:59:58,3
Q002810,success,2026-07-31T20:00:01,3
Q002811,success,2026-07-31T20:00:04,3
Q002812,success,2026-07-31T20:00:09,3
Q002813,no_results,2026-07-31T20:00:12,0
Q002814,no_results,2026-07-31T20:00:16,0
Q002815,success,2026-07-31T20:00:19,3
Q002816,skipped_target_met,2026-07-31T20:00:22,0
Q002817,success,2026-07-31T20:00:22,3
Q002818,success,2026-07-31T20:00:25,1
Q002819,success,2026-07-31T20:00:28,3
Q002820,success,2026-07-31T20:00:32,1
Q002821,success,2026-07-31T20:00:35,1
Q002822,success,2026-07-31T20:00:38,1
Q002823,success,2026-07-31T20:00:43,1
Q002824,success,2026-07-31T20:00:46,1
Q002825,success,2026-07-31T20:00:49,3
Q002826,success,2026-07-31T20:00:52,3
Q002827,success,2026-07-31T20:00:55,3
Q002828,success,2026-07-31T20:00:58,3
Q002829,success,2026-07-31T20:01:01,1
Q002830,skipped_target_met,2026-07-31T20:01:04,0
Q002831,skipped_target_met,2026-07-31T20:01:04,0
Q002832,skipped_target_met,2026-07-31T20:01:04,0
Q002833,success,2026-07-31T20:01:04,3
Q002834,success,2026-07-31T20:01:08,3
Q002835,success,2026-07-31T20:01:17,3
Q002836,success,2026-07-31T20:01:21,3
Q002837,success,2026-07-31T20:01:26,2
Q002838,skipped_target_met,2026-07-31T20:01:28,0
Q002839,skipped_target_met,2026-07-31T20:01:28,0
Q002840,skipped_target_met,2026-07-31T20:01:28,0
Q002841,success,2026-07-31T20:01:28,3
Q002842,success,2026-07-31T20:01:32,3
Q002843,success,2026-07-31T20:01:35,3
Q002844,success,2026-07-31T20:01:38,3
Q002845,success,2026-07-31T20:01:41,3
Q002846,skipped_target_met,2026-07-31T20:01:44,0
Q002847,skipped_target_met,2026-07-31T20:01:44,0
Q002848,skipped_target_met,2026-07-31T20:01:44,0
Q002849,success,2026-07-31T20:01:44,3
Q002850,success,2026-07-31T20:01:47,3
Q002851,success,2026-07-31T20:01:53,3
Q002852,success,2026-07-31T20:01:56,3
Q002853,success,2026-07-31T20:01:59,3
Q002854,skipped_target_met,2026-07-31T20:02:02,0
Q002855,skipped_target_met,2026-07-31T20:02:02,0
Q002856,skipped_target_met,2026-07-31T20:02:02,0
Q002857,success,2026-07-31T20:02:02,3
Q002858,no_results,2026-07-31T20:02:06,0
Q002859,no_results,2026-07-31T20:02:09,0
Q002860,success,2026-07-31T20:02:12,2
Q002861,no_results,2026-07-31T20:02:15,0
Q002862,no_results,2026-07-31T20:02:19,0
Q002863,success,2026-07-31T20:02:25,2
Q002864,no_results,2026-07-31T20:02:28,0
Q002865,success,2026-07-31T20:02:31,3
Q002866,success,2026-07-31T20:02:35,3
Q002867,success,2026-07-31T20:02:38,3
Q002868,success,2026-07-31T20:02:41,3
Q002869,success,2026-07-31T20:02:44,3
Q002870,skipped_target_met,2026-07-31T20:02:48,0
Q002871,skipped_target_met,2026-07-31T20:02:48,0
Q002872,skipped_target_met,2026-07-31T20:02:48,0
Q002873,success,2026-07-31T20:02:48,3
Q002874,success,2026-07-31T20:02:55,3
Q002875,success,2026-07-31T20:03:00,1
Q002876,success,2026-07-31T20:03:04,3
Q002877,no_results,2026-07-31T20:03:07,0
Q002878,no_results,2026-07-31T20:03:10,0
Q002879,success,2026-07-31T20:03:13,3
Q002880,skipped_target_met,2026-07-31T20:03:17,0
Q002881,success,2026-07-31T20:03:17,3
Q002882,success,2026-07-31T20:03:20,1
Q002883,success,2026-07-31T20:03:23,3
Q002884,success,2026-07-31T20:03:26,1
Q002885,success,2026-07-31T20:03:29,1
Q002886,no_results,2026-07-31T20:03:35,0
Q002887,success,2026-07-31T20:03:38,3
Q002888,no_results,2026-07-31T20:03:41,0
Q002889,success,2026-07-31T20:03:44,3
Q002890,success,2026-07-31T20:03:47,3
Q002891,success,2026-07-31T20:03:50,3
Q002892,success,2026-07-31T20:03:53,3
Q002893,success,2026-07-31T20:03:56,3
Q002894,skipped_target_met,2026-07-31T20:03:59,0
Q002895,skipped_target_met,2026-07-31T20:03:59,0
Q002896,skipped_target_met,2026-07-31T20:03:59,0
Q002897,success,2026-07-31T20:03:59,3
Q002898,success,2026-07-31T20:04:02,3
Q002899,success,2026-07-31T20:04:07,3
Q002900,success,2026-07-31T20:04:11,3
Q002901,success,2026-07-31T20:04:14,3
Q002902,skipped_target_met,2026-07-31T20:04:16,0
Q002903,skipped_target_met,2026-07-31T20:04:16,0
Q002904,skipped_target_met,2026-07-31T20:04:16,0
Q002905,success,2026-07-31T20:04:16,3
Q002906,success,2026-07-31T20:04:20,3
Q002907,success,2026-07-31T20:04:23,3
Q002908,success,2026-07-31T20:04:26,3
Q002909,success,2026-07-31T20:04:29,3
Q002910,skipped_target_met,2026-07-31T20:04:32,0
Q002911,skipped_target_met,2026-07-31T20:04:32,0
Q002912,skipped_target_met,2026-07-31T20:04:32,0
Q002913,success,2026-07-31T20:04:32,3
Q002914,success,2026-07-31T20:04:36,1
Q002915,success,2026-07-31T20:04:40,3
Q002916,no_results,2026-07-31T20:04:43,0
Q002917,no_results,2026-07-31T20:04:47,0
Q002918,no_results,2026-07-31T20:04:50,0
Q002919,no_results,2026-07-31T20:04:53,0
Q002920,success,2026-07-31T20:04:56,1
Q002921,success,2026-07-31T20:04:59,3
Q002922,success,2026-07-31T20:05:02,3
Q002923,success,2026-07-31T20:05:07,3
Q002924,success,2026-07-31T20:05:11,3
Q002925,success,2026-07-31T20:05:15,3
Q002926,skipped_target_met,2026-07-31T20:05:19,0
Q002927,skipped_target_met,2026-07-31T20:05:19,0
Q002928,skipped_target_met,2026-07-31T20:05:19,0
Q002929,success,2026-07-31T20:05:19,3
Q002930,success,2026-07-31T20:05:22,3
Q002931,success,2026-07-31T20:05:25,3
Q002932,success,2026-07-31T20:05:28,3
Q002933,success,2026-07-31T20:05:32,3
Q002934,skipped_target_met,2026-07-31T20:05:35,0
Q002935,skipped_target_met,2026-07-31T20:05:35,0
Q002936,skipped_target_met,2026-07-31T20:05:35,0
Q002937,success,2026-07-31T20:05:35,3
Q002938,success,2026-07-31T20:05:38,3
Q002939,success,2026-07-31T20:05:41,3
Q002940,success,2026-07-31T20:05:44,3
Q002941,success,2026-07-31T20:05:49,3
Q002942,skipped_target_met,2026-07-31T20:05:52,0
Q002943,skipped_target_met,2026-07-31T20:05:52,0
Q002944,skipped_target_met,2026-07-31T20:05:52,0
Q002945,success,2026-07-31T20:05:52,3
Q002946,success,2026-07-31T20:05:55,3
Q002947,success,2026-07-31T20:05:58,3
Q002948,success,2026-07-31T20:06:01,3
Q002949,success,2026-07-31T20:06:04,2
Q002950,skipped_target_met,2026-07-31T20:06:09,0
Q002951,skipped_target_met,2026-07-31T20:06:09,0
Q002952,skipped_target_met,2026-07-31T20:06:09,0
Q002953,success,2026-07-31T20:06:09,3
Q002954,success,2026-07-31T20:06:12,3
Q002955,success,2026-07-31T20:06:17,3
Q002956,success,2026-07-31T20:06:22,3
Q002957,success,2026-07-31T20:06:25,3
Q002958,skipped_target_met,2026-07-31T20:06:28,0
Q002959,skipped_target_met,2026-07-31T20:06:28,0
Q002960,skipped_target_met,2026-07-31T20:06:28,0
Q002961,success,2026-07-31T20:06:28,3
Q002962,success,2026-07-31T20:06:31,3
Q002963,no_results,2026-07-31T20:06:34,0
Q002964,success,2026-07-31T20:06:37,3
Q002965,no_results,2026-07-31T20:06:41,0
Q002966,no_results,2026-07-31T20:06:44,0
Q002967,success,2026-07-31T20:06:48,2
Q002968,success,2026-07-31T20:06:51,3
Q002969,success,2026-07-31T20:06:56,3
Q002970,success,2026-07-31T20:06:59,3
Q002971,success,2026-07-31T20:07:02,3
Q002972,success,2026-07-31T20:07:06,3
Q002973,success,2026-07-31T20:07:09,3
Q002974,skipped_target_met,2026-07-31T20:07:12,0
Q002975,skipped_target_met,2026-07-31T20:07:12,0
Q002976,skipped_target_met,2026-07-31T20:07:12,0
Q002977,success,2026-07-31T20:07:12,3
Q002978,success,2026-07-31T20:07:15,3
Q002979,success,2026-07-31T20:07:18,3
Q002980,success,2026-07-31T20:07:22,1
Q002981,success,2026-07-31T20:07:25,3
Q002982,skipped_target_met,2026-07-31T20:07:30,0
Q002983,skipped_target_met,2026-07-31T20:07:30,0
Q002984,skipped_target_met,2026-07-31T20:07:30,0
Q002985,success,2026-07-31T20:07:30,3
Q002986,no_results,2026-07-31T20:07:33,0
Q002987,success,2026-07-31T20:07:36,3
Q002988,no_results,2026-07-31T20:07:40,0
Q002989,success,2026-07-31T20:07:46,3
Q002990,no_results,2026-07-31T20:07:50,0
Q002991,no_results,2026-07-31T20:07:53,0
Q002992,success,2026-07-31T20:07:56,2
Q002993,success,2026-07-31T20:08:00,3
Q002994,success,2026-07-31T20:08:05,3
Q002995,success,2026-07-31T20:08:08,3
Q002996,success,2026-07-31T20:08:11,3
Q002997,success,2026-07-31T20:08:15,2
Q002998,skipped_target_met,2026-07-31T20:08:18,0
Q002999,skipped_target_met,2026-07-31T20:08:18,0
Q003000,skipped_target_met,2026-07-31T20:08:18,0
Q003001,success,2026-07-31T20:08:18,3
Q003002,success,2026-07-31T20:08:21,3
Q003003,success,2026-07-31T20:08:24,3
Q003004,success,2026-07-31T20:08:27,3
Q003005,success,2026-07-31T20:08:31,3
Q003006,skipped_target_met,2026-07-31T20:08:34,0
Q003007,skipped_target_met,2026-07-31T20:08:34,0
Q003008,skipped_target_met,2026-07-31T20:08:34,0
Q003009,success,2026-07-31T20:08:34,3
Q003010,success,2026-07-31T20:08:38,3
Q003011,success,2026-07-31T20:08:42,3
Q003012,success,2026-07-31T20:08:45,3
Q003013,success,2026-07-31T20:08:48,2
Q003014,skipped_target_met,2026-07-31T20:08:51,0
Q003015,skipped_target_met,2026-07-31T20:08:51,0
Q003016,skipped_target_met,2026-07-31T20:08:51,0
Q003017,success,2026-07-31T20:08:51,3
Q003018,no_results,2026-07-31T20:08:54,0
Q003019,success,2026-07-31T20:08:57,1
Q003020,no_results,2026-07-31T20:09:00,0
Q003021,no_results,2026-07-31T20:09:03,0
Q003022,no_results,2026-07-31T20:09:07,0
Q003023,success,2026-07-31T20:09:11,1
Q003024,no_results,2026-07-31T20:09:14,0
Q003025,success,2026-07-31T20:09:18,3
Q003026,success,2026-07-31T20:09:21,3
Q003027,success,2026-07-31T20:09:24,3
Q003028,success,2026-07-31T20:09:27,3
Q003029,success,2026-07-31T20:09:30,3
Q003030,skipped_target_met,2026-07-31T20:09:33,0
Q003031,skipped_target_met,2026-07-31T20:09:33,0
Q003032,skipped_target_met,2026-07-31T20:09:33,0
Q003033,success,2026-07-31T20:09:33,3
Q003034,success,2026-07-31T20:09:37,3
Q003035,success,2026-07-31T20:09:40,3
Q003036,success,2026-07-31T20:09:43,3
Q003037,success,2026-07-31T20:09:48,3
Q003038,skipped_target_met,2026-07-31T20:09:51,0
Q003039,skipped_target_met,2026-07-31T20:09:51,0
Q003040,skipped_target_met,2026-07-31T20:09:51,0
Q003041,success,2026-07-31T20:09:51,3
Q003042,success,2026-07-31T20:09:54,3
Q003043,success,2026-07-31T20:09:58,3
Q003044,success,2026-07-31T20:10:01,3
Q003045,success,2026-07-31T20:10:04,3
Q003046,skipped_target_met,2026-07-31T20:10:07,0
Q003047,skipped_target_met,2026-07-31T20:10:07,0
Q003048,skipped_target_met,2026-07-31T20:10:07,0
Q003049,success,2026-07-31T20:10:07,3
Q003050,success,2026-07-31T20:10:10,3
Q003051,success,2026-07-31T20:10:13,3
Q003052,success,2026-07-31T20:10:17,3
Q003053,success,2026-07-31T20:10:22,3
Q003054,skipped_target_met,2026-07-31T20:10:25,0
Q003055,skipped_target_met,2026-07-31T20:10:25,0
Q003056,skipped_target_met,2026-07-31T20:10:25,0
Q003057,success,2026-07-31T20:10:25,3
Q003058,success,2026-07-31T20:10:28,2
Q003059,success,2026-07-31T20:10:31,2
Q003060,success,2026-07-31T20:10:34,1
Q003061,success,2026-07-31T20:10:37,2
Q003062,no_results,2026-07-31T20:10:41,0
Q003063,success,2026-07-31T20:10:44,3
Q003064,skipped_target_met,2026-07-31T20:10:47,0
Q003065,success,2026-07-31T20:10:47,3
Q003066,success,2026-07-31T20:10:51,3
Q003067,success,2026-07-31T20:10:55,3
Q003068,success,2026-07-31T20:11:01,3
Q003069,success,2026-07-31T20:11:04,3
Q003070,skipped_target_met,2026-07-31T20:11:08,0
Q003071,skipped_target_met,2026-07-31T20:11:08,0
Q003072,skipped_target_met,2026-07-31T20:11:08,0
Q003073,success,2026-07-31T20:11:08,3
Q003074,success,2026-07-31T20:11:11,3
Q003075,success,2026-07-31T20:11:15,3
Q003076,success,2026-07-31T20:11:18,3
Q003077,success,2026-07-31T20:11:21,2
Q003078,skipped_target_met,2026-07-31T20:11:24,0
Q003079,skipped_target_met,2026-07-31T20:11:24,0
Q003080,skipped_target_met,2026-07-31T20:11:24,0
Q003081,success,2026-07-31T20:11:24,3
Q003082,success,2026-07-31T20:11:29,3
Q003083,success,2026-07-31T20:11:32,3
Q003084,success,2026-07-31T20:11:35,3
Q003085,success,2026-07-31T20:11:38,3
Q003086,skipped_target_met,2026-07-31T20:11:40,0
Q003087,skipped_target_met,2026-07-31T20:11:40,0
Q003088,skipped_target_met,2026-07-31T20:11:40,0
Q003089,success,2026-07-31T20:11:40,3
Q003090,success,2026-07-31T20:11:44,3
Q003091,success,2026-07-31T20:11:47,3
Q003092,success,2026-07-31T20:11:50,3
Q003093,success,2026-07-31T20:11:53,3
Q003094,skipped_target_met,2026-07-31T20:11:56,0
Q003095,skipped_target_met,2026-07-31T20:11:56,0
Q003096,skipped_target_met,2026-07-31T20:11:56,0
Q003097,success,2026-07-31T20:11:56,3
Q003098,success,2026-07-31T20:12:01,3
Q003099,success,2026-07-31T20:12:04,3
Q003100,success,2026-07-31T20:12:07,3
Q003101,success,2026-07-31T20:12:11,3
Q003102,skipped_target_met,2026-07-31T20:12:15,0
Q003103,skipped_target_met,2026-07-31T20:12:15,0
Q003104,skipped_target_met,2026-07-31T20:12:15,0
Q003105,success,2026-07-31T20:12:15,3
Q003106,success,2026-07-31T20:12:17,3
Q003107,success,2026-07-31T20:12:20,3
Q003108,success,2026-07-31T20:12:24,3
Q003109,success,2026-07-31T20:12:27,3
Q003110,skipped_target_met,2026-07-31T20:12:30,0
Q003111,skipped_target_met,2026-07-31T20:12:30,0
Q003112,skipped_target_met,2026-07-31T20:12:30,0
Q003113,success,2026-07-31T20:12:30,3
Q003114,no_results,2026-07-31T20:12:35,0
Q003115,success,2026-07-31T20:12:39,3
Q003116,no_results,2026-07-31T20:12:42,0
Q003117,success,2026-07-31T20:12:45,3
Q003118,no_results,2026-07-31T20:12:48,0
Q003119,no_results,2026-07-31T20:12:51,0
Q003120,success,2026-07-31T20:12:54,3
Q003121,success,2026-07-31T20:12:59,3
Q003122,error,2026-07-31T20:13:02,0
Q003123,success,2026-07-31T20:13:04,3
Q003124,error,2026-07-31T20:13:07,0
Q003125,error,2026-07-31T20:13:10,0
Q003126,error,2026-07-31T20:13:12,0
Q003127,error,2026-07-31T20:13:14,0
Q003128,error,2026-07-31T20:13:16,0
Q003129,error,2026-07-31T20:13:18,0
Q003130,error,2026-07-31T20:13:20,0
Q003131,error,2026-07-31T20:13:23,0
Q003132,error,2026-07-31T20:13:25,0
Q003133,error,2026-07-31T20:13:27,0
Q003134,error,2026-07-31T20:13:29,0
Q003135,error,2026-07-31T20:13:32,0
Q003136,error,2026-07-31T20:13:34,0
Q003137,error,2026-07-31T20:13:36,0
Q003138,error,2026-07-31T20:13:38,0
Q003139,error,2026-07-31T20:13:40,0
Q003140,error,2026-07-31T20:13:44,0
Q003141,error,2026-07-31T20:13:46,0
Q003142,error,2026-07-31T20:13:49,0
Q003143,error,2026-07-31T20:13:51,0
Q003144,error,2026-07-31T20:13:53,0
Q003145,error,2026-07-31T20:13:55,0
Q003146,error,2026-07-31T20:13:57,0
Q003147,error,2026-07-31T20:13:59,0
Q003148,error,2026-07-31T20:14:01,0
Q003149,error,2026-07-31T20:14:03,0
Q003150,error,2026-07-31T20:14:05,0
Q003151,error,2026-07-31T20:14:07,0
Q003152,error,2026-07-31T20:14:09,0
Q003153,error,2026-07-31T20:14:11,0
Q003154,error,2026-07-31T20:14:13,0
Q003155,error,2026-07-31T20:14:15,0
Q003156,error,2026-07-31T20:14:19,0
Q003157,error,2026-07-31T20:14:21,0
Q003158,error,2026-07-31T20:14:23,0
Q003159,error,2026-07-31T20:14:26,0
Q003160,error,2026-07-31T20:14:28,0
Q003161,error,2026-07-31T20:14:30,0
Q003162,error,2026-07-31T20:14:32,0
Q003163,error,2026-07-31T20:14:34,0
Q003164,error,2026-07-31T20:14:36,0
Q003165,error,2026-07-31T20:14:38,0
Q003166,error,2026-07-31T20:14:40,0
Q003167,error,2026-07-31T20:14:42,0
Q003168,error,2026-07-31T20:14:44,0
Q003169,error,2026-07-31T20:14:46,0
Q003170,error,2026-07-31T20:14:48,0
Q003171,error,2026-07-31T20:14:52,0
Q003172,error,2026-07-31T20:14:54,0
Q003173,error,2026-07-31T20:14:56,0
Q003174,error,2026-07-31T20:14:58,0
Q003175,error,2026-07-31T20:15:00,0
Q003176,error,2026-07-31T20:15:02,0
Q003177,error,2026-07-31T20:15:04,0
Q003178,error,2026-07-31T20:15:06,0
Q003179,error,2026-07-31T20:15:08,0
Q003180,error,2026-07-31T20:15:10,0
Q003181,error,2026-07-31T20:15:13,0
Q003182,error,2026-07-31T20:15:15,0
Q003183,error,2026-07-31T20:15:17,0
Q003184,error,2026-07-31T20:15:19,0
Q002219,skipped_target_met,2026-07-31T20:51:30,0
Q003122,success,2026-07-31T20:51:30,2
Q003124,success,2026-07-31T20:51:34,1
Q003125,success,2026-07-31T20:51:37,3
Q003126,no_results,2026-07-31T20:51:40,0
Q003127,no_results,2026-07-31T20:51:43,0
Q003128,success,2026-07-31T20:51:46,2
Q003129,success,2026-07-31T20:51:49,3
Q003130,success,2026-07-31T20:51:52,3
Q003131,success,2026-07-31T20:51:56,3
Q003132,success,2026-07-31T20:51:59,3
Q003133,success,2026-07-31T20:52:04,3
Q003134,skipped_target_met,2026-07-31T20:52:07,0
Q003135,skipped_target_met,2026-07-31T20:52:07,0
Q003136,skipped_target_met,2026-07-31T20:52:07,0
Q003137,success,2026-07-31T20:52:07,3
Q003138,no_results,2026-07-31T20:52:10,0
Q003139,no_results,2026-07-31T20:52:13,0
Q003140,no_results,2026-07-31T20:52:17,0
Q003141,no_results,2026-07-31T20:52:20,0
Q003142,no_results,2026-07-31T20:52:23,0
Q003143,no_results,2026-07-31T20:52:26,0
Q003144,no_results,2026-07-31T20:52:29,0
Q003145,success,2026-07-31T20:52:32,3
Q003146,success,2026-07-31T20:52:38,3
Q003147,success,2026-07-31T20:52:41,3
Q003148,success,2026-07-31T20:52:44,3
Q003149,success,2026-07-31T20:52:47,3
Q003150,skipped_target_met,2026-07-31T20:52:50,0
Q003151,skipped_target_met,2026-07-31T20:52:50,0
Q003152,skipped_target_met,2026-07-31T20:52:50,0
Q003153,success,2026-07-31T20:52:50,3
Q003154,success,2026-07-31T20:52:53,3
Q003155,success,2026-07-31T20:52:56,3
Q003156,success,2026-07-31T20:52:59,3
Q003157,success,2026-07-31T20:53:02,3
Q003158,skipped_target_met,2026-07-31T20:53:05,0
Q003159,skipped_target_met,2026-07-31T20:53:05,0
Q003160,skipped_target_met,2026-07-31T20:53:05,0
Q003161,success,2026-07-31T20:53:05,3
Q003162,success,2026-07-31T20:53:11,3
Q003163,success,2026-07-31T20:53:14,3
Q003164,success,2026-07-31T20:53:17,3
Q003165,success,2026-07-31T20:53:20,3
Q003166,skipped_target_met,2026-07-31T20:53:23,0
Q003167,skipped_target_met,2026-07-31T20:53:23,0
Q003168,skipped_target_met,2026-07-31T20:53:23,0
Q003169,success,2026-07-31T20:53:23,3
Q003170,no_results,2026-07-31T20:53:27,0
Q003171,success,2026-07-31T20:53:30,2
Q003172,no_results,2026-07-31T20:53:37,0
Q003173,success,2026-07-31T20:53:40,1
Q003174,no_results,2026-07-31T20:53:43,0
Q003175,success,2026-07-31T20:53:46,1
Q003176,no_results,2026-07-31T20:53:50,0
Q003177,success,2026-07-31T20:53:53,3
Q003178,no_results,2026-07-31T20:53:56,0
Q003179,success,2026-07-31T20:54:02,2
Q003180,no_results,2026-07-31T20:54:05,0
Q003181,success,2026-07-31T20:54:08,3
Q003182,no_results,2026-07-31T20:54:11,0
Q003183,success,2026-07-31T20:54:15,1
Q003184,no_results,2026-07-31T20:54:18,0
